{"type": "FeatureCollection", "features": [{"type": "Feature", "geometry": {"type": "Point", "coordinates": [-76.721639, 8.136917]}, "properties": {"fid": "0", "expediente": "200-16-51-01-0247-2016", "id_captaci": "785", "profundida": "60", "tipo_conce": "Subterranea", "uso": "Agrícola", "fecha_acto": "2016-10-24T00:00:00.000", "fecha_soli": "2016-08-03T00:00:00.000", "fecha_fina": "2026-11-23T00:00:00.000", "caudal_oto": "1.38", "regimen_di": "7.5", "regimen_se": "5", "dias_seman": "5", "semanas_an": "52", "m3_a_o": "9687.6", "m3_dia": "26.54137", "nombre_cap": "Pozo finca Vayan viendo (Bahia)", "x": "-76.721639", "y": "8.136917"}}, {"type": "Feature", "geometry": {"type": "Point", "coordinates": [-76.702528, 8.127194]}, "properties": {"fid": "1", "expediente": "200-16-51-01-0001-2016", "id_captaci": "746", "profundida": "130", "tipo_conce": "Subterranea", "uso": "Riego", "fecha_acto": "2016-02-11T00:00:00.000", "fecha_soli": "2016-01-13T00:00:00.000", "fecha_fina": "2026-02-11T00:00:00.000", "caudal_oto": "21", "regimen_di": "16", "regimen_se": "7", "dias_seman": "7", "semanas_an": "16", "m3_a_o": "135475.2", "m3_dia": "371.164932", "nombre_cap": "Aguas de Uraba Turbo Pozo 4 Bocatoma", "x": "-76.702528", "y": "8.127194"}}, {"type": "Feature", "geometry": {"type": "Point", "coordinates": [-76.695686, 8.117881]}, "properties": {"fid": "2", "expediente": "200-16-51-01-0079-2016", "id_captaci": "747", "profundida": "154", "tipo_conce": "Subterranea", "uso": "Consumo Humano", "fecha_acto": "2016-04-12T00:00:00.000", "fecha_soli": "2016-03-29T00:00:00.000", "fecha_fina": "2036-04-12T00:00:00.000", "caudal_oto": "13", "regimen_di": "16", "regimen_se": "7", "dias_seman": "7", "semanas_an": "52", "m3_a_o": "272563.2", "m3_dia": "746.748493", "nombre_cap": "Aguas de Uraba Turbo Pozo 5 Mana", "x": "-76.695686", "y": "8.117881"}}, {"type": "Feature", "geometry": {"type": "Point", "coordinates": [-76.705254, 8.110997]}, "properties": {"fid": "3", "expediente": "200-16-51-01-0118-2014", "id_captaci": "734", "profundida": "140", "tipo_conce": "Subterranea", "uso": "Abastecimiento Acueducto Veredal", "fecha_acto": "2014-07-08T00:00:00.000", "fecha_soli": "2014-06-03T00:00:00.000", "fecha_fina": "2034-07-16T00:00:00.000", "caudal_oto": "26", "regimen_di": "16", "regimen_se": "7", "dias_seman": "7", "semanas_an": "52", "m3_a_o": "545126.4", "m3_dia": "1493.496986", "nombre_cap": "Aguas de Uraba Turbo Pozo 3", "x": "-76.705254", "y": "8.110997"}}, {"type": "Feature", "geometry": {"type": "Point", "coordinates": [-76.732574, 8.109466]}, "properties": {"fid": "4", "expediente": "200-16-51-01-0138-2012", "id_captaci": "PA-63", "profundida": "60", "tipo_conce": "Subterranea", "uso": "Doméstico", "fecha_acto": "2012-10-12T00:00:00.000", "fecha_soli": "2012-07-26T00:00:00.000", "fecha_fina": "2024-06-12T00:00:00.000", "caudal_oto": "0.14", "regimen_di": "1", "regimen_se": "3", "dias_seman": "3", "semanas_an": "52", "m3_a_o": "78.624", "m3_dia": "0.215408", "nombre_cap": "Subestacion de energia el Uno (EMP)", "x": "-76.732574", "y": "8.109466"}}, {"type": "Feature", "geometry": {"type": "Point", "coordinates": [-76.71025, 8.116381]}, "properties": {"fid": "5", "expediente": "200-16-51-01-0164-2014", "id_captaci": "sub_c_178", "profundida": "140", "tipo_conce": "Subterranea", "uso": "Abastecimiento Acueducto Veredal", "fecha_acto": "2014-11-20T00:00:00.000", "fecha_soli": "2014-08-13T00:00:00.000", "fecha_fina": "2034-12-01T00:00:00.000", "caudal_oto": "16", "regimen_di": "16", "regimen_se": "7", "dias_seman": "7", "semanas_an": "52", "m3_a_o": "335462.4", "m3_dia": "919.075068", "nombre_cap": "Aguas de Urabá Pozo 1 Planta de tratamiento Villa Maria,finca el roble", "x": "-76.71025", "y": "8.116381"}}, {"type": "Feature", "geometry": {"type": "Point", "coordinates": [-76.710257, 8.116409]}, "properties": {"fid": "6", "expediente": "200-16-52-01-0203-2009", "id_captaci": "682", "profundida": "214", "tipo_conce": "Subterranea", "uso": "Doméstico", "fecha_acto": "2010-04-05T00:00:00.000", "fecha_soli": "2009-01-01T00:00:00.000", "fecha_fina": "2020-05-04T00:00:00.000", "caudal_oto": "11", "regimen_di": "16", "regimen_se": "7", "dias_seman": "7", "semanas_an": "52", "m3_a_o": "230630.4", "m3_dia": "631.86411", "nombre_cap": "Aguas de Uraba Turbo pozo 2 (El Roble)", "x": "-76.710257", "y": "8.116409"}}, {"type": "Feature", "geometry": {"type": "Point", "coordinates": [-76.701336, 8.089194]}, "properties": {"fid": "7", "expediente": "200-16-51-01-0063-2010", "id_captaci": "PA-19", "profundida": "60", "tipo_conce": "Subterranea", "uso": "Industrial", "fecha_acto": "2010-05-04T00:00:00.000", "fecha_soli": "2010-03-03T00:00:00.000", "fecha_fina": "2020-05-18T00:00:00.000", "caudal_oto": "0.6", "regimen_di": "6.83", "regimen_se": "52", "dias_seman": "2.166667", "semanas_an": "16", "m3_a_o": "511.4304", "m3_dia": "1.401179", "nombre_cap": "Estación de servicio Las Garzas", "x": "-76.701336", "y": "8.089194"}}, {"type": "Feature", "geometry": {"type": "Point", "coordinates": [-76.739472, 8.074806]}, "properties": {"fid": "8", "expediente": "200-16-51-01-0296-2015", "id_captaci": "PA-73", "profundida": "60", "tipo_conce": "Subterranea", "uso": "Doméstico", "fecha_acto": "2015-12-30T00:00:00.000", "fecha_soli": "2015-10-08T00:00:00.000", "fecha_fina": "2026-02-16T00:00:00.000", "caudal_oto": "0.5", "regimen_di": "1.5", "regimen_se": "6", "dias_seman": "6", "semanas_an": "52", "m3_a_o": "842.4", "m3_dia": "2.307945", "nombre_cap": "Aljibe DIAN punta de las Vacas", "x": "-76.739472", "y": "8.074806"}}, {"type": "Feature", "geometry": {"type": "Point", "coordinates": [-76.681333, 8.087694]}, "properties": {"fid": "9", "expediente": "200-16-51-01-0345-2015", "id_captaci": "P-186", "profundida": "60", "tipo_conce": "Subterranea", "uso": "AgroIndustria", "fecha_acto": "2016-12-28T00:00:00.000", "fecha_soli": "2015-12-03T00:00:00.000", "fecha_fina": "2027-03-03T00:00:00.000", "caudal_oto": "4.6", "regimen_di": "5.5", "regimen_se": "1", "dias_seman": "1", "semanas_an": "52", "m3_a_o": "4736.16", "m3_dia": "12.975781", "nombre_cap": "La caleta pozo empacadora", "x": "-76.681333", "y": "8.087694"}}, {"type": "Feature", "geometry": {"type": "Point", "coordinates": [-76.677621, 8.034188]}, "properties": {"fid": "10", "expediente": "200-16-51-01-0111-2012", "id_captaci": "365", "profundida": "90", "tipo_conce": "Subterranea", "uso": "AgroIndustria", "fecha_acto": "2012-12-04T00:00:00.000", "fecha_soli": "2012-06-28T00:00:00.000", "fecha_fina": "2022-12-27T00:00:00.000", "caudal_oto": "2.36", "regimen_di": "6.65", "regimen_se": "6", "dias_seman": "6", "semanas_an": "52", "m3_a_o": "17627.5008", "m3_dia": "48.294523", "nombre_cap": "Finca Monterrey III", "x": "-76.677621", "y": "8.034188"}}, {"type": "Feature", "geometry": {"type": "Point", "coordinates": [-76.677621, 8.034188]}, "properties": {"fid": "11", "expediente": "200-16-51-01-0112-2012", "id_captaci": "267", "profundida": "144", "tipo_conce": "Subterranea", "uso": "AgroIndustria", "fecha_acto": "2012-12-04T00:00:00.000", "fecha_soli": "2012-06-28T00:00:00.000", "fecha_fina": "2022-12-27T00:00:00.000", "caudal_oto": "7.27", "regimen_di": "1", "regimen_se": "5", "dias_seman": "5", "semanas_an": "52", "m3_a_o": "6804.72", "m3_dia": "18.643068", "nombre_cap": "Finca Monterrey III", "x": "-76.677621", "y": "8.034188"}}, {"type": "Feature", "geometry": {"type": "Point", "coordinates": [-76.654033, 8.052944]}, "properties": {"fid": "12", "expediente": "200-16-51-01-0222-2011", "id_captaci": "PA-61", "profundida": "60", "tipo_conce": "Subterranea", "uso": "Doméstico", "fecha_acto": "2012-11-20T00:00:00.000", "fecha_soli": "2011-12-12T00:00:00.000", "fecha_fina": "2023-05-21T00:00:00.000", "caudal_oto": "1.5", "regimen_di": "0.4", "regimen_se": "1", "dias_seman": "1", "semanas_an": "52", "m3_a_o": "112.32", "m3_dia": "0.307726", "nombre_cap": "Pozo Subestación de Energía Urabá (El Tres)", "x": "-76.654033", "y": "8.052944"}}, {"type": "Feature", "geometry": {"type": "Point", "coordinates": [-76.651058, 8.043746]}, "properties": {"fid": "13", "expediente": "200-16-51-01-0236-2014", "id_captaci": "681", "profundida": "60", "tipo_conce": "Subterranea", "uso": "Pecuario", "fecha_acto": "2015-02-26T00:00:00.000", "fecha_soli": "2014-12-03T00:00:00.000", "fecha_fina": "2025-03-26T00:00:00.000", "caudal_oto": "1.9", "regimen_di": "2", "regimen_se": "4", "dias_seman": "4", "semanas_an": "52", "m3_a_o": "2845.44", "m3_dia": "7.795726", "nombre_cap": "Granja Veracruz", "x": "-76.651058", "y": "8.043746"}}, {"type": "Feature", "geometry": {"type": "Point", "coordinates": [-76.702503, 8.004718]}, "properties": {"fid": "14", "expediente": "16-01-02-0039-2005", "id_captaci": "272", "profundida": "110", "tipo_conce": "Subterranea", "uso": "Agrícola", "fecha_acto": "2012-05-02T00:00:00.000", "fecha_soli": "2005-01-01T00:00:00.000", "fecha_fina": "2022-05-02T00:00:00.000", "caudal_oto": "2.5", "regimen_di": "2", "regimen_se": "3", "dias_seman": "3", "semanas_an": "52", "m3_a_o": "2808", "m3_dia": "7.693151", "nombre_cap": "Finca Oro Verde", "x": "-76.702503", "y": "8.004718"}}, {"type": "Feature", "geometry": {"type": "Point", "coordinates": [-76.670378, 8.019172]}, "properties": {"fid": "15", "expediente": "200-16-51-01-0110-2012", "id_captaci": "265", "profundida": "150", "tipo_conce": "Subterranea", "uso": "Agrícola", "fecha_acto": "2012-12-04T00:00:00.000", "fecha_soli": "2012-06-28T00:00:00.000", "fecha_fina": "2022-12-27T00:00:00.000", "caudal_oto": "17", "regimen_di": "3", "regimen_se": "5", "dias_seman": "5", "semanas_an": "52", "m3_a_o": "47736", "m3_dia": "130.783562", "nombre_cap": "Finca Monterrey I", "x": "-76.670378", "y": "8.019172"}}, {"type": "Feature", "geometry": {"type": "Point", "coordinates": [-76.670378, 8.019172]}, "properties": {"fid": "16", "expediente": "200-16-51-01-0110-2012", "id_captaci": "265", "profundida": "150", "tipo_conce": "Subterranea", "uso": "AgroIndustria", "fecha_acto": "2012-12-04T00:00:00.000", "fecha_soli": "2012-06-28T00:00:00.000", "fecha_fina": "2022-12-27T00:00:00.000", "caudal_oto": "9.9", "regimen_di": "3", "regimen_se": "5", "dias_seman": "5", "semanas_an": "52", "m3_a_o": "27799.2", "m3_dia": "76.162192", "nombre_cap": "Finca Monterrey I", "x": "-76.670378", "y": "8.019172"}}, {"type": "Feature", "geometry": {"type": "Point", "coordinates": [-76.652246, 8.009569]}, "properties": {"fid": "17", "expediente": "200-16-51-01-0111-2012", "id_captaci": "365", "profundida": "90", "tipo_conce": "Subterranea", "uso": "Agrícola", "fecha_acto": "2012-12-04T00:00:00.000", "fecha_soli": "2012-06-28T00:00:00.000", "fecha_fina": "2022-12-27T00:00:00.000", "caudal_oto": "7.27", "regimen_di": "1", "regimen_se": "5", "dias_seman": "5", "semanas_an": "52", "m3_a_o": "6804.72", "m3_dia": "18.643068", "nombre_cap": "Finca Monterrey II", "x": "-76.652246", "y": "8.009569"}}, {"type": "Feature", "geometry": {"type": "Point", "coordinates": [-76.712201, 8.013298]}, "properties": {"fid": "18", "expediente": "200-16-51-01-0112-2018", "id_captaci": "636", "profundida": "80", "tipo_conce": "Subterranea", "uso": "Agrícola", "fecha_acto": "2018-06-05T00:00:00.000", "fecha_soli": "2018-05-09T00:00:00.000", "fecha_fina": "2028-06-07T00:00:00.000", "caudal_oto": "9", "regimen_di": "4.5", "regimen_se": "1", "dias_seman": "1", "semanas_an": "52", "m3_a_o": "7581.6", "m3_dia": "20.771507", "nombre_cap": "Finca Panorama", "x": "-76.712201", "y": "8.013298"}}, {"type": "Feature", "geometry": {"type": "Point", "coordinates": [-76.691433, 8.009337]}, "properties": {"fid": "19", "expediente": "200-16-51-01-0182-2018", "id_captaci": "293", "profundida": "130", "tipo_conce": "Subterranea", "uso": "Agrícola", "fecha_acto": "2018-10-11T00:00:00.000", "fecha_soli": "2018-07-18T00:00:00.000", "fecha_fina": "2028-11-30T00:00:00.000", "caudal_oto": "3.06", "regimen_di": "3.25", "regimen_se": "3", "dias_seman": "3", "semanas_an": "52", "m3_a_o": "5585.112", "m3_dia": "15.301677", "nombre_cap": "Finca Venturosa", "x": "-76.691433", "y": "8.009337"}}, {"type": "Feature", "geometry": {"type": "Point", "coordinates": [-76.659422, 8.000444]}, "properties": {"fid": "20", "expediente": "200-16-51-01-0186-2015", "id_captaci": "225", "profundida": "95", "tipo_conce": "Subterranea", "uso": "Riego", "fecha_acto": "2015-10-07T00:00:00.000", "fecha_soli": "2015-06-23T00:00:00.000", "fecha_fina": "2025-10-23T00:00:00.000", "caudal_oto": "2.5", "regimen_di": "2", "regimen_se": "13.5", "dias_seman": "0.5625", "semanas_an": "52", "m3_a_o": "526.5", "m3_dia": "1.442466", "nombre_cap": "Finca Chambacu ahora El Paraiso Turbo", "x": "-76.659422", "y": "8.000444"}}, {"type": "Feature", "geometry": {"type": "Point", "coordinates": [-76.715423, 8.001556]}, "properties": {"fid": "21", "expediente": "200-16-51-01-0187-2013", "id_captaci": "698", "profundida": "106", "tipo_conce": "Subterranea", "uso": "Agroindustria", "fecha_acto": "2013-12-30T00:00:00.000", "fecha_soli": "2013-09-03T00:00:00.000", "fecha_fina": "2024-06-03T00:00:00.000", "caudal_oto": "4.68", "regimen_di": "2.65", "regimen_se": "6", "dias_seman": "6", "semanas_an": "52", "m3_a_o": "13929.9264", "m3_dia": "38.164182", "nombre_cap": "Finca Samarkanda pozo 2", "x": "-76.715423", "y": "8.001556"}}, {"type": "Feature", "geometry": {"type": "Point", "coordinates": [-76.693349, 7.99668]}, "properties": {"fid": "22", "expediente": "200-16-51-01-0237-2016", "id_captaci": "217", "profundida": "110", "tipo_conce": "Subterranea", "uso": "Agrícola", "fecha_acto": "2016-10-27T00:00:00.000", "fecha_soli": "2016-08-02T00:00:00.000", "fecha_fina": "2026-11-10T00:00:00.000", "caudal_oto": "2.25", "regimen_di": "8.5", "regimen_se": "2", "dias_seman": "2", "semanas_an": "52", "m3_a_o": "7160.4", "m3_dia": "19.617534", "nombre_cap": "Pozo profundo FINCA BANALINDA", "x": "-76.693349", "y": "7.99668"}}, {"type": "Feature", "geometry": {"type": "Point", "coordinates": [-76.698005, 8.004361]}, "properties": {"fid": "23", "expediente": "200-16-51-01-0301-2010", "id_captaci": "295", "profundida": "110", "tipo_conce": "Subterranea", "uso": "AgroIndustria", "fecha_acto": "2011-05-02T00:00:00.000", "fecha_soli": "2010-10-08T00:00:00.000", "fecha_fina": "2021-05-09T00:00:00.000", "caudal_oto": "3", "regimen_di": "2", "regimen_se": "4", "dias_seman": "4", "semanas_an": "52", "m3_a_o": "4492.8", "m3_dia": "12.309041", "nombre_cap": "Finca Villa Clemencia", "x": "-76.698005", "y": "8.004361"}}, {"type": "Feature", "geometry": {"type": "Point", "coordinates": [-76.711572, 8.007366]}, "properties": {"fid": "24", "expediente": "200-16-51-01-0321-2015", "id_captaci": "606", "profundida": "102", "tipo_conce": "Subterranea", "uso": "AgroIndustria", "fecha_acto": "2016-02-08T00:00:00.000", "fecha_soli": "2015-11-18T00:00:00.000", "fecha_fina": "2026-02-22T00:00:00.000", "caudal_oto": "6.5", "regimen_di": "4.5", "regimen_se": "1", "dias_seman": "1", "semanas_an": "52", "m3_a_o": "5475.6", "m3_dia": "15.001644", "nombre_cap": "Finca Las Cuñadas Pozo 1", "x": "-76.711572", "y": "8.007366"}}, {"type": "Feature", "geometry": {"type": "Point", "coordinates": [-76.616278, 8.006583]}, "properties": {"fid": "25", "expediente": "200-16-51-01-0346-2015", "id_captaci": "sub_c_159", "profundida": "60", "tipo_conce": "Subterranea", "uso": "Pecuario", "fecha_acto": "2019-09-03T00:00:00.000", "fecha_soli": "2015-12-04T00:00:00.000", "fecha_fina": "2029-09-05T00:00:00.000", "caudal_oto": "2", "regimen_di": "3.13", "regimen_se": "4", "dias_seman": "4", "semanas_an": "52", "m3_a_o": "4687.488", "m3_dia": "12.842433", "nombre_cap": "POZO PROFUNDO matricula 034-25596", "x": "-76.616278", "y": "8.006583"}}, {"type": "Feature", "geometry": {"type": "Point", "coordinates": [-76.688638, 7.991251]}, "properties": {"fid": "26", "expediente": "200-16-51-01-0361-2016", "id_captaci": "285", "profundida": "70", "tipo_conce": "Subterranea", "uso": "Industrial", "fecha_acto": "2017-03-08T00:00:00.000", "fecha_soli": "2016-12-16T00:00:00.000", "fecha_fina": "2027-03-15T00:00:00.000", "caudal_oto": "5.5", "regimen_di": "1.5", "regimen_se": "1", "dias_seman": "1", "semanas_an": "52", "m3_a_o": "1544.4", "m3_dia": "4.231233", "nombre_cap": "Finca San Andres", "x": "-76.688638", "y": "7.991251"}}, {"type": "Feature", "geometry": {"type": "Point", "coordinates": [-76.641368, 8.020218]}, "properties": {"fid": "27", "expediente": "200-16-51-05-0398-2010", "id_captaci": "259", "profundida": "48", "tipo_conce": "Subterranea", "uso": "Riego", "fecha_acto": "2011-10-18T00:00:00.000", "fecha_soli": "2010-12-23T00:00:00.000", "fecha_fina": "2021-10-18T00:00:00.000", "caudal_oto": "6.46", "regimen_di": "6", "regimen_se": "6", "dias_seman": "6", "semanas_an": "52", "m3_a_o": "43535.232", "m3_dia": "119.274608", "nombre_cap": "Matadero Regional Emaru Pozo 1 (Frigouraba)", "x": "-76.641368", "y": "8.020218"}}, {"type": "Feature", "geometry": {"type": "Point", "coordinates": [-76.639571, 7.961581]}, "properties": {"fid": "28", "expediente": "16-01-02-0542-2008", "id_captaci": "244", "profundida": "170", "tipo_conce": "Subterranea", "uso": "Agrícola", "fecha_acto": "2011-09-07T00:00:00.000", "fecha_soli": "2008-01-01T00:00:00.000", "fecha_fina": "2021-09-07T00:00:00.000", "caudal_oto": "3.8", "regimen_di": "4", "regimen_se": "5", "dias_seman": "5", "semanas_an": "52", "m3_a_o": "14227.2", "m3_dia": "38.97863", "nombre_cap": "Finca Manzana", "x": "-76.639571", "y": "7.961581"}}, {"type": "Feature", "geometry": {"type": "Point", "coordinates": [-76.634041, 7.984504]}, "properties": {"fid": "29", "expediente": "16-01-02-0543-2008", "id_captaci": "222", "profundida": "60", "tipo_conce": "Subterranea", "uso": "Agrícola", "fecha_acto": "2019-12-27T00:00:00.000", "fecha_soli": "2008-01-01T00:00:00.000", "fecha_fina": "2021-12-05T00:00:00.000", "caudal_oto": "3.3", "regimen_di": "3", "regimen_se": "5", "dias_seman": "5", "semanas_an": "52", "m3_a_o": "9266.4", "m3_dia": "25.387397", "nombre_cap": "Pozo 2 Finca Cafetal", "x": "-76.634041", "y": "7.984504"}}, {"type": "Feature", "geometry": {"type": "Point", "coordinates": [-76.699637, 7.965582]}, "properties": {"fid": "30", "expediente": "16-01-02-0546-2008", "id_captaci": "280", "profundida": "93", "tipo_conce": "Subterranea", "uso": "Agrícola", "fecha_acto": "2011-09-15T00:00:00.000", "fecha_soli": "1997-01-01T00:00:00.000", "fecha_fina": "2021-09-15T00:00:00.000", "caudal_oto": "2.6", "regimen_di": "3", "regimen_se": "4", "dias_seman": "4", "semanas_an": "52", "m3_a_o": "5840.64", "m3_dia": "16.001753", "nombre_cap": "Finca Rita Maria", "x": "-76.699637", "y": "7.965582"}}, {"type": "Feature", "geometry": {"type": "Point", "coordinates": [-76.691462, 7.978595]}, "properties": {"fid": "31", "expediente": "16-01-02-0547-2008", "id_captaci": "255", "profundida": "120", "tipo_conce": "Subterranea", "uso": "Agrícola", "fecha_acto": "2011-09-26T00:00:00.000", "fecha_soli": "2008-01-01T00:00:00.000", "fecha_fina": "2021-09-26T00:00:00.000", "caudal_oto": "4", "regimen_di": "3", "regimen_se": "5", "dias_seman": "5", "semanas_an": "52", "m3_a_o": "11232", "m3_dia": "30.772603", "nombre_cap": "Finca La Magdalena", "x": "-76.691462", "y": "7.978595"}}, {"type": "Feature", "geometry": {"type": "Point", "coordinates": [-76.673907, 7.963948]}, "properties": {"fid": "32", "expediente": "16-01-02-0549-2008", "id_captaci": "275", "profundida": "137.2", "tipo_conce": "Subterranea", "uso": "Agrícola", "fecha_acto": "2011-08-12T00:00:00.000", "fecha_soli": "2008-01-01T00:00:00.000", "fecha_fina": "2021-08-12T00:00:00.000", "caudal_oto": "2.6", "regimen_di": "3", "regimen_se": "4", "dias_seman": "4", "semanas_an": "52", "m3_a_o": "5840.64", "m3_dia": "16.001753", "nombre_cap": "Finca Rancho Amelia Pozo 2", "x": "-76.673907", "y": "7.963948"}}, {"type": "Feature", "geometry": {"type": "Point", "coordinates": [-76.659134, 7.980643]}, "properties": {"fid": "33", "expediente": "200-16-51-01-0007-2018", "id_captaci": "359", "profundida": "124", "tipo_conce": "Subterranea", "uso": "Agrícola", "fecha_acto": "2018-03-15T00:00:00.000", "fecha_soli": "2018-02-09T00:00:00.000", "fecha_fina": "2028-04-18T00:00:00.000", "caudal_oto": "4.6", "regimen_di": "2.65", "regimen_se": "3", "dias_seman": "3", "semanas_an": "52", "m3_a_o": "6845.904", "m3_dia": "18.755901", "nombre_cap": "Finca La Toyosa", "x": "-76.659134", "y": "7.980643"}}, {"type": "Feature", "geometry": {"type": "Point", "coordinates": [-76.648161, 7.97036]}, "properties": {"fid": "34", "expediente": "200-16-51-01-0028-2016", "id_captaci": "303", "profundida": "150", "tipo_conce": "Subterranea", "uso": "Industrial", "fecha_acto": "2016-04-12T00:00:00.000", "fecha_soli": "2016-02-04T00:00:00.000", "fecha_fina": "2026-05-05T00:00:00.000", "caudal_oto": "3.3", "regimen_di": "4", "regimen_se": "5", "dias_seman": "5", "semanas_an": "52", "m3_a_o": "12355.2", "m3_dia": "33.849863", "nombre_cap": "Finca Zumbadora", "x": "-76.648161", "y": "7.97036"}}, {"type": "Feature", "geometry": {"type": "Point", "coordinates": [-76.686117, 7.990498]}, "properties": {"fid": "35", "expediente": "200-16-51-01-0101-2012", "id_captaci": "269", "profundida": "85", "tipo_conce": "Subterranea", "uso": "Agrícola", "fecha_acto": "2013-02-11T00:00:00.000", "fecha_soli": "2012-06-15T00:00:00.000", "fecha_fina": "2023-03-05T00:00:00.000", "caudal_oto": "2.2", "regimen_di": "2", "regimen_se": "4", "dias_seman": "4", "semanas_an": "52", "m3_a_o": "3294.72", "m3_dia": "9.02663", "nombre_cap": "Finca Cantares (antes nacedero)", "x": "-76.686117", "y": "7.990498"}}, {"type": "Feature", "geometry": {"type": "Point", "coordinates": [-76.673464, 7.97233]}, "properties": {"fid": "36", "expediente": "200-16-51-01-0102-2012", "id_captaci": "264", "profundida": "104", "tipo_conce": "Subterranea", "uso": "AgroIndustria", "fecha_acto": "2013-02-19T00:00:00.000", "fecha_soli": "2012-06-20T00:00:00.000", "fecha_fina": "2023-03-05T00:00:00.000", "caudal_oto": "5", "regimen_di": "4", "regimen_se": "4", "dias_seman": "4", "semanas_an": "52", "m3_a_o": "14976", "m3_dia": "41.030137", "nombre_cap": "Finca Mi Tierra/Santa Barbara", "x": "-76.673464", "y": "7.97233"}}, {"type": "Feature", "geometry": {"type": "Point", "coordinates": [-76.677363, 7.982894]}, "properties": {"fid": "37", "expediente": "200-16-51-01-0181-2018", "id_captaci": "302", "profundida": "118", "tipo_conce": "Subterranea", "uso": "Agrícola", "fecha_acto": "2018-10-11T00:00:00.000", "fecha_soli": "2018-07-18T00:00:00.000", "fecha_fina": "2028-11-30T00:00:00.000", "caudal_oto": "3.9", "regimen_di": "3.35", "regimen_se": "5", "dias_seman": "5", "semanas_an": "52", "m3_a_o": "12228.84", "m3_dia": "33.503671", "nombre_cap": "Finca Madrigal Pozo 2", "x": "-76.677363", "y": "7.982894"}}, {"type": "Feature", "geometry": {"type": "Point", "coordinates": [-76.634041, 7.984504]}, "properties": {"fid": "38", "expediente": "200-16-51-01-0184-2018", "id_captaci": "222", "profundida": "60", "tipo_conce": "Subterranea", "uso": "Agrícola", "fecha_acto": "2018-10-02T00:00:00.000", "fecha_soli": "2018-07-18T00:00:00.000", "fecha_fina": "2028-10-16T00:00:00.000", "caudal_oto": "7.1", "regimen_di": "6.1", "regimen_se": "2", "dias_seman": "2", "semanas_an": "52", "m3_a_o": "16215.264", "m3_dia": "44.425381", "nombre_cap": "Pozo 2 Finca Cafetal", "x": "-76.634041", "y": "7.984504"}}, {"type": "Feature", "geometry": {"type": "Point", "coordinates": [-76.647523, 7.972973]}, "properties": {"fid": "39", "expediente": "200-16-51-01-0263-2016", "id_captaci": "226", "profundida": "96", "tipo_conce": "Subterranea", "uso": "Agrícola", "fecha_acto": "2016-10-27T00:00:00.000", "fecha_soli": "2016-08-29T00:00:00.000", "fecha_fina": "2026-11-03T00:00:00.000", "caudal_oto": "4.58", "regimen_di": "6", "regimen_se": "1.2", "dias_seman": "1.2", "semanas_an": "52", "m3_a_o": "6173.1072", "m3_dia": "16.912622", "nombre_cap": "Finca Cibeles", "x": "-76.647523", "y": "7.972973"}}, {"type": "Feature", "geometry": {"type": "Point", "coordinates": [-76.687933, 7.969459]}, "properties": {"fid": "40", "expediente": "200-16-51-01-0270-2017", "id_captaci": "308", "profundida": "120", "tipo_conce": "Subterranea", "uso": "Riego", "fecha_acto": "2017-11-03T00:00:00.000", "fecha_soli": "2017-09-21T00:00:00.000", "fecha_fina": "2027-11-10T00:00:00.000", "caudal_oto": "3.65", "regimen_di": "3.7", "regimen_se": "4", "dias_seman": "4", "semanas_an": "52", "m3_a_o": "10112.544", "m3_dia": "27.7056", "nombre_cap": "Finca Antares", "x": "-76.687933", "y": "7.969459"}}, {"type": "Feature", "geometry": {"type": "Point", "coordinates": [-76.694306, 7.961602]}, "properties": {"fid": "41", "expediente": "200-16-51-01-0305-2015", "id_captaci": "744", "profundida": "148", "tipo_conce": "Subterranea", "uso": "Agrícola", "fecha_acto": "2016-05-24T00:00:00.000", "fecha_soli": "2015-10-21T00:00:00.000", "fecha_fina": "2036-05-24T00:00:00.000", "caudal_oto": "3.5", "regimen_di": "10", "regimen_se": "3", "dias_seman": "3", "semanas_an": "52", "m3_a_o": "19656", "m3_dia": "53.852055", "nombre_cap": "Finca Las Niñas", "x": "-76.694306", "y": "7.961602"}}, {"type": "Feature", "geometry": {"type": "Point", "coordinates": [-76.694306, 7.961602]}, "properties": {"fid": "42", "expediente": "200-16-51-01-0305-2015", "id_captaci": "744", "profundida": "148", "tipo_conce": "Subterranea", "uso": "Agrícola", "fecha_acto": "2016-05-24T00:00:00.000", "fecha_soli": "2015-10-21T00:00:00.000", "fecha_fina": "2036-05-24T00:00:00.000", "caudal_oto": "6.5", "regimen_di": "4.5", "regimen_se": "1", "dias_seman": "1", "semanas_an": "52", "m3_a_o": "5475.6", "m3_dia": "15.001644", "nombre_cap": "Finca Las Niñas", "x": "-76.694306", "y": "7.961602"}}, {"type": "Feature", "geometry": {"type": "Point", "coordinates": [-76.631697, 7.988552]}, "properties": {"fid": "43", "expediente": "200-16-51-01-0323-2017", "id_captaci": "491", "profundida": "120", "tipo_conce": "Subterranea", "uso": "Doméstico", "fecha_acto": "2018-04-09T00:00:00.000", "fecha_soli": "2017-11-11T00:00:00.000", "fecha_fina": "2028-04-09T00:00:00.000", "caudal_oto": "14.49", "regimen_di": "1.44", "regimen_se": "2", "dias_seman": "2", "semanas_an": "16", "m3_a_o": "2403.71712", "m3_dia": "6.585526", "nombre_cap": "Finca Renacer Pozo 2", "x": "-76.631697", "y": "7.988552"}}, {"type": "Feature", "geometry": {"type": "Point", "coordinates": [-76.63825, 7.985806]}, "properties": {"fid": "44", "expediente": "200-16-51-01-0327-2018", "id_captaci": "P-118", "profundida": "60", "tipo_conce": "Subterranea", "uso": "Agrícola", "fecha_acto": "2019-03-20T00:00:00.000", "fecha_soli": "2018-11-23T00:00:00.000", "fecha_fina": "2029-03-26T00:00:00.000", "caudal_oto": "7.6", "regimen_di": "2.28", "regimen_se": "4", "dias_seman": "4", "semanas_an": "52", "m3_a_o": "12975.2064", "m3_dia": "35.548511", "nombre_cap": "Pozo profundo FINCA TARENA, Pradomar", "x": "-76.63825", "y": "7.985806"}}, {"type": "Feature", "geometry": {"type": "Point", "coordinates": [-76.724563, 7.984864]}, "properties": {"fid": "45", "expediente": "200-16-51-01-0408-2010", "id_captaci": "460", "profundida": "60", "tipo_conce": "Subterranea", "uso": "Industrial", "fecha_acto": "2011-11-03T00:00:00.000", "fecha_soli": "2010-12-30T00:00:00.000", "fecha_fina": "2021-11-28T00:00:00.000", "caudal_oto": "2.5", "regimen_di": "3", "regimen_se": "5", "dias_seman": "5", "semanas_an": "52", "m3_a_o": "7020", "m3_dia": "19.232877", "nombre_cap": "Finca Agromar", "x": "-76.724563", "y": "7.984864"}}, {"type": "Feature", "geometry": {"type": "Point", "coordinates": [-76.695591, 7.957441]}, "properties": {"fid": "46", "expediente": "200-16-51-01-0305-2015D", "id_captaci": "122", "profundida": "99", "tipo_conce": "Subterranea", "uso": "Agrícola", "fecha_acto": "2015-12-09T00:00:00.000", "fecha_soli": "2015-10-22T00:00:00.000", "fecha_fina": "2025-12-14T00:00:00.000", "caudal_oto": "6.5", "regimen_di": "4.5", "regimen_se": "1", "dias_seman": "1", "semanas_an": "52", "m3_a_o": "5475.6", "m3_dia": "15.001644", "nombre_cap": "Finca Caruba", "x": "-76.695591", "y": "7.957441"}}, {"type": "Feature", "geometry": {"type": "Point", "coordinates": [-76.714994, 7.932955]}, "properties": {"fid": "47", "expediente": "030611-2003", "id_captaci": "453", "profundida": "115", "tipo_conce": "Subterranea", "uso": "Doméstico", "fecha_acto": "2004-02-04T00:00:00.000", "fecha_soli": "2003-01-01T00:00:00.000", "fecha_fina": "2024-02-04T00:00:00.000", "caudal_oto": "2.3", "regimen_di": "10", "regimen_se": "1", "dias_seman": "1", "semanas_an": "52", "m3_a_o": "4305.6", "m3_dia": "11.796164", "nombre_cap": "Uniban Casino Nueva Colonia Pozo 2", "x": "-76.714994", "y": "7.932955"}}, {"type": "Feature", "geometry": {"type": "Point", "coordinates": [-76.696323, 7.940588]}, "properties": {"fid": "48", "expediente": "16-01-02-0381-2008", "id_captaci": "677", "profundida": "75", "tipo_conce": "Subterranea", "uso": "Agrícola", "fecha_acto": "2016-08-11T00:00:00.000", "fecha_soli": "2008-01-01T00:00:00.000", "fecha_fina": "2026-08-11T00:00:00.000", "caudal_oto": "4.8", "regimen_di": "6.5", "regimen_se": "2", "dias_seman": "2", "semanas_an": "52", "m3_a_o": "11681.28", "m3_dia": "32.003507", "nombre_cap": "Pista Indira", "x": "-76.696323", "y": "7.940588"}}, {"type": "Feature", "geometry": {"type": "Point", "coordinates": [-76.685049, 7.950831]}, "properties": {"fid": "49", "expediente": "16-01-02-0545-2008", "id_captaci": "288", "profundida": "102", "tipo_conce": "Subterranea", "uso": "Agrícola", "fecha_acto": "2012-01-17T00:00:00.000", "fecha_soli": "2008-01-01T00:00:00.000", "fecha_fina": "2022-01-17T00:00:00.000", "caudal_oto": "3.3", "regimen_di": "4", "regimen_se": "4", "dias_seman": "4", "semanas_an": "52", "m3_a_o": "9884.16", "m3_dia": "27.07989", "nombre_cap": "Finca Taparto", "x": "-76.685049", "y": "7.950831"}}, {"type": "Feature", "geometry": {"type": "Point", "coordinates": [-76.667833, 7.942083]}, "properties": {"fid": "50", "expediente": "200-16-51-01-0018-2017", "id_captaci": "PA-74", "profundida": "60", "tipo_conce": "Subterranea", "uso": "Doméstico", "fecha_acto": "2017-04-20T00:00:00.000", "fecha_soli": "2017-02-17T00:00:00.000", "fecha_fina": "2027-05-18T00:00:00.000", "caudal_oto": "4", "regimen_di": "0.5", "regimen_se": "4", "dias_seman": "4", "semanas_an": "52", "m3_a_o": "1497.6", "m3_dia": "4.103014", "nombre_cap": "Finca Costa Rica pozo artesanal", "x": "-76.667833", "y": "7.942083"}}, {"type": "Feature", "geometry": {"type": "Point", "coordinates": [-76.627001, 7.928104]}, "properties": {"fid": "51", "expediente": "200-16-51-01-0033-2018", "id_captaci": "282", "profundida": "92", "tipo_conce": "Subterranea", "uso": "Riego", "fecha_acto": "2018-04-13T00:00:00.000", "fecha_soli": "2018-02-21T00:00:00.000", "fecha_fina": "2028-04-18T00:00:00.000", "caudal_oto": "3.5", "regimen_di": "7", "regimen_se": "1", "dias_seman": "1", "semanas_an": "52", "m3_a_o": "4586.4", "m3_dia": "12.565479", "nombre_cap": "Finca Rio Grande", "x": "-76.627001", "y": "7.928104"}}, {"type": "Feature", "geometry": {"type": "Point", "coordinates": [-76.624879, 7.936836]}, "properties": {"fid": "52", "expediente": "200-16-51-01-0036-2018", "id_captaci": "220", "profundida": "141", "tipo_conce": "Subterranea", "uso": "Agrícola", "fecha_acto": "2018-04-13T00:00:00.000", "fecha_soli": "2018-02-21T00:00:00.000", "fecha_fina": "2028-04-18T00:00:00.000", "caudal_oto": "4", "regimen_di": "6", "regimen_se": "12", "dias_seman": "0.5", "semanas_an": "52", "m3_a_o": "2246.4", "m3_dia": "6.154521", "nombre_cap": "Finca Bodegas", "x": "-76.624879", "y": "7.936836"}}, {"type": "Feature", "geometry": {"type": "Point", "coordinates": [-76.671048, 7.938719]}, "properties": {"fid": "53", "expediente": "200-16-51-01-0038-2017", "id_captaci": "490", "profundida": "138", "tipo_conce": "Subterranea", "uso": "Riego", "fecha_acto": "2017-04-28T00:00:00.000", "fecha_soli": "2017-03-02T00:00:00.000", "fecha_fina": "2027-04-28T00:00:00.000", "caudal_oto": "17", "regimen_di": "16", "regimen_se": "7", "dias_seman": "7", "semanas_an": "16", "m3_a_o": "109670.4", "m3_dia": "300.466849", "nombre_cap": "Finca Ucrania Pozo 2", "x": "-76.671048", "y": "7.938719"}}, {"type": "Feature", "geometry": {"type": "Point", "coordinates": [-76.694041, 7.936191]}, "properties": {"fid": "54", "expediente": "200-16-51-01-0051-2016", "id_captaci": "145", "profundida": "90", "tipo_conce": "Subterranea", "uso": "Agrícola", "fecha_acto": "2016-08-11T00:00:00.000", "fecha_soli": "2016-02-29T00:00:00.000", "fecha_fina": "2025-08-18T00:00:00.000", "caudal_oto": "4.8", "regimen_di": "6.5", "regimen_se": "2", "dias_seman": "2", "semanas_an": "52", "m3_a_o": "11681.28", "m3_dia": "32.003507", "nombre_cap": "Finca Indira", "x": "-76.694041", "y": "7.936191"}}, {"type": "Feature", "geometry": {"type": "Point", "coordinates": [-76.637599, 7.923666]}, "properties": {"fid": "55", "expediente": "200-16-51-01-0059-2018", "id_captaci": "526", "profundida": "70", "tipo_conce": "Subterranea", "uso": "Riego", "fecha_acto": "2018-08-02T00:00:00.000", "fecha_soli": "2018-03-05T00:00:00.000", "fecha_fina": "2028-08-09T00:00:00.000", "caudal_oto": "45", "regimen_di": "16", "regimen_se": "7", "dias_seman": "7", "semanas_an": "16", "m3_a_o": "290304", "m3_dia": "795.353425", "nombre_cap": "Finca Providencia Pozo 2 (cultivos Santa Cruz)", "x": "-76.637599", "y": "7.923666"}}, {"type": "Feature", "geometry": {"type": "Point", "coordinates": [-76.71083, 7.924633]}, "properties": {"fid": "56", "expediente": "200-16-51-01-0065-2012", "id_captaci": "357", "profundida": "90", "tipo_conce": "Subterranea", "uso": "Industrial", "fecha_acto": "2012-11-24T00:00:00.000", "fecha_soli": "2012-04-17T00:00:00.000", "fecha_fina": "2023-01-04T00:00:00.000", "caudal_oto": "5", "regimen_di": "1.12", "regimen_se": "2", "dias_seman": "2", "semanas_an": "52", "m3_a_o": "2096.64", "m3_dia": "5.744219", "nombre_cap": "Finca Guadalupe (Nueva Colonia)", "x": "-76.71083", "y": "7.924633"}}, {"type": "Feature", "geometry": {"type": "Point", "coordinates": [-76.62212, 7.921941]}, "properties": {"fid": "57", "expediente": "200-16-51-01-0106-2017", "id_captaci": "360", "profundida": "90", "tipo_conce": "Subterranea", "uso": "Agrícola", "fecha_acto": "2017-07-14T00:00:00.000", "fecha_soli": "2017-05-23T00:00:00.000", "fecha_fina": "2027-07-31T00:00:00.000", "caudal_oto": "3.6", "regimen_di": "3.9", "regimen_se": "3", "dias_seman": "3", "semanas_an": "52", "m3_a_o": "7884.864", "m3_dia": "21.602367", "nombre_cap": "Finca Esmeralda", "x": "-76.62212", "y": "7.921941"}}, {"type": "Feature", "geometry": {"type": "Point", "coordinates": [-76.663022, 7.947391]}, "properties": {"fid": "58", "expediente": "200-16-51-01-0132-2018", "id_captaci": "92", "profundida": "150", "tipo_conce": "Subterranea", "uso": "Riego", "fecha_acto": "2018-10-02T00:00:00.000", "fecha_soli": "2018-05-31T00:00:00.000", "fecha_fina": "2022-11-30T00:00:00.000", "caudal_oto": "25", "regimen_di": "16", "regimen_se": "7", "dias_seman": "7", "semanas_an": "16", "m3_a_o": "161280", "m3_dia": "441.863014", "nombre_cap": "Finca La Revancha pozo 3", "x": "-76.663022", "y": "7.947391"}}, {"type": "Feature", "geometry": {"type": "Point", "coordinates": [-76.645861, 7.948056]}, "properties": {"fid": "59", "expediente": "200-16-51-01-0133-2018", "id_captaci": "P-162", "profundida": "140", "tipo_conce": "Subterranea", "uso": "riego", "fecha_acto": "2018-07-16T00:00:00.000", "fecha_soli": "2018-05-31T00:00:00.000", "fecha_fina": "2028-07-30T00:00:00.000", "caudal_oto": "22.5", "regimen_di": "16", "regimen_se": "7", "dias_seman": "7", "semanas_an": "16", "m3_a_o": "145152", "m3_dia": "397.676712", "nombre_cap": "Palomas pozo 3 riego", "x": "-76.645861", "y": "7.948056"}}, {"type": "Feature", "geometry": {"type": "Point", "coordinates": [-76.640083, 7.941139]}, "properties": {"fid": "60", "expediente": "200-16-51-01-0142-2018", "id_captaci": "P-140", "profundida": "140", "tipo_conce": "Subterranea", "uso": "Riego", "fecha_acto": "2018-10-09T00:00:00.000", "fecha_soli": "2018-06-14T00:00:00.000", "fecha_fina": "2028-11-30T00:00:00.000", "caudal_oto": "65", "regimen_di": "16", "regimen_se": "7", "dias_seman": "7", "semanas_an": "16", "m3_a_o": "419328", "m3_dia": "1148.843836", "nombre_cap": "Finca Las Margaritas pozo 2", "x": "-76.640083", "y": "7.941139"}}, {"type": "Feature", "geometry": {"type": "Point", "coordinates": [-76.717356, 7.928256]}, "properties": {"fid": "61", "expediente": "200-16-51-01-0157-2019", "id_captaci": "421", "profundida": "216", "tipo_conce": "Subterranea", "uso": "Industrial", "fecha_acto": "2019-11-25T00:00:00.000", "fecha_soli": "2019-07-08T00:00:00.000", "fecha_fina": "2029-11-25T00:00:00.000", "caudal_oto": "13", "regimen_di": "0.32", "regimen_se": "4.08", "dias_seman": "4.08", "semanas_an": "52", "m3_a_o": "3177.30816", "m3_dia": "8.704954", "nombre_cap": "Banacol Astilleros Nueva Colonia", "x": "-76.717356", "y": "7.928256"}}, {"type": "Feature", "geometry": {"type": "Point", "coordinates": [-76.691963, 7.928504]}, "properties": {"fid": "62", "expediente": "200-16-51-01-0166-2013", "id_captaci": "211", "profundida": "80", "tipo_conce": "Subterranea", "uso": "Industrial", "fecha_acto": "2013-10-15T00:00:00.000", "fecha_soli": "2013-07-31T00:00:00.000", "fecha_fina": "2023-10-25T00:00:00.000", "caudal_oto": "4.3", "regimen_di": "3", "regimen_se": "4", "dias_seman": "4", "semanas_an": "52", "m3_a_o": "9659.52", "m3_dia": "26.464438", "nombre_cap": "Finca Yerbazal", "x": "-76.691963", "y": "7.928504"}}, {"type": "Feature", "geometry": {"type": "Point", "coordinates": [-76.686495, 7.936501]}, "properties": {"fid": "63", "expediente": "200-16-51-01-0167-2012", "id_captaci": "160", "profundida": "60", "tipo_conce": "Subterranea", "uso": "Agroindustria", "fecha_acto": "2013-02-19T00:00:00.000", "fecha_soli": "2012-09-03T00:00:00.000", "fecha_fina": "2023-03-05T00:00:00.000", "caudal_oto": "2.2", "regimen_di": "2", "regimen_se": "3", "dias_seman": "3", "semanas_an": "52", "m3_a_o": "2471.04", "m3_dia": "6.769973", "nombre_cap": "Finca Alondra Pozo 1 (evocacion)", "x": "-76.686495", "y": "7.936501"}}, {"type": "Feature", "geometry": {"type": "Point", "coordinates": [-76.653023, 7.934361]}, "properties": {"fid": "64", "expediente": "200-16-51-01-0173-2015", "id_captaci": "256", "profundida": "140", "tipo_conce": "Subterranea", "uso": "Agroindustria", "fecha_acto": "2015-09-11T00:00:00.000", "fecha_soli": "2015-06-09T00:00:00.000", "fecha_fina": "2025-10-06T00:00:00.000", "caudal_oto": "22", "regimen_di": "2", "regimen_se": "1", "dias_seman": "1", "semanas_an": "52", "m3_a_o": "8236.8", "m3_dia": "22.566575", "nombre_cap": "Finca Mapana", "x": "-76.653023", "y": "7.934361"}}, {"type": "Feature", "geometry": {"type": "Point", "coordinates": [-76.653023, 7.934361]}, "properties": {"fid": "65", "expediente": "200-16-51-01-0173-2015", "id_captaci": "256", "profundida": "140", "tipo_conce": "Subterranea", "uso": "Riego", "fecha_acto": "2015-09-11T00:00:00.000", "fecha_soli": "2015-06-09T00:00:00.000", "fecha_fina": "2025-10-06T00:00:00.000", "caudal_oto": "22", "regimen_di": "16", "regimen_se": "7", "dias_seman": "7", "semanas_an": "16", "m3_a_o": "141926.4", "m3_dia": "388.839452", "nombre_cap": "Finca Mapana", "x": "-76.653023", "y": "7.934361"}}, {"type": "Feature", "geometry": {"type": "Point", "coordinates": [-76.700228, 7.934687]}, "properties": {"fid": "66", "expediente": "200-16-51-01-0176-2018", "id_captaci": "111", "profundida": "60", "tipo_conce": "Subterranea", "uso": "Agrícola", "fecha_acto": "2018-10-02T00:00:00.000", "fecha_soli": "2018-07-18T00:00:00.000", "fecha_fina": "2028-10-09T00:00:00.000", "caudal_oto": "5.4", "regimen_di": "2", "regimen_se": "4", "dias_seman": "4", "semanas_an": "52", "m3_a_o": "8087.04", "m3_dia": "22.156274", "nombre_cap": "Finca Esperanza (turbo) Velaba", "x": "-76.700228", "y": "7.934687"}}, {"type": "Feature", "geometry": {"type": "Point", "coordinates": [-76.637462, 7.924227]}, "properties": {"fid": "67", "expediente": "200-16-51-01-0188-2015", "id_captaci": "273", "profundida": "140", "tipo_conce": "Subterranea", "uso": "Agrícola", "fecha_acto": "2015-09-25T00:00:00.000", "fecha_soli": "2015-06-24T00:00:00.000", "fecha_fina": "2025-10-06T00:00:00.000", "caudal_oto": "1.7", "regimen_di": "9", "regimen_se": "2", "dias_seman": "2", "semanas_an": "52", "m3_a_o": "5728.32", "m3_dia": "15.694027", "nombre_cap": "Finca Providencia pozo profundo", "x": "-76.637462", "y": "7.924227"}}, {"type": "Feature", "geometry": {"type": "Point", "coordinates": [-76.637462, 7.924227]}, "properties": {"fid": "68", "expediente": "200-16-51-01-0188-2015", "id_captaci": "273", "profundida": "140", "tipo_conce": "Subterranea", "uso": "Doméstico", "fecha_acto": "2015-09-25T00:00:00.000", "fecha_soli": "2015-06-24T00:00:00.000", "fecha_fina": "2025-10-06T00:00:00.000", "caudal_oto": "3", "regimen_di": "3.4", "regimen_se": "1", "dias_seman": "1", "semanas_an": "52", "m3_a_o": "1909.44", "m3_dia": "5.231342", "nombre_cap": "Finca Providencia pozo profundo", "x": "-76.637462", "y": "7.924227"}}, {"type": "Feature", "geometry": {"type": "Point", "coordinates": [-76.654588, 7.938775]}, "properties": {"fid": "69", "expediente": "200-16-51-01-0189-2015", "id_captaci": "488", "profundida": "215", "tipo_conce": "Subterranea", "uso": "Riego", "fecha_acto": "2015-10-27T00:00:00.000", "fecha_soli": "2015-06-24T00:00:00.000", "fecha_fina": "2025-11-09T00:00:00.000", "caudal_oto": "20", "regimen_di": "16", "regimen_se": "7", "dias_seman": "7", "semanas_an": "16", "m3_a_o": "129024", "m3_dia": "353.490411", "nombre_cap": "Finca La Revancha Pozo 2", "x": "-76.654588", "y": "7.938775"}}, {"type": "Feature", "geometry": {"type": "Point", "coordinates": [-76.668007, 7.942043]}, "properties": {"fid": "70", "expediente": "200-16-51-01-0190-2015", "id_captaci": "568", "profundida": "150", "tipo_conce": "Subterranea", "uso": "Agrícola", "fecha_acto": "2015-11-04T00:00:00.000", "fecha_soli": "2015-06-24T00:00:00.000", "fecha_fina": "2025-11-25T00:00:00.000", "caudal_oto": "45", "regimen_di": "0.77", "regimen_se": "1", "dias_seman": "1", "semanas_an": "52", "m3_a_o": "6486.48", "m3_dia": "17.771178", "nombre_cap": "Finca Costa Rica Pozo 2", "x": "-76.668007", "y": "7.942043"}}, {"type": "Feature", "geometry": {"type": "Point", "coordinates": [-76.668007, 7.942043]}, "properties": {"fid": "71", "expediente": "200-16-51-01-0190-2015", "id_captaci": "568", "profundida": "150", "tipo_conce": "Subterranea", "uso": "Riego", "fecha_acto": "2015-11-04T00:00:00.000", "fecha_soli": "2015-06-24T00:00:00.000", "fecha_fina": "2025-11-25T00:00:00.000", "caudal_oto": "45", "regimen_di": "12.5", "regimen_se": "7", "dias_seman": "7", "semanas_an": "16", "m3_a_o": "226800", "m3_dia": "621.369863", "nombre_cap": "Finca Costa Rica Pozo 2", "x": "-76.668007", "y": "7.942043"}}, {"type": "Feature", "geometry": {"type": "Point", "coordinates": [-76.646824, 7.922003]}, "properties": {"fid": "72", "expediente": "200-16-51-01-0205-2018", "id_captaci": "500", "profundida": "64", "tipo_conce": "Subterranea", "uso": "Agrícola", "fecha_acto": "2018-10-02T00:00:00.000", "fecha_soli": "2018-08-03T00:00:00.000", "fecha_fina": "2028-10-16T00:00:00.000", "caudal_oto": "4.7", "regimen_di": "2.3", "regimen_se": "3", "dias_seman": "3", "semanas_an": "52", "m3_a_o": "6070.896", "m3_dia": "16.632592", "nombre_cap": "Finca Mi Capi/Sobando, Pozo 1  profundo FCA. MEDITERRANEO", "x": "-76.646824", "y": "7.922003"}}, {"type": "Feature", "geometry": {"type": "Point", "coordinates": [-76.672076, 7.954444]}, "properties": {"fid": "73", "expediente": "200-16-51-01-0221-2018", "id_captaci": "358", "profundida": "120", "tipo_conce": "Subterranea", "uso": "Agrícola", "fecha_acto": "2018-10-11T00:00:00.000", "fecha_soli": "2018-08-22T00:00:00.000", "fecha_fina": "2028-11-30T00:00:00.000", "caudal_oto": "1.2", "regimen_di": "8.3", "regimen_se": "4", "dias_seman": "4", "semanas_an": "52", "m3_a_o": "7458.048", "m3_dia": "20.433008", "nombre_cap": "Finca La Perla pozo 1 (Turbo)", "x": "-76.672076", "y": "7.954444"}}, {"type": "Feature", "geometry": {"type": "Point", "coordinates": [-76.662662, 7.926387]}, "properties": {"fid": "74", "expediente": "200-16-51-01-0274-2015", "id_captaci": "118", "profundida": "60", "tipo_conce": "Subterranea", "uso": "Agrícola", "fecha_acto": "2016-08-17T00:00:00.000", "fecha_soli": "2015-01-01T00:00:00.000", "fecha_fina": "2027-08-17T00:00:00.000", "caudal_oto": "8", "regimen_di": "6.5", "regimen_se": "1", "dias_seman": "1", "semanas_an": "52", "m3_a_o": "9734.4", "m3_dia": "26.669589", "nombre_cap": "Finca Cantho Pozo 1, (La Estella)", "x": "-76.662662", "y": "7.926387"}}, {"type": "Feature", "geometry": {"type": "Point", "coordinates": [-76.679076, 7.937172]}, "properties": {"fid": "75", "expediente": "200-16-51-01-0277-2018", "id_captaci": "221", "profundida": "60", "tipo_conce": "Subterranea", "uso": "Agrícola", "fecha_acto": "2018-12-03T00:00:00.000", "fecha_soli": "2018-09-21T00:00:00.000", "fecha_fina": "2028-12-03T00:00:00.000", "caudal_oto": "1.8", "regimen_di": "3.1", "regimen_se": "5", "dias_seman": "5", "semanas_an": "52", "m3_a_o": "5222.88", "m3_dia": "14.30926", "nombre_cap": "Finca Buena Vida", "x": "-76.679076", "y": "7.937172"}}, {"type": "Feature", "geometry": {"type": "Point", "coordinates": [-76.670379, 7.927489]}, "properties": {"fid": "76", "expediente": "200-16-51-01-0280-2009", "id_captaci": "284", "profundida": "140", "tipo_conce": "Subterranea", "uso": "Agrícola", "fecha_acto": "2016-07-11T00:00:00.000", "fecha_soli": "2009-01-01T00:00:00.000", "fecha_fina": "2026-07-13T00:00:00.000", "caudal_oto": "2.6", "regimen_di": "8", "regimen_se": "2", "dias_seman": "2", "semanas_an": "52", "m3_a_o": "7787.52", "m3_dia": "21.335671", "nombre_cap": "Finca San Jose", "x": "-76.670379", "y": "7.927489"}}, {"type": "Feature", "geometry": {"type": "Point", "coordinates": [-76.684518, 7.936499]}, "properties": {"fid": "77", "expediente": "200-16-51-01-0293-2018", "id_captaci": "262", "profundida": "60", "tipo_conce": "Subterranea", "uso": "Agrícola", "fecha_acto": "2019-04-09T00:00:00.000", "fecha_soli": "2018-10-16T00:00:00.000", "fecha_fina": "2029-04-09T00:00:00.000", "caudal_oto": "1.8", "regimen_di": "3.1", "regimen_se": "5", "dias_seman": "5", "semanas_an": "16", "m3_a_o": "1607.04", "m3_dia": "4.402849", "nombre_cap": "Finca Miriam Amparo Pozo 1", "x": "-76.684518", "y": "7.936499"}}, {"type": "Feature", "geometry": {"type": "Point", "coordinates": [-76.684409, 7.936671]}, "properties": {"fid": "78", "expediente": "200-16-51-01-0293-2018", "id_captaci": "262", "profundida": "60", "tipo_conce": "Subterranea", "uso": "Riego", "fecha_acto": "2019-04-09T00:00:00.000", "fecha_soli": "2018-10-16T00:00:00.000", "fecha_fina": "2029-04-09T00:00:00.000", "caudal_oto": "16", "regimen_di": "7.75", "regimen_se": "5", "dias_seman": "5", "semanas_an": "16", "m3_a_o": "35712", "m3_dia": "97.841096", "nombre_cap": "Finca Miriam Amparo Pozo 2", "x": "-76.684409", "y": "7.936671"}}, {"type": "Feature", "geometry": {"type": "Point", "coordinates": [-76.645445, 7.921857]}, "properties": {"fid": "79", "expediente": "200-16-51-01-0295-2015", "id_captaci": "579", "profundida": "60", "tipo_conce": "Subterranea", "uso": "Doméstico", "fecha_acto": "2015-12-30T00:00:00.000", "fecha_soli": "2015-10-08T00:00:00.000", "fecha_fina": "2026-02-08T00:00:00.000", "caudal_oto": "3.6", "regimen_di": "0.7", "regimen_se": "6", "dias_seman": "6", "semanas_an": "52", "m3_a_o": "2830.464", "m3_dia": "7.754696", "nombre_cap": "Finca Santa Marta", "x": "-76.645445", "y": "7.921857"}}, {"type": "Feature", "geometry": {"type": "Point", "coordinates": [-76.662662, 7.926387]}, "properties": {"fid": "80", "expediente": "200-16-51-01-0306-2015", "id_captaci": "118", "profundida": "60", "tipo_conce": "Subterranea", "uso": "Agrícola", "fecha_acto": "2016-07-12T00:00:00.000", "fecha_soli": "2015-10-22T00:00:00.000", "fecha_fina": "2026-08-17T00:00:00.000", "caudal_oto": "8", "regimen_di": "6.5", "regimen_se": "1", "dias_seman": "1", "semanas_an": "52", "m3_a_o": "9734.4", "m3_dia": "26.669589", "nombre_cap": "Finca Cantho Pozo 1, (La Estella)", "x": "-76.662662", "y": "7.926387"}}, {"type": "Feature", "geometry": {"type": "Point", "coordinates": [-76.637599, 7.923666]}, "properties": {"fid": "81", "expediente": "200-16-51-01-0318-2010", "id_captaci": "526", "profundida": "70", "tipo_conce": "Subterranea", "uso": "Agrícola", "fecha_acto": "2012-02-10T00:00:00.000", "fecha_soli": "2010-10-25T00:00:00.000", "fecha_fina": "2022-03-27T00:00:00.000", "caudal_oto": "1.25", "regimen_di": "6", "regimen_se": "6", "dias_seman": "6", "semanas_an": "52", "m3_a_o": "8424", "m3_dia": "23.079452", "nombre_cap": "Finca Providencia Pozo 2 (cultivos Santa Cruz)", "x": "-76.637599", "y": "7.923666"}}, {"type": "Feature", "geometry": {"type": "Point", "coordinates": [-76.654678, 7.938956]}, "properties": {"fid": "82", "expediente": "200-16-51-01-0613-2009", "id_captaci": "363", "profundida": "80", "tipo_conce": "Subterranea", "uso": "Agrícola", "fecha_acto": "2011-05-30T00:00:00.000", "fecha_soli": "2009-12-29T00:00:00.000", "fecha_fina": "2021-06-08T00:00:00.000", "caudal_oto": "1.5", "regimen_di": "5", "regimen_se": "5", "dias_seman": "5", "semanas_an": "52", "m3_a_o": "7020", "m3_dia": "19.232877", "nombre_cap": "Finca La Revancha Pozo 1", "x": "-76.654678", "y": "7.938956"}}, {"type": "Feature", "geometry": {"type": "Point", "coordinates": [-76.651731, 7.894286]}, "properties": {"fid": "83", "expediente": "030204-2003", "id_captaci": "428", "profundida": "90", "tipo_conce": "Subterranea", "uso": "Agrícola", "fecha_acto": "2015-09-29T00:00:00.000", "fecha_soli": "2003-01-01T00:00:00.000", "fecha_fina": "2025-09-29T00:00:00.000", "caudal_oto": "3.8", "regimen_di": "8", "regimen_se": "1", "dias_seman": "1", "semanas_an": "52", "m3_a_o": "5690.88", "m3_dia": "15.591452", "nombre_cap": "Finca Escorpion Pozo 2", "x": "-76.651731", "y": "7.894286"}}, {"type": "Feature", "geometry": {"type": "Point", "coordinates": [-76.651731, 7.894286]}, "properties": {"fid": "84", "expediente": "030204-2003", "id_captaci": "428", "profundida": "90", "tipo_conce": "Subterranea", "uso": "Agrícola", "fecha_acto": "2015-09-29T00:00:00.000", "fecha_soli": "2003-01-01T00:00:00.000", "fecha_fina": "2025-09-29T00:00:00.000", "caudal_oto": "4", "regimen_di": "9", "regimen_se": "1", "dias_seman": "1", "semanas_an": "52", "m3_a_o": "6739.2", "m3_dia": "18.463562", "nombre_cap": "Finca Escorpion Pozo 2", "x": "-76.651731", "y": "7.894286"}}, {"type": "Feature", "geometry": {"type": "Point", "coordinates": [-76.700084, 7.893972]}, "properties": {"fid": "85", "expediente": "16-01-02-0530-2008", "id_captaci": "129", "profundida": "114", "tipo_conce": "Subterranea", "uso": "Agrícola", "fecha_acto": "2011-03-06T00:00:00.000", "fecha_soli": "2008-01-01T00:00:00.000", "fecha_fina": "2021-03-06T00:00:00.000", "caudal_oto": "5.7", "regimen_di": "2", "regimen_se": "5", "dias_seman": "5", "semanas_an": "52", "m3_a_o": "10670.4", "m3_dia": "29.233973", "nombre_cap": "Finca Doña Angela Pozo 1", "x": "-76.700084", "y": "7.893972"}}, {"type": "Feature", "geometry": {"type": "Point", "coordinates": [-76.685963, 7.895668]}, "properties": {"fid": "86", "expediente": "16-01-02-0539-2008", "id_captaci": "450", "profundida": "94", "tipo_conce": "Subterranea", "uso": "Agrícola", "fecha_acto": "2011-09-19T00:00:00.000", "fecha_soli": "2008-01-01T00:00:00.000", "fecha_fina": "2021-09-19T00:00:00.000", "caudal_oto": "3.2", "regimen_di": "2", "regimen_se": "5", "dias_seman": "5", "semanas_an": "52", "m3_a_o": "5990.4", "m3_dia": "16.412055", "nombre_cap": "Finca Guaro Pozo 1", "x": "-76.685963", "y": "7.895668"}}, {"type": "Feature", "geometry": {"type": "Point", "coordinates": [-76.665134, 7.913016]}, "properties": {"fid": "87", "expediente": "16-01-02-0540-2008", "id_captaci": "206", "profundida": "113.75", "tipo_conce": "Subterranea", "uso": "Agrícola", "fecha_acto": "2011-12-02T00:00:00.000", "fecha_soli": "2008-01-01T00:00:00.000", "fecha_fina": "2021-12-02T00:00:00.000", "caudal_oto": "5", "regimen_di": "2", "regimen_se": "5", "dias_seman": "5", "semanas_an": "52", "m3_a_o": "9360", "m3_dia": "25.643836", "nombre_cap": "Finca Villa Alicia", "x": "-76.665134", "y": "7.913016"}}, {"type": "Feature", "geometry": {"type": "Point", "coordinates": [-76.648096, 7.90242]}, "properties": {"fid": "88", "expediente": "16-01-02-0541-2008", "id_captaci": "185", "profundida": "90", "tipo_conce": "Subterranea", "uso": "Agrícola", "fecha_acto": "2011-09-07T00:00:00.000", "fecha_soli": "2008-01-01T00:00:00.000", "fecha_fina": "2021-09-07T00:00:00.000", "caudal_oto": "3.1", "regimen_di": "3", "regimen_se": "4", "dias_seman": "4", "semanas_an": "52", "m3_a_o": "6963.84", "m3_dia": "19.079014", "nombre_cap": "Finca San Jacinto", "x": "-76.648096", "y": "7.90242"}}, {"type": "Feature", "geometry": {"type": "Point", "coordinates": [-76.679219, 7.892324]}, "properties": {"fid": "89", "expediente": "200-16-51-01-0060-2011", "id_captaci": "701", "profundida": "152", "tipo_conce": "Subterranea", "uso": "Riego", "fecha_acto": "2012-11-24T00:00:00.000", "fecha_soli": "2011-04-12T00:00:00.000", "fecha_fina": "2022-12-20T00:00:00.000", "caudal_oto": "56", "regimen_di": "16", "regimen_se": "6", "dias_seman": "6", "semanas_an": "16", "m3_a_o": "309657.6", "m3_dia": "848.376986", "nombre_cap": "Santa Maria de Apartado 1 pozo 4", "x": "-76.679219", "y": "7.892324"}}, {"type": "Feature", "geometry": {"type": "Point", "coordinates": [-76.723744, 7.892835]}, "properties": {"fid": "90", "expediente": "200-16-51-01-0090-2017", "id_captaci": "592", "profundida": "128", "tipo_conce": "Subterranea", "uso": "Agrícola", "fecha_acto": "2017-08-09T00:00:00.000", "fecha_soli": "2017-05-16T00:00:00.000", "fecha_fina": "2027-08-17T00:00:00.000", "caudal_oto": "16", "regimen_di": "1.75", "regimen_se": "2", "dias_seman": "2", "semanas_an": "16", "m3_a_o": "3225.6", "m3_dia": "8.83726", "nombre_cap": "Punto de Captacion Finca El Trapiche", "x": "-76.723744", "y": "7.892835"}}, {"type": "Feature", "geometry": {"type": "Point", "coordinates": [-76.634917, 7.891194]}, "properties": {"fid": "91", "expediente": "200-16-51-01-0094-2018", "id_captaci": "PA-76", "profundida": "60", "tipo_conce": "Subterranea", "uso": "Industrial", "fecha_acto": "2018-06-05T00:00:00.000", "fecha_soli": "2018-05-01T00:00:00.000", "fecha_fina": "2028-06-12T00:00:00.000", "caudal_oto": "1.7", "regimen_di": "0.71", "regimen_se": "7", "dias_seman": "7", "semanas_an": "52", "m3_a_o": "1581.6528", "m3_dia": "4.333295", "nombre_cap": "Lavadero Bull Wash Aljibe", "x": "-76.634917", "y": "7.891194"}}, {"type": "Feature", "geometry": {"type": "Point", "coordinates": [-76.626782, 7.905219]}, "properties": {"fid": "92", "expediente": "200-16-51-01-0098-2018", "id_captaci": "PA-68", "profundida": "60", "tipo_conce": "Subterranea", "uso": "Doméstico", "fecha_acto": "2018-06-06T00:00:00.000", "fecha_soli": "2018-05-03T00:00:00.000", "fecha_fina": "2028-06-07T00:00:00.000", "caudal_oto": "1.58", "regimen_di": "1.06", "regimen_se": "2", "dias_seman": "2", "semanas_an": "52", "m3_a_o": "627.04512", "m3_dia": "1.717932", "nombre_cap": "Pozo profundo Motel Extasis", "x": "-76.626782", "y": "7.905219"}}, {"type": "Feature", "geometry": {"type": "Point", "coordinates": [-76.671866, 7.891323]}, "properties": {"fid": "93", "expediente": "200-16-51-01-0103-2010", "id_captaci": "186", "profundida": "75", "tipo_conce": "Subterranea", "uso": "Agroindustria", "fecha_acto": "2015-01-09T00:00:00.000", "fecha_soli": "2010-04-05T00:00:00.000", "fecha_fina": "2025-01-21T00:00:00.000", "caudal_oto": "1.7", "regimen_di": "9.1", "regimen_se": "2", "dias_seman": "2", "semanas_an": "52", "m3_a_o": "5791.968", "m3_dia": "15.868405", "nombre_cap": "Chambacú 1", "x": "-76.671866", "y": "7.891323"}}, {"type": "Feature", "geometry": {"type": "Point", "coordinates": [-76.664056, 7.893847]}, "properties": {"fid": "94", "expediente": "200-16-51-01-0110-2013", "id_captaci": "700", "profundida": "208", "tipo_conce": "Subterranea", "uso": "Riego", "fecha_acto": "2013-08-22T00:00:00.000", "fecha_soli": "2013-05-20T00:00:00.000", "fecha_fina": "2023-08-29T00:00:00.000", "caudal_oto": "72", "regimen_di": "5", "regimen_se": "52", "dias_seman": "2.166667", "semanas_an": "52", "m3_a_o": "146016", "m3_dia": "400.043836", "nombre_cap": "Finca Santa Maria del Monte pozo 3", "x": "-76.664056", "y": "7.893847"}}, {"type": "Feature", "geometry": {"type": "Point", "coordinates": [-76.660993, 7.900887]}, "properties": {"fid": "95", "expediente": "200-16-51-01-0111-2013", "id_captaci": "196", "profundida": "90", "tipo_conce": "Subterranea", "uso": "Industrial", "fecha_acto": "2013-07-24T00:00:00.000", "fecha_soli": "2013-05-21T00:00:00.000", "fecha_fina": "2023-08-08T00:00:00.000", "caudal_oto": "79", "regimen_di": "1.93", "regimen_se": "5", "dias_seman": "5", "semanas_an": "52", "m3_a_o": "142711.92", "m3_dia": "390.991562", "nombre_cap": "Finca Santa Maria del Monte Pozo 1", "x": "-76.660993", "y": "7.900887"}}, {"type": "Feature", "geometry": {"type": "Point", "coordinates": [-76.711139, 7.913467]}, "properties": {"fid": "96", "expediente": "200-16-51-01-0111-2018", "id_captaci": "637", "profundida": "80", "tipo_conce": "Subterranea", "uso": "Agrícola", "fecha_acto": "2018-06-05T00:00:00.000", "fecha_soli": "2018-05-09T00:00:00.000", "fecha_fina": "2028-06-07T00:00:00.000", "caudal_oto": "8", "regimen_di": "4.9", "regimen_se": "1", "dias_seman": "1", "semanas_an": "52", "m3_a_o": "7338.24", "m3_dia": "20.104767", "nombre_cap": "Finca Macarena pozo 2", "x": "-76.711139", "y": "7.913467"}}, {"type": "Feature", "geometry": {"type": "Point", "coordinates": [-76.702939, 7.915277]}, "properties": {"fid": "97", "expediente": "200-16-51-01-0121-2017", "id_captaci": "209", "profundida": "60", "tipo_conce": "Subterranea", "uso": "Agrícola", "fecha_acto": "2018-04-24T00:00:00.000", "fecha_soli": "2017-06-13T00:00:00.000", "fecha_fina": "2028-04-24T00:00:00.000", "caudal_oto": "3", "regimen_di": "24", "regimen_se": "52", "dias_seman": "2.166667", "semanas_an": "52", "m3_a_o": "29203.2", "m3_dia": "80.008767", "nombre_cap": "Finca Villa Lolita Pozo 1", "x": "-76.702939", "y": "7.915277"}}, {"type": "Feature", "geometry": {"type": "Point", "coordinates": [-76.685052, 7.909636]}, "properties": {"fid": "98", "expediente": "200-16-51-01-0122-2017", "id_captaci": "204", "profundida": "113", "tipo_conce": "Subterranea", "uso": "Agrícola", "fecha_acto": "2017-07-19T00:00:00.000", "fecha_soli": "2017-06-13T00:00:00.000", "fecha_fina": "2027-07-31T00:00:00.000", "caudal_oto": "3.5", "regimen_di": "4.32", "regimen_se": "3", "dias_seman": "3", "semanas_an": "52", "m3_a_o": "8491.392", "m3_dia": "23.264088", "nombre_cap": "Pozo profundo Finca Union Pino", "x": "-76.685052", "y": "7.909636"}}, {"type": "Feature", "geometry": {"type": "Point", "coordinates": [-76.640494, 7.887313]}, "properties": {"fid": "99", "expediente": "200-16-51-01-0124-2014", "id_captaci": "305", "profundida": "80", "tipo_conce": "Subterranea", "uso": "AgroIndustria", "fecha_acto": "2014-08-05T00:00:00.000", "fecha_soli": "2014-06-09T00:00:00.000", "fecha_fina": "2024-08-14T00:00:00.000", "caudal_oto": "5", "regimen_di": "2.5", "regimen_se": "2", "dias_seman": "2", "semanas_an": "52", "m3_a_o": "4680", "m3_dia": "12.821918", "nombre_cap": "Finca El Chispero", "x": "-76.640494", "y": "7.887313"}}, {"type": "Feature", "geometry": {"type": "Point", "coordinates": [-76.622354, 7.91572]}, "properties": {"fid": "100", "expediente": "200-16-51-01-0153-2017", "id_captaci": "156", "profundida": "80", "tipo_conce": "Subterranea", "uso": "Agrícola", "fecha_acto": "2017-09-20T00:00:00.000", "fecha_soli": "2017-08-09T00:00:00.000", "fecha_fina": "2027-10-03T00:00:00.000", "caudal_oto": "1.5", "regimen_di": "15", "regimen_se": "2", "dias_seman": "2", "semanas_an": "52", "m3_a_o": "8424", "m3_dia": "23.079452", "nombre_cap": "Finca La Tortuga", "x": "-76.622354", "y": "7.91572"}}, {"type": "Feature", "geometry": {"type": "Point", "coordinates": [-76.625854, 7.907948]}, "properties": {"fid": "101", "expediente": "200-16-51-01-0159-2017", "id_captaci": "458", "profundida": "102", "tipo_conce": "Subterranea", "uso": "Agrícola", "fecha_acto": "2017-09-20T00:00:00.000", "fecha_soli": "2017-08-10T00:00:00.000", "fecha_fina": "2027-10-03T00:00:00.000", "caudal_oto": "1.3", "regimen_di": "3.4", "regimen_se": "4", "dias_seman": "4", "semanas_an": "52", "m3_a_o": "3309.696", "m3_dia": "9.06766", "nombre_cap": "Finca El Encanto", "x": "-76.625854", "y": "7.907948"}}, {"type": "Feature", "geometry": {"type": "Point", "coordinates": [-76.653631, 7.890391]}, "properties": {"fid": "102", "expediente": "200-16-51-01-0162-2019", "id_captaci": "142", "profundida": "70", "tipo_conce": "Subterranea", "uso": "Industrial", "fecha_acto": "2019-11-25T00:00:00.000", "fecha_soli": "2019-07-08T00:00:00.000", "fecha_fina": "2029-11-25T00:00:00.000", "caudal_oto": "7.89", "regimen_di": "2.19", "regimen_se": "4.08", "dias_seman": "4.08", "semanas_an": "52", "m3_a_o": "13197.361882", "m3_dia": "36.157156", "nombre_cap": "Finca La Fortuna", "x": "-76.653631", "y": "7.890391"}}, {"type": "Feature", "geometry": {"type": "Point", "coordinates": [-76.685267, 7.911725]}, "properties": {"fid": "103", "expediente": "200-16-51-01-0163-2017", "id_captaci": "183", "profundida": "75", "tipo_conce": "Subterranea", "uso": "Riego", "fecha_acto": "2017-09-29T00:00:00.000", "fecha_soli": "2017-08-10T00:00:00.000", "fecha_fina": "2027-10-18T00:00:00.000", "caudal_oto": "55", "regimen_di": "14", "regimen_se": "7", "dias_seman": "7", "semanas_an": "16", "m3_a_o": "310464", "m3_dia": "850.586301", "nombre_cap": "Finca San Antonio Pozo 1", "x": "-76.685267", "y": "7.911725"}}, {"type": "Feature", "geometry": {"type": "Point", "coordinates": [-76.674168, 7.910828]}, "properties": {"fid": "104", "expediente": "200-16-51-01-0172-2016", "id_captaci": "346", "profundida": "54", "tipo_conce": "Subterranea", "uso": "AgroIndustria", "fecha_acto": "2016-09-08T00:00:00.000", "fecha_soli": "2016-06-13T00:00:00.000", "fecha_fina": "2026-09-15T00:00:00.000", "caudal_oto": "2.5", "regimen_di": "12.1", "regimen_se": "2", "dias_seman": "2", "semanas_an": "52", "m3_a_o": "11325.6", "m3_dia": "31.029041", "nombre_cap": "pzo profundo La Gira", "x": "-76.674168", "y": "7.910828"}}, {"type": "Feature", "geometry": {"type": "Point", "coordinates": [-76.685267, 7.911725]}, "properties": {"fid": "105", "expediente": "200-16-51-01-0243-2016", "id_captaci": "183", "profundida": "75", "tipo_conce": "Subterranea", "uso": "Agrícola", "fecha_acto": "2016-10-27T00:00:00.000", "fecha_soli": "2016-08-02T00:00:00.000", "fecha_fina": "2026-11-01T00:00:00.000", "caudal_oto": "3.5", "regimen_di": "3.8", "regimen_se": "1", "dias_seman": "1", "semanas_an": "52", "m3_a_o": "2489.76", "m3_dia": "6.82126", "nombre_cap": "Finca San Antonio Pozo 1", "x": "-76.685267", "y": "7.911725"}}, {"type": "Feature", "geometry": {"type": "Point", "coordinates": [-76.629154, 7.891414]}, "properties": {"fid": "106", "expediente": "200-16-51-01-0246-2010", "id_captaci": "336", "profundida": "177", "tipo_conce": "Subterranea", "uso": "Pecuario", "fecha_acto": "2011-03-22T00:00:00.000", "fecha_soli": "2010-08-31T00:00:00.000", "fecha_fina": "2021-03-31T00:00:00.000", "caudal_oto": "14", "regimen_di": "5", "regimen_se": "5", "dias_seman": "5", "semanas_an": "52", "m3_a_o": "65520", "m3_dia": "179.506849", "nombre_cap": "Corrugados del Darien Pozo 2", "x": "-76.629154", "y": "7.891414"}}, {"type": "Feature", "geometry": {"type": "Point", "coordinates": [-76.659791, 7.904964]}, "properties": {"fid": "107", "expediente": "200-16-51-01-0291-2015", "id_captaci": "335", "profundida": "60", "tipo_conce": "Subterranea", "uso": "Agrícola", "fecha_acto": "2015-12-07T00:00:00.000", "fecha_soli": "2015-10-07T00:00:00.000", "fecha_fina": "2025-12-17T00:00:00.000", "caudal_oto": "3", "regimen_di": "7.3", "regimen_se": "2", "dias_seman": "2", "semanas_an": "52", "m3_a_o": "8199.36", "m3_dia": "22.464", "nombre_cap": "Pozo profundo Rancho Alegre", "x": "-76.659791", "y": "7.904964"}}, {"type": "Feature", "geometry": {"type": "Point", "coordinates": [-76.659791, 7.904964]}, "properties": {"fid": "108", "expediente": "200-16-51-01-0293-2015", "id_captaci": "335", "profundida": "60", "tipo_conce": "Subterranea", "uso": "Doméstico", "fecha_acto": "2016-07-12T00:00:00.000", "fecha_soli": "2015-10-08T00:00:00.000", "fecha_fina": "2026-08-03T00:00:00.000", "caudal_oto": "3.5", "regimen_di": "3.4", "regimen_se": "1", "dias_seman": "1", "semanas_an": "52", "m3_a_o": "2227.68", "m3_dia": "6.103233", "nombre_cap": "Pozo profundo Rancho Alegre", "x": "-76.659791", "y": "7.904964"}}, {"type": "Feature", "geometry": {"type": "Point", "coordinates": [-76.67622, 7.890061]}, "properties": {"fid": "109", "expediente": "200-16-51-01-0297-2015", "id_captaci": "323", "profundida": "81", "tipo_conce": "Subterranea", "uso": "Industrial", "fecha_acto": "2016-05-02T00:00:00.000", "fecha_soli": "2015-10-08T00:00:00.000", "fecha_fina": "2026-05-10T00:00:00.000", "caudal_oto": "5.3", "regimen_di": "3", "regimen_se": "5", "dias_seman": "5", "semanas_an": "52", "m3_a_o": "14882.4", "m3_dia": "40.773699", "nombre_cap": "Finca Santa Maria de Apartado I Pozo 1", "x": "-76.67622", "y": "7.890061"}}, {"type": "Feature", "geometry": {"type": "Point", "coordinates": [-76.719278, 7.903806]}, "properties": {"fid": "110", "expediente": "200-16-51-01-0305-2015", "id_captaci": "744", "profundida": "148", "tipo_conce": "Subterranea", "uso": "Consumo Humano", "fecha_acto": "2016-05-24T00:00:00.000", "fecha_soli": "2015-10-21T00:00:00.000", "fecha_fina": "2036-05-24T00:00:00.000", "caudal_oto": "7.7", "regimen_di": "10.8", "regimen_se": "7", "dias_seman": "7", "semanas_an": "52", "m3_a_o": "108972.864", "m3_dia": "298.555792", "nombre_cap": "Acueducto Vereda San Pablo Pozo 2", "x": "-76.719278", "y": "7.903806"}}, {"type": "Feature", "geometry": {"type": "Point", "coordinates": [-76.675467, 7.917529]}, "properties": {"fid": "111", "expediente": "200-16-51-01-0310-2017", "id_captaci": "138", "profundida": "100", "tipo_conce": "Subterranea", "uso": "Agrícola", "fecha_acto": "2017-12-21T00:00:00.000", "fecha_soli": "2017-11-11T00:00:00.000", "fecha_fina": "2028-05-16T00:00:00.000", "caudal_oto": "4.9", "regimen_di": "2", "regimen_se": "3.9", "dias_seman": "3.9", "semanas_an": "52", "m3_a_o": "7154.784", "m3_dia": "19.602148", "nombre_cap": "Pozo empacadora Finca Guineo FCA. GUINEO", "x": "-76.675467", "y": "7.917529"}}, {"type": "Feature", "geometry": {"type": "Point", "coordinates": [-76.657356, 7.892032]}, "properties": {"fid": "112", "expediente": "200-16-51-01-0315-2016", "id_captaci": "158", "profundida": "64", "tipo_conce": "Subterranea", "uso": "Industrial", "fecha_acto": "2016-12-28T00:00:00.000", "fecha_soli": "2016-11-02T00:00:00.000", "fecha_fina": "2027-02-27T00:00:00.000", "caudal_oto": "5.5", "regimen_di": "5.8", "regimen_se": "1", "dias_seman": "1", "semanas_an": "52", "m3_a_o": "5971.68", "m3_dia": "16.360767", "nombre_cap": "Finca Labrador", "x": "-76.657356", "y": "7.892032"}}, {"type": "Feature", "geometry": {"type": "Point", "coordinates": [-76.686191, 7.894411]}, "properties": {"fid": "113", "expediente": "200-16-51-01-0327-2016", "id_captaci": "187", "profundida": "70", "tipo_conce": "Subterranea", "uso": "Agrícola", "fecha_acto": "2017-07-14T00:00:00.000", "fecha_soli": "2016-11-12T00:00:00.000", "fecha_fina": "2027-08-01T00:00:00.000", "caudal_oto": "2.47", "regimen_di": "3.46", "regimen_se": "4", "dias_seman": "4", "semanas_an": "52", "m3_a_o": "6399.39456", "m3_dia": "17.532588", "nombre_cap": "Chambacú 2", "x": "-76.686191", "y": "7.894411"}}, {"type": "Feature", "geometry": {"type": "Point", "coordinates": [-76.717336, 7.900081]}, "properties": {"fid": "114", "expediente": "200-16-51-01-0350-2017", "id_captaci": "668", "profundida": "60", "tipo_conce": "Subterranea", "uso": "Agrícola", "fecha_acto": "2018-04-30T00:00:00.000", "fecha_soli": "2017-12-13T00:00:00.000", "fecha_fina": "2028-04-30T00:00:00.000", "caudal_oto": "9.33", "regimen_di": "1.1", "regimen_se": "2", "dias_seman": "2", "semanas_an": "52", "m3_a_o": "3842.4672", "m3_dia": "10.527307", "nombre_cap": "Finca Altamar", "x": "-76.717336", "y": "7.900081"}}, {"type": "Feature", "geometry": {"type": "Point", "coordinates": [-76.744713, 7.856486]}, "properties": {"fid": "115", "expediente": "030504-2001", "id_captaci": "94", "profundida": "120", "tipo_conce": "Subterranea", "uso": "Industrial", "fecha_acto": "2013-12-17T00:00:00.000", "fecha_soli": "2013-01-01T00:00:00.000", "fecha_fina": "2023-12-17T00:00:00.000", "caudal_oto": "4.5", "regimen_di": "24", "regimen_se": "6", "dias_seman": "6", "semanas_an": "52", "m3_a_o": "121305.6", "m3_dia": "332.34411", "nombre_cap": "Uniban Fabrica de Cajas", "x": "-76.744713", "y": "7.856486"}}, {"type": "Feature", "geometry": {"type": "Point", "coordinates": [-76.744713, 7.856486]}, "properties": {"fid": "116", "expediente": "030504-2001", "id_captaci": "94", "profundida": "120", "tipo_conce": "Subterranea", "uso": "Industrial", "fecha_acto": "2013-12-17T00:00:00.000", "fecha_soli": "2013-01-01T00:00:00.000", "fecha_fina": "2023-12-17T00:00:00.000", "caudal_oto": "7.1", "regimen_di": "24", "regimen_se": "6", "dias_seman": "6", "semanas_an": "52", "m3_a_o": "191393.28", "m3_dia": "524.365151", "nombre_cap": "Uniban Fabrica de Cajas", "x": "-76.744713", "y": "7.856486"}}, {"type": "Feature", "geometry": {"type": "Point", "coordinates": [-76.633549, 7.877585]}, "properties": {"fid": "117", "expediente": "16-01-02-0032-2005", "id_captaci": "317", "profundida": "120", "tipo_conce": "Subterranea", "uso": "Industrial", "fecha_acto": "2010-05-13T00:00:00.000", "fecha_soli": "2005-01-01T00:00:00.000", "fecha_fina": "2020-05-13T00:00:00.000", "caudal_oto": "0.4", "regimen_di": "2", "regimen_se": "7", "dias_seman": "7", "semanas_an": "52", "m3_a_o": "1048.32", "m3_dia": "2.87211", "nombre_cap": "Servicentro Esso Apartado (proxxon)", "x": "-76.633549", "y": "7.877585"}}, {"type": "Feature", "geometry": {"type": "Point", "coordinates": [-76.652034, 7.856049]}, "properties": {"fid": "118", "expediente": "16-01-02-0065-2004", "id_captaci": "572", "profundida": "199", "tipo_conce": "Subterranea", "uso": "Agrícola-Riego", "fecha_acto": "2017-05-22T00:00:00.000", "fecha_soli": "2017-01-01T00:00:00.000", "fecha_fina": "2027-05-22T00:00:00.000", "caudal_oto": "70", "regimen_di": "10.6", "regimen_se": "7", "dias_seman": "7", "semanas_an": "16", "m3_a_o": "299174.4", "m3_dia": "819.65589", "nombre_cap": "Finca El Paso - Estoril Pozo 3 (empacadora)", "x": "-76.652034", "y": "7.856049"}}, {"type": "Feature", "geometry": {"type": "Point", "coordinates": [-76.667797, 7.861336]}, "properties": {"fid": "119", "expediente": "16-01-02-0073-2004", "id_captaci": "566", "profundida": "147", "tipo_conce": "Subterranea", "uso": "Riego", "fecha_acto": "2006-10-14T00:00:00.000", "fecha_soli": "2016-01-01T00:00:00.000", "fecha_fina": "2026-06-12T00:00:00.000", "caudal_oto": "43", "regimen_di": "16", "regimen_se": "7", "dias_seman": "7", "semanas_an": "16", "m3_a_o": "277401.6", "m3_dia": "760.004384", "nombre_cap": "Finca Alcatraz Pozo 2", "x": "-76.667797", "y": "7.861336"}}, {"type": "Feature", "geometry": {"type": "Point", "coordinates": [-76.658023, 7.878135]}, "properties": {"fid": "120", "expediente": "16-01-02-0564-2008", "id_captaci": "279", "profundida": "60", "tipo_conce": "Subterranea", "uso": "Agrícola", "fecha_acto": "2012-01-17T00:00:00.000", "fecha_soli": "1997-01-01T00:00:00.000", "fecha_fina": "2022-01-17T00:00:00.000", "caudal_oto": "3.2", "regimen_di": "3", "regimen_se": "4", "dias_seman": "4", "semanas_an": "52", "m3_a_o": "7188.48", "m3_dia": "19.694466", "nombre_cap": "Finca Alex Helena Pozo 1", "x": "-76.658023", "y": "7.878135"}}, {"type": "Feature", "geometry": {"type": "Point", "coordinates": [-76.637087, 7.884913]}, "properties": {"fid": "121", "expediente": "200-16-51-01-0017-2012", "id_captaci": "PA-59", "profundida": "60", "tipo_conce": "Subterranea", "uso": "Riego", "fecha_acto": "2012-04-23T00:00:00.000", "fecha_soli": "2012-01-27T00:00:00.000", "fecha_fina": "2022-05-08T00:00:00.000", "caudal_oto": "0.1", "regimen_di": "2", "regimen_se": "5", "dias_seman": "5", "semanas_an": "52", "m3_a_o": "187.2", "m3_dia": "0.512877", "nombre_cap": "Cooperativa de Transporte Panamericana COOTRASPAN", "x": "-76.637087", "y": "7.884913"}}, {"type": "Feature", "geometry": {"type": "Point", "coordinates": [-76.653716, 7.868782]}, "properties": {"fid": "122", "expediente": "200-16-51-01-0022-2010", "id_captaci": "477", "profundida": "73", "tipo_conce": "Subterranea", "uso": "AgroIndustria", "fecha_acto": "2011-08-19T00:00:00.000", "fecha_soli": "2010-01-27T00:00:00.000", "fecha_fina": "2021-09-08T00:00:00.000", "caudal_oto": "2.6", "regimen_di": "2", "regimen_se": "5", "dias_seman": "5", "semanas_an": "52", "m3_a_o": "4867.2", "m3_dia": "13.334795", "nombre_cap": "Finca Zarzamora pozo 1", "x": "-76.653716", "y": "7.868782"}}, {"type": "Feature", "geometry": {"type": "Point", "coordinates": [-76.653326, 7.869306]}, "properties": {"fid": "123", "expediente": "200-16-51-01-0024-2016", "id_captaci": "533", "profundida": "140", "tipo_conce": "Subterranea", "uso": "riego", "fecha_acto": "2016-04-12T00:00:00.000", "fecha_soli": "2016-02-04T00:00:00.000", "fecha_fina": "2026-04-12T00:00:00.000", "caudal_oto": "70", "regimen_di": "16", "regimen_se": "7", "dias_seman": "7", "semanas_an": "16", "m3_a_o": "451584", "m3_dia": "1237.216438", "nombre_cap": "Finca Zarzamora pozo 2", "x": "-76.653326", "y": "7.869306"}}, {"type": "Feature", "geometry": {"type": "Point", "coordinates": [-76.671893, 7.854387]}, "properties": {"fid": "124", "expediente": "200-16-51-01-0032-2018", "id_captaci": "268", "profundida": "60", "tipo_conce": "Subterranea", "uso": "Riego", "fecha_acto": "2018-04-09T00:00:00.000", "fecha_soli": "2018-02-21T00:00:00.000", "fecha_fina": "2028-04-09T00:00:00.000", "caudal_oto": "1.19", "regimen_di": "4.38", "regimen_se": "4", "dias_seman": "4", "semanas_an": "52", "m3_a_o": "3902.89536", "m3_dia": "10.692864", "nombre_cap": "Finca Azucena", "x": "-76.671893", "y": "7.854387"}}, {"type": "Feature", "geometry": {"type": "Point", "coordinates": [-76.604152, 7.868376]}, "properties": {"fid": "125", "expediente": "200-16-51-01-0034-2018", "id_captaci": "569", "profundida": "130", "tipo_conce": "Subterranea", "uso": "Industrial", "fecha_acto": "2018-04-13T00:00:00.000", "fecha_soli": "2018-02-21T00:00:00.000", "fecha_fina": "2028-10-22T00:00:00.000", "caudal_oto": "4.7", "regimen_di": "2", "regimen_se": "3", "dias_seman": "3", "semanas_an": "52", "m3_a_o": "5279.04", "m3_dia": "14.463123", "nombre_cap": "Finca Makaira Pozo 2", "x": "-76.604152", "y": "7.868376"}}, {"type": "Feature", "geometry": {"type": "Point", "coordinates": [-76.652034, 7.856049]}, "properties": {"fid": "126", "expediente": "200-16-51-01-0039-2017", "id_captaci": "572", "profundida": "199", "tipo_conce": "Subterranea", "uso": "Riego", "fecha_acto": "2017-04-28T00:00:00.000", "fecha_soli": "2017-03-03T00:00:00.000", "fecha_fina": "2027-05-22T00:00:00.000", "caudal_oto": "70", "regimen_di": "10.6", "regimen_se": "7", "dias_seman": "7", "semanas_an": "16", "m3_a_o": "299174.4", "m3_dia": "819.65589", "nombre_cap": "Finca El Paso - Estoril Pozo 3 (empacadora)", "x": "-76.652034", "y": "7.856049"}}, {"type": "Feature", "geometry": {"type": "Point", "coordinates": [-76.636558, 7.870608]}, "properties": {"fid": "127", "expediente": "200-16-51-01-0054-2015", "id_captaci": "736", "profundida": "58", "tipo_conce": "Subterranea", "uso": "Riego", "fecha_acto": "2015-11-09T00:00:00.000", "fecha_soli": "2015-03-10T00:00:00.000", "fecha_fina": "2025-11-27T00:00:00.000", "caudal_oto": "5.2", "regimen_di": "5.4", "regimen_se": "5", "dias_seman": "5", "semanas_an": "52", "m3_a_o": "26282.88", "m3_dia": "72.00789", "nombre_cap": "Universidad de Antioquia", "x": "-76.636558", "y": "7.870608"}}, {"type": "Feature", "geometry": {"type": "Point", "coordinates": [-76.631309, 7.87761]}, "properties": {"fid": "128", "expediente": "200-16-51-01-0066-2015", "id_captaci": "745", "profundida": "142", "tipo_conce": "Subterranea", "uso": "Industrial", "fecha_acto": "2015-06-03T00:00:00.000", "fecha_soli": "2015-03-25T00:00:00.000", "fecha_fina": "2025-06-23T00:00:00.000", "caudal_oto": "1.4", "regimen_di": "1.2", "regimen_se": "5", "dias_seman": "5", "semanas_an": "52", "m3_a_o": "1572.48", "m3_dia": "4.308164", "nombre_cap": "COOTRANSCONDOR", "x": "-76.631309", "y": "7.87761"}}, {"type": "Feature", "geometry": {"type": "Point", "coordinates": [-76.670133, 7.864666]}, "properties": {"fid": "129", "expediente": "200-16-51-01-0081-2017", "id_captaci": "197", "profundida": "80", "tipo_conce": "Subterranea", "uso": "Agrícola", "fecha_acto": "2017-07-21T00:00:00.000", "fecha_soli": "2017-05-15T00:00:00.000", "fecha_fina": "2027-08-01T00:00:00.000", "caudal_oto": "4.55", "regimen_di": "5.19", "regimen_se": "3", "dias_seman": "3", "semanas_an": "52", "m3_a_o": "13261.9032", "m3_dia": "36.333981", "nombre_cap": "Finca Tagual Pozo 2", "x": "-76.670133", "y": "7.864666"}}, {"type": "Feature", "geometry": {"type": "Point", "coordinates": [-76.695861, 7.854972]}, "properties": {"fid": "130", "expediente": "200-16-51-01-0089-2017", "id_captaci": "sub_c_130", "profundida": "60", "tipo_conce": "Subterranea", "uso": "Doméstico", "fecha_acto": "2017-07-13T00:00:00.000", "fecha_soli": "2017-05-16T00:00:00.000", "fecha_fina": "2027-08-01T00:00:00.000", "caudal_oto": "3.28", "regimen_di": "0.5", "regimen_se": "6.5", "dias_seman": "6.5", "semanas_an": "52", "m3_a_o": "1995.552", "m3_dia": "5.467266", "nombre_cap": "Pozo Artesanal Fca Lucitana  (SULTANA)", "x": "-76.695861", "y": "7.854972"}}, {"type": "Feature", "geometry": {"type": "Point", "coordinates": [-76.603333, 7.879667]}, "properties": {"fid": "131", "expediente": "200-16-51-01-0093-2019", "id_captaci": "PA-75", "profundida": "60", "tipo_conce": "Subterranea", "uso": "Industrial", "fecha_acto": "2019-08-02T00:00:00.000", "fecha_soli": "2019-04-24T00:00:00.000", "fecha_fina": "2029-08-02T00:00:00.000", "caudal_oto": "2.2", "regimen_di": "3.79", "regimen_se": "7", "dias_seman": "7", "semanas_an": "52", "m3_a_o": "10926.1152", "m3_dia": "29.934562", "nombre_cap": "Santur Aljibe", "x": "-76.603333", "y": "7.879667"}}, {"type": "Feature", "geometry": {"type": "Point", "coordinates": [-76.663241, 7.856304]}, "properties": {"fid": "132", "expediente": "200-16-51-01-0095-2010", "id_captaci": "246", "profundida": "118", "tipo_conce": "Subterranea", "uso": "Riego", "fecha_acto": "2014-02-17T00:00:00.000", "fecha_soli": "2010-03-25T00:00:00.000", "fecha_fina": "2024-02-17T00:00:00.000", "caudal_oto": "40", "regimen_di": "0.3", "regimen_se": "6", "dias_seman": "6", "semanas_an": "52", "m3_a_o": "13478.4", "m3_dia": "36.927123", "nombre_cap": "Finca Porfrancia", "x": "-76.663241", "y": "7.856304"}}, {"type": "Feature", "geometry": {"type": "Point", "coordinates": [-76.662545, 7.854052]}, "properties": {"fid": "133", "expediente": "200-16-51-01-0110-2018", "id_captaci": "173", "profundida": "60", "tipo_conce": "Subterranea", "uso": "Agrícola", "fecha_acto": "2018-06-05T00:00:00.000", "fecha_soli": "2018-05-09T00:00:00.000", "fecha_fina": "2028-06-19T00:00:00.000", "caudal_oto": "4.9", "regimen_di": "2.27", "regimen_se": "4", "dias_seman": "4", "semanas_an": "52", "m3_a_o": "8328.9024", "m3_dia": "22.818911", "nombre_cap": "Finca Pangordito", "x": "-76.662545", "y": "7.854052"}}, {"type": "Feature", "geometry": {"type": "Point", "coordinates": [-76.623115, 7.858089]}, "properties": {"fid": "134", "expediente": "200-16-51-01-0113-2012", "id_captaci": "476", "profundida": "60", "tipo_conce": "Subterranea", "uso": "Industrial", "fecha_acto": "2012-11-01T00:00:00.000", "fecha_soli": "2012-06-29T00:00:00.000", "fecha_fina": "2022-11-22T00:00:00.000", "caudal_oto": "2", "regimen_di": "3.59", "regimen_se": "4", "dias_seman": "4", "semanas_an": "52", "m3_a_o": "5376.384", "m3_dia": "14.729819", "nombre_cap": "La Navarra pozo 2", "x": "-76.623115", "y": "7.858089"}}, {"type": "Feature", "geometry": {"type": "Point", "coordinates": [-76.642218, 7.869665]}, "properties": {"fid": "135", "expediente": "200-16-51-01-0115-2014", "id_captaci": "116", "profundida": "60", "tipo_conce": "Subterranea", "uso": "Doméstico", "fecha_acto": "2014-08-05T00:00:00.000", "fecha_soli": "2014-05-28T00:00:00.000", "fecha_fina": "2024-08-15T00:00:00.000", "caudal_oto": "3.6", "regimen_di": "3", "regimen_se": "2", "dias_seman": "2", "semanas_an": "52", "m3_a_o": "4043.52", "m3_dia": "11.078137", "nombre_cap": "Finca Cabo de Hornos", "x": "-76.642218", "y": "7.869665"}}, {"type": "Feature", "geometry": {"type": "Point", "coordinates": [-76.682587, 7.869994]}, "properties": {"fid": "136", "expediente": "200-16-51-01-0120-2017", "id_captaci": "257", "profundida": "90", "tipo_conce": "Subterranea", "uso": "Agrícola", "fecha_acto": "2017-07-19T00:00:00.000", "fecha_soli": "2017-06-13T00:00:00.000", "fecha_fina": "2027-08-01T00:00:00.000", "caudal_oto": "3.5", "regimen_di": "3.58", "regimen_se": "3", "dias_seman": "3", "semanas_an": "52", "m3_a_o": "7036.848", "m3_dia": "19.279036", "nombre_cap": "Pozo profundo FCA: Sayula", "x": "-76.682587", "y": "7.869994"}}, {"type": "Feature", "geometry": {"type": "Point", "coordinates": [-76.650218, 7.866708]}, "properties": {"fid": "137", "expediente": "200-16-51-01-0123-2017", "id_captaci": "175", "profundida": "60", "tipo_conce": "Subterranea", "uso": "Agrícola", "fecha_acto": "2017-07-25T00:00:00.000", "fecha_soli": "2017-06-13T00:00:00.000", "fecha_fina": "2027-08-01T00:00:00.000", "caudal_oto": "4.42", "regimen_di": "2.4", "regimen_se": "3", "dias_seman": "3", "semanas_an": "52", "m3_a_o": "5957.4528", "m3_dia": "16.321788", "nombre_cap": "Finca Altamira", "x": "-76.650218", "y": "7.866708"}}, {"type": "Feature", "geometry": {"type": "Point", "coordinates": [-76.65316, 7.880861]}, "properties": {"fid": "138", "expediente": "200-16-51-01-0146-2015", "id_captaci": "375", "profundida": "140", "tipo_conce": "Subterranea", "uso": "Agrícola", "fecha_acto": "2015-10-07T00:00:00.000", "fecha_soli": "2015-05-19T00:00:00.000", "fecha_fina": "2025-10-23T00:00:00.000", "caudal_oto": "2.7", "regimen_di": "12.6", "regimen_se": "2", "dias_seman": "2", "semanas_an": "52", "m3_a_o": "12737.088", "m3_dia": "34.896132", "nombre_cap": "Finca El Casco", "x": "-76.65316", "y": "7.880861"}}, {"type": "Feature", "geometry": {"type": "Point", "coordinates": [-76.65316, 7.880861]}, "properties": {"fid": "139", "expediente": "200-16-51-01-0146-2015", "id_captaci": "375", "profundida": "140", "tipo_conce": "Subterranea", "uso": "Riego", "fecha_acto": "2015-10-07T00:00:00.000", "fecha_soli": "2015-05-19T00:00:00.000", "fecha_fina": "2025-10-23T00:00:00.000", "caudal_oto": "19.2", "regimen_di": "16", "regimen_se": "7", "dias_seman": "7", "semanas_an": "16", "m3_a_o": "123863.04", "m3_dia": "339.350795", "nombre_cap": "Finca El Casco", "x": "-76.65316", "y": "7.880861"}}, {"type": "Feature", "geometry": {"type": "Point", "coordinates": [-76.634433, 7.882433]}, "properties": {"fid": "140", "expediente": "200-16-51-01-0148-2010", "id_captaci": "621", "profundida": "53", "tipo_conce": "Subterranea", "uso": "Industrial", "fecha_acto": "2011-02-24T00:00:00.000", "fecha_soli": "2010-05-21T00:00:00.000", "fecha_fina": "2021-02-24T00:00:00.000", "caudal_oto": "2.8", "regimen_di": "2", "regimen_se": "7", "dias_seman": "7", "semanas_an": "52", "m3_a_o": "7338.24", "m3_dia": "20.104767", "nombre_cap": "PARCENTRO -  Lavadero José Apolinar Giraldo", "x": "-76.634433", "y": "7.882433"}}, {"type": "Feature", "geometry": {"type": "Point", "coordinates": [-76.635694, 7.856141]}, "properties": {"fid": "141", "expediente": "200-16-51-01-0154-2010", "id_captaci": "622", "profundida": "98", "tipo_conce": "Subterranea", "uso": "Riego", "fecha_acto": "2011-05-30T00:00:00.000", "fecha_soli": "2010-05-25T00:00:00.000", "fecha_fina": "2021-05-30T00:00:00.000", "caudal_oto": "3.2", "regimen_di": "6", "regimen_se": "7", "dias_seman": "7", "semanas_an": "52", "m3_a_o": "25159.68", "m3_dia": "68.93063", "nombre_cap": "Comfenalco Parque de los Encuentros Pozo 2", "x": "-76.635694", "y": "7.856141"}}, {"type": "Feature", "geometry": {"type": "Point", "coordinates": [-76.637709, 7.862535]}, "properties": {"fid": "142", "expediente": "200-16-51-01-0157-2017", "id_captaci": "153", "profundida": "53", "tipo_conce": "Subterranea", "uso": "Agrícola", "fecha_acto": "2017-09-21T00:00:00.000", "fecha_soli": "2017-08-09T00:00:00.000", "fecha_fina": "2027-10-03T00:00:00.000", "caudal_oto": "3", "regimen_di": "3.3", "regimen_se": "3", "dias_seman": "3", "semanas_an": "52", "m3_a_o": "5559.84", "m3_dia": "15.232438", "nombre_cap": "Pozo profundo Finca La Sierra", "x": "-76.637709", "y": "7.862535"}}, {"type": "Feature", "geometry": {"type": "Point", "coordinates": [-76.628472, 7.883639]}, "properties": {"fid": "143", "expediente": "200-16-51-01-0180-2019", "id_captaci": "P-148", "profundida": "140", "tipo_conce": "Subterranea", "uso": "Abastecimiento Acueducto Municipal", "fecha_acto": "2019-09-13T00:00:00.000", "fecha_soli": "2019-08-12T00:00:00.000", "fecha_fina": "2039-09-13T00:00:00.000", "caudal_oto": "58", "regimen_di": "16", "regimen_se": "7", "dias_seman": "7", "semanas_an": "16", "m3_a_o": "374169.6", "m3_dia": "1025.122192", "nombre_cap": "Pozo profundo planta Apartadó Aguas de Uraba, P1", "x": "-76.628472", "y": "7.883639"}}, {"type": "Feature", "geometry": {"type": "Point", "coordinates": [-76.647641, 7.859996]}, "properties": {"fid": "144", "expediente": "200-16-51-01-0189-2013", "id_captaci": "351", "profundida": "157.7", "tipo_conce": "Subterranea", "uso": "riego", "fecha_acto": "2014-01-20T00:00:00.000", "fecha_soli": "2013-09-09T00:00:00.000", "fecha_fina": "2024-03-13T00:00:00.000", "caudal_oto": "24", "regimen_di": "16", "regimen_se": "7", "dias_seman": "7", "semanas_an": "16", "m3_a_o": "154828.8", "m3_dia": "424.188493", "nombre_cap": "Finca El Paso - Estoril Pozo 2", "x": "-76.647641", "y": "7.859996"}}, {"type": "Feature", "geometry": {"type": "Point", "coordinates": [-76.667551, 7.880143]}, "properties": {"fid": "145", "expediente": "200-16-51-01-0196-2018", "id_captaci": "130", "profundida": "60", "tipo_conce": "Subterranea", "uso": "Agrícola", "fecha_acto": "2018-09-10T00:00:00.000", "fecha_soli": "2018-07-24T00:00:00.000", "fecha_fina": "2028-09-20T00:00:00.000", "caudal_oto": "3.6", "regimen_di": "4.47", "regimen_se": "4", "dias_seman": "4", "semanas_an": "52", "m3_a_o": "12049.6896", "m3_dia": "33.012848", "nombre_cap": "Finca Doña Francia Pozo 1", "x": "-76.667551", "y": "7.880143"}}, {"type": "Feature", "geometry": {"type": "Point", "coordinates": [-76.741721, 7.854947]}, "properties": {"fid": "146", "expediente": "200-16-51-01-0197-2013", "id_captaci": "81", "profundida": "86", "tipo_conce": "Subterranea", "uso": "AgroIndustria", "fecha_acto": "2015-05-11T00:00:00.000", "fecha_soli": "2013-09-16T00:00:00.000", "fecha_fina": "2025-06-09T00:00:00.000", "caudal_oto": "2", "regimen_di": "11.5", "regimen_se": "2", "dias_seman": "2", "semanas_an": "52", "m3_a_o": "8611.2", "m3_dia": "23.592329", "nombre_cap": "Finca Sierra Morena", "x": "-76.741721", "y": "7.854947"}}, {"type": "Feature", "geometry": {"type": "Point", "coordinates": [-76.63989, 7.858414]}, "properties": {"fid": "147", "expediente": "200-16-51-01-0199-2016", "id_captaci": "200", "profundida": "70", "tipo_conce": "Subterranea", "uso": "Agrícola", "fecha_acto": "2016-10-04T00:00:00.000", "fecha_soli": "2016-07-07T00:00:00.000", "fecha_fina": "2026-11-04T00:00:00.000", "caudal_oto": "1.1", "regimen_di": "10.3", "regimen_se": "6", "dias_seman": "6", "semanas_an": "52", "m3_a_o": "12725.856", "m3_dia": "34.865359", "nombre_cap": "Finca Trinidad (se unió con el Paso)", "x": "-76.63989", "y": "7.858414"}}, {"type": "Feature", "geometry": {"type": "Point", "coordinates": [-76.691139, 7.859528]}, "properties": {"fid": "148", "expediente": "200-16-51-01-0209-2019", "id_captaci": "154", "profundida": "60", "tipo_conce": "Subterranea", "uso": "Agrícola", "fecha_acto": "2019-10-21T00:00:00.000", "fecha_soli": "2019-08-28T00:00:00.000", "fecha_fina": "2029-10-20T00:00:00.000", "caudal_oto": "2.9", "regimen_di": "4.1", "regimen_se": "4", "dias_seman": "4", "semanas_an": "52", "m3_a_o": "8903.232", "m3_dia": "24.392416", "nombre_cap": "Finca Laureles Pozo 1 (Sultana)", "x": "-76.691139", "y": "7.859528"}}, {"type": "Feature", "geometry": {"type": "Point", "coordinates": [-76.667551, 7.880143]}, "properties": {"fid": "149", "expediente": "200-16-51-01-0211-2016", "id_captaci": "130", "profundida": "140", "tipo_conce": "Subterranea", "uso": "Riego", "fecha_acto": "2016-11-08T00:00:00.000", "fecha_soli": "2016-07-13T00:00:00.000", "fecha_fina": "2026-11-22T00:00:00.000", "caudal_oto": "95", "regimen_di": "15.7", "regimen_se": "7", "dias_seman": "7", "semanas_an": "16", "m3_a_o": "601372.8", "m3_dia": "1647.596712", "nombre_cap": "Finca Doña Francia Pozo 1", "x": "-76.667551", "y": "7.880143"}}, {"type": "Feature", "geometry": {"type": "Point", "coordinates": [-76.664634, 7.886804]}, "properties": {"fid": "150", "expediente": "200-16-51-01-0218-2016", "id_captaci": "506", "profundida": "68", "tipo_conce": "Subterranea", "uso": "Agrícola", "fecha_acto": "2016-10-10T00:00:00.000", "fecha_soli": "2016-07-21T00:00:00.000", "fecha_fina": "2026-10-19T00:00:00.000", "caudal_oto": "3", "regimen_di": "6.2", "regimen_se": "2", "dias_seman": "2", "semanas_an": "52", "m3_a_o": "6963.84", "m3_dia": "19.079014", "nombre_cap": "Finca El Dorado", "x": "-76.664634", "y": "7.886804"}}, {"type": "Feature", "geometry": {"type": "Point", "coordinates": [-76.61621, 7.870921]}, "properties": {"fid": "151", "expediente": "200-16-51-01-0244-2016", "id_captaci": "126", "profundida": "30", "tipo_conce": "Subterranea", "uso": "Agrícola", "fecha_acto": "2016-10-27T00:00:00.000", "fecha_soli": "2016-08-02T00:00:00.000", "fecha_fina": "2026-11-01T00:00:00.000", "caudal_oto": "7.4", "regimen_di": "4", "regimen_se": "1", "dias_seman": "1", "semanas_an": "52", "m3_a_o": "5541.12", "m3_dia": "15.181151", "nombre_cap": "Pozp profundo FINCA CORRALITO", "x": "-76.61621", "y": "7.870921"}}, {"type": "Feature", "geometry": {"type": "Point", "coordinates": [-76.643333, 7.877833]}, "properties": {"fid": "152", "expediente": "200-16-51-01-0260-2018", "id_captaci": "P-130", "profundida": "140", "tipo_conce": "Subterranea", "uso": "Riego", "fecha_acto": "2018-10-11T00:00:00.000", "fecha_soli": "2018-09-03T00:00:00.000", "fecha_fina": "2028-10-18T00:00:00.000", "caudal_oto": "19.2", "regimen_di": "16", "regimen_se": "7", "dias_seman": "7", "semanas_an": "52", "m3_a_o": "402554.88", "m3_dia": "1102.890082", "nombre_cap": "Finca El Casco Pozo 2", "x": "-76.643333", "y": "7.877833"}}, {"type": "Feature", "geometry": {"type": "Point", "coordinates": [-76.661324, 7.886837]}, "properties": {"fid": "153", "expediente": "200-16-51-01-0270-2016", "id_captaci": "304", "profundida": "68", "tipo_conce": "Subterranea", "uso": "Doméstico", "fecha_acto": "2016-10-31T00:00:00.000", "fecha_soli": "2016-09-07T00:00:00.000", "fecha_fina": "2026-11-18T00:00:00.000", "caudal_oto": "4.7", "regimen_di": "3", "regimen_se": "1", "dias_seman": "1", "semanas_an": "52", "m3_a_o": "2639.52", "m3_dia": "7.231562", "nombre_cap": "Captacion Finca Aguacatala Bananera", "x": "-76.661324", "y": "7.886837"}}, {"type": "Feature", "geometry": {"type": "Point", "coordinates": [-76.633083, 7.878528]}, "properties": {"fid": "154", "expediente": "200-16-51-01-0274-2016", "id_captaci": "sub_c_129", "profundida": "60", "tipo_conce": "Subterranea", "uso": "Industrial", "fecha_acto": "2016-11-08T00:00:00.000", "fecha_soli": "2016-09-13T00:00:00.000", "fecha_fina": "2026-11-22T00:00:00.000", "caudal_oto": "2", "regimen_di": "0.5", "regimen_se": "3", "dias_seman": "3", "semanas_an": "52", "m3_a_o": "561.6", "m3_dia": "1.53863", "nombre_cap": "Lavapar la 92", "x": "-76.633083", "y": "7.878528"}}, {"type": "Feature", "geometry": {"type": "Point", "coordinates": [-76.705686, 7.886779]}, "properties": {"fid": "155", "expediente": "200-16-51-01-0275-2017", "id_captaci": "312", "profundida": "75", "tipo_conce": "Subterranea", "uso": "Agrícola", "fecha_acto": "2017-10-30T00:00:00.000", "fecha_soli": "2017-09-21T00:00:00.000", "fecha_fina": "2027-11-01T00:00:00.000", "caudal_oto": "4.46", "regimen_di": "3.35", "regimen_se": "4", "dias_seman": "4", "semanas_an": "52", "m3_a_o": "11187.8208", "m3_dia": "30.651564", "nombre_cap": "Finca Raices", "x": "-76.705686", "y": "7.886779"}}, {"type": "Feature", "geometry": {"type": "Point", "coordinates": [-76.639939, 7.871444]}, "properties": {"fid": "156", "expediente": "200-16-51-01-0296-2016", "id_captaci": "177", "profundida": "61", "tipo_conce": "Subterranea", "uso": "Riego", "fecha_acto": "2017-01-18T00:00:00.000", "fecha_soli": "2016-09-27T00:00:00.000", "fecha_fina": "2027-02-08T00:00:00.000", "caudal_oto": "6.57", "regimen_di": "2.22", "regimen_se": "2", "dias_seman": "2", "semanas_an": "52", "m3_a_o": "5460.77376", "m3_dia": "14.961024", "nombre_cap": "Finca Praga", "x": "-76.639939", "y": "7.871444"}}, {"type": "Feature", "geometry": {"type": "Point", "coordinates": [-76.631833, 7.878333]}, "properties": {"fid": "157", "expediente": "200-16-51-01-0304-2015", "id_captaci": "PA-72", "profundida": "60", "tipo_conce": "Subterranea", "uso": "Industrial", "fecha_acto": "2016-02-08T00:00:00.000", "fecha_soli": "2015-10-21T00:00:00.000", "fecha_fina": "2026-02-09T00:00:00.000", "caudal_oto": "0.86", "regimen_di": "1", "regimen_se": "5", "dias_seman": "5", "semanas_an": "52", "m3_a_o": "804.96", "m3_dia": "2.20537", "nombre_cap": "Captacion subterranea parqueadero Heraclio Gomez", "x": "-76.631833", "y": "7.878333"}}, {"type": "Feature", "geometry": {"type": "Point", "coordinates": [-76.634444, 7.863639]}, "properties": {"fid": "158", "expediente": "200-16-51-01-0316-2018", "id_captaci": "P-145", "profundida": "60", "tipo_conce": "Subterranea", "uso": "Riego", "fecha_acto": "2019-01-18T00:00:00.000", "fecha_soli": "2018-11-19T00:00:00.000", "fecha_fina": "2029-03-05T00:00:00.000", "caudal_oto": "14", "regimen_di": "8.5", "regimen_se": "7", "dias_seman": "7", "semanas_an": "52", "m3_a_o": "155937.6", "m3_dia": "427.226301", "nombre_cap": "Pozo Finca Salvamento", "x": "-76.634444", "y": "7.863639"}}, {"type": "Feature", "geometry": {"type": "Point", "coordinates": [-76.744713, 7.856486]}, "properties": {"fid": "159", "expediente": "200-16-51-01-0319-2018", "id_captaci": "94", "profundida": "120", "tipo_conce": "Subterranea", "uso": "Industrial", "fecha_acto": "2019-01-28T00:00:00.000", "fecha_soli": "2018-11-21T00:00:00.000", "fecha_fina": "2029-01-28T00:00:00.000", "caudal_oto": "7.8", "regimen_di": "7.4", "regimen_se": "7", "dias_seman": "7", "semanas_an": "52", "m3_a_o": "75636.288", "m3_dia": "207.222707", "nombre_cap": "Uniban Fabrica de Cajas", "x": "-76.744713", "y": "7.856486"}}, {"type": "Feature", "geometry": {"type": "Point", "coordinates": [-76.672077, 7.860943]}, "properties": {"fid": "160", "expediente": "200-16-51-01-0334-2017", "id_captaci": "108", "profundida": "60", "tipo_conce": "Subterranea", "uso": "Agrícola", "fecha_acto": "2017-12-21T00:00:00.000", "fecha_soli": "2017-11-28T00:00:00.000", "fecha_fina": "2028-01-15T00:00:00.000", "caudal_oto": "3.6", "regimen_di": "3.48", "regimen_se": "3", "dias_seman": "3", "semanas_an": "52", "m3_a_o": "7035.7248", "m3_dia": "19.275958", "nombre_cap": "Finca Alcatraz Pozo 1", "x": "-76.672077", "y": "7.860943"}}, {"type": "Feature", "geometry": {"type": "Point", "coordinates": [-76.659076, 7.876889]}, "properties": {"fid": "161", "expediente": "200-16-51-01-0347-2017", "id_captaci": "614", "profundida": "140", "tipo_conce": "Subterranea", "uso": "Riego", "fecha_acto": "2018-01-31T00:00:00.000", "fecha_soli": "2017-12-13T00:00:00.000", "fecha_fina": "2028-02-01T00:00:00.000", "caudal_oto": "58", "regimen_di": "16", "regimen_se": "7", "dias_seman": "7", "semanas_an": "16", "m3_a_o": "374169.6", "m3_dia": "1025.122192", "nombre_cap": "Finca Alex Helena Pozo 2", "x": "-76.659076", "y": "7.876889"}}, {"type": "Feature", "geometry": {"type": "Point", "coordinates": [-76.694645, 7.872086]}, "properties": {"fid": "162", "expediente": "200-16-51-01-0368-2016", "id_captaci": "591", "profundida": "144", "tipo_conce": "Subterranea", "uso": "Doméstico", "fecha_acto": "2017-08-31T00:00:00.000", "fecha_soli": "2016-12-30T00:00:00.000", "fecha_fina": "2027-09-12T00:00:00.000", "caudal_oto": "12", "regimen_di": "8", "regimen_se": "1", "dias_seman": "1", "semanas_an": "52", "m3_a_o": "17971.2", "m3_dia": "49.236164", "nombre_cap": "Finca El Antojo Pozo 2", "x": "-76.694645", "y": "7.872086"}}, {"type": "Feature", "geometry": {"type": "Point", "coordinates": [-76.694645, 7.872086]}, "properties": {"fid": "163", "expediente": "200-16-51-01-0368-2016", "id_captaci": "591", "profundida": "144", "tipo_conce": "Subterranea", "uso": "Riego", "fecha_acto": "2017-08-31T00:00:00.000", "fecha_soli": "2016-12-30T00:00:00.000", "fecha_fina": "2027-09-12T00:00:00.000", "caudal_oto": "30", "regimen_di": "16", "regimen_se": "7", "dias_seman": "7", "semanas_an": "16", "m3_a_o": "193536", "m3_dia": "530.235616", "nombre_cap": "Finca El Antojo Pozo 2", "x": "-76.694645", "y": "7.872086"}}, {"type": "Feature", "geometry": {"type": "Point", "coordinates": [-76.739851, 7.846916]}, "properties": {"fid": "164", "expediente": "200-16-51-01-0019-2015", "id_captaci": "66", "profundida": "102", "tipo_conce": "Subterranea", "uso": "Abastecimiento Acueducto Veredal", "fecha_acto": "2015-04-23T00:00:00.000", "fecha_soli": "2015-02-05T00:00:00.000", "fecha_fina": "2035-05-22T00:00:00.000", "caudal_oto": "10", "regimen_di": "3.85", "regimen_se": "7", "dias_seman": "7", "semanas_an": "52", "m3_a_o": "50450.4", "m3_dia": "138.220274", "nombre_cap": "Acueducto Barrio Pueblo Nuevo", "x": "-76.739851", "y": "7.846916"}}, {"type": "Feature", "geometry": {"type": "Point", "coordinates": [-76.64244, 7.847531]}, "properties": {"fid": "165", "expediente": "200-16-51-01-0095-2016", "id_captaci": "578", "profundida": "85", "tipo_conce": "Subterranea", "uso": "Agrícola", "fecha_acto": "2016-08-18T00:00:00.000", "fecha_soli": "2016-04-12T00:00:00.000", "fecha_fina": "2026-08-31T00:00:00.000", "caudal_oto": "13.23", "regimen_di": "2.4", "regimen_se": "1", "dias_seman": "1", "semanas_an": "52", "m3_a_o": "5943.9744", "m3_dia": "16.284861", "nombre_cap": "Finca Canaima Pozo empacadora", "x": "-76.64244", "y": "7.847531"}}, {"type": "Feature", "geometry": {"type": "Point", "coordinates": [-76.64244, 7.847531]}, "properties": {"fid": "166", "expediente": "200-16-51-01-0095-2016", "id_captaci": "578", "profundida": "85", "tipo_conce": "Subterranea", "uso": "Riego", "fecha_acto": "2016-08-18T00:00:00.000", "fecha_soli": "2016-04-12T00:00:00.000", "fecha_fina": "2026-08-31T00:00:00.000", "caudal_oto": "13.23", "regimen_di": "5", "regimen_se": "1", "dias_seman": "1", "semanas_an": "52", "m3_a_o": "12383.28", "m3_dia": "33.926795", "nombre_cap": "Finca Canaima Pozo empacadora", "x": "-76.64244", "y": "7.847531"}}, {"type": "Feature", "geometry": {"type": "Point", "coordinates": [-76.656328, 7.850692]}, "properties": {"fid": "167", "expediente": "200-16-51-01-0098-2019", "id_captaci": "139", "profundida": "60", "tipo_conce": "Subterranea", "uso": "Industrial", "fecha_acto": "2019-07-09T00:00:00.000", "fecha_soli": "2019-04-29T00:00:00.000", "fecha_fina": "2029-07-16T00:00:00.000", "caudal_oto": "2.3", "regimen_di": "5.1", "regimen_se": "4", "dias_seman": "4", "semanas_an": "52", "m3_a_o": "8783.424", "m3_dia": "24.064175", "nombre_cap": "Finca El Tirol", "x": "-76.656328", "y": "7.850692"}}, {"type": "Feature", "geometry": {"type": "Point", "coordinates": [-76.740921, 7.847269]}, "properties": {"fid": "168", "expediente": "200-16-51-01-0105-2017", "id_captaci": "50", "profundida": "60", "tipo_conce": "Subterranea", "uso": "Agrícola", "fecha_acto": "2018-10-18T00:00:00.000", "fecha_soli": "2017-05-23T00:00:00.000", "fecha_fina": "2028-10-18T00:00:00.000", "caudal_oto": "3.72", "regimen_di": "3.05", "regimen_se": "2.5", "dias_seman": "2.5", "semanas_an": "52", "m3_a_o": "5309.928", "m3_dia": "14.547748", "nombre_cap": "Finca Lucitania", "x": "-76.740921", "y": "7.847269"}}, {"type": "Feature", "geometry": {"type": "Point", "coordinates": [-76.714556, 7.843775]}, "properties": {"fid": "169", "expediente": "200-16-51-01-0135-2013", "id_captaci": "407", "profundida": "60", "tipo_conce": "Subterranea", "uso": "Industrial", "fecha_acto": "2013-10-01T00:00:00.000", "fecha_soli": "2013-06-28T00:00:00.000", "fecha_fina": "2023-10-17T00:00:00.000", "caudal_oto": "4.4", "regimen_di": "2", "regimen_se": "4", "dias_seman": "4", "semanas_an": "52", "m3_a_o": "6589.44", "m3_dia": "18.05326", "nombre_cap": "Finca Candela", "x": "-76.714556", "y": "7.843775"}}, {"type": "Feature", "geometry": {"type": "Point", "coordinates": [-76.681973, 7.848022]}, "properties": {"fid": "170", "expediente": "200-16-51-01-0156-2017", "id_captaci": "184", "profundida": "80", "tipo_conce": "Subterranea", "uso": "Agrícola", "fecha_acto": "2017-09-26T00:00:00.000", "fecha_soli": "2017-08-09T00:00:00.000", "fecha_fina": "2027-10-03T00:00:00.000", "caudal_oto": "4.36", "regimen_di": "3.73", "regimen_se": "4", "dias_seman": "4", "semanas_an": "52", "m3_a_o": "12177.58464", "m3_dia": "33.363246", "nombre_cap": "Finca San Felipe", "x": "-76.681973", "y": "7.848022"}}, {"type": "Feature", "geometry": {"type": "Point", "coordinates": [-76.743411, 7.851557]}, "properties": {"fid": "171", "expediente": "200-16-51-01-0156-2019", "id_captaci": "423", "profundida": "63", "tipo_conce": "Subterranea", "uso": "Riego", "fecha_acto": "2019-11-05T00:00:00.000", "fecha_soli": "2019-07-08T00:00:00.000", "fecha_fina": "2029-11-05T00:00:00.000", "caudal_oto": "8.81", "regimen_di": "1.74", "regimen_se": "4.08", "dias_seman": "4.08", "semanas_an": "52", "m3_a_o": "11708.227814", "m3_dia": "32.077336", "nombre_cap": "Banacol Embarcadero Zungo", "x": "-76.743411", "y": "7.851557"}}, {"type": "Feature", "geometry": {"type": "Point", "coordinates": [-76.738893, 7.843633]}, "properties": {"fid": "172", "expediente": "200-16-51-01-0182-2010", "id_captaci": "95", "profundida": "60", "tipo_conce": "Subterranea", "uso": "Agrícola", "fecha_acto": "2011-07-25T00:00:00.000", "fecha_soli": "2010-06-29T00:00:00.000", "fecha_fina": "2021-07-25T00:00:00.000", "caudal_oto": "4.4", "regimen_di": "2", "regimen_se": "3", "dias_seman": "3", "semanas_an": "52", "m3_a_o": "4942.08", "m3_dia": "13.539945", "nombre_cap": "Finca Venecia", "x": "-76.738893", "y": "7.843633"}}, {"type": "Feature", "geometry": {"type": "Point", "coordinates": [-76.738893, 7.843633]}, "properties": {"fid": "173", "expediente": "200-16-51-01-0182-2010", "id_captaci": "95", "profundida": "60", "tipo_conce": "Subterranea", "uso": "AgroIndustria", "fecha_acto": "2011-07-25T00:00:00.000", "fecha_soli": "2010-06-29T00:00:00.000", "fecha_fina": "2021-07-25T00:00:00.000", "caudal_oto": "4.85", "regimen_di": "2", "regimen_se": "3", "dias_seman": "3", "semanas_an": "52", "m3_a_o": "5447.52", "m3_dia": "14.924712", "nombre_cap": "Finca Venecia", "x": "-76.738893", "y": "7.843633"}}, {"type": "Feature", "geometry": {"type": "Point", "coordinates": [-76.747745, 7.851579]}, "properties": {"fid": "174", "expediente": "200-16-51-01-0183-2018", "id_captaci": "647", "profundida": "105", "tipo_conce": "Subterranea", "uso": "Industrial", "fecha_acto": "2018-09-06T00:00:00.000", "fecha_soli": "2018-07-18T00:00:00.000", "fecha_fina": "2021-09-25T00:00:00.000", "caudal_oto": "7.7", "regimen_di": "9.5", "regimen_se": "4", "dias_seman": "4", "semanas_an": "52", "m3_a_o": "54774.72", "m3_dia": "150.067726", "nombre_cap": "Planta procesadora de Snacks y Plátano (uniban)", "x": "-76.747745", "y": "7.851579"}}, {"type": "Feature", "geometry": {"type": "Point", "coordinates": [-76.731851, 7.849559]}, "properties": {"fid": "175", "expediente": "200-16-51-01-0191-2016", "id_captaci": "100", "profundida": "60", "tipo_conce": "Subterranea", "uso": "Agrícola", "fecha_acto": "2016-10-31T00:00:00.000", "fecha_soli": "2016-06-30T00:00:00.000", "fecha_fina": "2026-11-16T00:00:00.000", "caudal_oto": "3", "regimen_di": "5.48", "regimen_se": "5.5", "dias_seman": "5.5", "semanas_an": "52", "m3_a_o": "16926.624", "m3_dia": "46.374312", "nombre_cap": "Finca Zulemar", "x": "-76.731851", "y": "7.849559"}}, {"type": "Feature", "geometry": {"type": "Point", "coordinates": [-76.643111, 7.851611]}, "properties": {"fid": "176", "expediente": "200-16-51-01-0209-2018", "id_captaci": "577", "profundida": "80", "tipo_conce": "Subterranea", "uso": "Agrícola", "fecha_acto": "2019-10-04T00:00:00.000", "fecha_soli": "2018-08-03T00:00:00.000", "fecha_fina": "2029-10-03T00:00:00.000", "caudal_oto": "3.5", "regimen_di": "3", "regimen_se": "3", "dias_seman": "3", "semanas_an": "52", "m3_a_o": "5896.8", "m3_dia": "16.155616", "nombre_cap": "Finca Canaima Pozo campamento", "x": "-76.643111", "y": "7.851611"}}, {"type": "Feature", "geometry": {"type": "Point", "coordinates": [-76.663116, 7.845328]}, "properties": {"fid": "177", "expediente": "200-16-51-01-0367-2016", "id_captaci": "169", "profundida": "32", "tipo_conce": "Subterranea", "uso": "Doméstico", "fecha_acto": "2017-06-13T00:00:00.000", "fecha_soli": "2016-12-30T00:00:00.000", "fecha_fina": "2027-07-20T00:00:00.000", "caudal_oto": "1.7", "regimen_di": "0.46", "regimen_se": "5", "dias_seman": "5", "semanas_an": "52", "m3_a_o": "731.952", "m3_dia": "2.005348", "nombre_cap": "Finca Martha Maria Pozo 1", "x": "-76.663116", "y": "7.845328"}}, {"type": "Feature", "geometry": {"type": "Point", "coordinates": [-76.649518, 7.824807]}, "properties": {"fid": "178", "expediente": "030203-2001", "id_captaci": "203", "profundida": "125", "tipo_conce": "Subterranea", "uso": "Agrícola", "fecha_acto": "2013-11-13T00:00:00.000", "fecha_soli": "2001-01-01T00:00:00.000", "fecha_fina": "2023-11-13T00:00:00.000", "caudal_oto": "1.73", "regimen_di": "16", "regimen_se": "7", "dias_seman": "7", "semanas_an": "52", "m3_a_o": "36271.872", "m3_dia": "99.374992", "nombre_cap": "Uniban Sede Central", "x": "-76.649518", "y": "7.824807"}}, {"type": "Feature", "geometry": {"type": "Point", "coordinates": [-76.649518, 7.824807]}, "properties": {"fid": "179", "expediente": "030203-2001", "id_captaci": "203", "profundida": "125", "tipo_conce": "Subterranea", "uso": "Agrícola", "fecha_acto": "2013-11-13T00:00:00.000", "fecha_soli": "2001-01-01T00:00:00.000", "fecha_fina": "2023-11-13T00:00:00.000", "caudal_oto": "7", "regimen_di": "4", "regimen_se": "6", "dias_seman": "6", "semanas_an": "52", "m3_a_o": "31449.6", "m3_dia": "86.163288", "nombre_cap": "Uniban Sede Central", "x": "-76.649518", "y": "7.824807"}}, {"type": "Feature", "geometry": {"type": "Point", "coordinates": [-76.65719, 7.823196]}, "properties": {"fid": "180", "expediente": "030206-2003", "id_captaci": "429", "profundida": "60", "tipo_conce": "Subterranea", "uso": "Doméstico-Agrícola", "fecha_acto": "2017-06-03T00:00:00.000", "fecha_soli": "2003-01-01T00:00:00.000", "fecha_fina": "2027-06-03T00:00:00.000", "caudal_oto": "2.9", "regimen_di": "8", "regimen_se": "4", "dias_seman": "4", "semanas_an": "52", "m3_a_o": "17372.16", "m3_dia": "47.594959", "nombre_cap": "Finca el Cortijo Pozo 2", "x": "-76.65719", "y": "7.823196"}}, {"type": "Feature", "geometry": {"type": "Point", "coordinates": [-76.65719, 7.823196]}, "properties": {"fid": "181", "expediente": "030206-2003", "id_captaci": "429", "profundida": "60", "tipo_conce": "Subterranea", "uso": "Riego", "fecha_acto": "2017-06-03T00:00:00.000", "fecha_soli": "2003-01-01T00:00:00.000", "fecha_fina": "2027-06-03T00:00:00.000", "caudal_oto": "57", "regimen_di": "16", "regimen_se": "120", "dias_seman": "5", "semanas_an": "16", "m3_a_o": "262656", "m3_dia": "719.605479", "nombre_cap": "Finca el Cortijo Pozo 2", "x": "-76.65719", "y": "7.823196"}}, {"type": "Feature", "geometry": {"type": "Point", "coordinates": [-76.651017, 7.821752]}, "properties": {"fid": "182", "expediente": "030220-2001", "id_captaci": "202", "profundida": "90", "tipo_conce": "Subterranea", "uso": "Agropecuario", "fecha_acto": "2014-09-06T00:00:00.000", "fecha_soli": "2001-01-01T00:00:00.000", "fecha_fina": "2024-10-06T00:00:00.000", "caudal_oto": "4", "regimen_di": "1", "regimen_se": "5", "dias_seman": "5", "semanas_an": "52", "m3_a_o": "3744", "m3_dia": "10.257534", "nombre_cap": "Uniban Central Ganaderia", "x": "-76.651017", "y": "7.821752"}}, {"type": "Feature", "geometry": {"type": "Point", "coordinates": [-76.651017, 7.821752]}, "properties": {"fid": "183", "expediente": "030220-2001", "id_captaci": "202", "profundida": "90", "tipo_conce": "Subterranea", "uso": "Agropecuario", "fecha_acto": "2014-09-06T00:00:00.000", "fecha_soli": "2001-01-01T00:00:00.000", "fecha_fina": "2024-10-06T00:00:00.000", "caudal_oto": "7.2", "regimen_di": "2", "regimen_se": "6", "dias_seman": "6", "semanas_an": "52", "m3_a_o": "16174.08", "m3_dia": "44.312548", "nombre_cap": "Uniban Central Ganaderia", "x": "-76.651017", "y": "7.821752"}}, {"type": "Feature", "geometry": {"type": "Point", "coordinates": [-76.717642, 7.829465]}, "properties": {"fid": "184", "expediente": "200-16-51-01-0038-2013", "id_captaci": "727", "profundida": "60", "tipo_conce": "Subterranea", "uso": "Agroindustria", "fecha_acto": "2013-05-25T00:00:00.000", "fecha_soli": "2013-03-05T00:00:00.000", "fecha_fina": "2023-07-09T00:00:00.000", "caudal_oto": "1", "regimen_di": "8", "regimen_se": "5", "dias_seman": "5", "semanas_an": "52", "m3_a_o": "7488", "m3_dia": "20.515068", "nombre_cap": "Finca María Bonita 1", "x": "-76.717642", "y": "7.829465"}}, {"type": "Feature", "geometry": {"type": "Point", "coordinates": [-76.64516, 7.830743]}, "properties": {"fid": "185", "expediente": "200-16-51-01-0063-2013", "id_captaci": "479", "profundida": "140", "tipo_conce": "Subterranea", "uso": "Industrial", "fecha_acto": "2013-12-17T00:00:00.000", "fecha_soli": "2013-03-22T00:00:00.000", "fecha_fina": "2024-01-16T00:00:00.000", "caudal_oto": "34", "regimen_di": "2.55", "regimen_se": "6", "dias_seman": "6", "semanas_an": "52", "m3_a_o": "97381.44", "m3_dia": "266.798466", "nombre_cap": "Calima S.A, Finca Kalamary", "x": "-76.64516", "y": "7.830743"}}, {"type": "Feature", "geometry": {"type": "Point", "coordinates": [-76.683194, 7.835028]}, "properties": {"fid": "186", "expediente": "200-16-51-01-0104-2017", "id_captaci": "P-125", "profundida": "140", "tipo_conce": "Subterranea", "uso": "Riego", "fecha_acto": "2017-07-13T00:00:00.000", "fecha_soli": "2017-05-23T00:00:00.000", "fecha_fina": "2027-07-31T00:00:00.000", "caudal_oto": "30", "regimen_di": "16", "regimen_se": "7", "dias_seman": "7", "semanas_an": "16", "m3_a_o": "193536", "m3_dia": "530.235616", "nombre_cap": "Pozo riego Finca Caribe 2", "x": "-76.683194", "y": "7.835028"}}, {"type": "Feature", "geometry": {"type": "Point", "coordinates": [-76.686053, 7.819464]}, "properties": {"fid": "187", "expediente": "200-16-51-01-0107-2017", "id_captaci": "sub_c_67", "profundida": "140", "tipo_conce": "Subterranea", "uso": "Riego", "fecha_acto": "2017-07-21T00:00:00.000", "fecha_soli": "2017-05-23T00:00:00.000", "fecha_fina": "2027-08-01T00:00:00.000", "caudal_oto": "53", "regimen_di": "16", "regimen_se": "7", "dias_seman": "7", "semanas_an": "16", "m3_a_o": "341913.6", "m3_dia": "936.749589", "nombre_cap": "Pozo Profundo finca Caribe 1", "x": "-76.686053", "y": "7.819464"}}, {"type": "Feature", "geometry": {"type": "Point", "coordinates": [-76.645883, 7.84144]}, "properties": {"fid": "188", "expediente": "200-16-51-01-0119-2011", "id_captaci": "151", "profundida": "86", "tipo_conce": "Subterranea", "uso": "Riego", "fecha_acto": "2012-02-01T00:00:00.000", "fecha_soli": "2011-06-29T00:00:00.000", "fecha_fina": "2022-02-01T00:00:00.000", "caudal_oto": "0.85", "regimen_di": "1", "regimen_se": "4", "dias_seman": "4", "semanas_an": "52", "m3_a_o": "636.48", "m3_dia": "1.743781", "nombre_cap": "Finca Palmera pozo 2 (Campamento)", "x": "-76.645883", "y": "7.84144"}}, {"type": "Feature", "geometry": {"type": "Point", "coordinates": [-76.661186, 7.83453]}, "properties": {"fid": "189", "expediente": "200-16-51-01-0124-2017", "id_captaci": "128", "profundida": "70", "tipo_conce": "Subterranea", "uso": "Riego", "fecha_acto": "2017-07-21T00:00:00.000", "fecha_soli": "2017-06-13T00:00:00.000", "fecha_fina": "2027-08-25T00:00:00.000", "caudal_oto": "5.4", "regimen_di": "2.5", "regimen_se": "2", "dias_seman": "2", "semanas_an": "52", "m3_a_o": "5054.4", "m3_dia": "13.847671", "nombre_cap": "Punto Captacion Finca Don Rafa", "x": "-76.661186", "y": "7.83453"}}, {"type": "Feature", "geometry": {"type": "Point", "coordinates": [-76.66575, 7.841083]}, "properties": {"fid": "190", "expediente": "200-16-51-01-0128-2018", "id_captaci": "P-151", "profundida": "140", "tipo_conce": "Subterranea", "uso": "Riego", "fecha_acto": "2018-08-01T00:00:00.000", "fecha_soli": "2018-05-18T00:00:00.000", "fecha_fina": "2028-08-09T00:00:00.000", "caudal_oto": "62", "regimen_di": "16", "regimen_se": "7", "dias_seman": "7", "semanas_an": "16", "m3_a_o": "399974.4", "m3_dia": "1095.820274", "nombre_cap": "Kalamary pozo 2", "x": "-76.66575", "y": "7.841083"}}, {"type": "Feature", "geometry": {"type": "Point", "coordinates": [-76.685163, 7.831298]}, "properties": {"fid": "191", "expediente": "200-16-51-01-0138-2018", "id_captaci": "119", "profundida": "113", "tipo_conce": "Subterranea", "uso": "Agrícola", "fecha_acto": "2018-07-19T00:00:00.000", "fecha_soli": "2018-06-06T00:00:00.000", "fecha_fina": "2028-07-26T00:00:00.000", "caudal_oto": "1.2", "regimen_di": "6.5", "regimen_se": "5", "dias_seman": "5", "semanas_an": "52", "m3_a_o": "7300.8", "m3_dia": "20.002192", "nombre_cap": "Finca Caribe 2 Pozo 1", "x": "-76.685163", "y": "7.831298"}}, {"type": "Feature", "geometry": {"type": "Point", "coordinates": [-76.642358, 7.839574]}, "properties": {"fid": "192", "expediente": "200-16-51-01-0142-2015", "id_captaci": "235", "profundida": "92", "tipo_conce": "Subterranea", "uso": "Agrícola", "fecha_acto": "2015-11-04T00:00:00.000", "fecha_soli": "2015-05-19T00:00:00.000", "fecha_fina": "2025-12-22T00:00:00.000", "caudal_oto": "15", "regimen_di": "0.6", "regimen_se": "1", "dias_seman": "1", "semanas_an": "52", "m3_a_o": "1684.8", "m3_dia": "4.61589", "nombre_cap": "Finca La Luz", "x": "-76.642358", "y": "7.839574"}}, {"type": "Feature", "geometry": {"type": "Point", "coordinates": [-76.642358, 7.839574]}, "properties": {"fid": "193", "expediente": "200-16-51-01-0142-2015", "id_captaci": "235", "profundida": "92", "tipo_conce": "Subterranea", "uso": "Riego", "fecha_acto": "2015-11-04T00:00:00.000", "fecha_soli": "2015-05-19T00:00:00.000", "fecha_fina": "2025-12-22T00:00:00.000", "caudal_oto": "15", "regimen_di": "16", "regimen_se": "7", "dias_seman": "7", "semanas_an": "16", "m3_a_o": "96768", "m3_dia": "265.117808", "nombre_cap": "Finca La Luz", "x": "-76.642358", "y": "7.839574"}}, {"type": "Feature", "geometry": {"type": "Point", "coordinates": [-76.740573, 7.817784]}, "properties": {"fid": "194", "expediente": "200-16-51-01-0152-2017", "id_captaci": "59", "profundida": "80", "tipo_conce": "Subterranea", "uso": "Agrícola", "fecha_acto": "2017-09-21T00:00:00.000", "fecha_soli": "2017-08-09T00:00:00.000", "fecha_fina": "2029-05-23T00:00:00.000", "caudal_oto": "5.4", "regimen_di": "3.6", "regimen_se": "3", "dias_seman": "3", "semanas_an": "52", "m3_a_o": "10917.504", "m3_dia": "29.91097", "nombre_cap": "Pozo profundo FCA: Osaka", "x": "-76.740573", "y": "7.817784"}}, {"type": "Feature", "geometry": {"type": "Point", "coordinates": [-76.648044, 7.829281]}, "properties": {"fid": "195", "expediente": "200-16-51-01-0158-2019", "id_captaci": "214", "profundida": "80", "tipo_conce": "Subterranea", "uso": "Doméstico", "fecha_acto": "2019-08-27T00:00:00.000", "fecha_soli": "2019-07-08T00:00:00.000", "fecha_fina": "2039-09-10T00:00:00.000", "caudal_oto": "10", "regimen_di": "8.63", "regimen_se": "7", "dias_seman": "7", "semanas_an": "52", "m3_a_o": "113087.52", "m3_dia": "309.828822", "nombre_cap": "Acueducto Veredal Zungo Carretera", "x": "-76.648044", "y": "7.829281"}}, {"type": "Feature", "geometry": {"type": "Point", "coordinates": [-76.721028, 7.824806]}, "properties": {"fid": "196", "expediente": "200-16-51-01-0160-2017", "id_captaci": "53", "profundida": "60", "tipo_conce": "Subterranea", "uso": "Agrícola", "fecha_acto": "2017-09-29T00:00:00.000", "fecha_soli": "2017-08-10T00:00:00.000", "fecha_fina": "2027-10-10T00:00:00.000", "caudal_oto": "4", "regimen_di": "5", "regimen_se": "2", "dias_seman": "2", "semanas_an": "52", "m3_a_o": "7488", "m3_dia": "20.515068", "nombre_cap": "Santa Helena antes Marruecos", "x": "-76.721028", "y": "7.824806"}}, {"type": "Feature", "geometry": {"type": "Point", "coordinates": [-76.73377, 7.821124]}, "properties": {"fid": "197", "expediente": "200-16-51-01-0179-2018", "id_captaci": "8", "profundida": "60", "tipo_conce": "Subterranea", "uso": "Agrícola", "fecha_soli": "2018-07-18T00:00:00.000", "fecha_fina": "2030-01-01T00:00:00.000", "caudal_oto": "4.5", "regimen_di": "2", "regimen_se": "3.8", "dias_seman": "3.8", "semanas_an": "52", "m3_a_o": "6402.24", "m3_dia": "17.540384", "nombre_cap": "Finca El Bosque", "x": "-76.73377", "y": "7.821124"}}, {"type": "Feature", "geometry": {"type": "Point", "coordinates": [-76.725361, 7.831028]}, "properties": {"fid": "198", "expediente": "200-16-51-01-0207-2018", "id_captaci": "sub_c_28", "profundida": "60", "tipo_conce": "Subterranea", "uso": "Agrícola", "fecha_soli": "2018-08-03T00:00:00.000", "fecha_fina": "2030-01-01T00:00:00.000", "caudal_oto": "5.34", "regimen_di": "2.1", "regimen_se": "3.9", "dias_seman": "3.9", "semanas_an": "52", "m3_a_o": "8187.11712", "m3_dia": "22.430458", "nombre_cap": "POZO EMPACADORA FINCA LA FLORIDA FCA.  LA  FLORIDA", "x": "-76.725361", "y": "7.831028"}}, {"type": "Feature", "geometry": {"type": "Point", "coordinates": [-76.648381, 7.836832]}, "properties": {"fid": "199", "expediente": "200-16-51-01-0208-2018", "id_captaci": "162", "profundida": "85", "tipo_conce": "Subterranea", "uso": "Agrícola", "fecha_acto": "2018-10-09T00:00:00.000", "fecha_soli": "2018-08-03T00:00:00.000", "fecha_fina": "2028-10-17T00:00:00.000", "caudal_oto": "3.8", "regimen_di": "6.8", "regimen_se": "3", "dias_seman": "3", "semanas_an": "52", "m3_a_o": "14511.744", "m3_dia": "39.758203", "nombre_cap": "Finca Palmera", "x": "-76.648381", "y": "7.836832"}}, {"type": "Feature", "geometry": {"type": "Point", "coordinates": [-76.725667, 7.822722]}, "properties": {"fid": "200", "expediente": "200-16-51-01-0212-2019", "id_captaci": "64", "profundida": "80", "tipo_conce": "Subterranea", "uso": "Agrícola", "fecha_acto": "2019-10-04T00:00:00.000", "fecha_soli": "2019-08-28T00:00:00.000", "fecha_fina": "2029-10-03T00:00:00.000", "caudal_oto": "4.6", "regimen_di": "2.071", "regimen_se": "4.081", "dias_seman": "4.081", "semanas_an": "52", "m3_a_o": "7277.971821", "m3_dia": "19.939649", "nombre_cap": "Finca Potosi", "x": "-76.725667", "y": "7.822722"}}, {"type": "Feature", "geometry": {"type": "Point", "coordinates": [-76.699691, 7.817559]}, "properties": {"fid": "201", "expediente": "200-16-51-01-0218-2015", "id_captaci": "113", "profundida": "111.5", "tipo_conce": "Subterranea", "uso": "AgroIndustria", "fecha_acto": "2015-10-21T00:00:00.000", "fecha_soli": "2015-07-23T00:00:00.000", "fecha_fina": "2025-11-05T00:00:00.000", "caudal_oto": "2.5", "regimen_di": "11.5", "regimen_se": "1", "dias_seman": "1", "semanas_an": "52", "m3_a_o": "5382", "m3_dia": "14.745205", "nombre_cap": "Finca Arizona", "x": "-76.699691", "y": "7.817559"}}, {"type": "Feature", "geometry": {"type": "Point", "coordinates": [-76.717169, 7.831056]}, "properties": {"fid": "202", "expediente": "200-16-51-01-0222-2018", "id_captaci": "20", "profundida": "65", "tipo_conce": "Subterranea", "uso": "Agrícola", "fecha_acto": "2018-10-18T00:00:00.000", "fecha_soli": "2018-08-22T00:00:00.000", "fecha_fina": "2028-11-30T00:00:00.000", "caudal_oto": "5", "regimen_di": "7", "regimen_se": "1", "dias_seman": "1", "semanas_an": "52", "m3_a_o": "6552", "m3_dia": "17.950685", "nombre_cap": "Finca La Guabina", "x": "-76.717169", "y": "7.831056"}}, {"type": "Feature", "geometry": {"type": "Point", "coordinates": [-76.677046, 7.823361]}, "properties": {"fid": "203", "expediente": "200-16-51-01-0263-2015", "id_captaci": "588", "profundida": "135", "tipo_conce": "Subterranea", "uso": "Agrícola", "fecha_acto": "2015-12-30T00:00:00.000", "fecha_soli": "2015-09-14T00:00:00.000", "fecha_fina": "2026-02-12T00:00:00.000", "caudal_oto": "5.8", "regimen_di": "6", "regimen_se": "1", "dias_seman": "1", "semanas_an": "52", "m3_a_o": "6514.56", "m3_dia": "17.84811", "nombre_cap": "Finca Diana Patricia Pozo 2 (ahora el Roble)", "x": "-76.677046", "y": "7.823361"}}, {"type": "Feature", "geometry": {"type": "Point", "coordinates": [-76.677046, 7.823361]}, "properties": {"fid": "204", "expediente": "200-16-51-01-0263-2015", "id_captaci": "588", "profundida": "135", "tipo_conce": "Subterranea", "uso": "Riego", "fecha_acto": "2015-12-30T00:00:00.000", "fecha_soli": "2015-09-14T00:00:00.000", "fecha_fina": "2026-02-12T00:00:00.000", "caudal_oto": "88", "regimen_di": "16", "regimen_se": "7", "dias_seman": "7", "semanas_an": "16", "m3_a_o": "567705.6", "m3_dia": "1555.357808", "nombre_cap": "Finca Diana Patricia Pozo 2 (ahora el Roble)", "x": "-76.677046", "y": "7.823361"}}, {"type": "Feature", "geometry": {"type": "Point", "coordinates": [-76.756254, 7.823764]}, "properties": {"fid": "205", "expediente": "200-16-51-01-0336-2017", "id_captaci": "168", "profundida": "111", "tipo_conce": "Subterranea", "uso": "Agrícola", "fecha_acto": "2018-01-04T00:00:00.000", "fecha_soli": "2017-11-28T00:00:00.000", "fecha_fina": "2028-01-15T00:00:00.000", "caudal_oto": "4.5", "regimen_di": "2.43", "regimen_se": "4", "dias_seman": "4", "semanas_an": "52", "m3_a_o": "8188.128", "m3_dia": "22.433227", "nombre_cap": "Finca Jacaranda", "x": "-76.756254", "y": "7.823764"}}, {"type": "Feature", "geometry": {"type": "Point", "coordinates": [-76.735039, 7.820944]}, "properties": {"fid": "206", "expediente": "200-16-51-01-0340-2015", "id_captaci": "52", "profundida": "85", "tipo_conce": "Subterranea", "uso": "Industrial", "fecha_acto": "2015-12-30T00:00:00.000", "fecha_soli": "2015-12-03T00:00:00.000", "fecha_fina": "2026-02-12T00:00:00.000", "caudal_oto": "4.5", "regimen_di": "2", "regimen_se": "4", "dias_seman": "4", "semanas_an": "52", "m3_a_o": "6739.2", "m3_dia": "18.463562", "nombre_cap": "Finca Marandua/Potosi", "x": "-76.735039", "y": "7.820944"}}, {"type": "Feature", "geometry": {"type": "Point", "coordinates": [-76.717017, 7.818026]}, "properties": {"fid": "207", "expediente": "200-16-51-01-0367-2010", "id_captaci": "399", "profundida": "32.5", "tipo_conce": "Subterranea", "uso": "Doméstico", "fecha_acto": "2011-05-30T00:00:00.000", "fecha_soli": "2010-11-19T00:00:00.000", "fecha_fina": "2021-06-17T00:00:00.000", "caudal_oto": "1.7", "regimen_di": "7", "regimen_se": "7", "dias_seman": "7", "semanas_an": "52", "m3_a_o": "15593.76", "m3_dia": "42.72263", "nombre_cap": "Aeropuerto Los Cedros", "x": "-76.717017", "y": "7.818026"}}, {"type": "Feature", "geometry": {"type": "Point", "coordinates": [-76.717017, 7.818026]}, "properties": {"fid": "208", "expediente": "200-16-51-01-0367-2010", "id_captaci": "399", "profundida": "32.5", "tipo_conce": "Subterranea", "uso": "Doméstico", "fecha_acto": "2011-05-30T00:00:00.000", "fecha_soli": "2010-11-19T00:00:00.000", "fecha_fina": "2021-06-17T00:00:00.000", "caudal_oto": "4.8", "regimen_di": "2", "regimen_se": "6", "dias_seman": "6", "semanas_an": "52", "m3_a_o": "10782.72", "m3_dia": "29.541699", "nombre_cap": "Aeropuerto Los Cedros", "x": "-76.717017", "y": "7.818026"}}, {"type": "Feature", "geometry": {"type": "Point", "coordinates": [-76.683809, 7.824334]}, "properties": {"fid": "209", "expediente": "200-16-51-02-0289-2010", "id_captaci": "120", "profundida": "140", "tipo_conce": "Subterranea", "uso": "Agrícola", "fecha_acto": "2012-08-30T00:00:00.000", "fecha_soli": "2010-09-29T00:00:00.000", "fecha_fina": "2022-09-24T00:00:00.000", "caudal_oto": "4.1", "regimen_di": "7.8", "regimen_se": "2", "dias_seman": "2", "semanas_an": "52", "m3_a_o": "11973.312", "m3_dia": "32.803595", "nombre_cap": "Finca Caribe 3 Pozo 2", "x": "-76.683809", "y": "7.824334"}}, {"type": "Feature", "geometry": {"type": "Point", "coordinates": [-76.683809, 7.824334]}, "properties": {"fid": "210", "expediente": "200-16-51-02-0289-2010", "id_captaci": "120", "profundida": "140", "tipo_conce": "Subterranea", "uso": "Riego", "fecha_acto": "2012-08-30T00:00:00.000", "fecha_soli": "2010-09-29T00:00:00.000", "fecha_fina": "2022-09-24T00:00:00.000", "caudal_oto": "50", "regimen_di": "16", "regimen_se": "7", "dias_seman": "7", "semanas_an": "52", "m3_a_o": "1048320", "m3_dia": "2872.109589", "nombre_cap": "Finca Caribe 3 Pozo 2", "x": "-76.683809", "y": "7.824334"}}, {"type": "Feature", "geometry": {"type": "Point", "coordinates": [-76.65774, 7.790448]}, "properties": {"fid": "211", "expediente": "030202-2002B", "id_captaci": "465", "profundida": "65", "tipo_conce": "Subterranea", "uso": "pecuario", "fecha_acto": "2015-10-07T00:00:00.000", "fecha_soli": "2015-01-01T00:00:00.000", "fecha_fina": "2025-10-07T00:00:00.000", "caudal_oto": "2.2", "regimen_di": "3", "regimen_se": "7", "dias_seman": "7", "semanas_an": "52", "m3_a_o": "8648.64", "m3_dia": "23.694904", "nombre_cap": "Granja Porcicola Sacramento", "x": "-76.65774", "y": "7.790448"}}, {"type": "Feature", "geometry": {"type": "Point", "coordinates": [-76.694364, 7.802861]}, "properties": {"fid": "212", "expediente": "0945-97", "id_captaci": "201", "profundida": "80", "tipo_conce": "Subterranea", "uso": "Agrícola", "fecha_acto": "2012-10-29T00:00:00.000", "fecha_soli": "1997-01-01T00:00:00.000", "fecha_fina": "2022-10-29T00:00:00.000", "caudal_oto": "4.55", "regimen_di": "2", "regimen_se": "5", "dias_seman": "5", "semanas_an": "52", "m3_a_o": "8517.6", "m3_dia": "23.33589", "nombre_cap": "Finca La Tinaja Pozo 1", "x": "-76.694364", "y": "7.802861"}}, {"type": "Feature", "geometry": {"type": "Point", "coordinates": [-76.702694, 7.79719]}, "properties": {"fid": "213", "expediente": "16-01-02-0161-2008", "id_captaci": "665", "profundida": "170", "tipo_conce": "Subterranea", "uso": "Riego", "fecha_acto": "2010-05-10T00:00:00.000", "fecha_soli": "2008-01-01T00:00:00.000", "fecha_fina": "2020-10-05T00:00:00.000", "caudal_oto": "100", "regimen_di": "16", "regimen_se": "7", "dias_seman": "7", "semanas_an": "16", "m3_a_o": "645120", "m3_dia": "1767.452055", "nombre_cap": "Finca Toscana Pozo 2", "x": "-76.702694", "y": "7.79719"}}, {"type": "Feature", "geometry": {"type": "Point", "coordinates": [-76.743759, 7.80133]}, "properties": {"fid": "214", "expediente": "16-01-02-0533-2008", "id_captaci": "135", "profundida": "90", "tipo_conce": "Subterranea", "uso": "Agrícola", "fecha_acto": "2011-09-07T00:00:00.000", "fecha_soli": "2008-01-01T00:00:00.000", "fecha_fina": "2021-09-07T00:00:00.000", "caudal_oto": "3.3", "regimen_di": "3", "regimen_se": "4", "dias_seman": "4", "semanas_an": "52", "m3_a_o": "7413.12", "m3_dia": "20.309918", "nombre_cap": "Finca El Retiro Pozo 2", "x": "-76.743759", "y": "7.80133"}}, {"type": "Feature", "geometry": {"type": "Point", "coordinates": [-76.680378, 7.784853]}, "properties": {"fid": "215", "expediente": "200-16-51-01-0001-2020", "id_captaci": "C_35", "profundida": "140", "tipo_conce": "Subterranea", "uso": "Riego", "fecha_acto": "2020-03-17T00:00:00.000", "fecha_soli": "2020-01-07T00:00:00.000", "fecha_fina": "2030-01-01T00:00:00.000", "caudal_oto": "96.16", "regimen_di": "16", "regimen_se": "7", "dias_seman": "7", "semanas_an": "16", "m3_a_o": "620347.392", "m3_dia": "1699.581896", "nombre_cap": "Finca Alamos pozo 3 Riego", "x": "-76.680378", "y": "7.784853"}}, {"type": "Feature", "geometry": {"type": "Point", "coordinates": [-76.722917, 7.801861]}, "properties": {"fid": "216", "expediente": "200-16-51-01-0005-2018", "id_captaci": "P-114", "profundida": "140", "tipo_conce": "Subterranea", "uso": "Riego", "fecha_acto": "2018-04-27T00:00:00.000", "fecha_soli": "2018-02-09T00:00:00.000", "fecha_fina": "2028-04-27T00:00:00.000", "caudal_oto": "45", "regimen_di": "9.51", "regimen_se": "7", "dias_seman": "7", "semanas_an": "16", "m3_a_o": "172549.44", "m3_dia": "472.738192", "nombre_cap": "Finca Los Cedros pozo 3", "x": "-76.722917", "y": "7.801861"}}, {"type": "Feature", "geometry": {"type": "Point", "coordinates": [-76.720611, 7.789722]}, "properties": {"fid": "217", "expediente": "200-16-51-01-0014-2018", "id_captaci": "sub_c_55", "profundida": "60", "tipo_conce": "Subterranea", "uso": "Agrícola", "fecha_acto": "2018-03-15T00:00:00.000", "fecha_soli": "2018-02-09T00:00:00.000", "fecha_fina": "2028-03-15T00:00:00.000", "caudal_oto": "4.53", "regimen_di": "5", "regimen_se": "5", "dias_seman": "5", "semanas_an": "52", "m3_a_o": "21200.4", "m3_dia": "58.083288", "nombre_cap": "Pozo Profundo F. GENESIS", "x": "-76.720611", "y": "7.789722"}}, {"type": "Feature", "geometry": {"type": "Point", "coordinates": [-76.789636, 7.787222]}, "properties": {"fid": "218", "expediente": "200-16-51-01-0015-2017", "id_captaci": "680", "profundida": "60", "tipo_conce": "Subterranea", "uso": "Industrial", "fecha_acto": "2017-04-20T00:00:00.000", "fecha_soli": "2017-02-16T00:00:00.000", "fecha_fina": "2027-04-28T00:00:00.000", "caudal_oto": "7", "regimen_di": "4.5", "regimen_se": "2", "dias_seman": "2", "semanas_an": "52", "m3_a_o": "11793.6", "m3_dia": "32.311233", "nombre_cap": "Finca Galeón", "x": "-76.789636", "y": "7.787222"}}, {"type": "Feature", "geometry": {"type": "Point", "coordinates": [-76.771941, 7.785221]}, "properties": {"fid": "219", "expediente": "200-16-51-01-0034-2017", "id_captaci": "146", "profundida": "80", "tipo_conce": "Subterranea", "uso": "Agrícola", "fecha_acto": "2017-06-05T00:00:00.000", "fecha_soli": "2017-03-02T00:00:00.000", "fecha_fina": "2027-06-27T00:00:00.000", "caudal_oto": "10.2", "regimen_di": "2.01", "regimen_se": "2", "dias_seman": "2", "semanas_an": "52", "m3_a_o": "7675.9488", "m3_dia": "21.029997", "nombre_cap": "Finca San Carlos", "x": "-76.771941", "y": "7.785221"}}, {"type": "Feature", "geometry": {"type": "Point", "coordinates": [-76.699574, 7.787169]}, "properties": {"fid": "220", "expediente": "200-16-51-01-0038-2018", "id_captaci": "63", "profundida": "60", "tipo_conce": "Subterranea", "uso": "Agrícola", "fecha_acto": "2018-04-13T00:00:00.000", "fecha_soli": "2018-02-21T00:00:00.000", "fecha_fina": "2028-04-18T00:00:00.000", "caudal_oto": "1.2", "regimen_di": "8.5", "regimen_se": "3", "dias_seman": "3", "semanas_an": "52", "m3_a_o": "5728.32", "m3_dia": "15.694027", "nombre_cap": "Finca Plataforma", "x": "-76.699574", "y": "7.787169"}}, {"type": "Feature", "geometry": {"type": "Point", "coordinates": [-76.723076, 7.80436]}, "properties": {"fid": "221", "expediente": "200-16-51-01-0038-2019", "id_captaci": "47", "profundida": "60", "tipo_conce": "Subterranea", "uso": "Agrícola", "fecha_acto": "2019-04-10T00:00:00.000", "fecha_soli": "2019-02-27T00:00:00.000", "fecha_fina": "2029-04-10T00:00:00.000", "caudal_oto": "5", "regimen_di": "2.4", "regimen_se": "4", "dias_seman": "4", "semanas_an": "52", "m3_a_o": "8985.6", "m3_dia": "24.618082", "nombre_cap": "Finca Los Cedros", "x": "-76.723076", "y": "7.80436"}}, {"type": "Feature", "geometry": {"type": "Point", "coordinates": [-76.716728, 7.816606]}, "properties": {"fid": "222", "expediente": "200-16-51-01-0045-2011", "id_captaci": "625", "profundida": "60", "tipo_conce": "Subterranea", "uso": "Industrial", "fecha_acto": "2011-10-24T00:00:00.000", "fecha_soli": "2011-03-15T00:00:00.000", "fecha_fina": "2021-10-24T00:00:00.000", "caudal_oto": "2.6", "regimen_di": "1", "regimen_se": "5", "dias_seman": "5", "semanas_an": "52", "m3_a_o": "2433.6", "m3_dia": "6.667397", "nombre_cap": "Compañía Aeroagricola Integral (CAAI S.A)", "x": "-76.716728", "y": "7.816606"}}, {"type": "Feature", "geometry": {"type": "Point", "coordinates": [-76.649698, 7.799997]}, "properties": {"fid": "223", "expediente": "200-16-51-01-0049-2015", "id_captaci": "741", "profundida": "140", "tipo_conce": "Subterranea", "uso": "Abastecimiento Acueducto Municipal", "fecha_acto": "2015-04-23T00:00:00.000", "fecha_soli": "2015-03-02T00:00:00.000", "fecha_fina": "2035-05-05T00:00:00.000", "caudal_oto": "25", "regimen_di": "16", "regimen_se": "7", "dias_seman": "7", "semanas_an": "52", "m3_a_o": "524160", "m3_dia": "1436.054795", "nombre_cap": "Acueducto el Reposo Pozo 3 (Colegio)", "x": "-76.649698", "y": "7.799997"}}, {"type": "Feature", "geometry": {"type": "Point", "coordinates": [-76.680354, 7.786274]}, "properties": {"fid": "224", "expediente": "200-16-51-01-0053-2015", "id_captaci": "44", "profundida": "98", "tipo_conce": "Subterranea", "uso": "Agroindustria", "fecha_acto": "2015-05-11T00:00:00.000", "fecha_soli": "2015-03-10T00:00:00.000", "fecha_fina": "2025-05-28T00:00:00.000", "caudal_oto": "7.3", "regimen_di": "4.3", "regimen_se": "1", "dias_seman": "1", "semanas_an": "52", "m3_a_o": "5876.208", "m3_dia": "16.0992", "nombre_cap": "Finca Los Alamos Pozo 1", "x": "-76.680354", "y": "7.786274"}}, {"type": "Feature", "geometry": {"type": "Point", "coordinates": [-76.649783, 7.799828]}, "properties": {"fid": "225", "expediente": "200-16-51-01-0055-2020", "id_captaci": "P-149", "profundida": "60", "tipo_conce": "Subterranea", "uso": "Abastecimiento Acueducto Veredal", "fecha_acto": "2020-04-03T00:00:00.000", "fecha_soli": "2020-03-13T00:00:00.000", "fecha_fina": "2040-04-13T00:00:00.000", "caudal_oto": "14", "regimen_di": "16", "regimen_se": "7", "dias_seman": "7", "semanas_an": "52", "m3_a_o": "293529.6", "m3_dia": "804.190685", "nombre_cap": "Aguas de Uraba-Reposo", "x": "-76.649783", "y": "7.799828"}}, {"type": "Feature", "geometry": {"type": "Point", "coordinates": [-76.64392, 7.801953]}, "properties": {"fid": "226", "expediente": "200-16-51-01-0061-2014", "id_captaci": "733", "profundida": "102", "tipo_conce": "Subterranea", "uso": "Industrial", "fecha_acto": "2014-05-27T00:00:00.000", "fecha_soli": "2014-03-21T00:00:00.000", "fecha_fina": "2024-05-29T00:00:00.000", "caudal_oto": "6.6", "regimen_di": "11", "regimen_se": "5", "dias_seman": "5", "semanas_an": "52", "m3_a_o": "67953.6", "m3_dia": "186.174247", "nombre_cap": "Ladrillera Uraba", "x": "-76.64392", "y": "7.801953"}}, {"type": "Feature", "geometry": {"type": "Point", "coordinates": [-76.650974, 7.793325]}, "properties": {"fid": "227", "expediente": "200-16-51-01-0071-2014", "id_captaci": "333", "profundida": "120", "tipo_conce": "Subterranea", "uso": "Industrial", "fecha_acto": "2014-06-10T00:00:00.000", "fecha_soli": "2014-04-05T00:00:00.000", "fecha_fina": "2024-06-20T00:00:00.000", "caudal_oto": "1.3", "regimen_di": "6", "regimen_se": "7", "dias_seman": "7", "semanas_an": "52", "m3_a_o": "10221.12", "m3_dia": "28.003068", "nombre_cap": "Sanvel S.A. Nanidad vegetal S.A.S", "x": "-76.650974", "y": "7.793325"}}, {"type": "Feature", "geometry": {"type": "Point", "coordinates": [-76.763443, 7.788967]}, "properties": {"fid": "228", "expediente": "200-16-51-01-0096-2015", "id_captaci": "16", "profundida": "80", "tipo_conce": "Subterranea", "uso": "Agrícola", "fecha_acto": "2015-09-11T00:00:00.000", "fecha_soli": "2015-04-21T00:00:00.000", "fecha_fina": "2025-10-01T00:00:00.000", "caudal_oto": "3", "regimen_di": "12.5", "regimen_se": "1", "dias_seman": "1", "semanas_an": "52", "m3_a_o": "7020", "m3_dia": "19.232877", "nombre_cap": "Finca El Reino Pozo 1", "x": "-76.763443", "y": "7.788967"}}, {"type": "Feature", "geometry": {"type": "Point", "coordinates": [-76.67621, 7.796858]}, "properties": {"fid": "229", "expediente": "200-16-51-01-0099-2018", "id_captaci": "589", "profundida": "162", "tipo_conce": "Subterranea", "uso": "Agrícola", "fecha_acto": "2018-06-06T00:00:00.000", "fecha_soli": "2018-05-03T00:00:00.000", "fecha_fina": "2028-06-07T00:00:00.000", "caudal_oto": "4.5", "regimen_di": "7.2", "regimen_se": "1", "dias_seman": "1", "semanas_an": "52", "m3_a_o": "6065.28", "m3_dia": "16.617205", "nombre_cap": "Finca Las Pampas pozo 1", "x": "-76.67621", "y": "7.796858"}}, {"type": "Feature", "geometry": {"type": "Point", "coordinates": [-76.676102, 7.79675]}, "properties": {"fid": "230", "expediente": "200-16-51-01-0099-2018", "id_captaci": "589", "profundida": "162", "tipo_conce": "Subterranea", "uso": "Riego", "fecha_acto": "2018-06-06T00:00:00.000", "fecha_soli": "2018-05-03T00:00:00.000", "fecha_fina": "2028-06-07T00:00:00.000", "caudal_oto": "117", "regimen_di": "7.2", "regimen_se": "7", "dias_seman": "7", "semanas_an": "16", "m3_a_o": "339655.68", "m3_dia": "930.563507", "nombre_cap": "Finca Las Pampas pozo 2", "x": "-76.676102", "y": "7.79675"}}, {"type": "Feature", "geometry": {"type": "Point", "coordinates": [-76.714711, 7.800501]}, "properties": {"fid": "231", "expediente": "200-16-51-01-0145-2015", "id_captaci": "179", "profundida": "60", "tipo_conce": "Subterranea", "uso": "Agrícola", "fecha_acto": "2015-08-21T00:00:00.000", "fecha_soli": "2015-05-19T00:00:00.000", "fecha_fina": "2025-09-08T00:00:00.000", "caudal_oto": "1.8", "regimen_di": "10", "regimen_se": "1", "dias_seman": "1", "semanas_an": "52", "m3_a_o": "3369.6", "m3_dia": "9.231781", "nombre_cap": "Finca El Abrazo", "x": "-76.714711", "y": "7.800501"}}, {"type": "Feature", "geometry": {"type": "Point", "coordinates": [-76.714711, 7.800501]}, "properties": {"fid": "232", "expediente": "200-16-51-01-0145-2015", "id_captaci": "179", "profundida": "60", "tipo_conce": "Subterranea", "uso": "Industrial", "fecha_acto": "2015-08-21T00:00:00.000", "fecha_soli": "2015-05-19T00:00:00.000", "fecha_fina": "2025-09-08T00:00:00.000", "caudal_oto": "9.6", "regimen_di": "2.1", "regimen_se": "2.1", "dias_seman": "2.1", "semanas_an": "52", "m3_a_o": "7925.2992", "m3_dia": "21.713148", "nombre_cap": "Finca El Abrazo", "x": "-76.714711", "y": "7.800501"}}, {"type": "Feature", "geometry": {"type": "Point", "coordinates": [-76.666946, 7.79552]}, "properties": {"fid": "233", "expediente": "200-16-51-01-0149-2011", "id_captaci": "697", "profundida": "56", "tipo_conce": "Subterranea", "uso": "Doméstico", "fecha_acto": "2012-07-03T00:00:00.000", "fecha_soli": "2011-08-25T00:00:00.000", "fecha_fina": "2022-07-26T00:00:00.000", "caudal_oto": "1", "regimen_di": "2", "regimen_se": "4", "dias_seman": "4", "semanas_an": "52", "m3_a_o": "1497.6", "m3_dia": "4.103014", "nombre_cap": "Finca La Milena", "x": "-76.666946", "y": "7.79552"}}, {"type": "Feature", "geometry": {"type": "Point", "coordinates": [-76.759795, 7.816623]}, "properties": {"fid": "234", "expediente": "200-16-51-01-0158-2015", "id_captaci": "552", "profundida": "78", "tipo_conce": "Subterranea", "uso": "Agrícola", "fecha_acto": "2016-05-24T00:00:00.000", "fecha_soli": "2015-05-29T00:00:00.000", "fecha_fina": "2026-06-01T00:00:00.000", "caudal_oto": "2.9", "regimen_di": "9", "regimen_se": "2", "dias_seman": "2", "semanas_an": "52", "m3_a_o": "9771.84", "m3_dia": "26.772164", "nombre_cap": "Pozo profundo  Matogrosso 3", "x": "-76.759795", "y": "7.816623"}}, {"type": "Feature", "geometry": {"type": "Point", "coordinates": [-76.754539, 7.813364]}, "properties": {"fid": "235", "expediente": "200-16-51-01-0159-2015", "id_captaci": "551", "profundida": "78", "tipo_conce": "Subterranea", "uso": "Agrícola", "fecha_acto": "2016-05-24T00:00:00.000", "fecha_soli": "2015-05-29T00:00:00.000", "fecha_fina": "2026-06-01T00:00:00.000", "caudal_oto": "2.9", "regimen_di": "9", "regimen_se": "2", "dias_seman": "2", "semanas_an": "16", "m3_a_o": "3006.72", "m3_dia": "8.237589", "nombre_cap": "Finca Matogrosso II", "x": "-76.754539", "y": "7.813364"}}, {"type": "Feature", "geometry": {"type": "Point", "coordinates": [-76.648866, 7.806352]}, "properties": {"fid": "236", "expediente": "200-16-51-01-0161-2017", "id_captaci": "56", "profundida": "60", "tipo_conce": "Subterranea", "uso": "Doméstico", "fecha_acto": "2017-08-29T00:00:00.000", "fecha_soli": "2017-08-10T00:00:00.000", "fecha_fina": "2027-09-08T00:00:00.000", "caudal_oto": "5.32", "regimen_di": "3", "regimen_se": "6", "dias_seman": "6", "semanas_an": "52", "m3_a_o": "17926.272", "m3_dia": "49.113074", "nombre_cap": "Pozo Policia de Uraba", "x": "-76.648866", "y": "7.806352"}}, {"type": "Feature", "geometry": {"type": "Point", "coordinates": [-76.655109, 7.810391]}, "properties": {"fid": "237", "expediente": "200-16-51-01-0164-2017", "id_captaci": "167", "profundida": "60", "tipo_conce": "Subterranea", "uso": "Agroindustria", "fecha_acto": "2017-09-26T00:00:00.000", "fecha_soli": "2017-08-10T00:00:00.000", "fecha_fina": "2027-10-03T00:00:00.000", "caudal_oto": "1.51", "regimen_di": "5", "regimen_se": "4", "dias_seman": "4", "semanas_an": "52", "m3_a_o": "5653.44", "m3_dia": "15.488877", "nombre_cap": "Finca Maritu", "x": "-76.655109", "y": "7.810391"}}, {"type": "Feature", "geometry": {"type": "Point", "coordinates": [-76.687171, 7.816109]}, "properties": {"fid": "238", "expediente": "200-16-51-01-0175-2018", "id_captaci": "455", "profundida": "150", "tipo_conce": "Subterranea", "uso": "Agrícola", "fecha_acto": "2018-10-02T00:00:00.000", "fecha_soli": "2018-07-18T00:00:00.000", "fecha_fina": "2028-10-09T00:00:00.000", "caudal_oto": "3.8", "regimen_di": "2", "regimen_se": "4", "dias_seman": "4", "semanas_an": "52", "m3_a_o": "5690.88", "m3_dia": "15.591452", "nombre_cap": "Finca Caribe 1 Pozo 2", "x": "-76.687171", "y": "7.816109"}}, {"type": "Feature", "geometry": {"type": "Point", "coordinates": [-76.71027, 7.789086]}, "properties": {"fid": "239", "expediente": "200-16-51-01-0206-2018", "id_captaci": "80", "profundida": "60", "tipo_conce": "Subterranea", "uso": "Agrícola", "fecha_acto": "2019-09-09T00:00:00.000", "fecha_soli": "2018-08-03T00:00:00.000", "fecha_fina": "2029-09-13T00:00:00.000", "caudal_oto": "4.36", "regimen_di": "1.74", "regimen_se": "4", "dias_seman": "4", "semanas_an": "52", "m3_a_o": "5680.69632", "m3_dia": "15.563552", "nombre_cap": "Pozo Santa Lucia-Madreselva", "x": "-76.71027", "y": "7.789086"}}, {"type": "Feature", "geometry": {"type": "Point", "coordinates": [-76.660861, 7.811943]}, "properties": {"fid": "240", "expediente": "200-16-51-01-0215-2010", "id_captaci": "190", "profundida": "40", "tipo_conce": "Subterranea", "uso": "AgroIndustria", "fecha_acto": "2012-02-08T00:00:00.000", "fecha_soli": "2010-08-03T00:00:00.000", "fecha_fina": "2022-02-08T00:00:00.000", "caudal_oto": "3.52", "regimen_di": "3", "regimen_se": "5", "dias_seman": "5", "semanas_an": "52", "m3_a_o": "9884.16", "m3_dia": "27.07989", "nombre_cap": "Finca Santillana Pozo 1", "x": "-76.660861", "y": "7.811943"}}, {"type": "Feature", "geometry": {"type": "Point", "coordinates": [-76.734417, 7.816775]}, "properties": {"fid": "241", "expediente": "200-16-51-01-0224-2009", "id_captaci": "412", "profundida": "60", "tipo_conce": "Subterranea", "uso": "Agrícola", "fecha_acto": "2011-12-05T00:00:00.000", "fecha_soli": "2009-01-01T00:00:00.000", "fecha_fina": "2021-12-05T00:00:00.000", "caudal_oto": "3.6", "regimen_di": "2", "regimen_se": "5", "dias_seman": "5", "semanas_an": "52", "m3_a_o": "6739.2", "m3_dia": "18.463562", "nombre_cap": "Finca Catalina", "x": "-76.734417", "y": "7.816775"}}, {"type": "Feature", "geometry": {"type": "Point", "coordinates": [-76.712218, 7.790001]}, "properties": {"fid": "242", "expediente": "200-16-51-01-0241-2015", "id_captaci": "51", "profundida": "70", "tipo_conce": "Subterranea", "uso": "Agrícola", "fecha_acto": "2015-12-10T00:00:00.000", "fecha_soli": "2015-08-06T00:00:00.000", "fecha_fina": "2026-02-08T00:00:00.000", "caudal_oto": "7.3", "regimen_di": "9.4", "regimen_se": "1", "dias_seman": "1", "semanas_an": "52", "m3_a_o": "12845.664", "m3_dia": "35.1936", "nombre_cap": "Finca Majagua", "x": "-76.712218", "y": "7.790001"}}, {"type": "Feature", "geometry": {"type": "Point", "coordinates": [-76.787337, 7.795467]}, "properties": {"fid": "243", "expediente": "200-16-51-01-0254-2016", "id_captaci": "691", "profundida": "60", "tipo_conce": "Subterranea", "uso": "Agrícola", "fecha_acto": "2016-10-31T00:00:00.000", "fecha_soli": "2016-08-18T00:00:00.000", "fecha_fina": "2026-11-16T00:00:00.000", "caudal_oto": "11.3", "regimen_di": "6", "regimen_se": "1", "dias_seman": "1", "semanas_an": "52", "m3_a_o": "12692.16", "m3_dia": "34.773041", "nombre_cap": "Captacion Finca Piragua", "x": "-76.787337", "y": "7.795467"}}, {"type": "Feature", "geometry": {"type": "Point", "coordinates": [-76.713583, 7.813667]}, "properties": {"fid": "244", "expediente": "200-16-51-01-0257-2016", "id_captaci": "P-183", "profundida": "60", "tipo_conce": "Subterranea", "uso": "Agrícola", "fecha_acto": "2016-11-08T00:00:00.000", "fecha_soli": "2016-08-19T00:00:00.000", "fecha_fina": "2026-11-09T00:00:00.000", "caudal_oto": "9.6", "regimen_di": "6.1", "regimen_se": "1", "dias_seman": "1", "semanas_an": "52", "m3_a_o": "10962.432", "m3_dia": "30.03406", "nombre_cap": "Pozo puerto alegre", "x": "-76.713583", "y": "7.813667"}}, {"type": "Feature", "geometry": {"type": "Point", "coordinates": [-76.653058, 7.803499]}, "properties": {"fid": "245", "expediente": "200-16-51-01-0262-2018", "id_captaci": "483", "profundida": "80", "tipo_conce": "Subterranea", "uso": "Doméstico", "fecha_acto": "2018-10-11T00:00:00.000", "fecha_soli": "2018-09-04T00:00:00.000", "fecha_fina": "2028-11-13T00:00:00.000", "caudal_oto": "3", "regimen_di": "3.78", "regimen_se": "6", "dias_seman": "6", "semanas_an": "52", "m3_a_o": "12737.088", "m3_dia": "34.896132", "nombre_cap": "Politecnico Jaime Isaza Cadavid", "x": "-76.653058", "y": "7.803499"}}, {"type": "Feature", "geometry": {"type": "Point", "coordinates": [-76.711379, 7.806249]}, "properties": {"fid": "246", "expediente": "200-16-51-01-0275-2009", "id_captaci": "98", "profundida": "60", "tipo_conce": "Subterranea", "uso": "Agrícola", "fecha_acto": "2010-05-12T00:00:00.000", "fecha_soli": "2009-01-01T00:00:00.000", "fecha_fina": "2020-05-12T00:00:00.000", "caudal_oto": "2.3", "regimen_di": "2", "regimen_se": "2", "dias_seman": "2", "semanas_an": "52", "m3_a_o": "1722.24", "m3_dia": "4.718466", "nombre_cap": "Finca Villa Nelly/Riovista", "x": "-76.711379", "y": "7.806249"}}, {"type": "Feature", "geometry": {"type": "Point", "coordinates": [-76.710139, 7.815361]}, "properties": {"fid": "247", "expediente": "200-16-51-01-0276-2018", "id_captaci": "P-195", "profundida": "60", "tipo_conce": "Subterranea", "uso": "Agrícola", "fecha_acto": "2018-11-20T00:00:00.000", "fecha_soli": "2018-09-21T00:00:00.000", "fecha_fina": "2028-12-10T00:00:00.000", "caudal_oto": "2.4", "regimen_di": "8.1", "regimen_se": "2", "dias_seman": "2", "semanas_an": "52", "m3_a_o": "7278.336", "m3_dia": "19.940647", "nombre_cap": "Triada (Antes Marruecos)", "x": "-76.710139", "y": "7.815361"}}, {"type": "Feature", "geometry": {"type": "Point", "coordinates": [-76.653063, 7.798327]}, "properties": {"fid": "248", "expediente": "200-16-51-01-0286-2015", "id_captaci": "115", "profundida": "140", "tipo_conce": "Subterranea", "uso": "Abastecimiento Acueducto Municipal", "fecha_acto": "2015-11-17T00:00:00.000", "fecha_soli": "2015-10-01T00:00:00.000", "fecha_fina": "2035-12-16T00:00:00.000", "caudal_oto": "3.5", "regimen_di": "16", "regimen_se": "7", "dias_seman": "7", "semanas_an": "52", "m3_a_o": "73382.4", "m3_dia": "201.047671", "nombre_cap": "Corregimiento el Reposo Alterbienes", "x": "-76.653063", "y": "7.798327"}}, {"type": "Feature", "geometry": {"type": "Point", "coordinates": [-76.752916, 7.802422]}, "properties": {"fid": "249", "expediente": "200-16-51-01-0303-2015", "id_captaci": "550", "profundida": "78", "tipo_conce": "Subterranea", "uso": "Industrial", "fecha_acto": "2015-12-30T00:00:00.000", "fecha_soli": "2015-10-21T00:00:00.000", "fecha_fina": "2026-02-12T00:00:00.000", "caudal_oto": "5", "regimen_di": "2", "regimen_se": "4", "dias_seman": "4", "semanas_an": "52", "m3_a_o": "7488", "m3_dia": "20.515068", "nombre_cap": "Finca Matogrosso I", "x": "-76.752916", "y": "7.802422"}}, {"type": "Feature", "geometry": {"type": "Point", "coordinates": [-76.656158, 7.78569]}, "properties": {"fid": "250", "expediente": "200-16-51-01-0338-2016", "id_captaci": "23", "profundida": "79", "tipo_conce": "Subterranea", "uso": "Agrícola", "fecha_acto": "2016-12-28T00:00:00.000", "fecha_soli": "2016-11-12T00:00:00.000", "fecha_fina": "2027-02-07T00:00:00.000", "caudal_oto": "5.67", "regimen_di": "1.2", "regimen_se": "4", "dias_seman": "4", "semanas_an": "52", "m3_a_o": "5094.8352", "m3_dia": "13.958453", "nombre_cap": "Finca Gualanday-Carepa", "x": "-76.656158", "y": "7.78569"}}, {"type": "Feature", "geometry": {"type": "Point", "coordinates": [-76.718222, 7.809611]}, "properties": {"fid": "251", "expediente": "200-16-51-01-0345-2017", "id_captaci": "sub_c_83", "profundida": "140", "tipo_conce": "Subterranea", "uso": "Riego", "fecha_acto": "2018-02-14T00:00:00.000", "fecha_soli": "2017-12-07T00:00:00.000", "fecha_fina": "2028-02-14T00:00:00.000", "caudal_oto": "70", "regimen_di": "13.7", "regimen_se": "7", "dias_seman": "7", "semanas_an": "16", "m3_a_o": "386668.8", "m3_dia": "1059.366575", "nombre_cap": "Cedros Pozo 1 Riego LOS CEDROS", "x": "-76.718222", "y": "7.809611"}}, {"type": "Feature", "geometry": {"type": "Point", "coordinates": [-76.66375, 7.787528]}, "properties": {"fid": "252", "expediente": "200-16-51-01-0351-2016", "id_captaci": "sub_c_123", "profundida": "60", "tipo_conce": "Subterranea", "uso": "Pecuario", "fecha_acto": "2017-02-22T00:00:00.000", "fecha_soli": "2016-12-06T00:00:00.000", "fecha_fina": "2027-03-02T00:00:00.000", "caudal_oto": "7.5", "regimen_di": "0.5", "regimen_se": "5", "dias_seman": "5", "semanas_an": "52", "m3_a_o": "3510", "m3_dia": "9.616438", "nombre_cap": "VILLA HERMOSA (FINCA LOS MARQUEZ)", "x": "-76.66375", "y": "7.787528"}}, {"type": "Feature", "geometry": {"type": "Point", "coordinates": [-76.720741, 7.789529]}, "properties": {"fid": "253", "expediente": "200-16-51-01-0361-2015", "id_captaci": "4", "profundida": "80", "tipo_conce": "Subterranea", "uso": "Agrícola", "fecha_acto": "2016-05-18T00:00:00.000", "fecha_soli": "2015-12-29T00:00:00.000", "fecha_fina": "2026-06-02T00:00:00.000", "caudal_oto": "4.9", "regimen_di": "6.7", "regimen_se": "2", "dias_seman": "2", "semanas_an": "52", "m3_a_o": "12291.552", "m3_dia": "33.675485", "nombre_cap": "POZO PROFUNDO Genesis Vía Comunal el Siete", "x": "-76.720741", "y": "7.789529"}}, {"type": "Feature", "geometry": {"type": "Point", "coordinates": [-76.656396, 7.800881]}, "properties": {"fid": "254", "expediente": "200-16-51-01-0504-2009", "id_captaci": "685", "profundida": "82.5", "tipo_conce": "Subterranea", "uso": "Consumo Humano", "fecha_acto": "2010-04-21T00:00:00.000", "fecha_soli": "2009-10-22T00:00:00.000", "fecha_fina": "2020-08-25T00:00:00.000", "caudal_oto": "14", "regimen_di": "16", "regimen_se": "7", "dias_seman": "7", "semanas_an": "52", "m3_a_o": "293529.6", "m3_dia": "804.190685", "nombre_cap": "Acueducto el Reposo Pozo 2 (Colegio)", "x": "-76.656396", "y": "7.800881"}}, {"type": "Feature", "geometry": {"type": "Point", "coordinates": [-76.741141, 7.777159]}, "properties": {"fid": "255", "expediente": "16-01-02-0020-2005", "id_captaci": "512", "profundida": "180", "tipo_conce": "Subterranea", "uso": "Riego", "fecha_acto": "2011-04-04T00:00:00.000", "fecha_soli": "2005-01-01T00:00:00.000", "fecha_fina": "2021-04-04T00:00:00.000", "caudal_oto": "123", "regimen_di": "16", "regimen_se": "7", "dias_seman": "7", "semanas_an": "16", "m3_a_o": "793497.6", "m3_dia": "2173.966027", "nombre_cap": "Finca Santa Cruz de Carepa Pozo 3", "x": "-76.741141", "y": "7.777159"}}, {"type": "Feature", "geometry": {"type": "Point", "coordinates": [-76.738864, 7.767835]}, "properties": {"fid": "282", "expediente": "200-16-51-01-0276-2009", "id_captaci": "PA-15", "profundida": "60", "tipo_conce": "Subterranea", "uso": "Doméstico", "fecha_acto": "2010-06-08T00:00:00.000", "fecha_soli": "2009-01-01T00:00:00.000", "fecha_fina": "2020-06-08T00:00:00.000", "caudal_oto": "1.4", "regimen_di": "1", "regimen_se": "4", "dias_seman": "4", "semanas_an": "52", "m3_a_o": "1048.32", "m3_dia": "2.87211", "nombre_cap": "Finca Caribana", "x": "-76.738864", "y": "7.767835"}}, {"type": "Feature", "geometry": {"type": "Point", "coordinates": [-76.662969, 7.75575]}, "properties": {"fid": "256", "expediente": "16-01-02-0082-2004", "id_captaci": "37", "profundida": "50", "tipo_conce": "Subterranea", "uso": "Agrícola", "fecha_acto": "2014-08-05T00:00:00.000", "fecha_soli": "2004-01-01T00:00:00.000", "fecha_fina": "2024-08-05T00:00:00.000", "caudal_oto": "5.2", "regimen_di": "0.5", "regimen_se": "12", "dias_seman": "0.5", "semanas_an": "52", "m3_a_o": "243.36", "m3_dia": "0.66674", "nombre_cap": "pozo profundo Finca La Playa, La plana", "x": "-76.662969", "y": "7.75575"}}, {"type": "Feature", "geometry": {"type": "Point", "coordinates": [-76.772771, 7.778304]}, "properties": {"fid": "257", "expediente": "200-16-51-01-0002-2020", "id_captaci": "642", "profundida": "162", "tipo_conce": "Subterranea", "uso": "Riego", "fecha_acto": "2020-02-19T00:00:00.000", "fecha_soli": "2020-01-07T00:00:00.000", "fecha_fina": "2030-02-27T00:00:00.000", "caudal_oto": "90", "regimen_di": "12.55", "regimen_se": "5", "dias_seman": "5", "semanas_an": "16", "m3_a_o": "325296", "m3_dia": "891.221918", "nombre_cap": "Finca Fragata", "x": "-76.772771", "y": "7.778304"}}, {"type": "Feature", "geometry": {"type": "Point", "coordinates": [-76.717303, 7.781832]}, "properties": {"fid": "258", "expediente": "200-16-51-01-0008-2018", "id_captaci": "75", "profundida": "65", "tipo_conce": "Subterranea", "uso": "Agrícola", "fecha_acto": "2018-03-15T00:00:00.000", "fecha_soli": "2018-02-09T00:00:00.000", "fecha_fina": "2028-04-23T00:00:00.000", "caudal_oto": "1.35", "regimen_di": "4.84", "regimen_se": "4", "dias_seman": "4", "semanas_an": "52", "m3_a_o": "4892.6592", "m3_dia": "13.404546", "nombre_cap": "Finca San Ramon", "x": "-76.717303", "y": "7.781832"}}, {"type": "Feature", "geometry": {"type": "Point", "coordinates": [-76.669278, 7.751833]}, "properties": {"fid": "259", "expediente": "200-16-51-01-0008-2020", "id_captaci": "P-115", "profundida": "60", "tipo_conce": "Subterranea", "uso": "Riego", "fecha_acto": "2020-02-12T00:00:00.000", "fecha_soli": "2020-01-08T00:00:00.000", "fecha_fina": "2030-02-17T00:00:00.000", "caudal_oto": "13.1", "regimen_di": "16", "regimen_se": "6", "dias_seman": "6", "semanas_an": "52", "m3_a_o": "235422.72", "m3_dia": "644.993753", "nombre_cap": "POZO PROFUNDO finca la playa, Productos familia", "x": "-76.669278", "y": "7.751833"}}, {"type": "Feature", "geometry": {"type": "Point", "coordinates": [-76.710713, 7.748679]}, "properties": {"fid": "260", "expediente": "200-16-51-01-0018-2015", "id_captaci": "12", "profundida": "100", "tipo_conce": "Subterranea", "uso": "Abastecimiento Acueducto Veredal", "fecha_acto": "2015-04-23T00:00:00.000", "fecha_soli": "2015-02-04T00:00:00.000", "fecha_fina": "2035-05-22T00:00:00.000", "caudal_oto": "9", "regimen_di": "4.89", "regimen_se": "7", "dias_seman": "7", "semanas_an": "52", "m3_a_o": "57670.704", "m3_dia": "158.001929", "nombre_cap": "Acueducto Veredal El Encanto", "x": "-76.710713", "y": "7.748679"}}, {"type": "Feature", "geometry": {"type": "Point", "coordinates": [-76.747412, 7.767606]}, "properties": {"fid": "261", "expediente": "200-16-51-01-0025-2016", "id_captaci": "590", "profundida": "163.4", "tipo_conce": "Subterranea", "uso": "Riego", "fecha_acto": "2016-05-04T00:00:00.000", "fecha_soli": "2016-02-04T00:00:00.000", "fecha_fina": "2026-07-13T00:00:00.000", "caudal_oto": "60", "regimen_di": "8", "regimen_se": "7", "dias_seman": "7", "semanas_an": "16", "m3_a_o": "193536", "m3_dia": "530.235616", "nombre_cap": "Finca Guaimaral Pozo 2", "x": "-76.747412", "y": "7.767606"}}, {"type": "Feature", "geometry": {"type": "Point", "coordinates": [-76.74639, 7.75369]}, "properties": {"fid": "262", "expediente": "200-16-51-01-0035-2018", "id_captaci": "671", "profundida": "70", "tipo_conce": "Subterranea", "uso": "Industrial", "fecha_acto": "2018-04-13T00:00:00.000", "fecha_soli": "2018-02-21T00:00:00.000", "fecha_fina": "2028-04-13T00:00:00.000", "caudal_oto": "4.7", "regimen_di": "3", "regimen_se": "4", "dias_seman": "4", "semanas_an": "52", "m3_a_o": "10558.08", "m3_dia": "28.926247", "nombre_cap": "Pozo empacadora Finca Las Vegas", "x": "-76.74639", "y": "7.75369"}}, {"type": "Feature", "geometry": {"type": "Point", "coordinates": [-76.640635, 7.752771]}, "properties": {"fid": "263", "expediente": "200-16-51-01-0077-2013", "id_captaci": "Sup-0243", "profundida": "60", "tipo_conce": "Subterranea", "uso": "Industrial", "fecha_acto": "2013-06-19T00:00:00.000", "fecha_soli": "2013-04-15T00:00:00.000", "fecha_fina": "2023-06-27T00:00:00.000", "caudal_oto": "6", "regimen_di": "8.1", "regimen_se": "6", "dias_seman": "6", "semanas_an": "52", "m3_a_o": "54587.52", "m3_dia": "149.554849", "nombre_cap": "Acueducto Barrio la Cadena", "x": "-76.640635", "y": "7.752771"}}, {"type": "Feature", "geometry": {"type": "Point", "coordinates": [-76.699907, 7.769827]}, "properties": {"fid": "264", "expediente": "200-16-51-01-0097-2018", "id_captaci": "583", "profundida": "140", "tipo_conce": "Subterranea", "uso": "Agrícola", "fecha_acto": "2018-06-06T00:00:00.000", "fecha_soli": "2018-05-03T00:00:00.000", "fecha_fina": "2028-06-07T00:00:00.000", "caudal_oto": "126", "regimen_di": "6.5", "regimen_se": "7", "dias_seman": "7", "semanas_an": "16", "m3_a_o": "330220.8", "m3_dia": "904.714521", "nombre_cap": "Finca Bonanza Pozo 2", "x": "-76.699907", "y": "7.769827"}}, {"type": "Feature", "geometry": {"type": "Point", "coordinates": [-76.662969, 7.75575]}, "properties": {"fid": "265", "expediente": "200-16-51-01-0102-2014", "id_captaci": "37", "profundida": "50", "tipo_conce": "Subterranea", "uso": "Doméstico", "fecha_acto": "2014-08-05T00:00:00.000", "fecha_soli": "2014-05-19T00:00:00.000", "fecha_fina": "2024-08-13T00:00:00.000", "caudal_oto": "1.2", "regimen_di": "1.5", "regimen_se": "1", "dias_seman": "1", "semanas_an": "52", "m3_a_o": "336.96", "m3_dia": "0.923178", "nombre_cap": "pozo profundo Finca La Playa, La plana", "x": "-76.662969", "y": "7.75575"}}, {"type": "Feature", "geometry": {"type": "Point", "coordinates": [-76.662633, 7.766057]}, "properties": {"fid": "266", "expediente": "200-16-51-01-0104-2018", "id_captaci": "11", "profundida": "60", "tipo_conce": "Subterranea", "uso": "Agroindustria", "fecha_acto": "2018-06-05T00:00:00.000", "fecha_soli": "2018-05-03T00:00:00.000", "fecha_fina": "2028-06-07T00:00:00.000", "caudal_oto": "4", "regimen_di": "2", "regimen_se": "3", "dias_seman": "3", "semanas_an": "52", "m3_a_o": "4492.8", "m3_dia": "12.309041", "nombre_cap": "Finca Diamante", "x": "-76.662633", "y": "7.766057"}}, {"type": "Feature", "geometry": {"type": "Point", "coordinates": [-76.722566, 7.775091]}, "properties": {"fid": "267", "expediente": "200-16-51-01-0119-2017", "id_captaci": "435", "profundida": "72", "tipo_conce": "Subterranea", "uso": "Riego", "fecha_acto": "2017-07-21T00:00:00.000", "fecha_soli": "2017-06-13T00:00:00.000", "fecha_fina": "2027-08-02T00:00:00.000", "caudal_oto": "42.8", "regimen_di": "7.2", "regimen_se": "7", "dias_seman": "7", "semanas_an": "16", "m3_a_o": "124250.112", "m3_dia": "340.411266", "nombre_cap": "Finca Tabano (Finca Ebano )", "x": "-76.722566", "y": "7.775091"}}, {"type": "Feature", "geometry": {"type": "Point", "coordinates": [-76.694578, 7.767336]}, "properties": {"fid": "268", "expediente": "200-16-51-01-0120-2016", "id_captaci": "212", "profundida": "61", "tipo_conce": "Subterranea", "uso": "Agrícola", "fecha_acto": "2016-09-26T00:00:00.000", "fecha_soli": "2016-04-26T00:00:00.000", "fecha_fina": "2026-09-28T00:00:00.000", "caudal_oto": "5", "regimen_di": "10.3", "regimen_se": "1", "dias_seman": "1", "semanas_an": "52", "m3_a_o": "9640.8", "m3_dia": "26.413151", "nombre_cap": "Finca Montañita", "x": "-76.694578", "y": "7.767336"}}, {"type": "Feature", "geometry": {"type": "Point", "coordinates": [-76.752369, 7.782159]}, "properties": {"fid": "269", "expediente": "200-16-51-01-0151-2010", "id_captaci": "690", "profundida": "60", "tipo_conce": "Subterranea", "uso": "Industrial", "fecha_acto": "2010-09-16T00:00:00.000", "fecha_soli": "2010-05-24T00:00:00.000", "fecha_fina": "2020-09-16T00:00:00.000", "caudal_oto": "2.5", "regimen_di": "3", "regimen_se": "5", "dias_seman": "5", "semanas_an": "52", "m3_a_o": "7020", "m3_dia": "19.232877", "nombre_cap": "Finca Los Cunas Pozo 3", "x": "-76.752369", "y": "7.782159"}}, {"type": "Feature", "geometry": {"type": "Point", "coordinates": [-76.762242, 7.770014]}, "properties": {"fid": "270", "expediente": "200-16-51-01-0155-2017", "id_captaci": "67", "profundida": "86", "tipo_conce": "Subterranea", "uso": "Agrícola", "fecha_acto": "2017-09-15T00:00:00.000", "fecha_soli": "2017-08-09T00:00:00.000", "fecha_fina": "2027-09-22T00:00:00.000", "caudal_oto": "3.5", "regimen_di": "3.4", "regimen_se": "2", "dias_seman": "2", "semanas_an": "52", "m3_a_o": "4455.36", "m3_dia": "12.206466", "nombre_cap": "Pozo profundo FCA. Punto Fijo", "x": "-76.762242", "y": "7.770014"}}, {"type": "Feature", "geometry": {"type": "Point", "coordinates": [-76.793374, 7.76981]}, "properties": {"fid": "271", "expediente": "200-16-51-01-0161-2016", "id_captaci": "463", "profundida": "143", "tipo_conce": "Subterranea", "uso": "Agrícola", "fecha_acto": "2016-11-01T00:00:00.000", "fecha_soli": "2016-06-07T00:00:00.000", "fecha_fina": "2026-11-09T00:00:00.000", "caudal_oto": "12", "regimen_di": "4.4", "regimen_se": "1", "dias_seman": "1", "semanas_an": "52", "m3_a_o": "9884.16", "m3_dia": "27.07989", "nombre_cap": "Finca Ensenada", "x": "-76.793374", "y": "7.76981"}}, {"type": "Feature", "geometry": {"type": "Point", "coordinates": [-76.656214, 7.76644]}, "properties": {"fid": "272", "expediente": "200-16-51-01-0176-2016", "id_captaci": "90", "profundida": "45", "tipo_conce": "Subterranea", "uso": "Agrícola", "fecha_acto": "2016-10-10T00:00:00.000", "fecha_soli": "2016-06-20T00:00:00.000", "fecha_fina": "2026-10-18T00:00:00.000", "caudal_oto": "7.6", "regimen_di": "2.08", "regimen_se": "2", "dias_seman": "2", "semanas_an": "52", "m3_a_o": "5918.5152", "m3_dia": "16.21511", "nombre_cap": "Finca La Plantacion", "x": "-76.656214", "y": "7.76644"}}, {"type": "Feature", "geometry": {"type": "Point", "coordinates": [-76.722612, 7.775245]}, "properties": {"fid": "273", "expediente": "200-16-51-01-0181-2010", "id_captaci": "84", "profundida": "68", "tipo_conce": "Subterranea", "uso": "Industrial", "fecha_acto": "2011-08-12T00:00:00.000", "fecha_soli": "2010-06-29T00:00:00.000", "fecha_fina": "2021-08-12T00:00:00.000", "caudal_oto": "3.75", "regimen_di": "3", "regimen_se": "4", "dias_seman": "4", "semanas_an": "52", "m3_a_o": "8424", "m3_dia": "23.079452", "nombre_cap": "Finca Tabano", "x": "-76.722612", "y": "7.775245"}}, {"type": "Feature", "geometry": {"type": "Point", "coordinates": [-76.699333, 7.774861]}, "properties": {"fid": "274", "expediente": "200-16-51-01-0205-2014", "id_captaci": "sub_c_189", "profundida": "60", "tipo_conce": "Subterranea", "uso": "Industrial", "fecha_acto": "2015-03-18T00:00:00.000", "fecha_soli": "2014-10-17T00:00:00.000", "fecha_fina": "2025-03-20T00:00:00.000", "caudal_oto": "2.5", "regimen_di": "4", "regimen_se": "4", "dias_seman": "4", "semanas_an": "52", "m3_a_o": "7488", "m3_dia": "20.515068", "nombre_cap": "Finca La Candelaria La Candelaria", "x": "-76.699333", "y": "7.774861"}}, {"type": "Feature", "geometry": {"type": "Point", "coordinates": [-76.669884, 7.766725]}, "properties": {"fid": "275", "expediente": "200-16-51-01-0210-2018", "id_captaci": "77", "profundida": "59", "tipo_conce": "Subterranea", "uso": "Agrícola", "fecha_acto": "2018-10-11T00:00:00.000", "fecha_soli": "2018-08-03T00:00:00.000", "fecha_fina": "2028-12-05T00:00:00.000", "caudal_oto": "3", "regimen_di": "3.06", "regimen_se": "5", "dias_seman": "5", "semanas_an": "52", "m3_a_o": "8592.48", "m3_dia": "23.541041", "nombre_cap": "Finca Santa Helena", "x": "-76.669884", "y": "7.766725"}}, {"type": "Feature", "geometry": {"type": "Point", "coordinates": [-76.728411, 7.756696]}, "properties": {"fid": "276", "expediente": "200-16-51-01-0238-2016", "id_captaci": "426", "profundida": "50", "tipo_conce": "Subterranea", "uso": "Agrícola", "fecha_acto": "2016-10-24T00:00:00.000", "fecha_soli": "2016-08-02T00:00:00.000", "fecha_fina": "2026-11-17T00:00:00.000", "caudal_oto": "5.4", "regimen_di": "7", "regimen_se": "2", "dias_seman": "2", "semanas_an": "52", "m3_a_o": "14152.32", "m3_dia": "38.773479", "nombre_cap": "Finca Villa Mria (Finca La Apartada)", "x": "-76.728411", "y": "7.756696"}}, {"type": "Feature", "geometry": {"type": "Point", "coordinates": [-76.713162, 7.778302]}, "properties": {"fid": "277", "expediente": "200-16-51-01-0239-2016", "id_captaci": "487", "profundida": "90", "tipo_conce": "Subterranea", "uso": "Agrícola", "fecha_acto": "2016-10-04T00:00:00.000", "fecha_soli": "2016-08-02T00:00:00.000", "fecha_fina": "2026-10-18T00:00:00.000", "caudal_oto": "4", "regimen_di": "7", "regimen_se": "2", "dias_seman": "2", "semanas_an": "52", "m3_a_o": "10483.2", "m3_dia": "28.721096", "nombre_cap": "Finca El Rincon Pozo 2", "x": "-76.713162", "y": "7.778302"}}, {"type": "Feature", "geometry": {"type": "Point", "coordinates": [-76.770528, 7.775556]}, "properties": {"fid": "278", "expediente": "200-16-51-01-0242-2016", "id_captaci": "sub_c_99", "profundida": "60", "tipo_conce": "Subterranea", "uso": "Agrícola", "fecha_acto": "2016-10-04T00:00:00.000", "fecha_soli": "2016-08-02T00:00:00.000", "fecha_fina": "2026-11-18T00:00:00.000", "caudal_oto": "3.2", "regimen_di": "3.1", "regimen_se": "1", "dias_seman": "1", "semanas_an": "52", "m3_a_o": "1857.024", "m3_dia": "5.087737", "nombre_cap": "Pozo Artesano  FINCA VILLA EMMA", "x": "-76.770528", "y": "7.775556"}}, {"type": "Feature", "geometry": {"type": "Point", "coordinates": [-76.732914, 7.759638]}, "properties": {"fid": "279", "expediente": "200-16-51-01-0247-2015", "id_captaci": "86", "profundida": "70", "tipo_conce": "Subterranea", "uso": "Agrícola", "fecha_acto": "2015-11-04T00:00:00.000", "fecha_soli": "2003-01-01T00:00:00.000", "fecha_fina": "2025-11-04T00:00:00.000", "caudal_oto": "3.6", "regimen_di": "4", "regimen_se": "1", "dias_seman": "1", "semanas_an": "52", "m3_a_o": "2695.68", "m3_dia": "7.385425", "nombre_cap": "Finca Terranova", "x": "-76.732914", "y": "7.759638"}}, {"type": "Feature", "geometry": {"type": "Point", "coordinates": [-76.702556, 7.779139]}, "properties": {"fid": "280", "expediente": "200-16-51-01-0261-2018", "id_captaci": "408", "profundida": "140", "tipo_conce": "Subterranea", "uso": "Riego", "fecha_acto": "2019-01-09T00:00:00.000", "fecha_soli": "2018-09-04T00:00:00.000", "fecha_fina": "2029-01-09T00:00:00.000", "caudal_oto": "42", "regimen_di": "15.3", "regimen_se": "7", "dias_seman": "7", "semanas_an": "16", "m3_a_o": "259096.32", "m3_dia": "709.852932", "nombre_cap": "Pozo 2 Finca Candelaria, Riego", "x": "-76.702556", "y": "7.779139"}}, {"type": "Feature", "geometry": {"type": "Point", "coordinates": [-76.781408, 7.769078]}, "properties": {"fid": "281", "expediente": "200-16-51-01-0271-2017", "id_captaci": "218", "profundida": "80", "tipo_conce": "Subterranea", "uso": "Agrícola", "fecha_acto": "2018-02-06T00:00:00.000", "fecha_soli": "2017-09-21T00:00:00.000", "fecha_fina": "2028-02-22T00:00:00.000", "caudal_oto": "9.4", "regimen_di": "4.8", "regimen_se": "3.5", "dias_seman": "3.5", "semanas_an": "52", "m3_a_o": "29562.624", "m3_dia": "80.99349", "nombre_cap": "Manantial", "x": "-76.781408", "y": "7.769078"}}, {"type": "Feature", "geometry": {"type": "Point", "coordinates": [-76.669856, 7.757999]}, "properties": {"fid": "283", "expediente": "200-16-51-01-0294-2015", "id_captaci": "409", "profundida": "96", "tipo_conce": "Subterranea", "uso": "Doméstico", "fecha_acto": "2016-05-18T00:00:00.000", "fecha_soli": "2015-10-08T00:00:00.000", "fecha_fina": "2026-06-01T00:00:00.000", "caudal_oto": "2.8", "regimen_di": "6", "regimen_se": "2", "dias_seman": "2", "semanas_an": "52", "m3_a_o": "6289.92", "m3_dia": "17.232658", "nombre_cap": "Finca Carepa", "x": "-76.669856", "y": "7.757999"}}, {"type": "Feature", "geometry": {"type": "Point", "coordinates": [-76.652917, 7.770583]}, "properties": {"fid": "284", "expediente": "200-16-51-01-0305-2019", "id_captaci": "5", "profundida": "125", "tipo_conce": "Subterranea", "uso": "Doméstico", "fecha_acto": "2019-12-23T00:00:00.000", "fecha_soli": "2019-11-07T00:00:00.000", "fecha_fina": "2029-12-22T00:00:00.000", "caudal_oto": "4.8", "regimen_di": "7.9", "regimen_se": "7", "dias_seman": "7", "semanas_an": "52", "m3_a_o": "49690.368", "m3_dia": "136.137995", "nombre_cap": "Pozo 1 - PAC TIGRES", "x": "-76.652917", "y": "7.770583"}}, {"type": "Feature", "geometry": {"type": "Point", "coordinates": [-76.65625, 7.774361]}, "properties": {"fid": "285", "expediente": "200-16-51-01-0306-2019", "id_captaci": "342", "profundida": "150", "tipo_conce": "Subterranea", "uso": "Consumo Humano", "fecha_acto": "2019-12-26T00:00:00.000", "fecha_soli": "2019-11-07T00:00:00.000", "fecha_fina": "2029-12-25T00:00:00.000", "caudal_oto": "8.03", "regimen_di": "3.24", "regimen_se": "7", "dias_seman": "7", "semanas_an": "52", "m3_a_o": "34092.93888", "m3_dia": "93.405312", "nombre_cap": "Pozo 2 - REMEDIO POBRE", "x": "-76.65625", "y": "7.774361"}}, {"type": "Feature", "geometry": {"type": "Point", "coordinates": [-76.653083, 7.777917]}, "properties": {"fid": "286", "expediente": "200-16-51-01-0307-2019", "id_captaci": "549", "profundida": "60", "tipo_conce": "Subterranea", "uso": "Consumo Humano", "fecha_acto": "2019-12-27T00:00:00.000", "fecha_soli": "2019-11-07T00:00:00.000", "fecha_fina": "2030-01-09T00:00:00.000", "caudal_oto": "15", "regimen_di": "1.74", "regimen_se": "7", "dias_seman": "7", "semanas_an": "52", "m3_a_o": "34201.44", "m3_dia": "93.702575", "nombre_cap": "Pozo 3 - HELIPUERTO", "x": "-76.653083", "y": "7.777917"}}, {"type": "Feature", "geometry": {"type": "Point", "coordinates": [-76.653083, 7.777917]}, "properties": {"fid": "287", "expediente": "200-16-51-01-0307-2019", "id_captaci": "549", "profundida": "60", "tipo_conce": "Subterranea", "uso": "Consumo Humano", "fecha_acto": "2019-12-27T00:00:00.000", "fecha_soli": "2019-11-07T00:00:00.000", "fecha_fina": "2030-01-09T00:00:00.000", "caudal_oto": "15", "regimen_di": "1.74", "regimen_se": "7", "dias_seman": "7", "semanas_an": "52", "m3_a_o": "34201.44", "m3_dia": "93.702575", "nombre_cap": "Pozo 3 - HELIPUERTO", "x": "-76.653083", "y": "7.777917"}}, {"type": "Feature", "geometry": {"type": "Point", "coordinates": [-76.747675, 7.767751]}, "properties": {"fid": "288", "expediente": "200-16-51-01-0320-2010", "id_captaci": "22", "profundida": "80", "tipo_conce": "Subterranea", "uso": "Riego", "fecha_acto": "2012-02-27T00:00:00.000", "fecha_soli": "2010-10-25T00:00:00.000", "fecha_fina": "2022-03-20T00:00:00.000", "caudal_oto": "2.7", "regimen_di": "2", "regimen_se": "5", "dias_seman": "5", "semanas_an": "52", "m3_a_o": "5054.4", "m3_dia": "13.847671", "nombre_cap": "Finca Guaimaral Pozo 1", "x": "-76.747675", "y": "7.767751"}}, {"type": "Feature", "geometry": {"type": "Point", "coordinates": [-76.676264, 7.749822]}, "properties": {"fid": "289", "expediente": "200-16-51-01-0325-2016", "id_captaci": "27", "profundida": "135", "tipo_conce": "Subterranea", "uso": "Agrícola", "fecha_acto": "2016-12-20T00:00:00.000", "fecha_soli": "2016-11-04T00:00:00.000", "fecha_fina": "2027-01-16T00:00:00.000", "caudal_oto": "23.4", "regimen_di": "3.75", "regimen_se": "1", "dias_seman": "1", "semanas_an": "16", "m3_a_o": "5054.4", "m3_dia": "13.847671", "nombre_cap": "Hacienda Horizontes Pozo 1", "x": "-76.676264", "y": "7.749822"}}, {"type": "Feature", "geometry": {"type": "Point", "coordinates": [-76.792673, 7.761437]}, "properties": {"fid": "290", "expediente": "200-16-51-01-0328-2019", "id_captaci": "702", "profundida": "60", "tipo_conce": "Subterranea", "uso": "Agrícola", "fecha_acto": "2020-01-15T00:00:00.000", "fecha_soli": "2019-12-04T00:00:00.000", "fecha_fina": "2030-01-01T00:00:00.000", "caudal_oto": "6.5", "regimen_di": "1.7", "regimen_se": "5", "dias_seman": "5", "semanas_an": "52", "m3_a_o": "10342.8", "m3_dia": "28.336438", "nombre_cap": "POZO DE EMPACADORA TORNOBAN , Finca La Rural", "x": "-76.792673", "y": "7.761437"}}, {"type": "Feature", "geometry": {"type": "Point", "coordinates": [-76.633917, 7.753885]}, "properties": {"fid": "291", "expediente": "200-16-51-01-0500-2009", "id_captaci": "PA-21", "profundida": "60", "tipo_conce": "Subterranea", "uso": "Pecuario", "fecha_acto": "2010-07-23T00:00:00.000", "fecha_soli": "2009-10-22T00:00:00.000", "fecha_fina": "2020-07-23T00:00:00.000", "caudal_oto": "1", "regimen_di": "1", "regimen_se": "7", "dias_seman": "7", "semanas_an": "52", "m3_a_o": "1310.4", "m3_dia": "3.590137", "nombre_cap": "Pozo  Granja Avicola El Darien", "x": "-76.633917", "y": "7.753885"}}, {"type": "Feature", "geometry": {"type": "Point", "coordinates": [-76.7, 7.767838]}, "properties": {"fid": "292", "expediente": "200-16-51-01-0612-2009", "id_captaci": "404", "profundida": "60", "tipo_conce": "Subterranea", "uso": "Agrícola", "fecha_acto": "2011-09-19T00:00:00.000", "fecha_soli": "2009-12-29T00:00:00.000", "fecha_fina": "2021-10-03T00:00:00.000", "caudal_oto": "1.05", "regimen_di": "4", "regimen_se": "5", "dias_seman": "5", "semanas_an": "52", "m3_a_o": "3931.2", "m3_dia": "10.770411", "nombre_cap": "Finca Bonanza Pozo 1", "x": "-76.7", "y": "7.767838"}}, {"type": "Feature", "geometry": {"type": "Point", "coordinates": [-76.707813, 7.747591]}, "properties": {"fid": "293", "expediente": "030509-2001", "id_captaci": "93", "profundida": "134.5", "tipo_conce": "Subterranea", "uso": "Riego", "fecha_acto": "2014-12-23T00:00:00.000", "fecha_soli": "2010-01-01T00:00:00.000", "fecha_fina": "2024-12-23T00:00:00.000", "caudal_oto": "120", "regimen_di": "16", "regimen_se": "7", "dias_seman": "7", "semanas_an": "16", "m3_a_o": "774144", "m3_dia": "2120.942466", "nombre_cap": "Finca Trigana Pozo 2", "x": "-76.707813", "y": "7.747591"}}, {"type": "Feature", "geometry": {"type": "Point", "coordinates": [-76.664045, 7.730552]}, "properties": {"fid": "294", "expediente": "200-16-51-01-0024-2015", "id_captaci": "370", "profundida": "72", "tipo_conce": "Subterranea", "uso": "Industrial", "fecha_acto": "2015-04-13T00:00:00.000", "fecha_soli": "2015-02-16T00:00:00.000", "fecha_fina": "2025-04-15T00:00:00.000", "caudal_oto": "3", "regimen_di": "5.7", "regimen_se": "6", "dias_seman": "6", "semanas_an": "52", "m3_a_o": "19206.72", "m3_dia": "52.621151", "nombre_cap": "Superaguas Pozo 1", "x": "-76.664045", "y": "7.730552"}}, {"type": "Feature", "geometry": {"type": "Point", "coordinates": [-76.664136, 7.730371]}, "properties": {"fid": "295", "expediente": "200-16-51-01-0025-2015", "id_captaci": "83", "profundida": "72", "tipo_conce": "Subterranea", "uso": "Industrial", "fecha_acto": "2015-04-13T00:00:00.000", "fecha_soli": "2015-02-16T00:00:00.000", "fecha_fina": "2025-04-15T00:00:00.000", "caudal_oto": "1.47", "regimen_di": "11.3", "regimen_se": "6", "dias_seman": "6", "semanas_an": "52", "m3_a_o": "18657.4752", "m3_dia": "51.11637", "nombre_cap": "Superaguas Pozo 2", "x": "-76.664136", "y": "7.730371"}}, {"type": "Feature", "geometry": {"type": "Point", "coordinates": [-76.725498, 7.738654]}, "properties": {"fid": "296", "expediente": "200-16-51-01-0072-2013", "id_captaci": "68", "profundida": "140", "tipo_conce": "Subterranea", "uso": "AgroIndustria", "fecha_acto": "2013-10-31T00:00:00.000", "fecha_soli": "2013-04-09T00:00:00.000", "fecha_fina": "2023-11-26T00:00:00.000", "caudal_oto": "45", "regimen_di": "1.75", "regimen_se": "1", "dias_seman": "1", "semanas_an": "52", "m3_a_o": "14742", "m3_dia": "40.389041", "nombre_cap": "Finca Virginias", "x": "-76.725498", "y": "7.738654"}}, {"type": "Feature", "geometry": {"type": "Point", "coordinates": [-76.725498, 7.738654]}, "properties": {"fid": "297", "expediente": "200-16-51-01-0072-2013", "id_captaci": "68", "profundida": "140", "tipo_conce": "Subterranea", "uso": "Riego", "fecha_acto": "2013-10-31T00:00:00.000", "fecha_soli": "2013-04-09T00:00:00.000", "fecha_fina": "2023-11-26T00:00:00.000", "caudal_oto": "45", "regimen_di": "16", "regimen_se": "7", "dias_seman": "7", "semanas_an": "16", "m3_a_o": "290304", "m3_dia": "795.353425", "nombre_cap": "Finca Virginias", "x": "-76.725498", "y": "7.738654"}}, {"type": "Feature", "geometry": {"type": "Point", "coordinates": [-76.675634, 7.74512]}, "properties": {"fid": "298", "expediente": "200-16-51-01-0085-2013", "id_captaci": "79", "profundida": "70", "tipo_conce": "Subterranea", "uso": "Industrial", "fecha_acto": "2013-07-17T00:00:00.000", "fecha_soli": "2013-04-23T00:00:00.000", "fecha_fina": "2023-07-17T00:00:00.000", "caudal_oto": "23", "regimen_di": "1.35", "regimen_se": "168", "dias_seman": "7", "semanas_an": "52", "m3_a_o": "40687.92", "m3_dia": "111.473753", "nombre_cap": "Finca El Congo", "x": "-76.675634", "y": "7.74512"}}, {"type": "Feature", "geometry": {"type": "Point", "coordinates": [-76.719718, 7.74544]}, "properties": {"fid": "299", "expediente": "200-16-51-01-0134-2018", "id_captaci": "57", "profundida": "76", "tipo_conce": "Subterranea", "uso": "Agrícola", "fecha_acto": "2018-07-19T00:00:00.000", "fecha_soli": "2018-05-31T00:00:00.000", "fecha_fina": "2028-07-30T00:00:00.000", "caudal_oto": "3", "regimen_di": "7", "regimen_se": "3", "dias_seman": "3", "semanas_an": "52", "m3_a_o": "11793.6", "m3_dia": "32.311233", "nombre_cap": "Finca Trigana Pozo 1", "x": "-76.719718", "y": "7.74544"}}, {"type": "Feature", "geometry": {"type": "Point", "coordinates": [-76.663723, 7.744467]}, "properties": {"fid": "300", "expediente": "200-16-51-01-0152-2013", "id_captaci": "78", "profundida": "60", "tipo_conce": "Subterranea", "uso": "AgroIndustria", "fecha_acto": "2013-09-19T00:00:00.000", "fecha_soli": "2013-07-22T00:00:00.000", "fecha_fina": "2023-10-02T00:00:00.000", "caudal_oto": "5", "regimen_di": "2", "regimen_se": "4", "dias_seman": "4", "semanas_an": "52", "m3_a_o": "7488", "m3_dia": "20.515068", "nombre_cap": "Finca Santa Isabel", "x": "-76.663723", "y": "7.744467"}}, {"type": "Feature", "geometry": {"type": "Point", "coordinates": [-76.680075, 7.737023]}, "properties": {"fid": "301", "expediente": "200-16-51-01-0154-2017", "id_captaci": "181", "profundida": "31.13", "tipo_conce": "Subterranea", "uso": "Agrícola", "fecha_acto": "2017-09-21T00:00:00.000", "fecha_soli": "2017-08-09T00:00:00.000", "fecha_fina": "2027-10-10T00:00:00.000", "caudal_oto": "3.4", "regimen_di": "3.5", "regimen_se": "2", "dias_seman": "2", "semanas_an": "52", "m3_a_o": "4455.36", "m3_dia": "12.206466", "nombre_cap": "Finca Madelandia (ahora El Tesoro)", "x": "-76.680075", "y": "7.737023"}}, {"type": "Feature", "geometry": {"type": "Point", "coordinates": [-76.713306, 7.714528]}, "properties": {"fid": "302", "expediente": "200-16-51-01-0273-2017", "id_captaci": "P-146", "profundida": "140", "tipo_conce": "Subterranea", "uso": "Riego", "fecha_acto": "2018-07-30T00:00:00.000", "fecha_soli": "2017-09-21T00:00:00.000", "fecha_fina": "2028-08-13T00:00:00.000", "caudal_oto": "81", "regimen_di": "11.2", "regimen_se": "7", "dias_seman": "7", "semanas_an": "16", "m3_a_o": "365783.04", "m3_dia": "1002.145315", "nombre_cap": "Pozo profundo finca San Bartolo", "x": "-76.713306", "y": "7.714528"}}, {"type": "Feature", "geometry": {"type": "Point", "coordinates": [-76.713417, 7.714528]}, "properties": {"fid": "303", "expediente": "200-16-51-01-0326-2019", "id_captaci": "P-181", "profundida": "60", "tipo_conce": "Subterranea", "uso": "Industrial", "fecha_acto": "2020-01-20T00:00:00.000", "fecha_soli": "2019-12-04T00:00:00.000", "fecha_fina": "2030-01-01T00:00:00.000", "caudal_oto": "4.3", "regimen_di": "2.9", "regimen_se": "5", "dias_seman": "5", "semanas_an": "52", "m3_a_o": "11671.92", "m3_dia": "31.977863", "nombre_cap": "Pozo de empacadora Finca San Bartolo", "x": "-76.713417", "y": "7.714528"}}, {"type": "Feature", "geometry": {"type": "Point", "coordinates": [-76.767222, 7.680111]}, "properties": {"fid": "304", "expediente": "200-16-51-01-0032-2020", "id_captaci": "C_9", "profundida": "60", "tipo_conce": "Subterranea", "uso": "Doméstico", "fecha_acto": "2020-03-04T00:00:00.000", "fecha_soli": "2020-02-07T00:00:00.000", "fecha_fina": "2030-01-01T00:00:00.000", "caudal_oto": "0.5", "regimen_di": "7.8", "regimen_se": "5", "dias_seman": "5", "semanas_an": "52", "m3_a_o": "3650.4", "m3_dia": "10.001096", "nombre_cap": "ALJIBE COLEGIO NEIL UPEGUI SEDE MALAGÓN CHIGORODÓ", "x": "-76.767222", "y": "7.680111"}}, {"type": "Feature", "geometry": {"type": "Point", "coordinates": [-76.731474, 7.702411]}, "properties": {"fid": "305", "expediente": "200-16-51-01-0037-2019", "id_captaci": "492", "profundida": "40", "tipo_conce": "Subterranea", "uso": "Agrícola", "fecha_acto": "2019-04-10T00:00:00.000", "fecha_soli": "2019-02-27T00:00:00.000", "fecha_fina": "2029-04-10T00:00:00.000", "caudal_oto": "5.4", "regimen_di": "2.07", "regimen_se": "4", "dias_seman": "4", "semanas_an": "52", "m3_a_o": "8370.0864", "m3_dia": "22.931744", "nombre_cap": "Finca Corales Pozo 1", "x": "-76.731474", "y": "7.702411"}}, {"type": "Feature", "geometry": {"type": "Point", "coordinates": [-76.709946, 7.682383]}, "properties": {"fid": "306", "expediente": "200-16-51-01-0039-2019", "id_captaci": "18", "profundida": "76", "tipo_conce": "Subterranea", "uso": "Riego", "fecha_acto": "2019-08-14T00:00:00.000", "fecha_soli": "2019-02-27T00:00:00.000", "fecha_fina": "2029-08-14T00:00:00.000", "caudal_oto": "44.86", "regimen_di": "16", "regimen_se": "7", "dias_seman": "7", "semanas_an": "16", "m3_a_o": "289400.832", "m3_dia": "792.878992", "nombre_cap": "Pozo de riego FCA. Monaco-Finca Santa Maria de Lagunilla-Serrania", "x": "-76.709946", "y": "7.682383"}}, {"type": "Feature", "geometry": {"type": "Point", "coordinates": [-76.737806, 7.710167]}, "properties": {"fid": "307", "expediente": "200-16-51-01-0054-2010", "id_captaci": "P-193", "profundida": "60", "tipo_conce": "Subterranea", "uso": "Industrial", "fecha_acto": "2015-05-27T00:00:00.000", "fecha_soli": "2010-02-26T00:00:00.000", "fecha_fina": "2025-05-27T00:00:00.000", "caudal_oto": "2.1", "regimen_di": "8", "regimen_se": "5", "dias_seman": "5", "semanas_an": "52", "m3_a_o": "15724.8", "m3_dia": "43.081644", "nombre_cap": "Dallas pozo 2", "x": "-76.737806", "y": "7.710167"}}, {"type": "Feature", "geometry": {"type": "Point", "coordinates": [-76.73575, 7.711056]}, "properties": {"fid": "331", "expediente": "200-16-51-01-0324-2015", "id_captaci": "sub_c_149", "profundida": "60", "tipo_conce": "Subterranea", "uso": "Agrícola", "fecha_acto": "2016-05-03T00:00:00.000", "fecha_soli": "2015-11-18T00:00:00.000", "fecha_fina": "2026-05-17T00:00:00.000", "caudal_oto": "5.4", "regimen_di": "7.8", "regimen_se": "2", "dias_seman": "2", "semanas_an": "52", "m3_a_o": "15769.728", "m3_dia": "43.204734", "nombre_cap": "Punto a Perforar Montecristo 2", "x": "-76.73575", "y": "7.711056"}}, {"type": "Feature", "geometry": {"type": "Point", "coordinates": [-76.709946, 7.682383]}, "properties": {"fid": "308", "expediente": "200-16-51-01-0054-2018", "id_captaci": "18", "profundida": "76", "tipo_conce": "Subterranea", "uso": "Agroindustria", "fecha_acto": "2018-03-21T00:00:00.000", "fecha_soli": "2018-02-28T00:00:00.000", "fecha_fina": "2028-04-17T00:00:00.000", "caudal_oto": "4.1", "regimen_di": "3", "regimen_se": "4", "dias_seman": "4", "semanas_an": "52", "m3_a_o": "9210.24", "m3_dia": "25.233534", "nombre_cap": "Pozo de riego FCA. Monaco-Finca Santa Maria de Lagunilla-Serrania", "x": "-76.709946", "y": "7.682383"}}, {"type": "Feature", "geometry": {"type": "Point", "coordinates": [-76.737806, 7.710167]}, "properties": {"fid": "309", "expediente": "200-16-51-01-0055-2018", "id_captaci": "P-193", "profundida": "60", "tipo_conce": "Subterranea", "uso": "Agrícola", "fecha_acto": "2018-10-11T00:00:00.000", "fecha_soli": "2018-02-28T00:00:00.000", "fecha_fina": "2028-11-29T00:00:00.000", "caudal_oto": "8.7", "regimen_di": "2", "regimen_se": "5", "dias_seman": "5", "semanas_an": "52", "m3_a_o": "16286.4", "m3_dia": "44.620274", "nombre_cap": "Dallas pozo 2", "x": "-76.737806", "y": "7.710167"}}, {"type": "Feature", "geometry": {"type": "Point", "coordinates": [-76.734861, 7.711167]}, "properties": {"fid": "310", "expediente": "200-16-51-01-0099-2019", "id_captaci": "405", "profundida": "75", "tipo_conce": "Subterranea", "uso": "Riego", "fecha_acto": "2019-08-12T00:00:00.000", "fecha_soli": "2019-04-29T00:00:00.000", "fecha_fina": "2029-07-31T00:00:00.000", "caudal_oto": "59", "regimen_di": "16", "regimen_se": "7", "dias_seman": "7", "semanas_an": "16", "m3_a_o": "380620.8", "m3_dia": "1042.796712", "nombre_cap": "Pozo profundo Finca Dallas (Polonia)", "x": "-76.734861", "y": "7.711167"}}, {"type": "Feature", "geometry": {"type": "Point", "coordinates": [-76.706769, 7.698583]}, "properties": {"fid": "311", "expediente": "200-16-51-01-0109-2013", "id_captaci": "383", "profundida": "99", "tipo_conce": "Subterranea", "uso": "Industrial", "fecha_acto": "2013-07-24T00:00:00.000", "fecha_soli": "2013-05-20T00:00:00.000", "fecha_fina": "2023-08-02T00:00:00.000", "caudal_oto": "3.48", "regimen_di": "1.94", "regimen_se": "5", "dias_seman": "5", "semanas_an": "52", "m3_a_o": "6319.1232", "m3_dia": "17.312666", "nombre_cap": "Finca Juana Pio Pozo 1", "x": "-76.706769", "y": "7.698583"}}, {"type": "Feature", "geometry": {"type": "Point", "coordinates": [-76.753537, 7.701424]}, "properties": {"fid": "312", "expediente": "200-16-51-01-0115-2018", "id_captaci": "575", "profundida": "174", "tipo_conce": "Subterranea", "uso": "Riego", "fecha_acto": "2018-07-17T00:00:00.000", "fecha_soli": "2018-05-09T00:00:00.000", "fecha_fina": "2028-07-26T00:00:00.000", "caudal_oto": "70", "regimen_di": "8", "regimen_se": "7", "dias_seman": "7", "semanas_an": "16", "m3_a_o": "225792", "m3_dia": "618.608219", "nombre_cap": "POZO EMPACADORA FINCA LUISA FERNANDA 2", "x": "-76.753537", "y": "7.701424"}}, {"type": "Feature", "geometry": {"type": "Point", "coordinates": [-76.753537, 7.701424]}, "properties": {"fid": "313", "expediente": "200-16-51-01-0144-2019", "id_captaci": "575", "profundida": "174", "tipo_conce": "Subterranea", "uso": "Agrícola", "fecha_acto": "2019-08-13T00:00:00.000", "fecha_soli": "2019-06-11T00:00:00.000", "fecha_fina": "2029-08-22T00:00:00.000", "caudal_oto": "4.9", "regimen_di": "1.66", "regimen_se": "4", "dias_seman": "4", "semanas_an": "52", "m3_a_o": "6090.7392", "m3_dia": "16.686957", "nombre_cap": "POZO EMPACADORA FINCA LUISA FERNANDA 2", "x": "-76.753537", "y": "7.701424"}}, {"type": "Feature", "geometry": {"type": "Point", "coordinates": [-76.755133, 7.701579]}, "properties": {"fid": "314", "expediente": "200-16-51-01-0145-2019", "id_captaci": "2", "profundida": "72", "tipo_conce": "Subterranea", "uso": "Agrícola", "fecha_acto": "2019-08-13T00:00:00.000", "fecha_soli": "2019-06-11T00:00:00.000", "fecha_fina": "2029-08-22T00:00:00.000", "caudal_oto": "4.8", "regimen_di": "3.18", "regimen_se": "3", "dias_seman": "3", "semanas_an": "52", "m3_a_o": "8572.2624", "m3_dia": "23.48565", "nombre_cap": "pozo profundo Finca Luisa Fernanda", "x": "-76.755133", "y": "7.701579"}}, {"type": "Feature", "geometry": {"type": "Point", "coordinates": [-76.682937, 7.691328]}, "properties": {"fid": "315", "expediente": "200-16-51-01-0152-2011", "id_captaci": "372", "profundida": "81.5", "tipo_conce": "Subterranea", "uso": "Agrícola", "fecha_acto": "2011-12-07T00:00:00.000", "fecha_soli": "2011-09-02T00:00:00.000", "fecha_fina": "2021-12-16T00:00:00.000", "caudal_oto": "3.5", "regimen_di": "2", "regimen_se": "5", "dias_seman": "5", "semanas_an": "52", "m3_a_o": "6552", "m3_dia": "17.950685", "nombre_cap": "Hacienda Bananal Pozo 1", "x": "-76.682937", "y": "7.691328"}}, {"type": "Feature", "geometry": {"type": "Point", "coordinates": [-76.761744, 7.708583]}, "properties": {"fid": "316", "expediente": "200-16-51-01-0162-2015", "id_captaci": "24", "profundida": "70", "tipo_conce": "Subterranea", "uso": "Agrícola", "fecha_acto": "2015-07-21T00:00:00.000", "fecha_soli": "2015-05-29T00:00:00.000", "fecha_fina": "2025-09-02T00:00:00.000", "caudal_oto": "1.74", "regimen_di": "10", "regimen_se": "2", "dias_seman": "2", "semanas_an": "52", "m3_a_o": "6514.56", "m3_dia": "17.84811", "nombre_cap": "Pozo profundo  Guatinaja", "x": "-76.761744", "y": "7.708583"}}, {"type": "Feature", "geometry": {"type": "Point", "coordinates": [-76.731976, 7.687482]}, "properties": {"fid": "317", "expediente": "200-16-51-01-0162-2017", "id_captaci": "110", "profundida": "60", "tipo_conce": "Subterranea", "uso": "Agrícola", "fecha_acto": "2017-10-05T00:00:00.000", "fecha_soli": "2017-08-10T00:00:00.000", "fecha_fina": "2027-10-18T00:00:00.000", "caudal_oto": "8.2", "regimen_di": "2.1", "regimen_se": "3", "dias_seman": "3", "semanas_an": "52", "m3_a_o": "9670.752", "m3_dia": "26.495211", "nombre_cap": "Pozo FCA. Malagon", "x": "-76.731976", "y": "7.687482"}}, {"type": "Feature", "geometry": {"type": "Point", "coordinates": [-76.740489, 7.696803]}, "properties": {"fid": "318", "expediente": "200-16-51-01-0171-2016", "id_captaci": "216", "profundida": "77", "tipo_conce": "Subterranea", "uso": "Agrícola", "fecha_acto": "2016-11-09T00:00:00.000", "fecha_soli": "2016-06-13T00:00:00.000", "fecha_fina": "2026-11-24T00:00:00.000", "caudal_oto": "7", "regimen_di": "10.5", "regimen_se": "1", "dias_seman": "1", "semanas_an": "52", "m3_a_o": "13759.2", "m3_dia": "37.696438", "nombre_cap": "Finca Manaure Pozo 1", "x": "-76.740489", "y": "7.696803"}}, {"type": "Feature", "geometry": {"type": "Point", "coordinates": [-76.687222, 7.706667]}, "properties": {"fid": "319", "expediente": "200-16-51-01-0173-2011", "id_captaci": "sub_c_220", "profundida": "60", "tipo_conce": "Subterranea", "uso": "Doméstico", "fecha_acto": "2012-05-18T00:00:00.000", "fecha_soli": "2011-09-26T00:00:00.000", "fecha_fina": "2022-06-01T00:00:00.000", "caudal_oto": "1.5", "regimen_di": "2", "regimen_se": "5", "dias_seman": "5", "semanas_an": "52", "m3_a_o": "2808", "m3_dia": "7.693151", "nombre_cap": "Pozo Artesanal BANANAL 2", "x": "-76.687222", "y": "7.706667"}}, {"type": "Feature", "geometry": {"type": "Point", "coordinates": [-76.737722, 7.704222]}, "properties": {"fid": "320", "expediente": "200-16-51-01-0178-2018", "id_captaci": "C_46", "profundida": "140", "tipo_conce": "Subterranea", "uso": "Riego", "fecha_acto": "2020-03-17T00:00:00.000", "fecha_soli": "2018-07-18T00:00:00.000", "fecha_fina": "2030-01-01T00:00:00.000", "caudal_oto": "84", "regimen_di": "16", "regimen_se": "6", "dias_seman": "6", "semanas_an": "16", "m3_a_o": "464486.4", "m3_dia": "1272.565479", "nombre_cap": "Pozo profundo Finca Los Corales", "x": "-76.737722", "y": "7.704222"}}, {"type": "Feature", "geometry": {"type": "Point", "coordinates": [-76.737722, 7.704222]}, "properties": {"fid": "321", "expediente": "200-16-51-01-0178-2018", "id_captaci": "C_46", "profundida": "140", "tipo_conce": "Subterranea", "uso": "Riego", "fecha_acto": "2020-03-17T00:00:00.000", "fecha_soli": "2018-07-18T00:00:00.000", "fecha_fina": "2030-01-01T00:00:00.000", "caudal_oto": "84", "regimen_di": "16", "regimen_se": "6", "dias_seman": "6", "semanas_an": "16", "m3_a_o": "464486.4", "m3_dia": "1272.565479", "nombre_cap": "Pozo profundo Finca Los Corales", "x": "-76.737722", "y": "7.704222"}}, {"type": "Feature", "geometry": {"type": "Point", "coordinates": [-76.682292, 7.70263]}, "properties": {"fid": "322", "expediente": "200-16-51-01-0187-2015", "id_captaci": "559", "profundida": "181", "tipo_conce": "Subterranea", "uso": "Agrícola", "fecha_acto": "2015-10-07T00:00:00.000", "fecha_soli": "2015-06-24T00:00:00.000", "fecha_fina": "2025-10-23T00:00:00.000", "caudal_oto": "138", "regimen_di": "0.37", "regimen_se": "1", "dias_seman": "1", "semanas_an": "52", "m3_a_o": "9558.432", "m3_dia": "26.187485", "nombre_cap": "Hacienda Bananal Pozo 3", "x": "-76.682292", "y": "7.70263"}}, {"type": "Feature", "geometry": {"type": "Point", "coordinates": [-76.680858, 7.684635]}, "properties": {"fid": "323", "expediente": "200-16-51-01-0187-2015", "id_captaci": "559", "profundida": "181", "tipo_conce": "Subterranea", "uso": "Riego", "fecha_acto": "2015-10-07T00:00:00.000", "fecha_soli": "2015-06-24T00:00:00.000", "fecha_fina": "2025-10-23T00:00:00.000", "caudal_oto": "125", "regimen_di": "6.9", "regimen_se": "7", "dias_seman": "7", "semanas_an": "16", "m3_a_o": "347760", "m3_dia": "952.767123", "nombre_cap": "Hacienda Bananal Pozo 2", "x": "-76.680858", "y": "7.684635"}}, {"type": "Feature", "geometry": {"type": "Point", "coordinates": [-76.682292, 7.70263]}, "properties": {"fid": "324", "expediente": "200-16-51-01-0187-2015", "id_captaci": "559", "profundida": "181", "tipo_conce": "Subterranea", "uso": "Riego", "fecha_acto": "2015-10-07T00:00:00.000", "fecha_soli": "2015-06-24T00:00:00.000", "fecha_fina": "2025-10-23T00:00:00.000", "caudal_oto": "138", "regimen_di": "7.1", "regimen_se": "7", "dias_seman": "7", "semanas_an": "16", "m3_a_o": "395055.36", "m3_dia": "1082.343452", "nombre_cap": "Hacienda Bananal Pozo 3", "x": "-76.682292", "y": "7.70263"}}, {"type": "Feature", "geometry": {"type": "Point", "coordinates": [-76.732617, 7.702384]}, "properties": {"fid": "325", "expediente": "200-16-51-01-0207-2019", "id_captaci": "576", "profundida": "150", "tipo_conce": "Subterranea", "uso": "Agrícola", "fecha_acto": "2019-10-21T00:00:00.000", "fecha_soli": "2019-08-27T00:00:00.000", "fecha_fina": "2029-10-20T00:00:00.000", "caudal_oto": "4.6", "regimen_di": "3.25", "regimen_se": "3", "dias_seman": "3", "semanas_an": "52", "m3_a_o": "8395.92", "m3_dia": "23.002521", "nombre_cap": "Finca Corales Pozo 2, Finca Pradomar", "x": "-76.732617", "y": "7.702384"}}, {"type": "Feature", "geometry": {"type": "Point", "coordinates": [-76.732944, 7.692778]}, "properties": {"fid": "326", "expediente": "200-16-51-01-0210-2019", "id_captaci": "249", "profundida": "80", "tipo_conce": "Subterranea", "uso": "Riego", "fecha_acto": "2019-10-21T00:00:00.000", "fecha_soli": "2019-08-28T00:00:00.000", "fecha_fina": "2029-10-20T00:00:00.000", "caudal_oto": "4.2", "regimen_di": "2.85", "regimen_se": "4.081", "dias_seman": "4.081", "semanas_an": "52", "m3_a_o": "9144.639504", "m3_dia": "25.053807", "nombre_cap": "Captacion subterranea  El Bizcocho", "x": "-76.732944", "y": "7.692778"}}, {"type": "Feature", "geometry": {"type": "Point", "coordinates": [-76.734153, 7.685857]}, "properties": {"fid": "327", "expediente": "200-16-51-01-0256-2018", "id_captaci": "561", "profundida": "181", "tipo_conce": "Subterranea", "uso": "Riego", "fecha_acto": "2018-11-20T00:00:00.000", "fecha_soli": "2018-09-03T00:00:00.000", "fecha_fina": "2028-12-13T00:00:00.000", "caudal_oto": "83", "regimen_di": "16", "regimen_se": "7", "dias_seman": "7", "semanas_an": "16", "m3_a_o": "535449.6", "m3_dia": "1466.985205", "nombre_cap": "Finca Malagon pozo 2", "x": "-76.734153", "y": "7.685857"}}, {"type": "Feature", "geometry": {"type": "Point", "coordinates": [-76.706769, 7.698583]}, "properties": {"fid": "328", "expediente": "200-16-51-01-0259-2018", "id_captaci": "383", "profundida": "99", "tipo_conce": "Subterranea", "uso": "Riego", "fecha_acto": "2019-01-28T00:00:00.000", "fecha_soli": "2018-09-03T00:00:00.000", "fecha_fina": "2029-03-05T00:00:00.000", "caudal_oto": "100", "regimen_di": "8.2", "regimen_se": "7", "dias_seman": "7", "semanas_an": "16", "m3_a_o": "330624", "m3_dia": "905.819178", "nombre_cap": "Finca Juana Pio Pozo 1", "x": "-76.706769", "y": "7.698583"}}, {"type": "Feature", "geometry": {"type": "Point", "coordinates": [-76.761884, 7.70389]}, "properties": {"fid": "329", "expediente": "200-16-51-01-0268-2017", "id_captaci": "567", "profundida": "150", "tipo_conce": "Subterranea", "uso": "Riego", "fecha_acto": "2018-04-09T00:00:00.000", "fecha_soli": "2017-09-21T00:00:00.000", "fecha_fina": "2028-04-25T00:00:00.000", "caudal_oto": "49", "regimen_di": "16", "regimen_se": "7", "dias_seman": "7", "semanas_an": "16", "m3_a_o": "316108.8", "m3_dia": "866.051507", "nombre_cap": "Finca Estadero Pozo 2", "x": "-76.761884", "y": "7.70389"}}, {"type": "Feature", "geometry": {"type": "Point", "coordinates": [-76.768952, 7.706997]}, "properties": {"fid": "330", "expediente": "200-16-51-01-0277-2015", "id_captaci": "396", "profundida": "70", "tipo_conce": "Subterranea", "uso": "Industrial", "fecha_acto": "2015-12-10T00:00:00.000", "fecha_soli": "2015-09-28T00:00:00.000", "fecha_fina": "2025-12-22T00:00:00.000", "caudal_oto": "4", "regimen_di": "2", "regimen_se": "4", "dias_seman": "4", "semanas_an": "52", "m3_a_o": "5990.4", "m3_dia": "16.412055", "nombre_cap": "Finca Esperanza Pozo 1", "x": "-76.768952", "y": "7.706997"}}, {"type": "Feature", "geometry": {"type": "Point", "coordinates": [-76.726417, 7.698611]}, "properties": {"fid": "332", "expediente": "200-16-51-01-0338-2017", "id_captaci": "P-144", "profundida": "140", "tipo_conce": "Subterranea", "uso": "Riego", "fecha_acto": "2018-01-24T00:00:00.000", "fecha_soli": "2017-11-28T00:00:00.000", "fecha_fina": "2028-01-26T00:00:00.000", "caudal_oto": "65", "regimen_di": "16", "regimen_se": "7", "dias_seman": "7", "semanas_an": "16", "m3_a_o": "419328", "m3_dia": "1148.843836", "nombre_cap": "Finca Negritos", "x": "-76.726417", "y": "7.698611"}}, {"type": "Feature", "geometry": {"type": "Point", "coordinates": [-76.662739, 7.675757]}, "properties": {"fid": "333", "expediente": "16-01-02-0113-2003", "id_captaci": "289", "profundida": "75", "tipo_conce": "Subterranea", "uso": "Agrícola", "fecha_acto": "2016-03-03T00:00:00.000", "fecha_soli": "2016-01-01T00:00:00.000", "fecha_fina": "2026-03-03T00:00:00.000", "caudal_oto": "5.4", "regimen_di": "7.8", "regimen_se": "2", "dias_seman": "2", "semanas_an": "52", "m3_a_o": "15769.728", "m3_dia": "43.204734", "nombre_cap": "Finca Montecristo II Pozo 1", "x": "-76.662739", "y": "7.675757"}}, {"type": "Feature", "geometry": {"type": "Point", "coordinates": [-76.664008, 7.675758]}, "properties": {"fid": "334", "expediente": "16-01-02-0113-2003", "id_captaci": "289", "profundida": "75", "tipo_conce": "Subterranea", "uso": "Agrícola", "fecha_acto": "2016-03-03T00:00:00.000", "fecha_soli": "2016-01-01T00:00:00.000", "fecha_fina": "2026-03-03T00:00:00.000", "caudal_oto": "6.2", "regimen_di": "3", "regimen_se": "1", "dias_seman": "1", "semanas_an": "52", "m3_a_o": "3481.92", "m3_dia": "9.539507", "nombre_cap": "Finca Montecristo II Pozo 2", "x": "-76.664008", "y": "7.675758"}}, {"type": "Feature", "geometry": {"type": "Point", "coordinates": [-76.674843, 7.671627]}, "properties": {"fid": "335", "expediente": "200-16-51-01-0014-2017", "id_captaci": "618", "profundida": "17.5", "tipo_conce": "Subterranea", "uso": "Industrial", "fecha_acto": "2017-04-24T00:00:00.000", "fecha_soli": "2017-02-15T00:00:00.000", "fecha_fina": "2027-05-18T00:00:00.000", "caudal_oto": "1.93", "regimen_di": "1", "regimen_se": "4", "dias_seman": "4", "semanas_an": "52", "m3_a_o": "1445.184", "m3_dia": "3.959408", "nombre_cap": "Distribuidora Corona Intergas, pozo Pipegas", "x": "-76.674843", "y": "7.671627"}}, {"type": "Feature", "geometry": {"type": "Point", "coordinates": [-76.669064, 7.6588]}, "properties": {"fid": "336", "expediente": "200-16-51-01-0115-2015", "id_captaci": "PA-62", "profundida": "39.360001", "tipo_conce": "Subterranea", "uso": "Industrial", "fecha_acto": "2015-07-01T00:00:00.000", "fecha_soli": "2015-04-30T00:00:00.000", "fecha_fina": "2025-07-08T00:00:00.000", "caudal_oto": "0.9", "regimen_di": "10.3", "regimen_se": "6", "dias_seman": "6", "semanas_an": "52", "m3_a_o": "10412.064", "m3_dia": "28.526203", "nombre_cap": "GESTA, Aljibe Fundagesta", "x": "-76.669064", "y": "7.6588"}}, {"type": "Feature", "geometry": {"type": "Point", "coordinates": [-76.669064, 7.6588]}, "properties": {"fid": "337", "expediente": "200-16-51-01-0115-2015", "id_captaci": "PA-62", "profundida": "39.360001", "tipo_conce": "Subterranea", "uso": "Industrial", "fecha_acto": "2015-07-01T00:00:00.000", "fecha_soli": "2015-04-30T00:00:00.000", "fecha_fina": "2025-07-08T00:00:00.000", "caudal_oto": "6.2", "regimen_di": "9", "regimen_se": "1", "dias_seman": "1", "semanas_an": "52", "m3_a_o": "10445.76", "m3_dia": "28.618521", "nombre_cap": "GESTA, Aljibe Fundagesta", "x": "-76.669064", "y": "7.6588"}}, {"type": "Feature", "geometry": {"type": "Point", "coordinates": [-76.685808, 7.674187]}, "properties": {"fid": "338", "expediente": "200-16-51-01-0123-2014", "id_captaci": "544", "profundida": "200", "tipo_conce": "Subterranea", "uso": "Abastecimiento Acueducto Municipal", "fecha_acto": "2014-07-08T00:00:00.000", "fecha_soli": "2014-06-09T00:00:00.000", "fecha_fina": "2034-07-09T00:00:00.000", "caudal_oto": "50", "regimen_di": "16", "regimen_se": "7", "dias_seman": "7", "semanas_an": "52", "m3_a_o": "1048320", "m3_dia": "2872.109589", "nombre_cap": "Acueducto Chigorodo Cabecera pozo 3", "x": "-76.685808", "y": "7.674187"}}, {"type": "Feature", "geometry": {"type": "Point", "coordinates": [-76.688722, 7.648472]}, "properties": {"fid": "339", "expediente": "200-16-51-01-0125-2017", "id_captaci": "sub_c_108", "profundida": "60", "tipo_conce": "Subterranea", "uso": "Agrícola", "fecha_acto": "2017-07-25T00:00:00.000", "fecha_soli": "2017-06-13T00:00:00.000", "fecha_fina": "2027-08-02T00:00:00.000", "caudal_oto": "3.65", "regimen_di": "0.75", "regimen_se": "1", "dias_seman": "1", "semanas_an": "52", "m3_a_o": "512.46", "m3_dia": "1.404", "nombre_cap": "Pozo profundo cultivo de palma FCA. UNIVERSALIA", "x": "-76.688722", "y": "7.648472"}}, {"type": "Feature", "geometry": {"type": "Point", "coordinates": [-76.702426, 7.648858]}, "properties": {"fid": "340", "expediente": "200-16-51-01-0133-2014", "id_captaci": "737", "profundida": "60", "tipo_conce": "Subterranea", "uso": "Pecuario", "fecha_acto": "2014-09-26T00:00:00.000", "fecha_soli": "2014-06-26T00:00:00.000", "fecha_fina": "2024-10-16T00:00:00.000", "caudal_oto": "3.12", "regimen_di": "1", "regimen_se": "7", "dias_seman": "7", "semanas_an": "52", "m3_a_o": "4088.448", "m3_dia": "11.201227", "nombre_cap": "Paula Andrea Garcés Ceballos - Porcicola", "x": "-76.702426", "y": "7.648858"}}, {"type": "Feature", "geometry": {"type": "Point", "coordinates": [-76.672083, 7.6678]}, "properties": {"fid": "341", "expediente": "200-16-51-01-0222-2010", "id_captaci": "PA-22", "profundida": "60", "tipo_conce": "Subterranea", "uso": "Industrial", "fecha_acto": "2010-01-18T00:00:00.000", "fecha_soli": "2010-08-04T00:00:00.000", "fecha_fina": "2021-09-14T00:00:00.000", "caudal_oto": "0.1", "regimen_di": "2", "regimen_se": "5", "dias_seman": "5", "semanas_an": "52", "m3_a_o": "187.2", "m3_dia": "0.512877", "nombre_cap": "Reciclaje JM", "x": "-76.672083", "y": "7.6678"}}, {"type": "Feature", "geometry": {"type": "Point", "coordinates": [-76.734801, 7.66922]}, "properties": {"fid": "342", "expediente": "200-16-51-01-0257-2018", "id_captaci": "546", "profundida": "152", "tipo_conce": "Subterranea", "uso": "Riego", "fecha_acto": "2018-10-11T00:00:00.000", "fecha_soli": "2018-09-03T00:00:00.000", "fecha_fina": "2028-10-16T00:00:00.000", "caudal_oto": "110", "regimen_di": "16", "regimen_se": "6", "dias_seman": "6", "semanas_an": "16", "m3_a_o": "608256", "m3_dia": "1666.454795", "nombre_cap": "Finca Soluna Pozo 3", "x": "-76.734801", "y": "7.66922"}}, {"type": "Feature", "geometry": {"type": "Point", "coordinates": [-76.702619, 7.676065]}, "properties": {"fid": "343", "expediente": "200-16-51-01-0311-2017", "id_captaci": "91", "profundida": "80", "tipo_conce": "Subterranea", "uso": "Agrícola", "fecha_acto": "2018-01-17T00:00:00.000", "fecha_soli": "2017-11-11T00:00:00.000", "fecha_fina": "2028-02-08T00:00:00.000", "caudal_oto": "5", "regimen_di": "11", "regimen_se": "1", "dias_seman": "1", "semanas_an": "52", "m3_a_o": "10296", "m3_dia": "28.208219", "nombre_cap": "Finca Guatapuri Pozo 1", "x": "-76.702619", "y": "7.676065"}}, {"type": "Feature", "geometry": {"type": "Point", "coordinates": [-76.737611, 7.669132]}, "properties": {"fid": "344", "expediente": "200-16-51-01-0321-2018", "id_captaci": "607", "profundida": "140", "tipo_conce": "Subterranea", "uso": "Agrícola", "fecha_acto": "2019-01-18T00:00:00.000", "fecha_soli": "2018-11-21T00:00:00.000", "fecha_fina": "2029-02-26T00:00:00.000", "caudal_oto": "8.5", "regimen_di": "2.58", "regimen_se": "2", "dias_seman": "2", "semanas_an": "52", "m3_a_o": "8210.592", "m3_dia": "22.494773", "nombre_cap": "Finca Soluna Monitoreo", "x": "-76.737611", "y": "7.669132"}}, {"type": "Feature", "geometry": {"type": "Point", "coordinates": [-76.703443, 7.667205]}, "properties": {"fid": "345", "expediente": "200-16-51-01-0335-2017", "id_captaci": "191", "profundida": "70", "tipo_conce": "Subterranea", "uso": "Agrícola", "fecha_acto": "2018-02-06T00:00:00.000", "fecha_soli": "2017-11-28T00:00:00.000", "fecha_fina": "2028-02-14T00:00:00.000", "caudal_oto": "5.9", "regimen_di": "3.3", "regimen_se": "1", "dias_seman": "1", "semanas_an": "52", "m3_a_o": "3644.784", "m3_dia": "9.98571", "nombre_cap": "Finca La Segunda", "x": "-76.703443", "y": "7.667205"}}, {"type": "Feature", "geometry": {"type": "Point", "coordinates": [-76.653733, 7.62595]}, "properties": {"fid": "346", "expediente": "200-16-51-01-0034-2020", "id_captaci": "C_5", "profundida": "60", "tipo_conce": "Subterranea", "uso": "Doméstico", "fecha_acto": "2020-03-04T00:00:00.000", "fecha_soli": "2020-02-07T00:00:00.000", "fecha_fina": "2030-01-01T00:00:00.000", "caudal_oto": "0.5", "regimen_di": "7.8", "regimen_se": "5", "dias_seman": "5", "semanas_an": "52", "m3_a_o": "3650.4", "m3_dia": "10.001096", "nombre_cap": "pozo profundo CENTRO EDUCATIVO RURAL EL BIJAO SEDE EL VENAD", "x": "-76.653733", "y": "7.62595"}}, {"type": "Feature", "geometry": {"type": "Point", "coordinates": [-76.694144, 7.626508]}, "properties": {"fid": "347", "expediente": "200-16-51-01-0078-2017", "id_captaci": "390", "profundida": "200", "tipo_conce": "Subterranea", "uso": "Riego", "fecha_acto": "2017-07-13T00:00:00.000", "fecha_soli": "2017-05-15T00:00:00.000", "fecha_fina": "2027-08-01T00:00:00.000", "caudal_oto": "62.3", "regimen_di": "16", "regimen_se": "7", "dias_seman": "7", "semanas_an": "16", "m3_a_o": "401909.76", "m3_dia": "1101.12263", "nombre_cap": "Pozo riego Finca Tatiana", "x": "-76.694144", "y": "7.626508"}}, {"type": "Feature", "geometry": {"type": "Point", "coordinates": [-76.694144, 7.626508]}, "properties": {"fid": "348", "expediente": "200-16-51-01-0085-2016", "id_captaci": "390", "profundida": "200", "tipo_conce": "Subterranea", "uso": "Agrícola", "fecha_acto": "2016-06-17T00:00:00.000", "fecha_soli": "2016-04-01T00:00:00.000", "fecha_fina": "2026-08-08T00:00:00.000", "caudal_oto": "10", "regimen_di": "3", "regimen_se": "2", "dias_seman": "2", "semanas_an": "52", "m3_a_o": "11232", "m3_dia": "30.772603", "nombre_cap": "Pozo riego Finca Tatiana", "x": "-76.694144", "y": "7.626508"}}, {"type": "Feature", "geometry": {"type": "Point", "coordinates": [-76.694144, 7.626508]}, "properties": {"fid": "349", "expediente": "200-16-51-01-0085-2016", "id_captaci": "390", "profundida": "200", "tipo_conce": "Subterranea", "uso": "Riego", "fecha_acto": "2016-06-17T00:00:00.000", "fecha_soli": "2016-04-01T00:00:00.000", "fecha_fina": "2026-08-08T00:00:00.000", "caudal_oto": "113", "regimen_di": "8", "regimen_se": "7", "dias_seman": "7", "semanas_an": "16", "m3_a_o": "364492.8", "m3_dia": "998.610411", "nombre_cap": "Pozo riego Finca Tatiana", "x": "-76.694144", "y": "7.626508"}}, {"type": "Feature", "geometry": {"type": "Point", "coordinates": [-76.693333, 7.641389]}, "properties": {"fid": "350", "expediente": "200-16-51-01-0105-2014", "id_captaci": "sub_c_98", "profundida": "60", "tipo_conce": "Subterranea", "uso": "Doméstico", "fecha_acto": "2014-08-05T00:00:00.000", "fecha_soli": "2014-05-20T00:00:00.000", "fecha_fina": "2024-08-20T00:00:00.000", "caudal_oto": "5.2", "regimen_di": "0.5", "regimen_se": "6", "dias_seman": "6", "semanas_an": "52", "m3_a_o": "2920.32", "m3_dia": "8.000877", "nombre_cap": "Aljibe finca la plana Hacienda La Playa", "x": "-76.693333", "y": "7.641389"}}, {"type": "Feature", "geometry": {"type": "Point", "coordinates": [-76.693333, 7.641389]}, "properties": {"fid": "351", "expediente": "200-16-51-01-0105-2014", "id_captaci": "sub_c_98", "profundida": "60", "tipo_conce": "Subterranea", "uso": "Riego", "fecha_acto": "2014-08-05T00:00:00.000", "fecha_soli": "2014-05-20T00:00:00.000", "fecha_fina": "2024-08-20T00:00:00.000", "caudal_oto": "5.2", "regimen_di": "15.3", "regimen_se": "7", "dias_seman": "7", "semanas_an": "52", "m3_a_o": "104255.424", "m3_dia": "285.631299", "nombre_cap": "Aljibe finca la plana Hacienda La Playa", "x": "-76.693333", "y": "7.641389"}}, {"type": "Feature", "geometry": {"type": "Point", "coordinates": [-76.697963, 7.612225]}, "properties": {"fid": "352", "expediente": "200-16-51-01-0131-2016", "id_captaci": "112", "profundida": "75", "tipo_conce": "Subterranea", "uso": "Agrícola", "fecha_acto": "2016-12-01T00:00:00.000", "fecha_soli": "2016-05-12T00:00:00.000", "fecha_fina": "2026-12-01T00:00:00.000", "caudal_oto": "5", "regimen_di": "1.7", "regimen_se": "1", "dias_seman": "1", "semanas_an": "52", "m3_a_o": "1591.2", "m3_dia": "4.359452", "nombre_cap": "Finca Embera Pozo 1", "x": "-76.697963", "y": "7.612225"}}, {"type": "Feature", "geometry": {"type": "Point", "coordinates": [-76.687176, 7.615199]}, "properties": {"fid": "353", "expediente": "200-16-51-01-0146-2013", "id_captaci": "385", "profundida": "160", "tipo_conce": "Subterranea", "uso": "Riego", "fecha_acto": "2013-10-22T00:00:00.000", "fecha_soli": "2013-07-17T00:00:00.000", "fecha_fina": "2024-03-13T00:00:00.000", "caudal_oto": "41", "regimen_di": "0.75", "regimen_se": "2", "dias_seman": "2", "semanas_an": "52", "m3_a_o": "11512.8", "m3_dia": "31.541918", "nombre_cap": "Finca Finca Cuatro Pozo 1", "x": "-76.687176", "y": "7.615199"}}, {"type": "Feature", "geometry": {"type": "Point", "coordinates": [-76.67111, 7.642581]}, "properties": {"fid": "354", "expediente": "200-16-51-01-0147-2013", "id_captaci": "224", "profundida": "122", "tipo_conce": "Subterranea", "uso": "Industrial", "fecha_acto": "2013-10-22T00:00:00.000", "fecha_soli": "2013-07-17T00:00:00.000", "fecha_fina": "2023-11-26T00:00:00.000", "caudal_oto": "50", "regimen_di": "0.75", "regimen_se": "2", "dias_seman": "2", "semanas_an": "52", "m3_a_o": "14040", "m3_dia": "38.465753", "nombre_cap": "Finca Uno Pozo 1", "x": "-76.67111", "y": "7.642581"}}, {"type": "Feature", "geometry": {"type": "Point", "coordinates": [-76.67111, 7.642581]}, "properties": {"fid": "355", "expediente": "200-16-51-01-0147-2013", "id_captaci": "224", "profundida": "122", "tipo_conce": "Subterranea", "uso": "Riego", "fecha_acto": "2013-10-22T00:00:00.000", "fecha_soli": "2013-07-17T00:00:00.000", "fecha_fina": "2023-11-26T00:00:00.000", "caudal_oto": "50", "regimen_di": "16", "regimen_se": "7", "dias_seman": "7", "semanas_an": "16", "m3_a_o": "322560", "m3_dia": "883.726027", "nombre_cap": "Finca Uno Pozo 1", "x": "-76.67111", "y": "7.642581"}}, {"type": "Feature", "geometry": {"type": "Point", "coordinates": [-76.676409, 7.635904]}, "properties": {"fid": "356", "expediente": "200-16-51-01-0148-2013", "id_captaci": "564", "profundida": "140", "tipo_conce": "Subterranea", "uso": "Riego", "fecha_acto": "2013-10-22T00:00:00.000", "fecha_soli": "2013-07-18T00:00:00.000", "fecha_fina": "2023-11-26T00:00:00.000", "caudal_oto": "100", "regimen_di": "16", "regimen_se": "7", "dias_seman": "7", "semanas_an": "16", "m3_a_o": "645120", "m3_dia": "1767.452055", "nombre_cap": "Finca Uno Pozo 2 - Vivero", "x": "-76.676409", "y": "7.635904"}}, {"type": "Feature", "geometry": {"type": "Point", "coordinates": [-76.704747, 7.626156]}, "properties": {"fid": "357", "expediente": "200-16-51-01-0151-2013", "id_captaci": "391", "profundida": "200", "tipo_conce": "Subterranea", "uso": "AgroIndustria", "fecha_acto": "2013-10-22T00:00:00.000", "fecha_soli": "2013-07-18T00:00:00.000", "fecha_fina": "2023-11-26T00:00:00.000", "caudal_oto": "95", "regimen_di": "1", "regimen_se": "1", "dias_seman": "1", "semanas_an": "52", "m3_a_o": "17784", "m3_dia": "48.723288", "nombre_cap": "Finca Arrocera", "x": "-76.704747", "y": "7.626156"}}, {"type": "Feature", "geometry": {"type": "Point", "coordinates": [-76.704747, 7.626156]}, "properties": {"fid": "358", "expediente": "200-16-51-01-0151-2013", "id_captaci": "391", "profundida": "200", "tipo_conce": "Subterranea", "uso": "Riego", "fecha_acto": "2013-10-22T00:00:00.000", "fecha_soli": "2013-07-18T00:00:00.000", "fecha_fina": "2023-11-26T00:00:00.000", "caudal_oto": "95", "regimen_di": "16", "regimen_se": "7", "dias_seman": "7", "semanas_an": "16", "m3_a_o": "612864", "m3_dia": "1679.079452", "nombre_cap": "Finca Arrocera", "x": "-76.704747", "y": "7.626156"}}, {"type": "Feature", "geometry": {"type": "Point", "coordinates": [-76.681182, 7.629209]}, "properties": {"fid": "359", "expediente": "200-16-51-01-0168-2016", "id_captaci": "464", "profundida": "190", "tipo_conce": "Subterranea", "uso": "Agrícola", "fecha_acto": "2016-09-08T00:00:00.000", "fecha_soli": "2016-06-13T00:00:00.000", "fecha_fina": "2026-09-15T00:00:00.000", "caudal_oto": "4.1", "regimen_di": "10", "regimen_se": "52", "dias_seman": "2.166667", "semanas_an": "52", "m3_a_o": "16629.6", "m3_dia": "45.560548", "nombre_cap": "Finca Dos Pozo 1", "x": "-76.681182", "y": "7.629209"}}, {"type": "Feature", "geometry": {"type": "Point", "coordinates": [-76.681182, 7.629209]}, "properties": {"fid": "360", "expediente": "200-16-51-01-0168-2016", "id_captaci": "464", "profundida": "190", "tipo_conce": "Subterranea", "uso": "Doméstico", "fecha_acto": "2016-09-08T00:00:00.000", "fecha_soli": "2016-06-13T00:00:00.000", "fecha_fina": "2026-09-15T00:00:00.000", "caudal_oto": "10", "regimen_di": "6", "regimen_se": "1", "dias_seman": "1", "semanas_an": "16", "m3_a_o": "3456", "m3_dia": "9.468493", "nombre_cap": "Finca Dos Pozo 1", "x": "-76.681182", "y": "7.629209"}}, {"type": "Feature", "geometry": {"type": "Point", "coordinates": [-76.681182, 7.629209]}, "properties": {"fid": "361", "expediente": "200-16-51-01-0168-2016", "id_captaci": "464", "profundida": "190", "tipo_conce": "Subterranea", "uso": "Riego", "fecha_acto": "2016-09-08T00:00:00.000", "fecha_soli": "2016-06-13T00:00:00.000", "fecha_fina": "2026-09-15T00:00:00.000", "caudal_oto": "75", "regimen_di": "8", "regimen_se": "7", "dias_seman": "7", "semanas_an": "16", "m3_a_o": "241920", "m3_dia": "662.794521", "nombre_cap": "Finca Dos Pozo 1", "x": "-76.681182", "y": "7.629209"}}, {"type": "Feature", "geometry": {"type": "Point", "coordinates": [-76.658563, 7.637442]}, "properties": {"fid": "362", "expediente": "200-16-51-01-0263-2010", "id_captaci": "539", "profundida": "60", "tipo_conce": "Subterranea", "uso": "Industrial", "fecha_acto": "2010-12-06T00:00:00.000", "fecha_soli": "2010-09-15T00:00:00.000", "fecha_fina": "2022-02-03T00:00:00.000", "caudal_oto": "3.5", "regimen_di": "2", "regimen_se": "3", "dias_seman": "3", "semanas_an": "52", "m3_a_o": "3931.2", "m3_dia": "10.770411", "nombre_cap": "Finca Las Americas pozo 1", "x": "-76.658563", "y": "7.637442"}}, {"type": "Feature", "geometry": {"type": "Point", "coordinates": [-76.728139, 7.620194]}, "properties": {"fid": "363", "expediente": "200-16-51-01-0274-2017", "id_captaci": "P-100", "profundida": "60", "tipo_conce": "Subterranea", "uso": "Doméstico", "fecha_acto": "2017-11-03T00:00:00.000", "fecha_soli": "2017-09-21T00:00:00.000", "fecha_fina": "2027-11-10T00:00:00.000", "caudal_oto": "7", "regimen_di": "0.39", "regimen_se": "1", "dias_seman": "1", "semanas_an": "52", "m3_a_o": "511.056", "m3_dia": "1.400153", "nombre_cap": "Vallecito", "x": "-76.728139", "y": "7.620194"}}, {"type": "Feature", "geometry": {"type": "Point", "coordinates": [-76.728139, 7.620194]}, "properties": {"fid": "364", "expediente": "200-16-51-01-0306-2016", "id_captaci": "P-100", "profundida": "60", "tipo_conce": "Subterranea", "uso": "Doméstico", "fecha_acto": "2017-11-10T00:00:00.000", "fecha_soli": "2017-01-01T00:00:00.000", "fecha_fina": "2027-11-10T00:00:00.000", "caudal_oto": "7", "regimen_di": "0.39", "regimen_se": "1", "dias_seman": "1", "semanas_an": "52", "m3_a_o": "511.056", "m3_dia": "1.400153", "nombre_cap": "Vallecito", "x": "-76.728139", "y": "7.620194"}}, {"type": "Feature", "geometry": {"type": "Point", "coordinates": [-76.654363, 7.622401]}, "properties": {"fid": "365", "expediente": "200-16-51-01-0344-2015", "id_captaci": "106", "profundida": "60", "tipo_conce": "Subterranea", "uso": "Industrial", "fecha_acto": "2016-05-25T00:00:00.000", "fecha_soli": "2015-12-03T00:00:00.000", "fecha_fina": "2026-08-11T00:00:00.000", "caudal_oto": "2.2", "regimen_di": "2", "regimen_se": "2", "dias_seman": "2", "semanas_an": "52", "m3_a_o": "1647.36", "m3_dia": "4.513315", "nombre_cap": "Lacteos Mi Vaquita", "x": "-76.654363", "y": "7.622401"}}, {"type": "Feature", "geometry": {"type": "Point", "coordinates": [-76.652194, 7.619889]}, "properties": {"fid": "366", "expediente": "200-16-51-01-0356-2015", "id_captaci": "sub_c_158", "profundida": "60", "tipo_conce": "Subterranea", "uso": "AgroIndustria", "fecha_acto": "2016-05-02T00:00:00.000", "fecha_soli": "2015-12-16T00:00:00.000", "fecha_fina": "2026-05-09T00:00:00.000", "caudal_oto": "2.7", "regimen_di": "1", "regimen_se": "7", "dias_seman": "7", "semanas_an": "52", "m3_a_o": "3538.08", "m3_dia": "9.69337", "nombre_cap": "Avicola Calamar VEREDA EL VENADO", "x": "-76.652194", "y": "7.619889"}}, {"type": "Feature", "geometry": {"type": "Point", "coordinates": [-76.677033, 7.607685]}, "properties": {"fid": "367", "expediente": "200-16-51-01-0258-2018", "id_captaci": "565", "profundida": "181", "tipo_conce": "Subterranea", "uso": "Riego", "fecha_soli": "2018-09-03T00:00:00.000", "fecha_fina": "2030-01-01T00:00:00.000", "caudal_oto": "96", "regimen_di": "16", "regimen_se": "7", "dias_seman": "7", "semanas_an": "16", "m3_a_o": "619315.2", "m3_dia": "1696.753973", "nombre_cap": "Finca Cuatro Pozo 2", "x": "-76.677033", "y": "7.607685"}}, {"type": "Feature", "geometry": {"type": "Point", "coordinates": [-76.695826, 7.569002]}, "properties": {"fid": "368", "expediente": "200-16-51-01-0064-2013", "id_captaci": "141", "profundida": "46", "tipo_conce": "Subterranea", "uso": "Riego", "fecha_acto": "2013-08-27T00:00:00.000", "fecha_soli": "2013-04-01T00:00:00.000", "fecha_fina": "2033-09-03T00:00:00.000", "caudal_oto": "7", "regimen_di": "15.7", "regimen_se": "7", "dias_seman": "7", "semanas_an": "52", "m3_a_o": "144012.96", "m3_dia": "394.556055", "nombre_cap": "Acueducto Barranquillita", "x": "-76.695826", "y": "7.569002"}}, {"type": "Feature", "geometry": {"type": "Point", "coordinates": [-76.698335, 7.570687]}, "properties": {"fid": "369", "expediente": "200-16-51-01-0605-2009", "id_captaci": "PA-17", "profundida": "60", "tipo_conce": "Subterranea", "uso": "Doméstico", "fecha_acto": "2010-05-13T00:00:00.000", "fecha_soli": "2009-12-18T00:00:00.000", "fecha_fina": "2020-05-13T00:00:00.000", "caudal_oto": "0.6", "regimen_di": "2", "regimen_se": "7", "dias_seman": "7", "semanas_an": "52", "m3_a_o": "1572.48", "m3_dia": "4.308164", "nombre_cap": "Pozo Artesado 1 Predio La Parcela ( Estación Proxxon)", "x": "-76.698335", "y": "7.570687"}}, {"type": "Feature", "geometry": {"type": "Point", "coordinates": [-76.698335, 7.570687]}, "properties": {"fid": "370", "expediente": "200-16-51-01-0605-2009", "id_captaci": "PA-17", "profundida": "60", "tipo_conce": "Subterranea", "uso": "Industrial", "fecha_acto": "2010-05-13T00:00:00.000", "fecha_soli": "2009-12-18T00:00:00.000", "fecha_fina": "2020-05-13T00:00:00.000", "caudal_oto": "1", "regimen_di": "1", "regimen_se": "7", "dias_seman": "7", "semanas_an": "52", "m3_a_o": "1310.4", "m3_dia": "3.590137", "nombre_cap": "Pozo Artesado 1 Predio La Parcela ( Estación Proxxon)", "x": "-76.698335", "y": "7.570687"}}]}