{"type":"FeatureCollection","name":"equipamientos_colectivos_uraba","crs":{"type":"name","properties":{"name":"urn:ogc:def:crs:OGC:1.3:CRS84"}},"features":[{"type":"Feature","geometry":{"type":"Point","coordinates":[-76.6227461,7.8849011]},"properties":{"nombre":"Luis Guillermo Valencia Jimenez","tipo":"Salud","tipo_equipamiento":"Profesional Independiente","municipio":"APARTADÓ","lat":7.8849011,"lon":-76.6227461,"fuente":"REPS","direccion":"Carrera 100 # 98 - 36 piso 2°"}},{"type":"Feature","geometry":{"type":"Point","coordinates":[-76.6319835,7.8846858]},"properties":{"nombre":"LUIS ALFONSO OSSA BETANCUR","tipo":"Salud","tipo_equipamiento":"Profesional Independiente","municipio":"APARTADÓ","lat":7.8846858,"lon":-76.6319835,"fuente":"REPS","direccion":"KR 100 # 98 - 36"}},{"type":"Feature","geometry":{"type":"Point","coordinates":[-76.6227461,7.8849011]},"properties":{"nombre":"GONZALO  DE JESUS MORENO MORENO","tipo":"Salud","tipo_equipamiento":"Profesional Independiente","municipio":"APARTADÓ","lat":7.8849011,"lon":-76.6227461,"fuente":"REPS","direccion":"Calle 75 Sur # 98A -09"}},{"type":"Feature","geometry":{"type":"Point","coordinates":[-76.6352318,7.8666111]},"properties":{"nombre":"Hermides Jose Fernandez Fernandez","tipo":"Salud","tipo_equipamiento":"Profesional Independiente","municipio":"APARTADÓ","lat":7.8666111,"lon":-76.6352318,"fuente":"REPS","direccion":"Carrera 98 No. 103 - 79"}},{"type":"Feature","geometry":{"type":"Point","coordinates":[-76.6227461,7.8849011]},"properties":{"nombre":"CARLOS MARIO CASTRILLON MARIN","tipo":"Salud","tipo_equipamiento":"Profesional Independiente","municipio":"APARTADÓ","lat":7.8849011,"lon":-76.6227461,"fuente":"REPS","direccion":"KR  100 No 95-23"}},{"type":"Feature","geometry":{"type":"Point","coordinates":[-76.635005,7.8781451]},"properties":{"nombre":"ILEANA  ARTURO SOTO","tipo":"Salud","tipo_equipamiento":"Profesional Independiente","municipio":"APARTADÓ","lat":7.8781451,"lon":-76.635005,"fuente":"REPS","direccion":"KR 102 # 103- 25"}},{"type":"Feature","geometry":{"type":"Point","coordinates":[-76.6227461,7.8849011]},"properties":{"nombre":"CLINICA DE URABÁ S.A.","tipo":"Salud","tipo_equipamiento":"Instituciones Prestadoras de Servicios de Salud - IPS","municipio":"APARTADÓ","lat":7.8849011,"lon":-76.6227461,"fuente":"REPS","direccion":"DG 99 E # 106 C -56/58/ 84"}},{"type":"Feature","geometry":{"type":"Point","coordinates":[-76.6227461,7.8849011]},"properties":{"nombre":"CLINICA DE URABA SA","tipo":"Salud","tipo_equipamiento":"Instituciones Prestadoras de Servicios de Salud - IPS","municipio":"APARTADÓ","lat":7.8849011,"lon":-76.6227461,"fuente":"REPS","direccion":"DG 99 E # 106 C -56/58/ 84"}},{"type":"Feature","geometry":{"type":"Point","coordinates":[-76.6227461,7.8849011]},"properties":{"nombre":"CLINICA DE URABA - CONSULTORIOS 2","tipo":"Salud","tipo_equipamiento":"Instituciones Prestadoras de Servicios de Salud - IPS","municipio":"APARTADÓ","lat":7.8849011,"lon":-76.6227461,"fuente":"REPS","direccion":"DG 99 E # 106 C -56/58/ 84"}},{"type":"Feature","geometry":{"type":"Point","coordinates":[-76.6227461,7.8849011]},"properties":{"nombre":"Claudia Patricia Lopez Giraldo","tipo":"Salud","tipo_equipamiento":"Profesional Independiente","municipio":"APARTADÓ","lat":7.8849011,"lon":-76.6227461,"fuente":"REPS","direccion":"Cra 105 N°104-70"}},{"type":"Feature","geometry":{"type":"Point","coordinates":[-76.6337329,7.8788279]},"properties":{"nombre":"PROSALUD SAS","tipo":"Salud","tipo_equipamiento":"Instituciones Prestadoras de Servicios de Salud - IPS","municipio":"APARTADÓ","lat":7.8788279,"lon":-76.6337329,"fuente":"REPS","direccion":"CRA 100 # 95-23"}},{"type":"Feature","geometry":{"type":"Point","coordinates":[-76.6227461,7.8849011]},"properties":{"nombre":"YIMMY DE JESUS HERNANDEZ LOPEZ","tipo":"Salud","tipo_equipamiento":"Profesional Independiente","municipio":"APARTADÓ","lat":7.8849011,"lon":-76.6227461,"fuente":"REPS","direccion":"KR 101 # 96 - 43 CS 201 - Barrio:CENTRO"}},{"type":"Feature","geometry":{"type":"Point","coordinates":[-76.6184725,7.8768029]},"properties":{"nombre":"Hector Jairo Arbelaez  Velez","tipo":"Salud","tipo_equipamiento":"Profesional Independiente","municipio":"APARTADÓ","lat":7.8768029,"lon":-76.6184725,"fuente":"REPS","direccion":"CALLE 97 # 90 - 30"}},{"type":"Feature","geometry":{"type":"Point","coordinates":[-76.6227461,7.8849011]},"properties":{"nombre":"CLINICA CHINITA SA","tipo":"Salud","tipo_equipamiento":"Instituciones Prestadoras de Servicios de Salud - IPS","municipio":"APARTADÓ","lat":7.8849011,"lon":-76.6227461,"fuente":"REPS","direccion":"KR 98 # 102 - 11/13/15"}},{"type":"Feature","geometry":{"type":"Point","coordinates":[-76.6227461,7.8849011]},"properties":{"nombre":"JORGE IVAN GALLEGO ROJAS","tipo":"Salud","tipo_equipamiento":"Profesional Independiente","municipio":"APARTADÓ","lat":7.8849011,"lon":-76.6227461,"fuente":"REPS","direccion":"CL 97 # 100 - 31 OF 201 - 202 - Barrio:CENTRO"}},{"type":"Feature","geometry":{"type":"Point","coordinates":[-76.6227461,7.8849011]},"properties":{"nombre":"JORGE IVAN GALLEGO ROJAS","tipo":"Salud","tipo_equipamiento":"Profesional Independiente","municipio":"APARTADÓ","lat":7.8849011,"lon":-76.6227461,"fuente":"REPS","direccion":"CL 97 # 100 - 31 OF 201 - 202 - Barrio:CENTRO"}},{"type":"Feature","geometry":{"type":"Point","coordinates":[-76.6227461,7.8849011]},"properties":{"nombre":"LEYDI  SILVA BOHORQUEZ","tipo":"Salud","tipo_equipamiento":"Profesional Independiente","municipio":"APARTADÓ","lat":7.8849011,"lon":-76.6227461,"fuente":"REPS","direccion":"CL 99 #100 53 PASAJE COMERCIAL EL CONDOR LC 116-118"}},{"type":"Feature","geometry":{"type":"Point","coordinates":[-76.6227461,7.8849011]},"properties":{"nombre":"paula andrea peña fonseca","tipo":"Salud","tipo_equipamiento":"Profesional Independiente","municipio":"APARTADÓ","lat":7.8849011,"lon":-76.6227461,"fuente":"REPS","direccion":"kR 109B 101-25"}},{"type":"Feature","geometry":{"type":"Point","coordinates":[-76.6227461,7.8849011]},"properties":{"nombre":"SALUD DARIEN I.P.S.","tipo":"Salud","tipo_equipamiento":"Instituciones Prestadoras de Servicios de Salud - IPS","municipio":"APARTADÓ","lat":7.8849011,"lon":-76.6227461,"fuente":"REPS","direccion":"CL 100 # 94 A - 30 / 42"}},{"type":"Feature","geometry":{"type":"Point","coordinates":[-76.6227461,7.8849011]},"properties":{"nombre":"SALUD DARIEN I.P.S. S.A.  SEDE CAREPA","tipo":"Salud","tipo_equipamiento":"Instituciones Prestadoras de Servicios de Salud - IPS","municipio":"APARTADÓ","lat":7.8849011,"lon":-76.6227461,"fuente":"REPS","direccion":"CL 100 # 94 A - 30 / 42"}},{"type":"Feature","geometry":{"type":"Point","coordinates":[-76.6227461,7.8849011]},"properties":{"nombre":"SALUD DARIEN I.P.S. S.A.  SEDE CHIGORODO","tipo":"Salud","tipo_equipamiento":"Instituciones Prestadoras de Servicios de Salud - IPS","municipio":"APARTADÓ","lat":7.8849011,"lon":-76.6227461,"fuente":"REPS","direccion":"CL 100 # 94 A - 30 / 42"}},{"type":"Feature","geometry":{"type":"Point","coordinates":[-76.6227461,7.8849011]},"properties":{"nombre":"SALUD DARIEN IPS SEDE NECOCLI","tipo":"Salud","tipo_equipamiento":"Instituciones Prestadoras de Servicios de Salud - IPS","municipio":"APARTADÓ","lat":7.8849011,"lon":-76.6227461,"fuente":"REPS","direccion":"CL 100 # 94 A - 30 / 42"}},{"type":"Feature","geometry":{"type":"Point","coordinates":[-76.6227461,7.8849011]},"properties":{"nombre":"SALUD DARIEN IPS SA SEDE CURRULAO","tipo":"Salud","tipo_equipamiento":"Instituciones Prestadoras de Servicios de Salud - IPS","municipio":"APARTADÓ","lat":7.8849011,"lon":-76.6227461,"fuente":"REPS","direccion":"CL 100 # 94 A - 30 / 42"}},{"type":"Feature","geometry":{"type":"Point","coordinates":[-76.6227461,7.8849011]},"properties":{"nombre":"SALUD DARIEN I.P.S. S.A.  SEDE NUEVA COLONIA","tipo":"Salud","tipo_equipamiento":"Instituciones Prestadoras de Servicios de Salud - IPS","municipio":"APARTADÓ","lat":7.8849011,"lon":-76.6227461,"fuente":"REPS","direccion":"CL 100 # 94 A - 30 / 42"}},{"type":"Feature","geometry":{"type":"Point","coordinates":[-76.6227461,7.8849011]},"properties":{"nombre":"SALUD DARIEN IPS S.A.  SEDE TURBO","tipo":"Salud","tipo_equipamiento":"Instituciones Prestadoras de Servicios de Salud - IPS","municipio":"APARTADÓ","lat":7.8849011,"lon":-76.6227461,"fuente":"REPS","direccion":"CL 100 # 94 A - 30 / 42"}},{"type":"Feature","geometry":{"type":"Point","coordinates":[-76.6227461,7.8849011]},"properties":{"nombre":"CENTRO DE SEGURIDAD Y SALUD EN EL TRABAJO BIOPREVER IPS","tipo":"Salud","tipo_equipamiento":"Instituciones Prestadoras de Servicios de Salud - IPS","municipio":"APARTADÓ","lat":7.8849011,"lon":-76.6227461,"fuente":"REPS","direccion":"CALLE 103 A # 100-94 BARRIO VELEZ"}},{"type":"Feature","geometry":{"type":"Point","coordinates":[-76.6227461,7.8849011]},"properties":{"nombre":"UNLAB TORRE MÉDICA PRADO","tipo":"Salud","tipo_equipamiento":"Instituciones Prestadoras de Servicios de Salud - IPS","municipio":"APARTADÓ","lat":7.8849011,"lon":-76.6227461,"fuente":"REPS","direccion":"CALLE 100 # 99A -12-14-16 - Barrio:CHINITA"}},{"type":"Feature","geometry":{"type":"Point","coordinates":[-76.6227461,7.8849011]},"properties":{"nombre":"UNLAB BARRIO ORTIZ","tipo":"Salud","tipo_equipamiento":"Instituciones Prestadoras de Servicios de Salud - IPS","municipio":"APARTADÓ","lat":7.8849011,"lon":-76.6227461,"fuente":"REPS","direccion":"CALLE 100 # 99A -12-14-16 - Barrio:CHINITA"}},{"type":"Feature","geometry":{"type":"Point","coordinates":[-76.6227461,7.8849011]},"properties":{"nombre":"UNLAB VIP","tipo":"Salud","tipo_equipamiento":"Instituciones Prestadoras de Servicios de Salud - IPS","municipio":"APARTADÓ","lat":7.8849011,"lon":-76.6227461,"fuente":"REPS","direccion":"CALLE 100 # 99A -12-14-16 - Barrio:CHINITA"}},{"type":"Feature","geometry":{"type":"Point","coordinates":[-76.6227461,7.8849011]},"properties":{"nombre":"UNLAB SALUD OCUPACIONAL","tipo":"Salud","tipo_equipamiento":"Instituciones Prestadoras de Servicios de Salud - IPS","municipio":"APARTADÓ","lat":7.8849011,"lon":-76.6227461,"fuente":"REPS","direccion":"CALLE 100 # 99A -12-14-16 - Barrio:CHINITA"}},{"type":"Feature","geometry":{"type":"Point","coordinates":[-76.6227461,7.8849011]},"properties":{"nombre":"UNLAB SALUD PLAZA","tipo":"Salud","tipo_equipamiento":"Instituciones Prestadoras de Servicios de Salud - IPS","municipio":"APARTADÓ","lat":7.8849011,"lon":-76.6227461,"fuente":"REPS","direccion":"CALLE 100 # 99A -12-14-16 - Barrio:CHINITA"}},{"type":"Feature","geometry":{"type":"Point","coordinates":[-76.6227461,7.8849011]},"properties":{"nombre":"UNLAB ARBOLETES","tipo":"Salud","tipo_equipamiento":"Instituciones Prestadoras de Servicios de Salud - IPS","municipio":"APARTADÓ","lat":7.8849011,"lon":-76.6227461,"fuente":"REPS","direccion":"CALLE 100 # 99A -12-14-16 - Barrio:CHINITA"}},{"type":"Feature","geometry":{"type":"Point","coordinates":[-76.6227461,7.8849011]},"properties":{"nombre":"UNLAB - CAREPA","tipo":"Salud","tipo_equipamiento":"Instituciones Prestadoras de Servicios de Salud - IPS","municipio":"APARTADÓ","lat":7.8849011,"lon":-76.6227461,"fuente":"REPS","direccion":"CALLE 100 # 99A -12-14-16 - Barrio:CHINITA"}},{"type":"Feature","geometry":{"type":"Point","coordinates":[-76.6227461,7.8849011]},"properties":{"nombre":"UNLAB - CHIGORODO","tipo":"Salud","tipo_equipamiento":"Instituciones Prestadoras de Servicios de Salud - IPS","municipio":"APARTADÓ","lat":7.8849011,"lon":-76.6227461,"fuente":"REPS","direccion":"CALLE 100 # 99A -12-14-16 - Barrio:CHINITA"}},{"type":"Feature","geometry":{"type":"Point","coordinates":[-76.6227461,7.8849011]},"properties":{"nombre":"UNLAB - SOMA","tipo":"Salud","tipo_equipamiento":"Instituciones Prestadoras de Servicios de Salud - IPS","municipio":"APARTADÓ","lat":7.8849011,"lon":-76.6227461,"fuente":"REPS","direccion":"CALLE 100 # 99A -12-14-16 - Barrio:CHINITA"}},{"type":"Feature","geometry":{"type":"Point","coordinates":[-76.6227461,7.8849011]},"properties":{"nombre":"UNLAB NECOCLI","tipo":"Salud","tipo_equipamiento":"Instituciones Prestadoras de Servicios de Salud - IPS","municipio":"APARTADÓ","lat":7.8849011,"lon":-76.6227461,"fuente":"REPS","direccion":"CALLE 100 # 99A -12-14-16 - Barrio:CHINITA"}},{"type":"Feature","geometry":{"type":"Point","coordinates":[-76.6227461,7.8849011]},"properties":{"nombre":"UNLAB SAN PEDRO","tipo":"Salud","tipo_equipamiento":"Instituciones Prestadoras de Servicios de Salud - IPS","municipio":"APARTADÓ","lat":7.8849011,"lon":-76.6227461,"fuente":"REPS","direccion":"CALLE 100 # 99A -12-14-16 - Barrio:CHINITA"}},{"type":"Feature","geometry":{"type":"Point","coordinates":[-76.6227461,7.8849011]},"properties":{"nombre":"UNLAB TURBO","tipo":"Salud","tipo_equipamiento":"Instituciones Prestadoras de Servicios de Salud - IPS","municipio":"APARTADÓ","lat":7.8849011,"lon":-76.6227461,"fuente":"REPS","direccion":"CALLE 100 # 99A -12-14-16 - Barrio:CHINITA"}},{"type":"Feature","geometry":{"type":"Point","coordinates":[-76.6227461,7.8849011]},"properties":{"nombre":"MAURICIO ORLANDO GUTIERREZ TORO","tipo":"Salud","tipo_equipamiento":"Profesional Independiente","municipio":"APARTADÓ","lat":7.8849011,"lon":-76.6227461,"fuente":"REPS","direccion":"CL 98 N° 103-111 LC  103 BARRIO ORTIZ"}},{"type":"Feature","geometry":{"type":"Point","coordinates":[-76.6227461,7.8849011]},"properties":{"nombre":"MAURICIO ORLANDO GUTIERREZ TORO","tipo":"Salud","tipo_equipamiento":"Profesional Independiente","municipio":"APARTADÓ","lat":7.8849011,"lon":-76.6227461,"fuente":"REPS","direccion":"CL 98 N° 103-111 LC  103 BARRIO ORTIZ"}},{"type":"Feature","geometry":{"type":"Point","coordinates":[-76.6227461,7.8849011]},"properties":{"nombre":"MAURICIO ORLANDO GUTIERREZ TORO","tipo":"Salud","tipo_equipamiento":"Profesional Independiente","municipio":"APARTADÓ","lat":7.8849011,"lon":-76.6227461,"fuente":"REPS","direccion":"CL 98 N° 103-111 LC  103 BARRIO ORTIZ"}},{"type":"Feature","geometry":{"type":"Point","coordinates":[-76.6352318,7.8666111]},"properties":{"nombre":"OFTALMOSERVICIOS I.P.S","tipo":"Salud","tipo_equipamiento":"Instituciones Prestadoras de Servicios de Salud - IPS","municipio":"APARTADÓ","lat":7.8666111,"lon":-76.6352318,"fuente":"REPS","direccion":"CARRERA 98 #103-89"}},{"type":"Feature","geometry":{"type":"Point","coordinates":[-76.6352318,7.8666111]},"properties":{"nombre":"OFTALMOSERVICIOS SEDE TURBO","tipo":"Salud","tipo_equipamiento":"Instituciones Prestadoras de Servicios de Salud - IPS","municipio":"APARTADÓ","lat":7.8666111,"lon":-76.6352318,"fuente":"REPS","direccion":"CARRERA 98 #103-89"}},{"type":"Feature","geometry":{"type":"Point","coordinates":[-76.6227461,7.8849011]},"properties":{"nombre":"GASTON DE JESUS GAITAN IBARRA","tipo":"Salud","tipo_equipamiento":"Profesional Independiente","municipio":"APARTADÓ","lat":7.8849011,"lon":-76.6227461,"fuente":"REPS","direccion":"DG 100 # 106C - 58 LOS PINOS"}},{"type":"Feature","geometry":{"type":"Point","coordinates":[-76.6227461,7.8849011]},"properties":{"nombre":"Gabriela  Palacios Moreno","tipo":"Salud","tipo_equipamiento":"Profesional Independiente","municipio":"APARTADÓ","lat":7.8849011,"lon":-76.6227461,"fuente":"REPS","direccion":"CL 98  # 103-111 oficina 207 Edificio Coomeva"}},{"type":"Feature","geometry":{"type":"Point","coordinates":[-76.6227461,7.8849011]},"properties":{"nombre":"ORTOESPECIALISTAS","tipo":"Salud","tipo_equipamiento":"Instituciones Prestadoras de Servicios de Salud - IPS","municipio":"APARTADÓ","lat":7.8849011,"lon":-76.6227461,"fuente":"REPS","direccion":"carrera 100 No. 95 - 12 piso 2"}},{"type":"Feature","geometry":{"type":"Point","coordinates":[-76.6227461,7.8849011]},"properties":{"nombre":"ORTOCLINICAS DE URABA SALUD PLAZA","tipo":"Salud","tipo_equipamiento":"Instituciones Prestadoras de Servicios de Salud - IPS","municipio":"APARTADÓ","lat":7.8849011,"lon":-76.6227461,"fuente":"REPS","direccion":"carrera 100 No. 95 - 12 piso 2"}},{"type":"Feature","geometry":{"type":"Point","coordinates":[-76.6227461,7.8849011]},"properties":{"nombre":"Ortoclinicas de Urabá S.A.S.","tipo":"Salud","tipo_equipamiento":"Instituciones Prestadoras de Servicios de Salud - IPS","municipio":"APARTADÓ","lat":7.8849011,"lon":-76.6227461,"fuente":"REPS","direccion":"carrera 100 No. 95 - 12 piso 2"}},{"type":"Feature","geometry":{"type":"Point","coordinates":[-76.6227461,7.8849011]},"properties":{"nombre":"ORTOCLINICAS DE URABA TURBO","tipo":"Salud","tipo_equipamiento":"Instituciones Prestadoras de Servicios de Salud - IPS","municipio":"APARTADÓ","lat":7.8849011,"lon":-76.6227461,"fuente":"REPS","direccion":"carrera 100 No. 95 - 12 piso 2"}},{"type":"Feature","geometry":{"type":"Point","coordinates":[-76.6316736,7.8822975]},"properties":{"nombre":"SONOIMAGENES S.A.S.","tipo":"Salud","tipo_equipamiento":"Instituciones Prestadoras de Servicios de Salud - IPS","municipio":"APARTADÓ","lat":7.8822975,"lon":-76.6316736,"fuente":"REPS","direccion":"KR 99 #97-18"}},{"type":"Feature","geometry":{"type":"Point","coordinates":[-76.6227461,7.8849011]},"properties":{"nombre":"ARCILA OSPINA GILBERTO ANTONIO","tipo":"Salud","tipo_equipamiento":"Profesional Independiente","municipio":"APARTADÓ","lat":7.8849011,"lon":-76.6227461,"fuente":"REPS","direccion":"Cra 98 No 103-29."}},{"type":"Feature","geometry":{"type":"Point","coordinates":[-76.6227461,7.8849011]},"properties":{"nombre":"OIC URABA","tipo":"Salud","tipo_equipamiento":"Instituciones Prestadoras de Servicios de Salud - IPS","municipio":"APARTADÓ","lat":7.8849011,"lon":-76.6227461,"fuente":"REPS","direccion":"CL 103 # 97-54 LC 103"}},{"type":"Feature","geometry":{"type":"Point","coordinates":[-76.6321271,7.8777188]},"properties":{"nombre":"GASTROMEDIC","tipo":"Salud","tipo_equipamiento":"Instituciones Prestadoras de Servicios de Salud - IPS","municipio":"APARTADÓ","lat":7.8777188,"lon":-76.6321271,"fuente":"REPS","direccion":"Carrera 98 No. 103-73"}},{"type":"Feature","geometry":{"type":"Point","coordinates":[-76.6227461,7.8849011]},"properties":{"nombre":"CONSULTORIO DE OPTOMETRIA VEA S.A.S","tipo":"Salud","tipo_equipamiento":"Objeto Social Diferente a la Prestación de Servicios de Salud","municipio":"APARTADÓ","lat":7.8849011,"lon":-76.6227461,"fuente":"REPS","direccion":"CR 103 99 - 13"}},{"type":"Feature","geometry":{"type":"Point","coordinates":[-76.620171,7.8776275]},"properties":{"nombre":"Jose Luis Albarracin Cabeza","tipo":"Salud","tipo_equipamiento":"Profesional Independiente","municipio":"APARTADÓ","lat":7.8776275,"lon":-76.620171,"fuente":"REPS","direccion":"KR 109B # 101 - 25"}},{"type":"Feature","geometry":{"type":"Point","coordinates":[-76.6227461,7.8849011]},"properties":{"nombre":"INSTITUTO RADIOLÓGICO ORAL DE URABÁ S.A.S.","tipo":"Salud","tipo_equipamiento":"Instituciones Prestadoras de Servicios de Salud - IPS","municipio":"APARTADÓ","lat":7.8849011,"lon":-76.6227461,"fuente":"REPS","direccion":"KR 99 # 96 - 35 LC 103"}},{"type":"Feature","geometry":{"type":"Point","coordinates":[-76.6227461,7.8849011]},"properties":{"nombre":"JONATHAN ANDRES ZAPATA TABORDA","tipo":"Salud","tipo_equipamiento":"Profesional Independiente","municipio":"APARTADÓ","lat":7.8849011,"lon":-76.6227461,"fuente":"REPS","direccion":"CL 99 # 104 - 23 PISO 2"}},{"type":"Feature","geometry":{"type":"Point","coordinates":[-76.6339986,7.879805]},"properties":{"nombre":"juan gabriel higuera bolivar","tipo":"Salud","tipo_equipamiento":"Profesional Independiente","municipio":"APARTADÓ","lat":7.879805,"lon":-76.6339986,"fuente":"REPS","direccion":"CL 94 # 99 - 70"}},{"type":"Feature","geometry":{"type":"Point","coordinates":[-76.6339986,7.879805]},"properties":{"nombre":"juan gabriel higuera bolivar","tipo":"Salud","tipo_equipamiento":"Profesional Independiente","municipio":"APARTADÓ","lat":7.879805,"lon":-76.6339986,"fuente":"REPS","direccion":"CL 94 # 99 - 70"}},{"type":"Feature","geometry":{"type":"Point","coordinates":[-76.6339986,7.879805]},"properties":{"nombre":"juan gabriel higuera bolivar","tipo":"Salud","tipo_equipamiento":"Profesional Independiente","municipio":"APARTADÓ","lat":7.879805,"lon":-76.6339986,"fuente":"REPS","direccion":"CL 94 # 99 - 70"}},{"type":"Feature","geometry":{"type":"Point","coordinates":[-76.6227461,7.8849011]},"properties":{"nombre":"OMEGA ODONTOLOGOS MEDICOS ESPECIALISTAS","tipo":"Salud","tipo_equipamiento":"Instituciones Prestadoras de Servicios de Salud - IPS","municipio":"APARTADÓ","lat":7.8849011,"lon":-76.6227461,"fuente":"REPS","direccion":"CL 98 A 105-B-70"}},{"type":"Feature","geometry":{"type":"Point","coordinates":[-76.6227461,7.8849011]},"properties":{"nombre":"ALPHA AMBULANCIAS S.A.S","tipo":"Salud","tipo_equipamiento":"Transporte Especial de Pacientes","municipio":"APARTADÓ","lat":7.8849011,"lon":-76.6227461,"fuente":"REPS","direccion":"KR 51 D # 67 A- 45"}},{"type":"Feature","geometry":{"type":"Point","coordinates":[-76.6227461,7.8849011]},"properties":{"nombre":"ALPHA AMBULANCIAS SUCURSAL APARTADÓ","tipo":"Salud","tipo_equipamiento":"Transporte Especial de Pacientes","municipio":"APARTADÓ","lat":7.8849011,"lon":-76.6227461,"fuente":"REPS","direccion":"KR 51 D # 67 A- 45"}},{"type":"Feature","geometry":{"type":"Point","coordinates":[-76.6227461,7.8849011]},"properties":{"nombre":"COMPLEJO DEPORTIVO VITALHEALTH S.A.S","tipo":"Salud","tipo_equipamiento":"Objeto Social Diferente a la Prestación de Servicios de Salud","municipio":"APARTADÓ","lat":7.8849011,"lon":-76.6227461,"fuente":"REPS","direccion":"CR 106 104C - 14"}},{"type":"Feature","geometry":{"type":"Point","coordinates":[-76.6227461,7.8849011]},"properties":{"nombre":"CAROL JACKELINE GUZMAN SANABRIA","tipo":"Salud","tipo_equipamiento":"Profesional Independiente","municipio":"APARTADÓ","lat":7.8849011,"lon":-76.6227461,"fuente":"REPS","direccion":"KR 104 # 98 A 09"}},{"type":"Feature","geometry":{"type":"Point","coordinates":[-76.6227461,7.8849011]},"properties":{"nombre":"CAROL JACKELINE GUZMAN SANABRIA","tipo":"Salud","tipo_equipamiento":"Profesional Independiente","municipio":"APARTADÓ","lat":7.8849011,"lon":-76.6227461,"fuente":"REPS","direccion":"KR 104 # 98 A 09"}},{"type":"Feature","geometry":{"type":"Point","coordinates":[-76.6227461,7.8849011]},"properties":{"nombre":"nancy juliette trujillo seguro","tipo":"Salud","tipo_equipamiento":"Profesional Independiente","municipio":"APARTADÓ","lat":7.8849011,"lon":-76.6227461,"fuente":"REPS","direccion":"CL 98#103-111 LC 304"}},{"type":"Feature","geometry":{"type":"Point","coordinates":[-76.6227461,7.8849011]},"properties":{"nombre":"VISION TOTAL ARGENTINA","tipo":"Salud","tipo_equipamiento":"Instituciones Prestadoras de Servicios de Salud - IPS","municipio":"APARTADÓ","lat":7.8849011,"lon":-76.6227461,"fuente":"REPS","direccion":"CALLE 103 N° 97 - 152 LC 1 - Barrio:CHINITA"}},{"type":"Feature","geometry":{"type":"Point","coordinates":[-76.6227461,7.8849011]},"properties":{"nombre":"VISION TOTAL SAN JUAN","tipo":"Salud","tipo_equipamiento":"Instituciones Prestadoras de Servicios de Salud - IPS","municipio":"APARTADÓ","lat":7.8849011,"lon":-76.6227461,"fuente":"REPS","direccion":"CALLE 103 N° 97 - 152 LC 1 - Barrio:CHINITA"}},{"type":"Feature","geometry":{"type":"Point","coordinates":[-76.6227461,7.8849011]},"properties":{"nombre":"VISION TOTAL SEDE QUIRURGICA APARTADO","tipo":"Salud","tipo_equipamiento":"Instituciones Prestadoras de Servicios de Salud - IPS","municipio":"APARTADÓ","lat":7.8849011,"lon":-76.6227461,"fuente":"REPS","direccion":"CALLE 103 N° 97 - 152 LC 1 - Barrio:CHINITA"}},{"type":"Feature","geometry":{"type":"Point","coordinates":[-76.6227461,7.8849011]},"properties":{"nombre":"ELIANA  OULLON HENAO","tipo":"Salud","tipo_equipamiento":"Profesional Independiente","municipio":"APARTADÓ","lat":7.8849011,"lon":-76.6227461,"fuente":"REPS","direccion":"CARRERA 104 # 103A - 24 - Barrio:VELEZ"}},{"type":"Feature","geometry":{"type":"Point","coordinates":[-76.6227461,7.8849011]},"properties":{"nombre":"Lida Jinette Martin Garcia","tipo":"Salud","tipo_equipamiento":"Profesional Independiente","municipio":"APARTADÓ","lat":7.8849011,"lon":-76.6227461,"fuente":"REPS","direccion":"CL 98 # 103-111 of 103"}},{"type":"Feature","geometry":{"type":"Point","coordinates":[-76.6227461,7.8849011]},"properties":{"nombre":"Lida Jinette Martin Garcia","tipo":"Salud","tipo_equipamiento":"Profesional Independiente","municipio":"APARTADÓ","lat":7.8849011,"lon":-76.6227461,"fuente":"REPS","direccion":"CL 98 # 103-111 of 103"}},{"type":"Feature","geometry":{"type":"Point","coordinates":[-76.6227461,7.8849011]},"properties":{"nombre":"Lida Jinette Martin Garcia","tipo":"Salud","tipo_equipamiento":"Profesional Independiente","municipio":"APARTADÓ","lat":7.8849011,"lon":-76.6227461,"fuente":"REPS","direccion":"CL 98 # 103-111 of 103"}},{"type":"Feature","geometry":{"type":"Point","coordinates":[-76.6361836,7.8804062]},"properties":{"nombre":"Cristian Camilo Ortiz muñoz","tipo":"Salud","tipo_equipamiento":"Profesional Independiente","municipio":"APARTADÓ","lat":7.8804062,"lon":-76.6361836,"fuente":"REPS","direccion":"Calle 94 #99 70"}},{"type":"Feature","geometry":{"type":"Point","coordinates":[-76.6227461,7.8849011]},"properties":{"nombre":"Optica Visión 421 SAS","tipo":"Salud","tipo_equipamiento":"Objeto Social Diferente a la Prestación de Servicios de Salud","municipio":"APARTADÓ","lat":7.8849011,"lon":-76.6227461,"fuente":"REPS","direccion":"CL 98 N 100-58"}},{"type":"Feature","geometry":{"type":"Point","coordinates":[-76.6227461,7.8849011]},"properties":{"nombre":"Promotora Clinica Zona Franca de Uraba","tipo":"Salud","tipo_equipamiento":"Instituciones Prestadoras de Servicios de Salud - IPS","municipio":"APARTADÓ","lat":7.8849011,"lon":-76.6227461,"fuente":"REPS","direccion":"KR 100 # 43-770 LT C101"}},{"type":"Feature","geometry":{"type":"Point","coordinates":[-76.6227461,7.8849011]},"properties":{"nombre":"EASY  MEDIC  CRC","tipo":"Salud","tipo_equipamiento":"Objeto Social Diferente a la Prestación de Servicios de Salud","municipio":"APARTADÓ","lat":7.8849011,"lon":-76.6227461,"fuente":"REPS","direccion":"CL  100 #  102A-60/62"}},{"type":"Feature","geometry":{"type":"Point","coordinates":[-76.6227461,7.8849011]},"properties":{"nombre":"MEDIALCO ZONA FRANCA SAS","tipo":"Salud","tipo_equipamiento":"Instituciones Prestadoras de Servicios de Salud - IPS","municipio":"APARTADÓ","lat":7.8849011,"lon":-76.6227461,"fuente":"REPS","direccion":"KR 100 CL 43 - 770 ZONA FRANCA LOTE C 1001 PI 3"}},{"type":"Feature","geometry":{"type":"Point","coordinates":[-76.635005,7.8781451]},"properties":{"nombre":"IPS REINTEGRAS EN SALUD S.A.S","tipo":"Salud","tipo_equipamiento":"Instituciones Prestadoras de Servicios de Salud - IPS","municipio":"APARTADÓ","lat":7.8781451,"lon":-76.635005,"fuente":"REPS","direccion":"CARRERA 102 No. 103-20"}},{"type":"Feature","geometry":{"type":"Point","coordinates":[-76.6118781,7.8740385]},"properties":{"nombre":"CORPORACION IPS CEDISALUD","tipo":"Salud","tipo_equipamiento":"Instituciones Prestadoras de Servicios de Salud - IPS","municipio":"APARTADÓ","lat":7.8740385,"lon":-76.6118781,"fuente":"REPS","direccion":"calle 98 # 102 68"}},{"type":"Feature","geometry":{"type":"Point","coordinates":[-76.620086,7.8786579]},"properties":{"nombre":"CORPORACION PARA EL DESARROLLO INTEGRAL DE LAS INTELIGENCIAS CORCEDIN","tipo":"Salud","tipo_equipamiento":"Objeto Social Diferente a la Prestación de Servicios de Salud","municipio":"APARTADÓ","lat":7.8786579,"lon":-76.620086,"fuente":"REPS","direccion":"CL 99 # 107 - 20"}},{"type":"Feature","geometry":{"type":"Point","coordinates":[-76.6227461,7.8849011]},"properties":{"nombre":"ATENCIÓN MÉDICA INTEGRAL MIRTIS","tipo":"Salud","tipo_equipamiento":"Instituciones Prestadoras de Servicios de Salud - IPS","municipio":"APARTADÓ","lat":7.8849011,"lon":-76.6227461,"fuente":"REPS","direccion":"CL 98 #103-111 OFICINA 315 BARRIO ORTIZ"}},{"type":"Feature","geometry":{"type":"Point","coordinates":[-76.6227461,7.8849011]},"properties":{"nombre":"ATENCION MEDICA INTEGRAL SARAI JIREH","tipo":"Salud","tipo_equipamiento":"Instituciones Prestadoras de Servicios de Salud - IPS","municipio":"APARTADÓ","lat":7.8849011,"lon":-76.6227461,"fuente":"REPS","direccion":"CL 98 #103-111 OFICINA 315 BARRIO ORTIZ"}},{"type":"Feature","geometry":{"type":"Point","coordinates":[-76.6227461,7.8849011]},"properties":{"nombre":"LUZ ELLIS ARRIETA BLANQUICET","tipo":"Salud","tipo_equipamiento":"Profesional Independiente","municipio":"APARTADÓ","lat":7.8849011,"lon":-76.6227461,"fuente":"REPS","direccion":"Calle 104 #103-20 barrio velez"}},{"type":"Feature","geometry":{"type":"Point","coordinates":[-76.6227461,7.8849011]},"properties":{"nombre":"Cardioestudio Zona Franca S.A.S","tipo":"Salud","tipo_equipamiento":"Instituciones Prestadoras de Servicios de Salud - IPS","municipio":"APARTADÓ","lat":7.8849011,"lon":-76.6227461,"fuente":"REPS","direccion":"Cra 100 # 43 - 770 LT C 101 Piso 3"}},{"type":"Feature","geometry":{"type":"Point","coordinates":[-76.6350689,7.8815447]},"properties":{"nombre":"Eliana  Pérez Quiroz","tipo":"Salud","tipo_equipamiento":"Profesional Independiente","municipio":"APARTADÓ","lat":7.8815447,"lon":-76.6350689,"fuente":"REPS","direccion":"CARRERA 103A # 96-27"}},{"type":"Feature","geometry":{"type":"Point","coordinates":[-76.6227461,7.8849011]},"properties":{"nombre":"JUAN DAVID MOGOLLON JIMENEZ","tipo":"Salud","tipo_equipamiento":"Profesional Independiente","municipio":"APARTADÓ","lat":7.8849011,"lon":-76.6227461,"fuente":"REPS","direccion":"CL 98 #103-111 EDIFICIO COOMEVA CS 112 - Barrio:ORTIZ"}},{"type":"Feature","geometry":{"type":"Point","coordinates":[-76.6227461,7.8849011]},"properties":{"nombre":"JUAN DAVID MOGOLLON JIMENEZ","tipo":"Salud","tipo_equipamiento":"Profesional Independiente","municipio":"APARTADÓ","lat":7.8849011,"lon":-76.6227461,"fuente":"REPS","direccion":"CL 98 #103-111 EDIFICIO COOMEVA CS 112 - Barrio:ORTIZ"}},{"type":"Feature","geometry":{"type":"Point","coordinates":[-76.6227461,7.8849011]},"properties":{"nombre":"SARAH  HERNANDEZ HERNANDEZ","tipo":"Salud","tipo_equipamiento":"Profesional Independiente","municipio":"APARTADÓ","lat":7.8849011,"lon":-76.6227461,"fuente":"REPS","direccion":"CRA. 101 # 96-43  Lc. 201 - Barrio:"}},{"type":"Feature","geometry":{"type":"Point","coordinates":[-76.6227461,7.8849011]},"properties":{"nombre":"elcy yulieth machuca solar","tipo":"Salud","tipo_equipamiento":"Profesional Independiente","municipio":"APARTADÓ","lat":7.8849011,"lon":-76.6227461,"fuente":"REPS","direccion":"CARRERA 105 CALLE 97 # 96a-24 - Barrio:nuevo Apartadò"}},{"type":"Feature","geometry":{"type":"Point","coordinates":[-76.6227461,7.8849011]},"properties":{"nombre":"elcy yulieth machuca solar","tipo":"Salud","tipo_equipamiento":"Profesional Independiente","municipio":"APARTADÓ","lat":7.8849011,"lon":-76.6227461,"fuente":"REPS","direccion":"CARRERA 105 CALLE 97 # 96a-24 - Barrio:nuevo Apartadò"}},{"type":"Feature","geometry":{"type":"Point","coordinates":[-76.635005,7.8781451]},"properties":{"nombre":"HENRY  BENTEZ VARGAS","tipo":"Salud","tipo_equipamiento":"Profesional Independiente","municipio":"APARTADÓ","lat":7.8781451,"lon":-76.635005,"fuente":"REPS","direccion":"KR  102 # 103A - 20"}},{"type":"Feature","geometry":{"type":"Point","coordinates":[-76.6227461,7.8849011]},"properties":{"nombre":"Cristal Vanessa León  Borrero","tipo":"Salud","tipo_equipamiento":"Profesional Independiente","municipio":"APARTADÓ","lat":7.8849011,"lon":-76.6227461,"fuente":"REPS","direccion":"CARRERA 102#98-37"}},{"type":"Feature","geometry":{"type":"Point","coordinates":[-76.6227461,7.8849011]},"properties":{"nombre":"INTEGRAL SALUD SEGURIDAD Y SALUD EN EL TRABAJO DE URABA S.A.S","tipo":"Salud","tipo_equipamiento":"Instituciones Prestadoras de Servicios de Salud - IPS","municipio":"APARTADÓ","lat":7.8849011,"lon":-76.6227461,"fuente":"REPS","direccion":"CARRERA 96 NUMERO 95- 69"}},{"type":"Feature","geometry":{"type":"Point","coordinates":[-76.6227461,7.8849011]},"properties":{"nombre":"CAROLINA  OQUENDO RIOS","tipo":"Salud","tipo_equipamiento":"Profesional Independiente","municipio":"APARTADÓ","lat":7.8849011,"lon":-76.6227461,"fuente":"REPS","direccion":"Carrera 100 No 88-21 Oficina 404 B"}},{"type":"Feature","geometry":{"type":"Point","coordinates":[-76.6347589,7.8826157]},"properties":{"nombre":"KAREN ANDREA SILVA BERRIO","tipo":"Salud","tipo_equipamiento":"Profesional Independiente","municipio":"APARTADÓ","lat":7.8826157,"lon":-76.6347589,"fuente":"REPS","direccion":"CARRERA 103A #96-27"}},{"type":"Feature","geometry":{"type":"Point","coordinates":[-76.6227461,7.8849011]},"properties":{"nombre":"OPTICA MUNDO PLUS","tipo":"Salud","tipo_equipamiento":"Instituciones Prestadoras de Servicios de Salud - IPS","municipio":"APARTADÓ","lat":7.8849011,"lon":-76.6227461,"fuente":"REPS","direccion":"CR 102 # 98-49"}},{"type":"Feature","geometry":{"type":"Point","coordinates":[-76.6227461,7.8849011]},"properties":{"nombre":"NEIVIS MILENA GARCIA  ARIAS","tipo":"Salud","tipo_equipamiento":"Profesional Independiente","municipio":"APARTADÓ","lat":7.8849011,"lon":-76.6227461,"fuente":"REPS","direccion":"CARRERA 105 CALLE 97 NUMERO 96A-24"}},{"type":"Feature","geometry":{"type":"Point","coordinates":[-76.6227461,7.8849011]},"properties":{"nombre":"LINA MARIA LONDOÑO PUERTA","tipo":"Salud","tipo_equipamiento":"Profesional Independiente","municipio":"APARTADÓ","lat":7.8849011,"lon":-76.6227461,"fuente":"REPS","direccion":"CARRERA 105 CALLE 97 # 96a-24 - Barrio:nuevo Apartadò"}},{"type":"Feature","geometry":{"type":"Point","coordinates":[-76.6227461,7.8849011]},"properties":{"nombre":"LINA MARIA LONDOÑO PUERTA","tipo":"Salud","tipo_equipamiento":"Profesional Independiente","municipio":"APARTADÓ","lat":7.8849011,"lon":-76.6227461,"fuente":"REPS","direccion":"CARRERA 105 CALLE 97 # 96a-24 - Barrio:nuevo Apartadò"}},{"type":"Feature","geometry":{"type":"Point","coordinates":[-76.6227461,7.8849011]},"properties":{"nombre":"LINA MARIA LONDOÑO PUERTA","tipo":"Salud","tipo_equipamiento":"Profesional Independiente","municipio":"APARTADÓ","lat":7.8849011,"lon":-76.6227461,"fuente":"REPS","direccion":"CARRERA 105 CALLE 97 # 96a-24 - Barrio:nuevo Apartadò"}},{"type":"Feature","geometry":{"type":"Point","coordinates":[-76.6227461,7.8849011]},"properties":{"nombre":"LINA MARIA LONDOÑO PUERTA","tipo":"Salud","tipo_equipamiento":"Profesional Independiente","municipio":"APARTADÓ","lat":7.8849011,"lon":-76.6227461,"fuente":"REPS","direccion":"CARRERA 105 CALLE 97 # 96a-24 - Barrio:nuevo Apartadò"}},{"type":"Feature","geometry":{"type":"Point","coordinates":[-76.6227461,7.8849011]},"properties":{"nombre":"LINA MARIA LONDOÑO PUERTA","tipo":"Salud","tipo_equipamiento":"Profesional Independiente","municipio":"APARTADÓ","lat":7.8849011,"lon":-76.6227461,"fuente":"REPS","direccion":"CARRERA 105 CALLE 97 # 96a-24 - Barrio:nuevo Apartadò"}},{"type":"Feature","geometry":{"type":"Point","coordinates":[-76.6227461,7.8849011]},"properties":{"nombre":"Yesenia  Tobon Torres","tipo":"Salud","tipo_equipamiento":"Profesional Independiente","municipio":"APARTADÓ","lat":7.8849011,"lon":-76.6227461,"fuente":"REPS","direccion":"CARRERA 106 N°104C-14"}},{"type":"Feature","geometry":{"type":"Point","coordinates":[-76.6227461,7.8849011]},"properties":{"nombre":"KARINA CECILIA GRANADOS AVENDAÑO","tipo":"Salud","tipo_equipamiento":"Profesional Independiente","municipio":"APARTADÓ","lat":7.8849011,"lon":-76.6227461,"fuente":"REPS","direccion":"CL 96 #99-37  Piso 2"}},{"type":"Feature","geometry":{"type":"Point","coordinates":[-76.6204516,7.8803866]},"properties":{"nombre":"IVAN DARIO LOPEZ CASTRO","tipo":"Salud","tipo_equipamiento":"Profesional Independiente","municipio":"APARTADÓ","lat":7.8803866,"lon":-76.6204516,"fuente":"REPS","direccion":"CL 101 # 99 - 63"}},{"type":"Feature","geometry":{"type":"Point","coordinates":[-76.6204516,7.8803866]},"properties":{"nombre":"IVAN DARIO LOPEZ CASTRO","tipo":"Salud","tipo_equipamiento":"Profesional Independiente","municipio":"APARTADÓ","lat":7.8803866,"lon":-76.6204516,"fuente":"REPS","direccion":"CL 101 # 99 - 63"}},{"type":"Feature","geometry":{"type":"Point","coordinates":[-76.6204516,7.8803866]},"properties":{"nombre":"IVAN DARIO LOPEZ CASTRO","tipo":"Salud","tipo_equipamiento":"Profesional Independiente","municipio":"APARTADÓ","lat":7.8803866,"lon":-76.6204516,"fuente":"REPS","direccion":"CL 101 # 99 - 63"}},{"type":"Feature","geometry":{"type":"Point","coordinates":[-76.6227461,7.8849011]},"properties":{"nombre":"DANIELA  RESTREPO MANCO","tipo":"Salud","tipo_equipamiento":"Profesional Independiente","municipio":"APARTADÓ","lat":7.8849011,"lon":-76.6227461,"fuente":"REPS","direccion":"CL 98 # 103-111 EDIFICIO COOMEVA CS 112"}},{"type":"Feature","geometry":{"type":"Point","coordinates":[-76.6227461,7.8849011]},"properties":{"nombre":"Ortiz Muñoz Sebastian","tipo":"Salud","tipo_equipamiento":"Profesional Independiente","municipio":"APARTADÓ","lat":7.8849011,"lon":-76.6227461,"fuente":"REPS","direccion":"calle94 #99-70"}},{"type":"Feature","geometry":{"type":"Point","coordinates":[-76.6227461,7.8849011]},"properties":{"nombre":"Sebastian Ortiz Muñoz","tipo":"Salud","tipo_equipamiento":"Profesional Independiente","municipio":"APARTADÓ","lat":7.8849011,"lon":-76.6227461,"fuente":"REPS","direccion":"calle94 #99-70"}},{"type":"Feature","geometry":{"type":"Point","coordinates":[-76.6349674,7.8801081]},"properties":{"nombre":"MAYERLINE DEL SOCORRO GUERRERO CUETO","tipo":"Salud","tipo_equipamiento":"Profesional Independiente","municipio":"APARTADÓ","lat":7.8801081,"lon":-76.6349674,"fuente":"REPS","direccion":"Carrera 103 # 98a16"}},{"type":"Feature","geometry":{"type":"Point","coordinates":[-76.6227461,7.8849011]},"properties":{"nombre":"unidad medica integral san rafael s.a.s","tipo":"Salud","tipo_equipamiento":"Instituciones Prestadoras de Servicios de Salud - IPS","municipio":"APARTADÓ","lat":7.8849011,"lon":-76.6227461,"fuente":"REPS","direccion":"Calle 100 E # 107 A- 50"}},{"type":"Feature","geometry":{"type":"Point","coordinates":[-76.6227461,7.8849011]},"properties":{"nombre":"Ana Maria Piedrahita Arboleda","tipo":"Salud","tipo_equipamiento":"Profesional Independiente","municipio":"APARTADÓ","lat":7.8849011,"lon":-76.6227461,"fuente":"REPS","direccion":"calle 94 # 99-70 segundo piso  - Barrio:la margarita"}},{"type":"Feature","geometry":{"type":"Point","coordinates":[-76.6227461,7.8849011]},"properties":{"nombre":"Ana Maria Piedrahita Arboleda","tipo":"Salud","tipo_equipamiento":"Profesional Independiente","municipio":"APARTADÓ","lat":7.8849011,"lon":-76.6227461,"fuente":"REPS","direccion":"calle 94 # 99-70 segundo piso  - Barrio:la margarita"}},{"type":"Feature","geometry":{"type":"Point","coordinates":[-76.6227461,7.8849011]},"properties":{"nombre":"ANA MARIA CRUZ CASTAÑEDA","tipo":"Salud","tipo_equipamiento":"Profesional Independiente","municipio":"APARTADÓ","lat":7.8849011,"lon":-76.6227461,"fuente":"REPS","direccion":"Cr 104#101-87 barrio Vélez"}},{"type":"Feature","geometry":{"type":"Point","coordinates":[-76.6335586,7.8822651]},"properties":{"nombre":"Ronald Enrique Paez Pastrana","tipo":"Salud","tipo_equipamiento":"Profesional Independiente","municipio":"APARTADÓ","lat":7.8822651,"lon":-76.6335586,"fuente":"REPS","direccion":"Carrera 101A # 98-53"}},{"type":"Feature","geometry":{"type":"Point","coordinates":[-76.6227461,7.8849011]},"properties":{"nombre":"TATIANA BEATRIZ JIMENEZ VARGAS","tipo":"Salud","tipo_equipamiento":"Profesional Independiente","municipio":"APARTADÓ","lat":7.8849011,"lon":-76.6227461,"fuente":"REPS","direccion":"Calle 96 Nº 99-37 segundo piso"}},{"type":"Feature","geometry":{"type":"Point","coordinates":[-76.6227461,7.8849011]},"properties":{"nombre":"TATIANA BEATRIZ JIMENEZ VARGAS","tipo":"Salud","tipo_equipamiento":"Profesional Independiente","municipio":"APARTADÓ","lat":7.8849011,"lon":-76.6227461,"fuente":"REPS","direccion":"Calle 96 Nº 99-37 segundo piso"}},{"type":"Feature","geometry":{"type":"Point","coordinates":[-76.6227461,7.8849011]},"properties":{"nombre":"Anny  Cristina David Manco","tipo":"Salud","tipo_equipamiento":"Profesional Independiente","municipio":"APARTADÓ","lat":7.8849011,"lon":-76.6227461,"fuente":"REPS","direccion":"Calle 94 N°99-70"}},{"type":"Feature","geometry":{"type":"Point","coordinates":[-76.6227461,7.8849011]},"properties":{"nombre":"centro de visualizacion oral cvo","tipo":"Salud","tipo_equipamiento":"Instituciones Prestadoras de Servicios de Salud - IPS","municipio":"APARTADÓ","lat":7.8849011,"lon":-76.6227461,"fuente":"REPS","direccion":"carrera 104 B #97 A 17 barrio nuevo apartado"}},{"type":"Feature","geometry":{"type":"Point","coordinates":[-76.6227461,7.8849011]},"properties":{"nombre":"centro de visualizacion oral cvo S.A.S","tipo":"Salud","tipo_equipamiento":"Instituciones Prestadoras de Servicios de Salud - IPS","municipio":"APARTADÓ","lat":7.8849011,"lon":-76.6227461,"fuente":"REPS","direccion":"carrera 104 B #97 A 17 barrio nuevo apartado"}},{"type":"Feature","geometry":{"type":"Point","coordinates":[-76.6227461,7.8849011]},"properties":{"nombre":"MARIA ALEJANDRA VARGAS SUAREZ","tipo":"Salud","tipo_equipamiento":"Profesional Independiente","municipio":"APARTADÓ","lat":7.8849011,"lon":-76.6227461,"fuente":"REPS","direccion":"KR 109B # 101-25"}},{"type":"Feature","geometry":{"type":"Point","coordinates":[-76.6227461,7.8849011]},"properties":{"nombre":"MARIA ALEJANDRA VARGAS SUAREZ","tipo":"Salud","tipo_equipamiento":"Profesional Independiente","municipio":"APARTADÓ","lat":7.8849011,"lon":-76.6227461,"fuente":"REPS","direccion":"KR 109B # 101-25"}},{"type":"Feature","geometry":{"type":"Point","coordinates":[-76.6349674,7.8801081]},"properties":{"nombre":"EDUARDO MANUEL GOMEZ CONTRERAS","tipo":"Salud","tipo_equipamiento":"Profesional Independiente","municipio":"APARTADÓ","lat":7.8801081,"lon":-76.6349674,"fuente":"REPS","direccion":"carrera 103 #99-33"}},{"type":"Feature","geometry":{"type":"Point","coordinates":[-76.6330716,7.8825295]},"properties":{"nombre":"GOLDEN SERVICES OUTSOURCING URABA","tipo":"Salud","tipo_equipamiento":"Instituciones Prestadoras de Servicios de Salud - IPS","municipio":"APARTADÓ","lat":7.8825295,"lon":-76.6330716,"fuente":"REPS","direccion":"CALLE 98 # 100-49"}},{"type":"Feature","geometry":{"type":"Point","coordinates":[-76.6227461,7.8849011]},"properties":{"nombre":"GLOBAL CARE IPS APARTADO","tipo":"Salud","tipo_equipamiento":"Instituciones Prestadoras de Servicios de Salud - IPS","municipio":"APARTADÓ","lat":7.8849011,"lon":-76.6227461,"fuente":"REPS","direccion":"Carrera 105 # 94 - 63 Piso 1 Nuevo Apartado"}},{"type":"Feature","geometry":{"type":"Point","coordinates":[-76.6135772,7.8750611]},"properties":{"nombre":"KARENN DURLEY TRUJILLO MANCO","tipo":"Salud","tipo_equipamiento":"Profesional Independiente","municipio":"APARTADÓ","lat":7.8750611,"lon":-76.6135772,"fuente":"REPS","direccion":"CL 99 #97-16"}},{"type":"Feature","geometry":{"type":"Point","coordinates":[-76.6227461,7.8849011]},"properties":{"nombre":"PARRA AGUDELO CLARA INES","tipo":"Salud","tipo_equipamiento":"Profesional Independiente","municipio":"APARTADÓ","lat":7.8849011,"lon":-76.6227461,"fuente":"REPS","direccion":"CARRERA 103 A # 96-27"}},{"type":"Feature","geometry":{"type":"Point","coordinates":[-76.6227461,7.8849011]},"properties":{"nombre":"INSTITUTO DE DOLOR DEL PACIFICO S.A.S APARTADÓ","tipo":"Salud","tipo_equipamiento":"Instituciones Prestadoras de Servicios de Salud - IPS","municipio":"APARTADÓ","lat":7.8849011,"lon":-76.6227461,"fuente":"REPS","direccion":"CL 102 98-23 - Chinita"}},{"type":"Feature","geometry":{"type":"Point","coordinates":[-76.6227461,7.8849011]},"properties":{"nombre":"GUSTAVO ADOLFO SUAREZ MIRA","tipo":"Salud","tipo_equipamiento":"Profesional Independiente","municipio":"APARTADÓ","lat":7.8849011,"lon":-76.6227461,"fuente":"REPS","direccion":"KR 105B # 98A - 09 CS 202"}},{"type":"Feature","geometry":{"type":"Point","coordinates":[-76.6227461,7.8849011]},"properties":{"nombre":"LUCAS  DAVILA CAÑAS","tipo":"Salud","tipo_equipamiento":"Profesional Independiente","municipio":"APARTADÓ","lat":7.8849011,"lon":-76.6227461,"fuente":"REPS","direccion":"KR 105B # 98A - 09 CS 202"}},{"type":"Feature","geometry":{"type":"Point","coordinates":[-76.6227461,7.8849011]},"properties":{"nombre":"ANDRES FELIPE RAMIREZ MOSQUERA","tipo":"Salud","tipo_equipamiento":"Profesional Independiente","municipio":"APARTADÓ","lat":7.8849011,"lon":-76.6227461,"fuente":"REPS","direccion":"CALLE 100 CR 83B-21"}},{"type":"Feature","geometry":{"type":"Point","coordinates":[-76.6227461,7.8849011]},"properties":{"nombre":"ANDRES FELIPE RAMIREZ MOSQUERA","tipo":"Salud","tipo_equipamiento":"Profesional Independiente","municipio":"APARTADÓ","lat":7.8849011,"lon":-76.6227461,"fuente":"REPS","direccion":"CALLE 100 CR 83B-21"}},{"type":"Feature","geometry":{"type":"Point","coordinates":[-76.6285995,7.8850633]},"properties":{"nombre":"Yirlis Paola Ding Rodriguez","tipo":"Salud","tipo_equipamiento":"Profesional Independiente","municipio":"APARTADÓ","lat":7.8850633,"lon":-76.6285995,"fuente":"REPS","direccion":"Carrera 97# 95-15"}},{"type":"Feature","geometry":{"type":"Point","coordinates":[-76.6227461,7.8849011]},"properties":{"nombre":"ORAL EXPRESS MANÁ POBLADO","tipo":"Salud","tipo_equipamiento":"Instituciones Prestadoras de Servicios de Salud - IPS","municipio":"APARTADÓ","lat":7.8849011,"lon":-76.6227461,"fuente":"REPS","direccion":"CR 100 N 88 21 OF 616"}},{"type":"Feature","geometry":{"type":"Point","coordinates":[-76.6227461,7.8849011]},"properties":{"nombre":"ORAL EXPRESS CENTRO","tipo":"Salud","tipo_equipamiento":"Instituciones Prestadoras de Servicios de Salud - IPS","municipio":"APARTADÓ","lat":7.8849011,"lon":-76.6227461,"fuente":"REPS","direccion":"CR 100 N 88 21 OF 616"}},{"type":"Feature","geometry":{"type":"Point","coordinates":[-76.6227461,7.8849011]},"properties":{"nombre":"CLINICAS ODONTOLOGICAS ORAL EXPRESS-MANA S.A.S.","tipo":"Salud","tipo_equipamiento":"Instituciones Prestadoras de Servicios de Salud - IPS","municipio":"APARTADÓ","lat":7.8849011,"lon":-76.6227461,"fuente":"REPS","direccion":"CR 100 N 88 21 OF 616"}},{"type":"Feature","geometry":{"type":"Point","coordinates":[-76.6227461,7.8849011]},"properties":{"nombre":"CLINICAS ODONTOLOGICAS ORAL EXPRESS-MANA S.A.S.","tipo":"Salud","tipo_equipamiento":"Instituciones Prestadoras de Servicios de Salud - IPS","municipio":"APARTADÓ","lat":7.8849011,"lon":-76.6227461,"fuente":"REPS","direccion":"CR 100 N 88 21 OF 616"}},{"type":"Feature","geometry":{"type":"Point","coordinates":[-76.6227461,7.8849011]},"properties":{"nombre":"Maria Estella Vergara Retamoza","tipo":"Salud","tipo_equipamiento":"Profesional Independiente","municipio":"APARTADÓ","lat":7.8849011,"lon":-76.6227461,"fuente":"REPS","direccion":"Calle 98#104-37 local 303"}},{"type":"Feature","geometry":{"type":"Point","coordinates":[-76.6227461,7.8849011]},"properties":{"nombre":"UROLOGIA AVANZADA","tipo":"Salud","tipo_equipamiento":"Instituciones Prestadoras de Servicios de Salud - IPS","municipio":"APARTADÓ","lat":7.8849011,"lon":-76.6227461,"fuente":"REPS","direccion":"CALLE 100 # 88 - 21 P1 LOCAL 117 EDIFICIO CENTRO EMPRESARIAL SANTAMARIA"}},{"type":"Feature","geometry":{"type":"Point","coordinates":[-76.620171,7.8776275]},"properties":{"nombre":"JESUS ALBERTO RAMIREZ RODRIGUEZ","tipo":"Salud","tipo_equipamiento":"Profesional Independiente","municipio":"APARTADÓ","lat":7.8776275,"lon":-76.620171,"fuente":"REPS","direccion":"KR 109B # 101 - 25"}},{"type":"Feature","geometry":{"type":"Point","coordinates":[-76.6227461,7.8849011]},"properties":{"nombre":"Samuel Argenis Galindez Rosario","tipo":"Salud","tipo_equipamiento":"Profesional Independiente","municipio":"APARTADÓ","lat":7.8849011,"lon":-76.6227461,"fuente":"REPS","direccion":"Diagonal 99C N° 105B-46"}},{"type":"Feature","geometry":{"type":"Point","coordinates":[-76.6227461,7.8849011]},"properties":{"nombre":"Samuel Argenis Galindez Rosario","tipo":"Salud","tipo_equipamiento":"Profesional Independiente","municipio":"APARTADÓ","lat":7.8849011,"lon":-76.6227461,"fuente":"REPS","direccion":"Diagonal 99C N° 105B-46"}},{"type":"Feature","geometry":{"type":"Point","coordinates":[-76.6227461,7.8849011]},"properties":{"nombre":"FLASHMEDICA","tipo":"Salud","tipo_equipamiento":"Instituciones Prestadoras de Servicios de Salud - IPS","municipio":"APARTADÓ","lat":7.8849011,"lon":-76.6227461,"fuente":"REPS","direccion":"DG 100 N105C -101"}},{"type":"Feature","geometry":{"type":"Point","coordinates":[-76.6227461,7.8849011]},"properties":{"nombre":"FLASHMEDICA TURBO","tipo":"Salud","tipo_equipamiento":"Instituciones Prestadoras de Servicios de Salud - IPS","municipio":"APARTADÓ","lat":7.8849011,"lon":-76.6227461,"fuente":"REPS","direccion":"DG 100 N105C -101"}},{"type":"Feature","geometry":{"type":"Point","coordinates":[-76.6227461,7.8849011]},"properties":{"nombre":"Carlos Steven Zuñiga Bravo","tipo":"Salud","tipo_equipamiento":"Profesional Independiente","municipio":"APARTADÓ","lat":7.8849011,"lon":-76.6227461,"fuente":"REPS","direccion":"CARRERA 105 #95 a-12 Primer Piso Barrio Nuevo Apartadó"}},{"type":"Feature","geometry":{"type":"Point","coordinates":[-76.6227461,7.8849011]},"properties":{"nombre":"Carlos Steven Zuñiga Bravo","tipo":"Salud","tipo_equipamiento":"Profesional Independiente","municipio":"APARTADÓ","lat":7.8849011,"lon":-76.6227461,"fuente":"REPS","direccion":"CARRERA 105 #95 a-12 Primer Piso Barrio Nuevo Apartadó"}},{"type":"Feature","geometry":{"type":"Point","coordinates":[-76.6227461,7.8849011]},"properties":{"nombre":"MARIA  PAULA RIAÑO SERRANO","tipo":"Salud","tipo_equipamiento":"Profesional Independiente","municipio":"APARTADÓ","lat":7.8849011,"lon":-76.6227461,"fuente":"REPS","direccion":"CARRERA 105 CALLE 97 # 96a-24"}},{"type":"Feature","geometry":{"type":"Point","coordinates":[-76.6227461,7.8849011]},"properties":{"nombre":"Indira Patricia Cifuentes Alvarez","tipo":"Salud","tipo_equipamiento":"Profesional Independiente","municipio":"APARTADÓ","lat":7.8849011,"lon":-76.6227461,"fuente":"REPS","direccion":"CARRERA 96A #103A-24 BARRIO NUEVO APARTADO"}},{"type":"Feature","geometry":{"type":"Point","coordinates":[-76.6227461,7.8849011]},"properties":{"nombre":"Indira Patricia Cifuentes Alvarez","tipo":"Salud","tipo_equipamiento":"Profesional Independiente","municipio":"APARTADÓ","lat":7.8849011,"lon":-76.6227461,"fuente":"REPS","direccion":"CARRERA 96A #103A-24 BARRIO NUEVO APARTADO"}},{"type":"Feature","geometry":{"type":"Point","coordinates":[-76.6385297,7.8939415]},"properties":{"nombre":"Lidia  Edith Toscano  Vargas","tipo":"Salud","tipo_equipamiento":"Profesional Independiente","municipio":"APARTADÓ","lat":7.8939415,"lon":-76.6385297,"fuente":"REPS","direccion":"CALLE 106 # 103 - 41"}},{"type":"Feature","geometry":{"type":"Point","coordinates":[-76.6227461,7.8849011]},"properties":{"nombre":"HEINNER MIGUEL OJEDA MUÑOZ","tipo":"Salud","tipo_equipamiento":"Profesional Independiente","municipio":"APARTADÓ","lat":7.8849011,"lon":-76.6227461,"fuente":"REPS","direccion":"calle 100 F # 111-28"}},{"type":"Feature","geometry":{"type":"Point","coordinates":[-76.6227461,7.8849011]},"properties":{"nombre":"HEINNER MIGUEL OJEDA MUÑOZ","tipo":"Salud","tipo_equipamiento":"Profesional Independiente","municipio":"APARTADÓ","lat":7.8849011,"lon":-76.6227461,"fuente":"REPS","direccion":"calle 100 F # 111-28"}},{"type":"Feature","geometry":{"type":"Point","coordinates":[-76.6227461,7.8849011]},"properties":{"nombre":"JESSICA  ZAPATA GUISAO","tipo":"Salud","tipo_equipamiento":"Profesional Independiente","municipio":"APARTADÓ","lat":7.8849011,"lon":-76.6227461,"fuente":"REPS","direccion":"Calle 98 103-111 Local 302 2 piso"}},{"type":"Feature","geometry":{"type":"Point","coordinates":[-76.6135772,7.8750611]},"properties":{"nombre":"RAMON ANDRES LOPEZ CARMONA","tipo":"Salud","tipo_equipamiento":"Profesional Independiente","municipio":"APARTADÓ","lat":7.8750611,"lon":-76.6135772,"fuente":"REPS","direccion":"CALLE 99 # 103-32"}},{"type":"Feature","geometry":{"type":"Point","coordinates":[-76.6227461,7.8849011]},"properties":{"nombre":"JOSE LUIS RUBIO ACOSTA","tipo":"Salud","tipo_equipamiento":"Profesional Independiente","municipio":"APARTADÓ","lat":7.8849011,"lon":-76.6227461,"fuente":"REPS","direccion":"CL 98 # 103 - 111 CONS 111 EDIFICIO COOMEVA"}},{"type":"Feature","geometry":{"type":"Point","coordinates":[-76.620171,7.8776275]},"properties":{"nombre":"JOHN JAIRO RIAÑO RAMOS","tipo":"Salud","tipo_equipamiento":"Profesional Independiente","municipio":"APARTADÓ","lat":7.8776275,"lon":-76.620171,"fuente":"REPS","direccion":"KR 109B # 101 - 25"}},{"type":"Feature","geometry":{"type":"Point","coordinates":[-76.6227461,7.8849011]},"properties":{"nombre":"ANGIE YANELI MURILLO MURILLO","tipo":"Salud","tipo_equipamiento":"Profesional Independiente","municipio":"APARTADÓ","lat":7.8849011,"lon":-76.6227461,"fuente":"REPS","direccion":"CARRERA 100 N°86B-10/14"}},{"type":"Feature","geometry":{"type":"Point","coordinates":[-76.6227461,7.8849011]},"properties":{"nombre":"MAURICIO ALEXANDER GUERRA MONTOYA","tipo":"Salud","tipo_equipamiento":"Profesional Independiente","municipio":"APARTADÓ","lat":7.8849011,"lon":-76.6227461,"fuente":"REPS","direccion":"CARRERA 82B NRO 97-33"}},{"type":"Feature","geometry":{"type":"Point","coordinates":[-76.620171,7.8776275]},"properties":{"nombre":"VLADIMIR FERNANDO ALONSO ENCARNACION","tipo":"Salud","tipo_equipamiento":"Profesional Independiente","municipio":"APARTADÓ","lat":7.8776275,"lon":-76.620171,"fuente":"REPS","direccion":"KR 109B # 101 - 25"}},{"type":"Feature","geometry":{"type":"Point","coordinates":[-76.6227461,7.8849011]},"properties":{"nombre":"MARIA  PAULINA RODRIGUEZ  SOLANO","tipo":"Salud","tipo_equipamiento":"Profesional Independiente","municipio":"APARTADÓ","lat":7.8849011,"lon":-76.6227461,"fuente":"REPS","direccion":"CARRERA 105 CALLE 97 # 96a-24"}},{"type":"Feature","geometry":{"type":"Point","coordinates":[-76.6227461,7.8849011]},"properties":{"nombre":"MARIA  PAULINA RODRIGUEZ  SOLANO","tipo":"Salud","tipo_equipamiento":"Profesional Independiente","municipio":"APARTADÓ","lat":7.8849011,"lon":-76.6227461,"fuente":"REPS","direccion":"CARRERA 105 CALLE 97 # 96a-24"}},{"type":"Feature","geometry":{"type":"Point","coordinates":[-76.6227461,7.8849011]},"properties":{"nombre":"KAREN LIZETH VILLA MORELO","tipo":"Salud","tipo_equipamiento":"Profesional Independiente","municipio":"APARTADÓ","lat":7.8849011,"lon":-76.6227461,"fuente":"REPS","direccion":"Carrera 100 con Calle 94  edificio confiar local 403"}},{"type":"Feature","geometry":{"type":"Point","coordinates":[-76.6227461,7.8849011]},"properties":{"nombre":"FRANCISCO JAVIER PEREZ FLOREZ","tipo":"Salud","tipo_equipamiento":"Profesional Independiente","municipio":"APARTADÓ","lat":7.8849011,"lon":-76.6227461,"fuente":"REPS","direccion":"Calle 96 #99-37 -  2do piso"}},{"type":"Feature","geometry":{"type":"Point","coordinates":[-76.6227461,7.8849011]},"properties":{"nombre":"FRANCISCO JAVIER PEREZ FLOREZ","tipo":"Salud","tipo_equipamiento":"Profesional Independiente","municipio":"APARTADÓ","lat":7.8849011,"lon":-76.6227461,"fuente":"REPS","direccion":"Calle 96 #99-37 -  2do piso"}},{"type":"Feature","geometry":{"type":"Point","coordinates":[-76.6227461,7.8849011]},"properties":{"nombre":"FRANCISCO JAVIER PEREZ FLOREZ","tipo":"Salud","tipo_equipamiento":"Profesional Independiente","municipio":"APARTADÓ","lat":7.8849011,"lon":-76.6227461,"fuente":"REPS","direccion":"Calle 96 #99-37 -  2do piso"}},{"type":"Feature","geometry":{"type":"Point","coordinates":[-76.6227461,7.8849011]},"properties":{"nombre":"LEIDY LILIANA GUTIERREZ MORALES","tipo":"Salud","tipo_equipamiento":"Profesional Independiente","municipio":"APARTADÓ","lat":7.8849011,"lon":-76.6227461,"fuente":"REPS","direccion":"Calle 96 #99-37 -  2do piso"}},{"type":"Feature","geometry":{"type":"Point","coordinates":[-76.6227461,7.8849011]},"properties":{"nombre":"GERMAN ANDRES SOMOYAR DUARTE","tipo":"Salud","tipo_equipamiento":"Profesional Independiente","municipio":"APARTADÓ","lat":7.8849011,"lon":-76.6227461,"fuente":"REPS","direccion":"CL 98 # 103- 111 CS 111"}},{"type":"Feature","geometry":{"type":"Point","coordinates":[-76.6227461,7.8849011]},"properties":{"nombre":"LEONARDO FABIO  BEDOYA SILVA","tipo":"Salud","tipo_equipamiento":"Profesional Independiente","municipio":"APARTADÓ","lat":7.8849011,"lon":-76.6227461,"fuente":"REPS","direccion":"CALLE 104 #101-44  ESTADIO LT 6 7"}},{"type":"Feature","geometry":{"type":"Point","coordinates":[-76.6227461,7.8849011]},"properties":{"nombre":"Manuel David Padilla Niño","tipo":"Salud","tipo_equipamiento":"Profesional Independiente","municipio":"APARTADÓ","lat":7.8849011,"lon":-76.6227461,"fuente":"REPS","direccion":"CARRERA 96A #103A-24 BARRIO NUEVO APARTADO."}},{"type":"Feature","geometry":{"type":"Point","coordinates":[-76.6227461,7.8849011]},"properties":{"nombre":"YENNY FERNANDA CASTELLAR OSORIO","tipo":"Salud","tipo_equipamiento":"Profesional Independiente","municipio":"APARTADÓ","lat":7.8849011,"lon":-76.6227461,"fuente":"REPS","direccion":"KR 105B # 98A - 09 CS 202"}},{"type":"Feature","geometry":{"type":"Point","coordinates":[-76.6227461,7.8849011]},"properties":{"nombre":"DANIELA  QUIROZ SANCHEZ","tipo":"Salud","tipo_equipamiento":"Profesional Independiente","municipio":"APARTADÓ","lat":7.8849011,"lon":-76.6227461,"fuente":"REPS","direccion":"CALLE 98 #103-111 LOCAL 103"}},{"type":"Feature","geometry":{"type":"Point","coordinates":[-76.6227461,7.8849011]},"properties":{"nombre":"ANDREA  PALACIO DAVID","tipo":"Salud","tipo_equipamiento":"Profesional Independiente","municipio":"APARTADÓ","lat":7.8849011,"lon":-76.6227461,"fuente":"REPS","direccion":"Diagonal 101 a # 106c-02/ local 102 BARRIO LOS PINOS"}},{"type":"Feature","geometry":{"type":"Point","coordinates":[-76.6227461,7.8849011]},"properties":{"nombre":"Moná  Barrientos Laura","tipo":"Salud","tipo_equipamiento":"Profesional Independiente","municipio":"APARTADÓ","lat":7.8849011,"lon":-76.6227461,"fuente":"REPS","direccion":"Calle 96a N° 103a - 24 - Barrio:Nuevo Apartadó"}},{"type":"Feature","geometry":{"type":"Point","coordinates":[-76.6227461,7.8849011]},"properties":{"nombre":"PAULA TATIANA ALZATE UMAÑA","tipo":"Salud","tipo_equipamiento":"Profesional Independiente","municipio":"APARTADÓ","lat":7.8849011,"lon":-76.6227461,"fuente":"REPS","direccion":"CARRERA 103 A 96 27"}},{"type":"Feature","geometry":{"type":"Point","coordinates":[-76.6227461,7.8849011]},"properties":{"nombre":"DIANA PATRICIA BEDOYA SILVA","tipo":"Salud","tipo_equipamiento":"Profesional Independiente","municipio":"APARTADÓ","lat":7.8849011,"lon":-76.6227461,"fuente":"REPS","direccion":"CALLE 104 #101-44  ESTADIO LT 6 7"}},{"type":"Feature","geometry":{"type":"Point","coordinates":[-76.6226272,7.8799273]},"properties":{"nombre":"Loreley Gabriela Orozco Mejía","tipo":"Salud","tipo_equipamiento":"Profesional Independiente","municipio":"APARTADÓ","lat":7.8799273,"lon":-76.6226272,"fuente":"REPS","direccion":"calle 99 # 99-38"}},{"type":"Feature","geometry":{"type":"Point","coordinates":[-76.6359673,7.8839555]},"properties":{"nombre":"DANIELA  AGAMEZ MENDOZA","tipo":"Salud","tipo_equipamiento":"Profesional Independiente","municipio":"APARTADÓ","lat":7.8839555,"lon":-76.6359673,"fuente":"REPS","direccion":"CL 98A #107-4 202"}},{"type":"Feature","geometry":{"type":"Point","coordinates":[-76.6227461,7.8849011]},"properties":{"nombre":"LILIANA DEL SOCORRO OCHOA PARDO","tipo":"Salud","tipo_equipamiento":"Profesional Independiente","municipio":"APARTADÓ","lat":7.8849011,"lon":-76.6227461,"fuente":"REPS","direccion":"CALLE 98#103-111 CONSULTORIO 213 EDIFICIO COOMEVA"}},{"type":"Feature","geometry":{"type":"Point","coordinates":[-76.6349674,7.8801081]},"properties":{"nombre":"ANDRES ESTEBAN MARTINEZ PALOMO","tipo":"Salud","tipo_equipamiento":"Profesional Independiente","municipio":"APARTADÓ","lat":7.8801081,"lon":-76.6349674,"fuente":"REPS","direccion":"Carrera 103# 99-33"}},{"type":"Feature","geometry":{"type":"Point","coordinates":[-76.6211212,7.8834763]},"properties":{"nombre":"OSMAN  JOSUE PEREA CASTRO","tipo":"Salud","tipo_equipamiento":"Profesional Independiente","municipio":"APARTADÓ","lat":7.8834763,"lon":-76.6211212,"fuente":"REPS","direccion":"Calle 103# 97 - 37"}},{"type":"Feature","geometry":{"type":"Point","coordinates":[-76.6227461,7.8849011]},"properties":{"nombre":"LINDA  NATALY LATORRE  ACHURY","tipo":"Salud","tipo_equipamiento":"Profesional Independiente","municipio":"APARTADÓ","lat":7.8849011,"lon":-76.6227461,"fuente":"REPS","direccion":"CARRERA 100 N° 93-38 LOCAL 403  EDIFICIO CONFIAR"}},{"type":"Feature","geometry":{"type":"Point","coordinates":[-76.6227461,7.8849011]},"properties":{"nombre":"SARMIENTO SZETO HELLEN CAMILA","tipo":"Salud","tipo_equipamiento":"Profesional Independiente","municipio":"APARTADÓ","lat":7.8849011,"lon":-76.6227461,"fuente":"REPS","direccion":"CALLE 104 #101-44  ESTADIO LT 6 7"}},{"type":"Feature","geometry":{"type":"Point","coordinates":[-76.6227461,7.8849011]},"properties":{"nombre":"MAIRA YOHANA CARMONA VALENCIA","tipo":"Salud","tipo_equipamiento":"Profesional Independiente","municipio":"APARTADÓ","lat":7.8849011,"lon":-76.6227461,"fuente":"REPS","direccion":"Calle103-114 número 32-01"}},{"type":"Feature","geometry":{"type":"Point","coordinates":[-76.6227461,7.8849011]},"properties":{"nombre":"ANDRES DAVID BARBOZA VEGA","tipo":"Salud","tipo_equipamiento":"Profesional Independiente","municipio":"APARTADÓ","lat":7.8849011,"lon":-76.6227461,"fuente":"REPS","direccion":"CARRERA 101A NRO 98-22 LC 2"}},{"type":"Feature","geometry":{"type":"Point","coordinates":[-76.6227461,7.8849011]},"properties":{"nombre":"Milena Patricia Rada  García","tipo":"Salud","tipo_equipamiento":"Profesional Independiente","municipio":"APARTADÓ","lat":7.8849011,"lon":-76.6227461,"fuente":"REPS","direccion":"Diagonal 100N°106C-44/48"}},{"type":"Feature","geometry":{"type":"Point","coordinates":[-76.6227461,7.8849011]},"properties":{"nombre":"Marco José Maldonado De la Torre","tipo":"Salud","tipo_equipamiento":"Profesional Independiente","municipio":"APARTADÓ","lat":7.8849011,"lon":-76.6227461,"fuente":"REPS","direccion":"Calle 98 N°103A-24 local101"}},{"type":"Feature","geometry":{"type":"Point","coordinates":[-76.6227461,7.8849011]},"properties":{"nombre":"Viviana  Jiménez León","tipo":"Salud","tipo_equipamiento":"Profesional Independiente","municipio":"APARTADÓ","lat":7.8849011,"lon":-76.6227461,"fuente":"REPS","direccion":"Diagonal 100N°106C-44/48"}},{"type":"Feature","geometry":{"type":"Point","coordinates":[-76.6135772,7.8750611]},"properties":{"nombre":"YAKELIN  VALENCIA OCHOA","tipo":"Salud","tipo_equipamiento":"Profesional Independiente","municipio":"APARTADÓ","lat":7.8750611,"lon":-76.6135772,"fuente":"REPS","direccion":"CL 99 #97-16"}},{"type":"Feature","geometry":{"type":"Point","coordinates":[-76.6253236,7.8864993]},"properties":{"nombre":"LUIS DAVID MORA RAMOS","tipo":"Salud","tipo_equipamiento":"Profesional Independiente","municipio":"APARTADÓ","lat":7.8864993,"lon":-76.6253236,"fuente":"REPS","direccion":"CL 104 # 102A - 25"}},{"type":"Feature","geometry":{"type":"Point","coordinates":[-76.6227461,7.8849011]},"properties":{"nombre":"Juan Pablo Alvarado González","tipo":"Salud","tipo_equipamiento":"Profesional Independiente","municipio":"APARTADÓ","lat":7.8849011,"lon":-76.6227461,"fuente":"REPS","direccion":"Carrera 103 A # 96 - 27"}},{"type":"Feature","geometry":{"type":"Point","coordinates":[-76.6227461,7.8849011]},"properties":{"nombre":"YORELIS SANDRITH MACHUCA SANCHEZ","tipo":"Salud","tipo_equipamiento":"Profesional Independiente","municipio":"APARTADÓ","lat":7.8849011,"lon":-76.6227461,"fuente":"REPS","direccion":"CALLE 100 CR 83B-21"}},{"type":"Feature","geometry":{"type":"Point","coordinates":[-76.6227461,7.8849011]},"properties":{"nombre":"YORELIS SANDRITH MACHUCA SANCHEZ","tipo":"Salud","tipo_equipamiento":"Profesional Independiente","municipio":"APARTADÓ","lat":7.8849011,"lon":-76.6227461,"fuente":"REPS","direccion":"CALLE 100 CR 83B-21"}},{"type":"Feature","geometry":{"type":"Point","coordinates":[-76.6227461,7.8849011]},"properties":{"nombre":"STEFANI JANETH GUARIN AYALA","tipo":"Salud","tipo_equipamiento":"Profesional Independiente","municipio":"APARTADÓ","lat":7.8849011,"lon":-76.6227461,"fuente":"REPS","direccion":"DG 100 # 106C - 44/48"}},{"type":"Feature","geometry":{"type":"Point","coordinates":[-76.4273168,8.8528266]},"properties":{"nombre":"ESE HOSPITAL PEDRO NEL CARMONA","tipo":"Salud","tipo_equipamiento":"Instituciones Prestadoras de Servicios de Salud - IPS","municipio":"ARBOLETES","lat":8.8528266,"lon":-76.4273168,"fuente":"REPS","direccion":"BARRIO EL DEPORTIVO"}},{"type":"Feature","geometry":{"type":"Point","coordinates":[-76.4256452,8.8534963]},"properties":{"nombre":"LEILA YANET GUERRERO BONOLIS","tipo":"Salud","tipo_equipamiento":"Profesional Independiente","municipio":"ARBOLETES","lat":8.8534963,"lon":-76.4256452,"fuente":"REPS","direccion":"CL 31 # 27 - 86"}},{"type":"Feature","geometry":{"type":"Point","coordinates":[-76.4273168,8.8528266]},"properties":{"nombre":"CARLOS  AUGUSTO JULIO  ALVAREZ","tipo":"Salud","tipo_equipamiento":"Profesional Independiente","municipio":"ARBOLETES","lat":8.8528266,"lon":-76.4273168,"fuente":"REPS","direccion":"CALLE 31 No 27-86"}},{"type":"Feature","geometry":{"type":"Point","coordinates":[-76.4197049,8.8505227]},"properties":{"nombre":"optica luz denis s.a.s","tipo":"Salud","tipo_equipamiento":"Objeto Social Diferente a la Prestación de Servicios de Salud","municipio":"ARBOLETES","lat":8.8505227,"lon":-76.4197049,"fuente":"REPS","direccion":"calle 25 # 32-09"}},{"type":"Feature","geometry":{"type":"Point","coordinates":[-76.4275191,8.852133]},"properties":{"nombre":"Manuel  Antonio Toscano  Ballesteros","tipo":"Salud","tipo_equipamiento":"Profesional Independiente","municipio":"ARBOLETES","lat":8.852133,"lon":-76.4275191,"fuente":"REPS","direccion":"Carrera 31 # 29 -30"}},{"type":"Feature","geometry":{"type":"Point","coordinates":[-76.4213611,8.8515392]},"properties":{"nombre":"EDERNEL  PERALTA BERNA","tipo":"Salud","tipo_equipamiento":"Profesional Independiente","municipio":"ARBOLETES","lat":8.8515392,"lon":-76.4213611,"fuente":"REPS","direccion":"CARRERA 19 #26-47"}},{"type":"Feature","geometry":{"type":"Point","coordinates":[-76.4273168,8.8528266]},"properties":{"nombre":"Marisol  Villegas  González","tipo":"Salud","tipo_equipamiento":"Profesional Independiente","municipio":"ARBOLETES","lat":8.8528266,"lon":-76.4273168,"fuente":"REPS","direccion":"Carrera 30 # 30-56 Local 4"}},{"type":"Feature","geometry":{"type":"Point","coordinates":[-76.4281574,8.8509321]},"properties":{"nombre":"LORENZO II ACUÑA ROMERO","tipo":"Salud","tipo_equipamiento":"Profesional Independiente","municipio":"ARBOLETES","lat":8.8509321,"lon":-76.4281574,"fuente":"REPS","direccion":"carrera 32 # 27 -56"}},{"type":"Feature","geometry":{"type":"Point","coordinates":[-76.4257836,8.8504012]},"properties":{"nombre":"RAFAEL GUILLERMO ALVAREZ DOMINGUEZ","tipo":"Salud","tipo_equipamiento":"Profesional Independiente","municipio":"ARBOLETES","lat":8.8504012,"lon":-76.4257836,"fuente":"REPS","direccion":"Cra 32#27-59"}},{"type":"Feature","geometry":{"type":"Point","coordinates":[-76.4296462,8.8501975]},"properties":{"nombre":"EBERIN  SERPA CALDAS","tipo":"Salud","tipo_equipamiento":"Profesional Independiente","municipio":"ARBOLETES","lat":8.8501975,"lon":-76.4296462,"fuente":"REPS","direccion":"CRA. 34 # 22-20"}},{"type":"Feature","geometry":{"type":"Point","coordinates":[-76.4273168,8.8528266]},"properties":{"nombre":"CEDUR IPS SAS","tipo":"Salud","tipo_equipamiento":"Instituciones Prestadoras de Servicios de Salud - IPS","municipio":"ARBOLETES","lat":8.8528266,"lon":-76.4273168,"fuente":"REPS","direccion":"Calle 28 # 28 - 10 Villa Luz"}},{"type":"Feature","geometry":{"type":"Point","coordinates":[-76.4273168,8.8528266]},"properties":{"nombre":"AYLIN DEL CARMEN URANGO NARVAEZ","tipo":"Salud","tipo_equipamiento":"Profesional Independiente","municipio":"ARBOLETES","lat":8.8528266,"lon":-76.4273168,"fuente":"REPS","direccion":"BRISAS DE SAN LORENZO ETAPA 1 LOTE 1 MANZANA 13"}},{"type":"Feature","geometry":{"type":"Point","coordinates":[-76.4273168,8.8528266]},"properties":{"nombre":"Diego Alejandro Toscano  Deossa","tipo":"Salud","tipo_equipamiento":"Profesional Independiente","municipio":"ARBOLETES","lat":8.8528266,"lon":-76.4273168,"fuente":"REPS","direccion":"CL 25 # 34 LT 28 MZ15"}},{"type":"Feature","geometry":{"type":"Point","coordinates":[-76.4273168,8.8528266]},"properties":{"nombre":"INFINITY FORZA S.A.S","tipo":"Salud","tipo_equipamiento":"Objeto Social Diferente a la Prestación de Servicios de Salud","municipio":"ARBOLETES","lat":8.8528266,"lon":-76.4273168,"fuente":"REPS","direccion":"MZ B LT 1"}},{"type":"Feature","geometry":{"type":"Point","coordinates":[-76.4281574,8.8509321]},"properties":{"nombre":"Hernando  Portillo Portillo","tipo":"Salud","tipo_equipamiento":"Profesional Independiente","municipio":"ARBOLETES","lat":8.8509321,"lon":-76.4281574,"fuente":"REPS","direccion":"Cra 32 # 27 59"}},{"type":"Feature","geometry":{"type":"Point","coordinates":[-75.347834,7.581577]},"properties":{"nombre":"EMPRESA SOCIAL DEL ESTADO HOSPITAL ISABEL LA CATOLICA","tipo":"Salud","tipo_equipamiento":"Instituciones Prestadoras de Servicios de Salud - IPS","municipio":"CÁCERES","lat":7.581577,"lon":-75.347834,"fuente":"REPS","direccion":"KR 50 # 52-48"}},{"type":"Feature","geometry":{"type":"Point","coordinates":[-75.347834,7.581577]},"properties":{"nombre":"CENTRO DE SALUD JARDIN TAMANA","tipo":"Salud","tipo_equipamiento":"Instituciones Prestadoras de Servicios de Salud - IPS","municipio":"CÁCERES","lat":7.581577,"lon":-75.347834,"fuente":"REPS","direccion":"KR 50 # 52-48"}},{"type":"Feature","geometry":{"type":"Point","coordinates":[-75.3514383,7.577089]},"properties":{"nombre":"VICTORIA  MERCADO ROJAS","tipo":"Salud","tipo_equipamiento":"Profesional Independiente","municipio":"CÁCERES","lat":7.577089,"lon":-75.3514383,"fuente":"REPS","direccion":"CALLE 49 NUMERO 50-92"}},{"type":"Feature","geometry":{"type":"Point","coordinates":[-75.3514383,7.577089]},"properties":{"nombre":"maria alejandra atehortua jaramillo","tipo":"Salud","tipo_equipamiento":"Profesional Independiente","municipio":"CÁCERES","lat":7.577089,"lon":-75.3514383,"fuente":"REPS","direccion":"calle 28  a # 20-53"}},{"type":"Feature","geometry":{"type":"Point","coordinates":[-75.3514383,7.577089]},"properties":{"nombre":"GILMA ANDREA GARCIA GARCIA","tipo":"Salud","tipo_equipamiento":"Profesional Independiente","municipio":"CÁCERES","lat":7.577089,"lon":-75.3514383,"fuente":"REPS","direccion":"Carrera 20 No 28 - 74"}},{"type":"Feature","geometry":{"type":"Point","coordinates":[-76.7460389,7.7984516]},"properties":{"nombre":"GLADIS ZULEIMA ESTRADA OSORIO","tipo":"Salud","tipo_equipamiento":"Profesional Independiente","municipio":"CAREPA","lat":7.7984516,"lon":-76.7460389,"fuente":"REPS","direccion":"CALLE 77 CARRERA 75 N° 77-14 PISO 2"}},{"type":"Feature","geometry":{"type":"Point","coordinates":[-76.7460389,7.7984516]},"properties":{"nombre":"GLADIS ZULEIMA ESTRADA OSORIO","tipo":"Salud","tipo_equipamiento":"Profesional Independiente","municipio":"CAREPA","lat":7.7984516,"lon":-76.7460389,"fuente":"REPS","direccion":"CALLE 77 CARRERA 75 N° 77-14 PISO 2"}},{"type":"Feature","geometry":{"type":"Point","coordinates":[-76.65483,7.750753]},"properties":{"nombre":"E.S.E HOSPITAL FRANCISCO LUIS JIMENEZ MARTINEZ","tipo":"Salud","tipo_equipamiento":"Instituciones Prestadoras de Servicios de Salud - IPS","municipio":"CAREPA","lat":7.750753,"lon":-76.65483,"fuente":"REPS","direccion":"CL 70  # 68 - 03"}},{"type":"Feature","geometry":{"type":"Point","coordinates":[-76.65483,7.750753]},"properties":{"nombre":"CENTRO DE SALUD DE ZUNGO EMBARCADERO","tipo":"Salud","tipo_equipamiento":"Instituciones Prestadoras de Servicios de Salud - IPS","municipio":"CAREPA","lat":7.750753,"lon":-76.65483,"fuente":"REPS","direccion":"CL 70  # 68 - 03"}},{"type":"Feature","geometry":{"type":"Point","coordinates":[-76.65483,7.750753]},"properties":{"nombre":"CENTRO DE SALUD DE PIEDRAS BLANCAS","tipo":"Salud","tipo_equipamiento":"Instituciones Prestadoras de Servicios de Salud - IPS","municipio":"CAREPA","lat":7.750753,"lon":-76.65483,"fuente":"REPS","direccion":"CL 70  # 68 - 03"}},{"type":"Feature","geometry":{"type":"Point","coordinates":[-76.65483,7.750753]},"properties":{"nombre":"CENTRO DE SALUD EL SILENCIO","tipo":"Salud","tipo_equipamiento":"Instituciones Prestadoras de Servicios de Salud - IPS","municipio":"CAREPA","lat":7.750753,"lon":-76.65483,"fuente":"REPS","direccion":"CL 70  # 68 - 03"}},{"type":"Feature","geometry":{"type":"Point","coordinates":[-76.7460389,7.7984516]},"properties":{"nombre":"RAFAEL EUGENIO SANCHEZ NEGRETE","tipo":"Salud","tipo_equipamiento":"Profesional Independiente","municipio":"CAREPA","lat":7.7984516,"lon":-76.7460389,"fuente":"REPS","direccion":"KR 76 # 77 - 21"}},{"type":"Feature","geometry":{"type":"Point","coordinates":[-76.7460389,7.7984516]},"properties":{"nombre":"IRIS NUBIT GALAN MOLINA","tipo":"Salud","tipo_equipamiento":"Profesional Independiente","municipio":"CAREPA","lat":7.7984516,"lon":-76.7460389,"fuente":"REPS","direccion":"CL 70 # 73C 26 BARRIO 20 DE JULIO"}},{"type":"Feature","geometry":{"type":"Point","coordinates":[-76.7460389,7.7984516]},"properties":{"nombre":"NATALY  JIMENEZ MUÑOZ","tipo":"Salud","tipo_equipamiento":"Profesional Independiente","municipio":"CAREPA","lat":7.7984516,"lon":-76.7460389,"fuente":"REPS","direccion":"CL 80 #79-35 - Barrio:CENTRO"}},{"type":"Feature","geometry":{"type":"Point","coordinates":[-76.7460389,7.7984516]},"properties":{"nombre":"ELIANA  DÍAZ ARROYO","tipo":"Salud","tipo_equipamiento":"Profesional Independiente","municipio":"CAREPA","lat":7.7984516,"lon":-76.7460389,"fuente":"REPS","direccion":"Cr 73 # 81A"}},{"type":"Feature","geometry":{"type":"Point","coordinates":[-76.7460389,7.7984516]},"properties":{"nombre":"Eliana  Díaz Arroyo","tipo":"Salud","tipo_equipamiento":"Profesional Independiente","municipio":"CAREPA","lat":7.7984516,"lon":-76.7460389,"fuente":"REPS","direccion":"Cr 73 # 81A"}},{"type":"Feature","geometry":{"type":"Point","coordinates":[-76.7460389,7.7984516]},"properties":{"nombre":"CENTRO FISIOTERAPEUTICO FEDRA ALEXANDRA OSPINA SAS","tipo":"Salud","tipo_equipamiento":"Instituciones Prestadoras de Servicios de Salud - IPS","municipio":"CAREPA","lat":7.7984516,"lon":-76.7460389,"fuente":"REPS","direccion":"CL 93 # 95a 40 BARRIO MANZANARES EDF YORSOM"}},{"type":"Feature","geometry":{"type":"Point","coordinates":[-76.7460389,7.7984516]},"properties":{"nombre":"CENTRO FISIOTERAPEUTICO FEDRA ALEXANDRA OSPINA - CAREPA","tipo":"Salud","tipo_equipamiento":"Instituciones Prestadoras de Servicios de Salud - IPS","municipio":"CAREPA","lat":7.7984516,"lon":-76.7460389,"fuente":"REPS","direccion":"CL 93 # 95a 40 BARRIO MANZANARES EDF YORSOM"}},{"type":"Feature","geometry":{"type":"Point","coordinates":[-76.7460389,7.7984516]},"properties":{"nombre":"CENTRO FISIOTERAPEUTICO FEDRA ALEXANDRA OSPINA-CHIGORODO","tipo":"Salud","tipo_equipamiento":"Instituciones Prestadoras de Servicios de Salud - IPS","municipio":"CAREPA","lat":7.7984516,"lon":-76.7460389,"fuente":"REPS","direccion":"CL 93 # 95a 40 BARRIO MANZANARES EDF YORSOM"}},{"type":"Feature","geometry":{"type":"Point","coordinates":[-76.7460389,7.7984516]},"properties":{"nombre":"CENTRO FISIOTERAPEUTICO FEDRA ALEXANDRA OSPINA SAS","tipo":"Salud","tipo_equipamiento":"Instituciones Prestadoras de Servicios de Salud - IPS","municipio":"CAREPA","lat":7.7984516,"lon":-76.7460389,"fuente":"REPS","direccion":"CL 93 # 95a 40 BARRIO MANZANARES EDF YORSOM"}},{"type":"Feature","geometry":{"type":"Point","coordinates":[-76.7460389,7.7984516]},"properties":{"nombre":"SOMEDCLIN SEDE APARTADO","tipo":"Salud","tipo_equipamiento":"Instituciones Prestadoras de Servicios de Salud - IPS","municipio":"CAREPA","lat":7.7984516,"lon":-76.7460389,"fuente":"REPS","direccion":"Carrera 78 # 80 - 43"}},{"type":"Feature","geometry":{"type":"Point","coordinates":[-76.7460389,7.7984516]},"properties":{"nombre":"SOCIEDAD DE MEDICINA INTEGRAL Y DIAGNOSTICO CLINICO SOMEDCLIN S.A.S","tipo":"Salud","tipo_equipamiento":"Instituciones Prestadoras de Servicios de Salud - IPS","municipio":"CAREPA","lat":7.7984516,"lon":-76.7460389,"fuente":"REPS","direccion":"Carrera 78 # 80 - 43"}},{"type":"Feature","geometry":{"type":"Point","coordinates":[-76.7460389,7.7984516]},"properties":{"nombre":"SOMEDCLIN SEDE CURRULAO","tipo":"Salud","tipo_equipamiento":"Instituciones Prestadoras de Servicios de Salud - IPS","municipio":"CAREPA","lat":7.7984516,"lon":-76.7460389,"fuente":"REPS","direccion":"Carrera 78 # 80 - 43"}},{"type":"Feature","geometry":{"type":"Point","coordinates":[-76.7460389,7.7984516]},"properties":{"nombre":"ANA MARIA SERNA CARDONA","tipo":"Salud","tipo_equipamiento":"Profesional Independiente","municipio":"CAREPA","lat":7.7984516,"lon":-76.7460389,"fuente":"REPS","direccion":"CRA 77#78A 45B CONSULTORIO 204"}},{"type":"Feature","geometry":{"type":"Point","coordinates":[-76.7460389,7.7984516]},"properties":{"nombre":"Eimar Dario Rosso Rueda","tipo":"Salud","tipo_equipamiento":"Profesional Independiente","municipio":"CAREPA","lat":7.7984516,"lon":-76.7460389,"fuente":"REPS","direccion":"CARRERA 78ª N° 77-27 - Barrio:María Cano"}},{"type":"Feature","geometry":{"type":"Point","coordinates":[-76.7460389,7.7984516]},"properties":{"nombre":"Eimar Dario Rosso Rueda","tipo":"Salud","tipo_equipamiento":"Profesional Independiente","municipio":"CAREPA","lat":7.7984516,"lon":-76.7460389,"fuente":"REPS","direccion":"CARRERA 78ª N° 77-27 - Barrio:María Cano"}},{"type":"Feature","geometry":{"type":"Point","coordinates":[-76.7460389,7.7984516]},"properties":{"nombre":"Eimar Dario Rosso Rueda","tipo":"Salud","tipo_equipamiento":"Profesional Independiente","municipio":"CAREPA","lat":7.7984516,"lon":-76.7460389,"fuente":"REPS","direccion":"CARRERA 78ª N° 77-27 - Barrio:María Cano"}},{"type":"Feature","geometry":{"type":"Point","coordinates":[-76.7460389,7.7984516]},"properties":{"nombre":"OPTICA PAPAGAYO ZOMAC S.A.S","tipo":"Salud","tipo_equipamiento":"Objeto Social Diferente a la Prestación de Servicios de Salud","municipio":"CAREPA","lat":7.7984516,"lon":-76.7460389,"fuente":"REPS","direccion":"CALLE 77 CARRERA 78 A 50"}},{"type":"Feature","geometry":{"type":"Point","coordinates":[-76.7460389,7.7984516]},"properties":{"nombre":"LILIBETH  MENDEZ LOZANO","tipo":"Salud","tipo_equipamiento":"Profesional Independiente","municipio":"CAREPA","lat":7.7984516,"lon":-76.7460389,"fuente":"REPS","direccion":"CL 77 # 78 - 24"}},{"type":"Feature","geometry":{"type":"Point","coordinates":[-76.7460389,7.7984516]},"properties":{"nombre":"LILIBETH  MENDEZ LOZANO","tipo":"Salud","tipo_equipamiento":"Profesional Independiente","municipio":"CAREPA","lat":7.7984516,"lon":-76.7460389,"fuente":"REPS","direccion":"CL 77 # 78 - 24"}},{"type":"Feature","geometry":{"type":"Point","coordinates":[-76.7460389,7.7984516]},"properties":{"nombre":"LILIBETH  MENDEZ LOZANO","tipo":"Salud","tipo_equipamiento":"Profesional Independiente","municipio":"CAREPA","lat":7.7984516,"lon":-76.7460389,"fuente":"REPS","direccion":"CL 77 # 78 - 24"}},{"type":"Feature","geometry":{"type":"Point","coordinates":[-76.7460389,7.7984516]},"properties":{"nombre":"LILIBETH  MENDEZ LOZANO","tipo":"Salud","tipo_equipamiento":"Profesional Independiente","municipio":"CAREPA","lat":7.7984516,"lon":-76.7460389,"fuente":"REPS","direccion":"CL 77 # 78 - 24"}},{"type":"Feature","geometry":{"type":"Point","coordinates":[-76.7460389,7.7984516]},"properties":{"nombre":"LILIBETH  MENDEZ LOZANO","tipo":"Salud","tipo_equipamiento":"Profesional Independiente","municipio":"CAREPA","lat":7.7984516,"lon":-76.7460389,"fuente":"REPS","direccion":"CL 77 # 78 - 24"}},{"type":"Feature","geometry":{"type":"Point","coordinates":[-76.7460389,7.7984516]},"properties":{"nombre":"MARIA MERCEDES QUIROZ CORREA","tipo":"Salud","tipo_equipamiento":"Profesional Independiente","municipio":"CAREPA","lat":7.7984516,"lon":-76.7460389,"fuente":"REPS","direccion":"CALLE 76B CARERA 86 NRO 74-56"}},{"type":"Feature","geometry":{"type":"Point","coordinates":[-76.7460389,7.7984516]},"properties":{"nombre":"Natalia  Guzman Urrego","tipo":"Salud","tipo_equipamiento":"Profesional Independiente","municipio":"CAREPA","lat":7.7984516,"lon":-76.7460389,"fuente":"REPS","direccion":"Calle 72 # 76ª-02 AP2"}},{"type":"Feature","geometry":{"type":"Point","coordinates":[-76.7460389,7.7984516]},"properties":{"nombre":"LISSIZ CAROLINA CRESPO SUAREZ","tipo":"Salud","tipo_equipamiento":"Profesional Independiente","municipio":"CAREPA","lat":7.7984516,"lon":-76.7460389,"fuente":"REPS","direccion":"carrera 77 #80-20"}},{"type":"Feature","geometry":{"type":"Point","coordinates":[-76.7460389,7.7984516]},"properties":{"nombre":"katherin cristina ibarguen mena","tipo":"Salud","tipo_equipamiento":"Profesional Independiente","municipio":"CAREPA","lat":7.7984516,"lon":-76.7460389,"fuente":"REPS","direccion":"Calle 80 CRA 78a #77-76"}},{"type":"Feature","geometry":{"type":"Point","coordinates":[-76.5283566,8.7609887]},"properties":{"nombre":"ESE HOSPITAL HECTOR ABAD GOMEZ","tipo":"Salud","tipo_equipamiento":"Instituciones Prestadoras de Servicios de Salud - IPS","municipio":"SAN JUAN DE URABÁ","lat":8.7609887,"lon":-76.5283566,"fuente":"REPS","direccion":"kra 20 no 24-20 barrio la floresta"}},{"type":"Feature","geometry":{"type":"Point","coordinates":[-76.5283566,8.7609887]},"properties":{"nombre":"EDUIN JOSE RICARDO DIAZ","tipo":"Salud","tipo_equipamiento":"Profesional Independiente","municipio":"SAN JUAN DE URABÁ","lat":8.7609887,"lon":-76.5283566,"fuente":"REPS","direccion":"CALLE PRINCIPAL SAN JUAN DE URABA"}},{"type":"Feature","geometry":{"type":"Point","coordinates":[-76.5283566,8.7609887]},"properties":{"nombre":"NELLY MARGARITA ARBOLEDA LICONA","tipo":"Salud","tipo_equipamiento":"Profesional Independiente","municipio":"SAN JUAN DE URABÁ","lat":8.7609887,"lon":-76.5283566,"fuente":"REPS","direccion":"CALLE PRINCIPAL SAN JUAN DE URABA"}},{"type":"Feature","geometry":{"type":"Point","coordinates":[-76.5283566,8.7609887]},"properties":{"nombre":"DIANA MARCELA GOMEZ MIRANDA","tipo":"Salud","tipo_equipamiento":"Profesional Independiente","municipio":"SAN JUAN DE URABÁ","lat":8.7609887,"lon":-76.5283566,"fuente":"REPS","direccion":"CALLE PRINCIPAL CARRERA 20"}},{"type":"Feature","geometry":{"type":"Point","coordinates":[-76.5283566,8.7609887]},"properties":{"nombre":"kely  paternina sarmiento","tipo":"Salud","tipo_equipamiento":"Profesional Independiente","municipio":"SAN JUAN DE URABÁ","lat":8.7609887,"lon":-76.5283566,"fuente":"REPS","direccion":"barrio antonio roldan carrera 20"}},{"type":"Feature","geometry":{"type":"Point","coordinates":[-76.5243356,8.7676659]},"properties":{"nombre":"YURIS LORENA PATERNINA MARTINEZ","tipo":"Salud","tipo_equipamiento":"Profesional Independiente","municipio":"SAN JUAN DE URABÁ","lat":8.7676659,"lon":-76.5243356,"fuente":"REPS","direccion":"Carrera 21 # 16-35"}},{"type":"Feature","geometry":{"type":"Point","coordinates":[-76.5283566,8.7609887]},"properties":{"nombre":"LEIDY JOHANNA GUEVARA GIRALDO","tipo":"Salud","tipo_equipamiento":"Profesional Independiente","municipio":"SAN JUAN DE URABÁ","lat":8.7609887,"lon":-76.5283566,"fuente":"REPS","direccion":"calle 22 # 22-31 Primer Piso barrio Las Delicias"}},{"type":"Feature","geometry":{"type":"Point","coordinates":[-76.5283566,8.7609887]},"properties":{"nombre":"GUSTAVO RAMIRO GUZMAN BARBOZA","tipo":"Salud","tipo_equipamiento":"Profesional Independiente","municipio":"SAN JUAN DE URABÁ","lat":8.7609887,"lon":-76.5283566,"fuente":"REPS","direccion":"CARRERA 20 #21- 39 local 1"}},{"type":"Feature","geometry":{"type":"Point","coordinates":[-76.5302546,8.7578884]},"properties":{"nombre":"Fabian  Andres Doria Fuentes","tipo":"Salud","tipo_equipamiento":"Profesional Independiente","municipio":"SAN JUAN DE URABÁ","lat":8.7578884,"lon":-76.5302546,"fuente":"REPS","direccion":"Calle 23 Cra 20"}},{"type":"Feature","geometry":{"type":"Point","coordinates":[-76.5302546,8.7578884]},"properties":{"nombre":"Valeria Andrea Gomez Montiel","tipo":"Salud","tipo_equipamiento":"Profesional Independiente","municipio":"SAN JUAN DE URABÁ","lat":8.7578884,"lon":-76.5302546,"fuente":"REPS","direccion":"Calle 23 Cra 20"}},{"type":"Feature","geometry":{"type":"Point","coordinates":[-76.378142,8.2753568]},"properties":{"nombre":"E.S.E HOSPITAL OSCAR EMIRO VERGARA CRUZ","tipo":"Salud","tipo_equipamiento":"Instituciones Prestadoras de Servicios de Salud - IPS","municipio":"SAN PEDRO DE URABA","lat":8.2753568,"lon":-76.378142,"fuente":"REPS","direccion":"CL 54 # 47-102"}},{"type":"Feature","geometry":{"type":"Point","coordinates":[-76.3830793,8.2778883]},"properties":{"nombre":"CRESER EN GRANDE IPS","tipo":"Salud","tipo_equipamiento":"Instituciones Prestadoras de Servicios de Salud - IPS","municipio":"SAN PEDRO DE URABA","lat":8.2778883,"lon":-76.3830793,"fuente":"REPS","direccion":"CRA 47 N° 50-18 BARRIO PUEBLO NUEVO"}},{"type":"Feature","geometry":{"type":"Point","coordinates":[-76.7289956,8.0952972]},"properties":{"nombre":"CLINICA CENTRAL Y CIA LTDA","tipo":"Salud","tipo_equipamiento":"Instituciones Prestadoras de Servicios de Salud - IPS","municipio":"TURBO","lat":8.0952972,"lon":-76.7289956,"fuente":"REPS","direccion":"CARRERA 14 N° 99A-65"}},{"type":"Feature","geometry":{"type":"Point","coordinates":[-76.7289956,8.0952972]},"properties":{"nombre":"CLINICA CENTRAL SOMEBA CENTRO DE SERVICIOS","tipo":"Salud","tipo_equipamiento":"Instituciones Prestadoras de Servicios de Salud - IPS","municipio":"TURBO","lat":8.0952972,"lon":-76.7289956,"fuente":"REPS","direccion":"CARRERA 14 N° 99A-65"}},{"type":"Feature","geometry":{"type":"Point","coordinates":[-76.7289956,8.0952972]},"properties":{"nombre":"EMPRESA SOCIAL DEL ESTADO HOSPITAL FRANCISCO VALDERRAMA","tipo":"Salud","tipo_equipamiento":"Instituciones Prestadoras de Servicios de Salud - IPS","municipio":"TURBO","lat":8.0952972,"lon":-76.7289956,"fuente":"REPS","direccion":"KM 1 SALIDA TURBO - APARTADO"}},{"type":"Feature","geometry":{"type":"Point","coordinates":[-76.7289956,8.0952972]},"properties":{"nombre":"CENTRO DE SALUD DON BOSCO","tipo":"Salud","tipo_equipamiento":"Instituciones Prestadoras de Servicios de Salud - IPS","municipio":"TURBO","lat":8.0952972,"lon":-76.7289956,"fuente":"REPS","direccion":"KM 1 SALIDA TURBO - APARTADO"}},{"type":"Feature","geometry":{"type":"Point","coordinates":[-76.7289956,8.0952972]},"properties":{"nombre":"CENTRO DE SALUD FELIX LONDOÑO","tipo":"Salud","tipo_equipamiento":"Instituciones Prestadoras de Servicios de Salud - IPS","municipio":"TURBO","lat":8.0952972,"lon":-76.7289956,"fuente":"REPS","direccion":"KM 1 SALIDA TURBO - APARTADO"}},{"type":"Feature","geometry":{"type":"Point","coordinates":[-76.7289956,8.0952972]},"properties":{"nombre":"PUESTO DE SALUD DE RIOGRANDE","tipo":"Salud","tipo_equipamiento":"Instituciones Prestadoras de Servicios de Salud - IPS","municipio":"TURBO","lat":8.0952972,"lon":-76.7289956,"fuente":"REPS","direccion":"KM 1 SALIDA TURBO - APARTADO"}},{"type":"Feature","geometry":{"type":"Point","coordinates":[-76.7289956,8.0952972]},"properties":{"nombre":"PUESTO DE SALUD EL TRES","tipo":"Salud","tipo_equipamiento":"Instituciones Prestadoras de Servicios de Salud - IPS","municipio":"TURBO","lat":8.0952972,"lon":-76.7289956,"fuente":"REPS","direccion":"KM 1 SALIDA TURBO - APARTADO"}},{"type":"Feature","geometry":{"type":"Point","coordinates":[-76.7289956,8.0952972]},"properties":{"nombre":"PUESTO DE SALUD EL ALTO DE MULATOS","tipo":"Salud","tipo_equipamiento":"Instituciones Prestadoras de Servicios de Salud - IPS","municipio":"TURBO","lat":8.0952972,"lon":-76.7289956,"fuente":"REPS","direccion":"KM 1 SALIDA TURBO - APARTADO"}},{"type":"Feature","geometry":{"type":"Point","coordinates":[-76.7289956,8.0952972]},"properties":{"nombre":"PUESTO DE SALUD DE SAN VICENTE DEL CONGO","tipo":"Salud","tipo_equipamiento":"Instituciones Prestadoras de Servicios de Salud - IPS","municipio":"TURBO","lat":8.0952972,"lon":-76.7289956,"fuente":"REPS","direccion":"KM 1 SALIDA TURBO - APARTADO"}},{"type":"Feature","geometry":{"type":"Point","coordinates":[-76.7289956,8.0952972]},"properties":{"nombre":"PUESTO DE SALUD SAN JOSÉ DE MULATOS","tipo":"Salud","tipo_equipamiento":"Instituciones Prestadoras de Servicios de Salud - IPS","municipio":"TURBO","lat":8.0952972,"lon":-76.7289956,"fuente":"REPS","direccion":"KM 1 SALIDA TURBO - APARTADO"}},{"type":"Feature","geometry":{"type":"Point","coordinates":[-76.7289956,8.0952972]},"properties":{"nombre":"PUESTO DE SALUD DE EL DOS","tipo":"Salud","tipo_equipamiento":"Instituciones Prestadoras de Servicios de Salud - IPS","municipio":"TURBO","lat":8.0952972,"lon":-76.7289956,"fuente":"REPS","direccion":"KM 1 SALIDA TURBO - APARTADO"}},{"type":"Feature","geometry":{"type":"Point","coordinates":[-76.7289956,8.0952972]},"properties":{"nombre":"PUESTO DE SALUD DE PIEDRECITAS","tipo":"Salud","tipo_equipamiento":"Instituciones Prestadoras de Servicios de Salud - IPS","municipio":"TURBO","lat":8.0952972,"lon":-76.7289956,"fuente":"REPS","direccion":"KM 1 SALIDA TURBO - APARTADO"}},{"type":"Feature","geometry":{"type":"Point","coordinates":[-76.7289956,8.0952972]},"properties":{"nombre":"PUESTO DE SALUD DE TIE","tipo":"Salud","tipo_equipamiento":"Instituciones Prestadoras de Servicios de Salud - IPS","municipio":"TURBO","lat":8.0952972,"lon":-76.7289956,"fuente":"REPS","direccion":"KM 1 SALIDA TURBO - APARTADO"}},{"type":"Feature","geometry":{"type":"Point","coordinates":[-76.7289956,8.0952972]},"properties":{"nombre":"PUESTO DE SALUD DE PUEBLO BELLO","tipo":"Salud","tipo_equipamiento":"Instituciones Prestadoras de Servicios de Salud - IPS","municipio":"TURBO","lat":8.0952972,"lon":-76.7289956,"fuente":"REPS","direccion":"KM 1 SALIDA TURBO - APARTADO"}},{"type":"Feature","geometry":{"type":"Point","coordinates":[-76.7289956,8.0952972]},"properties":{"nombre":"PUESTO DE SALUD DE PUNTA DE PIEDRA","tipo":"Salud","tipo_equipamiento":"Instituciones Prestadoras de Servicios de Salud - IPS","municipio":"TURBO","lat":8.0952972,"lon":-76.7289956,"fuente":"REPS","direccion":"KM 1 SALIDA TURBO - APARTADO"}},{"type":"Feature","geometry":{"type":"Point","coordinates":[-76.7289956,8.0952972]},"properties":{"nombre":"CENTRO DE SALUD TABLITAS","tipo":"Salud","tipo_equipamiento":"Instituciones Prestadoras de Servicios de Salud - IPS","municipio":"TURBO","lat":8.0952972,"lon":-76.7289956,"fuente":"REPS","direccion":"KM 1 SALIDA TURBO - APARTADO"}},{"type":"Feature","geometry":{"type":"Point","coordinates":[-76.7289956,8.0952972]},"properties":{"nombre":"Jaime Abad Zuñiga Reales","tipo":"Salud","tipo_equipamiento":"Profesional Independiente","municipio":"TURBO","lat":8.0952972,"lon":-76.7289956,"fuente":"REPS","direccion":"KR 14 No 100-79 OF 202"}},{"type":"Feature","geometry":{"type":"Point","coordinates":[-76.7289956,8.0952972]},"properties":{"nombre":"GUSTAVO ADOLFO GUARDO LAZO","tipo":"Salud","tipo_equipamiento":"Profesional Independiente","municipio":"TURBO","lat":8.0952972,"lon":-76.7289956,"fuente":"REPS","direccion":"CL 100 KR 14 # 14-29. HOTEL CASTILLA DE ORO PS 1"}},{"type":"Feature","geometry":{"type":"Point","coordinates":[-76.7289956,8.0952972]},"properties":{"nombre":"Jose Arley Ramirez Gomez","tipo":"Salud","tipo_equipamiento":"Profesional Independiente","municipio":"TURBO","lat":8.0952972,"lon":-76.7289956,"fuente":"REPS","direccion":"CL 100#13-38 P 2"}},{"type":"Feature","geometry":{"type":"Point","coordinates":[-76.7289956,8.0952972]},"properties":{"nombre":"Jose Arley Ramirez Gomez","tipo":"Salud","tipo_equipamiento":"Profesional Independiente","municipio":"TURBO","lat":8.0952972,"lon":-76.7289956,"fuente":"REPS","direccion":"CL 100#13-38 P 2"}},{"type":"Feature","geometry":{"type":"Point","coordinates":[-76.7289956,8.0952972]},"properties":{"nombre":"CLINI-SONRISAS","tipo":"Salud","tipo_equipamiento":"Instituciones Prestadoras de Servicios de Salud - IPS","municipio":"TURBO","lat":8.0952972,"lon":-76.7289956,"fuente":"REPS","direccion":"CL 100 14B-71 PI 2 OF 202"}},{"type":"Feature","geometry":{"type":"Point","coordinates":[-76.7289956,8.0952972]},"properties":{"nombre":"ARGELIO  COLON INSIGNARES","tipo":"Salud","tipo_equipamiento":"Profesional Independiente","municipio":"TURBO","lat":8.0952972,"lon":-76.7289956,"fuente":"REPS","direccion":"CL 102 # 16 - 28 PI 2"}},{"type":"Feature","geometry":{"type":"Point","coordinates":[-76.7289956,8.0952972]},"properties":{"nombre":"MANUEL IGNACIO LOPEZ CONSUEGRA","tipo":"Salud","tipo_equipamiento":"Profesional Independiente","municipio":"TURBO","lat":8.0952972,"lon":-76.7289956,"fuente":"REPS","direccion":"CARRERA 14 B NO. 102-14 - Barrio:centro"}},{"type":"Feature","geometry":{"type":"Point","coordinates":[-76.7289956,8.0952972]},"properties":{"nombre":"MANUEL IGNACIO LOPEZ CONSUEGRA","tipo":"Salud","tipo_equipamiento":"Profesional Independiente","municipio":"TURBO","lat":8.0952972,"lon":-76.7289956,"fuente":"REPS","direccion":"CARRERA 14 B NO. 102-14 - Barrio:centro"}},{"type":"Feature","geometry":{"type":"Point","coordinates":[-76.7289956,8.0952972]},"properties":{"nombre":"MILVIA MARIA GOMEZ GALVIS","tipo":"Salud","tipo_equipamiento":"Profesional Independiente","municipio":"TURBO","lat":8.0952972,"lon":-76.7289956,"fuente":"REPS","direccion":"KR 13 # 100 - 33 CC DON DIEGO LC 205"}},{"type":"Feature","geometry":{"type":"Point","coordinates":[-76.7305806,8.0918285]},"properties":{"nombre":"ENITH  CHAVERRA ALOMIAS","tipo":"Salud","tipo_equipamiento":"Profesional Independiente","municipio":"TURBO","lat":8.0918285,"lon":-76.7305806,"fuente":"REPS","direccion":"CL 101 # 14B - 18"}},{"type":"Feature","geometry":{"type":"Point","coordinates":[-76.7289956,8.0952972]},"properties":{"nombre":"ADALBERTO DE JESUS ATENCIA ROMERO","tipo":"Salud","tipo_equipamiento":"Profesional Independiente","municipio":"TURBO","lat":8.0952972,"lon":-76.7289956,"fuente":"REPS","direccion":"CL 101 # 13 72 PI 2"}},{"type":"Feature","geometry":{"type":"Point","coordinates":[-76.7289956,8.0952972]},"properties":{"nombre":"ADALBERTO DE JESUS ATENCIA ROMERO","tipo":"Salud","tipo_equipamiento":"Profesional Independiente","municipio":"TURBO","lat":8.0952972,"lon":-76.7289956,"fuente":"REPS","direccion":"CL 101 # 13 72 PI 2"}},{"type":"Feature","geometry":{"type":"Point","coordinates":[-76.7289956,8.0952972]},"properties":{"nombre":"ADALBERTO DE JESUS ATENCIA ROMERO","tipo":"Salud","tipo_equipamiento":"Profesional Independiente","municipio":"TURBO","lat":8.0952972,"lon":-76.7289956,"fuente":"REPS","direccion":"CL 101 # 13 72 PI 2"}},{"type":"Feature","geometry":{"type":"Point","coordinates":[-76.7289956,8.0952972]},"properties":{"nombre":"miguel jose santodomingo vizcaino","tipo":"Salud","tipo_equipamiento":"Profesional Independiente","municipio":"TURBO","lat":8.0952972,"lon":-76.7289956,"fuente":"REPS","direccion":"Calle 101 # 15-62 - Barrio:Baltazar de Casanova"}},{"type":"Feature","geometry":{"type":"Point","coordinates":[-76.7289956,8.0952972]},"properties":{"nombre":"SISMEDICA URABA.","tipo":"Salud","tipo_equipamiento":"Transporte Especial de Pacientes","municipio":"TURBO","lat":8.0952972,"lon":-76.7289956,"fuente":"REPS","direccion":"CRA 30 No 25-75 - Barrio:CORREGIMIENTO EL TRES"}},{"type":"Feature","geometry":{"type":"Point","coordinates":[-76.7289956,8.0952972]},"properties":{"nombre":"GRUPO EMPRESARIAL DE SERVICIOS DE LA SALUD APLICADOS S.A.S.","tipo":"Salud","tipo_equipamiento":"Instituciones Prestadoras de Servicios de Salud - IPS","municipio":"TURBO","lat":8.0952972,"lon":-76.7289956,"fuente":"REPS","direccion":"Calle 100 Nro. 14-71 Centro Turbo Antioquia"}},{"type":"Feature","geometry":{"type":"Point","coordinates":[-76.7289956,8.0952972]},"properties":{"nombre":"CELY MARGOTH PAJARO POSADA","tipo":"Salud","tipo_equipamiento":"Profesional Independiente","municipio":"TURBO","lat":8.0952972,"lon":-76.7289956,"fuente":"REPS","direccion":"cr14 #106-06 2piso"}},{"type":"Feature","geometry":{"type":"Point","coordinates":[-76.7289956,8.0952972]},"properties":{"nombre":"Fernan  Cadrazco Ledesma","tipo":"Salud","tipo_equipamiento":"Profesional Independiente","municipio":"TURBO","lat":8.0952972,"lon":-76.7289956,"fuente":"REPS","direccion":"Carrera 13 No. 100-33  local 207."}},{"type":"Feature","geometry":{"type":"Point","coordinates":[-76.7289956,8.0952972]},"properties":{"nombre":"Fernan  Cadrazco Ledesma","tipo":"Salud","tipo_equipamiento":"Profesional Independiente","municipio":"TURBO","lat":8.0952972,"lon":-76.7289956,"fuente":"REPS","direccion":"Carrera 13 No. 100-33  local 207."}},{"type":"Feature","geometry":{"type":"Point","coordinates":[-76.7289956,8.0952972]},"properties":{"nombre":"Fernan  Cadrazco Ledesma","tipo":"Salud","tipo_equipamiento":"Profesional Independiente","municipio":"TURBO","lat":8.0952972,"lon":-76.7289956,"fuente":"REPS","direccion":"Carrera 13 No. 100-33  local 207."}},{"type":"Feature","geometry":{"type":"Point","coordinates":[-76.7289956,8.0952972]},"properties":{"nombre":"Fernan  Cadrazco Ledesma","tipo":"Salud","tipo_equipamiento":"Profesional Independiente","municipio":"TURBO","lat":8.0952972,"lon":-76.7289956,"fuente":"REPS","direccion":"Carrera 13 No. 100-33  local 207."}},{"type":"Feature","geometry":{"type":"Point","coordinates":[-76.7289956,8.0952972]},"properties":{"nombre":"CLINICA POLOSALUD","tipo":"Salud","tipo_equipamiento":"Instituciones Prestadoras de Servicios de Salud - IPS","municipio":"TURBO","lat":8.0952972,"lon":-76.7289956,"fuente":"REPS","direccion":"CALLE 102B NO. 19-05  BARRIO CIUDADELA"}},{"type":"Feature","geometry":{"type":"Point","coordinates":[-76.7289956,8.0952972]},"properties":{"nombre":"CLINICA POLOSALUD IPS","tipo":"Salud","tipo_equipamiento":"Instituciones Prestadoras de Servicios de Salud - IPS","municipio":"TURBO","lat":8.0952972,"lon":-76.7289956,"fuente":"REPS","direccion":"CALLE 102B NO. 19-05  BARRIO CIUDADELA"}},{"type":"Feature","geometry":{"type":"Point","coordinates":[-76.7289956,8.0952972]},"properties":{"nombre":"CLINICA POLOSALUD TURBO SEDE 2","tipo":"Salud","tipo_equipamiento":"Instituciones Prestadoras de Servicios de Salud - IPS","municipio":"TURBO","lat":8.0952972,"lon":-76.7289956,"fuente":"REPS","direccion":"CALLE 102B NO. 19-05  BARRIO CIUDADELA"}},{"type":"Feature","geometry":{"type":"Point","coordinates":[-76.7289956,8.0952972]},"properties":{"nombre":"ADONIS  ASPRILLA HURTADO","tipo":"Salud","tipo_equipamiento":"Profesional Independiente","municipio":"TURBO","lat":8.0952972,"lon":-76.7289956,"fuente":"REPS","direccion":"CL 100#13-38 P 2"}},{"type":"Feature","geometry":{"type":"Point","coordinates":[-76.7274262,8.0904632]},"properties":{"nombre":"CAPF CINETICA IPS NECOCLÍ","tipo":"Salud","tipo_equipamiento":"Instituciones Prestadoras de Servicios de Salud - IPS","municipio":"TURBO","lat":8.0904632,"lon":-76.7274262,"fuente":"REPS","direccion":"CALLE 99 # 15-39"}},{"type":"Feature","geometry":{"type":"Point","coordinates":[-76.7274262,8.0904632]},"properties":{"nombre":"CAPF CINETICA IPS S.A.S.","tipo":"Salud","tipo_equipamiento":"Instituciones Prestadoras de Servicios de Salud - IPS","municipio":"TURBO","lat":8.0904632,"lon":-76.7274262,"fuente":"REPS","direccion":"CALLE 99 # 15-39"}},{"type":"Feature","geometry":{"type":"Point","coordinates":[-76.7289956,8.0952972]},"properties":{"nombre":"VANESSA  BRAN MUÑOZ","tipo":"Salud","tipo_equipamiento":"Profesional Independiente","municipio":"TURBO","lat":8.0952972,"lon":-76.7289956,"fuente":"REPS","direccion":"calle 101No 13-27 piso 2"}},{"type":"Feature","geometry":{"type":"Point","coordinates":[-76.7289956,8.0952972]},"properties":{"nombre":"Maria Fernanda Hurtado Restrepo","tipo":"Salud","tipo_equipamiento":"Profesional Independiente","municipio":"TURBO","lat":8.0952972,"lon":-76.7289956,"fuente":"REPS","direccion":"Cra 17 No 104-03"}},{"type":"Feature","geometry":{"type":"Point","coordinates":[-76.7289956,8.0952972]},"properties":{"nombre":"CHRISTIAN  GUERRA CASTRO","tipo":"Salud","tipo_equipamiento":"Profesional Independiente","municipio":"TURBO","lat":8.0952972,"lon":-76.7289956,"fuente":"REPS","direccion":"Cra 50 Nro 49B-04 Segundo piso"}},{"type":"Feature","geometry":{"type":"Point","coordinates":[-76.7289956,8.0952972]},"properties":{"nombre":"CHRISTIAN  GUERRA CASTRO","tipo":"Salud","tipo_equipamiento":"Profesional Independiente","municipio":"TURBO","lat":8.0952972,"lon":-76.7289956,"fuente":"REPS","direccion":"Cra 50 Nro 49B-04 Segundo piso"}},{"type":"Feature","geometry":{"type":"Point","coordinates":[-76.7289956,8.0952972]},"properties":{"nombre":"JAIDID  JULIO CORREA","tipo":"Salud","tipo_equipamiento":"Profesional Independiente","municipio":"TURBO","lat":8.0952972,"lon":-76.7289956,"fuente":"REPS","direccion":"Cra 30 No 28-50  Corregimiento el Tres Turbo Antioquia"}},{"type":"Feature","geometry":{"type":"Point","coordinates":[-76.7289956,8.0952972]},"properties":{"nombre":"LATEANA IPS","tipo":"Salud","tipo_equipamiento":"Instituciones Prestadoras de Servicios de Salud - IPS","municipio":"TURBO","lat":8.0952972,"lon":-76.7289956,"fuente":"REPS","direccion":"Calle 101 #13-60 Local 113"}},{"type":"Feature","geometry":{"type":"Point","coordinates":[-76.7289956,8.0952972]},"properties":{"nombre":"PRIORISALUD DEL URABA","tipo":"Salud","tipo_equipamiento":"Instituciones Prestadoras de Servicios de Salud - IPS","municipio":"TURBO","lat":8.0952972,"lon":-76.7289956,"fuente":"REPS","direccion":"Calle 97 14 - 11 Local 1"}},{"type":"Feature","geometry":{"type":"Point","coordinates":[-76.7316308,8.0936502]},"properties":{"nombre":"CENTRO DE IMAGENOLOGIA DE URABA","tipo":"Salud","tipo_equipamiento":"Instituciones Prestadoras de Servicios de Salud - IPS","municipio":"TURBO","lat":8.0936502,"lon":-76.7316308,"fuente":"REPS","direccion":"CALLE 103 # 14 - 47"}},{"type":"Feature","geometry":{"type":"Point","coordinates":[-76.7289956,8.0952972]},"properties":{"nombre":"JUAN CARLOS COVA LARA","tipo":"Salud","tipo_equipamiento":"Profesional Independiente","municipio":"TURBO","lat":8.0952972,"lon":-76.7289956,"fuente":"REPS","direccion":"Calle 28 # 29-04"}},{"type":"Feature","geometry":{"type":"Point","coordinates":[-76.7289956,8.0952972]},"properties":{"nombre":"Yuranis  LLoreda Asprilla","tipo":"Salud","tipo_equipamiento":"Profesional Independiente","municipio":"TURBO","lat":8.0952972,"lon":-76.7289956,"fuente":"REPS","direccion":"Calle 106 . Cra 15(Doble Calzada). Local 101"}},{"type":"Feature","geometry":{"type":"Point","coordinates":[-76.7278703,8.0928244]},"properties":{"nombre":"ALEJANDRA  CASTRO VALDERRAMA","tipo":"Salud","tipo_equipamiento":"Profesional Independiente","municipio":"TURBO","lat":8.0928244,"lon":-76.7278703,"fuente":"REPS","direccion":"KR 14 #101-17"}},{"type":"Feature","geometry":{"type":"Point","coordinates":[-76.7278703,8.0928244]},"properties":{"nombre":"ALEJANDRA  CASTRO VALDERRAMA","tipo":"Salud","tipo_equipamiento":"Profesional Independiente","municipio":"TURBO","lat":8.0928244,"lon":-76.7278703,"fuente":"REPS","direccion":"KR 14 #101-17"}},{"type":"Feature","geometry":{"type":"Point","coordinates":[-76.7278703,8.0928244]},"properties":{"nombre":"ALEJANDRA  CASTRO VALDERRAMA","tipo":"Salud","tipo_equipamiento":"Profesional Independiente","municipio":"TURBO","lat":8.0928244,"lon":-76.7278703,"fuente":"REPS","direccion":"KR 14 #101-17"}},{"type":"Feature","geometry":{"type":"Point","coordinates":[-76.7278703,8.0928244]},"properties":{"nombre":"ALEJANDRA  CASTRO VALDERRAMA","tipo":"Salud","tipo_equipamiento":"Profesional Independiente","municipio":"TURBO","lat":8.0928244,"lon":-76.7278703,"fuente":"REPS","direccion":"KR 14 #101-17"}},{"type":"Feature","geometry":{"type":"Point","coordinates":[-76.7262071,8.0988841]},"properties":{"nombre":"RAFAEL  EDUARDO PEREZ SANCHEZ","tipo":"Salud","tipo_equipamiento":"Profesional Independiente","municipio":"TURBO","lat":8.0988841,"lon":-76.7262071,"fuente":"REPS","direccion":"CARRERA 17 #103a-27"}},{"type":"Feature","geometry":{"type":"Point","coordinates":[-76.7289956,8.0952972]},"properties":{"nombre":"MAYRA ELENA PALACIOS CORDOBA","tipo":"Salud","tipo_equipamiento":"Profesional Independiente","municipio":"TURBO","lat":8.0952972,"lon":-76.7289956,"fuente":"REPS","direccion":"Calle 103 No 20-25"}},{"type":"Feature","geometry":{"type":"Point","coordinates":[-76.7281771,8.1005164]},"properties":{"nombre":"MONICA YAJAIRA BLANCO USUGA","tipo":"Salud","tipo_equipamiento":"Profesional Independiente","municipio":"TURBO","lat":8.1005164,"lon":-76.7281771,"fuente":"REPS","direccion":"CALLE 113 # 12 - 19"}},{"type":"Feature","geometry":{"type":"Point","coordinates":[-76.7289956,8.0952972]},"properties":{"nombre":"Paula Andrea Machacón Castilla","tipo":"Salud","tipo_equipamiento":"Profesional Independiente","municipio":"TURBO","lat":8.0952972,"lon":-76.7289956,"fuente":"REPS","direccion":"Cra 49A calle 50-41 parque principal"}},{"type":"Feature","geometry":{"type":"Point","coordinates":[-76.7315034,8.0927371]},"properties":{"nombre":"NELCY MANUELA MOSQUERA ALBORNOZ","tipo":"Salud","tipo_equipamiento":"Profesional Independiente","municipio":"TURBO","lat":8.0927371,"lon":-76.7315034,"fuente":"REPS","direccion":"CALLE 102 CRA 15#32"}},{"type":"Feature","geometry":{"type":"Point","coordinates":[-76.7289956,8.0952972]},"properties":{"nombre":"SALUD Y BIENESTAR ALFA","tipo":"Salud","tipo_equipamiento":"Instituciones Prestadoras de Servicios de Salud - IPS","municipio":"TURBO","lat":8.0952972,"lon":-76.7289956,"fuente":"REPS","direccion":"CRA 13 N° 95-86"}},{"type":"Feature","geometry":{"type":"Point","coordinates":[-76.7235509,8.0968652]},"properties":{"nombre":"MARLENE  MELENDEZ ALVARADO","tipo":"Salud","tipo_equipamiento":"Profesional Independiente","municipio":"TURBO","lat":8.0968652,"lon":-76.7235509,"fuente":"REPS","direccion":"CALLE 104  # 20-35"}},{"type":"Feature","geometry":{"type":"Point","coordinates":[-76.7289956,8.0952972]},"properties":{"nombre":"Claudia  Patricia  Cepeda y Roca Guzmán","tipo":"Salud","tipo_equipamiento":"Profesional Independiente","municipio":"TURBO","lat":8.0952972,"lon":-76.7289956,"fuente":"REPS","direccion":"Calle 102 a No 19 15 2do piso"}},{"type":"Feature","geometry":{"type":"Point","coordinates":[-76.7289956,8.0952972]},"properties":{"nombre":"Marcelo   Canales Duran","tipo":"Salud","tipo_equipamiento":"Profesional Independiente","municipio":"TURBO","lat":8.0952972,"lon":-76.7289956,"fuente":"REPS","direccion":"Calle 102 a No 19 15 2do piso"}},{"type":"Feature","geometry":{"type":"Point","coordinates":[-76.7235509,8.0968652]},"properties":{"nombre":"MARLENE  MELENDEZ ALVARADO","tipo":"Salud","tipo_equipamiento":"Profesional Independiente","municipio":"TURBO","lat":8.0968652,"lon":-76.7235509,"fuente":"REPS","direccion":"CALLE 104  # 20-35"}},{"type":"Feature","geometry":{"type":"Point","coordinates":[-76.7276023,8.0938706]},"properties":{"nombre":"MARIA DEL PILAR GUTIERREZ ARISTIZABAL","tipo":"Salud","tipo_equipamiento":"Profesional Independiente","municipio":"TURBO","lat":8.0938706,"lon":-76.7276023,"fuente":"REPS","direccion":"CALLE 102 #114- 43"}},{"type":"Feature","geometry":{"type":"Point","coordinates":[-76.7289956,8.0952972]},"properties":{"nombre":"Betty  Rossio Murillo Higuita","tipo":"Salud","tipo_equipamiento":"Profesional Independiente","municipio":"TURBO","lat":8.0952972,"lon":-76.7289956,"fuente":"REPS","direccion":"Calle 94 No 15-85"}},{"type":"Feature","geometry":{"type":"Point","coordinates":[-76.7289956,8.0952972]},"properties":{"nombre":"Katy Lorena Lemos Mercado","tipo":"Salud","tipo_equipamiento":"Profesional Independiente","municipio":"TURBO","lat":8.0952972,"lon":-76.7289956,"fuente":"REPS","direccion":"CARRERA 13 # 97-83 barrio obrero sector el muelle"}},{"type":"Feature","geometry":{"type":"Point","coordinates":[-76.7289956,8.0952972]},"properties":{"nombre":"waldin  Mosquera  Valoyes","tipo":"Salud","tipo_equipamiento":"Profesional Independiente","municipio":"TURBO","lat":8.0952972,"lon":-76.7289956,"fuente":"REPS","direccion":"cr 14 102-40"}},{"type":"Feature","geometry":{"type":"Point","coordinates":[-76.7289956,8.0952972]},"properties":{"nombre":"ARMANDO AGUSTIN HERNANDEZ GOMEZ","tipo":"Salud","tipo_equipamiento":"Profesional Independiente","municipio":"TURBO","lat":8.0952972,"lon":-76.7289956,"fuente":"REPS","direccion":"CARRERA 45 Nº 51A - 13"}},{"type":"Feature","geometry":{"type":"Point","coordinates":[-76.7289956,8.0952972]},"properties":{"nombre":"GABRIEL JESUS CASTRO VILLADIEGO","tipo":"Salud","tipo_equipamiento":"Profesional Independiente","municipio":"TURBO","lat":8.0952972,"lon":-76.7289956,"fuente":"REPS","direccion":"CALLE 100 No 14-29 Hotel Castilla de Oro"}},{"type":"Feature","geometry":{"type":"Point","coordinates":[-76.7242312,8.0913406]},"properties":{"nombre":"Liliana Marcela Cedeño Laines","tipo":"Salud","tipo_equipamiento":"Profesional Independiente","municipio":"TURBO","lat":8.0913406,"lon":-76.7242312,"fuente":"REPS","direccion":"calle 99A # 16-15"}},{"type":"Feature","geometry":{"type":"Point","coordinates":[-76.6379809,7.9977343]},"properties":{"nombre":"Adonay   Lopez Herrera","tipo":"Salud","tipo_equipamiento":"Profesional Independiente","municipio":"TURBO","lat":7.9977343,"lon":-76.6379809,"fuente":"REPS","direccion":"CALLE 55 # 51 - 05"}},{"type":"Feature","geometry":{"type":"Point","coordinates":[-76.7235509,8.0968652]},"properties":{"nombre":"JACKSSON  MACHADO USUGA","tipo":"Salud","tipo_equipamiento":"Profesional Independiente","municipio":"TURBO","lat":8.0968652,"lon":-76.7235509,"fuente":"REPS","direccion":"CL 104 KR 20"}},{"type":"Feature","geometry":{"type":"Point","coordinates":[-76.7235509,8.0968652]},"properties":{"nombre":"Yazon  Tapias Toro","tipo":"Salud","tipo_equipamiento":"Profesional Independiente","municipio":"TURBO","lat":8.0968652,"lon":-76.7235509,"fuente":"REPS","direccion":"CL 104 KR 20"}},{"type":"Feature","geometry":{"type":"Point","coordinates":[-76.7235509,8.0968652]},"properties":{"nombre":"MONICA ANDREA CUESTA CAICEDO","tipo":"Salud","tipo_equipamiento":"Profesional Independiente","municipio":"TURBO","lat":8.0968652,"lon":-76.7235509,"fuente":"REPS","direccion":"CL 104 KR 20"}},{"type":"Feature","geometry":{"type":"Point","coordinates":[-76.7235509,8.0968652]},"properties":{"nombre":"ALFREDO FEDERICO BONILLA VILLALOBOS","tipo":"Salud","tipo_equipamiento":"Profesional Independiente","municipio":"TURBO","lat":8.0968652,"lon":-76.7235509,"fuente":"REPS","direccion":"CL 104 KR 20"}},{"type":"Feature","geometry":{"type":"Point","coordinates":[-76.7289956,8.0952972]},"properties":{"nombre":"JARDIN INFANTIL PIOLIN","tipo":"Educacion","tipo_equipamiento":"Institución Educativa","municipio":"TURBO","lat":8.0952972,"lon":-76.7289956,"fuente":"SIMAT","direccion":"KR 14 98 A 64"}},{"type":"Feature","geometry":{"type":"Point","coordinates":[-75.3514383,7.577089]},"properties":{"nombre":"I. E. PUENTE RIO MAN","tipo":"Educacion","tipo_equipamiento":"Institución Educativa","municipio":"CÁCERES","lat":7.577089,"lon":-75.3514383,"fuente":"SIMAT","direccion":"VDA. RIO MAN"}},{"type":"Feature","geometry":{"type":"Point","coordinates":[-76.4273168,8.8528266]},"properties":{"nombre":"I. E. R. BAJO LA ARENOSA","tipo":"Educacion","tipo_equipamiento":"Institución Educativa","municipio":"ARBOLETES","lat":8.8528266,"lon":-76.4273168,"fuente":"SIMAT","direccion":"VDA BAJO LA ARENOSA"}},{"type":"Feature","geometry":{"type":"Point","coordinates":[-76.4273168,8.8528266]},"properties":{"nombre":"C. E. R. SAN JUDAS TADEO","tipo":"Educacion","tipo_equipamiento":"Institución Educativa","municipio":"ARBOLETES","lat":8.8528266,"lon":-76.4273168,"fuente":"SIMAT","direccion":"CORREG LAS NARANJITAS "}},{"type":"Feature","geometry":{"type":"Point","coordinates":[-76.4273168,8.8528266]},"properties":{"nombre":"I. E. MIGUEL VICENTE GARRIDO ORTIZ","tipo":"Educacion","tipo_equipamiento":"Institución Educativa","municipio":"ARBOLETES","lat":8.8528266,"lon":-76.4273168,"fuente":"SIMAT","direccion":"AV 12 00 00"}},{"type":"Feature","geometry":{"type":"Point","coordinates":[-76.4273168,8.8528266]},"properties":{"nombre":"I. E.  JOSE MANUEL RESTREPO","tipo":"Educacion","tipo_equipamiento":"Institución Educativa","municipio":"ARBOLETES","lat":8.8528266,"lon":-76.4273168,"fuente":"SIMAT","direccion":"KRA 33  # 27 - 51"}},{"type":"Feature","geometry":{"type":"Point","coordinates":[-76.4273168,8.8528266]},"properties":{"nombre":"I. E. R. BUENOS AIRES","tipo":"Educacion","tipo_equipamiento":"Institución Educativa","municipio":"ARBOLETES","lat":8.8528266,"lon":-76.4273168,"fuente":"SIMAT","direccion":"CORREG. BUENOS AIRES "}},{"type":"Feature","geometry":{"type":"Point","coordinates":[-76.4273168,8.8528266]},"properties":{"nombre":"I. E. R. LA CANDELARIA","tipo":"Educacion","tipo_equipamiento":"Institución Educativa","municipio":"ARBOLETES","lat":8.8528266,"lon":-76.4273168,"fuente":"SIMAT","direccion":"CORREG LA CANDELARIA"}},{"type":"Feature","geometry":{"type":"Point","coordinates":[-76.4273168,8.8528266]},"properties":{"nombre":"I. E. R. EL CARMELO","tipo":"Educacion","tipo_equipamiento":"Institución Educativa","municipio":"ARBOLETES","lat":8.8528266,"lon":-76.4273168,"fuente":"SIMAT","direccion":"CORREG. EL CARMELO"}},{"type":"Feature","geometry":{"type":"Point","coordinates":[-76.4273168,8.8528266]},"properties":{"nombre":"I. E. R. GUADUAL ARRIBA","tipo":"Educacion","tipo_equipamiento":"Institución Educativa","municipio":"ARBOLETES","lat":8.8528266,"lon":-76.4273168,"fuente":"SIMAT","direccion":"CORREG.GUADUAL ARRIBA "}},{"type":"Feature","geometry":{"type":"Point","coordinates":[-76.4273168,8.8528266]},"properties":{"nombre":"I. E. R. LA TRINIDAD","tipo":"Educacion","tipo_equipamiento":"Institución Educativa","municipio":"ARBOLETES","lat":8.8528266,"lon":-76.4273168,"fuente":"SIMAT","direccion":"CORREG LA TRINIDAD"}},{"type":"Feature","geometry":{"type":"Point","coordinates":[-76.4273168,8.8528266]},"properties":{"nombre":"I. E. R. PAJILLAL","tipo":"Educacion","tipo_equipamiento":"Institución Educativa","municipio":"ARBOLETES","lat":8.8528266,"lon":-76.4273168,"fuente":"SIMAT","direccion":"VDA EL PAJILLAL"}},{"type":"Feature","geometry":{"type":"Point","coordinates":[-76.4273168,8.8528266]},"properties":{"nombre":"I. E. R. SANTA FE DE LAS PLATAS","tipo":"Educacion","tipo_equipamiento":"Institución Educativa","municipio":"ARBOLETES","lat":8.8528266,"lon":-76.4273168,"fuente":"SIMAT","direccion":"CORREG. SANTA FE DE LAS PLATAS"}},{"type":"Feature","geometry":{"type":"Point","coordinates":[-75.3514383,7.577089]},"properties":{"nombre":"C. E. R. SANTA INES DEL MONTE","tipo":"Educacion","tipo_equipamiento":"Institución Educativa","municipio":"CÁCERES","lat":7.577089,"lon":-75.3514383,"fuente":"SIMAT","direccion":"VDA. ISLA LA AMARGURA"}},{"type":"Feature","geometry":{"type":"Point","coordinates":[-76.4257637,8.8503053]},"properties":{"nombre":"C.E. MI BELLO MUNDO                                                                      ","tipo":"Educacion","tipo_equipamiento":"Institución Educativa","municipio":"ARBOLETES","lat":8.8503053,"lon":-76.4257637,"fuente":"SIMAT","direccion":"CL 27 16 15"}},{"type":"Feature","geometry":{"type":"Point","coordinates":[-76.6227461,7.8849011]},"properties":{"nombre":"I.E.R. PUERTO GIRON","tipo":"Educacion","tipo_equipamiento":"Institución Educativa","municipio":"APARTADÓ","lat":7.8849011,"lon":-76.6227461,"fuente":"SIMAT","direccion":"CORREG. PTO. GIRON Y PUNTO ROJO"}},{"type":"Feature","geometry":{"type":"Point","coordinates":[-76.7460389,7.7984516]},"properties":{"nombre":"C. E. R.  BELENCITO","tipo":"Educacion","tipo_equipamiento":"Institución Educativa","municipio":"CAREPA","lat":7.7984516,"lon":-76.7460389,"fuente":"SIMAT","direccion":"VDA. BELENCITO"}},{"type":"Feature","geometry":{"type":"Point","coordinates":[-76.8375019,8.0880672]},"properties":{"nombre":"C.E. BOCAS DEL ATRATO","tipo":"Educacion","tipo_equipamiento":"Institución Educativa","municipio":"TURBO","lat":8.0880672,"lon":-76.8375019,"fuente":"SIMAT","direccion":"BOCAS DEL ATRATO"}},{"type":"Feature","geometry":{"type":"Point","coordinates":[-76.7289956,8.0952972]},"properties":{"nombre":"C.E. LA GALLETA","tipo":"Educacion","tipo_equipamiento":"Institución Educativa","municipio":"TURBO","lat":8.0952972,"lon":-76.7289956,"fuente":"SIMAT","direccion":"VDA. LA GALLETA"}},{"type":"Feature","geometry":{"type":"Point","coordinates":[-76.7289956,8.0952972]},"properties":{"nombre":"I.E. INDIGENISTA EL MANGO","tipo":"Educacion","tipo_equipamiento":"Institución Educativa","municipio":"TURBO","lat":8.0952972,"lon":-76.7289956,"fuente":"SIMAT","direccion":"EL VOLCAN DE LOS ABURRIDOS"}},{"type":"Feature","geometry":{"type":"Point","coordinates":[-76.7289956,8.0952972]},"properties":{"nombre":"C.E. KILOMETRO VEINTICINCO","tipo":"Educacion","tipo_equipamiento":"Institución Educativa","municipio":"TURBO","lat":8.0952972,"lon":-76.7289956,"fuente":"SIMAT","direccion":"VDA. KILOMETRO 25"}},{"type":"Feature","geometry":{"type":"Point","coordinates":[-76.5943628,8.31093]},"properties":{"nombre":"C.E. LA PITA","tipo":"Educacion","tipo_equipamiento":"Institución Educativa","municipio":"TURBO","lat":8.31093,"lon":-76.5943628,"fuente":"SIMAT","direccion":"VEREDA LA PITA"}},{"type":"Feature","geometry":{"type":"Point","coordinates":[-76.7289956,8.0952972]},"properties":{"nombre":"C.E. PUYA DEL MEDIO (UNIT)","tipo":"Educacion","tipo_equipamiento":"Institución Educativa","municipio":"TURBO","lat":8.0952972,"lon":-76.7289956,"fuente":"SIMAT","direccion":"VDA. LA PUYA DEL MED"}},{"type":"Feature","geometry":{"type":"Point","coordinates":[-76.7460389,7.7984516]},"properties":{"nombre":"C. E. R. EL PALMAR","tipo":"Educacion","tipo_equipamiento":"Institución Educativa","municipio":"CAREPA","lat":7.7984516,"lon":-76.7460389,"fuente":"SIMAT","direccion":"VDA. EL PALMAR "}},{"type":"Feature","geometry":{"type":"Point","coordinates":[-76.6227461,7.8849011]},"properties":{"nombre":"I.E.R. INDIGENISTA BAGARA","tipo":"Educacion","tipo_equipamiento":"Institución Educativa","municipio":"APARTADÓ","lat":7.8849011,"lon":-76.6227461,"fuente":"SIMAT","direccion":"RESG. IBUDÓ (LAS PLAYAS)"}},{"type":"Feature","geometry":{"type":"Point","coordinates":[-76.3830793,8.2778883]},"properties":{"nombre":"C. E. R. TACANAL","tipo":"Educacion","tipo_equipamiento":"Institución Educativa","municipio":"SAN PEDRO DE URABA","lat":8.2778883,"lon":-76.3830793,"fuente":"SIMAT","direccion":"VDA. TACANAL"}},{"type":"Feature","geometry":{"type":"Point","coordinates":[-76.7460389,7.7984516]},"properties":{"nombre":"C. E. R. UNION QUINCE","tipo":"Educacion","tipo_equipamiento":"Institución Educativa","municipio":"CAREPA","lat":7.7984516,"lon":-76.7460389,"fuente":"SIMAT","direccion":"VDA. EL SILENCIO"}},{"type":"Feature","geometry":{"type":"Point","coordinates":[-76.7460389,7.7984516]},"properties":{"nombre":"C. E. R. VIJAGUAL","tipo":"Educacion","tipo_equipamiento":"Institución Educativa","municipio":"CAREPA","lat":7.7984516,"lon":-76.7460389,"fuente":"SIMAT","direccion":"VDA CASA VERDE"}},{"type":"Feature","geometry":{"type":"Point","coordinates":[-76.7289956,8.0952972]},"properties":{"nombre":"C.E. SANTIAGO DE URABA (UNIT)","tipo":"Educacion","tipo_equipamiento":"Institución Educativa","municipio":"TURBO","lat":8.0952972,"lon":-76.7289956,"fuente":"SIMAT","direccion":"VDA. SANTIAGO DE URA"}},{"type":"Feature","geometry":{"type":"Point","coordinates":[-76.7278347,8.0890158]},"properties":{"nombre":"C.E. CAPULLITO","tipo":"Educacion","tipo_equipamiento":"Institución Educativa","municipio":"TURBO","lat":8.0890158,"lon":-76.7278347,"fuente":"SIMAT","direccion":"CL 98A 14B-70"}},{"type":"Feature","geometry":{"type":"Point","coordinates":[-75.3514383,7.577089]},"properties":{"nombre":"COLEGIO PEDAGOGICO SIGLO XXI - COCEP SIGLO XXI","tipo":"Educacion","tipo_equipamiento":"Institución Educativa","municipio":"CÁCERES","lat":7.577089,"lon":-75.3514383,"fuente":"SIMAT","direccion":"CL 5 43 32"}},{"type":"Feature","geometry":{"type":"Point","coordinates":[-76.6227461,7.8849011]},"properties":{"nombre":"COLEGIO ADVENTISTA DE APARTADO                                                                      ","tipo":"Educacion","tipo_equipamiento":"Institución Educativa","municipio":"APARTADÓ","lat":7.8849011,"lon":-76.6227461,"fuente":"SIMAT","direccion":"CL 92 96 A 48"}},{"type":"Feature","geometry":{"type":"Point","coordinates":[-76.7460389,7.7984516]},"properties":{"nombre":"COLEGIO DIOCESANO SANTA MARIA","tipo":"Educacion","tipo_equipamiento":"Institución Educativa","municipio":"CAREPA","lat":7.7984516,"lon":-76.7460389,"fuente":"SIMAT","direccion":"CL 80 C 66 27"}},{"type":"Feature","geometry":{"type":"Point","coordinates":[-76.3830793,8.2778883]},"properties":{"nombre":"I. E. CAMILO TORRES","tipo":"Educacion","tipo_equipamiento":"Institución Educativa","municipio":"SAN PEDRO DE URABA","lat":8.2778883,"lon":-76.3830793,"fuente":"SIMAT","direccion":"CL 52 A 47 62"}},{"type":"Feature","geometry":{"type":"Point","coordinates":[-76.7289956,8.0952972]},"properties":{"nombre":"COLEGIO DE EDUCACION CAMPESINA","tipo":"Educacion","tipo_equipamiento":"Institución Educativa","municipio":"TURBO","lat":8.0952972,"lon":-76.7289956,"fuente":"SIMAT","direccion":"BARRIO PARROQUIAL CLL IGLESIA"}},{"type":"Feature","geometry":{"type":"Point","coordinates":[-76.7289956,8.0952972]},"properties":{"nombre":"COL. DIOCESANO NUESTRA SENORA DEL CARMEN","tipo":"Educacion","tipo_equipamiento":"Institución Educativa","municipio":"TURBO","lat":8.0952972,"lon":-76.7289956,"fuente":"SIMAT","direccion":"KR 18 X CL 98"}},{"type":"Feature","geometry":{"type":"Point","coordinates":[-76.7460389,7.7984516]},"properties":{"nombre":"CENTRO EDUCATIVO LA ESPERANZA","tipo":"Educacion","tipo_equipamiento":"Institución Educativa","municipio":"CAREPA","lat":7.7984516,"lon":-76.7460389,"fuente":"SIMAT","direccion":"VDA CAREPITA"}},{"type":"Feature","geometry":{"type":"Point","coordinates":[-76.7304667,8.0967599]},"properties":{"nombre":"C.E. EVANGELICO GETSEMANI","tipo":"Educacion","tipo_equipamiento":"Institución Educativa","municipio":"TURBO","lat":8.0967599,"lon":-76.7304667,"fuente":"SIMAT","direccion":"CL 107 17 53"}},{"type":"Feature","geometry":{"type":"Point","coordinates":[-76.6107104,7.8819751]},"properties":{"nombre":"COLEGIO COLOMBO DARIEN","tipo":"Educacion","tipo_equipamiento":"Institución Educativa","municipio":"APARTADÓ","lat":7.8819751,"lon":-76.6107104,"fuente":"SIMAT","direccion":"CL 104 105 04"}},{"type":"Feature","geometry":{"type":"Point","coordinates":[-76.6227461,7.8849011]},"properties":{"nombre":"COLEGIO SAN ANTONIO DE PADUA","tipo":"Educacion","tipo_equipamiento":"Institución Educativa","municipio":"APARTADÓ","lat":7.8849011,"lon":-76.6227461,"fuente":"SIMAT","direccion":"CL 105 H 64 28"}},{"type":"Feature","geometry":{"type":"Point","coordinates":[-76.6227461,7.8849011]},"properties":{"nombre":"I.E. CADENA LAS PLAYAS","tipo":"Educacion","tipo_equipamiento":"Institución Educativa","municipio":"APARTADÓ","lat":7.8849011,"lon":-76.6227461,"fuente":"SIMAT","direccion":"KR 86 C 94 C 00"}},{"type":"Feature","geometry":{"type":"Point","coordinates":[-76.6227461,7.8849011]},"properties":{"nombre":"COLEGIO SAN SEBASTIÁN DE URABA","tipo":"Educacion","tipo_equipamiento":"Institución Educativa","municipio":"APARTADÓ","lat":7.8849011,"lon":-76.6227461,"fuente":"SIMAT","direccion":"CORREG. EL REPOSO"}},{"type":"Feature","geometry":{"type":"Point","coordinates":[-76.6227461,7.8849011]},"properties":{"nombre":"COLEGIO SOLIDARIO SANTIAGO SANTACRUZ RAMBAY                                                         ","tipo":"Educacion","tipo_equipamiento":"Institución Educativa","municipio":"APARTADÓ","lat":7.8849011,"lon":-76.6227461,"fuente":"SIMAT","direccion":"IND CL. 105H CON CRA. 54"}},{"type":"Feature","geometry":{"type":"Point","coordinates":[-76.6227461,7.8849011]},"properties":{"nombre":"INSTITUTO DE EDUCACIÒN COMFENALCO","tipo":"Educacion","tipo_equipamiento":"Institución Educativa","municipio":"APARTADÓ","lat":7.8849011,"lon":-76.6227461,"fuente":"SIMAT","direccion":"CL 94 96 A 22"}},{"type":"Feature","geometry":{"type":"Point","coordinates":[-76.7289956,8.0952972]},"properties":{"nombre":"COL. EL CARMELO CONURABA","tipo":"Educacion","tipo_equipamiento":"Institución Educativa","municipio":"TURBO","lat":8.0952972,"lon":-76.7289956,"fuente":"SIMAT","direccion":"IND AL LADO DEL HOSPITAL"}},{"type":"Feature","geometry":{"type":"Point","coordinates":[-76.613658,7.875794]},"properties":{"nombre":"COL. COOPERATIVO APARTADO CARLOS ARTURO ROLDAN BETANCUR                                     ","tipo":"Educacion","tipo_equipamiento":"Institución Educativa","municipio":"APARTADÓ","lat":7.875794,"lon":-76.613658,"fuente":"SIMAT","direccion":"CL 100 F 100 66"}},{"type":"Feature","geometry":{"type":"Point","coordinates":[-76.6227461,7.8849011]},"properties":{"nombre":"COLEGIO DE EDUCACION CAMPESINA CEC","tipo":"Educacion","tipo_equipamiento":"Institución Educativa","municipio":"APARTADÓ","lat":7.8849011,"lon":-76.6227461,"fuente":"SIMAT","direccion":"CL. DE LA IGLESIA"}},{"type":"Feature","geometry":{"type":"Point","coordinates":[-76.5283566,8.7609887]},"properties":{"nombre":"COLEGIO DE EDUCACIÓN CAMPESINA - CEC ","tipo":"Educacion","tipo_equipamiento":"Institución Educativa","municipio":"SAN JUAN DE URABÁ","lat":8.7609887,"lon":-76.5283566,"fuente":"SIMAT","direccion":"IND VARIAS VEREDAS"}},{"type":"Feature","geometry":{"type":"Point","coordinates":[-76.3830793,8.2778883]},"properties":{"nombre":"COLEGIO DE EDUCACION CAMPESINA - CEC","tipo":"Educacion","tipo_equipamiento":"Institución Educativa","municipio":"SAN PEDRO DE URABA","lat":8.2778883,"lon":-76.3830793,"fuente":"SIMAT","direccion":"IND VARIAS VEREDAS"}},{"type":"Feature","geometry":{"type":"Point","coordinates":[-76.7460389,7.7984516]},"properties":{"nombre":"INSTITUTO EDUCATIVO NUEVO HORIZONTE","tipo":"Educacion","tipo_equipamiento":"Institución Educativa","municipio":"CAREPA","lat":7.7984516,"lon":-76.7460389,"fuente":"SIMAT","direccion":"VDA. CARACOLI"}},{"type":"Feature","geometry":{"type":"Point","coordinates":[-76.3830793,8.2778883]},"properties":{"nombre":"I.E. NUEVO HORIZONTE","tipo":"Educacion","tipo_equipamiento":"Institución Educativa","municipio":"SAN PEDRO DE URABA","lat":8.2778883,"lon":-76.3830793,"fuente":"SIMAT","direccion":"VDA. LOS ALMAGROS"}},{"type":"Feature","geometry":{"type":"Point","coordinates":[-76.4273168,8.8528266]},"properties":{"nombre":"I.E. NUEVO HORIZONTE","tipo":"Educacion","tipo_equipamiento":"Institución Educativa","municipio":"ARBOLETES","lat":8.8528266,"lon":-76.4273168,"fuente":"SIMAT","direccion":"VDA. GUAIMARO"}},{"type":"Feature","geometry":{"type":"Point","coordinates":[-76.6135772,7.8750611]},"properties":{"nombre":"C.E. CORCEDÍN","tipo":"Educacion","tipo_equipamiento":"Institución Educativa","municipio":"APARTADÓ","lat":7.8750611,"lon":-76.6135772,"fuente":"SIMAT","direccion":"CL 99 107 20"}},{"type":"Feature","geometry":{"type":"Point","coordinates":[-76.6227461,7.8849011]},"properties":{"nombre":"COLEGIO DIOCESANO","tipo":"Educacion","tipo_equipamiento":"Institución Educativa","municipio":"APARTADÓ","lat":7.8849011,"lon":-76.6227461,"fuente":"SIMAT","direccion":"KR 64 104 A 14"}},{"type":"Feature","geometry":{"type":"Point","coordinates":[-76.6227461,7.8849011]},"properties":{"nombre":"COLEGIO DIVINO NIÑO                                                                                 ","tipo":"Educacion","tipo_equipamiento":"Institución Educativa","municipio":"APARTADÓ","lat":7.8849011,"lon":-76.6227461,"fuente":"SIMAT","direccion":"KR 68 107 A 46"}},{"type":"Feature","geometry":{"type":"Point","coordinates":[-76.7460389,7.7984516]},"properties":{"nombre":"I.E.R. EL CERRO","tipo":"Educacion","tipo_equipamiento":"Institución Educativa","municipio":"CAREPA","lat":7.7984516,"lon":-76.7460389,"fuente":"SIMAT","direccion":"VDA. EL CERRO"}},{"type":"Feature","geometry":{"type":"Point","coordinates":[-75.3514383,7.577089]},"properties":{"nombre":"I. E. GASPAR DE RODAS","tipo":"Educacion","tipo_equipamiento":"Institución Educativa","municipio":"CÁCERES","lat":7.577089,"lon":-75.3514383,"fuente":"SIMAT","direccion":"CORREG JARDIN "}},{"type":"Feature","geometry":{"type":"Point","coordinates":[-76.7289956,8.0952972]},"properties":{"nombre":"I.E. VEINTICUATRO DE DICIEMBRE","tipo":"Educacion","tipo_equipamiento":"Institución Educativa","municipio":"TURBO","lat":8.0952972,"lon":-76.7289956,"fuente":"SIMAT","direccion":"BARRIO 24 DE DICIEMBRE"}},{"type":"Feature","geometry":{"type":"Point","coordinates":[-76.7289956,8.0952972]},"properties":{"nombre":"I.E. ALTO DE MULATOS","tipo":"Educacion","tipo_equipamiento":"Institución Educativa","municipio":"TURBO","lat":8.0952972,"lon":-76.7289956,"fuente":"SIMAT","direccion":"CORREG. ALTO MULATOS"}},{"type":"Feature","geometry":{"type":"Point","coordinates":[-75.2824564,7.6693361]},"properties":{"nombre":"I. E. AURELIO MEJIA","tipo":"Educacion","tipo_equipamiento":"Institución Educativa","municipio":"CÁCERES","lat":7.6693361,"lon":-75.2824564,"fuente":"SIMAT","direccion":"KR 21 27 25"}},{"type":"Feature","geometry":{"type":"Point","coordinates":[-76.7278703,8.0928244]},"properties":{"nombre":"I.E. ANGEL MILAN PEREA","tipo":"Educacion","tipo_equipamiento":"Institución Educativa","municipio":"TURBO","lat":8.0928244,"lon":-76.7278703,"fuente":"SIMAT","direccion":"KR 14 98 121"}},{"type":"Feature","geometry":{"type":"Point","coordinates":[-76.6227461,7.8849011]},"properties":{"nombre":"I.E. JOSÉ JOAQUIN VÉLEZ","tipo":"Educacion","tipo_equipamiento":"Institución Educativa","municipio":"APARTADÓ","lat":7.8849011,"lon":-76.6227461,"fuente":"SIMAT","direccion":"IND CRA 105 N° 108-25"}},{"type":"Feature","geometry":{"type":"Point","coordinates":[-76.7289956,8.0952972]},"properties":{"nombre":"I.E. BLANQUICET","tipo":"Educacion","tipo_equipamiento":"Institución Educativa","municipio":"TURBO","lat":8.0952972,"lon":-76.7289956,"fuente":"SIMAT","direccion":"CORREG. BLANQUICET"}},{"type":"Feature","geometry":{"type":"Point","coordinates":[-76.6227461,7.8849011]},"properties":{"nombre":"I.E. CAMPO ALEGRE","tipo":"Educacion","tipo_equipamiento":"Institución Educativa","municipio":"APARTADÓ","lat":7.8849011,"lon":-76.6227461,"fuente":"SIMAT","direccion":"IND EL SALVADOR"}},{"type":"Feature","geometry":{"type":"Point","coordinates":[-76.7289956,8.0952972]},"properties":{"nombre":"I.E. CENTRAL","tipo":"Educacion","tipo_equipamiento":"Institución Educativa","municipio":"TURBO","lat":8.0952972,"lon":-76.7289956,"fuente":"SIMAT","direccion":"CLL CENTRAL"}},{"type":"Feature","geometry":{"type":"Point","coordinates":[-76.7289956,8.0952972]},"properties":{"nombre":"I.E. COLDESA AMSTERCOL","tipo":"Educacion","tipo_equipamiento":"Institución Educativa","municipio":"TURBO","lat":8.0952972,"lon":-76.7289956,"fuente":"SIMAT","direccion":"VDA. COLDESA"}},{"type":"Feature","geometry":{"type":"Point","coordinates":[-76.7289956,8.0952972]},"properties":{"nombre":"I.E. CURRULAO","tipo":"Educacion","tipo_equipamiento":"Institución Educativa","municipio":"TURBO","lat":8.0952972,"lon":-76.7289956,"fuente":"SIMAT","direccion":"B/PUEBLO NUEVO."}},{"type":"Feature","geometry":{"type":"Point","coordinates":[-76.7289956,8.0952972]},"properties":{"nombre":"I.E. DE DESARROLLO RURAL DE TURBO","tipo":"Educacion","tipo_equipamiento":"Institución Educativa","municipio":"TURBO","lat":8.0952972,"lon":-76.7289956,"fuente":"SIMAT","direccion":"VDA. CASANOVA"}},{"type":"Feature","geometry":{"type":"Point","coordinates":[-76.7302228,8.091019]},"properties":{"nombre":"I.E. FRANCISCO LUIS VALDERRAMA VALDERRAMA","tipo":"Educacion","tipo_equipamiento":"Institución Educativa","municipio":"TURBO","lat":8.091019,"lon":-76.7302228,"fuente":"SIMAT","direccion":"CL 100 KR 18"}},{"type":"Feature","geometry":{"type":"Point","coordinates":[-76.6347395,7.8800127]},"properties":{"nombre":"I. E. HERACLIO MENA PADILLA","tipo":"Educacion","tipo_equipamiento":"Institución Educativa","municipio":"APARTADÓ","lat":7.8800127,"lon":-76.6347395,"fuente":"SIMAT","direccion":"CL 94 92 34"}},{"type":"Feature","geometry":{"type":"Point","coordinates":[-76.636136,7.8949016]},"properties":{"nombre":"I.E. JOSE CELESTINO MUTIS","tipo":"Educacion","tipo_equipamiento":"Institución Educativa","municipio":"APARTADÓ","lat":7.8949016,"lon":-76.636136,"fuente":"SIMAT","direccion":"CL 108 108 82"}},{"type":"Feature","geometry":{"type":"Point","coordinates":[-76.7338707,8.0929266]},"properties":{"nombre":"INSTITUCIÓN EDUCATIVA INTEGRADA LA LIBERTAD","tipo":"Educacion","tipo_equipamiento":"Institución Educativa","municipio":"TURBO","lat":8.0929266,"lon":-76.7338707,"fuente":"SIMAT","direccion":"CL 103 16 25"}},{"type":"Feature","geometry":{"type":"Point","coordinates":[-76.6227461,7.8849011]},"properties":{"nombre":"I.E. LA PAZ","tipo":"Educacion","tipo_equipamiento":"Institución Educativa","municipio":"APARTADÓ","lat":7.8849011,"lon":-76.6227461,"fuente":"SIMAT","direccion":"CL 111 58 B 01"}},{"type":"Feature","geometry":{"type":"Point","coordinates":[-76.7289956,8.0952972]},"properties":{"nombre":"I.E. EL DOS","tipo":"Educacion","tipo_equipamiento":"Institución Educativa","municipio":"TURBO","lat":8.0952972,"lon":-76.7289956,"fuente":"SIMAT","direccion":"CORREG. EL DOS"}},{"type":"Feature","geometry":{"type":"Point","coordinates":[-76.7289956,8.0952972]},"properties":{"nombre":"I.E. EL TRES","tipo":"Educacion","tipo_equipamiento":"Institución Educativa","municipio":"TURBO","lat":8.0952972,"lon":-76.7289956,"fuente":"SIMAT","direccion":"CORREG EL TRES"}},{"type":"Feature","geometry":{"type":"Point","coordinates":[-76.7460389,7.7984516]},"properties":{"nombre":"I. E. JOSE MARIA MUÑOZ FLOREZ","tipo":"Educacion","tipo_equipamiento":"Institución Educativa","municipio":"CAREPA","lat":7.7984516,"lon":-76.7460389,"fuente":"SIMAT","direccion":"CL 81 77 20"}},{"type":"Feature","geometry":{"type":"Point","coordinates":[-75.3473522,7.5824116]},"properties":{"nombre":"I. E. MONSEÑOR GERARDO PATIÑO","tipo":"Educacion","tipo_equipamiento":"Institución Educativa","municipio":"CÁCERES","lat":7.5824116,"lon":-75.3473522,"fuente":"SIMAT","direccion":"CL 49 49 49"}},{"type":"Feature","geometry":{"type":"Point","coordinates":[-76.7289956,8.0952972]},"properties":{"nombre":"I.E. MONTE VERDE","tipo":"Educacion","tipo_equipamiento":"Institución Educativa","municipio":"TURBO","lat":8.0952972,"lon":-76.7289956,"fuente":"SIMAT","direccion":"VDA. MONTE VERDE #1"}},{"type":"Feature","geometry":{"type":"Point","coordinates":[-76.7289956,8.0952972]},"properties":{"nombre":"I.E. NORMAL SUPERIOR DE URABA","tipo":"Educacion","tipo_equipamiento":"Institución Educativa","municipio":"TURBO","lat":8.0952972,"lon":-76.7289956,"fuente":"SIMAT","direccion":"PARAJE LA LUCILA"}},{"type":"Feature","geometry":{"type":"Point","coordinates":[-76.7289956,8.0952972]},"properties":{"nombre":"I.E. NUEVA COLONIA","tipo":"Educacion","tipo_equipamiento":"Institución Educativa","municipio":"TURBO","lat":8.0952972,"lon":-76.7289956,"fuente":"SIMAT","direccion":"B.SAN JOAQUIN CRA 9A CLL28"}},{"type":"Feature","geometry":{"type":"Point","coordinates":[-76.7289956,8.0952972]},"properties":{"nombre":"I.E. NUEVA GRANADA","tipo":"Educacion","tipo_equipamiento":"Institución Educativa","municipio":"TURBO","lat":8.0952972,"lon":-76.7289956,"fuente":"SIMAT","direccion":"CORREG. NUEVA GRANADA"}},{"type":"Feature","geometry":{"type":"Point","coordinates":[-76.7289956,8.0952972]},"properties":{"nombre":"I.E NUEVO ANTIOQUIA","tipo":"Educacion","tipo_equipamiento":"Institución Educativa","municipio":"TURBO","lat":8.0952972,"lon":-76.7289956,"fuente":"SIMAT","direccion":"CORREG. NUEVO ANTIOQ"}},{"type":"Feature","geometry":{"type":"Point","coordinates":[-76.7289956,8.0952972]},"properties":{"nombre":"I.E. NUEVO ORIENTE","tipo":"Educacion","tipo_equipamiento":"Institución Educativa","municipio":"TURBO","lat":8.0952972,"lon":-76.7289956,"fuente":"SIMAT","direccion":"CORREG. NUEVO ORIENT"}},{"type":"Feature","geometry":{"type":"Point","coordinates":[-75.3514383,7.577089]},"properties":{"nombre":"I. E. PIAMONTE","tipo":"Educacion","tipo_equipamiento":"Institución Educativa","municipio":"CÁCERES","lat":7.577089,"lon":-75.3514383,"fuente":"SIMAT","direccion":"CORREG. PIAMONTE"}},{"type":"Feature","geometry":{"type":"Point","coordinates":[-76.7289956,8.0952972]},"properties":{"nombre":"I.E. PIEDRECITAS","tipo":"Educacion","tipo_equipamiento":"Institución Educativa","municipio":"TURBO","lat":8.0952972,"lon":-76.7289956,"fuente":"SIMAT","direccion":"VDA. PIEDRECITAS"}},{"type":"Feature","geometry":{"type":"Point","coordinates":[-76.6107104,7.8819751]},"properties":{"nombre":"I.E. POLICARPA SALAVARRIETA","tipo":"Educacion","tipo_equipamiento":"Institución Educativa","municipio":"APARTADÓ","lat":7.8819751,"lon":-76.6107104,"fuente":"SIMAT","direccion":"CL 104 62 30"}},{"type":"Feature","geometry":{"type":"Point","coordinates":[-76.7289956,8.0952972]},"properties":{"nombre":"I.E. PUEBLO BELLO","tipo":"Educacion","tipo_equipamiento":"Institución Educativa","municipio":"TURBO","lat":8.0952972,"lon":-76.7289956,"fuente":"SIMAT","direccion":"CORREG. PUEBLO BELLO"}},{"type":"Feature","geometry":{"type":"Point","coordinates":[-76.7289956,8.0952972]},"properties":{"nombre":"I.E. PUERTO CESAR","tipo":"Educacion","tipo_equipamiento":"Institución Educativa","municipio":"TURBO","lat":8.0952972,"lon":-76.7289956,"fuente":"SIMAT","direccion":"PTO. CESAR  VIA AL MAR POR TIO GIL"}},{"type":"Feature","geometry":{"type":"Point","coordinates":[-76.7289956,8.0952972]},"properties":{"nombre":"I.E. PUNTA DE PIEDRA","tipo":"Educacion","tipo_equipamiento":"Institución Educativa","municipio":"TURBO","lat":8.0952972,"lon":-76.7289956,"fuente":"SIMAT","direccion":"VDA. PUNTA DE PIEDRA"}},{"type":"Feature","geometry":{"type":"Point","coordinates":[-76.3830793,8.2778883]},"properties":{"nombre":"I. E. R. ANTONIO NARIÑO","tipo":"Educacion","tipo_equipamiento":"Institución Educativa","municipio":"SAN PEDRO DE URABA","lat":8.2778883,"lon":-76.3830793,"fuente":"SIMAT","direccion":"CORREG. ZAPINDONGA"}},{"type":"Feature","geometry":{"type":"Point","coordinates":[-76.3830793,8.2778883]},"properties":{"nombre":"C. E. R. ARENAS MONAS","tipo":"Educacion","tipo_equipamiento":"Institución Educativa","municipio":"SAN PEDRO DE URABA","lat":8.2778883,"lon":-76.3830793,"fuente":"SIMAT","direccion":"CORREG. ARENAS MONAS"}},{"type":"Feature","geometry":{"type":"Point","coordinates":[-76.3830793,8.2778883]},"properties":{"nombre":"C. E. R. BETANIA","tipo":"Educacion","tipo_equipamiento":"Institución Educativa","municipio":"SAN PEDRO DE URABA","lat":8.2778883,"lon":-76.3830793,"fuente":"SIMAT","direccion":"VDA. BETANIA"}},{"type":"Feature","geometry":{"type":"Point","coordinates":[-76.7289956,8.0952972]},"properties":{"nombre":"I.E. RIO GRANDE","tipo":"Educacion","tipo_equipamiento":"Institución Educativa","municipio":"TURBO","lat":8.0952972,"lon":-76.7289956,"fuente":"SIMAT","direccion":"CLL PRINCIPAL"}},{"type":"Feature","geometry":{"type":"Point","coordinates":[-76.3830793,8.2778883]},"properties":{"nombre":"I. E. R. LAS PAVAS","tipo":"Educacion","tipo_equipamiento":"Institución Educativa","municipio":"SAN PEDRO DE URABA","lat":8.2778883,"lon":-76.3830793,"fuente":"SIMAT","direccion":"VDA. LAS PAVAS"}},{"type":"Feature","geometry":{"type":"Point","coordinates":[-76.3830793,8.2778883]},"properties":{"nombre":"I. E. R. LOS ALMENDROS","tipo":"Educacion","tipo_equipamiento":"Institución Educativa","municipio":"SAN PEDRO DE URABA","lat":8.2778883,"lon":-76.3830793,"fuente":"SIMAT","direccion":"VDA. LOS ALMENDROS"}},{"type":"Feature","geometry":{"type":"Point","coordinates":[-76.6480797,7.8268315]},"properties":{"nombre":"I.E.R. PEDRONEL DURANGO","tipo":"Educacion","tipo_equipamiento":"Institución Educativa","municipio":"APARTADÓ","lat":7.8268315,"lon":-76.6480797,"fuente":"SIMAT","direccion":"ZUNGO CARRETERA"}},{"type":"Feature","geometry":{"type":"Point","coordinates":[-76.6227461,7.8849011]},"properties":{"nombre":"I.E.R. EL REPOSO","tipo":"Educacion","tipo_equipamiento":"Institución Educativa","municipio":"APARTADÓ","lat":7.8849011,"lon":-76.6227461,"fuente":"SIMAT","direccion":"CORREG. EL REPOSO"}},{"type":"Feature","geometry":{"type":"Point","coordinates":[-76.3830793,8.2778883]},"properties":{"nombre":"C.E.R. SAN PABLO APOSTOL","tipo":"Educacion","tipo_equipamiento":"Institución Educativa","municipio":"SAN PEDRO DE URABA","lat":8.2778883,"lon":-76.3830793,"fuente":"SIMAT","direccion":"VDA. EL CAIMAN"}},{"type":"Feature","geometry":{"type":"Point","coordinates":[-76.3830793,8.2778883]},"properties":{"nombre":"I. E. R. SANTA CATALINA","tipo":"Educacion","tipo_equipamiento":"Institución Educativa","municipio":"SAN PEDRO DE URABA","lat":8.2778883,"lon":-76.3830793,"fuente":"SIMAT","direccion":"CORREG. SANTA CATALINA"}},{"type":"Feature","geometry":{"type":"Point","coordinates":[-76.5283566,8.7609887]},"properties":{"nombre":"I. E. R. UVEROS","tipo":"Educacion","tipo_equipamiento":"Institución Educativa","municipio":"SAN JUAN DE URABÁ","lat":8.7609887,"lon":-76.5283566,"fuente":"SIMAT","direccion":"CORREG UVEROS"}},{"type":"Feature","geometry":{"type":"Point","coordinates":[-76.3830793,8.2778883]},"properties":{"nombre":"C. E. R. EL ZUMBIDO","tipo":"Educacion","tipo_equipamiento":"Institución Educativa","municipio":"SAN PEDRO DE URABA","lat":8.2778883,"lon":-76.3830793,"fuente":"SIMAT","direccion":"VDA. ZUMBIDO"}},{"type":"Feature","geometry":{"type":"Point","coordinates":[-76.7460389,7.7984516]},"properties":{"nombre":"I. E. R. ZUNGO EMBARCADERO","tipo":"Educacion","tipo_equipamiento":"Institución Educativa","municipio":"CAREPA","lat":7.7984516,"lon":-76.7460389,"fuente":"SIMAT","direccion":"CORREG. ZUNGO EMBARCADERO"}},{"type":"Feature","geometry":{"type":"Point","coordinates":[-76.7289956,8.0952972]},"properties":{"nombre":"I.E. SAGRADO CORAZÓN DE JESÚS","tipo":"Educacion","tipo_equipamiento":"Institución Educativa","municipio":"TURBO","lat":8.0952972,"lon":-76.7289956,"fuente":"SIMAT","direccion":"KR 16 X CL 101"}},{"type":"Feature","geometry":{"type":"Point","coordinates":[-76.7289956,8.0952972]},"properties":{"nombre":"I.E. COMUNAL SAN JORGE LA PIÑA","tipo":"Educacion","tipo_equipamiento":"Institución Educativa","municipio":"TURBO","lat":8.0952972,"lon":-76.7289956,"fuente":"SIMAT","direccion":"SAN JORGE"}},{"type":"Feature","geometry":{"type":"Point","coordinates":[-76.7289956,8.0952972]},"properties":{"nombre":"C.E. PUERTO BOY","tipo":"Educacion","tipo_equipamiento":"Institución Educativa","municipio":"TURBO","lat":8.0952972,"lon":-76.7289956,"fuente":"SIMAT","direccion":"VEREDA PUERTO BOY"}},{"type":"Feature","geometry":{"type":"Point","coordinates":[-76.6227461,7.8849011]},"properties":{"nombre":"I.E. SAN JOSÉ OBRERO","tipo":"Educacion","tipo_equipamiento":"Institución Educativa","municipio":"APARTADÓ","lat":7.8849011,"lon":-76.6227461,"fuente":"SIMAT","direccion":"KR 95 104 A 07"}},{"type":"Feature","geometry":{"type":"Point","coordinates":[-76.484737,8.3716576]},"properties":{"nombre":"I.E. SAN JOSE DE MULATOS","tipo":"Educacion","tipo_equipamiento":"Institución Educativa","municipio":"TURBO","lat":8.3716576,"lon":-76.484737,"fuente":"SIMAT","direccion":"CORREGIMIENTO SAN JOSE DE MULATOS"}},{"type":"Feature","geometry":{"type":"Point","coordinates":[-76.7212638,8.0935329]},"properties":{"nombre":"I.E. SAN MARTIN DE PORRES","tipo":"Educacion","tipo_equipamiento":"Institución Educativa","municipio":"TURBO","lat":8.0935329,"lon":-76.7212638,"fuente":"SIMAT","direccion":"CL 100 15 82"}},{"type":"Feature","geometry":{"type":"Point","coordinates":[-76.6211212,7.8834763]},"properties":{"nombre":"I.E. SAN PEDRO CLAVER","tipo":"Educacion","tipo_equipamiento":"Institución Educativa","municipio":"APARTADÓ","lat":7.8834763,"lon":-76.6211212,"fuente":"SIMAT","direccion":"AV 103 81 30"}},{"type":"Feature","geometry":{"type":"Point","coordinates":[-76.741049,8.094755]},"properties":{"nombre":"I.E. SANTA FE","tipo":"Educacion","tipo_equipamiento":"Institución Educativa","municipio":"TURBO","lat":8.094755,"lon":-76.741049,"fuente":"SIMAT","direccion":"CL 115 6 60"}},{"type":"Feature","geometry":{"type":"Point","coordinates":[-76.7289956,8.0952972]},"properties":{"nombre":"I.E. SAN VICENTE DEL CONGO","tipo":"Educacion","tipo_equipamiento":"Institución Educativa","municipio":"TURBO","lat":8.0952972,"lon":-76.7289956,"fuente":"SIMAT","direccion":"CORREG. SAN VICENTE"}},{"type":"Feature","geometry":{"type":"Point","coordinates":[-76.6227461,7.8849011]},"properties":{"nombre":"I.E. SANTA MARIA DE LA ANTIGUA","tipo":"Educacion","tipo_equipamiento":"Institución Educativa","municipio":"APARTADÓ","lat":7.8849011,"lon":-76.6227461,"fuente":"SIMAT","direccion":"CL 102 C 81 44"}},{"type":"Feature","geometry":{"type":"Point","coordinates":[-76.7212638,8.0935329]},"properties":{"nombre":"I.E. TURBO","tipo":"Educacion","tipo_equipamiento":"Institución Educativa","municipio":"TURBO","lat":8.0935329,"lon":-76.7212638,"fuente":"SIMAT","direccion":"CL 100 18 24"}},{"type":"Feature","geometry":{"type":"Point","coordinates":[-76.7289956,8.0952972]},"properties":{"nombre":"I.E. VILLA MARIA","tipo":"Educacion","tipo_equipamiento":"Institución Educativa","municipio":"TURBO","lat":8.0952972,"lon":-76.7289956,"fuente":"SIMAT","direccion":"VDA. VILLA MARIA"}},{"type":"Feature","geometry":{"type":"Point","coordinates":[-75.3514383,7.577089]},"properties":{"nombre":"I. E. MANIZALES","tipo":"Educacion","tipo_equipamiento":"Institución Educativa","municipio":"CÁCERES","lat":7.577089,"lon":-75.3514383,"fuente":"SIMAT","direccion":"CORREG. MANIZALES"}},{"type":"Feature","geometry":{"type":"Point","coordinates":[-76.4273168,8.8528266]},"properties":{"nombre":"I.E.SAN SEBASTIAN","tipo":"Educacion","tipo_equipamiento":"Institución Educativa","municipio":"ARBOLETES","lat":8.8528266,"lon":-76.4273168,"fuente":"SIMAT","direccion":"IND CLL ANTIGUO COLISEO"}},{"type":"Feature","geometry":{"type":"Point","coordinates":[-76.7460389,7.7984516]},"properties":{"nombre":"I. E. R. LA CADENA","tipo":"Educacion","tipo_equipamiento":"Institución Educativa","municipio":"CAREPA","lat":7.7984516,"lon":-76.7460389,"fuente":"SIMAT","direccion":"VDA. LA CADENA"}},{"type":"Feature","geometry":{"type":"Point","coordinates":[-76.6227461,7.8849011]},"properties":{"nombre":"I.E. ALFONSO LOPEZ","tipo":"Educacion","tipo_equipamiento":"Institución Educativa","municipio":"APARTADÓ","lat":7.8849011,"lon":-76.6227461,"fuente":"SIMAT","direccion":"IND CR 79B  79A-60"}},{"type":"Feature","geometry":{"type":"Point","coordinates":[-76.3830793,8.2778883]},"properties":{"nombre":"C.E.R. LOS ALMAGROS","tipo":"Educacion","tipo_equipamiento":"Institución Educativa","municipio":"SAN PEDRO DE URABA","lat":8.2778883,"lon":-76.3830793,"fuente":"SIMAT","direccion":"VDA. LAS ALMAGRAS"}},{"type":"Feature","geometry":{"type":"Point","coordinates":[-76.7460389,7.7984516]},"properties":{"nombre":"I.E.R. LA PROVINCIA","tipo":"Educacion","tipo_equipamiento":"Institución Educativa","municipio":"CAREPA","lat":7.7984516,"lon":-76.7460389,"fuente":"SIMAT","direccion":"VDA. LA PROVINCIA"}},{"type":"Feature","geometry":{"type":"Point","coordinates":[-75.3514383,7.577089]},"properties":{"nombre":"I. E. GUARUMO","tipo":"Educacion","tipo_equipamiento":"Institución Educativa","municipio":"CÁCERES","lat":7.577089,"lon":-75.3514383,"fuente":"SIMAT","direccion":"VDA EL GUARUMO "}},{"type":"Feature","geometry":{"type":"Point","coordinates":[-76.3830793,8.2778883]},"properties":{"nombre":"I. E. SAN PEDRO DE URABA","tipo":"Educacion","tipo_equipamiento":"Institución Educativa","municipio":"SAN PEDRO DE URABA","lat":8.2778883,"lon":-76.3830793,"fuente":"SIMAT","direccion":"CL 52 A 47 70"}},{"type":"Feature","geometry":{"type":"Point","coordinates":[-76.6304646,7.8808334]},"properties":{"nombre":"INSTITUTO DE EDUCACION FORMAL CENTRO DE SISTEMAS","tipo":"Educacion","tipo_equipamiento":"Institución Educativa","municipio":"APARTADÓ","lat":7.8808334,"lon":-76.6304646,"fuente":"SIMAT","direccion":"KR 97 95 08"}},{"type":"Feature","geometry":{"type":"Point","coordinates":[-76.6227461,7.8849011]},"properties":{"nombre":"INSTITUTO UNIBAN                                                                                    ","tipo":"Educacion","tipo_equipamiento":"Institución Educativa","municipio":"APARTADÓ","lat":7.8849011,"lon":-76.6227461,"fuente":"SIMAT","direccion":"KM 7"}},{"type":"Feature","geometry":{"type":"Point","coordinates":[-76.7460389,7.7984516]},"properties":{"nombre":"I. E. LUIS CARLOS GALAN SARMIENTO","tipo":"Educacion","tipo_equipamiento":"Institución Educativa","municipio":"CAREPA","lat":7.7984516,"lon":-76.7460389,"fuente":"SIMAT","direccion":"CL 80 73 00"}},{"type":"Feature","geometry":{"type":"Point","coordinates":[-76.7230709,8.0983668]},"properties":{"nombre":"COLEGIO GIMNASIO PILARES DEL SABER","tipo":"Educacion","tipo_equipamiento":"Institución Educativa","municipio":"TURBO","lat":8.0983668,"lon":-76.7230709,"fuente":"SIMAT","direccion":"KR 19 CL 101"}},{"type":"Feature","geometry":{"type":"Point","coordinates":[-76.7289956,8.0952972]},"properties":{"nombre":"COL. INTERAMERICANO NUEVA COLONIA","tipo":"Educacion","tipo_equipamiento":"Institución Educativa","municipio":"TURBO","lat":8.0952972,"lon":-76.7289956,"fuente":"SIMAT","direccion":"BARR UNIBAN"}},{"type":"Feature","geometry":{"type":"Point","coordinates":[-76.6135772,7.8750611]},"properties":{"nombre":"I.E. MADRE LAURA","tipo":"Educacion","tipo_equipamiento":"Institución Educativa","municipio":"APARTADÓ","lat":7.8750611,"lon":-76.6135772,"fuente":"SIMAT","direccion":"CL 99 A 104 12"}},{"type":"Feature","geometry":{"type":"Point","coordinates":[-75.3514383,7.577089]},"properties":{"nombre":"C. E. R. EL ANARA","tipo":"Educacion","tipo_equipamiento":"Institución Educativa","municipio":"CÁCERES","lat":7.577089,"lon":-75.3514383,"fuente":"SIMAT","direccion":"VDA ANARA"}},{"type":"Feature","geometry":{"type":"Point","coordinates":[-76.7289956,8.0952972]},"properties":{"nombre":"I.E. VEINTINUEVE DE NOVIEMBRE","tipo":"Educacion","tipo_equipamiento":"Institución Educativa","municipio":"TURBO","lat":8.0952972,"lon":-76.7289956,"fuente":"SIMAT","direccion":"CORREG. NUEVA COLONI"}},{"type":"Feature","geometry":{"type":"Point","coordinates":[-76.7261094,8.0870236]},"properties":{"nombre":"COL. ADVENTISTA DE TURBO","tipo":"Educacion","tipo_equipamiento":"Institución Educativa","municipio":"TURBO","lat":8.0870236,"lon":-76.7261094,"fuente":"SIMAT","direccion":"KR 14 102 30"}},{"type":"Feature","geometry":{"type":"Point","coordinates":[-76.6227461,7.8849011]},"properties":{"nombre":"INSTITUTO EDUCATIVO NUEVO HORIZONTE                                                                 ","tipo":"Educacion","tipo_equipamiento":"Institución Educativa","municipio":"APARTADÓ","lat":7.8849011,"lon":-76.6227461,"fuente":"SIMAT","direccion":"CL 109 A KR 84"}},{"type":"Feature","geometry":{"type":"Point","coordinates":[-76.6227461,7.8849011]},"properties":{"nombre":"I.E.R. CHURIDO PUEBLO","tipo":"Educacion","tipo_equipamiento":"Institución Educativa","municipio":"APARTADÓ","lat":7.8849011,"lon":-76.6227461,"fuente":"SIMAT","direccion":"CORREG. CHURIDO PUEBLO"}},{"type":"Feature","geometry":{"type":"Point","coordinates":[-76.7460389,7.7984516]},"properties":{"nombre":"I. E. R. PIEDRAS BLANCAS","tipo":"Educacion","tipo_equipamiento":"Institución Educativa","municipio":"CAREPA","lat":7.7984516,"lon":-76.7460389,"fuente":"SIMAT","direccion":"CORREG.PIEDRAS BLANCAS"}},{"type":"Feature","geometry":{"type":"Point","coordinates":[-75.3514383,7.577089]},"properties":{"nombre":"C. E. R. EL TIGRE","tipo":"Educacion","tipo_equipamiento":"Institución Educativa","municipio":"CÁCERES","lat":7.577089,"lon":-75.3514383,"fuente":"SIMAT","direccion":"VDA EL TIGRE"}},{"type":"Feature","geometry":{"type":"Point","coordinates":[-76.6211212,7.8834763]},"properties":{"nombre":"I.E. SAN FRACISCO DE ASIS","tipo":"Educacion","tipo_equipamiento":"Institución Educativa","municipio":"APARTADÓ","lat":7.8834763,"lon":-76.6211212,"fuente":"SIMAT","direccion":"CL 103 84 60"}},{"type":"Feature","geometry":{"type":"Point","coordinates":[-76.613658,7.875794]},"properties":{"nombre":"COLEGIO SAN FERNANDO","tipo":"Educacion","tipo_equipamiento":"Institución Educativa","municipio":"APARTADÓ","lat":7.875794,"lon":-76.613658,"fuente":"SIMAT","direccion":"CL 100 77 76"}},{"type":"Feature","geometry":{"type":"Point","coordinates":[-76.6227461,7.8849011]},"properties":{"nombre":"CORPORACIÓN COLEGIO AMERICANO DE APARTADÓ","tipo":"Educacion","tipo_equipamiento":"Institución Educativa","municipio":"APARTADÓ","lat":7.8849011,"lon":-76.6227461,"fuente":"SIMAT","direccion":"CL 94 96 A 22"}},{"type":"Feature","geometry":{"type":"Point","coordinates":[-76.7289956,8.0952972]},"properties":{"nombre":"COLEGIO COLOMBO DARIÉN","tipo":"Educacion","tipo_equipamiento":"Institución Educativa","municipio":"TURBO","lat":8.0952972,"lon":-76.7289956,"fuente":"SIMAT","direccion":"KR 15 99 A 88"}},{"type":"Feature","geometry":{"type":"Point","coordinates":[-76.5283566,8.7609887]},"properties":{"nombre":"C. E. R. INDIGENA NUEVO HORIZONTE","tipo":"Educacion","tipo_equipamiento":"Institución Educativa","municipio":"SAN JUAN DE URABÁ","lat":8.7609887,"lon":-76.5283566,"fuente":"SIMAT","direccion":"RESG MONTECRISTO"}},{"type":"Feature","geometry":{"type":"Point","coordinates":[-76.5283566,8.7609887]},"properties":{"nombre":"C. E. R. SAN JUANCITO","tipo":"Educacion","tipo_equipamiento":"Institución Educativa","municipio":"SAN JUAN DE URABÁ","lat":8.7609887,"lon":-76.5283566,"fuente":"SIMAT","direccion":"CORREG. SAN JUANCITO"}},{"type":"Feature","geometry":{"type":"Point","coordinates":[-76.5283566,8.7609887]},"properties":{"nombre":"C. E. R. SAN JUAN ORIENTAL","tipo":"Educacion","tipo_equipamiento":"Institución Educativa","municipio":"SAN JUAN DE URABÁ","lat":8.7609887,"lon":-76.5283566,"fuente":"SIMAT","direccion":"VDA. SAN JUAN ORIENTAL"}},{"type":"Feature","geometry":{"type":"Point","coordinates":[-76.5283566,8.7609887]},"properties":{"nombre":"I. E. R. EL FILO DE DAMAQUIEL","tipo":"Educacion","tipo_equipamiento":"Institución Educativa","municipio":"SAN JUAN DE URABÁ","lat":8.7609887,"lon":-76.5283566,"fuente":"SIMAT","direccion":"VDA EL FILO DE DAMAQUIEL"}},{"type":"Feature","geometry":{"type":"Point","coordinates":[-76.5283566,8.7609887]},"properties":{"nombre":"I. E. R. MONSEÑOR ESCOBAR VELEZ","tipo":"Educacion","tipo_equipamiento":"Institución Educativa","municipio":"SAN JUAN DE URABÁ","lat":8.7609887,"lon":-76.5283566,"fuente":"SIMAT","direccion":"CORREG. DAMAQUIEL"}},{"type":"Feature","geometry":{"type":"Point","coordinates":[-76.5283566,8.7609887]},"properties":{"nombre":"C. E. R. SIETE VUELTAS","tipo":"Educacion","tipo_equipamiento":"Institución Educativa","municipio":"SAN JUAN DE URABÁ","lat":8.7609887,"lon":-76.5283566,"fuente":"SIMAT","direccion":"CORREG. SIETE VUELTAS"}},{"type":"Feature","geometry":{"type":"Point","coordinates":[-76.5302546,8.7578884]},"properties":{"nombre":"I. E. SAN JUAN DE URABA","tipo":"Educacion","tipo_equipamiento":"Institución Educativa","municipio":"SAN JUAN DE URABÁ","lat":8.7578884,"lon":-76.5302546,"fuente":"SIMAT","direccion":"KR 20 23 137"}},{"type":"Feature","geometry":{"type":"Point","coordinates":[-76.6227461,7.8849011]},"properties":{"nombre":"COLEGIO CRISTIANO SOCIAL COMUNITARIO                                                                ","tipo":"Educacion","tipo_equipamiento":"Institución Educativa","municipio":"APARTADÓ","lat":7.8849011,"lon":-76.6227461,"fuente":"SIMAT","direccion":"CL 110 95 32"}},{"type":"Feature","geometry":{"type":"Point","coordinates":[-76.3830793,8.2778883]},"properties":{"nombre":"I. E. R. BUCHADO MEDIO","tipo":"Educacion","tipo_equipamiento":"Institución Educativa","municipio":"SAN PEDRO DE URABA","lat":8.2778883,"lon":-76.3830793,"fuente":"SIMAT","direccion":"VDA. QUEBRADA DEL MEDIO"}},{"type":"Feature","geometry":{"type":"Point","coordinates":[-76.7460389,7.7984516]},"properties":{"nombre":"I. E. R. VILLA NELLY","tipo":"Educacion","tipo_equipamiento":"Institución Educativa","municipio":"CAREPA","lat":7.7984516,"lon":-76.7460389,"fuente":"SIMAT","direccion":"VDA. EL ENCANTO"}},{"type":"Feature","geometry":{"type":"Point","coordinates":[-76.6227461,7.8849011]},"properties":{"nombre":"I.E.R. EL MARIANO","tipo":"Educacion","tipo_equipamiento":"Institución Educativa","municipio":"APARTADÓ","lat":7.8849011,"lon":-76.6227461,"fuente":"SIMAT","direccion":"CORREG. SAN JOSE"}},{"type":"Feature","geometry":{"type":"Point","coordinates":[-76.6227461,7.8849011]},"properties":{"nombre":"C.E.R. LA ESPERANZA","tipo":"Educacion","tipo_equipamiento":"Institución Educativa","municipio":"APARTADÓ","lat":7.8849011,"lon":-76.6227461,"fuente":"SIMAT","direccion":"VDA. LA ESPERANZA"}},{"type":"Feature","geometry":{"type":"Point","coordinates":[-75.3514383,7.577089]},"properties":{"nombre":"CIBERCOLEGIO UCN","tipo":"Educacion","tipo_equipamiento":"Institución Educativa","municipio":"CÁCERES","lat":7.577089,"lon":-75.3514383,"fuente":"SIMAT","direccion":"CL 52 47 42"}},{"type":"Feature","geometry":{"type":"Point","coordinates":[-76.3830793,8.2778883]},"properties":{"nombre":"I. E. R. ALTO ROSARIO","tipo":"Educacion","tipo_equipamiento":"Institución Educativa","municipio":"SAN PEDRO DE URABA","lat":8.2778883,"lon":-76.3830793,"fuente":"SIMAT","direccion":"VDA. ALTOS DEL ROSARIO"}},{"type":"Feature","geometry":{"type":"Point","coordinates":[-76.4273168,8.8528266]},"properties":{"nombre":"COLEGIO DE EDUCACION CAMPESINA                                                                      ","tipo":"Educacion","tipo_equipamiento":"Institución Educativa","municipio":"ARBOLETES","lat":8.8528266,"lon":-76.4273168,"fuente":"SIMAT","direccion":"VARIAS VEREDAS"}},{"type":"Feature","geometry":{"type":"Point","coordinates":[-76.7460389,7.7984516]},"properties":{"nombre":"COLEGIO SAN SEBASTIAN DE URABA","tipo":"Educacion","tipo_equipamiento":"Institución Educativa","municipio":"CAREPA","lat":7.7984516,"lon":-76.7460389,"fuente":"SIMAT","direccion":"VDA. LA UNION PARTE ALTA"}},{"type":"Feature","geometry":{"type":"Point","coordinates":[-76.7460389,7.7984516]},"properties":{"nombre":"COLEGIO METROPOLITANO DE URABA                                                                      ","tipo":"Educacion","tipo_equipamiento":"Institución Educativa","municipio":"CAREPA","lat":7.7984516,"lon":-76.7460389,"fuente":"SIMAT","direccion":"CL 81 66 03"}},{"type":"Feature","geometry":{"type":"Point","coordinates":[-76.7460389,7.7984516]},"properties":{"nombre":"COLEGIO BELEN                                                                                       ","tipo":"Educacion","tipo_equipamiento":"Institución Educativa","municipio":"CAREPA","lat":7.7984516,"lon":-76.7460389,"fuente":"SIMAT","direccion":"KR 75 81 64"}},{"type":"Feature","geometry":{"type":"Point","coordinates":[-76.7235509,8.0968652]},"properties":{"nombre":"CENTRO EDUCATIVO JARDIN INFANTIL  NIÑOS BRILLANTES","tipo":"Educacion","tipo_equipamiento":"Institución Educativa","municipio":"TURBO","lat":8.0968652,"lon":-76.7235509,"fuente":"SIMAT","direccion":"CL 104 KR 22"}},{"type":"Feature","geometry":{"type":"Point","coordinates":[-76.3830793,8.2778883]},"properties":{"nombre":"INSTITUTO CORFERRINI                                                                                ","tipo":"Educacion","tipo_equipamiento":"Institución Educativa","municipio":"SAN PEDRO DE URABA","lat":8.2778883,"lon":-76.3830793,"fuente":"SIMAT","direccion":"SIN INFORMACION"}},{"type":"Feature","geometry":{"type":"Point","coordinates":[-76.7460389,7.7984516]},"properties":{"nombre":"C. E. R. 25 DE AGOSTO","tipo":"Educacion","tipo_equipamiento":"Institución Educativa","municipio":"CAREPA","lat":7.7984516,"lon":-76.7460389,"fuente":"SIMAT","direccion":"VDA. 25 DE AGOSTO "}},{"type":"Feature","geometry":{"type":"Point","coordinates":[-75.3514383,7.577089]},"properties":{"nombre":"I.E. NUEVO HORIZONTE","tipo":"Educacion","tipo_equipamiento":"Institución Educativa","municipio":"CÁCERES","lat":7.577089,"lon":-75.3514383,"fuente":"SIMAT","direccion":"CARRETERA TRONCAL"}},{"type":"Feature","geometry":{"type":"Point","coordinates":[-76.6227461,7.8849011]},"properties":{"nombre":"C.E.R. ARENAS ALTAS","tipo":"Educacion","tipo_equipamiento":"Institución Educativa","municipio":"APARTADÓ","lat":7.8849011,"lon":-76.6227461,"fuente":"SIMAT","direccion":"CORREG.SAN JOSE DE APARTADO"}},{"type":"Feature","geometry":{"type":"Point","coordinates":[-76.7460389,7.7984516]},"properties":{"nombre":"CIBERCOLEGIO UCN","tipo":"Educacion","tipo_equipamiento":"Institución Educativa","municipio":"CAREPA","lat":7.7984516,"lon":-76.7460389,"fuente":"SIMAT","direccion":"KR 73 80 36"}},{"type":"Feature","geometry":{"type":"Point","coordinates":[-76.7460389,7.7984516]},"properties":{"nombre":"I. E. COLOMBIA","tipo":"Educacion","tipo_equipamiento":"Institución Educativa","municipio":"CAREPA","lat":7.7984516,"lon":-76.7460389,"fuente":"SIMAT","direccion":"CL 83 CON KR 67"}},{"type":"Feature","geometry":{"type":"Point","coordinates":[-76.7289956,8.0952972]},"properties":{"nombre":"I.E. SAN JOSÉ","tipo":"Educacion","tipo_equipamiento":"Institución Educativa","municipio":"TURBO","lat":8.0952972,"lon":-76.7289956,"fuente":"SIMAT","direccion":"IND CORREG. EL TRES"}},{"type":"Feature","geometry":{"type":"Point","coordinates":[-76.3830793,8.2778883]},"properties":{"nombre":"I.E SAN SEBASTIAN ","tipo":"Educacion","tipo_equipamiento":"Institución Educativa","municipio":"SAN PEDRO DE URABA","lat":8.2778883,"lon":-76.3830793,"fuente":"SIMAT","direccion":"CL 50 48 04"}},{"type":"Feature","geometry":{"type":"Point","coordinates":[-76.6227461,7.8849011]},"properties":{"nombre":"I.E. ESPERANZA  AMOR Y PAZ","tipo":"Educacion","tipo_equipamiento":"Institución Educativa","municipio":"APARTADÓ","lat":7.8849011,"lon":-76.6227461,"fuente":"SIMAT","direccion":"CL 100 CON KR 66"}},{"type":"Feature","geometry":{"type":"Point","coordinates":[-76.7460389,7.7984516]},"properties":{"nombre":"INSTITUTO CORFERRINI","tipo":"Educacion","tipo_equipamiento":"Institución Educativa","municipio":"CAREPA","lat":7.7984516,"lon":-76.7460389,"fuente":"SIMAT","direccion":"KR 81 77 20"}},{"type":"Feature","geometry":{"type":"Point","coordinates":[-76.3830793,8.2778883]},"properties":{"nombre":"COLEGIO DIOCESANO SAN PEDRO APOSTOL                                                                 ","tipo":"Educacion","tipo_equipamiento":"Institución Educativa","municipio":"SAN PEDRO DE URABA","lat":8.2778883,"lon":-76.3830793,"fuente":"SIMAT","direccion":"CL 51 44 14"}},{"type":"Feature","geometry":{"type":"Point","coordinates":[-76.3830793,8.2778883]},"properties":{"nombre":"COLEGIO SAN SEBASTIAN DE URABA","tipo":"Educacion","tipo_equipamiento":"Institución Educativa","municipio":"SAN PEDRO DE URABA","lat":8.2778883,"lon":-76.3830793,"fuente":"SIMAT","direccion":"VARIAS VEREDAS"}},{"type":"Feature","geometry":{"type":"Point","coordinates":[-76.5243356,8.7676659]},"properties":{"nombre":"I.E. SAN SEBASTIAN","tipo":"Educacion","tipo_equipamiento":"Institución Educativa","municipio":"SAN JUAN DE URABÁ","lat":8.7676659,"lon":-76.5243356,"fuente":"SIMAT","direccion":"KR 21 31 32"}},{"type":"Feature","geometry":{"type":"Point","coordinates":[-76.6107104,7.8819751]},"properties":{"nombre":"INSTITUTO CORFERRINI                                                                                ","tipo":"Educacion","tipo_equipamiento":"Institución Educativa","municipio":"APARTADÓ","lat":7.8819751,"lon":-76.6107104,"fuente":"SIMAT","direccion":"CL 104 102 23"}},{"type":"Feature","geometry":{"type":"Point","coordinates":[-76.3830793,8.2778883]},"properties":{"nombre":"I. E. R. SAN ISIDRO","tipo":"Educacion","tipo_equipamiento":"Institución Educativa","municipio":"SAN PEDRO DE URABA","lat":8.2778883,"lon":-76.3830793,"fuente":"SIMAT","direccion":"VDA. EL TOMATE"}},{"type":"Feature","geometry":{"type":"Point","coordinates":[-76.3830793,8.2778883]},"properties":{"nombre":"I. E. R. LA CABAÑA","tipo":"Educacion","tipo_equipamiento":"Institución Educativa","municipio":"SAN PEDRO DE URABA","lat":8.2778883,"lon":-76.3830793,"fuente":"SIMAT","direccion":"VDA. LA CABAÑA"}},{"type":"Feature","geometry":{"type":"Point","coordinates":[-76.7289956,8.0952972]},"properties":{"nombre":"I.E. JARDIN INFANTIL AQUALUNA","tipo":"Educacion","tipo_equipamiento":"Institución Educativa","municipio":"TURBO","lat":8.0952972,"lon":-76.7289956,"fuente":"SIMAT","direccion":"IND CALLE 99 44"}},{"type":"Feature","geometry":{"type":"Point","coordinates":[-75.2824564,7.6693361]},"properties":{"nombre":"INSTITUTO CORFERRINI","tipo":"Educacion","tipo_equipamiento":"Institución Educativa","municipio":"CÁCERES","lat":7.6693361,"lon":-75.2824564,"fuente":"SIMAT","direccion":"CRA. 21  27-25"}},{"type":"Feature","geometry":{"type":"Point","coordinates":[-76.4273168,8.8528266]},"properties":{"nombre":"INSTITUTO CORFERRINI                                                                                ","tipo":"Educacion","tipo_equipamiento":"Institución Educativa","municipio":"ARBOLETES","lat":8.8528266,"lon":-76.4273168,"fuente":"SIMAT","direccion":"CL 0 0 0"}},{"type":"Feature","geometry":{"type":"Point","coordinates":[-76.5283566,8.7609887]},"properties":{"nombre":"INSTITUTO CORFERRINI","tipo":"Educacion","tipo_equipamiento":"Institución Educativa","municipio":"SAN JUAN DE URABÁ","lat":8.7609887,"lon":-76.5283566,"fuente":"SIMAT","direccion":"VDA. LAS LAJAS"}},{"type":"Feature","geometry":{"type":"Point","coordinates":[-76.6362147,7.882227]},"properties":{"nombre":"COLEGIO ALEGRIA DE APRENDER                                                                         ","tipo":"Educacion","tipo_equipamiento":"Institución Educativa","municipio":"APARTADÓ","lat":7.882227,"lon":-76.6362147,"fuente":"SIMAT","direccion":"CL 96 95 33"}},{"type":"Feature","geometry":{"type":"Point","coordinates":[-75.3514383,7.577089]},"properties":{"nombre":"I. E. R. LA JAGUA","tipo":"Educacion","tipo_equipamiento":"Institución Educativa","municipio":"CÁCERES","lat":7.577089,"lon":-75.3514383,"fuente":"SIMAT","direccion":"VDA. PUERTO LINDO"}},{"type":"Feature","geometry":{"type":"Point","coordinates":[-76.7299333,8.1500449]},"properties":{"nombre":"Escuela Camerun","tipo":"Educacion","tipo_equipamiento":"school","municipio":"TURBO","lat":8.1500449,"lon":-76.7299333,"fuente":"OSM","direccion":""}},{"type":"Feature","geometry":{"type":"Point","coordinates":[-76.6745335,8.1582313]},"properties":{"nombre":"Escuela Manuel Cuello","tipo":"Educacion","tipo_equipamiento":"school","municipio":"TURBO","lat":8.1582313,"lon":-76.6745335,"fuente":"OSM","direccion":""}},{"type":"Feature","geometry":{"type":"Point","coordinates":[-76.7127647,8.1707818]},"properties":{"nombre":"Escuela Alto Cope","tipo":"Educacion","tipo_equipamiento":"school","municipio":"TURBO","lat":8.1707818,"lon":-76.7127647,"fuente":"OSM","direccion":""}},{"type":"Feature","geometry":{"type":"Point","coordinates":[-76.6745424,8.1581557]},"properties":{"nombre":"Escuela Manuel Cuello","tipo":"Educacion","tipo_equipamiento":"school","municipio":"TURBO","lat":8.1581557,"lon":-76.6745424,"fuente":"OSM","direccion":""}},{"type":"Feature","geometry":{"type":"Point","coordinates":[-76.6746335,8.1581913]},"properties":{"nombre":"Escuela Manuel Cuello","tipo":"Educacion","tipo_equipamiento":"school","municipio":"TURBO","lat":8.1581913,"lon":-76.6746335,"fuente":"OSM","direccion":""}},{"type":"Feature","geometry":{"type":"Point","coordinates":[-76.6585969,8.2142675]},"properties":{"nombre":"Escuela Por Fuera","tipo":"Educacion","tipo_equipamiento":"school","municipio":"TURBO","lat":8.2142675,"lon":-76.6585969,"fuente":"OSM","direccion":""}},{"type":"Feature","geometry":{"type":"Point","coordinates":[-76.7474248,8.3058241]},"properties":{"nombre":"Escuela La Ceibita","tipo":"Educacion","tipo_equipamiento":"school","municipio":"NECOCLÍ","lat":8.3058241,"lon":-76.7474248,"fuente":"OSM","direccion":""}},{"type":"Feature","geometry":{"type":"Point","coordinates":[-76.6617352,8.297491]},"properties":{"nombre":"Escuela Nueva Luz","tipo":"Educacion","tipo_equipamiento":"school","municipio":"NECOCLÍ","lat":8.297491,"lon":-76.6617352,"fuente":"OSM","direccion":""}},{"type":"Feature","geometry":{"type":"Point","coordinates":[-76.6617918,8.2971732]},"properties":{"nombre":"Escuela Nueva Luz","tipo":"Educacion","tipo_equipamiento":"school","municipio":"NECOCLÍ","lat":8.2971732,"lon":-76.6617918,"fuente":"OSM","direccion":""}},{"type":"Feature","geometry":{"type":"Point","coordinates":[-76.6436512,8.2982631]},"properties":{"nombre":"Escuela Indio","tipo":"Educacion","tipo_equipamiento":"school","municipio":"NECOCLÍ","lat":8.2982631,"lon":-76.6436512,"fuente":"OSM","direccion":""}},{"type":"Feature","geometry":{"type":"Point","coordinates":[-76.6436234,8.2982409]},"properties":{"nombre":"Escuela Indio","tipo":"Educacion","tipo_equipamiento":"school","municipio":"NECOCLÍ","lat":8.2982409,"lon":-76.6436234,"fuente":"OSM","direccion":""}},{"type":"Feature","geometry":{"type":"Point","coordinates":[-76.6924026,8.3396941]},"properties":{"nombre":"Escuela La Joba","tipo":"Educacion","tipo_equipamiento":"school","municipio":"NECOCLÍ","lat":8.3396941,"lon":-76.6924026,"fuente":"OSM","direccion":""}},{"type":"Feature","geometry":{"type":"Point","coordinates":[-76.7016429,8.3427742]},"properties":{"nombre":"Escuela La Joba","tipo":"Educacion","tipo_equipamiento":"school","municipio":"NECOCLÍ","lat":8.3427742,"lon":-76.7016429,"fuente":"OSM","direccion":""}},{"type":"Feature","geometry":{"type":"Point","coordinates":[-76.7320736,8.3868552]},"properties":{"nombre":"Escuela El Carlos","tipo":"Educacion","tipo_equipamiento":"school","municipio":"NECOCLÍ","lat":8.3868552,"lon":-76.7320736,"fuente":"OSM","direccion":""}},{"type":"Feature","geometry":{"type":"Point","coordinates":[-76.6429604,8.3854744]},"properties":{"nombre":"Escuela Bellavista","tipo":"Educacion","tipo_equipamiento":"school","municipio":"NECOCLÍ","lat":8.3854744,"lon":-76.6429604,"fuente":"OSM","direccion":""}},{"type":"Feature","geometry":{"type":"Point","coordinates":[-76.7280426,8.3541869]},"properties":{"nombre":"Escuela La Caña","tipo":"Educacion","tipo_equipamiento":"school","municipio":"NECOCLÍ","lat":8.3541869,"lon":-76.7280426,"fuente":"OSM","direccion":""}},{"type":"Feature","geometry":{"type":"Point","coordinates":[-76.7275237,8.3541146]},"properties":{"nombre":"Escuela La Caña","tipo":"Educacion","tipo_equipamiento":"school","municipio":"NECOCLÍ","lat":8.3541146,"lon":-76.7275237,"fuente":"OSM","direccion":""}},{"type":"Feature","geometry":{"type":"Point","coordinates":[-76.7279737,8.3541846]},"properties":{"nombre":"Escuela La Caña","tipo":"Educacion","tipo_equipamiento":"school","municipio":"NECOCLÍ","lat":8.3541846,"lon":-76.7279737,"fuente":"OSM","direccion":""}},{"type":"Feature","geometry":{"type":"Point","coordinates":[-76.6529504,8.4266351]},"properties":{"nombre":"Escuela Por Fuera","tipo":"Educacion","tipo_equipamiento":"school","municipio":"NECOCLÍ","lat":8.4266351,"lon":-76.6529504,"fuente":"OSM","direccion":""}},{"type":"Feature","geometry":{"type":"Point","coordinates":[-76.6453382,8.4165598]},"properties":{"nombre":"Escuela Pueblo Nuevo","tipo":"Educacion","tipo_equipamiento":"school","municipio":"NECOCLÍ","lat":8.4165598,"lon":-76.6453382,"fuente":"OSM","direccion":""}},{"type":"Feature","geometry":{"type":"Point","coordinates":[-76.5749102,8.12823]},"properties":{"nombre":"Escuela Caracoli","tipo":"Educacion","tipo_equipamiento":"school","municipio":"TURBO","lat":8.12823,"lon":-76.5749102,"fuente":"OSM","direccion":""}},{"type":"Feature","geometry":{"type":"Point","coordinates":[-76.5573899,8.0889293]},"properties":{"nombre":"Escuela Tio Lopez Medio","tipo":"Educacion","tipo_equipamiento":"school","municipio":"TURBO","lat":8.0889293,"lon":-76.5573899,"fuente":"OSM","direccion":""}},{"type":"Feature","geometry":{"type":"Point","coordinates":[-76.5891505,8.1525505]},"properties":{"nombre":"Escuela La Pedregosa","tipo":"Educacion","tipo_equipamiento":"school","municipio":"TURBO","lat":8.1525505,"lon":-76.5891505,"fuente":"OSM","direccion":""}},{"type":"Feature","geometry":{"type":"Point","coordinates":[-76.5886905,8.1513104]},"properties":{"nombre":"Escuela La Pedregosa","tipo":"Educacion","tipo_equipamiento":"school","municipio":"TURBO","lat":8.1513104,"lon":-76.5886905,"fuente":"OSM","direccion":""}},{"type":"Feature","geometry":{"type":"Point","coordinates":[-76.58685,8.2048712]},"properties":{"nombre":"Escuela Santa Barbara","tipo":"Educacion","tipo_equipamiento":"school","municipio":"TURBO","lat":8.2048712,"lon":-76.58685,"fuente":"OSM","direccion":""}},{"type":"Feature","geometry":{"type":"Point","coordinates":[-76.6348183,8.2108506]},"properties":{"nombre":"Escuela Las Mercedes","tipo":"Educacion","tipo_equipamiento":"school","municipio":"TURBO","lat":8.2108506,"lon":-76.6348183,"fuente":"OSM","direccion":""}},{"type":"Feature","geometry":{"type":"Point","coordinates":[-76.6289017,8.1801001]},"properties":{"nombre":"Escuela Caobal","tipo":"Educacion","tipo_equipamiento":"school","municipio":"TURBO","lat":8.1801001,"lon":-76.6289017,"fuente":"OSM","direccion":""}},{"type":"Feature","geometry":{"type":"Point","coordinates":[-76.6361013,8.2570424]},"properties":{"nombre":"Escuela La Yoya","tipo":"Educacion","tipo_equipamiento":"school","municipio":"TURBO","lat":8.2570424,"lon":-76.6361013,"fuente":"OSM","direccion":""}},{"type":"Feature","geometry":{"type":"Point","coordinates":[-76.6358813,8.2564824]},"properties":{"nombre":"Escuela La Yoya","tipo":"Educacion","tipo_equipamiento":"school","municipio":"TURBO","lat":8.2564824,"lon":-76.6358813,"fuente":"OSM","direccion":""}},{"type":"Feature","geometry":{"type":"Point","coordinates":[-76.5302871,8.1739047]},"properties":{"nombre":"Escuela Mono Macho","tipo":"Educacion","tipo_equipamiento":"school","municipio":"SAN PEDRO DE URABA","lat":8.1739047,"lon":-76.5302871,"fuente":"OSM","direccion":""}},{"type":"Feature","geometry":{"type":"Point","coordinates":[-76.5302882,8.1741403]},"properties":{"nombre":"Escuela Monomacho","tipo":"Educacion","tipo_equipamiento":"school","municipio":"SAN PEDRO DE URABA","lat":8.1741403,"lon":-76.5302882,"fuente":"OSM","direccion":""}},{"type":"Feature","geometry":{"type":"Point","coordinates":[-76.5185873,8.2382811]},"properties":{"nombre":"Escuela Sinai","tipo":"Educacion","tipo_equipamiento":"school","municipio":"SAN PEDRO DE URABA","lat":8.2382811,"lon":-76.5185873,"fuente":"OSM","direccion":""}},{"type":"Feature","geometry":{"type":"Point","coordinates":[-76.535058,8.2234611]},"properties":{"nombre":"Escuela Galilea","tipo":"Educacion","tipo_equipamiento":"school","municipio":"SAN PEDRO DE URABA","lat":8.2234611,"lon":-76.535058,"fuente":"OSM","direccion":""}},{"type":"Feature","geometry":{"type":"Point","coordinates":[-76.5022066,8.2492612]},"properties":{"nombre":"Escuela El Palmito","tipo":"Educacion","tipo_equipamiento":"school","municipio":"SAN PEDRO DE URABA","lat":8.2492612,"lon":-76.5022066,"fuente":"OSM","direccion":""}},{"type":"Feature","geometry":{"type":"Point","coordinates":[-76.5090067,8.2607914]},"properties":{"nombre":"Escuela Kuwait","tipo":"Educacion","tipo_equipamiento":"school","municipio":"SAN PEDRO DE URABA","lat":8.2607914,"lon":-76.5090067,"fuente":"OSM","direccion":""}},{"type":"Feature","geometry":{"type":"Point","coordinates":[-76.515925,8.2364611]},"properties":{"nombre":"Escuela Escuela Sina?","tipo":"Educacion","tipo_equipamiento":"school","municipio":"SAN PEDRO DE URABA","lat":8.2364611,"lon":-76.515925,"fuente":"OSM","direccion":""}},{"type":"Feature","geometry":{"type":"Point","coordinates":[-76.535168,8.222181]},"properties":{"nombre":"Escuela Galilea","tipo":"Educacion","tipo_equipamiento":"school","municipio":"SAN PEDRO DE URABA","lat":8.222181,"lon":-76.535168,"fuente":"OSM","direccion":""}},{"type":"Feature","geometry":{"type":"Point","coordinates":[-76.3690526,8.1644988]},"properties":{"nombre":"Escuela La Rula","tipo":"Educacion","tipo_equipamiento":"school","municipio":"SAN PEDRO DE URABA","lat":8.1644988,"lon":-76.3690526,"fuente":"OSM","direccion":""}},{"type":"Feature","geometry":{"type":"Point","coordinates":[-76.377343,8.1513387]},"properties":{"nombre":"Escuela El Rayo","tipo":"Educacion","tipo_equipamiento":"school","municipio":"SAN PEDRO DE URABA","lat":8.1513387,"lon":-76.377343,"fuente":"OSM","direccion":""}},{"type":"Feature","geometry":{"type":"Point","coordinates":[-76.3918441,8.1629768]},"properties":{"nombre":"Escuela Mayupa","tipo":"Educacion","tipo_equipamiento":"school","municipio":"SAN PEDRO DE URABA","lat":8.1629768,"lon":-76.3918441,"fuente":"OSM","direccion":""}},{"type":"Feature","geometry":{"type":"Point","coordinates":[-76.3789627,8.1896093]},"properties":{"nombre":"Escuela La Cabaña","tipo":"Educacion","tipo_equipamiento":"school","municipio":"SAN PEDRO DE URABA","lat":8.1896093,"lon":-76.3789627,"fuente":"OSM","direccion":""}},{"type":"Feature","geometry":{"type":"Point","coordinates":[-76.3788827,8.1894293]},"properties":{"nombre":"Escuela La Rula","tipo":"Educacion","tipo_equipamiento":"school","municipio":"SAN PEDRO DE URABA","lat":8.1894293,"lon":-76.3788827,"fuente":"OSM","direccion":""}},{"type":"Feature","geometry":{"type":"Point","coordinates":[-76.3951705,8.2348382]},"properties":{"nombre":"Escuela Villa Esther","tipo":"Educacion","tipo_equipamiento":"school","municipio":"SAN PEDRO DE URABA","lat":8.2348382,"lon":-76.3951705,"fuente":"OSM","direccion":""}},{"type":"Feature","geometry":{"type":"Point","coordinates":[-76.3576317,8.2154395]},"properties":{"nombre":"Escuela San Juancito Cedro","tipo":"Educacion","tipo_equipamiento":"school","municipio":"SAN PEDRO DE URABA","lat":8.2154395,"lon":-76.3576317,"fuente":"OSM","direccion":""}},{"type":"Feature","geometry":{"type":"Point","coordinates":[-76.3600619,8.2072594]},"properties":{"nombre":"Escuela Tacanal","tipo":"Educacion","tipo_equipamiento":"school","municipio":"SAN PEDRO DE URABA","lat":8.2072594,"lon":-76.3600619,"fuente":"OSM","direccion":""}},{"type":"Feature","geometry":{"type":"Point","coordinates":[-76.3576017,8.2147795]},"properties":{"nombre":"Escuela San Juancito Cedro","tipo":"Educacion","tipo_equipamiento":"school","municipio":"SAN PEDRO DE URABA","lat":8.2147795,"lon":-76.3576017,"fuente":"OSM","direccion":""}},{"type":"Feature","geometry":{"type":"Point","coordinates":[-76.358102,8.1913691]},"properties":{"nombre":"Escuela El Aji","tipo":"Educacion","tipo_equipamiento":"school","municipio":"SAN PEDRO DE URABA","lat":8.1913691,"lon":-76.358102,"fuente":"OSM","direccion":""}},{"type":"Feature","geometry":{"type":"Point","coordinates":[-76.3571517,8.2150895]},"properties":{"nombre":"Escuela San Juancito El Cedro","tipo":"Educacion","tipo_equipamiento":"school","municipio":"SAN PEDRO DE URABA","lat":8.2150895,"lon":-76.3571517,"fuente":"OSM","direccion":""}},{"type":"Feature","geometry":{"type":"Point","coordinates":[-76.3602019,8.2074594]},"properties":{"nombre":"Escuela Tacanal","tipo":"Educacion","tipo_equipamiento":"school","municipio":"SAN PEDRO DE URABA","lat":8.2074594,"lon":-76.3602019,"fuente":"OSM","direccion":""}},{"type":"Feature","geometry":{"type":"Point","coordinates":[-76.3444911,8.2387497]},"properties":{"nombre":"Escuela San Juancito Arriba","tipo":"Educacion","tipo_equipamiento":"school","municipio":"SAN PEDRO DE URABA","lat":8.2387497,"lon":-76.3444911,"fuente":"OSM","direccion":""}},{"type":"Feature","geometry":{"type":"Point","coordinates":[-76.3329605,8.2556998]},"properties":{"nombre":"Escuela Pueblito","tipo":"Educacion","tipo_equipamiento":"school","municipio":"SAN PEDRO DE URABA","lat":8.2556998,"lon":-76.3329605,"fuente":"OSM","direccion":""}},{"type":"Feature","geometry":{"type":"Point","coordinates":[-76.3529415,8.2278496]},"properties":{"nombre":"Escuela San Juancito Medio","tipo":"Educacion","tipo_equipamiento":"school","municipio":"SAN PEDRO DE URABA","lat":8.2278496,"lon":-76.3529415,"fuente":"OSM","direccion":""}},{"type":"Feature","geometry":{"type":"Point","coordinates":[-76.3575615,8.2483299]},"properties":{"nombre":"Escuela El Piru","tipo":"Educacion","tipo_equipamiento":"school","municipio":"SAN PEDRO DE URABA","lat":8.2483299,"lon":-76.3575615,"fuente":"OSM","direccion":""}},{"type":"Feature","geometry":{"type":"Point","coordinates":[-76.5675984,8.3052525]},"properties":{"nombre":"Escuela Brazo Izquierdo","tipo":"Educacion","tipo_equipamiento":"school","municipio":"SAN PEDRO DE URABA","lat":8.3052525,"lon":-76.5675984,"fuente":"OSM","direccion":""}},{"type":"Feature","geometry":{"type":"Point","coordinates":[-76.5685786,8.2887623]},"properties":{"nombre":"Escuela Brazo Izquierdo","tipo":"Educacion","tipo_equipamiento":"school","municipio":"SAN PEDRO DE URABA","lat":8.2887623,"lon":-76.5685786,"fuente":"OSM","direccion":""}},{"type":"Feature","geometry":{"type":"Point","coordinates":[-76.6230396,8.2707681]},"properties":{"nombre":"Escuela Nueva Tulapa","tipo":"Educacion","tipo_equipamiento":"school","municipio":"TURBO","lat":8.2707681,"lon":-76.6230396,"fuente":"OSM","direccion":""}},{"type":"Feature","geometry":{"type":"Point","coordinates":[-76.6131502,8.2925527]},"properties":{"nombre":"Escuela Porvenir Tulapa","tipo":"Educacion","tipo_equipamiento":"school","municipio":"SAN PEDRO DE URABA","lat":8.2925527,"lon":-76.6131502,"fuente":"OSM","direccion":""}},{"type":"Feature","geometry":{"type":"Point","coordinates":[-76.5886093,8.2958226]},"properties":{"nombre":"Escuela La Pita","tipo":"Educacion","tipo_equipamiento":"school","municipio":"SAN PEDRO DE URABA","lat":8.2958226,"lon":-76.5886093,"fuente":"OSM","direccion":""}},{"type":"Feature","geometry":{"type":"Point","coordinates":[-76.6314561,8.3260189]},"properties":{"nombre":"Escuela Yoki Machena","tipo":"Educacion","tipo_equipamiento":"school","municipio":"NECOCLÍ","lat":8.3260189,"lon":-76.6314561,"fuente":"OSM","direccion":""}},{"type":"Feature","geometry":{"type":"Point","coordinates":[-76.6322806,8.3258034]},"properties":{"nombre":"Escuela Yoki Machena","tipo":"Educacion","tipo_equipamiento":"school","municipio":"NECOCLÍ","lat":8.3258034,"lon":-76.6322806,"fuente":"OSM","direccion":""}},{"type":"Feature","geometry":{"type":"Point","coordinates":[-76.6320605,8.3260134]},"properties":{"nombre":"Escuela Yoki Machena","tipo":"Educacion","tipo_equipamiento":"school","municipio":"NECOCLÍ","lat":8.3260134,"lon":-76.6320605,"fuente":"OSM","direccion":""}},{"type":"Feature","geometry":{"type":"Point","coordinates":[-76.6164511,8.3096891]},"properties":{"nombre":"Escuela Cielo Azul","tipo":"Educacion","tipo_equipamiento":"school","municipio":"NECOCLÍ","lat":8.3096891,"lon":-76.6164511,"fuente":"OSM","direccion":""}},{"type":"Feature","geometry":{"type":"Point","coordinates":[-76.6112998,8.3279833]},"properties":{"nombre":"Escuela La Coroza","tipo":"Educacion","tipo_equipamiento":"school","municipio":"NECOCLÍ","lat":8.3279833,"lon":-76.6112998,"fuente":"OSM","direccion":""}},{"type":"Feature","geometry":{"type":"Point","coordinates":[-76.6075662,8.3457413]},"properties":{"nombre":"Escuela Paraiso","tipo":"Educacion","tipo_equipamiento":"school","municipio":"NECOCLÍ","lat":8.3457413,"lon":-76.6075662,"fuente":"OSM","direccion":""}},{"type":"Feature","geometry":{"type":"Point","coordinates":[-76.610622,8.3283799]},"properties":{"nombre":"Escuela El Volcán","tipo":"Educacion","tipo_equipamiento":"school","municipio":"NECOCLÍ","lat":8.3283799,"lon":-76.610622,"fuente":"OSM","direccion":""}},{"type":"Feature","geometry":{"type":"Point","coordinates":[-76.6075395,8.3455635]},"properties":{"nombre":"Escuela Paraiso Tulapa","tipo":"Educacion","tipo_equipamiento":"school","municipio":"NECOCLÍ","lat":8.3455635,"lon":-76.6075395,"fuente":"OSM","direccion":""}},{"type":"Feature","geometry":{"type":"Point","coordinates":[-76.6108198,8.3283433]},"properties":{"nombre":"Escuela La Coroza","tipo":"Educacion","tipo_equipamiento":"school","municipio":"NECOCLÍ","lat":8.3283433,"lon":-76.6108198,"fuente":"OSM","direccion":""}},{"type":"Feature","geometry":{"type":"Point","coordinates":[-76.5825288,8.3235129]},"properties":{"nombre":"Escuela La Pitica","tipo":"Educacion","tipo_equipamiento":"school","municipio":"SAN PEDRO DE URABA","lat":8.3235129,"lon":-76.5825288,"fuente":"OSM","direccion":""}},{"type":"Feature","geometry":{"type":"Point","coordinates":[-76.5833288,8.3233229]},"properties":{"nombre":"Escuela La Pitica","tipo":"Educacion","tipo_equipamiento":"school","municipio":"SAN PEDRO DE URABA","lat":8.3233229,"lon":-76.5833288,"fuente":"OSM","direccion":""}},{"type":"Feature","geometry":{"type":"Point","coordinates":[-76.5691682,8.3432731]},"properties":{"nombre":"Escuela Islita Central","tipo":"Educacion","tipo_equipamiento":"school","municipio":"SAN PEDRO DE URABA","lat":8.3432731,"lon":-76.5691682,"fuente":"OSM","direccion":""}},{"type":"Feature","geometry":{"type":"Point","coordinates":[-76.5192769,8.2820418]},"properties":{"nombre":"Escuela El Barrial","tipo":"Educacion","tipo_equipamiento":"school","municipio":"SAN PEDRO DE URABA","lat":8.2820418,"lon":-76.5192769,"fuente":"OSM","direccion":""}},{"type":"Feature","geometry":{"type":"Point","coordinates":[-76.519508,8.2820451]},"properties":{"nombre":"Escuela El Barrial","tipo":"Educacion","tipo_equipamiento":"school","municipio":"SAN PEDRO DE URABA","lat":8.2820451,"lon":-76.519508,"fuente":"OSM","direccion":""}},{"type":"Feature","geometry":{"type":"Point","coordinates":[-76.5009362,8.2931218]},"properties":{"nombre":"Escuela Siete De Agosto","tipo":"Educacion","tipo_equipamiento":"school","municipio":"SAN PEDRO DE URABA","lat":8.2931218,"lon":-76.5009362,"fuente":"OSM","direccion":""}},{"type":"Feature","geometry":{"type":"Point","coordinates":[-76.5013062,8.2932918]},"properties":{"nombre":"Escuela Siete De Agosto","tipo":"Educacion","tipo_equipamiento":"school","municipio":"SAN PEDRO DE URABA","lat":8.2932918,"lon":-76.5013062,"fuente":"OSM","direccion":""}},{"type":"Feature","geometry":{"type":"Point","coordinates":[-76.5195769,8.2821318]},"properties":{"nombre":"Escuela El Barrial","tipo":"Educacion","tipo_equipamiento":"school","municipio":"SAN PEDRO DE URABA","lat":8.2821318,"lon":-76.5195769,"fuente":"OSM","direccion":""}},{"type":"Feature","geometry":{"type":"Point","coordinates":[-76.6206996,8.3926743]},"properties":{"nombre":"Escuela Cenizoza","tipo":"Educacion","tipo_equipamiento":"school","municipio":"NECOCLÍ","lat":8.3926743,"lon":-76.6206996,"fuente":"OSM","direccion":""}},{"type":"Feature","geometry":{"type":"Point","coordinates":[-76.6207596,8.3928543]},"properties":{"nombre":"Escuela Cenizosa","tipo":"Educacion","tipo_equipamiento":"school","municipio":"NECOCLÍ","lat":8.3928543,"lon":-76.6207596,"fuente":"OSM","direccion":""}},{"type":"Feature","geometry":{"type":"Point","coordinates":[-76.63069,8.3797242]},"properties":{"nombre":"Escuela El Volcan","tipo":"Educacion","tipo_equipamiento":"school","municipio":"NECOCLÍ","lat":8.3797242,"lon":-76.63069,"fuente":"OSM","direccion":""}},{"type":"Feature","geometry":{"type":"Point","coordinates":[-76.3333802,8.2967804]},"properties":{"nombre":"Escuela Guartinajos","tipo":"Educacion","tipo_equipamiento":"school","municipio":"SAN PEDRO DE URABA","lat":8.2967804,"lon":-76.3333802,"fuente":"OSM","direccion":""}},{"type":"Feature","geometry":{"type":"Point","coordinates":[-76.3107995,8.28004]},"properties":{"nombre":"Escuela Filopancho","tipo":"Educacion","tipo_equipamiento":"school","municipio":"SAN PEDRO DE URABA","lat":8.28004,"lon":-76.3107995,"fuente":"OSM","direccion":""}},{"type":"Feature","geometry":{"type":"Point","coordinates":[-76.3213797,8.3013304]},"properties":{"nombre":"Escuela Las Pavas","tipo":"Educacion","tipo_equipamiento":"school","municipio":"SAN PEDRO DE URABA","lat":8.3013304,"lon":-76.3213797,"fuente":"OSM","direccion":""}},{"type":"Feature","geometry":{"type":"Point","coordinates":[-76.3379005,8.2783202]},"properties":{"nombre":"Escuela Zumbido","tipo":"Educacion","tipo_equipamiento":"school","municipio":"SAN PEDRO DE URABA","lat":8.2783202,"lon":-76.3379005,"fuente":"OSM","direccion":""}},{"type":"Feature","geometry":{"type":"Point","coordinates":[-76.349471,8.2698702]},"properties":{"nombre":"Escuela Quebrada Del Medio","tipo":"Educacion","tipo_equipamiento":"school","municipio":"SAN PEDRO DE URABA","lat":8.2698702,"lon":-76.349471,"fuente":"OSM","direccion":""}},{"type":"Feature","geometry":{"type":"Point","coordinates":[-76.3043891,8.3064103]},"properties":{"nombre":"Escuela Montecarlo","tipo":"Educacion","tipo_equipamiento":"school","municipio":"SAN PEDRO DE URABA","lat":8.3064103,"lon":-76.3043891,"fuente":"OSM","direccion":""}},{"type":"Feature","geometry":{"type":"Point","coordinates":[-76.3187295,8.3195907]},"properties":{"nombre":"Escuela Almagrita","tipo":"Educacion","tipo_equipamiento":"school","municipio":"SAN PEDRO DE URABA","lat":8.3195907,"lon":-76.3187295,"fuente":"OSM","direccion":""}},{"type":"Feature","geometry":{"type":"Point","coordinates":[-76.3607408,8.3379813]},"properties":{"nombre":"Escuela Botella De Oro","tipo":"Educacion","tipo_equipamiento":"school","municipio":"SAN PEDRO DE URABA","lat":8.3379813,"lon":-76.3607408,"fuente":"OSM","direccion":""}},{"type":"Feature","geometry":{"type":"Point","coordinates":[-76.3235195,8.3439811]},"properties":{"nombre":"Escuela Almagra","tipo":"Educacion","tipo_equipamiento":"school","municipio":"SAN PEDRO DE URABA","lat":8.3439811,"lon":-76.3235195,"fuente":"OSM","direccion":""}},{"type":"Feature","geometry":{"type":"Point","coordinates":[-76.3866309,8.4355529]},"properties":{"nombre":"Escuela Parcelacion Nuevo Horizonte","tipo":"Educacion","tipo_equipamiento":"school","municipio":"SAN PEDRO DE URABA","lat":8.4355529,"lon":-76.3866309,"fuente":"OSM","direccion":""}},{"type":"Feature","geometry":{"type":"Point","coordinates":[-76.3901316,8.370332]},"properties":{"nombre":"Escuela Tiodocto","tipo":"Educacion","tipo_equipamiento":"school","municipio":"SAN PEDRO DE URABA","lat":8.370332,"lon":-76.3901316,"fuente":"OSM","direccion":""}},{"type":"Feature","geometry":{"type":"Point","coordinates":[-76.3899316,8.370582]},"properties":{"nombre":"Escuela Tio Docto","tipo":"Educacion","tipo_equipamiento":"school","municipio":"SAN PEDRO DE URABA","lat":8.370582,"lon":-76.3899316,"fuente":"OSM","direccion":""}},{"type":"Feature","geometry":{"type":"Point","coordinates":[-76.4227718,8.483964]},"properties":{"nombre":"Escuela Platas Arriba","tipo":"Educacion","tipo_equipamiento":"school","municipio":"SAN PEDRO DE URABA","lat":8.483964,"lon":-76.4227718,"fuente":"OSM","direccion":""}},{"type":"Feature","geometry":{"type":"Point","coordinates":[-76.4225217,8.484404]},"properties":{"nombre":"Escuela Platas Arriba","tipo":"Educacion","tipo_equipamiento":"school","municipio":"SAN PEDRO DE URABA","lat":8.484404,"lon":-76.4225217,"fuente":"OSM","direccion":""}},{"type":"Feature","geometry":{"type":"Point","coordinates":[-76.3359088,8.472133]},"properties":{"nombre":"Escuela Arenosa Naranjita","tipo":"Educacion","tipo_equipamiento":"school","municipio":"SAN PEDRO DE URABA","lat":8.472133,"lon":-76.3359088,"fuente":"OSM","direccion":""}},{"type":"Feature","geometry":{"type":"Point","coordinates":[-77.0513576,8.0833632]},"properties":{"nombre":"Escuela Ticoló","tipo":"Educacion","tipo_equipamiento":"school","municipio":"TURBO","lat":8.0833632,"lon":-77.0513576,"fuente":"OSM","direccion":""}},{"type":"Feature","geometry":{"type":"Point","coordinates":[-77.0853585,8.1225041]},"properties":{"nombre":"Escuela Ticole","tipo":"Educacion","tipo_equipamiento":"school","municipio":"TURBO","lat":8.1225041,"lon":-77.0853585,"fuente":"OSM","direccion":""}},{"type":"Feature","geometry":{"type":"Point","coordinates":[-77.0223657,8.1890446]},"properties":{"nombre":"Escuela Tanela","tipo":"Educacion","tipo_equipamiento":"school","municipio":"TURBO","lat":8.1890446,"lon":-77.0223657,"fuente":"OSM","direccion":""}},{"type":"Feature","geometry":{"type":"Point","coordinates":[-77.0964277,8.2616263]},"properties":{"nombre":"Escuela Parcelas Capitan","tipo":"Educacion","tipo_equipamiento":"school","municipio":"NECOCLÍ","lat":8.2616263,"lon":-77.0964277,"fuente":"OSM","direccion":""}},{"type":"Feature","geometry":{"type":"Point","coordinates":[-76.342183,8.0008462]},"properties":{"nombre":"Escuela Murmullo Medio","tipo":"Educacion","tipo_equipamiento":"school","municipio":"SAN PEDRO DE URABA","lat":8.0008462,"lon":-76.342183,"fuente":"OSM","direccion":""}},{"type":"Feature","geometry":{"type":"Point","coordinates":[-76.3043214,8.0286163]},"properties":{"nombre":"Escuela Quebrada Linda","tipo":"Educacion","tipo_equipamiento":"school","municipio":"SAN PEDRO DE URABA","lat":8.0286163,"lon":-76.3043214,"fuente":"OSM","direccion":""}},{"type":"Feature","geometry":{"type":"Point","coordinates":[-76.3271621,8.0434467]},"properties":{"nombre":"Escuela Puerto Rico","tipo":"Educacion","tipo_equipamiento":"school","municipio":"SAN PEDRO DE URABA","lat":8.0434467,"lon":-76.3271621,"fuente":"OSM","direccion":""}},{"type":"Feature","geometry":{"type":"Point","coordinates":[-76.3462024,8.0833875]},"properties":{"nombre":"Escuela Guacimo","tipo":"Educacion","tipo_equipamiento":"school","municipio":"SAN PEDRO DE URABA","lat":8.0833875,"lon":-76.3462024,"fuente":"OSM","direccion":""}},{"type":"Feature","geometry":{"type":"Point","coordinates":[-76.3201415,8.0846873]},"properties":{"nombre":"Escuela Guadual Piedra Playa","tipo":"Educacion","tipo_equipamiento":"school","municipio":"SAN PEDRO DE URABA","lat":8.0846873,"lon":-76.3201415,"fuente":"OSM","direccion":""}},{"type":"Feature","geometry":{"type":"Point","coordinates":[-76.4024126,8.0923909]},"properties":{"nombre":"Escuela Maunel Cuello","tipo":"Educacion","tipo_equipamiento":"school","municipio":"SAN PEDRO DE URABA","lat":8.0923909,"lon":-76.4024126,"fuente":"OSM","direccion":""}},{"type":"Feature","geometry":{"type":"Point","coordinates":[-76.3445822,8.1092578]},"properties":{"nombre":"Escuela Guadual Central","tipo":"Educacion","tipo_equipamiento":"school","municipio":"SAN PEDRO DE URABA","lat":8.1092578,"lon":-76.3445822,"fuente":"OSM","direccion":""}},{"type":"Feature","geometry":{"type":"Point","coordinates":[-76.3081499,8.2274592]},"properties":{"nombre":"Escuela Piru Arriba","tipo":"Educacion","tipo_equipamiento":"school","municipio":"SAN PEDRO DE URABA","lat":8.2274592,"lon":-76.3081499,"fuente":"OSM","direccion":""}},{"type":"Feature","geometry":{"type":"Point","coordinates":[-76.4152139,7.7451036]},"properties":{"nombre":"Escuela","tipo":"Educacion","tipo_equipamiento":"school","municipio":"CAREPA","lat":7.7451036,"lon":-76.4152139,"fuente":"OSM","direccion":""}},{"type":"Feature","geometry":{"type":"Point","coordinates":[-76.4127083,7.7444453]},"properties":{"nombre":"Iglesia","tipo":"Culto","tipo_equipamiento":"place_of_worship","municipio":"CAREPA","lat":7.7444453,"lon":-76.4127083,"fuente":"OSM","direccion":""}},{"type":"Feature","geometry":{"type":"Point","coordinates":[-76.6324353,7.8827184]},"properties":{"nombre":"[place_of_worship]","tipo":"Culto","tipo_equipamiento":"place_of_worship","municipio":"APARTADO","lat":7.8827184,"lon":-76.6324353,"fuente":"OSM","direccion":""}},{"type":"Feature","geometry":{"type":"Point","coordinates":[-76.8465274,7.5303017]},"properties":{"nombre":"Escuela Bella Rosa","tipo":"Educacion","tipo_equipamiento":"school","municipio":"CHIGORODO","lat":7.5303017,"lon":-76.8465274,"fuente":"OSM","direccion":""}},{"type":"Feature","geometry":{"type":"Point","coordinates":[-76.6344803,7.8843569]},"properties":{"nombre":"Biblioteca Escolar Madre Laura","tipo":"Cultura","tipo_equipamiento":"library","municipio":"APARTADO","lat":7.8843569,"lon":-76.6344803,"fuente":"OSM","direccion":""}},{"type":"Feature","geometry":{"type":"Point","coordinates":[-76.7164029,8.101354]},"properties":{"nombre":"Universidad de Antioquia","tipo":"Cultura","tipo_equipamiento":"library","municipio":"TURBO","lat":8.101354,"lon":-76.7164029,"fuente":"OSM","direccion":""}},{"type":"Feature","geometry":{"type":"Point","coordinates":[-76.5572704,7.7458968]},"properties":{"nombre":"Escuela","tipo":"Educacion","tipo_equipamiento":"school","municipio":"CAREPA","lat":7.7458968,"lon":-76.5572704,"fuente":"OSM","direccion":""}},{"type":"Feature","geometry":{"type":"Point","coordinates":[-76.7274756,8.0913751]},"properties":{"nombre":"[clinic]","tipo":"Salud","tipo_equipamiento":"clinic","municipio":"TURBO","lat":8.0913751,"lon":-76.7274756,"fuente":"OSM","direccion":""}},{"type":"Feature","geometry":{"type":"Point","coordinates":[-76.716423,8.1007354]},"properties":{"nombre":"[library]","tipo":"Cultura","tipo_equipamiento":"library","municipio":"TURBO","lat":8.1007354,"lon":-76.716423,"fuente":"OSM","direccion":""}},{"type":"Feature","geometry":{"type":"Point","coordinates":[-76.721403,8.0998257]},"properties":{"nombre":"[place_of_worship]","tipo":"Culto","tipo_equipamiento":"place_of_worship","municipio":"TURBO","lat":8.0998257,"lon":-76.721403,"fuente":"OSM","direccion":""}},{"type":"Feature","geometry":{"type":"Point","coordinates":[-76.7171175,7.9356149]},"properties":{"nombre":"Iglesia Católica San José","tipo":"Culto","tipo_equipamiento":"place_of_worship","municipio":"APARTADO","lat":7.9356149,"lon":-76.7171175,"fuente":"OSM","direccion":""}},{"type":"Feature","geometry":{"type":"Point","coordinates":[-76.7184264,7.9375914]},"properties":{"nombre":"Estación de Policia","tipo":"Seguridad","tipo_equipamiento":"police","municipio":"APARTADO","lat":7.9375914,"lon":-76.7184264,"fuente":"OSM","direccion":""}},{"type":"Feature","geometry":{"type":"Point","coordinates":[-76.7131908,7.9365925]},"properties":{"nombre":"CDI Radiente Sonrisa","tipo":"Cultura","tipo_equipamiento":"community_centre","municipio":"APARTADO","lat":7.9365925,"lon":-76.7131908,"fuente":"OSM","direccion":""}},{"type":"Feature","geometry":{"type":"Point","coordinates":[-76.7182118,7.936635]},"properties":{"nombre":"Centro de Salud","tipo":"Salud","tipo_equipamiento":"hospital","municipio":"APARTADO","lat":7.936635,"lon":-76.7182118,"fuente":"OSM","direccion":""}},{"type":"Feature","geometry":{"type":"Point","coordinates":[-76.7151796,7.9314092]},"properties":{"nombre":"SENA","tipo":"Educacion","tipo_equipamiento":"university","municipio":"APARTADO","lat":7.9314092,"lon":-76.7151796,"fuente":"OSM","direccion":""}},{"type":"Feature","geometry":{"type":"Point","coordinates":[-76.7169244,7.933851]},"properties":{"nombre":"Iglesia interamericana","tipo":"Culto","tipo_equipamiento":"place_of_worship","municipio":"APARTADO","lat":7.933851,"lon":-76.7169244,"fuente":"OSM","direccion":""}},{"type":"Feature","geometry":{"type":"Point","coordinates":[-76.5616583,7.8842016]},"properties":{"nombre":"Centro Educativo El Marianito","tipo":"Educacion","tipo_equipamiento":"school","municipio":"APARTADO","lat":7.8842016,"lon":-76.5616583,"fuente":"OSM","direccion":""}},{"type":"Feature","geometry":{"type":"Point","coordinates":[-76.6830988,7.6738546]},"properties":{"nombre":"Colegio El Camping","tipo":"Educacion","tipo_equipamiento":"school","municipio":"CHIGORODO","lat":7.6738546,"lon":-76.6830988,"fuente":"OSM","direccion":""}},{"type":"Feature","geometry":{"type":"Point","coordinates":[-76.6772816,7.6674423]},"properties":{"nombre":"Colegio Nuestro Esfuerzo","tipo":"Educacion","tipo_equipamiento":"school","municipio":"CHIGORODO","lat":7.6674423,"lon":-76.6772816,"fuente":"OSM","direccion":""}},{"type":"Feature","geometry":{"type":"Point","coordinates":[-76.6771128,7.6677004]},"properties":{"nombre":"Barrio Ferrini","tipo":"Educacion","tipo_equipamiento":"school","municipio":"CHIGORODO","lat":7.6677004,"lon":-76.6771128,"fuente":"OSM","direccion":""}},{"type":"Feature","geometry":{"type":"Point","coordinates":[-76.6777639,7.669929]},"properties":{"nombre":"Escuela Simón Bolivar","tipo":"Educacion","tipo_equipamiento":"school","municipio":"CHIGORODO","lat":7.669929,"lon":-76.6777639,"fuente":"OSM","direccion":""}},{"type":"Feature","geometry":{"type":"Point","coordinates":[-76.6796612,7.6699165]},"properties":{"nombre":"Plaza de Mercado","tipo":"Comercio","tipo_equipamiento":"marketplace","municipio":"CHIGORODO","lat":7.6699165,"lon":-76.6796612,"fuente":"OSM","direccion":""}},{"type":"Feature","geometry":{"type":"Point","coordinates":[-76.683522,7.6667328]},"properties":{"nombre":"Iglesía Pentecostal Unida de Colombia","tipo":"Culto","tipo_equipamiento":"place_of_worship","municipio":"CHIGORODÓ","lat":7.6667328,"lon":-76.683522,"fuente":"OSM","direccion":""}},{"type":"Feature","geometry":{"type":"Point","coordinates":[-76.6883463,7.6676397]},"properties":{"nombre":"Institución Educativa","tipo":"Educacion","tipo_equipamiento":"school","municipio":"CHIGORODO","lat":7.6676397,"lon":-76.6883463,"fuente":"OSM","direccion":""}},{"type":"Feature","geometry":{"type":"Point","coordinates":[-76.6855906,7.6722951]},"properties":{"nombre":"Iglesía","tipo":"Culto","tipo_equipamiento":"place_of_worship","municipio":"CHIGORODO","lat":7.6722951,"lon":-76.6855906,"fuente":"OSM","direccion":""}},{"type":"Feature","geometry":{"type":"Point","coordinates":[-76.6901317,7.6702391]},"properties":{"nombre":"Iglesía","tipo":"Culto","tipo_equipamiento":"place_of_worship","municipio":"CHIGORODO","lat":7.6702391,"lon":-76.6901317,"fuente":"OSM","direccion":""}},{"type":"Feature","geometry":{"type":"Point","coordinates":[-76.677919,7.660587]},"properties":{"nombre":"Iglesía San Pedro Claver","tipo":"Culto","tipo_equipamiento":"place_of_worship","municipio":"CHIGORODO","lat":7.660587,"lon":-76.677919,"fuente":"OSM","direccion":""}},{"type":"Feature","geometry":{"type":"Point","coordinates":[-76.6876513,7.6728011]},"properties":{"nombre":"Hospital María Auxiliadora","tipo":"Salud","tipo_equipamiento":"hospital","municipio":"CHIGORODÓ","lat":7.6728011,"lon":-76.6876513,"fuente":"OSM","direccion":"Carrera 108A"}},{"type":"Feature","geometry":{"type":"Point","coordinates":[-76.6482445,7.8095913]},"properties":{"nombre":"Base Antin","tipo":"Seguridad","tipo_equipamiento":"police","municipio":"CAREPA","lat":7.8095913,"lon":-76.6482445,"fuente":"OSM","direccion":""}},{"type":"Feature","geometry":{"type":"Point","coordinates":[-76.78393,8.424319]},"properties":{"nombre":"Hospital San Sebastián de Urabá","tipo":"Salud","tipo_equipamiento":"hospital","municipio":"NECOCLÍ","lat":8.424319,"lon":-76.78393,"fuente":"OSM","direccion":"Carrera 50"}},{"type":"Feature","geometry":{"type":"Point","coordinates":[-76.65483,7.750753]},"properties":{"nombre":"Hospital Francisco Luis Jimenez Martínez","tipo":"Salud","tipo_equipamiento":"hospital","municipio":"CAREPA","lat":7.750753,"lon":-76.65483,"fuente":"OSM","direccion":"Calle 70"}},{"type":"Feature","geometry":{"type":"Point","coordinates":[-76.5621245,7.8842128]},"properties":{"nombre":"Centro Médico","tipo":"Salud","tipo_equipamiento":"hospital","municipio":"APARTADO","lat":7.8842128,"lon":-76.5621245,"fuente":"OSM","direccion":""}},{"type":"Feature","geometry":{"type":"Point","coordinates":[-76.5618593,7.8841736]},"properties":{"nombre":"Salón Comunal","tipo":"Cultura","tipo_equipamiento":"community_centre","municipio":"APARTADO","lat":7.8841736,"lon":-76.5618593,"fuente":"OSM","direccion":""}},{"type":"Feature","geometry":{"type":"Point","coordinates":[-76.5320155,7.8955614]},"properties":{"nombre":"Centro Educativo Rural Buenos Aires","tipo":"Educacion","tipo_equipamiento":"school","municipio":"APARTADO","lat":7.8955614,"lon":-76.5320155,"fuente":"OSM","direccion":""}},{"type":"Feature","geometry":{"type":"Point","coordinates":[-76.5620313,7.8842136]},"properties":{"nombre":"Capilla","tipo":"Culto","tipo_equipamiento":"place_of_worship","municipio":"APARTADO","lat":7.8842136,"lon":-76.5620313,"fuente":"OSM","direccion":""}},{"type":"Feature","geometry":{"type":"Point","coordinates":[-76.6332112,7.8797116]},"properties":{"nombre":"Centro Odontológico Santa Ines","tipo":"Salud","tipo_equipamiento":"hospital","municipio":"APARTADO","lat":7.8797116,"lon":-76.6332112,"fuente":"OSM","direccion":""}},{"type":"Feature","geometry":{"type":"Point","coordinates":[-76.7040297,8.3227283]},"properties":{"nombre":"Escuela Aguas Claras","tipo":"Educacion","tipo_equipamiento":"school","municipio":"NECOCLÍ","lat":8.3227283,"lon":-76.7040297,"fuente":"OSM","direccion":""}},{"type":"Feature","geometry":{"type":"Point","coordinates":[-76.7287597,8.1649386]},"properties":{"nombre":"Escuela Cope","tipo":"Educacion","tipo_equipamiento":"school","municipio":"TURBO","lat":8.1649386,"lon":-76.7287597,"fuente":"OSM","direccion":""}},{"type":"Feature","geometry":{"type":"Point","coordinates":[-76.6315182,7.8840777]},"properties":{"nombre":"IDMJI Apartado","tipo":"Cultura","tipo_equipamiento":"community_centre","municipio":"APARTADO","lat":7.8840777,"lon":-76.6315182,"fuente":"OSM","direccion":"Calle 101"}},{"type":"Feature","geometry":{"type":"Point","coordinates":[-76.6366731,7.8696405]},"properties":{"nombre":"Universidad de Antioquia - Sede Apartadó","tipo":"Educacion","tipo_equipamiento":"university","municipio":"APARTADO","lat":7.8696405,"lon":-76.6366731,"fuente":"OSM","direccion":""}},{"type":"Feature","geometry":{"type":"Point","coordinates":[-76.6848353,7.6705716]},"properties":{"nombre":"Estación de Policía","tipo":"Seguridad","tipo_equipamiento":"police","municipio":"CHIGORODO","lat":7.6705716,"lon":-76.6848353,"fuente":"OSM","direccion":"Carrera 105"}},{"type":"Feature","geometry":{"type":"Point","coordinates":[-76.7347287,8.0671633]},"properties":{"nombre":"Guardacosta","tipo":"Seguridad","tipo_equipamiento":"police","municipio":"TURBO","lat":8.0671633,"lon":-76.7347287,"fuente":"OSM","direccion":""}},{"type":"Feature","geometry":{"type":"Point","coordinates":[-76.6787669,7.6587059]},"properties":{"nombre":"Iglesia Pentecostal Unida de Colombia","tipo":"Culto","tipo_equipamiento":"place_of_worship","municipio":"CHIGORODO","lat":7.6587059,"lon":-76.6787669,"fuente":"OSM","direccion":""}},{"type":"Feature","geometry":{"type":"Point","coordinates":[-76.7828155,8.4246933]},"properties":{"nombre":"Plaza de mercado Necoclí","tipo":"Cultura","tipo_equipamiento":"community_centre","municipio":"NECOCLÍ","lat":8.4246933,"lon":-76.7828155,"fuente":"OSM","direccion":""}},{"type":"Feature","geometry":{"type":"Point","coordinates":[-77.0918222,8.0404985]},"properties":{"nombre":"Biblioteca pública municipal","tipo":"Cultura","tipo_equipamiento":"library","municipio":"TURBO","lat":8.0404985,"lon":-77.0918222,"fuente":"OSM","direccion":""}},{"type":"Feature","geometry":{"type":"Point","coordinates":[-76.7208005,8.1035562]},"properties":{"nombre":"iglesia adventista del septimo dia renacer","tipo":"Culto","tipo_equipamiento":"place_of_worship","municipio":"TURBO","lat":8.1035562,"lon":-76.7208005,"fuente":"OSM","direccion":""}},{"type":"Feature","geometry":{"type":"Point","coordinates":[-76.7387433,8.0929435]},"properties":{"nombre":"iglesia adventista del septimo dia zaret","tipo":"Culto","tipo_equipamiento":"place_of_worship","municipio":"TURBO","lat":8.0929435,"lon":-76.7387433,"fuente":"OSM","direccion":""}},{"type":"Feature","geometry":{"type":"Point","coordinates":[-76.7258999,8.0882469]},"properties":{"nombre":"Institucion Educativa Angel Milan Perea","tipo":"Educacion","tipo_equipamiento":"school","municipio":"TURBO","lat":8.0882469,"lon":-76.7258999,"fuente":"OSM","direccion":"Calle 98"}},{"type":"Feature","geometry":{"type":"Point","coordinates":[-76.7308273,8.1010909]},"properties":{"nombre":"Divino Ecce Homo","tipo":"Culto","tipo_equipamiento":"place_of_worship","municipio":"TURBO","lat":8.1010909,"lon":-76.7308273,"fuente":"OSM","direccion":"Carrera 14"}},{"type":"Feature","geometry":{"type":"Point","coordinates":[-76.7327608,8.0952539]},"properties":{"nombre":"turbo antioquia cerrado temporalmente","tipo":"Educacion","tipo_equipamiento":"university","municipio":"TURBO","lat":8.0952539,"lon":-76.7327608,"fuente":"OSM","direccion":""}},{"type":"Feature","geometry":{"type":"Point","coordinates":[-76.7373099,8.0963799]},"properties":{"nombre":"Iglesia Adventista del Septimo Dia Nazareth","tipo":"Culto","tipo_equipamiento":"place_of_worship","municipio":"TURBO","lat":8.0963799,"lon":-76.7373099,"fuente":"OSM","direccion":""}},{"type":"Feature","geometry":{"type":"Point","coordinates":[-76.7260749,8.0978399]},"properties":{"nombre":"iglesia adventista Emanuel central","tipo":"Culto","tipo_equipamiento":"place_of_worship","municipio":"TURBO","lat":8.0978399,"lon":-76.7260749,"fuente":"OSM","direccion":""}},{"type":"Feature","geometry":{"type":"Point","coordinates":[-76.7264713,8.0976857]},"properties":{"nombre":"centro cristiano rios agua viva","tipo":"Culto","tipo_equipamiento":"place_of_worship","municipio":"TURBO","lat":8.0976857,"lon":-76.7264713,"fuente":"OSM","direccion":""}},{"type":"Feature","geometry":{"type":"Point","coordinates":[-76.7261882,8.0984005]},"properties":{"nombre":"iglesia adventista del septimo dia (emanuel)","tipo":"Culto","tipo_equipamiento":"place_of_worship","municipio":"TURBO","lat":8.0984005,"lon":-76.7261882,"fuente":"OSM","direccion":""}},{"type":"Feature","geometry":{"type":"Point","coordinates":[-76.727703,8.0990172]},"properties":{"nombre":"iglesia movimiento misionero  mundial","tipo":"Culto","tipo_equipamiento":"place_of_worship","municipio":"TURBO","lat":8.0990172,"lon":-76.727703,"fuente":"OSM","direccion":""}},{"type":"Feature","geometry":{"type":"Point","coordinates":[-76.7287789,8.0995778]},"properties":{"nombre":"iglesia comunidad misionera shaddai","tipo":"Culto","tipo_equipamiento":"place_of_worship","municipio":"TURBO","lat":8.0995778,"lon":-76.7287789,"fuente":"OSM","direccion":""}},{"type":"Feature","geometry":{"type":"Point","coordinates":[-76.7191627,8.1008228]},"properties":{"nombre":"centro cristiana adulan","tipo":"Culto","tipo_equipamiento":"place_of_worship","municipio":"TURBO","lat":8.1008228,"lon":-76.7191627,"fuente":"OSM","direccion":""}},{"type":"Feature","geometry":{"type":"Point","coordinates":[-76.7334881,7.6934494]},"properties":{"nombre":"Vereda las guaguas","tipo":"Educacion","tipo_equipamiento":"school","municipio":"CHIGORODO","lat":7.6934494,"lon":-76.7334881,"fuente":"OSM","direccion":""}},{"type":"Feature","geometry":{"type":"Point","coordinates":[-76.6365856,7.9947596]},"properties":{"nombre":"Don bosco","tipo":"Salud","tipo_equipamiento":"hospital","municipio":"APARTADO","lat":7.9947596,"lon":-76.6365856,"fuente":"OSM","direccion":""}},{"type":"Feature","geometry":{"type":"Point","coordinates":[-76.7867461,8.4232183]},"properties":{"nombre":"Punto de atención y orientación a población refugiada y migrante","tipo":"Cultura","tipo_equipamiento":"community_centre","municipio":"NECOCLÍ","lat":8.4232183,"lon":-76.7867461,"fuente":"OSM","direccion":""}},{"type":"Feature","geometry":{"type":"Point","coordinates":[-76.7364457,8.0979903]},"properties":{"nombre":"Iglesia Pentecostal Unida de Colombia","tipo":"Culto","tipo_equipamiento":"place_of_worship","municipio":"TURBO","lat":8.0979903,"lon":-76.7364457,"fuente":"OSM","direccion":""}},{"type":"Feature","geometry":{"type":"Point","coordinates":[-76.6752909,8.3508105]},"properties":{"nombre":"Escuela Yoki - Cenizosa","tipo":"Educacion","tipo_equipamiento":"school","municipio":"NECOCLÍ","lat":8.3508105,"lon":-76.6752909,"fuente":"OSM","direccion":""}},{"type":"Feature","geometry":{"type":"Point","coordinates":[-77.0871744,8.0377427]},"properties":{"nombre":"Colegio I.E. Agricola de Unguia","tipo":"Educacion","tipo_equipamiento":"school","municipio":"UNGUÍA","lat":8.0377427,"lon":-77.0871744,"fuente":"OSM","direccion":"Calle 1a"}},{"type":"Feature","geometry":{"type":"Point","coordinates":[-77.0848728,8.2177549]},"properties":{"nombre":"SEDE INDÍGENA ZAIBY CUTI","tipo":"Educacion","tipo_equipamiento":"school","municipio":"UNGUÍA","lat":8.2177549,"lon":-77.0848728,"fuente":"OSM","direccion":""}},{"type":"Feature","geometry":{"type":"Point","coordinates":[-77.0450882,8.2131863]},"properties":{"nombre":"Sede Bernardo Moreno","tipo":"Educacion","tipo_equipamiento":"school","municipio":"UNGUÍA","lat":8.2131863,"lon":-77.0450882,"fuente":"OSM","direccion":""}},{"type":"Feature","geometry":{"type":"Point","coordinates":[-77.044977,8.2444408]},"properties":{"nombre":"Sede Marcelia","tipo":"Educacion","tipo_equipamiento":"school","municipio":"UNGUÍA","lat":8.2444408,"lon":-77.044977,"fuente":"OSM","direccion":""}},{"type":"Feature","geometry":{"type":"Point","coordinates":[-77.0908646,8.0891574]},"properties":{"nombre":"Sede de Santa Rita","tipo":"Educacion","tipo_equipamiento":"school","municipio":"UNGUÍA","lat":8.0891574,"lon":-77.0908646,"fuente":"OSM","direccion":""}},{"type":"Feature","geometry":{"type":"Point","coordinates":[-77.0397776,8.1380152]},"properties":{"nombre":"Sede Villa Esperanza","tipo":"Educacion","tipo_equipamiento":"school","municipio":"UNGUÍA","lat":8.1380152,"lon":-77.0397776,"fuente":"OSM","direccion":""}},{"type":"Feature","geometry":{"type":"Point","coordinates":[-77.0525077,8.1557422]},"properties":{"nombre":"Institución Educativa Santa María La Nueva del Darien","tipo":"Educacion","tipo_equipamiento":"school","municipio":"UNGUÍA","lat":8.1557422,"lon":-77.0525077,"fuente":"OSM","direccion":""}},{"type":"Feature","geometry":{"type":"Point","coordinates":[-77.0271664,8.1615718]},"properties":{"nombre":"Sede Pasamanos","tipo":"Educacion","tipo_equipamiento":"school","municipio":"UNGUÍA","lat":8.1615718,"lon":-77.0271664,"fuente":"OSM","direccion":""}},{"type":"Feature","geometry":{"type":"Point","coordinates":[-77.0573662,8.2189922]},"properties":{"nombre":"Sede Bella Luz El Santuario","tipo":"Educacion","tipo_equipamiento":"school","municipio":"UNGUÍA","lat":8.2189922,"lon":-77.0573662,"fuente":"OSM","direccion":""}},{"type":"Feature","geometry":{"type":"Point","coordinates":[-76.9574482,8.1637134]},"properties":{"nombre":"Sede Río Mar El Roto","tipo":"Educacion","tipo_equipamiento":"school","municipio":"UNGUÍA","lat":8.1637134,"lon":-76.9574482,"fuente":"OSM","direccion":""}},{"type":"Feature","geometry":{"type":"Point","coordinates":[-77.0370174,8.0984373]},"properties":{"nombre":"Sede El Corazon","tipo":"Educacion","tipo_equipamiento":"school","municipio":"UNGUÍA","lat":8.0984373,"lon":-77.0370174,"fuente":"OSM","direccion":""}},{"type":"Feature","geometry":{"type":"Point","coordinates":[-77.0459448,8.1983385]},"properties":{"nombre":"Sede Capitan Viejo","tipo":"Educacion","tipo_equipamiento":"school","municipio":"UNGUÍA","lat":8.1983385,"lon":-77.0459448,"fuente":"OSM","direccion":""}},{"type":"Feature","geometry":{"type":"Point","coordinates":[-77.0388987,7.8748433]},"properties":{"nombre":"Sede Tumarado","tipo":"Educacion","tipo_equipamiento":"school","municipio":"UNGUÍA","lat":7.8748433,"lon":-77.0388987,"fuente":"OSM","direccion":""}},{"type":"Feature","geometry":{"type":"Point","coordinates":[-77.074808,8.0663431]},"properties":{"nombre":"Sede Ayda Anaya","tipo":"Educacion","tipo_equipamiento":"school","municipio":"UNGUÍA","lat":8.0663431,"lon":-77.074808,"fuente":"OSM","direccion":""}},{"type":"Feature","geometry":{"type":"Point","coordinates":[-77.0406862,8.2537086]},"properties":{"nombre":"Sede Tarena","tipo":"Educacion","tipo_equipamiento":"school","municipio":"UNGUÍA","lat":8.2537086,"lon":-77.0406862,"fuente":"OSM","direccion":""}},{"type":"Feature","geometry":{"type":"Point","coordinates":[-77.0188383,8.1236194]},"properties":{"nombre":"Sede Santa Lucia","tipo":"Educacion","tipo_equipamiento":"school","municipio":"UNGUÍA","lat":8.1236194,"lon":-77.0188383,"fuente":"OSM","direccion":""}},{"type":"Feature","geometry":{"type":"Point","coordinates":[-77.0027785,8.0119796]},"properties":{"nombre":"Sede El Puerto","tipo":"Educacion","tipo_equipamiento":"school","municipio":"UNGUÍA","lat":8.0119796,"lon":-77.0027785,"fuente":"OSM","direccion":""}},{"type":"Feature","geometry":{"type":"Point","coordinates":[-77.0795816,8.3039023]},"properties":{"nombre":"Sede Inmaculada Concepción","tipo":"Educacion","tipo_equipamiento":"school","municipio":"UNGUÍA","lat":8.3039023,"lon":-77.0795816,"fuente":"OSM","direccion":""}},{"type":"Feature","geometry":{"type":"Point","coordinates":[-77.024787,8.1295681]},"properties":{"nombre":"Sede Santa Ana","tipo":"Educacion","tipo_equipamiento":"school","municipio":"UNGUÍA","lat":8.1295681,"lon":-77.024787,"fuente":"OSM","direccion":""}},{"type":"Feature","geometry":{"type":"Point","coordinates":[-76.9577813,8.1023634]},"properties":{"nombre":"Sede Marriaga","tipo":"Educacion","tipo_equipamiento":"school","municipio":"UNGUÍA","lat":8.1023634,"lon":-76.9577813,"fuente":"OSM","direccion":""}},{"type":"Feature","geometry":{"type":"Point","coordinates":[-77.0589842,8.2104262]},"properties":{"nombre":"SEDE INDÍGENA EMBERA KATIO CITARA","tipo":"Educacion","tipo_equipamiento":"school","municipio":"UNGUÍA","lat":8.2104262,"lon":-77.0589842,"fuente":"OSM","direccion":""}},{"type":"Feature","geometry":{"type":"Point","coordinates":[-77.027956,8.1851087]},"properties":{"nombre":"Sede María Auxiliadora","tipo":"Educacion","tipo_equipamiento":"school","municipio":"UNGUÍA","lat":8.1851087,"lon":-77.027956,"fuente":"OSM","direccion":""}},{"type":"Feature","geometry":{"type":"Point","coordinates":[-77.0673599,8.2240367]},"properties":{"nombre":"SEDE INDÍGENA TUMURRULA","tipo":"Educacion","tipo_equipamiento":"school","municipio":"UNGUÍA","lat":8.2240367,"lon":-77.0673599,"fuente":"OSM","direccion":""}},{"type":"Feature","geometry":{"type":"Point","coordinates":[-76.805327,7.555245]},"properties":{"nombre":"Sede Pueblo Regao","tipo":"Educacion","tipo_equipamiento":"school","municipio":"RIOSUCIO","lat":7.555245,"lon":-76.805327,"fuente":"OSM","direccion":""}},{"type":"Feature","geometry":{"type":"Point","coordinates":[-76.857222,8.085833]},"properties":{"nombre":"Escuela Rur Bocas Del Atrato","tipo":"Educacion","tipo_equipamiento":"school","municipio":"TURBO","lat":8.085833,"lon":-76.857222,"fuente":"OSM","direccion":""}},{"type":"Feature","geometry":{"type":"Point","coordinates":[-76.6529954,8.0477434]},"properties":{"nombre":"Centro Educativo Coldesa","tipo":"Educacion","tipo_equipamiento":"school","municipio":"TURBO","lat":8.0477434,"lon":-76.6529954,"fuente":"OSM","direccion":""}},{"type":"Feature","geometry":{"type":"Point","coordinates":[-76.621389,7.658333]},"properties":{"nombre":"Centro Educativo Rur Indig Chigorodocito","tipo":"Educacion","tipo_equipamiento":"school","municipio":"CHIGORODÓ","lat":7.658333,"lon":-76.621389,"fuente":"OSM","direccion":""}},{"type":"Feature","geometry":{"type":"Point","coordinates":[-76.738889,7.64]},"properties":{"nombre":"Escuela Rur Quebrada Honda","tipo":"Educacion","tipo_equipamiento":"school","municipio":"CHIGORODÓ","lat":7.64,"lon":-76.738889,"fuente":"OSM","direccion":""}},{"type":"Feature","geometry":{"type":"Point","coordinates":[-76.626944,7.879167]},"properties":{"nombre":"Institucion Uniban","tipo":"Educacion","tipo_equipamiento":"school","municipio":"APARTADÓ","lat":7.879167,"lon":-76.626944,"fuente":"OSM","direccion":""}},{"type":"Feature","geometry":{"type":"Point","coordinates":[-76.7878469,8.4236903]},"properties":{"nombre":"Escuela Empresarial De Educacion","tipo":"Educacion","tipo_equipamiento":"school","municipio":"NECOCLÍ","lat":8.4236903,"lon":-76.7878469,"fuente":"OSM","direccion":""}},{"type":"Feature","geometry":{"type":"Point","coordinates":[-76.7866303,8.4259591]},"properties":{"nombre":"Institucion Educativa San Sebastian","tipo":"Educacion","tipo_equipamiento":"school","municipio":"NECOCLÍ","lat":8.4259591,"lon":-76.7866303,"fuente":"OSM","direccion":""}},{"type":"Feature","geometry":{"type":"Point","coordinates":[-76.78,8.421667]},"properties":{"nombre":"Colegio Esperanza Amor Y Paz","tipo":"Educacion","tipo_equipamiento":"school","municipio":"NECOCLÍ","lat":8.421667,"lon":-76.78,"fuente":"OSM","direccion":""}},{"type":"Feature","geometry":{"type":"Point","coordinates":[-76.6744889,7.6633178]},"properties":{"nombre":"Otra sigla Kinder Garden Mundo De Genios","tipo":"Educacion","tipo_equipamiento":"school","municipio":"CHIGORODÓ","lat":7.6633178,"lon":-76.6744889,"fuente":"OSM","direccion":""}},{"type":"Feature","geometry":{"type":"Point","coordinates":[-76.6869662,7.6665566]},"properties":{"nombre":"Jardin Infantil Los Picarones Alegres","tipo":"Educacion","tipo_equipamiento":"school","municipio":"CHIGORODÓ","lat":7.6665566,"lon":-76.6869662,"fuente":"OSM","direccion":""}},{"type":"Feature","geometry":{"type":"Point","coordinates":[-76.678611,7.664722]},"properties":{"nombre":"Colegio De Educacion Campesina","tipo":"Educacion","tipo_equipamiento":"school","municipio":"CHIGORODÓ","lat":7.664722,"lon":-76.678611,"fuente":"OSM","direccion":""}},{"type":"Feature","geometry":{"type":"Point","coordinates":[-76.676944,7.665556]},"properties":{"nombre":"Colegio Sta Maria Del Darien","tipo":"Educacion","tipo_equipamiento":"school","municipio":"CHIGORODÓ","lat":7.665556,"lon":-76.676944,"fuente":"OSM","direccion":""}},{"type":"Feature","geometry":{"type":"Point","coordinates":[-76.675556,7.667778]},"properties":{"nombre":"Escuela Urb Simon Bolivar","tipo":"Educacion","tipo_equipamiento":"school","municipio":"CHIGORODÓ","lat":7.667778,"lon":-76.675556,"fuente":"OSM","direccion":""}},{"type":"Feature","geometry":{"type":"Point","coordinates":[-76.6869158,7.6704612]},"properties":{"nombre":"Escuela Urb Sgdo Corazon De Jesus","tipo":"Educacion","tipo_equipamiento":"school","municipio":"CHIGORODÓ","lat":7.6704612,"lon":-76.6869158,"fuente":"OSM","direccion":""}},{"type":"Feature","geometry":{"type":"Point","coordinates":[-76.6557907,7.7571412]},"properties":{"nombre":"Colegio Monseñor Alfonso Uribe Jaramillocarepa","tipo":"Educacion","tipo_equipamiento":"school","municipio":"CAREPA","lat":7.7571412,"lon":-76.6557907,"fuente":"OSM","direccion":""}},{"type":"Feature","geometry":{"type":"Point","coordinates":[-76.6518412,7.757687]},"properties":{"nombre":"Colegio Metrop De Uraba","tipo":"Educacion","tipo_equipamiento":"school","municipio":"CAREPA","lat":7.757687,"lon":-76.6518412,"fuente":"OSM","direccion":""}},{"type":"Feature","geometry":{"type":"Point","coordinates":[-76.653056,7.758056]},"properties":{"nombre":"Escuela Urb Obrero","tipo":"Educacion","tipo_equipamiento":"school","municipio":"CAREPA","lat":7.758056,"lon":-76.653056,"fuente":"OSM","direccion":""}},{"type":"Feature","geometry":{"type":"Point","coordinates":[-76.6181401,7.8806667]},"properties":{"nombre":"Centro Educativo Centro De Desarrollo Infantil Sueños De Compartir","tipo":"Educacion","tipo_equipamiento":"school","municipio":"APARTADÓ","lat":7.8806667,"lon":-76.6181401,"fuente":"OSM","direccion":""}},{"type":"Feature","geometry":{"type":"Point","coordinates":[-76.6306762,7.87999]},"properties":{"nombre":"Institucion De Educacion Formal Centro De Sistemas","tipo":"Educacion","tipo_equipamiento":"school","municipio":"APARTADÓ","lat":7.87999,"lon":-76.6306762,"fuente":"OSM","direccion":""}},{"type":"Feature","geometry":{"type":"Point","coordinates":[-76.6358872,7.8846391]},"properties":{"nombre":"Centro Educativo Corcedin","tipo":"Educacion","tipo_equipamiento":"school","municipio":"APARTADÓ","lat":7.8846391,"lon":-76.6358872,"fuente":"OSM","direccion":""}},{"type":"Feature","geometry":{"type":"Point","coordinates":[-76.6315352,7.8802958]},"properties":{"nombre":"Colegio Alegria De Aprender","tipo":"Educacion","tipo_equipamiento":"school","municipio":"APARTADÓ","lat":7.8802958,"lon":-76.6315352,"fuente":"OSM","direccion":""}},{"type":"Feature","geometry":{"type":"Point","coordinates":[-76.6317452,7.8781341]},"properties":{"nombre":"Colegio Adventista De Apartado","tipo":"Educacion","tipo_equipamiento":"school","municipio":"APARTADÓ","lat":7.8781341,"lon":-76.6317452,"fuente":"OSM","direccion":""}},{"type":"Feature","geometry":{"type":"Point","coordinates":[-76.7238909,7.9980623]},"properties":{"nombre":"Institucion Instituto De Educacion Formal Centro De Estudios De Formacion Tecni","tipo":"Educacion","tipo_equipamiento":"school","municipio":"TURBO","lat":7.9980623,"lon":-76.7238909,"fuente":"OSM","direccion":""}},{"type":"Feature","geometry":{"type":"Point","coordinates":[-76.733875,8.09474]},"properties":{"nombre":"Otra sigla Creando Con Fe Sas Sede Principal","tipo":"Educacion","tipo_equipamiento":"school","municipio":"TURBO","lat":8.09474,"lon":-76.733875,"fuente":"OSM","direccion":""}},{"type":"Feature","geometry":{"type":"Point","coordinates":[-76.7318336,8.0984917]},"properties":{"nombre":"Jardin Infantil Abc Chiquitines","tipo":"Educacion","tipo_equipamiento":"school","municipio":"TURBO","lat":8.0984917,"lon":-76.7318336,"fuente":"OSM","direccion":""}},{"type":"Feature","geometry":{"type":"Point","coordinates":[-76.725237,8.094587]},"properties":{"nombre":"Centro Educativo Centro De Estudios Tecnicos Ceprodent","tipo":"Educacion","tipo_equipamiento":"school","municipio":"TURBO","lat":8.094587,"lon":-76.725237,"fuente":"OSM","direccion":""}},{"type":"Feature","geometry":{"type":"Point","coordinates":[-76.7290787,8.0956327]},"properties":{"nombre":"Centro Educativo Jardín Infantil Amiguitos De Jesus","tipo":"Educacion","tipo_equipamiento":"school","municipio":"TURBO","lat":8.0956327,"lon":-76.7290787,"fuente":"OSM","direccion":""}},{"type":"Feature","geometry":{"type":"Point","coordinates":[-76.7289174,8.093252]},"properties":{"nombre":"Fundacion Educativa Ecosistemas Fecosistemas","tipo":"Educacion","tipo_equipamiento":"school","municipio":"TURBO","lat":8.093252,"lon":-76.7289174,"fuente":"OSM","direccion":""}},{"type":"Feature","geometry":{"type":"Point","coordinates":[-76.658889,8.062778]},"properties":{"nombre":"Centro Educativo Jardin Infantil Niños Brilla","tipo":"Educacion","tipo_equipamiento":"school","municipio":"TURBO","lat":8.062778,"lon":-76.658889,"fuente":"OSM","direccion":""}},{"type":"Feature","geometry":{"type":"Point","coordinates":[-76.7218869,8.0907937]},"properties":{"nombre":"Jardin Infantil Aqualuna","tipo":"Educacion","tipo_equipamiento":"school","municipio":"TURBO","lat":8.0907937,"lon":-76.7218869,"fuente":"OSM","direccion":""}},{"type":"Feature","geometry":{"type":"Point","coordinates":[-76.7261314,8.0894594]},"properties":{"nombre":"Centro Educativo Capullito","tipo":"Educacion","tipo_equipamiento":"school","municipio":"TURBO","lat":8.0894594,"lon":-76.7261314,"fuente":"OSM","direccion":""}},{"type":"Feature","geometry":{"type":"Point","coordinates":[-76.7216856,8.0894328]},"properties":{"nombre":"Colegio Diocesano Ntra Sra Del Carmen","tipo":"Educacion","tipo_equipamiento":"school","municipio":"TURBO","lat":8.0894328,"lon":-76.7216856,"fuente":"OSM","direccion":""}},{"type":"Feature","geometry":{"type":"Point","coordinates":[-76.7293772,8.0885893]},"properties":{"nombre":"Escuela San Francisco De Asis","tipo":"Educacion","tipo_equipamiento":"school","municipio":"TURBO","lat":8.0885893,"lon":-76.7293772,"fuente":"OSM","direccion":""}},{"type":"Feature","geometry":{"type":"Point","coordinates":[-76.7219046,8.0961682]},"properties":{"nombre":"Jardin Infantil El Pequeño Taller","tipo":"Educacion","tipo_equipamiento":"school","municipio":"TURBO","lat":8.0961682,"lon":-76.7219046,"fuente":"OSM","direccion":""}},{"type":"Feature","geometry":{"type":"Point","coordinates":[-76.7279399,8.0940743]},"properties":{"nombre":"Colegio Adventista De Turbo","tipo":"Educacion","tipo_equipamiento":"school","municipio":"TURBO","lat":8.0940743,"lon":-76.7279399,"fuente":"OSM","direccion":""}},{"type":"Feature","geometry":{"type":"Point","coordinates":[-76.383333,8.283056]},"properties":{"nombre":"Institucion Educativa San Sebastian De Uraba","tipo":"Educacion","tipo_equipamiento":"school","municipio":"SAN PEDRO DE URABÁ","lat":8.283056,"lon":-76.383333,"fuente":"OSM","direccion":""}},{"type":"Feature","geometry":{"type":"Point","coordinates":[-76.379167,8.275833]},"properties":{"nombre":"Otra sigla Diocesano San Pedro Apostol","tipo":"Educacion","tipo_equipamiento":"school","municipio":"SAN PEDRO DE URABÁ","lat":8.275833,"lon":-76.379167,"fuente":"OSM","direccion":""}},{"type":"Feature","geometry":{"type":"Point","coordinates":[-76.3385602,8.1950919]},"properties":{"nombre":"Escuela Rur Mix Cocuelo Limon","tipo":"Educacion","tipo_equipamiento":"school","municipio":"VALENCIA","lat":8.1950919,"lon":-76.3385602,"fuente":"OSM","direccion":""}},{"type":"Feature","geometry":{"type":"Point","coordinates":[-76.3156473,8.2097525]},"properties":{"nombre":"Escuela Rural Mixta Fco De Paula Santander","tipo":"Educacion","tipo_equipamiento":"school","municipio":"VALENCIA","lat":8.2097525,"lon":-76.3156473,"fuente":"OSM","direccion":""}},{"type":"Feature","geometry":{"type":"Point","coordinates":[-76.3230768,8.1762614]},"properties":{"nombre":"Escuela Rur San Jose De Fabra","tipo":"Educacion","tipo_equipamiento":"school","municipio":"VALENCIA","lat":8.1762614,"lon":-76.3230768,"fuente":"OSM","direccion":""}},{"type":"Feature","geometry":{"type":"Point","coordinates":[-76.3209436,8.0615359]},"properties":{"nombre":"Escuela Rural Mixta Guadual Abajo","tipo":"Educacion","tipo_equipamiento":"school","municipio":"VALENCIA","lat":8.0615359,"lon":-76.3209436,"fuente":"OSM","direccion":""}},{"type":"Feature","geometry":{"type":"Point","coordinates":[-76.3004832,8.2433938]},"properties":{"nombre":"Escuela San Rafael Barrrial Central","tipo":"Educacion","tipo_equipamiento":"school","municipio":"VALENCIA","lat":8.2433938,"lon":-76.3004832,"fuente":"OSM","direccion":""}},{"type":"Feature","geometry":{"type":"Point","coordinates":[-76.3113691,7.9971966]},"properties":{"nombre":"Escuela Nueva Venado Urra","tipo":"Educacion","tipo_equipamiento":"school","municipio":"TIERRALTA","lat":7.9971966,"lon":-76.3113691,"fuente":"OSM","direccion":""}},{"type":"Feature","geometry":{"type":"Point","coordinates":[-76.3365175,7.9037754]},"properties":{"nombre":"Escuela Nueva Nain Medio Bocas De Guineo","tipo":"Educacion","tipo_equipamiento":"school","municipio":"TIERRALTA","lat":7.9037754,"lon":-76.3365175,"fuente":"OSM","direccion":""}},{"type":"Feature","geometry":{"type":"Point","coordinates":[-76.3269044,7.9049656]},"properties":{"nombre":"Escuela Nueva Nain Medio Bocas De Conejo","tipo":"Educacion","tipo_equipamiento":"school","municipio":"TIERRALTA","lat":7.9049656,"lon":-76.3269044,"fuente":"OSM","direccion":""}},{"type":"Feature","geometry":{"type":"Point","coordinates":[-76.3924791,7.874444]},"properties":{"nombre":"Escuela Nueva Tacanales","tipo":"Educacion","tipo_equipamiento":"school","municipio":"TIERRALTA","lat":7.874444,"lon":-76.3924791,"fuente":"OSM","direccion":""}},{"type":"Feature","geometry":{"type":"Point","coordinates":[-76.3723089,7.9249436]},"properties":{"nombre":"Escuela Nueva Caracolí","tipo":"Educacion","tipo_equipamiento":"school","municipio":"TIERRALTA","lat":7.9249436,"lon":-76.3723089,"fuente":"OSM","direccion":""}},{"type":"Feature","geometry":{"type":"Point","coordinates":[-76.3917066,7.891533]},"properties":{"nombre":"Escuela Nueva Calzón Rojo","tipo":"Educacion","tipo_equipamiento":"school","municipio":"TIERRALTA","lat":7.891533,"lon":-76.3917066,"fuente":"OSM","direccion":""}},{"type":"Feature","geometry":{"type":"Point","coordinates":[-76.3432123,7.9299593]},"properties":{"nombre":"Escuela Nueva Baltazar","tipo":"Educacion","tipo_equipamiento":"school","municipio":"TIERRALTA","lat":7.9299593,"lon":-76.3432123,"fuente":"OSM","direccion":""}},{"type":"Feature","geometry":{"type":"Point","coordinates":[-76.4311887,7.7253749]},"properties":{"nombre":"Escuela Nueva Las Flores Saicita","tipo":"Educacion","tipo_equipamiento":"school","municipio":"TIERRALTA","lat":7.7253749,"lon":-76.4311887,"fuente":"OSM","direccion":""}},{"type":"Feature","geometry":{"type":"Point","coordinates":[-76.3882734,7.684293]},"properties":{"nombre":"Escuela Nueva La Osa","tipo":"Educacion","tipo_equipamiento":"school","municipio":"TIERRALTA","lat":7.684293,"lon":-76.3882734,"fuente":"OSM","direccion":""}},{"type":"Feature","geometry":{"type":"Point","coordinates":[-76.4525606,7.8689176]},"properties":{"nombre":"Escuela Nueva Resbalocita","tipo":"Educacion","tipo_equipamiento":"school","municipio":"TIERRALTA","lat":7.8689176,"lon":-76.4525606,"fuente":"OSM","direccion":""}},{"type":"Feature","geometry":{"type":"Point","coordinates":[-76.4312746,7.8615206]},"properties":{"nombre":"Escuela Nueva Nain","tipo":"Educacion","tipo_equipamiento":"school","municipio":"TIERRALTA","lat":7.8615206,"lon":-76.4312746,"fuente":"OSM","direccion":""}},{"type":"Feature","geometry":{"type":"Point","coordinates":[-76.3400365,7.7302229]},"properties":{"nombre":"Escuela Nueva El Novillo","tipo":"Educacion","tipo_equipamiento":"school","municipio":"TIERRALTA","lat":7.7302229,"lon":-76.3400365,"fuente":"OSM","direccion":""}},{"type":"Feature","geometry":{"type":"Point","coordinates":[-76.4780523,7.7535261]},"properties":{"nombre":"Escuela Nueva San Mateo El Llano","tipo":"Educacion","tipo_equipamiento":"school","municipio":"TIERRALTA","lat":7.7535261,"lon":-76.4780523,"fuente":"OSM","direccion":""}},{"type":"Feature","geometry":{"type":"Point","coordinates":[-76.3920499,7.6967116]},"properties":{"nombre":"Escuela Nueva Cuartillo Arriba","tipo":"Educacion","tipo_equipamiento":"school","municipio":"TIERRALTA","lat":7.6967116,"lon":-76.3920499,"fuente":"OSM","direccion":""}},{"type":"Feature","geometry":{"type":"Point","coordinates":[-76.4647686,7.8478116]},"properties":{"nombre":"Escuela Nueva Las Claritas","tipo":"Educacion","tipo_equipamiento":"school","municipio":"TIERRALTA","lat":7.8478116,"lon":-76.4647686,"fuente":"OSM","direccion":""}},{"type":"Feature","geometry":{"type":"Point","coordinates":[-76.4735891,7.8139894]},"properties":{"nombre":"Escuela Nueva Chocosito","tipo":"Educacion","tipo_equipamiento":"school","municipio":"TIERRALTA","lat":7.8139894,"lon":-76.4735891,"fuente":"OSM","direccion":""}},{"type":"Feature","geometry":{"type":"Point","coordinates":[-76.42151,7.8165205]},"properties":{"nombre":"Escuela Nueva Choco","tipo":"Educacion","tipo_equipamiento":"school","municipio":"TIERRALTA","lat":7.8165205,"lon":-76.42151,"fuente":"OSM","direccion":""}},{"type":"Feature","geometry":{"type":"Point","coordinates":[-76.3881876,7.7568429]},"properties":{"nombre":"Escuela Nueva Alto Pánico","tipo":"Educacion","tipo_equipamiento":"school","municipio":"TIERRALTA","lat":7.7568429,"lon":-76.3881876,"fuente":"OSM","direccion":""}},{"type":"Feature","geometry":{"type":"Point","coordinates":[-76.4335638,7.7957347]},"properties":{"nombre":"Escuela Nueva Venado Saiza","tipo":"Educacion","tipo_equipamiento":"school","municipio":"TIERRALTA","lat":7.7957347,"lon":-76.4335638,"fuente":"OSM","direccion":""}},{"type":"Feature","geometry":{"type":"Point","coordinates":[-76.3218475,8.0238205]},"properties":{"nombre":"Escuela Nva Quebrada Linda","tipo":"Educacion","tipo_equipamiento":"school","municipio":"TIERRALTA","lat":8.0238205,"lon":-76.3218475,"fuente":"OSM","direccion":""}},{"type":"Feature","geometry":{"type":"Point","coordinates":[-76.3363297,8.0341056]},"properties":{"nombre":"Centro Educativo Batata","tipo":"Educacion","tipo_equipamiento":"school","municipio":"TIERRALTA","lat":8.0341056,"lon":-76.3363297,"fuente":"OSM","direccion":""}},{"type":"Feature","geometry":{"type":"Point","coordinates":[-76.5559791,7.5229043]},"properties":{"nombre":"Centro Educativo Rur Jurado Arriba","tipo":"Educacion","tipo_equipamiento":"school","municipio":"MUTATÁ","lat":7.5229043,"lon":-76.5559791,"fuente":"OSM","direccion":""}},{"type":"Feature","geometry":{"type":"Point","coordinates":[-76.5251471,8.1673028]},"properties":{"nombre":"Otra sigla La Toyosa","tipo":"Educacion","tipo_equipamiento":"school","municipio":"TURBO","lat":8.1673028,"lon":-76.5251471,"fuente":"OSM","direccion":""}},{"type":"Feature","geometry":{"type":"Point","coordinates":[-76.490696,8.046785]},"properties":{"nombre":"Otra sigla La Carbonera","tipo":"Educacion","tipo_equipamiento":"school","municipio":"TURBO","lat":8.046785,"lon":-76.490696,"fuente":"OSM","direccion":""}},{"type":"Feature","geometry":{"type":"Point","coordinates":[-76.63562,7.99582]},"properties":{"nombre":"Otra sigla Carlos Cervelio Mosquera Pestaña","tipo":"Educacion","tipo_equipamiento":"school","municipio":"TURBO","lat":7.99582,"lon":-76.63562,"fuente":"OSM","direccion":""}},{"type":"Feature","geometry":{"type":"Point","coordinates":[-76.71779,7.93852]},"properties":{"nombre":"Otra sigla Arcesio Gomez","tipo":"Educacion","tipo_equipamiento":"school","municipio":"TURBO","lat":7.93852,"lon":-76.71779,"fuente":"OSM","direccion":""}},{"type":"Feature","geometry":{"type":"Point","coordinates":[-76.5510084,8.2414861]},"properties":{"nombre":"Otra sigla El Caucho","tipo":"Educacion","tipo_equipamiento":"school","municipio":"TURBO","lat":8.2414861,"lon":-76.5510084,"fuente":"OSM","direccion":""}},{"type":"Feature","geometry":{"type":"Point","coordinates":[-76.55381,8.137423]},"properties":{"nombre":"Otra sigla Nazario Uribe","tipo":"Educacion","tipo_equipamiento":"school","municipio":"TURBO","lat":8.137423,"lon":-76.55381,"fuente":"OSM","direccion":""}},{"type":"Feature","geometry":{"type":"Point","coordinates":[-76.6222112,7.9303867]},"properties":{"nombre":"Escuela Integ San Luis","tipo":"Educacion","tipo_equipamiento":"school","municipio":"TURBO","lat":7.9303867,"lon":-76.6222112,"fuente":"OSM","direccion":""}},{"type":"Feature","geometry":{"type":"Point","coordinates":[-76.6271165,7.9261865]},"properties":{"nombre":"Escuela Integ Rio Grande","tipo":"Educacion","tipo_equipamiento":"school","municipio":"TURBO","lat":7.9261865,"lon":-76.6271165,"fuente":"OSM","direccion":""}},{"type":"Feature","geometry":{"type":"Point","coordinates":[-76.743889,8.19]},"properties":{"nombre":"Escuela Rur Alto Cirilo","tipo":"Educacion","tipo_equipamiento":"school","municipio":"TURBO","lat":8.19,"lon":-76.743889,"fuente":"OSM","direccion":""}},{"type":"Feature","geometry":{"type":"Point","coordinates":[-76.550587,8.1380542]},"properties":{"nombre":"Escuela Rur La Yana","tipo":"Educacion","tipo_equipamiento":"school","municipio":"TURBO","lat":8.1380542,"lon":-76.550587,"fuente":"OSM","direccion":""}},{"type":"Feature","geometry":{"type":"Point","coordinates":[-76.659444,8.064722]},"properties":{"nombre":"Otra sigla Seccion Eri Azucar","tipo":"Educacion","tipo_equipamiento":"school","municipio":"TURBO","lat":8.064722,"lon":-76.659444,"fuente":"OSM","direccion":""}},{"type":"Feature","geometry":{"type":"Point","coordinates":[-76.71,7.516389]},"properties":{"nombre":"Otra sigla Seccion Eri Cenizosa","tipo":"Educacion","tipo_equipamiento":"school","municipio":"TURBO","lat":7.516389,"lon":-76.71,"fuente":"OSM","direccion":""}},{"type":"Feature","geometry":{"type":"Point","coordinates":[-76.7407315,8.087808]},"properties":{"nombre":"Escuela Caribe N. 2","tipo":"Educacion","tipo_equipamiento":"school","municipio":"TURBO","lat":8.087808,"lon":-76.7407315,"fuente":"OSM","direccion":""}},{"type":"Feature","geometry":{"type":"Point","coordinates":[-76.8506529,7.603102]},"properties":{"nombre":"Escuela Rur Las Babillas","tipo":"Educacion","tipo_equipamiento":"school","municipio":"TURBO","lat":7.603102,"lon":-76.8506529,"fuente":"OSM","direccion":""}},{"type":"Feature","geometry":{"type":"Point","coordinates":[-76.6495407,8.0373]},"properties":{"nombre":"Escuela Rur Arenosa N. 1","tipo":"Educacion","tipo_equipamiento":"school","municipio":"TURBO","lat":8.0373,"lon":-76.6495407,"fuente":"OSM","direccion":""}},{"type":"Feature","geometry":{"type":"Point","coordinates":[-76.731389,8.09]},"properties":{"nombre":"Escuela Rur Antonio Nariño","tipo":"Educacion","tipo_equipamiento":"school","municipio":"TURBO","lat":8.09,"lon":-76.731389,"fuente":"OSM","direccion":""}},{"type":"Feature","geometry":{"type":"Point","coordinates":[-76.524722,8.204722]},"properties":{"nombre":"Colegio Pueblo Bello","tipo":"Educacion","tipo_equipamiento":"school","municipio":"TURBO","lat":8.204722,"lon":-76.524722,"fuente":"OSM","direccion":""}},{"type":"Feature","geometry":{"type":"Point","coordinates":[-76.713333,7.971389]},"properties":{"nombre":"Escuela Rur La Teca","tipo":"Educacion","tipo_equipamiento":"school","municipio":"TURBO","lat":7.971389,"lon":-76.713333,"fuente":"OSM","direccion":""}},{"type":"Feature","geometry":{"type":"Point","coordinates":[-76.6957111,8.1242061]},"properties":{"nombre":"Escuela Rur El Porvenir","tipo":"Educacion","tipo_equipamiento":"school","municipio":"TURBO","lat":8.1242061,"lon":-76.6957111,"fuente":"OSM","direccion":""}},{"type":"Feature","geometry":{"type":"Point","coordinates":[-76.7089401,8.122088]},"properties":{"nombre":"Escuela Rur Siete De Ag0sto","tipo":"Educacion","tipo_equipamiento":"school","municipio":"TURBO","lat":8.122088,"lon":-76.7089401,"fuente":"OSM","direccion":""}},{"type":"Feature","geometry":{"type":"Point","coordinates":[-76.816389,7.608056]},"properties":{"nombre":"Escuela Rur Km 25","tipo":"Educacion","tipo_equipamiento":"school","municipio":"TURBO","lat":7.608056,"lon":-76.816389,"fuente":"OSM","direccion":""}},{"type":"Feature","geometry":{"type":"Point","coordinates":[-76.724444,8.094167]},"properties":{"nombre":"Escuela Urb Las Flores","tipo":"Educacion","tipo_equipamiento":"school","municipio":"TURBO","lat":8.094167,"lon":-76.724444,"fuente":"OSM","direccion":""}},{"type":"Feature","geometry":{"type":"Point","coordinates":[-76.972778,7.751667]},"properties":{"nombre":"Escuela Rur Nva La Primavera","tipo":"Educacion","tipo_equipamiento":"school","municipio":"TURBO","lat":7.751667,"lon":-76.972778,"fuente":"OSM","direccion":""}},{"type":"Feature","geometry":{"type":"Point","coordinates":[-76.7433676,8.188953]},"properties":{"nombre":"Escuela 27 De Diciembre","tipo":"Educacion","tipo_equipamiento":"school","municipio":"TURBO","lat":8.188953,"lon":-76.7433676,"fuente":"OSM","direccion":""}},{"type":"Feature","geometry":{"type":"Point","coordinates":[-76.736667,8.094444]},"properties":{"nombre":"Colegio 20 De Julio","tipo":"Educacion","tipo_equipamiento":"school","municipio":"TURBO","lat":8.094444,"lon":-76.736667,"fuente":"OSM","direccion":""}},{"type":"Feature","geometry":{"type":"Point","coordinates":[-76.716111,7.934722]},"properties":{"nombre":"Centro Educativo Rur 29 De Noviembre","tipo":"Educacion","tipo_equipamiento":"school","municipio":"TURBO","lat":7.934722,"lon":-76.716111,"fuente":"OSM","direccion":""}},{"type":"Feature","geometry":{"type":"Point","coordinates":[-76.716667,7.962222]},"properties":{"nombre":"Escuela Rur San Francisco","tipo":"Educacion","tipo_equipamiento":"school","municipio":"TURBO","lat":7.962222,"lon":-76.716667,"fuente":"OSM","direccion":""}},{"type":"Feature","geometry":{"type":"Point","coordinates":[-76.891111,7.656111]},"properties":{"nombre":"Escuela Rur La Te","tipo":"Educacion","tipo_equipamiento":"school","municipio":"TURBO","lat":7.656111,"lon":-76.891111,"fuente":"OSM","direccion":""}},{"type":"Feature","geometry":{"type":"Point","coordinates":[-76.708086,8.08414]},"properties":{"nombre":"Institucion Educativa De Dllo Rural","tipo":"Educacion","tipo_equipamiento":"school","municipio":"TURBO","lat":8.08414,"lon":-76.708086,"fuente":"OSM","direccion":""}},{"type":"Feature","geometry":{"type":"Point","coordinates":[-76.9665802,7.6554501]},"properties":{"nombre":"Escuela Rur Lomas Aisladas Km 40","tipo":"Educacion","tipo_equipamiento":"school","municipio":"TURBO","lat":7.6554501,"lon":-76.9665802,"fuente":"OSM","direccion":""}},{"type":"Feature","geometry":{"type":"Point","coordinates":[-76.660079,8.0677933]},"properties":{"nombre":"Colegio El Tres","tipo":"Educacion","tipo_equipamiento":"school","municipio":"TURBO","lat":8.0677933,"lon":-76.660079,"fuente":"OSM","direccion":""}},{"type":"Feature","geometry":{"type":"Point","coordinates":[-76.5171351,8.236842]},"properties":{"nombre":"Escuela Rur El Sinai","tipo":"Educacion","tipo_equipamiento":"school","municipio":"TURBO","lat":8.236842,"lon":-76.5171351,"fuente":"OSM","direccion":""}},{"type":"Feature","geometry":{"type":"Point","coordinates":[-76.7041601,8.1181039]},"properties":{"nombre":"Escuela Rur La Arenera","tipo":"Educacion","tipo_equipamiento":"school","municipio":"TURBO","lat":8.1181039,"lon":-76.7041601,"fuente":"OSM","direccion":""}},{"type":"Feature","geometry":{"type":"Point","coordinates":[-76.448056,8.341667]},"properties":{"nombre":"Escuela Rur El Volcan","tipo":"Educacion","tipo_equipamiento":"school","municipio":"TURBO","lat":8.341667,"lon":-76.448056,"fuente":"OSM","direccion":""}},{"type":"Feature","geometry":{"type":"Point","coordinates":[-76.676111,8.16]},"properties":{"nombre":"Escuela Rur Manuel Cuello","tipo":"Educacion","tipo_equipamiento":"school","municipio":"TURBO","lat":8.16,"lon":-76.676111,"fuente":"OSM","direccion":""}},{"type":"Feature","geometry":{"type":"Point","coordinates":[-76.876667,7.777778]},"properties":{"nombre":"Escuela Rur La Florida Coldesa","tipo":"Educacion","tipo_equipamiento":"school","municipio":"TURBO","lat":7.777778,"lon":-76.876667,"fuente":"OSM","direccion":""}},{"type":"Feature","geometry":{"type":"Point","coordinates":[-76.455,8.231667]},"properties":{"nombre":"Colegio San Vicente Del Congo","tipo":"Educacion","tipo_equipamiento":"school","municipio":"TURBO","lat":8.231667,"lon":-76.455,"fuente":"OSM","direccion":""}},{"type":"Feature","geometry":{"type":"Point","coordinates":[-76.576111,8.131111]},"properties":{"nombre":"Escuela Rur Caracoli","tipo":"Educacion","tipo_equipamiento":"school","municipio":"TURBO","lat":8.131111,"lon":-76.576111,"fuente":"OSM","direccion":""}},{"type":"Feature","geometry":{"type":"Point","coordinates":[-76.550556,8.136389]},"properties":{"nombre":"Escuela Rur Quebrada Del Medio","tipo":"Educacion","tipo_equipamiento":"school","municipio":"TURBO","lat":8.136389,"lon":-76.550556,"fuente":"OSM","direccion":""}},{"type":"Feature","geometry":{"type":"Point","coordinates":[-76.6125,8.109722]},"properties":{"nombre":"Escuela Rur Deseada Abajo","tipo":"Educacion","tipo_equipamiento":"school","municipio":"TURBO","lat":8.109722,"lon":-76.6125,"fuente":"OSM","direccion":""}},{"type":"Feature","geometry":{"type":"Point","coordinates":[-76.4955146,8.2694621]},"properties":{"nombre":"Escuela Rur La Nigua","tipo":"Educacion","tipo_equipamiento":"school","municipio":"TURBO","lat":8.2694621,"lon":-76.4955146,"fuente":"OSM","direccion":""}},{"type":"Feature","geometry":{"type":"Point","coordinates":[-76.7534536,8.2362624]},"properties":{"nombre":"Escuela Rur Tie","tipo":"Educacion","tipo_equipamiento":"school","municipio":"TURBO","lat":8.2362624,"lon":-76.7534536,"fuente":"OSM","direccion":""}},{"type":"Feature","geometry":{"type":"Point","coordinates":[-76.743056,8.2075]},"properties":{"nombre":"Escuela Rur Bajo Cirilo","tipo":"Educacion","tipo_equipamiento":"school","municipio":"TURBO","lat":8.2075,"lon":-76.743056,"fuente":"OSM","direccion":""}},{"type":"Feature","geometry":{"type":"Point","coordinates":[-76.739167,8.079444]},"properties":{"nombre":"Institucion Educativa Central Currulao","tipo":"Educacion","tipo_equipamiento":"school","municipio":"TURBO","lat":8.079444,"lon":-76.739167,"fuente":"OSM","direccion":""}},{"type":"Feature","geometry":{"type":"Point","coordinates":[-76.680278,8.128611]},"properties":{"nombre":"Colegio El Dos","tipo":"Educacion","tipo_equipamiento":"school","municipio":"TURBO","lat":8.128611,"lon":-76.680278,"fuente":"OSM","direccion":""}},{"type":"Feature","geometry":{"type":"Point","coordinates":[-76.7158612,7.9372329]},"properties":{"nombre":"Colegio Nva Colonia","tipo":"Educacion","tipo_equipamiento":"school","municipio":"TURBO","lat":7.9372329,"lon":-76.7158612,"fuente":"OSM","direccion":""}},{"type":"Feature","geometry":{"type":"Point","coordinates":[-76.731389,8.096944]},"properties":{"nombre":"Institucion Educativa Currulao","tipo":"Educacion","tipo_equipamiento":"school","municipio":"TURBO","lat":8.096944,"lon":-76.731389,"fuente":"OSM","direccion":""}},{"type":"Feature","geometry":{"type":"Point","coordinates":[-76.526667,8.204444]},"properties":{"nombre":"Escuela Rur El Barrial","tipo":"Educacion","tipo_equipamiento":"school","municipio":"TURBO","lat":8.204444,"lon":-76.526667,"fuente":"OSM","direccion":""}},{"type":"Feature","geometry":{"type":"Point","coordinates":[-76.747778,8.2775]},"properties":{"nombre":"Centro Educativo Rur Indig Alto Caiman","tipo":"Educacion","tipo_equipamiento":"school","municipio":"NECOCLÍ","lat":8.2775,"lon":-76.747778,"fuente":"OSM","direccion":""}},{"type":"Feature","geometry":{"type":"Point","coordinates":[-76.4847827,8.3717013]},"properties":{"nombre":"Institucion Educativa San Jose De Mulatos","tipo":"Educacion","tipo_equipamiento":"school","municipio":"TURBO","lat":8.3717013,"lon":-76.4847827,"fuente":"OSM","direccion":""}},{"type":"Feature","geometry":{"type":"Point","coordinates":[-76.3864038,8.3404967]},"properties":{"nombre":"Centro Educativo Rural Indigena Rio Alto San Juan","tipo":"Educacion","tipo_equipamiento":"school","municipio":"SAN PEDRO DE URABÁ","lat":8.3404967,"lon":-76.3864038,"fuente":"OSM","direccion":""}},{"type":"Feature","geometry":{"type":"Point","coordinates":[-76.3862664,8.2580378]},"properties":{"nombre":"Centro Educativo Rural Indigena Naranjales","tipo":"Educacion","tipo_equipamiento":"school","municipio":"SAN PEDRO DE URABÁ","lat":8.2580378,"lon":-76.3862664,"fuente":"OSM","direccion":""}},{"type":"Feature","geometry":{"type":"Point","coordinates":[-76.381111,8.186111]},"properties":{"nombre":"Centro Educativo Rur Cabaña Arriba","tipo":"Educacion","tipo_equipamiento":"school","municipio":"SAN PEDRO DE URABÁ","lat":8.186111,"lon":-76.381111,"fuente":"OSM","direccion":""}},{"type":"Feature","geometry":{"type":"Point","coordinates":[-76.394167,8.1775]},"properties":{"nombre":"Centro Educativo Rur Los Olivos","tipo":"Educacion","tipo_equipamiento":"school","municipio":"SAN PEDRO DE URABÁ","lat":8.1775,"lon":-76.394167,"fuente":"OSM","direccion":""}},{"type":"Feature","geometry":{"type":"Point","coordinates":[-76.374167,8.163333]},"properties":{"nombre":"Escuela Rur Los Cerros Pelayito","tipo":"Educacion","tipo_equipamiento":"school","municipio":"SAN PEDRO DE URABÁ","lat":8.163333,"lon":-76.374167,"fuente":"OSM","direccion":""}},{"type":"Feature","geometry":{"type":"Point","coordinates":[-76.336944,8.325556]},"properties":{"nombre":"Centro Educativo Rur Zumbido Abajo","tipo":"Educacion","tipo_equipamiento":"school","municipio":"SAN PEDRO DE URABÁ","lat":8.325556,"lon":-76.336944,"fuente":"OSM","direccion":""}},{"type":"Feature","geometry":{"type":"Point","coordinates":[-76.346667,8.237778]},"properties":{"nombre":"Centro Educativo Rur El Cedro","tipo":"Educacion","tipo_equipamiento":"school","municipio":"SAN PEDRO DE URABÁ","lat":8.237778,"lon":-76.346667,"fuente":"OSM","direccion":""}},{"type":"Feature","geometry":{"type":"Point","coordinates":[-76.370833,8.221667]},"properties":{"nombre":"Centro Educativo Rur Tres Esquinas","tipo":"Educacion","tipo_equipamiento":"school","municipio":"SAN PEDRO DE URABÁ","lat":8.221667,"lon":-76.370833,"fuente":"OSM","direccion":""}},{"type":"Feature","geometry":{"type":"Point","coordinates":[-76.7470325,8.2820298]},"properties":{"nombre":"Centro Educativo Ceri Caiman Medio","tipo":"Educacion","tipo_equipamiento":"school","municipio":"NECOCLÍ","lat":8.2820298,"lon":-76.7470325,"fuente":"OSM","direccion":""}},{"type":"Feature","geometry":{"type":"Point","coordinates":[-76.7697064,8.461859]},"properties":{"nombre":"Otra sigla Bocas De Palmita","tipo":"Educacion","tipo_equipamiento":"school","municipio":"NECOCLÍ","lat":8.461859,"lon":-76.7697064,"fuente":"OSM","direccion":""}},{"type":"Feature","geometry":{"type":"Point","coordinates":[-76.7064679,8.3970533]},"properties":{"nombre":"Otra sigla Caracoli","tipo":"Educacion","tipo_equipamiento":"school","municipio":"NECOCLÍ","lat":8.3970533,"lon":-76.7064679,"fuente":"OSM","direccion":""}},{"type":"Feature","geometry":{"type":"Point","coordinates":[-76.7765057,8.4636175]},"properties":{"nombre":"Centro Educativo Rural Bella Vista","tipo":"Educacion","tipo_equipamiento":"school","municipio":"NECOCLÍ","lat":8.4636175,"lon":-76.7765057,"fuente":"OSM","direccion":""}},{"type":"Feature","geometry":{"type":"Point","coordinates":[-76.7562872,8.4370919]},"properties":{"nombre":"Centro Educativo Rural Hermanos Romero","tipo":"Educacion","tipo_equipamiento":"school","municipio":"NECOCLÍ","lat":8.4370919,"lon":-76.7562872,"fuente":"OSM","direccion":""}},{"type":"Feature","geometry":{"type":"Point","coordinates":[-76.7281348,8.4730886]},"properties":{"nombre":"Centro Educativo Rural Sucio Arriba Parte Alta","tipo":"Educacion","tipo_equipamiento":"school","municipio":"NECOCLÍ","lat":8.4730886,"lon":-76.7281348,"fuente":"OSM","direccion":""}},{"type":"Feature","geometry":{"type":"Point","coordinates":[-76.384167,8.245833]},"properties":{"nombre":"Centro Educativo Rur Alto Rosario","tipo":"Educacion","tipo_equipamiento":"school","municipio":"SAN PEDRO DE URABÁ","lat":8.245833,"lon":-76.384167,"fuente":"OSM","direccion":""}},{"type":"Feature","geometry":{"type":"Point","coordinates":[-76.355833,8.333056]},"properties":{"nombre":"Centro Educativo Rur La Union","tipo":"Educacion","tipo_equipamiento":"school","municipio":"SAN PEDRO DE URABÁ","lat":8.333056,"lon":-76.355833,"fuente":"OSM","direccion":""}},{"type":"Feature","geometry":{"type":"Point","coordinates":[-76.389167,8.365]},"properties":{"nombre":"Centro Educativo Rur Ntra Sra Del Carmen","tipo":"Educacion","tipo_equipamiento":"school","municipio":"SAN PEDRO DE URABÁ","lat":8.365,"lon":-76.389167,"fuente":"OSM","direccion":""}},{"type":"Feature","geometry":{"type":"Point","coordinates":[-76.360278,8.246944]},"properties":{"nombre":"Centro Educativo Rur Brisas Del Piru","tipo":"Educacion","tipo_equipamiento":"school","municipio":"SAN PEDRO DE URABÁ","lat":8.246944,"lon":-76.360278,"fuente":"OSM","direccion":""}},{"type":"Feature","geometry":{"type":"Point","coordinates":[-76.348889,8.225833]},"properties":{"nombre":"Centro Educativo Rur San Juancito Arriba","tipo":"Educacion","tipo_equipamiento":"school","municipio":"SAN PEDRO DE URABÁ","lat":8.225833,"lon":-76.348889,"fuente":"OSM","direccion":""}},{"type":"Feature","geometry":{"type":"Point","coordinates":[-76.337222,8.254444]},"properties":{"nombre":"Centro Educativo Rur Abibe Pueblito","tipo":"Educacion","tipo_equipamiento":"school","municipio":"SAN PEDRO DE URABÁ","lat":8.254444,"lon":-76.337222,"fuente":"OSM","direccion":""}},{"type":"Feature","geometry":{"type":"Point","coordinates":[-76.415,8.418333]},"properties":{"nombre":"Centro Educativo Rur Sta Rosa","tipo":"Educacion","tipo_equipamiento":"school","municipio":"SAN PEDRO DE URABÁ","lat":8.418333,"lon":-76.415,"fuente":"OSM","direccion":""}},{"type":"Feature","geometry":{"type":"Point","coordinates":[-76.376111,8.412222]},"properties":{"nombre":"Centro Educativo Rur San Juan Bautista","tipo":"Educacion","tipo_equipamiento":"school","municipio":"SAN PEDRO DE URABÁ","lat":8.412222,"lon":-76.376111,"fuente":"OSM","direccion":""}},{"type":"Feature","geometry":{"type":"Point","coordinates":[-76.382778,8.333333]},"properties":{"nombre":"Centro Educativo Rur Botella De Oro","tipo":"Educacion","tipo_equipamiento":"school","municipio":"SAN PEDRO DE URABÁ","lat":8.333333,"lon":-76.382778,"fuente":"OSM","direccion":""}},{"type":"Feature","geometry":{"type":"Point","coordinates":[-76.356667,8.308889]},"properties":{"nombre":"Institucion Educativa El Zumbido","tipo":"Educacion","tipo_equipamiento":"school","municipio":"SAN PEDRO DE URABÁ","lat":8.308889,"lon":-76.356667,"fuente":"OSM","direccion":""}},{"type":"Feature","geometry":{"type":"Point","coordinates":[-76.388889,8.2075]},"properties":{"nombre":"Centro Educativo Rur La Angostura","tipo":"Educacion","tipo_equipamiento":"school","municipio":"SAN PEDRO DE URABÁ","lat":8.2075,"lon":-76.388889,"fuente":"OSM","direccion":""}},{"type":"Feature","geometry":{"type":"Point","coordinates":[-76.390556,8.298889]},"properties":{"nombre":"Centro Educativo Rur El Caño","tipo":"Educacion","tipo_equipamiento":"school","municipio":"SAN PEDRO DE URABÁ","lat":8.298889,"lon":-76.390556,"fuente":"OSM","direccion":""}},{"type":"Feature","geometry":{"type":"Point","coordinates":[-76.333056,8.312778]},"properties":{"nombre":"Escuela Rur Almagritas","tipo":"Educacion","tipo_equipamiento":"school","municipio":"SAN PEDRO DE URABÁ","lat":8.312778,"lon":-76.333056,"fuente":"OSM","direccion":""}},{"type":"Feature","geometry":{"type":"Point","coordinates":[-76.403056,8.162222]},"properties":{"nombre":"Escuela Rur La Mayupa","tipo":"Educacion","tipo_equipamiento":"school","municipio":"SAN PEDRO DE URABÁ","lat":8.162222,"lon":-76.403056,"fuente":"OSM","direccion":""}},{"type":"Feature","geometry":{"type":"Point","coordinates":[-76.316389,8.396944]},"properties":{"nombre":"Colegio Sta Catalina","tipo":"Educacion","tipo_equipamiento":"school","municipio":"SAN PEDRO DE URABÁ","lat":8.396944,"lon":-76.316389,"fuente":"OSM","direccion":""}},{"type":"Feature","geometry":{"type":"Point","coordinates":[-76.390556,8.121944]},"properties":{"nombre":"Escuela Rur Alto San Juan","tipo":"Educacion","tipo_equipamiento":"school","municipio":"SAN PEDRO DE URABÁ","lat":8.121944,"lon":-76.390556,"fuente":"OSM","direccion":""}},{"type":"Feature","geometry":{"type":"Point","coordinates":[-76.331389,8.352778]},"properties":{"nombre":"Centro Educativo Rur Las Almagras","tipo":"Educacion","tipo_equipamiento":"school","municipio":"SAN PEDRO DE URABÁ","lat":8.352778,"lon":-76.331389,"fuente":"OSM","direccion":""}},{"type":"Feature","geometry":{"type":"Point","coordinates":[-76.385278,8.175833]},"properties":{"nombre":"Centro Educativo Rur La Cabaña","tipo":"Educacion","tipo_equipamiento":"school","municipio":"SAN PEDRO DE URABÁ","lat":8.175833,"lon":-76.385278,"fuente":"OSM","direccion":""}},{"type":"Feature","geometry":{"type":"Point","coordinates":[-76.7243582,8.4503363]},"properties":{"nombre":"Centro Educativo Rural Semana Santa Arriba","tipo":"Educacion","tipo_equipamiento":"school","municipio":"NECOCLÍ","lat":8.4503363,"lon":-76.7243582,"fuente":"OSM","direccion":""}},{"type":"Feature","geometry":{"type":"Point","coordinates":[-76.7612842,8.432149]},"properties":{"nombre":"Centro Educativo Rural La Gran Colombia","tipo":"Educacion","tipo_equipamiento":"school","municipio":"NECOCLÍ","lat":8.432149,"lon":-76.7612842,"fuente":"OSM","direccion":""}},{"type":"Feature","geometry":{"type":"Point","coordinates":[-76.7997766,8.4698042]},"properties":{"nombre":"Centro Educativo Rural Bocas De Iguana","tipo":"Educacion","tipo_equipamiento":"school","municipio":"NECOCLÍ","lat":8.4698042,"lon":-76.7997766,"fuente":"OSM","direccion":""}},{"type":"Feature","geometry":{"type":"Point","coordinates":[-76.7380536,8.4452795]},"properties":{"nombre":"Centro Educativo Rural Algodón Arriba","tipo":"Educacion","tipo_equipamiento":"school","municipio":"NECOCLÍ","lat":8.4452795,"lon":-76.7380536,"fuente":"OSM","direccion":""}},{"type":"Feature","geometry":{"type":"Point","coordinates":[-76.640833,8.440278]},"properties":{"nombre":"Institucion Educativa Rur La Comarca","tipo":"Educacion","tipo_equipamiento":"school","municipio":"NECOCLÍ","lat":8.440278,"lon":-76.640833,"fuente":"OSM","direccion":""}},{"type":"Feature","geometry":{"type":"Point","coordinates":[-76.579167,8.416944]},"properties":{"nombre":"Escuela Rur La Esmeralda","tipo":"Educacion","tipo_equipamiento":"school","municipio":"NECOCLÍ","lat":8.416944,"lon":-76.579167,"fuente":"OSM","direccion":""}},{"type":"Feature","geometry":{"type":"Point","coordinates":[-76.6310652,8.4144202]},"properties":{"nombre":"Escuela Rur Brisas Del Rio","tipo":"Educacion","tipo_equipamiento":"school","municipio":"NECOCLÍ","lat":8.4144202,"lon":-76.6310652,"fuente":"OSM","direccion":""}},{"type":"Feature","geometry":{"type":"Point","coordinates":[-76.708056,8.431111]},"properties":{"nombre":"Centro Educativo Rur Sevilla","tipo":"Educacion","tipo_equipamiento":"school","municipio":"NECOCLÍ","lat":8.431111,"lon":-76.708056,"fuente":"OSM","direccion":""}},{"type":"Feature","geometry":{"type":"Point","coordinates":[-76.628056,8.390556]},"properties":{"nombre":"Escuela Rur La Cenizosa","tipo":"Educacion","tipo_equipamiento":"school","municipio":"NECOCLÍ","lat":8.390556,"lon":-76.628056,"fuente":"OSM","direccion":""}},{"type":"Feature","geometry":{"type":"Point","coordinates":[-76.683889,8.357222]},"properties":{"nombre":"Escuela Rur El Barro Arriba","tipo":"Educacion","tipo_equipamiento":"school","municipio":"NECOCLÍ","lat":8.357222,"lon":-76.683889,"fuente":"OSM","direccion":""}},{"type":"Feature","geometry":{"type":"Point","coordinates":[-76.673889,8.494167]},"properties":{"nombre":"Escuela Rur Sta Rosa De Mulatos","tipo":"Educacion","tipo_equipamiento":"school","municipio":"NECOCLÍ","lat":8.494167,"lon":-76.673889,"fuente":"OSM","direccion":""}},{"type":"Feature","geometry":{"type":"Point","coordinates":[-76.537222,8.481111]},"properties":{"nombre":"Escuela Rur Sn Rafael Ii","tipo":"Educacion","tipo_equipamiento":"school","municipio":"NECOCLÍ","lat":8.481111,"lon":-76.537222,"fuente":"OSM","direccion":""}},{"type":"Feature","geometry":{"type":"Point","coordinates":[-76.318611,8.296389]},"properties":{"nombre":"Centro Educativo Rur Las Pavas","tipo":"Educacion","tipo_equipamiento":"school","municipio":"SAN PEDRO DE URABÁ","lat":8.296389,"lon":-76.318611,"fuente":"OSM","direccion":""}},{"type":"Feature","geometry":{"type":"Point","coordinates":[-76.366111,8.185]},"properties":{"nombre":"Escuela Rur El Aji","tipo":"Educacion","tipo_equipamiento":"school","municipio":"SAN PEDRO DE URABÁ","lat":8.185,"lon":-76.366111,"fuente":"OSM","direccion":""}},{"type":"Feature","geometry":{"type":"Point","coordinates":[-76.396389,8.253333]},"properties":{"nombre":"Centro Educativo Rur Sta Rosa Juan Xxiii","tipo":"Educacion","tipo_equipamiento":"school","municipio":"SAN PEDRO DE URABÁ","lat":8.253333,"lon":-76.396389,"fuente":"OSM","direccion":""}},{"type":"Feature","geometry":{"type":"Point","coordinates":[-76.350833,8.262778]},"properties":{"nombre":"Centro Educativo Rur Buchado Medio","tipo":"Educacion","tipo_equipamiento":"school","municipio":"SAN PEDRO DE URABÁ","lat":8.262778,"lon":-76.350833,"fuente":"OSM","direccion":""}},{"type":"Feature","geometry":{"type":"Point","coordinates":[-76.373611,8.214722]},"properties":{"nombre":"Institucion Educativa Rural Indigena Tacanal","tipo":"Educacion","tipo_equipamiento":"school","municipio":"SAN PEDRO DE URABÁ","lat":8.214722,"lon":-76.373611,"fuente":"OSM","direccion":""}},{"type":"Feature","geometry":{"type":"Point","coordinates":[-76.351667,8.378333]},"properties":{"nombre":"Escuela Rur El Brasil","tipo":"Educacion","tipo_equipamiento":"school","municipio":"SAN PEDRO DE URABÁ","lat":8.378333,"lon":-76.351667,"fuente":"OSM","direccion":""}},{"type":"Feature","geometry":{"type":"Point","coordinates":[-76.751944,8.36]},"properties":{"nombre":"Escuela Pitamorrial Abajo","tipo":"Educacion","tipo_equipamiento":"school","municipio":"NECOCLÍ","lat":8.36,"lon":-76.751944,"fuente":"OSM","direccion":""}},{"type":"Feature","geometry":{"type":"Point","coordinates":[-76.678889,8.386111]},"properties":{"nombre":"Escuela Rur El Comejen","tipo":"Educacion","tipo_equipamiento":"school","municipio":"NECOCLÍ","lat":8.386111,"lon":-76.678889,"fuente":"OSM","direccion":""}},{"type":"Feature","geometry":{"type":"Point","coordinates":[-76.7326155,8.3871379]},"properties":{"nombre":"Centro Educativo Rur El Carlos","tipo":"Educacion","tipo_equipamiento":"school","municipio":"NECOCLÍ","lat":8.3871379,"lon":-76.7326155,"fuente":"OSM","direccion":""}},{"type":"Feature","geometry":{"type":"Point","coordinates":[-76.732778,8.459167]},"properties":{"nombre":"Centro Educativo Rur Vale Pavas","tipo":"Educacion","tipo_equipamiento":"school","municipio":"NECOCLÍ","lat":8.459167,"lon":-76.732778,"fuente":"OSM","direccion":""}},{"type":"Feature","geometry":{"type":"Point","coordinates":[-76.621667,8.368889]},"properties":{"nombre":"Escuela Rur Tulapita","tipo":"Educacion","tipo_equipamiento":"school","municipio":"NECOCLÍ","lat":8.368889,"lon":-76.621667,"fuente":"OSM","direccion":""}},{"type":"Feature","geometry":{"type":"Point","coordinates":[-76.5330138,8.4953394]},"properties":{"nombre":"Escuela Rur Cienaga Mulatico","tipo":"Educacion","tipo_equipamiento":"school","municipio":"NECOCLÍ","lat":8.4953394,"lon":-76.5330138,"fuente":"OSM","direccion":""}},{"type":"Feature","geometry":{"type":"Point","coordinates":[-76.748333,8.303889]},"properties":{"nombre":"Escuela Rur La Ceibita","tipo":"Educacion","tipo_equipamiento":"school","municipio":"NECOCLÍ","lat":8.303889,"lon":-76.748333,"fuente":"OSM","direccion":""}},{"type":"Feature","geometry":{"type":"Point","coordinates":[-76.7433131,8.3324872]},"properties":{"nombre":"Colegio El Totumo","tipo":"Educacion","tipo_equipamiento":"school","municipio":"NECOCLÍ","lat":8.3324872,"lon":-76.7433131,"fuente":"OSM","direccion":""}},{"type":"Feature","geometry":{"type":"Point","coordinates":[-76.788056,8.461944]},"properties":{"nombre":"Escuela Rur Yoki Cinizosa","tipo":"Educacion","tipo_equipamiento":"school","municipio":"NECOCLÍ","lat":8.461944,"lon":-76.788056,"fuente":"OSM","direccion":""}},{"type":"Feature","geometry":{"type":"Point","coordinates":[-76.7946594,8.4820144]},"properties":{"nombre":"Centro Educativo Rur San Sebastian","tipo":"Educacion","tipo_equipamiento":"school","municipio":"NECOCLÍ","lat":8.4820144,"lon":-76.7946594,"fuente":"OSM","direccion":""}},{"type":"Feature","geometry":{"type":"Point","coordinates":[-76.535556,8.433889]},"properties":{"nombre":"Escuela Rur Nva Esperanza","tipo":"Educacion","tipo_equipamiento":"school","municipio":"NECOCLÍ","lat":8.433889,"lon":-76.535556,"fuente":"OSM","direccion":""}},{"type":"Feature","geometry":{"type":"Point","coordinates":[-76.6985292,8.4493682]},"properties":{"nombre":"Escuela Rur Alto Carito","tipo":"Educacion","tipo_equipamiento":"school","municipio":"NECOCLÍ","lat":8.4493682,"lon":-76.6985292,"fuente":"OSM","direccion":""}},{"type":"Feature","geometry":{"type":"Point","coordinates":[-76.729722,8.361667]},"properties":{"nombre":"Escuela Rur Nva Estrella","tipo":"Educacion","tipo_equipamiento":"school","municipio":"NECOCLÍ","lat":8.361667,"lon":-76.729722,"fuente":"OSM","direccion":""}},{"type":"Feature","geometry":{"type":"Point","coordinates":[-76.659167,8.346389]},"properties":{"nombre":"Escuela Rur Yoki Cerro Machena","tipo":"Educacion","tipo_equipamiento":"school","municipio":"NECOCLÍ","lat":8.346389,"lon":-76.659167,"fuente":"OSM","direccion":""}},{"type":"Feature","geometry":{"type":"Point","coordinates":[-76.671389,8.4775]},"properties":{"nombre":"Escuela Rur Limoncillo","tipo":"Educacion","tipo_equipamiento":"school","municipio":"NECOCLÍ","lat":8.4775,"lon":-76.671389,"fuente":"OSM","direccion":""}},{"type":"Feature","geometry":{"type":"Point","coordinates":[-76.785941,8.4225198]},"properties":{"nombre":"Centro Educativo Rur Villa Nva","tipo":"Educacion","tipo_equipamiento":"school","municipio":"NECOCLÍ","lat":8.4225198,"lon":-76.785941,"fuente":"OSM","direccion":""}},{"type":"Feature","geometry":{"type":"Point","coordinates":[-76.801389,8.486667]},"properties":{"nombre":"Centro Educativo Rur Rio Necocli","tipo":"Educacion","tipo_equipamiento":"school","municipio":"NECOCLÍ","lat":8.486667,"lon":-76.801389,"fuente":"OSM","direccion":""}},{"type":"Feature","geometry":{"type":"Point","coordinates":[-76.7567332,8.3711297]},"properties":{"nombre":"Escuela Rur Casa Blanca","tipo":"Educacion","tipo_equipamiento":"school","municipio":"NECOCLÍ","lat":8.3711297,"lon":-76.7567332,"fuente":"OSM","direccion":""}},{"type":"Feature","geometry":{"type":"Point","coordinates":[-76.680833,8.4275]},"properties":{"nombre":"Escuela Rur Bobal Carito","tipo":"Educacion","tipo_equipamiento":"school","municipio":"NECOCLÍ","lat":8.4275,"lon":-76.680833,"fuente":"OSM","direccion":""}},{"type":"Feature","geometry":{"type":"Point","coordinates":[-76.64,8.491389]},"properties":{"nombre":"Escuela Rur Corcovado","tipo":"Educacion","tipo_equipamiento":"school","municipio":"NECOCLÍ","lat":8.491389,"lon":-76.64,"fuente":"OSM","direccion":""}},{"type":"Feature","geometry":{"type":"Point","coordinates":[-76.715312,8.497473]},"properties":{"nombre":"Centro Educativo Rur Botijuela","tipo":"Educacion","tipo_equipamiento":"school","municipio":"NECOCLÍ","lat":8.497473,"lon":-76.715312,"fuente":"OSM","direccion":""}},{"type":"Feature","geometry":{"type":"Point","coordinates":[-76.740833,8.407778]},"properties":{"nombre":"Centro Educativo Rur Bobal La Playa","tipo":"Educacion","tipo_equipamiento":"school","municipio":"NECOCLÍ","lat":8.407778,"lon":-76.740833,"fuente":"OSM","direccion":""}},{"type":"Feature","geometry":{"type":"Point","coordinates":[-76.744444,8.495]},"properties":{"nombre":"Escuela Rur El Moncholo","tipo":"Educacion","tipo_equipamiento":"school","municipio":"NECOCLÍ","lat":8.495,"lon":-76.744444,"fuente":"OSM","direccion":""}},{"type":"Feature","geometry":{"type":"Point","coordinates":[-76.602152,8.466198]},"properties":{"nombre":"Escuela Rur San Isidro","tipo":"Educacion","tipo_equipamiento":"school","municipio":"NECOCLÍ","lat":8.466198,"lon":-76.602152,"fuente":"OSM","direccion":""}},{"type":"Feature","geometry":{"type":"Point","coordinates":[-76.5075,8.4625]},"properties":{"nombre":"Escuela Rur Las Palmeras","tipo":"Educacion","tipo_equipamiento":"school","municipio":"NECOCLÍ","lat":8.4625,"lon":-76.5075,"fuente":"OSM","direccion":""}},{"type":"Feature","geometry":{"type":"Point","coordinates":[-76.654167,8.430556]},"properties":{"nombre":"Escuela Rur Sta Fe Del Tuntun","tipo":"Educacion","tipo_equipamiento":"school","municipio":"NECOCLÍ","lat":8.430556,"lon":-76.654167,"fuente":"OSM","direccion":""}},{"type":"Feature","geometry":{"type":"Point","coordinates":[-76.6454696,8.4130082]},"properties":{"nombre":"Institucion Educativa Pueblo Nuevo","tipo":"Educacion","tipo_equipamiento":"school","municipio":"NECOCLÍ","lat":8.4130082,"lon":-76.6454696,"fuente":"OSM","direccion":""}},{"type":"Feature","geometry":{"type":"Point","coordinates":[-76.781667,8.433611]},"properties":{"nombre":"Institucion Educativa Rur Mulatos","tipo":"Educacion","tipo_equipamiento":"school","municipio":"NECOCLÍ","lat":8.433611,"lon":-76.781667,"fuente":"OSM","direccion":""}},{"type":"Feature","geometry":{"type":"Point","coordinates":[-76.6906293,8.3105981]},"properties":{"nombre":"Escuela Rur Yoki Nueva Luz","tipo":"Educacion","tipo_equipamiento":"school","municipio":"NECOCLÍ","lat":8.3105981,"lon":-76.6906293,"fuente":"OSM","direccion":""}},{"type":"Feature","geometry":{"type":"Point","coordinates":[-76.566111,8.455556]},"properties":{"nombre":"Escuela Rur Mello Villavicencio","tipo":"Educacion","tipo_equipamiento":"school","municipio":"NECOCLÍ","lat":8.455556,"lon":-76.566111,"fuente":"OSM","direccion":""}},{"type":"Feature","geometry":{"type":"Point","coordinates":[-76.5567133,8.4250977]},"properties":{"nombre":"Escuela Rur Algodon","tipo":"Educacion","tipo_equipamiento":"school","municipio":"NECOCLÍ","lat":8.4250977,"lon":-76.5567133,"fuente":"OSM","direccion":""}},{"type":"Feature","geometry":{"type":"Point","coordinates":[-76.758056,7.844444]},"properties":{"nombre":"Escuela Rur La Esperanza","tipo":"Educacion","tipo_equipamiento":"school","municipio":"CAREPA","lat":7.844444,"lon":-76.758056,"fuente":"OSM","direccion":""}},{"type":"Feature","geometry":{"type":"Point","coordinates":[-76.734167,7.753611]},"properties":{"nombre":"Centro Educativo Rur Union Quince","tipo":"Educacion","tipo_equipamiento":"school","municipio":"CAREPA","lat":7.753611,"lon":-76.734167,"fuente":"OSM","direccion":""}},{"type":"Feature","geometry":{"type":"Point","coordinates":[-76.506667,7.773056]},"properties":{"nombre":"Escuela Rur Campamento","tipo":"Educacion","tipo_equipamiento":"school","municipio":"CAREPA","lat":7.773056,"lon":-76.506667,"fuente":"OSM","direccion":""}},{"type":"Feature","geometry":{"type":"Point","coordinates":[-76.775,7.758333]},"properties":{"nombre":"Centro Educativo Rur Bocas De Chigorodo","tipo":"Educacion","tipo_equipamiento":"school","municipio":"CAREPA","lat":7.758333,"lon":-76.775,"fuente":"OSM","direccion":""}},{"type":"Feature","geometry":{"type":"Point","coordinates":[-76.495833,7.785]},"properties":{"nombre":"Escuela Rur El Cerro","tipo":"Educacion","tipo_equipamiento":"school","municipio":"CAREPA","lat":7.785,"lon":-76.495833,"fuente":"OSM","direccion":""}},{"type":"Feature","geometry":{"type":"Point","coordinates":[-76.5560146,7.7463141]},"properties":{"nombre":"Colegio Piedras Blancas","tipo":"Educacion","tipo_equipamiento":"school","municipio":"CAREPA","lat":7.7463141,"lon":-76.5560146,"fuente":"OSM","direccion":""}},{"type":"Feature","geometry":{"type":"Point","coordinates":[-76.773333,7.835833]},"properties":{"nombre":"Escuela Rur Nva Esperanza","tipo":"Educacion","tipo_equipamiento":"school","municipio":"CAREPA","lat":7.835833,"lon":-76.773333,"fuente":"OSM","direccion":""}},{"type":"Feature","geometry":{"type":"Point","coordinates":[-76.663889,7.743333]},"properties":{"nombre":"Escuela Rur Ipancay","tipo":"Educacion","tipo_equipamiento":"school","municipio":"CAREPA","lat":7.743333,"lon":-76.663889,"fuente":"OSM","direccion":""}},{"type":"Feature","geometry":{"type":"Point","coordinates":[-76.757778,7.830833]},"properties":{"nombre":"Centro Educativo Rur Carepita","tipo":"Educacion","tipo_equipamiento":"school","municipio":"CAREPA","lat":7.830833,"lon":-76.757778,"fuente":"OSM","direccion":""}},{"type":"Feature","geometry":{"type":"Point","coordinates":[-76.553333,7.767778]},"properties":{"nombre":"Escuela Rur La Danta","tipo":"Educacion","tipo_equipamiento":"school","municipio":"CAREPA","lat":7.767778,"lon":-76.553333,"fuente":"OSM","direccion":""}},{"type":"Feature","geometry":{"type":"Point","coordinates":[-76.6425,7.761111]},"properties":{"nombre":"Centro Educativo Rur La Cadena","tipo":"Educacion","tipo_equipamiento":"school","municipio":"CAREPA","lat":7.761111,"lon":-76.6425,"fuente":"OSM","direccion":""}},{"type":"Feature","geometry":{"type":"Point","coordinates":[-76.484444,7.840278]},"properties":{"nombre":"Escuela Rur La Union","tipo":"Educacion","tipo_equipamiento":"school","municipio":"CAREPA","lat":7.840278,"lon":-76.484444,"fuente":"OSM","direccion":""}},{"type":"Feature","geometry":{"type":"Point","coordinates":[-76.691667,7.759167]},"properties":{"nombre":"Centro Educativo Rur Villa Nelly","tipo":"Educacion","tipo_equipamiento":"school","municipio":"CAREPA","lat":7.759167,"lon":-76.691667,"fuente":"OSM","direccion":""}},{"type":"Feature","geometry":{"type":"Point","coordinates":[-76.516667,7.758889]},"properties":{"nombre":"Escuela Rur Caracoli","tipo":"Educacion","tipo_equipamiento":"school","municipio":"CAREPA","lat":7.758889,"lon":-76.516667,"fuente":"OSM","direccion":""}},{"type":"Feature","geometry":{"type":"Point","coordinates":[-76.555833,7.745278]},"properties":{"nombre":"Escuela Rur La Cristalina","tipo":"Educacion","tipo_equipamiento":"school","municipio":"CAREPA","lat":7.745278,"lon":-76.555833,"fuente":"OSM","direccion":""}},{"type":"Feature","geometry":{"type":"Point","coordinates":[-76.652222,7.783333]},"properties":{"nombre":"Centro Educativo Rur Vijagual","tipo":"Educacion","tipo_equipamiento":"school","municipio":"CAREPA","lat":7.783333,"lon":-76.652222,"fuente":"OSM","direccion":""}},{"type":"Feature","geometry":{"type":"Point","coordinates":[-76.577222,7.761667]},"properties":{"nombre":"Centro Educativo Rur El Palmar","tipo":"Educacion","tipo_equipamiento":"school","municipio":"CAREPA","lat":7.761667,"lon":-76.577222,"fuente":"OSM","direccion":""}},{"type":"Feature","geometry":{"type":"Point","coordinates":[-76.413333,8.488333]},"properties":{"nombre":"Centro Educativo Rur Dios Es Amor","tipo":"Educacion","tipo_equipamiento":"school","municipio":"ARBOLETES","lat":8.488333,"lon":-76.413333,"fuente":"OSM","direccion":""}},{"type":"Feature","geometry":{"type":"Point","coordinates":[-76.384722,8.486667]},"properties":{"nombre":"Centro Educativo Rural Cordero Icacal","tipo":"Educacion","tipo_equipamiento":"school","municipio":"ARBOLETES","lat":8.486667,"lon":-76.384722,"fuente":"OSM","direccion":""}},{"type":"Feature","geometry":{"type":"Point","coordinates":[-76.380278,8.456389]},"properties":{"nombre":"Centro Educativo Rur El Viejo","tipo":"Educacion","tipo_equipamiento":"school","municipio":"ARBOLETES","lat":8.456389,"lon":-76.380278,"fuente":"OSM","direccion":""}},{"type":"Feature","geometry":{"type":"Point","coordinates":[-76.430556,8.459722]},"properties":{"nombre":"Centro Educativo Rur San Pedro Claver Sexto","tipo":"Educacion","tipo_equipamiento":"school","municipio":"ARBOLETES","lat":8.459722,"lon":-76.430556,"fuente":"OSM","direccion":""}},{"type":"Feature","geometry":{"type":"Point","coordinates":[-76.330556,8.479722]},"properties":{"nombre":"Centro Educativo Rur La Arenosa","tipo":"Educacion","tipo_equipamiento":"school","municipio":"ARBOLETES","lat":8.479722,"lon":-76.330556,"fuente":"OSM","direccion":""}},{"type":"Feature","geometry":{"type":"Point","coordinates":[-76.426389,8.499444]},"properties":{"nombre":"Centro Educativo Rur Mesopotamia","tipo":"Educacion","tipo_equipamiento":"school","municipio":"ARBOLETES","lat":8.499444,"lon":-76.426389,"fuente":"OSM","direccion":""}},{"type":"Feature","geometry":{"type":"Point","coordinates":[-76.339444,8.468333]},"properties":{"nombre":"Centro Educativo Rur San Luis Gonzaga","tipo":"Educacion","tipo_equipamiento":"school","municipio":"ARBOLETES","lat":8.468333,"lon":-76.339444,"fuente":"OSM","direccion":""}},{"type":"Feature","geometry":{"type":"Point","coordinates":[-76.5703889,7.9331111]},"properties":{"nombre":"Centro Educativo Rural El Salto","tipo":"Educacion","tipo_equipamiento":"school","municipio":"APARTADÓ","lat":7.9331111,"lon":-76.5703889,"fuente":"OSM","direccion":""}},{"type":"Feature","geometry":{"type":"Point","coordinates":[-76.6475127,7.879152]},"properties":{"nombre":"Centro Educativo Rural La Resbalosa","tipo":"Educacion","tipo_equipamiento":"school","municipio":"APARTADÓ","lat":7.879152,"lon":-76.6475127,"fuente":"OSM","direccion":""}},{"type":"Feature","geometry":{"type":"Point","coordinates":[-76.7252121,7.9144466]},"properties":{"nombre":"Centro Educativo Rural Punto Rojo","tipo":"Educacion","tipo_equipamiento":"school","municipio":"APARTADÓ","lat":7.9144466,"lon":-76.7252121,"fuente":"OSM","direccion":""}},{"type":"Feature","geometry":{"type":"Point","coordinates":[-76.6078038,7.8782077]},"properties":{"nombre":"Centro Educativo Rural Biduado","tipo":"Educacion","tipo_equipamiento":"school","municipio":"APARTADÓ","lat":7.8782077,"lon":-76.6078038,"fuente":"OSM","direccion":""}},{"type":"Feature","geometry":{"type":"Point","coordinates":[-76.564722,7.823611]},"properties":{"nombre":"Centro Educativo Rural La Miranda","tipo":"Educacion","tipo_equipamiento":"school","municipio":"APARTADÓ","lat":7.823611,"lon":-76.564722,"fuente":"OSM","direccion":""}},{"type":"Feature","geometry":{"type":"Point","coordinates":[-76.530278,7.843056]},"properties":{"nombre":"Centro Educativo Rural La Cristalina","tipo":"Educacion","tipo_equipamiento":"school","municipio":"APARTADÓ","lat":7.843056,"lon":-76.530278,"fuente":"OSM","direccion":""}},{"type":"Feature","geometry":{"type":"Point","coordinates":[-76.497778,7.8825]},"properties":{"nombre":"Centro Educativo Rural Mulato Cabecera","tipo":"Educacion","tipo_equipamiento":"school","municipio":"APARTADÓ","lat":7.8825,"lon":-76.497778,"fuente":"OSM","direccion":""}},{"type":"Feature","geometry":{"type":"Point","coordinates":[-76.536667,7.945833]},"properties":{"nombre":"Centro Educativo Rural Arenas Bajas","tipo":"Educacion","tipo_equipamiento":"school","municipio":"APARTADÓ","lat":7.945833,"lon":-76.536667,"fuente":"OSM","direccion":""}},{"type":"Feature","geometry":{"type":"Point","coordinates":[-76.525278,7.8725]},"properties":{"nombre":"Centro Educativo Rural Bellavista","tipo":"Educacion","tipo_equipamiento":"school","municipio":"APARTADÓ","lat":7.8725,"lon":-76.525278,"fuente":"OSM","direccion":""}},{"type":"Feature","geometry":{"type":"Point","coordinates":[-76.515833,7.941944]},"properties":{"nombre":"Centro Educativo Rural El Porvenir","tipo":"Educacion","tipo_equipamiento":"school","municipio":"APARTADÓ","lat":7.941944,"lon":-76.515833,"fuente":"OSM","direccion":""}},{"type":"Feature","geometry":{"type":"Point","coordinates":[-76.495278,7.981389]},"properties":{"nombre":"Centro Educativo Rural Playa Larga","tipo":"Educacion","tipo_equipamiento":"school","municipio":"APARTADÓ","lat":7.981389,"lon":-76.495278,"fuente":"OSM","direccion":""}},{"type":"Feature","geometry":{"type":"Point","coordinates":[-76.440278,7.990556]},"properties":{"nombre":"Centro Educativo Rural Rodoxali","tipo":"Educacion","tipo_equipamiento":"school","municipio":"APARTADÓ","lat":7.990556,"lon":-76.440278,"fuente":"OSM","direccion":""}},{"type":"Feature","geometry":{"type":"Point","coordinates":[-76.465,8.022222]},"properties":{"nombre":"Centro Educativo Rural Zabaleta","tipo":"Educacion","tipo_equipamiento":"school","municipio":"APARTADÓ","lat":8.022222,"lon":-76.465,"fuente":"OSM","direccion":""}},{"type":"Feature","geometry":{"type":"Point","coordinates":[-76.525,7.893611]},"properties":{"nombre":"Centro Educativo Rural Buenos Aires","tipo":"Educacion","tipo_equipamiento":"school","municipio":"APARTADÓ","lat":7.893611,"lon":-76.525,"fuente":"OSM","direccion":""}},{"type":"Feature","geometry":{"type":"Point","coordinates":[-76.57233,7.865632]},"properties":{"nombre":"Centro Educativo Rural La Pancha","tipo":"Educacion","tipo_equipamiento":"school","municipio":"APARTADÓ","lat":7.865632,"lon":-76.57233,"fuente":"OSM","direccion":""}},{"type":"Feature","geometry":{"type":"Point","coordinates":[-76.583997,7.926289]},"properties":{"nombre":"Centro Educativo Rural El Gas","tipo":"Educacion","tipo_equipamiento":"school","municipio":"APARTADÓ","lat":7.926289,"lon":-76.583997,"fuente":"OSM","direccion":""}},{"type":"Feature","geometry":{"type":"Point","coordinates":[-76.557778,7.794444]},"properties":{"nombre":"Centro Educativo Rural La Pedroza","tipo":"Educacion","tipo_equipamiento":"school","municipio":"APARTADÓ","lat":7.794444,"lon":-76.557778,"fuente":"OSM","direccion":""}},{"type":"Feature","geometry":{"type":"Point","coordinates":[-76.593789,7.942747]},"properties":{"nombre":"Centro Educativo Rural Los Mandarinos","tipo":"Educacion","tipo_equipamiento":"school","municipio":"APARTADÓ","lat":7.942747,"lon":-76.593789,"fuente":"OSM","direccion":""}},{"type":"Feature","geometry":{"type":"Point","coordinates":[-76.53,7.826111]},"properties":{"nombre":"Centro Educativo Rural Villamar","tipo":"Educacion","tipo_equipamiento":"school","municipio":"APARTADÓ","lat":7.826111,"lon":-76.53,"fuente":"OSM","direccion":""}},{"type":"Feature","geometry":{"type":"Point","coordinates":[-76.483611,7.937778]},"properties":{"nombre":"Centro Educativo Rural La Esperanza","tipo":"Educacion","tipo_equipamiento":"school","municipio":"APARTADÓ","lat":7.937778,"lon":-76.483611,"fuente":"OSM","direccion":""}},{"type":"Feature","geometry":{"type":"Point","coordinates":[-76.601512,7.86514]},"properties":{"nombre":"Centro Educativo Rural Salsipuedes","tipo":"Educacion","tipo_equipamiento":"school","municipio":"APARTADÓ","lat":7.86514,"lon":-76.601512,"fuente":"OSM","direccion":""}},{"type":"Feature","geometry":{"type":"Point","coordinates":[-76.607819,7.878295]},"properties":{"nombre":"Institucion Educativa Rural Indigenista Bagara","tipo":"Educacion","tipo_equipamiento":"school","municipio":"APARTADÓ","lat":7.878295,"lon":-76.607819,"fuente":"OSM","direccion":""}},{"type":"Feature","geometry":{"type":"Point","coordinates":[-76.566111,7.909444]},"properties":{"nombre":"Centro Educativo Rural Guineo Alto","tipo":"Educacion","tipo_equipamiento":"school","municipio":"APARTADÓ","lat":7.909444,"lon":-76.566111,"fuente":"OSM","direccion":""}},{"type":"Feature","geometry":{"type":"Point","coordinates":[-76.724024,7.8844618]},"properties":{"nombre":"Centro Educativo Rural San Pablo","tipo":"Educacion","tipo_equipamiento":"school","municipio":"APARTADÓ","lat":7.8844618,"lon":-76.724024,"fuente":"OSM","direccion":""}},{"type":"Feature","geometry":{"type":"Point","coordinates":[-76.7376726,7.9054201]},"properties":{"nombre":"Institucion Educativa Rural Puerto Giron","tipo":"Educacion","tipo_equipamiento":"school","municipio":"APARTADÓ","lat":7.9054201,"lon":-76.7376726,"fuente":"OSM","direccion":""}},{"type":"Feature","geometry":{"type":"Point","coordinates":[-76.584725,7.878941]},"properties":{"nombre":"Centro Educativo Rural La Balsa","tipo":"Educacion","tipo_equipamiento":"school","municipio":"APARTADÓ","lat":7.878941,"lon":-76.584725,"fuente":"OSM","direccion":""}},{"type":"Feature","geometry":{"type":"Point","coordinates":[-76.705159,7.897417]},"properties":{"nombre":"Institucion Educativa Rural El Diamante","tipo":"Educacion","tipo_equipamiento":"school","municipio":"APARTADÓ","lat":7.897417,"lon":-76.705159,"fuente":"OSM","direccion":""}},{"type":"Feature","geometry":{"type":"Point","coordinates":[-76.587758,7.902372]},"properties":{"nombre":"Institucion Educativa Rural El Guineo","tipo":"Educacion","tipo_equipamiento":"school","municipio":"APARTADÓ","lat":7.902372,"lon":-76.587758,"fuente":"OSM","direccion":""}},{"type":"Feature","geometry":{"type":"Point","coordinates":[-76.5837373,7.8641134]},"properties":{"nombre":"Centro Educativo Arenas Altas","tipo":"Educacion","tipo_equipamiento":"school","municipio":"APARTADÓ","lat":7.8641134,"lon":-76.5837373,"fuente":"OSM","direccion":""}},{"type":"Feature","geometry":{"type":"Point","coordinates":[-76.648901,7.828731]},"properties":{"nombre":"Institucion Educativa Rural Pedro Nel Durango","tipo":"Educacion","tipo_equipamiento":"school","municipio":"APARTADÓ","lat":7.828731,"lon":-76.648901,"fuente":"OSM","direccion":""}},{"type":"Feature","geometry":{"type":"Point","coordinates":[-76.623693,7.824471]},"properties":{"nombre":"Escuela Rural El Jardin","tipo":"Educacion","tipo_equipamiento":"school","municipio":"APARTADÓ","lat":7.824471,"lon":-76.623693,"fuente":"OSM","direccion":""}},{"type":"Feature","geometry":{"type":"Point","coordinates":[-76.577922,7.867748]},"properties":{"nombre":"Centro Educativo Rural La Victoria","tipo":"Educacion","tipo_equipamiento":"school","municipio":"APARTADÓ","lat":7.867748,"lon":-76.577922,"fuente":"OSM","direccion":""}},{"type":"Feature","geometry":{"type":"Point","coordinates":[-76.601216,7.919102]},"properties":{"nombre":"Centro Educativo Rural El Osito","tipo":"Educacion","tipo_equipamiento":"school","municipio":"APARTADÓ","lat":7.919102,"lon":-76.601216,"fuente":"OSM","direccion":""}},{"type":"Feature","geometry":{"type":"Point","coordinates":[-76.607685,7.892052]},"properties":{"nombre":"Centro Educativo Rural El Tigre","tipo":"Educacion","tipo_equipamiento":"school","municipio":"APARTADÓ","lat":7.892052,"lon":-76.607685,"fuente":"OSM","direccion":""}},{"type":"Feature","geometry":{"type":"Point","coordinates":[-76.560835,7.8525135]},"properties":{"nombre":"Centro Educativo Rural El Cuchillo","tipo":"Educacion","tipo_equipamiento":"school","municipio":"APARTADÓ","lat":7.8525135,"lon":-76.560835,"fuente":"OSM","direccion":""}},{"type":"Feature","geometry":{"type":"Point","coordinates":[-76.610307,7.877753]},"properties":{"nombre":"Institucion Educativa Rural Bartolome Cataño Vallejo","tipo":"Educacion","tipo_equipamiento":"school","municipio":"APARTADÓ","lat":7.877753,"lon":-76.610307,"fuente":"OSM","direccion":""}},{"type":"Feature","geometry":{"type":"Point","coordinates":[-76.655974,7.800832]},"properties":{"nombre":"Institucion Educativa Rural El Reposo","tipo":"Educacion","tipo_equipamiento":"school","municipio":"APARTADÓ","lat":7.800832,"lon":-76.655974,"fuente":"OSM","direccion":""}},{"type":"Feature","geometry":{"type":"Point","coordinates":[-76.743889,7.736111]},"properties":{"nombre":"Centro Educativo Rur Veracruz Dos","tipo":"Educacion","tipo_equipamiento":"school","municipio":"CHIGORODÓ","lat":7.736111,"lon":-76.743889,"fuente":"OSM","direccion":""}},{"type":"Feature","geometry":{"type":"Point","coordinates":[-76.748611,7.739444]},"properties":{"nombre":"Centro Educativo Rur Veracruz Uno","tipo":"Educacion","tipo_equipamiento":"school","municipio":"CHIGORODÓ","lat":7.739444,"lon":-76.748611,"fuente":"OSM","direccion":""}},{"type":"Feature","geometry":{"type":"Point","coordinates":[-76.6125,7.555556]},"properties":{"nombre":"Centro Educativo Rur Indig Guapa Alto","tipo":"Educacion","tipo_equipamiento":"school","municipio":"CHIGORODÓ","lat":7.555556,"lon":-76.6125,"fuente":"OSM","direccion":""}},{"type":"Feature","geometry":{"type":"Point","coordinates":[-76.5925,7.501944]},"properties":{"nombre":"Centro Educativo Rur Celestino Diaz","tipo":"Educacion","tipo_equipamiento":"school","municipio":"CHIGORODÓ","lat":7.501944,"lon":-76.5925,"fuente":"OSM","direccion":""}},{"type":"Feature","geometry":{"type":"Point","coordinates":[-76.6554563,7.659207]},"properties":{"nombre":"Centro Educativo Rur San Bartolo","tipo":"Educacion","tipo_equipamiento":"school","municipio":"CHIGORODÓ","lat":7.659207,"lon":-76.6554563,"fuente":"OSM","direccion":""}},{"type":"Feature","geometry":{"type":"Point","coordinates":[-76.775278,7.711111]},"properties":{"nombre":"Centro Educativo Rur Sadem Guacamaya","tipo":"Educacion","tipo_equipamiento":"school","municipio":"CHIGORODÓ","lat":7.711111,"lon":-76.775278,"fuente":"OSM","direccion":""}},{"type":"Feature","geometry":{"type":"Point","coordinates":[-76.618889,7.556944]},"properties":{"nombre":"Centro Educativo Rur Brisas De Guapa","tipo":"Educacion","tipo_equipamiento":"school","municipio":"CHIGORODÓ","lat":7.556944,"lon":-76.618889,"fuente":"OSM","direccion":""}},{"type":"Feature","geometry":{"type":"Point","coordinates":[-76.635278,7.585]},"properties":{"nombre":"Centro Educativo Rur Guapa Arriba","tipo":"Educacion","tipo_equipamiento":"school","municipio":"CHIGORODÓ","lat":7.585,"lon":-76.635278,"fuente":"OSM","direccion":""}},{"type":"Feature","geometry":{"type":"Point","coordinates":[-76.579444,7.606389]},"properties":{"nombre":"Centro Educativo Rur Remigio","tipo":"Educacion","tipo_equipamiento":"school","municipio":"CHIGORODÓ","lat":7.606389,"lon":-76.579444,"fuente":"OSM","direccion":""}},{"type":"Feature","geometry":{"type":"Point","coordinates":[-76.643889,7.674722]},"properties":{"nombre":"Centro Educativo Rur Ripea","tipo":"Educacion","tipo_equipamiento":"school","municipio":"CHIGORODÓ","lat":7.674722,"lon":-76.643889,"fuente":"OSM","direccion":""}},{"type":"Feature","geometry":{"type":"Point","coordinates":[-76.765556,7.671389]},"properties":{"nombre":"Escuela Rur Malagon","tipo":"Educacion","tipo_equipamiento":"school","municipio":"CHIGORODÓ","lat":7.671389,"lon":-76.765556,"fuente":"OSM","direccion":""}},{"type":"Feature","geometry":{"type":"Point","coordinates":[-76.605278,7.690833]},"properties":{"nombre":"Centro Educativo Rur Elcoco","tipo":"Educacion","tipo_equipamiento":"school","municipio":"CHIGORODÓ","lat":7.690833,"lon":-76.605278,"fuente":"OSM","direccion":""}},{"type":"Feature","geometry":{"type":"Point","coordinates":[-76.638056,7.644444]},"properties":{"nombre":"Centro Educativo Rur La Maporita","tipo":"Educacion","tipo_equipamiento":"school","municipio":"CHIGORODÓ","lat":7.644444,"lon":-76.638056,"fuente":"OSM","direccion":""}},{"type":"Feature","geometry":{"type":"Point","coordinates":[-76.725556,7.622778]},"properties":{"nombre":"Centro Educativo Cent Educc Rur Champitas","tipo":"Educacion","tipo_equipamiento":"school","municipio":"CHIGORODÓ","lat":7.622778,"lon":-76.725556,"fuente":"OSM","direccion":""}},{"type":"Feature","geometry":{"type":"Point","coordinates":[-76.729722,7.614444]},"properties":{"nombre":"Centro Educativo Rur Bohios","tipo":"Educacion","tipo_equipamiento":"school","municipio":"CHIGORODÓ","lat":7.614444,"lon":-76.729722,"fuente":"OSM","direccion":""}},{"type":"Feature","geometry":{"type":"Point","coordinates":[-76.611667,7.6525]},"properties":{"nombre":"Centro Educativo Rur Chirido","tipo":"Educacion","tipo_equipamiento":"school","municipio":"CHIGORODÓ","lat":7.6525,"lon":-76.611667,"fuente":"OSM","direccion":""}},{"type":"Feature","geometry":{"type":"Point","coordinates":[-76.618333,7.551667]},"properties":{"nombre":"Escuela Rur Guapa Carret","tipo":"Educacion","tipo_equipamiento":"school","municipio":"CHIGORODÓ","lat":7.551667,"lon":-76.618333,"fuente":"OSM","direccion":""}},{"type":"Feature","geometry":{"type":"Point","coordinates":[-76.609722,7.525]},"properties":{"nombre":"Centro Educativo Rur Las Mercedes","tipo":"Educacion","tipo_equipamiento":"school","municipio":"CHIGORODÓ","lat":7.525,"lon":-76.609722,"fuente":"OSM","direccion":""}},{"type":"Feature","geometry":{"type":"Point","coordinates":[-76.800833,7.738056]},"properties":{"nombre":"Centro Educativo Rural Saden Candelaria","tipo":"Educacion","tipo_equipamiento":"school","municipio":"CHIGORODÓ","lat":7.738056,"lon":-76.800833,"fuente":"OSM","direccion":""}},{"type":"Feature","geometry":{"type":"Point","coordinates":[-76.737778,7.697222]},"properties":{"nombre":"Centro Educativo Rur Nel Upegui","tipo":"Educacion","tipo_equipamiento":"school","municipio":"CHIGORODÓ","lat":7.697222,"lon":-76.737778,"fuente":"OSM","direccion":""}},{"type":"Feature","geometry":{"type":"Point","coordinates":[-76.581944,7.641389]},"properties":{"nombre":"Centro Educativo Rur El Platano","tipo":"Educacion","tipo_equipamiento":"school","municipio":"CHIGORODÓ","lat":7.641389,"lon":-76.581944,"fuente":"OSM","direccion":""}},{"type":"Feature","geometry":{"type":"Point","coordinates":[-76.655278,7.553056]},"properties":{"nombre":"Centro Educativo Rur Guapacito Andalucia","tipo":"Educacion","tipo_equipamiento":"school","municipio":"CHIGORODÓ","lat":7.553056,"lon":-76.655278,"fuente":"OSM","direccion":""}},{"type":"Feature","geometry":{"type":"Point","coordinates":[-76.659444,7.698056]},"properties":{"nombre":"Centro Educativo Rural El Bijao","tipo":"Educacion","tipo_equipamiento":"school","municipio":"CHIGORODÓ","lat":7.698056,"lon":-76.659444,"fuente":"OSM","direccion":""}},{"type":"Feature","geometry":{"type":"Point","coordinates":[-76.636389,7.601667]},"properties":{"nombre":"Centro Educativo Rur Manuel Gomez","tipo":"Educacion","tipo_equipamiento":"school","municipio":"CHIGORODÓ","lat":7.601667,"lon":-76.636389,"fuente":"OSM","direccion":""}},{"type":"Feature","geometry":{"type":"Point","coordinates":[-76.645278,7.566111]},"properties":{"nombre":"Otra sigla El Dos","tipo":"Educacion","tipo_equipamiento":"school","municipio":"CHIGORODÓ","lat":7.566111,"lon":-76.645278,"fuente":"OSM","direccion":""}},{"type":"Feature","geometry":{"type":"Point","coordinates":[-76.696667,7.563333]},"properties":{"nombre":"Institucion Educativa Barranquillita","tipo":"Educacion","tipo_equipamiento":"school","municipio":"CHIGORODÓ","lat":7.563333,"lon":-76.696667,"fuente":"OSM","direccion":""}},{"type":"Feature","geometry":{"type":"Point","coordinates":[-76.651389,7.616389]},"properties":{"nombre":"Centro Educativo Rur El Venado","tipo":"Educacion","tipo_equipamiento":"school","municipio":"CHIGORODÓ","lat":7.616389,"lon":-76.651389,"fuente":"OSM","direccion":""}},{"type":"Feature","geometry":{"type":"Point","coordinates":[-76.656389,7.652778]},"properties":{"nombre":"Institucion Agricola Uraba","tipo":"Educacion","tipo_equipamiento":"school","municipio":"CHIGORODÓ","lat":7.652778,"lon":-76.656389,"fuente":"OSM","direccion":""}},{"type":"Feature","geometry":{"type":"Point","coordinates":[-76.545,7.766389]},"properties":{"nombre":"Centro Educativo Rur La Danta Florida","tipo":"Educacion","tipo_equipamiento":"school","municipio":"CAREPA","lat":7.766389,"lon":-76.545,"fuente":"OSM","direccion":""}},{"type":"Feature","geometry":{"type":"Point","coordinates":[-76.656111,7.758056]},"properties":{"nombre":"Centro Educativo Rur La Rosita","tipo":"Educacion","tipo_equipamiento":"school","municipio":"CAREPA","lat":7.758056,"lon":-76.656111,"fuente":"OSM","direccion":""}},{"type":"Feature","geometry":{"type":"Point","coordinates":[-76.762222,7.795]},"properties":{"nombre":"Centro Educativo Rur Canal Cuatro","tipo":"Educacion","tipo_equipamiento":"school","municipio":"CAREPA","lat":7.795,"lon":-76.762222,"fuente":"OSM","direccion":""}},{"type":"Feature","geometry":{"type":"Point","coordinates":[-76.496667,7.799444]},"properties":{"nombre":"Centro Educativo Rur Belencito","tipo":"Educacion","tipo_equipamiento":"school","municipio":"CAREPA","lat":7.799444,"lon":-76.496667,"fuente":"OSM","direccion":""}},{"type":"Feature","geometry":{"type":"Point","coordinates":[-76.351111,8.488056]},"properties":{"nombre":"Centro Educativo Rur La Vejez","tipo":"Educacion","tipo_equipamiento":"school","municipio":"ARBOLETES","lat":8.488056,"lon":-76.351111,"fuente":"OSM","direccion":""}},{"type":"Feature","geometry":{"type":"Point","coordinates":[-76.7165043,8.1000977]},"properties":{"nombre":"Escuela Norm Superior de Urabá","tipo":"Educacion","tipo_equipamiento":"school","municipio":"TURBO","lat":8.1000977,"lon":-76.7165043,"fuente":"OSM","direccion":""}},{"type":"Feature","geometry":{"type":"Point","coordinates":[-76.7268478,8.0900169]},"properties":{"nombre":"Jardin Infantil Piolin","tipo":"Educacion","tipo_equipamiento":"school","municipio":"TURBO","lat":8.0900169,"lon":-76.7268478,"fuente":"OSM","direccion":""}},{"type":"Feature","geometry":{"type":"Point","coordinates":[-76.7150847,8.1007896]},"properties":{"nombre":"Escuela Urb Hoover Quintero","tipo":"Educacion","tipo_equipamiento":"school","municipio":"TURBO","lat":8.1007896,"lon":-76.7150847,"fuente":"OSM","direccion":""}},{"type":"Feature","geometry":{"type":"Point","coordinates":[-76.661111,8.063611]},"properties":{"nombre":"Escuela Rur San Jose","tipo":"Educacion","tipo_equipamiento":"school","municipio":"TURBO","lat":8.063611,"lon":-76.661111,"fuente":"OSM","direccion":""}},{"type":"Feature","geometry":{"type":"Point","coordinates":[-76.7324384,8.092473]},"properties":{"nombre":"Escuela Jorge Eliecer Gaitan","tipo":"Educacion","tipo_equipamiento":"school","municipio":"TURBO","lat":8.092473,"lon":-76.7324384,"fuente":"OSM","direccion":""}},{"type":"Feature","geometry":{"type":"Point","coordinates":[-76.721782,8.0845306]},"properties":{"nombre":"Escuela Santisima Trinidad","tipo":"Educacion","tipo_equipamiento":"school","municipio":"TURBO","lat":8.0845306,"lon":-76.721782,"fuente":"OSM","direccion":""}},{"type":"Feature","geometry":{"type":"Point","coordinates":[-76.7254753,8.1010395]},"properties":{"nombre":"Escuela Jesus Mora","tipo":"Educacion","tipo_equipamiento":"school","municipio":"TURBO","lat":8.1010395,"lon":-76.7254753,"fuente":"OSM","direccion":""}},{"type":"Feature","geometry":{"type":"Point","coordinates":[-76.7379298,8.0970094]},"properties":{"nombre":"Colegio Urb Sta Fe","tipo":"Educacion","tipo_equipamiento":"school","municipio":"TURBO","lat":8.0970094,"lon":-76.7379298,"fuente":"OSM","direccion":""}},{"type":"Feature","geometry":{"type":"Point","coordinates":[-76.7219116,8.0984844]},"properties":{"nombre":"Escuela Urb Gonzalo Mejia","tipo":"Educacion","tipo_equipamiento":"school","municipio":"TURBO","lat":8.0984844,"lon":-76.7219116,"fuente":"OSM","direccion":""}},{"type":"Feature","geometry":{"type":"Point","coordinates":[-76.7257817,8.0926227]},"properties":{"nombre":"Escuela Urb San Martin De Porres","tipo":"Educacion","tipo_equipamiento":"school","municipio":"TURBO","lat":8.0926227,"lon":-76.7257817,"fuente":"OSM","direccion":""}},{"type":"Feature","geometry":{"type":"Point","coordinates":[-76.7422175,8.0869798]},"properties":{"nombre":"Escuela Urb La Playa","tipo":"Educacion","tipo_equipamiento":"school","municipio":"TURBO","lat":8.0869798,"lon":-76.7422175,"fuente":"OSM","direccion":""}},{"type":"Feature","geometry":{"type":"Point","coordinates":[-76.738611,8.096944]},"properties":{"nombre":"Escuela Urb 7 De Agosto","tipo":"Educacion","tipo_equipamiento":"school","municipio":"TURBO","lat":8.096944,"lon":-76.738611,"fuente":"OSM","direccion":""}},{"type":"Feature","geometry":{"type":"Point","coordinates":[-76.7272065,8.0894019]},"properties":{"nombre":"Colegio Angel Milan Perea","tipo":"Educacion","tipo_equipamiento":"school","municipio":"TURBO","lat":8.0894019,"lon":-76.7272065,"fuente":"OSM","direccion":""}},{"type":"Feature","geometry":{"type":"Point","coordinates":[-76.379167,8.278056]},"properties":{"nombre":"Escuela Urb Zoila Lugo","tipo":"Educacion","tipo_equipamiento":"school","municipio":"SAN PEDRO DE URABÁ","lat":8.278056,"lon":-76.379167,"fuente":"OSM","direccion":""}},{"type":"Feature","geometry":{"type":"Point","coordinates":[-76.382222,8.278611]},"properties":{"nombre":"Escuela Urb Brisas De Uraba","tipo":"Educacion","tipo_equipamiento":"school","municipio":"SAN PEDRO DE URABÁ","lat":8.278611,"lon":-76.382222,"fuente":"OSM","direccion":""}},{"type":"Feature","geometry":{"type":"Point","coordinates":[-76.7841966,8.4254144]},"properties":{"nombre":"Escuela Urb Maria Auxiliadora","tipo":"Educacion","tipo_equipamiento":"school","municipio":"NECOCLÍ","lat":8.4254144,"lon":-76.7841966,"fuente":"OSM","direccion":""}},{"type":"Feature","geometry":{"type":"Point","coordinates":[-76.7841573,8.426131]},"properties":{"nombre":"Escuela Urb Antonio Roldan Betancur","tipo":"Educacion","tipo_equipamiento":"school","municipio":"NECOCLÍ","lat":8.426131,"lon":-76.7841573,"fuente":"OSM","direccion":""}},{"type":"Feature","geometry":{"type":"Point","coordinates":[-76.7833475,8.4297185]},"properties":{"nombre":"Liceo Eduardo Esptia Romero","tipo":"Educacion","tipo_equipamiento":"school","municipio":"NECOCLÍ","lat":8.4297185,"lon":-76.7833475,"fuente":"OSM","direccion":""}},{"type":"Feature","geometry":{"type":"Point","coordinates":[-76.6850158,7.6678823]},"properties":{"nombre":"Institucion Educativa Maria Auxiliadorakenedy","tipo":"Educacion","tipo_equipamiento":"school","municipio":"CHIGORODÓ","lat":7.6678823,"lon":-76.6850158,"fuente":"OSM","direccion":""}},{"type":"Feature","geometry":{"type":"Point","coordinates":[-76.6906791,7.6708103]},"properties":{"nombre":"Otra sigla Lacides Casas Mena","tipo":"Educacion","tipo_equipamiento":"school","municipio":"CHIGORODÓ","lat":7.6708103,"lon":-76.6906791,"fuente":"OSM","direccion":""}},{"type":"Feature","geometry":{"type":"Point","coordinates":[-76.674167,7.667778]},"properties":{"nombre":"Escuela Urb Brisas De La Castellana","tipo":"Educacion","tipo_equipamiento":"school","municipio":"CHIGORODÓ","lat":7.667778,"lon":-76.674167,"fuente":"OSM","direccion":""}},{"type":"Feature","geometry":{"type":"Point","coordinates":[-76.672222,7.662222]},"properties":{"nombre":"Escuela Urb Brisas Del Rio","tipo":"Educacion","tipo_equipamiento":"school","municipio":"CHIGORODÓ","lat":7.662222,"lon":-76.672222,"fuente":"OSM","direccion":""}},{"type":"Feature","geometry":{"type":"Point","coordinates":[-76.681667,7.668333]},"properties":{"nombre":"Escuela Urb Diez De Enero","tipo":"Educacion","tipo_equipamiento":"school","municipio":"CHIGORODÓ","lat":7.668333,"lon":-76.681667,"fuente":"OSM","direccion":""}},{"type":"Feature","geometry":{"type":"Point","coordinates":[-76.6725,7.670278]},"properties":{"nombre":"Institucion Educativa Mpal Jose De Los Stos Zuñiga","tipo":"Educacion","tipo_equipamiento":"school","municipio":"CHIGORODÓ","lat":7.670278,"lon":-76.6725,"fuente":"OSM","direccion":""}},{"type":"Feature","geometry":{"type":"Point","coordinates":[-76.6824871,7.6730468]},"properties":{"nombre":"Escuela Rur El Campin","tipo":"Educacion","tipo_equipamiento":"school","municipio":"CHIGORODÓ","lat":7.6730468,"lon":-76.6824871,"fuente":"OSM","direccion":""}},{"type":"Feature","geometry":{"type":"Point","coordinates":[-76.6758099,7.6680582]},"properties":{"nombre":"Escuela Urb Ntro Esfuerzo","tipo":"Educacion","tipo_equipamiento":"school","municipio":"CHIGORODÓ","lat":7.6680582,"lon":-76.6758099,"fuente":"OSM","direccion":""}},{"type":"Feature","geometry":{"type":"Point","coordinates":[-76.685833,7.669722]},"properties":{"nombre":"Colegio Juan Evangelista Berrio","tipo":"Educacion","tipo_equipamiento":"school","municipio":"CHIGORODÓ","lat":7.669722,"lon":-76.685833,"fuente":"OSM","direccion":""}},{"type":"Feature","geometry":{"type":"Point","coordinates":[-76.68,7.666389]},"properties":{"nombre":"Institucion Educativa Chigorodo","tipo":"Educacion","tipo_equipamiento":"school","municipio":"CHIGORODÓ","lat":7.666389,"lon":-76.68,"fuente":"OSM","direccion":""}},{"type":"Feature","geometry":{"type":"Point","coordinates":[-76.6571925,7.7553809]},"properties":{"nombre":"Sede Ocama","tipo":"Educacion","tipo_equipamiento":"school","municipio":"CAREPA","lat":7.7553809,"lon":-76.6571925,"fuente":"OSM","direccion":""}},{"type":"Feature","geometry":{"type":"Point","coordinates":[-76.590278,7.738889]},"properties":{"nombre":"Institucion Educativa Luis Carlos Galan Sarmiento Sede Ii","tipo":"Educacion","tipo_equipamiento":"school","municipio":"CAREPA","lat":7.738889,"lon":-76.590278,"fuente":"OSM","direccion":""}},{"type":"Feature","geometry":{"type":"Point","coordinates":[-76.649648,7.7545857]},"properties":{"nombre":"Otra sigla San Marino","tipo":"Educacion","tipo_equipamiento":"school","municipio":"CAREPA","lat":7.7545857,"lon":-76.649648,"fuente":"OSM","direccion":""}},{"type":"Feature","geometry":{"type":"Point","coordinates":[-76.654815,7.7560973]},"properties":{"nombre":"Otra sigla Roble","tipo":"Educacion","tipo_equipamiento":"school","municipio":"CAREPA","lat":7.7560973,"lon":-76.654815,"fuente":"OSM","direccion":""}},{"type":"Feature","geometry":{"type":"Point","coordinates":[-76.526389,7.800833]},"properties":{"nombre":"Centro Educativo Rur 25 De Agosto","tipo":"Educacion","tipo_equipamiento":"school","municipio":"CAREPA","lat":7.800833,"lon":-76.526389,"fuente":"OSM","direccion":""}},{"type":"Feature","geometry":{"type":"Point","coordinates":[-76.656944,7.755]},"properties":{"nombre":"Colegio Diocesano Sta Maria","tipo":"Educacion","tipo_equipamiento":"school","municipio":"CAREPA","lat":7.755,"lon":-76.656944,"fuente":"OSM","direccion":""}},{"type":"Feature","geometry":{"type":"Point","coordinates":[-76.658278,7.7588151]},"properties":{"nombre":"Colegio Jose Maria Muñoz F","tipo":"Educacion","tipo_equipamiento":"school","municipio":"CAREPA","lat":7.7588151,"lon":-76.658278,"fuente":"OSM","direccion":""}},{"type":"Feature","geometry":{"type":"Point","coordinates":[-76.648056,7.752778]},"properties":{"nombre":"Escuela Urb El Playon","tipo":"Educacion","tipo_equipamiento":"school","municipio":"CAREPA","lat":7.752778,"lon":-76.648056,"fuente":"OSM","direccion":""}},{"type":"Feature","geometry":{"type":"Point","coordinates":[-76.651667,7.758056]},"properties":{"nombre":"Colegio Colombia","tipo":"Educacion","tipo_equipamiento":"school","municipio":"CAREPA","lat":7.758056,"lon":-76.651667,"fuente":"OSM","direccion":""}},{"type":"Feature","geometry":{"type":"Point","coordinates":[-76.6504873,7.7496384]},"properties":{"nombre":"Institucion Educativa Luis Carlos Galan Sarmiento","tipo":"Educacion","tipo_equipamiento":"school","municipio":"CAREPA","lat":7.7496384,"lon":-76.6504873,"fuente":"OSM","direccion":""}},{"type":"Feature","geometry":{"type":"Point","coordinates":[-76.6220999,7.8854497]},"properties":{"nombre":"Institucion Educativa San José Obrero Bloque Tres","tipo":"Educacion","tipo_equipamiento":"school","municipio":"APARTADÓ","lat":7.8854497,"lon":-76.6220999,"fuente":"OSM","direccion":""}},{"type":"Feature","geometry":{"type":"Point","coordinates":[-76.588333,7.794167]},"properties":{"nombre":"Institucion Educativa San Juan Bosco","tipo":"Educacion","tipo_equipamiento":"school","municipio":"APARTADÓ","lat":7.794167,"lon":-76.588333,"fuente":"OSM","direccion":""}},{"type":"Feature","geometry":{"type":"Point","coordinates":[-76.628401,7.8776552]},"properties":{"nombre":"Institucion Educativa Heraclio Mena Padilla","tipo":"Educacion","tipo_equipamiento":"school","municipio":"APARTADÓ","lat":7.8776552,"lon":-76.628401,"fuente":"OSM","direccion":""}},{"type":"Feature","geometry":{"type":"Point","coordinates":[-76.6219358,7.8785344]},"properties":{"nombre":"Institucion Educativa Cadena Las Playas","tipo":"Educacion","tipo_equipamiento":"school","municipio":"APARTADÓ","lat":7.8785344,"lon":-76.6219358,"fuente":"OSM","direccion":""}},{"type":"Feature","geometry":{"type":"Point","coordinates":[-76.6314702,7.8881768]},"properties":{"nombre":"Institucion Educativa Jose Joaquin Velez","tipo":"Educacion","tipo_equipamiento":"school","municipio":"APARTADÓ","lat":7.8881768,"lon":-76.6314702,"fuente":"OSM","direccion":""}},{"type":"Feature","geometry":{"type":"Point","coordinates":[-76.7875601,8.4240138]},"properties":{"nombre":"Cruz roja","tipo":"Salud","tipo_equipamiento":"hospital","municipio":"NECOCLÍ","lat":8.4240138,"lon":-76.7875601,"fuente":"OSM","direccion":""}},{"type":"Feature","geometry":{"type":"Point","coordinates":[-76.7674389,7.6935962]},"properties":{"nombre":"interamericana","tipo":"Culto","tipo_equipamiento":"place_of_worship","municipio":"CHIGORODO","lat":7.6935962,"lon":-76.7674389,"fuente":"OSM","direccion":""}},{"type":"Feature","geometry":{"type":"Point","coordinates":[-76.770712,7.7121134]},"properties":{"nombre":"iglesia pentecostal unida de colombia","tipo":"Culto","tipo_equipamiento":"place_of_worship","municipio":"CHIGORODO, TIERRA SANTA, CHIGORODÓ, ANTIOQUIA","lat":7.7121134,"lon":-76.770712,"fuente":"OSM","direccion":""}},{"type":"Feature","geometry":{"type":"Point","coordinates":[-76.6487814,7.821483]},"properties":{"nombre":"Instituto Uniban","tipo":"Educacion","tipo_equipamiento":"school","municipio":"CAREPA","lat":7.821483,"lon":-76.6487814,"fuente":"OSM","direccion":""}},{"type":"Feature","geometry":{"type":"Point","coordinates":[-76.674177,7.9667597]},"properties":{"nombre":"Escuela Vereda California","tipo":"Educacion","tipo_equipamiento":"school","municipio":"APARTADO","lat":7.9667597,"lon":-76.674177,"fuente":"OSM","direccion":""}},{"type":"Feature","geometry":{"type":"Point","coordinates":[-76.658809,8.0659995]},"properties":{"nombre":"[school]","tipo":"Educacion","tipo_equipamiento":"school","municipio":"TURBO","lat":8.0659995,"lon":-76.658809,"fuente":"OSM","direccion":""}},{"type":"Feature","geometry":{"type":"Point","coordinates":[-76.666899,7.866058]},"properties":{"nombre":"Institución educativa Churidó","tipo":"Educacion","tipo_equipamiento":"school","municipio":"APARTADO","lat":7.866058,"lon":-76.666899,"fuente":"OSM","direccion":""}},{"type":"Feature","geometry":{"type":"Point","coordinates":[-76.772031,8.420828]},"properties":{"nombre":"Hospital","tipo":"Salud","tipo_equipamiento":"hospital","municipio":"NECOCLÍ","lat":8.420828,"lon":-76.772031,"fuente":"OSM","direccion":""}},{"type":"Feature","geometry":{"type":"Point","coordinates":[-76.6238765,7.881984]},"properties":{"nombre":"Institución Educativa San Francisco de Asís","tipo":"Educacion","tipo_equipamiento":"school","municipio":"APARTADO","lat":7.881984,"lon":-76.6238765,"fuente":"OSM","direccion":""}},{"type":"Feature","geometry":{"type":"Point","coordinates":[-76.6225755,7.8809473]},"properties":{"nombre":"Institución Educativa San Pedro Claver","tipo":"Educacion","tipo_equipamiento":"school","municipio":"APARTADO","lat":7.8809473,"lon":-76.6225755,"fuente":"OSM","direccion":""}},{"type":"Feature","geometry":{"type":"Point","coordinates":[-76.6143715,7.876015]},"properties":{"nombre":"Institución Educativa Nuevo Horizonte","tipo":"Educacion","tipo_equipamiento":"school","municipio":"APARTADO","lat":7.876015,"lon":-76.6143715,"fuente":"OSM","direccion":""}},{"type":"Feature","geometry":{"type":"Point","coordinates":[-76.6141668,7.8814498]},"properties":{"nombre":"centro de Atención Integral","tipo":"Salud","tipo_equipamiento":"hospital","municipio":"APARTADO","lat":7.8814498,"lon":-76.6141668,"fuente":"OSM","direccion":""}},{"type":"Feature","geometry":{"type":"Point","coordinates":[-76.6152975,7.880896]},"properties":{"nombre":"Institución Educativa Santa María","tipo":"Educacion","tipo_equipamiento":"school","municipio":"APARTADO","lat":7.880896,"lon":-76.6152975,"fuente":"OSM","direccion":""}},{"type":"Feature","geometry":{"type":"Point","coordinates":[-76.6141395,7.8791905]},"properties":{"nombre":"Corporación Educativa Divino Niño","tipo":"Educacion","tipo_equipamiento":"school","municipio":"APARTADO","lat":7.8791905,"lon":-76.6141395,"fuente":"OSM","direccion":""}},{"type":"Feature","geometry":{"type":"Point","coordinates":[-76.6111035,7.881906]},"properties":{"nombre":"Institución Educativa Cristo Viene","tipo":"Educacion","tipo_equipamiento":"school","municipio":"APARTADO","lat":7.881906,"lon":-76.6111035,"fuente":"OSM","direccion":""}},{"type":"Feature","geometry":{"type":"Point","coordinates":[-76.6102175,7.880639]},"properties":{"nombre":"Institución Educativa La Paz","tipo":"Educacion","tipo_equipamiento":"school","municipio":"APARTADO","lat":7.880639,"lon":-76.6102175,"fuente":"OSM","direccion":""}},{"type":"Feature","geometry":{"type":"Point","coordinates":[-76.6085745,7.8794875]},"properties":{"nombre":"Institución Educativa Veinte de Enero","tipo":"Educacion","tipo_equipamiento":"school","municipio":"APARTADO","lat":7.8794875,"lon":-76.6085745,"fuente":"OSM","direccion":""}},{"type":"Feature","geometry":{"type":"Point","coordinates":[-76.6185185,7.876979]},"properties":{"nombre":"Centro de Salud Alfonso López","tipo":"Salud","tipo_equipamiento":"hospital","municipio":"APARTADO","lat":7.876979,"lon":-76.6185185,"fuente":"OSM","direccion":""}},{"type":"Feature","geometry":{"type":"Point","coordinates":[-76.614988,7.87536]},"properties":{"nombre":"Institución Educativa Alfonso López","tipo":"Educacion","tipo_equipamiento":"school","municipio":"APARTADO","lat":7.87536,"lon":-76.614988,"fuente":"OSM","direccion":""}},{"type":"Feature","geometry":{"type":"Point","coordinates":[-76.612761,7.8747675]},"properties":{"nombre":"Institución Educativa Interamericana El Concejo","tipo":"Educacion","tipo_equipamiento":"school","municipio":"APARTADO","lat":7.8747675,"lon":-76.612761,"fuente":"OSM","direccion":""}},{"type":"Feature","geometry":{"type":"Point","coordinates":[-76.61287,7.879579]},"properties":{"nombre":"Colegio Santo Domingo de Pádua","tipo":"Educacion","tipo_equipamiento":"school","municipio":"APARTADO","lat":7.879579,"lon":-76.61287,"fuente":"OSM","direccion":""}},{"type":"Feature","geometry":{"type":"Point","coordinates":[-76.6144215,7.879395]},"properties":{"nombre":"Corporación Educativa Divino Niño","tipo":"Educacion","tipo_equipamiento":"school","municipio":"APARTADO","lat":7.879395,"lon":-76.6144215,"fuente":"OSM","direccion":""}},{"type":"Feature","geometry":{"type":"Point","coordinates":[-76.6250775,7.8768435]},"properties":{"nombre":"Institución Educativa Cadena - Las Playas","tipo":"Educacion","tipo_equipamiento":"school","municipio":"APARTADO","lat":7.8768435,"lon":-76.6250775,"fuente":"OSM","direccion":""}},{"type":"Feature","geometry":{"type":"Point","coordinates":[-76.6127985,7.876948]},"properties":{"nombre":"Institución Educativa Policarpa","tipo":"Educacion","tipo_equipamiento":"school","municipio":"APARTADO","lat":7.876948,"lon":-76.6127985,"fuente":"OSM","direccion":""}},{"type":"Feature","geometry":{"type":"Point","coordinates":[-76.6115995,7.8763975]},"properties":{"nombre":"Institución Educativa Diocesano","tipo":"Educacion","tipo_equipamiento":"school","municipio":"APARTADO","lat":7.8763975,"lon":-76.6115995,"fuente":"OSM","direccion":""}},{"type":"Feature","geometry":{"type":"Point","coordinates":[-76.6335172,7.8886489]},"properties":{"nombre":"Institución Educativa José Celestino Mutis","tipo":"Educacion","tipo_equipamiento":"school","municipio":"APARTADO","lat":7.8886489,"lon":-76.6335172,"fuente":"OSM","direccion":""}},{"type":"Feature","geometry":{"type":"Point","coordinates":[-76.6301084,7.8860739]},"properties":{"nombre":"Coomeva Urgencias","tipo":"Salud","tipo_equipamiento":"hospital","municipio":"APARTADO","lat":7.8860739,"lon":-76.6301084,"fuente":"OSM","direccion":""}},{"type":"Feature","geometry":{"type":"Point","coordinates":[-76.6286865,7.8878495]},"properties":{"nombre":"Hospital Regional Antonio Roldán Betancur","tipo":"Salud","tipo_equipamiento":"hospital","municipio":"APARTADÓ","lat":7.8878495,"lon":-76.6286865,"fuente":"OSM","direccion":"Carrera 98"}},{"type":"Feature","geometry":{"type":"Point","coordinates":[-76.629533,7.8865257]},"properties":{"nombre":"Saldcoop","tipo":"Salud","tipo_equipamiento":"hospital","municipio":"APARTADO","lat":7.8865257,"lon":-76.629533,"fuente":"OSM","direccion":"Calle 103, Av. El Obrero"}},{"type":"Feature","geometry":{"type":"Point","coordinates":[-76.6291005,7.8865165]},"properties":{"nombre":"Centro Neurológico de Antioquia","tipo":"Salud","tipo_equipamiento":"hospital","municipio":"APARTADO","lat":7.8865165,"lon":-76.6291005,"fuente":"OSM","direccion":""}},{"type":"Feature","geometry":{"type":"Point","coordinates":[-76.6266165,7.8872805]},"properties":{"nombre":"Institución Educativa Codeu","tipo":"Educacion","tipo_equipamiento":"school","municipio":"APARTADO","lat":7.8872805,"lon":-76.6266165,"fuente":"OSM","direccion":""}},{"type":"Feature","geometry":{"type":"Point","coordinates":[-76.6213545,7.884939]},"properties":{"nombre":"Colegio Diocesano","tipo":"Educacion","tipo_equipamiento":"school","municipio":"APARTADO","lat":7.884939,"lon":-76.6213545,"fuente":"OSM","direccion":""}},{"type":"Feature","geometry":{"type":"Point","coordinates":[-76.6653862,7.8660756]},"properties":{"nombre":"Centro médico","tipo":"Salud","tipo_equipamiento":"hospital","municipio":"APARTADO","lat":7.8660756,"lon":-76.6653862,"fuente":"OSM","direccion":""}},{"type":"Feature","geometry":{"type":"Point","coordinates":[-76.6653928,7.8673586]},"properties":{"nombre":"Rafael Maldonado CEU","tipo":"Educacion","tipo_equipamiento":"school","municipio":"APARTADO","lat":7.8673586,"lon":-76.6653928,"fuente":"OSM","direccion":""}},{"type":"Feature","geometry":{"type":"Point","coordinates":[-76.6478963,7.8799753]},"properties":{"nombre":"Institución Educativa Campo Alegre","tipo":"Educacion","tipo_equipamiento":"school","municipio":"APARTADO","lat":7.8799753,"lon":-76.6478963,"fuente":"OSM","direccion":""}},{"type":"Feature","geometry":{"type":"Point","coordinates":[-76.643732,7.8905384]},"properties":{"nombre":"Fundación Caricias de Sol","tipo":"Educacion","tipo_equipamiento":"school","municipio":"APARTADO","lat":7.8905384,"lon":-76.643732,"fuente":"OSM","direccion":""}},{"type":"Feature","geometry":{"type":"Point","coordinates":[-76.6308791,7.8792256]},"properties":{"nombre":"Colegio Americano","tipo":"Educacion","tipo_equipamiento":"school","municipio":"APARTADO","lat":7.8792256,"lon":-76.6308791,"fuente":"OSM","direccion":""}},{"type":"Feature","geometry":{"type":"Point","coordinates":[-76.6293966,7.877874]},"properties":{"nombre":"Institución Educativa Heraclio Mena Padilla","tipo":"Educacion","tipo_equipamiento":"school","municipio":"APARTADO","lat":7.877874,"lon":-76.6293966,"fuente":"OSM","direccion":""}},{"type":"Feature","geometry":{"type":"Point","coordinates":[-76.6345985,7.8845233]},"properties":{"nombre":"Institución Educativa Madre Laura","tipo":"Educacion","tipo_equipamiento":"school","municipio":"APARTADO","lat":7.8845233,"lon":-76.6345985,"fuente":"OSM","direccion":""}},{"type":"Feature","geometry":{"type":"Point","coordinates":[-76.6369823,7.8860742]},"properties":{"nombre":"Colegio Cooperativo C.A.R.B.","tipo":"Educacion","tipo_equipamiento":"school","municipio":"APARTADO","lat":7.8860742,"lon":-76.6369823,"fuente":"OSM","direccion":""}},{"type":"Feature","geometry":{"type":"Point","coordinates":[-76.6329534,7.8857591]},"properties":{"nombre":"Institución Educativa Barrio Vélez","tipo":"Educacion","tipo_equipamiento":"school","municipio":"APARTADO","lat":7.8857591,"lon":-76.6329534,"fuente":"OSM","direccion":""}},{"type":"Feature","geometry":{"type":"Point","coordinates":[-76.6370118,7.8954385]},"properties":{"nombre":"Institución Educativa La Serranía","tipo":"Educacion","tipo_equipamiento":"school","municipio":"APARTADO","lat":7.8954385,"lon":-76.6370118,"fuente":"OSM","direccion":""}},{"type":"Feature","geometry":{"type":"Point","coordinates":[-76.6342854,7.8893882]},"properties":{"nombre":"Institución Educativa Juan Pablo II","tipo":"Educacion","tipo_equipamiento":"school","municipio":"APARTADO","lat":7.8893882,"lon":-76.6342854,"fuente":"OSM","direccion":""}},{"type":"Feature","geometry":{"type":"Point","coordinates":[-76.68469,7.6690499]},"properties":{"nombre":"Institución Educativa Gonzalo Mejía","tipo":"Educacion","tipo_equipamiento":"school","municipio":"CHIGORODÓ","lat":7.6690499,"lon":-76.68469,"fuente":"OSM","direccion":"Calle 96"}},{"type":"Feature","geometry":{"type":"Point","coordinates":[-76.6846379,7.6695958]},"properties":{"nombre":"Institución Educativa Los Andes","tipo":"Educacion","tipo_equipamiento":"school","municipio":"CHIGORODÓ","lat":7.6695958,"lon":-76.6846379,"fuente":"OSM","direccion":"calle 97"}},{"type":"Feature","geometry":{"type":"Point","coordinates":[-76.6901876,7.6681444]},"properties":{"nombre":"Institución Educativa María Auxiliadora","tipo":"Educacion","tipo_equipamiento":"school","municipio":"CHIGORODÓ","lat":7.6681444,"lon":-76.6901876,"fuente":"OSM","direccion":"Carrera 111"}},{"type":"Feature","geometry":{"type":"Point","coordinates":[-76.6910336,7.6688105]},"properties":{"nombre":"Institución Educativa Juan Evangelista Berrio","tipo":"Educacion","tipo_equipamiento":"school","municipio":"CHIGORODÓ","lat":7.6688105,"lon":-76.6910336,"fuente":"OSM","direccion":"Carrera 112"}},{"type":"Feature","geometry":{"type":"Point","coordinates":[-76.6746562,7.6603583]},"properties":{"nombre":"Institución Educativa Juan Evangelista Berrio","tipo":"Educacion","tipo_equipamiento":"school","municipio":"CHIGORODÓ","lat":7.6603583,"lon":-76.6746562,"fuente":"OSM","direccion":""}},{"type":"Feature","geometry":{"type":"Point","coordinates":[-76.6734832,7.659019]},"properties":{"nombre":"Colegio Diocesano Laura Montoya","tipo":"Educacion","tipo_equipamiento":"school","municipio":"CHIGORODÓ","lat":7.659019,"lon":-76.6734832,"fuente":"OSM","direccion":"Calle 83A"}},{"type":"Feature","geometry":{"type":"Point","coordinates":[-76.3802247,8.2826259]},"properties":{"nombre":"Hospital","tipo":"Salud","tipo_equipamiento":"hospital","municipio":"SAN PEDRO DE URABA","lat":8.2826259,"lon":-76.3802247,"fuente":"OSM","direccion":""}},{"type":"Feature","geometry":{"type":"Point","coordinates":[-76.380576,8.2800542]},"properties":{"nombre":"Institucion Educativa Camilo Torres","tipo":"Educacion","tipo_equipamiento":"school","municipio":"SAN PEDRO DE URABA","lat":8.2800542,"lon":-76.380576,"fuente":"OSM","direccion":""}},{"type":"Feature","geometry":{"type":"Point","coordinates":[-76.3793465,8.2798409]},"properties":{"nombre":"Institucion Educativa San Pedro de Urabá","tipo":"Educacion","tipo_equipamiento":"school","municipio":"SAN PEDRO DE URABA","lat":8.2798409,"lon":-76.3793465,"fuente":"OSM","direccion":""}},{"type":"Feature","geometry":{"type":"Point","coordinates":[-76.837502,8.0880672]},"properties":{"nombre":"Institución Etnoeducativa Bocas del Atrato","tipo":"Educacion","tipo_equipamiento":"school","municipio":"TURBO","lat":8.0880672,"lon":-76.837502,"fuente":"OSM","direccion":""}},{"type":"Feature","geometry":{"type":"Point","coordinates":[-76.7807624,8.4248678]},"properties":{"nombre":"Institución Educativa Eduardo Espitia Romero - Sede Escuela Urbana Gerardo Ocampo Grajales","tipo":"Educacion","tipo_equipamiento":"school","municipio":"NECOCLÍ","lat":8.4248678,"lon":-76.7807624,"fuente":"OSM","direccion":""}},{"type":"Feature","geometry":{"type":"Point","coordinates":[-76.6302375,7.8863129]},"properties":{"nombre":"Clínica La Chinita","tipo":"Salud","tipo_equipamiento":"hospital","municipio":"APARTADO","lat":7.8863129,"lon":-76.6302375,"fuente":"OSM","direccion":""}},{"type":"Feature","geometry":{"type":"Point","coordinates":[-76.6299559,7.8866484]},"properties":{"nombre":"Convento La Presentación","tipo":"Educacion","tipo_equipamiento":"driving_school","municipio":"APARTADO","lat":7.8866484,"lon":-76.6299559,"fuente":"OSM","direccion":""}},{"type":"Feature","geometry":{"type":"Point","coordinates":[-76.3745742,8.2721523]},"properties":{"nombre":"Policarpa","tipo":"Educacion","tipo_equipamiento":"school","municipio":"SAN PEDRO DE URABA","lat":8.2721523,"lon":-76.3745742,"fuente":"OSM","direccion":""}},{"type":"Feature","geometry":{"type":"Point","coordinates":[-76.3741309,8.2747549]},"properties":{"nombre":"Brisas de Urabá","tipo":"Educacion","tipo_equipamiento":"school","municipio":"SAN PEDRO DE URABA","lat":8.2747549,"lon":-76.3741309,"fuente":"OSM","direccion":""}},{"type":"Feature","geometry":{"type":"Point","coordinates":[-76.3852204,8.2724638]},"properties":{"nombre":"Hernandez castillo","tipo":"Educacion","tipo_equipamiento":"school","municipio":"SAN PEDRO DE URABA","lat":8.2724638,"lon":-76.3852204,"fuente":"OSM","direccion":""}},{"type":"Feature","geometry":{"type":"Point","coordinates":[-76.6799308,7.6605007]},"properties":{"nombre":"Institución Educativa Municipal José de Los Santos Zuñiga","tipo":"Educacion","tipo_equipamiento":"school","municipio":"CHIGORODÓ","lat":7.6605007,"lon":-76.6799308,"fuente":"OSM","direccion":"Carrera 99"}},{"type":"Feature","geometry":{"type":"Point","coordinates":[-76.7219778,8.0931098]},"properties":{"nombre":"Institución Educativa Francisco Luis Valderrama","tipo":"Educacion","tipo_equipamiento":"school","municipio":"TURBO","lat":8.0931098,"lon":-76.7219778,"fuente":"OSM","direccion":"Calle 100"}},{"type":"Feature","geometry":{"type":"Point","coordinates":[-76.7189262,8.0909367]},"properties":{"nombre":"Instutucion Educativa Turbo","tipo":"Educacion","tipo_equipamiento":"school","municipio":"TURBO","lat":8.0909367,"lon":-76.7189262,"fuente":"OSM","direccion":""}},{"type":"Feature","geometry":{"type":"Point","coordinates":[-76.6401844,7.8521054]},"properties":{"nombre":"IPS Clínica Panamericana","tipo":"Salud","tipo_equipamiento":"hospital","municipio":"APARTADO","lat":7.8521054,"lon":-76.6401844,"fuente":"OSM","direccion":""}},{"type":"Feature","geometry":{"type":"Point","coordinates":[-76.6371545,7.8872881]},"properties":{"nombre":"Clínica de Urabá","tipo":"Salud","tipo_equipamiento":"hospital","municipio":"APARTADO","lat":7.8872881,"lon":-76.6371545,"fuente":"OSM","direccion":""}},{"type":"Feature","geometry":{"type":"Point","coordinates":[-76.6374819,7.8876646]},"properties":{"nombre":"[hospital]","tipo":"Salud","tipo_equipamiento":"hospital","municipio":"APARTADO","lat":7.8876646,"lon":-76.6374819,"fuente":"OSM","direccion":""}},{"type":"Feature","geometry":{"type":"Point","coordinates":[-76.6496594,7.8227164]},"properties":{"nombre":"Instituto Unibán","tipo":"Educacion","tipo_equipamiento":"school","municipio":"CAREPA","lat":7.8227164,"lon":-76.6496594,"fuente":"OSM","direccion":""}},{"type":"Feature","geometry":{"type":"Point","coordinates":[-77.0919012,8.0397583]},"properties":{"nombre":"[hospital]","tipo":"Salud","tipo_equipamiento":"hospital","municipio":"TURBO","lat":8.0397583,"lon":-77.0919012,"fuente":"OSM","direccion":""}},{"type":"Feature","geometry":{"type":"Point","coordinates":[-76.7909862,8.4486446]},"properties":{"nombre":"[school]","tipo":"Educacion","tipo_equipamiento":"school","municipio":"NECOCLÍ","lat":8.4486446,"lon":-76.7909862,"fuente":"OSM","direccion":""}},{"type":"Feature","geometry":{"type":"Point","coordinates":[-76.7294392,8.0245787]},"properties":{"nombre":"A3_2 Institución Educativa Puerto César","tipo":"Educacion","tipo_equipamiento":"school","municipio":"TURBO","lat":8.0245787,"lon":-76.7294392,"fuente":"OSM","direccion":""}},{"type":"Feature","geometry":{"type":"Point","coordinates":[-77.0864663,8.0376067]},"properties":{"nombre":"[school]","tipo":"Educacion","tipo_equipamiento":"school","municipio":"TURBO","lat":8.0376067,"lon":-77.0864663,"fuente":"OSM","direccion":""}},{"type":"Feature","geometry":{"type":"Point","coordinates":[-76.3914343,8.4084624]},"properties":{"nombre":"CER San Pablo Apóstol","tipo":"Educacion","tipo_equipamiento":"school","municipio":"SAN PEDRO DE URABA","lat":8.4084624,"lon":-76.3914343,"fuente":"OSM","direccion":""}},{"type":"Feature","geometry":{"type":"Point","coordinates":[-76.7145032,8.0945194]},"properties":{"nombre":"Hospital Francisco Valderrama","tipo":"Salud","tipo_equipamiento":"hospital","municipio":"TURBO","lat":8.0945194,"lon":-76.7145032,"fuente":"OSM","direccion":""}},{"type":"Feature","geometry":{"type":"Point","coordinates":[-76.7159905,8.0949536]},"properties":{"nombre":"Colegio El Carmelo Conurabá","tipo":"Educacion","tipo_equipamiento":"school","municipio":"TURBO","lat":8.0949536,"lon":-76.7159905,"fuente":"OSM","direccion":""}},{"type":"Feature","geometry":{"type":"Point","coordinates":[-76.7247895,8.0934022]},"properties":{"nombre":"Colegio Sagrado Corazón","tipo":"Educacion","tipo_equipamiento":"school","municipio":"TURBO","lat":8.0934022,"lon":-76.7247895,"fuente":"OSM","direccion":""}},{"type":"Feature","geometry":{"type":"Point","coordinates":[-76.6657614,7.5330885]},"properties":{"nombre":"CER Brisas de guapá","tipo":"Educacion","tipo_equipamiento":"school","municipio":"CHIGORODÓ","lat":7.5330885,"lon":-76.6657614,"fuente":"OSM","direccion":"Vereda Guapá León"}}]}