cod_manzana,municipio,indice_conectividad,categoria_aislamiento,dist_rio_m
0504520020500200010110,Apartadó,0.5375,semi_aislado,481.0
0504520010301100010115,Apartadó,0.74,conectividad_media,144.0
0504520010301100010227,Apartadó,0.7,conectividad_media,250.0
0504520010101400010108,Apartadó,0.4275,semi_aislado,54.0
0505110000000000010139,Arboletes,0.4375,semi_aislado,84756.0
0505110000000000010531,Arboletes,0.36,semi_aislado,84055.0
0505110000000000010538,Arboletes,0.36,semi_aislado,83994.0
0514710000000000020412,Carepa,0.79,bien_conectado,94.0
0549020120301300010103,Necoclí,0.2375,aislado_critico,37886.0
0565910000000000010103,San Juan de Urabá,0.4775,semi_aislado,72924.0
0565920010100100010125,San Juan de Urabá,0.0875,aislado_critico,70931.0
0566510000000000010158,San Pedro de Urabá,0.4375,semi_aislado,23975.0
0566510000000000010201,San Pedro de Urabá,0.4775,semi_aislado,23379.0
0566510000000000010824,San Pedro de Urabá,0.44,semi_aislado,23994.0
0566510000000000010866,San Pedro de Urabá,0.4775,semi_aislado,23900.0
0566510000000000010907,San Pedro de Urabá,0.44,semi_aislado,23636.0
0583720090700100010417,Turbo,0.71,conectividad_media,382.0
0583720090600300010344,Turbo,0.5475,semi_aislado,188.0
0583720080301000010109,Turbo,0.3675,semi_aislado,3013.0
0583720020101300010122,Turbo,0.2375,aislado_critico,30002.0
0583720050202800010107,Turbo,0.2775,aislado_critico,18554.0
0583720030802900010113,Turbo,0.2775,aislado_critico,10063.0
0583720090603100010108,Turbo,0.4975,semi_aislado,45.0
0583720090103900010112,Turbo,0.3375,aislado_critico,4219.0
0583720100700200020108,Turbo,0.6775,conectividad_media,1083.0
0583720100700200020205,Turbo,0.5975,conectividad_media,1388.0
0504520020500200010121,Apartadó,0.5075,semi_aislado,509.0
0504520020300900010117,Apartadó,0.6475,conectividad_media,2488.0
0505110000000000011003,Arboletes,0.475,semi_aislado,84331.0
0505110000000000011114,Arboletes,0.36,semi_aislado,83650.0
0505120030200900010106,Arboletes,0.0875,aislado_critico,58097.0
0505120040101000010106,Arboletes,0.0875,aislado_critico,54265.0
0505120030101100010132,Arboletes,0.0875,aislado_critico,62026.0
0514710000000000010221,Carepa,0.82,bien_conectado,332.0
0549010000000000010436,Necoclí,0.2775,aislado_critico,36522.0
0549020120100700010110,Necoclí,0.1975,aislado_critico,35052.0
0566510000000000010867,San Pedro de Urabá,0.4775,semi_aislado,23907.0
0583720100700200010503,Turbo,0.6775,conectividad_media,1288.0
0583720100400800010114,Turbo,0.6375,conectividad_media,83.0
0583720090603100010111,Turbo,0.5975,conectividad_media,44.0
0583720050603700010101,Turbo,0.1075,aislado_critico,13248.0
0514710000000000010410,Carepa,0.87,bien_conectado,334.0
0549020050300500010101,Necoclí,0.1975,aislado_critico,44491.0
0565910000000000010312,San Juan de Urabá,0.515,semi_aislado,73168.0
0566510000000000010738,San Pedro de Urabá,0.44,semi_aislado,23475.0
0514710000000000010323,Carepa,0.82,bien_conectado,302.0
0514710000000000010516,Carepa,0.79,bien_conectado,243.0
0514710000000000020214,Carepa,0.6,conectividad_media,154.0
0514710000000000020426,Carepa,0.7875,bien_conectado,378.0
0514710000000000020430,Carepa,0.79,bien_conectado,17.0
0514710000000000020507,Carepa,0.8275,bien_conectado,422.0
0514720011001000010101,Carepa,0.5375,semi_aislado,2938.0
0514720011001000010110,Carepa,0.5375,semi_aislado,2793.0
0517210000000000010217,Chigorodó,0.4975,semi_aislado,790.0
0517210000000000010514,Chigorodó,0.6275,conectividad_media,379.0
0517210000000000010526,Chigorodó,0.5575,conectividad_media,966.0
0517210000000000020312,Chigorodó,0.6775,conectividad_media,524.0
0517210000000000030207,Chigorodó,0.7075,conectividad_media,224.0
0517210000000000050108,Chigorodó,0.7075,conectividad_media,199.0
0517210000000000050519,Chigorodó,0.7075,conectividad_media,480.0
0517210000000000050704,Chigorodó,0.5875,conectividad_media,197.0
0517210000000000060407,Chigorodó,0.5975,conectividad_media,938.0
0517210000000000060710,Chigorodó,0.5975,conectividad_media,1164.0
0517210000000000060739,Chigorodó,0.5975,conectividad_media,940.0
0517210000000000060904,Chigorodó,0.5975,conectividad_media,1380.0
0549020030200400010122,Necoclí,0.0875,aislado_critico,64167.0
0565910000000000010104,San Juan de Urabá,0.515,semi_aislado,72855.0
0566510000000000011008,San Pedro de Urabá,0.31,aislado_critico,24104.0
0583720110201800010317,Turbo,0.1975,aislado_critico,429.0
0583720110201800010331,Turbo,0.1975,aislado_critico,170.0
0504520020300900010209,Apartadó,0.5275,semi_aislado,2808.0
0504520020300900010212,Apartadó,0.5675,conectividad_media,2570.0
0504520010301100010216,Apartadó,0.7,conectividad_media,351.0
0505110000000000010119,Arboletes,0.475,semi_aislado,84525.0
0505110000000000010215,Arboletes,0.515,semi_aislado,84607.0
0505120020500300010102,Arboletes,0.0875,aislado_critico,59365.0
0514710000000000020510,Carepa,0.8275,bien_conectado,472.0
0549010000000000010102,Necoclí,0.2775,aislado_critico,36871.0
0549010000000000010224,Necoclí,0.2775,aislado_critico,36394.0
0549020050300500010208,Necoclí,0.1975,aislado_critico,44212.0
0549020050300500010218,Necoclí,0.1975,aislado_critico,44224.0
0549020120600600010110,Necoclí,0.2775,aislado_critico,30460.0
0565910000000000010206,San Juan de Urabá,0.4775,semi_aislado,73033.0
0565910000000000010216,San Juan de Urabá,0.4775,semi_aislado,72982.0
0565910000000000010509,San Juan de Urabá,0.515,semi_aislado,73959.0
0565920020300400010103,San Juan de Urabá,0.0875,aislado_critico,59687.0
0565920010200600010104,San Juan de Urabá,0.1075,aislado_critico,69395.0
0566510000000000010662,San Pedro de Urabá,0.4775,semi_aislado,23863.0
0566510000000000010725,San Pedro de Urabá,0.4375,semi_aislado,23227.0
0566510000000000010840,San Pedro de Urabá,0.4775,semi_aislado,23817.0
0583720090700100010115,Turbo,0.71,conectividad_media,107.0
0583720090700100010139,Turbo,0.7475,conectividad_media,148.0
0583720090700100010141,Turbo,0.79,bien_conectado,170.0
0583720090700100020231,Turbo,0.9075,bien_conectado,316.0
0583720100700200020512,Turbo,0.6375,conectividad_media,1191.0
0583720090600300010105,Turbo,0.7475,conectividad_media,236.0
0583720090600300010312,Turbo,0.7075,conectividad_media,218.0
0504520030101500010112,Apartadó,0.6375,conectividad_media,137.0
0504520020300900010226,Apartadó,0.5675,conectividad_media,2518.0
0505110000000000011016,Arboletes,0.4375,semi_aislado,84004.0
0505120030101100010135,Arboletes,0.0875,aislado_critico,61968.0
0505120030101100010136,Arboletes,0.0875,aislado_critico,61964.0
0514710000000000020105,Carepa,0.7,conectividad_media,40.0
0549010000000000010811,Necoclí,0.2375,aislado_critico,38171.0
0565920010300300010127,San Juan de Urabá,0.1075,aislado_critico,71779.0
0566510000000000030103,San Pedro de Urabá,0.4,semi_aislado,23003.0
0566520040200800010101,San Pedro de Urabá,0.1475,aislado_critico,42373.0
0583720100400800010111,Turbo,0.6375,conectividad_media,181.0
0514710000000000010132,Carepa,0.67,conectividad_media,710.0
0514710000000000010621,Carepa,0.7,conectividad_media,54.0
0514710000000000010726,Carepa,0.79,bien_conectado,280.0
0514710000000000020909,Carepa,0.57,conectividad_media,617.0
0514710000000000030101,Carepa,0.84,bien_conectado,816.0
0514710000000000030639,Carepa,0.75,bien_conectado,217.0
0517210000000000010121,Chigorodó,0.4875,semi_aislado,191.0
0517210000000000010213,Chigorodó,0.4975,semi_aislado,948.0
0517210000000000010601,Chigorodó,0.6275,conectividad_media,293.0
0517210000000000020407,Chigorodó,0.5575,conectividad_media,999.0
0517210000000000020436,Chigorodó,0.4575,semi_aislado,1330.0
0517210000000000030114,Chigorodó,0.6275,conectividad_media,192.0
0517210000000000040106,Chigorodó,0.6675,conectividad_media,187.0
0517210000000000050415,Chigorodó,0.7075,conectividad_media,438.0
0517210000000000050505,Chigorodó,0.6275,conectividad_media,392.0
0517210000000000050607,Chigorodó,0.7075,conectividad_media,467.0
0517210000000000060211,Chigorodó,0.6775,conectividad_media,829.0
0517210000000000060512,Chigorodó,0.5975,conectividad_media,1172.0
0517210000000000060711,Chigorodó,0.5975,conectividad_media,1214.0
0517210000000000060719,Chigorodó,0.5975,conectividad_media,842.0
0517210000000000060722,Chigorodó,0.5975,conectividad_media,1077.0
0549020030200400010109,Necoclí,0.0875,aislado_critico,64691.0
0565910000000000010139,San Juan de Urabá,0.4,semi_aislado,72965.0
0583720110201800010104,Turbo,0.1975,aislado_critico,287.0
0583720110201800010203,Turbo,0.2375,aislado_critico,64.0
0583720110201800010307,Turbo,0.1975,aislado_critico,194.0
0505110000000000010328,Arboletes,0.4375,semi_aislado,83929.0
0505110000000000010517,Arboletes,0.3975,semi_aislado,84129.0
0505110000000000011117,Arboletes,0.36,semi_aislado,83626.0
0514710000000000020612,Carepa,0.79,bien_conectado,128.0
0549010000000000010204,Necoclí,0.2775,aislado_critico,36425.0
0565920010300300010106,San Juan de Urabá,0.1075,aislado_critico,71658.0
0566510000000000030102,San Pedro de Urabá,0.4,semi_aislado,23046.0
0583720090700100020303,Turbo,0.71,conectividad_media,257.0
0583720090600300010106,Turbo,0.7075,conectividad_media,90.0
0505120020500300010103,Arboletes,0.0875,aislado_critico,59440.0
0504520020300900010205,Apartadó,0.5275,semi_aislado,2783.0
0504520020300900010315,Apartadó,0.6075,conectividad_media,2504.0
0505110000000000010814,Arboletes,0.475,semi_aislado,84505.0
0505110000000000011002,Arboletes,0.515,semi_aislado,84435.0
0505110000000000011014,Arboletes,0.4375,semi_aislado,84045.0
0549010000000000010409,Necoclí,0.2775,aislado_critico,36643.0
0549010000000000010717,Necoclí,0.2775,aislado_critico,37755.0
0549020120300300010112,Necoclí,0.2375,aislado_critico,34825.0
0549020120100700010117,Necoclí,0.1975,aislado_critico,35068.0
0549020090200800010113,Necoclí,0.0875,aislado_critico,49069.0
0549020040400900010120,Necoclí,0.1075,aislado_critico,48996.0
0549020120301400010109,Necoclí,0.2375,aislado_critico,35891.0
0565920010100100010110,San Juan de Urabá,0.0875,aislado_critico,70918.0
0565920010300300010122,San Juan de Urabá,0.1075,aislado_critico,71712.0
0565920010300300010129,San Juan de Urabá,0.1075,aislado_critico,71427.0
0566510000000000010659,San Pedro de Urabá,0.4775,semi_aislado,23992.0
0566510000000000010723,San Pedro de Urabá,0.4775,semi_aislado,23454.0
0566510000000000010859,San Pedro de Urabá,0.4775,semi_aislado,23793.0
0583720090700100010102,Turbo,0.71,conectividad_media,127.0
0583720090700100020115,Turbo,0.9475,bien_conectado,170.0
0583720100700200020420,Turbo,0.6775,conectividad_media,1081.0
0583720080301000010116,Turbo,0.4275,semi_aislado,2724.0
0583720090302300010103,Turbo,0.6775,conectividad_media,347.0
0583720090603100010110,Turbo,0.5975,conectividad_media,63.0
0514710000000000010525,Carepa,0.7,conectividad_media,36.0
0514710000000000010613,Carepa,0.79,bien_conectado,93.0
0514710000000000020238,Carepa,0.56,conectividad_media,382.0
0514710000000000020302,Carepa,0.79,bien_conectado,21.0
0514710000000000030203,Carepa,0.9175,bien_conectado,928.0
0514710000000000030526,Carepa,0.7975,bien_conectado,564.0
0514710000000000030546,Carepa,0.7475,conectividad_media,389.0
0514710000000000030547,Carepa,0.7475,conectividad_media,395.0
0514720011001000010107,Carepa,0.5375,semi_aislado,2891.0
0517210000000000010322,Chigorodó,0.4975,semi_aislado,816.0
0517210000000000020106,Chigorodó,0.5575,conectividad_media,741.0
0517210000000000030214,Chigorodó,0.7075,conectividad_media,317.0
0517210000000000050327,Chigorodó,0.5875,conectividad_media,42.0
0517210000000000050428,Chigorodó,0.6775,conectividad_media,547.0
0517210000000000060121,Chigorodó,0.5975,conectividad_media,837.0
0517210000000000060607,Chigorodó,0.5975,conectividad_media,976.0
0517210000000000060720,Chigorodó,0.5975,conectividad_media,873.0
0517210000000000061014,Chigorodó,0.5575,conectividad_media,1312.0
0549020090501500010103,Necoclí,0.2375,aislado_critico,38970.0
0565910000000000010217,San Juan de Urabá,0.4775,semi_aislado,73217.0
0565910000000000010407,San Juan de Urabá,0.4775,semi_aislado,73397.0
0566510000000000020109,San Pedro de Urabá,0.515,semi_aislado,23403.0
0504520020500200010113,Apartadó,0.5375,semi_aislado,489.0
0504520020500200010309,Apartadó,0.5775,conectividad_media,189.0
0504520020300900010119,Apartadó,0.6075,conectividad_media,2464.0
0505110000000000010918,Arboletes,0.3975,semi_aislado,84671.0
0505110000000000011103,Arboletes,0.4,semi_aislado,83800.0
0505110000000000011111,Arboletes,0.4,semi_aislado,83729.0
0505120040101000010101,Arboletes,0.0875,aislado_critico,54353.0
0505120040101000010122,Arboletes,0.0875,aislado_critico,54043.0
0505120030101100010125,Arboletes,0.0875,aislado_critico,62770.0
0549010000000000010210,Necoclí,0.2775,aislado_critico,36410.0
0549010000000000010804,Necoclí,0.2375,aislado_critico,38263.0
0549020030300200010110,Necoclí,0.0875,aislado_critico,59393.0
0549020120600600010114,Necoclí,0.2775,aislado_critico,30541.0
0566510000000000010355,San Pedro de Urabá,0.44,semi_aislado,22775.0
0566510000000000020113,San Pedro de Urabá,0.4,semi_aislado,23022.0
0583720090700100010612,Turbo,0.75,bien_conectado,203.0
0583720090700100020421,Turbo,0.79,bien_conectado,86.0
0583720100700200010306,Turbo,0.7175,conectividad_media,1127.0
0583720100700200010403,Turbo,0.6775,conectividad_media,1206.0
0583720100400800010108,Turbo,0.6375,conectividad_media,141.0
0583720100400800010206,Turbo,0.7575,bien_conectado,271.0
0583720090302500010101,Turbo,0.4775,semi_aislado,2649.0
0504520050300100010102,Apartadó,0.4275,semi_aislado,174.0
0504520020500200010123,Apartadó,0.5075,semi_aislado,527.0
0505110000000000010412,Arboletes,0.515,semi_aislado,84585.0
0505120060600500010106,Arboletes,0.1075,aislado_critico,51384.0
0514710000000000010122,Carepa,0.84,bien_conectado,752.0
0565920010100500010112,San Juan de Urabá,0.0875,aislado_critico,68075.0
0565920010200600010105,San Juan de Urabá,0.1075,aislado_critico,69409.0
0549010000000000010110,Necoclí,0.2775,aislado_critico,36587.0
0549010000000000010131,Necoclí,0.2775,aislado_critico,36267.0
0549010000000000010907,Necoclí,0.1975,aislado_critico,38390.0
0549020120600100010232,Necoclí,0.1975,aislado_critico,25536.0
0549020030300200010130,Necoclí,0.0875,aislado_critico,59845.0
0549020090200800010104,Necoclí,0.0875,aislado_critico,49075.0
0549020090501500010119,Necoclí,0.2775,aislado_critico,38754.0
0565920010100100010118,San Juan de Urabá,0.0875,aislado_critico,70660.0
0566510000000000010549,San Pedro de Urabá,0.4775,semi_aislado,23922.0
0566510000000000010658,San Pedro de Urabá,0.4775,semi_aislado,23940.0
0583720090700100010202,Turbo,0.71,conectividad_media,224.0
0583720090700100010221,Turbo,0.71,conectividad_media,3.0
0583720090700100010305,Turbo,0.71,conectividad_media,110.0
0583720100700200020216,Turbo,0.5975,conectividad_media,1346.0
0583720100700200020319,Turbo,0.6375,conectividad_media,1235.0
0583720100700200020321,Turbo,0.6375,conectividad_media,1303.0
0583720100700200020404,Turbo,0.6775,conectividad_media,1264.0
0583720100700200020514,Turbo,0.6375,conectividad_media,1151.0
0583720050200500010102,Turbo,0.2775,aislado_critico,15364.0
0583720080301000010115,Turbo,0.4275,semi_aislado,2787.0
0583720030802900010102,Turbo,0.2775,aislado_critico,10392.0
0514710000000000010614,Carepa,0.79,bien_conectado,44.0
0514710000000000020609,Carepa,0.8275,bien_conectado,233.0
0514710000000000020904,Carepa,0.57,conectividad_media,523.0
0514710000000000030109,Carepa,0.84,bien_conectado,842.0
0514710000000000030436,Carepa,0.8775,bien_conectado,738.0
0514710000000000030548,Carepa,0.7475,conectividad_media,379.0
0514710000000000030549,Carepa,0.7875,bien_conectado,384.0
0514720011001000010104,Carepa,0.5375,semi_aislado,2922.0
0514720011001000010130,Carepa,0.5775,conectividad_media,2707.0
0517210000000000010114,Chigorodó,0.6275,conectividad_media,112.0
0517210000000000020422,Chigorodó,0.5975,conectividad_media,1271.0
0517210000000000050203,Chigorodó,0.7075,conectividad_media,228.0
0517210000000000050322,Chigorodó,0.6275,conectividad_media,235.0
0517210000000000050608,Chigorodó,0.7075,conectividad_media,454.0
0517210000000000050807,Chigorodó,0.6775,conectividad_media,576.0
0517210000000000060404,Chigorodó,0.5975,conectividad_media,951.0
0517210000000000060706,Chigorodó,0.5975,conectividad_media,1039.0
0517210000000000060819,Chigorodó,0.5975,conectividad_media,1393.0
0565910000000000010310,San Juan de Urabá,0.515,semi_aislado,73136.0
0565910000000000010605,San Juan de Urabá,0.36,semi_aislado,72711.0
0583720110201800010309,Turbo,0.1975,aislado_critico,329.0
0504520010301100010234,Apartadó,0.78,bien_conectado,482.0
0505110000000000010326,Arboletes,0.4375,semi_aislado,83913.0
0514710000000000030410,Carepa,0.915,bien_conectado,792.0
0549020030300200010119,Necoclí,0.0875,aislado_critico,59321.0
0549020030300200010211,Necoclí,0.0875,aislado_critico,59418.0
0549020120100700010115,Necoclí,0.1475,aislado_critico,35336.0
0566510000000000030112,San Pedro de Urabá,0.4,semi_aislado,22944.0
0583720090700100020348,Turbo,0.66,conectividad_media,137.0
0583720090600300010215,Turbo,0.6275,conectividad_media,26.0
0583720080301000010121,Turbo,0.3275,aislado_critico,2861.0
0583720070201200010117,Turbo,0.2775,aislado_critico,10950.0
0583720050603700010103,Turbo,0.1075,aislado_critico,13292.0
0504520010301100010225,Apartadó,0.7,conectividad_media,149.0
0504520030101500010115,Apartadó,0.6375,conectividad_media,141.0
0504520010101600010114,Apartadó,0.3475,aislado_critico,39.0
0504520020500200010119,Apartadó,0.5375,semi_aislado,490.0
0504520010301100010114,Apartadó,0.74,conectividad_media,33.0
0505110000000000010138,Arboletes,0.475,semi_aislado,84724.0
0505110000000000010343,Arboletes,0.4375,semi_aislado,83925.0
0505110000000000011009,Arboletes,0.4375,semi_aislado,84076.0
0505120060400100010107,Arboletes,0.0875,aislado_critico,62033.0
0505120020500300010107,Arboletes,0.0875,aislado_critico,59199.0
0505120040101000010123,Arboletes,0.0875,aislado_critico,54057.0
0505120030101100010101,Arboletes,0.0875,aislado_critico,62900.0
0517220060601500010102,Chigorodó,0.3875,semi_aislado,2593.0
0549020120600100010127,Necoclí,0.2375,aislado_critico,25514.0
0549020030300200010128,Necoclí,0.0875,aislado_critico,59946.0
0549020120600600010118,Necoclí,0.2775,aislado_critico,30317.0
0549020040400900010109,Necoclí,0.0875,aislado_critico,49447.0
0565920010100100010129,San Juan de Urabá,0.0875,aislado_critico,70661.0
0565920010300300010134,San Juan de Urabá,0.1075,aislado_critico,71638.0
0565920010100500010108,San Juan de Urabá,0.0875,aislado_critico,68122.0
0566510000000000010126,San Pedro de Urabá,0.4775,semi_aislado,23696.0
0566510000000000010826,San Pedro de Urabá,0.515,semi_aislado,23640.0
0566520020300300010102,San Pedro de Urabá,0.0875,aislado_critico,53200.0
0583720100700200010213,Turbo,0.6775,conectividad_media,1112.0
0583720090700100010715,Turbo,0.79,bien_conectado,100.0
0583720090600300010327,Turbo,0.6675,conectividad_media,290.0
0583720030700600010103,Turbo,0.2775,aislado_critico,15422.0
0583720100400800010105,Turbo,0.6375,conectividad_media,243.0
0583720100400800010113,Turbo,0.6375,conectividad_media,105.0
0583720080301000010103,Turbo,0.4675,semi_aislado,2989.0
0583720090102700010104,Turbo,0.4175,semi_aislado,2925.0
0583720050202800010101,Turbo,0.2775,aislado_critico,18845.0
0514710000000000010402,Carepa,0.87,bien_conectado,456.0
0514710000000000010714,Carepa,0.79,bien_conectado,177.0
0514710000000000020228,Carepa,0.6,conectividad_media,226.0
0514710000000000020311,Carepa,0.79,bien_conectado,146.0
0514710000000000020523,Carepa,0.8275,bien_conectado,296.0
0514710000000000030113,Carepa,0.84,bien_conectado,859.0
0514710000000000030405,Carepa,0.915,bien_conectado,711.0
0514710000000000030555,Carepa,0.7875,bien_conectado,480.0
0517210000000000010117,Chigorodó,0.6275,conectividad_media,380.0
0517210000000000020402,Chigorodó,0.5575,conectividad_media,862.0
0517210000000000050128,Chigorodó,0.7075,conectividad_media,310.0
0517210000000000050319,Chigorodó,0.6275,conectividad_media,237.0
0517210000000000050814,Chigorodó,0.6775,conectividad_media,633.0
0517210000000000060822,Chigorodó,0.5575,conectividad_media,1295.0
0565910000000000010614,San Juan de Urabá,0.4375,semi_aislado,72980.0
0565910000000000010801,San Juan de Urabá,0.4375,semi_aislado,72366.0
0566510000000000010865,San Pedro de Urabá,0.44,semi_aislado,23878.0
0583720110201800010129,Turbo,0.1975,aislado_critico,391.0
0504520010101400010106,Apartadó,0.4275,semi_aislado,121.0
0505110000000000010322,Arboletes,0.4375,semi_aislado,83995.0
0504520010301100010218,Apartadó,0.78,bien_conectado,302.0
0504520020300900010126,Apartadó,0.6475,conectividad_media,2512.0
0504520020300900010323,Apartadó,0.6075,conectividad_media,2625.0
0505110000000000010405,Arboletes,0.515,semi_aislado,84806.0
0549020120101100010106,Necoclí,0.2775,aislado_critico,32394.0
0549010000000000010116,Necoclí,0.2775,aislado_critico,36493.0
0549010000000000010229,Necoclí,0.2775,aislado_critico,36576.0
0549010000000000010702,Necoclí,0.2375,aislado_critico,38058.0
0549020120301400010102,Necoclí,0.2775,aislado_critico,36193.0
0583720100700200010303,Turbo,0.6775,conectividad_media,1108.0
0583720100700200020308,Turbo,0.5575,conectividad_media,1362.0
0566510000000000010125,San Pedro de Urabá,0.4775,semi_aislado,23787.0
0583720090700100010214,Turbo,0.71,conectividad_media,64.0
0583720090600300010333,Turbo,0.6275,conectividad_media,249.0
0583720030700600010111,Turbo,0.2775,aislado_critico,15475.0
0583720080301000010117,Turbo,0.4275,semi_aislado,2779.0
0583720090402400010105,Turbo,0.6775,conectividad_media,227.0
0583720090503500010101,Turbo,0.2575,aislado_critico,109.0
0504520020500200010102,Apartadó,0.5775,conectividad_media,356.0
0504520020300900010308,Apartadó,0.6075,conectividad_media,2468.0
0504520010301100010113,Apartadó,0.74,conectividad_media,76.0
0505110000000000010511,Arboletes,0.4375,semi_aislado,84498.0
0505110000000000010913,Arboletes,0.435,semi_aislado,84731.0
0505120040101000010117,Arboletes,0.0875,aislado_critico,54490.0
0514710000000000010218,Carepa,0.78,bien_conectado,220.0
0514710000000000020620,Carepa,0.8275,bien_conectado,256.0
0514710000000000020625,Carepa,0.79,bien_conectado,106.0
0514710000000000020724,Carepa,0.79,bien_conectado,172.0
0514710000000000030433,Carepa,0.875,bien_conectado,684.0
0549010000000000010322,Necoclí,0.2775,aislado_critico,36781.0
0549010000000000010606,Necoclí,0.2375,aislado_critico,39614.0
0549010000000000010713,Necoclí,0.2775,aislado_critico,37915.0
0549010000000000010807,Necoclí,0.2375,aislado_critico,38248.0
0565920010100100010126,San Juan de Urabá,0.0875,aislado_critico,70794.0
0565920010100100010127,San Juan de Urabá,0.0875,aislado_critico,70743.0
0566520040200200010103,San Pedro de Urabá,0.2775,aislado_critico,38941.0
0583720090700100020354,Turbo,0.71,conectividad_media,239.0
0583720090700100020416,Turbo,0.79,bien_conectado,110.0
0583720090700100020505,Turbo,0.87,bien_conectado,175.0
0583720100700200010202,Turbo,0.6775,conectividad_media,1038.0
0583720100700200010308,Turbo,0.6375,conectividad_media,1151.0
0583720100700200020126,Turbo,0.6375,conectividad_media,1011.0
0583720100400800010201,Turbo,0.7575,bien_conectado,293.0
0583720100400800010211,Turbo,0.7575,bien_conectado,191.0
0583720070201200010125,Turbo,0.2375,aislado_critico,10642.0
0514710000000000010505,Carepa,0.74,conectividad_media,130.0
0514710000000000010811,Carepa,0.87,bien_conectado,450.0
0514710000000000020213,Carepa,0.6,conectividad_media,324.0
0514710000000000020312,Carepa,0.79,bien_conectado,119.0
0514710000000000020901,Carepa,0.6,conectividad_media,420.0
0514710000000000030121,Carepa,0.9175,bien_conectado,874.0
0514710000000000030541,Carepa,0.8375,bien_conectado,511.0
0514720011001000010109,Carepa,0.5375,semi_aislado,2855.0
0517210000000000010212,Chigorodó,0.4975,semi_aislado,879.0
0517210000000000010505,Chigorodó,0.6275,conectividad_media,471.0
0517210000000000010534,Chigorodó,0.5975,conectividad_media,912.0
0517210000000000020224,Chigorodó,0.5975,conectividad_media,1180.0
0517210000000000020228,Chigorodó,0.5575,conectividad_media,862.0
0517210000000000050311,Chigorodó,0.6275,conectividad_media,181.0
0517210000000000050409,Chigorodó,0.6275,conectividad_media,323.0
0517210000000000050526,Chigorodó,0.6275,conectividad_media,438.0
0517210000000000050703,Chigorodó,0.5875,conectividad_media,74.0
0517210000000000060105,Chigorodó,0.6775,conectividad_media,688.0
0517210000000000060806,Chigorodó,0.5975,conectividad_media,1108.0
0517210000000000060807,Chigorodó,0.5975,conectividad_media,1142.0
0517210000000000060903,Chigorodó,0.5975,conectividad_media,1422.0
0517210000000000061019,Chigorodó,0.5575,conectividad_media,1257.0
0549020050300500010211,Necoclí,0.1975,aislado_critico,44300.0
0565910000000000010618,San Juan de Urabá,0.36,semi_aislado,72657.0
0565910000000000010805,San Juan de Urabá,0.4375,semi_aislado,72350.0
0583720110201800010124,Turbo,0.1975,aislado_critico,71.0
0504520020300900010303,Apartadó,0.4875,semi_aislado,2429.0
0504520020300900010301,Apartadó,0.6075,conectividad_media,2397.0
0504520050300100010104,Apartadó,0.4275,semi_aislado,34.0
0504520020300900010310,Apartadó,0.5675,conectividad_media,2471.0
0505110000000000010211,Arboletes,0.515,semi_aislado,84859.0
0505110000000000010341,Arboletes,0.4,semi_aislado,83869.0
0505110000000000011102,Arboletes,0.4,semi_aislado,83809.0
0505120020500300010101,Arboletes,0.0875,aislado_critico,59313.0
0505120020500300010112,Arboletes,0.0875,aislado_critico,59434.0
0505120060600500010105,Arboletes,0.1075,aislado_critico,51390.0
0505120030101100010115,Arboletes,0.0875,aislado_critico,62601.0
0517220060501400010101,Chigorodó,0.2375,aislado_critico,3361.0
0549010000000000010915,Necoclí,0.1975,aislado_critico,38326.0
0549020120600100010222,Necoclí,0.1975,aislado_critico,25570.0
0549010000000000010122,Necoclí,0.2375,aislado_critico,37068.0
0549010000000000010221,Necoclí,0.2775,aislado_critico,36463.0
0549020120300300010128,Necoclí,0.2375,aislado_critico,34866.0
0549020050300500010201,Necoclí,0.1975,aislado_critico,44374.0
0549020040400900010127,Necoclí,0.1075,aislado_critico,48664.0
0565920010100500010122,San Juan de Urabá,0.0875,aislado_critico,67780.0
0565910000000000010111,San Juan de Urabá,0.4775,semi_aislado,72688.0
0565920010100500010115,San Juan de Urabá,0.0875,aislado_critico,67813.0
0566510000000000010156,San Pedro de Urabá,0.4775,semi_aislado,23859.0
0566510000000000010316,San Pedro de Urabá,0.44,semi_aislado,22879.0
0566510000000000010352,San Pedro de Urabá,0.515,semi_aislado,23400.0
0566510000000000010727,San Pedro de Urabá,0.4775,semi_aislado,23449.0
0566510000000000010810,San Pedro de Urabá,0.515,semi_aislado,23498.0
0566510000000000010819,San Pedro de Urabá,0.4775,semi_aislado,23948.0
0566510000000000010850,San Pedro de Urabá,0.4775,semi_aislado,23745.0
0583720090700100010114,Turbo,0.71,conectividad_media,33.0
0583720090700100010125,Turbo,0.71,conectividad_media,94.0
0583720090700100010408,Turbo,0.71,conectividad_media,334.0
0583720090700100020347,Turbo,0.71,conectividad_media,188.0
0583720100700200010104,Turbo,0.5975,conectividad_media,846.0
0583720100700200010502,Turbo,0.6775,conectividad_media,1247.0
0583720100700200020521,Turbo,0.6375,conectividad_media,1198.0
0583720090600300010107,Turbo,0.7075,conectividad_media,66.0
0583720090600300010330,Turbo,0.6675,conectividad_media,263.0
0583720100400800010212,Turbo,0.7575,bien_conectado,222.0
0583720020101300010202,Turbo,0.2775,aislado_critico,29965.0
0583720090602600010101,Turbo,0.7575,bien_conectado,22.0
0583720090103900010116,Turbo,0.3375,aislado_critico,4071.0
0504520010301100010231,Apartadó,0.78,bien_conectado,462.0
0505120030200800010103,Arboletes,0.0875,aislado_critico,57626.0
0514710000000000010603,Carepa,0.79,bien_conectado,92.0
0514710000000000020110,Carepa,0.79,bien_conectado,180.0
0514710000000000030302,Carepa,0.88,bien_conectado,639.0
0549010000000000010319,Necoclí,0.2775,aislado_critico,36870.0
0549010000000000010602,Necoclí,0.2375,aislado_critico,39410.0
0549020120300300010109,Necoclí,0.2775,aislado_critico,34601.0
0549020090501500010123,Necoclí,0.2775,aislado_critico,38651.0
0583720090700100010136,Turbo,0.71,conectividad_media,6.0
0583720090700100020311,Turbo,0.83,bien_conectado,45.0
0583720090600300010117,Turbo,0.7475,conectividad_media,214.0
0583720090600300010332,Turbo,0.6675,conectividad_media,324.0
0583720090302500010102,Turbo,0.4775,semi_aislado,2883.0
0583720090503500010104,Turbo,0.2575,aislado_critico,13.0
0514710000000000010819,Carepa,0.84,bien_conectado,520.0
0514710000000000020232,Carepa,0.56,conectividad_media,326.0
0514710000000000020234,Carepa,0.56,conectividad_media,359.0
0514710000000000030509,Carepa,0.8375,bien_conectado,562.0
0514710000000000030630,Carepa,0.79,bien_conectado,277.0
0514720011001000010124,Carepa,0.5375,semi_aislado,2793.0
0514720011001000010126,Carepa,0.5775,conectividad_media,2752.0
0517210000000000010323,Chigorodó,0.5975,conectividad_media,787.0
0517210000000000020220,Chigorodó,0.5975,conectividad_media,1108.0
0517210000000000030215,Chigorodó,0.7075,conectividad_media,257.0
0517210000000000050314,Chigorodó,0.6275,conectividad_media,293.0
0517210000000000050414,Chigorodó,0.7075,conectividad_media,472.0
0517210000000000060907,Chigorodó,0.5975,conectividad_media,1477.0
0549020030200400010121,Necoclí,0.0875,aislado_critico,64595.0
0565910000000000010137,San Juan de Urabá,0.36,semi_aislado,72878.0
0565910000000000010608,San Juan de Urabá,0.4,semi_aislado,72757.0
0583720110201800010114,Turbo,0.1975,aislado_critico,433.0
0583720110201800010327,Turbo,0.1975,aislado_critico,231.0
0505110000000000011031,Arboletes,0.4375,semi_aislado,84521.0
0514710000000000010336,Carepa,0.78,bien_conectado,168.0
0514710000000000020603,Carepa,0.79,bien_conectado,89.0
0549010000000000010217,Necoclí,0.2375,aislado_critico,36425.0
0549020030300200010126,Necoclí,0.0875,aislado_critico,60013.0
0549020040400900010101,Necoclí,0.0875,aislado_critico,49611.0
0549020120801600010103,Necoclí,0.2375,aislado_critico,29166.0
0583720100700200020212,Turbo,0.5975,conectividad_media,1380.0
0583720090600300010121,Turbo,0.7075,conectividad_media,44.0
0505110000000000010324,Arboletes,0.4,semi_aislado,83895.0
0505110000000000010519,Arboletes,0.4375,semi_aislado,84214.0
0505120030101100010126,Arboletes,0.0875,aislado_critico,62701.0
0514710000000000010113,Carepa,0.88,bien_conectado,704.0
0514710000000000020203,Carepa,0.6,conectividad_media,164.0
0514710000000000020714,Carepa,0.8275,bien_conectado,373.0
0514720010601300010112,Carepa,0.4775,semi_aislado,869.0
0549010000000000010125,Necoclí,0.2775,aislado_critico,37279.0
0549010000000000010305,Necoclí,0.2775,aislado_critico,37106.0
0549020120600100010210,Necoclí,0.2375,aislado_critico,25645.0
0549020120600100010307,Necoclí,0.1975,aislado_critico,25808.0
0549020030300200010121,Necoclí,0.0875,aislado_critico,60263.0
0549020120600600010112,Necoclí,0.2775,aislado_critico,30501.0
0549020120600600010113,Necoclí,0.2775,aislado_critico,30426.0
0549020040400900010105,Necoclí,0.0875,aislado_critico,49482.0
0549020090501500010116,Necoclí,0.2775,aislado_critico,38780.0
0566510000000000010733,San Pedro de Urabá,0.4775,semi_aislado,23379.0
0566520020300300010109,San Pedro de Urabá,0.0875,aislado_critico,52971.0
0566520010100400010107,San Pedro de Urabá,0.0875,aislado_critico,54899.0
0583720090700100010706,Turbo,0.83,bien_conectado,74.0
0583720090700100020114,Turbo,0.9475,bien_conectado,182.0
0583720090700100020227,Turbo,0.9075,bien_conectado,247.0
0583720090700100020412,Turbo,0.87,bien_conectado,54.0
0583720100700200010309,Turbo,0.6375,conectividad_media,1165.0
0583720100700200020121,Turbo,0.6375,conectividad_media,952.0
0583720100700200020410,Turbo,0.6775,conectividad_media,1197.0
0583720100700200020411,Turbo,0.6775,conectividad_media,1155.0
0583720090600300010118,Turbo,0.7475,conectividad_media,201.0
0583720030700600010112,Turbo,0.2775,aislado_critico,15418.0
0583720100400800010214,Turbo,0.6775,conectividad_media,373.0
0583720080301000010105,Turbo,0.4275,semi_aislado,2861.0
0583720070201200010122,Turbo,0.2775,aislado_critico,10982.0
0583720020101300010105,Turbo,0.2775,aislado_critico,30376.0
0583720030803200010104,Turbo,0.2775,aislado_critico,12328.0
0514710000000000010109,Carepa,0.88,bien_conectado,618.0
0514710000000000010230,Carepa,0.78,bien_conectado,155.0
0514710000000000010604,Carepa,0.79,bien_conectado,256.0
0514710000000000020242,Carepa,0.6,conectividad_media,64.0
0514710000000000020315,Carepa,0.79,bien_conectado,33.0
0514710000000000020421,Carepa,0.8275,bien_conectado,236.0
0514710000000000020504,Carepa,0.8275,bien_conectado,282.0
0514710000000000030312,Carepa,0.8675,bien_conectado,447.0
0514710000000000030401,Carepa,0.915,bien_conectado,689.0
0514710000000000030551,Carepa,0.7875,bien_conectado,410.0
0514710000000000030620,Carepa,0.75,bien_conectado,364.0
0514710000000000030629,Carepa,0.79,bien_conectado,284.0
0514720011001000010123,Carepa,0.5375,semi_aislado,2786.0
0514720011001000010136,Carepa,0.5775,conectividad_media,2642.0
0517210000000000010216,Chigorodó,0.4975,semi_aislado,863.0
0517210000000000010622,Chigorodó,0.5975,conectividad_media,805.0
0517210000000000010710,Chigorodó,0.4975,semi_aislado,929.0
0517210000000000020234,Chigorodó,0.5975,conectividad_media,1445.0
0517210000000000020433,Chigorodó,0.5575,conectividad_media,1274.0
0517210000000000020504,Chigorodó,0.4575,semi_aislado,1391.0
0517210000000000050109,Chigorodó,0.7075,conectividad_media,281.0
0517210000000000050301,Chigorodó,0.6275,conectividad_media,142.0
0517210000000000050606,Chigorodó,0.7075,conectividad_media,405.0
0517210000000000060222,Chigorodó,0.6775,conectividad_media,775.0
0517210000000000060618,Chigorodó,0.5975,conectividad_media,1208.0
0549020030200400010128,Necoclí,0.0875,aislado_critico,64339.0
0565910000000000010144,San Juan de Urabá,0.36,semi_aislado,73035.0
0566510000000000011006,San Pedro de Urabá,0.31,aislado_critico,24216.0
0566510000000000020108,San Pedro de Urabá,0.4,semi_aislado,22864.0
0505120020500300010120,Arboletes,0.0875,aislado_critico,59035.0
0504520010301100010232,Apartadó,0.78,bien_conectado,465.0
0504520030101500010101,Apartadó,0.6375,conectividad_media,267.0
0505110000000000010136,Arboletes,0.475,semi_aislado,84712.0
0505110000000000010301,Arboletes,0.515,semi_aislado,84270.0
0505110000000000010403,Arboletes,0.515,semi_aislado,84736.0
0505110000000000010548,Arboletes,0.4375,semi_aislado,84097.0
0505110000000000011001,Arboletes,0.4375,semi_aislado,84558.0
0505110000000000011126,Arboletes,0.4,semi_aislado,83709.0
0517220100400700010109,Chigorodó,0.3675,semi_aislado,3917.0
0549010000000000010802,Necoclí,0.2375,aislado_critico,38277.0
0549010000000000010903,Necoclí,0.1975,aislado_critico,38490.0
0549010000000000010909,Necoclí,0.1975,aislado_critico,38403.0
0549020040400900010104,Necoclí,0.0875,aislado_critico,49466.0
0549020120101100010105,Necoclí,0.2775,aislado_critico,32379.0
0549020120301300010101,Necoclí,0.1975,aislado_critico,37967.0
0565920010300300010115,San Juan de Urabá,0.1075,aislado_critico,71476.0
0566510000000000010417,San Pedro de Urabá,0.4,semi_aislado,23041.0
0566510000000000020102,San Pedro de Urabá,0.4,semi_aislado,23100.0
0566520040200200010111,San Pedro de Urabá,0.2375,aislado_critico,38445.0
0583720100700200010113,Turbo,0.6375,conectividad_media,1054.0
0583720100700200010315,Turbo,0.6775,conectividad_media,1197.0
0583720100700200020402,Turbo,0.6775,conectividad_media,1304.0
0583720090600300010345,Turbo,0.5475,semi_aislado,109.0
0583720050200500010121,Turbo,0.2775,aislado_critico,15250.0
0583720020101300010203,Turbo,0.2775,aislado_critico,30022.0
0583720090302500010106,Turbo,0.4375,semi_aislado,2180.0
0583720090602600010109,Turbo,0.6775,conectividad_media,69.0
0583720030802900010127,Turbo,0.2775,aislado_critico,10050.0
0583720030802900010128,Turbo,0.2775,aislado_critico,10296.0
0504520050300100010110,Apartadó,0.4275,semi_aislado,51.0
0505110000000000011008,Arboletes,0.4775,semi_aislado,84127.0
0505120020500300010113,Arboletes,0.0875,aislado_critico,59519.0
0514710000000000020606,Carepa,0.8275,bien_conectado,162.0
0514710000000000030633,Carepa,0.79,bien_conectado,228.0
0514720010601300010102,Carepa,0.4775,semi_aislado,695.0
0549010000000000010101,Necoclí,0.1975,aislado_critico,37349.0
0549020120600100010220,Necoclí,0.1975,aislado_critico,25590.0
0566510000000000010631,San Pedro de Urabá,0.515,semi_aislado,23669.0
0566510000000000010901,San Pedro de Urabá,0.44,semi_aislado,23910.0
0566510000000000030109,San Pedro de Urabá,0.4775,semi_aislado,23100.0
0566520010100400010116,San Pedro de Urabá,0.0875,aislado_critico,54442.0
0583720090700100010219,Turbo,0.71,conectividad_media,294.0
0583720090700100020204,Turbo,0.7875,bien_conectado,85.0
0583720100700200010516,Turbo,0.6775,conectividad_media,1237.0
0583720100700200020220,Turbo,0.5975,conectividad_media,1388.0
0583720100700200020312,Turbo,0.5975,conectividad_media,1322.0
0583720090600300010314,Turbo,0.6275,conectividad_media,91.0
0583720090402400010125,Turbo,0.5975,conectividad_media,203.0
0583720090602600010119,Turbo,0.6775,conectividad_media,55.0
0514710000000000010201,Carepa,0.78,bien_conectado,17.0
0514710000000000010509,Carepa,0.79,bien_conectado,309.0
0514710000000000020201,Carepa,0.6,conectividad_media,162.0
0514710000000000030205,Carepa,0.9175,bien_conectado,873.0
0517210000000000010206,Chigorodó,0.4975,semi_aislado,731.0
0517210000000000010404,Chigorodó,0.6275,conectividad_media,223.0
0517210000000000050812,Chigorodó,0.7175,conectividad_media,643.0
0517210000000000060503,Chigorodó,0.5575,conectividad_media,1018.0
0517210000000000060923,Chigorodó,0.4575,semi_aislado,1668.0
0565910000000000010413,San Juan de Urabá,0.4775,semi_aislado,73450.0
0514710000000000010515,Carepa,0.79,bien_conectado,349.0
0514710000000000010524,Carepa,0.7,conectividad_media,107.0
0514710000000000010722,Carepa,0.79,bien_conectado,154.0
0514710000000000030235,Carepa,0.8375,bien_conectado,953.0
0514720011001000010138,Carepa,0.6575,conectividad_media,2644.0
0517210000000000010808,Chigorodó,0.4175,semi_aislado,1486.0
0517210000000000020503,Chigorodó,0.4575,semi_aislado,1374.0
0517210000000000050521,Chigorodó,0.6275,conectividad_media,365.0
0517210000000000060414,Chigorodó,0.5975,conectividad_media,1114.0
0517210000000000060901,Chigorodó,0.5975,conectividad_media,1437.0
0565910000000000010229,San Juan de Urabá,0.4375,semi_aislado,73174.0
0583720110201800010208,Turbo,0.1975,aislado_critico,150.0
0583720110201800010310,Turbo,0.1975,aislado_critico,366.0
0504520020300900010120,Apartadó,0.6475,conectividad_media,2549.0
0505110000000000011038,Arboletes,0.4375,semi_aislado,83839.0
0514710000000000010809,Carepa,0.87,bien_conectado,400.0
0514710000000000020617,Carepa,0.8275,bien_conectado,209.0
0514710000000000030636,Carepa,0.75,bien_conectado,222.0
0549010000000000010432,Necoclí,0.2775,aislado_critico,36590.0
0549020120300300010131,Necoclí,0.2375,aislado_critico,34732.0
0566510000000000010206,San Pedro de Urabá,0.515,semi_aislado,23524.0
0583720090700100010126,Turbo,0.71,conectividad_media,114.0
0504520010301100010112,Apartadó,0.74,conectividad_media,135.0
0505120040101000010103,Arboletes,0.0875,aislado_critico,54288.0
0505120040101000010110,Arboletes,0.0875,aislado_critico,54149.0
0514710000000000030607,Carepa,0.8275,bien_conectado,472.0
0517220060501400010104,Chigorodó,0.2375,aislado_critico,3375.0
0549010000000000010216,Necoclí,0.2775,aislado_critico,36335.0
0549010000000000010223,Necoclí,0.2775,aislado_critico,36482.0
0549010000000000010435,Necoclí,0.2775,aislado_critico,36707.0
0549010000000000010503,Necoclí,0.2375,aislado_critico,36574.0
0549020120600100010113,Necoclí,0.2375,aislado_critico,25566.0
0549020120600100010412,Necoclí,0.2775,aislado_critico,26282.0
0549020120300300010138,Necoclí,0.2375,aislado_critico,34598.0
0549020120600600010119,Necoclí,0.2375,aislado_critico,31074.0
0549020120100700010112,Necoclí,0.1475,aislado_critico,35379.0
0549020090501500010122,Necoclí,0.2775,aislado_critico,38703.0
0565910000000000010507,San Juan de Urabá,0.515,semi_aislado,74057.0
0565920020500200010103,San Juan de Urabá,0.0875,aislado_critico,66017.0
0565920020300400010105,San Juan de Urabá,0.0875,aislado_critico,59496.0
0566510000000000010210,San Pedro de Urabá,0.515,semi_aislado,23528.0
0566510000000000010505,San Pedro de Urabá,0.4775,semi_aislado,23604.0
0566510000000000010843,San Pedro de Urabá,0.515,semi_aislado,23504.0
0566520020300300010107,San Pedro de Urabá,0.0875,aislado_critico,53067.0
0583720090700100010213,Turbo,0.7475,conectividad_media,28.0
0583720090700100010420,Turbo,0.71,conectividad_media,407.0
0583720090700100010606,Turbo,0.83,bien_conectado,170.0
0583720090700100020424,Turbo,0.71,conectividad_media,294.0
0583720090700100020435,Turbo,0.66,conectividad_media,206.0
0583720100700200020318,Turbo,0.6375,conectividad_media,1326.0
0583720100400800010116,Turbo,0.6375,conectividad_media,191.0
0583720100400800010315,Turbo,0.7575,bien_conectado,52.0
0583720030802900010101,Turbo,0.2775,aislado_critico,10364.0
0583720030802900010121,Turbo,0.2775,aislado_critico,9966.0
0583720010204000010105,Turbo,0.1075,aislado_critico,25104.0
0549010000000000010831,Necoclí,0.2375,aislado_critico,38270.0
0505110000000000010515,Arboletes,0.475,semi_aislado,84366.0
0514710000000000010136,Carepa,0.84,bien_conectado,858.0
0514710000000000020119,Carepa,0.79,bien_conectado,144.0
0549010000000000010816,Necoclí,0.2375,aislado_critico,38197.0
0549020120600100010424,Necoclí,0.2775,aislado_critico,26266.0
0583720090700100020523,Turbo,0.87,bien_conectado,105.0
0583720070201200010132,Turbo,0.2375,aislado_critico,10579.0
0583720030802900010129,Turbo,0.2775,aislado_critico,10206.0
0514710000000000010818,Carepa,0.84,bien_conectado,526.0
0514710000000000020122,Carepa,0.7,conectividad_media,24.0
0514710000000000020505,Carepa,0.875,bien_conectado,578.0
0514710000000000030534,Carepa,0.915,bien_conectado,670.0
0517210000000000010115,Chigorodó,0.6275,conectividad_media,143.0
0517210000000000010118,Chigorodó,0.4975,semi_aislado,729.0
0517210000000000010602,Chigorodó,0.6275,conectividad_media,422.0
0517210000000000020233,Chigorodó,0.5975,conectividad_media,1332.0
0517210000000000020327,Chigorodó,0.6775,conectividad_media,575.0
0517210000000000020329,Chigorodó,0.6775,conectividad_media,614.0
0517210000000000020416,Chigorodó,0.5575,conectividad_media,1170.0
0517210000000000030111,Chigorodó,0.6275,conectividad_media,107.0
0517210000000000030204,Chigorodó,0.6275,conectividad_media,322.0
0517210000000000050321,Chigorodó,0.6275,conectividad_media,186.0
0517210000000000060215,Chigorodó,0.6775,conectividad_media,873.0
0517210000000000060430,Chigorodó,0.5975,conectividad_media,1126.0
0517210000000000060924,Chigorodó,0.4575,semi_aislado,1660.0
0517210000000000060927,Chigorodó,0.4575,semi_aislado,1694.0
0549020030200400010102,Necoclí,0.0875,aislado_critico,64830.0
0565910000000000010303,San Juan de Urabá,0.515,semi_aislado,73276.0
0566510000000000030114,San Pedro de Urabá,0.44,semi_aislado,22974.0
0514710000000000030606,Carepa,0.8275,bien_conectado,402.0
0549010000000000010714,Necoclí,0.2775,aislado_critico,37848.0
0549020030300200010116,Necoclí,0.0875,aislado_critico,59937.0
0549020030300200010219,Necoclí,0.0875,aislado_critico,59220.0
0549020120600600010102,Necoclí,0.2775,aislado_critico,30537.0
0565920010200600010102,San Juan de Urabá,0.1075,aislado_critico,69600.0
0566510000000000020124,San Pedro de Urabá,0.31,aislado_critico,22436.0
0566520010100400010106,San Pedro de Urabá,0.0875,aislado_critico,54955.0
0583720090700100010209,Turbo,0.7875,bien_conectado,40.0
0583720100700200010412,Turbo,0.5975,conectividad_media,1318.0
0583720030802900010123,Turbo,0.2775,aislado_critico,9994.0
0504520020300900010306,Apartadó,0.6075,conectividad_media,2431.0
0505110000000000010132,Arboletes,0.475,semi_aislado,84614.0
0505110000000000010143,Arboletes,0.475,semi_aislado,84766.0
0505110000000000010203,Arboletes,0.515,semi_aislado,84721.0
0505110000000000010413,Arboletes,0.4775,semi_aislado,84664.0
0505110000000000010516,Arboletes,0.4375,semi_aislado,84268.0
0505110000000000011026,Arboletes,0.4375,semi_aislado,83816.0
0505120020500300010109,Arboletes,0.0875,aislado_critico,59186.0
0505120050401400010103,Arboletes,0.2775,aislado_critico,45150.0
0514710000000000010313,Carepa,0.78,bien_conectado,163.0
0514710000000000020222,Carepa,0.6,conectividad_media,181.0
0514710000000000020705,Carepa,0.79,bien_conectado,261.0
0514720010601300010111,Carepa,0.4775,semi_aislado,793.0
0517220100400700010107,Chigorodó,0.3675,semi_aislado,3620.0
0549020120600600010101,Necoclí,0.2375,aislado_critico,30420.0
0549010000000000010215,Necoclí,0.2775,aislado_critico,36327.0
0549010000000000010324,Necoclí,0.2775,aislado_critico,36821.0
0549010000000000010405,Necoclí,0.2775,aislado_critico,36772.0
0549010000000000010510,Necoclí,0.2375,aislado_critico,36575.0
0549010000000000010604,Necoclí,0.1975,aislado_critico,38534.0
0549010000000000010911,Necoclí,0.1975,aislado_critico,38413.0
0549020120600100010213,Necoclí,0.1975,aislado_critico,25565.0
0549020120600100010216,Necoclí,0.2375,aislado_critico,25725.0
0549020120600100010416,Necoclí,0.2775,aislado_critico,25944.0
0565920010300300010138,San Juan de Urabá,0.1075,aislado_critico,71722.0
0565910000000000010207,San Juan de Urabá,0.515,semi_aislado,72962.0
0566510000000000010356,San Pedro de Urabá,0.44,semi_aislado,22698.0
0566510000000000010543,San Pedro de Urabá,0.4775,semi_aislado,23598.0
0566510000000000011019,San Pedro de Urabá,0.31,aislado_critico,23943.0
0566510000000000020107,San Pedro de Urabá,0.4,semi_aislado,22906.0
0566520040200800010105,San Pedro de Urabá,0.1475,aislado_critico,42476.0
0566520040200800010114,San Pedro de Urabá,0.1475,aislado_critico,42391.0
0583720090700100010116,Turbo,0.71,conectividad_media,151.0
0583720090700100010518,Turbo,0.905,bien_conectado,189.0
0583720090700100010601,Turbo,0.8675,bien_conectado,367.0
0583720090700100020122,Turbo,0.83,bien_conectado,34.0
0583720090700100020327,Turbo,0.71,conectividad_media,177.0
0583720100700200020518,Turbo,0.6375,conectividad_media,1288.0
0583720050200500010103,Turbo,0.2775,aislado_critico,15496.0
0583720100400800010109,Turbo,0.6375,conectividad_media,204.0
0583720030803200010105,Turbo,0.2375,aislado_critico,12112.0
0583720090503500010106,Turbo,0.2575,aislado_critico,10.0
0583720010203800010112,Turbo,0.1575,aislado_critico,21723.0
0514710000000000010517,Carepa,0.79,bien_conectado,405.0
0514710000000000020204,Carepa,0.6,conectividad_media,146.0
0514710000000000020205,Carepa,0.6,conectividad_media,220.0
0514710000000000030223,Carepa,0.88,bien_conectado,1043.0
0514710000000000030314,Carepa,0.8775,bien_conectado,511.0
0514710000000000030554,Carepa,0.7875,bien_conectado,435.0
0514710000000000030614,Carepa,0.7875,bien_conectado,439.0
0514720011001000010140,Carepa,0.6575,conectividad_media,2606.0
0517210000000000020218,Chigorodó,0.5975,conectividad_media,1021.0
0517210000000000020314,Chigorodó,0.6775,conectividad_media,604.0
0517210000000000020319,Chigorodó,0.5975,conectividad_media,648.0
0517210000000000020409,Chigorodó,0.5575,conectividad_media,1051.0
0517210000000000020412,Chigorodó,0.5575,conectividad_media,1083.0
0517210000000000030112,Chigorodó,0.6275,conectividad_media,134.0
0517210000000000030206,Chigorodó,0.7075,conectividad_media,299.0
0517210000000000060103,Chigorodó,0.5975,conectividad_media,681.0
0517210000000000060433,Chigorodó,0.5975,conectividad_media,957.0
0517210000000000060207,Chigorodó,0.6775,conectividad_media,805.0
0517210000000000060424,Chigorodó,0.5975,conectividad_media,1289.0
0517210000000000060805,Chigorodó,0.5975,conectividad_media,1294.0
0517210000000000060810,Chigorodó,0.5975,conectividad_media,1239.0
0517210000000000061016,Chigorodó,0.5575,conectividad_media,1352.0
0549020030200400010130,Necoclí,0.0875,aislado_critico,64065.0
0565910000000000010116,San Juan de Urabá,0.515,semi_aislado,72666.0
0565910000000000010711,San Juan de Urabá,0.36,semi_aislado,72834.0
0583720110201800010218,Turbo,0.2375,aislado_critico,113.0
0505120030200800010106,Arboletes,0.0875,aislado_critico,57549.0
0504520020500200010301,Apartadó,0.5775,conectividad_media,24.0
0504520020300900010223,Apartadó,0.5275,semi_aislado,2575.0
0505110000000000010546,Arboletes,0.4375,semi_aislado,84055.0
0505110000000000011007,Arboletes,0.4375,semi_aislado,84124.0
0514710000000000010804,Carepa,0.87,bien_conectado,321.0
0514710000000000020604,Carepa,0.79,bien_conectado,60.0
0514710000000000030632,Carepa,0.79,bien_conectado,231.0
0549020120600100010231,Necoclí,0.2375,aislado_critico,25635.0
0549020030300200010123,Necoclí,0.0875,aislado_critico,60096.0
0549020120100700010102,Necoclí,0.1475,aislado_critico,35321.0
0565920010100100010112,San Juan de Urabá,0.0875,aislado_critico,70887.0
0565920010100100010128,San Juan de Urabá,0.0875,aislado_critico,70831.0
0566510000000000010538,San Pedro de Urabá,0.4775,semi_aislado,23826.0
0583720090600300010206,Turbo,0.7075,conectividad_media,141.0
0583720100400800010303,Turbo,0.7575,bien_conectado,189.0
0583720090700100010318,Turbo,0.71,conectividad_media,318.0
0583720100700200010522,Turbo,0.6775,conectividad_media,1172.0
0583720020101300010118,Turbo,0.2775,aislado_critico,30133.0
0583720090302300010104,Turbo,0.6375,conectividad_media,353.0
0504520020300900010206,Apartadó,0.5275,semi_aislado,2681.0
0504520010101600010106,Apartadó,0.3475,aislado_critico,73.0
0505120030200800010110,Arboletes,0.0875,aislado_critico,57368.0
0514710000000000030536,Carepa,0.8375,bien_conectado,584.0
0517220060601500010103,Chigorodó,0.3875,semi_aislado,2568.0
0549020050300500010104,Necoclí,0.1975,aislado_critico,44382.0
0549010000000000010202,Necoclí,0.2775,aislado_critico,36692.0
0549010000000000010335,Necoclí,0.2775,aislado_critico,37115.0
0549010000000000010827,Necoclí,0.2375,aislado_critico,38058.0
0549020120300300010115,Necoclí,0.2775,aislado_critico,34544.0
0549020040400900010121,Necoclí,0.1075,aislado_critico,49117.0
0549020090501500010127,Necoclí,0.2775,aislado_critico,38560.0
0565910000000000010209,San Juan de Urabá,0.515,semi_aislado,72846.0
0566520020300300010110,San Pedro de Urabá,0.0875,aislado_critico,52935.0
0583720090700100010418,Turbo,0.71,conectividad_media,418.0
0514710000000000010408,Carepa,0.88,bien_conectado,519.0
0514710000000000010521,Carepa,0.79,bien_conectado,307.0
0514710000000000010718,Carepa,0.79,bien_conectado,92.0
0514710000000000010816,Carepa,0.87,bien_conectado,479.0
0514710000000000020218,Carepa,0.6,conectividad_media,143.0
0514710000000000020801,Carepa,0.6,conectividad_media,404.0
0517210000000000010104,Chigorodó,0.4975,semi_aislado,503.0
0517210000000000010122,Chigorodó,0.4875,semi_aislado,137.0
0517210000000000010610,Chigorodó,0.5975,conectividad_media,641.0
0517210000000000020307,Chigorodó,0.5975,conectividad_media,814.0
0517210000000000020310,Chigorodó,0.7075,conectividad_media,473.0
0517210000000000020323,Chigorodó,0.5975,conectividad_media,680.0
0517210000000000020333,Chigorodó,0.5975,conectividad_media,732.0
0517210000000000030116,Chigorodó,0.7075,conectividad_media,94.0
0517210000000000050401,Chigorodó,0.6275,conectividad_media,286.0
0517210000000000050802,Chigorodó,0.6775,conectividad_media,581.0
0517210000000000060513,Chigorodó,0.5975,conectividad_media,1146.0
0517210000000000060908,Chigorodó,0.5975,conectividad_media,1467.0
0549020030200400010105,Necoclí,0.0875,aislado_critico,64758.0
0549020030200400010108,Necoclí,0.0875,aislado_critico,64698.0
0549020050300500010214,Necoclí,0.1975,aislado_critico,44174.0
0565910000000000010218,San Juan de Urabá,0.4775,semi_aislado,72846.0
0505120060600500010101,Arboletes,0.1075,aislado_critico,51515.0
0504520050300100010108,Apartadó,0.4275,semi_aislado,128.0
0504520030101500010114,Apartadó,0.6375,conectividad_media,135.0
0505110000000000010610,Arboletes,0.36,semi_aislado,83664.0
0514710000000000030415,Carepa,0.875,bien_conectado,700.0
0549020120600100010206,Necoclí,0.2375,aislado_critico,25762.0
0549020120301400010101,Necoclí,0.2775,aislado_critico,36255.0
0565920020500200010102,San Juan de Urabá,0.0875,aislado_critico,65985.0
0566510000000000020114,San Pedro de Urabá,0.4,semi_aislado,23077.0
0583720090600300010306,Turbo,0.6275,conectividad_media,37.0
0583720100400800010404,Turbo,0.6375,conectividad_media,154.0
0504520010101600010110,Apartadó,0.3475,aislado_critico,197.0
0504520020300900010111,Apartadó,0.6075,conectividad_media,2348.0
0504520010301100010107,Apartadó,0.74,conectividad_media,60.0
0504520030101500010122,Apartadó,0.5875,conectividad_media,89.0
0505110000000000010320,Arboletes,0.4375,semi_aislado,84011.0
0505110000000000010347,Arboletes,0.4,semi_aislado,83838.0
0505110000000000010708,Arboletes,0.4375,semi_aislado,84321.0
0505120040101000010112,Arboletes,0.0875,aislado_critico,54159.0
0505120030101100010122,Arboletes,0.0875,aislado_critico,62174.0
0505120030101100010129,Arboletes,0.0875,aislado_critico,62659.0
0514710000000000010209,Carepa,0.83,bien_conectado,545.0
0514710000000000020402,Carepa,0.7875,bien_conectado,352.0
0514710000000000020611,Carepa,0.79,bien_conectado,151.0
0514710000000000030218,Carepa,0.915,bien_conectado,768.0
0583720090700100010402,Turbo,0.71,conectividad_media,347.0
0549020120600100010109,Necoclí,0.2375,aislado_critico,25812.0
0549010000000000010113,Necoclí,0.2775,aislado_critico,36692.0
0549010000000000010213,Necoclí,0.2775,aislado_critico,36489.0
0549010000000000010438,Necoclí,0.2775,aislado_critico,36445.0
0549020030300200010215,Necoclí,0.0875,aislado_critico,59346.0
0549020090200800010110,Necoclí,0.0875,aislado_critico,49213.0
0549020090200800010111,Necoclí,0.0875,aislado_critico,49205.0
0549020090501500010101,Necoclí,0.2375,aislado_critico,39117.0
0549020090501500010104,Necoclí,0.2375,aislado_critico,38997.0
0566510000000000010163,San Pedro de Urabá,0.44,semi_aislado,23942.0
0566510000000000010821,San Pedro de Urabá,0.4775,semi_aislado,23822.0
0566510000000000011021,San Pedro de Urabá,0.31,aislado_critico,23868.0
0566520040200200010105,San Pedro de Urabá,0.2775,aislado_critico,38841.0
0583720090700100010210,Turbo,0.825,bien_conectado,37.0
0583720090700100010613,Turbo,0.83,bien_conectado,185.0
0583720090700100010730,Turbo,0.66,conectividad_media,381.0
0583720090700100020316,Turbo,0.83,bien_conectado,194.0
0583720090700100020375,Turbo,0.66,conectividad_media,186.0
0583720100700200020122,Turbo,0.6375,conectividad_media,902.0
0583720090600300010343,Turbo,0.5475,semi_aislado,178.0
0583720100400800010419,Turbo,0.6375,conectividad_media,58.0
0583720100400800010424,Turbo,0.6375,conectividad_media,99.0
0583720080301000010120,Turbo,0.3675,semi_aislado,2946.0
0583720080301000010126,Turbo,0.4275,semi_aislado,2705.0
0583720020101300010120,Turbo,0.2775,aislado_critico,30230.0
0583720050202800010108,Turbo,0.2775,aislado_critico,18564.0
0514710000000000030209,Carepa,0.9175,bien_conectado,736.0
0517210000000000020212,Chigorodó,0.5575,conectividad_media,888.0
0517210000000000050422,Chigorodó,0.6775,conectividad_media,505.0
0514710000000000020235,Carepa,0.56,conectividad_media,374.0
0514710000000000020240,Carepa,0.56,conectividad_media,419.0
0514710000000000020313,Carepa,0.79,bien_conectado,83.0
0514720011001000010142,Carepa,0.5775,conectividad_media,2604.0
0517210000000000060417,Chigorodó,0.5975,conectividad_media,1183.0
0517210000000000060715,Chigorodó,0.5975,conectividad_media,1200.0
0549020030200400010133,Necoclí,0.0875,aislado_critico,64370.0
0549020090501500010118,Necoclí,0.2775,aislado_critico,38861.0
0565910000000000010410,San Juan de Urabá,0.4375,semi_aislado,73522.0
0583720110201800010210,Turbo,0.2375,aislado_critico,60.0
0505110000000000010135,Arboletes,0.475,semi_aislado,84727.0
0505120030200800010111,Arboletes,0.0875,aislado_critico,57420.0
0514710000000000010226,Carepa,0.83,bien_conectado,561.0
0514710000000000020308,Carepa,0.79,bien_conectado,118.0
0514710000000000020513,Carepa,0.7975,bien_conectado,534.0
0514710000000000030522,Carepa,0.8375,bien_conectado,604.0
0583720100400800010209,Turbo,0.7575,bien_conectado,251.0
0549010000000000010209,Necoclí,0.2775,aislado_critico,36817.0
0549010000000000010302,Necoclí,0.2775,aislado_critico,37175.0
0549010000000000010437,Necoclí,0.2775,aislado_critico,36490.0
0549020120600100010212,Necoclí,0.1975,aislado_critico,25681.0
0549020120600100010305,Necoclí,0.1975,aislado_critico,25872.0
0549020120300300010110,Necoclí,0.2775,aislado_critico,34640.0
0565920010100500010103,San Juan de Urabá,0.0875,aislado_critico,68261.0
0565920010200600010103,San Juan de Urabá,0.1075,aislado_critico,69488.0
0583720090700100010317,Turbo,0.71,conectividad_media,264.0
0583720090700100010323,Turbo,0.71,conectividad_media,433.0
0583720090700100010603,Turbo,0.83,bien_conectado,303.0
0583720090700100010720,Turbo,0.74,conectividad_media,248.0
0583720090700100020202,Turbo,0.8275,bien_conectado,200.0
0583720090700100020310,Turbo,0.83,bien_conectado,30.0
0583720090700100020333,Turbo,0.71,conectividad_media,150.0
0583720090600300010334,Turbo,0.6275,conectividad_media,207.0
0583720070201200010108,Turbo,0.2775,aislado_critico,11067.0
0583720070201200010131,Turbo,0.2375,aislado_critico,10702.0
0583720020101300010103,Turbo,0.2775,aislado_critico,30207.0
0504520010301100010217,Apartadó,0.7,conectividad_media,302.0
0504520050300100010107,Apartadó,0.4275,semi_aislado,113.0
0504520020300900010208,Apartadó,0.5275,semi_aislado,2833.0
0504520010101600010116,Apartadó,0.3475,aislado_critico,73.0
0505110000000000010107,Arboletes,0.475,semi_aislado,84695.0
0505110000000000010314,Arboletes,0.515,semi_aislado,84310.0
0505110000000000010607,Arboletes,0.4,semi_aislado,84038.0
0505120030101100010124,Arboletes,0.0875,aislado_critico,62774.0
0514710000000000010723,Carepa,0.79,bien_conectado,93.0
0514710000000000020404,Carepa,0.7875,bien_conectado,274.0
0514710000000000020616,Carepa,0.79,bien_conectado,186.0
0514710000000000030303,Carepa,0.84,bien_conectado,578.0
0514710000000000030552,Carepa,0.7875,bien_conectado,383.0
0549010000000000010301,Necoclí,0.2775,aislado_critico,37352.0
0549010000000000010607,Necoclí,0.2375,aislado_critico,39540.0
0549010000000000010905,Necoclí,0.1975,aislado_critico,38477.0
0549010000000000010910,Necoclí,0.1975,aislado_critico,38408.0
0549020120600100010124,Necoclí,0.2375,aislado_critico,25685.0
0549020040400900010115,Necoclí,0.1075,aislado_critico,49422.0
0565920010100100010120,San Juan de Urabá,0.0875,aislado_critico,70829.0
0565920010300300010114,San Juan de Urabá,0.1075,aislado_critico,71517.0
0566510000000000010348,San Pedro de Urabá,0.44,semi_aislado,23025.0
0583720090700100010401,Turbo,0.71,conectividad_media,400.0
0583720090700100020323,Turbo,0.71,conectividad_media,284.0
0583720090700100020415,Turbo,0.74,conectividad_media,157.0
0583720100700200020217,Turbo,0.5975,conectividad_media,1386.0
0514710000000000010332,Carepa,0.86,bien_conectado,241.0
0514710000000000030202,Carepa,0.88,bien_conectado,963.0
0517210000000000010613,Chigorodó,0.6275,conectividad_media,441.0
0517210000000000020206,Chigorodó,0.5975,conectividad_media,652.0
0517210000000000020415,Chigorodó,0.5575,conectividad_media,1124.0
0517210000000000020421,Chigorodó,0.5975,conectividad_media,1203.0
0517210000000000030213,Chigorodó,0.7075,conectividad_media,246.0
0517210000000000030218,Chigorodó,0.7075,conectividad_media,196.0
0517210000000000040107,Chigorodó,0.6675,conectividad_media,57.0
0517210000000000050202,Chigorodó,0.7075,conectividad_media,218.0
0517210000000000050315,Chigorodó,0.6275,conectividad_media,187.0
0517210000000000050524,Chigorodó,0.7075,conectividad_media,485.0
0517210000000000050605,Chigorodó,0.7075,conectividad_media,402.0
0517210000000000050811,Chigorodó,0.7175,conectividad_media,646.0
0517210000000000060119,Chigorodó,0.5975,conectividad_media,837.0
0517210000000000060418,Chigorodó,0.5975,conectividad_media,1315.0
0517210000000000060515,Chigorodó,0.5975,conectividad_media,1196.0
0517210000000000060611,Chigorodó,0.5975,conectividad_media,1094.0
0517210000000000060716,Chigorodó,0.5575,conectividad_media,1289.0
0517210000000000060738,Chigorodó,0.5975,conectividad_media,907.0
0549020090501500010110,Necoclí,0.2775,aislado_critico,38794.0
0549020090501500010128,Necoclí,0.2775,aislado_critico,38518.0
0565910000000000010101,San Juan de Urabá,0.4375,semi_aislado,72863.0
0565910000000000010519,San Juan de Urabá,0.4775,semi_aislado,74150.0
0566510000000000010861,San Pedro de Urabá,0.44,semi_aislado,24123.0
0583720110201800010128,Turbo,0.1975,aislado_critico,263.0
0583720110201800010131,Turbo,0.1675,aislado_critico,501.0
0505120020500300010117,Arboletes,0.0875,aislado_critico,59492.0
0566520020300300010106,San Pedro de Urabá,0.0875,aislado_critico,53027.0
0583720100700200010518,Turbo,0.6775,conectividad_media,1256.0
0583720100400800010402,Turbo,0.6775,conectividad_media,195.0
0583720100400800010412,Turbo,0.6775,conectividad_media,113.0
0504520020500200010303,Apartadó,0.5775,conectividad_media,119.0
0504520020300300010109,Apartadó,0.7275,conectividad_media,711.0
0505110000000000010345,Arboletes,0.4,semi_aislado,83853.0
0505110000000000010409,Arboletes,0.515,semi_aislado,84619.0
0505110000000000010707,Arboletes,0.4375,semi_aislado,84239.0
0505120030200800010105,Arboletes,0.0875,aislado_critico,57529.0
0505120030200900010116,Arboletes,0.0875,aislado_critico,57852.0
0514710000000000020101,Carepa,0.79,bien_conectado,126.0
0514710000000000020112,Carepa,0.79,bien_conectado,196.0
0514710000000000030642,Carepa,0.75,bien_conectado,359.0
0514710000000000030644,Carepa,0.7875,bien_conectado,497.0
0549010000000000010225,Necoclí,0.2775,aislado_critico,36836.0
0549020120300300010101,Necoclí,0.2775,aislado_critico,34595.0
0565920010100100010105,San Juan de Urabá,0.0875,aislado_critico,71030.0
0566510000000000010118,San Pedro de Urabá,0.4775,semi_aislado,23813.0
0566510000000000010422,San Pedro de Urabá,0.4,semi_aislado,23206.0
0566520010100400010112,San Pedro de Urabá,0.0875,aislado_critico,54571.0
0583720090700100010122,Turbo,0.71,conectividad_media,215.0
0583720090700100020345,Turbo,0.71,conectividad_media,263.0
0583720090700100020515,Turbo,0.91,bien_conectado,91.0
0583720090600300010307,Turbo,0.6275,conectividad_media,93.0
0583720020101300010201,Turbo,0.2775,aislado_critico,29913.0
0504520020500200010211,Apartadó,0.5775,conectividad_media,318.0
0504520020300900010320,Apartadó,0.5675,conectividad_media,2553.0
0505110000000000010209,Arboletes,0.515,semi_aislado,84698.0
0505110000000000010533,Arboletes,0.4375,semi_aislado,84210.0
0505120060400100010111,Arboletes,0.0875,aislado_critico,62032.0
0505120020500300010118,Arboletes,0.0875,aislado_critico,59343.0
0514720010601300010109,Carepa,0.4775,semi_aislado,859.0
0549010000000000010235,Necoclí,0.2775,aislado_critico,36300.0
0549020120600100010409,Necoclí,0.2775,aislado_critico,26144.0
0549020120300300010139,Necoclí,0.2375,aislado_critico,34603.0
0549020090501500010108,Necoclí,0.2775,aislado_critico,38898.0
0565920010100100010102,San Juan de Urabá,0.0875,aislado_critico,71018.0
0583720090700100020417,Turbo,0.87,bien_conectado,26.0
0583720090700100020509,Turbo,0.91,bien_conectado,186.0
0583720100700200020101,Turbo,0.6775,conectividad_media,1145.0
0583720100700200020405,Turbo,0.6775,conectividad_media,1242.0
0583720010203800010104,Turbo,0.1575,aislado_critico,22105.0
0514720011001000010105,Carepa,0.5375,semi_aislado,2886.0
0514710000000000010617,Carepa,0.7,conectividad_media,82.0
0514710000000000010619,Carepa,0.74,conectividad_media,54.0
0514710000000000030112,Carepa,0.84,bien_conectado,849.0
0514710000000000030311,Carepa,0.8675,bien_conectado,431.0
0514720010700700010108,Carepa,0.2675,aislado_critico,1136.0
0514720010700700010119,Carepa,0.2675,aislado_critico,938.0
0514720010700700010125,Carepa,0.2675,aislado_critico,1251.0
0517210000000000010110,Chigorodó,0.6275,conectividad_media,404.0
0517210000000000010209,Chigorodó,0.4975,semi_aislado,763.0
0517210000000000010507,Chigorodó,0.5975,conectividad_media,533.0
0517210000000000010709,Chigorodó,0.4975,semi_aislado,870.0
0517210000000000020208,Chigorodó,0.5975,conectividad_media,585.0
0517210000000000020302,Chigorodó,0.5975,conectividad_media,723.0
0517210000000000060410,Chigorodó,0.5975,conectividad_media,1029.0
0517210000000000060420,Chigorodó,0.5975,conectividad_media,1228.0
0517210000000000060508,Chigorodó,0.5975,conectividad_media,1087.0
0517210000000000060520,Chigorodó,0.5975,conectividad_media,1281.0
0517210000000000060812,Chigorodó,0.5975,conectividad_media,1319.0
0565910000000000010106,San Juan de Urabá,0.515,semi_aislado,72807.0
0565910000000000010121,San Juan de Urabá,0.4775,semi_aislado,72690.0
0565910000000000010615,San Juan de Urabá,0.31,aislado_critico,72623.0
0583720110201800010201,Turbo,0.1975,aislado_critico,135.0
0583720110201800010328,Turbo,0.1975,aislado_critico,207.0
0517220070300300010109,Chigorodó,0.3175,aislado_critico,1009.0
0504520010101400010113,Apartadó,0.4275,semi_aislado,92.0
0505110000000000010537,Arboletes,0.36,semi_aislado,83897.0
0517220100400700010105,Chigorodó,0.3675,semi_aislado,3928.0
0549020120600100010214,Necoclí,0.1975,aislado_critico,25559.0
0565920010100100010117,San Juan de Urabá,0.0875,aislado_critico,70535.0
0566510000000000010421,San Pedro de Urabá,0.4,semi_aislado,23200.0
0583720090700100010206,Turbo,0.7475,conectividad_media,21.0
0583720090700100020362,Turbo,0.75,bien_conectado,28.0
0583720090700100020439,Turbo,0.66,conectividad_media,257.0
0583720100700200010313,Turbo,0.7175,conectividad_media,1206.0
0583720100700200010407,Turbo,0.5975,conectividad_media,1217.0
0583720100700200010510,Turbo,0.6775,conectividad_media,1181.0
0583720080301000010113,Turbo,0.4675,semi_aislado,2890.0
0583720020101300010111,Turbo,0.2775,aislado_critico,30166.0
0583720030803200010101,Turbo,0.1975,aislado_critico,13186.0
0504520010301100010209,Apartadó,0.74,conectividad_media,121.0
0504520020500200010106,Apartadó,0.5075,semi_aislado,547.0
0504520020300300010108,Apartadó,0.7275,conectividad_media,541.0
0504520020300900010129,Apartadó,0.6475,conectividad_media,2352.0
0504520020300900010327,Apartadó,0.5675,conectividad_media,2600.0
0504520030101500010106,Apartadó,0.6375,conectividad_media,216.0
0505110000000000010222,Arboletes,0.4775,semi_aislado,84928.0
0505110000000000010709,Arboletes,0.475,semi_aislado,84349.0
0505110000000000011020,Arboletes,0.4375,semi_aislado,84055.0
0505110000000000011021,Arboletes,0.4375,semi_aislado,84010.0
0514710000000000010116,Carepa,0.88,bien_conectado,731.0
0514710000000000030237,Carepa,0.8775,bien_conectado,950.0
0514710000000000030416,Carepa,0.875,bien_conectado,626.0
0549020120600100010228,Necoclí,0.1975,aislado_critico,25492.0
0549020120600100010401,Necoclí,0.2375,aislado_critico,25858.0
0549020030300200010221,Necoclí,0.0875,aislado_critico,59296.0
0566510000000000010502,San Pedro de Urabá,0.4775,semi_aislado,23678.0
0566510000000000010665,San Pedro de Urabá,0.4375,semi_aislado,23800.0
0583720090700100010107,Turbo,0.7475,conectividad_media,100.0
0583720090700100010218,Turbo,0.71,conectividad_media,269.0
0583720100700200010203,Turbo,0.6775,conectividad_media,1039.0
0583720100700200010504,Turbo,0.6775,conectividad_media,1282.0
0583720100700200020510,Turbo,0.6375,conectividad_media,1199.0
0583720050200500010117,Turbo,0.2775,aislado_critico,15163.0
0583720090402400010113,Turbo,0.6775,conectividad_media,188.0
0583720090103900010117,Turbo,0.3375,aislado_critico,4170.0
0583720010204000010103,Turbo,0.1075,aislado_critico,25148.0
0514710000000000020116,Carepa,0.75,bien_conectado,38.0
0514710000000000020807,Carepa,0.56,conectividad_media,497.0
0514710000000000030220,Carepa,0.8375,bien_conectado,873.0
0514710000000000030422,Carepa,0.8375,bien_conectado,572.0
0514710000000000030507,Carepa,0.8775,bien_conectado,665.0
0514720010700700010121,Carepa,0.2675,aislado_critico,977.0
0514720010700700010131,Carepa,0.2675,aislado_critico,1458.0
0517210000000000010210,Chigorodó,0.4975,semi_aislado,801.0
0517210000000000010701,Chigorodó,0.4975,semi_aislado,780.0
0517210000000000020506,Chigorodó,0.4575,semi_aislado,1447.0
0517210000000000050206,Chigorodó,0.7075,conectividad_media,236.0
0517210000000000050601,Chigorodó,0.7475,conectividad_media,370.0
0517210000000000050706,Chigorodó,0.6275,conectividad_media,318.0
0517210000000000060318,Chigorodó,0.5575,conectividad_media,957.0
0517210000000000061012,Chigorodó,0.5575,conectividad_media,1279.0
0549020030200400010111,Necoclí,0.0875,aislado_critico,64689.0
0565910000000000010313,San Juan de Urabá,0.515,semi_aislado,73243.0
0565910000000000010516,San Juan de Urabá,0.4775,semi_aislado,73747.0
0565910000000000010903,San Juan de Urabá,0.36,semi_aislado,72160.0
0566510000000000010152,San Pedro de Urabá,0.44,semi_aislado,23910.0
0583720110201800010217,Turbo,0.2375,aislado_critico,109.0
0504520010301100010109,Apartadó,0.74,conectividad_media,3.0
0504520030101500010103,Apartadó,0.6375,conectividad_media,283.0
0505110000000000010210,Arboletes,0.515,semi_aislado,84764.0
0505110000000000010224,Arboletes,0.4375,semi_aislado,84942.0
0505110000000000010340,Arboletes,0.4,semi_aislado,83887.0
0505120040101000010105,Arboletes,0.0875,aislado_critico,54331.0
0505120040101000010107,Arboletes,0.0875,aislado_critico,54248.0
0514710000000000010120,Carepa,0.84,bien_conectado,751.0
0514710000000000010306,Carepa,0.82,bien_conectado,456.0
0514710000000000030624,Carepa,0.7875,bien_conectado,481.0
0517220070300300010112,Chigorodó,0.3575,semi_aislado,915.0
0549010000000000010308,Necoclí,0.2775,aislado_critico,37054.0
0549010000000000010507,Necoclí,0.2375,aislado_critico,36462.0
0549020120600100010223,Necoclí,0.1975,aislado_critico,25548.0
0549020120600100010224,Necoclí,0.1975,aislado_critico,25526.0
0549020120600100010312,Necoclí,0.1975,aislado_critico,25877.0
0549020120600100010402,Necoclí,0.2375,aislado_critico,25849.0
0549020030300200010120,Necoclí,0.0875,aislado_critico,59271.0
0549020030300200010127,Necoclí,0.0875,aislado_critico,60050.0
0549020030300200010206,Necoclí,0.0875,aislado_critico,59581.0
0549020120300300010133,Necoclí,0.2775,aislado_critico,34631.0
0549020120300300010134,Necoclí,0.2775,aislado_critico,34336.0
0549020120301000010105,Necoclí,0.2775,aislado_critico,34381.0
0549020090201200010104,Necoclí,0.0875,aislado_critico,48790.0
0583720050200500010105,Turbo,0.2775,aislado_critico,15476.0
0565920010100100010104,San Juan de Urabá,0.0875,aislado_critico,71012.0
0565920010100100010116,San Juan de Urabá,0.0875,aislado_critico,70874.0
0565920010300300010133,San Juan de Urabá,0.1075,aislado_critico,71732.0
0565920020300400010106,San Juan de Urabá,0.0875,aislado_critico,59785.0
0565920010100500010107,San Juan de Urabá,0.0875,aislado_critico,68092.0
0565920010100500010111,San Juan de Urabá,0.0875,aislado_critico,68096.0
0566510000000000010244,San Pedro de Urabá,0.4375,semi_aislado,23231.0
0566510000000000010247,San Pedro de Urabá,0.515,semi_aislado,23520.0
0566510000000000010353,San Pedro de Urabá,0.4375,semi_aislado,23308.0
0566510000000000010406,San Pedro de Urabá,0.44,semi_aislado,23302.0
0566520040200200010107,San Pedro de Urabá,0.2775,aislado_critico,38837.0
0566520020300300010104,San Pedro de Urabá,0.0875,aislado_critico,53065.0
0583720090600300010205,Turbo,0.7475,conectividad_media,178.0
0583720090700100020436,Turbo,0.66,conectividad_media,310.0
0583720100700200010109,Turbo,0.6775,conectividad_media,951.0
0583720100700200010211,Turbo,0.6775,conectividad_media,1117.0
0583720100700200020201,Turbo,0.6775,conectividad_media,1383.0
0583720050200500010127,Turbo,0.2775,aislado_critico,15354.0
0583720090402400010127,Turbo,0.5975,conectividad_media,313.0
0583720090603100010101,Turbo,0.4975,semi_aislado,44.0
0583720090603100010102,Turbo,0.4975,semi_aislado,60.0
0583720090103900010113,Turbo,0.3375,aislado_critico,4215.0
0504520020500200010312,Apartadó,0.5775,conectividad_media,130.0
0505120020500300010116,Arboletes,0.0875,aislado_critico,59547.0
0549010000000000010218,Necoclí,0.2375,aislado_critico,36348.0
0549020120600100010317,Necoclí,0.1975,aislado_critico,25855.0
0549020050401800010104,Necoclí,0.1975,aislado_critico,41286.0
0566510000000000010249,San Pedro de Urabá,0.4775,semi_aislado,23445.0
0583720090700100010132,Turbo,0.71,conectividad_media,37.0
0583720090700100010304,Turbo,0.71,conectividad_media,157.0
0583720090700100020425,Turbo,0.79,bien_conectado,256.0
0583720100400800010204,Turbo,0.7575,bien_conectado,261.0
0583720090602600010110,Turbo,0.6775,conectividad_media,132.0
0583720090603100010103,Turbo,0.4975,semi_aislado,78.0
0514710000000000010105,Carepa,0.8,bien_conectado,819.0
0514710000000000010303,Carepa,0.82,bien_conectado,399.0
0514710000000000010706,Carepa,0.79,bien_conectado,235.0
0514710000000000010814,Carepa,0.87,bien_conectado,436.0
0514710000000000020624,Carepa,0.79,bien_conectado,24.0
0514710000000000020914,Carepa,0.6,conectividad_media,482.0
0514710000000000030226,Carepa,0.8,bien_conectado,1077.0
0514710000000000030317,Carepa,0.8275,bien_conectado,433.0
0517210000000000020203,Chigorodó,0.5975,conectividad_media,515.0
0517210000000000010219,Chigorodó,0.4975,semi_aislado,901.0
0517210000000000050403,Chigorodó,0.6275,conectividad_media,274.0
0517210000000000050418,Chigorodó,0.6275,conectividad_media,406.0
0517210000000000050711,Chigorodó,0.7075,conectividad_media,500.0
0517210000000000060209,Chigorodó,0.6775,conectividad_media,922.0
0517210000000000060310,Chigorodó,0.5975,conectividad_media,917.0
0517210000000000060320,Chigorodó,0.5975,conectividad_media,1002.0
0565910000000000010520,San Juan de Urabá,0.4775,semi_aislado,74147.0
0565910000000000010607,San Juan de Urabá,0.4,semi_aislado,72789.0
0566510000000000010402,San Pedro de Urabá,0.44,semi_aislado,23387.0
0514710000000000010729,Carepa,0.79,bien_conectado,133.0
0514710000000000020903,Carepa,0.57,conectividad_media,509.0
0517210000000000030104,Chigorodó,0.6275,conectividad_media,84.0
0517210000000000030117,Chigorodó,0.6275,conectividad_media,92.0
0517210000000000060416,Chigorodó,0.5975,conectividad_media,1109.0
0549020030200400010134,Necoclí,0.0875,aislado_critico,64176.0
0505110000000000010416,Arboletes,0.515,semi_aislado,84756.0
0505110000000000011030,Arboletes,0.4,semi_aislado,83785.0
0505110000000000011043,Arboletes,0.475,semi_aislado,84161.0
0549010000000000010310,Necoclí,0.2775,aislado_critico,37026.0
0549010000000000010513,Necoclí,0.2375,aislado_critico,36418.0
0549010000000000010609,Necoclí,0.2375,aislado_critico,39204.0
0549020120600100010415,Necoclí,0.2775,aislado_critico,26120.0
0565910000000000010406,San Juan de Urabá,0.4375,semi_aislado,73498.0
0583720090700100010509,Turbo,0.8675,bien_conectado,209.0
0583720090700100020219,Turbo,0.9475,bien_conectado,244.0
0504520020500200010122,Apartadó,0.5075,semi_aislado,520.0
0504520020300900010125,Apartadó,0.6475,conectividad_media,2472.0
0504520010301100010117,Apartadó,0.74,conectividad_media,33.0
0504520010101600010118,Apartadó,0.3475,aislado_critico,18.0
0505110000000000010118,Arboletes,0.475,semi_aislado,84467.0
0505110000000000010316,Arboletes,0.4775,semi_aislado,84124.0
0505110000000000010342,Arboletes,0.4,semi_aislado,83863.0
0505120060400100010113,Arboletes,0.0875,aislado_critico,62054.0
0505120030101100010133,Arboletes,0.0875,aislado_critico,62034.0
0514710000000000010204,Carepa,0.78,bien_conectado,219.0
0514710000000000010227,Carepa,0.78,bien_conectado,65.0
0514710000000000020429,Carepa,0.8275,bien_conectado,241.0
0514710000000000030219,Carepa,0.8775,bien_conectado,812.0
0583720030802900010118,Turbo,0.2775,aislado_critico,10007.0
0549010000000000010120,Necoclí,0.2775,aislado_critico,36991.0
0566510000000000011012,San Pedro de Urabá,0.35,semi_aislado,24163.0
0549010000000000010106,Necoclí,0.2775,aislado_critico,36370.0
0549010000000000010608,Necoclí,0.2775,aislado_critico,39255.0
0549010000000000010825,Necoclí,0.2375,aislado_critico,38093.0
0549010000000000010829,Necoclí,0.2375,aislado_critico,38028.0
0549020030300200010204,Necoclí,0.0875,aislado_critico,59608.0
0565910000000000010511,San Juan de Urabá,0.515,semi_aislado,73982.0
0565920010100100010131,San Juan de Urabá,0.0875,aislado_critico,70678.0
0565920010300300010107,San Juan de Urabá,0.1075,aislado_critico,71673.0
0566510000000000010112,San Pedro de Urabá,0.4775,semi_aislado,23821.0
0566510000000000010431,San Pedro de Urabá,0.35,semi_aislado,22919.0
0566510000000000010813,San Pedro de Urabá,0.515,semi_aislado,23360.0
0566520010100400010105,San Pedro de Urabá,0.0875,aislado_critico,54996.0
0566520040200800010113,San Pedro de Urabá,0.1475,aislado_critico,42333.0
0583720090700100010201,Turbo,0.71,conectividad_media,246.0
0583720090700100010204,Turbo,0.71,conectividad_media,105.0
0583720090700100020374,Turbo,0.66,conectividad_media,148.0
0583720090700100020411,Turbo,0.87,bien_conectado,24.0
0583720100700200010506,Turbo,0.6775,conectividad_media,1298.0
0583720100700200020210,Turbo,0.6775,conectividad_media,1375.0
0583720100700200020414,Turbo,0.6775,conectividad_media,1118.0
0583720090600300010313,Turbo,0.7075,conectividad_media,140.0
0583720090600300010326,Turbo,0.7075,conectividad_media,364.0
0583720030803200010111,Turbo,0.2775,aislado_critico,12275.0
0583720010203800010111,Turbo,0.1575,aislado_critico,21791.0
0583720090103900010108,Turbo,0.2875,aislado_critico,4303.0
0583720050604200010103,Turbo,0.2775,aislado_critico,14727.0
0514710000000000020501,Carepa,0.875,bien_conectado,550.0
0514710000000000020623,Carepa,0.79,bien_conectado,50.0
0514710000000000030211,Carepa,0.9175,bien_conectado,958.0
0514710000000000030231,Carepa,0.8,bien_conectado,1041.0
0514710000000000030232,Carepa,0.8,bien_conectado,999.0
0514710000000000030539,Carepa,0.8675,bien_conectado,477.0
0517210000000000010124,Chigorodó,0.4975,semi_aislado,525.0
0517210000000000010307,Chigorodó,0.5975,conectividad_media,715.0
0517210000000000010702,Chigorodó,0.4975,semi_aislado,777.0
0517210000000000010804,Chigorodó,0.4175,semi_aislado,1540.0
0517210000000000020320,Chigorodó,0.5975,conectividad_media,614.0
0517210000000000020411,Chigorodó,0.5575,conectividad_media,1035.0
0517210000000000030209,Chigorodó,0.7075,conectividad_media,45.0
0517210000000000050124,Chigorodó,0.7075,conectividad_media,292.0
0517210000000000050710,Chigorodó,0.5875,conectividad_media,379.0
0517210000000000060118,Chigorodó,0.5975,conectividad_media,802.0
0517210000000000060403,Chigorodó,0.5975,conectividad_media,952.0
0517210000000000060605,Chigorodó,0.5975,conectividad_media,785.0
0517210000000000060630,Chigorodó,0.5975,conectividad_media,827.0
0549020030200400010104,Necoclí,0.0875,aislado_critico,64750.0
0565910000000000010120,San Juan de Urabá,0.4375,semi_aislado,72564.0
0565910000000000010619,San Juan de Urabá,0.31,aislado_critico,72591.0
0566510000000000020111,San Pedro de Urabá,0.4375,semi_aislado,23187.0
0583720030802900010112,Turbo,0.2775,aislado_critico,10099.0
0504520050300100010112,Apartadó,0.4275,semi_aislado,56.0
0504520020500200010103,Apartadó,0.5775,conectividad_media,392.0
0504520020300900010302,Apartadó,0.4875,semi_aislado,2444.0
0505110000000000011005,Arboletes,0.475,semi_aislado,84185.0
0514710000000000020304,Carepa,0.79,bien_conectado,58.0
0583720100400800010104,Turbo,0.6375,conectividad_media,218.0
0549010000000000010402,Necoclí,0.2775,aislado_critico,36710.0
0549020120600100010128,Necoclí,0.2375,aislado_critico,25506.0
0565910000000000010110,San Juan de Urabá,0.4775,semi_aislado,72644.0
0566510000000000010220,San Pedro de Urabá,0.4775,semi_aislado,23454.0
0566520010100400010101,San Pedro de Urabá,0.0875,aislado_critico,55388.0
0583720050200500010109,Turbo,0.2775,aislado_critico,15311.0
0583720090700100020217,Turbo,0.9075,bien_conectado,230.0
0583720090700100020413,Turbo,0.83,bien_conectado,135.0
0583720090600300010324,Turbo,0.6675,conectividad_media,459.0
0583720100400800010313,Turbo,0.7575,bien_conectado,87.0
0583720100400800010411,Turbo,0.6775,conectividad_media,162.0
0583720230401400010106,Turbo,0.1975,aislado_critico,288.0
0583720090102700010105,Turbo,0.4175,semi_aislado,2889.0
0583720030802900010126,Turbo,0.2775,aislado_critico,9759.0
0583720050604200010109,Turbo,0.2775,aislado_critico,14827.0
0505110000000000010108,Arboletes,0.475,semi_aislado,84747.0
0505110000000000010512,Arboletes,0.475,semi_aislado,84416.0
0505120060400100010102,Arboletes,0.0875,aislado_critico,62083.0
0514710000000000010208,Carepa,0.82,bien_conectado,392.0
0514710000000000010210,Carepa,0.88,bien_conectado,645.0
0514710000000000010222,Carepa,0.82,bien_conectado,425.0
0514710000000000020709,Carepa,0.8275,bien_conectado,315.0
0549020090200800010117,Necoclí,0.0875,aislado_critico,48941.0
0549010000000000010129,Necoclí,0.2775,aislado_critico,37063.0
0549010000000000010332,Necoclí,0.2775,aislado_critico,37213.0
0549010000000000010601,Necoclí,0.1975,aislado_critico,39741.0
0549010000000000010612,Necoclí,0.2375,aislado_critico,38873.0
0549010000000000010912,Necoclí,0.1975,aislado_critico,38417.0
0549020090200800010118,Necoclí,0.0875,aislado_critico,48891.0
0549020040400900010114,Necoclí,0.1075,aislado_critico,49353.0
0549020050401800010101,Necoclí,0.1975,aislado_critico,41411.0
0566510000000000010630,San Pedro de Urabá,0.515,semi_aislado,23594.0
0566510000000000010663,San Pedro de Urabá,0.4775,semi_aislado,23891.0
0566510000000000010868,San Pedro de Urabá,0.44,semi_aislado,24186.0
0583720090700100010504,Turbo,0.7475,conectividad_media,200.0
0583720090700100010608,Turbo,0.83,bien_conectado,224.0
0583720090700100010723,Turbo,0.75,bien_conectado,233.0
0583720090700100020517,Turbo,0.87,bien_conectado,161.0
0583720100700200010122,Turbo,0.5575,conectividad_media,889.0
0583720100700200010123,Turbo,0.5575,conectividad_media,867.0
0583720100700200010402,Turbo,0.6775,conectividad_media,1204.0
0583720100700200020110,Turbo,0.6375,conectividad_media,1018.0
0583720100700200020415,Turbo,0.6775,conectividad_media,1271.0
0583720100400800010202,Turbo,0.6775,conectividad_media,337.0
0583720100400800010413,Turbo,0.6775,conectividad_media,70.0
0583720090103900010106,Turbo,0.2875,aislado_critico,4308.0
0514710000000000010304,Carepa,0.86,bien_conectado,210.0
0514710000000000010409,Carepa,0.87,bien_conectado,437.0
0514710000000000010620,Carepa,0.7,conectividad_media,63.0
0514710000000000030214,Carepa,0.8375,bien_conectado,852.0
0514720011001000010121,Carepa,0.5375,semi_aislado,2766.0
0517210000000000010101,Chigorodó,0.5275,semi_aislado,468.0
0517210000000000010125,Chigorodó,0.5275,semi_aislado,497.0
0517210000000000010319,Chigorodó,0.4975,semi_aislado,888.0
0517210000000000010513,Chigorodó,0.6275,conectividad_media,371.0
0517210000000000020217,Chigorodó,0.5575,conectividad_media,1018.0
0517210000000000050306,Chigorodó,0.6275,conectividad_media,176.0
0517210000000000050310,Chigorodó,0.6275,conectividad_media,291.0
0517210000000000060107,Chigorodó,0.5975,conectividad_media,716.0
0517210000000000060804,Chigorodó,0.5975,conectividad_media,1317.0
0517210000000000060926,Chigorodó,0.4575,semi_aislado,1707.0
0583720110201800010103,Turbo,0.1975,aislado_critico,181.0
0583720110201800010123,Turbo,0.1975,aislado_critico,122.0
0583720110201800010320,Turbo,0.1975,aislado_critico,304.0
0504520050300100010111,Apartadó,0.4275,semi_aislado,53.0
0504520010101400010105,Apartadó,0.4275,semi_aislado,110.0
0505120030101100010130,Arboletes,0.0875,aislado_critico,62417.0
0505110000000000010121,Arboletes,0.475,semi_aislado,84650.0
0505110000000000010520,Arboletes,0.475,semi_aislado,84377.0
0505110000000000011012,Arboletes,0.4375,semi_aislado,84099.0
0505110000000000011044,Arboletes,0.4375,semi_aislado,83936.0
0505110000000000011105,Arboletes,0.4,semi_aislado,83785.0
0505120030200800010104,Arboletes,0.0875,aislado_critico,57525.0
0505120030200900010115,Arboletes,0.0875,aislado_critico,57956.0
0514710000000000030625,Carepa,0.7875,bien_conectado,436.0
0514710000000000010320,Carepa,0.86,bien_conectado,207.0
0514710000000000010808,Carepa,0.87,bien_conectado,400.0
0514710000000000020220,Carepa,0.6,conectividad_media,49.0
0514710000000000020417,Carepa,0.7875,bien_conectado,282.0
0514710000000000030411,Carepa,0.8375,bien_conectado,827.0
0517220060601500010106,Chigorodó,0.3875,semi_aislado,2499.0
0549010000000000010117,Necoclí,0.2775,aislado_critico,36447.0
0549010000000000010918,Necoclí,0.1975,aislado_critico,38313.0
0549020030300200010214,Necoclí,0.0875,aislado_critico,59368.0
0549020120300300010118,Necoclí,0.2775,aislado_critico,34384.0
0565920010100100010124,San Juan de Urabá,0.0875,aislado_critico,70978.0
0565920010100500010114,San Juan de Urabá,0.0875,aislado_critico,68023.0
0566510000000000010202,San Pedro de Urabá,0.515,semi_aislado,23522.0
0566510000000000010329,San Pedro de Urabá,0.4375,semi_aislado,23172.0
0566510000000000010548,San Pedro de Urabá,0.4775,semi_aislado,23760.0
0566510000000000010811,San Pedro de Urabá,0.515,semi_aislado,23435.0
0566510000000000010844,San Pedro de Urabá,0.4775,semi_aislado,23829.0
0566520040200200010108,San Pedro de Urabá,0.2775,aislado_critico,38629.0
0583720090700100010506,Turbo,0.7875,bien_conectado,194.0
0583720090700100010615,Turbo,0.83,bien_conectado,148.0
0583720090700100020126,Turbo,0.87,bien_conectado,103.0
0583720090700100020359,Turbo,0.71,conectividad_media,306.0
0583720090700100020430,Turbo,0.83,bien_conectado,5.0
0583720100700200010105,Turbo,0.5975,conectividad_media,858.0
0583720100700200010201,Turbo,0.6775,conectividad_media,1036.0
0583720100700200010414,Turbo,0.5975,conectividad_media,1311.0
0583720100700200020115,Turbo,0.7175,conectividad_media,1114.0
0583720100700200020120,Turbo,0.6775,conectividad_media,1004.0
0583720100700200020304,Turbo,0.5975,conectividad_media,1421.0
0583720100700200020320,Turbo,0.6375,conectividad_media,1271.0
0583720070201200010109,Turbo,0.2775,aislado_critico,10912.0
0583720230401400010105,Turbo,0.1975,aislado_critico,201.0
0583720090102700010110,Turbo,0.4175,semi_aislado,2815.0
0504520020300900010311,Apartadó,0.4875,semi_aislado,2474.0
0504520010301100010207,Apartadó,0.74,conectividad_media,67.0
0505110000000000010338,Arboletes,0.4375,semi_aislado,83919.0
0505110000000000011127,Arboletes,0.36,semi_aislado,83496.0
0505120030200900010104,Arboletes,0.0875,aislado_critico,57991.0
0549010000000000010810,Necoclí,0.2375,aislado_critico,38166.0
0549010000000000010817,Necoclí,0.2375,aislado_critico,38200.0
0549020030300200010223,Necoclí,0.0875,aislado_critico,59202.0
0549020120801600010104,Necoclí,0.2375,aislado_critico,29059.0
0566510000000000010209,San Pedro de Urabá,0.4775,semi_aislado,23381.0
0566510000000000010358,San Pedro de Urabá,0.44,semi_aislado,22818.0
0566510000000000010411,San Pedro de Urabá,0.4,semi_aislado,23109.0
0566510000000000010540,San Pedro de Urabá,0.4775,semi_aislado,23713.0
0583720090700100010211,Turbo,0.825,bien_conectado,15.0
0583720100700200010121,Turbo,0.5575,conectividad_media,878.0
0583720100700200020134,Turbo,0.5575,conectividad_media,949.0
0583720090302300010101,Turbo,0.74,conectividad_media,236.0
0583720090302300010110,Turbo,0.5775,conectividad_media,91.0
0514710000000000010510,Carepa,0.79,bien_conectado,193.0
0514710000000000020301,Carepa,0.79,bien_conectado,41.0
0514710000000000020525,Carepa,0.8275,bien_conectado,349.0
0514710000000000020805,Carepa,0.6,conectividad_media,449.0
0514710000000000020918,Carepa,0.57,conectividad_media,630.0
0514710000000000030120,Carepa,0.8775,bien_conectado,826.0
0514710000000000030634,Carepa,0.79,bien_conectado,270.0
0514720010700700010130,Carepa,0.2675,aislado_critico,1396.0
0517210000000000010411,Chigorodó,0.6275,conectividad_media,231.0
0517210000000000010501,Chigorodó,0.6275,conectividad_media,369.0
0517210000000000020109,Chigorodó,0.5975,conectividad_media,588.0
0517210000000000020406,Chigorodó,0.5575,conectividad_media,952.0
0517210000000000030202,Chigorodó,0.7075,conectividad_media,184.0
0517210000000000050523,Chigorodó,0.6775,conectividad_media,527.0
0517210000000000060114,Chigorodó,0.6775,conectividad_media,716.0
0517210000000000060302,Chigorodó,0.5975,conectividad_media,870.0
0517210000000000060408,Chigorodó,0.5975,conectividad_media,1025.0
0517210000000000060814,Chigorodó,0.5975,conectividad_media,1370.0
0565910000000000010622,San Juan de Urabá,0.31,aislado_critico,72563.0
0505110000000000010401,Arboletes,0.515,semi_aislado,84579.0
0505110000000000010901,Arboletes,0.475,semi_aislado,84590.0
0549010000000000010228,Necoclí,0.2775,aislado_critico,36672.0
0549020120301000010104,Necoclí,0.2775,aislado_critico,34454.0
0549020120101100010107,Necoclí,0.2775,aislado_critico,32254.0
0549020090501500010106,Necoclí,0.2775,aislado_critico,38973.0
0549020050401800010103,Necoclí,0.1975,aislado_critico,41316.0
0565920010300300010123,San Juan de Urabá,0.1075,aislado_critico,71724.0
0583720090700100010409,Turbo,0.71,conectividad_media,376.0
0583720090700100010415,Turbo,0.71,conectividad_media,354.0
0583720090700100020211,Turbo,0.9075,bien_conectado,204.0
0583720100700200010311,Turbo,0.6375,conectividad_media,1200.0
0583720100700200010513,Turbo,0.6775,conectividad_media,1318.0
0583720100400800010308,Turbo,0.7575,bien_conectado,70.0
0583720020101300010212,Turbo,0.2375,aislado_critico,29891.0
0583720070202000010101,Turbo,0.3675,semi_aislado,3071.0
0583720090102700010111,Turbo,0.4175,semi_aislado,2819.0
0583720090103900010115,Turbo,0.3375,aislado_critico,4138.0
0504520020500200010213,Apartadó,0.5775,conectividad_media,350.0
0504520030101500010110,Apartadó,0.6375,conectividad_media,216.0
0505110000000000011017,Arboletes,0.475,semi_aislado,84172.0
0505110000000000011107,Arboletes,0.36,semi_aislado,83698.0
0505120020500300010119,Arboletes,0.0875,aislado_critico,59371.0
0505120040101000010115,Arboletes,0.0875,aislado_critico,54460.0
0505120030101100010117,Arboletes,0.0875,aislado_critico,62375.0
0514710000000000020219,Carepa,0.6,conectividad_media,314.0
0514720010601300010110,Carepa,0.4775,semi_aislado,810.0
0549010000000000010317,Necoclí,0.2775,aislado_critico,36965.0
0549010000000000010824,Necoclí,0.2375,aislado_critico,38118.0
0549020120600100010129,Necoclí,0.1975,aislado_critico,25433.0
0549020090200800010116,Necoclí,0.0875,aislado_critico,49004.0
0583720050604200010106,Turbo,0.2775,aislado_critico,14971.0
0565920010300300010124,San Juan de Urabá,0.1075,aislado_critico,71741.0
0566510000000000010114,San Pedro de Urabá,0.4775,semi_aislado,23595.0
0566510000000000010214,San Pedro de Urabá,0.475,semi_aislado,23458.0
0566510000000000010537,San Pedro de Urabá,0.515,semi_aislado,23646.0
0566510000000000010561,San Pedro de Urabá,0.4775,semi_aislado,23983.0
0566520040200800010106,San Pedro de Urabá,0.1475,aislado_critico,42384.0
0583720090700100010517,Turbo,0.71,conectividad_media,330.0
0583720090700100010616,Turbo,0.83,bien_conectado,137.0
0583720090700100020418,Turbo,0.87,bien_conectado,38.0
0583720100700200020209,Turbo,0.5975,conectividad_media,1407.0
0583720100700200020417,Turbo,0.6775,conectividad_media,1112.0
0583720090600300010310,Turbo,0.7075,conectividad_media,165.0
0583720100400800010425,Turbo,0.6375,conectividad_media,126.0
0583720080301000010104,Turbo,0.4675,semi_aislado,2951.0
0583720080301000010107,Turbo,0.4675,semi_aislado,2900.0
0583720090402400010110,Turbo,0.7175,conectividad_media,85.0
0514710000000000010405,Carepa,0.91,bien_conectado,339.0
0514710000000000010522,Carepa,0.7,conectividad_media,203.0
0514710000000000020233,Carepa,0.56,conectividad_media,344.0
0514710000000000030520,Carepa,0.8375,bien_conectado,661.0
0517210000000000010413,Chigorodó,0.6275,conectividad_media,262.0
0517210000000000010621,Chigorodó,0.6275,conectividad_media,261.0
0517210000000000020112,Chigorodó,0.6275,conectividad_media,375.0
0517210000000000020211,Chigorodó,0.6275,conectividad_media,371.0
0517210000000000050107,Chigorodó,0.6275,conectividad_media,120.0
0517210000000000060221,Chigorodó,0.6775,conectividad_media,789.0
0517210000000000060319,Chigorodó,0.5575,conectividad_media,981.0
0517210000000000060615,Chigorodó,0.5975,conectividad_media,1073.0
0549020050300500010202,Necoclí,0.1975,aislado_critico,44348.0
0565910000000000010304,San Juan de Urabá,0.515,semi_aislado,73218.0
0566510000000000011022,San Pedro de Urabá,0.31,aislado_critico,24458.0
0583720110201800010303,Turbo,0.1975,aislado_critico,397.0
0583720110201800010318,Turbo,0.1975,aislado_critico,406.0
0514710000000000030104,Carepa,0.84,bien_conectado,800.0
0517210000000000010609,Chigorodó,0.5975,conectividad_media,706.0
0517210000000000010807,Chigorodó,0.4175,semi_aislado,1386.0
0517210000000000060106,Chigorodó,0.6775,conectividad_media,698.0
0517210000000000060516,Chigorodó,0.5975,conectividad_media,1233.0
0517210000000000060905,Chigorodó,0.5975,conectividad_media,1419.0
0565910000000000010418,San Juan de Urabá,0.4375,semi_aislado,73562.0
0549020120100700010104,Necoclí,0.1475,aislado_critico,35225.0
0504520020500200010112,Apartadó,0.5375,semi_aislado,422.0
0504520010301100010106,Apartadó,0.74,conectividad_media,51.0
0504520010101600010103,Apartadó,0.3475,aislado_critico,87.0
0504520010101600010113,Apartadó,0.3475,aislado_critico,95.0
0505110000000000010325,Arboletes,0.4,semi_aislado,83905.0
0505110000000000010535,Arboletes,0.36,semi_aislado,83987.0
0505120030200900010103,Arboletes,0.0875,aislado_critico,58301.0
0505120040101000010111,Arboletes,0.0875,aislado_critico,54165.0
0505120030101100010119,Arboletes,0.0875,aislado_critico,62462.0
0583720100700200010305,Turbo,0.7175,conectividad_media,1116.0
0514710000000000020408,Carepa,0.79,bien_conectado,127.0
0514710000000000010121,Carepa,0.84,bien_conectado,751.0
0514710000000000020718,Carepa,0.79,bien_conectado,286.0
0514710000000000020720,Carepa,0.8275,bien_conectado,420.0
0514710000000000030535,Carepa,0.8375,bien_conectado,611.0
0517220070300300010115,Chigorodó,0.3575,semi_aislado,967.0
0517220100400700010103,Chigorodó,0.3675,semi_aislado,3796.0
0549010000000000010111,Necoclí,0.2375,aislado_critico,37261.0
0549010000000000010425,Necoclí,0.2375,aislado_critico,36704.0
0549020120600100010419,Necoclí,0.2375,aislado_critico,25782.0
0549020120101100010101,Necoclí,0.2375,aislado_critico,32567.0
0565920010200600010109,San Juan de Urabá,0.1075,aislado_critico,69553.0
0566510000000000010119,San Pedro de Urabá,0.4775,semi_aislado,23740.0
0566510000000000010433,San Pedro de Urabá,0.35,semi_aislado,23067.0
0566510000000000010609,San Pedro de Urabá,0.515,semi_aislado,23589.0
0566510000000000010908,San Pedro de Urabá,0.4,semi_aislado,23703.0
0583720100700200020310,Turbo,0.5575,conectividad_media,1432.0
0583720090700100010110,Turbo,0.7875,bien_conectado,47.0
0583720090700100010303,Turbo,0.71,conectividad_media,227.0
0583720090700100010413,Turbo,0.71,conectividad_media,325.0
0583720090700100010602,Turbo,0.8675,bien_conectado,324.0
0583720090700100020366,Turbo,0.71,conectividad_media,308.0
0583720090600300010201,Turbo,0.6275,conectividad_media,117.0
0583720030700600010115,Turbo,0.2775,aislado_critico,15293.0
0583720100400800010102,Turbo,0.6375,conectividad_media,290.0
0583720070201200010119,Turbo,0.2775,aislado_critico,11023.0
0583720070202000010105,Turbo,0.3675,semi_aislado,2701.0
0583720090402400010124,Turbo,0.5975,conectividad_media,204.0
0583720050603700010107,Turbo,0.1075,aislado_critico,13182.0
0504520010301100010221,Apartadó,0.78,bien_conectado,398.0
0504520030101500010109,Apartadó,0.6375,conectividad_media,213.0
0505110000000000010141,Arboletes,0.4375,semi_aislado,84690.0
0505110000000000010811,Arboletes,0.435,semi_aislado,84519.0
0505110000000000011025,Arboletes,0.36,semi_aislado,83784.0
0505110000000000011101,Arboletes,0.4,semi_aislado,83813.0
0514710000000000020103,Carepa,0.7,conectividad_media,41.0
0514710000000000030307,Carepa,0.88,bien_conectado,670.0
0549020090501500010125,Necoclí,0.2775,aislado_critico,38606.0
0549010000000000010230,Necoclí,0.2775,aislado_critico,36593.0
0566510000000000010160,San Pedro de Urabá,0.4775,semi_aislado,23730.0
0566520020300300010108,San Pedro de Urabá,0.0875,aislado_critico,52983.0
0566520010100400010103,San Pedro de Urabá,0.0875,aislado_critico,55161.0
0583720090700100020214,Turbo,0.9075,bien_conectado,216.0
0583720090700100020508,Turbo,0.87,bien_conectado,200.0
0583720050200500010107,Turbo,0.2775,aislado_critico,15410.0
0583720080301000010101,Turbo,0.3675,semi_aislado,3060.0
0514710000000000010601,Carepa,0.79,bien_conectado,146.0
0514710000000000030241,Carepa,0.8,bien_conectado,1031.0
0514710000000000030424,Carepa,0.8375,bien_conectado,559.0
0514720010700700010111,Carepa,0.2675,aislado_critico,1245.0
0514720010700700010124,Carepa,0.2675,aislado_critico,1228.0
0514720011001000010112,Carepa,0.5375,semi_aislado,2844.0
0514720011001000010128,Carepa,0.5375,semi_aislado,2712.0
0514720011001000010132,Carepa,0.5775,conectividad_media,2727.0
0514720011001000010135,Carepa,0.5775,conectividad_media,2664.0
0517210000000000010111,Chigorodó,0.6275,conectividad_media,197.0
0517210000000000010321,Chigorodó,0.4975,semi_aislado,874.0
0517210000000000020311,Chigorodó,0.7075,conectividad_media,450.0
0517210000000000040103,Chigorodó,0.7075,conectividad_media,76.0
0517210000000000050404,Chigorodó,0.6275,conectividad_media,313.0
0517210000000000050517,Chigorodó,0.6275,conectividad_media,494.0
0517210000000000060104,Chigorodó,0.6775,conectividad_media,663.0
0517210000000000060109,Chigorodó,0.5975,conectividad_media,781.0
0517210000000000060315,Chigorodó,0.5975,conectividad_media,984.0
0517210000000000060411,Chigorodó,0.5975,conectividad_media,1037.0
0517210000000000060825,Chigorodó,0.5575,conectividad_media,1376.0
0517210000000000061018,Chigorodó,0.5575,conectividad_media,1374.0
0565910000000000010129,San Juan de Urabá,0.4,semi_aislado,72942.0
0566510000000000010664,San Pedro de Urabá,0.4375,semi_aislado,23847.0
0566510000000000010863,San Pedro de Urabá,0.44,semi_aislado,23949.0
0549020040400900010117,Necoclí,0.1075,aislado_critico,49249.0
0505110000000000010313,Arboletes,0.475,semi_aislado,84204.0
0549010000000000010704,Necoclí,0.2375,aislado_critico,38019.0
0549020120300300010136,Necoclí,0.2375,aislado_critico,34667.0
0583720090700100010406,Turbo,0.71,conectividad_media,287.0
0583720100700200010115,Turbo,0.6775,conectividad_media,1032.0
0583720100700200010410,Turbo,0.5975,conectividad_media,1328.0
0504520020500200010207,Apartadó,0.5775,conectividad_media,306.0
0504520010101400010102,Apartadó,0.4275,semi_aislado,97.0
0505110000000000010129,Arboletes,0.475,semi_aislado,84667.0
0505110000000000010332,Arboletes,0.4375,semi_aislado,84037.0
0505120060400100010112,Arboletes,0.0875,aislado_critico,62005.0
0505120030200800010109,Arboletes,0.0875,aislado_critico,57370.0
0514710000000000010203,Carepa,0.78,bien_conectado,244.0
0514710000000000020403,Carepa,0.7875,bien_conectado,307.0
0514710000000000020518,Carepa,0.8375,bien_conectado,614.0
0514710000000000030531,Carepa,0.8375,bien_conectado,731.0
0514710000000000030542,Carepa,0.8375,bien_conectado,533.0
0514710000000000030640,Carepa,0.75,bien_conectado,397.0
0549020120600600010103,Necoclí,0.2375,aislado_critico,30399.0
0549020120600100010122,Necoclí,0.2375,aislado_critico,25484.0
0549020030300200010106,Necoclí,0.0875,aislado_critico,59563.0
0549020050300500010215,Necoclí,0.1975,aislado_critico,44144.0
0549020120100700010103,Necoclí,0.1475,aislado_critico,35268.0
0549020120301000010110,Necoclí,0.2775,aislado_critico,34336.0
0549020120801600010108,Necoclí,0.2375,aislado_critico,28992.0
0565920010300300010113,San Juan de Urabá,0.1075,aislado_critico,71547.0
0565920010300300010135,San Juan de Urabá,0.1075,aislado_critico,71581.0
0565920010100500010113,San Juan de Urabá,0.0875,aislado_critico,68026.0
0566510000000000010415,San Pedro de Urabá,0.4,semi_aislado,23120.0
0583720090700100010108,Turbo,0.7875,bien_conectado,71.0
0583720090700100020123,Turbo,0.9475,bien_conectado,237.0
0583720090700100020340,Turbo,0.71,conectividad_media,242.0
0583720090700100020510,Turbo,0.91,bien_conectado,141.0
0583720100700200010406,Turbo,0.5975,conectividad_media,1214.0
0583720100700200020401,Turbo,0.6775,conectividad_media,1299.0
0583720090600300010339,Turbo,0.6275,conectividad_media,339.0
0583720100400800010210,Turbo,0.7575,bien_conectado,183.0
0583720100400800010310,Turbo,0.6775,conectividad_media,34.0
0583720090602600010122,Turbo,0.6775,conectividad_media,77.0
0514710000000000010129,Carepa,0.84,bien_conectado,727.0
0514710000000000010326,Carepa,0.86,bien_conectado,268.0
0514710000000000020224,Carepa,0.6,conectividad_media,133.0
0514710000000000020524,Carepa,0.8275,bien_conectado,311.0
0514710000000000020721,Carepa,0.79,bien_conectado,185.0
0514710000000000030212,Carepa,0.8,bien_conectado,1032.0
0514710000000000030308,Carepa,0.8775,bien_conectado,551.0
0514710000000000030310,Carepa,0.7875,bien_conectado,431.0
0514710000000000030402,Carepa,0.875,bien_conectado,621.0
0514720011001000010106,Carepa,0.5375,semi_aislado,2899.0
0517210000000000010109,Chigorodó,0.6275,conectividad_media,463.0
0517210000000000010126,Chigorodó,0.4975,semi_aislado,545.0
0517210000000000010304,Chigorodó,0.5975,conectividad_media,580.0
0517210000000000020102,Chigorodó,0.6275,conectividad_media,473.0
0517210000000000020103,Chigorodó,0.5975,conectividad_media,541.0
0517210000000000020110,Chigorodó,0.5975,conectividad_media,518.0
0517210000000000020336,Chigorodó,0.5975,conectividad_media,846.0
0517210000000000020502,Chigorodó,0.5975,conectividad_media,1356.0
0517210000000000020510,Chigorodó,0.4575,semi_aislado,1543.0
0517210000000000030115,Chigorodó,0.7075,conectividad_media,115.0
0517210000000000030208,Chigorodó,0.7075,conectividad_media,140.0
0517210000000000060216,Chigorodó,0.5975,conectividad_media,899.0
0517210000000000060614,Chigorodó,0.5975,conectividad_media,1026.0
0517210000000000060714,Chigorodó,0.5975,conectividad_media,1244.0
0565910000000000010513,San Juan de Urabá,0.515,semi_aislado,73879.0
0565910000000000010145,San Juan de Urabá,0.36,semi_aislado,72901.0
0565910000000000010411,San Juan de Urabá,0.4775,semi_aislado,73344.0
0583720110201800010209,Turbo,0.2375,aislado_critico,127.0
0583720110201800010332,Turbo,0.1975,aislado_critico,150.0
0505120060400100010103,Arboletes,0.0875,aislado_critico,62104.0
0504520020300900010211,Apartadó,0.5675,conectividad_media,2576.0
0504520010301100010212,Apartadó,0.7,conectividad_media,223.0
0504520010301100010230,Apartadó,0.78,bien_conectado,466.0
0505120030101100010113,Arboletes,0.0875,aislado_critico,62578.0
0514710000000000010114,Carepa,0.88,bien_conectado,701.0
0514710000000000010305,Carepa,0.82,bien_conectado,374.0
0517220070300300010105,Chigorodó,0.3175,aislado_critico,1004.0
0549010000000000010203,Necoclí,0.2775,aislado_critico,36601.0
0549010000000000010818,Necoclí,0.2375,aislado_critico,38208.0
0549020120600100010112,Necoclí,0.2375,aislado_critico,25659.0
0549020120600100010118,Necoclí,0.2375,aislado_critico,25485.0
0549020030300200010225,Necoclí,0.0875,aislado_critico,59496.0
0549020050300500010103,Necoclí,0.1975,aislado_critico,44420.0
0549020120301300010104,Necoclí,0.2375,aislado_critico,37836.0
0566510000000000010401,San Pedro de Urabá,0.44,semi_aislado,23371.0
0566520040200800010103,San Pedro de Urabá,0.1475,aislado_critico,42433.0
0583720090700100020222,Turbo,0.865,bien_conectado,102.0
0583720090700100020353,Turbo,0.71,conectividad_media,241.0
0583720090700100020365,Turbo,0.66,conectividad_media,96.0
0583720090700100020507,Turbo,0.87,bien_conectado,123.0
0583720100700200020516,Turbo,0.6375,conectividad_media,1127.0
0583720090600300010346,Turbo,0.5475,semi_aislado,101.0
0583720050200500010123,Turbo,0.2775,aislado_critico,15471.0
0583720090402400010107,Turbo,0.7175,conectividad_media,68.0
0583720050603700010109,Turbo,0.1075,aislado_critico,13099.0
0504520010101400010110,Apartadó,0.4275,semi_aislado,100.0
0514710000000000020202,Carepa,0.6,conectividad_media,189.0
0514710000000000020713,Carepa,0.8275,bien_conectado,426.0
0514710000000000030236,Carepa,0.8375,bien_conectado,934.0
0549010000000000010404,Necoclí,0.2775,aislado_critico,36752.0
0549020030300200010212,Necoclí,0.0875,aislado_critico,59422.0
0549020120100700010101,Necoclí,0.1475,aislado_critico,35255.0
0565910000000000010416,San Juan de Urabá,0.4375,semi_aislado,73644.0
0565920010100500010106,San Juan de Urabá,0.0875,aislado_critico,68194.0
0565920010100500010109,San Juan de Urabá,0.0875,aislado_critico,68141.0
0566510000000000010823,San Pedro de Urabá,0.4775,semi_aislado,23929.0
0566520040200800010102,San Pedro de Urabá,0.1475,aislado_critico,42388.0
0583720090700100010310,Turbo,0.825,bien_conectado,123.0
0583720090700100010315,Turbo,0.71,conectividad_media,158.0
0583720090700100020330,Turbo,0.66,conectividad_media,81.0
0583720100700200010521,Turbo,0.7175,conectividad_media,1193.0
0583720100700200020111,Turbo,0.6375,conectividad_media,964.0
0583720100700200020322,Turbo,0.6375,conectividad_media,1342.0
0583720240400900010101,Turbo,0.3675,semi_aislado,59.0
0583720090103900010109,Turbo,0.3375,aislado_critico,4227.0
0514710000000000010403,Carepa,0.91,bien_conectado,380.0
0514710000000000020212,Carepa,0.6,conectividad_media,265.0
0514710000000000030215,Carepa,0.8775,bien_conectado,814.0
0514710000000000030533,Carepa,0.915,bien_conectado,704.0
0514720010700700010104,Carepa,0.2675,aislado_critico,1308.0
0517210000000000010309,Chigorodó,0.4975,semi_aislado,851.0
0517210000000000010408,Chigorodó,0.6275,conectividad_media,222.0
0517210000000000010508,Chigorodó,0.5975,conectividad_media,566.0
0517210000000000020413,Chigorodó,0.5575,conectividad_media,1096.0
0517210000000000020414,Chigorodó,0.5575,conectividad_media,1138.0
0517210000000000030110,Chigorodó,0.6275,conectividad_media,51.0
0517210000000000050103,Chigorodó,0.7075,conectividad_media,157.0
0517210000000000050503,Chigorodó,0.7075,conectividad_media,354.0
0517210000000000050507,Chigorodó,0.6275,conectividad_media,419.0
0517210000000000060521,Chigorodó,0.5975,conectividad_media,1257.0
0565910000000000010114,San Juan de Urabá,0.515,semi_aislado,72722.0
0566510000000000010911,San Pedro de Urabá,0.44,semi_aislado,23972.0
0566510000000000011013,San Pedro de Urabá,0.35,semi_aislado,24058.0
0583720110201800010113,Turbo,0.1975,aislado_critico,378.0
0514710000000000020111,Carepa,0.79,bien_conectado,202.0
0514710000000000030316,Carepa,0.84,bien_conectado,613.0
0549020030300200010109,Necoclí,0.0875,aislado_critico,59575.0
0549020120801600010105,Necoclí,0.2375,aislado_critico,29053.0
0566510000000000011001,San Pedro de Urabá,0.31,aislado_critico,24082.0
0583720090700100020419,Turbo,0.87,bien_conectado,60.0
0583720070201200010118,Turbo,0.2775,aislado_critico,10977.0
0514710000000000010713,Carepa,0.79,bien_conectado,218.0
0514710000000000010709,Carepa,0.79,bien_conectado,150.0
0514710000000000020508,Carepa,0.8275,bien_conectado,440.0
0514710000000000020515,Carepa,0.875,bien_conectado,583.0
0514710000000000030107,Carepa,0.8775,bien_conectado,766.0
0514710000000000030434,Carepa,0.915,bien_conectado,750.0
0514710000000000030515,Carepa,0.8375,bien_conectado,692.0
0514710000000000030601,Carepa,0.7575,bien_conectado,596.0
0514720010700700010132,Carepa,0.2675,aislado_critico,1436.0
0514720011001000010114,Carepa,0.5375,semi_aislado,2735.0
0517210000000000010406,Chigorodó,0.6275,conectividad_media,304.0
0517210000000000010623,Chigorodó,0.5575,conectividad_media,834.0
0517210000000000020229,Chigorodó,0.5975,conectividad_media,1340.0
0517210000000000050518,Chigorodó,0.7075,conectividad_media,416.0
0517210000000000060108,Chigorodó,0.5975,conectividad_media,744.0
0549020030200400010126,Necoclí,0.0875,aislado_critico,64588.0
0565910000000000010119,San Juan de Urabá,0.4,semi_aislado,72367.0
0565910000000000010301,San Juan de Urabá,0.4775,semi_aislado,73270.0
0565910000000000010702,San Juan de Urabá,0.4,semi_aislado,72817.0
0566510000000000010204,San Pedro de Urabá,0.4775,semi_aislado,23364.0
0566510000000000020116,San Pedro de Urabá,0.4,semi_aislado,23076.0
0566510000000000030106,San Pedro de Urabá,0.4375,semi_aislado,23055.0
0583720110201800010321,Turbo,0.1975,aislado_critico,317.0
0549010000000000010318,Necoclí,0.2775,aislado_critico,36889.0
0549020120600600010109,Necoclí,0.2775,aislado_critico,30406.0
0583720090700100010702,Turbo,0.71,conectividad_media,132.0
0583720100400800010101,Turbo,0.6375,conectividad_media,324.0
0505110000000000010127,Arboletes,0.475,semi_aislado,84772.0
0504520020500200010205,Apartadó,0.5775,conectividad_media,328.0
0504520020300900010108,Apartadó,0.6075,conectividad_media,2371.0
0504520020300900010124,Apartadó,0.6475,conectividad_media,2437.0
0505110000000000010701,Arboletes,0.4375,semi_aislado,84354.0
0505110000000000010917,Arboletes,0.435,semi_aislado,84695.0
0505110000000000011110,Arboletes,0.4,semi_aislado,83723.0
0505120050401400010113,Arboletes,0.2775,aislado_critico,45076.0
0514710000000000010518,Carepa,0.79,bien_conectado,347.0
0514710000000000020413,Carepa,0.79,bien_conectado,107.0
0549010000000000010109,Necoclí,0.2775,aislado_critico,36569.0
0549010000000000010320,Necoclí,0.2775,aislado_critico,36852.0
0549010000000000010331,Necoclí,0.2775,aislado_critico,37192.0
0549010000000000010333,Necoclí,0.2775,aislado_critico,36985.0
0549010000000000010433,Necoclí,0.2775,aislado_critico,36571.0
0549010000000000010710,Necoclí,0.2775,aislado_critico,37955.0
0549010000000000010917,Necoclí,0.1975,aislado_critico,38317.0
0549020120600100010418,Necoclí,0.2375,aislado_critico,25783.0
0549020030300200010101,Necoclí,0.0875,aislado_critico,60014.0
0549020120300300010124,Necoclí,0.2775,aislado_critico,34792.0
0565920010100100010121,San Juan de Urabá,0.0875,aislado_critico,70431.0
0566510000000000010314,San Pedro de Urabá,0.4775,semi_aislado,23342.0
0566510000000000010432,San Pedro de Urabá,0.31,aislado_critico,22944.0
0566510000000000010846,San Pedro de Urabá,0.44,semi_aislado,24142.0
0583720090700100010129,Turbo,0.7475,conectividad_media,173.0
0583720090700100010717,Turbo,0.74,conectividad_media,151.0
0583720100700200020323,Turbo,0.6375,conectividad_media,1195.0
0583720090600300010103,Turbo,0.7075,conectividad_media,136.0
0583720050200500010116,Turbo,0.2775,aislado_critico,15294.0
0583720100400800010305,Turbo,0.7575,bien_conectado,187.0
0583720100400800010306,Turbo,0.7975,bien_conectado,153.0
0583720090402400010117,Turbo,0.6775,conectividad_media,32.0
0583720220103600010101,Turbo,0.1675,aislado_critico,1723.0
0505120030200900010114,Arboletes,0.0875,aislado_critico,57902.0
0514710000000000010812,Carepa,0.87,bien_conectado,455.0
0517220070300300010102,Chigorodó,0.3175,aislado_critico,1042.0
0549010000000000010715,Necoclí,0.2775,aislado_critico,37778.0
0549020030300200010222,Necoclí,0.0875,aislado_critico,59242.0
0549020050300500010216,Necoclí,0.1975,aislado_critico,44273.0
0549020090200800010112,Necoclí,0.0875,aislado_critico,49128.0
0549020040400900010106,Necoclí,0.0875,aislado_critico,49525.0
0583720090700100010131,Turbo,0.71,conectividad_media,64.0
0566510000000000010504,San Pedro de Urabá,0.4775,semi_aislado,23598.0
0583720090700100010215,Turbo,0.71,conectividad_media,124.0
0583720100400800010208,Turbo,0.7575,bien_conectado,212.0
0583720070201200010113,Turbo,0.2775,aislado_critico,10956.0
0504520010301100010220,Apartadó,0.78,bien_conectado,307.0
0514710000000000030641,Carepa,0.75,bien_conectado,388.0
0504520020300900010103,Apartadó,0.6075,conectividad_media,2281.0
0505110000000000010909,Arboletes,0.435,semi_aislado,84654.0
0505110000000000011018,Arboletes,0.4375,semi_aislado,84108.0
0505120040101000010102,Arboletes,0.0875,aislado_critico,54388.0
0514710000000000020517,Carepa,0.875,bien_conectado,597.0
0514710000000000030432,Carepa,0.875,bien_conectado,613.0
0549010000000000010127,Necoclí,0.2775,aislado_critico,37158.0
0549010000000000010316,Necoclí,0.2775,aislado_critico,36949.0
0549020120600100010306,Necoclí,0.1975,aislado_critico,25791.0
0549020030300200010217,Necoclí,0.0875,aislado_critico,59295.0
0549020090200800010120,Necoclí,0.0875,aislado_critico,48996.0
0549020040400900010112,Necoclí,0.1075,aislado_critico,49245.0
0549020090201200010105,Necoclí,0.0875,aislado_critico,48856.0
0549020090201200010109,Necoclí,0.0875,aislado_critico,48748.0
0549020120301300010102,Necoclí,0.2375,aislado_critico,37861.0
0566510000000000010547,San Pedro de Urabá,0.4775,semi_aislado,23855.0
0566510000000000010565,San Pedro de Urabá,0.4775,semi_aislado,23841.0
0566520040200800010107,San Pedro de Urabá,0.1475,aislado_critico,42341.0
0583720090700100020518,Turbo,0.87,bien_conectado,97.0
0583720100700200010119,Turbo,0.5575,conectividad_media,844.0
0583720100700200010509,Turbo,0.6775,conectividad_media,1290.0
0583720050200500010119,Turbo,0.2375,aislado_critico,15371.0
0583720100400800010103,Turbo,0.6375,conectividad_media,267.0
0583720100400800010423,Turbo,0.6375,conectividad_media,107.0
0583720080301000010124,Turbo,0.4275,semi_aislado,2657.0
0583720070201200010114,Turbo,0.2775,aislado_critico,10881.0
0583720030802900010120,Turbo,0.2775,aislado_critico,9902.0
0583720090103900010105,Turbo,0.3375,aislado_critico,4314.0
0514720011001000010102,Carepa,0.5375,semi_aislado,2926.0
0514710000000000010133,Carepa,0.67,conectividad_media,769.0
0514710000000000010135,Carepa,0.88,bien_conectado,685.0
0514710000000000010415,Carepa,0.91,bien_conectado,322.0
0514710000000000010708,Carepa,0.79,bien_conectado,177.0
0514710000000000010720,Carepa,0.79,bien_conectado,216.0
0514710000000000020121,Carepa,0.7,conectividad_media,44.0
0514710000000000020231,Carepa,0.56,conectividad_media,296.0
0514710000000000020241,Carepa,0.6,conectividad_media,151.0
0514710000000000020526,Carepa,0.8275,bien_conectado,312.0
0514710000000000030313,Carepa,0.8775,bien_conectado,597.0
0514710000000000030315,Carepa,0.87,bien_conectado,487.0
0514710000000000030538,Carepa,0.8375,bien_conectado,535.0
0514710000000000030635,Carepa,0.75,bien_conectado,263.0
0514720010700700010103,Carepa,0.2675,aislado_critico,1216.0
0514720011001000010116,Carepa,0.5375,semi_aislado,2857.0
0517210000000000010536,Chigorodó,0.5975,conectividad_media,942.0
0517210000000000010205,Chigorodó,0.4975,semi_aislado,771.0
0517210000000000010312,Chigorodó,0.5975,conectividad_media,659.0
0517210000000000010317,Chigorodó,0.6275,conectividad_media,479.0
0517210000000000010409,Chigorodó,0.6275,conectividad_media,328.0
0517210000000000010620,Chigorodó,0.6275,conectividad_media,397.0
0517210000000000010708,Chigorodó,0.4575,semi_aislado,1009.0
0517210000000000020215,Chigorodó,0.5575,conectividad_media,934.0
0517210000000000020316,Chigorodó,0.6775,conectividad_media,691.0
0517210000000000030107,Chigorodó,0.6275,conectividad_media,51.0
0517210000000000050303,Chigorodó,0.6275,conectividad_media,257.0
0517210000000000060202,Chigorodó,0.6775,conectividad_media,752.0
0517210000000000060304,Chigorodó,0.6775,conectividad_media,832.0
0517210000000000060427,Chigorodó,0.5975,conectividad_media,1231.0
0517210000000000060509,Chigorodó,0.5975,conectividad_media,1068.0
0517210000000000060629,Chigorodó,0.5975,conectividad_media,876.0
0517210000000000060735,Chigorodó,0.5975,conectividad_media,1036.0
0517210000000000060936,Chigorodó,0.4575,semi_aislado,1795.0
0565910000000000010123,San Juan de Urabá,0.36,semi_aislado,72940.0
0565910000000000010512,San Juan de Urabá,0.515,semi_aislado,73904.0
0565910000000000010606,San Juan de Urabá,0.36,semi_aislado,72667.0
0566510000000000030107,San Pedro de Urabá,0.4375,semi_aislado,23042.0
0549020050300500010207,Necoclí,0.1975,aislado_critico,44186.0
0504520010101600010101,Apartadó,0.3475,aislado_critico,12.0
0504520020500200010116,Apartadó,0.5375,semi_aislado,447.0
0504520020300300010103,Apartadó,0.7975,bien_conectado,30.0
0504520020300900010309,Apartadó,0.6075,conectividad_media,2468.0
0505110000000000010513,Arboletes,0.475,semi_aislado,84254.0
0505110000000000010545,Arboletes,0.3975,semi_aislado,84065.0
0505120030200900010118,Arboletes,0.0875,aislado_critico,58213.0
0514710000000000020208,Carepa,0.6,conectividad_media,270.0
0514710000000000030611,Carepa,0.7875,bien_conectado,391.0
0514720010601300010104,Carepa,0.4775,semi_aislado,715.0
0583720090700100020344,Turbo,0.71,conectividad_media,284.0
0549010000000000010407,Necoclí,0.2775,aislado_critico,36609.0
0549010000000000010434,Necoclí,0.2775,aislado_critico,36505.0
0549020120600100010406,Necoclí,0.2375,aislado_critico,25840.0
0566510000000000010409,San Pedro de Urabá,0.4,semi_aislado,23204.0
0566510000000000010869,San Pedro de Urabá,0.515,semi_aislado,23419.0
0583720090700100010322,Turbo,0.71,conectividad_media,346.0
0583720090700100010607,Turbo,0.83,bien_conectado,216.0
0583720100700200010107,Turbo,0.6775,conectividad_media,933.0
0583720100700200010120,Turbo,0.5575,conectividad_media,846.0
0583720100700200010214,Turbo,0.6775,conectividad_media,1110.0
0583720090600300010110,Turbo,0.7075,conectividad_media,186.0
0583720090600300010213,Turbo,0.6275,conectividad_media,57.0
0583720100400800010414,Turbo,0.6775,conectividad_media,64.0
0583720100400800010416,Turbo,0.6375,conectividad_media,56.0
0504520020300900010227,Apartadó,0.5675,conectividad_media,2582.0
0505120030101100010123,Arboletes,0.0875,aislado_critico,62828.0
0505120050401400010104,Arboletes,0.2775,aislado_critico,45101.0
0549010000000000010114,Necoclí,0.2775,aislado_critico,36849.0
0549010000000000010908,Necoclí,0.1975,aislado_critico,38398.0
0549020120600100010230,Necoclí,0.2375,aislado_critico,25742.0
0549020120300300010113,Necoclí,0.2375,aislado_critico,34713.0
0549020120101100010104,Necoclí,0.2775,aislado_critico,32454.0
0565920010100500010105,San Juan de Urabá,0.0875,aislado_critico,68247.0
0566510000000000010424,San Pedro de Urabá,0.35,semi_aislado,23189.0
0566510000000000011009,San Pedro de Urabá,0.35,semi_aislado,24273.0
0566520040200200010104,San Pedro de Urabá,0.2775,aislado_critico,38946.0
0583720090700100010223,Turbo,0.7875,bien_conectado,53.0
0583720090700100020112,Turbo,0.9475,bien_conectado,337.0
0583720090700100020361,Turbo,0.75,bien_conectado,3.0
0583720100700200010416,Turbo,0.6775,conectividad_media,1305.0
0583720100700200020113,Turbo,0.6375,conectividad_media,1039.0
0583720090600300010101,Turbo,0.7075,conectividad_media,92.0
0583720100400800010207,Turbo,0.7575,bien_conectado,234.0
0583720070201200010110,Turbo,0.2775,aislado_critico,10845.0
0583720090603100010107,Turbo,0.5975,conectividad_media,102.0
0514710000000000010328,Carepa,0.86,bien_conectado,201.0
0514710000000000020522,Carepa,0.8275,bien_conectado,388.0
0514710000000000020917,Carepa,0.57,conectividad_media,526.0
0514710000000000030110,Carepa,0.84,bien_conectado,844.0
0514720011001000010145,Carepa,0.5775,conectividad_media,2643.0
0517210000000000010528,Chigorodó,0.5975,conectividad_media,868.0
0517210000000000010107,Chigorodó,0.5975,conectividad_media,597.0
0517210000000000010410,Chigorodó,0.6275,conectividad_media,298.0
0517210000000000010527,Chigorodó,0.5575,conectividad_media,998.0
0517210000000000020202,Chigorodó,0.6275,conectividad_media,443.0
0517210000000000020410,Chigorodó,0.5575,conectividad_media,1039.0
0517210000000000020508,Chigorodó,0.4575,semi_aislado,1507.0
0517210000000000020513,Chigorodó,0.4575,semi_aislado,1653.0
0517210000000000050307,Chigorodó,0.6275,conectividad_media,256.0
0517210000000000050407,Chigorodó,0.6275,conectividad_media,373.0
0517210000000000050429,Chigorodó,0.6275,conectividad_media,385.0
0517210000000000060113,Chigorodó,0.6775,conectividad_media,729.0
0517210000000000060405,Chigorodó,0.5975,conectividad_media,945.0
0517210000000000060423,Chigorodó,0.5975,conectividad_media,1295.0
0517210000000000060619,Chigorodó,0.5975,conectividad_media,1155.0
0517210000000000061011,Chigorodó,0.5975,conectividad_media,1256.0
0549020050300500010110,Necoclí,0.1975,aislado_critico,44443.0
0565910000000000010307,San Juan de Urabá,0.515,semi_aislado,73299.0
0565910000000000010715,San Juan de Urabá,0.36,semi_aislado,72826.0
0566510000000000011014,San Pedro de Urabá,0.31,aislado_critico,24056.0
0583720110201800010109,Turbo,0.1975,aislado_critico,266.0
0583720110201800010215,Turbo,0.1975,aislado_critico,176.0
0583720110201800010222,Turbo,0.1975,aislado_critico,175.0
0583720110201800010319,Turbo,0.1975,aislado_critico,406.0
0583720110201800010329,Turbo,0.1975,aislado_critico,170.0
0583720090700100020329,Turbo,0.66,conectividad_media,47.0
0583720090600300010115,Turbo,0.7475,conectividad_media,238.0
0583720090402400010104,Turbo,0.6775,conectividad_media,241.0
0583720090700100010512,Turbo,0.7875,bien_conectado,256.0
0504520020300900010122,Apartadó,0.6475,conectividad_media,2565.0
0504520020300900010221,Apartadó,0.5275,semi_aislado,2873.0
0504520020300900010307,Apartadó,0.6075,conectividad_media,2432.0
0504520020300900010316,Apartadó,0.6075,conectividad_media,2505.0
0505110000000000010120,Arboletes,0.4775,semi_aislado,84455.0
0505120030200900010119,Arboletes,0.0875,aislado_critico,58146.0
0505120040101000010118,Arboletes,0.0875,aislado_critico,54291.0
0505120030101100010111,Arboletes,0.0875,aislado_critico,62725.0
0514710000000000010310,Carepa,0.86,bien_conectado,356.0
0514710000000000020608,Carepa,0.8275,bien_conectado,195.0
0514710000000000020619,Carepa,0.8275,bien_conectado,273.0
0514720010601300010107,Carepa,0.4775,semi_aislado,776.0
0583720090602600010116,Turbo,0.6775,conectividad_media,60.0
0549010000000000010105,Necoclí,0.2775,aislado_critico,36493.0
0549010000000000010107,Necoclí,0.2775,aislado_critico,36338.0
0549010000000000010206,Necoclí,0.2775,aislado_critico,36625.0
0549020090200800010106,Necoclí,0.0875,aislado_critico,49111.0
0549020040400900010110,Necoclí,0.1075,aislado_critico,49303.0
0549020120301400010105,Necoclí,0.2775,aislado_critico,35986.0
0566510000000000030105,San Pedro de Urabá,0.4,semi_aislado,22953.0
0565920010300300010101,San Juan de Urabá,0.1075,aislado_critico,71572.0
0566510000000000010745,San Pedro de Urabá,0.44,semi_aislado,23216.0
0566510000000000010805,San Pedro de Urabá,0.4775,semi_aislado,23758.0
0583720090700100010140,Turbo,0.7475,conectividad_media,106.0
0583720090700100010120,Turbo,0.71,conectividad_media,10.0
0583720090700100020105,Turbo,0.945,bien_conectado,152.0
0583720090700100020226,Turbo,0.9075,bien_conectado,216.0
0583720090700100020336,Turbo,0.71,conectividad_media,254.0
0583720090700100020343,Turbo,0.75,bien_conectado,191.0
0583720100700200020109,Turbo,0.6375,conectividad_media,1067.0
0583720090600300010116,Turbo,0.7475,conectividad_media,245.0
0583720050200500010125,Turbo,0.2775,aislado_critico,15441.0
0583720070201200010111,Turbo,0.2775,aislado_critico,10889.0
0583720090302500010107,Turbo,0.4775,semi_aislado,2882.0
0583720030802900010103,Turbo,0.2775,aislado_critico,10328.0
0583720010203800010109,Turbo,0.1575,aislado_critico,21643.0
0514710000000000010413,Carepa,0.88,bien_conectado,516.0
0514710000000000020912,Carepa,0.57,conectividad_media,571.0
0514710000000000030502,Carepa,0.8375,bien_conectado,595.0
0514710000000000030527,Carepa,0.7175,conectividad_media,586.0
0514710000000000030545,Carepa,0.71,conectividad_media,378.0
0514710000000000030637,Carepa,0.75,bien_conectado,245.0
0514720010700700010116,Carepa,0.2675,aislado_critico,1049.0
0514720010700700010123,Carepa,0.2675,aislado_critico,1045.0
0514720011001000010118,Carepa,0.5375,semi_aislado,2829.0
0514720011001000010129,Carepa,0.5775,conectividad_media,2716.0
0517210000000000010618,Chigorodó,0.6275,conectividad_media,477.0
0517210000000000020428,Chigorodó,0.5575,conectividad_media,1083.0
0517210000000000020432,Chigorodó,0.4575,semi_aislado,1340.0
0517210000000000020514,Chigorodó,0.4575,semi_aislado,1706.0
0517210000000000030118,Chigorodó,0.5875,conectividad_media,47.0
0517210000000000050207,Chigorodó,0.7075,conectividad_media,241.0
0517210000000000050305,Chigorodó,0.6275,conectividad_media,113.0
0517210000000000050325,Chigorodó,0.6275,conectividad_media,335.0
0517210000000000050402,Chigorodó,0.6275,conectividad_media,279.0
0517210000000000050529,Chigorodó,0.6775,conectividad_media,543.0
0517210000000000060305,Chigorodó,0.6775,conectividad_media,859.0
0517210000000000060620,Chigorodó,0.5975,conectividad_media,1103.0
0565910000000000010146,San Juan de Urabá,0.4375,semi_aislado,72985.0
0565910000000000010305,San Juan de Urabá,0.515,semi_aislado,73171.0
0565910000000000010617,San Juan de Urabá,0.4,semi_aislado,72666.0
0565910000000000010713,San Juan de Urabá,0.31,aislado_critico,72578.0
0583720110201800010219,Turbo,0.1975,aislado_critico,174.0
0514710000000000010731,Carepa,0.79,bien_conectado,260.0
0514710000000000010810,Carepa,0.87,bien_conectado,451.0
0514710000000000010817,Carepa,0.84,bien_conectado,527.0
0514710000000000030106,Carepa,0.8775,bien_conectado,730.0
0514710000000000030604,Carepa,0.8275,bien_conectado,352.0
0514710000000000030613,Carepa,0.75,bien_conectado,322.0
0517210000000000010401,Chigorodó,0.6275,conectividad_media,242.0
0517210000000000020205,Chigorodó,0.5975,conectividad_media,654.0
0517210000000000020405,Chigorodó,0.5575,conectividad_media,980.0
0517210000000000060219,Chigorodó,0.5975,conectividad_media,1009.0
0517210000000000060303,Chigorodó,0.5975,conectividad_media,848.0
0517210000000000060308,Chigorodó,0.5975,conectividad_media,926.0
0517210000000000060314,Chigorodó,0.5975,conectividad_media,954.0
0517210000000000061002,Chigorodó,0.5975,conectividad_media,1114.0
0549020030200400010132,Necoclí,0.0875,aislado_critico,64010.0
0566510000000000011020,San Pedro de Urabá,0.31,aislado_critico,23885.0
0583720110201800010221,Turbo,0.2375,aislado_critico,94.0
0514710000000000020428,Carepa,0.8275,bien_conectado,286.0
0517210000000000010608,Chigorodó,0.5975,conectividad_media,770.0
0517210000000000060815,Chigorodó,0.5975,conectividad_media,1374.0
0565910000000000010117,San Juan de Urabá,0.4775,semi_aislado,72574.0
0504520020500200010114,Apartadó,0.5075,semi_aislado,519.0
0504520020300300010105,Apartadó,0.6275,conectividad_media,311.0
0504520020300900010107,Apartadó,0.5675,conectividad_media,2402.0
0504520020300900010201,Apartadó,0.5275,semi_aislado,2629.0
0504520020300900010304,Apartadó,0.5675,conectividad_media,2422.0
0505110000000000010308,Arboletes,0.4775,semi_aislado,84217.0
0505110000000000010404,Arboletes,0.515,semi_aislado,84829.0
0505110000000000010808,Arboletes,0.435,semi_aislado,84432.0
0505110000000000010902,Arboletes,0.475,semi_aislado,84635.0
0505110000000000011022,Arboletes,0.4375,semi_aislado,83967.0
0505120030200900010102,Arboletes,0.0875,aislado_critico,58222.0
0505120030200900010109,Arboletes,0.0875,aislado_critico,58009.0
0514710000000000030431,Carepa,0.875,bien_conectado,643.0
0514710000000000030623,Carepa,0.7875,bien_conectado,376.0
0517220100400700010104,Chigorodó,0.3675,semi_aislado,3927.0
0549010000000000010103,Necoclí,0.2775,aislado_critico,36638.0
0549010000000000010328,Necoclí,0.2775,aislado_critico,36982.0
0549010000000000010711,Necoclí,0.2375,aislado_critico,38028.0
0549010000000000010723,Necoclí,0.2775,aislado_critico,37700.0
0549020120600100010134,Necoclí,0.2375,aislado_critico,25611.0
0549020120301000010101,Necoclí,0.2775,aislado_critico,34527.0
0549020090201200010103,Necoclí,0.0875,aislado_critico,48866.0
0583720090600300010331,Turbo,0.7075,conectividad_media,334.0
0566510000000000010217,San Pedro de Urabá,0.4775,semi_aislado,23526.0
0566510000000000010317,San Pedro de Urabá,0.4775,semi_aislado,23047.0
0566510000000000010724,San Pedro de Urabá,0.4775,semi_aislado,23383.0
0566510000000000010818,San Pedro de Urabá,0.4775,semi_aislado,23891.0
0566510000000000010909,San Pedro de Urabá,0.44,semi_aislado,23590.0
0583720090700100010609,Turbo,0.83,bien_conectado,281.0
0583720090700100010611,Turbo,0.75,bien_conectado,277.0
0583720090700100020101,Turbo,0.825,bien_conectado,28.0
0583720100700200010514,Turbo,0.6775,conectividad_media,1342.0
0583720090600300010112,Turbo,0.7075,conectividad_media,120.0
0583720050200500010114,Turbo,0.2775,aislado_critico,15355.0
0583720030700600010114,Turbo,0.2775,aislado_critico,15342.0
0583720020101300010117,Turbo,0.2775,aislado_critico,30087.0
0583720020101300010207,Turbo,0.2775,aislado_critico,30039.0
0583720090602600010114,Turbo,0.6775,conectividad_media,20.0
0583720030802900010105,Turbo,0.2775,aislado_critico,10237.0
0583720030802900010111,Turbo,0.2775,aislado_critico,10080.0
0504520020300900010324,Apartadó,0.4875,semi_aislado,2436.0
0504520010101400010104,Apartadó,0.4275,semi_aislado,70.0
0504520020500200010104,Apartadó,0.5775,conectividad_media,317.0
0504520020300900010106,Apartadó,0.5675,conectividad_media,2376.0
0505110000000000010609,Arboletes,0.36,semi_aislado,83890.0
0549020040400900010132,Necoclí,0.1075,aislado_critico,48757.0
0549020050401800010108,Necoclí,0.1975,aislado_critico,41178.0
0566510000000000010564,San Pedro de Urabá,0.4775,semi_aislado,23910.0
0566510000000000010634,San Pedro de Urabá,0.515,semi_aislado,23659.0
0583720100700200020132,Turbo,0.5575,conectividad_media,970.0
0583720050200500010124,Turbo,0.2775,aislado_critico,15311.0
0583720100400800010304,Turbo,0.7575,bien_conectado,156.0
0583720070202000010106,Turbo,0.3675,semi_aislado,2917.0
0514710000000000010501,Carepa,0.74,conectividad_media,218.0
0514710000000000010504,Carepa,0.79,bien_conectado,277.0
0514710000000000010717,Carepa,0.79,bien_conectado,94.0
0514710000000000020905,Carepa,0.57,conectividad_media,544.0
0514710000000000030233,Carepa,0.8,bien_conectado,988.0
0514710000000000030420,Carepa,0.7575,bien_conectado,513.0
0514710000000000030435,Carepa,0.915,bien_conectado,741.0
0514710000000000030437,Carepa,0.8775,bien_conectado,701.0
0514710000000000030610,Carepa,0.7875,bien_conectado,456.0
0514720011001000010137,Carepa,0.6575,conectividad_media,2643.0
0514720011001000010143,Carepa,0.5375,semi_aislado,2907.0
0517210000000000010301,Chigorodó,0.6275,conectividad_media,375.0
0517210000000000010414,Chigorodó,0.6275,conectividad_media,256.0
0517210000000000020505,Chigorodó,0.4575,semi_aislado,1426.0
0517210000000000030103,Chigorodó,0.6275,conectividad_media,139.0
0517210000000000050211,Chigorodó,0.7075,conectividad_media,249.0
0517210000000000050317,Chigorodó,0.6275,conectividad_media,228.0
0517210000000000050513,Chigorodó,0.6775,conectividad_media,578.0
0517210000000000060934,Chigorodó,0.4575,semi_aislado,1735.0
0517210000000000060507,Chigorodó,0.5975,conectividad_media,1114.0
0517210000000000060935,Chigorodó,0.4575,semi_aislado,1766.0
0549020030200400010129,Necoclí,0.0875,aislado_critico,64089.0
0565910000000000010140,San Juan de Urabá,0.4,semi_aislado,72927.0
0566510000000000020122,San Pedro de Urabá,0.4,semi_aislado,22978.0
0504520020300900010220,Apartadó,0.6075,conectividad_media,2763.0
0504520010301100010105,Apartadó,0.74,conectividad_media,5.0
0504520010301100010108,Apartadó,0.74,conectividad_media,7.0
0504520010301100010213,Apartadó,0.7,conectividad_media,218.0
0504520010101600010117,Apartadó,0.3475,aislado_critico,138.0
0505110000000000010319,Arboletes,0.4375,semi_aislado,84019.0
0505110000000000010344,Arboletes,0.515,semi_aislado,84268.0
0505110000000000010604,Arboletes,0.4375,semi_aislado,84091.0
0505110000000000010905,Arboletes,0.435,semi_aislado,84620.0
0505110000000000011041,Arboletes,0.36,semi_aislado,83765.0
0505120030200800010107,Arboletes,0.0875,aislado_critico,57470.0
0514710000000000020716,Carepa,0.79,bien_conectado,228.0
0514710000000000030511,Carepa,0.8775,bien_conectado,680.0
0514720010601300010106,Carepa,0.4775,semi_aislado,773.0
0517220100400700010112,Chigorodó,0.3675,semi_aislado,4035.0
0549020120600100010308,Necoclí,0.1975,aislado_critico,25828.0
0549010000000000010613,Necoclí,0.2375,aislado_critico,38677.0
0549020120600100010215,Necoclí,0.2375,aislado_critico,25772.0
0549020120300300010125,Necoclí,0.2375,aislado_critico,34509.0
0549020120801600010101,Necoclí,0.2375,aislado_critico,29168.0
0566510000000000010349,San Pedro de Urabá,0.44,semi_aislado,22881.0
0566510000000000010416,San Pedro de Urabá,0.4,semi_aislado,23043.0
0566510000000000010610,San Pedro de Urabá,0.515,semi_aislado,23591.0
0566510000000000010847,San Pedro de Urabá,0.4775,semi_aislado,23801.0
0566510000000000010853,San Pedro de Urabá,0.4,semi_aislado,24337.0
0566520040200200010101,San Pedro de Urabá,0.2375,aislado_critico,39086.0
0583720090700100010513,Turbo,0.7875,bien_conectado,266.0
0583720090700100020403,Turbo,0.83,bien_conectado,87.0
0583720090700100020422,Turbo,0.71,conectividad_media,301.0
0583720100700200010204,Turbo,0.5975,conectividad_media,1041.0
0583720100700200020507,Turbo,0.6375,conectividad_media,1249.0
0583720090600300010208,Turbo,0.7075,conectividad_media,117.0
0583720090600300010309,Turbo,0.7075,conectividad_media,163.0
0583720090600300010328,Turbo,0.6675,conectividad_media,224.0
0583720050200500010108,Turbo,0.2775,aislado_critico,15361.0
0583720100400800010316,Turbo,0.7575,bien_conectado,31.0
0583720020101300010211,Turbo,0.2775,aislado_critico,30038.0
0583720030802900010106,Turbo,0.2775,aislado_critico,10267.0
0583720240204300010102,Turbo,0.1075,aislado_critico,13486.0
0504520010101600010112,Apartadó,0.3475,aislado_critico,38.0
0505110000000000010146,Arboletes,0.4375,semi_aislado,84823.0
0505110000000000011122,Arboletes,0.36,semi_aislado,83535.0
0566510000000000010870,San Pedro de Urabá,0.4775,semi_aislado,23829.0
0566520010100400010114,San Pedro de Urabá,0.0875,aislado_critico,54640.0
0583720090700100020351,Turbo,0.71,conectividad_media,208.0
0583720050202800010106,Turbo,0.2775,aislado_critico,18667.0
0583720030802900010124,Turbo,0.2775,aislado_critico,9807.0
0514710000000000010314,Carepa,0.78,bien_conectado,58.0
0514710000000000010319,Carepa,0.82,bien_conectado,180.0
0514710000000000010728,Carepa,0.79,bien_conectado,221.0
0514710000000000020230,Carepa,0.56,conectividad_media,296.0
0514710000000000030544,Carepa,0.8275,bien_conectado,434.0
0514720011001000010119,Carepa,0.5375,semi_aislado,2819.0
0517210000000000010515,Chigorodó,0.5575,conectividad_media,900.0
0517210000000000020226,Chigorodó,0.5975,conectividad_media,720.0
0517210000000000060122,Chigorodó,0.5975,conectividad_media,811.0
0517210000000000060511,Chigorodó,0.5975,conectividad_media,1149.0
0517210000000000060612,Chigorodó,0.5975,conectividad_media,1041.0
0517210000000000060701,Chigorodó,0.5975,conectividad_media,1236.0
0517210000000000060707,Chigorodó,0.5975,conectividad_media,1094.0
0517210000000000060803,Chigorodó,0.5975,conectividad_media,1346.0
0549020030200400010117,Necoclí,0.0875,aislado_critico,64548.0
0549020030200400010131,Necoclí,0.0875,aislado_critico,64006.0
0565910000000000010135,San Juan de Urabá,0.36,semi_aislado,72988.0
0583720110201800010326,Turbo,0.1975,aislado_critico,227.0
0504520030101500010107,Apartadó,0.6375,conectividad_media,206.0
0504520010101600010115,Apartadó,0.3475,aislado_critico,40.0
0505110000000000010113,Arboletes,0.475,semi_aislado,84572.0
0505110000000000010114,Arboletes,0.475,semi_aislado,84583.0
0505110000000000010521,Arboletes,0.475,semi_aislado,84443.0
0505110000000000010534,Arboletes,0.475,semi_aislado,84308.0
0505110000000000010912,Arboletes,0.435,semi_aislado,84543.0
0505120040101000010119,Arboletes,0.0875,aislado_critico,54045.0
0514710000000000020419,Carepa,0.7875,bien_conectado,359.0
0514710000000000020717,Carepa,0.79,bien_conectado,217.0
0517220060601500010107,Chigorodó,0.3875,semi_aislado,2497.0
0565920010100100010123,San Juan de Urabá,0.0875,aislado_critico,70459.0
0583720100700200010212,Turbo,0.6775,conectividad_media,1114.0
0583720100700200010301,Turbo,0.6775,conectividad_media,1021.0
0583720090700100010302,Turbo,0.71,conectividad_media,295.0
0583720090700100020103,Turbo,0.945,bien_conectado,118.0
0583720090700100020404,Turbo,0.83,bien_conectado,174.0
0583720100700200020106,Turbo,0.7175,conectividad_media,1134.0
0583720100700200020117,Turbo,0.6375,conectividad_media,988.0
0583720100700200020317,Turbo,0.5575,conectividad_media,1362.0
0583720100700200020511,Turbo,0.6375,conectividad_media,1233.0
0583720050200500010106,Turbo,0.2775,aislado_critico,15454.0
0583720100400800010118,Turbo,0.6375,conectividad_media,139.0
0583720240400900010107,Turbo,0.3675,semi_aislado,64.0
0583720090402400010122,Turbo,0.5975,conectividad_media,109.0
0583720090402400010123,Turbo,0.5975,conectividad_media,198.0
0583720050603700010110,Turbo,0.1075,aislado_critico,13059.0
0504520010301100010211,Apartadó,0.7,conectividad_media,137.0
0505110000000000010805,Arboletes,0.475,semi_aislado,84470.0
0505110000000000010911,Arboletes,0.435,semi_aislado,84585.0
0505120060400100010106,Arboletes,0.0875,aislado_critico,62043.0
0505120060400100010110,Arboletes,0.0875,aislado_critico,62040.0
0549010000000000010411,Necoclí,0.2775,aislado_critico,36606.0
0549010000000000010430,Necoclí,0.2775,aislado_critico,36549.0
0549010000000000010812,Necoclí,0.2375,aislado_critico,38175.0
0549020120600100010304,Necoclí,0.1975,aislado_critico,25923.0
0549020090200800010103,Necoclí,0.0875,aislado_critico,49239.0
0549020090200800010119,Necoclí,0.0875,aislado_critico,48946.0
0565920020300400010104,San Juan de Urabá,0.0875,aislado_critico,59598.0
0566510000000000010544,San Pedro de Urabá,0.4775,semi_aislado,23756.0
0566510000000000011017,San Pedro de Urabá,0.31,aislado_critico,23981.0
0566520040200800010109,San Pedro de Urabá,0.1475,aislado_critico,42266.0
0583720090700100010106,Turbo,0.7475,conectividad_media,78.0
0583720090700100010419,Turbo,0.71,conectividad_media,430.0
0583720090700100020109,Turbo,0.9075,bien_conectado,281.0
0583720090700100020224,Turbo,0.8275,bien_conectado,153.0
0583720100700200020517,Turbo,0.6375,conectividad_media,1153.0
0583720100400800010115,Turbo,0.6375,conectividad_media,153.0
0583720230401400010102,Turbo,0.1975,aislado_critico,71.0
0514710000000000010417,Carepa,0.84,bien_conectado,515.0
0514710000000000010822,Carepa,0.87,bien_conectado,368.0
0514710000000000020221,Carepa,0.6,conectividad_media,147.0
0514710000000000030213,Carepa,0.9175,bien_conectado,891.0
0514710000000000030429,Carepa,0.875,bien_conectado,659.0
0517210000000000010127,Chigorodó,0.4975,semi_aislado,614.0
0517210000000000010302,Chigorodó,0.6275,conectividad_media,446.0
0517210000000000010402,Chigorodó,0.6275,conectividad_media,299.0
0517210000000000010407,Chigorodó,0.6275,conectividad_media,314.0
0517210000000000050104,Chigorodó,0.7075,conectividad_media,118.0
0517210000000000050205,Chigorodó,0.6275,conectividad_media,127.0
0517210000000000050212,Chigorodó,0.6275,conectividad_media,32.0
0517210000000000050410,Chigorodó,0.6275,conectividad_media,365.0
0517210000000000050423,Chigorodó,0.7075,conectividad_media,483.0
0517210000000000060120,Chigorodó,0.5975,conectividad_media,871.0
0549020050300500010217,Necoclí,0.1975,aislado_critico,44252.0
0565910000000000010232,San Juan de Urabá,0.4,semi_aislado,72418.0
0566510000000000020121,San Pedro de Urabá,0.4,semi_aislado,23026.0
0583720110201800010117,Turbo,0.1975,aislado_critico,324.0
0517220070300300010111,Chigorodó,0.3575,semi_aislado,936.0
0504520020500200010204,Apartadó,0.5775,conectividad_media,276.0
0504520020500200010117,Apartadó,0.5375,semi_aislado,458.0
0504520010301100010104,Apartadó,0.64,conectividad_media,57.0
0504520010301100010214,Apartadó,0.7,conectividad_media,221.0
0504520010101600010104,Apartadó,0.3475,aislado_critico,124.0
0505120020500300010121,Arboletes,0.0875,aislado_critico,59601.0
0505120040101000010104,Arboletes,0.0875,aislado_critico,54312.0
0505120030101100010106,Arboletes,0.0875,aislado_critico,62699.0
0514710000000000020711,Carepa,0.8275,bien_conectado,369.0
0514710000000000030556,Carepa,0.68,conectividad_media,505.0
0517220070300300010106,Chigorodó,0.3175,aislado_critico,971.0
0549020090200800010115,Necoclí,0.0875,aislado_critico,49033.0
0549010000000000010724,Necoclí,0.2775,aislado_critico,37671.0
0549010000000000010809,Necoclí,0.2375,aislado_critico,38239.0
0549020030300200010105,Necoclí,0.0875,aislado_critico,59897.0
0549020090200800010107,Necoclí,0.0875,aislado_critico,49139.0
0549020120301000010113,Necoclí,0.2775,aislado_critico,34153.0
0549020090501500010105,Necoclí,0.2375,aislado_critico,39073.0
0565910000000000010508,San Juan de Urabá,0.515,semi_aislado,74033.0
0565920010300300010111,San Juan de Urabá,0.1075,aislado_critico,71596.0
0565920010300300010136,San Juan de Urabá,0.1075,aislado_critico,71564.0
0565920010100500010102,San Juan de Urabá,0.0875,aislado_critico,68285.0
0565920010200600010107,San Juan de Urabá,0.1075,aislado_critico,69499.0
0566510000000000010159,San Pedro de Urabá,0.4775,semi_aislado,23802.0
0566510000000000010208,San Pedro de Urabá,0.515,semi_aislado,23456.0
0566510000000000010408,San Pedro de Urabá,0.4,semi_aislado,23206.0
0566520010100400010102,San Pedro de Urabá,0.0875,aislado_critico,55292.0
0566520040200800010116,San Pedro de Urabá,0.1475,aislado_critico,42310.0
0583720090700100010705,Turbo,0.83,bien_conectado,73.0
0583720090700100010713,Turbo,0.71,conectividad_media,40.0
0583720090700100020107,Turbo,0.945,bien_conectado,221.0
0583720090700100020307,Turbo,0.75,bien_conectado,152.0
0583720090700100020438,Turbo,0.66,conectividad_media,238.0
0583720100700200020104,Turbo,0.6775,conectividad_media,1122.0
0583720030700600010108,Turbo,0.2775,aislado_critico,15414.0
0583720100400800010203,Turbo,0.7575,bien_conectado,311.0
0583720100400800010410,Turbo,0.6775,conectividad_media,140.0
0583720080301000010114,Turbo,0.4675,semi_aislado,2837.0
0583720070201200010116,Turbo,0.2775,aislado_critico,10788.0
0583720070202000010103,Turbo,0.3675,semi_aislado,2679.0
0505110000000000010140,Arboletes,0.4375,semi_aislado,84666.0
0505120060600500010102,Arboletes,0.1075,aislado_critico,51547.0
0505120030101100010105,Arboletes,0.0875,aislado_critico,62766.0
0514710000000000030609,Carepa,0.7575,bien_conectado,534.0
0517220060601500010109,Chigorodó,0.3875,semi_aislado,2578.0
0549010000000000010219,Necoclí,0.2775,aislado_critico,36442.0
0549010000000000010605,Necoclí,0.2375,aislado_critico,39760.0
0549020120600100010126,Necoclí,0.2375,aislado_critico,25616.0
0565920010300300010118,San Juan de Urabá,0.1075,aislado_critico,71499.0
0566510000000000010559,San Pedro de Urabá,0.44,semi_aislado,24012.0
0583720090700100010103,Turbo,0.71,conectividad_media,102.0
0583720090700100020338,Turbo,0.71,conectividad_media,251.0
0583720100700200020133,Turbo,0.5575,conectividad_media,929.0
0583720090600300010322,Turbo,0.7075,conectividad_media,233.0
0583720090603100010106,Turbo,0.5975,conectividad_media,120.0
0504520020300300010101,Apartadó,0.7575,bien_conectado,446.0
0504520020300900010214,Apartadó,0.5675,conectividad_media,2510.0
0505110000000000010311,Arboletes,0.515,semi_aislado,84300.0
0505110000000000010411,Arboletes,0.515,semi_aislado,84509.0
0505110000000000011123,Arboletes,0.36,semi_aislado,83552.0
0505120050401400010101,Arboletes,0.2775,aislado_critico,45101.0
0514710000000000020607,Carepa,0.8275,bien_conectado,160.0
0514720010601300010105,Carepa,0.4775,semi_aislado,748.0
0549020120600100010405,Necoclí,0.2375,aislado_critico,25834.0
0549010000000000010722,Necoclí,0.2775,aislado_critico,37695.0
0549020030300200010210,Necoclí,0.0875,aislado_critico,59387.0
0549020120300300010103,Necoclí,0.2775,aislado_critico,34753.0
0565910000000000010415,San Juan de Urabá,0.4375,semi_aislado,73672.0
0565920010300300010108,San Juan de Urabá,0.1075,aislado_critico,71692.0
0565920020300400010101,San Juan de Urabá,0.0875,aislado_critico,59588.0
0565920010100500010104,San Juan de Urabá,0.0875,aislado_critico,68196.0
0565920010200600010110,San Juan de Urabá,0.1075,aislado_critico,69576.0
0566510000000000010661,San Pedro de Urabá,0.4775,semi_aislado,23921.0
0566510000000000010852,San Pedro de Urabá,0.4,semi_aislado,24272.0
0566520040200800010110,San Pedro de Urabá,0.1475,aislado_critico,42256.0
0583720090700100010307,Turbo,0.7875,bien_conectado,86.0
0583720090700100020111,Turbo,0.9475,bien_conectado,308.0
0583720090700100020209,Turbo,0.8675,bien_conectado,105.0
0583720100700200020306,Turbo,0.5975,conectividad_media,1380.0
0583720100700200020513,Turbo,0.6375,conectividad_media,1172.0
0583720050202800010104,Turbo,0.2775,aislado_critico,18683.0
0583720090103900010101,Turbo,0.2875,aislado_critico,4363.0
0549020120600100010207,Necoclí,0.2375,aislado_critico,25752.0
0549020120600100010209,Necoclí,0.2375,aislado_critico,25626.0
0504520020500200010212,Apartadó,0.5775,conectividad_media,330.0
0504520020300900010123,Apartadó,0.6475,conectividad_media,2400.0
0504520020300900010128,Apartadó,0.6075,conectividad_media,2218.0
0504520010101600010102,Apartadó,0.3475,aislado_critico,29.0
0505110000000000010232,Arboletes,0.515,semi_aislado,84425.0
0505110000000000010540,Arboletes,0.36,semi_aislado,83811.0
0505110000000000011004,Arboletes,0.475,semi_aislado,84267.0
0505110000000000011024,Arboletes,0.4375,semi_aislado,83895.0
0505110000000000011120,Arboletes,0.36,semi_aislado,83521.0
0505120030200900010111,Arboletes,0.0875,aislado_critico,57947.0
0514710000000000010134,Carepa,0.67,conectividad_media,782.0
0514710000000000020727,Carepa,0.79,bien_conectado,142.0
0583720100700200010314,Turbo,0.7175,conectividad_media,1202.0
0583720090600300010210,Turbo,0.7075,conectividad_media,126.0
0583720020101300010205,Turbo,0.2775,aislado_critico,30164.0
0583720010203800010108,Turbo,0.1575,aislado_critico,21657.0
0583720090103900010104,Turbo,0.3375,aislado_critico,4401.0
0514710000000000020913,Carepa,0.57,conectividad_media,527.0
0514720011001000010133,Carepa,0.5775,conectividad_media,2688.0
0514710000000000020245,Carepa,0.6,conectividad_media,218.0
0514710000000000010315,Carepa,0.78,bien_conectado,71.0
0514710000000000010411,Carepa,0.91,bien_conectado,332.0
0514710000000000010520,Carepa,0.79,bien_conectado,265.0
0514710000000000010610,Carepa,0.79,bien_conectado,43.0
0514710000000000020223,Carepa,0.6,conectividad_media,180.0
0514710000000000020424,Carepa,0.7875,bien_conectado,315.0
0514710000000000030201,Carepa,0.84,bien_conectado,1000.0
0514720010700700010107,Carepa,0.2675,aislado_critico,1125.0
0514720010700700010120,Carepa,0.2675,aislado_critico,953.0
0514720011001000010134,Carepa,0.5775,conectividad_media,2688.0
0517210000000000010506,Chigorodó,0.5975,conectividad_media,502.0
0517210000000000020328,Chigorodó,0.6775,conectividad_media,535.0
0517210000000000020331,Chigorodó,0.6775,conectividad_media,633.0
0517210000000000040104,Chigorodó,0.7075,conectividad_media,111.0
0517210000000000060201,Chigorodó,0.7175,conectividad_media,767.0
0549020030200400010103,Necoclí,0.0875,aislado_critico,64829.0
0549020030200400010112,Necoclí,0.0875,aislado_critico,64638.0
0565910000000000010127,San Juan de Urabá,0.36,semi_aislado,72065.0
0566510000000000020120,San Pedro de Urabá,0.4,semi_aislado,22981.0
0504520020300900010312,Apartadó,0.4875,semi_aislado,2475.0
0504520010301100010219,Apartadó,0.78,bien_conectado,302.0
0505110000000000010530,Arboletes,0.36,semi_aislado,84071.0
0514710000000000010707,Carepa,0.79,bien_conectado,182.0
0514710000000000010128,Carepa,0.84,bien_conectado,760.0
0514710000000000030618,Carepa,0.75,bien_conectado,358.0
0517220070300300010104,Chigorodó,0.3175,aislado_critico,1040.0
0517220100400700010114,Chigorodó,0.3675,semi_aislado,4029.0
0549010000000000010701,Necoclí,0.2375,aislado_critico,38062.0
0549020120600100010421,Necoclí,0.2775,aislado_critico,25892.0
0549020120300300010140,Necoclí,0.2775,aislado_critico,34217.0
0549020120100700010105,Necoclí,0.1475,aislado_critico,35179.0
0549020090501500010120,Necoclí,0.2775,aislado_critico,38740.0
0566510000000000010115,San Pedro de Urabá,0.4775,semi_aislado,23679.0
0566510000000000010205,San Pedro de Urabá,0.515,semi_aislado,23452.0
0566510000000000010657,San Pedro de Urabá,0.4375,semi_aislado,23922.0
0566510000000000010801,San Pedro de Urabá,0.44,semi_aislado,23972.0
0566520020300300010105,San Pedro de Urabá,0.0875,aislado_critico,53015.0
0583720090700100010225,Turbo,0.71,conectividad_media,288.0
0583720090700100020210,Turbo,0.83,bien_conectado,112.0
0583720090700100020221,Turbo,0.87,bien_conectado,148.0
0583720090700100020372,Turbo,0.71,conectividad_media,267.0
0583720090700100020423,Turbo,0.66,conectividad_media,258.0
0583720100700200020403,Turbo,0.6775,conectividad_media,1250.0
0583720090600300010120,Turbo,0.7475,conectividad_media,219.0
0583720030700600010105,Turbo,0.2775,aislado_critico,15606.0
0583720090402400010101,Turbo,0.6775,conectividad_media,220.0
0583720090602600010108,Turbo,0.6775,conectividad_media,15.0
0583720030803200010109,Turbo,0.2775,aislado_critico,11935.0
0583720010203800010102,Turbo,0.1975,aislado_critico,22546.0
0505110000000000010331,Arboletes,0.4375,semi_aislado,84037.0
0504520030101500010124,Apartadó,0.5875,conectividad_media,45.0
0504520010101400010115,Apartadó,0.4275,semi_aislado,93.0
0505110000000000011106,Arboletes,0.4,semi_aislado,83778.0
0505120030101100010137,Arboletes,0.0875,aislado_critico,61986.0
0514710000000000010715,Carepa,0.79,bien_conectado,167.0
0549010000000000010428,Necoclí,0.2775,aislado_critico,36505.0
0549020120600100010314,Necoclí,0.1975,aislado_critico,25741.0
0549010000000000010123,Necoclí,0.2375,aislado_critico,37235.0
0549020030300200010220,Necoclí,0.0875,aislado_critico,59247.0
0565910000000000010219,San Juan de Urabá,0.4375,semi_aislado,73115.0
0566510000000000010426,San Pedro de Urabá,0.4,semi_aislado,23104.0
0583720090700100010222,Turbo,0.7475,conectividad_media,9.0
0583720090600300010207,Turbo,0.7075,conectividad_media,104.0
0583720090600300010217,Turbo,0.7475,conectividad_media,23.0
0583720090600300010316,Turbo,0.7075,conectividad_media,205.0
0583720090600300010320,Turbo,0.7075,conectividad_media,158.0
0583720020101300010104,Turbo,0.2775,aislado_critico,30331.0
0583720090302300010111,Turbo,0.6375,conectividad_media,245.0
0583720090102700010102,Turbo,0.4175,semi_aislado,2908.0
0514710000000000010711,Carepa,0.79,bien_conectado,299.0
0514710000000000010732,Carepa,0.79,bien_conectado,208.0
0514710000000000030506,Carepa,0.8775,bien_conectado,631.0
0514710000000000030517,Carepa,0.8775,bien_conectado,669.0
0514710000000000030532,Carepa,0.8375,bien_conectado,750.0
0514720010700700010106,Carepa,0.2675,aislado_critico,1222.0
0517210000000000010604,Chigorodó,0.5975,conectividad_media,611.0
0517210000000000010612,Chigorodó,0.5975,conectividad_media,508.0
0517210000000000020301,Chigorodó,0.5975,conectividad_media,657.0
0517210000000000020418,Chigorodó,0.5575,conectividad_media,1207.0
0517210000000000020509,Chigorodó,0.4575,semi_aislado,1523.0
0517210000000000040113,Chigorodó,0.7075,conectividad_media,111.0
0517210000000000050126,Chigorodó,0.7475,conectividad_media,386.0
0517210000000000060111,Chigorodó,0.5975,conectividad_media,773.0
0517210000000000060123,Chigorodó,0.6775,conectividad_media,795.0
0517210000000000060126,Chigorodó,0.6775,conectividad_media,783.0
0517210000000000060435,Chigorodó,0.5975,conectividad_media,1233.0
0517210000000000060909,Chigorodó,0.5975,conectividad_media,1504.0
0549020030200400010110,Necoclí,0.0875,aislado_critico,64681.0
0565910000000000010228,San Juan de Urabá,0.4375,semi_aislado,73152.0
0565910000000000010501,San Juan de Urabá,0.4775,semi_aislado,74184.0
0566510000000000020117,San Pedro de Urabá,0.4,semi_aislado,23053.0
0583720110201800010315,Turbo,0.1975,aislado_critico,249.0
0514710000000000020618,Carepa,0.8275,bien_conectado,231.0
0549020090501500010114,Necoclí,0.2775,aislado_critico,38855.0
0505110000000000010810,Arboletes,0.435,semi_aislado,84483.0
0505110000000000010812,Arboletes,0.435,semi_aislado,84502.0
0505110000000000011029,Arboletes,0.4375,semi_aislado,83962.0
0505120030200800010108,Arboletes,0.0875,aislado_critico,57419.0
0514720010601300010101,Carepa,0.4775,semi_aislado,704.0
0549010000000000010126,Necoclí,0.2775,aislado_critico,37232.0
0566510000000000010841,San Pedro de Urabá,0.4775,semi_aislado,23345.0
0566520040200800010104,San Pedro de Urabá,0.1475,aislado_critico,42480.0
0583720090700100010142,Turbo,0.825,bien_conectado,76.0
0583720090700100020312,Turbo,0.83,bien_conectado,136.0
0583720090700100020369,Turbo,0.71,conectividad_media,278.0
0583720050200500010118,Turbo,0.2775,aislado_critico,15161.0
0583720050200500010126,Turbo,0.2775,aislado_critico,15523.0
0583720030700600010104,Turbo,0.2775,aislado_critico,15436.0
0504520020300900010313,Apartadó,0.4875,semi_aislado,2470.0
0504520010101400010111,Apartadó,0.4275,semi_aislado,94.0
0505110000000000010315,Arboletes,0.4775,semi_aislado,84194.0
0505110000000000010323,Arboletes,0.4,semi_aislado,83887.0
0505120030200900010101,Arboletes,0.0875,aislado_critico,58251.0
0505120030101100010120,Arboletes,0.0875,aislado_critico,62214.0
0514710000000000010607,Carepa,0.79,bien_conectado,154.0
0514710000000000020701,Carepa,0.8275,bien_conectado,348.0
0517220100400700010110,Chigorodó,0.3675,semi_aislado,3950.0
0549010000000000010232,Necoclí,0.2775,aislado_critico,36395.0
0549010000000000010410,Necoclí,0.2775,aislado_critico,36623.0
0549010000000000010914,Necoclí,0.2375,aislado_critico,38330.0
0549020120600100010313,Necoclí,0.1975,aislado_critico,25726.0
0549020120600600010116,Necoclí,0.2375,aislado_critico,30181.0
0549020120301000010108,Necoclí,0.2775,aislado_critico,34273.0
0566510000000000010122,San Pedro de Urabá,0.4775,semi_aislado,23619.0
0566510000000000010345,San Pedro de Urabá,0.4775,semi_aislado,23089.0
0583720090600300010340,Turbo,0.6275,conectividad_media,422.0
0583720090700100020116,Turbo,0.91,bien_conectado,82.0
0583720090700100020218,Turbo,0.9075,bien_conectado,297.0
0583720100700200010209,Turbo,0.5975,conectividad_media,1125.0
0583720100700200010401,Turbo,0.6775,conectividad_media,1202.0
0583720100700200020311,Turbo,0.5575,conectividad_media,1406.0
0583720070201200010112,Turbo,0.2775,aislado_critico,10927.0
0583720020101300010108,Turbo,0.2775,aislado_critico,30288.0
0583720020101300010209,Turbo,0.2775,aislado_critico,30052.0
0583720090302500010104,Turbo,0.4375,semi_aislado,2428.0
0583720090602600010107,Turbo,0.7575,bien_conectado,2.0
0583720030803200010102,Turbo,0.1975,aislado_critico,12906.0
0583720030803200010114,Turbo,0.1975,aislado_critico,13175.0
0583720050603700010108,Turbo,0.1075,aislado_critico,13124.0
0514710000000000010506,Carepa,0.79,bien_conectado,151.0
0514710000000000010527,Carepa,0.74,conectividad_media,200.0
0514710000000000010705,Carepa,0.79,bien_conectado,319.0
0514710000000000020216,Carepa,0.6,conectividad_media,227.0
0514710000000000020318,Carepa,0.79,bien_conectado,150.0
0514710000000000020503,Carepa,0.7875,bien_conectado,366.0
0514710000000000030425,Carepa,0.8375,bien_conectado,606.0
0514720011001000010122,Carepa,0.5375,semi_aislado,2771.0
0517210000000000010324,Chigorodó,0.5975,conectividad_media,753.0
0517210000000000010537,Chigorodó,0.4975,semi_aislado,994.0
0517210000000000020213,Chigorodó,0.5575,conectividad_media,876.0
0517210000000000020408,Chigorodó,0.5575,conectividad_media,1014.0
0517210000000000050201,Chigorodó,0.6275,conectividad_media,127.0
0517210000000000050701,Chigorodó,0.5875,conectividad_media,236.0
0517210000000000060622,Chigorodó,0.5975,conectividad_media,856.0
0517210000000000060818,Chigorodó,0.5975,conectividad_media,1399.0
0517210000000000061009,Chigorodó,0.5975,conectividad_media,1280.0
0566510000000000011003,San Pedro de Urabá,0.31,aislado_critico,24257.0
0583720110201800010111,Turbo,0.1975,aislado_critico,338.0
0583720110201800010316,Turbo,0.1975,aislado_critico,375.0
0504520020500200010216,Apartadó,0.5375,semi_aislado,444.0
0504520010101400010101,Apartadó,0.4275,semi_aislado,101.0
0505110000000000010228,Arboletes,0.4775,semi_aislado,84616.0
0514710000000000010605,Carepa,0.79,bien_conectado,221.0
0514710000000000030616,Carepa,0.7875,bien_conectado,474.0
0517220060501400010102,Chigorodó,0.2375,aislado_critico,3299.0
0517220060501400010103,Chigorodó,0.2375,aislado_critico,3293.0
0549010000000000010334,Necoclí,0.2775,aislado_critico,37238.0
0549010000000000010822,Necoclí,0.2375,aislado_critico,38108.0
0549020040400900010123,Necoclí,0.0875,aislado_critico,49406.0
0583720090700100010311,Turbo,0.7875,bien_conectado,149.0
0583720090700100020206,Turbo,0.8275,bien_conectado,224.0
0583720090700100020371,Turbo,0.75,bien_conectado,151.0
0583720100700200020218,Turbo,0.5975,conectividad_media,1417.0
0583720090600300010114,Turbo,0.7475,conectividad_media,243.0
0583720030700600010107,Turbo,0.2775,aislado_critico,15546.0
0583720100400800010405,Turbo,0.6375,conectividad_media,121.0
0583720070201200010115,Turbo,0.2775,aislado_critico,10838.0
0504520010101600010107,Apartadó,0.3475,aislado_critico,117.0
0505110000000000010218,Arboletes,0.515,semi_aislado,84355.0
0505110000000000010705,Arboletes,0.475,semi_aislado,84368.0
0505110000000000010908,Arboletes,0.435,semi_aislado,84607.0
0505120030200900010113,Arboletes,0.0875,aislado_critico,57908.0
0514710000000000030221,Carepa,0.8775,bien_conectado,823.0
0549010000000000010326,Necoclí,0.2775,aislado_critico,36927.0
0549020120300300010104,Necoclí,0.2775,aislado_critico,34721.0
0565920010300300010104,San Juan de Urabá,0.1075,aislado_critico,71578.0
0566510000000000011011,San Pedro de Urabá,0.35,semi_aislado,24218.0
0566520040200200010110,San Pedro de Urabá,0.2775,aislado_critico,38682.0
0583720090700100010121,Turbo,0.71,conectividad_media,8.0
0583720090700100010507,Turbo,0.7875,bien_conectado,238.0
0583720090700100020207,Turbo,0.9075,bien_conectado,259.0
0583720090700100020216,Turbo,0.83,bien_conectado,137.0
0583720090700100020328,Turbo,0.71,conectividad_media,130.0
0583720090700100020357,Turbo,0.66,conectividad_media,253.0
0583720090700100020363,Turbo,0.75,bien_conectado,14.0
0583720090700100020434,Turbo,0.66,conectividad_media,209.0
0583720090700100020528,Turbo,0.83,bien_conectado,42.0
0583720100400800010110,Turbo,0.6375,conectividad_media,216.0
0583720050604200010105,Turbo,0.2775,aislado_critico,14881.0
0514710000000000010337,Carepa,0.78,bien_conectado,56.0
0514720010700700010114,Carepa,0.2675,aislado_critico,985.0
0514710000000000020236,Carepa,0.56,conectividad_media,393.0
0514710000000000030210,Carepa,0.9175,bien_conectado,889.0
0514710000000000030309,Carepa,0.7875,bien_conectado,428.0
0514720010700700010122,Carepa,0.2675,aislado_critico,1031.0
0514720011001000010108,Carepa,0.5375,semi_aislado,2867.0
0514720011001000010131,Carepa,0.5775,conectividad_media,2721.0
0517210000000000010215,Chigorodó,0.4575,semi_aislado,1003.0
0517210000000000010316,Chigorodó,0.5975,conectividad_media,517.0
0517210000000000050810,Chigorodó,0.7175,conectividad_media,624.0
0517210000000000050427,Chigorodó,0.7075,conectividad_media,492.0
0517210000000000060101,Chigorodó,0.5975,conectividad_media,745.0
0517210000000000060312,Chigorodó,0.6775,conectividad_media,883.0
0517210000000000060821,Chigorodó,0.5975,conectividad_media,1343.0
0565910000000000010122,San Juan de Urabá,0.36,semi_aislado,72966.0
0583720110201800010105,Turbo,0.1975,aislado_critico,270.0
0583720110201800010312,Turbo,0.1975,aislado_critico,365.0
0583720110201800010330,Turbo,0.1975,aislado_critico,157.0
0583720100700200020408,Turbo,0.6775,conectividad_media,1203.0
0514710000000000030439,Carepa,0.875,bien_conectado,690.0
0517220100400700010116,Chigorodó,0.3675,semi_aislado,3622.0
0549020120600100010408,Necoclí,0.2775,aislado_critico,26081.0
0549020120100700010111,Necoclí,0.1975,aislado_critico,35008.0
0565920010200600010101,San Juan de Urabá,0.1075,aislado_critico,69615.0
0566510000000000010354,San Pedro de Urabá,0.44,semi_aislado,22745.0
0566520010100400010108,San Pedro de Urabá,0.0875,aislado_critico,54899.0
0583720090700100010205,Turbo,0.71,conectividad_media,25.0
0583720090302300010102,Turbo,0.74,conectividad_media,349.0
0583720090700100010412,Turbo,0.71,conectividad_media,386.0
0583720100400800010312,Turbo,0.7575,bien_conectado,83.0
0504520010101600010119,Apartadó,0.3475,aislado_critico,36.0
0504520020500200010209,Apartadó,0.5775,conectividad_media,311.0
0504520020300900010218,Apartadó,0.5675,conectividad_media,2702.0
0505110000000000010133,Arboletes,0.475,semi_aislado,84545.0
0505120050401400010110,Arboletes,0.2775,aislado_critico,45167.0
0514710000000000020120,Carepa,0.79,bien_conectado,143.0
0514710000000000020211,Carepa,0.6,conectividad_media,271.0
0514710000000000020704,Carepa,0.79,bien_conectado,227.0
0517220100400700010115,Chigorodó,0.3675,semi_aislado,3827.0
0583720100700200020508,Turbo,0.6375,conectividad_media,1214.0
0549010000000000010832,Necoclí,0.2375,aislado_critico,38100.0
0549020120600100010420,Necoclí,0.2375,aislado_critico,25744.0
0549020120600100010425,Necoclí,0.2775,aislado_critico,26312.0
0549020030300200010125,Necoclí,0.0875,aislado_critico,60096.0
0549020120300300010135,Necoclí,0.2775,aislado_critico,34531.0
0565910000000000010142,San Juan de Urabá,0.4375,semi_aislado,72613.0
0565910000000000010514,San Juan de Urabá,0.515,semi_aislado,73795.0
0566510000000000010154,San Pedro de Urabá,0.4775,semi_aislado,23874.0
0566510000000000010203,San Pedro de Urabá,0.515,semi_aislado,23450.0
0566510000000000010741,San Pedro de Urabá,0.44,semi_aislado,23303.0
0583720090700100010113,Turbo,0.7475,conectividad_media,66.0
0583720090700100010130,Turbo,0.71,conectividad_media,141.0
0583720090700100010405,Turbo,0.71,conectividad_media,246.0
0583720090700100020118,Turbo,0.83,bien_conectado,2.0
0583720090700100020319,Turbo,0.83,bien_conectado,50.0
0583720100700200010103,Turbo,0.5975,conectividad_media,839.0
0583720100400800010406,Turbo,0.6375,conectividad_media,77.0
0583720090602600010118,Turbo,0.6775,conectividad_media,15.0
0583720090603100010113,Turbo,0.5975,conectividad_media,8.0
0583720050604200010102,Turbo,0.2775,aislado_critico,14668.0
0514710000000000010130,Carepa,0.84,bien_conectado,942.0
0514710000000000010404,Carepa,0.86,bien_conectado,329.0
0514710000000000010721,Carepa,0.79,bien_conectado,186.0
0514710000000000020225,Carepa,0.6,conectividad_media,182.0
0514710000000000020243,Carepa,0.6,conectividad_media,86.0
0514710000000000020906,Carepa,0.57,conectividad_media,559.0
0514710000000000030119,Carepa,0.8775,bien_conectado,762.0
0514710000000000030427,Carepa,0.8375,bien_conectado,631.0
0514710000000000030503,Carepa,0.8275,bien_conectado,462.0
0514710000000000030628,Carepa,0.75,bien_conectado,426.0
0514720011001000010103,Carepa,0.5375,semi_aislado,2949.0
0517210000000000010105,Chigorodó,0.4975,semi_aislado,565.0
0517210000000000020108,Chigorodó,0.5575,conectividad_media,656.0
0517210000000000020222,Chigorodó,0.5575,conectividad_media,1102.0
0517210000000000020232,Chigorodó,0.5575,conectividad_media,814.0
0517210000000000020315,Chigorodó,0.6775,conectividad_media,630.0
0517210000000000020404,Chigorodó,0.5575,conectividad_media,949.0
0517210000000000020501,Chigorodó,0.5975,conectividad_media,1320.0
0517210000000000030113,Chigorodó,0.6275,conectividad_media,217.0
0517210000000000050208,Chigorodó,0.6275,conectividad_media,129.0
0517210000000000050304,Chigorodó,0.6275,conectividad_media,158.0
0517210000000000050602,Chigorodó,0.7475,conectividad_media,381.0
0517210000000000050804,Chigorodó,0.6775,conectividad_media,521.0
0517210000000000060212,Chigorodó,0.6775,conectividad_media,849.0
0517210000000000060712,Chigorodó,0.5575,conectividad_media,1267.0
0517210000000000060721,Chigorodó,0.5975,conectividad_media,1062.0
0565910000000000010523,San Juan de Urabá,0.515,semi_aislado,73763.0
0583720110201800010313,Turbo,0.1975,aislado_critico,467.0
0583720110201800010314,Turbo,0.1975,aislado_critico,487.0
0504520020500200010111,Apartadó,0.5775,conectividad_media,412.0
0504520020300900010105,Apartadó,0.6075,conectividad_media,2297.0
0505110000000000010603,Arboletes,0.4375,semi_aislado,84158.0
0505110000000000011121,Arboletes,0.36,semi_aislado,83426.0
0505120020500300010111,Arboletes,0.0875,aislado_critico,59125.0
0505120020500300010114,Arboletes,0.0875,aislado_critico,59543.0
0505120060600500010103,Arboletes,0.1075,aislado_critico,51457.0
0505120050401400010106,Arboletes,0.2775,aislado_critico,45032.0
0514710000000000020113,Carepa,0.79,bien_conectado,178.0
0514710000000000020622,Carepa,0.79,bien_conectado,184.0
0514710000000000030508,Carepa,0.7975,bien_conectado,556.0
0549010000000000010124,Necoclí,0.2775,aislado_critico,37304.0
0549010000000000010705,Necoclí,0.2375,aislado_critico,38025.0
0549020120600100010414,Necoclí,0.2775,aislado_critico,26206.0
0583720090700100020373,Turbo,0.66,conectividad_media,182.0
0566510000000000010161,San Pedro de Urabá,0.4775,semi_aislado,23623.0
0583720090700100010203,Turbo,0.71,conectividad_media,198.0
0583720090700100020337,Turbo,0.71,conectividad_media,295.0
0583720090600300010102,Turbo,0.7075,conectividad_media,110.0
0583720090600300010109,Turbo,0.7075,conectividad_media,129.0
0583720100400800010311,Turbo,0.7575,bien_conectado,34.0
0583720090102700010108,Turbo,0.4175,semi_aislado,2978.0
0583720010203800010103,Turbo,0.1575,aislado_critico,22578.0
0504520050300100010106,Apartadó,0.4275,semi_aislado,111.0
0504520020500200010107,Apartadó,0.5775,conectividad_media,455.0
0504520020500200010214,Apartadó,0.5375,semi_aislado,371.0
0505110000000000010542,Arboletes,0.3975,semi_aislado,83964.0
0514710000000000010308,Carepa,0.88,bien_conectado,535.0
0514710000000000020309,Carepa,0.79,bien_conectado,151.0
0514710000000000020512,Carepa,0.7575,bien_conectado,576.0
0514710000000000020614,Carepa,0.79,bien_conectado,121.0
0549010000000000010207,Necoclí,0.2775,aislado_critico,36712.0
0549010000000000010327,Necoclí,0.2775,aislado_critico,37000.0
0549010000000000010805,Necoclí,0.2375,aislado_critico,38258.0
0549020090501500010117,Necoclí,0.2775,aislado_critico,38814.0
0565920020500200010106,San Juan de Urabá,0.0875,aislado_critico,65828.0
0565920010100500010119,San Juan de Urabá,0.0875,aislado_critico,67930.0
0566510000000000010545,San Pedro de Urabá,0.4775,semi_aislado,23694.0
0566510000000000010742,San Pedro de Urabá,0.44,semi_aislado,23209.0
0566510000000000010838,San Pedro de Urabá,0.4775,semi_aislado,23853.0
0583720090700100010505,Turbo,0.7875,bien_conectado,189.0
0583720090700100020318,Turbo,0.83,bien_conectado,35.0
0583720090700100020370,Turbo,0.71,conectividad_media,208.0
0583720100700200010116,Turbo,0.6775,conectividad_media,1024.0
0583720100700200010404,Turbo,0.6775,conectividad_media,1207.0
0583720090600300010113,Turbo,0.7075,conectividad_media,149.0
0583720090402400010128,Turbo,0.5975,conectividad_media,313.0
0583720090602600010104,Turbo,0.6775,conectividad_media,37.0
0583720090602600010112,Turbo,0.6775,conectividad_media,33.0
0583720090103900010110,Turbo,0.3375,aislado_critico,4224.0
0583720240204300010103,Turbo,0.1075,aislado_critico,13562.0
0514710000000000010511,Carepa,0.79,bien_conectado,328.0
0514710000000000010523,Carepa,0.7,conectividad_media,169.0
0514710000000000010609,Carepa,0.79,bien_conectado,187.0
0514710000000000010727,Carepa,0.7875,bien_conectado,320.0
0514710000000000030408,Carepa,0.875,bien_conectado,675.0
0514710000000000030428,Carepa,0.8375,bien_conectado,672.0
0517210000000000010211,Chigorodó,0.4975,semi_aislado,868.0
0517210000000000010512,Chigorodó,0.5975,conectividad_media,877.0
0517210000000000020105,Chigorodó,0.5975,conectividad_media,674.0
0517210000000000020113,Chigorodó,0.5575,conectividad_media,792.0
0517210000000000020214,Chigorodó,0.5575,conectividad_media,916.0
0517210000000000020305,Chigorodó,0.5975,conectividad_media,725.0
0517210000000000020425,Chigorodó,0.5575,conectividad_media,1061.0
0517210000000000050120,Chigorodó,0.7075,conectividad_media,330.0
0517210000000000050515,Chigorodó,0.5975,conectividad_media,515.0
0517210000000000050702,Chigorodó,0.5875,conectividad_media,168.0
0517210000000000050705,Chigorodó,0.5875,conectividad_media,265.0
0517210000000000060223,Chigorodó,0.7175,conectividad_media,764.0
0517210000000000060510,Chigorodó,0.5975,conectividad_media,1122.0
0517210000000000060709,Chigorodó,0.5975,conectividad_media,1132.0
0583720110201800010304,Turbo,0.1975,aislado_critico,327.0
0504520020300900010203,Apartadó,0.5275,semi_aislado,2694.0
0504520020300900010224,Apartadó,0.5275,semi_aislado,2833.0
0504520010301100010110,Apartadó,0.74,conectividad_media,51.0
0504520030101500010119,Apartadó,0.6375,conectividad_media,94.0
0505110000000000010803,Arboletes,0.475,semi_aislado,84547.0
0505120060400100010105,Arboletes,0.0875,aislado_critico,62077.0
0505120030200900010112,Arboletes,0.0875,aislado_critico,57843.0
0514710000000000020305,Carepa,0.79,bien_conectado,43.0
0514710000000000020406,Carepa,0.8275,bien_conectado,199.0
0514710000000000020722,Carepa,0.79,bien_conectado,218.0
0549010000000000010502,Necoclí,0.2375,aislado_critico,36663.0
0549020120600100010219,Necoclí,0.1975,aislado_critico,25694.0
0549020090201200010102,Necoclí,0.0875,aislado_critico,48927.0
0565920010100100010101,San Juan de Urabá,0.0875,aislado_critico,71053.0
0565920010100100010109,San Juan de Urabá,0.0875,aislado_critico,70925.0
0565920010300300010137,San Juan de Urabá,0.1075,aislado_critico,71553.0
0566510000000000010129,San Pedro de Urabá,0.515,semi_aislado,23682.0
0566510000000000010546,San Pedro de Urabá,0.4775,semi_aislado,23788.0
0566520010100400010104,San Pedro de Urabá,0.0875,aislado_critico,55039.0
0566520010100400010110,San Pedro de Urabá,0.0875,aislado_critico,54803.0
0583720090700100020113,Turbo,0.9475,bien_conectado,231.0
0583720090700100020326,Turbo,0.71,conectividad_media,217.0
0583720100700200010517,Turbo,0.6775,conectividad_media,1270.0
0583720100700200020125,Turbo,0.6375,conectividad_media,973.0
0583720100700200020419,Turbo,0.6775,conectividad_media,1131.0
0583720090600300010347,Turbo,0.5475,semi_aislado,123.0
0583720100400800010119,Turbo,0.6375,conectividad_media,83.0
0583720240400900010106,Turbo,0.3675,semi_aislado,71.0
0583720080301000010112,Turbo,0.3675,semi_aislado,2955.0
0583720090402400010115,Turbo,0.6775,conectividad_media,112.0
0504520020300900010207,Apartadó,0.5275,semi_aislado,2854.0
0505110000000000010216,Arboletes,0.515,semi_aislado,84516.0
0505120040101000010121,Arboletes,0.0875,aislado_critico,54488.0
0505120030101100010110,Arboletes,0.0875,aislado_critico,62729.0
0514710000000000020410,Carepa,0.79,bien_conectado,37.0
0549010000000000010813,Necoclí,0.2375,aislado_critico,38178.0
0549010000000000010901,Necoclí,0.1975,aislado_critico,38499.0
0549020120600100010119,Necoclí,0.2375,aislado_critico,25472.0
0549020120600100010211,Necoclí,0.1975,aislado_critico,25664.0
0549020120600600010106,Necoclí,0.2375,aislado_critico,30369.0
0549020040400900010128,Necoclí,0.1075,aislado_critico,48581.0
0566510000000000010728,San Pedro de Urabá,0.4775,semi_aislado,23381.0
0583720090602600010113,Turbo,0.6775,conectividad_media,97.0
0514720011001000010144,Carepa,0.5375,semi_aislado,2840.0
0514710000000000020420,Carepa,0.7875,bien_conectado,336.0
0514710000000000020910,Carepa,0.57,conectividad_media,607.0
0514710000000000030206,Carepa,0.8775,bien_conectado,836.0
0514710000000000030207,Carepa,0.8775,bien_conectado,796.0
0514710000000000030513,Carepa,0.8275,bien_conectado,496.0
0517210000000000010532,Chigorodó,0.5975,conectividad_media,838.0
0517210000000000050102,Chigorodó,0.7075,conectividad_media,177.0
0517210000000000050408,Chigorodó,0.6275,conectividad_media,346.0
0517210000000000050502,Chigorodó,0.7075,conectividad_media,346.0
0517210000000000050609,Chigorodó,0.7475,conectividad_media,446.0
0517210000000000060432,Chigorodó,0.5975,conectividad_media,1036.0
0517210000000000060505,Chigorodó,0.5975,conectividad_media,1062.0
0517210000000000060811,Chigorodó,0.5575,conectividad_media,1266.0
0565910000000000010220,San Juan de Urabá,0.4775,semi_aislado,73144.0
0565910000000000010226,San Juan de Urabá,0.4375,semi_aislado,72534.0
0565910000000000010230,San Juan de Urabá,0.4375,semi_aislado,73207.0
0565910000000000010503,San Juan de Urabá,0.4775,semi_aislado,74171.0
0565910000000000010804,San Juan de Urabá,0.4,semi_aislado,72339.0
0583720110201800010120,Turbo,0.1975,aislado_critico,206.0
0583720110201800010125,Turbo,0.1975,aislado_critico,166.0
0505110000000000010219,Arboletes,0.515,semi_aislado,84566.0
0505110000000000010306,Arboletes,0.515,semi_aislado,84473.0
0505110000000000010348,Arboletes,0.4,semi_aislado,83830.0
0514710000000000010216,Carepa,0.78,bien_conectado,169.0
0549010000000000010808,Necoclí,0.2375,aislado_critico,38245.0
0549010000000000010616,Necoclí,0.2775,aislado_critico,39431.0
0549020030300200010102,Necoclí,0.0875,aislado_critico,60009.0
0565920010100100010130,San Juan de Urabá,0.0875,aislado_critico,70571.0
0566510000000000010506,San Pedro de Urabá,0.4775,semi_aislado,23690.0
0583720090700100020401,Turbo,0.83,bien_conectado,43.0
0583720090700100020201,Turbo,0.825,bien_conectado,54.0
0583720100700200010512,Turbo,0.6775,conectividad_media,1282.0
0583720090302500010108,Turbo,0.4375,semi_aislado,2357.0
0504520020500200010206,Apartadó,0.5775,conectividad_media,316.0
0504520020500200010217,Apartadó,0.5775,conectividad_media,339.0
0505110000000000010122,Arboletes,0.475,semi_aislado,84671.0
0505110000000000010204,Arboletes,0.515,semi_aislado,84639.0
0505120060400100010104,Arboletes,0.0875,aislado_critico,62126.0
0505120030200900010107,Arboletes,0.0875,aislado_critico,58078.0
0514710000000000020708,Carepa,0.79,bien_conectado,316.0
0517220070300300010103,Chigorodó,0.3175,aislado_critico,1076.0
0549010000000000010231,Necoclí,0.2775,aislado_critico,36475.0
0549020030300200010107,Necoclí,0.0875,aislado_critico,59993.0
0549020120300300010107,Necoclí,0.2775,aislado_critico,34483.0
0549020040400900010103,Necoclí,0.0875,aislado_critico,49479.0
0549020120301000010114,Necoclí,0.2775,aislado_critico,34310.0
0549020120301400010103,Necoclí,0.2775,aislado_critico,35832.0
0565920010300300010103,San Juan de Urabá,0.1075,aislado_critico,71645.0
0565920010300300010130,San Juan de Urabá,0.1075,aislado_critico,71440.0
0566510000000000010111,San Pedro de Urabá,0.515,semi_aislado,23601.0
0566510000000000010405,San Pedro de Urabá,0.44,semi_aislado,23301.0
0566510000000000010428,San Pedro de Urabá,0.4,semi_aislado,23107.0
0566510000000000010802,San Pedro de Urabá,0.4775,semi_aislado,23699.0
0566510000000000010903,San Pedro de Urabá,0.44,semi_aislado,23839.0
0566510000000000020119,San Pedro de Urabá,0.4,semi_aislado,22925.0
0566520040200200010113,San Pedro de Urabá,0.2775,aislado_critico,38755.0
0566520040200200010115,San Pedro de Urabá,0.2375,aislado_critico,38307.0
0583720090700100020309,Turbo,0.83,bien_conectado,27.0
0583720090700100020355,Turbo,0.71,conectividad_media,214.0
0583720100700200010106,Turbo,0.6775,conectividad_media,901.0
0583720100700200020102,Turbo,0.6775,conectividad_media,1131.0
0583720100700200020105,Turbo,0.7175,conectividad_media,1178.0
0583720100700200020303,Turbo,0.5975,conectividad_media,1443.0
0583720090600300010321,Turbo,0.7075,conectividad_media,422.0
0583720100400800010213,Turbo,0.7575,bien_conectado,239.0
0583720230401400010104,Turbo,0.1975,aislado_critico,200.0
0583720090302300010106,Turbo,0.6375,conectividad_media,311.0
0583720010203800010105,Turbo,0.1575,aislado_critico,22224.0
0514710000000000020407,Carepa,0.8275,bien_conectado,165.0
0514720010700700010105,Carepa,0.2675,aislado_critico,1296.0
0514720011001000010120,Carepa,0.5375,semi_aislado,2732.0
0517210000000000010531,Chigorodó,0.5575,conectividad_media,1060.0
0517210000000000020227,Chigorodó,0.5975,conectividad_media,1266.0
0517210000000000020318,Chigorodó,0.5975,conectividad_media,723.0
0517210000000000030105,Chigorodó,0.6275,conectividad_media,70.0
0517210000000000040101,Chigorodó,0.6275,conectividad_media,64.0
0517210000000000050813,Chigorodó,0.6775,conectividad_media,627.0
0517210000000000060110,Chigorodó,0.5975,conectividad_media,809.0
0517210000000000060203,Chigorodó,0.6775,conectividad_media,801.0
0517210000000000060210,Chigorodó,0.6775,conectividad_media,947.0
0517210000000000060504,Chigorodó,0.5575,conectividad_media,1043.0
0517210000000000060602,Chigorodó,0.5975,conectividad_media,1037.0
0517210000000000060616,Chigorodó,0.5975,conectividad_media,1124.0
0517210000000000060902,Chigorodó,0.5975,conectividad_media,1430.0
0517210000000000060928,Chigorodó,0.4575,semi_aislado,1789.0
0549020030200400010127,Necoclí,0.0875,aislado_critico,64563.0
0583720110201800010101,Turbo,0.1975,aislado_critico,98.0
0505120020500300010105,Arboletes,0.0875,aislado_critico,59283.0
0504520020500200010311,Apartadó,0.5775,conectividad_media,41.0
0504520020300900010225,Apartadó,0.6075,conectividad_media,2890.0
0505110000000000010142,Arboletes,0.4375,semi_aislado,84813.0
0505110000000000010327,Arboletes,0.4375,semi_aislado,83921.0
0505110000000000010336,Arboletes,0.4375,semi_aislado,83943.0
0514710000000000010307,Carepa,0.88,bien_conectado,544.0
0514720010601300010115,Carepa,0.4775,semi_aislado,790.0
0549020090501500010102,Necoclí,0.2375,aislado_critico,39060.0
0549010000000000010226,Necoclí,0.2775,aislado_critico,36742.0
0549010000000000010429,Necoclí,0.2775,aislado_critico,36526.0
0549010000000000010718,Necoclí,0.2775,aislado_critico,37746.0
0549020120600100010217,Necoclí,0.2375,aislado_critico,25654.0
0549020050401800010105,Necoclí,0.1975,aislado_critico,41269.0
0565920010100100010115,San Juan de Urabá,0.0875,aislado_critico,70895.0
0565920010300300010105,San Juan de Urabá,0.1075,aislado_critico,71597.0
0583720090700100010718,Turbo,0.74,conectividad_media,230.0
0583720090700100010725,Turbo,0.83,bien_conectado,96.0
0583720090700100020368,Turbo,0.71,conectividad_media,309.0
0583720100700200010101,Turbo,0.5575,conectividad_media,831.0
0583720100700200010312,Turbo,0.7175,conectividad_media,1224.0
0583720100400800010403,Turbo,0.6775,conectividad_media,194.0
0583720020101300010107,Turbo,0.2775,aislado_critico,30331.0
0583720230401400010103,Turbo,0.1975,aislado_critico,134.0
0583720090602600010117,Turbo,0.6775,conectividad_media,15.0
0583720050604200010110,Turbo,0.2775,aislado_critico,14966.0
0505110000000000010402,Arboletes,0.515,semi_aislado,84655.0
0505110000000000011010,Arboletes,0.4375,semi_aislado,84088.0
0549020030300200010108,Necoclí,0.0875,aislado_critico,59532.0
0549020120301400010108,Necoclí,0.2775,aislado_critico,35747.0
0549020090501500010111,Necoclí,0.2775,aislado_critico,38872.0
0583720090700100020506,Turbo,0.87,bien_conectado,115.0
0583720090700100020433,Turbo,0.74,conectividad_media,184.0
0583720090602600010121,Turbo,0.6775,conectividad_media,87.0
0514710000000000020432,Carepa,0.8275,bien_conectado,264.0
0514710000000000030228,Carepa,0.9175,bien_conectado,959.0
0517210000000000010311,Chigorodó,0.5975,conectividad_media,707.0
0517210000000000010806,Chigorodó,0.4175,semi_aislado,1408.0
0517210000000000020424,Chigorodó,0.5575,conectividad_media,1129.0
0517210000000000030106,Chigorodó,0.6275,conectividad_media,19.0
0517210000000000050210,Chigorodó,0.6275,conectividad_media,134.0
0549020030200400010124,Necoclí,0.0875,aislado_critico,64725.0
0549020050300500010213,Necoclí,0.1975,aislado_critico,44207.0
0565910000000000010233,San Juan de Urabá,0.4375,semi_aislado,73117.0
0514710000000000010704,Carepa,0.79,bien_conectado,393.0
0514710000000000010719,Carepa,0.79,bien_conectado,171.0
0514710000000000020237,Carepa,0.56,conectividad_media,373.0
0514710000000000030413,Carepa,0.915,bien_conectado,787.0
0514710000000000030550,Carepa,0.7875,bien_conectado,451.0
0517210000000000020430,Chigorodó,0.5575,conectividad_media,1209.0
0517210000000000060205,Chigorodó,0.6775,conectividad_media,870.0
0517210000000000060413,Chigorodó,0.5975,conectividad_media,1122.0
0517210000000000060919,Chigorodó,0.4575,semi_aislado,1621.0
0517210000000000060920,Chigorodó,0.4575,semi_aislado,1628.0
0549020030200400010123,Necoclí,0.0875,aislado_critico,64760.0
0565910000000000010706,San Juan de Urabá,0.4,semi_aislado,72872.0
0583720110201800010204,Turbo,0.2375,aislado_critico,31.0
0505110000000000010333,Arboletes,0.4375,semi_aislado,83966.0
0505120020500300010110,Arboletes,0.0875,aislado_critico,59113.0
0549010000000000010504,Necoclí,0.1975,aislado_critico,36373.0
0549020090501500010129,Necoclí,0.2375,aislado_critico,38377.0
0565910000000000010204,San Juan de Urabá,0.515,semi_aislado,73160.0
0566510000000000010910,San Pedro de Urabá,0.44,semi_aislado,23598.0
0583720090700100010216,Turbo,0.71,conectividad_media,208.0
0583720050200500010120,Turbo,0.2775,aislado_critico,15426.0
0504520050300100010101,Apartadó,0.4275,semi_aislado,187.0
0504520030101500010108,Apartadó,0.6375,conectividad_media,229.0
0505110000000000010212,Arboletes,0.515,semi_aislado,84854.0
0505110000000000010536,Arboletes,0.36,semi_aislado,83924.0
0505110000000000011028,Arboletes,0.4375,semi_aislado,83921.0
0505120020500300010104,Arboletes,0.0875,aislado_critico,59379.0
0514710000000000020602,Carepa,0.79,bien_conectado,126.0
0514710000000000010805,Carepa,0.87,bien_conectado,348.0
0514710000000000030519,Carepa,0.8375,bien_conectado,640.0
0549020050401800010109,Necoclí,0.1975,aislado_critico,41051.0
0549010000000000010104,Necoclí,0.2775,aislado_critico,36542.0
0549010000000000010121,Necoclí,0.2375,aislado_critico,37417.0
0549010000000000010614,Necoclí,0.1975,aislado_critico,38129.0
0549010000000000010819,Necoclí,0.2375,aislado_critico,38123.0
0583720100700200020409,Turbo,0.6775,conectividad_media,1199.0
0565910000000000010130,San Juan de Urabá,0.36,semi_aislado,73078.0
0565920010100500010118,San Juan de Urabá,0.0875,aislado_critico,68147.0
0566510000000000010213,San Pedro de Urabá,0.4775,semi_aislado,23317.0
0583720090700100010514,Turbo,0.7475,conectividad_media,276.0
0583720090700100020427,Turbo,0.74,conectividad_media,282.0
0583720100700200010520,Turbo,0.7175,conectividad_media,1213.0
0583720030700600010113,Turbo,0.2775,aislado_critico,15354.0
0583720050604200010101,Turbo,0.2775,aislado_critico,14789.0
0505110000000000011040,Arboletes,0.4375,semi_aislado,83881.0
0566510000000000010127,San Pedro de Urabá,0.4775,semi_aislado,23772.0
0583720090700100010119,Turbo,0.825,bien_conectado,13.0
0583720100700200010304,Turbo,0.6775,conectividad_media,1111.0
0583720100700200010411,Turbo,0.5975,conectividad_media,1321.0
0583720090102700010101,Turbo,0.3775,semi_aislado,2964.0
0514710000000000010106,Carepa,0.88,bien_conectado,659.0
0514710000000000020227,Carepa,0.6,conectividad_media,232.0
0514710000000000020423,Carepa,0.7875,bien_conectado,228.0
0514710000000000030553,Carepa,0.7875,bien_conectado,409.0
0517210000000000010533,Chigorodó,0.5975,conectividad_media,895.0
0517210000000000010615,Chigorodó,0.6275,conectividad_media,323.0
0517210000000000010617,Chigorodó,0.6275,conectividad_media,359.0
0517210000000000010809,Chigorodó,0.4175,semi_aislado,1486.0
0517210000000000020230,Chigorodó,0.5975,conectividad_media,1393.0
0517210000000000020429,Chigorodó,0.4575,semi_aislado,1200.0
0517210000000000040115,Chigorodó,0.7075,conectividad_media,67.0
0517210000000000050506,Chigorodó,0.6275,conectividad_media,406.0
0517210000000000050520,Chigorodó,0.6775,conectividad_media,599.0
0517210000000000050528,Chigorodó,0.7075,conectividad_media,410.0
0517210000000000060206,Chigorodó,0.6775,conectividad_media,909.0
0517210000000000060824,Chigorodó,0.5575,conectividad_media,1351.0
0565910000000000010708,San Juan de Urabá,0.4375,semi_aislado,73008.0
0565910000000000010718,San Juan de Urabá,0.31,aislado_critico,72662.0
0565910000000000010806,San Juan de Urabá,0.4,semi_aislado,72318.0
0504520020300900010102,Apartadó,0.5675,conectividad_media,2298.0
0505110000000000010205,Arboletes,0.4775,semi_aislado,84538.0
0549020120600100010218,Necoclí,0.1975,aislado_critico,25674.0
0514710000000000030627,Carepa,0.75,bien_conectado,392.0
0549020120600100010315,Necoclí,0.1975,aislado_critico,25724.0
0549020090501500010113,Necoclí,0.2775,aislado_critico,38930.0
0566510000000000010809,San Pedro de Urabá,0.515,semi_aislado,23565.0
0565910000000000010208,San Juan de Urabá,0.515,semi_aislado,72916.0
0583720090700100010111,Turbo,0.7875,bien_conectado,19.0
0583720090700100020110,Turbo,0.9475,bien_conectado,257.0
0583720090700100020205,Turbo,0.8275,bien_conectado,165.0
0583720090700100020376,Turbo,0.66,conectividad_media,219.0
0583720100700200010102,Turbo,0.5575,conectividad_media,854.0
0504520020300300010106,Apartadó,0.6275,conectividad_media,378.0
0504520020300900010321,Apartadó,0.4875,semi_aislado,2550.0
0504520010301100010202,Apartadó,0.74,conectividad_media,10.0
0504520010301100010224,Apartadó,0.7,conectividad_media,142.0
0505110000000000010201,Arboletes,0.475,semi_aislado,84916.0
0505110000000000010809,Arboletes,0.435,semi_aislado,84450.0
0505110000000000011124,Arboletes,0.36,semi_aislado,83559.0
0505120030101100010108,Arboletes,0.0875,aislado_critico,62696.0
0505120030101100010131,Arboletes,0.0875,aislado_critico,62335.0
0514710000000000020719,Carepa,0.8275,bien_conectado,361.0
0514710000000000030407,Carepa,0.875,bien_conectado,617.0
0517220060601500010114,Chigorodó,0.3875,semi_aislado,2355.0
0517220060601500010104,Chigorodó,0.3875,semi_aislado,2536.0
0549010000000000010408,Necoclí,0.2775,aislado_critico,36665.0
0549020120600100010226,Necoclí,0.1975,aislado_critico,25464.0
0549020120300300010137,Necoclí,0.2375,aislado_critico,34654.0
0549020050300500010102,Necoclí,0.1975,aislado_critico,44484.0
0549020050300500010205,Necoclí,0.1975,aislado_critico,44264.0
0549020090200800010109,Necoclí,0.0875,aislado_critico,49183.0
0549020120801600010106,Necoclí,0.2375,aislado_critico,29032.0
0565920010300300010117,San Juan de Urabá,0.1075,aislado_critico,71353.0
0566510000000000010121,San Pedro de Urabá,0.4775,semi_aislado,23592.0
0566510000000000010153,San Pedro de Urabá,0.44,semi_aislado,23885.0
0566510000000000010343,San Pedro de Urabá,0.4775,semi_aislado,23269.0
0566510000000000010430,San Pedro de Urabá,0.35,semi_aislado,22954.0
0566510000000000010730,San Pedro de Urabá,0.44,semi_aislado,23213.0
0583720090700100020125,Turbo,0.865,bien_conectado,52.0
0583720090700100020317,Turbo,0.83,bien_conectado,112.0
0583720090700100020524,Turbo,0.87,bien_conectado,11.0
0583720100700200010505,Turbo,0.6775,conectividad_media,1302.0
0583720100700200020107,Turbo,0.7175,conectividad_media,1104.0
0583720100700200020206,Turbo,0.5975,conectividad_media,1391.0
0583720100700200020406,Turbo,0.6375,conectividad_media,1127.0
0583720100700200020520,Turbo,0.6375,conectividad_media,1314.0
0583720030700600010102,Turbo,0.2775,aislado_critico,15483.0
0583720240400900010105,Turbo,0.3675,semi_aislado,30.0
0514710000000000010335,Carepa,0.78,bien_conectado,81.0
0514710000000000020239,Carepa,0.56,conectividad_media,389.0
0514710000000000020725,Carepa,0.79,bien_conectado,154.0
0514710000000000030105,Carepa,0.8775,bien_conectado,749.0
0514710000000000030208,Carepa,0.8775,bien_conectado,762.0
0514710000000000030216,Carepa,0.8775,bien_conectado,781.0
0514710000000000030414,Carepa,0.915,bien_conectado,745.0
0514710000000000030521,Carepa,0.8375,bien_conectado,626.0
0517210000000000010308,Chigorodó,0.5975,conectividad_media,766.0
0517210000000000010320,Chigorodó,0.5975,conectividad_media,819.0
0517210000000000020417,Chigorodó,0.5575,conectividad_media,1181.0
0517210000000000020427,Chigorodó,0.5575,conectividad_media,1255.0
0517210000000000030109,Chigorodó,0.6275,conectividad_media,114.0
0517210000000000030210,Chigorodó,0.7475,conectividad_media,72.0
0517210000000000050125,Chigorodó,0.7475,conectividad_media,361.0
0517210000000000050413,Chigorodó,0.6275,conectividad_media,360.0
0517210000000000060125,Chigorodó,0.6775,conectividad_media,748.0
0517210000000000060402,Chigorodó,0.5975,conectividad_media,899.0
0517210000000000060431,Chigorodó,0.5975,conectividad_media,1113.0
0517210000000000060708,Chigorodó,0.5975,conectividad_media,1072.0
0517210000000000060930,Chigorodó,0.4575,semi_aislado,1744.0
0565910000000000010309,San Juan de Urabá,0.515,semi_aislado,73192.0
0565910000000000010604,San Juan de Urabá,0.36,semi_aislado,72674.0
0565910000000000010616,San Juan de Urabá,0.4375,semi_aislado,72936.0
0566510000000000030110,San Pedro de Urabá,0.4775,semi_aislado,23006.0
0505110000000000011119,Arboletes,0.36,semi_aislado,83532.0
0505120060400100010114,Arboletes,0.0875,aislado_critico,62092.0
0504520020300900010118,Apartadó,0.6475,conectividad_media,2479.0
0504520010301100010235,Apartadó,0.78,bien_conectado,433.0
0504520010101400010103,Apartadó,0.4275,semi_aislado,42.0
0505110000000000010131,Arboletes,0.475,semi_aislado,84628.0
0505110000000000010544,Arboletes,0.36,semi_aislado,84136.0
0505110000000000010906,Arboletes,0.435,semi_aislado,84573.0
0505110000000000010916,Arboletes,0.435,semi_aislado,84711.0
0505120030101100010102,Arboletes,0.0875,aislado_critico,62798.0
0505120030101100010107,Arboletes,0.0875,aislado_critico,62680.0
0505120050401400010108,Arboletes,0.2775,aislado_critico,45132.0
0514710000000000010223,Carepa,0.78,bien_conectado,77.0
0514710000000000030537,Carepa,0.8375,bien_conectado,609.0
0514710000000000030617,Carepa,0.7875,bien_conectado,412.0
0549010000000000010610,Necoclí,0.2775,aislado_critico,39300.0
0549010000000000010716,Necoclí,0.2775,aislado_critico,37787.0
0549010000000000010913,Necoclí,0.2375,aislado_critico,38335.0
0549020120600100010413,Necoclí,0.2775,aislado_critico,26341.0
0549020050401800010106,Necoclí,0.1975,aislado_critico,41203.0
0565920020500200010107,San Juan de Urabá,0.0875,aislado_critico,66083.0
0566510000000000010560,San Pedro de Urabá,0.44,semi_aislado,24067.0
0566520040200200010106,San Pedro de Urabá,0.2775,aislado_critico,38835.0
0583720090700100010124,Turbo,0.71,conectividad_media,124.0
0583720090700100020108,Turbo,0.9475,bien_conectado,289.0
0583720100700200020302,Turbo,0.5975,conectividad_media,1423.0
0583720020101300010110,Turbo,0.2775,aislado_critico,30199.0
0504520020500200010306,Apartadó,0.5775,conectividad_media,23.0
0505110000000000010522,Arboletes,0.4375,semi_aislado,84287.0
0514710000000000010123,Carepa,0.88,bien_conectado,754.0
0514710000000000020621,Carepa,0.79,bien_conectado,217.0
0517220100400700010101,Chigorodó,0.3275,aislado_critico,4084.0
0583720090402400010106,Turbo,0.7175,conectividad_media,21.0
0549010000000000010506,Necoclí,0.2375,aislado_critico,36567.0
0549020120600100010132,Necoclí,0.1975,aislado_critico,25392.0
0549020030300200010207,Necoclí,0.0875,aislado_critico,59577.0
0549020090501500010115,Necoclí,0.2775,aislado_critico,38836.0
0583720090402400010126,Turbo,0.5975,conectividad_media,268.0
0566510000000000010812,San Pedro de Urabá,0.4775,semi_aislado,23300.0
0566510000000000011018,San Pedro de Urabá,0.31,aislado_critico,23880.0
0583720090700100010605,Turbo,0.9075,bien_conectado,236.0
0583720090700100020429,Turbo,0.79,bien_conectado,221.0
0583720100700200010118,Turbo,0.5575,conectividad_media,838.0
0583720100700200020309,Turbo,0.5575,conectividad_media,1386.0
0583720090600300010204,Turbo,0.7075,conectividad_media,177.0
0583720080301000010122,Turbo,0.4275,semi_aislado,2816.0
0583720090602600010106,Turbo,0.6775,conectividad_media,97.0
0583720090503500010103,Turbo,0.2575,aislado_critico,26.0
0583720050604200010108,Turbo,0.2775,aislado_critico,14930.0
0514710000000000020915,Carepa,0.6,conectividad_media,442.0
0514710000000000010324,Carepa,0.86,bien_conectado,260.0
0514710000000000010325,Carepa,0.86,bien_conectado,277.0
0514710000000000010329,Carepa,0.86,bien_conectado,236.0
0514710000000000020804,Carepa,0.56,conectividad_media,463.0
0514710000000000020431,Carepa,0.7875,bien_conectado,278.0
0514710000000000020605,Carepa,0.79,bien_conectado,102.0
0514710000000000030115,Carepa,0.88,bien_conectado,893.0
0517210000000000010116,Chigorodó,0.4975,semi_aislado,660.0
0517210000000000020317,Chigorodó,0.6775,conectividad_media,668.0
0517210000000000060434,Chigorodó,0.5975,conectividad_media,891.0
0517210000000000020403,Chigorodó,0.5575,conectividad_media,923.0
0517210000000000020431,Chigorodó,0.4575,semi_aislado,1255.0
0517210000000000050424,Chigorodó,0.7075,conectividad_media,486.0
0517210000000000060321,Chigorodó,0.5975,conectividad_media,1031.0
0517210000000000060419,Chigorodó,0.5975,conectividad_media,1186.0
0517210000000000060703,Chigorodó,0.5975,conectividad_media,1133.0
0517210000000000060823,Chigorodó,0.5575,conectividad_media,1322.0
0517210000000000061005,Chigorodó,0.5975,conectividad_media,1191.0
0517210000000000061006,Chigorodó,0.5975,conectividad_media,1170.0
0517210000000000061015,Chigorodó,0.5575,conectividad_media,1326.0
0549020030200400010125,Necoclí,0.0875,aislado_critico,64660.0
0565910000000000010107,San Juan de Urabá,0.4775,semi_aislado,72767.0
0565910000000000010136,San Juan de Urabá,0.36,semi_aislado,72952.0
0565910000000000010707,San Juan de Urabá,0.4375,semi_aislado,72944.0
0583720110201800010102,Turbo,0.1975,aislado_critico,205.0
0583720110201800010112,Turbo,0.1975,aislado_critico,353.0
0583720110201800010202,Turbo,0.2375,aislado_critico,126.0
0504520020500200010120,Apartadó,0.5375,semi_aislado,492.0
0505110000000000010144,Arboletes,0.475,semi_aislado,84606.0
0514710000000000030516,Carepa,0.8375,bien_conectado,674.0
0514720010601300010113,Carepa,0.4775,semi_aislado,832.0
0549010000000000010830,Necoclí,0.2375,aislado_critico,38011.0
0549020040400900010107,Necoclí,0.0875,aislado_critico,49448.0
0565920010100500010123,San Juan de Urabá,0.0875,aislado_critico,67884.0
0566510000000000010737,San Pedro de Urabá,0.44,semi_aislado,23306.0
0583720090700100010128,Turbo,0.71,conectividad_media,197.0
0583720100700200010508,Turbo,0.6775,conectividad_media,1338.0
0583720240400900010102,Turbo,0.3275,aislado_critico,31.0
0583720090402400010108,Turbo,0.6775,conectividad_media,145.0
0583720090103900010103,Turbo,0.2875,aislado_critico,4407.0
0583720100400800010426,Turbo,0.6375,conectividad_media,138.0
0504520020300900010319,Apartadó,0.6075,conectividad_media,2551.0
0504520010301100010101,Apartadó,0.64,conectividad_media,77.0
0504520010301100010102,Apartadó,0.64,conectividad_media,101.0
0504520030101500010111,Apartadó,0.6375,conectividad_media,185.0
0505110000000000010229,Arboletes,0.515,semi_aislado,84599.0
0505120030101100010134,Arboletes,0.0875,aislado_critico,62008.0
0549020120600100010123,Necoclí,0.2375,aislado_critico,25672.0
0514710000000000010806,Carepa,0.87,bien_conectado,415.0
0514710000000000020106,Carepa,0.74,conectividad_media,117.0
0514720010601300010103,Carepa,0.4775,semi_aislado,703.0
0583720090700100010414,Turbo,0.71,conectividad_media,305.0
0549020120600100010302,Necoclí,0.1975,aislado_critico,25948.0
0549010000000000010119,Necoclí,0.2375,aislado_critico,37381.0
0549020120600100010426,Necoclí,0.2375,aislado_critico,25842.0
0549020030300200010112,Necoclí,0.0875,aislado_critico,59589.0
0549020030300200010117,Necoclí,0.0875,aislado_critico,60022.0
0549020030300200010202,Necoclí,0.0875,aislado_critico,59643.0
0549020030300200010224,Necoclí,0.0875,aislado_critico,59167.0
0549020120300300010105,Necoclí,0.2775,aislado_critico,34536.0
0549020120300300010116,Necoclí,0.2775,aislado_critico,34484.0
0549020040400900010131,Necoclí,0.1075,aislado_critico,48336.0
0549020120301400010106,Necoclí,0.2775,aislado_critico,35999.0
0565910000000000010210,San Juan de Urabá,0.515,semi_aislado,72908.0
0583720090700100010104,Turbo,0.71,conectividad_media,71.0
0583720090700100010711,Turbo,0.83,bien_conectado,7.0
0583720090700100020335,Turbo,0.71,conectividad_media,214.0
0583720100700200010108,Turbo,0.6775,conectividad_media,942.0
0583720100700200010511,Turbo,0.6775,conectividad_media,1231.0
0583720100700200020503,Turbo,0.6375,conectividad_media,1280.0
0583720090600300010216,Turbo,0.6275,conectividad_media,22.0
0583720090603100010112,Turbo,0.5975,conectividad_media,25.0
0517210000000000010511,Chigorodó,0.5975,conectividad_media,716.0
0517210000000000020602,Chigorodó,0.4175,semi_aislado,1595.0
0517210000000000030205,Chigorodó,0.6275,conectividad_media,298.0
0517210000000000060412,Chigorodó,0.5975,conectividad_media,1030.0
0517210000000000061008,Chigorodó,0.5975,conectividad_media,1222.0
0565910000000000010126,San Juan de Urabá,0.36,semi_aislado,72071.0
0514710000000000020802,Carepa,0.6,conectividad_media,415.0
0514710000000000030108,Carepa,0.8775,bien_conectado,806.0
0514710000000000030409,Carepa,0.915,bien_conectado,735.0
0514710000000000030543,Carepa,0.7975,bien_conectado,514.0
0517210000000000010202,Chigorodó,0.4975,semi_aislado,877.0
0517210000000000010314,Chigorodó,0.5975,conectividad_media,592.0
0517210000000000010325,Chigorodó,0.6275,conectividad_media,334.0
0517210000000000010614,Chigorodó,0.6275,conectividad_media,378.0
0517210000000000020306,Chigorodó,0.5975,conectividad_media,660.0
0517210000000000030217,Chigorodó,0.7475,conectividad_media,56.0
0517210000000000040112,Chigorodó,0.7075,conectividad_media,143.0
0517210000000000050326,Chigorodó,0.5875,conectividad_media,163.0
0517210000000000050501,Chigorodó,0.7075,conectividad_media,340.0
0517210000000000050525,Chigorodó,0.6275,conectividad_media,453.0
0517210000000000050803,Chigorodó,0.6775,conectividad_media,565.0
0517210000000000060306,Chigorodó,0.5975,conectividad_media,872.0
0517210000000000060723,Chigorodó,0.5975,conectividad_media,1017.0
0517210000000000060918,Chigorodó,0.4575,semi_aislado,1583.0
0549020090501500010130,Necoclí,0.2375,aislado_critico,38391.0
0565910000000000010231,San Juan de Urabá,0.4375,semi_aislado,73209.0
0565910000000000010417,San Juan de Urabá,0.4375,semi_aislado,73711.0
0565910000000000010714,San Juan de Urabá,0.36,semi_aislado,72830.0
0566510000000000020125,San Pedro de Urabá,0.4,semi_aislado,22968.0
0583720110201800010302,Turbo,0.1975,aislado_critico,466.0
0504520010101400010109,Apartadó,0.4275,semi_aislado,46.0
0504520010101600010111,Apartadó,0.3475,aislado_critico,37.0
0505110000000000011032,Arboletes,0.4375,semi_aislado,84057.0
0514710000000000010215,Carepa,0.78,bien_conectado,123.0
0514710000000000020415,Carepa,0.8275,bien_conectado,199.0
0514710000000000020712,Carepa,0.8275,bien_conectado,392.0
0517220100400700010113,Chigorodó,0.3675,semi_aislado,4024.0
0549010000000000010906,Necoclí,0.1975,aislado_critico,38464.0
0549020120600100010422,Necoclí,0.2775,aislado_critico,26032.0
0549020120301000010106,Necoclí,0.2775,aislado_critico,34405.0
0549020090201200010101,Necoclí,0.0875,aislado_critico,48953.0
0549020090501500010112,Necoclí,0.2775,aislado_critico,38894.0
0565920010100100010103,San Juan de Urabá,0.0875,aislado_critico,70975.0
0566510000000000010164,San Pedro de Urabá,0.44,semi_aislado,23952.0
0566510000000000010407,San Pedro de Urabá,0.44,semi_aislado,23209.0
0566510000000000010541,San Pedro de Urabá,0.4775,semi_aislado,23796.0
0566510000000000010806,San Pedro de Urabá,0.4775,semi_aislado,23717.0
0583720090700100010133,Turbo,0.71,conectividad_media,13.0
0583720090700100020228,Turbo,0.9075,bien_conectado,281.0
0583720090700100020352,Turbo,0.71,conectividad_media,243.0
0583720090700100020410,Turbo,0.83,bien_conectado,71.0
0583720100700200020211,Turbo,0.6775,conectividad_media,1378.0
0583720090600300010214,Turbo,0.6275,conectividad_media,106.0
0583720030700600010109,Turbo,0.2775,aislado_critico,15397.0
0583720020101300010102,Turbo,0.2775,aislado_critico,30184.0
0583720090102700010103,Turbo,0.4175,semi_aislado,2978.0
0583720030802900010104,Turbo,0.2775,aislado_critico,10300.0
0504520010301100010111,Apartadó,0.74,conectividad_media,89.0
0504520020300900010217,Apartadó,0.5675,conectividad_media,2751.0
0505110000000000010106,Arboletes,0.475,semi_aislado,84616.0
0505110000000000010130,Arboletes,0.4375,semi_aislado,84414.0
0505110000000000010408,Arboletes,0.515,semi_aislado,84712.0
0505110000000000011034,Arboletes,0.4375,semi_aislado,83969.0
0505120030101100010121,Arboletes,0.0875,aislado_critico,62217.0
0514710000000000020209,Carepa,0.6,conectividad_media,257.0
0517220070300300010113,Chigorodó,0.3575,semi_aislado,960.0
0517220100400700010111,Chigorodó,0.3675,semi_aislado,3975.0
0549010000000000010314,Necoclí,0.2775,aislado_critico,36913.0
0549010000000000010330,Necoclí,0.2775,aislado_critico,37377.0
0549010000000000010431,Necoclí,0.2775,aislado_critico,36686.0
0549010000000000010721,Necoclí,0.2775,aislado_critico,37692.0
0549020030300200010129,Necoclí,0.0875,aislado_critico,59972.0
0549020050300500010108,Necoclí,0.1975,aislado_critico,44357.0
0549020120301000010103,Necoclí,0.2775,aislado_critico,34477.0
0565920010300300010126,San Juan de Urabá,0.1075,aislado_critico,71764.0
0566520040200200010114,San Pedro de Urabá,0.2375,aislado_critico,38432.0
0583720090600300010119,Turbo,0.7075,conectividad_media,167.0
0583720090700100010728,Turbo,0.74,conectividad_media,126.0
0583720090700100020409,Turbo,0.83,bien_conectado,27.0
0583720090700100020512,Turbo,0.91,bien_conectado,127.0
0583720090700100020526,Turbo,0.87,bien_conectado,77.0
0583720100700200010415,Turbo,0.6775,conectividad_media,1308.0
0583720090600300010304,Turbo,0.7075,conectividad_media,68.0
0583720090402400010118,Turbo,0.6775,conectividad_media,115.0
0583720030802900010108,Turbo,0.2775,aislado_critico,10183.0
0514710000000000010108,Carepa,0.88,bien_conectado,587.0
0514710000000000010115,Carepa,0.88,bien_conectado,745.0
0514710000000000020215,Carepa,0.6,conectividad_media,162.0
0514710000000000020244,Carepa,0.6,conectividad_media,189.0
0514710000000000020310,Carepa,0.79,bien_conectado,146.0
0514710000000000020519,Carepa,0.8275,bien_conectado,380.0
0514720010700700010127,Carepa,0.2675,aislado_critico,1371.0
0514720010700700010133,Carepa,0.2675,aislado_critico,1460.0
0517210000000000020204,Chigorodó,0.5975,conectividad_media,584.0
0517210000000000020219,Chigorodó,0.5975,conectividad_media,1023.0
0517210000000000020507,Chigorodó,0.4575,semi_aislado,1464.0
0517210000000000050106,Chigorodó,0.7075,conectividad_media,113.0
0517210000000000050129,Chigorodó,0.7075,conectividad_media,291.0
0517210000000000060213,Chigorodó,0.5975,conectividad_media,971.0
0517210000000000060809,Chigorodó,0.5975,conectividad_media,1212.0
0517210000000000060913,Chigorodó,0.4575,semi_aislado,1550.0
0565910000000000010132,San Juan de Urabá,0.36,semi_aislado,72989.0
0565910000000000010202,San Juan de Urabá,0.4375,semi_aislado,73081.0
0566510000000000020105,San Pedro de Urabá,0.4,semi_aislado,22988.0
0505110000000000011104,Arboletes,0.4,semi_aislado,83792.0
0549010000000000010416,Necoclí,0.2775,aislado_critico,36427.0
0549020040400900010116,Necoclí,0.1075,aislado_critico,49280.0
0583720050603700010105,Turbo,0.1075,aislado_critico,13198.0
0504520020300900010109,Apartadó,0.6075,conectividad_media,2363.0
0504520020300900010121,Apartadó,0.6475,conectividad_media,2557.0
0504520020300900010216,Apartadó,0.5275,semi_aislado,2817.0
0504520010301100010226,Apartadó,0.78,bien_conectado,304.0
0505110000000000010223,Arboletes,0.4375,semi_aislado,85000.0
0505110000000000011023,Arboletes,0.4375,semi_aislado,83934.0
0505110000000000011042,Arboletes,0.36,semi_aislado,83762.0
0505120050401400010102,Arboletes,0.2775,aislado_critico,45153.0
0514710000000000020511,Carepa,0.7575,bien_conectado,544.0
0514710000000000020707,Carepa,0.79,bien_conectado,301.0
0549010000000000010130,Necoclí,0.2775,aislado_critico,37073.0
0549010000000000010201,Necoclí,0.2775,aislado_critico,36819.0
0549010000000000010212,Necoclí,0.2775,aislado_critico,36650.0
0549010000000000010708,Necoclí,0.2775,aislado_critico,37951.0
0549020120600100010116,Necoclí,0.2375,aislado_critico,25598.0
0549020120600100010233,Necoclí,0.1975,aislado_critico,25454.0
0549020120600100010410,Necoclí,0.2775,aislado_critico,26189.0
0549020120300300010114,Necoclí,0.2375,aislado_critico,34586.0
0549020120101100010103,Necoclí,0.2775,aislado_critico,32468.0
0565920010100500010124,San Juan de Urabá,0.0875,aislado_critico,68202.0
0566510000000000010350,San Pedro de Urabá,0.44,semi_aislado,22855.0
0566510000000000010726,San Pedro de Urabá,0.4775,semi_aislado,23514.0
0566510000000000010807,San Pedro de Urabá,0.515,semi_aislado,23627.0
0566510000000000030101,San Pedro de Urabá,0.4,semi_aislado,23137.0
0566520010100400010118,San Pedro de Urabá,0.0875,aislado_critico,54384.0
0583720090700100010727,Turbo,0.74,conectividad_media,104.0
0583720090700100020220,Turbo,0.87,bien_conectado,238.0
0583720090700100020225,Turbo,0.9075,bien_conectado,183.0
0583720090700100020334,Turbo,0.71,conectividad_media,177.0
0583720090700100020349,Turbo,0.66,conectividad_media,155.0
0583720090700100020503,Turbo,0.91,bien_conectado,192.0
0583720090600300010337,Turbo,0.6275,conectividad_media,335.0
0583720090302300010108,Turbo,0.6375,conectividad_media,250.0
0583720090402400010109,Turbo,0.6775,conectividad_media,167.0
0583720090602600010111,Turbo,0.6775,conectividad_media,68.0
0583720090103900010111,Turbo,0.3375,aislado_critico,4218.0
0504520050300100010113,Apartadó,0.4275,semi_aislado,21.0
0514710000000000010205,Carepa,0.82,bien_conectado,273.0
0514710000000000020416,Carepa,0.8275,bien_conectado,206.0
0514710000000000030602,Carepa,0.8275,bien_conectado,480.0
0549010000000000010615,Necoclí,0.1975,aislado_critico,37814.0
0549010000000000010703,Necoclí,0.2375,aislado_critico,38050.0
0549010000000000010709,Necoclí,0.2775,aislado_critico,37957.0
0565910000000000010133,San Juan de Urabá,0.36,semi_aislado,72972.0
0565920010100100010114,San Juan de Urabá,0.0875,aislado_critico,70953.0
0566510000000000010155,San Pedro de Urabá,0.4775,semi_aislado,23879.0
0583720020101300010116,Turbo,0.2775,aislado_critico,30039.0
0583720100700200010208,Turbo,0.5975,conectividad_media,1130.0
0583720100400800010106,Turbo,0.6375,conectividad_media,220.0
0583720100400800010205,Turbo,0.7575,bien_conectado,290.0
0583720030803200010108,Turbo,0.2375,aislado_critico,11715.0
0514710000000000010229,Carepa,0.78,bien_conectado,98.0
0514710000000000020226,Carepa,0.6,conectividad_media,175.0
0514710000000000020610,Carepa,0.8275,bien_conectado,183.0
0514710000000000020806,Carepa,0.6,conectividad_media,477.0
0514710000000000030117,Carepa,0.8775,bien_conectado,814.0
0514710000000000030222,Carepa,0.88,bien_conectado,993.0
0514710000000000030419,Carepa,0.8375,bien_conectado,513.0
0514710000000000030621,Carepa,0.7875,bien_conectado,432.0
0514710000000000030638,Carepa,0.75,bien_conectado,229.0
0514720010700700010129,Carepa,0.2675,aislado_critico,1381.0
0517210000000000010606,Chigorodó,0.5975,conectividad_media,740.0
0517210000000000020210,Chigorodó,0.6275,conectividad_media,445.0
0517210000000000020334,Chigorodó,0.5975,conectividad_media,753.0
0517210000000000020423,Chigorodó,0.5575,conectividad_media,1244.0
0517210000000000030211,Chigorodó,0.7075,conectividad_media,129.0
0517210000000000040111,Chigorodó,0.7075,conectividad_media,113.0
0517210000000000050323,Chigorodó,0.6275,conectividad_media,304.0
0517210000000000050420,Chigorodó,0.7075,conectividad_media,452.0
0517210000000000050430,Chigorodó,0.7075,conectividad_media,419.0
0517210000000000050712,Chigorodó,0.5875,conectividad_media,161.0
0517210000000000050805,Chigorodó,0.6775,conectividad_media,544.0
0517210000000000060124,Chigorodó,0.6775,conectividad_media,658.0
0517210000000000060317,Chigorodó,0.5975,conectividad_media,978.0
0517210000000000060506,Chigorodó,0.5975,conectividad_media,1090.0
0517210000000000060609,Chigorodó,0.5975,conectividad_media,1124.0
0517210000000000060610,Chigorodó,0.5975,conectividad_media,1152.0
0517210000000000060932,Chigorodó,0.4575,semi_aislado,1789.0
0549020030200400010101,Necoclí,0.0875,aislado_critico,64835.0
0565910000000000010134,San Juan de Urabá,0.36,semi_aislado,73005.0
0565910000000000010518,San Juan de Urabá,0.515,semi_aislado,73918.0
0566510000000000011007,San Pedro de Urabá,0.31,aislado_critico,24084.0
0583720110201800010213,Turbo,0.2375,aislado_critico,42.0
0514710000000000020207,Carepa,0.6,conectividad_media,234.0
0549010000000000010118,Necoclí,0.2775,aislado_critico,36974.0
0549010000000000010706,Necoclí,0.2775,aislado_critico,37989.0
0549020030300200010203,Necoclí,0.0875,aislado_critico,59639.0
0549020120100700010114,Necoclí,0.1475,aislado_critico,35348.0
0565920010300300010102,San Juan de Urabá,0.1075,aislado_critico,71618.0
0566520010100400010117,San Pedro de Urabá,0.0875,aislado_critico,54276.0
0583720100700200010206,Turbo,0.5975,conectividad_media,1040.0
0583720100400800010112,Turbo,0.6375,conectividad_media,152.0
0583720100400800010407,Turbo,0.6375,conectividad_media,64.0
0504520050300100010103,Apartadó,0.4275,semi_aislado,109.0
0504520020500200010304,Apartadó,0.5775,conectividad_media,60.0
0504520020300900010328,Apartadó,0.4875,semi_aislado,2557.0
0504520010301100010201,Apartadó,0.74,conectividad_media,18.0
0504520010301100010203,Apartadó,0.74,conectividad_media,29.0
0504520030101500010117,Apartadó,0.6375,conectividad_media,157.0
0505110000000000010321,Arboletes,0.4375,semi_aislado,84002.0
0505110000000000010704,Arboletes,0.475,semi_aislado,84396.0
0505110000000000010907,Arboletes,0.435,semi_aislado,84561.0
0505120060400100010101,Arboletes,0.0875,aislado_critico,62144.0
0505120030200800010112,Arboletes,0.0875,aislado_critico,57288.0
0514710000000000020303,Carepa,0.79,bien_conectado,75.0
0514710000000000020514,Carepa,0.8275,bien_conectado,490.0
0549010000000000010108,Necoclí,0.2775,aislado_critico,36501.0
0549010000000000010214,Necoclí,0.2775,aislado_critico,36338.0
0549010000000000010313,Necoclí,0.2775,aislado_critico,36895.0
0549010000000000010403,Necoclí,0.2775,aislado_critico,36730.0
0549020120600100010135,Necoclí,0.2375,aislado_critico,25434.0
0549020120600100010318,Necoclí,0.1975,aislado_critico,25885.0
0549020120300300010129,Necoclí,0.2775,aislado_critico,34760.0
0549020120600600010105,Necoclí,0.2375,aislado_critico,30306.0
0549020050401800010107,Necoclí,0.1975,aislado_critico,41197.0
0566510000000000010410,San Pedro de Urabá,0.4,semi_aislado,23108.0
0566510000000000010419,San Pedro de Urabá,0.4,semi_aislado,23023.0
0566510000000000010429,San Pedro de Urabá,0.4,semi_aislado,23037.0
0566520040200200010102,San Pedro de Urabá,0.2775,aislado_critico,39039.0
0583720090700100010109,Turbo,0.7875,bien_conectado,90.0
0583720090700100010112,Turbo,0.7475,conectividad_media,51.0
0583720090700100010118,Turbo,0.71,conectividad_media,194.0
0583720090700100010137,Turbo,0.7475,conectividad_media,118.0
0583720090700100010508,Turbo,0.7875,bien_conectado,229.0
0583720090700100010721,Turbo,0.83,bien_conectado,185.0
0583720090700100020325,Turbo,0.71,conectividad_media,260.0
0583720090700100020402,Turbo,0.83,bien_conectado,6.0
0583720100700200010307,Turbo,0.6775,conectividad_media,1139.0
0583720100700200020407,Turbo,0.6775,conectividad_media,1211.0
0583720100700200020413,Turbo,0.6375,conectividad_media,1166.0
0583720050200500010111,Turbo,0.2775,aislado_critico,15201.0
0583720100400800010302,Turbo,0.7575,bien_conectado,172.0
0583720070201200010107,Turbo,0.2775,aislado_critico,11025.0
0583720050202800010105,Turbo,0.2775,aislado_critico,18672.0
0583720030802900010110,Turbo,0.2775,aislado_critico,10156.0
0583720050603700010102,Turbo,0.1075,aislado_critico,13264.0
0583720090103900010114,Turbo,0.3375,aislado_critico,4167.0
0514710000000000010131,Carepa,0.84,bien_conectado,777.0
0514710000000000010406,Carepa,0.87,bien_conectado,439.0
0514710000000000010802,Carepa,0.91,bien_conectado,327.0
0514720010700700010115,Carepa,0.2675,aislado_critico,902.0
0517210000000000010611,Chigorodó,0.5975,conectividad_media,574.0
0517210000000000020332,Chigorodó,0.5975,conectividad_media,649.0
0517210000000000020426,Chigorodó,0.5575,conectividad_media,1217.0
0517210000000000050406,Chigorodó,0.6275,conectividad_media,358.0
0517210000000000050421,Chigorodó,0.7075,conectividad_media,467.0
0517210000000000060309,Chigorodó,0.5975,conectividad_media,948.0
0517210000000000060426,Chigorodó,0.5975,conectividad_media,1313.0
0517210000000000060617,Chigorodó,0.5975,conectividad_media,1180.0
0517210000000000061001,Chigorodó,0.5975,conectividad_media,1103.0
0549020090501500010126,Necoclí,0.2775,aislado_critico,38569.0
0565910000000000010308,San Juan de Urabá,0.515,semi_aislado,73266.0
0565910000000000010138,San Juan de Urabá,0.4,semi_aislado,72858.0
0565910000000000010522,San Juan de Urabá,0.4775,semi_aislado,73666.0
0565910000000000010802,San Juan de Urabá,0.4375,semi_aislado,72378.0
0566510000000000020123,San Pedro de Urabá,0.36,semi_aislado,22698.0
0566510000000000030111,San Pedro de Urabá,0.4,semi_aislado,22970.0
0583720110201800010216,Turbo,0.2375,aislado_critico,116.0
0583720110201800010306,Turbo,0.1975,aislado_critico,195.0
0583720110201800010311,Turbo,0.1975,aislado_critico,404.0
0583720110201800010323,Turbo,0.1975,aislado_critico,241.0
0505110000000000010302,Arboletes,0.4775,semi_aislado,84110.0
0505110000000000011108,Arboletes,0.4,semi_aislado,83706.0
0505120030200800010101,Arboletes,0.0875,aislado_critico,57614.0
0505120050401400010111,Arboletes,0.2775,aislado_critico,45163.0
0505120050401400010114,Arboletes,0.2775,aislado_critico,45019.0
0514710000000000020418,Carepa,0.7875,bien_conectado,314.0
0514710000000000030426,Carepa,0.8375,bien_conectado,642.0
0517220060601500010112,Chigorodó,0.3375,aislado_critico,2664.0
0549010000000000010306,Necoclí,0.2775,aislado_critico,37124.0
0549020120600100010114,Necoclí,0.2375,aislado_critico,25582.0
0549020120600100010225,Necoclí,0.1975,aislado_critico,25445.0
0549020040400900010130,Necoclí,0.1075,aislado_critico,48283.0
0549020120801600010107,Necoclí,0.2375,aislado_critico,29070.0
0565920010300300010112,San Juan de Urabá,0.1075,aislado_critico,71578.0
0566510000000000010113,San Pedro de Urabá,0.4775,semi_aislado,23608.0
0566510000000000010207,San Pedro de Urabá,0.515,semi_aislado,23526.0
0583720100700200020416,Turbo,0.6775,conectividad_media,1097.0
0583720090700100020367,Turbo,0.71,conectividad_media,308.0
0583720100700200020314,Turbo,0.6375,conectividad_media,1308.0
0583720050200500010115,Turbo,0.2775,aislado_critico,15349.0
0583720100400800010417,Turbo,0.6375,conectividad_media,52.0
0583720020101300010115,Turbo,0.2775,aislado_critico,29991.0
0583720020101300010208,Turbo,0.2775,aislado_critico,30098.0
0583720090402400010112,Turbo,0.6775,conectividad_media,101.0
0583720010204000010102,Turbo,0.1075,aislado_critico,25173.0
0504520020500200010105,Apartadó,0.5075,semi_aislado,536.0
0505110000000000010414,Arboletes,0.4775,semi_aislado,84570.0
0514710000000000030305,Carepa,0.8775,bien_conectado,570.0
0549020120600100010221,Necoclí,0.1975,aislado_critico,25543.0
0565920010300300010132,San Juan de Urabá,0.1075,aislado_critico,71712.0
0566520040200800010108,San Pedro de Urabá,0.1475,aislado_critico,42320.0
0583720090700100010207,Turbo,0.7875,bien_conectado,13.0
0583720090700100020302,Turbo,0.75,bien_conectado,157.0
0583720090700100020502,Turbo,0.9475,bien_conectado,167.0
0583720090700100020516,Turbo,0.87,bien_conectado,147.0
0583720100700200020116,Turbo,0.6375,conectividad_media,1005.0
0583720100700200020325,Turbo,0.5575,conectividad_media,1365.0
0583720080301000010108,Turbo,0.4675,semi_aislado,2952.0
0583720070201200010129,Turbo,0.2775,aislado_critico,10709.0
0583720020101300010114,Turbo,0.2775,aislado_critico,30056.0
0583720020101300010119,Turbo,0.2775,aislado_critico,30182.0
0583720090603000010103,Turbo,0.5975,conectividad_media,310.0
0514710000000000030103,Carepa,0.84,bien_conectado,800.0
0514710000000000030412,Carepa,0.8375,bien_conectado,784.0
0517210000000000010315,Chigorodó,0.5975,conectividad_media,554.0
0517210000000000010503,Chigorodó,0.6275,conectividad_media,441.0
0517210000000000010510,Chigorodó,0.5975,conectividad_media,653.0
0517210000000000030203,Chigorodó,0.6275,conectividad_media,234.0
0517210000000000040116,Chigorodó,0.5875,conectividad_media,424.0
0517210000000000050610,Chigorodó,0.7475,conectividad_media,429.0
0517210000000000050708,Chigorodó,0.5875,conectividad_media,284.0
0517210000000000050713,Chigorodó,0.5475,semi_aislado,213.0
0517210000000000060117,Chigorodó,0.5975,conectividad_media,777.0
0517210000000000060518,Chigorodó,0.5975,conectividad_media,1233.0
0517210000000000060911,Chigorodó,0.5575,conectividad_media,1510.0
0517210000000000060931,Chigorodó,0.4575,semi_aislado,1793.0
0549020030200400010107,Necoclí,0.0875,aislado_critico,64699.0
0565910000000000010141,San Juan de Urabá,0.4375,semi_aislado,72913.0
0565910000000000010306,San Juan de Urabá,0.515,semi_aislado,73226.0
0565910000000000010611,San Juan de Urabá,0.4375,semi_aislado,72889.0
0565910000000000010710,San Juan de Urabá,0.4375,semi_aislado,72977.0
0565910000000000010712,San Juan de Urabá,0.31,aislado_critico,72677.0
0583720110201800010126,Turbo,0.1975,aislado_critico,203.0
0514720011001000010111,Carepa,0.5375,semi_aislado,2856.0
0517210000000000010214,Chigorodó,0.4975,semi_aislado,969.0
0549020030200400010119,Necoclí,0.0875,aislado_critico,64446.0
0549010000000000010415,Necoclí,0.2775,aislado_critico,36412.0
0566510000000000010542,San Pedro de Urabá,0.4775,semi_aislado,23924.0
0566520040200200010109,San Pedro de Urabá,0.2775,aislado_critico,38690.0
0583720090700100010320,Turbo,0.71,conectividad_media,353.0
0583720090700100020331,Turbo,0.66,conectividad_media,82.0
0583720100700200010205,Turbo,0.5975,conectividad_media,1042.0
0583720070201200010120,Turbo,0.2775,aislado_critico,10912.0
0504520050300100010109,Apartadó,0.4275,semi_aislado,64.0
0504520020500200010307,Apartadó,0.5775,conectividad_media,72.0
0504520020300900010326,Apartadó,0.6075,conectividad_media,2603.0
0504520010301100010222,Apartadó,0.78,bien_conectado,379.0
0505110000000000010234,Arboletes,0.515,semi_aislado,84417.0
0505110000000000010601,Arboletes,0.4375,semi_aislado,84277.0
0505120040101000010114,Arboletes,0.0875,aislado_critico,54107.0
0583720090102700010109,Turbo,0.3775,semi_aislado,2861.0
0583720090603100010104,Turbo,0.4975,semi_aislado,96.0
0549010000000000010508,Necoclí,0.2375,aislado_critico,36474.0
0549010000000000010603,Necoclí,0.2375,aislado_critico,38945.0
0549010000000000010720,Necoclí,0.2775,aislado_critico,37689.0
0549010000000000010820,Necoclí,0.2375,aislado_critico,38115.0
0549020120600100010111,Necoclí,0.2375,aislado_critico,25702.0
0549020120600100010133,Necoclí,0.2775,aislado_critico,26178.0
0549020120600100010227,Necoclí,0.1975,aislado_critico,25479.0
0549020040400900010102,Necoclí,0.0875,aislado_critico,49651.0
0549020040400900010119,Necoclí,0.1075,aislado_critico,49115.0
0549020090501500010109,Necoclí,0.2775,aislado_critico,38920.0
0566510000000000010221,San Pedro de Urabá,0.4775,semi_aislado,23387.0
0566510000000000010413,San Pedro de Urabá,0.4,semi_aislado,23114.0
0566510000000000010864,San Pedro de Urabá,0.44,semi_aislado,23947.0
0566510000000000020112,San Pedro de Urabá,0.4375,semi_aislado,23105.0
0566520010100400010109,San Pedro de Urabá,0.0875,aislado_critico,54860.0
0583720090700100020420,Turbo,0.83,bien_conectado,27.0
0583720090700100020431,Turbo,0.74,conectividad_media,223.0
0583720100700200010117,Turbo,0.6775,conectividad_media,950.0
0583720090700100010117,Turbo,0.71,conectividad_media,175.0
0583720090700100010123,Turbo,0.71,conectividad_media,83.0
0583720090700100010217,Turbo,0.71,conectividad_media,209.0
0583720090700100010617,Turbo,0.75,bien_conectado,220.0
0583720090700100020324,Turbo,0.71,conectividad_media,297.0
0583720090700100020350,Turbo,0.71,conectividad_media,178.0
0583720100700200010417,Turbo,0.6775,conectividad_media,1387.0
0583720100700200020131,Turbo,0.6375,conectividad_media,941.0
0583720100700200020305,Turbo,0.5975,conectividad_media,1456.0
0583720100700200020506,Turbo,0.6375,conectividad_media,1282.0
0583720090600300010203,Turbo,0.7075,conectividad_media,101.0
0583720090600300010319,Turbo,0.7475,conectividad_media,307.0
0583720100400800010314,Turbo,0.7575,bien_conectado,66.0
0583720100400800010408,Turbo,0.6375,conectividad_media,144.0
0583720100400800010409,Turbo,0.6775,conectividad_media,129.0
0583720020101300010112,Turbo,0.2775,aislado_critico,30131.0
0583720090503500010105,Turbo,0.2575,aislado_critico,68.0
0583720010204000010104,Turbo,0.1075,aislado_critico,25079.0
0514710000000000010725,Carepa,0.79,bien_conectado,87.0
0514710000000000020521,Carepa,0.8275,bien_conectado,432.0
0514710000000000030421,Carepa,0.7575,bien_conectado,543.0
0514720010700700010102,Carepa,0.2675,aislado_critico,1066.0
0514720010700700010112,Carepa,0.2675,aislado_critico,1149.0
0514720011001000010139,Carepa,0.6575,conectividad_media,2607.0
0517210000000000010204,Chigorodó,0.4975,semi_aislado,809.0
0517210000000000010805,Chigorodó,0.4175,semi_aislado,1478.0
0517210000000000020326,Chigorodó,0.6775,conectividad_media,548.0
0517210000000000050204,Chigorodó,0.6275,conectividad_media,126.0
0517210000000000050328,Chigorodó,0.6275,conectividad_media,97.0
0517210000000000050329,Chigorodó,0.5875,conectividad_media,158.0
0517210000000000050405,Chigorodó,0.6275,conectividad_media,345.0
0517210000000000050417,Chigorodó,0.7075,conectividad_media,430.0
0517210000000000060112,Chigorodó,0.5975,conectividad_media,746.0
0517210000000000060717,Chigorodó,0.5575,conectividad_media,1327.0
0517210000000000060925,Chigorodó,0.4575,semi_aislado,1698.0
0565910000000000010717,San Juan de Urabá,0.36,semi_aislado,72792.0
0583720110201800010119,Turbo,0.1975,aislado_critico,201.0
0583720110201800010206,Turbo,0.2375,aislado_critico,61.0
0583720110201800010325,Turbo,0.1975,aislado_critico,241.0
0505110000000000010410,Arboletes,0.515,semi_aislado,84544.0
0505110000000000011109,Arboletes,0.4,semi_aislado,83714.0
0505120020500300010106,Arboletes,0.0875,aislado_critico,59150.0
0514710000000000020210,Carepa,0.6,conectividad_media,293.0
0549020050300500010111,Necoclí,0.1975,aislado_critico,44410.0
0565910000000000010403,San Juan de Urabá,0.4375,semi_aislado,73529.0
0566510000000000010315,San Pedro de Urabá,0.4775,semi_aislado,23325.0
0566520010100400010115,San Pedro de Urabá,0.0875,aislado_critico,54519.0
0583720090700100010208,Turbo,0.7875,bien_conectado,60.0
0583720090700100010707,Turbo,0.83,bien_conectado,99.0
0583720090700100020305,Turbo,0.71,conectividad_media,270.0
0583720100700200020219,Turbo,0.5975,conectividad_media,1389.0
0583720100700200020418,Turbo,0.6775,conectividad_media,1055.0
0583720090600300010220,Turbo,0.6275,conectividad_media,142.0
0504520020500200010313,Apartadó,0.5775,conectividad_media,78.0
0504520020300900010110,Apartadó,0.6075,conectividad_media,2356.0
0504520010301100010204,Apartadó,0.74,conectividad_media,57.0
0505110000000000010230,Arboletes,0.515,semi_aislado,84436.0
0505110000000000010915,Arboletes,0.3975,semi_aislado,84628.0
0505120030200900010120,Arboletes,0.0875,aislado_critico,58146.0
0505120030101100010116,Arboletes,0.0875,aislado_critico,62552.0
0514710000000000010309,Carepa,0.87,bien_conectado,445.0
0549020050300500010212,Necoclí,0.1975,aislado_critico,44332.0
0514710000000000020104,Carepa,0.7,conectividad_media,42.0
0514710000000000020118,Carepa,0.79,bien_conectado,106.0
0517220100400700010108,Chigorodó,0.3675,semi_aislado,3971.0
0549010000000000010325,Necoclí,0.2775,aislado_critico,36908.0
0549010000000000010902,Necoclí,0.1975,aislado_critico,38494.0
0549020040400900010111,Necoclí,0.0875,aislado_critico,49401.0
0549020040400900010122,Necoclí,0.0875,aislado_critico,49403.0
0549020040400900010124,Necoclí,0.0875,aislado_critico,49387.0
0565910000000000010112,San Juan de Urabá,0.515,semi_aislado,72735.0
0565920010100100010107,San Juan de Urabá,0.0875,aislado_critico,70957.0
0565920010100500010120,San Juan de Urabá,0.0875,aislado_critico,68073.0
0566510000000000010839,San Pedro de Urabá,0.4775,semi_aislado,23871.0
0566510000000000011016,San Pedro de Urabá,0.31,aislado_critico,24000.0
0566520010100400010113,San Pedro de Urabá,0.0875,aislado_critico,54572.0
0583720090700100010135,Turbo,0.71,conectividad_media,16.0
0583720100700200010405,Turbo,0.6775,conectividad_media,1211.0
0583720100700200010413,Turbo,0.5975,conectividad_media,1313.0
0583720100700200020316,Turbo,0.5575,conectividad_media,1380.0
0583720090600300010111,Turbo,0.7075,conectividad_media,192.0
0583720090600300010318,Turbo,0.7075,conectividad_media,218.0
0583720080301000010119,Turbo,0.4675,semi_aislado,2887.0
0583720090602600010115,Turbo,0.6775,conectividad_media,19.0
0583720090603000010101,Turbo,0.5975,conectividad_media,243.0
0583720030803200010113,Turbo,0.1975,aislado_critico,12897.0
0583720240204300010101,Turbo,0.1075,aislado_critico,13559.0
0514710000000000010507,Carepa,0.79,bien_conectado,287.0
0514710000000000020317,Carepa,0.79,bien_conectado,89.0
0514710000000000020509,Carepa,0.8275,bien_conectado,452.0
0514710000000000020516,Carepa,0.875,bien_conectado,541.0
0514710000000000030118,Carepa,0.8775,bien_conectado,751.0
0514710000000000030234,Carepa,0.8,bien_conectado,971.0
0514710000000000030438,Carepa,0.875,bien_conectado,617.0
0514710000000000030529,Carepa,0.8375,bien_conectado,806.0
0514720011001000010127,Carepa,0.5375,semi_aislado,2749.0
0517210000000000010119,Chigorodó,0.4975,semi_aislado,697.0
0517210000000000010535,Chigorodó,0.5975,conectividad_media,967.0
0517210000000000010706,Chigorodó,0.4975,semi_aislado,822.0
0517210000000000020101,Chigorodó,0.6275,conectividad_media,405.0
0517210000000000020201,Chigorodó,0.6275,conectividad_media,367.0
0517210000000000060116,Chigorodó,0.6775,conectividad_media,760.0
0517210000000000060220,Chigorodó,0.5975,conectividad_media,939.0
0517210000000000060313,Chigorodó,0.5975,conectividad_media,932.0
0517210000000000060702,Chigorodó,0.5975,conectividad_media,1183.0
0517210000000000060813,Chigorodó,0.5975,conectividad_media,1341.0
0583720110201800010220,Turbo,0.1975,aislado_critico,114.0
0583720110201800010308,Turbo,0.1975,aislado_critico,259.0
0504520050300100010105,Apartadó,0.4275,semi_aislado,63.0
0504520010301100010210,Apartadó,0.74,conectividad_media,137.0
0504520030101500010120,Apartadó,0.6375,conectividad_media,83.0
0505110000000000010703,Arboletes,0.475,semi_aislado,84444.0
0505110000000000010706,Arboletes,0.4375,semi_aislado,84278.0
0505110000000000010801,Arboletes,0.475,semi_aislado,84474.0
0505110000000000011112,Arboletes,0.4,semi_aislado,83736.0
0505120060600500010107,Arboletes,0.1075,aislado_critico,51370.0
0505120040101000010116,Arboletes,0.0875,aislado_critico,54546.0
0514710000000000020409,Carepa,0.79,bien_conectado,80.0
0549010000000000010307,Necoclí,0.2775,aislado_critico,37134.0
0549010000000000010511,Necoclí,0.2375,aislado_critico,36417.0
0549010000000000010707,Necoclí,0.2775,aislado_critico,37983.0
0549020120600100010136,Necoclí,0.1975,aislado_critico,25366.0
0549020030300200010114,Necoclí,0.0875,aislado_critico,60106.0
0549020030300200010115,Necoclí,0.0875,aislado_critico,60102.0
0549020120100700010106,Necoclí,0.1475,aislado_critico,35113.0
0549020040400900010118,Necoclí,0.1075,aislado_critico,49208.0
0549020120301000010112,Necoclí,0.2775,aislado_critico,34264.0
0549020090201200010108,Necoclí,0.0875,aislado_critico,48822.0
0565920010200600010108,San Juan de Urabá,0.1075,aislado_critico,69489.0
0566510000000000010120,San Pedro de Urabá,0.4775,semi_aislado,23671.0
0566510000000000010734,San Pedro de Urabá,0.44,semi_aislado,23310.0
0566510000000000010736,San Pedro de Urabá,0.44,semi_aislado,23376.0
0566510000000000011010,San Pedro de Urabá,0.35,semi_aislado,24282.0
0566520040200200010112,San Pedro de Urabá,0.2775,aislado_critico,38759.0
0583720090700100020342,Turbo,0.75,bien_conectado,222.0
0583720100700200020324,Turbo,0.5575,conectividad_media,1457.0
0583720090600300010336,Turbo,0.6275,conectividad_media,325.0
0583720050200500010113,Turbo,0.2775,aislado_critico,15312.0
0583720070201200010128,Turbo,0.2775,aislado_critico,10689.0
0583720020101300010109,Turbo,0.2775,aislado_critico,30249.0
0583720090402400010111,Turbo,0.6775,conectividad_media,38.0
0583720050603700010106,Turbo,0.1075,aislado_critico,13239.0
0504520020500200010305,Apartadó,0.5775,conectividad_media,28.0
0504520010101400010114,Apartadó,0.4275,semi_aislado,111.0
0505110000000000010914,Arboletes,0.435,semi_aislado,84683.0
0505120030200900010108,Arboletes,0.0875,aislado_critico,58065.0
0514710000000000020706,Carepa,0.79,bien_conectado,245.0
0566510000000000030115,San Pedro de Urabá,0.44,semi_aislado,22821.0
0583720090700100020407,Turbo,0.83,bien_conectado,162.0
0583720090700100010314,Turbo,0.7475,conectividad_media,131.0
0583720090700100020332,Turbo,0.66,conectividad_media,121.0
0583720090602600010105,Turbo,0.6775,conectividad_media,63.0
0583720090102700010106,Turbo,0.4175,semi_aislado,2876.0
0514710000000000010724,Carepa,0.79,bien_conectado,116.0
0514710000000000010820,Carepa,0.84,bien_conectado,516.0
0514710000000000020902,Carepa,0.6,conectividad_media,464.0
0514720011001000010115,Carepa,0.5375,semi_aislado,2824.0
0517210000000000010802,Chigorodó,0.4175,semi_aislado,1659.0
0517210000000000010803,Chigorodó,0.4175,semi_aislado,1600.0
0517210000000000020324,Chigorodó,0.5975,conectividad_media,846.0
0517210000000000020335,Chigorodó,0.5975,conectividad_media,800.0
0517210000000000050604,Chigorodó,0.7075,conectividad_media,395.0
0517210000000000060718,Chigorodó,0.5975,conectividad_media,1000.0
0549020030200400010116,Necoclí,0.0875,aislado_critico,64596.0
0565910000000000010201,San Juan de Urabá,0.4375,semi_aislado,73039.0
0565910000000000010414,San Juan de Urabá,0.4775,semi_aislado,73372.0
0565910000000000010705,San Juan de Urabá,0.4,semi_aislado,72925.0
0504520020300900010213,Apartadó,0.5675,conectividad_media,2498.0
0505110000000000010214,Arboletes,0.515,semi_aislado,84675.0
0505110000000000010346,Arboletes,0.4,semi_aislado,83846.0
0505120060400100010109,Arboletes,0.0875,aislado_critico,62069.0
0505120020500300010115,Arboletes,0.0875,aislado_critico,59566.0
0505120030200900010110,Arboletes,0.0875,aislado_critico,57989.0
0514710000000000010331,Carepa,0.78,bien_conectado,155.0
0549020120600100010125,Necoclí,0.2375,aislado_critico,25717.0
0549020120300300010111,Necoclí,0.2375,aislado_critico,34725.0
0549020120301000010102,Necoclí,0.2775,aislado_critico,34473.0
0565920010300300010125,San Juan de Urabá,0.1075,aislado_critico,71751.0
0566510000000000010633,San Pedro de Urabá,0.4775,semi_aislado,23775.0
0566510000000000010660,San Pedro de Urabá,0.4375,semi_aislado,23973.0
0583720090700100020212,Turbo,0.9075,bien_conectado,294.0
0583720090600300010329,Turbo,0.6675,conectividad_media,194.0
0583720090402400010102,Turbo,0.5975,conectividad_media,297.0
0504520020500200010310,Apartadó,0.5775,conectividad_media,107.0
0504520020500200010208,Apartadó,0.5775,conectividad_media,399.0
0504520020300300010107,Apartadó,0.7475,conectividad_media,76.0
0504520020300900010228,Apartadó,0.5675,conectividad_media,2664.0
0504520030101500010123,Apartadó,0.5875,conectividad_media,58.0
0505110000000000010213,Arboletes,0.515,semi_aislado,84752.0
0505110000000000010904,Arboletes,0.435,semi_aislado,84666.0
0514710000000000020414,Carepa,0.8275,bien_conectado,141.0
0517220060601500010101,Chigorodó,0.3375,aislado_critico,2648.0
0549010000000000010803,Necoclí,0.2375,aislado_critico,38272.0
0549020120600100010403,Necoclí,0.2375,aislado_critico,25843.0
0549020120300300010119,Necoclí,0.2775,aislado_critico,34349.0
0549020120100700010116,Necoclí,0.1475,aislado_critico,35014.0
0549020090200800010102,Necoclí,0.0875,aislado_critico,49192.0
0549020040400900010108,Necoclí,0.0875,aislado_critico,49466.0
0549020040400900010113,Necoclí,0.1075,aislado_critico,49361.0
0549020120101100010108,Necoclí,0.2775,aislado_critico,32257.0
0565910000000000010222,San Juan de Urabá,0.4775,semi_aislado,73086.0
0566510000000000010357,San Pedro de Urabá,0.4,semi_aislado,22751.0
0566520040200800010111,San Pedro de Urabá,0.1475,aislado_critico,42252.0
0583720090700100010134,Turbo,0.71,conectividad_media,42.0
0583720090700100010312,Turbo,0.7875,bien_conectado,148.0
0583720090700100010316,Turbo,0.71,conectividad_media,206.0
0583720090700100020104,Turbo,0.905,bien_conectado,90.0
0583720090700100020339,Turbo,0.71,conectividad_media,251.0
0583720090700100020406,Turbo,0.71,conectividad_media,278.0
0583720090700100020414,Turbo,0.79,bien_conectado,195.0
0583720100700200010310,Turbo,0.6375,conectividad_media,1153.0
0583720100700200020127,Turbo,0.6375,conectividad_media,1007.0
0583720090600300010305,Turbo,0.6275,conectividad_media,34.0
0583720090600300010323,Turbo,0.7075,conectividad_media,43.0
0583720020101300010206,Turbo,0.2775,aislado_critico,30202.0
0583720090402400010120,Turbo,0.6775,conectividad_media,103.0
0583720090602600010102,Turbo,0.6775,conectividad_media,0.0
0583720090603000010102,Turbo,0.5975,conectividad_media,364.0
0514710000000000030406,Carepa,0.875,bien_conectado,648.0
0514710000000000030525,Carepa,0.7975,bien_conectado,556.0
0517210000000000010208,Chigorodó,0.4975,semi_aislado,723.0
0517210000000000010509,Chigorodó,0.5975,conectividad_media,602.0
0517210000000000020114,Chigorodó,0.5575,conectividad_media,808.0
0517210000000000020325,Chigorodó,0.5975,conectividad_media,834.0
0517210000000000050522,Chigorodó,0.7075,conectividad_media,439.0
0517210000000000050808,Chigorodó,0.6775,conectividad_media,606.0
0517210000000000050809,Chigorodó,0.6775,conectividad_media,636.0
0517210000000000060514,Chigorodó,0.5975,conectividad_media,1170.0
0549020030200400010113,Necoclí,0.0875,aislado_critico,64632.0
0549020050300500010219,Necoclí,0.1975,aislado_critico,44216.0
0565910000000000010621,San Juan de Urabá,0.36,semi_aislado,72550.0
0583720110201800010301,Turbo,0.1975,aislado_critico,487.0
0514710000000000010407,Carepa,0.88,bien_conectado,525.0
0514710000000000010512,Carepa,0.79,bien_conectado,214.0
0514710000000000030540,Carepa,0.8675,bien_conectado,484.0
0514710000000000030603,Carepa,0.8275,bien_conectado,409.0
0517210000000000010538,Chigorodó,0.4575,semi_aislado,1030.0
0517210000000000050316,Chigorodó,0.6275,conectividad_media,222.0
0517210000000000060401,Chigorodó,0.5975,conectividad_media,881.0
0583720110201800010118,Turbo,0.1975,aislado_critico,254.0
0504520020300900010317,Apartadó,0.6075,conectividad_media,2552.0
0549020040400900010126,Necoclí,0.1075,aislado_critico,49222.0
0504520010301100010223,Apartadó,0.78,bien_conectado,377.0
0504520030101500010104,Apartadó,0.6375,conectividad_media,217.0
0504520010101600010108,Apartadó,0.3475,aislado_critico,33.0
0514710000000000010137,Carepa,0.84,bien_conectado,847.0
0514710000000000010118,Carepa,0.84,bien_conectado,764.0
0549020120600600010107,Necoclí,0.2375,aislado_critico,30335.0
0549010000000000010234,Necoclí,0.2775,aislado_critico,36244.0
0549010000000000010823,Necoclí,0.2375,aislado_critico,38083.0
0549020120300300010126,Necoclí,0.2375,aislado_critico,35000.0
0565910000000000010212,San Juan de Urabá,0.515,semi_aislado,73078.0
0565920010300300010116,San Juan de Urabá,0.1075,aislado_critico,71368.0
0566510000000000010808,San Pedro de Urabá,0.515,semi_aislado,23556.0
0566520020300300010113,San Pedro de Urabá,0.0875,aislado_critico,52853.0
0583720090700100010614,Turbo,0.83,bien_conectado,144.0
0583720090700100010726,Turbo,0.83,bien_conectado,95.0
0583720090700100020230,Turbo,0.7875,bien_conectado,46.0
0583720100700200010207,Turbo,0.5975,conectividad_media,1051.0
0583720100700200010210,Turbo,0.5975,conectividad_media,1121.0
0583720050200500010101,Turbo,0.2775,aislado_critico,15341.0
0583720030700600010101,Turbo,0.2775,aislado_critico,15532.0
0583720100400800010117,Turbo,0.6375,conectividad_media,169.0
0583720080301000010106,Turbo,0.4275,semi_aislado,2844.0
0583720090402400010119,Turbo,0.6775,conectividad_media,39.0
0583720090302500010105,Turbo,0.5,semi_aislado,2005.0
0583720010203800010107,Turbo,0.1575,aislado_critico,21871.0
0505110000000000010145,Arboletes,0.475,semi_aislado,84716.0
0505110000000000010207,Arboletes,0.515,semi_aislado,84373.0
0505110000000000010702,Arboletes,0.475,semi_aislado,84418.0
0505110000000000011015,Arboletes,0.4375,semi_aislado,84033.0
0505120040101000010109,Arboletes,0.0875,aislado_critico,54189.0
0505120030101100010103,Arboletes,0.0875,aislado_critico,62808.0
0517220100400700010102,Chigorodó,0.3675,semi_aislado,4000.0
0549020120600100010407,Necoclí,0.2775,aislado_critico,25934.0
0549020030300200010218,Necoclí,0.0875,aislado_critico,59267.0
0565910000000000010504,San Juan de Urabá,0.4775,semi_aislado,74109.0
0566510000000000010858,San Pedro de Urabá,0.44,semi_aislado,23821.0
0583720090700100010309,Turbo,0.825,bien_conectado,97.0
0583720090700100010704,Turbo,0.83,bien_conectado,82.0
0583720090700100010729,Turbo,0.79,bien_conectado,74.0
0583720090700100020322,Turbo,0.71,conectividad_media,281.0
0514710000000000010338,Carepa,0.78,bien_conectado,228.0
0514710000000000010712,Carepa,0.79,bien_conectado,286.0
0514710000000000020229,Carepa,0.56,conectividad_media,329.0
0514710000000000030240,Carepa,0.8775,bien_conectado,729.0
0517210000000000010305,Chigorodó,0.5975,conectividad_media,629.0
0517210000000000010605,Chigorodó,0.5975,conectividad_media,677.0
0517210000000000010801,Chigorodó,0.4175,semi_aislado,1693.0
0517210000000000020209,Chigorodó,0.5975,conectividad_media,517.0
0517210000000000020216,Chigorodó,0.5575,conectividad_media,945.0
0517210000000000020221,Chigorodó,0.5975,conectividad_media,1105.0
0517210000000000030212,Chigorodó,0.7075,conectividad_media,196.0
0517210000000000050113,Chigorodó,0.7075,conectividad_media,54.0
0517210000000000050118,Chigorodó,0.7075,conectividad_media,321.0
0517210000000000060214,Chigorodó,0.5975,conectividad_media,981.0
0517210000000000060501,Chigorodó,0.5975,conectividad_media,1067.0
0517210000000000060601,Chigorodó,0.5975,conectividad_media,1097.0
0517210000000000060613,Chigorodó,0.5975,conectividad_media,995.0
0517210000000000060621,Chigorodó,0.5975,conectividad_media,1062.0
0517210000000000061007,Chigorodó,0.5975,conectividad_media,1191.0
0565910000000000010315,San Juan de Urabá,0.515,semi_aislado,73070.0
0565910000000000010102,San Juan de Urabá,0.4375,semi_aislado,72979.0
0565910000000000010620,San Juan de Urabá,0.36,semi_aislado,72572.0
0583720110201800010122,Turbo,0.1975,aislado_critico,161.0
0583720110201800010324,Turbo,0.1975,aislado_critico,234.0
0505110000000000010112,Arboletes,0.475,semi_aislado,84513.0
0583720100700200010114,Turbo,0.6775,conectividad_media,1041.0
0583720090700100020308,Turbo,0.75,bien_conectado,68.0
0583720100700200010515,Turbo,0.6775,conectividad_media,1361.0
0583720240400900010104,Turbo,0.3675,semi_aislado,35.0
0504520020300900010127,Apartadó,0.6075,conectividad_media,2558.0
0504520010301100010233,Apartadó,0.78,bien_conectado,482.0
0505110000000000010225,Arboletes,0.515,semi_aislado,84674.0
0505110000000000010233,Arboletes,0.515,semi_aislado,84435.0
0505110000000000010523,Arboletes,0.3975,semi_aislado,84169.0
0505110000000000010547,Arboletes,0.4375,semi_aislado,84012.0
0505110000000000011013,Arboletes,0.4375,semi_aislado,84052.0
0505110000000000011035,Arboletes,0.4375,semi_aislado,83933.0
0505120020500300010108,Arboletes,0.0875,aislado_critico,59274.0
0505120030200900010105,Arboletes,0.0875,aislado_critico,58150.0
0514710000000000010228,Carepa,0.78,bien_conectado,120.0
0514710000000000010231,Carepa,0.78,bien_conectado,207.0
0514710000000000020306,Carepa,0.79,bien_conectado,76.0
0517220060601500010108,Chigorodó,0.3875,semi_aislado,2554.0
0549010000000000010220,Necoclí,0.2775,aislado_critico,36362.0
0549010000000000010323,Necoclí,0.2775,aislado_critico,36801.0
0549020030300200010113,Necoclí,0.0875,aislado_critico,60189.0
0549020120300300010132,Necoclí,0.2775,aislado_critico,34659.0
0549020050401800010110,Necoclí,0.1975,aislado_critico,41088.0
0565920010100100010106,San Juan de Urabá,0.0875,aislado_critico,70996.0
0565920010300300010109,San Juan de Urabá,0.1075,aislado_critico,71618.0
0565920010300300010128,San Juan de Urabá,0.1075,aislado_critico,71342.0
0565920020300400010107,San Juan de Urabá,0.0875,aislado_critico,59873.0
0566510000000000010414,San Pedro de Urabá,0.4,semi_aislado,23117.0
0566510000000000010722,San Pedro de Urabá,0.4775,semi_aislado,23516.0
0566510000000000010828,San Pedro de Urabá,0.515,semi_aislado,23484.0
0566510000000000010849,San Pedro de Urabá,0.4775,semi_aislado,23777.0
0566510000000000020106,San Pedro de Urabá,0.4,semi_aislado,22936.0
0566520020300300010111,San Pedro de Urabá,0.0875,aislado_critico,52924.0
0583720090700100010101,Turbo,0.71,conectividad_media,147.0
0583720100700200020128,Turbo,0.6375,conectividad_media,866.0
0583720070201200010130,Turbo,0.2375,aislado_critico,10609.0
0583720020101300010210,Turbo,0.2375,aislado_critico,29940.0
0583720090603100010109,Turbo,0.5975,conectividad_media,81.0
0583720220103600010102,Turbo,0.1675,aislado_critico,1750.0
0514710000000000010107,Carepa,0.88,bien_conectado,634.0
0514710000000000010302,Carepa,0.86,bien_conectado,475.0
0514720010700700010126,Carepa,0.2675,aislado_critico,1335.0
0514710000000000010503,Carepa,0.74,conectividad_media,109.0
0514710000000000010612,Carepa,0.79,bien_conectado,115.0
0514710000000000010813,Carepa,0.87,bien_conectado,466.0
0514710000000000030217,Carepa,0.8775,bien_conectado,747.0
0514710000000000030528,Carepa,0.68,conectividad_media,565.0
0514720010700700010117,Carepa,0.2675,aislado_critico,1132.0
0517210000000000010705,Chigorodó,0.4975,semi_aislado,828.0
0517210000000000020601,Chigorodó,0.4575,semi_aislado,1536.0
0517210000000000040114,Chigorodó,0.7075,conectividad_media,68.0
0517210000000000050105,Chigorodó,0.7075,conectividad_media,43.0
0517210000000000050312,Chigorodó,0.6275,conectividad_media,185.0
0517210000000000050412,Chigorodó,0.6275,conectividad_media,407.0
0517210000000000050504,Chigorodó,0.6275,conectividad_media,378.0
0517210000000000060623,Chigorodó,0.5975,conectividad_media,924.0
0517210000000000060625,Chigorodó,0.5975,conectividad_media,890.0
0517210000000000060916,Chigorodó,0.5575,conectividad_media,1577.0
0517210000000000060921,Chigorodó,0.4575,semi_aislado,1614.0
0549020050300500010105,Necoclí,0.1975,aislado_critico,44341.0
0565910000000000010143,San Juan de Urabá,0.36,semi_aislado,71970.0
0565910000000000010316,San Juan de Urabá,0.4375,semi_aislado,73417.0
0565910000000000010113,San Juan de Urabá,0.515,semi_aislado,72787.0
0566510000000000020110,San Pedro de Urabá,0.4775,semi_aislado,23352.0
0583720110201800010107,Turbo,0.1975,aislado_critico,270.0
0583720110201800010333,Turbo,0.1975,aislado_critico,180.0
0505120040101000010120,Arboletes,0.0875,aislado_critico,54691.0
0504520020300900010219,Apartadó,0.6075,conectividad_media,2658.0
0504520020300900010318,Apartadó,0.6075,conectividad_media,2551.0
0505110000000000010539,Arboletes,0.36,semi_aislado,83845.0
0505110000000000010608,Arboletes,0.3975,semi_aislado,84054.0
0505110000000000011027,Arboletes,0.4375,semi_aislado,83849.0
0514710000000000010206,Carepa,0.7,conectividad_media,303.0
0514710000000000010606,Carepa,0.79,bien_conectado,241.0
0517220070300300010114,Chigorodó,0.3575,semi_aislado,989.0
0549020120600100010427,Necoclí,0.2375,aislado_critico,25840.0
0549020030300200010208,Necoclí,0.0875,aislado_critico,59545.0
0549020040400900010129,Necoclí,0.1075,aislado_critico,48612.0
0565920010300300010121,San Juan de Urabá,0.1075,aislado_critico,71699.0
0566510000000000010248,San Pedro de Urabá,0.4375,semi_aislado,23285.0
0583720100700200010519,Turbo,0.7175,conectividad_media,1233.0
0583720100700200020114,Turbo,0.7175,conectividad_media,1067.0
0583720100700200020129,Turbo,0.5175,semi_aislado,700.0
0583720090600300010202,Turbo,0.7075,conectividad_media,109.0
0583720100400800010107,Turbo,0.6375,conectividad_media,172.0
0583720010203800010110,Turbo,0.1575,aislado_critico,21998.0
0504520020300900010104,Apartadó,0.6075,conectividad_media,2287.0
0504520020300900010325,Apartadó,0.6075,conectividad_media,2602.0
0504520010301100010205,Apartadó,0.74,conectividad_media,60.0
0505110000000000010221,Arboletes,0.515,semi_aislado,84486.0
0505110000000000010337,Arboletes,0.4375,semi_aislado,83912.0
0505110000000000011037,Arboletes,0.4375,semi_aislado,83865.0
0505120060600500010108,Arboletes,0.1075,aislado_critico,51348.0
0505120030101100010128,Arboletes,0.0875,aislado_critico,62650.0
0514710000000000030238,Carepa,0.8375,bien_conectado,919.0
0549020120301000010111,Necoclí,0.2775,aislado_critico,34338.0
0549020120301400010107,Necoclí,0.2775,aislado_critico,35937.0
0549010000000000010401,Necoclí,0.2775,aislado_critico,36688.0
0549020120600100010309,Necoclí,0.1975,aislado_critico,25834.0
0549020120100700010107,Necoclí,0.1975,aislado_critico,35032.0
0549020090501500010121,Necoclí,0.2775,aislado_critico,38696.0
0566510000000000010116,San Pedro de Urabá,0.44,semi_aislado,23754.0
0565920010300300010131,San Juan de Urabá,0.1075,aislado_critico,71703.0
0565920020300400010102,San Juan de Urabá,0.0875,aislado_critico,59705.0
0565920010100500010110,San Juan de Urabá,0.0875,aislado_critico,68115.0
0566510000000000010503,San Pedro de Urabá,0.515,semi_aislado,23598.0
0566510000000000010666,San Pedro de Urabá,0.4775,semi_aislado,23958.0
0566510000000000010712,San Pedro de Urabá,0.4775,semi_aislado,23313.0
0566510000000000010731,San Pedro de Urabá,0.4775,semi_aislado,23475.0
0566510000000000010820,San Pedro de Urabá,0.44,semi_aislado,24015.0
0566510000000000010842,San Pedro de Urabá,0.4775,semi_aislado,23400.0
0566510000000000020115,San Pedro de Urabá,0.4,semi_aislado,23144.0
0583720090700100020428,Turbo,0.74,conectividad_media,254.0
0583720090700100020437,Turbo,0.66,conectividad_media,258.0
0583720100700200010111,Turbo,0.5575,conectividad_media,961.0
0583720100700200010409,Turbo,0.5975,conectividad_media,1321.0
0583720100700200020130,Turbo,0.6375,conectividad_media,936.0
0583720090600300010311,Turbo,0.7075,conectividad_media,198.0
0583720080301000010110,Turbo,0.3675,semi_aislado,3077.0
0583720080301000010118,Turbo,0.4675,semi_aislado,2800.0
0583720070202000010104,Turbo,0.3675,semi_aislado,2833.0
0583720050202800010103,Turbo,0.2775,aislado_critico,18768.0
0583720030802900010109,Turbo,0.2775,aislado_critico,10124.0
0583720030803200010110,Turbo,0.2775,aislado_critico,11966.0
0514710000000000010412,Carepa,0.87,bien_conectado,436.0
0514710000000000010803,Carepa,0.87,bien_conectado,334.0
0514710000000000030224,Carepa,0.8375,bien_conectado,900.0
0514710000000000030512,Carepa,0.8675,bien_conectado,423.0
0514710000000000030626,Carepa,0.75,bien_conectado,404.0
0517210000000000010108,Chigorodó,0.5975,conectividad_media,529.0
0517210000000000010123,Chigorodó,0.5875,conectividad_media,79.0
0517210000000000010318,Chigorodó,0.6275,conectividad_media,438.0
0517210000000000010403,Chigorodó,0.6275,conectividad_media,300.0
0517210000000000020308,Chigorodó,0.6775,conectividad_media,583.0
0517210000000000020516,Chigorodó,0.4175,semi_aislado,1829.0
0517210000000000030102,Chigorodó,0.6275,conectividad_media,153.0
0517210000000000050101,Chigorodó,0.7075,conectividad_media,50.0
0517210000000000060736,Chigorodó,0.5975,conectividad_media,940.0
0517210000000000060802,Chigorodó,0.5975,conectividad_media,1350.0
0517210000000000060922,Chigorodó,0.4575,semi_aislado,1654.0
0549020030200400010120,Necoclí,0.0875,aislado_critico,64439.0
0565910000000000010902,San Juan de Urabá,0.36,semi_aislado,72196.0
0566510000000000030113,San Pedro de Urabá,0.4,semi_aislado,22898.0
0514710000000000020107,Carepa,0.79,bien_conectado,118.0
0549020120600100010310,Necoclí,0.1975,aislado_critico,25812.0
0549020120600600010111,Necoclí,0.2775,aislado_critico,30500.0
0565920010200600010106,San Juan de Urabá,0.1075,aislado_critico,69454.0
0566520020300300010103,San Pedro de Urabá,0.0875,aislado_critico,53080.0
0583720090700100020356,Turbo,0.66,conectividad_media,197.0
0583720100700200010501,Turbo,0.6775,conectividad_media,1197.0
0583720090600300010325,Turbo,0.6675,conectividad_media,320.0
0583720020101300010204,Turbo,0.2775,aislado_critico,30115.0
0514710000000000010716,Carepa,0.79,bien_conectado,121.0
0514710000000000010321,Carepa,0.86,bien_conectado,228.0
0514710000000000010330,Carepa,0.86,bien_conectado,243.0
0514710000000000020109,Carepa,0.79,bien_conectado,107.0
0514710000000000020314,Carepa,0.79,bien_conectado,33.0
0514710000000000020908,Carepa,0.57,conectividad_media,627.0
0514710000000000030510,Carepa,0.8275,bien_conectado,483.0
0517210000000000010207,Chigorodó,0.4975,semi_aislado,666.0
0517210000000000010412,Chigorodó,0.6275,conectividad_media,211.0
0517210000000000020313,Chigorodó,0.6775,conectividad_media,594.0
0517210000000000020437,Chigorodó,0.4575,semi_aislado,1350.0
0517210000000000030119,Chigorodó,0.6275,conectividad_media,39.0
0517210000000000050419,Chigorodó,0.6675,conectividad_media,430.0
0517210000000000060204,Chigorodó,0.6775,conectividad_media,836.0
0517210000000000060307,Chigorodó,0.5975,conectividad_media,893.0
0517210000000000060422,Chigorodó,0.5975,conectividad_media,1268.0
0517210000000000060519,Chigorodó,0.5975,conectividad_media,1257.0
0517210000000000060626,Chigorodó,0.5975,conectividad_media,825.0
0517210000000000060929,Chigorodó,0.4575,semi_aislado,1795.0
0517210000000000061010,Chigorodó,0.5975,conectividad_media,1224.0
0565910000000000010302,San Juan de Urabá,0.4775,semi_aislado,73340.0
0565910000000000010213,San Juan de Urabá,0.515,semi_aislado,72868.0
0566510000000000010246,San Pedro de Urabá,0.4775,semi_aislado,23517.0
0549020090201200010106,Necoclí,0.0875,aislado_critico,48894.0
0504520020300300010104,Apartadó,0.7075,conectividad_media,163.0
0504520020300900010322,Apartadó,0.6075,conectividad_media,2602.0
0504520010301100010206,Apartadó,0.74,conectividad_media,67.0
0504520010101400010112,Apartadó,0.4275,semi_aislado,93.0
0505110000000000010304,Arboletes,0.515,semi_aislado,84303.0
0505110000000000010307,Arboletes,0.515,semi_aislado,84380.0
0505110000000000010407,Arboletes,0.515,semi_aislado,84690.0
0505110000000000010518,Arboletes,0.3975,semi_aislado,84259.0
0505110000000000010605,Arboletes,0.4375,semi_aislado,84062.0
0505110000000000011115,Arboletes,0.36,semi_aislado,83643.0
0549020030300200010213,Necoclí,0.0875,aislado_critico,59447.0
0514710000000000010602,Carepa,0.79,bien_conectado,114.0
0514710000000000030608,Carepa,0.7575,bien_conectado,581.0
0549020030300200010216,Necoclí,0.0875,aislado_critico,59314.0
0549020030300200010209,Necoclí,0.0875,aislado_critico,59287.0
0549010000000000010205,Necoclí,0.2775,aislado_critico,36449.0
0549010000000000010208,Necoclí,0.2775,aislado_critico,36807.0
0549010000000000010309,Necoclí,0.2775,aislado_critico,37044.0
0549010000000000010814,Necoclí,0.2375,aislado_critico,38183.0
0549020120600100010117,Necoclí,0.2375,aislado_critico,25493.0
0549020120600100010316,Necoclí,0.1975,aislado_critico,25712.0
0549020050300500010106,Necoclí,0.1975,aislado_critico,44291.0
0549020120600600010117,Necoclí,0.2375,aislado_critico,30205.0
0565910000000000010205,San Juan de Urabá,0.515,semi_aislado,73115.0
0565910000000000010221,San Juan de Urabá,0.4775,semi_aislado,73106.0
0565910000000000010224,San Juan de Urabá,0.4775,semi_aislado,73020.0
0565920010100100010122,San Juan de Urabá,0.0875,aislado_critico,70548.0
0565920020500200010105,San Juan de Urabá,0.0875,aislado_critico,65914.0
0565920010300300010120,San Juan de Urabá,0.1075,aislado_critico,71480.0
0566510000000000010351,San Pedro de Urabá,0.4,semi_aislado,23056.0
0583720090700100010226,Turbo,0.71,conectividad_media,283.0
0583720090700100010511,Turbo,0.7875,bien_conectado,258.0
0583720090700100020124,Turbo,0.945,bien_conectado,55.0
0583720090700100020306,Turbo,0.71,conectividad_media,257.0
0583720100700200020215,Turbo,0.6775,conectividad_media,1342.0
0583720100700200020515,Turbo,0.6775,conectividad_media,1103.0
0583720050200500010112,Turbo,0.2775,aislado_critico,15283.0
0583720070201200010105,Turbo,0.2775,aislado_critico,11184.0
0583720070201200010126,Turbo,0.2775,aislado_critico,10779.0
0583720070201200010127,Turbo,0.2775,aislado_critico,10730.0
0583720020101300010113,Turbo,0.2775,aislado_critico,30103.0
0583720030802900010114,Turbo,0.2775,aislado_critico,9948.0
0583720030803200010112,Turbo,0.2375,aislado_critico,12607.0
0583720090503500010102,Turbo,0.2575,aislado_critico,99.0
0583720010204000010101,Turbo,0.1075,aislado_critico,25227.0
0504520020300900010204,Apartadó,0.5275,semi_aislado,2694.0
0505110000000000010123,Arboletes,0.475,semi_aislado,84731.0
0505110000000000010137,Arboletes,0.4375,semi_aislado,84811.0
0505110000000000010543,Arboletes,0.4375,semi_aislado,83996.0
0514710000000000020117,Carepa,0.79,bien_conectado,100.0
0514710000000000020307,Carepa,0.79,bien_conectado,111.0
0549010000000000010904,Necoclí,0.1975,aislado_critico,38485.0
0549020120600100010417,Necoclí,0.2375,aislado_critico,25765.0
0565910000000000010405,San Juan de Urabá,0.4375,semi_aislado,73570.0
0566520020300300010101,San Pedro de Urabá,0.0875,aislado_critico,53189.0
0583720090700100020215,Turbo,0.83,bien_conectado,130.0
0583720090700100020229,Turbo,0.9475,bien_conectado,199.0
0583720030700600010110,Turbo,0.2775,aislado_critico,15326.0
0583720030802900010107,Turbo,0.2775,aislado_critico,10210.0
0504520020500200010108,Apartadó,0.5775,conectividad_media,473.0
0505110000000000010124,Arboletes,0.4375,semi_aislado,84774.0
0505110000000000010126,Arboletes,0.475,semi_aislado,84768.0
0505110000000000011118,Arboletes,0.36,semi_aislado,83620.0
0505120050401400010112,Arboletes,0.2775,aislado_critico,45121.0
0514710000000000020723,Carepa,0.79,bien_conectado,196.0
0514710000000000030229,Carepa,0.8775,bien_conectado,964.0
0514720010601300010114,Carepa,0.4775,semi_aislado,814.0
0517220070300300010116,Chigorodó,0.3575,semi_aislado,931.0
0549010000000000010233,Necoclí,0.2775,aislado_critico,36251.0
0549010000000000010509,Necoclí,0.2375,aislado_critico,36627.0
0549010000000000010826,Necoclí,0.2375,aislado_critico,38070.0
0549020120600100010423,Necoclí,0.2775,aislado_critico,26202.0
0549020120300300010121,Necoclí,0.1975,aislado_critico,34673.0
0549020050300500010206,Necoclí,0.1975,aislado_critico,44238.0
0549020090201200010107,Necoclí,0.0875,aislado_critico,48921.0
0565910000000000010211,San Juan de Urabá,0.515,semi_aislado,72992.0
0566510000000000010334,San Pedro de Urabá,0.4775,semi_aislado,23071.0
0566510000000000010347,San Pedro de Urabá,0.44,semi_aislado,22966.0
0566510000000000010508,San Pedro de Urabá,0.515,semi_aislado,23587.0
0566510000000000010635,San Pedro de Urabá,0.515,semi_aislado,23653.0
0566510000000000010845,San Pedro de Urabá,0.4,semi_aislado,23716.0
0566510000000000010871,San Pedro de Urabá,0.31,aislado_critico,24803.0
0566510000000000020118,San Pedro de Urabá,0.4,semi_aislado,23000.0
0566520040200800010115,San Pedro de Urabá,0.1475,aislado_critico,42305.0
0583720100700200020315,Turbo,0.5575,conectividad_media,1345.0
0583720090700100020106,Turbo,0.9075,bien_conectado,207.0
0583720090700100020320,Turbo,0.75,bien_conectado,211.0
0583720090700100020408,Turbo,0.83,bien_conectado,70.0
0583720090700100020504,Turbo,0.91,bien_conectado,226.0
0583720090700100020519,Turbo,0.83,bien_conectado,54.0
0583720100700200020204,Turbo,0.5975,conectividad_media,1388.0
0583720100700200020412,Turbo,0.6775,conectividad_media,1161.0
0583720100700200020519,Turbo,0.6375,conectividad_media,1301.0
0583720100400800010427,Turbo,0.6775,conectividad_media,231.0
0583720090402400010114,Turbo,0.6775,conectividad_media,197.0
0583720090402400010129,Turbo,0.5975,conectividad_media,320.0
0583720030802900010122,Turbo,0.2775,aislado_critico,9988.0
0583720030803200010107,Turbo,0.2375,aislado_critico,11821.0
0514710000000000010301,Carepa,0.88,bien_conectado,563.0
0514710000000000010322,Carepa,0.87,bien_conectado,306.0
0514710000000000010414,Carepa,0.87,bien_conectado,414.0
0514710000000000010416,Carepa,0.87,bien_conectado,428.0
0514710000000000010508,Carepa,0.79,bien_conectado,172.0
0514710000000000010528,Carepa,0.79,bien_conectado,218.0
0514710000000000010801,Carepa,0.91,bien_conectado,321.0
0514710000000000020506,Carepa,0.875,bien_conectado,502.0
0514710000000000030404,Carepa,0.915,bien_conectado,700.0
0514720010700700010109,Carepa,0.2675,aislado_critico,1234.0
0517210000000000010529,Chigorodó,0.5975,conectividad_media,933.0
0517210000000000020401,Chigorodó,0.5575,conectividad_media,877.0
0517210000000000030108,Chigorodó,0.6275,conectividad_media,114.0
0517210000000000030216,Chigorodó,0.7475,conectividad_media,134.0
0517210000000000050119,Chigorodó,0.7075,conectividad_media,327.0
0517210000000000050324,Chigorodó,0.6275,conectividad_media,306.0
0517210000000000050707,Chigorodó,0.5875,conectividad_media,303.0
0517210000000000060208,Chigorodó,0.6775,conectividad_media,818.0
0517210000000000060517,Chigorodó,0.5975,conectividad_media,1209.0
0517210000000000060608,Chigorodó,0.5975,conectividad_media,1065.0
0517210000000000060704,Chigorodó,0.5975,conectividad_media,1100.0
0517210000000000060808,Chigorodó,0.5975,conectividad_media,1179.0
0517210000000000060820,Chigorodó,0.5975,conectividad_media,1365.0
0517210000000000060914,Chigorodó,0.5575,conectividad_media,1540.0
0517210000000000061013,Chigorodó,0.5575,conectividad_media,1307.0
0549020050300500010204,Necoclí,0.1975,aislado_critico,44305.0
0565910000000000010603,San Juan de Urabá,0.36,semi_aislado,72608.0
0565910000000000010703,San Juan de Urabá,0.36,semi_aislado,72727.0
0583720110201800010322,Turbo,0.1975,aislado_critico,270.0
0583720090103900010118,Turbo,0.3375,aislado_critico,4170.0
0504520030101500010105,Apartadó,0.6375,conectividad_media,224.0
0504520010101400010107,Apartadó,0.4275,semi_aislado,104.0
0505110000000000010202,Arboletes,0.515,semi_aislado,84798.0
0505110000000000010217,Arboletes,0.515,semi_aislado,84425.0
0505110000000000011036,Arboletes,0.3975,semi_aislado,83851.0
0505120060400100010108,Arboletes,0.0875,aislado_critico,62135.0
0505120060600500010104,Arboletes,0.1075,aislado_critico,51485.0
0549010000000000010211,Necoclí,0.2775,aislado_critico,36724.0
0549010000000000010501,Necoclí,0.2375,aislado_critico,36721.0
0549020120600100010131,Necoclí,0.1975,aislado_critico,25393.0
0583720090700100020358,Turbo,0.71,conectividad_media,286.0
0565910000000000010118,San Juan de Urabá,0.4,semi_aislado,72336.0
0565920010100500010101,San Juan de Urabá,0.0875,aislado_critico,68324.0
0566510000000000010211,San Pedro de Urabá,0.4775,semi_aislado,23459.0
0583720090700100010105,Turbo,0.71,conectividad_media,34.0
0583720090700100010319,Turbo,0.71,conectividad_media,379.0
0583720090700100010411,Turbo,0.71,conectividad_media,393.0
0583720090700100010515,Turbo,0.71,conectividad_media,289.0
0583720090700100010701,Turbo,0.71,conectividad_media,157.0
0583720090700100010716,Turbo,0.83,bien_conectado,61.0
0583720090700100010719,Turbo,0.66,conectividad_media,393.0
0583720090700100020364,Turbo,0.83,bien_conectado,8.0
0583720090700100020426,Turbo,0.79,bien_conectado,241.0
0583720100700200020103,Turbo,0.6775,conectividad_media,1086.0
0583720070201200010124,Turbo,0.2375,aislado_critico,10676.0
0583720090402400010116,Turbo,0.6775,conectividad_media,29.0
0583720090402400010121,Turbo,0.6775,conectividad_media,113.0
0583720050202800010102,Turbo,0.2775,aislado_critico,18765.0
0514710000000000020703,Carepa,0.79,bien_conectado,259.0
0504520020500200010215,Apartadó,0.5375,semi_aislado,394.0
0504520020300900010314,Apartadó,0.4875,semi_aislado,2506.0
0505110000000000010525,Arboletes,0.3975,semi_aislado,84085.0
0505110000000000010804,Arboletes,0.475,semi_aislado,84531.0
0505110000000000011113,Arboletes,0.36,semi_aislado,83659.0
0514710000000000020710,Carepa,0.8275,bien_conectado,358.0
0514720010601300010108,Carepa,0.4775,semi_aislado,860.0
0517220070300300010101,Chigorodó,0.3175,aislado_critico,933.0
0517220070300300010107,Chigorodó,0.3175,aislado_critico,1005.0
0549020120600100010411,Necoclí,0.2775,aislado_critico,26219.0
0549020030300200010124,Necoclí,0.0875,aislado_critico,60087.0
0566510000000000010344,San Pedro de Urabá,0.4375,semi_aislado,23192.0
0566510000000000010346,San Pedro de Urabá,0.44,semi_aislado,22983.0
0583720090700100010403,Turbo,0.71,conectividad_media,305.0
0583720080301000010111,Turbo,0.3675,semi_aislado,3014.0
0583720070201200010123,Turbo,0.2775,aislado_critico,10823.0
0583720030802900010119,Turbo,0.2775,aislado_critico,10002.0
0583720030803200010103,Turbo,0.2375,aislado_critico,12607.0
0514710000000000020427,Carepa,0.7875,bien_conectado,333.0
0514710000000000030116,Carepa,0.9175,bien_conectado,867.0
0514710000000000030430,Carepa,0.875,bien_conectado,695.0
0514710000000000030619,Carepa,0.75,bien_conectado,304.0
0514720011001000010141,Carepa,0.5775,conectividad_media,2603.0
0517210000000000010201,Chigorodó,0.4975,semi_aislado,751.0
0517210000000000010218,Chigorodó,0.4975,semi_aislado,887.0
0517210000000000010303,Chigorodó,0.5975,conectividad_media,513.0
0517210000000000010603,Chigorodó,0.5975,conectividad_media,543.0
0517210000000000010711,Chigorodó,0.4975,semi_aislado,926.0
0517210000000000020111,Chigorodó,0.6275,conectividad_media,446.0
0517210000000000020330,Chigorodó,0.6775,conectividad_media,674.0
0517210000000000020419,Chigorodó,0.5575,conectividad_media,1167.0
0517210000000000020515,Chigorodó,0.4175,semi_aislado,1777.0
0517210000000000040102,Chigorodó,0.7075,conectividad_media,160.0
0517210000000000060217,Chigorodó,0.5975,conectividad_media,1004.0
0517210000000000060713,Chigorodó,0.5575,conectividad_media,1295.0
0517210000000000060915,Chigorodó,0.5575,conectividad_media,1521.0
0517210000000000060933,Chigorodó,0.4575,semi_aislado,1787.0
0517210000000000061003,Chigorodó,0.5975,conectividad_media,1136.0
0549020030200400010114,Necoclí,0.0875,aislado_critico,64639.0
0565910000000000010521,San Juan de Urabá,0.4375,semi_aislado,74192.0
0566510000000000010860,San Pedro de Urabá,0.4,semi_aislado,24094.0
0566510000000000011005,San Pedro de Urabá,0.31,aislado_critico,24345.0
0583720110201800010110,Turbo,0.1975,aislado_critico,322.0
0583720110201800010121,Turbo,0.1975,aislado_critico,227.0
0583720110201800010207,Turbo,0.2375,aislado_critico,118.0
0583720110201800010214,Turbo,0.2375,aislado_critico,125.0
0504520010301100010215,Apartadó,0.7,conectividad_media,192.0
0505110000000000010334,Arboletes,0.4375,semi_aislado,83971.0
0505110000000000010527,Arboletes,0.3975,semi_aislado,84076.0
0505120040101000010108,Arboletes,0.0875,aislado_critico,54228.0
0514710000000000010214,Carepa,0.78,bien_conectado,75.0
0566510000000000010862,San Pedro de Urabá,0.4,semi_aislado,24358.0
0583720100700200010418,Turbo,0.5975,conectividad_media,1169.0
0583720090600300010218,Turbo,0.7075,conectividad_media,136.0
0583720090603100010105,Turbo,0.4975,semi_aislado,107.0
0583720050604200010104,Turbo,0.2775,aislado_critico,14813.0
0566510000000000030108,San Pedro de Urabá,0.4775,semi_aislado,23070.0
0566520040200800010112,San Pedro de Urabá,0.1475,aislado_critico,42290.0
0583720090700100010313,Turbo,0.7875,bien_conectado,135.0
0504520020500200010115,Apartadó,0.5375,semi_aislado,434.0
0504520020300900010210,Apartadó,0.5675,conectividad_media,2552.0
0504520030101500010118,Apartadó,0.5975,conectividad_media,120.0
0505110000000000010226,Arboletes,0.515,semi_aislado,84672.0
0505110000000000011039,Arboletes,0.36,semi_aislado,83805.0
0505110000000000011116,Arboletes,0.36,semi_aislado,83634.0
0505120040101000010113,Arboletes,0.0875,aislado_critico,54177.0
0505120030101100010127,Arboletes,0.0875,aislado_critico,62510.0
0514710000000000010807,Carepa,0.87,bien_conectado,410.0
0514710000000000020206,Carepa,0.6,conectividad_media,220.0
0514710000000000030530,Carepa,0.8375,bien_conectado,727.0
0514710000000000030605,Carepa,0.79,bien_conectado,345.0
0514710000000000030622,Carepa,0.7575,bien_conectado,577.0
0517220060601500010113,Chigorodó,0.3875,semi_aislado,2449.0
0549010000000000010806,Necoclí,0.2375,aislado_critico,38253.0
0549010000000000010828,Necoclí,0.2375,aislado_critico,38042.0
0549020120600100010121,Necoclí,0.1975,aislado_critico,25399.0
0549020030300200010118,Necoclí,0.0875,aislado_critico,59733.0
0549020030300200010205,Necoclí,0.0875,aislado_critico,59611.0
0549020120300300010127,Necoclí,0.2375,aislado_critico,34997.0
0549020120600600010115,Necoclí,0.2775,aislado_critico,30826.0
0549020120100700010113,Necoclí,0.1475,aislado_critico,35363.0
0549020090200800010101,Necoclí,0.0875,aislado_critico,49305.0
0549020090200800010105,Necoclí,0.0875,aislado_critico,49087.0
0549020120301000010109,Necoclí,0.2775,aislado_critico,34378.0
0565910000000000010404,San Juan de Urabá,0.4375,semi_aislado,73600.0
0565910000000000010517,San Juan de Urabá,0.4775,semi_aislado,73718.0
0565920020500200010101,San Juan de Urabá,0.0875,aislado_critico,66074.0
0565920010300300010119,San Juan de Urabá,0.1075,aislado_critico,71417.0
0566510000000000010124,San Pedro de Urabá,0.4775,semi_aislado,23716.0
0566510000000000010743,San Pedro de Urabá,0.44,semi_aislado,23214.0
0583720090700100020203,Turbo,0.7875,bien_conectado,118.0
0583720100700200010110,Turbo,0.6375,conectividad_media,1068.0
0583720100700200020502,Turbo,0.6375,conectividad_media,1244.0
0583720050200500010122,Turbo,0.2775,aislado_critico,15153.0
0583720090302300010109,Turbo,0.6375,conectividad_media,233.0
0583720090402400010103,Turbo,0.6775,conectividad_media,255.0
0583720030802900010117,Turbo,0.2775,aislado_critico,10032.0
0583720030803200010106,Turbo,0.2375,aislado_critico,11967.0
0583720010203800010101,Turbo,0.1975,aislado_critico,22720.0
0514710000000000010327,Carepa,0.82,bien_conectado,190.0
0514710000000000010333,Carepa,0.78,bien_conectado,133.0
0514710000000000010401,Carepa,0.88,bien_conectado,530.0
0514710000000000010618,Carepa,0.74,conectividad_media,63.0
0514710000000000010730,Carepa,0.79,bien_conectado,331.0
0514710000000000010821,Carepa,0.87,bien_conectado,394.0
0514710000000000020520,Carepa,0.8275,bien_conectado,394.0
0514710000000000020613,Carepa,0.79,bien_conectado,86.0
0514710000000000020803,Carepa,0.56,conectividad_media,429.0
0514710000000000020907,Carepa,0.57,conectividad_media,576.0
0514710000000000030612,Carepa,0.79,bien_conectado,338.0
0514720010700700010113,Carepa,0.2675,aislado_critico,1057.0
0514720011001000010125,Carepa,0.5775,conectividad_media,2760.0
0517210000000000010103,Chigorodó,0.5275,semi_aislado,456.0
0517210000000000010106,Chigorodó,0.4975,semi_aislado,628.0
0517210000000000010306,Chigorodó,0.5975,conectividad_media,670.0
0517210000000000020225,Chigorodó,0.5975,conectividad_media,1190.0
0517210000000000020231,Chigorodó,0.4575,semi_aislado,1501.0
0517210000000000020435,Chigorodó,0.4575,semi_aislado,1291.0
0517210000000000020512,Chigorodó,0.4575,semi_aislado,1622.0
0517210000000000050117,Chigorodó,0.7075,conectividad_media,302.0
0517210000000000050302,Chigorodó,0.7075,conectividad_media,259.0
0517210000000000050527,Chigorodó,0.6275,conectividad_media,426.0
0517210000000000060316,Chigorodó,0.5975,conectividad_media,1007.0
0517210000000000060917,Chigorodó,0.4575,semi_aislado,1589.0
0549020030200400010115,Necoclí,0.0875,aislado_critico,64644.0
0565910000000000010901,San Juan de Urabá,0.4,semi_aislado,72263.0
0566510000000000010902,San Pedro de Urabá,0.4,semi_aislado,23909.0
0583720110201800010108,Turbo,0.1975,aislado_critico,217.0
0583720110201800010127,Turbo,0.1975,aislado_critico,228.0
0514720010700700010110,Carepa,0.2675,aislado_critico,1306.0
0514710000000000010710,Carepa,0.79,bien_conectado,217.0
0514710000000000030615,Carepa,0.7575,bien_conectado,519.0
0514720010700700010118,Carepa,0.2675,aislado_critico,1201.0
0517210000000000010120,Chigorodó,0.5275,semi_aislado,239.0
0517210000000000010502,Chigorodó,0.6275,conectividad_media,411.0
0517210000000000020104,Chigorodó,0.5975,conectividad_media,609.0
0517210000000000020511,Chigorodó,0.4575,semi_aislado,1578.0
0517210000000000030101,Chigorodó,0.5875,conectividad_media,64.0
0517210000000000050603,Chigorodó,0.7475,conectividad_media,389.0
0517210000000000050709,Chigorodó,0.5875,conectividad_media,241.0
0517210000000000060102,Chigorodó,0.5975,conectividad_media,711.0
0517210000000000060218,Chigorodó,0.5975,conectividad_media,1071.0
0517210000000000060301,Chigorodó,0.5975,conectividad_media,903.0
0517210000000000060421,Chigorodó,0.5975,conectividad_media,1264.0
0517210000000000060910,Chigorodó,0.5975,conectividad_media,1474.0
0549020030200400010118,Necoclí,0.0875,aislado_critico,64549.0
0514710000000000010111,Carepa,0.88,bien_conectado,656.0
0517210000000000010102,Chigorodó,0.4975,semi_aislado,574.0
0517210000000000050411,Chigorodó,0.6275,conectividad_media,368.0
0517210000000000060906,Chigorodó,0.5575,conectividad_media,1450.0
0565910000000000010131,San Juan de Urabá,0.36,semi_aislado,73024.0
0504520020300900010202,Apartadó,0.5275,semi_aislado,2644.0
0504520030101500010102,Apartadó,0.6375,conectividad_media,284.0
0505110000000000011033,Arboletes,0.4375,semi_aislado,84057.0
0514710000000000020601,Carepa,0.8275,bien_conectado,159.0
0514710000000000020715,Carepa,0.79,bien_conectado,297.0
0514710000000000030225,Carepa,0.8,bien_conectado,1094.0
0549020120300300010106,Necoclí,0.2775,aislado_critico,34442.0
0549010000000000010916,Necoclí,0.1975,aislado_critico,38321.0
0549020120600100010120,Necoclí,0.2375,aislado_critico,25475.0
0549020030300200010122,Necoclí,0.0875,aislado_critico,60163.0
0549020120101100010102,Necoclí,0.2375,aislado_critico,32580.0
0565920010100500010116,San Juan de Urabá,0.0875,aislado_critico,67820.0
0565920010100500010125,San Juan de Urabá,0.0875,aislado_critico,68019.0
0566510000000000010563,San Pedro de Urabá,0.44,semi_aislado,24002.0
0583720090700100010301,Turbo,0.71,conectividad_media,333.0
0583720090700100010503,Turbo,0.71,conectividad_media,241.0
0583720090700100020313,Turbo,0.83,bien_conectado,221.0
0583720090700100020346,Turbo,0.71,conectividad_media,224.0
0583720090700100020514,Turbo,0.91,bien_conectado,84.0
0583720090600300010104,Turbo,0.7075,conectividad_media,190.0
0583720100400800010415,Turbo,0.6375,conectividad_media,109.0
0583720050604200010107,Turbo,0.2775,aislado_critico,15014.0
0505110000000000010335,Arboletes,0.4375,semi_aislado,83944.0
0504520020300300010102,Apartadó,0.7575,bien_conectado,313.0
0505120030101100010104,Arboletes,0.0875,aislado_critico,62768.0
0514710000000000020316,Carepa,0.79,bien_conectado,9.0
0514710000000000020726,Carepa,0.8275,bien_conectado,330.0
0549020030300200010201,Necoclí,0.0875,aislado_critico,59661.0
0549020120300300010120,Necoclí,0.2375,aislado_critico,34600.0
0549010000000000010505,Necoclí,0.2375,aislado_critico,36461.0
0549020120600100010229,Necoclí,0.1975,aislado_critico,25514.0
0549020120300300010123,Necoclí,0.1975,aislado_critico,35026.0
0549020090200800010108,Necoclí,0.0875,aislado_critico,49161.0
0549020120301000010107,Necoclí,0.2775,aislado_critico,34430.0
0549020120801600010109,Necoclí,0.2375,aislado_critico,28960.0
0565910000000000010610,San Juan de Urabá,0.4,semi_aislado,72812.0
0565920020500200010104,San Juan de Urabá,0.0875,aislado_critico,65900.0
0565920010100500010121,San Juan de Urabá,0.0875,aislado_critico,68406.0
0566510000000000010423,San Pedro de Urabá,0.4,semi_aislado,23199.0
0566510000000000010562,San Pedro de Urabá,0.44,semi_aislado,24000.0
0566510000000000010636,San Pedro de Urabá,0.4775,semi_aislado,23759.0
0566520020300300010112,San Pedro de Urabá,0.0875,aislado_critico,52889.0
0566520010100400010111,San Pedro de Urabá,0.0875,aislado_critico,54700.0
0583720090700100010127,Turbo,0.71,conectividad_media,186.0
0583720020101300010106,Turbo,0.2775,aislado_critico,30403.0
0583720020101300010121,Turbo,0.2775,aislado_critico,30263.0
0583720090302300010107,Turbo,0.6775,conectividad_media,219.0
0583720030802900010116,Turbo,0.2775,aislado_critico,10010.0
0583720090103900010107,Turbo,0.2875,aislado_critico,4320.0
0514710000000000010112,Carepa,0.88,bien_conectado,656.0
0514710000000000030122,Carepa,0.88,bien_conectado,918.0
0514710000000000030123,Carepa,0.88,bien_conectado,930.0
0514710000000000030204,Carepa,0.9175,bien_conectado,901.0
0514710000000000030227,Carepa,0.84,bien_conectado,1045.0
0517210000000000010313,Chigorodó,0.5975,conectividad_media,626.0
0517210000000000010707,Chigorodó,0.4975,semi_aislado,894.0
0517210000000000020107,Chigorodó,0.5575,conectividad_media,724.0
0517210000000000020303,Chigorodó,0.5975,conectividad_media,804.0
0517210000000000020304,Chigorodó,0.5975,conectividad_media,807.0
0517210000000000060502,Chigorodó,0.5975,conectividad_media,1039.0
0517210000000000060725,Chigorodó,0.5575,conectividad_media,1361.0
0517210000000000060737,Chigorodó,0.5975,conectividad_media,902.0
0517210000000000060912,Chigorodó,0.4575,semi_aislado,1545.0
0549020050300500010109,Necoclí,0.1975,aislado_critico,44385.0
0565910000000000010227,San Juan de Urabá,0.4,semi_aislado,72432.0
0565910000000000010515,San Juan de Urabá,0.515,semi_aislado,73822.0
0566510000000000011004,San Pedro de Urabá,0.35,semi_aislado,24364.0
0583720110201800010116,Turbo,0.1975,aislado_critico,395.0
0504520020500200010308,Apartadó,0.5775,conectividad_media,134.0
0504520010301100010116,Apartadó,0.74,conectividad_media,101.0
0504520010301100010228,Apartadó,0.78,bien_conectado,367.0
0504520010101400010116,Apartadó,0.4275,semi_aislado,67.0
0505110000000000010208,Arboletes,0.515,semi_aislado,84466.0
0505110000000000010339,Arboletes,0.4,semi_aislado,83894.0
0505110000000000010524,Arboletes,0.4375,semi_aislado,84132.0
0505110000000000010528,Arboletes,0.3975,semi_aislado,84033.0
0505110000000000010541,Arboletes,0.3975,semi_aislado,83901.0
0505110000000000011019,Arboletes,0.4375,semi_aislado,84111.0
0505120030101100010114,Arboletes,0.0875,aislado_critico,62630.0
0505120030101100010118,Arboletes,0.0875,aislado_critico,62324.0
0505120050401400010107,Arboletes,0.2775,aislado_critico,45080.0
0505120050401400010109,Arboletes,0.2775,aislado_critico,45121.0
0549020030300200010131,Necoclí,0.0875,aislado_critico,59856.0
0514710000000000010224,Carepa,0.86,bien_conectado,497.0
0514710000000000010608,Carepa,0.79,bien_conectado,173.0
0514710000000000020615,Carepa,0.79,bien_conectado,152.0
0514710000000000030239,Carepa,0.8375,bien_conectado,885.0
0517220070300300010110,Chigorodó,0.3575,semi_aislado,972.0
0517220060601500010105,Chigorodó,0.3875,semi_aislado,2514.0
0549020120300300010122,Necoclí,0.2775,aislado_critico,34690.0
0549020120600100010311,Necoclí,0.1975,aislado_critico,25858.0
0549010000000000010311,Necoclí,0.2775,aislado_critico,37008.0
0549010000000000010315,Necoclí,0.2775,aislado_critico,36930.0
0549010000000000010321,Necoclí,0.2775,aislado_critico,36762.0
0549010000000000010329,Necoclí,0.2775,aislado_critico,36842.0
0549010000000000010719,Necoclí,0.2775,aislado_critico,37715.0
0549010000000000010815,Necoclí,0.2375,aislado_critico,38190.0
0549010000000000010821,Necoclí,0.2375,aislado_critico,38113.0
0549020120600100010115,Necoclí,0.2375,aislado_critico,25591.0
0549020120600100010130,Necoclí,0.1975,aislado_critico,25424.0
0549020120300300010130,Necoclí,0.2375,aislado_critico,34801.0
0549020120600600010104,Necoclí,0.2375,aislado_critico,30323.0
0549020120100700010109,Necoclí,0.1475,aislado_critico,35165.0
0549020120801600010102,Necoclí,0.2375,aislado_critico,29223.0
0565910000000000010225,San Juan de Urabá,0.4775,semi_aislado,73060.0
0566510000000000010219,San Pedro de Urabá,0.4775,semi_aislado,23519.0
0566510000000000010740,San Pedro de Urabá,0.44,semi_aislado,23373.0
0566510000000000010904,San Pedro de Urabá,0.44,semi_aislado,23767.0
0566510000000000020101,San Pedro de Urabá,0.4,semi_aislado,23044.0
0583720090700100020208,Turbo,0.9075,bien_conectado,189.0
0583720090700100020223,Turbo,0.865,bien_conectado,122.0
0583720090600300010209,Turbo,0.7075,conectividad_media,110.0
0583720090600300010211,Turbo,0.7475,conectividad_media,66.0
0583720090600300010219,Turbo,0.7475,conectividad_media,174.0
0583720090600300010338,Turbo,0.6275,conectividad_media,275.0
0583720090302300010105,Turbo,0.6375,conectividad_media,279.0
0583720090103900010102,Turbo,0.2875,aislado_critico,4425.0
0504520010301100010103,Apartadó,0.74,conectividad_media,127.0
0504520030101500010121,Apartadó,0.6375,conectividad_media,66.0
0583720100700200010302,Turbo,0.6775,conectividad_media,1019.0
0549010000000000010128,Necoclí,0.2775,aislado_critico,37089.0
0549010000000000010222,Necoclí,0.2775,aislado_critico,36377.0
0549020090501500010107,Necoclí,0.2375,aislado_critico,38980.0
0583720090700100010308,Turbo,0.825,bien_conectado,57.0
0583720240400900010103,Turbo,0.3275,aislado_critico,31.0
0514710000000000010219,Carepa,0.7,conectividad_media,308.0
0514710000000000010815,Carepa,0.87,bien_conectado,456.0
0514710000000000020217,Carepa,0.6,conectividad_media,208.0
0514710000000000020411,Carepa,0.79,bien_conectado,53.0
0514710000000000030102,Carepa,0.84,bien_conectado,806.0
0514710000000000030111,Carepa,0.84,bien_conectado,846.0
0514710000000000030230,Carepa,0.8,bien_conectado,1019.0
0514710000000000030403,Carepa,0.875,bien_conectado,632.0
0514710000000000030514,Carepa,0.8375,bien_conectado,826.0
0514710000000000030524,Carepa,0.7975,bien_conectado,551.0
0514720010700700010101,Carepa,0.2675,aislado_critico,972.0
0517210000000000010128,Chigorodó,0.4975,semi_aislado,634.0
0517210000000000020309,Chigorodó,0.7075,conectividad_media,375.0
0517210000000000020434,Chigorodó,0.4575,semi_aislado,1303.0
0517210000000000050127,Chigorodó,0.7075,conectividad_media,281.0
0517210000000000050313,Chigorodó,0.6275,conectividad_media,297.0
0517210000000000050318,Chigorodó,0.6275,conectividad_media,233.0
0517210000000000060428,Chigorodó,0.5975,conectividad_media,1202.0
0517210000000000060429,Chigorodó,0.5975,conectividad_media,1181.0
0517210000000000060624,Chigorodó,0.5975,conectividad_media,957.0
0517210000000000061004,Chigorodó,0.5975,conectividad_media,1169.0
0565910000000000010314,San Juan de Urabá,0.515,semi_aislado,73255.0
0565910000000000010716,San Juan de Urabá,0.36,semi_aislado,72774.0
0565910000000000010719,San Juan de Urabá,0.31,aislado_critico,72642.0
0566510000000000010558,San Pedro de Urabá,0.4,semi_aislado,24182.0
0566510000000000030104,San Pedro de Urabá,0.4,semi_aislado,22922.0
0583720110201800010130,Turbo,0.1975,aislado_critico,320.0
0514710000000000030643,Carepa,0.75,bien_conectado,349.0
0504520030101500010113,Apartadó,0.6375,conectividad_media,128.0
0504520010101600010109,Apartadó,0.3475,aislado_critico,116.0
0505120030200900010117,Arboletes,0.0875,aislado_critico,58300.0
0514710000000000030631,Carepa,0.79,bien_conectado,234.0
0549010000000000010712,Necoclí,0.2775,aislado_critico,37995.0
0549020120300300010117,Necoclí,0.2775,aislado_critico,34425.0
0549020120301400010104,Necoclí,0.2775,aislado_critico,35959.0
0566510000000000010215,San Pedro de Urabá,0.4375,semi_aislado,23385.0
0566510000000000010507,San Pedro de Urabá,0.4775,semi_aislado,23733.0
0566510000000000010632,San Pedro de Urabá,0.515,semi_aislado,23747.0
0583720090700100010306,Turbo,0.7475,conectividad_media,79.0
0583720090700100020213,Turbo,0.9075,bien_conectado,303.0
0583720100700200020504,Turbo,0.6375,conectividad_media,1317.0
0583720100400800010418,Turbo,0.6375,conectividad_media,34.0
0583720070201200010102,Turbo,0.2775,aislado_critico,11202.0
0504520020300900010222,Apartadó,0.6075,conectividad_media,2832.0
0514710000000000010117,Carepa,0.88,bien_conectado,768.0
0514710000000000010202,Carepa,0.78,bien_conectado,170.0
0514710000000000020702,Carepa,0.8275,bien_conectado,294.0
0549010000000000010132,Necoclí,0.2775,aislado_critico,36478.0
0549010000000000010512,Necoclí,0.2375,aislado_critico,36384.0
0549020120600100010205,Necoclí,0.1975,aislado_critico,25782.0
0549020120600100010404,Necoclí,0.2375,aislado_critico,25836.0
0549020120300300010108,Necoclí,0.2775,aislado_critico,34543.0
0549020120100700010108,Necoclí,0.1975,aislado_critico,34939.0
0549020090200800010114,Necoclí,0.0875,aislado_critico,49108.0
0583720050200500010110,Turbo,0.2775,aislado_critico,15259.0
0566510000000000010412,San Pedro de Urabá,0.4,semi_aislado,23112.0
0566510000000000010418,San Pedro de Urabá,0.4,semi_aislado,23023.0
0566510000000000010501,San Pedro de Urabá,0.4775,semi_aislado,23818.0
0566510000000000011002,San Pedro de Urabá,0.31,aislado_critico,24230.0
0583720090700100010404,Turbo,0.71,conectividad_media,279.0
0583720090700100010516,Turbo,0.71,conectividad_media,304.0
0583720090700100020341,Turbo,0.75,bien_conectado,215.0
0583720100700200020112,Turbo,0.6375,conectividad_media,996.0
0583720090600300010335,Turbo,0.6275,conectividad_media,251.0
0583720090600300010348,Turbo,0.5475,semi_aislado,168.0
0583720030700600010106,Turbo,0.2775,aislado_critico,15618.0
0583720100400800010307,Turbo,0.7575,bien_conectado,135.0
0583720080301000010102,Turbo,0.3675,semi_aislado,3076.0
0583720070201200010103,Turbo,0.2775,aislado_critico,11059.0
0583720070202000010102,Turbo,0.3675,semi_aislado,3002.0
0583720090302500010103,Turbo,0.4775,semi_aislado,2663.0
0583720090602600010120,Turbo,0.6775,conectividad_media,46.0
0583720010203800010106,Turbo,0.1575,aislado_critico,22362.0
0514710000000000020911,Carepa,0.57,conectividad_media,599.0
0514710000000000010334,Carepa,0.86,bien_conectado,179.0
0514710000000000010502,Carepa,0.74,conectividad_media,228.0
0514710000000000020916,Carepa,0.6,conectividad_media,458.0
0514710000000000030114,Carepa,0.88,bien_conectado,924.0
0514710000000000030518,Carepa,0.8375,bien_conectado,633.0
0517210000000000010703,Chigorodó,0.4975,semi_aislado,800.0
0517210000000000010704,Chigorodó,0.4975,semi_aislado,825.0
0517210000000000060311,Chigorodó,0.5975,conectividad_media,897.0
0517210000000000061017,Chigorodó,0.5575,conectividad_media,1304.0
0549020050300500010203,Necoclí,0.1975,aislado_critico,44339.0
0565910000000000010124,San Juan de Urabá,0.36,semi_aislado,72913.0
0565910000000000010125,San Juan de Urabá,0.36,semi_aislado,72925.0
0565910000000000010803,San Juan de Urabá,0.4375,semi_aislado,72380.0
0566510000000000010425,San Pedro de Urabá,0.4,semi_aislado,23363.0
0566510000000000010566,San Pedro de Urabá,0.35,semi_aislado,24536.0
0583720110201800010106,Turbo,0.1975,aislado_critico,271.0
0583720110201800010115,Turbo,0.1975,aislado_critico,414.0
0583720110201800010305,Turbo,0.1975,aislado_critico,256.0
0517220060601500010110,Chigorodó,0.3875,semi_aislado,2605.0
0504520020500200010302,Apartadó,0.5775,conectividad_media,47.0
0504520030101500010116,Apartadó,0.6375,conectividad_media,150.0
0505110000000000010111,Arboletes,0.475,semi_aislado,84647.0
0505110000000000010115,Arboletes,0.475,semi_aislado,84624.0
0505110000000000010806,Arboletes,0.475,semi_aislado,84426.0
0505110000000000010807,Arboletes,0.475,semi_aislado,84376.0
0505110000000000011006,Arboletes,0.4375,semi_aislado,84145.0
0505110000000000011125,Arboletes,0.4,semi_aislado,83829.0
0505120030101100010112,Arboletes,0.0875,aislado_critico,62713.0
0517220070300300010108,Chigorodó,0.3175,aislado_critico,1043.0
0514710000000000020102,Carepa,0.7,conectividad_media,83.0
0514710000000000020108,Carepa,0.7,conectividad_media,40.0
0514710000000000020405,Carepa,0.8275,bien_conectado,239.0
0549020120600100010208,Necoclí,0.2375,aislado_critico,25734.0
0549020030300200010104,Necoclí,0.0875,aislado_critico,59809.0
0549020050401800010102,Necoclí,0.1975,aislado_critico,41357.0
0566510000000000010117,San Pedro de Urabá,0.44,semi_aislado,23824.0
0566510000000000010218,San Pedro de Urabá,0.4375,semi_aislado,23389.0
0566510000000000010848,San Pedro de Urabá,0.4775,semi_aislado,23767.0
0583720090700100010212,Turbo,0.7875,bien_conectado,38.0
0583720090700100010604,Turbo,0.83,bien_conectado,270.0
0583720090700100020321,Turbo,0.71,conectividad_media,261.0
0583720090600300010108,Turbo,0.7075,conectividad_media,80.0
0583720090600300010308,Turbo,0.6275,conectividad_media,108.0
0583720080301000010123,Turbo,0.4275,semi_aislado,2737.0
0583720050603700010104,Turbo,0.1075,aislado_critico,13340.0
0504520020500200010210,Apartadó,0.5775,conectividad_media,405.0
0505120030101100010109,Arboletes,0.0875,aislado_critico,62716.0
0517220060601500010111,Chigorodó,0.3875,semi_aislado,2635.0
0549010000000000010611,Necoclí,0.2775,aislado_critico,39036.0
0549010000000000010801,Necoclí,0.2375,aislado_critico,38284.0
0549020050300500010107,Necoclí,0.1975,aislado_critico,44318.0
0549020120600600010108,Necoclí,0.2775,aislado_critico,30350.0
0549020040400900010125,Necoclí,0.1075,aislado_critico,49308.0
0566510000000000010729,San Pedro de Urabá,0.4775,semi_aislado,23313.0
0566510000000000010851,San Pedro de Urabá,0.4,semi_aislado,24281.0
0565920010100500010117,San Juan de Urabá,0.0875,aislado_critico,68244.0
0566510000000000011015,San Pedro de Urabá,0.31,aislado_critico,24006.0
0583720090700100010138,Turbo,0.7475,conectividad_media,161.0
0583720090700100020525,Turbo,0.87,bien_conectado,98.0
0583720090700100020527,Turbo,0.83,bien_conectado,101.0
0583720100700200010408,Turbo,0.5975,conectividad_media,1223.0
0583720100700200020207,Turbo,0.5975,conectividad_media,1395.0
0583720100700200020307,Turbo,0.5975,conectividad_media,1350.0
0583720090600300010212,Turbo,0.7075,conectividad_media,56.0
0583720100400800010422,Turbo,0.6775,conectividad_media,22.0
0583720230401400010101,Turbo,0.1975,aislado_critico,171.0
0583720030802900010115,Turbo,0.2775,aislado_critico,10008.0
0504510000000000030115,Apartadó,0.9175,bien_conectado,1597.0
0583710000000000050125,Turbo,0.71,conectividad_media,1052.0
0583710000000000010237,Turbo,0.8275,bien_conectado,385.0
0504510000000000030206,Apartadó,0.84,bien_conectado,1701.0
0504510000000000020403,Apartadó,0.8775,bien_conectado,1602.0
0504510000000000100605,Apartadó,0.7,conectividad_media,199.0
0504510000000000080515,Apartadó,0.865,bien_conectado,389.0
0583710000000000010141,Turbo,0.8275,bien_conectado,437.0
0504510000000000060201,Apartadó,0.865,bien_conectado,472.0
0583710000000000030727,Turbo,0.6,conectividad_media,363.0
0504510000000000080208,Apartadó,0.7975,bien_conectado,626.0
0504510000000000030516,Apartadó,0.8775,bien_conectado,1291.0
0504510000000000050109,Apartadó,0.9175,bien_conectado,1087.0
0504510000000000010701,Apartadó,0.78,bien_conectado,81.0
0583710000000000010411,Turbo,0.72,conectividad_media,810.0
0583710000000000040172,Turbo,0.8275,bien_conectado,37.0
0583720090104100010301,Turbo,0.53,semi_aislado,1317.0
0583710000000000030708,Turbo,0.66,conectividad_media,758.0
0504510000000000020315,Apartadó,0.8775,bien_conectado,1506.0
0504510000000000060217,Apartadó,0.8775,bien_conectado,684.0
0504510000000000100405,Apartadó,0.56,conectividad_media,317.0
0504510000000000100615,Apartadó,0.7,conectividad_media,121.0
0583710000000000010203,Turbo,0.9075,bien_conectado,178.0
0504510000000000010112,Apartadó,0.72,conectividad_media,596.0
0504510000000000090511,Apartadó,0.76,bien_conectado,621.0
0504510000000000010717,Apartadó,0.7,conectividad_media,473.0
0504510000000000090202,Apartadó,0.76,bien_conectado,525.0
0504510000000000090123,Apartadó,0.79,bien_conectado,459.0
0583710000000000050103,Turbo,0.61,conectividad_media,1129.0
0504510000000000060309,Apartadó,0.915,bien_conectado,744.0
0583710000000000020808,Turbo,0.62,conectividad_media,788.0
0583710000000000050512,Turbo,0.67,conectividad_media,1337.0
0583710000000000040409,Turbo,0.9075,bien_conectado,42.0
0504510000000000060628,Apartadó,0.7575,bien_conectado,700.0
0504510000000000020405,Apartadó,0.8775,bien_conectado,1573.0
0583710000000000040206,Turbo,0.865,bien_conectado,22.0
0583710000000000040308,Turbo,0.945,bien_conectado,162.0
0504510000000000040626,Apartadó,0.8275,bien_conectado,469.0
0504510000000000080509,Apartadó,0.8275,bien_conectado,481.0
0504510000000000020304,Apartadó,0.915,bien_conectado,1459.0
0504510000000000050211,Apartadó,0.8775,bien_conectado,994.0
0504510000000000060205,Apartadó,0.835,bien_conectado,506.0
0514720011200300010107,Carepa,0.3675,semi_aislado,143.0
0514720011200300010115,Carepa,0.3675,semi_aislado,127.0
0514720010800600010110,Carepa,0.6575,conectividad_media,2806.0
0514720011500900010101,Carepa,0.2875,aislado_critico,137.0
0514720011500900010103,Carepa,0.2875,aislado_critico,186.0
0514720010501100010110,Carepa,0.5475,semi_aislado,923.0
0514720010601400010101,Carepa,0.5075,semi_aislado,42.0
0514720010601400010105,Carepa,0.5875,conectividad_media,142.0
0517220100601300010103,Chigorodó,0.1975,aislado_critico,7025.0
0504520020301700010103,Apartadó,0.6175,conectividad_media,3130.0
0583720050403300010102,Turbo,0.1075,aislado_critico,14282.0
0505120040101900010102,Arboletes,0.0875,aislado_critico,56079.0
0505120020301700010105,Arboletes,0.0875,aislado_critico,64823.0
0505120040101900010105,Arboletes,0.0875,aislado_critico,55925.0
0565920020600700010101,San Juan de Urabá,0.0875,aislado_critico,66474.0
0583720200100700010104,Turbo,0.2575,aislado_critico,1574.0
0565920010400800010106,San Juan de Urabá,0.1975,aislado_critico,71683.0
0504510000000000030411,Apartadó,0.875,bien_conectado,1128.0
0504510000000000070102,Apartadó,0.8775,bien_conectado,1021.0
0504510000000000070412,Apartadó,0.8375,bien_conectado,887.0
0504510000000000050501,Apartadó,0.84,bien_conectado,698.0
0504510000000000100305,Apartadó,0.79,bien_conectado,278.0
0583710000000000010103,Turbo,0.8275,bien_conectado,381.0
0504510000000000090107,Apartadó,0.84,bien_conectado,567.0
0504510000000000090114,Apartadó,0.84,bien_conectado,680.0
0504510000000000050105,Apartadó,0.9175,bien_conectado,999.0
0583710000000000050302,Turbo,0.63,conectividad_media,1425.0
0583720090104100010112,Turbo,0.3875,semi_aislado,2302.0
0504510000000000010313,Apartadó,0.7975,bien_conectado,1015.0
0583710000000000020115,Turbo,0.72,conectividad_media,752.0
0504510000000000020118,Apartadó,0.835,bien_conectado,1118.0
0504510000000000100223,Apartadó,0.6,conectividad_media,227.0
0504510000000000100106,Apartadó,0.67,conectividad_media,555.0
0504510000000000040133,Apartadó,0.84,bien_conectado,848.0
0504510000000000080419,Apartadó,0.8275,bien_conectado,461.0
0504520010201000010113,Apartadó,0.63,conectividad_media,589.0
0504510000000000080416,Apartadó,0.8275,bien_conectado,487.0
0504510000000000040403,Apartadó,0.915,bien_conectado,578.0
0583710000000000040412,Turbo,0.9075,bien_conectado,36.0
0583710000000000040104,Turbo,0.865,bien_conectado,85.0
0583710000000000050521,Turbo,0.63,conectividad_media,1419.0
0504510000000000070221,Apartadó,0.955,bien_conectado,961.0
0583710000000000040737,Turbo,0.8275,bien_conectado,63.0
0583710000000000050111,Turbo,0.71,conectividad_media,981.0
0504510000000000100226,Apartadó,0.56,conectividad_media,228.0
0583710000000000040408,Turbo,0.9075,bien_conectado,26.0
0583710000000000050506,Turbo,0.67,conectividad_media,1485.0
0583710000000000050129,Turbo,0.71,conectividad_media,1094.0
0504510000000000070439,Apartadó,0.8775,bien_conectado,824.0
0504510000000000100113,Apartadó,0.67,conectividad_media,526.0
0504510000000000080122,Apartadó,0.84,bien_conectado,585.0
0583710000000000030321,Turbo,0.865,bien_conectado,8.0
0504510000000000070708,Apartadó,0.8,bien_conectado,658.0
0583710000000000040141,Turbo,0.69,conectividad_media,347.0
0504510000000000010406,Apartadó,0.7975,bien_conectado,1006.0
0504510000000000080503,Apartadó,0.8275,bien_conectado,409.0
0504510000000000040624,Apartadó,0.945,bien_conectado,242.0
0583710000000000040538,Turbo,0.8275,bien_conectado,166.0
0504510000000000100327,Apartadó,0.7,conectividad_media,367.0
0504510000000000080102,Apartadó,0.7975,bien_conectado,694.0
0583710000000000020123,Turbo,0.72,conectividad_media,718.0
0583710000000000010441,Turbo,0.72,conectividad_media,958.0
0583710000000000050118,Turbo,0.61,conectividad_media,1255.0
0504510000000000050417,Apartadó,0.84,bien_conectado,717.0
0504510000000000010223,Apartadó,0.8775,bien_conectado,854.0
0504510000000000090311,Apartadó,0.76,bien_conectado,548.0
0504510000000000070736,Apartadó,0.9175,bien_conectado,866.0
0583710000000000010231,Turbo,0.8275,bien_conectado,323.0
0583710000000000020805,Turbo,0.72,conectividad_media,677.0
0583710000000000040550,Turbo,0.75,bien_conectado,292.0
0504510000000000080103,Apartadó,0.7975,bien_conectado,703.0
0583710000000000020710,Turbo,0.945,bien_conectado,116.0
0504510000000000020207,Apartadó,0.8775,bien_conectado,1285.0
0504510000000000090503,Apartadó,0.71,conectividad_media,568.0
0504510000000000050309,Apartadó,0.8775,bien_conectado,782.0
0504510000000000090507,Apartadó,0.76,bien_conectado,640.0
0583710000000000030107,Turbo,0.865,bien_conectado,7.0
0504510000000000060303,Apartadó,0.835,bien_conectado,632.0
0504510000000000090313,Apartadó,0.87,bien_conectado,497.0
0583710000000000040161,Turbo,0.865,bien_conectado,222.0
0583710000000000010516,Turbo,0.865,bien_conectado,358.0
0504510000000000100502,Apartadó,0.56,conectividad_media,188.0
0504510000000000060323,Apartadó,0.7975,bien_conectado,540.0
0504510000000000030107,Apartadó,0.9175,bien_conectado,1518.0
0583710000000000030725,Turbo,0.6,conectividad_media,420.0
0504510000000000080508,Apartadó,0.7975,bien_conectado,519.0
0583710000000000010610,Turbo,0.8275,bien_conectado,340.0
0504510000000000040401,Apartadó,0.955,bien_conectado,657.0
0583710000000000010213,Turbo,0.8275,bien_conectado,90.0
0583710000000000020508,Turbo,0.945,bien_conectado,208.0
0504510000000000070416,Apartadó,0.8775,bien_conectado,958.0
0504510000000000010601,Apartadó,0.79,bien_conectado,308.0
0583710000000000010608,Turbo,0.76,bien_conectado,621.0
0504510000000000050326,Apartadó,0.8775,bien_conectado,761.0
0583710000000000040507,Turbo,0.79,bien_conectado,203.0
0504510000000000070516,Apartadó,0.9175,bien_conectado,917.0
0504510000000000070501,Apartadó,0.8775,bien_conectado,1118.0
0504510000000000010105,Apartadó,0.7875,bien_conectado,437.0
0504510000000000100206,Apartadó,0.56,conectividad_media,454.0
0504510000000000100125,Apartadó,0.7,conectividad_media,377.0
0583710000000000030728,Turbo,0.6,conectividad_media,382.0
0504510000000000050209,Apartadó,0.9175,bien_conectado,1001.0
0504510000000000040136,Apartadó,0.84,bien_conectado,937.0
0583710000000000020315,Turbo,0.8275,bien_conectado,480.0
0504510000000000040724,Apartadó,0.88,bien_conectado,773.0
0504510000000000100211,Apartadó,0.7,conectividad_media,461.0
0583710000000000020137,Turbo,0.76,bien_conectado,734.0
0504510000000000090112,Apartadó,0.84,bien_conectado,617.0
0583710000000000020611,Turbo,0.9475,bien_conectado,197.0
0583710000000000040201,Turbo,0.945,bien_conectado,236.0
0583710000000000030604,Turbo,0.66,conectividad_media,776.0
0504510000000000040217,Apartadó,0.9175,bien_conectado,769.0
0583710000000000020906,Turbo,0.72,conectividad_media,834.0
0504510000000000070216,Apartadó,0.915,bien_conectado,1196.0
0504510000000000070309,Apartadó,0.7975,bien_conectado,922.0
0505120050401400010105,Arboletes,0.2775,aislado_critico,44989.0
0504510000000000080619,Apartadó,0.7975,bien_conectado,514.0
0583710000000000030444,Turbo,0.62,conectividad_media,817.0
0583710000000000040621,Turbo,0.3375,aislado_critico,2016.0
0583710000000000050101,Turbo,0.57,conectividad_media,1318.0
0504510000000000010520,Apartadó,0.7975,bien_conectado,1048.0
0583710000000000050305,Turbo,0.63,conectividad_media,1404.0
0504510000000000050114,Apartadó,0.9175,bien_conectado,1037.0
0583710000000000030440,Turbo,0.62,conectividad_media,555.0
0504510000000000070403,Apartadó,0.955,bien_conectado,797.0
0583720090104100010119,Turbo,0.4175,semi_aislado,1984.0
0583710000000000040126,Turbo,0.64,conectividad_media,15.0
0583710000000000010131,Turbo,0.72,conectividad_media,683.0
0504510000000000020559,Apartadó,0.76,bien_conectado,1594.0
0583710000000000020707,Turbo,0.905,bien_conectado,150.0
0583710000000000050106,Turbo,0.71,conectividad_media,1130.0
0504510000000000060801,Apartadó,0.835,bien_conectado,516.0
0583710000000000040730,Turbo,0.69,conectividad_media,353.0
0504510000000000100225,Apartadó,0.56,conectividad_media,229.0
0504510000000000070701,Apartadó,0.8375,bien_conectado,677.0
0583710000000000030510,Turbo,0.8275,bien_conectado,434.0
0504510000000000060120,Apartadó,0.8775,bien_conectado,670.0
0504510000000000030203,Apartadó,0.84,bien_conectado,1769.0
0583710000000000030729,Turbo,0.6,conectividad_media,454.0
0583710000000000030512,Turbo,0.8275,bien_conectado,478.0
0504510000000000010403,Apartadó,0.7975,bien_conectado,820.0
0504510000000000020219,Apartadó,0.8775,bien_conectado,1200.0
0504510000000000020420,Apartadó,0.8775,bien_conectado,1574.0
0504510000000000010103,Apartadó,0.7875,bien_conectado,399.0
0583710000000000010138,Turbo,0.8275,bien_conectado,426.0
0504510000000000050204,Apartadó,0.88,bien_conectado,904.0
0583710000000000010205,Turbo,0.945,bien_conectado,3.0
0583710000000000030712,Turbo,0.62,conectividad_media,501.0
0504510000000000090208,Apartadó,0.76,bien_conectado,625.0
0504510000000000020610,Apartadó,0.835,bien_conectado,1219.0
0583710000000000030732,Turbo,0.6,conectividad_media,468.0
0504520030201800010101,Apartadó,0.64,conectividad_media,314.0
0504510000000000010511,Apartadó,0.8775,bien_conectado,1145.0
0504510000000000100233,Apartadó,0.53,semi_aislado,537.0
0583710000000000010142,Turbo,0.72,conectividad_media,705.0
0583710000000000010113,Turbo,0.8275,bien_conectado,333.0
0583710000000000010143,Turbo,0.72,conectividad_media,783.0
0504510000000000050106,Apartadó,0.8775,bien_conectado,1047.0
0583710000000000010301,Turbo,0.9075,bien_conectado,88.0
0583710000000000020705,Turbo,0.905,bien_conectado,194.0
0583710000000000010238,Turbo,0.8275,bien_conectado,385.0
0504510000000000010720,Apartadó,0.63,conectividad_media,727.0
0583710000000000010428,Turbo,0.72,conectividad_media,840.0
0583710000000000010224,Turbo,0.75,bien_conectado,469.0
0504510000000000060106,Apartadó,0.945,bien_conectado,489.0
0504510000000000070125,Apartadó,0.8775,bien_conectado,964.0
0504510000000000080414,Apartadó,0.865,bien_conectado,457.0
0504510000000000070320,Apartadó,0.8775,bien_conectado,1122.0
0583710000000000020326,Turbo,0.7975,bien_conectado,578.0
0583710000000000030311,Turbo,0.8275,bien_conectado,313.0
0504510000000000090116,Apartadó,0.84,bien_conectado,690.0
0504510000000000100340,Apartadó,0.75,bien_conectado,321.0
0504510000000000070220,Apartadó,0.915,bien_conectado,1308.0
0583710000000000020308,Turbo,0.945,bien_conectado,252.0
0504510000000000020108,Apartadó,0.915,bien_conectado,1297.0
0583710000000000040148,Turbo,0.8275,bien_conectado,61.0
0504510000000000070737,Apartadó,0.9175,bien_conectado,898.0
0583710000000000050401,Turbo,0.71,conectividad_media,1143.0
0583710000000000040142,Turbo,0.79,bien_conectado,308.0
0504510000000000090510,Apartadó,0.76,bien_conectado,540.0
0583710000000000030318,Turbo,0.865,bien_conectado,363.0
0504510000000000060101,Apartadó,0.8775,bien_conectado,525.0
0583710000000000020901,Turbo,0.72,conectividad_media,719.0
0583710000000000030422,Turbo,0.8275,bien_conectado,321.0
0583710000000000020309,Turbo,0.945,bien_conectado,205.0
0504510000000000050308,Apartadó,0.955,bien_conectado,730.0
0504510000000000070422,Apartadó,0.875,bien_conectado,915.0
0504510000000000090332,Apartadó,0.79,bien_conectado,418.0
0583710000000000040144,Turbo,0.79,bien_conectado,200.0
0583710000000000030229,Turbo,0.66,conectividad_media,882.0
0583710000000000040132,Turbo,0.64,conectividad_media,170.0
0583710000000000050409,Turbo,0.67,conectividad_media,1247.0
0504510000000000040410,Apartadó,0.8775,bien_conectado,743.0
0583710000000000010509,Turbo,0.865,bien_conectado,229.0
0504510000000000100219,Apartadó,0.56,conectividad_media,291.0
0504510000000000070302,Apartadó,0.835,bien_conectado,875.0
0504510000000000060634,Apartadó,0.7575,bien_conectado,592.0
0514720011200300010116,Carepa,0.3675,semi_aislado,83.0
0514720010400400010105,Carepa,0.3675,semi_aislado,572.0
0514720010400400010121,Carepa,0.3675,semi_aislado,603.0
0514720010400500010114,Carepa,0.3675,semi_aislado,1039.0
0514720010800600010103,Carepa,0.6575,conectividad_media,2898.0
0514720010800600010116,Carepa,0.6975,conectividad_media,2585.0
0514720010400800010103,Carepa,0.3975,semi_aislado,31.0
0514720010400800010107,Carepa,0.3975,semi_aislado,118.0
0514720010400800010113,Carepa,0.3975,semi_aislado,194.0
0514720010801200010106,Carepa,0.6175,conectividad_media,2671.0
0514720010601400010115,Carepa,0.5875,conectividad_media,148.0
0504520020301700010106,Apartadó,0.6175,conectividad_media,3120.0
0505120020301700010103,Arboletes,0.0875,aislado_critico,64887.0
0566520040701400010105,San Pedro de Urabá,0.1975,aislado_critico,41473.0
0504520020301700010101,Apartadó,0.6175,conectividad_media,3049.0
0566520040701400010108,San Pedro de Urabá,0.1975,aislado_critico,41430.0
0504510000000000050115,Apartadó,0.8775,bien_conectado,1009.0
0504510000000000040504,Apartadó,0.915,bien_conectado,640.0
0583710000000000010504,Turbo,0.8275,bien_conectado,357.0
0504510000000000010327,Apartadó,0.955,bien_conectado,946.0
0583710000000000010707,Turbo,0.57,conectividad_media,1011.0
0504510000000000020423,Apartadó,0.955,bien_conectado,1579.0
0504510000000000040709,Apartadó,0.8775,bien_conectado,588.0
0504510000000000050222,Apartadó,0.88,bien_conectado,835.0
0504510000000000100339,Apartadó,0.75,bien_conectado,441.0
0504510000000000100229,Apartadó,0.56,conectividad_media,489.0
0583710000000000050410,Turbo,0.67,conectividad_media,1200.0
0504510000000000080221,Apartadó,0.7975,bien_conectado,673.0
0583710000000000020325,Turbo,0.7975,bien_conectado,545.0
0504510000000000070611,Apartadó,0.8775,bien_conectado,1187.0
0504510000000000060423,Apartadó,0.955,bien_conectado,903.0
0583710000000000040214,Turbo,0.945,bien_conectado,44.0
0504510000000000070711,Apartadó,0.8375,bien_conectado,735.0
0583710000000000050517,Turbo,0.67,conectividad_media,1380.0
0583710000000000050128,Turbo,0.71,conectividad_media,1015.0
0583710000000000040118,Turbo,0.9075,bien_conectado,28.0
0504510000000000070440,Apartadó,0.915,bien_conectado,796.0
0583710000000000050304,Turbo,0.63,conectividad_media,1412.0
0504510000000000030307,Apartadó,0.915,bien_conectado,1264.0
0583710000000000030816,Turbo,0.6,conectividad_media,477.0
0504510000000000070126,Apartadó,0.9175,bien_conectado,977.0
0583710000000000010210,Turbo,0.9075,bien_conectado,3.0
0583710000000000030730,Turbo,0.61,conectividad_media,565.0
0583710000000000050225,Turbo,0.67,conectividad_media,1388.0
0504510000000000060412,Apartadó,0.915,bien_conectado,797.0
0583720090104100010102,Turbo,0.48,semi_aislado,1894.0
0504510000000000080511,Apartadó,0.7975,bien_conectado,540.0
0504510000000000020541,Apartadó,0.835,bien_conectado,1360.0
0583710000000000010731,Turbo,0.76,bien_conectado,669.0
0583710000000000030807,Turbo,0.6,conectividad_media,384.0
0583710000000000020811,Turbo,0.62,conectividad_media,1036.0
0583710000000000030410,Turbo,0.8275,bien_conectado,269.0
0504510000000000100610,Apartadó,0.56,conectividad_media,159.0
0504510000000000030409,Apartadó,0.875,bien_conectado,1015.0
0583710000000000040146,Turbo,0.79,bien_conectado,172.0
0504510000000000090502,Apartadó,0.71,conectividad_media,602.0
0504510000000000030405,Apartadó,0.955,bien_conectado,968.0
0504510000000000020615,Apartadó,0.835,bien_conectado,1182.0
0504510000000000100205,Apartadó,0.56,conectividad_media,465.0
0504510000000000030509,Apartadó,0.955,bien_conectado,1458.0
0504510000000000050402,Apartadó,0.84,bien_conectado,672.0
0504510000000000020544,Apartadó,0.915,bien_conectado,1437.0
0504510000000000020213,Apartadó,0.955,bien_conectado,1394.0
0504510000000000070116,Apartadó,0.915,bien_conectado,1126.0
0583710000000000030811,Turbo,0.6,conectividad_media,327.0
0583710000000000040708,Turbo,0.69,conectividad_media,218.0
0504510000000000090504,Apartadó,0.76,bien_conectado,585.0
0504510000000000020206,Apartadó,0.8775,bien_conectado,1234.0
0583710000000000050133,Turbo,0.71,conectividad_media,1147.0
0583710000000000040732,Turbo,0.69,conectividad_media,231.0
0504510000000000070607,Apartadó,0.8775,bien_conectado,1215.0
0504510000000000060611,Apartadó,0.8375,bien_conectado,732.0
0583710000000000020318,Turbo,0.7975,bien_conectado,610.0
0504510000000000020620,Apartadó,0.835,bien_conectado,1150.0
0504510000000000090209,Apartadó,0.76,bien_conectado,597.0
0583710000000000030324,Turbo,0.66,conectividad_media,665.0
0583710000000000030724,Turbo,0.6,conectividad_media,420.0
0504510000000000080614,Apartadó,0.7875,bien_conectado,474.0
0504510000000000040414,Apartadó,0.8775,bien_conectado,796.0
0504510000000000040611,Apartadó,0.945,bien_conectado,371.0
0583710000000000020207,Turbo,0.945,bien_conectado,242.0
0504510000000000080214,Apartadó,0.7975,bien_conectado,665.0
0504510000000000060511,Apartadó,0.915,bien_conectado,774.0
0504510000000000090111,Apartadó,0.84,bien_conectado,627.0
0504510000000000100133,Apartadó,0.67,conectividad_media,506.0
0583710000000000050507,Turbo,0.67,conectividad_media,1470.0
0504510000000000040705,Apartadó,0.84,bien_conectado,663.0
0504510000000000090214,Apartadó,0.84,bien_conectado,635.0
0583710000000000040165,Turbo,0.69,conectividad_media,489.0
0504510000000000080613,Apartadó,0.7875,bien_conectado,490.0
0504510000000000020408,Apartadó,0.915,bien_conectado,1671.0
0504510000000000040616,Apartadó,0.945,bien_conectado,466.0
0583710000000000030432,Turbo,0.8275,bien_conectado,370.0
0504510000000000070733,Apartadó,0.84,bien_conectado,842.0
0583710000000000030518,Turbo,0.7975,bien_conectado,554.0
0504510000000000070114,Apartadó,0.915,bien_conectado,1192.0
0504510000000000070111,Apartadó,0.915,bien_conectado,1133.0
0504510000000000030305,Apartadó,0.955,bien_conectado,1364.0
0583710000000000020507,Turbo,0.9075,bien_conectado,284.0
0583710000000000010613,Turbo,0.9075,bien_conectado,156.0
0583710000000000010438,Turbo,0.72,conectividad_media,718.0
0504510000000000020553,Apartadó,0.835,bien_conectado,1739.0
0504510000000000080628,Apartadó,0.75,bien_conectado,427.0
0583710000000000020306,Turbo,0.945,bien_conectado,340.0
0504520030201800010112,Apartadó,0.64,conectividad_media,381.0
0583710000000000010118,Turbo,0.72,conectividad_media,569.0
0583710000000000010135,Turbo,0.72,conectividad_media,651.0
0514720010400400010111,Carepa,0.3675,semi_aislado,624.0
0514720010400400010113,Carepa,0.3675,semi_aislado,677.0
0514720010400500010109,Carepa,0.3675,semi_aislado,1003.0
0514720010400500010130,Carepa,0.3675,semi_aislado,1312.0
0514720010800600010112,Carepa,0.6575,conectividad_media,2648.0
0514720010501100010103,Carepa,0.5075,semi_aislado,1032.0
0583720200100700010102,Turbo,0.2975,aislado_critico,1459.0
0583710000000000030721,Turbo,0.65,conectividad_media,482.0
0583710000000000030205,Turbo,0.66,conectividad_media,787.0
0583710000000000040719,Turbo,0.8275,bien_conectado,59.0
0583710000000000030819,Turbo,0.6,conectividad_media,372.0
0504510000000000040119,Apartadó,0.84,bien_conectado,837.0
0583710000000000050115,Turbo,0.61,conectividad_media,1002.0
0583710000000000040128,Turbo,0.65,conectividad_media,68.0
0583710000000000040728,Turbo,0.69,conectividad_media,404.0
0504520010201000010112,Apartadó,0.71,conectividad_media,724.0
0583710000000000030320,Turbo,0.865,bien_conectado,384.0
0504510000000000050504,Apartadó,0.84,bien_conectado,756.0
0504510000000000060804,Apartadó,0.835,bien_conectado,545.0
0504510000000000020523,Apartadó,0.955,bien_conectado,1516.0
0504510000000000060518,Apartadó,0.915,bien_conectado,852.0
0504510000000000020602,Apartadó,0.835,bien_conectado,1208.0
0583710000000000030429,Turbo,0.8275,bien_conectado,384.0
0504510000000000040505,Apartadó,0.915,bien_conectado,598.0
0504520030201800010106,Apartadó,0.57,conectividad_media,778.0
0504510000000000100507,Apartadó,0.56,conectividad_media,66.0
0583710000000000040117,Turbo,0.865,bien_conectado,61.0
0504510000000000010626,Apartadó,0.79,bien_conectado,220.0
0504510000000000060209,Apartadó,0.915,bien_conectado,578.0
0504520010201000010105,Apartadó,0.66,conectividad_media,975.0
0504510000000000090303,Apartadó,0.76,bien_conectado,553.0
0504510000000000030601,Apartadó,0.8775,bien_conectado,1097.0
0504510000000000060119,Apartadó,0.8775,bien_conectado,642.0
0583710000000000040529,Turbo,0.79,bien_conectado,282.0
0504510000000000080607,Apartadó,0.75,bien_conectado,348.0
0504510000000000030215,Apartadó,0.8775,bien_conectado,1783.0
0504510000000000090301,Apartadó,0.76,bien_conectado,604.0
0583710000000000050503,Turbo,0.67,conectividad_media,1392.0
0583710000000000010208,Turbo,0.9075,bien_conectado,210.0
0504510000000000010319,Apartadó,0.8775,bien_conectado,968.0
0583710000000000010107,Turbo,0.8275,bien_conectado,312.0
0583710000000000050211,Turbo,0.67,conectividad_media,1399.0
0583710000000000050108,Turbo,0.76,bien_conectado,942.0
0504510000000000050506,Apartadó,0.84,bien_conectado,779.0
0504510000000000040131,Apartadó,0.84,bien_conectado,812.0
0504510000000000010622,Apartadó,0.7,conectividad_media,352.0
0504510000000000030607,Apartadó,0.8775,bien_conectado,1183.0
0504510000000000070213,Apartadó,0.915,bien_conectado,1138.0
0583710000000000030606,Turbo,0.62,conectividad_media,818.0
0504510000000000050321,Apartadó,0.8775,bien_conectado,867.0
0583710000000000030503,Turbo,0.8275,bien_conectado,366.0
0504520010201000010102,Apartadó,0.5175,semi_aislado,1147.0
0504510000000000050408,Apartadó,0.84,bien_conectado,773.0
0583710000000000020118,Turbo,0.72,conectividad_media,786.0
0504510000000000080108,Apartadó,0.76,bien_conectado,741.0
0504510000000000020102,Apartadó,0.835,bien_conectado,1084.0
0583710000000000030528,Turbo,0.8275,bien_conectado,360.0
0583710000000000020411,Turbo,0.865,bien_conectado,334.0
0583710000000000010111,Turbo,0.9075,bien_conectado,268.0
0504510000000000090325,Apartadó,0.79,bien_conectado,468.0
0504510000000000010308,Apartadó,0.8775,bien_conectado,769.0
0504510000000000070526,Apartadó,0.9175,bien_conectado,975.0
0504510000000000090110,Apartadó,0.84,bien_conectado,621.0
0504510000000000010706,Apartadó,0.7,conectividad_media,276.0
0583710000000000010236,Turbo,0.9075,bien_conectado,43.0
0583710000000000010619,Turbo,0.8275,bien_conectado,238.0
0504510000000000080223,Apartadó,0.7975,bien_conectado,546.0
0583710000000000030635,Turbo,0.66,conectividad_media,766.0
0504510000000000020409,Apartadó,0.955,bien_conectado,1649.0
0504510000000000030618,Apartadó,0.8775,bien_conectado,1213.0
0504510000000000100239,Apartadó,0.53,semi_aislado,542.0
0504510000000000030222,Apartadó,0.835,bien_conectado,1848.0
0583710000000000010112,Turbo,0.9075,bien_conectado,298.0
0583710000000000050109,Turbo,0.71,conectividad_media,1019.0
0504510000000000010326,Apartadó,0.8775,bien_conectado,890.0
0583710000000000050509,Turbo,0.67,conectividad_media,1415.0
0583710000000000020709,Turbo,0.905,bien_conectado,88.0
0583710000000000040701,Turbo,0.69,conectividad_media,436.0
0583710000000000010115,Turbo,0.8275,bien_conectado,448.0
0583710000000000050212,Turbo,0.67,conectividad_media,1249.0
0504510000000000010423,Apartadó,0.7975,bien_conectado,916.0
0583710000000000010413,Turbo,0.72,conectividad_media,940.0
0504510000000000030605,Apartadó,0.8775,bien_conectado,1127.0
0504510000000000050515,Apartadó,0.84,bien_conectado,695.0
0583710000000000030723,Turbo,0.6,conectividad_media,469.0
0504510000000000010217,Apartadó,0.915,bien_conectado,817.0
0504510000000000040520,Apartadó,0.8275,bien_conectado,470.0
0504510000000000030321,Apartadó,0.8375,bien_conectado,1224.0
0504510000000000090322,Apartadó,0.84,bien_conectado,514.0
0504510000000000070714,Apartadó,0.8375,bien_conectado,747.0
0583710000000000030737,Turbo,0.66,conectividad_media,713.0
0504510000000000030318,Apartadó,0.8775,bien_conectado,1345.0
0504510000000000070609,Apartadó,0.8775,bien_conectado,1213.0
0583710000000000020804,Turbo,0.72,conectividad_media,721.0
0583710000000000020109,Turbo,0.8275,bien_conectado,431.0
0504510000000000040116,Apartadó,0.8775,bien_conectado,827.0
0583710000000000010624,Turbo,0.7975,bien_conectado,597.0
0583710000000000050208,Turbo,0.67,conectividad_media,1370.0
0504510000000000080513,Apartadó,0.865,bien_conectado,463.0
0504510000000000050409,Apartadó,0.84,bien_conectado,762.0
0583710000000000040303,Turbo,0.865,bien_conectado,11.0
0504510000000000010506,Apartadó,0.915,bien_conectado,1041.0
0504510000000000010314,Apartadó,0.8775,bien_conectado,904.0
0504510000000000100121,Apartadó,0.7,conectividad_media,411.0
0583710000000000050408,Turbo,0.67,conectividad_media,1260.0
0583710000000000010307,Turbo,0.8275,bien_conectado,8.0
0583710000000000010727,Turbo,0.76,bien_conectado,687.0
0504510000000000050212,Apartadó,0.8775,bien_conectado,1039.0
0504510000000000020418,Apartadó,0.915,bien_conectado,1674.0
0583710000000000020711,Turbo,0.945,bien_conectado,125.0
0504510000000000040629,Apartadó,0.7875,bien_conectado,152.0
0504510000000000010402,Apartadó,0.7975,bien_conectado,823.0
0504510000000000060115,Apartadó,0.8775,bien_conectado,569.0
0583710000000000030620,Turbo,0.66,conectividad_media,710.0
0504510000000000020217,Apartadó,0.8775,bien_conectado,1342.0
0504510000000000080123,Apartadó,0.84,bien_conectado,537.0
0504510000000000030326,Apartadó,0.915,bien_conectado,1373.0
0504510000000000030419,Apartadó,0.7575,bien_conectado,1118.0
0583710000000000030221,Turbo,0.66,conectividad_media,870.0
0504510000000000040409,Apartadó,0.915,bien_conectado,687.0
0583710000000000040202,Turbo,0.945,bien_conectado,186.0
0504510000000000060617,Apartadó,0.915,bien_conectado,868.0
0583710000000000020312,Turbo,0.7975,bien_conectado,642.0
0583710000000000030419,Turbo,0.8275,bien_conectado,364.0
0583710000000000030619,Turbo,0.66,conectividad_media,793.0
0504510000000000100216,Apartadó,0.56,conectividad_media,356.0
0583710000000000030418,Turbo,0.66,conectividad_media,534.0
0583710000000000020607,Turbo,0.8675,bien_conectado,224.0
0583710000000000030630,Turbo,0.62,conectividad_media,537.0
0583710000000000030403,Turbo,0.865,bien_conectado,92.0
0504510000000000010135,Apartadó,0.7875,bien_conectado,434.0
0504510000000000020547,Apartadó,0.835,bien_conectado,1211.0
0504510000000000050413,Apartadó,0.84,bien_conectado,789.0
0504510000000000080307,Apartadó,0.8275,bien_conectado,439.0
0504510000000000090213,Apartadó,0.84,bien_conectado,597.0
0504510000000000020306,Apartadó,0.9175,bien_conectado,1427.0
0504510000000000020546,Apartadó,0.915,bien_conectado,1384.0
0583710000000000020510,Turbo,0.985,bien_conectado,256.0
0504510000000000060624,Apartadó,0.7575,bien_conectado,651.0
0583710000000000040127,Turbo,0.65,conectividad_media,89.0
0504510000000000050410,Apartadó,0.84,bien_conectado,737.0
0504510000000000050320,Apartadó,0.8775,bien_conectado,821.0
0583710000000000050222,Turbo,0.67,conectividad_media,1515.0
0583710000000000030524,Turbo,0.8275,bien_conectado,492.0
0504510000000000030532,Apartadó,0.8775,bien_conectado,1547.0
0583710000000000030442,Turbo,0.8275,bien_conectado,434.0
0583710000000000030307,Turbo,0.8275,bien_conectado,324.0
0504510000000000100320,Apartadó,0.7,conectividad_media,226.0
0504510000000000020309,Apartadó,0.8775,bien_conectado,1421.0
0504510000000000040215,Apartadó,0.9175,bien_conectado,718.0
0504510000000000090210,Apartadó,0.76,bien_conectado,573.0
0504510000000000080206,Apartadó,0.7975,bien_conectado,621.0
0583710000000000030423,Turbo,0.865,bien_conectado,151.0
0583710000000000040157,Turbo,0.8275,bien_conectado,20.0
0504510000000000030314,Apartadó,0.915,bien_conectado,1265.0
0504510000000000100221,Apartadó,0.6,conectividad_media,300.0
0504510000000000050215,Apartadó,0.8775,bien_conectado,947.0
0583710000000000050134,Turbo,0.71,conectividad_media,1052.0
0504510000000000020531,Apartadó,0.915,bien_conectado,1412.0
0583710000000000030438,Turbo,0.79,bien_conectado,473.0
0504510000000000070404,Apartadó,0.955,bien_conectado,797.0
0504510000000000050519,Apartadó,0.84,bien_conectado,637.0
0583710000000000010436,Turbo,0.72,conectividad_media,887.0
0504510000000000100316,Apartadó,0.75,bien_conectado,216.0
0583710000000000040731,Turbo,0.65,conectividad_media,273.0
0583710000000000040520,Turbo,0.79,bien_conectado,337.0
0504510000000000040209,Apartadó,0.9475,bien_conectado,487.0
0583720090104100010303,Turbo,0.53,semi_aislado,1216.0
0504510000000000030408,Apartadó,0.915,bien_conectado,960.0
0504510000000000060514,Apartadó,0.955,bien_conectado,886.0
0504510000000000020107,Apartadó,0.915,bien_conectado,1279.0
0504510000000000090206,Apartadó,0.76,bien_conectado,547.0
0504510000000000090409,Apartadó,0.9075,bien_conectado,400.0
0504510000000000070734,Apartadó,0.8375,bien_conectado,723.0
0504510000000000060114,Apartadó,0.915,bien_conectado,525.0
0504510000000000020411,Apartadó,0.955,bien_conectado,1521.0
0583710000000000010447,Turbo,0.72,conectividad_media,864.0
0583710000000000020316,Turbo,0.7975,bien_conectado,563.0
0504510000000000100409,Apartadó,0.56,conectividad_media,289.0
0583710000000000010728,Turbo,0.76,bien_conectado,593.0
0504510000000000040628,Apartadó,0.7875,bien_conectado,223.0
0504510000000000050304,Apartadó,0.9175,bien_conectado,813.0
0583710000000000040143,Turbo,0.79,bien_conectado,264.0
0504510000000000060517,Apartadó,0.915,bien_conectado,847.0
0504510000000000030511,Apartadó,0.915,bien_conectado,1436.0
0504510000000000030328,Apartadó,0.8375,bien_conectado,1265.0
0504510000000000070305,Apartadó,0.7975,bien_conectado,965.0
0504510000000000090118,Apartadó,0.84,bien_conectado,719.0
0583720090104100010205,Turbo,0.48,semi_aislado,1565.0
0504510000000000080626,Apartadó,0.8275,bien_conectado,431.0
0504510000000000020109,Apartadó,0.915,bien_conectado,1291.0
0583710000000000040715,Turbo,0.865,bien_conectado,128.0
0583710000000000040761,Turbo,0.69,conectividad_media,234.0
0583710000000000020108,Turbo,0.8275,bien_conectado,379.0
0583710000000000020208,Turbo,0.945,bien_conectado,196.0
0583710000000000040102,Turbo,0.865,bien_conectado,25.0
0583710000000000030515,Turbo,0.7975,bien_conectado,539.0
0504510000000000010609,Apartadó,0.7,conectividad_media,372.0
0504510000000000020424,Apartadó,0.955,bien_conectado,1554.0
0583710000000000020402,Turbo,0.865,bien_conectado,406.0
0504510000000000100119,Apartadó,0.7,conectividad_media,480.0
0583710000000000050110,Turbo,0.67,conectividad_media,1054.0
0504510000000000040511,Apartadó,0.8775,bien_conectado,647.0
0504510000000000060408,Apartadó,0.8775,bien_conectado,679.0
0504510000000000040312,Apartadó,0.955,bien_conectado,521.0
0504510000000000080601,Apartadó,0.7875,bien_conectado,478.0
0583710000000000040138,Turbo,0.66,conectividad_media,509.0
0504510000000000010516,Apartadó,0.955,bien_conectado,1079.0
0514720011200300010104,Carepa,0.3675,semi_aislado,62.0
0514720011200300010108,Carepa,0.3675,semi_aislado,52.0
0514720010400500010101,Carepa,0.3675,semi_aislado,973.0
0514720010400500010113,Carepa,0.3675,semi_aislado,1097.0
0514720010400500010129,Carepa,0.3675,semi_aislado,1298.0
0514720010400500010123,Carepa,0.3675,semi_aislado,1226.0
0514720010400800010112,Carepa,0.3975,semi_aislado,123.0
0514720010501100010104,Carepa,0.5075,semi_aislado,1005.0
0514720010501100010108,Carepa,0.5075,semi_aislado,929.0
0514720010801200010101,Carepa,0.6175,conectividad_media,2682.0
0583720200100700010108,Turbo,0.2975,aislado_critico,1476.0
0565920020600700010102,San Juan de Urabá,0.0875,aislado_critico,66583.0
0505120040101900010103,Arboletes,0.0875,aislado_critico,55888.0
0566520040701400010107,San Pedro de Urabá,0.1975,aislado_critico,41423.0
0565920010400800010108,San Juan de Urabá,0.1975,aislado_critico,71747.0
0566520040701400010103,San Pedro de Urabá,0.1975,aislado_critico,41493.0
0504510000000000100120,Apartadó,0.7,conectividad_media,452.0
0583710000000000030716,Turbo,0.6,conectividad_media,488.0
0504510000000000070520,Apartadó,0.9175,bien_conectado,1004.0
0504510000000000060113,Apartadó,0.8775,bien_conectado,537.0
0504510000000000040627,Apartadó,0.8275,bien_conectado,438.0
0583710000000000040307,Turbo,0.945,bien_conectado,190.0
0583710000000000050206,Turbo,0.67,conectividad_media,1445.0
0583710000000000020302,Turbo,0.835,bien_conectado,502.0
0504510000000000050210,Apartadó,0.88,bien_conectado,982.0
0583710000000000010718,Turbo,0.57,conectividad_media,1036.0
0504510000000000010125,Apartadó,0.72,conectividad_media,591.0
0504510000000000100302,Apartadó,0.79,bien_conectado,353.0
0504510000000000020211,Apartadó,0.955,bien_conectado,1318.0
0504510000000000040515,Apartadó,0.7575,bien_conectado,589.0
0504510000000000040501,Apartadó,0.8775,bien_conectado,848.0
0583710000000000050135,Turbo,0.71,conectividad_media,1036.0
0504510000000000060327,Apartadó,0.7975,bien_conectado,593.0
0504510000000000050301,Apartadó,0.8775,bien_conectado,905.0
0583710000000000010305,Turbo,0.8275,bien_conectado,137.0
0583710000000000020714,Turbo,0.7875,bien_conectado,372.0
0504510000000000010214,Apartadó,0.9175,bien_conectado,778.0
0583710000000000050210,Turbo,0.67,conectividad_media,1530.0
0504510000000000080110,Apartadó,0.84,bien_conectado,594.0
0583710000000000050526,Turbo,0.67,conectividad_media,1287.0
0583710000000000040718,Turbo,0.8275,bien_conectado,69.0
0504510000000000030118,Apartadó,0.8775,bien_conectado,1623.0
0583710000000000010229,Turbo,0.8275,bien_conectado,384.0
0504520010201000010110,Apartadó,0.66,conectividad_media,900.0
0583710000000000040503,Turbo,0.75,bien_conectado,338.0
0504510000000000060631,Apartadó,0.7575,bien_conectado,598.0
0504510000000000090217,Apartadó,0.84,bien_conectado,667.0
0504510000000000020226,Apartadó,0.955,bien_conectado,1402.0
0583710000000000050412,Turbo,0.67,conectividad_media,1193.0
0583710000000000050520,Turbo,0.67,conectividad_media,1446.0
0583710000000000050524,Turbo,0.67,conectividad_media,1359.0
0583710000000000030224,Turbo,0.62,conectividad_media,584.0
0504510000000000020519,Apartadó,0.835,bien_conectado,1230.0
0504510000000000040117,Apartadó,0.88,bien_conectado,852.0
0583710000000000030232,Turbo,0.57,conectividad_media,732.0
0504510000000000080605,Apartadó,0.75,bien_conectado,405.0
0504510000000000060330,Apartadó,0.835,bien_conectado,813.0
0583710000000000030222,Turbo,0.66,conectividad_media,792.0
0583710000000000030309,Turbo,0.7275,conectividad_media,467.0
0504510000000000040218,Apartadó,0.9175,bien_conectado,800.0
0583710000000000010317,Turbo,0.865,bien_conectado,177.0
0504510000000000040307,Apartadó,0.9075,bien_conectado,456.0
0583710000000000020907,Turbo,0.72,conectividad_media,831.0
0504510000000000030406,Apartadó,0.9175,bien_conectado,913.0
0504510000000000030526,Apartadó,0.915,bien_conectado,1286.0
0504510000000000100136,Apartadó,0.7,conectividad_media,332.0
0504510000000000100506,Apartadó,0.56,conectividad_media,38.0
0504510000000000030504,Apartadó,0.955,bien_conectado,1469.0
0583710000000000010101,Turbo,0.8275,bien_conectado,469.0
0583710000000000020304,Turbo,0.865,bien_conectado,432.0
0504510000000000040137,Apartadó,0.8775,bien_conectado,921.0
0504510000000000030416,Apartadó,0.875,bien_conectado,1018.0
0504510000000000040404,Apartadó,0.915,bien_conectado,540.0
0566510000000000010539,San Pedro de Urabá,0.4775,semi_aislado,23607.0
0583710000000000030513,Turbo,0.8275,bien_conectado,493.0
0504510000000000100132,Apartadó,0.67,conectividad_media,515.0
0504510000000000020412,Apartadó,0.955,bien_conectado,1627.0
0504510000000000080222,Apartadó,0.7975,bien_conectado,710.0
0504510000000000030401,Apartadó,0.875,bien_conectado,1198.0
0583710000000000030720,Turbo,0.6,conectividad_media,450.0
0504510000000000080630,Apartadó,0.8275,bien_conectado,462.0
0583710000000000030702,Turbo,0.66,conectividad_media,647.0
0583710000000000020301,Turbo,0.865,bien_conectado,473.0
0504510000000000050219,Apartadó,0.8775,bien_conectado,930.0
0504510000000000010411,Apartadó,0.7975,bien_conectado,924.0
0583710000000000020814,Turbo,0.62,conectividad_media,1068.0
0583710000000000020908,Turbo,0.72,conectividad_media,903.0
0583710000000000050519,Turbo,0.67,conectividad_media,1444.0
0504510000000000030417,Apartadó,0.875,bien_conectado,964.0
0583710000000000010109,Turbo,0.9075,bien_conectado,219.0
0504510000000000010703,Apartadó,0.7,conectividad_media,173.0
0504510000000000090403,Apartadó,0.87,bien_conectado,432.0
0504510000000000020628,Apartadó,0.835,bien_conectado,1138.0
0504510000000000090407,Apartadó,0.9075,bien_conectado,359.0
0583710000000000030206,Turbo,0.66,conectividad_media,627.0
0504510000000000030515,Apartadó,0.9175,bien_conectado,1458.0
0583710000000000030637,Turbo,0.76,bien_conectado,680.0
0504510000000000010702,Apartadó,0.7,conectividad_media,125.0
0504510000000000070306,Apartadó,0.7975,bien_conectado,951.0
0583710000000000040704,Turbo,0.69,conectividad_media,340.0
0504510000000000070127,Apartadó,0.8775,bien_conectado,968.0
0504520030201800010111,Apartadó,0.64,conectividad_media,414.0
0504510000000000030415,Apartadó,0.875,bien_conectado,1075.0
0504510000000000100307,Apartadó,0.79,bien_conectado,226.0
0504510000000000060104,Apartadó,0.8275,bien_conectado,453.0
0504510000000000040211,Apartadó,0.9175,bien_conectado,573.0
0583710000000000050301,Turbo,0.63,conectividad_media,1454.0
0583710000000000050510,Turbo,0.67,conectividad_media,1403.0
0583710000000000030110,Turbo,0.865,bien_conectado,215.0
0504510000000000010718,Apartadó,0.63,conectividad_media,594.0
0504510000000000070625,Apartadó,0.875,bien_conectado,1128.0
0583710000000000030106,Turbo,0.8275,bien_conectado,24.0
0583710000000000040415,Turbo,0.8275,bien_conectado,58.0
0583710000000000040123,Turbo,0.8275,bien_conectado,227.0
0583710000000000010235,Turbo,0.9075,bien_conectado,58.0
0583710000000000040167,Turbo,0.65,conectividad_media,4.0
0583710000000000040506,Turbo,0.79,bien_conectado,257.0
0514720011200300010123,Carepa,0.3675,semi_aislado,114.0
0514720010400400010115,Carepa,0.3675,semi_aislado,667.0
0514720010800600010107,Carepa,0.6575,conectividad_media,2826.0
0514720010800600010115,Carepa,0.6575,conectividad_media,3215.0
0514720010501100010105,Carepa,0.5075,semi_aislado,979.0
0514720010601400010104,Carepa,0.5875,conectividad_media,102.0
0505120020301700010102,Arboletes,0.0875,aislado_critico,64907.0
0504520020301700010110,Apartadó,0.6575,conectividad_media,2960.0
0583720200100700010106,Turbo,0.2575,aislado_critico,1554.0
0583720050403300010103,Turbo,0.1075,aislado_critico,13980.0
0565920020600700010104,San Juan de Urabá,0.0875,aislado_critico,66555.0
0504510000000000030308,Apartadó,0.955,bien_conectado,1359.0
0504510000000000020618,Apartadó,0.835,bien_conectado,1229.0
0504510000000000060513,Apartadó,0.955,bien_conectado,869.0
0504510000000000070722,Apartadó,0.8775,bien_conectado,846.0
0504510000000000020314,Apartadó,0.8775,bien_conectado,1499.0
0504510000000000020505,Apartadó,0.915,bien_conectado,1435.0
0504510000000000020522,Apartadó,0.915,bien_conectado,1342.0
0504510000000000030219,Apartadó,0.7975,bien_conectado,1840.0
0504510000000000070224,Apartadó,0.8775,bien_conectado,1113.0
0504510000000000020540,Apartadó,0.755,bien_conectado,1789.0
0504510000000000060805,Apartadó,0.7975,bien_conectado,551.0
0504510000000000040605,Apartadó,0.945,bien_conectado,390.0
0504510000000000020401,Apartadó,0.955,bien_conectado,1558.0
0504510000000000060305,Apartadó,0.835,bien_conectado,628.0
0504510000000000040742,Apartadó,0.84,bien_conectado,605.0
0504510000000000030119,Apartadó,0.8775,bien_conectado,1656.0
0504510000000000010318,Apartadó,0.8775,bien_conectado,959.0
0504510000000000080114,Apartadó,0.8775,bien_conectado,728.0
0583710000000000050136,Turbo,0.61,conectividad_media,1133.0
0504510000000000020606,Apartadó,0.915,bien_conectado,1377.0
0504510000000000100614,Apartadó,0.6,conectividad_media,83.0
0583710000000000040524,Turbo,0.8275,bien_conectado,139.0
0504510000000000070632,Apartadó,0.915,bien_conectado,1090.0
0504510000000000040635,Apartadó,0.865,bien_conectado,347.0
0504510000000000070715,Apartadó,0.8375,bien_conectado,746.0
0504510000000000020537,Apartadó,0.835,bien_conectado,1829.0
0504510000000000040509,Apartadó,0.7975,bien_conectado,558.0
0504510000000000010719,Apartadó,0.63,conectividad_media,583.0
0504510000000000040118,Apartadó,0.8775,bien_conectado,875.0
0583710000000000010209,Turbo,0.9075,bien_conectado,131.0
0504510000000000070209,Apartadó,0.8775,bien_conectado,1021.0
0583710000000000040209,Turbo,0.865,bien_conectado,45.0
0504510000000000080119,Apartadó,0.9175,bien_conectado,662.0
0583710000000000010207,Turbo,0.945,bien_conectado,148.0
0504510000000000040613,Apartadó,0.945,bien_conectado,395.0
0504510000000000020425,Apartadó,0.955,bien_conectado,1537.0
0504510000000000070218,Apartadó,0.915,bien_conectado,1254.0
0583710000000000020603,Turbo,0.905,bien_conectado,336.0
0504510000000000050108,Apartadó,0.8775,bien_conectado,1068.0
0504510000000000050518,Apartadó,0.84,bien_conectado,690.0
0504510000000000070717,Apartadó,0.84,bien_conectado,729.0
0583710000000000030404,Turbo,0.8275,bien_conectado,164.0
0504510000000000030221,Apartadó,0.915,bien_conectado,1775.0
0504510000000000080506,Apartadó,0.8275,bien_conectado,485.0
0504510000000000060328,Apartadó,0.7975,bien_conectado,538.0
0583710000000000030815,Turbo,0.6,conectividad_media,496.0
0504510000000000010628,Apartadó,0.75,bien_conectado,279.0
0504510000000000080411,Apartadó,0.865,bien_conectado,499.0
0504510000000000080127,Apartadó,0.83,bien_conectado,384.0
0504510000000000030223,Apartadó,0.7975,bien_conectado,1862.0
0583710000000000040407,Turbo,0.9075,bien_conectado,43.0
0504510000000000060301,Apartadó,0.835,bien_conectado,748.0
0504510000000000030108,Apartadó,0.84,bien_conectado,1546.0
0583710000000000040531,Turbo,0.8275,bien_conectado,129.0
0583710000000000030509,Turbo,0.8275,bien_conectado,469.0
0504510000000000030402,Apartadó,0.875,bien_conectado,1132.0
0504510000000000070704,Apartadó,0.8,bien_conectado,686.0
0504510000000000020627,Apartadó,0.7975,bien_conectado,993.0
0583710000000000030516,Turbo,0.7975,bien_conectado,539.0
0583710000000000020321,Turbo,0.7975,bien_conectado,523.0
0504510000000000040122,Apartadó,0.88,bien_conectado,821.0
0504510000000000060325,Apartadó,0.7975,bien_conectado,573.0
0504510000000000020103,Apartadó,0.835,bien_conectado,1165.0
0583710000000000010724,Turbo,0.76,bien_conectado,768.0
0504510000000000010713,Apartadó,0.7,conectividad_media,353.0
0504510000000000070226,Apartadó,0.915,bien_conectado,1005.0
0583710000000000030827,Turbo,0.6,conectividad_media,264.0
0504510000000000030225,Apartadó,0.7975,bien_conectado,1912.0
0504510000000000090410,Apartadó,0.9075,bien_conectado,421.0
0583710000000000050104,Turbo,0.61,conectividad_media,1102.0
0504510000000000030616,Apartadó,0.8775,bien_conectado,1304.0
0583710000000000040760,Turbo,0.8275,bien_conectado,180.0
0583710000000000010518,Turbo,0.865,bien_conectado,326.0
0504510000000000080410,Apartadó,0.835,bien_conectado,502.0
0504510000000000080617,Apartadó,0.75,bien_conectado,342.0
0504510000000000100501,Apartadó,0.56,conectividad_media,283.0
0583710000000000040130,Turbo,0.64,conectividad_media,217.0
0504510000000000010137,Apartadó,0.72,conectividad_media,684.0
0583710000000000010511,Turbo,0.865,bien_conectado,296.0
0583710000000000040753,Turbo,0.65,conectividad_media,179.0
0504510000000000050218,Apartadó,0.8775,bien_conectado,977.0
0583710000000000030825,Turbo,0.6,conectividad_media,310.0
0504510000000000040726,Apartadó,0.84,bien_conectado,735.0
0504510000000000050418,Apartadó,0.84,bien_conectado,593.0
0504510000000000050208,Apartadó,0.88,bien_conectado,970.0
0583710000000000040210,Turbo,0.865,bien_conectado,40.0
0583710000000000030108,Turbo,0.865,bien_conectado,95.0
0583710000000000010703,Turbo,0.72,conectividad_media,913.0
0504510000000000010304,Apartadó,0.76,bien_conectado,856.0
0504510000000000080216,Apartadó,0.7575,bien_conectado,679.0
0583710000000000010510,Turbo,0.865,bien_conectado,256.0
0504510000000000030707,Apartadó,0.8375,bien_conectado,1418.0
0504510000000000100203,Apartadó,0.53,semi_aislado,527.0
0504510000000000100322,Apartadó,0.75,bien_conectado,170.0
0504510000000000070130,Apartadó,0.9175,bien_conectado,979.0
0504510000000000040212,Apartadó,0.9175,bien_conectado,638.0
0504510000000000070313,Apartadó,0.7975,bien_conectado,1055.0
0504510000000000010708,Apartadó,0.7,conectividad_media,283.0
0583710000000000010427,Turbo,0.72,conectividad_media,770.0
0583710000000000010713,Turbo,0.76,bien_conectado,802.0
0504510000000000030521,Apartadó,0.955,bien_conectado,1327.0
0504510000000000020111,Apartadó,0.955,bien_conectado,1260.0
0583710000000000020117,Turbo,0.7975,bien_conectado,535.0
0504510000000000040321,Apartadó,0.915,bien_conectado,687.0
0504510000000000100105,Apartadó,0.67,conectividad_media,562.0
0504510000000000040514,Apartadó,0.7575,bien_conectado,674.0
0504510000000000070615,Apartadó,0.915,bien_conectado,1261.0
0504510000000000040706,Apartadó,0.84,bien_conectado,597.0
0583710000000000010102,Turbo,0.8275,bien_conectado,412.0
0504510000000000030523,Apartadó,0.915,bien_conectado,1410.0
0504510000000000090312,Apartadó,0.84,bien_conectado,530.0
0583710000000000010704,Turbo,0.72,conectividad_media,978.0
0583710000000000010401,Turbo,0.72,conectividad_media,817.0
0583710000000000010601,Turbo,0.79,bien_conectado,431.0
0583710000000000010623,Turbo,0.76,bien_conectado,692.0
0504510000000000040120,Apartadó,0.84,bien_conectado,798.0
0504510000000000050120,Apartadó,0.9175,bien_conectado,970.0
0504510000000000100210,Apartadó,0.7,conectividad_media,457.0
0504510000000000080210,Apartadó,0.7975,bien_conectado,613.0
0504510000000000070527,Apartadó,0.9175,bien_conectado,1006.0
0504510000000000020551,Apartadó,0.8775,bien_conectado,1425.0
0583710000000000010620,Turbo,0.8275,bien_conectado,337.0
0504510000000000010412,Apartadó,0.7975,bien_conectado,846.0
0583710000000000010717,Turbo,0.72,conectividad_media,663.0
0504510000000000030531,Apartadó,0.8775,bien_conectado,1516.0
0583710000000000050209,Turbo,0.67,conectividad_media,1456.0
0504510000000000040508,Apartadó,0.7975,bien_conectado,515.0
0583710000000000030616,Turbo,0.66,conectividad_media,748.0
0504510000000000040608,Apartadó,0.945,bien_conectado,340.0
0504510000000000100126,Apartadó,0.7,conectividad_media,314.0
0583710000000000050522,Turbo,0.67,conectividad_media,1425.0
0583710000000000010512,Turbo,0.8275,bien_conectado,357.0
0504510000000000080115,Apartadó,0.8775,bien_conectado,722.0
0504510000000000010218,Apartadó,0.915,bien_conectado,881.0
0583710000000000050306,Turbo,0.63,conectividad_media,1391.0
0583710000000000040618,Turbo,0.64,conectividad_media,290.0
0583710000000000020606,Turbo,0.9075,bien_conectado,247.0
0504510000000000030514,Apartadó,0.915,bien_conectado,1489.0
0504510000000000080209,Apartadó,0.7975,bien_conectado,657.0
0504510000000000020317,Apartadó,0.8775,bien_conectado,1535.0
0504510000000000050101,Apartadó,0.88,bien_conectado,917.0
0504510000000000010716,Apartadó,0.63,conectividad_media,503.0
0504510000000000020308,Apartadó,0.8775,bien_conectado,1417.0
0504510000000000100209,Apartadó,0.56,conectividad_media,453.0
0583720090104100010204,Turbo,0.48,semi_aislado,1583.0
0504510000000000070120,Apartadó,0.915,bien_conectado,1183.0
0583710000000000030420,Turbo,0.8275,bien_conectado,205.0
0504510000000000070618,Apartadó,0.915,bien_conectado,1272.0
0504510000000000060207,Apartadó,0.915,bien_conectado,515.0
0504510000000000100407,Apartadó,0.56,conectividad_media,218.0
0504510000000000020203,Apartadó,0.915,bien_conectado,1220.0
0504510000000000060302,Apartadó,0.835,bien_conectado,619.0
0504510000000000080311,Apartadó,0.8275,bien_conectado,380.0
0583710000000000030405,Turbo,0.8275,bien_conectado,245.0
0504510000000000030116,Apartadó,0.8775,bien_conectado,1638.0
0504510000000000030111,Apartadó,0.8775,bien_conectado,1614.0
0504510000000000060111,Apartadó,0.8775,bien_conectado,531.0
0504510000000000060519,Apartadó,0.915,bien_conectado,913.0
0583710000000000020802,Turbo,0.53,semi_aislado,1462.0
0583710000000000020322,Turbo,0.7975,bien_conectado,574.0
0504510000000000040201,Apartadó,0.8775,bien_conectado,802.0
0583710000000000030623,Turbo,0.62,conectividad_media,831.0
0504510000000000040620,Apartadó,0.945,bien_conectado,330.0
0504510000000000030112,Apartadó,0.8775,bien_conectado,1636.0
0504510000000000030117,Apartadó,0.8775,bien_conectado,1608.0
0504510000000000100608,Apartadó,0.6,conectividad_media,106.0
0583710000000000020206,Turbo,0.945,bien_conectado,219.0
0504510000000000070415,Apartadó,0.915,bien_conectado,877.0
0583710000000000020103,Turbo,0.8275,bien_conectado,385.0
0504510000000000070205,Apartadó,0.915,bien_conectado,1016.0
0504510000000000060409,Apartadó,0.8775,bien_conectado,690.0
0583710000000000040754,Turbo,0.65,conectividad_media,175.0
0583710000000000050119,Turbo,0.61,conectividad_media,1194.0
0583710000000000050501,Turbo,0.67,conectividad_media,1327.0
0504520010201000010104,Apartadó,0.66,conectividad_media,1050.0
0504510000000000030202,Apartadó,0.84,bien_conectado,1795.0
0583710000000000020715,Turbo,0.7875,bien_conectado,405.0
0504510000000000070410,Apartadó,0.8775,bien_conectado,888.0
0504510000000000040313,Apartadó,0.955,bien_conectado,526.0
0504510000000000050416,Apartadó,0.84,bien_conectado,725.0
0504510000000000060512,Apartadó,0.955,bien_conectado,869.0
0504510000000000050220,Apartadó,0.88,bien_conectado,956.0
0514720011200300010117,Carepa,0.3675,semi_aislado,108.0
0514720010400400010110,Carepa,0.3675,semi_aislado,621.0
0514720010400500010111,Carepa,0.3675,semi_aislado,1038.0
0514720010800600010108,Carepa,0.6575,conectividad_media,2780.0
0514720010400800010105,Carepa,0.3975,semi_aislado,61.0
0514720010400800010108,Carepa,0.3975,semi_aislado,154.0
0514720010400800010109,Carepa,0.3975,semi_aislado,160.0
0514720010400800010110,Carepa,0.3975,semi_aislado,164.0
0514720010400800010111,Carepa,0.3975,semi_aislado,112.0
0514720010501100010107,Carepa,0.5075,semi_aislado,943.0
0514720010501100010106,Carepa,0.5075,semi_aislado,962.0
0514720010801200010102,Carepa,0.6175,conectividad_media,2777.0
0514720010601400010111,Carepa,0.5875,conectividad_media,153.0
0517220100601300010104,Chigorodó,0.1975,aislado_critico,7138.0
0583720200100700010105,Turbo,0.2575,aislado_critico,1511.0
0505120020301700010107,Arboletes,0.0875,aislado_critico,64717.0
0504510000000000050316,Apartadó,0.8775,bien_conectado,884.0
0504510000000000050516,Apartadó,0.84,bien_conectado,693.0
0504510000000000060203,Apartadó,0.835,bien_conectado,504.0
0583710000000000020114,Turbo,0.7975,bien_conectado,551.0
0504510000000000090506,Apartadó,0.76,bien_conectado,623.0
0583710000000000040727,Turbo,0.69,conectividad_media,328.0
0504510000000000010625,Apartadó,0.79,bien_conectado,242.0
0583710000000000030305,Turbo,0.8275,bien_conectado,194.0
0504510000000000050502,Apartadó,0.84,bien_conectado,740.0
0504510000000000070203,Apartadó,0.955,bien_conectado,1223.0
0504510000000000030702,Apartadó,0.8375,bien_conectado,1364.0
0504510000000000080207,Apartadó,0.7975,bien_conectado,628.0
0583720090104100010107,Turbo,0.48,semi_aislado,1695.0
0583710000000000030624,Turbo,0.62,conectividad_media,775.0
0504510000000000020554,Apartadó,0.755,bien_conectado,1711.0
0514720011200300010110,Carepa,0.3675,semi_aislado,132.0
0583710000000000020509,Turbo,0.945,bien_conectado,219.0
0504510000000000070610,Apartadó,0.8775,bien_conectado,1213.0
0583710000000000030210,Turbo,0.66,conectividad_media,838.0
0504510000000000070128,Apartadó,0.8775,bien_conectado,973.0
0583710000000000040709,Turbo,0.79,bien_conectado,150.0
0583710000000000010729,Turbo,0.76,bien_conectado,679.0
0583710000000000020713,Turbo,0.7875,bien_conectado,236.0
0504510000000000080629,Apartadó,0.7875,bien_conectado,423.0
0504510000000000020616,Apartadó,0.835,bien_conectado,1266.0
0504510000000000100111,Apartadó,0.7,conectividad_media,474.0
0583710000000000030315,Turbo,0.66,conectividad_media,601.0
0583720090104100010123,Turbo,0.48,semi_aislado,1529.0
0504510000000000040308,Apartadó,0.9075,bien_conectado,427.0
0504510000000000010602,Apartadó,0.79,bien_conectado,213.0
0504510000000000100325,Apartadó,0.7,conectividad_media,203.0
0504510000000000060625,Apartadó,0.7575,bien_conectado,647.0
0583710000000000040302,Turbo,0.865,bien_conectado,39.0
0504510000000000060506,Apartadó,0.8775,bien_conectado,670.0
0504510000000000090308,Apartadó,0.79,bien_conectado,422.0
0504510000000000030608,Apartadó,0.8775,bien_conectado,1212.0
0504510000000000070630,Apartadó,0.9175,bien_conectado,1078.0
0504510000000000020419,Apartadó,0.955,bien_conectado,1587.0
0583710000000000030502,Turbo,0.8275,bien_conectado,404.0
0504510000000000070436,Apartadó,0.955,bien_conectado,780.0
0504510000000000030316,Apartadó,0.955,bien_conectado,1368.0
0504510000000000060308,Apartadó,0.915,bien_conectado,688.0
0504510000000000070108,Apartadó,0.915,bien_conectado,1089.0
0504510000000000030505,Apartadó,0.955,bien_conectado,1482.0
0504510000000000020106,Apartadó,0.835,bien_conectado,1225.0
0504510000000000050112,Apartadó,0.9175,bien_conectado,1041.0
0504510000000000060502,Apartadó,0.7975,bien_conectado,639.0
0504510000000000020526,Apartadó,0.955,bien_conectado,1471.0
0504510000000000090315,Apartadó,0.79,bien_conectado,438.0
0583710000000000010121,Turbo,0.72,conectividad_media,619.0
0504510000000000020532,Apartadó,0.915,bien_conectado,1329.0
0504510000000000020407,Apartadó,0.915,bien_conectado,1653.0
0504510000000000060601,Apartadó,0.7575,bien_conectado,661.0
0583710000000000030711,Turbo,0.66,conectividad_media,607.0
0504510000000000060413,Apartadó,0.915,bien_conectado,794.0
0504510000000000090408,Apartadó,0.9075,bien_conectado,379.0
0583710000000000010726,Turbo,0.76,bien_conectado,752.0
0583710000000000040534,Turbo,0.9075,bien_conectado,72.0
0504510000000000070103,Apartadó,0.8775,bien_conectado,1025.0
0504510000000000050514,Apartadó,0.84,bien_conectado,701.0
0583710000000000010720,Turbo,0.76,bien_conectado,621.0
0504510000000000010108,Apartadó,0.72,conectividad_media,523.0
0583710000000000030618,Turbo,0.66,conectividad_media,742.0
0504510000000000070202,Apartadó,0.915,bien_conectado,962.0
0504510000000000080316,Apartadó,0.8275,bien_conectado,500.0
0504510000000000090329,Apartadó,0.79,bien_conectado,482.0
0583710000000000020406,Turbo,0.825,bien_conectado,403.0
0504510000000000090305,Apartadó,0.76,bien_conectado,516.0
0504510000000000090120,Apartadó,0.88,bien_conectado,741.0
0504510000000000050206,Apartadó,0.88,bien_conectado,911.0
0583710000000000040742,Turbo,0.865,bien_conectado,212.0
0583710000000000020311,Turbo,0.8275,bien_conectado,468.0
0504510000000000040711,Apartadó,0.88,bien_conectado,743.0
0504510000000000050119,Apartadó,0.915,bien_conectado,1009.0
0504510000000000040406,Apartadó,0.915,bien_conectado,559.0
0504510000000000010418,Apartadó,0.7975,bien_conectado,895.0
0504510000000000020608,Apartadó,0.835,bien_conectado,1300.0
0583710000000000040617,Turbo,0.4675,semi_aislado,1776.0
0583710000000000010730,Turbo,0.76,bien_conectado,741.0
0504520030201800010113,Apartadó,0.6,conectividad_media,143.0
0504510000000000080627,Apartadó,0.7875,bien_conectado,423.0
0504510000000000070406,Apartadó,0.955,bien_conectado,827.0
0583710000000000010514,Turbo,0.8275,bien_conectado,415.0
0583710000000000020807,Turbo,0.72,conectividad_media,602.0
0583710000000000040706,Turbo,0.69,conectividad_media,314.0
0504510000000000100604,Apartadó,0.7,conectividad_media,241.0
0504510000000000050122,Apartadó,0.88,bien_conectado,893.0
0504510000000000010421,Apartadó,0.835,bien_conectado,1054.0
0504510000000000030214,Apartadó,0.7975,bien_conectado,1794.0
0504510000000000040413,Apartadó,0.8775,bien_conectado,850.0
0504510000000000070211,Apartadó,0.8775,bien_conectado,1001.0
0504510000000000100235,Apartadó,0.7,conectividad_media,491.0
0504510000000000100101,Apartadó,0.67,conectividad_media,583.0
0504510000000000100212,Apartadó,0.7,conectividad_media,367.0
0504510000000000010505,Apartadó,0.8775,bien_conectado,1091.0
0583710000000000020506,Turbo,0.9075,bien_conectado,293.0
0504510000000000040311,Apartadó,0.9075,bien_conectado,405.0
0514720011200300010122,Carepa,0.3675,semi_aislado,53.0
0514720011200300010124,Carepa,0.3275,aislado_critico,174.0
0514720010400500010105,Carepa,0.3675,semi_aislado,950.0
0514720010400800010101,Carepa,0.3975,semi_aislado,158.0
0514720011500900010105,Carepa,0.2875,aislado_critico,95.0
0514720010501100010101,Carepa,0.5075,semi_aislado,1050.0
0517220100601300010101,Chigorodó,0.1975,aislado_critico,6851.0
0514720010401500010104,Carepa,0.4975,semi_aislado,1410.0
0583720200100700010107,Turbo,0.2575,aislado_critico,1630.0
0504520020301700010104,Apartadó,0.6175,conectividad_media,3187.0
0566520040701400010101,San Pedro de Urabá,0.1975,aislado_critico,41481.0
0583720090104100010104,Turbo,0.48,semi_aislado,1839.0
0583710000000000030507,Turbo,0.8275,bien_conectado,440.0
0504510000000000020533,Apartadó,0.915,bien_conectado,1323.0
0583710000000000040170,Turbo,0.8275,bien_conectado,20.0
0504510000000000060306,Apartadó,0.835,bien_conectado,642.0
0583710000000000040147,Turbo,0.8275,bien_conectado,128.0
0583710000000000030603,Turbo,0.66,conectividad_media,719.0
0583710000000000040111,Turbo,0.8275,bien_conectado,304.0
0504510000000000050118,Apartadó,0.9175,bien_conectado,983.0
0504510000000000100202,Apartadó,0.53,semi_aislado,538.0
0583710000000000020126,Turbo,0.72,conectividad_media,594.0
0583710000000000050508,Turbo,0.67,conectividad_media,1462.0
0583720090303400010101,Turbo,0.53,semi_aislado,1111.0
0583710000000000020704,Turbo,0.905,bien_conectado,289.0
0583710000000000040163,Turbo,0.69,conectividad_media,75.0
0504510000000000070606,Apartadó,0.915,bien_conectado,1237.0
0504520010201000010111,Apartadó,0.58,conectividad_media,842.0
0583710000000000050303,Turbo,0.63,conectividad_media,1417.0
0583710000000000030436,Turbo,0.8275,bien_conectado,354.0
0504510000000000020318,Apartadó,0.955,bien_conectado,1557.0
0583720090104100010203,Turbo,0.48,semi_aislado,1601.0
0504510000000000050221,Apartadó,0.88,bien_conectado,857.0
0504510000000000020525,Apartadó,0.875,bien_conectado,1249.0
0504510000000000080603,Apartadó,0.7875,bien_conectado,464.0
0583710000000000010621,Turbo,0.8275,bien_conectado,260.0
0504510000000000060404,Apartadó,0.7975,bien_conectado,636.0
0583710000000000030826,Turbo,0.6,conectividad_media,289.0
0583710000000000020502,Turbo,0.9075,bien_conectado,390.0
0504510000000000040303,Apartadó,0.9175,bien_conectado,600.0
0504510000000000070201,Apartadó,0.915,bien_conectado,967.0
0504510000000000090501,Apartadó,0.67,conectividad_media,549.0
0504510000000000080126,Apartadó,0.88,bien_conectado,601.0
0504510000000000050404,Apartadó,0.84,bien_conectado,697.0
0583710000000000030602,Turbo,0.6975,conectividad_media,624.0
0504510000000000080632,Apartadó,0.79,bien_conectado,352.0
0504510000000000060420,Apartadó,0.915,bien_conectado,840.0
0504510000000000030104,Apartadó,0.8775,bien_conectado,1563.0
0504510000000000020504,Apartadó,0.955,bien_conectado,1490.0
0504510000000000020209,Apartadó,0.915,bien_conectado,1293.0
0504510000000000090212,Apartadó,0.76,bien_conectado,566.0
0504510000000000020417,Apartadó,0.915,bien_conectado,1692.0
0504510000000000010211,Apartadó,0.9175,bien_conectado,686.0
0504510000000000050310,Apartadó,0.955,bien_conectado,724.0
0583710000000000040744,Turbo,0.865,bien_conectado,154.0
0504510000000000080324,Apartadó,0.7975,bien_conectado,511.0
0583710000000000050513,Turbo,0.67,conectividad_media,1303.0
0504510000000000030527,Apartadó,0.955,bien_conectado,1319.0
0583710000000000040166,Turbo,0.61,conectividad_media,503.0
0583710000000000020303,Turbo,0.865,bien_conectado,479.0
0504510000000000090302,Apartadó,0.76,bien_conectado,579.0
0583710000000000020613,Turbo,0.9475,bien_conectado,163.0
0504510000000000010612,Apartadó,0.76,bien_conectado,523.0
0583710000000000020809,Turbo,0.72,conectividad_media,751.0
0504510000000000090318,Apartadó,0.79,bien_conectado,385.0
0504510000000000050205,Apartadó,0.88,bien_conectado,934.0
0504510000000000100334,Apartadó,0.7,conectividad_media,289.0
0504510000000000070409,Apartadó,0.915,bien_conectado,840.0
0504510000000000070132,Apartadó,0.915,bien_conectado,1039.0
0583710000000000030230,Turbo,0.6975,conectividad_media,518.0
0504510000000000090333,Apartadó,0.79,bien_conectado,407.0
0504510000000000050415,Apartadó,0.84,bien_conectado,731.0
0583710000000000030610,Turbo,0.66,conectividad_media,664.0
0504510000000000040203,Apartadó,0.9175,bien_conectado,687.0
0583710000000000010626,Turbo,0.76,bien_conectado,724.0
0504510000000000030103,Apartadó,0.8775,bien_conectado,1521.0
0504510000000000090101,Apartadó,0.76,bien_conectado,550.0
0583720090303400010102,Turbo,0.53,semi_aislado,917.0
0583710000000000050107,Turbo,0.71,conectividad_media,1079.0
0504520010201000010107,Apartadó,0.5175,semi_aislado,1152.0
0504510000000000050325,Apartadó,0.8775,bien_conectado,810.0
0583710000000000040405,Turbo,0.9475,bien_conectado,66.0
0504510000000000100108,Apartadó,0.7,conectividad_media,497.0
0583710000000000030313,Turbo,0.865,bien_conectado,82.0
0504510000000000070214,Apartadó,0.915,bien_conectado,1158.0
0583710000000000050137,Turbo,0.61,conectividad_media,1276.0
0504510000000000060326,Apartadó,0.915,bien_conectado,843.0
0504510000000000080518,Apartadó,0.825,bien_conectado,231.0
0583710000000000040122,Turbo,0.865,bien_conectado,26.0
0583710000000000020313,Turbo,0.865,bien_conectado,413.0
0504510000000000080112,Apartadó,0.84,bien_conectado,674.0
0583710000000000020128,Turbo,0.72,conectividad_media,678.0
0504510000000000020214,Apartadó,0.955,bien_conectado,1374.0
0504510000000000020212,Apartadó,0.955,bien_conectado,1418.0
0504510000000000060623,Apartadó,0.7575,bien_conectado,656.0
0583710000000000040801,Turbo,0.61,conectividad_media,818.0
0504510000000000050311,Apartadó,0.8775,bien_conectado,901.0
0504510000000000040740,Apartadó,0.84,bien_conectado,618.0
0504510000000000010210,Apartadó,0.9175,bien_conectado,577.0
0504510000000000010624,Apartadó,0.79,bien_conectado,208.0
0504520010201000010108,Apartadó,0.5175,semi_aislado,1256.0
0583710000000000010508,Turbo,0.865,bien_conectado,204.0
0504510000000000020556,Apartadó,0.72,conectividad_media,1635.0
0504510000000000020422,Apartadó,0.955,bien_conectado,1602.0
0504510000000000100601,Apartadó,0.7,conectividad_media,294.0
0504510000000000020105,Apartadó,0.835,bien_conectado,1179.0
0504510000000000010419,Apartadó,0.7975,bien_conectado,908.0
0504510000000000020626,Apartadó,0.7975,bien_conectado,1035.0
0504510000000000070227,Apartadó,0.915,bien_conectado,1069.0
0504510000000000060102,Apartadó,0.9075,bien_conectado,495.0
0504510000000000080621,Apartadó,0.8275,bien_conectado,328.0
0504510000000000010605,Apartadó,0.79,bien_conectado,394.0
0583710000000000040109,Turbo,0.865,bien_conectado,165.0
0504510000000000070407,Apartadó,0.9175,bien_conectado,827.0
0504510000000000030414,Apartadó,0.795,bien_conectado,1132.0
0583710000000000010443,Turbo,0.72,conectividad_media,950.0
0504510000000000090211,Apartadó,0.84,bien_conectado,590.0
0583710000000000040414,Turbo,0.9075,bien_conectado,42.0
0583710000000000030226,Turbo,0.66,conectividad_media,778.0
0504510000000000010302,Apartadó,0.76,bien_conectado,764.0
0504510000000000050318,Apartadó,0.8775,bien_conectado,888.0
0504510000000000040132,Apartadó,0.88,bien_conectado,859.0
0504510000000000010201,Apartadó,0.75,bien_conectado,242.0
0504510000000000010424,Apartadó,0.7975,bien_conectado,976.0
0583710000000000040509,Turbo,0.79,bien_conectado,298.0
0504510000000000030529,Apartadó,0.915,bien_conectado,1460.0
0504510000000000080101,Apartadó,0.7575,bien_conectado,605.0
0583710000000000040119,Turbo,0.8275,bien_conectado,80.0
0504510000000000030204,Apartadó,0.84,bien_conectado,1741.0
0504510000000000070225,Apartadó,0.915,bien_conectado,961.0
0504510000000000060520,Apartadó,0.955,bien_conectado,931.0
0583710000000000040413,Turbo,0.9075,bien_conectado,24.0
0583710000000000040306,Turbo,0.865,bien_conectado,90.0
0583710000000000040312,Turbo,0.985,bien_conectado,310.0
0504510000000000040408,Apartadó,0.955,bien_conectado,650.0
0583710000000000030525,Turbo,0.8275,bien_conectado,448.0
0504510000000000040703,Apartadó,0.88,bien_conectado,775.0
0504510000000000010407,Apartadó,0.835,bien_conectado,1138.0
0504510000000000080302,Apartadó,0.8275,bien_conectado,338.0
0583710000000000040156,Turbo,0.8275,bien_conectado,25.0
0504510000000000090416,Apartadó,0.7875,bien_conectado,266.0
0583710000000000040410,Turbo,0.985,bien_conectado,193.0
0504510000000000060215,Apartadó,0.915,bien_conectado,670.0
0583720090104100010202,Turbo,0.48,semi_aislado,1632.0
0583710000000000050525,Turbo,0.67,conectividad_media,1323.0
0504510000000000030113,Apartadó,0.88,bien_conectado,1581.0
0504510000000000020607,Apartadó,0.915,bien_conectado,1339.0
0504510000000000020612,Apartadó,0.7975,bien_conectado,1142.0
0504510000000000080313,Apartadó,0.8275,bien_conectado,436.0
0583710000000000030735,Turbo,0.6,conectividad_media,338.0
0583710000000000010507,Turbo,0.865,bien_conectado,249.0
0583710000000000030401,Turbo,0.865,bien_conectado,106.0
0504510000000000030517,Apartadó,0.8775,bien_conectado,1228.0
0504510000000000010606,Apartadó,0.79,bien_conectado,367.0
0583710000000000050132,Turbo,0.67,conectividad_media,1123.0
0504510000000000070716,Apartadó,0.8,bien_conectado,738.0
0504510000000000030412,Apartadó,0.875,bien_conectado,1189.0
0583710000000000010132,Turbo,0.72,conectividad_media,681.0
0504510000000000040625,Apartadó,0.865,bien_conectado,348.0
0504510000000000090406,Apartadó,0.9075,bien_conectado,342.0
0504510000000000010311,Apartadó,0.8775,bien_conectado,819.0
0583710000000000030628,Turbo,0.62,conectividad_media,580.0
0504510000000000060618,Apartadó,0.8775,bien_conectado,835.0
0504510000000000070303,Apartadó,0.915,bien_conectado,908.0
0504510000000000080309,Apartadó,0.8275,bien_conectado,429.0
0504510000000000080205,Apartadó,0.7975,bien_conectado,564.0
0514720010601400010112,Carepa,0.5875,conectividad_media,134.0
0583710000000000030614,Turbo,0.62,conectividad_media,724.0
0583710000000000040204,Turbo,0.865,bien_conectado,81.0
0583710000000000030617,Turbo,0.66,conectividad_media,825.0
0504510000000000070402,Apartadó,0.915,bien_conectado,799.0
0504510000000000070517,Apartadó,0.8775,bien_conectado,974.0
0583720090104100010214,Turbo,0.48,semi_aislado,1410.0
0504510000000000090306,Apartadó,0.79,bien_conectado,449.0
0583710000000000030501,Turbo,0.8275,bien_conectado,432.0
0583710000000000010225,Turbo,0.8275,bien_conectado,409.0
0504510000000000010306,Apartadó,0.76,bien_conectado,853.0
0504510000000000090218,Apartadó,0.76,bien_conectado,618.0
0504510000000000080610,Apartadó,0.75,bien_conectado,374.0
0583710000000000040620,Turbo,0.61,conectividad_media,543.0
0583710000000000050219,Turbo,0.67,conectividad_media,1498.0
0583710000000000030327,Turbo,0.66,conectividad_media,681.0
0583710000000000020121,Turbo,0.76,bien_conectado,662.0
0504510000000000020224,Apartadó,0.84,bien_conectado,1372.0
0504510000000000010501,Apartadó,0.8775,bien_conectado,974.0
0583710000000000020125,Turbo,0.76,bien_conectado,739.0
0504510000000000080422,Apartadó,0.7875,bien_conectado,432.0
0504510000000000080124,Apartadó,0.84,bien_conectado,589.0
0504510000000000030620,Apartadó,0.8775,bien_conectado,1362.0
0583710000000000030225,Turbo,0.66,conectividad_media,686.0
0504510000000000070705,Apartadó,0.8,bien_conectado,684.0
0504510000000000060622,Apartadó,0.7575,bien_conectado,570.0
0504510000000000050324,Apartadó,0.9175,bien_conectado,857.0
0504510000000000100123,Apartadó,0.7,conectividad_media,383.0
0514720011200300010102,Carepa,0.3675,semi_aislado,106.0
0514720011200300010103,Carepa,0.3675,semi_aislado,73.0
0514720010400400010102,Carepa,0.3675,semi_aislado,515.0
0514720010400400010112,Carepa,0.3675,semi_aislado,651.0
0514720010400500010131,Carepa,0.3675,semi_aislado,1317.0
0514720010400500010126,Carepa,0.3675,semi_aislado,1288.0
0514720011500900010104,Carepa,0.2875,aislado_critico,139.0
0514720010501100010102,Carepa,0.5075,semi_aislado,1074.0
0514720010801200010107,Carepa,0.6175,conectividad_media,2736.0
0514720010801200010108,Carepa,0.6175,conectividad_media,2714.0
0514720010801200010109,Carepa,0.6175,conectividad_media,2782.0
0514720010601400010116,Carepa,0.4575,semi_aislado,49.0
0565920010400800010112,San Juan de Urabá,0.26,aislado_critico,71716.0
0565920010400800010103,San Juan de Urabá,0.1975,aislado_critico,71850.0
0504520020301700010102,Apartadó,0.6175,conectividad_media,3059.0
0514720010401500010103,Carepa,0.4575,semi_aislado,1229.0
0566520040701400010104,San Pedro de Urabá,0.1975,aislado_critico,41515.0
0583720050403300010101,Turbo,0.1075,aislado_critico,14205.0
0504510000000000100312,Apartadó,0.79,bien_conectado,308.0
0583720090104100010101,Turbo,0.48,semi_aislado,1921.0
0504510000000000050313,Apartadó,0.8775,bien_conectado,928.0
0583710000000000020817,Turbo,0.58,conectividad_media,1060.0
0583710000000000030824,Turbo,0.6,conectividad_media,274.0
0504510000000000100207,Apartadó,0.56,conectividad_media,452.0
0504510000000000020301,Apartadó,0.955,bien_conectado,1500.0
0504510000000000100104,Apartadó,0.67,conectividad_media,572.0
0504510000000000050312,Apartadó,0.8775,bien_conectado,948.0
0583710000000000020604,Turbo,0.905,bien_conectado,359.0
0504510000000000070622,Apartadó,0.8775,bien_conectado,1190.0
0583710000000000040734,Turbo,0.69,conectividad_media,184.0
0504510000000000060515,Apartadó,0.955,bien_conectado,881.0
0504510000000000060621,Apartadó,0.8775,bien_conectado,892.0
0504510000000000100406,Apartadó,0.56,conectividad_media,238.0
0504510000000000040304,Apartadó,0.8775,bien_conectado,597.0
0504510000000000030312,Apartadó,0.955,bien_conectado,1362.0
0583710000000000040158,Turbo,0.9075,bien_conectado,76.0
0504510000000000060424,Apartadó,0.915,bien_conectado,761.0
0583710000000000010439,Turbo,0.72,conectividad_media,746.0
0583710000000000030714,Turbo,0.66,conectividad_media,590.0
0504510000000000020307,Apartadó,0.8775,bien_conectado,1420.0
0583710000000000050516,Turbo,0.67,conectividad_media,1343.0
0504510000000000010123,Apartadó,0.7575,bien_conectado,601.0
0504510000000000080412,Apartadó,0.865,bien_conectado,466.0
0504510000000000090331,Apartadó,0.79,bien_conectado,330.0
0504510000000000080608,Apartadó,0.75,bien_conectado,320.0
0583710000000000040153,Turbo,0.8275,bien_conectado,47.0
0583710000000000030435,Turbo,0.8275,bien_conectado,374.0
0504510000000000100404,Apartadó,0.56,conectividad_media,329.0
0583710000000000040502,Turbo,0.75,bien_conectado,232.0
0504510000000000100504,Apartadó,0.56,conectividad_media,46.0
0583710000000000010722,Turbo,0.76,bien_conectado,602.0
0504510000000000020320,Apartadó,0.955,bien_conectado,1492.0
0504510000000000020561,Apartadó,0.955,bien_conectado,1515.0
0504510000000000080318,Apartadó,0.8275,bien_conectado,472.0
0583710000000000030719,Turbo,0.6,conectividad_media,441.0
0504510000000000060418,Apartadó,0.915,bien_conectado,790.0
0583710000000000020113,Turbo,0.72,conectividad_media,568.0
0583710000000000030406,Turbo,0.8275,bien_conectado,168.0
0583710000000000040169,Turbo,0.8275,bien_conectado,10.0
0504510000000000040402,Apartadó,0.955,bien_conectado,617.0
0583710000000000030704,Turbo,0.62,conectividad_media,525.0
0504510000000000080421,Apartadó,0.825,bien_conectado,363.0
0504510000000000060208,Apartadó,0.915,bien_conectado,542.0
0504510000000000020520,Apartadó,0.915,bien_conectado,1329.0
0504510000000000010221,Apartadó,0.955,bien_conectado,924.0
0504510000000000040319,Apartadó,0.955,bien_conectado,623.0
0583710000000000010506,Turbo,0.865,bien_conectado,280.0
0583710000000000030303,Turbo,0.8275,bien_conectado,231.0
0504510000000000070425,Apartadó,0.915,bien_conectado,927.0
0583710000000000020127,Turbo,0.72,conectividad_media,802.0
0504510000000000070317,Apartadó,0.8775,bien_conectado,1107.0
0583710000000000010715,Turbo,0.76,bien_conectado,952.0
0583710000000000030207,Turbo,0.6975,conectividad_media,536.0
0504510000000000050403,Apartadó,0.84,bien_conectado,679.0
0583710000000000050126,Turbo,0.71,conectividad_media,1031.0
0504510000000000060503,Apartadó,0.7975,bien_conectado,615.0
0504510000000000040630,Apartadó,0.7875,bien_conectado,181.0
0583710000000000030101,Turbo,0.9075,bien_conectado,285.0
0504510000000000050508,Apartadó,0.84,bien_conectado,791.0
0583720090104100010120,Turbo,0.48,semi_aislado,1812.0
0504510000000000020223,Apartadó,0.8775,bien_conectado,1297.0
0583710000000000020412,Turbo,0.865,bien_conectado,350.0
0504510000000000100107,Apartadó,0.67,conectividad_media,549.0
0583710000000000020120,Turbo,0.7975,bien_conectado,618.0
0504510000000000080501,Apartadó,0.8275,bien_conectado,332.0
0583710000000000010308,Turbo,0.865,bien_conectado,123.0
0504510000000000080305,Apartadó,0.79,bien_conectado,387.0
0504510000000000080317,Apartadó,0.7975,bien_conectado,511.0
0504510000000000090113,Apartadó,0.84,bien_conectado,631.0
0504510000000000020114,Apartadó,0.915,bien_conectado,1330.0
0583710000000000020702,Turbo,0.825,bien_conectado,236.0
0504510000000000050224,Apartadó,0.88,bien_conectado,891.0
0504510000000000040631,Apartadó,0.7875,bien_conectado,208.0
0583710000000000040411,Turbo,0.9075,bien_conectado,33.0
0504510000000000090304,Apartadó,0.76,bien_conectado,528.0
0504510000000000040713,Apartadó,0.8775,bien_conectado,709.0
0583720090104100010117,Turbo,0.3875,semi_aislado,2065.0
0583710000000000040404,Turbo,0.9075,bien_conectado,97.0
0583720090104100010213,Turbo,0.48,semi_aislado,1421.0
0504510000000000100313,Apartadó,0.79,bien_conectado,338.0
0504510000000000100321,Apartadó,0.7,conectividad_media,205.0
0583710000000000020110,Turbo,0.8275,bien_conectado,487.0
0583710000000000050116,Turbo,0.61,conectividad_media,1236.0
0504510000000000090223,Apartadó,0.76,bien_conectado,637.0
0504510000000000080510,Apartadó,0.7975,bien_conectado,557.0
0504510000000000070307,Apartadó,0.7975,bien_conectado,936.0
0504510000000000080519,Apartadó,0.865,bien_conectado,280.0
0504510000000000100611,Apartadó,0.56,conectividad_media,99.0
0583710000000000030416,Turbo,0.8275,bien_conectado,345.0
0504510000000000070301,Apartadó,0.8775,bien_conectado,892.0
0583710000000000030112,Turbo,0.865,bien_conectado,60.0
0583710000000000010409,Turbo,0.72,conectividad_media,693.0
0504510000000000100331,Apartadó,0.75,bien_conectado,218.0
0583710000000000020815,Turbo,0.53,semi_aislado,1132.0
0583710000000000040535,Turbo,0.8275,bien_conectado,85.0
0583710000000000030605,Turbo,0.66,conectividad_media,788.0
0504510000000000050302,Apartadó,0.9175,bien_conectado,888.0
0583710000000000040551,Turbo,0.9075,bien_conectado,126.0
0583710000000000010304,Turbo,0.8275,bien_conectado,152.0
0504510000000000040213,Apartadó,0.9175,bien_conectado,617.0
0504510000000000090417,Apartadó,0.9075,bien_conectado,316.0
0514720011200300010106,Carepa,0.3675,semi_aislado,142.0
0514720011200300010112,Carepa,0.3675,semi_aislado,181.0
0514720010400500010122,Carepa,0.3675,semi_aislado,1216.0
0514720010800600010102,Carepa,0.6575,conectividad_media,2896.0
0514720010400800010106,Carepa,0.3975,semi_aislado,92.0
0514720011500900010106,Carepa,0.2875,aislado_critico,123.0
0514720010601400010106,Carepa,0.5875,conectividad_media,135.0
0565920020600700010103,San Juan de Urabá,0.0875,aislado_critico,66483.0
0504520020301700010105,Apartadó,0.6175,conectividad_media,3086.0
0583710000000000010719,Turbo,0.76,bien_conectado,716.0
0504510000000000020216,Apartadó,0.9175,bien_conectado,1349.0
0583710000000000040418,Turbo,0.9075,bien_conectado,16.0
0583710000000000030445,Turbo,0.79,bien_conectado,489.0
0504510000000000020604,Apartadó,0.835,bien_conectado,1297.0
0504510000000000100213,Apartadó,0.6,conectividad_media,364.0
0583710000000000010444,Turbo,0.72,conectividad_media,937.0
0504510000000000030110,Apartadó,0.8775,bien_conectado,1583.0
0504510000000000100134,Apartadó,0.67,conectividad_media,543.0
0504510000000000080202,Apartadó,0.7975,bien_conectado,600.0
0504510000000000040130,Apartadó,0.84,bien_conectado,825.0
0504510000000000080201,Apartadó,0.7975,bien_conectado,574.0
0504510000000000010711,Apartadó,0.66,conectividad_media,445.0
0504520030201800010103,Apartadó,0.64,conectividad_media,305.0
0504510000000000070621,Apartadó,0.955,bien_conectado,1327.0
0504510000000000040412,Apartadó,0.8775,bien_conectado,858.0
0583710000000000050217,Turbo,0.67,conectividad_media,1504.0
0504510000000000010129,Apartadó,0.7575,bien_conectado,503.0
0504510000000000060219,Apartadó,0.915,bien_conectado,663.0
0583710000000000030608,Turbo,0.62,conectividad_media,824.0
0504510000000000090215,Apartadó,0.84,bien_conectado,698.0
0504510000000000100308,Apartadó,0.79,bien_conectado,203.0
0583710000000000040714,Turbo,0.8275,bien_conectado,71.0
0504510000000000040632,Apartadó,0.8275,bien_conectado,349.0
0504510000000000050107,Apartadó,0.8775,bien_conectado,1031.0
0504510000000000030306,Apartadó,0.915,bien_conectado,1270.0
0504510000000000090310,Apartadó,0.76,bien_conectado,509.0
0504510000000000010404,Apartadó,0.7975,bien_conectado,821.0
0583710000000000030306,Turbo,0.8275,bien_conectado,337.0
0504510000000000020543,Apartadó,0.915,bien_conectado,1433.0
0504510000000000040138,Apartadó,0.8775,bien_conectado,952.0
0583710000000000040150,Turbo,0.64,conectividad_media,74.0
0504510000000000090412,Apartadó,0.9075,bien_conectado,353.0
0583710000000000050226,Turbo,0.67,conectividad_media,1443.0
0504510000000000040601,Apartadó,0.985,bien_conectado,489.0
0504510000000000020624,Apartadó,0.7975,bien_conectado,1053.0
0583710000000000040215,Turbo,0.945,bien_conectado,27.0
0514720010601400010114,Carepa,0.5875,conectividad_media,184.0
0583710000000000040218,Turbo,0.9075,bien_conectado,16.0
0583710000000000030325,Turbo,0.66,conectividad_media,529.0
0504510000000000010139,Apartadó,0.7875,bien_conectado,297.0
0504510000000000010709,Apartadó,0.7,conectividad_media,324.0
0504510000000000050401,Apartadó,0.84,bien_conectado,699.0
0583710000000000010617,Turbo,0.79,bien_conectado,408.0
0504510000000000020524,Apartadó,0.915,bien_conectado,1395.0
0583710000000000010215,Turbo,0.9075,bien_conectado,119.0
0504510000000000080612,Apartadó,0.7875,bien_conectado,447.0
0583710000000000040125,Turbo,0.64,conectividad_media,452.0
0583710000000000050121,Turbo,0.71,conectividad_media,1224.0
0504510000000000080616,Apartadó,0.8275,bien_conectado,450.0
0504510000000000050509,Apartadó,0.84,bien_conectado,800.0
0583710000000000020612,Turbo,0.9475,bien_conectado,199.0
0504510000000000040517,Apartadó,0.7575,bien_conectado,624.0
0504510000000000040507,Apartadó,0.915,bien_conectado,506.0
0504510000000000020609,Apartadó,0.835,bien_conectado,1262.0
0504510000000000030211,Apartadó,0.835,bien_conectado,1780.0
0504510000000000090205,Apartadó,0.76,bien_conectado,540.0
0504510000000000090122,Apartadó,0.84,bien_conectado,730.0
0504510000000000040510,Apartadó,0.8775,bien_conectado,605.0
0504510000000000010509,Apartadó,0.955,bien_conectado,953.0
0504510000000000060630,Apartadó,0.7575,bien_conectado,541.0
0583710000000000010120,Turbo,0.72,conectividad_media,640.0
0504510000000000090221,Apartadó,0.84,bien_conectado,681.0
0583710000000000030621,Turbo,0.62,conectividad_media,641.0
0504510000000000070219,Apartadó,0.915,bien_conectado,1275.0
0583710000000000030726,Turbo,0.6,conectividad_media,392.0
0504510000000000010136,Apartadó,0.79,bien_conectado,449.0
0504510000000000070417,Apartadó,0.8775,bien_conectado,997.0
0504510000000000070204,Apartadó,0.955,bien_conectado,1015.0
0504510000000000050306,Apartadó,0.8775,bien_conectado,834.0
0504510000000000030507,Apartadó,0.8775,bien_conectado,1522.0
0504510000000000080620,Apartadó,0.8275,bien_conectado,357.0
0583710000000000030812,Turbo,0.6,conectividad_media,348.0
0583710000000000010315,Turbo,0.8275,bien_conectado,402.0
0504510000000000020310,Apartadó,0.8775,bien_conectado,1414.0
0504510000000000080701,Apartadó,0.7875,bien_conectado,167.0
0583710000000000030627,Turbo,0.62,conectividad_media,623.0
0504510000000000030220,Apartadó,0.915,bien_conectado,1790.0
0583710000000000020708,Turbo,0.825,bien_conectado,102.0
0583710000000000020810,Turbo,0.58,conectividad_media,948.0
0583710000000000040523,Turbo,0.9075,bien_conectado,27.0
0583720090104100010211,Turbo,0.48,semi_aislado,1452.0
0504510000000000060212,Apartadó,0.915,bien_conectado,623.0
0504510000000000040623,Apartadó,0.945,bien_conectado,253.0
0504510000000000090220,Apartadó,0.84,bien_conectado,690.0
0504510000000000030703,Apartadó,0.8775,bien_conectado,1499.0
0504510000000000070117,Apartadó,0.915,bien_conectado,1162.0
0504510000000000070435,Apartadó,0.915,bien_conectado,980.0
0504510000000000100333,Apartadó,0.7,conectividad_media,300.0
0583710000000000050220,Turbo,0.67,conectividad_media,1416.0
0504510000000000070614,Apartadó,0.9175,bien_conectado,1111.0
0583710000000000030102,Turbo,0.9075,bien_conectado,262.0
0583710000000000010134,Turbo,0.72,conectividad_media,884.0
0583710000000000030823,Turbo,0.6,conectividad_media,453.0
0583710000000000040120,Turbo,0.865,bien_conectado,78.0
0504510000000000010315,Apartadó,0.8775,bien_conectado,872.0
0583710000000000010612,Turbo,0.9075,bien_conectado,206.0
0504510000000000060118,Apartadó,0.8775,bien_conectado,616.0
0583710000000000040710,Turbo,0.8275,bien_conectado,85.0
0583710000000000030529,Turbo,0.8275,bien_conectado,363.0
0583710000000000040536,Turbo,0.8275,bien_conectado,33.0
0583710000000000030810,Turbo,0.6,conectividad_media,238.0
0583710000000000010314,Turbo,0.8275,bien_conectado,261.0
0504510000000000070426,Apartadó,0.915,bien_conectado,870.0
0504510000000000020220,Apartadó,0.8775,bien_conectado,1249.0
0504510000000000040302,Apartadó,0.9175,bien_conectado,671.0
0504510000000000080505,Apartadó,0.8275,bien_conectado,451.0
0583710000000000040716,Turbo,0.8275,bien_conectado,99.0
0583710000000000030319,Turbo,0.865,bien_conectado,345.0
0504510000000000040622,Apartadó,0.945,bien_conectado,271.0
0583710000000000010105,Turbo,0.8275,bien_conectado,465.0
0504510000000000040720,Apartadó,0.84,bien_conectado,679.0
0583710000000000030415,Turbo,0.8275,bien_conectado,237.0
0583710000000000040131,Turbo,0.64,conectividad_media,221.0
0583710000000000040722,Turbo,0.8275,bien_conectado,44.0
0583710000000000040705,Turbo,0.69,conectividad_media,301.0
0583710000000000020102,Turbo,0.8275,bien_conectado,437.0
0504510000000000030327,Apartadó,0.915,bien_conectado,1281.0
0504510000000000060521,Apartadó,0.8775,bien_conectado,768.0
0583710000000000040724,Turbo,0.79,bien_conectado,42.0
0504510000000000050110,Apartadó,0.9175,bien_conectado,1105.0
0583710000000000040720,Turbo,0.8275,bien_conectado,55.0
0504510000000000020549,Apartadó,0.875,bien_conectado,1322.0
0504510000000000080113,Apartadó,0.84,bien_conectado,681.0
0504510000000000020316,Apartadó,0.8775,bien_conectado,1517.0
0583710000000000040504,Turbo,0.75,bien_conectado,458.0
0504510000000000060422,Apartadó,0.915,bien_conectado,854.0
0583710000000000030701,Turbo,0.66,conectividad_media,733.0
0583710000000000030103,Turbo,0.945,bien_conectado,232.0
0504510000000000070124,Apartadó,0.955,bien_conectado,1320.0
0504510000000000010712,Apartadó,0.7,conectividad_media,374.0
0504510000000000060122,Apartadó,0.915,bien_conectado,727.0
0583710000000000010605,Turbo,0.8275,bien_conectado,357.0
0504510000000000060632,Apartadó,0.7575,bien_conectado,592.0
0504510000000000070721,Apartadó,0.84,bien_conectado,784.0
0583710000000000050307,Turbo,0.63,conectividad_media,1379.0
0504510000000000070133,Apartadó,0.8775,bien_conectado,966.0
0583710000000000020706,Turbo,0.905,bien_conectado,179.0
0504510000000000020221,Apartadó,0.8775,bien_conectado,1208.0
0504510000000000040614,Apartadó,0.945,bien_conectado,439.0
0583710000000000010201,Turbo,0.8275,bien_conectado,280.0
0583710000000000040103,Turbo,0.865,bien_conectado,90.0
0504510000000000060103,Apartadó,0.8275,bien_conectado,463.0
0504510000000000030227,Apartadó,0.7975,bien_conectado,1911.0
0583710000000000010602,Turbo,0.8275,bien_conectado,299.0
0504510000000000030120,Apartadó,0.8775,bien_conectado,1438.0
0583710000000000050221,Turbo,0.67,conectividad_media,1434.0
0504510000000000030503,Apartadó,0.955,bien_conectado,1448.0
0504510000000000020527,Apartadó,0.835,bien_conectado,1226.0
0504510000000000100122,Apartadó,0.7,conectividad_media,395.0
0583710000000000010714,Turbo,0.76,bien_conectado,854.0
0504510000000000100215,Apartadó,0.56,conectividad_media,356.0
0583710000000000050127,Turbo,0.71,conectividad_media,956.0
0504510000000000020501,Apartadó,0.835,bien_conectado,1298.0
0504510000000000040115,Apartadó,0.8775,bien_conectado,791.0
0504510000000000020416,Apartadó,0.955,bien_conectado,1605.0
0504510000000000040633,Apartadó,0.8275,bien_conectado,394.0
0504510000000000090216,Apartadó,0.84,bien_conectado,713.0
0504510000000000050319,Apartadó,0.8775,bien_conectado,839.0
0504510000000000020319,Apartadó,0.955,bien_conectado,1571.0
0504510000000000060210,Apartadó,0.835,bien_conectado,578.0
0583710000000000020703,Turbo,0.905,bien_conectado,258.0
0514720011200300010120,Carepa,0.3675,semi_aislado,159.0
0583710000000000030722,Turbo,0.66,conectividad_media,572.0
0504510000000000100131,Apartadó,0.67,conectividad_media,527.0
0504510000000000010132,Apartadó,0.8275,bien_conectado,256.0
0504510000000000050116,Apartadó,0.8775,bien_conectado,981.0
0504510000000000070712,Apartadó,0.8375,bien_conectado,752.0
0504510000000000030614,Apartadó,0.8775,bien_conectado,1235.0
0504510000000000010517,Apartadó,0.955,bien_conectado,1172.0
0583710000000000050138,Turbo,0.61,conectividad_media,1213.0
0504510000000000100306,Apartadó,0.79,bien_conectado,252.0
0504510000000000060817,Apartadó,0.915,bien_conectado,729.0
0583710000000000020132,Turbo,0.7975,bien_conectado,669.0
0504510000000000070707,Apartadó,0.8,bien_conectado,664.0
0504510000000000010409,Apartadó,0.835,bien_conectado,1083.0
0504510000000000030519,Apartadó,0.955,bien_conectado,1259.0
0583710000000000040505,Turbo,0.79,bien_conectado,339.0
0504510000000000030615,Apartadó,0.8775,bien_conectado,1279.0
0504510000000000050315,Apartadó,0.8775,bien_conectado,853.0
0583710000000000020803,Turbo,0.72,conectividad_media,600.0
0504510000000000070310,Apartadó,0.8775,bien_conectado,989.0
0583710000000000020319,Turbo,0.7975,bien_conectado,547.0
0504510000000000080104,Apartadó,0.7575,bien_conectado,615.0
0583710000000000040314,Turbo,0.945,bien_conectado,294.0
0504510000000000020313,Apartadó,0.8775,bien_conectado,1499.0
0504510000000000010130,Apartadó,0.76,bien_conectado,681.0
0504510000000000030304,Apartadó,0.915,bien_conectado,1366.0
0504510000000000040607,Apartadó,0.945,bien_conectado,279.0
0583710000000000040530,Turbo,0.79,bien_conectado,298.0
0504510000000000080304,Apartadó,0.79,bien_conectado,403.0
0583710000000000050131,Turbo,0.71,conectividad_media,993.0
0504510000000000020605,Apartadó,0.915,bien_conectado,1373.0
0583710000000000020408,Turbo,0.9075,bien_conectado,313.0
0504510000000000060818,Apartadó,0.915,bien_conectado,768.0
0504510000000000030201,Apartadó,0.8775,bien_conectado,1693.0
0504510000000000010518,Apartadó,0.8375,bien_conectado,1082.0
0504510000000000030311,Apartadó,0.955,bien_conectado,1362.0
0504510000000000030317,Apartadó,0.875,bien_conectado,1270.0
0514720011200300010101,Carepa,0.3675,semi_aislado,109.0
0514720010400400010104,Carepa,0.3675,semi_aislado,551.0
0514720010400500010115,Carepa,0.3675,semi_aislado,1065.0
0514720010400500010121,Carepa,0.3675,semi_aislado,1238.0
0514720010400500010128,Carepa,0.3675,semi_aislado,1274.0
0514720010400800010102,Carepa,0.3975,semi_aislado,49.0
0514720010601400010107,Carepa,0.5875,conectividad_media,171.0
0517220100601300010102,Chigorodó,0.1975,aislado_critico,6863.0
0583720050403300010104,Turbo,0.1075,aislado_critico,14064.0
0565920010400800010110,San Juan de Urabá,0.1975,aislado_critico,71655.0
0565920010400800010104,San Juan de Urabá,0.1975,aislado_critico,71875.0
0505120040101900010101,Arboletes,0.0875,aislado_critico,56034.0
0504510000000000010134,Apartadó,0.7875,bien_conectado,362.0
0504510000000000050207,Apartadó,0.88,bien_conectado,944.0
0504510000000000100603,Apartadó,0.7,conectividad_media,277.0
0583710000000000010440,Turbo,0.72,conectividad_media,945.0
0583710000000000030601,Turbo,0.6975,conectividad_media,586.0
0504510000000000070437,Apartadó,0.955,bien_conectado,789.0
0583710000000000050224,Turbo,0.67,conectividad_media,1448.0
0504510000000000020312,Apartadó,0.8775,bien_conectado,1477.0
0504510000000000020113,Apartadó,0.915,bien_conectado,1354.0
0504510000000000070702,Apartadó,0.8375,bien_conectado,696.0
0504510000000000100332,Apartadó,0.7,conectividad_media,356.0
0504510000000000030216,Apartadó,0.84,bien_conectado,1795.0
0504510000000000010219,Apartadó,0.8775,bien_conectado,677.0
0583710000000000030228,Turbo,0.66,conectividad_media,795.0
0504510000000000040411,Apartadó,0.8775,bien_conectado,805.0
0583710000000000020129,Turbo,0.72,conectividad_media,816.0
0504510000000000080306,Apartadó,0.79,bien_conectado,429.0
0504510000000000070104,Apartadó,0.8775,bien_conectado,1030.0
0583710000000000020601,Turbo,0.905,bien_conectado,300.0
0504510000000000020528,Apartadó,0.835,bien_conectado,1326.0
0583710000000000030504,Turbo,0.8275,bien_conectado,400.0
0583710000000000050205,Turbo,0.67,conectividad_media,1527.0
0504510000000000060802,Apartadó,0.7975,bien_conectado,502.0
0504510000000000100612,Apartadó,0.56,conectividad_media,133.0
0504510000000000060808,Apartadó,0.835,bien_conectado,742.0
0504510000000000090508,Apartadó,0.76,bien_conectado,640.0
0504510000000000010514,Apartadó,0.915,bien_conectado,1238.0
0583710000000000020812,Turbo,0.53,semi_aislado,1265.0
0504510000000000080116,Apartadó,0.8775,bien_conectado,682.0
0504510000000000060629,Apartadó,0.9175,bien_conectado,929.0
0504510000000000080417,Apartadó,0.865,bien_conectado,384.0
0504510000000000020210,Apartadó,0.915,bien_conectado,1304.0
0504510000000000030213,Apartadó,0.7975,bien_conectado,1793.0
0504510000000000010414,Apartadó,0.7975,bien_conectado,853.0
0583710000000000030607,Turbo,0.62,conectividad_media,770.0
0583710000000000030733,Turbo,0.61,conectividad_media,591.0
0504510000000000050104,Apartadó,0.8775,bien_conectado,1006.0
0583710000000000020505,Turbo,0.945,bien_conectado,325.0
0504510000000000090401,Apartadó,0.9075,bien_conectado,488.0
0583710000000000030806,Turbo,0.6,conectividad_media,421.0
0583710000000000040213,Turbo,0.945,bien_conectado,61.0
0583710000000000040159,Turbo,0.945,bien_conectado,5.0
0504510000000000080117,Apartadó,0.84,bien_conectado,643.0
0583710000000000030316,Turbo,0.865,bien_conectado,303.0
0504510000000000080109,Apartadó,0.76,bien_conectado,645.0
0583710000000000040173,Turbo,0.64,conectividad_media,138.0
0504510000000000100326,Apartadó,0.7,conectividad_media,318.0
0583720090104100010118,Turbo,0.3875,semi_aislado,2023.0
0583710000000000020605,Turbo,0.9075,bien_conectado,269.0
0504510000000000060401,Apartadó,0.7975,bien_conectado,623.0
0583720090104100010110,Turbo,0.48,semi_aislado,1562.0
0504510000000000020518,Apartadó,0.915,bien_conectado,1448.0
0504510000000000040506,Apartadó,0.915,bien_conectado,549.0
0504510000000000010623,Apartadó,0.79,bien_conectado,114.0
0504510000000000080504,Apartadó,0.8275,bien_conectado,445.0
0504510000000000080631,Apartadó,0.8275,bien_conectado,451.0
0504510000000000030522,Apartadó,0.955,bien_conectado,1359.0
0504510000000000080111,Apartadó,0.84,bien_conectado,592.0
0504510000000000070110,Apartadó,0.915,bien_conectado,1083.0
0504510000000000080213,Apartadó,0.7975,bien_conectado,606.0
0565910000000000010223,San Juan de Urabá,0.4775,semi_aislado,73047.0
0504510000000000020555,Apartadó,0.755,bien_conectado,1736.0
0504510000000000100410,Apartadó,0.56,conectividad_media,212.0
0504510000000000040634,Apartadó,0.945,bien_conectado,289.0
0583710000000000040511,Turbo,0.79,bien_conectado,378.0
0583710000000000030821,Turbo,0.6,conectividad_media,188.0
0504510000000000060614,Apartadó,0.8375,bien_conectado,735.0
0583710000000000020413,Turbo,0.865,bien_conectado,325.0
0504510000000000050511,Apartadó,0.84,bien_conectado,809.0
0583710000000000030111,Turbo,0.865,bien_conectado,96.0
0504510000000000040206,Apartadó,0.9175,bien_conectado,549.0
0504510000000000070524,Apartadó,0.8775,bien_conectado,980.0
0583710000000000050112,Turbo,0.76,bien_conectado,926.0
0504510000000000100218,Apartadó,0.56,conectividad_media,293.0
0583710000000000030814,Turbo,0.57,conectividad_media,508.0
0583710000000000040733,Turbo,0.69,conectividad_media,140.0
0504510000000000010110,Apartadó,0.7875,bien_conectado,490.0
0504510000000000010715,Apartadó,0.66,conectividad_media,490.0
0504510000000000060419,Apartadó,0.915,bien_conectado,847.0
0583710000000000050518,Turbo,0.67,conectividad_media,1413.0
0583720090104100010116,Turbo,0.3875,semi_aislado,2055.0
0504510000000000100220,Apartadó,0.56,conectividad_media,295.0
0504510000000000060813,Apartadó,0.915,bien_conectado,695.0
0583710000000000050411,Turbo,0.67,conectividad_media,1217.0
0583710000000000020310,Turbo,0.865,bien_conectado,403.0
0504510000000000050411,Apartadó,0.84,bien_conectado,745.0
0583710000000000030204,Turbo,0.66,conectividad_media,858.0
0583710000000000040723,Turbo,0.8275,bien_conectado,49.0
0583710000000000050124,Turbo,0.71,conectividad_media,1121.0
0504510000000000030709,Apartadó,0.7575,bien_conectado,1226.0
0504510000000000040712,Apartadó,0.88,bien_conectado,735.0
0504510000000000010317,Apartadó,0.9175,bien_conectado,888.0
0583710000000000010614,Turbo,0.8275,bien_conectado,231.0
0504510000000000090106,Apartadó,0.84,bien_conectado,583.0
0504510000000000100222,Apartadó,0.7,conectividad_media,304.0
0504510000000000040216,Apartadó,0.9175,bien_conectado,751.0
0583710000000000010732,Turbo,0.76,bien_conectado,577.0
0504510000000000010607,Apartadó,0.79,bien_conectado,342.0
0514720010400400010108,Carepa,0.3675,semi_aislado,583.0
0514720010400400010114,Carepa,0.3675,semi_aislado,674.0
0514720010400500010103,Carepa,0.3675,semi_aislado,1018.0
0514720010400500010106,Carepa,0.3675,semi_aislado,989.0
0514720011500900010102,Carepa,0.2875,aislado_critico,113.0
0514720010601400010110,Carepa,0.5875,conectividad_media,73.0
0566520040701400010102,San Pedro de Urabá,0.1975,aislado_critico,41441.0
0565920010400800010105,San Juan de Urabá,0.1975,aislado_critico,71787.0
0505120020301700010101,Arboletes,0.0875,aislado_critico,64965.0
0583710000000000050505,Turbo,0.67,conectividad_media,1436.0
0504510000000000080303,Apartadó,0.8275,bien_conectado,363.0
0504510000000000020630,Apartadó,0.835,bien_conectado,1127.0
0504510000000000020321,Apartadó,0.955,bien_conectado,1567.0
0583710000000000040537,Turbo,0.8275,bien_conectado,82.0
0583720090104100010212,Turbo,0.48,semi_aislado,1434.0
0504510000000000080204,Apartadó,0.7975,bien_conectado,576.0
0583710000000000020401,Turbo,0.865,bien_conectado,376.0
0504510000000000070523,Apartadó,0.8775,bien_conectado,931.0
0583710000000000030301,Turbo,0.66,conectividad_media,510.0
0583710000000000020317,Turbo,0.7975,bien_conectado,647.0
0504510000000000070619,Apartadó,0.915,bien_conectado,1268.0
0583720090104100010114,Turbo,0.3875,semi_aislado,2320.0
0504510000000000040135,Apartadó,0.84,bien_conectado,892.0
0504510000000000020421,Apartadó,0.955,bien_conectado,1610.0
0504510000000000090324,Apartadó,0.79,bien_conectado,492.0
0504510000000000060216,Apartadó,0.915,bien_conectado,596.0
0583710000000000030813,Turbo,0.6,conectividad_media,421.0
0583710000000000030506,Turbo,0.8275,bien_conectado,462.0
0504510000000000060410,Apartadó,0.8775,bien_conectado,733.0
0504510000000000070413,Apartadó,0.9175,bien_conectado,860.0
0504510000000000060815,Apartadó,0.915,bien_conectado,750.0
0504510000000000020110,Apartadó,0.915,bien_conectado,1279.0
0504510000000000080609,Apartadó,0.75,bien_conectado,333.0
0504510000000000100310,Apartadó,0.79,bien_conectado,257.0
0583710000000000040168,Turbo,0.65,conectividad_media,3.0
0504510000000000040134,Apartadó,0.88,bien_conectado,903.0
0583710000000000020307,Turbo,0.945,bien_conectado,296.0
0504510000000000030604,Apartadó,0.8375,bien_conectado,1156.0
0504510000000000100503,Apartadó,0.56,conectividad_media,107.0
0583710000000000010733,Turbo,0.76,bien_conectado,591.0
0504510000000000020545,Apartadó,0.915,bien_conectado,1441.0
0504510000000000070229,Apartadó,0.955,bien_conectado,1275.0
0583710000000000040735,Turbo,0.69,conectividad_media,104.0
0583710000000000040315,Turbo,0.945,bien_conectado,339.0
0583710000000000010306,Turbo,0.8275,bien_conectado,39.0
0504510000000000070624,Apartadó,0.915,bien_conectado,1161.0
0504510000000000080606,Apartadó,0.75,bien_conectado,381.0
0504510000000000020303,Apartadó,0.955,bien_conectado,1477.0
0504510000000000040619,Apartadó,0.945,bien_conectado,342.0
0504510000000000070617,Apartadó,0.915,bien_conectado,1295.0
0504510000000000100311,Apartadó,0.79,bien_conectado,281.0
0504510000000000050513,Apartadó,0.88,bien_conectado,852.0
0504510000000000100318,Apartadó,0.7,conectividad_media,252.0
0504510000000000070129,Apartadó,0.9175,bien_conectado,979.0
0583710000000000040549,Turbo,0.79,bien_conectado,240.0
0504510000000000060609,Apartadó,0.8775,bien_conectado,744.0
0504510000000000070414,Apartadó,0.915,bien_conectado,864.0
0583710000000000010410,Turbo,0.72,conectividad_media,746.0
0583710000000000030519,Turbo,0.7975,bien_conectado,577.0
0583710000000000040219,Turbo,0.865,bien_conectado,40.0
0583710000000000030408,Turbo,0.8275,bien_conectado,310.0
0583710000000000030817,Turbo,0.6,conectividad_media,436.0
0583710000000000010114,Turbo,0.8275,bien_conectado,367.0
0504510000000000040707,Apartadó,0.84,bien_conectado,590.0
0504510000000000030224,Apartadó,0.7975,bien_conectado,1863.0
0504510000000000090102,Apartadó,0.76,bien_conectado,537.0
0583710000000000010222,Turbo,0.8275,bien_conectado,357.0
0583710000000000040151,Turbo,0.8275,bien_conectado,130.0
0504510000000000100323,Apartadó,0.7,conectividad_media,174.0
0504510000000000070629,Apartadó,0.915,bien_conectado,1305.0
0583710000000000040113,Turbo,0.8275,bien_conectado,228.0
0583710000000000020409,Turbo,0.9075,bien_conectado,265.0
0504510000000000050223,Apartadó,0.88,bien_conectado,871.0
0583710000000000030302,Turbo,0.8275,bien_conectado,359.0
0583710000000000010140,Turbo,0.7975,bien_conectado,501.0
0504510000000000080418,Apartadó,0.865,bien_conectado,374.0
0504510000000000070121,Apartadó,0.955,bien_conectado,1264.0
0504510000000000100217,Apartadó,0.56,conectividad_media,366.0
0583710000000000010709,Turbo,0.72,conectividad_media,958.0
0504510000000000020536,Apartadó,0.835,bien_conectado,1722.0
0583710000000000040205,Turbo,0.865,bien_conectado,14.0
0583710000000000010606,Turbo,0.8275,bien_conectado,395.0
0583710000000000010615,Turbo,0.8275,bien_conectado,387.0
0583710000000000040160,Turbo,0.865,bien_conectado,102.0
0583710000000000040121,Turbo,0.865,bien_conectado,23.0
0504510000000000070322,Apartadó,0.835,bien_conectado,843.0
0504510000000000050103,Apartadó,0.84,bien_conectado,975.0
0583710000000000040417,Turbo,0.9075,bien_conectado,2.0
0504510000000000060415,Apartadó,0.915,bien_conectado,730.0
0504510000000000070321,Apartadó,0.835,bien_conectado,807.0
0504510000000000060602,Apartadó,0.8775,bien_conectado,927.0
0504510000000000010416,Apartadó,0.7975,bien_conectado,880.0
0583720090104100010109,Turbo,0.48,semi_aislado,1653.0
0583720090104100010113,Turbo,0.3875,semi_aislado,2346.0
0504510000000000020302,Apartadó,0.955,bien_conectado,1488.0
0504510000000000070115,Apartadó,0.915,bien_conectado,1188.0
0583710000000000030818,Turbo,0.6,conectividad_media,413.0
0504510000000000080622,Apartadó,0.8275,bien_conectado,322.0
0504510000000000040617,Apartadó,0.945,bien_conectado,426.0
0583710000000000040208,Turbo,0.865,bien_conectado,38.0
0504510000000000040727,Apartadó,0.84,bien_conectado,665.0
0504510000000000080415,Apartadó,0.865,bien_conectado,474.0
0583710000000000030625,Turbo,0.62,conectividad_media,723.0
0504510000000000090201,Apartadó,0.76,bien_conectado,520.0
0504510000000000070713,Apartadó,0.8375,bien_conectado,771.0
0504510000000000030218,Apartadó,0.84,bien_conectado,1847.0
0504510000000000010222,Apartadó,0.74,conectividad_media,36.0
0583710000000000020410,Turbo,0.865,bien_conectado,327.0
0504510000000000090105,Apartadó,0.76,bien_conectado,521.0
0583710000000000030304,Turbo,0.865,bien_conectado,107.0
0504510000000000050214,Apartadó,0.8775,bien_conectado,973.0
0504510000000000080623,Apartadó,0.7875,bien_conectado,287.0
0583710000000000040526,Turbo,0.79,bien_conectado,205.0
0504510000000000010307,Apartadó,0.7975,bien_conectado,862.0
0583710000000000010137,Turbo,0.7975,bien_conectado,505.0
0504510000000000070106,Apartadó,0.8775,bien_conectado,1057.0
0504510000000000010220,Apartadó,0.9175,bien_conectado,877.0
0583710000000000020112,Turbo,0.72,conectividad_media,767.0
0504510000000000020508,Apartadó,0.955,bien_conectado,1463.0
0583710000000000010515,Turbo,0.8275,bien_conectado,388.0
0504510000000000070223,Apartadó,0.915,bien_conectado,1075.0
0504510000000000060626,Apartadó,0.8775,bien_conectado,828.0
0504510000000000060508,Apartadó,0.915,bien_conectado,760.0
0504510000000000010401,Apartadó,0.7975,bien_conectado,935.0
0504510000000000020225,Apartadó,0.955,bien_conectado,1324.0
0504510000000000040207,Apartadó,0.8775,bien_conectado,525.0
0583710000000000010122,Turbo,0.72,conectividad_media,599.0
0504510000000000080507,Apartadó,0.7975,bien_conectado,522.0
0583710000000000010520,Turbo,0.8275,bien_conectado,254.0
0504510000000000050117,Apartadó,0.9175,bien_conectado,932.0
0583710000000000030804,Turbo,0.57,conectividad_media,535.0
0504510000000000010512,Apartadó,0.955,bien_conectado,1095.0
0504510000000000040305,Apartadó,0.8775,bien_conectado,524.0
0504510000000000090108,Apartadó,0.84,bien_conectado,607.0
0583710000000000010432,Turbo,0.72,conectividad_media,969.0
0504510000000000010127,Apartadó,0.7875,bien_conectado,390.0
0504510000000000100204,Apartadó,0.53,semi_aislado,535.0
0583710000000000030706,Turbo,0.66,conectividad_media,697.0
0504510000000000030613,Apartadó,0.8775,bien_conectado,1192.0
0583710000000000010625,Turbo,0.76,bien_conectado,953.0
0583710000000000030402,Turbo,0.865,bien_conectado,45.0
0504510000000000070217,Apartadó,0.915,bien_conectado,1249.0
0583710000000000010106,Turbo,0.8275,bien_conectado,334.0
0504510000000000060218,Apartadó,0.915,bien_conectado,666.0
0583710000000000020818,Turbo,0.58,conectividad_media,1039.0
0504510000000000040602,Apartadó,0.985,bien_conectado,440.0
0583710000000000040164,Turbo,0.69,conectividad_media,466.0
0504510000000000070623,Apartadó,0.9175,bien_conectado,1148.0
0583710000000000050105,Turbo,0.71,conectividad_media,1188.0
0583710000000000040510,Turbo,0.79,bien_conectado,428.0
0504510000000000100609,Apartadó,0.56,conectividad_media,161.0
0504510000000000050512,Apartadó,0.84,bien_conectado,829.0
0504510000000000050314,Apartadó,0.8775,bien_conectado,879.0
0504510000000000060803,Apartadó,0.7975,bien_conectado,515.0
0583710000000000040112,Turbo,0.8275,bien_conectado,292.0
0583710000000000030104,Turbo,0.865,bien_conectado,142.0
0504510000000000090509,Apartadó,0.76,bien_conectado,553.0
0583710000000000010133,Turbo,0.72,conectividad_media,806.0
0504510000000000100118,Apartadó,0.67,conectividad_media,509.0
0504510000000000090117,Apartadó,0.84,bien_conectado,676.0
0583720090104100010206,Turbo,0.48,semi_aislado,1546.0
0504510000000000070504,Apartadó,0.9175,bien_conectado,1129.0
0504510000000000040121,Apartadó,0.88,bien_conectado,782.0
0504510000000000040310,Apartadó,0.9075,bien_conectado,395.0
0504510000000000070706,Apartadó,0.8,bien_conectado,663.0
0583710000000000010108,Turbo,0.8275,bien_conectado,291.0
0583710000000000010609,Turbo,0.945,bien_conectado,105.0
0504510000000000100115,Apartadó,0.7,conectividad_media,499.0
0504510000000000050216,Apartadó,0.8775,bien_conectado,975.0
0504510000000000030506,Apartadó,0.955,bien_conectado,1455.0
0504510000000000020115,Apartadó,0.835,bien_conectado,1254.0
0583710000000000010446,Turbo,0.72,conectividad_media,964.0
0583710000000000010429,Turbo,0.72,conectividad_media,912.0
0504510000000000030410,Apartadó,0.875,bien_conectado,1070.0
0504510000000000020208,Apartadó,0.8775,bien_conectado,1289.0
0504510000000000090222,Apartadó,0.76,bien_conectado,661.0
0504510000000000010131,Apartadó,0.69,conectividad_media,388.0
0583710000000000020116,Turbo,0.7975,bien_conectado,721.0
0504510000000000010109,Apartadó,0.7575,bien_conectado,505.0
0583710000000000030633,Turbo,0.66,conectividad_media,722.0
0583710000000000030414,Turbo,0.8275,bien_conectado,273.0
0504510000000000030610,Apartadó,0.8775,bien_conectado,1233.0
0504510000000000030407,Apartadó,0.915,bien_conectado,905.0
0504510000000000030528,Apartadó,0.915,bien_conectado,1458.0
0583710000000000020203,Turbo,0.945,bien_conectado,139.0
0504510000000000050414,Apartadó,0.84,bien_conectado,743.0
0504510000000000070405,Apartadó,0.955,bien_conectado,816.0
0583710000000000020902,Turbo,0.72,conectividad_media,778.0
0514720010400400010120,Carepa,0.3675,semi_aislado,661.0
0514720010400500010116,Carepa,0.3675,semi_aislado,1134.0
0514720010400500010124,Carepa,0.3675,semi_aislado,1247.0
0514720010800600010111,Carepa,0.6575,conectividad_media,2721.0
0514720010800600010101,Carepa,0.6175,conectividad_media,3088.0
0514720010601400010113,Carepa,0.5875,conectividad_media,92.0
0504520020301700010108,Apartadó,0.6175,conectividad_media,2941.0
0565920010400800010102,San Juan de Urabá,0.1975,aislado_critico,72008.0
0514720010401500010102,Carepa,0.4575,semi_aislado,1052.0
0566520040701400010106,San Pedro de Urabá,0.1975,aislado_critico,41464.0
0583720200100700010101,Turbo,0.2575,aislado_critico,1443.0
0504510000000000010415,Apartadó,0.7975,bien_conectado,864.0
0504510000000000080517,Apartadó,0.865,bien_conectado,312.0
0583710000000000010119,Turbo,0.72,conectividad_media,604.0
0583710000000000010319,Turbo,0.8275,bien_conectado,193.0
0504510000000000090334,Apartadó,0.79,bien_conectado,284.0
0504510000000000060121,Apartadó,0.915,bien_conectado,722.0
0504510000000000010312,Apartadó,0.8775,bien_conectado,844.0
0504510000000000030315,Apartadó,0.915,bien_conectado,1365.0
0504510000000000060507,Apartadó,0.8775,bien_conectado,714.0
0504510000000000070311,Apartadó,0.8775,bien_conectado,1022.0
0504510000000000070525,Apartadó,0.9175,bien_conectado,975.0
0504510000000000070411,Apartadó,0.8375,bien_conectado,895.0
0504510000000000030210,Apartadó,0.8775,bien_conectado,1688.0
0504510000000000050322,Apartadó,0.8775,bien_conectado,806.0
0504510000000000010710,Apartadó,0.66,conectividad_media,343.0
0504510000000000080502,Apartadó,0.8275,bien_conectado,372.0
0583710000000000040304,Turbo,0.865,bien_conectado,8.0
0504510000000000030217,Apartadó,0.84,bien_conectado,1835.0
0583710000000000030705,Turbo,0.66,conectividad_media,623.0
0583710000000000010611,Turbo,0.8275,bien_conectado,293.0
0583710000000000010104,Turbo,0.8275,bien_conectado,353.0
0504510000000000070505,Apartadó,0.8775,bien_conectado,1128.0
0583710000000000040501,Turbo,0.79,bien_conectado,230.0
0504510000000000060402,Apartadó,0.7975,bien_conectado,619.0
0504510000000000040708,Apartadó,0.84,bien_conectado,583.0
0504510000000000010515,Apartadó,0.915,bien_conectado,1233.0
0583710000000000010437,Turbo,0.72,conectividad_media,867.0
0504510000000000070206,Apartadó,0.915,bien_conectado,1040.0
0583710000000000010721,Turbo,0.76,bien_conectado,704.0
0583710000000000030615,Turbo,0.62,conectividad_media,680.0
0504510000000000010627,Apartadó,0.79,bien_conectado,257.0
0583710000000000050114,Turbo,0.76,bien_conectado,820.0
0583710000000000030822,Turbo,0.6,conectividad_media,479.0
0504520030201800010110,Apartadó,0.57,conectividad_media,613.0
0583710000000000030715,Turbo,0.66,conectividad_media,685.0
0504510000000000080308,Apartadó,0.8275,bien_conectado,445.0
0583710000000000050527,Turbo,0.67,conectividad_media,1254.0
0583710000000000010505,Turbo,0.8275,bien_conectado,318.0
0504510000000000080125,Apartadó,0.88,bien_conectado,597.0
0504510000000000020204,Apartadó,0.8775,bien_conectado,1226.0
0504510000000000010408,Apartadó,0.835,bien_conectado,1096.0
0504510000000000030706,Apartadó,0.8,bien_conectado,1500.0
0504510000000000040518,Apartadó,0.8775,bien_conectado,791.0
0583710000000000040749,Turbo,0.65,conectividad_media,229.0
0504510000000000100618,Apartadó,0.6,conectividad_media,44.0
0583710000000000050201,Turbo,0.67,conectividad_media,1344.0
0504510000000000050507,Apartadó,0.84,bien_conectado,774.0
0504510000000000070318,Apartadó,0.8775,bien_conectado,1107.0
0504510000000000030209,Apartadó,0.8775,bien_conectado,1720.0
0504510000000000070222,Apartadó,0.915,bien_conectado,902.0
0504510000000000030518,Apartadó,0.915,bien_conectado,1242.0
0583710000000000020405,Turbo,0.825,bien_conectado,449.0
0583710000000000040602,Turbo,0.61,conectividad_media,505.0
0583710000000000050102,Turbo,0.57,conectividad_media,1294.0
0583710000000000030439,Turbo,0.62,conectividad_media,569.0
0504510000000000050307,Apartadó,0.9175,bien_conectado,785.0
0583710000000000030803,Turbo,0.6,conectividad_media,437.0
0583710000000000010110,Turbo,0.9075,bien_conectado,242.0
0504510000000000070312,Apartadó,0.8775,bien_conectado,1055.0
0583710000000000020501,Turbo,0.945,bien_conectado,383.0
0504510000000000080615,Apartadó,0.7875,bien_conectado,463.0
0504510000000000020415,Apartadó,0.835,bien_conectado,1712.0
0583710000000000030426,Turbo,0.8275,bien_conectado,357.0
0504520030201800010102,Apartadó,0.64,conectividad_media,315.0
0504510000000000050505,Apartadó,0.84,bien_conectado,760.0
0583720090104100010209,Turbo,0.48,semi_aislado,1480.0
0583710000000000010430,Turbo,0.72,conectividad_media,786.0
0583710000000000030634,Turbo,0.66,conectividad_media,676.0
0504510000000000090119,Apartadó,0.84,bien_conectado,729.0
0583710000000000020403,Turbo,0.865,bien_conectado,417.0
0504510000000000100402,Apartadó,0.56,conectividad_media,176.0
0504510000000000090320,Apartadó,0.87,bien_conectado,452.0
0504510000000000030520,Apartadó,0.955,bien_conectado,1279.0
0583710000000000040552,Turbo,0.8275,bien_conectado,180.0
0504510000000000060504,Apartadó,0.7975,bien_conectado,610.0
0583710000000000010716,Turbo,0.76,bien_conectado,737.0
0504510000000000030705,Apartadó,0.8,bien_conectado,1490.0
0504510000000000100232,Apartadó,0.66,conectividad_media,489.0
0504510000000000010138,Apartadó,0.7875,bien_conectado,318.0
0504510000000000070208,Apartadó,0.915,bien_conectado,1075.0
0583710000000000010303,Turbo,0.9075,bien_conectado,88.0
0583710000000000020806,Turbo,0.72,conectividad_media,642.0
0504510000000000020116,Apartadó,0.835,bien_conectado,1196.0
0583710000000000050407,Turbo,0.67,conectividad_media,1213.0
0504510000000000090219,Apartadó,0.76,bien_conectado,643.0
0504510000000000060816,Apartadó,0.915,bien_conectado,731.0
0504510000000000060324,Apartadó,0.7975,bien_conectado,575.0
0504510000000000080107,Apartadó,0.76,bien_conectado,697.0
0583710000000000010226,Turbo,0.8275,bien_conectado,415.0
0504510000000000090307,Apartadó,0.79,bien_conectado,432.0
0583710000000000040743,Turbo,0.865,bien_conectado,156.0
0504510000000000100304,Apartadó,0.79,bien_conectado,301.0
0504520010201000010103,Apartadó,0.5975,conectividad_media,1134.0
0504510000000000080624,Apartadó,0.8275,bien_conectado,366.0
0583710000000000010311,Turbo,0.9075,bien_conectado,111.0
0504510000000000020560,Apartadó,0.7975,bien_conectado,1428.0
0583710000000000010618,Turbo,0.8275,bien_conectado,318.0
0514720010400500010104,Carepa,0.3675,semi_aislado,975.0
0514720010400500010107,Carepa,0.3675,semi_aislado,1029.0
0514720010400500010120,Carepa,0.3675,semi_aislado,1192.0
0514720010400500010125,Carepa,0.3675,semi_aislado,1271.0
0514720010800600010104,Carepa,0.6175,conectividad_media,2861.0
0514720010800600010114,Carepa,0.6975,conectividad_media,2574.0
0514720010801200010105,Carepa,0.6175,conectividad_media,2641.0
0565920010400800010111,San Juan de Urabá,0.1975,aislado_critico,71569.0
0505120020301700010106,Arboletes,0.0875,aislado_critico,64800.0
0583710000000000030805,Turbo,0.57,conectividad_media,520.0
0583710000000000050404,Turbo,0.67,conectividad_media,1284.0
0504510000000000070212,Apartadó,0.915,bien_conectado,1137.0
0504510000000000080322,Apartadó,0.7975,bien_conectado,611.0
0504510000000000030524,Apartadó,0.915,bien_conectado,1371.0
0583710000000000040171,Turbo,0.945,bien_conectado,9.0
0583710000000000030514,Turbo,0.7975,bien_conectado,510.0
0504510000000000080516,Apartadó,0.865,bien_conectado,250.0
0504510000000000020218,Apartadó,0.8775,bien_conectado,1348.0
0504510000000000070528,Apartadó,0.9175,bien_conectado,1126.0
0504510000000000040618,Apartadó,0.945,bien_conectado,381.0
0583710000000000010125,Turbo,0.72,conectividad_media,646.0
0504510000000000090405,Apartadó,0.79,bien_conectado,372.0
0583710000000000030441,Turbo,0.8275,bien_conectado,370.0
0504510000000000100135,Apartadó,0.67,conectividad_media,560.0
0504510000000000070709,Apartadó,0.84,bien_conectado,651.0
0504510000000000010608,Apartadó,0.75,bien_conectado,332.0
0583710000000000020610,Turbo,0.9475,bien_conectado,157.0
0504510000000000100102,Apartadó,0.67,conectividad_media,590.0
0583710000000000040525,Turbo,0.9075,bien_conectado,101.0
0504510000000000060220,Apartadó,0.955,bien_conectado,701.0
0504510000000000100214,Apartadó,0.56,conectividad_media,359.0
0504510000000000020406,Apartadó,0.8775,bien_conectado,1641.0
0504510000000000030413,Apartadó,0.875,bien_conectado,1187.0
0583710000000000010513,Turbo,0.8275,bien_conectado,444.0
0583710000000000030437,Turbo,0.8275,bien_conectado,421.0
0583710000000000020323,Turbo,0.7975,bien_conectado,641.0
0504510000000000010301,Apartadó,0.76,bien_conectado,722.0
0583710000000000030631,Turbo,0.62,conectividad_media,602.0
0504510000000000020404,Apartadó,0.8775,bien_conectado,1584.0
0583710000000000040752,Turbo,0.65,conectividad_media,306.0
0583710000000000010126,Turbo,0.72,conectividad_media,706.0
0583710000000000020504,Turbo,0.9075,bien_conectado,332.0
0504510000000000090411,Apartadó,0.9075,bien_conectado,374.0
0504510000000000070703,Apartadó,0.8375,bien_conectado,690.0
0504510000000000020550,Apartadó,0.875,bien_conectado,1352.0
0504510000000000020414,Apartadó,0.915,bien_conectado,1724.0
0583710000000000030734,Turbo,0.6,conectividad_media,367.0
0504510000000000070502,Apartadó,0.8775,bien_conectado,1069.0
0504510000000000030611,Apartadó,0.8775,bien_conectado,1203.0
0583710000000000040162,Turbo,0.8275,bien_conectado,314.0
0504510000000000010113,Apartadó,0.72,conectividad_media,648.0
0504510000000000050121,Apartadó,0.9175,bien_conectado,965.0
0504510000000000070720,Apartadó,0.84,bien_conectado,709.0
0504510000000000090115,Apartadó,0.84,bien_conectado,666.0
0583710000000000030703,Turbo,0.62,conectividad_media,558.0
0583710000000000020904,Turbo,0.72,conectividad_media,853.0
0504510000000000030106,Apartadó,0.9175,bien_conectado,1558.0
0583710000000000040140,Turbo,0.69,conectividad_media,393.0
0504510000000000080625,Apartadó,0.8275,bien_conectado,399.0
0504510000000000060806,Apartadó,0.835,bien_conectado,582.0
0504510000000000030525,Apartadó,0.955,bien_conectado,1383.0
0504510000000000040318,Apartadó,0.955,bien_conectado,635.0
0504510000000000080602,Apartadó,0.7875,bien_conectado,487.0
0583710000000000040707,Turbo,0.69,conectividad_media,263.0
0504510000000000080315,Apartadó,0.8275,bien_conectado,464.0
0583710000000000030312,Turbo,0.865,bien_conectado,205.0
0504510000000000070424,Apartadó,0.875,bien_conectado,980.0
0504510000000000100303,Apartadó,0.79,bien_conectado,324.0
0504510000000000080203,Apartadó,0.7975,bien_conectado,633.0
0504510000000000100309,Apartadó,0.79,bien_conectado,231.0
0504510000000000010128,Apartadó,0.6875,conectividad_media,395.0
0583710000000000020701,Turbo,0.825,bien_conectado,232.0
0504510000000000100607,Apartadó,0.7,conectividad_media,133.0
0504510000000000020529,Apartadó,0.915,bien_conectado,1457.0
0504510000000000100236,Apartadó,0.56,conectividad_media,492.0
0504510000000000090414,Apartadó,0.9075,bien_conectado,309.0
0504510000000000100602,Apartadó,0.7,conectividad_media,260.0
0583710000000000050511,Turbo,0.67,conectividad_media,1369.0
0504510000000000020629,Apartadó,0.835,bien_conectado,1151.0
0504510000000000100613,Apartadó,0.56,conectividad_media,114.0
0583710000000000010433,Turbo,0.72,conectividad_media,922.0
0504510000000000090418,Apartadó,0.8275,bien_conectado,279.0
0583710000000000040155,Turbo,0.8275,bien_conectado,39.0
0504510000000000030708,Apartadó,0.8375,bien_conectado,1350.0
0583710000000000030220,Turbo,0.66,conectividad_media,831.0
0504510000000000090314,Apartadó,0.79,bien_conectado,468.0
0583710000000000040216,Turbo,0.9075,bien_conectado,7.0
0583710000000000030201,Turbo,0.8275,bien_conectado,408.0
0583710000000000040145,Turbo,0.79,bien_conectado,250.0
0504510000000000060810,Apartadó,0.835,bien_conectado,643.0
0504520030201800010118,Apartadó,0.57,conectividad_media,844.0
0583710000000000040110,Turbo,0.865,bien_conectado,238.0
0504510000000000020201,Apartadó,0.915,bien_conectado,1246.0
0504520030201800010114,Apartadó,0.64,conectividad_media,191.0
0583710000000000050406,Turbo,0.67,conectividad_media,1226.0
0583710000000000010434,Turbo,0.72,conectividad_media,851.0
0583710000000000040403,Turbo,0.945,bien_conectado,91.0
0504510000000000040714,Apartadó,0.8775,bien_conectado,701.0
0583710000000000030323,Turbo,0.66,conectividad_media,593.0
0504510000000000010310,Apartadó,0.9175,bien_conectado,794.0
0504510000000000050510,Apartadó,0.84,bien_conectado,819.0
0583710000000000030522,Turbo,0.8275,bien_conectado,446.0
0583710000000000040309,Turbo,0.945,bien_conectado,255.0
0583710000000000050123,Turbo,0.61,conectividad_media,1144.0
0504510000000000060304,Apartadó,0.835,bien_conectado,630.0
0504510000000000070314,Apartadó,0.8775,bien_conectado,1043.0
0504510000000000070616,Apartadó,0.915,bien_conectado,1197.0
0504510000000000010707,Apartadó,0.7,conectividad_media,248.0
0504510000000000020517,Apartadó,0.955,bien_conectado,1503.0
0504510000000000070627,Apartadó,0.915,bien_conectado,1049.0
0583710000000000040203,Turbo,0.865,bien_conectado,122.0
0504510000000000030313,Apartadó,0.915,bien_conectado,1263.0
0504510000000000010111,Apartadó,0.6875,conectividad_media,300.0
0504510000000000070112,Apartadó,0.915,bien_conectado,1178.0
0504510000000000050111,Apartadó,0.9175,bien_conectado,1067.0
0583710000000000010216,Turbo,0.9075,bien_conectado,174.0
0504510000000000060222,Apartadó,0.955,bien_conectado,742.0
0504510000000000070420,Apartadó,0.8775,bien_conectado,1051.0
0504510000000000020539,Apartadó,0.755,bien_conectado,1761.0
0583720090104100010122,Turbo,0.48,semi_aislado,1614.0
0504510000000000050213,Apartadó,0.8775,bien_conectado,1015.0
0504510000000000070408,Apartadó,0.8375,bien_conectado,868.0
0583710000000000030521,Turbo,0.8275,bien_conectado,486.0
0504510000000000040314,Apartadó,0.9175,bien_conectado,559.0
0583710000000000040746,Turbo,0.865,bien_conectado,115.0
0583710000000000050130,Turbo,0.71,conectividad_media,1080.0
0504510000000000040512,Apartadó,0.8775,bien_conectado,690.0
0504510000000000070228,Apartadó,0.915,bien_conectado,1160.0
0583710000000000010604,Turbo,0.8275,bien_conectado,282.0
0504510000000000010513,Apartadó,0.8775,bien_conectado,1127.0
0504510000000000100319,Apartadó,0.7,conectividad_media,247.0
0504510000000000010309,Apartadó,0.9175,bien_conectado,743.0
0583710000000000050402,Turbo,0.67,conectividad_media,1195.0
0504510000000000090109,Apartadó,0.84,bien_conectado,576.0
0504510000000000010502,Apartadó,0.7975,bien_conectado,974.0
0583710000000000020503,Turbo,0.9075,bien_conectado,377.0
0514720011200300010111,Carepa,0.3675,semi_aislado,189.0
0504520030201800010115,Apartadó,0.64,conectividad_media,255.0
0504510000000000060809,Apartadó,0.835,bien_conectado,649.0
0583720090104100010305,Turbo,0.53,semi_aislado,996.0
0583710000000000020104,Turbo,0.9075,bien_conectado,341.0
0504510000000000040309,Apartadó,0.9075,bien_conectado,408.0
0504510000000000100401,Apartadó,0.56,conectividad_media,242.0
0504510000000000060627,Apartadó,0.8775,bien_conectado,886.0
0583710000000000010705,Turbo,0.57,conectividad_media,1034.0
0583710000000000020105,Turbo,0.9075,bien_conectado,292.0
0504510000000000070719,Apartadó,0.84,bien_conectado,714.0
0504510000000000040519,Apartadó,0.7575,bien_conectado,620.0
0504510000000000060403,Apartadó,0.7975,bien_conectado,633.0
0504510000000000020222,Apartadó,0.84,bien_conectado,1450.0
0504510000000000080218,Apartadó,0.7575,bien_conectado,576.0
0583710000000000040152,Turbo,0.65,conectividad_media,64.0
0583710000000000050523,Turbo,0.67,conectividad_media,1392.0
0504510000000000040723,Apartadó,0.88,bien_conectado,802.0
0504510000000000070421,Apartadó,0.8375,bien_conectado,1019.0
0504510000000000090415,Apartadó,0.8275,bien_conectado,289.0
0583710000000000010616,Turbo,0.76,bien_conectado,525.0
0504510000000000040612,Apartadó,0.945,bien_conectado,384.0
0583710000000000030227,Turbo,0.66,conectividad_media,820.0
0504510000000000080633,Apartadó,0.8275,bien_conectado,423.0
0504510000000000030208,Apartadó,0.8775,bien_conectado,1744.0
0583710000000000020813,Turbo,0.53,semi_aislado,1201.0
0583710000000000010603,Turbo,0.8275,bien_conectado,214.0
0583710000000000010445,Turbo,0.72,conectividad_media,924.0
0504510000000000100110,Apartadó,0.7,conectividad_media,467.0
0504510000000000060213,Apartadó,0.915,bien_conectado,622.0
0504510000000000020622,Apartadó,0.7975,bien_conectado,1074.0
0504510000000000100124,Apartadó,0.7,conectividad_media,376.0
0504510000000000020617,Apartadó,0.835,bien_conectado,1273.0
0504510000000000040139,Apartadó,0.8775,bien_conectado,903.0
0504510000000000070628,Apartadó,0.915,bien_conectado,1268.0
0504510000000000010610,Apartadó,0.75,bien_conectado,398.0
0504510000000000100103,Apartadó,0.67,conectividad_media,585.0
0583720090104100010210,Turbo,0.48,semi_aislado,1467.0
0504510000000000060807,Apartadó,0.835,bien_conectado,587.0
0583710000000000020130,Turbo,0.72,conectividad_media,835.0
0504510000000000010705,Apartadó,0.7,conectividad_media,225.0
0583710000000000030310,Turbo,0.7275,conectividad_media,477.0
0504510000000000070418,Apartadó,0.8775,bien_conectado,1062.0
0504510000000000010425,Apartadó,0.7975,bien_conectado,783.0
0583710000000000030636,Turbo,0.6975,conectividad_media,669.0
0583710000000000030731,Turbo,0.61,conectividad_media,555.0
0504510000000000030109,Apartadó,0.8775,bien_conectado,1541.0
0583710000000000040703,Turbo,0.69,conectividad_media,393.0
0583710000000000040725,Turbo,0.69,conectividad_media,157.0
0504510000000000080314,Apartadó,0.8275,bien_conectado,479.0
0583710000000000030322,Turbo,0.69,conectividad_media,493.0
0504510000000000050305,Apartadó,0.9175,bien_conectado,860.0
0514720010400500010108,Carepa,0.3675,semi_aislado,1045.0
0514720010400500010110,Carepa,0.3675,semi_aislado,1011.0
0514720010400500010127,Carepa,0.3675,semi_aislado,1258.0
0514720010800600010106,Carepa,0.6575,conectividad_media,2839.0
0514720010800600010113,Carepa,0.6575,conectividad_media,2663.0
0514720010400800010104,Carepa,0.3975,semi_aislado,31.0
0514720010601400010103,Carepa,0.5875,conectividad_media,61.0
0505120020301700010104,Arboletes,0.0875,aislado_critico,64854.0
0565920010400800010101,San Juan de Urabá,0.26,aislado_critico,71941.0
0583720200100700010103,Turbo,0.2575,aislado_critico,1512.0
0514720010401500010101,Carepa,0.4175,semi_aislado,793.0
0583710000000000050117,Turbo,0.61,conectividad_media,1273.0
0504510000000000100403,Apartadó,0.56,conectividad_media,254.0
0583710000000000030809,Turbo,0.6,conectividad_media,346.0
0504510000000000080320,Apartadó,0.7975,bien_conectado,548.0
0504510000000000040606,Apartadó,0.945,bien_conectado,374.0
0504510000000000080301,Apartadó,0.8275,bien_conectado,414.0
0583710000000000020209,Turbo,0.985,bien_conectado,149.0
0583710000000000040402,Turbo,0.945,bien_conectado,140.0
0504510000000000020611,Apartadó,0.7975,bien_conectado,1180.0
0504510000000000010405,Apartadó,0.7975,bien_conectado,928.0
0504510000000000080323,Apartadó,0.7975,bien_conectado,589.0
0504510000000000040610,Apartadó,0.945,bien_conectado,301.0
0583710000000000020602,Turbo,0.905,bien_conectado,314.0
0504510000000000040710,Apartadó,0.84,bien_conectado,669.0
0583710000000000040301,Turbo,0.865,bien_conectado,13.0
0504510000000000040503,Apartadó,0.8775,bien_conectado,736.0
0504510000000000080120,Apartadó,0.9175,bien_conectado,669.0
0504510000000000040301,Apartadó,0.9175,bien_conectado,748.0
0504510000000000080604,Apartadó,0.75,bien_conectado,430.0
0583710000000000020404,Turbo,0.865,bien_conectado,435.0
0514720010601400010102,Carepa,0.5875,conectividad_media,75.0
0583710000000000030443,Turbo,0.66,conectividad_media,665.0
0583710000000000020609,Turbo,0.9075,bien_conectado,139.0
0504510000000000060108,Apartadó,0.8775,bien_conectado,510.0
0504510000000000030226,Apartadó,0.7975,bien_conectado,1911.0
0583720090104100010208,Turbo,0.48,semi_aislado,1510.0
0583710000000000040747,Turbo,0.75,bien_conectado,61.0
0504510000000000070105,Apartadó,0.8775,bien_conectado,1035.0
0504510000000000080618,Apartadó,0.8275,bien_conectado,419.0
0504510000000000010122,Apartadó,0.7575,bien_conectado,590.0
0583710000000000030613,Turbo,0.66,conectividad_media,790.0
0583710000000000030203,Turbo,0.66,conectividad_media,809.0
0583710000000000020107,Turbo,0.9075,bien_conectado,329.0
0504510000000000100408,Apartadó,0.56,conectividad_media,306.0
0504510000000000040615,Apartadó,0.945,bien_conectado,477.0
0583710000000000010607,Turbo,0.8275,bien_conectado,331.0
0583710000000000030520,Turbo,0.7975,bien_conectado,518.0
0504510000000000060117,Apartadó,0.8775,bien_conectado,607.0
0504510000000000020621,Apartadó,0.835,bien_conectado,1111.0
0504510000000000050113,Apartadó,0.9175,bien_conectado,1060.0
0583710000000000040741,Turbo,0.8275,bien_conectado,154.0
0583710000000000040522,Turbo,0.79,bien_conectado,354.0
0504510000000000040102,Apartadó,0.88,bien_conectado,802.0
0583710000000000040217,Turbo,0.9075,bien_conectado,14.0
0504510000000000020548,Apartadó,0.875,bien_conectado,1289.0
0504510000000000060522,Apartadó,0.915,bien_conectado,767.0
0504510000000000020215,Apartadó,0.955,bien_conectado,1358.0
0583710000000000010206,Turbo,0.985,bien_conectado,53.0
0583710000000000020801,Turbo,0.53,semi_aislado,1530.0
0583710000000000020124,Turbo,0.7975,bien_conectado,526.0
0504510000000000070522,Apartadó,0.8775,bien_conectado,1032.0
0504510000000000090321,Apartadó,0.87,bien_conectado,481.0
0504510000000000040208,Apartadó,0.8775,bien_conectado,513.0
0583710000000000010412,Turbo,0.72,conectividad_media,871.0
0583720090104100010215,Turbo,0.53,semi_aislado,1307.0
0504510000000000100237,Apartadó,0.53,semi_aislado,512.0
0504510000000000040516,Apartadó,0.7575,bien_conectado,518.0
0583710000000000030527,Turbo,0.8275,bien_conectado,410.0
0583710000000000040137,Turbo,0.6,conectividad_media,369.0
0583710000000000050405,Turbo,0.67,conectividad_media,1272.0
0583710000000000020119,Turbo,0.72,conectividad_media,801.0
0504510000000000100224,Apartadó,0.6,conectividad_media,230.0
0583710000000000010136,Turbo,0.76,bien_conectado,524.0
0583710000000000040758,Turbo,0.8275,bien_conectado,17.0
0583710000000000010723,Turbo,0.76,bien_conectado,639.0
0504510000000000080211,Apartadó,0.7975,bien_conectado,552.0
0583710000000000040154,Turbo,0.8275,bien_conectado,102.0
0504510000000000060107,Apartadó,0.8775,bien_conectado,507.0
0504510000000000030606,Apartadó,0.8775,bien_conectado,1151.0
0504510000000000080611,Apartadó,0.7875,bien_conectado,408.0
0583720090104100010106,Turbo,0.48,semi_aislado,1736.0
0583710000000000030428,Turbo,0.8275,bien_conectado,422.0
0504510000000000080220,Apartadó,0.7575,bien_conectado,649.0
0583710000000000030508,Turbo,0.8275,bien_conectado,494.0
0504510000000000020601,Apartadó,0.835,bien_conectado,1215.0
0583710000000000010711,Turbo,0.76,bien_conectado,920.0
0504510000000000070735,Apartadó,0.72,conectividad_media,570.0
0504510000000000090203,Apartadó,0.76,bien_conectado,525.0
0583710000000000050218,Turbo,0.67,conectividad_media,1305.0
0583710000000000010130,Turbo,0.72,conectividad_media,735.0
0583710000000000010116,Turbo,0.8275,bien_conectado,480.0
0583710000000000010725,Turbo,0.76,bien_conectado,809.0
0504510000000000100112,Apartadó,0.7,conectividad_media,482.0
0504510000000000100606,Apartadó,0.7,conectividad_media,184.0
0504510000000000010305,Apartadó,0.76,bien_conectado,870.0
0583710000000000010706,Turbo,0.57,conectividad_media,1004.0
0504510000000000090103,Apartadó,0.76,bien_conectado,529.0
0504510000000000060417,Apartadó,0.915,bien_conectado,775.0
0504510000000000080106,Apartadó,0.7975,bien_conectado,632.0
0504510000000000010704,Apartadó,0.7,conectividad_media,169.0
0583710000000000030431,Turbo,0.8275,bien_conectado,306.0
0504510000000000060414,Apartadó,0.915,bien_conectado,724.0
0504510000000000010507,Apartadó,0.955,bien_conectado,1004.0
0504510000000000040204,Apartadó,0.9175,bien_conectado,647.0
0504510000000000080319,Apartadó,0.7975,bien_conectado,543.0
0583710000000000050122,Turbo,0.71,conectividad_media,1212.0
0583710000000000040755,Turbo,0.65,conectividad_media,174.0
0504510000000000070503,Apartadó,0.9175,bien_conectado,1112.0
0504510000000000100505,Apartadó,0.56,conectividad_media,132.0
0504510000000000100616,Apartadó,0.7,conectividad_media,145.0
0514720011200300010105,Carepa,0.3675,semi_aislado,132.0
0514720011200300010118,Carepa,0.3675,semi_aislado,7.0
0514720011200300010119,Carepa,0.3675,semi_aislado,98.0
0514720011200300010121,Carepa,0.3675,semi_aislado,105.0
0514720010400400010116,Carepa,0.3675,semi_aislado,661.0
0514720010400500010102,Carepa,0.3675,semi_aislado,1008.0
0514720010400500010112,Carepa,0.3675,semi_aislado,1067.0
0514720010400500010119,Carepa,0.3675,semi_aislado,1176.0
0514720010800600010105,Carepa,0.6175,conectividad_media,2851.0
0514720010501100010109,Carepa,0.5475,semi_aislado,905.0
0514720010801200010103,Carepa,0.6175,conectividad_media,2750.0
0514720010801200010104,Carepa,0.6175,conectividad_media,2682.0
0565920010400800010107,San Juan de Urabá,0.1975,aislado_critico,71708.0
0505120040101900010104,Arboletes,0.0875,aislado_critico,55824.0
0514720010401500010105,Carepa,0.4975,semi_aislado,1179.0
0583710000000000030231,Turbo,0.62,conectividad_media,776.0
0504510000000000010604,Apartadó,0.79,bien_conectado,350.0
0504510000000000100208,Apartadó,0.56,conectividad_media,452.0
0583710000000000030609,Turbo,0.66,conectividad_media,753.0
0504510000000000100317,Apartadó,0.7,conectividad_media,234.0
0504510000000000010603,Apartadó,0.79,bien_conectado,365.0
0583710000000000040116,Turbo,0.865,bien_conectado,35.0
0583710000000000040305,Turbo,0.865,bien_conectado,72.0
0504510000000000060405,Apartadó,0.7975,bien_conectado,631.0
0583710000000000020324,Turbo,0.7975,bien_conectado,619.0
0504510000000000050407,Apartadó,0.84,bien_conectado,723.0
0583720090104100010115,Turbo,0.3875,semi_aislado,2256.0
0583710000000000010517,Turbo,0.865,bien_conectado,299.0
0583710000000000030709,Turbo,0.66,conectividad_media,737.0
0583710000000000030505,Turbo,0.8275,bien_conectado,390.0
0504510000000000020625,Apartadó,0.7975,bien_conectado,1105.0
0504520030201800010116,Apartadó,0.64,conectividad_media,226.0
0583710000000000040619,Turbo,0.64,conectividad_media,293.0
0504510000000000020413,Apartadó,0.915,bien_conectado,1712.0
0583710000000000030718,Turbo,0.6,conectividad_media,475.0
0583710000000000030626,Turbo,0.62,conectividad_media,673.0
0504510000000000020305,Apartadó,0.955,bien_conectado,1441.0
0583710000000000010622,Turbo,0.8275,bien_conectado,303.0
0504510000000000030303,Apartadó,0.915,bien_conectado,1274.0
0504510000000000100116,Apartadó,0.67,conectividad_media,506.0
0504510000000000020619,Apartadó,0.835,bien_conectado,1190.0
0504510000000000060819,Apartadó,0.915,bien_conectado,766.0
0583710000000000030424,Turbo,0.8275,bien_conectado,248.0
0504510000000000090316,Apartadó,0.79,bien_conectado,400.0
0583710000000000040751,Turbo,0.65,conectividad_media,325.0
0504510000000000010106,Apartadó,0.7875,bien_conectado,441.0
0504510000000000030418,Apartadó,0.8775,bien_conectado,910.0
0583710000000000010318,Turbo,0.945,bien_conectado,55.0
0504510000000000030404,Apartadó,0.915,bien_conectado,1021.0
0583710000000000030511,Turbo,0.8275,bien_conectado,424.0
0583710000000000030808,Turbo,0.6,conectividad_media,364.0
0583710000000000020305,Turbo,0.945,bien_conectado,386.0
0504510000000000070315,Apartadó,0.8775,bien_conectado,1054.0
0504510000000000090402,Apartadó,0.9075,bien_conectado,463.0
0504510000000000070428,Apartadó,0.915,bien_conectado,809.0
0583710000000000020903,Turbo,0.7975,bien_conectado,684.0
0504510000000000070423,Apartadó,0.8775,bien_conectado,1004.0
0583710000000000020122,Turbo,0.72,conectividad_media,697.0
0504510000000000060820,Apartadó,0.835,bien_conectado,654.0
0504510000000000040407,Apartadó,0.915,bien_conectado,604.0
0504510000000000070122,Apartadó,0.955,bien_conectado,1261.0
0504510000000000080634,Apartadó,0.8275,bien_conectado,342.0
0504510000000000060812,Apartadó,0.915,bien_conectado,697.0
0504510000000000100314,Apartadó,0.79,bien_conectado,371.0
0583710000000000010431,Turbo,0.72,conectividad_media,996.0
0504510000000000070434,Apartadó,0.8375,bien_conectado,925.0
0504510000000000030609,Apartadó,0.8775,bien_conectado,1354.0
0504510000000000090204,Apartadó,0.76,bien_conectado,532.0
0504510000000000020410,Apartadó,0.955,bien_conectado,1546.0
0504510000000000100231,Apartadó,0.56,conectividad_media,495.0
0504510000000000030603,Apartadó,0.8375,bien_conectado,1176.0
0504510000000000030205,Apartadó,0.84,bien_conectado,1732.0
0504510000000000070101,Apartadó,0.915,bien_conectado,1043.0
0504510000000000090413,Apartadó,0.9075,bien_conectado,331.0
0583710000000000050113,Turbo,0.76,bien_conectado,753.0
0504510000000000100114,Apartadó,0.67,conectividad_media,541.0
0583710000000000040124,Turbo,0.8275,bien_conectado,287.0
0583710000000000020201,Turbo,0.9075,bien_conectado,241.0
0583710000000000040736,Turbo,0.79,bien_conectado,50.0
0583710000000000020106,Turbo,0.945,bien_conectado,275.0
0583710000000000050502,Turbo,0.67,conectividad_media,1361.0
0504510000000000100130,Apartadó,0.67,conectividad_media,542.0
0504510000000000030701,Apartadó,0.9175,bien_conectado,1506.0
0504510000000000060110,Apartadó,0.7975,bien_conectado,502.0
0583710000000000050403,Turbo,0.67,conectividad_media,1238.0
0504510000000000030323,Apartadó,0.8775,bien_conectado,1359.0
0583720090104100010201,Turbo,0.48,semi_aislado,1559.0
0583710000000000030802,Turbo,0.6,conectividad_media,356.0
0504510000000000050517,Apartadó,0.84,bien_conectado,693.0
0504510000000000090505,Apartadó,0.76,bien_conectado,604.0
0504510000000000070131,Apartadó,0.915,bien_conectado,1161.0
0583710000000000030417,Turbo,0.8275,bien_conectado,463.0
0504510000000000090404,Apartadó,0.87,bien_conectado,402.0
0583720090104100010121,Turbo,0.48,semi_aislado,1776.0
0583710000000000010316,Turbo,0.865,bien_conectado,153.0
0504510000000000060425,Apartadó,0.915,bien_conectado,776.0
0583710000000000040757,Turbo,0.79,bien_conectado,106.0
0504510000000000010504,Apartadó,0.7975,bien_conectado,1077.0
0504510000000000070119,Apartadó,0.915,bien_conectado,1182.0
0504510000000000010133,Apartadó,0.7875,bien_conectado,302.0
0504510000000000010303,Apartadó,0.76,bien_conectado,808.0
0504510000000000010508,Apartadó,0.955,bien_conectado,983.0
0504510000000000080321,Apartadó,0.7975,bien_conectado,580.0
0583710000000000010442,Turbo,0.72,conectividad_media,970.0
0504510000000000040604,Apartadó,0.985,bien_conectado,400.0
0504510000000000100230,Apartadó,0.53,semi_aislado,503.0
0583710000000000030717,Turbo,0.62,conectividad_media,504.0
0504510000000000040609,Apartadó,0.945,bien_conectado,320.0
0504510000000000020623,Apartadó,0.7975,bien_conectado,1109.0
0504510000000000030530,Apartadó,0.8775,bien_conectado,1547.0
0504510000000000010124,Apartadó,0.72,conectividad_media,611.0
0504510000000000020552,Apartadó,0.8775,bien_conectado,1555.0
0504510000000000040306,Apartadó,0.9075,bien_conectado,478.0
0504510000000000080118,Apartadó,0.88,bien_conectado,637.0
0583710000000000010503,Turbo,0.8275,bien_conectado,270.0
0504510000000000030114,Apartadó,0.88,bien_conectado,1633.0
0504510000000000060814,Apartadó,0.835,bien_conectado,736.0
0504510000000000080212,Apartadó,0.7975,bien_conectado,544.0
0583710000000000030801,Turbo,0.6,conectividad_media,274.0
0504510000000000030212,Apartadó,0.7975,bien_conectado,1794.0
0504510000000000040205,Apartadó,0.9175,bien_conectado,565.0
0504510000000000010714,Apartadó,0.7,conectividad_media,405.0
0504510000000000020112,Apartadó,0.955,bien_conectado,1338.0
0504510000000000090319,Apartadó,0.79,bien_conectado,420.0
0504510000000000080219,Apartadó,0.7575,bien_conectado,614.0
0583710000000000030736,Turbo,0.6,conectividad_media,310.0
0583710000000000010712,Turbo,0.76,bien_conectado,755.0
0504510000000000010316,Apartadó,0.9175,bien_conectado,848.0
0504510000000000070631,Apartadó,0.915,bien_conectado,1234.0
0504510000000000070710,Apartadó,0.8375,bien_conectado,717.0
0504510000000000090207,Apartadó,0.76,bien_conectado,633.0
0504510000000000020542,Apartadó,0.915,bien_conectado,1405.0
0504510000000000060616,Apartadó,0.8775,bien_conectado,757.0
0504510000000000020534,Apartadó,0.915,bien_conectado,1387.0
0504510000000000090309,Apartadó,0.79,bien_conectado,473.0
0504510000000000020511,Apartadó,0.8775,bien_conectado,1538.0
0583710000000000010117,Turbo,0.76,bien_conectado,544.0
0504510000000000040725,Apartadó,0.84,bien_conectado,747.0
0504510000000000030105,Apartadó,0.8775,bien_conectado,1563.0
0504510000000000090323,Apartadó,0.79,bien_conectado,448.0
0583710000000000010221,Turbo,0.8275,bien_conectado,356.0
0583710000000000040528,Turbo,0.8275,bien_conectado,156.0
0583710000000000040721,Turbo,0.8275,bien_conectado,50.0
0504510000000000050323,Apartadó,0.8775,bien_conectado,913.0
0504510000000000050317,Apartadó,0.8775,bien_conectado,915.0
0504510000000000080514,Apartadó,0.865,bien_conectado,430.0
0583710000000000010435,Turbo,0.72,conectividad_media,842.0
0583710000000000020131,Turbo,0.72,conectividad_media,850.0
0504510000000000080409,Apartadó,0.835,bien_conectado,519.0
0583710000000000030326,Turbo,0.66,conectividad_media,605.0
0504510000000000040320,Apartadó,0.915,bien_conectado,569.0
0504510000000000100129,Apartadó,0.67,conectividad_media,548.0
0504510000000000030207,Apartadó,0.8775,bien_conectado,1668.0
0583710000000000050120,Turbo,0.61,conectividad_media,1163.0
0583710000000000020816,Turbo,0.53,semi_aislado,1084.0
0504510000000000030602,Apartadó,0.8775,bien_conectado,1126.0
0504510000000000060811,Apartadó,0.915,bien_conectado,659.0
0504510000000000030612,Apartadó,0.8775,bien_conectado,1174.0
0504510000000000030322,Apartadó,0.9175,bien_conectado,1456.0
0504510000000000080121,Apartadó,0.9175,bien_conectado,702.0
0583710000000000040717,Turbo,0.8275,bien_conectado,78.0
0583710000000000010519,Turbo,0.8275,bien_conectado,396.0
0583710000000000030611,Turbo,0.66,conectividad_media,705.0
0504510000000000010524,Apartadó,0.915,bien_conectado,1136.0
0504520030201800010117,Apartadó,0.64,conectividad_media,303.0
0583720090104100010103,Turbo,0.4175,semi_aislado,1929.0
0504510000000000020558,Apartadó,0.68,conectividad_media,1538.0
0504510000000000020530,Apartadó,0.915,bien_conectado,1464.0
0504510000000000040621,Apartadó,0.945,bien_conectado,317.0
0504510000000000060619,Apartadó,0.8775,bien_conectado,831.0
0583710000000000040750,Turbo,0.65,conectividad_media,295.0
0583710000000000030526,Turbo,0.8275,bien_conectado,439.0
0504510000000000070438,Apartadó,0.915,bien_conectado,815.0
0504510000000000030710,Apartadó,0.72,conectividad_media,1148.0
0504510000000000020603,Apartadó,0.835,bien_conectado,1199.0
0514720010400400010103,Carepa,0.3675,semi_aislado,541.0
0504510000000000080215,Apartadó,0.7975,bien_conectado,682.0
0583710000000000030434,Turbo,0.8275,bien_conectado,434.0
0504510000000000050412,Apartadó,0.84,bien_conectado,772.0
0504510000000000070718,Apartadó,0.84,bien_conectado,721.0
0504510000000000020402,Apartadó,0.955,bien_conectado,1622.0
0504510000000000010525,Apartadó,0.8775,bien_conectado,1082.0
0583710000000000030105,Turbo,0.8275,bien_conectado,68.0
0504510000000000040405,Apartadó,0.915,bien_conectado,517.0
0583710000000000020320,Turbo,0.8275,bien_conectado,401.0
0504510000000000100341,Apartadó,0.79,bien_conectado,390.0
0504510000000000090104,Apartadó,0.76,bien_conectado,522.0
0583710000000000040748,Turbo,0.65,conectividad_media,129.0
0583710000000000020608,Turbo,0.905,bien_conectado,206.0
0583710000000000040713,Turbo,0.8275,bien_conectado,45.0
0504510000000000030617,Apartadó,0.8775,bien_conectado,1259.0
0583720090104100010302,Turbo,0.53,semi_aislado,1158.0
0583710000000000040406,Turbo,0.9475,bien_conectado,53.0
0583710000000000020905,Turbo,0.72,conectividad_media,840.0
0504520030201800010105,Apartadó,0.61,conectividad_media,518.0
0504510000000000080310,Apartadó,0.8275,bien_conectado,402.0
0583710000000000030413,Turbo,0.8275,bien_conectado,311.0
0504510000000000100617,Apartadó,0.7,conectividad_media,76.0
0504510000000000060202,Apartadó,0.835,bien_conectado,504.0
0583720090104100010207,Turbo,0.48,semi_aislado,1530.0
0583710000000000040211,Turbo,0.945,bien_conectado,88.0
0504510000000000040741,Apartadó,0.84,bien_conectado,603.0
0504510000000000020202,Apartadó,0.915,bien_conectado,1224.0
0504510000000000100117,Apartadó,0.67,conectividad_media,506.0
0583710000000000020204,Turbo,0.985,bien_conectado,135.0
0583710000000000030202,Turbo,0.66,conectividad_media,755.0
0504510000000000050303,Apartadó,0.9175,bien_conectado,839.0
0504510000000000100301,Apartadó,0.79,bien_conectado,382.0
0514720010400400010123,Carepa,0.3675,semi_aislado,695.0
0514720010800600010109,Carepa,0.6575,conectividad_media,2793.0
0514720010601400010108,Carepa,0.5875,conectividad_media,200.0
0504520020301700010107,Apartadó,0.6175,conectividad_media,3053.0
0504520020301700010109,Apartadó,0.6175,conectividad_media,2990.0
0565920010400800010109,San Juan de Urabá,0.1975,aislado_critico,71582.0
0583710000000000050514,Turbo,0.67,conectividad_media,1277.0
0504510000000000060501,Apartadó,0.7975,bien_conectado,643.0
0504510000000000020557,Apartadó,0.72,conectividad_media,1414.0
0583710000000000030820,Turbo,0.6,conectividad_media,325.0
0583710000000000030517,Turbo,0.7975,bien_conectado,517.0
0583710000000000010144,Turbo,0.72,conectividad_media,861.0
0504510000000000100201,Apartadó,0.67,conectividad_media,540.0
0504510000000000070123,Apartadó,0.955,bien_conectado,1279.0
0504510000000000070518,Apartadó,0.8775,bien_conectado,1037.0
0504510000000000040214,Apartadó,0.9175,bien_conectado,616.0
0504510000000000100109,Apartadó,0.7,conectividad_media,465.0
0583710000000000040745,Turbo,0.865,bien_conectado,132.0
0504510000000000040210,Apartadó,0.9475,bien_conectado,493.0
0583710000000000030314,Turbo,0.865,bien_conectado,260.0
0583710000000000030328,Turbo,0.66,conectividad_media,733.0
0504510000000000030704,Apartadó,0.9175,bien_conectado,1587.0
0504520010201000010101,Apartadó,0.5975,conectividad_media,1186.0
0504510000000000030403,Apartadó,0.875,bien_conectado,1075.0
0583710000000000040212,Turbo,0.945,bien_conectado,68.0
0504510000000000060633,Apartadó,0.7575,bien_conectado,589.0
0504510000000000100315,Apartadó,0.75,bien_conectado,222.0
0504510000000000010107,Apartadó,0.7875,bien_conectado,446.0
0583710000000000020407,Turbo,0.945,bien_conectado,358.0
0504520010201000010106,Apartadó,0.66,conectividad_media,1010.0
0583710000000000030523,Turbo,0.8275,bien_conectado,470.0
0583710000000000020314,Turbo,0.865,bien_conectado,427.0
0504510000000000010613,Apartadó,0.79,bien_conectado,433.0
0504510000000000030310,Apartadó,0.915,bien_conectado,1264.0
0504510000000000040315,Apartadó,0.915,bien_conectado,606.0
0504510000000000050503,Apartadó,0.84,bien_conectado,738.0
0583710000000000050515,Turbo,0.67,conectividad_media,1310.0
0583720090104100010304,Turbo,0.53,semi_aislado,1151.0
0583710000000000030612,Turbo,0.66,conectividad_media,786.0
0504510000000000040202,Apartadó,0.9175,bien_conectado,722.0
0583710000000000050504,Turbo,0.67,conectividad_media,1425.0
0583710000000000040759,Turbo,0.8275,bien_conectado,133.0
0504510000000000100238,Apartadó,0.53,semi_aislado,540.0
0504510000000000090121,Apartadó,0.84,bien_conectado,716.0
0504510000000000080217,Apartadó,0.7975,bien_conectado,584.0
0504510000000000030619,Apartadó,0.8775,bien_conectado,1298.0
0504510000000000050217,Apartadó,0.8775,bien_conectado,1003.0
0504510000000000020507,Apartadó,0.915,bien_conectado,1344.0
0504510000000000080512,Apartadó,0.865,bien_conectado,499.0
0504520010201000010109,Apartadó,0.5175,semi_aislado,1122.0
0583710000000000020202,Turbo,0.945,bien_conectado,184.0
0504510000000000010611,Apartadó,0.79,bien_conectado,415.0
0583710000000000040729,Turbo,0.69,conectividad_media,426.0
0504510000000000030502,Apartadó,0.955,bien_conectado,1409.0
0504510000000000010422,Apartadó,0.7975,bien_conectado,844.0
0583710000000000030433,Turbo,0.8275,bien_conectado,440.0
0505120010602000010101,Arboletes,0.0875,aislado_critico,78236.0
0505120010602000010102,Arboletes,0.0875,aislado_critico,78229.0
0505120010602000010103,Arboletes,0.0875,aislado_critico,78260.0
0505120010602000010105,Arboletes,0.0875,aislado_critico,78135.0
0505120010602000010104,Arboletes,0.0875,aislado_critico,78154.0
