cod_manzana,municipio,area_m2,impermeabilizacion,categoria_urbana,densidad_construida
0504520020500200010110,Apartadó,1421,0.95,urbano_denso,0.6517
0504520010301100010115,Apartadó,935,0.95,urbano_denso,0.6937
0504520010301100010227,Apartadó,1808,0.95,urbano_denso,0.6275
0504520010101400010108,Apartadó,4473,0.8,urbano_denso,0.5367
0505110000000000010139,Arboletes,1774,0.95,urbano_denso,0.6295
0505110000000000010531,Arboletes,6471,0.6,urbano_medio,0.4997
0505110000000000010538,Arboletes,11465,0.6,urbano_medio,0.4423
0514710000000000020412,Carepa,1596,0.95,urbano_denso,0.64
0549020120301300010103,Necoclí,4078,0.8,urbano_denso,0.546
0565910000000000010103,San Juan de Urabá,8161,0.6,urbano_medio,0.4764
0565920010100100010125,San Juan de Urabá,1637,0.95,urbano_denso,0.6375
0566510000000000010158,San Pedro de Urabá,33302,0.35,urbano_medio,0.3354
0566510000000000010201,San Pedro de Urabá,20108,0.35,urbano_medio,0.386
0566510000000000010824,San Pedro de Urabá,3144,0.8,urbano_denso,0.5721
0566510000000000010866,San Pedro de Urabá,23492,0.35,urbano_medio,0.3704
0566510000000000010907,San Pedro de Urabá,12619,0.6,urbano_medio,0.4327
0583720090700100010417,Turbo,2751,0.8,urbano_denso,0.5855
0583720090600300010344,Turbo,8771,0.6,urbano_medio,0.4692
0583720080301000010109,Turbo,7830,0.6,urbano_medio,0.4806
0583720020101300010122,Turbo,21110,0.35,urbano_medio,0.3811
0583720050202800010107,Turbo,12427,0.6,urbano_medio,0.4342
0583720030802900010113,Turbo,6240,0.6,urbano_medio,0.5033
0583720090603100010108,Turbo,4522,0.8,urbano_denso,0.5356
0583720090103900010112,Turbo,2418,0.8,urbano_denso,0.5984
0583720100700200020108,Turbo,2328,0.8,urbano_denso,0.6022
0583720100700200020205,Turbo,443,0.95,urbano_denso,0.7685
0504520020500200010121,Apartadó,815,0.95,urbano_denso,0.7074
0504520020300900010117,Apartadó,1996,0.95,urbano_denso,0.6176
0505110000000000011003,Arboletes,3103,0.8,urbano_denso,0.5734
0505110000000000011114,Arboletes,1791,0.95,urbano_denso,0.6285
0505120030200900010106,Arboletes,9970,0.6,urbano_medio,0.4563
0505120040101000010106,Arboletes,2895,0.8,urbano_denso,0.5803
0505120030101100010132,Arboletes,3060,0.8,urbano_denso,0.5748
0514710000000000010221,Carepa,424,0.95,urbano_denso,0.7728
0549010000000000010436,Necoclí,4042,0.8,urbano_denso,0.5469
0549020120100700010110,Necoclí,5267,0.6,urbano_medio,0.5203
0566510000000000010867,San Pedro de Urabá,3066,0.8,urbano_denso,0.5746
0583720100700200010503,Turbo,2131,0.8,urbano_denso,0.6111
0583720100400800010114,Turbo,3035,0.8,urbano_denso,0.5756
0583720090603100010111,Turbo,498,0.95,urbano_denso,0.7567
0583720050603700010101,Turbo,4984,0.8,urbano_denso,0.5259
0514710000000000010410,Carepa,4088,0.8,urbano_denso,0.5457
0549020050300500010101,Necoclí,6011,0.6,urbano_medio,0.5071
0565910000000000010312,San Juan de Urabá,2789,0.8,urbano_denso,0.5841
0566510000000000010738,San Pedro de Urabá,17152,0.35,urbano_medio,0.4019
0514710000000000010323,Carepa,9603,0.6,urbano_medio,0.4601
0514710000000000010516,Carepa,3107,0.8,urbano_denso,0.5733
0514710000000000020214,Carepa,1844,0.95,urbano_denso,0.6256
0514710000000000020426,Carepa,5231,0.6,urbano_medio,0.521
0514710000000000020430,Carepa,579,0.95,urbano_denso,0.7416
0514710000000000020507,Carepa,2816,0.8,urbano_denso,0.5831
0514720011001000010101,Carepa,1192,0.95,urbano_denso,0.6693
0514720011001000010110,Carepa,1939,0.95,urbano_denso,0.6205
0517210000000000010217,Chigorodó,2988,0.8,urbano_denso,0.5772
0517210000000000010514,Chigorodó,2829,0.8,urbano_denso,0.5827
0517210000000000010526,Chigorodó,5363,0.6,urbano_medio,0.5185
0517210000000000020312,Chigorodó,4770,0.8,urbano_denso,0.5303
0517210000000000030207,Chigorodó,5941,0.6,urbano_medio,0.5083
0517210000000000050108,Chigorodó,4805,0.8,urbano_denso,0.5295
0517210000000000050519,Chigorodó,5209,0.6,urbano_medio,0.5214
0517210000000000050704,Chigorodó,2518,0.8,urbano_denso,0.5944
0517210000000000060407,Chigorodó,3558,0.8,urbano_denso,0.5597
0517210000000000060710,Chigorodó,2443,0.8,urbano_denso,0.5974
0517210000000000060739,Chigorodó,15473,0.35,urbano_medio,0.4122
0517210000000000060904,Chigorodó,2687,0.8,urbano_denso,0.5878
0549020030200400010122,Necoclí,6436,0.6,urbano_medio,0.5002
0565910000000000010104,San Juan de Urabá,7664,0.6,urbano_medio,0.4827
0566510000000000011008,San Pedro de Urabá,3484,0.8,urbano_denso,0.5618
0583720110201800010317,Turbo,2123,0.8,urbano_denso,0.6115
0583720110201800010331,Turbo,3466,0.8,urbano_denso,0.5623
0504520020300900010209,Apartadó,3363,0.8,urbano_denso,0.5653
0504520020300900010212,Apartadó,1695,0.95,urbano_denso,0.634
0504520010301100010216,Apartadó,5351,0.6,urbano_medio,0.5187
0505110000000000010119,Arboletes,6111,0.6,urbano_medio,0.5054
0505110000000000010215,Arboletes,3696,0.8,urbano_denso,0.5559
0505120020500300010102,Arboletes,10675,0.6,urbano_medio,0.4495
0514710000000000020510,Carepa,2289,0.8,urbano_denso,0.6039
0549010000000000010102,Necoclí,11947,0.6,urbano_medio,0.4382
0549010000000000010224,Necoclí,5651,0.6,urbano_medio,0.5133
0549020050300500010208,Necoclí,3173,0.8,urbano_denso,0.5712
0549020050300500010218,Necoclí,685,0.95,urbano_denso,0.7249
0549020120600600010110,Necoclí,3562,0.8,urbano_denso,0.5596
0565910000000000010206,San Juan de Urabá,9365,0.6,urbano_medio,0.4626
0565910000000000010216,San Juan de Urabá,6755,0.6,urbano_medio,0.4954
0565910000000000010509,San Juan de Urabá,2543,0.8,urbano_denso,0.5934
0565920020300400010103,San Juan de Urabá,24595,0.35,urbano_medio,0.3658
0565920010200600010104,San Juan de Urabá,8359,0.6,urbano_medio,0.474
0566510000000000010662,San Pedro de Urabá,5420,0.6,urbano_medio,0.5175
0566510000000000010725,San Pedro de Urabá,4078,0.8,urbano_denso,0.546
0566510000000000010840,San Pedro de Urabá,3154,0.8,urbano_denso,0.5717
0583720090700100010115,Turbo,3524,0.8,urbano_denso,0.5606
0583720090700100010139,Turbo,2187,0.8,urbano_denso,0.6085
0583720090700100010141,Turbo,1870,0.95,urbano_denso,0.6242
0583720090700100020231,Turbo,3451,0.8,urbano_denso,0.5627
0583720100700200020512,Turbo,1886,0.95,urbano_denso,0.6233
0583720090600300010105,Turbo,6787,0.6,urbano_medio,0.4949
0583720090600300010312,Turbo,2471,0.8,urbano_denso,0.5962
0504520030101500010112,Apartadó,1707,0.95,urbano_denso,0.6333
0504520020300900010226,Apartadó,1288,0.95,urbano_denso,0.6615
0505110000000000011016,Arboletes,1735,0.95,urbano_denso,0.6317
0505120030101100010135,Arboletes,2616,0.8,urbano_denso,0.5905
0505120030101100010136,Arboletes,1705,0.95,urbano_denso,0.6334
0514710000000000020105,Carepa,1795,0.95,urbano_denso,0.6283
0549010000000000010811,Necoclí,1766,0.95,urbano_denso,0.6299
0565920010300300010127,San Juan de Urabá,1184,0.95,urbano_denso,0.67
0566510000000000030103,San Pedro de Urabá,5372,0.6,urbano_medio,0.5183
0566520040200800010101,San Pedro de Urabá,851,0.95,urbano_denso,0.703
0583720100400800010111,Turbo,1485,0.95,urbano_denso,0.6473
0514710000000000010132,Carepa,3703,0.8,urbano_denso,0.5557
0514710000000000010621,Carepa,5863,0.6,urbano_medio,0.5096
0514710000000000010726,Carepa,2002,0.8,urbano_denso,0.6173
0514710000000000020909,Carepa,1493,0.95,urbano_denso,0.6467
0514710000000000030101,Carepa,2149,0.8,urbano_denso,0.6102
0514710000000000030639,Carepa,1351,0.95,urbano_denso,0.6567
0517210000000000010121,Chigorodó,2698,0.8,urbano_denso,0.5874
0517210000000000010213,Chigorodó,863,0.95,urbano_denso,0.7017
0517210000000000010601,Chigorodó,4963,0.8,urbano_denso,0.5263
0517210000000000020407,Chigorodó,2838,0.8,urbano_denso,0.5824
0517210000000000020436,Chigorodó,3227,0.8,urbano_denso,0.5695
0517210000000000030114,Chigorodó,4729,0.8,urbano_denso,0.5311
0517210000000000040106,Chigorodó,49505,0.35,urbano_medio,0.2956
0517210000000000050415,Chigorodó,2002,0.8,urbano_denso,0.6173
0517210000000000050505,Chigorodó,2468,0.8,urbano_denso,0.5964
0517210000000000050607,Chigorodó,5110,0.6,urbano_medio,0.5234
0517210000000000060211,Chigorodó,3587,0.8,urbano_denso,0.5589
0517210000000000060512,Chigorodó,883,0.95,urbano_denso,0.6994
0517210000000000060711,Chigorodó,2411,0.8,urbano_denso,0.5987
0517210000000000060719,Chigorodó,4007,0.8,urbano_denso,0.5478
0517210000000000060722,Chigorodó,2036,0.8,urbano_denso,0.6157
0549020030200400010109,Necoclí,2876,0.8,urbano_denso,0.581
0565910000000000010139,San Juan de Urabá,1732,0.95,urbano_denso,0.6318
0583720110201800010104,Turbo,5062,0.6,urbano_medio,0.5243
0583720110201800010203,Turbo,1970,0.95,urbano_denso,0.619
0583720110201800010307,Turbo,9433,0.6,urbano_medio,0.4619
0505110000000000010328,Arboletes,2268,0.8,urbano_denso,0.6048
0505110000000000010517,Arboletes,1996,0.95,urbano_denso,0.6176
0505110000000000011117,Arboletes,1791,0.95,urbano_denso,0.6285
0514710000000000020612,Carepa,1815,0.95,urbano_denso,0.6272
0549010000000000010204,Necoclí,27984,0.35,urbano_medio,0.3528
0565920010300300010106,San Juan de Urabá,1779,0.95,urbano_denso,0.6292
0566510000000000030102,San Pedro de Urabá,25047,0.35,urbano_medio,0.3639
0583720090700100020303,Turbo,3692,0.8,urbano_denso,0.556
0583720090600300010106,Turbo,1608,0.95,urbano_denso,0.6393
0505120020500300010103,Arboletes,10702,0.6,urbano_medio,0.4492
0504520020300900010205,Apartadó,3935,0.8,urbano_denso,0.5496
0504520020300900010315,Apartadó,2720,0.8,urbano_denso,0.5866
0505110000000000010814,Arboletes,2198,0.8,urbano_denso,0.6079
0505110000000000011002,Arboletes,17355,0.35,urbano_medio,0.4007
0505110000000000011014,Arboletes,2270,0.8,urbano_denso,0.6047
0549010000000000010409,Necoclí,6106,0.6,urbano_medio,0.5055
0549010000000000010717,Necoclí,2795,0.8,urbano_denso,0.5839
0549020120300300010112,Necoclí,27355,0.35,urbano_medio,0.3551
0549020120100700010117,Necoclí,1054,0.95,urbano_denso,0.6816
0549020090200800010113,Necoclí,9030,0.6,urbano_medio,0.4663
0549020040400900010120,Necoclí,10580,0.6,urbano_medio,0.4504
0549020120301400010109,Necoclí,6455,0.6,urbano_medio,0.4999
0565920010100100010110,San Juan de Urabá,1762,0.95,urbano_denso,0.6301
0565920010300300010122,San Juan de Urabá,920,0.95,urbano_denso,0.6953
0565920010300300010129,San Juan de Urabá,1681,0.95,urbano_denso,0.6348
0566510000000000010659,San Pedro de Urabá,1074,0.95,urbano_denso,0.6797
0566510000000000010723,San Pedro de Urabá,2935,0.8,urbano_denso,0.579
0566510000000000010859,San Pedro de Urabá,3863,0.8,urbano_denso,0.5514
0583720090700100010102,Turbo,2299,0.8,urbano_denso,0.6035
0583720090700100020115,Turbo,9657,0.6,urbano_medio,0.4595
0583720100700200020420,Turbo,1553,0.95,urbano_denso,0.6428
0583720080301000010116,Turbo,5447,0.6,urbano_medio,0.517
0583720090302300010103,Turbo,4324,0.8,urbano_denso,0.5401
0583720090603100010110,Turbo,458,0.95,urbano_denso,0.7651
0514710000000000010525,Carepa,13294,0.6,urbano_medio,0.4275
0514710000000000010613,Carepa,1971,0.95,urbano_denso,0.6189
0514710000000000020238,Carepa,2293,0.8,urbano_denso,0.6037
0514710000000000020302,Carepa,1170,0.95,urbano_denso,0.6712
0514710000000000030203,Carepa,1094,0.95,urbano_denso,0.6779
0514710000000000030526,Carepa,1365,0.95,urbano_denso,0.6557
0514710000000000030546,Carepa,1640,0.95,urbano_denso,0.6373
0514710000000000030547,Carepa,1467,0.95,urbano_denso,0.6485
0514720011001000010107,Carepa,1348,0.95,urbano_denso,0.657
0517210000000000010322,Chigorodó,1637,0.95,urbano_denso,0.6375
0517210000000000020106,Chigorodó,4336,0.8,urbano_denso,0.5398
0517210000000000030214,Chigorodó,4116,0.8,urbano_denso,0.5451
0517210000000000050327,Chigorodó,10271,0.6,urbano_medio,0.4533
0517210000000000050428,Chigorodó,2959,0.8,urbano_denso,0.5782
0517210000000000060121,Chigorodó,2580,0.8,urbano_denso,0.5919
0517210000000000060607,Chigorodó,10015,0.6,urbano_medio,0.4559
0517210000000000060720,Chigorodó,1360,0.95,urbano_denso,0.6561
0517210000000000061014,Chigorodó,1171,0.95,urbano_denso,0.6711
0549020090501500010103,Necoclí,7431,0.6,urbano_medio,0.4858
0565910000000000010217,San Juan de Urabá,5944,0.6,urbano_medio,0.5082
0565910000000000010407,San Juan de Urabá,17536,0.35,urbano_medio,0.3997
0566510000000000020109,San Pedro de Urabá,1238,0.95,urbano_denso,0.6655
0504520020500200010113,Apartadó,1444,0.95,urbano_denso,0.6501
0504520020500200010309,Apartadó,4004,0.8,urbano_denso,0.5478
0504520020300900010119,Apartadó,20578,0.35,urbano_medio,0.3836
0505110000000000010918,Arboletes,1367,0.95,urbano_denso,0.6556
0505110000000000011103,Arboletes,1830,0.95,urbano_denso,0.6263
0505110000000000011111,Arboletes,1812,0.95,urbano_denso,0.6273
0505120040101000010101,Arboletes,7096,0.6,urbano_medio,0.4904
0505120040101000010122,Arboletes,17261,0.35,urbano_medio,0.4013
0505120030101100010125,Arboletes,7480,0.6,urbano_medio,0.4852
0549010000000000010210,Necoclí,2767,0.8,urbano_denso,0.5849
0549010000000000010804,Necoclí,1860,0.95,urbano_denso,0.6247
0549020030300200010110,Necoclí,6921,0.6,urbano_medio,0.4929
0549020120600600010114,Necoclí,54438,0.15,periurbano,0.2861
0566510000000000010355,San Pedro de Urabá,6520,0.6,urbano_medio,0.4989
0566510000000000020113,San Pedro de Urabá,2637,0.8,urbano_denso,0.5897
0583720090700100010612,Turbo,5109,0.6,urbano_medio,0.5234
0583720090700100020421,Turbo,6752,0.6,urbano_medio,0.4954
0583720100700200010306,Turbo,3671,0.8,urbano_denso,0.5565
0583720100700200010403,Turbo,2140,0.8,urbano_denso,0.6107
0583720100400800010108,Turbo,2290,0.8,urbano_denso,0.6039
0583720100400800010206,Turbo,733,0.95,urbano_denso,0.7181
0583720090302500010101,Turbo,141649,0.15,periurbano,0.1901
0504520050300100010102,Apartadó,2415,0.8,urbano_denso,0.5985
0504520020500200010123,Apartadó,803,0.95,urbano_denso,0.7089
0505110000000000010412,Arboletes,5076,0.6,urbano_medio,0.524
0505120060600500010106,Arboletes,5472,0.6,urbano_medio,0.5165
0514710000000000010122,Carepa,1111,0.95,urbano_denso,0.6763
0565920010100500010112,San Juan de Urabá,3050,0.8,urbano_denso,0.5751
0565920010200600010105,San Juan de Urabá,2187,0.8,urbano_denso,0.6085
0549010000000000010110,Necoclí,1917,0.95,urbano_denso,0.6217
0549010000000000010131,Necoclí,5272,0.6,urbano_medio,0.5202
0549010000000000010907,Necoclí,1473,0.95,urbano_denso,0.6481
0549020120600100010232,Necoclí,4520,0.8,urbano_denso,0.5357
0549020030300200010130,Necoclí,2914,0.8,urbano_denso,0.5797
0549020090200800010104,Necoclí,17977,0.35,urbano_medio,0.3972
0549020090501500010119,Necoclí,8490,0.6,urbano_medio,0.4724
0565920010100100010118,San Juan de Urabá,6087,0.6,urbano_medio,0.5058
0566510000000000010549,San Pedro de Urabá,7265,0.6,urbano_medio,0.4881
0566510000000000010658,San Pedro de Urabá,3178,0.8,urbano_denso,0.571
0583720090700100010202,Turbo,2303,0.8,urbano_denso,0.6033
0583720090700100010221,Turbo,692,0.95,urbano_denso,0.7238
0583720090700100010305,Turbo,3834,0.8,urbano_denso,0.5522
0583720100700200020216,Turbo,1097,0.95,urbano_denso,0.6776
0583720100700200020319,Turbo,1451,0.95,urbano_denso,0.6496
0583720100700200020321,Turbo,838,0.95,urbano_denso,0.7046
0583720100700200020404,Turbo,1531,0.95,urbano_denso,0.6442
0583720100700200020514,Turbo,2407,0.8,urbano_denso,0.5989
0583720050200500010102,Turbo,6321,0.6,urbano_medio,0.502
0583720080301000010115,Turbo,4946,0.8,urbano_denso,0.5266
0583720030802900010102,Turbo,6998,0.6,urbano_medio,0.4918
0514710000000000010614,Carepa,4330,0.8,urbano_denso,0.54
0514710000000000020609,Carepa,1814,0.95,urbano_denso,0.6272
0514710000000000020904,Carepa,1863,0.95,urbano_denso,0.6245
0514710000000000030109,Carepa,1045,0.95,urbano_denso,0.6825
0514710000000000030436,Carepa,1952,0.95,urbano_denso,0.6199
0514710000000000030548,Carepa,696,0.95,urbano_denso,0.7232
0514710000000000030549,Carepa,1401,0.95,urbano_denso,0.6531
0514720011001000010104,Carepa,2371,0.8,urbano_denso,0.6004
0514720011001000010130,Carepa,1864,0.95,urbano_denso,0.6245
0517210000000000010114,Chigorodó,1473,0.95,urbano_denso,0.6481
0517210000000000020422,Chigorodó,4948,0.8,urbano_denso,0.5266
0517210000000000050203,Chigorodó,1527,0.95,urbano_denso,0.6445
0517210000000000050322,Chigorodó,2622,0.8,urbano_denso,0.5903
0517210000000000050608,Chigorodó,2120,0.8,urbano_denso,0.6116
0517210000000000050807,Chigorodó,2434,0.8,urbano_denso,0.5977
0517210000000000060404,Chigorodó,2254,0.8,urbano_denso,0.6055
0517210000000000060706,Chigorodó,1457,0.95,urbano_denso,0.6492
0517210000000000060819,Chigorodó,2781,0.8,urbano_denso,0.5844
0565910000000000010310,San Juan de Urabá,1799,0.95,urbano_denso,0.628
0565910000000000010605,San Juan de Urabá,4060,0.8,urbano_denso,0.5464
0583720110201800010309,Turbo,6289,0.6,urbano_medio,0.5025
0504520010301100010234,Apartadó,1817,0.95,urbano_denso,0.627
0505110000000000010326,Arboletes,2363,0.8,urbano_denso,0.6007
0514710000000000030410,Carepa,1096,0.95,urbano_denso,0.6777
0549020030300200010119,Necoclí,3429,0.8,urbano_denso,0.5634
0549020030300200010211,Necoclí,14273,0.6,urbano_medio,0.4203
0549020120100700010115,Necoclí,562,0.95,urbano_denso,0.7446
0566510000000000030112,San Pedro de Urabá,1344,0.95,urbano_denso,0.6573
0583720090700100020348,Turbo,1184,0.95,urbano_denso,0.6699
0583720090600300010215,Turbo,5317,0.6,urbano_medio,0.5194
0583720080301000010121,Turbo,8015,0.6,urbano_medio,0.4782
0583720070201200010117,Turbo,2345,0.8,urbano_denso,0.6015
0583720050603700010103,Turbo,4777,0.8,urbano_denso,0.5301
0504520010301100010225,Apartadó,1325,0.95,urbano_denso,0.6587
0504520030101500010115,Apartadó,2272,0.8,urbano_denso,0.6047
0504520010101600010114,Apartadó,883,0.95,urbano_denso,0.6993
0504520020500200010119,Apartadó,4920,0.8,urbano_denso,0.5272
0504520010301100010114,Apartadó,1225,0.95,urbano_denso,0.6666
0505110000000000010138,Arboletes,1417,0.95,urbano_denso,0.652
0505110000000000010343,Arboletes,2560,0.8,urbano_denso,0.5927
0505110000000000011009,Arboletes,3212,0.8,urbano_denso,0.5699
0505120060400100010107,Arboletes,2299,0.8,urbano_denso,0.6035
0505120020500300010107,Arboletes,10955,0.6,urbano_medio,0.4469
0505120040101000010123,Arboletes,21895,0.35,urbano_medio,0.3774
0505120030101100010101,Arboletes,4601,0.8,urbano_denso,0.5339
0517220060601500010102,Chigorodó,4034,0.8,urbano_denso,0.5471
0549020120600100010127,Necoclí,4269,0.8,urbano_denso,0.5414
0549020030300200010128,Necoclí,1873,0.95,urbano_denso,0.624
0549020120600600010118,Necoclí,67123,0.15,periurbano,0.2651
0549020040400900010109,Necoclí,2221,0.8,urbano_denso,0.6069
0565920010100100010129,San Juan de Urabá,7876,0.6,urbano_medio,0.48
0565920010300300010134,San Juan de Urabá,6280,0.6,urbano_medio,0.5027
0565920010100500010108,San Juan de Urabá,4298,0.8,urbano_denso,0.5407
0566510000000000010126,San Pedro de Urabá,4975,0.8,urbano_denso,0.526
0566510000000000010826,San Pedro de Urabá,7916,0.6,urbano_medio,0.4795
0566520020300300010102,San Pedro de Urabá,22650,0.35,urbano_medio,0.374
0583720100700200010213,Turbo,2031,0.8,urbano_denso,0.6159
0583720090700100010715,Turbo,36747,0.35,urbano_medio,0.3255
0583720090600300010327,Turbo,5441,0.6,urbano_medio,0.5171
0583720030700600010103,Turbo,9787,0.6,urbano_medio,0.4582
0583720100400800010105,Turbo,1718,0.95,urbano_denso,0.6327
0583720100400800010113,Turbo,2694,0.8,urbano_denso,0.5876
0583720080301000010103,Turbo,3481,0.8,urbano_denso,0.5619
0583720090102700010104,Turbo,19989,0.35,urbano_medio,0.3866
0583720050202800010101,Turbo,2685,0.8,urbano_denso,0.5879
0514710000000000010402,Carepa,1993,0.95,urbano_denso,0.6178
0514710000000000010714,Carepa,1344,0.95,urbano_denso,0.6572
0514710000000000020228,Carepa,1202,0.95,urbano_denso,0.6685
0514710000000000020311,Carepa,1888,0.95,urbano_denso,0.6232
0514710000000000020523,Carepa,1907,0.95,urbano_denso,0.6222
0514710000000000030113,Carepa,3731,0.8,urbano_denso,0.5549
0514710000000000030405,Carepa,2188,0.8,urbano_denso,0.6084
0514710000000000030555,Carepa,1872,0.95,urbano_denso,0.6241
0517210000000000010117,Chigorodó,13750,0.6,urbano_medio,0.4241
0517210000000000020402,Chigorodó,4512,0.8,urbano_denso,0.5358
0517210000000000050128,Chigorodó,2711,0.8,urbano_denso,0.5869
0517210000000000050319,Chigorodó,1090,0.95,urbano_denso,0.6783
0517210000000000050814,Chigorodó,15284,0.35,urbano_medio,0.4135
0517210000000000060822,Chigorodó,2558,0.8,urbano_denso,0.5928
0565910000000000010614,San Juan de Urabá,2120,0.8,urbano_denso,0.6116
0565910000000000010801,San Juan de Urabá,1323,0.95,urbano_denso,0.6588
0566510000000000010865,San Pedro de Urabá,3273,0.8,urbano_denso,0.568
0583720110201800010129,Turbo,6520,0.6,urbano_medio,0.4989
0504520010101400010106,Apartadó,7605,0.6,urbano_medio,0.4835
0505110000000000010322,Arboletes,2035,0.8,urbano_denso,0.6157
0504520010301100010218,Apartadó,1951,0.95,urbano_denso,0.6199
0504520020300900010126,Apartadó,2408,0.8,urbano_denso,0.5988
0504520020300900010323,Apartadó,6464,0.6,urbano_medio,0.4998
0505110000000000010405,Arboletes,3621,0.8,urbano_denso,0.5579
0549020120101100010106,Necoclí,5439,0.6,urbano_medio,0.5171
0549010000000000010116,Necoclí,3429,0.8,urbano_denso,0.5634
0549010000000000010229,Necoclí,9479,0.6,urbano_medio,0.4614
0549010000000000010702,Necoclí,1791,0.95,urbano_denso,0.6285
0549020120301400010102,Necoclí,15684,0.35,urbano_medio,0.4109
0583720100700200010303,Turbo,2992,0.8,urbano_denso,0.5771
0583720100700200020308,Turbo,1946,0.95,urbano_denso,0.6202
0566510000000000010125,San Pedro de Urabá,4133,0.8,urbano_denso,0.5446
0583720090700100010214,Turbo,3563,0.8,urbano_denso,0.5595
0583720090600300010333,Turbo,3173,0.8,urbano_denso,0.5711
0583720030700600010111,Turbo,4259,0.8,urbano_denso,0.5416
0583720080301000010117,Turbo,5510,0.6,urbano_medio,0.5158
0583720090402400010105,Turbo,10934,0.6,urbano_medio,0.4471
0583720090503500010101,Turbo,11557,0.6,urbano_medio,0.4415
0504520020500200010102,Apartadó,1992,0.95,urbano_denso,0.6179
0504520020300900010308,Apartadó,2295,0.8,urbano_denso,0.6037
0504520010301100010113,Apartadó,2582,0.8,urbano_denso,0.5918
0505110000000000010511,Arboletes,1129,0.95,urbano_denso,0.6747
0505110000000000010913,Arboletes,3410,0.8,urbano_denso,0.5639
0505120040101000010117,Arboletes,2334,0.8,urbano_denso,0.602
0514710000000000010218,Carepa,1858,0.95,urbano_denso,0.6248
0514710000000000020620,Carepa,1033,0.95,urbano_denso,0.6837
0514710000000000020625,Carepa,507,0.95,urbano_denso,0.755
0514710000000000020724,Carepa,1576,0.95,urbano_denso,0.6413
0514710000000000030433,Carepa,1168,0.95,urbano_denso,0.6713
0549010000000000010322,Necoclí,4762,0.8,urbano_denso,0.5304
0549010000000000010606,Necoclí,30709,0.35,urbano_medio,0.3435
0549010000000000010713,Necoclí,22129,0.35,urbano_medio,0.3764
0549010000000000010807,Necoclí,1615,0.95,urbano_denso,0.6388
0565920010100100010126,San Juan de Urabá,4971,0.8,urbano_denso,0.5261
0565920010100100010127,San Juan de Urabá,7271,0.6,urbano_medio,0.488
0566520040200200010103,San Pedro de Urabá,2279,0.8,urbano_denso,0.6043
0583720090700100020354,Turbo,1742,0.95,urbano_denso,0.6313
0583720090700100020416,Turbo,4098,0.8,urbano_denso,0.5455
0583720090700100020505,Turbo,3549,0.8,urbano_denso,0.5599
0583720100700200010202,Turbo,1296,0.95,urbano_denso,0.661
0583720100700200010308,Turbo,4123,0.8,urbano_denso,0.5449
0583720100700200020126,Turbo,722,0.95,urbano_denso,0.7196
0583720100400800010201,Turbo,1767,0.95,urbano_denso,0.6298
0583720100400800010211,Turbo,792,0.95,urbano_denso,0.7103
0583720070201200010125,Turbo,6647,0.6,urbano_medio,0.497
0514710000000000010505,Carepa,3093,0.8,urbano_denso,0.5737
0514710000000000010811,Carepa,991,0.95,urbano_denso,0.6879
0514710000000000020213,Carepa,1433,0.95,urbano_denso,0.6509
0514710000000000020312,Carepa,1803,0.95,urbano_denso,0.6278
0514710000000000020901,Carepa,3322,0.8,urbano_denso,0.5666
0514710000000000030121,Carepa,1420,0.95,urbano_denso,0.6518
0514710000000000030541,Carepa,3419,0.8,urbano_denso,0.5637
0514720011001000010109,Carepa,632,0.95,urbano_denso,0.7328
0517210000000000010212,Chigorodó,1409,0.95,urbano_denso,0.6526
0517210000000000010505,Chigorodó,3163,0.8,urbano_denso,0.5715
0517210000000000010534,Chigorodó,2047,0.8,urbano_denso,0.6151
0517210000000000020224,Chigorodó,1702,0.95,urbano_denso,0.6336
0517210000000000020228,Chigorodó,259,0.95,urbano_denso,0.8222
0517210000000000050311,Chigorodó,2637,0.8,urbano_denso,0.5897
0517210000000000050409,Chigorodó,2017,0.8,urbano_denso,0.6166
0517210000000000050526,Chigorodó,660,0.95,urbano_denso,0.7285
0517210000000000050703,Chigorodó,8768,0.6,urbano_medio,0.4692
0517210000000000060105,Chigorodó,1909,0.95,urbano_denso,0.6221
0517210000000000060806,Chigorodó,2125,0.8,urbano_denso,0.6114
0517210000000000060807,Chigorodó,2575,0.8,urbano_denso,0.5921
0517210000000000060903,Chigorodó,6236,0.6,urbano_medio,0.5034
0517210000000000061019,Chigorodó,1685,0.95,urbano_denso,0.6346
0549020050300500010211,Necoclí,2341,0.8,urbano_denso,0.6016
0565910000000000010618,San Juan de Urabá,5480,0.6,urbano_medio,0.5164
0565910000000000010805,San Juan de Urabá,712,0.95,urbano_denso,0.7209
0583720110201800010124,Turbo,1901,0.95,urbano_denso,0.6225
0504520020300900010303,Apartadó,1333,0.95,urbano_denso,0.6581
0504520020300900010301,Apartadó,6982,0.6,urbano_medio,0.4921
0504520050300100010104,Apartadó,1308,0.95,urbano_denso,0.66
0504520020300900010310,Apartadó,1325,0.95,urbano_denso,0.6587
0505110000000000010211,Arboletes,3204,0.8,urbano_denso,0.5702
0505110000000000010341,Arboletes,645,0.95,urbano_denso,0.7309
0505110000000000011102,Arboletes,1802,0.95,urbano_denso,0.6279
0505120020500300010101,Arboletes,3607,0.8,urbano_denso,0.5583
0505120020500300010112,Arboletes,1597,0.95,urbano_denso,0.64
0505120060600500010105,Arboletes,2807,0.8,urbano_denso,0.5834
0505120030101100010115,Arboletes,5605,0.6,urbano_medio,0.5141
0517220060501400010101,Chigorodó,7233,0.6,urbano_medio,0.4885
0549010000000000010915,Necoclí,1781,0.95,urbano_denso,0.6291
0549020120600100010222,Necoclí,3740,0.8,urbano_denso,0.5547
0549010000000000010122,Necoclí,4055,0.8,urbano_denso,0.5466
0549010000000000010221,Necoclí,4267,0.8,urbano_denso,0.5415
0549020120300300010128,Necoclí,8174,0.6,urbano_medio,0.4763
0549020050300500010201,Necoclí,2395,0.8,urbano_denso,0.5994
0549020040400900010127,Necoclí,14519,0.6,urbano_medio,0.4186
0565920010100500010122,San Juan de Urabá,1049,0.95,urbano_denso,0.6821
0565910000000000010111,San Juan de Urabá,6744,0.6,urbano_medio,0.4955
0565920010100500010115,San Juan de Urabá,3137,0.8,urbano_denso,0.5723
0566510000000000010156,San Pedro de Urabá,5422,0.6,urbano_medio,0.5174
0566510000000000010316,San Pedro de Urabá,47481,0.35,urbano_medio,0.2998
0566510000000000010352,San Pedro de Urabá,7222,0.6,urbano_medio,0.4887
0566510000000000010727,San Pedro de Urabá,2864,0.8,urbano_denso,0.5814
0566510000000000010810,San Pedro de Urabá,2729,0.8,urbano_denso,0.5863
0566510000000000010819,San Pedro de Urabá,3449,0.8,urbano_denso,0.5628
0566510000000000010850,San Pedro de Urabá,4766,0.8,urbano_denso,0.5304
0583720090700100010114,Turbo,1921,0.95,urbano_denso,0.6214
0583720090700100010125,Turbo,4535,0.8,urbano_denso,0.5353
0583720090700100010408,Turbo,3776,0.8,urbano_denso,0.5537
0583720090700100020347,Turbo,1285,0.95,urbano_denso,0.6618
0583720100700200010104,Turbo,3425,0.8,urbano_denso,0.5635
0583720100700200010502,Turbo,4135,0.8,urbano_denso,0.5446
0583720100700200020521,Turbo,1054,0.95,urbano_denso,0.6816
0583720090600300010107,Turbo,786,0.95,urbano_denso,0.711
0583720090600300010330,Turbo,4345,0.8,urbano_denso,0.5396
0583720100400800010212,Turbo,302,0.95,urbano_denso,0.8069
0583720020101300010202,Turbo,6399,0.6,urbano_medio,0.5008
0583720090602600010101,Turbo,1826,0.95,urbano_denso,0.6266
0583720090103900010116,Turbo,7793,0.6,urbano_medio,0.481
0504520010301100010231,Apartadó,3482,0.8,urbano_denso,0.5618
0505120030200800010103,Arboletes,2318,0.8,urbano_denso,0.6026
0514710000000000010603,Carepa,1625,0.95,urbano_denso,0.6383
0514710000000000020110,Carepa,1591,0.95,urbano_denso,0.6403
0514710000000000030302,Carepa,12874,0.6,urbano_medio,0.4307
0549010000000000010319,Necoclí,5217,0.6,urbano_medio,0.5213
0549010000000000010602,Necoclí,131756,0.15,periurbano,0.1974
0549020120300300010109,Necoclí,3821,0.8,urbano_denso,0.5525
0549020090501500010123,Necoclí,1797,0.95,urbano_denso,0.6282
0583720090700100010136,Turbo,2888,0.8,urbano_denso,0.5806
0583720090700100020311,Turbo,3652,0.8,urbano_denso,0.5571
0583720090600300010117,Turbo,1847,0.95,urbano_denso,0.6254
0583720090600300010332,Turbo,3049,0.8,urbano_denso,0.5751
0583720090302500010102,Turbo,25006,0.35,urbano_medio,0.3641
0583720090503500010104,Turbo,2294,0.8,urbano_denso,0.6037
0514710000000000010819,Carepa,2289,0.8,urbano_denso,0.6039
0514710000000000020232,Carepa,1515,0.95,urbano_denso,0.6453
0514710000000000020234,Carepa,547,0.95,urbano_denso,0.7473
0514710000000000030509,Carepa,819,0.95,urbano_denso,0.7069
0514710000000000030630,Carepa,1767,0.95,urbano_denso,0.6298
0514720011001000010124,Carepa,1084,0.95,urbano_denso,0.6788
0514720011001000010126,Carepa,1101,0.95,urbano_denso,0.6772
0517210000000000010323,Chigorodó,1783,0.95,urbano_denso,0.6289
0517210000000000020220,Chigorodó,2598,0.8,urbano_denso,0.5912
0517210000000000030215,Chigorodó,2256,0.8,urbano_denso,0.6054
0517210000000000050314,Chigorodó,4002,0.8,urbano_denso,0.5479
0517210000000000050414,Chigorodó,3089,0.8,urbano_denso,0.5738
0517210000000000060907,Chigorodó,2777,0.8,urbano_denso,0.5845
0549020030200400010121,Necoclí,4218,0.8,urbano_denso,0.5426
0565910000000000010137,San Juan de Urabá,676,0.95,urbano_denso,0.7261
0565910000000000010608,San Juan de Urabá,1475,0.95,urbano_denso,0.6479
0583720110201800010114,Turbo,3883,0.8,urbano_denso,0.5509
0583720110201800010327,Turbo,1690,0.95,urbano_denso,0.6343
0505110000000000011031,Arboletes,781,0.95,urbano_denso,0.7116
0514710000000000010336,Carepa,320,0.95,urbano_denso,0.8011
0514710000000000020603,Carepa,1595,0.95,urbano_denso,0.6401
0549010000000000010217,Necoclí,3489,0.8,urbano_denso,0.5616
0549020030300200010126,Necoclí,2487,0.8,urbano_denso,0.5956
0549020040400900010101,Necoclí,9262,0.6,urbano_medio,0.4637
0549020120801600010103,Necoclí,17680,0.35,urbano_medio,0.3989
0583720100700200020212,Turbo,1268,0.95,urbano_denso,0.6631
0583720090600300010121,Turbo,1252,0.95,urbano_denso,0.6644
0505110000000000010324,Arboletes,1970,0.95,urbano_denso,0.6189
0505110000000000010519,Arboletes,3159,0.8,urbano_denso,0.5716
0505120030101100010126,Arboletes,2461,0.8,urbano_denso,0.5966
0514710000000000010113,Carepa,4629,0.8,urbano_denso,0.5333
0514710000000000020203,Carepa,1972,0.95,urbano_denso,0.6188
0514710000000000020714,Carepa,1797,0.95,urbano_denso,0.6282
0514720010601300010112,Carepa,7426,0.6,urbano_medio,0.4859
0549010000000000010125,Necoclí,853,0.95,urbano_denso,0.7028
0549010000000000010305,Necoclí,4337,0.8,urbano_denso,0.5398
0549020120600100010210,Necoclí,4453,0.8,urbano_denso,0.5372
0549020120600100010307,Necoclí,11498,0.6,urbano_medio,0.442
0549020030300200010121,Necoclí,6400,0.6,urbano_medio,0.5008
0549020120600600010112,Necoclí,3599,0.8,urbano_denso,0.5585
0549020120600600010113,Necoclí,3129,0.8,urbano_denso,0.5725
0549020040400900010105,Necoclí,3551,0.8,urbano_denso,0.5599
0549020090501500010116,Necoclí,2334,0.8,urbano_denso,0.6019
0566510000000000010733,San Pedro de Urabá,2707,0.8,urbano_denso,0.5871
0566520020300300010109,San Pedro de Urabá,2367,0.8,urbano_denso,0.6005
0566520010100400010107,San Pedro de Urabá,11935,0.6,urbano_medio,0.4383
0583720090700100010706,Turbo,3262,0.8,urbano_denso,0.5684
0583720090700100020114,Turbo,4526,0.8,urbano_denso,0.5355
0583720090700100020227,Turbo,3289,0.8,urbano_denso,0.5676
0583720090700100020412,Turbo,3689,0.8,urbano_denso,0.556
0583720100700200010309,Turbo,3171,0.8,urbano_denso,0.5712
0583720100700200020121,Turbo,2003,0.8,urbano_denso,0.6173
0583720100700200020410,Turbo,1232,0.95,urbano_denso,0.666
0583720100700200020411,Turbo,1410,0.95,urbano_denso,0.6525
0583720090600300010118,Turbo,1039,0.95,urbano_denso,0.6831
0583720030700600010112,Turbo,3518,0.8,urbano_denso,0.5608
0583720100400800010214,Turbo,882,0.95,urbano_denso,0.6995
0583720080301000010105,Turbo,12047,0.6,urbano_medio,0.4374
0583720070201200010122,Turbo,5471,0.6,urbano_medio,0.5165
0583720020101300010105,Turbo,7646,0.6,urbano_medio,0.483
0583720030803200010104,Turbo,38822,0.35,urbano_medio,0.32
0514710000000000010109,Carepa,3354,0.8,urbano_denso,0.5656
0514710000000000010230,Carepa,750,0.95,urbano_denso,0.7157
0514710000000000010604,Carepa,3608,0.8,urbano_denso,0.5583
0514710000000000020242,Carepa,31836,0.35,urbano_medio,0.3399
0514710000000000020315,Carepa,2368,0.8,urbano_denso,0.6005
0514710000000000020421,Carepa,1518,0.95,urbano_denso,0.6451
0514710000000000020504,Carepa,2051,0.8,urbano_denso,0.6149
0514710000000000030312,Carepa,4649,0.8,urbano_denso,0.5329
0514710000000000030401,Carepa,2473,0.8,urbano_denso,0.5962
0514710000000000030551,Carepa,1201,0.95,urbano_denso,0.6686
0514710000000000030620,Carepa,3926,0.8,urbano_denso,0.5498
0514710000000000030629,Carepa,1351,0.95,urbano_denso,0.6567
0514720011001000010123,Carepa,1109,0.95,urbano_denso,0.6765
0514720011001000010136,Carepa,1737,0.95,urbano_denso,0.6315
0517210000000000010216,Chigorodó,6521,0.6,urbano_medio,0.4989
0517210000000000010622,Chigorodó,4945,0.8,urbano_denso,0.5267
0517210000000000010710,Chigorodó,2047,0.8,urbano_denso,0.6151
0517210000000000020234,Chigorodó,4968,0.8,urbano_denso,0.5262
0517210000000000020433,Chigorodó,1278,0.95,urbano_denso,0.6623
0517210000000000020504,Chigorodó,1625,0.95,urbano_denso,0.6382
0517210000000000050109,Chigorodó,6901,0.6,urbano_medio,0.4932
0517210000000000050301,Chigorodó,7832,0.6,urbano_medio,0.4805
0517210000000000050606,Chigorodó,780,0.95,urbano_denso,0.7118
0517210000000000060222,Chigorodó,1317,0.95,urbano_denso,0.6593
0517210000000000060618,Chigorodó,2453,0.8,urbano_denso,0.597
0549020030200400010128,Necoclí,2378,0.8,urbano_denso,0.6001
0565910000000000010144,San Juan de Urabá,2377,0.8,urbano_denso,0.6001
0566510000000000011006,San Pedro de Urabá,21367,0.35,urbano_medio,0.3799
0566510000000000020108,San Pedro de Urabá,115016,0.15,periurbano,0.211
0505120020500300010120,Arboletes,958,0.95,urbano_denso,0.6912
0504520010301100010232,Apartadó,2508,0.8,urbano_denso,0.5948
0504520030101500010101,Apartadó,2141,0.8,urbano_denso,0.6106
0505110000000000010136,Arboletes,4809,0.8,urbano_denso,0.5295
0505110000000000010301,Arboletes,12553,0.6,urbano_medio,0.4332
0505110000000000010403,Arboletes,4132,0.8,urbano_denso,0.5447
0505110000000000010548,Arboletes,1312,0.95,urbano_denso,0.6597
0505110000000000011001,Arboletes,1011,0.95,urbano_denso,0.6858
0505110000000000011126,Arboletes,11323,0.6,urbano_medio,0.4436
0517220100400700010109,Chigorodó,619,0.95,urbano_denso,0.7349
0549010000000000010802,Necoclí,1782,0.95,urbano_denso,0.629
0549010000000000010903,Necoclí,1553,0.95,urbano_denso,0.6428
0549010000000000010909,Necoclí,1635,0.95,urbano_denso,0.6376
0549020040400900010104,Necoclí,1583,0.95,urbano_denso,0.6409
0549020120101100010105,Necoclí,9520,0.6,urbano_medio,0.461
0549020120301300010101,Necoclí,9372,0.6,urbano_medio,0.4625
0565920010300300010115,San Juan de Urabá,9187,0.6,urbano_medio,0.4645
0566510000000000010417,San Pedro de Urabá,5120,0.6,urbano_medio,0.5232
0566510000000000020102,San Pedro de Urabá,7687,0.6,urbano_medio,0.4824
0566520040200200010111,San Pedro de Urabá,13899,0.6,urbano_medio,0.423
0583720100700200010113,Turbo,3521,0.8,urbano_denso,0.5607
0583720100700200010315,Turbo,2414,0.8,urbano_denso,0.5986
0583720100700200020402,Turbo,1827,0.95,urbano_denso,0.6265
0583720090600300010345,Turbo,1104,0.95,urbano_denso,0.677
0583720050200500010121,Turbo,2822,0.8,urbano_denso,0.5829
0583720020101300010203,Turbo,13266,0.6,urbano_medio,0.4277
0583720090302500010106,Turbo,30128,0.35,urbano_medio,0.3454
0583720090602600010109,Turbo,3058,0.8,urbano_denso,0.5749
0583720030802900010127,Turbo,9424,0.6,urbano_medio,0.462
0583720030802900010128,Turbo,2254,0.8,urbano_denso,0.6055
0504520050300100010110,Apartadó,2893,0.8,urbano_denso,0.5804
0505110000000000011008,Arboletes,6004,0.6,urbano_medio,0.5072
0505120020500300010113,Arboletes,979,0.95,urbano_denso,0.689
0514710000000000020606,Carepa,1401,0.95,urbano_denso,0.6531
0514710000000000030633,Carepa,398,0.95,urbano_denso,0.7791
0514720010601300010102,Carepa,1127,0.95,urbano_denso,0.6749
0549010000000000010101,Necoclí,20138,0.35,urbano_medio,0.3858
0549020120600100010220,Necoclí,3518,0.8,urbano_denso,0.5608
0566510000000000010631,San Pedro de Urabá,4592,0.8,urbano_denso,0.5341
0566510000000000010901,San Pedro de Urabá,4263,0.8,urbano_denso,0.5415
0566510000000000030109,San Pedro de Urabá,3962,0.8,urbano_denso,0.5489
0566520010100400010116,San Pedro de Urabá,9314,0.6,urbano_medio,0.4632
0583720090700100010219,Turbo,2401,0.8,urbano_denso,0.5991
0583720090700100020204,Turbo,3451,0.8,urbano_denso,0.5627
0583720100700200010516,Turbo,904,0.95,urbano_denso,0.697
0583720100700200020220,Turbo,245,0.95,urbano_denso,0.8276
0583720100700200020312,Turbo,1193,0.95,urbano_denso,0.6692
0583720090600300010314,Turbo,2571,0.8,urbano_denso,0.5923
0583720090402400010125,Turbo,1949,0.95,urbano_denso,0.62
0583720090602600010119,Turbo,2400,0.8,urbano_denso,0.5991
0514710000000000010201,Carepa,7383,0.6,urbano_medio,0.4865
0514710000000000010509,Carepa,5244,0.6,urbano_medio,0.5208
0514710000000000020201,Carepa,3814,0.8,urbano_denso,0.5527
0514710000000000030205,Carepa,1184,0.95,urbano_denso,0.67
0517210000000000010206,Chigorodó,1208,0.95,urbano_denso,0.668
0517210000000000010404,Chigorodó,2358,0.8,urbano_denso,0.6009
0517210000000000050812,Chigorodó,3040,0.8,urbano_denso,0.5754
0517210000000000060503,Chigorodó,2889,0.8,urbano_denso,0.5806
0517210000000000060923,Chigorodó,2741,0.8,urbano_denso,0.5858
0565910000000000010413,San Juan de Urabá,8401,0.6,urbano_medio,0.4735
0514710000000000010515,Carepa,5297,0.6,urbano_medio,0.5198
0514710000000000010524,Carepa,8194,0.6,urbano_medio,0.476
0514710000000000010722,Carepa,1606,0.95,urbano_denso,0.6394
0514710000000000030235,Carepa,2399,0.8,urbano_denso,0.5992
0514720011001000010138,Carepa,1403,0.95,urbano_denso,0.6529
0517210000000000010808,Chigorodó,5759,0.6,urbano_medio,0.5114
0517210000000000020503,Chigorodó,1997,0.95,urbano_denso,0.6176
0517210000000000050521,Chigorodó,2466,0.8,urbano_denso,0.5964
0517210000000000060414,Chigorodó,2119,0.8,urbano_denso,0.6116
0517210000000000060901,Chigorodó,1957,0.95,urbano_denso,0.6196
0565910000000000010229,San Juan de Urabá,2549,0.8,urbano_denso,0.5931
0583720110201800010208,Turbo,613,0.95,urbano_denso,0.736
0583720110201800010310,Turbo,1723,0.95,urbano_denso,0.6324
0504520020300900010120,Apartadó,2670,0.8,urbano_denso,0.5885
0505110000000000011038,Arboletes,962,0.95,urbano_denso,0.6908
0514710000000000010809,Carepa,1000,0.95,urbano_denso,0.6869
0514710000000000020617,Carepa,2002,0.8,urbano_denso,0.6173
0514710000000000030636,Carepa,1646,0.95,urbano_denso,0.637
0549010000000000010432,Necoclí,5759,0.6,urbano_medio,0.5114
0549020120300300010131,Necoclí,1012,0.95,urbano_denso,0.6857
0566510000000000010206,San Pedro de Urabá,3913,0.8,urbano_denso,0.5501
0583720090700100010126,Turbo,2172,0.8,urbano_denso,0.6091
0504520010301100010112,Apartadó,1341,0.95,urbano_denso,0.6575
0505120040101000010103,Arboletes,2282,0.8,urbano_denso,0.6042
0505120040101000010110,Arboletes,3067,0.8,urbano_denso,0.5746
0514710000000000030607,Carepa,2529,0.8,urbano_denso,0.5939
0517220060501400010104,Chigorodó,7873,0.6,urbano_medio,0.48
0549010000000000010216,Necoclí,5501,0.6,urbano_medio,0.516
0549010000000000010223,Necoclí,5061,0.6,urbano_medio,0.5243
0549010000000000010435,Necoclí,5651,0.6,urbano_medio,0.5133
0549010000000000010503,Necoclí,8968,0.6,urbano_medio,0.467
0549020120600100010113,Necoclí,5441,0.6,urbano_medio,0.5171
0549020120600100010412,Necoclí,2075,0.8,urbano_denso,0.6137
0549020120300300010138,Necoclí,1640,0.95,urbano_denso,0.6373
0549020120600600010119,Necoclí,15359,0.35,urbano_medio,0.413
0549020120100700010112,Necoclí,13471,0.6,urbano_medio,0.4261
0549020090501500010122,Necoclí,4633,0.8,urbano_denso,0.5332
0565910000000000010507,San Juan de Urabá,4222,0.8,urbano_denso,0.5425
0565920020500200010103,San Juan de Urabá,3677,0.8,urbano_denso,0.5564
0565920020300400010105,San Juan de Urabá,25718,0.35,urbano_medio,0.3613
0566510000000000010210,San Pedro de Urabá,4084,0.8,urbano_denso,0.5458
0566510000000000010505,San Pedro de Urabá,6998,0.6,urbano_medio,0.4918
0566510000000000010843,San Pedro de Urabá,10957,0.6,urbano_medio,0.4469
0566520020300300010107,San Pedro de Urabá,2875,0.8,urbano_denso,0.581
0583720090700100010213,Turbo,3419,0.8,urbano_denso,0.5637
0583720090700100010420,Turbo,4238,0.8,urbano_denso,0.5421
0583720090700100010606,Turbo,4335,0.8,urbano_denso,0.5399
0583720090700100020424,Turbo,1363,0.95,urbano_denso,0.6558
0583720090700100020435,Turbo,4802,0.8,urbano_denso,0.5296
0583720100700200020318,Turbo,1517,0.95,urbano_denso,0.6451
0583720100400800010116,Turbo,1095,0.95,urbano_denso,0.6778
0583720100400800010315,Turbo,312,0.95,urbano_denso,0.8037
0583720030802900010101,Turbo,7463,0.6,urbano_medio,0.4854
0583720030802900010121,Turbo,1866,0.95,urbano_denso,0.6244
0583720010204000010105,Turbo,3884,0.8,urbano_denso,0.5509
0549010000000000010831,Necoclí,935,0.95,urbano_denso,0.6937
0505110000000000010515,Arboletes,3117,0.8,urbano_denso,0.5729
0514710000000000010136,Carepa,5982,0.6,urbano_medio,0.5076
0514710000000000020119,Carepa,1536,0.95,urbano_denso,0.6439
0549010000000000010816,Necoclí,2778,0.8,urbano_denso,0.5845
0549020120600100010424,Necoclí,4488,0.8,urbano_denso,0.5364
0583720090700100020523,Turbo,2252,0.8,urbano_denso,0.6055
0583720070201200010132,Turbo,1692,0.95,urbano_denso,0.6342
0583720030802900010129,Turbo,1995,0.95,urbano_denso,0.6177
0514710000000000010818,Carepa,2992,0.8,urbano_denso,0.577
0514710000000000020122,Carepa,40772,0.35,urbano_medio,0.3151
0514710000000000020505,Carepa,2234,0.8,urbano_denso,0.6063
0514710000000000030534,Carepa,1342,0.95,urbano_denso,0.6574
0517210000000000010115,Chigorodó,1683,0.95,urbano_denso,0.6347
0517210000000000010118,Chigorodó,4967,0.8,urbano_denso,0.5262
0517210000000000010602,Chigorodó,2750,0.8,urbano_denso,0.5855
0517210000000000020233,Chigorodó,2124,0.8,urbano_denso,0.6114
0517210000000000020327,Chigorodó,1877,0.95,urbano_denso,0.6238
0517210000000000020329,Chigorodó,1800,0.95,urbano_denso,0.628
0517210000000000020416,Chigorodó,2884,0.8,urbano_denso,0.5807
0517210000000000030111,Chigorodó,4653,0.8,urbano_denso,0.5328
0517210000000000030204,Chigorodó,7911,0.6,urbano_medio,0.4795
0517210000000000050321,Chigorodó,7626,0.6,urbano_medio,0.4832
0517210000000000060215,Chigorodó,2000,0.95,urbano_denso,0.6174
0517210000000000060430,Chigorodó,820,0.95,urbano_denso,0.7068
0517210000000000060924,Chigorodó,2616,0.8,urbano_denso,0.5905
0517210000000000060927,Chigorodó,817,0.95,urbano_denso,0.7071
0549020030200400010102,Necoclí,6736,0.6,urbano_medio,0.4957
0565910000000000010303,San Juan de Urabá,6698,0.6,urbano_medio,0.4962
0566510000000000030114,San Pedro de Urabá,4165,0.8,urbano_denso,0.5439
0514710000000000030606,Carepa,839,0.95,urbano_denso,0.7045
0549010000000000010714,Necoclí,21760,0.35,urbano_medio,0.378
0549020030300200010116,Necoclí,3908,0.8,urbano_denso,0.5503
0549020030300200010219,Necoclí,3380,0.8,urbano_denso,0.5648
0549020120600600010102,Necoclí,28567,0.35,urbano_medio,0.3507
0565920010200600010102,San Juan de Urabá,847,0.95,urbano_denso,0.7036
0566510000000000020124,San Pedro de Urabá,46084,0.35,urbano_medio,0.3028
0566520010100400010106,San Pedro de Urabá,3549,0.8,urbano_denso,0.5599
0583720090700100010209,Turbo,4123,0.8,urbano_denso,0.5449
0583720100700200010412,Turbo,2484,0.8,urbano_denso,0.5957
0583720030802900010123,Turbo,442,0.95,urbano_denso,0.7687
0504520020300900010306,Apartadó,2812,0.8,urbano_denso,0.5833
0505110000000000010132,Arboletes,741,0.95,urbano_denso,0.7169
0505110000000000010143,Arboletes,2972,0.8,urbano_denso,0.5777
0505110000000000010203,Arboletes,6354,0.6,urbano_medio,0.5015
0505110000000000010413,Arboletes,7830,0.6,urbano_medio,0.4806
0505110000000000010516,Arboletes,2188,0.8,urbano_denso,0.6084
0505110000000000011026,Arboletes,1751,0.95,urbano_denso,0.6308
0505120020500300010109,Arboletes,11256,0.6,urbano_medio,0.4442
0505120050401400010103,Arboletes,3436,0.8,urbano_denso,0.5632
0514710000000000010313,Carepa,14822,0.6,urbano_medio,0.4166
0514710000000000020222,Carepa,1043,0.95,urbano_denso,0.6827
0514710000000000020705,Carepa,1596,0.95,urbano_denso,0.64
0514720010601300010111,Carepa,7563,0.6,urbano_medio,0.4841
0517220100400700010107,Chigorodó,10347,0.6,urbano_medio,0.4526
0549020120600600010101,Necoclí,10665,0.6,urbano_medio,0.4496
0549010000000000010215,Necoclí,5179,0.6,urbano_medio,0.522
0549010000000000010324,Necoclí,4995,0.8,urbano_denso,0.5257
0549010000000000010405,Necoclí,3335,0.8,urbano_denso,0.5661
0549010000000000010510,Necoclí,34933,0.35,urbano_medio,0.3306
0549010000000000010604,Necoclí,196134,0.15,periurbano,0.1575
0549010000000000010911,Necoclí,1556,0.95,urbano_denso,0.6426
0549020120600100010213,Necoclí,7811,0.6,urbano_medio,0.4808
0549020120600100010216,Necoclí,4142,0.8,urbano_denso,0.5444
0549020120600100010416,Necoclí,16821,0.35,urbano_medio,0.4039
0565920010300300010138,San Juan de Urabá,2194,0.8,urbano_denso,0.6081
0565910000000000010207,San Juan de Urabá,3609,0.8,urbano_denso,0.5583
0566510000000000010356,San Pedro de Urabá,9189,0.6,urbano_medio,0.4645
0566510000000000010543,San Pedro de Urabá,4341,0.8,urbano_denso,0.5397
0566510000000000011019,San Pedro de Urabá,10392,0.6,urbano_medio,0.4522
0566510000000000020107,San Pedro de Urabá,1511,0.95,urbano_denso,0.6455
0566520040200800010105,San Pedro de Urabá,5056,0.6,urbano_medio,0.5244
0566520040200800010114,San Pedro de Urabá,2570,0.8,urbano_denso,0.5923
0583720090700100010116,Turbo,3626,0.8,urbano_denso,0.5578
0583720090700100010518,Turbo,23287,0.35,urbano_medio,0.3712
0583720090700100010601,Turbo,3949,0.8,urbano_denso,0.5492
0583720090700100020122,Turbo,13801,0.6,urbano_medio,0.4237
0583720090700100020327,Turbo,679,0.95,urbano_denso,0.7257
0583720100700200020518,Turbo,182,0.95,urbano_denso,0.8573
0583720050200500010103,Turbo,3845,0.8,urbano_denso,0.5519
0583720100400800010109,Turbo,843,0.95,urbano_denso,0.7041
0583720030803200010105,Turbo,47384,0.35,urbano_medio,0.3
0583720090503500010106,Turbo,10596,0.6,urbano_medio,0.4502
0583720010203800010112,Turbo,21700,0.35,urbano_medio,0.3783
0514710000000000010517,Carepa,6267,0.6,urbano_medio,0.5029
0514710000000000020204,Carepa,23108,0.35,urbano_medio,0.372
0514710000000000020205,Carepa,101021,0.15,periurbano,0.224
0514710000000000030223,Carepa,2780,0.8,urbano_denso,0.5844
0514710000000000030314,Carepa,3571,0.8,urbano_denso,0.5593
0514710000000000030554,Carepa,1832,0.95,urbano_denso,0.6262
0514710000000000030614,Carepa,2500,0.8,urbano_denso,0.5951
0514720011001000010140,Carepa,1476,0.95,urbano_denso,0.6479
0517210000000000020218,Chigorodó,1799,0.95,urbano_denso,0.628
0517210000000000020314,Chigorodó,2765,0.8,urbano_denso,0.585
0517210000000000020319,Chigorodó,2545,0.8,urbano_denso,0.5933
0517210000000000020409,Chigorodó,3073,0.8,urbano_denso,0.5744
0517210000000000020412,Chigorodó,2900,0.8,urbano_denso,0.5802
0517210000000000030112,Chigorodó,6396,0.6,urbano_medio,0.5008
0517210000000000030206,Chigorodó,4510,0.8,urbano_denso,0.5359
0517210000000000060103,Chigorodó,2463,0.8,urbano_denso,0.5966
0517210000000000060433,Chigorodó,1058,0.95,urbano_denso,0.6813
0517210000000000060207,Chigorodó,2521,0.8,urbano_denso,0.5942
0517210000000000060424,Chigorodó,359,0.95,urbano_denso,0.7895
0517210000000000060805,Chigorodó,2884,0.8,urbano_denso,0.5807
0517210000000000060810,Chigorodó,2618,0.8,urbano_denso,0.5904
0517210000000000061016,Chigorodó,1880,0.95,urbano_denso,0.6236
0549020030200400010130,Necoclí,3744,0.8,urbano_denso,0.5546
0565910000000000010116,San Juan de Urabá,3724,0.8,urbano_denso,0.5551
0565910000000000010711,San Juan de Urabá,4565,0.8,urbano_denso,0.5347
0583720110201800010218,Turbo,3315,0.8,urbano_denso,0.5668
0505120030200800010106,Arboletes,3323,0.8,urbano_denso,0.5665
0504520020500200010301,Apartadó,6847,0.6,urbano_medio,0.494
0504520020300900010223,Apartadó,3038,0.8,urbano_denso,0.5755
0505110000000000010546,Arboletes,1570,0.95,urbano_denso,0.6417
0505110000000000011007,Arboletes,1812,0.95,urbano_denso,0.6273
0514710000000000010804,Carepa,1728,0.95,urbano_denso,0.6321
0514710000000000020604,Carepa,1568,0.95,urbano_denso,0.6418
0514710000000000030632,Carepa,384,0.95,urbano_denso,0.7828
0549020120600100010231,Necoclí,4419,0.8,urbano_denso,0.5379
0549020030300200010123,Necoclí,3607,0.8,urbano_denso,0.5583
0549020120100700010102,Necoclí,10373,0.6,urbano_medio,0.4524
0565920010100100010112,San Juan de Urabá,3180,0.8,urbano_denso,0.5709
0565920010100100010128,San Juan de Urabá,8737,0.6,urbano_medio,0.4696
0566510000000000010538,San Pedro de Urabá,4015,0.8,urbano_denso,0.5475
0583720090600300010206,Turbo,1175,0.95,urbano_denso,0.6707
0583720100400800010303,Turbo,282,0.95,urbano_denso,0.8136
0583720090700100010318,Turbo,2172,0.8,urbano_denso,0.6092
0583720100700200010522,Turbo,3339,0.8,urbano_denso,0.566
0583720020101300010118,Turbo,5090,0.6,urbano_medio,0.5238
0583720090302300010104,Turbo,17664,0.35,urbano_medio,0.399
0504520020300900010206,Apartadó,1457,0.95,urbano_denso,0.6492
0504520010101600010106,Apartadó,4440,0.8,urbano_denso,0.5375
0505120030200800010110,Arboletes,4741,0.8,urbano_denso,0.5309
0514710000000000030536,Carepa,1895,0.95,urbano_denso,0.6228
0517220060601500010103,Chigorodó,2992,0.8,urbano_denso,0.577
0549020050300500010104,Necoclí,4581,0.8,urbano_denso,0.5343
0549010000000000010202,Necoclí,9798,0.6,urbano_medio,0.4581
0549010000000000010335,Necoclí,5424,0.6,urbano_medio,0.5174
0549010000000000010827,Necoclí,773,0.95,urbano_denso,0.7127
0549020120300300010115,Necoclí,4917,0.8,urbano_denso,0.5272
0549020040400900010121,Necoclí,24988,0.35,urbano_medio,0.3642
0549020090501500010127,Necoclí,2135,0.8,urbano_denso,0.6109
0565910000000000010209,San Juan de Urabá,6554,0.6,urbano_medio,0.4984
0566520020300300010110,San Pedro de Urabá,1033,0.95,urbano_denso,0.6837
0583720090700100010418,Turbo,2212,0.8,urbano_denso,0.6073
0514710000000000010408,Carepa,2621,0.8,urbano_denso,0.5903
0514710000000000010521,Carepa,4539,0.8,urbano_denso,0.5352
0514710000000000010718,Carepa,1316,0.95,urbano_denso,0.6594
0514710000000000010816,Carepa,3988,0.8,urbano_denso,0.5482
0514710000000000020218,Carepa,4340,0.8,urbano_denso,0.5397
0514710000000000020801,Carepa,2039,0.8,urbano_denso,0.6155
0517210000000000010104,Chigorodó,4885,0.8,urbano_denso,0.5279
0517210000000000010122,Chigorodó,3177,0.8,urbano_denso,0.571
0517210000000000010610,Chigorodó,4504,0.8,urbano_denso,0.536
0517210000000000020307,Chigorodó,7700,0.6,urbano_medio,0.4822
0517210000000000020310,Chigorodó,18547,0.35,urbano_medio,0.3941
0517210000000000020323,Chigorodó,2540,0.8,urbano_denso,0.5935
0517210000000000020333,Chigorodó,4119,0.8,urbano_denso,0.545
0517210000000000030116,Chigorodó,4006,0.8,urbano_denso,0.5478
0517210000000000050401,Chigorodó,3230,0.8,urbano_denso,0.5694
0517210000000000050802,Chigorodó,1323,0.95,urbano_denso,0.6589
0517210000000000060513,Chigorodó,896,0.95,urbano_denso,0.6979
0517210000000000060908,Chigorodó,2931,0.8,urbano_denso,0.5791
0549020030200400010105,Necoclí,4552,0.8,urbano_denso,0.535
0549020030200400010108,Necoclí,6076,0.6,urbano_medio,0.506
0549020050300500010214,Necoclí,1678,0.95,urbano_denso,0.635
0565910000000000010218,San Juan de Urabá,50979,0.15,periurbano,0.2927
0505120060600500010101,Arboletes,3453,0.8,urbano_denso,0.5627
0504520050300100010108,Apartadó,8306,0.6,urbano_medio,0.4747
0504520030101500010114,Apartadó,2849,0.8,urbano_denso,0.5819
0505110000000000010610,Arboletes,8650,0.6,urbano_medio,0.4706
0514710000000000030415,Carepa,1251,0.95,urbano_denso,0.6644
0549020120600100010206,Necoclí,4504,0.8,urbano_denso,0.536
0549020120301400010101,Necoclí,1433,0.95,urbano_denso,0.6509
0565920020500200010102,San Juan de Urabá,4353,0.8,urbano_denso,0.5394
0566510000000000020114,San Pedro de Urabá,1953,0.95,urbano_denso,0.6198
0583720090600300010306,Turbo,2556,0.8,urbano_denso,0.5928
0583720100400800010404,Turbo,968,0.95,urbano_denso,0.6901
0504520010101600010110,Apartadó,3582,0.8,urbano_denso,0.559
0504520020300900010111,Apartadó,2872,0.8,urbano_denso,0.5811
0504520010301100010107,Apartadó,5994,0.6,urbano_medio,0.5074
0504520030101500010122,Apartadó,1562,0.95,urbano_denso,0.6422
0505110000000000010320,Arboletes,2161,0.8,urbano_denso,0.6097
0505110000000000010347,Arboletes,600,0.95,urbano_denso,0.7381
0505110000000000010708,Arboletes,1410,0.95,urbano_denso,0.6525
0505120040101000010112,Arboletes,6663,0.6,urbano_medio,0.4968
0505120030101100010122,Arboletes,3839,0.8,urbano_denso,0.552
0505120030101100010129,Arboletes,5747,0.6,urbano_medio,0.5116
0514710000000000010209,Carepa,6970,0.6,urbano_medio,0.4922
0514710000000000020402,Carepa,1792,0.95,urbano_denso,0.6285
0514710000000000020611,Carepa,1823,0.95,urbano_denso,0.6267
0514710000000000030218,Carepa,1755,0.95,urbano_denso,0.6305
0583720090700100010402,Turbo,2124,0.8,urbano_denso,0.6114
0549020120600100010109,Necoclí,55521,0.15,periurbano,0.2841
0549010000000000010113,Necoclí,20046,0.35,urbano_medio,0.3863
0549010000000000010213,Necoclí,5750,0.6,urbano_medio,0.5115
0549010000000000010438,Necoclí,1000,0.95,urbano_denso,0.6869
0549020030300200010215,Necoclí,5496,0.6,urbano_medio,0.5161
0549020090200800010110,Necoclí,2815,0.8,urbano_denso,0.5832
0549020090200800010111,Necoclí,4063,0.8,urbano_denso,0.5464
0549020090501500010101,Necoclí,3708,0.8,urbano_denso,0.5555
0549020090501500010104,Necoclí,6713,0.6,urbano_medio,0.496
0566510000000000010163,San Pedro de Urabá,3258,0.8,urbano_denso,0.5685
0566510000000000010821,San Pedro de Urabá,4581,0.8,urbano_denso,0.5343
0566510000000000011021,San Pedro de Urabá,9989,0.6,urbano_medio,0.4561
0566520040200200010105,San Pedro de Urabá,7625,0.6,urbano_medio,0.4832
0583720090700100010210,Turbo,2264,0.8,urbano_denso,0.605
0583720090700100010613,Turbo,5457,0.6,urbano_medio,0.5168
0583720090700100010730,Turbo,2174,0.8,urbano_denso,0.6091
0583720090700100020316,Turbo,3631,0.8,urbano_denso,0.5576
0583720090700100020375,Turbo,1759,0.95,urbano_denso,0.6303
0583720100700200020122,Turbo,26066,0.35,urbano_medio,0.3599
0583720090600300010343,Turbo,11682,0.6,urbano_medio,0.4404
0583720100400800010419,Turbo,4268,0.8,urbano_denso,0.5414
0583720100400800010424,Turbo,736,0.95,urbano_denso,0.7177
0583720080301000010120,Turbo,4912,0.8,urbano_denso,0.5273
0583720080301000010126,Turbo,3261,0.8,urbano_denso,0.5684
0583720020101300010120,Turbo,5516,0.6,urbano_medio,0.5157
0583720050202800010108,Turbo,8316,0.6,urbano_medio,0.4745
0514710000000000030209,Carepa,1019,0.95,urbano_denso,0.685
0517210000000000020212,Chigorodó,5240,0.6,urbano_medio,0.5208
0517210000000000050422,Chigorodó,3017,0.8,urbano_denso,0.5762
0514710000000000020235,Carepa,815,0.95,urbano_denso,0.7074
0514710000000000020240,Carepa,1039,0.95,urbano_denso,0.683
0514710000000000020313,Carepa,3622,0.8,urbano_denso,0.5579
0514720011001000010142,Carepa,1160,0.95,urbano_denso,0.672
0517210000000000060417,Chigorodó,2128,0.8,urbano_denso,0.6112
0517210000000000060715,Chigorodó,1308,0.95,urbano_denso,0.66
0549020030200400010133,Necoclí,2975,0.8,urbano_denso,0.5776
0549020090501500010118,Necoclí,3393,0.8,urbano_denso,0.5644
0565910000000000010410,San Juan de Urabá,22194,0.35,urbano_medio,0.3761
0583720110201800010210,Turbo,4157,0.8,urbano_denso,0.5441
0505110000000000010135,Arboletes,3124,0.8,urbano_denso,0.5727
0505120030200800010111,Arboletes,2474,0.8,urbano_denso,0.5961
0514710000000000010226,Carepa,430,0.95,urbano_denso,0.7714
0514710000000000020308,Carepa,1802,0.95,urbano_denso,0.6279
0514710000000000020513,Carepa,762,0.95,urbano_denso,0.7142
0514710000000000030522,Carepa,2069,0.8,urbano_denso,0.614
0583720100400800010209,Turbo,868,0.95,urbano_denso,0.7011
0549010000000000010209,Necoclí,6337,0.6,urbano_medio,0.5018
0549010000000000010302,Necoclí,4247,0.8,urbano_denso,0.5419
0549010000000000010437,Necoclí,51059,0.15,periurbano,0.2925
0549020120600100010212,Necoclí,4219,0.8,urbano_denso,0.5426
0549020120600100010305,Necoclí,5041,0.6,urbano_medio,0.5247
0549020120300300010110,Necoclí,2081,0.8,urbano_denso,0.6134
0565920010100500010103,San Juan de Urabá,7866,0.6,urbano_medio,0.4801
0565920010200600010103,San Juan de Urabá,11062,0.6,urbano_medio,0.4459
0583720090700100010317,Turbo,2876,0.8,urbano_denso,0.581
0583720090700100010323,Turbo,13124,0.6,urbano_medio,0.4288
0583720090700100010603,Turbo,3058,0.8,urbano_denso,0.5749
0583720090700100010720,Turbo,5422,0.6,urbano_medio,0.5174
0583720090700100020202,Turbo,3698,0.8,urbano_denso,0.5558
0583720090700100020310,Turbo,3479,0.8,urbano_denso,0.5619
0583720090700100020333,Turbo,2029,0.8,urbano_denso,0.616
0583720090600300010334,Turbo,8655,0.6,urbano_medio,0.4705
0583720070201200010108,Turbo,3476,0.8,urbano_denso,0.562
0583720070201200010131,Turbo,1840,0.95,urbano_denso,0.6258
0583720020101300010103,Turbo,3502,0.8,urbano_denso,0.5613
0504520010301100010217,Apartadó,2349,0.8,urbano_denso,0.6013
0504520050300100010107,Apartadó,3041,0.8,urbano_denso,0.5754
0504520020300900010208,Apartadó,2600,0.8,urbano_denso,0.5911
0504520010101600010116,Apartadó,1125,0.95,urbano_denso,0.6751
0505110000000000010107,Arboletes,3540,0.8,urbano_denso,0.5602
0505110000000000010314,Arboletes,441,0.95,urbano_denso,0.7688
0505110000000000010607,Arboletes,11325,0.6,urbano_medio,0.4435
0505120030101100010124,Arboletes,2568,0.8,urbano_denso,0.5924
0514710000000000010723,Carepa,1340,0.95,urbano_denso,0.6576
0514710000000000020404,Carepa,965,0.95,urbano_denso,0.6905
0514710000000000020616,Carepa,1802,0.95,urbano_denso,0.6279
0514710000000000030303,Carepa,4337,0.8,urbano_denso,0.5398
0514710000000000030552,Carepa,845,0.95,urbano_denso,0.7037
0549010000000000010301,Necoclí,47204,0.35,urbano_medio,0.3004
0549010000000000010607,Necoclí,21186,0.35,urbano_medio,0.3807
0549010000000000010905,Necoclí,1560,0.95,urbano_denso,0.6423
0549010000000000010910,Necoclí,1738,0.95,urbano_denso,0.6315
0549020120600100010124,Necoclí,5011,0.6,urbano_medio,0.5253
0549020040400900010115,Necoclí,22415,0.35,urbano_medio,0.3751
0565920010100100010120,San Juan de Urabá,28495,0.35,urbano_medio,0.351
0565920010300300010114,San Juan de Urabá,7484,0.6,urbano_medio,0.4851
0566510000000000010348,San Pedro de Urabá,10715,0.6,urbano_medio,0.4491
0583720090700100010401,Turbo,2746,0.8,urbano_denso,0.5856
0583720090700100020323,Turbo,1371,0.95,urbano_denso,0.6553
0583720090700100020415,Turbo,1524,0.95,urbano_denso,0.6447
0583720100700200020217,Turbo,925,0.95,urbano_denso,0.6947
0514710000000000010332,Carepa,2415,0.8,urbano_denso,0.5985
0514710000000000030202,Carepa,1209,0.95,urbano_denso,0.6679
0517210000000000010613,Chigorodó,4697,0.8,urbano_denso,0.5318
0517210000000000020206,Chigorodó,1967,0.95,urbano_denso,0.6191
0517210000000000020415,Chigorodó,3241,0.8,urbano_denso,0.569
0517210000000000020421,Chigorodó,6217,0.6,urbano_medio,0.5037
0517210000000000030213,Chigorodó,2982,0.8,urbano_denso,0.5774
0517210000000000030218,Chigorodó,675,0.95,urbano_denso,0.7263
0517210000000000040107,Chigorodó,20987,0.35,urbano_medio,0.3817
0517210000000000050202,Chigorodó,1614,0.95,urbano_denso,0.6389
0517210000000000050315,Chigorodó,2973,0.8,urbano_denso,0.5777
0517210000000000050524,Chigorodó,3184,0.8,urbano_denso,0.5708
0517210000000000050605,Chigorodó,869,0.95,urbano_denso,0.701
0517210000000000050811,Chigorodó,2248,0.8,urbano_denso,0.6057
0517210000000000060119,Chigorodó,2580,0.8,urbano_denso,0.5919
0517210000000000060418,Chigorodó,1857,0.95,urbano_denso,0.6249
0517210000000000060515,Chigorodó,2787,0.8,urbano_denso,0.5842
0517210000000000060611,Chigorodó,2496,0.8,urbano_denso,0.5952
0517210000000000060716,Chigorodó,2198,0.8,urbano_denso,0.608
0517210000000000060738,Chigorodó,2599,0.8,urbano_denso,0.5911
0549020090501500010110,Necoclí,7335,0.6,urbano_medio,0.4871
0549020090501500010128,Necoclí,6139,0.6,urbano_medio,0.505
0565910000000000010101,San Juan de Urabá,15620,0.35,urbano_medio,0.4113
0565910000000000010519,San Juan de Urabá,1101,0.95,urbano_denso,0.6773
0566510000000000010861,San Pedro de Urabá,82026,0.15,periurbano,0.2449
0583720110201800010128,Turbo,2721,0.8,urbano_denso,0.5866
0583720110201800010131,Turbo,1701,0.95,urbano_denso,0.6336
0505120020500300010117,Arboletes,739,0.95,urbano_denso,0.7172
0566520020300300010106,San Pedro de Urabá,1659,0.95,urbano_denso,0.6362
0583720100700200010518,Turbo,4395,0.8,urbano_denso,0.5385
0583720100400800010402,Turbo,3093,0.8,urbano_denso,0.5737
0583720100400800010412,Turbo,12020,0.6,urbano_medio,0.4376
0504520020500200010303,Apartadó,4700,0.8,urbano_denso,0.5318
0504520020300300010109,Apartadó,46676,0.35,urbano_medio,0.3015
0505110000000000010345,Arboletes,637,0.95,urbano_denso,0.7321
0505110000000000010409,Arboletes,6271,0.6,urbano_medio,0.5028
0505110000000000010707,Arboletes,3922,0.8,urbano_denso,0.5499
0505120030200800010105,Arboletes,4109,0.8,urbano_denso,0.5452
0505120030200900010116,Arboletes,7911,0.6,urbano_medio,0.4795
0514710000000000020101,Carepa,1381,0.95,urbano_denso,0.6546
0514710000000000020112,Carepa,2186,0.8,urbano_denso,0.6085
0514710000000000030642,Carepa,623,0.95,urbano_denso,0.7343
0514710000000000030644,Carepa,2756,0.8,urbano_denso,0.5853
0549010000000000010225,Necoclí,4933,0.8,urbano_denso,0.5269
0549020120300300010101,Necoclí,3360,0.8,urbano_denso,0.5654
0565920010100100010105,San Juan de Urabá,2901,0.8,urbano_denso,0.5801
0566510000000000010118,San Pedro de Urabá,2945,0.8,urbano_denso,0.5786
0566510000000000010422,San Pedro de Urabá,3723,0.8,urbano_denso,0.5551
0566520010100400010112,San Pedro de Urabá,3538,0.8,urbano_denso,0.5602
0583720090700100010122,Turbo,255,0.95,urbano_denso,0.8236
0583720090700100020345,Turbo,1771,0.95,urbano_denso,0.6296
0583720090700100020515,Turbo,3675,0.8,urbano_denso,0.5564
0583720090600300010307,Turbo,2342,0.8,urbano_denso,0.6016
0583720020101300010201,Turbo,8304,0.6,urbano_medio,0.4747
0504520020500200010211,Apartadó,2337,0.8,urbano_denso,0.6018
0504520020300900010320,Apartadó,1266,0.95,urbano_denso,0.6633
0505110000000000010209,Arboletes,546,0.95,urbano_denso,0.7475
0505110000000000010533,Arboletes,7004,0.6,urbano_medio,0.4917
0505120060400100010111,Arboletes,1136,0.95,urbano_denso,0.6742
0505120020500300010118,Arboletes,6259,0.6,urbano_medio,0.503
0514720010601300010109,Carepa,6847,0.6,urbano_medio,0.494
0549010000000000010235,Necoclí,20028,0.35,urbano_medio,0.3864
0549020120600100010409,Necoclí,3835,0.8,urbano_denso,0.5522
0549020120300300010139,Necoclí,950,0.95,urbano_denso,0.692
0549020090501500010108,Necoclí,1996,0.95,urbano_denso,0.6176
0565920010100100010102,San Juan de Urabá,4467,0.8,urbano_denso,0.5369
0583720090700100020417,Turbo,3730,0.8,urbano_denso,0.5549
0583720090700100020509,Turbo,3770,0.8,urbano_denso,0.5539
0583720100700200020101,Turbo,4704,0.8,urbano_denso,0.5317
0583720100700200020405,Turbo,1863,0.95,urbano_denso,0.6245
0583720010203800010104,Turbo,44142,0.35,urbano_medio,0.3071
0514720011001000010105,Carepa,2610,0.8,urbano_denso,0.5908
0514710000000000010617,Carepa,4188,0.8,urbano_denso,0.5433
0514710000000000010619,Carepa,8283,0.6,urbano_medio,0.4749
0514710000000000030112,Carepa,1041,0.95,urbano_denso,0.6829
0514710000000000030311,Carepa,1322,0.95,urbano_denso,0.6589
0514720010700700010108,Carepa,3414,0.8,urbano_denso,0.5638
0514720010700700010119,Carepa,811,0.95,urbano_denso,0.7079
0514720010700700010125,Carepa,1079,0.95,urbano_denso,0.6793
0517210000000000010110,Chigorodó,3334,0.8,urbano_denso,0.5662
0517210000000000010209,Chigorodó,1292,0.95,urbano_denso,0.6613
0517210000000000010507,Chigorodó,3314,0.8,urbano_denso,0.5668
0517210000000000010709,Chigorodó,2035,0.8,urbano_denso,0.6157
0517210000000000020208,Chigorodó,2281,0.8,urbano_denso,0.6043
0517210000000000020302,Chigorodó,1941,0.95,urbano_denso,0.6204
0517210000000000060410,Chigorodó,2140,0.8,urbano_denso,0.6106
0517210000000000060420,Chigorodó,1178,0.95,urbano_denso,0.6705
0517210000000000060508,Chigorodó,2815,0.8,urbano_denso,0.5832
0517210000000000060520,Chigorodó,2806,0.8,urbano_denso,0.5835
0517210000000000060812,Chigorodó,887,0.95,urbano_denso,0.699
0565910000000000010106,San Juan de Urabá,3105,0.8,urbano_denso,0.5733
0565910000000000010121,San Juan de Urabá,1679,0.95,urbano_denso,0.6349
0565910000000000010615,San Juan de Urabá,9868,0.6,urbano_medio,0.4574
0583720110201800010201,Turbo,8906,0.6,urbano_medio,0.4677
0583720110201800010328,Turbo,2452,0.8,urbano_denso,0.597
0517220070300300010109,Chigorodó,3200,0.8,urbano_denso,0.5703
0504520010101400010113,Apartadó,6057,0.6,urbano_medio,0.5063
0505110000000000010537,Arboletes,4013,0.8,urbano_denso,0.5476
0517220100400700010105,Chigorodó,13716,0.6,urbano_medio,0.4243
0549020120600100010214,Necoclí,4243,0.8,urbano_denso,0.542
0565920010100100010117,San Juan de Urabá,6497,0.6,urbano_medio,0.4993
0566510000000000010421,San Pedro de Urabá,5395,0.6,urbano_medio,0.5179
0583720090700100010206,Turbo,3804,0.8,urbano_denso,0.553
0583720090700100020362,Turbo,1637,0.95,urbano_denso,0.6375
0583720090700100020439,Turbo,3599,0.8,urbano_denso,0.5585
0583720100700200010313,Turbo,3308,0.8,urbano_denso,0.567
0583720100700200010407,Turbo,2165,0.8,urbano_denso,0.6095
0583720100700200010510,Turbo,3523,0.8,urbano_denso,0.5607
0583720080301000010113,Turbo,5622,0.6,urbano_medio,0.5138
0583720020101300010111,Turbo,2610,0.8,urbano_denso,0.5907
0583720030803200010101,Turbo,13741,0.6,urbano_medio,0.4242
0504520010301100010209,Apartadó,1993,0.95,urbano_denso,0.6178
0504520020500200010106,Apartadó,2923,0.8,urbano_denso,0.5794
0504520020300300010108,Apartadó,19453,0.35,urbano_medio,0.3893
0504520020300900010129,Apartadó,4565,0.8,urbano_denso,0.5347
0504520020300900010327,Apartadó,1293,0.95,urbano_denso,0.6611
0504520030101500010106,Apartadó,2412,0.8,urbano_denso,0.5987
0505110000000000010222,Arboletes,1689,0.95,urbano_denso,0.6344
0505110000000000010709,Arboletes,1610,0.95,urbano_denso,0.6392
0505110000000000011020,Arboletes,2695,0.8,urbano_denso,0.5875
0505110000000000011021,Arboletes,2554,0.8,urbano_denso,0.5929
0514710000000000010116,Carepa,1394,0.95,urbano_denso,0.6536
0514710000000000030237,Carepa,1767,0.95,urbano_denso,0.6298
0514710000000000030416,Carepa,2025,0.8,urbano_denso,0.6162
0549020120600100010228,Necoclí,3338,0.8,urbano_denso,0.5661
0549020120600100010401,Necoclí,5567,0.6,urbano_medio,0.5148
0549020030300200010221,Necoclí,3198,0.8,urbano_denso,0.5704
0566510000000000010502,San Pedro de Urabá,6416,0.6,urbano_medio,0.5005
0566510000000000010665,San Pedro de Urabá,1583,0.95,urbano_denso,0.6408
0583720090700100010107,Turbo,3232,0.8,urbano_denso,0.5693
0583720090700100010218,Turbo,1751,0.95,urbano_denso,0.6307
0583720100700200010203,Turbo,1412,0.95,urbano_denso,0.6523
0583720100700200010504,Turbo,2125,0.8,urbano_denso,0.6114
0583720100700200020510,Turbo,2437,0.8,urbano_denso,0.5976
0583720050200500010117,Turbo,6396,0.6,urbano_medio,0.5008
0583720090402400010113,Turbo,2474,0.8,urbano_denso,0.5961
0583720090103900010117,Turbo,1329,0.95,urbano_denso,0.6584
0583720010204000010103,Turbo,11388,0.6,urbano_medio,0.443
0514710000000000020116,Carepa,10572,0.6,urbano_medio,0.4504
0514710000000000020807,Carepa,3284,0.8,urbano_denso,0.5677
0514710000000000030220,Carepa,1717,0.95,urbano_denso,0.6327
0514710000000000030422,Carepa,1476,0.95,urbano_denso,0.6479
0514710000000000030507,Carepa,2394,0.8,urbano_denso,0.5994
0514720010700700010121,Carepa,1227,0.95,urbano_denso,0.6664
0514720010700700010131,Carepa,4865,0.8,urbano_denso,0.5283
0517210000000000010210,Chigorodó,1088,0.95,urbano_denso,0.6785
0517210000000000010701,Chigorodó,1565,0.95,urbano_denso,0.642
0517210000000000020506,Chigorodó,2179,0.8,urbano_denso,0.6088
0517210000000000050206,Chigorodó,1525,0.95,urbano_denso,0.6446
0517210000000000050601,Chigorodó,779,0.95,urbano_denso,0.7119
0517210000000000050706,Chigorodó,1435,0.95,urbano_denso,0.6507
0517210000000000060318,Chigorodó,894,0.95,urbano_denso,0.6981
0517210000000000061012,Chigorodó,689,0.95,urbano_denso,0.7242
0549020030200400010111,Necoclí,2507,0.8,urbano_denso,0.5948
0565910000000000010313,San Juan de Urabá,2927,0.8,urbano_denso,0.5792
0565910000000000010516,San Juan de Urabá,4081,0.8,urbano_denso,0.5459
0565910000000000010903,San Juan de Urabá,4732,0.8,urbano_denso,0.5311
0566510000000000010152,San Pedro de Urabá,5979,0.6,urbano_medio,0.5076
0583720110201800010217,Turbo,2959,0.8,urbano_denso,0.5782
0504520010301100010109,Apartadó,3082,0.8,urbano_denso,0.5741
0504520030101500010103,Apartadó,792,0.95,urbano_denso,0.7103
0505110000000000010210,Arboletes,2811,0.8,urbano_denso,0.5833
0505110000000000010224,Arboletes,1553,0.95,urbano_denso,0.6428
0505110000000000010340,Arboletes,172,0.95,urbano_denso,0.8627
0505120040101000010105,Arboletes,5033,0.6,urbano_medio,0.5249
0505120040101000010107,Arboletes,4002,0.8,urbano_denso,0.5479
0514710000000000010120,Carepa,1023,0.95,urbano_denso,0.6846
0514710000000000010306,Carepa,3242,0.8,urbano_denso,0.569
0514710000000000030624,Carepa,1621,0.95,urbano_denso,0.6385
0517220070300300010112,Chigorodó,4171,0.8,urbano_denso,0.5437
0549010000000000010308,Necoclí,3610,0.8,urbano_denso,0.5582
0549010000000000010507,Necoclí,3578,0.8,urbano_denso,0.5591
0549020120600100010223,Necoclí,4055,0.8,urbano_denso,0.5466
0549020120600100010224,Necoclí,4331,0.8,urbano_denso,0.5399
0549020120600100010312,Necoclí,4792,0.8,urbano_denso,0.5298
0549020120600100010402,Necoclí,3167,0.8,urbano_denso,0.5713
0549020030300200010120,Necoclí,3883,0.8,urbano_denso,0.5509
0549020030300200010127,Necoclí,4542,0.8,urbano_denso,0.5352
0549020030300200010206,Necoclí,1001,0.95,urbano_denso,0.6868
0549020120300300010133,Necoclí,2526,0.8,urbano_denso,0.594
0549020120300300010134,Necoclí,9921,0.6,urbano_medio,0.4568
0549020120301000010105,Necoclí,2429,0.8,urbano_denso,0.5979
0549020090201200010104,Necoclí,7146,0.6,urbano_medio,0.4897
0583720050200500010105,Turbo,4427,0.8,urbano_denso,0.5378
0565920010100100010104,San Juan de Urabá,3060,0.8,urbano_denso,0.5748
0565920010100100010116,San Juan de Urabá,3569,0.8,urbano_denso,0.5593
0565920010300300010133,San Juan de Urabá,2470,0.8,urbano_denso,0.5963
0565920020300400010106,San Juan de Urabá,5365,0.6,urbano_medio,0.5185
0565920010100500010107,San Juan de Urabá,5398,0.6,urbano_medio,0.5179
0565920010100500010111,San Juan de Urabá,2784,0.8,urbano_denso,0.5843
0566510000000000010244,San Pedro de Urabá,4089,0.8,urbano_denso,0.5457
0566510000000000010247,San Pedro de Urabá,3185,0.8,urbano_denso,0.5708
0566510000000000010353,San Pedro de Urabá,1158,0.95,urbano_denso,0.6722
0566510000000000010406,San Pedro de Urabá,2774,0.8,urbano_denso,0.5846
0566520040200200010107,San Pedro de Urabá,12112,0.6,urbano_medio,0.4368
0566520020300300010104,San Pedro de Urabá,9968,0.6,urbano_medio,0.4563
0583720090600300010205,Turbo,5862,0.6,urbano_medio,0.5096
0583720090700100020436,Turbo,4339,0.8,urbano_denso,0.5398
0583720100700200010109,Turbo,3386,0.8,urbano_denso,0.5646
0583720100700200010211,Turbo,2012,0.8,urbano_denso,0.6168
0583720100700200020201,Turbo,1130,0.95,urbano_denso,0.6747
0583720050200500010127,Turbo,1660,0.95,urbano_denso,0.6361
0583720090402400010127,Turbo,4212,0.8,urbano_denso,0.5428
0583720090603100010101,Turbo,334,0.95,urbano_denso,0.7967
0583720090603100010102,Turbo,418,0.95,urbano_denso,0.7743
0583720090103900010113,Turbo,2138,0.8,urbano_denso,0.6107
0504520020500200010312,Apartadó,4853,0.8,urbano_denso,0.5285
0505120020500300010116,Arboletes,3462,0.8,urbano_denso,0.5624
0549010000000000010218,Necoclí,5642,0.6,urbano_medio,0.5134
0549020120600100010317,Necoclí,2815,0.8,urbano_denso,0.5832
0549020050401800010104,Necoclí,6326,0.6,urbano_medio,0.502
0566510000000000010249,San Pedro de Urabá,9924,0.6,urbano_medio,0.4568
0583720090700100010132,Turbo,4255,0.8,urbano_denso,0.5417
0583720090700100010304,Turbo,3296,0.8,urbano_denso,0.5673
0583720090700100020425,Turbo,1411,0.95,urbano_denso,0.6524
0583720100400800010204,Turbo,1008,0.95,urbano_denso,0.6861
0583720090602600010110,Turbo,3786,0.8,urbano_denso,0.5534
0583720090603100010103,Turbo,372,0.95,urbano_denso,0.7858
0514710000000000010105,Carepa,40721,0.35,urbano_medio,0.3152
0514710000000000010303,Carepa,3835,0.8,urbano_denso,0.5522
0514710000000000010706,Carepa,1907,0.95,urbano_denso,0.6222
0514710000000000010814,Carepa,2886,0.8,urbano_denso,0.5806
0514710000000000020624,Carepa,2099,0.8,urbano_denso,0.6126
0514710000000000020914,Carepa,1497,0.95,urbano_denso,0.6465
0514710000000000030226,Carepa,1736,0.95,urbano_denso,0.6316
0514710000000000030317,Carepa,9814,0.6,urbano_medio,0.4579
0517210000000000020203,Chigorodó,1974,0.95,urbano_denso,0.6188
0517210000000000010219,Chigorodó,3599,0.8,urbano_denso,0.5585
0517210000000000050403,Chigorodó,2415,0.8,urbano_denso,0.5985
0517210000000000050418,Chigorodó,1719,0.95,urbano_denso,0.6326
0517210000000000050711,Chigorodó,940,0.95,urbano_denso,0.6931
0517210000000000060209,Chigorodó,2094,0.8,urbano_denso,0.6128
0517210000000000060310,Chigorodó,2924,0.8,urbano_denso,0.5793
0517210000000000060320,Chigorodó,2830,0.8,urbano_denso,0.5826
0565910000000000010520,San Juan de Urabá,4484,0.8,urbano_denso,0.5365
0565910000000000010607,San Juan de Urabá,7109,0.6,urbano_medio,0.4903
0566510000000000010402,San Pedro de Urabá,4074,0.8,urbano_denso,0.5461
0514710000000000010729,Carepa,1743,0.95,urbano_denso,0.6312
0514710000000000020903,Carepa,3437,0.8,urbano_denso,0.5631
0517210000000000030104,Chigorodó,2490,0.8,urbano_denso,0.5955
0517210000000000030117,Chigorodó,3063,0.8,urbano_denso,0.5747
0517210000000000060416,Chigorodó,3171,0.8,urbano_denso,0.5712
0549020030200400010134,Necoclí,2765,0.8,urbano_denso,0.5849
0505110000000000010416,Arboletes,601,0.95,urbano_denso,0.7379
0505110000000000011030,Arboletes,30433,0.35,urbano_medio,0.3444
0505110000000000011043,Arboletes,914,0.95,urbano_denso,0.6959
0549010000000000010310,Necoclí,6378,0.6,urbano_medio,0.5011
0549010000000000010513,Necoclí,3370,0.8,urbano_denso,0.5651
0549010000000000010609,Necoclí,41201,0.35,urbano_medio,0.314
0549020120600100010415,Necoclí,13389,0.6,urbano_medio,0.4268
0565910000000000010406,San Juan de Urabá,3172,0.8,urbano_denso,0.5712
0583720090700100010509,Turbo,5147,0.6,urbano_medio,0.5226
0583720090700100020219,Turbo,3917,0.8,urbano_denso,0.55
0504520020500200010122,Apartadó,908,0.95,urbano_denso,0.6966
0504520020300900010125,Apartadó,1851,0.95,urbano_denso,0.6252
0504520010301100010117,Apartadó,1026,0.95,urbano_denso,0.6844
0504520010101600010118,Apartadó,887,0.95,urbano_denso,0.6989
0505110000000000010118,Arboletes,8416,0.6,urbano_medio,0.4733
0505110000000000010316,Arboletes,3714,0.8,urbano_denso,0.5554
0505110000000000010342,Arboletes,648,0.95,urbano_denso,0.7304
0505120060400100010113,Arboletes,7675,0.6,urbano_medio,0.4826
0505120030101100010133,Arboletes,3621,0.8,urbano_denso,0.5579
0514710000000000010204,Carepa,1641,0.95,urbano_denso,0.6373
0514710000000000010227,Carepa,1815,0.95,urbano_denso,0.6272
0514710000000000020429,Carepa,880,0.95,urbano_denso,0.6997
0514710000000000030219,Carepa,1678,0.95,urbano_denso,0.635
0583720030802900010118,Turbo,729,0.95,urbano_denso,0.7185
0549010000000000010120,Necoclí,5499,0.6,urbano_medio,0.516
0566510000000000011012,San Pedro de Urabá,2195,0.8,urbano_denso,0.6081
0549010000000000010106,Necoclí,6268,0.6,urbano_medio,0.5029
0549010000000000010608,Necoclí,16502,0.35,urbano_medio,0.4058
0549010000000000010825,Necoclí,1078,0.95,urbano_denso,0.6794
0549010000000000010829,Necoclí,646,0.95,urbano_denso,0.7307
0549020030300200010204,Necoclí,1060,0.95,urbano_denso,0.6811
0565910000000000010511,San Juan de Urabá,4069,0.8,urbano_denso,0.5462
0565920010100100010131,San Juan de Urabá,2593,0.8,urbano_denso,0.5914
0565920010300300010107,San Juan de Urabá,2442,0.8,urbano_denso,0.5974
0566510000000000010112,San Pedro de Urabá,14186,0.6,urbano_medio,0.421
0566510000000000010431,San Pedro de Urabá,3489,0.8,urbano_denso,0.5616
0566510000000000010813,San Pedro de Urabá,15318,0.35,urbano_medio,0.4133
0566520010100400010105,San Pedro de Urabá,3973,0.8,urbano_denso,0.5486
0566520040200800010113,San Pedro de Urabá,1032,0.95,urbano_denso,0.6837
0583720090700100010201,Turbo,2592,0.8,urbano_denso,0.5914
0583720090700100010204,Turbo,3563,0.8,urbano_denso,0.5595
0583720090700100020374,Turbo,3921,0.8,urbano_denso,0.5499
0583720090700100020411,Turbo,3718,0.8,urbano_denso,0.5553
0583720100700200010506,Turbo,3610,0.8,urbano_denso,0.5582
0583720100700200020210,Turbo,619,0.95,urbano_denso,0.7349
0583720100700200020414,Turbo,2719,0.8,urbano_denso,0.5866
0583720090600300010313,Turbo,2499,0.8,urbano_denso,0.5951
0583720090600300010326,Turbo,7175,0.6,urbano_medio,0.4893
0583720030803200010111,Turbo,38374,0.35,urbano_medio,0.3211
0583720010203800010111,Turbo,5136,0.6,urbano_medio,0.5229
0583720090103900010108,Turbo,7281,0.6,urbano_medio,0.4879
0583720050604200010103,Turbo,1956,0.95,urbano_denso,0.6196
0514710000000000020501,Carepa,3064,0.8,urbano_denso,0.5747
0514710000000000020623,Carepa,1807,0.95,urbano_denso,0.6276
0514710000000000030211,Carepa,1965,0.95,urbano_denso,0.6192
0514710000000000030231,Carepa,1169,0.95,urbano_denso,0.6713
0514710000000000030232,Carepa,1268,0.95,urbano_denso,0.6631
0514710000000000030539,Carepa,1179,0.95,urbano_denso,0.6704
0517210000000000010124,Chigorodó,1604,0.95,urbano_denso,0.6395
0517210000000000010307,Chigorodó,1868,0.95,urbano_denso,0.6243
0517210000000000010702,Chigorodó,1428,0.95,urbano_denso,0.6512
0517210000000000010804,Chigorodó,2084,0.8,urbano_denso,0.6133
0517210000000000020320,Chigorodó,3470,0.8,urbano_denso,0.5622
0517210000000000020411,Chigorodó,1430,0.95,urbano_denso,0.6511
0517210000000000030209,Chigorodó,8951,0.6,urbano_medio,0.4671
0517210000000000050124,Chigorodó,2850,0.8,urbano_denso,0.5819
0517210000000000050710,Chigorodó,19515,0.35,urbano_medio,0.389
0517210000000000060118,Chigorodó,2715,0.8,urbano_denso,0.5868
0517210000000000060403,Chigorodó,2371,0.8,urbano_denso,0.6004
0517210000000000060605,Chigorodó,2595,0.8,urbano_denso,0.5913
0517210000000000060630,Chigorodó,1282,0.95,urbano_denso,0.662
0549020030200400010104,Necoclí,12610,0.6,urbano_medio,0.4328
0565910000000000010120,San Juan de Urabá,8076,0.6,urbano_medio,0.4775
0565910000000000010619,San Juan de Urabá,1781,0.95,urbano_denso,0.6291
0566510000000000020111,San Pedro de Urabá,63551,0.15,periurbano,0.2705
0583720030802900010112,Turbo,2285,0.8,urbano_denso,0.6041
0504520050300100010112,Apartadó,1516,0.95,urbano_denso,0.6452
0504520020500200010103,Apartadó,1726,0.95,urbano_denso,0.6322
0504520020300900010302,Apartadó,731,0.95,urbano_denso,0.7183
0505110000000000011005,Arboletes,2454,0.8,urbano_denso,0.5969
0514710000000000020304,Carepa,1810,0.95,urbano_denso,0.6274
0583720100400800010104,Turbo,1939,0.95,urbano_denso,0.6205
0549010000000000010402,Necoclí,3370,0.8,urbano_denso,0.5651
0549020120600100010128,Necoclí,5928,0.6,urbano_medio,0.5085
0565910000000000010110,San Juan de Urabá,3294,0.8,urbano_denso,0.5674
0566510000000000010220,San Pedro de Urabá,3067,0.8,urbano_denso,0.5745
0566520010100400010101,San Pedro de Urabá,43543,0.35,urbano_medio,0.3085
0583720050200500010109,Turbo,4877,0.8,urbano_denso,0.528
0583720090700100020217,Turbo,3628,0.8,urbano_denso,0.5577
0583720090700100020413,Turbo,3839,0.8,urbano_denso,0.552
0583720090600300010324,Turbo,3181,0.8,urbano_denso,0.5709
0583720100400800010313,Turbo,1891,0.95,urbano_denso,0.6231
0583720100400800010411,Turbo,6446,0.6,urbano_medio,0.5001
0583720230401400010106,Turbo,2927,0.8,urbano_denso,0.5792
0583720090102700010105,Turbo,11646,0.6,urbano_medio,0.4407
0583720030802900010126,Turbo,21386,0.35,urbano_medio,0.3798
0583720050604200010109,Turbo,6684,0.6,urbano_medio,0.4964
0505110000000000010108,Arboletes,1617,0.95,urbano_denso,0.6388
0505110000000000010512,Arboletes,6709,0.6,urbano_medio,0.4961
0505120060400100010102,Arboletes,4493,0.8,urbano_denso,0.5363
0514710000000000010208,Carepa,7348,0.6,urbano_medio,0.4869
0514710000000000010210,Carepa,4299,0.8,urbano_denso,0.5407
0514710000000000010222,Carepa,284,0.95,urbano_denso,0.813
0514710000000000020709,Carepa,604,0.95,urbano_denso,0.7374
0549020090200800010117,Necoclí,1256,0.95,urbano_denso,0.664
0549010000000000010129,Necoclí,2716,0.8,urbano_denso,0.5868
0549010000000000010332,Necoclí,2344,0.8,urbano_denso,0.6015
0549010000000000010601,Necoclí,85599,0.15,periurbano,0.2407
0549010000000000010612,Necoclí,7368,0.6,urbano_medio,0.4867
0549010000000000010912,Necoclí,1641,0.95,urbano_denso,0.6373
0549020090200800010118,Necoclí,3436,0.8,urbano_denso,0.5632
0549020040400900010114,Necoclí,16414,0.35,urbano_medio,0.4063
0549020050401800010101,Necoclí,28216,0.35,urbano_medio,0.352
0566510000000000010630,San Pedro de Urabá,3479,0.8,urbano_denso,0.5619
0566510000000000010663,San Pedro de Urabá,3891,0.8,urbano_denso,0.5507
0566510000000000010868,San Pedro de Urabá,90714,0.15,periurbano,0.2348
0583720090700100010504,Turbo,10529,0.6,urbano_medio,0.4509
0583720090700100010608,Turbo,2771,0.8,urbano_denso,0.5847
0583720090700100010723,Turbo,30739,0.35,urbano_medio,0.3434
0583720090700100020517,Turbo,3444,0.8,urbano_denso,0.5629
0583720100700200010122,Turbo,980,0.95,urbano_denso,0.6889
0583720100700200010123,Turbo,1462,0.95,urbano_denso,0.6488
0583720100700200010402,Turbo,2058,0.8,urbano_denso,0.6146
0583720100700200020110,Turbo,2185,0.8,urbano_denso,0.6086
0583720100700200020415,Turbo,1304,0.95,urbano_denso,0.6603
0583720100400800010202,Turbo,536,0.95,urbano_denso,0.7494
0583720100400800010413,Turbo,5305,0.6,urbano_medio,0.5196
0583720090103900010106,Turbo,5868,0.6,urbano_medio,0.5095
0514710000000000010304,Carepa,1177,0.95,urbano_denso,0.6706
0514710000000000010409,Carepa,3249,0.8,urbano_denso,0.5688
0514710000000000010620,Carepa,27710,0.35,urbano_medio,0.3538
0514710000000000030214,Carepa,1890,0.95,urbano_denso,0.6231
0514720011001000010121,Carepa,1537,0.95,urbano_denso,0.6438
0517210000000000010101,Chigorodó,47593,0.35,urbano_medio,0.2995
0517210000000000010125,Chigorodó,1147,0.95,urbano_denso,0.6731
0517210000000000010319,Chigorodó,821,0.95,urbano_denso,0.7066
0517210000000000010513,Chigorodó,1791,0.95,urbano_denso,0.6285
0517210000000000020217,Chigorodó,6281,0.6,urbano_medio,0.5027
0517210000000000050306,Chigorodó,3314,0.8,urbano_denso,0.5668
0517210000000000050310,Chigorodó,3998,0.8,urbano_denso,0.548
0517210000000000060107,Chigorodó,2649,0.8,urbano_denso,0.5893
0517210000000000060804,Chigorodó,2740,0.8,urbano_denso,0.5859
0517210000000000060926,Chigorodó,2674,0.8,urbano_denso,0.5883
0583720110201800010103,Turbo,5079,0.6,urbano_medio,0.524
0583720110201800010123,Turbo,7229,0.6,urbano_medio,0.4886
0583720110201800010320,Turbo,4873,0.8,urbano_denso,0.5281
0504520050300100010111,Apartadó,2214,0.8,urbano_denso,0.6072
0504520010101400010105,Apartadó,2857,0.8,urbano_denso,0.5817
0505120030101100010130,Arboletes,13225,0.6,urbano_medio,0.428
0505110000000000010121,Arboletes,2560,0.8,urbano_denso,0.5927
0505110000000000010520,Arboletes,4758,0.8,urbano_denso,0.5305
0505110000000000011012,Arboletes,2348,0.8,urbano_denso,0.6014
0505110000000000011044,Arboletes,27099,0.35,urbano_medio,0.356
0505110000000000011105,Arboletes,1835,0.95,urbano_denso,0.6261
0505120030200800010104,Arboletes,10817,0.6,urbano_medio,0.4482
0505120030200900010115,Arboletes,9180,0.6,urbano_medio,0.4646
0514710000000000030625,Carepa,1329,0.95,urbano_denso,0.6584
0514710000000000010320,Carepa,2962,0.8,urbano_denso,0.578
0514710000000000010808,Carepa,1006,0.95,urbano_denso,0.6863
0514710000000000020220,Carepa,1823,0.95,urbano_denso,0.6267
0514710000000000020417,Carepa,1084,0.95,urbano_denso,0.6788
0514710000000000030411,Carepa,2043,0.8,urbano_denso,0.6153
0517220060601500010106,Chigorodó,2410,0.8,urbano_denso,0.5987
0549010000000000010117,Necoclí,3578,0.8,urbano_denso,0.5591
0549010000000000010918,Necoclí,1634,0.95,urbano_denso,0.6377
0549020030300200010214,Necoclí,5996,0.6,urbano_medio,0.5073
0549020120300300010118,Necoclí,4374,0.8,urbano_denso,0.539
0565920010100100010124,San Juan de Urabá,910,0.95,urbano_denso,0.6964
0565920010100500010114,San Juan de Urabá,10244,0.6,urbano_medio,0.4536
0566510000000000010202,San Pedro de Urabá,4350,0.8,urbano_denso,0.5395
0566510000000000010329,San Pedro de Urabá,19555,0.35,urbano_medio,0.3888
0566510000000000010548,San Pedro de Urabá,5945,0.6,urbano_medio,0.5082
0566510000000000010811,San Pedro de Urabá,6487,0.6,urbano_medio,0.4994
0566510000000000010844,San Pedro de Urabá,3610,0.8,urbano_denso,0.5582
0566520040200200010108,San Pedro de Urabá,22906,0.35,urbano_medio,0.3729
0583720090700100010506,Turbo,1751,0.95,urbano_denso,0.6308
0583720090700100010615,Turbo,2734,0.8,urbano_denso,0.5861
0583720090700100020126,Turbo,13009,0.6,urbano_medio,0.4296
0583720090700100020359,Turbo,2036,0.8,urbano_denso,0.6156
0583720090700100020430,Turbo,1244,0.95,urbano_denso,0.665
0583720100700200010105,Turbo,2265,0.8,urbano_denso,0.605
0583720100700200010201,Turbo,1724,0.95,urbano_denso,0.6323
0583720100700200010414,Turbo,2665,0.8,urbano_denso,0.5886
0583720100700200020115,Turbo,5991,0.6,urbano_medio,0.5074
0583720100700200020120,Turbo,5521,0.6,urbano_medio,0.5156
0583720100700200020304,Turbo,1403,0.95,urbano_denso,0.653
0583720100700200020320,Turbo,935,0.95,urbano_denso,0.6937
0583720070201200010109,Turbo,4875,0.8,urbano_denso,0.5281
0583720230401400010105,Turbo,8692,0.6,urbano_medio,0.4701
0583720090102700010110,Turbo,1821,0.95,urbano_denso,0.6268
0504520020300900010311,Apartadó,941,0.95,urbano_denso,0.693
0504520010301100010207,Apartadó,1917,0.95,urbano_denso,0.6217
0505110000000000010338,Arboletes,163,0.95,urbano_denso,0.8683
0505110000000000011127,Arboletes,18185,0.35,urbano_medio,0.396
0505120030200900010104,Arboletes,19644,0.35,urbano_medio,0.3883
0549010000000000010810,Necoclí,2014,0.8,urbano_denso,0.6167
0549010000000000010817,Necoclí,1907,0.95,urbano_denso,0.6222
0549020030300200010223,Necoclí,5168,0.6,urbano_medio,0.5222
0549020120801600010104,Necoclí,4366,0.8,urbano_denso,0.5392
0566510000000000010209,San Pedro de Urabá,4203,0.8,urbano_denso,0.543
0566510000000000010358,San Pedro de Urabá,2336,0.8,urbano_denso,0.6019
0566510000000000010411,San Pedro de Urabá,3166,0.8,urbano_denso,0.5714
0566510000000000010540,San Pedro de Urabá,6422,0.6,urbano_medio,0.5005
0583720090700100010211,Turbo,2216,0.8,urbano_denso,0.6071
0583720100700200010121,Turbo,8095,0.6,urbano_medio,0.4772
0583720100700200020134,Turbo,1768,0.95,urbano_denso,0.6298
0583720090302300010101,Turbo,22428,0.35,urbano_medio,0.375
0583720090302300010110,Turbo,5124,0.6,urbano_medio,0.5231
0514710000000000010510,Carepa,3079,0.8,urbano_denso,0.5742
0514710000000000020301,Carepa,33063,0.35,urbano_medio,0.3361
0514710000000000020525,Carepa,1020,0.95,urbano_denso,0.6849
0514710000000000020805,Carepa,1540,0.95,urbano_denso,0.6437
0514710000000000020918,Carepa,4919,0.8,urbano_denso,0.5272
0514710000000000030120,Carepa,1016,0.95,urbano_denso,0.6853
0514710000000000030634,Carepa,1590,0.95,urbano_denso,0.6405
0514720010700700010130,Carepa,1036,0.95,urbano_denso,0.6834
0517210000000000010411,Chigorodó,12458,0.6,urbano_medio,0.434
0517210000000000010501,Chigorodó,6361,0.6,urbano_medio,0.5014
0517210000000000020109,Chigorodó,4446,0.8,urbano_denso,0.5373
0517210000000000020406,Chigorodó,3670,0.8,urbano_denso,0.5566
0517210000000000030202,Chigorodó,8232,0.6,urbano_medio,0.4755
0517210000000000050523,Chigorodó,4826,0.8,urbano_denso,0.5291
0517210000000000060114,Chigorodó,2128,0.8,urbano_denso,0.6112
0517210000000000060302,Chigorodó,2818,0.8,urbano_denso,0.5831
0517210000000000060408,Chigorodó,3517,0.8,urbano_denso,0.5608
0517210000000000060814,Chigorodó,950,0.95,urbano_denso,0.692
0565910000000000010622,San Juan de Urabá,1333,0.95,urbano_denso,0.6581
0505110000000000010401,Arboletes,5499,0.6,urbano_medio,0.516
0505110000000000010901,Arboletes,2479,0.8,urbano_denso,0.5959
0549010000000000010228,Necoclí,1264,0.95,urbano_denso,0.6634
0549020120301000010104,Necoclí,2495,0.8,urbano_denso,0.5953
0549020120101100010107,Necoclí,12773,0.6,urbano_medio,0.4315
0549020090501500010106,Necoclí,4757,0.8,urbano_denso,0.5305
0549020050401800010103,Necoclí,1680,0.95,urbano_denso,0.6349
0565920010300300010123,San Juan de Urabá,554,0.95,urbano_denso,0.7462
0583720090700100010409,Turbo,8121,0.6,urbano_medio,0.4769
0583720090700100010415,Turbo,2660,0.8,urbano_denso,0.5888
0583720090700100020211,Turbo,3524,0.8,urbano_denso,0.5606
0583720100700200010311,Turbo,3025,0.8,urbano_denso,0.5759
0583720100700200010513,Turbo,3458,0.8,urbano_denso,0.5625
0583720100400800010308,Turbo,2099,0.8,urbano_denso,0.6126
0583720020101300010212,Turbo,9829,0.6,urbano_medio,0.4578
0583720070202000010101,Turbo,26744,0.35,urbano_medio,0.3574
0583720090102700010111,Turbo,2873,0.8,urbano_denso,0.5811
0583720090103900010115,Turbo,8818,0.6,urbano_medio,0.4686
0504520020500200010213,Apartadó,1698,0.95,urbano_denso,0.6338
0504520030101500010110,Apartadó,2021,0.8,urbano_denso,0.6164
0505110000000000011017,Arboletes,27654,0.35,urbano_medio,0.354
0505110000000000011107,Arboletes,1842,0.95,urbano_denso,0.6257
0505120020500300010119,Arboletes,5259,0.6,urbano_medio,0.5205
0505120040101000010115,Arboletes,1948,0.95,urbano_denso,0.6201
0505120030101100010117,Arboletes,28088,0.35,urbano_medio,0.3524
0514710000000000020219,Carepa,2649,0.8,urbano_denso,0.5893
0514720010601300010110,Carepa,2501,0.8,urbano_denso,0.595
0549010000000000010317,Necoclí,5042,0.6,urbano_medio,0.5247
0549010000000000010824,Necoclí,900,0.95,urbano_denso,0.6975
0549020120600100010129,Necoclí,3206,0.8,urbano_denso,0.5701
0549020090200800010116,Necoclí,7096,0.6,urbano_medio,0.4904
0583720050604200010106,Turbo,1933,0.95,urbano_denso,0.6209
0565920010300300010124,San Juan de Urabá,1227,0.95,urbano_denso,0.6664
0566510000000000010114,San Pedro de Urabá,5865,0.6,urbano_medio,0.5095
0566510000000000010214,San Pedro de Urabá,4617,0.8,urbano_denso,0.5335
0566510000000000010537,San Pedro de Urabá,3075,0.8,urbano_denso,0.5743
0566510000000000010561,San Pedro de Urabá,2612,0.8,urbano_denso,0.5907
0566520040200800010106,San Pedro de Urabá,9277,0.6,urbano_medio,0.4636
0583720090700100010517,Turbo,2553,0.8,urbano_denso,0.593
0583720090700100010616,Turbo,4461,0.8,urbano_denso,0.537
0583720090700100020418,Turbo,3647,0.8,urbano_denso,0.5572
0583720100700200020209,Turbo,1150,0.95,urbano_denso,0.6729
0583720100700200020417,Turbo,1589,0.95,urbano_denso,0.6405
0583720090600300010310,Turbo,2422,0.8,urbano_denso,0.5982
0583720100400800010425,Turbo,362,0.95,urbano_denso,0.7888
0583720080301000010104,Turbo,3059,0.8,urbano_denso,0.5748
0583720080301000010107,Turbo,4574,0.8,urbano_denso,0.5345
0583720090402400010110,Turbo,2368,0.8,urbano_denso,0.6005
0514710000000000010405,Carepa,4059,0.8,urbano_denso,0.5465
0514710000000000010522,Carepa,5040,0.6,urbano_medio,0.5247
0514710000000000020233,Carepa,762,0.95,urbano_denso,0.7142
0514710000000000030520,Carepa,1606,0.95,urbano_denso,0.6394
0517210000000000010413,Chigorodó,1017,0.95,urbano_denso,0.6853
0517210000000000010621,Chigorodó,2720,0.8,urbano_denso,0.5866
0517210000000000020112,Chigorodó,4418,0.8,urbano_denso,0.538
0517210000000000020211,Chigorodó,2249,0.8,urbano_denso,0.6056
0517210000000000050107,Chigorodó,3991,0.8,urbano_denso,0.5482
0517210000000000060221,Chigorodó,1854,0.95,urbano_denso,0.625
0517210000000000060319,Chigorodó,2797,0.8,urbano_denso,0.5838
0517210000000000060615,Chigorodó,2328,0.8,urbano_denso,0.6022
0549020050300500010202,Necoclí,1244,0.95,urbano_denso,0.6651
0565910000000000010304,San Juan de Urabá,3587,0.8,urbano_denso,0.5588
0566510000000000011022,San Pedro de Urabá,7311,0.6,urbano_medio,0.4874
0583720110201800010303,Turbo,4243,0.8,urbano_denso,0.542
0583720110201800010318,Turbo,3602,0.8,urbano_denso,0.5584
0514710000000000030104,Carepa,882,0.95,urbano_denso,0.6995
0517210000000000010609,Chigorodó,4243,0.8,urbano_denso,0.542
0517210000000000010807,Chigorodó,3093,0.8,urbano_denso,0.5737
0517210000000000060106,Chigorodó,2551,0.8,urbano_denso,0.593
0517210000000000060516,Chigorodó,2811,0.8,urbano_denso,0.5833
0517210000000000060905,Chigorodó,2753,0.8,urbano_denso,0.5854
0565910000000000010418,San Juan de Urabá,3356,0.8,urbano_denso,0.5655
0549020120100700010104,Necoclí,3806,0.8,urbano_denso,0.5529
0504520020500200010112,Apartadó,1734,0.95,urbano_denso,0.6317
0504520010301100010106,Apartadó,6091,0.6,urbano_medio,0.5058
0504520010101600010103,Apartadó,1380,0.95,urbano_denso,0.6546
0504520010101600010113,Apartadó,1865,0.95,urbano_denso,0.6245
0505110000000000010325,Arboletes,2193,0.8,urbano_denso,0.6082
0505110000000000010535,Arboletes,7743,0.6,urbano_medio,0.4817
0505120030200900010103,Arboletes,11326,0.6,urbano_medio,0.4435
0505120040101000010111,Arboletes,5402,0.6,urbano_medio,0.5178
0505120030101100010119,Arboletes,8164,0.6,urbano_medio,0.4764
0583720100700200010305,Turbo,3369,0.8,urbano_denso,0.5651
0514710000000000020408,Carepa,1617,0.95,urbano_denso,0.6387
0514710000000000010121,Carepa,1148,0.95,urbano_denso,0.6731
0514710000000000020718,Carepa,1798,0.95,urbano_denso,0.6281
0514710000000000020720,Carepa,1031,0.95,urbano_denso,0.6839
0514710000000000030535,Carepa,2619,0.8,urbano_denso,0.5904
0517220070300300010115,Chigorodó,1858,0.95,urbano_denso,0.6248
0517220100400700010103,Chigorodó,17448,0.35,urbano_medio,0.4002
0549010000000000010111,Necoclí,251028,0.05,rural,0.1327
0549010000000000010425,Necoclí,69760,0.15,periurbano,0.2612
0549020120600100010419,Necoclí,1865,0.95,urbano_denso,0.6244
0549020120101100010101,Necoclí,5119,0.6,urbano_medio,0.5232
0565920010200600010109,San Juan de Urabá,2168,0.8,urbano_denso,0.6093
0566510000000000010119,San Pedro de Urabá,2913,0.8,urbano_denso,0.5797
0566510000000000010433,San Pedro de Urabá,27576,0.35,urbano_medio,0.3543
0566510000000000010609,San Pedro de Urabá,3680,0.8,urbano_denso,0.5563
0566510000000000010908,San Pedro de Urabá,93324,0.15,periurbano,0.232
0583720100700200020310,Turbo,1543,0.95,urbano_denso,0.6435
0583720090700100010110,Turbo,3905,0.8,urbano_denso,0.5503
0583720090700100010303,Turbo,3782,0.8,urbano_denso,0.5536
0583720090700100010413,Turbo,1200,0.95,urbano_denso,0.6686
0583720090700100010602,Turbo,6694,0.6,urbano_medio,0.4963
0583720090700100020366,Turbo,1084,0.95,urbano_denso,0.6788
0583720090600300010201,Turbo,5721,0.6,urbano_medio,0.512
0583720030700600010115,Turbo,17790,0.35,urbano_medio,0.3983
0583720100400800010102,Turbo,1505,0.95,urbano_denso,0.646
0583720070201200010119,Turbo,6186,0.6,urbano_medio,0.5042
0583720070202000010105,Turbo,19885,0.35,urbano_medio,0.3871
0583720090402400010124,Turbo,2352,0.8,urbano_denso,0.6012
0583720050603700010107,Turbo,10145,0.6,urbano_medio,0.4546
0504520010301100010221,Apartadó,2901,0.8,urbano_denso,0.5801
0504520030101500010109,Apartadó,2589,0.8,urbano_denso,0.5916
0505110000000000010141,Arboletes,5671,0.6,urbano_medio,0.5129
0505110000000000010811,Arboletes,1256,0.95,urbano_denso,0.6641
0505110000000000011025,Arboletes,1798,0.95,urbano_denso,0.6281
0505110000000000011101,Arboletes,1791,0.95,urbano_denso,0.6285
0514710000000000020103,Carepa,705,0.95,urbano_denso,0.7219
0514710000000000030307,Carepa,2952,0.8,urbano_denso,0.5784
0549020090501500010125,Necoclí,2755,0.8,urbano_denso,0.5853
0549010000000000010230,Necoclí,1894,0.95,urbano_denso,0.6229
0566510000000000010160,San Pedro de Urabá,4281,0.8,urbano_denso,0.5411
0566520020300300010108,San Pedro de Urabá,1534,0.95,urbano_denso,0.6441
0566520010100400010103,San Pedro de Urabá,18743,0.35,urbano_medio,0.393
0583720090700100020214,Turbo,3516,0.8,urbano_denso,0.5609
0583720090700100020508,Turbo,3685,0.8,urbano_denso,0.5562
0583720050200500010107,Turbo,3883,0.8,urbano_denso,0.5509
0583720080301000010101,Turbo,116518,0.15,periurbano,0.2097
0514710000000000010601,Carepa,2253,0.8,urbano_denso,0.6055
0514710000000000030241,Carepa,9048,0.6,urbano_medio,0.4661
0514710000000000030424,Carepa,2786,0.8,urbano_denso,0.5842
0514720010700700010111,Carepa,2393,0.8,urbano_denso,0.5994
0514720010700700010124,Carepa,1508,0.95,urbano_denso,0.6458
0514720011001000010112,Carepa,1989,0.95,urbano_denso,0.618
0514720011001000010128,Carepa,1246,0.95,urbano_denso,0.6649
0514720011001000010132,Carepa,1023,0.95,urbano_denso,0.6846
0514720011001000010135,Carepa,3909,0.8,urbano_denso,0.5502
0517210000000000010111,Chigorodó,72891,0.15,periurbano,0.2568
0517210000000000010321,Chigorodó,164,0.95,urbano_denso,0.8675
0517210000000000020311,Chigorodó,5240,0.6,urbano_medio,0.5209
0517210000000000040103,Chigorodó,3224,0.8,urbano_denso,0.5696
0517210000000000050404,Chigorodó,2431,0.8,urbano_denso,0.5979
0517210000000000050517,Chigorodó,3017,0.8,urbano_denso,0.5762
0517210000000000060104,Chigorodó,2743,0.8,urbano_denso,0.5857
0517210000000000060109,Chigorodó,2619,0.8,urbano_denso,0.5904
0517210000000000060315,Chigorodó,2805,0.8,urbano_denso,0.5835
0517210000000000060411,Chigorodó,2718,0.8,urbano_denso,0.5867
0517210000000000060825,Chigorodó,2550,0.8,urbano_denso,0.5931
0517210000000000061018,Chigorodó,5929,0.6,urbano_medio,0.5085
0565910000000000010129,San Juan de Urabá,350,0.95,urbano_denso,0.7921
0566510000000000010664,San Pedro de Urabá,3905,0.8,urbano_denso,0.5504
0566510000000000010863,San Pedro de Urabá,17405,0.35,urbano_medio,0.4004
0549020040400900010117,Necoclí,2826,0.8,urbano_denso,0.5828
0505110000000000010313,Arboletes,613,0.95,urbano_denso,0.7359
0549010000000000010704,Necoclí,1630,0.95,urbano_denso,0.6379
0549020120300300010136,Necoclí,1102,0.95,urbano_denso,0.6772
0583720090700100010406,Turbo,2891,0.8,urbano_denso,0.5805
0583720100700200010115,Turbo,3445,0.8,urbano_denso,0.5629
0583720100700200010410,Turbo,2522,0.8,urbano_denso,0.5942
0504520020500200010207,Apartadó,2582,0.8,urbano_denso,0.5918
0504520010101400010102,Apartadó,8168,0.6,urbano_medio,0.4763
0505110000000000010129,Arboletes,1228,0.95,urbano_denso,0.6663
0505110000000000010332,Arboletes,621,0.95,urbano_denso,0.7347
0505120060400100010112,Arboletes,7242,0.6,urbano_medio,0.4884
0505120030200800010109,Arboletes,3946,0.8,urbano_denso,0.5493
0514710000000000010203,Carepa,2050,0.8,urbano_denso,0.6149
0514710000000000020403,Carepa,991,0.95,urbano_denso,0.6878
0514710000000000020518,Carepa,372,0.95,urbano_denso,0.7859
0514710000000000030531,Carepa,1988,0.95,urbano_denso,0.618
0514710000000000030542,Carepa,2708,0.8,urbano_denso,0.587
0514710000000000030640,Carepa,552,0.95,urbano_denso,0.7464
0549020120600600010103,Necoclí,6104,0.6,urbano_medio,0.5055
0549020120600100010122,Necoclí,1633,0.95,urbano_denso,0.6378
0549020030300200010106,Necoclí,22499,0.35,urbano_medio,0.3747
0549020050300500010215,Necoclí,921,0.95,urbano_denso,0.6952
0549020120100700010103,Necoclí,5130,0.6,urbano_medio,0.523
0549020120301000010110,Necoclí,5650,0.6,urbano_medio,0.5133
0549020120801600010108,Necoclí,862,0.95,urbano_denso,0.7018
0565920010300300010113,San Juan de Urabá,6572,0.6,urbano_medio,0.4981
0565920010300300010135,San Juan de Urabá,3152,0.8,urbano_denso,0.5718
0565920010100500010113,San Juan de Urabá,6162,0.6,urbano_medio,0.5046
0566510000000000010415,San Pedro de Urabá,3295,0.8,urbano_denso,0.5674
0583720090700100010108,Turbo,3550,0.8,urbano_denso,0.5599
0583720090700100020123,Turbo,1890,0.95,urbano_denso,0.6231
0583720090700100020340,Turbo,608,0.95,urbano_denso,0.7368
0583720090700100020510,Turbo,3740,0.8,urbano_denso,0.5547
0583720100700200010406,Turbo,2203,0.8,urbano_denso,0.6078
0583720100700200020401,Turbo,2687,0.8,urbano_denso,0.5878
0583720090600300010339,Turbo,9783,0.6,urbano_medio,0.4582
0583720100400800010210,Turbo,627,0.95,urbano_denso,0.7337
0583720100400800010310,Turbo,10671,0.6,urbano_medio,0.4495
0583720090602600010122,Turbo,2317,0.8,urbano_denso,0.6027
0514710000000000010129,Carepa,1593,0.95,urbano_denso,0.6403
0514710000000000010326,Carepa,817,0.95,urbano_denso,0.7072
0514710000000000020224,Carepa,2085,0.8,urbano_denso,0.6133
0514710000000000020524,Carepa,1883,0.95,urbano_denso,0.6235
0514710000000000020721,Carepa,6358,0.6,urbano_medio,0.5014
0514710000000000030212,Carepa,10332,0.6,urbano_medio,0.4528
0514710000000000030308,Carepa,1840,0.95,urbano_denso,0.6258
0514710000000000030310,Carepa,1331,0.95,urbano_denso,0.6583
0514710000000000030402,Carepa,1803,0.95,urbano_denso,0.6278
0514720011001000010106,Carepa,1990,0.95,urbano_denso,0.6179
0517210000000000010109,Chigorodó,4606,0.8,urbano_denso,0.5338
0517210000000000010126,Chigorodó,2407,0.8,urbano_denso,0.5989
0517210000000000010304,Chigorodó,3921,0.8,urbano_denso,0.5499
0517210000000000020102,Chigorodó,5147,0.6,urbano_medio,0.5226
0517210000000000020103,Chigorodó,4580,0.8,urbano_denso,0.5343
0517210000000000020110,Chigorodó,4318,0.8,urbano_denso,0.5403
0517210000000000020336,Chigorodó,1061,0.95,urbano_denso,0.681
0517210000000000020502,Chigorodó,1517,0.95,urbano_denso,0.6451
0517210000000000020510,Chigorodó,1587,0.95,urbano_denso,0.6406
0517210000000000030115,Chigorodó,5479,0.6,urbano_medio,0.5164
0517210000000000030208,Chigorodó,6510,0.6,urbano_medio,0.4991
0517210000000000060216,Chigorodó,3074,0.8,urbano_denso,0.5743
0517210000000000060614,Chigorodó,2383,0.8,urbano_denso,0.5999
0517210000000000060714,Chigorodó,2445,0.8,urbano_denso,0.5973
0565910000000000010513,San Juan de Urabá,3258,0.8,urbano_denso,0.5685
0565910000000000010145,San Juan de Urabá,1150,0.95,urbano_denso,0.6729
0565910000000000010411,San Juan de Urabá,5422,0.6,urbano_medio,0.5174
0583720110201800010209,Turbo,3553,0.8,urbano_denso,0.5598
0583720110201800010332,Turbo,6021,0.6,urbano_medio,0.5069
0505120060400100010103,Arboletes,7515,0.6,urbano_medio,0.4847
0504520020300900010211,Apartadó,1423,0.95,urbano_denso,0.6516
0504520010301100010212,Apartadó,2600,0.8,urbano_denso,0.5911
0504520010301100010230,Apartadó,2553,0.8,urbano_denso,0.5929
0505120030101100010113,Arboletes,39933,0.35,urbano_medio,0.3171
0514710000000000010114,Carepa,1381,0.95,urbano_denso,0.6545
0514710000000000010305,Carepa,3510,0.8,urbano_denso,0.561
0517220070300300010105,Chigorodó,2866,0.8,urbano_denso,0.5814
0549010000000000010203,Necoclí,4995,0.8,urbano_denso,0.5257
0549010000000000010818,Necoclí,1772,0.95,urbano_denso,0.6296
0549020120600100010112,Necoclí,2877,0.8,urbano_denso,0.581
0549020120600100010118,Necoclí,4100,0.8,urbano_denso,0.5455
0549020030300200010225,Necoclí,832,0.95,urbano_denso,0.7054
0549020050300500010103,Necoclí,4898,0.8,urbano_denso,0.5276
0549020120301300010104,Necoclí,11288,0.6,urbano_medio,0.4439
0566510000000000010401,San Pedro de Urabá,2853,0.8,urbano_denso,0.5818
0566520040200800010103,San Pedro de Urabá,8498,0.6,urbano_medio,0.4724
0583720090700100020222,Turbo,3301,0.8,urbano_denso,0.5672
0583720090700100020353,Turbo,6008,0.6,urbano_medio,0.5071
0583720090700100020365,Turbo,1355,0.95,urbano_denso,0.6564
0583720090700100020507,Turbo,3556,0.8,urbano_denso,0.5597
0583720100700200020516,Turbo,2798,0.8,urbano_denso,0.5838
0583720090600300010346,Turbo,1727,0.95,urbano_denso,0.6321
0583720050200500010123,Turbo,1901,0.95,urbano_denso,0.6225
0583720090402400010107,Turbo,2456,0.8,urbano_denso,0.5968
0583720050603700010109,Turbo,3585,0.8,urbano_denso,0.5589
0504520010101400010110,Apartadó,3018,0.8,urbano_denso,0.5762
0514710000000000020202,Carepa,2177,0.8,urbano_denso,0.6089
0514710000000000020713,Carepa,1473,0.95,urbano_denso,0.6481
0514710000000000030236,Carepa,2118,0.8,urbano_denso,0.6117
0549010000000000010404,Necoclí,3508,0.8,urbano_denso,0.5611
0549020030300200010212,Necoclí,3807,0.8,urbano_denso,0.5529
0549020120100700010101,Necoclí,9292,0.6,urbano_medio,0.4634
0565910000000000010416,San Juan de Urabá,3168,0.8,urbano_denso,0.5713
0565920010100500010106,San Juan de Urabá,3942,0.8,urbano_denso,0.5494
0565920010100500010109,San Juan de Urabá,3626,0.8,urbano_denso,0.5578
0566510000000000010823,San Pedro de Urabá,3478,0.8,urbano_denso,0.562
0566520040200800010102,San Pedro de Urabá,1599,0.95,urbano_denso,0.6399
0583720090700100010310,Turbo,2677,0.8,urbano_denso,0.5882
0583720090700100010315,Turbo,3678,0.8,urbano_denso,0.5563
0583720090700100020330,Turbo,472,0.95,urbano_denso,0.762
0583720100700200010521,Turbo,3495,0.8,urbano_denso,0.5615
0583720100700200020111,Turbo,4631,0.8,urbano_denso,0.5332
0583720100700200020322,Turbo,896,0.95,urbano_denso,0.6979
0583720240400900010101,Turbo,15154,0.35,urbano_medio,0.4143
0583720090103900010109,Turbo,2114,0.8,urbano_denso,0.6119
0514710000000000010403,Carepa,955,0.95,urbano_denso,0.6915
0514710000000000020212,Carepa,1356,0.95,urbano_denso,0.6564
0514710000000000030215,Carepa,1662,0.95,urbano_denso,0.636
0514710000000000030533,Carepa,1197,0.95,urbano_denso,0.6689
0514720010700700010104,Carepa,7617,0.6,urbano_medio,0.4833
0517210000000000010309,Chigorodó,1530,0.95,urbano_denso,0.6443
0517210000000000010408,Chigorodó,6813,0.6,urbano_medio,0.4945
0517210000000000010508,Chigorodó,3519,0.8,urbano_denso,0.5608
0517210000000000020413,Chigorodó,3136,0.8,urbano_denso,0.5723
0517210000000000020414,Chigorodó,3196,0.8,urbano_denso,0.5704
0517210000000000030110,Chigorodó,1999,0.95,urbano_denso,0.6175
0517210000000000050103,Chigorodó,4372,0.8,urbano_denso,0.539
0517210000000000050503,Chigorodó,2538,0.8,urbano_denso,0.5936
0517210000000000050507,Chigorodó,2393,0.8,urbano_denso,0.5994
0517210000000000060521,Chigorodó,2762,0.8,urbano_denso,0.5851
0565910000000000010114,San Juan de Urabá,5494,0.6,urbano_medio,0.5161
0566510000000000010911,San Pedro de Urabá,3194,0.8,urbano_denso,0.5705
0566510000000000011013,San Pedro de Urabá,19275,0.35,urbano_medio,0.3902
0583720110201800010113,Turbo,3006,0.8,urbano_denso,0.5766
0514710000000000020111,Carepa,1380,0.95,urbano_denso,0.6546
0514710000000000030316,Carepa,1296,0.95,urbano_denso,0.661
0549020030300200010109,Necoclí,11760,0.6,urbano_medio,0.4398
0549020120801600010105,Necoclí,9072,0.6,urbano_medio,0.4658
0566510000000000011001,San Pedro de Urabá,28529,0.35,urbano_medio,0.3509
0583720090700100020419,Turbo,3431,0.8,urbano_denso,0.5633
0583720070201200010118,Turbo,2487,0.8,urbano_denso,0.5956
0514710000000000010713,Carepa,2069,0.8,urbano_denso,0.614
0514710000000000010709,Carepa,896,0.95,urbano_denso,0.6979
0514710000000000020508,Carepa,2158,0.8,urbano_denso,0.6098
0514710000000000020515,Carepa,1126,0.95,urbano_denso,0.675
0514710000000000030107,Carepa,1034,0.95,urbano_denso,0.6835
0514710000000000030434,Carepa,1915,0.95,urbano_denso,0.6218
0514710000000000030515,Carepa,1510,0.95,urbano_denso,0.6456
0514710000000000030601,Carepa,3828,0.8,urbano_denso,0.5523
0514720010700700010132,Carepa,1062,0.95,urbano_denso,0.6809
0514720011001000010114,Carepa,5231,0.6,urbano_medio,0.521
0517210000000000010406,Chigorodó,1813,0.95,urbano_denso,0.6273
0517210000000000010623,Chigorodó,4481,0.8,urbano_denso,0.5365
0517210000000000020229,Chigorodó,3560,0.8,urbano_denso,0.5596
0517210000000000050518,Chigorodó,738,0.95,urbano_denso,0.7173
0517210000000000060108,Chigorodó,2684,0.8,urbano_denso,0.5879
0549020030200400010126,Necoclí,2590,0.8,urbano_denso,0.5915
0565910000000000010119,San Juan de Urabá,8091,0.6,urbano_medio,0.4773
0565910000000000010301,San Juan de Urabá,4469,0.8,urbano_denso,0.5368
0565910000000000010702,San Juan de Urabá,5411,0.6,urbano_medio,0.5176
0566510000000000010204,San Pedro de Urabá,7005,0.6,urbano_medio,0.4917
0566510000000000020116,San Pedro de Urabá,1934,0.95,urbano_denso,0.6208
0566510000000000030106,San Pedro de Urabá,4561,0.8,urbano_denso,0.5348
0583720110201800010321,Turbo,4440,0.8,urbano_denso,0.5375
0549010000000000010318,Necoclí,5724,0.6,urbano_medio,0.512
0549020120600600010109,Necoclí,4743,0.8,urbano_denso,0.5308
0583720090700100010702,Turbo,2393,0.8,urbano_denso,0.5995
0583720100400800010101,Turbo,1799,0.95,urbano_denso,0.6281
0505110000000000010127,Arboletes,3359,0.8,urbano_denso,0.5655
0504520020500200010205,Apartadó,1307,0.95,urbano_denso,0.6601
0504520020300900010108,Apartadó,2513,0.8,urbano_denso,0.5945
0504520020300900010124,Apartadó,2010,0.8,urbano_denso,0.6169
0505110000000000010701,Arboletes,21518,0.35,urbano_medio,0.3792
0505110000000000010917,Arboletes,905,0.95,urbano_denso,0.6969
0505110000000000011110,Arboletes,1802,0.95,urbano_denso,0.6279
0505120050401400010113,Arboletes,1665,0.95,urbano_denso,0.6358
0514710000000000010518,Carepa,3703,0.8,urbano_denso,0.5557
0514710000000000020413,Carepa,290,0.95,urbano_denso,0.8108
0549010000000000010109,Necoclí,2681,0.8,urbano_denso,0.5881
0549010000000000010320,Necoclí,5622,0.6,urbano_medio,0.5138
0549010000000000010331,Necoclí,4280,0.8,urbano_denso,0.5411
0549010000000000010333,Necoclí,3283,0.8,urbano_denso,0.5677
0549010000000000010433,Necoclí,5789,0.6,urbano_medio,0.5108
0549010000000000010710,Necoclí,1508,0.95,urbano_denso,0.6457
0549010000000000010917,Necoclí,1526,0.95,urbano_denso,0.6446
0549020120600100010418,Necoclí,7622,0.6,urbano_medio,0.4833
0549020030300200010101,Necoclí,6393,0.6,urbano_medio,0.5009
0549020120300300010124,Necoclí,16196,0.35,urbano_medio,0.4077
0565920010100100010121,San Juan de Urabá,3587,0.8,urbano_denso,0.5589
0566510000000000010314,San Pedro de Urabá,28271,0.35,urbano_medio,0.3518
0566510000000000010432,San Pedro de Urabá,13891,0.6,urbano_medio,0.4231
0566510000000000010846,San Pedro de Urabá,17395,0.35,urbano_medio,0.4005
0583720090700100010129,Turbo,1193,0.95,urbano_denso,0.6693
0583720090700100010717,Turbo,6279,0.6,urbano_medio,0.5027
0583720100700200020323,Turbo,500,0.95,urbano_denso,0.7564
0583720090600300010103,Turbo,1940,0.95,urbano_denso,0.6205
0583720050200500010116,Turbo,6244,0.6,urbano_medio,0.5033
0583720100400800010305,Turbo,6645,0.6,urbano_medio,0.497
0583720100400800010306,Turbo,967,0.95,urbano_denso,0.6903
0583720090402400010117,Turbo,1590,0.95,urbano_denso,0.6405
0583720220103600010101,Turbo,4278,0.8,urbano_denso,0.5412
0505120030200900010114,Arboletes,4360,0.8,urbano_denso,0.5393
0514710000000000010812,Carepa,1268,0.95,urbano_denso,0.6631
0517220070300300010102,Chigorodó,4714,0.8,urbano_denso,0.5315
0549010000000000010715,Necoclí,2459,0.8,urbano_denso,0.5967
0549020030300200010222,Necoclí,3331,0.8,urbano_denso,0.5663
0549020050300500010216,Necoclí,673,0.95,urbano_denso,0.7265
0549020090200800010112,Necoclí,9673,0.6,urbano_medio,0.4594
0549020040400900010106,Necoclí,3011,0.8,urbano_denso,0.5764
0583720090700100010131,Turbo,2870,0.8,urbano_denso,0.5812
0566510000000000010504,San Pedro de Urabá,3973,0.8,urbano_denso,0.5486
0583720090700100010215,Turbo,3807,0.8,urbano_denso,0.5529
0583720100400800010208,Turbo,863,0.95,urbano_denso,0.7016
0583720070201200010113,Turbo,5377,0.6,urbano_medio,0.5183
0504520010301100010220,Apartadó,2560,0.8,urbano_denso,0.5927
0514710000000000030641,Carepa,1546,0.95,urbano_denso,0.6433
0504520020300900010103,Apartadó,3308,0.8,urbano_denso,0.567
0505110000000000010909,Arboletes,1603,0.95,urbano_denso,0.6396
0505110000000000011018,Arboletes,1379,0.95,urbano_denso,0.6547
0505120040101000010102,Arboletes,3504,0.8,urbano_denso,0.5612
0514710000000000020517,Carepa,381,0.95,urbano_denso,0.7836
0514710000000000030432,Carepa,341,0.95,urbano_denso,0.7945
0549010000000000010127,Necoclí,3779,0.8,urbano_denso,0.5536
0549010000000000010316,Necoclí,5726,0.6,urbano_medio,0.5119
0549020120600100010306,Necoclí,4673,0.8,urbano_denso,0.5323
0549020030300200010217,Necoclí,5177,0.6,urbano_medio,0.5221
0549020090200800010120,Necoclí,2343,0.8,urbano_denso,0.6016
0549020040400900010112,Necoclí,23572,0.35,urbano_medio,0.37
0549020090201200010105,Necoclí,3435,0.8,urbano_denso,0.5632
0549020090201200010109,Necoclí,6890,0.6,urbano_medio,0.4934
0549020120301300010102,Necoclí,6853,0.6,urbano_medio,0.4939
0566510000000000010547,San Pedro de Urabá,10593,0.6,urbano_medio,0.4502
0566510000000000010565,San Pedro de Urabá,5596,0.6,urbano_medio,0.5143
0566520040200800010107,San Pedro de Urabá,1541,0.95,urbano_denso,0.6436
0583720090700100020518,Turbo,3585,0.8,urbano_denso,0.5589
0583720100700200010119,Turbo,2036,0.8,urbano_denso,0.6157
0583720100700200010509,Turbo,1958,0.95,urbano_denso,0.6196
0583720050200500010119,Turbo,8117,0.6,urbano_medio,0.477
0583720100400800010103,Turbo,1738,0.95,urbano_denso,0.6315
0583720100400800010423,Turbo,584,0.95,urbano_denso,0.7408
0583720080301000010124,Turbo,5769,0.6,urbano_medio,0.5112
0583720070201200010114,Turbo,3118,0.8,urbano_denso,0.5729
0583720030802900010120,Turbo,12490,0.6,urbano_medio,0.4337
0583720090103900010105,Turbo,14269,0.6,urbano_medio,0.4204
0514720011001000010102,Carepa,1453,0.95,urbano_denso,0.6494
0514710000000000010133,Carepa,3554,0.8,urbano_denso,0.5598
0514710000000000010135,Carepa,677,0.95,urbano_denso,0.7261
0514710000000000010415,Carepa,2958,0.8,urbano_denso,0.5782
0514710000000000010708,Carepa,878,0.95,urbano_denso,0.7
0514710000000000010720,Carepa,1606,0.95,urbano_denso,0.6394
0514710000000000020121,Carepa,4441,0.8,urbano_denso,0.5374
0514710000000000020231,Carepa,1418,0.95,urbano_denso,0.6519
0514710000000000020241,Carepa,35084,0.35,urbano_medio,0.3301
0514710000000000020526,Carepa,1105,0.95,urbano_denso,0.6769
0514710000000000030313,Carepa,57394,0.15,periurbano,0.2808
0514710000000000030315,Carepa,27522,0.35,urbano_medio,0.3545
0514710000000000030538,Carepa,1018,0.95,urbano_denso,0.6851
0514710000000000030635,Carepa,1536,0.95,urbano_denso,0.6439
0514720010700700010103,Carepa,2231,0.8,urbano_denso,0.6065
0514720011001000010116,Carepa,511,0.95,urbano_denso,0.7542
0517210000000000010536,Chigorodó,4624,0.8,urbano_denso,0.5334
0517210000000000010205,Chigorodó,1156,0.95,urbano_denso,0.6724
0517210000000000010312,Chigorodó,2869,0.8,urbano_denso,0.5813
0517210000000000010317,Chigorodó,2651,0.8,urbano_denso,0.5892
0517210000000000010409,Chigorodó,2118,0.8,urbano_denso,0.6117
0517210000000000010620,Chigorodó,1191,0.95,urbano_denso,0.6694
0517210000000000010708,Chigorodó,117342,0.15,periurbano,0.209
0517210000000000020215,Chigorodó,3481,0.8,urbano_denso,0.5619
0517210000000000020316,Chigorodó,4668,0.8,urbano_denso,0.5324
0517210000000000030107,Chigorodó,2863,0.8,urbano_denso,0.5814
0517210000000000050303,Chigorodó,4049,0.8,urbano_denso,0.5467
0517210000000000060202,Chigorodó,57512,0.15,periurbano,0.2806
0517210000000000060304,Chigorodó,2754,0.8,urbano_denso,0.5854
0517210000000000060427,Chigorodó,1139,0.95,urbano_denso,0.6739
0517210000000000060509,Chigorodó,2826,0.8,urbano_denso,0.5828
0517210000000000060629,Chigorodó,601,0.95,urbano_denso,0.738
0517210000000000060735,Chigorodó,1017,0.95,urbano_denso,0.6852
0517210000000000060936,Chigorodó,1375,0.95,urbano_denso,0.655
0565910000000000010123,San Juan de Urabá,2007,0.8,urbano_denso,0.6171
0565910000000000010512,San Juan de Urabá,4553,0.8,urbano_denso,0.5349
0565910000000000010606,San Juan de Urabá,4297,0.8,urbano_denso,0.5407
0566510000000000030107,San Pedro de Urabá,3174,0.8,urbano_denso,0.5711
0549020050300500010207,Necoclí,1010,0.95,urbano_denso,0.6859
0504520010101600010101,Apartadó,1757,0.95,urbano_denso,0.6304
0504520020500200010116,Apartadó,1891,0.95,urbano_denso,0.623
0504520020300300010103,Apartadó,3718,0.8,urbano_denso,0.5553
0504520020300900010309,Apartadó,2858,0.8,urbano_denso,0.5816
0505110000000000010513,Arboletes,16513,0.35,urbano_medio,0.4057
0505110000000000010545,Arboletes,2513,0.8,urbano_denso,0.5945
0505120030200900010118,Arboletes,13338,0.6,urbano_medio,0.4271
0514710000000000020208,Carepa,1406,0.95,urbano_denso,0.6528
0514710000000000030611,Carepa,1126,0.95,urbano_denso,0.6751
0514720010601300010104,Carepa,3045,0.8,urbano_denso,0.5753
0583720090700100020344,Turbo,822,0.95,urbano_denso,0.7065
0549010000000000010407,Necoclí,5075,0.6,urbano_medio,0.5241
0549010000000000010434,Necoclí,4904,0.8,urbano_denso,0.5275
0549020120600100010406,Necoclí,3263,0.8,urbano_denso,0.5684
0566510000000000010409,San Pedro de Urabá,4717,0.8,urbano_denso,0.5314
0566510000000000010869,San Pedro de Urabá,8955,0.6,urbano_medio,0.4671
0583720090700100010322,Turbo,220,0.95,urbano_denso,0.8386
0583720090700100010607,Turbo,4287,0.8,urbano_denso,0.541
0583720100700200010107,Turbo,3423,0.8,urbano_denso,0.5636
0583720100700200010120,Turbo,3827,0.8,urbano_denso,0.5524
0583720100700200010214,Turbo,2543,0.8,urbano_denso,0.5933
0583720090600300010110,Turbo,2086,0.8,urbano_denso,0.6132
0583720090600300010213,Turbo,2708,0.8,urbano_denso,0.5871
0583720100400800010414,Turbo,4071,0.8,urbano_denso,0.5462
0583720100400800010416,Turbo,1541,0.95,urbano_denso,0.6435
0504520020300900010227,Apartadó,540,0.95,urbano_denso,0.7486
0505120030101100010123,Arboletes,1625,0.95,urbano_denso,0.6382
0505120050401400010104,Arboletes,1908,0.95,urbano_denso,0.6222
0549010000000000010114,Necoclí,8645,0.6,urbano_medio,0.4706
0549010000000000010908,Necoclí,1562,0.95,urbano_denso,0.6422
0549020120600100010230,Necoclí,4326,0.8,urbano_denso,0.5401
0549020120300300010113,Necoclí,16884,0.35,urbano_medio,0.4035
0549020120101100010104,Necoclí,11072,0.6,urbano_medio,0.4458
0565920010100500010105,San Juan de Urabá,4563,0.8,urbano_denso,0.5347
0566510000000000010424,San Pedro de Urabá,4125,0.8,urbano_denso,0.5448
0566510000000000011009,San Pedro de Urabá,2289,0.8,urbano_denso,0.6039
0566520040200200010104,San Pedro de Urabá,6494,0.6,urbano_medio,0.4993
0583720090700100010223,Turbo,4717,0.8,urbano_denso,0.5314
0583720090700100020112,Turbo,5500,0.6,urbano_medio,0.516
0583720090700100020361,Turbo,633,0.95,urbano_denso,0.7328
0583720100700200010416,Turbo,2708,0.8,urbano_denso,0.5871
0583720100700200020113,Turbo,1299,0.95,urbano_denso,0.6607
0583720090600300010101,Turbo,1047,0.95,urbano_denso,0.6823
0583720100400800010207,Turbo,1065,0.95,urbano_denso,0.6806
0583720070201200010110,Turbo,6453,0.6,urbano_medio,0.5
0583720090603100010107,Turbo,483,0.95,urbano_denso,0.7598
0514710000000000010328,Carepa,1186,0.95,urbano_denso,0.6698
0514710000000000020522,Carepa,966,0.95,urbano_denso,0.6904
0514710000000000020917,Carepa,3258,0.8,urbano_denso,0.5685
0514710000000000030110,Carepa,765,0.95,urbano_denso,0.7138
0514720011001000010145,Carepa,1528,0.95,urbano_denso,0.6444
0517210000000000010528,Chigorodó,5574,0.6,urbano_medio,0.5147
0517210000000000010107,Chigorodó,4806,0.8,urbano_denso,0.5295
0517210000000000010410,Chigorodó,2343,0.8,urbano_denso,0.6016
0517210000000000010527,Chigorodó,4911,0.8,urbano_denso,0.5274
0517210000000000020202,Chigorodó,2343,0.8,urbano_denso,0.6016
0517210000000000020410,Chigorodó,1187,0.95,urbano_denso,0.6698
0517210000000000020508,Chigorodó,1740,0.95,urbano_denso,0.6314
0517210000000000020513,Chigorodó,4231,0.8,urbano_denso,0.5423
0517210000000000050307,Chigorodó,2955,0.8,urbano_denso,0.5783
0517210000000000050407,Chigorodó,982,0.95,urbano_denso,0.6887
0517210000000000050429,Chigorodó,1038,0.95,urbano_denso,0.6832
0517210000000000060113,Chigorodó,2336,0.8,urbano_denso,0.6018
0517210000000000060405,Chigorodó,2295,0.8,urbano_denso,0.6036
0517210000000000060423,Chigorodó,379,0.95,urbano_denso,0.7841
0517210000000000060619,Chigorodó,2483,0.8,urbano_denso,0.5958
0517210000000000061011,Chigorodó,3810,0.8,urbano_denso,0.5528
0549020050300500010110,Necoclí,4313,0.8,urbano_denso,0.5404
0565910000000000010307,San Juan de Urabá,5457,0.6,urbano_medio,0.5168
0565910000000000010715,San Juan de Urabá,1390,0.95,urbano_denso,0.6539
0566510000000000011014,San Pedro de Urabá,4996,0.8,urbano_denso,0.5256
0583720110201800010109,Turbo,1700,0.95,urbano_denso,0.6338
0583720110201800010215,Turbo,2760,0.8,urbano_denso,0.5851
0583720110201800010222,Turbo,5604,0.6,urbano_medio,0.5141
0583720110201800010319,Turbo,818,0.95,urbano_denso,0.707
0583720110201800010329,Turbo,3321,0.8,urbano_denso,0.5666
0583720090700100020329,Turbo,1432,0.95,urbano_denso,0.651
0583720090600300010115,Turbo,1466,0.95,urbano_denso,0.6486
0583720090402400010104,Turbo,1485,0.95,urbano_denso,0.6473
0583720090700100010512,Turbo,2007,0.8,urbano_denso,0.6171
0504520020300900010122,Apartadó,1826,0.95,urbano_denso,0.6265
0504520020300900010221,Apartadó,1899,0.95,urbano_denso,0.6226
0504520020300900010307,Apartadó,2261,0.8,urbano_denso,0.6051
0504520020300900010316,Apartadó,2249,0.8,urbano_denso,0.6057
0505110000000000010120,Arboletes,14220,0.6,urbano_medio,0.4207
0505120030200900010119,Arboletes,5544,0.6,urbano_medio,0.5152
0505120040101000010118,Arboletes,771,0.95,urbano_denso,0.7129
0505120030101100010111,Arboletes,2802,0.8,urbano_denso,0.5836
0514710000000000010310,Carepa,3530,0.8,urbano_denso,0.5605
0514710000000000020608,Carepa,1606,0.95,urbano_denso,0.6394
0514710000000000020619,Carepa,1807,0.95,urbano_denso,0.6276
0514720010601300010107,Carepa,2923,0.8,urbano_denso,0.5794
0583720090602600010116,Turbo,2461,0.8,urbano_denso,0.5966
0549010000000000010105,Necoclí,3092,0.8,urbano_denso,0.5738
0549010000000000010107,Necoclí,15827,0.35,urbano_medio,0.41
0549010000000000010206,Necoclí,3385,0.8,urbano_denso,0.5647
0549020090200800010106,Necoclí,2779,0.8,urbano_denso,0.5845
0549020040400900010110,Necoclí,5670,0.6,urbano_medio,0.5129
0549020120301400010105,Necoclí,1008,0.95,urbano_denso,0.6861
0566510000000000030105,San Pedro de Urabá,1896,0.95,urbano_denso,0.6228
0565920010300300010101,San Juan de Urabá,3924,0.8,urbano_denso,0.5498
0566510000000000010745,San Pedro de Urabá,4594,0.8,urbano_denso,0.534
0566510000000000010805,San Pedro de Urabá,7243,0.6,urbano_medio,0.4884
0583720090700100010140,Turbo,1279,0.95,urbano_denso,0.6623
0583720090700100010120,Turbo,1589,0.95,urbano_denso,0.6405
0583720090700100020105,Turbo,6236,0.6,urbano_medio,0.5034
0583720090700100020226,Turbo,3486,0.8,urbano_denso,0.5617
0583720090700100020336,Turbo,1097,0.95,urbano_denso,0.6776
0583720090700100020343,Turbo,2084,0.8,urbano_denso,0.6133
0583720100700200020109,Turbo,1819,0.95,urbano_denso,0.6269
0583720090600300010116,Turbo,1177,0.95,urbano_denso,0.6706
0583720050200500010125,Turbo,9072,0.6,urbano_medio,0.4658
0583720070201200010111,Turbo,3726,0.8,urbano_denso,0.555
0583720090302500010107,Turbo,24171,0.35,urbano_medio,0.3675
0583720030802900010103,Turbo,5969,0.6,urbano_medio,0.5078
0583720010203800010109,Turbo,7685,0.6,urbano_medio,0.4824
0514710000000000010413,Carepa,3883,0.8,urbano_denso,0.5509
0514710000000000020912,Carepa,1474,0.95,urbano_denso,0.648
0514710000000000030502,Carepa,2010,0.8,urbano_denso,0.6169
0514710000000000030527,Carepa,1867,0.95,urbano_denso,0.6243
0514710000000000030545,Carepa,177,0.95,urbano_denso,0.8602
0514710000000000030637,Carepa,1279,0.95,urbano_denso,0.6622
0514720010700700010116,Carepa,1270,0.95,urbano_denso,0.663
0514720010700700010123,Carepa,2147,0.8,urbano_denso,0.6103
0514720011001000010118,Carepa,1353,0.95,urbano_denso,0.6566
0514720011001000010129,Carepa,977,0.95,urbano_denso,0.6893
0517210000000000010618,Chigorodó,4861,0.8,urbano_denso,0.5284
0517210000000000020428,Chigorodó,3337,0.8,urbano_denso,0.5661
0517210000000000020432,Chigorodó,9681,0.6,urbano_medio,0.4593
0517210000000000020514,Chigorodó,12340,0.6,urbano_medio,0.4349
0517210000000000030118,Chigorodó,429,0.95,urbano_denso,0.7717
0517210000000000050207,Chigorodó,1624,0.95,urbano_denso,0.6383
0517210000000000050305,Chigorodó,8907,0.6,urbano_medio,0.4676
0517210000000000050325,Chigorodó,857,0.95,urbano_denso,0.7024
0517210000000000050402,Chigorodó,863,0.95,urbano_denso,0.7017
0517210000000000050529,Chigorodó,581,0.95,urbano_denso,0.7413
0517210000000000060305,Chigorodó,678,0.95,urbano_denso,0.7258
0517210000000000060620,Chigorodó,2516,0.8,urbano_denso,0.5944
0565910000000000010146,San Juan de Urabá,4464,0.8,urbano_denso,0.5369
0565910000000000010305,San Juan de Urabá,2974,0.8,urbano_denso,0.5776
0565910000000000010617,San Juan de Urabá,3194,0.8,urbano_denso,0.5705
0565910000000000010713,San Juan de Urabá,7516,0.6,urbano_medio,0.4847
0583720110201800010219,Turbo,3815,0.8,urbano_denso,0.5527
0514710000000000010731,Carepa,1698,0.95,urbano_denso,0.6339
0514710000000000010810,Carepa,997,0.95,urbano_denso,0.6872
0514710000000000010817,Carepa,3708,0.8,urbano_denso,0.5555
0514710000000000030106,Carepa,1454,0.95,urbano_denso,0.6494
0514710000000000030604,Carepa,1863,0.95,urbano_denso,0.6245
0514710000000000030613,Carepa,1840,0.95,urbano_denso,0.6258
0517210000000000010401,Chigorodó,843,0.95,urbano_denso,0.7041
0517210000000000020205,Chigorodó,2350,0.8,urbano_denso,0.6013
0517210000000000020405,Chigorodó,1162,0.95,urbano_denso,0.6718
0517210000000000060219,Chigorodó,2487,0.8,urbano_denso,0.5956
0517210000000000060303,Chigorodó,2777,0.8,urbano_denso,0.5845
0517210000000000060308,Chigorodó,972,0.95,urbano_denso,0.6897
0517210000000000060314,Chigorodó,2779,0.8,urbano_denso,0.5845
0517210000000000061002,Chigorodó,4125,0.8,urbano_denso,0.5448
0549020030200400010132,Necoclí,1350,0.95,urbano_denso,0.6568
0566510000000000011020,San Pedro de Urabá,40167,0.35,urbano_medio,0.3166
0583720110201800010221,Turbo,3308,0.8,urbano_denso,0.567
0514710000000000020428,Carepa,897,0.95,urbano_denso,0.6978
0517210000000000010608,Chigorodó,4444,0.8,urbano_denso,0.5374
0517210000000000060815,Chigorodó,495,0.95,urbano_denso,0.7573
0565910000000000010117,San Juan de Urabá,29159,0.35,urbano_medio,0.3487
0504520020500200010114,Apartadó,3992,0.8,urbano_denso,0.5481
0504520020300300010105,Apartadó,4881,0.8,urbano_denso,0.528
0504520020300900010107,Apartadó,8844,0.6,urbano_medio,0.4683
0504520020300900010201,Apartadó,3603,0.8,urbano_denso,0.5584
0504520020300900010304,Apartadó,1499,0.95,urbano_denso,0.6463
0505110000000000010308,Arboletes,10270,0.6,urbano_medio,0.4534
0505110000000000010404,Arboletes,6553,0.6,urbano_medio,0.4984
0505110000000000010808,Arboletes,5237,0.6,urbano_medio,0.5209
0505110000000000010902,Arboletes,2595,0.8,urbano_denso,0.5913
0505110000000000011022,Arboletes,978,0.95,urbano_denso,0.6891
0505120030200900010102,Arboletes,14679,0.6,urbano_medio,0.4175
0505120030200900010109,Arboletes,4444,0.8,urbano_denso,0.5374
0514710000000000030431,Carepa,2130,0.8,urbano_denso,0.6111
0514710000000000030623,Carepa,842,0.95,urbano_denso,0.7041
0517220100400700010104,Chigorodó,183,0.95,urbano_denso,0.8571
0549010000000000010103,Necoclí,10927,0.6,urbano_medio,0.4471
0549010000000000010328,Necoclí,6354,0.6,urbano_medio,0.5015
0549010000000000010711,Necoclí,789,0.95,urbano_denso,0.7106
0549010000000000010723,Necoclí,2442,0.8,urbano_denso,0.5974
0549020120600100010134,Necoclí,4167,0.8,urbano_denso,0.5438
0549020120301000010101,Necoclí,6431,0.6,urbano_medio,0.5003
0549020090201200010103,Necoclí,761,0.95,urbano_denso,0.7143
0583720090600300010331,Turbo,4638,0.8,urbano_denso,0.5331
0566510000000000010217,San Pedro de Urabá,2999,0.8,urbano_denso,0.5768
0566510000000000010317,San Pedro de Urabá,2350,0.8,urbano_denso,0.6013
0566510000000000010724,San Pedro de Urabá,2709,0.8,urbano_denso,0.587
0566510000000000010818,San Pedro de Urabá,2146,0.8,urbano_denso,0.6103
0566510000000000010909,San Pedro de Urabá,5789,0.6,urbano_medio,0.5109
0583720090700100010609,Turbo,4203,0.8,urbano_denso,0.543
0583720090700100010611,Turbo,9002,0.6,urbano_medio,0.4666
0583720090700100020101,Turbo,2855,0.8,urbano_denso,0.5817
0583720100700200010514,Turbo,4200,0.8,urbano_denso,0.543
0583720090600300010112,Turbo,5878,0.6,urbano_medio,0.5093
0583720050200500010114,Turbo,2738,0.8,urbano_denso,0.5859
0583720030700600010114,Turbo,6271,0.6,urbano_medio,0.5028
0583720020101300010117,Turbo,5407,0.6,urbano_medio,0.5177
0583720020101300010207,Turbo,9278,0.6,urbano_medio,0.4635
0583720090602600010114,Turbo,3638,0.8,urbano_denso,0.5574
0583720030802900010105,Turbo,6147,0.6,urbano_medio,0.5048
0583720030802900010111,Turbo,3249,0.8,urbano_denso,0.5688
0504520020300900010324,Apartadó,992,0.95,urbano_denso,0.6877
0504520010101400010104,Apartadó,4247,0.8,urbano_denso,0.5419
0504520020500200010104,Apartadó,59451,0.15,periurbano,0.2772
0504520020300900010106,Apartadó,18315,0.35,urbano_medio,0.3953
0505110000000000010609,Arboletes,18966,0.35,urbano_medio,0.3918
0549020040400900010132,Necoclí,10061,0.6,urbano_medio,0.4554
0549020050401800010108,Necoclí,2216,0.8,urbano_denso,0.6071
0566510000000000010564,San Pedro de Urabá,9788,0.6,urbano_medio,0.4582
0566510000000000010634,San Pedro de Urabá,4847,0.8,urbano_denso,0.5287
0583720100700200020132,Turbo,1997,0.95,urbano_denso,0.6176
0583720050200500010124,Turbo,245,0.95,urbano_denso,0.8275
0583720100400800010304,Turbo,720,0.95,urbano_denso,0.7198
0583720070202000010106,Turbo,3776,0.8,urbano_denso,0.5537
0514710000000000010501,Carepa,5174,0.6,urbano_medio,0.5221
0514710000000000010504,Carepa,8010,0.6,urbano_medio,0.4783
0514710000000000010717,Carepa,1197,0.95,urbano_denso,0.6688
0514710000000000020905,Carepa,1201,0.95,urbano_denso,0.6686
0514710000000000030233,Carepa,1730,0.95,urbano_denso,0.632
0514710000000000030420,Carepa,1695,0.95,urbano_denso,0.634
0514710000000000030435,Carepa,1486,0.95,urbano_denso,0.6472
0514710000000000030437,Carepa,1681,0.95,urbano_denso,0.6349
0514710000000000030610,Carepa,2519,0.8,urbano_denso,0.5943
0514720011001000010137,Carepa,1385,0.95,urbano_denso,0.6543
0514720011001000010143,Carepa,973,0.95,urbano_denso,0.6896
0517210000000000010301,Chigorodó,4588,0.8,urbano_denso,0.5342
0517210000000000010414,Chigorodó,2921,0.8,urbano_denso,0.5795
0517210000000000020505,Chigorodó,1560,0.95,urbano_denso,0.6423
0517210000000000030103,Chigorodó,8504,0.6,urbano_medio,0.4723
0517210000000000050211,Chigorodó,1875,0.95,urbano_denso,0.6239
0517210000000000050317,Chigorodó,2053,0.8,urbano_denso,0.6148
0517210000000000050513,Chigorodó,3958,0.8,urbano_denso,0.549
0517210000000000060934,Chigorodó,1668,0.95,urbano_denso,0.6356
0517210000000000060507,Chigorodó,2769,0.8,urbano_denso,0.5848
0517210000000000060935,Chigorodó,8924,0.6,urbano_medio,0.4675
0549020030200400010129,Necoclí,2007,0.8,urbano_denso,0.6171
0565910000000000010140,San Juan de Urabá,4069,0.8,urbano_denso,0.5462
0566510000000000020122,San Pedro de Urabá,3873,0.8,urbano_denso,0.5512
0504520020300900010220,Apartadó,11281,0.6,urbano_medio,0.4439
0504520010301100010105,Apartadó,5595,0.6,urbano_medio,0.5143
0504520010301100010108,Apartadó,1541,0.95,urbano_denso,0.6436
0504520010301100010213,Apartadó,2535,0.8,urbano_denso,0.5937
0504520010101600010117,Apartadó,9323,0.6,urbano_medio,0.4631
0505110000000000010319,Arboletes,2042,0.8,urbano_denso,0.6154
0505110000000000010344,Arboletes,3628,0.8,urbano_denso,0.5577
0505110000000000010604,Arboletes,6375,0.6,urbano_medio,0.5012
0505110000000000010905,Arboletes,1299,0.95,urbano_denso,0.6607
0505110000000000011041,Arboletes,1372,0.95,urbano_denso,0.6552
0505120030200800010107,Arboletes,3053,0.8,urbano_denso,0.575
0514710000000000020716,Carepa,1591,0.95,urbano_denso,0.6404
0514710000000000030511,Carepa,2650,0.8,urbano_denso,0.5892
0514720010601300010106,Carepa,4390,0.8,urbano_denso,0.5386
0517220100400700010112,Chigorodó,4445,0.8,urbano_denso,0.5373
0549020120600100010308,Necoclí,2837,0.8,urbano_denso,0.5824
0549010000000000010613,Necoclí,41748,0.35,urbano_medio,0.3127
0549020120600100010215,Necoclí,4873,0.8,urbano_denso,0.5281
0549020120300300010125,Necoclí,6653,0.6,urbano_medio,0.4969
0549020120801600010101,Necoclí,13408,0.6,urbano_medio,0.4266
0566510000000000010349,San Pedro de Urabá,8485,0.6,urbano_medio,0.4725
0566510000000000010416,San Pedro de Urabá,1634,0.95,urbano_denso,0.6377
0566510000000000010610,San Pedro de Urabá,3616,0.8,urbano_denso,0.5581
0566510000000000010847,San Pedro de Urabá,2424,0.8,urbano_denso,0.5981
0566510000000000010853,San Pedro de Urabá,7403,0.6,urbano_medio,0.4862
0566520040200200010101,San Pedro de Urabá,3336,0.8,urbano_denso,0.5661
0583720090700100010513,Turbo,2352,0.8,urbano_denso,0.6012
0583720090700100020403,Turbo,3703,0.8,urbano_denso,0.5557
0583720090700100020422,Turbo,1095,0.95,urbano_denso,0.6778
0583720100700200010204,Turbo,1555,0.95,urbano_denso,0.6426
0583720100700200020507,Turbo,2290,0.8,urbano_denso,0.6038
0583720090600300010208,Turbo,5645,0.6,urbano_medio,0.5134
0583720090600300010309,Turbo,6700,0.6,urbano_medio,0.4962
0583720090600300010328,Turbo,3685,0.8,urbano_denso,0.5562
0583720050200500010108,Turbo,6636,0.6,urbano_medio,0.4972
0583720100400800010316,Turbo,766,0.95,urbano_denso,0.7137
0583720020101300010211,Turbo,1581,0.95,urbano_denso,0.641
0583720030802900010106,Turbo,6431,0.6,urbano_medio,0.5003
0583720240204300010102,Turbo,7038,0.6,urbano_medio,0.4913
0504520010101600010112,Apartadó,2748,0.8,urbano_denso,0.5856
0505110000000000010146,Arboletes,4675,0.8,urbano_denso,0.5323
0505110000000000011122,Arboletes,3374,0.8,urbano_denso,0.565
0566510000000000010870,San Pedro de Urabá,4615,0.8,urbano_denso,0.5336
0566520010100400010114,San Pedro de Urabá,17860,0.35,urbano_medio,0.3979
0583720090700100020351,Turbo,1182,0.95,urbano_denso,0.6702
0583720050202800010106,Turbo,7567,0.6,urbano_medio,0.484
0583720030802900010124,Turbo,18423,0.35,urbano_medio,0.3947
0514710000000000010314,Carepa,1016,0.95,urbano_denso,0.6854
0514710000000000010319,Carepa,2801,0.8,urbano_denso,0.5836
0514710000000000010728,Carepa,313,0.95,urbano_denso,0.8033
0514710000000000020230,Carepa,1721,0.95,urbano_denso,0.6325
0514710000000000030544,Carepa,969,0.95,urbano_denso,0.69
0514720011001000010119,Carepa,1197,0.95,urbano_denso,0.6689
0517210000000000010515,Chigorodó,4599,0.8,urbano_denso,0.5339
0517210000000000020226,Chigorodó,5474,0.6,urbano_medio,0.5165
0517210000000000060122,Chigorodó,2612,0.8,urbano_denso,0.5907
0517210000000000060511,Chigorodó,2829,0.8,urbano_denso,0.5827
0517210000000000060612,Chigorodó,2451,0.8,urbano_denso,0.597
0517210000000000060701,Chigorodó,2457,0.8,urbano_denso,0.5968
0517210000000000060707,Chigorodó,821,0.95,urbano_denso,0.7067
0517210000000000060803,Chigorodó,2671,0.8,urbano_denso,0.5884
0549020030200400010117,Necoclí,7362,0.6,urbano_medio,0.4867
0549020030200400010131,Necoclí,2964,0.8,urbano_denso,0.578
0565910000000000010135,San Juan de Urabá,1301,0.95,urbano_denso,0.6605
0583720110201800010326,Turbo,4240,0.8,urbano_denso,0.5421
0504520030101500010107,Apartadó,3636,0.8,urbano_denso,0.5575
0504520010101600010115,Apartadó,5706,0.6,urbano_medio,0.5123
0505110000000000010113,Arboletes,3885,0.8,urbano_denso,0.5509
0505110000000000010114,Arboletes,4523,0.8,urbano_denso,0.5356
0505110000000000010521,Arboletes,1000,0.95,urbano_denso,0.687
0505110000000000010534,Arboletes,494,0.95,urbano_denso,0.7576
0505110000000000010912,Arboletes,3453,0.8,urbano_denso,0.5627
0505120040101000010119,Arboletes,3715,0.8,urbano_denso,0.5553
0514710000000000020419,Carepa,1359,0.95,urbano_denso,0.6562
0514710000000000020717,Carepa,1601,0.95,urbano_denso,0.6397
0517220060601500010107,Chigorodó,9042,0.6,urbano_medio,0.4661
0565920010100100010123,San Juan de Urabá,6755,0.6,urbano_medio,0.4954
0583720100700200010212,Turbo,1957,0.95,urbano_denso,0.6196
0583720100700200010301,Turbo,4277,0.8,urbano_denso,0.5412
0583720090700100010302,Turbo,2242,0.8,urbano_denso,0.606
0583720090700100020103,Turbo,3813,0.8,urbano_denso,0.5527
0583720090700100020404,Turbo,3451,0.8,urbano_denso,0.5627
0583720100700200020106,Turbo,4273,0.8,urbano_denso,0.5413
0583720100700200020117,Turbo,3530,0.8,urbano_denso,0.5605
0583720100700200020317,Turbo,932,0.95,urbano_denso,0.694
0583720100700200020511,Turbo,5347,0.6,urbano_medio,0.5188
0583720050200500010106,Turbo,16830,0.35,urbano_medio,0.4038
0583720100400800010118,Turbo,639,0.95,urbano_denso,0.7317
0583720240400900010107,Turbo,6166,0.6,urbano_medio,0.5045
0583720090402400010122,Turbo,3528,0.8,urbano_denso,0.5605
0583720090402400010123,Turbo,1869,0.95,urbano_denso,0.6242
0583720050603700010110,Turbo,14836,0.6,urbano_medio,0.4165
0504520010301100010211,Apartadó,2793,0.8,urbano_denso,0.5839
0505110000000000010805,Arboletes,2654,0.8,urbano_denso,0.589
0505110000000000010911,Arboletes,4849,0.8,urbano_denso,0.5286
0505120060400100010106,Arboletes,5962,0.6,urbano_medio,0.5079
0505120060400100010110,Arboletes,743,0.95,urbano_denso,0.7167
0549010000000000010411,Necoclí,5944,0.6,urbano_medio,0.5082
0549010000000000010430,Necoclí,5499,0.6,urbano_medio,0.516
0549010000000000010812,Necoclí,1617,0.95,urbano_denso,0.6388
0549020120600100010304,Necoclí,9308,0.6,urbano_medio,0.4632
0549020090200800010103,Necoclí,903,0.95,urbano_denso,0.6971
0549020090200800010119,Necoclí,2369,0.8,urbano_denso,0.6005
0565920020300400010104,San Juan de Urabá,2449,0.8,urbano_denso,0.5971
0566510000000000010544,San Pedro de Urabá,7075,0.6,urbano_medio,0.4907
0566510000000000011017,San Pedro de Urabá,6100,0.6,urbano_medio,0.5056
0566520040200800010109,San Pedro de Urabá,814,0.95,urbano_denso,0.7075
0583720090700100010106,Turbo,3809,0.8,urbano_denso,0.5528
0583720090700100010419,Turbo,2343,0.8,urbano_denso,0.6016
0583720090700100020109,Turbo,3131,0.8,urbano_denso,0.5725
0583720090700100020224,Turbo,3170,0.8,urbano_denso,0.5713
0583720100700200020517,Turbo,3326,0.8,urbano_denso,0.5664
0583720100400800010115,Turbo,624,0.95,urbano_denso,0.7341
0583720230401400010102,Turbo,3682,0.8,urbano_denso,0.5562
0514710000000000010417,Carepa,1800,0.95,urbano_denso,0.628
0514710000000000010822,Carepa,1902,0.95,urbano_denso,0.6225
0514710000000000020221,Carepa,372,0.95,urbano_denso,0.7859
0514710000000000030213,Carepa,2087,0.8,urbano_denso,0.6131
0514710000000000030429,Carepa,1922,0.95,urbano_denso,0.6214
0517210000000000010127,Chigorodó,1637,0.95,urbano_denso,0.6375
0517210000000000010302,Chigorodó,4918,0.8,urbano_denso,0.5272
0517210000000000010402,Chigorodó,2620,0.8,urbano_denso,0.5904
0517210000000000010407,Chigorodó,1909,0.95,urbano_denso,0.6221
0517210000000000050104,Chigorodó,3018,0.8,urbano_denso,0.5762
0517210000000000050205,Chigorodó,4315,0.8,urbano_denso,0.5403
0517210000000000050212,Chigorodó,6283,0.6,urbano_medio,0.5026
0517210000000000050410,Chigorodó,1435,0.95,urbano_denso,0.6507
0517210000000000050423,Chigorodó,1743,0.95,urbano_denso,0.6312
0517210000000000060120,Chigorodó,2606,0.8,urbano_denso,0.5909
0549020050300500010217,Necoclí,3625,0.8,urbano_denso,0.5578
0565910000000000010232,San Juan de Urabá,6858,0.6,urbano_medio,0.4939
0566510000000000020121,San Pedro de Urabá,2178,0.8,urbano_denso,0.6089
0583720110201800010117,Turbo,4238,0.8,urbano_denso,0.5421
0517220070300300010111,Chigorodó,2465,0.8,urbano_denso,0.5965
0504520020500200010204,Apartadó,3967,0.8,urbano_denso,0.5488
0504520020500200010117,Apartadó,1347,0.95,urbano_denso,0.657
0504520010301100010104,Apartadó,12391,0.6,urbano_medio,0.4345
0504520010301100010214,Apartadó,2463,0.8,urbano_denso,0.5966
0504520010101600010104,Apartadó,6007,0.6,urbano_medio,0.5071
0505120020500300010121,Arboletes,744,0.95,urbano_denso,0.7165
0505120040101000010104,Arboletes,3814,0.8,urbano_denso,0.5527
0505120030101100010106,Arboletes,5367,0.6,urbano_medio,0.5184
0514710000000000020711,Carepa,1865,0.95,urbano_denso,0.6244
0514710000000000030556,Carepa,16872,0.35,urbano_medio,0.4036
0517220070300300010106,Chigorodó,2463,0.8,urbano_denso,0.5966
0549020090200800010115,Necoclí,13364,0.6,urbano_medio,0.4269
0549010000000000010724,Necoclí,4252,0.8,urbano_denso,0.5418
0549010000000000010809,Necoclí,2049,0.8,urbano_denso,0.615
0549020030300200010105,Necoclí,10376,0.6,urbano_medio,0.4523
0549020090200800010107,Necoclí,930,0.95,urbano_denso,0.6941
0549020120301000010113,Necoclí,5613,0.6,urbano_medio,0.5139
0549020090501500010105,Necoclí,6632,0.6,urbano_medio,0.4972
0565910000000000010508,San Juan de Urabá,2310,0.8,urbano_denso,0.603
0565920010300300010111,San Juan de Urabá,5363,0.6,urbano_medio,0.5185
0565920010300300010136,San Juan de Urabá,1375,0.95,urbano_denso,0.655
0565920010100500010102,San Juan de Urabá,9405,0.6,urbano_medio,0.4622
0565920010200600010107,San Juan de Urabá,4411,0.8,urbano_denso,0.5381
0566510000000000010159,San Pedro de Urabá,4286,0.8,urbano_denso,0.541
0566510000000000010208,San Pedro de Urabá,4117,0.8,urbano_denso,0.545
0566510000000000010408,San Pedro de Urabá,4646,0.8,urbano_denso,0.5329
0566520010100400010102,San Pedro de Urabá,14106,0.6,urbano_medio,0.4215
0566520040200800010116,San Pedro de Urabá,4038,0.8,urbano_denso,0.547
0583720090700100010705,Turbo,2155,0.8,urbano_denso,0.6099
0583720090700100010713,Turbo,10120,0.6,urbano_medio,0.4548
0583720090700100020107,Turbo,6963,0.6,urbano_medio,0.4923
0583720090700100020307,Turbo,3835,0.8,urbano_denso,0.5521
0583720090700100020438,Turbo,3155,0.8,urbano_denso,0.5717
0583720100700200020104,Turbo,3320,0.8,urbano_denso,0.5666
0583720030700600010108,Turbo,4012,0.8,urbano_denso,0.5476
0583720100400800010203,Turbo,631,0.95,urbano_denso,0.7331
0583720100400800010410,Turbo,5234,0.6,urbano_medio,0.521
0583720080301000010114,Turbo,5242,0.6,urbano_medio,0.5208
0583720070201200010116,Turbo,3261,0.8,urbano_denso,0.5684
0583720070202000010103,Turbo,30051,0.35,urbano_medio,0.3457
0505110000000000010140,Arboletes,2943,0.8,urbano_denso,0.5787
0505120060600500010102,Arboletes,1918,0.95,urbano_denso,0.6216
0505120030101100010105,Arboletes,4951,0.8,urbano_denso,0.5265
0514710000000000030609,Carepa,1706,0.95,urbano_denso,0.6333
0517220060601500010109,Chigorodó,2283,0.8,urbano_denso,0.6042
0549010000000000010219,Necoclí,4612,0.8,urbano_denso,0.5336
0549010000000000010605,Necoclí,50355,0.15,periurbano,0.2939
0549020120600100010126,Necoclí,4476,0.8,urbano_denso,0.5366
0565920010300300010118,San Juan de Urabá,1466,0.95,urbano_denso,0.6486
0566510000000000010559,San Pedro de Urabá,10566,0.6,urbano_medio,0.4505
0583720090700100010103,Turbo,3782,0.8,urbano_denso,0.5536
0583720090700100020338,Turbo,3067,0.8,urbano_denso,0.5746
0583720100700200020133,Turbo,1942,0.95,urbano_denso,0.6204
0583720090600300010322,Turbo,23681,0.35,urbano_medio,0.3696
0583720090603100010106,Turbo,503,0.95,urbano_denso,0.7557
0504520020300300010101,Apartadó,7474,0.6,urbano_medio,0.4852
0504520020300900010214,Apartadó,2101,0.8,urbano_denso,0.6125
0505110000000000010311,Arboletes,626,0.95,urbano_denso,0.7339
0505110000000000010411,Arboletes,5317,0.6,urbano_medio,0.5194
0505110000000000011123,Arboletes,2783,0.8,urbano_denso,0.5843
0505120050401400010101,Arboletes,1545,0.95,urbano_denso,0.6433
0514710000000000020607,Carepa,293,0.95,urbano_denso,0.8097
0514720010601300010105,Carepa,3883,0.8,urbano_denso,0.5509
0549020120600100010405,Necoclí,4176,0.8,urbano_denso,0.5436
0549010000000000010722,Necoclí,2182,0.8,urbano_denso,0.6087
0549020030300200010210,Necoclí,36151,0.35,urbano_medio,0.3271
0549020120300300010103,Necoclí,18883,0.35,urbano_medio,0.3923
0565910000000000010415,San Juan de Urabá,3999,0.8,urbano_denso,0.5479
0565920010300300010108,San Juan de Urabá,3259,0.8,urbano_denso,0.5685
0565920020300400010101,San Juan de Urabá,18097,0.35,urbano_medio,0.3965
0565920010100500010104,San Juan de Urabá,5793,0.6,urbano_medio,0.5108
0565920010200600010110,San Juan de Urabá,3351,0.8,urbano_denso,0.5657
0566510000000000010661,San Pedro de Urabá,1117,0.95,urbano_denso,0.6758
0566510000000000010852,San Pedro de Urabá,2741,0.8,urbano_denso,0.5858
0566520040200800010110,San Pedro de Urabá,3307,0.8,urbano_denso,0.567
0583720090700100010307,Turbo,2822,0.8,urbano_denso,0.5829
0583720090700100020111,Turbo,4800,0.8,urbano_denso,0.5297
0583720090700100020209,Turbo,3503,0.8,urbano_denso,0.5612
0583720100700200020306,Turbo,1109,0.95,urbano_denso,0.6765
0583720100700200020513,Turbo,2327,0.8,urbano_denso,0.6022
0583720050202800010104,Turbo,8230,0.6,urbano_medio,0.4756
0583720090103900010101,Turbo,10190,0.6,urbano_medio,0.4541
0549020120600100010207,Necoclí,5046,0.6,urbano_medio,0.5246
0549020120600100010209,Necoclí,4202,0.8,urbano_denso,0.543
0504520020500200010212,Apartadó,2150,0.8,urbano_denso,0.6102
0504520020300900010123,Apartadó,2071,0.8,urbano_denso,0.6139
0504520020300900010128,Apartadó,1896,0.95,urbano_denso,0.6228
0504520010101600010102,Apartadó,6441,0.6,urbano_medio,0.5001
0505110000000000010232,Arboletes,1296,0.95,urbano_denso,0.661
0505110000000000010540,Arboletes,4207,0.8,urbano_denso,0.5429
0505110000000000011004,Arboletes,9532,0.6,urbano_medio,0.4608
0505110000000000011024,Arboletes,1487,0.95,urbano_denso,0.6472
0505110000000000011120,Arboletes,2963,0.8,urbano_denso,0.578
0505120030200900010111,Arboletes,6916,0.6,urbano_medio,0.493
0514710000000000010134,Carepa,2227,0.8,urbano_denso,0.6067
0514710000000000020727,Carepa,1549,0.95,urbano_denso,0.6431
0583720100700200010314,Turbo,4430,0.8,urbano_denso,0.5377
0583720090600300010210,Turbo,6678,0.6,urbano_medio,0.4965
0583720020101300010205,Turbo,4795,0.8,urbano_denso,0.5298
0583720010203800010108,Turbo,8940,0.6,urbano_medio,0.4673
0583720090103900010104,Turbo,32203,0.35,urbano_medio,0.3387
0514710000000000020913,Carepa,3215,0.8,urbano_denso,0.5698
0514720011001000010133,Carepa,1282,0.95,urbano_denso,0.662
0514710000000000020245,Carepa,1495,0.95,urbano_denso,0.6466
0514710000000000010315,Carepa,1980,0.95,urbano_denso,0.6184
0514710000000000010411,Carepa,3078,0.8,urbano_denso,0.5742
0514710000000000010520,Carepa,1738,0.95,urbano_denso,0.6315
0514710000000000010610,Carepa,1613,0.95,urbano_denso,0.639
0514710000000000020223,Carepa,1176,0.95,urbano_denso,0.6707
0514710000000000020424,Carepa,1796,0.95,urbano_denso,0.6282
0514710000000000030201,Carepa,1556,0.95,urbano_denso,0.6426
0514720010700700010107,Carepa,3731,0.8,urbano_denso,0.5549
0514720010700700010120,Carepa,17438,0.35,urbano_medio,0.4003
0514720011001000010134,Carepa,1197,0.95,urbano_denso,0.6689
0517210000000000010506,Chigorodó,3212,0.8,urbano_denso,0.5699
0517210000000000020328,Chigorodó,4235,0.8,urbano_denso,0.5422
0517210000000000020331,Chigorodó,1606,0.95,urbano_denso,0.6394
0517210000000000040104,Chigorodó,1710,0.95,urbano_denso,0.6331
0517210000000000060201,Chigorodó,1327,0.95,urbano_denso,0.6585
0549020030200400010103,Necoclí,5121,0.6,urbano_medio,0.5231
0549020030200400010112,Necoclí,3415,0.8,urbano_denso,0.5638
0565910000000000010127,San Juan de Urabá,3566,0.8,urbano_denso,0.5594
0566510000000000020120,San Pedro de Urabá,1756,0.95,urbano_denso,0.6305
0504520020300900010312,Apartadó,866,0.95,urbano_denso,0.7013
0504520010301100010219,Apartadó,2117,0.8,urbano_denso,0.6117
0505110000000000010530,Arboletes,5071,0.6,urbano_medio,0.5241
0514710000000000010707,Carepa,1320,0.95,urbano_denso,0.6591
0514710000000000010128,Carepa,7122,0.6,urbano_medio,0.4901
0514710000000000030618,Carepa,721,0.95,urbano_denso,0.7197
0517220070300300010104,Chigorodó,2821,0.8,urbano_denso,0.5829
0517220100400700010114,Chigorodó,6983,0.6,urbano_medio,0.4921
0549010000000000010701,Necoclí,705,0.95,urbano_denso,0.722
0549020120600100010421,Necoclí,16177,0.35,urbano_medio,0.4078
0549020120300300010140,Necoclí,5796,0.6,urbano_medio,0.5107
0549020120100700010105,Necoclí,7318,0.6,urbano_medio,0.4873
0549020090501500010120,Necoclí,2176,0.8,urbano_denso,0.609
0566510000000000010115,San Pedro de Urabá,4219,0.8,urbano_denso,0.5426
0566510000000000010205,San Pedro de Urabá,4138,0.8,urbano_denso,0.5445
0566510000000000010657,San Pedro de Urabá,4700,0.8,urbano_denso,0.5317
0566510000000000010801,San Pedro de Urabá,3200,0.8,urbano_denso,0.5703
0566520020300300010105,San Pedro de Urabá,1634,0.95,urbano_denso,0.6377
0583720090700100010225,Turbo,569,0.95,urbano_denso,0.7434
0583720090700100020210,Turbo,3494,0.8,urbano_denso,0.5615
0583720090700100020221,Turbo,3571,0.8,urbano_denso,0.5593
0583720090700100020372,Turbo,1229,0.95,urbano_denso,0.6662
0583720090700100020423,Turbo,4242,0.8,urbano_denso,0.542
0583720100700200020403,Turbo,1806,0.95,urbano_denso,0.6277
0583720090600300010120,Turbo,1717,0.95,urbano_denso,0.6328
0583720030700600010105,Turbo,980,0.95,urbano_denso,0.689
0583720090402400010101,Turbo,3837,0.8,urbano_denso,0.5521
0583720090602600010108,Turbo,931,0.95,urbano_denso,0.6941
0583720030803200010109,Turbo,130757,0.15,periurbano,0.1982
0583720010203800010102,Turbo,9431,0.6,urbano_medio,0.4619
0505110000000000010331,Arboletes,669,0.95,urbano_denso,0.7272
0504520030101500010124,Apartadó,1870,0.95,urbano_denso,0.6242
0504520010101400010115,Apartadó,4470,0.8,urbano_denso,0.5368
0505110000000000011106,Arboletes,1786,0.95,urbano_denso,0.6287
0505120030101100010137,Arboletes,1591,0.95,urbano_denso,0.6404
0514710000000000010715,Carepa,1338,0.95,urbano_denso,0.6577
0549010000000000010428,Necoclí,6342,0.6,urbano_medio,0.5017
0549020120600100010314,Necoclí,3718,0.8,urbano_denso,0.5552
0549010000000000010123,Necoclí,56049,0.15,periurbano,0.2831
0549020030300200010220,Necoclí,6746,0.6,urbano_medio,0.4955
0565910000000000010219,San Juan de Urabá,2138,0.8,urbano_denso,0.6108
0566510000000000010426,San Pedro de Urabá,4894,0.8,urbano_denso,0.5277
0583720090700100010222,Turbo,609,0.95,urbano_denso,0.7365
0583720090600300010207,Turbo,2471,0.8,urbano_denso,0.5962
0583720090600300010217,Turbo,5299,0.6,urbano_medio,0.5197
0583720090600300010316,Turbo,4359,0.8,urbano_denso,0.5393
0583720090600300010320,Turbo,4085,0.8,urbano_denso,0.5458
0583720020101300010104,Turbo,11849,0.6,urbano_medio,0.439
0583720090302300010111,Turbo,7141,0.6,urbano_medio,0.4898
0583720090102700010102,Turbo,7460,0.6,urbano_medio,0.4854
0514710000000000010711,Carepa,2005,0.8,urbano_denso,0.6172
0514710000000000010732,Carepa,1093,0.95,urbano_denso,0.678
0514710000000000030506,Carepa,2249,0.8,urbano_denso,0.6057
0514710000000000030517,Carepa,1635,0.95,urbano_denso,0.6376
0514710000000000030532,Carepa,7855,0.6,urbano_medio,0.4803
0514720010700700010106,Carepa,2490,0.8,urbano_denso,0.5955
0517210000000000010604,Chigorodó,4801,0.8,urbano_denso,0.5296
0517210000000000010612,Chigorodó,5445,0.6,urbano_medio,0.517
0517210000000000020301,Chigorodó,1552,0.95,urbano_denso,0.6428
0517210000000000020418,Chigorodó,2709,0.8,urbano_denso,0.587
0517210000000000020509,Chigorodó,2111,0.8,urbano_denso,0.612
0517210000000000040113,Chigorodó,2689,0.8,urbano_denso,0.5878
0517210000000000050126,Chigorodó,3262,0.8,urbano_denso,0.5684
0517210000000000060111,Chigorodó,2371,0.8,urbano_denso,0.6004
0517210000000000060123,Chigorodó,2677,0.8,urbano_denso,0.5882
0517210000000000060126,Chigorodó,579,0.95,urbano_denso,0.7417
0517210000000000060435,Chigorodó,8009,0.6,urbano_medio,0.4783
0517210000000000060909,Chigorodó,2826,0.8,urbano_denso,0.5828
0549020030200400010110,Necoclí,6040,0.6,urbano_medio,0.5066
0565910000000000010228,San Juan de Urabá,4173,0.8,urbano_denso,0.5437
0565910000000000010501,San Juan de Urabá,2557,0.8,urbano_denso,0.5928
0566510000000000020117,San Pedro de Urabá,2157,0.8,urbano_denso,0.6099
0583720110201800010315,Turbo,5856,0.6,urbano_medio,0.5097
0514710000000000020618,Carepa,943,0.95,urbano_denso,0.6928
0549020090501500010114,Necoclí,1828,0.95,urbano_denso,0.6264
0505110000000000010810,Arboletes,1096,0.95,urbano_denso,0.6777
0505110000000000010812,Arboletes,1871,0.95,urbano_denso,0.6241
0505110000000000011029,Arboletes,1704,0.95,urbano_denso,0.6335
0505120030200800010108,Arboletes,4448,0.8,urbano_denso,0.5373
0514720010601300010101,Carepa,3652,0.8,urbano_denso,0.5571
0549010000000000010126,Necoclí,2847,0.8,urbano_denso,0.582
0566510000000000010841,San Pedro de Urabá,1640,0.95,urbano_denso,0.6373
0566520040200800010104,San Pedro de Urabá,501,0.95,urbano_denso,0.7561
0583720090700100010142,Turbo,8970,0.6,urbano_medio,0.4669
0583720090700100020312,Turbo,3957,0.8,urbano_denso,0.549
0583720090700100020369,Turbo,861,0.95,urbano_denso,0.7019
0583720050200500010118,Turbo,13944,0.6,urbano_medio,0.4227
0583720050200500010126,Turbo,2271,0.8,urbano_denso,0.6047
0583720030700600010104,Turbo,5943,0.6,urbano_medio,0.5082
0504520020300900010313,Apartadó,396,0.95,urbano_denso,0.7796
0504520010101400010111,Apartadó,2129,0.8,urbano_denso,0.6111
0505110000000000010315,Arboletes,2286,0.8,urbano_denso,0.604
0505110000000000010323,Arboletes,3238,0.8,urbano_denso,0.5691
0505120030200900010101,Arboletes,15088,0.35,urbano_medio,0.4148
0505120030101100010120,Arboletes,2769,0.8,urbano_denso,0.5848
0514710000000000010607,Carepa,2339,0.8,urbano_denso,0.6017
0514710000000000020701,Carepa,2623,0.8,urbano_denso,0.5903
0517220100400700010110,Chigorodó,644,0.95,urbano_denso,0.731
0549010000000000010232,Necoclí,2474,0.8,urbano_denso,0.5961
0549010000000000010410,Necoclí,5876,0.6,urbano_medio,0.5093
0549010000000000010914,Necoclí,1627,0.95,urbano_denso,0.6381
0549020120600100010313,Necoclí,5988,0.6,urbano_medio,0.5075
0549020120600600010116,Necoclí,23246,0.35,urbano_medio,0.3714
0549020120301000010108,Necoclí,12786,0.6,urbano_medio,0.4314
0566510000000000010122,San Pedro de Urabá,6256,0.6,urbano_medio,0.5031
0566510000000000010345,San Pedro de Urabá,9595,0.6,urbano_medio,0.4602
0583720090600300010340,Turbo,12910,0.6,urbano_medio,0.4304
0583720090700100020116,Turbo,6707,0.6,urbano_medio,0.4961
0583720090700100020218,Turbo,3437,0.8,urbano_denso,0.5631
0583720100700200010209,Turbo,1998,0.95,urbano_denso,0.6175
0583720100700200010401,Turbo,3250,0.8,urbano_denso,0.5688
0583720100700200020311,Turbo,1670,0.95,urbano_denso,0.6355
0583720070201200010112,Turbo,1638,0.95,urbano_denso,0.6375
0583720020101300010108,Turbo,3208,0.8,urbano_denso,0.57
0583720020101300010209,Turbo,5451,0.6,urbano_medio,0.5169
0583720090302500010104,Turbo,2336,0.8,urbano_denso,0.6018
0583720090602600010107,Turbo,1064,0.95,urbano_denso,0.6807
0583720030803200010102,Turbo,27058,0.35,urbano_medio,0.3562
0583720030803200010114,Turbo,24101,0.35,urbano_medio,0.3678
0583720050603700010108,Turbo,3371,0.8,urbano_denso,0.5651
0514710000000000010506,Carepa,3098,0.8,urbano_denso,0.5735
0514710000000000010527,Carepa,1436,0.95,urbano_denso,0.6507
0514710000000000010705,Carepa,1999,0.95,urbano_denso,0.6175
0514710000000000020216,Carepa,7393,0.6,urbano_medio,0.4863
0514710000000000020318,Carepa,17550,0.35,urbano_medio,0.3996
0514710000000000020503,Carepa,1920,0.95,urbano_denso,0.6215
0514710000000000030425,Carepa,1492,0.95,urbano_denso,0.6468
0514720011001000010122,Carepa,1782,0.95,urbano_denso,0.629
0517210000000000010324,Chigorodó,2029,0.8,urbano_denso,0.616
0517210000000000010537,Chigorodó,2217,0.8,urbano_denso,0.6071
0517210000000000020213,Chigorodó,1435,0.95,urbano_denso,0.6507
0517210000000000020408,Chigorodó,2888,0.8,urbano_denso,0.5806
0517210000000000050201,Chigorodó,4136,0.8,urbano_denso,0.5446
0517210000000000050701,Chigorodó,2943,0.8,urbano_denso,0.5787
0517210000000000060622,Chigorodó,1254,0.95,urbano_denso,0.6642
0517210000000000060818,Chigorodó,2121,0.8,urbano_denso,0.6116
0517210000000000061009,Chigorodó,2099,0.8,urbano_denso,0.6126
0566510000000000011003,San Pedro de Urabá,66825,0.15,periurbano,0.2655
0583720110201800010111,Turbo,3586,0.8,urbano_denso,0.5589
0583720110201800010316,Turbo,6070,0.6,urbano_medio,0.5061
0504520020500200010216,Apartadó,2463,0.8,urbano_denso,0.5966
0504520010101400010101,Apartadó,8896,0.6,urbano_medio,0.4678
0505110000000000010228,Arboletes,2497,0.8,urbano_denso,0.5952
0514710000000000010605,Carepa,2660,0.8,urbano_denso,0.5888
0514710000000000030616,Carepa,1360,0.95,urbano_denso,0.6561
0517220060501400010102,Chigorodó,9333,0.6,urbano_medio,0.463
0517220060501400010103,Chigorodó,2099,0.8,urbano_denso,0.6126
0549010000000000010334,Necoclí,3120,0.8,urbano_denso,0.5728
0549010000000000010822,Necoclí,1825,0.95,urbano_denso,0.6266
0549020040400900010123,Necoclí,3120,0.8,urbano_denso,0.5729
0583720090700100010311,Turbo,2544,0.8,urbano_denso,0.5933
0583720090700100020206,Turbo,3862,0.8,urbano_denso,0.5514
0583720090700100020371,Turbo,2346,0.8,urbano_denso,0.6014
0583720100700200020218,Turbo,1941,0.95,urbano_denso,0.6205
0583720090600300010114,Turbo,1698,0.95,urbano_denso,0.6338
0583720030700600010107,Turbo,1735,0.95,urbano_denso,0.6317
0583720100400800010405,Turbo,566,0.95,urbano_denso,0.7439
0583720070201200010115,Turbo,7674,0.6,urbano_medio,0.4826
0504520010101600010107,Apartadó,1371,0.95,urbano_denso,0.6553
0505110000000000010218,Arboletes,3048,0.8,urbano_denso,0.5752
0505110000000000010705,Arboletes,1400,0.95,urbano_denso,0.6532
0505110000000000010908,Arboletes,1432,0.95,urbano_denso,0.6509
0505120030200900010113,Arboletes,3709,0.8,urbano_denso,0.5555
0514710000000000030221,Carepa,1678,0.95,urbano_denso,0.635
0549010000000000010326,Necoclí,5466,0.6,urbano_medio,0.5166
0549020120300300010104,Necoclí,18340,0.35,urbano_medio,0.3952
0565920010300300010104,San Juan de Urabá,1895,0.95,urbano_denso,0.6228
0566510000000000011011,San Pedro de Urabá,3771,0.8,urbano_denso,0.5538
0566520040200200010110,San Pedro de Urabá,1856,0.95,urbano_denso,0.6249
0583720090700100010121,Turbo,1612,0.95,urbano_denso,0.639
0583720090700100010507,Turbo,4843,0.8,urbano_denso,0.5287
0583720090700100020207,Turbo,3741,0.8,urbano_denso,0.5546
0583720090700100020216,Turbo,3755,0.8,urbano_denso,0.5543
0583720090700100020328,Turbo,2957,0.8,urbano_denso,0.5782
0583720090700100020357,Turbo,1793,0.95,urbano_denso,0.6284
0583720090700100020363,Turbo,1134,0.95,urbano_denso,0.6743
0583720090700100020434,Turbo,1018,0.95,urbano_denso,0.6851
0583720090700100020528,Turbo,6625,0.6,urbano_medio,0.4973
0583720100400800010110,Turbo,623,0.95,urbano_denso,0.7343
0583720050604200010105,Turbo,6432,0.6,urbano_medio,0.5003
0514710000000000010337,Carepa,2210,0.8,urbano_denso,0.6074
0514720010700700010114,Carepa,2599,0.8,urbano_denso,0.5912
0514710000000000020236,Carepa,1456,0.95,urbano_denso,0.6493
0514710000000000030210,Carepa,1925,0.95,urbano_denso,0.6212
0514710000000000030309,Carepa,1324,0.95,urbano_denso,0.6587
0514720010700700010122,Carepa,2336,0.8,urbano_denso,0.6019
0514720011001000010108,Carepa,1373,0.95,urbano_denso,0.6552
0514720011001000010131,Carepa,1003,0.95,urbano_denso,0.6866
0517210000000000010215,Chigorodó,2838,0.8,urbano_denso,0.5823
0517210000000000010316,Chigorodó,2607,0.8,urbano_denso,0.5909
0517210000000000050810,Chigorodó,2714,0.8,urbano_denso,0.5868
0517210000000000050427,Chigorodó,2345,0.8,urbano_denso,0.6015
0517210000000000060101,Chigorodó,1880,0.95,urbano_denso,0.6236
0517210000000000060312,Chigorodó,1209,0.95,urbano_denso,0.6679
0517210000000000060821,Chigorodó,2830,0.8,urbano_denso,0.5826
0565910000000000010122,San Juan de Urabá,1907,0.95,urbano_denso,0.6222
0583720110201800010105,Turbo,4884,0.8,urbano_denso,0.5279
0583720110201800010312,Turbo,12897,0.6,urbano_medio,0.4305
0583720110201800010330,Turbo,5886,0.6,urbano_medio,0.5092
0583720100700200020408,Turbo,3034,0.8,urbano_denso,0.5756
0514710000000000030439,Carepa,837,0.95,urbano_denso,0.7048
0517220100400700010116,Chigorodó,1074,0.95,urbano_denso,0.6797
0549020120600100010408,Necoclí,2695,0.8,urbano_denso,0.5875
0549020120100700010111,Necoclí,31468,0.35,urbano_medio,0.341
0565920010200600010101,San Juan de Urabá,4244,0.8,urbano_denso,0.542
0566510000000000010354,San Pedro de Urabá,3621,0.8,urbano_denso,0.5579
0566520010100400010108,San Pedro de Urabá,3056,0.8,urbano_denso,0.5749
0583720090700100010205,Turbo,2849,0.8,urbano_denso,0.5819
0583720090302300010102,Turbo,278,0.95,urbano_denso,0.8149
0583720090700100010412,Turbo,4195,0.8,urbano_denso,0.5431
0583720100400800010312,Turbo,9668,0.6,urbano_medio,0.4594
0504520010101600010119,Apartadó,2232,0.8,urbano_denso,0.6064
0504520020500200010209,Apartadó,2398,0.8,urbano_denso,0.5992
0504520020300900010218,Apartadó,5375,0.6,urbano_medio,0.5183
0505110000000000010133,Arboletes,1556,0.95,urbano_denso,0.6426
0505120050401400010110,Arboletes,519,0.95,urbano_denso,0.7525
0514710000000000020120,Carepa,1602,0.95,urbano_denso,0.6397
0514710000000000020211,Carepa,1368,0.95,urbano_denso,0.6555
0514710000000000020704,Carepa,1703,0.95,urbano_denso,0.6335
0517220100400700010115,Chigorodó,1174,0.95,urbano_denso,0.6709
0583720100700200020508,Turbo,1566,0.95,urbano_denso,0.642
0549010000000000010832,Necoclí,1215,0.95,urbano_denso,0.6674
0549020120600100010420,Necoclí,3434,0.8,urbano_denso,0.5632
0549020120600100010425,Necoclí,5249,0.6,urbano_medio,0.5207
0549020030300200010125,Necoclí,870,0.95,urbano_denso,0.7009
0549020120300300010135,Necoclí,4823,0.8,urbano_denso,0.5292
0565910000000000010142,San Juan de Urabá,2990,0.8,urbano_denso,0.5771
0565910000000000010514,San Juan de Urabá,3003,0.8,urbano_denso,0.5767
0566510000000000010154,San Pedro de Urabá,4119,0.8,urbano_denso,0.545
0566510000000000010203,San Pedro de Urabá,4985,0.8,urbano_denso,0.5258
0566510000000000010741,San Pedro de Urabá,2874,0.8,urbano_denso,0.5811
0583720090700100010113,Turbo,3633,0.8,urbano_denso,0.5576
0583720090700100010130,Turbo,1092,0.95,urbano_denso,0.678
0583720090700100010405,Turbo,3670,0.8,urbano_denso,0.5566
0583720090700100020118,Turbo,25958,0.35,urbano_medio,0.3604
0583720090700100020319,Turbo,3586,0.8,urbano_denso,0.5589
0583720100700200010103,Turbo,5047,0.6,urbano_medio,0.5246
0583720100400800010406,Turbo,1621,0.95,urbano_denso,0.6385
0583720090602600010118,Turbo,1573,0.95,urbano_denso,0.6415
0583720090603100010113,Turbo,246,0.95,urbano_denso,0.8273
0583720050604200010102,Turbo,6531,0.6,urbano_medio,0.4988
0514710000000000010130,Carepa,8631,0.6,urbano_medio,0.4708
0514710000000000010404,Carepa,2583,0.8,urbano_denso,0.5918
0514710000000000010721,Carepa,1628,0.95,urbano_denso,0.6381
0514710000000000020225,Carepa,1268,0.95,urbano_denso,0.6632
0514710000000000020243,Carepa,22427,0.35,urbano_medio,0.375
0514710000000000020906,Carepa,761,0.95,urbano_denso,0.7143
0514710000000000030119,Carepa,2320,0.8,urbano_denso,0.6026
0514710000000000030427,Carepa,3125,0.8,urbano_denso,0.5727
0514710000000000030503,Carepa,2978,0.8,urbano_denso,0.5775
0514710000000000030628,Carepa,757,0.95,urbano_denso,0.7149
0514720011001000010103,Carepa,837,0.95,urbano_denso,0.7047
0517210000000000010105,Chigorodó,4644,0.8,urbano_denso,0.533
0517210000000000020108,Chigorodó,4270,0.8,urbano_denso,0.5414
0517210000000000020222,Chigorodó,6726,0.6,urbano_medio,0.4958
0517210000000000020232,Chigorodó,8554,0.6,urbano_medio,0.4717
0517210000000000020315,Chigorodó,6397,0.6,urbano_medio,0.5008
0517210000000000020404,Chigorodó,5354,0.6,urbano_medio,0.5187
0517210000000000020501,Chigorodó,2902,0.8,urbano_denso,0.5801
0517210000000000030113,Chigorodó,7071,0.6,urbano_medio,0.4908
0517210000000000050208,Chigorodó,4619,0.8,urbano_denso,0.5335
0517210000000000050304,Chigorodó,6364,0.6,urbano_medio,0.5013
0517210000000000050602,Chigorodó,849,0.95,urbano_denso,0.7033
0517210000000000050804,Chigorodó,2323,0.8,urbano_denso,0.6024
0517210000000000060212,Chigorodó,4325,0.8,urbano_denso,0.5401
0517210000000000060712,Chigorodó,2464,0.8,urbano_denso,0.5965
0517210000000000060721,Chigorodó,1584,0.95,urbano_denso,0.6408
0565910000000000010523,San Juan de Urabá,5232,0.6,urbano_medio,0.521
0583720110201800010313,Turbo,2970,0.8,urbano_denso,0.5778
0583720110201800010314,Turbo,2531,0.8,urbano_denso,0.5938
0504520020500200010111,Apartadó,1734,0.95,urbano_denso,0.6317
0504520020300900010105,Apartadó,1627,0.95,urbano_denso,0.6381
0505110000000000010603,Arboletes,5222,0.6,urbano_medio,0.5212
0505110000000000011121,Arboletes,24394,0.35,urbano_medio,0.3666
0505120020500300010111,Arboletes,1329,0.95,urbano_denso,0.6584
0505120020500300010114,Arboletes,810,0.95,urbano_denso,0.708
0505120060600500010103,Arboletes,4478,0.8,urbano_denso,0.5366
0505120050401400010106,Arboletes,1197,0.95,urbano_denso,0.6689
0514710000000000020113,Carepa,1620,0.95,urbano_denso,0.6386
0514710000000000020622,Carepa,1803,0.95,urbano_denso,0.6278
0514710000000000030508,Carepa,920,0.95,urbano_denso,0.6953
0549010000000000010124,Necoclí,1450,0.95,urbano_denso,0.6497
0549010000000000010705,Necoclí,1786,0.95,urbano_denso,0.6288
0549020120600100010414,Necoclí,2894,0.8,urbano_denso,0.5804
0583720090700100020373,Turbo,1763,0.95,urbano_denso,0.6301
0566510000000000010161,San Pedro de Urabá,9300,0.6,urbano_medio,0.4633
0583720090700100010203,Turbo,3519,0.8,urbano_denso,0.5608
0583720090700100020337,Turbo,1063,0.95,urbano_denso,0.6808
0583720090600300010102,Turbo,733,0.95,urbano_denso,0.718
0583720090600300010109,Turbo,1889,0.95,urbano_denso,0.6232
0583720100400800010311,Turbo,1079,0.95,urbano_denso,0.6793
0583720090102700010108,Turbo,4946,0.8,urbano_denso,0.5266
0583720010203800010103,Turbo,32753,0.35,urbano_medio,0.337
0504520050300100010106,Apartadó,2926,0.8,urbano_denso,0.5793
0504520020500200010107,Apartadó,577,0.95,urbano_denso,0.7421
0504520020500200010214,Apartadó,1346,0.95,urbano_denso,0.6571
0505110000000000010542,Arboletes,6950,0.6,urbano_medio,0.4925
0514710000000000010308,Carepa,2371,0.8,urbano_denso,0.6004
0514710000000000020309,Carepa,1849,0.95,urbano_denso,0.6253
0514710000000000020512,Carepa,2039,0.8,urbano_denso,0.6155
0514710000000000020614,Carepa,1210,0.95,urbano_denso,0.6678
0549010000000000010207,Necoclí,6500,0.6,urbano_medio,0.4992
0549010000000000010327,Necoclí,2182,0.8,urbano_denso,0.6087
0549010000000000010805,Necoclí,1720,0.95,urbano_denso,0.6325
0549020090501500010117,Necoclí,1756,0.95,urbano_denso,0.6304
0565920020500200010106,San Juan de Urabá,6771,0.6,urbano_medio,0.4951
0565920010100500010119,San Juan de Urabá,8815,0.6,urbano_medio,0.4687
0566510000000000010545,San Pedro de Urabá,5802,0.6,urbano_medio,0.5106
0566510000000000010742,San Pedro de Urabá,4588,0.8,urbano_denso,0.5342
0566510000000000010838,San Pedro de Urabá,1662,0.95,urbano_denso,0.636
0583720090700100010505,Turbo,1799,0.95,urbano_denso,0.628
0583720090700100020318,Turbo,3603,0.8,urbano_denso,0.5584
0583720090700100020370,Turbo,3404,0.8,urbano_denso,0.5641
0583720100700200010116,Turbo,3307,0.8,urbano_denso,0.567
0583720100700200010404,Turbo,2071,0.8,urbano_denso,0.6139
0583720090600300010113,Turbo,687,0.95,urbano_denso,0.7245
0583720090402400010128,Turbo,3044,0.8,urbano_denso,0.5753
0583720090602600010104,Turbo,3227,0.8,urbano_denso,0.5695
0583720090602600010112,Turbo,3184,0.8,urbano_denso,0.5708
0583720090103900010110,Turbo,3209,0.8,urbano_denso,0.57
0583720240204300010103,Turbo,4341,0.8,urbano_denso,0.5397
0514710000000000010511,Carepa,5291,0.6,urbano_medio,0.5199
0514710000000000010523,Carepa,4397,0.8,urbano_denso,0.5384
0514710000000000010609,Carepa,2344,0.8,urbano_denso,0.6015
0514710000000000010727,Carepa,19800,0.35,urbano_medio,0.3875
0514710000000000030408,Carepa,1387,0.95,urbano_denso,0.6541
0514710000000000030428,Carepa,924,0.95,urbano_denso,0.6948
0517210000000000010211,Chigorodó,1839,0.95,urbano_denso,0.6259
0517210000000000010512,Chigorodó,19109,0.35,urbano_medio,0.3911
0517210000000000020105,Chigorodó,4286,0.8,urbano_denso,0.541
0517210000000000020113,Chigorodó,4394,0.8,urbano_denso,0.5385
0517210000000000020214,Chigorodó,2735,0.8,urbano_denso,0.586
0517210000000000020305,Chigorodó,1807,0.95,urbano_denso,0.6276
0517210000000000020425,Chigorodó,2311,0.8,urbano_denso,0.603
0517210000000000050120,Chigorodó,2780,0.8,urbano_denso,0.5844
0517210000000000050515,Chigorodó,5915,0.6,urbano_medio,0.5087
0517210000000000050702,Chigorodó,2516,0.8,urbano_denso,0.5944
0517210000000000050705,Chigorodó,2563,0.8,urbano_denso,0.5926
0517210000000000060223,Chigorodó,711,0.95,urbano_denso,0.7211
0517210000000000060510,Chigorodó,2853,0.8,urbano_denso,0.5818
0517210000000000060709,Chigorodó,1667,0.95,urbano_denso,0.6357
0583720110201800010304,Turbo,4114,0.8,urbano_denso,0.5451
0504520020300900010203,Apartadó,1964,0.95,urbano_denso,0.6192
0504520020300900010224,Apartadó,593,0.95,urbano_denso,0.7392
0504520010301100010110,Apartadó,7058,0.6,urbano_medio,0.491
0504520030101500010119,Apartadó,781,0.95,urbano_denso,0.7117
0505110000000000010803,Arboletes,2029,0.8,urbano_denso,0.616
0505120060400100010105,Arboletes,3388,0.8,urbano_denso,0.5646
0505120030200900010112,Arboletes,2509,0.8,urbano_denso,0.5947
0514710000000000020305,Carepa,2054,0.8,urbano_denso,0.6148
0514710000000000020406,Carepa,799,0.95,urbano_denso,0.7095
0514710000000000020722,Carepa,1042,0.95,urbano_denso,0.6827
0549010000000000010502,Necoclí,4532,0.8,urbano_denso,0.5354
0549020120600100010219,Necoclí,4142,0.8,urbano_denso,0.5444
0549020090201200010102,Necoclí,1138,0.95,urbano_denso,0.674
0565920010100100010101,San Juan de Urabá,1750,0.95,urbano_denso,0.6308
0565920010100100010109,San Juan de Urabá,6063,0.6,urbano_medio,0.5062
0565920010300300010137,San Juan de Urabá,1661,0.95,urbano_denso,0.636
0566510000000000010129,San Pedro de Urabá,5405,0.6,urbano_medio,0.5177
0566510000000000010546,San Pedro de Urabá,5656,0.6,urbano_medio,0.5132
0566520010100400010104,San Pedro de Urabá,10869,0.6,urbano_medio,0.4477
0566520010100400010110,San Pedro de Urabá,30825,0.35,urbano_medio,0.3431
0583720090700100020113,Turbo,7064,0.6,urbano_medio,0.4909
0583720090700100020326,Turbo,2332,0.8,urbano_denso,0.602
0583720100700200010517,Turbo,1616,0.95,urbano_denso,0.6388
0583720100700200020125,Turbo,1765,0.95,urbano_denso,0.63
0583720100700200020419,Turbo,916,0.95,urbano_denso,0.6956
0583720090600300010347,Turbo,8176,0.6,urbano_medio,0.4762
0583720100400800010119,Turbo,1865,0.95,urbano_denso,0.6244
0583720240400900010106,Turbo,11453,0.6,urbano_medio,0.4424
0583720080301000010112,Turbo,8657,0.6,urbano_medio,0.4705
0583720090402400010115,Turbo,2621,0.8,urbano_denso,0.5903
0504520020300900010207,Apartadó,1655,0.95,urbano_denso,0.6364
0505110000000000010216,Arboletes,7071,0.6,urbano_medio,0.4908
0505120040101000010121,Arboletes,9305,0.6,urbano_medio,0.4633
0505120030101100010110,Arboletes,3435,0.8,urbano_denso,0.5632
0514710000000000020410,Carepa,1616,0.95,urbano_denso,0.6388
0549010000000000010813,Necoclí,1785,0.95,urbano_denso,0.6288
0549010000000000010901,Necoclí,1412,0.95,urbano_denso,0.6523
0549020120600100010119,Necoclí,3892,0.8,urbano_denso,0.5507
0549020120600100010211,Necoclí,4375,0.8,urbano_denso,0.5389
0549020120600600010106,Necoclí,8276,0.6,urbano_medio,0.475
0549020040400900010128,Necoclí,5213,0.6,urbano_medio,0.5214
0566510000000000010728,San Pedro de Urabá,2422,0.8,urbano_denso,0.5982
0583720090602600010113,Turbo,3218,0.8,urbano_denso,0.5698
0514720011001000010144,Carepa,1146,0.95,urbano_denso,0.6733
0514710000000000020420,Carepa,3459,0.8,urbano_denso,0.5625
0514710000000000020910,Carepa,1430,0.95,urbano_denso,0.6511
0514710000000000030206,Carepa,2565,0.8,urbano_denso,0.5925
0514710000000000030207,Carepa,2661,0.8,urbano_denso,0.5888
0514710000000000030513,Carepa,1583,0.95,urbano_denso,0.6409
0517210000000000010532,Chigorodó,5109,0.6,urbano_medio,0.5234
0517210000000000050102,Chigorodó,11184,0.6,urbano_medio,0.4448
0517210000000000050408,Chigorodó,2470,0.8,urbano_denso,0.5963
0517210000000000050502,Chigorodó,2483,0.8,urbano_denso,0.5957
0517210000000000050609,Chigorodó,2085,0.8,urbano_denso,0.6133
0517210000000000060432,Chigorodó,1667,0.95,urbano_denso,0.6357
0517210000000000060505,Chigorodó,905,0.95,urbano_denso,0.6969
0517210000000000060811,Chigorodó,2647,0.8,urbano_denso,0.5893
0565910000000000010220,San Juan de Urabá,2321,0.8,urbano_denso,0.6025
0565910000000000010226,San Juan de Urabá,11812,0.6,urbano_medio,0.4393
0565910000000000010230,San Juan de Urabá,3460,0.8,urbano_denso,0.5625
0565910000000000010503,San Juan de Urabá,9250,0.6,urbano_medio,0.4639
0565910000000000010804,San Juan de Urabá,1012,0.95,urbano_denso,0.6857
0583720110201800010120,Turbo,5353,0.6,urbano_medio,0.5187
0583720110201800010125,Turbo,6965,0.6,urbano_medio,0.4923
0505110000000000010219,Arboletes,9807,0.6,urbano_medio,0.458
0505110000000000010306,Arboletes,14144,0.6,urbano_medio,0.4213
0505110000000000010348,Arboletes,581,0.95,urbano_denso,0.7413
0514710000000000010216,Carepa,2923,0.8,urbano_denso,0.5794
0549010000000000010808,Necoclí,1785,0.95,urbano_denso,0.6288
0549010000000000010616,Necoclí,19809,0.35,urbano_medio,0.3875
0549020030300200010102,Necoclí,6606,0.6,urbano_medio,0.4976
0565920010100100010130,San Juan de Urabá,3905,0.8,urbano_denso,0.5503
0566510000000000010506,San Pedro de Urabá,7719,0.6,urbano_medio,0.482
0583720090700100020401,Turbo,3774,0.8,urbano_denso,0.5538
0583720090700100020201,Turbo,7275,0.6,urbano_medio,0.4879
0583720100700200010512,Turbo,3406,0.8,urbano_denso,0.5641
0583720090302500010108,Turbo,659861,0.05,rural,0.0358
0504520020500200010206,Apartadó,1796,0.95,urbano_denso,0.6282
0504520020500200010217,Apartadó,751,0.95,urbano_denso,0.7157
0505110000000000010122,Arboletes,4377,0.8,urbano_denso,0.5389
0505110000000000010204,Arboletes,7673,0.6,urbano_medio,0.4826
0505120060400100010104,Arboletes,6836,0.6,urbano_medio,0.4942
0505120030200900010107,Arboletes,6590,0.6,urbano_medio,0.4979
0514710000000000020708,Carepa,1727,0.95,urbano_denso,0.6321
0517220070300300010103,Chigorodó,3116,0.8,urbano_denso,0.573
0549010000000000010231,Necoclí,6380,0.6,urbano_medio,0.5011
0549020030300200010107,Necoclí,7914,0.6,urbano_medio,0.4795
0549020120300300010107,Necoclí,3672,0.8,urbano_denso,0.5565
0549020040400900010103,Necoclí,5635,0.6,urbano_medio,0.5136
0549020120301000010114,Necoclí,2078,0.8,urbano_denso,0.6136
0549020120301400010103,Necoclí,22888,0.35,urbano_medio,0.373
0565920010300300010103,San Juan de Urabá,4365,0.8,urbano_denso,0.5392
0565920010300300010130,San Juan de Urabá,2448,0.8,urbano_denso,0.5972
0566510000000000010111,San Pedro de Urabá,4393,0.8,urbano_denso,0.5385
0566510000000000010405,San Pedro de Urabá,2976,0.8,urbano_denso,0.5776
0566510000000000010428,San Pedro de Urabá,5875,0.6,urbano_medio,0.5094
0566510000000000010802,San Pedro de Urabá,14459,0.6,urbano_medio,0.419
0566510000000000010903,San Pedro de Urabá,4444,0.8,urbano_denso,0.5374
0566510000000000020119,San Pedro de Urabá,6234,0.6,urbano_medio,0.5034
0566520040200200010113,San Pedro de Urabá,2885,0.8,urbano_denso,0.5807
0566520040200200010115,San Pedro de Urabá,2518,0.8,urbano_denso,0.5943
0583720090700100020309,Turbo,2267,0.8,urbano_denso,0.6048
0583720090700100020355,Turbo,1583,0.95,urbano_denso,0.6409
0583720100700200010106,Turbo,1589,0.95,urbano_denso,0.6405
0583720100700200020102,Turbo,3585,0.8,urbano_denso,0.5589
0583720100700200020105,Turbo,2652,0.8,urbano_denso,0.5891
0583720100700200020303,Turbo,2094,0.8,urbano_denso,0.6128
0583720090600300010321,Turbo,17008,0.35,urbano_medio,0.4028
0583720100400800010213,Turbo,515,0.95,urbano_denso,0.7533
0583720230401400010104,Turbo,3412,0.8,urbano_denso,0.5639
0583720090302300010106,Turbo,44615,0.35,urbano_medio,0.306
0583720010203800010105,Turbo,61328,0.15,periurbano,0.2741
0514710000000000020407,Carepa,1411,0.95,urbano_denso,0.6524
0514720010700700010105,Carepa,1286,0.95,urbano_denso,0.6617
0514720011001000010120,Carepa,1265,0.95,urbano_denso,0.6633
0517210000000000010531,Chigorodó,11642,0.6,urbano_medio,0.4408
0517210000000000020227,Chigorodó,8701,0.6,urbano_medio,0.47
0517210000000000020318,Chigorodó,3424,0.8,urbano_denso,0.5635
0517210000000000030105,Chigorodó,10375,0.6,urbano_medio,0.4523
0517210000000000040101,Chigorodó,14041,0.6,urbano_medio,0.422
0517210000000000050813,Chigorodó,3225,0.8,urbano_denso,0.5695
0517210000000000060110,Chigorodó,2472,0.8,urbano_denso,0.5962
0517210000000000060203,Chigorodó,2109,0.8,urbano_denso,0.6121
0517210000000000060210,Chigorodó,5475,0.6,urbano_medio,0.5165
0517210000000000060504,Chigorodó,874,0.95,urbano_denso,0.7004
0517210000000000060602,Chigorodó,2456,0.8,urbano_denso,0.5969
0517210000000000060616,Chigorodó,2456,0.8,urbano_denso,0.5969
0517210000000000060902,Chigorodó,2903,0.8,urbano_denso,0.5801
0517210000000000060928,Chigorodó,4961,0.8,urbano_denso,0.5263
0549020030200400010127,Necoclí,5968,0.6,urbano_medio,0.5078
0583720110201800010101,Turbo,2444,0.8,urbano_denso,0.5973
0505120020500300010105,Arboletes,11052,0.6,urbano_medio,0.446
0504520020500200010311,Apartadó,1357,0.95,urbano_denso,0.6563
0504520020300900010225,Apartadó,15590,0.35,urbano_medio,0.4115
0505110000000000010142,Arboletes,5437,0.6,urbano_medio,0.5172
0505110000000000010327,Arboletes,2293,0.8,urbano_denso,0.6037
0505110000000000010336,Arboletes,174,0.95,urbano_denso,0.862
0514710000000000010307,Carepa,3464,0.8,urbano_denso,0.5623
0514720010601300010115,Carepa,1781,0.95,urbano_denso,0.6291
0549020090501500010102,Necoclí,6154,0.6,urbano_medio,0.5047
0549010000000000010226,Necoclí,4985,0.8,urbano_denso,0.5258
0549010000000000010429,Necoclí,5901,0.6,urbano_medio,0.5089
0549010000000000010718,Necoclí,2376,0.8,urbano_denso,0.6002
0549020120600100010217,Necoclí,4605,0.8,urbano_denso,0.5338
0549020050401800010105,Necoclí,1738,0.95,urbano_denso,0.6315
0565920010100100010115,San Juan de Urabá,1253,0.95,urbano_denso,0.6643
0565920010300300010105,San Juan de Urabá,2978,0.8,urbano_denso,0.5775
0583720090700100010718,Turbo,16172,0.35,urbano_medio,0.4078
0583720090700100010725,Turbo,5620,0.6,urbano_medio,0.5138
0583720090700100020368,Turbo,2768,0.8,urbano_denso,0.5848
0583720100700200010101,Turbo,1070,0.95,urbano_denso,0.6802
0583720100700200010312,Turbo,7567,0.6,urbano_medio,0.484
0583720100400800010403,Turbo,3514,0.8,urbano_denso,0.5609
0583720020101300010107,Turbo,3668,0.8,urbano_denso,0.5566
0583720230401400010103,Turbo,3368,0.8,urbano_denso,0.5652
0583720090602600010117,Turbo,3483,0.8,urbano_denso,0.5618
0583720050604200010110,Turbo,4396,0.8,urbano_denso,0.5385
0505110000000000010402,Arboletes,2533,0.8,urbano_denso,0.5938
0505110000000000011010,Arboletes,2115,0.8,urbano_denso,0.6118
0549020030300200010108,Necoclí,13049,0.6,urbano_medio,0.4293
0549020120301400010108,Necoclí,11227,0.6,urbano_medio,0.4444
0549020090501500010111,Necoclí,950,0.95,urbano_denso,0.692
0583720090700100020506,Turbo,3784,0.8,urbano_denso,0.5535
0583720090700100020433,Turbo,1448,0.95,urbano_denso,0.6498
0583720090602600010121,Turbo,2474,0.8,urbano_denso,0.5961
0514710000000000020432,Carepa,324,0.95,urbano_denso,0.7998
0514710000000000030228,Carepa,2956,0.8,urbano_denso,0.5783
0517210000000000010311,Chigorodó,4881,0.8,urbano_denso,0.528
0517210000000000010806,Chigorodó,852,0.95,urbano_denso,0.7029
0517210000000000020424,Chigorodó,6036,0.6,urbano_medio,0.5067
0517210000000000030106,Chigorodó,1941,0.95,urbano_denso,0.6204
0517210000000000050210,Chigorodó,4681,0.8,urbano_denso,0.5322
0549020030200400010124,Necoclí,4358,0.8,urbano_denso,0.5393
0549020050300500010213,Necoclí,1608,0.95,urbano_denso,0.6393
0565910000000000010233,San Juan de Urabá,2938,0.8,urbano_denso,0.5789
0514710000000000010704,Carepa,8002,0.6,urbano_medio,0.4784
0514710000000000010719,Carepa,1997,0.95,urbano_denso,0.6176
0514710000000000020237,Carepa,2444,0.8,urbano_denso,0.5973
0514710000000000030413,Carepa,1371,0.95,urbano_denso,0.6553
0514710000000000030550,Carepa,2385,0.8,urbano_denso,0.5998
0517210000000000020430,Chigorodó,4698,0.8,urbano_denso,0.5318
0517210000000000060205,Chigorodó,3525,0.8,urbano_denso,0.5606
0517210000000000060413,Chigorodó,2462,0.8,urbano_denso,0.5966
0517210000000000060919,Chigorodó,2744,0.8,urbano_denso,0.5857
0517210000000000060920,Chigorodó,2898,0.8,urbano_denso,0.5802
0549020030200400010123,Necoclí,7943,0.6,urbano_medio,0.4791
0565910000000000010706,San Juan de Urabá,7409,0.6,urbano_medio,0.4861
0583720110201800010204,Turbo,1558,0.95,urbano_denso,0.6425
0505110000000000010333,Arboletes,209,0.95,urbano_denso,0.8433
0505120020500300010110,Arboletes,9473,0.6,urbano_medio,0.4615
0549010000000000010504,Necoclí,63413,0.15,periurbano,0.2708
0549020090501500010129,Necoclí,4103,0.8,urbano_denso,0.5454
0565910000000000010204,San Juan de Urabá,6951,0.6,urbano_medio,0.4925
0566510000000000010910,San Pedro de Urabá,9506,0.6,urbano_medio,0.4611
0583720090700100010216,Turbo,1631,0.95,urbano_denso,0.6379
0583720050200500010120,Turbo,6585,0.6,urbano_medio,0.4979
0504520050300100010101,Apartadó,2912,0.8,urbano_denso,0.5798
0504520030101500010108,Apartadó,959,0.95,urbano_denso,0.6911
0505110000000000010212,Arboletes,4990,0.8,urbano_denso,0.5258
0505110000000000010536,Arboletes,4522,0.8,urbano_denso,0.5356
0505110000000000011028,Arboletes,2522,0.8,urbano_denso,0.5942
0505120020500300010104,Arboletes,4432,0.8,urbano_denso,0.5376
0514710000000000020602,Carepa,1603,0.95,urbano_denso,0.6396
0514710000000000010805,Carepa,2558,0.8,urbano_denso,0.5928
0514710000000000030519,Carepa,1833,0.95,urbano_denso,0.6262
0549020050401800010109,Necoclí,13359,0.6,urbano_medio,0.427
0549010000000000010104,Necoclí,3872,0.8,urbano_denso,0.5512
0549010000000000010121,Necoclí,37566,0.35,urbano_medio,0.3233
0549010000000000010614,Necoclí,144423,0.15,periurbano,0.1882
0549010000000000010819,Necoclí,4313,0.8,urbano_denso,0.5404
0583720100700200020409,Turbo,1528,0.95,urbano_denso,0.6444
0565910000000000010130,San Juan de Urabá,1753,0.95,urbano_denso,0.6306
0565920010100500010118,San Juan de Urabá,5543,0.6,urbano_medio,0.5152
0566510000000000010213,San Pedro de Urabá,2623,0.8,urbano_denso,0.5902
0583720090700100010514,Turbo,2149,0.8,urbano_denso,0.6102
0583720090700100020427,Turbo,1360,0.95,urbano_denso,0.6561
0583720100700200010520,Turbo,3536,0.8,urbano_denso,0.5603
0583720030700600010113,Turbo,4082,0.8,urbano_denso,0.5459
0583720050604200010101,Turbo,21007,0.35,urbano_medio,0.3816
0505110000000000011040,Arboletes,1691,0.95,urbano_denso,0.6342
0566510000000000010127,San Pedro de Urabá,3769,0.8,urbano_denso,0.5539
0583720090700100010119,Turbo,2978,0.8,urbano_denso,0.5775
0583720100700200010304,Turbo,4145,0.8,urbano_denso,0.5444
0583720100700200010411,Turbo,2614,0.8,urbano_denso,0.5906
0583720090102700010101,Turbo,7353,0.6,urbano_medio,0.4869
0514710000000000010106,Carepa,7303,0.6,urbano_medio,0.4876
0514710000000000020227,Carepa,1836,0.95,urbano_denso,0.626
0514710000000000020423,Carepa,2472,0.8,urbano_denso,0.5962
0514710000000000030553,Carepa,987,0.95,urbano_denso,0.6882
0517210000000000010533,Chigorodó,2509,0.8,urbano_denso,0.5947
0517210000000000010615,Chigorodó,5183,0.6,urbano_medio,0.5219
0517210000000000010617,Chigorodó,5181,0.6,urbano_medio,0.522
0517210000000000010809,Chigorodó,22681,0.35,urbano_medio,0.3739
0517210000000000020230,Chigorodó,2507,0.8,urbano_denso,0.5948
0517210000000000020429,Chigorodó,12096,0.6,urbano_medio,0.4369
0517210000000000040115,Chigorodó,9310,0.6,urbano_medio,0.4632
0517210000000000050506,Chigorodó,2523,0.8,urbano_denso,0.5942
0517210000000000050520,Chigorodó,5173,0.6,urbano_medio,0.5221
0517210000000000050528,Chigorodó,818,0.95,urbano_denso,0.707
0517210000000000060206,Chigorodó,5432,0.6,urbano_medio,0.5172
0517210000000000060824,Chigorodó,2668,0.8,urbano_denso,0.5885
0565910000000000010708,San Juan de Urabá,6046,0.6,urbano_medio,0.5065
0565910000000000010718,San Juan de Urabá,3392,0.8,urbano_denso,0.5645
0565910000000000010806,San Juan de Urabá,967,0.95,urbano_denso,0.6903
0504520020300900010102,Apartadó,3904,0.8,urbano_denso,0.5504
0505110000000000010205,Arboletes,31638,0.35,urbano_medio,0.3405
0549020120600100010218,Necoclí,4694,0.8,urbano_denso,0.5319
0514710000000000030627,Carepa,463,0.95,urbano_denso,0.7641
0549020120600100010315,Necoclí,2932,0.8,urbano_denso,0.5791
0549020090501500010113,Necoclí,7863,0.6,urbano_medio,0.4801
0566510000000000010809,San Pedro de Urabá,8046,0.6,urbano_medio,0.4778
0565910000000000010208,San Juan de Urabá,6488,0.6,urbano_medio,0.4994
0583720090700100010111,Turbo,3346,0.8,urbano_denso,0.5658
0583720090700100020110,Turbo,17068,0.35,urbano_medio,0.4024
0583720090700100020205,Turbo,3596,0.8,urbano_denso,0.5586
0583720090700100020376,Turbo,1680,0.95,urbano_denso,0.6349
0583720100700200010102,Turbo,5370,0.6,urbano_medio,0.5184
0504520020300300010106,Apartadó,4952,0.8,urbano_denso,0.5265
0504520020300900010321,Apartadó,2021,0.8,urbano_denso,0.6164
0504520010301100010202,Apartadó,1806,0.95,urbano_denso,0.6276
0504520010301100010224,Apartadó,1830,0.95,urbano_denso,0.6263
0505110000000000010201,Arboletes,17592,0.35,urbano_medio,0.3994
0505110000000000010809,Arboletes,878,0.95,urbano_denso,0.7
0505110000000000011124,Arboletes,2972,0.8,urbano_denso,0.5777
0505120030101100010108,Arboletes,5142,0.6,urbano_medio,0.5227
0505120030101100010131,Arboletes,16370,0.35,urbano_medio,0.4066
0514710000000000020719,Carepa,1812,0.95,urbano_denso,0.6273
0514710000000000030407,Carepa,2090,0.8,urbano_denso,0.613
0517220060601500010114,Chigorodó,5699,0.6,urbano_medio,0.5124
0517220060601500010104,Chigorodó,4044,0.8,urbano_denso,0.5468
0549010000000000010408,Necoclí,6126,0.6,urbano_medio,0.5052
0549020120600100010226,Necoclí,3078,0.8,urbano_denso,0.5742
0549020120300300010137,Necoclí,3437,0.8,urbano_denso,0.5631
0549020050300500010102,Necoclí,3538,0.8,urbano_denso,0.5602
0549020050300500010205,Necoclí,3266,0.8,urbano_denso,0.5682
0549020090200800010109,Necoclí,4237,0.8,urbano_denso,0.5422
0549020120801600010106,Necoclí,2759,0.8,urbano_denso,0.5852
0565920010300300010117,San Juan de Urabá,18637,0.35,urbano_medio,0.3936
0566510000000000010121,San Pedro de Urabá,3315,0.8,urbano_denso,0.5668
0566510000000000010153,San Pedro de Urabá,2995,0.8,urbano_denso,0.5769
0566510000000000010343,San Pedro de Urabá,10981,0.6,urbano_medio,0.4466
0566510000000000010430,San Pedro de Urabá,9710,0.6,urbano_medio,0.459
0566510000000000010730,San Pedro de Urabá,4939,0.8,urbano_denso,0.5268
0583720090700100020125,Turbo,1054,0.95,urbano_denso,0.6817
0583720090700100020317,Turbo,3675,0.8,urbano_denso,0.5564
0583720090700100020524,Turbo,3539,0.8,urbano_denso,0.5602
0583720100700200010505,Turbo,5972,0.6,urbano_medio,0.5077
0583720100700200020107,Turbo,2270,0.8,urbano_denso,0.6048
0583720100700200020206,Turbo,360,0.95,urbano_denso,0.7893
0583720100700200020406,Turbo,33151,0.35,urbano_medio,0.3358
0583720100700200020520,Turbo,797,0.95,urbano_denso,0.7096
0583720030700600010102,Turbo,10025,0.6,urbano_medio,0.4558
0583720240400900010105,Turbo,1993,0.95,urbano_denso,0.6178
0514710000000000010335,Carepa,41497,0.35,urbano_medio,0.3133
0514710000000000020239,Carepa,2127,0.8,urbano_denso,0.6112
0514710000000000020725,Carepa,2144,0.8,urbano_denso,0.6105
0514710000000000030105,Carepa,1513,0.95,urbano_denso,0.6454
0514710000000000030208,Carepa,2547,0.8,urbano_denso,0.5932
0514710000000000030216,Carepa,1360,0.95,urbano_denso,0.6561
0514710000000000030414,Carepa,3130,0.8,urbano_denso,0.5725
0514710000000000030521,Carepa,1888,0.95,urbano_denso,0.6232
0517210000000000010308,Chigorodó,4644,0.8,urbano_denso,0.533
0517210000000000010320,Chigorodó,4473,0.8,urbano_denso,0.5367
0517210000000000020417,Chigorodó,3115,0.8,urbano_denso,0.573
0517210000000000020427,Chigorodó,3060,0.8,urbano_denso,0.5748
0517210000000000030109,Chigorodó,2874,0.8,urbano_denso,0.5811
0517210000000000030210,Chigorodó,2443,0.8,urbano_denso,0.5974
0517210000000000050125,Chigorodó,1232,0.95,urbano_denso,0.666
0517210000000000050413,Chigorodó,3297,0.8,urbano_denso,0.5673
0517210000000000060125,Chigorodó,1469,0.95,urbano_denso,0.6484
0517210000000000060402,Chigorodó,1624,0.95,urbano_denso,0.6383
0517210000000000060431,Chigorodó,2439,0.8,urbano_denso,0.5975
0517210000000000060708,Chigorodó,1474,0.95,urbano_denso,0.648
0517210000000000060930,Chigorodó,2711,0.8,urbano_denso,0.5869
0565910000000000010309,San Juan de Urabá,3125,0.8,urbano_denso,0.5727
0565910000000000010604,San Juan de Urabá,2493,0.8,urbano_denso,0.5954
0565910000000000010616,San Juan de Urabá,281,0.95,urbano_denso,0.814
0566510000000000030110,San Pedro de Urabá,3365,0.8,urbano_denso,0.5653
0505110000000000011119,Arboletes,2237,0.8,urbano_denso,0.6062
0505120060400100010114,Arboletes,956,0.95,urbano_denso,0.6914
0504520020300900010118,Apartadó,2197,0.8,urbano_denso,0.608
0504520010301100010235,Apartadó,532,0.95,urbano_denso,0.7501
0504520010101400010103,Apartadó,2802,0.8,urbano_denso,0.5836
0505110000000000010131,Arboletes,914,0.95,urbano_denso,0.6959
0505110000000000010544,Arboletes,4614,0.8,urbano_denso,0.5336
0505110000000000010906,Arboletes,1335,0.95,urbano_denso,0.658
0505110000000000010916,Arboletes,1226,0.95,urbano_denso,0.6665
0505120030101100010102,Arboletes,3209,0.8,urbano_denso,0.57
0505120030101100010107,Arboletes,2845,0.8,urbano_denso,0.5821
0505120050401400010108,Arboletes,2429,0.8,urbano_denso,0.598
0514710000000000010223,Carepa,2091,0.8,urbano_denso,0.613
0514710000000000030537,Carepa,1117,0.95,urbano_denso,0.6758
0514710000000000030617,Carepa,1537,0.95,urbano_denso,0.6438
0549010000000000010610,Necoclí,18890,0.35,urbano_medio,0.3922
0549010000000000010716,Necoclí,2615,0.8,urbano_denso,0.5905
0549010000000000010913,Necoclí,1719,0.95,urbano_denso,0.6326
0549020120600100010413,Necoclí,23333,0.35,urbano_medio,0.371
0549020050401800010106,Necoclí,4497,0.8,urbano_denso,0.5362
0565920020500200010107,San Juan de Urabá,2054,0.8,urbano_denso,0.6148
0566510000000000010560,San Pedro de Urabá,3049,0.8,urbano_denso,0.5751
0566520040200200010106,San Pedro de Urabá,6640,0.6,urbano_medio,0.4971
0583720090700100010124,Turbo,1259,0.95,urbano_denso,0.6638
0583720090700100020108,Turbo,6437,0.6,urbano_medio,0.5002
0583720100700200020302,Turbo,2387,0.8,urbano_denso,0.5997
0583720020101300010110,Turbo,5044,0.6,urbano_medio,0.5247
0504520020500200010306,Apartadó,7882,0.6,urbano_medio,0.4799
0505110000000000010522,Arboletes,6129,0.6,urbano_medio,0.5051
0514710000000000010123,Carepa,2852,0.8,urbano_denso,0.5818
0514710000000000020621,Carepa,1808,0.95,urbano_denso,0.6276
0517220100400700010101,Chigorodó,2710,0.8,urbano_denso,0.587
0583720090402400010106,Turbo,1148,0.95,urbano_denso,0.6731
0549010000000000010506,Necoclí,4203,0.8,urbano_denso,0.543
0549020120600100010132,Necoclí,4273,0.8,urbano_denso,0.5413
0549020030300200010207,Necoclí,1186,0.95,urbano_denso,0.6698
0549020090501500010115,Necoclí,2425,0.8,urbano_denso,0.5981
0583720090402400010126,Turbo,1021,0.95,urbano_denso,0.6848
0566510000000000010812,San Pedro de Urabá,22724,0.35,urbano_medio,0.3737
0566510000000000011018,San Pedro de Urabá,36615,0.35,urbano_medio,0.3258
0583720090700100010605,Turbo,3927,0.8,urbano_denso,0.5498
0583720090700100020429,Turbo,1490,0.95,urbano_denso,0.647
0583720100700200010118,Turbo,2974,0.8,urbano_denso,0.5776
0583720100700200020309,Turbo,1994,0.95,urbano_denso,0.6177
0583720090600300010204,Turbo,2516,0.8,urbano_denso,0.5944
0583720080301000010122,Turbo,7904,0.6,urbano_medio,0.4796
0583720090602600010106,Turbo,2888,0.8,urbano_denso,0.5806
0583720090503500010103,Turbo,6625,0.6,urbano_medio,0.4973
0583720050604200010108,Turbo,12854,0.6,urbano_medio,0.4308
0514710000000000020915,Carepa,2783,0.8,urbano_denso,0.5843
0514710000000000010324,Carepa,3900,0.8,urbano_denso,0.5505
0514710000000000010325,Carepa,833,0.95,urbano_denso,0.7052
0514710000000000010329,Carepa,1179,0.95,urbano_denso,0.6704
0514710000000000020804,Carepa,3356,0.8,urbano_denso,0.5655
0514710000000000020431,Carepa,584,0.95,urbano_denso,0.7408
0514710000000000020605,Carepa,1808,0.95,urbano_denso,0.6276
0514710000000000030115,Carepa,1329,0.95,urbano_denso,0.6584
0517210000000000010116,Chigorodó,20167,0.35,urbano_medio,0.3857
0517210000000000020317,Chigorodó,3846,0.8,urbano_denso,0.5519
0517210000000000060434,Chigorodó,776,0.95,urbano_denso,0.7123
0517210000000000020403,Chigorodó,2826,0.8,urbano_denso,0.5828
0517210000000000020431,Chigorodó,3034,0.8,urbano_denso,0.5756
0517210000000000050424,Chigorodó,1585,0.95,urbano_denso,0.6407
0517210000000000060321,Chigorodó,2801,0.8,urbano_denso,0.5836
0517210000000000060419,Chigorodó,1385,0.95,urbano_denso,0.6542
0517210000000000060703,Chigorodó,2476,0.8,urbano_denso,0.596
0517210000000000060823,Chigorodó,2629,0.8,urbano_denso,0.59
0517210000000000061005,Chigorodó,1254,0.95,urbano_denso,0.6642
0517210000000000061006,Chigorodó,1642,0.95,urbano_denso,0.6372
0517210000000000061015,Chigorodó,1491,0.95,urbano_denso,0.6469
0549020030200400010125,Necoclí,1324,0.95,urbano_denso,0.6588
0565910000000000010107,San Juan de Urabá,8574,0.6,urbano_medio,0.4715
0565910000000000010136,San Juan de Urabá,740,0.95,urbano_denso,0.7171
0565910000000000010707,San Juan de Urabá,8169,0.6,urbano_medio,0.4763
0583720110201800010102,Turbo,5122,0.6,urbano_medio,0.5231
0583720110201800010112,Turbo,3295,0.8,urbano_denso,0.5674
0583720110201800010202,Turbo,4931,0.8,urbano_denso,0.5269
0504520020500200010120,Apartadó,1774,0.95,urbano_denso,0.6295
0505110000000000010144,Arboletes,1611,0.95,urbano_denso,0.6391
0514710000000000030516,Carepa,1843,0.95,urbano_denso,0.6256
0514720010601300010113,Carepa,775,0.95,urbano_denso,0.7125
0549010000000000010830,Necoclí,742,0.95,urbano_denso,0.7168
0549020040400900010107,Necoclí,12882,0.6,urbano_medio,0.4306
0565920010100500010123,San Juan de Urabá,5643,0.6,urbano_medio,0.5134
0566510000000000010737,San Pedro de Urabá,2999,0.8,urbano_denso,0.5768
0583720090700100010128,Turbo,1268,0.95,urbano_denso,0.6631
0583720100700200010508,Turbo,1781,0.95,urbano_denso,0.6291
0583720240400900010102,Turbo,122,0.95,urbano_denso,0.8972
0583720090402400010108,Turbo,2424,0.8,urbano_denso,0.5982
0583720090103900010103,Turbo,6893,0.6,urbano_medio,0.4933
0583720100400800010426,Turbo,437,0.95,urbano_denso,0.7699
0504520020300900010319,Apartadó,1385,0.95,urbano_denso,0.6543
0504520010301100010101,Apartadó,6410,0.6,urbano_medio,0.5006
0504520010301100010102,Apartadó,8915,0.6,urbano_medio,0.4676
0504520030101500010111,Apartadó,2824,0.8,urbano_denso,0.5828
0505110000000000010229,Arboletes,2690,0.8,urbano_denso,0.5877
0505120030101100010134,Arboletes,2088,0.8,urbano_denso,0.6131
0549020120600100010123,Necoclí,3641,0.8,urbano_denso,0.5573
0514710000000000010806,Carepa,2665,0.8,urbano_denso,0.5886
0514710000000000020106,Carepa,2209,0.8,urbano_denso,0.6075
0514720010601300010103,Carepa,1123,0.95,urbano_denso,0.6753
0583720090700100010414,Turbo,974,0.95,urbano_denso,0.6896
0549020120600100010302,Necoclí,9673,0.6,urbano_medio,0.4594
0549010000000000010119,Necoclí,10128,0.6,urbano_medio,0.4547
0549020120600100010426,Necoclí,4541,0.8,urbano_denso,0.5352
0549020030300200010112,Necoclí,12244,0.6,urbano_medio,0.4357
0549020030300200010117,Necoclí,2322,0.8,urbano_denso,0.6025
0549020030300200010202,Necoclí,975,0.95,urbano_denso,0.6894
0549020030300200010224,Necoclí,3730,0.8,urbano_denso,0.5549
0549020120300300010105,Necoclí,3819,0.8,urbano_denso,0.5526
0549020120300300010116,Necoclí,9337,0.6,urbano_medio,0.4629
0549020040400900010131,Necoclí,20918,0.35,urbano_medio,0.382
0549020120301400010106,Necoclí,9739,0.6,urbano_medio,0.4587
0565910000000000010210,San Juan de Urabá,9158,0.6,urbano_medio,0.4649
0583720090700100010104,Turbo,3961,0.8,urbano_denso,0.5489
0583720090700100010711,Turbo,10828,0.6,urbano_medio,0.4481
0583720090700100020335,Turbo,1344,0.95,urbano_denso,0.6573
0583720100700200010108,Turbo,3556,0.8,urbano_denso,0.5597
0583720100700200010511,Turbo,3371,0.8,urbano_denso,0.5651
0583720100700200020503,Turbo,1589,0.95,urbano_denso,0.6405
0583720090600300010216,Turbo,4209,0.8,urbano_denso,0.5428
0583720090603100010112,Turbo,573,0.95,urbano_denso,0.7428
0517210000000000010511,Chigorodó,6006,0.6,urbano_medio,0.5072
0517210000000000020602,Chigorodó,20298,0.35,urbano_medio,0.385
0517210000000000030205,Chigorodó,6147,0.6,urbano_medio,0.5048
0517210000000000060412,Chigorodó,1205,0.95,urbano_denso,0.6682
0517210000000000061008,Chigorodó,1082,0.95,urbano_denso,0.679
0565910000000000010126,San Juan de Urabá,58151,0.15,periurbano,0.2794
0514710000000000020802,Carepa,1606,0.95,urbano_denso,0.6394
0514710000000000030108,Carepa,1806,0.95,urbano_denso,0.6277
0514710000000000030409,Carepa,3102,0.8,urbano_denso,0.5734
0514710000000000030543,Carepa,602,0.95,urbano_denso,0.7378
0517210000000000010202,Chigorodó,3193,0.8,urbano_denso,0.5705
0517210000000000010314,Chigorodó,2483,0.8,urbano_denso,0.5957
0517210000000000010325,Chigorodó,565,0.95,urbano_denso,0.7442
0517210000000000010614,Chigorodó,3600,0.8,urbano_denso,0.5585
0517210000000000020306,Chigorodó,1524,0.95,urbano_denso,0.6447
0517210000000000030217,Chigorodó,1686,0.95,urbano_denso,0.6346
0517210000000000040112,Chigorodó,1902,0.95,urbano_denso,0.6224
0517210000000000050326,Chigorodó,10322,0.6,urbano_medio,0.4529
0517210000000000050501,Chigorodó,2826,0.8,urbano_denso,0.5827
0517210000000000050525,Chigorodó,695,0.95,urbano_denso,0.7233
0517210000000000050803,Chigorodó,1145,0.95,urbano_denso,0.6733
0517210000000000060306,Chigorodó,947,0.95,urbano_denso,0.6924
0517210000000000060723,Chigorodó,2491,0.8,urbano_denso,0.5954
0517210000000000060918,Chigorodó,1533,0.95,urbano_denso,0.6441
0549020090501500010130,Necoclí,698,0.95,urbano_denso,0.723
0565910000000000010231,San Juan de Urabá,2945,0.8,urbano_denso,0.5786
0565910000000000010417,San Juan de Urabá,4579,0.8,urbano_denso,0.5344
0565910000000000010714,San Juan de Urabá,2583,0.8,urbano_denso,0.5918
0566510000000000020125,San Pedro de Urabá,6277,0.6,urbano_medio,0.5027
0583720110201800010302,Turbo,4365,0.8,urbano_denso,0.5392
0504520010101400010109,Apartadó,2447,0.8,urbano_denso,0.5972
0504520010101600010111,Apartadó,1239,0.95,urbano_denso,0.6655
0505110000000000011032,Arboletes,1055,0.95,urbano_denso,0.6815
0514710000000000010215,Carepa,2020,0.8,urbano_denso,0.6164
0514710000000000020415,Carepa,1817,0.95,urbano_denso,0.627
0514710000000000020712,Carepa,2281,0.8,urbano_denso,0.6042
0517220100400700010113,Chigorodó,3091,0.8,urbano_denso,0.5738
0549010000000000010906,Necoclí,1629,0.95,urbano_denso,0.638
0549020120600100010422,Necoclí,3921,0.8,urbano_denso,0.5499
0549020120301000010106,Necoclí,2965,0.8,urbano_denso,0.5779
0549020090201200010101,Necoclí,1538,0.95,urbano_denso,0.6438
0549020090501500010112,Necoclí,1637,0.95,urbano_denso,0.6375
0565920010100100010103,San Juan de Urabá,4207,0.8,urbano_denso,0.5429
0566510000000000010164,San Pedro de Urabá,2079,0.8,urbano_denso,0.6135
0566510000000000010407,San Pedro de Urabá,4829,0.8,urbano_denso,0.529
0566510000000000010541,San Pedro de Urabá,3133,0.8,urbano_denso,0.5724
0566510000000000010806,San Pedro de Urabá,7235,0.6,urbano_medio,0.4885
0583720090700100010133,Turbo,2079,0.8,urbano_denso,0.6136
0583720090700100020228,Turbo,3633,0.8,urbano_denso,0.5576
0583720090700100020352,Turbo,1275,0.95,urbano_denso,0.6625
0583720090700100020410,Turbo,3487,0.8,urbano_denso,0.5617
0583720100700200020211,Turbo,1233,0.95,urbano_denso,0.6659
0583720090600300010214,Turbo,9571,0.6,urbano_medio,0.4604
0583720030700600010109,Turbo,17414,0.35,urbano_medio,0.4004
0583720020101300010102,Turbo,7260,0.6,urbano_medio,0.4881
0583720090102700010103,Turbo,4212,0.8,urbano_denso,0.5427
0583720030802900010104,Turbo,6384,0.6,urbano_medio,0.501
0504520010301100010111,Apartadó,2692,0.8,urbano_denso,0.5876
0504520020300900010217,Apartadó,15249,0.35,urbano_medio,0.4137
0505110000000000010106,Arboletes,3776,0.8,urbano_denso,0.5537
0505110000000000010130,Arboletes,358,0.95,urbano_denso,0.7898
0505110000000000010408,Arboletes,3833,0.8,urbano_denso,0.5522
0505110000000000011034,Arboletes,1057,0.95,urbano_denso,0.6813
0505120030101100010121,Arboletes,2214,0.8,urbano_denso,0.6073
0514710000000000020209,Carepa,1379,0.95,urbano_denso,0.6547
0517220070300300010113,Chigorodó,846,0.95,urbano_denso,0.7036
0517220100400700010111,Chigorodó,1781,0.95,urbano_denso,0.6291
0549010000000000010314,Necoclí,5320,0.6,urbano_medio,0.5193
0549010000000000010330,Necoclí,3942,0.8,urbano_denso,0.5494
0549010000000000010431,Necoclí,5912,0.6,urbano_medio,0.5088
0549010000000000010721,Necoclí,2303,0.8,urbano_denso,0.6033
0549020030300200010129,Necoclí,820,0.95,urbano_denso,0.7068
0549020050300500010108,Necoclí,3456,0.8,urbano_denso,0.5626
0549020120301000010103,Necoclí,3551,0.8,urbano_denso,0.5599
0565920010300300010126,San Juan de Urabá,2508,0.8,urbano_denso,0.5948
0566520040200200010114,San Pedro de Urabá,28029,0.35,urbano_medio,0.3527
0583720090600300010119,Turbo,1486,0.95,urbano_denso,0.6472
0583720090700100010728,Turbo,788,0.95,urbano_denso,0.7107
0583720090700100020409,Turbo,2418,0.8,urbano_denso,0.5984
0583720090700100020512,Turbo,3820,0.8,urbano_denso,0.5525
0583720090700100020526,Turbo,280,0.95,urbano_denso,0.8145
0583720100700200010415,Turbo,2633,0.8,urbano_denso,0.5899
0583720090600300010304,Turbo,29963,0.35,urbano_medio,0.346
0583720090402400010118,Turbo,2344,0.8,urbano_denso,0.6015
0583720030802900010108,Turbo,5395,0.6,urbano_medio,0.5179
0514710000000000010108,Carepa,7726,0.6,urbano_medio,0.4819
0514710000000000010115,Carepa,7925,0.6,urbano_medio,0.4794
0514710000000000020215,Carepa,1867,0.95,urbano_denso,0.6243
0514710000000000020244,Carepa,2362,0.8,urbano_denso,0.6008
0514710000000000020310,Carepa,2102,0.8,urbano_denso,0.6125
0514710000000000020519,Carepa,1906,0.95,urbano_denso,0.6223
0514720010700700010127,Carepa,872,0.95,urbano_denso,0.7006
0514720010700700010133,Carepa,5777,0.6,urbano_medio,0.5111
0517210000000000020204,Chigorodó,1912,0.95,urbano_denso,0.6219
0517210000000000020219,Chigorodó,3192,0.8,urbano_denso,0.5705
0517210000000000020507,Chigorodó,1941,0.95,urbano_denso,0.6204
0517210000000000050106,Chigorodó,3128,0.8,urbano_denso,0.5726
0517210000000000050129,Chigorodó,471,0.95,urbano_denso,0.7624
0517210000000000060213,Chigorodó,5653,0.6,urbano_medio,0.5132
0517210000000000060809,Chigorodó,2602,0.8,urbano_denso,0.591
0517210000000000060913,Chigorodó,2750,0.8,urbano_denso,0.5855
0565910000000000010132,San Juan de Urabá,654,0.95,urbano_denso,0.7294
0565910000000000010202,San Juan de Urabá,2684,0.8,urbano_denso,0.5879
0566510000000000020105,San Pedro de Urabá,6962,0.6,urbano_medio,0.4924
0505110000000000011104,Arboletes,1791,0.95,urbano_denso,0.6285
0549010000000000010416,Necoclí,5474,0.6,urbano_medio,0.5165
0549020040400900010116,Necoclí,4368,0.8,urbano_denso,0.5391
0583720050603700010105,Turbo,9226,0.6,urbano_medio,0.4641
0504520020300900010109,Apartadó,2401,0.8,urbano_denso,0.5991
0504520020300900010121,Apartadó,2026,0.8,urbano_denso,0.6161
0504520020300900010216,Apartadó,11022,0.6,urbano_medio,0.4463
0504520010301100010226,Apartadó,2640,0.8,urbano_denso,0.5896
0505110000000000010223,Arboletes,7750,0.6,urbano_medio,0.4816
0505110000000000011023,Arboletes,855,0.95,urbano_denso,0.7026
0505110000000000011042,Arboletes,1766,0.95,urbano_denso,0.6299
0505120050401400010102,Arboletes,1835,0.95,urbano_denso,0.6261
0514710000000000020511,Carepa,2943,0.8,urbano_denso,0.5787
0514710000000000020707,Carepa,1852,0.95,urbano_denso,0.6252
0549010000000000010130,Necoclí,16448,0.35,urbano_medio,0.4061
0549010000000000010201,Necoclí,4154,0.8,urbano_denso,0.5441
0549010000000000010212,Necoclí,5947,0.6,urbano_medio,0.5082
0549010000000000010708,Necoclí,448,0.95,urbano_denso,0.7674
0549020120600100010116,Necoclí,2853,0.8,urbano_denso,0.5818
0549020120600100010233,Necoclí,2819,0.8,urbano_denso,0.583
0549020120600100010410,Necoclí,1321,0.95,urbano_denso,0.659
0549020120300300010114,Necoclí,4212,0.8,urbano_denso,0.5428
0549020120101100010103,Necoclí,7236,0.6,urbano_medio,0.4885
0565920010100500010124,San Juan de Urabá,596,0.95,urbano_denso,0.7387
0566510000000000010350,San Pedro de Urabá,4388,0.8,urbano_denso,0.5386
0566510000000000010726,San Pedro de Urabá,2193,0.8,urbano_denso,0.6082
0566510000000000010807,San Pedro de Urabá,10809,0.6,urbano_medio,0.4482
0566510000000000030101,San Pedro de Urabá,9888,0.6,urbano_medio,0.4572
0566520010100400010118,San Pedro de Urabá,9132,0.6,urbano_medio,0.4651
0583720090700100010727,Turbo,1430,0.95,urbano_denso,0.6511
0583720090700100020220,Turbo,3613,0.8,urbano_denso,0.5581
0583720090700100020225,Turbo,3236,0.8,urbano_denso,0.5692
0583720090700100020334,Turbo,1124,0.95,urbano_denso,0.6752
0583720090700100020349,Turbo,975,0.95,urbano_denso,0.6895
0583720090700100020503,Turbo,3677,0.8,urbano_denso,0.5564
0583720090600300010337,Turbo,3124,0.8,urbano_denso,0.5727
0583720090302300010108,Turbo,4152,0.8,urbano_denso,0.5442
0583720090402400010109,Turbo,2577,0.8,urbano_denso,0.592
0583720090602600010111,Turbo,2056,0.8,urbano_denso,0.6147
0583720090103900010111,Turbo,4043,0.8,urbano_denso,0.5469
0504520050300100010113,Apartadó,809,0.95,urbano_denso,0.7081
0514710000000000010205,Carepa,1977,0.95,urbano_denso,0.6186
0514710000000000020416,Carepa,619,0.95,urbano_denso,0.735
0514710000000000030602,Carepa,2528,0.8,urbano_denso,0.5939
0549010000000000010615,Necoclí,46118,0.35,urbano_medio,0.3027
0549010000000000010703,Necoclí,1647,0.95,urbano_denso,0.6369
0549010000000000010709,Necoclí,1847,0.95,urbano_denso,0.6254
0565910000000000010133,San Juan de Urabá,727,0.95,urbano_denso,0.7189
0565920010100100010114,San Juan de Urabá,3708,0.8,urbano_denso,0.5555
0566510000000000010155,San Pedro de Urabá,7465,0.6,urbano_medio,0.4854
0583720020101300010116,Turbo,4895,0.8,urbano_denso,0.5277
0583720100700200010208,Turbo,1843,0.95,urbano_denso,0.6256
0583720100400800010106,Turbo,1606,0.95,urbano_denso,0.6394
0583720100400800010205,Turbo,631,0.95,urbano_denso,0.733
0583720030803200010108,Turbo,22906,0.35,urbano_medio,0.3729
0514710000000000010229,Carepa,1096,0.95,urbano_denso,0.6777
0514710000000000020226,Carepa,1221,0.95,urbano_denso,0.6669
0514710000000000020610,Carepa,1411,0.95,urbano_denso,0.6524
0514710000000000020806,Carepa,1281,0.95,urbano_denso,0.6621
0514710000000000030117,Carepa,1037,0.95,urbano_denso,0.6833
0514710000000000030222,Carepa,1523,0.95,urbano_denso,0.6448
0514710000000000030419,Carepa,590,0.95,urbano_denso,0.7398
0514710000000000030621,Carepa,1513,0.95,urbano_denso,0.6454
0514710000000000030638,Carepa,1142,0.95,urbano_denso,0.6736
0514720010700700010129,Carepa,2334,0.8,urbano_denso,0.6019
0517210000000000010606,Chigorodó,4559,0.8,urbano_denso,0.5348
0517210000000000020210,Chigorodó,2895,0.8,urbano_denso,0.5803
0517210000000000020334,Chigorodó,4415,0.8,urbano_denso,0.538
0517210000000000020423,Chigorodó,2839,0.8,urbano_denso,0.5823
0517210000000000030211,Chigorodó,3796,0.8,urbano_denso,0.5532
0517210000000000040111,Chigorodó,10639,0.6,urbano_medio,0.4498
0517210000000000050323,Chigorodó,640,0.95,urbano_denso,0.7317
0517210000000000050420,Chigorodó,1400,0.95,urbano_denso,0.6532
0517210000000000050430,Chigorodó,1474,0.95,urbano_denso,0.6481
0517210000000000050712,Chigorodó,18905,0.35,urbano_medio,0.3922
0517210000000000050805,Chigorodó,2471,0.8,urbano_denso,0.5962
0517210000000000060124,Chigorodó,534,0.95,urbano_denso,0.7498
0517210000000000060317,Chigorodó,922,0.95,urbano_denso,0.695
0517210000000000060506,Chigorodó,942,0.95,urbano_denso,0.6929
0517210000000000060609,Chigorodó,2553,0.8,urbano_denso,0.5929
0517210000000000060610,Chigorodó,2531,0.8,urbano_denso,0.5938
0517210000000000060932,Chigorodó,1511,0.95,urbano_denso,0.6455
0549020030200400010101,Necoclí,3612,0.8,urbano_denso,0.5582
0565910000000000010134,San Juan de Urabá,1178,0.95,urbano_denso,0.6705
0565910000000000010518,San Juan de Urabá,16484,0.35,urbano_medio,0.4059
0566510000000000011007,San Pedro de Urabá,5379,0.6,urbano_medio,0.5182
0583720110201800010213,Turbo,4988,0.8,urbano_denso,0.5258
0514710000000000020207,Carepa,1389,0.95,urbano_denso,0.654
0549010000000000010118,Necoclí,9307,0.6,urbano_medio,0.4632
0549010000000000010706,Necoclí,1784,0.95,urbano_denso,0.6289
0549020030300200010203,Necoclí,1146,0.95,urbano_denso,0.6732
0549020120100700010114,Necoclí,586,0.95,urbano_denso,0.7404
0565920010300300010102,San Juan de Urabá,3323,0.8,urbano_denso,0.5665
0566520010100400010117,San Pedro de Urabá,30901,0.35,urbano_medio,0.3429
0583720100700200010206,Turbo,1931,0.95,urbano_denso,0.6209
0583720100400800010112,Turbo,275,0.95,urbano_denso,0.8161
0583720100400800010407,Turbo,1696,0.95,urbano_denso,0.634
0504520050300100010103,Apartadó,7769,0.6,urbano_medio,0.4814
0504520020500200010304,Apartadó,2015,0.8,urbano_denso,0.6167
0504520020300900010328,Apartadó,947,0.95,urbano_denso,0.6924
0504520010301100010201,Apartadó,614,0.95,urbano_denso,0.7357
0504520010301100010203,Apartadó,4990,0.8,urbano_denso,0.5257
0504520030101500010117,Apartadó,1060,0.95,urbano_denso,0.6811
0505110000000000010321,Arboletes,2249,0.8,urbano_denso,0.6057
0505110000000000010704,Arboletes,1338,0.95,urbano_denso,0.6577
0505110000000000010907,Arboletes,1535,0.95,urbano_denso,0.644
0505120060400100010101,Arboletes,6658,0.6,urbano_medio,0.4968
0505120030200800010112,Arboletes,3687,0.8,urbano_denso,0.5561
0514710000000000020303,Carepa,1810,0.95,urbano_denso,0.6274
0514710000000000020514,Carepa,2306,0.8,urbano_denso,0.6032
0549010000000000010108,Necoclí,2515,0.8,urbano_denso,0.5944
0549010000000000010214,Necoclí,3531,0.8,urbano_denso,0.5604
0549010000000000010313,Necoclí,5590,0.6,urbano_medio,0.5144
0549010000000000010403,Necoclí,3855,0.8,urbano_denso,0.5516
0549020120600100010135,Necoclí,738,0.95,urbano_denso,0.7173
0549020120600100010318,Necoclí,2864,0.8,urbano_denso,0.5814
0549020120300300010129,Necoclí,6676,0.6,urbano_medio,0.4966
0549020120600600010105,Necoclí,5309,0.6,urbano_medio,0.5195
0549020050401800010107,Necoclí,2000,0.95,urbano_denso,0.6175
0566510000000000010410,San Pedro de Urabá,3277,0.8,urbano_denso,0.5679
0566510000000000010419,San Pedro de Urabá,3613,0.8,urbano_denso,0.5581
0566510000000000010429,San Pedro de Urabá,3135,0.8,urbano_denso,0.5724
0566520040200200010102,San Pedro de Urabá,3440,0.8,urbano_denso,0.563
0583720090700100010109,Turbo,4025,0.8,urbano_denso,0.5473
0583720090700100010112,Turbo,3721,0.8,urbano_denso,0.5552
0583720090700100010118,Turbo,2225,0.8,urbano_denso,0.6067
0583720090700100010137,Turbo,1057,0.95,urbano_denso,0.6814
0583720090700100010508,Turbo,5173,0.6,urbano_medio,0.5221
0583720090700100010721,Turbo,5365,0.6,urbano_medio,0.5185
0583720090700100020325,Turbo,2754,0.8,urbano_denso,0.5854
0583720090700100020402,Turbo,1846,0.95,urbano_denso,0.6255
0583720100700200010307,Turbo,5288,0.6,urbano_medio,0.5199
0583720100700200020407,Turbo,2554,0.8,urbano_denso,0.5929
0583720100700200020413,Turbo,2511,0.8,urbano_denso,0.5946
0583720050200500010111,Turbo,13614,0.6,urbano_medio,0.4251
0583720100400800010302,Turbo,5079,0.6,urbano_medio,0.524
0583720070201200010107,Turbo,6366,0.6,urbano_medio,0.5013
0583720050202800010105,Turbo,6938,0.6,urbano_medio,0.4927
0583720030802900010110,Turbo,6279,0.6,urbano_medio,0.5027
0583720050603700010102,Turbo,2813,0.8,urbano_denso,0.5832
0583720090103900010114,Turbo,1056,0.95,urbano_denso,0.6815
0514710000000000010131,Carepa,1564,0.95,urbano_denso,0.6421
0514710000000000010406,Carepa,3169,0.8,urbano_denso,0.5713
0514710000000000010802,Carepa,2591,0.8,urbano_denso,0.5915
0514720010700700010115,Carepa,7689,0.6,urbano_medio,0.4824
0517210000000000010611,Chigorodó,4518,0.8,urbano_denso,0.5357
0517210000000000020332,Chigorodó,2578,0.8,urbano_denso,0.592
0517210000000000020426,Chigorodó,3052,0.8,urbano_denso,0.575
0517210000000000050406,Chigorodó,1211,0.95,urbano_denso,0.6677
0517210000000000050421,Chigorodó,725,0.95,urbano_denso,0.7192
0517210000000000060309,Chigorodó,2817,0.8,urbano_denso,0.5831
0517210000000000060426,Chigorodó,1050,0.95,urbano_denso,0.6821
0517210000000000060617,Chigorodó,2456,0.8,urbano_denso,0.5968
0517210000000000061001,Chigorodó,1517,0.95,urbano_denso,0.6451
0549020090501500010126,Necoclí,5757,0.6,urbano_medio,0.5114
0565910000000000010308,San Juan de Urabá,3030,0.8,urbano_denso,0.5758
0565910000000000010138,San Juan de Urabá,15579,0.35,urbano_medio,0.4116
0565910000000000010522,San Juan de Urabá,4350,0.8,urbano_denso,0.5395
0565910000000000010802,San Juan de Urabá,476,0.95,urbano_denso,0.7613
0566510000000000020123,San Pedro de Urabá,104782,0.15,periurbano,0.2204
0566510000000000030111,San Pedro de Urabá,632,0.95,urbano_denso,0.7328
0583720110201800010216,Turbo,595,0.95,urbano_denso,0.7389
0583720110201800010306,Turbo,3080,0.8,urbano_denso,0.5741
0583720110201800010311,Turbo,4289,0.8,urbano_denso,0.5409
0583720110201800010323,Turbo,2556,0.8,urbano_denso,0.5928
0505110000000000010302,Arboletes,25862,0.35,urbano_medio,0.3607
0505110000000000011108,Arboletes,1845,0.95,urbano_denso,0.6255
0505120030200800010101,Arboletes,7258,0.6,urbano_medio,0.4882
0505120050401400010111,Arboletes,1357,0.95,urbano_denso,0.6563
0505120050401400010114,Arboletes,7077,0.6,urbano_medio,0.4907
0514710000000000020418,Carepa,1001,0.95,urbano_denso,0.6868
0514710000000000030426,Carepa,1588,0.95,urbano_denso,0.6406
0517220060601500010112,Chigorodó,2462,0.8,urbano_denso,0.5966
0549010000000000010306,Necoclí,4288,0.8,urbano_denso,0.541
0549020120600100010114,Necoclí,3678,0.8,urbano_denso,0.5563
0549020120600100010225,Necoclí,3236,0.8,urbano_denso,0.5692
0549020040400900010130,Necoclí,58537,0.15,periurbano,0.2788
0549020120801600010107,Necoclí,5059,0.6,urbano_medio,0.5244
0565920010300300010112,San Juan de Urabá,4075,0.8,urbano_denso,0.5461
0566510000000000010113,San Pedro de Urabá,6220,0.6,urbano_medio,0.5036
0566510000000000010207,San Pedro de Urabá,3816,0.8,urbano_denso,0.5526
0583720100700200020416,Turbo,4009,0.8,urbano_denso,0.5477
0583720090700100020367,Turbo,1106,0.95,urbano_denso,0.6768
0583720100700200020314,Turbo,1815,0.95,urbano_denso,0.6271
0583720050200500010115,Turbo,4706,0.8,urbano_denso,0.5316
0583720100400800010417,Turbo,2542,0.8,urbano_denso,0.5934
0583720020101300010115,Turbo,5251,0.6,urbano_medio,0.5206
0583720020101300010208,Turbo,5215,0.6,urbano_medio,0.5213
0583720090402400010112,Turbo,2600,0.8,urbano_denso,0.5911
0583720010204000010102,Turbo,7568,0.6,urbano_medio,0.484
0504520020500200010105,Apartadó,1509,0.95,urbano_denso,0.6457
0505110000000000010414,Arboletes,5074,0.6,urbano_medio,0.5241
0514710000000000030305,Carepa,3687,0.8,urbano_denso,0.5561
0549020120600100010221,Necoclí,6698,0.6,urbano_medio,0.4962
0565920010300300010132,San Juan de Urabá,2350,0.8,urbano_denso,0.6013
0566520040200800010108,San Pedro de Urabá,1796,0.95,urbano_denso,0.6282
0583720090700100010207,Turbo,2390,0.8,urbano_denso,0.5996
0583720090700100020302,Turbo,3736,0.8,urbano_denso,0.5548
0583720090700100020502,Turbo,3728,0.8,urbano_denso,0.555
0583720090700100020516,Turbo,3533,0.8,urbano_denso,0.5604
0583720100700200020116,Turbo,7748,0.6,urbano_medio,0.4816
0583720100700200020325,Turbo,355,0.95,urbano_denso,0.7905
0583720080301000010108,Turbo,6029,0.6,urbano_medio,0.5068
0583720070201200010129,Turbo,5386,0.6,urbano_medio,0.5181
0583720020101300010114,Turbo,4913,0.8,urbano_denso,0.5273
0583720020101300010119,Turbo,5378,0.6,urbano_medio,0.5182
0583720090603000010103,Turbo,4618,0.8,urbano_denso,0.5335
0514710000000000030103,Carepa,1188,0.95,urbano_denso,0.6696
0514710000000000030412,Carepa,2184,0.8,urbano_denso,0.6086
0517210000000000010315,Chigorodó,2361,0.8,urbano_denso,0.6008
0517210000000000010503,Chigorodó,3359,0.8,urbano_denso,0.5655
0517210000000000010510,Chigorodó,5952,0.6,urbano_medio,0.5081
0517210000000000030203,Chigorodó,3091,0.8,urbano_denso,0.5738
0517210000000000040116,Chigorodó,225922,0.05,rural,0.1433
0517210000000000050610,Chigorodó,5043,0.6,urbano_medio,0.5247
0517210000000000050708,Chigorodó,2047,0.8,urbano_denso,0.6151
0517210000000000050713,Chigorodó,19619,0.35,urbano_medio,0.3884
0517210000000000060117,Chigorodó,2585,0.8,urbano_denso,0.5917
0517210000000000060518,Chigorodó,863,0.95,urbano_denso,0.7016
0517210000000000060911,Chigorodó,3387,0.8,urbano_denso,0.5646
0517210000000000060931,Chigorodó,1036,0.95,urbano_denso,0.6834
0549020030200400010107,Necoclí,471,0.95,urbano_denso,0.7624
0565910000000000010141,San Juan de Urabá,11336,0.6,urbano_medio,0.4435
0565910000000000010306,San Juan de Urabá,5419,0.6,urbano_medio,0.5175
0565910000000000010611,San Juan de Urabá,5073,0.6,urbano_medio,0.5241
0565910000000000010710,San Juan de Urabá,330,0.95,urbano_denso,0.798
0565910000000000010712,San Juan de Urabá,6909,0.6,urbano_medio,0.4931
0583720110201800010126,Turbo,3706,0.8,urbano_denso,0.5556
0514720011001000010111,Carepa,1244,0.95,urbano_denso,0.665
0517210000000000010214,Chigorodó,1455,0.95,urbano_denso,0.6493
0549020030200400010119,Necoclí,5452,0.6,urbano_medio,0.5169
0549010000000000010415,Necoclí,6845,0.6,urbano_medio,0.4941
0566510000000000010542,San Pedro de Urabá,24580,0.35,urbano_medio,0.3658
0566520040200200010109,San Pedro de Urabá,4597,0.8,urbano_denso,0.534
0583720090700100010320,Turbo,1242,0.95,urbano_denso,0.6652
0583720090700100020331,Turbo,967,0.95,urbano_denso,0.6902
0583720100700200010205,Turbo,1737,0.95,urbano_denso,0.6316
0583720070201200010120,Turbo,1117,0.95,urbano_denso,0.6758
0504520050300100010109,Apartadó,2310,0.8,urbano_denso,0.603
0504520020500200010307,Apartadó,7442,0.6,urbano_medio,0.4857
0504520020300900010326,Apartadó,1019,0.95,urbano_denso,0.685
0504520010301100010222,Apartadó,2070,0.8,urbano_denso,0.614
0505110000000000010234,Arboletes,2688,0.8,urbano_denso,0.5878
0505110000000000010601,Arboletes,34766,0.35,urbano_medio,0.331
0505120040101000010114,Arboletes,6009,0.6,urbano_medio,0.5071
0583720090102700010109,Turbo,1037,0.95,urbano_denso,0.6833
0583720090603100010104,Turbo,408,0.95,urbano_denso,0.7767
0549010000000000010508,Necoclí,6826,0.6,urbano_medio,0.4943
0549010000000000010603,Necoclí,216697,0.05,rural,0.1475
0549010000000000010720,Necoclí,2232,0.8,urbano_denso,0.6064
0549010000000000010820,Necoclí,3473,0.8,urbano_denso,0.5621
0549020120600100010111,Necoclí,9896,0.6,urbano_medio,0.4571
0549020120600100010133,Necoclí,8006,0.6,urbano_medio,0.4783
0549020120600100010227,Necoclí,3525,0.8,urbano_denso,0.5606
0549020040400900010102,Necoclí,15767,0.35,urbano_medio,0.4104
0549020040400900010119,Necoclí,8955,0.6,urbano_medio,0.4671
0549020090501500010109,Necoclí,1718,0.95,urbano_denso,0.6327
0566510000000000010221,San Pedro de Urabá,2740,0.8,urbano_denso,0.5859
0566510000000000010413,San Pedro de Urabá,3413,0.8,urbano_denso,0.5638
0566510000000000010864,San Pedro de Urabá,12695,0.6,urbano_medio,0.4321
0566510000000000020112,San Pedro de Urabá,2211,0.8,urbano_denso,0.6074
0566520010100400010109,San Pedro de Urabá,9425,0.6,urbano_medio,0.462
0583720090700100020420,Turbo,1537,0.95,urbano_denso,0.6438
0583720090700100020431,Turbo,1729,0.95,urbano_denso,0.632
0583720100700200010117,Turbo,2872,0.8,urbano_denso,0.5811
0583720090700100010117,Turbo,2284,0.8,urbano_denso,0.6041
0583720090700100010123,Turbo,7866,0.6,urbano_medio,0.4801
0583720090700100010217,Turbo,1929,0.95,urbano_denso,0.6211
0583720090700100010617,Turbo,6141,0.6,urbano_medio,0.5049
0583720090700100020324,Turbo,1019,0.95,urbano_denso,0.6851
0583720090700100020350,Turbo,1057,0.95,urbano_denso,0.6814
0583720100700200010417,Turbo,11827,0.6,urbano_medio,0.4392
0583720100700200020131,Turbo,14392,0.6,urbano_medio,0.4195
0583720100700200020305,Turbo,1665,0.95,urbano_denso,0.6358
0583720100700200020506,Turbo,1125,0.95,urbano_denso,0.6751
0583720090600300010203,Turbo,8379,0.6,urbano_medio,0.4738
0583720090600300010319,Turbo,9695,0.6,urbano_medio,0.4591
0583720100400800010314,Turbo,27761,0.35,urbano_medio,0.3536
0583720100400800010408,Turbo,1851,0.95,urbano_denso,0.6252
0583720100400800010409,Turbo,4275,0.8,urbano_denso,0.5413
0583720020101300010112,Turbo,1899,0.95,urbano_denso,0.6226
0583720090503500010105,Turbo,10988,0.6,urbano_medio,0.4466
0583720010204000010104,Turbo,1384,0.95,urbano_denso,0.6543
0514710000000000010725,Carepa,900,0.95,urbano_denso,0.6975
0514710000000000020521,Carepa,1093,0.95,urbano_denso,0.678
0514710000000000030421,Carepa,740,0.95,urbano_denso,0.717
0514720010700700010102,Carepa,5612,0.6,urbano_medio,0.514
0514720010700700010112,Carepa,3846,0.8,urbano_denso,0.5519
0514720011001000010139,Carepa,1518,0.95,urbano_denso,0.645
0517210000000000010204,Chigorodó,1068,0.95,urbano_denso,0.6803
0517210000000000010805,Chigorodó,5832,0.6,urbano_medio,0.5101
0517210000000000020326,Chigorodó,2519,0.8,urbano_denso,0.5943
0517210000000000050204,Chigorodó,3913,0.8,urbano_denso,0.5501
0517210000000000050328,Chigorodó,65678,0.15,periurbano,0.2672
0517210000000000050329,Chigorodó,1480,0.95,urbano_denso,0.6476
0517210000000000050405,Chigorodó,1254,0.95,urbano_denso,0.6642
0517210000000000050417,Chigorodó,496,0.95,urbano_denso,0.7571
0517210000000000060112,Chigorodó,2382,0.8,urbano_denso,0.5999
0517210000000000060717,Chigorodó,2394,0.8,urbano_denso,0.5994
0517210000000000060925,Chigorodó,3010,0.8,urbano_denso,0.5764
0565910000000000010717,San Juan de Urabá,2044,0.8,urbano_denso,0.6153
0583720110201800010119,Turbo,1103,0.95,urbano_denso,0.6771
0583720110201800010206,Turbo,3240,0.8,urbano_denso,0.5691
0583720110201800010325,Turbo,3464,0.8,urbano_denso,0.5624
0505110000000000010410,Arboletes,8009,0.6,urbano_medio,0.4783
0505110000000000011109,Arboletes,1854,0.95,urbano_denso,0.625
0505120020500300010106,Arboletes,5526,0.6,urbano_medio,0.5155
0514710000000000020210,Carepa,1526,0.95,urbano_denso,0.6445
0549020050300500010111,Necoclí,716,0.95,urbano_denso,0.7204
0565910000000000010403,San Juan de Urabá,3159,0.8,urbano_denso,0.5716
0566510000000000010315,San Pedro de Urabá,4089,0.8,urbano_denso,0.5457
0566520010100400010115,San Pedro de Urabá,37301,0.35,urbano_medio,0.324
0583720090700100010208,Turbo,5121,0.6,urbano_medio,0.5231
0583720090700100010707,Turbo,4256,0.8,urbano_denso,0.5417
0583720090700100020305,Turbo,1818,0.95,urbano_denso,0.627
0583720100700200020219,Turbo,737,0.95,urbano_denso,0.7175
0583720100700200020418,Turbo,2946,0.8,urbano_denso,0.5786
0583720090600300010220,Turbo,32047,0.35,urbano_medio,0.3392
0504520020500200010313,Apartadó,1993,0.95,urbano_denso,0.6178
0504520020300900010110,Apartadó,2506,0.8,urbano_denso,0.5948
0504520010301100010204,Apartadó,2281,0.8,urbano_denso,0.6042
0505110000000000010230,Arboletes,1902,0.95,urbano_denso,0.6225
0505110000000000010915,Arboletes,5834,0.6,urbano_medio,0.5101
0505120030200900010120,Arboletes,5391,0.6,urbano_medio,0.518
0505120030101100010116,Arboletes,5052,0.6,urbano_medio,0.5245
0514710000000000010309,Carepa,2877,0.8,urbano_denso,0.581
0549020050300500010212,Necoclí,3153,0.8,urbano_denso,0.5718
0514710000000000020104,Carepa,872,0.95,urbano_denso,0.7006
0514710000000000020118,Carepa,1571,0.95,urbano_denso,0.6416
0517220100400700010108,Chigorodó,12751,0.6,urbano_medio,0.4317
0549010000000000010325,Necoclí,5769,0.6,urbano_medio,0.5112
0549010000000000010902,Necoclí,1612,0.95,urbano_denso,0.6391
0549020040400900010111,Necoclí,2795,0.8,urbano_denso,0.5839
0549020040400900010122,Necoclí,3066,0.8,urbano_denso,0.5746
0549020040400900010124,Necoclí,8893,0.6,urbano_medio,0.4678
0565910000000000010112,San Juan de Urabá,4171,0.8,urbano_denso,0.5437
0565920010100100010107,San Juan de Urabá,3422,0.8,urbano_denso,0.5636
0565920010100500010120,San Juan de Urabá,7123,0.6,urbano_medio,0.4901
0566510000000000010839,San Pedro de Urabá,2154,0.8,urbano_denso,0.61
0566510000000000011016,San Pedro de Urabá,5253,0.6,urbano_medio,0.5206
0566520010100400010113,San Pedro de Urabá,12237,0.6,urbano_medio,0.4358
0583720090700100010135,Turbo,4394,0.8,urbano_denso,0.5385
0583720100700200010405,Turbo,2198,0.8,urbano_denso,0.608
0583720100700200010413,Turbo,2553,0.8,urbano_denso,0.593
0583720100700200020316,Turbo,1498,0.95,urbano_denso,0.6464
0583720090600300010111,Turbo,2038,0.8,urbano_denso,0.6156
0583720090600300010318,Turbo,4259,0.8,urbano_denso,0.5416
0583720080301000010119,Turbo,8222,0.6,urbano_medio,0.4757
0583720090602600010115,Turbo,1624,0.95,urbano_denso,0.6383
0583720090603000010101,Turbo,22993,0.35,urbano_medio,0.3725
0583720030803200010113,Turbo,30487,0.35,urbano_medio,0.3442
0583720240204300010101,Turbo,9357,0.6,urbano_medio,0.4627
0514710000000000010507,Carepa,5287,0.6,urbano_medio,0.5199
0514710000000000020317,Carepa,3392,0.8,urbano_denso,0.5645
0514710000000000020509,Carepa,1780,0.95,urbano_denso,0.6291
0514710000000000020516,Carepa,980,0.95,urbano_denso,0.6889
0514710000000000030118,Carepa,1781,0.95,urbano_denso,0.6291
0514710000000000030234,Carepa,1792,0.95,urbano_denso,0.6284
0514710000000000030438,Carepa,1197,0.95,urbano_denso,0.6688
0514710000000000030529,Carepa,3232,0.8,urbano_denso,0.5693
0514720011001000010127,Carepa,954,0.95,urbano_denso,0.6916
0517210000000000010119,Chigorodó,7569,0.6,urbano_medio,0.484
0517210000000000010535,Chigorodó,4239,0.8,urbano_denso,0.5421
0517210000000000010706,Chigorodó,783,0.95,urbano_denso,0.7115
0517210000000000020101,Chigorodó,4452,0.8,urbano_denso,0.5372
0517210000000000020201,Chigorodó,1779,0.95,urbano_denso,0.6292
0517210000000000060116,Chigorodó,2625,0.8,urbano_denso,0.5902
0517210000000000060220,Chigorodó,3459,0.8,urbano_denso,0.5625
0517210000000000060313,Chigorodó,2763,0.8,urbano_denso,0.585
0517210000000000060702,Chigorodó,2510,0.8,urbano_denso,0.5947
0517210000000000060813,Chigorodó,870,0.95,urbano_denso,0.7009
0583720110201800010220,Turbo,5005,0.6,urbano_medio,0.5254
0583720110201800010308,Turbo,6784,0.6,urbano_medio,0.495
0504520050300100010105,Apartadó,2036,0.8,urbano_denso,0.6156
0504520010301100010210,Apartadó,2540,0.8,urbano_denso,0.5935
0504520030101500010120,Apartadó,2288,0.8,urbano_denso,0.604
0505110000000000010703,Arboletes,1399,0.95,urbano_denso,0.6533
0505110000000000010706,Arboletes,3154,0.8,urbano_denso,0.5718
0505110000000000010801,Arboletes,1960,0.95,urbano_denso,0.6194
0505110000000000011112,Arboletes,1791,0.95,urbano_denso,0.6285
0505120060600500010107,Arboletes,7891,0.6,urbano_medio,0.4798
0505120040101000010116,Arboletes,959,0.95,urbano_denso,0.6911
0514710000000000020409,Carepa,1407,0.95,urbano_denso,0.6527
0549010000000000010307,Necoclí,1456,0.95,urbano_denso,0.6493
0549010000000000010511,Necoclí,3141,0.8,urbano_denso,0.5722
0549010000000000010707,Necoclí,448,0.95,urbano_denso,0.7672
0549020120600100010136,Necoclí,4700,0.8,urbano_denso,0.5317
0549020030300200010114,Necoclí,3443,0.8,urbano_denso,0.563
0549020030300200010115,Necoclí,1423,0.95,urbano_denso,0.6515
0549020120100700010106,Necoclí,10296,0.6,urbano_medio,0.4531
0549020040400900010118,Necoclí,2723,0.8,urbano_denso,0.5865
0549020120301000010112,Necoclí,2968,0.8,urbano_denso,0.5779
0549020090201200010108,Necoclí,9187,0.6,urbano_medio,0.4645
0565920010200600010108,San Juan de Urabá,6494,0.6,urbano_medio,0.4993
0566510000000000010120,San Pedro de Urabá,2740,0.8,urbano_denso,0.5859
0566510000000000010734,San Pedro de Urabá,2868,0.8,urbano_denso,0.5813
0566510000000000010736,San Pedro de Urabá,2883,0.8,urbano_denso,0.5808
0566510000000000011010,San Pedro de Urabá,2461,0.8,urbano_denso,0.5966
0566520040200200010112,San Pedro de Urabá,10353,0.6,urbano_medio,0.4526
0583720090700100020342,Turbo,1049,0.95,urbano_denso,0.6821
0583720100700200020324,Turbo,1760,0.95,urbano_denso,0.6302
0583720090600300010336,Turbo,2990,0.8,urbano_denso,0.5771
0583720050200500010113,Turbo,3459,0.8,urbano_denso,0.5625
0583720070201200010128,Turbo,8609,0.6,urbano_medio,0.471
0583720020101300010109,Turbo,5101,0.6,urbano_medio,0.5235
0583720090402400010111,Turbo,926,0.95,urbano_denso,0.6947
0583720050603700010106,Turbo,3344,0.8,urbano_denso,0.5659
0504520020500200010305,Apartadó,975,0.95,urbano_denso,0.6894
0504520010101400010114,Apartadó,1190,0.95,urbano_denso,0.6694
0505110000000000010914,Arboletes,2869,0.8,urbano_denso,0.5813
0505120030200900010108,Arboletes,5005,0.6,urbano_medio,0.5254
0514710000000000020706,Carepa,1671,0.95,urbano_denso,0.6354
0566510000000000030115,San Pedro de Urabá,6718,0.6,urbano_medio,0.4959
0583720090700100020407,Turbo,3690,0.8,urbano_denso,0.556
0583720090700100010314,Turbo,3504,0.8,urbano_denso,0.5612
0583720090700100020332,Turbo,1570,0.95,urbano_denso,0.6417
0583720090602600010105,Turbo,3882,0.8,urbano_denso,0.5509
0583720090102700010106,Turbo,5727,0.6,urbano_medio,0.5119
0514710000000000010724,Carepa,875,0.95,urbano_denso,0.7002
0514710000000000010820,Carepa,2077,0.8,urbano_denso,0.6137
0514710000000000020902,Carepa,1526,0.95,urbano_denso,0.6445
0514720011001000010115,Carepa,1154,0.95,urbano_denso,0.6725
0517210000000000010802,Chigorodó,2917,0.8,urbano_denso,0.5796
0517210000000000010803,Chigorodó,14022,0.6,urbano_medio,0.4221
0517210000000000020324,Chigorodó,1446,0.95,urbano_denso,0.6499
0517210000000000020335,Chigorodó,2001,0.8,urbano_denso,0.6174
0517210000000000050604,Chigorodó,963,0.95,urbano_denso,0.6907
0517210000000000060718,Chigorodó,8653,0.6,urbano_medio,0.4705
0549020030200400010116,Necoclí,5118,0.6,urbano_medio,0.5232
0565910000000000010201,San Juan de Urabá,5310,0.6,urbano_medio,0.5195
0565910000000000010414,San Juan de Urabá,11881,0.6,urbano_medio,0.4387
0565910000000000010705,San Juan de Urabá,4952,0.8,urbano_denso,0.5265
0504520020300900010213,Apartadó,2213,0.8,urbano_denso,0.6073
0505110000000000010214,Arboletes,3075,0.8,urbano_denso,0.5743
0505110000000000010346,Arboletes,603,0.95,urbano_denso,0.7375
0505120060400100010109,Arboletes,1838,0.95,urbano_denso,0.6259
0505120020500300010115,Arboletes,909,0.95,urbano_denso,0.6964
0505120030200900010110,Arboletes,1636,0.95,urbano_denso,0.6376
0514710000000000010331,Carepa,2883,0.8,urbano_denso,0.5808
0549020120600100010125,Necoclí,3684,0.8,urbano_denso,0.5562
0549020120300300010111,Necoclí,3301,0.8,urbano_denso,0.5672
0549020120301000010102,Necoclí,8977,0.6,urbano_medio,0.4668
0565920010300300010125,San Juan de Urabá,337,0.95,urbano_denso,0.7957
0566510000000000010633,San Pedro de Urabá,9485,0.6,urbano_medio,0.4613
0566510000000000010660,San Pedro de Urabá,3235,0.8,urbano_denso,0.5692
0583720090700100020212,Turbo,3832,0.8,urbano_denso,0.5522
0583720090600300010329,Turbo,3958,0.8,urbano_denso,0.549
0583720090402400010102,Turbo,5167,0.6,urbano_medio,0.5223
0504520020500200010310,Apartadó,5951,0.6,urbano_medio,0.5081
0504520020500200010208,Apartadó,1689,0.95,urbano_denso,0.6344
0504520020300300010107,Apartadó,10406,0.6,urbano_medio,0.452
0504520020300900010228,Apartadó,5068,0.6,urbano_medio,0.5242
0504520030101500010123,Apartadó,594,0.95,urbano_denso,0.7392
0505110000000000010213,Arboletes,3955,0.8,urbano_denso,0.5491
0505110000000000010904,Arboletes,1509,0.95,urbano_denso,0.6457
0514710000000000020414,Carepa,1404,0.95,urbano_denso,0.6529
0517220060601500010101,Chigorodó,2879,0.8,urbano_denso,0.5809
0549010000000000010803,Necoclí,1516,0.95,urbano_denso,0.6452
0549020120600100010403,Necoclí,3995,0.8,urbano_denso,0.5481
0549020120300300010119,Necoclí,6213,0.6,urbano_medio,0.5038
0549020120100700010116,Necoclí,8435,0.6,urbano_medio,0.4731
0549020090200800010102,Necoclí,14913,0.6,urbano_medio,0.4159
0549020040400900010108,Necoclí,4224,0.8,urbano_denso,0.5425
0549020040400900010113,Necoclí,10821,0.6,urbano_medio,0.4481
0549020120101100010108,Necoclí,30987,0.35,urbano_medio,0.3426
0565910000000000010222,San Juan de Urabá,1592,0.95,urbano_denso,0.6403
0566510000000000010357,San Pedro de Urabá,31937,0.35,urbano_medio,0.3396
0566520040200800010111,San Pedro de Urabá,965,0.95,urbano_denso,0.6904
0583720090700100010134,Turbo,2560,0.8,urbano_denso,0.5927
0583720090700100010312,Turbo,1819,0.95,urbano_denso,0.6269
0583720090700100010316,Turbo,4182,0.8,urbano_denso,0.5435
0583720090700100020104,Turbo,5896,0.6,urbano_medio,0.509
0583720090700100020339,Turbo,1453,0.95,urbano_denso,0.6494
0583720090700100020406,Turbo,1062,0.95,urbano_denso,0.6808
0583720090700100020414,Turbo,1470,0.95,urbano_denso,0.6483
0583720100700200010310,Turbo,2457,0.8,urbano_denso,0.5968
0583720100700200020127,Turbo,1999,0.95,urbano_denso,0.6175
0583720090600300010305,Turbo,23157,0.35,urbano_medio,0.3718
0583720090600300010323,Turbo,4183,0.8,urbano_denso,0.5434
0583720020101300010206,Turbo,3976,0.8,urbano_denso,0.5485
0583720090402400010120,Turbo,4389,0.8,urbano_denso,0.5386
0583720090602600010102,Turbo,1762,0.95,urbano_denso,0.6301
0583720090603000010102,Turbo,850,0.95,urbano_denso,0.7031
0514710000000000030406,Carepa,2029,0.8,urbano_denso,0.616
0514710000000000030525,Carepa,1419,0.95,urbano_denso,0.6518
0517210000000000010208,Chigorodó,1189,0.95,urbano_denso,0.6696
0517210000000000010509,Chigorodó,3727,0.8,urbano_denso,0.555
0517210000000000020114,Chigorodó,4276,0.8,urbano_denso,0.5412
0517210000000000020325,Chigorodó,2560,0.8,urbano_denso,0.5927
0517210000000000050522,Chigorodó,2246,0.8,urbano_denso,0.6058
0517210000000000050808,Chigorodó,2182,0.8,urbano_denso,0.6087
0517210000000000050809,Chigorodó,2026,0.8,urbano_denso,0.6162
0517210000000000060514,Chigorodó,2722,0.8,urbano_denso,0.5865
0549020030200400010113,Necoclí,6922,0.6,urbano_medio,0.4929
0549020050300500010219,Necoclí,22134,0.35,urbano_medio,0.3763
0565910000000000010621,San Juan de Urabá,3976,0.8,urbano_denso,0.5485
0583720110201800010301,Turbo,4292,0.8,urbano_denso,0.5409
0514710000000000010407,Carepa,2920,0.8,urbano_denso,0.5795
0514710000000000010512,Carepa,3108,0.8,urbano_denso,0.5732
0514710000000000030540,Carepa,1154,0.95,urbano_denso,0.6725
0514710000000000030603,Carepa,809,0.95,urbano_denso,0.7082
0517210000000000010538,Chigorodó,2499,0.8,urbano_denso,0.5951
0517210000000000050316,Chigorodó,2414,0.8,urbano_denso,0.5986
0517210000000000060401,Chigorodó,2389,0.8,urbano_denso,0.5996
0583720110201800010118,Turbo,4430,0.8,urbano_denso,0.5377
0504520020300900010317,Apartadó,1482,0.95,urbano_denso,0.6475
0549020040400900010126,Necoclí,967,0.95,urbano_denso,0.6902
0504520010301100010223,Apartadó,1940,0.95,urbano_denso,0.6205
0504520030101500010104,Apartadó,2095,0.8,urbano_denso,0.6128
0504520010101600010108,Apartadó,2915,0.8,urbano_denso,0.5797
0514710000000000010137,Carepa,2802,0.8,urbano_denso,0.5836
0514710000000000010118,Carepa,695,0.95,urbano_denso,0.7234
0549020120600600010107,Necoclí,4668,0.8,urbano_denso,0.5324
0549010000000000010234,Necoclí,1399,0.95,urbano_denso,0.6532
0549010000000000010823,Necoclí,2685,0.8,urbano_denso,0.5879
0549020120300300010126,Necoclí,2936,0.8,urbano_denso,0.5789
0565910000000000010212,San Juan de Urabá,4840,0.8,urbano_denso,0.5288
0565920010300300010116,San Juan de Urabá,20093,0.35,urbano_medio,0.386
0566510000000000010808,San Pedro de Urabá,4730,0.8,urbano_denso,0.5311
0566520020300300010113,San Pedro de Urabá,2438,0.8,urbano_denso,0.5976
0583720090700100010614,Turbo,1467,0.95,urbano_denso,0.6485
0583720090700100010726,Turbo,2520,0.8,urbano_denso,0.5943
0583720090700100020230,Turbo,3888,0.8,urbano_denso,0.5508
0583720100700200010207,Turbo,835,0.95,urbano_denso,0.705
0583720100700200010210,Turbo,2056,0.8,urbano_denso,0.6146
0583720050200500010101,Turbo,18346,0.35,urbano_medio,0.3952
0583720030700600010101,Turbo,4967,0.8,urbano_denso,0.5262
0583720100400800010117,Turbo,992,0.95,urbano_denso,0.6878
0583720080301000010106,Turbo,5951,0.6,urbano_medio,0.5081
0583720090402400010119,Turbo,5310,0.6,urbano_medio,0.5195
0583720090302500010105,Turbo,49260,0.35,urbano_medio,0.2961
0583720010203800010107,Turbo,50015,0.15,periurbano,0.2946
0505110000000000010145,Arboletes,5163,0.6,urbano_medio,0.5223
0505110000000000010207,Arboletes,4352,0.8,urbano_denso,0.5395
0505110000000000010702,Arboletes,1489,0.95,urbano_denso,0.647
0505110000000000011015,Arboletes,3430,0.8,urbano_denso,0.5633
0505120040101000010109,Arboletes,4483,0.8,urbano_denso,0.5365
0505120030101100010103,Arboletes,1668,0.95,urbano_denso,0.6356
0517220100400700010102,Chigorodó,7537,0.6,urbano_medio,0.4844
0549020120600100010407,Necoclí,8915,0.6,urbano_medio,0.4675
0549020030300200010218,Necoclí,14202,0.6,urbano_medio,0.4208
0565910000000000010504,San Juan de Urabá,2616,0.8,urbano_denso,0.5905
0566510000000000010858,San Pedro de Urabá,5209,0.6,urbano_medio,0.5214
0583720090700100010309,Turbo,2924,0.8,urbano_denso,0.5794
0583720090700100010704,Turbo,5024,0.6,urbano_medio,0.5251
0583720090700100010729,Turbo,198,0.95,urbano_denso,0.8488
0583720090700100020322,Turbo,1106,0.95,urbano_denso,0.6768
0514710000000000010338,Carepa,5384,0.6,urbano_medio,0.5181
0514710000000000010712,Carepa,1926,0.95,urbano_denso,0.6212
0514710000000000020229,Carepa,622,0.95,urbano_denso,0.7345
0514710000000000030240,Carepa,845,0.95,urbano_denso,0.7038
0517210000000000010305,Chigorodó,2274,0.8,urbano_denso,0.6046
0517210000000000010605,Chigorodó,4710,0.8,urbano_denso,0.5315
0517210000000000010801,Chigorodó,3258,0.8,urbano_denso,0.5685
0517210000000000020209,Chigorodó,2596,0.8,urbano_denso,0.5913
0517210000000000020216,Chigorodó,4381,0.8,urbano_denso,0.5388
0517210000000000020221,Chigorodó,1932,0.95,urbano_denso,0.6209
0517210000000000030212,Chigorodó,1158,0.95,urbano_denso,0.6722
0517210000000000050113,Chigorodó,4671,0.8,urbano_denso,0.5324
0517210000000000050118,Chigorodó,2690,0.8,urbano_denso,0.5877
0517210000000000060214,Chigorodó,1885,0.95,urbano_denso,0.6234
0517210000000000060501,Chigorodó,2765,0.8,urbano_denso,0.585
0517210000000000060601,Chigorodó,2556,0.8,urbano_denso,0.5928
0517210000000000060613,Chigorodó,2211,0.8,urbano_denso,0.6074
0517210000000000060621,Chigorodó,1724,0.95,urbano_denso,0.6323
0517210000000000061007,Chigorodó,3477,0.8,urbano_denso,0.562
0565910000000000010315,San Juan de Urabá,6502,0.6,urbano_medio,0.4992
0565910000000000010102,San Juan de Urabá,5973,0.6,urbano_medio,0.5077
0565910000000000010620,San Juan de Urabá,3605,0.8,urbano_denso,0.5583
0583720110201800010122,Turbo,6407,0.6,urbano_medio,0.5007
0583720110201800010324,Turbo,4682,0.8,urbano_denso,0.5321
0505110000000000010112,Arboletes,12005,0.6,urbano_medio,0.4377
0583720100700200010114,Turbo,3480,0.8,urbano_denso,0.5619
0583720090700100020308,Turbo,6007,0.6,urbano_medio,0.5071
0583720100700200010515,Turbo,1780,0.95,urbano_denso,0.6291
0583720240400900010104,Turbo,6586,0.6,urbano_medio,0.4979
0504520020300900010127,Apartadó,5663,0.6,urbano_medio,0.5131
0504520010301100010233,Apartadó,1074,0.95,urbano_denso,0.6798
0505110000000000010225,Arboletes,419,0.95,urbano_denso,0.7741
0505110000000000010233,Arboletes,815,0.95,urbano_denso,0.7074
0505110000000000010523,Arboletes,2415,0.8,urbano_denso,0.5985
0505110000000000010547,Arboletes,1990,0.95,urbano_denso,0.618
0505110000000000011013,Arboletes,2516,0.8,urbano_denso,0.5944
0505110000000000011035,Arboletes,924,0.95,urbano_denso,0.6948
0505120020500300010108,Arboletes,10798,0.6,urbano_medio,0.4483
0505120030200900010105,Arboletes,3944,0.8,urbano_denso,0.5493
0514710000000000010228,Carepa,3514,0.8,urbano_denso,0.5609
0514710000000000010231,Carepa,430,0.95,urbano_denso,0.7715
0514710000000000020306,Carepa,2434,0.8,urbano_denso,0.5978
0517220060601500010108,Chigorodó,2342,0.8,urbano_denso,0.6016
0549010000000000010220,Necoclí,6081,0.6,urbano_medio,0.5059
0549010000000000010323,Necoclí,5431,0.6,urbano_medio,0.5173
0549020030300200010113,Necoclí,16638,0.35,urbano_medio,0.405
0549020120300300010132,Necoclí,18790,0.35,urbano_medio,0.3928
0549020050401800010110,Necoclí,23983,0.35,urbano_medio,0.3683
0565920010100100010106,San Juan de Urabá,6750,0.6,urbano_medio,0.4954
0565920010300300010109,San Juan de Urabá,4805,0.8,urbano_denso,0.5295
0565920010300300010128,San Juan de Urabá,1024,0.95,urbano_denso,0.6845
0565920020300400010107,San Juan de Urabá,5462,0.6,urbano_medio,0.5167
0566510000000000010414,San Pedro de Urabá,3554,0.8,urbano_denso,0.5598
0566510000000000010722,San Pedro de Urabá,2094,0.8,urbano_denso,0.6128
0566510000000000010828,San Pedro de Urabá,8203,0.6,urbano_medio,0.4759
0566510000000000010849,San Pedro de Urabá,4650,0.8,urbano_denso,0.5328
0566510000000000020106,San Pedro de Urabá,7600,0.6,urbano_medio,0.4836
0566520020300300010111,San Pedro de Urabá,2545,0.8,urbano_denso,0.5933
0583720090700100010101,Turbo,2456,0.8,urbano_denso,0.5968
0583720100700200020128,Turbo,8998,0.6,urbano_medio,0.4666
0583720070201200010130,Turbo,1323,0.95,urbano_denso,0.6589
0583720020101300010210,Turbo,24207,0.35,urbano_medio,0.3674
0583720090603100010109,Turbo,496,0.95,urbano_denso,0.7571
0583720220103600010102,Turbo,4563,0.8,urbano_denso,0.5347
0514710000000000010107,Carepa,11382,0.6,urbano_medio,0.443
0514710000000000010302,Carepa,3911,0.8,urbano_denso,0.5502
0514720010700700010126,Carepa,1303,0.95,urbano_denso,0.6604
0514710000000000010503,Carepa,3093,0.8,urbano_denso,0.5737
0514710000000000010612,Carepa,2166,0.8,urbano_denso,0.6094
0514710000000000010813,Carepa,1612,0.95,urbano_denso,0.639
0514710000000000030217,Carepa,1274,0.95,urbano_denso,0.6626
0514710000000000030528,Carepa,475,0.95,urbano_denso,0.7614
0514720010700700010117,Carepa,4682,0.8,urbano_denso,0.5321
0517210000000000010705,Chigorodó,493,0.95,urbano_denso,0.7578
0517210000000000020601,Chigorodó,99059,0.15,periurbano,0.226
0517210000000000040114,Chigorodó,3795,0.8,urbano_denso,0.5532
0517210000000000050105,Chigorodó,12294,0.6,urbano_medio,0.4353
0517210000000000050312,Chigorodó,2080,0.8,urbano_denso,0.6135
0517210000000000050412,Chigorodó,1207,0.95,urbano_denso,0.6681
0517210000000000050504,Chigorodó,2371,0.8,urbano_denso,0.6004
0517210000000000060623,Chigorodó,2014,0.8,urbano_denso,0.6167
0517210000000000060625,Chigorodó,2175,0.8,urbano_denso,0.609
0517210000000000060916,Chigorodó,2686,0.8,urbano_denso,0.5879
0517210000000000060921,Chigorodó,2378,0.8,urbano_denso,0.6001
0549020050300500010105,Necoclí,2557,0.8,urbano_denso,0.5928
0565910000000000010143,San Juan de Urabá,5279,0.6,urbano_medio,0.5201
0565910000000000010316,San Juan de Urabá,2136,0.8,urbano_denso,0.6108
0565910000000000010113,San Juan de Urabá,7134,0.6,urbano_medio,0.4899
0566510000000000020110,San Pedro de Urabá,3951,0.8,urbano_denso,0.5492
0583720110201800010107,Turbo,2946,0.8,urbano_denso,0.5786
0583720110201800010333,Turbo,3350,0.8,urbano_denso,0.5657
0505120040101000010120,Arboletes,2104,0.8,urbano_denso,0.6124
0504520020300900010219,Apartadó,54371,0.15,periurbano,0.2862
0504520020300900010318,Apartadó,1585,0.95,urbano_denso,0.6407
0505110000000000010539,Arboletes,4807,0.8,urbano_denso,0.5295
0505110000000000010608,Arboletes,7331,0.6,urbano_medio,0.4872
0505110000000000011027,Arboletes,1738,0.95,urbano_denso,0.6315
0514710000000000010206,Carepa,1975,0.95,urbano_denso,0.6187
0514710000000000010606,Carepa,2657,0.8,urbano_denso,0.589
0517220070300300010114,Chigorodó,1330,0.95,urbano_denso,0.6583
0549020120600100010427,Necoclí,4215,0.8,urbano_denso,0.5427
0549020030300200010208,Necoclí,941,0.95,urbano_denso,0.693
0549020040400900010129,Necoclí,30515,0.35,urbano_medio,0.3441
0565920010300300010121,San Juan de Urabá,1090,0.95,urbano_denso,0.6783
0566510000000000010248,San Pedro de Urabá,16333,0.35,urbano_medio,0.4068
0583720100700200010519,Turbo,3556,0.8,urbano_denso,0.5597
0583720100700200020114,Turbo,12861,0.6,urbano_medio,0.4308
0583720100700200020129,Turbo,75909,0.15,periurbano,0.2527
0583720090600300010202,Turbo,9485,0.6,urbano_medio,0.4613
0583720100400800010107,Turbo,2104,0.8,urbano_denso,0.6124
0583720010203800010110,Turbo,50420,0.15,periurbano,0.2938
0504520020300900010104,Apartadó,1860,0.95,urbano_denso,0.6247
0504520020300900010325,Apartadó,667,0.95,urbano_denso,0.7275
0504520010301100010205,Apartadó,1912,0.95,urbano_denso,0.6219
0505110000000000010221,Arboletes,5382,0.6,urbano_medio,0.5182
0505110000000000010337,Arboletes,219,0.95,urbano_denso,0.8387
0505110000000000011037,Arboletes,956,0.95,urbano_denso,0.6915
0505120060600500010108,Arboletes,10041,0.6,urbano_medio,0.4556
0505120030101100010128,Arboletes,1999,0.95,urbano_denso,0.6175
0514710000000000030238,Carepa,1773,0.95,urbano_denso,0.6295
0549020120301000010111,Necoclí,2244,0.8,urbano_denso,0.6059
0549020120301400010107,Necoclí,5033,0.6,urbano_medio,0.5249
0549010000000000010401,Necoclí,3562,0.8,urbano_denso,0.5596
0549020120600100010309,Necoclí,4928,0.8,urbano_denso,0.527
0549020120100700010107,Necoclí,4194,0.8,urbano_denso,0.5432
0549020090501500010121,Necoclí,2216,0.8,urbano_denso,0.6071
0566510000000000010116,San Pedro de Urabá,4310,0.8,urbano_denso,0.5405
0565920010300300010131,San Juan de Urabá,1701,0.95,urbano_denso,0.6336
0565920020300400010102,San Juan de Urabá,9201,0.6,urbano_medio,0.4644
0565920010100500010110,San Juan de Urabá,4946,0.8,urbano_denso,0.5266
0566510000000000010503,San Pedro de Urabá,4180,0.8,urbano_denso,0.5435
0566510000000000010666,San Pedro de Urabá,1081,0.95,urbano_denso,0.6791
0566510000000000010712,San Pedro de Urabá,2781,0.8,urbano_denso,0.5844
0566510000000000010731,San Pedro de Urabá,11130,0.6,urbano_medio,0.4453
0566510000000000010820,San Pedro de Urabá,2864,0.8,urbano_denso,0.5814
0566510000000000010842,San Pedro de Urabá,5477,0.6,urbano_medio,0.5164
0566510000000000020115,San Pedro de Urabá,1866,0.95,urbano_denso,0.6244
0583720090700100020428,Turbo,1593,0.95,urbano_denso,0.6402
0583720090700100020437,Turbo,4710,0.8,urbano_denso,0.5315
0583720100700200010111,Turbo,19870,0.35,urbano_medio,0.3872
0583720100700200010409,Turbo,1536,0.95,urbano_denso,0.6439
0583720100700200020130,Turbo,1454,0.95,urbano_denso,0.6494
0583720090600300010311,Turbo,9489,0.6,urbano_medio,0.4613
0583720080301000010110,Turbo,3491,0.8,urbano_denso,0.5616
0583720080301000010118,Turbo,11069,0.6,urbano_medio,0.4458
0583720070202000010104,Turbo,4896,0.8,urbano_denso,0.5276
0583720050202800010103,Turbo,6105,0.6,urbano_medio,0.5055
0583720030802900010109,Turbo,5511,0.6,urbano_medio,0.5158
0583720030803200010110,Turbo,2674,0.8,urbano_denso,0.5883
0514710000000000010412,Carepa,3809,0.8,urbano_denso,0.5528
0514710000000000010803,Carepa,3154,0.8,urbano_denso,0.5718
0514710000000000030224,Carepa,1951,0.95,urbano_denso,0.6199
0514710000000000030512,Carepa,2606,0.8,urbano_denso,0.5909
0514710000000000030626,Carepa,882,0.95,urbano_denso,0.6995
0517210000000000010108,Chigorodó,4505,0.8,urbano_denso,0.536
0517210000000000010123,Chigorodó,2400,0.8,urbano_denso,0.5991
0517210000000000010318,Chigorodó,2840,0.8,urbano_denso,0.5823
0517210000000000010403,Chigorodó,1811,0.95,urbano_denso,0.6274
0517210000000000020308,Chigorodó,15183,0.35,urbano_medio,0.4141
0517210000000000020516,Chigorodó,9676,0.6,urbano_medio,0.4593
0517210000000000030102,Chigorodó,2990,0.8,urbano_denso,0.5771
0517210000000000050101,Chigorodó,4076,0.8,urbano_denso,0.546
0517210000000000060736,Chigorodó,2402,0.8,urbano_denso,0.5991
0517210000000000060802,Chigorodó,1489,0.95,urbano_denso,0.647
0517210000000000060922,Chigorodó,1418,0.95,urbano_denso,0.6519
0549020030200400010120,Necoclí,9424,0.6,urbano_medio,0.462
0565910000000000010902,San Juan de Urabá,6293,0.6,urbano_medio,0.5025
0566510000000000030113,San Pedro de Urabá,5514,0.6,urbano_medio,0.5157
0514710000000000020107,Carepa,2205,0.8,urbano_denso,0.6077
0549020120600100010310,Necoclí,1247,0.95,urbano_denso,0.6648
0549020120600600010111,Necoclí,2052,0.8,urbano_denso,0.6149
0565920010200600010106,San Juan de Urabá,4623,0.8,urbano_denso,0.5334
0566520020300300010103,San Pedro de Urabá,7848,0.6,urbano_medio,0.4803
0583720090700100020356,Turbo,1656,0.95,urbano_denso,0.6363
0583720100700200010501,Turbo,4126,0.8,urbano_denso,0.5448
0583720090600300010325,Turbo,31098,0.35,urbano_medio,0.3422
0583720020101300010204,Turbo,5293,0.6,urbano_medio,0.5198
0514710000000000010716,Carepa,1168,0.95,urbano_denso,0.6713
0514710000000000010321,Carepa,2278,0.8,urbano_denso,0.6044
0514710000000000010330,Carepa,1174,0.95,urbano_denso,0.6709
0514710000000000020109,Carepa,5660,0.6,urbano_medio,0.5131
0514710000000000020314,Carepa,5294,0.6,urbano_medio,0.5198
0514710000000000020908,Carepa,818,0.95,urbano_denso,0.707
0514710000000000030510,Carepa,2621,0.8,urbano_denso,0.5903
0517210000000000010207,Chigorodó,5741,0.6,urbano_medio,0.5117
0517210000000000010412,Chigorodó,11744,0.6,urbano_medio,0.4399
0517210000000000020313,Chigorodó,6116,0.6,urbano_medio,0.5053
0517210000000000020437,Chigorodó,1999,0.95,urbano_denso,0.6175
0517210000000000030119,Chigorodó,7916,0.6,urbano_medio,0.4795
0517210000000000050419,Chigorodó,1372,0.95,urbano_denso,0.6552
0517210000000000060204,Chigorodó,2944,0.8,urbano_denso,0.5787
0517210000000000060307,Chigorodó,973,0.95,urbano_denso,0.6897
0517210000000000060422,Chigorodó,1105,0.95,urbano_denso,0.6769
0517210000000000060519,Chigorodó,825,0.95,urbano_denso,0.7062
0517210000000000060626,Chigorodó,2611,0.8,urbano_denso,0.5907
0517210000000000060929,Chigorodó,1732,0.95,urbano_denso,0.6319
0517210000000000061010,Chigorodó,3351,0.8,urbano_denso,0.5657
0565910000000000010302,San Juan de Urabá,6982,0.6,urbano_medio,0.4921
0565910000000000010213,San Juan de Urabá,36760,0.35,urbano_medio,0.3255
0566510000000000010246,San Pedro de Urabá,17566,0.35,urbano_medio,0.3995
0549020090201200010106,Necoclí,3226,0.8,urbano_denso,0.5695
0504520020300300010104,Apartadó,171750,0.15,periurbano,0.1708
0504520020300900010322,Apartadó,484,0.95,urbano_denso,0.7596
0504520010301100010206,Apartadó,1765,0.95,urbano_denso,0.63
0504520010101400010112,Apartadó,2669,0.8,urbano_denso,0.5885
0505110000000000010304,Arboletes,42403,0.35,urbano_medio,0.3111
0505110000000000010307,Arboletes,10089,0.6,urbano_medio,0.4551
0505110000000000010407,Arboletes,7048,0.6,urbano_medio,0.4911
0505110000000000010518,Arboletes,70424,0.15,periurbano,0.2602
0505110000000000010605,Arboletes,4341,0.8,urbano_denso,0.5397
0505110000000000011115,Arboletes,1950,0.95,urbano_denso,0.62
0549020030300200010213,Necoclí,3591,0.8,urbano_denso,0.5587
0514710000000000010602,Carepa,1428,0.95,urbano_denso,0.6512
0514710000000000030608,Carepa,1168,0.95,urbano_denso,0.6713
0549020030300200010216,Necoclí,8172,0.6,urbano_medio,0.4763
0549020030300200010209,Necoclí,441,0.95,urbano_denso,0.7689
0549010000000000010205,Necoclí,19384,0.35,urbano_medio,0.3896
0549010000000000010208,Necoclí,5160,0.6,urbano_medio,0.5224
0549010000000000010309,Necoclí,5858,0.6,urbano_medio,0.5097
0549010000000000010814,Necoclí,1791,0.95,urbano_denso,0.6285
0549020120600100010117,Necoclí,4949,0.8,urbano_denso,0.5266
0549020120600100010316,Necoclí,10508,0.6,urbano_medio,0.4511
0549020050300500010106,Necoclí,1367,0.95,urbano_denso,0.6556
0549020120600600010117,Necoclí,10195,0.6,urbano_medio,0.4541
0565910000000000010205,San Juan de Urabá,7000,0.6,urbano_medio,0.4918
0565910000000000010221,San Juan de Urabá,3059,0.8,urbano_denso,0.5748
0565910000000000010224,San Juan de Urabá,2375,0.8,urbano_denso,0.6002
0565920010100100010122,San Juan de Urabá,6498,0.6,urbano_medio,0.4993
0565920020500200010105,San Juan de Urabá,1432,0.95,urbano_denso,0.6509
0565920010300300010120,San Juan de Urabá,8702,0.6,urbano_medio,0.47
0566510000000000010351,San Pedro de Urabá,109543,0.15,periurbano,0.2159
0583720090700100010226,Turbo,3996,0.8,urbano_denso,0.548
0583720090700100010511,Turbo,1807,0.95,urbano_denso,0.6276
0583720090700100020124,Turbo,962,0.95,urbano_denso,0.6908
0583720090700100020306,Turbo,2600,0.8,urbano_denso,0.5911
0583720100700200020215,Turbo,2934,0.8,urbano_denso,0.579
0583720100700200020515,Turbo,2972,0.8,urbano_denso,0.5777
0583720050200500010112,Turbo,1056,0.95,urbano_denso,0.6815
0583720070201200010105,Turbo,18914,0.35,urbano_medio,0.3921
0583720070201200010126,Turbo,12921,0.6,urbano_medio,0.4303
0583720070201200010127,Turbo,7590,0.6,urbano_medio,0.4837
0583720020101300010113,Turbo,4718,0.8,urbano_denso,0.5314
0583720030802900010114,Turbo,6162,0.6,urbano_medio,0.5046
0583720030803200010112,Turbo,26427,0.35,urbano_medio,0.3586
0583720090503500010102,Turbo,8333,0.6,urbano_medio,0.4743
0583720010204000010101,Turbo,10666,0.6,urbano_medio,0.4496
0504520020300900010204,Apartadó,10826,0.6,urbano_medio,0.4481
0505110000000000010123,Arboletes,1485,0.95,urbano_denso,0.6473
0505110000000000010137,Arboletes,1247,0.95,urbano_denso,0.6648
0505110000000000010543,Arboletes,15489,0.35,urbano_medio,0.4121
0514710000000000020117,Carepa,604,0.95,urbano_denso,0.7374
0514710000000000020307,Carepa,2263,0.8,urbano_denso,0.605
0549010000000000010904,Necoclí,1692,0.95,urbano_denso,0.6342
0549020120600100010417,Necoclí,3579,0.8,urbano_denso,0.5591
0565910000000000010405,San Juan de Urabá,3249,0.8,urbano_denso,0.5688
0566520020300300010101,San Pedro de Urabá,4568,0.8,urbano_denso,0.5346
0583720090700100020215,Turbo,3427,0.8,urbano_denso,0.5634
0583720090700100020229,Turbo,1340,0.95,urbano_denso,0.6576
0583720030700600010110,Turbo,2785,0.8,urbano_denso,0.5842
0583720030802900010107,Turbo,6740,0.6,urbano_medio,0.4956
0504520020500200010108,Apartadó,1397,0.95,urbano_denso,0.6534
0505110000000000010124,Arboletes,952,0.95,urbano_denso,0.6919
0505110000000000010126,Arboletes,2254,0.8,urbano_denso,0.6054
0505110000000000011118,Arboletes,1802,0.95,urbano_denso,0.6279
0505120050401400010112,Arboletes,2184,0.8,urbano_denso,0.6086
0514710000000000020723,Carepa,1374,0.95,urbano_denso,0.6551
0514710000000000030229,Carepa,2059,0.8,urbano_denso,0.6145
0514720010601300010114,Carepa,1495,0.95,urbano_denso,0.6466
0517220070300300010116,Chigorodó,15100,0.35,urbano_medio,0.4147
0549010000000000010233,Necoclí,4083,0.8,urbano_denso,0.5459
0549010000000000010509,Necoclí,7292,0.6,urbano_medio,0.4877
0549010000000000010826,Necoclí,550,0.95,urbano_denso,0.7468
0549020120600100010423,Necoclí,5461,0.6,urbano_medio,0.5167
0549020120300300010121,Necoclí,3567,0.8,urbano_denso,0.5594
0549020050300500010206,Necoclí,1056,0.95,urbano_denso,0.6814
0549020090201200010107,Necoclí,1929,0.95,urbano_denso,0.621
0565910000000000010211,San Juan de Urabá,7701,0.6,urbano_medio,0.4822
0566510000000000010334,San Pedro de Urabá,4666,0.8,urbano_denso,0.5325
0566510000000000010347,San Pedro de Urabá,4109,0.8,urbano_denso,0.5452
0566510000000000010508,San Pedro de Urabá,2828,0.8,urbano_denso,0.5827
0566510000000000010635,San Pedro de Urabá,3531,0.8,urbano_denso,0.5604
0566510000000000010845,San Pedro de Urabá,172278,0.15,periurbano,0.1705
0566510000000000010871,San Pedro de Urabá,79806,0.15,periurbano,0.2477
0566510000000000020118,San Pedro de Urabá,2158,0.8,urbano_denso,0.6098
0566520040200800010115,San Pedro de Urabá,5884,0.6,urbano_medio,0.5092
0583720100700200020315,Turbo,991,0.95,urbano_denso,0.6878
0583720090700100020106,Turbo,2941,0.8,urbano_denso,0.5788
0583720090700100020320,Turbo,780,0.95,urbano_denso,0.7118
0583720090700100020408,Turbo,3784,0.8,urbano_denso,0.5535
0583720090700100020504,Turbo,3648,0.8,urbano_denso,0.5572
0583720090700100020519,Turbo,15233,0.35,urbano_medio,0.4138
0583720100700200020204,Turbo,547,0.95,urbano_denso,0.7474
0583720100700200020412,Turbo,2449,0.8,urbano_denso,0.5971
0583720100700200020519,Turbo,233,0.95,urbano_denso,0.8328
0583720100400800010427,Turbo,2418,0.8,urbano_denso,0.5984
0583720090402400010114,Turbo,2954,0.8,urbano_denso,0.5783
0583720090402400010129,Turbo,8742,0.6,urbano_medio,0.4695
0583720030802900010122,Turbo,451,0.95,urbano_denso,0.7667
0583720030803200010107,Turbo,116904,0.15,periurbano,0.2094
0514710000000000010301,Carepa,5063,0.6,urbano_medio,0.5243
0514710000000000010322,Carepa,2608,0.8,urbano_denso,0.5908
0514710000000000010414,Carepa,860,0.95,urbano_denso,0.702
0514710000000000010416,Carepa,2429,0.8,urbano_denso,0.598
0514710000000000010508,Carepa,3073,0.8,urbano_denso,0.5744
0514710000000000010528,Carepa,1542,0.95,urbano_denso,0.6435
0514710000000000010801,Carepa,2783,0.8,urbano_denso,0.5843
0514710000000000020506,Carepa,27055,0.35,urbano_medio,0.3562
0514710000000000030404,Carepa,2923,0.8,urbano_denso,0.5794
0514720010700700010109,Carepa,2360,0.8,urbano_denso,0.6008
0517210000000000010529,Chigorodó,5150,0.6,urbano_medio,0.5226
0517210000000000020401,Chigorodó,4483,0.8,urbano_denso,0.5365
0517210000000000030108,Chigorodó,1582,0.95,urbano_denso,0.641
0517210000000000030216,Chigorodó,2434,0.8,urbano_denso,0.5977
0517210000000000050119,Chigorodó,2731,0.8,urbano_denso,0.5862
0517210000000000050324,Chigorodó,1634,0.95,urbano_denso,0.6377
0517210000000000050707,Chigorodó,837,0.95,urbano_denso,0.7048
0517210000000000060208,Chigorodó,1686,0.95,urbano_denso,0.6345
0517210000000000060517,Chigorodó,2772,0.8,urbano_denso,0.5847
0517210000000000060608,Chigorodó,2523,0.8,urbano_denso,0.5941
0517210000000000060704,Chigorodó,734,0.95,urbano_denso,0.7179
0517210000000000060808,Chigorodó,2526,0.8,urbano_denso,0.594
0517210000000000060820,Chigorodó,2758,0.8,urbano_denso,0.5852
0517210000000000060914,Chigorodó,2751,0.8,urbano_denso,0.5855
0517210000000000061013,Chigorodó,1911,0.95,urbano_denso,0.622
0549020050300500010204,Necoclí,3211,0.8,urbano_denso,0.57
0565910000000000010603,San Juan de Urabá,5634,0.6,urbano_medio,0.5136
0565910000000000010703,San Juan de Urabá,13551,0.6,urbano_medio,0.4255
0583720110201800010322,Turbo,4891,0.8,urbano_denso,0.5278
0583720090103900010118,Turbo,1405,0.95,urbano_denso,0.6528
0504520030101500010105,Apartadó,3121,0.8,urbano_denso,0.5728
0504520010101400010107,Apartadó,1640,0.95,urbano_denso,0.6373
0505110000000000010202,Arboletes,9916,0.6,urbano_medio,0.4569
0505110000000000010217,Arboletes,3470,0.8,urbano_denso,0.5622
0505110000000000011036,Arboletes,2099,0.8,urbano_denso,0.6126
0505120060400100010108,Arboletes,1767,0.95,urbano_denso,0.6298
0505120060600500010104,Arboletes,4715,0.8,urbano_denso,0.5314
0549010000000000010211,Necoclí,5973,0.6,urbano_medio,0.5077
0549010000000000010501,Necoclí,2183,0.8,urbano_denso,0.6086
0549020120600100010131,Necoclí,5576,0.6,urbano_medio,0.5146
0583720090700100020358,Turbo,2008,0.8,urbano_denso,0.617
0565910000000000010118,San Juan de Urabá,43668,0.35,urbano_medio,0.3082
0565920010100500010101,San Juan de Urabá,13288,0.6,urbano_medio,0.4275
0566510000000000010211,San Pedro de Urabá,3168,0.8,urbano_denso,0.5713
0583720090700100010105,Turbo,2481,0.8,urbano_denso,0.5958
0583720090700100010319,Turbo,2478,0.8,urbano_denso,0.5959
0583720090700100010411,Turbo,4143,0.8,urbano_denso,0.5444
0583720090700100010515,Turbo,2528,0.8,urbano_denso,0.5939
0583720090700100010701,Turbo,3322,0.8,urbano_denso,0.5665
0583720090700100010716,Turbo,34517,0.35,urbano_medio,0.3318
0583720090700100010719,Turbo,19204,0.35,urbano_medio,0.3906
0583720090700100020364,Turbo,559,0.95,urbano_denso,0.7452
0583720090700100020426,Turbo,1402,0.95,urbano_denso,0.6531
0583720100700200020103,Turbo,1147,0.95,urbano_denso,0.6732
0583720070201200010124,Turbo,6596,0.6,urbano_medio,0.4978
0583720090402400010116,Turbo,1491,0.95,urbano_denso,0.6469
0583720090402400010121,Turbo,2918,0.8,urbano_denso,0.5795
0583720050202800010102,Turbo,4620,0.8,urbano_denso,0.5335
0514710000000000020703,Carepa,1815,0.95,urbano_denso,0.6271
0504520020500200010215,Apartadó,958,0.95,urbano_denso,0.6913
0504520020300900010314,Apartadó,1956,0.95,urbano_denso,0.6197
0505110000000000010525,Arboletes,3118,0.8,urbano_denso,0.5729
0505110000000000010804,Arboletes,1053,0.95,urbano_denso,0.6817
0505110000000000011113,Arboletes,1835,0.95,urbano_denso,0.6261
0514710000000000020710,Carepa,1927,0.95,urbano_denso,0.6212
0514720010601300010108,Carepa,1285,0.95,urbano_denso,0.6618
0517220070300300010101,Chigorodó,18473,0.35,urbano_medio,0.3945
0517220070300300010107,Chigorodó,2317,0.8,urbano_denso,0.6027
0549020120600100010411,Necoclí,2151,0.8,urbano_denso,0.6101
0549020030300200010124,Necoclí,2110,0.8,urbano_denso,0.6121
0566510000000000010344,San Pedro de Urabá,20128,0.35,urbano_medio,0.3859
0566510000000000010346,San Pedro de Urabá,4573,0.8,urbano_denso,0.5345
0583720090700100010403,Turbo,1889,0.95,urbano_denso,0.6232
0583720080301000010111,Turbo,5831,0.6,urbano_medio,0.5101
0583720070201200010123,Turbo,9846,0.6,urbano_medio,0.4576
0583720030802900010119,Turbo,655,0.95,urbano_denso,0.7293
0583720030803200010103,Turbo,30713,0.35,urbano_medio,0.3435
0514710000000000020427,Carepa,1195,0.95,urbano_denso,0.6691
0514710000000000030116,Carepa,1172,0.95,urbano_denso,0.671
0514710000000000030430,Carepa,1845,0.95,urbano_denso,0.6255
0514710000000000030619,Carepa,1542,0.95,urbano_denso,0.6435
0514720011001000010141,Carepa,1621,0.95,urbano_denso,0.6385
0517210000000000010201,Chigorodó,2544,0.8,urbano_denso,0.5933
0517210000000000010218,Chigorodó,3695,0.8,urbano_denso,0.5559
0517210000000000010303,Chigorodó,4047,0.8,urbano_denso,0.5468
0517210000000000010603,Chigorodó,5734,0.6,urbano_medio,0.5118
0517210000000000010711,Chigorodó,1886,0.95,urbano_denso,0.6233
0517210000000000020111,Chigorodó,5078,0.6,urbano_medio,0.524
0517210000000000020330,Chigorodó,4024,0.8,urbano_denso,0.5473
0517210000000000020419,Chigorodó,1425,0.95,urbano_denso,0.6514
0517210000000000020515,Chigorodó,9280,0.6,urbano_medio,0.4635
0517210000000000040102,Chigorodó,1841,0.95,urbano_denso,0.6258
0517210000000000060217,Chigorodó,5430,0.6,urbano_medio,0.5173
0517210000000000060713,Chigorodó,2412,0.8,urbano_denso,0.5987
0517210000000000060915,Chigorodó,1245,0.95,urbano_denso,0.665
0517210000000000060933,Chigorodó,1460,0.95,urbano_denso,0.649
0517210000000000061003,Chigorodó,1394,0.95,urbano_denso,0.6537
0549020030200400010114,Necoclí,3022,0.8,urbano_denso,0.5761
0565910000000000010521,San Juan de Urabá,1355,0.95,urbano_denso,0.6564
0566510000000000010860,San Pedro de Urabá,29199,0.35,urbano_medio,0.3485
0566510000000000011005,San Pedro de Urabá,3908,0.8,urbano_denso,0.5503
0583720110201800010110,Turbo,3890,0.8,urbano_denso,0.5507
0583720110201800010121,Turbo,1619,0.95,urbano_denso,0.6386
0583720110201800010207,Turbo,3002,0.8,urbano_denso,0.5767
0583720110201800010214,Turbo,2194,0.8,urbano_denso,0.6082
0504520010301100010215,Apartadó,3760,0.8,urbano_denso,0.5541
0505110000000000010334,Arboletes,226,0.95,urbano_denso,0.8359
0505110000000000010527,Arboletes,3090,0.8,urbano_denso,0.5738
0505120040101000010108,Arboletes,7023,0.6,urbano_medio,0.4915
0514710000000000010214,Carepa,2308,0.8,urbano_denso,0.6031
0566510000000000010862,San Pedro de Urabá,8130,0.6,urbano_medio,0.4768
0583720100700200010418,Turbo,1672,0.95,urbano_denso,0.6354
0583720090600300010218,Turbo,529,0.95,urbano_denso,0.7507
0583720090603100010105,Turbo,454,0.95,urbano_denso,0.7661
0583720050604200010104,Turbo,5076,0.6,urbano_medio,0.524
0566510000000000030108,San Pedro de Urabá,3344,0.8,urbano_denso,0.5659
0566520040200800010112,San Pedro de Urabá,1046,0.95,urbano_denso,0.6824
0583720090700100010313,Turbo,3327,0.8,urbano_denso,0.5664
0504520020500200010115,Apartadó,1773,0.95,urbano_denso,0.6295
0504520020300900010210,Apartadó,4645,0.8,urbano_denso,0.5329
0504520030101500010118,Apartadó,782,0.95,urbano_denso,0.7116
0505110000000000010226,Arboletes,2468,0.8,urbano_denso,0.5963
0505110000000000011039,Arboletes,950,0.95,urbano_denso,0.6921
0505110000000000011116,Arboletes,1791,0.95,urbano_denso,0.6285
0505120040101000010113,Arboletes,5354,0.6,urbano_medio,0.5187
0505120030101100010127,Arboletes,5611,0.6,urbano_medio,0.514
0514710000000000010807,Carepa,3190,0.8,urbano_denso,0.5706
0514710000000000020206,Carepa,943,0.95,urbano_denso,0.6928
0514710000000000030530,Carepa,2005,0.8,urbano_denso,0.6172
0514710000000000030605,Carepa,1824,0.95,urbano_denso,0.6267
0514710000000000030622,Carepa,3370,0.8,urbano_denso,0.5651
0517220060601500010113,Chigorodó,6217,0.6,urbano_medio,0.5037
0549010000000000010806,Necoclí,1703,0.95,urbano_denso,0.6335
0549010000000000010828,Necoclí,757,0.95,urbano_denso,0.7148
0549020120600100010121,Necoclí,3460,0.8,urbano_denso,0.5625
0549020030300200010118,Necoclí,17153,0.35,urbano_medio,0.4019
0549020030300200010205,Necoclí,973,0.95,urbano_denso,0.6897
0549020120300300010127,Necoclí,641,0.95,urbano_denso,0.7314
0549020120600600010115,Necoclí,26286,0.35,urbano_medio,0.3591
0549020120100700010113,Necoclí,630,0.95,urbano_denso,0.7332
0549020090200800010101,Necoclí,5068,0.6,urbano_medio,0.5242
0549020090200800010105,Necoclí,1052,0.95,urbano_denso,0.6818
0549020120301000010109,Necoclí,6973,0.6,urbano_medio,0.4922
0565910000000000010404,San Juan de Urabá,3597,0.8,urbano_denso,0.5586
0565910000000000010517,San Juan de Urabá,2879,0.8,urbano_denso,0.5809
0565920020500200010101,San Juan de Urabá,2512,0.8,urbano_denso,0.5946
0565920010300300010119,San Juan de Urabá,18118,0.35,urbano_medio,0.3964
0566510000000000010124,San Pedro de Urabá,4122,0.8,urbano_denso,0.5449
0566510000000000010743,San Pedro de Urabá,4872,0.8,urbano_denso,0.5282
0583720090700100020203,Turbo,4052,0.8,urbano_denso,0.5466
0583720100700200010110,Turbo,3600,0.8,urbano_denso,0.5585
0583720100700200020502,Turbo,930,0.95,urbano_denso,0.6942
0583720050200500010122,Turbo,7414,0.6,urbano_medio,0.486
0583720090302300010109,Turbo,6793,0.6,urbano_medio,0.4948
0583720090402400010103,Turbo,7242,0.6,urbano_medio,0.4884
0583720030802900010117,Turbo,1283,0.95,urbano_denso,0.662
0583720030803200010106,Turbo,40643,0.35,urbano_medio,0.3154
0583720010203800010101,Turbo,32460,0.35,urbano_medio,0.3379
0514710000000000010327,Carepa,4994,0.8,urbano_denso,0.5257
0514710000000000010333,Carepa,59567,0.15,periurbano,0.277
0514710000000000010401,Carepa,3127,0.8,urbano_denso,0.5726
0514710000000000010618,Carepa,15221,0.35,urbano_medio,0.4139
0514710000000000010730,Carepa,1591,0.95,urbano_denso,0.6404
0514710000000000010821,Carepa,2724,0.8,urbano_denso,0.5865
0514710000000000020520,Carepa,1928,0.95,urbano_denso,0.6211
0514710000000000020613,Carepa,1820,0.95,urbano_denso,0.6269
0514710000000000020803,Carepa,4456,0.8,urbano_denso,0.5371
0514710000000000020907,Carepa,980,0.95,urbano_denso,0.6889
0514710000000000030612,Carepa,1795,0.95,urbano_denso,0.6283
0514720010700700010113,Carepa,2100,0.8,urbano_denso,0.6125
0514720011001000010125,Carepa,982,0.95,urbano_denso,0.6887
0517210000000000010103,Chigorodó,2213,0.8,urbano_denso,0.6073
0517210000000000010106,Chigorodó,4497,0.8,urbano_denso,0.5362
0517210000000000010306,Chigorodó,2470,0.8,urbano_denso,0.5963
0517210000000000020225,Chigorodó,2566,0.8,urbano_denso,0.5924
0517210000000000020231,Chigorodó,1127,0.95,urbano_denso,0.675
0517210000000000020435,Chigorodó,2847,0.8,urbano_denso,0.582
0517210000000000020512,Chigorodó,5760,0.6,urbano_medio,0.5114
0517210000000000050117,Chigorodó,2796,0.8,urbano_denso,0.5838
0517210000000000050302,Chigorodó,4413,0.8,urbano_denso,0.5381
0517210000000000050527,Chigorodó,714,0.95,urbano_denso,0.7207
0517210000000000060316,Chigorodó,985,0.95,urbano_denso,0.6884
0517210000000000060917,Chigorodó,2678,0.8,urbano_denso,0.5882
0549020030200400010115,Necoclí,3209,0.8,urbano_denso,0.57
0565910000000000010901,San Juan de Urabá,14963,0.6,urbano_medio,0.4156
0566510000000000010902,San Pedro de Urabá,48102,0.35,urbano_medio,0.2985
0583720110201800010108,Turbo,4815,0.8,urbano_denso,0.5293
0583720110201800010127,Turbo,3839,0.8,urbano_denso,0.552
0514720010700700010110,Carepa,1004,0.95,urbano_denso,0.6865
0514710000000000010710,Carepa,1935,0.95,urbano_denso,0.6207
0514710000000000030615,Carepa,1802,0.95,urbano_denso,0.6279
0514720010700700010118,Carepa,1468,0.95,urbano_denso,0.6484
0517210000000000010120,Chigorodó,3084,0.8,urbano_denso,0.574
0517210000000000010502,Chigorodó,3621,0.8,urbano_denso,0.5579
0517210000000000020104,Chigorodó,4378,0.8,urbano_denso,0.5389
0517210000000000020511,Chigorodó,2306,0.8,urbano_denso,0.6031
0517210000000000030101,Chigorodó,21256,0.35,urbano_medio,0.3804
0517210000000000050603,Chigorodó,855,0.95,urbano_denso,0.7026
0517210000000000050709,Chigorodó,5914,0.6,urbano_medio,0.5087
0517210000000000060102,Chigorodó,2499,0.8,urbano_denso,0.5951
0517210000000000060218,Chigorodó,2591,0.8,urbano_denso,0.5915
0517210000000000060301,Chigorodó,2891,0.8,urbano_denso,0.5805
0517210000000000060421,Chigorodó,1237,0.95,urbano_denso,0.6656
0517210000000000060910,Chigorodó,2360,0.8,urbano_denso,0.6008
0549020030200400010118,Necoclí,4192,0.8,urbano_denso,0.5432
0514710000000000010111,Carepa,1888,0.95,urbano_denso,0.6232
0517210000000000010102,Chigorodó,1415,0.95,urbano_denso,0.6521
0517210000000000050411,Chigorodó,1498,0.95,urbano_denso,0.6464
0517210000000000060906,Chigorodó,3387,0.8,urbano_denso,0.5646
0565910000000000010131,San Juan de Urabá,1020,0.95,urbano_denso,0.6849
0504520020300900010202,Apartadó,2755,0.8,urbano_denso,0.5853
0504520030101500010102,Apartadó,1205,0.95,urbano_denso,0.6683
0505110000000000011033,Arboletes,1371,0.95,urbano_denso,0.6553
0514710000000000020601,Carepa,1397,0.95,urbano_denso,0.6534
0514710000000000020715,Carepa,1800,0.95,urbano_denso,0.628
0514710000000000030225,Carepa,610,0.95,urbano_denso,0.7365
0549020120300300010106,Necoclí,3357,0.8,urbano_denso,0.5655
0549010000000000010916,Necoclí,1541,0.95,urbano_denso,0.6436
0549020120600100010120,Necoclí,2040,0.8,urbano_denso,0.6155
0549020030300200010122,Necoclí,9058,0.6,urbano_medio,0.466
0549020120101100010102,Necoclí,2614,0.8,urbano_denso,0.5906
0565920010100500010116,San Juan de Urabá,5593,0.6,urbano_medio,0.5143
0565920010100500010125,San Juan de Urabá,2774,0.8,urbano_denso,0.5846
0566510000000000010563,San Pedro de Urabá,14382,0.6,urbano_medio,0.4196
0583720090700100010301,Turbo,1633,0.95,urbano_denso,0.6378
0583720090700100010503,Turbo,3654,0.8,urbano_denso,0.557
0583720090700100020313,Turbo,3673,0.8,urbano_denso,0.5565
0583720090700100020346,Turbo,1903,0.95,urbano_denso,0.6224
0583720090700100020514,Turbo,3489,0.8,urbano_denso,0.5616
0583720090600300010104,Turbo,1929,0.95,urbano_denso,0.6211
0583720100400800010415,Turbo,4250,0.8,urbano_denso,0.5419
0583720050604200010107,Turbo,3925,0.8,urbano_denso,0.5498
0505110000000000010335,Arboletes,221,0.95,urbano_denso,0.8381
0504520020300300010102,Apartadó,26953,0.35,urbano_medio,0.3566
0505120030101100010104,Arboletes,6267,0.6,urbano_medio,0.5029
0514710000000000020316,Carepa,892,0.95,urbano_denso,0.6984
0514710000000000020726,Carepa,1136,0.95,urbano_denso,0.6741
0549020030300200010201,Necoclí,414,0.95,urbano_denso,0.7753
0549020120300300010120,Necoclí,12239,0.6,urbano_medio,0.4358
0549010000000000010505,Necoclí,13420,0.6,urbano_medio,0.4265
0549020120600100010229,Necoclí,2955,0.8,urbano_denso,0.5783
0549020120300300010123,Necoclí,19088,0.35,urbano_medio,0.3912
0549020090200800010108,Necoclí,1746,0.95,urbano_denso,0.6311
0549020120301000010107,Necoclí,3477,0.8,urbano_denso,0.562
0549020120801600010109,Necoclí,4983,0.8,urbano_denso,0.5259
0565910000000000010610,San Juan de Urabá,3451,0.8,urbano_denso,0.5627
0565920020500200010104,San Juan de Urabá,7613,0.6,urbano_medio,0.4834
0565920010100500010121,San Juan de Urabá,1325,0.95,urbano_denso,0.6587
0566510000000000010423,San Pedro de Urabá,4472,0.8,urbano_denso,0.5367
0566510000000000010562,San Pedro de Urabá,2732,0.8,urbano_denso,0.5862
0566510000000000010636,San Pedro de Urabá,9214,0.6,urbano_medio,0.4642
0566520020300300010112,San Pedro de Urabá,3266,0.8,urbano_denso,0.5682
0566520010100400010111,San Pedro de Urabá,7280,0.6,urbano_medio,0.4879
0583720090700100010127,Turbo,2440,0.8,urbano_denso,0.5975
0583720020101300010106,Turbo,3865,0.8,urbano_denso,0.5514
0583720020101300010121,Turbo,4626,0.8,urbano_denso,0.5334
0583720090302300010107,Turbo,32812,0.35,urbano_medio,0.3368
0583720030802900010116,Turbo,1829,0.95,urbano_denso,0.6264
0583720090103900010107,Turbo,7119,0.6,urbano_medio,0.4901
0514710000000000010112,Carepa,3821,0.8,urbano_denso,0.5525
0514710000000000030122,Carepa,790,0.95,urbano_denso,0.7105
0514710000000000030123,Carepa,794,0.95,urbano_denso,0.71
0514710000000000030204,Carepa,608,0.95,urbano_denso,0.7368
0514710000000000030227,Carepa,2042,0.8,urbano_denso,0.6153
0517210000000000010313,Chigorodó,2772,0.8,urbano_denso,0.5847
0517210000000000010707,Chigorodó,2046,0.8,urbano_denso,0.6152
0517210000000000020107,Chigorodó,4379,0.8,urbano_denso,0.5388
0517210000000000020303,Chigorodó,2647,0.8,urbano_denso,0.5893
0517210000000000020304,Chigorodó,2581,0.8,urbano_denso,0.5919
0517210000000000060502,Chigorodó,2821,0.8,urbano_denso,0.5829
0517210000000000060725,Chigorodó,2190,0.8,urbano_denso,0.6083
0517210000000000060737,Chigorodó,1307,0.95,urbano_denso,0.6601
0517210000000000060912,Chigorodó,1357,0.95,urbano_denso,0.6563
0549020050300500010109,Necoclí,1949,0.95,urbano_denso,0.62
0565910000000000010227,San Juan de Urabá,27005,0.35,urbano_medio,0.3564
0565910000000000010515,San Juan de Urabá,4415,0.8,urbano_denso,0.538
0566510000000000011004,San Pedro de Urabá,20018,0.35,urbano_medio,0.3864
0583720110201800010116,Turbo,4500,0.8,urbano_denso,0.5361
0504520020500200010308,Apartadó,3541,0.8,urbano_denso,0.5602
0504520010301100010116,Apartadó,480,0.95,urbano_denso,0.7605
0504520010301100010228,Apartadó,2250,0.8,urbano_denso,0.6056
0504520010101400010116,Apartadó,8485,0.6,urbano_medio,0.4725
0505110000000000010208,Arboletes,1393,0.95,urbano_denso,0.6537
0505110000000000010339,Arboletes,222,0.95,urbano_denso,0.8375
0505110000000000010524,Arboletes,2595,0.8,urbano_denso,0.5913
0505110000000000010528,Arboletes,6156,0.6,urbano_medio,0.5047
0505110000000000010541,Arboletes,2604,0.8,urbano_denso,0.591
0505110000000000011019,Arboletes,3117,0.8,urbano_denso,0.573
0505120030101100010114,Arboletes,8272,0.6,urbano_medio,0.4751
0505120030101100010118,Arboletes,9854,0.6,urbano_medio,0.4575
0505120050401400010107,Arboletes,2522,0.8,urbano_denso,0.5942
0505120050401400010109,Arboletes,2180,0.8,urbano_denso,0.6088
0549020030300200010131,Necoclí,5651,0.6,urbano_medio,0.5133
0514710000000000010224,Carepa,640,0.95,urbano_denso,0.7316
0514710000000000010608,Carepa,2364,0.8,urbano_denso,0.6007
0514710000000000020615,Carepa,1796,0.95,urbano_denso,0.6282
0514710000000000030239,Carepa,1171,0.95,urbano_denso,0.6711
0517220070300300010110,Chigorodó,2609,0.8,urbano_denso,0.5908
0517220060601500010105,Chigorodó,3095,0.8,urbano_denso,0.5737
0549020120300300010122,Necoclí,1452,0.95,urbano_denso,0.6495
0549020120600100010311,Necoclí,10868,0.6,urbano_medio,0.4477
0549010000000000010311,Necoclí,6063,0.6,urbano_medio,0.5062
0549010000000000010315,Necoclí,5992,0.6,urbano_medio,0.5074
0549010000000000010321,Necoclí,5416,0.6,urbano_medio,0.5175
0549010000000000010329,Necoclí,4527,0.8,urbano_denso,0.5355
0549010000000000010719,Necoclí,2348,0.8,urbano_denso,0.6013
0549010000000000010815,Necoclí,2167,0.8,urbano_denso,0.6094
0549010000000000010821,Necoclí,2324,0.8,urbano_denso,0.6024
0549020120600100010115,Necoclí,5042,0.6,urbano_medio,0.5247
0549020120600100010130,Necoclí,3412,0.8,urbano_denso,0.5639
0549020120300300010130,Necoclí,7335,0.6,urbano_medio,0.4871
0549020120600600010104,Necoclí,2794,0.8,urbano_denso,0.5839
0549020120100700010109,Necoclí,5283,0.6,urbano_medio,0.52
0549020120801600010102,Necoclí,15461,0.35,urbano_medio,0.4123
0565910000000000010225,San Juan de Urabá,1780,0.95,urbano_denso,0.6291
0566510000000000010219,San Pedro de Urabá,2146,0.8,urbano_denso,0.6104
0566510000000000010740,San Pedro de Urabá,2493,0.8,urbano_denso,0.5954
0566510000000000010904,San Pedro de Urabá,4778,0.8,urbano_denso,0.5301
0566510000000000020101,San Pedro de Urabá,3217,0.8,urbano_denso,0.5698
0583720090700100020208,Turbo,3646,0.8,urbano_denso,0.5572
0583720090700100020223,Turbo,3249,0.8,urbano_denso,0.5688
0583720090600300010209,Turbo,503,0.95,urbano_denso,0.7557
0583720090600300010211,Turbo,4963,0.8,urbano_denso,0.5263
0583720090600300010219,Turbo,1158,0.95,urbano_denso,0.6722
0583720090600300010338,Turbo,12454,0.6,urbano_medio,0.434
0583720090302300010105,Turbo,4384,0.8,urbano_denso,0.5387
0583720090103900010102,Turbo,7999,0.6,urbano_medio,0.4784
0504520010301100010103,Apartadó,16026,0.35,urbano_medio,0.4087
0504520030101500010121,Apartadó,1751,0.95,urbano_denso,0.6308
0583720100700200010302,Turbo,3222,0.8,urbano_denso,0.5696
0549010000000000010128,Necoclí,3761,0.8,urbano_denso,0.5541
0549010000000000010222,Necoclí,6303,0.6,urbano_medio,0.5023
0549020090501500010107,Necoclí,3031,0.8,urbano_denso,0.5758
0583720090700100010308,Turbo,3956,0.8,urbano_denso,0.549
0583720240400900010103,Turbo,217,0.95,urbano_denso,0.84
0514710000000000010219,Carepa,9866,0.6,urbano_medio,0.4574
0514710000000000010815,Carepa,2551,0.8,urbano_denso,0.593
0514710000000000020217,Carepa,2431,0.8,urbano_denso,0.5979
0514710000000000020411,Carepa,1777,0.95,urbano_denso,0.6293
0514710000000000030102,Carepa,1321,0.95,urbano_denso,0.659
0514710000000000030111,Carepa,1031,0.95,urbano_denso,0.6838
0514710000000000030230,Carepa,1353,0.95,urbano_denso,0.6566
0514710000000000030403,Carepa,1660,0.95,urbano_denso,0.6361
0514710000000000030514,Carepa,13489,0.6,urbano_medio,0.426
0514710000000000030524,Carepa,2626,0.8,urbano_denso,0.5901
0514720010700700010101,Carepa,2466,0.8,urbano_denso,0.5964
0517210000000000010128,Chigorodó,1451,0.95,urbano_denso,0.6496
0517210000000000020309,Chigorodó,4352,0.8,urbano_denso,0.5395
0517210000000000020434,Chigorodó,7754,0.6,urbano_medio,0.4815
0517210000000000050127,Chigorodó,4119,0.8,urbano_denso,0.545
0517210000000000050313,Chigorodó,4076,0.8,urbano_denso,0.546
0517210000000000050318,Chigorodó,1789,0.95,urbano_denso,0.6286
0517210000000000060428,Chigorodó,366,0.95,urbano_denso,0.7875
0517210000000000060429,Chigorodó,687,0.95,urbano_denso,0.7245
0517210000000000060624,Chigorodó,2561,0.8,urbano_denso,0.5926
0517210000000000061004,Chigorodó,2526,0.8,urbano_denso,0.594
0565910000000000010314,San Juan de Urabá,7378,0.6,urbano_medio,0.4865
0565910000000000010716,San Juan de Urabá,2140,0.8,urbano_denso,0.6106
0565910000000000010719,San Juan de Urabá,1584,0.95,urbano_denso,0.6408
0566510000000000010558,San Pedro de Urabá,36230,0.35,urbano_medio,0.3269
0566510000000000030104,San Pedro de Urabá,2283,0.8,urbano_denso,0.6041
0583720110201800010130,Turbo,3609,0.8,urbano_denso,0.5583
0514710000000000030643,Carepa,1483,0.95,urbano_denso,0.6474
0504520030101500010113,Apartadó,3212,0.8,urbano_denso,0.5699
0504520010101600010109,Apartadó,3516,0.8,urbano_denso,0.5609
0505120030200900010117,Arboletes,6870,0.6,urbano_medio,0.4937
0514710000000000030631,Carepa,379,0.95,urbano_denso,0.7841
0549010000000000010712,Necoclí,906,0.95,urbano_denso,0.6968
0549020120300300010117,Necoclí,4914,0.8,urbano_denso,0.5273
0549020120301400010104,Necoclí,834,0.95,urbano_denso,0.7051
0566510000000000010215,San Pedro de Urabá,4818,0.8,urbano_denso,0.5293
0566510000000000010507,San Pedro de Urabá,8387,0.6,urbano_medio,0.4737
0566510000000000010632,San Pedro de Urabá,3841,0.8,urbano_denso,0.552
0583720090700100010306,Turbo,3530,0.8,urbano_denso,0.5605
0583720090700100020213,Turbo,3687,0.8,urbano_denso,0.5561
0583720100700200020504,Turbo,1005,0.95,urbano_denso,0.6864
0583720100400800010418,Turbo,3110,0.8,urbano_denso,0.5732
0583720070201200010102,Turbo,11550,0.6,urbano_medio,0.4416
0504520020300900010222,Apartadó,17229,0.35,urbano_medio,0.4015
0514710000000000010117,Carepa,739,0.95,urbano_denso,0.7172
0514710000000000010202,Carepa,3835,0.8,urbano_denso,0.5522
0514710000000000020702,Carepa,1807,0.95,urbano_denso,0.6276
0549010000000000010132,Necoclí,2991,0.8,urbano_denso,0.5771
0549010000000000010512,Necoclí,2170,0.8,urbano_denso,0.6093
0549020120600100010205,Necoclí,5028,0.6,urbano_medio,0.525
0549020120600100010404,Necoclí,4740,0.8,urbano_denso,0.5309
0549020120300300010108,Necoclí,7378,0.6,urbano_medio,0.4865
0549020120100700010108,Necoclí,7635,0.6,urbano_medio,0.4831
0549020090200800010114,Necoclí,2132,0.8,urbano_denso,0.611
0583720050200500010110,Turbo,6443,0.6,urbano_medio,0.5001
0566510000000000010412,San Pedro de Urabá,3512,0.8,urbano_denso,0.561
0566510000000000010418,San Pedro de Urabá,3276,0.8,urbano_denso,0.568
0566510000000000010501,San Pedro de Urabá,5839,0.6,urbano_medio,0.51
0566510000000000011002,San Pedro de Urabá,3915,0.8,urbano_denso,0.5501
0583720090700100010404,Turbo,1267,0.95,urbano_denso,0.6632
0583720090700100010516,Turbo,2755,0.8,urbano_denso,0.5853
0583720090700100020341,Turbo,1873,0.95,urbano_denso,0.624
0583720100700200020112,Turbo,1190,0.95,urbano_denso,0.6694
0583720090600300010335,Turbo,3292,0.8,urbano_denso,0.5675
0583720090600300010348,Turbo,8432,0.6,urbano_medio,0.4731
0583720030700600010106,Turbo,806,0.95,urbano_denso,0.7085
0583720100400800010307,Turbo,1037,0.95,urbano_denso,0.6832
0583720080301000010102,Turbo,15964,0.35,urbano_medio,0.4091
0583720070201200010103,Turbo,6631,0.6,urbano_medio,0.4972
0583720070202000010102,Turbo,23079,0.35,urbano_medio,0.3721
0583720090302500010103,Turbo,29255,0.35,urbano_medio,0.3484
0583720090602600010120,Turbo,2261,0.8,urbano_denso,0.6051
0583720010203800010106,Turbo,86888,0.15,periurbano,0.2392
0514710000000000020911,Carepa,1561,0.95,urbano_denso,0.6423
0514710000000000010334,Carepa,4552,0.8,urbano_denso,0.535
0514710000000000010502,Carepa,5200,0.6,urbano_medio,0.5216
0514710000000000020916,Carepa,6309,0.6,urbano_medio,0.5022
0514710000000000030114,Carepa,6641,0.6,urbano_medio,0.4971
0514710000000000030518,Carepa,1735,0.95,urbano_denso,0.6317
0517210000000000010703,Chigorodó,490,0.95,urbano_denso,0.7585
0517210000000000010704,Chigorodó,745,0.95,urbano_denso,0.7164
0517210000000000060311,Chigorodó,2892,0.8,urbano_denso,0.5804
0517210000000000061017,Chigorodó,3462,0.8,urbano_denso,0.5624
0549020050300500010203,Necoclí,2176,0.8,urbano_denso,0.609
0565910000000000010124,San Juan de Urabá,1859,0.95,urbano_denso,0.6248
0565910000000000010125,San Juan de Urabá,1222,0.95,urbano_denso,0.6668
0565910000000000010803,San Juan de Urabá,1157,0.95,urbano_denso,0.6723
0566510000000000010425,San Pedro de Urabá,93925,0.15,periurbano,0.2314
0566510000000000010566,San Pedro de Urabá,40575,0.35,urbano_medio,0.3155
0583720110201800010106,Turbo,4653,0.8,urbano_denso,0.5328
0583720110201800010115,Turbo,4206,0.8,urbano_denso,0.5429
0583720110201800010305,Turbo,4046,0.8,urbano_denso,0.5468
0517220060601500010110,Chigorodó,2648,0.8,urbano_denso,0.5893
0504520020500200010302,Apartadó,2994,0.8,urbano_denso,0.577
0504520030101500010116,Apartadó,1562,0.95,urbano_denso,0.6422
0505110000000000010111,Arboletes,2224,0.8,urbano_denso,0.6068
0505110000000000010115,Arboletes,1543,0.95,urbano_denso,0.6434
0505110000000000010806,Arboletes,1369,0.95,urbano_denso,0.6554
0505110000000000010807,Arboletes,1523,0.95,urbano_denso,0.6448
0505110000000000011006,Arboletes,3330,0.8,urbano_denso,0.5663
0505110000000000011125,Arboletes,5472,0.6,urbano_medio,0.5165
0505120030101100010112,Arboletes,7055,0.6,urbano_medio,0.491
0517220070300300010108,Chigorodó,3315,0.8,urbano_denso,0.5668
0514710000000000020102,Carepa,2194,0.8,urbano_denso,0.6082
0514710000000000020108,Carepa,1795,0.95,urbano_denso,0.6283
0514710000000000020405,Carepa,2390,0.8,urbano_denso,0.5996
0549020120600100010208,Necoclí,4575,0.8,urbano_denso,0.5345
0549020030300200010104,Necoclí,15639,0.35,urbano_medio,0.4112
0549020050401800010102,Necoclí,1217,0.95,urbano_denso,0.6673
0566510000000000010117,San Pedro de Urabá,4203,0.8,urbano_denso,0.543
0566510000000000010218,San Pedro de Urabá,3202,0.8,urbano_denso,0.5702
0566510000000000010848,San Pedro de Urabá,2264,0.8,urbano_denso,0.605
0583720090700100010212,Turbo,2612,0.8,urbano_denso,0.5907
0583720090700100010604,Turbo,3986,0.8,urbano_denso,0.5483
0583720090700100020321,Turbo,1384,0.95,urbano_denso,0.6543
0583720090600300010108,Turbo,1601,0.95,urbano_denso,0.6397
0583720090600300010308,Turbo,2411,0.8,urbano_denso,0.5987
0583720080301000010123,Turbo,3270,0.8,urbano_denso,0.5681
0583720050603700010104,Turbo,5230,0.6,urbano_medio,0.521
0504520020500200010210,Apartadó,1712,0.95,urbano_denso,0.633
0505120030101100010109,Arboletes,4014,0.8,urbano_denso,0.5476
0517220060601500010111,Chigorodó,2895,0.8,urbano_denso,0.5803
0549010000000000010611,Necoclí,31796,0.35,urbano_medio,0.34
0549010000000000010801,Necoclí,1310,0.95,urbano_denso,0.6599
0549020050300500010107,Necoclí,3359,0.8,urbano_denso,0.5655
0549020120600600010108,Necoclí,3647,0.8,urbano_denso,0.5572
0549020040400900010125,Necoclí,5074,0.6,urbano_medio,0.5241
0566510000000000010729,San Pedro de Urabá,2942,0.8,urbano_denso,0.5787
0566510000000000010851,San Pedro de Urabá,2365,0.8,urbano_denso,0.6006
0565920010100500010117,San Juan de Urabá,1941,0.95,urbano_denso,0.6204
0566510000000000011015,San Pedro de Urabá,17237,0.35,urbano_medio,0.4014
0583720090700100010138,Turbo,1513,0.95,urbano_denso,0.6454
0583720090700100020525,Turbo,832,0.95,urbano_denso,0.7054
0583720090700100020527,Turbo,3839,0.8,urbano_denso,0.5521
0583720100700200010408,Turbo,1937,0.95,urbano_denso,0.6206
0583720100700200020207,Turbo,304,0.95,urbano_denso,0.8061
0583720100700200020307,Turbo,1114,0.95,urbano_denso,0.6761
0583720090600300010212,Turbo,2064,0.8,urbano_denso,0.6142
0583720100400800010422,Turbo,7130,0.6,urbano_medio,0.49
0583720230401400010101,Turbo,9113,0.6,urbano_medio,0.4653
0583720030802900010115,Turbo,558,0.95,urbano_denso,0.7454
0504510000000000030115,Apartadó,3498,0.8,urbano_denso,0.5614
0583710000000000050125,Turbo,1708,0.95,urbano_denso,0.6333
0583710000000000010237,Turbo,136,0.95,urbano_denso,0.8861
0504510000000000030206,Apartadó,5099,0.6,urbano_medio,0.5236
0504510000000000020403,Apartadó,4750,0.8,urbano_denso,0.5307
0504510000000000100605,Apartadó,9332,0.6,urbano_medio,0.463
0504510000000000080515,Apartadó,38369,0.35,urbano_medio,0.3212
0583710000000000010141,Turbo,4232,0.8,urbano_denso,0.5423
0504510000000000060201,Apartadó,3036,0.8,urbano_denso,0.5756
0583710000000000030727,Turbo,2040,0.8,urbano_denso,0.6154
0504510000000000080208,Apartadó,3377,0.8,urbano_denso,0.5649
0504510000000000030516,Apartadó,2506,0.8,urbano_denso,0.5948
0504510000000000050109,Apartadó,1378,0.95,urbano_denso,0.6548
0504510000000000010701,Apartadó,5007,0.6,urbano_medio,0.5254
0583710000000000010411,Turbo,3860,0.8,urbano_denso,0.5515
0583710000000000040172,Turbo,2076,0.8,urbano_denso,0.6137
0583720090104100010301,Turbo,3493,0.8,urbano_denso,0.5615
0583710000000000030708,Turbo,2183,0.8,urbano_denso,0.6086
0504510000000000020315,Apartadó,6034,0.6,urbano_medio,0.5067
0504510000000000060217,Apartadó,2024,0.8,urbano_denso,0.6163
0504510000000000100405,Apartadó,2224,0.8,urbano_denso,0.6068
0504510000000000100615,Apartadó,10574,0.6,urbano_medio,0.4504
0583710000000000010203,Turbo,2241,0.8,urbano_denso,0.606
0504510000000000010112,Apartadó,8277,0.6,urbano_medio,0.475
0504510000000000090511,Apartadó,2316,0.8,urbano_denso,0.6027
0504510000000000010717,Apartadó,19569,0.35,urbano_medio,0.3887
0504510000000000090202,Apartadó,1902,0.95,urbano_denso,0.6225
0504510000000000090123,Apartadó,11563,0.6,urbano_medio,0.4415
0583710000000000050103,Turbo,8509,0.6,urbano_medio,0.4722
0504510000000000060309,Apartadó,3107,0.8,urbano_denso,0.5733
0583710000000000020808,Turbo,6109,0.6,urbano_medio,0.5055
0583710000000000050512,Turbo,959,0.95,urbano_denso,0.6911
0583710000000000040409,Turbo,2414,0.8,urbano_denso,0.5986
0504510000000000060628,Apartadó,952,0.95,urbano_denso,0.6918
0504510000000000020405,Apartadó,4947,0.8,urbano_denso,0.5266
0583710000000000040206,Turbo,2213,0.8,urbano_denso,0.6073
0583710000000000040308,Turbo,4276,0.8,urbano_denso,0.5412
0504510000000000040626,Apartadó,1588,0.95,urbano_denso,0.6406
0504510000000000080509,Apartadó,1428,0.95,urbano_denso,0.6512
0504510000000000020304,Apartadó,7235,0.6,urbano_medio,0.4885
0504510000000000050211,Apartadó,1687,0.95,urbano_denso,0.6345
0504510000000000060205,Apartadó,2117,0.8,urbano_denso,0.6117
0514720011200300010107,Carepa,1688,0.95,urbano_denso,0.6344
0514720011200300010115,Carepa,1425,0.95,urbano_denso,0.6514
0514720010800600010110,Carepa,887,0.95,urbano_denso,0.6989
0514720011500900010101,Carepa,813,0.95,urbano_denso,0.7077
0514720011500900010103,Carepa,7863,0.6,urbano_medio,0.4801
0514720010501100010110,Carepa,264,0.95,urbano_denso,0.8202
0514720010601400010101,Carepa,855,0.95,urbano_denso,0.7026
0514720010601400010105,Carepa,2022,0.8,urbano_denso,0.6163
0517220100601300010103,Chigorodó,23666,0.35,urbano_medio,0.3696
0504520020301700010103,Apartadó,3947,0.8,urbano_denso,0.5493
0583720050403300010102,Turbo,14682,0.6,urbano_medio,0.4175
0505120040101900010102,Arboletes,9440,0.6,urbano_medio,0.4618
0505120020301700010105,Arboletes,13359,0.6,urbano_medio,0.427
0505120040101900010105,Arboletes,24433,0.35,urbano_medio,0.3664
0565920020600700010101,San Juan de Urabá,5524,0.6,urbano_medio,0.5156
0583720200100700010104,Turbo,8078,0.6,urbano_medio,0.4774
0565920010400800010106,San Juan de Urabá,19005,0.35,urbano_medio,0.3916
0504510000000000030411,Apartadó,4168,0.8,urbano_denso,0.5438
0504510000000000070102,Apartadó,2142,0.8,urbano_denso,0.6106
0504510000000000070412,Apartadó,1890,0.95,urbano_denso,0.6231
0504510000000000050501,Apartadó,1173,0.95,urbano_denso,0.6709
0504510000000000100305,Apartadó,1261,0.95,urbano_denso,0.6637
0583710000000000010103,Turbo,2053,0.8,urbano_denso,0.6148
0504510000000000090107,Apartadó,946,0.95,urbano_denso,0.6925
0504510000000000090114,Apartadó,1719,0.95,urbano_denso,0.6326
0504510000000000050105,Apartadó,2468,0.8,urbano_denso,0.5963
0583710000000000050302,Turbo,4338,0.8,urbano_denso,0.5398
0583720090104100010112,Turbo,8268,0.6,urbano_medio,0.4751
0504510000000000010313,Apartadó,11744,0.6,urbano_medio,0.4399
0583710000000000020115,Turbo,2851,0.8,urbano_denso,0.5819
0504510000000000020118,Apartadó,4066,0.8,urbano_denso,0.5463
0504510000000000100223,Apartadó,3879,0.8,urbano_denso,0.551
0504510000000000100106,Apartadó,1742,0.95,urbano_denso,0.6313
0504510000000000040133,Apartadó,1327,0.95,urbano_denso,0.6586
0504510000000000080419,Apartadó,2480,0.8,urbano_denso,0.5959
0504520010201000010113,Apartadó,27466,0.35,urbano_medio,0.3547
0504510000000000080416,Apartadó,3744,0.8,urbano_denso,0.5545
0504510000000000040403,Apartadó,1760,0.95,urbano_denso,0.6303
0583710000000000040412,Turbo,2231,0.8,urbano_denso,0.6065
0583710000000000040104,Turbo,7202,0.6,urbano_medio,0.4889
0583710000000000050521,Turbo,621,0.95,urbano_denso,0.7347
0504510000000000070221,Apartadó,1715,0.95,urbano_denso,0.6329
0583710000000000040737,Turbo,4993,0.8,urbano_denso,0.5257
0583710000000000050111,Turbo,2001,0.8,urbano_denso,0.6174
0504510000000000100226,Apartadó,2631,0.8,urbano_denso,0.5899
0583710000000000040408,Turbo,3706,0.8,urbano_denso,0.5556
0583710000000000050506,Turbo,3614,0.8,urbano_denso,0.5581
0583710000000000050129,Turbo,2031,0.8,urbano_denso,0.6159
0504510000000000070439,Apartadó,523,0.95,urbano_denso,0.7518
0504510000000000100113,Apartadó,1085,0.95,urbano_denso,0.6788
0504510000000000080122,Apartadó,2377,0.8,urbano_denso,0.6001
0583710000000000030321,Turbo,504,0.95,urbano_denso,0.7556
0504510000000000070708,Apartadó,1165,0.95,urbano_denso,0.6716
0583710000000000040141,Turbo,2645,0.8,urbano_denso,0.5894
0504510000000000010406,Apartadó,3101,0.8,urbano_denso,0.5734
0504510000000000080503,Apartadó,2669,0.8,urbano_denso,0.5885
0504510000000000040624,Apartadó,2287,0.8,urbano_denso,0.604
0583710000000000040538,Turbo,5989,0.6,urbano_medio,0.5075
0504510000000000100327,Apartadó,2319,0.8,urbano_denso,0.6026
0504510000000000080102,Apartadó,2869,0.8,urbano_denso,0.5813
0583710000000000020123,Turbo,1050,0.95,urbano_denso,0.6821
0583710000000000010441,Turbo,432,0.95,urbano_denso,0.7709
0583710000000000050118,Turbo,1951,0.95,urbano_denso,0.6199
0504510000000000050417,Apartadó,729,0.95,urbano_denso,0.7186
0504510000000000010223,Apartadó,4543,0.8,urbano_denso,0.5352
0504510000000000090311,Apartadó,3777,0.8,urbano_denso,0.5537
0504510000000000070736,Apartadó,15879,0.35,urbano_medio,0.4097
0583710000000000010231,Turbo,660,0.95,urbano_denso,0.7286
0583710000000000020805,Turbo,3484,0.8,urbano_denso,0.5618
0583710000000000040550,Turbo,4805,0.8,urbano_denso,0.5295
0504510000000000080103,Apartadó,2644,0.8,urbano_denso,0.5894
0583710000000000020710,Turbo,2892,0.8,urbano_denso,0.5805
0504510000000000020207,Apartadó,7430,0.6,urbano_medio,0.4858
0504510000000000090503,Apartadó,893,0.95,urbano_denso,0.6983
0504510000000000050309,Apartadó,2702,0.8,urbano_denso,0.5873
0504510000000000090507,Apartadó,946,0.95,urbano_denso,0.6924
0583710000000000030107,Turbo,1292,0.95,urbano_denso,0.6612
0504510000000000060303,Apartadó,2030,0.8,urbano_denso,0.6159
0504510000000000090313,Apartadó,1697,0.95,urbano_denso,0.6339
0583710000000000040161,Turbo,4611,0.8,urbano_denso,0.5337
0583710000000000010516,Turbo,2134,0.8,urbano_denso,0.6109
0504510000000000100502,Apartadó,5693,0.6,urbano_medio,0.5125
0504510000000000060323,Apartadó,1811,0.95,urbano_denso,0.6274
0504510000000000030107,Apartadó,8197,0.6,urbano_medio,0.476
0583710000000000030725,Turbo,829,0.95,urbano_denso,0.7057
0504510000000000080508,Apartadó,1622,0.95,urbano_denso,0.6384
0583710000000000010610,Turbo,21257,0.35,urbano_medio,0.3804
0504510000000000040401,Apartadó,393,0.95,urbano_denso,0.7805
0583710000000000010213,Turbo,6196,0.6,urbano_medio,0.504
0583710000000000020508,Turbo,3287,0.8,urbano_denso,0.5676
0504510000000000070416,Apartadó,3082,0.8,urbano_denso,0.5741
0504510000000000010601,Apartadó,2637,0.8,urbano_denso,0.5897
0583710000000000010608,Turbo,215493,0.05,rural,0.1481
0504510000000000050326,Apartadó,1564,0.95,urbano_denso,0.6421
0583710000000000040507,Turbo,7058,0.6,urbano_medio,0.491
0504510000000000070516,Apartadó,2226,0.8,urbano_denso,0.6067
0504510000000000070501,Apartadó,10076,0.6,urbano_medio,0.4553
0504510000000000010105,Apartadó,5959,0.6,urbano_medio,0.5079
0504510000000000100206,Apartadó,2891,0.8,urbano_denso,0.5805
0504510000000000100125,Apartadó,2078,0.8,urbano_denso,0.6136
0583710000000000030728,Turbo,819,0.95,urbano_denso,0.7069
0504510000000000050209,Apartadó,2114,0.8,urbano_denso,0.6119
0504510000000000040136,Apartadó,1143,0.95,urbano_denso,0.6735
0583710000000000020315,Turbo,3953,0.8,urbano_denso,0.5491
0504510000000000040724,Apartadó,1892,0.95,urbano_denso,0.623
0504510000000000100211,Apartadó,2509,0.8,urbano_denso,0.5947
0583710000000000020137,Turbo,2023,0.8,urbano_denso,0.6163
0504510000000000090112,Apartadó,2112,0.8,urbano_denso,0.612
0583710000000000020611,Turbo,1547,0.95,urbano_denso,0.6432
0583710000000000040201,Turbo,10218,0.6,urbano_medio,0.4539
0583710000000000030604,Turbo,4529,0.8,urbano_denso,0.5355
0504510000000000040217,Apartadó,1735,0.95,urbano_denso,0.6317
0583710000000000020906,Turbo,1783,0.95,urbano_denso,0.6289
0504510000000000070216,Apartadó,2104,0.8,urbano_denso,0.6123
0504510000000000070309,Apartadó,1999,0.95,urbano_denso,0.6175
0505120050401400010105,Arboletes,3454,0.8,urbano_denso,0.5627
0504510000000000080619,Apartadó,11253,0.6,urbano_medio,0.4442
0583710000000000030444,Turbo,8688,0.6,urbano_medio,0.4701
0583710000000000040621,Turbo,689054,0.05,rural,0.0315
0583710000000000050101,Turbo,2427,0.8,urbano_denso,0.598
0504510000000000010520,Apartadó,3276,0.8,urbano_denso,0.568
0583710000000000050305,Turbo,743,0.95,urbano_denso,0.7167
0504510000000000050114,Apartadó,3377,0.8,urbano_denso,0.5649
0583710000000000030440,Turbo,11294,0.6,urbano_medio,0.4438
0504510000000000070403,Apartadó,1737,0.95,urbano_denso,0.6316
0583720090104100010119,Turbo,3706,0.8,urbano_denso,0.5556
0583710000000000040126,Turbo,3403,0.8,urbano_denso,0.5641
0583710000000000010131,Turbo,1864,0.95,urbano_denso,0.6245
0504510000000000020559,Apartadó,9479,0.6,urbano_medio,0.4614
0583710000000000020707,Turbo,2116,0.8,urbano_denso,0.6118
0583710000000000050106,Turbo,1022,0.95,urbano_denso,0.6847
0504510000000000060801,Apartadó,2213,0.8,urbano_denso,0.6073
0583710000000000040730,Turbo,7370,0.6,urbano_medio,0.4866
0504510000000000100225,Apartadó,2989,0.8,urbano_denso,0.5772
0504510000000000070701,Apartadó,1320,0.95,urbano_denso,0.6591
0583710000000000030510,Turbo,908,0.95,urbano_denso,0.6966
0504510000000000060120,Apartadó,2017,0.8,urbano_denso,0.6166
0504510000000000030203,Apartadó,4734,0.8,urbano_denso,0.531
0583710000000000030729,Turbo,3602,0.8,urbano_denso,0.5584
0583710000000000030512,Turbo,1068,0.95,urbano_denso,0.6803
0504510000000000010403,Apartadó,3821,0.8,urbano_denso,0.5525
0504510000000000020219,Apartadó,1697,0.95,urbano_denso,0.6339
0504510000000000020420,Apartadó,3132,0.8,urbano_denso,0.5725
0504510000000000010103,Apartadó,14939,0.6,urbano_medio,0.4158
0583710000000000010138,Turbo,1789,0.95,urbano_denso,0.6286
0504510000000000050204,Apartadó,2898,0.8,urbano_denso,0.5802
0583710000000000010205,Turbo,2432,0.8,urbano_denso,0.5978
0583710000000000030712,Turbo,1765,0.95,urbano_denso,0.6299
0504510000000000090208,Apartadó,2452,0.8,urbano_denso,0.597
0504510000000000020610,Apartadó,2062,0.8,urbano_denso,0.6144
0583710000000000030732,Turbo,3225,0.8,urbano_denso,0.5695
0504520030201800010101,Apartadó,8304,0.6,urbano_medio,0.4747
0504510000000000010511,Apartadó,11860,0.6,urbano_medio,0.4389
0504510000000000100233,Apartadó,1867,0.95,urbano_denso,0.6243
0583710000000000010142,Turbo,2447,0.8,urbano_denso,0.5972
0583710000000000010113,Turbo,2472,0.8,urbano_denso,0.5962
0583710000000000010143,Turbo,2557,0.8,urbano_denso,0.5928
0504510000000000050106,Apartadó,1331,0.95,urbano_denso,0.6582
0583710000000000010301,Turbo,7364,0.6,urbano_medio,0.4867
0583710000000000020705,Turbo,2100,0.8,urbano_denso,0.6126
0583710000000000010238,Turbo,125,0.95,urbano_denso,0.8952
0504510000000000010720,Apartadó,14134,0.6,urbano_medio,0.4213
0583710000000000010428,Turbo,3257,0.8,urbano_denso,0.5685
0583710000000000010224,Turbo,5025,0.6,urbano_medio,0.5251
0504510000000000060106,Apartadó,2309,0.8,urbano_denso,0.603
0504510000000000070125,Apartadó,1040,0.95,urbano_denso,0.683
0504510000000000080414,Apartadó,774,0.95,urbano_denso,0.7126
0504510000000000070320,Apartadó,2296,0.8,urbano_denso,0.6036
0583710000000000020326,Turbo,2513,0.8,urbano_denso,0.5945
0583710000000000030311,Turbo,5138,0.6,urbano_medio,0.5228
0504510000000000090116,Apartadó,1989,0.95,urbano_denso,0.618
0504510000000000100340,Apartadó,19692,0.35,urbano_medio,0.3881
0504510000000000070220,Apartadó,2257,0.8,urbano_denso,0.6053
0583710000000000020308,Turbo,5031,0.6,urbano_medio,0.5249
0504510000000000020108,Apartadó,1728,0.95,urbano_denso,0.6321
0583710000000000040148,Turbo,3406,0.8,urbano_denso,0.5641
0504510000000000070737,Apartadó,5606,0.6,urbano_medio,0.5141
0583710000000000050401,Turbo,10062,0.6,urbano_medio,0.4554
0583710000000000040142,Turbo,4234,0.8,urbano_denso,0.5422
0504510000000000090510,Apartadó,2806,0.8,urbano_denso,0.5835
0583710000000000030318,Turbo,1101,0.95,urbano_denso,0.6772
0504510000000000060101,Apartadó,2167,0.8,urbano_denso,0.6094
0583710000000000020901,Turbo,5983,0.6,urbano_medio,0.5075
0583710000000000030422,Turbo,9362,0.6,urbano_medio,0.4626
0583710000000000020309,Turbo,6183,0.6,urbano_medio,0.5042
0504510000000000050308,Apartadó,3094,0.8,urbano_denso,0.5737
0504510000000000070422,Apartadó,1755,0.95,urbano_denso,0.6306
0504510000000000090332,Apartadó,450,0.95,urbano_denso,0.7668
0583710000000000040144,Turbo,7382,0.6,urbano_medio,0.4865
0583710000000000030229,Turbo,4096,0.8,urbano_denso,0.5455
0583710000000000040132,Turbo,9392,0.6,urbano_medio,0.4623
0583710000000000050409,Turbo,1249,0.95,urbano_denso,0.6646
0504510000000000040410,Apartadó,5220,0.6,urbano_medio,0.5212
0583710000000000010509,Turbo,1332,0.95,urbano_denso,0.6581
0504510000000000100219,Apartadó,838,0.95,urbano_denso,0.7046
0504510000000000070302,Apartadó,1934,0.95,urbano_denso,0.6208
0504510000000000060634,Apartadó,1929,0.95,urbano_denso,0.6211
0514720011200300010116,Carepa,12918,0.6,urbano_medio,0.4303
0514720010400400010105,Carepa,3280,0.8,urbano_denso,0.5678
0514720010400400010121,Carepa,4433,0.8,urbano_denso,0.5376
0514720010400500010114,Carepa,1883,0.95,urbano_denso,0.6235
0514720010800600010103,Carepa,1121,0.95,urbano_denso,0.6755
0514720010800600010116,Carepa,13557,0.6,urbano_medio,0.4255
0514720010400800010103,Carepa,407,0.95,urbano_denso,0.777
0514720010400800010107,Carepa,1808,0.95,urbano_denso,0.6275
0514720010400800010113,Carepa,14406,0.6,urbano_medio,0.4194
0514720010801200010106,Carepa,1139,0.95,urbano_denso,0.6739
0514720010601400010115,Carepa,1047,0.95,urbano_denso,0.6823
0504520020301700010106,Apartadó,2112,0.8,urbano_denso,0.612
0505120020301700010103,Arboletes,3497,0.8,urbano_denso,0.5614
0566520040701400010105,San Pedro de Urabá,9174,0.6,urbano_medio,0.4647
0504520020301700010101,Apartadó,12027,0.6,urbano_medio,0.4375
0566520040701400010108,San Pedro de Urabá,6433,0.6,urbano_medio,0.5003
0504510000000000050115,Apartadó,679,0.95,urbano_denso,0.7257
0504510000000000040504,Apartadó,2977,0.8,urbano_denso,0.5775
0583710000000000010504,Turbo,1876,0.95,urbano_denso,0.6238
0504510000000000010327,Apartadó,9744,0.6,urbano_medio,0.4586
0583710000000000010707,Turbo,1044,0.95,urbano_denso,0.6826
0504510000000000020423,Apartadó,367,0.95,urbano_denso,0.7874
0504510000000000040709,Apartadó,2593,0.8,urbano_denso,0.5914
0504510000000000050222,Apartadó,1858,0.95,urbano_denso,0.6248
0504510000000000100339,Apartadó,4391,0.8,urbano_denso,0.5386
0504510000000000100229,Apartadó,2675,0.8,urbano_denso,0.5883
0583710000000000050410,Turbo,825,0.95,urbano_denso,0.7062
0504510000000000080221,Apartadó,2721,0.8,urbano_denso,0.5866
0583710000000000020325,Turbo,11740,0.6,urbano_medio,0.4399
0504510000000000070611,Apartadó,2215,0.8,urbano_denso,0.6072
0504510000000000060423,Apartadó,2596,0.8,urbano_denso,0.5913
0583710000000000040214,Turbo,5981,0.6,urbano_medio,0.5076
0504510000000000070711,Apartadó,570,0.95,urbano_denso,0.7431
0583710000000000050517,Turbo,2204,0.8,urbano_denso,0.6077
0583710000000000050128,Turbo,1894,0.95,urbano_denso,0.6229
0583710000000000040118,Turbo,3911,0.8,urbano_denso,0.5502
0504510000000000070440,Apartadó,1650,0.95,urbano_denso,0.6367
0583710000000000050304,Turbo,804,0.95,urbano_denso,0.7087
0504510000000000030307,Apartadó,2894,0.8,urbano_denso,0.5804
0583710000000000030816,Turbo,601,0.95,urbano_denso,0.738
0504510000000000070126,Apartadó,676,0.95,urbano_denso,0.7261
0583710000000000010210,Turbo,3188,0.8,urbano_denso,0.5707
0583710000000000030730,Turbo,1836,0.95,urbano_denso,0.626
0583710000000000050225,Turbo,2258,0.8,urbano_denso,0.6053
0504510000000000060412,Apartadó,1595,0.95,urbano_denso,0.6401
0583720090104100010102,Turbo,2882,0.8,urbano_denso,0.5808
0504510000000000080511,Apartadó,2396,0.8,urbano_denso,0.5993
0504510000000000020541,Apartadó,3934,0.8,urbano_denso,0.5496
0583710000000000010731,Turbo,2755,0.8,urbano_denso,0.5853
0583710000000000030807,Turbo,210,0.95,urbano_denso,0.8432
0583710000000000020811,Turbo,33600,0.35,urbano_medio,0.3345
0583710000000000030410,Turbo,2536,0.8,urbano_denso,0.5936
0504510000000000100610,Apartadó,813,0.95,urbano_denso,0.7077
0504510000000000030409,Apartadó,3994,0.8,urbano_denso,0.5481
0583710000000000040146,Turbo,4827,0.8,urbano_denso,0.5291
0504510000000000090502,Apartadó,14701,0.6,urbano_medio,0.4174
0504510000000000030405,Apartadó,2930,0.8,urbano_denso,0.5791
0504510000000000020615,Apartadó,2359,0.8,urbano_denso,0.6009
0504510000000000100205,Apartadó,2333,0.8,urbano_denso,0.602
0504510000000000030509,Apartadó,3178,0.8,urbano_denso,0.571
0504510000000000050402,Apartadó,2015,0.8,urbano_denso,0.6167
0504510000000000020544,Apartadó,6976,0.6,urbano_medio,0.4922
0504510000000000020213,Apartadó,6570,0.6,urbano_medio,0.4982
0504510000000000070116,Apartadó,1830,0.95,urbano_denso,0.6264
0583710000000000030811,Turbo,2537,0.8,urbano_denso,0.5936
0583710000000000040708,Turbo,3894,0.8,urbano_denso,0.5506
0504510000000000090504,Apartadó,2224,0.8,urbano_denso,0.6068
0504510000000000020206,Apartadó,786,0.95,urbano_denso,0.7111
0583710000000000050133,Turbo,2602,0.8,urbano_denso,0.5911
0583710000000000040732,Turbo,7891,0.6,urbano_medio,0.4798
0504510000000000070607,Apartadó,2265,0.8,urbano_denso,0.605
0504510000000000060611,Apartadó,3064,0.8,urbano_denso,0.5747
0583710000000000020318,Turbo,2977,0.8,urbano_denso,0.5775
0504510000000000020620,Apartadó,1908,0.95,urbano_denso,0.6221
0504510000000000090209,Apartadó,1483,0.95,urbano_denso,0.6474
0583710000000000030324,Turbo,3896,0.8,urbano_denso,0.5506
0583710000000000030724,Turbo,4082,0.8,urbano_denso,0.5459
0504510000000000080614,Apartadó,1151,0.95,urbano_denso,0.6728
0504510000000000040414,Apartadó,3752,0.8,urbano_denso,0.5543
0504510000000000040611,Apartadó,2649,0.8,urbano_denso,0.5893
0583710000000000020207,Turbo,2313,0.8,urbano_denso,0.6028
0504510000000000080214,Apartadó,1655,0.95,urbano_denso,0.6364
0504510000000000060511,Apartadó,2027,0.8,urbano_denso,0.6161
0504510000000000090111,Apartadó,1815,0.95,urbano_denso,0.6271
0504510000000000100133,Apartadó,2443,0.8,urbano_denso,0.5974
0583710000000000050507,Turbo,2657,0.8,urbano_denso,0.5889
0504510000000000040705,Apartadó,3731,0.8,urbano_denso,0.5549
0504510000000000090214,Apartadó,1611,0.95,urbano_denso,0.6391
0583710000000000040165,Turbo,18445,0.35,urbano_medio,0.3946
0504510000000000080613,Apartadó,973,0.95,urbano_denso,0.6897
0504510000000000020408,Apartadó,3622,0.8,urbano_denso,0.5579
0504510000000000040616,Apartadó,2519,0.8,urbano_denso,0.5943
0583710000000000030432,Turbo,5593,0.6,urbano_medio,0.5143
0504510000000000070733,Apartadó,9368,0.6,urbano_medio,0.4626
0583710000000000030518,Turbo,1539,0.95,urbano_denso,0.6437
0504510000000000070114,Apartadó,2032,0.8,urbano_denso,0.6159
0504510000000000070111,Apartadó,1838,0.95,urbano_denso,0.6259
0504510000000000030305,Apartadó,3533,0.8,urbano_denso,0.5604
0583710000000000020507,Turbo,2820,0.8,urbano_denso,0.583
0583710000000000010613,Turbo,3570,0.8,urbano_denso,0.5593
0583710000000000010438,Turbo,650,0.95,urbano_denso,0.73
0504510000000000020553,Apartadó,2444,0.8,urbano_denso,0.5973
0504510000000000080628,Apartadó,2485,0.8,urbano_denso,0.5957
0583710000000000020306,Turbo,5298,0.6,urbano_medio,0.5197
0504520030201800010112,Apartadó,17280,0.35,urbano_medio,0.4012
0583710000000000010118,Turbo,2167,0.8,urbano_denso,0.6094
0583710000000000010135,Turbo,1377,0.95,urbano_denso,0.6549
0514720010400400010111,Carepa,1481,0.95,urbano_denso,0.6475
0514720010400400010113,Carepa,390,0.95,urbano_denso,0.7811
0514720010400500010109,Carepa,958,0.95,urbano_denso,0.6912
0514720010400500010130,Carepa,2962,0.8,urbano_denso,0.5781
0514720010800600010112,Carepa,2830,0.8,urbano_denso,0.5826
0514720010501100010103,Carepa,1575,0.95,urbano_denso,0.6414
0583720200100700010102,Turbo,7819,0.6,urbano_medio,0.4807
0583710000000000030721,Turbo,2000,0.8,urbano_denso,0.6174
0583710000000000030205,Turbo,2832,0.8,urbano_denso,0.5825
0583710000000000040719,Turbo,5169,0.6,urbano_medio,0.5222
0583710000000000030819,Turbo,1006,0.95,urbano_denso,0.6863
0504510000000000040119,Apartadó,2184,0.8,urbano_denso,0.6086
0583710000000000050115,Turbo,10504,0.6,urbano_medio,0.4511
0583710000000000040128,Turbo,6715,0.6,urbano_medio,0.496
0583710000000000040728,Turbo,3475,0.8,urbano_denso,0.562
0504520010201000010112,Apartadó,8058,0.6,urbano_medio,0.4777
0583710000000000030320,Turbo,1236,0.95,urbano_denso,0.6657
0504510000000000050504,Apartadó,920,0.95,urbano_denso,0.6953
0504510000000000060804,Apartadó,963,0.95,urbano_denso,0.6907
0504510000000000020523,Apartadó,2205,0.8,urbano_denso,0.6077
0504510000000000060518,Apartadó,2054,0.8,urbano_denso,0.6148
0504510000000000020602,Apartadó,3071,0.8,urbano_denso,0.5744
0583710000000000030429,Turbo,9588,0.6,urbano_medio,0.4602
0504510000000000040505,Apartadó,3038,0.8,urbano_denso,0.5755
0504520030201800010106,Apartadó,1472,0.95,urbano_denso,0.6482
0504510000000000100507,Apartadó,5557,0.6,urbano_medio,0.515
0583710000000000040117,Turbo,4887,0.8,urbano_denso,0.5279
0504510000000000010626,Apartadó,18994,0.35,urbano_medio,0.3917
0504510000000000060209,Apartadó,3756,0.8,urbano_denso,0.5542
0504520010201000010105,Apartadó,12431,0.6,urbano_medio,0.4342
0504510000000000090303,Apartadó,2593,0.8,urbano_denso,0.5914
0504510000000000030601,Apartadó,2081,0.8,urbano_denso,0.6134
0504510000000000060119,Apartadó,2178,0.8,urbano_denso,0.6089
0583710000000000040529,Turbo,13350,0.6,urbano_medio,0.427
0504510000000000080607,Apartadó,872,0.95,urbano_denso,0.7006
0504510000000000030215,Apartadó,5742,0.6,urbano_medio,0.5117
0504510000000000090301,Apartadó,2508,0.8,urbano_denso,0.5947
0583710000000000050503,Turbo,1041,0.95,urbano_denso,0.6828
0583710000000000010208,Turbo,3925,0.8,urbano_denso,0.5498
0504510000000000010319,Apartadó,5737,0.6,urbano_medio,0.5118
0583710000000000010107,Turbo,2524,0.8,urbano_denso,0.5941
0583710000000000050211,Turbo,2891,0.8,urbano_denso,0.5805
0583710000000000050108,Turbo,11638,0.6,urbano_medio,0.4408
0504510000000000050506,Apartadó,1015,0.95,urbano_denso,0.6854
0504510000000000040131,Apartadó,1479,0.95,urbano_denso,0.6477
0504510000000000010622,Apartadó,9683,0.6,urbano_medio,0.4593
0504510000000000030607,Apartadó,1958,0.95,urbano_denso,0.6196
0504510000000000070213,Apartadó,2145,0.8,urbano_denso,0.6104
0583710000000000030606,Turbo,4200,0.8,urbano_denso,0.543
0504510000000000050321,Apartadó,2379,0.8,urbano_denso,0.6
0583710000000000030503,Turbo,1125,0.95,urbano_denso,0.6751
0504520010201000010102,Apartadó,10457,0.6,urbano_medio,0.4516
0504510000000000050408,Apartadó,2480,0.8,urbano_denso,0.5959
0583710000000000020118,Turbo,2948,0.8,urbano_denso,0.5785
0504510000000000080108,Apartadó,2753,0.8,urbano_denso,0.5854
0504510000000000020102,Apartadó,5282,0.6,urbano_medio,0.52
0583710000000000030528,Turbo,3697,0.8,urbano_denso,0.5558
0583710000000000020411,Turbo,2891,0.8,urbano_denso,0.5805
0583710000000000010111,Turbo,2197,0.8,urbano_denso,0.608
0504510000000000090325,Apartadó,1711,0.95,urbano_denso,0.6331
0504510000000000010308,Apartadó,4655,0.8,urbano_denso,0.5327
0504510000000000070526,Apartadó,2087,0.8,urbano_denso,0.6131
0504510000000000090110,Apartadó,2448,0.8,urbano_denso,0.5972
0504510000000000010706,Apartadó,3774,0.8,urbano_denso,0.5537
0583710000000000010236,Turbo,755,0.95,urbano_denso,0.7151
0583710000000000010619,Turbo,2687,0.8,urbano_denso,0.5878
0504510000000000080223,Apartadó,3606,0.8,urbano_denso,0.5583
0583710000000000030635,Turbo,3376,0.8,urbano_denso,0.5649
0504510000000000020409,Apartadó,4190,0.8,urbano_denso,0.5433
0504510000000000030618,Apartadó,1389,0.95,urbano_denso,0.654
0504510000000000100239,Apartadó,1811,0.95,urbano_denso,0.6274
0504510000000000030222,Apartadó,6446,0.6,urbano_medio,0.5001
0583710000000000010112,Turbo,2516,0.8,urbano_denso,0.5944
0583710000000000050109,Turbo,2578,0.8,urbano_denso,0.592
0504510000000000010326,Apartadó,1031,0.95,urbano_denso,0.6839
0583710000000000050509,Turbo,729,0.95,urbano_denso,0.7186
0583710000000000020709,Turbo,2748,0.8,urbano_denso,0.5856
0583710000000000040701,Turbo,5232,0.6,urbano_medio,0.521
0583710000000000010115,Turbo,1599,0.95,urbano_denso,0.6399
0583710000000000050212,Turbo,2462,0.8,urbano_denso,0.5966
0504510000000000010423,Apartadó,1262,0.95,urbano_denso,0.6636
0583710000000000010413,Turbo,3025,0.8,urbano_denso,0.5759
0504510000000000030605,Apartadó,2040,0.8,urbano_denso,0.6154
0504510000000000050515,Apartadó,1207,0.95,urbano_denso,0.668
0583710000000000030723,Turbo,3200,0.8,urbano_denso,0.5703
0504510000000000010217,Apartadó,9108,0.6,urbano_medio,0.4654
0504510000000000040520,Apartadó,2611,0.8,urbano_denso,0.5907
0504510000000000030321,Apartadó,9625,0.6,urbano_medio,0.4599
0504510000000000090322,Apartadó,1825,0.95,urbano_denso,0.6266
0504510000000000070714,Apartadó,1215,0.95,urbano_denso,0.6674
0583710000000000030737,Turbo,1004,0.95,urbano_denso,0.6865
0504510000000000030318,Apartadó,6052,0.6,urbano_medio,0.5064
0504510000000000070609,Apartadó,2366,0.8,urbano_denso,0.6006
0583710000000000020804,Turbo,3289,0.8,urbano_denso,0.5675
0583710000000000020109,Turbo,7988,0.6,urbano_medio,0.4786
0504510000000000040116,Apartadó,1726,0.95,urbano_denso,0.6322
0583710000000000010624,Turbo,19088,0.35,urbano_medio,0.3912
0583710000000000050208,Turbo,2164,0.8,urbano_denso,0.6095
0504510000000000080513,Apartadó,980,0.95,urbano_denso,0.689
0504510000000000050409,Apartadó,1314,0.95,urbano_denso,0.6596
0583710000000000040303,Turbo,358,0.95,urbano_denso,0.7898
0504510000000000010506,Apartadó,11016,0.6,urbano_medio,0.4463
0504510000000000010314,Apartadó,2191,0.8,urbano_denso,0.6083
0504510000000000100121,Apartadó,1863,0.95,urbano_denso,0.6246
0583710000000000050408,Turbo,1359,0.95,urbano_denso,0.6562
0583710000000000010307,Turbo,4662,0.8,urbano_denso,0.5326
0583710000000000010727,Turbo,2849,0.8,urbano_denso,0.582
0504510000000000050212,Apartadó,1957,0.95,urbano_denso,0.6196
0504510000000000020418,Apartadó,4106,0.8,urbano_denso,0.5453
0583710000000000020711,Turbo,2983,0.8,urbano_denso,0.5773
0504510000000000040629,Apartadó,8496,0.6,urbano_medio,0.4724
0504510000000000010402,Apartadó,3391,0.8,urbano_denso,0.5645
0504510000000000060115,Apartadó,3218,0.8,urbano_denso,0.5697
0583710000000000030620,Turbo,3071,0.8,urbano_denso,0.5744
0504510000000000020217,Apartadó,5224,0.6,urbano_medio,0.5211
0504510000000000080123,Apartadó,8585,0.6,urbano_medio,0.4713
0504510000000000030326,Apartadó,1336,0.95,urbano_denso,0.6579
0504510000000000030419,Apartadó,8766,0.6,urbano_medio,0.4692
0583710000000000030221,Turbo,16587,0.35,urbano_medio,0.4053
0504510000000000040409,Apartadó,7497,0.6,urbano_medio,0.4849
0583710000000000040202,Turbo,10097,0.6,urbano_medio,0.4551
0504510000000000060617,Apartadó,4529,0.8,urbano_denso,0.5355
0583710000000000020312,Turbo,2987,0.8,urbano_denso,0.5772
0583710000000000030419,Turbo,3963,0.8,urbano_denso,0.5489
0583710000000000030619,Turbo,3361,0.8,urbano_denso,0.5654
0504510000000000100216,Apartadó,2700,0.8,urbano_denso,0.5874
0583710000000000030418,Turbo,2871,0.8,urbano_denso,0.5812
0583710000000000020607,Turbo,2059,0.8,urbano_denso,0.6145
0583710000000000030630,Turbo,4803,0.8,urbano_denso,0.5296
0583710000000000030403,Turbo,4589,0.8,urbano_denso,0.5341
0504510000000000010135,Apartadó,1190,0.95,urbano_denso,0.6695
0504510000000000020547,Apartadó,71250,0.15,periurbano,0.2591
0504510000000000050413,Apartadó,2497,0.8,urbano_denso,0.5952
0504510000000000080307,Apartadó,477,0.95,urbano_denso,0.7611
0504510000000000090213,Apartadó,856,0.95,urbano_denso,0.7025
0504510000000000020306,Apartadó,6763,0.6,urbano_medio,0.4953
0504510000000000020546,Apartadó,2231,0.8,urbano_denso,0.6065
0583710000000000020510,Turbo,7290,0.6,urbano_medio,0.4877
0504510000000000060624,Apartadó,879,0.95,urbano_denso,0.6999
0583710000000000040127,Turbo,21012,0.35,urbano_medio,0.3816
0504510000000000050410,Apartadó,1367,0.95,urbano_denso,0.6556
0504510000000000050320,Apartadó,1656,0.95,urbano_denso,0.6363
0583710000000000050222,Turbo,2753,0.8,urbano_denso,0.5854
0583710000000000030524,Turbo,837,0.95,urbano_denso,0.7048
0504510000000000030532,Apartadó,2722,0.8,urbano_denso,0.5865
0583710000000000030442,Turbo,294,0.95,urbano_denso,0.8094
0583710000000000030307,Turbo,9635,0.6,urbano_medio,0.4598
0504510000000000100320,Apartadó,1041,0.95,urbano_denso,0.6829
0504510000000000020309,Apartadó,3079,0.8,urbano_denso,0.5742
0504510000000000040215,Apartadó,3109,0.8,urbano_denso,0.5732
0504510000000000090210,Apartadó,828,0.95,urbano_denso,0.7059
0504510000000000080206,Apartadó,1574,0.95,urbano_denso,0.6415
0583710000000000030423,Turbo,2480,0.8,urbano_denso,0.5959
0583710000000000040157,Turbo,4826,0.8,urbano_denso,0.5291
0504510000000000030314,Apartadó,3492,0.8,urbano_denso,0.5615
0504510000000000100221,Apartadó,537,0.95,urbano_denso,0.7491
0504510000000000050215,Apartadó,903,0.95,urbano_denso,0.6971
0583710000000000050134,Turbo,413,0.95,urbano_denso,0.7755
0504510000000000020531,Apartadó,2326,0.8,urbano_denso,0.6023
0583710000000000030438,Turbo,5485,0.6,urbano_medio,0.5163
0504510000000000070404,Apartadó,1968,0.95,urbano_denso,0.6191
0504510000000000050519,Apartadó,8742,0.6,urbano_medio,0.4695
0583710000000000010436,Turbo,257,0.95,urbano_denso,0.8231
0504510000000000100316,Apartadó,1356,0.95,urbano_denso,0.6564
0583710000000000040731,Turbo,6364,0.6,urbano_medio,0.5014
0583710000000000040520,Turbo,4418,0.8,urbano_denso,0.5379
0504510000000000040209,Apartadó,2768,0.8,urbano_denso,0.5849
0583720090104100010303,Turbo,5720,0.6,urbano_medio,0.5121
0504510000000000030408,Apartadó,4050,0.8,urbano_denso,0.5467
0504510000000000060514,Apartadó,3556,0.8,urbano_denso,0.5597
0504510000000000020107,Apartadó,2217,0.8,urbano_denso,0.6071
0504510000000000090206,Apartadó,2324,0.8,urbano_denso,0.6024
0504510000000000090409,Apartadó,1484,0.95,urbano_denso,0.6474
0504510000000000070734,Apartadó,1449,0.95,urbano_denso,0.6497
0504510000000000060114,Apartadó,2269,0.8,urbano_denso,0.6048
0504510000000000020411,Apartadó,1029,0.95,urbano_denso,0.684
0583710000000000010447,Turbo,647,0.95,urbano_denso,0.7306
0583710000000000020316,Turbo,11501,0.6,urbano_medio,0.442
0504510000000000100409,Apartadó,4403,0.8,urbano_denso,0.5383
0583710000000000010728,Turbo,3117,0.8,urbano_denso,0.5729
0504510000000000040628,Apartadó,2486,0.8,urbano_denso,0.5956
0504510000000000050304,Apartadó,1761,0.95,urbano_denso,0.6302
0583710000000000040143,Turbo,3960,0.8,urbano_denso,0.5489
0504510000000000060517,Apartadó,2418,0.8,urbano_denso,0.5984
0504510000000000030511,Apartadó,1359,0.95,urbano_denso,0.6562
0504510000000000030328,Apartadó,285,0.95,urbano_denso,0.8125
0504510000000000070305,Apartadó,2114,0.8,urbano_denso,0.6119
0504510000000000090118,Apartadó,2410,0.8,urbano_denso,0.5987
0583720090104100010205,Turbo,2706,0.8,urbano_denso,0.5871
0504510000000000080626,Apartadó,9001,0.6,urbano_medio,0.4666
0504510000000000020109,Apartadó,2510,0.8,urbano_denso,0.5947
0583710000000000040715,Turbo,5524,0.6,urbano_medio,0.5155
0583710000000000040761,Turbo,2352,0.8,urbano_denso,0.6012
0583710000000000020108,Turbo,6590,0.6,urbano_medio,0.4979
0583710000000000020208,Turbo,2290,0.8,urbano_denso,0.6039
0583710000000000040102,Turbo,4077,0.8,urbano_denso,0.546
0583710000000000030515,Turbo,1085,0.95,urbano_denso,0.6788
0504510000000000010609,Apartadó,1599,0.95,urbano_denso,0.6399
0504510000000000020424,Apartadó,487,0.95,urbano_denso,0.759
0583710000000000020402,Turbo,2391,0.8,urbano_denso,0.5995
0504510000000000100119,Apartadó,2778,0.8,urbano_denso,0.5845
0583710000000000050110,Turbo,2294,0.8,urbano_denso,0.6037
0504510000000000040511,Apartadó,3533,0.8,urbano_denso,0.5604
0504510000000000060408,Apartadó,1943,0.95,urbano_denso,0.6203
0504510000000000040312,Apartadó,3270,0.8,urbano_denso,0.5681
0504510000000000080601,Apartadó,858,0.95,urbano_denso,0.7022
0583710000000000040138,Turbo,16796,0.35,urbano_medio,0.404
0504510000000000010516,Apartadó,4584,0.8,urbano_denso,0.5343
0514720011200300010104,Carepa,10532,0.6,urbano_medio,0.4508
0514720011200300010108,Carepa,3998,0.8,urbano_denso,0.548
0514720010400500010101,Carepa,1773,0.95,urbano_denso,0.6295
0514720010400500010113,Carepa,3209,0.8,urbano_denso,0.57
0514720010400500010129,Carepa,3209,0.8,urbano_denso,0.57
0514720010400500010123,Carepa,1871,0.95,urbano_denso,0.6241
0514720010400800010112,Carepa,1233,0.95,urbano_denso,0.6659
0514720010501100010104,Carepa,1735,0.95,urbano_denso,0.6317
0514720010501100010108,Carepa,552,0.95,urbano_denso,0.7465
0514720010801200010101,Carepa,1517,0.95,urbano_denso,0.6452
0583720200100700010108,Turbo,3473,0.8,urbano_denso,0.5621
0565920020600700010102,San Juan de Urabá,2036,0.8,urbano_denso,0.6156
0505120040101900010103,Arboletes,5170,0.6,urbano_medio,0.5222
0566520040701400010107,San Pedro de Urabá,2776,0.8,urbano_denso,0.5845
0565920010400800010108,San Juan de Urabá,43133,0.35,urbano_medio,0.3094
0566520040701400010103,San Pedro de Urabá,7484,0.6,urbano_medio,0.4851
0504510000000000100120,Apartadó,2772,0.8,urbano_denso,0.5847
0583710000000000030716,Turbo,3388,0.8,urbano_denso,0.5646
0504510000000000070520,Apartadó,3851,0.8,urbano_denso,0.5517
0504510000000000060113,Apartadó,2126,0.8,urbano_denso,0.6113
0504510000000000040627,Apartadó,1415,0.95,urbano_denso,0.6521
0583710000000000040307,Turbo,9801,0.6,urbano_medio,0.4581
0583710000000000050206,Turbo,732,0.95,urbano_denso,0.7181
0583710000000000020302,Turbo,4547,0.8,urbano_denso,0.5351
0504510000000000050210,Apartadó,1703,0.95,urbano_denso,0.6336
0583710000000000010718,Turbo,7971,0.6,urbano_medio,0.4788
0504510000000000010125,Apartadó,6340,0.6,urbano_medio,0.5017
0504510000000000100302,Apartadó,1249,0.95,urbano_denso,0.6646
0504510000000000020211,Apartadó,5501,0.6,urbano_medio,0.516
0504510000000000040515,Apartadó,3683,0.8,urbano_denso,0.5562
0504510000000000040501,Apartadó,1872,0.95,urbano_denso,0.6241
0583710000000000050135,Turbo,980,0.95,urbano_denso,0.6889
0504510000000000060327,Apartadó,244,0.95,urbano_denso,0.8281
0504510000000000050301,Apartadó,4992,0.8,urbano_denso,0.5257
0583710000000000010305,Turbo,7670,0.6,urbano_medio,0.4826
0583710000000000020714,Turbo,9717,0.6,urbano_medio,0.4589
0504510000000000010214,Apartadó,17276,0.35,urbano_medio,0.4012
0583710000000000050210,Turbo,2697,0.8,urbano_denso,0.5875
0504510000000000080110,Apartadó,2896,0.8,urbano_denso,0.5803
0583710000000000050526,Turbo,1234,0.95,urbano_denso,0.6658
0583710000000000040718,Turbo,6217,0.6,urbano_medio,0.5037
0504510000000000030118,Apartadó,1681,0.95,urbano_denso,0.6349
0583710000000000010229,Turbo,5951,0.6,urbano_medio,0.5081
0504520010201000010110,Apartadó,13146,0.6,urbano_medio,0.4286
0583710000000000040503,Turbo,6527,0.6,urbano_medio,0.4988
0504510000000000060631,Apartadó,1766,0.95,urbano_denso,0.6299
0504510000000000090217,Apartadó,866,0.95,urbano_denso,0.7014
0504510000000000020226,Apartadó,296,0.95,urbano_denso,0.8088
0583710000000000050412,Turbo,10040,0.6,urbano_medio,0.4556
0583710000000000050520,Turbo,1765,0.95,urbano_denso,0.6299
0583710000000000050524,Turbo,1132,0.95,urbano_denso,0.6745
0583710000000000030224,Turbo,4947,0.8,urbano_denso,0.5266
0504510000000000020519,Apartadó,3164,0.8,urbano_denso,0.5714
0504510000000000040117,Apartadó,2866,0.8,urbano_denso,0.5814
0583710000000000030232,Turbo,4794,0.8,urbano_denso,0.5298
0504510000000000080605,Apartadó,907,0.95,urbano_denso,0.6967
0504510000000000060330,Apartadó,729,0.95,urbano_denso,0.7186
0583710000000000030222,Turbo,2934,0.8,urbano_denso,0.579
0583710000000000030309,Turbo,7875,0.6,urbano_medio,0.48
0504510000000000040218,Apartadó,2799,0.8,urbano_denso,0.5837
0583710000000000010317,Turbo,1796,0.95,urbano_denso,0.6282
0504510000000000040307,Apartadó,2233,0.8,urbano_denso,0.6064
0583710000000000020907,Turbo,5208,0.6,urbano_medio,0.5215
0504510000000000030406,Apartadó,2470,0.8,urbano_denso,0.5963
0504510000000000030526,Apartadó,1872,0.95,urbano_denso,0.6241
0504510000000000100136,Apartadó,323,0.95,urbano_denso,0.8001
0504510000000000100506,Apartadó,7961,0.6,urbano_medio,0.4789
0504510000000000030504,Apartadó,2601,0.8,urbano_denso,0.5911
0583710000000000010101,Turbo,3400,0.8,urbano_denso,0.5642
0583710000000000020304,Turbo,4985,0.8,urbano_denso,0.5258
0504510000000000040137,Apartadó,1269,0.95,urbano_denso,0.6631
0504510000000000030416,Apartadó,8395,0.6,urbano_medio,0.4736
0504510000000000040404,Apartadó,2535,0.8,urbano_denso,0.5937
0566510000000000010539,San Pedro de Urabá,7194,0.6,urbano_medio,0.4891
0583710000000000030513,Turbo,1126,0.95,urbano_denso,0.675
0504510000000000100132,Apartadó,2284,0.8,urbano_denso,0.6041
0504510000000000020412,Apartadó,4140,0.8,urbano_denso,0.5445
0504510000000000080222,Apartadó,2960,0.8,urbano_denso,0.5781
0504510000000000030401,Apartadó,5022,0.6,urbano_medio,0.5251
0583710000000000030720,Turbo,1877,0.95,urbano_denso,0.6238
0504510000000000080630,Apartadó,1685,0.95,urbano_denso,0.6346
0583710000000000030702,Turbo,3569,0.8,urbano_denso,0.5594
0583710000000000020301,Turbo,6948,0.6,urbano_medio,0.4925
0504510000000000050219,Apartadó,1828,0.95,urbano_denso,0.6265
0504510000000000010411,Apartadó,1189,0.95,urbano_denso,0.6696
0583710000000000020814,Turbo,34547,0.35,urbano_medio,0.3317
0583710000000000020908,Turbo,12023,0.6,urbano_medio,0.4375
0583710000000000050519,Turbo,2069,0.8,urbano_denso,0.614
0504510000000000030417,Apartadó,6570,0.6,urbano_medio,0.4982
0583710000000000010109,Turbo,2442,0.8,urbano_denso,0.5974
0504510000000000010703,Apartadó,4918,0.8,urbano_denso,0.5272
0504510000000000090403,Apartadó,2419,0.8,urbano_denso,0.5983
0504510000000000020628,Apartadó,3310,0.8,urbano_denso,0.5669
0504510000000000090407,Apartadó,1633,0.95,urbano_denso,0.6378
0583710000000000030206,Turbo,3736,0.8,urbano_denso,0.5548
0504510000000000030515,Apartadó,2592,0.8,urbano_denso,0.5914
0583710000000000030637,Turbo,12007,0.6,urbano_medio,0.4377
0504510000000000010702,Apartadó,5056,0.6,urbano_medio,0.5244
0504510000000000070306,Apartadó,2308,0.8,urbano_denso,0.6031
0583710000000000040704,Turbo,2951,0.8,urbano_denso,0.5784
0504510000000000070127,Apartadó,946,0.95,urbano_denso,0.6924
0504520030201800010111,Apartadó,7941,0.6,urbano_medio,0.4792
0504510000000000030415,Apartadó,5123,0.6,urbano_medio,0.5231
0504510000000000100307,Apartadó,1441,0.95,urbano_denso,0.6503
0504510000000000060104,Apartadó,3217,0.8,urbano_denso,0.5698
0504510000000000040211,Apartadó,2853,0.8,urbano_denso,0.5818
0583710000000000050301,Turbo,5859,0.6,urbano_medio,0.5097
0583710000000000050510,Turbo,446,0.95,urbano_denso,0.7677
0583710000000000030110,Turbo,9977,0.6,urbano_medio,0.4563
0504510000000000010718,Apartadó,15616,0.35,urbano_medio,0.4113
0504510000000000070625,Apartadó,1614,0.95,urbano_denso,0.6389
0583710000000000030106,Turbo,4572,0.8,urbano_denso,0.5345
0583710000000000040415,Turbo,5004,0.6,urbano_medio,0.5255
0583710000000000040123,Turbo,6991,0.6,urbano_medio,0.4919
0583710000000000010235,Turbo,8590,0.6,urbano_medio,0.4713
0583710000000000040167,Turbo,394,0.95,urbano_denso,0.7801
0583710000000000040506,Turbo,7569,0.6,urbano_medio,0.484
0514720011200300010123,Carepa,1582,0.95,urbano_denso,0.6409
0514720010400400010115,Carepa,1236,0.95,urbano_denso,0.6657
0514720010800600010107,Carepa,1796,0.95,urbano_denso,0.6282
0514720010800600010115,Carepa,4285,0.8,urbano_denso,0.541
0514720010501100010105,Carepa,1542,0.95,urbano_denso,0.6435
0514720010601400010104,Carepa,1810,0.95,urbano_denso,0.6274
0505120020301700010102,Arboletes,2743,0.8,urbano_denso,0.5857
0504520020301700010110,Apartadó,3423,0.8,urbano_denso,0.5635
0583720200100700010106,Turbo,6214,0.6,urbano_medio,0.5037
0583720050403300010103,Turbo,3567,0.8,urbano_denso,0.5594
0565920020600700010104,San Juan de Urabá,5843,0.6,urbano_medio,0.5099
0504510000000000030308,Apartadó,4166,0.8,urbano_denso,0.5439
0504510000000000020618,Apartadó,2483,0.8,urbano_denso,0.5958
0504510000000000060513,Apartadó,2032,0.8,urbano_denso,0.6158
0504510000000000070722,Apartadó,4617,0.8,urbano_denso,0.5335
0504510000000000020314,Apartadó,5710,0.6,urbano_medio,0.5122
0504510000000000020505,Apartadó,4820,0.8,urbano_denso,0.5292
0504510000000000020522,Apartadó,2134,0.8,urbano_denso,0.6109
0504510000000000030219,Apartadó,3628,0.8,urbano_denso,0.5577
0504510000000000070224,Apartadó,17851,0.35,urbano_medio,0.3979
0504510000000000020540,Apartadó,4285,0.8,urbano_denso,0.541
0504510000000000060805,Apartadó,898,0.95,urbano_denso,0.6977
0504510000000000040605,Apartadó,1154,0.95,urbano_denso,0.6726
0504510000000000020401,Apartadó,2823,0.8,urbano_denso,0.5829
0504510000000000060305,Apartadó,2025,0.8,urbano_denso,0.6162
0504510000000000040742,Apartadó,2969,0.8,urbano_denso,0.5778
0504510000000000030119,Apartadó,1823,0.95,urbano_denso,0.6267
0504510000000000010318,Apartadó,6333,0.6,urbano_medio,0.5019
0504510000000000080114,Apartadó,793,0.95,urbano_denso,0.7101
0583710000000000050136,Turbo,5935,0.6,urbano_medio,0.5084
0504510000000000020606,Apartadó,2002,0.8,urbano_denso,0.6173
0504510000000000100614,Apartadó,2236,0.8,urbano_denso,0.6063
0583710000000000040524,Turbo,5072,0.6,urbano_medio,0.5241
0504510000000000070632,Apartadó,1663,0.95,urbano_denso,0.636
0504510000000000040635,Apartadó,1125,0.95,urbano_denso,0.6751
0504510000000000070715,Apartadó,1209,0.95,urbano_denso,0.6679
0504510000000000020537,Apartadó,4495,0.8,urbano_denso,0.5362
0504510000000000040509,Apartadó,3924,0.8,urbano_denso,0.5499
0504510000000000010719,Apartadó,3684,0.8,urbano_denso,0.5562
0504510000000000040118,Apartadó,3181,0.8,urbano_denso,0.5709
0583710000000000010209,Turbo,6709,0.6,urbano_medio,0.4961
0504510000000000070209,Apartadó,2386,0.8,urbano_denso,0.5997
0583710000000000040209,Turbo,2285,0.8,urbano_denso,0.6041
0504510000000000080119,Apartadó,3284,0.8,urbano_denso,0.5677
0583710000000000010207,Turbo,5934,0.6,urbano_medio,0.5084
0504510000000000040613,Apartadó,2220,0.8,urbano_denso,0.607
0504510000000000020425,Apartadó,487,0.95,urbano_denso,0.7589
0504510000000000070218,Apartadó,2173,0.8,urbano_denso,0.6091
0583710000000000020603,Turbo,4800,0.8,urbano_denso,0.5296
0504510000000000050108,Apartadó,1738,0.95,urbano_denso,0.6315
0504510000000000050518,Apartadó,1055,0.95,urbano_denso,0.6815
0504510000000000070717,Apartadó,1332,0.95,urbano_denso,0.6582
0583710000000000030404,Turbo,9205,0.6,urbano_medio,0.4643
0504510000000000030221,Apartadó,5806,0.6,urbano_medio,0.5106
0504510000000000080506,Apartadó,4277,0.8,urbano_denso,0.5412
0504510000000000060328,Apartadó,927,0.95,urbano_denso,0.6945
0583710000000000030815,Turbo,1824,0.95,urbano_denso,0.6267
0504510000000000010628,Apartadó,3240,0.8,urbano_denso,0.5691
0504510000000000080411,Apartadó,2228,0.8,urbano_denso,0.6066
0504510000000000080127,Apartadó,94199,0.15,periurbano,0.2311
0504510000000000030223,Apartadó,956,0.95,urbano_denso,0.6914
0583710000000000040407,Turbo,3435,0.8,urbano_denso,0.5632
0504510000000000060301,Apartadó,10012,0.6,urbano_medio,0.4559
0504510000000000030108,Apartadó,4715,0.8,urbano_denso,0.5314
0583710000000000040531,Turbo,3743,0.8,urbano_denso,0.5546
0583710000000000030509,Turbo,1050,0.95,urbano_denso,0.6821
0504510000000000030402,Apartadó,4733,0.8,urbano_denso,0.531
0504510000000000070704,Apartadó,1148,0.95,urbano_denso,0.6731
0504510000000000020627,Apartadó,1056,0.95,urbano_denso,0.6815
0583710000000000030516,Turbo,812,0.95,urbano_denso,0.7078
0583710000000000020321,Turbo,3168,0.8,urbano_denso,0.5713
0504510000000000040122,Apartadó,2119,0.8,urbano_denso,0.6116
0504510000000000060325,Apartadó,1941,0.95,urbano_denso,0.6204
0504510000000000020103,Apartadó,3484,0.8,urbano_denso,0.5618
0583710000000000010724,Turbo,1669,0.95,urbano_denso,0.6356
0504510000000000010713,Apartadó,8304,0.6,urbano_medio,0.4747
0504510000000000070226,Apartadó,1053,0.95,urbano_denso,0.6818
0583710000000000030827,Turbo,6187,0.6,urbano_medio,0.5042
0504510000000000030225,Apartadó,1639,0.95,urbano_denso,0.6374
0504510000000000090410,Apartadó,1573,0.95,urbano_denso,0.6415
0583710000000000050104,Turbo,2422,0.8,urbano_denso,0.5982
0504510000000000030616,Apartadó,1214,0.95,urbano_denso,0.6675
0583710000000000040760,Turbo,1762,0.95,urbano_denso,0.6301
0583710000000000010518,Turbo,1861,0.95,urbano_denso,0.6247
0504510000000000080410,Apartadó,2059,0.8,urbano_denso,0.6145
0504510000000000080617,Apartadó,1304,0.95,urbano_denso,0.6603
0504510000000000100501,Apartadó,14257,0.6,urbano_medio,0.4205
0583710000000000040130,Turbo,11010,0.6,urbano_medio,0.4464
0504510000000000010137,Apartadó,2553,0.8,urbano_denso,0.593
0583710000000000010511,Turbo,6541,0.6,urbano_medio,0.4986
0583710000000000040753,Turbo,8387,0.6,urbano_medio,0.4737
0504510000000000050218,Apartadó,1598,0.95,urbano_denso,0.6399
0583710000000000030825,Turbo,1948,0.95,urbano_denso,0.6201
0504510000000000040726,Apartadó,2022,0.8,urbano_denso,0.6163
0504510000000000050418,Apartadó,2292,0.8,urbano_denso,0.6037
0504510000000000050208,Apartadó,1283,0.95,urbano_denso,0.6619
0583710000000000040210,Turbo,24552,0.35,urbano_medio,0.3659
0583710000000000030108,Turbo,16488,0.35,urbano_medio,0.4059
0583710000000000010703,Turbo,4541,0.8,urbano_denso,0.5352
0504510000000000010304,Apartadó,2486,0.8,urbano_denso,0.5956
0504510000000000080216,Apartadó,2721,0.8,urbano_denso,0.5866
0583710000000000010510,Turbo,5477,0.6,urbano_medio,0.5164
0504510000000000030707,Apartadó,3293,0.8,urbano_denso,0.5674
0504510000000000100203,Apartadó,2476,0.8,urbano_denso,0.596
0504510000000000100322,Apartadó,617,0.95,urbano_denso,0.7353
0504510000000000070130,Apartadó,1311,0.95,urbano_denso,0.6598
0504510000000000040212,Apartadó,1593,0.95,urbano_denso,0.6403
0504510000000000070313,Apartadó,2125,0.8,urbano_denso,0.6114
0504510000000000010708,Apartadó,6245,0.6,urbano_medio,0.5032
0583710000000000010427,Turbo,3680,0.8,urbano_denso,0.5563
0583710000000000010713,Turbo,2801,0.8,urbano_denso,0.5836
0504510000000000030521,Apartadó,3083,0.8,urbano_denso,0.5741
0504510000000000020111,Apartadó,6748,0.6,urbano_medio,0.4955
0583710000000000020117,Turbo,4163,0.8,urbano_denso,0.5439
0504510000000000040321,Apartadó,10257,0.6,urbano_medio,0.4535
0504510000000000100105,Apartadó,1696,0.95,urbano_denso,0.6339
0504510000000000040514,Apartadó,15236,0.35,urbano_medio,0.4138
0504510000000000070615,Apartadó,2001,0.8,urbano_denso,0.6174
0504510000000000040706,Apartadó,2630,0.8,urbano_denso,0.59
0583710000000000010102,Turbo,2000,0.8,urbano_denso,0.6174
0504510000000000030523,Apartadó,3754,0.8,urbano_denso,0.5543
0504510000000000090312,Apartadó,1838,0.95,urbano_denso,0.6259
0583710000000000010704,Turbo,5076,0.6,urbano_medio,0.524
0583710000000000010401,Turbo,1523,0.95,urbano_denso,0.6448
0583710000000000010601,Turbo,3350,0.8,urbano_denso,0.5657
0583710000000000010623,Turbo,4189,0.8,urbano_denso,0.5433
0504510000000000040120,Apartadó,2164,0.8,urbano_denso,0.6095
0504510000000000050120,Apartadó,1102,0.95,urbano_denso,0.6772
0504510000000000100210,Apartadó,2591,0.8,urbano_denso,0.5915
0504510000000000080210,Apartadó,1683,0.95,urbano_denso,0.6347
0504510000000000070527,Apartadó,2994,0.8,urbano_denso,0.577
0504510000000000020551,Apartadó,14220,0.6,urbano_medio,0.4207
0583710000000000010620,Turbo,2709,0.8,urbano_denso,0.587
0504510000000000010412,Apartadó,2894,0.8,urbano_denso,0.5804
0583710000000000010717,Turbo,1493,0.95,urbano_denso,0.6468
0504510000000000030531,Apartadó,466,0.95,urbano_denso,0.7634
0583710000000000050209,Turbo,2592,0.8,urbano_denso,0.5914
0504510000000000040508,Apartadó,4220,0.8,urbano_denso,0.5426
0583710000000000030616,Turbo,4110,0.8,urbano_denso,0.5452
0504510000000000040608,Apartadó,2969,0.8,urbano_denso,0.5778
0504510000000000100126,Apartadó,2163,0.8,urbano_denso,0.6096
0583710000000000050522,Turbo,1014,0.95,urbano_denso,0.6855
0583710000000000010512,Turbo,1895,0.95,urbano_denso,0.6228
0504510000000000080115,Apartadó,707,0.95,urbano_denso,0.7217
0504510000000000010218,Apartadó,8916,0.6,urbano_medio,0.4675
0583710000000000050306,Turbo,908,0.95,urbano_denso,0.6966
0583710000000000040618,Turbo,2377,0.8,urbano_denso,0.6001
0583710000000000020606,Turbo,2302,0.8,urbano_denso,0.6033
0504510000000000030514,Apartadó,2045,0.8,urbano_denso,0.6152
0504510000000000080209,Apartadó,1564,0.95,urbano_denso,0.6421
0504510000000000020317,Apartadó,4042,0.8,urbano_denso,0.5469
0504510000000000050101,Apartadó,2914,0.8,urbano_denso,0.5797
0504510000000000010716,Apartadó,2211,0.8,urbano_denso,0.6074
0504510000000000020308,Apartadó,2683,0.8,urbano_denso,0.588
0504510000000000100209,Apartadó,2750,0.8,urbano_denso,0.5855
0583720090104100010204,Turbo,2731,0.8,urbano_denso,0.5862
0504510000000000070120,Apartadó,2289,0.8,urbano_denso,0.6039
0583710000000000030420,Turbo,4816,0.8,urbano_denso,0.5293
0504510000000000070618,Apartadó,2008,0.8,urbano_denso,0.617
0504510000000000060207,Apartadó,2046,0.8,urbano_denso,0.6151
0504510000000000100407,Apartadó,2533,0.8,urbano_denso,0.5937
0504510000000000020203,Apartadó,6851,0.6,urbano_medio,0.494
0504510000000000060302,Apartadó,2051,0.8,urbano_denso,0.6149
0504510000000000080311,Apartadó,1852,0.95,urbano_denso,0.6251
0583710000000000030405,Turbo,5641,0.6,urbano_medio,0.5135
0504510000000000030116,Apartadó,3135,0.8,urbano_denso,0.5724
0504510000000000030111,Apartadó,3812,0.8,urbano_denso,0.5527
0504510000000000060111,Apartadó,3204,0.8,urbano_denso,0.5702
0504510000000000060519,Apartadó,3126,0.8,urbano_denso,0.5726
0583710000000000020802,Turbo,2448,0.8,urbano_denso,0.5972
0583710000000000020322,Turbo,3023,0.8,urbano_denso,0.576
0504510000000000040201,Apartadó,2927,0.8,urbano_denso,0.5792
0583710000000000030623,Turbo,4566,0.8,urbano_denso,0.5347
0504510000000000040620,Apartadó,1031,0.95,urbano_denso,0.6838
0504510000000000030112,Apartadó,5115,0.6,urbano_medio,0.5233
0504510000000000030117,Apartadó,2127,0.8,urbano_denso,0.6112
0504510000000000100608,Apartadó,4305,0.8,urbano_denso,0.5406
0583710000000000020206,Turbo,4733,0.8,urbano_denso,0.531
0504510000000000070415,Apartadó,2175,0.8,urbano_denso,0.609
0583710000000000020103,Turbo,3453,0.8,urbano_denso,0.5627
0504510000000000070205,Apartadó,1994,0.95,urbano_denso,0.6178
0504510000000000060409,Apartadó,1974,0.95,urbano_denso,0.6187
0583710000000000040754,Turbo,7804,0.6,urbano_medio,0.4809
0583710000000000050119,Turbo,2732,0.8,urbano_denso,0.5861
0583710000000000050501,Turbo,1160,0.95,urbano_denso,0.6721
0504520010201000010104,Apartadó,19310,0.35,urbano_medio,0.39
0504510000000000030202,Apartadó,5852,0.6,urbano_medio,0.5098
0583710000000000020715,Turbo,1985,0.95,urbano_denso,0.6182
0504510000000000070410,Apartadó,2743,0.8,urbano_denso,0.5858
0504510000000000040313,Apartadó,4125,0.8,urbano_denso,0.5448
0504510000000000050416,Apartadó,1202,0.95,urbano_denso,0.6685
0504510000000000060512,Apartadó,1990,0.95,urbano_denso,0.6179
0504510000000000050220,Apartadó,1147,0.95,urbano_denso,0.6732
0514720011200300010117,Carepa,15660,0.35,urbano_medio,0.411
0514720010400400010110,Carepa,2060,0.8,urbano_denso,0.6145
0514720010400500010111,Carepa,698,0.95,urbano_denso,0.7229
0514720010800600010108,Carepa,1004,0.95,urbano_denso,0.6865
0514720010400800010105,Carepa,2669,0.8,urbano_denso,0.5885
0514720010400800010108,Carepa,1304,0.95,urbano_denso,0.6603
0514720010400800010109,Carepa,1096,0.95,urbano_denso,0.6777
0514720010400800010110,Carepa,824,0.95,urbano_denso,0.7063
0514720010400800010111,Carepa,2288,0.8,urbano_denso,0.6039
0514720010501100010107,Carepa,2295,0.8,urbano_denso,0.6036
0514720010501100010106,Carepa,968,0.95,urbano_denso,0.6902
0514720010801200010102,Carepa,2754,0.8,urbano_denso,0.5854
0514720010601400010111,Carepa,1104,0.95,urbano_denso,0.677
0517220100601300010104,Chigorodó,1984,0.95,urbano_denso,0.6183
0583720200100700010105,Turbo,6834,0.6,urbano_medio,0.4942
0505120020301700010107,Arboletes,6013,0.6,urbano_medio,0.5071
0504510000000000050316,Apartadó,1093,0.95,urbano_denso,0.678
0504510000000000050516,Apartadó,1179,0.95,urbano_denso,0.6704
0504510000000000060203,Apartadó,2791,0.8,urbano_denso,0.584
0583710000000000020114,Turbo,4384,0.8,urbano_denso,0.5387
0504510000000000090506,Apartadó,2222,0.8,urbano_denso,0.6069
0583710000000000040727,Turbo,6822,0.6,urbano_medio,0.4944
0504510000000000010625,Apartadó,6499,0.6,urbano_medio,0.4992
0583710000000000030305,Turbo,10841,0.6,urbano_medio,0.4479
0504510000000000050502,Apartadó,1739,0.95,urbano_denso,0.6315
0504510000000000070203,Apartadó,11300,0.6,urbano_medio,0.4438
0504510000000000030702,Apartadó,21627,0.35,urbano_medio,0.3787
0504510000000000080207,Apartadó,1556,0.95,urbano_denso,0.6426
0583720090104100010107,Turbo,6286,0.6,urbano_medio,0.5026
0583710000000000030624,Turbo,3419,0.8,urbano_denso,0.5637
0504510000000000020554,Apartadó,667,0.95,urbano_denso,0.7274
0514720011200300010110,Carepa,3060,0.8,urbano_denso,0.5748
0583710000000000020509,Turbo,4330,0.8,urbano_denso,0.54
0504510000000000070610,Apartadó,2171,0.8,urbano_denso,0.6092
0583710000000000030210,Turbo,2868,0.8,urbano_denso,0.5813
0504510000000000070128,Apartadó,784,0.95,urbano_denso,0.7113
0583710000000000040709,Turbo,6782,0.6,urbano_medio,0.495
0583710000000000010729,Turbo,2689,0.8,urbano_denso,0.5877
0583710000000000020713,Turbo,68005,0.15,periurbano,0.2637
0504510000000000080629,Apartadó,390,0.95,urbano_denso,0.7811
0504510000000000020616,Apartadó,2114,0.8,urbano_denso,0.6119
0504510000000000100111,Apartadó,2345,0.8,urbano_denso,0.6015
0583710000000000030315,Turbo,2421,0.8,urbano_denso,0.5983
0583720090104100010123,Turbo,10326,0.6,urbano_medio,0.4528
0504510000000000040308,Apartadó,2197,0.8,urbano_denso,0.608
0504510000000000010602,Apartadó,14878,0.6,urbano_medio,0.4162
0504510000000000100325,Apartadó,1775,0.95,urbano_denso,0.6294
0504510000000000060625,Apartadó,786,0.95,urbano_denso,0.711
0583710000000000040302,Turbo,6154,0.6,urbano_medio,0.5047
0504510000000000060506,Apartadó,2188,0.8,urbano_denso,0.6084
0504510000000000090308,Apartadó,679,0.95,urbano_denso,0.7257
0504510000000000030608,Apartadó,1776,0.95,urbano_denso,0.6293
0504510000000000070630,Apartadó,2146,0.8,urbano_denso,0.6104
0504510000000000020419,Apartadó,4779,0.8,urbano_denso,0.5301
0583710000000000030502,Turbo,1083,0.95,urbano_denso,0.6789
0504510000000000070436,Apartadó,395,0.95,urbano_denso,0.78
0504510000000000030316,Apartadó,3152,0.8,urbano_denso,0.5718
0504510000000000060308,Apartadó,2166,0.8,urbano_denso,0.6094
0504510000000000070108,Apartadó,2334,0.8,urbano_denso,0.602
0504510000000000030505,Apartadó,6036,0.6,urbano_medio,0.5067
0504510000000000020106,Apartadó,2553,0.8,urbano_denso,0.5929
0504510000000000050112,Apartadó,3545,0.8,urbano_denso,0.56
0504510000000000060502,Apartadó,3294,0.8,urbano_denso,0.5674
0504510000000000020526,Apartadó,1114,0.95,urbano_denso,0.6761
0504510000000000090315,Apartadó,1621,0.95,urbano_denso,0.6385
0583710000000000010121,Turbo,2460,0.8,urbano_denso,0.5967
0504510000000000020532,Apartadó,1965,0.95,urbano_denso,0.6192
0504510000000000020407,Apartadó,6508,0.6,urbano_medio,0.4991
0504510000000000060601,Apartadó,920,0.95,urbano_denso,0.6953
0583710000000000030711,Turbo,2788,0.8,urbano_denso,0.5841
0504510000000000060413,Apartadó,2020,0.8,urbano_denso,0.6164
0504510000000000090408,Apartadó,1638,0.95,urbano_denso,0.6374
0583710000000000010726,Turbo,1166,0.95,urbano_denso,0.6715
0583710000000000040534,Turbo,5133,0.6,urbano_medio,0.5229
0504510000000000070103,Apartadó,2202,0.8,urbano_denso,0.6078
0504510000000000050514,Apartadó,1222,0.95,urbano_denso,0.6668
0583710000000000010720,Turbo,2860,0.8,urbano_denso,0.5816
0504510000000000010108,Apartadó,4068,0.8,urbano_denso,0.5462
0583710000000000030618,Turbo,4384,0.8,urbano_denso,0.5387
0504510000000000070202,Apartadó,2099,0.8,urbano_denso,0.6126
0504510000000000080316,Apartadó,3153,0.8,urbano_denso,0.5718
0504510000000000090329,Apartadó,1134,0.95,urbano_denso,0.6743
0583710000000000020406,Turbo,3585,0.8,urbano_denso,0.5589
0504510000000000090305,Apartadó,1621,0.95,urbano_denso,0.6385
0504510000000000090120,Apartadó,1105,0.95,urbano_denso,0.6769
0504510000000000050206,Apartadó,1749,0.95,urbano_denso,0.6309
0583710000000000040742,Turbo,3311,0.8,urbano_denso,0.5669
0583710000000000020311,Turbo,3319,0.8,urbano_denso,0.5666
0504510000000000040711,Apartadó,3418,0.8,urbano_denso,0.5637
0504510000000000050119,Apartadó,1301,0.95,urbano_denso,0.6605
0504510000000000040406,Apartadó,3205,0.8,urbano_denso,0.5701
0504510000000000010418,Apartadó,3074,0.8,urbano_denso,0.5743
0504510000000000020608,Apartadó,2181,0.8,urbano_denso,0.6087
0583710000000000040617,Turbo,381632,0.05,rural,0.0907
0583710000000000010730,Turbo,3999,0.8,urbano_denso,0.5479
0504520030201800010113,Apartadó,11059,0.6,urbano_medio,0.4459
0504510000000000080627,Apartadó,2721,0.8,urbano_denso,0.5866
0504510000000000070406,Apartadó,1831,0.95,urbano_denso,0.6263
0583710000000000010514,Turbo,1683,0.95,urbano_denso,0.6347
0583710000000000020807,Turbo,3790,0.8,urbano_denso,0.5533
0583710000000000040706,Turbo,5077,0.6,urbano_medio,0.524
0504510000000000100604,Apartadó,1124,0.95,urbano_denso,0.6752
0504510000000000050122,Apartadó,593,0.95,urbano_denso,0.7393
0504510000000000010421,Apartadó,1428,0.95,urbano_denso,0.6512
0504510000000000030214,Apartadó,2625,0.8,urbano_denso,0.5902
0504510000000000040413,Apartadó,3869,0.8,urbano_denso,0.5513
0504510000000000070211,Apartadó,2144,0.8,urbano_denso,0.6104
0504510000000000100235,Apartadó,2643,0.8,urbano_denso,0.5895
0504510000000000100101,Apartadó,2615,0.8,urbano_denso,0.5906
0504510000000000100212,Apartadó,2486,0.8,urbano_denso,0.5956
0504510000000000010505,Apartadó,4853,0.8,urbano_denso,0.5285
0583710000000000020506,Turbo,3206,0.8,urbano_denso,0.5701
0504510000000000040311,Apartadó,3714,0.8,urbano_denso,0.5554
0514720011200300010122,Carepa,2773,0.8,urbano_denso,0.5847
0514720011200300010124,Carepa,12226,0.6,urbano_medio,0.4359
0514720010400500010105,Carepa,3481,0.8,urbano_denso,0.5619
0514720010400800010101,Carepa,1399,0.95,urbano_denso,0.6532
0514720011500900010105,Carepa,3304,0.8,urbano_denso,0.5671
0514720010501100010101,Carepa,995,0.95,urbano_denso,0.6874
0517220100601300010101,Chigorodó,1060,0.95,urbano_denso,0.6811
0514720010401500010104,Carepa,33150,0.35,urbano_medio,0.3358
0583720200100700010107,Turbo,7789,0.6,urbano_medio,0.4811
0504520020301700010104,Apartadó,21808,0.35,urbano_medio,0.3778
0566520040701400010101,San Pedro de Urabá,3013,0.8,urbano_denso,0.5763
0583720090104100010104,Turbo,3780,0.8,urbano_denso,0.5536
0583710000000000030507,Turbo,860,0.95,urbano_denso,0.702
0504510000000000020533,Apartadó,1758,0.95,urbano_denso,0.6304
0583710000000000040170,Turbo,2170,0.8,urbano_denso,0.6092
0504510000000000060306,Apartadó,2178,0.8,urbano_denso,0.6089
0583710000000000040147,Turbo,4246,0.8,urbano_denso,0.5419
0583710000000000030603,Turbo,4371,0.8,urbano_denso,0.539
0583710000000000040111,Turbo,3706,0.8,urbano_denso,0.5556
0504510000000000050118,Apartadó,474,0.95,urbano_denso,0.7617
0504510000000000100202,Apartadó,2520,0.8,urbano_denso,0.5943
0583710000000000020126,Turbo,6213,0.6,urbano_medio,0.5038
0583710000000000050508,Turbo,2140,0.8,urbano_denso,0.6106
0583720090303400010101,Turbo,13069,0.6,urbano_medio,0.4292
0583710000000000020704,Turbo,5323,0.6,urbano_medio,0.5193
0583710000000000040163,Turbo,8704,0.6,urbano_medio,0.47
0504510000000000070606,Apartadó,3975,0.8,urbano_denso,0.5486
0504520010201000010111,Apartadó,11317,0.6,urbano_medio,0.4436
0583710000000000050303,Turbo,983,0.95,urbano_denso,0.6886
0583710000000000030436,Turbo,2107,0.8,urbano_denso,0.6122
0504510000000000020318,Apartadó,4046,0.8,urbano_denso,0.5468
0583720090104100010203,Turbo,2725,0.8,urbano_denso,0.5864
0504510000000000050221,Apartadó,1826,0.95,urbano_denso,0.6265
0504510000000000020525,Apartadó,4361,0.8,urbano_denso,0.5393
0504510000000000080603,Apartadó,823,0.95,urbano_denso,0.7065
0583710000000000010621,Turbo,2488,0.8,urbano_denso,0.5956
0504510000000000060404,Apartadó,1987,0.95,urbano_denso,0.6181
0583710000000000030826,Turbo,6431,0.6,urbano_medio,0.5003
0583710000000000020502,Turbo,5365,0.6,urbano_medio,0.5185
0504510000000000040303,Apartadó,3182,0.8,urbano_denso,0.5709
0504510000000000070201,Apartadó,3139,0.8,urbano_denso,0.5722
0504510000000000090501,Apartadó,2164,0.8,urbano_denso,0.6095
0504510000000000080126,Apartadó,523,0.95,urbano_denso,0.7518
0504510000000000050404,Apartadó,1403,0.95,urbano_denso,0.653
0583710000000000030602,Turbo,4772,0.8,urbano_denso,0.5302
0504510000000000080632,Apartadó,1699,0.95,urbano_denso,0.6338
0504510000000000060420,Apartadó,2083,0.8,urbano_denso,0.6134
0504510000000000030104,Apartadó,6219,0.6,urbano_medio,0.5037
0504510000000000020504,Apartadó,3809,0.8,urbano_denso,0.5528
0504510000000000020209,Apartadó,3696,0.8,urbano_denso,0.5559
0504510000000000090212,Apartadó,807,0.95,urbano_denso,0.7084
0504510000000000020417,Apartadó,3410,0.8,urbano_denso,0.5639
0504510000000000010211,Apartadó,10208,0.6,urbano_medio,0.454
0504510000000000050310,Apartadó,5736,0.6,urbano_medio,0.5118
0583710000000000040744,Turbo,4537,0.8,urbano_denso,0.5353
0504510000000000080324,Apartadó,2092,0.8,urbano_denso,0.6129
0583710000000000050513,Turbo,1205,0.95,urbano_denso,0.6682
0504510000000000030527,Apartadó,2915,0.8,urbano_denso,0.5797
0583710000000000040166,Turbo,10319,0.6,urbano_medio,0.4529
0583710000000000020303,Turbo,5502,0.6,urbano_medio,0.5159
0504510000000000090302,Apartadó,2491,0.8,urbano_denso,0.5954
0583710000000000020613,Turbo,1342,0.95,urbano_denso,0.6574
0504510000000000010612,Apartadó,27862,0.35,urbano_medio,0.3533
0583710000000000020809,Turbo,4651,0.8,urbano_denso,0.5328
0504510000000000090318,Apartadó,2272,0.8,urbano_denso,0.6047
0504510000000000050205,Apartadó,1776,0.95,urbano_denso,0.6293
0504510000000000100334,Apartadó,2108,0.8,urbano_denso,0.6122
0504510000000000070409,Apartadó,1906,0.95,urbano_denso,0.6223
0504510000000000070132,Apartadó,1060,0.95,urbano_denso,0.6811
0583710000000000030230,Turbo,2157,0.8,urbano_denso,0.6098
0504510000000000090333,Apartadó,390,0.95,urbano_denso,0.7813
0504510000000000050415,Apartadó,1504,0.95,urbano_denso,0.646
0583710000000000030610,Turbo,5346,0.6,urbano_medio,0.5188
0504510000000000040203,Apartadó,3213,0.8,urbano_denso,0.5699
0583710000000000010626,Turbo,3620,0.8,urbano_denso,0.5579
0504510000000000030103,Apartadó,2733,0.8,urbano_denso,0.5861
0504510000000000090101,Apartadó,1103,0.95,urbano_denso,0.6771
0583720090303400010102,Turbo,75179,0.15,periurbano,0.2537
0583710000000000050107,Turbo,2644,0.8,urbano_denso,0.5895
0504520010201000010107,Apartadó,15408,0.35,urbano_medio,0.4127
0504510000000000050325,Apartadó,1650,0.95,urbano_denso,0.6367
0583710000000000040405,Turbo,5597,0.6,urbano_medio,0.5142
0504510000000000100108,Apartadó,2468,0.8,urbano_denso,0.5963
0583710000000000030313,Turbo,8483,0.6,urbano_medio,0.4725
0504510000000000070214,Apartadó,3420,0.8,urbano_denso,0.5636
0583710000000000050137,Turbo,3191,0.8,urbano_denso,0.5706
0504510000000000060326,Apartadó,5623,0.6,urbano_medio,0.5138
0504510000000000080518,Apartadó,11388,0.6,urbano_medio,0.443
0583710000000000040122,Turbo,4489,0.8,urbano_denso,0.5364
0583710000000000020313,Turbo,3084,0.8,urbano_denso,0.574
0504510000000000080112,Apartadó,1698,0.95,urbano_denso,0.6339
0583710000000000020128,Turbo,3598,0.8,urbano_denso,0.5585
0504510000000000020214,Apartadó,6528,0.6,urbano_medio,0.4988
0504510000000000020212,Apartadó,5625,0.6,urbano_medio,0.5137
0504510000000000060623,Apartadó,915,0.95,urbano_denso,0.6958
0583710000000000040801,Turbo,942866,0.05,rural,0.0
0504510000000000050311,Apartadó,1631,0.95,urbano_denso,0.6379
0504510000000000040740,Apartadó,1948,0.95,urbano_denso,0.6201
0504510000000000010210,Apartadó,24986,0.35,urbano_medio,0.3642
0504510000000000010624,Apartadó,7347,0.6,urbano_medio,0.4869
0504520010201000010108,Apartadó,8992,0.6,urbano_medio,0.4667
0583710000000000010508,Turbo,1402,0.95,urbano_denso,0.6531
0504510000000000020556,Apartadó,52986,0.15,periurbano,0.2888
0504510000000000020422,Apartadó,485,0.95,urbano_denso,0.7593
0504510000000000100601,Apartadó,6137,0.6,urbano_medio,0.505
0504510000000000020105,Apartadó,1702,0.95,urbano_denso,0.6336
0504510000000000010419,Apartadó,3580,0.8,urbano_denso,0.5591
0504510000000000020626,Apartadó,1978,0.95,urbano_denso,0.6185
0504510000000000070227,Apartadó,1646,0.95,urbano_denso,0.637
0504510000000000060102,Apartadó,2934,0.8,urbano_denso,0.579
0504510000000000080621,Apartadó,774,0.95,urbano_denso,0.7125
0504510000000000010605,Apartadó,7839,0.6,urbano_medio,0.4804
0583710000000000040109,Turbo,7328,0.6,urbano_medio,0.4872
0504510000000000070407,Apartadó,2047,0.8,urbano_denso,0.6151
0504510000000000030414,Apartadó,5708,0.6,urbano_medio,0.5123
0583710000000000010443,Turbo,436,0.95,urbano_denso,0.77
0504510000000000090211,Apartadó,1616,0.95,urbano_denso,0.6388
0583710000000000040414,Turbo,4932,0.8,urbano_denso,0.5269
0583710000000000030226,Turbo,3115,0.8,urbano_denso,0.573
0504510000000000010302,Apartadó,2239,0.8,urbano_denso,0.6061
0504510000000000050318,Apartadó,1815,0.95,urbano_denso,0.6272
0504510000000000040132,Apartadó,1256,0.95,urbano_denso,0.6641
0504510000000000010201,Apartadó,284783,0.05,rural,0.1201
0504510000000000010424,Apartadó,18142,0.35,urbano_medio,0.3963
0583710000000000040509,Turbo,5515,0.6,urbano_medio,0.5157
0504510000000000030529,Apartadó,2063,0.8,urbano_denso,0.6143
0504510000000000080101,Apartadó,2329,0.8,urbano_denso,0.6022
0583710000000000040119,Turbo,8434,0.6,urbano_medio,0.4731
0504510000000000030204,Apartadó,7520,0.6,urbano_medio,0.4846
0504510000000000070225,Apartadó,2083,0.8,urbano_denso,0.6134
0504510000000000060520,Apartadó,2421,0.8,urbano_denso,0.5983
0583710000000000040413,Turbo,1438,0.95,urbano_denso,0.6505
0583710000000000040306,Turbo,8790,0.6,urbano_medio,0.469
0583710000000000040312,Turbo,5880,0.6,urbano_medio,0.5093
0504510000000000040408,Apartadó,3152,0.8,urbano_denso,0.5718
0583710000000000030525,Turbo,1730,0.95,urbano_denso,0.6319
0504510000000000040703,Apartadó,3371,0.8,urbano_denso,0.5651
0504510000000000010407,Apartadó,8164,0.6,urbano_medio,0.4764
0504510000000000080302,Apartadó,3120,0.8,urbano_denso,0.5728
0583710000000000040156,Turbo,5472,0.6,urbano_medio,0.5165
0504510000000000090416,Apartadó,3539,0.8,urbano_denso,0.5602
0583710000000000040410,Turbo,4585,0.8,urbano_denso,0.5342
0504510000000000060215,Apartadó,2062,0.8,urbano_denso,0.6144
0583720090104100010202,Turbo,4972,0.8,urbano_denso,0.5261
0583710000000000050525,Turbo,1172,0.95,urbano_denso,0.671
0504510000000000030113,Apartadó,4121,0.8,urbano_denso,0.5449
0504510000000000020607,Apartadó,2360,0.8,urbano_denso,0.6008
0504510000000000020612,Apartadó,2143,0.8,urbano_denso,0.6105
0504510000000000080313,Apartadó,2849,0.8,urbano_denso,0.582
0583710000000000030735,Turbo,1970,0.95,urbano_denso,0.6189
0583710000000000010507,Turbo,1398,0.95,urbano_denso,0.6533
0583710000000000030401,Turbo,13982,0.6,urbano_medio,0.4224
0504510000000000030517,Apartadó,1321,0.95,urbano_denso,0.659
0504510000000000010606,Apartadó,5215,0.6,urbano_medio,0.5213
0583710000000000050132,Turbo,2381,0.8,urbano_denso,0.5999
0504510000000000070716,Apartadó,1140,0.95,urbano_denso,0.6738
0504510000000000030412,Apartadó,4655,0.8,urbano_denso,0.5327
0583710000000000010132,Turbo,3324,0.8,urbano_denso,0.5665
0504510000000000040625,Apartadó,3408,0.8,urbano_denso,0.564
0504510000000000090406,Apartadó,1218,0.95,urbano_denso,0.6671
0504510000000000010311,Apartadó,4638,0.8,urbano_denso,0.5331
0583710000000000030628,Turbo,2991,0.8,urbano_denso,0.5771
0504510000000000060618,Apartadó,2027,0.8,urbano_denso,0.6161
0504510000000000070303,Apartadó,1818,0.95,urbano_denso,0.627
0504510000000000080309,Apartadó,468,0.95,urbano_denso,0.763
0504510000000000080205,Apartadó,1716,0.95,urbano_denso,0.6328
0514720010601400010112,Carepa,580,0.95,urbano_denso,0.7414
0583710000000000030614,Turbo,4671,0.8,urbano_denso,0.5324
0583710000000000040204,Turbo,7133,0.6,urbano_medio,0.4899
0583710000000000030617,Turbo,4297,0.8,urbano_denso,0.5407
0504510000000000070402,Apartadó,1710,0.95,urbano_denso,0.6332
0504510000000000070517,Apartadó,2281,0.8,urbano_denso,0.6043
0583720090104100010214,Turbo,4579,0.8,urbano_denso,0.5344
0504510000000000090306,Apartadó,1478,0.95,urbano_denso,0.6477
0583710000000000030501,Turbo,1487,0.95,urbano_denso,0.6471
0583710000000000010225,Turbo,1921,0.95,urbano_denso,0.6215
0504510000000000010306,Apartadó,4775,0.8,urbano_denso,0.5302
0504510000000000090218,Apartadó,1780,0.95,urbano_denso,0.6291
0504510000000000080610,Apartadó,861,0.95,urbano_denso,0.7019
0583710000000000040620,Turbo,18111,0.35,urbano_medio,0.3965
0583710000000000050219,Turbo,2749,0.8,urbano_denso,0.5855
0583710000000000030327,Turbo,23110,0.35,urbano_medio,0.372
0583710000000000020121,Turbo,3669,0.8,urbano_denso,0.5566
0504510000000000020224,Apartadó,2313,0.8,urbano_denso,0.6029
0504510000000000010501,Apartadó,4573,0.8,urbano_denso,0.5345
0583710000000000020125,Turbo,979,0.95,urbano_denso,0.689
0504510000000000080422,Apartadó,27974,0.35,urbano_medio,0.3528
0504510000000000080124,Apartadó,1695,0.95,urbano_denso,0.634
0504510000000000030620,Apartadó,4114,0.8,urbano_denso,0.5451
0583710000000000030225,Turbo,6047,0.6,urbano_medio,0.5065
0504510000000000070705,Apartadó,1147,0.95,urbano_denso,0.6732
0504510000000000060622,Apartadó,2498,0.8,urbano_denso,0.5951
0504510000000000050324,Apartadó,1721,0.95,urbano_denso,0.6325
0504510000000000100123,Apartadó,2520,0.8,urbano_denso,0.5943
0514720011200300010102,Carepa,5250,0.6,urbano_medio,0.5207
0514720011200300010103,Carepa,3602,0.8,urbano_denso,0.5584
0514720010400400010102,Carepa,6067,0.6,urbano_medio,0.5062
0514720010400400010112,Carepa,1799,0.95,urbano_denso,0.6281
0514720010400500010131,Carepa,1677,0.95,urbano_denso,0.6351
0514720010400500010126,Carepa,1812,0.95,urbano_denso,0.6273
0514720011500900010104,Carepa,5646,0.6,urbano_medio,0.5134
0514720010501100010102,Carepa,813,0.95,urbano_denso,0.7076
0514720010801200010107,Carepa,1105,0.95,urbano_denso,0.6769
0514720010801200010108,Carepa,1228,0.95,urbano_denso,0.6663
0514720010801200010109,Carepa,769,0.95,urbano_denso,0.7132
0514720010601400010116,Carepa,22996,0.35,urbano_medio,0.3725
0565920010400800010112,San Juan de Urabá,10010,0.6,urbano_medio,0.4559
0565920010400800010103,San Juan de Urabá,50345,0.15,periurbano,0.2939
0504520020301700010102,Apartadó,2869,0.8,urbano_denso,0.5813
0514720010401500010103,Carepa,9823,0.6,urbano_medio,0.4578
0566520040701400010104,San Pedro de Urabá,13298,0.6,urbano_medio,0.4274
0583720050403300010101,Turbo,14801,0.6,urbano_medio,0.4167
0504510000000000100312,Apartadó,542,0.95,urbano_denso,0.7482
0583720090104100010101,Turbo,10646,0.6,urbano_medio,0.4498
0504510000000000050313,Apartadó,1587,0.95,urbano_denso,0.6406
0583710000000000020817,Turbo,1614,0.95,urbano_denso,0.6389
0583710000000000030824,Turbo,4296,0.8,urbano_denso,0.5408
0504510000000000100207,Apartadó,2842,0.8,urbano_denso,0.5822
0504510000000000020301,Apartadó,3906,0.8,urbano_denso,0.5503
0504510000000000100104,Apartadó,1693,0.95,urbano_denso,0.6342
0504510000000000050312,Apartadó,1749,0.95,urbano_denso,0.6309
0583710000000000020604,Turbo,4743,0.8,urbano_denso,0.5308
0504510000000000070622,Apartadó,2002,0.8,urbano_denso,0.6173
0583710000000000040734,Turbo,7982,0.6,urbano_medio,0.4786
0504510000000000060515,Apartadó,3627,0.8,urbano_denso,0.5578
0504510000000000060621,Apartadó,2147,0.8,urbano_denso,0.6103
0504510000000000100406,Apartadó,2152,0.8,urbano_denso,0.6101
0504510000000000040304,Apartadó,2575,0.8,urbano_denso,0.5921
0504510000000000030312,Apartadó,3065,0.8,urbano_denso,0.5746
0583710000000000040158,Turbo,8967,0.6,urbano_medio,0.467
0504510000000000060424,Apartadó,407,0.95,urbano_denso,0.777
0583710000000000010439,Turbo,1359,0.95,urbano_denso,0.6562
0583710000000000030714,Turbo,3938,0.8,urbano_denso,0.5495
0504510000000000020307,Apartadó,2795,0.8,urbano_denso,0.5839
0583710000000000050516,Turbo,1775,0.95,urbano_denso,0.6294
0504510000000000010123,Apartadó,1436,0.95,urbano_denso,0.6506
0504510000000000080412,Apartadó,1312,0.95,urbano_denso,0.6597
0504510000000000090331,Apartadó,4903,0.8,urbano_denso,0.5275
0504510000000000080608,Apartadó,1658,0.95,urbano_denso,0.6363
0583710000000000040153,Turbo,3716,0.8,urbano_denso,0.5553
0583710000000000030435,Turbo,3234,0.8,urbano_denso,0.5693
0504510000000000100404,Apartadó,1805,0.95,urbano_denso,0.6277
0583710000000000040502,Turbo,4463,0.8,urbano_denso,0.5369
0504510000000000100504,Apartadó,2592,0.8,urbano_denso,0.5914
0583710000000000010722,Turbo,3249,0.8,urbano_denso,0.5688
0504510000000000020320,Apartadó,340,0.95,urbano_denso,0.7948
0504510000000000020561,Apartadó,3888,0.8,urbano_denso,0.5508
0504510000000000080318,Apartadó,2817,0.8,urbano_denso,0.5831
0583710000000000030719,Turbo,1312,0.95,urbano_denso,0.6597
0504510000000000060418,Apartadó,2438,0.8,urbano_denso,0.5976
0583710000000000020113,Turbo,4169,0.8,urbano_denso,0.5438
0583710000000000030406,Turbo,4750,0.8,urbano_denso,0.5307
0583710000000000040169,Turbo,1955,0.95,urbano_denso,0.6197
0504510000000000040402,Apartadó,1083,0.95,urbano_denso,0.6789
0583710000000000030704,Turbo,5092,0.6,urbano_medio,0.5237
0504510000000000080421,Apartadó,3327,0.8,urbano_denso,0.5664
0504510000000000060208,Apartadó,2212,0.8,urbano_denso,0.6073
0504510000000000020520,Apartadó,7888,0.6,urbano_medio,0.4798
0504510000000000010221,Apartadó,9441,0.6,urbano_medio,0.4618
0504510000000000040319,Apartadó,1974,0.95,urbano_denso,0.6187
0583710000000000010506,Turbo,1871,0.95,urbano_denso,0.6241
0583710000000000030303,Turbo,5855,0.6,urbano_medio,0.5097
0504510000000000070425,Apartadó,4188,0.8,urbano_denso,0.5433
0583710000000000020127,Turbo,495,0.95,urbano_denso,0.7573
0504510000000000070317,Apartadó,2389,0.8,urbano_denso,0.5996
0583710000000000010715,Turbo,35482,0.35,urbano_medio,0.329
0583710000000000030207,Turbo,4981,0.8,urbano_denso,0.5259
0504510000000000050403,Apartadó,2299,0.8,urbano_denso,0.6035
0583710000000000050126,Turbo,2450,0.8,urbano_denso,0.5971
0504510000000000060503,Apartadó,2239,0.8,urbano_denso,0.6061
0504510000000000040630,Apartadó,8103,0.6,urbano_medio,0.4771
0583710000000000030101,Turbo,4718,0.8,urbano_denso,0.5314
0504510000000000050508,Apartadó,1052,0.95,urbano_denso,0.6818
0583720090104100010120,Turbo,10978,0.6,urbano_medio,0.4467
0504510000000000020223,Apartadó,15600,0.35,urbano_medio,0.4114
0583710000000000020412,Turbo,3399,0.8,urbano_denso,0.5643
0504510000000000100107,Apartadó,1732,0.95,urbano_denso,0.6319
0583710000000000020120,Turbo,3326,0.8,urbano_denso,0.5664
0504510000000000080501,Apartadó,3427,0.8,urbano_denso,0.5634
0583710000000000010308,Turbo,14150,0.6,urbano_medio,0.4212
0504510000000000080305,Apartadó,3614,0.8,urbano_denso,0.5581
0504510000000000080317,Apartadó,2730,0.8,urbano_denso,0.5862
0504510000000000090113,Apartadó,830,0.95,urbano_denso,0.7056
0504510000000000020114,Apartadó,3759,0.8,urbano_denso,0.5541
0583710000000000020702,Turbo,3859,0.8,urbano_denso,0.5515
0504510000000000050224,Apartadó,1703,0.95,urbano_denso,0.6336
0504510000000000040631,Apartadó,83546,0.15,periurbano,0.2431
0583710000000000040411,Turbo,2808,0.8,urbano_denso,0.5834
0504510000000000090304,Apartadó,2770,0.8,urbano_denso,0.5848
0504510000000000040713,Apartadó,1938,0.95,urbano_denso,0.6206
0583720090104100010117,Turbo,3112,0.8,urbano_denso,0.5731
0583710000000000040404,Turbo,4586,0.8,urbano_denso,0.5342
0583720090104100010213,Turbo,4723,0.8,urbano_denso,0.5313
0504510000000000100313,Apartadó,634,0.95,urbano_denso,0.7325
0504510000000000100321,Apartadó,1354,0.95,urbano_denso,0.6566
0583710000000000020110,Turbo,7274,0.6,urbano_medio,0.488
0583710000000000050116,Turbo,1874,0.95,urbano_denso,0.624
0504510000000000090223,Apartadó,2647,0.8,urbano_denso,0.5893
0504510000000000080510,Apartadó,11858,0.6,urbano_medio,0.4389
0504510000000000070307,Apartadó,2128,0.8,urbano_denso,0.6112
0504510000000000080519,Apartadó,534,0.95,urbano_denso,0.7497
0504510000000000100611,Apartadó,14347,0.6,urbano_medio,0.4198
0583710000000000030416,Turbo,8909,0.6,urbano_medio,0.4676
0504510000000000070301,Apartadó,3181,0.8,urbano_denso,0.5709
0583710000000000030112,Turbo,12841,0.6,urbano_medio,0.431
0583710000000000010409,Turbo,3240,0.8,urbano_denso,0.5691
0504510000000000100331,Apartadó,772,0.95,urbano_denso,0.7129
0583710000000000020815,Turbo,5630,0.6,urbano_medio,0.5137
0583710000000000040535,Turbo,5082,0.6,urbano_medio,0.5239
0583710000000000030605,Turbo,5482,0.6,urbano_medio,0.5163
0504510000000000050302,Apartadó,2057,0.8,urbano_denso,0.6146
0583710000000000040551,Turbo,5915,0.6,urbano_medio,0.5087
0583710000000000010304,Turbo,19074,0.35,urbano_medio,0.3913
0504510000000000040213,Apartadó,1781,0.95,urbano_denso,0.629
0504510000000000090417,Apartadó,4897,0.8,urbano_denso,0.5276
0514720011200300010106,Carepa,1715,0.95,urbano_denso,0.6329
0514720011200300010112,Carepa,1785,0.95,urbano_denso,0.6288
0514720010400500010122,Carepa,953,0.95,urbano_denso,0.6918
0514720010800600010102,Carepa,1613,0.95,urbano_denso,0.639
0514720010400800010106,Carepa,1398,0.95,urbano_denso,0.6533
0514720011500900010106,Carepa,4597,0.8,urbano_denso,0.534
0514720010601400010106,Carepa,2462,0.8,urbano_denso,0.5966
0565920020600700010103,San Juan de Urabá,22731,0.35,urbano_medio,0.3737
0504520020301700010105,Apartadó,2881,0.8,urbano_denso,0.5808
0583710000000000010719,Turbo,2123,0.8,urbano_denso,0.6114
0504510000000000020216,Apartadó,4834,0.8,urbano_denso,0.5289
0583710000000000040418,Turbo,3436,0.8,urbano_denso,0.5632
0583710000000000030445,Turbo,519,0.95,urbano_denso,0.7526
0504510000000000020604,Apartadó,2193,0.8,urbano_denso,0.6082
0504510000000000100213,Apartadó,2890,0.8,urbano_denso,0.5805
0583710000000000010444,Turbo,424,0.95,urbano_denso,0.7729
0504510000000000030110,Apartadó,3691,0.8,urbano_denso,0.556
0504510000000000100134,Apartadó,1603,0.95,urbano_denso,0.6396
0504510000000000080202,Apartadó,1536,0.95,urbano_denso,0.6439
0504510000000000040130,Apartadó,1544,0.95,urbano_denso,0.6434
0504510000000000080201,Apartadó,1484,0.95,urbano_denso,0.6473
0504510000000000010711,Apartadó,10981,0.6,urbano_medio,0.4466
0504520030201800010103,Apartadó,3388,0.8,urbano_denso,0.5646
0504510000000000070621,Apartadó,2124,0.8,urbano_denso,0.6114
0504510000000000040412,Apartadó,2134,0.8,urbano_denso,0.6109
0583710000000000050217,Turbo,4590,0.8,urbano_denso,0.5341
0504510000000000010129,Apartadó,3751,0.8,urbano_denso,0.5544
0504510000000000060219,Apartadó,2132,0.8,urbano_denso,0.611
0583710000000000030608,Turbo,4251,0.8,urbano_denso,0.5418
0504510000000000090215,Apartadó,5374,0.6,urbano_medio,0.5183
0504510000000000100308,Apartadó,603,0.95,urbano_denso,0.7376
0583710000000000040714,Turbo,4749,0.8,urbano_denso,0.5307
0504510000000000040632,Apartadó,1225,0.95,urbano_denso,0.6666
0504510000000000050107,Apartadó,1620,0.95,urbano_denso,0.6386
0504510000000000030306,Apartadó,2841,0.8,urbano_denso,0.5822
0504510000000000090310,Apartadó,3279,0.8,urbano_denso,0.5679
0504510000000000010404,Apartadó,4005,0.8,urbano_denso,0.5478
0583710000000000030306,Turbo,6564,0.6,urbano_medio,0.4983
0504510000000000020543,Apartadó,1598,0.95,urbano_denso,0.6399
0504510000000000040138,Apartadó,1544,0.95,urbano_denso,0.6433
0583710000000000040150,Turbo,8666,0.6,urbano_medio,0.4704
0504510000000000090412,Apartadó,1307,0.95,urbano_denso,0.6601
0583710000000000050226,Turbo,3166,0.8,urbano_denso,0.5714
0504510000000000040601,Apartadó,7086,0.6,urbano_medio,0.4906
0504510000000000020624,Apartadó,367,0.95,urbano_denso,0.7874
0583710000000000040215,Turbo,1184,0.95,urbano_denso,0.67
0514720010601400010114,Carepa,2023,0.8,urbano_denso,0.6163
0583710000000000040218,Turbo,733,0.95,urbano_denso,0.718
0583710000000000030325,Turbo,1305,0.95,urbano_denso,0.6602
0504510000000000010139,Apartadó,6037,0.6,urbano_medio,0.5066
0504510000000000010709,Apartadó,5121,0.6,urbano_medio,0.5231
0504510000000000050401,Apartadó,2613,0.8,urbano_denso,0.5906
0583710000000000010617,Turbo,2466,0.8,urbano_denso,0.5964
0504510000000000020524,Apartadó,1541,0.95,urbano_denso,0.6436
0583710000000000010215,Turbo,6755,0.6,urbano_medio,0.4954
0504510000000000080612,Apartadó,580,0.95,urbano_denso,0.7415
0583710000000000040125,Turbo,94349,0.15,periurbano,0.2309
0583710000000000050121,Turbo,2134,0.8,urbano_denso,0.611
0504510000000000080616,Apartadó,1131,0.95,urbano_denso,0.6746
0504510000000000050509,Apartadó,983,0.95,urbano_denso,0.6887
0583710000000000020612,Turbo,3016,0.8,urbano_denso,0.5762
0504510000000000040517,Apartadó,3378,0.8,urbano_denso,0.5649
0504510000000000040507,Apartadó,3035,0.8,urbano_denso,0.5756
0504510000000000020609,Apartadó,2238,0.8,urbano_denso,0.6062
0504510000000000030211,Apartadó,6717,0.6,urbano_medio,0.4959
0504510000000000090205,Apartadó,2068,0.8,urbano_denso,0.6141
0504510000000000090122,Apartadó,1026,0.95,urbano_denso,0.6843
0504510000000000040510,Apartadó,3893,0.8,urbano_denso,0.5506
0504510000000000010509,Apartadó,11516,0.6,urbano_medio,0.4419
0504510000000000060630,Apartadó,1481,0.95,urbano_denso,0.6475
0583710000000000010120,Turbo,2354,0.8,urbano_denso,0.6011
0504510000000000090221,Apartadó,841,0.95,urbano_denso,0.7043
0583710000000000030621,Turbo,3239,0.8,urbano_denso,0.5691
0504510000000000070219,Apartadó,3643,0.8,urbano_denso,0.5573
0583710000000000030726,Turbo,1570,0.95,urbano_denso,0.6417
0504510000000000010136,Apartadó,23107,0.35,urbano_medio,0.372
0504510000000000070417,Apartadó,1996,0.95,urbano_denso,0.6176
0504510000000000070204,Apartadó,2209,0.8,urbano_denso,0.6075
0504510000000000050306,Apartadó,2047,0.8,urbano_denso,0.6151
0504510000000000030507,Apartadó,1485,0.95,urbano_denso,0.6473
0504510000000000080620,Apartadó,1974,0.95,urbano_denso,0.6188
0583710000000000030812,Turbo,1157,0.95,urbano_denso,0.6723
0583710000000000010315,Turbo,20307,0.35,urbano_medio,0.385
0504510000000000020310,Apartadó,5650,0.6,urbano_medio,0.5133
0504510000000000080701,Apartadó,14361,0.6,urbano_medio,0.4197
0583710000000000030627,Turbo,3841,0.8,urbano_denso,0.552
0504510000000000030220,Apartadó,6596,0.6,urbano_medio,0.4978
0583710000000000020708,Turbo,6446,0.6,urbano_medio,0.5001
0583710000000000020810,Turbo,23967,0.35,urbano_medio,0.3684
0583710000000000040523,Turbo,5143,0.6,urbano_medio,0.5227
0583720090104100010211,Turbo,4746,0.8,urbano_denso,0.5308
0504510000000000060212,Apartadó,2025,0.8,urbano_denso,0.6162
0504510000000000040623,Apartadó,1138,0.95,urbano_denso,0.674
0504510000000000090220,Apartadó,1501,0.95,urbano_denso,0.6462
0504510000000000030703,Apartadó,4548,0.8,urbano_denso,0.5351
0504510000000000070117,Apartadó,3082,0.8,urbano_denso,0.5741
0504510000000000070435,Apartadó,5847,0.6,urbano_medio,0.5099
0504510000000000100333,Apartadó,1836,0.95,urbano_denso,0.626
0583710000000000050220,Turbo,2982,0.8,urbano_denso,0.5774
0504510000000000070614,Apartadó,3487,0.8,urbano_denso,0.5617
0583710000000000030102,Turbo,3727,0.8,urbano_denso,0.555
0583710000000000010134,Turbo,3236,0.8,urbano_denso,0.5692
0583710000000000030823,Turbo,1586,0.95,urbano_denso,0.6407
0583710000000000040120,Turbo,6258,0.6,urbano_medio,0.503
0504510000000000010315,Apartadó,4252,0.8,urbano_denso,0.5418
0583710000000000010612,Turbo,3910,0.8,urbano_denso,0.5502
0504510000000000060118,Apartadó,2054,0.8,urbano_denso,0.6148
0583710000000000040710,Turbo,5633,0.6,urbano_medio,0.5136
0583710000000000030529,Turbo,359,0.95,urbano_denso,0.7896
0583710000000000040536,Turbo,4401,0.8,urbano_denso,0.5383
0583710000000000030810,Turbo,2159,0.8,urbano_denso,0.6098
0583710000000000010314,Turbo,9479,0.6,urbano_medio,0.4614
0504510000000000070426,Apartadó,2470,0.8,urbano_denso,0.5963
0504510000000000020220,Apartadó,9019,0.6,urbano_medio,0.4664
0504510000000000040302,Apartadó,4889,0.8,urbano_denso,0.5278
0504510000000000080505,Apartadó,2129,0.8,urbano_denso,0.6111
0583710000000000040716,Turbo,4801,0.8,urbano_denso,0.5296
0583710000000000030319,Turbo,777,0.95,urbano_denso,0.7122
0504510000000000040622,Apartadó,2949,0.8,urbano_denso,0.5785
0583710000000000010105,Turbo,49266,0.35,urbano_medio,0.2961
0504510000000000040720,Apartadó,1920,0.95,urbano_denso,0.6215
0583710000000000030415,Turbo,9658,0.6,urbano_medio,0.4595
0583710000000000040131,Turbo,12700,0.6,urbano_medio,0.4321
0583710000000000040722,Turbo,2393,0.8,urbano_denso,0.5995
0583710000000000040705,Turbo,2363,0.8,urbano_denso,0.6007
0583710000000000020102,Turbo,4431,0.8,urbano_denso,0.5377
0504510000000000030327,Apartadó,582,0.95,urbano_denso,0.7411
0504510000000000060521,Apartadó,2488,0.8,urbano_denso,0.5955
0583710000000000040724,Turbo,12037,0.6,urbano_medio,0.4374
0504510000000000050110,Apartadó,1866,0.95,urbano_denso,0.6244
0583710000000000040720,Turbo,4724,0.8,urbano_denso,0.5312
0504510000000000020549,Apartadó,2434,0.8,urbano_denso,0.5977
0504510000000000080113,Apartadó,1825,0.95,urbano_denso,0.6266
0504510000000000020316,Apartadó,3721,0.8,urbano_denso,0.5552
0583710000000000040504,Turbo,130485,0.15,periurbano,0.1984
0504510000000000060422,Apartadó,2032,0.8,urbano_denso,0.6159
0583710000000000030701,Turbo,3445,0.8,urbano_denso,0.5629
0583710000000000030103,Turbo,10422,0.6,urbano_medio,0.4519
0504510000000000070124,Apartadó,2228,0.8,urbano_denso,0.6066
0504510000000000010712,Apartadó,5758,0.6,urbano_medio,0.5114
0504510000000000060122,Apartadó,2011,0.8,urbano_denso,0.6169
0583710000000000010605,Turbo,2704,0.8,urbano_denso,0.5872
0504510000000000060632,Apartadó,1406,0.95,urbano_denso,0.6527
0504510000000000070721,Apartadó,7916,0.6,urbano_medio,0.4795
0583710000000000050307,Turbo,981,0.95,urbano_denso,0.6889
0504510000000000070133,Apartadó,282,0.95,urbano_denso,0.8136
0583710000000000020706,Turbo,2349,0.8,urbano_denso,0.6013
0504510000000000020221,Apartadó,1096,0.95,urbano_denso,0.6777
0504510000000000040614,Apartadó,3097,0.8,urbano_denso,0.5736
0583710000000000010201,Turbo,3494,0.8,urbano_denso,0.5615
0583710000000000040103,Turbo,12239,0.6,urbano_medio,0.4358
0504510000000000060103,Apartadó,3188,0.8,urbano_denso,0.5707
0504510000000000030227,Apartadó,1694,0.95,urbano_denso,0.6341
0583710000000000010602,Turbo,3170,0.8,urbano_denso,0.5713
0504510000000000030120,Apartadó,46927,0.35,urbano_medio,0.301
0583710000000000050221,Turbo,2993,0.8,urbano_denso,0.577
0504510000000000030503,Apartadó,3016,0.8,urbano_denso,0.5762
0504510000000000020527,Apartadó,5086,0.6,urbano_medio,0.5238
0504510000000000100122,Apartadó,2426,0.8,urbano_denso,0.5981
0583710000000000010714,Turbo,2850,0.8,urbano_denso,0.5819
0504510000000000100215,Apartadó,2703,0.8,urbano_denso,0.5872
0583710000000000050127,Turbo,2408,0.8,urbano_denso,0.5988
0504510000000000020501,Apartadó,2653,0.8,urbano_denso,0.5891
0504510000000000040115,Apartadó,2807,0.8,urbano_denso,0.5834
0504510000000000020416,Apartadó,4149,0.8,urbano_denso,0.5443
0504510000000000040633,Apartadó,2424,0.8,urbano_denso,0.5981
0504510000000000090216,Apartadó,1628,0.95,urbano_denso,0.6381
0504510000000000050319,Apartadó,1526,0.95,urbano_denso,0.6446
0504510000000000020319,Apartadó,2141,0.8,urbano_denso,0.6106
0504510000000000060210,Apartadó,3375,0.8,urbano_denso,0.565
0583710000000000020703,Turbo,4957,0.8,urbano_denso,0.5264
0514720011200300010120,Carepa,43,0.95,urbano_denso,1.0
0583710000000000030722,Turbo,2175,0.8,urbano_denso,0.609
0504510000000000100131,Apartadó,2344,0.8,urbano_denso,0.6015
0504510000000000010132,Apartadó,12328,0.6,urbano_medio,0.435
0504510000000000050116,Apartadó,3608,0.8,urbano_denso,0.5583
0504510000000000070712,Apartadó,1364,0.95,urbano_denso,0.6558
0504510000000000030614,Apartadó,1419,0.95,urbano_denso,0.6519
0504510000000000010517,Apartadó,6140,0.6,urbano_medio,0.5049
0583710000000000050138,Turbo,2011,0.8,urbano_denso,0.6169
0504510000000000100306,Apartadó,1189,0.95,urbano_denso,0.6696
0504510000000000060817,Apartadó,3374,0.8,urbano_denso,0.565
0583710000000000020132,Turbo,3727,0.8,urbano_denso,0.555
0504510000000000070707,Apartadó,1028,0.95,urbano_denso,0.6841
0504510000000000010409,Apartadó,4000,0.8,urbano_denso,0.5479
0504510000000000030519,Apartadó,1268,0.95,urbano_denso,0.6631
0583710000000000040505,Turbo,10964,0.6,urbano_medio,0.4468
0504510000000000030615,Apartadó,798,0.95,urbano_denso,0.7096
0504510000000000050315,Apartadó,1123,0.95,urbano_denso,0.6753
0583710000000000020803,Turbo,27122,0.35,urbano_medio,0.356
0504510000000000070310,Apartadó,2921,0.8,urbano_denso,0.5795
0583710000000000020319,Turbo,4912,0.8,urbano_denso,0.5273
0504510000000000080104,Apartadó,2348,0.8,urbano_denso,0.6013
0583710000000000040314,Turbo,10010,0.6,urbano_medio,0.4559
0504510000000000020313,Apartadó,3307,0.8,urbano_denso,0.567
0504510000000000010130,Apartadó,3741,0.8,urbano_denso,0.5547
0504510000000000030304,Apartadó,3343,0.8,urbano_denso,0.5659
0504510000000000040607,Apartadó,31305,0.35,urbano_medio,0.3416
0583710000000000040530,Turbo,5061,0.6,urbano_medio,0.5243
0504510000000000080304,Apartadó,3527,0.8,urbano_denso,0.5605
0583710000000000050131,Turbo,1704,0.95,urbano_denso,0.6335
0504510000000000020605,Apartadó,2202,0.8,urbano_denso,0.6078
0583710000000000020408,Turbo,3132,0.8,urbano_denso,0.5725
0504510000000000060818,Apartadó,4252,0.8,urbano_denso,0.5418
0504510000000000030201,Apartadó,3930,0.8,urbano_denso,0.5497
0504510000000000010518,Apartadó,26134,0.35,urbano_medio,0.3597
0504510000000000030311,Apartadó,1893,0.95,urbano_denso,0.623
0504510000000000030317,Apartadó,3330,0.8,urbano_denso,0.5663
0514720011200300010101,Carepa,3663,0.8,urbano_denso,0.5568
0514720010400400010104,Carepa,2548,0.8,urbano_denso,0.5931
0514720010400500010115,Carepa,1909,0.95,urbano_denso,0.6221
0514720010400500010121,Carepa,8230,0.6,urbano_medio,0.4756
0514720010400500010128,Carepa,2811,0.8,urbano_denso,0.5833
0514720010400800010102,Carepa,975,0.95,urbano_denso,0.6894
0514720010601400010107,Carepa,1810,0.95,urbano_denso,0.6274
0517220100601300010102,Chigorodó,3631,0.8,urbano_denso,0.5576
0583720050403300010104,Turbo,5714,0.6,urbano_medio,0.5122
0565920010400800010110,San Juan de Urabá,14469,0.6,urbano_medio,0.419
0565920010400800010104,San Juan de Urabá,11292,0.6,urbano_medio,0.4438
0505120040101900010101,Arboletes,40200,0.35,urbano_medio,0.3165
0504510000000000010134,Apartadó,1149,0.95,urbano_denso,0.673
0504510000000000050207,Apartadó,1083,0.95,urbano_denso,0.6789
0504510000000000100603,Apartadó,616,0.95,urbano_denso,0.7355
0583710000000000010440,Turbo,452,0.95,urbano_denso,0.7665
0583710000000000030601,Turbo,6232,0.6,urbano_medio,0.5035
0504510000000000070437,Apartadó,624,0.95,urbano_denso,0.7341
0583710000000000050224,Turbo,3217,0.8,urbano_denso,0.5698
0504510000000000020312,Apartadó,5356,0.6,urbano_medio,0.5186
0504510000000000020113,Apartadó,6201,0.6,urbano_medio,0.504
0504510000000000070702,Apartadó,1309,0.95,urbano_denso,0.6599
0504510000000000100332,Apartadó,2304,0.8,urbano_denso,0.6033
0504510000000000030216,Apartadó,4805,0.8,urbano_denso,0.5295
0504510000000000010219,Apartadó,38053,0.35,urbano_medio,0.322
0583710000000000030228,Turbo,2839,0.8,urbano_denso,0.5823
0504510000000000040411,Apartadó,1842,0.95,urbano_denso,0.6257
0583710000000000020129,Turbo,631,0.95,urbano_denso,0.7331
0504510000000000080306,Apartadó,2359,0.8,urbano_denso,0.6009
0504510000000000070104,Apartadó,2130,0.8,urbano_denso,0.6111
0583710000000000020601,Turbo,3955,0.8,urbano_denso,0.5491
0504510000000000020528,Apartadó,1057,0.95,urbano_denso,0.6813
0583710000000000030504,Turbo,861,0.95,urbano_denso,0.702
0583710000000000050205,Turbo,1453,0.95,urbano_denso,0.6494
0504510000000000060802,Apartadó,1409,0.95,urbano_denso,0.6526
0504510000000000100612,Apartadó,600,0.95,urbano_denso,0.738
0504510000000000060808,Apartadó,2775,0.8,urbano_denso,0.5846
0504510000000000090508,Apartadó,2224,0.8,urbano_denso,0.6068
0504510000000000010514,Apartadó,3490,0.8,urbano_denso,0.5616
0583710000000000020812,Turbo,43350,0.35,urbano_medio,0.3089
0504510000000000080116,Apartadó,2564,0.8,urbano_denso,0.5925
0504510000000000060629,Apartadó,1588,0.95,urbano_denso,0.6405
0504510000000000080417,Apartadó,2228,0.8,urbano_denso,0.6066
0504510000000000020210,Apartadó,5211,0.6,urbano_medio,0.5214
0504510000000000030213,Apartadó,2747,0.8,urbano_denso,0.5856
0504510000000000010414,Apartadó,2490,0.8,urbano_denso,0.5955
0583710000000000030607,Turbo,4301,0.8,urbano_denso,0.5406
0583710000000000030733,Turbo,5326,0.6,urbano_medio,0.5192
0504510000000000050104,Apartadó,565,0.95,urbano_denso,0.744
0583710000000000020505,Turbo,5826,0.6,urbano_medio,0.5102
0504510000000000090401,Apartadó,2526,0.8,urbano_denso,0.594
0583710000000000030806,Turbo,3237,0.8,urbano_denso,0.5692
0583710000000000040213,Turbo,3586,0.8,urbano_denso,0.5589
0583710000000000040159,Turbo,1289,0.95,urbano_denso,0.6615
0504510000000000080117,Apartadó,515,0.95,urbano_denso,0.7533
0583710000000000030316,Turbo,2765,0.8,urbano_denso,0.585
0504510000000000080109,Apartadó,124263,0.15,periurbano,0.2033
0583710000000000040173,Turbo,6664,0.6,urbano_medio,0.4967
0504510000000000100326,Apartadó,3256,0.8,urbano_denso,0.5686
0583720090104100010118,Turbo,3439,0.8,urbano_denso,0.5631
0583710000000000020605,Turbo,2323,0.8,urbano_denso,0.6024
0504510000000000060401,Apartadó,2987,0.8,urbano_denso,0.5772
0583720090104100010110,Turbo,6365,0.6,urbano_medio,0.5013
0504510000000000020518,Apartadó,2717,0.8,urbano_denso,0.5867
0504510000000000040506,Apartadó,3157,0.8,urbano_denso,0.5717
0504510000000000010623,Apartadó,8713,0.6,urbano_medio,0.4698
0504510000000000080504,Apartadó,2171,0.8,urbano_denso,0.6092
0504510000000000080631,Apartadó,1035,0.95,urbano_denso,0.6835
0504510000000000030522,Apartadó,2996,0.8,urbano_denso,0.5769
0504510000000000080111,Apartadó,2363,0.8,urbano_denso,0.6007
0504510000000000070110,Apartadó,2635,0.8,urbano_denso,0.5898
0504510000000000080213,Apartadó,1760,0.95,urbano_denso,0.6303
0565910000000000010223,San Juan de Urabá,1510,0.95,urbano_denso,0.6456
0504510000000000020555,Apartadó,260,0.95,urbano_denso,0.8219
0504510000000000100410,Apartadó,2306,0.8,urbano_denso,0.6031
0504510000000000040634,Apartadó,358,0.95,urbano_denso,0.7897
0583710000000000040511,Turbo,5838,0.6,urbano_medio,0.51
0583710000000000030821,Turbo,1477,0.95,urbano_denso,0.6478
0504510000000000060614,Apartadó,3250,0.8,urbano_denso,0.5688
0583710000000000020413,Turbo,1588,0.95,urbano_denso,0.6406
0504510000000000050511,Apartadó,1003,0.95,urbano_denso,0.6866
0583710000000000030111,Turbo,8451,0.6,urbano_medio,0.4729
0504510000000000040206,Apartadó,1835,0.95,urbano_denso,0.6261
0504510000000000070524,Apartadó,2029,0.8,urbano_denso,0.616
0583710000000000050112,Turbo,2487,0.8,urbano_denso,0.5956
0504510000000000100218,Apartadó,1192,0.95,urbano_denso,0.6693
0583710000000000030814,Turbo,1861,0.95,urbano_denso,0.6247
0583710000000000040733,Turbo,8633,0.6,urbano_medio,0.4708
0504510000000000010110,Apartadó,1758,0.95,urbano_denso,0.6303
0504510000000000010715,Apartadó,2490,0.8,urbano_denso,0.5955
0504510000000000060419,Apartadó,3346,0.8,urbano_denso,0.5658
0583710000000000050518,Turbo,2200,0.8,urbano_denso,0.6079
0583720090104100010116,Turbo,20529,0.35,urbano_medio,0.3839
0504510000000000100220,Apartadó,1030,0.95,urbano_denso,0.684
0504510000000000060813,Apartadó,3277,0.8,urbano_denso,0.5679
0583710000000000050411,Turbo,1064,0.95,urbano_denso,0.6807
0583710000000000020310,Turbo,3050,0.8,urbano_denso,0.5751
0504510000000000050411,Apartadó,2756,0.8,urbano_denso,0.5853
0583710000000000030204,Turbo,4150,0.8,urbano_denso,0.5442
0583710000000000040723,Turbo,4445,0.8,urbano_denso,0.5373
0583710000000000050124,Turbo,2111,0.8,urbano_denso,0.612
0504510000000000030709,Apartadó,17389,0.35,urbano_medio,0.4005
0504510000000000040712,Apartadó,1757,0.95,urbano_denso,0.6304
0504510000000000010317,Apartadó,1935,0.95,urbano_denso,0.6208
0583710000000000010614,Turbo,4050,0.8,urbano_denso,0.5467
0504510000000000090106,Apartadó,1747,0.95,urbano_denso,0.631
0504510000000000100222,Apartadó,876,0.95,urbano_denso,0.7001
0504510000000000040216,Apartadó,1738,0.95,urbano_denso,0.6315
0583710000000000010732,Turbo,3427,0.8,urbano_denso,0.5634
0504510000000000010607,Apartadó,1744,0.95,urbano_denso,0.6312
0514720010400400010108,Carepa,1910,0.95,urbano_denso,0.6221
0514720010400400010114,Carepa,1213,0.95,urbano_denso,0.6676
0514720010400500010103,Carepa,899,0.95,urbano_denso,0.6975
0514720010400500010106,Carepa,706,0.95,urbano_denso,0.7218
0514720011500900010102,Carepa,1129,0.95,urbano_denso,0.6747
0514720010601400010110,Carepa,23225,0.35,urbano_medio,0.3715
0566520040701400010102,San Pedro de Urabá,1248,0.95,urbano_denso,0.6647
0565920010400800010105,San Juan de Urabá,9003,0.6,urbano_medio,0.4666
0505120020301700010101,Arboletes,9724,0.6,urbano_medio,0.4588
0583710000000000050505,Turbo,396,0.95,urbano_denso,0.7798
0504510000000000080303,Apartadó,3972,0.8,urbano_denso,0.5486
0504510000000000020630,Apartadó,2664,0.8,urbano_denso,0.5887
0504510000000000020321,Apartadó,313,0.95,urbano_denso,0.8033
0583710000000000040537,Turbo,4330,0.8,urbano_denso,0.54
0583720090104100010212,Turbo,4713,0.8,urbano_denso,0.5315
0504510000000000080204,Apartadó,1642,0.95,urbano_denso,0.6372
0583710000000000020401,Turbo,4145,0.8,urbano_denso,0.5444
0504510000000000070523,Apartadó,532,0.95,urbano_denso,0.7501
0583710000000000030301,Turbo,7315,0.6,urbano_medio,0.4874
0583710000000000020317,Turbo,2852,0.8,urbano_denso,0.5818
0504510000000000070619,Apartadó,2017,0.8,urbano_denso,0.6166
0583720090104100010114,Turbo,10501,0.6,urbano_medio,0.4511
0504510000000000040135,Apartadó,1561,0.95,urbano_denso,0.6423
0504510000000000020421,Apartadó,380,0.95,urbano_denso,0.7837
0504510000000000090324,Apartadó,1597,0.95,urbano_denso,0.64
0504510000000000060216,Apartadó,11003,0.6,urbano_medio,0.4464
0583710000000000030813,Turbo,2981,0.8,urbano_denso,0.5774
0583710000000000030506,Turbo,1215,0.95,urbano_denso,0.6674
0504510000000000060410,Apartadó,2245,0.8,urbano_denso,0.6058
0504510000000000070413,Apartadó,2115,0.8,urbano_denso,0.6118
0504510000000000060815,Apartadó,2020,0.8,urbano_denso,0.6164
0504510000000000020110,Apartadó,1626,0.95,urbano_denso,0.6382
0504510000000000080609,Apartadó,1122,0.95,urbano_denso,0.6754
0504510000000000100310,Apartadó,568,0.95,urbano_denso,0.7436
0583710000000000040168,Turbo,179,0.95,urbano_denso,0.859
0504510000000000040134,Apartadó,1534,0.95,urbano_denso,0.644
0583710000000000020307,Turbo,5215,0.6,urbano_medio,0.5213
0504510000000000030604,Apartadó,2089,0.8,urbano_denso,0.6131
0504510000000000100503,Apartadó,5637,0.6,urbano_medio,0.5135
0583710000000000010733,Turbo,6779,0.6,urbano_medio,0.495
0504510000000000020545,Apartadó,988,0.95,urbano_denso,0.6882
0504510000000000070229,Apartadó,2350,0.8,urbano_denso,0.6013
0583710000000000040735,Turbo,2837,0.8,urbano_denso,0.5824
0583710000000000040315,Turbo,1357,0.95,urbano_denso,0.6563
0583710000000000010306,Turbo,6074,0.6,urbano_medio,0.506
0504510000000000070624,Apartadó,1566,0.95,urbano_denso,0.642
0504510000000000080606,Apartadó,873,0.95,urbano_denso,0.7005
0504510000000000020303,Apartadó,3515,0.8,urbano_denso,0.5609
0504510000000000040619,Apartadó,2521,0.8,urbano_denso,0.5942
0504510000000000070617,Apartadó,3761,0.8,urbano_denso,0.5541
0504510000000000100311,Apartadó,405,0.95,urbano_denso,0.7773
0504510000000000050513,Apartadó,3798,0.8,urbano_denso,0.5531
0504510000000000100318,Apartadó,1397,0.95,urbano_denso,0.6534
0504510000000000070129,Apartadó,1092,0.95,urbano_denso,0.6781
0583710000000000040549,Turbo,2537,0.8,urbano_denso,0.5936
0504510000000000060609,Apartadó,3173,0.8,urbano_denso,0.5711
0504510000000000070414,Apartadó,2619,0.8,urbano_denso,0.5904
0583710000000000010410,Turbo,3718,0.8,urbano_denso,0.5553
0583710000000000030519,Turbo,1513,0.95,urbano_denso,0.6454
0583710000000000040219,Turbo,3130,0.8,urbano_denso,0.5725
0583710000000000030408,Turbo,3778,0.8,urbano_denso,0.5537
0583710000000000030817,Turbo,925,0.95,urbano_denso,0.6947
0583710000000000010114,Turbo,2359,0.8,urbano_denso,0.6009
0504510000000000040707,Apartadó,2700,0.8,urbano_denso,0.5873
0504510000000000030224,Apartadó,2237,0.8,urbano_denso,0.6062
0504510000000000090102,Apartadó,1395,0.95,urbano_denso,0.6536
0583710000000000010222,Turbo,787,0.95,urbano_denso,0.711
0583710000000000040151,Turbo,5339,0.6,urbano_medio,0.519
0504510000000000100323,Apartadó,1379,0.95,urbano_denso,0.6547
0504510000000000070629,Apartadó,1888,0.95,urbano_denso,0.6232
0583710000000000040113,Turbo,61255,0.15,periurbano,0.2742
0583710000000000020409,Turbo,4034,0.8,urbano_denso,0.5471
0504510000000000050223,Apartadó,1553,0.95,urbano_denso,0.6428
0583710000000000030302,Turbo,12612,0.6,urbano_medio,0.4328
0583710000000000010140,Turbo,1057,0.95,urbano_denso,0.6813
0504510000000000080418,Apartadó,2705,0.8,urbano_denso,0.5871
0504510000000000070121,Apartadó,2458,0.8,urbano_denso,0.5968
0504510000000000100217,Apartadó,2173,0.8,urbano_denso,0.6091
0583710000000000010709,Turbo,2684,0.8,urbano_denso,0.5879
0504510000000000020536,Apartadó,17993,0.35,urbano_medio,0.3971
0583710000000000040205,Turbo,2673,0.8,urbano_denso,0.5884
0583710000000000010606,Turbo,7909,0.6,urbano_medio,0.4796
0583710000000000010615,Turbo,2214,0.8,urbano_denso,0.6072
0583710000000000040160,Turbo,3410,0.8,urbano_denso,0.5639
0583710000000000040121,Turbo,814,0.95,urbano_denso,0.7076
0504510000000000070322,Apartadó,2087,0.8,urbano_denso,0.6132
0504510000000000050103,Apartadó,3361,0.8,urbano_denso,0.5654
0583710000000000040417,Turbo,480,0.95,urbano_denso,0.7604
0504510000000000060415,Apartadó,2022,0.8,urbano_denso,0.6163
0504510000000000070321,Apartadó,833,0.95,urbano_denso,0.7052
0504510000000000060602,Apartadó,1938,0.95,urbano_denso,0.6206
0504510000000000010416,Apartadó,3017,0.8,urbano_denso,0.5762
0583720090104100010109,Turbo,6683,0.6,urbano_medio,0.4965
0583720090104100010113,Turbo,8803,0.6,urbano_medio,0.4688
0504510000000000020302,Apartadó,2712,0.8,urbano_denso,0.5869
0504510000000000070115,Apartadó,2037,0.8,urbano_denso,0.6156
0583710000000000030818,Turbo,1260,0.95,urbano_denso,0.6638
0504510000000000080622,Apartadó,1483,0.95,urbano_denso,0.6474
0504510000000000040617,Apartadó,3078,0.8,urbano_denso,0.5742
0583710000000000040208,Turbo,4925,0.8,urbano_denso,0.5271
0504510000000000040727,Apartadó,1972,0.95,urbano_denso,0.6189
0504510000000000080415,Apartadó,1815,0.95,urbano_denso,0.6271
0583710000000000030625,Turbo,3801,0.8,urbano_denso,0.553
0504510000000000090201,Apartadó,1632,0.95,urbano_denso,0.6378
0504510000000000070713,Apartadó,1287,0.95,urbano_denso,0.6616
0504510000000000030218,Apartadó,3312,0.8,urbano_denso,0.5669
0504510000000000010222,Apartadó,14984,0.6,urbano_medio,0.4155
0583710000000000020410,Turbo,3007,0.8,urbano_denso,0.5766
0504510000000000090105,Apartadó,1507,0.95,urbano_denso,0.6458
0583710000000000030304,Turbo,14582,0.6,urbano_medio,0.4182
0504510000000000050214,Apartadó,1579,0.95,urbano_denso,0.6411
0504510000000000080623,Apartadó,1977,0.95,urbano_denso,0.6186
0583710000000000040526,Turbo,11776,0.6,urbano_medio,0.4396
0504510000000000010307,Apartadó,9412,0.6,urbano_medio,0.4621
0583710000000000010137,Turbo,3035,0.8,urbano_denso,0.5756
0504510000000000070106,Apartadó,3658,0.8,urbano_denso,0.5569
0504510000000000010220,Apartadó,3661,0.8,urbano_denso,0.5568
0583710000000000020112,Turbo,2805,0.8,urbano_denso,0.5835
0504510000000000020508,Apartadó,18619,0.35,urbano_medio,0.3937
0583710000000000010515,Turbo,1688,0.95,urbano_denso,0.6344
0504510000000000070223,Apartadó,50503,0.15,periurbano,0.2936
0504510000000000060626,Apartadó,2169,0.8,urbano_denso,0.6093
0504510000000000060508,Apartadó,3281,0.8,urbano_denso,0.5678
0504510000000000010401,Apartadó,1643,0.95,urbano_denso,0.6371
0504510000000000020225,Apartadó,324,0.95,urbano_denso,0.7997
0504510000000000040207,Apartadó,1676,0.95,urbano_denso,0.6351
0583710000000000010122,Turbo,2687,0.8,urbano_denso,0.5878
0504510000000000080507,Apartadó,2488,0.8,urbano_denso,0.5956
0583710000000000010520,Turbo,7348,0.6,urbano_medio,0.4869
0504510000000000050117,Apartadó,2409,0.8,urbano_denso,0.5988
0583710000000000030804,Turbo,2052,0.8,urbano_denso,0.6149
0504510000000000010512,Apartadó,7197,0.6,urbano_medio,0.489
0504510000000000040305,Apartadó,4699,0.8,urbano_denso,0.5318
0504510000000000090108,Apartadó,2874,0.8,urbano_denso,0.5811
0583710000000000010432,Turbo,927,0.95,urbano_denso,0.6945
0504510000000000010127,Apartadó,3918,0.8,urbano_denso,0.55
0504510000000000100204,Apartadó,1631,0.95,urbano_denso,0.6379
0583710000000000030706,Turbo,1675,0.95,urbano_denso,0.6352
0504510000000000030613,Apartadó,793,0.95,urbano_denso,0.7101
0583710000000000010625,Turbo,188293,0.15,periurbano,0.1616
0583710000000000030402,Turbo,5530,0.6,urbano_medio,0.5154
0504510000000000070217,Apartadó,2389,0.8,urbano_denso,0.5996
0583710000000000010106,Turbo,2487,0.8,urbano_denso,0.5956
0504510000000000060218,Apartadó,2301,0.8,urbano_denso,0.6034
0583710000000000020818,Turbo,1312,0.95,urbano_denso,0.6597
0504510000000000040602,Apartadó,4815,0.8,urbano_denso,0.5293
0583710000000000040164,Turbo,5696,0.6,urbano_medio,0.5125
0504510000000000070623,Apartadó,3520,0.8,urbano_denso,0.5608
0583710000000000050105,Turbo,1956,0.95,urbano_denso,0.6196
0583710000000000040510,Turbo,10735,0.6,urbano_medio,0.4489
0504510000000000100609,Apartadó,725,0.95,urbano_denso,0.7191
0504510000000000050512,Apartadó,1194,0.95,urbano_denso,0.6691
0504510000000000050314,Apartadó,1644,0.95,urbano_denso,0.6371
0504510000000000060803,Apartadó,754,0.95,urbano_denso,0.7152
0583710000000000040112,Turbo,5013,0.6,urbano_medio,0.5253
0583710000000000030104,Turbo,10140,0.6,urbano_medio,0.4546
0504510000000000090509,Apartadó,1631,0.95,urbano_denso,0.6379
0583710000000000010133,Turbo,3261,0.8,urbano_denso,0.5684
0504510000000000100118,Apartadó,2961,0.8,urbano_denso,0.5781
0504510000000000090117,Apartadó,813,0.95,urbano_denso,0.7077
0583720090104100010206,Turbo,2766,0.8,urbano_denso,0.5849
0504510000000000070504,Apartadó,2270,0.8,urbano_denso,0.6047
0504510000000000040121,Apartadó,2008,0.8,urbano_denso,0.617
0504510000000000040310,Apartadó,2874,0.8,urbano_denso,0.5811
0504510000000000070706,Apartadó,612,0.95,urbano_denso,0.736
0583710000000000010108,Turbo,2339,0.8,urbano_denso,0.6017
0583710000000000010609,Turbo,10032,0.6,urbano_medio,0.4557
0504510000000000100115,Apartadó,2815,0.8,urbano_denso,0.5832
0504510000000000050216,Apartadó,881,0.95,urbano_denso,0.6996
0504510000000000030506,Apartadó,2941,0.8,urbano_denso,0.5788
0504510000000000020115,Apartadó,1662,0.95,urbano_denso,0.636
0583710000000000010446,Turbo,13856,0.6,urbano_medio,0.4233
0583710000000000010429,Turbo,3460,0.8,urbano_denso,0.5625
0504510000000000030410,Apartadó,4104,0.8,urbano_denso,0.5454
0504510000000000020208,Apartadó,3073,0.8,urbano_denso,0.5744
0504510000000000090222,Apartadó,2394,0.8,urbano_denso,0.5994
0504510000000000010131,Apartadó,19042,0.35,urbano_medio,0.3914
0583710000000000020116,Turbo,3796,0.8,urbano_denso,0.5532
0504510000000000010109,Apartadó,2327,0.8,urbano_denso,0.6023
0583710000000000030633,Turbo,5032,0.6,urbano_medio,0.5249
0583710000000000030414,Turbo,9185,0.6,urbano_medio,0.4646
0504510000000000030610,Apartadó,1497,0.95,urbano_denso,0.6465
0504510000000000030407,Apartadó,4199,0.8,urbano_denso,0.5431
0504510000000000030528,Apartadó,17225,0.35,urbano_medio,0.4015
0583710000000000020203,Turbo,3735,0.8,urbano_denso,0.5548
0504510000000000050414,Apartadó,644,0.95,urbano_denso,0.731
0504510000000000070405,Apartadó,1758,0.95,urbano_denso,0.6304
0583710000000000020902,Turbo,5668,0.6,urbano_medio,0.513
0514720010400400010120,Carepa,2291,0.8,urbano_denso,0.6038
0514720010400500010116,Carepa,1253,0.95,urbano_denso,0.6643
0514720010400500010124,Carepa,2089,0.8,urbano_denso,0.6131
0514720010800600010111,Carepa,11555,0.6,urbano_medio,0.4415
0514720010800600010101,Carepa,21930,0.35,urbano_medio,0.3773
0514720010601400010113,Carepa,2342,0.8,urbano_denso,0.6016
0504520020301700010108,Apartadó,13337,0.6,urbano_medio,0.4271
0565920010400800010102,San Juan de Urabá,2387,0.8,urbano_denso,0.5997
0514720010401500010102,Carepa,28969,0.35,urbano_medio,0.3493
0566520040701400010106,San Pedro de Urabá,1359,0.95,urbano_denso,0.6562
0583720200100700010101,Turbo,2863,0.8,urbano_denso,0.5815
0504510000000000010415,Apartadó,3089,0.8,urbano_denso,0.5738
0504510000000000080517,Apartadó,2196,0.8,urbano_denso,0.608
0583710000000000010119,Turbo,3751,0.8,urbano_denso,0.5544
0583710000000000010319,Turbo,819,0.95,urbano_denso,0.707
0504510000000000090334,Apartadó,12020,0.6,urbano_medio,0.4376
0504510000000000060121,Apartadó,2005,0.8,urbano_denso,0.6172
0504510000000000010312,Apartadó,1741,0.95,urbano_denso,0.6313
0504510000000000030315,Apartadó,3446,0.8,urbano_denso,0.5629
0504510000000000060507,Apartadó,2158,0.8,urbano_denso,0.6098
0504510000000000070311,Apartadó,2161,0.8,urbano_denso,0.6097
0504510000000000070525,Apartadó,2299,0.8,urbano_denso,0.6035
0504510000000000070411,Apartadó,1736,0.95,urbano_denso,0.6316
0504510000000000030210,Apartadó,9376,0.6,urbano_medio,0.4625
0504510000000000050322,Apartadó,799,0.95,urbano_denso,0.7093
0504510000000000010710,Apartadó,2545,0.8,urbano_denso,0.5933
0504510000000000080502,Apartadó,2610,0.8,urbano_denso,0.5908
0583710000000000040304,Turbo,705,0.95,urbano_denso,0.7219
0504510000000000030217,Apartadó,2077,0.8,urbano_denso,0.6137
0583710000000000030705,Turbo,3157,0.8,urbano_denso,0.5717
0583710000000000010611,Turbo,3993,0.8,urbano_denso,0.5481
0583710000000000010104,Turbo,2261,0.8,urbano_denso,0.6052
0504510000000000070505,Apartadó,2343,0.8,urbano_denso,0.6016
0583710000000000040501,Turbo,4154,0.8,urbano_denso,0.5441
0504510000000000060402,Apartadó,1985,0.95,urbano_denso,0.6182
0504510000000000040708,Apartadó,2624,0.8,urbano_denso,0.5902
0504510000000000010515,Apartadó,7815,0.6,urbano_medio,0.4808
0583710000000000010437,Turbo,340,0.95,urbano_denso,0.795
0504510000000000070206,Apartadó,3647,0.8,urbano_denso,0.5572
0583710000000000010721,Turbo,2629,0.8,urbano_denso,0.59
0583710000000000030615,Turbo,4475,0.8,urbano_denso,0.5367
0504510000000000010627,Apartadó,7954,0.6,urbano_medio,0.479
0583710000000000050114,Turbo,172793,0.15,periurbano,0.1702
0583710000000000030822,Turbo,1665,0.95,urbano_denso,0.6358
0504520030201800010110,Apartadó,12443,0.6,urbano_medio,0.4341
0583710000000000030715,Turbo,3795,0.8,urbano_denso,0.5532
0504510000000000080308,Apartadó,1777,0.95,urbano_denso,0.6293
0583710000000000050527,Turbo,1168,0.95,urbano_denso,0.6713
0583710000000000010505,Turbo,1719,0.95,urbano_denso,0.6326
0504510000000000080125,Apartadó,1046,0.95,urbano_denso,0.6824
0504510000000000020204,Apartadó,3980,0.8,urbano_denso,0.5484
0504510000000000010408,Apartadó,5172,0.6,urbano_medio,0.5222
0504510000000000030706,Apartadó,9838,0.6,urbano_medio,0.4577
0504510000000000040518,Apartadó,4178,0.8,urbano_denso,0.5436
0583710000000000040749,Turbo,8786,0.6,urbano_medio,0.469
0504510000000000100618,Apartadó,3860,0.8,urbano_denso,0.5515
0583710000000000050201,Turbo,2578,0.8,urbano_denso,0.592
0504510000000000050507,Apartadó,993,0.95,urbano_denso,0.6876
0504510000000000070318,Apartadó,2325,0.8,urbano_denso,0.6023
0504510000000000030209,Apartadó,3824,0.8,urbano_denso,0.5524
0504510000000000070222,Apartadó,8131,0.6,urbano_medio,0.4768
0504510000000000030518,Apartadó,1372,0.95,urbano_denso,0.6552
0583710000000000020405,Turbo,3754,0.8,urbano_denso,0.5543
0583710000000000040602,Turbo,31862,0.35,urbano_medio,0.3398
0583710000000000050102,Turbo,1998,0.95,urbano_denso,0.6175
0583710000000000030439,Turbo,7003,0.6,urbano_medio,0.4918
0504510000000000050307,Apartadó,1902,0.95,urbano_denso,0.6225
0583710000000000030803,Turbo,4624,0.8,urbano_denso,0.5334
0583710000000000010110,Turbo,2225,0.8,urbano_denso,0.6067
0504510000000000070312,Apartadó,1970,0.95,urbano_denso,0.619
0583710000000000020501,Turbo,5310,0.6,urbano_medio,0.5195
0504510000000000080615,Apartadó,1130,0.95,urbano_denso,0.6747
0504510000000000020415,Apartadó,7202,0.6,urbano_medio,0.4889
0583710000000000030426,Turbo,5868,0.6,urbano_medio,0.5095
0504520030201800010102,Apartadó,3548,0.8,urbano_denso,0.56
0504510000000000050505,Apartadó,920,0.95,urbano_denso,0.6953
0583720090104100010209,Turbo,4916,0.8,urbano_denso,0.5273
0583710000000000010430,Turbo,2978,0.8,urbano_denso,0.5775
0583710000000000030634,Turbo,3973,0.8,urbano_denso,0.5486
0504510000000000090119,Apartadó,1741,0.95,urbano_denso,0.6313
0583710000000000020403,Turbo,3230,0.8,urbano_denso,0.5694
0504510000000000100402,Apartadó,26239,0.35,urbano_medio,0.3593
0504510000000000090320,Apartadó,1602,0.95,urbano_denso,0.6397
0504510000000000030520,Apartadó,2254,0.8,urbano_denso,0.6054
0583710000000000040552,Turbo,3791,0.8,urbano_denso,0.5533
0504510000000000060504,Apartadó,2554,0.8,urbano_denso,0.5929
0583710000000000010716,Turbo,1970,0.95,urbano_denso,0.619
0504510000000000030705,Apartadó,8570,0.6,urbano_medio,0.4715
0504510000000000100232,Apartadó,1709,0.95,urbano_denso,0.6332
0504510000000000010138,Apartadó,6414,0.6,urbano_medio,0.5006
0504510000000000070208,Apartadó,2373,0.8,urbano_denso,0.6003
0583710000000000010303,Turbo,9540,0.6,urbano_medio,0.4608
0583710000000000020806,Turbo,10164,0.6,urbano_medio,0.4544
0504510000000000020116,Apartadó,2511,0.8,urbano_denso,0.5946
0583710000000000050407,Turbo,842,0.95,urbano_denso,0.7041
0504510000000000090219,Apartadó,890,0.95,urbano_denso,0.6986
0504510000000000060816,Apartadó,2212,0.8,urbano_denso,0.6073
0504510000000000060324,Apartadó,3036,0.8,urbano_denso,0.5756
0504510000000000080107,Apartadó,2757,0.8,urbano_denso,0.5852
0583710000000000010226,Turbo,675,0.95,urbano_denso,0.7262
0504510000000000090307,Apartadó,1043,0.95,urbano_denso,0.6827
0583710000000000040743,Turbo,4018,0.8,urbano_denso,0.5475
0504510000000000100304,Apartadó,861,0.95,urbano_denso,0.7019
0504520010201000010103,Apartadó,1889,0.95,urbano_denso,0.6231
0504510000000000080624,Apartadó,1725,0.95,urbano_denso,0.6323
0583710000000000010311,Turbo,10190,0.6,urbano_medio,0.4541
0504510000000000020560,Apartadó,60625,0.15,periurbano,0.2753
0583710000000000010618,Turbo,2679,0.8,urbano_denso,0.5881
0514720010400500010104,Carepa,646,0.95,urbano_denso,0.7307
0514720010400500010107,Carepa,1256,0.95,urbano_denso,0.6641
0514720010400500010120,Carepa,2280,0.8,urbano_denso,0.6043
0514720010400500010125,Carepa,2217,0.8,urbano_denso,0.6071
0514720010800600010104,Carepa,1697,0.95,urbano_denso,0.6339
0514720010800600010114,Carepa,6699,0.6,urbano_medio,0.4962
0514720010801200010105,Carepa,1637,0.95,urbano_denso,0.6375
0565920010400800010111,San Juan de Urabá,10401,0.6,urbano_medio,0.4521
0505120020301700010106,Arboletes,7368,0.6,urbano_medio,0.4867
0583710000000000030805,Turbo,1296,0.95,urbano_denso,0.6609
0583710000000000050404,Turbo,1211,0.95,urbano_denso,0.6677
0504510000000000070212,Apartadó,2333,0.8,urbano_denso,0.602
0504510000000000080322,Apartadó,1614,0.95,urbano_denso,0.6389
0504510000000000030524,Apartadó,3074,0.8,urbano_denso,0.5743
0583710000000000040171,Turbo,556,0.95,urbano_denso,0.7456
0583710000000000030514,Turbo,1744,0.95,urbano_denso,0.6312
0504510000000000080516,Apartadó,2403,0.8,urbano_denso,0.599
0504510000000000020218,Apartadó,7130,0.6,urbano_medio,0.49
0504510000000000070528,Apartadó,2810,0.8,urbano_denso,0.5833
0504510000000000040618,Apartadó,2572,0.8,urbano_denso,0.5922
0583710000000000010125,Turbo,3439,0.8,urbano_denso,0.5631
0504510000000000090405,Apartadó,2370,0.8,urbano_denso,0.6004
0583710000000000030441,Turbo,921,0.95,urbano_denso,0.6951
0504510000000000100135,Apartadó,2182,0.8,urbano_denso,0.6087
0504510000000000070709,Apartadó,1140,0.95,urbano_denso,0.6738
0504510000000000010608,Apartadó,1504,0.95,urbano_denso,0.646
0583710000000000020610,Turbo,2878,0.8,urbano_denso,0.5809
0504510000000000100102,Apartadó,1610,0.95,urbano_denso,0.6392
0583710000000000040525,Turbo,5082,0.6,urbano_medio,0.5239
0504510000000000060220,Apartadó,2162,0.8,urbano_denso,0.6096
0504510000000000100214,Apartadó,2834,0.8,urbano_denso,0.5825
0504510000000000020406,Apartadó,6752,0.6,urbano_medio,0.4954
0504510000000000030413,Apartadó,5593,0.6,urbano_medio,0.5143
0583710000000000010513,Turbo,1610,0.95,urbano_denso,0.6392
0583710000000000030437,Turbo,3878,0.8,urbano_denso,0.551
0583710000000000020323,Turbo,1705,0.95,urbano_denso,0.6334
0504510000000000010301,Apartadó,3079,0.8,urbano_denso,0.5742
0583710000000000030631,Turbo,4192,0.8,urbano_denso,0.5432
0504510000000000020404,Apartadó,5397,0.6,urbano_medio,0.5179
0583710000000000040752,Turbo,11495,0.6,urbano_medio,0.4421
0583710000000000010126,Turbo,3570,0.8,urbano_denso,0.5593
0583710000000000020504,Turbo,5912,0.6,urbano_medio,0.5087
0504510000000000090411,Apartadó,1309,0.95,urbano_denso,0.6599
0504510000000000070703,Apartadó,1126,0.95,urbano_denso,0.675
0504510000000000020550,Apartadó,2144,0.8,urbano_denso,0.6105
0504510000000000020414,Apartadó,5925,0.6,urbano_medio,0.5085
0583710000000000030734,Turbo,1093,0.95,urbano_denso,0.678
0504510000000000070502,Apartadó,1912,0.95,urbano_denso,0.622
0504510000000000030611,Apartadó,1514,0.95,urbano_denso,0.6454
0583710000000000040162,Turbo,6118,0.6,urbano_medio,0.5053
0504510000000000010113,Apartadó,2807,0.8,urbano_denso,0.5835
0504510000000000050121,Apartadó,702,0.95,urbano_denso,0.7224
0504510000000000070720,Apartadó,1099,0.95,urbano_denso,0.6774
0504510000000000090115,Apartadó,968,0.95,urbano_denso,0.6902
0583710000000000030703,Turbo,4750,0.8,urbano_denso,0.5307
0583710000000000020904,Turbo,1643,0.95,urbano_denso,0.6371
0504510000000000030106,Apartadó,1771,0.95,urbano_denso,0.6296
0583710000000000040140,Turbo,2316,0.8,urbano_denso,0.6027
0504510000000000080625,Apartadó,2268,0.8,urbano_denso,0.6048
0504510000000000060806,Apartadó,1021,0.95,urbano_denso,0.6848
0504510000000000030525,Apartadó,4617,0.8,urbano_denso,0.5335
0504510000000000040318,Apartadó,2938,0.8,urbano_denso,0.5789
0504510000000000080602,Apartadó,784,0.95,urbano_denso,0.7112
0583710000000000040707,Turbo,2668,0.8,urbano_denso,0.5885
0504510000000000080315,Apartadó,2854,0.8,urbano_denso,0.5818
0583710000000000030312,Turbo,5631,0.6,urbano_medio,0.5136
0504510000000000070424,Apartadó,4725,0.8,urbano_denso,0.5312
0504510000000000100303,Apartadó,1129,0.95,urbano_denso,0.6747
0504510000000000080203,Apartadó,1571,0.95,urbano_denso,0.6417
0504510000000000100309,Apartadó,532,0.95,urbano_denso,0.7502
0504510000000000010128,Apartadó,4602,0.8,urbano_denso,0.5339
0583710000000000020701,Turbo,6289,0.6,urbano_medio,0.5026
0504510000000000100607,Apartadó,1546,0.95,urbano_denso,0.6433
0504510000000000020529,Apartadó,7959,0.6,urbano_medio,0.4789
0504510000000000100236,Apartadó,2658,0.8,urbano_denso,0.5889
0504510000000000090414,Apartadó,1340,0.95,urbano_denso,0.6575
0504510000000000100602,Apartadó,1907,0.95,urbano_denso,0.6222
0583710000000000050511,Turbo,939,0.95,urbano_denso,0.6932
0504510000000000020629,Apartadó,2905,0.8,urbano_denso,0.58
0504510000000000100613,Apartadó,407,0.95,urbano_denso,0.7769
0583710000000000010433,Turbo,3601,0.8,urbano_denso,0.5585
0504510000000000090418,Apartadó,5801,0.6,urbano_medio,0.5106
0583710000000000040155,Turbo,2681,0.8,urbano_denso,0.588
0504510000000000030708,Apartadó,8754,0.6,urbano_medio,0.4694
0583710000000000030220,Turbo,2461,0.8,urbano_denso,0.5966
0504510000000000090314,Apartadó,1711,0.95,urbano_denso,0.6331
0583710000000000040216,Turbo,861,0.95,urbano_denso,0.702
0583710000000000030201,Turbo,8981,0.6,urbano_medio,0.4668
0583710000000000040145,Turbo,6260,0.6,urbano_medio,0.503
0504510000000000060810,Apartadó,2017,0.8,urbano_denso,0.6166
0504520030201800010118,Apartadó,2437,0.8,urbano_denso,0.5976
0583710000000000040110,Turbo,6755,0.6,urbano_medio,0.4954
0504510000000000020201,Apartadó,7110,0.6,urbano_medio,0.4902
0504520030201800010114,Apartadó,7663,0.6,urbano_medio,0.4827
0583710000000000050406,Turbo,713,0.95,urbano_denso,0.7207
0583710000000000010434,Turbo,4273,0.8,urbano_denso,0.5413
0583710000000000040403,Turbo,4578,0.8,urbano_denso,0.5344
0504510000000000040714,Apartadó,3067,0.8,urbano_denso,0.5746
0583710000000000030323,Turbo,4681,0.8,urbano_denso,0.5322
0504510000000000010310,Apartadó,4627,0.8,urbano_denso,0.5333
0504510000000000050510,Apartadó,1207,0.95,urbano_denso,0.668
0583710000000000030522,Turbo,777,0.95,urbano_denso,0.7122
0583710000000000040309,Turbo,3259,0.8,urbano_denso,0.5685
0583710000000000050123,Turbo,2334,0.8,urbano_denso,0.602
0504510000000000060304,Apartadó,3023,0.8,urbano_denso,0.576
0504510000000000070314,Apartadó,2060,0.8,urbano_denso,0.6144
0504510000000000070616,Apartadó,1548,0.95,urbano_denso,0.6431
0504510000000000010707,Apartadó,2198,0.8,urbano_denso,0.608
0504510000000000020517,Apartadó,2798,0.8,urbano_denso,0.5838
0504510000000000070627,Apartadó,2371,0.8,urbano_denso,0.6004
0583710000000000040203,Turbo,8439,0.6,urbano_medio,0.4731
0504510000000000030313,Apartadó,2745,0.8,urbano_denso,0.5857
0504510000000000010111,Apartadó,15841,0.35,urbano_medio,0.4099
0504510000000000070112,Apartadó,3595,0.8,urbano_denso,0.5586
0504510000000000050111,Apartadó,986,0.95,urbano_denso,0.6883
0583710000000000010216,Turbo,13421,0.6,urbano_medio,0.4265
0504510000000000060222,Apartadó,4362,0.8,urbano_denso,0.5392
0504510000000000070420,Apartadó,2282,0.8,urbano_denso,0.6042
0504510000000000020539,Apartadó,18512,0.35,urbano_medio,0.3943
0583720090104100010122,Turbo,6071,0.6,urbano_medio,0.5061
0504510000000000050213,Apartadó,1817,0.95,urbano_denso,0.627
0504510000000000070408,Apartadó,2445,0.8,urbano_denso,0.5973
0583710000000000030521,Turbo,1352,0.95,urbano_denso,0.6567
0504510000000000040314,Apartadó,3191,0.8,urbano_denso,0.5706
0583710000000000040746,Turbo,5076,0.6,urbano_medio,0.524
0583710000000000050130,Turbo,1636,0.95,urbano_denso,0.6376
0504510000000000040512,Apartadó,3138,0.8,urbano_denso,0.5723
0504510000000000070228,Apartadó,2480,0.8,urbano_denso,0.5959
0583710000000000010604,Turbo,2363,0.8,urbano_denso,0.6007
0504510000000000010513,Apartadó,1681,0.95,urbano_denso,0.6349
0504510000000000100319,Apartadó,1032,0.95,urbano_denso,0.6837
0504510000000000010309,Apartadó,4627,0.8,urbano_denso,0.5333
0583710000000000050402,Turbo,1361,0.95,urbano_denso,0.656
0504510000000000090109,Apartadó,805,0.95,urbano_denso,0.7086
0504510000000000010502,Apartadó,3388,0.8,urbano_denso,0.5646
0583710000000000020503,Turbo,5199,0.6,urbano_medio,0.5216
0514720011200300010111,Carepa,4432,0.8,urbano_denso,0.5376
0504520030201800010115,Apartadó,5088,0.6,urbano_medio,0.5238
0504510000000000060809,Apartadó,2055,0.8,urbano_denso,0.6147
0583720090104100010305,Turbo,21711,0.35,urbano_medio,0.3783
0583710000000000020104,Turbo,3145,0.8,urbano_denso,0.572
0504510000000000040309,Apartadó,3124,0.8,urbano_denso,0.5727
0504510000000000100401,Apartadó,2176,0.8,urbano_denso,0.609
0504510000000000060627,Apartadó,1040,0.95,urbano_denso,0.683
0583710000000000010705,Turbo,3549,0.8,urbano_denso,0.5599
0583710000000000020105,Turbo,3760,0.8,urbano_denso,0.5541
0504510000000000070719,Apartadó,1177,0.95,urbano_denso,0.6706
0504510000000000040519,Apartadó,1144,0.95,urbano_denso,0.6734
0504510000000000060403,Apartadó,2183,0.8,urbano_denso,0.6087
0504510000000000020222,Apartadó,6547,0.6,urbano_medio,0.4985
0504510000000000080218,Apartadó,3190,0.8,urbano_denso,0.5706
0583710000000000040152,Turbo,8666,0.6,urbano_medio,0.4704
0583710000000000050523,Turbo,1075,0.95,urbano_denso,0.6797
0504510000000000040723,Apartadó,2029,0.8,urbano_denso,0.616
0504510000000000070421,Apartadó,3371,0.8,urbano_denso,0.5651
0504510000000000090415,Apartadó,1046,0.95,urbano_denso,0.6824
0583710000000000010616,Turbo,71683,0.15,periurbano,0.2585
0504510000000000040612,Apartadó,1120,0.95,urbano_denso,0.6756
0583710000000000030227,Turbo,8753,0.6,urbano_medio,0.4694
0504510000000000080633,Apartadó,355,0.95,urbano_denso,0.7905
0504510000000000030208,Apartadó,387,0.95,urbano_denso,0.7821
0583710000000000020813,Turbo,4638,0.8,urbano_denso,0.5331
0583710000000000010603,Turbo,3120,0.8,urbano_denso,0.5728
0583710000000000010445,Turbo,429,0.95,urbano_denso,0.7717
0504510000000000100110,Apartadó,2417,0.8,urbano_denso,0.5984
0504510000000000060213,Apartadó,3515,0.8,urbano_denso,0.5609
0504510000000000020622,Apartadó,2155,0.8,urbano_denso,0.61
0504510000000000100124,Apartadó,2500,0.8,urbano_denso,0.5951
0504510000000000020617,Apartadó,2333,0.8,urbano_denso,0.602
0504510000000000040139,Apartadó,1614,0.95,urbano_denso,0.6389
0504510000000000070628,Apartadó,1626,0.95,urbano_denso,0.6382
0504510000000000010610,Apartadó,3905,0.8,urbano_denso,0.5504
0504510000000000100103,Apartadó,1684,0.95,urbano_denso,0.6347
0583720090104100010210,Turbo,4677,0.8,urbano_denso,0.5322
0504510000000000060807,Apartadó,929,0.95,urbano_denso,0.6943
0583710000000000020130,Turbo,960,0.95,urbano_denso,0.691
0504510000000000010705,Apartadó,3997,0.8,urbano_denso,0.548
0583710000000000030310,Turbo,7354,0.6,urbano_medio,0.4869
0504510000000000070418,Apartadó,2438,0.8,urbano_denso,0.5976
0504510000000000010425,Apartadó,984,0.95,urbano_denso,0.6885
0583710000000000030636,Turbo,5547,0.6,urbano_medio,0.5151
0583710000000000030731,Turbo,1639,0.95,urbano_denso,0.6374
0504510000000000030109,Apartadó,3957,0.8,urbano_denso,0.549
0583710000000000040703,Turbo,10177,0.6,urbano_medio,0.4543
0583710000000000040725,Turbo,7086,0.6,urbano_medio,0.4906
0504510000000000080314,Apartadó,2591,0.8,urbano_denso,0.5915
0583710000000000030322,Turbo,7909,0.6,urbano_medio,0.4796
0504510000000000050305,Apartadó,2010,0.8,urbano_denso,0.6169
0514720010400500010108,Carepa,1533,0.95,urbano_denso,0.6441
0514720010400500010110,Carepa,1018,0.95,urbano_denso,0.6851
0514720010400500010127,Carepa,1734,0.95,urbano_denso,0.6318
0514720010800600010106,Carepa,1415,0.95,urbano_denso,0.6521
0514720010800600010113,Carepa,11479,0.6,urbano_medio,0.4422
0514720010400800010104,Carepa,597,0.95,urbano_denso,0.7385
0514720010601400010103,Carepa,1588,0.95,urbano_denso,0.6406
0505120020301700010104,Arboletes,5998,0.6,urbano_medio,0.5073
0565920010400800010101,San Juan de Urabá,9141,0.6,urbano_medio,0.465
0583720200100700010103,Turbo,3185,0.8,urbano_denso,0.5708
0514720010401500010101,Carepa,16049,0.35,urbano_medio,0.4086
0583710000000000050117,Turbo,1874,0.95,urbano_denso,0.624
0504510000000000100403,Apartadó,2099,0.8,urbano_denso,0.6126
0583710000000000030809,Turbo,291,0.95,urbano_denso,0.8105
0504510000000000080320,Apartadó,1606,0.95,urbano_denso,0.6394
0504510000000000040606,Apartadó,2991,0.8,urbano_denso,0.5771
0504510000000000080301,Apartadó,2329,0.8,urbano_denso,0.6022
0583710000000000020209,Turbo,2737,0.8,urbano_denso,0.586
0583710000000000040402,Turbo,20216,0.35,urbano_medio,0.3854
0504510000000000020611,Apartadó,2234,0.8,urbano_denso,0.6064
0504510000000000010405,Apartadó,2597,0.8,urbano_denso,0.5912
0504510000000000080323,Apartadó,1872,0.95,urbano_denso,0.6241
0504510000000000040610,Apartadó,2965,0.8,urbano_denso,0.578
0583710000000000020602,Turbo,5477,0.6,urbano_medio,0.5164
0504510000000000040710,Apartadó,2807,0.8,urbano_denso,0.5835
0583710000000000040301,Turbo,2395,0.8,urbano_denso,0.5994
0504510000000000040503,Apartadó,4317,0.8,urbano_denso,0.5403
0504510000000000080120,Apartadó,1723,0.95,urbano_denso,0.6324
0504510000000000040301,Apartadó,1938,0.95,urbano_denso,0.6206
0504510000000000080604,Apartadó,1135,0.95,urbano_denso,0.6742
0583710000000000020404,Turbo,3169,0.8,urbano_denso,0.5713
0514720010601400010102,Carepa,1496,0.95,urbano_denso,0.6465
0583710000000000030443,Turbo,10844,0.6,urbano_medio,0.4479
0583710000000000020609,Turbo,2379,0.8,urbano_denso,0.6
0504510000000000060108,Apartadó,2050,0.8,urbano_denso,0.615
0504510000000000030226,Apartadó,1718,0.95,urbano_denso,0.6327
0583720090104100010208,Turbo,21020,0.35,urbano_medio,0.3815
0583710000000000040747,Turbo,15661,0.35,urbano_medio,0.411
0504510000000000070105,Apartadó,2281,0.8,urbano_denso,0.6043
0504510000000000080618,Apartadó,4104,0.8,urbano_denso,0.5453
0504510000000000010122,Apartadó,1616,0.95,urbano_denso,0.6388
0583710000000000030613,Turbo,4548,0.8,urbano_denso,0.5351
0583710000000000030203,Turbo,4242,0.8,urbano_denso,0.542
0583710000000000020107,Turbo,7590,0.6,urbano_medio,0.4837
0504510000000000100408,Apartadó,1240,0.95,urbano_denso,0.6653
0504510000000000040615,Apartadó,2474,0.8,urbano_denso,0.5961
0583710000000000010607,Turbo,4751,0.8,urbano_denso,0.5307
0583710000000000030520,Turbo,589,0.95,urbano_denso,0.74
0504510000000000060117,Apartadó,2058,0.8,urbano_denso,0.6146
0504510000000000020621,Apartadó,2186,0.8,urbano_denso,0.6085
0504510000000000050113,Apartadó,2160,0.8,urbano_denso,0.6097
0583710000000000040741,Turbo,3834,0.8,urbano_denso,0.5522
0583710000000000040522,Turbo,4306,0.8,urbano_denso,0.5405
0504510000000000040102,Apartadó,2762,0.8,urbano_denso,0.5851
0583710000000000040217,Turbo,385,0.95,urbano_denso,0.7825
0504510000000000020548,Apartadó,2284,0.8,urbano_denso,0.6041
0504510000000000060522,Apartadó,3342,0.8,urbano_denso,0.5659
0504510000000000020215,Apartadó,5216,0.6,urbano_medio,0.5213
0583710000000000010206,Turbo,13009,0.6,urbano_medio,0.4296
0583710000000000020801,Turbo,15094,0.35,urbano_medio,0.4147
0583710000000000020124,Turbo,4348,0.8,urbano_denso,0.5396
0504510000000000070522,Apartadó,1960,0.95,urbano_denso,0.6194
0504510000000000090321,Apartadó,1638,0.95,urbano_denso,0.6374
0504510000000000040208,Apartadó,2886,0.8,urbano_denso,0.5807
0583710000000000010412,Turbo,3603,0.8,urbano_denso,0.5584
0583720090104100010215,Turbo,15919,0.35,urbano_medio,0.4094
0504510000000000100237,Apartadó,2556,0.8,urbano_denso,0.5928
0504510000000000040516,Apartadó,3524,0.8,urbano_denso,0.5606
0583710000000000030527,Turbo,1517,0.95,urbano_denso,0.6451
0583710000000000040137,Turbo,36793,0.35,urbano_medio,0.3254
0583710000000000050405,Turbo,1168,0.95,urbano_denso,0.6713
0583710000000000020119,Turbo,1505,0.95,urbano_denso,0.646
0504510000000000100224,Apartadó,3348,0.8,urbano_denso,0.5658
0583710000000000010136,Turbo,1008,0.95,urbano_denso,0.6862
0583710000000000040758,Turbo,4550,0.8,urbano_denso,0.535
0583710000000000010723,Turbo,3413,0.8,urbano_denso,0.5638
0504510000000000080211,Apartadó,1907,0.95,urbano_denso,0.6222
0583710000000000040154,Turbo,5283,0.6,urbano_medio,0.52
0504510000000000060107,Apartadó,1799,0.95,urbano_denso,0.6281
0504510000000000030606,Apartadó,1786,0.95,urbano_denso,0.6288
0504510000000000080611,Apartadó,942,0.95,urbano_denso,0.6929
0583720090104100010106,Turbo,5930,0.6,urbano_medio,0.5084
0583710000000000030428,Turbo,3723,0.8,urbano_denso,0.5551
0504510000000000080220,Apartadó,1678,0.95,urbano_denso,0.635
0583710000000000030508,Turbo,856,0.95,urbano_denso,0.7025
0504510000000000020601,Apartadó,3343,0.8,urbano_denso,0.5659
0583710000000000010711,Turbo,667,0.95,urbano_denso,0.7275
0504510000000000070735,Apartadó,27787,0.35,urbano_medio,0.3535
0504510000000000090203,Apartadó,1863,0.95,urbano_denso,0.6246
0583710000000000050218,Turbo,13375,0.6,urbano_medio,0.4269
0583710000000000010130,Turbo,3323,0.8,urbano_denso,0.5665
0583710000000000010116,Turbo,1879,0.95,urbano_denso,0.6237
0583710000000000010725,Turbo,10201,0.6,urbano_medio,0.454
0504510000000000100112,Apartadó,2436,0.8,urbano_denso,0.5976
0504510000000000100606,Apartadó,492,0.95,urbano_denso,0.758
0504510000000000010305,Apartadó,3713,0.8,urbano_denso,0.5554
0583710000000000010706,Turbo,2349,0.8,urbano_denso,0.6013
0504510000000000090103,Apartadó,1351,0.95,urbano_denso,0.6568
0504510000000000060417,Apartadó,1990,0.95,urbano_denso,0.6179
0504510000000000080106,Apartadó,4548,0.8,urbano_denso,0.5351
0504510000000000010704,Apartadó,4151,0.8,urbano_denso,0.5442
0583710000000000030431,Turbo,1448,0.95,urbano_denso,0.6498
0504510000000000060414,Apartadó,6168,0.6,urbano_medio,0.5045
0504510000000000010507,Apartadó,4287,0.8,urbano_denso,0.541
0504510000000000040204,Apartadó,2671,0.8,urbano_denso,0.5884
0504510000000000080319,Apartadó,3545,0.8,urbano_denso,0.56
0583710000000000050122,Turbo,1600,0.95,urbano_denso,0.6398
0583710000000000040755,Turbo,12351,0.6,urbano_medio,0.4348
0504510000000000070503,Apartadó,3439,0.8,urbano_denso,0.5631
0504510000000000100505,Apartadó,7230,0.6,urbano_medio,0.4886
0504510000000000100616,Apartadó,9779,0.6,urbano_medio,0.4583
0514720011200300010105,Carepa,5788,0.6,urbano_medio,0.5109
0514720011200300010118,Carepa,6089,0.6,urbano_medio,0.5058
0514720011200300010119,Carepa,2042,0.8,urbano_denso,0.6153
0514720011200300010121,Carepa,2230,0.8,urbano_denso,0.6065
0514720010400400010116,Carepa,1193,0.95,urbano_denso,0.6692
0514720010400500010102,Carepa,1977,0.95,urbano_denso,0.6186
0514720010400500010112,Carepa,1233,0.95,urbano_denso,0.6659
0514720010400500010119,Carepa,1503,0.95,urbano_denso,0.6461
0514720010800600010105,Carepa,1533,0.95,urbano_denso,0.6441
0514720010501100010109,Carepa,1583,0.95,urbano_denso,0.6409
0514720010801200010103,Carepa,1219,0.95,urbano_denso,0.6671
0514720010801200010104,Carepa,1291,0.95,urbano_denso,0.6613
0565920010400800010107,San Juan de Urabá,43133,0.35,urbano_medio,0.3094
0505120040101900010104,Arboletes,3089,0.8,urbano_denso,0.5739
0514720010401500010105,Carepa,7467,0.6,urbano_medio,0.4853
0583710000000000030231,Turbo,4136,0.8,urbano_denso,0.5446
0504510000000000010604,Apartadó,4942,0.8,urbano_denso,0.5267
0504510000000000100208,Apartadó,2731,0.8,urbano_denso,0.5862
0583710000000000030609,Turbo,4802,0.8,urbano_denso,0.5296
0504510000000000100317,Apartadó,1345,0.95,urbano_denso,0.6572
0504510000000000010603,Apartadó,2612,0.8,urbano_denso,0.5907
0583710000000000040116,Turbo,5922,0.6,urbano_medio,0.5086
0583710000000000040305,Turbo,6366,0.6,urbano_medio,0.5013
0504510000000000060405,Apartadó,2192,0.8,urbano_denso,0.6082
0583710000000000020324,Turbo,3117,0.8,urbano_denso,0.5729
0504510000000000050407,Apartadó,1551,0.95,urbano_denso,0.6429
0583720090104100010115,Turbo,16993,0.35,urbano_medio,0.4028
0583710000000000010517,Turbo,1218,0.95,urbano_denso,0.6671
0583710000000000030709,Turbo,2369,0.8,urbano_denso,0.6004
0583710000000000030505,Turbo,546,0.95,urbano_denso,0.7475
0504510000000000020625,Apartadó,2205,0.8,urbano_denso,0.6077
0504520030201800010116,Apartadó,5320,0.6,urbano_medio,0.5193
0583710000000000040619,Turbo,1244,0.95,urbano_denso,0.665
0504510000000000020413,Apartadó,4091,0.8,urbano_denso,0.5457
0583710000000000030718,Turbo,294,0.95,urbano_denso,0.8094
0583710000000000030626,Turbo,3993,0.8,urbano_denso,0.5481
0504510000000000020305,Apartadó,6536,0.6,urbano_medio,0.4987
0583710000000000010622,Turbo,2273,0.8,urbano_denso,0.6046
0504510000000000030303,Apartadó,2759,0.8,urbano_denso,0.5852
0504510000000000100116,Apartadó,1485,0.95,urbano_denso,0.6473
0504510000000000020619,Apartadó,2169,0.8,urbano_denso,0.6093
0504510000000000060819,Apartadó,2223,0.8,urbano_denso,0.6068
0583710000000000030424,Turbo,4636,0.8,urbano_denso,0.5331
0504510000000000090316,Apartadó,2638,0.8,urbano_denso,0.5897
0583710000000000040751,Turbo,11320,0.6,urbano_medio,0.4436
0504510000000000010106,Apartadó,1752,0.95,urbano_denso,0.6307
0504510000000000030418,Apartadó,2196,0.8,urbano_denso,0.6081
0583710000000000010318,Turbo,7174,0.6,urbano_medio,0.4893
0504510000000000030404,Apartadó,3541,0.8,urbano_denso,0.5602
0583710000000000030511,Turbo,747,0.95,urbano_denso,0.7161
0583710000000000030808,Turbo,2257,0.8,urbano_denso,0.6053
0583710000000000020305,Turbo,5225,0.6,urbano_medio,0.5211
0504510000000000070315,Apartadó,3331,0.8,urbano_denso,0.5663
0504510000000000090402,Apartadó,2404,0.8,urbano_denso,0.599
0504510000000000070428,Apartadó,2044,0.8,urbano_denso,0.6153
0583710000000000020903,Turbo,13801,0.6,urbano_medio,0.4237
0504510000000000070423,Apartadó,8006,0.6,urbano_medio,0.4783
0583710000000000020122,Turbo,3972,0.8,urbano_denso,0.5486
0504510000000000060820,Apartadó,1756,0.95,urbano_denso,0.6304
0504510000000000040407,Apartadó,3173,0.8,urbano_denso,0.5712
0504510000000000070122,Apartadó,2137,0.8,urbano_denso,0.6108
0504510000000000080634,Apartadó,98,0.95,urbano_denso,0.9188
0504510000000000060812,Apartadó,2237,0.8,urbano_denso,0.6062
0504510000000000100314,Apartadó,666,0.95,urbano_denso,0.7276
0583710000000000010431,Turbo,1342,0.95,urbano_denso,0.6574
0504510000000000070434,Apartadó,7399,0.6,urbano_medio,0.4862
0504510000000000030609,Apartadó,2021,0.8,urbano_denso,0.6164
0504510000000000090204,Apartadó,2088,0.8,urbano_denso,0.6131
0504510000000000020410,Apartadó,3809,0.8,urbano_denso,0.5528
0504510000000000100231,Apartadó,2520,0.8,urbano_denso,0.5943
0504510000000000030603,Apartadó,6246,0.6,urbano_medio,0.5032
0504510000000000030205,Apartadó,5372,0.6,urbano_medio,0.5184
0504510000000000070101,Apartadó,3530,0.8,urbano_denso,0.5605
0504510000000000090413,Apartadó,1302,0.95,urbano_denso,0.6604
0583710000000000050113,Turbo,63315,0.15,periurbano,0.2709
0504510000000000100114,Apartadó,1903,0.95,urbano_denso,0.6224
0583710000000000040124,Turbo,8729,0.6,urbano_medio,0.4697
0583710000000000020201,Turbo,4931,0.8,urbano_denso,0.5269
0583710000000000040736,Turbo,7446,0.6,urbano_medio,0.4856
0583710000000000020106,Turbo,7459,0.6,urbano_medio,0.4854
0583710000000000050502,Turbo,1083,0.95,urbano_denso,0.6789
0504510000000000100130,Apartadó,2303,0.8,urbano_denso,0.6033
0504510000000000030701,Apartadó,5955,0.6,urbano_medio,0.508
0504510000000000060110,Apartadó,2020,0.8,urbano_denso,0.6164
0583710000000000050403,Turbo,801,0.95,urbano_denso,0.7091
0504510000000000030323,Apartadó,14531,0.6,urbano_medio,0.4185
0583720090104100010201,Turbo,6728,0.6,urbano_medio,0.4958
0583710000000000030802,Turbo,1371,0.95,urbano_denso,0.6553
0504510000000000050517,Apartadó,1165,0.95,urbano_denso,0.6716
0504510000000000090505,Apartadó,1055,0.95,urbano_denso,0.6816
0504510000000000070131,Apartadó,723,0.95,urbano_denso,0.7194
0583710000000000030417,Turbo,11575,0.6,urbano_medio,0.4414
0504510000000000090404,Apartadó,2617,0.8,urbano_denso,0.5905
0583720090104100010121,Turbo,2307,0.8,urbano_denso,0.6031
0583710000000000010316,Turbo,2030,0.8,urbano_denso,0.6159
0504510000000000060425,Apartadó,5044,0.6,urbano_medio,0.5247
0583710000000000040757,Turbo,7533,0.6,urbano_medio,0.4844
0504510000000000010504,Apartadó,4752,0.8,urbano_denso,0.5306
0504510000000000070119,Apartadó,1991,0.95,urbano_denso,0.6179
0504510000000000010133,Apartadó,243,0.95,urbano_denso,0.8286
0504510000000000010303,Apartadó,1928,0.95,urbano_denso,0.6211
0504510000000000010508,Apartadó,6387,0.6,urbano_medio,0.501
0504510000000000080321,Apartadó,3409,0.8,urbano_denso,0.564
0583710000000000010442,Turbo,422,0.95,urbano_denso,0.7732
0504510000000000040604,Apartadó,2687,0.8,urbano_denso,0.5878
0504510000000000100230,Apartadó,2604,0.8,urbano_denso,0.591
0583710000000000030717,Turbo,1963,0.95,urbano_denso,0.6193
0504510000000000040609,Apartadó,1058,0.95,urbano_denso,0.6812
0504510000000000020623,Apartadó,1386,0.95,urbano_denso,0.6542
0504510000000000030530,Apartadó,884,0.95,urbano_denso,0.6992
0504510000000000010124,Apartadó,1334,0.95,urbano_denso,0.658
0504510000000000020552,Apartadó,6832,0.6,urbano_medio,0.4942
0504510000000000040306,Apartadó,3308,0.8,urbano_denso,0.567
0504510000000000080118,Apartadó,970,0.95,urbano_denso,0.6899
0583710000000000010503,Turbo,8501,0.6,urbano_medio,0.4723
0504510000000000030114,Apartadó,7195,0.6,urbano_medio,0.489
0504510000000000060814,Apartadó,3362,0.8,urbano_denso,0.5653
0504510000000000080212,Apartadó,1935,0.95,urbano_denso,0.6208
0583710000000000030801,Turbo,469,0.95,urbano_denso,0.7628
0504510000000000030212,Apartadó,2956,0.8,urbano_denso,0.5783
0504510000000000040205,Apartadó,2880,0.8,urbano_denso,0.5809
0504510000000000010714,Apartadó,4043,0.8,urbano_denso,0.5469
0504510000000000020112,Apartadó,5895,0.6,urbano_medio,0.509
0504510000000000090319,Apartadó,1662,0.95,urbano_denso,0.636
0504510000000000080219,Apartadó,2687,0.8,urbano_denso,0.5878
0583710000000000030736,Turbo,1179,0.95,urbano_denso,0.6704
0583710000000000010712,Turbo,3236,0.8,urbano_denso,0.5692
0504510000000000010316,Apartadó,4279,0.8,urbano_denso,0.5412
0504510000000000070631,Apartadó,1658,0.95,urbano_denso,0.6363
0504510000000000070710,Apartadó,522,0.95,urbano_denso,0.7521
0504510000000000090207,Apartadó,2295,0.8,urbano_denso,0.6036
0504510000000000020542,Apartadó,1218,0.95,urbano_denso,0.6672
0504510000000000060616,Apartadó,2159,0.8,urbano_denso,0.6098
0504510000000000020534,Apartadó,1582,0.95,urbano_denso,0.6409
0504510000000000090309,Apartadó,2087,0.8,urbano_denso,0.6132
0504510000000000020511,Apartadó,13248,0.6,urbano_medio,0.4278
0583710000000000010117,Turbo,3061,0.8,urbano_denso,0.5748
0504510000000000040725,Apartadó,1990,0.95,urbano_denso,0.6179
0504510000000000030105,Apartadó,5885,0.6,urbano_medio,0.5092
0504510000000000090323,Apartadó,1611,0.95,urbano_denso,0.6391
0583710000000000010221,Turbo,2463,0.8,urbano_denso,0.5966
0583710000000000040528,Turbo,8786,0.6,urbano_medio,0.469
0583710000000000040721,Turbo,3774,0.8,urbano_denso,0.5537
0504510000000000050323,Apartadó,1943,0.95,urbano_denso,0.6203
0504510000000000050317,Apartadó,1129,0.95,urbano_denso,0.6747
0504510000000000080514,Apartadó,1280,0.95,urbano_denso,0.6622
0583710000000000010435,Turbo,19614,0.35,urbano_medio,0.3885
0583710000000000020131,Turbo,644,0.95,urbano_denso,0.731
0504510000000000080409,Apartadó,2070,0.8,urbano_denso,0.614
0583710000000000030326,Turbo,3077,0.8,urbano_denso,0.5742
0504510000000000040320,Apartadó,681,0.95,urbano_denso,0.7255
0504510000000000100129,Apartadó,5423,0.6,urbano_medio,0.5174
0504510000000000030207,Apartadó,5286,0.6,urbano_medio,0.52
0583710000000000050120,Turbo,2029,0.8,urbano_denso,0.616
0583710000000000020816,Turbo,1573,0.95,urbano_denso,0.6415
0504510000000000030602,Apartadó,2144,0.8,urbano_denso,0.6104
0504510000000000060811,Apartadó,2017,0.8,urbano_denso,0.6166
0504510000000000030612,Apartadó,1526,0.95,urbano_denso,0.6446
0504510000000000030322,Apartadó,2361,0.8,urbano_denso,0.6008
0504510000000000080121,Apartadó,1819,0.95,urbano_denso,0.6269
0583710000000000040717,Turbo,7799,0.6,urbano_medio,0.481
0583710000000000010519,Turbo,1774,0.95,urbano_denso,0.6294
0583710000000000030611,Turbo,4924,0.8,urbano_denso,0.5271
0504510000000000010524,Apartadó,31557,0.35,urbano_medio,0.3408
0504520030201800010117,Apartadó,974,0.95,urbano_denso,0.6896
0583720090104100010103,Turbo,11670,0.6,urbano_medio,0.4405
0504510000000000020558,Apartadó,4798,0.8,urbano_denso,0.5297
0504510000000000020530,Apartadó,2062,0.8,urbano_denso,0.6144
0504510000000000040621,Apartadó,2613,0.8,urbano_denso,0.5906
0504510000000000060619,Apartadó,2184,0.8,urbano_denso,0.6086
0583710000000000040750,Turbo,8166,0.6,urbano_medio,0.4763
0583710000000000030526,Turbo,797,0.95,urbano_denso,0.7097
0504510000000000070438,Apartadó,669,0.95,urbano_denso,0.7271
0504510000000000030710,Apartadó,21883,0.35,urbano_medio,0.3775
0504510000000000020603,Apartadó,3510,0.8,urbano_denso,0.561
0514720010400400010103,Carepa,2118,0.8,urbano_denso,0.6117
0504510000000000080215,Apartadó,2763,0.8,urbano_denso,0.585
0583710000000000030434,Turbo,4610,0.8,urbano_denso,0.5337
0504510000000000050412,Apartadó,2613,0.8,urbano_denso,0.5906
0504510000000000070718,Apartadó,1185,0.95,urbano_denso,0.6699
0504510000000000020402,Apartadó,4374,0.8,urbano_denso,0.539
0504510000000000010525,Apartadó,20791,0.35,urbano_medio,0.3826
0583710000000000030105,Turbo,5746,0.6,urbano_medio,0.5116
0504510000000000040405,Apartadó,3044,0.8,urbano_denso,0.5753
0583710000000000020320,Turbo,1767,0.95,urbano_denso,0.6299
0504510000000000100341,Apartadó,17275,0.35,urbano_medio,0.4012
0504510000000000090104,Apartadó,1777,0.95,urbano_denso,0.6293
0583710000000000040748,Turbo,5594,0.6,urbano_medio,0.5143
0583710000000000020608,Turbo,1774,0.95,urbano_denso,0.6295
0583710000000000040713,Turbo,3684,0.8,urbano_denso,0.5562
0504510000000000030617,Apartadó,1354,0.95,urbano_denso,0.6565
0583720090104100010302,Turbo,14030,0.6,urbano_medio,0.4221
0583710000000000040406,Turbo,3928,0.8,urbano_denso,0.5498
0583710000000000020905,Turbo,1924,0.95,urbano_denso,0.6213
0504520030201800010105,Apartadó,11485,0.6,urbano_medio,0.4421
0504510000000000080310,Apartadó,2939,0.8,urbano_denso,0.5788
0583710000000000030413,Turbo,8878,0.6,urbano_medio,0.468
0504510000000000100617,Apartadó,4819,0.8,urbano_denso,0.5292
0504510000000000060202,Apartadó,2936,0.8,urbano_denso,0.5789
0583720090104100010207,Turbo,2708,0.8,urbano_denso,0.587
0583710000000000040211,Turbo,16110,0.35,urbano_medio,0.4082
0504510000000000040741,Apartadó,1982,0.95,urbano_denso,0.6184
0504510000000000020202,Apartadó,9664,0.6,urbano_medio,0.4595
0504510000000000100117,Apartadó,2343,0.8,urbano_denso,0.6016
0583710000000000020204,Turbo,11285,0.6,urbano_medio,0.4439
0583710000000000030202,Turbo,4080,0.8,urbano_denso,0.5459
0504510000000000050303,Apartadó,1694,0.95,urbano_denso,0.6341
0504510000000000100301,Apartadó,1150,0.95,urbano_denso,0.6729
0514720010400400010123,Carepa,2242,0.8,urbano_denso,0.606
0514720010800600010109,Carepa,950,0.95,urbano_denso,0.6921
0514720010601400010108,Carepa,5224,0.6,urbano_medio,0.5212
0504520020301700010107,Apartadó,6141,0.6,urbano_medio,0.5049
0504520020301700010109,Apartadó,3818,0.8,urbano_denso,0.5526
0565920010400800010109,San Juan de Urabá,10516,0.6,urbano_medio,0.451
0583710000000000050514,Turbo,1755,0.95,urbano_denso,0.6305
0504510000000000060501,Apartadó,3291,0.8,urbano_denso,0.5675
0504510000000000020557,Apartadó,12510,0.6,urbano_medio,0.4336
0583710000000000030820,Turbo,828,0.95,urbano_denso,0.7058
0583710000000000030517,Turbo,769,0.95,urbano_denso,0.7132
0583710000000000010144,Turbo,2261,0.8,urbano_denso,0.6051
0504510000000000100201,Apartadó,1773,0.95,urbano_denso,0.6295
0504510000000000070123,Apartadó,4117,0.8,urbano_denso,0.545
0504510000000000070518,Apartadó,2159,0.8,urbano_denso,0.6097
0504510000000000040214,Apartadó,3234,0.8,urbano_denso,0.5692
0504510000000000100109,Apartadó,2259,0.8,urbano_denso,0.6052
0583710000000000040745,Turbo,5411,0.6,urbano_medio,0.5176
0504510000000000040210,Apartadó,2704,0.8,urbano_denso,0.5872
0583710000000000030314,Turbo,5523,0.6,urbano_medio,0.5156
0583710000000000030328,Turbo,2475,0.8,urbano_denso,0.5961
0504510000000000030704,Apartadó,7111,0.6,urbano_medio,0.4902
0504520010201000010101,Apartadó,2573,0.8,urbano_denso,0.5922
0504510000000000030403,Apartadó,4566,0.8,urbano_denso,0.5347
0583710000000000040212,Turbo,6780,0.6,urbano_medio,0.495
0504510000000000060633,Apartadó,1683,0.95,urbano_denso,0.6347
0504510000000000100315,Apartadó,726,0.95,urbano_denso,0.719
0504510000000000010107,Apartadó,3441,0.8,urbano_denso,0.563
0583710000000000020407,Turbo,3525,0.8,urbano_denso,0.5606
0504520010201000010106,Apartadó,18820,0.35,urbano_medio,0.3926
0583710000000000030523,Turbo,1101,0.95,urbano_denso,0.6773
0583710000000000020314,Turbo,3446,0.8,urbano_denso,0.5629
0504510000000000010613,Apartadó,29918,0.35,urbano_medio,0.3461
0504510000000000030310,Apartadó,2763,0.8,urbano_denso,0.585
0504510000000000040315,Apartadó,2800,0.8,urbano_denso,0.5837
0504510000000000050503,Apartadó,857,0.95,urbano_denso,0.7024
0583710000000000050515,Turbo,1903,0.95,urbano_denso,0.6224
0583720090104100010304,Turbo,10621,0.6,urbano_medio,0.45
0583710000000000030612,Turbo,4194,0.8,urbano_denso,0.5432
0504510000000000040202,Apartadó,3291,0.8,urbano_denso,0.5675
0583710000000000050504,Turbo,396,0.95,urbano_denso,0.7796
0583710000000000040759,Turbo,1752,0.95,urbano_denso,0.6307
0504510000000000100238,Apartadó,4184,0.8,urbano_denso,0.5434
0504510000000000090121,Apartadó,1945,0.95,urbano_denso,0.6202
0504510000000000080217,Apartadó,6292,0.6,urbano_medio,0.5025
0504510000000000030619,Apartadó,18023,0.35,urbano_medio,0.3969
0504510000000000050217,Apartadó,861,0.95,urbano_denso,0.7019
0504510000000000020507,Apartadó,21537,0.35,urbano_medio,0.3791
0504510000000000080512,Apartadó,616,0.95,urbano_denso,0.7354
0504520010201000010109,Apartadó,20107,0.35,urbano_medio,0.386
0583710000000000020202,Turbo,6144,0.6,urbano_medio,0.5049
0504510000000000010611,Apartadó,2057,0.8,urbano_denso,0.6146
0583710000000000040729,Turbo,5248,0.6,urbano_medio,0.5207
0504510000000000030502,Apartadó,3350,0.8,urbano_denso,0.5657
0504510000000000010422,Apartadó,30800,0.35,urbano_medio,0.3432
0583710000000000030433,Turbo,4681,0.8,urbano_denso,0.5322
0505120010602000010101,Arboletes,5080,0.6,urbano_medio,0.524
0505120010602000010102,Arboletes,1876,0.95,urbano_denso,0.6239
0505120010602000010103,Arboletes,18902,0.35,urbano_medio,0.3922
0505120010602000010105,Arboletes,12747,0.6,urbano_medio,0.4317
0505120010602000010104,Arboletes,12973,0.6,urbano_medio,0.4299
