cod_manzana,municipio,dist_salud_m,score_salud,dist_educ_m,score_educacion,dist_via_m,score_via,dist_finca_m,en_finca,score_economia
0504520020500200010110,Apartadó,3728.0,0.25,314.0,0.8,2284.0,0.45,752.0,0,0.55
0504520010301100010115,Apartadó,1248.0,0.5,36.0,1.0,733.0,0.7,357.0,0,0.55
0504520010301100010227,Apartadó,1614.0,0.5,412.0,0.8,390.0,0.7,471.0,0,0.55
0504520010101400010108,Apartadó,10978.0,0.05,136.0,1.0,3808.0,0.2,932.0,0,0.55
0505110000000000010139,Arboletes,266.0,0.85,433.0,0.8,85216.0,0.05,87945.0,0,0.15
0505110000000000010531,Arboletes,652.0,0.7,1000.0,0.6,84457.0,0.05,86979.0,0,0.15
0505110000000000010538,Arboletes,627.0,0.7,992.0,0.6,84399.0,0.05,86933.0,0,0.15
0514710000000000020412,Carepa,540.0,0.7,248.0,1.0,638.0,0.7,1650.0,0,0.35
0549020120301300010103,Necoclí,34069.0,0.05,687.0,0.8,37645.0,0.05,36627.0,0,0.15
0565910000000000010103,San Juan de Urabá,242.0,0.85,242.0,1.0,72854.0,0.05,73817.0,0,0.15
0565920010100100010125,San Juan de Urabá,8723.0,0.05,8723.0,0.05,70482.0,0.05,69720.0,0,0.15
0566510000000000010158,San Pedro de Urabá,445.0,0.85,325.0,0.8,30218.0,0.05,39705.0,0,0.15
0566510000000000010201,San Pedro de Urabá,254.0,0.85,172.0,1.0,29544.0,0.05,39021.0,0,0.15
0566510000000000010824,San Pedro de Urabá,509.0,0.7,219.0,1.0,29948.0,0.05,39348.0,0,0.15
0566510000000000010866,San Pedro de Urabá,487.0,0.85,95.0,1.0,29808.0,0.05,39196.0,0,0.15
0566510000000000010907,San Pedro de Urabá,558.0,0.7,145.0,1.0,30017.0,0.05,39550.0,0,0.15
0583720090700100010417,Turbo,675.0,0.7,893.0,0.6,663.0,0.7,249.0,0,0.55
0583720090600300010344,Turbo,6742.0,0.05,943.0,0.6,317.0,0.7,3171.0,0,0.15
0583720080301000010109,Turbo,5998.0,0.05,96.0,1.0,3047.0,0.2,4135.0,0,0.15
0583720020101300010122,Turbo,15694.0,0.05,432.0,0.8,30975.0,0.05,37829.0,0,0.15
0583720050202800010107,Turbo,12620.0,0.05,85.0,1.0,20317.0,0.05,28436.0,0,0.15
0583720030802900010113,Turbo,10114.0,0.05,107.0,1.0,10370.0,0.05,6522.0,0,0.15
0583720090603100010108,Turbo,4437.0,0.25,1083.0,0.6,1039.0,0.45,1224.0,0,0.35
0583720090103900010112,Turbo,4115.0,0.25,1343.0,0.6,4314.0,0.2,1915.0,0,0.35
0583720100700200020108,Turbo,9763.0,0.05,290.0,1.0,136.0,0.9,977.0,0,0.55
0583720100700200020205,Turbo,9708.0,0.05,186.0,1.0,424.0,0.7,918.0,0,0.55
0504520020500200010121,Apartadó,3864.0,0.25,358.0,0.8,2364.0,0.45,576.0,0,0.55
0504520020300900010117,Apartadó,5591.0,0.05,177.0,1.0,278.0,0.9,791.0,0,0.55
0505110000000000011003,Arboletes,51.0,1.0,351.0,0.8,84763.0,0.05,87393.0,0,0.15
0505110000000000011114,Arboletes,753.0,0.7,743.0,0.6,84099.0,0.05,86807.0,0,0.15
0505120030200900010106,Arboletes,15005.0,0.05,14909.0,0.05,58248.0,0.05,60572.0,0,0.15
0505120040101000010106,Arboletes,22282.0,0.05,9348.0,0.05,55175.0,0.05,59899.0,0,0.15
0505120030101100010132,Arboletes,14604.0,0.05,14604.0,0.05,62560.0,0.05,66171.0,0,0.15
0514710000000000010221,Carepa,1215.0,0.5,231.0,1.0,212.0,0.9,736.0,0,0.55
0549010000000000010436,Necoclí,36671.0,0.05,94.0,1.0,36929.0,0.05,33052.0,0,0.15
0549020120100700010110,Necoclí,35080.0,0.05,1450.0,0.6,35352.0,0.05,31437.0,0,0.15
0566510000000000010867,San Pedro de Urabá,431.0,0.85,209.0,1.0,29859.0,0.05,39261.0,0,0.15
0583720100700200010503,Turbo,9960.0,0.05,184.0,1.0,104.0,0.9,1197.0,0,0.35
0583720100400800010114,Turbo,4300.0,0.25,320.0,0.8,428.0,0.7,745.0,0,0.55
0583720090603100010111,Turbo,4378.0,0.25,1072.0,0.6,993.0,0.7,1207.0,0,0.35
0583720050603700010101,Turbo,13357.0,0.05,3713.0,0.15,16456.0,0.05,25618.0,0,0.15
0514710000000000010410,Carepa,974.0,0.7,142.0,1.0,117.0,0.9,795.0,0,0.55
0549020050300500010101,Necoclí,32618.0,0.05,1120.0,0.6,44690.0,0.05,42211.0,0,0.15
0565910000000000010312,San Juan de Urabá,69.0,1.0,69.0,1.0,73124.0,0.05,74177.0,0,0.15
0566510000000000010738,San Pedro de Urabá,598.0,0.7,62.0,1.0,29877.0,0.05,39419.0,0,0.15
0514710000000000010323,Carepa,1190.0,0.5,218.0,1.0,150.0,0.9,700.0,0,0.55
0514710000000000010516,Carepa,804.0,0.7,68.0,1.0,482.0,0.7,1110.0,0,0.35
0514710000000000020214,Carepa,1158.0,0.5,420.0,0.8,1118.0,0.45,1607.0,0,0.35
0514710000000000020426,Carepa,266.0,0.85,387.0,0.8,349.0,0.7,1612.0,0,0.35
0514710000000000020430,Carepa,616.0,0.7,178.0,1.0,713.0,0.7,1654.0,0,0.35
0514710000000000020507,Carepa,257.0,0.85,242.0,1.0,397.0,0.7,1835.0,0,0.35
0514720011001000010101,Carepa,4526.0,0.25,871.0,0.6,384.0,0.7,1790.0,0,0.35
0514720011001000010110,Carepa,4389.0,0.25,753.0,0.6,435.0,0.7,1787.0,0,0.35
0517210000000000010217,Chigorodó,10176.0,0.05,108.0,1.0,1150.0,0.45,1514.0,0,0.35
0517210000000000010514,Chigorodó,9717.0,0.05,39.0,1.0,744.0,0.7,1619.0,0,0.35
0517210000000000010526,Chigorodó,10361.0,0.05,409.0,0.8,824.0,0.7,2220.0,0,0.35
0517210000000000020312,Chigorodó,9861.0,0.05,143.0,1.0,258.0,0.9,2136.0,0,0.35
0517210000000000030207,Chigorodó,9601.0,0.05,145.0,1.0,230.0,0.9,2091.0,0,0.35
0517210000000000050108,Chigorodó,9450.0,0.05,88.0,1.0,237.0,0.9,1728.0,0,0.35
0517210000000000050519,Chigorodó,9769.0,0.05,90.0,1.0,244.0,0.9,1773.0,0,0.35
0517210000000000050704,Chigorodó,9652.0,0.05,404.0,0.8,495.0,0.7,1299.0,0,0.35
0517210000000000060407,Chigorodó,10246.0,0.05,296.0,1.0,554.0,0.7,2327.0,0,0.35
0517210000000000060710,Chigorodó,10622.0,0.05,203.0,1.0,611.0,0.7,2309.0,0,0.35
0517210000000000060739,Chigorodó,10497.0,0.05,176.0,1.0,622.0,0.7,2088.0,0,0.35
0517210000000000060904,Chigorodó,10679.0,0.05,267.0,1.0,728.0,0.7,2500.0,0,0.35
0549020030200400010122,Necoclí,14584.0,0.05,14584.0,0.05,63820.0,0.05,62432.0,0,0.15
0565910000000000010104,San Juan de Urabá,153.0,1.0,153.0,1.0,72789.0,0.05,73768.0,0,0.15
0566510000000000011008,San Pedro de Urabá,1417.0,0.5,965.0,0.6,29670.0,0.05,38947.0,0,0.15
0583720110201800010317,Turbo,13866.0,0.05,3438.0,0.15,11871.0,0.05,12834.0,0,0.15
0583720110201800010331,Turbo,14162.0,0.05,3170.0,0.15,12209.0,0.05,13066.0,0,0.15
0504520020300900010209,Apartadó,5535.0,0.05,382.0,0.8,808.0,0.7,768.0,0,0.55
0504520020300900010212,Apartadó,5521.0,0.05,165.0,1.0,317.0,0.7,830.0,0,0.55
0504520010301100010216,Apartadó,1698.0,0.5,513.0,0.8,314.0,0.7,532.0,0,0.55
0505110000000000010119,Arboletes,153.0,1.0,359.0,0.8,84990.0,0.05,87741.0,0,0.15
0505110000000000010215,Arboletes,97.0,1.0,97.0,1.0,85050.0,0.05,87718.0,0,0.15
0505120020500300010102,Arboletes,22815.0,0.05,14122.0,0.05,61129.0,0.05,66780.0,0,0.15
0514710000000000020510,Carepa,316.0,0.85,234.0,1.0,418.0,0.7,1952.0,0,0.35
0549010000000000010102,Necoclí,37343.0,0.05,292.0,1.0,37597.0,0.05,33737.0,0,0.15
0549010000000000010224,Necoclí,36587.0,0.05,122.0,1.0,36845.0,0.05,32970.0,0,0.15
0549020050300500010208,Necoclí,32874.0,0.05,853.0,0.6,44420.0,0.05,41931.0,0,0.15
0549020050300500010218,Necoclí,32916.0,0.05,823.0,0.6,44450.0,0.05,41923.0,0,0.15
0549020120600600010110,Necoclí,30492.0,0.05,246.0,1.0,30762.0,0.05,26852.0,0,0.15
0565910000000000010206,San Juan de Urabá,205.0,0.85,205.0,1.0,72976.0,0.05,73985.0,0,0.15
0565910000000000010216,San Juan de Urabá,228.0,0.85,228.0,1.0,72916.0,0.05,73894.0,0,0.15
0565910000000000010509,San Juan de Urabá,35.0,1.0,35.0,1.0,73931.0,0.05,75029.0,0,0.15
0565920020300400010103,San Juan de Urabá,13189.0,0.05,13189.0,0.05,59565.0,0.05,60783.0,0,0.15
0565920010200600010104,San Juan de Urabá,5771.0,0.05,5771.0,0.15,69084.0,0.05,69208.0,0,0.15
0566510000000000010662,San Pedro de Urabá,312.0,0.85,215.0,1.0,30034.0,0.05,39502.0,0,0.15
0566510000000000010725,San Pedro de Urabá,498.0,0.85,310.0,0.8,29572.0,0.05,39103.0,0,0.15
0566510000000000010840,San Pedro de Urabá,322.0,0.85,150.0,1.0,29805.0,0.05,39219.0,0,0.15
0583720090700100010115,Turbo,641.0,0.7,962.0,0.6,569.0,0.7,420.0,0,0.55
0583720090700100010139,Turbo,430.0,0.85,769.0,0.6,660.0,0.7,692.0,0,0.55
0583720090700100010141,Turbo,931.0,0.7,1248.0,0.6,282.0,0.9,138.0,0,0.75
0583720090700100020231,Turbo,335.0,0.85,21.0,1.0,153.0,0.9,978.0,0,0.55
0583720100700200020512,Turbo,9202.0,0.05,641.0,0.8,214.0,0.9,570.0,0,0.55
0583720090600300010105,Turbo,7693.0,0.05,76.0,1.0,18.0,1.0,3355.0,0,0.15
0583720090600300010312,Turbo,7730.0,0.05,70.0,1.0,197.0,0.9,3761.0,0,0.15
0504520030101500010112,Apartadó,4942.0,0.25,554.0,0.8,470.0,0.7,1638.0,0,0.35
0504520020300900010226,Apartadó,5605.0,0.05,72.0,1.0,383.0,0.7,729.0,0,0.55
0505110000000000011016,Arboletes,325.0,0.85,495.0,0.8,84440.0,0.05,87091.0,0,0.15
0505120030101100010135,Arboletes,14599.0,0.05,14599.0,0.05,62499.0,0.05,66098.0,0,0.15
0505120030101100010136,Arboletes,14644.0,0.05,14644.0,0.05,62499.0,0.05,66111.0,0,0.15
0514710000000000020105,Carepa,1053.0,0.5,333.0,0.8,938.0,0.7,1424.0,0,0.35
0549010000000000010811,Necoclí,38273.0,0.05,536.0,0.8,38533.0,0.05,34649.0,0,0.15
0565920010300300010127,San Juan de Urabá,5410.0,0.05,5410.0,0.15,71433.0,0.05,71347.0,0,0.15
0566510000000000030103,San Pedro de Urabá,622.0,0.7,520.0,0.8,28925.0,0.05,38338.0,0,0.15
0566520040200800010101,San Pedro de Urabá,20093.0,0.05,1557.0,0.35,45796.0,0.05,53694.0,0,0.15
0583720100400800010111,Turbo,4235.0,0.25,394.0,0.8,529.0,0.7,640.0,0,0.55
0514710000000000010132,Carepa,1159.0,0.5,516.0,0.8,388.0,0.7,1092.0,0,0.35
0514710000000000010621,Carepa,1285.0,0.5,401.0,0.8,539.0,0.7,715.0,0,0.55
0514710000000000010726,Carepa,542.0,0.7,258.0,1.0,444.0,0.7,1359.0,0,0.35
0514710000000000020909,Carepa,1413.0,0.5,653.0,0.8,1537.0,0.45,2159.0,0,0.35
0514710000000000030101,Carepa,655.0,0.7,134.0,1.0,135.0,0.9,1265.0,0,0.35
0514710000000000030639,Carepa,660.0,0.7,415.0,0.8,691.0,0.7,2318.0,0,0.35
0517210000000000010121,Chigorodó,9520.0,0.05,312.0,0.8,1034.0,0.45,1237.0,0,0.35
0517210000000000010213,Chigorodó,10311.0,0.05,257.0,1.0,1139.0,0.45,1727.0,0,0.35
0517210000000000010601,Chigorodó,9658.0,0.05,77.0,1.0,551.0,0.7,1810.0,0,0.35
0517210000000000020407,Chigorodó,10375.0,0.05,441.0,0.8,734.0,0.7,2431.0,0,0.35
0517210000000000020436,Chigorodó,10722.0,0.05,577.0,0.8,1099.0,0.45,2455.0,0,0.35
0517210000000000030114,Chigorodó,9579.0,0.05,136.0,1.0,362.0,0.7,1988.0,0,0.35
0517210000000000040106,Chigorodó,9074.0,0.05,379.0,0.8,179.0,0.9,1682.0,0,0.35
0517210000000000050415,Chigorodó,9738.0,0.05,189.0,1.0,276.0,0.9,1525.0,0,0.35
0517210000000000050505,Chigorodó,9690.0,0.05,93.0,1.0,375.0,0.7,1603.0,0,0.35
0517210000000000050607,Chigorodó,9741.0,0.05,67.0,1.0,165.0,0.9,1800.0,0,0.35
0517210000000000060211,Chigorodó,10233.0,0.05,160.0,1.0,223.0,0.9,1952.0,0,0.35
0517210000000000060512,Chigorodó,10462.0,0.05,90.0,1.0,620.0,0.7,2372.0,0,0.35
0517210000000000060711,Chigorodó,10637.0,0.05,264.0,1.0,624.0,0.7,2353.0,0,0.35
0517210000000000060719,Chigorodó,10390.0,0.05,198.0,1.0,529.0,0.7,1989.0,0,0.35
0517210000000000060722,Chigorodó,10610.0,0.05,120.0,1.0,662.0,0.7,2224.0,0,0.35
0549020030200400010109,Necoclí,14620.0,0.05,14620.0,0.05,64355.0,0.05,62862.0,0,0.15
0565910000000000010139,San Juan de Urabá,673.0,0.7,673.0,0.8,72871.0,0.05,73739.0,0,0.15
0583720110201800010104,Turbo,13954.0,0.05,3346.0,0.15,11648.0,0.05,12988.0,0,0.15
0583720110201800010203,Turbo,14374.0,0.05,2924.0,0.35,11947.0,0.05,13364.0,0,0.15
0583720110201800010307,Turbo,14266.0,0.05,3039.0,0.15,12044.0,0.05,13221.0,0,0.15
0505110000000000010328,Arboletes,474.0,0.85,464.0,0.8,84379.0,0.05,87087.0,0,0.15
0505110000000000010517,Arboletes,390.0,0.85,756.0,0.6,84543.0,0.05,87109.0,0,0.15
0505110000000000011117,Arboletes,780.0,0.7,769.0,0.6,84079.0,0.05,86805.0,0,0.15
0514710000000000020612,Carepa,547.0,0.7,145.0,1.0,694.0,0.7,1842.0,0,0.35
0549010000000000010204,Necoclí,36800.0,0.05,29.0,1.0,37055.0,0.05,33191.0,0,0.15
0565920010300300010106,San Juan de Urabá,5745.0,0.05,5745.0,0.15,71295.0,0.05,71144.0,0,0.15
0566510000000000030102,San Pedro de Urabá,527.0,0.7,438.0,0.8,29000.0,0.05,38423.0,0,0.15
0583720090700100020303,Turbo,849.0,0.7,716.0,0.6,383.0,0.7,1195.0,0,0.35
0583720090600300010106,Turbo,7487.0,0.05,135.0,1.0,153.0,0.9,3201.0,0,0.15
0505120020500300010103,Arboletes,22847.0,0.05,14207.0,0.05,61216.0,0.05,66881.0,0,0.15
0504520020300900010205,Apartadó,5599.0,0.05,415.0,0.8,857.0,0.7,718.0,0,0.55
0504520020300900010315,Apartadó,5452.0,0.05,672.0,0.8,221.0,0.9,1214.0,0,0.35
0505110000000000010814,Arboletes,48.0,1.0,632.0,0.8,84983.0,0.05,87785.0,0,0.15
0505110000000000011002,Arboletes,127.0,1.0,290.0,1.0,84865.0,0.05,87485.0,0,0.15
0505110000000000011014,Arboletes,332.0,0.85,411.0,0.8,84485.0,0.05,87150.0,0,0.15
0549010000000000010409,Necoclí,36868.0,0.05,175.0,1.0,37126.0,0.05,33253.0,0,0.15
0549010000000000010717,Necoclí,37945.0,0.05,77.0,1.0,38204.0,0.05,34325.0,0,0.15
0549020120300300010112,Necoclí,32660.0,0.05,623.0,0.8,34619.0,0.05,33595.0,0,0.15
0549020120100700010117,Necoclí,35095.0,0.05,1378.0,0.6,35368.0,0.05,31452.0,0,0.15
0549020090200800010113,Necoclí,24242.0,0.05,7482.0,0.05,48735.0,0.05,49680.0,0,0.15
0549020040400900010120,Necoclí,28871.0,0.05,5558.0,0.15,49150.0,0.05,46630.0,0,0.15
0549020120301400010109,Necoclí,34741.0,0.05,371.0,0.8,35957.0,0.05,34098.0,0,0.15
0565920010100100010110,San Juan de Urabá,8667.0,0.05,8667.0,0.05,70468.0,0.05,69720.0,0,0.15
0565920010300300010122,San Juan de Urabá,5702.0,0.05,5702.0,0.15,71351.0,0.05,71205.0,0,0.15
0565920010300300010129,San Juan de Urabá,5690.0,0.05,5690.0,0.15,71069.0,0.05,70948.0,0,0.15
0566510000000000010659,San Pedro de Urabá,443.0,0.85,288.0,1.0,30148.0,0.05,39608.0,0,0.15
0566510000000000010723,San Pedro de Urabá,359.0,0.85,193.0,1.0,29779.0,0.05,39300.0,0,0.15
0566510000000000010859,San Pedro de Urabá,344.0,0.85,240.0,1.0,29738.0,0.05,39140.0,0,0.15
0583720090700100010102,Turbo,823.0,0.7,1144.0,0.6,387.0,0.7,249.0,0,0.55
0583720090700100020115,Turbo,469.0,0.85,185.0,1.0,53.0,1.0,850.0,0,0.55
0583720100700200020420,Turbo,9290.0,0.05,498.0,0.8,29.0,1.0,561.0,0,0.55
0583720080301000010116,Turbo,5823.0,0.05,371.0,0.8,2775.0,0.45,3844.0,0,0.15
0583720090302300010103,Turbo,2040.0,0.25,178.0,1.0,900.0,0.7,3319.0,0,0.15
0583720090603100010110,Turbo,4400.0,0.25,1055.0,0.6,993.0,0.7,1230.0,0,0.35
0514710000000000010525,Carepa,1316.0,0.5,475.0,0.8,439.0,0.7,549.0,0,0.55
0514710000000000010613,Carepa,973.0,0.7,116.0,1.0,555.0,0.7,1031.0,0,0.35
0514710000000000020238,Carepa,1707.0,0.5,838.0,0.6,1777.0,0.45,2203.0,0,0.35
0514710000000000020302,Carepa,684.0,0.7,207.0,1.0,823.0,0.7,1865.0,0,0.35
0514710000000000030203,Carepa,473.0,0.85,190.0,1.0,40.0,1.0,1447.0,0,0.35
0514710000000000030526,Carepa,450.0,0.85,722.0,0.6,255.0,0.9,1997.0,0,0.35
0514710000000000030546,Carepa,488.0,0.85,787.0,0.6,318.0,0.7,2171.0,0,0.35
0514710000000000030547,Carepa,472.0,0.85,750.0,0.6,314.0,0.7,2172.0,0,0.35
0514720011001000010107,Carepa,4484.0,0.25,838.0,0.6,413.0,0.7,1805.0,0,0.35
0517210000000000010322,Chigorodó,10171.0,0.05,120.0,1.0,1017.0,0.45,1702.0,0,0.35
0517210000000000020106,Chigorodó,10136.0,0.05,314.0,0.8,622.0,0.7,2201.0,0,0.35
0517210000000000030214,Chigorodó,9656.0,0.05,94.0,1.0,237.0,0.9,2027.0,0,0.35
0517210000000000050327,Chigorodó,9618.0,0.05,589.0,0.8,687.0,0.7,1190.0,0,0.35
0517210000000000050428,Chigorodó,9844.0,0.05,219.0,1.0,170.0,0.9,1629.0,0,0.35
0517210000000000060121,Chigorodó,10129.0,0.05,141.0,1.0,401.0,0.7,2068.0,0,0.35
0517210000000000060607,Chigorodó,10413.0,0.05,25.0,1.0,403.0,0.7,2114.0,0,0.35
0517210000000000060720,Chigorodó,10409.0,0.05,147.0,1.0,510.0,0.7,2021.0,0,0.35
0517210000000000061014,Chigorodó,10831.0,0.05,319.0,0.8,843.0,0.7,2460.0,0,0.35
0549020090501500010103,Necoclí,28510.0,0.05,395.0,0.8,38761.0,0.05,40961.0,0,0.15
0565910000000000010217,San Juan de Urabá,263.0,0.85,263.0,1.0,73155.0,0.05,74139.0,0,0.15
0565910000000000010407,San Juan de Urabá,260.0,0.85,260.0,1.0,73353.0,0.05,74404.0,0,0.15
0566510000000000020109,San Pedro de Urabá,165.0,1.0,162.0,1.0,29609.0,0.05,39097.0,0,0.15
0504520020500200010113,Apartadó,3731.0,0.25,340.0,0.8,2300.0,0.45,765.0,0,0.55
0504520020500200010309,Apartadó,3437.0,0.25,92.0,1.0,1933.0,0.45,974.0,0,0.55
0504520020300900010119,Apartadó,5556.0,0.05,349.0,0.8,106.0,0.9,919.0,0,0.55
0505110000000000010918,Arboletes,222.0,0.85,881.0,0.6,85158.0,0.05,87995.0,0,0.15
0505110000000000011103,Arboletes,605.0,0.7,594.0,0.8,84252.0,0.05,86969.0,0,0.15
0505110000000000011111,Arboletes,673.0,0.7,663.0,0.8,84179.0,0.05,86889.0,0,0.15
0505120040101000010101,Arboletes,22216.0,0.05,9430.0,0.05,55264.0,0.05,59984.0,0,0.15
0505120040101000010122,Arboletes,22095.0,0.05,9361.0,0.05,54860.0,0.05,59439.0,0,0.15
0505120030101100010125,Arboletes,14408.0,0.05,14408.0,0.05,63327.0,0.05,66998.0,0,0.15
0549010000000000010210,Necoclí,36704.0,0.05,230.0,1.0,36960.0,0.05,33091.0,0,0.15
0549010000000000010804,Necoclí,38393.0,0.05,570.0,0.8,38653.0,0.05,34770.0,0,0.15
0549020030300200010110,Necoclí,25386.0,0.05,15238.0,0.05,59949.0,0.05,56252.0,0,0.15
0549020120600600010114,Necoclí,30575.0,0.05,35.0,1.0,30843.0,0.05,26937.0,0,0.15
0566510000000000010355,San Pedro de Urabá,747.0,0.7,98.0,1.0,28892.0,0.05,38368.0,0,0.15
0566510000000000020113,San Pedro de Urabá,559.0,0.7,585.0,0.8,29307.0,0.05,38825.0,0,0.15
0583720090700100010612,Turbo,690.0,0.7,593.0,0.8,316.0,0.7,596.0,0,0.55
0583720090700100020421,Turbo,981.0,0.7,719.0,0.6,152.0,0.9,840.0,0,0.55
0583720100700200010306,Turbo,10106.0,0.05,246.0,1.0,67.0,1.0,1266.0,0,0.35
0583720100700200010403,Turbo,9919.0,0.05,36.0,1.0,237.0,0.9,1015.0,0,0.35
0583720100400800010108,Turbo,4316.0,0.25,364.0,0.8,478.0,0.7,716.0,0,0.55
0583720100400800010206,Turbo,4638.0,0.25,159.0,1.0,225.0,0.9,404.0,0,0.55
0583720090302500010101,Turbo,2627.0,0.25,626.0,0.8,2647.0,0.45,2688.0,0,0.35
0504520050300100010102,Apartadó,5596.0,0.05,126.0,1.0,5416.0,0.2,4934.0,0,0.15
0504520020500200010123,Apartadó,3840.0,0.25,348.0,0.8,2353.0,0.45,609.0,0,0.55
0505110000000000010412,Arboletes,174.0,1.0,191.0,1.0,85016.0,0.05,87636.0,0,0.15
0505120060600500010106,Arboletes,28806.0,0.05,5010.0,0.15,54714.0,0.05,62388.0,0,0.15
0514710000000000010122,Carepa,560.0,0.7,53.0,1.0,120.0,0.9,1229.0,0,0.35
0565920010100500010112,San Juan de Urabá,8370.0,0.05,8370.0,0.05,67637.0,0.05,67309.0,0,0.15
0565920010200600010105,San Juan de Urabá,5832.0,0.05,5832.0,0.15,69093.0,0.05,69199.0,0,0.15
0549010000000000010110,Necoclí,36987.0,0.05,113.0,1.0,37242.0,0.05,33379.0,0,0.15
0549010000000000010131,Necoclí,36694.0,0.05,230.0,1.0,36948.0,0.05,33088.0,0,0.15
0549010000000000010907,Necoclí,38433.0,0.05,819.0,0.6,38695.0,0.05,34807.0,0,0.15
0549020120600100010232,Necoclí,25565.0,0.05,731.0,0.6,25837.0,0.05,21922.0,0,0.15
0549020030300200010130,Necoclí,25120.0,0.05,15694.0,0.05,60402.0,0.05,56709.0,0,0.15
0549020090200800010104,Necoclí,24149.0,0.05,7276.0,0.05,48770.0,0.05,49827.0,0,0.15
0549020090501500010119,Necoclí,28612.0,0.05,73.0,1.0,38509.0,0.05,40593.0,0,0.15
0565920010100100010118,San Juan de Urabá,8828.0,0.05,8828.0,0.05,70212.0,0.05,69447.0,0,0.15
0566510000000000010549,San Pedro de Urabá,431.0,0.85,73.0,1.0,29943.0,0.05,39365.0,0,0.15
0566510000000000010658,San Pedro de Urabá,399.0,0.85,233.0,1.0,30092.0,0.05,39552.0,0,0.15
0583720090700100010202,Turbo,800.0,0.7,1108.0,0.6,429.0,0.7,258.0,0,0.55
0583720090700100010221,Turbo,514.0,0.7,834.0,0.6,674.0,0.7,545.0,0,0.55
0583720090700100010305,Turbo,530.0,0.7,825.0,0.6,639.0,0.7,518.0,0,0.55
0583720100700200020216,Turbo,9638.0,0.05,222.0,1.0,305.0,0.7,912.0,0,0.55
0583720100700200020319,Turbo,9442.0,0.05,386.0,0.8,195.0,0.9,732.0,0,0.55
0583720100700200020321,Turbo,9446.0,0.05,430.0,0.8,252.0,0.9,769.0,0,0.55
0583720100700200020404,Turbo,9617.0,0.05,179.0,1.0,220.0,0.9,869.0,0,0.55
0583720100700200020514,Turbo,9291.0,0.05,522.0,0.8,109.0,0.9,595.0,0,0.55
0583720050200500010102,Turbo,9566.0,0.05,87.0,1.0,20030.0,0.05,29381.0,0,0.15
0583720080301000010115,Turbo,5915.0,0.05,342.0,0.8,2796.0,0.45,3890.0,0,0.15
0583720030802900010102,Turbo,10441.0,0.05,229.0,1.0,10698.0,0.05,6845.0,0,0.15
0514710000000000010614,Carepa,988.0,0.7,169.0,1.0,615.0,0.7,1076.0,0,0.35
0514710000000000020609,Carepa,414.0,0.85,173.0,1.0,556.0,0.7,1775.0,0,0.35
0514710000000000020904,Carepa,1346.0,0.5,569.0,0.8,1459.0,0.45,2041.0,0,0.35
0514710000000000030109,Carepa,513.0,0.7,43.0,1.0,133.0,0.9,1314.0,0,0.35
0514710000000000030436,Carepa,251.0,0.85,541.0,0.8,96.0,1.0,1814.0,0,0.35
0514710000000000030548,Carepa,479.0,0.85,719.0,0.6,337.0,0.7,2196.0,0,0.35
0514710000000000030549,Carepa,470.0,0.85,685.0,0.8,343.0,0.7,2198.0,0,0.35
0514720011001000010104,Carepa,4530.0,0.25,911.0,0.6,530.0,0.7,1923.0,0,0.35
0514720011001000010130,Carepa,4302.0,0.25,669.0,0.8,444.0,0.7,1748.0,0,0.35
0517210000000000010114,Chigorodó,9457.0,0.05,279.0,1.0,725.0,0.7,1552.0,0,0.35
0517210000000000020422,Chigorodó,10615.0,0.05,275.0,1.0,928.0,0.7,2669.0,0,0.35
0517210000000000050203,Chigorodó,9486.0,0.05,60.0,1.0,218.0,0.9,1667.0,0,0.35
0517210000000000050322,Chigorodó,9556.0,0.05,208.0,1.0,481.0,0.7,1302.0,0,0.35
0517210000000000050608,Chigorodó,9716.0,0.05,101.0,1.0,102.0,0.9,1821.0,0,0.35
0517210000000000050807,Chigorodó,9970.0,0.05,141.0,1.0,125.0,0.9,1681.0,0,0.35
0517210000000000060404,Chigorodó,10229.0,0.05,237.0,1.0,536.0,0.7,2267.0,0,0.35
0517210000000000060706,Chigorodó,10531.0,0.05,66.0,1.0,541.0,0.7,2187.0,0,0.35
0517210000000000060819,Chigorodó,10678.0,0.05,162.0,1.0,825.0,0.7,2589.0,0,0.35
0565910000000000010310,San Juan de Urabá,18.0,1.0,18.0,1.0,73087.0,0.05,74127.0,0,0.15
0565910000000000010605,San Juan de Urabá,722.0,0.7,722.0,0.6,72693.0,0.05,73868.0,0,0.15
0583720110201800010309,Turbo,14127.0,0.05,3177.0,0.15,11972.0,0.05,13089.0,0,0.15
0504520010301100010234,Apartadó,1726.0,0.5,647.0,0.8,109.0,0.9,337.0,0,0.55
0505110000000000010326,Arboletes,496.0,0.85,485.0,0.8,84366.0,0.05,87086.0,0,0.15
0514710000000000030410,Carepa,174.0,1.0,466.0,0.8,99.0,1.0,1730.0,0,0.35
0549020030300200010119,Necoclí,25438.0,0.05,15165.0,0.05,59877.0,0.05,56179.0,0,0.15
0549020030300200010211,Necoclí,25120.0,0.05,15287.0,0.05,59980.0,0.05,56315.0,0,0.15
0549020120100700010115,Necoclí,35366.0,0.05,1761.0,0.35,35637.0,0.05,31724.0,0,0.15
0566510000000000030112,San Pedro de Urabá,585.0,0.7,326.0,0.8,28931.0,0.05,38365.0,0,0.15
0583720090700100020348,Turbo,1056.0,0.5,935.0,0.6,543.0,0.7,1331.0,0,0.35
0583720090600300010215,Turbo,7546.0,0.05,142.0,1.0,450.0,0.7,3505.0,0,0.15
0583720080301000010121,Turbo,5683.0,0.05,313.0,0.8,3046.0,0.2,4046.0,0,0.15
0583720070201200010117,Turbo,17920.0,0.05,81.0,1.0,12423.0,0.05,21162.0,0,0.15
0583720050603700010103,Turbo,13144.0,0.05,3645.0,0.15,16634.0,0.05,25823.0,0,0.15
0504520010301100010225,Apartadó,1435.0,0.5,311.0,0.8,437.0,0.7,501.0,0,0.55
0504520030101500010115,Apartadó,4889.0,0.25,637.0,0.8,578.0,0.7,1732.0,0,0.35
0504520010101600010114,Apartadó,8594.0,0.05,1166.0,0.6,3874.0,0.2,329.0,0,0.55
0504520020500200010119,Apartadó,3690.0,0.25,428.0,0.8,2312.0,0.45,873.0,0,0.55
0504520010301100010114,Apartadó,1332.0,0.5,128.0,1.0,618.0,0.7,374.0,0,0.55
0505110000000000010138,Arboletes,119.0,1.0,605.0,0.8,85197.0,0.05,87974.0,0,0.15
0505110000000000010343,Arboletes,479.0,0.85,469.0,0.8,84373.0,0.05,87075.0,0,0.15
0505110000000000011009,Arboletes,347.0,0.85,339.0,0.8,84521.0,0.05,87202.0,0,0.15
0505120060400100010107,Arboletes,31005.0,0.05,15694.0,0.05,65536.0,0.05,73161.0,0,0.15
0505120020500300010107,Arboletes,23026.0,0.05,13978.0,0.05,60990.0,0.05,66684.0,0,0.15
0505120040101000010123,Arboletes,22180.0,0.05,9311.0,0.05,54901.0,0.05,59522.0,0,0.15
0505120030101100010101,Arboletes,14140.0,0.05,14140.0,0.05,63442.0,0.05,67052.0,0,0.15
0517220060601500010102,Chigorodó,11963.0,0.05,1476.0,0.6,2113.0,0.45,3400.0,0,0.15
0549020120600100010127,Necoclí,25541.0,0.05,694.0,0.8,25814.0,0.05,21898.0,0,0.15
0549020030300200010128,Necoclí,25035.0,0.05,15798.0,0.05,60504.0,0.05,56815.0,0,0.15
0549020120600600010118,Necoclí,30351.0,0.05,254.0,1.0,30620.0,0.05,26713.0,0,0.15
0549020040400900010109,Necoclí,28335.0,0.05,6030.0,0.05,49550.0,0.05,47123.0,0,0.15
0565920010100100010129,San Juan de Urabá,8910.0,0.05,8910.0,0.05,70216.0,0.05,69431.0,0,0.15
0565920010300300010134,San Juan de Urabá,5534.0,0.05,5534.0,0.15,71286.0,0.05,71183.0,0,0.15
0565920010100500010108,San Juan de Urabá,8339.0,0.05,8339.0,0.05,67685.0,0.05,67356.0,0,0.15
0566510000000000010126,San Pedro de Urabá,259.0,0.85,195.0,1.0,29971.0,0.05,39472.0,0,0.15
0566510000000000010826,San Pedro de Urabá,196.0,1.0,174.0,1.0,29606.0,0.05,39019.0,0,0.15
0566520020300300010102,San Pedro de Urabá,29645.0,0.05,12194.0,0.05,58807.0,0.05,67653.0,0,0.15
0583720100700200010213,Turbo,10012.0,0.05,124.0,1.0,222.0,0.9,1030.0,0,0.35
0583720090700100010715,Turbo,939.0,0.7,749.0,0.6,143.0,0.9,696.0,0,0.55
0583720090600300010327,Turbo,7113.0,0.05,591.0,0.8,136.0,0.9,3717.0,0,0.15
0583720030700600010103,Turbo,15473.0,0.05,83.0,1.0,15728.0,0.05,11871.0,0,0.15
0583720100400800010105,Turbo,4273.0,0.25,438.0,0.8,585.0,0.7,619.0,0,0.55
0583720100400800010113,Turbo,4320.0,0.25,330.0,0.8,443.0,0.7,733.0,0,0.55
0583720080301000010103,Turbo,6105.0,0.05,216.0,1.0,2997.0,0.45,4118.0,0,0.15
0583720090102700010104,Turbo,4369.0,0.25,71.0,1.0,3743.0,0.2,3827.0,0,0.15
0583720050202800010101,Turbo,12537.0,0.05,228.0,1.0,20595.0,0.05,28682.0,0,0.15
0514710000000000010402,Carepa,926.0,0.7,82.0,1.0,140.0,0.9,902.0,0,0.55
0514710000000000010714,Carepa,631.0,0.7,136.0,1.0,559.0,0.7,1389.0,0,0.35
0514710000000000020228,Carepa,1711.0,0.5,681.0,0.8,1727.0,0.45,2080.0,0,0.35
0514710000000000020311,Carepa,800.0,0.7,84.0,1.0,730.0,0.7,1421.0,0,0.35
0514710000000000020523,Carepa,349.0,0.85,205.0,1.0,494.0,0.7,1763.0,0,0.35
0514710000000000030113,Carepa,628.0,0.7,150.0,1.0,127.0,0.9,1308.0,0,0.35
0514710000000000030405,Carepa,118.0,1.0,439.0,0.8,70.0,1.0,1683.0,0,0.35
0514710000000000030555,Carepa,398.0,0.85,557.0,0.8,323.0,0.7,2141.0,0,0.35
0517210000000000010117,Chigorodó,9759.0,0.05,120.0,1.0,998.0,0.7,1351.0,0,0.35
0517210000000000020402,Chigorodó,10243.0,0.05,441.0,0.8,630.0,0.7,2357.0,0,0.35
0517210000000000050128,Chigorodó,9567.0,0.05,135.0,1.0,135.0,0.9,1740.0,0,0.35
0517210000000000050319,Chigorodó,9546.0,0.05,149.0,1.0,475.0,0.7,1327.0,0,0.35
0517210000000000050814,Chigorodó,10123.0,0.05,48.0,1.0,259.0,0.9,1776.0,0,0.35
0517210000000000060822,Chigorodó,10627.0,0.05,322.0,0.8,647.0,0.7,2414.0,0,0.35
0565910000000000010614,San Juan de Urabá,358.0,0.85,358.0,0.8,72949.0,0.05,74061.0,0,0.15
0565910000000000010801,San Juan de Urabá,467.0,0.85,467.0,0.8,72318.0,0.05,73382.0,0,0.15
0566510000000000010865,San Pedro de Urabá,617.0,0.7,183.0,1.0,29718.0,0.05,39086.0,0,0.15
0583720110201800010129,Turbo,13847.0,0.05,3451.0,0.15,11668.0,0.05,12867.0,0,0.15
0504520010101400010106,Apartadó,10926.0,0.05,225.0,1.0,3691.0,0.2,937.0,0,0.55
0505110000000000010322,Arboletes,428.0,0.85,417.0,0.8,84451.0,0.05,87179.0,0,0.15
0504520010301100010218,Apartadó,1620.0,0.5,467.0,0.8,300.0,0.9,483.0,0,0.55
0504520020300900010126,Apartadó,5472.0,0.05,497.0,0.8,68.0,1.0,1070.0,0,0.35
0504520020300900010323,Apartadó,5355.0,0.05,546.0,0.8,182.0,0.9,1160.0,0,0.35
0505110000000000010405,Arboletes,196.0,1.0,196.0,1.0,85241.0,0.05,87869.0,0,0.15
0549020120101100010106,Necoclí,32407.0,0.05,196.0,1.0,32689.0,0.05,28761.0,0,0.15
0549010000000000010116,Necoclí,36892.0,0.05,114.0,1.0,37147.0,0.05,33284.0,0,0.15
0549010000000000010229,Necoclí,36892.0,0.05,197.0,1.0,37148.0,0.05,33280.0,0,0.15
0549010000000000010702,Necoclí,38223.0,0.05,348.0,0.8,38483.0,0.05,34602.0,0,0.15
0549020120301400010102,Necoclí,34507.0,0.05,218.0,1.0,36159.0,0.05,34488.0,0,0.15
0583720100700200010303,Turbo,10045.0,0.05,137.0,1.0,153.0,0.9,1105.0,0,0.35
0583720100700200020308,Turbo,9581.0,0.05,307.0,0.8,342.0,0.7,881.0,0,0.55
0566510000000000010125,San Pedro de Urabá,365.0,0.85,123.0,1.0,30077.0,0.05,39582.0,0,0.15
0583720090700100010214,Turbo,531.0,0.7,838.0,0.6,662.0,0.7,529.0,0,0.55
0583720090600300010333,Turbo,6971.0,0.05,729.0,0.6,140.0,0.9,3657.0,0,0.15
0583720030700600010111,Turbo,15529.0,0.05,73.0,1.0,15783.0,0.05,11934.0,0,0.15
0583720080301000010117,Turbo,5823.0,0.05,304.0,0.8,2849.0,0.45,3911.0,0,0.15
0583720090402400010105,Turbo,3097.0,0.25,1291.0,0.6,261.0,0.9,2177.0,0,0.35
0583720090503500010101,Turbo,5631.0,0.05,4033.0,0.15,3793.0,0.2,2469.0,0,0.35
0504520020500200010102,Apartadó,3644.0,0.25,129.0,1.0,2134.0,0.45,771.0,0,0.55
0504520020300900010308,Apartadó,5501.0,0.05,572.0,0.8,118.0,0.9,1111.0,0,0.35
0504520010301100010113,Apartadó,1297.0,0.5,87.0,1.0,663.0,0.7,366.0,0,0.55
0505110000000000010511,Arboletes,224.0,0.85,356.0,0.8,84923.0,0.05,87520.0,0,0.15
0505110000000000010913,Arboletes,197.0,1.0,744.0,0.6,85211.0,0.05,88015.0,0,0.15
0505120040101000010117,Arboletes,22062.0,0.05,9583.0,0.05,55388.0,0.05,60080.0,0,0.15
0514710000000000010218,Carepa,1394.0,0.5,411.0,0.8,273.0,0.9,693.0,0,0.55
0514710000000000020620,Carepa,447.0,0.85,69.0,1.0,590.0,0.7,1881.0,0,0.35
0514710000000000020625,Carepa,620.0,0.7,169.0,1.0,770.0,0.7,1896.0,0,0.35
0514710000000000020724,Carepa,665.0,0.7,186.0,1.0,782.0,0.7,2112.0,0,0.35
0514710000000000030433,Carepa,55.0,1.0,531.0,0.8,116.0,0.9,1780.0,0,0.35
0549010000000000010322,Necoclí,37037.0,0.05,149.0,1.0,37294.0,0.05,33422.0,0,0.15
0549010000000000010606,Necoclí,40195.0,0.05,443.0,0.8,40449.0,0.05,36588.0,0,0.15
0549010000000000010713,Necoclí,38079.0,0.05,230.0,1.0,38339.0,0.05,34458.0,0,0.15
0549010000000000010807,Necoclí,38351.0,0.05,593.0,0.8,38612.0,0.05,34727.0,0,0.15
0565920010100100010126,San Juan de Urabá,8677.0,0.05,8677.0,0.05,70343.0,0.05,69602.0,0,0.15
0565920010100100010127,San Juan de Urabá,8789.0,0.05,8789.0,0.05,70294.0,0.05,69531.0,0,0.15
0566520040200200010103,San Pedro de Urabá,15466.0,0.05,197.0,1.0,44175.0,0.05,53021.0,0,0.15
0583720090700100020354,Turbo,956.0,0.7,822.0,0.6,440.0,0.7,1242.0,0,0.35
0583720090700100020416,Turbo,962.0,0.7,708.0,0.6,145.0,0.9,871.0,0,0.55
0583720090700100020505,Turbo,624.0,0.7,332.0,0.8,24.0,1.0,816.0,0,0.55
0583720100700200010202,Turbo,10078.0,0.05,69.0,1.0,259.0,0.9,1023.0,0,0.35
0583720100700200010308,Turbo,10158.0,0.05,352.0,0.8,158.0,0.9,1274.0,0,0.35
0583720100700200020126,Turbo,9702.0,0.05,341.0,0.8,135.0,0.9,903.0,0,0.55
0583720100400800010201,Turbo,4679.0,0.25,215.0,1.0,298.0,0.9,413.0,0,0.55
0583720100400800010211,Turbo,4554.0,0.25,79.0,1.0,179.0,0.9,479.0,0,0.55
0583720070201200010125,Turbo,17929.0,0.05,422.0,0.8,12226.0,0.05,21090.0,0,0.15
0514710000000000010505,Carepa,1036.0,0.5,145.0,1.0,463.0,0.7,903.0,0,0.55
0514710000000000010811,Carepa,803.0,0.7,114.0,1.0,200.0,0.9,940.0,0,0.55
0514710000000000020213,Carepa,1258.0,0.5,477.0,0.8,1277.0,0.45,1780.0,0,0.35
0514710000000000020312,Carepa,776.0,0.7,57.0,1.0,726.0,0.7,1443.0,0,0.35
0514710000000000020901,Carepa,1214.0,0.5,432.0,0.8,1322.0,0.45,1936.0,0,0.35
0514710000000000030121,Carepa,468.0,0.85,125.0,1.0,72.0,1.0,1395.0,0,0.35
0514710000000000030541,Carepa,344.0,0.85,620.0,0.8,221.0,0.9,2071.0,0,0.35
0514720011001000010109,Carepa,4448.0,0.25,804.0,0.6,413.0,0.7,1793.0,0,0.35
0517210000000000010212,Chigorodó,10244.0,0.05,190.0,1.0,1097.0,0.45,1687.0,0,0.35
0517210000000000010505,Chigorodó,9824.0,0.05,105.0,1.0,702.0,0.7,1745.0,0,0.35
0517210000000000010534,Chigorodó,10293.0,0.05,199.0,1.0,934.0,0.7,1968.0,0,0.35
0517210000000000020224,Chigorodó,10507.0,0.05,209.0,1.0,816.0,0.7,2556.0,0,0.35
0517210000000000020228,Chigorodó,10189.0,0.05,313.0,0.8,509.0,0.7,2327.0,0,0.35
0517210000000000050311,Chigorodó,9479.0,0.05,123.0,1.0,478.0,0.7,1419.0,0,0.35
0517210000000000050409,Chigorodó,9622.0,0.05,105.0,1.0,392.0,0.7,1424.0,0,0.35
0517210000000000050526,Chigorodó,9737.0,0.05,137.0,1.0,349.0,0.7,1675.0,0,0.35
0517210000000000050703,Chigorodó,9655.0,0.05,564.0,0.8,677.0,0.7,1222.0,0,0.35
0517210000000000060105,Chigorodó,9985.0,0.05,153.0,1.0,124.0,0.9,1806.0,0,0.35
0517210000000000060806,Chigorodó,10406.0,0.05,285.0,1.0,460.0,0.7,2231.0,0,0.35
0517210000000000060807,Chigorodó,10440.0,0.05,279.0,1.0,487.0,0.7,2259.0,0,0.35
0517210000000000060903,Chigorodó,10717.0,0.05,233.0,1.0,803.0,0.7,2575.0,0,0.35
0517210000000000061019,Chigorodó,10803.0,0.05,307.0,0.8,851.0,0.7,2404.0,0,0.35
0549020050300500010211,Necoclí,32858.0,0.05,892.0,0.6,44528.0,0.05,41996.0,0,0.15
0565910000000000010618,San Juan de Urabá,873.0,0.7,873.0,0.6,72648.0,0.05,73856.0,0,0.15
0565910000000000010805,San Juan de Urabá,488.0,0.85,488.0,0.8,72302.0,0.05,73370.0,0,0.15
0583720110201800010124,Turbo,14052.0,0.05,3264.0,0.15,11499.0,0.05,13132.0,0,0.15
0504520020300900010303,Apartadó,5518.0,0.05,787.0,0.6,333.0,0.7,1279.0,0,0.35
0504520020300900010301,Apartadó,5563.0,0.05,639.0,0.8,190.0,0.9,1132.0,0,0.35
0504520050300100010104,Apartadó,5700.0,0.05,61.0,1.0,5528.0,0.2,5063.0,0,0.15
0504520020300900010310,Apartadó,5479.0,0.05,744.0,0.6,290.0,0.9,1260.0,0,0.35
0505110000000000010211,Arboletes,162.0,1.0,222.0,1.0,85300.0,0.05,87955.0,0,0.15
0505110000000000010341,Arboletes,533.0,0.7,523.0,0.8,84319.0,0.05,87026.0,0,0.15
0505110000000000011102,Arboletes,594.0,0.7,584.0,0.8,84260.0,0.05,86971.0,0,0.15
0505120020500300010101,Arboletes,22794.0,0.05,14062.0,0.05,61067.0,0.05,66709.0,0,0.15
0505120020500300010112,Arboletes,22753.0,0.05,14185.0,0.05,61191.0,0.05,66831.0,0,0.15
0505120060600500010105,Arboletes,28821.0,0.05,5015.0,0.15,54712.0,0.05,62380.0,0,0.15
0505120030101100010115,Arboletes,14195.0,0.05,14195.0,0.05,63133.0,0.05,66713.0,0,0.15
0517220060501400010101,Chigorodó,12737.0,0.05,2496.0,0.35,3189.0,0.2,2346.0,0,0.35
0549010000000000010915,Necoclí,38399.0,0.05,704.0,0.6,38661.0,0.05,34774.0,0,0.15
0549020120600100010222,Necoclí,25599.0,0.05,805.0,0.6,25871.0,0.05,21958.0,0,0.15
0549010000000000010122,Necoclí,37580.0,0.05,521.0,0.8,37834.0,0.05,33976.0,0,0.15
0549010000000000010221,Necoclí,36683.0,0.05,218.0,1.0,36941.0,0.05,33068.0,0,0.15
0549020120300300010128,Necoclí,33455.0,0.05,353.0,0.8,34754.0,0.05,33312.0,0,0.15
0549020050300500010201,Necoclí,32803.0,0.05,958.0,0.6,44604.0,0.05,42065.0,0,0.15
0549020040400900010127,Necoclí,29193.0,0.05,5223.0,0.15,48836.0,0.05,46289.0,0,0.15
0565920010100500010122,San Juan de Urabá,8359.0,0.05,8359.0,0.05,67355.0,0.05,67084.0,0,0.15
0565910000000000010111,San Juan de Urabá,210.0,0.85,210.0,1.0,72619.0,0.05,73596.0,0,0.15
0565920010100500010115,San Juan de Urabá,8445.0,0.05,8445.0,0.05,67381.0,0.05,67080.0,0,0.15
0566510000000000010156,San Pedro de Urabá,366.0,0.85,218.0,1.0,30123.0,0.05,39618.0,0,0.15
0566510000000000010316,San Pedro de Urabá,684.0,0.7,161.0,1.0,29025.0,0.05,38507.0,0,0.15
0566510000000000010352,San Pedro de Urabá,197.0,1.0,197.0,1.0,29478.0,0.05,38929.0,0,0.15
0566510000000000010727,San Pedro de Urabá,408.0,0.85,145.0,1.0,29790.0,0.05,39316.0,0,0.15
0566510000000000010810,San Pedro de Urabá,2.0,1.0,2.0,1.0,29517.0,0.05,38948.0,0,0.15
0566510000000000010819,San Pedro de Urabá,451.0,0.85,173.0,1.0,29929.0,0.05,39338.0,0,0.15
0566510000000000010850,San Pedro de Urabá,249.0,0.85,127.0,1.0,29761.0,0.05,39185.0,0,0.15
0583720090700100010114,Turbo,569.0,0.7,893.0,0.6,641.0,0.7,494.0,0,0.55
0583720090700100010125,Turbo,735.0,0.7,1073.0,0.6,546.0,0.7,465.0,0,0.55
0583720090700100010408,Turbo,733.0,0.7,988.0,0.6,651.0,0.7,281.0,0,0.55
0583720090700100020347,Turbo,948.0,0.7,848.0,0.6,520.0,0.7,1328.0,0,0.35
0583720100700200010104,Turbo,10363.0,0.05,249.0,1.0,347.0,0.7,1282.0,0,0.35
0583720100700200010502,Turbo,9959.0,0.05,199.0,1.0,147.0,0.9,1194.0,0,0.35
0583720100700200020521,Turbo,9166.0,0.05,684.0,0.8,251.0,0.9,559.0,0,0.55
0583720090600300010107,Turbo,7438.0,0.05,183.0,1.0,153.0,0.9,3162.0,0,0.15
0583720090600300010330,Turbo,7034.0,0.05,668.0,0.8,120.0,0.9,3684.0,0,0.15
0583720100400800010212,Turbo,4577.0,0.25,97.0,1.0,173.0,0.9,448.0,0,0.55
0583720020101300010202,Turbo,15407.0,0.05,222.0,1.0,31026.0,0.05,37948.0,0,0.15
0583720090602600010101,Turbo,4665.0,0.25,43.0,1.0,297.0,0.9,2226.0,0,0.35
0583720090103900010116,Turbo,3975.0,0.25,1349.0,0.6,4198.0,0.2,1720.0,0,0.35
0504520010301100010231,Apartadó,1768.0,0.5,626.0,0.8,201.0,0.9,446.0,0,0.55
0505120030200800010103,Arboletes,16931.0,0.05,14383.0,0.05,58051.0,0.05,61420.0,0,0.15
0514710000000000010603,Carepa,933.0,0.7,223.0,1.0,682.0,0.7,1179.0,0,0.35
0514710000000000020110,Carepa,901.0,0.7,194.0,1.0,773.0,0.7,1361.0,0,0.35
0514710000000000030302,Carepa,615.0,0.7,47.0,1.0,65.0,1.0,1128.0,0,0.35
0549010000000000010319,Necoclí,37127.0,0.05,140.0,1.0,37385.0,0.05,33512.0,0,0.15
0549010000000000010602,Necoclí,40063.0,0.05,509.0,0.8,40316.0,0.05,36460.0,0,0.15
0549020120300300010109,Necoclí,32897.0,0.05,205.0,1.0,34422.0,0.05,33215.0,0,0.15
0549020090501500010123,Necoclí,28514.0,0.05,79.0,1.0,38409.0,0.05,40518.0,0,0.15
0583720090700100010136,Turbo,607.0,0.7,942.0,0.6,622.0,0.7,501.0,0,0.55
0583720090700100020311,Turbo,682.0,0.7,503.0,0.8,257.0,0.9,1043.0,0,0.35
0583720090600300010117,Turbo,7567.0,0.05,75.0,1.0,69.0,1.0,3215.0,0,0.15
0583720090600300010332,Turbo,6973.0,0.05,711.0,0.6,82.0,1.0,3591.0,0,0.15
0583720090302500010102,Turbo,2889.0,0.25,461.0,0.8,2815.0,0.45,2921.0,0,0.35
0583720090503500010104,Turbo,5746.0,0.05,3916.0,0.15,3737.0,0.2,2342.0,0,0.35
0514710000000000010819,Carepa,733.0,0.7,72.0,1.0,160.0,0.9,1010.0,0,0.35
0514710000000000020232,Carepa,1751.0,0.5,795.0,0.6,1802.0,0.45,2192.0,0,0.35
0514710000000000020234,Carepa,1625.0,0.5,789.0,0.6,1685.0,0.45,2119.0,0,0.35
0514710000000000030509,Carepa,320.0,0.85,685.0,0.8,146.0,0.9,2004.0,0,0.35
0514710000000000030630,Carepa,562.0,0.7,232.0,1.0,643.0,0.7,2155.0,0,0.35
0514720011001000010124,Carepa,4378.0,0.25,722.0,0.6,347.0,0.7,1703.0,0,0.35
0514720011001000010126,Carepa,4342.0,0.25,696.0,0.8,392.0,0.7,1724.0,0,0.35
0517210000000000010323,Chigorodó,10141.0,0.05,91.0,1.0,996.0,0.7,1692.0,0,0.35
0517210000000000020220,Chigorodó,10427.0,0.05,213.0,1.0,735.0,0.7,2481.0,0,0.35
0517210000000000030215,Chigorodó,9586.0,0.05,157.0,1.0,208.0,0.9,1977.0,0,0.35
0517210000000000050314,Chigorodó,9591.0,0.05,25.0,1.0,429.0,0.7,1454.0,0,0.35
0517210000000000050414,Chigorodó,9770.0,0.05,205.0,1.0,247.0,0.9,1581.0,0,0.35
0517210000000000060907,Chigorodó,10773.0,0.05,288.0,1.0,849.0,0.7,2621.0,0,0.35
0549020030200400010121,Necoclí,14441.0,0.05,14441.0,0.05,64251.0,0.05,62827.0,0,0.15
0565910000000000010137,San Juan de Urabá,745.0,0.7,745.0,0.6,72780.0,0.05,73632.0,0,0.15
0565910000000000010608,San Juan de Urabá,656.0,0.7,656.0,0.8,72737.0,0.05,73900.0,0,0.15
0583720110201800010114,Turbo,13905.0,0.05,3394.0,0.15,11754.0,0.05,12907.0,0,0.15
0583720110201800010327,Turbo,13923.0,0.05,3402.0,0.15,12079.0,0.05,12840.0,0,0.15
0505110000000000011031,Arboletes,225.0,0.85,303.0,0.8,84948.0,0.05,87552.0,0,0.15
0514710000000000010336,Carepa,1331.0,0.5,380.0,0.8,176.0,0.9,538.0,0,0.55
0514710000000000020603,Carepa,547.0,0.7,245.0,1.0,667.0,0.7,1728.0,0,0.35
0549010000000000010217,Necoclí,36696.0,0.05,300.0,0.8,36953.0,0.05,33083.0,0,0.15
0549020030300200010126,Necoclí,24992.0,0.05,15866.0,0.05,60571.0,0.05,56884.0,0,0.15
0549020040400900010101,Necoclí,28258.0,0.05,6185.0,0.05,49727.0,0.05,47268.0,0,0.15
0549020120801600010103,Necoclí,27914.0,0.05,609.0,0.8,28825.0,0.05,29426.0,0,0.15
0583720100700200020212,Turbo,9750.0,0.05,153.0,1.0,327.0,0.7,1025.0,0,0.35
0583720090600300010121,Turbo,7440.0,0.05,188.0,1.0,175.0,0.9,3177.0,0,0.15
0505110000000000010324,Arboletes,526.0,0.7,515.0,0.8,84351.0,0.05,87083.0,0,0.15
0505110000000000010519,Arboletes,302.0,0.85,654.0,0.8,84631.0,0.05,87205.0,0,0.15
0505120030101100010126,Arboletes,14447.0,0.05,14447.0,0.05,63258.0,0.05,66929.0,0,0.15
0514710000000000010113,Carepa,596.0,0.7,90.0,1.0,82.0,1.0,1182.0,0,0.35
0514710000000000020203,Carepa,1364.0,0.5,560.0,0.8,1312.0,0.45,1695.0,0,0.35
0514710000000000020714,Carepa,454.0,0.85,126.0,1.0,564.0,0.7,2015.0,0,0.35
0514720010601300010112,Carepa,4322.0,0.25,4322.0,0.15,518.0,0.7,350.0,0,0.55
0549010000000000010125,Necoclí,37616.0,0.05,215.0,1.0,37873.0,0.05,34003.0,0,0.15
0549010000000000010305,Necoclí,37417.0,0.05,191.0,1.0,37674.0,0.05,33804.0,0,0.15
0549020120600100010210,Necoclí,25674.0,0.05,665.0,0.8,25946.0,0.05,22031.0,0,0.15
0549020120600100010307,Necoclí,25840.0,0.05,839.0,0.6,26110.0,0.05,22199.0,0,0.15
0549020030300200010121,Necoclí,24871.0,0.05,16117.0,0.05,60822.0,0.05,57134.0,0,0.15
0549020120600600010112,Necoclí,30534.0,0.05,181.0,1.0,30803.0,0.05,26894.0,0,0.15
0549020120600600010113,Necoclí,30459.0,0.05,200.0,1.0,30728.0,0.05,26819.0,0,0.15
0549020040400900010105,Necoclí,28289.0,0.05,6068.0,0.05,49579.0,0.05,47162.0,0,0.15
0549020090501500010116,Necoclí,28549.0,0.05,77.0,1.0,38546.0,0.05,40672.0,0,0.15
0566510000000000010733,San Pedro de Urabá,486.0,0.85,139.0,1.0,29741.0,0.05,39274.0,0,0.15
0566520020300300010109,San Pedro de Urabá,29416.0,0.05,12035.0,0.05,58579.0,0.05,67427.0,0,0.15
0566520010100400010107,San Pedro de Urabá,31625.0,0.05,8950.0,0.05,59152.0,0.05,67292.0,0,0.15
0583720090700100010706,Turbo,754.0,0.7,571.0,0.8,152.0,0.9,727.0,0,0.55
0583720090700100020114,Turbo,479.0,0.85,249.0,1.0,46.0,1.0,879.0,0,0.55
0583720090700100020227,Turbo,275.0,0.85,88.0,1.0,212.0,0.9,1047.0,0,0.35
0583720090700100020412,Turbo,853.0,0.7,603.0,0.8,69.0,1.0,876.0,0,0.55
0583720100700200010309,Turbo,10179.0,0.05,399.0,0.8,204.0,0.9,1235.0,0,0.35
0583720100700200020121,Turbo,9398.0,0.05,406.0,0.8,249.0,0.9,634.0,0,0.55
0583720100700200020410,Turbo,9641.0,0.05,140.0,1.0,107.0,0.9,878.0,0,0.55
0583720100700200020411,Turbo,9575.0,0.05,205.0,1.0,154.0,0.9,812.0,0,0.55
0583720090600300010118,Turbo,7579.0,0.05,46.0,1.0,93.0,1.0,3242.0,0,0.15
0583720030700600010112,Turbo,15471.0,0.05,92.0,1.0,15725.0,0.05,11876.0,0,0.15
0583720100400800010214,Turbo,4761.0,0.25,295.0,1.0,364.0,0.7,367.0,0,0.55
0583720080301000010105,Turbo,6103.0,0.05,332.0,0.8,2874.0,0.45,4010.0,0,0.15
0583720070201200010122,Turbo,17850.0,0.05,66.0,1.0,12474.0,0.05,21227.0,0,0.15
0583720020101300010105,Turbo,15626.0,0.05,200.0,1.0,31429.0,0.05,38325.0,0,0.15
0583720030803200010104,Turbo,12372.0,0.05,286.0,1.0,12633.0,0.05,8758.0,0,0.15
0514710000000000010109,Carepa,673.0,0.7,93.0,1.0,89.0,1.0,1096.0,0,0.35
0514710000000000010230,Carepa,1370.0,0.5,398.0,0.8,165.0,0.9,571.0,0,0.55
0514710000000000010604,Carepa,769.0,0.7,174.0,1.0,535.0,0.7,1213.0,0,0.35
0514710000000000020242,Carepa,1433.0,0.5,367.0,0.8,1166.0,0.45,1411.0,0,0.35
0514710000000000020315,Carepa,632.0,0.7,122.0,1.0,702.0,0.7,1556.0,0,0.35
0514710000000000020421,Carepa,397.0,0.85,280.0,1.0,507.0,0.7,1669.0,0,0.35
0514710000000000020504,Carepa,356.0,0.85,228.0,1.0,491.0,0.7,1732.0,0,0.35
0514710000000000030312,Carepa,220.0,0.85,448.0,0.8,277.0,0.9,1589.0,0,0.35
0514710000000000030401,Carepa,178.0,1.0,356.0,0.8,33.0,1.0,1594.0,0,0.35
0514710000000000030551,Carepa,453.0,0.85,631.0,0.8,349.0,0.7,2191.0,0,0.35
0514710000000000030620,Carepa,533.0,0.7,410.0,0.8,545.0,0.7,2232.0,0,0.35
0514710000000000030629,Carepa,546.0,0.7,194.0,1.0,638.0,0.7,2120.0,0,0.35
0514720011001000010123,Carepa,4376.0,0.25,729.0,0.6,391.0,0.7,1741.0,0,0.35
0514720011001000010136,Carepa,4214.0,0.25,546.0,0.8,329.0,0.7,1561.0,0,0.35
0517210000000000010216,Chigorodó,10250.0,0.05,174.0,1.0,1210.0,0.45,1525.0,0,0.35
0517210000000000010622,Chigorodó,10191.0,0.05,188.0,1.0,800.0,0.7,2026.0,0,0.35
0517210000000000010710,Chigorodó,10311.0,0.05,248.0,1.0,1344.0,0.45,1420.0,0,0.35
0517210000000000020234,Chigorodó,10759.0,0.05,276.0,1.0,978.0,0.7,2731.0,0,0.35
0517210000000000020433,Chigorodó,10643.0,0.05,383.0,0.8,974.0,0.7,2584.0,0,0.35
0517210000000000020504,Chigorodó,10728.0,0.05,302.0,0.8,1010.0,0.45,2746.0,0,0.35
0517210000000000050109,Chigorodó,9528.0,0.05,164.0,1.0,172.0,0.9,1814.0,0,0.35
0517210000000000050301,Chigorodó,9435.0,0.05,154.0,1.0,373.0,0.7,1495.0,0,0.35
0517210000000000050606,Chigorodó,9686.0,0.05,4.0,1.0,197.0,0.9,1732.0,0,0.35
0517210000000000060222,Chigorodó,10119.0,0.05,62.0,1.0,107.0,0.9,1873.0,0,0.35
0517210000000000060618,Chigorodó,10576.0,0.05,267.0,1.0,576.0,0.7,2334.0,0,0.35
0549020030200400010128,Necoclí,14545.0,0.05,14545.0,0.05,63994.0,0.05,62586.0,0,0.15
0565910000000000010144,San Juan de Urabá,876.0,0.7,876.0,0.6,72930.0,0.05,73756.0,0,0.15
0566510000000000011006,San Pedro de Urabá,1240.0,0.5,724.0,0.6,29867.0,0.05,39167.0,0,0.15
0566510000000000020108,San Pedro de Urabá,914.0,0.7,631.0,0.8,29299.0,0.05,38862.0,0,0.15
0505120020500300010120,Arboletes,23192.0,0.05,13829.0,0.05,60844.0,0.05,66569.0,0,0.15
0504520010301100010232,Apartadó,1747.0,0.5,630.0,0.8,161.0,0.9,400.0,0,0.55
0504520030101500010101,Apartadó,4768.0,0.25,549.0,0.8,518.0,0.7,1657.0,0,0.35
0505110000000000010136,Arboletes,151.0,1.0,657.0,0.8,85187.0,0.05,87976.0,0,0.15
0505110000000000010301,Arboletes,169.0,1.0,158.0,1.0,84725.0,0.05,87441.0,0,0.15
0505110000000000010403,Arboletes,93.0,1.0,93.0,1.0,85174.0,0.05,87821.0,0,0.15
0505110000000000010548,Arboletes,283.0,0.85,674.0,0.8,84519.0,0.05,87113.0,0,0.15
0505110000000000011001,Arboletes,267.0,0.85,312.0,0.8,84984.0,0.05,87583.0,0,0.15
0505110000000000011126,Arboletes,677.0,0.7,692.0,0.8,84154.0,0.05,86848.0,0,0.15
0517220100400700010109,Chigorodó,22278.0,0.05,182.0,1.0,6317.0,0.2,13923.0,0,0.15
0549010000000000010802,Necoclí,38431.0,0.05,562.0,0.8,38691.0,0.05,34808.0,0,0.15
0549010000000000010903,Necoclí,38548.0,0.05,860.0,0.6,38810.0,0.05,34922.0,0,0.15
0549010000000000010909,Necoclí,38460.0,0.05,793.0,0.6,38722.0,0.05,34834.0,0,0.15
0549020040400900010104,Necoclí,28270.0,0.05,6057.0,0.05,49554.0,0.05,47155.0,0,0.15
0549020120101100010105,Necoclí,32393.0,0.05,265.0,1.0,32675.0,0.05,28747.0,0,0.15
0549020120301300010101,Necoclí,34137.0,0.05,745.0,0.6,37727.0,0.05,36695.0,0,0.15
0565920010300300010115,San Juan de Urabá,5932.0,0.05,5932.0,0.15,71105.0,0.05,70926.0,0,0.15
0566510000000000010417,San Pedro de Urabá,812.0,0.7,461.0,0.8,29476.0,0.05,39036.0,0,0.15
0566510000000000020102,San Pedro de Urabá,585.0,0.7,427.0,0.8,29449.0,0.05,38983.0,0,0.15
0566520040200200010111,San Pedro de Urabá,14961.0,0.05,350.0,0.8,43719.0,0.05,52591.0,0,0.15
0583720100700200010113,Turbo,10236.0,0.05,309.0,0.8,202.0,0.9,1350.0,0,0.35
0583720100700200010315,Turbo,9966.0,0.05,138.0,1.0,132.0,0.9,1119.0,0,0.35
0583720100700200020402,Turbo,9595.0,0.05,239.0,1.0,298.0,0.9,865.0,0,0.55
0583720090600300010345,Turbo,6695.0,0.05,928.0,0.6,376.0,0.7,3084.0,0,0.15
0583720050200500010121,Turbo,9676.0,0.05,135.0,1.0,19914.0,0.05,29271.0,0,0.15
0583720020101300010203,Turbo,15333.0,0.05,165.0,1.0,31115.0,0.05,38058.0,0,0.15
0583720090302500010106,Turbo,2103.0,0.25,1133.0,0.6,2166.0,0.45,2600.0,0,0.35
0583720090602600010109,Turbo,4656.0,0.25,94.0,1.0,346.0,0.7,2319.0,0,0.35
0583720030802900010127,Turbo,10097.0,0.05,72.0,1.0,10356.0,0.05,6492.0,0,0.15
0583720030802900010128,Turbo,10343.0,0.05,159.0,1.0,10602.0,0.05,6739.0,0,0.15
0504520050300100010110,Apartadó,5531.0,0.05,182.0,1.0,5358.0,0.2,4896.0,0,0.15
0505110000000000011008,Arboletes,296.0,0.85,288.0,1.0,84571.0,0.05,87254.0,0,0.15
0505120020500300010113,Arboletes,22834.0,0.05,14291.0,0.05,61300.0,0.05,66967.0,0,0.15
0514710000000000020606,Carepa,478.0,0.85,207.0,1.0,607.0,0.7,1745.0,0,0.35
0514710000000000030633,Carepa,616.0,0.7,268.0,1.0,692.0,0.7,2202.0,0,0.35
0514720010601300010102,Carepa,4407.0,0.25,4407.0,0.15,728.0,0.7,91.0,0,0.75
0549010000000000010101,Necoclí,37915.0,0.05,866.0,0.6,38168.0,0.05,34313.0,0,0.15
0549020120600100010220,Necoclí,25621.0,0.05,868.0,0.6,25891.0,0.05,21980.0,0,0.15
0566510000000000010631,San Pedro de Urabá,133.0,1.0,241.0,1.0,29900.0,0.05,39390.0,0,0.15
0566510000000000010901,San Pedro de Urabá,642.0,0.7,201.0,1.0,30273.0,0.05,39796.0,0,0.15
0566510000000000030109,San Pedro de Urabá,399.0,0.85,292.0,1.0,29130.0,0.05,38573.0,0,0.15
0566520010100400010116,San Pedro de Urabá,31202.0,0.05,8404.0,0.05,58634.0,0.05,66747.0,0,0.15
0583720090700100010219,Turbo,859.0,0.7,1157.0,0.6,405.0,0.7,221.0,0,0.55
0583720090700100020204,Turbo,476.0,0.85,365.0,0.8,329.0,0.7,1121.0,0,0.35
0583720100700200010516,Turbo,9644.0,0.05,134.0,1.0,154.0,0.9,886.0,0,0.55
0583720100700200020220,Turbo,9685.0,0.05,234.0,1.0,490.0,0.7,841.0,0,0.55
0583720100700200020312,Turbo,9568.0,0.05,292.0,1.0,312.0,0.7,854.0,0,0.55
0583720090600300010314,Turbo,7731.0,0.05,110.0,1.0,318.0,0.7,3722.0,0,0.15
0583720090402400010125,Turbo,2824.0,0.25,1017.0,0.6,305.0,0.7,2453.0,0,0.35
0583720090602600010119,Turbo,4520.0,0.25,139.0,1.0,467.0,0.7,2242.0,0,0.35
0514710000000000010201,Carepa,1526.0,0.5,552.0,0.8,103.0,0.9,506.0,0,0.55
0514710000000000010509,Carepa,863.0,0.7,47.0,1.0,360.0,0.7,965.0,0,0.55
0514710000000000020201,Carepa,1246.0,0.5,530.0,0.8,1152.0,0.45,1543.0,0,0.35
0514710000000000030205,Carepa,426.0,0.85,174.0,1.0,87.0,1.0,1447.0,0,0.35
0517210000000000010206,Chigorodó,10112.0,0.05,110.0,1.0,1064.0,0.45,1555.0,0,0.35
0517210000000000010404,Chigorodó,9590.0,0.05,172.0,1.0,770.0,0.7,1534.0,0,0.35
0517210000000000050812,Chigorodó,9941.0,0.05,124.0,1.0,74.0,1.0,1715.0,0,0.35
0517210000000000060503,Chigorodó,10317.0,0.05,314.0,0.8,398.0,0.7,2162.0,0,0.35
0517210000000000060923,Chigorodó,10962.0,0.05,447.0,0.8,1092.0,0.45,2863.0,0,0.35
0565910000000000010413,San Juan de Urabá,297.0,0.85,297.0,1.0,73401.0,0.05,74432.0,0,0.15
0514710000000000010515,Carepa,769.0,0.7,96.0,1.0,367.0,0.7,1053.0,0,0.35
0514710000000000010524,Carepa,1270.0,0.5,413.0,0.8,452.0,0.7,635.0,0,0.55
0514710000000000010722,Carepa,539.0,0.7,181.0,1.0,586.0,0.7,1498.0,0,0.35
0514710000000000030235,Carepa,500.0,0.85,403.0,0.8,141.0,0.9,1640.0,0,0.35
0514720011001000010138,Carepa,4199.0,0.25,528.0,0.8,247.0,0.9,1458.0,0,0.35
0517210000000000010808,Chigorodó,10814.0,0.05,823.0,0.6,1943.0,0.45,1401.0,0,0.35
0517210000000000020503,Chigorodó,10723.0,0.05,335.0,0.8,1037.0,0.45,2708.0,0,0.35
0517210000000000050521,Chigorodó,9664.0,0.05,76.0,1.0,326.0,0.7,1630.0,0,0.35
0517210000000000060414,Chigorodó,10406.0,0.05,151.0,1.0,712.0,0.7,2414.0,0,0.35
0517210000000000060901,Chigorodó,10731.0,0.05,223.0,1.0,912.0,0.7,2671.0,0,0.35
0565910000000000010229,San Juan de Urabá,367.0,0.85,367.0,0.8,73105.0,0.05,74068.0,0,0.15
0583720110201800010208,Turbo,14300.0,0.05,3001.0,0.15,11991.0,0.05,13272.0,0,0.15
0583720110201800010310,Turbo,14070.0,0.05,3236.0,0.15,11977.0,0.05,13026.0,0,0.15
0504520020300900010120,Apartadó,5500.0,0.05,271.0,1.0,206.0,0.9,903.0,0,0.55
0505110000000000011038,Arboletes,469.0,0.85,699.0,0.8,84269.0,0.05,86903.0,0,0.15
0514710000000000010809,Carepa,856.0,0.7,87.0,1.0,143.0,0.9,888.0,0,0.55
0514710000000000020617,Carepa,464.0,0.85,107.0,1.0,615.0,0.7,1840.0,0,0.35
0514710000000000030636,Carepa,634.0,0.7,311.0,0.8,698.0,0.7,2240.0,0,0.35
0549010000000000010432,Necoclí,36764.0,0.05,184.0,1.0,37023.0,0.05,33146.0,0,0.15
0549020120300300010131,Necoclí,33449.0,0.05,382.0,0.8,34637.0,0.05,33169.0,0,0.15
0566510000000000010206,San Pedro de Urabá,43.0,1.0,146.0,1.0,29744.0,0.05,39234.0,0,0.15
0583720090700100010126,Turbo,671.0,0.7,1011.0,0.6,565.0,0.7,528.0,0,0.55
0504520010301100010112,Apartadó,1271.0,0.5,20.0,1.0,728.0,0.7,334.0,0,0.55
0505120040101000010103,Arboletes,22154.0,0.05,9430.0,0.05,55171.0,0.05,59847.0,0,0.15
0505120040101000010110,Arboletes,22223.0,0.05,9325.0,0.05,55022.0,0.05,59689.0,0,0.15
0514710000000000030607,Carepa,392.0,0.85,299.0,1.0,448.0,0.7,2072.0,0,0.35
0517220060501400010104,Chigorodó,12757.0,0.05,2472.0,0.35,3160.0,0.2,2447.0,0,0.35
0549010000000000010216,Necoclí,36628.0,0.05,258.0,1.0,36885.0,0.05,33016.0,0,0.15
0549010000000000010223,Necoclí,36678.0,0.05,148.0,1.0,36936.0,0.05,33061.0,0,0.15
0549010000000000010435,Necoclí,36861.0,0.05,117.0,1.0,37120.0,0.05,33242.0,0,0.15
0549010000000000010503,Necoclí,36617.0,0.05,687.0,0.8,36879.0,0.05,32990.0,0,0.15
0549020120600100010113,Necoclí,25590.0,0.05,560.0,0.8,25865.0,0.05,21945.0,0,0.15
0549020120600100010412,Necoclí,26306.0,0.05,161.0,1.0,26581.0,0.05,22661.0,0,0.15
0549020120300300010138,Necoclí,33441.0,0.05,455.0,0.8,34519.0,0.05,33026.0,0,0.15
0549020120600600010119,Necoclí,31108.0,0.05,506.0,0.8,31377.0,0.05,27471.0,0,0.15
0549020120100700010112,Necoclí,35409.0,0.05,1791.0,0.35,35680.0,0.05,31767.0,0,0.15
0549020090501500010122,Necoclí,28598.0,0.05,101.0,1.0,38455.0,0.05,40532.0,0,0.15
0565910000000000010507,San Juan de Urabá,134.0,1.0,134.0,1.0,74029.0,0.05,75123.0,0,0.15
0565920020500200010103,San Juan de Urabá,8105.0,0.05,8105.0,0.05,66221.0,0.05,68452.0,0,0.15
0565920020300400010105,San Juan de Urabá,13407.0,0.05,13407.0,0.05,59360.0,0.05,60531.0,0,0.15
0566510000000000010210,San Pedro de Urabá,164.0,1.0,286.0,1.0,29792.0,0.05,39294.0,0,0.15
0566510000000000010505,San Pedro de Urabá,285.0,0.85,149.0,1.0,29724.0,0.05,39182.0,0,0.15
0566510000000000010843,San Pedro de Urabá,138.0,1.0,138.0,1.0,29566.0,0.05,39009.0,0,0.15
0566520020300300010107,San Pedro de Urabá,29514.0,0.05,12159.0,0.05,58687.0,0.05,67540.0,0,0.15
0583720090700100010213,Turbo,439.0,0.85,749.0,0.6,583.0,0.7,608.0,0,0.55
0583720090700100010420,Turbo,813.0,0.7,1061.0,0.6,628.0,0.7,205.0,0,0.55
0583720090700100010606,Turbo,584.0,0.7,403.0,0.8,104.0,0.9,812.0,0,0.55
0583720090700100020424,Turbo,987.0,0.7,799.0,0.6,324.0,0.7,1100.0,0,0.35
0583720090700100020435,Turbo,1091.0,0.5,913.0,0.6,428.0,0.7,1174.0,0,0.35
0583720100700200020318,Turbo,9482.0,0.05,405.0,0.8,280.0,0.9,803.0,0,0.55
0583720100400800010116,Turbo,4192.0,0.25,352.0,0.8,537.0,0.7,620.0,0,0.55
0583720100400800010315,Turbo,4380.0,0.25,102.0,1.0,149.0,0.9,623.0,0,0.55
0583720030802900010101,Turbo,10417.0,0.05,245.0,1.0,10671.0,0.05,6829.0,0,0.15
0583720030802900010121,Turbo,10014.0,0.05,75.0,1.0,10272.0,0.05,6413.0,0,0.15
0583720010204000010105,Turbo,7193.0,0.05,3210.0,0.15,28588.0,0.05,37064.0,0,0.15
0549010000000000010831,Necoclí,38407.0,0.05,568.0,0.8,38667.0,0.05,34784.0,0,0.15
0505110000000000010515,Arboletes,198.0,1.0,483.0,0.8,84787.0,0.05,87375.0,0,0.15
0514710000000000010136,Carepa,757.0,0.7,273.0,1.0,234.0,0.9,1294.0,0,0.35
0514710000000000020119,Carepa,899.0,0.7,218.0,1.0,731.0,0.7,1300.0,0,0.35
0549010000000000010816,Necoclí,38346.0,0.05,490.0,0.8,38606.0,0.05,34724.0,0,0.15
0549020120600100010424,Necoclí,26289.0,0.05,209.0,1.0,26565.0,0.05,22643.0,0,0.15
0583720090700100020523,Turbo,693.0,0.7,360.0,0.8,49.0,1.0,662.0,0,0.55
0583720070201200010132,Turbo,17940.0,0.05,503.0,0.8,12183.0,0.05,21069.0,0,0.15
0583720030802900010129,Turbo,10251.0,0.05,135.0,1.0,10511.0,0.05,6645.0,0,0.15
0514710000000000010818,Carepa,727.0,0.7,109.0,1.0,176.0,0.9,1017.0,0,0.35
0514710000000000020122,Carepa,1194.0,0.5,480.0,0.8,992.0,0.7,1353.0,0,0.35
0514710000000000020505,Carepa,57.0,1.0,463.0,0.8,208.0,0.9,1714.0,0,0.35
0514710000000000030534,Carepa,189.0,1.0,567.0,0.8,95.0,1.0,1912.0,0,0.35
0517210000000000010115,Chigorodó,9496.0,0.05,242.0,1.0,736.0,0.7,1549.0,0,0.35
0517210000000000010118,Chigorodó,10110.0,0.05,67.0,1.0,1208.0,0.45,1362.0,0,0.35
0517210000000000010602,Chigorodó,9796.0,0.05,74.0,1.0,612.0,0.7,1839.0,0,0.35
0517210000000000020233,Chigorodó,10657.0,0.05,228.0,1.0,934.0,0.7,2667.0,0,0.35
0517210000000000020327,Chigorodó,9829.0,0.05,70.0,1.0,135.0,0.9,1984.0,0,0.35
0517210000000000020329,Chigorodó,9898.0,0.05,99.0,1.0,284.0,0.9,1899.0,0,0.35
0517210000000000020416,Chigorodó,10540.0,0.05,378.0,0.8,878.0,0.7,2528.0,0,0.35
0517210000000000030111,Chigorodó,9487.0,0.05,216.0,1.0,388.0,0.7,1919.0,0,0.35
0517210000000000030204,Chigorodó,9712.0,0.05,105.0,1.0,416.0,0.7,2035.0,0,0.35
0517210000000000050321,Chigorodó,9504.0,0.05,208.0,1.0,528.0,0.7,1263.0,0,0.35
0517210000000000060215,Chigorodó,10294.0,0.05,98.0,1.0,285.0,0.9,2003.0,0,0.35
0517210000000000060430,Chigorodó,10398.0,0.05,123.0,1.0,655.0,0.7,2371.0,0,0.35
0517210000000000060924,Chigorodó,10980.0,0.05,479.0,0.8,1152.0,0.45,2919.0,0,0.35
0517210000000000060927,Chigorodó,10983.0,0.05,468.0,0.8,1077.0,0.45,2850.0,0,0.35
0549020030200400010102,Necoclí,14503.0,0.05,14503.0,0.05,64493.0,0.05,63009.0,0,0.15
0565910000000000010303,San Juan de Urabá,161.0,1.0,161.0,1.0,73221.0,0.05,74236.0,0,0.15
0566510000000000030114,San Pedro de Urabá,524.0,0.7,167.0,1.0,29024.0,0.05,38476.0,0,0.15
0514710000000000030606,Carepa,450.0,0.85,260.0,1.0,517.0,0.7,2099.0,0,0.35
0549010000000000010714,Necoclí,38007.0,0.05,198.0,1.0,38267.0,0.05,34386.0,0,0.15
0549020030300200010116,Necoclí,25272.0,0.05,15770.0,0.05,60490.0,0.05,56773.0,0,0.15
0549020030300200010219,Necoclí,25227.0,0.05,15089.0,0.05,59782.0,0.05,56117.0,0,0.15
0549020120600600010102,Necoclí,30569.0,0.05,274.0,1.0,30839.0,0.05,26929.0,0,0.15
0565920010200600010102,San Juan de Urabá,5762.0,0.05,5762.0,0.15,69282.0,0.05,69371.0,0,0.15
0566510000000000020124,San Pedro de Urabá,1210.0,0.5,994.0,0.6,28848.0,0.05,38413.0,0,0.15
0566520010100400010106,San Pedro de Urabá,31685.0,0.05,8989.0,0.05,59198.0,0.05,67333.0,0,0.15
0583720090700100010209,Turbo,226.0,0.85,557.0,0.8,441.0,0.7,771.0,0,0.55
0583720100700200010412,Turbo,9780.0,0.05,117.0,1.0,373.0,0.7,921.0,0,0.55
0583720030802900010123,Turbo,10040.0,0.05,119.0,1.0,10300.0,0.05,6432.0,0,0.15
0504520020300900010306,Apartadó,5525.0,0.05,664.0,0.8,210.0,0.9,1172.0,0,0.35
0505110000000000010132,Arboletes,68.0,1.0,571.0,0.8,85087.0,0.05,87871.0,0,0.15
0505110000000000010143,Arboletes,170.0,1.0,653.0,0.8,85240.0,0.05,88021.0,0,0.15
0505110000000000010203,Arboletes,30.0,1.0,197.0,1.0,85168.0,0.05,87849.0,0,0.15
0505110000000000010413,Arboletes,228.0,0.85,228.0,1.0,85092.0,0.05,87703.0,0,0.15
0505110000000000010516,Arboletes,267.0,0.85,602.0,0.8,84686.0,0.05,87263.0,0,0.15
0505110000000000011026,Arboletes,495.0,0.85,683.0,0.8,84249.0,0.05,86894.0,0,0.15
0505120020500300010109,Arboletes,23169.0,0.05,13989.0,0.05,61005.0,0.05,66734.0,0,0.15
0505120050401400010103,Arboletes,23608.0,0.05,126.0,1.0,47815.0,0.05,55226.0,0,0.15
0514710000000000010313,Carepa,1207.0,0.5,303.0,0.8,141.0,0.9,593.0,0,0.55
0514710000000000020222,Carepa,1525.0,0.5,563.0,0.8,1502.0,0.45,1859.0,0,0.35
0514710000000000020705,Carepa,591.0,0.7,96.0,1.0,718.0,0.7,2021.0,0,0.35
0514720010601300010111,Carepa,4312.0,0.25,4312.0,0.15,640.0,0.7,178.0,0,0.75
0517220100400700010107,Chigorodó,22272.0,0.05,244.0,1.0,6410.0,0.2,13961.0,0,0.15
0549020120600600010101,Necoclí,30452.0,0.05,338.0,0.8,30722.0,0.05,26811.0,0,0.15
0549010000000000010215,Necoclí,36644.0,0.05,194.0,1.0,36900.0,0.05,33033.0,0,0.15
0549010000000000010324,Necoclí,37027.0,0.05,99.0,1.0,37285.0,0.05,33410.0,0,0.15
0549010000000000010405,Necoclí,36953.0,0.05,2.0,1.0,37212.0,0.05,33335.0,0,0.15
0549010000000000010510,Necoclí,36620.0,0.05,431.0,0.8,36881.0,0.05,32996.0,0,0.15
0549010000000000010604,Necoclí,39121.0,0.05,740.0,0.6,39375.0,0.05,35517.0,0,0.15
0549010000000000010911,Necoclí,38487.0,0.05,772.0,0.6,38748.0,0.05,34862.0,0,0.15
0549020120600100010213,Necoclí,25596.0,0.05,931.0,0.6,25867.0,0.05,21956.0,0,0.15
0549020120600100010216,Necoclí,25752.0,0.05,525.0,0.8,26025.0,0.05,22109.0,0,0.15
0549020120600100010416,Necoclí,25969.0,0.05,181.0,1.0,26243.0,0.05,22323.0,0,0.15
0565920010300300010138,San Juan de Urabá,5482.0,0.05,5482.0,0.15,71373.0,0.05,71275.0,0,0.15
0565910000000000010207,San Juan de Urabá,167.0,1.0,167.0,1.0,72902.0,0.05,73904.0,0,0.15
0566510000000000010356,San Pedro de Urabá,829.0,0.7,180.0,1.0,28829.0,0.05,38311.0,0,0.15
0566510000000000010543,San Pedro de Urabá,281.0,0.85,179.0,1.0,29695.0,0.05,39147.0,0,0.15
0566510000000000011019,San Pedro de Urabá,1202.0,0.5,792.0,0.6,29572.0,0.05,38872.0,0,0.15
0566510000000000020107,San Pedro de Urabá,664.0,0.7,572.0,0.8,29184.0,0.05,38703.0,0,0.15
0566520040200800010105,San Pedro de Urabá,20150.0,0.05,1750.0,0.35,45934.0,0.05,53849.0,0,0.15
0566520040200800010114,San Pedro de Urabá,20045.0,0.05,1807.0,0.35,45870.0,0.05,53798.0,0,0.15
0583720090700100010116,Turbo,733.0,0.7,1050.0,0.6,480.0,0.7,327.0,0,0.55
0583720090700100010518,Turbo,151.0,1.0,355.0,0.8,199.0,0.9,772.0,0,0.55
0583720090700100010601,Turbo,381.0,0.85,322.0,0.8,100.0,0.9,778.0,0,0.55
0583720090700100020122,Turbo,784.0,0.7,543.0,0.8,102.0,0.9,710.0,0,0.55
0583720090700100020327,Turbo,948.0,0.7,878.0,0.6,593.0,0.7,1404.0,0,0.35
0583720100700200020518,Turbo,9376.0,0.05,502.0,0.8,237.0,0.9,722.0,0,0.55
0583720050200500010103,Turbo,9456.0,0.05,183.0,1.0,20150.0,0.05,29492.0,0,0.15
0583720100400800010109,Turbo,4245.0,0.25,405.0,0.8,551.0,0.7,628.0,0,0.55
0583720030803200010105,Turbo,12159.0,0.05,311.0,0.8,12418.0,0.05,8551.0,0,0.15
0583720090503500010106,Turbo,5719.0,0.05,4057.0,0.15,3862.0,0.2,2390.0,0,0.35
0583720010203800010112,Turbo,4323.0,0.25,4070.0,0.15,26461.0,0.05,35542.0,0,0.15
0514710000000000010517,Carepa,700.0,0.7,150.0,1.0,314.0,0.7,1104.0,0,0.35
0514710000000000020204,Carepa,1426.0,0.5,547.0,0.8,1383.0,0.45,1752.0,0,0.35
0514710000000000020205,Carepa,1573.0,0.5,607.0,0.8,1569.0,0.45,1934.0,0,0.35
0514710000000000030223,Carepa,553.0,0.7,287.0,1.0,97.0,1.0,1493.0,0,0.35
0514710000000000030314,Carepa,391.0,0.85,228.0,1.0,264.0,0.9,1365.0,0,0.35
0514710000000000030554,Carepa,449.0,0.85,584.0,0.8,369.0,0.7,2192.0,0,0.35
0514710000000000030614,Carepa,446.0,0.85,365.0,0.8,470.0,0.7,2146.0,0,0.35
0514720011001000010140,Carepa,4169.0,0.25,497.0,0.8,274.0,0.9,1496.0,0,0.35
0517210000000000020218,Chigorodó,10354.0,0.05,298.0,1.0,670.0,0.7,2455.0,0,0.35
0517210000000000020314,Chigorodó,9908.0,0.05,48.0,1.0,235.0,0.9,2100.0,0,0.35
0517210000000000020319,Chigorodó,9931.0,0.05,103.0,1.0,306.0,0.7,1929.0,0,0.35
0517210000000000020409,Chigorodó,10440.0,0.05,513.0,0.8,828.0,0.7,2369.0,0,0.35
0517210000000000020412,Chigorodó,10456.0,0.05,403.0,0.8,804.0,0.7,2478.0,0,0.35
0517210000000000030112,Chigorodó,9503.0,0.05,214.0,1.0,446.0,0.7,1861.0,0,0.35
0517210000000000030206,Chigorodó,9674.0,0.05,75.0,1.0,295.0,0.9,2123.0,0,0.35
0517210000000000060103,Chigorodó,9979.0,0.05,97.0,1.0,313.0,0.7,1904.0,0,0.35
0517210000000000060433,Chigorodó,10222.0,0.05,219.0,1.0,532.0,0.7,2245.0,0,0.35
0517210000000000060207,Chigorodó,10185.0,0.05,123.0,1.0,172.0,0.9,1919.0,0,0.35
0517210000000000060424,Chigorodó,10580.0,0.05,100.0,1.0,807.0,0.7,2548.0,0,0.35
0517210000000000060805,Chigorodó,10593.0,0.05,211.0,1.0,656.0,0.7,2429.0,0,0.35
0517210000000000060810,Chigorodó,10551.0,0.05,293.0,1.0,579.0,0.7,2350.0,0,0.35
0517210000000000061016,Chigorodó,10885.0,0.05,375.0,0.8,910.0,0.7,2499.0,0,0.35
0549020030200400010130,Necoclí,14612.0,0.05,14612.0,0.05,63716.0,0.05,62340.0,0,0.15
0565910000000000010116,San Juan de Urabá,135.0,1.0,135.0,1.0,72610.0,0.05,73633.0,0,0.15
0565910000000000010711,San Juan de Urabá,702.0,0.7,702.0,0.6,72820.0,0.05,74002.0,0,0.15
0583720110201800010218,Turbo,14344.0,0.05,2980.0,0.35,12228.0,0.05,13259.0,0,0.15
0505120030200800010106,Arboletes,17034.0,0.05,14280.0,0.05,57979.0,0.05,61370.0,0,0.15
0504520020500200010301,Apartadó,3417.0,0.25,179.0,1.0,1788.0,0.45,934.0,0,0.55
0504520020300900010223,Apartadó,5863.0,0.05,488.0,0.8,763.0,0.7,482.0,0,0.55
0505110000000000010546,Arboletes,266.0,0.85,609.0,0.8,84482.0,0.05,87096.0,0,0.15
0505110000000000011007,Arboletes,282.0,0.85,341.0,0.8,84564.0,0.05,87229.0,0,0.15
0514710000000000010804,Carepa,950.0,0.7,181.0,1.0,152.0,0.9,806.0,0,0.55
0514710000000000020604,Carepa,579.0,0.7,218.0,1.0,701.0,0.7,1747.0,0,0.35
0514710000000000030632,Carepa,608.0,0.7,250.0,1.0,689.0,0.7,2186.0,0,0.35
0549020120600100010231,Necoclí,25663.0,0.05,639.0,0.8,25935.0,0.05,22020.0,0,0.15
0549020030300200010123,Necoclí,24985.0,0.05,15946.0,0.05,60653.0,0.05,56962.0,0,0.15
0549020120100700010102,Necoclí,35350.0,0.05,1653.0,0.35,35622.0,0.05,31707.0,0,0.15
0565920010100100010112,San Juan de Urabá,8894.0,0.05,8894.0,0.05,70443.0,0.05,69645.0,0,0.15
0565920010100100010128,San Juan de Urabá,8724.0,0.05,8724.0,0.05,70381.0,0.05,69626.0,0,0.15
0566510000000000010538,San Pedro de Urabá,309.0,0.85,127.0,1.0,29973.0,0.05,39435.0,0,0.15
0583720090600300010206,Turbo,7666.0,0.05,156.0,1.0,168.0,0.9,3418.0,0,0.15
0583720100400800010303,Turbo,4574.0,0.25,125.0,1.0,236.0,0.9,493.0,0,0.55
0583720090700100010318,Turbo,793.0,0.7,1073.0,0.6,524.0,0.7,274.0,0,0.55
0583720100700200010522,Turbo,9809.0,0.05,212.0,1.0,139.0,0.9,1047.0,0,0.35
0583720020101300010118,Turbo,15467.0,0.05,49.0,1.0,31200.0,0.05,38118.0,0,0.15
0583720090302300010104,Turbo,2286.0,0.25,444.0,0.8,643.0,0.7,3034.0,0,0.15
0504520020300900010206,Apartadó,5652.0,0.05,319.0,0.8,770.0,0.7,641.0,0,0.55
0504520010101600010106,Apartadó,8747.0,0.05,1320.0,0.6,3852.0,0.2,177.0,0,0.75
0505120030200800010110,Arboletes,17197.0,0.05,14119.0,0.05,57798.0,0.05,61202.0,0,0.15
0514710000000000030536,Carepa,278.0,0.85,620.0,0.8,139.0,0.9,1992.0,0,0.35
0517220060601500010103,Chigorodó,11935.0,0.05,1444.0,0.6,2079.0,0.45,3404.0,0,0.15
0549020050300500010104,Necoclí,32682.0,0.05,1045.0,0.6,44571.0,0.05,42114.0,0,0.15
0549010000000000010202,Necoclí,37071.0,0.05,112.0,1.0,37326.0,0.05,33461.0,0,0.15
0549010000000000010335,Necoclí,37369.0,0.05,170.0,1.0,37627.0,0.05,33754.0,0,0.15
0549010000000000010827,Necoclí,38171.0,0.05,430.0,0.8,38432.0,0.05,34548.0,0,0.15
0549020120300300010115,Necoclí,32814.0,0.05,288.0,1.0,34361.0,0.05,33186.0,0,0.15
0549020040400900010121,Necoclí,28793.0,0.05,5677.0,0.15,49275.0,0.05,46743.0,0,0.15
0549020090501500010127,Necoclí,28489.0,0.05,186.0,1.0,38313.0,0.05,40411.0,0,0.15
0565910000000000010209,San Juan de Urabá,52.0,1.0,52.0,1.0,72786.0,0.05,73793.0,0,0.15
0566520020300300010110,San Pedro de Urabá,29381.0,0.05,12015.0,0.05,58544.0,0.05,67393.0,0,0.15
0583720090700100010418,Turbo,790.0,0.7,1026.0,0.6,682.0,0.7,204.0,0,0.55
0514710000000000010408,Carepa,807.0,0.7,99.0,1.0,43.0,1.0,982.0,0,0.55
0514710000000000010521,Carepa,727.0,0.7,140.0,1.0,449.0,0.7,1176.0,0,0.35
0514710000000000010718,Carepa,623.0,0.7,97.0,1.0,632.0,0.7,1477.0,0,0.35
0514710000000000010816,Carepa,699.0,0.7,142.0,1.0,238.0,0.9,1066.0,0,0.35
0514710000000000020218,Carepa,1115.0,0.5,367.0,0.8,1098.0,0.45,1630.0,0,0.35
0514710000000000020801,Carepa,1399.0,0.5,612.0,0.8,1466.0,0.45,1973.0,0,0.35
0517210000000000010104,Chigorodó,9885.0,0.05,118.0,1.0,1058.0,0.45,1355.0,0,0.35
0517210000000000010122,Chigorodó,9467.0,0.05,363.0,0.8,1008.0,0.45,1260.0,0,0.35
0517210000000000010610,Chigorodó,10031.0,0.05,152.0,1.0,659.0,0.7,2050.0,0,0.35
0517210000000000020307,Chigorodó,10119.0,0.05,227.0,1.0,429.0,0.7,2235.0,0,0.35
0517210000000000020310,Chigorodó,9755.0,0.05,132.0,1.0,106.0,0.9,1984.0,0,0.35
0517210000000000020323,Chigorodó,9966.0,0.05,80.0,1.0,337.0,0.7,1953.0,0,0.35
0517210000000000020333,Chigorodó,10038.0,0.05,157.0,1.0,353.0,0.7,2184.0,0,0.35
0517210000000000030116,Chigorodó,9487.0,0.05,237.0,1.0,235.0,0.9,2088.0,0,0.35
0517210000000000050401,Chigorodó,9583.0,0.05,75.0,1.0,431.0,0.7,1401.0,0,0.35
0517210000000000050802,Chigorodó,9883.0,0.05,179.0,1.0,131.0,0.9,1651.0,0,0.35
0517210000000000060513,Chigorodó,10444.0,0.05,184.0,1.0,544.0,0.7,2309.0,0,0.35
0517210000000000060908,Chigorodó,10754.0,0.05,239.0,1.0,881.0,0.7,2650.0,0,0.35
0549020030200400010105,Necoclí,14575.0,0.05,14575.0,0.05,64422.0,0.05,62930.0,0,0.15
0549020030200400010108,Necoclí,14694.0,0.05,14694.0,0.05,64365.0,0.05,62850.0,0,0.15
0549020050300500010214,Necoclí,32918.0,0.05,809.0,0.6,44386.0,0.05,41889.0,0,0.15
0565910000000000010218,San Juan de Urabá,266.0,0.85,266.0,1.0,72801.0,0.05,73865.0,0,0.15
0505120060600500010101,Arboletes,28940.0,0.05,5140.0,0.15,54838.0,0.05,62505.0,0,0.15
0504520050300100010108,Apartadó,5433.0,0.05,276.0,1.0,5254.0,0.2,4779.0,0,0.15
0504520030101500010114,Apartadó,4900.0,0.25,604.0,0.8,538.0,0.7,1695.0,0,0.35
0505110000000000010610,Arboletes,905.0,0.7,1160.0,0.6,84156.0,0.05,87029.0,0,0.15
0514710000000000030415,Carepa,116.0,1.0,515.0,0.8,121.0,0.9,1854.0,0,0.35
0549020120600100010206,Necoclí,25791.0,0.05,653.0,0.8,26063.0,0.05,22149.0,0,0.15
0549020120301400010101,Necoclí,34561.0,0.05,178.0,1.0,36226.0,0.05,34543.0,0,0.15
0565920020500200010102,San Juan de Urabá,8173.0,0.05,8173.0,0.05,66193.0,0.05,68441.0,0,0.15
0566510000000000020114,San Pedro de Urabá,529.0,0.7,522.0,0.8,29380.0,0.05,38903.0,0,0.15
0583720090600300010306,Turbo,7684.0,0.05,12.0,1.0,345.0,0.7,3606.0,0,0.15
0583720100400800010404,Turbo,4163.0,0.25,330.0,0.8,498.0,0.7,647.0,0,0.55
0504520010101600010110,Apartadó,8532.0,0.05,1120.0,0.6,3697.0,0.2,434.0,0,0.55
0504520020300900010111,Apartadó,5653.0,0.05,430.0,0.8,120.0,0.9,910.0,0,0.55
0504520010301100010107,Apartadó,1301.0,0.5,27.0,1.0,792.0,0.7,255.0,0,0.55
0504520030101500010122,Apartadó,5001.0,0.05,535.0,0.8,490.0,0.7,1667.0,0,0.35
0505110000000000010320,Arboletes,397.0,0.85,386.0,0.8,84464.0,0.05,87180.0,0,0.15
0505110000000000010347,Arboletes,578.0,0.7,567.0,0.8,84294.0,0.05,87024.0,0,0.15
0505110000000000010708,Arboletes,221.0,0.85,608.0,0.8,84799.0,0.05,87602.0,0,0.15
0505120040101000010112,Arboletes,22345.0,0.05,9261.0,0.05,55065.0,0.05,59788.0,0,0.15
0505120030101100010122,Arboletes,14626.0,0.05,14626.0,0.05,62718.0,0.05,66361.0,0,0.15
0505120030101100010129,Arboletes,14390.0,0.05,14390.0,0.05,63209.0,0.05,66858.0,0,0.15
0514710000000000010209,Carepa,1072.0,0.5,169.0,1.0,69.0,1.0,956.0,0,0.55
0514710000000000020402,Carepa,374.0,0.85,372.0,0.8,392.0,0.7,1476.0,0,0.35
0514710000000000020611,Carepa,513.0,0.7,140.0,1.0,659.0,0.7,1825.0,0,0.35
0514710000000000030218,Carepa,187.0,1.0,399.0,0.8,40.0,1.0,1661.0,0,0.35
0583720090700100010402,Turbo,797.0,0.7,1066.0,0.6,560.0,0.7,266.0,0,0.55
0549020120600100010109,Necoclí,25835.0,0.05,320.0,0.8,26110.0,0.05,22189.0,0,0.15
0549010000000000010113,Necoclí,37107.0,0.05,125.0,1.0,37362.0,0.05,33499.0,0,0.15
0549010000000000010213,Necoclí,36785.0,0.05,220.0,1.0,37042.0,0.05,33173.0,0,0.15
0549010000000000010438,Necoclí,36583.0,0.05,54.0,1.0,36841.0,0.05,32964.0,0,0.15
0549020030300200010215,Necoclí,25286.0,0.05,15202.0,0.05,59904.0,0.05,56223.0,0,0.15
0549020090200800010110,Necoclí,24109.0,0.05,7613.0,0.05,48876.0,0.05,49803.0,0,0.15
0549020090200800010111,Necoclí,24132.0,0.05,7644.0,0.05,48864.0,0.05,49772.0,0,0.15
0549020090501500010101,Necoclí,28605.0,0.05,511.0,0.8,38909.0,0.05,41098.0,0,0.15
0549020090501500010104,Necoclí,28554.0,0.05,388.0,0.8,38785.0,0.05,40968.0,0,0.15
0566510000000000010163,San Pedro de Urabá,519.0,0.7,189.0,1.0,30245.0,0.05,39750.0,0,0.15
0566510000000000010821,San Pedro de Urabá,324.0,0.85,96.0,1.0,29827.0,0.05,39246.0,0,0.15
0566510000000000011021,San Pedro de Urabá,1201.0,0.5,826.0,0.6,29492.0,0.05,38792.0,0,0.15
0566520040200200010105,San Pedro de Urabá,15356.0,0.05,47.0,1.0,44104.0,0.05,52965.0,0,0.15
0583720090700100010210,Turbo,178.0,1.0,511.0,0.8,405.0,0.7,798.0,0,0.55
0583720090700100010613,Turbo,671.0,0.7,549.0,0.8,263.0,0.9,653.0,0,0.55
0583720090700100010730,Turbo,1281.0,0.5,1065.0,0.6,422.0,0.7,802.0,0,0.55
0583720090700100020316,Turbo,879.0,0.7,688.0,0.8,247.0,0.9,1052.0,0,0.35
0583720090700100020375,Turbo,1070.0,0.5,914.0,0.6,467.0,0.7,1236.0,0,0.35
0583720100700200020122,Turbo,9583.0,0.05,419.0,0.8,182.0,0.9,778.0,0,0.55
0583720090600300010343,Turbo,6803.0,0.05,916.0,0.6,363.0,0.7,3175.0,0,0.15
0583720100400800010419,Turbo,4089.0,0.25,345.0,0.8,346.0,0.7,759.0,0,0.55
0583720100400800010424,Turbo,4164.0,0.25,354.0,0.8,422.0,0.7,710.0,0,0.55
0583720080301000010120,Turbo,5809.0,0.05,187.0,1.0,3077.0,0.2,4110.0,0,0.15
0583720080301000010126,Turbo,5728.0,0.05,375.0,0.8,2815.0,0.45,3852.0,0,0.15
0583720020101300010120,Turbo,15443.0,0.05,92.0,1.0,31319.0,0.05,38250.0,0,0.15
0583720050202800010108,Turbo,12537.0,0.05,61.0,1.0,20360.0,0.05,28494.0,0,0.15
0514710000000000030209,Carepa,267.0,0.85,271.0,1.0,76.0,1.0,1525.0,0,0.35
0517210000000000020212,Chigorodó,10242.0,0.05,388.0,0.8,584.0,0.7,2421.0,0,0.35
0517210000000000050422,Chigorodó,9815.0,0.05,254.0,1.0,210.0,0.9,1566.0,0,0.35
0514710000000000020235,Carepa,1618.0,0.5,801.0,0.6,1683.0,0.45,2125.0,0,0.35
0514710000000000020240,Carepa,1752.0,0.5,888.0,0.6,1833.0,0.45,2265.0,0,0.35
0514710000000000020313,Carepa,738.0,0.7,23.0,1.0,716.0,0.7,1471.0,0,0.35
0514720011001000010142,Carepa,4182.0,0.25,524.0,0.8,373.0,0.7,1597.0,0,0.35
0517210000000000060417,Chigorodó,10485.0,0.05,131.0,1.0,781.0,0.7,2494.0,0,0.35
0517210000000000060715,Chigorodó,10658.0,0.05,231.0,1.0,646.0,0.7,2345.0,0,0.35
0549020030200400010133,Necoclí,14507.0,0.05,14507.0,0.05,64024.0,0.05,62621.0,0,0.15
0549020090501500010118,Necoclí,28662.0,0.05,140.0,1.0,38619.0,0.05,40706.0,0,0.15
0565910000000000010410,San Juan de Urabá,434.0,0.85,434.0,0.8,73487.0,0.05,74566.0,0,0.15
0583720110201800010210,Turbo,14398.0,0.05,2906.0,0.35,12084.0,0.05,13355.0,0,0.15
0505110000000000010135,Arboletes,149.0,1.0,492.0,0.8,85193.0,0.05,87944.0,0,0.15
0505120030200800010111,Arboletes,17175.0,0.05,14139.0,0.05,57853.0,0.05,61266.0,0,0.15
0514710000000000010226,Carepa,1027.0,0.5,139.0,1.0,23.0,1.0,971.0,0,0.55
0514710000000000020308,Carepa,672.0,0.7,190.0,1.0,816.0,0.7,1963.0,0,0.35
0514710000000000020513,Carepa,291.0,0.85,296.0,1.0,372.0,0.7,1971.0,0,0.35
0514710000000000030522,Carepa,400.0,0.85,676.0,0.8,206.0,0.9,1951.0,0,0.35
0583720100400800010209,Turbo,4611.0,0.25,131.0,1.0,198.0,0.9,421.0,0,0.55
0549010000000000010209,Necoclí,37147.0,0.05,92.0,1.0,37403.0,0.05,33535.0,0,0.15
0549010000000000010302,Necoclí,37488.0,0.05,151.0,1.0,37745.0,0.05,33875.0,0,0.15
0549010000000000010437,Necoclí,36584.0,0.05,193.0,1.0,36843.0,0.05,32963.0,0,0.15
0549020120600100010212,Necoclí,25712.0,0.05,799.0,0.6,25982.0,0.05,22070.0,0,0.15
0549020120600100010305,Necoclí,25903.0,0.05,764.0,0.6,26174.0,0.05,22263.0,0,0.15
0549020120300300010110,Necoclí,32878.0,0.05,232.0,1.0,34457.0,0.05,33270.0,0,0.15
0565920010100500010103,San Juan de Urabá,8298.0,0.05,8298.0,0.05,67822.0,0.05,67480.0,0,0.15
0565920010200600010103,San Juan de Urabá,5693.0,0.05,5693.0,0.15,69179.0,0.05,69307.0,0,0.15
0583720090700100010317,Turbo,726.0,0.7,1006.0,0.6,575.0,0.7,341.0,0,0.55
0583720090700100010323,Turbo,928.0,0.7,1194.0,0.6,493.0,0.7,137.0,1,0.9
0583720090700100010603,Turbo,516.0,0.7,420.0,0.8,187.0,0.9,739.0,0,0.55
0583720090700100010720,Turbo,1166.0,0.5,936.0,0.6,297.0,0.9,723.0,0,0.55
0583720090700100020202,Turbo,282.0,0.85,274.0,1.0,378.0,0.7,1174.0,0,0.35
0583720090700100020310,Turbo,593.0,0.7,410.0,0.8,244.0,0.9,1025.0,0,0.35
0583720090700100020333,Turbo,985.0,0.7,887.0,0.6,548.0,0.7,1353.0,0,0.35
0583720090600300010334,Turbo,6870.0,0.05,844.0,0.6,250.0,0.9,3667.0,0,0.15
0583720070201200010108,Turbo,17914.0,0.05,145.0,1.0,12501.0,0.05,21195.0,0,0.15
0583720070201200010131,Turbo,17894.0,0.05,363.0,0.8,12278.0,0.05,21131.0,0,0.15
0583720020101300010103,Turbo,15633.0,0.05,173.0,1.0,31232.0,0.05,38114.0,0,0.15
0504520010301100010217,Apartadó,1639.0,0.5,465.0,0.8,322.0,0.7,517.0,0,0.55
0504520050300100010107,Apartadó,5564.0,0.05,142.0,1.0,5387.0,0.2,4915.0,0,0.15
0504520020300900010208,Apartadó,5533.0,0.05,419.0,0.8,846.0,0.7,780.0,0,0.55
0504520010101600010116,Apartadó,8534.0,0.05,1106.0,0.6,3906.0,0.2,390.0,0,0.55
0505110000000000010107,Arboletes,80.0,1.0,548.0,0.8,85165.0,0.05,87934.0,0,0.15
0505110000000000010314,Arboletes,95.0,1.0,86.0,1.0,84759.0,0.05,87452.0,0,0.15
0505110000000000010607,Arboletes,551.0,0.7,549.0,0.8,84507.0,0.05,87286.0,0,0.15
0505120030101100010124,Arboletes,14303.0,0.05,14303.0,0.05,63324.0,0.05,66964.0,0,0.15
0514710000000000010723,Carepa,593.0,0.7,129.0,1.0,639.0,0.7,1511.0,0,0.35
0514710000000000020404,Carepa,417.0,0.85,308.0,0.8,461.0,0.7,1509.0,0,0.35
0514710000000000020616,Carepa,521.0,0.7,85.0,1.0,668.0,0.7,1883.0,0,0.35
0514710000000000030303,Carepa,607.0,0.7,40.0,1.0,143.0,0.9,1142.0,0,0.35
0514710000000000030552,Carepa,482.0,0.85,647.0,0.8,376.0,0.7,2220.0,0,0.35
0549010000000000010301,Necoclí,37646.0,0.05,121.0,1.0,37903.0,0.05,34031.0,0,0.15
0549010000000000010607,Necoclí,40101.0,0.05,336.0,0.8,40355.0,0.05,36493.0,0,0.15
0549010000000000010905,Necoclí,38520.0,0.05,881.0,0.6,38782.0,0.05,34894.0,0,0.15
0549010000000000010910,Necoclí,38474.0,0.05,781.0,0.6,38735.0,0.05,34848.0,0,0.15
0549020120600100010124,Necoclí,25710.0,0.05,458.0,0.8,25984.0,0.05,22066.0,0,0.15
0549020040400900010115,Necoclí,28483.0,0.05,5988.0,0.15,49560.0,0.05,47062.0,0,0.15
0565920010100100010120,San Juan de Urabá,8849.0,0.05,8849.0,0.05,70383.0,0.05,69599.0,0,0.15
0565920010300300010114,San Juan de Urabá,5874.0,0.05,5874.0,0.15,71148.0,0.05,70979.0,0,0.15
0566510000000000010348,San Pedro de Urabá,518.0,0.7,188.0,1.0,29138.0,0.05,38607.0,0,0.15
0583720090700100010401,Turbo,863.0,0.7,1133.0,0.6,516.0,0.7,202.0,0,0.55
0583720090700100020323,Turbo,782.0,0.7,740.0,0.6,564.0,0.7,1371.0,0,0.35
0583720090700100020415,Turbo,1021.0,0.5,774.0,0.6,213.0,0.9,905.0,0,0.55
0583720100700200020217,Turbo,9729.0,0.05,160.0,1.0,365.0,0.7,982.0,0,0.55
0514710000000000010332,Carepa,1017.0,0.5,256.0,1.0,99.0,1.0,730.0,0,0.55
0514710000000000030202,Carepa,504.0,0.7,206.0,1.0,33.0,1.0,1446.0,0,0.35
0517210000000000010613,Chigorodó,9827.0,0.05,69.0,1.0,550.0,0.7,1969.0,0,0.35
0517210000000000020206,Chigorodó,10024.0,0.05,272.0,1.0,437.0,0.7,2316.0,0,0.35
0517210000000000020415,Chigorodó,10496.0,0.05,388.0,0.8,838.0,0.7,2502.0,0,0.35
0517210000000000020421,Chigorodó,10548.0,0.05,267.0,1.0,863.0,0.7,2621.0,0,0.35
0517210000000000030213,Chigorodó,9595.0,0.05,135.0,1.0,211.0,0.9,2020.0,0,0.35
0517210000000000030218,Chigorodó,9529.0,0.05,204.0,1.0,148.0,0.9,1961.0,0,0.35
0517210000000000040107,Chigorodó,9226.0,0.05,321.0,0.8,116.0,0.9,1767.0,0,0.35
0517210000000000050202,Chigorodó,9474.0,0.05,45.0,1.0,218.0,0.9,1688.0,0,0.35
0517210000000000050315,Chigorodó,9484.0,0.05,82.0,1.0,534.0,0.7,1370.0,0,0.35
0517210000000000050524,Chigorodó,9782.0,0.05,202.0,1.0,264.0,0.9,1641.0,0,0.35
0517210000000000050605,Chigorodó,9675.0,0.05,37.0,1.0,158.0,0.9,1750.0,0,0.35
0517210000000000050811,Chigorodó,9966.0,0.05,97.0,1.0,50.0,1.0,1723.0,0,0.35
0517210000000000060119,Chigorodó,10112.0,0.05,92.0,1.0,438.0,0.7,2112.0,0,0.35
0517210000000000060418,Chigorodó,10596.0,0.05,80.0,1.0,774.0,0.7,2528.0,0,0.35
0517210000000000060515,Chigorodó,10487.0,0.05,81.0,1.0,636.0,0.7,2391.0,0,0.35
0517210000000000060611,Chigorodó,10488.0,0.05,152.0,1.0,477.0,0.7,2223.0,0,0.35
0517210000000000060716,Chigorodó,10718.0,0.05,334.0,0.8,705.0,0.7,2430.0,0,0.35
0517210000000000060738,Chigorodó,10448.0,0.05,137.0,1.0,550.0,0.7,2054.0,0,0.35
0549020090501500010110,Necoclí,28517.0,0.05,135.0,1.0,38567.0,0.05,40714.0,0,0.15
0549020090501500010128,Necoclí,28438.0,0.05,213.0,1.0,38275.0,0.05,40389.0,0,0.15
0565910000000000010101,San Juan de Urabá,319.0,0.85,319.0,0.8,72788.0,0.05,73731.0,0,0.15
0565910000000000010519,San Juan de Urabá,267.0,0.85,267.0,1.0,74130.0,0.05,75253.0,0,0.15
0566510000000000010861,San Pedro de Urabá,800.0,0.7,223.0,1.0,29947.0,0.05,39304.0,0,0.15
0583720110201800010128,Turbo,13883.0,0.05,3420.0,0.15,11564.0,0.05,12933.0,0,0.15
0583720110201800010131,Turbo,13810.0,0.05,3489.0,0.15,11750.0,0.05,12806.0,0,0.15
0505120020500300010117,Arboletes,22864.0,0.05,14266.0,0.05,61276.0,0.05,66949.0,0,0.15
0566520020300300010106,San Pedro de Urabá,29473.0,0.05,12101.0,0.05,58640.0,0.05,67490.0,0,0.15
0583720100700200010518,Turbo,9719.0,0.05,63.0,1.0,106.0,0.9,956.0,0,0.55
0583720100400800010402,Turbo,4032.0,0.25,192.0,1.0,601.0,0.7,510.0,0,0.55
0583720100400800010412,Turbo,3845.0,0.25,29.0,1.0,651.0,0.7,485.0,0,0.55
0504520020500200010303,Apartadó,3452.0,0.25,107.0,1.0,1862.0,0.45,971.0,0,0.55
0504520020300300010109,Apartadó,4199.0,0.25,397.0,0.8,71.0,1.0,1306.0,0,0.35
0505110000000000010345,Arboletes,553.0,0.7,542.0,0.8,84306.0,0.05,87024.0,0,0.15
0505110000000000010409,Arboletes,94.0,1.0,94.0,1.0,85054.0,0.05,87690.0,0,0.15
0505110000000000010707,Arboletes,311.0,0.85,582.0,0.8,84714.0,0.05,87513.0,0,0.15
0505120030200800010105,Arboletes,17028.0,0.05,14287.0,0.05,57956.0,0.05,61336.0,0,0.15
0505120030200900010116,Arboletes,15257.0,0.05,14669.0,0.05,58007.0,0.05,60359.0,0,0.15
0514710000000000020101,Carepa,904.0,0.7,249.0,1.0,704.0,0.7,1253.0,0,0.35
0514710000000000020112,Carepa,840.0,0.7,176.0,1.0,683.0,0.7,1307.0,0,0.35
0514710000000000030642,Carepa,545.0,0.7,425.0,0.8,552.0,0.7,2247.0,0,0.35
0514710000000000030644,Carepa,427.0,0.85,443.0,0.8,415.0,0.7,2155.0,0,0.35
0549010000000000010225,Necoclí,37142.0,0.05,20.0,1.0,37398.0,0.05,33529.0,0,0.15
0549020120300300010101,Necoclí,33081.0,0.05,135.0,1.0,34429.0,0.05,33119.0,0,0.15
0565920010100100010105,San Juan de Urabá,8672.0,0.05,8672.0,0.05,70580.0,0.05,69823.0,0,0.15
0566510000000000010118,San Pedro de Urabá,484.0,0.85,54.0,1.0,30142.0,0.05,39656.0,0,0.15
0566510000000000010422,San Pedro de Urabá,905.0,0.7,417.0,0.8,29697.0,0.05,39269.0,0,0.15
0566520010100400010112,San Pedro de Urabá,31318.0,0.05,8564.0,0.05,58785.0,0.05,66908.0,0,0.15
0583720090700100010122,Turbo,895.0,0.7,1206.0,0.6,330.0,0.7,162.0,0,0.75
0583720090700100020345,Turbo,867.0,0.7,775.0,0.6,490.0,0.7,1303.0,0,0.35
0583720090700100020515,Turbo,591.0,0.7,252.0,1.0,77.0,1.0,726.0,0,0.55
0583720090600300010307,Turbo,7723.0,0.05,49.0,1.0,352.0,0.7,3663.0,0,0.15
0583720020101300010201,Turbo,15433.0,0.05,297.0,1.0,30957.0,0.05,37870.0,0,0.15
0504520020500200010211,Apartadó,3567.0,0.25,219.0,1.0,2129.0,0.45,891.0,0,0.55
0504520020300900010320,Apartadó,5401.0,0.05,715.0,0.6,271.0,0.9,1271.0,0,0.35
0505110000000000010209,Arboletes,80.0,1.0,122.0,1.0,85142.0,0.05,87811.0,0,0.15
0505110000000000010533,Arboletes,226.0,0.85,596.0,0.8,84631.0,0.05,87220.0,0,0.15
0505120060400100010111,Arboletes,31159.0,0.05,15684.0,0.05,65565.0,0.05,73208.0,0,0.15
0505120020500300010118,Arboletes,22945.0,0.05,14119.0,0.05,61130.0,0.05,66813.0,0,0.15
0514720010601300010109,Carepa,4274.0,0.25,4274.0,0.15,545.0,0.7,273.0,0,0.55
0549010000000000010235,Necoclí,36539.0,0.05,277.0,1.0,36796.0,0.05,32924.0,0,0.15
0549020120600100010409,Necoclí,26169.0,0.05,40.0,1.0,26444.0,0.05,22524.0,0,0.15
0549020120300300010139,Necoclí,33410.0,0.05,419.0,0.8,34516.0,0.05,33039.0,0,0.15
0549020090501500010108,Necoclí,28520.0,0.05,280.0,1.0,38681.0,0.05,40855.0,0,0.15
0565920010100100010102,San Juan de Urabá,8504.0,0.05,8504.0,0.05,70564.0,0.05,69846.0,0,0.15
0583720090700100020417,Turbo,879.0,0.7,614.0,0.8,48.0,1.0,827.0,0,0.55
0583720090700100020509,Turbo,599.0,0.7,275.0,1.0,78.0,1.0,766.0,0,0.55
0583720100700200020101,Turbo,10006.0,0.05,287.0,1.0,219.0,0.9,1136.0,0,0.35
0583720100700200020405,Turbo,9598.0,0.05,191.0,1.0,216.0,0.9,849.0,0,0.55
0583720010203800010104,Turbo,3956.0,0.25,3606.0,0.15,26914.0,0.05,36005.0,0,0.15
0514720011001000010105,Carepa,4495.0,0.25,878.0,0.6,524.0,0.7,1907.0,0,0.35
0514710000000000010617,Carepa,1343.0,0.5,461.0,0.8,565.0,0.7,670.0,0,0.55
0514710000000000010619,Carepa,1062.0,0.5,177.0,1.0,547.0,0.7,955.0,0,0.55
0514710000000000030112,Carepa,577.0,0.7,99.0,1.0,106.0,0.9,1308.0,0,0.35
0514710000000000030311,Carepa,272.0,0.85,404.0,0.8,295.0,0.9,1532.0,0,0.35
0514720010700700010108,Carepa,6263.0,0.05,2445.0,0.35,5069.0,0.2,567.0,0,0.55
0514720010700700010119,Carepa,6332.0,0.05,2430.0,0.35,5125.0,0.2,372.0,0,0.55
0514720010700700010125,Carepa,6289.0,0.05,2523.0,0.35,5102.0,0.2,686.0,0,0.55
0517210000000000010110,Chigorodó,9792.0,0.05,182.0,1.0,945.0,0.7,1430.0,0,0.35
0517210000000000010209,Chigorodó,10135.0,0.05,95.0,1.0,1042.0,0.45,1614.0,0,0.35
0517210000000000010507,Chigorodó,9896.0,0.05,164.0,1.0,733.0,0.7,1772.0,0,0.35
0517210000000000010709,Chigorodó,10252.0,0.05,194.0,1.0,1301.0,0.45,1402.0,0,0.35
0517210000000000020208,Chigorodó,9944.0,0.05,212.0,1.0,359.0,0.7,2238.0,0,0.35
0517210000000000020302,Chigorodó,10063.0,0.05,217.0,1.0,409.0,0.7,2269.0,0,0.35
0517210000000000060410,Chigorodó,10322.0,0.05,229.0,1.0,628.0,0.7,2355.0,0,0.35
0517210000000000060420,Chigorodó,10522.0,0.05,94.0,1.0,779.0,0.7,2507.0,0,0.35
0517210000000000060508,Chigorodó,10384.0,0.05,204.0,1.0,505.0,0.7,2262.0,0,0.35
0517210000000000060520,Chigorodó,10574.0,0.05,109.0,1.0,694.0,0.7,2460.0,0,0.35
0517210000000000060812,Chigorodó,10617.0,0.05,225.0,1.0,676.0,0.7,2449.0,0,0.35
0565910000000000010106,San Juan de Urabá,189.0,1.0,189.0,1.0,72738.0,0.05,73709.0,0,0.15
0565910000000000010121,San Juan de Urabá,295.0,0.85,295.0,1.0,72617.0,0.05,73573.0,0,0.15
0565910000000000010615,San Juan de Urabá,1058.0,0.5,1058.0,0.6,72625.0,0.05,73874.0,0,0.15
0583720110201800010201,Turbo,14289.0,0.05,3011.0,0.15,11803.0,0.05,13309.0,0,0.15
0583720110201800010328,Turbo,13974.0,0.05,3352.0,0.15,12102.0,0.05,12890.0,0,0.15
0517220070300300010109,Chigorodó,20857.0,0.05,707.0,0.6,7177.0,0.2,8300.0,0,0.15
0504520010101400010113,Apartadó,11145.0,0.05,125.0,1.0,4014.0,0.2,1044.0,0,0.35
0505110000000000010537,Arboletes,716.0,0.7,1089.0,0.6,84301.0,0.05,86829.0,0,0.15
0517220100400700010105,Chigorodó,22433.0,0.05,118.0,1.0,6462.0,0.2,14076.0,0,0.15
0549020120600100010214,Necoclí,25588.0,0.05,777.0,0.6,25860.0,0.05,21946.0,0,0.15
0565920010100100010117,San Juan de Urabá,8849.0,0.05,8849.0,0.05,70087.0,0.05,69326.0,0,0.15
0566510000000000010421,San Pedro de Urabá,862.0,0.7,387.0,0.8,29676.0,0.05,39244.0,0,0.15
0583720090700100010206,Turbo,444.0,0.85,765.0,0.6,611.0,0.7,614.0,0,0.55
0583720090700100020362,Turbo,548.0,0.7,426.0,0.8,332.0,0.7,1120.0,0,0.35
0583720090700100020439,Turbo,1134.0,0.5,908.0,0.6,360.0,0.7,1026.0,0,0.35
0583720100700200010313,Turbo,10008.0,0.05,237.0,1.0,34.0,1.0,1225.0,0,0.35
0583720100700200010407,Turbo,9871.0,0.05,97.0,1.0,361.0,0.7,892.0,0,0.55
0583720100700200010510,Turbo,9890.0,0.05,204.0,1.0,199.0,0.9,1126.0,0,0.35
0583720080301000010113,Turbo,5914.0,0.05,202.0,1.0,2937.0,0.45,4015.0,0,0.15
0583720020101300010111,Turbo,15578.0,0.05,134.0,1.0,31202.0,0.05,38096.0,0,0.15
0583720030803200010101,Turbo,13229.0,0.05,1093.0,0.6,13491.0,0.05,9612.0,0,0.15
0504520010301100010209,Apartadó,1520.0,0.5,287.0,1.0,506.0,0.7,364.0,0,0.55
0504520020500200010106,Apartadó,3799.0,0.25,336.0,0.8,2333.0,0.45,667.0,0,0.55
0504520020300300010108,Apartadó,4420.0,0.25,282.0,1.0,135.0,0.9,1262.0,0,0.35
0504520020300900010129,Apartadó,5696.0,0.05,287.0,1.0,235.0,0.9,771.0,0,0.55
0504520020300900010327,Apartadó,5354.0,0.05,722.0,0.6,291.0,0.9,1295.0,0,0.35
0504520030101500010106,Apartadó,4815.0,0.25,599.0,0.8,570.0,0.7,1704.0,0,0.35
0505110000000000010222,Arboletes,234.0,0.85,286.0,1.0,85368.0,0.05,88016.0,0,0.15
0505110000000000010709,Arboletes,187.0,1.0,635.0,0.8,84828.0,0.05,87636.0,0,0.15
0505110000000000011020,Arboletes,260.0,0.85,496.0,0.8,84488.0,0.05,87128.0,0,0.15
0505110000000000011021,Arboletes,300.0,0.85,548.0,0.8,84442.0,0.05,87077.0,0,0.15
0514710000000000010116,Carepa,645.0,0.7,62.0,1.0,66.0,1.0,1193.0,0,0.35
0514710000000000030237,Carepa,403.0,0.85,348.0,0.8,99.0,1.0,1614.0,0,0.35
0514710000000000030416,Carepa,78.0,1.0,454.0,0.8,181.0,0.9,1815.0,0,0.35
0549020120600100010228,Necoclí,25522.0,0.05,873.0,0.6,25793.0,0.05,21880.0,0,0.15
0549020120600100010401,Necoclí,25888.0,0.05,657.0,0.8,26159.0,0.05,22246.0,0,0.15
0549020030300200010221,Necoclí,25384.0,0.05,15145.0,0.05,59853.0,0.05,56163.0,0,0.15
0566510000000000010502,San Pedro de Urabá,234.0,0.85,129.0,1.0,29735.0,0.05,39173.0,0,0.15
0566510000000000010665,San Pedro de Urabá,247.0,0.85,322.0,0.8,30021.0,0.05,39505.0,0,0.15
0583720090700100010107,Turbo,397.0,0.85,735.0,0.6,621.0,0.7,696.0,0,0.55
0583720090700100010218,Turbo,790.0,0.7,1089.0,0.6,460.0,0.7,281.0,0,0.55
0583720100700200010203,Turbo,10068.0,0.05,88.0,1.0,285.0,0.9,993.0,0,0.55
0583720100700200010504,Turbo,9939.0,0.05,163.0,1.0,103.0,0.9,1179.0,0,0.35
0583720100700200020510,Turbo,9323.0,0.05,508.0,0.8,151.0,0.9,640.0,0,0.55
0583720050200500010117,Turbo,9590.0,0.05,209.0,1.0,19967.0,0.05,29362.0,0,0.15
0583720090402400010113,Turbo,2842.0,0.25,1102.0,0.6,191.0,0.9,2387.0,0,0.35
0583720090103900010117,Turbo,4077.0,0.25,1456.0,0.6,4307.0,0.2,1718.0,0,0.35
0583720010204000010103,Turbo,7283.0,0.05,3124.0,0.15,28600.0,0.05,37061.0,0,0.15
0514710000000000020116,Carepa,993.0,0.7,313.0,0.8,773.0,0.7,1231.0,0,0.35
0514710000000000020807,Carepa,1512.0,0.5,734.0,0.6,1615.0,0.45,2133.0,0,0.35
0514710000000000030220,Carepa,295.0,0.85,379.0,0.8,135.0,0.9,1655.0,0,0.35
0514710000000000030422,Carepa,324.0,0.85,477.0,0.8,292.0,0.9,2066.0,0,0.35
0514710000000000030507,Carepa,238.0,0.85,633.0,0.8,44.0,1.0,1899.0,0,0.35
0514720010700700010121,Carepa,6308.0,0.05,2421.0,0.35,5103.0,0.2,409.0,0,0.55
0514720010700700010131,Carepa,6123.0,0.05,2464.0,0.35,4951.0,0.2,886.0,0,0.55
0517210000000000010210,Chigorodó,10172.0,0.05,124.0,1.0,1063.0,0.45,1634.0,0,0.35
0517210000000000010701,Chigorodó,10164.0,0.05,109.0,1.0,1227.0,0.45,1396.0,0,0.35
0517210000000000020506,Chigorodó,10778.0,0.05,323.0,0.8,1029.0,0.45,2776.0,0,0.35
0517210000000000050206,Chigorodó,9500.0,0.05,92.0,1.0,225.0,0.9,1648.0,0,0.35
0517210000000000050601,Chigorodó,9622.0,0.05,201.0,1.0,63.0,1.0,1822.0,0,0.35
0517210000000000050706,Chigorodó,9686.0,0.05,292.0,1.0,387.0,0.7,1386.0,0,0.35
0517210000000000060318,Chigorodó,10256.0,0.05,316.0,0.8,361.0,0.7,2113.0,0,0.35
0517210000000000061012,Chigorodó,10814.0,0.05,306.0,0.8,845.0,0.7,2426.0,0,0.35
0549020030200400010111,Necoclí,14446.0,0.05,14446.0,0.05,64347.0,0.05,62904.0,0,0.15
0565910000000000010313,San Juan de Urabá,143.0,1.0,143.0,1.0,73201.0,0.05,74261.0,0,0.15
0565910000000000010516,San Juan de Urabá,256.0,0.85,256.0,1.0,73710.0,0.05,74778.0,0,0.15
0565910000000000010903,San Juan de Urabá,824.0,0.7,824.0,0.6,72131.0,0.05,73274.0,0,0.15
0566510000000000010152,San Pedro de Urabá,585.0,0.7,163.0,1.0,30251.0,0.05,39768.0,0,0.15
0583720110201800010217,Turbo,14349.0,0.05,2968.0,0.35,12179.0,0.05,13277.0,0,0.15
0504520010301100010109,Apartadó,1419.0,0.5,147.0,1.0,688.0,0.7,223.0,0,0.55
0504520030101500010103,Apartadó,4731.0,0.25,621.0,0.8,587.0,0.7,1731.0,0,0.35
0505110000000000010210,Arboletes,89.0,1.0,147.0,1.0,85208.0,0.05,87870.0,0,0.15
0505110000000000010224,Arboletes,215.0,0.85,309.0,0.8,85385.0,0.05,88042.0,0,0.15
0505110000000000010340,Arboletes,519.0,0.7,509.0,0.8,84334.0,0.05,87031.0,0,0.15
0505120040101000010105,Arboletes,22182.0,0.05,9436.0,0.05,55229.0,0.05,59928.0,0,0.15
0505120040101000010107,Arboletes,22260.0,0.05,9352.0,0.05,55150.0,0.05,59860.0,0,0.15
0514710000000000010120,Carepa,596.0,0.7,17.0,1.0,115.0,0.9,1221.0,0,0.35
0514710000000000010306,Carepa,1005.0,0.5,23.0,1.0,119.0,0.9,885.0,0,0.55
0514710000000000030624,Carepa,452.0,0.85,478.0,0.8,425.0,0.7,2185.0,0,0.35
0517220070300300010112,Chigorodó,20971.0,0.05,594.0,0.8,7272.0,0.2,8390.0,0,0.15
0549010000000000010308,Necoclí,37320.0,0.05,217.0,1.0,37577.0,0.05,33705.0,0,0.15
0549010000000000010507,Necoclí,36506.0,0.05,589.0,0.8,36767.0,0.05,32880.0,0,0.15
0549020120600100010223,Necoclí,25577.0,0.05,752.0,0.6,25849.0,0.05,21934.0,0,0.15
0549020120600100010224,Necoclí,25554.0,0.05,710.0,0.6,25826.0,0.05,21911.0,0,0.15
0549020120600100010312,Necoclí,25912.0,0.05,1124.0,0.6,26180.0,0.05,22275.0,0,0.15
0549020120600100010402,Necoclí,25878.0,0.05,593.0,0.8,26150.0,0.05,22236.0,0,0.15
0549020030300200010120,Necoclí,25477.0,0.05,15113.0,0.05,59826.0,0.05,56126.0,0,0.15
0549020030300200010127,Necoclí,25200.0,0.05,15884.0,0.05,60603.0,0.05,56888.0,0,0.15
0549020030300200010206,Necoclí,25000.0,0.05,15454.0,0.05,60144.0,0.05,56483.0,0,0.15
0549020120300300010133,Necoclí,33096.0,0.05,100.0,1.0,34464.0,0.05,33154.0,0,0.15
0549020120300300010134,Necoclí,32795.0,0.05,173.0,1.0,34161.0,0.05,32949.0,0,0.15
0549020120301000010105,Necoclí,31675.0,0.05,85.0,1.0,34122.0,0.05,33535.0,0,0.15
0549020090201200010104,Necoclí,24144.0,0.05,6235.0,0.05,48613.0,0.05,50177.0,0,0.15
0583720050200500010105,Turbo,9405.0,0.05,156.0,1.0,20186.0,0.05,29542.0,0,0.15
0565920010100100010104,San Juan de Urabá,8605.0,0.05,8605.0,0.05,70561.0,0.05,69820.0,0,0.15
0565920010100100010116,San Juan de Urabá,8600.0,0.05,8600.0,0.05,70421.0,0.05,69692.0,0,0.15
0565920010300300010133,San Juan de Urabá,5429.0,0.05,5429.0,0.15,71385.0,0.05,71298.0,0,0.15
0565920020300400010106,San Juan de Urabá,13089.0,0.05,13089.0,0.05,59664.0,0.05,60882.0,0,0.15
0565920010100500010107,San Juan de Urabá,8271.0,0.05,8271.0,0.05,67661.0,0.05,67355.0,0,0.15
0565920010100500010111,San Juan de Urabá,8438.0,0.05,8438.0,0.05,67653.0,0.05,67303.0,0,0.15
0566510000000000010244,San Pedro de Urabá,458.0,0.85,337.0,0.8,29559.0,0.05,39086.0,0,0.15
0566510000000000010247,San Pedro de Urabá,127.0,1.0,23.0,1.0,29696.0,0.05,39173.0,0,0.15
0566510000000000010353,San Pedro de Urabá,301.0,0.85,301.0,0.8,29411.0,0.05,38871.0,0,0.15
0566510000000000010406,San Pedro de Urabá,665.0,0.7,207.0,1.0,29720.0,0.05,39269.0,0,0.15
0566520040200200010107,San Pedro de Urabá,15364.0,0.05,181.0,1.0,44063.0,0.05,52908.0,0,0.15
0566520020300300010104,San Pedro de Urabá,29509.0,0.05,12030.0,0.05,58658.0,0.05,67498.0,0,0.15
0583720090600300010205,Turbo,7713.0,0.05,120.0,1.0,85.0,1.0,3414.0,0,0.15
0583720090700100020436,Turbo,1054.0,0.5,847.0,0.6,330.0,0.7,1064.0,0,0.35
0583720100700200010109,Turbo,10298.0,0.05,259.0,1.0,261.0,0.9,1321.0,0,0.35
0583720100700200010211,Turbo,9988.0,0.05,113.0,1.0,282.0,0.9,968.0,0,0.55
0583720100700200020201,Turbo,9763.0,0.05,151.0,1.0,286.0,0.9,1026.0,0,0.35
0583720050200500010127,Turbo,9376.0,0.05,240.0,1.0,20184.0,0.05,29575.0,0,0.15
0583720090402400010127,Turbo,2938.0,0.25,1094.0,0.6,417.0,0.7,2376.0,0,0.35
0583720090603100010101,Turbo,4535.0,0.25,1115.0,0.6,1124.0,0.45,1254.0,0,0.35
0583720090603100010102,Turbo,4519.0,0.25,1094.0,0.6,1099.0,0.45,1261.0,0,0.35
0583720090103900010113,Turbo,4109.0,0.25,1311.0,0.6,4302.0,0.2,1949.0,0,0.35
0504520020500200010312,Apartadó,3380.0,0.25,169.0,1.0,1907.0,0.45,1038.0,0,0.35
0505120020500300010116,Arboletes,22889.0,0.05,14329.0,0.05,61341.0,0.05,67024.0,0,0.15
0549010000000000010218,Necoclí,36617.0,0.05,326.0,0.8,36874.0,0.05,33004.0,0,0.15
0549020120600100010317,Necoclí,25889.0,0.05,978.0,0.6,26158.0,0.05,22250.0,0,0.15
0549020050401800010104,Necoclí,39883.0,0.05,997.0,0.6,41583.0,0.05,37655.0,0,0.15
0566510000000000010249,San Pedro de Urabá,257.0,0.85,143.0,1.0,29590.0,0.05,39059.0,0,0.15
0583720090700100010132,Turbo,702.0,0.7,1038.0,0.6,544.0,0.7,443.0,0,0.55
0583720090700100010304,Turbo,623.0,0.7,915.0,0.6,631.0,0.7,446.0,0,0.55
0583720090700100020425,Turbo,947.0,0.7,758.0,0.6,293.0,0.9,1081.0,0,0.35
0583720100400800010204,Turbo,4643.0,0.25,176.0,1.0,262.0,0.9,429.0,0,0.55
0583720090602600010110,Turbo,4674.0,0.25,215.0,1.0,408.0,0.7,2429.0,0,0.35
0583720090603100010103,Turbo,4505.0,0.25,1073.0,0.6,1074.0,0.45,1269.0,0,0.35
0514710000000000010105,Carepa,923.0,0.7,365.0,0.8,211.0,0.9,1233.0,0,0.35
0514710000000000010303,Carepa,1115.0,0.5,131.0,1.0,166.0,0.9,804.0,0,0.55
0514710000000000010706,Carepa,697.0,0.7,167.0,1.0,549.0,0.7,1311.0,0,0.35
0514710000000000010814,Carepa,800.0,0.7,82.0,1.0,285.0,0.9,970.0,0,0.55
0514710000000000020624,Carepa,619.0,0.7,194.0,1.0,746.0,0.7,1780.0,0,0.35
0514710000000000020914,Carepa,1234.0,0.5,466.0,0.8,1352.0,0.45,2012.0,0,0.35
0514710000000000030226,Carepa,589.0,0.7,352.0,0.8,145.0,0.9,1538.0,0,0.35
0514710000000000030317,Carepa,405.0,0.85,269.0,1.0,325.0,0.7,1383.0,0,0.35
0517210000000000020203,Chigorodó,9890.0,0.05,163.0,1.0,375.0,0.7,2245.0,0,0.35
0517210000000000010219,Chigorodó,10287.0,0.05,214.0,1.0,1226.0,0.45,1553.0,0,0.35
0517210000000000050403,Chigorodó,9594.0,0.05,207.0,1.0,443.0,0.7,1336.0,0,0.35
0517210000000000050418,Chigorodó,9747.0,0.05,272.0,1.0,302.0,0.7,1470.0,0,0.35
0517210000000000050711,Chigorodó,9920.0,0.05,216.0,1.0,197.0,0.9,1612.0,0,0.35
0517210000000000060209,Chigorodó,10229.0,0.05,208.0,1.0,243.0,0.9,2016.0,0,0.35
0517210000000000060310,Chigorodó,10211.0,0.05,218.0,1.0,420.0,0.7,2129.0,0,0.35
0517210000000000060320,Chigorodó,10298.0,0.05,260.0,1.0,456.0,0.7,2195.0,0,0.35
0565910000000000010520,San Juan de Urabá,295.0,0.85,295.0,1.0,74129.0,0.05,75262.0,0,0.15
0565910000000000010607,San Juan de Urabá,563.0,0.7,563.0,0.8,72764.0,0.05,73906.0,0,0.15
0566510000000000010402,San Pedro de Urabá,676.0,0.7,161.0,1.0,29812.0,0.05,39363.0,0,0.15
0514710000000000010729,Carepa,694.0,0.7,64.0,1.0,632.0,0.7,1410.0,0,0.35
0514710000000000020903,Carepa,1300.0,0.5,523.0,0.8,1413.0,0.45,2008.0,0,0.35
0517210000000000030104,Chigorodó,9325.0,0.05,251.0,1.0,515.0,0.7,1753.0,0,0.35
0517210000000000030117,Chigorodó,9477.0,0.05,227.0,1.0,339.0,0.7,1970.0,0,0.35
0517210000000000060416,Chigorodó,10413.0,0.05,177.0,1.0,719.0,0.7,2442.0,0,0.35
0549020030200400010134,Necoclí,14629.0,0.05,14629.0,0.05,63831.0,0.05,62428.0,0,0.15
0505110000000000010416,Arboletes,170.0,1.0,170.0,1.0,85189.0,0.05,87814.0,0,0.15
0505110000000000011030,Arboletes,551.0,0.7,657.0,0.8,84223.0,0.05,86889.0,0,0.15
0505110000000000011043,Arboletes,156.0,1.0,438.0,0.8,84594.0,0.05,87229.0,0,0.15
0549010000000000010310,Necoclí,37336.0,0.05,182.0,1.0,37593.0,0.05,33723.0,0,0.15
0549010000000000010513,Necoclí,36463.0,0.05,431.0,0.8,36724.0,0.05,32840.0,0,0.15
0549010000000000010609,Necoclí,39841.0,0.05,403.0,0.8,40094.0,0.05,36238.0,0,0.15
0549020120600100010415,Necoclí,26144.0,0.05,78.0,1.0,26419.0,0.05,22498.0,0,0.15
0565910000000000010406,San Juan de Urabá,373.0,0.85,373.0,0.8,73456.0,0.05,74515.0,0,0.15
0583720090700100010509,Turbo,212.0,0.85,451.0,0.8,273.0,0.9,690.0,0,0.55
0583720090700100020219,Turbo,460.0,0.85,141.0,1.0,85.0,1.0,879.0,0,0.55
0504520020500200010122,Apartadó,3852.0,0.25,352.0,0.8,2358.0,0.45,592.0,0,0.55
0504520020300900010125,Apartadó,5512.0,0.05,492.0,0.8,40.0,1.0,1045.0,0,0.35
0504520010301100010117,Apartadó,1378.0,0.5,128.0,1.0,632.0,0.7,314.0,0,0.55
0504520010101600010118,Apartadó,8539.0,0.05,1114.0,0.6,3985.0,0.2,400.0,0,0.55
0505110000000000010118,Arboletes,154.0,1.0,421.0,0.8,84935.0,0.05,87702.0,0,0.15
0505110000000000010316,Arboletes,279.0,0.85,269.0,1.0,84573.0,0.05,87271.0,0,0.15
0505110000000000010342,Arboletes,540.0,0.7,530.0,0.8,84314.0,0.05,87027.0,0,0.15
0505120060400100010113,Arboletes,31213.0,0.05,15703.0,0.05,65600.0,0.05,73251.0,0,0.15
0505120030101100010133,Arboletes,14547.0,0.05,14547.0,0.05,62564.0,0.05,66158.0,0,0.15
0514710000000000010204,Carepa,1327.0,0.5,345.0,0.8,243.0,0.9,651.0,0,0.55
0514710000000000010227,Carepa,1462.0,0.5,489.0,0.8,105.0,0.9,525.0,0,0.55
0514710000000000020429,Carepa,393.0,0.85,246.0,1.0,515.0,0.7,1703.0,0,0.35
0514710000000000030219,Carepa,243.0,0.85,368.0,0.8,74.0,1.0,1639.0,0,0.35
0583720030802900010118,Turbo,10055.0,0.05,34.0,1.0,10313.0,0.05,6455.0,0,0.15
0549010000000000010120,Necoclí,37349.0,0.05,208.0,1.0,37605.0,0.05,33738.0,0,0.15
0566510000000000011012,San Pedro de Urabá,1139.0,0.5,625.0,0.8,29845.0,0.05,39156.0,0,0.15
0549010000000000010106,Necoclí,36800.0,0.05,156.0,1.0,37055.0,0.05,33194.0,0,0.15
0549010000000000010608,Necoclí,39795.0,0.05,78.0,1.0,40050.0,0.05,36187.0,0,0.15
0549010000000000010825,Necoclí,38200.0,0.05,470.0,0.8,38460.0,0.05,34576.0,0,0.15
0549010000000000010829,Necoclí,38145.0,0.05,404.0,0.8,38405.0,0.05,34522.0,0,0.15
0549020030300200010204,Necoclí,25032.0,0.05,15476.0,0.05,60170.0,0.05,56503.0,0,0.15
0565910000000000010511,San Juan de Urabá,78.0,1.0,78.0,1.0,73952.0,0.05,75040.0,0,0.15
0565920010100100010131,San Juan de Urabá,8965.0,0.05,8965.0,0.05,70234.0,0.05,69435.0,0,0.15
0565920010300300010107,San Juan de Urabá,5696.0,0.05,5696.0,0.15,71312.0,0.05,71171.0,0,0.15
0566510000000000010112,San Pedro de Urabá,296.0,0.85,270.0,1.0,30065.0,0.05,39555.0,0,0.15
0566510000000000010431,San Pedro de Urabá,1116.0,0.5,691.0,0.8,29451.0,0.05,39039.0,0,0.15
0566510000000000010813,San Pedro de Urabá,138.0,1.0,138.0,1.0,29387.0,0.05,38823.0,0,0.15
0566520010100400010105,San Pedro de Urabá,31730.0,0.05,9013.0,0.05,59228.0,0.05,67356.0,0,0.15
0566520040200800010113,San Pedro de Urabá,20002.0,0.05,1743.0,0.35,45802.0,0.05,53727.0,0,0.15
0583720090700100010201,Turbo,866.0,0.7,1171.0,0.6,373.0,0.7,196.0,0,0.75
0583720090700100010204,Turbo,630.0,0.7,943.0,0.6,587.0,0.7,427.0,0,0.55
0583720090700100020374,Turbo,1097.0,0.5,967.0,0.6,551.0,0.7,1327.0,0,0.35
0583720090700100020411,Turbo,775.0,0.7,514.0,0.8,64.0,1.0,846.0,0,0.55
0583720100700200010506,Turbo,9870.0,0.05,146.0,1.0,186.0,0.9,1125.0,0,0.35
0583720100700200020210,Turbo,9729.0,0.05,136.0,1.0,256.0,0.9,989.0,0,0.55
0583720100700200020414,Turbo,9492.0,0.05,285.0,1.0,228.0,0.9,732.0,0,0.55
0583720090600300010313,Turbo,7730.0,0.05,122.0,1.0,277.0,0.9,3734.0,0,0.15
0583720090600300010326,Turbo,7125.0,0.05,560.0,0.8,94.0,1.0,3658.0,0,0.15
0583720030803200010111,Turbo,12317.0,0.05,176.0,1.0,12580.0,0.05,8696.0,0,0.15
0583720010203800010111,Turbo,4150.0,0.25,3922.0,0.15,26584.0,0.05,35681.0,0,0.15
0583720090103900010108,Turbo,4213.0,0.25,1582.0,0.35,4447.0,0.2,1746.0,0,0.35
0583720050604200010103,Turbo,15697.0,0.05,97.0,1.0,15999.0,0.05,24205.0,0,0.15
0514710000000000020501,Carepa,125.0,1.0,461.0,0.8,185.0,0.9,1631.0,0,0.35
0514710000000000020623,Carepa,616.0,0.7,218.0,1.0,752.0,0.7,1823.0,0,0.35
0514710000000000030211,Carepa,469.0,0.85,242.0,1.0,24.0,1.0,1494.0,0,0.35
0514710000000000030231,Carepa,580.0,0.7,381.0,0.8,153.0,0.9,1576.0,0,0.35
0514710000000000030232,Carepa,595.0,0.7,439.0,0.8,199.0,0.9,1633.0,0,0.35
0514710000000000030539,Carepa,385.0,0.85,678.0,0.8,237.0,0.9,2096.0,0,0.35
0517210000000000010124,Chigorodó,9874.0,0.05,58.0,1.0,1171.0,0.45,1218.0,0,0.35
0517210000000000010307,Chigorodó,10075.0,0.05,20.0,1.0,964.0,0.7,1651.0,0,0.35
0517210000000000010702,Chigorodó,10164.0,0.05,87.0,1.0,1193.0,0.45,1440.0,0,0.35
0517210000000000010804,Chigorodó,10845.0,0.05,888.0,0.6,2025.0,0.45,1358.0,0,0.35
0517210000000000020320,Chigorodó,9912.0,0.05,31.0,1.0,321.0,0.7,1847.0,0,0.35
0517210000000000020411,Chigorodó,10405.0,0.05,404.0,0.8,752.0,0.7,2470.0,0,0.35
0517210000000000030209,Chigorodó,9433.0,0.05,216.0,1.0,149.0,0.9,2046.0,0,0.35
0517210000000000050124,Chigorodó,9543.0,0.05,137.0,1.0,143.0,0.9,1782.0,0,0.35
0517210000000000050710,Chigorodó,9811.0,0.05,324.0,0.8,311.0,0.7,1486.0,0,0.35
0517210000000000060118,Chigorodó,10093.0,0.05,110.0,1.0,399.0,0.7,2043.0,0,0.35
0517210000000000060403,Chigorodó,10219.0,0.05,207.0,1.0,532.0,0.7,2227.0,0,0.35
0517210000000000060605,Chigorodó,10319.0,0.05,191.0,1.0,445.0,0.7,1934.0,0,0.35
0517210000000000060630,Chigorodó,10356.0,0.05,177.0,1.0,456.0,0.7,1976.0,0,0.35
0549020030200400010104,Necoclí,14486.0,0.05,14486.0,0.05,64410.0,0.05,62946.0,0,0.15
0565910000000000010120,San Juan de Urabá,386.0,0.85,386.0,0.8,72489.0,0.05,73443.0,0,0.15
0565910000000000010619,San Juan de Urabá,1172.0,0.5,1172.0,0.6,72598.0,0.05,73873.0,0,0.15
0566510000000000020111,San Pedro de Urabá,386.0,0.85,416.0,0.8,29448.0,0.05,38956.0,0,0.15
0583720030802900010112,Turbo,10147.0,0.05,60.0,1.0,10405.0,0.05,6548.0,0,0.15
0504520050300100010112,Apartadó,5641.0,0.05,123.0,1.0,5471.0,0.2,5014.0,0,0.15
0504520020500200010103,Apartadó,3646.0,0.25,148.0,1.0,2150.0,0.45,776.0,0,0.55
0504520020300900010302,Apartadó,5503.0,0.05,857.0,0.6,402.0,0.7,1346.0,0,0.35
0505110000000000011005,Arboletes,156.0,1.0,388.0,0.8,84620.0,0.05,87262.0,0,0.15
0514710000000000020304,Carepa,697.0,0.7,236.0,1.0,847.0,0.7,1924.0,0,0.35
0583720100400800010104,Turbo,4328.0,0.25,431.0,0.8,550.0,0.7,677.0,0,0.55
0549010000000000010402,Necoclí,36963.0,0.05,181.0,1.0,37220.0,0.05,33348.0,0,0.15
0549020120600100010128,Necoclí,25533.0,0.05,675.0,0.8,25806.0,0.05,21889.0,0,0.15
0565910000000000010110,San Juan de Urabá,274.0,0.85,274.0,1.0,72573.0,0.05,73541.0,0,0.15
0566510000000000010220,San Pedro de Urabá,311.0,0.85,243.0,1.0,29763.0,0.05,39280.0,0,0.15
0566520010100400010101,San Pedro de Urabá,32114.0,0.05,9416.0,0.05,59631.0,0.05,67760.0,0,0.15
0583720050200500010109,Turbo,9573.0,0.05,29.0,1.0,20012.0,0.05,29374.0,0,0.15
0583720090700100020217,Turbo,488.0,0.85,220.0,1.0,155.0,0.9,919.0,0,0.55
0583720090700100020413,Turbo,938.0,0.7,698.0,0.8,154.0,0.9,917.0,0,0.55
0583720090600300010324,Turbo,7255.0,0.05,420.0,0.8,217.0,0.9,3662.0,0,0.15
0583720100400800010313,Turbo,4443.0,0.25,54.0,1.0,170.0,0.9,582.0,0,0.55
0583720100400800010411,Turbo,3859.0,0.25,27.0,1.0,684.0,0.7,440.0,0,0.55
0583720230401400010106,Turbo,29119.0,0.05,4760.0,0.15,12881.0,0.05,18022.0,0,0.15
0583720090102700010105,Turbo,4480.0,0.25,115.0,1.0,3663.0,0.2,3950.0,0,0.15
0583720030802900010126,Turbo,9808.0,0.05,291.0,1.0,10065.0,0.05,6215.0,0,0.15
0583720050604200010109,Turbo,15688.0,0.05,50.0,1.0,16083.0,0.05,24262.0,0,0.15
0505110000000000010108,Arboletes,133.0,1.0,591.0,0.8,85218.0,0.05,87988.0,0,0.15
0505110000000000010512,Arboletes,136.0,1.0,368.0,0.8,84842.0,0.05,87447.0,0,0.15
0505120060400100010102,Arboletes,30978.0,0.05,15743.0,0.05,65587.0,0.05,73211.0,0,0.15
0514710000000000010208,Carepa,1190.0,0.5,214.0,1.0,202.0,0.9,812.0,0,0.55
0514710000000000010210,Carepa,993.0,0.7,206.0,1.0,82.0,1.0,1055.0,0,0.35
0514710000000000010222,Carepa,1140.0,0.5,162.0,1.0,164.0,0.9,826.0,0,0.55
0514710000000000020709,Carepa,462.0,0.85,51.0,1.0,590.0,0.7,1956.0,0,0.35
0549020090200800010117,Necoclí,24323.0,0.05,7272.0,0.05,48621.0,0.05,49632.0,0,0.15
0549010000000000010129,Necoclí,37421.0,0.05,273.0,1.0,37678.0,0.05,33810.0,0,0.15
0549010000000000010332,Necoclí,37484.0,0.05,54.0,1.0,37742.0,0.05,33869.0,0,0.15
0549010000000000010601,Necoclí,40437.0,0.05,836.0,0.6,40690.0,0.05,36835.0,0,0.15
0549010000000000010612,Necoclí,39382.0,0.05,400.0,0.8,39637.0,0.05,35773.0,0,0.15
0549010000000000010912,Necoclí,38500.0,0.05,762.0,0.6,38761.0,0.05,34875.0,0,0.15
0549020090200800010118,Necoclí,24380.0,0.05,7254.0,0.05,48569.0,0.05,49571.0,0,0.15
0549020040400900010114,Necoclí,28413.0,0.05,5936.0,0.15,49457.0,0.05,47029.0,0,0.15
0549020050401800010101,Necoclí,39725.0,0.05,893.0,0.6,41724.0,0.05,37796.0,0,0.15
0566510000000000010630,San Pedro de Urabá,92.0,1.0,217.0,1.0,29831.0,0.05,39324.0,0,0.15
0566510000000000010663,San Pedro de Urabá,329.0,0.85,292.0,1.0,30083.0,0.05,39557.0,0,0.15
0566510000000000010868,San Pedro de Urabá,738.0,0.7,222.0,1.0,30082.0,0.05,39460.0,0,0.15
0583720090700100010504,Turbo,482.0,0.85,739.0,0.6,533.0,0.7,456.0,0,0.55
0583720090700100010608,Turbo,609.0,0.7,479.0,0.8,198.0,0.9,712.0,0,0.55
0583720090700100010723,Turbo,956.0,0.7,646.0,0.8,318.0,0.7,420.0,0,0.55
0583720090700100020517,Turbo,698.0,0.7,381.0,0.8,80.0,1.0,712.0,0,0.55
0583720100700200010122,Turbo,10543.0,0.05,532.0,0.8,513.0,0.7,1416.0,0,0.35
0583720100700200010123,Turbo,10594.0,0.05,576.0,0.8,565.0,0.7,1435.0,0,0.35
0583720100700200010402,Turbo,9931.0,0.05,64.0,1.0,206.0,0.9,1045.0,0,0.35
0583720100700200020110,Turbo,9821.0,0.05,377.0,0.8,235.0,0.9,928.0,0,0.55
0583720100700200020415,Turbo,9560.0,0.05,260.0,1.0,287.0,0.9,829.0,0,0.55
0583720100400800010202,Turbo,4719.0,0.25,246.0,1.0,312.0,0.7,368.0,0,0.55
0583720100400800010413,Turbo,3967.0,0.25,164.0,1.0,523.0,0.7,587.0,0,0.55
0583720090103900010106,Turbo,4211.0,0.25,1502.0,0.35,4429.0,0.2,1847.0,0,0.35
0514710000000000010304,Carepa,1147.0,0.5,251.0,1.0,82.0,1.0,650.0,0,0.55
0514710000000000010409,Carepa,881.0,0.7,77.0,1.0,125.0,0.9,899.0,0,0.55
0514710000000000010620,Carepa,1523.0,0.5,633.0,0.8,744.0,0.7,677.0,0,0.55
0514710000000000030214,Carepa,320.0,0.85,302.0,0.8,137.0,0.9,1578.0,0,0.35
0514720011001000010121,Carepa,4372.0,0.25,760.0,0.6,506.0,0.7,1843.0,0,0.35
0517210000000000010101,Chigorodó,9792.0,0.05,118.0,1.0,1199.0,0.45,1139.0,0,0.35
0517210000000000010125,Chigorodó,9858.0,0.05,33.0,1.0,1124.0,0.45,1263.0,0,0.35
0517210000000000010319,Chigorodó,10245.0,0.05,193.0,1.0,1077.0,0.45,1721.0,0,0.35
0517210000000000010513,Chigorodó,9729.0,0.05,86.0,1.0,790.0,0.7,1573.0,0,0.35
0517210000000000020217,Chigorodó,10370.0,0.05,347.0,0.8,698.0,0.7,2505.0,0,0.35
0517210000000000050306,Chigorodó,9474.0,0.05,118.0,1.0,439.0,0.7,1446.0,0,0.35
0517210000000000050310,Chigorodó,9588.0,0.05,74.0,1.0,450.0,0.7,1496.0,0,0.35
0517210000000000060107,Chigorodó,10014.0,0.05,132.0,1.0,305.0,0.7,1930.0,0,0.35
0517210000000000060804,Chigorodó,10611.0,0.05,138.0,1.0,721.0,0.7,2489.0,0,0.35
0517210000000000060926,Chigorodó,11000.0,0.05,484.0,0.8,1121.0,0.45,2893.0,0,0.35
0583720110201800010103,Turbo,14147.0,0.05,3160.0,0.15,11623.0,0.05,13202.0,0,0.15
0583720110201800010123,Turbo,14020.0,0.05,3291.0,0.15,11533.0,0.05,13089.0,0,0.15
0583720110201800010320,Turbo,14067.0,0.05,3245.0,0.15,12032.0,0.05,13009.0,0,0.15
0504520050300100010111,Apartadó,5590.0,0.05,139.0,1.0,5418.0,0.2,4959.0,0,0.15
0504520010101400010105,Apartadó,10991.0,0.05,211.0,1.0,3684.0,0.2,1016.0,0,0.35
0505120030101100010130,Arboletes,14518.0,0.05,14518.0,0.05,62966.0,0.05,66616.0,0,0.15
0505110000000000010121,Arboletes,38.0,1.0,517.0,0.8,85120.0,0.05,87889.0,0,0.15
0505110000000000010520,Arboletes,165.0,1.0,445.0,0.8,84800.0,0.05,87394.0,0,0.15
0505110000000000011012,Arboletes,247.0,0.85,414.0,0.8,84535.0,0.05,87186.0,0,0.15
0505110000000000011044,Arboletes,438.0,0.85,495.0,0.8,84377.0,0.05,87050.0,0,0.15
0505110000000000011105,Arboletes,627.0,0.7,616.0,0.8,84241.0,0.05,86970.0,0,0.15
0505120030200800010104,Arboletes,16990.0,0.05,14327.0,0.05,57946.0,0.05,61306.0,0,0.15
0505120030200900010115,Arboletes,15129.0,0.05,14763.0,0.05,58102.0,0.05,60418.0,0,0.15
0514710000000000030625,Carepa,494.0,0.85,510.0,0.8,458.0,0.7,2230.0,0,0.35
0514710000000000010320,Carepa,1048.0,0.5,245.0,1.0,56.0,1.0,695.0,0,0.55
0514710000000000010808,Carepa,853.0,0.7,121.0,1.0,152.0,0.9,890.0,0,0.55
0514710000000000020220,Carepa,1537.0,0.5,436.0,0.8,1454.0,0.45,1745.0,0,0.35
0514710000000000020417,Carepa,383.0,0.85,337.0,0.8,443.0,0.7,1549.0,0,0.35
0514710000000000030411,Carepa,231.0,0.85,453.0,0.8,126.0,0.9,1726.0,0,0.35
0517220060601500010106,Chigorodó,11856.0,0.05,1355.0,0.6,1982.0,0.45,3399.0,0,0.15
0549010000000000010117,Necoclí,36874.0,0.05,80.0,1.0,37129.0,0.05,33268.0,0,0.15
0549010000000000010918,Necoclí,38359.0,0.05,746.0,0.6,38620.0,0.05,34733.0,0,0.15
0549020030300200010214,Necoclí,25331.0,0.05,15219.0,0.05,59925.0,0.05,56237.0,0,0.15
0549020120300300010118,Necoclí,32865.0,0.05,135.0,1.0,34211.0,0.05,32971.0,0,0.15
0565920010100100010124,San Juan de Urabá,8816.0,0.05,8816.0,0.05,70532.0,0.05,69745.0,0,0.15
0565920010100500010114,San Juan de Urabá,8412.0,0.05,8412.0,0.05,67585.0,0.05,67255.0,0,0.15
0566510000000000010202,San Pedro de Urabá,68.0,1.0,73.0,1.0,29718.0,0.05,39201.0,0,0.15
0566510000000000010329,San Pedro de Urabá,330.0,0.85,327.0,0.8,29222.0,0.05,38670.0,0,0.15
0566510000000000010548,San Pedro de Urabá,284.0,0.85,94.0,1.0,29799.0,0.05,39231.0,0,0.15
0566510000000000010811,San Pedro de Urabá,85.0,1.0,85.0,1.0,29438.0,0.05,38866.0,0,0.15
0566510000000000010844,San Pedro de Urabá,444.0,0.85,151.0,1.0,29734.0,0.05,39122.0,0,0.15
0566520040200200010108,San Pedro de Urabá,15154.0,0.05,218.0,1.0,43867.0,0.05,52721.0,0,0.15
0583720090700100010506,Turbo,343.0,0.85,601.0,0.8,407.0,0.7,571.0,0,0.55
0583720090700100010615,Turbo,678.0,0.7,508.0,0.8,206.0,0.9,738.0,0,0.55
0583720090700100020126,Turbo,594.0,0.7,365.0,0.8,70.0,1.0,816.0,0,0.55
0583720090700100020359,Turbo,925.0,0.7,770.0,0.6,367.0,0.7,1170.0,0,0.35
0583720090700100020430,Turbo,771.0,0.7,530.0,0.8,103.0,0.9,904.0,0,0.55
0583720100700200010105,Turbo,10327.0,0.05,202.0,1.0,328.0,0.7,1235.0,0,0.35
0583720100700200010201,Turbo,10093.0,0.05,57.0,1.0,232.0,0.9,1057.0,0,0.35
0583720100700200010414,Turbo,9804.0,0.05,85.0,1.0,316.0,0.7,981.0,0,0.55
0583720100700200020115,Turbo,9603.0,0.05,207.0,1.0,94.0,1.0,837.0,0,0.55
0583720100700200020120,Turbo,9566.0,0.05,309.0,0.8,93.0,1.0,808.0,0,0.55
0583720100700200020304,Turbo,9661.0,0.05,242.0,1.0,457.0,0.7,876.0,0,0.55
0583720100700200020320,Turbo,9455.0,0.05,395.0,0.8,227.0,0.9,758.0,0,0.55
0583720070201200010109,Turbo,17896.0,0.05,117.0,1.0,12409.0,0.05,21173.0,0,0.15
0583720230401400010105,Turbo,29152.0,0.05,4814.0,0.15,12901.0,0.05,18095.0,0,0.15
0583720090102700010110,Turbo,4244.0,0.25,121.0,1.0,3673.0,0.2,3831.0,0,0.15
0504520020300900010311,Apartadó,5474.0,0.05,788.0,0.6,333.0,0.7,1300.0,0,0.35
0504520010301100010207,Apartadó,1496.0,0.5,243.0,1.0,567.0,0.7,307.0,0,0.55
0505110000000000010338,Arboletes,489.0,0.85,479.0,0.8,84366.0,0.05,87060.0,0,0.15
0505110000000000011127,Arboletes,853.0,0.7,911.0,0.6,83939.0,0.05,86628.0,0,0.15
0505120030200900010104,Arboletes,15158.0,0.05,14821.0,0.05,58156.0,0.05,60541.0,0,0.15
0549010000000000010810,Necoclí,38258.0,0.05,551.0,0.8,38519.0,0.05,34634.0,0,0.15
0549010000000000010817,Necoclí,38360.0,0.05,484.0,0.8,38620.0,0.05,34739.0,0,0.15
0549020030300200010223,Necoclí,25360.0,0.05,15058.0,0.05,59761.0,0.05,56080.0,0,0.15
0549020120801600010104,Necoclí,27795.0,0.05,698.0,0.8,28712.0,0.05,29369.0,0,0.15
0566510000000000010209,San Pedro de Urabá,208.0,0.85,278.0,1.0,29635.0,0.05,39137.0,0,0.15
0566510000000000010358,San Pedro de Urabá,700.0,0.7,52.0,1.0,28926.0,0.05,38399.0,0,0.15
0566510000000000010411,San Pedro de Urabá,823.0,0.7,415.0,0.8,29560.0,0.05,39123.0,0,0.15
0566510000000000010540,San Pedro de Urabá,262.0,0.85,63.0,1.0,29849.0,0.05,39310.0,0,0.15
0583720090700100010211,Turbo,141.0,1.0,479.0,0.8,393.0,0.7,837.0,0,0.55
0583720100700200010121,Turbo,10402.0,0.05,338.0,0.8,363.0,0.7,1386.0,0,0.35
0583720100700200020134,Turbo,10142.0,0.05,499.0,0.8,401.0,0.7,993.0,0,0.55
0583720090302300010101,Turbo,1969.0,0.5,15.0,1.0,970.0,0.7,3461.0,0,0.15
0583720090302300010110,Turbo,2120.0,0.25,165.0,1.0,1076.0,0.45,3400.0,0,0.15
0514710000000000010510,Carepa,896.0,0.7,20.0,1.0,482.0,0.7,1025.0,0,0.35
0514710000000000020301,Carepa,809.0,0.7,122.0,1.0,816.0,0.7,1535.0,0,0.35
0514710000000000020525,Carepa,316.0,0.85,192.0,1.0,464.0,0.7,1817.0,0,0.35
0514710000000000020805,Carepa,1438.0,0.5,653.0,0.8,1521.0,0.45,2035.0,0,0.35
0514710000000000020918,Carepa,1365.0,0.5,615.0,0.8,1492.0,0.45,2160.0,0,0.35
0514710000000000030120,Carepa,431.0,0.85,122.0,1.0,120.0,0.9,1398.0,0,0.35
0514710000000000030634,Carepa,582.0,0.7,276.0,1.0,650.0,0.7,2193.0,0,0.35
0514720010700700010130,Carepa,6022.0,0.05,2329.0,0.35,4843.0,0.2,827.0,0,0.55
0517210000000000010411,Chigorodó,9482.0,0.05,219.0,1.0,616.0,0.7,1671.0,0,0.35
0517210000000000010501,Chigorodó,9694.0,0.05,47.0,1.0,662.0,0.7,1702.0,0,0.35
0517210000000000020109,Chigorodó,9976.0,0.05,259.0,1.0,468.0,0.7,2234.0,0,0.35
0517210000000000020406,Chigorodó,10328.0,0.05,463.0,0.8,693.0,0.7,2412.0,0,0.35
0517210000000000030202,Chigorodó,9576.0,0.05,193.0,1.0,290.0,0.9,2076.0,0,0.35
0517210000000000050523,Chigorodó,9824.0,0.05,158.0,1.0,251.0,0.9,1695.0,0,0.35
0517210000000000060114,Chigorodó,10013.0,0.05,134.0,1.0,113.0,0.9,1827.0,0,0.35
0517210000000000060302,Chigorodó,10163.0,0.05,172.0,1.0,407.0,0.7,2093.0,0,0.35
0517210000000000060408,Chigorodó,10331.0,0.05,246.0,1.0,638.0,0.7,2386.0,0,0.35
0517210000000000060814,Chigorodó,10653.0,0.05,137.0,1.0,809.0,0.7,2571.0,0,0.35
0565910000000000010622,San Juan de Urabá,1222.0,0.5,1222.0,0.6,72573.0,0.05,73857.0,0,0.15
0505110000000000010401,Arboletes,38.0,1.0,69.0,1.0,85019.0,0.05,87676.0,0,0.15
0505110000000000010901,Arboletes,61.0,1.0,666.0,0.8,85069.0,0.05,87872.0,0,0.15
0549010000000000010228,Necoclí,36967.0,0.05,108.0,1.0,37224.0,0.05,33354.0,0,0.15
0549020120301000010104,Necoclí,31671.0,0.05,130.0,1.0,34192.0,0.05,33623.0,0,0.15
0549020120101100010107,Necoclí,32266.0,0.05,62.0,1.0,32549.0,0.05,28621.0,0,0.15
0549020090501500010106,Necoclí,28626.0,0.05,288.0,1.0,38748.0,0.05,40885.0,0,0.15
0549020050401800010103,Necoclí,39880.0,0.05,1034.0,0.6,41611.0,0.05,37683.0,0,0.15
0565920010300300010123,San Juan de Urabá,5658.0,0.05,5658.0,0.15,71365.0,0.05,71228.0,0,0.15
0583720090700100010409,Turbo,877.0,0.7,1118.0,0.6,625.0,0.7,142.0,0,0.75
0583720090700100010415,Turbo,634.0,0.7,853.0,0.6,624.0,0.7,284.0,0,0.55
0583720090700100020211,Turbo,427.0,0.85,236.0,1.0,246.0,0.9,1021.0,0,0.35
0583720100700200010311,Turbo,10076.0,0.05,316.0,0.8,150.0,0.9,1217.0,0,0.35
0583720100700200010513,Turbo,9825.0,0.05,58.0,1.0,160.0,0.9,1061.0,0,0.35
0583720100400800010308,Turbo,4417.0,0.25,68.0,1.0,164.0,0.9,600.0,0,0.55
0583720020101300010212,Turbo,15638.0,0.05,495.0,0.8,30865.0,0.05,37726.0,0,0.15
0583720070202000010101,Turbo,18565.0,0.05,47.0,1.0,5186.0,0.2,15107.0,0,0.15
0583720090102700010111,Turbo,4339.0,0.25,41.0,1.0,3643.0,0.2,3899.0,0,0.15
0583720090103900010115,Turbo,4037.0,0.25,1330.0,0.6,4247.0,0.2,1824.0,0,0.35
0504520020500200010213,Apartadó,3585.0,0.25,284.0,1.0,2170.0,0.45,900.0,0,0.55
0504520030101500010110,Apartadó,4870.0,0.25,493.0,0.8,434.0,0.7,1583.0,0,0.35
0505110000000000011017,Arboletes,145.0,1.0,522.0,0.8,84600.0,0.05,87217.0,0,0.15
0505110000000000011107,Arboletes,714.0,0.7,704.0,0.6,84154.0,0.05,86887.0,0,0.15
0505120020500300010119,Arboletes,23025.0,0.05,14163.0,0.05,61177.0,0.05,66883.0,0,0.15
0505120040101000010115,Arboletes,22065.0,0.05,9565.0,0.05,55353.0,0.05,60038.0,0,0.15
0505120030101100010117,Arboletes,14489.0,0.05,14489.0,0.05,62919.0,0.05,66552.0,0,0.15
0514710000000000020219,Carepa,1315.0,0.5,531.0,0.8,1337.0,0.45,1822.0,0,0.35
0514720010601300010110,Carepa,4316.0,0.25,4316.0,0.15,595.0,0.7,224.0,0,0.55
0549010000000000010317,Necoclí,37225.0,0.05,161.0,1.0,37483.0,0.05,33610.0,0,0.15
0549010000000000010824,Necoclí,38221.0,0.05,493.0,0.8,38482.0,0.05,34597.0,0,0.15
0549020120600100010129,Necoclí,25460.0,0.05,773.0,0.6,25733.0,0.05,21817.0,0,0.15
0549020090200800010116,Necoclí,24262.0,0.05,7326.0,0.05,48684.0,0.05,49688.0,0,0.15
0583720050604200010106,Turbo,15847.0,0.05,267.0,1.0,16157.0,0.05,24243.0,0,0.15
0565920010300300010124,San Juan de Urabá,5592.0,0.05,5592.0,0.15,71385.0,0.05,71262.0,0,0.15
0566510000000000010114,San Pedro de Urabá,483.0,0.85,115.0,1.0,29957.0,0.05,39485.0,0,0.15
0566510000000000010214,San Pedro de Urabá,199.0,1.0,305.0,0.8,29728.0,0.05,39234.0,0,0.15
0566510000000000010537,San Pedro de Urabá,154.0,1.0,103.0,1.0,29813.0,0.05,39284.0,0,0.15
0566510000000000010561,San Pedro de Urabá,487.0,0.85,137.0,1.0,29993.0,0.05,39410.0,0,0.15
0566520040200800010106,San Pedro de Urabá,20062.0,0.05,1716.0,0.35,45843.0,0.05,53760.0,0,0.15
0583720090700100010517,Turbo,596.0,0.7,815.0,0.6,588.0,0.7,318.0,0,0.55
0583720090700100010616,Turbo,670.0,0.7,473.0,0.8,169.0,0.9,796.0,0,0.55
0583720090700100020418,Turbo,802.0,0.7,526.0,0.8,21.0,1.0,795.0,0,0.55
0583720100700200020209,Turbo,9724.0,0.05,184.0,1.0,304.0,0.7,996.0,0,0.55
0583720100700200020417,Turbo,9536.0,0.05,247.0,1.0,175.0,0.9,772.0,0,0.55
0583720090600300010310,Turbo,7789.0,0.05,122.0,1.0,228.0,0.9,3704.0,0,0.15
0583720100400800010425,Turbo,4138.0,0.25,327.0,0.8,435.0,0.7,688.0,0,0.55
0583720080301000010104,Turbo,6105.0,0.05,250.0,1.0,2960.0,0.45,4086.0,0,0.15
0583720080301000010107,Turbo,6004.0,0.05,264.0,1.0,2889.0,0.45,3996.0,0,0.15
0583720090402400010110,Turbo,2751.0,0.25,1052.0,0.6,99.0,1.0,2461.0,0,0.35
0514710000000000010405,Carepa,998.0,0.7,162.0,1.0,77.0,1.0,790.0,0,0.55
0514710000000000010522,Carepa,1153.0,0.5,308.0,0.8,374.0,0.7,712.0,0,0.55
0514710000000000020233,Carepa,1633.0,0.5,776.0,0.6,1688.0,0.45,2113.0,0,0.35
0514710000000000030520,Carepa,448.0,0.85,641.0,0.8,269.0,0.9,1910.0,0,0.35
0517210000000000010413,Chigorodó,9583.0,0.05,128.0,1.0,693.0,0.7,1616.0,0,0.35
0517210000000000010621,Chigorodó,9640.0,0.05,76.0,1.0,478.0,0.7,1885.0,0,0.35
0517210000000000020112,Chigorodó,9769.0,0.05,136.0,1.0,408.0,0.7,2158.0,0,0.35
0517210000000000020211,Chigorodó,9737.0,0.05,15.0,1.0,310.0,0.7,2134.0,0,0.35
0517210000000000050107,Chigorodó,9374.0,0.05,65.0,1.0,313.0,0.7,1638.0,0,0.35
0517210000000000060221,Chigorodó,10150.0,0.05,88.0,1.0,137.0,0.9,1895.0,0,0.35
0517210000000000060319,Chigorodó,10280.0,0.05,335.0,0.8,373.0,0.7,2131.0,0,0.35
0517210000000000060615,Chigorodó,10513.0,0.05,125.0,1.0,501.0,0.7,2213.0,0,0.35
0549020050300500010202,Necoclí,32808.0,0.05,942.0,0.6,44572.0,0.05,42046.0,0,0.15
0565910000000000010304,San Juan de Urabá,157.0,1.0,157.0,1.0,73162.0,0.05,74170.0,0,0.15
0566510000000000011022,San Pedro de Urabá,1322.0,0.5,753.0,0.6,30131.0,0.05,39432.0,0,0.15
0583720110201800010303,Turbo,14047.0,0.05,3253.0,0.15,11866.0,0.05,13031.0,0,0.15
0583720110201800010318,Turbo,13812.0,0.05,3494.0,0.15,11873.0,0.05,12775.0,0,0.15
0514710000000000030104,Carepa,518.0,0.7,25.0,1.0,155.0,0.9,1276.0,0,0.35
0517210000000000010609,Chigorodó,10098.0,0.05,220.0,1.0,681.0,0.7,2081.0,0,0.35
0517210000000000010807,Chigorodó,10714.0,0.05,725.0,0.6,1857.0,0.45,1347.0,0,0.35
0517210000000000060106,Chigorodó,9996.0,0.05,155.0,1.0,209.0,0.9,1862.0,0,0.35
0517210000000000060516,Chigorodó,10525.0,0.05,84.0,1.0,660.0,0.7,2421.0,0,0.35
0517210000000000060905,Chigorodó,10718.0,0.05,297.0,1.0,762.0,0.7,2533.0,0,0.35
0565910000000000010418,San Juan de Urabá,415.0,0.85,415.0,0.8,73517.0,0.05,74558.0,0,0.15
0549020120100700010104,Necoclí,35254.0,0.05,1572.0,0.35,35526.0,0.05,31611.0,0,0.15
0504520020500200010112,Apartadó,3661.0,0.25,306.0,0.8,2238.0,0.45,830.0,0,0.55
0504520010301100010106,Apartadó,1268.0,0.5,56.0,1.0,868.0,0.7,262.0,0,0.55
0504520010101600010103,Apartadó,8683.0,0.05,1270.0,0.6,3687.0,0.2,302.0,1,0.9
0504520010101600010113,Apartadó,8546.0,0.05,1120.0,0.6,3849.0,0.2,378.0,0,0.55
0505110000000000010325,Arboletes,509.0,0.7,498.0,0.8,84360.0,0.05,87085.0,0,0.15
0505110000000000010535,Arboletes,766.0,0.7,1116.0,0.6,84385.0,0.05,86892.0,0,0.15
0505120030200900010103,Arboletes,14925.0,0.05,14925.0,0.05,58484.0,0.05,60920.0,0,0.15
0505120040101000010111,Arboletes,22283.0,0.05,9298.0,0.05,55057.0,0.05,59754.0,0,0.15
0505120030101100010119,Arboletes,14334.0,0.05,14334.0,0.05,62997.0,0.05,66598.0,0,0.15
0583720100700200010305,Turbo,10090.0,0.05,203.0,1.0,72.0,1.0,1216.0,0,0.35
0514710000000000020408,Carepa,515.0,0.7,226.0,1.0,596.0,0.7,1591.0,0,0.35
0514710000000000010121,Carepa,580.0,0.7,30.0,1.0,135.0,0.9,1223.0,0,0.35
0514710000000000020718,Carepa,541.0,0.7,153.0,1.0,644.0,0.7,2087.0,0,0.35
0514710000000000020720,Carepa,409.0,0.85,193.0,1.0,505.0,0.7,2023.0,0,0.35
0514710000000000030535,Carepa,244.0,0.85,567.0,0.8,145.0,0.9,1974.0,0,0.35
0517220070300300010115,Chigorodó,20961.0,0.05,600.0,0.8,7222.0,0.2,8412.0,0,0.15
0517220100400700010103,Chigorodó,22218.0,0.05,208.0,1.0,6300.0,0.2,13882.0,0,0.15
0549010000000000010111,Necoclí,37760.0,0.05,635.0,0.8,38014.0,0.05,34154.0,0,0.15
0549010000000000010425,Necoclí,36790.0,0.05,325.0,0.8,37050.0,0.05,33169.0,0,0.15
0549020120600100010419,Necoclí,25809.0,0.05,446.0,0.8,26082.0,0.05,22165.0,0,0.15
0549020120101100010101,Necoclí,32581.0,0.05,403.0,0.8,32862.0,0.05,28935.0,0,0.15
0565920010200600010109,San Juan de Urabá,5812.0,0.05,5812.0,0.15,69233.0,0.05,69318.0,0,0.15
0566510000000000010119,San Pedro de Urabá,453.0,0.85,22.0,1.0,30074.0,0.05,39591.0,0,0.15
0566510000000000010433,San Pedro de Urabá,1082.0,0.5,608.0,0.8,29606.0,0.05,39194.0,0,0.15
0566510000000000010609,San Pedro de Urabá,65.0,1.0,80.0,1.0,29780.0,0.05,39260.0,0,0.15
0566510000000000010908,San Pedro de Urabá,837.0,0.7,359.0,0.8,30164.0,0.05,39719.0,0,0.15
0583720100700200020310,Turbo,9589.0,0.05,309.0,0.8,394.0,0.7,885.0,0,0.55
0583720090700100010110,Turbo,205.0,0.85,544.0,0.8,471.0,0.7,867.0,0,0.55
0583720090700100010303,Turbo,713.0,0.7,1004.0,0.6,554.0,0.7,356.0,0,0.55
0583720090700100010413,Turbo,660.0,0.7,901.0,0.6,679.0,0.7,303.0,0,0.55
0583720090700100010602,Turbo,429.0,0.85,339.0,0.8,141.0,0.9,790.0,0,0.55
0583720090700100020366,Turbo,781.0,0.7,778.0,0.6,650.0,0.7,1453.0,0,0.35
0583720090600300010201,Turbo,7576.0,0.05,214.0,1.0,323.0,0.7,3419.0,0,0.15
0583720030700600010115,Turbo,15342.0,0.05,289.0,1.0,15599.0,0.05,11734.0,0,0.15
0583720100400800010102,Turbo,4298.0,0.25,472.0,0.8,627.0,0.7,609.0,0,0.55
0583720070201200010119,Turbo,17957.0,0.05,109.0,1.0,12454.0,0.05,21149.0,0,0.15
0583720070202000010105,Turbo,18237.0,0.05,146.0,1.0,4980.0,0.2,14957.0,0,0.15
0583720090402400010124,Turbo,2827.0,0.25,1005.0,0.6,337.0,0.7,2463.0,0,0.35
0583720050603700010107,Turbo,13251.0,0.05,3744.0,0.15,16516.0,0.05,25713.0,0,0.15
0504520010301100010221,Apartadó,1654.0,0.5,563.0,0.8,186.0,0.9,372.0,0,0.55
0504520030101500010109,Apartadó,4852.0,0.25,513.0,0.8,465.0,0.7,1609.0,0,0.35
0505110000000000010141,Arboletes,205.0,0.85,401.0,0.8,85152.0,0.05,87887.0,0,0.15
0505110000000000010811,Arboletes,66.0,1.0,735.0,0.6,85002.0,0.05,87822.0,0,0.15
0505110000000000011025,Arboletes,526.0,0.7,716.0,0.6,84217.0,0.05,86860.0,0,0.15
0505110000000000011101,Arboletes,590.0,0.7,580.0,0.8,84263.0,0.05,86968.0,0,0.15
0514710000000000020103,Carepa,1086.0,0.5,368.0,0.8,948.0,0.7,1394.0,0,0.35
0514710000000000030307,Carepa,531.0,0.7,96.0,1.0,68.0,1.0,1214.0,0,0.35
0549020090501500010125,Necoclí,28502.0,0.05,132.0,1.0,38362.0,0.05,40465.0,0,0.15
0549010000000000010230,Necoclí,36885.0,0.05,190.0,1.0,37142.0,0.05,33272.0,0,0.15
0566510000000000010160,San Pedro de Urabá,394.0,0.85,58.0,1.0,30045.0,0.05,39557.0,0,0.15
0566520020300300010108,San Pedro de Urabá,29429.0,0.05,12079.0,0.05,58598.0,0.05,67449.0,0,0.15
0566520010100400010103,San Pedro de Urabá,31893.0,0.05,9176.0,0.05,59394.0,0.05,67520.0,0,0.15
0583720090700100020214,Turbo,456.0,0.85,223.0,1.0,199.0,0.9,970.0,0,0.55
0583720090700100020508,Turbo,660.0,0.7,353.0,0.8,28.0,1.0,764.0,0,0.55
0583720050200500010107,Turbo,9417.0,0.05,131.0,1.0,20161.0,0.05,29530.0,0,0.15
0583720080301000010101,Turbo,5800.0,0.05,251.0,1.0,3231.0,0.2,4244.0,0,0.15
0514710000000000010601,Carepa,884.0,0.7,118.0,1.0,579.0,0.7,1111.0,0,0.35
0514710000000000030241,Carepa,660.0,0.7,338.0,0.8,194.0,0.9,1472.0,0,0.35
0514710000000000030424,Carepa,307.0,0.85,528.0,0.8,241.0,0.9,2049.0,0,0.35
0514720010700700010111,Carepa,6251.0,0.05,2483.0,0.35,5064.0,0.2,676.0,0,0.55
0514720010700700010124,Carepa,6313.0,0.05,2536.0,0.35,5126.0,0.2,664.0,0,0.55
0514720011001000010112,Carepa,4454.0,0.25,845.0,0.6,535.0,0.7,1903.0,0,0.35
0514720011001000010128,Carepa,4317.0,0.25,706.0,0.6,506.0,0.7,1815.0,0,0.35
0514720011001000010132,Carepa,4311.0,0.25,654.0,0.8,355.0,0.7,1669.0,0,0.35
0514720011001000010135,Carepa,4277.0,0.25,694.0,0.8,572.0,0.7,1853.0,0,0.35
0517210000000000010111,Chigorodó,9572.0,0.05,275.0,1.0,915.0,0.7,1375.0,0,0.35
0517210000000000010321,Chigorodó,10226.0,0.05,179.0,1.0,1052.0,0.45,1733.0,0,0.35
0517210000000000020311,Chigorodó,9788.0,0.05,104.0,1.0,232.0,0.9,2097.0,0,0.35
0517210000000000040103,Chigorodó,9316.0,0.05,109.0,1.0,132.0,0.9,2011.0,0,0.35
0517210000000000050404,Chigorodó,9634.0,0.05,214.0,1.0,405.0,0.7,1372.0,0,0.35
0517210000000000050517,Chigorodó,9791.0,0.05,91.0,1.0,303.0,0.7,1756.0,0,0.35
0517210000000000060104,Chigorodó,9961.0,0.05,130.0,1.0,217.0,0.9,1834.0,0,0.35
0517210000000000060109,Chigorodó,10051.0,0.05,40.0,1.0,376.0,0.7,2072.0,0,0.35
0517210000000000060315,Chigorodó,10267.0,0.05,247.0,1.0,525.0,0.7,2225.0,0,0.35
0517210000000000060411,Chigorodó,10313.0,0.05,217.0,1.0,622.0,0.7,2324.0,0,0.35
0517210000000000060825,Chigorodó,10739.0,0.05,400.0,0.8,747.0,0.7,2505.0,0,0.35
0517210000000000061018,Chigorodó,10895.0,0.05,384.0,0.8,906.0,0.7,2522.0,0,0.35
0565910000000000010129,San Juan de Urabá,680.0,0.7,680.0,0.8,72847.0,0.05,73713.0,0,0.15
0566510000000000010664,San Pedro de Urabá,291.0,0.85,343.0,0.8,30064.0,0.05,39546.0,0,0.15
0566510000000000010863,San Pedro de Urabá,718.0,0.7,230.0,1.0,29761.0,0.05,39119.0,0,0.15
0549020040400900010117,Necoclí,28574.0,0.05,5821.0,0.15,49376.0,0.05,46905.0,0,0.15
0505110000000000010313,Arboletes,171.0,1.0,344.0,0.8,84640.0,0.05,87289.0,0,0.15
0549010000000000010704,Necoclí,38164.0,0.05,343.0,0.8,38424.0,0.05,34542.0,0,0.15
0549020120300300010136,Necoclí,33429.0,0.05,395.0,0.8,34576.0,0.05,33104.0,0,0.15
0583720090700100010406,Turbo,644.0,0.7,896.0,0.6,680.0,0.7,341.0,0,0.55
0583720100700200010115,Turbo,10194.0,0.05,208.0,1.0,160.0,0.9,1266.0,0,0.35
0583720100700200010410,Turbo,9753.0,0.05,168.0,1.0,431.0,0.7,865.0,0,0.55
0504520020500200010207,Apartadó,3559.0,0.25,155.0,1.0,2096.0,0.45,877.0,0,0.55
0504520010101400010102,Apartadó,11107.0,0.05,155.0,1.0,4024.0,0.2,999.0,0,0.55
0505110000000000010129,Arboletes,80.0,1.0,588.0,0.8,85140.0,0.05,87921.0,0,0.15
0505110000000000010332,Arboletes,366.0,0.85,356.0,0.8,84486.0,0.05,87186.0,0,0.15
0505120060400100010112,Arboletes,31175.0,0.05,15657.0,0.05,65538.0,0.05,73182.0,0,0.15
0505120030200800010109,Arboletes,17149.0,0.05,14170.0,0.05,57794.0,0.05,61174.0,0,0.15
0514710000000000010203,Carepa,1335.0,0.5,351.0,0.8,281.0,0.9,697.0,0,0.55
0514710000000000020403,Carepa,398.0,0.85,334.0,0.8,432.0,0.7,1494.0,0,0.35
0514710000000000020518,Carepa,204.0,0.85,397.0,0.8,259.0,0.9,1930.0,0,0.35
0514710000000000030531,Carepa,357.0,0.85,551.0,0.8,199.0,0.9,1826.0,0,0.35
0514710000000000030542,Carepa,324.0,0.85,572.0,0.8,229.0,0.9,2061.0,0,0.35
0514710000000000030640,Carepa,519.0,0.7,440.0,0.8,517.0,0.7,2233.0,0,0.35
0549020120600600010103,Necoclí,30430.0,0.05,420.0,0.8,30701.0,0.05,26789.0,0,0.15
0549020120600100010122,Necoclí,25508.0,0.05,637.0,0.8,25783.0,0.05,21863.0,0,0.15
0549020030300200010106,Necoclí,25403.0,0.05,15399.0,0.05,60116.0,0.05,56407.0,0,0.15
0549020050300500010215,Necoclí,32919.0,0.05,806.0,0.6,44349.0,0.05,41869.0,0,0.15
0549020120100700010103,Necoclí,35296.0,0.05,1516.0,0.35,35569.0,0.05,31653.0,0,0.15
0549020120301000010110,Necoclí,31587.0,0.05,17.0,1.0,34073.0,0.05,33523.0,0,0.15
0549020120801600010108,Necoclí,28073.0,0.05,391.0,0.8,28668.0,0.05,29158.0,0,0.15
0565920010300300010113,San Juan de Urabá,5825.0,0.05,5825.0,0.15,71180.0,0.05,71020.0,0,0.15
0565920010300300010135,San Juan de Urabá,5497.0,0.05,5497.0,0.15,71232.0,0.05,71142.0,0,0.15
0565920010100500010113,San Juan de Urabá,8306.0,0.05,8306.0,0.05,67595.0,0.05,67292.0,0,0.15
0566510000000000010415,San Pedro de Urabá,655.0,0.7,374.0,0.8,29508.0,0.05,39053.0,0,0.15
0583720090700100010108,Turbo,324.0,0.85,664.0,0.8,570.0,0.7,783.0,0,0.55
0583720090700100020123,Turbo,415.0,0.85,201.0,1.0,78.0,1.0,930.0,0,0.55
0583720090700100020340,Turbo,728.0,0.7,701.0,0.6,573.0,0.7,1371.0,0,0.35
0583720090700100020510,Turbo,547.0,0.7,209.0,1.0,64.0,1.0,777.0,0,0.55
0583720100700200010406,Turbo,9883.0,0.05,66.0,1.0,329.0,0.7,923.0,0,0.55
0583720100700200020401,Turbo,9645.0,0.05,167.0,1.0,234.0,0.9,901.0,0,0.55
0583720090600300010339,Turbo,6762.0,0.05,897.0,0.6,137.0,0.9,3509.0,0,0.15
0583720100400800010210,Turbo,4555.0,0.25,90.0,1.0,198.0,0.9,490.0,0,0.55
0583720100400800010310,Turbo,4333.0,0.25,209.0,1.0,309.0,0.7,730.0,0,0.55
0583720090602600010122,Turbo,4457.0,0.25,230.0,1.0,551.0,0.7,2269.0,0,0.35
0514710000000000010129,Carepa,770.0,0.7,208.0,1.0,115.0,0.9,1169.0,0,0.35
0514710000000000010326,Carepa,1062.0,0.5,213.0,1.0,51.0,1.0,718.0,0,0.55
0514710000000000020224,Carepa,1731.0,0.5,591.0,0.8,1716.0,0.45,2019.0,0,0.35
0514710000000000020524,Carepa,342.0,0.85,188.0,1.0,497.0,0.7,1790.0,0,0.35
0514710000000000020721,Carepa,712.0,0.7,213.0,1.0,845.0,0.7,2051.0,0,0.35
0514710000000000030212,Carepa,645.0,0.7,448.0,0.8,229.0,0.9,1610.0,0,0.35
0514710000000000030308,Carepa,393.0,0.85,212.0,1.0,234.0,0.9,1354.0,0,0.35
0514710000000000030310,Carepa,303.0,0.85,370.0,0.8,307.0,0.7,1496.0,0,0.35
0514710000000000030402,Carepa,138.0,1.0,400.0,0.8,106.0,0.9,1607.0,0,0.35
0514720011001000010106,Carepa,4498.0,0.25,862.0,0.6,459.0,0.7,1850.0,0,0.35
0517210000000000010109,Chigorodó,9850.0,0.05,197.0,1.0,959.0,0.7,1447.0,0,0.35
0517210000000000010126,Chigorodó,9912.0,0.05,89.0,1.0,1138.0,0.45,1280.0,0,0.35
0517210000000000010304,Chigorodó,9946.0,0.05,117.0,1.0,906.0,0.7,1589.0,0,0.35
0517210000000000020102,Chigorodó,9866.0,0.05,133.0,1.0,527.0,0.7,2088.0,0,0.35
0517210000000000020103,Chigorodó,9936.0,0.05,155.0,1.0,543.0,0.7,2114.0,0,0.35
0517210000000000020110,Chigorodó,9909.0,0.05,202.0,1.0,445.0,0.7,2208.0,0,0.35
0517210000000000020336,Chigorodó,10127.0,0.05,176.0,1.0,433.0,0.7,2201.0,0,0.35
0517210000000000020502,Chigorodó,10694.0,0.05,285.0,1.0,991.0,0.7,2722.0,0,0.35
0517210000000000020510,Chigorodó,10874.0,0.05,399.0,0.8,1097.0,0.45,2853.0,0,0.35
0517210000000000030115,Chigorodó,9503.0,0.05,218.0,1.0,295.0,0.9,2028.0,0,0.35
0517210000000000030208,Chigorodó,9523.0,0.05,230.0,1.0,178.0,0.9,2073.0,0,0.35
0517210000000000060216,Chigorodó,10321.0,0.05,73.0,1.0,311.0,0.7,2031.0,0,0.35
0517210000000000060614,Chigorodó,10501.0,0.05,103.0,1.0,502.0,0.7,2172.0,0,0.35
0517210000000000060714,Chigorodó,10672.0,0.05,295.0,1.0,659.0,0.7,2384.0,0,0.35
0565910000000000010513,San Juan de Urabá,68.0,1.0,68.0,1.0,73849.0,0.05,74941.0,0,0.15
0565910000000000010145,San Juan de Urabá,774.0,0.7,774.0,0.6,72801.0,0.05,73647.0,0,0.15
0565910000000000010411,San Juan de Urabá,255.0,0.85,255.0,1.0,73304.0,0.05,74373.0,0,0.15
0583720110201800010209,Turbo,14331.0,0.05,2973.0,0.35,12060.0,0.05,13288.0,0,0.15
0583720110201800010332,Turbo,14219.0,0.05,3118.0,0.15,12251.0,0.05,13116.0,0,0.15
0505120060400100010103,Arboletes,30880.0,0.05,15770.0,0.05,65591.0,0.05,73205.0,0,0.15
0504520020300900010211,Apartadó,5531.0,0.05,131.0,1.0,353.0,0.7,806.0,0,0.55
0504520010301100010212,Apartadó,1509.0,0.5,387.0,0.8,359.0,0.7,487.0,0,0.55
0504520010301100010230,Apartadó,1793.0,0.5,628.0,0.8,242.0,0.9,492.0,0,0.55
0505120030101100010113,Arboletes,14404.0,0.05,14404.0,0.05,63125.0,0.05,66765.0,0,0.15
0514710000000000010114,Carepa,667.0,0.7,85.0,1.0,46.0,1.0,1162.0,0,0.35
0514710000000000010305,Carepa,1080.0,0.5,105.0,1.0,116.0,0.9,796.0,0,0.55
0517220070300300010105,Chigorodó,20740.0,0.05,851.0,0.6,7204.0,0.2,8117.0,0,0.15
0549010000000000010203,Necoclí,36980.0,0.05,175.0,1.0,37235.0,0.05,33371.0,0,0.15
0549010000000000010818,Necoclí,38377.0,0.05,487.0,0.8,38636.0,0.05,34755.0,0,0.15
0549020120600100010112,Necoclí,25684.0,0.05,464.0,0.8,25958.0,0.05,22039.0,0,0.15
0549020120600100010118,Necoclí,25511.0,0.05,656.0,0.8,25785.0,0.05,21866.0,0,0.15
0549020030300200010225,Necoclí,25254.0,0.05,15349.0,0.05,60054.0,0.05,56367.0,0,0.15
0549020050300500010103,Necoclí,32676.0,0.05,1057.0,0.6,44619.0,0.05,42142.0,0,0.15
0549020120301300010104,Necoclí,34122.0,0.05,589.0,0.8,37601.0,0.05,36542.0,0,0.15
0566510000000000010401,San Pedro de Urabá,633.0,0.7,142.0,1.0,29782.0,0.05,39329.0,0,0.15
0566520040200800010103,San Pedro de Urabá,20132.0,0.05,1644.0,0.35,45870.0,0.05,53776.0,0,0.15
0583720090700100020222,Turbo,178.0,1.0,261.0,1.0,353.0,0.7,1072.0,0,0.35
0583720090700100020353,Turbo,820.0,0.7,707.0,0.6,420.0,0.7,1233.0,0,0.35
0583720090700100020365,Turbo,1059.0,0.5,953.0,0.6,581.0,0.7,1374.0,0,0.35
0583720090700100020507,Turbo,729.0,0.7,438.0,0.8,66.0,1.0,774.0,0,0.55
0583720100700200020516,Turbo,9208.0,0.05,605.0,0.8,144.0,0.9,532.0,0,0.55
0583720090600300010346,Turbo,6662.0,0.05,903.0,0.6,384.0,0.7,3060.0,0,0.15
0583720050200500010123,Turbo,9497.0,0.05,175.0,1.0,20112.0,0.05,29451.0,0,0.15
0583720090402400010107,Turbo,2757.0,0.25,1076.0,0.6,70.0,1.0,2448.0,0,0.35
0583720050603700010109,Turbo,13376.0,0.05,3857.0,0.15,16391.0,0.05,25587.0,0,0.15
0504520010101400010110,Apartadó,11068.0,0.05,44.0,1.0,3877.0,0.2,1006.0,0,0.35
0514710000000000020202,Carepa,1327.0,0.5,575.0,0.8,1272.0,0.45,1667.0,0,0.35
0514710000000000020713,Carepa,389.0,0.85,169.0,1.0,495.0,0.7,1984.0,0,0.35
0514710000000000030236,Carepa,454.0,0.85,391.0,0.8,128.0,0.9,1644.0,0,0.35
0549010000000000010404,Necoclí,36956.0,0.05,71.0,1.0,37214.0,0.05,33339.0,0,0.15
0549020030300200010212,Necoclí,25225.0,0.05,15281.0,0.05,59982.0,0.05,56303.0,0,0.15
0549020120100700010101,Necoclí,35285.0,0.05,1695.0,0.35,35556.0,0.05,31642.0,0,0.15
0565910000000000010416,San Juan de Urabá,335.0,0.85,335.0,0.8,73607.0,0.05,74679.0,0,0.15
0565920010100500010106,San Juan de Urabá,8205.0,0.05,8205.0,0.05,67763.0,0.05,67457.0,0,0.15
0565920010100500010109,San Juan de Urabá,8401.0,0.05,8401.0,0.05,67699.0,0.05,67350.0,0,0.15
0566510000000000010823,San Pedro de Urabá,440.0,0.85,208.0,1.0,29895.0,0.05,39301.0,0,0.15
0566520040200800010102,San Pedro de Urabá,20100.0,0.05,1587.0,0.35,45816.0,0.05,53717.0,0,0.15
0583720090700100010310,Turbo,194.0,1.0,496.0,0.8,353.0,0.7,727.0,0,0.55
0583720090700100010315,Turbo,535.0,0.7,816.0,0.6,619.0,0.7,471.0,0,0.55
0583720090700100020330,Turbo,1116.0,0.5,1005.0,0.6,612.0,0.7,1395.0,0,0.35
0583720100700200010521,Turbo,9785.0,0.05,165.0,1.0,97.0,1.0,1021.0,0,0.35
0583720100700200020111,Turbo,9783.0,0.05,454.0,0.8,278.0,0.9,853.0,0,0.55
0583720100700200020322,Turbo,9445.0,0.05,449.0,0.8,289.0,0.9,791.0,0,0.55
0583720240400900010101,Turbo,11894.0,0.05,92.0,1.0,12170.0,0.05,13128.0,0,0.15
0583720090103900010109,Turbo,4133.0,0.25,1484.0,0.6,4360.0,0.2,1758.0,0,0.35
0514710000000000010403,Carepa,992.0,0.7,101.0,1.0,93.0,1.0,825.0,0,0.55
0514710000000000020212,Carepa,1209.0,0.5,434.0,0.8,1218.0,0.45,1732.0,0,0.35
0514710000000000030215,Carepa,284.0,0.85,308.0,0.8,98.0,1.0,1581.0,0,0.35
0514710000000000030533,Carepa,161.0,1.0,573.0,0.8,73.0,1.0,1876.0,0,0.35
0514720010700700010104,Carepa,6114.0,0.05,2376.0,0.35,4929.0,0.2,737.0,0,0.55
0517210000000000010309,Chigorodó,10204.0,0.05,155.0,1.0,1038.0,0.45,1720.0,0,0.35
0517210000000000010408,Chigorodó,9552.0,0.05,167.0,1.0,703.0,0.7,1595.0,0,0.35
0517210000000000010508,Chigorodó,9932.0,0.05,182.0,1.0,752.0,0.7,1787.0,0,0.35
0517210000000000020413,Chigorodó,10484.0,0.05,498.0,0.8,864.0,0.7,2395.0,0,0.35
0517210000000000020414,Chigorodó,10525.0,0.05,488.0,0.8,898.0,0.7,2419.0,0,0.35
0517210000000000030110,Chigorodó,9396.0,0.05,221.0,1.0,420.0,0.7,1862.0,0,0.35
0517210000000000050103,Chigorodó,9417.0,0.05,188.0,1.0,163.0,0.9,1789.0,0,0.35
0517210000000000050503,Chigorodó,9651.0,0.05,84.0,1.0,294.0,0.9,1642.0,0,0.35
0517210000000000050507,Chigorodó,9716.0,0.05,154.0,1.0,319.0,0.7,1580.0,0,0.35
0517210000000000060521,Chigorodó,10555.0,0.05,192.0,1.0,627.0,0.7,2399.0,0,0.35
0565910000000000010114,San Juan de Urabá,76.0,1.0,76.0,1.0,72662.0,0.05,73672.0,0,0.15
0566510000000000010911,San Pedro de Urabá,672.0,0.7,246.0,1.0,30329.0,0.05,39849.0,0,0.15
0566510000000000011013,San Pedro de Urabá,1101.0,0.5,626.0,0.8,29737.0,0.05,39050.0,0,0.15
0583720110201800010113,Turbo,13896.0,0.05,3402.0,0.15,11695.0,0.05,12913.0,0,0.15
0514710000000000020111,Carepa,851.0,0.7,160.0,1.0,718.0,0.7,1344.0,0,0.35
0514710000000000030316,Carepa,507.0,0.7,94.0,1.0,119.0,0.9,1236.0,0,0.35
0549020030300200010109,Necoclí,25318.0,0.05,15418.0,0.05,60131.0,0.05,56431.0,0,0.15
0549020120801600010105,Necoclí,27852.0,0.05,634.0,0.8,28711.0,0.05,29335.0,0,0.15
0566510000000000011001,San Pedro de Urabá,1538.0,0.5,1105.0,0.6,29601.0,0.05,38863.0,0,0.15
0583720090700100020419,Turbo,832.0,0.7,542.0,0.8,29.0,1.0,747.0,0,0.55
0583720070201200010118,Turbo,17933.0,0.05,62.0,1.0,12435.0,0.05,21158.0,0,0.15
0514710000000000010713,Carepa,589.0,0.7,188.0,1.0,509.0,0.7,1377.0,0,0.35
0514710000000000010709,Carepa,727.0,0.7,66.0,1.0,649.0,0.7,1395.0,0,0.35
0514710000000000020508,Carepa,273.0,0.85,235.0,1.0,398.0,0.7,1879.0,0,0.35
0514710000000000020515,Carepa,78.0,1.0,483.0,0.8,177.0,0.9,1672.0,0,0.35
0514710000000000030107,Carepa,458.0,0.85,78.0,1.0,180.0,0.9,1325.0,0,0.35
0514710000000000030434,Carepa,117.0,1.0,539.0,0.8,53.0,1.0,1788.0,0,0.35
0514710000000000030515,Carepa,431.0,0.85,608.0,0.8,260.0,0.9,1878.0,0,0.35
0514710000000000030601,Carepa,277.0,0.85,363.0,0.8,323.0,0.7,1991.0,0,0.35
0514720010700700010132,Carepa,6110.0,0.05,2440.0,0.35,4936.0,0.2,865.0,0,0.55
0514720011001000010114,Carepa,4349.0,0.25,760.0,0.6,565.0,0.7,1885.0,0,0.35
0517210000000000010406,Chigorodó,9649.0,0.05,87.0,1.0,742.0,0.7,1589.0,0,0.35
0517210000000000010623,Chigorodó,10229.0,0.05,308.0,0.8,743.0,0.7,2147.0,0,0.35
0517210000000000020229,Chigorodó,10650.0,0.05,186.0,1.0,895.0,0.7,2636.0,0,0.35
0517210000000000050518,Chigorodó,9711.0,0.05,80.0,1.0,271.0,0.9,1702.0,0,0.35
0517210000000000060108,Chigorodó,10033.0,0.05,72.0,1.0,400.0,0.7,2000.0,0,0.35
0549020030200400010126,Necoclí,14696.0,0.05,14696.0,0.05,64253.0,0.05,62756.0,0,0.15
0565910000000000010119,San Juan de Urabá,565.0,0.7,565.0,0.8,72289.0,0.05,73237.0,0,0.15
0565910000000000010301,San Juan de Urabá,253.0,0.85,253.0,1.0,73210.0,0.05,74199.0,0,0.15
0565910000000000010702,San Juan de Urabá,656.0,0.7,656.0,0.8,72800.0,0.05,73969.0,0,0.15
0566510000000000010204,San Pedro de Urabá,200.0,0.85,234.0,1.0,29593.0,0.05,39089.0,0,0.15
0566510000000000020116,San Pedro de Urabá,571.0,0.7,475.0,0.8,29407.0,0.05,38937.0,0,0.15
0566510000000000030106,San Pedro de Urabá,473.0,0.85,354.0,0.8,29043.0,0.05,38475.0,0,0.15
0583720110201800010321,Turbo,14141.0,0.05,3171.0,0.15,12057.0,0.05,13082.0,0,0.15
0549010000000000010318,Necoclí,37122.0,0.05,214.0,1.0,37380.0,0.05,33506.0,0,0.15
0549020120600600010109,Necoclí,30438.0,0.05,259.0,1.0,30708.0,0.05,26799.0,0,0.15
0583720090700100010702,Turbo,927.0,0.7,842.0,0.6,409.0,0.7,409.0,0,0.55
0583720100400800010101,Turbo,4310.0,0.25,492.0,0.8,658.0,0.7,601.0,0,0.55
0505110000000000010127,Arboletes,159.0,1.0,581.0,0.8,85242.0,0.05,88006.0,0,0.15
0504520020500200010205,Apartadó,3578.0,0.25,101.0,1.0,2087.0,0.45,843.0,0,0.55
0504520020300900010108,Apartadó,5664.0,0.05,316.0,0.8,187.0,0.9,819.0,0,0.55
0504520020300900010124,Apartadó,5548.0,0.05,488.0,0.8,38.0,1.0,1022.0,0,0.35
0505110000000000010701,Arboletes,260.0,0.85,462.0,0.8,84825.0,0.05,87603.0,0,0.15
0505110000000000010917,Arboletes,195.0,1.0,828.0,0.6,85180.0,0.05,88004.0,0,0.15
0505110000000000011110,Arboletes,681.0,0.7,670.0,0.8,84174.0,0.05,86890.0,0,0.15
0505120050401400010113,Arboletes,23573.0,0.05,212.0,1.0,47715.0,0.05,55112.0,0,0.15
0514710000000000010518,Carepa,716.0,0.7,131.0,1.0,383.0,0.7,1133.0,0,0.35
0514710000000000020413,Carepa,528.0,0.7,234.0,1.0,618.0,0.7,1620.0,0,0.35
0549010000000000010109,Necoclí,36983.0,0.05,68.0,1.0,37238.0,0.05,33376.0,0,0.15
0549010000000000010320,Necoclí,37134.0,0.05,62.0,1.0,37391.0,0.05,33520.0,0,0.15
0549010000000000010331,Necoclí,37482.0,0.05,88.0,1.0,37739.0,0.05,33867.0,0,0.15
0549010000000000010333,Necoclí,37196.0,0.05,251.0,1.0,37455.0,0.05,33579.0,0,0.15
0549010000000000010433,Necoclí,36770.0,0.05,200.0,1.0,37028.0,0.05,33153.0,0,0.15
0549010000000000010710,Necoclí,38146.0,0.05,231.0,1.0,38406.0,0.05,34526.0,0,0.15
0549010000000000010917,Necoclí,38372.0,0.05,731.0,0.6,38634.0,0.05,34747.0,0,0.15
0549020120600100010418,Necoclí,25809.0,0.05,390.0,0.8,26082.0,0.05,22164.0,0,0.15
0549020030300200010101,Necoclí,25144.0,0.05,15854.0,0.05,60569.0,0.05,56863.0,0,0.15
0549020120300300010124,Necoclí,33003.0,0.05,189.0,1.0,34612.0,0.05,33391.0,0,0.15
0565920010100100010121,San Juan de Urabá,8936.0,0.05,8936.0,0.05,69984.0,0.05,69212.0,0,0.15
0566510000000000010314,San Pedro de Urabá,346.0,0.85,247.0,1.0,29480.0,0.05,38949.0,0,0.15
0566510000000000010432,San Pedro de Urabá,1178.0,0.5,726.0,0.6,29502.0,0.05,39097.0,0,0.15
0566510000000000010846,San Pedro de Urabá,653.0,0.7,280.0,1.0,30090.0,0.05,39486.0,0,0.15
0583720090700100010129,Turbo,489.0,0.85,828.0,0.6,576.0,0.7,696.0,0,0.55
0583720090700100010717,Turbo,1040.0,0.5,823.0,0.6,179.0,0.9,748.0,0,0.55
0583720100700200020323,Turbo,9379.0,0.05,440.0,0.8,144.0,0.9,673.0,0,0.55
0583720090600300010103,Turbo,7536.0,0.05,84.0,1.0,154.0,0.9,3233.0,0,0.15
0583720050200500010116,Turbo,9443.0,0.05,207.0,1.0,20116.0,0.05,29508.0,0,0.15
0583720100400800010305,Turbo,4521.0,0.25,51.0,1.0,109.0,0.9,483.0,0,0.55
0583720100400800010306,Turbo,4472.0,0.25,64.0,1.0,66.0,1.0,520.0,0,0.55
0583720090402400010117,Turbo,2653.0,0.25,919.0,0.6,195.0,0.9,2581.0,0,0.35
0583720220103600010101,Turbo,26745.0,0.05,4546.0,0.15,8343.0,0.05,18558.0,0,0.15
0505120030200900010114,Arboletes,15191.0,0.05,14712.0,0.05,58051.0,0.05,60381.0,0,0.15
0514710000000000010812,Carepa,799.0,0.7,141.0,1.0,215.0,0.9,946.0,0,0.55
0517220070300300010102,Chigorodó,20677.0,0.05,918.0,0.6,7178.0,0.2,8050.0,0,0.15
0549010000000000010715,Necoclí,37936.0,0.05,177.0,1.0,38196.0,0.05,34315.0,0,0.15
0549020030300200010222,Necoclí,25429.0,0.05,15090.0,0.05,59798.0,0.05,56106.0,0,0.15
0549020050300500010216,Necoclí,32875.0,0.05,869.0,0.6,44499.0,0.05,41971.0,0,0.15
0549020090200800010112,Necoclí,24203.0,0.05,7572.0,0.05,48788.0,0.05,49707.0,0,0.15
0549020040400900010106,Necoclí,28298.0,0.05,6103.0,0.05,49634.0,0.05,47192.0,0,0.15
0583720090700100010131,Turbo,640.0,0.7,978.0,0.6,615.0,0.7,512.0,0,0.55
0566510000000000010504,San Pedro de Urabá,225.0,0.85,167.0,1.0,29675.0,0.05,39121.0,0,0.15
0583720090700100010215,Turbo,625.0,0.7,928.0,0.6,607.0,0.7,438.0,0,0.55
0583720100400800010208,Turbo,4587.0,0.25,118.0,1.0,215.0,0.9,464.0,0,0.55
0583720070201200010113,Turbo,18016.0,0.05,71.0,1.0,12385.0,0.05,21085.0,0,0.15
0504520010301100010220,Apartadó,1577.0,0.5,471.0,0.8,275.0,0.9,425.0,0,0.55
0514710000000000030641,Carepa,554.0,0.7,481.0,0.8,540.0,0.7,2274.0,0,0.35
0504520020300900010103,Apartadó,5725.0,0.05,432.0,0.8,193.0,0.9,857.0,0,0.55
0505110000000000010909,Arboletes,155.0,1.0,803.0,0.6,85138.0,0.05,87961.0,0,0.15
0505110000000000011018,Arboletes,200.0,0.85,500.0,0.8,84539.0,0.05,87168.0,0,0.15
0505120040101000010102,Arboletes,22113.0,0.05,9503.0,0.05,55279.0,0.05,59966.0,0,0.15
0514710000000000020517,Carepa,167.0,1.0,394.0,0.8,245.0,0.9,1889.0,0,0.35
0514710000000000030432,Carepa,113.0,1.0,429.0,0.8,204.0,0.9,1844.0,0,0.35
0549010000000000010127,Necoclí,37495.0,0.05,222.0,1.0,37751.0,0.05,33882.0,0,0.15
0549010000000000010316,Necoclí,37232.0,0.05,105.0,1.0,37490.0,0.05,33618.0,0,0.15
0549020120600100010306,Necoclí,25822.0,0.05,770.0,0.6,26093.0,0.05,22181.0,0,0.15
0549020030300200010217,Necoclí,25189.0,0.05,15163.0,0.05,59856.0,0.05,56191.0,0,0.15
0549020090200800010120,Necoclí,24320.0,0.05,7442.0,0.05,48660.0,0.05,49601.0,0,0.15
0549020040400900010112,Necoclí,28442.0,0.05,5839.0,0.15,49333.0,0.05,46940.0,0,0.15
0549020090201200010105,Necoclí,24091.0,0.05,6331.0,0.05,48672.0,0.05,50205.0,0,0.15
0549020090201200010109,Necoclí,24190.0,0.05,6210.0,0.05,48569.0,0.05,50127.0,0,0.15
0549020120301300010102,Necoclí,34032.0,0.05,682.0,0.8,37618.0,0.05,36613.0,0,0.15
0566510000000000010547,San Pedro de Urabá,372.0,0.85,4.0,1.0,29888.0,0.05,39315.0,0,0.15
0566510000000000010565,San Pedro de Urabá,426.0,0.85,96.0,1.0,29936.0,0.05,39383.0,0,0.15
0566520040200800010107,San Pedro de Urabá,20048.0,0.05,1599.0,0.35,45776.0,0.05,53682.0,0,0.15
0583720090700100020518,Turbo,762.0,0.7,459.0,0.8,45.0,1.0,724.0,0,0.55
0583720100700200010119,Turbo,10527.0,0.05,478.0,0.8,489.0,0.7,1468.0,0,0.35
0583720100700200010509,Turbo,9910.0,0.05,142.0,1.0,159.0,0.9,1146.0,0,0.35
0583720050200500010119,Turbo,9312.0,0.05,324.0,0.8,20241.0,0.05,29641.0,0,0.15
0583720100400800010103,Turbo,4288.0,0.25,457.0,0.8,606.0,0.7,615.0,0,0.55
0583720100400800010423,Turbo,4179.0,0.25,358.0,0.8,450.0,0.7,694.0,0,0.55
0583720080301000010124,Turbo,5723.0,0.05,423.0,0.8,2755.0,0.45,3797.0,0,0.15
0583720070201200010114,Turbo,18077.0,0.05,87.0,1.0,12310.0,0.05,21017.0,0,0.15
0583720030802900010120,Turbo,9952.0,0.05,155.0,1.0,10209.0,0.05,6358.0,0,0.15
0583720090103900010105,Turbo,4210.0,0.25,1409.0,0.6,4407.0,0.2,1970.0,0,0.35
0514720011001000010102,Carepa,4521.0,0.25,874.0,0.6,427.0,0.7,1827.0,0,0.35
0514710000000000010133,Carepa,1091.0,0.5,432.0,0.8,304.0,0.7,1163.0,0,0.35
0514710000000000010135,Carepa,925.0,0.7,229.0,1.0,76.0,1.0,1107.0,0,0.35
0514710000000000010415,Carepa,946.0,0.7,124.0,1.0,65.0,1.0,803.0,0,0.55
0514710000000000010708,Carepa,752.0,0.7,90.0,1.0,651.0,0.7,1371.0,0,0.35
0514710000000000010720,Carepa,500.0,0.7,229.0,1.0,526.0,0.7,1467.0,0,0.35
0514710000000000020121,Carepa,1103.0,0.5,388.0,0.8,947.0,0.7,1364.0,0,0.35
0514710000000000020231,Carepa,1768.0,0.5,771.0,0.6,1809.0,0.45,2181.0,0,0.35
0514710000000000020241,Carepa,1336.0,0.5,481.0,0.8,1182.0,0.45,1503.0,0,0.35
0514710000000000020526,Carepa,361.0,0.85,149.0,1.0,508.0,0.7,1835.0,0,0.35
0514710000000000030313,Carepa,301.0,0.85,282.0,1.0,195.0,0.9,1442.0,0,0.35
0514710000000000030315,Carepa,555.0,0.7,148.0,1.0,240.0,0.9,1221.0,0,0.35
0514710000000000030538,Carepa,328.0,0.85,647.0,0.8,181.0,0.9,2039.0,0,0.35
0514710000000000030635,Carepa,601.0,0.7,315.0,0.8,658.0,0.7,2228.0,0,0.35
0514720010700700010103,Carepa,6143.0,0.05,2360.0,0.35,4952.0,0.2,645.0,0,0.55
0514720011001000010116,Carepa,4448.0,0.25,799.0,0.6,392.0,0.7,1774.0,0,0.35
0517210000000000010536,Chigorodó,10321.0,0.05,213.0,1.0,983.0,0.7,1937.0,0,0.35
0517210000000000010205,Chigorodó,10151.0,0.05,133.0,1.0,1082.0,0.45,1577.0,0,0.35
0517210000000000010312,Chigorodó,10004.0,0.05,83.0,1.0,867.0,0.7,1705.0,0,0.35
0517210000000000010317,Chigorodó,9821.0,0.05,122.0,1.0,788.0,0.7,1632.0,0,0.35
0517210000000000010409,Chigorodó,9621.0,0.05,81.0,1.0,661.0,0.7,1668.0,0,0.35
0517210000000000010620,Chigorodó,9775.0,0.05,70.0,1.0,571.0,0.7,1875.0,0,0.35
0517210000000000010708,Chigorodó,10391.0,0.05,326.0,0.8,1409.0,0.45,1442.0,0,0.35
0517210000000000020215,Chigorodó,10266.0,0.05,361.0,0.8,585.0,0.7,2391.0,0,0.35
0517210000000000020316,Chigorodó,9954.0,0.05,91.0,1.0,261.0,0.9,2070.0,0,0.35
0517210000000000030107,Chigorodó,9350.0,0.05,209.0,1.0,451.0,0.7,1821.0,0,0.35
0517210000000000050303,Chigorodó,9556.0,0.05,23.0,1.0,354.0,0.7,1545.0,0,0.35
0517210000000000060202,Chigorodó,10202.0,0.05,166.0,1.0,231.0,0.9,1887.0,0,0.35
0517210000000000060304,Chigorodó,10130.0,0.05,211.0,1.0,222.0,0.9,1965.0,0,0.35
0517210000000000060427,Chigorodó,10508.0,0.05,47.0,1.0,735.0,0.7,2471.0,0,0.35
0517210000000000060509,Chigorodó,10366.0,0.05,293.0,1.0,432.0,0.7,2201.0,0,0.35
0517210000000000060629,Chigorodó,10393.0,0.05,125.0,1.0,457.0,0.7,2025.0,0,0.35
0517210000000000060735,Chigorodó,10565.0,0.05,79.0,1.0,618.0,0.7,2184.0,0,0.35
0517210000000000060936,Chigorodó,11089.0,0.05,573.0,0.8,1196.0,0.45,2969.0,0,0.35
0565910000000000010123,San Juan de Urabá,733.0,0.7,733.0,0.6,72843.0,0.05,73698.0,0,0.15
0565910000000000010512,San Juan de Urabá,98.0,1.0,98.0,1.0,73872.0,0.05,74953.0,0,0.15
0565910000000000010606,San Juan de Urabá,728.0,0.7,728.0,0.6,72648.0,0.05,73819.0,0,0.15
0566510000000000030107,San Pedro de Urabá,473.0,0.85,313.0,0.8,29044.0,0.05,38481.0,0,0.15
0549020050300500010207,Necoclí,32877.0,0.05,847.0,0.6,44388.0,0.05,41912.0,0,0.15
0504520010101600010101,Apartadó,8717.0,0.05,1295.0,0.6,3759.0,0.2,233.0,0,0.55
0504520020500200010116,Apartadó,3668.0,0.25,366.0,0.8,2269.0,0.45,857.0,0,0.55
0504520020300300010103,Apartadó,4911.0,0.25,219.0,1.0,91.0,1.0,1098.0,0,0.35
0504520020300900010309,Apartadó,5488.0,0.05,668.0,0.8,213.0,0.9,1193.0,0,0.35
0505110000000000010513,Arboletes,120.0,1.0,500.0,0.8,84679.0,0.05,87284.0,0,0.15
0505110000000000010545,Arboletes,418.0,0.85,796.0,0.6,84479.0,0.05,87047.0,0,0.15
0505120030200900010118,Arboletes,15051.0,0.05,15051.0,0.05,58406.0,0.05,60885.0,0,0.15
0514710000000000020208,Carepa,1267.0,0.5,503.0,0.8,1244.0,0.45,1701.0,0,0.35
0514710000000000030611,Carepa,477.0,0.85,301.0,0.8,527.0,0.7,2141.0,0,0.35
0514720010601300010104,Carepa,4401.0,0.25,4401.0,0.15,689.0,0.7,142.0,0,0.75
0583720090700100020344,Turbo,830.0,0.7,748.0,0.6,497.0,0.7,1309.0,0,0.35
0549010000000000010407,Necoclí,36759.0,0.05,181.0,1.0,37018.0,0.05,33141.0,0,0.15
0549010000000000010434,Necoclí,36676.0,0.05,101.0,1.0,36935.0,0.05,33058.0,0,0.15
0549020120600100010406,Necoclí,25867.0,0.05,394.0,0.8,26140.0,0.05,22223.0,0,0.15
0566510000000000010409,San Pedro de Urabá,810.0,0.7,350.0,0.8,29662.0,0.05,39225.0,0,0.15
0566510000000000010869,San Pedro de Urabá,114.0,1.0,114.0,1.0,29468.0,0.05,38910.0,0,0.15
0583720090700100010322,Turbo,831.0,0.7,1113.0,0.6,487.0,0.7,236.0,0,0.55
0583720090700100010607,Turbo,597.0,0.7,445.0,0.8,156.0,0.9,756.0,0,0.55
0583720100700200010107,Turbo,10256.0,0.05,163.0,1.0,252.0,0.9,1222.0,0,0.35
0583720100700200010120,Turbo,10499.0,0.05,443.0,0.8,459.0,0.7,1473.0,0,0.35
0583720100700200010214,Turbo,10026.0,0.05,132.0,1.0,191.0,0.9,1062.0,0,0.35
0583720090600300010110,Turbo,7604.0,0.05,50.0,1.0,116.0,0.9,3304.0,0,0.15
0583720090600300010213,Turbo,7619.0,0.05,131.0,1.0,318.0,0.7,3495.0,0,0.15
0583720100400800010414,Turbo,4043.0,0.25,248.0,1.0,455.0,0.7,651.0,0,0.55
0583720100400800010416,Turbo,4203.0,0.25,327.0,0.8,398.0,0.7,748.0,0,0.55
0504520020300900010227,Apartadó,5538.0,0.05,107.0,1.0,384.0,0.7,788.0,0,0.55
0505120030101100010123,Arboletes,14006.0,0.05,14006.0,0.05,63356.0,0.05,66914.0,0,0.15
0505120050401400010104,Arboletes,23560.0,0.05,92.0,1.0,47768.0,0.05,55181.0,0,0.15
0549010000000000010114,Necoclí,37237.0,0.05,56.0,1.0,37493.0,0.05,33628.0,0,0.15
0549010000000000010908,Necoclí,38446.0,0.05,804.0,0.6,38708.0,0.05,34820.0,0,0.15
0549020120600100010230,Necoclí,25770.0,0.05,585.0,0.8,26042.0,0.05,22127.0,0,0.15
0549020120300300010113,Necoclí,32773.0,0.05,399.0,0.8,34520.0,0.05,33408.0,0,0.15
0549020120101100010104,Necoclí,32468.0,0.05,283.0,1.0,32750.0,0.05,28822.0,0,0.15
0565920010100500010105,San Juan de Urabá,8201.0,0.05,8201.0,0.05,67815.0,0.05,67501.0,0,0.15
0566510000000000010424,San Pedro de Urabá,1009.0,0.5,509.0,0.8,29713.0,0.05,39294.0,0,0.15
0566510000000000011009,San Pedro de Urabá,1216.0,0.5,677.0,0.8,29945.0,0.05,39251.0,0,0.15
0566520040200200010104,San Pedro de Urabá,15466.0,0.05,171.0,1.0,44190.0,0.05,53041.0,0,0.15
0583720090700100010223,Turbo,313.0,0.85,631.0,0.8,485.0,0.7,687.0,0,0.55
0583720090700100020112,Turbo,332.0,0.85,217.0,1.0,54.0,1.0,872.0,0,0.55
0583720090700100020361,Turbo,595.0,0.7,463.0,0.8,334.0,0.7,1114.0,0,0.35
0583720100700200010416,Turbo,9831.0,0.05,90.0,1.0,259.0,0.9,1042.0,0,0.35
0583720100700200020113,Turbo,9723.0,0.05,318.0,0.8,126.0,0.9,930.0,0,0.55
0583720090600300010101,Turbo,7438.0,0.05,179.0,1.0,127.0,0.9,3148.0,0,0.15
0583720100400800010207,Turbo,4613.0,0.25,145.0,1.0,236.0,0.9,447.0,0,0.55
0583720070201200010110,Turbo,17950.0,0.05,160.0,1.0,12342.0,0.05,21113.0,0,0.15
0583720090603100010107,Turbo,4443.0,0.25,1023.0,0.6,994.0,0.7,1277.0,0,0.35
0514710000000000010328,Carepa,1124.0,0.5,270.0,1.0,94.0,1.0,651.0,0,0.55
0514710000000000020522,Carepa,270.0,0.85,237.0,1.0,421.0,0.7,1797.0,0,0.35
0514710000000000020917,Carepa,1259.0,0.5,509.0,0.8,1385.0,0.45,2087.0,0,0.35
0514710000000000030110,Carepa,531.0,0.7,58.0,1.0,119.0,0.9,1312.0,0,0.35
0514720011001000010145,Carepa,4223.0,0.25,564.0,0.8,368.0,0.7,1613.0,0,0.35
0517210000000000010528,Chigorodó,10255.0,0.05,237.0,1.0,830.0,0.7,2061.0,0,0.35
0517210000000000010107,Chigorodó,9980.0,0.05,125.0,1.0,997.0,0.7,1503.0,0,0.35
0517210000000000010410,Chigorodó,9613.0,0.05,103.0,1.0,618.0,0.7,1713.0,0,0.35
0517210000000000010527,Chigorodó,10389.0,0.05,360.0,0.8,904.0,0.7,2137.0,0,0.35
0517210000000000020202,Chigorodó,9822.0,0.05,101.0,1.0,359.0,0.7,2211.0,0,0.35
0517210000000000020410,Chigorodó,10418.0,0.05,443.0,0.8,779.0,0.7,2433.0,0,0.35
0517210000000000020508,Chigorodó,10840.0,0.05,373.0,0.8,1075.0,0.45,2827.0,0,0.35
0517210000000000020513,Chigorodó,11002.0,0.05,540.0,0.8,1234.0,0.45,2864.0,0,0.35
0517210000000000050307,Chigorodó,9553.0,0.05,54.0,1.0,413.0,0.7,1502.0,0,0.35
0517210000000000050407,Chigorodó,9688.0,0.05,209.0,1.0,343.0,0.7,1436.0,0,0.35
0517210000000000050429,Chigorodó,9718.0,0.05,255.0,1.0,329.0,0.7,1443.0,0,0.35
0517210000000000060113,Chigorodó,10027.0,0.05,183.0,1.0,204.0,0.9,1885.0,0,0.35
0517210000000000060405,Chigorodó,10237.0,0.05,264.0,1.0,544.0,0.7,2296.0,0,0.35
0517210000000000060423,Chigorodó,10572.0,0.05,65.0,1.0,772.0,0.7,2519.0,0,0.35
0517210000000000060619,Chigorodó,10563.0,0.05,203.0,1.0,551.0,0.7,2289.0,0,0.35
0517210000000000061011,Chigorodó,10782.0,0.05,270.0,1.0,805.0,0.7,2404.0,0,0.35
0549020050300500010110,Necoclí,32608.0,0.05,1118.0,0.6,44624.0,0.05,42181.0,0,0.15
0565910000000000010307,San Juan de Urabá,147.0,1.0,147.0,1.0,73251.0,0.05,74290.0,0,0.15
0565910000000000010715,San Juan de Urabá,990.0,0.7,990.0,0.6,72829.0,0.05,74075.0,0,0.15
0566510000000000011014,San Pedro de Urabá,1251.0,0.5,798.0,0.6,29679.0,0.05,38974.0,0,0.15
0583720110201800010109,Turbo,14158.0,0.05,3141.0,0.15,11772.0,0.05,13175.0,0,0.15
0583720110201800010215,Turbo,14283.0,0.05,3033.0,0.15,12143.0,0.05,13214.0,0,0.15
0583720110201800010222,Turbo,14289.0,0.05,3019.0,0.15,11680.0,0.05,13341.0,0,0.15
0583720110201800010319,Turbo,13764.0,0.05,3542.0,0.15,11861.0,0.05,12727.0,0,0.15
0583720110201800010329,Turbo,14029.0,0.05,3301.0,0.15,12144.0,0.05,12938.0,0,0.15
0583720090700100020329,Turbo,1096.0,0.5,998.0,0.6,630.0,0.7,1421.0,0,0.35
0583720090600300010115,Turbo,7654.0,0.05,50.0,1.0,65.0,1.0,3337.0,0,0.15
0583720090402400010104,Turbo,3071.0,0.25,1262.0,0.6,290.0,0.9,2206.0,0,0.35
0583720090700100010512,Turbo,396.0,0.85,623.0,0.8,409.0,0.7,507.0,0,0.55
0504520020300900010122,Apartadó,5511.0,0.05,201.0,1.0,280.0,0.9,856.0,0,0.55
0504520020300900010221,Apartadó,5213.0,0.05,421.0,0.8,348.0,0.7,1101.0,0,0.35
0504520020300900010307,Apartadó,5537.0,0.05,570.0,0.8,116.0,0.9,1090.0,0,0.35
0504520020300900010316,Apartadó,5464.0,0.05,578.0,0.8,131.0,0.9,1134.0,0,0.35
0505110000000000010120,Arboletes,261.0,0.85,259.0,1.0,84916.0,0.05,87655.0,0,0.15
0505120030200900010119,Arboletes,15119.0,0.05,15019.0,0.05,58340.0,0.05,60826.0,0,0.15
0505120040101000010118,Arboletes,22284.0,0.05,9361.0,0.05,55207.0,0.05,59940.0,0,0.15
0505120030101100010111,Arboletes,14284.0,0.05,14284.0,0.05,63270.0,0.05,66897.0,0,0.15
0514710000000000010310,Carepa,1052.0,0.5,105.0,1.0,76.0,1.0,791.0,0,0.55
0514710000000000020608,Carepa,440.0,0.85,236.0,1.0,562.0,0.7,1710.0,0,0.35
0514710000000000020619,Carepa,401.0,0.85,122.0,1.0,549.0,0.7,1838.0,0,0.35
0514720010601300010107,Carepa,4395.0,0.25,4395.0,0.15,610.0,0.7,272.0,0,0.55
0583720090602600010116,Turbo,4599.0,0.25,207.0,1.0,459.0,0.7,2385.0,0,0.35
0549010000000000010105,Necoclí,36924.0,0.05,30.0,1.0,37179.0,0.05,33318.0,0,0.15
0549010000000000010107,Necoclí,36743.0,0.05,140.0,1.0,36998.0,0.05,33136.0,0,0.15
0549010000000000010206,Necoclí,36975.0,0.05,196.0,1.0,37231.0,0.05,33364.0,0,0.15
0549020090200800010106,Necoclí,24162.0,0.05,7423.0,0.05,48790.0,0.05,49781.0,0,0.15
0549020040400900010110,Necoclí,28326.0,0.05,5912.0,0.15,49371.0,0.05,47017.0,0,0.15
0549020120301400010105,Necoclí,34566.0,0.05,195.0,1.0,35996.0,0.05,34247.0,0,0.15
0566510000000000030105,San Pedro de Urabá,623.0,0.7,435.0,0.8,28903.0,0.05,38326.0,0,0.15
0565920010300300010101,San Juan de Urabá,5962.0,0.05,5962.0,0.15,71197.0,0.05,71005.0,0,0.15
0566510000000000010745,San Pedro de Urabá,583.0,0.7,283.0,1.0,29594.0,0.05,39134.0,0,0.15
0566510000000000010805,San Pedro de Urabá,418.0,0.85,217.0,1.0,29656.0,0.05,39045.0,0,0.15
0583720090700100010140,Turbo,473.0,0.85,812.0,0.6,660.0,0.7,642.0,0,0.55
0583720090700100010120,Turbo,542.0,0.7,874.0,0.6,674.0,0.7,540.0,0,0.55
0583720090700100020105,Turbo,108.0,1.0,250.0,1.0,192.0,0.9,896.0,0,0.55
0583720090700100020226,Turbo,251.0,0.85,121.0,1.0,243.0,0.9,1075.0,0,0.35
0583720090700100020336,Turbo,870.0,0.7,796.0,0.6,538.0,0.7,1351.0,0,0.35
0583720090700100020343,Turbo,734.0,0.7,651.0,0.8,456.0,0.7,1260.0,0,0.35
0583720100700200020109,Turbo,9786.0,0.05,332.0,0.8,181.0,0.9,973.0,0,0.55
0583720090600300010116,Turbo,7619.0,0.05,46.0,1.0,72.0,1.0,3265.0,0,0.15
0583720050200500010125,Turbo,9550.0,0.05,185.0,1.0,20062.0,0.05,29398.0,0,0.15
0583720070201200010111,Turbo,17972.0,0.05,73.0,1.0,12361.0,0.05,21105.0,0,0.15
0583720090302500010107,Turbo,2891.0,0.25,386.0,0.8,2757.0,0.45,3034.0,0,0.15
0583720030802900010103,Turbo,10377.0,0.05,164.0,1.0,10635.0,0.05,6780.0,0,0.15
0583720010203800010109,Turbo,4556.0,0.25,4266.0,0.15,26302.0,0.05,35361.0,0,0.15
0514710000000000010413,Carepa,775.0,0.7,71.0,1.0,60.0,1.0,991.0,0,0.55
0514710000000000020912,Carepa,1323.0,0.5,559.0,0.8,1444.0,0.45,2084.0,0,0.35
0514710000000000030502,Carepa,341.0,0.85,683.0,0.8,144.0,0.9,1957.0,0,0.35
0514710000000000030527,Carepa,492.0,0.85,720.0,0.6,300.0,0.7,1990.0,0,0.35
0514710000000000030545,Carepa,508.0,0.7,819.0,0.6,331.0,0.7,2176.0,0,0.35
0514710000000000030637,Carepa,623.0,0.7,353.0,0.8,669.0,0.7,2262.0,0,0.35
0514720010700700010116,Carepa,6392.0,0.05,2486.0,0.35,5193.0,0.2,501.0,0,0.55
0514720010700700010123,Carepa,6313.0,0.05,2455.0,0.35,5113.0,0.2,479.0,0,0.55
0514720011001000010118,Carepa,4415.0,0.25,759.0,0.6,350.0,0.7,1723.0,0,0.35
0514720011001000010129,Carepa,4316.0,0.25,695.0,0.8,476.0,0.7,1787.0,0,0.35
0517210000000000010618,Chigorodó,9855.0,0.05,96.0,1.0,633.0,0.7,1872.0,0,0.35
0517210000000000020428,Chigorodó,10478.0,0.05,491.0,0.8,922.0,0.7,2261.0,0,0.35
0517210000000000020432,Chigorodó,10727.0,0.05,527.0,0.8,1086.0,0.45,2508.0,0,0.35
0517210000000000020514,Chigorodó,11064.0,0.05,613.0,0.8,1308.0,0.45,2860.0,0,0.35
0517210000000000030118,Chigorodó,9261.0,0.05,341.0,0.8,620.0,0.7,1654.0,0,0.35
0517210000000000050207,Chigorodó,9513.0,0.05,127.0,1.0,239.0,0.9,1629.0,0,0.35
0517210000000000050305,Chigorodó,9410.0,0.05,172.0,1.0,523.0,0.7,1359.0,0,0.35
0517210000000000050325,Chigorodó,9633.0,0.05,47.0,1.0,409.0,0.7,1555.0,0,0.35
0517210000000000050402,Chigorodó,9589.0,0.05,147.0,1.0,433.0,0.7,1364.0,0,0.35
0517210000000000050529,Chigorodó,9840.0,0.05,234.0,1.0,192.0,0.9,1662.0,0,0.35
0517210000000000060305,Chigorodó,10156.0,0.05,227.0,1.0,242.0,0.9,1992.0,0,0.35
0517210000000000060620,Chigorodó,10550.0,0.05,160.0,1.0,538.0,0.7,2245.0,0,0.35
0565910000000000010146,San Juan de Urabá,415.0,0.85,415.0,0.8,72907.0,0.05,73833.0,0,0.15
0565910000000000010305,San Juan de Urabá,70.0,1.0,70.0,1.0,73119.0,0.05,74144.0,0,0.15
0565910000000000010617,San Juan de Urabá,697.0,0.7,697.0,0.8,72645.0,0.05,73806.0,0,0.15
0565910000000000010713,San Juan de Urabá,1357.0,0.5,1357.0,0.6,72596.0,0.05,73913.0,0,0.15
0583720110201800010219,Turbo,14283.0,0.05,3041.0,0.15,12200.0,0.05,13199.0,0,0.15
0514710000000000010731,Carepa,720.0,0.7,186.0,1.0,548.0,0.7,1284.0,0,0.35
0514710000000000010810,Carepa,805.0,0.7,79.0,1.0,176.0,0.9,939.0,0,0.55
0514710000000000010817,Carepa,724.0,0.7,131.0,1.0,205.0,0.9,1026.0,0,0.35
0514710000000000030106,Carepa,436.0,0.85,113.0,1.0,177.0,0.9,1333.0,0,0.35
0514710000000000030604,Carepa,483.0,0.85,202.0,1.0,569.0,0.7,2088.0,0,0.35
0514710000000000030613,Carepa,546.0,0.7,320.0,0.8,594.0,0.7,2199.0,0,0.35
0517210000000000010401,Chigorodó,9619.0,0.05,178.0,1.0,807.0,0.7,1504.0,0,0.35
0517210000000000020205,Chigorodó,10012.0,0.05,227.0,1.0,399.0,0.7,2276.0,0,0.35
0517210000000000020405,Chigorodó,10370.0,0.05,510.0,0.8,771.0,0.7,2335.0,0,0.35
0517210000000000060219,Chigorodó,10375.0,0.05,137.0,1.0,368.0,0.7,2128.0,0,0.35
0517210000000000060303,Chigorodó,10147.0,0.05,229.0,1.0,313.0,0.7,2029.0,0,0.35
0517210000000000060308,Chigorodó,10205.0,0.05,185.0,1.0,508.0,0.7,2180.0,0,0.35
0517210000000000060314,Chigorodó,10249.0,0.05,255.0,1.0,434.0,0.7,2158.0,0,0.35
0517210000000000061002,Chigorodó,10631.0,0.05,119.0,1.0,658.0,0.7,2262.0,0,0.35
0549020030200400010132,Necoclí,14582.0,0.05,14582.0,0.05,63659.0,0.05,62303.0,0,0.15
0566510000000000011020,San Pedro de Urabá,1107.0,0.5,718.0,0.6,29543.0,0.05,38854.0,0,0.15
0583720110201800010221,Turbo,14340.0,0.05,2997.0,0.35,12299.0,0.05,13235.0,0,0.15
0514710000000000020428,Carepa,347.0,0.85,281.0,1.0,463.0,0.7,1680.0,0,0.35
0517210000000000010608,Chigorodó,10163.0,0.05,271.0,1.0,710.0,0.7,2113.0,0,0.35
0517210000000000060815,Chigorodó,10666.0,0.05,164.0,1.0,865.0,0.7,2618.0,0,0.35
0565910000000000010117,San Juan de Urabá,255.0,0.85,255.0,1.0,72508.0,0.05,73501.0,0,0.15
0504520020500200010114,Apartadó,3763.0,0.25,358.0,0.8,2327.0,0.45,737.0,0,0.55
0504520020300300010105,Apartadó,5261.0,0.05,74.0,1.0,310.0,0.7,1150.0,0,0.35
0504520020300900010107,Apartadó,5726.0,0.05,130.0,1.0,412.0,0.7,629.0,0,0.55
0504520020300900010201,Apartadó,5810.0,0.05,472.0,0.8,817.0,0.7,532.0,0,0.55
0504520020300900010304,Apartadó,5527.0,0.05,753.0,0.6,300.0,0.9,1246.0,0,0.35
0505110000000000010308,Arboletes,205.0,0.85,289.0,1.0,84656.0,0.05,87315.0,0,0.15
0505110000000000010404,Arboletes,193.0,1.0,193.0,1.0,85266.0,0.05,87903.0,0,0.15
0505110000000000010808,Arboletes,123.0,1.0,728.0,0.6,84915.0,0.05,87738.0,0,0.15
0505110000000000010902,Arboletes,102.0,1.0,689.0,0.8,85114.0,0.05,87918.0,0,0.15
0505110000000000011022,Arboletes,343.0,0.85,570.0,0.8,84400.0,0.05,87038.0,0,0.15
0505120030200900010102,Arboletes,14927.0,0.05,14927.0,0.05,58385.0,0.05,60751.0,0,0.15
0505120030200900010109,Arboletes,15118.0,0.05,14830.0,0.05,58168.0,0.05,60527.0,0,0.15
0514710000000000030431,Carepa,133.0,1.0,448.0,0.8,189.0,0.9,1873.0,0,0.35
0514710000000000030623,Carepa,498.0,0.85,333.0,0.8,537.0,0.7,2173.0,0,0.35
0517220100400700010104,Chigorodó,22240.0,0.05,219.0,1.0,6278.0,0.2,13884.0,0,0.15
0549010000000000010103,Necoclí,37086.0,0.05,134.0,1.0,37340.0,0.05,33479.0,0,0.15
0549010000000000010328,Necoclí,37218.0,0.05,229.0,1.0,37476.0,0.05,33602.0,0,0.15
0549010000000000010711,Necoclí,38213.0,0.05,305.0,0.8,38473.0,0.05,34593.0,0,0.15
0549010000000000010723,Necoclí,37915.0,0.05,27.0,1.0,38174.0,0.05,34297.0,0,0.15
0549020120600100010134,Necoclí,25638.0,0.05,572.0,0.8,25912.0,0.05,21994.0,0,0.15
0549020120301000010101,Necoclí,31671.0,0.05,206.0,1.0,34262.0,0.05,33709.0,0,0.15
0549020090201200010103,Necoclí,24074.0,0.05,6319.0,0.05,48686.0,0.05,50233.0,0,0.15
0583720090600300010331,Turbo,7035.0,0.05,649.0,0.8,46.0,1.0,3619.0,0,0.15
0566510000000000010217,San Pedro de Urabá,232.0,0.85,293.0,1.0,29811.0,0.05,39319.0,0,0.15
0566510000000000010317,San Pedro de Urabá,453.0,0.85,212.0,1.0,29100.0,0.05,38552.0,0,0.15
0566510000000000010724,San Pedro de Urabá,393.0,0.85,210.0,1.0,29715.0,0.05,39239.0,0,0.15
0566510000000000010818,San Pedro de Urabá,392.0,0.85,126.0,1.0,29882.0,0.05,39296.0,0,0.15
0566510000000000010909,San Pedro de Urabá,628.0,0.7,135.0,1.0,29996.0,0.05,39537.0,0,0.15
0583720090700100010609,Turbo,574.0,0.7,484.0,0.8,233.0,0.9,685.0,0,0.55
0583720090700100010611,Turbo,659.0,0.7,603.0,0.8,351.0,0.7,563.0,0,0.55
0583720090700100020101,Turbo,33.0,1.0,372.0,0.8,321.0,0.7,895.0,0,0.55
0583720100700200010514,Turbo,9801.0,0.05,30.0,1.0,180.0,0.9,1042.0,0,0.35
0583720090600300010112,Turbo,7547.0,0.05,140.0,1.0,203.0,0.9,3298.0,0,0.15
0583720050200500010114,Turbo,9426.0,0.05,157.0,1.0,20142.0,0.05,29523.0,0,0.15
0583720030700600010114,Turbo,15394.0,0.05,129.0,1.0,15649.0,0.05,11796.0,0,0.15
0583720020101300010117,Turbo,15482.0,0.05,117.0,1.0,31142.0,0.05,38054.0,0,0.15
0583720020101300010207,Turbo,15219.0,0.05,253.0,1.0,31171.0,0.05,38143.0,0,0.15
0583720090602600010114,Turbo,4561.0,0.25,122.0,1.0,435.0,0.7,2278.0,0,0.35
0583720030802900010105,Turbo,10288.0,0.05,132.0,1.0,10544.0,0.05,6699.0,0,0.15
0583720030802900010111,Turbo,10127.0,0.05,47.0,1.0,10386.0,0.05,6526.0,0,0.15
0504520020300900010324,Apartadó,5511.0,0.05,822.0,0.6,368.0,0.7,1312.0,0,0.35
0504520010101400010104,Apartadó,10983.0,0.05,251.0,1.0,3644.0,0.2,1031.0,0,0.35
0504520020500200010104,Apartadó,3624.0,0.25,99.0,1.0,2102.0,0.45,787.0,0,0.55
0504520020300900010106,Apartadó,5705.0,0.05,205.0,1.0,311.0,0.7,705.0,0,0.55
0505110000000000010609,Arboletes,658.0,0.7,939.0,0.6,84377.0,0.05,87225.0,0,0.15
0549020040400900010132,Necoclí,29167.0,0.05,5312.0,0.15,48942.0,0.05,46365.0,0,0.15
0549020050401800010108,Necoclí,39959.0,0.05,891.0,0.6,41477.0,0.05,37549.0,0,0.15
0566510000000000010564,San Pedro de Urabá,473.0,0.85,4.0,1.0,29981.0,0.05,39418.0,0,0.15
0566510000000000010634,San Pedro de Urabá,97.0,1.0,178.0,1.0,29869.0,0.05,39353.0,0,0.15
0583720100700200020132,Turbo,10132.0,0.05,480.0,0.8,380.0,0.7,1009.0,0,0.35
0583720050200500010124,Turbo,9528.0,0.05,48.0,1.0,20048.0,0.05,29420.0,0,0.15
0583720100400800010304,Turbo,4513.0,0.25,40.0,1.0,160.0,0.9,514.0,0,0.55
0583720070202000010106,Turbo,18433.0,0.05,76.0,1.0,5108.0,0.2,15055.0,0,0.15
0514710000000000010501,Carepa,1105.0,0.5,261.0,1.0,353.0,0.7,750.0,0,0.55
0514710000000000010504,Carepa,980.0,0.7,136.0,1.0,312.0,0.7,845.0,0,0.55
0514710000000000010717,Carepa,665.0,0.7,58.0,1.0,644.0,0.7,1452.0,0,0.35
0514710000000000020905,Carepa,1372.0,0.5,598.0,0.8,1487.0,0.45,2075.0,0,0.35
0514710000000000030233,Carepa,569.0,0.7,426.0,0.8,179.0,0.9,1632.0,0,0.35
0514710000000000030420,Carepa,395.0,0.85,506.0,0.8,348.0,0.7,2137.0,0,0.35
0514710000000000030435,Carepa,198.0,1.0,554.0,0.8,36.0,1.0,1819.0,0,0.35
0514710000000000030437,Carepa,269.0,0.85,578.0,0.8,92.0,1.0,1852.0,0,0.35
0514710000000000030610,Carepa,419.0,0.85,332.0,0.8,458.0,0.7,2110.0,0,0.35
0514720011001000010137,Carepa,4206.0,0.25,535.0,0.8,291.0,0.9,1506.0,0,0.35
0514720011001000010143,Carepa,4495.0,0.25,839.0,0.6,371.0,0.7,1770.0,0,0.35
0517210000000000010301,Chigorodó,9752.0,0.05,148.0,1.0,852.0,0.7,1514.0,0,0.35
0517210000000000010414,Chigorodó,9574.0,0.05,145.0,1.0,585.0,0.7,1734.0,0,0.35
0517210000000000020505,Chigorodó,10770.0,0.05,348.0,0.8,1057.0,0.45,2751.0,0,0.35
0517210000000000030103,Chigorodó,9384.0,0.05,299.0,1.0,549.0,0.7,1724.0,0,0.35
0517210000000000050211,Chigorodó,9529.0,0.05,125.0,1.0,258.0,0.9,1612.0,0,0.35
0517210000000000050317,Chigorodó,9525.0,0.05,87.0,1.0,489.0,0.7,1352.0,0,0.35
0517210000000000050513,Chigorodó,9875.0,0.05,123.0,1.0,234.0,0.9,1751.0,0,0.35
0517210000000000060934,Chigorodó,11051.0,0.05,544.0,0.8,1202.0,0.45,2973.0,0,0.35
0517210000000000060507,Chigorodó,10402.0,0.05,129.0,1.0,585.0,0.7,2326.0,0,0.35
0517210000000000060935,Chigorodó,11107.0,0.05,619.0,0.8,1296.0,0.45,2959.0,0,0.35
0549020030200400010129,Necoclí,14560.0,0.05,14560.0,0.05,63739.0,0.05,62374.0,0,0.15
0565910000000000010140,San Juan de Urabá,579.0,0.7,579.0,0.8,72838.0,0.05,73726.0,0,0.15
0566510000000000020122,San Pedro de Urabá,634.0,0.7,586.0,0.8,29298.0,0.05,38827.0,0,0.15
0504520020300900010220,Apartadó,5259.0,0.05,466.0,0.8,227.0,0.9,1137.0,0,0.35
0504520010301100010105,Apartadó,1290.0,0.5,158.0,1.0,970.0,0.7,249.0,0,0.55
0504520010301100010108,Apartadó,1360.0,0.5,56.0,1.0,802.0,0.7,188.0,1,0.9
0504520010301100010213,Apartadó,1537.0,0.5,383.0,0.8,369.0,0.7,512.0,0,0.55
0504520010101600010117,Apartadó,8457.0,0.05,1029.0,0.6,3903.0,0.2,467.0,0,0.55
0505110000000000010319,Arboletes,385.0,0.85,374.0,0.8,84471.0,0.05,87180.0,0,0.15
0505110000000000010344,Arboletes,136.0,1.0,125.0,1.0,84718.0,0.05,87417.0,0,0.15
0505110000000000010604,Arboletes,473.0,0.85,581.0,0.8,84563.0,0.05,87354.0,0,0.15
0505110000000000010905,Arboletes,96.0,1.0,740.0,0.6,85102.0,0.05,87916.0,0,0.15
0505110000000000011041,Arboletes,546.0,0.7,791.0,0.6,84193.0,0.05,86818.0,0,0.15
0505120030200800010107,Arboletes,17107.0,0.05,14208.0,0.05,57900.0,0.05,61298.0,0,0.15
0514710000000000020716,Carepa,602.0,0.7,143.0,1.0,715.0,0.7,2088.0,0,0.35
0514710000000000030511,Carepa,200.0,0.85,617.0,0.8,44.0,1.0,1893.0,0,0.35
0514720010601300010106,Carepa,4374.0,0.25,4374.0,0.15,616.0,0.7,234.0,0,0.55
0517220100400700010112,Chigorodó,22246.0,0.05,287.0,1.0,6251.0,0.2,13876.0,0,0.15
0549020120600100010308,Necoclí,25860.0,0.05,902.0,0.6,26130.0,0.05,22221.0,0,0.15
0549010000000000010613,Necoclí,39180.0,0.05,602.0,0.8,39435.0,0.05,35571.0,0,0.15
0549020120600100010215,Necoclí,25802.0,0.05,689.0,0.8,26073.0,0.05,22160.0,0,0.15
0549020120300300010125,Necoclí,32736.0,0.05,366.0,0.8,34322.0,0.05,33183.0,0,0.15
0549020120801600010101,Necoclí,28056.0,0.05,457.0,0.8,28837.0,0.05,29358.0,0,0.15
0566510000000000010349,San Pedro de Urabá,633.0,0.7,27.0,1.0,28978.0,0.05,38446.0,0,0.15
0566510000000000010416,San Pedro de Urabá,756.0,0.7,449.0,0.8,29455.0,0.05,39009.0,0,0.15
0566510000000000010610,San Pedro de Urabá,32.0,1.0,147.0,1.0,29805.0,0.05,39292.0,0,0.15
0566510000000000010847,San Pedro de Urabá,428.0,0.85,177.0,1.0,29704.0,0.05,39094.0,0,0.15
0566510000000000010853,San Pedro de Urabá,840.0,0.7,462.0,0.8,30294.0,0.05,39688.0,0,0.15
0566520040200200010101,San Pedro de Urabá,15607.0,0.05,307.0,0.8,44323.0,0.05,53170.0,0,0.15
0583720090700100010513,Turbo,435.0,0.85,660.0,0.8,443.0,0.7,469.0,0,0.55
0583720090700100020403,Turbo,806.0,0.7,591.0,0.8,159.0,0.9,972.0,0,0.55
0583720090700100020422,Turbo,975.0,0.7,802.0,0.6,354.0,0.7,1140.0,0,0.35
0583720100700200010204,Turbo,10057.0,0.05,112.0,1.0,313.0,0.7,963.0,0,0.55
0583720100700200020507,Turbo,9366.0,0.05,487.0,0.8,197.0,0.9,694.0,0,0.55
0583720090600300010208,Turbo,7751.0,0.05,69.0,1.0,138.0,0.9,3472.0,0,0.15
0583720090600300010309,Turbo,7757.0,0.05,127.0,1.0,252.0,0.9,3721.0,0,0.15
0583720090600300010328,Turbo,7108.0,0.05,621.0,0.8,193.0,0.9,3772.0,0,0.15
0583720050200500010108,Turbo,9488.0,0.05,60.0,1.0,20092.0,0.05,29459.0,0,0.15
0583720100400800010316,Turbo,4357.0,0.25,125.0,1.0,165.0,0.9,645.0,0,0.55
0583720020101300010211,Turbo,15421.0,0.05,142.0,1.0,31105.0,0.05,38028.0,0,0.15
0583720030802900010106,Turbo,10316.0,0.05,103.0,1.0,10573.0,0.05,6717.0,0,0.15
0583720240204300010102,Turbo,24940.0,0.05,3712.0,0.15,24957.0,0.05,23642.0,0,0.15
0504520010101600010112,Apartadó,8614.0,0.05,1187.0,0.6,3846.0,0.2,311.0,0,0.55
0505110000000000010146,Arboletes,211.0,0.85,650.0,0.8,85295.0,0.05,88066.0,0,0.15
0505110000000000011122,Arboletes,868.0,0.7,857.0,0.6,83985.0,0.05,86697.0,0,0.15
0566510000000000010870,San Pedro de Urabá,364.0,0.85,233.0,1.0,29780.0,0.05,39184.0,0,0.15
0566520010100400010114,San Pedro de Urabá,31396.0,0.05,8603.0,0.05,58834.0,0.05,66946.0,0,0.15
0583720090700100020351,Turbo,952.0,0.7,835.0,0.6,481.0,0.7,1286.0,0,0.35
0583720050202800010106,Turbo,12488.0,0.05,73.0,1.0,20465.0,0.05,28593.0,0,0.15
0583720030802900010124,Turbo,9851.0,0.05,279.0,1.0,10112.0,0.05,6242.0,0,0.15
0514710000000000010314,Carepa,1236.0,0.5,409.0,0.8,237.0,0.9,516.0,0,0.55
0514710000000000010319,Carepa,1105.0,0.5,278.0,1.0,114.0,0.9,647.0,0,0.55
0514710000000000010728,Carepa,543.0,0.7,211.0,1.0,504.0,0.7,1412.0,0,0.35
0514710000000000020230,Carepa,1718.0,0.5,755.0,0.6,1759.0,0.45,2143.0,0,0.35
0514710000000000030544,Carepa,447.0,0.85,767.0,0.6,274.0,0.9,2125.0,0,0.35
0514720011001000010119,Carepa,4410.0,0.25,763.0,0.6,395.0,0.7,1761.0,0,0.35
0517210000000000010515,Chigorodó,10295.0,0.05,355.0,0.8,783.0,0.7,2182.0,0,0.35
0517210000000000020226,Chigorodó,10082.0,0.05,276.0,1.0,459.0,0.7,2330.0,0,0.35
0517210000000000060122,Chigorodó,10110.0,0.05,205.0,1.0,304.0,0.7,2000.0,0,0.35
0517210000000000060511,Chigorodó,10438.0,0.05,103.0,1.0,606.0,0.7,2353.0,0,0.35
0517210000000000060612,Chigorodó,10475.0,0.05,90.0,1.0,462.0,0.7,2179.0,0,0.35
0517210000000000060701,Chigorodó,10611.0,0.05,290.0,1.0,610.0,0.7,2365.0,0,0.35
0517210000000000060707,Chigorodó,10577.0,0.05,115.0,1.0,578.0,0.7,2241.0,0,0.35
0517210000000000060803,Chigorodó,10629.0,0.05,112.0,1.0,791.0,0.7,2550.0,0,0.35
0549020030200400010117,Necoclí,14553.0,0.05,14553.0,0.05,64207.0,0.05,62759.0,0,0.15
0549020030200400010131,Necoclí,14610.0,0.05,14610.0,0.05,63656.0,0.05,62292.0,0,0.15
0565910000000000010135,San Juan de Urabá,790.0,0.7,790.0,0.6,72887.0,0.05,73731.0,0,0.15
0583720110201800010326,Turbo,14217.0,0.05,3105.0,0.15,12167.0,0.05,13136.0,0,0.15
0504520030101500010107,Apartadó,4831.0,0.25,564.0,0.8,530.0,0.7,1666.0,0,0.35
0504520010101600010115,Apartadó,8558.0,0.05,1131.0,0.6,3925.0,0.2,368.0,0,0.55
0505110000000000010113,Arboletes,47.0,1.0,513.0,0.8,85044.0,0.05,87820.0,0,0.15
0505110000000000010114,Arboletes,59.0,1.0,451.0,0.8,85052.0,0.05,87815.0,0,0.15
0505110000000000010521,Arboletes,191.0,1.0,395.0,0.8,84867.0,0.05,87463.0,0,0.15
0505110000000000010534,Arboletes,136.0,1.0,479.0,0.8,84732.0,0.05,87330.0,0,0.15
0505110000000000010912,Arboletes,143.0,1.0,816.0,0.6,85030.0,0.05,87863.0,0,0.15
0505120040101000010119,Arboletes,22487.0,0.05,9125.0,0.05,54965.0,0.05,59716.0,0,0.15
0514710000000000020419,Carepa,339.0,0.85,394.0,0.8,372.0,0.7,1514.0,0,0.35
0514710000000000020717,Carepa,611.0,0.7,177.0,1.0,716.0,0.7,2123.0,0,0.35
0517220060601500010107,Chigorodó,11841.0,0.05,1332.0,0.6,1943.0,0.45,3445.0,0,0.15
0565920010100100010123,San Juan de Urabá,8998.0,0.05,8998.0,0.05,70015.0,0.05,69226.0,0,0.15
0583720100700200010212,Turbo,10000.0,0.05,115.0,1.0,253.0,0.9,998.0,0,0.55
0583720100700200010301,Turbo,10149.0,0.05,106.0,1.0,178.0,0.9,1159.0,0,0.35
0583720090700100010302,Turbo,791.0,0.7,1081.0,0.6,490.0,0.7,280.0,0,0.55
0583720090700100020103,Turbo,132.0,1.0,213.0,1.0,249.0,0.9,984.0,0,0.55
0583720090700100020404,Turbo,896.0,0.7,688.0,0.8,210.0,0.9,1008.0,0,0.35
0583720100700200020106,Turbo,9710.0,0.05,189.0,1.0,51.0,1.0,947.0,0,0.55
0583720100700200020117,Turbo,9429.0,0.05,370.0,0.8,240.0,0.9,663.0,0,0.55
0583720100700200020317,Turbo,9476.0,0.05,418.0,0.8,311.0,0.7,820.0,0,0.55
0583720100700200020511,Turbo,9288.0,0.05,568.0,0.8,205.0,0.9,642.0,0,0.55
0583720050200500010106,Turbo,9327.0,0.05,229.0,1.0,20244.0,0.05,29621.0,0,0.15
0583720100400800010118,Turbo,4210.0,0.25,375.0,0.8,483.0,0.7,671.0,0,0.55
0583720240400900010107,Turbo,11986.0,0.05,230.0,1.0,12267.0,0.05,13259.0,0,0.15
0583720090402400010122,Turbo,2734.0,0.25,908.0,0.6,343.0,0.7,2560.0,0,0.35
0583720090402400010123,Turbo,2822.0,0.25,988.0,0.6,363.0,0.7,2480.0,0,0.35
0583720050603700010110,Turbo,13335.0,0.05,3817.0,0.15,16411.0,0.05,25624.0,0,0.15
0504520010301100010211,Apartadó,1474.0,0.5,303.0,0.8,447.0,0.7,454.0,0,0.55
0505110000000000010805,Arboletes,65.0,1.0,670.0,0.8,84950.0,0.05,87762.0,0,0.15
0505110000000000010911,Arboletes,179.0,1.0,854.0,0.6,85073.0,0.05,87910.0,0,0.15
0505120060400100010106,Arboletes,30901.0,0.05,15710.0,0.05,65527.0,0.05,73140.0,0,0.15
0505120060400100010110,Arboletes,31103.0,0.05,15695.0,0.05,65563.0,0.05,73200.0,0,0.15
0549010000000000010411,Necoclí,36881.0,0.05,203.0,1.0,37138.0,0.05,33267.0,0,0.15
0549010000000000010430,Necoclí,36772.0,0.05,241.0,1.0,37029.0,0.05,33156.0,0,0.15
0549010000000000010812,Necoclí,38285.0,0.05,524.0,0.8,38545.0,0.05,34661.0,0,0.15
0549020120600100010304,Necoclí,25955.0,0.05,900.0,0.6,26225.0,0.05,22316.0,0,0.15
0549020090200800010103,Necoclí,23937.0,0.05,7283.0,0.05,48952.0,0.05,50070.0,0,0.15
0549020090200800010119,Necoclí,24348.0,0.05,7350.0,0.05,48617.0,0.05,49588.0,0,0.15
0565920020300400010104,San Juan de Urabá,13298.0,0.05,13298.0,0.05,59465.0,0.05,60648.0,0,0.15
0566510000000000010544,San Pedro de Urabá,374.0,0.85,57.0,1.0,29855.0,0.05,39305.0,0,0.15
0566510000000000011017,San Pedro de Urabá,1479.0,0.5,1075.0,0.6,29514.0,0.05,38783.0,0,0.15
0566520040200800010109,San Pedro de Urabá,19981.0,0.05,1558.0,0.35,45698.0,0.05,53604.0,0,0.15
0583720090700100010106,Turbo,478.0,0.85,812.0,0.6,681.0,0.7,608.0,0,0.55
0583720090700100010419,Turbo,873.0,0.7,1132.0,0.6,554.0,0.7,189.0,0,0.75
0583720090700100020109,Turbo,273.0,0.85,91.0,1.0,137.0,0.9,987.0,0,0.55
0583720090700100020224,Turbo,205.0,0.85,191.0,1.0,307.0,0.7,1070.0,0,0.35
0583720100700200020517,Turbo,9156.0,0.05,673.0,0.8,217.0,0.9,522.0,0,0.55
0583720100400800010115,Turbo,4225.0,0.25,387.0,0.8,500.0,0.7,660.0,0,0.55
0583720230401400010102,Turbo,29013.0,0.05,4699.0,0.15,12753.0,0.05,18002.0,0,0.15
0514710000000000010417,Carepa,754.0,0.7,30.0,1.0,108.0,0.9,998.0,0,0.55
0514710000000000010822,Carepa,899.0,0.7,154.0,1.0,171.0,0.9,855.0,0,0.55
0514710000000000020221,Carepa,1534.0,0.5,529.0,0.8,1498.0,0.45,1835.0,0,0.35
0514710000000000030213,Carepa,359.0,0.85,298.0,1.0,99.0,1.0,1572.0,0,0.35
0514710000000000030429,Carepa,175.0,1.0,450.0,0.8,203.0,0.9,1916.0,0,0.35
0517210000000000010127,Chigorodó,9958.0,0.05,145.0,1.0,1238.0,0.45,1195.0,0,0.35
0517210000000000010302,Chigorodó,9819.0,0.05,166.0,1.0,866.0,0.7,1538.0,0,0.35
0517210000000000010402,Chigorodó,9676.0,0.05,152.0,1.0,826.0,0.7,1506.0,0,0.35
0517210000000000010407,Chigorodó,9635.0,0.05,73.0,1.0,702.0,0.7,1629.0,0,0.35
0517210000000000050104,Chigorodó,9364.0,0.05,172.0,1.0,189.0,0.9,1735.0,0,0.35
0517210000000000050205,Chigorodó,9395.0,0.05,100.0,1.0,331.0,0.7,1555.0,0,0.35
0517210000000000050212,Chigorodó,9302.0,0.05,172.0,1.0,424.0,0.7,1480.0,0,0.35
0517210000000000050410,Chigorodó,9668.0,0.05,145.0,1.0,348.0,0.7,1454.0,0,0.35
0517210000000000050423,Chigorodó,9786.0,0.05,240.0,1.0,230.0,0.9,1559.0,0,0.35
0517210000000000060120,Chigorodó,10147.0,0.05,127.0,1.0,473.0,0.7,2137.0,0,0.35
0549020050300500010217,Necoclí,32868.0,0.05,867.0,0.6,44470.0,0.05,41960.0,0,0.15
0565910000000000010232,San Juan de Urabá,520.0,0.7,520.0,0.8,72379.0,0.05,73478.0,0,0.15
0566510000000000020121,San Pedro de Urabá,592.0,0.7,542.0,0.8,29344.0,0.05,38872.0,0,0.15
0583720110201800010117,Turbo,14109.0,0.05,3189.0,0.15,11819.0,0.05,13110.0,0,0.15
0517220070300300010111,Chigorodó,20893.0,0.05,681.0,0.8,7253.0,0.2,8293.0,0,0.15
0504520020500200010204,Apartadó,3525.0,0.25,73.0,1.0,2034.0,0.45,892.0,0,0.55
0504520020500200010117,Apartadó,3664.0,0.25,396.0,0.8,2280.0,0.45,879.0,0,0.55
0504520010301100010104,Apartadó,1222.0,0.5,188.0,1.0,1002.0,0.45,317.0,0,0.55
0504520010301100010214,Apartadó,1565.0,0.5,385.0,0.8,382.0,0.7,486.0,0,0.55
0504520010101600010104,Apartadó,8625.0,0.05,1211.0,0.6,3699.0,0.2,346.0,0,0.55
0505120020500300010121,Arboletes,22873.0,0.05,14385.0,0.05,61397.0,0.05,67079.0,0,0.15
0505120040101000010104,Arboletes,22162.0,0.05,9438.0,0.05,55201.0,0.05,59887.0,0,0.15
0505120030101100010106,Arboletes,14060.0,0.05,14060.0,0.05,63224.0,0.05,66778.0,0,0.15
0514710000000000020711,Carepa,388.0,0.85,126.0,1.0,512.0,0.7,1936.0,0,0.35
0514710000000000030556,Carepa,503.0,0.7,787.0,0.6,306.0,0.7,2061.0,0,0.35
0517220070300300010106,Chigorodó,20814.0,0.05,769.0,0.6,7227.0,0.2,8202.0,0,0.15
0549020090200800010115,Necoclí,24253.0,0.05,7395.0,0.05,48706.0,0.05,49684.0,0,0.15
0549010000000000010724,Necoclí,37838.0,0.05,168.0,1.0,38098.0,0.05,34218.0,0,0.15
0549010000000000010809,Necoclí,38323.0,0.05,619.0,0.8,38584.0,0.05,34698.0,0,0.15
0549020030300200010105,Necoclí,25241.0,0.05,15733.0,0.05,60450.0,0.05,56740.0,0,0.15
0549020090200800010107,Necoclí,24145.0,0.05,7469.0,0.05,48814.0,0.05,49790.0,0,0.15
0549020120301000010113,Necoclí,31377.0,0.05,224.0,1.0,33883.0,0.05,33408.0,0,0.15
0549020090501500010105,Necoclí,28634.0,0.05,423.0,0.8,38857.0,0.05,41018.0,0,0.15
0565910000000000010508,San Juan de Urabá,115.0,1.0,115.0,1.0,74007.0,0.05,75112.0,0,0.15
0565920010300300010111,San Juan de Urabá,5686.0,0.05,5686.0,0.15,71236.0,0.05,71103.0,0,0.15
0565920010300300010136,San Juan de Urabá,5539.0,0.05,5539.0,0.15,71213.0,0.05,71114.0,0,0.15
0565920010100500010102,San Juan de Urabá,8462.0,0.05,8462.0,0.05,67834.0,0.05,67445.0,0,0.15
0565920010200600010107,San Juan de Urabá,5769.0,0.05,5769.0,0.15,69184.0,0.05,69290.0,0,0.15
0566510000000000010159,San Pedro de Urabá,428.0,0.85,67.0,1.0,30112.0,0.05,39622.0,0,0.15
0566510000000000010208,San Pedro de Urabá,144.0,1.0,237.0,1.0,29703.0,0.05,39202.0,0,0.15
0566510000000000010408,San Pedro de Urabá,763.0,0.7,321.0,0.8,29649.0,0.05,39207.0,0,0.15
0566520010100400010102,San Pedro de Urabá,32017.0,0.05,9327.0,0.05,59539.0,0.05,67671.0,0,0.15
0566520040200800010116,San Pedro de Urabá,20000.0,0.05,1658.0,0.35,45761.0,0.05,53677.0,0,0.15
0583720090700100010705,Turbo,759.0,0.7,594.0,0.8,183.0,0.9,684.0,0,0.55
0583720090700100010713,Turbo,973.0,0.7,856.0,0.6,354.0,0.7,474.0,0,0.55
0583720090700100020107,Turbo,180.0,1.0,205.0,1.0,127.0,0.9,893.0,0,0.55
0583720090700100020307,Turbo,761.0,0.7,608.0,0.8,306.0,0.7,1115.0,0,0.35
0583720090700100020438,Turbo,1085.0,0.5,855.0,0.6,305.0,0.7,990.0,0,0.55
0583720100700200020104,Turbo,9832.0,0.05,260.0,1.0,182.0,0.9,1047.0,0,0.35
0583720030700600010108,Turbo,15464.0,0.05,140.0,1.0,15720.0,0.05,11860.0,0,0.15
0583720100400800010203,Turbo,4690.0,0.25,214.0,1.0,281.0,0.9,380.0,0,0.55
0583720100400800010410,Turbo,4006.0,0.25,171.0,1.0,563.0,0.7,543.0,0,0.55
0583720080301000010114,Turbo,5911.0,0.05,270.0,1.0,2867.0,0.45,3952.0,0,0.15
0583720070201200010116,Turbo,18024.0,0.05,165.0,1.0,12273.0,0.05,21039.0,0,0.15
0583720070202000010103,Turbo,18249.0,0.05,184.0,1.0,5037.0,0.2,15024.0,0,0.15
0505110000000000010140,Arboletes,235.0,0.85,357.0,0.8,85126.0,0.05,87856.0,0,0.15
0505120060600500010102,Arboletes,28961.0,0.05,5174.0,0.15,54882.0,0.05,62555.0,0,0.15
0505120030101100010105,Arboletes,14056.0,0.05,14056.0,0.05,63294.0,0.05,66858.0,0,0.15
0514710000000000030609,Carepa,358.0,0.85,386.0,0.8,375.0,0.7,2077.0,0,0.35
0517220060601500010109,Chigorodó,11928.0,0.05,1421.0,0.6,2034.0,0.45,3483.0,0,0.15
0549010000000000010219,Necoclí,36688.0,0.05,291.0,1.0,36945.0,0.05,33073.0,0,0.15
0549010000000000010605,Necoclí,40390.0,0.05,678.0,0.8,40644.0,0.05,36785.0,0,0.15
0549020120600100010126,Necoclí,25644.0,0.05,594.0,0.8,25917.0,0.05,22000.0,0,0.15
0565920010300300010118,San Juan de Urabá,5725.0,0.05,5725.0,0.15,71138.0,0.05,71004.0,0,0.15
0566510000000000010559,San Pedro de Urabá,513.0,0.7,186.0,1.0,30004.0,0.05,39416.0,0,0.15
0583720090700100010103,Turbo,746.0,0.7,1069.0,0.6,465.0,0.7,328.0,0,0.55
0583720090700100020338,Turbo,790.0,0.7,713.0,0.6,489.0,0.7,1299.0,0,0.35
0583720100700200020133,Turbo,10152.0,0.05,520.0,0.8,422.0,0.7,977.0,0,0.55
0583720090600300010322,Turbo,7712.0,0.05,129.0,1.0,151.0,0.9,3825.0,0,0.15
0583720090603100010106,Turbo,4462.0,0.25,1010.0,0.6,996.0,0.7,1297.0,0,0.35
0504520020300300010101,Apartadó,4436.0,0.25,135.0,1.0,103.0,0.9,1105.0,0,0.35
0504520020300900010214,Apartadó,5599.0,0.05,102.0,1.0,352.0,0.7,748.0,0,0.55
0505110000000000010311,Arboletes,124.0,1.0,252.0,1.0,84739.0,0.05,87395.0,0,0.15
0505110000000000010411,Arboletes,123.0,1.0,192.0,1.0,84943.0,0.05,87572.0,0,0.15
0505110000000000011123,Arboletes,841.0,0.7,842.0,0.6,84000.0,0.05,86707.0,0,0.15
0505120050401400010101,Arboletes,23578.0,0.05,150.0,1.0,47754.0,0.05,55159.0,0,0.15
0514710000000000020607,Carepa,475.0,0.85,245.0,1.0,593.0,0.7,1707.0,0,0.35
0514720010601300010105,Carepa,4377.0,0.25,4377.0,0.15,652.0,0.7,178.0,0,0.75
0549020120600100010405,Necoclí,25861.0,0.05,434.0,0.8,26134.0,0.05,22218.0,0,0.15
0549010000000000010722,Necoclí,37900.0,0.05,43.0,1.0,38159.0,0.05,34281.0,0,0.15
0549020030300200010210,Necoclí,24880.0,0.05,15285.0,0.05,59955.0,0.05,56321.0,0,0.15
0549020120300300010103,Necoclí,33054.0,0.05,92.0,1.0,34578.0,0.05,33321.0,0,0.15
0565910000000000010415,San Juan de Urabá,340.0,0.85,340.0,0.8,73632.0,0.05,74694.0,0,0.15
0565920010300300010108,San Juan de Urabá,5630.0,0.05,5630.0,0.15,71335.0,0.05,71207.0,0,0.15
0565920020300400010101,San Juan de Urabá,13321.0,0.05,13321.0,0.05,59449.0,0.05,60607.0,0,0.15
0565920010100500010104,San Juan de Urabá,8282.0,0.05,8282.0,0.05,67760.0,0.05,67433.0,0,0.15
0565920010200600010110,San Juan de Urabá,5832.0,0.05,5832.0,0.15,69254.0,0.05,69329.0,0,0.15
0566510000000000010661,San Pedro de Urabá,367.0,0.85,254.0,1.0,30090.0,0.05,39557.0,0,0.15
0566510000000000010852,San Pedro de Urabá,775.0,0.7,415.0,0.8,30234.0,0.05,39630.0,0,0.15
0566520040200800010110,San Pedro de Urabá,19957.0,0.05,1612.0,0.35,45702.0,0.05,53615.0,0,0.15
0583720090700100010307,Turbo,356.0,0.85,657.0,0.8,488.0,0.7,617.0,0,0.55
0583720090700100020111,Turbo,338.0,0.85,161.0,1.0,91.0,1.0,932.0,0,0.55
0583720090700100020209,Turbo,490.0,0.85,341.0,0.8,279.0,0.9,1071.0,0,0.35
0583720100700200020306,Turbo,9641.0,0.05,251.0,1.0,347.0,0.7,928.0,0,0.55
0583720100700200020513,Turbo,9244.0,0.05,585.0,0.8,162.0,0.9,580.0,0,0.55
0583720050202800010104,Turbo,12664.0,0.05,143.0,1.0,20407.0,0.05,28494.0,0,0.15
0583720090103900010101,Turbo,4280.0,0.25,1718.0,0.35,4532.0,0.2,1673.0,0,0.35
0549020120600100010207,Necoclí,25780.0,0.05,618.0,0.8,26052.0,0.05,22138.0,0,0.15
0549020120600100010209,Necoclí,25654.0,0.05,615.0,0.8,25926.0,0.05,22010.0,0,0.15
0504520020500200010212,Apartadó,3573.0,0.25,252.0,1.0,2147.0,0.45,898.0,0,0.55
0504520020300900010123,Apartadó,5585.0,0.05,487.0,0.8,63.0,1.0,999.0,0,0.55
0504520020300900010128,Apartadó,5785.0,0.05,469.0,0.8,251.0,0.9,838.0,0,0.55
0504520010101600010102,Apartadó,8739.0,0.05,1322.0,0.6,3709.0,0.2,243.0,1,0.9
0505110000000000010232,Arboletes,28.0,1.0,35.0,1.0,84875.0,0.05,87572.0,0,0.15
0505110000000000010540,Arboletes,698.0,0.7,1082.0,0.6,84219.0,0.05,86766.0,0,0.15
0505110000000000011004,Arboletes,90.0,1.0,365.0,0.8,84701.0,0.05,87339.0,0,0.15
0505110000000000011024,Arboletes,413.0,0.85,650.0,0.8,84326.0,0.05,86959.0,0,0.15
0505110000000000011120,Arboletes,883.0,0.7,873.0,0.6,83973.0,0.05,86697.0,0,0.15
0505120030200900010111,Arboletes,15175.0,0.05,14767.0,0.05,58104.0,0.05,60463.0,0,0.15
0514710000000000010134,Carepa,1085.0,0.5,475.0,0.8,341.0,0.7,1166.0,0,0.35
0514710000000000020727,Carepa,685.0,0.7,233.0,1.0,790.0,0.7,2173.0,0,0.35
0583720100700200010314,Turbo,9985.0,0.05,187.0,1.0,83.0,1.0,1169.0,0,0.35
0583720090600300010210,Turbo,7829.0,0.05,81.0,1.0,133.0,0.9,3499.0,0,0.15
0583720020101300010205,Turbo,15357.0,0.05,133.0,1.0,31271.0,0.05,38218.0,0,0.15
0583720010203800010108,Turbo,4590.0,0.25,4281.0,0.15,26300.0,0.05,35352.0,0,0.15
0583720090103900010104,Turbo,4293.0,0.25,1440.0,0.6,4481.0,0.2,2062.0,0,0.35
0514710000000000020913,Carepa,1279.0,0.5,513.0,0.8,1398.0,0.45,2048.0,0,0.35
0514720011001000010133,Carepa,4271.0,0.25,616.0,0.8,367.0,0.7,1653.0,0,0.35
0514710000000000020245,Carepa,1201.0,0.5,443.0,0.8,1180.0,0.45,1667.0,0,0.35
0514710000000000010315,Carepa,1203.0,0.5,383.0,0.8,203.0,0.9,543.0,0,0.55
0514710000000000010411,Carepa,952.0,0.7,120.0,1.0,89.0,1.0,805.0,0,0.55
0514710000000000010520,Carepa,766.0,0.7,123.0,1.0,487.0,0.7,1165.0,0,0.35
0514710000000000010610,Carepa,982.0,0.7,219.0,1.0,674.0,0.7,1137.0,0,0.35
0514710000000000020223,Carepa,1485.0,0.5,567.0,0.8,1460.0,0.45,1829.0,0,0.35
0514710000000000020424,Carepa,322.0,0.85,344.0,0.8,415.0,0.7,1625.0,0,0.35
0514710000000000030201,Carepa,590.0,0.7,269.0,1.0,110.0,0.9,1448.0,0,0.35
0514720010700700010107,Carepa,6229.0,0.05,2405.0,0.35,5033.0,0.2,554.0,0,0.55
0514720010700700010120,Carepa,6276.0,0.05,2378.0,0.35,5069.0,0.2,382.0,0,0.55
0514720011001000010134,Carepa,4277.0,0.25,631.0,0.8,404.0,0.7,1693.0,0,0.35
0517210000000000010506,Chigorodó,9860.0,0.05,133.0,1.0,717.0,0.7,1758.0,0,0.35
0517210000000000020328,Chigorodó,9791.0,0.05,143.0,1.0,111.0,0.9,1912.0,0,0.35
0517210000000000020331,Chigorodó,9931.0,0.05,95.0,1.0,246.0,0.9,1821.0,0,0.35
0517210000000000040104,Chigorodó,9279.0,0.05,92.0,1.0,128.0,0.9,1995.0,0,0.35
0517210000000000060201,Chigorodó,10064.0,0.05,92.0,1.0,95.0,1.0,1855.0,0,0.35
0549020030200400010103,Necoclí,14435.0,0.05,14435.0,0.05,64489.0,0.05,63025.0,0,0.15
0549020030200400010112,Necoclí,14462.0,0.05,14462.0,0.05,64296.0,0.05,62857.0,0,0.15
0565910000000000010127,San Juan de Urabá,849.0,0.7,849.0,0.6,71984.0,0.05,72929.0,0,0.15
0566510000000000020120,San Pedro de Urabá,613.0,0.7,610.0,0.8,29284.0,0.05,38809.0,0,0.15
0504520020300900010312,Apartadó,5472.0,0.05,822.0,0.6,367.0,0.7,1329.0,0,0.35
0504520010301100010219,Apartadó,1599.0,0.5,468.0,0.8,286.0,0.9,455.0,0,0.55
0505110000000000010530,Arboletes,710.0,0.7,1047.0,0.6,84470.0,0.05,86980.0,0,0.15
0514710000000000010707,Carepa,719.0,0.7,104.0,1.0,613.0,0.7,1360.0,0,0.35
0514710000000000010128,Carepa,811.0,0.7,270.0,1.0,158.0,0.9,1194.0,0,0.35
0514710000000000030618,Carepa,524.0,0.7,373.0,0.8,550.0,0.7,2210.0,0,0.35
0517220070300300010104,Chigorodó,20720.0,0.05,862.0,0.6,7167.0,0.2,8118.0,0,0.15
0517220100400700010114,Chigorodó,22578.0,0.05,262.0,1.0,6572.0,0.2,14207.0,0,0.15
0549010000000000010701,Necoclí,38244.0,0.05,339.0,0.8,38504.0,0.05,34624.0,0,0.15
0549020120600100010421,Necoclí,25916.0,0.05,229.0,1.0,26191.0,0.05,22271.0,0,0.15
0549020120300300010140,Necoclí,32857.0,0.05,105.0,1.0,34051.0,0.05,32777.0,0,0.15
0549020120100700010105,Necoclí,35208.0,0.05,1643.0,0.35,35480.0,0.05,31566.0,0,0.15
0549020090501500010120,Necoclí,28540.0,0.05,29.0,1.0,38504.0,0.05,40623.0,0,0.15
0566510000000000010115,San Pedro de Urabá,492.0,0.85,108.0,1.0,30035.0,0.05,39560.0,0,0.15
0566510000000000010205,San Pedro de Urabá,113.0,1.0,176.0,1.0,29678.0,0.05,39171.0,0,0.15
0566510000000000010657,San Pedro de Urabá,364.0,0.85,366.0,0.8,30133.0,0.05,39612.0,0,0.15
0566510000000000010801,San Pedro de Urabá,502.0,0.7,169.0,1.0,29911.0,0.05,39308.0,0,0.15
0566520020300300010105,San Pedro de Urabá,29460.0,0.05,12053.0,0.05,58620.0,0.05,67467.0,0,0.15
0583720090700100010225,Turbo,808.0,0.7,1105.0,0.6,452.0,0.7,270.0,0,0.55
0583720090700100020210,Turbo,510.0,0.7,325.0,0.8,229.0,0.9,1021.0,0,0.35
0583720090700100020221,Turbo,594.0,0.7,320.0,0.8,74.0,1.0,866.0,0,0.55
0583720090700100020372,Turbo,829.0,0.7,734.0,0.6,466.0,0.7,1279.0,0,0.35
0583720090700100020423,Turbo,1033.0,0.5,854.0,0.6,379.0,0.7,1145.0,0,0.35
0583720100700200020403,Turbo,9543.0,0.05,266.0,1.0,268.0,0.9,809.0,0,0.55
0583720090600300010120,Turbo,7699.0,0.05,109.0,1.0,62.0,1.0,3320.0,0,0.15
0583720030700600010105,Turbo,15660.0,0.05,169.0,1.0,15913.0,0.05,12066.0,0,0.15
0583720090402400010101,Turbo,2937.0,0.25,1205.0,0.6,242.0,0.9,2284.0,0,0.35
0583720090602600010108,Turbo,4637.0,0.25,27.0,1.0,337.0,0.7,2254.0,0,0.35
0583720030803200010109,Turbo,11973.0,0.05,211.0,1.0,12238.0,0.05,8346.0,0,0.15
0583720010203800010102,Turbo,3298.0,0.25,2927.0,0.35,27534.0,0.05,36668.0,0,0.15
0505110000000000010331,Arboletes,367.0,0.85,358.0,0.8,84485.0,0.05,87182.0,0,0.15
0504520030101500010124,Apartadó,5027.0,0.05,553.0,0.8,528.0,0.7,1707.0,0,0.35
0504520010101400010115,Apartadó,11219.0,0.05,221.0,1.0,4115.0,0.2,1101.0,0,0.35
0505110000000000011106,Arboletes,641.0,0.7,630.0,0.8,84234.0,0.05,86969.0,0,0.15
0505120030101100010137,Arboletes,14643.0,0.05,14643.0,0.05,62521.0,0.05,66137.0,0,0.15
0514710000000000010715,Carepa,604.0,0.7,143.0,1.0,559.0,0.7,1414.0,0,0.35
0549010000000000010428,Necoclí,36777.0,0.05,295.0,1.0,37034.0,0.05,33164.0,0,0.15
0549020120600100010314,Necoclí,25774.0,0.05,999.0,0.6,26043.0,0.05,22135.0,0,0.15
0549010000000000010123,Necoclí,37618.0,0.05,356.0,0.8,37873.0,0.05,34007.0,0,0.15
0549020030300200010220,Necoclí,25317.0,0.05,15105.0,0.05,59806.0,0.05,56128.0,0,0.15
0565910000000000010219,San Juan de Urabá,328.0,0.85,328.0,0.8,73049.0,0.05,74023.0,0,0.15
0566510000000000010426,San Pedro de Urabá,921.0,0.7,474.0,0.8,29590.0,0.05,39163.0,0,0.15
0583720090700100010222,Turbo,470.0,0.85,786.0,0.6,623.0,0.7,587.0,0,0.55
0583720090600300010207,Turbo,7689.0,0.05,142.0,1.0,191.0,0.9,3453.0,0,0.15
0583720090600300010217,Turbo,7797.0,0.05,81.0,1.0,86.0,1.0,3556.0,0,0.15
0583720090600300010316,Turbo,7671.0,0.05,92.0,1.0,193.0,0.9,3786.0,0,0.15
0583720090600300010320,Turbo,7621.0,0.05,172.0,1.0,240.0,0.9,3699.0,0,0.15
0583720020101300010104,Turbo,15645.0,0.05,179.0,1.0,31371.0,0.05,38259.0,0,0.15
0583720090302300010111,Turbo,2395.0,0.25,445.0,0.8,772.0,0.7,3046.0,0,0.15
0583720090102700010102,Turbo,4617.0,0.25,255.0,1.0,3630.0,0.2,4052.0,0,0.15
0514710000000000010711,Carepa,612.0,0.7,254.0,1.0,442.0,0.7,1295.0,0,0.35
0514710000000000010732,Carepa,769.0,0.7,121.0,1.0,643.0,0.7,1341.0,0,0.35
0514710000000000030506,Carepa,278.0,0.85,657.0,0.8,83.0,1.0,1927.0,0,0.35
0514710000000000030517,Carepa,289.0,0.85,609.0,0.8,100.0,1.0,1883.0,0,0.35
0514710000000000030532,Carepa,444.0,0.85,563.0,0.8,291.0,0.9,1827.0,0,0.35
0514720010700700010106,Carepa,6180.0,0.05,2401.0,0.35,4990.0,0.2,651.0,0,0.55
0517210000000000010604,Chigorodó,9993.0,0.05,105.0,1.0,720.0,0.7,1930.0,0,0.35
0517210000000000010612,Chigorodó,9895.0,0.05,33.0,1.0,597.0,0.7,1994.0,0,0.35
0517210000000000020301,Chigorodó,9999.0,0.05,179.0,1.0,360.0,0.7,2232.0,0,0.35
0517210000000000020418,Chigorodó,10576.0,0.05,372.0,0.8,910.0,0.7,2552.0,0,0.35
0517210000000000020509,Chigorodó,10867.0,0.05,418.0,0.8,1122.0,0.45,2806.0,0,0.35
0517210000000000040113,Chigorodó,9277.0,0.05,21.0,1.0,210.0,0.9,2062.0,0,0.35
0517210000000000050126,Chigorodó,9646.0,0.05,237.0,1.0,83.0,1.0,1896.0,0,0.35
0517210000000000060111,Chigorodó,10063.0,0.05,88.0,1.0,398.0,0.7,2021.0,0,0.35
0517210000000000060123,Chigorodó,10093.0,0.05,206.0,1.0,209.0,0.9,1936.0,0,0.35
0517210000000000060126,Chigorodó,10080.0,0.05,143.0,1.0,147.0,0.9,1894.0,0,0.35
0517210000000000060435,Chigorodó,10514.0,0.05,3.0,1.0,706.0,0.7,2452.0,0,0.35
0517210000000000060909,Chigorodó,10792.0,0.05,277.0,1.0,909.0,0.7,2680.0,0,0.35
0549020030200400010110,Necoclí,14538.0,0.05,14538.0,0.05,64343.0,0.05,62875.0,0,0.15
0565910000000000010228,San Juan de Urabá,404.0,0.85,404.0,0.8,73081.0,0.05,74037.0,0,0.15
0565910000000000010501,San Juan de Urabá,285.0,0.85,285.0,1.0,74162.0,0.05,75279.0,0,0.15
0566510000000000020117,San Pedro de Urabá,560.0,0.7,528.0,0.8,29365.0,0.05,38890.0,0,0.15
0583720110201800010315,Turbo,14211.0,0.05,3102.0,0.15,12089.0,0.05,13149.0,0,0.15
0514710000000000020618,Carepa,435.0,0.85,121.0,1.0,586.0,0.7,1826.0,0,0.35
0549020090501500010114,Necoclí,28609.0,0.05,139.0,1.0,38620.0,0.05,40734.0,0,0.15
0505110000000000010810,Arboletes,75.0,1.0,721.0,0.6,84966.0,0.05,87785.0,0,0.15
0505110000000000010812,Arboletes,125.0,1.0,788.0,0.6,84987.0,0.05,87818.0,0,0.15
0505110000000000011029,Arboletes,361.0,0.85,537.0,0.8,84397.0,0.05,87046.0,0,0.15
0505120030200800010108,Arboletes,17125.0,0.05,14192.0,0.05,57846.0,0.05,61233.0,0,0.15
0514720010601300010101,Carepa,4452.0,0.25,4452.0,0.15,682.0,0.7,221.0,0,0.55
0549010000000000010126,Necoclí,37567.0,0.05,205.0,1.0,37824.0,0.05,33955.0,0,0.15
0566510000000000010841,San Pedro de Urabá,270.0,0.85,270.0,1.0,29299.0,0.05,38714.0,0,0.15
0566520040200800010104,San Pedro de Urabá,20168.0,0.05,1698.0,0.35,45925.0,0.05,53834.0,0,0.15
0583720090700100010142,Turbo,196.0,1.0,516.0,0.8,487.0,0.7,956.0,0,0.55
0583720090700100020312,Turbo,773.0,0.7,598.0,0.8,257.0,0.9,1067.0,0,0.35
0583720090700100020369,Turbo,880.0,0.7,853.0,0.6,653.0,0.7,1465.0,0,0.35
0583720050200500010118,Turbo,9628.0,0.05,179.0,1.0,19934.0,0.05,29322.0,0,0.15
0583720050200500010126,Turbo,9396.0,0.05,199.0,1.0,20205.0,0.05,29552.0,0,0.15
0583720030700600010104,Turbo,15488.0,0.05,35.0,1.0,15743.0,0.05,11890.0,0,0.15
0504520020300900010313,Apartadó,5476.0,0.05,854.0,0.6,399.0,0.7,1355.0,0,0.35
0504520010101400010111,Apartadó,11089.0,0.05,43.0,1.0,3914.0,0.2,1015.0,0,0.35
0505110000000000010315,Arboletes,208.0,0.85,198.0,1.0,84644.0,0.05,87343.0,0,0.15
0505110000000000010323,Arboletes,545.0,0.7,534.0,0.8,84345.0,0.05,87083.0,0,0.15
0505120030200900010101,Arboletes,14861.0,0.05,14861.0,0.05,58403.0,0.05,60727.0,0,0.15
0505120030101100010120,Arboletes,14549.0,0.05,14549.0,0.05,62755.0,0.05,66380.0,0,0.15
0514710000000000010607,Carepa,872.0,0.7,238.0,1.0,656.0,0.7,1228.0,0,0.35
0514710000000000020701,Carepa,350.0,0.85,149.0,1.0,488.0,0.7,1871.0,0,0.35
0517220100400700010110,Chigorodó,22264.0,0.05,214.0,1.0,6294.0,0.2,13905.0,0,0.15
0549010000000000010232,Necoclí,36713.0,0.05,160.0,1.0,36969.0,0.05,33101.0,0,0.15
0549010000000000010410,Necoclí,36874.0,0.05,243.0,1.0,37131.0,0.05,33259.0,0,0.15
0549010000000000010914,Necoclí,38412.0,0.05,692.0,0.8,38674.0,0.05,34788.0,0,0.15
0549020120600100010313,Necoclí,25759.0,0.05,1070.0,0.6,26028.0,0.05,22121.0,0,0.15
0549020120600600010116,Necoclí,30212.0,0.05,572.0,0.8,30483.0,0.05,26570.0,0,0.15
0549020120301000010108,Necoclí,31416.0,0.05,184.0,1.0,34000.0,0.05,33530.0,0,0.15
0566510000000000010122,San Pedro de Urabá,301.0,0.85,179.0,1.0,29921.0,0.05,39432.0,0,0.15
0566510000000000010345,San Pedro de Urabá,456.0,0.85,243.0,1.0,29194.0,0.05,38660.0,0,0.15
0583720090600300010340,Turbo,6845.0,0.05,830.0,0.6,215.0,0.9,3413.0,0,0.15
0583720090700100020116,Turbo,559.0,0.7,273.0,1.0,40.0,1.0,774.0,0,0.55
0583720090700100020218,Turbo,419.0,0.85,127.0,1.0,132.0,0.9,931.0,0,0.55
0583720100700200010209,Turbo,9963.0,0.05,132.0,1.0,342.0,0.7,906.0,0,0.55
0583720100700200010401,Turbo,9947.0,0.05,99.0,1.0,170.0,0.9,1081.0,0,0.35
0583720100700200020311,Turbo,9552.0,0.05,343.0,0.8,363.0,0.7,887.0,0,0.55
0583720070201200010112,Turbo,17995.0,0.05,6.0,1.0,12375.0,0.05,21095.0,0,0.15
0583720020101300010108,Turbo,15517.0,0.05,113.0,1.0,31363.0,0.05,38279.0,0,0.15
0583720020101300010209,Turbo,15288.0,0.05,184.0,1.0,31164.0,0.05,38120.0,0,0.15
0583720090302500010104,Turbo,2385.0,0.25,856.0,0.6,2420.0,0.45,2626.0,0,0.35
0583720090602600010107,Turbo,4684.0,0.25,68.0,1.0,276.0,0.9,2224.0,0,0.35
0583720030803200010102,Turbo,12949.0,0.05,816.0,0.6,13210.0,0.05,9332.0,0,0.15
0583720030803200010114,Turbo,13217.0,0.05,1073.0,0.6,13479.0,0.05,9596.0,0,0.15
0583720050603700010108,Turbo,13260.0,0.05,3745.0,0.15,16490.0,0.05,25700.0,0,0.15
0514710000000000010506,Carepa,988.0,0.7,95.0,1.0,464.0,0.7,944.0,0,0.55
0514710000000000010527,Carepa,1017.0,0.5,154.0,1.0,386.0,0.7,860.0,0,0.55
0514710000000000010705,Carepa,652.0,0.7,225.0,1.0,445.0,0.7,1256.0,0,0.35
0514710000000000020216,Carepa,1273.0,0.5,532.0,0.8,1212.0,0.45,1626.0,0,0.35
0514710000000000020318,Carepa,786.0,0.7,36.0,1.0,896.0,0.7,1757.0,0,0.35
0514710000000000020503,Carepa,267.0,0.85,308.0,0.8,392.0,0.7,1692.0,0,0.35
0514710000000000030425,Carepa,285.0,0.85,465.0,0.8,264.0,0.9,2026.0,0,0.35
0514720011001000010122,Carepa,4373.0,0.25,749.0,0.6,473.0,0.7,1813.0,0,0.35
0517210000000000010324,Chigorodó,10111.0,0.05,58.0,1.0,984.0,0.7,1669.0,0,0.35
0517210000000000010537,Chigorodó,10375.0,0.05,272.0,1.0,1001.0,0.45,1979.0,0,0.35
0517210000000000020213,Chigorodó,10212.0,0.05,340.0,0.8,537.0,0.7,2361.0,0,0.35
0517210000000000020408,Chigorodó,10404.0,0.05,529.0,0.8,800.0,0.7,2347.0,0,0.35
0517210000000000050201,Chigorodó,9385.0,0.05,50.0,1.0,312.0,0.7,1607.0,0,0.35
0517210000000000050701,Chigorodó,9603.0,0.05,303.0,0.8,477.0,0.7,1296.0,0,0.35
0517210000000000060622,Chigorodó,10378.0,0.05,145.0,1.0,457.0,0.7,2005.0,0,0.35
0517210000000000060818,Chigorodó,10694.0,0.05,191.0,1.0,888.0,0.7,2643.0,0,0.35
0517210000000000061009,Chigorodó,10784.0,0.05,279.0,1.0,786.0,0.7,2429.0,0,0.35
0566510000000000011003,San Pedro de Urabá,1396.0,0.5,891.0,0.6,29852.0,0.05,39134.0,0,0.15
0583720110201800010111,Turbo,14033.0,0.05,3265.0,0.15,11737.0,0.05,13050.0,0,0.15
0583720110201800010316,Turbo,13916.0,0.05,3391.0,0.15,11934.0,0.05,12872.0,0,0.15
0504520020500200010216,Apartadó,3627.0,0.25,423.0,0.8,2264.0,0.45,935.0,0,0.55
0504520010101400010101,Apartadó,11029.0,0.05,110.0,1.0,3790.0,0.2,1001.0,0,0.35
0505110000000000010228,Arboletes,201.0,0.85,246.0,1.0,85070.0,0.05,87778.0,0,0.15
0514710000000000010605,Carepa,809.0,0.7,181.0,1.0,636.0,0.7,1285.0,0,0.35
0514710000000000030616,Carepa,444.0,0.85,531.0,0.8,391.0,0.7,2186.0,0,0.35
0517220060501400010102,Chigorodó,12678.0,0.05,2418.0,0.35,3110.0,0.2,2416.0,0,0.35
0517220060501400010103,Chigorodó,12682.0,0.05,2356.0,0.35,3038.0,0.2,2582.0,0,0.35
0549010000000000010334,Necoclí,37553.0,0.05,140.0,1.0,37810.0,0.05,33940.0,0,0.15
0549010000000000010822,Necoclí,38242.0,0.05,431.0,0.8,38502.0,0.05,34620.0,0,0.15
0549020040400900010123,Necoclí,28219.0,0.05,6019.0,0.05,49467.0,0.05,47125.0,0,0.15
0583720090700100010311,Turbo,243.0,0.85,537.0,0.8,378.0,0.7,682.0,0,0.55
0583720090700100020206,Turbo,297.0,0.85,228.0,1.0,327.0,0.7,1132.0,0,0.35
0583720090700100020371,Turbo,723.0,0.7,617.0,0.8,405.0,0.7,1207.0,0,0.35
0583720100700200020218,Turbo,9690.0,0.05,202.0,1.0,349.0,0.7,976.0,0,0.55
0583720090600300010114,Turbo,7640.0,0.05,27.0,1.0,72.0,1.0,3300.0,0,0.15
0583720030700600010107,Turbo,15600.0,0.05,123.0,1.0,15854.0,0.05,12006.0,0,0.15
0583720100400800010405,Turbo,4195.0,0.25,366.0,0.8,470.0,0.7,681.0,0,0.55
0583720070201200010115,Turbo,18043.0,0.05,88.0,1.0,12297.0,0.05,21035.0,0,0.15
0504520010101600010107,Apartadó,8757.0,0.05,1330.0,0.6,3903.0,0.2,170.0,0,0.75
0505110000000000010218,Arboletes,49.0,1.0,41.0,1.0,84804.0,0.05,87497.0,0,0.15
0505110000000000010705,Arboletes,187.0,1.0,575.0,0.8,84844.0,0.05,87642.0,0,0.15
0505110000000000010908,Arboletes,114.0,1.0,778.0,0.6,85091.0,0.05,87914.0,0,0.15
0505120030200900010113,Arboletes,15204.0,0.05,14725.0,0.05,58063.0,0.05,60415.0,0,0.15
0514710000000000030221,Carepa,234.0,0.85,402.0,0.8,88.0,1.0,1674.0,0,0.35
0549010000000000010326,Necoclí,37111.0,0.05,160.0,1.0,37370.0,0.05,33493.0,0,0.15
0549020120300300010104,Necoclí,33106.0,0.05,6.0,1.0,34552.0,0.05,33258.0,0,0.15
0565920010300300010104,San Juan de Urabá,5795.0,0.05,5795.0,0.15,71213.0,0.05,71057.0,0,0.15
0566510000000000011011,San Pedro de Urabá,1166.0,0.5,636.0,0.8,29899.0,0.05,39209.0,0,0.15
0566520040200200010110,San Pedro de Urabá,15196.0,0.05,115.0,1.0,43955.0,0.05,52823.0,0,0.15
0583720090700100010121,Turbo,529.0,0.7,855.0,0.6,681.0,0.7,535.0,0,0.55
0583720090700100010507,Turbo,308.0,0.85,548.0,0.8,349.0,0.7,595.0,0,0.55
0583720090700100020207,Turbo,321.0,0.85,189.0,1.0,277.0,0.9,1081.0,0,0.35
0583720090700100020216,Turbo,562.0,0.7,313.0,0.8,125.0,0.9,917.0,0,0.55
0583720090700100020328,Turbo,995.0,0.7,921.0,0.6,614.0,0.7,1421.0,0,0.35
0583720090700100020357,Turbo,1003.0,0.5,847.0,0.6,418.0,0.7,1204.0,0,0.35
0583720090700100020363,Turbo,606.0,0.7,453.0,0.8,303.0,0.7,1080.0,0,0.35
0583720090700100020434,Turbo,1119.0,0.5,880.0,0.6,321.0,0.7,967.0,0,0.55
0583720090700100020528,Turbo,758.0,0.7,422.0,0.8,111.0,0.9,595.0,0,0.55
0583720100400800010110,Turbo,4201.0,0.25,361.0,0.8,564.0,0.7,601.0,1,0.9
0583720050604200010105,Turbo,15804.0,0.05,131.0,1.0,16095.0,0.05,24221.0,0,0.15
0514710000000000010337,Carepa,1257.0,0.5,405.0,0.8,232.0,0.9,505.0,0,0.55
0514720010700700010114,Carepa,6385.0,0.05,2479.0,0.35,5181.0,0.2,429.0,0,0.55
0514710000000000020236,Carepa,1607.0,0.5,818.0,0.6,1679.0,0.45,2132.0,0,0.35
0514710000000000030210,Carepa,405.0,0.85,224.0,1.0,72.0,1.0,1496.0,0,0.35
0514710000000000030309,Carepa,335.0,0.85,340.0,0.8,324.0,0.7,1462.0,0,0.35
0514720010700700010122,Carepa,6278.0,0.05,2414.0,0.35,5076.0,0.2,461.0,0,0.55
0514720011001000010108,Carepa,4454.0,0.25,798.0,0.6,359.0,0.7,1746.0,0,0.35
0514720011001000010131,Carepa,4310.0,0.25,664.0,0.8,397.0,0.7,1709.0,0,0.35
0517210000000000010215,Chigorodó,10373.0,0.05,320.0,0.8,1212.0,0.45,1713.0,0,0.35
0517210000000000010316,Chigorodó,9857.0,0.05,157.0,1.0,800.0,0.7,1646.0,0,0.35
0517210000000000050810,Chigorodó,9974.0,0.05,98.0,1.0,66.0,1.0,1713.0,0,0.35
0517210000000000050427,Chigorodó,9855.0,0.05,236.0,1.0,201.0,0.9,1575.0,0,0.35
0517210000000000060101,Chigorodó,10015.0,0.05,22.0,1.0,344.0,0.7,2041.0,0,0.35
0517210000000000060312,Chigorodó,10181.0,0.05,247.0,1.0,265.0,0.9,2018.0,0,0.35
0517210000000000060821,Chigorodó,10642.0,0.05,241.0,1.0,697.0,0.7,2469.0,0,0.35
0565910000000000010122,San Juan de Urabá,762.0,0.7,762.0,0.6,72867.0,0.05,73716.0,0,0.15
0583720110201800010105,Turbo,14026.0,0.05,3274.0,0.15,11672.0,0.05,13060.0,0,0.15
0583720110201800010312,Turbo,13981.0,0.05,3326.0,0.15,11952.0,0.05,12937.0,0,0.15
0583720110201800010330,Turbo,14095.0,0.05,3236.0,0.15,12177.0,0.05,13001.0,0,0.15
0583720100700200020408,Turbo,9565.0,0.05,217.0,1.0,214.0,0.9,812.0,0,0.55
0514710000000000030439,Carepa,82.0,1.0,520.0,0.8,114.0,0.9,1816.0,0,0.35
0517220100400700010116,Chigorodó,22321.0,0.05,214.0,1.0,6455.0,0.2,14009.0,0,0.15
0549020120600100010408,Necoclí,26106.0,0.05,67.0,1.0,26381.0,0.05,22461.0,0,0.15
0549020120100700010111,Necoclí,35035.0,0.05,1301.0,0.6,35308.0,0.05,31391.0,0,0.15
0565920010200600010101,San Juan de Urabá,5756.0,0.05,5756.0,0.15,69297.0,0.05,69385.0,0,0.15
0566510000000000010354,San Pedro de Urabá,762.0,0.7,113.0,1.0,28840.0,0.05,38311.0,0,0.15
0566520010100400010108,San Pedro de Urabá,31632.0,0.05,8924.0,0.05,59136.0,0.05,67267.0,0,0.15
0583720090700100010205,Turbo,543.0,0.7,859.0,0.6,671.0,0.7,514.0,0,0.55
0583720090302300010102,Turbo,1985.0,0.5,147.0,1.0,876.0,0.7,3374.0,0,0.15
0583720090700100010412,Turbo,706.0,0.7,931.0,0.6,704.0,0.7,242.0,0,0.55
0583720100400800010312,Turbo,4467.0,0.25,101.0,1.0,229.0,0.9,590.0,0,0.55
0504520010101600010119,Apartadó,8570.0,0.05,1149.0,0.6,4030.0,0.2,387.0,0,0.55
0504520020500200010209,Apartadó,3564.0,0.25,187.0,1.0,2113.0,0.45,882.0,0,0.55
0504520020300900010218,Apartadó,5385.0,0.05,266.0,1.0,362.0,0.7,949.0,0,0.55
0505110000000000010133,Arboletes,113.0,1.0,399.0,0.8,85012.0,0.05,87769.0,0,0.15
0505120050401400010110,Arboletes,23596.0,0.05,113.0,1.0,47853.0,0.05,55276.0,0,0.15
0514710000000000020120,Carepa,931.0,0.7,230.0,1.0,782.0,0.7,1333.0,0,0.35
0514710000000000020211,Carepa,1237.0,0.5,467.0,0.8,1230.0,0.45,1716.0,0,0.35
0514710000000000020704,Carepa,590.0,0.7,91.0,1.0,723.0,0.7,1989.0,0,0.35
0517220100400700010115,Chigorodó,22259.0,0.05,167.0,1.0,6328.0,0.2,13918.0,0,0.15
0583720100700200020508,Turbo,9372.0,0.05,459.0,0.8,162.0,0.9,678.0,0,0.55
0549010000000000010832,Necoclí,38217.0,0.05,455.0,0.8,38478.0,0.05,34594.0,0,0.15
0549020120600100010420,Necoclí,25768.0,0.05,380.0,0.8,26043.0,0.05,22123.0,0,0.15
0549020120600100010425,Necoclí,26334.0,0.05,279.0,1.0,26611.0,0.05,22688.0,0,0.15
0549020030300200010125,Necoclí,24910.0,0.05,15953.0,0.05,60655.0,0.05,56972.0,0,0.15
0549020120300300010135,Necoclí,33050.0,0.05,196.0,1.0,34366.0,0.05,33058.0,0,0.15
0565910000000000010142,San Juan de Urabá,317.0,0.85,317.0,0.8,72541.0,0.05,73503.0,0,0.15
0565910000000000010514,San Juan de Urabá,162.0,1.0,162.0,1.0,73762.0,0.05,74847.0,0,0.15
0566510000000000010154,San Pedro de Urabá,471.0,0.85,127.0,1.0,30181.0,0.05,39688.0,0,0.15
0566510000000000010203,San Pedro de Urabá,123.0,1.0,120.0,1.0,29652.0,0.05,39137.0,0,0.15
0566510000000000010741,San Pedro de Urabá,619.0,0.7,192.0,1.0,29705.0,0.05,39251.0,0,0.15
0583720090700100010113,Turbo,460.0,0.85,789.0,0.6,647.0,0.7,607.0,0,0.55
0583720090700100010130,Turbo,523.0,0.7,862.0,0.6,575.0,0.7,657.0,0,0.55
0583720090700100010405,Turbo,634.0,0.7,900.0,0.6,688.0,0.7,381.0,0,0.55
0583720090700100020118,Turbo,636.0,0.7,307.0,0.8,112.0,0.9,670.0,0,0.55
0583720090700100020319,Turbo,616.0,0.7,406.0,0.8,200.0,0.9,976.0,0,0.55
0583720100700200010103,Turbo,10399.0,0.05,298.0,1.0,370.0,0.7,1332.0,0,0.35
0583720100400800010406,Turbo,4244.0,0.25,328.0,0.8,420.0,0.7,733.0,0,0.55
0583720090602600010118,Turbo,4521.0,0.25,208.0,1.0,506.0,0.7,2323.0,0,0.35
0583720090603100010113,Turbo,4335.0,0.25,1103.0,0.6,992.0,0.7,1163.0,0,0.35
0583720050604200010102,Turbo,15699.0,0.05,79.0,1.0,15951.0,0.05,24173.0,0,0.15
0514710000000000010130,Carepa,695.0,0.7,284.0,1.0,191.0,0.9,1382.0,0,0.35
0514710000000000010404,Carepa,1039.0,0.5,139.0,1.0,41.0,1.0,772.0,0,0.55
0514710000000000010721,Carepa,518.0,0.7,205.0,1.0,556.0,0.7,1482.0,0,0.35
0514710000000000020225,Carepa,1708.0,0.5,633.0,0.8,1708.0,0.45,2040.0,0,0.35
0514710000000000020243,Carepa,1146.0,0.5,430.0,0.8,1062.0,0.45,1518.0,0,0.35
0514710000000000020906,Carepa,1398.0,0.5,627.0,0.8,1515.0,0.45,2103.0,0,0.35
0514710000000000030119,Carepa,383.0,0.85,149.0,1.0,185.0,0.9,1408.0,0,0.35
0514710000000000030427,Carepa,228.0,0.85,514.0,0.8,178.0,0.9,1969.0,0,0.35
0514710000000000030503,Carepa,438.0,0.85,790.0,0.6,253.0,0.9,2091.0,0,0.35
0514710000000000030628,Carepa,520.0,0.7,484.0,0.8,499.0,0.7,2246.0,0,0.35
0514720011001000010103,Carepa,4550.0,0.25,914.0,0.6,480.0,0.7,1882.0,0,0.35
0517210000000000010105,Chigorodó,9950.0,0.05,121.0,1.0,1075.0,0.45,1382.0,0,0.35
0517210000000000020108,Chigorodó,10043.0,0.05,316.0,0.8,501.0,0.7,2259.0,0,0.35
0517210000000000020222,Chigorodó,10451.0,0.05,302.0,0.8,773.0,0.7,2559.0,0,0.35
0517210000000000020232,Chigorodó,10175.0,0.05,340.0,0.8,533.0,0.7,2388.0,0,0.35
0517210000000000020315,Chigorodó,9883.0,0.05,62.0,1.0,189.0,0.9,2012.0,0,0.35
0517210000000000020404,Chigorodó,10341.0,0.05,479.0,0.8,754.0,0.7,2307.0,0,0.35
0517210000000000020501,Chigorodó,10663.0,0.05,288.0,1.0,975.0,0.7,2697.0,0,0.35
0517210000000000030113,Chigorodó,9599.0,0.05,103.0,1.0,423.0,0.7,1927.0,0,0.35
0517210000000000050208,Chigorodó,9405.0,0.05,131.0,1.0,342.0,0.7,1534.0,0,0.35
0517210000000000050304,Chigorodó,9456.0,0.05,122.0,1.0,404.0,0.7,1470.0,0,0.35
0517210000000000050602,Chigorodó,9636.0,0.05,160.0,1.0,64.0,1.0,1804.0,0,0.35
0517210000000000050804,Chigorodó,9895.0,0.05,201.0,1.0,169.0,0.9,1612.0,0,0.35
0517210000000000060212,Chigorodó,10267.0,0.05,124.0,1.0,260.0,0.9,1978.0,0,0.35
0517210000000000060712,Chigorodó,10650.0,0.05,317.0,0.8,647.0,0.7,2398.0,0,0.35
0517210000000000060721,Chigorodó,10585.0,0.05,79.0,1.0,624.0,0.7,2210.0,0,0.35
0565910000000000010523,San Juan de Urabá,170.0,1.0,170.0,1.0,73733.0,0.05,74827.0,0,0.15
0583720110201800010313,Turbo,13807.0,0.05,3495.0,0.15,11816.0,0.05,12785.0,0,0.15
0583720110201800010314,Turbo,13857.0,0.05,3444.0,0.15,11814.0,0.05,12839.0,0,0.15
0504520020500200010111,Apartadó,3658.0,0.25,277.0,1.0,2222.0,0.45,817.0,0,0.55
0504520020300900010105,Apartadó,5738.0,0.05,343.0,0.8,241.0,0.9,773.0,0,0.55
0505110000000000010603,Arboletes,393.0,0.85,594.0,0.8,84633.0,0.05,87431.0,0,0.15
0505110000000000011121,Arboletes,954.0,0.7,968.0,0.6,83874.0,0.05,86583.0,0,0.15
0505120020500300010111,Arboletes,23090.0,0.05,13909.0,0.05,60922.0,0.05,66627.0,0,0.15
0505120020500300010114,Arboletes,22846.0,0.05,14318.0,0.05,61329.0,0.05,67000.0,0,0.15
0505120060600500010103,Arboletes,28864.0,0.05,5086.0,0.15,54802.0,0.05,62483.0,0,0.15
0505120050401400010106,Arboletes,23482.0,0.05,44.0,1.0,47710.0,0.05,55131.0,0,0.15
0514710000000000020113,Carepa,873.0,0.7,161.0,1.0,767.0,0.7,1386.0,0,0.35
0514710000000000020622,Carepa,593.0,0.7,105.0,1.0,733.0,0.7,1951.0,0,0.35
0514710000000000030508,Carepa,337.0,0.85,716.0,0.6,152.0,0.9,2002.0,0,0.35
0549010000000000010124,Necoclí,37643.0,0.05,228.0,1.0,37900.0,0.05,34031.0,0,0.15
0549010000000000010705,Necoclí,38193.0,0.05,316.0,0.8,38452.0,0.05,34572.0,0,0.15
0549020120600100010414,Necoclí,26230.0,0.05,105.0,1.0,26506.0,0.05,22585.0,0,0.15
0583720090700100020373,Turbo,1061.0,0.5,924.0,0.6,506.0,0.7,1287.0,0,0.35
0566510000000000010161,San Pedro de Urabá,367.0,0.85,144.0,1.0,29945.0,0.05,39462.0,0,0.15
0583720090700100010203,Turbo,723.0,0.7,1033.0,0.6,499.0,0.7,334.0,0,0.55
0583720090700100020337,Turbo,829.0,0.7,762.0,0.6,533.0,0.7,1344.0,0,0.35
0583720090600300010102,Turbo,7476.0,0.05,140.0,1.0,121.0,0.9,3175.0,0,0.15
0583720090600300010109,Turbo,7550.0,0.05,93.0,1.0,173.0,0.9,3268.0,0,0.15
0583720100400800010311,Turbo,4378.0,0.25,106.0,1.0,181.0,0.9,637.0,0,0.55
0583720090102700010108,Turbo,4655.0,0.25,290.0,1.0,3691.0,0.2,4024.0,0,0.15
0583720010203800010103,Turbo,3493.0,0.25,3010.0,0.15,27488.0,0.05,36595.0,0,0.15
0504520050300100010106,Apartadó,5616.0,0.05,93.0,1.0,5441.0,0.2,4972.0,0,0.15
0504520020500200010107,Apartadó,3708.0,0.25,256.0,1.0,2242.0,0.45,745.0,0,0.55
0504520020500200010214,Apartadó,3595.0,0.25,318.0,0.8,2193.0,0.45,906.0,0,0.55
0505110000000000010542,Arboletes,430.0,0.85,806.0,0.6,84383.0,0.05,86967.0,0,0.15
0514710000000000010308,Carepa,893.0,0.7,94.0,1.0,55.0,1.0,977.0,0,0.55
0514710000000000020309,Carepa,671.0,0.7,178.0,1.0,810.0,0.7,1992.0,0,0.35
0514710000000000020512,Carepa,242.0,0.85,350.0,0.8,311.0,0.7,1949.0,0,0.35
0514710000000000020614,Carepa,588.0,0.7,149.0,1.0,739.0,0.7,1879.0,0,0.35
0549010000000000010207,Necoclí,37064.0,0.05,153.0,1.0,37320.0,0.05,33453.0,0,0.15
0549010000000000010327,Necoclí,37187.0,0.05,236.0,1.0,37445.0,0.05,33569.0,0,0.15
0549010000000000010805,Necoclí,38378.0,0.05,577.0,0.8,38639.0,0.05,34755.0,0,0.15
0549020090501500010117,Necoclí,28600.0,0.05,92.0,1.0,38576.0,0.05,40683.0,0,0.15
0565920020500200010106,San Juan de Urabá,8347.0,0.05,8347.0,0.05,66041.0,0.05,68313.0,0,0.15
0565920010100500010119,San Juan de Urabá,8303.0,0.05,8303.0,0.05,67503.0,0.05,67219.0,0,0.15
0566510000000000010545,San Pedro de Urabá,296.0,0.85,145.0,1.0,29773.0,0.05,39218.0,0,0.15
0566510000000000010742,San Pedro de Urabá,673.0,0.7,286.0,1.0,29619.0,0.05,39169.0,0,0.15
0566510000000000010838,San Pedro de Urabá,371.0,0.85,213.0,1.0,29817.0,0.05,39224.0,0,0.15
0583720090700100010505,Turbo,379.0,0.85,638.0,0.8,439.0,0.7,540.0,0,0.55
0583720090700100020318,Turbo,698.0,0.7,496.0,0.8,207.0,0.9,993.0,0,0.55
0583720090700100020370,Turbo,938.0,0.7,891.0,0.6,643.0,0.7,1456.0,0,0.35
0583720100700200010116,Turbo,10173.0,0.05,159.0,1.0,161.0,0.9,1215.0,0,0.35
0583720100700200010404,Turbo,9907.0,0.05,21.0,1.0,268.0,0.9,984.0,0,0.55
0583720090600300010113,Turbo,7526.0,0.05,91.0,1.0,127.0,0.9,3208.0,0,0.15
0583720090402400010128,Turbo,2941.0,0.25,1083.0,0.6,448.0,0.7,2391.0,0,0.35
0583720090602600010104,Turbo,4601.0,0.25,32.0,1.0,363.0,0.7,2203.0,0,0.35
0583720090602600010112,Turbo,4619.0,0.25,98.0,1.0,381.0,0.7,2305.0,0,0.35
0583720090103900010110,Turbo,4127.0,0.25,1447.0,0.6,4347.0,0.2,1797.0,0,0.35
0583720240204300010103,Turbo,25008.0,0.05,3726.0,0.15,25025.0,0.05,23703.0,0,0.15
0514710000000000010511,Carepa,816.0,0.7,59.0,1.0,383.0,0.7,1010.0,0,0.35
0514710000000000010523,Carepa,1202.0,0.5,350.0,0.8,405.0,0.7,679.0,0,0.55
0514710000000000010609,Carepa,839.0,0.7,134.0,1.0,563.0,0.7,1153.0,0,0.35
0514710000000000010727,Carepa,474.0,0.85,313.0,0.8,413.0,0.7,1390.0,0,0.35
0514710000000000030408,Carepa,47.0,1.0,508.0,0.8,133.0,0.9,1736.0,0,0.35
0514710000000000030428,Carepa,207.0,0.85,456.0,0.8,213.0,0.9,1948.0,0,0.35
0517210000000000010211,Chigorodó,10238.0,0.05,186.0,1.0,1108.0,0.45,1662.0,0,0.35
0517210000000000010512,Chigorodó,10252.0,0.05,141.0,1.0,958.0,0.7,1893.0,0,0.35
0517210000000000020105,Chigorodó,10070.0,0.05,255.0,1.0,589.0,0.7,2172.0,0,0.35
0517210000000000020113,Chigorodó,10175.0,0.05,401.0,0.8,582.0,0.7,2320.0,0,0.35
0517210000000000020214,Chigorodó,10238.0,0.05,325.0,0.8,553.0,0.7,2351.0,0,0.35
0517210000000000020305,Chigorodó,10053.0,0.05,190.0,1.0,386.0,0.7,2237.0,0,0.35
0517210000000000020425,Chigorodó,10455.0,0.05,512.0,0.8,876.0,0.7,2302.0,0,0.35
0517210000000000050120,Chigorodó,9606.0,0.05,54.0,1.0,195.0,0.9,1686.0,0,0.35
0517210000000000050515,Chigorodó,9813.0,0.05,89.0,1.0,324.0,0.7,1739.0,0,0.35
0517210000000000050702,Chigorodó,9614.0,0.05,402.0,0.8,527.0,0.7,1261.0,0,0.35
0517210000000000050705,Chigorodó,9643.0,0.05,308.0,0.8,441.0,0.7,1333.0,0,0.35
0517210000000000060223,Chigorodó,10089.0,0.05,49.0,1.0,82.0,1.0,1854.0,0,0.35
0517210000000000060510,Chigorodó,10419.0,0.05,190.0,1.0,528.0,0.7,2290.0,0,0.35
0517210000000000060709,Chigorodó,10614.0,0.05,147.0,1.0,612.0,0.7,2280.0,0,0.35
0583720110201800010304,Turbo,14116.0,0.05,3183.0,0.15,11888.0,0.05,13100.0,0,0.15
0504520020300900010203,Apartadó,5750.0,0.05,507.0,0.8,887.0,0.7,614.0,0,0.55
0504520020300900010224,Apartadó,5479.0,0.05,367.0,0.8,774.0,0.7,815.0,0,0.55
0504520010301100010110,Apartadó,1360.0,0.5,91.0,1.0,702.0,0.7,261.0,0,0.55
0504520030101500010119,Apartadó,4933.0,0.25,690.0,0.8,625.0,0.7,1787.0,0,0.35
0505110000000000010803,Arboletes,34.0,1.0,647.0,0.8,85026.0,0.05,87829.0,0,0.15
0505120060400100010105,Arboletes,30788.0,0.05,15750.0,0.05,65542.0,0.05,73144.0,0,0.15
0505120030200900010112,Arboletes,15285.0,0.05,14667.0,0.05,58004.0,0.05,60378.0,0,0.15
0514710000000000020305,Carepa,758.0,0.7,249.0,1.0,906.0,0.7,1947.0,0,0.35
0514710000000000020406,Carepa,468.0,0.85,253.0,1.0,530.0,0.7,1540.0,0,0.35
0514710000000000020722,Carepa,654.0,0.7,156.0,1.0,781.0,0.7,2051.0,0,0.35
0549010000000000010502,Necoclí,36707.0,0.05,596.0,0.8,36968.0,0.05,33081.0,0,0.15
0549020120600100010219,Necoclí,25725.0,0.05,835.0,0.6,25995.0,0.05,22084.0,0,0.15
0549020090201200010102,Necoclí,24025.0,0.05,6409.0,0.05,48740.0,0.05,50258.0,0,0.15
0565920010100100010101,San Juan de Urabá,8571.0,0.05,8571.0,0.05,70601.0,0.05,69865.0,0,0.15
0565920010100100010109,San Juan de Urabá,8570.0,0.05,8570.0,0.05,70473.0,0.05,69746.0,0,0.15
0565920010300300010137,San Juan de Urabá,5564.0,0.05,5564.0,0.15,71201.0,0.05,71098.0,0,0.15
0566510000000000010129,San Pedro de Urabá,192.0,1.0,268.0,1.0,29934.0,0.05,39430.0,0,0.15
0566510000000000010546,San Pedro de Urabá,338.0,0.85,97.0,1.0,29846.0,0.05,39283.0,0,0.15
0566520010100400010104,San Pedro de Urabá,31769.0,0.05,9066.0,0.05,59279.0,0.05,67410.0,0,0.15
0566520010100400010110,San Pedro de Urabá,31553.0,0.05,8780.0,0.05,59008.0,0.05,67123.0,0,0.15
0583720090700100020113,Turbo,458.0,0.85,275.0,1.0,72.0,1.0,894.0,0,0.55
0583720090700100020326,Turbo,913.0,0.7,855.0,0.6,599.0,0.7,1412.0,0,0.35
0583720100700200010517,Turbo,9698.0,0.05,80.0,1.0,141.0,0.9,939.0,0,0.55
0583720100700200020125,Turbo,9473.0,0.05,356.0,0.8,183.0,0.9,711.0,0,0.55
0583720100700200020419,Turbo,9320.0,0.05,480.0,0.8,78.0,1.0,604.0,0,0.55
0583720090600300010347,Turbo,6550.0,0.05,830.0,0.6,438.0,0.7,2975.0,0,0.35
0583720100400800010119,Turbo,4261.0,0.25,331.0,0.8,430.0,0.7,729.0,0,0.55
0583720240400900010106,Turbo,11822.0,0.05,135.0,1.0,12103.0,0.05,13103.0,0,0.15
0583720080301000010112,Turbo,5911.0,0.05,125.0,1.0,3025.0,0.2,4092.0,0,0.15
0583720090402400010115,Turbo,2739.0,0.25,1003.0,0.6,166.0,0.9,2492.0,0,0.35
0504520020300900010207,Apartadó,5533.0,0.05,452.0,0.8,879.0,0.7,791.0,0,0.55
0505110000000000010216,Arboletes,132.0,1.0,142.0,1.0,84962.0,0.05,87642.0,0,0.15
0505120040101000010121,Arboletes,21954.0,0.05,9641.0,0.05,55359.0,0.05,60005.0,0,0.15
0505120030101100010110,Arboletes,14241.0,0.05,14241.0,0.05,63271.0,0.05,66885.0,0,0.15
0514710000000000020410,Carepa,596.0,0.7,200.0,1.0,690.0,0.7,1642.0,0,0.35
0549010000000000010813,Necoclí,38296.0,0.05,514.0,0.8,38557.0,0.05,34673.0,0,0.15
0549010000000000010901,Necoclí,38575.0,0.05,843.0,0.6,38836.0,0.05,34950.0,0,0.15
0549020120600100010119,Necoclí,25497.0,0.05,658.0,0.8,25772.0,0.05,21853.0,0,0.15
0549020120600100010211,Necoclí,25693.0,0.05,728.0,0.6,25965.0,0.05,22051.0,0,0.15
0549020120600600010106,Necoclí,30400.0,0.05,508.0,0.8,30671.0,0.05,26758.0,0,0.15
0549020040400900010128,Necoclí,29258.0,0.05,5140.0,0.15,48753.0,0.05,46208.0,0,0.15
0566510000000000010728,San Pedro de Urabá,440.0,0.85,170.0,1.0,29729.0,0.05,39257.0,0,0.15
0583720090602600010113,Turbo,4636.0,0.25,209.0,1.0,433.0,0.7,2408.0,0,0.35
0514720011001000010144,Carepa,4438.0,0.25,802.0,0.6,443.0,0.7,1815.0,0,0.35
0514710000000000020420,Carepa,327.0,0.85,394.0,0.8,387.0,0.7,1562.0,0,0.35
0514710000000000020910,Carepa,1384.0,0.5,622.0,0.8,1506.0,0.45,2133.0,0,0.35
0514710000000000030206,Carepa,376.0,0.85,200.0,1.0,127.0,0.9,1476.0,0,0.35
0514710000000000030207,Carepa,343.0,0.85,210.0,1.0,147.0,0.9,1481.0,0,0.35
0514710000000000030513,Carepa,391.0,0.85,741.0,0.6,212.0,0.9,2062.0,0,0.35
0517210000000000010532,Chigorodó,10219.0,0.05,134.0,1.0,887.0,0.7,1947.0,0,0.35
0517210000000000050102,Chigorodó,9465.0,0.05,246.0,1.0,131.0,0.9,1863.0,0,0.35
0517210000000000050408,Chigorodó,9655.0,0.05,167.0,1.0,367.0,0.7,1423.0,0,0.35
0517210000000000050502,Chigorodó,9638.0,0.05,53.0,1.0,259.0,0.9,1657.0,0,0.35
0517210000000000050609,Chigorodó,9703.0,0.05,135.0,1.0,62.0,1.0,1838.0,0,0.35
0517210000000000060432,Chigorodó,10305.0,0.05,216.0,1.0,610.0,0.7,2298.0,0,0.35
0517210000000000060505,Chigorodó,10359.0,0.05,219.0,1.0,489.0,0.7,2242.0,0,0.35
0517210000000000060811,Chigorodó,10588.0,0.05,306.0,0.8,612.0,0.7,2381.0,0,0.35
0565910000000000010220,San Juan de Urabá,290.0,0.85,290.0,1.0,73080.0,0.05,74060.0,0,0.15
0565910000000000010226,San Juan de Urabá,406.0,0.85,406.0,0.8,72492.0,0.05,73578.0,0,0.15
0565910000000000010230,San Juan de Urabá,358.0,0.85,358.0,0.8,73139.0,0.05,74104.0,0,0.15
0565910000000000010503,San Juan de Urabá,252.0,0.85,252.0,1.0,74145.0,0.05,75249.0,0,0.15
0565910000000000010804,San Juan de Urabá,511.0,0.7,511.0,0.8,72294.0,0.05,73369.0,0,0.15
0583720110201800010120,Turbo,14220.0,0.05,3079.0,0.15,11807.0,0.05,13233.0,0,0.15
0583720110201800010125,Turbo,14089.0,0.05,3218.0,0.15,11597.0,0.05,13146.0,0,0.15
0505110000000000010219,Arboletes,163.0,1.0,173.0,1.0,85015.0,0.05,87706.0,0,0.15
0505110000000000010306,Arboletes,92.0,1.0,171.0,1.0,84913.0,0.05,87571.0,0,0.15
0505110000000000010348,Arboletes,593.0,0.7,582.0,0.8,84287.0,0.05,87023.0,0,0.15
0514710000000000010216,Carepa,1448.0,0.5,464.0,0.8,238.0,0.9,656.0,0,0.55
0549010000000000010808,Necoclí,38339.0,0.05,605.0,0.8,38600.0,0.05,34715.0,0,0.15
0549010000000000010616,Necoclí,39993.0,0.05,243.0,1.0,40247.0,0.05,36385.0,0,0.15
0549020030300200010102,Necoclí,25094.0,0.05,15854.0,0.05,60565.0,0.05,56866.0,0,0.15
0565920010100100010130,San Juan de Urabá,8929.0,0.05,8929.0,0.05,70125.0,0.05,69343.0,0,0.15
0566510000000000010506,San Pedro de Urabá,325.0,0.85,71.0,1.0,29800.0,0.05,39254.0,0,0.15
0583720090700100020401,Turbo,644.0,0.7,409.0,0.8,158.0,0.9,925.0,0,0.55
0583720090700100020201,Turbo,141.0,1.0,301.0,0.8,360.0,0.7,1042.0,0,0.35
0583720100700200010512,Turbo,9846.0,0.05,105.0,1.0,159.0,0.9,1081.0,0,0.35
0583720090302500010108,Turbo,2361.0,0.25,916.0,0.6,2363.0,0.45,2942.0,0,0.35
0504520020500200010206,Apartadó,3568.0,0.25,126.0,1.0,2090.0,0.45,861.0,0,0.55
0504520020500200010217,Apartadó,3588.0,0.25,82.0,1.0,2083.0,0.45,827.0,0,0.55
0505110000000000010122,Arboletes,110.0,1.0,459.0,0.8,85137.0,0.05,87891.0,0,0.15
0505110000000000010204,Arboletes,110.0,1.0,172.0,1.0,85086.0,0.05,87767.0,0,0.15
0505120060400100010104,Arboletes,30772.0,0.05,15798.0,0.05,65594.0,0.05,73196.0,0,0.15
0505120030200900010107,Arboletes,15039.0,0.05,14895.0,0.05,58233.0,0.05,60576.0,0,0.15
0514710000000000020708,Carepa,502.0,0.7,52.0,1.0,626.0,0.7,1991.0,0,0.35
0517220070300300010103,Chigorodó,20701.0,0.05,873.0,0.6,7129.0,0.2,8120.0,0,0.15
0549010000000000010231,Necoclí,36794.0,0.05,150.0,1.0,37050.0,0.05,33183.0,0,0.15
0549020030300200010107,Necoclí,25051.0,0.05,15842.0,0.05,60550.0,0.05,56856.0,0,0.15
0549020120300300010107,Necoclí,32934.0,0.05,193.0,1.0,34311.0,0.05,33056.0,0,0.15
0549020040400900010103,Necoclí,28231.0,0.05,6076.0,0.05,49560.0,0.05,47176.0,0,0.15
0549020120301000010114,Necoclí,31667.0,0.05,100.0,1.0,34054.0,0.05,33456.0,0,0.15
0549020120301400010103,Necoclí,34319.0,0.05,80.0,1.0,35803.0,0.05,34142.0,0,0.15
0565920010300300010103,San Juan de Urabá,5856.0,0.05,5856.0,0.15,71275.0,0.05,71101.0,0,0.15
0565920010300300010130,San Juan de Urabá,5665.0,0.05,5665.0,0.15,71084.0,0.05,70967.0,0,0.15
0566510000000000010111,San Pedro de Urabá,161.0,1.0,287.0,1.0,29860.0,0.05,39359.0,0,0.15
0566510000000000010405,San Pedro de Urabá,713.0,0.7,233.0,1.0,29735.0,0.05,39289.0,0,0.15
0566510000000000010428,San Pedro de Urabá,989.0,0.7,520.0,0.8,29617.0,0.05,39197.0,0,0.15
0566510000000000010802,San Pedro de Urabá,208.0,0.85,124.0,1.0,29688.0,0.05,39105.0,0,0.15
0566510000000000010903,San Pedro de Urabá,609.0,0.7,157.0,1.0,30206.0,0.05,39731.0,0,0.15
0566510000000000020119,San Pedro de Urabá,659.0,0.7,638.0,0.8,29223.0,0.05,38746.0,0,0.15
0566520040200200010113,San Pedro de Urabá,15274.0,0.05,66.0,1.0,44010.0,0.05,52870.0,0,0.15
0566520040200200010115,San Pedro de Urabá,14824.0,0.05,488.0,0.8,43583.0,0.05,52459.0,0,0.15
0583720090700100020309,Turbo,565.0,0.7,414.0,0.8,290.0,0.9,1076.0,0,0.35
0583720090700100020355,Turbo,994.0,0.7,859.0,0.6,463.0,0.7,1258.0,0,0.35
0583720100700200010106,Turbo,10262.0,0.05,131.0,1.0,288.0,0.9,1177.0,0,0.35
0583720100700200020102,Turbo,9914.0,0.05,254.0,1.0,235.0,0.9,1088.0,0,0.35
0583720100700200020105,Turbo,9673.0,0.05,136.0,1.0,45.0,1.0,907.0,0,0.55
0583720100700200020303,Turbo,9651.0,0.05,240.0,1.0,421.0,0.7,922.0,0,0.55
0583720090600300010321,Turbo,7436.0,0.05,241.0,1.0,138.0,0.9,3757.0,0,0.15
0583720100400800010213,Turbo,4587.0,0.25,106.0,1.0,164.0,0.9,431.0,0,0.55
0583720230401400010104,Turbo,29115.0,0.05,4775.0,0.15,12866.0,0.05,18055.0,0,0.15
0583720090302300010106,Turbo,2279.0,0.25,359.0,0.8,764.0,0.7,3110.0,0,0.15
0583720010203800010105,Turbo,3852.0,0.25,3466.0,0.15,27052.0,0.05,36145.0,0,0.15
0514710000000000020407,Carepa,487.0,0.85,241.0,1.0,560.0,0.7,1569.0,0,0.35
0514720010700700010105,Carepa,6183.0,0.05,2441.0,0.35,4999.0,0.2,724.0,0,0.55
0514720011001000010120,Carepa,4341.0,0.25,739.0,0.6,532.0,0.7,1851.0,0,0.35
0517210000000000010531,Chigorodó,10455.0,0.05,443.0,0.8,926.0,0.7,2208.0,0,0.35
0517210000000000020227,Chigorodó,10580.0,0.05,166.0,1.0,862.0,0.7,2588.0,0,0.35
0517210000000000020318,Chigorodó,9989.0,0.05,53.0,1.0,312.0,0.7,2033.0,0,0.35
0517210000000000030105,Chigorodó,9276.0,0.05,265.0,1.0,541.0,0.7,1729.0,0,0.35
0517210000000000040101,Chigorodó,9233.0,0.05,102.0,1.0,379.0,0.7,1892.0,0,0.35
0517210000000000050813,Chigorodó,9924.0,0.05,152.0,1.0,103.0,0.9,1719.0,0,0.35
0517210000000000060110,Chigorodó,10081.0,0.05,63.0,1.0,407.0,0.7,2091.0,0,0.35
0517210000000000060203,Chigorodó,10098.0,0.05,106.0,1.0,123.0,0.9,1889.0,0,0.35
0517210000000000060210,Chigorodó,10257.0,0.05,230.0,1.0,271.0,0.9,2043.0,0,0.35
0517210000000000060504,Chigorodó,10342.0,0.05,304.0,0.8,414.0,0.7,2180.0,0,0.35
0517210000000000060602,Chigorodó,10413.0,0.05,132.0,1.0,404.0,0.7,2160.0,0,0.35
0517210000000000060616,Chigorodó,10525.0,0.05,175.0,1.0,514.0,0.7,2256.0,0,0.35
0517210000000000060902,Chigorodó,10716.0,0.05,200.0,1.0,852.0,0.7,2618.0,0,0.35
0517210000000000060928,Chigorodó,11080.0,0.05,567.0,0.8,1159.0,0.45,2930.0,0,0.35
0549020030200400010127,Necoclí,14613.0,0.05,14613.0,0.05,64225.0,0.05,62756.0,0,0.15
0583720110201800010101,Turbo,14143.0,0.05,3173.0,0.15,11540.0,0.05,13219.0,0,0.15
0505120020500300010105,Arboletes,22920.0,0.05,14050.0,0.05,61060.0,0.05,66733.0,0,0.15
0504520020500200010311,Apartadó,3292.0,0.25,256.0,1.0,1838.0,0.45,1023.0,0,0.35
0504520020300900010225,Apartadó,5168.0,0.05,483.0,0.8,263.0,0.9,1166.0,0,0.35
0505110000000000010142,Arboletes,234.0,0.85,538.0,0.8,85278.0,0.05,88022.0,0,0.15
0505110000000000010327,Arboletes,484.0,0.85,473.0,0.8,84373.0,0.05,87087.0,0,0.15
0505110000000000010336,Arboletes,462.0,0.85,453.0,0.8,84390.0,0.05,87088.0,0,0.15
0514710000000000010307,Carepa,926.0,0.7,84.0,1.0,57.0,1.0,979.0,0,0.55
0514720010601300010115,Carepa,4399.0,0.25,4399.0,0.15,598.0,0.7,304.0,0,0.55
0549020090501500010102,Necoclí,28558.0,0.05,475.0,0.8,38854.0,0.05,41052.0,0,0.15
0549010000000000010226,Necoclí,37045.0,0.05,31.0,1.0,37302.0,0.05,33432.0,0,0.15
0549010000000000010429,Necoclí,36774.0,0.05,299.0,1.0,37031.0,0.05,33159.0,0,0.15
0549010000000000010718,Necoclí,37908.0,0.05,168.0,1.0,38167.0,0.05,34287.0,0,0.15
0549020120600100010217,Necoclí,25683.0,0.05,696.0,0.8,25954.0,0.05,22040.0,0,0.15
0549020050401800010105,Necoclí,39939.0,0.05,1002.0,0.6,41564.0,0.05,37637.0,0,0.15
0565920010100100010115,San Juan de Urabá,8673.0,0.05,8673.0,0.05,70444.0,0.05,69696.0,0,0.15
0565920010300300010105,San Juan de Urabá,5777.0,0.05,5777.0,0.15,71232.0,0.05,71079.0,0,0.15
0583720090700100010718,Turbo,1162.0,0.5,911.0,0.6,294.0,0.9,629.0,0,0.55
0583720090700100010725,Turbo,798.0,0.7,671.0,0.8,261.0,0.9,580.0,0,0.55
0583720090700100020368,Turbo,841.0,0.7,815.0,0.6,632.0,0.7,1442.0,0,0.35
0583720100700200010101,Turbo,10605.0,0.05,563.0,0.8,570.0,0.7,1471.0,0,0.35
0583720100700200010312,Turbo,10038.0,0.05,263.0,1.0,68.0,1.0,1275.0,0,0.35
0583720100400800010403,Turbo,4104.0,0.25,266.0,1.0,550.0,0.7,577.0,0,0.55
0583720020101300010107,Turbo,15506.0,0.05,169.0,1.0,31416.0,0.05,38338.0,0,0.15
0583720230401400010103,Turbo,29062.0,0.05,4735.0,0.15,12807.0,0.05,18027.0,0,0.15
0583720090602600010117,Turbo,4554.0,0.25,212.0,1.0,490.0,0.7,2356.0,0,0.35
0583720050604200010110,Turbo,15797.0,0.05,215.0,1.0,16167.0,0.05,24271.0,0,0.15
0505110000000000010402,Arboletes,12.0,1.0,12.0,1.0,85095.0,0.05,87745.0,0,0.15
0505110000000000011010,Arboletes,304.0,0.85,373.0,0.8,84528.0,0.05,87193.0,0,0.15
0549020030300200010108,Necoclí,25287.0,0.05,15379.0,0.05,60088.0,0.05,56395.0,0,0.15
0549020120301400010108,Necoclí,34332.0,0.05,86.0,1.0,35732.0,0.05,34045.0,0,0.15
0549020090501500010111,Necoclí,28581.0,0.05,181.0,1.0,38643.0,0.05,40777.0,0,0.15
0583720090700100020506,Turbo,697.0,0.7,422.0,0.8,99.0,1.0,827.0,0,0.55
0583720090700100020433,Turbo,1058.0,0.5,816.0,0.6,256.0,0.9,932.0,0,0.55
0583720090602600010121,Turbo,4482.0,0.25,166.0,1.0,499.0,0.7,2215.0,0,0.35
0514710000000000020432,Carepa,370.0,0.85,262.0,1.0,489.0,0.7,1692.0,0,0.35
0514710000000000030228,Carepa,443.0,0.85,282.0,1.0,23.0,1.0,1540.0,0,0.35
0517210000000000010311,Chigorodó,10059.0,0.05,85.0,1.0,896.0,0.7,1733.0,0,0.35
0517210000000000010806,Chigorodó,10726.0,0.05,752.0,0.6,1893.0,0.45,1322.0,0,0.35
0517210000000000020424,Chigorodó,10524.0,0.05,538.0,0.8,954.0,0.7,2294.0,0,0.35
0517210000000000030106,Chigorodó,9307.0,0.05,178.0,1.0,436.0,0.7,1833.0,0,0.35
0517210000000000050210,Chigorodó,9417.0,0.05,165.0,1.0,355.0,0.7,1515.0,0,0.35
0549020030200400010124,Necoclí,14380.0,0.05,14380.0,0.05,64381.0,0.05,62951.0,0,0.15
0549020050300500010213,Necoclí,32914.0,0.05,820.0,0.6,44429.0,0.05,41913.0,0,0.15
0565910000000000010233,San Juan de Urabá,397.0,0.85,397.0,0.8,73046.0,0.05,73997.0,0,0.15
0514710000000000010704,Carepa,617.0,0.7,230.0,1.0,357.0,0.7,1223.0,0,0.35
0514710000000000010719,Carepa,571.0,0.7,165.0,1.0,553.0,0.7,1436.0,0,0.35
0514710000000000020237,Carepa,1677.0,0.5,820.0,0.6,1744.0,0.45,2174.0,0,0.35
0514710000000000030413,Carepa,181.0,1.0,508.0,0.8,61.0,1.0,1773.0,0,0.35
0514710000000000030550,Carepa,408.0,0.85,612.0,0.8,304.0,0.7,2145.0,0,0.35
0517210000000000020430,Chigorodó,10603.0,0.05,576.0,0.8,1000.0,0.7,2375.0,0,0.35
0517210000000000060205,Chigorodó,10167.0,0.05,155.0,1.0,185.0,0.9,1956.0,0,0.35
0517210000000000060413,Chigorodó,10397.0,0.05,134.0,1.0,676.0,0.7,2385.0,0,0.35
0517210000000000060919,Chigorodó,10941.0,0.05,443.0,0.8,1122.0,0.45,2888.0,0,0.35
0517210000000000060920,Chigorodó,10922.0,0.05,408.0,0.8,1060.0,0.45,2830.0,0,0.35
0549020030200400010123,Necoclí,14656.0,0.05,14656.0,0.05,64428.0,0.05,62912.0,0,0.15
0565910000000000010706,San Juan de Urabá,583.0,0.7,583.0,0.8,72851.0,0.05,74008.0,0,0.15
0583720110201800010204,Turbo,14407.0,0.05,2892.0,0.35,11956.0,0.05,13397.0,0,0.15
0505110000000000010333,Arboletes,438.0,0.85,428.0,0.8,84415.0,0.05,87113.0,0,0.15
0505120020500300010110,Arboletes,23141.0,0.05,13905.0,0.05,60919.0,0.05,66637.0,0,0.15
0549010000000000010504,Necoclí,36415.0,0.05,825.0,0.6,36678.0,0.05,32787.0,0,0.15
0549020090501500010129,Necoclí,28399.0,0.05,377.0,0.8,38125.0,0.05,40221.0,0,0.15
0565910000000000010204,San Juan de Urabá,185.0,1.0,185.0,1.0,73102.0,0.05,74103.0,0,0.15
0566510000000000010910,San Pedro de Urabá,701.0,0.7,198.0,1.0,30027.0,0.05,39574.0,0,0.15
0583720090700100010216,Turbo,713.0,0.7,1012.0,0.6,533.0,0.7,357.0,0,0.55
0583720050200500010120,Turbo,9479.0,0.05,102.0,1.0,20114.0,0.05,29468.0,0,0.15
0504520050300100010101,Apartadó,5516.0,0.05,212.0,1.0,5334.0,0.2,4848.0,0,0.15
0504520030101500010108,Apartadó,4821.0,0.25,525.0,0.8,495.0,0.7,1627.0,0,0.35
0505110000000000010212,Arboletes,198.0,1.0,211.0,1.0,85293.0,0.05,87939.0,0,0.15
0505110000000000010536,Arboletes,742.0,0.7,1107.0,0.6,84326.0,0.05,86844.0,0,0.15
0505110000000000011028,Arboletes,397.0,0.85,579.0,0.8,84355.0,0.05,87003.0,0,0.15
0505120020500300010104,Arboletes,22961.0,0.05,14160.0,0.05,61173.0,0.05,66862.0,0,0.15
0514710000000000020602,Carepa,508.0,0.7,255.0,1.0,624.0,0.7,1706.0,0,0.35
0514710000000000010805,Carepa,949.0,0.7,133.0,1.0,220.0,0.9,828.0,0,0.55
0514710000000000030519,Carepa,377.0,0.85,639.0,0.8,189.0,0.9,1914.0,0,0.35
0549020050401800010109,Necoclí,40031.0,0.05,762.0,0.6,41356.0,0.05,37428.0,0,0.15
0549010000000000010104,Necoclí,36978.0,0.05,24.0,1.0,37232.0,0.05,33371.0,0,0.15
0549010000000000010121,Necoclí,37848.0,0.05,564.0,0.8,38103.0,0.05,34239.0,0,0.15
0549010000000000010614,Necoclí,38728.0,0.05,1138.0,0.6,38981.0,0.05,35125.0,0,0.15
0549010000000000010819,Necoclí,38295.0,0.05,403.0,0.8,38555.0,0.05,34674.0,0,0.15
0583720100700200020409,Turbo,9611.0,0.05,166.0,1.0,149.0,0.9,851.0,0,0.55
0565910000000000010130,San Juan de Urabá,855.0,0.7,855.0,0.6,72975.0,0.05,73807.0,0,0.15
0565920010100500010118,San Juan de Urabá,8231.0,0.05,8231.0,0.05,67717.0,0.05,67412.0,0,0.15
0566510000000000010213,San Pedro de Urabá,393.0,0.85,283.0,1.0,29638.0,0.05,39161.0,0,0.15
0583720090700100010514,Turbo,477.0,0.85,700.0,0.6,480.0,0.7,429.0,0,0.55
0583720090700100020427,Turbo,1001.0,0.5,799.0,0.6,298.0,0.9,1059.0,0,0.35
0583720100700200010520,Turbo,9763.0,0.05,119.0,1.0,68.0,1.0,997.0,0,0.55
0583720030700600010113,Turbo,15408.0,0.05,140.0,1.0,15662.0,0.05,11813.0,0,0.15
0583720050604200010101,Turbo,15600.0,0.05,73.0,1.0,16077.0,0.05,24297.0,0,0.15
0505110000000000011040,Arboletes,433.0,0.85,620.0,0.8,84315.0,0.05,86961.0,0,0.15
0566510000000000010127,San Pedro de Urabá,304.0,0.85,188.0,1.0,30042.0,0.05,39541.0,0,0.15
0583720090700100010119,Turbo,159.0,1.0,498.0,0.8,421.0,0.7,855.0,0,0.55
0583720100700200010304,Turbo,10066.0,0.05,164.0,1.0,106.0,0.9,1160.0,0,0.35
0583720100700200010411,Turbo,9768.0,0.05,141.0,1.0,401.0,0.7,892.0,0,0.55
0583720090102700010101,Turbo,4728.0,0.25,364.0,0.8,3645.0,0.2,4105.0,0,0.15
0514710000000000010106,Carepa,877.0,0.7,199.0,1.0,56.0,1.0,1091.0,0,0.35
0514710000000000020227,Carepa,1745.0,0.5,698.0,0.8,1764.0,0.45,2112.0,0,0.35
0514710000000000020423,Carepa,407.0,0.85,324.0,0.8,500.0,0.7,1624.0,0,0.35
0514710000000000030553,Carepa,485.0,0.85,597.0,0.8,405.0,0.7,2228.0,0,0.35
0517210000000000010533,Chigorodó,10279.0,0.05,205.0,1.0,897.0,0.7,1999.0,0,0.35
0517210000000000010615,Chigorodó,9706.0,0.05,4.0,1.0,485.0,0.7,1927.0,0,0.35
0517210000000000010617,Chigorodó,9731.0,0.05,33.0,1.0,575.0,0.7,1830.0,0,0.35
0517210000000000010809,Chigorodó,10855.0,0.05,809.0,0.6,1855.0,0.45,1580.0,0,0.35
0517210000000000020230,Chigorodó,10709.0,0.05,240.0,1.0,947.0,0.7,2693.0,0,0.35
0517210000000000020429,Chigorodó,10596.0,0.05,581.0,0.8,1029.0,0.45,2297.0,0,0.35
0517210000000000040115,Chigorodó,9325.0,0.05,116.0,1.0,132.0,0.9,2014.0,0,0.35
0517210000000000050506,Chigorodó,9703.0,0.05,121.0,1.0,346.0,0.7,1591.0,0,0.35
0517210000000000050520,Chigorodó,9896.0,0.05,203.0,1.0,157.0,0.9,1722.0,0,0.35
0517210000000000050528,Chigorodó,9699.0,0.05,41.0,1.0,233.0,0.9,1718.0,0,0.35
0517210000000000060206,Chigorodó,10207.0,0.05,198.0,1.0,230.0,0.9,2002.0,0,0.35
0517210000000000060824,Chigorodó,10700.0,0.05,367.0,0.8,714.0,0.7,2476.0,0,0.35
0565910000000000010708,San Juan de Urabá,412.0,0.85,412.0,0.8,72981.0,0.05,74107.0,0,0.15
0565910000000000010718,San Juan de Urabá,1169.0,0.5,1169.0,0.6,72672.0,0.05,73951.0,0,0.15
0565910000000000010806,San Juan de Urabá,520.0,0.7,520.0,0.8,72271.0,0.05,73342.0,0,0.15
0504520020300900010102,Apartadó,5793.0,0.05,249.0,1.0,372.0,0.7,634.0,0,0.55
0505110000000000010205,Arboletes,233.0,0.85,236.0,1.0,84996.0,0.05,87721.0,0,0.15
0549020120600100010218,Necoclí,25704.0,0.05,761.0,0.6,25976.0,0.05,22063.0,0,0.15
0514710000000000030627,Carepa,551.0,0.7,513.0,0.8,522.0,0.7,2279.0,0,0.35
0549020120600100010315,Necoclí,25757.0,0.05,971.0,0.6,26026.0,0.05,22118.0,0,0.15
0549020090501500010113,Necoclí,28698.0,0.05,207.0,1.0,38690.0,0.05,40777.0,0,0.15
0566510000000000010809,San Pedro de Urabá,93.0,1.0,60.0,1.0,29601.0,0.05,39035.0,0,0.15
0565910000000000010208,San Juan de Urabá,140.0,1.0,140.0,1.0,72853.0,0.05,73845.0,0,0.15
0583720090700100010111,Turbo,288.0,0.85,626.0,0.8,522.0,0.7,793.0,0,0.55
0583720090700100020110,Turbo,375.0,0.85,57.0,1.0,78.0,1.0,929.0,0,0.55
0583720090700100020205,Turbo,386.0,0.85,291.0,1.0,343.0,0.7,1123.0,0,0.35
0583720090700100020376,Turbo,1037.0,0.5,881.0,0.6,442.0,0.7,1219.0,0,0.35
0583720100700200010102,Turbo,10459.0,0.05,397.0,0.8,419.0,0.7,1437.0,0,0.35
0504520020300300010106,Apartadó,5307.0,0.05,157.0,1.0,390.0,0.7,1036.0,0,0.35
0504520020300900010321,Apartadó,5400.0,0.05,758.0,0.6,312.0,0.7,1306.0,0,0.35
0504520010301100010202,Apartadó,1419.0,0.5,173.0,1.0,597.0,0.7,318.0,0,0.55
0504520010301100010224,Apartadó,1447.0,0.5,305.0,0.8,442.0,0.7,482.0,0,0.55
0505110000000000010201,Arboletes,170.0,1.0,306.0,0.8,85361.0,0.05,88030.0,0,0.15
0505110000000000010809,Arboletes,97.0,1.0,708.0,0.6,84932.0,0.05,87751.0,0,0.15
0505110000000000011124,Arboletes,821.0,0.7,838.0,0.6,84006.0,0.05,86706.0,0,0.15
0505120030101100010108,Arboletes,14151.0,0.05,14151.0,0.05,63229.0,0.05,66811.0,0,0.15
0505120030101100010131,Arboletes,14632.0,0.05,14632.0,0.05,62889.0,0.05,66560.0,0,0.15
0514710000000000020719,Carepa,467.0,0.85,162.0,1.0,566.0,0.7,2050.0,0,0.35
0514710000000000030407,Carepa,41.0,1.0,466.0,0.8,183.0,0.9,1774.0,0,0.35
0517220060601500010114,Chigorodó,11669.0,0.05,1153.0,0.6,1741.0,0.45,3431.0,0,0.15
0517220060601500010104,Chigorodó,11901.0,0.05,1409.0,0.6,2044.0,0.45,3388.0,0,0.15
0549010000000000010408,Necoclí,36867.0,0.05,114.0,1.0,37125.0,0.05,33250.0,0,0.15
0549020120600100010226,Necoclí,25493.0,0.05,827.0,0.6,25765.0,0.05,21851.0,0,0.15
0549020120300300010137,Necoclí,33465.0,0.05,443.0,0.8,34574.0,0.05,33080.0,0,0.15
0549020050300500010102,Necoclí,32603.0,0.05,1130.0,0.6,44676.0,0.05,42211.0,0,0.15
0549020050300500010205,Necoclí,32814.0,0.05,912.0,0.6,44467.0,0.05,41987.0,0,0.15
0549020090200800010109,Necoclí,24125.0,0.05,7557.0,0.05,48850.0,0.05,49796.0,0,0.15
0549020120801600010106,Necoclí,28033.0,0.05,436.0,0.8,28704.0,0.05,29222.0,0,0.15
0565920010300300010117,San Juan de Urabá,5715.0,0.05,5715.0,0.15,70995.0,0.05,70874.0,0,0.15
0566510000000000010121,San Pedro de Urabá,425.0,0.85,148.0,1.0,29935.0,0.05,39459.0,0,0.15
0566510000000000010153,San Pedro de Urabá,522.0,0.7,125.0,1.0,30209.0,0.05,39721.0,0,0.15
0566510000000000010343,San Pedro de Urabá,242.0,0.85,242.0,1.0,29324.0,0.05,38771.0,0,0.15
0566510000000000010430,San Pedro de Urabá,1028.0,0.5,617.0,0.8,29458.0,0.05,39038.0,0,0.15
0566510000000000010730,San Pedro de Urabá,547.0,0.7,299.0,1.0,29575.0,0.05,39112.0,0,0.15
0583720090700100020125,Turbo,99.0,1.0,275.0,1.0,304.0,0.7,991.0,0,0.55
0583720090700100020317,Turbo,787.0,0.7,591.0,0.8,207.0,0.9,1018.0,0,0.35
0583720090700100020524,Turbo,863.0,0.7,562.0,0.8,69.0,1.0,699.0,0,0.55
0583720100700200010505,Turbo,9891.0,0.05,132.0,1.0,151.0,0.9,1137.0,0,0.35
0583720100700200020107,Turbo,9740.0,0.05,246.0,1.0,92.0,1.0,979.0,0,0.55
0583720100700200020206,Turbo,9696.0,0.05,204.0,1.0,450.0,0.7,890.0,0,0.55
0583720100700200020406,Turbo,9415.0,0.05,370.0,0.8,135.0,0.9,671.0,0,0.55
0583720100700200020520,Turbo,9369.0,0.05,526.0,0.8,267.0,0.9,735.0,0,0.55
0583720030700600010102,Turbo,15532.0,0.05,196.0,1.0,15790.0,0.05,11926.0,0,0.15
0583720240400900010105,Turbo,11604.0,0.05,200.0,1.0,11879.0,0.05,12845.0,0,0.15
0514710000000000010335,Carepa,1373.0,0.5,452.0,0.8,150.0,0.9,450.0,0,0.55
0514710000000000020239,Carepa,1736.0,0.5,853.0,0.6,1808.0,0.45,2230.0,0,0.35
0514710000000000020725,Carepa,675.0,0.7,209.0,1.0,785.0,0.7,2144.0,0,0.35
0514710000000000030105,Carepa,486.0,0.85,80.0,1.0,136.0,0.9,1286.0,0,0.35
0514710000000000030208,Carepa,314.0,0.85,227.0,1.0,121.0,0.9,1489.0,0,0.35
0514710000000000030216,Carepa,250.0,0.85,320.0,0.8,62.0,1.0,1587.0,0,0.35
0514710000000000030414,Carepa,136.0,1.0,582.0,0.8,47.0,1.0,1832.0,0,0.35
0514710000000000030521,Carepa,468.0,0.85,678.0,0.8,282.0,0.9,1947.0,0,0.35
0517210000000000010308,Chigorodó,10125.0,0.05,84.0,1.0,936.0,0.7,1765.0,0,0.35
0517210000000000010320,Chigorodó,10184.0,0.05,92.0,1.0,970.0,0.7,1803.0,0,0.35
0517210000000000020417,Chigorodó,10567.0,0.05,477.0,0.8,932.0,0.7,2448.0,0,0.35
0517210000000000020427,Chigorodó,10639.0,0.05,471.0,0.8,994.0,0.7,2496.0,0,0.35
0517210000000000030109,Chigorodó,9445.0,0.05,282.0,1.0,472.0,0.7,1815.0,0,0.35
0517210000000000030210,Chigorodó,9441.0,0.05,262.0,1.0,96.0,1.0,1998.0,0,0.35
0517210000000000050125,Chigorodó,9611.0,0.05,207.0,1.0,85.0,1.0,1845.0,0,0.35
0517210000000000050413,Chigorodó,9658.0,0.05,97.0,1.0,357.0,0.7,1485.0,0,0.35
0517210000000000060125,Chigorodó,10045.0,0.05,133.0,1.0,124.0,0.9,1858.0,0,0.35
0517210000000000060402,Chigorodó,10161.0,0.05,163.0,1.0,471.0,0.7,2194.0,0,0.35
0517210000000000060431,Chigorodó,10390.0,0.05,127.0,1.0,631.0,0.7,2352.0,0,0.35
0517210000000000060708,Chigorodó,10569.0,0.05,77.0,1.0,581.0,0.7,2220.0,0,0.35
0517210000000000060930,Chigorodó,11037.0,0.05,521.0,0.8,1152.0,0.45,2925.0,0,0.35
0565910000000000010309,San Juan de Urabá,46.0,1.0,46.0,1.0,73145.0,0.05,74189.0,0,0.15
0565910000000000010604,San Juan de Urabá,795.0,0.7,795.0,0.6,72660.0,0.05,73850.0,0,0.15
0565910000000000010616,San Juan de Urabá,423.0,0.85,423.0,0.8,72907.0,0.05,74030.0,0,0.15
0566510000000000030110,San Pedro de Urabá,499.0,0.85,257.0,1.0,29024.0,0.05,38466.0,0,0.15
0505110000000000011119,Arboletes,875.0,0.7,864.0,0.6,83986.0,0.05,86716.0,0,0.15
0505120060400100010114,Arboletes,30716.0,0.05,15771.0,0.05,65545.0,0.05,73139.0,0,0.15
0504520020300900010118,Apartadó,5586.0,0.05,214.0,1.0,241.0,0.9,815.0,0,0.55
0504520010301100010235,Apartadó,1705.0,0.5,599.0,0.8,166.0,0.9,385.0,0,0.55
0504520010101400010103,Apartadó,10955.0,0.05,285.0,1.0,3610.0,0.2,1021.0,0,0.35
0505110000000000010131,Arboletes,40.0,1.0,549.0,0.8,85100.0,0.05,87878.0,0,0.15
0505110000000000010544,Arboletes,639.0,0.7,966.0,0.6,84538.0,0.05,87055.0,0,0.15
0505110000000000010906,Arboletes,51.0,1.0,716.0,0.6,85055.0,0.05,87868.0,0,0.15
0505110000000000010916,Arboletes,188.0,1.0,793.0,0.6,85194.0,0.05,88010.0,0,0.15
0505120030101100010102,Arboletes,14243.0,0.05,14243.0,0.05,63344.0,0.05,66969.0,0,0.15
0505120030101100010107,Arboletes,14108.0,0.05,14108.0,0.05,63209.0,0.05,66775.0,0,0.15
0505120050401400010108,Arboletes,23570.0,0.05,78.0,1.0,47812.0,0.05,55233.0,0,0.15
0514710000000000010223,Carepa,1480.0,0.5,501.0,0.8,140.0,0.9,557.0,0,0.55
0514710000000000030537,Carepa,262.0,0.85,632.0,0.8,107.0,0.9,1964.0,0,0.35
0514710000000000030617,Carepa,482.0,0.85,394.0,0.8,496.0,0.7,2187.0,0,0.35
0549010000000000010610,Necoclí,39799.0,0.05,67.0,1.0,40055.0,0.05,36189.0,0,0.15
0549010000000000010716,Necoclí,37974.0,0.05,97.0,1.0,38233.0,0.05,34354.0,0,0.15
0549010000000000010913,Necoclí,38426.0,0.05,683.0,0.8,38687.0,0.05,34802.0,0,0.15
0549020120600100010413,Necoclí,26364.0,0.05,232.0,1.0,26640.0,0.05,22718.0,0,0.15
0549020050401800010106,Necoclí,40010.0,0.05,953.0,0.6,41498.0,0.05,37571.0,0,0.15
0565920020500200010107,San Juan de Urabá,8079.0,0.05,8079.0,0.05,66289.0,0.05,68528.0,0,0.15
0566510000000000010560,San Pedro de Urabá,573.0,0.7,217.0,1.0,30076.0,0.05,39492.0,0,0.15
0566520040200200010106,San Pedro de Urabá,15354.0,0.05,73.0,1.0,44086.0,0.05,52942.0,0,0.15
0583720090700100010124,Turbo,794.0,0.7,1133.0,0.6,514.0,0.7,454.0,0,0.55
0583720090700100020108,Turbo,250.0,0.85,183.0,1.0,74.0,1.0,893.0,0,0.55
0583720100700200020302,Turbo,9660.0,0.05,228.0,1.0,385.0,0.7,957.0,0,0.55
0583720020101300010110,Turbo,15549.0,0.05,76.0,1.0,31249.0,0.05,38152.0,0,0.15
0504520020500200010306,Apartadó,3284.0,0.25,120.0,1.0,1765.0,0.45,929.0,0,0.55
0505110000000000010522,Arboletes,221.0,0.85,555.0,0.8,84707.0,0.05,87291.0,0,0.15
0514710000000000010123,Carepa,531.0,0.7,87.0,1.0,92.0,1.0,1236.0,0,0.35
0514710000000000020621,Carepa,519.0,0.7,51.0,1.0,660.0,0.7,1914.0,0,0.35
0517220100400700010101,Chigorodó,22154.0,0.05,384.0,0.8,6148.0,0.2,13778.0,0,0.15
0583720090402400010106,Turbo,2688.0,0.25,1014.0,0.6,76.0,1.0,2517.0,0,0.35
0549010000000000010506,Necoclí,36611.0,0.05,583.0,0.8,36872.0,0.05,32985.0,0,0.15
0549020120600100010132,Necoclí,25418.0,0.05,755.0,0.6,25692.0,0.05,21773.0,0,0.15
0549020030300200010207,Necoclí,25041.0,0.05,15446.0,0.05,60139.0,0.05,56473.0,0,0.15
0549020090501500010115,Necoclí,28561.0,0.05,146.0,1.0,38606.0,0.05,40740.0,0,0.15
0583720090402400010126,Turbo,2891.0,0.25,1062.0,0.6,367.0,0.7,2406.0,0,0.35
0566510000000000010812,San Pedro de Urabá,240.0,0.85,240.0,1.0,29284.0,0.05,38710.0,0,0.15
0566510000000000011018,San Pedro de Urabá,1413.0,0.5,1043.0,0.6,29430.0,0.05,38707.0,0,0.15
0583720090700100010605,Turbo,494.0,0.85,339.0,0.8,91.0,1.0,837.0,0,0.55
0583720090700100020429,Turbo,979.0,0.7,760.0,0.6,237.0,0.9,995.0,0,0.55
0583720100700200010118,Turbo,10559.0,0.05,513.0,0.8,522.0,0.7,1468.0,0,0.35
0583720100700200020309,Turbo,9576.0,0.05,314.0,0.8,356.0,0.7,890.0,0,0.55
0583720090600300010204,Turbo,7642.0,0.05,136.0,1.0,150.0,0.9,3383.0,0,0.15
0583720080301000010122,Turbo,5698.0,0.05,309.0,0.8,2978.0,0.45,3990.0,0,0.15
0583720090602600010106,Turbo,4510.0,0.25,121.0,1.0,454.0,0.7,2162.0,0,0.35
0583720090503500010103,Turbo,5801.0,0.05,3883.0,0.15,3734.0,0.2,2285.0,0,0.35
0583720050604200010108,Turbo,15710.0,0.05,109.0,1.0,16161.0,0.05,24304.0,0,0.15
0514710000000000020915,Carepa,1196.0,0.5,426.0,0.8,1313.0,0.45,1980.0,0,0.35
0514710000000000010324,Carepa,1141.0,0.5,207.0,1.0,72.0,1.0,687.0,0,0.55
0514710000000000010325,Carepa,1085.0,0.5,185.0,1.0,13.0,1.0,720.0,0,0.55
0514710000000000010329,Carepa,1092.0,0.5,239.0,1.0,66.0,1.0,686.0,0,0.55
0514710000000000020804,Carepa,1528.0,0.5,746.0,0.6,1619.0,0.45,2119.0,0,0.35
0514710000000000020431,Carepa,356.0,0.85,312.0,0.8,458.0,0.7,1645.0,0,0.35
0514710000000000020605,Carepa,544.0,0.7,199.0,1.0,677.0,0.7,1782.0,0,0.35
0514710000000000030115,Carepa,537.0,0.7,122.0,1.0,61.0,1.0,1354.0,0,0.35
0517210000000000010116,Chigorodó,10025.0,0.05,56.0,1.0,1217.0,0.45,1271.0,0,0.35
0517210000000000020317,Chigorodó,9975.0,0.05,100.0,1.0,296.0,0.9,2147.0,0,0.35
0517210000000000060434,Chigorodó,10170.0,0.05,197.0,1.0,477.0,0.7,2228.0,0,0.35
0517210000000000020403,Chigorodó,10304.0,0.05,490.0,0.8,682.0,0.7,2378.0,0,0.35
0517210000000000020431,Chigorodó,10649.0,0.05,574.0,0.8,1038.0,0.45,2405.0,0,0.35
0517210000000000050424,Chigorodó,9784.0,0.05,225.0,1.0,230.0,0.9,1575.0,0,0.35
0517210000000000060321,Chigorodó,10316.0,0.05,205.0,1.0,544.0,0.7,2261.0,0,0.35
0517210000000000060419,Chigorodó,10476.0,0.05,96.0,1.0,744.0,0.7,2465.0,0,0.35
0517210000000000060703,Chigorodó,10586.0,0.05,191.0,1.0,574.0,0.7,2277.0,0,0.35
0517210000000000060823,Chigorodó,10663.0,0.05,343.0,0.8,680.0,0.7,2444.0,0,0.35
0517210000000000061005,Chigorodó,10683.0,0.05,192.0,1.0,683.0,0.7,2339.0,0,0.35
0517210000000000061006,Chigorodó,10679.0,0.05,170.0,1.0,692.0,0.7,2319.0,0,0.35
0517210000000000061015,Chigorodó,10833.0,0.05,327.0,0.8,836.0,0.7,2475.0,0,0.35
0549020030200400010125,Necoclí,14772.0,0.05,14772.0,0.05,64330.0,0.05,62799.0,0,0.15
0565910000000000010107,San Juan de Urabá,245.0,0.85,245.0,1.0,72695.0,0.05,73656.0,0,0.15
0565910000000000010136,San Juan de Urabá,821.0,0.7,821.0,0.6,72850.0,0.05,73686.0,0,0.15
0565910000000000010707,San Juan de Urabá,480.0,0.85,480.0,0.8,72919.0,0.05,74056.0,0,0.15
0583720110201800010102,Turbo,14209.0,0.05,3098.0,0.15,11656.0,0.05,13260.0,0,0.15
0583720110201800010112,Turbo,13961.0,0.05,3337.0,0.15,11715.0,0.05,12978.0,0,0.15
0583720110201800010202,Turbo,14312.0,0.05,2986.0,0.35,11924.0,0.05,13303.0,0,0.15
0504520020500200010120,Apartadó,3879.0,0.25,367.0,0.8,2370.0,0.45,553.0,1,0.9
0505110000000000010144,Arboletes,111.0,1.0,607.0,0.8,85082.0,0.05,87872.0,0,0.15
0514710000000000030516,Carepa,359.0,0.85,605.0,0.8,179.0,0.9,1880.0,0,0.35
0514720010601300010113,Carepa,4391.0,0.25,4391.0,0.15,566.0,0.7,368.0,0,0.55
0549010000000000010830,Necoclí,38132.0,0.05,385.0,0.8,38393.0,0.05,34510.0,0,0.15
0549020040400900010107,Necoclí,28408.0,0.05,6020.0,0.05,49570.0,0.05,47102.0,0,0.15
0565920010100500010123,San Juan de Urabá,8395.0,0.05,8395.0,0.05,67453.0,0.05,67152.0,0,0.15
0566510000000000010737,San Pedro de Urabá,571.0,0.7,187.0,1.0,29692.0,0.05,39233.0,0,0.15
0583720090700100010128,Turbo,517.0,0.7,855.0,0.6,535.0,0.7,707.0,0,0.55
0583720100700200010508,Turbo,9889.0,0.05,111.0,1.0,158.0,0.9,1127.0,0,0.35
0583720240400900010102,Turbo,12227.0,0.05,427.0,0.8,12504.0,0.05,13456.0,0,0.15
0583720090402400010108,Turbo,2855.0,0.25,1149.0,0.6,156.0,0.9,2356.0,0,0.35
0583720090103900010103,Turbo,4314.0,0.25,1622.0,0.35,4539.0,0.2,1846.0,0,0.35
0583720100400800010426,Turbo,4117.0,0.25,303.0,0.8,452.0,0.7,667.0,0,0.55
0504520020300900010319,Apartadó,5405.0,0.05,680.0,0.8,239.0,0.9,1241.0,0,0.35
0504520010301100010101,Apartadó,1363.0,0.5,251.0,1.0,1041.0,0.45,236.0,1,0.9
0504520010301100010102,Apartadó,1190.0,0.5,292.0,1.0,1106.0,0.45,393.0,0,0.55
0504520030101500010111,Apartadó,4918.0,0.25,513.0,0.8,427.0,0.7,1591.0,0,0.35
0505110000000000010229,Arboletes,191.0,1.0,217.0,1.0,85051.0,0.05,87754.0,0,0.15
0505120030101100010134,Arboletes,14553.0,0.05,14553.0,0.05,62537.0,0.05,66129.0,0,0.15
0549020120600100010123,Necoclí,25697.0,0.05,457.0,0.8,25972.0,0.05,22052.0,0,0.15
0514710000000000010806,Carepa,852.0,0.7,75.0,1.0,253.0,0.9,920.0,0,0.55
0514710000000000020106,Carepa,1003.0,0.5,289.0,1.0,863.0,0.7,1365.0,0,0.35
0514720010601300010103,Carepa,4405.0,0.25,4405.0,0.15,711.0,0.7,112.0,0,0.75
0583720090700100010414,Turbo,622.0,0.7,861.0,0.6,640.0,0.7,326.0,0,0.55
0549020120600100010302,Necoclí,25982.0,0.05,1057.0,0.6,26251.0,0.05,22345.0,0,0.15
0549010000000000010119,Necoclí,37744.0,0.05,335.0,0.8,38000.0,0.05,34132.0,0,0.15
0549020120600100010426,Necoclí,25868.0,0.05,352.0,0.8,26142.0,0.05,22224.0,0,0.15
0549020030300200010112,Necoclí,25365.0,0.05,15428.0,0.05,60143.0,0.05,56437.0,0,0.15
0549020030300200010117,Necoclí,25180.0,0.05,15859.0,0.05,60576.0,0.05,56865.0,0,0.15
0549020030300200010202,Necoclí,24984.0,0.05,15515.0,0.05,60206.0,0.05,56543.0,0,0.15
0549020030300200010224,Necoclí,25246.0,0.05,15037.0,0.05,59729.0,0.05,56065.0,0,0.15
0549020120300300010105,Necoclí,33006.0,0.05,180.0,1.0,34368.0,0.05,33085.0,0,0.15
0549020120300300010116,Necoclí,32833.0,0.05,280.0,1.0,34304.0,0.05,33106.0,0,0.15
0549020040400900010131,Necoclí,29731.0,0.05,4893.0,0.15,48587.0,0.05,45887.0,0,0.15
0549020120301400010106,Necoclí,34667.0,0.05,281.0,1.0,36032.0,0.05,34235.0,0,0.15
0565910000000000010210,San Juan de Urabá,126.0,1.0,126.0,1.0,72852.0,0.05,73871.0,0,0.15
0583720090700100010104,Turbo,656.0,0.7,983.0,0.6,556.0,0.7,420.0,0,0.55
0583720090700100010711,Turbo,827.0,0.7,638.0,0.8,108.0,0.9,719.0,0,0.55
0583720090700100020335,Turbo,910.0,0.7,831.0,0.6,547.0,0.7,1359.0,0,0.35
0583720100700200010108,Turbo,10276.0,0.05,210.0,1.0,251.0,0.9,1272.0,0,0.35
0583720100700200010511,Turbo,9870.0,0.05,155.0,1.0,174.0,0.9,1104.0,0,0.35
0583720100700200020503,Turbo,9412.0,0.05,453.0,0.8,227.0,0.9,737.0,0,0.55
0583720090600300010216,Turbo,7646.0,0.05,78.0,1.0,326.0,0.7,3543.0,0,0.15
0583720090603100010112,Turbo,4358.0,0.25,1089.0,0.6,994.0,0.7,1184.0,0,0.35
0517210000000000010511,Chigorodó,10091.0,0.05,31.0,1.0,849.0,0.7,1861.0,0,0.35
0517210000000000020602,Chigorodó,10987.0,0.05,723.0,0.6,1352.0,0.45,2579.0,0,0.35
0517210000000000030205,Chigorodó,9694.0,0.05,154.0,1.0,347.0,0.7,2135.0,0,0.35
0517210000000000060412,Chigorodó,10303.0,0.05,214.0,1.0,590.0,0.7,2284.0,0,0.35
0517210000000000061008,Chigorodó,10721.0,0.05,222.0,1.0,723.0,0.7,2371.0,0,0.35
0565910000000000010126,San Juan de Urabá,797.0,0.7,797.0,0.6,71995.0,0.05,72961.0,0,0.15
0514710000000000020802,Carepa,1452.0,0.5,666.0,0.8,1522.0,0.45,2016.0,0,0.35
0514710000000000030108,Carepa,484.0,0.85,48.0,1.0,162.0,0.9,1319.0,0,0.35
0514710000000000030409,Carepa,110.0,1.0,490.0,0.8,93.0,1.0,1738.0,0,0.35
0514710000000000030543,Carepa,396.0,0.85,764.0,0.6,205.0,0.9,2038.0,0,0.35
0517210000000000010202,Chigorodó,10253.0,0.05,208.0,1.0,1139.0,0.45,1635.0,0,0.35
0517210000000000010314,Chigorodó,9929.0,0.05,133.0,1.0,829.0,0.7,1674.0,0,0.35
0517210000000000010325,Chigorodó,9712.0,0.05,149.0,1.0,842.0,0.7,1506.0,0,0.35
0517210000000000010614,Chigorodó,9762.0,0.05,6.0,1.0,510.0,0.7,1949.0,0,0.35
0517210000000000020306,Chigorodó,9990.0,0.05,146.0,1.0,334.0,0.7,2200.0,0,0.35
0517210000000000030217,Chigorodó,9398.0,0.05,278.0,1.0,26.0,1.0,1928.0,0,0.35
0517210000000000040112,Chigorodó,9247.0,0.05,32.0,1.0,166.0,0.9,2030.0,0,0.35
0517210000000000050326,Chigorodó,9549.0,0.05,351.0,0.8,549.0,0.7,1225.0,0,0.35
0517210000000000050501,Chigorodó,9624.0,0.05,32.0,1.0,224.0,0.9,1673.0,0,0.35
0517210000000000050525,Chigorodó,9751.0,0.05,149.0,1.0,336.0,0.7,1663.0,0,0.35
0517210000000000050803,Chigorodó,9897.0,0.05,174.0,1.0,132.0,0.9,1640.0,0,0.35
0517210000000000060306,Chigorodó,10171.0,0.05,246.0,1.0,321.0,0.7,2047.0,0,0.35
0517210000000000060723,Chigorodó,10554.0,0.05,102.0,1.0,624.0,0.7,2164.0,0,0.35
0517210000000000060918,Chigorodó,10900.0,0.05,402.0,0.8,1085.0,0.45,2849.0,0,0.35
0549020090501500010130,Necoclí,28474.0,0.05,411.0,0.8,38130.0,0.05,40189.0,0,0.15
0565910000000000010231,San Juan de Urabá,305.0,0.85,305.0,0.8,73145.0,0.05,74120.0,0,0.15
0565910000000000010417,San Juan de Urabá,332.0,0.85,332.0,0.8,73670.0,0.05,74725.0,0,0.15
0565910000000000010714,San Juan de Urabá,946.0,0.7,946.0,0.6,72829.0,0.05,74067.0,0,0.15
0566510000000000020125,San Pedro de Urabá,692.0,0.7,551.0,0.8,29323.0,0.05,38862.0,0,0.15
0583720110201800010302,Turbo,13979.0,0.05,3321.0,0.15,11845.0,0.05,12963.0,0,0.15
0504520010101400010109,Apartadó,11008.0,0.05,111.0,1.0,3875.0,0.2,938.0,0,0.55
0504520010101600010111,Apartadó,8634.0,0.05,1208.0,0.6,3817.0,0.2,295.0,0,0.55
0505110000000000011032,Arboletes,253.0,0.85,563.0,0.8,84486.0,0.05,87109.0,0,0.15
0514710000000000010215,Carepa,1487.0,0.5,503.0,0.8,205.0,0.9,618.0,0,0.55
0514710000000000020415,Carepa,440.0,0.85,292.0,1.0,525.0,0.7,1601.0,0,0.35
0514710000000000020712,Carepa,348.0,0.85,164.0,1.0,471.0,0.7,1916.0,0,0.35
0517220100400700010113,Chigorodó,22306.0,0.05,246.0,1.0,6310.0,0.2,13936.0,0,0.15
0549010000000000010906,Necoclí,38507.0,0.05,892.0,0.6,38769.0,0.05,34880.0,0,0.15
0549020120600100010422,Necoclí,26056.0,0.05,113.0,1.0,26331.0,0.05,22410.0,0,0.15
0549020120301000010106,Necoclí,31634.0,0.05,81.0,1.0,34143.0,0.05,33583.0,0,0.15
0549020090201200010101,Necoclí,24007.0,0.05,6458.0,0.05,48761.0,0.05,50260.0,0,0.15
0549020090501500010112,Necoclí,28621.0,0.05,183.0,1.0,38661.0,0.05,40779.0,0,0.15
0565920010100100010103,San Juan de Urabá,8533.0,0.05,8533.0,0.05,70522.0,0.05,69800.0,0,0.15
0566510000000000010164,San Pedro de Urabá,561.0,0.7,192.0,1.0,30270.0,0.05,39779.0,0,0.15
0566510000000000010407,San Pedro de Urabá,717.0,0.7,299.0,1.0,29635.0,0.05,39189.0,0,0.15
0566510000000000010541,San Pedro de Urabá,326.0,0.85,58.0,1.0,29924.0,0.05,39380.0,0,0.15
0566510000000000010806,San Pedro de Urabá,310.0,0.85,275.0,1.0,29652.0,0.05,39053.0,0,0.15
0583720090700100010133,Turbo,761.0,0.7,1095.0,0.6,478.0,0.7,381.0,0,0.55
0583720090700100020228,Turbo,304.0,0.85,52.0,1.0,181.0,0.9,1013.0,0,0.35
0583720090700100020352,Turbo,912.0,0.7,797.0,0.6,461.0,0.7,1271.0,0,0.35
0583720090700100020410,Turbo,669.0,0.7,412.0,0.8,122.0,0.9,876.0,0,0.55
0583720100700200020211,Turbo,9700.0,0.05,177.0,1.0,285.0,0.9,967.0,0,0.55
0583720090600300010214,Turbo,7542.0,0.05,175.0,1.0,389.0,0.7,3439.0,0,0.15
0583720030700600010109,Turbo,15445.0,0.05,235.0,1.0,15703.0,0.05,11838.0,0,0.15
0583720020101300010102,Turbo,15681.0,0.05,248.0,1.0,31189.0,0.05,38059.0,0,0.15
0583720090102700010103,Turbo,4598.0,0.25,236.0,1.0,3713.0,0.2,3972.0,0,0.15
0583720030802900010104,Turbo,10351.0,0.05,189.0,1.0,10606.0,0.05,6763.0,0,0.15
0504520010301100010111,Apartadó,1335.0,0.5,74.0,1.0,684.0,0.7,303.0,0,0.55
0504520020300900010217,Apartadó,5351.0,0.05,283.0,1.0,416.0,0.7,966.0,0,0.55
0505110000000000010106,Arboletes,141.0,1.0,389.0,0.8,85080.0,0.05,87826.0,0,0.15
0505110000000000010130,Arboletes,228.0,0.85,349.0,0.8,84880.0,0.05,87636.0,0,0.15
0505110000000000010408,Arboletes,93.0,1.0,93.0,1.0,85148.0,0.05,87786.0,0,0.15
0505110000000000011034,Arboletes,339.0,0.85,598.0,0.8,84399.0,0.05,87030.0,0,0.15
0505120030101100010121,Arboletes,14569.0,0.05,14569.0,0.05,62759.0,0.05,66392.0,0,0.15
0514710000000000020209,Carepa,1310.0,0.5,537.0,0.8,1298.0,0.45,1749.0,0,0.35
0517220070300300010113,Chigorodó,20936.0,0.05,627.0,0.8,7227.0,0.2,8373.0,0,0.15
0517220100400700010111,Chigorodó,22278.0,0.05,222.0,1.0,6299.0,0.2,13915.0,0,0.15
0549010000000000010314,Necoclí,37245.0,0.05,125.0,1.0,37502.0,0.05,33633.0,0,0.15
0549010000000000010330,Necoclí,37716.0,0.05,261.0,1.0,37973.0,0.05,34103.0,0,0.15
0549010000000000010431,Necoclí,36863.0,0.05,89.0,1.0,37122.0,0.05,33245.0,0,0.15
0549010000000000010721,Necoclí,37888.0,0.05,71.0,1.0,38147.0,0.05,34268.0,0,0.15
0549020030300200010129,Necoclí,25211.0,0.05,15808.0,0.05,60526.0,0.05,56814.0,0,0.15
0549020050300500010108,Necoclí,32747.0,0.05,986.0,0.6,44563.0,0.05,42074.0,0,0.15
0549020120301000010103,Necoclí,31625.0,0.05,165.0,1.0,34211.0,0.05,33673.0,0,0.15
0565920010300300010126,San Juan de Urabá,5485.0,0.05,5485.0,0.15,71414.0,0.05,71312.0,0,0.15
0566520040200200010114,San Pedro de Urabá,14956.0,0.05,375.0,0.8,43686.0,0.05,52549.0,0,0.15
0583720090600300010119,Turbo,7520.0,0.05,103.0,1.0,101.0,0.9,3188.0,0,0.15
0583720090700100010728,Turbo,1036.0,0.5,770.0,0.6,200.0,0.9,563.0,0,0.55
0583720090700100020409,Turbo,737.0,0.7,490.0,0.8,113.0,0.9,890.0,0,0.55
0583720090700100020512,Turbo,509.0,0.7,178.0,1.0,73.0,1.0,795.0,0,0.55
0583720090700100020526,Turbo,677.0,0.7,338.0,0.8,42.0,1.0,654.0,0,0.55
0583720100700200010415,Turbo,9817.0,0.05,82.0,1.0,288.0,0.9,1012.0,0,0.35
0583720090600300010304,Turbo,7815.0,0.05,20.0,1.0,142.0,0.9,3626.0,0,0.15
0583720090402400010118,Turbo,2735.0,0.25,980.0,0.6,199.0,0.9,2507.0,0,0.35
0583720030802900010108,Turbo,10233.0,0.05,92.0,1.0,10489.0,0.05,6643.0,0,0.15
0514710000000000010108,Carepa,727.0,0.7,108.0,1.0,38.0,1.0,1057.0,0,0.35
0514710000000000010115,Carepa,699.0,0.7,134.0,1.0,70.0,1.0,1194.0,0,0.35
0514710000000000020215,Carepa,1186.0,0.5,453.0,0.8,1131.0,0.45,1594.0,0,0.35
0514710000000000020244,Carepa,1247.0,0.5,521.0,0.8,1171.0,0.45,1580.0,0,0.35
0514710000000000020310,Carepa,750.0,0.7,255.0,1.0,888.0,0.7,2037.0,0,0.35
0514710000000000020519,Carepa,255.0,0.85,290.0,1.0,396.0,0.7,1723.0,0,0.35
0514720010700700010127,Carepa,6100.0,0.05,2395.0,0.35,4920.0,0.2,800.0,0,0.55
0514720010700700010133,Carepa,6061.0,0.05,2404.0,0.35,4888.0,0.2,889.0,0,0.55
0517210000000000020204,Chigorodó,9957.0,0.05,229.0,1.0,401.0,0.7,2280.0,0,0.35
0517210000000000020219,Chigorodó,10345.0,0.05,274.0,1.0,655.0,0.7,2426.0,0,0.35
0517210000000000020507,Chigorodó,10807.0,0.05,370.0,0.8,1078.0,0.45,2776.0,0,0.35
0517210000000000050106,Chigorodó,9363.0,0.05,109.0,1.0,262.0,0.9,1676.0,0,0.35
0517210000000000050129,Chigorodó,9567.0,0.05,234.0,1.0,177.0,0.9,1886.0,0,0.35
0517210000000000060213,Chigorodó,10293.0,0.05,205.0,1.0,301.0,0.7,2073.0,0,0.35
0517210000000000060809,Chigorodó,10514.0,0.05,284.0,1.0,547.0,0.7,2319.0,0,0.35
0517210000000000060913,Chigorodó,10846.0,0.05,334.0,0.8,1002.0,0.45,2769.0,0,0.35
0565910000000000010132,San Juan de Urabá,863.0,0.7,863.0,0.6,72885.0,0.05,73712.0,0,0.15
0565910000000000010202,San Juan de Urabá,324.0,0.85,324.0,0.8,73014.0,0.05,73983.0,0,0.15
0566510000000000020105,San Pedro de Urabá,701.0,0.7,519.0,0.8,29357.0,0.05,38900.0,0,0.15
0505110000000000011104,Arboletes,616.0,0.7,605.0,0.8,84246.0,0.05,86969.0,0,0.15
0549010000000000010416,Necoclí,36575.0,0.05,22.0,1.0,36834.0,0.05,32957.0,0,0.15
0549020040400900010116,Necoclí,28527.0,0.05,5855.0,0.15,49399.0,0.05,46942.0,0,0.15
0583720050603700010105,Turbo,13153.0,0.05,3640.0,0.15,16597.0,0.05,25808.0,0,0.15
0504520020300900010109,Apartadó,5660.0,0.05,354.0,0.8,158.0,0.9,849.0,0,0.55
0504520020300900010121,Apartadó,5505.0,0.05,234.0,1.0,244.0,0.9,878.0,0,0.55
0504520020300900010216,Apartadó,5308.0,0.05,320.0,0.8,461.0,0.7,990.0,0,0.55
0504520010301100010226,Apartadó,1554.0,0.5,467.0,0.8,280.0,0.9,412.0,0,0.55
0505110000000000010223,Arboletes,273.0,0.85,363.0,0.8,85442.0,0.05,88096.0,0,0.15
0505110000000000011023,Arboletes,374.0,0.85,630.0,0.8,84364.0,0.05,86994.0,0,0.15
0505110000000000011042,Arboletes,547.0,0.7,771.0,0.6,84191.0,0.05,86823.0,0,0.15
0505120050401400010102,Arboletes,23627.0,0.05,174.0,1.0,47804.0,0.05,55207.0,0,0.15
0514710000000000020511,Carepa,223.0,0.85,328.0,0.8,315.0,0.7,1913.0,0,0.35
0514710000000000020707,Carepa,539.0,0.7,63.0,1.0,662.0,0.7,2009.0,0,0.35
0549010000000000010130,Necoclí,37468.0,0.05,287.0,1.0,37724.0,0.05,33859.0,0,0.15
0549010000000000010201,Necoclí,37192.0,0.05,50.0,1.0,37448.0,0.05,33582.0,0,0.15
0549010000000000010212,Necoclí,36969.0,0.05,127.0,1.0,37225.0,0.05,33357.0,0,0.15
0549010000000000010708,Necoclí,38108.0,0.05,270.0,1.0,38368.0,0.05,34487.0,0,0.15
0549020120600100010116,Necoclí,25625.0,0.05,569.0,0.8,25898.0,0.05,21980.0,0,0.15
0549020120600100010233,Necoclí,25482.0,0.05,807.0,0.6,25755.0,0.05,21840.0,0,0.15
0549020120600100010410,Necoclí,26214.0,0.05,70.0,1.0,26489.0,0.05,22569.0,0,0.15
0549020120300300010114,Necoclí,32804.0,0.05,302.0,0.8,34400.0,0.05,33241.0,0,0.15
0549020120101100010103,Necoclí,32481.0,0.05,255.0,1.0,32763.0,0.05,28835.0,0,0.15
0565920010100500010124,San Juan de Urabá,8152.0,0.05,8152.0,0.05,67775.0,0.05,67482.0,0,0.15
0566510000000000010350,San Pedro de Urabá,648.0,0.7,48.0,1.0,28935.0,0.05,38398.0,0,0.15
0566510000000000010726,San Pedro de Urabá,389.0,0.85,147.0,1.0,29849.0,0.05,39372.0,0,0.15
0566510000000000010807,San Pedro de Urabá,130.0,1.0,21.0,1.0,29644.0,0.05,39071.0,0,0.15
0566510000000000030101,San Pedro de Urabá,504.0,0.7,504.0,0.8,29059.0,0.05,38470.0,0,0.15
0566520010100400010118,San Pedro de Urabá,31150.0,0.05,8330.0,0.05,58565.0,0.05,66672.0,0,0.15
0583720090700100010727,Turbo,1009.0,0.5,741.0,0.6,181.0,0.9,565.0,0,0.55
0583720090700100020220,Turbo,522.0,0.7,228.0,1.0,117.0,0.9,867.0,0,0.55
0583720090700100020225,Turbo,225.0,0.85,156.0,1.0,274.0,0.9,1070.0,0,0.35
0583720090700100020334,Turbo,948.0,0.7,864.0,0.6,560.0,0.7,1370.0,0,0.35
0583720090700100020349,Turbo,1021.0,0.5,902.0,0.6,522.0,0.7,1318.0,0,0.35
0583720090700100020503,Turbo,503.0,0.7,171.0,1.0,54.0,1.0,827.0,0,0.55
0583720090600300010337,Turbo,6865.0,0.05,817.0,0.6,181.0,0.9,3543.0,0,0.15
0583720090302300010108,Turbo,2403.0,0.25,520.0,0.8,614.0,0.7,2948.0,0,0.35
0583720090402400010109,Turbo,2849.0,0.25,1125.0,0.6,170.0,0.9,2371.0,0,0.35
0583720090602600010111,Turbo,4600.0,0.25,99.0,1.0,359.0,0.7,2133.0,0,0.35
0583720090103900010111,Turbo,4117.0,0.25,1390.0,0.6,4327.0,0.2,1857.0,0,0.35
0504520050300100010113,Apartadó,5673.0,0.05,125.0,1.0,5504.0,0.2,5049.0,0,0.15
0514710000000000010205,Carepa,1280.0,0.5,296.0,1.0,262.0,0.9,699.0,0,0.55
0514710000000000020416,Carepa,447.0,0.85,275.0,1.0,518.0,0.7,1565.0,0,0.35
0514710000000000030602,Carepa,368.0,0.85,269.0,1.0,440.0,0.7,2033.0,0,0.35
0549010000000000010615,Necoclí,38424.0,0.05,1315.0,0.6,38677.0,0.05,34823.0,0,0.15
0549010000000000010703,Necoclí,38193.0,0.05,371.0,0.8,38453.0,0.05,34571.0,0,0.15
0549010000000000010709,Necoclí,38130.0,0.05,249.0,1.0,38389.0,0.05,34509.0,0,0.15
0565910000000000010133,San Juan de Urabá,844.0,0.7,844.0,0.6,72869.0,0.05,73700.0,0,0.15
0565920010100100010114,San Juan de Urabá,8771.0,0.05,8771.0,0.05,70506.0,0.05,69731.0,0,0.15
0566510000000000010155,San Pedro de Urabá,424.0,0.85,173.0,1.0,30163.0,0.05,39664.0,0,0.15
0583720020101300010116,Turbo,15496.0,0.05,187.0,1.0,31082.0,0.05,37987.0,0,0.15
0583720100700200010208,Turbo,9949.0,0.05,148.0,1.0,371.0,0.7,877.0,0,0.55
0583720100400800010106,Turbo,4256.0,0.25,418.0,0.8,566.0,0.7,622.0,0,0.55
0583720100400800010205,Turbo,4664.0,0.25,186.0,1.0,252.0,0.9,391.0,0,0.55
0583720030803200010108,Turbo,11758.0,0.05,408.0,0.8,12020.0,0.05,8143.0,0,0.15
0514710000000000010229,Carepa,1425.0,0.5,459.0,0.8,101.0,0.9,513.0,0,0.55
0514710000000000020226,Carepa,1740.0,0.5,638.0,0.8,1739.0,0.45,2061.0,0,0.35
0514710000000000020610,Carepa,465.0,0.85,166.0,1.0,605.0,0.7,1783.0,0,0.35
0514710000000000020806,Carepa,1425.0,0.5,643.0,0.8,1520.0,0.45,2051.0,0,0.35
0514710000000000030117,Carepa,451.0,0.85,89.0,1.0,136.0,0.9,1364.0,0,0.35
0514710000000000030222,Carepa,544.0,0.7,232.0,1.0,62.0,1.0,1446.0,0,0.35
0514710000000000030419,Carepa,360.0,0.85,543.0,0.8,288.0,0.9,2102.0,0,0.35
0514710000000000030621,Carepa,492.0,0.85,557.0,0.8,434.0,0.7,2234.0,0,0.35
0514710000000000030638,Carepa,642.0,0.7,385.0,0.8,681.0,0.7,2291.0,0,0.35
0514720010700700010129,Carepa,6057.0,0.05,2356.0,0.35,4877.0,0.2,810.0,0,0.55
0517210000000000010606,Chigorodó,10125.0,0.05,150.0,1.0,776.0,0.7,1992.0,0,0.35
0517210000000000020210,Chigorodó,9809.0,0.05,80.0,1.0,311.0,0.7,2168.0,0,0.35
0517210000000000020334,Chigorodó,10017.0,0.05,129.0,1.0,324.0,0.7,2109.0,0,0.35
0517210000000000020423,Chigorodó,10611.0,0.05,370.0,0.8,942.0,0.7,2574.0,0,0.35
0517210000000000030211,Chigorodó,9488.0,0.05,242.0,1.0,110.0,0.9,1992.0,0,0.35
0517210000000000040111,Chigorodó,9264.0,0.05,70.0,1.0,284.0,0.9,1984.0,0,0.35
0517210000000000050323,Chigorodó,9603.0,0.05,21.0,1.0,358.0,0.7,1568.0,0,0.35
0517210000000000050420,Chigorodó,9795.0,0.05,291.0,1.0,251.0,0.9,1521.0,0,0.35
0517210000000000050430,Chigorodó,9729.0,0.05,212.0,1.0,294.0,0.9,1488.0,0,0.35
0517210000000000050712,Chigorodó,9703.0,0.05,461.0,0.8,541.0,0.7,1307.0,0,0.35
0517210000000000050805,Chigorodó,9933.0,0.05,172.0,1.0,148.0,0.9,1644.0,0,0.35
0517210000000000060124,Chigorodó,9955.0,0.05,177.0,1.0,163.0,0.9,1798.0,0,0.35
0517210000000000060317,Chigorodó,10274.0,0.05,278.0,1.0,444.0,0.7,2176.0,0,0.35
0517210000000000060506,Chigorodó,10377.0,0.05,150.0,1.0,572.0,0.7,2307.0,0,0.35
0517210000000000060609,Chigorodó,10464.0,0.05,223.0,1.0,472.0,0.7,2239.0,0,0.35
0517210000000000060610,Chigorodó,10502.0,0.05,232.0,1.0,507.0,0.7,2271.0,0,0.35
0517210000000000060932,Chigorodó,11099.0,0.05,587.0,0.8,1231.0,0.45,3003.0,0,0.15
0549020030200400010101,Necoclí,14576.0,0.05,14576.0,0.05,64500.0,0.05,62995.0,0,0.15
0565910000000000010134,San Juan de Urabá,813.0,0.7,813.0,0.6,72904.0,0.05,73743.0,0,0.15
0565910000000000010518,San Juan de Urabá,39.0,1.0,39.0,1.0,73892.0,0.05,75001.0,0,0.15
0566510000000000011007,San Pedro de Urabá,1479.0,0.5,1041.0,0.6,29625.0,0.05,38893.0,0,0.15
0583720110201800010213,Turbo,14417.0,0.05,2896.0,0.35,12176.0,0.05,13352.0,0,0.15
0514710000000000020207,Carepa,1294.0,0.5,535.0,0.8,1257.0,0.45,1687.0,0,0.35
0549010000000000010118,Necoclí,37360.0,0.05,181.0,1.0,37616.0,0.05,33750.0,0,0.15
0549010000000000010706,Necoclí,38160.0,0.05,281.0,1.0,38419.0,0.05,34539.0,0,0.15
0549020030300200010203,Necoclí,25022.0,0.05,15507.0,0.05,60201.0,0.05,56533.0,0,0.15
0549020120100700010114,Necoclí,35378.0,0.05,1770.0,0.35,35650.0,0.05,31736.0,0,0.15
0565920010300300010102,San Juan de Urabá,5912.0,0.05,5912.0,0.15,71246.0,0.05,71061.0,0,0.15
0566520010100400010117,San Pedro de Urabá,31039.0,0.05,8235.0,0.05,58465.0,0.05,66578.0,0,0.15
0583720100700200010206,Turbo,10040.0,0.05,166.0,1.0,372.0,0.7,902.0,0,0.55
0583720100400800010112,Turbo,4264.0,0.25,392.0,0.8,499.0,0.7,675.0,0,0.55
0583720100400800010407,Turbo,4220.0,0.25,328.0,0.8,412.0,0.7,738.0,0,0.55
0504520050300100010103,Apartadó,5683.0,0.05,31.0,1.0,5505.0,0.2,5028.0,0,0.15
0504520020500200010304,Apartadó,3375.0,0.25,22.0,1.0,1805.0,0.45,955.0,0,0.55
0504520020300900010328,Apartadó,5391.0,0.05,796.0,0.6,349.0,0.7,1341.0,0,0.35
0504520010301100010201,Apartadó,1465.0,0.5,202.0,1.0,613.0,0.7,271.0,0,0.55
0504520010301100010203,Apartadó,1370.0,0.5,191.0,1.0,556.0,0.7,408.0,0,0.55
0504520030101500010117,Apartadó,4859.0,0.25,681.0,0.8,639.0,0.7,1783.0,0,0.35
0505110000000000010321,Arboletes,412.0,0.85,401.0,0.8,84456.0,0.05,87178.0,0,0.15
0505110000000000010704,Arboletes,149.0,1.0,603.0,0.8,84874.0,0.05,87676.0,0,0.15
0505110000000000010907,Arboletes,80.0,1.0,755.0,0.6,85044.0,0.05,87865.0,0,0.15
0505120060400100010101,Arboletes,30914.0,0.05,15806.0,0.05,65642.0,0.05,73262.0,0,0.15
0505120030200800010112,Arboletes,17243.0,0.05,14076.0,0.05,57716.0,0.05,61111.0,0,0.15
0514710000000000020303,Carepa,661.0,0.7,207.0,1.0,810.0,0.7,1905.0,0,0.35
0514710000000000020514,Carepa,345.0,0.85,245.0,1.0,433.0,0.7,1995.0,0,0.35
0549010000000000010108,Necoclí,36911.0,0.05,77.0,1.0,37166.0,0.05,33304.0,0,0.15
0549010000000000010214,Necoclí,36673.0,0.05,140.0,1.0,36929.0,0.05,33062.0,0,0.15
0549010000000000010313,Necoclí,37251.0,0.05,134.0,1.0,37507.0,0.05,33640.0,0,0.15
0549010000000000010403,Necoclí,36958.0,0.05,148.0,1.0,37216.0,0.05,33342.0,0,0.15
0549020120600100010135,Necoclí,25459.0,0.05,691.0,0.8,25733.0,0.05,21814.0,0,0.15
0549020120600100010318,Necoclí,25920.0,0.05,1167.0,0.6,26188.0,0.05,22284.0,0,0.15
0549020120300300010129,Necoclí,33357.0,0.05,269.0,1.0,34639.0,0.05,33223.0,0,0.15
0549020120600600010105,Necoclí,30337.0,0.05,518.0,0.8,30607.0,0.05,26695.0,0,0.15
0549020050401800010107,Necoclí,39976.0,0.05,923.0,0.6,41493.0,0.05,37565.0,0,0.15
0566510000000000010410,San Pedro de Urabá,867.0,0.7,438.0,0.8,29575.0,0.05,39142.0,0,0.15
0566510000000000010419,San Pedro de Urabá,922.0,0.7,519.0,0.8,29499.0,0.05,39070.0,0,0.15
0566510000000000010429,San Pedro de Urabá,966.0,0.7,536.0,0.8,29530.0,0.05,39106.0,0,0.15
0566520040200200010102,San Pedro de Urabá,15561.0,0.05,265.0,1.0,44275.0,0.05,53122.0,0,0.15
0583720090700100010109,Turbo,252.0,0.85,588.0,0.8,523.0,0.7,877.0,0,0.55
0583720090700100010112,Turbo,373.0,0.85,707.0,0.6,580.0,0.7,699.0,0,0.55
0583720090700100010118,Turbo,872.0,0.7,1186.0,0.6,347.0,0.7,186.0,0,0.75
0583720090700100010137,Turbo,497.0,0.85,837.0,0.6,616.0,0.7,649.0,0,0.55
0583720090700100010508,Turbo,258.0,0.85,501.0,0.8,312.0,0.7,644.0,0,0.55
0583720090700100010721,Turbo,829.0,0.7,520.0,0.8,293.0,0.9,520.0,0,0.55
0583720090700100020325,Turbo,874.0,0.7,826.0,0.6,600.0,0.7,1412.0,0,0.35
0583720090700100020402,Turbo,704.0,0.7,477.0,0.8,164.0,0.9,938.0,0,0.55
0583720100700200010307,Turbo,10130.0,0.05,298.0,1.0,103.0,0.9,1321.0,0,0.35
0583720100700200020407,Turbo,9510.0,0.05,286.0,1.0,232.0,0.9,771.0,0,0.55
0583720100700200020413,Turbo,9471.0,0.05,316.0,0.8,192.0,0.9,727.0,0,0.55
0583720050200500010111,Turbo,9684.0,0.05,140.0,1.0,19896.0,0.05,29264.0,0,0.15
0583720100400800010302,Turbo,4560.0,0.25,130.0,1.0,248.0,0.9,515.0,0,0.55
0583720070201200010107,Turbo,17781.0,0.05,6.0,1.0,12531.0,0.05,21294.0,0,0.15
0583720050202800010105,Turbo,12572.0,0.05,62.0,1.0,20436.0,0.05,28544.0,0,0.15
0583720030802900010110,Turbo,10203.0,0.05,50.0,1.0,10462.0,0.05,6603.0,0,0.15
0583720050603700010102,Turbo,13233.0,0.05,3737.0,0.15,16556.0,0.05,25737.0,0,0.15
0583720090103900010114,Turbo,4061.0,0.25,1281.0,0.6,4256.0,0.2,1920.0,0,0.35
0514710000000000010131,Carepa,740.0,0.7,201.0,1.0,139.0,0.9,1219.0,0,0.35
0514710000000000010406,Carepa,909.0,0.7,127.0,1.0,144.0,0.9,891.0,0,0.55
0514710000000000010802,Carepa,926.0,0.7,160.0,1.0,89.0,1.0,818.0,0,0.55
0514720010700700010115,Carepa,6455.0,0.05,2400.0,0.35,5248.0,0.2,376.0,0,0.55
0517210000000000010611,Chigorodó,9963.0,0.05,85.0,1.0,641.0,0.7,2023.0,0,0.35
0517210000000000020332,Chigorodó,9947.0,0.05,65.0,1.0,321.0,0.7,1880.0,0,0.35
0517210000000000020426,Chigorodó,10602.0,0.05,472.0,0.8,962.0,0.7,2472.0,0,0.35
0517210000000000050406,Chigorodó,9678.0,0.05,224.0,1.0,361.0,0.7,1414.0,0,0.35
0517210000000000050421,Chigorodó,9793.0,0.05,280.0,1.0,242.0,0.9,1530.0,0,0.35
0517210000000000060309,Chigorodó,10229.0,0.05,209.0,1.0,513.0,0.7,2196.0,0,0.35
0517210000000000060426,Chigorodó,10603.0,0.05,112.0,1.0,820.0,0.7,2565.0,0,0.35
0517210000000000060617,Chigorodó,10539.0,0.05,247.0,1.0,541.0,0.7,2302.0,0,0.35
0517210000000000061001,Chigorodó,10605.0,0.05,103.0,1.0,617.0,0.7,2252.0,0,0.35
0549020090501500010126,Necoclí,28517.0,0.05,195.0,1.0,38319.0,0.05,40405.0,0,0.15
0565910000000000010308,San Juan de Urabá,134.0,1.0,134.0,1.0,73221.0,0.05,74273.0,0,0.15
0565910000000000010138,San Juan de Urabá,632.0,0.7,632.0,0.8,72766.0,0.05,73642.0,0,0.15
0565910000000000010522,San Juan de Urabá,275.0,0.85,275.0,1.0,73634.0,0.05,74723.0,0,0.15
0565910000000000010802,San Juan de Urabá,468.0,0.85,468.0,0.8,72331.0,0.05,73400.0,0,0.15
0566510000000000020123,San Pedro de Urabá,893.0,0.7,708.0,0.6,29027.0,0.05,38565.0,0,0.15
0566510000000000030111,San Pedro de Urabá,550.0,0.7,300.0,0.8,28967.0,0.05,38404.0,0,0.15
0583720110201800010216,Turbo,14344.0,0.05,2970.0,0.35,12151.0,0.05,13278.0,0,0.15
0583720110201800010306,Turbo,14248.0,0.05,3051.0,0.15,11931.0,0.05,13231.0,0,0.15
0583720110201800010311,Turbo,14048.0,0.05,3255.0,0.15,11935.0,0.05,13014.0,0,0.15
0583720110201800010323,Turbo,14021.0,0.05,3299.0,0.15,12077.0,0.05,12947.0,0,0.15
0505110000000000010302,Arboletes,306.0,0.85,295.0,1.0,84564.0,0.05,87282.0,0,0.15
0505110000000000011108,Arboletes,702.0,0.7,692.0,0.8,84161.0,0.05,86888.0,0,0.15
0505120030200800010101,Arboletes,16915.0,0.05,14401.0,0.05,58035.0,0.05,61391.0,0,0.15
0505120050401400010111,Arboletes,23582.0,0.05,121.0,1.0,47858.0,0.05,55285.0,0,0.15
0505120050401400010114,Arboletes,23451.0,0.05,44.0,1.0,47710.0,0.05,55140.0,0,0.15
0514710000000000020418,Carepa,364.0,0.85,360.0,0.8,413.0,0.7,1533.0,0,0.35
0514710000000000030426,Carepa,243.0,0.85,456.0,0.8,236.0,0.9,1984.0,0,0.35
0517220060601500010112,Chigorodó,12024.0,0.05,1523.0,0.35,2144.0,0.45,3460.0,0,0.15
0549010000000000010306,Necoclí,37412.0,0.05,145.0,1.0,37669.0,0.05,33797.0,0,0.15
0549020120600100010114,Necoclí,25607.0,0.05,553.0,0.8,25881.0,0.05,21962.0,0,0.15
0549020120600100010225,Necoclí,25473.0,0.05,787.0,0.6,25746.0,0.05,21830.0,0,0.15
0549020040400900010130,Necoclí,29733.0,0.05,4838.0,0.15,48523.0,0.05,45847.0,0,0.15
0549020120801600010107,Necoclí,28102.0,0.05,370.0,0.8,28746.0,0.05,29229.0,0,0.15
0565920010300300010112,San Juan de Urabá,5738.0,0.05,5738.0,0.15,71216.0,0.05,71072.0,0,0.15
0566510000000000010113,San Pedro de Urabá,236.0,0.85,231.0,1.0,29890.0,0.05,39396.0,0,0.15
0566510000000000010207,San Pedro de Urabá,98.0,1.0,216.0,1.0,29768.0,0.05,39263.0,0,0.15
0583720100700200020416,Turbo,9550.0,0.05,243.0,1.0,151.0,0.9,784.0,0,0.55
0583720090700100020367,Turbo,796.0,0.7,765.0,0.6,597.0,0.7,1404.0,0,0.35
0583720100700200020314,Turbo,9507.0,0.05,358.0,0.8,273.0,0.9,809.0,0,0.55
0583720050200500010115,Turbo,9356.0,0.05,278.0,1.0,20199.0,0.05,29596.0,0,0.15
0583720100400800010417,Turbo,4175.0,0.25,329.0,0.8,355.0,0.7,771.0,0,0.55
0583720020101300010115,Turbo,15511.0,0.05,258.0,1.0,31022.0,0.05,37920.0,0,0.15
0583720020101300010208,Turbo,15272.0,0.05,205.0,1.0,31222.0,0.05,38185.0,0,0.15
0583720090402400010112,Turbo,2745.0,0.25,1026.0,0.6,132.0,0.9,2477.0,0,0.35
0583720010204000010102,Turbo,7178.0,0.05,3192.0,0.15,28667.0,0.05,37145.0,0,0.15
0504520020500200010105,Apartadó,3826.0,0.25,343.0,0.8,2346.0,0.45,630.0,0,0.55
0505110000000000010414,Arboletes,243.0,0.85,262.0,1.0,84998.0,0.05,87606.0,0,0.15
0514710000000000030305,Carepa,494.0,0.85,112.0,1.0,160.0,0.9,1252.0,0,0.35
0549020120600100010221,Necoclí,25574.0,0.05,866.0,0.6,25845.0,0.05,21932.0,0,0.15
0565920010300300010132,San Juan de Urabá,5533.0,0.05,5533.0,0.15,71360.0,0.05,71252.0,0,0.15
0566520040200800010108,San Pedro de Urabá,20038.0,0.05,1556.0,0.35,45747.0,0.05,53649.0,0,0.15
0583720090700100010207,Turbo,363.0,0.85,691.0,0.8,552.0,0.7,697.0,0,0.55
0583720090700100020302,Turbo,749.0,0.7,620.0,0.8,358.0,0.7,1165.0,0,0.35
0583720090700100020502,Turbo,472.0,0.85,138.0,1.0,58.0,1.0,833.0,0,0.55
0583720090700100020516,Turbo,640.0,0.7,308.0,0.8,29.0,1.0,713.0,0,0.55
0583720100700200020116,Turbo,9332.0,0.05,446.0,0.8,108.0,0.9,572.0,0,0.55
0583720100700200020325,Turbo,9449.0,0.05,449.0,0.8,312.0,0.7,808.0,0,0.55
0583720080301000010108,Turbo,6008.0,0.05,194.0,1.0,2957.0,0.45,4058.0,0,0.15
0583720070201200010129,Turbo,18201.0,0.05,230.0,1.0,12145.0,0.05,20875.0,0,0.15
0583720020101300010114,Turbo,15590.0,0.05,258.0,1.0,31072.0,0.05,37955.0,0,0.15
0583720020101300010119,Turbo,15454.0,0.05,27.0,1.0,31260.0,0.05,38185.0,0,0.15
0583720090603000010103,Turbo,4728.0,0.25,923.0,0.6,905.0,0.7,1543.0,0,0.35
0514710000000000030103,Carepa,551.0,0.7,26.0,1.0,159.0,0.9,1270.0,0,0.35
0514710000000000030412,Carepa,237.0,0.85,496.0,0.8,107.0,0.9,1769.0,0,0.35
0517210000000000010315,Chigorodó,9893.0,0.05,165.0,1.0,814.0,0.7,1660.0,0,0.35
0517210000000000010503,Chigorodó,9788.0,0.05,85.0,1.0,688.0,0.7,1732.0,0,0.35
0517210000000000010510,Chigorodó,10025.0,0.05,87.0,1.0,805.0,0.7,1829.0,0,0.35
0517210000000000030203,Chigorodó,9629.0,0.05,199.0,1.0,304.0,0.7,2113.0,0,0.35
0517210000000000040116,Chigorodó,8838.0,0.05,357.0,0.8,461.0,0.7,2001.0,0,0.35
0517210000000000050610,Chigorodó,9682.0,0.05,195.0,1.0,4.0,1.0,1866.0,0,0.35
0517210000000000050708,Chigorodó,9699.0,0.05,348.0,0.8,410.0,0.7,1373.0,0,0.35
0517210000000000050713,Chigorodó,9783.0,0.05,710.0,0.6,922.0,0.7,1300.0,0,0.35
0517210000000000060117,Chigorodó,10075.0,0.05,187.0,1.0,301.0,0.7,1975.0,0,0.35
0517210000000000060518,Chigorodó,10531.0,0.05,181.0,1.0,610.0,0.7,2381.0,0,0.35
0517210000000000060911,Chigorodó,10810.0,0.05,301.0,0.8,981.0,0.7,2744.0,0,0.35
0517210000000000060931,Chigorodó,11095.0,0.05,580.0,0.8,1213.0,0.45,2986.0,0,0.35
0549020030200400010107,Necoclí,14773.0,0.05,14773.0,0.05,64369.0,0.05,62831.0,0,0.15
0565910000000000010141,San Juan de Urabá,461.0,0.85,461.0,0.8,72830.0,0.05,73744.0,0,0.15
0565910000000000010306,San Juan de Urabá,79.0,1.0,79.0,1.0,73176.0,0.05,74207.0,0,0.15
0565910000000000010611,San Juan de Urabá,459.0,0.85,459.0,0.8,72861.0,0.05,73989.0,0,0.15
0565910000000000010710,San Juan de Urabá,379.0,0.85,379.0,0.8,72947.0,0.05,74063.0,0,0.15
0565910000000000010712,San Juan de Urabá,1077.0,0.5,1077.0,0.6,72682.0,0.05,73940.0,0,0.15
0583720110201800010126,Turbo,14022.0,0.05,3282.0,0.15,11609.0,0.05,13071.0,0,0.15
0514720011001000010111,Carepa,4461.0,0.25,838.0,0.6,494.0,0.7,1869.0,0,0.35
0517210000000000010214,Chigorodó,10335.0,0.05,281.0,1.0,1169.0,0.45,1720.0,0,0.35
0549020030200400010119,Necoclí,14531.0,0.05,14531.0,0.05,64103.0,0.05,62679.0,0,0.15
0549010000000000010415,Necoclí,36581.0,0.05,47.0,1.0,36840.0,0.05,32964.0,0,0.15
0566510000000000010542,San Pedro de Urabá,429.0,0.85,161.0,1.0,30043.0,0.05,39495.0,0,0.15
0566520040200200010109,San Pedro de Urabá,15208.0,0.05,113.0,1.0,43949.0,0.05,52811.0,0,0.15
0583720090700100010320,Turbo,874.0,0.7,1162.0,0.6,432.0,0.7,199.0,0,0.75
0583720090700100020331,Turbo,1092.0,0.5,983.0,0.6,599.0,0.7,1387.0,0,0.35
0583720100700200010205,Turbo,10047.0,0.05,139.0,1.0,341.0,0.7,933.0,0,0.55
0583720070201200010120,Turbo,17986.0,0.05,23.0,1.0,12369.0,0.05,21098.0,0,0.15
0504520050300100010109,Apartadó,5482.0,0.05,225.0,1.0,5308.0,0.2,4843.0,0,0.15
0504520020500200010307,Apartadó,3349.0,0.25,77.0,1.0,1816.0,0.45,975.0,0,0.55
0504520020300900010326,Apartadó,5357.0,0.05,662.0,0.8,242.0,0.9,1247.0,0,0.35
0504520010301100010222,Apartadó,1663.0,0.5,545.0,0.8,215.0,0.9,412.0,0,0.55
0505110000000000010234,Arboletes,107.0,1.0,105.0,1.0,84871.0,0.05,87584.0,0,0.15
0505110000000000010601,Arboletes,343.0,0.85,336.0,0.8,84742.0,0.05,87496.0,0,0.15
0505120040101000010114,Arboletes,22338.0,0.05,9239.0,0.05,55001.0,0.05,59706.0,0,0.15
0583720090102700010109,Turbo,4695.0,0.25,351.0,0.8,3546.0,0.2,4166.0,0,0.15
0583720090603100010104,Turbo,4493.0,0.25,1055.0,0.6,1051.0,0.45,1277.0,0,0.35
0549010000000000010508,Necoclí,36518.0,0.05,517.0,0.8,36780.0,0.05,32894.0,0,0.15
0549010000000000010603,Necoclí,39559.0,0.05,426.0,0.8,39813.0,0.05,35955.0,0,0.15
0549010000000000010720,Necoclí,37875.0,0.05,101.0,1.0,38135.0,0.05,34256.0,0,0.15
0549010000000000010820,Necoclí,38271.0,0.05,409.0,0.8,38531.0,0.05,34650.0,0,0.15
0549020120600100010111,Necoclí,25728.0,0.05,476.0,0.8,26002.0,0.05,22084.0,0,0.15
0549020120600100010133,Necoclí,26199.0,0.05,254.0,1.0,26476.0,0.05,22553.0,0,0.15
0549020120600100010227,Necoclí,25508.0,0.05,847.0,0.6,25780.0,0.05,21866.0,0,0.15
0549020040400900010102,Necoclí,28169.0,0.05,6232.0,0.05,49751.0,0.05,47323.0,0,0.15
0549020040400900010119,Necoclí,28735.0,0.05,5681.0,0.15,49257.0,0.05,46759.0,0,0.15
0549020090501500010109,Necoclí,28563.0,0.05,265.0,1.0,38698.0,0.05,40855.0,0,0.15
0566510000000000010221,San Pedro de Urabá,346.0,0.85,254.0,1.0,29702.0,0.05,39221.0,0,0.15
0566510000000000010413,San Pedro de Urabá,737.0,0.7,383.0,0.8,29533.0,0.05,39087.0,0,0.15
0566510000000000010864,San Pedro de Urabá,634.0,0.7,119.0,1.0,29796.0,0.05,39165.0,0,0.15
0566510000000000020112,San Pedro de Urabá,496.0,0.85,512.0,0.8,29401.0,0.05,38921.0,0,0.15
0566520010100400010109,San Pedro de Urabá,31598.0,0.05,8872.0,0.05,59088.0,0.05,67215.0,0,0.15
0583720090700100020420,Turbo,744.0,0.7,521.0,0.8,152.0,0.9,949.0,0,0.55
0583720090700100020431,Turbo,1038.0,0.5,807.0,0.6,260.0,0.9,971.0,0,0.55
0583720100700200010117,Turbo,10208.0,0.05,91.0,1.0,246.0,0.9,1153.0,0,0.35
0583720090700100010117,Turbo,810.0,0.7,1125.0,0.6,405.0,0.7,248.0,0,0.55
0583720090700100010123,Turbo,851.0,0.7,1176.0,0.6,363.0,0.7,249.0,0,0.55
0583720090700100010217,Turbo,722.0,0.7,1025.0,0.6,516.0,0.7,342.0,0,0.55
0583720090700100010617,Turbo,749.0,0.7,681.0,0.8,388.0,0.7,501.0,0,0.55
0583720090700100020324,Turbo,831.0,0.7,780.0,0.6,570.0,0.7,1381.0,0,0.35
0583720090700100020350,Turbo,988.0,0.7,871.0,0.6,503.0,0.7,1303.0,0,0.35
0583720100700200010417,Turbo,9772.0,0.05,105.0,1.0,244.0,0.9,1026.0,0,0.35
0583720100700200020131,Turbo,9283.0,0.05,498.0,0.8,137.0,0.9,519.0,1,0.9
0583720100700200020305,Turbo,9626.0,0.05,274.0,1.0,427.0,0.7,878.0,0,0.55
0583720100700200020506,Turbo,9354.0,0.05,523.0,0.8,235.0,0.9,707.0,0,0.55
0583720090600300010203,Turbo,7645.0,0.05,178.0,1.0,232.0,0.9,3434.0,0,0.15
0583720090600300010319,Turbo,7641.0,0.05,35.0,1.0,94.0,1.0,3853.0,0,0.15
0583720100400800010314,Turbo,4351.0,0.25,169.0,1.0,124.0,0.9,629.0,0,0.55
0583720100400800010408,Turbo,4141.0,0.25,317.0,0.8,469.0,0.7,661.0,0,0.55
0583720100400800010409,Turbo,4075.0,0.25,249.0,1.0,500.0,0.7,612.0,0,0.55
0583720020101300010112,Turbo,15537.0,0.05,119.0,1.0,31175.0,0.05,38076.0,0,0.15
0583720090503500010105,Turbo,5663.0,0.05,4050.0,0.15,3826.0,0.2,2441.0,0,0.35
0583720010204000010104,Turbo,7266.0,0.05,3170.0,0.15,28533.0,0.05,36997.0,0,0.15
0514710000000000010725,Carepa,576.0,0.7,159.0,1.0,645.0,0.7,1553.0,0,0.35
0514710000000000020521,Carepa,219.0,0.85,286.0,1.0,372.0,0.7,1781.0,0,0.35
0514710000000000030421,Carepa,358.0,0.85,491.0,0.8,317.0,0.7,2099.0,0,0.35
0514720010700700010102,Carepa,6185.0,0.05,2332.0,0.35,4984.0,0.2,495.0,0,0.55
0514720010700700010112,Carepa,6299.0,0.05,2487.0,0.35,5106.0,0.2,583.0,0,0.55
0514720011001000010139,Carepa,4161.0,0.25,490.0,0.8,226.0,0.9,1445.0,0,0.35
0517210000000000010204,Chigorodó,10187.0,0.05,155.0,1.0,1101.0,0.45,1598.0,0,0.35
0517210000000000010805,Chigorodó,10787.0,0.05,825.0,0.6,1966.0,0.45,1334.0,0,0.35
0517210000000000020326,Chigorodó,9846.0,0.05,56.0,1.0,182.0,0.9,2057.0,0,0.35
0517210000000000050204,Chigorodó,9387.0,0.05,73.0,1.0,323.0,0.7,1577.0,0,0.35
0517210000000000050328,Chigorodó,9401.0,0.05,149.0,1.0,617.0,0.7,1221.0,0,0.35
0517210000000000050329,Chigorodó,9503.0,0.05,317.0,0.8,573.0,0.7,1200.0,0,0.35
0517210000000000050405,Chigorodó,9680.0,0.05,252.0,1.0,372.0,0.7,1401.0,0,0.35
0517210000000000050417,Chigorodó,9745.0,0.05,241.0,1.0,287.0,0.9,1488.0,0,0.35
0517210000000000060112,Chigorodó,10045.0,0.05,163.0,1.0,302.0,0.7,1953.0,0,0.35
0517210000000000060717,Chigorodó,10725.0,0.05,375.0,0.8,718.0,0.7,2463.0,0,0.35
0517210000000000060925,Chigorodó,11020.0,0.05,518.0,0.8,1187.0,0.45,2955.0,0,0.35
0565910000000000010717,San Juan de Urabá,941.0,0.7,941.0,0.6,72791.0,0.05,74025.0,0,0.15
0583720110201800010119,Turbo,14234.0,0.05,3064.0,0.15,11875.0,0.05,13231.0,0,0.15
0583720110201800010206,Turbo,14388.0,0.05,2913.0,0.35,12017.0,0.05,13360.0,0,0.15
0583720110201800010325,Turbo,14152.0,0.05,3169.0,0.15,12134.0,0.05,13074.0,0,0.15
0505110000000000010410,Arboletes,51.0,1.0,114.0,1.0,84981.0,0.05,87624.0,0,0.15
0505110000000000011109,Arboletes,691.0,0.7,680.0,0.8,84167.0,0.05,86889.0,0,0.15
0505120020500300010106,Arboletes,23008.0,0.05,13922.0,0.05,60933.0,0.05,66619.0,0,0.15
0514710000000000020210,Carepa,1285.0,0.5,509.0,0.8,1288.0,0.45,1765.0,0,0.35
0549020050300500010111,Necoclí,32761.0,0.05,998.0,0.6,44636.0,0.05,42105.0,0,0.15
0565910000000000010403,San Juan de Urabá,390.0,0.85,390.0,0.8,73486.0,0.05,74534.0,0,0.15
0566510000000000010315,San Pedro de Urabá,250.0,0.85,250.0,1.0,29410.0,0.05,38865.0,0,0.15
0566520010100400010115,San Pedro de Urabá,31290.0,0.05,8446.0,0.05,58688.0,0.05,66787.0,0,0.15
0583720090700100010208,Turbo,267.0,0.85,592.0,0.8,459.0,0.7,728.0,0,0.55
0583720090700100010707,Turbo,752.0,0.7,546.0,0.8,125.0,0.9,783.0,0,0.55
0583720090700100020305,Turbo,915.0,0.7,782.0,0.6,418.0,0.7,1225.0,0,0.35
0583720100700200020219,Turbo,9681.0,0.05,215.0,1.0,319.0,0.7,958.0,0,0.55
0583720100700200020418,Turbo,9492.0,0.05,299.0,1.0,198.0,0.9,726.0,0,0.55
0583720090600300010220,Turbo,7441.0,0.05,298.0,1.0,637.0,0.7,3518.0,0,0.15
0504520020500200010313,Apartadó,3464.0,0.25,155.0,1.0,1852.0,0.45,974.0,0,0.55
0504520020300900010110,Apartadó,5655.0,0.05,391.0,0.8,135.0,0.9,879.0,0,0.55
0504520010301100010204,Apartadó,1411.0,0.5,222.0,1.0,525.0,0.7,406.0,0,0.55
0505110000000000010230,Arboletes,39.0,1.0,50.0,1.0,84884.0,0.05,87574.0,0,0.15
0505110000000000010915,Arboletes,215.0,0.85,886.0,0.6,85117.0,0.05,87957.0,0,0.15
0505120030200900010120,Arboletes,14993.0,0.05,14969.0,0.05,58306.0,0.05,60667.0,0,0.15
0505120030101100010116,Arboletes,14281.0,0.05,14281.0,0.05,63088.0,0.05,66687.0,0,0.15
0514710000000000010309,Carepa,973.0,0.7,31.0,1.0,145.0,0.9,883.0,0,0.55
0549020050300500010212,Necoclí,32857.0,0.05,909.0,0.6,44569.0,0.05,42017.0,0,0.15
0514710000000000020104,Carepa,1073.0,0.5,354.0,0.8,943.0,0.7,1403.0,0,0.35
0514710000000000020118,Carepa,962.0,0.7,267.0,1.0,792.0,0.7,1307.0,0,0.35
0517220100400700010108,Chigorodó,22357.0,0.05,176.0,1.0,6375.0,0.2,13994.0,0,0.15
0549010000000000010325,Necoclí,37116.0,0.05,174.0,1.0,37375.0,0.05,33499.0,0,0.15
0549010000000000010902,Necoclí,38561.0,0.05,850.0,0.6,38823.0,0.05,34936.0,0,0.15
0549020040400900010111,Necoclí,28276.0,0.05,6002.0,0.05,49477.0,0.05,47105.0,0,0.15
0549020040400900010122,Necoclí,28249.0,0.05,6009.0,0.05,49471.0,0.05,47114.0,0,0.15
0549020040400900010124,Necoclí,28201.0,0.05,6009.0,0.05,49439.0,0.05,47116.0,0,0.15
0565910000000000010112,San Juan de Urabá,142.0,1.0,142.0,1.0,72669.0,0.05,73655.0,0,0.15
0565920010100100010107,San Juan de Urabá,8637.0,0.05,8637.0,0.05,70506.0,0.05,69762.0,0,0.15
0565920010100500010120,San Juan de Urabá,8196.0,0.05,8196.0,0.05,67648.0,0.05,67367.0,0,0.15
0566510000000000010839,San Pedro de Urabá,379.0,0.85,171.0,1.0,29848.0,0.05,39258.0,0,0.15
0566510000000000011016,San Pedro de Urabá,1418.0,0.5,1003.0,0.6,29556.0,0.05,38831.0,0,0.15
0566520010100400010113,San Pedro de Urabá,31324.0,0.05,8549.0,0.05,58776.0,0.05,66893.0,0,0.15
0583720090700100010135,Turbo,673.0,0.7,1005.0,0.6,551.0,0.7,432.0,0,0.55
0583720100700200010405,Turbo,9895.0,0.05,38.0,1.0,299.0,0.9,953.0,0,0.55
0583720100700200010413,Turbo,9794.0,0.05,96.0,1.0,344.0,0.7,950.0,0,0.55
0583720100700200020316,Turbo,9513.0,0.05,381.0,0.8,332.0,0.7,850.0,0,0.55
0583720090600300010111,Turbo,7619.0,0.05,90.0,1.0,127.0,0.9,3339.0,0,0.15
0583720090600300010318,Turbo,7620.0,0.05,109.0,1.0,175.0,0.9,3754.0,0,0.15
0583720080301000010119,Turbo,5812.0,0.05,205.0,1.0,2998.0,0.45,4041.0,0,0.15
0583720090602600010115,Turbo,4583.0,0.25,141.0,1.0,430.0,0.7,2317.0,0,0.35
0583720090603000010101,Turbo,4892.0,0.25,916.0,0.6,836.0,0.7,1696.0,0,0.35
0583720030803200010113,Turbo,12938.0,0.05,795.0,0.6,13201.0,0.05,9317.0,0,0.15
0583720240204300010101,Turbo,24956.0,0.05,3801.0,0.15,24971.0,0.05,23641.0,0,0.15
0514710000000000010507,Carepa,912.0,0.7,77.0,1.0,346.0,0.7,921.0,0,0.55
0514710000000000020317,Carepa,804.0,0.7,154.0,1.0,935.0,0.7,1874.0,0,0.35
0514710000000000020509,Carepa,297.0,0.85,228.0,1.0,411.0,0.7,1918.0,0,0.35
0514710000000000020516,Carepa,101.0,1.0,453.0,0.8,220.0,0.9,1679.0,0,0.35
0514710000000000030118,Carepa,409.0,0.85,124.0,1.0,196.0,0.9,1373.0,0,0.35
0514710000000000030234,Carepa,537.0,0.7,414.0,0.8,159.0,0.9,1636.0,0,0.35
0514710000000000030438,Carepa,16.0,1.0,486.0,0.8,184.0,0.9,1739.0,0,0.35
0514710000000000030529,Carepa,299.0,0.85,471.0,0.8,176.0,0.9,1746.0,0,0.35
0514720011001000010127,Carepa,4344.0,0.25,709.0,0.6,434.0,0.7,1763.0,0,0.35
0517210000000000010119,Chigorodó,10084.0,0.05,6.0,1.0,1118.0,0.45,1450.0,0,0.35
0517210000000000010535,Chigorodó,10352.0,0.05,276.0,1.0,936.0,0.7,2037.0,0,0.35
0517210000000000010706,Chigorodó,10209.0,0.05,130.0,1.0,1222.0,0.45,1455.0,0,0.35
0517210000000000020101,Chigorodó,9798.0,0.05,124.0,1.0,474.0,0.7,2063.0,0,0.35
0517210000000000020201,Chigorodó,9748.0,0.05,61.0,1.0,357.0,0.7,2176.0,0,0.35
0517210000000000060116,Chigorodó,10058.0,0.05,210.0,1.0,204.0,0.9,1909.0,0,0.35
0517210000000000060220,Chigorodó,10359.0,0.05,46.0,1.0,346.0,0.7,2071.0,0,0.35
0517210000000000060313,Chigorodó,10231.0,0.05,295.0,1.0,347.0,0.7,2094.0,0,0.35
0517210000000000060702,Chigorodó,10599.0,0.05,232.0,1.0,587.0,0.7,2320.0,0,0.35
0517210000000000060813,Chigorodó,10635.0,0.05,158.0,1.0,739.0,0.7,2508.0,0,0.35
0583720110201800010220,Turbo,14286.0,0.05,3051.0,0.15,12278.0,0.05,13183.0,0,0.15
0583720110201800010308,Turbo,14197.0,0.05,3107.0,0.15,11997.0,0.05,13159.0,0,0.15
0504520050300100010105,Apartadó,5665.0,0.05,67.0,1.0,5492.0,0.2,5027.0,0,0.15
0504520010301100010210,Apartadó,1500.0,0.5,300.0,1.0,462.0,0.7,420.0,0,0.55
0504520030101500010120,Apartadó,4947.0,0.25,641.0,0.8,577.0,0.7,1743.0,0,0.35
0505110000000000010703,Arboletes,125.0,1.0,575.0,0.8,84920.0,0.05,87716.0,0,0.15
0505110000000000010706,Arboletes,282.0,0.85,551.0,0.8,84753.0,0.05,87547.0,0,0.15
0505110000000000010801,Arboletes,86.0,1.0,604.0,0.8,84952.0,0.05,87751.0,0,0.15
0505110000000000011112,Arboletes,668.0,0.7,658.0,0.8,84185.0,0.05,86889.0,0,0.15
0505120060600500010107,Arboletes,28780.0,0.05,4998.0,0.15,54714.0,0.05,62396.0,0,0.15
0505120040101000010116,Arboletes,22009.0,0.05,9640.0,0.05,55441.0,0.05,60126.0,0,0.15
0514710000000000020409,Carepa,559.0,0.7,200.0,1.0,643.0,0.7,1601.0,0,0.35
0549010000000000010307,Necoclí,37405.0,0.05,133.0,1.0,37663.0,0.05,33790.0,0,0.15
0549010000000000010511,Necoclí,36461.0,0.05,560.0,0.8,36722.0,0.05,32836.0,0,0.15
0549010000000000010707,Necoclí,38138.0,0.05,298.0,1.0,38398.0,0.05,34517.0,0,0.15
0549020120600100010136,Necoclí,25391.0,0.05,762.0,0.6,25665.0,0.05,21746.0,0,0.15
0549020030300200010114,Necoclí,25103.0,0.05,15946.0,0.05,60661.0,0.05,56954.0,0,0.15
0549020030300200010115,Necoclí,25143.0,0.05,15939.0,0.05,60656.0,0.05,56945.0,0,0.15
0549020120100700010106,Necoclí,35142.0,0.05,1588.0,0.35,35414.0,0.05,31500.0,0,0.15
0549020040400900010118,Necoclí,28624.0,0.05,5778.0,0.15,49339.0,0.05,46860.0,0,0.15
0549020120301000010112,Necoclí,31483.0,0.05,109.0,1.0,33997.0,0.05,33489.0,0,0.15
0549020090201200010108,Necoclí,24133.0,0.05,6328.0,0.05,48633.0,0.05,50150.0,0,0.15
0565920010200600010108,San Juan de Urabá,5820.0,0.05,5820.0,0.15,69171.0,0.05,69265.0,0,0.15
0566510000000000010120,San Pedro de Urabá,434.0,0.85,90.0,1.0,30009.0,0.05,39529.0,0,0.15
0566510000000000010734,San Pedro de Urabá,524.0,0.7,195.0,1.0,29679.0,0.05,39216.0,0,0.15
0566510000000000010736,San Pedro de Urabá,535.0,0.7,120.0,1.0,29755.0,0.05,39292.0,0,0.15
0566510000000000011010,San Pedro de Urabá,1180.0,0.5,631.0,0.8,29972.0,0.05,39283.0,0,0.15
0566520040200200010112,San Pedro de Urabá,15285.0,0.05,174.0,1.0,43988.0,0.05,52836.0,0,0.15
0583720090700100020342,Turbo,746.0,0.7,678.0,0.8,493.0,0.7,1297.0,0,0.35
0583720100700200020324,Turbo,9582.0,0.05,326.0,0.8,412.0,0.7,849.0,0,0.55
0583720090600300010336,Turbo,6920.0,0.05,763.0,0.6,129.0,0.9,3567.0,0,0.15
0583720050200500010113,Turbo,9491.0,0.05,105.0,1.0,20079.0,0.05,29457.0,0,0.15
0583720070201200010128,Turbo,18173.0,0.05,236.0,1.0,12144.0,0.05,20894.0,0,0.15
0583720020101300010109,Turbo,15536.0,0.05,72.0,1.0,31311.0,0.05,38220.0,0,0.15
0583720090402400010111,Turbo,2675.0,0.25,977.0,0.6,123.0,0.9,2541.0,0,0.35
0583720050603700010106,Turbo,13171.0,0.05,3666.0,0.15,16596.0,0.05,25794.0,0,0.15
0504520020500200010305,Apartadó,3347.0,0.25,34.0,1.0,1772.0,0.45,922.0,0,0.55
0504520010101400010114,Apartadó,11182.0,0.05,183.0,1.0,4075.0,0.2,1068.0,0,0.35
0505110000000000010914,Arboletes,148.0,1.0,717.0,0.6,85162.0,0.05,87966.0,0,0.15
0505120030200900010108,Arboletes,15070.0,0.05,14889.0,0.05,58226.0,0.05,60589.0,0,0.15
0514710000000000020706,Carepa,595.0,0.7,114.0,1.0,716.0,0.7,2053.0,0,0.35
0566510000000000030115,San Pedro de Urabá,679.0,0.7,104.0,1.0,28885.0,0.05,38345.0,0,0.15
0583720090700100020407,Turbo,915.0,0.7,691.0,0.8,177.0,0.9,963.0,0,0.55
0583720090700100010314,Turbo,447.0,0.85,728.0,0.6,537.0,0.7,521.0,0,0.55
0583720090700100020332,Turbo,1022.0,0.5,919.0,0.6,562.0,0.7,1362.0,0,0.35
0583720090602600010105,Turbo,4554.0,0.25,76.0,1.0,410.0,0.7,2183.0,0,0.35
0583720090102700010106,Turbo,4341.0,0.25,37.0,1.0,3702.0,0.2,3849.0,0,0.15
0514710000000000010724,Carepa,554.0,0.7,172.0,1.0,618.0,0.7,1537.0,0,0.35
0514710000000000010820,Carepa,741.0,0.7,41.0,1.0,153.0,0.9,1004.0,0,0.35
0514710000000000020902,Carepa,1256.0,0.5,476.0,0.8,1367.0,0.45,1973.0,0,0.35
0514720011001000010115,Carepa,4427.0,0.25,802.0,0.6,480.0,0.7,1843.0,0,0.35
0517210000000000010802,Chigorodó,10983.0,0.05,995.0,0.6,2099.0,0.45,1498.0,0,0.35
0517210000000000010803,Chigorodó,10908.0,0.05,943.0,0.6,2071.0,0.45,1408.0,0,0.35
0517210000000000020324,Chigorodó,10113.0,0.05,145.0,1.0,421.0,0.7,2173.0,0,0.35
0517210000000000020335,Chigorodó,10072.0,0.05,142.0,1.0,378.0,0.7,2154.0,0,0.35
0517210000000000050604,Chigorodó,9660.0,0.05,81.0,1.0,119.0,0.9,1768.0,0,0.35
0517210000000000060718,Chigorodó,10510.0,0.05,4.0,1.0,542.0,0.7,2149.0,0,0.35
0549020030200400010116,Necoclí,14763.0,0.05,14763.0,0.05,64264.0,0.05,62746.0,0,0.15
0565910000000000010201,San Juan de Urabá,315.0,0.85,315.0,0.8,72969.0,0.05,73930.0,0,0.15
0565910000000000010414,San Juan de Urabá,243.0,0.85,243.0,1.0,73318.0,0.05,74329.0,0,0.15
0565910000000000010705,San Juan de Urabá,608.0,0.7,608.0,0.8,72907.0,0.05,74073.0,0,0.15
0504520020300900010213,Apartadó,5596.0,0.05,139.0,1.0,316.0,0.7,767.0,0,0.55
0505110000000000010214,Arboletes,73.0,1.0,73.0,1.0,85118.0,0.05,87779.0,0,0.15
0505110000000000010346,Arboletes,564.0,0.7,553.0,0.8,84300.0,0.05,87024.0,0,0.15
0505120060400100010109,Arboletes,31037.0,0.05,15727.0,0.05,65583.0,0.05,73214.0,0,0.15
0505120020500300010115,Arboletes,22856.0,0.05,14344.0,0.05,61355.0,0.05,67031.0,0,0.15
0505120030200900010110,Arboletes,15116.0,0.05,14803.0,0.05,58141.0,0.05,60478.0,0,0.15
0514710000000000010331,Carepa,1366.0,0.5,406.0,0.8,146.0,0.9,533.0,0,0.55
0549020120600100010125,Necoclí,25744.0,0.05,503.0,0.8,26017.0,0.05,22100.0,0,0.15
0549020120300300010111,Necoclí,32544.0,0.05,685.0,0.8,34515.0,0.05,33531.0,0,0.15
0549020120301000010102,Necoclí,31540.0,0.05,219.0,1.0,34201.0,0.05,33708.0,0,0.15
0565920010300300010125,San Juan de Urabá,5549.0,0.05,5549.0,0.15,71397.0,0.05,71283.0,0,0.15
0566510000000000010633,San Pedro de Urabá,213.0,0.85,264.0,1.0,29976.0,0.05,39455.0,0,0.15
0566510000000000010660,San Pedro de Urabá,414.0,0.85,307.0,0.8,30147.0,0.05,39613.0,0,0.15
0583720090700100020212,Turbo,350.0,0.85,156.0,1.0,228.0,0.9,1031.0,0,0.35
0583720090600300010329,Turbo,7036.0,0.05,692.0,0.8,193.0,0.9,3749.0,0,0.15
0583720090402400010102,Turbo,3012.0,0.25,1255.0,0.6,306.0,0.7,2223.0,0,0.35
0504520020500200010310,Apartadó,3355.0,0.25,171.0,1.0,1861.0,0.45,1030.0,0,0.35
0504520020500200010208,Apartadó,3652.0,0.25,219.0,1.0,2192.0,0.45,797.0,0,0.55
0504520020300300010107,Apartadó,5044.0,0.05,181.0,1.0,92.0,1.0,1235.0,0,0.35
0504520020300900010228,Apartadó,5468.0,0.05,161.0,1.0,429.0,0.7,841.0,0,0.55
0504520030101500010123,Apartadó,5050.0,0.05,514.0,0.8,501.0,0.7,1682.0,0,0.35
0505110000000000010213,Arboletes,116.0,1.0,116.0,1.0,85193.0,0.05,87848.0,0,0.15
0505110000000000010904,Arboletes,143.0,1.0,766.0,0.6,85149.0,0.05,87964.0,0,0.15
0514710000000000020414,Carepa,492.0,0.85,271.0,1.0,589.0,0.7,1639.0,0,0.35
0517220060601500010101,Chigorodó,12015.0,0.05,1523.0,0.35,2154.0,0.45,3407.0,0,0.15
0549010000000000010803,Necoclí,38416.0,0.05,564.0,0.8,38676.0,0.05,34794.0,0,0.15
0549020120600100010403,Necoclí,25871.0,0.05,552.0,0.8,26144.0,0.05,22229.0,0,0.15
0549020120300300010119,Necoclí,32889.0,0.05,72.0,1.0,34179.0,0.05,32918.0,0,0.15
0549020120100700010116,Necoclí,35043.0,0.05,1538.0,0.35,35315.0,0.05,31400.0,0,0.15
0549020090200800010102,Necoclí,24086.0,0.05,7494.0,0.05,48869.0,0.05,49852.0,0,0.15
0549020040400900010108,Necoclí,28354.0,0.05,6043.0,0.05,49577.0,0.05,47131.0,0,0.15
0549020040400900010113,Necoclí,28345.0,0.05,5955.0,0.15,49447.0,0.05,47055.0,0,0.15
0549020120101100010108,Necoclí,32269.0,0.05,80.0,1.0,32552.0,0.05,28624.0,0,0.15
0565910000000000010222,San Juan de Urabá,287.0,0.85,287.0,1.0,73022.0,0.05,74007.0,0,0.15
0566510000000000010357,San Pedro de Urabá,831.0,0.7,310.0,0.8,28948.0,0.05,38447.0,0,0.15
0566520040200800010111,San Pedro de Urabá,19938.0,0.05,1669.0,0.35,45711.0,0.05,53631.0,0,0.15
0583720090700100010134,Turbo,739.0,0.7,1068.0,0.6,481.0,0.7,362.0,0,0.55
0583720090700100010312,Turbo,291.0,0.85,578.0,0.8,408.0,0.7,639.0,0,0.55
0583720090700100010316,Turbo,638.0,0.7,918.0,0.6,648.0,0.7,408.0,0,0.55
0583720090700100020104,Turbo,41.0,1.0,304.0,0.8,255.0,0.9,899.0,0,0.55
0583720090700100020339,Turbo,759.0,0.7,705.0,0.6,528.0,0.7,1333.0,0,0.35
0583720090700100020406,Turbo,936.0,0.7,762.0,0.6,326.0,0.7,1123.0,0,0.35
0583720090700100020414,Turbo,1000.0,0.7,766.0,0.6,220.0,0.9,950.0,0,0.55
0583720100700200010310,Turbo,10099.0,0.05,353.0,0.8,198.0,0.9,1178.0,0,0.35
0583720100700200020127,Turbo,9748.0,0.05,379.0,0.8,194.0,0.9,924.0,0,0.55
0583720090600300010305,Turbo,7666.0,0.05,93.0,1.0,416.0,0.7,3651.0,0,0.15
0583720090600300010323,Turbo,7712.0,0.05,66.0,1.0,288.0,0.9,3600.0,0,0.15
0583720020101300010206,Turbo,15333.0,0.05,192.0,1.0,31322.0,0.05,38277.0,0,0.15
0583720090402400010120,Turbo,2722.0,0.25,946.0,0.6,245.0,0.9,2534.0,0,0.35
0583720090602600010102,Turbo,4650.0,0.25,21.0,1.0,319.0,0.7,2247.0,0,0.35
0583720090603000010102,Turbo,4684.0,0.25,841.0,0.6,840.0,0.7,1573.0,0,0.35
0514710000000000030406,Carepa,60.0,1.0,472.0,0.8,128.0,0.9,1692.0,0,0.35
0514710000000000030525,Carepa,421.0,0.85,723.0,0.6,224.0,0.9,1999.0,0,0.35
0517210000000000010208,Chigorodó,10097.0,0.05,75.0,1.0,1022.0,0.45,1595.0,0,0.35
0517210000000000010509,Chigorodó,9971.0,0.05,142.0,1.0,774.0,0.7,1804.0,0,0.35
0517210000000000020114,Chigorodó,10202.0,0.05,377.0,0.8,661.0,0.7,2232.0,0,0.35
0517210000000000020325,Chigorodó,10094.0,0.05,111.0,1.0,405.0,0.7,2141.0,0,0.35
0517210000000000050522,Chigorodó,9736.0,0.05,171.0,1.0,289.0,0.9,1576.0,0,0.35
0517210000000000050808,Chigorodó,10006.0,0.05,115.0,1.0,111.0,0.9,1716.0,0,0.35
0517210000000000050809,Chigorodó,10043.0,0.05,99.0,1.0,112.0,0.9,1751.0,0,0.35
0517210000000000060514,Chigorodó,10468.0,0.05,178.0,1.0,562.0,0.7,2329.0,0,0.35
0549020030200400010113,Necoclí,14560.0,0.05,14560.0,0.05,64293.0,0.05,62827.0,0,0.15
0549020050300500010219,Necoclí,32978.0,0.05,787.0,0.6,44463.0,0.05,41896.0,0,0.15
0565910000000000010621,San Juan de Urabá,800.0,0.7,800.0,0.6,72533.0,0.05,73712.0,0,0.15
0583720110201800010301,Turbo,13914.0,0.05,3386.0,0.15,11826.0,0.05,12898.0,0,0.15
0514710000000000010407,Carepa,834.0,0.7,139.0,1.0,76.0,1.0,979.0,0,0.55
0514710000000000010512,Carepa,850.0,0.7,37.0,1.0,499.0,0.7,1067.0,0,0.35
0514710000000000030540,Carepa,374.0,0.85,653.0,0.8,237.0,0.9,2094.0,0,0.35
0514710000000000030603,Carepa,430.0,0.85,225.0,1.0,511.0,0.7,2062.0,0,0.35
0517210000000000010538,Chigorodó,10412.0,0.05,310.0,0.8,1020.0,0.45,2001.0,0,0.35
0517210000000000050316,Chigorodó,9519.0,0.05,63.0,1.0,495.0,0.7,1368.0,0,0.35
0517210000000000060401,Chigorodó,10185.0,0.05,251.0,1.0,493.0,0.7,2277.0,0,0.35
0583720110201800010118,Turbo,14180.0,0.05,3119.0,0.15,11844.0,0.05,13180.0,0,0.15
0504520020300900010317,Apartadó,5414.0,0.05,607.0,0.8,175.0,0.9,1180.0,0,0.35
0549020040400900010126,Necoclí,28569.0,0.05,5798.0,0.15,49341.0,0.05,46887.0,0,0.15
0504520010301100010223,Apartadó,1680.0,0.5,542.0,0.8,234.0,0.9,443.0,0,0.55
0504520030101500010104,Apartadó,4793.0,0.25,658.0,0.8,627.0,0.7,1766.0,0,0.35
0504520010101600010108,Apartadó,8657.0,0.05,1233.0,0.6,3793.0,0.2,277.0,0,0.55
0514710000000000010137,Carepa,702.0,0.7,210.0,1.0,189.0,0.9,1289.0,0,0.35
0514710000000000010118,Carepa,609.0,0.7,32.0,1.0,103.0,0.9,1228.0,0,0.35
0549020120600600010107,Necoclí,30366.0,0.05,368.0,0.8,30636.0,0.05,26726.0,0,0.15
0549010000000000010234,Necoclí,36593.0,0.05,196.0,1.0,36849.0,0.05,32983.0,0,0.15
0549010000000000010823,Necoclí,38208.0,0.05,425.0,0.8,38468.0,0.05,34585.0,0,0.15
0549020120300300010126,Necoclí,33523.0,0.05,433.0,0.8,34887.0,0.05,33440.0,0,0.15
0565910000000000010212,San Juan de Urabá,84.0,1.0,84.0,1.0,73027.0,0.05,74062.0,0,0.15
0565920010300300010116,San Juan de Urabá,5808.0,0.05,5808.0,0.15,71005.0,0.05,70862.0,0,0.15
0566510000000000010808,San Pedro de Urabá,79.0,1.0,79.0,1.0,29553.0,0.05,38977.0,0,0.15
0566520020300300010113,San Pedro de Urabá,29299.0,0.05,11979.0,0.05,58466.0,0.05,67318.0,0,0.15
0583720090700100010614,Turbo,688.0,0.7,537.0,0.8,237.0,0.9,694.0,0,0.55
0583720090700100010726,Turbo,970.0,0.7,696.0,0.8,177.0,0.9,548.0,0,0.55
0583720090700100020230,Turbo,464.0,0.85,410.0,0.8,405.0,0.7,1197.0,0,0.35
0583720100700200010207,Turbo,10023.0,0.05,191.0,1.0,390.0,0.7,878.0,0,0.55
0583720100700200010210,Turbo,9976.0,0.05,119.0,1.0,312.0,0.7,937.0,0,0.55
0583720050200500010101,Turbo,9647.0,0.05,176.0,1.0,19959.0,0.05,29300.0,0,0.15
0583720030700600010101,Turbo,15584.0,0.05,67.0,1.0,15839.0,0.05,11987.0,0,0.15
0583720100400800010117,Turbo,4178.0,0.25,341.0,0.8,516.0,0.7,636.0,0,0.55
0583720080301000010106,Turbo,6005.0,0.05,335.0,0.8,2822.0,0.45,3937.0,0,0.15
0583720090402400010119,Turbo,2660.0,0.25,871.0,0.6,289.0,0.9,2607.0,0,0.35
0583720090302500010105,Turbo,1865.0,0.5,1378.0,0.6,1982.0,0.45,2539.0,0,0.35
0583720010203800010107,Turbo,4240.0,0.25,3928.0,0.15,26612.0,0.05,35689.0,0,0.15
0505110000000000010145,Arboletes,193.0,1.0,353.0,0.8,85172.0,0.05,87884.0,0,0.15
0505110000000000010207,Arboletes,65.0,1.0,57.0,1.0,84825.0,0.05,87530.0,0,0.15
0505110000000000010702,Arboletes,165.0,1.0,544.0,0.8,84892.0,0.05,87683.0,0,0.15
0505110000000000011015,Arboletes,391.0,0.85,383.0,0.8,84477.0,0.05,87158.0,0,0.15
0505120040101000010109,Arboletes,22191.0,0.05,9362.0,0.05,55062.0,0.05,59726.0,0,0.15
0505120030101100010103,Arboletes,14206.0,0.05,14206.0,0.05,63351.0,0.05,66967.0,0,0.15
0517220100400700010102,Chigorodó,22199.0,0.05,295.0,1.0,6216.0,0.2,13834.0,0,0.15
0549020120600100010407,Necoclí,25960.0,0.05,213.0,1.0,26234.0,0.05,22315.0,0,0.15
0549020030300200010218,Necoclí,25086.0,0.05,15148.0,0.05,59832.0,0.05,56181.0,0,0.15
0565910000000000010504,San Juan de Urabá,201.0,0.85,201.0,1.0,74086.0,0.05,75196.0,0,0.15
0566510000000000010858,San Pedro de Urabá,524.0,0.7,175.0,1.0,29687.0,0.05,39065.0,0,0.15
0583720090700100010309,Turbo,146.0,1.0,458.0,0.8,335.0,0.7,772.0,0,0.55
0583720090700100010704,Turbo,775.0,0.7,628.0,0.8,215.0,0.9,637.0,0,0.55
0583720090700100010729,Turbo,989.0,0.7,756.0,0.6,118.0,0.9,695.0,0,0.55
0583720090700100020322,Turbo,766.0,0.7,741.0,0.6,595.0,0.7,1398.0,0,0.35
0514710000000000010338,Carepa,1289.0,0.5,323.0,0.8,224.0,0.9,605.0,0,0.55
0514710000000000010712,Carepa,573.0,0.7,253.0,1.0,442.0,0.7,1331.0,0,0.35
0514710000000000020229,Carepa,1641.0,0.5,763.0,0.6,1691.0,0.45,2107.0,0,0.35
0514710000000000030240,Carepa,314.0,0.85,219.0,1.0,132.0,0.9,1467.0,0,0.35
0517210000000000010305,Chigorodó,9993.0,0.05,67.0,1.0,925.0,0.7,1612.0,0,0.35
0517210000000000010605,Chigorodó,10061.0,0.05,140.0,1.0,756.0,0.7,1961.0,0,0.35
0517210000000000010801,Chigorodó,11016.0,0.05,1028.0,0.6,2129.0,0.45,1519.0,0,0.35
0517210000000000020209,Chigorodó,9878.0,0.05,152.0,1.0,329.0,0.7,2203.0,0,0.35
0517210000000000020216,Chigorodó,10300.0,0.05,398.0,0.8,636.0,0.7,2462.0,0,0.35
0517210000000000020221,Chigorodó,10434.0,0.05,241.0,1.0,746.0,0.7,2507.0,0,0.35
0517210000000000030212,Chigorodó,9549.0,0.05,179.0,1.0,165.0,0.9,2007.0,0,0.35
0517210000000000050113,Chigorodó,9360.0,0.05,316.0,0.8,45.0,1.0,1857.0,0,0.35
0517210000000000050118,Chigorodó,9581.0,0.05,125.0,1.0,145.0,0.9,1723.0,0,0.35
0517210000000000060214,Chigorodó,10316.0,0.05,184.0,1.0,319.0,0.7,2088.0,0,0.35
0517210000000000060501,Chigorodó,10353.0,0.05,171.0,1.0,560.0,0.7,2288.0,0,0.35
0517210000000000060601,Chigorodó,10427.0,0.05,219.0,1.0,439.0,0.7,2208.0,0,0.35
0517210000000000060613,Chigorodó,10463.0,0.05,86.0,1.0,463.0,0.7,2139.0,0,0.35
0517210000000000060621,Chigorodó,10537.0,0.05,112.0,1.0,536.0,0.7,2208.0,0,0.35
0517210000000000061007,Chigorodó,10710.0,0.05,198.0,1.0,731.0,0.7,2340.0,0,0.35
0565910000000000010315,San Juan de Urabá,150.0,1.0,150.0,1.0,73028.0,0.05,74097.0,0,0.15
0565910000000000010102,San Juan de Urabá,322.0,0.85,322.0,0.8,72906.0,0.05,73855.0,0,0.15
0565910000000000010620,San Juan de Urabá,881.0,0.7,881.0,0.6,72560.0,0.05,73758.0,0,0.15
0583720110201800010122,Turbo,13942.0,0.05,3367.0,0.15,11512.0,0.05,13011.0,0,0.15
0583720110201800010324,Turbo,14085.0,0.05,3235.0,0.15,12103.0,0.05,13010.0,0,0.15
0505110000000000010112,Arboletes,119.0,1.0,534.0,0.8,84986.0,0.05,87771.0,0,0.15
0583720100700200010114,Turbo,10215.0,0.05,258.0,1.0,176.0,0.9,1316.0,0,0.35
0583720090700100020308,Turbo,668.0,0.7,526.0,0.8,326.0,0.7,1113.0,0,0.35
0583720100700200010515,Turbo,9782.0,0.05,61.0,1.0,207.0,0.9,1029.0,0,0.35
0583720240400900010104,Turbo,11971.0,0.05,173.0,1.0,12248.0,0.05,13211.0,0,0.15
0504520020300900010127,Apartadó,5421.0,0.05,533.0,0.8,124.0,0.9,1121.0,0,0.35
0504520010301100010233,Apartadó,1746.0,0.5,648.0,0.8,127.0,0.9,367.0,0,0.55
0505110000000000010225,Arboletes,92.0,1.0,121.0,1.0,85119.0,0.05,87789.0,0,0.15
0505110000000000010233,Arboletes,56.0,1.0,60.0,1.0,84886.0,0.05,87588.0,0,0.15
0505110000000000010523,Arboletes,349.0,0.85,709.0,0.6,84584.0,0.05,87153.0,0,0.15
0505110000000000010547,Arboletes,299.0,0.85,602.0,0.8,84440.0,0.05,87062.0,0,0.15
0505110000000000011013,Arboletes,287.0,0.85,449.0,0.8,84488.0,0.05,87140.0,0,0.15
0505110000000000011035,Arboletes,376.0,0.85,606.0,0.8,84365.0,0.05,87001.0,0,0.15
0505120020500300010108,Arboletes,23058.0,0.05,14064.0,0.05,61078.0,0.05,66785.0,0,0.15
0505120030200900010105,Arboletes,15008.0,0.05,14980.0,0.05,58316.0,0.05,60696.0,0,0.15
0514710000000000010228,Carepa,1422.0,0.5,443.0,0.8,160.0,0.9,579.0,0,0.55
0514710000000000010231,Carepa,1323.0,0.5,346.0,0.8,219.0,0.9,619.0,0,0.55
0514710000000000020306,Carepa,761.0,0.7,284.0,1.0,907.0,0.7,1979.0,0,0.35
0517220060601500010108,Chigorodó,11900.0,0.05,1391.0,0.6,2001.0,0.45,3479.0,0,0.15
0549010000000000010220,Necoclí,36605.0,0.05,277.0,1.0,36863.0,0.05,32991.0,0,0.15
0549010000000000010323,Necoclí,37032.0,0.05,165.0,1.0,37290.0,0.05,33416.0,0,0.15
0549020030300200010113,Necoclí,25008.0,0.05,16033.0,0.05,60745.0,0.05,57045.0,0,0.15
0549020120300300010132,Necoclí,33281.0,0.05,240.0,1.0,34532.0,0.05,33133.0,0,0.15
0549020050401800010110,Necoclí,40081.0,0.05,833.0,0.6,41383.0,0.05,37456.0,0,0.15
0565920010100100010106,San Juan de Urabá,8731.0,0.05,8731.0,0.05,70548.0,0.05,69780.0,0,0.15
0565920010300300010109,San Juan de Urabá,5628.0,0.05,5628.0,0.15,71262.0,0.05,71140.0,0,0.15
0565920010300300010128,San Juan de Urabá,5467.0,0.05,5467.0,0.15,70998.0,0.05,70933.0,0,0.15
0565920020300400010107,San Juan de Urabá,12998.0,0.05,12998.0,0.05,59754.0,0.05,60976.0,0,0.15
0566510000000000010414,San Pedro de Urabá,695.0,0.7,375.0,0.8,29520.0,0.05,39069.0,0,0.15
0566510000000000010722,San Pedro de Urabá,338.0,0.85,198.0,1.0,29836.0,0.05,39354.0,0,0.15
0566510000000000010828,San Pedro de Urabá,110.0,1.0,110.0,1.0,29467.0,0.05,38888.0,0,0.15
0566510000000000010849,San Pedro de Urabá,285.0,0.85,184.0,1.0,29759.0,0.05,39173.0,0,0.15
0566510000000000020106,San Pedro de Urabá,691.0,0.7,604.0,0.8,29272.0,0.05,38807.0,0,0.15
0566520020300300010111,San Pedro de Urabá,29369.0,0.05,12030.0,0.05,58537.0,0.05,67388.0,0,0.15
0583720090700100010101,Turbo,886.0,0.7,1205.0,0.6,324.0,0.7,186.0,0,0.75
0583720100700200020128,Turbo,9564.0,0.05,456.0,0.8,218.0,0.9,746.0,0,0.55
0583720070201200010130,Turbo,18263.0,0.05,323.0,0.8,12053.0,0.05,20800.0,0,0.15
0583720020101300010210,Turbo,15563.0,0.05,365.0,0.8,30946.0,0.05,37829.0,0,0.15
0583720090603100010109,Turbo,4420.0,0.25,1040.0,0.6,993.0,0.7,1252.0,0,0.35
0583720220103600010102,Turbo,26770.0,0.05,4573.0,0.15,8342.0,0.05,18578.0,0,0.15
0514710000000000010107,Carepa,797.0,0.7,200.0,1.0,74.0,1.0,1079.0,0,0.35
0514710000000000010302,Carepa,1042.0,0.5,77.0,1.0,89.0,1.0,891.0,0,0.55
0514720010700700010126,Carepa,6163.0,0.05,2441.0,0.35,4982.0,0.2,764.0,0,0.55
0514710000000000010503,Carepa,1083.0,0.5,193.0,1.0,467.0,0.7,864.0,0,0.55
0514710000000000010612,Carepa,928.0,0.7,107.0,1.0,566.0,0.7,1072.0,0,0.35
0514710000000000010813,Carepa,797.0,0.7,144.0,1.0,241.0,0.9,955.0,0,0.55
0514710000000000030217,Carepa,221.0,0.85,332.0,0.8,27.0,1.0,1590.0,0,0.35
0514710000000000030528,Carepa,507.0,0.7,743.0,0.6,301.0,0.7,2013.0,0,0.35
0514720010700700010117,Carepa,6355.0,0.05,2535.0,0.35,5162.0,0.2,574.0,0,0.55
0517210000000000010705,Chigorodó,10214.0,0.05,142.0,1.0,1245.0,0.45,1430.0,0,0.35
0517210000000000020601,Chigorodó,10914.0,0.05,564.0,0.8,1246.0,0.45,2673.0,0,0.35
0517210000000000040114,Chigorodó,9320.0,0.05,64.0,1.0,228.0,0.9,2051.0,0,0.35
0517210000000000050105,Chigorodó,9293.0,0.05,165.0,1.0,272.0,0.9,1638.0,0,0.35
0517210000000000050312,Chigorodó,9482.0,0.05,97.0,1.0,512.0,0.7,1396.0,0,0.35
0517210000000000050412,Chigorodó,9707.0,0.05,165.0,1.0,307.0,0.7,1497.0,0,0.35
0517210000000000050504,Chigorodó,9676.0,0.05,74.0,1.0,363.0,0.7,1615.0,0,0.35
0517210000000000060623,Chigorodó,10422.0,0.05,93.0,1.0,453.0,0.7,2072.0,0,0.35
0517210000000000060625,Chigorodó,10397.0,0.05,115.0,1.0,444.0,0.7,2038.0,0,0.35
0517210000000000060916,Chigorodó,10867.0,0.05,354.0,0.8,969.0,0.7,2741.0,0,0.35
0517210000000000060921,Chigorodó,10904.0,0.05,391.0,0.8,1001.0,0.45,2774.0,0,0.35
0549020050300500010105,Necoclí,32693.0,0.05,1031.0,0.6,44523.0,0.05,42083.0,0,0.15
0565910000000000010143,San Juan de Urabá,942.0,0.7,942.0,0.6,71888.0,0.05,72832.0,0,0.15
0565910000000000010316,San Juan de Urabá,338.0,0.85,338.0,0.8,73357.0,0.05,74344.0,0,0.15
0565910000000000010113,San Juan de Urabá,76.0,1.0,76.0,1.0,72724.0,0.05,73719.0,0,0.15
0566510000000000020110,San Pedro de Urabá,215.0,0.85,207.0,1.0,29561.0,0.05,39051.0,0,0.15
0583720110201800010107,Turbo,14152.0,0.05,3149.0,0.15,11709.0,0.05,13185.0,0,0.15
0583720110201800010333,Turbo,13954.0,0.05,3378.0,0.15,12132.0,0.05,12860.0,0,0.15
0505120040101000010120,Arboletes,21898.0,0.05,9775.0,0.05,55586.0,0.05,60263.0,0,0.15
0504520020300900010219,Apartadó,5377.0,0.05,362.0,0.8,237.0,0.9,1021.0,0,0.35
0504520020300900010318,Apartadó,5410.0,0.05,642.0,0.8,205.0,0.9,1209.0,0,0.35
0505110000000000010539,Arboletes,663.0,0.7,1049.0,0.6,84253.0,0.05,86803.0,0,0.15
0505110000000000010608,Arboletes,481.0,0.85,743.0,0.6,84534.0,0.05,87355.0,0,0.15
0505110000000000011027,Arboletes,463.0,0.85,650.0,0.8,84283.0,0.05,86928.0,0,0.15
0514710000000000010206,Carepa,1286.0,0.5,305.0,0.8,300.0,0.7,748.0,0,0.55
0514710000000000010606,Carepa,785.0,0.7,207.0,1.0,587.0,0.7,1253.0,0,0.35
0517220070300300010114,Chigorodó,20920.0,0.05,641.0,0.8,7198.0,0.2,8373.0,0,0.15
0549020120600100010427,Necoclí,25868.0,0.05,509.0,0.8,26140.0,0.05,22225.0,0,0.15
0549020030300200010208,Necoclí,25050.0,0.05,15415.0,0.05,60107.0,0.05,56442.0,0,0.15
0549020040400900010129,Necoclí,29315.0,0.05,5167.0,0.15,48807.0,0.05,46215.0,0,0.15
0565920010300300010121,San Juan de Urabá,5751.0,0.05,5751.0,0.15,71335.0,0.05,71180.0,0,0.15
0566510000000000010248,San Pedro de Urabá,356.0,0.85,371.0,0.8,29581.0,0.05,39097.0,0,0.15
0583720100700200010519,Turbo,9741.0,0.05,82.0,1.0,70.0,1.0,975.0,0,0.55
0583720100700200020114,Turbo,9644.0,0.05,248.0,1.0,13.0,1.0,883.0,0,0.55
0583720100700200020129,Turbo,9691.0,0.05,749.0,0.6,537.0,0.7,596.0,0,0.55
0583720090600300010202,Turbo,7609.0,0.05,203.0,1.0,274.0,0.9,3423.0,0,0.15
0583720100400800010107,Turbo,4322.0,0.25,391.0,0.8,507.0,0.7,700.0,0,0.55
0583720010203800010110,Turbo,3803.0,0.25,3587.0,0.15,26888.0,0.05,36009.0,0,0.15
0504520020300900010104,Apartadó,5737.0,0.05,377.0,0.8,223.0,0.9,801.0,0,0.55
0504520020300900010325,Apartadó,5364.0,0.05,623.0,0.8,211.0,0.9,1214.0,0,0.35
0504520010301100010205,Apartadó,1441.0,0.5,222.0,1.0,536.0,0.7,370.0,0,0.55
0505110000000000010221,Arboletes,111.0,1.0,117.0,1.0,84939.0,0.05,87644.0,0,0.15
0505110000000000010337,Arboletes,494.0,0.85,484.0,0.8,84359.0,0.05,87056.0,0,0.15
0505110000000000011037,Arboletes,443.0,0.85,674.0,0.8,84296.0,0.05,86930.0,0,0.15
0505120060600500010108,Arboletes,28742.0,0.05,4981.0,0.15,54711.0,0.05,62404.0,0,0.15
0505120030101100010128,Arboletes,14467.0,0.05,14467.0,0.05,63207.0,0.05,66877.0,0,0.15
0514710000000000030238,Carepa,399.0,0.85,379.0,0.8,129.0,0.9,1645.0,0,0.35
0549020120301000010111,Necoclí,31646.0,0.05,58.0,1.0,34079.0,0.05,33498.0,0,0.15
0549020120301400010107,Necoclí,34570.0,0.05,183.0,1.0,35954.0,0.05,34192.0,0,0.15
0549010000000000010401,Necoclí,36966.0,0.05,127.0,1.0,37223.0,0.05,33352.0,0,0.15
0549020120600100010309,Necoclí,25866.0,0.05,939.0,0.6,26136.0,0.05,22227.0,0,0.15
0549020120100700010107,Necoclí,35060.0,0.05,1485.0,0.6,35332.0,0.05,31417.0,0,0.15
0549020090501500010121,Necoclí,28527.0,0.05,28.0,1.0,38457.0,0.05,40571.0,0,0.15
0566510000000000010116,San Pedro de Urabá,513.0,0.7,71.0,1.0,30105.0,0.05,39627.0,0,0.15
0565920010300300010131,San Juan de Urabá,5577.0,0.05,5577.0,0.15,71348.0,0.05,71231.0,0,0.15
0565920020300400010102,San Juan de Urabá,13186.0,0.05,13186.0,0.05,59575.0,0.05,60764.0,0,0.15
0565920010100500010110,San Juan de Urabá,8486.0,0.05,8486.0,0.05,67669.0,0.05,67302.0,0,0.15
0566510000000000010503,San Pedro de Urabá,172.0,1.0,106.0,1.0,29656.0,0.05,39096.0,0,0.15
0566510000000000010666,San Pedro de Urabá,406.0,0.85,269.0,1.0,30120.0,0.05,39584.0,0,0.15
0566510000000000010712,San Pedro de Urabá,437.0,0.85,248.0,1.0,29650.0,0.05,39177.0,0,0.15
0566510000000000010731,San Pedro de Urabá,474.0,0.85,68.0,1.0,29838.0,0.05,39369.0,0,0.15
0566510000000000010820,San Pedro de Urabá,521.0,0.7,236.0,1.0,29984.0,0.05,39388.0,0,0.15
0566510000000000010842,San Pedro de Urabá,207.0,0.85,207.0,1.0,29364.0,0.05,38781.0,0,0.15
0566510000000000020115,San Pedro de Urabá,531.0,0.7,401.0,0.8,29481.0,0.05,39012.0,0,0.15
0583720090700100020428,Turbo,1016.0,0.5,799.0,0.6,273.0,0.9,1014.0,0,0.35
0583720090700100020437,Turbo,1107.0,0.5,903.0,0.6,382.0,0.7,1094.0,0,0.35
0583720100700200010111,Turbo,10391.0,0.05,406.0,0.8,359.0,0.7,1376.0,0,0.35
0583720100700200010409,Turbo,9753.0,0.05,185.0,1.0,451.0,0.7,839.0,0,0.55
0583720100700200020130,Turbo,9380.0,0.05,425.0,0.8,247.0,0.9,616.0,0,0.55
0583720090600300010311,Turbo,7749.0,0.05,81.0,1.0,185.0,0.9,3761.0,0,0.15
0583720080301000010110,Turbo,5994.0,0.05,3.0,1.0,3135.0,0.2,4212.0,0,0.15
0583720080301000010118,Turbo,5768.0,0.05,283.0,1.0,2913.0,0.45,3952.0,0,0.15
0583720070202000010104,Turbo,18354.0,0.05,34.0,1.0,5052.0,0.2,15010.0,0,0.15
0583720050202800010103,Turbo,12613.0,0.05,176.0,1.0,20500.0,0.05,28583.0,0,0.15
0583720030802900010109,Turbo,10174.0,0.05,85.0,1.0,10430.0,0.05,6583.0,0,0.15
0583720030803200010110,Turbo,12009.0,0.05,179.0,1.0,12271.0,0.05,8392.0,0,0.15
0514710000000000010412,Carepa,851.0,0.7,23.0,1.0,125.0,0.9,910.0,0,0.55
0514710000000000010803,Carepa,922.0,0.7,189.0,1.0,119.0,0.9,824.0,0,0.55
0514710000000000030224,Carepa,338.0,0.85,380.0,0.8,160.0,0.9,1654.0,0,0.35
0514710000000000030512,Carepa,433.0,0.85,681.0,0.8,298.0,0.9,2155.0,0,0.35
0514710000000000030626,Carepa,525.0,0.7,536.0,0.8,481.0,0.7,2261.0,0,0.35
0517210000000000010108,Chigorodó,9915.0,0.05,173.0,1.0,976.0,0.7,1473.0,0,0.35
0517210000000000010123,Chigorodó,9409.0,0.05,420.0,0.8,981.0,0.7,1288.0,0,0.35
0517210000000000010318,Chigorodó,9781.0,0.05,87.0,1.0,776.0,0.7,1620.0,0,0.35
0517210000000000010403,Chigorodó,9662.0,0.05,113.0,1.0,780.0,0.7,1552.0,0,0.35
0517210000000000020308,Chigorodó,9859.0,0.05,134.0,1.0,232.0,0.9,1891.0,0,0.35
0517210000000000020516,Chigorodó,11206.0,0.05,787.0,0.6,1485.0,0.45,2847.0,0,0.35
0517210000000000030102,Chigorodó,9424.0,0.05,284.0,1.0,647.0,0.7,1628.0,0,0.35
0517210000000000050101,Chigorodó,9321.0,0.05,259.0,1.0,128.0,0.9,1774.0,0,0.35
0517210000000000060736,Chigorodó,10465.0,0.05,74.0,1.0,529.0,0.7,2088.0,0,0.35
0517210000000000060802,Chigorodó,10642.0,0.05,145.0,1.0,849.0,0.7,2599.0,0,0.35
0517210000000000060922,Chigorodó,10943.0,0.05,429.0,0.8,1040.0,0.45,2813.0,0,0.35
0549020030200400010120,Necoclí,14602.0,0.05,14602.0,0.05,64098.0,0.05,62654.0,0,0.15
0565910000000000010902,San Juan de Urabá,782.0,0.7,782.0,0.6,72165.0,0.05,73303.0,0,0.15
0566510000000000030113,San Pedro de Urabá,668.0,0.7,418.0,0.8,28853.0,0.05,38279.0,0,0.15
0514710000000000020107,Carepa,975.0,0.7,259.0,1.0,854.0,0.7,1388.0,0,0.35
0549020120600100010310,Necoclí,25845.0,0.05,1006.0,0.6,26114.0,0.05,22207.0,0,0.15
0549020120600600010111,Necoclí,30532.0,0.05,247.0,1.0,30802.0,0.05,26892.0,0,0.15
0565920010200600010106,San Juan de Urabá,5764.0,0.05,5764.0,0.15,69141.0,0.05,69256.0,0,0.15
0566520020300300010103,San Pedro de Urabá,29526.0,0.05,12104.0,0.05,58686.0,0.05,67533.0,0,0.15
0583720090700100020356,Turbo,1027.0,0.5,891.0,0.6,483.0,0.7,1272.0,0,0.35
0583720100700200010501,Turbo,9981.0,0.05,240.0,1.0,179.0,0.9,1181.0,0,0.35
0583720090600300010325,Turbo,7238.0,0.05,473.0,0.8,226.0,0.9,3773.0,0,0.15
0583720020101300010204,Turbo,15370.0,0.05,101.0,1.0,31210.0,0.05,38151.0,0,0.15
0514710000000000010716,Carepa,647.0,0.7,87.0,1.0,612.0,0.7,1433.0,0,0.35
0514710000000000010321,Carepa,1025.0,0.5,241.0,1.0,66.0,1.0,719.0,0,0.55
0514710000000000010330,Carepa,1117.0,0.5,218.0,1.0,48.0,1.0,684.0,0,0.55
0514710000000000020109,Carepa,933.0,0.7,214.0,1.0,845.0,0.7,1430.0,0,0.35
0514710000000000020314,Carepa,692.0,0.7,55.0,1.0,712.0,0.7,1512.0,0,0.35
0514710000000000020908,Carepa,1437.0,0.5,679.0,0.8,1562.0,0.45,2181.0,0,0.35
0514710000000000030510,Carepa,391.0,0.85,713.0,0.6,225.0,0.9,2084.0,0,0.35
0517210000000000010207,Chigorodó,10047.0,0.05,106.0,1.0,1022.0,0.45,1538.0,0,0.35
0517210000000000010412,Chigorodó,9553.0,0.05,183.0,1.0,532.0,0.7,1785.0,0,0.35
0517210000000000020313,Chigorodó,9930.0,0.05,135.0,1.0,297.0,0.9,2174.0,0,0.35
0517210000000000020437,Chigorodó,10745.0,0.05,658.0,0.8,1148.0,0.45,2395.0,0,0.35
0517210000000000030119,Chigorodó,9423.0,0.05,180.0,1.0,318.0,0.7,1974.0,0,0.35
0517210000000000050419,Chigorodó,9797.0,0.05,303.0,0.8,266.0,0.9,1509.0,0,0.35
0517210000000000060204,Chigorodó,10133.0,0.05,129.0,1.0,154.0,0.9,1923.0,0,0.35
0517210000000000060307,Chigorodó,10187.0,0.05,195.0,1.0,413.0,0.7,2112.0,0,0.35
0517210000000000060422,Chigorodó,10546.0,0.05,48.0,1.0,756.0,0.7,2499.0,0,0.35
0517210000000000060519,Chigorodó,10549.0,0.05,96.0,1.0,676.0,0.7,2439.0,0,0.35
0517210000000000060626,Chigorodó,10341.0,0.05,176.0,1.0,418.0,0.7,1974.0,0,0.35
0517210000000000060929,Chigorodó,11083.0,0.05,567.0,0.8,1177.0,0.45,2949.0,0,0.35
0517210000000000061010,Chigorodó,10747.0,0.05,235.0,1.0,769.0,0.7,2373.0,0,0.35
0565910000000000010302,San Juan de Urabá,265.0,0.85,265.0,1.0,73281.0,0.05,74275.0,0,0.15
0565910000000000010213,San Juan de Urabá,156.0,1.0,156.0,1.0,72817.0,0.05,73855.0,0,0.15
0566510000000000010246,San Pedro de Urabá,282.0,0.85,156.0,1.0,29642.0,0.05,39104.0,0,0.15
0549020090201200010106,Necoclí,24060.0,0.05,6389.0,0.05,48706.0,0.05,50220.0,0,0.15
0504520020300300010104,Apartadó,5064.0,0.05,239.0,1.0,295.0,0.9,941.0,0,0.55
0504520020300900010322,Apartadó,5356.0,0.05,687.0,0.8,262.0,0.9,1268.0,0,0.35
0504520010301100010206,Apartadó,1469.0,0.5,230.0,1.0,550.0,0.7,337.0,0,0.55
0504520010101400010112,Apartadó,11105.0,0.05,66.0,1.0,3947.0,0.2,1020.0,0,0.35
0505110000000000010304,Arboletes,161.0,1.0,158.0,1.0,84746.0,0.05,87421.0,0,0.15
0505110000000000010307,Arboletes,42.0,1.0,274.0,1.0,84816.0,0.05,87460.0,0,0.15
0505110000000000010407,Arboletes,140.0,1.0,140.0,1.0,85123.0,0.05,87749.0,0,0.15
0505110000000000010518,Arboletes,386.0,0.85,704.0,0.6,84672.0,0.05,87227.0,0,0.15
0505110000000000010605,Arboletes,486.0,0.85,637.0,0.8,84537.0,0.05,87337.0,0,0.15
0505110000000000011115,Arboletes,760.0,0.7,750.0,0.6,84093.0,0.05,86807.0,0,0.15
0549020030300200010213,Necoclí,25277.0,0.05,15300.0,0.05,60005.0,0.05,56318.0,0,0.15
0514710000000000010602,Carepa,911.0,0.7,175.0,1.0,637.0,0.7,1146.0,0,0.35
0514710000000000030608,Carepa,332.0,0.85,432.0,0.8,327.0,0.7,2066.0,0,0.35
0549020030300200010216,Necoclí,25245.0,0.05,15176.0,0.05,59874.0,0.05,56200.0,0,0.15
0549020030300200010209,Necoclí,24959.0,0.05,15181.0,0.05,59854.0,0.05,56217.0,0,0.15
0549010000000000010205,Necoclí,36796.0,0.05,62.0,1.0,37052.0,0.05,33186.0,0,0.15
0549010000000000010208,Necoclí,37161.0,0.05,108.0,1.0,37417.0,0.05,33550.0,0,0.15
0549010000000000010309,Necoclí,37330.0,0.05,192.0,1.0,37587.0,0.05,33716.0,0,0.15
0549010000000000010814,Necoclí,38310.0,0.05,504.0,0.8,38571.0,0.05,34687.0,0,0.15
0549020120600100010117,Necoclí,25520.0,0.05,663.0,0.8,25793.0,0.05,21875.0,0,0.15
0549020120600100010316,Necoclí,25744.0,0.05,900.0,0.6,26014.0,0.05,22104.0,0,0.15
0549020050300500010106,Necoclí,32759.0,0.05,966.0,0.6,44481.0,0.05,42025.0,0,0.15
0549020120600600010117,Necoclí,30237.0,0.05,496.0,0.8,30507.0,0.05,26596.0,0,0.15
0565910000000000010205,San Juan de Urabá,114.0,1.0,114.0,1.0,73061.0,0.05,74080.0,0,0.15
0565910000000000010221,San Juan de Urabá,227.0,0.85,227.0,1.0,73046.0,0.05,74041.0,0,0.15
0565910000000000010224,San Juan de Urabá,234.0,0.85,234.0,1.0,72957.0,0.05,73946.0,0,0.15
0565920010100100010122,San Juan de Urabá,8887.0,0.05,8887.0,0.05,70101.0,0.05,69330.0,0,0.15
0565920020500200010105,San Juan de Urabá,8250.0,0.05,8250.0,0.05,66125.0,0.05,68384.0,0,0.15
0565920010300300010120,San Juan de Urabá,5557.0,0.05,5557.0,0.15,71129.0,0.05,71034.0,0,0.15
0566510000000000010351,San Pedro de Urabá,522.0,0.7,403.0,0.8,29254.0,0.05,38747.0,0,0.15
0583720090700100010226,Turbo,921.0,0.7,1223.0,0.6,338.0,0.7,152.0,0,0.75
0583720090700100010511,Turbo,358.0,0.85,583.0,0.8,372.0,0.7,544.0,0,0.55
0583720090700100020124,Turbo,52.0,1.0,300.0,1.0,290.0,0.9,946.0,0,0.55
0583720090700100020306,Turbo,870.0,0.7,717.0,0.6,342.0,0.7,1153.0,0,0.35
0583720100700200020215,Turbo,9680.0,0.05,160.0,1.0,254.0,0.9,941.0,0,0.55
0583720100700200020515,Turbo,9254.0,0.05,545.0,0.8,78.0,1.0,547.0,0,0.55
0583720050200500010112,Turbo,9530.0,0.05,88.0,1.0,20040.0,0.05,29418.0,0,0.15
0583720070201200010105,Turbo,17634.0,0.05,172.0,1.0,12697.0,0.05,21451.0,0,0.15
0583720070201200010126,Turbo,17906.0,0.05,252.0,1.0,12320.0,0.05,21136.0,0,0.15
0583720070201200010127,Turbo,17965.0,0.05,292.0,1.0,12264.0,0.05,21077.0,0,0.15
0583720020101300010113,Turbo,15575.0,0.05,191.0,1.0,31130.0,0.05,38020.0,0,0.15
0583720030802900010114,Turbo,9999.0,0.05,172.0,1.0,10255.0,0.05,6411.0,0,0.15
0583720030803200010112,Turbo,12648.0,0.05,505.0,0.8,12911.0,0.05,9027.0,0,0.15
0583720090503500010102,Turbo,5688.0,0.05,3858.0,0.15,3649.0,0.2,2393.0,0,0.35
0583720010204000010101,Turbo,7272.0,0.05,3097.0,0.15,28689.0,0.05,37150.0,0,0.15
0504520020300900010204,Apartadó,5708.0,0.05,417.0,0.8,871.0,0.7,614.0,0,0.55
0505110000000000010123,Arboletes,193.0,1.0,455.0,0.8,85194.0,0.05,87935.0,0,0.15
0505110000000000010137,Arboletes,204.0,0.85,583.0,0.8,85279.0,0.05,88036.0,0,0.15
0505110000000000010543,Arboletes,333.0,0.85,669.0,0.8,84421.0,0.05,87031.0,0,0.15
0514710000000000020117,Carepa,937.0,0.7,263.0,1.0,745.0,0.7,1268.0,0,0.35
0514710000000000020307,Carepa,754.0,0.7,266.0,1.0,896.0,0.7,2008.0,0,0.35
0549010000000000010904,Necoclí,38534.0,0.05,870.0,0.6,38796.0,0.05,34908.0,0,0.15
0549020120600100010417,Necoclí,25790.0,0.05,372.0,0.8,26065.0,0.05,22145.0,0,0.15
0565910000000000010405,San Juan de Urabá,420.0,0.85,420.0,0.8,73531.0,0.05,74597.0,0,0.15
0566520020300300010101,San Pedro de Urabá,29633.0,0.05,12079.0,0.05,58774.0,0.05,67610.0,0,0.15
0583720090700100020215,Turbo,533.0,0.7,314.0,0.8,178.0,0.9,970.0,0,0.55
0583720090700100020229,Turbo,454.0,0.85,114.0,1.0,37.0,1.0,856.0,0,0.55
0583720030700600010110,Turbo,15377.0,0.05,163.0,1.0,15633.0,0.05,11776.0,0,0.15
0583720030802900010107,Turbo,10258.0,0.05,54.0,1.0,10516.0,0.05,6659.0,0,0.15
0504520020500200010108,Apartadó,3725.0,0.25,288.0,1.0,2269.0,0.45,741.0,0,0.55
0505110000000000010124,Arboletes,239.0,0.85,474.0,0.8,85236.0,0.05,87972.0,0,0.15
0505110000000000010126,Arboletes,175.0,1.0,532.0,0.8,85235.0,0.05,87988.0,0,0.15
0505110000000000011118,Arboletes,789.0,0.7,779.0,0.6,84075.0,0.05,86806.0,0,0.15
0505120050401400010112,Arboletes,23612.0,0.05,207.0,1.0,47762.0,0.05,55159.0,0,0.15
0514710000000000020723,Carepa,658.0,0.7,166.0,1.0,781.0,0.7,2078.0,0,0.35
0514710000000000030229,Carepa,429.0,0.85,315.0,0.8,58.0,1.0,1575.0,0,0.35
0514720010601300010114,Carepa,4393.0,0.25,4393.0,0.15,578.0,0.7,340.0,0,0.55
0517220070300300010116,Chigorodó,21050.0,0.05,510.0,0.8,7270.0,0.2,8503.0,0,0.15
0549010000000000010233,Necoclí,36620.0,0.05,172.0,1.0,36875.0,0.05,33011.0,0,0.15
0549010000000000010509,Necoclí,36671.0,0.05,524.0,0.8,36932.0,0.05,33046.0,0,0.15
0549010000000000010826,Necoclí,38179.0,0.05,450.0,0.8,38440.0,0.05,34556.0,0,0.15
0549020120600100010423,Necoclí,26225.0,0.05,158.0,1.0,26501.0,0.05,22579.0,0,0.15
0549020120300300010121,Necoclí,32445.0,0.05,770.0,0.6,34458.0,0.05,33516.0,0,0.15
0549020050300500010206,Necoclí,32819.0,0.05,906.0,0.6,44435.0,0.05,41968.0,0,0.15
0549020090201200010107,Necoclí,24040.0,0.05,6433.0,0.05,48729.0,0.05,50227.0,0,0.15
0565910000000000010211,San Juan de Urabá,181.0,1.0,181.0,1.0,72939.0,0.05,73967.0,0,0.15
0566510000000000010334,San Pedro de Urabá,438.0,0.85,218.0,1.0,29142.0,0.05,38599.0,0,0.15
0566510000000000010347,San Pedro de Urabá,536.0,0.7,133.0,1.0,29030.0,0.05,38486.0,0,0.15
0566510000000000010508,San Pedro de Urabá,127.0,1.0,44.0,1.0,29758.0,0.05,39232.0,0,0.15
0566510000000000010635,San Pedro de Urabá,110.0,1.0,127.0,1.0,29840.0,0.05,39318.0,0,0.15
0566510000000000010845,San Pedro de Urabá,580.0,0.7,333.0,0.8,29547.0,0.05,38916.0,0,0.15
0566510000000000010871,San Pedro de Urabá,1306.0,0.5,908.0,0.6,30778.0,0.05,40167.0,0,0.15
0566510000000000020118,San Pedro de Urabá,587.0,0.7,608.0,0.8,29295.0,0.05,38816.0,0,0.15
0566520040200800010115,San Pedro de Urabá,19968.0,0.05,1763.0,0.35,45781.0,0.05,53710.0,0,0.15
0583720100700200020315,Turbo,9519.0,0.05,370.0,0.8,305.0,0.7,834.0,0,0.55
0583720090700100020106,Turbo,204.0,0.85,137.0,1.0,188.0,0.9,981.0,0,0.55
0583720090700100020320,Turbo,823.0,0.7,670.0,0.8,323.0,0.7,1136.0,0,0.35
0583720090700100020408,Turbo,829.0,0.7,595.0,0.8,112.0,0.9,924.0,0,0.55
0583720090700100020504,Turbo,560.0,0.7,248.0,1.0,93.0,1.0,816.0,0,0.55
0583720090700100020519,Turbo,814.0,0.7,491.0,0.8,128.0,0.9,619.0,0,0.55
0583720100700200020204,Turbo,9717.0,0.05,172.0,1.0,397.0,0.7,947.0,0,0.55
0583720100700200020412,Turbo,9524.0,0.05,254.0,1.0,227.0,0.9,769.0,0,0.55
0583720100700200020519,Turbo,9374.0,0.05,514.0,0.8,252.0,0.9,729.0,0,0.55
0583720100400800010427,Turbo,4040.0,0.25,204.0,1.0,632.0,0.7,484.0,1,0.9
0583720090402400010114,Turbo,2821.0,0.25,1062.0,0.6,214.0,0.9,2420.0,0,0.35
0583720090402400010129,Turbo,2972.0,0.25,1086.0,0.6,525.0,0.7,2402.0,0,0.35
0583720030802900010122,Turbo,10034.0,0.05,79.0,1.0,10293.0,0.05,6430.0,0,0.15
0583720030803200010107,Turbo,11870.0,0.05,503.0,0.8,12127.0,0.05,8269.0,0,0.15
0514710000000000010301,Carepa,966.0,0.7,110.0,1.0,42.0,1.0,987.0,0,0.55
0514710000000000010322,Carepa,995.0,0.7,174.0,1.0,218.0,0.9,785.0,0,0.55
0514710000000000010414,Carepa,962.0,0.7,85.0,1.0,128.0,0.9,860.0,0,0.55
0514710000000000010416,Carepa,840.0,0.7,32.0,1.0,152.0,0.9,911.0,0,0.55
0514710000000000010508,Carepa,942.0,0.7,50.0,1.0,470.0,0.7,983.0,0,0.55
0514710000000000010528,Carepa,971.0,0.7,110.0,1.0,390.0,0.7,902.0,0,0.55
0514710000000000010801,Carepa,934.0,0.7,141.0,1.0,68.0,1.0,810.0,0,0.55
0514710000000000020506,Carepa,144.0,1.0,358.0,0.8,299.0,0.9,1767.0,0,0.35
0514710000000000030404,Carepa,143.0,1.0,400.0,0.8,45.0,1.0,1641.0,0,0.35
0514720010700700010109,Carepa,6214.0,0.05,2442.0,0.35,5026.0,0.2,664.0,0,0.55
0517210000000000010529,Chigorodó,10322.0,0.05,298.0,1.0,864.0,0.7,2100.0,0,0.35
0517210000000000020401,Chigorodó,10270.0,0.05,430.0,0.8,704.0,0.7,2268.0,0,0.35
0517210000000000030108,Chigorodó,9415.0,0.05,273.0,1.0,495.0,0.7,1787.0,0,0.35
0517210000000000030216,Chigorodó,9472.0,0.05,258.0,1.0,87.0,1.0,1946.0,0,0.35
0517210000000000050119,Chigorodó,9595.0,0.05,87.0,1.0,166.0,0.9,1705.0,0,0.35
0517210000000000050324,Chigorodó,9604.0,0.05,25.0,1.0,402.0,0.7,1539.0,0,0.35
0517210000000000050707,Chigorodó,9691.0,0.05,316.0,0.8,397.0,0.7,1380.0,0,0.35
0517210000000000060208,Chigorodó,10209.0,0.05,147.0,1.0,197.0,0.9,1937.0,0,0.35
0517210000000000060517,Chigorodó,10507.0,0.05,179.0,1.0,590.0,0.7,2360.0,0,0.35
0517210000000000060608,Chigorodó,10450.0,0.05,137.0,1.0,440.0,0.7,2191.0,0,0.35
0517210000000000060704,Chigorodó,10574.0,0.05,133.0,1.0,571.0,0.7,2246.0,0,0.35
0517210000000000060808,Chigorodó,10477.0,0.05,280.0,1.0,516.0,0.7,2289.0,0,0.35
0517210000000000060820,Chigorodó,10659.0,0.05,180.0,1.0,757.0,0.7,2527.0,0,0.35
0517210000000000060914,Chigorodó,10829.0,0.05,315.0,0.8,939.0,0.7,2710.0,0,0.35
0517210000000000061013,Chigorodó,10835.0,0.05,324.0,0.8,857.0,0.7,2455.0,0,0.35
0549020050300500010204,Necoclí,32807.0,0.05,927.0,0.6,44517.0,0.05,42018.0,0,0.15
0565910000000000010603,San Juan de Urabá,817.0,0.7,817.0,0.6,72593.0,0.05,73779.0,0,0.15
0565910000000000010703,San Juan de Urabá,848.0,0.7,848.0,0.6,72718.0,0.05,73926.0,0,0.15
0583720110201800010322,Turbo,13955.0,0.05,3363.0,0.15,12038.0,0.05,12886.0,0,0.15
0583720090103900010118,Turbo,4079.0,0.25,1482.0,0.6,4314.0,0.2,1688.0,0,0.35
0504520030101500010105,Apartadó,4802.0,0.25,630.0,0.8,600.0,0.7,1737.0,0,0.35
0504520010101400010107,Apartadó,10998.0,0.05,183.0,1.0,3713.0,0.2,1006.0,0,0.35
0505110000000000010202,Arboletes,50.0,1.0,223.0,1.0,85244.0,0.05,87920.0,0,0.15
0505110000000000010217,Arboletes,58.0,1.0,66.0,1.0,84872.0,0.05,87557.0,0,0.15
0505110000000000011036,Arboletes,459.0,0.85,718.0,0.6,84279.0,0.05,86904.0,0,0.15
0505120060400100010108,Arboletes,30696.0,0.05,15813.0,0.05,65588.0,0.05,73182.0,0,0.15
0505120060600500010104,Arboletes,28902.0,0.05,5111.0,0.15,54817.0,0.05,62490.0,0,0.15
0549010000000000010211,Necoclí,37051.0,0.05,86.0,1.0,37308.0,0.05,33440.0,0,0.15
0549010000000000010501,Necoclí,36765.0,0.05,549.0,0.8,37026.0,0.05,33140.0,0,0.15
0549020120600100010131,Necoclí,25420.0,0.05,771.0,0.6,25693.0,0.05,21776.0,0,0.15
0583720090700100020358,Turbo,965.0,0.7,810.0,0.6,391.0,0.7,1186.0,0,0.35
0565910000000000010118,San Juan de Urabá,524.0,0.7,524.0,0.8,72265.0,0.05,73238.0,0,0.15
0565920010100500010101,San Juan de Urabá,8432.0,0.05,8432.0,0.05,67874.0,0.05,67486.0,0,0.15
0566510000000000010211,San Pedro de Urabá,259.0,0.85,295.0,1.0,29751.0,0.05,39262.0,0,0.15
0583720090700100010105,Turbo,583.0,0.7,913.0,0.6,632.0,0.7,496.0,0,0.55
0583720090700100010319,Turbo,863.0,0.7,1142.0,0.6,474.0,0.7,204.0,0,0.55
0583720090700100010411,Turbo,748.0,0.7,983.0,0.6,707.0,0.7,242.0,0,0.55
0583720090700100010515,Turbo,516.0,0.7,739.0,0.6,516.0,0.7,392.0,0,0.55
0583720090700100010701,Turbo,940.0,0.7,867.0,0.6,447.0,0.7,371.0,0,0.55
0583720090700100010716,Turbo,841.0,0.7,569.0,0.8,150.0,0.9,607.0,0,0.55
0583720090700100010719,Turbo,1323.0,0.5,1079.0,0.6,452.0,0.7,703.0,0,0.55
0583720090700100020364,Turbo,625.0,0.7,450.0,0.8,270.0,0.9,1041.0,0,0.35
0583720090700100020426,Turbo,962.0,0.7,757.0,0.6,262.0,0.9,1038.0,0,0.35
0583720100700200020103,Turbo,9838.0,0.05,297.0,1.0,200.0,0.9,1011.0,0,0.35
0583720070201200010124,Turbo,17872.0,0.05,418.0,0.8,12273.0,0.05,21145.0,0,0.15
0583720090402400010116,Turbo,2658.0,0.25,943.0,0.6,161.0,0.9,2566.0,0,0.35
0583720090402400010121,Turbo,2735.0,0.25,930.0,0.6,298.0,0.9,2541.0,0,0.35
0583720050202800010102,Turbo,12532.0,0.05,146.0,1.0,20529.0,0.05,28631.0,0,0.15
0514710000000000020703,Carepa,517.0,0.7,18.0,1.0,651.0,0.7,1953.0,0,0.35
0504520020500200010215,Apartadó,3607.0,0.25,352.0,0.8,2217.0,0.45,913.0,0,0.55
0504520020300900010314,Apartadó,5443.0,0.05,763.0,0.6,311.0,0.7,1292.0,0,0.35
0505110000000000010525,Arboletes,374.0,0.85,754.0,0.6,84502.0,0.05,87076.0,0,0.15
0505110000000000010804,Arboletes,21.0,1.0,694.0,0.8,85011.0,0.05,87824.0,0,0.15
0505110000000000011113,Arboletes,742.0,0.7,736.0,0.6,84106.0,0.05,86808.0,0,0.15
0514710000000000020710,Carepa,445.0,0.85,93.0,1.0,564.0,0.7,1978.0,0,0.35
0514720010601300010108,Carepa,4299.0,0.25,4299.0,0.15,530.0,0.7,305.0,0,0.55
0517220070300300010101,Chigorodó,20756.0,0.05,871.0,0.6,7290.0,0.2,8075.0,0,0.15
0517220070300300010107,Chigorodó,20795.0,0.05,780.0,0.6,7191.0,0.2,8203.0,0,0.15
0549020120600100010411,Necoclí,26243.0,0.05,98.0,1.0,26518.0,0.05,22597.0,0,0.15
0549020030300200010124,Necoclí,24943.0,0.05,15942.0,0.05,60646.0,0.05,56960.0,0,0.15
0566510000000000010344,San Pedro de Urabá,373.0,0.85,345.0,0.8,29295.0,0.05,38758.0,0,0.15
0566510000000000010346,San Pedro de Urabá,526.0,0.7,130.0,1.0,29063.0,0.05,38523.0,0,0.15
0583720090700100010403,Turbo,741.0,0.7,1009.0,0.6,601.0,0.7,307.0,0,0.55
0583720080301000010111,Turbo,5907.0,0.05,89.0,1.0,3107.0,0.2,4163.0,0,0.15
0583720070201200010123,Turbo,17846.0,0.05,228.0,1.0,12375.0,0.05,21196.0,0,0.15
0583720030802900010119,Turbo,10051.0,0.05,46.0,1.0,10308.0,0.05,6453.0,0,0.15
0583720030803200010103,Turbo,12651.0,0.05,527.0,0.8,12912.0,0.05,9034.0,0,0.15
0514710000000000020427,Carepa,301.0,0.85,320.0,0.8,410.0,0.7,1658.0,0,0.35
0514710000000000030116,Carepa,490.0,0.85,90.0,1.0,91.0,1.0,1359.0,0,0.35
0514710000000000030430,Carepa,160.0,1.0,514.0,0.8,136.0,0.9,1899.0,0,0.35
0514710000000000030619,Carepa,570.0,0.7,358.0,0.8,607.0,0.7,2234.0,0,0.35
0514720011001000010141,Carepa,4174.0,0.25,508.0,0.8,327.0,0.7,1550.0,0,0.35
0517210000000000010201,Chigorodó,10137.0,0.05,71.0,1.0,1126.0,0.45,1499.0,0,0.35
0517210000000000010218,Chigorodó,10269.0,0.05,216.0,1.0,1183.0,0.45,1593.0,0,0.35
0517210000000000010303,Chigorodó,9883.0,0.05,184.0,1.0,885.0,0.7,1560.0,0,0.35
0517210000000000010603,Chigorodó,9924.0,0.05,69.0,1.0,674.0,0.7,1901.0,0,0.35
0517210000000000010711,Chigorodó,10311.0,0.05,239.0,1.0,1323.0,0.45,1449.0,0,0.35
0517210000000000020111,Chigorodó,9839.0,0.05,156.0,1.0,432.0,0.7,2182.0,0,0.35
0517210000000000020330,Chigorodó,9936.0,0.05,103.0,1.0,256.0,0.9,2002.0,0,0.35
0517210000000000020419,Chigorodó,10520.0,0.05,302.0,0.8,841.0,0.7,2591.0,0,0.35
0517210000000000020515,Chigorodó,11146.0,0.05,709.0,0.6,1405.0,0.45,2859.0,0,0.35
0517210000000000040102,Chigorodó,9227.0,0.05,33.0,1.0,206.0,0.9,2062.0,0,0.35
0517210000000000060217,Chigorodó,10343.0,0.05,178.0,1.0,345.0,0.7,2113.0,0,0.35
0517210000000000060713,Chigorodó,10686.0,0.05,344.0,0.8,681.0,0.7,2429.0,0,0.35
0517210000000000060915,Chigorodó,10816.0,0.05,320.0,0.8,895.0,0.7,2667.0,0,0.35
0517210000000000060933,Chigorodó,11107.0,0.05,599.0,0.8,1254.0,0.45,3025.0,0,0.15
0517210000000000061003,Chigorodó,10640.0,0.05,135.0,1.0,653.0,0.7,2285.0,0,0.35
0549020030200400010114,Necoclí,14653.0,0.05,14653.0,0.05,64304.0,0.05,62810.0,0,0.15
0565910000000000010521,San Juan de Urabá,315.0,0.85,315.0,0.8,74173.0,0.05,75299.0,0,0.15
0566510000000000010860,San Pedro de Urabá,962.0,0.7,442.0,0.8,29835.0,0.05,39167.0,0,0.15
0566510000000000011005,San Pedro de Urabá,1267.0,0.5,716.0,0.6,30012.0,0.05,39314.0,0,0.15
0583720110201800010110,Turbo,14103.0,0.05,3195.0,0.15,11759.0,0.05,13120.0,0,0.15
0583720110201800010121,Turbo,13878.0,0.05,3428.0,0.15,11518.0,0.05,12940.0,0,0.15
0583720110201800010207,Turbo,14330.0,0.05,2971.0,0.35,11997.0,0.05,13303.0,0,0.15
0583720110201800010214,Turbo,14335.0,0.05,2975.0,0.35,12118.0,0.05,13277.0,0,0.15
0504520010301100010215,Apartadó,1569.0,0.5,354.0,0.8,441.0,0.7,422.0,0,0.55
0505110000000000010334,Arboletes,435.0,0.85,425.0,0.8,84419.0,0.05,87114.0,0,0.15
0505110000000000010527,Arboletes,340.0,0.85,727.0,0.6,84495.0,0.05,87079.0,0,0.15
0505120040101000010108,Arboletes,22223.0,0.05,9362.0,0.05,55117.0,0.05,59806.0,0,0.15
0514710000000000010214,Carepa,1529.0,0.5,546.0,0.8,181.0,0.9,582.0,0,0.55
0566510000000000010862,San Pedro de Urabá,870.0,0.7,433.0,0.8,30287.0,0.05,39672.0,0,0.15
0583720100700200010418,Turbo,9903.0,0.05,156.0,1.0,403.0,0.7,843.0,0,0.55
0583720090600300010218,Turbo,7795.0,0.05,67.0,1.0,115.0,0.9,3479.0,0,0.15
0583720090603100010105,Turbo,4479.0,0.25,1034.0,0.6,1026.0,0.45,1287.0,0,0.35
0583720050604200010104,Turbo,15750.0,0.05,22.0,1.0,16054.0,0.05,24217.0,0,0.15
0566510000000000030108,San Pedro de Urabá,436.0,0.85,296.0,1.0,29086.0,0.05,38526.0,0,0.15
0566520040200800010112,San Pedro de Urabá,19968.0,0.05,1704.0,0.35,45754.0,0.05,53677.0,0,0.15
0583720090700100010313,Turbo,359.0,0.85,642.0,0.8,459.0,0.7,582.0,0,0.55
0504520020500200010115,Apartadó,3664.0,0.25,336.0,0.8,2253.0,0.45,843.0,0,0.55
0504520020300900010210,Apartadó,5585.0,0.05,52.0,1.0,417.0,0.7,734.0,0,0.55
0504520030101500010118,Apartadó,4895.0,0.25,703.0,0.6,647.0,0.7,1800.0,0,0.35
0505110000000000010226,Arboletes,112.0,1.0,254.0,1.0,85123.0,0.05,87818.0,0,0.15
0505110000000000011039,Arboletes,503.0,0.7,731.0,0.6,84235.0,0.05,86868.0,0,0.15
0505110000000000011116,Arboletes,770.0,0.7,759.0,0.6,84086.0,0.05,86806.0,0,0.15
0505120040101000010113,Arboletes,22368.0,0.05,9257.0,0.05,55092.0,0.05,59828.0,0,0.15
0505120030101100010127,Arboletes,14556.0,0.05,14556.0,0.05,63066.0,0.05,66742.0,0,0.15
0514710000000000010807,Carepa,850.0,0.7,160.0,1.0,187.0,0.9,899.0,0,0.55
0514710000000000020206,Carepa,1333.0,0.5,566.0,0.8,1306.0,0.45,1730.0,0,0.35
0514710000000000030530,Carepa,315.0,0.85,550.0,0.8,156.0,0.9,1826.0,0,0.35
0514710000000000030605,Carepa,501.0,0.7,239.0,1.0,575.0,0.7,2123.0,0,0.35
0514710000000000030622,Carepa,308.0,0.85,379.0,0.8,336.0,0.7,2029.0,0,0.35
0517220060601500010113,Chigorodó,11774.0,0.05,1259.0,0.6,1853.0,0.45,3469.0,0,0.15
0549010000000000010806,Necoclí,38365.0,0.05,585.0,0.8,38625.0,0.05,34741.0,0,0.15
0549010000000000010828,Necoclí,38157.0,0.05,416.0,0.8,38418.0,0.05,34534.0,0,0.15
0549020120600100010121,Necoclí,25425.0,0.05,733.0,0.6,25699.0,0.05,21780.0,0,0.15
0549020030300200010118,Necoclí,25168.0,0.05,15583.0,0.05,60291.0,0.05,56599.0,0,0.15
0549020030300200010205,Necoclí,24992.0,0.05,15483.0,0.05,60174.0,0.05,56512.0,0,0.15
0549020120300300010127,Necoclí,33555.0,0.05,460.0,0.8,34893.0,0.05,33429.0,0,0.15
0549020120600600010115,Necoclí,30861.0,0.05,271.0,1.0,31129.0,0.05,27224.0,0,0.15
0549020120100700010113,Necoclí,35393.0,0.05,1783.0,0.35,35664.0,0.05,31750.0,0,0.15
0549020090200800010101,Necoclí,24015.0,0.05,7676.0,0.05,48969.0,0.05,49896.0,0,0.15
0549020090200800010105,Necoclí,24175.0,0.05,7379.0,0.05,48769.0,0.05,49775.0,0,0.15
0549020120301000010109,Necoclí,31527.0,0.05,125.0,1.0,34109.0,0.05,33602.0,0,0.15
0565910000000000010404,San Juan de Urabá,421.0,0.85,421.0,0.8,73559.0,0.05,74615.0,0,0.15
0565910000000000010517,San Juan de Urabá,250.0,0.85,250.0,1.0,73683.0,0.05,74761.0,0,0.15
0565920020500200010101,San Juan de Urabá,8058.0,0.05,8058.0,0.05,66278.0,0.05,68506.0,0,0.15
0565920010300300010119,San Juan de Urabá,5580.0,0.05,5580.0,0.15,71065.0,0.05,70969.0,0,0.15
0566510000000000010124,San Pedro de Urabá,328.0,0.85,124.0,1.0,30011.0,0.05,39518.0,0,0.15
0566510000000000010743,San Pedro de Urabá,627.0,0.7,278.0,1.0,29608.0,0.05,39153.0,0,0.15
0583720090700100020203,Turbo,401.0,0.85,339.0,0.8,380.0,0.7,1166.0,0,0.35
0583720100700200010110,Turbo,10258.0,0.05,359.0,0.8,237.0,0.9,1312.0,0,0.35
0583720100700200020502,Turbo,9417.0,0.05,423.0,0.8,195.0,0.9,721.0,0,0.55
0583720050200500010122,Turbo,9775.0,0.05,229.0,1.0,19811.0,0.05,29172.0,0,0.15
0583720090302300010109,Turbo,2438.0,0.25,526.0,0.8,650.0,0.7,2947.0,0,0.35
0583720090402400010103,Turbo,2890.0,0.25,1120.0,0.6,259.0,0.9,2357.0,0,0.35
0583720030802900010117,Turbo,10081.0,0.05,36.0,1.0,10338.0,0.05,6484.0,0,0.15
0583720030803200010106,Turbo,12013.0,0.05,324.0,0.8,12273.0,0.05,8405.0,0,0.15
0583720010203800010101,Turbo,3404.0,0.25,2857.0,0.35,27644.0,0.05,36751.0,0,0.15
0514710000000000010327,Carepa,1110.0,0.5,278.0,1.0,127.0,0.9,650.0,0,0.55
0514710000000000010333,Carepa,1151.0,0.5,347.0,0.8,219.0,0.9,612.0,0,0.55
0514710000000000010401,Carepa,863.0,0.7,121.0,1.0,85.0,1.0,977.0,0,0.55
0514710000000000010618,Carepa,1185.0,0.5,295.0,1.0,509.0,0.7,800.0,0,0.55
0514710000000000010730,Carepa,681.0,0.7,199.0,1.0,454.0,0.7,1234.0,0,0.35
0514710000000000010821,Carepa,899.0,0.7,95.0,1.0,233.0,0.9,875.0,0,0.55
0514710000000000020520,Carepa,249.0,0.85,275.0,1.0,402.0,0.7,1754.0,0,0.35
0514710000000000020613,Carepa,606.0,0.7,183.0,1.0,751.0,0.7,1857.0,0,0.35
0514710000000000020803,Carepa,1544.0,0.5,760.0,0.6,1623.0,0.45,2104.0,0,0.35
0514710000000000020907,Carepa,1435.0,0.5,666.0,0.8,1554.0,0.45,2138.0,0,0.35
0514710000000000030612,Carepa,522.0,0.7,281.0,1.0,582.0,0.7,2162.0,0,0.35
0514720010700700010113,Carepa,6347.0,0.05,2494.0,0.35,5147.0,0.2,496.0,0,0.55
0514720011001000010125,Carepa,4344.0,0.25,688.0,0.8,350.0,0.7,1686.0,0,0.35
0517210000000000010103,Chigorodó,9834.0,0.05,81.0,1.0,1051.0,0.45,1332.0,0,0.35
0517210000000000010106,Chigorodó,10014.0,0.05,69.0,1.0,1094.0,0.45,1413.0,0,0.35
0517210000000000010306,Chigorodó,10032.0,0.05,28.0,1.0,943.0,0.7,1629.0,0,0.35
0517210000000000020225,Chigorodó,10506.0,0.05,170.0,1.0,813.0,0.7,2534.0,0,0.35
0517210000000000020231,Chigorodó,10821.0,0.05,335.0,0.8,1032.0,0.45,2788.0,0,0.35
0517210000000000020435,Chigorodó,10684.0,0.05,572.0,0.8,1066.0,0.45,2431.0,0,0.35
0517210000000000020512,Chigorodó,10964.0,0.05,492.0,0.8,1186.0,0.45,2871.0,0,0.35
0517210000000000050117,Chigorodó,9556.0,0.05,131.0,1.0,132.0,0.9,1762.0,0,0.35
0517210000000000050302,Chigorodó,9551.0,0.05,77.0,1.0,294.0,0.9,1588.0,0,0.35
0517210000000000050527,Chigorodó,9724.0,0.05,119.0,1.0,309.0,0.7,1689.0,0,0.35
0517210000000000060316,Chigorodó,10291.0,0.05,228.0,1.0,533.0,0.7,2242.0,0,0.35
0517210000000000060917,Chigorodó,10884.0,0.05,370.0,0.8,1030.0,0.45,2799.0,0,0.35
0549020030200400010115,Necoclí,14714.0,0.05,14714.0,0.05,64311.0,0.05,62799.0,0,0.15
0565910000000000010901,San Juan de Urabá,698.0,0.7,698.0,0.8,72230.0,0.05,73354.0,0,0.15
0566510000000000010902,San Pedro de Urabá,765.0,0.7,314.0,0.8,30316.0,0.05,39851.0,0,0.15
0583720110201800010108,Turbo,14213.0,0.05,3089.0,0.15,11732.0,0.05,13245.0,0,0.15
0583720110201800010127,Turbo,13947.0,0.05,3356.0,0.15,11586.0,0.05,12997.0,0,0.15
0514720010700700010110,Carepa,6216.0,0.05,2477.0,0.35,5033.0,0.2,736.0,0,0.55
0514710000000000010710,Carepa,670.0,0.7,157.0,1.0,545.0,0.7,1336.0,0,0.35
0514710000000000030615,Carepa,390.0,0.85,420.0,0.8,389.0,0.7,2117.0,0,0.35
0514720010700700010118,Carepa,6323.0,0.05,2533.0,0.35,5133.0,0.2,638.0,0,0.55
0517210000000000010120,Chigorodó,9568.0,0.05,265.0,1.0,1057.0,0.45,1221.0,0,0.35
0517210000000000010502,Chigorodó,9750.0,0.05,80.0,1.0,677.0,0.7,1718.0,0,0.35
0517210000000000020104,Chigorodó,10004.0,0.05,200.0,1.0,563.0,0.7,2142.0,0,0.35
0517210000000000020511,Chigorodó,10914.0,0.05,440.0,0.8,1135.0,0.45,2863.0,0,0.35
0517210000000000030101,Chigorodó,9360.0,0.05,364.0,0.8,687.0,0.7,1580.0,0,0.35
0517210000000000050603,Chigorodó,9648.0,0.05,121.0,1.0,87.0,1.0,1786.0,0,0.35
0517210000000000050709,Chigorodó,9712.0,0.05,415.0,0.8,449.0,0.7,1356.0,0,0.35
0517210000000000060102,Chigorodó,9998.0,0.05,68.0,1.0,366.0,0.7,1975.0,0,0.35
0517210000000000060218,Chigorodó,10389.0,0.05,222.0,1.0,406.0,0.7,2177.0,0,0.35
0517210000000000060301,Chigorodó,10181.0,0.05,161.0,1.0,503.0,0.7,2162.0,0,0.35
0517210000000000060421,Chigorodó,10556.0,0.05,91.0,1.0,794.0,0.7,2530.0,0,0.35
0517210000000000060910,Chigorodó,10769.0,0.05,259.0,1.0,941.0,0.7,2703.0,0,0.35
0549020030200400010118,Necoclí,14499.0,0.05,14499.0,0.05,64206.0,0.05,62773.0,0,0.15
0514710000000000010111,Carepa,701.0,0.7,125.0,1.0,46.0,1.0,1117.0,0,0.35
0517210000000000010102,Chigorodó,9929.0,0.05,104.0,1.0,1184.0,0.45,1237.0,0,0.35
0517210000000000050411,Chigorodó,9665.0,0.05,120.0,1.0,348.0,0.7,1471.0,0,0.35
0517210000000000060906,Chigorodó,10759.0,0.05,331.0,0.8,798.0,0.7,2568.0,0,0.35
0565910000000000010131,San Juan de Urabá,836.0,0.7,836.0,0.6,72922.0,0.05,73756.0,0,0.15
0504520020300900010202,Apartadó,5778.0,0.05,441.0,0.8,845.0,0.7,552.0,0,0.55
0504520030101500010102,Apartadó,4746.0,0.25,596.0,0.8,563.0,0.7,1706.0,0,0.35
0505110000000000011033,Arboletes,250.0,0.85,535.0,0.8,84488.0,0.05,87118.0,0,0.15
0514710000000000020601,Carepa,474.0,0.85,281.0,1.0,581.0,0.7,1670.0,0,0.35
0514710000000000020715,Carepa,531.0,0.7,113.0,1.0,643.0,0.7,2052.0,0,0.35
0514710000000000030225,Carepa,673.0,0.7,401.0,0.8,227.0,0.9,1534.0,0,0.35
0549020120300300010106,Necoclí,32948.0,0.05,135.0,1.0,34273.0,0.05,33001.0,0,0.15
0549010000000000010916,Necoclí,38385.0,0.05,716.0,0.6,38647.0,0.05,34760.0,0,0.15
0549020120600100010120,Necoclí,25500.0,0.05,649.0,0.8,25775.0,0.05,21855.0,0,0.15
0549020030300200010122,Necoclí,24914.0,0.05,16017.0,0.05,60722.0,0.05,57034.0,0,0.15
0549020120101100010102,Necoclí,32594.0,0.05,390.0,0.8,32875.0,0.05,28948.0,0,0.15
0565920010100500010116,San Juan de Urabá,8387.0,0.05,8387.0,0.05,67391.0,0.05,67105.0,0,0.15
0565920010100500010125,San Juan de Urabá,8239.0,0.05,8239.0,0.05,67593.0,0.05,67309.0,0,0.15
0566510000000000010563,San Pedro de Urabá,542.0,0.7,98.0,1.0,30057.0,0.05,39488.0,0,0.15
0583720090700100010301,Turbo,849.0,0.7,1139.0,0.6,441.0,0.7,227.0,0,0.55
0583720090700100010503,Turbo,575.0,0.7,831.0,0.6,619.0,0.7,389.0,0,0.55
0583720090700100020313,Turbo,865.0,0.7,692.0,0.8,290.0,0.9,1099.0,0,0.35
0583720090700100020346,Turbo,910.0,0.7,813.0,0.6,503.0,0.7,1315.0,0,0.35
0583720090700100020514,Turbo,550.0,0.7,220.0,1.0,68.0,1.0,755.0,0,0.55
0583720090600300010104,Turbo,7591.0,0.05,27.0,1.0,119.0,0.9,3272.0,0,0.15
0583720100400800010415,Turbo,4115.0,0.25,328.0,0.8,394.0,0.7,717.0,0,0.55
0583720050604200010107,Turbo,15795.0,0.05,267.0,1.0,16207.0,0.05,24298.0,0,0.15
0505110000000000010335,Arboletes,463.0,0.85,454.0,0.8,84391.0,0.05,87085.0,0,0.15
0504520020300300010102,Apartadó,4612.0,0.25,99.0,1.0,105.0,0.9,1061.0,0,0.35
0505120030101100010104,Arboletes,14133.0,0.05,14133.0,0.05,63303.0,0.05,66891.0,0,0.15
0514710000000000020316,Carepa,641.0,0.7,144.0,1.0,719.0,0.7,1590.0,0,0.35
0514710000000000020726,Carepa,429.0,0.85,79.0,1.0,557.0,0.7,1940.0,0,0.35
0549020030300200010201,Necoclí,25012.0,0.05,15529.0,0.05,60223.0,0.05,56555.0,0,0.15
0549020120300300010120,Necoclí,32598.0,0.05,545.0,0.8,34399.0,0.05,33356.0,0,0.15
0549010000000000010505,Necoclí,36504.0,0.05,658.0,0.8,36766.0,0.05,32878.0,0,0.15
0549020120600100010229,Necoclí,25545.0,0.05,927.0,0.6,25816.0,0.05,21904.0,0,0.15
0549020120300300010123,Necoclí,32746.0,0.05,721.0,0.6,34818.0,0.05,33794.0,0,0.15
0549020090200800010108,Necoclí,24132.0,0.05,7506.0,0.05,48833.0,0.05,49798.0,0,0.15
0549020120301000010107,Necoclí,31584.0,0.05,133.0,1.0,34163.0,0.05,33637.0,0,0.15
0549020120801600010109,Necoclí,27914.0,0.05,552.0,0.8,28626.0,0.05,29203.0,0,0.15
0565910000000000010610,San Juan de Urabá,581.0,0.7,581.0,0.8,72789.0,0.05,73939.0,0,0.15
0565920020500200010104,San Juan de Urabá,8235.0,0.05,8235.0,0.05,66108.0,0.05,68356.0,0,0.15
0565920010100500010121,San Juan de Urabá,8528.0,0.05,8528.0,0.05,67947.0,0.05,67521.0,0,0.15
0566510000000000010423,San Pedro de Urabá,953.0,0.7,458.0,0.8,29705.0,0.05,39281.0,0,0.15
0566510000000000010562,San Pedro de Urabá,511.0,0.7,146.0,1.0,30022.0,0.05,39443.0,0,0.15
0566510000000000010636,San Pedro de Urabá,209.0,0.85,193.0,1.0,29938.0,0.05,39410.0,0,0.15
0566520020300300010112,San Pedro de Urabá,29335.0,0.05,12010.0,0.05,58503.0,0.05,67355.0,0,0.15
0566520010100400010111,San Pedro de Urabá,31444.0,0.05,8701.0,0.05,58920.0,0.05,67044.0,0,0.15
0583720090700100010127,Turbo,559.0,0.7,897.0,0.6,517.0,0.7,676.0,0,0.55
0583720020101300010106,Turbo,15597.0,0.05,224.0,1.0,31470.0,0.05,38375.0,0,0.15
0583720020101300010121,Turbo,15414.0,0.05,161.0,1.0,31367.0,0.05,38307.0,0,0.15
0583720090302300010107,Turbo,2099.0,0.25,137.0,1.0,971.0,0.7,3336.0,0,0.15
0583720030802900010116,Turbo,10059.0,0.05,75.0,1.0,10316.0,0.05,6465.0,0,0.15
0583720090103900010107,Turbo,4226.0,0.25,1553.0,0.35,4452.0,0.2,1803.0,0,0.35
0514710000000000010112,Carepa,639.0,0.7,126.0,1.0,76.0,1.0,1134.0,0,0.35
0514710000000000030122,Carepa,505.0,0.7,141.0,1.0,34.0,1.0,1391.0,0,0.35
0514710000000000030123,Carepa,530.0,0.7,160.0,1.0,26.0,1.0,1390.0,0,0.35
0514710000000000030204,Carepa,452.0,0.85,179.0,1.0,59.0,1.0,1445.0,0,0.35
0514710000000000030227,Carepa,529.0,0.7,316.0,0.8,85.0,1.0,1537.0,0,0.35
0517210000000000010313,Chigorodó,9965.0,0.05,105.0,1.0,847.0,0.7,1688.0,0,0.35
0517210000000000010707,Chigorodó,10281.0,0.05,202.0,1.0,1275.0,0.45,1475.0,0,0.35
0517210000000000020107,Chigorodó,10109.0,0.05,367.0,0.8,539.0,0.7,2290.0,0,0.35
0517210000000000020303,Chigorodó,10141.0,0.05,278.0,1.0,475.0,0.7,2316.0,0,0.35
0517210000000000020304,Chigorodó,10133.0,0.05,259.0,1.0,456.0,0.7,2286.0,0,0.35
0517210000000000060502,Chigorodó,10335.0,0.05,233.0,1.0,477.0,0.7,2224.0,0,0.35
0517210000000000060725,Chigorodó,10763.0,0.05,410.0,0.8,757.0,0.7,2499.0,0,0.35
0517210000000000060737,Chigorodó,10431.0,0.05,111.0,1.0,511.0,0.7,2050.0,0,0.35
0517210000000000060912,Chigorodó,10861.0,0.05,367.0,0.8,1055.0,0.45,2816.0,0,0.35
0549020050300500010109,Necoclí,32753.0,0.05,991.0,0.6,44601.0,0.05,42090.0,0,0.15
0565910000000000010227,San Juan de Urabá,582.0,0.7,582.0,0.8,72399.0,0.05,73518.0,0,0.15
0565910000000000010515,San Juan de Urabá,175.0,1.0,175.0,1.0,73787.0,0.05,74862.0,0,0.15
0566510000000000011004,San Pedro de Urabá,1212.0,0.5,647.0,0.8,30061.0,0.05,39372.0,0,0.15
0583720110201800010116,Turbo,14039.0,0.05,3259.0,0.15,11798.0,0.05,13040.0,0,0.15
0504520020500200010308,Apartadó,3413.0,0.25,101.0,1.0,1878.0,0.45,994.0,0,0.55
0504520010301100010116,Apartadó,1301.0,0.5,61.0,1.0,685.0,0.7,338.0,0,0.55
0504520010301100010228,Apartadó,1691.0,0.5,530.0,0.8,268.0,0.9,484.0,0,0.55
0504520010101400010116,Apartadó,11114.0,0.05,225.0,1.0,4088.0,0.2,991.0,0,0.55
0505110000000000010208,Arboletes,64.0,1.0,74.0,1.0,84916.0,0.05,87610.0,0,0.15
0505110000000000010339,Arboletes,514.0,0.7,504.0,0.8,84341.0,0.05,87034.0,0,0.15
0505110000000000010524,Arboletes,321.0,0.85,698.0,0.8,84550.0,0.05,87129.0,0,0.15
0505110000000000010528,Arboletes,349.0,0.85,732.0,0.6,84453.0,0.05,87044.0,0,0.15
0505110000000000010541,Arboletes,490.0,0.85,853.0,0.6,84319.0,0.05,86902.0,0,0.15
0505110000000000011019,Arboletes,206.0,0.85,460.0,0.8,84544.0,0.05,87182.0,0,0.15
0505120030101100010114,Arboletes,14237.0,0.05,14237.0,0.05,63166.0,0.05,66764.0,0,0.15
0505120030101100010118,Arboletes,14494.0,0.05,14494.0,0.05,62866.0,0.05,66493.0,0,0.15
0505120050401400010107,Arboletes,23523.0,0.05,34.0,1.0,47759.0,0.05,55180.0,0,0.15
0505120050401400010109,Arboletes,23543.0,0.05,80.0,1.0,47814.0,0.05,55243.0,0,0.15
0549020030300200010131,Necoclí,25144.0,0.05,15703.0,0.05,60413.0,0.05,56717.0,0,0.15
0514710000000000010224,Carepa,1079.0,0.5,129.0,1.0,88.0,1.0,899.0,0,0.55
0514710000000000010608,Carepa,852.0,0.7,191.0,1.0,611.0,0.7,1196.0,0,0.35
0514710000000000020615,Carepa,595.0,0.7,125.0,1.0,739.0,0.7,1920.0,0,0.35
0514710000000000030239,Carepa,386.0,0.85,408.0,0.8,163.0,0.9,1677.0,0,0.35
0517220070300300010110,Chigorodó,20874.0,0.05,694.0,0.8,7215.0,0.2,8295.0,0,0.15
0517220060601500010105,Chigorodó,11876.0,0.05,1380.0,0.6,2011.0,0.45,3389.0,0,0.15
0549020120300300010122,Necoclí,32887.0,0.05,246.0,1.0,34506.0,0.05,33326.0,0,0.15
0549020120600100010311,Necoclí,25892.0,0.05,1056.0,0.6,26160.0,0.05,22254.0,0,0.15
0549010000000000010311,Necoclí,37343.0,0.05,204.0,1.0,37599.0,0.05,33731.0,0,0.15
0549010000000000010315,Necoclí,37238.0,0.05,85.0,1.0,37495.0,0.05,33625.0,0,0.15
0549010000000000010321,Necoclí,37040.0,0.05,79.0,1.0,37297.0,0.05,33426.0,0,0.15
0549010000000000010329,Necoclí,37024.0,0.05,73.0,1.0,37283.0,0.05,33406.0,0,0.15
0549010000000000010719,Necoclí,37880.0,0.05,161.0,1.0,38139.0,0.05,34259.0,0,0.15
0549010000000000010815,Necoclí,38327.0,0.05,497.0,0.8,38587.0,0.05,34704.0,0,0.15
0549010000000000010821,Necoclí,38256.0,0.05,421.0,0.8,38516.0,0.05,34634.0,0,0.15
0549020120600100010115,Necoclí,25617.0,0.05,559.0,0.8,25891.0,0.05,21972.0,0,0.15
0549020120600100010130,Necoclí,25451.0,0.05,759.0,0.6,25724.0,0.05,21807.0,0,0.15
0549020120300300010130,Necoclí,33503.0,0.05,416.0,0.8,34710.0,0.05,33229.0,0,0.15
0549020120600600010104,Necoclí,30354.0,0.05,438.0,0.8,30624.0,0.05,26713.0,0,0.15
0549020120100700010109,Necoclí,35194.0,0.05,1530.0,0.35,35466.0,0.05,31551.0,0,0.15
0549020120801600010102,Necoclí,27970.0,0.05,579.0,0.8,28885.0,0.05,29461.0,0,0.15
0565910000000000010225,San Juan de Urabá,256.0,0.85,256.0,1.0,72999.0,0.05,73993.0,0,0.15
0566510000000000010219,San Pedro de Urabá,288.0,0.85,249.0,1.0,29822.0,0.05,39336.0,0,0.15
0566510000000000010740,San Pedro de Urabá,584.0,0.7,121.0,1.0,29768.0,0.05,39310.0,0,0.15
0566510000000000010904,San Pedro de Urabá,583.0,0.7,141.0,1.0,30139.0,0.05,39667.0,0,0.15
0566510000000000020101,San Pedro de Urabá,531.0,0.7,553.0,0.8,29319.0,0.05,38835.0,0,0.15
0583720090700100020208,Turbo,404.0,0.85,260.0,1.0,294.0,0.9,1072.0,0,0.35
0583720090700100020223,Turbo,185.0,1.0,226.0,1.0,326.0,0.7,1066.0,0,0.35
0583720090600300010209,Turbo,7811.0,0.05,43.0,1.0,117.0,0.9,3504.0,0,0.15
0583720090600300010211,Turbo,7798.0,0.05,32.0,1.0,88.0,1.0,3527.0,0,0.15
0583720090600300010219,Turbo,7764.0,0.05,113.0,1.0,68.0,1.0,3434.0,0,0.15
0583720090600300010338,Turbo,6810.0,0.05,886.0,0.6,212.0,0.9,3589.0,0,0.15
0583720090302300010105,Turbo,2360.0,0.25,509.0,0.8,592.0,0.7,2964.0,0,0.35
0583720090103900010102,Turbo,4338.0,0.25,1726.0,0.35,4582.0,0.2,1750.0,0,0.35
0504520010301100010103,Apartadó,1172.0,0.5,152.0,1.0,936.0,0.7,354.0,0,0.55
0504520030101500010121,Apartadó,4982.0,0.25,583.0,0.8,532.0,0.7,1705.0,0,0.35
0583720100700200010302,Turbo,10125.0,0.05,58.0,1.0,210.0,0.9,1102.0,0,0.35
0549010000000000010128,Necoclí,37424.0,0.05,251.0,1.0,37681.0,0.05,33812.0,0,0.15
0549010000000000010222,Necoclí,36596.0,0.05,200.0,1.0,36853.0,0.05,32980.0,0,0.15
0549020090501500010107,Necoclí,28589.0,0.05,329.0,0.8,38761.0,0.05,40921.0,0,0.15
0583720090700100010308,Turbo,92.0,1.0,422.0,0.8,329.0,0.7,831.0,0,0.55
0583720240400900010103,Turbo,12202.0,0.05,403.0,0.8,12479.0,0.05,13432.0,0,0.15
0514710000000000010219,Carepa,1335.0,0.5,361.0,0.8,337.0,0.7,774.0,0,0.55
0514710000000000010815,Carepa,754.0,0.7,111.0,1.0,271.0,0.9,1013.0,0,0.35
0514710000000000020217,Carepa,1164.0,0.5,399.0,0.8,1162.0,0.45,1684.0,0,0.35
0514710000000000020411,Carepa,581.0,0.7,206.0,1.0,690.0,0.7,1694.0,0,0.35
0514710000000000030102,Carepa,593.0,0.7,59.0,1.0,132.0,0.9,1267.0,0,0.35
0514710000000000030111,Carepa,553.0,0.7,82.0,1.0,108.0,0.9,1310.0,0,0.35
0514710000000000030230,Carepa,522.0,0.7,350.0,0.8,101.0,0.9,1574.0,0,0.35
0514710000000000030403,Carepa,97.0,1.0,436.0,0.8,116.0,0.9,1650.0,0,0.35
0514710000000000030514,Carepa,411.0,0.85,478.0,0.8,226.0,0.9,1744.0,0,0.35
0514710000000000030524,Carepa,374.0,0.85,726.0,0.6,179.0,0.9,2001.0,0,0.35
0514720010700700010101,Carepa,6351.0,0.05,2463.0,0.35,5147.0,0.2,410.0,0,0.55
0517210000000000010128,Chigorodó,9965.0,0.05,176.0,1.0,1282.0,0.45,1150.0,0,0.35
0517210000000000020309,Chigorodó,9716.0,0.05,66.0,1.0,231.0,0.9,2063.0,0,0.35
0517210000000000020434,Chigorodó,10698.0,0.05,665.0,0.8,1125.0,0.45,2331.0,0,0.35
0517210000000000050127,Chigorodó,9574.0,0.05,205.0,1.0,197.0,0.9,1916.0,0,0.35
0517210000000000050313,Chigorodó,9595.0,0.05,51.0,1.0,433.0,0.7,1479.0,0,0.35
0517210000000000050318,Chigorodó,9536.0,0.05,115.0,1.0,480.0,0.7,1340.0,0,0.35
0517210000000000060428,Chigorodó,10478.0,0.05,59.0,1.0,713.0,0.7,2444.0,0,0.35
0517210000000000060429,Chigorodó,10458.0,0.05,80.0,1.0,708.0,0.7,2433.0,0,0.35
0517210000000000060624,Chigorodó,10443.0,0.05,92.0,1.0,458.0,0.7,2104.0,0,0.35
0517210000000000061004,Chigorodó,10652.0,0.05,177.0,1.0,648.0,0.7,2316.0,0,0.35
0565910000000000010314,San Juan de Urabá,193.0,1.0,193.0,1.0,73215.0,0.05,74286.0,0,0.15
0565910000000000010716,San Juan de Urabá,997.0,0.7,997.0,0.6,72776.0,0.05,74022.0,0,0.15
0565910000000000010719,San Juan de Urabá,1198.0,0.5,1198.0,0.6,72652.0,0.05,73937.0,0,0.15
0566510000000000010558,San Pedro de Urabá,684.0,0.7,336.0,0.8,30173.0,0.05,39581.0,0,0.15
0566510000000000030104,San Pedro de Urabá,670.0,0.7,470.0,0.8,28860.0,0.05,38280.0,0,0.15
0583720110201800010130,Turbo,13887.0,0.05,3412.0,0.15,11630.0,0.05,12921.0,0,0.15
0514710000000000030643,Carepa,579.0,0.7,468.0,0.8,574.0,0.7,2288.0,0,0.35
0504520030101500010113,Apartadó,4925.0,0.25,581.0,0.8,500.0,0.7,1664.0,0,0.35
0504520010101600010109,Apartadó,8586.0,0.05,1166.0,0.6,3752.0,0.2,360.0,0,0.55
0505120030200900010117,Arboletes,14899.0,0.05,14899.0,0.05,58475.0,0.05,60885.0,0,0.15
0514710000000000030631,Carepa,601.0,0.7,233.0,1.0,686.0,0.7,2171.0,0,0.35
0549010000000000010712,Necoclí,38183.0,0.05,271.0,1.0,38442.0,0.05,34563.0,0,0.15
0549020120300300010117,Necoclí,32853.0,0.05,193.0,1.0,34250.0,0.05,33026.0,0,0.15
0549020120301400010104,Necoclí,34528.0,0.05,157.0,1.0,35963.0,0.05,34227.0,0,0.15
0566510000000000010215,San Pedro de Urabá,248.0,0.85,338.0,0.8,29661.0,0.05,39169.0,0,0.15
0566510000000000010507,San Pedro de Urabá,223.0,0.85,122.0,1.0,29890.0,0.05,39357.0,0,0.15
0566510000000000010632,San Pedro de Urabá,198.0,1.0,284.0,1.0,29972.0,0.05,39458.0,0,0.15
0583720090700100010306,Turbo,441.0,0.85,738.0,0.6,560.0,0.7,563.0,0,0.55
0583720090700100020213,Turbo,384.0,0.85,134.0,1.0,179.0,0.9,980.0,0,0.55
0583720100700200020504,Turbo,9406.0,0.05,487.0,0.8,265.0,0.9,755.0,0,0.55
0583720100400800010418,Turbo,4156.0,0.25,331.0,0.8,304.0,0.7,809.0,0,0.55
0583720070201200010102,Turbo,17537.0,0.05,249.0,1.0,12751.0,0.05,21535.0,0,0.15
0504520020300900010222,Apartadó,5173.0,0.05,563.0,0.8,129.0,0.9,1235.0,0,0.35
0514710000000000010117,Carepa,632.0,0.7,64.0,1.0,90.0,1.0,1226.0,0,0.35
0514710000000000010202,Carepa,1380.0,0.5,398.0,0.8,205.0,0.9,621.0,0,0.55
0514710000000000020702,Carepa,439.0,0.85,60.0,1.0,574.0,0.7,1914.0,0,0.35
0549010000000000010132,Necoclí,36926.0,0.05,61.0,1.0,37180.0,0.05,33320.0,0,0.15
0549010000000000010512,Necoclí,36428.0,0.05,621.0,0.8,36689.0,0.05,32802.0,0,0.15
0549020120600100010205,Necoclí,25812.0,0.05,728.0,0.6,26083.0,0.05,22171.0,0,0.15
0549020120600100010404,Necoclí,25863.0,0.05,471.0,0.8,26136.0,0.05,22220.0,0,0.15
0549020120300300010108,Necoclí,32935.0,0.05,192.0,1.0,34369.0,0.05,33128.0,0,0.15
0549020120100700010108,Necoclí,34968.0,0.05,1455.0,0.6,35240.0,0.05,31325.0,0,0.15
0549020090200800010114,Necoclí,24190.0,0.05,7479.0,0.05,48778.0,0.05,49738.0,0,0.15
0583720050200500010110,Turbo,9583.0,0.05,70.0,1.0,19991.0,0.05,29365.0,0,0.15
0566510000000000010412,San Pedro de Urabá,779.0,0.7,395.0,0.8,29548.0,0.05,39106.0,0,0.15
0566510000000000010418,San Pedro de Urabá,884.0,0.7,500.0,0.8,29483.0,0.05,39050.0,0,0.15
0566510000000000010501,San Pedro de Urabá,397.0,0.85,91.0,1.0,29894.0,0.05,39335.0,0,0.15
0566510000000000011002,San Pedro de Urabá,1505.0,0.5,1022.0,0.6,29779.0,0.05,39046.0,0,0.15
0583720090700100010404,Turbo,698.0,0.7,965.0,0.6,637.0,0.7,334.0,0,0.55
0583720090700100010516,Turbo,554.0,0.7,776.0,0.6,551.0,0.7,358.0,0,0.55
0583720090700100020341,Turbo,711.0,0.7,672.0,0.8,541.0,0.7,1337.0,0,0.35
0583720100700200020112,Turbo,9721.0,0.05,372.0,0.8,174.0,0.9,904.0,0,0.55
0583720090600300010335,Turbo,6920.0,0.05,778.0,0.6,170.0,0.9,3634.0,0,0.15
0583720090600300010348,Turbo,6517.0,0.05,785.0,0.6,415.0,0.7,2993.0,0,0.35
0583720030700600010106,Turbo,15671.0,0.05,166.0,1.0,15925.0,0.05,12076.0,0,0.15
0583720100400800010307,Turbo,4475.0,0.25,9.0,1.0,123.0,0.9,535.0,0,0.55
0583720080301000010102,Turbo,6106.0,0.05,148.0,1.0,3080.0,0.2,4192.0,0,0.15
0583720070201200010103,Turbo,17696.0,0.05,97.0,1.0,12590.0,0.05,21371.0,0,0.15
0583720070202000010102,Turbo,18536.0,0.05,81.0,1.0,5215.0,0.2,15156.0,0,0.15
0583720090302500010103,Turbo,2651.0,0.25,618.0,0.8,2663.0,0.45,2739.0,0,0.35
0583720090602600010120,Turbo,4492.0,0.25,213.0,1.0,524.0,0.7,2295.0,0,0.35
0583720010203800010106,Turbo,3637.0,0.25,3245.0,0.15,27251.0,0.05,36358.0,0,0.15
0514710000000000020911,Carepa,1354.0,0.5,591.0,0.8,1475.0,0.45,2109.0,0,0.35
0514710000000000010334,Carepa,1090.0,0.5,269.0,1.0,92.0,1.0,656.0,0,0.55
0514710000000000010502,Carepa,1056.0,0.5,213.0,1.0,343.0,0.7,793.0,0,0.55
0514710000000000020916,Carepa,1192.0,0.5,448.0,0.8,1319.0,0.45,2057.0,0,0.35
0514710000000000030114,Carepa,595.0,0.7,193.0,1.0,84.0,1.0,1374.0,0,0.35
0514710000000000030518,Carepa,314.0,0.85,645.0,0.8,119.0,0.9,1920.0,0,0.35
0517210000000000010703,Chigorodó,10186.0,0.05,116.0,1.0,1225.0,0.45,1423.0,0,0.35
0517210000000000010704,Chigorodó,10208.0,0.05,148.0,1.0,1260.0,0.45,1403.0,0,0.35
0517210000000000060311,Chigorodó,10196.0,0.05,265.0,1.0,331.0,0.7,2067.0,0,0.35
0517210000000000061017,Chigorodó,10846.0,0.05,343.0,0.8,884.0,0.7,2452.0,0,0.35
0549020050300500010203,Necoclí,32801.0,0.05,942.0,0.6,44558.0,0.05,42042.0,0,0.15
0565910000000000010124,San Juan de Urabá,708.0,0.7,708.0,0.6,72817.0,0.05,73677.0,0,0.15
0565910000000000010125,San Juan de Urabá,801.0,0.7,801.0,0.6,72823.0,0.05,73664.0,0,0.15
0565910000000000010803,San Juan de Urabá,482.0,0.85,482.0,0.8,72335.0,0.05,73412.0,0,0.15
0566510000000000010425,San Pedro de Urabá,883.0,0.7,354.0,0.8,29854.0,0.05,39423.0,0,0.15
0566510000000000010566,San Pedro de Urabá,1055.0,0.5,629.0,0.8,30561.0,0.05,39971.0,0,0.15
0583720110201800010106,Turbo,14098.0,0.05,3202.0,0.15,11697.0,0.05,13131.0,0,0.15
0583720110201800010115,Turbo,13969.0,0.05,3330.0,0.15,11776.0,0.05,12970.0,0,0.15
0583720110201800010305,Turbo,14186.0,0.05,3113.0,0.15,11910.0,0.05,13170.0,0,0.15
0517220060601500010110,Chigorodó,11958.0,0.05,1453.0,0.6,2068.0,0.45,3490.0,0,0.15
0504520020500200010302,Apartadó,3388.0,0.25,93.0,1.0,1790.0,0.45,936.0,0,0.55
0504520030101500010116,Apartadó,4878.0,0.25,664.0,0.8,612.0,0.7,1762.0,0,0.35
0505110000000000010111,Arboletes,112.0,1.0,621.0,0.8,85123.0,0.05,87912.0,0,0.15
0505110000000000010115,Arboletes,93.0,1.0,434.0,0.8,85090.0,0.05,87845.0,0,0.15
0505110000000000010806,Arboletes,112.0,1.0,631.0,0.8,84905.0,0.05,87711.0,0,0.15
0505110000000000010807,Arboletes,159.0,1.0,661.0,0.8,84856.0,0.05,87668.0,0,0.15
0505110000000000011006,Arboletes,210.0,0.85,383.0,0.8,84581.0,0.05,87231.0,0,0.15
0505110000000000011125,Arboletes,578.0,0.7,568.0,0.8,84276.0,0.05,86972.0,0,0.15
0505120030101100010112,Arboletes,14363.0,0.05,14363.0,0.05,63264.0,0.05,66913.0,0,0.15
0517220070300300010108,Chigorodó,20778.0,0.05,790.0,0.6,7151.0,0.2,8209.0,0,0.15
0514710000000000020102,Carepa,1032.0,0.5,322.0,0.8,873.0,0.7,1340.0,0,0.35
0514710000000000020108,Carepa,1028.0,0.5,308.0,0.8,930.0,0.7,1446.0,0,0.35
0514710000000000020405,Carepa,424.0,0.85,296.0,1.0,487.0,0.7,1549.0,0,0.35
0549020120600100010208,Necoclí,25762.0,0.05,554.0,0.8,26034.0,0.05,22119.0,0,0.15
0549020030300200010104,Necoclí,25228.0,0.05,15650.0,0.05,60364.0,0.05,56661.0,0,0.15
0549020050401800010102,Necoclí,39809.0,0.05,973.0,0.6,41660.0,0.05,37732.0,0,0.15
0566510000000000010117,San Pedro de Urabá,540.0,0.7,92.0,1.0,30170.0,0.05,39690.0,0,0.15
0566510000000000010218,San Pedro de Urabá,300.0,0.85,304.0,0.8,29687.0,0.05,39201.0,0,0.15
0566510000000000010848,San Pedro de Urabá,330.0,0.85,252.0,1.0,29708.0,0.05,39110.0,0,0.15
0583720090700100010212,Turbo,359.0,0.85,674.0,0.8,519.0,0.7,655.0,0,0.55
0583720090700100010604,Turbo,503.0,0.7,381.0,0.8,142.0,0.9,785.0,0,0.55
0583720090700100020321,Turbo,741.0,0.7,728.0,0.6,608.0,0.7,1407.0,0,0.35
0583720090600300010108,Turbo,7503.0,0.05,138.0,1.0,197.0,0.9,3237.0,0,0.15
0583720090600300010308,Turbo,7760.0,0.05,73.0,1.0,314.0,0.7,3676.0,0,0.15
0583720080301000010123,Turbo,5729.0,0.05,346.0,0.8,2855.0,0.45,3889.0,0,0.15
0583720050603700010104,Turbo,13050.0,0.05,3551.0,0.15,16723.0,0.05,25917.0,0,0.15
0504520020500200010210,Apartadó,3655.0,0.25,248.0,1.0,2207.0,0.45,807.0,0,0.55
0505120030101100010109,Arboletes,14200.0,0.05,14200.0,0.05,63254.0,0.05,66853.0,0,0.15
0517220060601500010111,Chigorodó,11992.0,0.05,1488.0,0.6,2106.0,0.45,3489.0,0,0.15
0549010000000000010611,Necoclí,39561.0,0.05,227.0,1.0,39816.0,0.05,35952.0,0,0.15
0549010000000000010801,Necoclí,38445.0,0.05,564.0,0.8,38705.0,0.05,34824.0,0,0.15
0549020050300500010107,Necoclí,32753.0,0.05,973.0,0.6,44514.0,0.05,42045.0,0,0.15
0549020120600600010108,Necoclí,30383.0,0.05,293.0,1.0,30652.0,0.05,26743.0,0,0.15
0549020040400900010125,Necoclí,28296.0,0.05,5923.0,0.15,49369.0,0.05,47030.0,0,0.15
0566510000000000010729,San Pedro de Urabá,478.0,0.85,217.0,1.0,29666.0,0.05,39197.0,0,0.15
0566510000000000010851,San Pedro de Urabá,790.0,0.7,386.0,0.8,30225.0,0.05,39616.0,0,0.15
0565920010100500010117,San Juan de Urabá,8150.0,0.05,8150.0,0.05,67816.0,0.05,67515.0,0,0.15
0566510000000000011015,San Pedro de Urabá,1335.0,0.5,911.0,0.6,29592.0,0.05,38877.0,0,0.15
0583720090700100010138,Turbo,459.0,0.85,799.0,0.6,616.0,0.7,694.0,0,0.55
0583720090700100020525,Turbo,660.0,0.7,323.0,0.8,22.0,1.0,674.0,0,0.55
0583720090700100020527,Turbo,738.0,0.7,411.0,0.8,110.0,0.9,652.0,0,0.55
0583720100700200010408,Turbo,9857.0,0.05,125.0,1.0,390.0,0.7,863.0,0,0.55
0583720100700200020207,Turbo,9684.0,0.05,226.0,1.0,477.0,0.7,862.0,0,0.55
0583720100700200020307,Turbo,9604.0,0.05,272.0,1.0,347.0,0.7,891.0,0,0.55
0583720090600300010212,Turbo,7719.0,0.05,111.0,1.0,166.0,0.9,3499.0,0,0.15
0583720100400800010422,Turbo,3897.0,0.25,145.0,1.0,536.0,0.7,597.0,0,0.55
0583720230401400010101,Turbo,29029.0,0.05,4691.0,0.15,12781.0,0.05,17976.0,0,0.15
0583720030802900010115,Turbo,10058.0,0.05,108.0,1.0,10315.0,0.05,6467.0,0,0.15
0504510000000000030115,Apartadó,453.0,0.85,158.0,1.0,79.0,1.0,657.0,0,0.55
0583710000000000050125,Turbo,1113.0,0.5,152.0,1.0,928.0,0.7,4090.0,0,0.15
0583710000000000010237,Turbo,451.0,0.85,275.0,1.0,451.0,0.7,4115.0,0,0.15
0504510000000000030206,Apartadó,521.0,0.7,111.0,1.0,138.0,0.9,503.0,0,0.55
0504510000000000020403,Apartadó,213.0,0.85,91.0,1.0,148.0,0.9,431.0,0,0.55
0504510000000000100605,Apartadó,1186.0,0.5,578.0,0.8,930.0,0.7,803.0,0,0.55
0504510000000000080515,Apartadó,104.0,1.0,147.0,1.0,821.0,0.7,1305.0,0,0.35
0583710000000000010141,Turbo,418.0,0.85,189.0,1.0,420.0,0.7,3782.0,0,0.15
0504510000000000060201,Apartadó,180.0,1.0,179.0,1.0,342.0,0.7,868.0,0,0.55
0583710000000000030727,Turbo,1117.0,0.5,475.0,0.8,1288.0,0.45,4505.0,0,0.15
0504510000000000080208,Apartadó,409.0,0.85,252.0,1.0,567.0,0.7,1540.0,0,0.35
0504510000000000030516,Apartadó,240.0,0.85,191.0,1.0,188.0,0.9,975.0,0,0.55
0504510000000000050109,Apartadó,397.0,0.85,184.0,1.0,77.0,1.0,1207.0,0,0.35
0504510000000000010701,Apartadó,1096.0,0.5,623.0,0.8,285.0,0.9,664.0,0,0.55
0583710000000000010411,Turbo,801.0,0.7,508.0,0.8,803.0,0.7,3523.0,0,0.15
0583710000000000040172,Turbo,333.0,0.85,121.0,1.0,530.0,0.7,4200.0,0,0.15
0583720090104100010301,Turbo,1524.0,0.5,1231.0,0.6,1589.0,0.45,3041.0,0,0.15
0583710000000000030708,Turbo,854.0,0.7,42.0,1.0,1437.0,0.45,4940.0,0,0.15
0504510000000000020315,Apartadó,309.0,0.85,41.0,1.0,145.0,0.9,556.0,0,0.55
0504510000000000060217,Apartadó,204.0,0.85,110.0,1.0,109.0,0.9,1134.0,0,0.35
0504510000000000100405,Apartadó,1597.0,0.5,965.0,0.6,1314.0,0.45,871.0,0,0.55
0504510000000000100615,Apartadó,1170.0,0.5,594.0,0.8,943.0,0.7,897.0,0,0.55
0583710000000000010203,Turbo,256.0,0.85,102.0,1.0,256.0,0.9,4163.0,0,0.15
0504510000000000010112,Apartadó,553.0,0.7,374.0,0.8,826.0,0.7,1535.0,0,0.35
0504510000000000090511,Apartadó,886.0,0.7,172.0,1.0,433.0,0.7,506.0,1,0.9
0504510000000000010717,Apartadó,1325.0,0.5,679.0,0.8,697.0,0.7,720.0,0,0.55
0504510000000000090202,Apartadó,911.0,0.7,127.0,1.0,362.0,0.7,454.0,0,0.55
0504510000000000090123,Apartadó,931.0,0.7,125.0,1.0,386.0,0.7,532.0,1,0.9
0583710000000000050103,Turbo,1176.0,0.5,143.0,1.0,1113.0,0.45,3904.0,0,0.15
0504510000000000060309,Apartadó,47.0,1.0,47.0,1.0,285.0,0.9,818.0,0,0.55
0583710000000000020808,Turbo,719.0,0.7,677.0,0.8,1026.0,0.45,2946.0,0,0.35
0583710000000000050512,Turbo,1411.0,0.5,506.0,0.8,695.0,0.7,3799.0,0,0.15
0583710000000000040409,Turbo,269.0,0.85,203.0,1.0,144.0,0.9,3804.0,0,0.15
0504510000000000060628,Apartadó,320.0,0.85,320.0,0.8,302.0,0.7,673.0,0,0.55
0504510000000000020405,Apartadó,304.0,0.85,127.0,1.0,263.0,0.9,546.0,0,0.55
0583710000000000040206,Turbo,114.0,1.0,193.0,1.0,485.0,0.7,4738.0,0,0.15
0583710000000000040308,Turbo,100.0,1.0,144.0,1.0,261.0,0.9,4432.0,0,0.15
0504510000000000040626,Apartadó,235.0,0.85,235.0,1.0,321.0,0.7,776.0,0,0.55
0504510000000000080509,Apartadó,255.0,0.85,109.0,1.0,762.0,0.7,1161.0,0,0.35
0504510000000000020304,Apartadó,158.0,1.0,68.0,1.0,103.0,0.9,575.0,0,0.55
0504510000000000050211,Apartadó,471.0,0.85,40.0,1.0,137.0,0.9,1095.0,0,0.35
0504510000000000060205,Apartadó,142.0,1.0,171.0,1.0,315.0,0.7,873.0,0,0.55
0514720011200300010107,Carepa,10964.0,0.05,62.0,1.0,11104.0,0.05,11250.0,0,0.15
0514720011200300010115,Carepa,11032.0,0.05,98.0,1.0,11174.0,0.05,11344.0,0,0.15
0514720010800600010110,Carepa,4320.0,0.25,697.0,0.8,143.0,0.9,1281.0,0,0.35
0514720011500900010101,Carepa,14134.0,0.05,1260.0,0.6,14236.0,0.05,13201.0,0,0.15
0514720011500900010103,Carepa,14205.0,0.05,1222.0,0.6,14307.0,0.05,13271.0,0,0.15
0514720010501100010110,Carepa,3832.0,0.25,298.0,1.0,2429.0,0.45,1115.0,0,0.35
0514720010601400010101,Carepa,4921.0,0.25,4921.0,0.15,316.0,0.7,798.0,0,0.55
0514720010601400010105,Carepa,4823.0,0.25,4823.0,0.15,242.0,0.9,762.0,0,0.55
0517220100601300010103,Chigorodó,29290.0,0.05,1437.0,0.6,13641.0,0.05,21157.0,0,0.15
0504520020301700010103,Apartadó,4910.0,0.25,734.0,0.6,221.0,0.9,1415.0,0,0.35
0583720050403300010102,Turbo,9280.0,0.05,3627.0,0.15,21385.0,0.05,31263.0,0,0.15
0505120040101900010102,Arboletes,24519.0,0.05,10837.0,0.05,57853.0,0.05,63674.0,0,0.15
0505120020301700010105,Arboletes,15160.0,0.05,15160.0,0.05,65645.0,0.05,69741.0,0,0.15
0505120040101900010105,Arboletes,24537.0,0.05,10669.0,0.05,57683.0,0.05,63493.0,0,0.15
0565920020600700010101,San Juan de Urabá,7855.0,0.05,7855.0,0.05,66689.0,0.05,68945.0,0,0.15
0583720200100700010104,Turbo,29233.0,0.05,798.0,0.6,15927.0,0.05,22963.0,0,0.15
0565920010400800010106,San Juan de Urabá,2528.0,0.25,2528.0,0.35,71749.0,0.05,73277.0,0,0.15
0504510000000000030411,Apartadó,55.0,1.0,405.0,0.8,215.0,0.9,1044.0,0,0.35
0504510000000000070102,Apartadó,204.0,0.85,193.0,1.0,165.0,0.9,995.0,0,0.55
0504510000000000070412,Apartadó,242.0,0.85,338.0,0.8,181.0,0.9,1121.0,0,0.35
0504510000000000050501,Apartadó,665.0,0.7,216.0,1.0,225.0,0.9,928.0,1,0.9
0504510000000000100305,Apartadó,826.0,0.7,207.0,1.0,557.0,0.7,775.0,0,0.55
0583710000000000010103,Turbo,382.0,0.85,127.0,1.0,383.0,0.7,3870.0,0,0.15
0504510000000000090107,Apartadó,828.0,0.7,13.0,1.0,273.0,0.9,561.0,0,0.55
0504510000000000090114,Apartadó,725.0,0.7,53.0,1.0,173.0,0.9,643.0,0,0.55
0504510000000000050105,Apartadó,480.0,0.85,103.0,1.0,85.0,1.0,1144.0,0,0.35
0583710000000000050302,Turbo,1634.0,0.5,740.0,0.6,643.0,0.7,3560.0,0,0.15
0583720090104100010112,Turbo,2394.0,0.25,2472.0,0.35,2613.0,0.45,1624.0,0,0.35
0504510000000000010313,Apartadó,362.0,0.85,242.0,1.0,389.0,0.7,1225.0,0,0.35
0583710000000000020115,Turbo,554.0,0.7,311.0,0.8,697.0,0.7,3423.0,0,0.15
0504510000000000020118,Apartadó,134.0,1.0,125.0,1.0,528.0,0.7,1005.0,0,0.35
0504510000000000100223,Apartadó,1280.0,0.5,655.0,0.8,1006.0,0.45,762.0,0,0.55
0504510000000000100106,Apartadó,1258.0,0.5,570.0,0.8,860.0,0.7,432.0,0,0.55
0504510000000000040133,Apartadó,567.0,0.7,67.0,1.0,152.0,0.9,898.0,0,0.55
0504510000000000080419,Apartadó,202.0,0.85,296.0,1.0,822.0,0.7,1555.0,0,0.35
0504520010201000010113,Apartadó,1501.0,0.5,1251.0,0.6,342.0,0.7,658.0,0,0.55
0504510000000000080416,Apartadó,210.0,0.85,267.0,1.0,794.0,0.7,1539.0,0,0.35
0504510000000000040403,Apartadó,30.0,1.0,30.0,1.0,113.0,0.9,1028.0,0,0.35
0583710000000000040412,Turbo,253.0,0.85,215.0,1.0,197.0,0.9,3752.0,0,0.15
0583710000000000040104,Turbo,51.0,1.0,53.0,1.0,452.0,0.7,4660.0,0,0.15
0583710000000000050521,Turbo,1531.0,0.5,705.0,0.6,526.0,0.7,3633.0,0,0.15
0504510000000000070221,Apartadó,97.0,1.0,97.0,1.0,97.0,1.0,898.0,0,0.55
0583710000000000040737,Turbo,450.0,0.85,192.0,1.0,835.0,0.7,4597.0,0,0.15
0583710000000000050111,Turbo,1050.0,0.5,246.0,1.0,831.0,0.7,4156.0,0,0.15
0504510000000000100226,Apartadó,1388.0,0.5,760.0,0.6,1110.0,0.45,784.0,0,0.55
0583710000000000040408,Turbo,334.0,0.85,134.0,1.0,179.0,0.9,3820.0,0,0.15
0583710000000000050506,Turbo,1559.0,0.5,635.0,0.8,704.0,0.7,3659.0,0,0.15
0583710000000000050129,Turbo,1163.0,0.5,278.0,1.0,803.0,0.7,4056.0,0,0.15
0504510000000000070439,Apartadó,207.0,0.85,233.0,1.0,247.0,0.9,1018.0,0,0.35
0504510000000000100113,Apartadó,1172.0,0.5,492.0,0.8,795.0,0.7,472.0,0,0.55
0504510000000000080122,Apartadó,581.0,0.7,193.0,1.0,145.0,0.9,1495.0,0,0.35
0583710000000000030321,Turbo,34.0,1.0,113.0,1.0,522.0,0.7,4770.0,0,0.15
0504510000000000070708,Apartadó,612.0,0.7,301.0,0.8,283.0,0.9,827.0,1,0.9
0583710000000000040141,Turbo,794.0,0.7,196.0,1.0,1062.0,0.45,4361.0,0,0.15
0504510000000000010406,Apartadó,277.0,0.85,129.0,1.0,461.0,0.7,1171.0,0,0.35
0504510000000000080503,Apartadó,422.0,0.85,196.0,1.0,829.0,0.7,1055.0,0,0.35
0504510000000000040624,Apartadó,114.0,1.0,232.0,1.0,270.0,0.9,768.0,0,0.55
0583710000000000040538,Turbo,461.0,0.85,233.0,1.0,559.0,0.7,4101.0,0,0.15
0504510000000000100327,Apartadó,1085.0,0.5,441.0,0.8,788.0,0.7,652.0,0,0.55
0504510000000000080102,Apartadó,466.0,0.85,231.0,1.0,584.0,0.7,1657.0,0,0.35
0583710000000000020123,Turbo,629.0,0.7,421.0,0.8,682.0,0.7,3491.0,0,0.15
0583710000000000010441,Turbo,887.0,0.7,662.0,0.8,933.0,0.7,3319.0,0,0.15
0583710000000000050118,Turbo,1310.0,0.5,276.0,1.0,1011.0,0.45,4021.0,0,0.15
0504510000000000050417,Apartadó,697.0,0.7,184.0,1.0,214.0,0.9,788.0,0,0.55
0504510000000000010223,Apartadó,238.0,0.85,57.0,1.0,128.0,0.9,1197.0,0,0.35
0504510000000000090311,Apartadó,714.0,0.7,4.0,1.0,340.0,0.7,676.0,0,0.55
0504510000000000070736,Apartadó,373.0,0.85,230.0,1.0,79.0,1.0,886.0,1,0.9
0583710000000000010231,Turbo,391.0,0.85,238.0,1.0,392.0,0.7,4129.0,0,0.15
0583710000000000020805,Turbo,622.0,0.7,618.0,0.8,923.0,0.7,3029.0,0,0.15
0583710000000000040550,Turbo,588.0,0.7,348.0,0.8,603.0,0.7,3997.0,0,0.15
0504510000000000080103,Apartadó,488.0,0.85,215.0,1.0,581.0,0.7,1622.0,0,0.35
0583710000000000020710,Turbo,171.0,1.0,296.0,1.0,204.0,0.9,3724.0,0,0.15
0504510000000000020207,Apartadó,423.0,0.85,256.0,1.0,240.0,0.9,845.0,0,0.55
0504510000000000090503,Apartadó,1009.0,0.5,297.0,1.0,517.0,0.7,380.0,1,0.9
0504510000000000050309,Apartadó,226.0,0.85,88.0,1.0,101.0,0.9,1115.0,0,0.35
0504510000000000090507,Apartadó,932.0,0.7,219.0,1.0,461.0,0.7,458.0,1,0.9
0583710000000000030107,Turbo,194.0,1.0,46.0,1.0,446.0,0.7,4552.0,0,0.15
0504510000000000060303,Apartadó,157.0,1.0,128.0,1.0,372.0,0.7,738.0,0,0.55
0504510000000000090313,Apartadó,639.0,0.7,91.0,1.0,292.0,0.9,762.0,0,0.55
0583710000000000040161,Turbo,167.0,1.0,101.0,1.0,590.0,0.7,4661.0,0,0.15
0583710000000000010516,Turbo,178.0,1.0,133.0,1.0,735.0,0.7,4843.0,0,0.15
0504510000000000100502,Apartadó,1707.0,0.5,1104.0,0.6,1456.0,0.45,1078.0,0,0.35
0504510000000000060323,Apartadó,249.0,0.85,201.0,1.0,447.0,0.7,669.0,0,0.55
0504510000000000030107,Apartadó,456.0,0.85,61.0,1.0,57.0,1.0,695.0,0,0.55
0583710000000000030725,Turbo,1059.0,0.5,433.0,0.8,1281.0,0.45,4535.0,0,0.15
0504510000000000080508,Apartadó,283.0,0.85,98.0,1.0,783.0,0.7,1146.0,0,0.35
0583710000000000010610,Turbo,425.0,0.85,243.0,1.0,424.0,0.7,4234.0,0,0.15
0504510000000000040401,Apartadó,102.0,1.0,50.0,1.0,34.0,1.0,1015.0,0,0.35
0583710000000000010213,Turbo,295.0,0.85,56.0,1.0,341.0,0.7,4387.0,0,0.15
0583710000000000020508,Turbo,195.0,1.0,160.0,1.0,134.0,0.9,4039.0,0,0.15
0504510000000000070416,Apartadó,315.0,0.85,291.0,1.0,206.0,0.9,1171.0,0,0.35
0504510000000000010601,Apartadó,873.0,0.7,246.0,1.0,602.0,0.7,1020.0,0,0.35
0583710000000000010608,Turbo,580.0,0.7,85.0,1.0,768.0,0.7,4594.0,0,0.15
0504510000000000050326,Apartadó,221.0,0.85,110.0,1.0,105.0,0.9,1168.0,0,0.35
0583710000000000040507,Turbo,520.0,0.7,234.0,1.0,705.0,0.7,4184.0,0,0.15
0504510000000000070516,Apartadó,471.0,0.85,121.0,1.0,39.0,1.0,1060.0,0,0.35
0504510000000000070501,Apartadó,271.0,0.85,51.0,1.0,199.0,0.9,1164.0,0,0.35
0504510000000000010105,Apartadó,354.0,0.85,504.0,0.8,883.0,0.7,1688.0,0,0.35
0504510000000000100206,Apartadó,1493.0,0.5,834.0,0.6,1138.0,0.45,624.0,0,0.55
0504510000000000100125,Apartadó,1273.0,0.5,622.0,0.8,956.0,0.7,612.0,0,0.55
0583710000000000030728,Turbo,1101.0,0.5,442.0,0.8,1319.0,0.45,4542.0,0,0.15
0504510000000000050209,Apartadó,498.0,0.85,71.0,1.0,98.0,1.0,1092.0,0,0.35
0504510000000000040136,Apartadó,508.0,0.7,51.0,1.0,112.0,0.9,996.0,0,0.55
0583710000000000020315,Turbo,240.0,0.85,75.0,1.0,512.0,0.7,3587.0,0,0.15
0504510000000000040724,Apartadó,628.0,0.7,113.0,1.0,80.0,1.0,738.0,0,0.55
0504510000000000100211,Apartadó,1323.0,0.5,659.0,0.8,965.0,0.7,538.0,0,0.55
0583710000000000020137,Turbo,514.0,0.7,261.0,1.0,700.0,0.7,3410.0,0,0.15
0504510000000000090112,Apartadó,778.0,0.7,61.0,1.0,223.0,0.9,606.0,0,0.55
0583710000000000020611,Turbo,290.0,0.85,232.0,1.0,65.0,1.0,3925.0,0,0.15
0583710000000000040201,Turbo,131.0,1.0,89.0,1.0,124.0,0.9,4373.0,0,0.15
0583710000000000030604,Turbo,604.0,0.7,256.0,1.0,1101.0,0.45,4758.0,0,0.15
0504510000000000040217,Apartadó,365.0,0.85,140.0,1.0,87.0,1.0,1018.0,0,0.35
0583710000000000020906,Turbo,643.0,0.7,419.0,0.8,858.0,0.7,3257.0,0,0.15
0504510000000000070216,Apartadó,147.0,1.0,125.0,1.0,185.0,0.9,1129.0,0,0.35
0504510000000000070309,Apartadó,244.0,0.85,222.0,1.0,317.0,0.7,1073.0,0,0.35
0505120050401400010105,Arboletes,23440.0,0.05,77.0,1.0,47667.0,0.05,55090.0,0,0.15
0504510000000000080619,Apartadó,363.0,0.85,204.0,1.0,697.0,0.7,1047.0,0,0.35
0583710000000000030444,Turbo,814.0,0.7,403.0,0.8,1350.0,0.45,5373.0,0,0.15
0583710000000000040621,Turbo,2627.0,0.25,997.0,0.6,3058.0,0.2,6962.0,0,0.15
0583710000000000050101,Turbo,1373.0,0.5,339.0,0.8,1010.0,0.45,3991.0,0,0.15
0504510000000000010520,Apartadó,346.0,0.85,240.0,1.0,361.0,0.7,1198.0,0,0.35
0583710000000000050305,Turbo,1578.0,0.5,730.0,0.6,555.0,0.7,3593.0,0,0.15
0504510000000000050114,Apartadó,260.0,0.85,278.0,1.0,96.0,1.0,1228.0,0,0.35
0583710000000000030440,Turbo,594.0,0.7,314.0,0.8,1051.0,0.45,5288.0,0,0.15
0504510000000000070403,Apartadó,110.0,1.0,228.0,1.0,98.0,1.0,1238.0,0,0.35
0583720090104100010119,Turbo,2048.0,0.25,2099.0,0.35,2291.0,0.45,1732.0,0,0.35
0583710000000000040126,Turbo,1025.0,0.5,143.0,1.0,1445.0,0.45,5124.0,0,0.15
0583710000000000010131,Turbo,677.0,0.7,428.0,0.8,679.0,0.7,3634.0,0,0.15
0504510000000000020559,Apartadó,508.0,0.7,867.0,0.6,223.0,0.9,588.0,0,0.55
0583710000000000020707,Turbo,99.0,1.0,379.0,0.8,280.0,0.9,3652.0,0,0.15
0583710000000000050106,Turbo,1191.0,0.5,215.0,1.0,901.0,0.7,4081.0,0,0.15
0504510000000000060801,Apartadó,171.0,1.0,284.0,1.0,376.0,0.7,780.0,0,0.55
0583710000000000040730,Turbo,900.0,0.7,275.0,1.0,1269.0,0.45,4659.0,0,0.15
0504510000000000100225,Apartadó,1352.0,0.5,724.0,0.6,1075.0,0.45,773.0,0,0.55
0504510000000000070701,Apartadó,439.0,0.85,417.0,0.8,266.0,0.9,712.0,1,0.9
0583710000000000030510,Turbo,280.0,0.85,206.0,1.0,886.0,0.7,4987.0,0,0.15
0504510000000000060120,Apartadó,220.0,0.85,123.0,1.0,155.0,0.9,1165.0,0,0.35
0504510000000000030203,Apartadó,554.0,0.7,125.0,1.0,219.0,0.9,559.0,0,0.55
0583710000000000030729,Turbo,1071.0,0.5,339.0,0.8,1441.0,0.45,4672.0,0,0.15
0583710000000000030512,Turbo,288.0,0.85,149.0,1.0,874.0,0.7,4981.0,0,0.15
0504510000000000010403,Apartadó,450.0,0.85,207.0,1.0,592.0,0.7,1353.0,0,0.35
0504510000000000020219,Apartadó,262.0,0.85,213.0,1.0,215.0,0.9,848.0,0,0.55
0504510000000000020420,Apartadó,257.0,0.85,59.0,1.0,216.0,0.9,504.0,0,0.55
0504510000000000010103,Apartadó,260.0,0.85,442.0,0.8,885.0,0.7,1661.0,0,0.35
0583710000000000010138,Turbo,396.0,0.85,192.0,1.0,398.0,0.7,3771.0,0,0.15
0504510000000000050204,Apartadó,581.0,0.7,5.0,1.0,87.0,1.0,1038.0,0,0.35
0583710000000000010205,Turbo,105.0,1.0,105.0,1.0,103.0,0.9,4206.0,0,0.15
0583710000000000030712,Turbo,997.0,0.7,314.0,0.8,1378.0,0.45,4657.0,0,0.15
0504510000000000090208,Apartadó,882.0,0.7,177.0,1.0,367.0,0.7,488.0,0,0.55
0504510000000000020610,Apartadó,183.0,1.0,55.0,1.0,411.0,0.7,726.0,0,0.55
0583710000000000030732,Turbo,1084.0,0.5,328.0,0.8,1485.0,0.45,4707.0,0,0.15
0504520030201800010101,Apartadó,1326.0,0.5,202.0,1.0,1442.0,0.45,393.0,0,0.55
0504510000000000010511,Apartadó,259.0,0.85,265.0,1.0,186.0,0.9,900.0,0,0.55
0504510000000000100233,Apartadó,1515.0,0.5,838.0,0.6,1128.0,0.45,560.0,0,0.55
0583710000000000010142,Turbo,711.0,0.7,379.0,0.8,713.0,0.7,3679.0,0,0.15
0583710000000000010113,Turbo,320.0,0.85,86.0,1.0,322.0,0.7,3877.0,0,0.15
0583710000000000010143,Turbo,796.0,0.7,330.0,0.8,797.0,0.7,3671.0,0,0.15
0504510000000000050106,Apartadó,435.0,0.85,145.0,1.0,116.0,0.9,1176.0,0,0.35
0583710000000000010301,Turbo,209.0,0.85,136.0,1.0,207.0,0.9,4306.0,0,0.15
0583710000000000020705,Turbo,134.0,1.0,358.0,0.8,183.0,0.9,3760.0,0,0.15
0583710000000000010238,Turbo,454.0,0.85,289.0,1.0,454.0,0.7,4136.0,0,0.15
0504510000000000010720,Apartadó,1527.0,0.5,848.0,0.6,948.0,0.7,832.0,0,0.55
0583710000000000010428,Turbo,843.0,0.7,419.0,0.8,844.0,0.7,3574.0,0,0.15
0583710000000000010224,Turbo,536.0,0.7,353.0,0.8,537.0,0.7,4126.0,0,0.15
0504510000000000060106,Apartadó,199.0,1.0,94.0,1.0,289.0,0.9,976.0,0,0.55
0504510000000000070125,Apartadó,223.0,0.85,223.0,1.0,174.0,0.9,930.0,0,0.55
0504510000000000080414,Apartadó,143.0,1.0,198.0,1.0,832.0,0.7,1443.0,0,0.35
0504510000000000070320,Apartadó,320.0,0.85,81.0,1.0,237.0,0.9,1115.0,0,0.35
0583710000000000020326,Turbo,328.0,0.85,72.0,1.0,576.0,0.7,3545.0,0,0.15
0583710000000000030311,Turbo,308.0,0.85,94.0,1.0,844.0,0.7,5079.0,0,0.15
0504510000000000090116,Apartadó,700.0,0.7,118.0,1.0,148.0,0.9,691.0,0,0.55
0504510000000000100340,Apartadó,973.0,0.7,335.0,0.8,686.0,0.7,697.0,0,0.55
0504510000000000070220,Apartadó,82.0,1.0,96.0,1.0,118.0,0.9,1183.0,0,0.35
0583710000000000020308,Turbo,166.0,1.0,166.0,1.0,167.0,0.9,4050.0,0,0.15
0504510000000000020108,Apartadó,162.0,1.0,65.0,1.0,227.0,0.9,877.0,0,0.55
0583710000000000040148,Turbo,397.0,0.85,119.0,1.0,686.0,0.7,4297.0,0,0.15
0504510000000000070737,Apartadó,414.0,0.85,187.0,1.0,91.0,1.0,971.0,1,0.9
0583710000000000050401,Turbo,1209.0,0.5,267.0,1.0,843.0,0.7,4038.0,0,0.15
0583710000000000040142,Turbo,727.0,0.7,175.0,1.0,985.0,0.7,4324.0,0,0.15
0504510000000000090510,Apartadó,920.0,0.7,221.0,1.0,529.0,0.7,527.0,1,0.9
0583710000000000030318,Turbo,177.0,1.0,243.0,1.0,791.0,0.7,4887.0,0,0.15
0504510000000000060101,Apartadó,431.0,0.85,276.0,1.0,206.0,0.9,1248.0,0,0.35
0583710000000000020901,Turbo,546.0,0.7,373.0,0.8,856.0,0.7,3250.0,0,0.15
0583710000000000030422,Turbo,253.0,0.85,30.0,1.0,686.0,0.7,4854.0,0,0.15
0583710000000000020309,Turbo,146.0,1.0,146.0,1.0,146.0,0.9,4106.0,0,0.15
0504510000000000050308,Apartadó,180.0,1.0,59.0,1.0,77.0,1.0,1117.0,0,0.35
0504510000000000070422,Apartadó,148.0,1.0,335.0,0.8,131.0,0.9,1159.0,0,0.35
0504510000000000090332,Apartadó,792.0,0.7,135.0,1.0,467.0,0.7,680.0,0,0.55
0583710000000000040144,Turbo,601.0,0.7,67.0,1.0,887.0,0.7,4341.0,0,0.15
0583710000000000030229,Turbo,931.0,0.7,212.0,1.0,1476.0,0.45,5125.0,0,0.15
0583710000000000040132,Turbo,1018.0,0.5,251.0,1.0,1424.0,0.45,4974.0,0,0.15
0583710000000000050409,Turbo,1318.0,0.5,417.0,0.8,726.0,0.7,3895.0,0,0.15
0504510000000000040410,Apartadó,213.0,0.85,53.0,1.0,122.0,0.9,963.0,0,0.55
0583710000000000010509,Turbo,94.0,1.0,182.0,1.0,610.0,0.7,4715.0,0,0.15
0504510000000000100219,Apartadó,1394.0,0.5,755.0,0.6,1102.0,0.45,726.0,0,0.55
0504510000000000070302,Apartadó,184.0,1.0,184.0,1.0,334.0,0.7,1012.0,0,0.35
0504510000000000060634,Apartadó,419.0,0.85,389.0,0.8,382.0,0.7,582.0,0,0.55
0514720011200300010116,Carepa,10948.0,0.05,103.0,1.0,11090.0,0.05,11253.0,0,0.15
0514720010400400010105,Carepa,5601.0,0.05,2176.0,0.35,1583.0,0.45,846.0,0,0.55
0514720010400400010121,Carepa,5552.0,0.05,2164.0,0.35,1540.0,0.45,807.0,0,0.55
0514720010400500010114,Carepa,5518.0,0.05,2606.0,0.35,1309.0,0.45,900.0,0,0.55
0514720010800600010103,Carepa,4417.0,0.25,784.0,0.6,85.0,1.0,1340.0,0,0.35
0514720010800600010116,Carepa,4083.0,0.25,509.0,0.8,55.0,1.0,1145.0,0,0.35
0514720010400800010103,Carepa,5910.0,0.05,1858.0,0.35,2092.0,0.45,1003.0,0,0.35
0514720010400800010107,Carepa,5852.0,0.05,1771.0,0.35,2081.0,0.45,944.0,0,0.55
0514720010400800010113,Carepa,5768.0,0.05,1890.0,0.35,1918.0,0.45,873.0,0,0.55
0514720010801200010106,Carepa,4356.0,0.25,1147.0,0.6,139.0,0.9,685.0,0,0.55
0514720010601400010115,Carepa,4906.0,0.25,4906.0,0.15,178.0,0.9,684.0,0,0.55
0504520020301700010106,Apartadó,4641.0,0.25,1003.0,0.6,227.0,0.9,1455.0,0,0.35
0505120020301700010103,Arboletes,15192.0,0.05,15192.0,0.05,65718.0,0.05,69826.0,0,0.15
0566520040701400010105,San Pedro de Urabá,19846.0,0.05,820.0,0.6,44423.0,0.05,52086.0,0,0.15
0504520020301700010101,Apartadó,4964.0,0.25,715.0,0.6,154.0,0.9,1398.0,0,0.35
0566520040701400010108,San Pedro de Urabá,19751.0,0.05,715.0,0.6,44421.0,0.05,52108.0,0,0.15
0504510000000000050115,Apartadó,269.0,0.85,269.0,1.0,117.0,0.9,1213.0,0,0.35
0504510000000000040504,Apartadó,179.0,1.0,103.0,1.0,175.0,0.9,867.0,0,0.55
0583710000000000010504,Turbo,259.0,0.85,45.0,1.0,661.0,0.7,4767.0,0,0.15
0504510000000000010327,Apartadó,194.0,1.0,111.0,1.0,67.0,1.0,1158.0,0,0.35
0583710000000000010707,Turbo,1024.0,0.5,403.0,0.8,1025.0,0.45,3564.0,0,0.15
0504510000000000020423,Apartadó,19.0,1.0,189.0,1.0,6.0,1.0,291.0,0,0.55
0504510000000000040709,Apartadó,486.0,0.85,35.0,1.0,104.0,0.9,888.0,0,0.55
0504510000000000050222,Apartadó,649.0,0.7,129.0,1.0,68.0,1.0,936.0,0,0.55
0504510000000000100339,Apartadó,987.0,0.7,329.0,0.8,662.0,0.7,582.0,0,0.55
0504510000000000100229,Apartadó,1438.0,0.5,743.0,0.6,1018.0,0.45,435.0,0,0.55
0583710000000000050410,Turbo,1270.0,0.5,363.0,0.8,760.0,0.7,3950.0,0,0.15
0504510000000000080221,Apartadó,419.0,0.85,283.0,1.0,606.0,0.7,1692.0,0,0.35
0583710000000000020325,Turbo,366.0,0.85,249.0,1.0,678.0,0.7,3370.0,0,0.15
0504510000000000070611,Apartadó,262.0,0.85,198.0,1.0,112.0,0.9,1304.0,0,0.35
0504510000000000060423,Apartadó,88.0,1.0,88.0,1.0,88.0,1.0,865.0,0,0.55
0583710000000000040214,Turbo,140.0,1.0,137.0,1.0,193.0,0.9,4234.0,0,0.15
0504510000000000070711,Apartadó,393.0,0.85,364.0,0.8,212.0,0.9,756.0,1,0.9
0583710000000000050517,Turbo,1457.0,0.5,590.0,0.8,615.0,0.7,3729.0,0,0.15
0583710000000000050128,Turbo,1080.0,0.5,199.0,1.0,872.0,0.7,4150.0,0,0.15
0583710000000000040118,Turbo,293.0,0.85,31.0,1.0,232.0,0.9,4067.0,0,0.15
0504510000000000070440,Apartadó,175.0,1.0,241.0,1.0,229.0,0.9,1006.0,0,0.35
0583710000000000050304,Turbo,1587.0,0.5,728.0,0.6,576.0,0.7,3589.0,0,0.15
0504510000000000030307,Apartadó,48.0,1.0,269.0,1.0,151.0,0.9,1153.0,0,0.35
0583710000000000030816,Turbo,1200.0,0.5,401.0,0.8,1624.0,0.45,4777.0,0,0.15
0504510000000000070126,Apartadó,270.0,0.85,152.0,1.0,77.0,1.0,975.0,0,0.55
0583710000000000010210,Turbo,241.0,0.85,84.0,1.0,239.0,0.9,4333.0,0,0.15
0583710000000000030730,Turbo,1011.0,0.5,234.0,1.0,1526.0,0.45,4790.0,0,0.15
0583710000000000050225,Turbo,1448.0,0.5,425.0,0.8,962.0,0.7,3895.0,0,0.15
0504510000000000060412,Apartadó,156.0,1.0,86.0,1.0,156.0,0.9,722.0,0,0.55
0583720090104100010102,Turbo,1963.0,0.5,2019.0,0.35,2202.0,0.45,1824.0,0,0.35
0504510000000000080511,Apartadó,224.0,0.85,69.0,1.0,821.0,0.7,1299.0,0,0.35
0504510000000000020541,Apartadó,79.0,1.0,126.0,1.0,303.0,0.7,781.0,0,0.55
0583710000000000010731,Turbo,717.0,0.7,148.0,1.0,718.0,0.7,3971.0,0,0.15
0583710000000000030807,Turbo,1176.0,0.5,420.0,0.8,1490.0,0.45,4655.0,0,0.15
0583710000000000020811,Turbo,879.0,0.7,688.0,0.8,1126.0,0.45,3003.0,0,0.15
0583710000000000030410,Turbo,315.0,0.85,129.0,1.0,715.0,0.7,4936.0,0,0.15
0504510000000000100610,Apartadó,1343.0,0.5,731.0,0.6,1083.0,0.45,839.0,0,0.55
0504510000000000030409,Apartadó,90.0,1.0,339.0,0.8,141.0,0.9,1003.0,0,0.35
0583710000000000040146,Turbo,507.0,0.7,171.0,1.0,744.0,0.7,4249.0,0,0.15
0504510000000000090502,Apartadó,1007.0,0.5,299.0,1.0,581.0,0.7,442.0,1,0.9
0504510000000000030405,Apartadó,160.0,1.0,275.0,1.0,50.0,1.0,1064.0,0,0.35
0504510000000000020615,Apartadó,155.0,1.0,115.0,1.0,431.0,0.7,698.0,0,0.55
0504510000000000100205,Apartadó,1526.0,0.5,868.0,0.6,1170.0,0.45,640.0,0,0.55
0504510000000000030509,Apartadó,194.0,1.0,142.0,1.0,98.0,1.0,1028.0,0,0.35
0504510000000000050402,Apartadó,745.0,0.7,186.0,1.0,245.0,0.9,756.0,0,0.55
0504510000000000020544,Apartadó,49.0,1.0,249.0,1.0,136.0,0.9,695.0,0,0.55
0504510000000000020213,Apartadó,79.0,1.0,194.0,1.0,54.0,1.0,658.0,0,0.55
0504510000000000070116,Apartadó,107.0,1.0,178.0,1.0,208.0,0.9,1098.0,0,0.35
0583710000000000030811,Turbo,1234.0,0.5,482.0,0.8,1488.0,0.45,4614.0,0,0.15
0583710000000000040708,Turbo,691.0,0.7,127.0,1.0,1014.0,0.45,4434.0,0,0.15
0504510000000000090504,Apartadó,990.0,0.7,279.0,1.0,503.0,0.7,399.0,1,0.9
0504510000000000020206,Apartadó,381.0,0.85,263.0,1.0,192.0,0.9,867.0,0,0.55
0583710000000000050133,Turbo,1207.0,0.5,207.0,1.0,933.0,0.7,4085.0,0,0.15
0583710000000000040732,Turbo,772.0,0.7,253.0,1.0,1137.0,0.45,4579.0,0,0.15
0504510000000000070607,Apartadó,203.0,0.85,139.0,1.0,211.0,0.9,1251.0,0,0.35
0504510000000000060611,Apartadó,352.0,0.85,352.0,0.8,234.0,0.9,732.0,0,0.55
0583710000000000020318,Turbo,348.0,0.85,114.0,1.0,539.0,0.7,3572.0,0,0.15
0504510000000000020620,Apartadó,144.0,1.0,175.0,1.0,449.0,0.7,674.0,0,0.55
0504510000000000090209,Apartadó,882.0,0.7,161.0,1.0,354.0,0.7,480.0,0,0.55
0583710000000000030324,Turbo,650.0,0.7,258.0,1.0,1191.0,0.45,5169.0,0,0.15
0583710000000000030724,Turbo,1065.0,0.5,403.0,0.8,1330.0,0.45,4574.0,0,0.15
0504510000000000080614,Apartadó,449.0,0.85,337.0,0.8,564.0,0.7,958.0,0,0.55
0504510000000000040414,Apartadó,275.0,0.85,114.0,1.0,180.0,0.9,952.0,0,0.55
0504510000000000040611,Apartadó,56.0,1.0,106.0,1.0,177.0,0.9,863.0,0,0.55
0583710000000000020207,Turbo,148.0,1.0,148.0,1.0,149.0,0.9,3977.0,0,0.15
0504510000000000080214,Apartadó,366.0,0.85,251.0,1.0,615.0,0.7,1553.0,0,0.35
0504510000000000060511,Apartadó,198.0,1.0,193.0,1.0,198.0,0.9,713.0,0,0.55
0504510000000000090111,Apartadó,761.0,0.7,66.0,1.0,218.0,0.9,657.0,0,0.55
0504510000000000100133,Apartadó,1317.0,0.5,618.0,0.8,890.0,0.7,374.0,0,0.55
0583710000000000050507,Turbo,1545.0,0.5,641.0,0.8,665.0,0.7,3659.0,0,0.15
0504510000000000040705,Apartadó,566.0,0.7,121.0,1.0,174.0,0.9,807.0,0,0.55
0504510000000000090214,Apartadó,791.0,0.7,62.0,1.0,247.0,0.9,571.0,0,0.55
0583710000000000040165,Turbo,999.0,0.7,59.0,1.0,1293.0,0.45,4486.0,0,0.15
0504510000000000080613,Apartadó,446.0,0.85,312.0,0.8,605.0,0.7,956.0,0,0.55
0504510000000000020408,Apartadó,147.0,1.0,111.0,1.0,148.0,0.9,362.0,0,0.55
0504510000000000040616,Apartadó,162.0,1.0,162.0,1.0,262.0,0.9,854.0,0,0.55
0583710000000000030432,Turbo,403.0,0.85,177.0,1.0,815.0,0.7,5024.0,0,0.15
0504510000000000070733,Apartadó,510.0,0.7,153.0,1.0,101.0,0.9,987.0,1,0.9
0583710000000000030518,Turbo,366.0,0.85,92.0,1.0,919.0,0.7,4954.0,0,0.15
0504510000000000070114,Apartadó,134.0,1.0,139.0,1.0,189.0,0.9,1183.0,0,0.35
0504510000000000070111,Apartadó,148.0,1.0,112.0,1.0,203.0,0.9,1124.0,0,0.35
0504510000000000030305,Apartadó,61.0,1.0,177.0,1.0,82.0,1.0,1216.0,0,0.35
0583710000000000020507,Turbo,238.0,0.85,210.0,1.0,173.0,0.9,4020.0,0,0.15
0583710000000000010613,Turbo,255.0,0.85,74.0,1.0,253.0,0.9,4292.0,0,0.15
0583710000000000010438,Turbo,652.0,0.7,450.0,0.8,687.0,0.7,3503.0,0,0.15
0504510000000000020553,Apartadó,144.0,1.0,1365.0,0.6,297.0,0.9,642.0,0,0.55
0504510000000000080628,Apartadó,527.0,0.7,383.0,0.8,584.0,0.7,875.0,0,0.55
0583710000000000020306,Turbo,132.0,1.0,241.0,1.0,243.0,0.9,3945.0,0,0.15
0504520030201800010112,Apartadó,1594.0,0.5,145.0,1.0,1719.0,0.45,641.0,0,0.55
0583710000000000010118,Turbo,557.0,0.7,316.0,0.8,559.0,0.7,3692.0,0,0.15
0583710000000000010135,Turbo,641.0,0.7,397.0,0.8,643.0,0.7,3639.0,0,0.15
0514720010400400010111,Carepa,5501.0,0.05,2136.0,0.35,1504.0,0.45,757.0,0,0.55
0514720010400400010113,Carepa,5533.0,0.05,2233.0,0.35,1484.0,0.45,838.0,0,0.55
0514720010400500010109,Carepa,5598.0,0.05,2620.0,0.35,1389.0,0.45,831.0,0,0.55
0514720010400500010130,Carepa,5536.0,0.05,2886.0,0.35,1258.0,0.45,823.0,0,0.55
0514720010800600010112,Carepa,4179.0,0.25,531.0,0.8,144.0,0.9,1323.0,0,0.35
0514720010501100010103,Carepa,3808.0,0.25,406.0,0.8,2320.0,0.45,1096.0,0,0.35
0583720200100700010102,Turbo,29207.0,0.05,689.0,0.8,16010.0,0.05,22935.0,0,0.15
0583710000000000030721,Turbo,998.0,0.7,394.0,0.8,1274.0,0.45,4566.0,0,0.15
0583710000000000030205,Turbo,773.0,0.7,194.0,1.0,1316.0,0.45,5150.0,0,0.15
0583710000000000040719,Turbo,345.0,0.85,129.0,1.0,709.0,0.7,4449.0,0,0.15
0583710000000000030819,Turbo,1258.0,0.5,479.0,0.8,1565.0,0.45,4676.0,0,0.15
0504510000000000040119,Apartadó,556.0,0.7,51.0,1.0,112.0,0.9,861.0,0,0.55
0583710000000000050115,Turbo,1050.0,0.5,25.0,1.0,1051.0,0.45,3930.0,0,0.15
0583710000000000040128,Turbo,872.0,0.7,302.0,0.8,1289.0,0.45,4986.0,0,0.15
0583710000000000040728,Turbo,935.0,0.7,160.0,1.0,1268.0,0.45,4557.0,0,0.15
0504520010201000010112,Apartadó,1674.0,0.5,1407.0,0.6,178.0,0.9,670.0,0,0.55
0583710000000000030320,Turbo,189.0,1.0,201.0,1.0,786.0,0.7,4889.0,0,0.15
0504510000000000050504,Apartadó,687.0,0.7,155.0,1.0,191.0,0.9,907.0,1,0.9
0504510000000000060804,Apartadó,179.0,1.0,266.0,1.0,383.0,0.7,772.0,0,0.55
0504510000000000020523,Apartadó,113.0,1.0,121.0,1.0,89.0,1.0,517.0,0,0.55
0504510000000000060518,Apartadó,140.0,1.0,140.0,1.0,141.0,0.9,791.0,0,0.55
0504510000000000020602,Apartadó,149.0,1.0,97.0,1.0,451.0,0.7,823.0,0,0.55
0583710000000000030429,Turbo,355.0,0.85,133.0,1.0,784.0,0.7,4963.0,0,0.15
0504510000000000040505,Apartadó,158.0,1.0,128.0,1.0,185.0,0.9,860.0,0,0.55
0504520030201800010106,Apartadó,1440.0,0.5,502.0,0.8,1585.0,0.45,561.0,0,0.55
0504510000000000100507,Apartadó,1542.0,0.5,999.0,0.6,1345.0,0.45,1179.0,0,0.35
0583710000000000040117,Turbo,130.0,1.0,244.0,1.0,315.0,0.7,4295.0,0,0.15
0504510000000000010626,Apartadó,505.0,0.7,202.0,1.0,755.0,0.7,1333.0,0,0.35
0504510000000000060209,Apartadó,76.0,1.0,128.0,1.0,241.0,0.9,932.0,0,0.55
0504520010201000010105,Apartadó,1924.0,0.5,1658.0,0.35,222.0,0.9,558.0,0,0.55
0504510000000000090303,Apartadó,826.0,0.7,115.0,1.0,424.0,0.7,579.0,0,0.55
0504510000000000030601,Apartadó,317.0,0.85,364.0,0.8,86.0,1.0,1040.0,0,0.35
0504510000000000060119,Apartadó,247.0,0.85,138.0,1.0,208.0,0.9,1178.0,0,0.35
0583710000000000040529,Turbo,569.0,0.7,152.0,1.0,419.0,0.7,3827.0,0,0.15
0504510000000000080607,Apartadó,543.0,0.7,354.0,0.8,699.0,0.7,881.0,0,0.55
0504510000000000030215,Apartadó,410.0,0.85,104.0,1.0,266.0,0.9,377.0,0,0.55
0504510000000000090301,Apartadó,810.0,0.7,100.0,1.0,368.0,0.7,575.0,0,0.55
0583710000000000050503,Turbo,1464.0,0.5,537.0,0.8,722.0,0.7,3759.0,0,0.15
0583710000000000010208,Turbo,250.0,0.85,143.0,1.0,249.0,0.9,4195.0,0,0.15
0504510000000000010319,Apartadó,285.0,0.85,127.0,1.0,208.0,0.9,1191.0,0,0.35
0583710000000000010107,Turbo,344.0,0.85,114.0,1.0,345.0,0.7,3995.0,0,0.15
0583710000000000050211,Turbo,1467.0,0.5,504.0,0.8,797.0,0.7,3788.0,0,0.15
0583710000000000050108,Turbo,996.0,0.7,63.0,1.0,996.0,0.7,3997.0,0,0.15
0504510000000000050506,Apartadó,610.0,0.7,137.0,1.0,145.0,0.9,981.0,1,0.9
0504510000000000040131,Apartadó,602.0,0.7,94.0,1.0,161.0,0.9,867.0,0,0.55
0504510000000000010622,Apartadó,1049.0,0.5,395.0,0.8,639.0,0.7,919.0,0,0.55
0504510000000000030607,Apartadó,423.0,0.85,235.0,1.0,249.0,0.9,1005.0,0,0.35
0504510000000000070213,Apartadó,149.0,1.0,182.0,1.0,215.0,0.9,1075.0,0,0.35
0583710000000000030606,Turbo,683.0,0.7,327.0,0.8,1133.0,0.45,4647.0,0,0.15
0504510000000000050321,Apartadó,293.0,0.85,180.0,1.0,146.0,0.9,1086.0,0,0.35
0583710000000000030503,Turbo,256.0,0.85,221.0,1.0,838.0,0.7,4967.0,0,0.15
0504520010201000010102,Apartadó,2357.0,0.25,1804.0,0.35,315.0,0.7,364.0,0,0.55
0504510000000000050408,Apartadó,717.0,0.7,149.0,1.0,137.0,0.9,894.0,0,0.55
0583710000000000020118,Turbo,641.0,0.7,409.0,0.8,742.0,0.7,3407.0,0,0.15
0504510000000000080108,Apartadó,544.0,0.7,180.0,1.0,561.0,0.7,1558.0,0,0.35
0504510000000000020102,Apartadó,151.0,1.0,116.0,1.0,528.0,0.7,1042.0,0,0.35
0583710000000000030528,Turbo,203.0,0.85,243.0,1.0,806.0,0.7,4915.0,0,0.15
0583710000000000020411,Turbo,99.0,1.0,217.0,1.0,402.0,0.7,3599.0,0,0.15
0583710000000000010111,Turbo,277.0,0.85,21.0,1.0,278.0,0.9,3961.0,0,0.15
0504510000000000090325,Apartadó,818.0,0.7,149.0,1.0,475.0,0.7,631.0,0,0.55
0504510000000000010308,Apartadó,428.0,0.85,97.0,1.0,179.0,0.9,1379.0,0,0.35
0504510000000000070526,Apartadó,440.0,0.85,136.0,1.0,63.0,1.0,1110.0,0,0.35
0504510000000000090110,Apartadó,770.0,0.7,84.0,1.0,237.0,0.9,668.0,0,0.55
0504510000000000010706,Apartadó,1234.0,0.5,665.0,0.8,475.0,0.7,610.0,0,0.55
0583710000000000010236,Turbo,288.0,0.85,36.0,1.0,286.0,0.9,4358.0,0,0.15
0583710000000000010619,Turbo,338.0,0.85,154.0,1.0,336.0,0.7,4372.0,0,0.15
0504510000000000080223,Apartadó,434.0,0.85,210.0,1.0,556.0,0.7,1460.0,0,0.35
0583710000000000030635,Turbo,765.0,0.7,115.0,1.0,1328.0,0.45,4869.0,0,0.15
0504510000000000020409,Apartadó,97.0,1.0,184.0,1.0,57.0,1.0,352.0,0,0.55
0504510000000000030618,Apartadó,266.0,0.85,124.0,1.0,194.0,0.9,1039.0,0,0.35
0504510000000000100239,Apartadó,1549.0,0.5,873.0,0.6,1163.0,0.45,584.0,0,0.55
0504510000000000030222,Apartadó,191.0,1.0,194.0,1.0,376.0,0.7,310.0,0,0.55
0583710000000000010112,Turbo,295.0,0.85,45.0,1.0,296.0,0.9,3921.0,0,0.15
0583710000000000050109,Turbo,1077.0,0.5,105.0,1.0,968.0,0.7,4052.0,0,0.15
0504510000000000010326,Apartadó,385.0,0.85,105.0,1.0,257.0,0.9,1293.0,0,0.35
0583710000000000050509,Turbo,1490.0,0.5,589.0,0.8,667.0,0.7,3714.0,0,0.15
0583710000000000020709,Turbo,169.0,1.0,312.0,0.8,256.0,0.9,3673.0,0,0.15
0583710000000000040701,Turbo,895.0,0.7,192.0,1.0,1149.0,0.45,4359.0,0,0.15
0583710000000000010115,Turbo,453.0,0.85,197.0,1.0,455.0,0.7,3836.0,0,0.15
0583710000000000050212,Turbo,1310.0,0.5,302.0,0.8,922.0,0.7,3994.0,0,0.15
0504510000000000010423,Apartadó,332.0,0.85,91.0,1.0,559.0,0.7,1236.0,0,0.35
0583710000000000010413,Turbo,943.0,0.7,445.0,0.8,945.0,0.7,3523.0,0,0.15
0504510000000000030605,Apartadó,390.0,0.85,289.0,1.0,164.0,0.9,1041.0,0,0.35
0504510000000000050515,Apartadó,684.0,0.7,213.0,1.0,232.0,0.9,907.0,1,0.9
0583710000000000030723,Turbo,1045.0,0.5,329.0,0.8,1417.0,0.45,4665.0,0,0.15
0504510000000000010217,Apartadó,112.0,1.0,129.0,1.0,187.0,0.9,1217.0,0,0.35
0504510000000000040520,Apartadó,287.0,0.85,287.0,1.0,368.0,0.7,726.0,0,0.55
0504510000000000030321,Apartadó,281.0,0.85,412.0,0.8,217.0,0.9,926.0,0,0.55
0504510000000000090322,Apartadó,564.0,0.7,134.0,1.0,221.0,0.9,829.0,0,0.55
0504510000000000070714,Apartadó,462.0,0.85,340.0,0.8,196.0,0.9,806.0,1,0.9
0583710000000000030737,Turbo,910.0,0.7,99.0,1.0,1490.0,0.45,4920.0,0,0.15
0504510000000000030318,Apartadó,238.0,0.85,303.0,0.8,89.0,1.0,1036.0,0,0.35
0504510000000000070609,Apartadó,225.0,0.85,153.0,1.0,176.0,0.9,1267.0,0,0.35
0583710000000000020804,Turbo,677.0,0.7,677.0,0.8,975.0,0.7,2972.0,0,0.35
0583710000000000020109,Turbo,225.0,0.85,174.0,1.0,354.0,0.7,3759.0,0,0.15
0504510000000000040116,Apartadó,472.0,0.85,72.0,1.0,109.0,0.9,918.0,0,0.55
0583710000000000010624,Turbo,442.0,0.85,90.0,1.0,914.0,0.7,4812.0,0,0.15
0583710000000000050208,Turbo,1431.0,0.5,416.0,0.8,934.0,0.7,3894.0,0,0.15
0504510000000000080513,Apartadó,144.0,1.0,112.0,1.0,869.0,0.7,1337.0,0,0.35
0504510000000000050409,Apartadó,704.0,0.7,180.0,1.0,141.0,0.9,868.0,0,0.55
0583710000000000040303,Turbo,162.0,1.0,118.0,1.0,404.0,0.7,4609.0,0,0.15
0504510000000000010506,Apartadó,155.0,1.0,13.0,1.0,115.0,0.9,1079.0,0,0.35
0504510000000000010314,Apartadó,408.0,0.85,108.0,1.0,293.0,0.9,1299.0,0,0.35
0504510000000000100121,Apartadó,1129.0,0.5,477.0,0.8,818.0,0.7,601.0,0,0.55
0583710000000000050408,Turbo,1330.0,0.5,412.0,0.8,747.0,0.7,3892.0,0,0.15
0583710000000000010307,Turbo,204.0,0.85,57.0,1.0,425.0,0.7,4508.0,0,0.15
0583710000000000010727,Turbo,722.0,0.7,181.0,1.0,723.0,0.7,3874.0,0,0.15
0504510000000000050212,Apartadó,461.0,0.85,82.0,1.0,141.0,0.9,1128.0,0,0.35
0504510000000000020418,Apartadó,81.0,1.0,144.0,1.0,153.0,0.9,167.0,0,0.75
0583710000000000020711,Turbo,190.0,1.0,288.0,1.0,150.0,0.9,3778.0,0,0.15
0504510000000000040629,Apartadó,307.0,0.85,385.0,0.8,359.0,0.7,771.0,0,0.55
0504510000000000010402,Apartadó,470.0,0.85,239.0,1.0,567.0,0.7,1370.0,0,0.35
0504510000000000060115,Apartadó,280.0,0.85,112.0,1.0,253.0,0.9,1125.0,0,0.35
0583710000000000030620,Turbo,778.0,0.7,232.0,1.0,1305.0,0.45,4753.0,0,0.15
0504510000000000020217,Apartadó,319.0,0.85,147.0,1.0,178.0,0.9,738.0,0,0.55
0504510000000000080123,Apartadó,617.0,0.7,222.0,1.0,145.0,0.9,1444.0,0,0.35
0504510000000000030326,Apartadó,7.0,1.0,209.0,1.0,123.0,0.9,1277.0,0,0.35
0504510000000000030419,Apartadó,256.0,0.85,489.0,0.8,318.0,0.7,866.0,0,0.55
0583710000000000030221,Turbo,876.0,0.7,259.0,1.0,1403.0,0.45,5205.0,0,0.15
0504510000000000040409,Apartadó,178.0,1.0,44.0,1.0,128.0,0.9,922.0,0,0.55
0583710000000000040202,Turbo,74.0,1.0,53.0,1.0,224.0,0.9,4478.0,0,0.15
0504510000000000060617,Apartadó,200.0,1.0,200.0,1.0,200.0,0.9,826.0,0,0.55
0583710000000000020312,Turbo,419.0,0.85,164.0,1.0,641.0,0.7,3471.0,0,0.15
0583710000000000030419,Turbo,354.0,0.85,187.0,1.0,873.0,0.7,5126.0,0,0.15
0583710000000000030619,Turbo,727.0,0.7,145.0,1.0,1287.0,0.45,4868.0,0,0.15
0504510000000000100216,Apartadó,1438.0,0.5,791.0,0.6,1122.0,0.45,684.0,0,0.55
0583710000000000030418,Turbo,526.0,0.7,136.0,1.0,1062.0,0.45,5300.0,0,0.15
0583710000000000020607,Turbo,214.0,0.85,304.0,0.8,124.0,0.9,3856.0,0,0.15
0583710000000000030630,Turbo,949.0,0.7,430.0,0.8,1197.0,0.45,4531.0,0,0.15
0583710000000000030403,Turbo,197.0,1.0,157.0,1.0,582.0,0.7,4831.0,0,0.15
0504510000000000010135,Apartadó,383.0,0.85,528.0,0.8,907.0,0.7,1645.0,0,0.35
0504510000000000020547,Apartadó,117.0,1.0,244.0,1.0,365.0,0.7,522.0,0,0.55
0504510000000000050413,Apartadó,669.0,0.7,176.0,1.0,117.0,0.9,884.0,0,0.55
0504510000000000080307,Apartadó,485.0,0.85,202.0,1.0,565.0,0.7,1323.0,0,0.35
0504510000000000090213,Apartadó,820.0,0.7,86.0,1.0,270.0,0.9,545.0,0,0.55
0504510000000000020306,Apartadó,264.0,0.85,51.0,1.0,92.0,1.0,628.0,0,0.55
0504510000000000020546,Apartadó,48.0,1.0,120.0,1.0,266.0,0.9,721.0,0,0.55
0583710000000000020510,Turbo,96.0,1.0,92.0,1.0,77.0,1.0,4183.0,0,0.15
0504510000000000060624,Apartadó,375.0,0.85,366.0,0.8,326.0,0.7,639.0,0,0.55
0583710000000000040127,Turbo,669.0,0.7,457.0,0.8,1087.0,0.45,4870.0,0,0.15
0504510000000000050410,Apartadó,677.0,0.7,164.0,1.0,200.0,0.9,805.0,0,0.55
0504510000000000050320,Apartadó,265.0,0.85,130.0,1.0,136.0,0.9,1088.0,0,0.35
0583710000000000050222,Turbo,1585.0,0.5,623.0,0.8,791.0,0.7,3670.0,0,0.15
0583710000000000030524,Turbo,305.0,0.85,90.0,1.0,861.0,0.7,4971.0,0,0.15
0504510000000000030532,Apartadó,262.0,0.85,130.0,1.0,150.0,0.9,967.0,0,0.55
0583710000000000030442,Turbo,475.0,0.85,193.0,1.0,932.0,0.7,5174.0,0,0.15
0583710000000000030307,Turbo,330.0,0.85,41.0,1.0,858.0,0.7,5078.0,0,0.15
0504510000000000100320,Apartadó,1065.0,0.5,463.0,0.8,814.0,0.7,799.0,0,0.55
0504510000000000020309,Apartadó,411.0,0.85,211.0,1.0,250.0,0.9,709.0,0,0.55
0504510000000000040215,Apartadó,292.0,0.85,65.0,1.0,58.0,1.0,1079.0,0,0.35
0504510000000000090210,Apartadó,884.0,0.7,155.0,1.0,345.0,0.7,476.0,0,0.55
0504510000000000080206,Apartadó,304.0,0.85,153.0,1.0,673.0,0.7,1457.0,0,0.35
0583710000000000030423,Turbo,185.0,1.0,86.0,1.0,566.0,0.7,4794.0,0,0.15
0583710000000000040157,Turbo,276.0,0.85,173.0,1.0,441.0,0.7,4187.0,0,0.15
0504510000000000030314,Apartadó,144.0,1.0,297.0,1.0,177.0,0.9,1054.0,0,0.35
0504510000000000100221,Apartadó,1318.0,0.5,678.0,0.8,1025.0,0.45,697.0,0,0.55
0504510000000000050215,Apartadó,410.0,0.85,103.0,1.0,158.0,0.9,1148.0,0,0.35
0583710000000000050134,Turbo,1119.0,0.5,235.0,1.0,838.0,0.7,4106.0,0,0.15
0504510000000000020531,Apartadó,55.0,1.0,121.0,1.0,197.0,0.9,562.0,0,0.55
0583710000000000030438,Turbo,537.0,0.7,241.0,1.0,942.0,0.7,5159.0,0,0.15
0504510000000000070404,Apartadó,136.0,1.0,220.0,1.0,64.0,1.0,1212.0,0,0.35
0504510000000000050519,Apartadó,731.0,0.7,271.0,1.0,290.0,0.9,865.0,1,0.9
0583710000000000010436,Turbo,823.0,0.7,604.0,0.8,862.0,0.7,3377.0,0,0.15
0504510000000000100316,Apartadó,961.0,0.7,361.0,0.8,711.0,0.7,801.0,0,0.55
0583710000000000040731,Turbo,822.0,0.7,336.0,0.8,1195.0,0.45,4670.0,0,0.15
0583710000000000040520,Turbo,671.0,0.7,126.0,1.0,847.0,0.7,4178.0,0,0.15
0504510000000000040209,Apartadó,390.0,0.85,87.0,1.0,99.0,1.0,990.0,0,0.55
0583720090104100010303,Turbo,1422.0,0.5,1180.0,0.6,1492.0,0.45,3046.0,0,0.15
0504510000000000030408,Apartadó,143.0,1.0,282.0,1.0,127.0,0.9,990.0,0,0.55
0504510000000000060514,Apartadó,73.0,1.0,73.0,1.0,73.0,1.0,815.0,0,0.55
0504510000000000020107,Apartadó,131.0,1.0,46.0,1.0,281.0,0.9,903.0,0,0.55
0504510000000000090206,Apartadó,984.0,0.7,270.0,1.0,462.0,0.7,387.0,0,0.55
0504510000000000090409,Apartadó,411.0,0.85,179.0,1.0,206.0,0.9,1009.0,0,0.35
0504510000000000070734,Apartadó,433.0,0.85,368.0,0.8,218.0,0.9,763.0,1,0.9
0504510000000000060114,Apartadó,176.0,1.0,60.0,1.0,253.0,0.9,995.0,0,0.55
0504510000000000020411,Apartadó,39.0,1.0,157.0,1.0,39.0,1.0,291.0,0,0.55
0583710000000000010447,Turbo,833.0,0.7,612.0,0.8,845.0,0.7,3425.0,0,0.15
0583710000000000020316,Turbo,262.0,0.85,12.0,1.0,515.0,0.7,3612.0,0,0.15
0504510000000000100409,Apartadó,1618.0,0.5,998.0,0.6,1349.0,0.45,940.0,0,0.55
0583710000000000010728,Turbo,634.0,0.7,239.0,1.0,634.0,0.7,3933.0,0,0.15
0504510000000000040628,Apartadó,326.0,0.85,329.0,0.8,332.0,0.7,857.0,0,0.55
0504510000000000050304,Apartadó,292.0,0.85,145.0,1.0,37.0,1.0,1149.0,0,0.35
0583710000000000040143,Turbo,708.0,0.7,142.0,1.0,1000.0,0.7,4381.0,0,0.15
0504510000000000060517,Apartadó,171.0,1.0,171.0,1.0,172.0,0.9,794.0,0,0.55
0504510000000000030511,Apartadó,121.0,1.0,59.0,1.0,139.0,0.9,1105.0,0,0.35
0504510000000000030328,Apartadó,223.0,0.85,346.0,0.8,164.0,0.9,993.0,0,0.55
0504510000000000070305,Apartadó,213.0,0.85,151.0,1.0,301.0,0.7,1051.0,0,0.35
0504510000000000090118,Apartadó,672.0,0.7,160.0,1.0,150.0,0.9,749.0,0,0.55
0583720090104100010205,Turbo,1706.0,0.5,1714.0,0.35,1873.0,0.45,2423.0,0,0.35
0504510000000000080626,Apartadó,313.0,0.85,217.0,1.0,655.0,0.7,1090.0,0,0.35
0504510000000000020109,Apartadó,166.0,1.0,114.0,1.0,170.0,0.9,854.0,0,0.55
0583710000000000040715,Turbo,161.0,1.0,159.0,1.0,439.0,0.7,4296.0,0,0.15
0583710000000000040761,Turbo,753.0,0.7,206.0,1.0,1100.0,0.45,4510.0,0,0.15
0583710000000000020108,Turbo,221.0,0.85,182.0,1.0,302.0,0.7,3810.0,0,0.15
0583710000000000020208,Turbo,99.0,1.0,99.0,1.0,100.0,0.9,4029.0,0,0.15
0583710000000000040102,Turbo,111.0,1.0,94.0,1.0,413.0,0.7,4646.0,0,0.15
0583710000000000030515,Turbo,371.0,0.85,160.0,1.0,953.0,0.7,5011.0,0,0.15
0504510000000000010609,Apartadó,1000.0,0.5,336.0,0.8,663.0,0.7,977.0,0,0.55
0504510000000000020424,Apartadó,75.0,1.0,223.0,1.0,6.0,1.0,219.0,0,0.55
0583710000000000020402,Turbo,107.0,1.0,227.0,1.0,333.0,0.7,3761.0,0,0.15
0504510000000000100119,Apartadó,1120.0,0.5,460.0,0.8,777.0,0.7,536.0,0,0.55
0583710000000000050110,Turbo,1126.0,0.5,306.0,0.8,765.0,0.7,4071.0,0,0.15
0504510000000000040511,Apartadó,271.0,0.85,202.0,1.0,279.0,0.9,763.0,0,0.55
0504510000000000060408,Apartadó,225.0,0.85,121.0,1.0,281.0,0.9,628.0,0,0.55
0504510000000000040312,Apartadó,161.0,1.0,109.0,1.0,29.0,1.0,1050.0,0,0.35
0504510000000000080601,Apartadó,482.0,0.85,376.0,0.8,532.0,0.7,928.0,0,0.55
0583710000000000040138,Turbo,941.0,0.7,153.0,1.0,1159.0,0.45,4292.0,0,0.15
0504510000000000010516,Apartadó,104.0,1.0,256.0,1.0,59.0,1.0,971.0,0,0.55
0514720011200300010104,Carepa,11085.0,0.05,75.0,1.0,11224.0,0.05,11361.0,0,0.15
0514720011200300010108,Carepa,10851.0,0.05,38.0,1.0,10991.0,0.05,11136.0,0,0.15
0514720010400500010101,Carepa,5699.0,0.05,2647.0,0.35,1488.0,0.45,746.0,0,0.55
0514720010400500010113,Carepa,5504.0,0.05,2657.0,0.35,1278.0,0.45,893.0,0,0.55
0514720010400500010129,Carepa,5570.0,0.05,2890.0,0.35,1292.0,0.45,789.0,0,0.55
0514720010400500010123,Carepa,5541.0,0.05,2805.0,0.35,1278.0,0.45,824.0,0,0.55
0514720010400800010112,Carepa,5862.0,0.05,1932.0,0.35,1995.0,0.45,967.0,0,0.55
0514720010501100010104,Carepa,3792.0,0.25,378.0,0.8,2348.0,0.45,1078.0,0,0.35
0514720010501100010108,Carepa,3848.0,0.25,306.0,0.8,2422.0,0.45,1131.0,0,0.35
0514720010801200010101,Carepa,4386.0,0.25,1217.0,0.6,208.0,0.9,657.0,0,0.55
0583720200100700010108,Turbo,29328.0,0.05,634.0,0.8,16112.0,0.05,23057.0,0,0.15
0565920020600700010102,San Juan de Urabá,7837.0,0.05,7837.0,0.05,66803.0,0.05,69079.0,0,0.15
0505120040101900010103,Arboletes,24432.0,0.05,10607.0,0.05,57616.0,0.05,63389.0,0,0.15
0566520040701400010107,San Pedro de Urabá,19784.0,0.05,810.0,0.6,44387.0,0.05,52058.0,0,0.15
0565920010400800010108,San Juan de Urabá,2211.0,0.25,2211.0,0.35,71796.0,0.05,73254.0,0,0.15
0566520040701400010103,San Pedro de Urabá,19900.0,0.05,903.0,0.6,44417.0,0.05,52064.0,0,0.15
0504510000000000100120,Apartadó,1112.0,0.5,456.0,0.8,787.0,0.7,566.0,0,0.55
0583710000000000030716,Turbo,1017.0,0.5,316.0,0.8,1399.0,0.45,4664.0,0,0.15
0504510000000000070520,Apartadó,316.0,0.85,81.0,1.0,82.0,1.0,1045.0,0,0.35
0504510000000000060113,Apartadó,308.0,0.85,140.0,1.0,294.0,0.9,1122.0,0,0.35
0504510000000000040627,Apartadó,245.0,0.85,242.0,1.0,340.0,0.7,780.0,0,0.55
0583710000000000040307,Turbo,55.0,1.0,76.0,1.0,224.0,0.9,4450.0,0,0.15
0583710000000000050206,Turbo,1507.0,0.5,496.0,0.8,925.0,0.7,3817.0,0,0.15
0583710000000000020302,Turbo,116.0,1.0,140.0,1.0,433.0,0.7,3736.0,0,0.15
0504510000000000050210,Apartadó,508.0,0.7,15.0,1.0,95.0,1.0,1057.0,0,0.35
0583710000000000010718,Turbo,1027.0,0.5,592.0,0.8,1029.0,0.45,3375.0,0,0.15
0504510000000000010125,Apartadó,518.0,0.7,390.0,0.8,792.0,0.7,1555.0,0,0.35
0504510000000000100302,Apartadó,790.0,0.7,140.0,1.0,491.0,0.7,728.0,0,0.55
0504510000000000020211,Apartadó,50.0,1.0,259.0,1.0,54.0,1.0,735.0,0,0.55
0504510000000000040515,Apartadó,368.0,0.85,343.0,0.8,411.0,0.7,634.0,0,0.55
0504510000000000040501,Apartadó,261.0,0.85,202.0,1.0,227.0,0.9,894.0,0,0.55
0583710000000000050135,Turbo,1105.0,0.5,255.0,1.0,816.0,0.7,4108.0,0,0.15
0504510000000000060327,Apartadó,205.0,0.85,191.0,1.0,414.0,0.7,755.0,0,0.55
0504510000000000050301,Apartadó,421.0,0.85,55.0,1.0,124.0,0.9,1051.0,0,0.35
0583710000000000010305,Turbo,201.0,0.85,143.0,1.0,453.0,0.7,4561.0,0,0.15
0583710000000000020714,Turbo,486.0,0.85,613.0,0.8,681.0,0.7,3271.0,0,0.15
0504510000000000010214,Apartadó,312.0,0.85,78.0,1.0,91.0,1.0,1283.0,0,0.35
0583710000000000050210,Turbo,1599.0,0.5,625.0,0.8,823.0,0.7,3671.0,0,0.15
0504510000000000080110,Apartadó,607.0,0.7,206.0,1.0,204.0,0.9,1533.0,0,0.35
0583710000000000050526,Turbo,1365.0,0.5,533.0,0.8,600.0,0.7,3811.0,0,0.15
0583710000000000040718,Turbo,301.0,0.85,104.0,1.0,659.0,0.7,4418.0,0,0.15
0504510000000000030118,Apartadó,358.0,0.85,86.0,1.0,201.0,0.9,754.0,0,0.55
0583710000000000010229,Turbo,458.0,0.85,298.0,1.0,458.0,0.7,4166.0,0,0.15
0504520010201000010110,Apartadó,1835.0,0.5,1577.0,0.35,257.0,0.9,468.0,0,0.55
0583710000000000040503,Turbo,633.0,0.7,353.0,0.8,615.0,0.7,3952.0,0,0.15
0504510000000000060631,Apartadó,380.0,0.85,326.0,0.8,380.0,0.7,558.0,0,0.55
0504510000000000090217,Apartadó,791.0,0.7,77.0,1.0,267.0,0.9,571.0,0,0.55
0504510000000000020226,Apartadó,75.0,1.0,229.0,1.0,6.0,1.0,662.0,0,0.55
0583710000000000050412,Turbo,1267.0,0.5,415.0,0.8,687.0,0.7,3925.0,0,0.15
0583710000000000050520,Turbo,1551.0,0.5,691.0,0.8,583.0,0.7,3627.0,0,0.15
0583710000000000050524,Turbo,1438.0,0.5,607.0,0.8,563.0,0.7,3733.0,0,0.15
0583710000000000030224,Turbo,518.0,0.7,300.0,0.8,1093.0,0.45,5107.0,0,0.15
0504510000000000020519,Apartadó,33.0,1.0,100.0,1.0,421.0,0.7,899.0,0,0.55
0504510000000000040117,Apartadó,514.0,0.7,63.0,1.0,83.0,1.0,880.0,0,0.55
0583710000000000030232,Turbo,1105.0,0.5,335.0,0.8,1652.0,0.45,5102.0,0,0.15
0504510000000000080605,Apartadó,513.0,0.7,348.0,0.8,640.0,0.7,894.0,0,0.55
0504510000000000060330,Apartadó,144.0,1.0,144.0,1.0,333.0,0.7,953.0,0,0.55
0583710000000000030222,Turbo,695.0,0.7,119.0,1.0,1281.0,0.45,4968.0,0,0.15
0583710000000000030309,Turbo,470.0,0.85,63.0,1.0,1001.0,0.45,5220.0,0,0.15
0504510000000000040218,Apartadó,334.0,0.85,133.0,1.0,46.0,1.0,1073.0,0,0.35
0583710000000000010317,Turbo,117.0,1.0,204.0,1.0,548.0,0.7,4654.0,0,0.15
0504510000000000040307,Apartadó,289.0,0.85,107.0,1.0,129.0,0.9,1078.0,0,0.35
0583710000000000020907,Turbo,628.0,0.7,384.0,0.8,807.0,0.7,3311.0,0,0.15
0504510000000000030406,Apartadó,212.0,0.85,220.0,1.0,92.0,1.0,1045.0,0,0.35
0504510000000000030526,Apartadó,187.0,1.0,172.0,1.0,133.0,0.9,1012.0,0,0.35
0504510000000000100136,Apartadó,1265.0,0.5,621.0,0.8,966.0,0.7,657.0,0,0.55
0504510000000000100506,Apartadó,1480.0,0.5,928.0,0.6,1275.0,0.45,1112.0,0,0.35
0504510000000000030504,Apartadó,151.0,1.0,64.0,1.0,63.0,1.0,1124.0,0,0.35
0583710000000000010101,Turbo,433.0,0.85,241.0,1.0,435.0,0.7,3722.0,0,0.15
0583710000000000020304,Turbo,62.0,1.0,231.0,1.0,337.0,0.7,3839.0,0,0.15
0504510000000000040137,Apartadó,490.0,0.85,61.0,1.0,163.0,0.9,967.0,0,0.55
0504510000000000030416,Apartadó,182.0,1.0,393.0,0.8,275.0,0.9,888.0,0,0.55
0504510000000000040404,Apartadó,49.0,1.0,49.0,1.0,132.0,0.9,1019.0,0,0.35
0566510000000000010539,San Pedro de Urabá,203.0,0.85,97.0,1.0,29753.0,0.05,39219.0,0,0.15
0583710000000000030513,Turbo,315.0,0.85,155.0,1.0,902.0,0.7,5009.0,0,0.15
0504510000000000100132,Apartadó,1285.0,0.5,583.0,0.8,855.0,0.7,363.0,0,0.55
0504510000000000020412,Apartadó,72.0,1.0,163.0,1.0,58.0,1.0,284.0,0,0.55
0504510000000000080222,Apartadó,453.0,0.85,256.0,1.0,570.0,0.7,1707.0,0,0.35
0504510000000000030401,Apartadó,106.0,1.0,350.0,0.8,213.0,0.9,1165.0,0,0.35
0583710000000000030720,Turbo,1030.0,0.5,442.0,0.8,1240.0,0.45,4518.0,0,0.15
0504510000000000080630,Apartadó,404.0,0.85,292.0,1.0,598.0,0.7,1000.0,0,0.35
0583710000000000030702,Turbo,859.0,0.7,200.0,1.0,1395.0,0.45,4758.0,0,0.15
0583710000000000020301,Turbo,165.0,1.0,108.0,1.0,448.0,0.7,3681.0,0,0.15
0504510000000000050219,Apartadó,386.0,0.85,136.0,1.0,158.0,0.9,1180.0,0,0.35
0504510000000000010411,Apartadó,314.0,0.85,57.0,1.0,579.0,0.7,1218.0,0,0.35
0583710000000000020814,Turbo,942.0,0.7,699.0,0.8,1034.0,0.45,3178.0,0,0.15
0583710000000000020908,Turbo,740.0,0.7,496.0,0.8,859.0,0.7,3293.0,0,0.15
0583710000000000050519,Turbo,1522.0,0.5,662.0,0.8,588.0,0.7,3657.0,0,0.15
0504510000000000030417,Apartadó,193.0,1.0,335.0,0.8,248.0,0.9,883.0,0,0.55
0583710000000000010109,Turbo,258.0,0.85,91.0,1.0,258.0,0.9,4047.0,0,0.15
0504510000000000010703,Apartadó,1156.0,0.5,629.0,0.8,379.0,0.7,636.0,0,0.55
0504510000000000090403,Apartadó,505.0,0.7,147.0,1.0,240.0,0.9,922.0,0,0.55
0504510000000000020628,Apartadó,143.0,1.0,154.0,1.0,540.0,0.7,983.0,0,0.55
0504510000000000090407,Apartadó,446.0,0.85,223.0,1.0,268.0,0.9,1004.0,0,0.35
0583710000000000030206,Turbo,569.0,0.7,270.0,1.0,1140.0,0.45,5104.0,0,0.15
0504510000000000030515,Apartadó,223.0,0.85,180.0,1.0,59.0,1.0,998.0,0,0.55
0583710000000000030637,Turbo,523.0,0.7,168.0,1.0,989.0,0.7,4759.0,0,0.15
0504510000000000010702,Apartadó,1125.0,0.5,624.0,0.8,331.0,0.7,649.0,0,0.55
0504510000000000070306,Apartadó,220.0,0.85,169.0,1.0,331.0,0.7,1059.0,0,0.35
0583710000000000040704,Turbo,838.0,0.7,218.0,1.0,1144.0,0.45,4454.0,0,0.15
0504510000000000070127,Apartadó,258.0,0.85,211.0,1.0,139.0,0.9,945.0,0,0.55
0504520030201800010111,Apartadó,1490.0,0.5,138.0,1.0,1616.0,0.45,536.0,0,0.55
0504510000000000030415,Apartadó,156.0,1.0,439.0,0.8,280.0,0.9,926.0,0,0.55
0504510000000000100307,Apartadó,859.0,0.7,263.0,1.0,610.0,0.7,812.0,0,0.55
0504510000000000060104,Apartadó,237.0,0.85,128.0,1.0,325.0,0.7,973.0,0,0.55
0504510000000000040211,Apartadó,379.0,0.85,96.0,1.0,24.0,1.0,1001.0,0,0.35
0583710000000000050301,Turbo,1666.0,0.5,742.0,0.6,710.0,0.7,3551.0,0,0.15
0583710000000000050510,Turbo,1477.0,0.5,578.0,0.8,668.0,0.7,3726.0,0,0.15
0583710000000000030110,Turbo,91.0,1.0,209.0,1.0,638.0,0.7,4767.0,0,0.15
0504510000000000010718,Apartadó,1462.0,0.5,809.0,0.6,796.0,0.7,690.0,0,0.55
0504510000000000070625,Apartadó,151.0,1.0,302.0,0.8,126.0,0.9,1202.0,0,0.35
0583710000000000030106,Turbo,223.0,0.85,49.0,1.0,422.0,0.7,4521.0,0,0.15
0583710000000000040415,Turbo,316.0,0.85,226.0,1.0,314.0,0.7,3669.0,0,0.15
0583710000000000040123,Turbo,317.0,0.85,202.0,1.0,742.0,0.7,4724.0,0,0.15
0583710000000000010235,Turbo,209.0,0.85,114.0,1.0,207.0,0.9,4283.0,0,0.15
0583710000000000040167,Turbo,772.0,0.7,396.0,0.8,1195.0,0.45,4987.0,0,0.15
0583710000000000040506,Turbo,564.0,0.7,257.0,1.0,703.0,0.7,4129.0,0,0.15
0514720011200300010123,Carepa,10738.0,0.05,232.0,1.0,10881.0,0.05,11059.0,0,0.15
0514720010400400010115,Carepa,5468.0,0.05,2155.0,0.35,1461.0,0.45,748.0,0,0.55
0514720010800600010107,Carepa,4354.0,0.25,708.0,0.6,73.0,1.0,1362.0,0,0.35
0514720010800600010115,Carepa,4765.0,0.25,946.0,0.6,54.0,1.0,1629.0,0,0.35
0514720010501100010105,Carepa,3779.0,0.25,352.0,0.8,2376.0,0.45,1063.0,0,0.35
0514720010601400010104,Carepa,4869.0,0.25,4869.0,0.15,258.0,0.9,786.0,0,0.55
0505120020301700010102,Arboletes,15115.0,0.05,15115.0,0.05,65727.0,0.05,69818.0,0,0.15
0504520020301700010110,Apartadó,4483.0,0.25,842.0,0.6,90.0,1.0,1390.0,0,0.35
0583720200100700010106,Turbo,29352.0,0.05,710.0,0.6,16061.0,0.05,23082.0,0,0.15
0583720050403300010103,Turbo,9579.0,0.05,3833.0,0.15,21113.0,0.05,31001.0,0,0.15
0565920020600700010104,San Juan de Urabá,7930.0,0.05,7930.0,0.05,66782.0,0.05,69084.0,0,0.15
0504510000000000030308,Apartadó,50.0,1.0,173.0,1.0,55.0,1.0,1180.0,0,0.35
0504510000000000020618,Apartadó,70.0,1.0,156.0,1.0,368.0,0.7,613.0,0,0.55
0504510000000000060513,Apartadó,83.0,1.0,83.0,1.0,84.0,1.0,794.0,0,0.55
0504510000000000070722,Apartadó,453.0,0.85,240.0,1.0,119.0,0.9,919.0,1,0.9
0504510000000000020314,Apartadó,358.0,0.85,134.0,1.0,212.0,0.9,604.0,0,0.55
0504510000000000020505,Apartadó,74.0,1.0,65.0,1.0,147.0,0.9,386.0,0,0.55
0504510000000000020522,Apartadó,69.0,1.0,142.0,1.0,266.0,0.9,590.0,0,0.55
0504510000000000030219,Apartadó,413.0,0.85,161.0,1.0,316.0,0.7,323.0,0,0.55
0504510000000000070224,Apartadó,269.0,0.85,6.0,1.0,184.0,0.9,1168.0,0,0.35
0504510000000000020540,Apartadó,86.0,1.0,1358.0,0.6,312.0,0.7,694.0,0,0.55
0504510000000000060805,Apartadó,210.0,0.85,234.0,1.0,412.0,0.7,746.0,0,0.55
0504510000000000040605,Apartadó,101.0,1.0,162.0,1.0,111.0,0.9,955.0,0,0.55
0504510000000000020401,Apartadó,46.0,1.0,117.0,1.0,34.0,1.0,434.0,0,0.55
0504510000000000060305,Apartadó,177.0,1.0,103.0,1.0,344.0,0.7,674.0,0,0.55
0504510000000000040742,Apartadó,631.0,0.7,106.0,1.0,246.0,0.9,745.0,0,0.55
0504510000000000030119,Apartadó,416.0,0.85,53.0,1.0,200.0,0.9,692.0,0,0.55
0504510000000000010318,Apartadó,244.0,0.85,100.0,1.0,153.0,0.9,1177.0,0,0.35
0504510000000000080114,Apartadó,480.0,0.85,91.0,1.0,200.0,0.9,1429.0,0,0.35
0583710000000000050136,Turbo,1175.0,0.5,166.0,1.0,1167.0,0.45,3850.0,0,0.15
0504510000000000020606,Apartadó,19.0,1.0,131.0,1.0,247.0,0.9,627.0,0,0.55
0504510000000000100614,Apartadó,1237.0,0.5,659.0,0.8,1008.0,0.45,914.0,0,0.55
0583710000000000040524,Turbo,483.0,0.85,114.0,1.0,351.0,0.7,3961.0,0,0.15
0504510000000000070632,Apartadó,154.0,1.0,328.0,0.8,89.0,1.0,1182.0,0,0.35
0504510000000000040635,Apartadó,199.0,1.0,236.0,1.0,329.0,0.7,737.0,0,0.55
0504510000000000070715,Apartadó,488.0,0.85,322.0,0.8,203.0,0.9,819.0,1,0.9
0504510000000000020537,Apartadó,102.0,1.0,1250.0,0.6,277.0,0.9,825.0,0,0.55
0504510000000000040509,Apartadó,252.0,0.85,241.0,1.0,302.0,0.7,750.0,0,0.55
0504510000000000010719,Apartadó,1404.0,0.5,738.0,0.6,809.0,0.7,771.0,0,0.55
0504510000000000040118,Apartadó,478.0,0.85,36.0,1.0,154.0,0.9,942.0,0,0.55
0583710000000000010209,Turbo,205.0,0.85,118.0,1.0,204.0,0.9,4232.0,0,0.15
0504510000000000070209,Apartadó,220.0,0.85,137.0,1.0,219.0,0.9,1042.0,0,0.35
0583710000000000040209,Turbo,151.0,1.0,132.0,1.0,345.0,0.7,4587.0,0,0.15
0504510000000000080119,Apartadó,463.0,0.85,70.0,1.0,52.0,1.0,1435.0,0,0.35
0583710000000000010207,Turbo,145.0,1.0,145.0,1.0,144.0,0.9,4172.0,0,0.15
0504510000000000040613,Apartadó,48.0,1.0,80.0,1.0,131.0,0.9,905.0,0,0.55
0504510000000000020425,Apartadó,137.0,1.0,246.0,1.0,13.0,1.0,159.0,0,0.75
0504510000000000070218,Apartadó,132.0,1.0,113.0,1.0,157.0,0.9,1189.0,0,0.35
0583710000000000020603,Turbo,154.0,1.0,358.0,0.8,215.0,0.9,3886.0,0,0.15
0504510000000000050108,Apartadó,423.0,0.85,144.0,1.0,111.0,0.9,1170.0,0,0.35
0504510000000000050518,Apartadó,744.0,0.7,223.0,1.0,248.0,0.9,848.0,1,0.9
0504510000000000070717,Apartadó,541.0,0.7,284.0,1.0,231.0,0.9,844.0,1,0.9
0583710000000000030404,Turbo,215.0,0.85,88.0,1.0,669.0,0.7,4921.0,0,0.15
0504510000000000030221,Apartadó,89.0,1.0,127.0,1.0,257.0,0.9,238.0,0,0.55
0504510000000000080506,Apartadó,342.0,0.85,115.0,1.0,833.0,0.7,1126.0,0,0.35
0504510000000000060328,Apartadó,247.0,0.85,222.0,1.0,449.0,0.7,710.0,0,0.55
0583710000000000030815,Turbo,1180.0,0.5,379.0,0.8,1626.0,0.45,4792.0,0,0.15
0504510000000000010628,Apartadó,996.0,0.7,371.0,0.8,569.0,0.7,906.0,0,0.55
0504510000000000080411,Apartadó,183.0,1.0,165.0,1.0,793.0,0.7,1435.0,0,0.35
0504510000000000080127,Apartadó,752.0,0.7,412.0,0.8,223.0,0.9,1409.0,0,0.35
0504510000000000030223,Apartadó,272.0,0.85,183.0,1.0,425.0,0.7,275.0,0,0.55
0583710000000000040407,Turbo,306.0,0.85,190.0,1.0,102.0,0.9,3859.0,0,0.15
0504510000000000060301,Apartadó,84.0,1.0,84.0,1.0,324.0,0.7,862.0,0,0.55
0504510000000000030108,Apartadó,507.0,0.7,96.0,1.0,108.0,0.9,619.0,0,0.55
0583710000000000040531,Turbo,430.0,0.85,223.0,1.0,449.0,0.7,4056.0,0,0.15
0583710000000000030509,Turbo,326.0,0.85,204.0,1.0,929.0,0.7,5032.0,0,0.15
0504510000000000030402,Apartadó,58.0,1.0,378.0,0.8,153.0,0.9,1127.0,0,0.35
0504510000000000070704,Apartadó,510.0,0.7,364.0,0.8,260.0,0.9,766.0,1,0.9
0504510000000000020627,Apartadó,295.0,0.85,295.0,1.0,606.0,0.7,792.0,0,0.55
0583710000000000030516,Turbo,348.0,0.85,122.0,1.0,918.0,0.7,4991.0,0,0.15
0583710000000000020321,Turbo,307.0,0.85,135.0,1.0,604.0,0.7,3483.0,0,0.15
0504510000000000040122,Apartadó,567.0,0.7,112.0,1.0,42.0,1.0,818.0,0,0.55
0504510000000000060325,Apartadó,216.0,0.85,175.0,1.0,422.0,0.7,698.0,0,0.55
0504510000000000020103,Apartadó,76.0,1.0,11.0,1.0,422.0,0.7,978.0,0,0.55
0583710000000000010724,Turbo,799.0,0.7,177.0,1.0,801.0,0.7,3813.0,0,0.15
0504510000000000010713,Apartadó,1168.0,0.5,530.0,0.8,614.0,0.7,794.0,0,0.55
0504510000000000070226,Apartadó,188.0,1.0,188.0,1.0,188.0,0.9,958.0,0,0.55
0583710000000000030827,Turbo,1290.0,0.5,547.0,0.8,1475.0,0.45,4562.0,0,0.15
0504510000000000030225,Apartadó,292.0,0.85,232.0,1.0,461.0,0.7,225.0,1,0.9
0504510000000000090410,Apartadó,397.0,0.85,153.0,1.0,175.0,0.9,1008.0,0,0.35
0583710000000000050104,Turbo,1153.0,0.5,113.0,1.0,1053.0,0.45,3964.0,0,0.15
0504510000000000030616,Apartadó,281.0,0.85,221.0,1.0,232.0,0.9,942.0,0,0.55
0583710000000000040760,Turbo,216.0,0.85,56.0,1.0,594.0,0.7,4478.0,0,0.15
0583710000000000010518,Turbo,181.0,1.0,88.0,1.0,681.0,0.7,4790.0,0,0.15
0504510000000000080410,Apartadó,178.0,1.0,119.0,1.0,814.0,0.7,1372.0,0,0.35
0504510000000000080617,Apartadó,515.0,0.7,306.0,0.8,768.0,0.7,936.0,0,0.55
0504510000000000100501,Apartadó,1893.0,0.5,1274.0,0.6,1624.0,0.45,1133.0,0,0.35
0583710000000000040130,Turbo,1209.0,0.5,131.0,1.0,1621.0,0.45,5156.0,0,0.15
0504510000000000010137,Apartadó,578.0,0.7,324.0,0.8,693.0,0.7,1484.0,0,0.35
0583710000000000010511,Turbo,110.0,1.0,176.0,1.0,690.0,0.7,4793.0,0,0.15
0583710000000000040753,Turbo,930.0,0.7,307.0,0.8,1336.0,0.45,4927.0,0,0.15
0504510000000000050218,Apartadó,384.0,0.85,158.0,1.0,150.0,0.9,1212.0,0,0.35
0583710000000000030825,Turbo,1179.0,0.5,490.0,0.8,1357.0,0.45,4526.0,0,0.15
0504510000000000040726,Apartadó,618.0,0.7,117.0,1.0,123.0,0.9,743.0,0,0.55
0504510000000000050418,Apartadó,805.0,0.7,105.0,1.0,281.0,0.9,664.0,1,0.9
0504510000000000050208,Apartadó,523.0,0.7,91.0,1.0,70.0,1.0,1070.0,0,0.35
0583710000000000040210,Turbo,114.0,1.0,134.0,1.0,321.0,0.7,4533.0,0,0.15
0583710000000000030108,Turbo,123.0,1.0,108.0,1.0,520.0,0.7,4642.0,0,0.15
0583710000000000010703,Turbo,906.0,0.7,522.0,0.8,908.0,0.7,3465.0,0,0.15
0504510000000000010304,Apartadó,584.0,0.7,100.0,1.0,462.0,0.7,1455.0,0,0.35
0504510000000000080216,Apartadó,401.0,0.85,326.0,0.8,608.0,0.7,1633.0,0,0.35
0583710000000000010510,Turbo,61.0,1.0,234.0,1.0,675.0,0.7,4769.0,0,0.15
0504510000000000030707,Apartadó,497.0,0.85,419.0,0.8,176.0,0.9,871.0,0,0.55
0504510000000000100203,Apartadó,1443.0,0.5,765.0,0.6,1056.0,0.45,520.0,0,0.55
0504510000000000100322,Apartadó,970.0,0.7,390.0,0.8,736.0,0.7,844.0,0,0.55
0504510000000000070130,Apartadó,309.0,0.85,113.0,1.0,39.0,1.0,1003.0,0,0.35
0504510000000000040212,Apartadó,388.0,0.85,123.0,1.0,73.0,1.0,976.0,0,0.55
0504510000000000070313,Apartadó,351.0,0.85,140.0,1.0,302.0,0.7,1154.0,0,0.35
0504510000000000010708,Apartadó,1166.0,0.5,565.0,0.8,526.0,0.7,721.0,0,0.55
0583710000000000010427,Turbo,765.0,0.7,461.0,0.8,767.0,0.7,3578.0,0,0.15
0583710000000000010713,Turbo,825.0,0.7,243.0,1.0,826.0,0.7,3738.0,0,0.15
0504510000000000030521,Apartadó,20.0,1.0,95.0,1.0,67.0,1.0,1111.0,0,0.35
0504510000000000020111,Apartadó,120.0,1.0,223.0,1.0,52.0,1.0,833.0,0,0.55
0583710000000000020117,Turbo,407.0,0.85,239.0,1.0,482.0,0.7,3640.0,0,0.15
0504510000000000040321,Apartadó,173.0,1.0,82.0,1.0,129.0,0.9,1160.0,0,0.35
0504510000000000100105,Apartadó,1225.0,0.5,534.0,0.8,825.0,0.7,426.0,0,0.55
0504510000000000040514,Apartadó,411.0,0.85,352.0,0.8,430.0,0.7,613.0,0,0.55
0504510000000000070615,Apartadó,170.0,1.0,201.0,1.0,219.0,0.9,1309.0,0,0.35
0504510000000000040706,Apartadó,597.0,0.7,130.0,1.0,215.0,0.9,779.0,0,0.55
0583710000000000010102,Turbo,405.0,0.85,158.0,1.0,407.0,0.7,3828.0,0,0.15
0504510000000000030523,Apartadó,95.0,1.0,90.0,1.0,134.0,0.9,1118.0,0,0.35
0504510000000000090312,Apartadó,630.0,0.7,86.0,1.0,270.0,0.9,760.0,0,0.55
0583710000000000010704,Turbo,977.0,0.7,505.0,0.8,979.0,0.7,3463.0,0,0.15
0583710000000000010401,Turbo,772.0,0.7,565.0,0.8,794.0,0.7,3445.0,0,0.15
0583710000000000010601,Turbo,529.0,0.7,277.0,1.0,528.0,0.7,4421.0,0,0.15
0583710000000000010623,Turbo,571.0,0.7,177.0,1.0,947.0,0.7,4647.0,0,0.15
0504510000000000040120,Apartadó,595.0,0.7,89.0,1.0,118.0,0.9,825.0,0,0.55
0504510000000000050120,Apartadó,222.0,0.85,280.0,1.0,61.0,1.0,1137.0,0,0.35
0504510000000000100210,Apartadó,1356.0,0.5,693.0,0.8,998.0,0.7,551.0,0,0.55
0504510000000000080210,Apartadó,303.0,0.85,188.0,1.0,672.0,0.7,1493.0,0,0.35
0504510000000000070527,Apartadó,454.0,0.85,132.0,1.0,84.0,1.0,1155.0,0,0.35
0504510000000000020551,Apartadó,214.0,0.85,419.0,0.8,65.0,1.0,138.0,0,0.75
0583710000000000010620,Turbo,436.0,0.85,188.0,1.0,434.0,0.7,4404.0,0,0.15
0504510000000000010412,Apartadó,394.0,0.85,135.0,1.0,622.0,0.7,1298.0,0,0.35
0583710000000000010717,Turbo,679.0,0.7,317.0,0.8,681.0,0.7,3761.0,0,0.15
0504510000000000030531,Apartadó,247.0,0.85,132.0,1.0,124.0,0.9,984.0,0,0.55
0583710000000000050209,Turbo,1520.0,0.5,519.0,0.8,893.0,0.7,3786.0,0,0.15
0504510000000000040508,Apartadó,255.0,0.85,255.0,1.0,322.0,0.7,746.0,0,0.55
0583710000000000030616,Turbo,735.0,0.7,258.0,1.0,1257.0,0.45,4755.0,0,0.15
0504510000000000040608,Apartadó,59.0,1.0,167.0,1.0,157.0,0.9,894.0,0,0.55
0504510000000000100126,Apartadó,1228.0,0.5,587.0,0.8,934.0,0.7,673.0,0,0.55
0583710000000000050522,Turbo,1505.0,0.5,678.0,0.8,535.0,0.7,3661.0,0,0.15
0583710000000000010512,Turbo,220.0,0.85,51.0,1.0,697.0,0.7,4807.0,0,0.15
0504510000000000080115,Apartadó,466.0,0.85,116.0,1.0,170.0,0.9,1422.0,0,0.35
0504510000000000010218,Apartadó,83.0,1.0,157.0,1.0,127.0,0.9,1153.0,0,0.35
0583710000000000050306,Turbo,1573.0,0.5,738.0,0.6,533.0,0.7,3592.0,0,0.15
0583710000000000040618,Turbo,1281.0,0.5,176.0,1.0,1692.0,0.45,5186.0,0,0.15
0583710000000000020606,Turbo,251.0,0.85,284.0,1.0,118.0,0.9,3912.0,0,0.15
0504510000000000030514,Apartadó,154.0,1.0,32.0,1.0,153.0,0.9,1060.0,0,0.35
0504510000000000080209,Apartadó,362.0,0.85,220.0,1.0,613.0,0.7,1518.0,0,0.35
0504510000000000020317,Apartadó,234.0,0.85,34.0,1.0,148.0,0.9,499.0,0,0.55
0504510000000000050101,Apartadó,525.0,0.7,55.0,1.0,28.0,1.0,1085.0,0,0.35
0504510000000000010716,Apartadó,1417.0,0.5,790.0,0.6,694.0,0.7,610.0,0,0.55
0504510000000000020308,Apartadó,364.0,0.85,161.0,1.0,201.0,0.9,685.0,0,0.55
0504510000000000100209,Apartadó,1390.0,0.5,728.0,0.6,1033.0,0.45,566.0,0,0.55
0583720090104100010204,Turbo,1728.0,0.5,1727.0,0.35,1890.0,0.45,2435.0,0,0.35
0504510000000000070120,Apartadó,70.0,1.0,189.0,1.0,156.0,0.9,1157.0,0,0.35
0583710000000000030420,Turbo,299.0,0.85,84.0,1.0,678.0,0.7,4915.0,0,0.15
0504510000000000070618,Apartadó,109.0,1.0,210.0,1.0,133.0,0.9,1258.0,0,0.35
0504510000000000060207,Apartadó,144.0,1.0,115.0,1.0,280.0,0.9,930.0,0,0.55
0504510000000000100407,Apartadó,1516.0,0.5,896.0,0.6,1248.0,0.45,887.0,0,0.55
0504510000000000020203,Apartadó,170.0,1.0,193.0,1.0,176.0,0.9,814.0,0,0.55
0504510000000000060302,Apartadó,175.0,1.0,161.0,1.0,401.0,0.7,757.0,0,0.55
0504510000000000080311,Apartadó,442.0,0.85,204.0,1.0,757.0,0.7,1113.0,0,0.35
0583710000000000030405,Turbo,316.0,0.85,28.0,1.0,734.0,0.7,4976.0,0,0.15
0504510000000000030116,Apartadó,442.0,0.85,110.0,1.0,146.0,0.9,659.0,0,0.55
0504510000000000030111,Apartadó,383.0,0.85,84.0,1.0,216.0,0.9,525.0,0,0.55
0504510000000000060111,Apartadó,393.0,0.85,238.0,1.0,279.0,0.9,1188.0,0,0.35
0504510000000000060519,Apartadó,133.0,1.0,133.0,1.0,133.0,0.9,857.0,0,0.55
0583710000000000020802,Turbo,1298.0,0.5,1079.0,0.6,1448.0,0.45,2816.0,0,0.35
0583710000000000020322,Turbo,357.0,0.85,146.0,1.0,650.0,0.7,3467.0,0,0.15
0504510000000000040201,Apartadó,400.0,0.85,118.0,1.0,123.0,0.9,993.0,0,0.55
0583710000000000030623,Turbo,726.0,0.7,302.0,0.8,1058.0,0.45,4546.0,0,0.15
0504510000000000040620,Apartadó,97.0,1.0,163.0,1.0,238.0,0.9,803.0,0,0.55
0504510000000000030112,Apartadó,426.0,0.85,44.0,1.0,171.0,0.9,516.0,0,0.55
0504510000000000030117,Apartadó,365.0,0.85,96.0,1.0,213.0,0.9,740.0,0,0.55
0504510000000000100608,Apartadó,1281.0,0.5,687.0,0.8,1038.0,0.45,881.0,0,0.55
0583710000000000020206,Turbo,149.0,1.0,60.0,1.0,152.0,0.9,3960.0,0,0.15
0504510000000000070415,Apartadó,154.0,1.0,297.0,1.0,101.0,0.9,1198.0,0,0.35
0583710000000000020103,Turbo,336.0,0.85,163.0,1.0,338.0,0.7,3791.0,0,0.15
0504510000000000070205,Apartadó,128.0,1.0,128.0,1.0,127.0,0.9,954.0,0,0.55
0504510000000000060409,Apartadó,266.0,0.85,137.0,1.0,267.0,0.9,614.0,0,0.55
0583710000000000040754,Turbo,855.0,0.7,366.0,0.8,1261.0,0.45,4886.0,0,0.15
0583710000000000050119,Turbo,1245.0,0.5,204.0,1.0,1060.0,0.45,3962.0,0,0.15
0583710000000000050501,Turbo,1397.0,0.5,463.0,0.8,752.0,0.7,3834.0,0,0.15
0504520010201000010104,Apartadó,1999.0,0.5,1745.0,0.35,101.0,0.9,364.0,0,0.55
0504510000000000030202,Apartadó,556.0,0.7,116.0,1.0,181.0,0.9,573.0,0,0.55
0583710000000000020715,Turbo,486.0,0.85,660.0,0.8,708.0,0.7,3231.0,0,0.15
0504510000000000070410,Apartadó,258.0,0.85,277.0,1.0,246.0,0.9,1081.0,0,0.35
0504510000000000040313,Apartadó,193.0,1.0,80.0,1.0,42.0,1.0,1076.0,0,0.35
0504510000000000050416,Apartadó,706.0,0.7,199.0,1.0,190.0,0.9,811.0,0,0.55
0504510000000000060512,Apartadó,89.0,1.0,79.0,1.0,89.0,1.0,798.0,0,0.55
0504510000000000050220,Apartadó,545.0,0.7,61.0,1.0,55.0,1.0,1045.0,0,0.35
0514720011200300010117,Carepa,11101.0,0.05,109.0,1.0,11243.0,0.05,11411.0,0,0.15
0514720010400400010110,Carepa,5451.0,0.05,2068.0,0.35,1493.0,0.45,683.0,0,0.55
0514720010400500010111,Carepa,5563.0,0.05,2634.0,0.35,1348.0,0.45,852.0,0,0.55
0514720010800600010108,Carepa,4306.0,0.25,664.0,0.8,122.0,0.9,1333.0,0,0.35
0514720010400800010105,Carepa,5878.0,0.05,1854.0,0.35,2059.0,0.45,972.0,0,0.55
0514720010400800010108,Carepa,5842.0,0.05,1731.0,0.35,2096.0,0.45,934.0,0,0.55
0514720010400800010109,Carepa,5816.0,0.05,1735.0,0.35,2065.0,0.45,908.0,0,0.55
0514720010400800010110,Carepa,5797.0,0.05,1745.0,0.35,2038.0,0.45,888.0,0,0.55
0514720010400800010111,Carepa,5830.0,0.05,1814.0,0.35,2031.0,0.45,923.0,0,0.55
0514720010501100010107,Carepa,3862.0,0.25,321.0,0.8,2408.0,0.45,1145.0,0,0.35
0514720010501100010106,Carepa,3831.0,0.25,337.0,0.8,2390.0,0.45,1114.0,0,0.35
0514720010801200010102,Carepa,4476.0,0.25,1256.0,0.6,258.0,0.9,746.0,0,0.55
0514720010601400010111,Carepa,4912.0,0.25,4912.0,0.15,203.0,0.9,728.0,0,0.55
0517220100601300010104,Chigorodó,29388.0,0.05,1418.0,0.6,13721.0,0.05,21246.0,0,0.15
0583720200100700010105,Turbo,29279.0,0.05,703.0,0.6,16029.0,0.05,23008.0,0,0.15
0505120020301700010107,Arboletes,15167.0,0.05,15167.0,0.05,65533.0,0.05,69623.0,0,0.15
0504510000000000050316,Apartadó,327.0,0.85,188.0,1.0,182.0,0.9,1160.0,0,0.35
0504510000000000050516,Apartadó,704.0,0.7,214.0,1.0,242.0,0.9,886.0,1,0.9
0504510000000000060203,Apartadó,159.0,1.0,253.0,1.0,361.0,0.7,801.0,0,0.55
0583710000000000020114,Turbo,456.0,0.85,286.0,1.0,505.0,0.7,3630.0,0,0.15
0504510000000000090506,Apartadó,950.0,0.7,238.0,1.0,474.0,0.7,440.0,1,0.9
0583710000000000040727,Turbo,863.0,0.7,233.0,1.0,1213.0,0.45,4567.0,0,0.15
0504510000000000010625,Apartadó,548.0,0.7,187.0,1.0,704.0,0.7,1278.0,0,0.35
0583710000000000030305,Turbo,210.0,0.85,41.0,1.0,726.0,0.7,4942.0,0,0.15
0504510000000000050502,Apartadó,644.0,0.7,171.0,1.0,185.0,0.9,947.0,1,0.9
0504510000000000070203,Apartadó,126.0,1.0,14.0,1.0,78.0,1.0,1190.0,0,0.35
0504510000000000030702,Apartadó,389.0,0.85,420.0,0.8,134.0,0.9,942.0,0,0.55
0504510000000000080207,Apartadó,364.0,0.85,189.0,1.0,612.0,0.7,1482.0,0,0.35
0583720090104100010107,Turbo,1771.0,0.5,1842.0,0.35,2004.0,0.45,2025.0,0,0.35
0583710000000000030624,Turbo,762.0,0.7,362.0,0.8,1080.0,0.45,4542.0,0,0.15
0504510000000000020554,Apartadó,184.0,1.0,1384.0,0.6,306.0,0.7,602.0,0,0.55
0514720011200300010110,Carepa,10985.0,0.05,54.0,1.0,11126.0,0.05,11280.0,0,0.15
0583710000000000020509,Turbo,145.0,1.0,115.0,1.0,157.0,0.9,4096.0,0,0.15
0504510000000000070610,Apartadó,249.0,0.85,173.0,1.0,144.0,0.9,1286.0,0,0.35
0583710000000000030210,Turbo,823.0,0.7,184.0,1.0,1367.0,0.45,5140.0,0,0.15
0504510000000000070128,Apartadó,261.0,0.85,181.0,1.0,108.0,0.9,959.0,0,0.55
0583710000000000040709,Turbo,585.0,0.7,18.0,1.0,909.0,0.7,4400.0,0,0.15
0583710000000000010729,Turbo,721.0,0.7,156.0,1.0,722.0,0.7,3921.0,0,0.15
0583710000000000020713,Turbo,216.0,0.85,421.0,0.8,479.0,0.7,3451.0,0,0.15
0504510000000000080629,Apartadó,482.0,0.85,315.0,0.8,657.0,0.7,926.0,0,0.55
0504510000000000020616,Apartadó,105.0,1.0,100.0,1.0,345.0,0.7,639.0,0,0.55
0504510000000000100111,Apartadó,1233.0,0.5,566.0,0.8,873.0,0.7,513.0,0,0.55
0583710000000000030315,Turbo,589.0,0.7,249.0,1.0,1127.0,0.45,5187.0,0,0.15
0583720090104100010123,Turbo,1616.0,0.5,1703.0,0.35,1840.0,0.45,2201.0,0,0.35
0504510000000000040308,Apartadó,298.0,0.85,142.0,1.0,148.0,0.9,1053.0,0,0.35
0504510000000000010602,Apartadó,642.0,0.7,153.0,1.0,650.0,0.7,1193.0,0,0.35
0504510000000000100325,Apartadó,1082.0,0.5,491.0,0.8,841.0,0.7,833.0,0,0.55
0504510000000000060625,Apartadó,401.0,0.85,399.0,0.8,314.0,0.7,651.0,0,0.55
0583710000000000040302,Turbo,133.0,1.0,160.0,1.0,423.0,0.7,4653.0,0,0.15
0504510000000000060506,Apartadó,297.0,0.85,245.0,1.0,297.0,0.9,612.0,0,0.55
0504510000000000090308,Apartadó,725.0,0.7,70.0,1.0,401.0,0.7,725.0,0,0.55
0504510000000000030608,Apartadó,425.0,0.85,255.0,1.0,258.0,0.9,974.0,0,0.55
0504510000000000070630,Apartadó,237.0,0.85,299.0,1.0,88.0,1.0,1239.0,0,0.35
0504510000000000020419,Apartadó,149.0,1.0,203.0,1.0,65.0,1.0,144.0,0,0.75
0583710000000000030502,Turbo,299.0,0.85,226.0,1.0,884.0,0.7,5011.0,0,0.15
0504510000000000070436,Apartadó,185.0,1.0,200.0,1.0,13.0,1.0,1166.0,0,0.35
0504510000000000030316,Apartadó,184.0,1.0,238.0,1.0,71.0,1.0,1055.0,0,0.35
0504510000000000060308,Apartadó,122.0,1.0,43.0,1.0,289.0,0.9,719.0,0,0.55
0504510000000000070108,Apartadó,182.0,1.0,97.0,1.0,160.0,0.9,1084.0,0,0.35
0504510000000000030505,Apartadó,177.0,1.0,61.0,1.0,72.0,1.0,1080.0,0,0.35
0504510000000000020106,Apartadó,85.0,1.0,66.0,1.0,346.0,0.7,937.0,0,0.55
0504510000000000050112,Apartadó,373.0,0.85,167.0,1.0,93.0,1.0,1217.0,0,0.35
0504510000000000060502,Apartadó,314.0,0.85,223.0,1.0,315.0,0.7,570.0,0,0.55
0504510000000000020526,Apartadó,90.0,1.0,127.0,1.0,90.0,1.0,315.0,0,0.55
0504510000000000090315,Apartadó,661.0,0.7,35.0,1.0,337.0,0.7,769.0,0,0.55
0583710000000000010121,Turbo,621.0,0.7,367.0,0.8,622.0,0.7,3709.0,0,0.15
0504510000000000020532,Apartadó,73.0,1.0,140.0,1.0,272.0,0.9,562.0,0,0.55
0504510000000000020407,Apartadó,153.0,1.0,66.0,1.0,250.0,0.9,399.0,0,0.55
0504510000000000060601,Apartadó,330.0,0.85,301.0,0.8,330.0,0.7,622.0,0,0.55
0583710000000000030711,Turbo,923.0,0.7,196.0,1.0,1458.0,0.45,4772.0,0,0.15
0504510000000000060413,Apartadó,166.0,1.0,52.0,1.0,166.0,0.9,719.0,0,0.55
0504510000000000090408,Apartadó,427.0,0.85,207.0,1.0,237.0,0.9,1011.0,0,0.35
0583710000000000010726,Turbo,789.0,0.7,133.0,1.0,790.0,0.7,3866.0,0,0.15
0583710000000000040534,Turbo,381.0,0.85,88.0,1.0,215.0,0.9,3963.0,0,0.15
0504510000000000070103,Apartadó,209.0,0.85,158.0,1.0,138.0,0.9,1008.0,0,0.35
0504510000000000050514,Apartadó,646.0,0.7,222.0,1.0,222.0,0.9,915.0,1,0.9
0583710000000000010720,Turbo,648.0,0.7,274.0,1.0,649.0,0.7,3841.0,0,0.15
0504510000000000010108,Apartadó,534.0,0.7,452.0,0.8,929.0,0.7,1505.0,0,0.35
0583710000000000030618,Turbo,644.0,0.7,169.0,1.0,1233.0,0.45,4989.0,0,0.15
0504510000000000070202,Apartadó,175.0,1.0,175.0,1.0,195.0,0.9,986.0,0,0.55
0504510000000000080316,Apartadó,456.0,0.85,203.0,1.0,558.0,0.7,1414.0,0,0.35
0504510000000000090329,Apartadó,903.0,0.7,228.0,1.0,554.0,0.7,577.0,0,0.55
0583710000000000020406,Turbo,125.0,1.0,318.0,0.8,319.0,0.7,3968.0,0,0.15
0504510000000000090305,Apartadó,888.0,0.7,195.0,1.0,513.0,0.7,559.0,0,0.55
0504510000000000090120,Apartadó,648.0,0.7,150.0,1.0,98.0,1.0,739.0,0,0.55
0504510000000000050206,Apartadó,574.0,0.7,81.0,1.0,33.0,1.0,997.0,0,0.55
0583710000000000040742,Turbo,149.0,1.0,120.0,1.0,526.0,0.7,4450.0,0,0.15
0583710000000000020311,Turbo,254.0,0.85,149.0,1.0,557.0,0.7,3497.0,0,0.15
0504510000000000040711,Apartadó,567.0,0.7,165.0,1.0,99.0,1.0,793.0,0,0.55
0504510000000000050119,Apartadó,196.0,1.0,318.0,0.8,44.0,1.0,1153.0,0,0.35
0504510000000000040406,Apartadó,52.0,1.0,52.0,1.0,137.0,0.9,951.0,0,0.55
0504510000000000010418,Apartadó,354.0,0.85,136.0,1.0,703.0,0.7,1226.0,0,0.35
0504510000000000020608,Apartadó,98.0,1.0,60.0,1.0,326.0,0.7,670.0,0,0.55
0583710000000000040617,Turbo,2333.0,0.25,961.0,0.6,2779.0,0.45,6833.0,0,0.15
0583710000000000010730,Turbo,787.0,0.7,83.0,1.0,788.0,0.7,3942.0,0,0.15
0504520030201800010113,Apartadó,1293.0,0.5,313.0,0.8,1395.0,0.45,434.0,0,0.55
0504510000000000080627,Apartadó,437.0,0.85,356.0,0.8,526.0,0.7,981.0,0,0.55
0504510000000000070406,Apartadó,188.0,1.0,248.0,1.0,50.0,1.0,1181.0,0,0.35
0583710000000000010514,Turbo,252.0,0.85,88.0,1.0,767.0,0.7,4876.0,0,0.15
0583710000000000020807,Turbo,500.0,0.7,463.0,0.8,812.0,0.7,3170.0,0,0.15
0583710000000000040706,Turbo,829.0,0.7,234.0,1.0,1156.0,0.45,4498.0,0,0.15
0504510000000000100604,Apartadó,1245.0,0.5,618.0,0.8,969.0,0.7,746.0,0,0.55
0504510000000000050122,Apartadó,553.0,0.7,38.0,1.0,55.0,1.0,1055.0,0,0.35
0504510000000000010421,Apartadó,177.0,1.0,88.0,1.0,525.0,0.7,1078.0,0,0.35
0504510000000000030214,Apartadó,339.0,0.85,123.0,1.0,321.0,0.7,346.0,0,0.55
0504510000000000040413,Apartadó,254.0,0.85,171.0,1.0,177.0,0.9,960.0,0,0.55
0504510000000000070211,Apartadó,223.0,0.85,131.0,1.0,245.0,0.9,1045.0,0,0.35
0504510000000000100235,Apartadó,1384.0,0.5,687.0,0.8,960.0,0.7,403.0,0,0.55
0504510000000000100101,Apartadó,1083.0,0.5,384.0,0.8,676.0,0.7,433.0,0,0.55
0504510000000000100212,Apartadó,1302.0,0.5,653.0,0.8,988.0,0.7,627.0,0,0.55
0504510000000000010505,Apartadó,299.0,0.85,156.0,1.0,284.0,0.9,1109.0,0,0.35
0583710000000000020506,Turbo,202.0,0.85,181.0,1.0,194.0,0.9,4076.0,0,0.15
0504510000000000040311,Apartadó,201.0,0.85,133.0,1.0,131.0,0.9,1011.0,0,0.35
0514720011200300010122,Carepa,10806.0,0.05,164.0,1.0,10948.0,0.05,11119.0,0,0.15
0514720011200300010124,Carepa,10572.0,0.05,316.0,0.8,10714.0,0.05,10880.0,0,0.15
0514720010400500010105,Carepa,5625.0,0.05,2583.0,0.35,1430.0,0.45,830.0,0,0.55
0514720010400800010101,Carepa,5875.0,0.05,1723.0,0.35,2137.0,0.45,969.0,0,0.55
0514720011500900010105,Carepa,14129.0,0.05,1318.0,0.6,14232.0,0.05,13195.0,0,0.15
0514720010501100010101,Carepa,3827.0,0.25,425.0,0.8,2301.0,0.45,1116.0,0,0.35
0517220100601300010101,Chigorodó,29066.0,0.05,1247.0,0.6,13393.0,0.05,20919.0,0,0.15
0514720010401500010104,Carepa,5395.0,0.05,245.0,1.0,2781.0,0.45,1423.0,0,0.35
0583720200100700010107,Turbo,29317.0,0.05,815.0,0.6,15954.0,0.05,23048.0,0,0.15
0504520020301700010104,Apartadó,4825.0,0.25,840.0,0.6,111.0,0.9,1524.0,0,0.35
0566520040701400010101,San Pedro de Urabá,19964.0,0.05,1118.0,0.6,44350.0,0.05,51968.0,0,0.15
0583720090104100010104,Turbo,1905.0,0.5,1960.0,0.35,2147.0,0.45,1866.0,0,0.35
0583710000000000030507,Turbo,309.0,0.85,225.0,1.0,910.0,0.7,5019.0,0,0.15
0504510000000000020533,Apartadó,47.0,1.0,125.0,1.0,269.0,0.9,529.0,0,0.55
0583710000000000040170,Turbo,325.0,0.85,87.0,1.0,331.0,0.7,4104.0,0,0.15
0504510000000000060306,Apartadó,182.0,1.0,95.0,1.0,323.0,0.7,659.0,0,0.55
0583710000000000040147,Turbo,437.0,0.85,167.0,1.0,648.0,0.7,4211.0,0,0.15
0583710000000000030603,Turbo,539.0,0.7,222.0,1.0,1080.0,0.45,4871.0,0,0.15
0583710000000000040111,Turbo,258.0,0.85,149.0,1.0,674.0,0.7,4767.0,0,0.15
0504510000000000050118,Apartadó,236.0,0.85,291.0,1.0,77.0,1.0,1163.0,0,0.35
0504510000000000100202,Apartadó,1399.0,0.5,717.0,0.6,1007.0,0.45,486.0,0,0.55
0583710000000000020126,Turbo,560.0,0.7,354.0,0.8,564.0,0.7,3616.0,0,0.15
0583710000000000050508,Turbo,1539.0,0.5,650.0,0.8,637.0,0.7,3656.0,0,0.15
0583720090303400010101,Turbo,1155.0,0.5,1211.0,0.6,1411.0,0.45,2528.0,0,0.35
0583710000000000020704,Turbo,91.0,1.0,310.0,0.8,256.0,0.9,3734.0,0,0.15
0583710000000000040163,Turbo,955.0,0.7,226.0,1.0,1371.0,0.45,5029.0,0,0.15
0504510000000000070606,Apartadó,169.0,1.0,153.0,1.0,224.0,0.9,1251.0,0,0.35
0504520010201000010111,Apartadó,1780.0,0.5,1521.0,0.35,314.0,0.7,522.0,0,0.55
0583710000000000050303,Turbo,1601.0,0.5,730.0,0.6,597.0,0.7,3581.0,0,0.15
0583710000000000030436,Turbo,410.0,0.85,112.0,1.0,845.0,0.7,5085.0,0,0.15
0504510000000000020318,Apartadó,169.0,1.0,122.0,1.0,57.0,1.0,491.0,0,0.55
0583720090104100010203,Turbo,1750.0,0.5,1741.0,0.35,1908.0,0.45,2447.0,0,0.35
0504510000000000050221,Apartadó,632.0,0.7,72.0,1.0,71.0,1.0,976.0,0,0.55
0504510000000000020525,Apartadó,168.0,1.0,312.0,0.8,273.0,0.9,355.0,0,0.55
0504510000000000080603,Apartadó,493.0,0.85,360.0,0.8,577.0,0.7,910.0,0,0.55
0583710000000000010621,Turbo,362.0,0.85,127.0,1.0,360.0,0.7,4400.0,0,0.15
0504510000000000060404,Apartadó,303.0,0.85,184.0,1.0,325.0,0.7,561.0,0,0.55
0583710000000000030826,Turbo,1221.0,0.5,505.0,0.8,1410.0,0.45,4547.0,0,0.15
0583710000000000020502,Turbo,231.0,0.85,275.0,1.0,270.0,0.9,4048.0,0,0.15
0504510000000000040303,Apartadó,281.0,0.85,66.0,1.0,86.0,1.0,1085.0,0,0.35
0504510000000000070201,Apartadó,197.0,1.0,155.0,1.0,261.0,0.9,1029.0,0,0.35
0504510000000000090501,Apartadó,1028.0,0.5,317.0,0.8,531.0,0.7,361.0,1,0.9
0504510000000000080126,Apartadó,526.0,0.7,131.0,1.0,37.0,1.0,1448.0,0,0.35
0504510000000000050404,Apartadó,716.0,0.7,193.0,1.0,229.0,0.9,772.0,0,0.55
0583710000000000030602,Turbo,488.0,0.85,245.0,1.0,1071.0,0.45,4991.0,0,0.15
0504510000000000080632,Apartadó,504.0,0.7,294.0,1.0,770.0,0.7,948.0,0,0.55
0504510000000000060420,Apartadó,122.0,1.0,65.0,1.0,134.0,0.9,809.0,0,0.55
0504510000000000030104,Apartadó,276.0,0.85,165.0,1.0,248.0,0.9,836.0,0,0.55
0504510000000000020504,Apartadó,60.0,1.0,74.0,1.0,92.0,1.0,371.0,0,0.55
0504510000000000020209,Apartadó,146.0,1.0,123.0,1.0,103.0,0.9,742.0,0,0.55
0504510000000000090212,Apartadó,853.0,0.7,82.0,1.0,302.0,0.7,514.0,0,0.55
0504510000000000020417,Apartadó,43.0,1.0,92.0,1.0,150.0,0.9,226.0,0,0.55
0504510000000000010211,Apartadó,373.0,0.85,142.0,1.0,92.0,1.0,1379.0,0,0.35
0504510000000000050310,Apartadó,167.0,1.0,32.0,1.0,38.0,1.0,1058.0,0,0.35
0583710000000000040744,Turbo,104.0,1.0,184.0,1.0,427.0,0.7,4352.0,0,0.15
0504510000000000080324,Apartadó,334.0,0.85,61.0,1.0,743.0,0.7,1253.0,0,0.35
0583710000000000050513,Turbo,1376.0,0.5,468.0,0.8,712.0,0.7,3838.0,0,0.15
0504510000000000030527,Apartadó,103.0,1.0,137.0,1.0,73.0,1.0,1042.0,0,0.35
0583710000000000040166,Turbo,1044.0,0.5,168.0,1.0,1390.0,0.45,4640.0,0,0.15
0583710000000000020303,Turbo,76.0,1.0,184.0,1.0,386.0,0.7,3787.0,0,0.15
0504510000000000090302,Apartadó,818.0,0.7,104.0,1.0,396.0,0.7,575.0,0,0.55
0583710000000000020613,Turbo,296.0,0.85,199.0,1.0,30.0,1.0,3935.0,0,0.15
0504510000000000010612,Apartadó,924.0,0.7,233.0,1.0,843.0,0.7,1068.0,0,0.35
0583710000000000020809,Turbo,671.0,0.7,623.0,0.8,980.0,0.7,2998.0,0,0.35
0504510000000000090318,Apartadó,617.0,0.7,41.0,1.0,334.0,0.7,842.0,0,0.55
0504510000000000050205,Apartadó,558.0,0.7,88.0,1.0,40.0,1.0,1038.0,0,0.35
0504510000000000100334,Apartadó,1060.0,0.5,434.0,0.8,786.0,0.7,729.0,0,0.55
0504510000000000070409,Apartadó,200.0,1.0,295.0,1.0,191.0,0.9,1067.0,0,0.35
0504510000000000070132,Apartadó,186.0,1.0,217.0,1.0,216.0,0.9,996.0,0,0.55
0583710000000000030230,Turbo,410.0,0.85,255.0,1.0,1005.0,0.45,5083.0,0,0.15
0504510000000000090333,Apartadó,752.0,0.7,94.0,1.0,432.0,0.7,713.0,0,0.55
0504510000000000050415,Apartadó,713.0,0.7,211.0,1.0,177.0,0.9,827.0,0,0.55
0583710000000000030610,Turbo,541.0,0.7,274.0,1.0,1126.0,0.45,4988.0,0,0.15
0504510000000000040203,Apartadó,372.0,0.85,148.0,1.0,52.0,1.0,989.0,0,0.55
0583710000000000010626,Turbo,593.0,0.7,221.0,1.0,990.0,0.7,4646.0,0,0.15
0504510000000000030103,Apartadó,207.0,0.85,187.0,1.0,257.0,0.9,912.0,0,0.55
0504510000000000090101,Apartadó,842.0,0.7,75.0,1.0,304.0,0.7,612.0,0,0.55
0583720090303400010102,Turbo,1006.0,0.5,1123.0,0.6,1226.0,0.45,2753.0,0,0.35
0583710000000000050107,Turbo,1138.0,0.5,149.0,1.0,947.0,0.7,4069.0,0,0.15
0504520010201000010107,Apartadó,2106.0,0.25,1831.0,0.35,314.0,0.7,518.0,0,0.55
0504510000000000050325,Apartadó,259.0,0.85,127.0,1.0,136.0,0.9,1165.0,0,0.35
0583710000000000040405,Turbo,290.0,0.85,110.0,1.0,76.0,1.0,3966.0,0,0.15
0504510000000000100108,Apartadó,1351.0,0.5,653.0,0.8,925.0,0.7,387.0,0,0.55
0583710000000000030313,Turbo,67.0,1.0,55.0,1.0,603.0,0.7,4847.0,0,0.15
0504510000000000070214,Apartadó,108.0,1.0,194.0,1.0,197.0,0.9,1100.0,0,0.35
0583710000000000050137,Turbo,1325.0,0.5,286.0,1.0,1118.0,0.45,3916.0,0,0.15
0504510000000000060326,Apartadó,57.0,1.0,57.0,1.0,220.0,0.9,890.0,0,0.55
0504510000000000080518,Apartadó,94.0,1.0,326.0,0.8,842.0,0.7,1441.0,0,0.35
0583710000000000040122,Turbo,67.0,1.0,183.0,1.0,344.0,0.7,4448.0,0,0.15
0583710000000000020313,Turbo,178.0,1.0,143.0,1.0,468.0,0.7,3578.0,0,0.15
0504510000000000080112,Apartadó,511.0,0.7,145.0,1.0,168.0,0.9,1470.0,0,0.35
0583710000000000020128,Turbo,545.0,0.7,330.0,0.8,632.0,0.7,3507.0,0,0.15
0504510000000000020214,Apartadó,81.0,1.0,138.0,1.0,98.0,1.0,661.0,0,0.55
0504510000000000020212,Apartadó,41.0,1.0,279.0,1.0,45.0,1.0,670.0,0,0.55
0504510000000000060623,Apartadó,352.0,0.85,333.0,0.8,341.0,0.7,630.0,0,0.55
0583710000000000040801,Turbo,1412.0,0.5,277.0,1.0,1846.0,0.45,5858.0,0,0.15
0504510000000000050311,Apartadó,351.0,0.85,179.0,1.0,160.0,0.9,1218.0,0,0.35
0504510000000000040740,Apartadó,722.0,0.7,66.0,1.0,283.0,0.9,654.0,0,0.55
0504510000000000010210,Apartadó,463.0,0.85,188.0,1.0,90.0,1.0,1362.0,0,0.35
0504510000000000010624,Apartadó,577.0,0.7,190.0,1.0,667.0,0.7,1239.0,0,0.35
0504520010201000010108,Apartadó,2134.0,0.25,1929.0,0.35,446.0,0.7,430.0,0,0.55
0583710000000000010508,Turbo,103.0,1.0,195.0,1.0,579.0,0.7,4685.0,0,0.15
0504510000000000020556,Apartadó,533.0,0.7,592.0,0.8,315.0,0.7,334.0,1,0.9
0504510000000000020422,Apartadó,71.0,1.0,168.0,1.0,8.0,1.0,356.0,0,0.55
0504510000000000100601,Apartadó,1161.0,0.5,529.0,0.8,880.0,0.7,709.0,0,0.55
0504510000000000020105,Apartadó,115.0,1.0,55.0,1.0,369.0,0.7,987.0,0,0.55
0504510000000000010419,Apartadó,361.0,0.85,172.0,1.0,732.0,0.7,1215.0,0,0.35
0504510000000000020626,Apartadó,260.0,0.85,251.0,1.0,567.0,0.7,770.0,0,0.55
0504510000000000070227,Apartadó,163.0,1.0,212.0,1.0,212.0,0.9,1019.0,0,0.35
0504510000000000060102,Apartadó,421.0,0.85,255.0,1.0,282.0,0.9,1173.0,0,0.35
0504510000000000080621,Apartadó,307.0,0.85,291.0,1.0,587.0,0.7,1123.0,0,0.35
0504510000000000010605,Apartadó,851.0,0.7,167.0,1.0,723.0,0.7,1129.0,0,0.35
0583710000000000040109,Turbo,94.0,1.0,102.0,1.0,527.0,0.7,4696.0,0,0.15
0504510000000000070407,Apartadó,205.0,0.85,257.0,1.0,83.0,1.0,1138.0,0,0.35
0504510000000000030414,Apartadó,160.0,1.0,426.0,0.8,300.0,0.7,958.0,0,0.55
0583710000000000010443,Turbo,896.0,0.7,672.0,0.8,928.0,0.7,3343.0,0,0.15
0504510000000000090211,Apartadó,843.0,0.7,114.0,1.0,299.0,0.9,518.0,0,0.55
0583710000000000040414,Turbo,320.0,0.85,180.0,1.0,268.0,0.9,3722.0,0,0.15
0583710000000000030226,Turbo,784.0,0.7,272.0,1.0,1311.0,0.45,5229.0,0,0.15
0504510000000000010302,Apartadó,592.0,0.7,191.0,1.0,561.0,0.7,1493.0,0,0.35
0504510000000000050318,Apartadó,304.0,0.85,194.0,1.0,147.0,0.9,1126.0,0,0.35
0504510000000000040132,Apartadó,583.0,0.7,116.0,1.0,95.0,1.0,930.0,0,0.55
0504510000000000010201,Apartadó,545.0,0.7,417.0,0.8,321.0,0.7,993.0,0,0.55
0504510000000000010424,Apartadó,256.0,0.85,7.0,1.0,564.0,0.7,1158.0,0,0.35
0583710000000000040509,Turbo,645.0,0.7,159.0,1.0,856.0,0.7,4228.0,0,0.15
0504510000000000030529,Apartadó,132.0,1.0,43.0,1.0,159.0,0.9,1084.0,0,0.35
0504510000000000080101,Apartadó,394.0,0.85,314.0,0.8,675.0,0.7,1693.0,0,0.35
0583710000000000040119,Turbo,241.0,0.85,133.0,1.0,318.0,0.7,4182.0,0,0.15
0504510000000000030204,Apartadó,558.0,0.7,155.0,1.0,185.0,0.9,545.0,0,0.55
0504510000000000070225,Apartadó,162.0,1.0,162.0,1.0,162.0,0.9,911.0,0,0.55
0504510000000000060520,Apartadó,26.0,1.0,26.0,1.0,27.0,1.0,856.0,0,0.55
0583710000000000040413,Turbo,246.0,0.85,239.0,1.0,247.0,0.9,3702.0,0,0.15
0583710000000000040306,Turbo,79.0,1.0,79.0,1.0,328.0,0.7,4555.0,0,0.15
0583710000000000040312,Turbo,130.0,1.0,108.0,1.0,74.0,1.0,4264.0,0,0.15
0504510000000000040408,Apartadó,116.0,1.0,46.0,1.0,80.0,1.0,962.0,0,0.55
0583710000000000030525,Turbo,254.0,0.85,148.0,1.0,836.0,0.7,4943.0,0,0.15
0504510000000000040703,Apartadó,512.0,0.7,157.0,1.0,51.0,1.0,853.0,0,0.55
0504510000000000010407,Apartadó,182.0,1.0,112.0,1.0,363.0,0.7,1047.0,0,0.35
0504510000000000080302,Apartadó,484.0,0.85,243.0,1.0,736.0,0.7,1094.0,0,0.35
0583710000000000040156,Turbo,323.0,0.85,192.0,1.0,436.0,0.7,4146.0,0,0.15
0504510000000000090416,Apartadó,358.0,0.85,307.0,0.8,313.0,0.7,904.0,0,0.55
0583710000000000040410,Turbo,70.0,1.0,70.0,1.0,73.0,1.0,4301.0,0,0.15
0504510000000000060215,Apartadó,80.0,1.0,121.0,1.0,134.0,0.9,1026.0,0,0.35
0583720090104100010202,Turbo,1784.0,0.5,1767.0,0.35,1937.0,0.45,2453.0,0,0.35
0583710000000000050525,Turbo,1402.0,0.5,570.0,0.8,580.0,0.7,3771.0,0,0.15
0504510000000000030113,Apartadó,542.0,0.7,99.0,1.0,55.0,1.0,607.0,0,0.55
0504510000000000020607,Apartadó,58.0,1.0,93.0,1.0,286.0,0.9,649.0,0,0.55
0504510000000000020612,Apartadó,238.0,0.85,125.0,1.0,490.0,0.7,782.0,0,0.55
0504510000000000080313,Apartadó,411.0,0.85,136.0,1.0,696.0,0.7,1212.0,0,0.35
0583710000000000030735,Turbo,1146.0,0.5,475.0,0.8,1329.0,0.45,4523.0,0,0.15
0583710000000000010507,Turbo,146.0,1.0,143.0,1.0,602.0,0.7,4711.0,0,0.15
0583710000000000030401,Turbo,119.0,1.0,80.0,1.0,614.0,0.7,4867.0,0,0.15
0504510000000000030517,Apartadó,232.0,0.85,121.0,1.0,160.0,0.9,1044.0,0,0.35
0504510000000000010606,Apartadó,873.0,0.7,212.0,1.0,666.0,0.7,1069.0,0,0.35
0583710000000000050132,Turbo,1195.0,0.5,337.0,0.8,746.0,0.7,4007.0,0,0.15
0504510000000000070716,Apartadó,514.0,0.7,303.0,0.8,216.0,0.9,830.0,1,0.9
0504510000000000030412,Apartadó,99.0,1.0,344.0,0.8,223.0,0.9,1083.0,0,0.35
0583710000000000010132,Turbo,693.0,0.7,346.0,0.8,694.0,0.7,3722.0,0,0.15
0504510000000000040625,Apartadó,176.0,1.0,213.0,1.0,306.0,0.7,756.0,0,0.55
0504510000000000090406,Apartadó,464.0,0.85,219.0,1.0,296.0,0.9,989.0,0,0.55
0504510000000000010311,Apartadó,382.0,0.85,109.0,1.0,180.0,0.9,1328.0,0,0.35
0583710000000000030628,Turbo,912.0,0.7,436.0,0.8,1173.0,0.45,4533.0,0,0.15
0504510000000000060618,Apartadó,244.0,0.85,244.0,1.0,203.0,0.9,805.0,0,0.55
0504510000000000070303,Apartadó,161.0,1.0,161.0,1.0,290.0,0.9,1000.0,0,0.55
0504510000000000080309,Apartadó,459.0,0.85,173.0,1.0,623.0,0.7,1254.0,0,0.35
0504510000000000080205,Apartadó,245.0,0.85,136.0,1.0,733.0,0.7,1435.0,0,0.35
0514720010601400010112,Carepa,4936.0,0.25,4936.0,0.15,214.0,0.9,724.0,0,0.55
0583710000000000030614,Turbo,761.0,0.7,376.0,0.8,1218.0,0.45,4644.0,0,0.15
0583710000000000040204,Turbo,108.0,1.0,169.0,1.0,432.0,0.7,4681.0,0,0.15
0583710000000000030617,Turbo,684.0,0.7,185.0,1.0,1241.0,0.45,4868.0,0,0.15
0504510000000000070402,Apartadó,92.0,1.0,234.0,1.0,134.0,0.9,1239.0,0,0.35
0504510000000000070517,Apartadó,386.0,0.85,130.0,1.0,116.0,0.9,1066.0,0,0.35
0583720090104100010214,Turbo,1521.0,0.5,1594.0,0.35,1721.0,0.45,2385.0,0,0.35
0504510000000000090306,Apartadó,777.0,0.7,127.0,1.0,441.0,0.7,670.0,0,0.55
0583710000000000030501,Turbo,344.0,0.85,224.0,1.0,923.0,0.7,5055.0,0,0.15
0583710000000000010225,Turbo,469.0,0.85,274.0,1.0,469.0,0.7,4081.0,0,0.15
0504510000000000010306,Apartadó,516.0,0.7,82.0,1.0,363.0,0.7,1400.0,0,0.35
0504510000000000090218,Apartadó,837.0,0.7,111.0,1.0,304.0,0.7,524.0,0,0.55
0504510000000000080610,Apartadó,501.0,0.7,307.0,0.8,721.0,0.7,928.0,0,0.55
0583710000000000040620,Turbo,1063.0,0.5,50.0,1.0,1365.0,0.45,4530.0,0,0.15
0583710000000000050219,Turbo,1569.0,0.5,620.0,0.8,760.0,0.7,3672.0,0,0.15
0583710000000000030327,Turbo,685.0,0.7,274.0,1.0,1215.0,0.45,5288.0,0,0.15
0583710000000000020121,Turbo,501.0,0.7,281.0,1.0,611.0,0.7,3515.0,0,0.15
0504510000000000020224,Apartadó,516.0,0.7,125.0,1.0,219.0,0.9,790.0,0,0.55
0504510000000000010501,Apartadó,335.0,0.85,174.0,1.0,265.0,0.9,1214.0,0,0.35
0583710000000000020125,Turbo,527.0,0.7,279.0,1.0,724.0,0.7,3387.0,0,0.15
0504510000000000080422,Apartadó,246.0,0.85,395.0,0.8,845.0,0.7,1635.0,0,0.35
0504510000000000080124,Apartadó,561.0,0.7,168.0,1.0,108.0,0.9,1477.0,0,0.35
0504510000000000030620,Apartadó,346.0,0.85,166.0,1.0,224.0,0.9,862.0,0,0.55
0583710000000000030225,Turbo,632.0,0.7,211.0,1.0,1202.0,0.45,5090.0,0,0.15
0504510000000000070705,Apartadó,535.0,0.7,346.0,0.8,269.0,0.9,781.0,1,0.9
0504510000000000060622,Apartadó,453.0,0.85,424.0,0.8,391.0,0.7,576.0,0,0.55
0504510000000000050324,Apartadó,370.0,0.85,107.0,1.0,71.0,1.0,1074.0,0,0.35
0504510000000000100123,Apartadó,1210.0,0.5,559.0,0.8,898.0,0.7,605.0,0,0.55
0514720011200300010102,Carepa,10963.0,0.05,65.0,1.0,11102.0,0.05,11236.0,0,0.15
0514720011200300010103,Carepa,11009.0,0.05,51.0,1.0,11148.0,0.05,11281.0,0,0.15
0514720010400400010102,Carepa,5597.0,0.05,2105.0,0.35,1618.0,0.45,805.0,0,0.55
0514720010400400010112,Carepa,5544.0,0.05,2214.0,0.35,1506.0,0.45,833.0,0,0.55
0514720010400500010131,Carepa,5494.0,0.05,2868.0,0.35,1217.0,0.45,865.0,0,0.55
0514720010400500010126,Carepa,5433.0,0.05,2806.0,0.35,1165.0,0.45,928.0,0,0.55
0514720011500900010104,Carepa,14168.0,0.05,1273.0,0.6,14270.0,0.05,13234.0,0,0.15
0514720010501100010102,Carepa,3785.0,0.25,447.0,0.8,2280.0,0.45,1075.0,0,0.35
0514720010801200010107,Carepa,4416.0,0.25,1171.0,0.6,178.0,0.9,744.0,0,0.55
0514720010801200010108,Carepa,4406.0,0.25,1195.0,0.6,190.0,0.9,706.0,0,0.55
0514720010801200010109,Carepa,4470.0,0.25,1224.0,0.6,236.0,0.9,768.0,0,0.55
0514720010601400010116,Carepa,5097.0,0.05,5097.0,0.15,368.0,0.7,800.0,0,0.55
0565920010400800010112,San Juan de Urabá,1977.0,0.5,1977.0,0.35,71749.0,0.05,73147.0,0,0.15
0565920010400800010103,San Juan de Urabá,2085.0,0.25,2085.0,0.35,71894.0,0.05,73329.0,0,0.15
0504520020301700010102,Apartadó,4924.0,0.25,808.0,0.6,113.0,0.9,1488.0,0,0.35
0514720010401500010103,Carepa,5526.0,0.05,429.0,0.8,2750.0,0.45,1364.0,0,0.35
0566520040701400010104,San Pedro de Urabá,19863.0,0.05,735.0,0.6,44481.0,0.05,52152.0,0,0.15
0583720050403300010101,Turbo,9349.0,0.05,3717.0,0.15,21293.0,0.05,31170.0,0,0.15
0504510000000000100312,Apartadó,769.0,0.7,140.0,1.0,491.0,0.7,776.0,0,0.55
0583720090104100010101,Turbo,1992.0,0.5,2052.0,0.35,2229.0,0.45,1812.0,0,0.35
0504510000000000050313,Apartadó,334.0,0.85,232.0,1.0,173.0,0.9,1196.0,0,0.35
0583710000000000020817,Turbo,992.0,0.7,741.0,0.6,1038.0,0.45,3248.0,0,0.15
0583710000000000030824,Turbo,1316.0,0.5,559.0,0.8,1515.0,0.45,4584.0,0,0.15
0504510000000000100207,Apartadó,1459.0,0.5,799.0,0.6,1103.0,0.45,603.0,0,0.55
0504510000000000020301,Apartadó,104.0,1.0,220.0,1.0,33.0,1.0,581.0,0,0.55
0504510000000000100104,Apartadó,1191.0,0.5,499.0,0.8,789.0,0.7,423.0,0,0.55
0504510000000000050312,Apartadó,356.0,0.85,198.0,1.0,166.0,0.9,1233.0,0,0.35
0583710000000000020604,Turbo,164.0,1.0,325.0,0.8,228.0,0.9,3939.0,0,0.15
0504510000000000070622,Apartadó,208.0,0.85,232.0,1.0,163.0,0.9,1270.0,0,0.35
0583710000000000040734,Turbo,720.0,0.7,299.0,1.0,1102.0,0.45,4685.0,0,0.15
0504510000000000060515,Apartadó,97.0,1.0,97.0,1.0,97.0,1.0,814.0,0,0.55
0504510000000000060621,Apartadó,248.0,0.85,248.0,1.0,157.0,0.9,868.0,0,0.55
0504510000000000100406,Apartadó,1511.0,0.5,886.0,0.6,1236.0,0.45,858.0,0,0.55
0504510000000000040304,Apartadó,233.0,0.85,66.0,1.0,113.0,0.9,1131.0,0,0.35
0504510000000000030312,Apartadó,102.0,1.0,188.0,1.0,77.0,1.0,1120.0,0,0.35
0583710000000000040158,Turbo,291.0,0.85,80.0,1.0,297.0,0.9,4131.0,0,0.15
0504510000000000060424,Apartadó,191.0,1.0,97.0,1.0,192.0,0.9,686.0,0,0.55
0583710000000000010439,Turbo,692.0,0.7,490.0,0.8,719.0,0.7,3490.0,0,0.15
0583710000000000030714,Turbo,955.0,0.7,204.0,1.0,1484.0,0.45,4779.0,0,0.15
0504510000000000020307,Apartadó,324.0,0.85,117.0,1.0,157.0,0.9,660.0,0,0.55
0583710000000000050516,Turbo,1420.0,0.5,554.0,0.8,627.0,0.7,3768.0,0,0.15
0504510000000000010123,Apartadó,498.0,0.85,384.0,0.8,756.0,0.7,1566.0,0,0.35
0504510000000000080412,Apartadó,144.0,1.0,167.0,1.0,834.0,0.7,1407.0,0,0.35
0504510000000000090331,Apartadó,711.0,0.7,82.0,1.0,431.0,0.7,797.0,0,0.55
0504510000000000080608,Apartadó,558.0,0.7,358.0,0.8,715.0,0.7,879.0,0,0.55
0583710000000000040153,Turbo,363.0,0.85,87.0,1.0,635.0,0.7,4272.0,0,0.15
0583710000000000030435,Turbo,441.0,0.85,138.0,1.0,855.0,0.7,5087.0,0,0.15
0504510000000000100404,Apartadó,1587.0,0.5,953.0,0.6,1300.0,0.45,845.0,0,0.55
0583710000000000040502,Turbo,527.0,0.7,309.0,0.8,554.0,0.7,4027.0,0,0.15
0504510000000000100504,Apartadó,1456.0,0.5,887.0,0.6,1237.0,0.45,1047.0,0,0.35
0583710000000000010722,Turbo,635.0,0.7,257.0,1.0,637.0,0.7,3886.0,0,0.15
0504510000000000020320,Apartadó,140.0,1.0,181.0,1.0,7.0,1.0,571.0,0,0.55
0504510000000000020561,Apartadó,90.0,1.0,197.0,1.0,91.0,1.0,595.0,0,0.55
0504510000000000080318,Apartadó,374.0,0.85,99.0,1.0,718.0,0.7,1232.0,0,0.35
0583710000000000030719,Turbo,1044.0,0.5,476.0,0.8,1207.0,0.45,4483.0,0,0.15
0504510000000000060418,Apartadó,44.0,1.0,44.0,1.0,212.0,0.9,810.0,0,0.55
0583710000000000020113,Turbo,505.0,0.7,336.0,0.8,530.0,0.7,3625.0,0,0.15
0583710000000000030406,Turbo,244.0,0.85,145.0,1.0,618.0,0.7,4852.0,0,0.15
0583710000000000040169,Turbo,290.0,0.85,66.0,1.0,556.0,0.7,4257.0,0,0.15
0504510000000000040402,Apartadó,59.0,1.0,49.0,1.0,70.0,1.0,1021.0,0,0.35
0583710000000000030704,Turbo,966.0,0.7,308.0,0.8,1356.0,0.45,4654.0,0,0.15
0504510000000000080421,Apartadó,134.0,1.0,326.0,0.8,918.0,0.7,1530.0,0,0.35
0504510000000000060208,Apartadó,107.0,1.0,154.0,1.0,283.0,0.9,895.0,0,0.55
0504510000000000020520,Apartadó,101.0,1.0,137.0,1.0,292.0,0.9,826.0,0,0.55
0504510000000000010221,Apartadó,184.0,1.0,132.0,1.0,86.0,1.0,1133.0,0,0.35
0504510000000000040319,Apartadó,74.0,1.0,13.0,1.0,78.0,1.0,1056.0,0,0.35
0583710000000000010506,Turbo,179.0,1.0,109.0,1.0,617.0,0.7,4727.0,0,0.15
0583710000000000030303,Turbo,247.0,0.85,93.0,1.0,733.0,0.7,4914.0,0,0.15
0504510000000000070425,Apartadó,65.0,1.0,298.0,1.0,168.0,0.9,1118.0,0,0.35
0583710000000000020127,Turbo,587.0,0.7,338.0,0.8,745.0,0.7,3373.0,0,0.15
0504510000000000070317,Apartadó,402.0,0.85,168.0,1.0,271.0,0.9,1092.0,0,0.35
0583710000000000010715,Turbo,988.0,0.7,163.0,1.0,989.0,0.7,3805.0,0,0.15
0583710000000000030207,Turbo,463.0,0.85,284.0,1.0,1040.0,0.45,5116.0,0,0.15
0504510000000000050403,Apartadó,719.0,0.7,147.0,1.0,211.0,0.9,734.0,0,0.55
0583710000000000050126,Turbo,1094.0,0.5,169.0,1.0,904.0,0.7,4116.0,0,0.15
0504510000000000060503,Apartadó,342.0,0.85,262.0,1.0,343.0,0.7,553.0,0,0.55
0504510000000000040630,Apartadó,251.0,0.85,360.0,0.8,318.0,0.7,784.0,0,0.55
0583710000000000030101,Turbo,227.0,0.85,175.0,1.0,234.0,0.9,4216.0,0,0.15
0504510000000000050508,Apartadó,667.0,0.7,119.0,1.0,154.0,0.9,933.0,1,0.9
0583720090104100010120,Turbo,1890.0,0.5,1960.0,0.35,2122.0,0.45,1929.0,0,0.35
0504510000000000020223,Apartadó,492.0,0.85,197.0,1.0,268.0,0.9,858.0,0,0.55
0583710000000000020412,Turbo,103.0,1.0,206.0,1.0,374.0,0.7,3649.0,0,0.15
0504510000000000100107,Apartadó,1291.0,0.5,604.0,0.8,894.0,0.7,442.0,0,0.55
0583710000000000020120,Turbo,420.0,0.85,201.0,1.0,558.0,0.7,3555.0,0,0.15
0504510000000000080501,Apartadó,496.0,0.85,264.0,1.0,818.0,0.7,1016.0,0,0.35
0583710000000000010308,Turbo,83.0,1.0,163.0,1.0,541.0,0.7,4630.0,0,0.15
0504510000000000080305,Apartadó,548.0,0.7,268.0,1.0,496.0,0.7,1356.0,0,0.35
0504510000000000080317,Apartadó,403.0,0.85,120.0,1.0,642.0,0.7,1320.0,0,0.35
0504510000000000090113,Apartadó,772.0,0.7,78.0,1.0,218.0,0.9,600.0,0,0.55
0504510000000000020114,Apartadó,120.0,1.0,95.0,1.0,256.0,0.9,847.0,0,0.55
0583710000000000020702,Turbo,23.0,1.0,314.0,0.8,330.0,0.7,3626.0,0,0.15
0504510000000000050224,Apartadó,599.0,0.7,70.0,1.0,41.0,1.0,1003.0,0,0.35
0504510000000000040631,Apartadó,226.0,0.85,321.0,0.8,383.0,0.7,650.0,0,0.55
0583710000000000040411,Turbo,321.0,0.85,151.0,1.0,219.0,0.9,3773.0,0,0.15
0504510000000000090304,Apartadó,835.0,0.7,133.0,1.0,452.0,0.7,585.0,0,0.55
0504510000000000040713,Apartadó,487.0,0.85,141.0,1.0,114.0,0.9,874.0,0,0.55
0583720090104100010117,Turbo,2127.0,0.25,2172.0,0.35,2372.0,0.45,1649.0,0,0.35
0583710000000000040404,Turbo,234.0,0.85,80.0,1.0,102.0,0.9,4019.0,0,0.15
0583720090104100010213,Turbo,1537.0,0.5,1600.0,0.35,1732.0,0.45,2395.0,0,0.35
0504510000000000100313,Apartadó,756.0,0.7,113.0,1.0,465.0,0.7,760.0,0,0.55
0504510000000000100321,Apartadó,1005.0,0.5,408.0,0.8,758.0,0.7,807.0,0,0.55
0583710000000000020110,Turbo,242.0,0.85,124.0,1.0,410.0,0.7,3703.0,0,0.15
0583710000000000050116,Turbo,1284.0,0.5,246.0,1.0,1111.0,0.45,3916.0,0,0.15
0504510000000000090223,Apartadó,797.0,0.7,105.0,1.0,331.0,0.7,580.0,0,0.55
0504510000000000080510,Apartadó,261.0,0.85,23.0,1.0,850.0,0.7,1220.0,0,0.35
0504510000000000070307,Apartadó,229.0,0.85,194.0,1.0,354.0,0.7,1064.0,0,0.35
0504510000000000080519,Apartadó,46.0,1.0,268.0,1.0,834.0,0.7,1398.0,0,0.35
0504510000000000100611,Apartadó,1373.0,0.5,775.0,0.6,1127.0,0.45,903.0,0,0.55
0583710000000000030416,Turbo,330.0,0.85,144.0,1.0,862.0,0.7,5109.0,0,0.15
0504510000000000070301,Apartadó,248.0,0.85,248.0,1.0,281.0,0.9,1064.0,0,0.35
0583710000000000030112,Turbo,177.0,1.0,135.0,1.0,478.0,0.7,4670.0,0,0.15
0583710000000000010409,Turbo,657.0,0.7,446.0,0.8,668.0,0.7,3541.0,0,0.15
0504510000000000100331,Apartadó,919.0,0.7,322.0,0.8,671.0,0.7,806.0,0,0.55
0583710000000000020815,Turbo,1038.0,0.5,800.0,0.6,1106.0,0.45,3164.0,0,0.15
0583710000000000040535,Turbo,429.0,0.85,127.0,1.0,338.0,0.7,4010.0,0,0.15
0583710000000000030605,Turbo,639.0,0.7,286.0,1.0,1074.0,0.45,4651.0,0,0.15
0504510000000000050302,Apartadó,359.0,0.85,117.0,1.0,96.0,1.0,1139.0,0,0.35
0583710000000000040551,Turbo,440.0,0.85,27.0,1.0,254.0,0.9,3862.0,0,0.15
0583710000000000010304,Turbo,310.0,0.85,117.0,1.0,360.0,0.7,4470.0,0,0.15
0504510000000000040213,Apartadó,354.0,0.85,119.0,1.0,72.0,1.0,1012.0,0,0.35
0504510000000000090417,Apartadó,301.0,0.85,242.0,1.0,256.0,0.9,947.0,0,0.55
0514720011200300010106,Carepa,11004.0,0.05,43.0,1.0,11144.0,0.05,11290.0,0,0.15
0514720011200300010112,Carepa,11137.0,0.05,99.0,1.0,11278.0,0.05,11433.0,0,0.15
0514720010400500010122,Carepa,5576.0,0.05,2815.0,0.35,1313.0,0.45,790.0,0,0.55
0514720010800600010102,Carepa,4422.0,0.25,778.0,0.6,46.0,1.0,1376.0,0,0.35
0514720010400800010106,Carepa,5863.0,0.05,1800.0,0.35,2075.0,0.45,955.0,0,0.55
0514720011500900010106,Carepa,14182.0,0.05,1300.0,0.6,14286.0,0.05,13247.0,0,0.15
0514720010601400010106,Carepa,4854.0,0.25,4854.0,0.15,217.0,0.9,747.0,0,0.55
0565920020600700010103,San Juan de Urabá,7979.0,0.05,7979.0,0.05,66710.0,0.05,69012.0,0,0.15
0504520020301700010105,Apartadó,4603.0,0.25,980.0,0.6,235.0,0.9,1389.0,0,0.35
0583710000000000010719,Turbo,742.0,0.7,234.0,1.0,743.0,0.7,3793.0,0,0.15
0504510000000000020216,Apartadó,234.0,0.85,72.0,1.0,93.0,1.0,701.0,0,0.55
0583710000000000040418,Turbo,377.0,0.85,128.0,1.0,142.0,0.9,3897.0,0,0.15
0583710000000000030445,Turbo,503.0,0.7,283.0,1.0,926.0,0.7,5115.0,0,0.15
0504510000000000020604,Apartadó,132.0,1.0,31.0,1.0,346.0,0.7,730.0,0,0.55
0504510000000000100213,Apartadó,1336.0,0.5,687.0,0.8,1020.0,0.45,638.0,0,0.55
0583710000000000010444,Turbo,877.0,0.7,656.0,0.8,914.0,0.7,3346.0,0,0.15
0504510000000000030110,Apartadó,355.0,0.85,99.0,1.0,259.0,0.9,553.0,0,0.55
0504510000000000100134,Apartadó,1324.0,0.5,639.0,0.8,929.0,0.7,455.0,0,0.55
0504510000000000080202,Apartadó,371.0,0.85,164.0,1.0,614.0,0.7,1448.0,0,0.35
0504510000000000040130,Apartadó,616.0,0.7,133.0,1.0,108.0,0.9,901.0,0,0.55
0504510000000000080201,Apartadó,379.0,0.85,144.0,1.0,620.0,0.7,1413.0,0,0.35
0504510000000000010711,Apartadó,1406.0,0.5,810.0,0.6,613.0,0.7,525.0,0,0.55
0504520030201800010103,Apartadó,1492.0,0.5,39.0,1.0,1610.0,0.45,548.0,0,0.55
0504510000000000070621,Apartadó,57.0,1.0,223.0,1.0,98.0,1.0,1302.0,0,0.35
0504510000000000040412,Apartadó,267.0,0.85,164.0,1.0,145.0,0.9,1028.0,0,0.35
0583710000000000050217,Turbo,1634.0,0.5,697.0,0.8,735.0,0.7,3595.0,0,0.15
0504510000000000010129,Apartadó,423.0,0.85,463.0,0.8,841.0,0.7,1652.0,0,0.35
0504510000000000060219,Apartadó,22.0,1.0,159.0,1.0,184.0,0.9,972.0,0,0.55
0583710000000000030608,Turbo,647.0,0.7,304.0,0.8,1154.0,0.45,4758.0,0,0.15
0504510000000000090215,Apartadó,730.0,0.7,6.0,1.0,195.0,0.9,631.0,0,0.55
0504510000000000100308,Apartadó,830.0,0.7,252.0,1.0,593.0,0.7,842.0,0,0.55
0583710000000000040714,Turbo,221.0,0.85,153.0,1.0,459.0,0.7,4240.0,0,0.15
0504510000000000040632,Apartadó,218.0,0.85,254.0,1.0,348.0,0.7,723.0,0,0.55
0504510000000000050107,Apartadó,459.0,0.85,135.0,1.0,138.0,0.9,1139.0,0,0.35
0504510000000000030306,Apartadó,62.0,1.0,271.0,1.0,163.0,0.9,1190.0,0,0.35
0504510000000000090310,Apartadó,726.0,0.7,47.0,1.0,369.0,0.7,679.0,0,0.55
0504510000000000010404,Apartadó,431.0,0.85,178.0,1.0,617.0,0.7,1335.0,0,0.35
0583710000000000030306,Turbo,352.0,0.85,57.0,1.0,866.0,0.7,5067.0,0,0.15
0504510000000000020543,Apartadó,28.0,1.0,195.0,1.0,206.0,0.9,736.0,0,0.55
0504510000000000040138,Apartadó,475.0,0.85,21.0,1.0,134.0,0.9,1026.0,0,0.35
0583710000000000040150,Turbo,1049.0,0.5,149.0,1.0,1464.0,0.45,5080.0,0,0.15
0504510000000000090412,Apartadó,358.0,0.85,219.0,1.0,227.0,0.9,990.0,0,0.55
0583710000000000050226,Turbo,1513.0,0.5,563.0,0.8,763.0,0.7,3729.0,0,0.15
0504510000000000040601,Apartadó,105.0,1.0,32.0,1.0,84.0,1.0,991.0,0,0.55
0504510000000000020624,Apartadó,268.0,0.85,219.0,1.0,563.0,0.7,796.0,0,0.55
0583710000000000040215,Turbo,169.0,1.0,81.0,1.0,226.0,0.9,4146.0,0,0.15
0514720010601400010114,Carepa,4887.0,0.25,4887.0,0.15,172.0,0.9,696.0,0,0.55
0583710000000000040218,Turbo,262.0,0.85,30.0,1.0,170.0,0.9,4042.0,0,0.15
0583710000000000030325,Turbo,533.0,0.7,126.0,1.0,1063.0,0.45,5275.0,0,0.15
0504510000000000010139,Apartadó,240.0,0.85,467.0,0.8,991.0,0.7,1635.0,0,0.35
0504510000000000010709,Apartadó,1260.0,0.5,670.0,0.8,528.0,0.7,622.0,0,0.55
0504510000000000050401,Apartadó,771.0,0.7,222.0,1.0,206.0,0.9,821.0,0,0.55
0583710000000000010617,Turbo,505.0,0.7,288.0,1.0,504.0,0.7,4386.0,0,0.15
0504510000000000020524,Apartadó,62.0,1.0,82.0,1.0,203.0,0.9,521.0,0,0.55
0583710000000000010215,Turbo,286.0,0.85,33.0,1.0,285.0,0.9,4307.0,0,0.15
0504510000000000080612,Apartadó,471.0,0.85,316.0,0.8,634.0,0.7,934.0,0,0.55
0583710000000000040125,Turbo,1395.0,0.5,257.0,1.0,1820.0,0.45,5554.0,0,0.15
0583710000000000050121,Turbo,1281.0,0.5,254.0,1.0,982.0,0.7,4045.0,0,0.15
0504510000000000080616,Apartadó,453.0,0.85,290.0,1.0,658.0,0.7,955.0,0,0.55
0504510000000000050509,Apartadó,598.0,0.7,117.0,1.0,126.0,0.9,994.0,1,0.9
0583710000000000020612,Turbo,249.0,0.85,198.0,1.0,80.0,1.0,3983.0,0,0.15
0504510000000000040517,Apartadó,364.0,0.85,322.0,0.8,395.0,0.7,646.0,0,0.55
0504510000000000040507,Apartadó,150.0,1.0,150.0,1.0,235.0,0.9,852.0,0,0.55
0504510000000000020609,Apartadó,138.0,1.0,40.0,1.0,366.0,0.7,695.0,0,0.55
0504510000000000030211,Apartadó,178.0,1.0,146.0,1.0,371.0,0.7,374.0,0,0.55
0504510000000000090205,Apartadó,968.0,0.7,239.0,1.0,439.0,0.7,397.0,0,0.55
0504510000000000090122,Apartadó,674.0,0.7,71.0,1.0,125.0,0.9,691.0,0,0.55
0504510000000000040510,Apartadó,260.0,0.85,218.0,1.0,288.0,0.9,754.0,0,0.55
0504510000000000010509,Apartadó,101.0,1.0,210.0,1.0,68.0,1.0,1080.0,0,0.35
0504510000000000060630,Apartadó,449.0,0.85,396.0,0.8,443.0,0.7,522.0,1,0.9
0583710000000000010120,Turbo,637.0,0.7,386.0,0.8,639.0,0.7,3677.0,0,0.15
0504510000000000090221,Apartadó,744.0,0.7,97.0,1.0,251.0,0.9,626.0,0,0.55
0583710000000000030621,Turbo,838.0,0.7,329.0,0.8,1267.0,0.45,4646.0,0,0.15
0504510000000000070219,Apartadó,105.0,1.0,147.0,1.0,114.0,0.9,1214.0,0,0.35
0583710000000000030726,Turbo,1088.0,0.5,473.0,0.8,1256.0,0.45,4496.0,0,0.15
0504510000000000010136,Apartadó,636.0,0.7,205.0,1.0,974.0,0.7,1309.0,0,0.35
0504510000000000070417,Apartadó,354.0,0.85,267.0,1.0,198.0,0.9,1178.0,0,0.35
0504510000000000070204,Apartadó,99.0,1.0,99.0,1.0,99.0,1.0,949.0,0,0.55
0504510000000000050306,Apartadó,289.0,0.85,162.0,1.0,111.0,0.9,1203.0,0,0.35
0504510000000000030507,Apartadó,231.0,0.85,87.0,1.0,128.0,0.9,1016.0,0,0.35
0504510000000000080620,Apartadó,311.0,0.85,274.0,1.0,599.0,0.7,1107.0,0,0.35
0583710000000000030812,Turbo,1222.0,0.5,464.0,0.8,1500.0,0.45,4635.0,0,0.15
0583710000000000010315,Turbo,435.0,0.85,90.0,1.0,540.0,0.7,4598.0,0,0.15
0504510000000000020310,Apartadó,498.0,0.85,136.0,1.0,217.0,0.9,733.0,0,0.55
0504510000000000080701,Apartadó,393.0,0.85,459.0,0.8,480.0,0.7,1178.0,0,0.35
0583710000000000030627,Turbo,876.0,0.7,449.0,0.8,1149.0,0.45,4534.0,0,0.15
0504510000000000030220,Apartadó,58.0,1.0,62.0,1.0,250.0,0.9,283.0,0,0.55
0583710000000000020708,Turbo,151.0,1.0,366.0,0.8,316.0,0.7,3612.0,0,0.15
0583710000000000020810,Turbo,830.0,0.7,704.0,0.6,1146.0,0.45,2920.0,0,0.35
0583710000000000040523,Turbo,335.0,0.85,39.0,1.0,214.0,0.9,4014.0,0,0.15
0583720090104100010211,Turbo,1576.0,0.5,1622.0,0.35,1762.0,0.45,2408.0,0,0.35
0504510000000000060212,Apartadó,66.0,1.0,226.0,1.0,266.0,0.9,890.0,0,0.55
0504510000000000040623,Apartadó,98.0,1.0,221.0,1.0,253.0,0.9,787.0,0,0.55
0504510000000000090220,Apartadó,790.0,0.7,101.0,1.0,281.0,0.9,577.0,0,0.55
0504510000000000030703,Apartadó,457.0,0.85,304.0,0.8,63.0,1.0,818.0,0,0.55
0504510000000000070117,Apartadó,63.0,1.0,243.0,1.0,170.0,0.9,1119.0,0,0.35
0504510000000000070435,Apartadó,165.0,1.0,399.0,0.8,72.0,1.0,1093.0,0,0.35
0504510000000000100333,Apartadó,1097.0,0.5,471.0,0.8,823.0,0.7,730.0,0,0.55
0583710000000000050220,Turbo,1483.0,0.5,506.0,0.8,826.0,0.7,3787.0,0,0.15
0504510000000000070614,Apartadó,243.0,0.85,267.0,1.0,78.0,1.0,1263.0,0,0.35
0583710000000000030102,Turbo,202.0,0.85,144.0,1.0,239.0,0.9,4256.0,0,0.15
0583710000000000010134,Turbo,896.0,0.7,347.0,0.8,898.0,0.7,3622.0,0,0.15
0583710000000000030823,Turbo,1250.0,0.5,450.0,0.8,1641.0,0.45,4762.0,0,0.15
0583710000000000040120,Turbo,184.0,1.0,189.0,1.0,318.0,0.7,4239.0,0,0.15
0504510000000000010315,Apartadó,336.0,0.85,142.0,1.0,182.0,0.9,1275.0,0,0.35
0583710000000000010612,Turbo,299.0,0.85,104.0,1.0,299.0,0.9,4244.0,0,0.15
0504510000000000060118,Apartadó,233.0,0.85,79.0,1.0,188.0,0.9,1121.0,0,0.35
0583710000000000040710,Turbo,457.0,0.85,119.0,1.0,781.0,0.7,4359.0,0,0.15
0583710000000000030529,Turbo,230.0,0.85,237.0,1.0,823.0,0.7,4942.0,0,0.15
0583710000000000040536,Turbo,376.0,0.85,99.0,1.0,335.0,0.7,4059.0,0,0.15
0583710000000000030810,Turbo,1256.0,0.5,557.0,0.8,1377.0,0.45,4491.0,0,0.15
0583710000000000010314,Turbo,320.0,0.85,2.0,1.0,456.0,0.7,4555.0,0,0.15
0504510000000000070426,Apartadó,87.0,1.0,295.0,1.0,123.0,0.9,1182.0,0,0.35
0504510000000000020220,Apartadó,317.0,0.85,203.0,1.0,220.0,0.9,824.0,0,0.55
0504510000000000040302,Apartadó,231.0,0.85,6.0,1.0,93.0,1.0,1133.0,0,0.35
0504510000000000080505,Apartadó,371.0,0.85,132.0,1.0,793.0,0.7,1150.0,0,0.35
0583710000000000040716,Turbo,214.0,0.85,65.0,1.0,541.0,0.7,4341.0,0,0.15
0583710000000000030319,Turbo,151.0,1.0,226.0,1.0,762.0,0.7,4860.0,0,0.15
0504510000000000040622,Apartadó,79.0,1.0,205.0,1.0,231.0,0.9,810.0,0,0.55
0583710000000000010105,Turbo,496.0,0.85,247.0,1.0,497.0,0.7,3923.0,0,0.15
0504510000000000040720,Apartadó,696.0,0.7,101.0,1.0,215.0,0.9,673.0,0,0.55
0583710000000000030415,Turbo,223.0,0.85,62.0,1.0,750.0,0.7,5000.0,0,0.15
0583710000000000040131,Turbo,1136.0,0.5,220.0,1.0,1541.0,0.45,5033.0,0,0.15
0583710000000000040722,Turbo,483.0,0.85,199.0,1.0,859.0,0.7,4562.0,0,0.15
0583710000000000040705,Turbo,776.0,0.7,208.0,1.0,1075.0,0.45,4416.0,0,0.15
0583710000000000020102,Turbo,369.0,0.85,214.0,1.0,387.0,0.7,3738.0,0,0.15
0504510000000000030327,Apartadó,92.0,1.0,291.0,1.0,204.0,0.9,1250.0,0,0.35
0504510000000000060521,Apartadó,222.0,0.85,222.0,1.0,222.0,0.9,716.0,0,0.55
0583710000000000040724,Turbo,559.0,0.7,129.0,1.0,926.0,0.7,4526.0,0,0.15
0504510000000000050110,Apartadó,351.0,0.85,217.0,1.0,34.0,1.0,1246.0,0,0.35
0583710000000000040720,Turbo,389.0,0.85,150.0,1.0,759.0,0.7,4485.0,0,0.15
0504510000000000020549,Apartadó,185.0,1.0,388.0,0.8,177.0,0.9,243.0,0,0.55
0504510000000000080113,Apartadó,524.0,0.7,125.0,1.0,199.0,0.9,1477.0,0,0.35
0504510000000000020316,Apartadó,262.0,0.85,48.0,1.0,122.0,0.9,521.0,0,0.55
0583710000000000040504,Turbo,753.0,0.7,337.0,0.8,702.0,0.7,3874.0,0,0.15
0504510000000000060422,Apartadó,108.0,1.0,63.0,1.0,108.0,0.9,802.0,0,0.55
0583710000000000030701,Turbo,809.0,0.7,99.0,1.0,1373.0,0.45,4863.0,0,0.15
0583710000000000030103,Turbo,179.0,1.0,107.0,1.0,265.0,0.9,4320.0,0,0.15
0504510000000000070124,Apartadó,103.0,1.0,185.0,1.0,29.0,1.0,1265.0,0,0.35
0504510000000000010712,Apartadó,1296.0,0.5,691.0,0.8,578.0,0.7,626.0,0,0.55
0504510000000000060122,Apartadó,163.0,1.0,176.0,1.0,138.0,0.9,1212.0,0,0.35
0583710000000000010605,Turbo,456.0,0.85,171.0,1.0,454.0,0.7,4433.0,0,0.15
0504510000000000060632,Apartadó,395.0,0.85,349.0,0.8,396.0,0.7,561.0,0,0.55
0504510000000000070721,Apartadó,519.0,0.7,247.0,1.0,184.0,0.9,891.0,1,0.9
0583710000000000050307,Turbo,1568.0,0.5,746.0,0.6,511.0,0.7,3592.0,0,0.15
0504510000000000070133,Apartadó,202.0,0.85,202.0,1.0,195.0,0.9,927.0,0,0.55
0583710000000000020706,Turbo,100.0,1.0,368.0,0.8,233.0,0.9,3703.0,0,0.15
0504510000000000020221,Apartadó,360.0,0.85,285.0,1.0,165.0,0.9,893.0,0,0.55
0504510000000000040614,Apartadó,120.0,1.0,72.0,1.0,179.0,0.9,900.0,0,0.55
0583710000000000010201,Turbo,340.0,0.85,179.0,1.0,340.0,0.7,4095.0,0,0.15
0583710000000000040103,Turbo,63.0,1.0,119.0,1.0,460.0,0.7,4586.0,0,0.15
0504510000000000060103,Apartadó,325.0,0.85,170.0,1.0,351.0,0.7,1073.0,0,0.35
0504510000000000030227,Apartadó,365.0,0.85,235.0,1.0,414.0,0.7,232.0,1,0.9
0583710000000000010602,Turbo,397.0,0.85,198.0,1.0,396.0,0.7,4344.0,0,0.15
0504510000000000030120,Apartadó,251.0,0.85,244.0,1.0,247.0,0.9,866.0,0,0.55
0583710000000000050221,Turbo,1499.0,0.5,512.0,0.8,853.0,0.7,3785.0,0,0.15
0504510000000000030503,Apartadó,132.0,1.0,74.0,1.0,82.0,1.0,1149.0,0,0.35
0504510000000000020527,Apartadó,80.0,1.0,136.0,1.0,458.0,0.7,897.0,0,0.55
0504510000000000100122,Apartadó,1179.0,0.5,528.0,0.8,868.0,0.7,599.0,0,0.55
0583710000000000010714,Turbo,877.0,0.7,246.0,1.0,879.0,0.7,3720.0,0,0.15
0504510000000000100215,Apartadó,1404.0,0.5,756.0,0.6,1088.0,0.45,667.0,0,0.55
0583710000000000050127,Turbo,1021.0,0.5,186.0,1.0,896.0,0.7,4136.0,0,0.15
0504510000000000020501,Apartadó,111.0,1.0,88.0,1.0,366.0,0.7,799.0,0,0.55
0504510000000000040115,Apartadó,434.0,0.85,109.0,1.0,130.0,0.9,946.0,0,0.55
0504510000000000020416,Apartadó,103.0,1.0,172.0,1.0,59.0,1.0,209.0,0,0.55
0504510000000000040633,Apartadó,243.0,0.85,256.0,1.0,359.0,0.7,742.0,0,0.55
0504510000000000090216,Apartadó,744.0,0.7,62.0,1.0,232.0,0.9,619.0,0,0.55
0504510000000000050319,Apartadó,282.0,0.85,143.0,1.0,153.0,0.9,1124.0,0,0.35
0504510000000000020319,Apartadó,112.0,1.0,155.0,1.0,34.0,1.0,502.0,0,0.55
0504510000000000060210,Apartadó,100.0,1.0,237.0,1.0,305.0,0.7,850.0,0,0.55
0583710000000000020703,Turbo,29.0,1.0,305.0,0.8,295.0,0.9,3675.0,0,0.15
0514720011200300010120,Carepa,11020.0,0.05,50.0,1.0,11161.0,0.05,11310.0,0,0.15
0583710000000000030722,Turbo,988.0,0.7,222.0,1.0,1505.0,0.45,4782.0,0,0.15
0504510000000000100131,Apartadó,1251.0,0.5,548.0,0.8,818.0,0.7,355.0,0,0.55
0504510000000000010132,Apartadó,480.0,0.85,220.0,1.0,862.0,0.7,1428.0,0,0.35
0504510000000000050116,Apartadó,283.0,0.85,260.0,1.0,127.0,0.9,1202.0,0,0.35
0504510000000000070712,Apartadó,405.0,0.85,342.0,0.8,191.0,0.9,781.0,1,0.9
0504510000000000030614,Apartadó,306.0,0.85,174.0,1.0,241.0,0.9,995.0,0,0.55
0504510000000000010517,Apartadó,103.0,1.0,259.0,1.0,66.0,1.0,885.0,0,0.55
0583710000000000050138,Turbo,1263.0,0.5,223.0,1.0,1087.0,0.45,3937.0,0,0.15
0504510000000000100306,Apartadó,842.0,0.7,234.0,1.0,583.0,0.7,793.0,0,0.55
0504510000000000060817,Apartadó,93.0,1.0,186.0,1.0,124.0,0.9,1035.0,0,0.35
0583710000000000020132,Turbo,450.0,0.85,213.0,1.0,607.0,0.7,3505.0,0,0.15
0504510000000000070707,Apartadó,588.0,0.7,316.0,0.8,291.0,0.9,810.0,1,0.9
0504510000000000010409,Apartadó,156.0,1.0,87.0,1.0,473.0,0.7,1060.0,0,0.35
0504510000000000030519,Apartadó,162.0,1.0,143.0,1.0,93.0,1.0,1058.0,0,0.35
0583710000000000040505,Turbo,643.0,0.7,217.0,1.0,732.0,0.7,4063.0,0,0.15
0504510000000000030615,Apartadó,313.0,0.85,217.0,1.0,258.0,0.9,949.0,0,0.55
0504510000000000050315,Apartadó,297.0,0.85,159.0,1.0,172.0,0.9,1159.0,0,0.35
0583710000000000020803,Turbo,606.0,0.7,678.0,0.8,880.0,0.7,3049.0,0,0.15
0504510000000000070310,Apartadó,307.0,0.85,185.0,1.0,294.0,0.9,1141.0,0,0.35
0583710000000000020319,Turbo,309.0,0.85,117.0,1.0,476.0,0.7,3634.0,0,0.15
0504510000000000080104,Apartadó,421.0,0.85,302.0,0.8,673.0,0.7,1658.0,0,0.35
0583710000000000040314,Turbo,52.0,1.0,34.0,1.0,125.0,0.9,4346.0,0,0.15
0504510000000000020313,Apartadó,407.0,0.85,182.0,1.0,262.0,0.9,636.0,0,0.55
0504510000000000010130,Apartadó,542.0,0.7,291.0,1.0,662.0,0.7,1522.0,0,0.35
0504510000000000030304,Apartadó,25.0,1.0,195.0,1.0,122.0,0.9,1253.0,0,0.35
0504510000000000040607,Apartadó,176.0,1.0,267.0,1.0,221.0,0.9,875.0,0,0.55
0583710000000000040530,Turbo,610.0,0.7,246.0,1.0,513.0,0.7,3901.0,0,0.15
0504510000000000080304,Apartadó,511.0,0.7,223.0,1.0,569.0,0.7,1269.0,0,0.35
0583710000000000050131,Turbo,1060.0,0.5,217.0,1.0,856.0,0.7,4160.0,0,0.15
0504510000000000020605,Apartadó,71.0,1.0,106.0,1.0,266.0,0.9,687.0,0,0.55
0583710000000000020408,Turbo,230.0,0.85,264.0,1.0,264.0,0.9,4074.0,0,0.15
0504510000000000060818,Apartadó,131.0,1.0,217.0,1.0,111.0,0.9,1063.0,0,0.35
0504510000000000030201,Apartadó,445.0,0.85,27.0,1.0,174.0,0.9,670.0,0,0.55
0504510000000000010518,Apartadó,210.0,0.85,339.0,0.8,111.0,0.9,974.0,0,0.55
0504510000000000030311,Apartadó,74.0,1.0,177.0,1.0,56.0,1.0,1146.0,0,0.35
0504510000000000030317,Apartadó,186.0,1.0,318.0,0.8,160.0,0.9,1024.0,0,0.35
0514720011200300010101,Carepa,10902.0,0.05,67.0,1.0,11041.0,0.05,11181.0,0,0.15
0514720010400400010104,Carepa,5555.0,0.05,2103.0,0.35,1576.0,0.45,774.0,0,0.55
0514720010400500010115,Carepa,5480.0,0.05,2609.0,0.35,1268.0,0.45,930.0,0,0.55
0514720010400500010121,Carepa,5404.0,0.05,2737.0,0.35,1152.0,0.45,964.0,0,0.55
0514720010400500010128,Carepa,5605.0,0.05,2884.0,0.35,1330.0,0.45,754.0,0,0.55
0514720010400800010102,Carepa,5912.0,0.05,1832.0,0.35,2111.0,0.45,1005.0,0,0.35
0514720010601400010107,Carepa,4818.0,0.25,4818.0,0.15,188.0,0.9,715.0,0,0.55
0517220100601300010102,Chigorodó,29092.0,0.05,1291.0,0.6,13428.0,0.05,20949.0,0,0.15
0583720050403300010104,Turbo,9498.0,0.05,3763.0,0.15,21195.0,0.05,31081.0,0,0.15
0565920010400800010110,San Juan de Urabá,2122.0,0.25,2122.0,0.35,71696.0,0.05,73124.0,0,0.15
0565920010400800010104,San Juan de Urabá,2360.0,0.25,2360.0,0.35,71936.0,0.05,73437.0,0,0.15
0505120040101900010101,Arboletes,24405.0,0.05,10764.0,0.05,57775.0,0.05,63557.0,0,0.15
0504510000000000010134,Apartadó,257.0,0.85,465.0,0.8,926.0,0.7,1660.0,0,0.35
0504510000000000050207,Apartadó,538.0,0.7,45.0,1.0,64.0,1.0,1023.0,0,0.35
0504510000000000100603,Apartadó,1250.0,0.5,615.0,0.8,965.0,0.7,710.0,0,0.55
0583710000000000010440,Turbo,868.0,0.7,642.0,0.8,919.0,0.7,3322.0,0,0.15
0583710000000000030601,Turbo,430.0,0.85,191.0,1.0,1010.0,0.45,4992.0,0,0.15
0504510000000000070437,Apartadó,198.0,1.0,211.0,1.0,24.0,1.0,1146.0,0,0.35
0583710000000000050224,Turbo,1509.0,0.5,492.0,0.8,946.0,0.7,3827.0,0,0.15
0504510000000000020312,Apartadó,482.0,0.85,139.0,1.0,195.0,0.9,666.0,0,0.55
0504510000000000020113,Apartadó,108.0,1.0,172.0,1.0,148.0,0.9,782.0,0,0.55
0504510000000000070702,Apartadó,430.0,0.85,398.0,0.8,247.0,0.9,729.0,1,0.9
0504510000000000100332,Apartadó,1118.0,0.5,476.0,0.8,824.0,0.7,663.0,0,0.55
0504510000000000030216,Apartadó,515.0,0.7,155.0,1.0,229.0,0.9,422.0,0,0.55
0504510000000000010219,Apartadó,250.0,0.85,150.0,1.0,269.0,0.9,1270.0,0,0.35
0583710000000000030228,Turbo,802.0,0.7,13.0,1.0,1387.0,0.45,4952.0,0,0.15
0504510000000000040411,Apartadó,261.0,0.85,111.0,1.0,145.0,0.9,1016.0,0,0.35
0583710000000000020129,Turbo,626.0,0.7,380.0,0.8,765.0,0.7,3364.0,0,0.15
0504510000000000080306,Apartadó,514.0,0.7,241.0,1.0,520.0,0.7,1378.0,0,0.35
0504510000000000070104,Apartadó,221.0,0.85,123.0,1.0,115.0,0.9,1024.0,0,0.35
0583710000000000020601,Turbo,141.0,1.0,324.0,0.8,232.0,0.9,3783.0,0,0.15
0504510000000000020528,Apartadó,104.0,1.0,73.0,1.0,327.0,0.7,752.0,0,0.55
0583710000000000030504,Turbo,271.0,0.85,243.0,1.0,867.0,0.7,4983.0,0,0.15
0583710000000000050205,Turbo,1594.0,0.5,606.0,0.8,859.0,0.7,3695.0,0,0.15
0504510000000000060802,Apartadó,208.0,0.85,289.0,1.0,413.0,0.7,742.0,0,0.55
0504510000000000100612,Apartadó,1313.0,0.5,710.0,0.6,1061.0,0.45,859.0,0,0.55
0504510000000000060808,Apartadó,135.0,1.0,135.0,1.0,336.0,0.7,894.0,0,0.55
0504510000000000090508,Apartadó,912.0,0.7,199.0,1.0,448.0,0.7,479.0,1,0.9
0504510000000000010514,Apartadó,188.0,1.0,118.0,1.0,152.0,0.9,897.0,0,0.55
0583710000000000020812,Turbo,1092.0,0.5,866.0,0.6,1242.0,0.45,2965.0,0,0.35
0504510000000000080116,Apartadó,487.0,0.85,119.0,1.0,142.0,0.9,1450.0,0,0.35
0504510000000000060629,Apartadó,306.0,0.85,202.0,1.0,89.0,1.0,922.0,0,0.55
0504510000000000080417,Apartadó,91.0,1.0,255.0,1.0,898.0,0.7,1464.0,0,0.35
0504510000000000020210,Apartadó,52.0,1.0,177.0,1.0,140.0,0.9,732.0,0,0.55
0504510000000000030213,Apartadó,302.0,0.85,113.0,1.0,347.0,0.7,342.0,0,0.55
0504510000000000010414,Apartadó,381.0,0.85,117.0,1.0,642.0,0.7,1282.0,0,0.35
0583710000000000030607,Turbo,722.0,0.7,367.0,0.8,1184.0,0.45,4644.0,0,0.15
0583710000000000030733,Turbo,1019.0,0.5,222.0,1.0,1572.0,0.45,4832.0,0,0.15
0504510000000000050104,Apartadó,483.0,0.85,99.0,1.0,116.0,0.9,1125.0,0,0.35
0583710000000000020505,Turbo,171.0,1.0,167.0,1.0,141.0,0.9,4159.0,0,0.15
0504510000000000090401,Apartadó,481.0,0.85,124.0,1.0,180.0,0.9,917.0,0,0.55
0583710000000000030806,Turbo,1151.0,0.5,386.0,0.8,1509.0,0.45,4690.0,0,0.15
0583710000000000040213,Turbo,150.0,1.0,150.0,1.0,193.0,0.9,4295.0,0,0.15
0583710000000000040159,Turbo,187.0,1.0,160.0,1.0,242.0,0.9,4226.0,0,0.15
0504510000000000080117,Apartadó,510.0,0.7,121.0,1.0,103.0,0.9,1478.0,0,0.35
0583710000000000030316,Turbo,146.0,1.0,211.0,1.0,736.0,0.7,4855.0,0,0.15
0504510000000000080109,Apartadó,613.0,0.7,180.0,1.0,404.0,0.7,1656.0,0,0.35
0583710000000000040173,Turbo,1130.0,0.5,109.0,1.0,1544.0,0.45,5122.0,0,0.15
0504510000000000100326,Apartadó,1037.0,0.5,401.0,0.8,752.0,0.7,695.0,0,0.55
0583720090104100010118,Turbo,2087.0,0.25,2136.0,0.35,2331.0,0.45,1694.0,0,0.35
0583710000000000020605,Turbo,259.0,0.85,252.0,1.0,137.0,0.9,3964.0,0,0.15
0504510000000000060401,Apartadó,231.0,0.85,138.0,1.0,336.0,0.7,608.0,0,0.55
0583720090104100010110,Turbo,1658.0,0.5,1755.0,0.35,1873.0,0.45,2205.0,0,0.35
0504510000000000020518,Apartadó,44.0,1.0,38.0,1.0,145.0,0.9,475.0,0,0.55
0504510000000000040506,Apartadó,148.0,1.0,148.0,1.0,208.0,0.9,854.0,0,0.55
0504510000000000010623,Apartadó,606.0,0.7,266.0,1.0,577.0,0.7,1171.0,0,0.35
0504510000000000080504,Apartadó,387.0,0.85,164.0,1.0,817.0,0.7,1078.0,0,0.35
0504510000000000080631,Apartadó,440.0,0.85,271.0,1.0,677.0,0.7,971.0,0,0.55
0504510000000000030522,Apartadó,24.0,1.0,130.0,1.0,89.0,1.0,1078.0,0,0.35
0504510000000000080111,Apartadó,590.0,0.7,210.0,1.0,173.0,0.9,1516.0,0,0.35
0504510000000000070110,Apartadó,147.0,1.0,170.0,1.0,195.0,0.9,1058.0,0,0.35
0504510000000000080213,Apartadó,306.0,0.85,226.0,1.0,674.0,0.7,1530.0,0,0.35
0565910000000000010223,San Juan de Urabá,274.0,0.85,274.0,1.0,72983.0,0.05,73962.0,0,0.15
0504510000000000020555,Apartadó,192.0,1.0,1430.0,0.6,353.0,0.7,582.0,0,0.55
0504510000000000100410,Apartadó,1535.0,0.5,920.0,0.6,1272.0,0.45,917.0,0,0.55
0504510000000000040634,Apartadó,140.0,1.0,218.0,1.0,290.0,0.9,748.0,0,0.55
0583710000000000040511,Turbo,706.0,0.7,102.0,1.0,848.0,0.7,4129.0,0,0.15
0583710000000000030821,Turbo,1342.0,0.5,616.0,0.8,1442.0,0.45,4492.0,0,0.15
0504510000000000060614,Apartadó,322.0,0.85,322.0,0.8,250.0,0.9,720.0,0,0.55
0583710000000000020413,Turbo,146.0,1.0,260.0,1.0,461.0,0.7,3513.0,0,0.15
0504510000000000050511,Apartadó,657.0,0.7,101.0,1.0,136.0,0.9,947.0,1,0.9
0583710000000000030111,Turbo,150.0,1.0,112.0,1.0,566.0,0.7,4764.0,0,0.15
0504510000000000040206,Apartadó,435.0,0.85,24.0,1.0,69.0,1.0,940.0,0,0.55
0504510000000000070524,Apartadó,357.0,0.85,110.0,1.0,101.0,0.9,1047.0,0,0.35
0583710000000000050112,Turbo,989.0,0.7,165.0,1.0,930.0,0.7,4106.0,0,0.15
0504510000000000100218,Apartadó,1432.0,0.5,793.0,0.6,1140.0,0.45,742.0,0,0.55
0583710000000000030814,Turbo,1150.0,0.5,350.0,0.8,1611.0,0.45,4795.0,0,0.15
0583710000000000040733,Turbo,688.0,0.7,227.0,1.0,1061.0,0.45,4612.0,0,0.15
0504510000000000010110,Apartadó,466.0,0.85,480.0,0.8,903.0,0.7,1578.0,0,0.35
0504510000000000010715,Apartadó,1421.0,0.5,801.0,0.6,674.0,0.7,580.0,0,0.55
0504510000000000060419,Apartadó,90.0,1.0,90.0,1.0,152.0,0.9,838.0,0,0.55
0583710000000000050518,Turbo,1490.0,0.5,628.0,0.8,599.0,0.7,3692.0,0,0.15
0583720090104100010116,Turbo,2127.0,0.25,2186.0,0.35,2364.0,0.45,1699.0,0,0.35
0504510000000000100220,Apartadó,1355.0,0.5,715.0,0.6,1062.0,0.45,710.0,0,0.55
0504510000000000060813,Apartadó,95.0,1.0,248.0,1.0,243.0,0.9,931.0,0,0.55
0583710000000000050411,Turbo,1288.0,0.5,398.0,0.8,726.0,0.7,3921.0,0,0.15
0583710000000000020310,Turbo,187.0,1.0,176.0,1.0,494.0,0.7,3528.0,0,0.15
0504510000000000050411,Apartadó,652.0,0.7,140.0,1.0,164.0,0.9,790.0,0,0.55
0583710000000000030204,Turbo,805.0,0.7,86.0,1.0,1378.0,0.45,5043.0,0,0.15
0583710000000000040723,Turbo,455.0,0.85,113.0,1.0,805.0,0.7,4412.0,0,0.15
0583710000000000050124,Turbo,1177.0,0.5,155.0,1.0,987.0,0.7,4030.0,0,0.15
0504510000000000030709,Apartadó,498.0,0.85,607.0,0.8,330.0,0.7,746.0,0,0.55
0504510000000000040712,Apartadó,523.0,0.7,163.0,1.0,90.0,1.0,837.0,0,0.55
0504510000000000010317,Apartadó,250.0,0.85,157.0,1.0,68.0,1.0,1216.0,0,0.35
0583710000000000010614,Turbo,329.0,0.85,129.0,1.0,328.0,0.7,4296.0,0,0.15
0504510000000000090106,Apartadó,821.0,0.7,47.0,1.0,266.0,0.9,554.0,0,0.55
0504510000000000100222,Apartadó,1288.0,0.5,648.0,0.8,995.0,0.7,688.0,0,0.55
0504510000000000040216,Apartadó,328.0,0.85,105.0,1.0,73.0,1.0,1052.0,0,0.35
0583710000000000010732,Turbo,625.0,0.7,239.0,1.0,626.0,0.7,3984.0,0,0.15
0504510000000000010607,Apartadó,934.0,0.7,282.0,1.0,634.0,0.7,1002.0,0,0.35
0514720010400400010108,Carepa,5482.0,0.05,2054.0,0.35,1531.0,0.45,696.0,0,0.55
0514720010400400010114,Carepa,5485.0,0.05,2181.0,0.35,1463.0,0.45,776.0,0,0.55
0514720010400500010103,Carepa,5672.0,0.05,2675.0,0.35,1450.0,0.45,751.0,0,0.55
0514720010400500010106,Carepa,5634.0,0.05,2627.0,0.35,1425.0,0.45,802.0,0,0.55
0514720011500900010102,Carepa,14123.0,0.05,1289.0,0.6,14225.0,0.05,13190.0,0,0.15
0514720010601400010110,Carepa,4990.0,0.25,4990.0,0.15,288.0,0.9,809.0,0,0.55
0566520040701400010102,San Pedro de Urabá,19920.0,0.05,1117.0,0.6,44317.0,0.05,51938.0,0,0.15
0565920010400800010105,San Juan de Urabá,2522.0,0.25,2522.0,0.35,71855.0,0.05,73388.0,0,0.15
0505120020301700010101,Arboletes,15184.0,0.05,15184.0,0.05,65799.0,0.05,69911.0,0,0.15
0583710000000000050505,Turbo,1509.0,0.5,584.0,0.8,711.0,0.7,3711.0,0,0.15
0504510000000000080303,Apartadó,487.0,0.85,213.0,1.0,655.0,0.7,1177.0,0,0.35
0504510000000000020630,Apartadó,183.0,1.0,218.0,1.0,559.0,0.7,935.0,0,0.55
0504510000000000020321,Apartadó,135.0,1.0,172.0,1.0,7.0,1.0,494.0,0,0.55
0583710000000000040537,Turbo,381.0,0.85,207.0,1.0,444.0,0.7,4099.0,0,0.15
0583720090104100010212,Turbo,1554.0,0.5,1608.0,0.35,1745.0,0.45,2404.0,0,0.35
0504510000000000080204,Apartadó,253.0,0.85,99.0,1.0,734.0,0.7,1400.0,0,0.35
0583710000000000020401,Turbo,135.0,1.0,210.0,1.0,347.0,0.7,3707.0,0,0.15
0504510000000000070523,Apartadó,411.0,0.85,164.0,1.0,112.0,0.9,1025.0,0,0.35
0583710000000000030301,Turbo,501.0,0.7,194.0,1.0,1033.0,0.45,5207.0,0,0.15
0583710000000000020317,Turbo,381.0,0.85,130.0,1.0,589.0,0.7,3522.0,0,0.15
0504510000000000070619,Apartadó,99.0,1.0,226.0,1.0,105.0,0.9,1246.0,0,0.35
0583720090104100010114,Turbo,2391.0,0.25,2443.0,0.35,2629.0,0.45,1473.0,0,0.35
0504510000000000040135,Apartadó,523.0,0.7,51.0,1.0,152.0,0.9,937.0,0,0.55
0504510000000000020421,Apartadó,88.0,1.0,168.0,1.0,6.0,1.0,429.0,0,0.55
0504510000000000090324,Apartadó,853.0,0.7,169.0,1.0,497.0,0.7,595.0,0,0.55
0504510000000000060216,Apartadó,160.0,1.0,16.0,1.0,182.0,0.9,1049.0,0,0.35
0583710000000000030813,Turbo,1186.0,0.5,407.0,0.8,1549.0,0.45,4707.0,0,0.15
0583710000000000030506,Turbo,355.0,0.85,251.0,1.0,946.0,0.7,5065.0,0,0.15
0504510000000000060410,Apartadó,223.0,0.85,102.0,1.0,223.0,0.9,658.0,0,0.55
0504510000000000070413,Apartadó,232.0,0.85,286.0,1.0,98.0,1.0,1169.0,0,0.35
0504510000000000060815,Apartadó,158.0,1.0,203.0,1.0,265.0,0.9,948.0,0,0.55
0504510000000000020110,Apartadó,136.0,1.0,162.0,1.0,117.0,0.9,841.0,0,0.55
0504510000000000080609,Apartadó,533.0,0.7,328.0,0.8,749.0,0.7,912.0,0,0.55
0504510000000000100310,Apartadó,795.0,0.7,190.0,1.0,537.0,0.7,806.0,0,0.55
0583710000000000040168,Turbo,728.0,0.7,442.0,0.8,1151.0,0.45,4967.0,0,0.15
0504510000000000040134,Apartadó,540.0,0.7,85.0,1.0,97.0,1.0,967.0,0,0.55
0583710000000000020307,Turbo,182.0,1.0,201.0,1.0,202.0,0.9,3998.0,0,0.15
0504510000000000030604,Apartadó,402.0,0.85,304.0,0.8,171.0,0.9,1008.0,0,0.35
0504510000000000100503,Apartadó,1499.0,0.5,916.0,0.6,1267.0,0.45,1021.0,0,0.35
0583710000000000010733,Turbo,646.0,0.7,225.0,1.0,646.0,0.7,4030.0,0,0.15
0504510000000000020545,Apartadó,34.0,1.0,174.0,1.0,207.0,0.9,695.0,0,0.55
0504510000000000070229,Apartadó,79.0,1.0,179.0,1.0,88.0,1.0,1220.0,0,0.35
0583710000000000040735,Turbo,618.0,0.7,277.0,1.0,1007.0,0.45,4676.0,0,0.15
0583710000000000040315,Turbo,156.0,1.0,151.0,1.0,150.0,0.9,4251.0,0,0.15
0583710000000000010306,Turbo,241.0,0.85,7.0,1.0,407.0,0.7,4473.0,0,0.15
0504510000000000070624,Apartadó,156.0,1.0,284.0,1.0,159.0,0.9,1218.0,0,0.35
0504510000000000080606,Apartadó,526.0,0.7,350.0,0.8,664.0,0.7,887.0,0,0.55
0504510000000000020303,Apartadó,154.0,1.0,119.0,1.0,76.0,1.0,569.0,0,0.55
0504510000000000040619,Apartadó,78.0,1.0,143.0,1.0,216.0,0.9,824.0,0,0.55
0504510000000000070617,Apartadó,96.0,1.0,218.0,1.0,160.0,0.9,1290.0,0,0.35
0504510000000000100311,Apartadó,782.0,0.7,165.0,1.0,514.0,0.7,791.0,0,0.55
0504510000000000050513,Apartadó,575.0,0.7,66.0,1.0,83.0,1.0,1024.0,1,0.9
0504510000000000100318,Apartadó,1068.0,0.5,455.0,0.8,807.0,0.7,771.0,0,0.55
0504510000000000070129,Apartadó,286.0,0.85,128.0,1.0,50.0,1.0,989.0,0,0.55
0583710000000000040549,Turbo,536.0,0.7,294.0,1.0,613.0,0.7,4068.0,0,0.15
0504510000000000060609,Apartadó,266.0,0.85,266.0,1.0,267.0,0.9,703.0,0,0.55
0504510000000000070414,Apartadó,39.0,1.0,253.0,1.0,158.0,0.9,1176.0,0,0.35
0583710000000000010410,Turbo,728.0,0.7,493.0,0.8,730.0,0.7,3532.0,0,0.15
0583710000000000030519,Turbo,393.0,0.85,134.0,1.0,959.0,0.7,4969.0,0,0.15
0583710000000000040219,Turbo,155.0,1.0,185.0,1.0,434.0,0.7,4687.0,0,0.15
0583710000000000030408,Turbo,385.0,0.85,105.0,1.0,778.0,0.7,5005.0,0,0.15
0583710000000000030817,Turbo,1223.0,0.5,431.0,0.8,1602.0,0.45,4738.0,0,0.15
0583710000000000010114,Turbo,346.0,0.85,127.0,1.0,348.0,0.7,3836.0,0,0.15
0504510000000000040707,Apartadó,564.0,0.7,116.0,1.0,185.0,0.9,812.0,0,0.55
0504510000000000030224,Apartadó,331.0,0.85,184.0,1.0,386.0,0.7,275.0,1,0.9
0504510000000000090102,Apartadó,851.0,0.7,50.0,1.0,305.0,0.7,583.0,0,0.55
0583710000000000010222,Turbo,427.0,0.85,273.0,1.0,427.0,0.7,4143.0,0,0.15
0583710000000000040151,Turbo,477.0,0.85,137.0,1.0,760.0,0.7,4305.0,0,0.15
0504510000000000100323,Apartadó,1010.0,0.5,426.0,0.8,773.0,0.7,839.0,0,0.55
0504510000000000070629,Apartadó,96.0,1.0,243.0,1.0,195.0,0.9,1300.0,0,0.35
0583710000000000040113,Turbo,264.0,0.85,88.0,1.0,675.0,0.7,4610.0,0,0.15
0583710000000000020409,Turbo,250.0,0.85,208.0,1.0,250.0,0.9,4131.0,0,0.15
0504510000000000050223,Apartadó,614.0,0.7,124.0,1.0,35.0,1.0,966.0,0,0.55
0583710000000000030302,Turbo,358.0,0.85,116.0,1.0,875.0,0.7,5053.0,0,0.15
0583710000000000010140,Turbo,494.0,0.85,246.0,1.0,495.0,0.7,3761.0,0,0.15
0504510000000000080418,Apartadó,112.0,1.0,292.0,1.0,905.0,0.7,1500.0,0,0.35
0504510000000000070121,Apartadó,68.0,1.0,245.0,1.0,82.0,1.0,1234.0,0,0.35
0504510000000000100217,Apartadó,1473.0,0.5,826.0,0.6,1154.0,0.45,697.0,0,0.55
0583710000000000010709,Turbo,971.0,0.7,375.0,0.8,972.0,0.7,3588.0,0,0.15
0504510000000000020536,Apartadó,151.0,1.0,1252.0,0.6,204.0,0.9,730.0,0,0.55
0583710000000000040205,Turbo,34.0,1.0,114.0,1.0,504.0,0.7,4750.0,0,0.15
0583710000000000010606,Turbo,494.0,0.85,147.0,1.0,493.0,0.7,4487.0,0,0.15
0583710000000000010615,Turbo,482.0,0.85,284.0,1.0,482.0,0.7,4351.0,0,0.15
0583710000000000040160,Turbo,30.0,1.0,91.0,1.0,436.0,0.7,4509.0,0,0.15
0583710000000000040121,Turbo,180.0,1.0,129.0,1.0,442.0,0.7,4690.0,0,0.15
0504510000000000070322,Apartadó,166.0,1.0,166.0,1.0,327.0,0.7,984.0,0,0.55
0504510000000000050103,Apartadó,514.0,0.7,74.0,1.0,105.0,0.9,1093.0,0,0.35
0583710000000000040417,Turbo,249.0,0.85,271.0,1.0,296.0,0.9,3653.0,0,0.15
0504510000000000060415,Apartadó,78.0,1.0,24.0,1.0,259.0,0.9,761.0,0,0.55
0504510000000000070321,Apartadó,174.0,1.0,174.0,1.0,300.0,0.7,969.0,0,0.55
0504510000000000060602,Apartadó,250.0,0.85,243.0,1.0,145.0,0.9,903.0,0,0.55
0504510000000000010416,Apartadó,357.0,0.85,114.0,1.0,683.0,0.7,1243.0,0,0.35
0583720090104100010109,Turbo,1730.0,0.5,1802.0,0.35,1962.0,0.45,2064.0,0,0.35
0583720090104100010113,Turbo,2432.0,0.25,2502.0,0.35,2657.0,0.45,1549.0,0,0.35
0504510000000000020302,Apartadó,157.0,1.0,161.0,1.0,28.0,1.0,569.0,0,0.55
0504510000000000070115,Apartadó,101.0,1.0,162.0,1.0,169.0,0.9,1170.0,0,0.35
0583710000000000030818,Turbo,1232.0,0.5,445.0,0.8,1585.0,0.45,4715.0,0,0.15
0504510000000000080622,Apartadó,287.0,0.85,282.0,1.0,602.0,0.7,1143.0,0,0.35
0504510000000000040617,Apartadó,183.0,1.0,166.0,1.0,274.0,0.9,829.0,0,0.55
0583710000000000040208,Turbo,166.0,1.0,163.0,1.0,374.0,0.7,4624.0,0,0.15
0504510000000000040727,Apartadó,659.0,0.7,130.0,1.0,201.0,0.9,713.0,0,0.55
0504510000000000080415,Apartadó,175.0,1.0,222.0,1.0,807.0,0.7,1484.0,0,0.35
0583710000000000030625,Turbo,799.0,0.7,415.0,0.8,1100.0,0.45,4538.0,0,0.15
0504510000000000090201,Apartadó,898.0,0.7,92.0,1.0,345.0,0.7,473.0,0,0.55
0504510000000000070713,Apartadó,398.0,0.85,323.0,0.8,172.0,0.9,799.0,1,0.9
0504510000000000030218,Apartadó,525.0,0.7,198.0,1.0,280.0,0.9,384.0,0,0.55
0504510000000000010222,Apartadó,1014.0,0.5,736.0,0.6,121.0,0.9,1083.0,0,0.35
0583710000000000020410,Turbo,120.0,1.0,238.0,1.0,435.0,0.7,3550.0,0,0.15
0504510000000000090105,Apartadó,883.0,0.7,56.0,1.0,328.0,0.7,499.0,0,0.55
0583710000000000030304,Turbo,141.0,1.0,63.0,1.0,627.0,0.7,4838.0,0,0.15
0504510000000000050214,Apartadó,440.0,0.85,76.0,1.0,174.0,0.9,1125.0,0,0.35
0504510000000000080623,Apartadó,287.0,0.85,308.0,0.8,589.0,0.7,1162.0,0,0.35
0583710000000000040526,Turbo,534.0,0.7,80.0,1.0,349.0,0.7,3878.0,0,0.15
0504510000000000010307,Apartadó,461.0,0.85,65.0,1.0,313.0,0.7,1356.0,0,0.35
0583710000000000010137,Turbo,482.0,0.85,259.0,1.0,484.0,0.7,3714.0,0,0.15
0504510000000000070106,Apartadó,247.0,0.85,49.0,1.0,116.0,0.9,1072.0,0,0.35
0504510000000000010220,Apartadó,228.0,0.85,130.0,1.0,37.0,1.0,1195.0,0,0.35
0583710000000000020112,Turbo,596.0,0.7,358.0,0.8,718.0,0.7,3415.0,0,0.15
0504510000000000020508,Apartadó,65.0,1.0,253.0,1.0,60.0,1.0,197.0,0,0.75
0583710000000000010515,Turbo,217.0,0.85,106.0,1.0,752.0,0.7,4861.0,0,0.15
0504510000000000070223,Apartadó,171.0,1.0,167.0,1.0,170.0,0.9,1040.0,0,0.35
0504510000000000060626,Apartadó,314.0,0.85,293.0,1.0,150.0,0.9,824.0,0,0.55
0504510000000000060508,Apartadó,197.0,1.0,161.0,1.0,198.0,0.9,693.0,0,0.55
0504510000000000010401,Apartadó,355.0,0.85,159.0,1.0,497.0,0.7,1251.0,0,0.35
0504510000000000020225,Apartadó,70.0,1.0,289.0,1.0,6.0,1.0,743.0,0,0.55
0504510000000000040207,Apartadó,441.0,0.85,52.0,1.0,102.0,0.9,937.0,0,0.55
0583710000000000010122,Turbo,605.0,0.7,349.0,0.8,606.0,0.7,3742.0,0,0.15
0504510000000000080507,Apartadó,309.0,0.85,97.0,1.0,809.0,0.7,1138.0,0,0.35
0583710000000000010520,Turbo,252.0,0.85,82.0,1.0,517.0,0.7,4623.0,0,0.15
0504510000000000050117,Apartadó,253.0,0.85,243.0,1.0,93.0,1.0,1124.0,0,0.35
0583710000000000030804,Turbo,1099.0,0.5,301.0,0.8,1590.0,0.45,4804.0,0,0.15
0504510000000000010512,Apartadó,37.0,1.0,195.0,1.0,38.0,1.0,969.0,0,0.55
0504510000000000040305,Apartadó,268.0,0.85,18.0,1.0,124.0,0.9,1114.0,0,0.35
0504510000000000090108,Apartadó,782.0,0.7,35.0,1.0,230.0,0.9,621.0,0,0.55
0583710000000000010432,Turbo,925.0,0.7,662.0,0.8,950.0,0.7,3340.0,0,0.15
0504510000000000010127,Apartadó,362.0,0.85,505.0,0.8,950.0,0.7,1637.0,0,0.35
0504510000000000100204,Apartadó,1483.0,0.5,805.0,0.6,1094.0,0.45,537.0,0,0.55
0583710000000000030706,Turbo,853.0,0.7,109.0,1.0,1415.0,0.45,4849.0,0,0.15
0504510000000000030613,Apartadó,303.0,0.85,131.0,1.0,229.0,0.9,1042.0,0,0.35
0583710000000000010625,Turbo,891.0,0.7,299.0,1.0,729.0,0.7,4287.0,0,0.15
0583710000000000030402,Turbo,183.0,1.0,140.0,1.0,519.0,0.7,4768.0,0,0.15
0504510000000000070217,Apartadó,132.0,1.0,78.0,1.0,130.0,0.9,1183.0,0,0.35
0583710000000000010106,Turbo,355.0,0.85,104.0,1.0,356.0,0.7,3951.0,0,0.15
0504510000000000060218,Apartadó,144.0,1.0,88.0,1.0,112.0,0.9,1078.0,0,0.35
0583710000000000020818,Turbo,980.0,0.7,716.0,0.6,1018.0,0.45,3274.0,0,0.15
0504510000000000040602,Apartadó,94.0,1.0,80.0,1.0,65.0,1.0,969.0,0,0.55
0583710000000000040164,Turbo,860.0,0.7,55.0,1.0,1052.0,0.45,4225.0,0,0.15
0504510000000000070623,Apartadó,241.0,0.85,237.0,1.0,97.0,1.0,1280.0,0,0.35
0583710000000000050105,Turbo,1248.0,0.5,241.0,1.0,932.0,0.7,4052.0,0,0.15
0583710000000000040510,Turbo,792.0,0.7,44.0,1.0,970.0,0.7,4190.0,0,0.15
0504510000000000100609,Apartadó,1314.0,0.5,703.0,0.6,1055.0,0.45,832.0,0,0.55
0504510000000000050512,Apartadó,645.0,0.7,82.0,1.0,119.0,0.9,963.0,1,0.9
0504510000000000050314,Apartadó,326.0,0.85,189.0,1.0,171.0,0.9,1195.0,0,0.35
0504510000000000060803,Apartadó,229.0,0.85,258.0,1.0,433.0,0.7,722.0,0,0.55
0583710000000000040112,Turbo,334.0,0.85,238.0,1.0,756.0,0.7,4791.0,0,0.15
0583710000000000030104,Turbo,185.0,1.0,115.0,1.0,320.0,0.7,4412.0,0,0.15
0504510000000000090509,Apartadó,940.0,0.7,238.0,1.0,541.0,0.7,507.0,1,0.9
0583710000000000010133,Turbo,813.0,0.7,372.0,0.8,815.0,0.7,3626.0,0,0.15
0504510000000000100118,Apartadó,1128.0,0.5,456.0,0.8,768.0,0.7,505.0,0,0.55
0504510000000000090117,Apartadó,712.0,0.7,110.0,1.0,170.0,0.9,697.0,0,0.55
0583720090104100010206,Turbo,1684.0,0.5,1700.0,0.35,1855.0,0.45,2413.0,0,0.35
0504510000000000070504,Apartadó,336.0,0.85,155.0,1.0,98.0,1.0,1233.0,0,0.35
0504510000000000040121,Apartadó,606.0,0.7,136.0,1.0,67.0,1.0,782.0,0,0.55
0504510000000000040310,Apartadó,243.0,0.85,146.0,1.0,171.0,0.9,1011.0,0,0.35
0504510000000000070706,Apartadó,565.0,0.7,340.0,0.8,291.0,0.9,785.0,1,0.9
0583710000000000010108,Turbo,336.0,0.85,134.0,1.0,336.0,0.7,4038.0,0,0.15
0583710000000000010609,Turbo,199.0,1.0,10.0,1.0,198.0,0.9,4209.0,0,0.15
0504510000000000100115,Apartadó,1059.0,0.5,386.0,0.8,700.0,0.7,515.0,0,0.55
0504510000000000050216,Apartadó,428.0,0.85,115.0,1.0,177.0,0.9,1168.0,0,0.35
0504510000000000030506,Apartadó,168.0,1.0,109.0,1.0,72.0,1.0,1062.0,0,0.35
0504510000000000020115,Apartadó,51.0,1.0,84.0,1.0,350.0,0.7,896.0,0,0.55
0583710000000000010446,Turbo,949.0,0.7,609.0,0.8,951.0,0.7,3380.0,0,0.15
0583710000000000010429,Turbo,920.0,0.7,397.0,0.8,921.0,0.7,3572.0,0,0.15
0504510000000000030410,Apartadó,57.0,1.0,399.0,0.8,182.0,0.9,1012.0,0,0.35
0504510000000000020208,Apartadó,229.0,0.85,125.0,1.0,132.0,0.9,759.0,0,0.55
0504510000000000090222,Apartadó,789.0,0.7,119.0,1.0,304.0,0.7,585.0,0,0.55
0504510000000000010131,Apartadó,535.0,0.7,276.0,1.0,1003.0,0.45,1413.0,0,0.35
0583710000000000020116,Turbo,486.0,0.85,238.0,1.0,659.0,0.7,3453.0,0,0.15
0504510000000000010109,Apartadó,499.0,0.85,464.0,0.8,914.0,0.7,1543.0,0,0.35
0583710000000000030633,Turbo,557.0,0.7,204.0,1.0,1040.0,0.45,4761.0,0,0.15
0583710000000000030414,Turbo,283.0,0.85,110.0,1.0,780.0,0.7,5033.0,0,0.15
0504510000000000030610,Apartadó,356.0,0.85,211.0,1.0,292.0,0.9,975.0,0,0.55
0504510000000000030407,Apartadó,198.0,1.0,226.0,1.0,144.0,0.9,973.0,0,0.55
0504510000000000030528,Apartadó,116.0,1.0,115.0,1.0,186.0,0.9,1013.0,0,0.35
0583710000000000020203,Turbo,160.0,1.0,116.0,1.0,161.0,0.9,4061.0,0,0.15
0504510000000000050414,Apartadó,723.0,0.7,191.0,1.0,160.0,0.9,854.0,0,0.55
0504510000000000070405,Apartadó,159.0,1.0,236.0,1.0,45.0,1.0,1198.0,0,0.35
0583710000000000020902,Turbo,586.0,0.7,368.0,0.8,824.0,0.7,3287.0,0,0.15
0514720010400400010120,Carepa,5417.0,0.05,2082.0,0.35,1452.0,0.45,670.0,0,0.55
0514720010400500010116,Carepa,5449.0,0.05,2660.0,0.35,1220.0,0.45,939.0,0,0.55
0514720010400500010124,Carepa,5507.0,0.05,2807.0,0.35,1242.0,0.45,856.0,0,0.55
0514720010800600010111,Carepa,4235.0,0.25,615.0,0.8,176.0,0.9,1254.0,0,0.35
0514720010800600010101,Carepa,4624.0,0.25,967.0,0.6,196.0,0.9,1522.0,0,0.35
0514720010601400010113,Carepa,4974.0,0.25,4974.0,0.15,246.0,0.9,743.0,0,0.55
0504520020301700010108,Apartadó,4461.0,0.25,854.0,0.6,180.0,0.9,1284.0,0,0.35
0565920010400800010102,San Juan de Urabá,2073.0,0.25,2073.0,0.35,72055.0,0.05,73497.0,0,0.15
0514720010401500010102,Carepa,5567.0,0.05,604.0,0.8,2644.0,0.45,1244.0,0,0.35
0566520040701400010106,San Pedro de Urabá,19868.0,0.05,904.0,0.6,44392.0,0.05,52043.0,0,0.15
0583720200100700010101,Turbo,29145.0,0.05,711.0,0.6,15970.0,0.05,22874.0,0,0.15
0504510000000000010415,Apartadó,368.0,0.85,108.0,1.0,664.0,0.7,1263.0,0,0.35
0504510000000000080517,Apartadó,20.0,1.0,258.0,1.0,877.0,0.7,1422.0,0,0.35
0583710000000000010119,Turbo,586.0,0.7,352.0,0.8,588.0,0.7,3647.0,0,0.15
0583710000000000010319,Turbo,287.0,0.85,66.0,1.0,416.0,0.7,4524.0,0,0.15
0504510000000000090334,Apartadó,663.0,0.7,117.0,1.0,424.0,0.7,877.0,0,0.55
0504510000000000060121,Apartadó,177.0,1.0,156.0,1.0,107.0,0.9,1184.0,0,0.35
0504510000000000010312,Apartadó,427.0,0.85,55.0,1.0,262.0,0.9,1343.0,0,0.35
0504510000000000030315,Apartadó,143.0,1.0,210.0,1.0,103.0,0.9,1087.0,0,0.35
0504510000000000060507,Apartadó,258.0,0.85,225.0,1.0,258.0,0.9,656.0,0,0.55
0504510000000000070311,Apartadó,285.0,0.85,107.0,1.0,291.0,0.9,1124.0,0,0.35
0504510000000000070525,Apartadó,413.0,0.85,154.0,1.0,85.0,1.0,1089.0,0,0.35
0504510000000000070411,Apartadó,255.0,0.85,310.0,0.8,214.0,0.9,1110.0,0,0.35
0504510000000000030210,Apartadó,304.0,0.85,7.0,1.0,295.0,0.9,447.0,0,0.55
0504510000000000050322,Apartadó,252.0,0.85,123.0,1.0,126.0,0.9,1060.0,0,0.35
0504510000000000010710,Apartadó,1319.0,0.5,748.0,0.6,513.0,0.7,538.0,0,0.55
0504510000000000080502,Apartadó,459.0,0.85,229.0,1.0,836.0,0.7,1034.0,0,0.35
0583710000000000040304,Turbo,194.0,1.0,68.0,1.0,413.0,0.7,4592.0,0,0.15
0504510000000000030217,Apartadó,601.0,0.7,236.0,1.0,265.0,0.9,448.0,0,0.55
0583710000000000030705,Turbo,895.0,0.7,193.0,1.0,1437.0,0.45,4766.0,0,0.15
0583710000000000010611,Turbo,386.0,0.85,191.0,1.0,385.0,0.7,4280.0,0,0.15
0583710000000000010104,Turbo,363.0,0.85,106.0,1.0,365.0,0.7,3912.0,0,0.15
0504510000000000070505,Apartadó,313.0,0.85,121.0,1.0,134.0,0.9,1213.0,0,0.35
0583710000000000040501,Turbo,537.0,0.7,224.0,1.0,479.0,0.7,3963.0,0,0.15
0504510000000000060402,Apartadó,263.0,0.85,168.0,1.0,340.0,0.7,579.0,0,0.55
0504510000000000040708,Apartadó,529.0,0.7,85.0,1.0,156.0,0.9,848.0,0,0.55
0504510000000000010515,Apartadó,188.0,1.0,25.0,1.0,259.0,0.9,956.0,0,0.55
0583710000000000010437,Turbo,816.0,0.7,602.0,0.8,844.0,0.7,3403.0,0,0.15
0504510000000000070206,Apartadó,171.0,1.0,171.0,1.0,171.0,0.9,985.0,0,0.55
0583710000000000010721,Turbo,734.0,0.7,206.0,1.0,735.0,0.7,3830.0,0,0.15
0583710000000000030615,Turbo,801.0,0.7,349.0,0.8,1243.0,0.45,4644.0,0,0.15
0504510000000000010627,Apartadó,766.0,0.7,169.0,1.0,620.0,0.7,1102.0,0,0.35
0583710000000000050114,Turbo,908.0,0.7,129.0,1.0,704.0,0.7,4229.0,0,0.15
0583710000000000030822,Turbo,1221.0,0.5,419.0,0.8,1643.0,0.45,4784.0,0,0.15
0504520030201800010110,Apartadó,1439.0,0.5,336.0,0.8,1576.0,0.45,507.0,0,0.55
0583710000000000030715,Turbo,887.0,0.7,109.0,1.0,1454.0,0.45,4863.0,0,0.15
0504510000000000080308,Apartadó,471.0,0.85,184.0,1.0,593.0,0.7,1288.0,0,0.35
0583710000000000050527,Turbo,1331.0,0.5,499.0,0.8,619.0,0.7,3847.0,0,0.15
0583710000000000010505,Turbo,220.0,0.85,73.0,1.0,637.0,0.7,4746.0,0,0.15
0504510000000000080125,Apartadó,542.0,0.7,146.0,1.0,74.0,1.0,1464.0,0,0.35
0504510000000000020204,Apartadó,232.0,0.85,182.0,1.0,181.0,0.9,817.0,0,0.55
0504510000000000010408,Apartadó,168.0,1.0,90.0,1.0,430.0,0.7,1063.0,0,0.35
0504510000000000030706,Apartadó,621.0,0.7,440.0,0.8,252.0,0.9,778.0,0,0.55
0504510000000000040518,Apartadó,315.0,0.85,168.0,1.0,250.0,0.9,865.0,0,0.55
0583710000000000040749,Turbo,740.0,0.7,359.0,0.8,1133.0,0.45,4748.0,0,0.15
0504510000000000100618,Apartadó,1239.0,0.5,676.0,0.8,1023.0,0.45,958.0,0,0.55
0583710000000000050201,Turbo,1401.0,0.5,372.0,0.8,989.0,0.7,3953.0,0,0.15
0504510000000000050507,Apartadó,678.0,0.7,137.0,1.0,172.0,0.9,919.0,1,0.9
0504510000000000070318,Apartadó,355.0,0.85,113.0,1.0,273.0,0.9,1113.0,0,0.35
0504510000000000030209,Apartadó,402.0,0.85,42.0,1.0,225.0,0.9,433.0,0,0.55
0504510000000000070222,Apartadó,118.0,1.0,118.0,1.0,213.0,0.9,946.0,0,0.55
0504510000000000030518,Apartadó,196.0,1.0,127.0,1.0,126.0,0.9,1051.0,0,0.35
0583710000000000020405,Turbo,76.0,1.0,331.0,0.8,331.0,0.7,3914.0,0,0.15
0583710000000000040602,Turbo,1485.0,0.5,223.0,1.0,1910.0,0.45,5575.0,0,0.15
0583710000000000050102,Turbo,1346.0,0.5,306.0,0.8,1063.0,0.45,3976.0,0,0.15
0583710000000000030439,Turbo,619.0,0.7,327.0,0.8,1056.0,0.45,5283.0,0,0.15
0504510000000000050307,Apartadó,255.0,0.85,139.0,1.0,69.0,1.0,1187.0,0,0.35
0583710000000000030803,Turbo,1120.0,0.5,362.0,0.8,1491.0,0.45,4691.0,0,0.15
0583710000000000010110,Turbo,265.0,0.85,50.0,1.0,266.0,0.9,4004.0,0,0.15
0504510000000000070312,Apartadó,322.0,0.85,92.0,1.0,275.0,0.9,1161.0,0,0.35
0583710000000000020501,Turbo,192.0,1.0,296.0,1.0,252.0,0.9,3993.0,0,0.15
0504510000000000080615,Apartadó,424.0,0.85,314.0,0.8,579.0,0.7,981.0,0,0.55
0504510000000000020415,Apartadó,191.0,1.0,114.0,1.0,357.0,0.7,416.0,0,0.55
0583710000000000030426,Turbo,297.0,0.85,72.0,1.0,728.0,0.7,4899.0,0,0.15
0504520030201800010102,Apartadó,1412.0,0.5,115.0,1.0,1529.0,0.45,473.0,0,0.55
0504510000000000050505,Apartadó,622.0,0.7,155.0,1.0,164.0,0.9,969.0,1,0.9
0583720090104100010209,Turbo,1613.0,0.5,1640.0,0.35,1790.0,0.45,2430.0,0,0.35
0583710000000000010430,Turbo,760.0,0.7,535.0,0.8,766.0,0.7,3483.0,0,0.15
0583710000000000030634,Turbo,818.0,0.7,214.0,1.0,1350.0,0.45,4753.0,0,0.15
0504510000000000090119,Apartadó,660.0,0.7,161.0,1.0,123.0,0.9,743.0,0,0.55
0583710000000000020403,Turbo,67.0,1.0,256.0,1.0,322.0,0.7,3810.0,0,0.15
0504510000000000100402,Apartadó,1512.0,0.5,903.0,0.6,1255.0,0.45,931.0,0,0.55
0504510000000000090320,Apartadó,586.0,0.7,78.0,1.0,273.0,0.9,833.0,0,0.55
0504510000000000030520,Apartadó,106.0,1.0,101.0,1.0,40.0,1.0,1081.0,0,0.35
0583710000000000040552,Turbo,483.0,0.85,225.0,1.0,462.0,0.7,4010.0,0,0.15
0504510000000000060504,Apartadó,357.0,0.85,291.0,1.0,357.0,0.7,556.0,0,0.55
0583710000000000010716,Turbo,759.0,0.7,254.0,1.0,760.0,0.7,3761.0,0,0.15
0504510000000000030705,Apartadó,524.0,0.7,363.0,0.8,147.0,0.9,802.0,0,0.55
0504510000000000100232,Apartadó,1411.0,0.5,716.0,0.6,989.0,0.7,419.0,0,0.55
0504510000000000010138,Apartadó,441.0,0.85,327.0,0.8,997.0,0.7,1507.0,0,0.35
0504510000000000070208,Apartadó,154.0,1.0,154.0,1.0,154.0,0.9,1010.0,0,0.35
0583710000000000010303,Turbo,292.0,0.85,123.0,1.0,290.0,0.9,4399.0,0,0.15
0583710000000000020806,Turbo,562.0,0.7,538.0,0.8,870.0,0.7,3099.0,0,0.15
0504510000000000020116,Apartadó,35.0,1.0,53.0,1.0,423.0,0.7,939.0,0,0.55
0583710000000000050407,Turbo,1282.0,0.5,356.0,0.8,780.0,0.7,3948.0,0,0.15
0504510000000000090219,Apartadó,835.0,0.7,124.0,1.0,315.0,0.7,529.0,0,0.55
0504510000000000060816,Apartadó,107.0,1.0,261.0,1.0,214.0,0.9,969.0,0,0.55
0504510000000000060324,Apartadó,234.0,0.85,157.0,1.0,391.0,0.7,622.0,0,0.55
0504510000000000080107,Apartadó,510.0,0.7,226.0,1.0,607.0,0.7,1577.0,0,0.35
0583710000000000010226,Turbo,480.0,0.85,298.0,1.0,480.0,0.7,4112.0,0,0.15
0504510000000000090307,Apartadó,745.0,0.7,92.0,1.0,416.0,0.7,703.0,0,0.55
0583710000000000040743,Turbo,174.0,1.0,118.0,1.0,533.0,0.7,4400.0,0,0.15
0504510000000000100304,Apartadó,813.0,0.7,184.0,1.0,535.0,0.7,760.0,0,0.55
0504520010201000010103,Apartadó,2294.0,0.25,1838.0,0.35,272.0,0.9,308.0,0,0.55
0504510000000000080624,Apartadó,237.0,0.85,212.0,1.0,672.0,0.7,1171.0,0,0.35
0583710000000000010311,Turbo,255.0,0.85,189.0,1.0,253.0,0.9,4359.0,0,0.15
0504510000000000020560,Apartadó,461.0,0.85,1103.0,0.6,145.0,0.9,722.0,1,0.9
0583710000000000010618,Turbo,416.0,0.85,206.0,1.0,415.0,0.7,4377.0,0,0.15
0514720010400500010104,Carepa,5661.0,0.05,2629.0,0.35,1453.0,0.45,781.0,0,0.55
0514720010400500010107,Carepa,5644.0,0.05,2672.0,0.35,1422.0,0.45,773.0,0,0.55
0514720010400500010120,Carepa,5482.0,0.05,2738.0,0.35,1233.0,0.45,891.0,0,0.55
0514720010400500010125,Carepa,5470.0,0.05,2809.0,0.35,1203.0,0.45,892.0,0,0.55
0514720010800600010104,Carepa,4371.0,0.25,753.0,0.6,134.0,0.9,1284.0,0,0.35
0514720010800600010114,Carepa,4097.0,0.25,463.0,0.8,58.0,1.0,1268.0,0,0.35
0514720010801200010105,Carepa,4337.0,0.25,1164.0,0.6,157.0,0.9,642.0,0,0.55
0565920010400800010111,San Juan de Urabá,2107.0,0.25,2107.0,0.35,71606.0,0.05,73021.0,0,0.15
0505120020301700010106,Arboletes,15250.0,0.05,15250.0,0.05,65634.0,0.05,69751.0,0,0.15
0583710000000000030805,Turbo,1124.0,0.5,326.0,0.8,1599.0,0.45,4798.0,0,0.15
0583710000000000050404,Turbo,1352.0,0.5,405.0,0.8,787.0,0.7,3890.0,0,0.15
0504510000000000070212,Apartadó,181.0,1.0,162.0,1.0,198.0,0.9,1069.0,0,0.35
0504510000000000080322,Apartadó,321.0,0.85,91.0,1.0,681.0,0.7,1385.0,0,0.35
0504510000000000030524,Apartadó,96.0,1.0,122.0,1.0,111.0,0.9,1154.0,0,0.35
0583710000000000040171,Turbo,173.0,1.0,157.0,1.0,227.0,0.9,4224.0,0,0.15
0583710000000000030514,Turbo,353.0,0.85,178.0,1.0,944.0,0.7,5040.0,0,0.15
0504510000000000080516,Apartadó,91.0,1.0,286.0,1.0,790.0,0.7,1376.0,0,0.35
0504510000000000020218,Apartadó,435.0,0.85,212.0,1.0,292.0,0.9,790.0,0,0.55
0504510000000000070528,Apartadó,351.0,0.85,221.0,1.0,42.0,1.0,1260.0,0,0.35
0504510000000000040618,Apartadó,144.0,1.0,158.0,1.0,256.0,0.9,812.0,0,0.55
0583710000000000010125,Turbo,623.0,0.7,397.0,0.8,625.0,0.7,3595.0,0,0.15
0504510000000000090405,Apartadó,538.0,0.7,131.0,1.0,301.0,0.7,929.0,0,0.55
0583710000000000030441,Turbo,404.0,0.85,136.0,1.0,873.0,0.7,5121.0,0,0.15
0504510000000000100135,Apartadó,1184.0,0.5,478.0,0.8,748.0,0.7,354.0,0,0.55
0504510000000000070709,Apartadó,638.0,0.7,290.0,1.0,280.0,0.9,844.0,1,0.9
0504510000000000010608,Apartadó,971.0,0.7,323.0,0.8,623.0,0.7,966.0,0,0.55
0583710000000000020610,Turbo,255.0,0.85,242.0,1.0,61.0,1.0,3876.0,0,0.15
0504510000000000100102,Apartadó,1125.0,0.5,429.0,0.8,719.0,0.7,423.0,0,0.55
0583710000000000040525,Turbo,426.0,0.85,53.0,1.0,226.0,0.9,3914.0,0,0.15
0504510000000000060220,Apartadó,156.0,1.0,123.0,1.0,77.0,1.0,1100.0,0,0.35
0504510000000000100214,Apartadó,1370.0,0.5,722.0,0.6,1055.0,0.45,652.0,0,0.55
0504510000000000020406,Apartadó,227.0,0.85,107.0,1.0,293.0,0.9,467.0,0,0.55
0504510000000000030413,Apartadó,176.0,1.0,372.0,0.8,247.0,0.9,996.0,0,0.55
0583710000000000010513,Turbo,288.0,0.85,77.0,1.0,784.0,0.7,4893.0,0,0.15
0583710000000000030437,Turbo,476.0,0.85,180.0,1.0,911.0,0.7,5146.0,0,0.15
0583710000000000020323,Turbo,427.0,0.85,197.0,1.0,684.0,0.7,3429.0,0,0.15
0504510000000000010301,Apartadó,566.0,0.7,241.0,1.0,611.0,0.7,1506.0,0,0.35
0583710000000000030631,Turbo,878.0,0.7,319.0,0.8,1289.0,0.45,4644.0,0,0.15
0504510000000000020404,Apartadó,219.0,0.85,34.0,1.0,192.0,0.9,462.0,0,0.55
0583710000000000040752,Turbo,993.0,0.7,388.0,0.8,1381.0,0.45,4839.0,0,0.15
0583710000000000010126,Turbo,693.0,0.7,452.0,0.8,695.0,0.7,3585.0,0,0.15
0583710000000000020504,Turbo,265.0,0.85,231.0,1.0,229.0,0.9,4158.0,0,0.15
0504510000000000090411,Apartadó,339.0,0.85,200.0,1.0,201.0,0.9,1009.0,0,0.35
0504510000000000070703,Apartadó,484.0,0.85,382.0,0.8,252.0,0.9,754.0,1,0.9
0504510000000000020550,Apartadó,185.0,1.0,394.0,0.8,145.0,0.9,211.0,0,0.55
0504510000000000020414,Apartadó,90.0,1.0,32.0,1.0,250.0,0.9,337.0,0,0.55
0583710000000000030734,Turbo,1125.0,0.5,436.0,0.8,1362.0,0.45,4566.0,0,0.15
0504510000000000070502,Apartadó,373.0,0.85,129.0,1.0,142.0,0.9,1174.0,0,0.35
0504510000000000030611,Apartadó,354.0,0.85,185.0,1.0,284.0,0.9,1007.0,0,0.35
0583710000000000040162,Turbo,356.0,0.85,214.0,1.0,774.0,0.7,4832.0,0,0.15
0504510000000000010113,Apartadó,524.0,0.7,329.0,0.8,700.0,0.7,1539.0,0,0.35
0504510000000000050121,Apartadó,201.0,0.85,272.0,1.0,43.0,1.0,1109.0,0,0.35
0504510000000000070720,Apartadó,618.0,0.7,237.0,1.0,222.0,0.9,891.0,1,0.9
0504510000000000090115,Apartadó,729.0,0.7,90.0,1.0,174.0,0.9,648.0,0,0.55
0583710000000000030703,Turbo,925.0,0.7,311.0,0.8,1322.0,0.45,4647.0,0,0.15
0583710000000000020904,Turbo,674.0,0.7,470.0,0.8,921.0,0.7,3194.0,0,0.15
0504510000000000030106,Apartadó,411.0,0.85,151.0,1.0,98.0,1.0,702.0,0,0.55
0583710000000000040140,Turbo,817.0,0.7,140.0,1.0,1056.0,0.45,4308.0,0,0.15
0504510000000000080625,Apartadó,255.0,0.85,194.0,1.0,680.0,0.7,1149.0,0,0.35
0504510000000000060806,Apartadó,161.0,1.0,245.0,1.0,360.0,0.7,799.0,0,0.55
0504510000000000030525,Apartadó,125.0,1.0,113.0,1.0,53.0,1.0,1194.0,0,0.35
0504510000000000040318,Apartadó,99.0,1.0,18.0,1.0,92.0,1.0,1087.0,0,0.35
0504510000000000080602,Apartadó,486.0,0.85,366.0,0.8,555.0,0.7,919.0,0,0.55
0583710000000000040707,Turbo,761.0,0.7,199.0,1.0,1085.0,0.45,4464.0,0,0.15
0504510000000000080315,Apartadó,485.0,0.85,221.0,1.0,544.0,0.7,1397.0,0,0.35
0583710000000000030312,Turbo,196.0,1.0,75.0,1.0,732.0,0.7,4972.0,0,0.15
0504510000000000070424,Apartadó,105.0,1.0,325.0,0.8,143.0,0.9,1065.0,0,0.35
0504510000000000100303,Apartadó,802.0,0.7,162.0,1.0,514.0,0.7,745.0,0,0.55
0504510000000000080203,Apartadó,312.0,0.85,122.0,1.0,674.0,0.7,1423.0,0,0.35
0504510000000000100309,Apartadó,811.0,0.7,219.0,1.0,563.0,0.7,822.0,0,0.55
0504510000000000010128,Apartadó,449.0,0.85,410.0,0.8,1025.0,0.45,1525.0,0,0.35
0583710000000000020701,Turbo,81.0,1.0,327.0,0.8,378.0,0.7,3569.0,0,0.15
0504510000000000100607,Apartadó,1243.0,0.5,646.0,0.8,998.0,0.7,856.0,0,0.55
0504510000000000020529,Apartadó,64.0,1.0,190.0,1.0,171.0,0.9,621.0,0,0.55
0504510000000000100236,Apartadó,1471.0,0.5,778.0,0.6,1053.0,0.45,458.0,0,0.55
0504510000000000090414,Apartadó,396.0,0.85,268.0,1.0,285.0,0.9,951.0,0,0.55
0504510000000000100602,Apartadó,1213.0,0.5,584.0,0.8,934.0,0.7,730.0,0,0.55
0583710000000000050511,Turbo,1443.0,0.5,542.0,0.8,679.0,0.7,3763.0,0,0.15
0504510000000000020629,Apartadó,161.0,1.0,187.0,1.0,551.0,0.7,961.0,0,0.55
0504510000000000100613,Apartadó,1311.0,0.5,712.0,0.6,1064.0,0.45,877.0,0,0.55
0583710000000000010433,Turbo,881.0,0.7,642.0,0.8,902.0,0.7,3376.0,0,0.15
0504510000000000090418,Apartadó,466.0,0.85,265.0,1.0,350.0,0.7,928.0,0,0.55
0583710000000000040155,Turbo,342.0,0.85,90.0,1.0,581.0,0.7,4236.0,0,0.15
0504510000000000030708,Apartadó,487.0,0.85,482.0,0.8,223.0,0.9,856.0,0,0.55
0583710000000000030220,Turbo,749.0,0.7,65.0,1.0,1334.0,0.45,4959.0,0,0.15
0504510000000000090314,Apartadó,649.0,0.7,64.0,1.0,313.0,0.7,765.0,0,0.55
0583710000000000040216,Turbo,212.0,0.85,26.0,1.0,197.0,0.9,4093.0,0,0.15
0583710000000000030201,Turbo,346.0,0.85,190.0,1.0,907.0,0.7,5055.0,0,0.15
0583710000000000040145,Turbo,620.0,0.7,125.0,1.0,869.0,0.7,4283.0,0,0.15
0504510000000000060810,Apartadó,119.0,1.0,229.0,1.0,302.0,0.7,865.0,0,0.55
0504520030201800010118,Apartadó,1471.0,0.5,569.0,0.8,1618.0,0.45,617.0,0,0.55
0583710000000000040110,Turbo,181.0,1.0,115.0,1.0,605.0,0.7,4734.0,0,0.15
0504510000000000020201,Apartadó,100.0,1.0,305.0,0.8,62.0,1.0,809.0,0,0.55
0504520030201800010114,Apartadó,1350.0,0.5,236.0,1.0,1456.0,0.45,459.0,0,0.55
0583710000000000050406,Turbo,1294.0,0.5,352.0,0.8,800.0,0.7,3947.0,0,0.15
0583710000000000010434,Turbo,837.0,0.7,556.0,0.8,839.0,0.7,3469.0,0,0.15
0583710000000000040403,Turbo,182.0,1.0,83.0,1.0,142.0,0.9,4067.0,0,0.15
0504510000000000040714,Apartadó,448.0,0.85,147.0,1.0,130.0,0.9,913.0,0,0.55
0583710000000000030323,Turbo,600.0,0.7,199.0,1.0,1125.0,0.45,5276.0,0,0.15
0504510000000000010310,Apartadó,343.0,0.85,64.0,1.0,69.0,1.0,1312.0,0,0.35
0504510000000000050510,Apartadó,587.0,0.7,99.0,1.0,108.0,0.9,1007.0,1,0.9
0583710000000000030522,Turbo,268.0,0.85,91.0,1.0,809.0,0.7,4919.0,0,0.15
0583710000000000040309,Turbo,96.0,1.0,117.0,1.0,189.0,0.9,4335.0,0,0.15
0583710000000000050123,Turbo,1198.0,0.5,166.0,1.0,1008.0,0.45,4010.0,0,0.15
0504510000000000060304,Apartadó,162.0,1.0,108.0,1.0,356.0,0.7,705.0,0,0.55
0504510000000000070314,Apartadó,361.0,0.85,176.0,1.0,268.0,0.9,1154.0,0,0.35
0504510000000000070616,Apartadó,168.0,1.0,268.0,1.0,194.0,0.9,1237.0,0,0.35
0504510000000000010707,Apartadó,1172.0,0.5,596.0,0.8,474.0,0.7,677.0,0,0.55
0504510000000000020517,Apartadó,49.0,1.0,66.0,1.0,89.0,1.0,451.0,0,0.55
0504510000000000070627,Apartadó,164.0,1.0,355.0,0.8,52.0,1.0,1161.0,0,0.35
0583710000000000040203,Turbo,78.0,1.0,78.0,1.0,331.0,0.7,4582.0,0,0.15
0504510000000000030313,Apartadó,103.0,1.0,281.0,1.0,161.0,0.9,1086.0,0,0.35
0504510000000000010111,Apartadó,341.0,0.85,429.0,0.8,1041.0,0.45,1614.0,0,0.35
0504510000000000070112,Apartadó,176.0,1.0,104.0,1.0,227.0,0.9,1182.0,0,0.35
0504510000000000050111,Apartadó,348.0,0.85,200.0,1.0,57.0,1.0,1243.0,0,0.35
0583710000000000010216,Turbo,238.0,0.85,122.0,1.0,238.0,0.9,4121.0,0,0.15
0504510000000000060222,Apartadó,189.0,1.0,162.0,1.0,37.0,1.0,1138.0,0,0.35
0504510000000000070420,Apartadó,351.0,0.85,286.0,1.0,152.0,0.9,1117.0,0,0.35
0504510000000000020539,Apartadó,19.0,1.0,1370.0,0.6,368.0,0.7,770.0,0,0.55
0583720090104100010122,Turbo,1691.0,0.5,1765.0,0.35,1923.0,0.45,2101.0,0,0.35
0504510000000000050213,Apartadó,434.0,0.85,103.0,1.0,155.0,0.9,1157.0,0,0.35
0504510000000000070408,Apartadó,228.0,0.85,308.0,0.8,142.0,0.9,1132.0,0,0.35
0583710000000000030521,Turbo,313.0,0.85,47.0,1.0,838.0,0.7,4939.0,0,0.15
0504510000000000040314,Apartadó,208.0,0.85,59.0,1.0,84.0,1.0,1117.0,0,0.35
0583710000000000040746,Turbo,47.0,1.0,113.0,1.0,424.0,0.7,4462.0,0,0.15
0583710000000000050130,Turbo,1150.0,0.5,296.0,1.0,779.0,0.7,4056.0,0,0.15
0504510000000000040512,Apartadó,280.0,0.85,183.0,1.0,266.0,0.9,786.0,0,0.55
0504510000000000070228,Apartadó,84.0,1.0,218.0,1.0,182.0,0.9,1108.0,0,0.35
0583710000000000010604,Turbo,386.0,0.85,102.0,1.0,384.0,0.7,4428.0,0,0.15
0504510000000000010513,Apartadó,271.0,0.85,132.0,1.0,262.0,0.9,1061.0,0,0.35
0504510000000000100319,Apartadó,1112.0,0.5,502.0,0.8,854.0,0.7,782.0,0,0.55
0504510000000000010309,Apartadó,393.0,0.85,24.0,1.0,68.0,1.0,1364.0,0,0.35
0583710000000000050402,Turbo,1263.0,0.5,324.0,0.8,810.0,0.7,3978.0,0,0.15
0504510000000000090109,Apartadó,812.0,0.7,37.0,1.0,268.0,0.9,614.0,0,0.55
0504510000000000010502,Apartadó,389.0,0.85,176.0,1.0,318.0,0.7,1246.0,0,0.35
0583710000000000020503,Turbo,272.0,0.85,268.0,1.0,246.0,0.9,4100.0,0,0.15
0514720011200300010111,Carepa,11066.0,0.05,28.0,1.0,11207.0,0.05,11362.0,0,0.15
0504520030201800010115,Apartadó,1481.0,0.5,61.0,1.0,1596.0,0.45,547.0,0,0.55
0504510000000000060809,Apartadó,155.0,1.0,197.0,1.0,333.0,0.7,842.0,0,0.55
0583720090104100010305,Turbo,1132.0,0.5,1167.0,0.6,1306.0,0.45,2787.0,0,0.35
0583710000000000020104,Turbo,296.0,0.85,120.0,1.0,299.0,0.9,3836.0,0,0.15
0504510000000000040309,Apartadó,326.0,0.85,173.0,1.0,164.0,0.9,1040.0,0,0.35
0504510000000000100401,Apartadó,1425.0,0.5,794.0,0.6,1144.0,0.45,787.0,0,0.55
0504510000000000060627,Apartadó,304.0,0.85,240.0,1.0,108.0,0.9,880.0,0,0.55
0583710000000000010705,Turbo,1035.0,0.5,515.0,0.8,1037.0,0.45,3449.0,0,0.15
0583710000000000020105,Turbo,255.0,0.85,78.0,1.0,257.0,0.9,3887.0,0,0.15
0504510000000000070719,Apartadó,595.0,0.7,250.0,1.0,226.0,0.9,875.0,1,0.9
0504510000000000040519,Apartadó,440.0,0.85,410.0,0.8,482.0,0.7,562.0,0,0.55
0504510000000000060403,Apartadó,281.0,0.85,178.0,1.0,331.0,0.7,569.0,0,0.55
0504510000000000020222,Apartadó,508.0,0.7,47.0,1.0,139.0,0.9,724.0,0,0.55
0504510000000000080218,Apartadó,336.0,0.85,361.0,0.8,702.0,0.7,1660.0,0,0.35
0583710000000000040152,Turbo,789.0,0.7,381.0,0.8,1207.0,0.45,4947.0,0,0.15
0583710000000000050523,Turbo,1472.0,0.5,643.0,0.8,547.0,0.7,3696.0,0,0.15
0504510000000000040723,Apartadó,590.0,0.7,145.0,1.0,53.0,1.0,774.0,0,0.55
0504510000000000070421,Apartadó,313.0,0.85,320.0,0.8,128.0,0.9,1138.0,0,0.35
0504510000000000090415,Apartadó,416.0,0.85,286.0,1.0,313.0,0.7,933.0,0,0.55
0583710000000000010616,Turbo,619.0,0.7,251.0,1.0,618.0,0.7,4406.0,0,0.15
0504510000000000040612,Apartadó,49.0,1.0,90.0,1.0,154.0,0.9,885.0,0,0.55
0583710000000000030227,Turbo,881.0,0.7,110.0,1.0,1453.0,0.45,5033.0,0,0.15
0504510000000000080633,Apartadó,231.0,0.85,151.0,1.0,724.0,0.7,1173.0,0,0.35
0504510000000000030208,Apartadó,469.0,0.85,88.0,1.0,200.0,0.9,439.0,0,0.55
0583710000000000020813,Turbo,1087.0,0.5,843.0,0.6,1171.0,0.45,3087.0,0,0.15
0583710000000000010603,Turbo,313.0,0.85,129.0,1.0,311.0,0.7,4340.0,0,0.15
0583710000000000010445,Turbo,858.0,0.7,636.0,0.8,899.0,0.7,3348.0,0,0.15
0504510000000000100110,Apartadó,1263.0,0.5,597.0,0.8,905.0,0.7,521.0,0,0.55
0504510000000000060213,Apartadó,42.0,1.0,129.0,1.0,201.0,0.9,961.0,0,0.55
0504510000000000020622,Apartadó,220.0,0.85,222.0,1.0,527.0,0.7,736.0,0,0.55
0504510000000000100124,Apartadó,1241.0,0.5,590.0,0.8,928.0,0.7,611.0,0,0.55
0504510000000000020617,Apartadó,43.0,1.0,162.0,1.0,323.0,0.7,582.0,0,0.55
0504510000000000040139,Apartadó,457.0,0.85,73.0,1.0,157.0,0.9,997.0,0,0.55
0504510000000000070628,Apartadó,127.0,1.0,246.0,1.0,232.0,0.9,1278.0,0,0.35
0504510000000000010610,Apartadó,994.0,0.7,321.0,0.8,689.0,0.7,1004.0,0,0.35
0504510000000000100103,Apartadó,1158.0,0.5,464.0,0.8,754.0,0.7,421.0,0,0.55
0583720090104100010210,Turbo,1596.0,0.5,1633.0,0.35,1778.0,0.45,2417.0,0,0.35
0504510000000000060807,Apartadó,195.0,1.0,216.0,1.0,391.0,0.7,773.0,0,0.55
0583710000000000020130,Turbo,670.0,0.7,429.0,0.8,789.0,0.7,3354.0,0,0.15
0504510000000000010705,Apartadó,1199.0,0.5,651.0,0.8,425.0,0.7,615.0,0,0.55
0583710000000000030310,Turbo,474.0,0.85,66.0,1.0,1009.0,0.45,5240.0,0,0.15
0504510000000000070418,Apartadó,387.0,0.85,250.0,1.0,187.0,0.9,1115.0,0,0.35
0504510000000000010425,Apartadó,451.0,0.85,188.0,1.0,684.0,0.7,1352.0,0,0.35
0583710000000000030636,Turbo,486.0,0.85,160.0,1.0,1019.0,0.45,4873.0,0,0.15
0583710000000000030731,Turbo,1036.0,0.5,251.0,1.0,1545.0,0.45,4795.0,0,0.15
0504510000000000030109,Apartadó,436.0,0.85,142.0,1.0,189.0,0.9,602.0,0,0.55
0583710000000000040703,Turbo,886.0,0.7,170.0,1.0,1179.0,0.45,4440.0,0,0.15
0583710000000000040725,Turbo,679.0,0.7,152.0,1.0,1039.0,0.45,4517.0,0,0.15
0504510000000000080314,Apartadó,437.0,0.85,151.0,1.0,617.0,0.7,1303.0,0,0.35
0583710000000000030322,Turbo,502.0,0.7,127.0,1.0,1024.0,0.45,5223.0,0,0.15
0504510000000000050305,Apartadó,323.0,0.85,159.0,1.0,94.0,1.0,1175.0,0,0.35
0514720010400500010108,Carepa,5609.0,0.05,2667.0,0.35,1386.0,0.45,803.0,0,0.55
0514720010400500010110,Carepa,5557.0,0.05,2603.0,0.35,1351.0,0.45,870.0,0,0.55
0514720010400500010127,Carepa,5637.0,0.05,2885.0,0.35,1363.0,0.45,724.0,0,0.55
0514720010800600010106,Carepa,4361.0,0.25,723.0,0.6,85.0,1.0,1336.0,0,0.35
0514720010800600010113,Carepa,4164.0,0.25,576.0,0.8,125.0,0.9,1172.0,0,0.35
0514720010400800010104,Carepa,5916.0,0.05,1888.0,0.35,2081.0,0.45,1012.0,0,0.35
0514720010601400010103,Carepa,4919.0,0.25,4919.0,0.15,287.0,0.9,820.0,0,0.55
0505120020301700010104,Arboletes,15064.0,0.05,15064.0,0.05,65665.0,0.05,69739.0,0,0.15
0565920010400800010101,San Juan de Urabá,1962.0,0.5,1962.0,0.35,71979.0,0.05,73392.0,0,0.15
0583720200100700010103,Turbo,29167.0,0.05,770.0,0.6,15925.0,0.05,22897.0,0,0.15
0514720010401500010101,Carepa,5671.0,0.05,864.0,0.6,2540.0,0.45,1137.0,0,0.35
0583710000000000050117,Turbo,1326.0,0.5,288.0,1.0,1040.0,0.45,3995.0,0,0.15
0504510000000000100403,Apartadó,1500.0,0.5,871.0,0.6,1220.0,0.45,831.0,0,0.55
0583710000000000030809,Turbo,1170.0,0.5,447.0,0.8,1419.0,0.45,4590.0,0,0.15
0504510000000000080320,Apartadó,388.0,0.85,126.0,1.0,634.0,0.7,1372.0,0,0.35
0504510000000000040606,Apartadó,82.0,1.0,161.0,1.0,126.0,0.9,932.0,0,0.55
0504510000000000080301,Apartadó,408.0,0.85,169.0,1.0,773.0,0.7,1131.0,0,0.35
0583710000000000020209,Turbo,54.0,1.0,54.0,1.0,55.0,1.0,4086.0,0,0.15
0583710000000000040402,Turbo,57.0,1.0,28.0,1.0,110.0,0.9,4187.0,0,0.15
0504510000000000020611,Apartadó,210.0,0.85,89.0,1.0,451.0,0.7,753.0,0,0.55
0504510000000000010405,Apartadó,342.0,0.85,128.0,1.0,523.0,0.7,1243.0,0,0.35
0504510000000000080323,Apartadó,266.0,0.85,59.0,1.0,741.0,0.7,1362.0,0,0.35
0504510000000000040610,Apartadó,57.0,1.0,185.0,1.0,197.0,0.9,848.0,0,0.55
0583710000000000020602,Turbo,164.0,1.0,346.0,0.8,215.0,0.9,3834.0,0,0.15
0504510000000000040710,Apartadó,505.0,0.7,96.0,1.0,125.0,0.9,862.0,0,0.55
0583710000000000040301,Turbo,63.0,1.0,100.0,1.0,502.0,0.7,4734.0,0,0.15
0504510000000000040503,Apartadó,272.0,0.85,139.0,1.0,225.0,0.9,850.0,0,0.55
0504510000000000080120,Apartadó,475.0,0.85,84.0,1.0,91.0,1.0,1445.0,0,0.35
0504510000000000040301,Apartadó,259.0,0.85,73.0,1.0,52.0,1.0,1133.0,0,0.35
0504510000000000080604,Apartadó,504.0,0.7,353.0,0.8,612.0,0.7,899.0,0,0.55
0583710000000000020404,Turbo,47.0,1.0,290.0,1.0,322.0,0.7,3861.0,0,0.15
0514720010601400010102,Carepa,4888.0,0.25,4888.0,0.15,291.0,0.9,783.0,0,0.55
0583710000000000030443,Turbo,658.0,0.7,256.0,1.0,1194.0,0.45,5430.0,0,0.15
0583710000000000020609,Turbo,220.0,0.85,273.0,1.0,102.0,0.9,3829.0,0,0.15
0504510000000000060108,Apartadó,264.0,0.85,103.0,1.0,286.0,0.9,1064.0,0,0.35
0504510000000000030226,Apartadó,328.0,0.85,230.0,1.0,437.0,0.7,225.0,1,0.9
0583720090104100010208,Turbo,1663.0,0.5,1645.0,0.35,1815.0,0.45,2530.0,0,0.35
0583710000000000040747,Turbo,558.0,0.7,321.0,0.8,963.0,0.7,4721.0,0,0.15
0504510000000000070105,Apartadó,239.0,0.85,89.0,1.0,100.0,0.9,1040.0,0,0.35
0504510000000000080618,Apartadó,434.0,0.85,231.0,1.0,757.0,0.7,1004.0,0,0.35
0504510000000000010122,Apartadó,474.0,0.85,374.0,0.8,750.0,0.7,1589.0,0,0.35
0583710000000000030613,Turbo,690.0,0.7,292.0,1.0,1205.0,0.45,4758.0,0,0.15
0583710000000000030203,Turbo,755.0,0.7,105.0,1.0,1328.0,0.45,5053.0,0,0.15
0583710000000000020107,Turbo,228.0,0.85,141.0,1.0,251.0,0.9,3860.0,0,0.15
0504510000000000100408,Apartadó,1603.0,0.5,975.0,0.6,1325.0,0.45,894.0,0,0.55
0504510000000000040615,Apartadó,86.0,1.0,74.0,1.0,187.0,0.9,927.0,0,0.55
0583710000000000010607,Turbo,444.0,0.85,45.0,1.0,442.0,0.7,4496.0,0,0.15
0583710000000000030520,Turbo,337.0,0.85,58.0,1.0,877.0,0.7,4945.0,0,0.15
0504510000000000060117,Apartadó,282.0,0.85,130.0,1.0,235.0,0.9,1160.0,0,0.35
0504510000000000020621,Apartadó,183.0,1.0,197.0,1.0,490.0,0.7,706.0,0,0.55
0504510000000000050113,Apartadó,311.0,0.85,232.0,1.0,53.0,1.0,1279.0,0,0.35
0583710000000000040741,Turbo,294.0,0.85,38.0,1.0,673.0,0.7,4515.0,0,0.15
0583710000000000040522,Turbo,750.0,0.7,127.0,1.0,977.0,0.7,4270.0,0,0.15
0504510000000000040102,Apartadó,501.0,0.7,115.0,1.0,57.0,1.0,873.0,0,0.55
0583710000000000040217,Turbo,296.0,0.85,67.0,1.0,159.0,0.9,4007.0,0,0.15
0504510000000000020548,Apartadó,175.0,1.0,366.0,0.8,222.0,0.9,282.0,0,0.55
0504510000000000060522,Apartadó,185.0,1.0,125.0,1.0,186.0,0.9,694.0,0,0.55
0504510000000000020215,Apartadó,154.0,1.0,66.0,1.0,38.0,1.0,677.0,0,0.55
0583710000000000010206,Turbo,53.0,1.0,53.0,1.0,51.0,1.0,4158.0,0,0.15
0583710000000000020801,Turbo,1365.0,0.5,1142.0,0.6,1501.0,0.45,2795.0,0,0.35
0583710000000000020124,Turbo,361.0,0.85,192.0,1.0,466.0,0.7,3648.0,0,0.15
0504510000000000070522,Apartadó,393.0,0.85,137.0,1.0,122.0,0.9,1144.0,0,0.35
0504510000000000090321,Apartadó,574.0,0.7,105.0,1.0,247.0,0.9,831.0,0,0.55
0504510000000000040208,Apartadó,466.0,0.85,84.0,1.0,141.0,0.9,919.0,0,0.55
0583710000000000010412,Turbo,868.0,0.7,467.0,0.8,870.0,0.7,3524.0,0,0.15
0583720090104100010215,Turbo,1415.0,0.5,1496.0,0.6,1618.0,0.45,2455.0,0,0.35
0504510000000000100237,Apartadó,1573.0,0.5,884.0,0.6,1161.0,0.45,533.0,0,0.55
0504510000000000040516,Apartadó,331.0,0.85,331.0,0.8,396.0,0.7,672.0,0,0.55
0583710000000000030527,Turbo,220.0,0.85,148.0,1.0,790.0,0.7,4898.0,0,0.15
0583710000000000040137,Turbo,1091.0,0.5,371.0,0.8,1471.0,0.45,4841.0,0,0.15
0583710000000000050405,Turbo,1342.0,0.5,408.0,0.8,767.0,0.7,3891.0,0,0.15
0583710000000000020119,Turbo,675.0,0.7,446.0,0.8,761.0,0.7,3402.0,0,0.15
0504510000000000100224,Apartadó,1316.0,0.5,689.0,0.8,1040.0,0.45,765.0,0,0.55
0583710000000000010136,Turbo,513.0,0.7,270.0,1.0,515.0,0.7,3731.0,0,0.15
0583710000000000040758,Turbo,415.0,0.85,154.0,1.0,768.0,0.7,4417.0,0,0.15
0583710000000000010723,Turbo,660.0,0.7,299.0,1.0,661.0,0.7,3797.0,0,0.15
0504510000000000080211,Apartadó,241.0,0.85,173.0,1.0,734.0,0.7,1469.0,0,0.35
0583710000000000040154,Turbo,398.0,0.85,166.0,1.0,556.0,0.7,4162.0,0,0.15
0504510000000000060107,Apartadó,232.0,0.85,82.0,1.0,277.0,0.9,1033.0,0,0.35
0504510000000000030606,Apartadó,424.0,0.85,218.0,1.0,242.0,0.9,1037.0,0,0.35
0504510000000000080611,Apartadó,482.0,0.85,302.0,0.8,686.0,0.7,934.0,0,0.55
0583720090104100010106,Turbo,1811.0,0.5,1880.0,0.35,2045.0,0.45,1986.0,0,0.35
0583710000000000030428,Turbo,400.0,0.85,179.0,1.0,834.0,0.7,4974.0,0,0.15
0504510000000000080220,Apartadó,397.0,0.85,302.0,0.8,630.0,0.7,1683.0,0,0.35
0583710000000000030508,Turbo,365.0,0.85,221.0,1.0,968.0,0.7,5071.0,0,0.15
0504510000000000020601,Apartadó,118.0,1.0,126.0,1.0,456.0,0.7,855.0,0,0.55
0583710000000000010711,Turbo,940.0,0.7,299.0,1.0,942.0,0.7,3665.0,0,0.15
0504510000000000070735,Apartadó,601.0,0.7,434.0,0.8,381.0,0.7,695.0,1,0.9
0504510000000000090203,Apartadó,931.0,0.7,164.0,1.0,388.0,0.7,430.0,0,0.55
0583710000000000050218,Turbo,1369.0,0.5,379.0,0.8,871.0,0.7,3915.0,0,0.15
0583710000000000010130,Turbo,736.0,0.7,416.0,0.8,737.0,0.7,3632.0,0,0.15
0583710000000000010116,Turbo,480.0,0.85,226.0,1.0,482.0,0.7,3799.0,0,0.15
0583710000000000010725,Turbo,845.0,0.7,122.0,1.0,847.0,0.7,3847.0,0,0.15
0504510000000000100112,Apartadó,1203.0,0.5,534.0,0.8,843.0,0.7,508.0,0,0.55
0504510000000000100606,Apartadó,1250.0,0.5,637.0,0.8,989.0,0.7,803.0,0,0.55
0504510000000000010305,Apartadó,562.0,0.7,80.0,1.0,416.0,0.7,1426.0,0,0.35
0583710000000000010706,Turbo,1012.0,0.5,439.0,0.8,1014.0,0.45,3525.0,0,0.15
0504510000000000090103,Apartadó,860.0,0.7,43.0,1.0,308.0,0.7,557.0,0,0.55
0504510000000000060417,Apartadó,16.0,1.0,16.0,1.0,246.0,0.9,823.0,0,0.55
0504510000000000080106,Apartadó,462.0,0.85,294.0,1.0,675.0,0.7,1609.0,0,0.35
0504510000000000010704,Apartadó,1090.0,0.5,539.0,0.8,420.0,0.7,726.0,0,0.55
0583710000000000030431,Turbo,321.0,0.85,130.0,1.0,735.0,0.7,4943.0,0,0.15
0504510000000000060414,Apartadó,171.0,1.0,69.0,1.0,235.0,0.9,687.0,0,0.55
0504510000000000010507,Apartadó,101.0,1.0,173.0,1.0,37.0,1.0,1064.0,0,0.35
0504510000000000040204,Apartadó,427.0,0.85,101.0,1.0,76.0,1.0,937.0,0,0.55
0504510000000000080319,Apartadó,327.0,0.85,40.0,1.0,724.0,0.7,1301.0,0,0.35
0583710000000000050122,Turbo,1271.0,0.5,254.0,1.0,952.0,0.7,4044.0,0,0.15
0583710000000000040755,Turbo,765.0,0.7,440.0,0.8,1172.0,0.45,4843.0,0,0.15
0504510000000000070503,Apartadó,362.0,0.85,186.0,1.0,74.0,1.0,1239.0,0,0.35
0504510000000000100505,Apartadó,1551.0,0.5,973.0,0.6,1324.0,0.45,1072.0,0,0.35
0504510000000000100616,Apartadó,1064.0,0.5,498.0,0.8,843.0,0.7,891.0,0,0.55
0514720011200300010105,Carepa,11089.0,0.05,76.0,1.0,11230.0,0.05,11377.0,0,0.15
0514720011200300010118,Carepa,10826.0,0.05,51.0,1.0,10967.0,0.05,11119.0,0,0.15
0514720011200300010119,Carepa,10917.0,0.05,43.0,1.0,11057.0,0.05,11205.0,0,0.15
0514720011200300010121,Carepa,10753.0,0.05,185.0,1.0,10896.0,0.05,11066.0,0,0.15
0514720010400400010116,Carepa,5450.0,0.05,2126.0,0.35,1460.0,0.45,718.0,0,0.55
0514720010400500010102,Carepa,5718.0,0.05,2689.0,0.35,1495.0,0.45,711.0,0,0.55
0514720010400500010112,Carepa,5572.0,0.05,2667.0,0.35,1347.0,0.45,832.0,0,0.55
0514720010400500010119,Carepa,5513.0,0.05,2740.0,0.35,1264.0,0.45,862.0,0,0.55
0514720010800600010105,Carepa,4368.0,0.25,739.0,0.6,106.0,0.9,1311.0,0,0.35
0514720010501100010109,Carepa,3815.0,0.25,278.0,1.0,2448.0,0.45,1098.0,0,0.35
0514720010801200010103,Carepa,4439.0,0.25,1208.0,0.6,211.0,0.9,739.0,0,0.55
0514720010801200010104,Carepa,4376.0,0.25,1182.0,0.6,174.0,0.9,676.0,0,0.55
0565920010400800010107,San Juan de Urabá,2377.0,0.25,2377.0,0.35,71766.0,0.05,73260.0,0,0.15
0505120040101900010104,Arboletes,24484.0,0.05,10546.0,0.05,57556.0,0.05,63337.0,0,0.15
0514720010401500010105,Carepa,5158.0,0.05,194.0,1.0,2774.0,0.45,1482.0,0,0.35
0583710000000000030231,Turbo,777.0,0.7,354.0,0.8,1310.0,0.45,5312.0,0,0.15
0504510000000000010604,Apartadó,746.0,0.7,65.0,1.0,739.0,0.7,1203.0,0,0.35
0504510000000000100208,Apartadó,1425.0,0.5,764.0,0.6,1068.0,0.45,583.0,0,0.55
0583710000000000030609,Turbo,587.0,0.7,277.0,1.0,1135.0,0.45,4869.0,0,0.15
0504510000000000100317,Apartadó,1005.0,0.5,397.0,0.8,748.0,0.7,779.0,0,0.55
0504510000000000010603,Apartadó,671.0,0.7,24.0,1.0,789.0,0.7,1283.0,0,0.35
0583710000000000040116,Turbo,73.0,1.0,233.0,1.0,318.0,0.7,4363.0,0,0.15
0583710000000000040305,Turbo,153.0,1.0,81.0,1.0,351.0,0.7,4533.0,0,0.15
0504510000000000060405,Apartadó,323.0,0.85,196.0,1.0,324.0,0.7,555.0,0,0.55
0583710000000000020324,Turbo,440.0,0.85,287.0,1.0,751.0,0.7,3325.0,0,0.15
0504510000000000050407,Apartadó,744.0,0.7,205.0,1.0,180.0,0.9,838.0,0,0.55
0583720090104100010115,Turbo,2328.0,0.25,2383.0,0.35,2565.0,0.45,1533.0,0,0.35
0583710000000000010517,Turbo,144.0,1.0,125.0,1.0,668.0,0.7,4776.0,0,0.15
0583710000000000030709,Turbo,886.0,0.7,74.0,1.0,1469.0,0.45,4935.0,0,0.15
0583710000000000030505,Turbo,237.0,0.85,232.0,1.0,842.0,0.7,4948.0,0,0.15
0504510000000000020625,Apartadó,223.0,0.85,172.0,1.0,511.0,0.7,758.0,0,0.55
0504520030201800010116,Apartadó,1588.0,0.5,69.0,1.0,1703.0,0.45,651.0,0,0.55
0583710000000000040619,Turbo,1227.0,0.5,245.0,1.0,1629.0,0.45,5072.0,0,0.15
0504510000000000020413,Apartadó,84.0,1.0,74.0,1.0,149.0,0.9,295.0,0,0.55
0583710000000000030718,Turbo,1011.0,0.5,459.0,0.8,1201.0,0.45,4498.0,0,0.15
0583710000000000030626,Turbo,837.0,0.7,469.0,0.8,1123.0,0.45,4535.0,0,0.15
0504510000000000020305,Apartadó,199.0,1.0,51.0,1.0,45.0,1.0,595.0,0,0.55
0583710000000000010622,Turbo,411.0,0.85,74.0,1.0,409.0,0.7,4458.0,0,0.15
0504510000000000030303,Apartadó,96.0,1.0,283.0,1.0,187.0,0.9,1224.0,0,0.35
0504510000000000100116,Apartadó,1036.0,0.5,359.0,0.8,673.0,0.7,512.0,0,0.55
0504510000000000020619,Apartadó,106.0,1.0,161.0,1.0,409.0,0.7,643.0,0,0.55
0504510000000000060819,Apartadó,137.0,1.0,261.0,1.0,207.0,0.9,996.0,0,0.55
0583710000000000030424,Turbo,248.0,0.85,93.0,1.0,660.0,0.7,4870.0,0,0.15
0504510000000000090316,Apartadó,679.0,0.7,21.0,1.0,371.0,0.7,775.0,0,0.55
0583710000000000040751,Turbo,920.0,0.7,391.0,0.8,1305.0,0.45,4788.0,0,0.15
0504510000000000010106,Apartadó,428.0,0.85,500.0,0.8,937.0,0.7,1588.0,0,0.35
0504510000000000030418,Apartadó,207.0,0.85,262.0,1.0,207.0,0.9,907.0,0,0.55
0583710000000000010318,Turbo,158.0,1.0,86.0,1.0,156.0,0.9,4240.0,0,0.15
0504510000000000030404,Apartadó,110.0,1.0,328.0,0.8,55.0,1.0,1081.0,0,0.35
0583710000000000030511,Turbo,255.0,0.85,199.0,1.0,859.0,0.7,4961.0,0,0.15
0583710000000000030808,Turbo,1197.0,0.5,442.0,0.8,1491.0,0.45,4642.0,0,0.15
0583710000000000020305,Turbo,87.0,1.0,272.0,1.0,290.0,0.9,3889.0,0,0.15
0504510000000000070315,Apartadó,395.0,0.85,212.0,1.0,228.0,0.9,1132.0,0,0.35
0504510000000000090402,Apartadó,493.0,0.85,156.0,1.0,210.0,0.9,919.0,0,0.55
0504510000000000070428,Apartadó,174.0,1.0,249.0,1.0,104.0,0.9,1099.0,0,0.35
0583710000000000020903,Turbo,491.0,0.85,294.0,1.0,780.0,0.7,3331.0,0,0.15
0504510000000000070423,Apartadó,240.0,0.85,399.0,0.8,61.0,1.0,1105.0,0,0.35
0583710000000000020122,Turbo,593.0,0.7,383.0,0.8,658.0,0.7,3501.0,0,0.15
0504510000000000060820,Apartadó,170.0,1.0,170.0,1.0,363.0,0.7,821.0,0,0.55
0504510000000000040407,Apartadó,76.0,1.0,76.0,1.0,102.0,0.9,956.0,0,0.55
0504510000000000070122,Apartadó,42.0,1.0,233.0,1.0,70.0,1.0,1223.0,0,0.35
0504510000000000080634,Apartadó,499.0,0.85,279.0,1.0,810.0,0.7,975.0,0,0.55
0504510000000000060812,Apartadó,53.0,1.0,176.0,1.0,159.0,0.9,997.0,0,0.55
0504510000000000100314,Apartadó,742.0,0.7,88.0,1.0,439.0,0.7,745.0,0,0.55
0583710000000000010431,Turbo,944.0,0.7,685.0,0.8,976.0,0.7,3313.0,0,0.15
0504510000000000070434,Apartadó,236.0,0.85,350.0,0.8,143.0,0.9,1191.0,0,0.35
0504510000000000030609,Apartadó,305.0,0.85,201.0,1.0,249.0,0.9,888.0,0,0.55
0504510000000000090204,Apartadó,949.0,0.7,202.0,1.0,413.0,0.7,411.0,0,0.55
0504510000000000020410,Apartadó,56.0,1.0,121.0,1.0,39.0,1.0,349.0,0,0.55
0504510000000000100231,Apartadó,1505.0,0.5,813.0,0.6,1088.0,0.45,481.0,0,0.55
0504510000000000030603,Apartadó,387.0,0.85,315.0,0.8,155.0,0.9,974.0,0,0.55
0504510000000000030205,Apartadó,575.0,0.7,173.0,1.0,159.0,0.9,509.0,0,0.55
0504510000000000070101,Apartadó,180.0,1.0,224.0,1.0,207.0,0.9,1005.0,0,0.35
0504510000000000090413,Apartadó,376.0,0.85,243.0,1.0,256.0,0.9,969.0,0,0.55
0583710000000000050113,Turbo,815.0,0.7,136.0,1.0,816.0,0.7,4090.0,0,0.15
0504510000000000100114,Apartadó,1121.0,0.5,438.0,0.8,743.0,0.7,473.0,0,0.55
0583710000000000040124,Turbo,288.0,0.85,200.0,1.0,712.0,0.7,4740.0,0,0.15
0583710000000000020201,Turbo,215.0,0.85,54.0,1.0,216.0,0.9,3941.0,0,0.15
0583710000000000040736,Turbo,591.0,0.7,208.0,1.0,967.0,0.7,4607.0,0,0.15
0583710000000000020106,Turbo,194.0,1.0,106.0,1.0,196.0,0.9,3915.0,0,0.15
0583710000000000050502,Turbo,1432.0,0.5,501.0,0.8,736.0,0.7,3795.0,0,0.15
0504510000000000100130,Apartadó,1218.0,0.5,513.0,0.8,783.0,0.7,352.0,0,0.55
0504510000000000030701,Apartadó,372.0,0.85,261.0,1.0,35.0,1.0,863.0,0,0.55
0504510000000000060110,Apartadó,322.0,0.85,158.0,1.0,325.0,0.7,1105.0,0,0.35
0583710000000000050403,Turbo,1305.0,0.5,349.0,0.8,820.0,0.7,3946.0,0,0.15
0504510000000000030323,Apartadó,283.0,0.85,333.0,0.8,91.0,1.0,1001.0,0,0.35
0583720090104100010201,Turbo,1684.0,0.5,1727.0,0.35,1870.0,0.45,2332.0,0,0.35
0583710000000000030802,Turbo,1149.0,0.5,439.0,0.8,1396.0,0.45,4582.0,0,0.15
0504510000000000050517,Apartadó,724.0,0.7,217.0,1.0,253.0,0.9,867.0,1,0.9
0504510000000000090505,Apartadó,970.0,0.7,258.0,1.0,488.0,0.7,419.0,1,0.9
0504510000000000070131,Apartadó,71.0,1.0,236.0,1.0,175.0,0.9,1113.0,0,0.35
0583710000000000030417,Turbo,450.0,0.85,120.0,1.0,984.0,0.7,5229.0,0,0.15
0504510000000000090404,Apartadó,520.0,0.7,136.0,1.0,271.0,0.9,926.0,0,0.55
0583720090104100010121,Turbo,1846.0,0.5,1908.0,0.35,2084.0,0.45,1936.0,0,0.35
0583710000000000010316,Turbo,138.0,1.0,186.0,1.0,516.0,0.7,4622.0,0,0.15
0504510000000000060425,Apartadó,136.0,1.0,25.0,1.0,186.0,0.9,743.0,0,0.55
0583710000000000040757,Turbo,574.0,0.7,56.0,1.0,928.0,0.7,4455.0,0,0.15
0504510000000000010504,Apartadó,313.0,0.85,199.0,1.0,326.0,0.7,1149.0,0,0.35
0504510000000000070119,Apartadó,47.0,1.0,219.0,1.0,150.0,0.9,1147.0,0,0.35
0504510000000000010133,Apartadó,217.0,0.85,441.0,0.8,979.0,0.7,1615.0,0,0.35
0504510000000000010303,Apartadó,593.0,0.7,144.0,1.0,512.0,0.7,1475.0,0,0.35
0504510000000000010508,Apartadó,158.0,1.0,182.0,1.0,51.0,1.0,1065.0,0,0.35
0504510000000000080321,Apartadó,307.0,0.85,41.0,1.0,720.0,0.7,1337.0,0,0.35
0583710000000000010442,Turbo,906.0,0.7,682.0,0.8,947.0,0.7,3317.0,0,0.15
0504510000000000040604,Apartadó,119.0,1.0,165.0,1.0,99.0,1.0,977.0,0,0.55
0504510000000000100230,Apartadó,1539.0,0.5,849.0,0.6,1125.0,0.45,507.0,0,0.55
0583710000000000030717,Turbo,977.0,0.7,411.0,0.8,1236.0,0.45,4546.0,0,0.15
0504510000000000040609,Apartadó,53.0,1.0,175.0,1.0,176.0,0.9,871.0,0,0.55
0504510000000000020623,Apartadó,259.0,0.85,158.0,1.0,523.0,0.7,801.0,0,0.55
0504510000000000030530,Apartadó,244.0,0.85,109.0,1.0,160.0,0.9,984.0,0,0.55
0504510000000000010124,Apartadó,519.0,0.7,383.0,0.8,759.0,0.7,1547.0,0,0.35
0504510000000000020552,Apartadó,208.0,0.85,272.0,1.0,108.0,0.9,63.0,0,0.75
0504510000000000040306,Apartadó,266.0,0.85,69.0,1.0,134.0,0.9,1092.0,0,0.35
0504510000000000080118,Apartadó,503.0,0.7,108.0,1.0,73.0,1.0,1474.0,0,0.35
0583710000000000010503,Turbo,219.0,0.85,136.0,1.0,570.0,0.7,4679.0,0,0.15
0504510000000000030114,Apartadó,519.0,0.7,158.0,1.0,63.0,1.0,597.0,0,0.55
0504510000000000060814,Apartadó,167.0,1.0,167.0,1.0,305.0,0.7,912.0,0,0.55
0504510000000000080212,Apartadó,244.0,0.85,213.0,1.0,736.0,0.7,1507.0,0,0.35
0583710000000000030801,Turbo,1208.0,0.5,534.0,0.8,1330.0,0.45,4481.0,0,0.15
0504510000000000030212,Apartadó,260.0,0.85,116.0,1.0,378.0,0.7,343.0,0,0.55
0504510000000000040205,Apartadó,414.0,0.85,44.0,1.0,28.0,1.0,961.0,0,0.55
0504510000000000010714,Apartadó,1296.0,0.5,673.0,0.8,619.0,0.7,669.0,0,0.55
0504510000000000020112,Apartadó,40.0,1.0,252.0,1.0,51.0,1.0,754.0,0,0.55
0504510000000000090319,Apartadó,599.0,0.7,54.0,1.0,301.0,0.7,837.0,0,0.55
0504510000000000080219,Apartadó,368.0,0.85,329.0,0.8,664.0,0.7,1673.0,0,0.35
0583710000000000030736,Turbo,1169.0,0.5,513.0,0.8,1303.0,0.45,4484.0,0,0.15
0583710000000000010712,Turbo,772.0,0.7,291.0,1.0,773.0,0.7,3719.0,0,0.15
0504510000000000010316,Apartadó,289.0,0.85,116.0,1.0,73.0,1.0,1257.0,0,0.35
0504510000000000070631,Apartadó,158.0,1.0,254.0,1.0,231.0,0.9,1258.0,0,0.35
0504510000000000070710,Apartadó,402.0,0.85,382.0,0.8,230.0,0.9,739.0,1,0.9
0504510000000000090207,Apartadó,895.0,0.7,200.0,1.0,391.0,0.7,481.0,0,0.55
0504510000000000020542,Apartadó,24.0,1.0,166.0,1.0,242.0,0.9,752.0,0,0.55
0504510000000000060616,Apartadó,283.0,0.85,283.0,1.0,256.0,0.9,729.0,0,0.55
0504510000000000020534,Apartadó,37.0,1.0,64.0,1.0,205.0,0.9,492.0,0,0.55
0504510000000000090309,Apartadó,739.0,0.7,88.0,1.0,395.0,0.7,685.0,0,0.55
0504510000000000020511,Apartadó,291.0,0.85,369.0,0.8,56.0,1.0,60.0,0,0.75
0583710000000000010117,Turbo,541.0,0.7,290.0,1.0,542.0,0.7,3741.0,0,0.15
0504510000000000040725,Apartadó,658.0,0.7,75.0,1.0,142.0,0.9,702.0,0,0.55
0504510000000000030105,Apartadó,354.0,0.85,145.0,1.0,177.0,0.9,748.0,0,0.55
0504510000000000090323,Apartadó,854.0,0.7,197.0,1.0,520.0,0.7,624.0,0,0.55
0583710000000000010221,Turbo,418.0,0.85,239.0,1.0,419.0,0.7,4096.0,0,0.15
0583710000000000040528,Turbo,436.0,0.85,130.0,1.0,337.0,0.7,3753.0,0,0.15
0583710000000000040721,Turbo,438.0,0.85,188.0,1.0,810.0,0.7,4517.0,0,0.15
0504510000000000050323,Apartadó,395.0,0.85,76.0,1.0,114.0,0.9,1103.0,0,0.35
0504510000000000050317,Apartadó,310.0,0.85,219.0,1.0,148.0,0.9,1162.0,0,0.35
0504510000000000080514,Apartadó,110.0,1.0,195.0,1.0,865.0,0.7,1418.0,0,0.35
0583710000000000010435,Turbo,753.0,0.7,530.0,0.8,811.0,0.7,3390.0,0,0.15
0583710000000000020131,Turbo,705.0,0.7,468.0,0.8,808.0,0.7,3350.0,0,0.15
0504510000000000080409,Apartadó,198.0,1.0,90.0,1.0,818.0,0.7,1336.0,0,0.35
0583710000000000030326,Turbo,604.0,0.7,191.0,1.0,1139.0,0.45,5361.0,0,0.15
0504510000000000040320,Apartadó,91.0,1.0,75.0,1.0,113.0,0.9,1063.0,0,0.35
0504510000000000100129,Apartadó,1162.0,0.5,451.0,0.8,709.0,0.7,330.0,0,0.55
0504510000000000030207,Apartadó,473.0,0.85,58.0,1.0,142.0,0.9,506.0,0,0.55
0583710000000000050120,Turbo,1216.0,0.5,177.0,1.0,1034.0,0.45,3985.0,0,0.15
0583710000000000020816,Turbo,1008.0,0.5,767.0,0.6,1060.0,0.45,3220.0,0,0.15
0504510000000000030602,Apartadó,332.0,0.85,370.0,0.8,100.0,1.0,1010.0,0,0.35
0504510000000000060811,Apartadó,65.0,1.0,233.0,1.0,245.0,0.9,916.0,0,0.55
0504510000000000030612,Apartadó,353.0,0.85,161.0,1.0,278.0,0.9,1039.0,0,0.35
0504510000000000030322,Apartadó,258.0,0.85,228.0,1.0,27.0,1.0,966.0,0,0.55
0504510000000000080121,Apartadó,442.0,0.85,57.0,1.0,86.0,1.0,1411.0,0,0.35
0583710000000000040717,Turbo,266.0,0.85,57.0,1.0,612.0,0.7,4378.0,0,0.15
0583710000000000010519,Turbo,264.0,0.85,21.0,1.0,721.0,0.7,4829.0,0,0.15
0583710000000000030611,Turbo,595.0,0.7,218.0,1.0,1182.0,0.45,4987.0,0,0.15
0504510000000000010524,Apartadó,131.0,1.0,91.0,1.0,122.0,0.9,987.0,0,0.55
0504520030201800010117,Apartadó,1611.0,0.5,100.0,1.0,1731.0,0.45,662.0,0,0.55
0583720090104100010103,Turbo,2013.0,0.25,2088.0,0.35,2239.0,0.45,1857.0,0,0.35
0504510000000000020558,Apartadó,630.0,0.7,721.0,0.6,365.0,0.7,433.0,0,0.55
0504510000000000020530,Apartadó,96.0,1.0,108.0,1.0,143.0,0.9,537.0,0,0.55
0504510000000000040621,Apartadó,116.0,1.0,184.0,1.0,260.0,0.9,781.0,0,0.55
0504510000000000060619,Apartadó,278.0,0.85,278.0,1.0,174.0,0.9,814.0,0,0.55
0583710000000000040750,Turbo,850.0,0.7,422.0,0.8,1239.0,0.45,4775.0,0,0.15
0583710000000000030526,Turbo,248.0,0.85,133.0,1.0,819.0,0.7,4928.0,0,0.15
0504510000000000070438,Apartadó,179.0,1.0,278.0,1.0,197.0,0.9,1041.0,0,0.35
0504510000000000030710,Apartadó,549.0,0.7,698.0,0.8,447.0,0.7,630.0,0,0.55
0504510000000000020603,Apartadó,183.0,1.0,80.0,1.0,448.0,0.7,793.0,0,0.55
0514720010400400010103,Carepa,5518.0,0.05,2041.0,0.35,1574.0,0.45,715.0,0,0.55
0504510000000000080215,Apartadó,393.0,0.85,297.0,1.0,600.0,0.7,1599.0,0,0.35
0583710000000000030434,Turbo,481.0,0.85,216.0,1.0,892.0,0.7,5102.0,0,0.15
0504510000000000050412,Apartadó,645.0,0.7,136.0,1.0,171.0,0.9,838.0,0,0.55
0504510000000000070718,Apartadó,568.0,0.7,266.0,1.0,234.0,0.9,859.0,1,0.9
0504510000000000020402,Apartadó,135.0,1.0,147.0,1.0,57.0,1.0,424.0,0,0.55
0504510000000000010525,Apartadó,204.0,0.85,302.0,0.8,81.0,1.0,954.0,0,0.55
0583710000000000030105,Turbo,211.0,0.85,61.0,1.0,369.0,0.7,4489.0,0,0.15
0504510000000000040405,Apartadó,58.0,1.0,58.0,1.0,174.0,0.9,950.0,0,0.55
0583710000000000020320,Turbo,204.0,0.85,207.0,1.0,518.0,0.7,3490.0,0,0.15
0504510000000000100341,Apartadó,895.0,0.7,240.0,1.0,583.0,0.7,654.0,0,0.55
0504510000000000090104,Apartadó,873.0,0.7,33.0,1.0,317.0,0.7,521.0,0,0.55
0583710000000000040748,Turbo,628.0,0.7,363.0,0.8,1033.0,0.45,4761.0,0,0.15
0583710000000000020608,Turbo,171.0,1.0,329.0,0.8,148.0,0.9,3808.0,0,0.15
0583710000000000040713,Turbo,257.0,0.85,56.0,1.0,551.0,0.7,4283.0,0,0.15
0504510000000000030617,Apartadó,270.0,0.85,174.0,1.0,209.0,0.9,989.0,0,0.55
0583720090104100010302,Turbo,1336.0,0.5,1269.0,0.6,1455.0,0.45,2869.0,0,0.35
0583710000000000040406,Turbo,340.0,0.85,158.0,1.0,72.0,1.0,3914.0,0,0.15
0583710000000000020905,Turbo,655.0,0.7,441.0,0.8,888.0,0.7,3227.0,0,0.15
0504520030201800010105,Apartadó,1386.0,0.5,253.0,1.0,1517.0,0.45,436.0,0,0.55
0504510000000000080310,Apartadó,446.0,0.85,172.0,1.0,677.0,0.7,1195.0,0,0.35
0583710000000000030413,Turbo,353.0,0.85,76.0,1.0,813.0,0.7,5060.0,0,0.15
0504510000000000100617,Apartadó,1012.0,0.5,476.0,0.8,812.0,0.7,940.0,0,0.55
0504510000000000060202,Apartadó,146.0,1.0,220.0,1.0,341.0,0.7,829.0,0,0.55
0583720090104100010207,Turbo,1664.0,0.5,1688.0,0.35,1839.0,0.45,2403.0,0,0.35
0583710000000000040211,Turbo,174.0,1.0,134.0,1.0,241.0,0.9,4421.0,0,0.15
0504510000000000040741,Apartadó,682.0,0.7,65.0,1.0,271.0,0.9,694.0,0,0.55
0504510000000000020202,Apartadó,104.0,1.0,240.0,1.0,164.0,0.9,814.0,0,0.55
0504510000000000100117,Apartadó,1010.0,0.5,331.0,0.8,646.0,0.7,519.0,0,0.55
0583710000000000020204,Turbo,72.0,1.0,72.0,1.0,74.0,1.0,4044.0,0,0.15
0583710000000000030202,Turbo,699.0,0.7,148.0,1.0,1272.0,0.45,5067.0,0,0.15
0504510000000000050303,Apartadó,332.0,0.85,139.0,1.0,39.0,1.0,1112.0,0,0.35
0504510000000000100301,Apartadó,774.0,0.7,118.0,1.0,464.0,0.7,715.0,0,0.55
0514720010400400010123,Carepa,5508.0,0.05,2230.0,0.35,1461.0,0.45,821.0,0,0.55
0514720010800600010109,Carepa,4312.0,0.25,680.0,0.8,130.0,0.9,1305.0,0,0.35
0514720010601400010108,Carepa,4831.0,0.25,4831.0,0.15,147.0,0.9,680.0,0,0.55
0504520020301700010107,Apartadó,4573.0,0.25,937.0,0.6,179.0,0.9,1415.0,0,0.35
0504520020301700010109,Apartadó,4506.0,0.25,876.0,0.6,138.0,0.9,1366.0,0,0.35
0565920010400800010109,San Juan de Urabá,2280.0,0.25,2280.0,0.35,71630.0,0.05,73091.0,0,0.15
0583710000000000050514,Turbo,1352.0,0.5,481.0,0.8,663.0,0.7,3842.0,0,0.15
0504510000000000060501,Apartadó,309.0,0.85,200.0,1.0,309.0,0.7,569.0,0,0.55
0504510000000000020557,Apartadó,532.0,0.7,688.0,0.8,312.0,0.7,380.0,0,0.55
0583710000000000030820,Turbo,1280.0,0.5,513.0,0.8,1536.0,0.45,4631.0,0,0.15
0583710000000000030517,Turbo,326.0,0.85,107.0,1.0,892.0,0.7,4990.0,0,0.15
0583710000000000010144,Turbo,878.0,0.7,302.0,0.8,879.0,0.7,3668.0,0,0.15
0504510000000000100201,Apartadó,1357.0,0.5,674.0,0.8,964.0,0.7,468.0,0,0.55
0504510000000000070123,Apartadó,60.0,1.0,207.0,1.0,60.0,1.0,1231.0,0,0.35
0504510000000000070518,Apartadó,332.0,0.85,73.0,1.0,149.0,0.9,1107.0,0,0.35
0504510000000000040214,Apartadó,315.0,0.85,93.0,1.0,67.0,1.0,1049.0,0,0.35
0504510000000000100109,Apartadó,1293.0,0.5,628.0,0.8,934.0,0.7,527.0,0,0.55
0583710000000000040745,Turbo,52.0,1.0,158.0,1.0,419.0,0.7,4405.0,0,0.15
0504510000000000040210,Apartadó,347.0,0.85,108.0,1.0,79.0,1.0,1028.0,0,0.35
0583710000000000030314,Turbo,184.0,1.0,152.0,1.0,726.0,0.7,4876.0,0,0.15
0583710000000000030328,Turbo,717.0,0.7,215.0,1.0,1260.0,0.45,5157.0,0,0.15
0504510000000000030704,Apartadó,491.0,0.85,217.0,1.0,68.0,1.0,749.0,0,0.55
0504520010201000010101,Apartadó,2251.0,0.25,1902.0,0.35,208.0,0.9,321.0,0,0.55
0504510000000000030403,Apartadó,61.0,1.0,385.0,0.8,103.0,0.9,1097.0,0,0.35
0583710000000000040212,Turbo,172.0,1.0,177.0,1.0,211.0,0.9,4341.0,0,0.15
0504510000000000060633,Apartadó,411.0,0.85,373.0,0.8,396.0,0.7,569.0,0,0.55
0504510000000000100315,Apartadó,937.0,0.7,336.0,0.8,686.0,0.7,798.0,0,0.55
0504510000000000010107,Apartadó,482.0,0.85,442.0,0.8,988.0,0.7,1514.0,0,0.35
0583710000000000020407,Turbo,179.0,1.0,288.0,1.0,289.0,0.9,4023.0,0,0.15
0504520010201000010106,Apartadó,1964.0,0.5,1693.0,0.35,265.0,0.9,634.0,0,0.55
0583710000000000030523,Turbo,287.0,0.85,86.0,1.0,836.0,0.7,4946.0,0,0.15
0583710000000000020314,Turbo,182.0,1.0,125.0,1.0,446.0,0.7,3627.0,0,0.15
0504510000000000010613,Apartadó,740.0,0.7,70.0,1.0,835.0,0.7,1230.0,0,0.35
0504510000000000030310,Apartadó,66.0,1.0,271.0,1.0,149.0,0.9,1120.0,0,0.35
0504510000000000040315,Apartadó,143.0,1.0,95.0,1.0,121.0,0.9,1114.0,0,0.35
0504510000000000050503,Apartadó,703.0,0.7,174.0,1.0,206.0,0.9,890.0,1,0.9
0583710000000000050515,Turbo,1385.0,0.5,517.0,0.8,644.0,0.7,3805.0,0,0.15
0583720090104100010304,Turbo,1344.0,0.5,1208.0,0.6,1437.0,0.45,2978.0,0,0.35
0583710000000000030612,Turbo,633.0,0.7,234.0,1.0,1186.0,0.45,4870.0,0,0.15
0504510000000000040202,Apartadó,366.0,0.85,137.0,1.0,51.0,1.0,1000.0,0,0.55
0583710000000000050504,Turbo,1498.0,0.5,573.0,0.8,712.0,0.7,3723.0,0,0.15
0583710000000000040759,Turbo,372.0,0.85,110.0,1.0,752.0,0.7,4554.0,0,0.15
0504510000000000100238,Apartadó,1601.0,0.5,916.0,0.6,1196.0,0.45,572.0,0,0.55
0504510000000000090121,Apartadó,680.0,0.7,96.0,1.0,124.0,0.9,694.0,0,0.55
0504510000000000080217,Apartadó,304.0,0.85,277.0,1.0,698.0,0.7,1577.0,0,0.35
0504510000000000030619,Apartadó,411.0,0.85,192.0,1.0,275.0,0.9,894.0,0,0.55
0504510000000000050217,Apartadó,402.0,0.85,135.0,1.0,140.0,0.9,1190.0,0,0.35
0504510000000000020507,Apartadó,70.0,1.0,236.0,1.0,184.0,0.9,299.0,0,0.55
0504510000000000080512,Apartadó,195.0,1.0,45.0,1.0,876.0,0.7,1272.0,0,0.35
0504520010201000010109,Apartadó,2057.0,0.25,1796.0,0.35,400.0,0.7,556.0,0,0.55
0583710000000000020202,Turbo,177.0,1.0,80.0,1.0,179.0,0.9,4005.0,0,0.15
0504510000000000010611,Apartadó,932.0,0.7,253.0,1.0,708.0,0.7,1064.0,0,0.35
0583710000000000040729,Turbo,971.0,0.7,215.0,1.0,1333.0,0.45,4650.0,0,0.15
0504510000000000030502,Apartadó,98.0,1.0,112.0,1.0,83.0,1.0,1191.0,0,0.35
0504510000000000010422,Apartadó,464.0,0.85,243.0,1.0,542.0,0.7,1360.0,0,0.35
0583710000000000030433,Turbo,443.0,0.85,224.0,1.0,867.0,0.7,5054.0,0,0.15
0505120010602000010101,Arboletes,6760.0,0.05,6909.0,0.05,78942.0,0.05,82394.0,0,0.15
0505120010602000010102,Arboletes,6790.0,0.05,6945.0,0.05,78941.0,0.05,82406.0,0,0.15
0505120010602000010103,Arboletes,6797.0,0.05,6961.0,0.05,78983.0,0.05,82464.0,0,0.15
0505120010602000010105,Arboletes,6882.0,0.05,7034.0,0.05,78849.0,0.05,82320.0,0,0.15
0505120010602000010104,Arboletes,6909.0,0.05,7073.0,0.05,78880.0,0.05,82373.0,0,0.15
