cod_manzana,municipio,proxy_luminosidad,luminosidad_quintil
0504520020500200010110,Apartadó,0.3455079095326827,2
0504520010301100010115,Apartadó,0.39365514149550784,2
0504520010301100010227,Apartadó,0.3368080446424223,2
0504520010101400010108,Apartadó,0.27696837410108566,1
0505110000000000010139,Arboletes,0.48243347115082347,5
0505110000000000010531,Arboletes,0.3717679263724219,3
0505110000000000010538,Arboletes,0.26005352568892887,2
0514710000000000020412,Carepa,0.3443288438316555,4
0549020120301300010103,Necoclí,0.2860587497369824,3
0565910000000000010103,San Juan de Urabá,0.23690566531916066,2
0565920010100100010125,San Juan de Urabá,0.3408184280520036,4
0566510000000000010158,San Pedro de Urabá,0.0922080277804737,1
0566510000000000010201,San Pedro de Urabá,0.0922080277804737,1
0566510000000000010824,San Pedro de Urabá,0.39908620140876494,5
0566510000000000010866,San Pedro de Urabá,0.0922080277804737,1
0566510000000000010907,San Pedro de Urabá,0.10776846537072113,1
0583720090700100010417,Turbo,0.31565961567917217,2
0583720090600300010344,Turbo,0.18053413228178047,1
0583720080301000010109,Turbo,0.20173108191414385,1
0583720020101300010122,Turbo,0.0,1
0583720050202800010107,Turbo,0.09865075551380048,1
0583720030802900010113,Turbo,0.23747570368108573,1
0583720090603100010108,Turbo,0.2759107919161633,2
0583720090103900010112,Turbo,0.3231902540989456,3
0583720100700200020108,Turbo,0.3251454392402953,3
0583720100700200020205,Turbo,0.36749053178985636,4
0504520020500200010121,Apartadó,0.3591258824644604,2
0504520020300900010117,Apartadó,0.3325702841733174,1
0505110000000000011003,Arboletes,0.45269550800473574,4
0505110000000000011114,Arboletes,0.48205417453199073,4
0505120030200900010106,Arboletes,0.15419120175527729,1
0505120040101000010106,Arboletes,0.31258624740886864,2
0505120030101100010132,Arboletes,0.30890979077509,2
0514710000000000010221,Carepa,0.3706877871065183,5
0549010000000000010436,Necoclí,0.3372255615548137,4
0549020120100700010110,Necoclí,0.2594461885227208,2
0566510000000000010867,San Pedro de Urabá,0.40085651938558503,5
0583720100700200010503,Turbo,0.32957141254800326,3
0583720100400800010114,Turbo,0.3092527248559981,2
0583720090603100010111,Turbo,0.36625508654813094,4
0583720050603700010101,Turbo,0.2656000678320468,1
0514710000000000010410,Carepa,0.28831110984079417,1
0549020050300500010101,Necoclí,0.2428077659416031,2
0565910000000000010312,San Juan de Urabá,0.36086441207310804,5
0566510000000000010738,San Pedro de Urabá,0.013508290098386224,1
0514710000000000010323,Carepa,0.16434033967916747,1
0514710000000000010516,Carepa,0.3103659789776717,2
0514710000000000020214,Carepa,0.33876173712923174,3
0514710000000000020426,Carepa,0.2626110342027526,1
0514710000000000020430,Carepa,0.3672010142610748,5
0514710000000000020507,Carepa,0.31691599374691054,2
0514720011001000010101,Carepa,0.3506455627732372,4
0514720011001000010110,Carepa,0.33384769404881515,2
0517210000000000010217,Chigorodó,0.3354110054893956,3
0517210000000000010514,Chigorodó,0.32640081335143556,2
0517210000000000010526,Chigorodó,0.28199740317178895,1
0517210000000000020312,Chigorodó,0.2953396784158685,1
0517210000000000030207,Chigorodó,0.26899315295712306,1
0517210000000000050108,Chigorodó,0.2945383118526964,1
0517210000000000050519,Chigorodó,0.28545451430417107,1
0517210000000000050704,Chigorodó,0.33339933828620494,3
0517210000000000060407,Chigorodó,0.32258634628854294,2
0517210000000000060710,Chigorodó,0.3350861508148859,3
0517210000000000060739,Chigorodó,0.029448629375464205,1
0517210000000000060904,Chigorodó,0.3421704655720394,3
0549020030200400010122,Necoclí,0.23341720217098133,2
0565910000000000010104,San Juan de Urabá,0.24802854803640925,2
0566510000000000011008,San Pedro de Urabá,0.31184736728673157,3
0583720110201800010317,Turbo,0.3297687318212341,3
0583720110201800010331,Turbo,0.2995954034684309,2
0504520020300900010209,Apartadó,0.3018584595155023,1
0504520020300900010212,Apartadó,0.33933127297187476,2
0504520010301100010216,Apartadó,0.2572074355414104,1
0505110000000000010119,Arboletes,0.3854032752369733,3
0505110000000000010215,Arboletes,0.4394393614723555,4
0505120020500300010102,Arboletes,0.13830078015008074,1
0514710000000000020510,Carepa,0.3287525975843596,2
0549010000000000010102,Necoclí,0.16017361232981991,1
0549010000000000010224,Necoclí,0.30118206072364234,3
0549020050300500010208,Necoclí,0.30638288688784576,3
0549020050300500010218,Necoclí,0.36210131890121355,5
0549020120600600010110,Necoclí,0.29763204249746206,3
0565910000000000010206,San Juan de Urabá,0.20997303782963272,1
0565910000000000010216,San Juan de Urabá,0.26836817778108196,2
0565910000000000010509,San Juan de Urabá,0.3626159329717114,5
0565920020300400010103,San Juan de Urabá,0.0,1
0565920010200600010104,San Juan de Urabá,0.19040597872851653,1
0566510000000000010662,San Pedro de Urabá,0.34802557391456196,4
0566510000000000010725,San Pedro de Urabá,0.2994341546075387,3
0566510000000000010840,San Pedro de Urabá,0.39886115264582483,5
0583720090700100010115,Turbo,0.29830853195330315,2
0583720090700100010139,Turbo,0.3283329236020385,3
0583720090700100010141,Turbo,0.33544273801758717,3
0583720090700100020231,Turbo,0.29993607343986384,2
0583720100700200020512,Turbo,0.3350919212794983,3
0583720090600300010105,Turbo,0.22508401922116725,1
0583720090600300010312,Turbo,0.321965409152787,3
0504520030101500010112,Apartadó,0.339065284834248,2
0504520020300900010226,Apartadó,0.3484819255146728,2
0505110000000000011016,Arboletes,0.48330322020745464,5
0505120030101100010135,Arboletes,0.3188599607669575,2
0505120030101100010136,Arboletes,0.3392651635879837,3
0514710000000000020105,Carepa,0.33985849499424636,3
0549010000000000010811,Necoclí,0.33787364878914067,4
0565920010300300010127,San Juan de Urabá,0.3509570470039289,4
0566510000000000030103,San Pedro de Urabá,0.3490964870851705,4
0566520040200800010101,San Pedro de Urabá,0.3583510821607503,4
0583720100400800010111,Turbo,0.34408998816598124,3
0514710000000000010132,Carepa,0.29698555707738616,1
0514710000000000010621,Carepa,0.24841494030274916,1
0514710000000000010726,Carepa,0.33521974302303376,3
0514710000000000020909,Carepa,0.3466476599735333,4
0514710000000000030101,Carepa,0.33191708084764576,2
0514710000000000030639,Carepa,0.34983915696671336,4
0517210000000000010121,Chigorodó,0.32935411386172475,2
0517210000000000010213,Chigorodó,0.38319816369909443,5
0517210000000000010601,Chigorodó,0.2909974075244671,1
0517210000000000020407,Chigorodó,0.33878341993457906,3
0517210000000000020436,Chigorodó,0.3300382381606432,2
0517210000000000030114,Chigorodó,0.29625514263848785,2
0517210000000000040106,Chigorodó,0.012581250581830303,1
0517210000000000050415,Chigorodó,0.35756631767854397,4
0517210000000000050505,Chigorodó,0.3471061395175149,4
0517210000000000050607,Chigorodó,0.2876902949015978,1
0517210000000000060211,Chigorodó,0.321938002866398,2
0517210000000000060512,Chigorodó,0.382747543474856,5
0517210000000000060711,Chigorodó,0.3358033256189311,3
0517210000000000060719,Chigorodó,0.2873261664285029,1
0517210000000000060722,Chigorodó,0.33165769805212786,3
0549020030200400010109,Necoclí,0.3130729780534776,4
0565910000000000010139,San Juan de Urabá,0.3798261195512047,5
0583720110201800010104,Turbo,0.263747084184746,1
0583720110201800010203,Turbo,0.3331975580057971,3
0583720110201800010307,Turbo,0.16559667808867584,1
0505110000000000010328,Arboletes,0.4713792114681657,4
0505110000000000010517,Arboletes,0.47746841287415115,4
0505110000000000011117,Arboletes,0.4258399505101183,3
0514710000000000020612,Carepa,0.3394224381975513,3
0549010000000000010204,Necoclí,0.05032500232732121,1
0565920010300300010106,San Juan de Urabá,0.3376328358455625,4
0566510000000000030102,San Pedro de Urabá,0.0922080277804737,1
0583720090700100020303,Turbo,0.29452645153262563,2
0583720090600300010106,Turbo,0.34133699683111995,3
0505120020500300010103,Arboletes,0.1377109652616749,1
0504520020300900010205,Apartadó,0.28899749915119266,1
0504520020300900010315,Apartadó,0.31630640228002993,1
0505110000000000010814,Arboletes,0.47293597671422355,4
0505110000000000011002,Arboletes,0.14468015506711285,1
0505110000000000011014,Arboletes,0.47133756537944715,4
0549010000000000010409,Necoclí,0.290983266458153,3
0549010000000000010717,Necoclí,0.3399991980875118,4
0549020120300300010112,Necoclí,0.0,1
0549020120100700010117,Necoclí,0.3538223806431682,5
0549020090200800010113,Necoclí,0.1751912451865058,1
0549020040400900010120,Necoclí,0.14053162163893418,1
0549020120301400010109,Necoclí,0.2327978608029928,2
0565920010100100010110,San Juan de Urabá,0.33801337005862575,4
0565920010300300010122,San Juan de Urabá,0.3568619595760634,5
0565920010300300010129,San Juan de Urabá,0.33982051844926237,4
0566510000000000010659,San Pedro de Urabá,0.4455351519184336,5
0566510000000000010723,San Pedro de Urabá,0.4037904327384639,5
0566510000000000010859,San Pedro de Urabá,0.38297087271983626,4
0583720090700100010102,Turbo,0.32581850705308896,3
0583720090700100020115,Turbo,0.16057038342167895,1
0583720100700200020420,Turbo,0.34256637884652813,3
0583720080301000010116,Turbo,0.255210506467549,1
0583720090302300010103,Turbo,0.29298439972800955,2
0583720090603100010110,Turbo,0.3671541815644208,4
0514710000000000010525,Carepa,0.08137059839697428,1
0514710000000000010613,Carepa,0.3359088244121486,3
0514710000000000020238,Carepa,0.3258860130490133,2
0514710000000000020302,Carepa,0.35391612239947917,5
0514710000000000030203,Carepa,0.35561788743488587,5
0514710000000000030526,Carepa,0.34953063763664277,4
0514710000000000030546,Carepa,0.34334497034778105,3
0514710000000000030547,Carepa,0.34723895298975505,4
0514720011001000010107,Carepa,0.3471313430044107,4
0517210000000000010322,Chigorodó,0.3657927793681315,5
0517210000000000020106,Chigorodó,0.30509735279081857,2
0517210000000000030214,Chigorodó,0.31003225907801174,2
0517210000000000050327,Chigorodó,0.14644526918353637,1
0517210000000000050428,Chigorodó,0.33605468592882476,3
0517210000000000060121,Chigorodó,0.3445753218425906,4
0517210000000000060607,Chigorodó,0.1647916434176605,1
0517210000000000060720,Chigorodó,0.346842717023237,4
0517210000000000061014,Chigorodó,0.3511028429405485,4
0549020090501500010103,Necoclí,0.21093242080940827,2
0565910000000000010217,San Juan de Urabá,0.2902672171789471,3
0565910000000000010407,San Juan de Urabá,0.04581942121190205,1
0566510000000000020109,San Pedro de Urabá,0.4418538267493623,5
0504520020500200010113,Apartadó,0.3450019580840536,2
0504520020500200010309,Apartadó,0.28746668335237785,1
0504520020300900010119,Apartadó,0.0,1
0505110000000000010918,Arboletes,0.4353227375712504,3
0505110000000000011103,Arboletes,0.4811704542080482,4
0505110000000000011111,Arboletes,0.48157726577138915,4
0505120040101000010101,Arboletes,0.2184678859451032,1
0505120040101000010122,Arboletes,0.0,1
0505120030101100010125,Arboletes,0.20995689319680141,1
0549010000000000010210,Necoclí,0.3657916586379735,5
0549010000000000010804,Necoclí,0.3357693777882321,4
0549020030300200010110,Necoclí,0.22254810184270526,2
0549020120600600010114,Necoclí,0.0,1
0566510000000000010355,San Pedro de Urabá,0.32333998172721795,3
0566510000000000020113,San Pedro de Urabá,0.4104787965352559,5
0583720090700100010612,Turbo,0.26271667473938226,1
0583720090700100020421,Turbo,0.22580446846688101,1
0583720100700200010306,Turbo,0.29499640836651153,2
0583720100700200010403,Turbo,0.3293888067515746,3
0583720100400800010108,Turbo,0.3260039561138251,3
0583720100400800010206,Turbo,0.3609814844692794,4
0583720090302500010101,Turbo,0.0,1
0504520050300100010102,Apartadó,0.32316434499952384,1
0504520020500200010123,Apartadó,0.35939287635577133,2
0505110000000000010412,Arboletes,0.40857960313290775,3
0505120060600500010106,Arboletes,0.25478526012958924,1
0514710000000000010122,Carepa,0.35523835441307616,5
0565920010100500010112,San Juan de Urabá,0.30919910429863945,3
0565920010200600010105,San Juan de Urabá,0.3284986013707572,4
0549010000000000010110,Necoclí,0.38483102660440877,5
0549010000000000010131,Necoclí,0.30967223497218255,4
0549010000000000010907,Necoclí,0.34443955636929163,5
0549020120600100010232,Necoclí,0.2761345034760175,2
0549020030300200010130,Necoclí,0.3122370840686074,4
0549020090200800010104,Necoclí,0.0,1
0549020090501500010119,Necoclí,0.1871828263779824,1
0565920010100100010118,San Juan de Urabá,0.2412547542911646,2
0566510000000000010549,San Pedro de Urabá,0.3066216993696551,3
0566510000000000010658,San Pedro de Urabá,0.39834007391167536,5
0583720090700100010202,Turbo,0.325720038582054,3
0583720090700100010221,Turbo,0.3618982784375959,4
0583720090700100010305,Turbo,0.2913393236041721,2
0583720100700200020216,Turbo,0.3527947709909046,3
0583720100700200020319,Turbo,0.3448425890095818,3
0583720100700200020321,Turbo,0.3586111466871544,3
0583720100700200020404,Turbo,0.3430444046596882,3
0583720100700200020514,Turbo,0.3233886833951076,3
0583720050200500010102,Turbo,0.23558540056655014,1
0583720080301000010115,Turbo,0.2664598518054919,1
0583720030802900010102,Turbo,0.22048889577669048,1
0514710000000000010614,Carepa,0.2828690202397498,1
0514710000000000020609,Carepa,0.33943664956394193,3
0514710000000000020904,Carepa,0.3383253608607115,3
0514710000000000030109,Carepa,0.3567284467916467,5
0514710000000000030436,Carepa,0.33634449856555376,3
0514710000000000030548,Carepa,0.36457223783517273,5
0514710000000000030549,Carepa,0.3487149400010916,4
0514720011001000010104,Carepa,0.3241345335217543,2
0514720011001000010130,Carepa,0.33554849190154773,3
0517210000000000010114,Chigorodó,0.3568954404910237,4
0517210000000000020422,Chigorodó,0.29131730088068714,1
0517210000000000050203,Chigorodó,0.3682524128204121,5
0517210000000000050322,Chigorodó,0.3436329623009403,3
0517210000000000050608,Chigorodó,0.3549237525137511,4
0517210000000000050807,Chigorodó,0.3478646813972452,4
0517210000000000060404,Chigorodó,0.3519147448749942,4
0517210000000000060706,Chigorodó,0.3572447398309791,4
0517210000000000060819,Chigorodó,0.3400477679767639,3
0565910000000000010310,San Juan de Urabá,0.38299920058606207,5
0565910000000000010605,San Juan de Urabá,0.32865371235246765,4
0583720110201800010309,Turbo,0.23620130145899054,1
0504520010301100010234,Apartadó,0.33661106409863484,2
0505110000000000010326,Arboletes,0.46926090227609907,4
0514710000000000030410,Carepa,0.35557545722401906,5
0549020030300200010119,Necoclí,0.30070797332814586,3
0549020030300200010211,Necoclí,0.058022191610213596,1
0549020120100700010115,Necoclí,0.3648373260914344,5
0566510000000000030112,San Pedro de Urabá,0.439479985066944,5
0583720090700100020348,Turbo,0.3508401861035286,3
0583720090600300010215,Turbo,0.2580802362819121,1
0583720080301000010121,Turbo,0.19758884852956493,1
0583720070201200010117,Turbo,0.3248166241004783,3
0583720050603700010103,Turbo,0.2702493868161123,2
0504520010301100010225,Apartadó,0.35045258725049905,2
0504520030101500010115,Apartadó,0.32638687951828427,1
0504520010101600010114,Apartadó,0.35759798114980823,2
0504520020500200010119,Apartadó,0.266891980835308,1
0504520010301100010114,Apartadó,0.35733647213986075,2
0505110000000000010138,Arboletes,0.4904289637235265,5
0505110000000000010343,Arboletes,0.4648563633944326,4
0505110000000000011009,Arboletes,0.45026787461470913,4
0505120060400100010107,Arboletes,0.32593095398841004,2
0505120020500300010107,Arboletes,0.13203813941320594,1
0505120040101000010123,Arboletes,0.0,1
0505120030101100010101,Arboletes,0.2744155419187802,2
0517220060601500010102,Chigorodó,0.28672263872798387,1
0549020120600100010127,Necoclí,0.2817621921149343,2
0549020030300200010128,Necoclí,0.3355320451354723,4
0549020120600600010118,Necoclí,0.0,1
0549020040400900010109,Necoclí,0.3277163811152295,4
0565920010100100010129,San Juan de Urabá,0.2012277346711379,1
0565920010300300010134,San Juan de Urabá,0.23692818184953815,2
0565920010100500010108,San Juan de Urabá,0.28127262010478676,2
0566510000000000010126,San Pedro de Urabá,0.35800012642046086,4
0566510000000000010826,San Pedro de Urabá,0.2920105330792796,2
0566520020300300010102,San Pedro de Urabá,0.0,1
0583720100700200010213,Turbo,0.33181948002511286,3
0583720090700100010715,Turbo,0.0,1
0583720090600300010327,Turbo,0.2552952080104151,1
0583720030700600010103,Turbo,0.1579991795585719,1
0583720100400800010105,Turbo,0.3388483660599094,3
0583720100400800010113,Turbo,0.3169257405132097,2
0583720080301000010103,Turbo,0.2993376537072219,2
0583720090102700010104,Turbo,0.0,1
0583720050202800010101,Turbo,0.3172081391586048,2
0514710000000000010402,Carepa,0.33541763370543604,3
0514710000000000010714,Carepa,0.34999437876909895,4
0514710000000000020228,Carepa,0.35041772889869244,4
0514710000000000020311,Carepa,0.33777801816555864,3
0514710000000000020523,Carepa,0.33735614090519983,3
0514710000000000030113,Carepa,0.29635155713906264,1
0514710000000000030405,Carepa,0.33103065106470553,2
0514710000000000030555,Carepa,0.33812929430061794,3
0517210000000000010117,Chigorodó,0.08081670514783998,1
0517210000000000020402,Chigorodó,0.3011320468120204,2
0517210000000000050128,Chigorodó,0.34163756677070395,3
0517210000000000050319,Chigorodó,0.3780937243623561,5
0517210000000000050814,Chigorodó,0.04627948181923324,1
0517210000000000060822,Chigorodó,0.3324995170388809,3
0565910000000000010614,San Juan de Urabá,0.37583082121385086,5
0565910000000000010801,San Juan de Urabá,0.3889706074639967,5
0566510000000000010865,San Pedro de Urabá,0.39619274207863503,5
0583720110201800010129,Turbo,0.2310030772992685,1
0504520010101400010106,Apartadó,0.20662182468572174,1
0505110000000000010322,Arboletes,0.4765834185130959,4
0504520010301100010218,Apartadó,0.3336036907699035,1
0504520020300900010126,Apartadó,0.32330675392460195,1
0504520020300900010323,Apartadó,0.23215132854809742,1
0505110000000000010405,Arboletes,0.44110940194302994,4
0549020120101100010106,Necoclí,0.25557429138581533,2
0549010000000000010116,Necoclí,0.35096270214451697,5
0549010000000000010229,Necoclí,0.21543251013125667,2
0549010000000000010702,Necoclí,0.33731257858661906,4
0549020120301400010102,Necoclí,0.026026101908693613,1
0583720100700200010303,Turbo,0.3102538595886138,2
0583720100700200020308,Turbo,0.33372960186637407,3
0566510000000000010125,San Pedro de Urabá,0.37689790860335676,4
0583720090700100010214,Turbo,0.2974370832087911,2
0583720090600300010333,Turbo,0.30620278636988285,2
0583720030700600010111,Turbo,0.2819389875377506,2
0583720080301000010117,Turbo,0.2538063696219428,1
0583720090402400010105,Turbo,0.13204414949663085,1
0583720090503500010101,Turbo,0.11801722946980492,1
0504520020500200010102,Apartadó,0.332691202032073,1
0504520020300900010308,Apartadó,0.32586491805177503,1
0504520010301100010113,Apartadó,0.3277667445923492,1
0505110000000000010511,Arboletes,0.496854320611319,5
0505110000000000010913,Arboletes,0.44583438383797763,4
0505120040101000010117,Arboletes,0.32516378171568744,2
0514710000000000010218,Carepa,0.33845464373184037,3
0514710000000000020620,Carepa,0.35699490901339603,5
0514710000000000020625,Carepa,0.36883166239446524,5
0514710000000000020724,Carepa,0.34477827219042645,4
0514710000000000030433,Carepa,0.3539587081060982,5
0549010000000000010322,Necoclí,0.3211064402643455,4
0549010000000000010606,Necoclí,0.0,1
0549010000000000010713,Necoclí,0.025162501163660606,1
0549010000000000010807,Necoclí,0.34125488547267613,5
0565920010100100010126,San Juan de Urabá,0.2662192096341387,2
0565920010100100010127,San Juan de Urabá,0.21476174285176805,1
0566520040200200010103,San Pedro de Urabá,0.3263151978515205,3
0583720090700100020354,Turbo,0.338321315078939,3
0583720090700100020416,Turbo,0.28540680252334827,2
0583720090700100020505,Turbo,0.2977436455924776,2
0583720100700200010202,Turbo,0.3483415067258867,3
0583720100700200010308,Turbo,0.2848388339688941,2
0583720100700200020126,Turbo,0.3612244083583425,4
0583720100400800010201,Turbo,0.3377379462136049,3
0583720100400800010211,Turbo,0.35964644088536235,4
0583720070201200010125,Turbo,0.22828212397110878,1
0514710000000000010505,Carepa,0.3106755602050363,2
0514710000000000010811,Carepa,0.35795150117355906,5
0514710000000000020213,Carepa,0.34801168418256273,4
0514710000000000020312,Carepa,0.33968986693728637,3
0514710000000000020901,Carepa,0.30554203968720667,1
0514710000000000030121,Carepa,0.3482938800107887,4
0514710000000000030541,Carepa,0.3033644147814894,1
0514720011001000010109,Carepa,0.3632262178439143,5
0517210000000000010212,Chigorodó,0.3709244353138943,5
0517210000000000010505,Chigorodó,0.3314600410827487,3
0517210000000000010534,Chigorodó,0.35655542995982525,4
0517210000000000020224,Chigorodó,0.36431539509454935,5
0517210000000000020228,Chigorodó,0.3967793247506006,5
0517210000000000050311,Chigorodó,0.3432960686463408,3
0517210000000000050409,Chigorodó,0.35722894963135243,4
0517210000000000050526,Chigorodó,0.3877529232693103,5
0517210000000000050703,Chigorodó,0.1802595664361519,1
0517210000000000060105,Chigorodó,0.3596612366628986,4
0517210000000000060806,Chigorodó,0.3548104529314039,4
0517210000000000060807,Chigorodó,0.34468729506678714,4
0517210000000000060903,Chigorodó,0.26235257682109486,1
0517210000000000061019,Chigorodó,0.33954529340001754,3
0549020050300500010211,Necoclí,0.32500270201275916,4
0565910000000000010618,San Juan de Urabá,0.2968950324170465,3
0565910000000000010805,San Juan de Urabá,0.4026472378403234,5
0583720110201800010124,Turbo,0.33474406734125306,3
0504520020300900010303,Apartadó,0.347483360811451,2
0504520020300900010301,Apartadó,0.22051286743205714,1
0504520050300100010104,Apartadó,0.3480446659419457,2
0504520020300900010310,Apartadó,0.3476520551545322,2
0505110000000000010211,Arboletes,0.45043738161208485,4
0505110000000000010341,Arboletes,0.507697109841699,5
0505110000000000011102,Arboletes,0.4818017511136649,4
0505120020500300010101,Arboletes,0.29663504923378264,2
0505120020500300010112,Arboletes,0.3416548254081659,3
0505120060600500010105,Arboletes,0.31452457640132325,2
0505120030101100010115,Arboletes,0.2519334354202518,1
0517220060501400010101,Chigorodó,0.21476639603649184,1
0549010000000000010915,Necoclí,0.33755101108550145,4
0549020120600100010222,Necoclí,0.2936081244144427,3
0549010000000000010122,Necoclí,0.3369348140355631,4
0549010000000000010221,Necoclí,0.3321891615658669,4
0549020120300300010128,Necoclí,0.19427900591828434,1
0549020050300500010201,Necoclí,0.3237961429078107,4
0549020040400900010127,Necoclí,0.052324725045443984,1
0565920010100500010122,San Juan de Urabá,0.3539710721220689,4
0565910000000000010111,San Juan de Urabá,0.26861985366671765,2
0565920010100500010115,San Juan de Urabá,0.3072488418116052,3
0566510000000000010156,San Pedro de Urabá,0.34796817180188117,4
0566510000000000010316,San Pedro de Urabá,0.0922080277804737,1
0566510000000000010352,San Pedro de Urabá,0.30757616616484784,3
0566510000000000010727,San Pedro de Urabá,0.4053780449031921,5
0566510000000000010810,San Pedro de Urabá,0.4084009771852514,5
0566510000000000010819,San Pedro de Urabá,0.3922576550228789,5
0566510000000000010850,San Pedro de Urabá,0.3626958895005367,4
0583720090700100010114,Turbo,0.33429022750184395,3
0583720090700100010125,Turbo,0.27560442206865166,2
0583720090700100010408,Turbo,0.29264609305026,2
0583720090700100020347,Turbo,0.3485781594152085,3
0583720100700200010104,Turbo,0.30051844115869164,2
0583720100700200010502,Turbo,0.28457132812536684,2
0583720100700200020521,Turbo,0.3537638649487069,3
0583720090600300010107,Turbo,0.3597946405006021,4
0583720090600300010330,Turbo,0.2798920112361342,2
0583720100400800010212,Turbo,0.37066397644756405,4
0583720020101300010202,Turbo,0.23394684899501447,1
0583720090602600010101,Turbo,0.3364444237986062,3
0583720090103900010116,Turbo,0.20259138474978802,1
0504520010301100010231,Apartadó,0.2991999784542222,1
0505120030200800010103,Arboletes,0.32552437201260515,2
0514710000000000010603,Carepa,0.343696608446993,3
0514710000000000020110,Carepa,0.34444146716063845,4
0514710000000000030302,Carepa,0.09080106858871034,1
0549010000000000010319,Necoclí,0.3109068813212444,4
0549010000000000010602,Necoclí,0.0,1
0549020120300300010109,Necoclí,0.291821723470439,3
0549020090501500010123,Necoclí,0.33717985476330253,4
0583720090700100010136,Turbo,0.31258325185822683,2
0583720090700100020311,Turbo,0.29543966657340254,2
0583720090600300010117,Turbo,0.3359710286909794,3
0583720090600300010332,Turbo,0.3089842476905559,2
0583720090302500010102,Turbo,0.0,1
0583720090503500010104,Turbo,0.3259437129161493,3
0514710000000000010819,Carepa,0.3287539373557596,2
0514710000000000020232,Carepa,0.3433885196416512,3
0514710000000000020234,Carepa,0.36513660011236854,5
0514710000000000030509,Carepa,0.3618029279779188,5
0514710000000000030630,Carepa,0.3404906524138649,3
0514720011001000010124,Carepa,0.3530773069045637,4
0514720011001000010126,Carepa,0.35268367839651127,4
0517210000000000010323,Chigorodó,0.36250291404347773,5
0517210000000000020220,Chigorodó,0.3441678433371579,4
0517210000000000030215,Chigorodó,0.3518733730212459,4
0517210000000000050314,Chigorodó,0.3126033308113378,2
0517210000000000050414,Chigorodó,0.33313036933820145,3
0517210000000000060907,Chigorodó,0.3275646497001569,2
0549020030200400010121,Necoclí,0.28304287744188156,3
0565910000000000010137,San Juan de Urabá,0.40344732980144454,5
0565910000000000010608,San Juan de Urabá,0.3865028783964383,5
0583720110201800010114,Turbo,0.2902230585650932,2
0583720110201800010327,Turbo,0.33947930982760793,3
0505110000000000011031,Arboletes,0.504639512633197,5
0514710000000000010336,Carepa,0.37303536209859367,5
0514710000000000020603,Carepa,0.34437093816421877,4
0549010000000000010217,Necoclí,0.34961485798778713,5
0549020030300200010126,Necoclí,0.32178802625886543,4
0549020040400900010101,Necoclí,0.17003829389467123,1
0549020120801600010103,Necoclí,0.0,1
0583720100700200020212,Turbo,0.34895937399143545,3
0583720090600300010121,Turbo,0.34934376201899026,3
0505110000000000010324,Arboletes,0.4780422133440925,4
0505110000000000010519,Arboletes,0.45146158622083266,4
0505120030101100010126,Arboletes,0.32232630886601005,2
0514710000000000010113,Carepa,0.2761505773856087,1
0514710000000000020203,Carepa,0.3358797137366088,3
0514710000000000020714,Carepa,0.33981601492087415,3
0514720010601300010112,Carepa,0.21058242425695392,1
0549010000000000010125,Necoclí,0.4086540056818362,5
0549010000000000010305,Necoclí,0.33061995222411567,4
0549020120600100010210,Necoclí,0.2776365441781242,2
0549020120600100010307,Necoclí,0.11974848284715411,1
0549020030300200010121,Necoclí,0.2342194840192395,2
0549020120600600010112,Necoclí,0.2967902389891489,3
0549020120600600010113,Necoclí,0.3073148431106143,3
0549020040400900010105,Necoclí,0.2979313858165868,3
0549020090501500010116,Necoclí,0.3251362999300501,4
0566510000000000010733,San Pedro de Urabá,0.3301908246480318,3
0566520020300300010109,San Pedro de Urabá,0.3243461257884014,3
0566520010100400010107,San Pedro de Urabá,0.10989341238352428,1
0583720090700100010706,Turbo,0.30417876101370367,2
0583720090700100020114,Turbo,0.275811415240605,2
0583720090700100020227,Turbo,0.3035893157250633,2
0583720090700100020412,Turbo,0.29459603929279754,2
0583720100700200010309,Turbo,0.3062218357298434,2
0583720100700200020121,Turbo,0.332450715296801,3
0583720100700200020410,Turbo,0.3497740949654345,3
0583720100700200020411,Turbo,0.34576992887704666,3
0583720090600300010118,Turbo,0.35411962137939434,3
0583720030700600010112,Turbo,0.2985454828221307,2
0583720100400800010214,Turbo,0.35762288595291064,3
0583720080301000010105,Turbo,0.10711357218174615,1
0583720070201200010122,Turbo,0.2546646249358248,1
0583720020101300010105,Turbo,0.20600270025557138,1
0583720030803200010104,Turbo,0.0,1
0514710000000000010109,Carepa,0.3048140338433919,1
0514710000000000010230,Carepa,0.36334992644419495,5
0514710000000000010604,Carepa,0.2991054989668712,1
0514710000000000020242,Carepa,0.002781118549667763,1
0514710000000000020315,Carepa,0.3269814828558723,2
0514710000000000020421,Carepa,0.34608613994484044,4
0514710000000000020504,Carepa,0.3341087965220872,2
0514710000000000030312,Carepa,0.27571311273777044,1
0514710000000000030401,Carepa,0.3246344665282539,2
0514710000000000030551,Carepa,0.3532274857459226,4
0514710000000000030620,Carepa,0.2919484540422341,1
0514710000000000030629,Carepa,0.34983925577333386,4
0514720011001000010123,Carepa,0.3525009533311822,4
0514720011001000010136,Carepa,0.3383880507252851,3
0517210000000000010216,Chigorodó,0.25596223225056874,1
0517210000000000010622,Chigorodó,0.2913899015558597,1
0517210000000000010710,Chigorodó,0.3439749586842764,4
0517210000000000020234,Chigorodó,0.2908808258478504,1
0517210000000000020433,Chigorodó,0.3738479335563578,5
0517210000000000020504,Chigorodó,0.3660446342437467,5
0517210000000000050109,Chigorodó,0.2474107387014703,1
0517210000000000050301,Chigorodó,0.2264605515384354,1
0517210000000000050606,Chigorodó,0.3850535361118633,5
0517210000000000060222,Chigorodó,0.3729757695164273,5
0517210000000000060618,Chigorodó,0.3348615019907262,3
0549020030200400010128,Necoclí,0.32422268026925616,4
0565910000000000010144,San Juan de Urabá,0.33167839867915827,4
0566510000000000011006,San Pedro de Urabá,0.012581250581830303,1
0566510000000000020108,San Pedro de Urabá,0.000927039516555921,1
0505120020500300010120,Arboletes,0.3559731946396243,3
0504520010301100010232,Apartadó,0.3210957242866771,1
0504520030101500010101,Apartadó,0.3293247090779263,1
0505110000000000010136,Arboletes,0.4145385414942959,3
0505110000000000010301,Arboletes,0.24131077612412127,1
0505110000000000010403,Arboletes,0.42969071282382043,3
0505110000000000010548,Arboletes,0.49277217412274454,5
0505110000000000011001,Arboletes,0.4994914814572642,5
0505110000000000011126,Arboletes,0.2688176978158265,2
0517220100400700010109,Chigorodó,0.36349849769120596,5
0549010000000000010802,Necoclí,0.3375231820910285,4
0549010000000000010903,Necoclí,0.3426579141125758,5
0549010000000000010909,Necoclí,0.34081994802279475,4
0549020040400900010104,Necoclí,0.34198449443795986,5
0549020120101100010105,Necoclí,0.16412124646052198,1
0549020120301300010101,Necoclí,0.1674675215650965,1
0565920010300300010115,San Juan de Urabá,0.17189199349935289,1
0566510000000000010417,San Pedro de Urabá,0.2760528749700103,2
0566510000000000020102,San Pedro de Urabá,0.21844637422984067,2
0566520040200200010111,San Pedro de Urabá,0.06567159095726882,1
0583720100700200010113,Turbo,0.2983544550252279,2
0583720100700200010315,Turbo,0.3232211959014854,3
0583720100700200020402,Turbo,0.3363989887248953,3
0583720090600300010345,Turbo,0.35265777608396554,3
0583720050200500010121,Turbo,0.31411890177072677,2
0583720020101300010203,Turbo,0.07997941059749557,1
0583720090302500010106,Turbo,0.0,1
0583720090602600010109,Turbo,0.3087830424238216,2
0583720030802900010127,Turbo,0.16606900097294924,1
0583720030802900010128,Turbo,0.32689473938232233,3
0504520050300100010110,Apartadó,0.31242486742001196,1
0505110000000000011008,Arboletes,0.3878026853665278,3
0505120020500300010113,Arboletes,0.35549616241727383,3
0514710000000000020606,Carepa,0.34872891363635034,4
0514710000000000030633,Carepa,0.3712636572372638,5
0514720010601300010102,Carepa,0.3521132233595863,4
0549010000000000010101,Necoclí,0.025162501163660606,1
0549020120600100010220,Necoclí,0.29859066100664977,3
0566510000000000010631,San Pedro de Urabá,0.3665995141981516,4
0566510000000000010901,San Pedro de Urabá,0.29528894605437256,2
0566510000000000030109,San Pedro de Urabá,0.38073617167735163,4
0566520010100400010116,San Pedro de Urabá,0.16865974449178056,1
0583720090700100010219,Turbo,0.32352829270221134,3
0583720090700100020204,Turbo,0.2999502539939926,2
0583720100700200010516,Turbo,0.3571360329048848,3
0583720100700200020220,Turbo,0.3719301462145484,4
0583720100700200020312,Turbo,0.35064515192016127,3
0583720090600300010314,Turbo,0.3197320612851536,2
0583720090402400010125,Turbo,0.3336877645935285,3
0583720090602600010119,Turbo,0.3235477237610508,3
0514710000000000010201,Carepa,0.21147825527699882,1
0514710000000000010509,Carepa,0.2623314566794876,1
0514710000000000020201,Carepa,0.29447934022190003,1
0514710000000000030205,Carepa,0.3535935569364832,4
0517210000000000010206,Chigorodó,0.37543758075253736,5
0517210000000000010404,Chigorodó,0.33698762195610094,3
0517210000000000050812,Chigorodó,0.3342267791888933,3
0517210000000000060503,Chigorodó,0.3376293843277302,3
0517210000000000060923,Chigorodó,0.3283661885260521,2
0565910000000000010413,San Juan de Urabá,0.23528125943577113,2
0514710000000000010515,Carepa,0.2611363463336935,1
0514710000000000010524,Carepa,0.19600886540800203,1
0514710000000000010722,Carepa,0.34410408363102324,3
0514710000000000030235,Carepa,0.32627971719076426,2
0514720011001000010138,Carepa,0.3458943949754251,4
0517210000000000010808,Chigorodó,0.24792508606330702,1
0517210000000000020503,Chigorodó,0.35767913953390845,4
0517210000000000050521,Chigorodó,0.34713439354107994,4
0517210000000000060414,Chigorodó,0.3549515327483558,4
0517210000000000060901,Chigorodó,0.35859276502581344,4
0565910000000000010229,San Juan de Urabá,0.3624757656599063,5
0583720110201800010208,Turbo,0.3636792675742805,4
0583720110201800010310,Turbo,0.3387345835934338,3
0504520020300900010120,Apartadó,0.31743160178005453,1
0505110000000000011038,Arboletes,0.5005992916741482,5
0514710000000000010809,Carepa,0.35774068007814186,5
0514710000000000020617,Carepa,0.33521917397379936,3
0514710000000000030636,Carepa,0.3432178156725864,3
0549010000000000010432,Necoclí,0.2987692251414319,3
0549020120300300010131,Necoclí,0.35475670232310696,5
0566510000000000010206,San Pedro de Urabá,0.3818443749739289,4
0583720090700100010126,Turbo,0.3286564521224166,3
0504520010301100010112,Apartadó,0.35843065414294906,2
0505120040101000010103,Arboletes,0.3263288339101339,2
0505120040101000010110,Arboletes,0.30874047310698116,2
0514710000000000030607,Carepa,0.3233682849818361,2
0517220060501400010104,Chigorodó,0.2003825660940344,1
0549010000000000010216,Necoclí,0.30455014309110084,3
0549010000000000010223,Necoclí,0.31439875368995285,4
0549010000000000010435,Necoclí,0.30118255413382494,3
0549010000000000010503,Necoclí,0.20171262364995032,2
0549020120600100010113,Necoclí,0.25548848496862187,2
0549020120600100010412,Necoclí,0.33092666483809235,4
0549020120300300010138,Necoclí,0.34069342591537943,4
0549020120600600010119,Necoclí,0.033300254269738656,1
0549020120100700010112,Necoclí,0.0756507374669939,1
0549020090501500010122,Necoclí,0.2736213260340165,2
0565910000000000010507,San Juan de Urabá,0.3250378711263595,3
0565920020500200010103,San Juan de Urabá,0.29511882007202206,3
0565920020300400010105,San Juan de Urabá,0.0,1
0566510000000000010210,San Pedro de Urabá,0.377994131257375,4
0566510000000000010505,San Pedro de Urabá,0.3126054604138815,3
0566510000000000010843,San Pedro de Urabá,0.22376696000318913,2
0566520020300300010107,San Pedro de Urabá,0.3129662397555405,3
0583720090700100010213,Turbo,0.3006543611969205,2
0583720090700100010420,Turbo,0.28226327557321845,2
0583720090700100010606,Turbo,0.2800966952333629,2
0583720090700100020424,Turbo,0.3468216395396811,3
0583720090700100020435,Turbo,0.26960040327075796,1
0583720100700200020318,Turbo,0.34336744238302247,3
0583720100400800010116,Turbo,0.35284492240431764,3
0583720100400800010315,Turbo,0.3704391114365636,4
0583720030802900010101,Turbo,0.21005775661647172,1
0583720030802900010121,Turbo,0.3355849617263871,3
0583720010204000010105,Turbo,0.29031936226746446,2
0549010000000000010831,Necoclí,0.3565052581965731,5
0505110000000000010515,Arboletes,0.4523874101216082,4
0514710000000000010136,Carepa,0.24574511485634312,1
0514710000000000020119,Carepa,0.34567862411191247,4
0549010000000000010816,Necoclí,0.3152159130279894,4
0549020120600100010424,Necoclí,0.2768507596813713,2
0583720090700100020523,Turbo,0.32686994095339555,3
0583720070201200010132,Turbo,0.33946727400514587,3
0583720030802900010129,Turbo,0.33269297510515655,3
0514710000000000010818,Carepa,0.31295317932554695,2
0514710000000000020122,Carepa,0.002781118549667763,1
0514710000000000020505,Carepa,0.3299901640686512,2
0514710000000000030534,Carepa,0.35005058795703503,4
0517210000000000010115,Chigorodó,0.3521715487470415,4
0517210000000000010118,Chigorodó,0.27831884447498645,1
0517210000000000010602,Chigorodó,0.34076713426510863,3
0517210000000000020233,Chigorodó,0.35483899835562466,4
0517210000000000020327,Chigorodó,0.3603789722098551,5
0517210000000000020329,Chigorodó,0.36212208878487,5
0517210000000000020416,Chigorodó,0.33774279208147134,3
0517210000000000030111,Chigorodó,0.2853754170296883,1
0517210000000000030204,Chigorodó,0.22470657866890398,1
0517210000000000050321,Chigorodó,0.23109802205657604,1
0517210000000000060215,Chigorodó,0.3450408858051078,4
0517210000000000060430,Chigorodó,0.38416765695347116,5
0517210000000000060924,Chigorodó,0.3311923502178818,3
0517210000000000060927,Chigorodó,0.35906120908829764,4
0549020030200400010102,Necoclí,0.22670224364215338,2
0565910000000000010303,San Juan de Urabá,0.27339239709284335,2
0566510000000000030114,San Pedro de Urabá,0.37618371454923244,4
0514710000000000030606,Carepa,0.36135282964773474,5
0549010000000000010714,Necoclí,0.025162501163660606,1
0549020030300200010116,Necoclí,0.28998062467600105,3
0549020030300200010219,Necoclí,0.3018012495850621,3
0549020120600600010102,Necoclí,0.0,1
0565920010200600010102,San Juan de Urabá,0.35848764362628416,5
0566510000000000020124,San Pedro de Urabá,0.000927039516555921,1
0566520010100400010106,San Pedro de Urabá,0.29787251233428347,3
0583720090700100010209,Turbo,0.28484766962842406,2
0583720100700200010412,Turbo,0.32166145890610154,3
0583720030802900010123,Turbo,0.36752542946126693,4
0504520020300900010306,Apartadó,0.31424020057925667,1
0505110000000000010132,Arboletes,0.5055368155733788,5
0505110000000000010143,Arboletes,0.45562608994132814,4
0505110000000000010203,Arboletes,0.3799765733583422,3
0505110000000000010413,Arboletes,0.346957564536526,3
0505110000000000010516,Arboletes,0.4731620098514158,4
0505110000000000011026,Arboletes,0.48295246261620667,5
0505120020500300010109,Arboletes,0.12529859620197037,1
0505120050401400010103,Arboletes,0.3004139624106361,2
0514710000000000010313,Carepa,0.04703140031872514,1
0514710000000000020222,Carepa,0.3539886610825371,5
0514710000000000020705,Carepa,0.3443285155972883,4
0514720010601300010111,Carepa,0.20750362533945702,1
0517220100400700010107,Chigorodó,0.1445941210474799,1
0549020120600600010101,Necoclí,0.13845546880232745,1
0549010000000000010215,Necoclí,0.3117477856272505,4
0549010000000000010324,Necoclí,0.3158869068718743,4
0549010000000000010405,Necoclí,0.3530522720110363,5
0549010000000000010510,Necoclí,0.05032500232732121,1
0549010000000000010604,Necoclí,0.0,1
0549010000000000010911,Necoclí,0.342587752724127,5
0549020120600100010213,Necoclí,0.20236894311403086,2
0549020120600100010216,Necoclí,0.2846117368374157,3
0549020120600100010416,Necoclí,0.00045010739229374056,1
0565920010300300010138,San Juan de Urabá,0.3283476729251412,4
0565910000000000010207,San Juan de Urabá,0.33876953088390277,4
0566510000000000010356,San Pedro de Urabá,0.26344340215683426,2
0566510000000000010543,San Pedro de Urabá,0.3722351191587652,4
0566510000000000011019,San Pedro de Urabá,0.15683776695901985,1
0566510000000000020107,San Pedro de Urabá,0.43572761336430454,5
0566520040200800010105,San Pedro de Urabá,0.26407010161406974,2
0566520040200800010114,San Pedro de Urabá,0.31982664012774836,3
0583720090700100010116,Turbo,0.2960185920168341,2
0583720090700100010518,Turbo,0.0,1
0583720090700100010601,Turbo,0.28875228594387986,2
0583720090700100020122,Turbo,0.06751283009925509,1
0583720090700100020327,Turbo,0.3621929571244833,4
0583720100700200020518,Turbo,0.3733490962799188,4
0583720050200500010103,Turbo,0.2911631295639291,2
0583720100400800010109,Turbo,0.3585082846131099,3
0583720030803200010105,Turbo,0.0,1
0583720090503500010106,Turbo,0.13959158994503595,1
0583720010203800010112,Turbo,0.0,1
0514710000000000010517,Carepa,0.23933290729525147,1
0514710000000000020204,Carepa,0.002781118549667763,1
0514710000000000020205,Carepa,0.0,1
0514710000000000030223,Carepa,0.31771882356579145,2
0514710000000000030314,Carepa,0.29993516126944664,1
0514710000000000030554,Carepa,0.3390289587696525,3
0514710000000000030614,Carepa,0.3240148851735551,2
0514720011001000010140,Carepa,0.34426376063735736,4
0517210000000000020218,Chigorodó,0.36213625055800813,5
0517210000000000020314,Chigorodó,0.34042845297690244,3
0517210000000000020319,Chigorodó,0.3453769440467188,4
0517210000000000020409,Chigorodó,0.33349712230962036,3
0517210000000000020412,Chigorodó,0.3373773521564812,3
0517210000000000030112,Chigorodó,0.24617830715115252,1
0517210000000000030206,Chigorodó,0.3011750731952844,2
0517210000000000060103,Chigorodó,0.3472185670707631,4
0517210000000000060433,Chigorodó,0.3788109609616001,5
0517210000000000060207,Chigorodó,0.3458962630939788,4
0517210000000000060424,Chigorodó,0.39452969862274073,5
0517210000000000060805,Chigorodó,0.337741698923949,3
0517210000000000060810,Chigorodó,0.34373109413636066,3
0517210000000000061016,Chigorodó,0.3351585285435095,3
0549020030200400010130,Necoclí,0.29365915442788987,3
0565910000000000010116,San Juan de Urabá,0.3361738656934761,4
0565910000000000010711,San Juan de Urabá,0.31737580961656786,3
0583720110201800010218,Turbo,0.302996255062615,2
0505120030200800010106,Arboletes,0.3030129771190732,2
0504520020500200010301,Apartadó,0.22360836086368507,1
0504520020300900010223,Apartadó,0.30915409220016626,1
0505110000000000010546,Arboletes,0.48699272412010497,5
0505110000000000011007,Arboletes,0.48157780347571333,4
0514710000000000010804,Carepa,0.34136363840255496,3
0514710000000000020604,Carepa,0.3449613366546518,4
0514710000000000030632,Carepa,0.371586994713375,5
0549020120600100010231,Necoclí,0.2783942897914477,2
0549020030300200010123,Necoclí,0.2967123222788695,3
0549020120100700010102,Necoclí,0.1450629907672763,1
0565920010100100010112,San Juan de Urabá,0.306303314385187,3
0565920010100100010128,San Juan de Urabá,0.1819716052710444,1
0566510000000000010538,San Pedro de Urabá,0.37954077244768714,4
0583720090600300010206,Turbo,0.35105726828144446,3
0583720100400800010303,Turbo,0.37109963383601885,4
0583720090700100010318,Turbo,0.3286703487037095,3
0583720100700200010522,Turbo,0.3024557331208353,2
0583720020101300010118,Turbo,0.26329679099163195,1
0583720090302300010104,Turbo,0.0,1
0504520020300900010206,Apartadó,0.3447011434266885,2
0504520010101600010106,Apartadó,0.2777062131347431,1
0505120030200800010110,Arboletes,0.27125266242641033,2
0514710000000000030536,Carepa,0.3376094093422938,3
0517220060601500010103,Chigorodó,0.3101464890782801,2
0549020050300500010104,Necoclí,0.27484066681499786,2
0549010000000000010202,Necoclí,0.20829296193935407,2
0549010000000000010335,Necoclí,0.30627764505797683,3
0549010000000000010827,Necoclí,0.3601247911598633,5
0549020120300300010115,Necoclí,0.26725949987431796,2
0549020040400900010121,Necoclí,0.0,1
0549020090501500010127,Necoclí,0.3295999241785505,4
0565910000000000010209,San Juan de Urabá,0.2728559554723857,2
0566520020300300010110,San Pedro de Urabá,0.3542706114991675,4
0583720090700100010418,Turbo,0.32777092515214884,3
0514710000000000010408,Carepa,0.3212896937831194,2
0514710000000000010521,Carepa,0.27817374730549105,1
0514710000000000010718,Carepa,0.3506268956720838,4
0514710000000000010816,Carepa,0.29055917603742015,1
0514710000000000020218,Carepa,0.2826423221658929,1
0514710000000000020801,Carepa,0.3343891682664588,2
0517210000000000010104,Chigorodó,0.2801606954512014,1
0517210000000000010122,Chigorodó,0.3185849289335712,2
0517210000000000010610,Chigorodó,0.3013158566689782,2
0517210000000000020307,Chigorodó,0.22942720345869957,1
0517210000000000020310,Chigorodó,0.025162501163660606,1
0517210000000000020323,Chigorodó,0.3454893848733621,4
0517210000000000020333,Chigorodó,0.30996108154737434,2
0517210000000000030116,Chigorodó,0.3125075974671885,2
0517210000000000050401,Chigorodó,0.3299670123680621,2
0517210000000000050802,Chigorodó,0.37284931262227644,5
0517210000000000060513,Chigorodó,0.3824522380426312,5
0517210000000000060908,Chigorodó,0.3366873705439467,3
0549020030200400010105,Necoclí,0.2755820637885799,2
0549020030200400010108,Necoclí,0.24147141134083366,2
0549020050300500010214,Necoclí,0.339861607696245,4
0565910000000000010218,San Juan de Urabá,0.042071814655612196,1
0505120060600500010101,Arboletes,0.30004624832693577,2
0504520050300100010108,Apartadó,0.19079228932958237,1
0504520030101500010114,Apartadó,0.31339939266593514,1
0505110000000000010610,Arboletes,0.19691103911296678,1
0514710000000000030415,Carepa,0.3520889743899189,4
0549020120600100010206,Necoclí,0.27648614356316514,2
0549020120301400010101,Necoclí,0.3453405573874555,5
0565920020500200010102,San Juan de Urabá,0.2799933683030285,2
0566510000000000020114,San Pedro de Urabá,0.4258218771518796,5
0583720090600300010306,Turbo,0.320069385155473,3
0583720100400800010404,Turbo,0.355683566242491,3
0504520010101600010110,Apartadó,0.2969835498255459,1
0504520020300900010111,Apartadó,0.3128772929741535,1
0504520010301100010107,Apartadó,0.25111779521102623,1
0504520030101500010122,Apartadó,0.3423261739567097,2
0505110000000000010320,Arboletes,0.4737779648557855,4
0505110000000000010347,Arboletes,0.5086930260249543,5
0505110000000000010708,Arboletes,0.4905689094332902,5
0505120040101000010112,Arboletes,0.22818121257057275,1
0505120030101100010122,Arboletes,0.2914654283493319,2
0505120030101100010129,Arboletes,0.2487468170148434,1
0514710000000000010209,Carepa,0.22353567518699077,1
0514710000000000020402,Carepa,0.3399431279380497,3
0514710000000000020611,Carepa,0.3392397239619636,3
0514710000000000030218,Carepa,0.34075867330344617,3
0583720090700100010402,Turbo,0.32975214024079724,3
0549020120600100010109,Necoclí,0.0,1
0549010000000000010113,Necoclí,0.05032500232732121,1
0549010000000000010213,Necoclí,0.298966647296029,3
0549010000000000010438,Necoclí,0.4053562088590046,5
0549020030300200010215,Necoclí,0.25445393728748755,2
0549020090200800010110,Necoclí,0.314400681643637,4
0549020090200800010111,Necoclí,0.2864468257735202,3
0549020090501500010101,Necoclí,0.2943396261710606,3
0549020090501500010104,Necoclí,0.22700482613212752,2
0566510000000000010163,San Pedro de Urabá,0.31784071218647136,3
0566510000000000010821,San Pedro de Urabá,0.3668548464251836,4
0566510000000000011021,San Pedro de Urabá,0.16588579879276916,1
0566520040200200010105,San Pedro de Urabá,0.2064104026756984,2
0583720090700100010210,Turbo,0.3265903063825479,3
0583720090700100010613,Turbo,0.25490456526946803,1
0583720090700100010730,Turbo,0.32861176031143113,3
0583720090700100020316,Turbo,0.29588895936693,2
0583720090700100020375,Turbo,0.3379418256658775,3
0583720100700200020122,Turbo,0.0,1
0583720090600300010343,Turbo,0.11519987579289258,1
0583720100400800010419,Turbo,0.28156774961861963,2
0583720100400800010424,Turbo,0.3609112222723379,4
0583720080301000010120,Turbo,0.26721940032058444,1
0583720080301000010126,Turbo,0.3042672477279839,2
0583720020101300010120,Turbo,0.2537615600048737,1
0583720050202800010108,Turbo,0.1908768427168128,1
0514710000000000030209,Carepa,0.357304646122695,5
0517210000000000020212,Chigorodó,0.28475226196316616,1
0517210000000000050422,Chigorodó,0.334747009984242,3
0514710000000000020235,Carepa,0.3591196982397413,5
0514710000000000020240,Carepa,0.35407270621822795,5
0514710000000000020313,Carepa,0.29878148715635455,1
0514720011001000010142,Carepa,0.35136232051792066,4
0517210000000000060417,Chigorodó,0.35474062097585096,4
0517210000000000060715,Chigorodó,0.3480238789910099,4
0549020030200400010133,Necoclí,0.31085587345503046,4
0549020090501500010118,Necoclí,0.30140031393650923,3
0565910000000000010410,San Juan de Urabá,0.04581942121190205,1
0583720110201800010210,Turbo,0.28406662629902757,2
0505110000000000010135,Arboletes,0.4522316658763754,4
0505120030200800010111,Arboletes,0.32202939471272124,2
0514710000000000010226,Carepa,0.37054718074719123,5
0514710000000000020308,Carepa,0.33970341203313326,3
0514710000000000020513,Carepa,0.3630961041987162,5
0514710000000000030522,Carepa,0.3337016464735528,2
0583720100400800010209,Turbo,0.35793197754229683,3
0549010000000000010209,Necoclí,0.2858219595734343,3
0549010000000000010302,Necoclí,0.3326404217176754,4
0549010000000000010437,Necoclí,0.05032500232732121,1
0549020120600100010212,Necoclí,0.2828860081989639,3
0549020120600100010305,Necoclí,0.26445914937640375,2
0549020120300300010110,Necoclí,0.33079796169545256,4
0565920010100500010103,San Juan de Urabá,0.2014210859097828,1
0565920010200600010103,San Juan de Urabá,0.1299234325130914,1
0583720090700100010317,Turbo,0.3128641129415403,2
0583720090700100010323,Turbo,0.08274163293864231,1
0583720090700100010603,Turbo,0.3087737452197459,2
0583720090700100010720,Turbo,0.2556753834763086,1
0583720090700100020202,Turbo,0.2943866534929012,2
0583720090700100020310,Turbo,0.2993036181092333,2
0583720090700100020333,Turbo,0.3318723224134082,3
0583720090600300010334,Turbo,0.1831461517477854,1
0583720070201200010108,Turbo,0.29943366079857897,2
0583720070201200010131,Turbo,0.33615223003054817,3
0583720020101300010103,Turbo,0.2989240815078356,2
0504520010301100010217,Apartadó,0.32466551192873927,1
0504520050300100010107,Apartadó,0.3091075186720529,1
0504520020300900010208,Apartadó,0.3189927279904196,1
0504520010101600010116,Apartadó,0.35216031085834965,2
0505110000000000010107,Arboletes,0.44291700739028145,4
0505110000000000010314,Arboletes,0.5122421998706199,5
0505110000000000010607,Arboletes,0.2687596387225468,2
0505120030101100010124,Arboletes,0.31992679034497906,2
0514710000000000010723,Carepa,0.3500926788389005,4
0514710000000000020404,Carepa,0.35852745133869546,5
0514710000000000020616,Carepa,0.3397035800706412,3
0514710000000000030303,Carepa,0.28272907171753187,1
0514710000000000030552,Carepa,0.3612123553711716,5
0549010000000000010301,Necoclí,0.05032500232732121,1
0549010000000000010607,Necoclí,0.0,1
0549010000000000010905,Necoclí,0.34248949348901886,5
0549010000000000010910,Necoclí,0.33851910758116377,4
0549020120600100010124,Necoclí,0.26513093080116207,2
0549020040400900010115,Necoclí,0.0,1
0565920010100100010120,San Juan de Urabá,0.0,1
0565920010300300010114,San Juan de Urabá,0.20998561497542548,1
0566510000000000010348,San Pedro de Urabá,0.22918915480225216,2
0583720090700100010401,Turbo,0.31577259328329255,2
0583720090700100020323,Turbo,0.34665342240731106,3
0583720090700100020415,Turbo,0.3432245479593892,3
0583720100700200020217,Turbo,0.3566584386421445,3
0514710000000000010332,Carepa,0.3259286145973197,2
0514710000000000030202,Carepa,0.35303132150113,4
0517210000000000010613,Chigorodó,0.29697192246621124,2
0517210000000000020206,Chigorodó,0.3583686887151863,4
0517210000000000020415,Chigorodó,0.3297147910523246,2
0517210000000000020421,Chigorodó,0.2627902683362625,1
0517210000000000030213,Chigorodó,0.3355503878264753,3
0517210000000000030218,Chigorodó,0.3874157886889356,5
0517210000000000040107,Chigorodó,0.012581250581830303,1
0517210000000000050202,Chigorodó,0.3662981731062778,5
0517210000000000050315,Chigorodó,0.33574584070516006,3
0517210000000000050524,Chigorodó,0.3309934809920763,2
0517210000000000050605,Chigorodó,0.3830570865901001,5
0517210000000000050811,Chigorodó,0.35204062605761427,4
0517210000000000060119,Chigorodó,0.3445895619656708,4
0517210000000000060418,Chigorodó,0.3608423796201172,5
0517210000000000060515,Chigorodó,0.33992128457878995,3
0517210000000000060611,Chigorodó,0.3338772611358348,3
0517210000000000060716,Chigorodó,0.340583676611898,3
0517210000000000060738,Chigorodó,0.31897551654739775,2
0549020090501500010110,Necoclí,0.21306605754154664,2
0549020090501500010128,Necoclí,0.23986206333108306,2
0565910000000000010101,San Juan de Urabá,0.07001271103717686,1
0565910000000000010519,San Juan de Urabá,0.35929544592874085,5
0566510000000000010861,San Pedro de Urabá,0.0922080277804737,1
0583720110201800010128,Turbo,0.3163343537923899,2
0583720110201800010131,Turbo,0.3392267517535554,3
0505120020500300010117,Arboletes,0.36088672694224994,3
0566520020300300010106,San Pedro de Urabá,0.34023556241011477,4
0583720100700200010518,Turbo,0.2787261171329938,2
0583720100400800010402,Turbo,0.30794579857849974,2
0583720100400800010412,Turbo,0.10740952254546832,1
0504520020500200010303,Apartadó,0.27183967593725905,1
0504520020300300010109,Apartadó,0.0,1
0505110000000000010345,Arboletes,0.5078654125150143,5
0505110000000000010409,Arboletes,0.3818430412652117,3
0505110000000000010707,Arboletes,0.43437308492549653,3
0505120030200800010105,Arboletes,0.2854139045975463,2
0505120030200900010116,Arboletes,0.20028730913648185,1
0514710000000000020101,Carepa,0.3491790619770787,4
0514710000000000020112,Carepa,0.3310866441269418,2
0514710000000000030642,Carepa,0.3662168637922276,5
0514710000000000030644,Carepa,0.31825121858687555,2
0549010000000000010225,Necoclí,0.31726281354009217,4
0549020120300300010101,Necoclí,0.30213807412948723,3
0565920010100100010105,San Juan de Urabá,0.3125303172883129,3
0566510000000000010118,San Pedro de Urabá,0.3248658271553593,3
0566510000000000010422,San Pedro de Urabá,0.2948042650294008,2
0566520010100400010112,San Pedro de Urabá,0.2981255649883008,3
0583720090700100010122,Turbo,0.37170519835547283,4
0583720090700100020345,Turbo,0.33767515442913754,3
0583720090700100020515,Turbo,0.2949194563980471,2
0583720090600300010307,Turbo,0.3248733888862781,3
0583720020101300010201,Turbo,0.1912424501808919,1
0504520020500200010211,Apartadó,0.3249193295363496,1
0504520020300900010320,Apartadó,0.3489874048384284,2
0505110000000000010209,Arboletes,0.5098997016726873,5
0505110000000000010533,Arboletes,0.36543108174766775,3
0505120060400100010111,Arboletes,0.35199300728657473,3
0505120020500300010118,Arboletes,0.23722568357746954,1
0514720010601300010109,Carepa,0.22358125281795505,1
0549010000000000010235,Necoclí,0.05032500232732121,1
0549020120600100010409,Necoclí,0.29148905322085383,3
0549020120300300010139,Necoclí,0.3561461361040421,5
0549020090501500010108,Necoclí,0.33271613623679663,4
0565920010100100010102,San Juan de Urabá,0.2775096276680569,2
0583720090700100020417,Turbo,0.2936826491978069,2
0583720090700100020509,Turbo,0.2927697756632316,2
0583720100700200020101,Turbo,0.2717864791876415,2
0583720100700200020405,Turbo,0.3355981683533867,3
0583720010203800010104,Turbo,0.0,1
0514720011001000010105,Carepa,0.31877887395535653,2
0514710000000000010617,Carepa,0.28607526921643694,1
0514710000000000010619,Carepa,0.19401092064278216,1
0514710000000000030112,Carepa,0.35681284857243983,5
0514710000000000030311,Carepa,0.35050052388900305,4
0514720010700700010108,Carepa,0.3006929605924112,1
0514720010700700010119,Carepa,0.3592072724470699,5
0514720010700700010125,Carepa,0.3531912397120661,4
0517210000000000010110,Chigorodó,0.3150553828985239,2
0517210000000000010209,Chigorodó,0.3735535904524569,5
0517210000000000010507,Chigorodó,0.32808570499284756,2
0517210000000000010709,Chigorodó,0.3442561668190955,4
0517210000000000020208,Chigorodó,0.35131079950590566,4
0517210000000000020302,Chigorodó,0.3589449618896833,4
0517210000000000060410,Chigorodó,0.35447358428250875,4
0517210000000000060420,Chigorodó,0.3761114063300754,5
0517210000000000060508,Chigorodó,0.33928854056274693,3
0517210000000000060520,Chigorodó,0.33948532329601944,3
0517210000000000060812,Chigorodó,0.38266306968618935,5
0565910000000000010106,San Juan de Urabá,0.35003331918414854,4
0565910000000000010121,San Juan de Urabá,0.38193082958097446,5
0565910000000000010615,San Juan de Urabá,0.16497283436052804,1
0583720110201800010201,Turbo,0.17743124929956938,1
0583720110201800010328,Turbo,0.3223622312697978,3
0517220070300300010109,Chigorodó,0.3054532983172291,2
0504520010101400010113,Apartadó,0.24140894010836864,1
0505110000000000010537,Arboletes,0.3742742389605843,3
0517220100400700010105,Chigorodó,0.06876661369354987,1
0549020120600100010214,Necoclí,0.2823381190542414,3
0565920010100100010117,San Juan de Urabá,0.2320818059170598,2
0566510000000000010421,San Pedro de Urabá,0.25728875157279973,2
0583720090700100010206,Turbo,0.2920136891040176,2
0583720090700100020362,Turbo,0.3406679095405556,3
0583720090700100020439,Turbo,0.2966189954560366,2
0583720100700200010313,Turbo,0.30315879910421717,2
0583720100700200010407,Turbo,0.32882679734998627,3
0583720100700200010510,Turbo,0.29832541171284616,2
0583720080301000010113,Turbo,0.2512926326376472,1
0583720020101300010111,Turbo,0.31890691589516146,2
0583720030803200010101,Turbo,0.06930239003370604,1
0504520010301100010209,Apartadó,0.33266221407794416,1
0504520020500200010106,Apartadó,0.31176556422803,1
0504520020300300010108,Apartadó,0.0,1
0504520020300900010129,Apartadó,0.27484159788685764,1
0504520020300900010327,Apartadó,0.3483688957733971,2
0504520030101500010106,Apartadó,0.323238473506791,1
0505110000000000010222,Arboletes,0.4843418206017335,5
0505110000000000010709,Arboletes,0.48610802355901817,5
0505110000000000011020,Arboletes,0.4618270713508511,4
0505110000000000011021,Arboletes,0.4649832764902448,4
0514710000000000010116,Carepa,0.3488844386186185,4
0514710000000000030237,Carepa,0.3404918290879515,3
0514710000000000030416,Carepa,0.3346853860319953,3
0549020120600100010228,Necoclí,0.30263234117008875,3
0549020120600100010401,Necoclí,0.25266972943190064,2
0549020030300200010221,Necoclí,0.30586894753588395,3
0566510000000000010502,San Pedro de Urabá,0.32567316961417514,3
0566510000000000010665,San Pedro de Urabá,0.4341119814477236,5
0583720090700100010107,Turbo,0.3048694238011406,2
0583720090700100010218,Turbo,0.3381119535967229,3
0583720100700200010203,Turbo,0.3457283402590287,3
0583720100700200010504,Turbo,0.32972594099305336,3
0583720100700200020510,Turbo,0.3227143701305783,3
0583720050200500010117,Turbo,0.23389825387970103,1
0583720090402400010113,Turbo,0.32191828148638685,3
0583720090103900010117,Turbo,0.34762485851601865,3
0583720010204000010103,Turbo,0.12198348915690063,1
0514710000000000020116,Carepa,0.14254377247527658,1
0514710000000000020807,Carepa,0.3036038869771569,1
0514710000000000030220,Carepa,0.3416163066640421,3
0514710000000000030422,Carepa,0.3470279599688224,4
0514710000000000030507,Carepa,0.32640551481556945,2
0514720010700700010121,Carepa,0.34984614030646033,4
0514720010700700010131,Carepa,0.26808243252947805,1
0517210000000000010210,Chigorodó,0.3781368896636779,5
0517210000000000010701,Chigorodó,0.3548286696778438,4
0517210000000000020506,Chigorodó,0.35360167390308483,4
0517210000000000050206,Chigorodó,0.36829454879260926,5
0517210000000000050601,Chigorodó,0.3850817660867619,5
0517210000000000050706,Chigorodó,0.37031846248650896,5
0517210000000000060318,Chigorodó,0.38249443526411236,5
0517210000000000061012,Chigorodó,0.36194319958796917,5
0549020030200400010111,Necoclí,0.3213339365973623,4
0565910000000000010313,San Juan de Urabá,0.35776444804616825,5
0565910000000000010516,San Juan de Urabá,0.32820776526547796,4
0565910000000000010903,San Juan de Urabá,0.27897429534168844,2
0566510000000000010152,San Pedro de Urabá,0.2567763980587396,2
0583720110201800010217,Turbo,0.31097872423621187,2
0504520010301100010109,Apartadó,0.3081948245511276,1
0504520030101500010103,Apartadó,0.3596429194342587,2
0505110000000000010210,Arboletes,0.45923242207204185,4
0505110000000000010224,Arboletes,0.48738572806460534,5
0505110000000000010340,Arboletes,0.5182600390669501,5
0505120040101000010105,Arboletes,0.2646921523875004,2
0505120040101000010107,Arboletes,0.28778286861705094,2
0514710000000000010120,Carepa,0.3572205060079627,5
0514710000000000010306,Carepa,0.30733113760433023,1
0514710000000000030624,Carepa,0.34376637822238193,3
0517220070300300010112,Chigorodó,0.283600572596759,1
0549010000000000010308,Necoclí,0.3468941546634905,5
0549010000000000010507,Necoclí,0.32245825284044577,4
0549020120600100010223,Necoclí,0.28654842559114985,3
0549020120600100010224,Necoclí,0.2803588337919415,2
0549020120600100010312,Necoclí,0.27003172727769686,2
0549020120600100010402,Necoclí,0.306450284799245,3
0549020030300200010120,Necoclí,0.29053991424334635,3
0549020030300200010127,Necoclí,0.2758020768505489,2
0549020030300200010206,Necoclí,0.3550259118342808,5
0549020120300300010133,Necoclí,0.32083314508904154,4
0549020120300300010134,Necoclí,0.1551159054049756,1
0549020120301000010105,Necoclí,0.3230065000171467,4
0549020090201200010104,Necoclí,0.21738088030820543,2
0583720050200500010105,Turbo,0.2780972776333057,2
0565920010100100010104,San Juan de Urabá,0.30896778322043456,3
0565920010100100010116,San Juan de Urabá,0.2975792042231108,3
0565920010300300010133,San Juan de Urabá,0.3221763231650199,3
0565920020300400010106,San Juan de Urabá,0.2573341013960715,2
0565920010100500010107,San Juan de Urabá,0.2566559335664017,2
0565920010100500010111,San Juan de Urabá,0.31514642845941326,3
0566510000000000010244,San Pedro de Urabá,0.37789518986546333,4
0566510000000000010247,San Pedro de Urabá,0.3981713183021212,5
0566510000000000010353,San Pedro de Urabá,0.44366660941424807,5
0566510000000000010406,San Pedro de Urabá,0.32868704433969514,3
0566520040200200010107,San Pedro de Urabá,0.1057685173978129,1
0566520020300300010104,San Pedro de Urabá,0.15388964546662462,1
0583720090600300010205,Turbo,0.24584524352497533,1
0583720090700100020436,Turbo,0.27999754275980665,2
0583720100700200010109,Turbo,0.30138929280957516,2
0583720100700200010211,Turbo,0.33225499580649825,3
0583720100700200020201,Turbo,0.35206428879049795,3
0583720050200500010127,Turbo,0.34017937320146724,3
0583720090402400010127,Turbo,0.2829151825575746,2
0583720090603100010101,Turbo,0.36993577520272664,4
0583720090603100010102,Turbo,0.3680533092125119,4
0583720090103900010113,Turbo,0.3294673275739999,3
0504520020500200010312,Apartadó,0.26839572304548515,1
0505120020500300010116,Arboletes,0.2998775622097019,2
0549010000000000010218,Necoclí,0.301379132461457,3
0549020120600100010317,Necoclí,0.31435234711724463,4
0549020050401800010104,Necoclí,0.2357467564273217,2
0566510000000000010249,San Pedro de Urabá,0.2469479170376328,2
0583720090700100010132,Turbo,0.2818985997454263,2
0583720090700100010304,Turbo,0.3034224627207459,2
0583720090700100020425,Turbo,0.3457538241672554,3
0583720100400800010204,Turbo,0.3547841553464049,3
0583720090602600010110,Turbo,0.29244461837817415,2
0583720090603100010103,Turbo,0.36907882376469503,4
0514710000000000010105,Carepa,0.002781118549667763,1
0514710000000000010303,Carepa,0.2940190391460217,1
0514710000000000010706,Carepa,0.33734243546712706,3
0514710000000000010814,Carepa,0.31532880892578374,2
0514710000000000020624,Carepa,0.33304015133979253,2
0514710000000000020914,Carepa,0.3465634852418679,4
0514710000000000030226,Carepa,0.3411949376764919,3
0514710000000000030317,Carepa,0.1595968298425909,1
0517210000000000020203,Chigorodó,0.35821414510526084,4
0517210000000000010219,Chigorodó,0.3216750489329749,2
0517210000000000050403,Chigorodó,0.3482867490513176,4
0517210000000000050418,Chigorodó,0.36393529414065445,5
0517210000000000050711,Chigorodó,0.3688866337736603,5
0517210000000000060209,Chigorodó,0.3555134010431529,4
0517210000000000060310,Chigorodó,0.33684234194931967,3
0517210000000000060320,Chigorodó,0.33895120553456937,3
0565910000000000010520,San Juan de Urabá,0.283605809445277,2
0565910000000000010607,San Juan de Urabá,0.260453210357813,2
0566510000000000010402,San Pedro de Urabá,0.2995176593532901,3
0514710000000000010729,Carepa,0.341025440050116,3
0514710000000000020903,Carepa,0.30295516181956855,1
0517210000000000030104,Chigorodó,0.33402101204972695,3
0517210000000000030117,Chigorodó,0.3211421786222733,2
0517210000000000060416,Chigorodó,0.331289059287764,3
0549020030200400010134,Necoclí,0.31555432459072946,4
0505110000000000010416,Arboletes,0.5086653854305924,5
0505110000000000011030,Arboletes,0.14468015506711285,1
0505110000000000011043,Arboletes,0.5016654856657219,5
0549010000000000010310,Necoclí,0.2849104800151377,3
0549010000000000010513,Necoclí,0.3522650065638547,5
0549010000000000010609,Necoclí,0.0,1
0549020120600100010415,Necoclí,0.0773608501997299,1
0565910000000000010406,San Juan de Urabá,0.35229422651878073,4
0583720090700100010509,Turbo,0.2618612098866319,1
0583720090700100020219,Turbo,0.2894823750848523,2
0504520020500200010122,Apartadó,0.3570319069615939,2
0504520020300900010125,Apartadó,0.33583093254051477,2
0504520010301100010117,Apartadó,0.35995155193499423,2
0504520010101600010118,Apartadó,0.35751360781842173,2
0505110000000000010118,Arboletes,0.33385065506331385,2
0505110000000000010316,Arboletes,0.4390315332679933,4
0505110000000000010342,Arboletes,0.5076269554600662,5
0505120060400100010113,Arboletes,0.20544787572544015,1
0505120030101100010133,Arboletes,0.2963636150292996,2
0514710000000000010204,Carepa,0.3433323912567291,3
0514710000000000010227,Carepa,0.33942457906512596,3
0514710000000000020429,Carepa,0.3604392034738585,5
0514710000000000030219,Carepa,0.34250189255697333,3
0583720030802900010118,Turbo,0.3610812058922019,4
0549010000000000010120,Necoclí,0.3045807539522515,3
0566510000000000011012,San Pedro de Urabá,0.3407606651753452,4
0549010000000000010106,Necoclí,0.28736495379693094,3
0549010000000000010608,Necoclí,0.00786139480424446,1
0549010000000000010825,Necoclí,0.35329230159305625,5
0549010000000000010829,Necoclí,0.36297282675500614,5
0549020030300200010204,Necoclí,0.35372164732874084,5
0565910000000000010511,San Juan de Urabá,0.32846042832744127,4
0565920010100100010131,San Juan de Urabá,0.319416314921535,3
0565920010300300010107,San Juan de Urabá,0.32280772558172455,3
0566510000000000010112,San Pedro de Urabá,0.15130393561462757,1
0566510000000000010431,San Pedro de Urabá,0.2991459935198095,3
0566510000000000010813,San Pedro de Urabá,0.12590853499547563,1
0566520010100400010105,San Pedro de Urabá,0.28837828435113666,2
0566520040200800010113,San Pedro de Urabá,0.35429206988676853,4
0583720090700100010201,Turbo,0.31924315619239296,2
0583720090700100010204,Turbo,0.29743735195341503,2
0583720090700100020374,Turbo,0.2893978538750192,2
0583720090700100020411,Turbo,0.29394982887522125,2
0583720100700200010506,Turbo,0.29637269704448754,2
0583720100700200020210,Turbo,0.3635285892433799,4
0583720100700200020414,Turbo,0.3163782177817274,2
0583720090600300010313,Turbo,0.3213333857528938,3
0583720090600300010326,Turbo,0.2163841258961977,1
0583720030803200010111,Turbo,0.0,1
0583720010203800010111,Turbo,0.26219674297442325,1
0583720090103900010108,Turbo,0.21407932224603968,1
0583720050604200010103,Turbo,0.33354257031993545,3
0514710000000000020501,Carepa,0.311335584013203,2
0514710000000000020623,Carepa,0.3395911081854002,3
0514710000000000030211,Carepa,0.33604974196727805,3
0514710000000000030231,Carepa,0.35394510280582087,5
0514710000000000030232,Carepa,0.35170996037881536,4
0514710000000000030539,Carepa,0.3537196245197441,4
0517210000000000010124,Chigorodó,0.3539431910727632,4
0517210000000000010307,Chigorodó,0.36059091589170045,5
0517210000000000010702,Chigorodó,0.3579075866294149,4
0517210000000000010804,Chigorodó,0.330578644489715,2
0517210000000000020320,Chigorodó,0.3245542727255965,2
0517210000000000020411,Chigorodó,0.37044563574075245,5
0517210000000000030209,Chigorodó,0.20131178578493725,1
0517210000000000050124,Chigorodó,0.3385024328655475,3
0517210000000000050710,Chigorodó,0.012581250581830303,1
0517210000000000060118,Chigorodó,0.3415384532483499,3
0517210000000000060403,Chigorodó,0.3492714470776608,4
0517210000000000060605,Chigorodó,0.3190740704566643,2
0517210000000000060630,Chigorodó,0.3486143297071567,4
0549020030200400010104,Necoclí,0.09525146965689515,1
0565910000000000010120,San Juan de Urabá,0.23787126008159284,2
0565910000000000010619,San Juan de Urabá,0.3459283957079544,4
0566510000000000020111,San Pedro de Urabá,0.0922080277804737,1
0583720030802900010112,Turbo,0.3261785056421153,3
0504520050300100010112,Apartadó,0.34337780098962867,2
0504520020500200010103,Apartadó,0.33864985533438247,2
0504520020300900010302,Apartadó,0.3610055711582861,2
0505110000000000011005,Arboletes,0.467213750550461,4
0514710000000000020304,Carepa,0.3395206753235933,3
0583720100400800010104,Turbo,0.3338736531113092,3
0549010000000000010402,Necoclí,0.35226692066283777,5
0549020120600100010128,Necoclí,0.24456974084037034,2
0565910000000000010110,San Juan de Urabá,0.344883935100195,4
0566510000000000010220,San Pedro de Urabá,0.40081182610083016,5
0566520010100400010101,San Pedro de Urabá,0.0,1
0583720050200500010109,Turbo,0.2679960160134953,1
0583720090700100020217,Turbo,0.2959736367787331,2
0583720090700100020413,Turbo,0.2912238460496369,2
0583720090600300010324,Turbo,0.3060349324347198,2
0583720100400800010313,Turbo,0.3349693648977416,3
0583720100400800010411,Turbo,0.23263589757728925,1
0583720230401400010106,Turbo,0.311552055359004,2
0583720090102700010105,Turbo,0.11611219282842014,1
0583720030802900010126,Turbo,0.0,1
0583720050604200010109,Turbo,0.22747880537772197,1
0505110000000000010108,Arboletes,0.485954164664987,5
0505110000000000010512,Arboletes,0.37203809978966423,3
0505120060400100010102,Arboletes,0.2767694728813258,2
0514710000000000010208,Carepa,0.21503137922036603,1
0514710000000000010210,Carepa,0.28357433530205034,1
0514710000000000010222,Carepa,0.373836614507532,5
0514710000000000020709,Carepa,0.36663863927601786,5
0549020090200800010117,Necoclí,0.3493007809662842,5
0549010000000000010129,Necoclí,0.3669293536963561,5
0549010000000000010332,Necoclí,0.3752628388545767,5
0549010000000000010601,Necoclí,0.0,1
0549010000000000010612,Necoclí,0.21242819653508585,2
0549010000000000010912,Necoclí,0.3406797466846928,4
0549020090200800010118,Necoclí,0.3004789440013602,3
0549020040400900010114,Necoclí,0.00990152898822921,1
0549020050401800010101,Necoclí,0.0,1
0566510000000000010630,San Pedro de Urabá,0.39158118254447744,5
0566510000000000010663,San Pedro de Urabá,0.3823363702870308,4
0566510000000000010868,San Pedro de Urabá,0.0922080277804737,1
0583720090700100010504,Turbo,0.14100371206532636,1
0583720090700100010608,Turbo,0.3152086229722046,2
0583720090700100010723,Turbo,0.0,1
0583720090700100020517,Turbo,0.3000898029374128,2
0583720100700200010122,Turbo,0.3554225842553625,3
0583720100700200010123,Turbo,0.3446048308630608,3
0583720100700200010402,Turbo,0.33121523205439474,3
0583720100700200020110,Turbo,0.32837685675900213,3
0583720100700200020415,Turbo,0.3481583743619296,3
0583720100400800010202,Turbo,0.36539414238484474,4
0583720100400800010413,Turbo,0.25826818940086793,1
0583720090103900010106,Turbo,0.24578719052047804,1
0514710000000000010304,Carepa,0.35376266949886376,5
0514710000000000010409,Carepa,0.30719013644344045,1
0514710000000000010620,Carepa,0.0,1
0514710000000000030214,Carepa,0.33772239234199525,3
0514720011001000010121,Carepa,0.3428860725301851,3
0517210000000000010101,Chigorodó,0.012581250581830303,1
0517210000000000010125,Chigorodó,0.36422033973362544,5
0517210000000000010319,Chigorodó,0.3841260848262653,5
0517210000000000010513,Chigorodó,0.34973915989243326,4
0517210000000000020217,Chigorodó,0.2613426415965482,1
0517210000000000050306,Chigorodó,0.32808353745888263,2
0517210000000000050310,Chigorodó,0.3126878672811668,2
0517210000000000060107,Chigorodó,0.34302871410051344,3
0517210000000000060804,Chigorodó,0.34098968410928227,3
0517210000000000060926,Chigorodó,0.3173033597039721,2
0583720110201800010103,Turbo,0.26338171855921344,1
0583720110201800010123,Turbo,0.21509543037631637,1
0583720110201800010320,Turbo,0.2679898059472388,1
0504520050300100010111,Apartadó,0.327676389550692,1
0504520010101400010105,Apartadó,0.31327288700898,1
0505120030101100010130,Arboletes,0.08130753605170725,1
0505110000000000010121,Arboletes,0.4648563700640832,4
0505110000000000010520,Arboletes,0.41569160760954404,3
0505110000000000011012,Arboletes,0.4695982968843997,4
0505110000000000011044,Arboletes,0.14468015506711285,1
0505110000000000011105,Arboletes,0.48107217529348795,4
0505120030200800010104,Arboletes,0.13519015891889113,1
0505120030200900010115,Arboletes,0.17188599426609957,1
0514710000000000030625,Carepa,0.35033141822992897,4
0514710000000000010320,Carepa,0.3136284652135012,2
0514710000000000010808,Carepa,0.35760008481847605,5
0514710000000000020220,Carepa,0.33644434414672303,3
0514710000000000020417,Carepa,0.3558423942814178,5
0514710000000000030411,Carepa,0.334292141602909,2
0517220060601500010106,Chigorodó,0.32323631175285533,2
0549010000000000010117,Necoclí,0.3476236587242047,5
0549010000000000010918,Necoclí,0.3408478955486574,5
0549020030300200010214,Necoclí,0.2432483618317687,2
0549020120300300010118,Necoclí,0.27942816258674014,2
0565920010100100010124,San Juan de Urabá,0.35708741975070424,5
0565920010100500010114,San Juan de Urabá,0.14820381490068513,1
0566510000000000010202,San Pedro de Urabá,0.37202336488920434,4
0566510000000000010329,San Pedro de Urabá,0.0922080277804737,1
0566510000000000010548,San Pedro de Urabá,0.33623915582902164,3
0566510000000000010811,San Pedro de Urabá,0.324086299171127,3
0566510000000000010844,San Pedro de Urabá,0.388647421430745,5
0566520040200200010108,San Pedro de Urabá,0.0,1
0583720090700100010506,Turbo,0.3381254262114297,3
0583720090700100010615,Turbo,0.3160514649173213,2
0583720090700100020126,Turbo,0.08531619613596408,1
0583720090700100020359,Turbo,0.3317175848682382,3
0583720090700100020430,Turbo,0.3494912335266218,3
0583720100700200010105,Turbo,0.32657956811908456,3
0583720100700200010201,Turbo,0.3387318252830277,3
0583720100700200010414,Turbo,0.31758716165093726,2
0583720100700200020115,Turbo,0.24289946554442557,1
0583720100700200020120,Turbo,0.25345051614194275,1
0583720100700200020304,Turbo,0.34592465114091103,3
0583720100700200020320,Turbo,0.35644751779116896,3
0583720070201200010109,Turbo,0.26803745555396663,1
0583720230401400010105,Turbo,0.1817919276893289,1
0583720090102700010110,Turbo,0.336570341192781,3
0504520020300900010311,Apartadó,0.35628264512590974,2
0504520010301100010207,Apartadó,0.3343627700236334,1
0505110000000000010338,Arboletes,0.5184704586280563,5
0505110000000000011127,Arboletes,0.0884660567227647,1
0505120030200900010104,Arboletes,0.0,1
0549010000000000010810,Necoclí,0.3323178299531402,4
0549010000000000010817,Necoclí,0.33473123113040465,4
0549020030300200010223,Necoclí,0.26178851272988773,2
0549020120801600010104,Necoclí,0.2795778747641561,2
0566510000000000010209,San Pedro de Urabá,0.37533870841293393,4
0566510000000000010358,San Pedro de Urabá,0.41722399113025477,5
0566510000000000010411,San Pedro de Urabá,0.3073238666395931,3
0566510000000000010540,San Pedro de Urabá,0.3255455253389913,3
0583720090700100010211,Turbo,0.3276721312098246,3
0583720100700200010121,Turbo,0.1956556762516957,1
0583720100700200020134,Turbo,0.3377341903064299,3
0583720090302300010101,Turbo,0.012581250581830303,1
0583720090302300010110,Turbo,0.262453523160771,1
0514710000000000010510,Carepa,0.31099870054203094,2
0514710000000000020301,Carepa,0.002781118549667763,1
0514710000000000020525,Carepa,0.35729021283591444,5
0514710000000000020805,Carepa,0.34560747949028736,4
0514710000000000020918,Carepa,0.26962279331899747,1
0514710000000000030120,Carepa,0.3573750446497694,5
0514710000000000030634,Carepa,0.34448310504610635,4
0514720010700700010130,Carepa,0.3541609229978538,5
0517210000000000010411,Chigorodó,0.10986121365675232,1
0517210000000000010501,Chigorodó,0.24696593078995419,1
0517210000000000020109,Chigorodó,0.3026088331700238,2
0517210000000000020406,Chigorodó,0.3200701409538444,2
0517210000000000030202,Chigorodó,0.2174801710877448,1
0517210000000000050523,Chigorodó,0.29407239085236336,1
0517210000000000060114,Chigorodó,0.35474026093099115,4
0517210000000000060302,Chigorodó,0.3392325654470305,3
0517210000000000060408,Chigorodó,0.32350009537247915,2
0517210000000000060814,Chigorodó,0.3812290653517955,5
0565910000000000010622,San Juan de Urabá,0.355958097568123,5
0505110000000000010401,Arboletes,0.3991103489843565,3
0505110000000000010901,Arboletes,0.4666515596415306,4
0549010000000000010228,Necoclí,0.39944999520965674,5
0549020120301000010104,Necoclí,0.3215327585718981,4
0549020120101100010107,Necoclí,0.09123076611960569,1
0549020090501500010106,Necoclí,0.27084210787771235,2
0549020050401800010103,Necoclí,0.3398086272784491,4
0565920010300300010123,San Juan de Urabá,0.3650529015558251,5
0583720090700100010409,Turbo,0.19506954779294056,1
0583720090700100010415,Turbo,0.3176968272596389,2
0583720090700100020211,Turbo,0.2983062165100745,2
0583720100700200010311,Turbo,0.3094951011577279,2
0583720100700200010513,Turbo,0.29977242297399076,2
0583720100400800010308,Turbo,0.3302756541000328,3
0583720020101300010212,Turbo,0.15703538743582968,1
0583720070202000010101,Turbo,0.0,1
0583720090102700010111,Turbo,0.3129768589291967,2
0583720090103900010115,Turbo,0.17958906648685574,1
0504520020500200010213,Apartadó,0.33928203825871805,2
0504520030101500010110,Apartadó,0.33202344929224664,1
0505110000000000011017,Arboletes,0.14468015506711285,1
0505110000000000011107,Arboletes,0.48090376470229657,4
0505120020500300010119,Arboletes,0.2596300728874471,2
0505120040101000010115,Arboletes,0.3337965485462527,2
0505120030101100010117,Arboletes,0.0,1
0514710000000000020219,Carepa,0.3206687274453711,2
0514720010601300010110,Carepa,0.32123804138359663,2
0549010000000000010317,Necoclí,0.3148215092582738,4
0549010000000000010824,Necoclí,0.3572767592888147,5
0549020120600100010129,Necoclí,0.30559318942776076,3
0549020090200800010116,Necoclí,0.2185107658000893,2
0583720050604200010106,Turbo,0.3340769141858,3
0565920010300300010124,San Juan de Urabá,0.3499893646918859,4
0566510000000000010114,San Pedro de Urabá,0.25933340551401013,2
0566510000000000010214,San Pedro de Urabá,0.3660370947848261,4
0566510000000000010537,San Pedro de Urabá,0.400644236000238,5
0566510000000000010561,San Pedro de Urabá,0.41104244796930517,5
0566520040200800010106,San Pedro de Urabá,0.16945190977702207,1
0583720090700100010517,Turbo,0.32011339554988627,3
0583720090700100010616,Turbo,0.2772582973288489,2
0583720090700100020418,Turbo,0.29553740811472173,2
0583720100700200020209,Turbo,0.3516006391167748,3
0583720100700200020417,Turbo,0.3417517219903209,3
0583720090600300010310,Turbo,0.32306117579761895,3
0583720100400800010425,Turbo,0.36931489929928585,4
0583720080301000010104,Turbo,0.30878939377241016,2
0583720080301000010107,Turbo,0.2748022662108833,2
0583720090402400010110,Turbo,0.32430608224090196,3
0514710000000000010405,Carepa,0.28897193952987804,1
0514710000000000010522,Carepa,0.26691483473716815,1
0514710000000000020233,Carepa,0.360314651917367,5
0514710000000000030520,Carepa,0.3441044630200824,4
0517210000000000010413,Chigorodó,0.3671585216935481,5
0517210000000000010621,Chigorodó,0.3414420028628255,3
0517210000000000020112,Chigorodó,0.30324192213530776,2
0517210000000000020211,Chigorodó,0.35201398470584694,4
0517210000000000050107,Chigorodó,0.3128578569174543,2
0517210000000000060221,Chigorodó,0.3608982641869049,5
0517210000000000060319,Chigorodó,0.3396962240094172,3
0517210000000000060615,Chigorodó,0.33765924662842617,3
0549020050300500010202,Necoclí,0.3495854853366518,5
0565910000000000010304,San Juan de Urabá,0.3429943729025802,4
0566510000000000011022,San Pedro de Urabá,0.22597512434037184,2
0583720110201800010303,Turbo,0.2821561099364743,2
0583720110201800010318,Turbo,0.29654674715394713,2
0514710000000000030104,Carepa,0.36038340348344683,5
0517210000000000010609,Chigorodó,0.30717851532489887,2
0517210000000000010807,Chigorodó,0.30787310761368275,2
0517210000000000060106,Chigorodó,0.34523596158779357,4
0517210000000000060516,Chigorodó,0.3393729031229717,3
0517210000000000060905,Chigorodó,0.32809881963088944,2
0565910000000000010418,San Juan de Urabá,0.3481705448046675,4
0549020120100700010104,Necoclí,0.2921822541662243,3
0504520020500200010112,Apartadó,0.3384810580391904,2
0504520010301100010106,Apartadó,0.24892549853727197,1
0504520010101600010103,Apartadó,0.34644193270957974,2
0504520010101600010113,Apartadó,0.33555246763001756,2
0505110000000000010325,Arboletes,0.47304836088038055,4
0505110000000000010535,Arboletes,0.26567770639481264,2
0505120030200900010103,Arboletes,0.12383623741281546,1
0505120040101000010111,Arboletes,0.25642419232976904,1
0505120030101100010119,Arboletes,0.19463279270139894,1
0583720100700200010305,Turbo,0.30178218776594834,2
0514710000000000020408,Carepa,0.3438650088710334,3
0514710000000000010121,Carepa,0.3544089807337152,5
0514710000000000020718,Carepa,0.33978778671831017,3
0514710000000000020720,Carepa,0.35705111842200044,5
0514710000000000030535,Carepa,0.32134447237710895,2
0517220070300300010115,Chigorodó,0.33563058704739546,3
0517220100400700010103,Chigorodó,0.0,1
0549010000000000010111,Necoclí,0.05032500232732121,1
0549010000000000010425,Necoclí,0.05032500232732121,1
0549020120600100010419,Necoclí,0.3356420773122996,4
0549020120101100010101,Necoclí,0.2627459608739513,2
0565920010200600010109,San Juan de Urabá,0.32891964239578364,4
0566510000000000010119,San Pedro de Urabá,0.32558238283820284,3
0566510000000000010433,San Pedro de Urabá,0.0,1
0566510000000000010609,San Pedro de Urabá,0.38705733753271415,5
0566510000000000010908,San Pedro de Urabá,0.000927039516555921,1
0583720100700200020310,Turbo,0.3427915424049118,3
0583720090700100010110,Turbo,0.289751131674488,2
0583720090700100010303,Turbo,0.2925199062002144,2
0583720090700100010413,Turbo,0.350489642477538,3
0583720090700100010602,Turbo,0.22711357597361473,1
0583720090700100020366,Turbo,0.35308850618860665,3
0583720090600300010201,Turbo,0.249020068086471,1
0583720030700600010115,Turbo,0.0,1
0583720100400800010102,Turbo,0.3436404405706927,3
0583720070201200010119,Turbo,0.23863753590845738,1
0583720070202000010105,Turbo,0.0,1
0583720090402400010124,Turbo,0.3246428389385916,3
0583720050603700010107,Turbo,0.14978558303169756,1
0504520010301100010221,Apartadó,0.3122557266012582,1
0504520030101500010109,Apartadó,0.31926081711545456,1
0505110000000000010141,Arboletes,0.39525138675838367,3
0505110000000000010811,Arboletes,0.49401978412732667,5
0505110000000000011025,Arboletes,0.4818863468501153,4
0505110000000000011101,Arboletes,0.4820542905012246,4
0514710000000000020103,Carepa,0.3643613724572846,5
0514710000000000030307,Carepa,0.3138526686671502,2
0549020090501500010125,Necoclí,0.31570346547517497,4
0549010000000000010230,Necoclí,0.38533573455379166,5
0566510000000000010160,San Pedro de Urabá,0.37356767844745525,4
0566520020300300010108,San Pedro de Urabá,0.34304536933873647,4
0566520010100400010103,San Pedro de Urabá,0.0,1
0583720090700100020214,Turbo,0.2984887574061226,2
0583720090700100020508,Turbo,0.29469455724262794,2
0583720050200500010107,Turbo,0.2902915429754697,2
0583720080301000010101,Turbo,0.0,1
0514710000000000010601,Carepa,0.3295687190696701,2
0514710000000000030241,Carepa,0.17682079120148722,1
0514710000000000030424,Carepa,0.31757678705272346,2
0514720010700700010111,Carepa,0.3236459006206588,2
0514720010700700010124,Carepa,0.34354898064122447,3
0514720011001000010112,Carepa,0.33273713680698375,2
0514720011001000010128,Carepa,0.3494364903531027,4
0514720011001000010132,Carepa,0.3544407783085991,5
0514720011001000010135,Carepa,0.2895686248105326,1
0517210000000000010111,Chigorodó,0.012581250581830303,1
0517210000000000010321,Chigorodó,0.398902419300504,5
0517210000000000020311,Chigorodó,0.28476705033474514,1
0517210000000000040103,Chigorodó,0.31751467773145975,2
0517210000000000050404,Chigorodó,0.3479352085820123,4
0517210000000000050517,Chigorodó,0.3347617834222992,3
0517210000000000060104,Chigorodó,0.34090557272369687,3
0517210000000000060109,Chigorodó,0.3437038688534613,3
0517210000000000060315,Chigorodó,0.33951381233665584,3
0517210000000000060411,Chigorodó,0.34148233697675867,3
0517210000000000060825,Chigorodó,0.33266809866203706,3
0517210000000000061018,Chigorodó,0.24409086264939953,1
0565910000000000010129,San Juan de Urabá,0.4107553114995015,5
0566510000000000010664,San Pedro de Urabá,0.38202702629373303,4
0566510000000000010863,San Pedro de Urabá,0.0922080277804737,1
0549020040400900010117,Necoclí,0.31416362072770454,4
0505110000000000010313,Arboletes,0.5083986953435355,5
0549010000000000010704,Necoclí,0.3409181130244549,5
0549020120300300010136,Necoclí,0.35274964860480923,5
0583720090700100010406,Turbo,0.312512551985183,2
0583720100700200010115,Turbo,0.3000824614309762,2
0583720100700200010410,Turbo,0.3208044347175999,3
0504520020500200010207,Apartadó,0.31942448558088243,1
0504520010101400010102,Apartadó,0.19397700665475057,1
0505110000000000010129,Arboletes,0.49463724972019596,5
0505110000000000010332,Arboletes,0.5082302167749115,5
0505120060400100010112,Arboletes,0.21516555839488832,1
0505120030200800010109,Arboletes,0.2890766828974452,2
0514710000000000010203,Carepa,0.33412493107275676,2
0514710000000000020403,Carepa,0.35793704441288215,5
0514710000000000020518,Carepa,0.37185420772200395,5
0514710000000000030531,Carepa,0.33552926178240217,3
0514710000000000030542,Carepa,0.3193340667565453,2
0514710000000000030640,Carepa,0.3678054327407291,5
0549020120600600010103,Necoclí,0.24067154170007016,2
0549020120600100010122,Necoclí,0.3408484803805601,5
0549020030300200010106,Necoclí,0.0,1
0549020050300500010215,Necoclí,0.3568114241518423,5
0549020120100700010103,Necoclí,0.26251962675828355,2
0549020120301000010110,Necoclí,0.250819750164837,2
0549020120801600010108,Necoclí,0.3581211972677353,5
0565920010300300010113,San Juan de Urabá,0.23039284513364142,2
0565920010300300010135,San Juan de Urabá,0.3069161939081692,3
0565920010100500010113,San Juan de Urabá,0.23955753424219717,2
0566510000000000010415,San Pedro de Urabá,0.3169971082996651,3
0583720090700100010108,Turbo,0.29771781234997935,2
0583720090700100020123,Turbo,0.33499151645290703,3
0583720090700100020340,Turbo,0.3637947427535108,4
0583720090700100020510,Turbo,0.29345833697548684,2
0583720100700200010406,Turbo,0.32796980552229826,3
0583720100700200020401,Turbo,0.3170950749496717,2
0583720090600300010339,Turbo,0.15783230040603194,1
0583720100400800010210,Turbo,0.3633564347694102,4
0583720100400800010310,Turbo,0.13772203346968673,1
0583720090602600010122,Turbo,0.325416015028054,3
0514710000000000010129,Carepa,0.3444143130304265,4
0514710000000000010326,Carepa,0.36185966808586734,5
0514710000000000020224,Carepa,0.3305676949380614,2
0514710000000000020524,Carepa,0.3378903199151996,3
0514710000000000020721,Carepa,0.23727631804854832,1
0514710000000000030212,Carepa,0.14794630788269486,1
0514710000000000030308,Carepa,0.33886095338993155,3
0514710000000000030310,Carepa,0.3503037378148273,4
0514710000000000030402,Carepa,0.3396761345626434,3
0514720011001000010106,Carepa,0.3327091747670228,2
0517210000000000010109,Chigorodó,0.2864449035923602,1
0517210000000000010126,Chigorodó,0.33589123069715776,3
0517210000000000010304,Chigorodó,0.3144345605809686,2
0517210000000000020102,Chigorodó,0.28684873035867586,1
0517210000000000020103,Chigorodó,0.29960049032348146,2
0517210000000000020110,Chigorodó,0.3054911597504919,2
0517210000000000020336,Chigorodó,0.3787407351880538,5
0517210000000000020502,Chigorodó,0.3684769969559944,5
0517210000000000020510,Chigorodó,0.36691623018056935,5
0517210000000000030115,Chigorodó,0.27939797418986484,1
0517210000000000030208,Chigorodó,0.25621341614763965,1
0517210000000000060216,Chigorodó,0.3208858205476102,2
0517210000000000060614,Chigorodó,0.3364218498110237,3
0517210000000000060714,Chigorodó,0.3350299856175722,3
0565910000000000010513,San Juan de Urabá,0.346611090793521,4
0565910000000000010145,San Juan de Urabá,0.3928570923202889,5
0565910000000000010411,San Juan de Urabá,0.3019507093160089,3
0583720110201800010209,Turbo,0.2976422905995268,2
0583720110201800010332,Turbo,0.24221492872364594,1
0505120060400100010103,Arboletes,0.20904493615118885,1
0504520020300900010211,Apartadó,0.34545979478592576,2
0504520010301100010212,Apartadó,0.3190297554081531,1
0504520010301100010230,Apartadó,0.32006996885007744,1
0505120030101100010113,Arboletes,0.0,1
0514710000000000010114,Carepa,0.3491656015633671,4
0514710000000000010305,Carepa,0.30131469149887835,1
0517220070300300010105,Chigorodó,0.3129628813331296,2
0549010000000000010203,Necoclí,0.31588794952508775,4
0549010000000000010818,Necoclí,0.3377476445317502,4
0549020120600100010112,Necoclí,0.31296140889962537,4
0549020120600100010118,Necoclí,0.2855511878939126,3
0549020030300200010225,Necoclí,0.35882667873197793,5
0549020050300500010103,Necoclí,0.2677410640712544,2
0549020120301300010104,Necoclí,0.12452165955463788,1
0566510000000000010401,San Pedro de Urabá,0.3269166946234139,3
0566520040200800010103,San Pedro de Urabá,0.18690996749972985,2
0583720090700100020222,Turbo,0.3033227470874781,2
0583720090700100020353,Turbo,0.24252636724615384,1
0583720090700100020365,Turbo,0.347004477859714,3
0583720090700100020507,Turbo,0.2975748030397307,2
0583720100700200020516,Turbo,0.3146075271379609,2
0583720090600300010346,Turbo,0.33866646088872004,3
0583720050200500010123,Turbo,0.3347709873079265,3
0583720090402400010107,Turbo,0.3223257783826892,3
0583720050603700010109,Turbo,0.2969832483032127,2
0504520010101400010110,Apartadó,0.30966206401959795,1
0514710000000000020202,Carepa,0.33128279435489594,2
0514710000000000020713,Carepa,0.3470981095653187,4
0514710000000000030236,Carepa,0.33260556043513995,2
0549010000000000010404,Necoclí,0.34919410363194275,5
0549020030300200010212,Necoclí,0.2922509258406473,3
0549020120100700010101,Necoclí,0.16928129171657286,1
0565910000000000010416,San Juan de Urabá,0.35237848557743856,4
0565920010100500010106,San Juan de Urabá,0.28922551141617087,3
0565920010100500010109,San Juan de Urabá,0.29630909958293034,3
0566510000000000010823,San Pedro de Urabá,0.3916114717703274,5
0566520040200800010102,San Pedro de Urabá,0.34158196033244886,4
0583720090700100010310,Turbo,0.31731719026335187,2
0583720090700100010315,Turbo,0.29485171323456194,2
0583720090700100020330,Turbo,0.3668294995316111,4
0583720100700200010521,Turbo,0.2989433410008653,2
0583720100700200020111,Turbo,0.27344333420866135,2
0583720100700200020322,Turbo,0.35731859616692424,3
0583720240400900010101,Turbo,0.03747670351438333,1
0583720090103900010109,Turbo,0.33000128056042616,3
0514710000000000010403,Carepa,0.3587529790299225,5
0514710000000000020212,Carepa,0.349740871259213,4
0514710000000000030215,Carepa,0.34285339027022793,3
0514710000000000030533,Carepa,0.35331202506709236,4
0514720010700700010104,Carepa,0.2062229942316872,1
0517210000000000010309,Chigorodó,0.36819689289154933,5
0517210000000000010408,Chigorodó,0.23681589542401635,1
0517210000000000010508,Chigorodó,0.3234601371213232,2
0517210000000000020413,Chigorodó,0.3320770411312007,3
0517210000000000020414,Chigorodó,0.3307272604920165,2
0517210000000000030110,Chigorodó,0.34507133503361737,4
0517210000000000050103,Chigorodó,0.30428190481465045,2
0517210000000000050503,Chigorodó,0.34553164763371474,4
0517210000000000050507,Chigorodó,0.34877912076828743,4
0517210000000000060521,Chigorodó,0.34048342355868944,3
0565910000000000010114,San Juan de Urabá,0.2965894800750147,3
0566510000000000010911,San Pedro de Urabá,0.3192734487822251,3
0566510000000000011013,San Pedro de Urabá,0.012581250581830303,1
0583720110201800010113,Turbo,0.3099258315520257,2
0514710000000000020111,Carepa,0.3491930437644247,4
0514710000000000030316,Carepa,0.35109123064637,4
0549020030300200010109,Necoclí,0.1142643165549789,1
0549020120801600010105,Necoclí,0.17408178147895342,1
0566510000000000011001,San Pedro de Urabá,0.012581250581830303,1
0583720090700100020419,Turbo,0.3003987471838902,2
0583720070201200010118,Turbo,0.32162799334873193,3
0514710000000000010713,Carepa,0.3337014503155357,2
0514710000000000010709,Carepa,0.3600737854473763,5
0514710000000000020508,Carepa,0.331704842864091,2
0514710000000000020515,Carepa,0.35490059507483596,5
0514710000000000030107,Carepa,0.356967371685113,5
0514710000000000030434,Carepa,0.3371597246753198,3
0514710000000000030515,Carepa,0.3462834187400236,4
0514710000000000030601,Carepa,0.2941702707969265,1
0514720010700700010132,Carepa,0.3535705790733803,4
0514720011001000010114,Carepa,0.25985273086218263,1
0517210000000000010406,Chigorodó,0.34924710996408176,4
0517210000000000010623,Chigorodó,0.30182160481801085,2
0517210000000000020229,Chigorodó,0.32254361086135536,2
0517210000000000050518,Chigorodó,0.3859954953350653,5
0517210000000000060108,Chigorodó,0.3422415108895354,3
0549020030200400010126,Necoclí,0.31948265403370557,4
0565910000000000010119,San Juan de Urabá,0.23753412762755582,2
0565910000000000010301,San Juan de Urabá,0.3232727306367872,3
0565910000000000010702,San Juan de Urabá,0.2984389631065846,3
0566510000000000010204,San Pedro de Urabá,0.31244913913081596,3
0566510000000000020116,San Pedro de Urabá,0.4262432707025032,5
0566510000000000030106,San Pedro de Urabá,0.36729057600173254,4
0583720110201800010321,Turbo,0.27772870159000046,2
0549010000000000010318,Necoclí,0.2995423976526065,3
0549020120600600010109,Necoclí,0.2711517409263399,2
0583720090700100010702,Turbo,0.3237090124598922,3
0583720100400800010101,Turbo,0.3370356580967682,3
0505110000000000010127,Arboletes,0.4469851931485558,4
0504520020500200010205,Apartadó,0.3480797128386442,2
0504520020300900010108,Apartadó,0.32095978255855867,1
0504520020300900010124,Apartadó,0.33226066733513643,1
0505110000000000010701,Arboletes,0.14468015506711285,1
0505110000000000010917,Arboletes,0.5018614226086844,5
0505110000000000011110,Arboletes,0.4818016690958485,4
0505120050401400010113,Arboletes,0.34012648739763085,3
0514710000000000010518,Carepa,0.29698313081816,1
0514710000000000020413,Carepa,0.3736957820381846,5
0549010000000000010109,Necoclí,0.36771459657430405,5
0549010000000000010320,Necoclí,0.30182969071906285,3
0549010000000000010331,Necoclí,0.33189669049463966,4
0549010000000000010333,Necoclí,0.354217326217611,5
0549010000000000010433,Necoclí,0.29808195498721696,3
0549010000000000010710,Necoclí,0.3688164996604427,5
0549010000000000010917,Necoclí,0.3432610466829628,5
0549020120600100010418,Necoclí,0.20662038337757466,2
0549020030300200010101,Necoclí,0.2343733960032075,2
0549020120300300010124,Necoclí,0.014512457661752652,1
0565920010100100010121,San Juan de Urabá,0.2971861062113322,3
0566510000000000010314,San Pedro de Urabá,0.0922080277804737,1
0566510000000000010432,San Pedro de Urabá,0.06568966888029748,1
0566510000000000010846,San Pedro de Urabá,0.0922080277804737,1
0583720090700100010129,Turbo,0.3506583584467074,3
0583720090700100010717,Turbo,0.23642663840580935,1
0583720100700200020323,Turbo,0.366211914358877,4
0583720090600300010103,Turbo,0.3338920837976334,3
0583720050200500010116,Turbo,0.2373261028108191,1
0583720100400800010305,Turbo,0.22816638557234872,1
0583720100400800010306,Turbo,0.35571153677643563,3
0583720090402400010117,Turbo,0.34176378310224437,3
0583720220103600010101,Turbo,0.28127077082671575,2
0505120030200900010114,Arboletes,0.27981154999204033,2
0514710000000000010812,Carepa,0.351709928212491,4
0517220070300300010102,Chigorodó,0.2713954916098178,1
0549010000000000010715,Necoclí,0.34753306651240784,5
0549020030300200010222,Necoclí,0.30289559479421446,3
0549020050300500010216,Necoclí,0.36235390121904154,5
0549020090200800010112,Necoclí,0.1607798296221995,1
0549020040400900010106,Necoclí,0.31001113671615077,4
0583720090700100010131,Turbo,0.31299079438709293,2
0566510000000000010504,San Pedro de Urabá,0.3804968486477962,4
0583720090700100010215,Turbo,0.2919577849748065,2
0583720100400800010208,Turbo,0.358044420512687,3
0583720070201200010113,Turbo,0.2567723728440368,1
0504520010301100010220,Apartadó,0.31992918913950924,1
0514710000000000030641,Carepa,0.34546726739352124,4
0504520020300900010103,Apartadó,0.30309429137516575,1
0505110000000000010909,Arboletes,0.48624838215894156,5
0505110000000000011018,Arboletes,0.49127106666367554,5
0505120040101000010102,Arboletes,0.29894267122784773,2
0514710000000000020517,Carepa,0.37165740517854917,5
0514710000000000030432,Carepa,0.3725430622988029,5
0549010000000000010127,Necoclí,0.34312082538447614,5
0549010000000000010316,Necoclí,0.2995010217854433,3
0549020120600100010306,Necoclí,0.27271122410788484,2
0549020030300200010217,Necoclí,0.2615920747248046,2
0549020090200800010120,Necoclí,0.32496739698406607,4
0549020040400900010112,Necoclí,0.0,1
0549020090201200010105,Necoclí,0.30050385348899744,3
0549020090201200010109,Necoclí,0.22312047431079962,2
0549020120301300010102,Necoclí,0.22389965702977196,2
0566510000000000010547,San Pedro de Urabá,0.2319308233437005,2
0566510000000000010565,San Pedro de Urabá,0.3440783997409109,4
0566520040200800010107,San Pedro de Urabá,0.3428880472817746,4
0583720090700100020518,Turbo,0.29692837363220226,2
0583720100700200010119,Turbo,0.331721764133446,3
0583720100700200010509,Turbo,0.33346299975939214,3
0583720050200500010119,Turbo,0.19529106609261282,1
0583720100400800010103,Turbo,0.3383986971448858,3
0583720100400800010423,Turbo,0.3643261079785979,4
0583720080301000010124,Turbo,0.24797780649543325,1
0583720070201200010114,Turbo,0.3074825951482288,2
0583720030802900010120,Turbo,0.09730202275979709,1
0583720090103900010105,Turbo,0.05729032631396469,1
0514720011001000010102,Carepa,0.3447698421151781,4
0514710000000000010133,Carepa,0.300331016288652,1
0514710000000000010135,Carepa,0.36500855187876985,5
0514710000000000010415,Carepa,0.31371275114266933,2
0514710000000000010708,Carepa,0.3604814715894695,5
0514710000000000010720,Carepa,0.34410414502619985,3
0514710000000000020121,Carepa,0.28037997287021826,1
0514710000000000020231,Carepa,0.34556756466439303,4
0514710000000000020241,Carepa,0.002781118549667763,1
0514710000000000020526,Carepa,0.35537830823806177,5
0514710000000000030313,Carepa,0.002781118549667763,1
0514710000000000030315,Carepa,0.002781118549667763,1
0514710000000000030538,Carepa,0.3573325061499142,5
0514710000000000030635,Carepa,0.34567802155042837,4
0514720010700700010103,Carepa,0.32728630634075734,2
0514720011001000010116,Carepa,0.36595321821812504,5
0517210000000000010536,Chigorodó,0.29861666903118506,2
0517210000000000010205,Chigorodó,0.3766044761265157,5
0517210000000000010312,Chigorodó,0.3380819449458907,3
0517210000000000010317,Chigorodó,0.3429888525099029,3
0517210000000000010409,Chigorodó,0.342386129654124,3
0517210000000000010620,Chigorodó,0.3758169938566046,5
0517210000000000010708,Chigorodó,0.012581250581830303,1
0517210000000000020215,Chigorodó,0.3243158431611586,2
0517210000000000020316,Chigorodó,0.2976306729932104,2
0517210000000000030107,Chigorodó,0.3256275142318297,2
0517210000000000050303,Chigorodó,0.3115493484708435,2
0517210000000000060202,Chigorodó,0.012581250581830303,1
0517210000000000060304,Chigorodó,0.3406663689016696,3
0517210000000000060427,Chigorodó,0.37698308304248246,5
0517210000000000060509,Chigorodó,0.3390493701791065,3
0517210000000000060629,Chigorodó,0.3765070301430971,5
0517210000000000060735,Chigorodó,0.35456168876414895,4
0517210000000000060936,Chigorodó,0.346505707890919,4
0565910000000000010123,San Juan de Urabá,0.37368239004036874,5
0565910000000000010512,San Juan de Urabá,0.31764557008624666,3
0565910000000000010606,San Juan de Urabá,0.3233653561852484,3
0566510000000000030107,San Pedro de Urabá,0.3984114512360237,5
0549020050300500010207,Necoclí,0.35481898751192653,5
0504520010101600010101,Apartadó,0.337969406214301,2
0504520020500200010116,Apartadó,0.3349394996582782,1
0504520020300300010103,Apartadó,0.293891383044513,1
0504520020300900010309,Apartadó,0.3132000110567656,1
0505110000000000010513,Arboletes,0.15271819567424147,1
0505110000000000010545,Arboletes,0.46589571817967906,4
0505120030200900010118,Arboletes,0.07877460793826342,1
0514710000000000020208,Carepa,0.3486162557480016,4
0514710000000000030611,Carepa,0.3549142583076831,5
0514720010601300010104,Carepa,0.30902550805304235,2
0583720090700100020344,Turbo,0.3589754354676448,3
0549010000000000010407,Necoclí,0.3140899960695,4
0549010000000000010434,Necoclí,0.3179061273957601,4
0549020120600100010406,Necoclí,0.30431661612006955,3
0566510000000000010409,San Pedro de Urabá,0.272505962798739,2
0566510000000000010869,San Pedro de Urabá,0.2686857449735361,2
0583720090700100010322,Turbo,0.3725060120124562,4
0583720090700100010607,Turbo,0.28117865793828856,2
0583720100700200010107,Turbo,0.3005743865031979,2
0583720100700200010120,Turbo,0.2914991415868726,2
0583720100700200010214,Turbo,0.32032717423491835,3
0583720090600300010110,Turbo,0.33061904094188804,3
0583720090600300010213,Turbo,0.3166561369442722,2
0583720100400800010414,Turbo,0.28599470554352274,2
0583720100400800010416,Turbo,0.34281098063302096,3
0504520020300900010227,Apartadó,0.3652930211171053,2
0505120030101100010123,Arboletes,0.34104813170801745,3
0505120050401400010104,Arboletes,0.33467782136692553,2
0549010000000000010114,Necoclí,0.2341228747177587,2
0549010000000000010908,Necoclí,0.3424613929158772,5
0549020120600100010230,Necoclí,0.28047174391289287,2
0549020120300300010113,Necoclí,0.0,1
0549020120101100010104,Necoclí,0.1293475589827498,1
0565920010100500010105,San Juan de Urabá,0.27532556004451536,2
0566510000000000010424,San Pedro de Urabá,0.2848562654450009,2
0566510000000000011009,San Pedro de Urabá,0.3386673203899649,4
0566520040200200010104,San Pedro de Urabá,0.23176872346193594,2
0583720090700100010223,Turbo,0.27151436823115066,2
0583720090700100020112,Turbo,0.25393566321305844,1
0583720090700100020361,Turbo,0.36323266071238136,4
0583720100700200010416,Turbo,0.31663182927386696,2
0583720100700200020113,Turbo,0.34825675224787983,3
0583720090600300010101,Turbo,0.3539371001289944,3
0583720100400800010207,Turbo,0.3535053249234686,3
0583720070201200010110,Turbo,0.23263826953754263,1
0583720090603100010107,Turbo,0.36659226181442434,4
0514710000000000010328,Carepa,0.3535517697793427,4
0514710000000000020522,Carepa,0.3584992202136457,5
0514710000000000020917,Carepa,0.30697562645426696,1
0514710000000000030110,Carepa,0.36302624766158403,5
0514720011001000010145,Carepa,0.3430970001314925,3
0517210000000000010528,Chigorodó,0.2772599600561885,1
0517210000000000010107,Chigorodó,0.28194567590399344,1
0517210000000000010410,Chigorodó,0.3373247462340669,3
0517210000000000010527,Chigorodó,0.2921627323322348,1
0517210000000000020202,Chigorodó,0.3499050424208187,4
0517210000000000020410,Chigorodó,0.37591486221413883,5
0517210000000000020508,Chigorodó,0.36345754627093735,5
0517210000000000020513,Chigorodó,0.29486199492456244,1
0517210000000000050307,Chigorodó,0.3361396687021054,3
0517210000000000050407,Chigorodó,0.38051195634771734,5
0517210000000000050429,Chigorodó,0.3792605937226815,5
0517210000000000060113,Chigorodó,0.35005844794579183,4
0517210000000000060405,Chigorodó,0.3509868560299733,4
0517210000000000060423,Chigorodó,0.3940797760479006,5
0517210000000000060619,Chigorodó,0.3341865039471547,3
0517210000000000061011,Chigorodó,0.29175490959899497,1
0549020050300500010110,Necoclí,0.2808320717161576,2
0565910000000000010307,San Juan de Urabá,0.3011655610967059,3
0565910000000000010715,San Juan de Urabá,0.3846627196916583,5
0566510000000000011014,San Pedro de Urabá,0.27791719572530565,2
0583720110201800010109,Turbo,0.3392688383693864,3
0583720110201800010215,Turbo,0.31544780894638264,2
0583720110201800010222,Turbo,0.25157673648065565,1
0583720110201800010319,Turbo,0.3590558173271975,3
0583720110201800010329,Turbo,0.30284194122073466,2
0583720090700100020329,Turbo,0.34529034607528086,3
0583720090600300010115,Turbo,0.3445254790421628,3
0583720090402400010104,Turbo,0.34410886438021815,3
0583720090700100010512,Turbo,0.3323789171412825,3
0504520020300900010122,Apartadó,0.3363935000646288,2
0504520020300900010221,Apartadó,0.3347487542702787,1
0504520020300900010307,Apartadó,0.32660993902103813,1
0504520020300900010316,Apartadó,0.32689099629569734,1
0505110000000000010120,Arboletes,0.20401115769039332,1
0505120030200900010119,Arboletes,0.2532881129862581,1
0505120040101000010118,Arboletes,0.36015787181903625,3
0505120030101100010111,Arboletes,0.3147062727071694,2
0514710000000000010310,Carepa,0.30086474287045406,1
0514710000000000020608,Carepa,0.34411797309750675,4
0514710000000000020619,Carepa,0.33959124084780357,3
0514720010601300010107,Carepa,0.3117521170436352,2
0583720090602600010116,Turbo,0.3221849902150417,3
0549010000000000010105,Necoclí,0.3585109568158217,5
0549010000000000010107,Necoclí,0.0732531157291686,1
0549010000000000010206,Necoclí,0.35194470297426644,5
0549020090200800010106,Necoclí,0.31520016246172894,4
0549020040400900010110,Necoclí,0.2504679434992144,2
0549020120301400010105,Necoclí,0.3548559095730772,5
0566510000000000030105,San Pedro de Urabá,0.42710201049955476,5
0565920010300300010101,San Juan de Urabá,0.2896374367168186,3
0566510000000000010745,San Pedro de Urabá,0.2878420466763105,2
0566510000000000010805,San Pedro de Urabá,0.30711549442798547,3
0583720090700100010140,Turbo,0.3487194468565559,3
0583720090700100010120,Turbo,0.34176478354972367,3
0583720090700100020105,Turbo,0.23741332667088832,1
0583720090700100020226,Turbo,0.29916356957141615,2
0583720090700100020336,Turbo,0.35279331937428554,3
0583720090700100020343,Turbo,0.3306360300999358,3
0583720100700200020109,Turbo,0.33658171192799596,3
0583720090600300010116,Turbo,0.3510152284506928,3
0583720050200500010125,Turbo,0.17386900956148554,1
0583720070201200010111,Turbo,0.29382841231160806,2
0583720090302500010107,Turbo,0.0,1
0583720030802900010103,Turbo,0.2435556235397946,1
0583720010203800010109,Turbo,0.2050066454628611,1
0514710000000000010413,Carepa,0.29292155454380925,1
0514710000000000020912,Carepa,0.3470694908634986,4
0514710000000000030502,Carepa,0.3350370296564775,3
0514710000000000030527,Carepa,0.33824236001284336,3
0514710000000000030545,Carepa,0.3762402755128094,5
0514710000000000030637,Carepa,0.35145586072343493,4
0514720010700700010116,Carepa,0.3488903486068547,4
0514720010700700010123,Carepa,0.3291841675838279,2
0514720011001000010118,Carepa,0.34703295527643974,4
0514720011001000010129,Carepa,0.3554809015492186,5
0517210000000000010618,Chigorodó,0.29328864007370814,1
0517210000000000020428,Chigorodó,0.32755016443260027,2
0517210000000000020432,Chigorodó,0.18488624448447352,1
0517210000000000020514,Chigorodó,0.11250639730939385,1
0517210000000000030118,Chigorodó,0.3803742090546144,5
0517210000000000050207,Chigorodó,0.3660730848557709,5
0517210000000000050305,Chigorodó,0.20230518096250935,1
0517210000000000050325,Chigorodó,0.38333815783358927,5
0517210000000000050402,Chigorodó,0.3831974339290799,5
0517210000000000050529,Chigorodó,0.38953843290307777,5
0517210000000000060305,Chigorodó,0.3873450749230205,5
0517210000000000060620,Chigorodó,0.33344119937928635,3
0565910000000000010146,San Juan de Urabá,0.3196375298737453,3
0565910000000000010305,San Juan de Urabá,0.35671259489139145,5
0565910000000000010617,San Juan de Urabá,0.34803966868513664,4
0565910000000000010713,San Juan de Urabá,0.21667576209153477,1
0583720110201800010219,Turbo,0.2917676169721133,2
0514710000000000010731,Carepa,0.3420518114276865,3
0514710000000000010810,Carepa,0.3578109451745358,5
0514710000000000010817,Carepa,0.2968571620211273,1
0514710000000000030106,Carepa,0.3475206345040457,4
0514710000000000030604,Carepa,0.3383258193243933,3
0514710000000000030613,Carepa,0.3388599478189848,3
0517210000000000010401,Chigorodó,0.3710670300693902,5
0517210000000000020205,Chigorodó,0.3497501199710589,4
0517210000000000020405,Chigorodó,0.376463271964516,5
0517210000000000060219,Chigorodó,0.34666953280014207,4
0517210000000000060303,Chigorodó,0.3401462998215979,3
0517210000000000060308,Chigorodó,0.3807370959994669,5
0517210000000000060314,Chigorodó,0.34010416966476564,3
0517210000000000061002,Chigorodó,0.2846688295078542,1
0549020030200400010132,Necoclí,0.3472250361253522,5
0566510000000000011020,San Pedro de Urabá,0.012581250581830303,1
0583720110201800010221,Turbo,0.3031506795682221,2
0514710000000000020428,Carepa,0.36004561164253,5
0517210000000000010608,Chigorodó,0.3026512417399114,2
0517210000000000060815,Chigorodó,0.39146464773985185,5
0565910000000000010117,San Juan de Urabá,0.041144775139056275,1
0504520020500200010114,Apartadó,0.28773386654929944,1
0504520020300300010105,Apartadó,0.2677334188492792,1
0504520020300900010107,Apartadó,0.17865640252466308,1
0504520020300900010201,Apartadó,0.29646153970832945,1
0504520020300900010304,Apartadó,0.34374439757723013,2
0505110000000000010308,Arboletes,0.2923735871569548,2
0505110000000000010404,Arboletes,0.3755311183754713,3
0505110000000000010808,Arboletes,0.4049564449579071,3
0505110000000000010902,Arboletes,0.464070470006387,4
0505110000000000011022,Arboletes,0.5002345983647876,5
0505120030200900010102,Arboletes,0.048748481859920534,1
0505120030200900010109,Arboletes,0.2779170040134956,2
0514710000000000030431,Carepa,0.33233767181073115,2
0514710000000000030623,Carepa,0.3612825173176364,5
0517220100400700010104,Chigorodó,0.37333036324569624,5
0549010000000000010103,Necoclí,0.18301216952907437,1
0549010000000000010328,Necoclí,0.2854285654612342,3
0549010000000000010711,Necoclí,0.35976011501438465,5
0549010000000000010723,Necoclí,0.3479120418620631,5
0549020120600100010134,Necoclí,0.28404993021164143,3
0549020120301000010101,Necoclí,0.23333163750703947,2
0549020090201200010103,Necoclí,0.36040038639279115,5
0583720090600300010331,Turbo,0.2733319892611732,2
0566510000000000010217,San Pedro de Urabá,0.4023434960327838,5
0566510000000000010317,San Pedro de Urabá,0.4169151762775409,5
0566510000000000010724,San Pedro de Urabá,0.4088626610330997,5
0566510000000000010818,San Pedro de Urabá,0.4214817885195068,5
0566510000000000010909,San Pedro de Urabá,0.26103292314078813,2
0583720090700100010609,Turbo,0.28306168239896085,2
0583720090700100010611,Turbo,0.17529612275775047,1
0583720090700100020101,Turbo,0.31332676028648737,2
0583720100700200010514,Turbo,0.28312386857625815,2
0583720090600300010112,Turbo,0.24549464940684632,1
0583720050200500010114,Turbo,0.31598702317524197,2
0583720030700600010114,Turbo,0.23683514312488824,1
0583720020101300010117,Turbo,0.25620521304841426,1
0583720020101300010207,Turbo,0.16939025291402302,1
0583720090602600010114,Turbo,0.29575999840123535,2
0583720030802900010105,Turbo,0.23956841663375,1
0583720030802900010111,Turbo,0.3045572437305544,2
0504520020300900010324,Apartadó,0.3551440704461159,2
0504520010101400010104,Apartadó,0.28205468915723364,1
0504520020500200010104,Apartadó,0.0,1
0504520020300900010106,Apartadó,0.0,1
0505110000000000010609,Arboletes,0.03814105439544345,1
0549020040400900010132,Necoclí,0.1521478777842959,1
0549020050401800010108,Necoclí,0.3277986005920001,4
0566510000000000010564,San Pedro de Urabá,0.2500124552127594,2
0566510000000000010634,San Pedro de Urabá,0.36086717859666195,4
0583720100700200020132,Turbo,0.3325921418134975,3
0583720050200500010124,Turbo,0.37193030978385233,4
0583720100400800010304,Turbo,0.36126252510000917,4
0583720070202000010106,Turbo,0.2926821442501871,2
0514710000000000010501,Carepa,0.26390642673636305,1
0514710000000000010504,Carepa,0.20014104919255912,1
0514710000000000010717,Carepa,0.35329788977863086,4
0514710000000000020905,Carepa,0.35322696714701163,4
0514710000000000030233,Carepa,0.34133545839682994,3
0514710000000000030420,Carepa,0.34210763616284695,3
0514710000000000030435,Carepa,0.3468033858042119,4
0514710000000000030437,Carepa,0.3424314673980186,3
0514710000000000030610,Carepa,0.3235931772867743,2
0514720011001000010137,Carepa,0.34631606035069706,4
0514720011001000010143,Carepa,0.3555653744239765,5
0517210000000000010301,Chigorodó,0.2868384736831628,1
0517210000000000010414,Chigorodó,0.3243340051925204,2
0517210000000000020505,Chigorodó,0.36750685328699684,5
0517210000000000030103,Chigorodó,0.19878562488608129,1
0517210000000000050211,Chigorodó,0.36043511647998044,5
0517210000000000050317,Chigorodó,0.35644168117217073,4
0517210000000000050513,Chigorodó,0.31358742834104886,2
0517210000000000060934,Chigorodó,0.3399257807914642,3
0517210000000000060507,Chigorodó,0.3403291186422286,3
0517210000000000060935,Chigorodó,0.17674722302459547,1
0549020030200400010129,Necoclí,0.33252567532846944,4
0565910000000000010140,San Juan de Urabá,0.3275337661407829,4
0566510000000000020122,San Pedro de Urabá,0.38272870577163925,4
0504520020300900010220,Apartadó,0.12387627164266683,1
0504520010301100010105,Apartadó,0.27266576798532954,1
0504520010301100010108,Apartadó,0.3502395299795818,2
0504520010301100010213,Apartadó,0.3204914462283606,1
0504520010101600010117,Apartadó,0.16802566306955224,1
0505110000000000010319,Arboletes,0.47644329042753725,4
0505110000000000010344,Arboletes,0.4409675276255752,4
0505110000000000010604,Arboletes,0.37950977384539036,3
0505110000000000010905,Arboletes,0.49305193153900057,5
0505110000000000011041,Arboletes,0.49142522519428966,5
0505120030200800010107,Arboletes,0.3090616942277538,2
0514710000000000020716,Carepa,0.34445499586206674,4
0514710000000000030511,Carepa,0.3206417536672253,2
0514720010601300010106,Carepa,0.27878284427785427,1
0517220100400700010112,Chigorodó,0.27740320933222273,1
0549020120600100010308,Necoclí,0.3138469793207553,4
0549010000000000010613,Necoclí,0.0,1
0549020120600100010215,Necoclí,0.2682338926973643,2
0549020120300300010125,Necoclí,0.22835295067232914,2
0549020120801600010101,Necoclí,0.0768980746737736,1
0566510000000000010349,San Pedro de Urabá,0.2792365407127801,2
0566510000000000010416,San Pedro de Urabá,0.35428750743223525,4
0566510000000000010610,San Pedro de Urabá,0.38850432305318566,5
0566510000000000010847,San Pedro de Urabá,0.4152440335949687,5
0566510000000000010853,San Pedro de Urabá,0.30353175688553924,3
0566520040200200010101,San Pedro de Urabá,0.3026013212621068,3
0583720090700100010513,Turbo,0.32462330942893264,3
0583720090700100020403,Turbo,0.2942871937532701,2
0583720090700100020422,Turbo,0.3528493050413304,3
0583720100700200010204,Turbo,0.34251105443452845,3
0583720100700200020507,Turbo,0.3260020581944333,3
0583720090600300010208,Turbo,0.25073338411567614,1
0583720090600300010309,Turbo,0.22704920303873663,1
0583720090600300010328,Turbo,0.2947262137113339,2
0583720050200500010108,Turbo,0.22851820097085093,1
0583720100400800010316,Turbo,0.36023661136664714,4
0583720020101300010211,Turbo,0.3419791301982206,3
0583720030802900010106,Turbo,0.23320819163159,1
0583720240204300010102,Turbo,0.21966378710361897,1
0504520010101600010112,Apartadó,0.3157130258679407,1
0505110000000000010146,Arboletes,0.4175409825165683,3
0505110000000000011122,Arboletes,0.39041959343317867,3
0566510000000000010870,San Pedro de Urabá,0.3660967125507329,4
0566520010100400010114,San Pedro de Urabá,0.0,1
0583720090700100020351,Turbo,0.35089642407084376,3
0583720050202800010106,Turbo,0.2076762234648928,1
0583720030802900010124,Turbo,0.0,1
0514710000000000010314,Carepa,0.3573894554706181,5
0514710000000000010319,Carepa,0.3172414155810124,2
0514710000000000010728,Carepa,0.37318974361120083,5
0514710000000000020230,Carepa,0.3387493720413938,3
0514710000000000030544,Carepa,0.3584290296272869,5
0514720011001000010119,Carepa,0.3505330284702054,4
0517210000000000010515,Chigorodó,0.29917826881700993,2
0517210000000000020226,Chigorodó,0.2794944192133258,1
0517210000000000060122,Chigorodó,0.3438581328381469,3
0517210000000000060511,Chigorodó,0.33897933348436193,3
0517210000000000060612,Chigorodó,0.33488946114026974,3
0517210000000000060701,Chigorodó,0.334763047851784,3
0517210000000000060707,Chigorodó,0.3589766447494875,4
0517210000000000060803,Chigorodó,0.3425223553582234,3
0549020030200400010117,Necoclí,0.21268889836704205,2
0549020030200400010131,Necoclí,0.31110755886533425,4
0565910000000000010135,San Juan de Urabá,0.3894626535591207,5
0583720110201800010326,Turbo,0.2822113828538964,2
0504520030101500010107,Apartadó,0.2957314073155244,1
0504520010101600010115,Apartadó,0.2492811774035532,1
0505110000000000010113,Arboletes,0.4352155234993411,3
0505110000000000010114,Arboletes,0.42093544723768106,3
0505110000000000010521,Arboletes,0.49975797746080314,5
0505110000000000010534,Arboletes,0.511078070915846,5
0505110000000000010912,Arboletes,0.3886517798183207,3
0505120040101000010119,Arboletes,0.2942112814704427,2
0514710000000000020419,Carepa,0.3496710832670457,4
0514710000000000020717,Carepa,0.34421598840653805,4
0517220060601500010107,Chigorodó,0.17407368610484666,1
0565920010100100010123,San Juan de Urabá,0.22631790286905065,1
0583720100700200010212,Turbo,0.3334913408502155,3
0583720100700200010301,Turbo,0.28138288290621766,2
0583720090700100010302,Turbo,0.32709681779231625,3
0583720090700100020103,Turbo,0.2918155822552569,2
0583720090700100020404,Turbo,0.2999494235978487,2
0583720100700200020106,Turbo,0.2814655923377673,2
0583720100700200020117,Turbo,0.2981697806716828,2
0583720100700200020317,Turbo,0.356517794500809,3
0583720100700200020511,Turbo,0.2573556125597092,1
0583720050200500010106,Turbo,0.0,1
0583720100400800010118,Turbo,0.36307542285980404,4
0583720240400900010107,Turbo,0.2391168070982347,1
0583720090402400010122,Turbo,0.2982526749090748,2
0583720090402400010123,Turbo,0.335485441768171,3
0583720050603700010110,Turbo,0.04452135886353141,1
0504520010301100010211,Apartadó,0.3146872510224573,1
0505110000000000010805,Arboletes,0.4627376049399804,4
0505110000000000010911,Arboletes,0.3574256019952703,3
0505120060400100010106,Arboletes,0.2438411618067701,1
0505120060400100010110,Arboletes,0.36079751527763815,3
0549010000000000010411,Necoclí,0.2946174632431317,3
0549010000000000010430,Necoclí,0.3045780996060964,3
0549010000000000010812,Necoclí,0.34122678713991816,5
0549020120600100010304,Necoclí,0.1688284636012533,1
0549020090200800010103,Necoclí,0.3572154944487896,5
0549020090200800010119,Necoclí,0.32437781516861747,4
0565920020300400010104,San Juan de Urabá,0.32261928901398546,3
0566510000000000010544,San Pedro de Urabá,0.31089164379712925,3
0566510000000000011017,San Pedro de Urabá,0.25313493797095543,2
0566520040200800010109,San Pedro de Urabá,0.35917966380995303,4
0583720090700100010106,Turbo,0.2919155349286852,2
0583720090700100010419,Turbo,0.3248347118309138,3
0583720090700100020109,Turbo,0.30712999139114466,2
0583720090700100020224,Turbo,0.3062590955022136,2
0583720100700200020517,Turbo,0.30273550712609565,2
0583720100400800010115,Turbo,0.3634127074475987,4
0583720230401400010102,Turbo,0.2945600438454295,2
0514710000000000010417,Carepa,0.33974703108652876,3
0514710000000000010822,Carepa,0.33745560540371017,3
0514710000000000020221,Carepa,0.36907297368541997,5
0514710000000000030213,Carepa,0.3332942905806588,2
0514710000000000030429,Carepa,0.33701888911114863,3
0517210000000000010127,Chigorodó,0.353212117623331,4
0517210000000000010302,Chigorodó,0.27942910448407277,1
0517210000000000010402,Chigorodó,0.3311108740917057,3
0517210000000000010407,Chigorodó,0.34709601083730923,4
0517210000000000050104,Chigorodó,0.3347207238730164,3
0517210000000000050205,Chigorodó,0.30556058203175607,2
0517210000000000050212,Chigorodó,0.2613010218205176,1
0517210000000000050410,Chigorodó,0.3703186150647344,5
0517210000000000050423,Chigorodó,0.3634011113099974,5
0517210000000000060120,Chigorodó,0.3439849549129768,4
0549020050300500010217,Necoclí,0.2962384156649539,3
0565910000000000010232,San Juan de Urabá,0.26513686832339933,2
0566510000000000020121,San Pedro de Urabá,0.4207776551798799,5
0583720110201800010117,Turbo,0.2822686558927689,2
0517220070300300010111,Chigorodó,0.3219764192427442,2
0504520020500200010204,Apartadó,0.2883099911048545,1
0504520020500200010117,Apartadó,0.34716608571996643,2
0504520010301100010104,Apartadó,0.14791547415371348,1
0504520010301100010214,Apartadó,0.322107706688377,1
0504520010101600010104,Apartadó,0.24250961152023343,1
0505120020500300010121,Arboletes,0.36076038064239063,3
0505120040101000010104,Arboletes,0.2920083121257886,2
0505120030101100010106,Arboletes,0.25725275919802687,2
0514710000000000020711,Carepa,0.33828379632944194,3
0514710000000000030556,Carepa,0.002781118549667763,1
0517220070300300010106,Chigorodó,0.3220327998792986,2
0549020090200800010115,Necoclí,0.07812271791933068,1
0549010000000000010724,Necoclí,0.30735156664353674,3
0549010000000000010809,Necoclí,0.3315462387939215,4
0549020030300200010105,Necoclí,0.1452330870689085,1
0549020090200800010107,Necoclí,0.35659821306904427,5
0549020120301000010113,Necoclí,0.2516469525570628,2
0549020090501500010105,Necoclí,0.2288159641184388,2
0565910000000000010508,San Juan de Urabá,0.36781997160937163,5
0565920010300300010111,San Juan de Urabá,0.2574480467592432,2
0565920010300300010136,San Juan de Urabá,0.3466651010007716,4
0565920010100500010102,San Juan de Urabá,0.1670016200743017,1
0565920010200600010107,San Juan de Urabá,0.27873231636651974,2
0566510000000000010159,San Pedro de Urabá,0.2947555714063927,2
0566510000000000010208,San Pedro de Urabá,0.3772496243087461,4
0566510000000000010408,San Pedro de Urabá,0.28667512753473945,2
0566520010100400010102,San Pedro de Urabá,0.061242553638964546,1
0566520040200800010116,San Pedro de Urabá,0.2868923917612804,2
0583720090700100010705,Turbo,0.32903394952276327,3
0583720090700100010713,Turbo,0.15018664238534404,1
0583720090700100020107,Turbo,0.22107265595208525,1
0583720090700100020307,Turbo,0.29130890919411084,2
0583720090700100020438,Turbo,0.3065808465914147,2
0583720100700200020104,Turbo,0.30287722908856646,2
0583720030700600010108,Turbo,0.2874693586309929,2
0583720100400800010203,Turbo,0.36327213745625764,4
0583720100400800010410,Turbo,0.25987050178283794,1
0583720080301000010114,Turbo,0.25981717422905465,1
0583720070201200010116,Turbo,0.3042653365826235,2
0583720070202000010103,Turbo,0.0,1
0505110000000000010140,Arboletes,0.45628583680228707,4
0505120060600500010102,Arboletes,0.3344516867410734,2
0505120030101100010105,Arboletes,0.2665851313915805,2
0514710000000000030609,Carepa,0.3418545597411218,3
0517220060601500010109,Chigorodó,0.32609035484448073,2
0549010000000000010219,Necoclí,0.32444468539268745,4
0549010000000000010605,Necoclí,0.0,1
0549020120600100010126,Necoclí,0.27711686719266915,2
0565920010300300010118,San Juan de Urabá,0.34464547337374396,4
0566510000000000010559,San Pedro de Urabá,0.23255001319637408,2
0583720090700100010103,Turbo,0.29252027252745816,2
0583720090700100020338,Turbo,0.3085630384425304,2
0583720100700200020133,Turbo,0.3338284876180101,3
0583720090600300010322,Turbo,0.0,1
0583720090603100010106,Turbo,0.3661427224989524,4
0504520020300300010101,Apartadó,0.20947492078588323,1
0504520020300900010214,Apartadó,0.33022299278019324,1
0505110000000000010311,Arboletes,0.5081181483495272,5
0505110000000000010411,Arboletes,0.4031787203128102,3
0505110000000000011123,Arboletes,0.4036479637716808,3
0505120050401400010101,Arboletes,0.34279450949475615,3
0514710000000000020607,Carepa,0.3736254822856583,5
0514720010601300010105,Carepa,0.29017999702759534,1
0549020120600100010405,Necoclí,0.28385406453259965,3
0549010000000000010722,Necoclí,0.35373433675021104,5
0549020030300200010210,Necoclí,0.0,1
0549020120300300010103,Necoclí,0.0,1
0565910000000000010415,San Juan de Urabá,0.33377882686287863,4
0565920010300300010108,San Juan de Urabá,0.3045322668848484,3
0565920020300400010101,San Juan de Urabá,0.0,1
0565920010100500010104,San Juan de Urabá,0.24781987650329423,2
0565920010200600010110,San Juan de Urabá,0.3024656771489391,3
0566510000000000010661,San Pedro de Urabá,0.4445796934160932,5
0566510000000000010852,San Pedro de Urabá,0.40814842828004105,5
0566520040200800010110,San Pedro de Urabá,0.3032823991010992,3
0583720090700100010307,Turbo,0.3140718978102184,2
0583720090700100020111,Turbo,0.26965779480210966,1
0583720090700100020209,Turbo,0.29878396907279836,2
0583720100700200020306,Turbo,0.35252784071117255,3
0583720100700200020513,Turbo,0.325172928656464,3
0583720050202800010104,Turbo,0.19280235085028005,1
0583720090103900010101,Turbo,0.1488240445320894,1
0549020120600100010207,Necoclí,0.26434600226510147,2
0549020120600100010209,Necoclí,0.28326423523446526,3
0504520020500200010212,Apartadó,0.32913536324014164,1
0504520020300900010123,Apartadó,0.3308831852022584,1
0504520020300900010128,Apartadó,0.3348332147404063,1
0504520010101600010102,Apartadó,0.23275879244339995,1
0505110000000000010232,Arboletes,0.49313656084754365,5
0505110000000000010540,Arboletes,0.36993937271116256,3
0505110000000000011004,Arboletes,0.3088849612369336,2
0505110000000000011024,Arboletes,0.488858194729111,5
0505110000000000011120,Arboletes,0.3996077376583498,3
0505120030200900010111,Arboletes,0.22258561892271567,1
0514710000000000010134,Carepa,0.33016052321268596,2
0514710000000000020727,Carepa,0.34539678809727525,4
0583720100700200010314,Turbo,0.27794024648446664,2
0583720090600300010210,Turbo,0.22754152841465708,1
0583720020101300010205,Turbo,0.26992465076674277,2
0583720010203800010108,Turbo,0.17685370566606967,1
0583720090103900010104,Turbo,0.0,1
0514710000000000020913,Carepa,0.3079316606081517,1
0514720011001000010133,Carepa,0.3486212912701668,4
0514710000000000020245,Carepa,0.34660600263291697,4
0514710000000000010315,Carepa,0.3357129109641344,3
0514710000000000010411,Carepa,0.31101378054891377,2
0514710000000000010520,Carepa,0.34113819726865313,3
0514710000000000010610,Carepa,0.3439637392885349,3
0514710000000000020223,Carepa,0.35378949514973157,5
0514710000000000020424,Carepa,0.33984455171691225,3
0514710000000000030201,Carepa,0.34524352754809096,4
0514720010700700010107,Carepa,0.2935666475397421,1
0514720010700700010120,Carepa,0.0,1
0514720011001000010134,Carepa,0.3505329766541667,4
0517210000000000010506,Chigorodó,0.33036336405151845,2
0517210000000000020328,Chigorodó,0.3073600149535048,2
0517210000000000020331,Chigorodó,0.3664804039370553,5
0517210000000000040104,Chigorodó,0.35156645347056154,4
0517210000000000060201,Chigorodó,0.37275088887331737,5
0549020030200400010103,Necoclí,0.2628324991146747,2
0549020030200400010112,Necoclí,0.3010102893461532,3
0565910000000000010127,San Juan de Urabá,0.30505303598276357,3
0566510000000000020120,San Pedro de Urabá,0.43024780574841054,5
0504520020300900010312,Apartadó,0.3579693939538192,2
0504520010301100010219,Apartadó,0.32987938089009156,1
0505110000000000010530,Arboletes,0.3506106983401863,3
0514710000000000010707,Carepa,0.35054262330698344,4
0514710000000000010128,Carepa,0.22010456839951384,1
0514710000000000030618,Carepa,0.3640097592025097,5
0517220070300300010104,Chigorodó,0.3139612500188766,2
0517220100400700010114,Chigorodó,0.2202956673518423,1
0549010000000000010701,Necoclí,0.3616541306081626,5
0549020120600100010421,Necoclí,0.014876713012120134,1
0549020120300300010140,Necoclí,0.2475674952791836,2
0549020120100700010105,Necoclí,0.2134938808032303,2
0549020090501500010120,Necoclí,0.32867357115294543,4
0566510000000000010115,San Pedro de Urabá,0.2962585478500922,2
0566510000000000010205,San Pedro de Urabá,0.37678616922139774,4
0566510000000000010657,San Pedro de Urabá,0.3641689806816493,4
0566510000000000010801,San Pedro de Urabá,0.39783585341305167,5
0566520020300300010105,San Pedro de Urabá,0.3407975988985556,4
0583720090700100010225,Turbo,0.3646661943144202,4
0583720090700100020210,Turbo,0.29896651473151303,2
0583720090700100020221,Turbo,0.29723792060194926,2
0583720090700100020372,Turbo,0.3498286736086141,3
0583720090700100020423,Turbo,0.28217561878636144,2
0583720100700200020403,Turbo,0.33687661347929765,3
0583720090600300010120,Turbo,0.33890669062105133,3
0583720030700600010105,Turbo,0.3554685891476521,3
0583720090402400010101,Turbo,0.291328551757379,2
0583720090602600010108,Turbo,0.35653353220882167,3
0583720030803200010109,Turbo,0.0,1
0583720010203800010102,Turbo,0.16583446870732466,1
0505110000000000010331,Arboletes,0.5071500892392491,5
0504520030101500010124,Apartadó,0.3354106682291498,2
0504520010101400010115,Apartadó,0.2770528925123126,1
0505110000000000011106,Arboletes,0.4821522782252079,5
0505120030101100010137,Arboletes,0.34181933561285044,3
0514710000000000010715,Carepa,0.3501349432620773,4
0549010000000000010428,Necoclí,0.2857080443312465,3
0549020120600100010314,Necoclí,0.29410025967142367,3
0549010000000000010123,Necoclí,0.05032500232732121,1
0549020030300200010220,Necoclí,0.2264740200461671,2
0565910000000000010219,San Juan de Urabá,0.37167733170103134,5
0566510000000000010426,San Pedro de Urabá,0.26854333561567,2
0583720090700100010222,Turbo,0.36375285115555894,4
0583720090600300010207,Turbo,0.32196589082141835,3
0583720090600300010217,Turbo,0.2585011056485517,1
0583720090600300010316,Turbo,0.27959918222169144,2
0583720090600300010320,Turbo,0.28573776336919743,2
0583720020101300010104,Turbo,0.11176148427607834,1
0583720090302300010111,Turbo,0.21717251645481445,1
0583720090102700010102,Turbo,0.21005035828792676,1
0514710000000000010711,Carepa,0.3351354609953553,3
0514710000000000010732,Carepa,0.35564560378967996,5
0514710000000000030506,Carepa,0.3296528666534622,2
0514710000000000030517,Carepa,0.34345766494949703,3
0514710000000000030532,Carepa,0.20364053147423994,1
0514720010700700010106,Carepa,0.3214672157159181,2
0517210000000000010604,Chigorodó,0.29463800889352865,1
0517210000000000010612,Chigorodó,0.2801567373558245,1
0517210000000000020301,Chigorodó,0.36769007747732246,5
0517210000000000020418,Chigorodó,0.3416794515459328,3
0517210000000000020509,Chigorodó,0.3551201248995229,4
0517210000000000040113,Chigorodó,0.32954968146581537,2
0517210000000000050126,Chigorodó,0.32923720322090955,2
0517210000000000060111,Chigorodó,0.3492713544535007,4
0517210000000000060123,Chigorodó,0.34239576660444027,3
0517210000000000060126,Chigorodó,0.38958058441848725,5
0517210000000000060435,Chigorodó,0.22247981730125732,1
0517210000000000060909,Chigorodó,0.33904938145645097,3
0549020030200400010110,Necoclí,0.24227025853976225,2
0565910000000000010228,San Juan de Urabá,0.32613198609641764,4
0565910000000000010501,San Juan de Urabá,0.3267249192228264,4
0566510000000000020117,San Pedro de Urabá,0.42124135604826846,5
0583720110201800010315,Turbo,0.245911659022947,1
0514710000000000020618,Carepa,0.3590192802452935,5
0549020090501500010114,Necoclí,0.336464100174613,4
0505110000000000010810,Arboletes,0.497596887887607,5
0505110000000000010812,Arboletes,0.4802583309203251,4
0505110000000000011029,Arboletes,0.48400458480582226,5
0505120030200800010108,Arboletes,0.27783507287598896,2
0514720010601300010101,Carepa,0.29537983726640266,1
0549010000000000010126,Necoclí,0.36398321228555514,5
0566510000000000010841,San Pedro de Urabá,0.43283441352276214,5
0566520040200800010104,San Pedro de Urabá,0.3662019165729346,4
0583720090700100010142,Turbo,0.17601572732287277,1
0583720090700100020312,Turbo,0.28858300523856706,2
0583720090700100020369,Turbo,0.3581043966887366,3
0583720050200500010118,Turbo,0.06452328078572654,1
0583720050200500010126,Turbo,0.3264679804116523,3
0583720030700600010104,Turbo,0.24417724885087833,1
0504520020300900010313,Apartadó,0.36852574766947066,2
0504520010101400010111,Apartadó,0.32961254829799297,1
0505110000000000010315,Arboletes,0.470972689297482,4
0505110000000000010323,Arboletes,0.4496918788539844,4
0505120030200900010101,Arboletes,0.03958675589319443,1
0505120030101100010120,Arboletes,0.31543561676495935,2
0514710000000000010607,Carepa,0.32764260477557566,2
0514710000000000020701,Carepa,0.32125973280733,2
0517220100400700010110,Chigorodó,0.3629499532700963,5
0549010000000000010232,Necoclí,0.3723437950832817,5
0549010000000000010410,Necoclí,0.29613247455738284,3
0549010000000000010914,Necoclí,0.3410023540442157,5
0549020120600100010313,Necoclí,0.24322511978391761,2
0549020120600600010116,Necoclí,0.0,1
0549020120301000010108,Necoclí,0.09090739935346191,1
0566510000000000010122,San Pedro de Urabá,0.3292523710588771,3
0566510000000000010345,San Pedro de Urabá,0.2543252349149857,2
0583720090600300010340,Turbo,0.08762401661289189,1
0583720090700100020116,Turbo,0.22683145334217672,1
0583720090700100020218,Turbo,0.3002590819821954,2
0583720100700200010209,Turbo,0.3325640595236765,3
0583720100700200010401,Turbo,0.3044512748207527,2
0583720100700200020311,Turbo,0.33992541584958,3
0583720070201200010112,Turbo,0.34069006371994226,3
0583720020101300010108,Turbo,0.305495849527414,2
0583720020101300010209,Turbo,0.25520737223663587,1
0583720090302500010104,Turbo,0.3250137431387321,3
0583720090602600010107,Turbo,0.3535553344782256,3
0583720030803200010102,Turbo,0.0,1
0583720030803200010114,Turbo,0.0,1
0583720050603700010108,Turbo,0.3018015910352387,2
0514710000000000010506,Carepa,0.31056303608351454,2
0514710000000000010527,Carepa,0.3479423903699044,4
0514710000000000010705,Carepa,0.3352901288028113,3
0514710000000000020216,Carepa,0.21402537246170844,1
0514710000000000020318,Carepa,0.002781118549667763,1
0514710000000000020503,Carepa,0.3370470096970573,3
0514710000000000030425,Carepa,0.34667654168038725,4
0514720011001000010122,Carepa,0.3373758683260078,3
0517210000000000010324,Chigorodó,0.35696359256060345,4
0517210000000000010537,Chigorodó,0.3527453054233541,4
0517210000000000020213,Chigorodó,0.37033314208967016,5
0517210000000000020408,Chigorodó,0.33765883665994517,3
0517210000000000050201,Chigorodó,0.3095958927330547,2
0517210000000000050701,Chigorodó,0.3238388045382175,2
0517210000000000060622,Chigorodó,0.361814235301749,5
0517210000000000060818,Chigorodó,0.3549091251321398,4
0517210000000000061009,Chigorodó,0.33023767720574493,2
0566510000000000011003,San Pedro de Urabá,0.012581250581830303,1
0583720110201800010111,Turbo,0.29691240407201624,2
0583720110201800010316,Turbo,0.24110618488899535,1
0504520020500200010216,Apartadó,0.32210843559109503,1
0504520010101400010101,Apartadó,0.17763769997705448,1
0505110000000000010228,Arboletes,0.4662596583920229,4
0514710000000000010605,Carepa,0.3204168437887795,2
0514710000000000030616,Carepa,0.3496426442410806,4
0517220060501400010102,Chigorodó,0.16753969814913838,1
0517220060501400010103,Chigorodó,0.3302246651972622,2
0549010000000000010334,Necoclí,0.3578801708168022,5
0549010000000000010822,Necoclí,0.33655490921674197,4
0549020040400900010123,Necoclí,0.3075833155254472,3
0583720090700100010311,Turbo,0.32030991253076035,3
0583720090700100020206,Turbo,0.29070536301433864,2
0583720090700100020371,Turbo,0.32476294429363106,3
0583720100700200020218,Turbo,0.3338561859905516,3
0583720090600300010114,Turbo,0.33931409208335006,3
0583720030700600010107,Turbo,0.33852507880370436,3
0583720100400800010405,Turbo,0.364719604322967,4
0583720070201200010115,Turbo,0.2052326479050321,1
0504520010101600010107,Apartadó,0.3466385630392116,2
0505110000000000010218,Arboletes,0.4539432908360882,4
0505110000000000010705,Arboletes,0.4907934094278865,5
0505110000000000010908,Arboletes,0.49007797601540715,5
0505120030200900010113,Arboletes,0.29437738795539337,2
0514710000000000030221,Carepa,0.3424878115690384,3
0549010000000000010326,Necoclí,0.3053223537896544,3
0549020120300300010104,Necoclí,0.0,1
0565920010300300010104,San Juan de Urabá,0.335038103151922,4
0566510000000000011011,San Pedro de Urabá,0.3053976875597767,3
0566520040200200010110,San Pedro de Urabá,0.3358116342826391,3
0583720090700100010121,Turbo,0.3412308513411132,3
0583720090700100010507,Turbo,0.2686757305825821,1
0583720090700100020207,Turbo,0.2934310141343379,2
0583720090700100020216,Turbo,0.29312130494638167,2
0583720090700100020328,Turbo,0.31103582230295324,2
0583720090700100020357,Turbo,0.3371831403565183,3
0583720090700100020363,Turbo,0.3519783400819899,3
0583720090700100020434,Turbo,0.35457732104728096,3
0583720090700100020528,Turbo,0.22865695584754817,1
0583720100400800010110,Turbo,0.3634408338483878,4
0583720050604200010105,Turbo,0.2331403295642707,1
0514710000000000010337,Carepa,0.33053992890744943,2
0514720010700700010114,Carepa,0.3190220110491598,2
0514710000000000020236,Carepa,0.3447100505978023,4
0514710000000000030210,Carepa,0.3369352806987276,3
0514710000000000030309,Carepa,0.35044433512150464,4
0514720010700700010122,Carepa,0.3249393184100934,2
0514720011001000010108,Carepa,0.34658315775498016,4
0514720011001000010131,Carepa,0.3548905657557207,5
0517210000000000010215,Chigorodó,0.33877076536243667,3
0517210000000000010316,Chigorodó,0.3439729560309938,4
0517210000000000050810,Chigorodó,0.3415659404422791,3
0517210000000000050427,Chigorodó,0.3498612739974299,4
0517210000000000060101,Chigorodó,0.3603224692542979,5
0517210000000000060312,Chigorodó,0.3754082548911833,5
0517210000000000060821,Chigorodó,0.3389648490323697,3
0565910000000000010122,San Juan de Urabá,0.3759127165990628,5
0583720110201800010105,Turbo,0.26775213876840964,1
0583720110201800010312,Turbo,0.08778414085211791,1
0583720110201800010330,Turbo,0.2452367915204626,1
0583720100700200020408,Turbo,0.30929743111746993,2
0514710000000000030439,Carepa,0.3614093140597321,5
0517220100400700010116,Chigorodó,0.35325855692083097,4
0549020120600100010408,Necoclí,0.31704616383646833,4
0549020120100700010111,Necoclí,0.0,1
0565920010200600010101,San Juan de Urabá,0.2824778041037721,2
0566510000000000010354,San Pedro de Urabá,0.3883789108580067,5
0566520010100400010108,San Pedro de Urabá,0.30892599564233664,3
0583720090700100010205,Turbo,0.31345411377958143,2
0583720090302300010102,Turbo,0.38376891520543627,4
0583720090700100010412,Turbo,0.28323231715687125,2
0583720100400800010312,Turbo,0.16026293871842318,1
0504520010101600010119,Apartadó,0.32730457384841366,1
0504520020500200010209,Apartadó,0.32355619625205545,1
0504520020300900010218,Apartadó,0.25662433624657877,1
0505110000000000010133,Arboletes,0.48731481620290235,5
0505120050401400010110,Arboletes,0.3657961868554388,3
0514710000000000020120,Carepa,0.3442025067000558,4
0514710000000000020211,Carepa,0.34945972353853355,4
0514710000000000020704,Carepa,0.3419246147146738,3
0517220100400700010115,Chigorodó,0.3510222595476009,4
0583720100700200020508,Turbo,0.3422714477885781,3
0549010000000000010832,Necoclí,0.3502338445326224,5
0549020120600100010420,Necoclí,0.3004705488153021,3
0549020120600100010425,Necoclí,0.25979855135691987,2
0549020030300200010125,Necoclí,0.3579714338047457,5
0549020120300300010135,Necoclí,0.26935141087321984,2
0565910000000000010142,San Juan de Urabá,0.35168707657576753,4
0565910000000000010514,San Juan de Urabá,0.3523200269735357,4
0566510000000000010154,San Pedro de Urabá,0.2985071100773502,3
0566510000000000010203,San Pedro de Urabá,0.357776197745225,4
0566510000000000010741,San Pedro de Urabá,0.3264530916719864,3
0583720090700100010113,Turbo,0.29584941188323727,2
0583720090700100010130,Turbo,0.35290637327369107,3
0583720090700100010405,Turbo,0.2950344788155984,2
0583720090700100020118,Turbo,0.0,1
0583720090700100020319,Turbo,0.29690089088526833,2
0583720100700200010103,Turbo,0.26408909460982866,1
0583720100400800010406,Turbo,0.3410263142919716,3
0583720090602600010118,Turbo,0.3421337594114073,3
0583720090603100010113,Turbo,0.37191653748927705,4
0583720050604200010102,Turbo,0.23090538018942044,1
0514710000000000010130,Carepa,0.18619740128178278,1
0514710000000000010404,Carepa,0.32214754482807695,2
0514710000000000010721,Carepa,0.3436261488961489,3
0514710000000000020225,Carepa,0.34894165978680275,4
0514710000000000020243,Carepa,0.002781118549667763,1
0514710000000000020906,Carepa,0.36310983833439986,5
0514710000000000030119,Carepa,0.3280648626552889,2
0514710000000000030427,Carepa,0.30997161435511345,2
0514710000000000030503,Carepa,0.3132613908107971,2
0514710000000000030628,Carepa,0.36320848149716295,5
0514720011001000010103,Carepa,0.3586156375207407,5
0517210000000000010105,Chigorodó,0.2855874155835284,1
0517210000000000020108,Chigorodó,0.3065734934651485,2
0517210000000000020222,Chigorodó,0.2513459829256908,1
0517210000000000020232,Chigorodó,0.21022253934058782,1
0517210000000000020315,Chigorodó,0.2587417931420051,1
0517210000000000020404,Chigorodó,0.2821939261596458,1
0517210000000000020501,Chigorodó,0.3373347287393638,3
0517210000000000030113,Chigorodó,0.24358908021253547,1
0517210000000000050208,Chigorodó,0.29872749443623015,2
0517210000000000050304,Chigorodó,0.25947234920024137,1
0517210000000000050602,Chigorodó,0.38350706847762045,5
0517210000000000050804,Chigorodó,0.3503674039106519,4
0517210000000000060212,Chigorodó,0.2927518442350784,1
0517210000000000060712,Chigorodó,0.3346083488378068,3
0517210000000000060721,Chigorodó,0.3418091689518021,3
0565910000000000010523,San Juan de Urabá,0.3024538624646864,3
0583720110201800010313,Turbo,0.3107406958130517,2
0583720110201800010314,Turbo,0.3206060826695647,3
0504520020500200010111,Apartadó,0.3384810794043629,2
0504520020300900010105,Apartadó,0.34086338779534375,2
0505110000000000010603,Arboletes,0.40530711882468845,3
0505110000000000011121,Arboletes,0.06330355555910405,1
0505120020500300010111,Arboletes,0.34767675317174623,3
0505120020500300010114,Arboletes,0.35928640681580004,3
0505120060600500010103,Arboletes,0.27705741473019957,2
0505120050401400010106,Arboletes,0.3506161060125395,3
0514710000000000020113,Carepa,0.34380884422289226,3
0514710000000000020622,Carepa,0.3396894178750174,3
0514710000000000030508,Carepa,0.3595396401339707,5
0549010000000000010124,Necoclí,0.3952836798474859,5
0549010000000000010705,Necoclí,0.33742479375965556,4
0549020120600100010414,Necoclí,0.31256912716432683,4
0583720090700100020373,Turbo,0.33785759673561044,3
0566510000000000010161,San Pedro de Urabá,0.2609381182311681,2
0583720090700100010203,Turbo,0.2984210433907978,2
0583720090700100020337,Turbo,0.35356610281117967,3
0583720090600300010102,Turbo,0.36097456591597604,4
0583720090600300010109,Turbo,0.33504389351298,3
0583720100400800010311,Turbo,0.3531960801779305,3
0583720090102700010108,Turbo,0.26646421053937386,1
0583720010203800010103,Turbo,0.0,1
0504520050300100010106,Apartadó,0.31167978628175214,1
0504520020500200010107,Apartadó,0.36448018204224686,2
0504520020500200010214,Apartadó,0.3471941896163616,2
0505110000000000010542,Arboletes,0.36665096477740927,3
0514710000000000010308,Carepa,0.32692696456070375,2
0514710000000000020309,Carepa,0.3386490377565236,3
0514710000000000020512,Carepa,0.33438993569077863,2
0514710000000000020614,Carepa,0.3530164443840999,4
0549010000000000010207,Necoclí,0.2821600707140733,3
0549010000000000010327,Necoclí,0.3788959823644995,5
0549010000000000010805,Necoclí,0.3389119903200278,4
0549020090501500010117,Necoclí,0.33807832066791776,4
0565920020500200010106,San Juan de Urabá,0.22586160255063942,1
0565920010100500010119,San Juan de Urabá,0.18018277553147238,1
0566510000000000010545,San Pedro de Urabá,0.3394561138605532,4
0566510000000000010742,San Pedro de Urabá,0.2879962516162767,2
0566510000000000010838,San Pedro de Urabá,0.4323426256557852,5
0583720090700100010505,Turbo,0.3370295547080559,3
0583720090700100020318,Turbo,0.2965354845417102,2
0583720090700100020370,Turbo,0.30100411279921224,2
0583720100700200010116,Turbo,0.30317327145750295,2
0583720100700200010404,Turbo,0.33092018629458253,3
0583720090600300010113,Turbo,0.36201401666948296,4
0583720090402400010128,Turbo,0.30912296458534333,2
0583720090602600010104,Turbo,0.3049900203244123,2
0583720090602600010112,Turbo,0.30595928004967865,2
0583720090103900010110,Turbo,0.3054405122310416,2
0583720240204300010103,Turbo,0.28011846001479696,2
0514710000000000010511,Carepa,0.2612629660925688,1
0514710000000000010523,Carepa,0.2813660495321809,1
0514710000000000010609,Carepa,0.32751624617394154,2
0514710000000000010727,Carepa,0.002781118549667763,1
0514710000000000030408,Carepa,0.3490385157580497,4
0514710000000000030428,Carepa,0.35944112488755614,5
0517210000000000010211,Chigorodó,0.3612516760823293,5
0517210000000000010512,Chigorodó,0.025162501163660606,1
0517210000000000020105,Chigorodó,0.30620817474534173,2
0517210000000000020113,Chigorodó,0.30377538901739154,2
0517210000000000020214,Chigorodó,0.34108898313625513,3
0517210000000000020305,Chigorodó,0.3619677388319771,5
0517210000000000020425,Chigorodó,0.35063587208263114,4
0517210000000000050120,Chigorodó,0.34009077624985457,3
0517210000000000050515,Chigorodó,0.2695806034664265,1
0517210000000000050702,Chigorodó,0.33344153521338316,3
0517210000000000050705,Chigorodó,0.3323731180653763,3
0517210000000000060223,Chigorodó,0.38661390474557594,5
0517210000000000060510,Chigorodó,0.3384308444661115,3
0517210000000000060709,Chigorodó,0.3399533559910346,3
0583720110201800010304,Turbo,0.28503694819751146,2
0504520020300900010203,Apartadó,0.3332879733784761,1
0504520020300900010224,Apartadó,0.36409834943146846,2
0504520010301100010110,Apartadó,0.226271079813707,1
0504520030101500010119,Apartadó,0.3598958536326478,2
0505110000000000010803,Arboletes,0.4767375616620049,4
0505120060400100010105,Arboletes,0.301526351199814,2
0505120030200900010112,Arboletes,0.32125000756178995,2
0514710000000000020305,Carepa,0.33405204277885575,2
0514710000000000020406,Carepa,0.3622667905579003,5
0514710000000000020722,Carepa,0.3567838798463705,5
0549010000000000010502,Necoclí,0.30107640466953867,3
0549020120600100010219,Necoclí,0.28459836895875057,3
0549020090201200010102,Necoclí,0.35195207450072696,5
0565920010100100010101,San Juan de Urabá,0.33829394522397593,4
0565920010100100010109,San Juan de Urabá,0.24178788451954347,2
0565920010300300010137,San Juan de Urabá,0.3402693809070248,4
0566510000000000010129,San Pedro de Urabá,0.3483617484529628,4
0566510000000000010546,San Pedro de Urabá,0.34273008575048064,4
0566520010100400010104,San Pedro de Urabá,0.1337848979988779,1
0566520010100400010110,San Pedro de Urabá,0.0,1
0583720090700100020113,Turbo,0.21880943476028303,1
0583720090700100020326,Turbo,0.3250721631875114,3
0583720100700200010517,Turbo,0.3411477910653343,3
0583720100700200020125,Turbo,0.33780368737286637,3
0583720100700200020419,Turbo,0.3568548586611964,3
0583720090600300010347,Turbo,0.1938926396439197,1
0583720100400800010119,Turbo,0.33554571043012116,3
0583720240400900010106,Turbo,0.12050721225370138,1
0583720080301000010112,Turbo,0.1831929353804132,1
0583720090402400010115,Turbo,0.31861787995644475,2
0504520020300900010207,Apartadó,0.34024540382323226,2
0505110000000000010216,Arboletes,0.36394261754142065,3
0505120040101000010121,Arboletes,0.16898935421797587,1
0505120030101100010110,Arboletes,0.3005181867880383,2
0514710000000000020410,Carepa,0.3438789694997613,3
0549010000000000010813,Necoclí,0.3374528207885826,4
0549010000000000010901,Necoclí,0.3458006175877749,5
0549020120600100010119,Necoclí,0.2902106389450664,3
0549020120600100010211,Necoclí,0.27939113085995504,2
0549020120600600010106,Necoclí,0.19199052821760393,1
0549020040400900010128,Necoclí,0.26070930032240275,2
0566510000000000010728,San Pedro de Urabá,0.3365839462682639,4
0583720090602600010113,Turbo,0.3052005110747357,2
0514720011001000010144,Carepa,0.35168565860160594,4
0514710000000000020420,Carepa,0.30245094334155537,1
0514710000000000020910,Carepa,0.3480675657469691,4
0514710000000000030206,Carepa,0.32255430311032346,2
0514710000000000030207,Carepa,0.32038936246845745,2
0514710000000000030513,Carepa,0.3446383592522106,4
0517210000000000010532,Chigorodó,0.28770656584238863,1
0517210000000000050102,Chigorodó,0.15108979301797404,1
0517210000000000050408,Chigorodó,0.347063585802033,4
0517210000000000050502,Chigorodó,0.3467549114883297,4
0517210000000000050609,Chigorodó,0.35571115256507446,4
0517210000000000060432,Chigorodó,0.3651167219492447,5
0517210000000000060505,Chigorodó,0.3822413729683514,5
0517210000000000060811,Chigorodó,0.3430702357739348,3
0565910000000000010220,San Juan de Urabá,0.3675674154017635,5
0565910000000000010226,San Juan de Urabá,0.15522064645530054,1
0565910000000000010230,San Juan de Urabá,0.34209465145665796,4
0565910000000000010503,San Juan de Urabá,0.176973572727587,1
0565910000000000010804,San Juan de Urabá,0.3959421473054873,5
0583720110201800010120,Turbo,0.25722569942700513,1
0583720110201800010125,Turbo,0.22101146364296909,1
0505110000000000010219,Arboletes,0.30274002435286634,2
0505110000000000010306,Arboletes,0.20572641834437472,1
0505110000000000010348,Arboletes,0.50911384725355,5
0514710000000000010216,Carepa,0.314515284373795,2
0549010000000000010808,Necoclí,0.3374527983130641,4
0549010000000000010616,Necoclí,0.0,1
0549020030300200010102,Necoclí,0.22960486425629892,2
0565920010100100010130,San Juan de Urabá,0.29006174783349215,3
0566510000000000010506,San Pedro de Urabá,0.29643374818109836,2
0583720090700100020401,Turbo,0.2926996927376206,2
0583720090700100020201,Turbo,0.21406212812353276,1
0583720100700200010512,Turbo,0.30095260500909937,2
0583720090302500010108,Turbo,0.0,1
0504520020500200010206,Apartadó,0.3370898210369206,2
0504520020500200010217,Apartadó,0.36057330571339324,2
0505110000000000010122,Arboletes,0.4242042025365079,3
0505110000000000010204,Arboletes,0.3504623872388325,3
0505120060400100010104,Arboletes,0.22426716451418746,1
0505120030200900010107,Arboletes,0.22988306718159798,1
0514710000000000020708,Carepa,0.3413904772991674,3
0517220070300300010103,Chigorodó,0.30733795976558853,2
0549010000000000010231,Necoclí,0.284852641856687,3
0549020030300200010107,Necoclí,0.2003354194493855,2
0549020120300300010107,Necoclí,0.2951621082434708,3
0549020040400900010103,Necoclí,0.25125441336610926,2
0549020120301000010114,Necoclí,0.33088055378839565,4
0549020120301400010103,Necoclí,0.0,1
0565920010300300010103,San Juan de Urabá,0.2797774226841113,2
0565920010300300010130,San Juan de Urabá,0.32266707092348745,3
0566510000000000010111,San Pedro de Urabá,0.3710532298936072,4
0566510000000000010405,San Pedro de Urabá,0.32416260546873804,3
0566510000000000010428,San Pedro de Urabá,0.24558426999356356,2
0566510000000000010802,San Pedro de Urabá,0.145186594870646,1
0566510000000000010903,San Pedro de Urabá,0.2912142173868508,2
0566510000000000020119,San Pedro de Urabá,0.3297583701443094,3
0566520040200200010113,San Pedro de Urabá,0.3127159843060472,3
0566520040200200010115,San Pedro de Urabá,0.32094817174240853,3
0583720090700100020309,Turbo,0.3265191958728714,3
0583720090700100020355,Turbo,0.34189008860832565,3
0583720100700200010106,Turbo,0.34175258157191235,3
0583720100700200020102,Turbo,0.29693455055442114,2
0583720100700200020105,Turbo,0.3178818121162786,2
0583720100700200020303,Turbo,0.3304000014387361,3
0583720090600300010321,Turbo,0.0,1
0583720100400800010213,Turbo,0.365857848130317,4
0583720230401400010104,Turbo,0.30065068913383153,2
0583720090302300010106,Turbo,0.0,1
0583720010203800010105,Turbo,0.0,1
0514710000000000020407,Carepa,0.34850413869323976,4
0514720010700700010105,Carepa,0.34852463497930186,4
0514720011001000010120,Carepa,0.3490007191080715,4
0517210000000000010531,Chigorodó,0.14078357002773645,1
0517210000000000020227,Chigorodó,0.20691632392993292,1
0517210000000000020318,Chigorodó,0.3255950398017435,2
0517210000000000030105,Chigorodó,0.15670689186854675,1
0517210000000000040101,Chigorodó,0.07426262746381301,1
0517210000000000050813,Chigorodó,0.33006514946953125,2
0517210000000000060110,Chigorodó,0.3470078685979513,4
0517210000000000060203,Chigorodó,0.35516196482236534,4
0517210000000000060210,Chigorodó,0.2794774154732483,1
0517210000000000060504,Chigorodó,0.3829443176970185,5
0517210000000000060602,Chigorodó,0.3347912411488277,3
0517210000000000060616,Chigorodó,0.33479112107918235,3
0517210000000000060902,Chigorodó,0.3373060491482514,3
0517210000000000060928,Chigorodó,0.2658718715912049,1
0549020030200400010127,Necoclí,0.24388285781955302,2
0583720110201800010101,Turbo,0.322559900756983,3
0505120020500300010105,Arboletes,0.1298631159554032,1
0504520020500200010311,Apartadó,0.346941156351453,2
0504520020300900010225,Apartadó,0.027042784672484006,1
0505110000000000010142,Arboletes,0.40049779006864067,3
0505110000000000010327,Arboletes,0.4708320744262303,4
0505110000000000010336,Arboletes,0.5182319861519669,5
0514710000000000010307,Carepa,0.3023406419577623,1
0514720010601300010115,Carepa,0.33742768094419895,3
0549020090501500010102,Necoclí,0.23953972968324977,2
0549010000000000010226,Necoclí,0.31609807681598756,4
0549010000000000010429,Necoclí,0.29558499229526425,3
0549010000000000010718,Necoclí,0.34938497333156304,5
0549020120600100010217,Necoclí,0.2742262333963903,2
0549020050401800010105,Necoclí,0.3385038092210606,4
0565920010100100010115,San Juan de Urabá,0.3494016303934578,4
0565920010300300010105,San Juan de Urabá,0.3108017665985959,3
0583720090700100010718,Turbo,0.014272143453890026,1
0583720090700100010725,Turbo,0.25122312669510355,1
0583720090700100020368,Turbo,0.3152792926502961,2
0583720100700200010101,Turbo,0.3534136143121298,3
0583720100700200010312,Turbo,0.20749708968696032,1
0583720100400800010403,Turbo,0.29850221628476,2
0583720020101300010107,Turbo,0.29518834878586786,2
0583720230401400010103,Turbo,0.3016212413032763,2
0583720090602600010117,Turbo,0.299243843234853,2
0583720050604200010110,Turbo,0.2788049111765485,2
0505110000000000010402,Arboletes,0.4654606381343752,4
0505110000000000011010,Arboletes,0.47480242720513893,4
0549020030300200010108,Necoclí,0.08541485440469712,1
0549020120301400010108,Necoclí,0.125879886144243,1
0549020090501500010111,Necoclí,0.35614366910616796,5
0583720090700100020506,Turbo,0.29246059513091793,2
0583720090700100020433,Turbo,0.34491059330684753,3
0583720090602600010121,Turbo,0.32190400978239136,3
0514710000000000020432,Carepa,0.37293666099765305,5
0514710000000000030228,Carepa,0.3137684018943539,2
0517210000000000010311,Chigorodó,0.29283905381749986,1
0517210000000000010806,Chigorodó,0.3582749924045162,4
0517210000000000020424,Chigorodó,0.26686890854337875,1
0517210000000000030106,Chigorodó,0.34636488973882545,4
0517210000000000050210,Chigorodó,0.29732140890944553,2
0549020030200400010124,Necoclí,0.2799154199904759,2
0549020050300500010213,Necoclí,0.3414191555608406,5
0565910000000000010233,San Juan de Urabá,0.3537790876044339,4
0514710000000000010704,Carepa,0.20033629010617496,1
0514710000000000010719,Carepa,0.3353180107598282,3
0514710000000000020237,Carepa,0.32249802791219817,2
0514710000000000030413,Carepa,0.34939003703848376,4
0514710000000000030550,Carepa,0.3266018848457872,2
0517210000000000020430,Chigorodó,0.2969562101166578,2
0517210000000000060205,Chigorodó,0.32333033526023647,2
0517210000000000060413,Chigorodó,0.34723267626659193,4
0517210000000000060919,Chigorodó,0.3283101303798993,2
0517210000000000060920,Chigorodó,0.32483717874873536,2
0549020030200400010123,Necoclí,0.1996887927622068,2
0565910000000000010706,San Juan de Urabá,0.2537341104880696,2
0583720110201800010204,Turbo,0.34244465296738613,3
0505110000000000010333,Arboletes,0.5174324056831138,5
0505120020500300010110,Arboletes,0.16522327500548198,1
0549010000000000010504,Necoclí,0.0,1
0549020090501500010129,Necoclí,0.285495861882471,3
0565910000000000010204,San Juan de Urabá,0.267725363747186,2
0566510000000000010910,San Pedro de Urabá,0.17762735122862852,2
0583720090700100010216,Turbo,0.34080945603925233,3
0583720050200500010120,Turbo,0.22967064872989237,1
0504520050300100010101,Apartadó,0.3120034206985771,1
0504520030101500010108,Apartadó,0.35589006728799216,2
0505110000000000010212,Arboletes,0.4105013611905864,3
0505110000000000010536,Arboletes,0.36289823892615414,3
0505110000000000011028,Arboletes,0.46569849593455626,4
0505120020500300010104,Arboletes,0.2781465026022628,2
0514710000000000020602,Carepa,0.34417416972655496,4
0514710000000000010805,Carepa,0.32272325837380456,2
0514710000000000030519,Carepa,0.33900143032024166,3
0549020050401800010109,Necoclí,0.07824192746523355,1
0549010000000000010104,Necoclí,0.34102984621788257,5
0549010000000000010121,Necoclí,0.05032500232732121,1
0549010000000000010614,Necoclí,0.0,1
0549010000000000010819,Necoclí,0.2808432469320077,2
0583720100700200020409,Turbo,0.3431286651748083,3
0565910000000000010130,San Juan de Urabá,0.3793494610827013,5
0565920010100500010118,San Juan de Urabá,0.25340198336304476,2
0566510000000000010213,San Pedro de Urabá,0.41078766343435985,5
0583720090700100010514,Turbo,0.329175568240987,3
0583720090700100020427,Turbo,0.34690589901784824,3
0583720100700200010520,Turbo,0.29801606158197197,2
0583720030700600010113,Turbo,0.28591139096719004,2
0583720050604200010101,Turbo,0.0,1
0505110000000000011040,Arboletes,0.4842851132999758,5
0566510000000000010127,San Pedro de Urabá,0.38506145724561736,5
0583720090700100010119,Turbo,0.31055915548629215,2
0583720100700200010304,Turbo,0.28436106193425564,2
0583720100700200010411,Turbo,0.31873917943366864,2
0583720090102700010101,Turbo,0.21245187718224742,1
0514710000000000010106,Carepa,0.21605623784219144,1
0514710000000000020227,Carepa,0.3361627107347088,3
0514710000000000020423,Carepa,0.32464799321946325,2
0514710000000000030553,Carepa,0.35803523280233085,5
0517210000000000010533,Chigorodó,0.3461795319367926,4
0517210000000000010615,Chigorodó,0.2860480762421105,1
0517210000000000010617,Chigorodó,0.2860905422750987,1
0517210000000000010809,Chigorodó,0.0,1
0517210000000000020230,Chigorodó,0.34622028038877495,4
0517210000000000020429,Chigorodó,0.13057561313970953,1
0517210000000000040115,Chigorodó,0.1806608718312528,1
0517210000000000050506,Chigorodó,0.3458688120269429,4
0517210000000000050520,Chigorodó,0.28625486347556534,1
0517210000000000050528,Chigorodó,0.3841958743098905,5
0517210000000000060206,Chigorodó,0.2804335594237085,1
0517210000000000060824,Chigorodó,0.33001081300212987,2
0565910000000000010708,San Juan de Urabá,0.28797801269878587,3
0565910000000000010718,San Juan de Urabá,0.30989141017112365,3
0565910000000000010806,San Juan de Urabá,0.3969521195406218,5
0504520020300900010102,Apartadó,0.2896995657157384,1
0505110000000000010205,Arboletes,0.14468015506711285,1
0549020120600100010218,Necoclí,0.27223357965661316,2
0514710000000000030627,Carepa,0.3698157251839358,5
0549020120600100010315,Necoclí,0.3117276147715546,4
0549020090501500010113,Necoclí,0.2012340873186374,2
0566510000000000010809,San Pedro de Urabá,0.2891009080184074,2
0565910000000000010208,San Juan de Urabá,0.2743432559259098,2
0583720090700100010111,Turbo,0.3022980166521695,2
0583720090700100020110,Turbo,0.0,1
0583720090700100020205,Turbo,0.29667664704137187,2
0583720090700100020376,Turbo,0.3397121953578213,3
0583720100700200010102,Turbo,0.25683988451534373,1
0504520020300300010106,Apartadó,0.2661455147777367,1
0504520020300900010321,Apartadó,0.33200723302405294,1
0504520010301100010202,Apartadó,0.3368502119129199,2
0504520010301100010224,Apartadó,0.3363160070333394,2
0505110000000000010201,Arboletes,0.14468015506711285,1
0505110000000000010809,Arboletes,0.5024785931089628,5
0505110000000000011124,Arboletes,0.3994256502881363,3
0505120030101100010108,Arboletes,0.2623045084854809,2
0505120030101100010131,Arboletes,0.01086958419345046,1
0514710000000000020719,Carepa,0.3394785990563167,3
0514710000000000030407,Carepa,0.3332234198555479,2
0517220060601500010114,Chigorodó,0.24926633368656684,1
0517220060601500010104,Chigorodó,0.28649767907570345,1
0549010000000000010408,Necoclí,0.29054809801167236,3
0549020120600100010226,Necoclí,0.30844252967050245,3
0549020120300300010137,Necoclí,0.3004266018442742,3
0549020050300500010102,Necoclí,0.2982030046172446,3
0549020050300500010205,Necoclí,0.30427823187796216,3
0549020090200800010109,Necoclí,0.2825453046170181,3
0549020120801600010106,Necoclí,0.315600004095863,4
0565920010300300010117,San Juan de Urabá,0.0,1
0566510000000000010121,San Pedro de Urabá,0.316547779468396,3
0566510000000000010153,San Pedro de Urabá,0.3237277554276845,3
0566510000000000010343,San Pedro de Urabá,0.2232332465161742,2
0566510000000000010430,San Pedro de Urabá,0.15953704549933045,1
0566510000000000010730,San Pedro de Urabá,0.2801003083804841,2
0583720090700100020125,Turbo,0.3537770190927752,3
0583720090700100020317,Turbo,0.29490554558642496,2
0583720090700100020524,Turbo,0.29796790711723176,2
0583720100700200010505,Turbo,0.24332232146754168,1
0583720100700200020107,Turbo,0.3264660738794937,3
0583720100700200020206,Turbo,0.3693591028652777,4
0583720100700200020406,Turbo,0.0,1
0583720100700200020520,Turbo,0.3595383803108862,4
0583720030700600010102,Turbo,0.15265059553233623,1
0583720240400900010105,Turbo,0.3327343991540635,3
0514710000000000010335,Carepa,0.002781118549667763,1
0514710000000000020239,Carepa,0.32961140258473126,2
0514710000000000020725,Carepa,0.332013530773071,2
0514710000000000030105,Carepa,0.34621331907097197,4
0514710000000000030208,Carepa,0.32296184966579516,2
0514710000000000030216,Carepa,0.3496432063528588,4
0514710000000000030414,Carepa,0.3098454258870592,2
0514710000000000030521,Carepa,0.3377784845941896,3
0517210000000000010308,Chigorodó,0.2981673738883329,2
0517210000000000010320,Chigorodó,0.3020054189559165,2
0517210000000000020417,Chigorodó,0.33254088799623904,3
0517210000000000020427,Chigorodó,0.33377801171074906,3
0517210000000000030109,Chigorodó,0.3253884175297598,2
0517210000000000030210,Chigorodó,0.34766989227110423,4
0517210000000000050125,Chigorodó,0.3748886016986217,5
0517210000000000050413,Chigorodó,0.328448553304618,2
0517210000000000060125,Chigorodó,0.36957340272385725,5
0517210000000000060402,Chigorodó,0.36608694508729894,5
0517210000000000060431,Chigorodó,0.34773875615487726,4
0517210000000000060708,Chigorodó,0.34428383515279226,4
0517210000000000060930,Chigorodó,0.31645972220453916,2
0565910000000000010309,San Juan de Urabá,0.3533319757556807,4
0565910000000000010604,San Juan de Urabá,0.36373616800441705,5
0565910000000000010616,San Juan de Urabá,0.41697271796424,5
0566510000000000030110,San Pedro de Urabá,0.3941400860500646,5
0505110000000000011119,Arboletes,0.41585198012349717,3
0505120060400100010114,Arboletes,0.35600945065758494,3
0504520020300900010118,Apartadó,0.3280582055830432,1
0504520010301100010235,Apartadó,0.3654777022076844,2
0504520010101400010103,Apartadó,0.31450930747183803,1
0505110000000000010131,Arboletes,0.5016651667306748,5
0505110000000000010544,Arboletes,0.41330306904988395,3
0505110000000000010906,Arboletes,0.4922523265622291,5
0505110000000000010916,Arboletes,0.4946932222162945,5
0505120030101100010102,Arboletes,0.30558435000224615,2
0505120030101100010107,Arboletes,0.31372433826087887,2
0505120050401400010108,Arboletes,0.3229943099399001,2
0514710000000000010223,Carepa,0.33321134056650337,2
0514710000000000030537,Carepa,0.3550973516820537,5
0514710000000000030617,Carepa,0.34566412303333965,4
0549010000000000010610,Necoclí,0.0,1
0549010000000000010716,Necoclí,0.3440257716143859,5
0549010000000000010913,Necoclí,0.3389400218796056,4
0549020120600100010413,Necoclí,0.0,1
0549020050401800010106,Necoclí,0.27671487892590535,2
0565920020500200010107,San Juan de Urabá,0.3314585972788588,4
0566510000000000010560,San Pedro de Urabá,0.4012214153360456,5
0566520040200200010106,San Pedro de Urabá,0.2284952236025919,2
0583720090700100010124,Turbo,0.3491693354041554,3
0583720090700100020108,Turbo,0.23288858210696703,1
0583720100700200020302,Turbo,0.3238248507071971,3
0583720020101300010110,Turbo,0.2643362857912508,1
0504520020500200010306,Apartadó,0.20033432260043704,1
0505110000000000010522,Arboletes,0.3850136612437029,3
0514710000000000010123,Carepa,0.31610201609314215,2
0514710000000000020621,Carepa,0.33957703518907806,3
0517220100400700010101,Chigorodó,0.31646348390925183,2
0583720090402400010106,Turbo,0.35167943123126577,3
0549010000000000010506,Necoclí,0.3084561626145001,3
0549020120600100010132,Necoclí,0.2816774143964754,2
0549020030300200010207,Necoclí,0.3508886197841493,5
0549020090501500010115,Necoclí,0.32308695498823653,4
0583720090402400010126,Turbo,0.3545162439960422,3
0566510000000000010812,San Pedro de Urabá,0.0922080277804737,1
0566510000000000011018,San Pedro de Urabá,0.012581250581830303,1
0583720090700100010605,Turbo,0.2892577380106411,2
0583720090700100020429,Turbo,0.3439833754304288,3
0583720100700200010118,Turbo,0.3106481767661234,2
0583720100700200020309,Turbo,0.33266185371309426,3
0583720090600300010204,Turbo,0.3209546166945752,3
0583720080301000010122,Turbo,0.20008827488213982,1
0583720090602600010106,Turbo,0.3126040809219064,2
0583720090503500010103,Turbo,0.2287288447257857,1
0583720050604200010108,Turbo,0.08905333501683294,1
0514710000000000020915,Carepa,0.3176459867538018,2
0514710000000000010324,Carepa,0.29255696401160775,1
0514710000000000010325,Carepa,0.36149420272895716,5
0514710000000000010329,Carepa,0.35370638770878576,4
0514710000000000020804,Carepa,0.3019872320614891,1
0514710000000000020431,Carepa,0.3670886087168567,5
0514710000000000020605,Carepa,0.33957713435741793,3
0514710000000000030115,Carepa,0.3503463531830584,4
0517210000000000010116,Chigorodó,0.012581250581830303,1
0517210000000000020317,Chigorodó,0.31611931241846347,2
0517210000000000060434,Chigorodó,0.38513787427537777,5
0517210000000000020403,Chigorodó,0.3390366099241788,3
0517210000000000020431,Chigorodó,0.3343687361612477,3
0517210000000000050424,Chigorodó,0.3669442345208799,5
0517210000000000060321,Chigorodó,0.3395981120053706,3
0517210000000000060419,Chigorodó,0.3714435751443907,5
0517210000000000060703,Chigorodó,0.33434100201322925,3
0517210000000000060823,Chigorodó,0.3308966373154121,2
0517210000000000061005,Chigorodó,0.3492329620488704,4
0517210000000000061006,Chigorodó,0.34051564937270995,3
0517210000000000061015,Chigorodó,0.3439040808834008,4
0549020030200400010125,Necoclí,0.3478150429268852,5
0565910000000000010107,San Juan de Urabá,0.22767539477870263,2
0565910000000000010136,San Juan de Urabá,0.3683022147796338,5
0565910000000000010707,San Juan de Urabá,0.24046715495664883,2
0583720110201800010102,Turbo,0.26239786072409105,1
0583720110201800010112,Turbo,0.303447232250822,2
0583720110201800010202,Turbo,0.26669715267124544,1
0504520020500200010120,Apartadó,0.3375819853479472,2
0505110000000000010144,Arboletes,0.4860802104319704,5
0514710000000000030516,Carepa,0.33879058799116696,3
0514720010601300010113,Carepa,0.36002546488859044,5
0549010000000000010830,Necoclí,0.36081224282806923,5
0549020040400900010107,Necoclí,0.0889884662580657,1
0565920010100500010123,San Juan de Urabá,0.2511710363254872,2
0566510000000000010737,San Pedro de Urabá,0.3236430717076698,3
0583720090700100010128,Turbo,0.3489583393691034,3
0583720100700200010508,Turbo,0.33743896365954257,3
0583720240400900010102,Turbo,0.37469976438089825,4
0583720090402400010108,Turbo,0.32304192375356533,3
0583720090103900010103,Turbo,0.22278565546914592,1
0583720100400800010426,Turbo,0.36762854385905297,4
0504520020300900010319,Apartadó,0.34630266700008006,2
0504520010301100010101,Apartadó,0.2515731529954961,1
0504520010301100010102,Apartadó,0.2656101068220454,1
0504520030101500010111,Apartadó,0.3139758478864607,1
0505110000000000010229,Arboletes,0.4619532129377985,4
0505120030101100010134,Arboletes,0.33069059069884044,2
0549020120600100010123,Necoclí,0.2958249425052234,3
0514710000000000010806,Carepa,0.32030525434998625,2
0514710000000000020106,Carepa,0.3305663482040408,2
0514720010601300010103,Carepa,0.3521975544289028,4
0583720090700100010414,Turbo,0.3555757176034198,3
0549020120600100010302,Necoclí,0.16064719193259192,1
0549010000000000010119,Necoclí,0.20090254605563382,2
0549020120600100010426,Necoclí,0.27565759225101993,2
0549020030300200010112,Necoclí,0.10343771772401507,1
0549020030300200010117,Necoclí,0.3254767269139475,4
0549020030300200010202,Necoclí,0.3556149946148251,5
0549020030300200010224,Necoclí,0.2939611890735254,3
0549020120300300010105,Necoclí,0.29184996737043123,3
0549020120300300010116,Necoclí,0.1682115202631468,1
0549020040400900010131,Necoclí,0.0,1
0549020120301400010106,Necoclí,0.1592147725478096,1
0565910000000000010210,San Juan de Urabá,0.21460129970980613,1
0583720090700100010104,Turbo,0.2884877541727757,2
0583720090700100010711,Turbo,0.13428088744902916,1
0583720090700100020335,Turbo,0.3472574860778251,3
0583720100700200010108,Turbo,0.29758192425623975,2
0583720100700200010511,Turbo,0.30173939787417775,2
0583720100700200020503,Turbo,0.3417516731734283,3
0583720090600300010216,Turbo,0.28295724156532104,2
0583720090603100010112,Turbo,0.36458333485062555,4
0517210000000000010511,Chigorodó,0.2675316926837174,1
0517210000000000020602,Chigorodó,0.025162501163660606,1
0517210000000000030205,Chigorodó,0.2643677656109127,1
0517210000000000060412,Chigorodó,0.3755068651211887,5
0517210000000000061008,Chigorodó,0.35309946565513595,4
0565910000000000010126,San Juan de Urabá,0.0074163161324473335,1
0514710000000000020802,Carepa,0.34411733674171907,4
0514710000000000030108,Carepa,0.33962034313872513,3
0514710000000000030409,Carepa,0.3104781784139975,2
0514710000000000030543,Carepa,0.36669505858037876,5
0517210000000000010202,Chigorodó,0.3307993195616492,2
0517210000000000010314,Chigorodó,0.3467566070118064,4
0517210000000000010325,Chigorodó,0.37732333901148124,5
0517210000000000010614,Chigorodó,0.32163216370318176,2
0517210000000000020306,Chigorodó,0.3683227267074306,5
0517210000000000030217,Chigorodó,0.3646958022369674,5
0517210000000000040112,Chigorodó,0.34723626382280276,4
0517210000000000050326,Chigorodó,0.15788960654807835,1
0517210000000000050501,Chigorodó,0.33903621988215565,3
0517210000000000050525,Chigorodó,0.3869655579509024,5
0517210000000000050803,Chigorodó,0.3768422799965779,5
0517210000000000060306,Chigorodó,0.38129938247690587,5
0517210000000000060723,Chigorodó,0.32140786726485127,2
0517210000000000060918,Chigorodó,0.3681253061586354,5
0549020090501500010130,Necoclí,0.3618004548357746,5
0565910000000000010231,San Juan de Urabá,0.3573723101629735,5
0565910000000000010417,San Juan de Urabá,0.3208038515931652,3
0565910000000000010714,San Juan de Urabá,0.35796843314016913,5
0566510000000000020125,San Pedro de Urabá,0.2500883029711224,2
0583720110201800010302,Turbo,0.27940174713625443,2
0504520010101400010109,Apartadó,0.3224752178163923,1
0504520010101600010111,Apartadó,0.34961726140438887,2
0505110000000000011032,Arboletes,0.4985092914408775,5
0514710000000000010215,Carepa,0.3348139135283778,3
0514710000000000020415,Carepa,0.3393665309679844,3
0514710000000000020712,Carepa,0.32893532545931786,2
0517220100400700010113,Chigorodó,0.30786910454516225,2
0549010000000000010906,Necoclí,0.34096022370456636,5
0549020120600100010422,Necoclí,0.28956585933895884,3
0549020120301000010106,Necoclí,0.3109917458901655,4
0549020090201200010101,Necoclí,0.3429985469023612,5
0549020090501500010112,Necoclí,0.34074533270360635,4
0565920010100100010103,San Juan de Urabá,0.28331591450167026,2
0566510000000000010164,San Pedro de Urabá,0.34428380049300134,4
0566510000000000010407,San Pedro de Urabá,0.2825865442595591,2
0566510000000000010541,San Pedro de Urabá,0.399337833163961,5
0566510000000000010806,San Pedro de Urabá,0.3072975348977116,3
0583720090700100010133,Turbo,0.33076402282881817,3
0583720090700100020228,Turbo,0.2958475838087767,2
0583720090700100020352,Turbo,0.3488029395210721,3
0583720090700100020410,Turbo,0.2991346518249111,2
0583720100700200020211,Turbo,0.34974608758334225,3
0583720090600300010214,Turbo,0.16260311891856474,1
0583720030700600010109,Turbo,0.0,1
0583720020101300010102,Turbo,0.21465334050761478,1
0583720090102700010103,Turbo,0.2829235009862017,2
0583720030802900010104,Turbo,0.23424766698264557,1
0504520010301100010111,Apartadó,0.32436634851334084,1
0504520020300900010217,Apartadó,0.034705574130812676,1
0505110000000000010106,Arboletes,0.4376568061213252,4
0505110000000000010130,Arboletes,0.5141078102781604,5
0505110000000000010408,Arboletes,0.4363678816693327,3
0505110000000000011034,Arboletes,0.4984671477205963,5
0505120030101100010121,Arboletes,0.32786963194858926,2
0514710000000000020209,Carepa,0.34920664309724936,4
0517220070300300010113,Chigorodó,0.358397318190228,4
0517220100400700010111,Chigorodó,0.33736464258894155,3
0549010000000000010314,Necoclí,0.3085927915300752,3
0549010000000000010330,Necoclí,0.3394735432660958,4
0549010000000000010431,Necoclí,0.29534619895979686,3
0549010000000000010721,Necoclí,0.351026546444726,5
0549020030300200010129,Necoclí,0.3590934444694554,5
0549020050300500010108,Necoclí,0.30002695979375626,3
0549020120301000010103,Necoclí,0.29786823782656513,3
0565920010300300010126,San Juan de Urabá,0.32133492253536783,3
0566520040200200010114,San Pedro de Urabá,0.0,1
0583720090600300010119,Turbo,0.34409018228907123,3
0583720090700100010728,Turbo,0.3597338209893834,4
0583720090700100020409,Turbo,0.3231326860672014,3
0583720090700100020512,Turbo,0.29164594894753326,2
0583720090700100020526,Turbo,0.3711569654079192,4
0583720100700200010415,Turbo,0.3183037084818807,2
0583720090600300010304,Turbo,0.0,1
0583720090402400010118,Turbo,0.32482565967722277,3
0583720030802900010108,Turbo,0.25644381120499304,1
0514710000000000010108,Carepa,0.2065381555632278,1
0514710000000000010115,Carepa,0.20205412373030612,1
0514710000000000020215,Carepa,0.3382416001951547,3
0514710000000000020244,Carepa,0.32712176585628383,2
0514710000000000020310,Carepa,0.33296949119777286,2
0514710000000000020519,Carepa,0.3373703142147952,3
0514720010700700010127,Carepa,0.35782955004324796,5
0514720010700700010133,Carepa,0.2475747870845862,1
0517210000000000020204,Chigorodó,0.3595919259201621,4
0517210000000000020219,Chigorodó,0.3308112310512203,2
0517210000000000020507,Chigorodó,0.3589444247022835,4
0517210000000000050106,Chigorodó,0.3322461069353724,3
0517210000000000050129,Chigorodó,0.39201319299513226,5
0517210000000000060213,Chigorodó,0.2754702505568852,1
0517210000000000060809,Chigorodó,0.3440826343755696,4
0517210000000000060913,Chigorodó,0.340750736492768,3
0565910000000000010132,San Juan de Urabá,0.3702098809430108,5
0565910000000000010202,San Juan de Urabá,0.3594457945171915,5
0566510000000000020105,San Pedro de Urabá,0.23471671599986482,2
0505110000000000011104,Arboletes,0.482054166034025,4
0549010000000000010416,Necoclí,0.3051381858788251,3
0549020040400900010116,Necoclí,0.2796225132668922,2
0583720050603700010105,Turbo,0.17040789580606744,1
0504520020300900010109,Apartadó,0.3234617279695779,1
0504520020300900010121,Apartadó,0.3318954806365969,1
0504520020300900010216,Apartadó,0.1296974084114419,1
0504520010301100010226,Apartadó,0.3181161914423033,1
0505110000000000010223,Arboletes,0.34875278642324165,3
0505110000000000011023,Arboletes,0.5029840266802554,5
0505110000000000011042,Arboletes,0.4826018062906493,5
0505120050401400010102,Arboletes,0.3363068731576714,3
0514710000000000020511,Carepa,0.3140482049715886,2
0514710000000000020707,Carepa,0.3385928952550962,3
0549010000000000010130,Necoclí,0.05934141039236327,1
0549010000000000010201,Necoclí,0.3347165276048351,4
0549010000000000010212,Necoclí,0.29456196120685185,3
0549010000000000010708,Necoclí,0.39256875238477024,5
0549020120600100010116,Necoclí,0.3134948861120952,4
0549020120600100010233,Necoclí,0.3142528504261827,4
0549020120600100010410,Necoclí,0.34782432797825813,5
0549020120300300010114,Necoclí,0.2830634028331441,3
0549020120101100010103,Necoclí,0.21531362687620847,2
0565920010100500010124,San Juan de Urabá,0.3640984011676514,5
0566510000000000010350,San Pedro de Urabá,0.37116750890276123,4
0566510000000000010726,San Pedro de Urabá,0.4204403229852924,5
0566510000000000010807,San Pedro de Urabá,0.2270839335264814,2
0566510000000000030101,San Pedro de Urabá,0.2477537686374049,2
0566520010100400010118,San Pedro de Urabá,0.17273314998602357,2
0583720090700100010727,Turbo,0.34533202797541457,3
0583720090700100020220,Turbo,0.2963107312943438,2
0583720090700100020225,Turbo,0.3047696899307715,2
0583720090700100020334,Turbo,0.3522031764988314,3
0583720090700100020349,Turbo,0.355547068412601,3
0583720090700100020503,Turbo,0.2948775729965881,2
0583720090600300010337,Turbo,0.30731239535867394,2
0583720090302300010108,Turbo,0.28425051956019964,2
0583720090402400010109,Turbo,0.31960091472985547,2
0583720090602600010111,Turbo,0.33128864421210813,3
0583720090103900010111,Turbo,0.2867353976572737,2
0504520050300100010113,Apartadó,0.3592479499251512,2
0514710000000000010205,Carepa,0.33576954412144117,3
0514710000000000020416,Carepa,0.3663013808082871,5
0514710000000000030602,Carepa,0.3233823790853768,2
0549010000000000010615,Necoclí,0.0,1
0549010000000000010703,Necoclí,0.3405393301301906,4
0549010000000000010709,Necoclí,0.3612403972125371,5
0565910000000000010133,San Juan de Urabá,0.36859679262001677,5
0565920010100100010114,San Juan de Urabá,0.2944802453950624,3
0566510000000000010155,San Pedro de Urabá,0.3021350606626436,3
0583720020101300010116,Turbo,0.2676782987401849,1
0583720100700200010208,Turbo,0.33604828363407413,3
0583720100400800010106,Turbo,0.34136379769824526,3
0583720100400800010205,Turbo,0.3632580748960538,4
0583720030803200010108,Turbo,0.0,1
0514710000000000010229,Carepa,0.3555762897430305,5
0514710000000000020226,Carepa,0.34998194621606027,4
0514710000000000020610,Carepa,0.34848990754184905,4
0514710000000000020806,Carepa,0.351427538747999,4
0514710000000000030117,Carepa,0.3569111527639198,5
0514710000000000030222,Carepa,0.34598852729620394,4
0514710000000000030419,Carepa,0.3669620528491282,5
0514710000000000030621,Carepa,0.3461984132893255,4
0514710000000000030638,Carepa,0.3545345657141522,5
0514720010700700010129,Carepa,0.3249668302171012,2
0517210000000000010606,Chigorodó,0.3000787462471539,2
0517210000000000020210,Chigorodó,0.3374904443774478,3
0517210000000000020334,Chigorodó,0.303310647067031,2
0517210000000000020423,Chigorodó,0.3387550137470417,3
0517210000000000030211,Chigorodó,0.31723111639935725,2
0517210000000000040111,Chigorodó,0.150772121310692,1
0517210000000000050323,Chigorodó,0.3882169204392135,5
0517210000000000050420,Chigorodó,0.3711058349040287,5
0517210000000000050430,Chigorodó,0.36946090579595553,5
0517210000000000050712,Chigorodó,0.012581250581830303,1
0517210000000000050805,Chigorodó,0.34702110709025935,4
0517210000000000060124,Chigorodó,0.39059292164674997,5
0517210000000000060317,Chigorodó,0.3818617911229787,5
0517210000000000060506,Chigorodó,0.3814259539011147,5
0517210000000000060609,Chigorodó,0.3451792212363099,4
0517210000000000060610,Chigorodó,0.34567127696181776,4
0517210000000000060932,Chigorodó,0.3434547587074043,3
0549020030200400010101,Necoclí,0.29660700851521027,3
0565910000000000010134,San Juan de Urabá,0.3922259569986506,5
0565910000000000010518,San Juan de Urabá,0.05069709044019469,1
0566510000000000011007,San Pedro de Urabá,0.2693338887006372,2
0583720110201800010213,Turbo,0.26540336334155384,1
0514710000000000020207,Carepa,0.3489958336647108,4
0549010000000000010118,Necoclí,0.21930792573890903,2
0549010000000000010706,Necoclí,0.3374808895712669,4
0549020030300200010203,Necoclí,0.35178625337933306,5
0549020120100700010114,Necoclí,0.36430413871633294,5
0565920010300300010102,San Juan de Urabá,0.3030879600077863,3
0566520010100400010117,San Pedro de Urabá,0.0,1
0583720100700200010206,Turbo,0.3340674466221958,3
0583720100400800010112,Turbo,0.3712542404108449,4
0583720100400800010407,Turbo,0.3393399302186875,3
0504520050300100010103,Apartadó,0.20285200319213403,1
0504520020500200010304,Apartadó,0.3321711461351836,1
0504520020300900010328,Apartadó,0.35615610922531704,2
0504520010301100010201,Apartadó,0.3636367337226711,2
0504520010301100010203,Apartadó,0.2708783909410573,1
0504520030101500010117,Apartadó,0.35361292505396835,2
0505110000000000010321,Arboletes,0.47179999254312105,4
0505110000000000010704,Arboletes,0.49218216209275023,5
0505110000000000010907,Arboletes,0.48777738330713283,5
0505120060400100010101,Arboletes,0.22825418263454628,1
0505120030200800010112,Arboletes,0.2948726744698531,2
0514710000000000020303,Carepa,0.33952071495539005,3
0514710000000000020514,Carepa,0.32838704153701187,2
0549010000000000010108,Necoclí,0.3714183752741962,5
0549010000000000010214,Necoclí,0.34867509690992243,5
0549010000000000010313,Necoclí,0.3025601400284624,3
0549010000000000010403,Necoclí,0.3414215703645104,5
0549020120600100010135,Necoclí,0.3608903467797184,5
0549020120600100010318,Necoclí,0.3132439316345243,4
0549020120300300010129,Necoclí,0.2278364761906964,2
0549020120600600010105,Necoclí,0.2584790598736872,2
0549020050401800010107,Necoclí,0.3326531196073756,4
0566510000000000010410,San Pedro de Urabá,0.3048227058790835,3
0566510000000000010419,San Pedro de Urabá,0.29729142632017264,3
0566510000000000010429,San Pedro de Urabá,0.30801205012081223,3
0566520040200200010102,San Pedro de Urabá,0.3002692739762804,3
0583720090700100010109,Turbo,0.2870536464679517,2
0583720090700100010112,Turbo,0.2938822477902929,2
0583720090700100010118,Turbo,0.32747640203608985,3
0583720090700100010137,Turbo,0.3537071956052731,3
0583720090700100010508,Turbo,0.26127123939505287,1
0583720090700100010721,Turbo,0.25696851111181257,1
0583720090700100020325,Turbo,0.3156023358999662,2
0583720090700100020402,Turbo,0.3359888684835261,3
0583720100700200010307,Turbo,0.2586790675361254,1
0583720100700200020407,Turbo,0.3200733187603325,3
0583720100700200020413,Turbo,0.3210426715972263,3
0583720050200500010111,Turbo,0.0719285397327595,1
0583720100400800010302,Turbo,0.2633415102704341,1
0583720070201200010107,Turbo,0.2345909421777911,1
0583720050202800010105,Turbo,0.22179295458578116,1
0583720030802900010110,Turbo,0.23661932584875028,1
0583720050603700010102,Turbo,0.31430482866354514,2
0583720090103900010114,Turbo,0.35374731227009687,3
0514710000000000010131,Carepa,0.3450609335589424,4
0514710000000000010406,Carepa,0.30898959536719267,2
0514710000000000010802,Carepa,0.3219784092936484,2
0514720010700700010115,Carepa,0.20459506594191507,1
0517210000000000010611,Chigorodó,0.30100666462768,2
0517210000000000020332,Chigorodó,0.34463160049424074,4
0517210000000000020426,Chigorodó,0.3339608760053784,3
0517210000000000050406,Chigorodó,0.3753660280244999,5
0517210000000000050421,Chigorodó,0.38630460074969103,5
0517210000000000060309,Chigorodó,0.3392467218451589,3
0517210000000000060426,Chigorodó,0.3789936182489384,5
0517210000000000060617,Chigorodó,0.3347771816600718,3
0517210000000000061001,Chigorodó,0.34331366396847196,3
0549020090501500010126,Necoclí,0.24843897755183567,2
0565910000000000010308,San Juan de Urabá,0.3554641171066857,5
0565910000000000010138,San Juan de Urabá,0.0700142060745848,1
0565910000000000010522,San Juan de Urabá,0.3259373947560386,3
0565910000000000010802,San Juan de Urabá,0.4079355477237234,5
0566510000000000020123,San Pedro de Urabá,0.013508290098386224,1
0566510000000000030111,San Pedro de Urabá,0.4554549335032782,5
0583720110201800010216,Turbo,0.36407269735235803,4
0583720110201800010306,Turbo,0.30826696354458943,2
0583720110201800010311,Turbo,0.28111594933681466,2
0583720110201800010323,Turbo,0.320029399631505,3
0505110000000000010302,Arboletes,0.14468015506711285,1
0505110000000000011108,Arboletes,0.4808336631462408,4
0505120030200800010101,Arboletes,0.21490568898716159,1
0505120050401400010111,Arboletes,0.3470211691858276,3
0505120050401400010114,Arboletes,0.21879799072578746,1
0514710000000000020418,Carepa,0.3577121043653158,5
0514710000000000030426,Carepa,0.3445257207635075,4
0517220060601500010112,Chigorodó,0.32206921482842327,2
0549010000000000010306,Necoclí,0.33171413360861857,4
0549020120600100010114,Necoclí,0.2949967787571548,3
0549020120600100010225,Necoclí,0.30490558314918287,3
0549020040400900010130,Necoclí,0.0,1
0549020120801600010107,Necoclí,0.26403857372138073,2
0565920010300300010112,San Juan de Urabá,0.286256799778004,3
0566510000000000010113,San Pedro de Urabá,0.3300535463211937,3
0566510000000000010207,San Pedro de Urabá,0.38400794423569584,5
0583720100700200020416,Turbo,0.28740817240171557,2
0583720090700100020367,Turbo,0.35261075034460093,3
0583720100700200020314,Turbo,0.3366658471572069,3
0583720050200500010115,Turbo,0.271830503110132,2
0583720100400800010417,Turbo,0.3203401858016181,3
0583720020101300010115,Turbo,0.25968795752883916,1
0583720020101300010208,Turbo,0.26050151644964936,1
0583720090402400010112,Turbo,0.3190954380091428,2
0583720010204000010102,Turbo,0.20766807570106197,1
0504520020500200010105,Apartadó,0.3435405485566203,2
0505110000000000010414,Arboletes,0.40860785146157275,3
0514710000000000030305,Carepa,0.2973347575984139,1
0549020120600100010221,Necoclí,0.22732223871516302,2
0565920010300300010132,San Juan de Urabá,0.3248693526962859,3
0566520040200800010108,San Pedro de Urabá,0.33717197834526896,4
0583720090700100010207,Turbo,0.3237665237678681,3
0583720090700100020302,Turbo,0.2935430315671363,2
0583720090700100020502,Turbo,0.2937254940048303,2
0583720090700100020516,Turbo,0.2981087839740614,2
0583720100700200020116,Turbo,0.20343308725816836,1
0583720100700200020325,Turbo,0.3694573916949954,4
0583720080301000010108,Turbo,0.24216379063708995,1
0583720070201200010129,Turbo,0.2565753566638709,1
0583720020101300010114,Turbo,0.26727140947369904,1
0583720020101300010119,Turbo,0.25685105082821325,1
0583720090603000010103,Turbo,0.27376215817962735,2
0514710000000000030103,Carepa,0.35350928892475725,4
0514710000000000030412,Carepa,0.3311150645191483,2
0517210000000000010315,Chigorodó,0.34949820157033323,4
0517210000000000010503,Chigorodó,0.3270735965622333,2
0517210000000000010510,Chigorodó,0.2687550630446801,1
0517210000000000030203,Chigorodó,0.3330903250713959,3
0517210000000000040116,Chigorodó,0.012581250581830303,1
0517210000000000050610,Chigorodó,0.28918123696407505,1
0517210000000000050708,Chigorodó,0.34398655252111926,4
0517210000000000050713,Chigorodó,0.0,1
0517210000000000060117,Chigorodó,0.34446274319487075,4
0517210000000000060518,Chigorodó,0.3831833212246249,5
0517210000000000060911,Chigorodó,0.3264238115990924,2
0517210000000000060931,Chigorodó,0.35414025530367876,4
0549020030200400010107,Necoclí,0.3669041634821433,5
0565910000000000010141,San Juan de Urabá,0.16587428467236567,1
0565910000000000010306,San Juan de Urabá,0.3020071309363104,3
0565910000000000010611,San Juan de Urabá,0.306000440942359,3
0565910000000000010710,San Juan de Urabá,0.41587860220133605,5
0565910000000000010712,San Juan de Urabá,0.2311970246220382,2
0583720110201800010126,Turbo,0.2942004611820766,2
0514720011001000010111,Carepa,0.34947873200688384,4
0517210000000000010214,Chigorodó,0.3698699364493084,5
0549020030200400010119,Necoclí,0.25542536181632225,2
0549010000000000010415,Necoclí,0.2744402489467368,2
0566510000000000010542,San Pedro de Urabá,0.0922080277804737,1
0566520040200200010109,San Pedro de Urabá,0.27432129824182006,2
0583720090700100010320,Turbo,0.34954857068303924,3
0583720090700100020331,Turbo,0.3557156776225828,3
0583720100700200010205,Turbo,0.33843676815162443,3
0583720070201200010120,Turbo,0.3523773020908647,3
0504520050300100010109,Apartadó,0.3255258772661485,1
0504520020500200010307,Apartadó,0.210228353697522,1
0504520020300900010326,Apartadó,0.35453969576439825,2
0504520010301100010222,Apartadó,0.3309333758287631,1
0505110000000000010234,Arboletes,0.46199502677442317,4
0505110000000000010601,Arboletes,0.14468015506711285,1
0505120040101000010114,Arboletes,0.24283609334969522,1
0583720090102700010109,Turbo,0.3541669993510423,3
0583720090603100010104,Turbo,0.3682780697362451,4
0549010000000000010508,Necoclí,0.24969674949304893,2
0549010000000000010603,Necoclí,0.0,1
0549010000000000010720,Necoclí,0.35259783678363327,5
0549010000000000010820,Necoclí,0.2996569114517882,3
0549020120600100010111,Necoclí,0.15564582114169448,1
0549020120600100010133,Necoclí,0.19800298163291535,2
0549020120600100010227,Necoclí,0.29843584018995506,3
0549020040400900010102,Necoclí,0.024396740668444952,1
0549020040400900010119,Necoclí,0.1769247989649142,1
0549020090501500010109,Necoclí,0.3389345132565421,4
0566510000000000010221,San Pedro de Urabá,0.4081602445754549,5
0566510000000000010413,San Pedro de Urabá,0.3143553241967941,3
0566510000000000010864,San Pedro de Urabá,0.18476980573576082,2
0566510000000000020112,San Pedro de Urabá,0.42001903961910997,5
0566520010100400010109,San Pedro de Urabá,0.16615890910723627,1
0583720090700100020420,Turbo,0.3429297408802328,3
0583720090700100020431,Turbo,0.3386019676348529,3
0583720100700200010117,Turbo,0.3129376308085099,2
0583720090700100010117,Turbo,0.3261415889876967,3
0583720090700100010123,Turbo,0.20081759734145166,1
0583720090700100010217,Turbo,0.3341217047523349,3
0583720090700100010617,Turbo,0.23953375154209341,1
0583720090700100020324,Turbo,0.35456369877073257,3
0583720090700100020350,Turbo,0.3537064828281849,3
0583720100700200010417,Turbo,0.11181942763592354,1
0583720100700200020131,Turbo,0.05422566783351444,1
0583720100700200020305,Turbo,0.34003789636948467,3
0583720100700200020506,Turbo,0.35217639947135704,3
0583720090600300010203,Turbo,0.18934829127014605,1
0583720090600300010319,Turbo,0.15980465047970271,1
0583720100400800010314,Turbo,0.0,1
0583720100400800010408,Turbo,0.33585481062733175,3
0583720100400800010409,Turbo,0.2814136350002371,2
0583720020101300010112,Turbo,0.33485953767892895,3
0583720090503500010105,Turbo,0.13079898311357313,1
0583720010204000010104,Turbo,0.3463942034656821,3
0514710000000000010725,Carepa,0.35998937932947783,5
0514710000000000020521,Carepa,0.3556455021314978,5
0514710000000000030421,Carepa,0.3635740829353538,5
0514720010700700010102,Carepa,0.25128693855745127,1
0514720010700700010112,Carepa,0.29098044528132544,1
0514720011001000010139,Carepa,0.34330794622590516,3
0517210000000000010204,Chigorodó,0.3785727523415912,5
0517210000000000010805,Chigorodó,0.24628045135184246,1
0517210000000000020326,Chigorodó,0.3459539262503183,4
0517210000000000050204,Chigorodó,0.3146010101263435,2
0517210000000000050328,Chigorodó,0.012581250581830303,1
0517210000000000050329,Chigorodó,0.3441436966232683,4
0517210000000000050405,Chigorodó,0.3743958714824573,5
0517210000000000050417,Chigorodó,0.3914364712019971,5
0517210000000000060112,Chigorodó,0.3490322112563121,4
0517210000000000060717,Chigorodó,0.3361689285600354,3
0517210000000000060925,Chigorodó,0.32232056262724174,2
0565910000000000010717,San Juan de Urabá,0.37003206277239364,5
0583720110201800010119,Turbo,0.35266151943113017,3
0583720110201800010206,Turbo,0.3046831417419031,2
0583720110201800010325,Turbo,0.29963775146022936,2
0505110000000000010410,Arboletes,0.34295848365110365,3
0505110000000000011109,Arboletes,0.4806373149007365,4
0505120020500300010106,Arboletes,0.25364984382266387,1
0514710000000000020210,Carepa,0.345902993513269,4
0549020050300500010111,Necoclí,0.3613998317350356,5
0565910000000000010403,San Juan de Urabá,0.352574889528519,4
0566510000000000010315,San Pedro de Urabá,0.37788344481255026,4
0566520010100400010115,San Pedro de Urabá,0.0,1
0583720090700100010208,Turbo,0.2624379375111082,1
0583720090700100010707,Turbo,0.28186662517348404,2
0583720090700100020305,Turbo,0.33662124073048255,3
0583720100700200020219,Turbo,0.3608872796280651,4
0583720100700200020418,Turbo,0.3112781901766359,2
0583720090600300010220,Turbo,0.0,1
0504520020500200010313,Apartadó,0.33266319859222776,1
0504520020300900010110,Apartadó,0.32111428651060664,1
0504520010301100010204,Apartadó,0.32896438934542926,1
0505110000000000010230,Arboletes,0.4795718843689814,4
0505110000000000010915,Arboletes,0.335401787780712,2
0505120030200900010120,Arboletes,0.2567277423577914,2
0505120030101100010116,Arboletes,0.2643249482687931,2
0514710000000000010309,Carepa,0.3155546054473204,2
0549020050300500010212,Necoclí,0.30681833602855724,3
0514710000000000020104,Carepa,0.36060791164156136,5
0514710000000000020118,Carepa,0.3448913605969414,4
0517220100400700010108,Chigorodó,0.09048474500089984,1
0549010000000000010325,Necoclí,0.29854605235669085,3
0549010000000000010902,Necoclí,0.34133915383876706,5
0549020040400900010111,Necoclí,0.3148508606826296,4
0549020040400900010122,Necoclí,0.3087899430064595,3
0549020040400900010124,Necoclí,0.17831267777463167,1
0565910000000000010112,San Juan de Urabá,0.32618703671290417,4
0565920010100100010107,San Juan de Urabá,0.3008753408922601,3
0565920010100500010120,San Juan de Urabá,0.21805480649738354,1
0566510000000000010839,San Pedro de Urabá,0.42131326167740846,5
0566510000000000011016,San Pedro de Urabá,0.272143589503143,2
0566520010100400010113,San Pedro de Urabá,0.10312579302500101,1
0583720090700100010135,Turbo,0.2787794147025954,2
0583720100700200010405,Turbo,0.32806815889825,3
0583720100700200010413,Turbo,0.3201019790226832,3
0583720100700200020316,Turbo,0.34378897339787556,3
0583720090600300010111,Turbo,0.33170061555964303,3
0583720090600300010318,Turbo,0.28183255205364194,2
0583720080301000010119,Turbo,0.1929537112042947,1
0583720090602600010115,Turbo,0.3409818311548352,3
0583720090603000010101,Turbo,0.0,1
0583720030803200010113,Turbo,0.0,1
0583720240204300010101,Turbo,0.16767164062770362,1
0514710000000000010507,Carepa,0.26136158319461983,1
0514710000000000020317,Carepa,0.3039679301464142,1
0514710000000000020509,Carepa,0.34019579464978833,3
0514710000000000020516,Carepa,0.3581760298529267,5
0514710000000000030118,Carepa,0.34018254989923974,3
0514710000000000030234,Carepa,0.3399296647112292,3
0514710000000000030438,Carepa,0.3532979760862693,4
0514710000000000030529,Carepa,0.3075685495613032,1
0514720011001000010127,Carepa,0.35598697856015926,5
0517210000000000010119,Chigorodó,0.21980419177828567,1
0517210000000000010535,Chigorodó,0.3072769721407614,2
0517210000000000010706,Chigorodó,0.37241665754022363,5
0517210000000000020101,Chigorodó,0.30248295551068966,2
0517210000000000020201,Chigorodó,0.3625867657582539,5
0517210000000000060116,Chigorodó,0.34357683372425124,3
0517210000000000060220,Chigorodó,0.31222485589673044,2
0517210000000000060313,Chigorodó,0.34045551611793207,3
0517210000000000060702,Chigorodó,0.3335678227154823,3
0517210000000000060813,Chigorodó,0.38304273525203986,5
0583720110201800010220,Turbo,0.2650236075544679,1
0583720110201800010308,Turbo,0.22508494391075473,1
0504520050300100010105,Apartadó,0.331682541715898,1
0504520010301100010210,Apartadó,0.32037911331237956,1
0504520030101500010120,Apartadó,0.3260213811880634,1
0505110000000000010703,Arboletes,0.4908215125474886,5
0505110000000000010706,Arboletes,0.4515713985842123,4
0505110000000000010801,Arboletes,0.4782665711984138,4
0505110000000000011112,Arboletes,0.4820542527817993,4
0505120060600500010107,Arboletes,0.2005785433865809,1
0505120040101000010116,Arboletes,0.3559609582086628,3
0514710000000000020409,Carepa,0.3485884190636392,4
0549010000000000010307,Necoclí,0.39515709724643133,5
0549010000000000010511,Necoclí,0.3322514596046151,4
0549010000000000010707,Necoclí,0.3673922268052773,5
0549020120600100010136,Necoclí,0.2720913019578144,2
0549020030300200010114,Necoclí,0.30040100593540414,3
0549020030300200010115,Necoclí,0.34558793134503846,5
0549020120100700010106,Necoclí,0.14678780655362578,1
0549020040400900010118,Necoclí,0.31646447342393735,4
0549020120301000010112,Necoclí,0.3109352302561908,4
0549020090201200010108,Necoclí,0.17165902061546837,1
0565920010200600010108,San Juan de Urabá,0.232122025914739,2
0566510000000000010120,San Pedro de Urabá,0.32946032269233233,3
0566510000000000010734,San Pedro de Urabá,0.32659382011736754,3
0566510000000000010736,San Pedro de Urabá,0.32624248162433606,3
0566510000000000011010,San Pedro de Urabá,0.3347895236089347,3
0566520040200200010112,San Pedro de Urabá,0.14521640149115375,1
0583720090700100020342,Turbo,0.3538752125196477,3
0583720100700200020324,Turbo,0.3379024727317441,3
0583720090600300010336,Turbo,0.3103186675203719,2
0583720050200500010113,Turbo,0.29981665106264366,2
0583720070201200010128,Turbo,0.18424591541837698,1
0583720020101300010109,Turbo,0.2630583396176948,1
0583720090402400010111,Turbo,0.35666530739147206,3
0583720050603700010106,Turbo,0.30239172592127633,2
0504520020500200010305,Apartadó,0.35552807908151424,2
0504520010101400010114,Apartadó,0.35070105181020866,2
0505110000000000010914,Arboletes,0.45794034370166353,4
0505120030200900010108,Arboletes,0.2653577061923318,2
0514710000000000020706,Carepa,0.34264153248472073,3
0566510000000000030115,San Pedro de Urabá,0.3189009328806562,3
0583720090700100020407,Turbo,0.29456797120870687,2
0583720090700100010314,Turbo,0.29874339302365943,2
0583720090700100020332,Turbo,0.34218523394721573,3
0583720090602600010105,Turbo,0.2902953230699113,2
0583720090102700010106,Turbo,0.24892372556154524,1
0514710000000000010724,Carepa,0.36053765180061165,5
0514710000000000010820,Carepa,0.3335335472094271,2
0514710000000000020902,Carepa,0.3459027832393605,4
0514720011001000010115,Carepa,0.3514888328194438,4
0517210000000000010802,Chigorodó,0.3118377284442111,2
0517210000000000010803,Chigorodó,0.06212055258343682,1
0517210000000000020324,Chigorodó,0.3700799477628613,5
0517210000000000020335,Chigorodó,0.35760905032757984,4
0517210000000000050604,Chigorodó,0.3809481666251304,5
0517210000000000060718,Chigorodó,0.18283178841151526,1
0549020030200400010116,Necoclí,0.2629166122043214,2
0565910000000000010201,San Juan de Urabá,0.300700826905236,3
0565910000000000010414,San Juan de Urabá,0.1574176690821578,1
0565910000000000010705,San Juan de Urabá,0.3124548847460568,3
0504520020300900010213,Apartadó,0.3277069023395907,1
0505110000000000010214,Arboletes,0.4533407910862411,4
0505110000000000010346,Arboletes,0.5086229018033617,5
0505120060400100010109,Arboletes,0.33625185071320396,3
0505120020500300010115,Arboletes,0.35706839977057064,3
0505120030200900010110,Arboletes,0.34081202690766565,3
0514710000000000010331,Carepa,0.3154146269855118,2
0549020120600100010125,Necoclí,0.2948710383045181,3
0549020120300300010111,Necoclí,0.30345647445520063,3
0549020120301000010102,Necoclí,0.17626113562044593,1
0565920010300300010125,San Juan de Urabá,0.3698917243636658,5
0566510000000000010633,San Pedro de Urabá,0.25680990829527794,2
0566510000000000010660,San Pedro de Urabá,0.39706132247871184,5
0583720090700100020212,Turbo,0.2913795470996039,2
0583720090600300010329,Turbo,0.2885872836593068,2
0583720090402400010102,Turbo,0.26148287044794366,1
0504520020500200010310,Apartadó,0.2437317819263032,1
0504520020500200010208,Apartadó,0.33949298768073183,2
0504520020300300010107,Apartadó,0.14356622462487678,1
0504520020300900010228,Apartadó,0.2635406229849075,1
0504520030101500010123,Apartadó,0.3640985710993693,2
0505110000000000010213,Arboletes,0.4336463629623672,3
0505110000000000010904,Arboletes,0.48836664280108527,5
0514710000000000020414,Carepa,0.3486587066901951,4
0517220060601500010101,Chigorodó,0.3126912470672084,2
0549010000000000010803,Necoclí,0.34347171868546233,5
0549020120600100010403,Necoclí,0.287910412875161,3
0549020120300300010119,Necoclí,0.2382061581634288,2
0549020120100700010116,Necoclí,0.18847483687916577,1
0549020090200800010102,Necoclí,0.043433521662557956,1
0549020040400900010108,Necoclí,0.2828496701233254,3
0549020040400900010113,Necoclí,0.13513004164441522,1
0549020120101100010108,Necoclí,0.0,1
0565910000000000010222,San Juan de Urabá,0.3838807379786223,5
0566510000000000010357,San Pedro de Urabá,0.0922080277804737,1
0566520040200800010111,San Pedro de Urabá,0.35579485567080166,4
0583720090700100010134,Turbo,0.31994560322310944,3
0583720090700100010312,Turbo,0.33657993539979675,3
0583720090700100010316,Turbo,0.28352765435939886,2
0583720090700100020104,Turbo,0.24504284582772773,1
0583720090700100020339,Turbo,0.3447987719181424,3
0583720090700100020406,Turbo,0.35357993916185987,3
0583720090700100020414,Turbo,0.3444188895757486,3
0583720100700200010310,Turbo,0.3222659289105449,3
0583720100700200020127,Turbo,0.33254944538422115,3
0583720090600300010305,Turbo,0.0,1
0583720090600300010323,Turbo,0.28353298897921636,2
0583720020101300010206,Turbo,0.2882787328073379,2
0583720090402400010120,Turbo,0.27894118792443934,2
0583720090602600010102,Turbo,0.33787731553644784,3
0583720090603000010102,Turbo,0.3583460328525454,3
0514710000000000030406,Carepa,0.3346012298478863,3
0514710000000000030525,Carepa,0.34832163868751537,4
0517210000000000010208,Chigorodó,0.37585932776181136,5
0517210000000000010509,Chigorodó,0.3187783180350281,2
0517210000000000020114,Chigorodó,0.3064469414339117,2
0517210000000000020325,Chigorodó,0.34502554247087586,4
0517210000000000050522,Chigorodó,0.3520831340353819,4
0517210000000000050808,Chigorodó,0.35353081778018963,4
0517210000000000050809,Chigorodó,0.35704579069162856,4
0517210000000000060514,Chigorodó,0.34138335965639455,3
0549020030200400010113,Necoclí,0.22254963786652812,2
0549020050300500010219,Necoclí,0.0,1
0565910000000000010621,San Juan de Urabá,0.33054710730808085,4
0583720110201800010301,Turbo,0.28104606425032497,2
0514710000000000010407,Carepa,0.31458436783448795,2
0514710000000000010512,Carepa,0.3103379261163819,2
0514710000000000030540,Carepa,0.35426786422393763,5
0514710000000000030603,Carepa,0.36204168163546196,5
0517210000000000010538,Chigorodó,0.3463904046994089,4
0517210000000000050316,Chigorodó,0.34831517123610023,4
0517210000000000060401,Chigorodó,0.3488779996376009,4
0583720110201800010118,Turbo,0.27795420063860327,2
0504520020300900010317,Apartadó,0.34412399643622016,2
0549020040400900010126,Necoclí,0.3557756405118995,5
0504520010301100010223,Apartadó,0.3338425735823249,1
0504520030101500010104,Apartadó,0.3303646680729963,1
0504520010101600010108,Apartadó,0.3119616296676599,1
0514710000000000010137,Carepa,0.3172271046058483,2
0514710000000000010118,Carepa,0.36460072421592826,5
0549020120600600010107,Necoclí,0.2728353339357315,2
0549010000000000010234,Necoclí,0.39641934347151103,5
0549010000000000010823,Necoclí,0.31730605634536163,4
0549020120300300010126,Necoclí,0.31165505063110926,4
0565910000000000010212,San Juan de Urabá,0.31495371777342596,3
0565920010300300010116,San Juan de Urabá,0.0,1
0566510000000000010808,San Pedro de Urabá,0.36351100278688164,4
0566520020300300010113,San Pedro de Urabá,0.32275851135840417,3
0583720090700100010614,Turbo,0.3444894320706264,3
0583720090700100010726,Turbo,0.3208560160769325,3
0583720090700100020230,Turbo,0.2901293039375117,2
0583720100700200010207,Turbo,0.35868174763746224,3
0583720100700200010210,Turbo,0.3312574858135052,3
0583720050200500010101,Turbo,0.0,1
0583720030700600010101,Turbo,0.266062389907361,1
0583720100400800010117,Turbo,0.35516362787666406,3
0583720080301000010106,Turbo,0.24390469856282984,1
0583720090402400010119,Turbo,0.25826736362626973,1
0583720090302500010105,Turbo,0.0,1
0583720010203800010107,Turbo,0.0,1
0505110000000000010145,Arboletes,0.40661432101901684,3
0505110000000000010207,Arboletes,0.4247656140387582,3
0505110000000000010702,Arboletes,0.48881553935854627,5
0505110000000000011015,Arboletes,0.4453862016341957,4
0505120040101000010109,Arboletes,0.27701693304966746,2
0505120030101100010103,Arboletes,0.3400795230101053,3
0517220100400700010102,Chigorodó,0.20783497886504973,1
0549020120600100010407,Necoclí,0.1776249374633403,1
0549020030300200010218,Necoclí,0.05961858361202801,1
0565910000000000010504,San Juan de Urabá,0.32726039717770194,4
0566510000000000010858,San Pedro de Urabá,0.3527642255423206,4
0583720090700100010309,Turbo,0.31178139883992134,2
0583720090700100010704,Turbo,0.26461302971443296,1
0583720090700100010729,Turbo,0.3729835077182613,4
0583720090700100020322,Turbo,0.352596711876292,3
0514710000000000010338,Carepa,0.25918534600287557,1
0514710000000000010712,Carepa,0.33692078045590645,3
0514710000000000020229,Carepa,0.36346369090356,5
0514710000000000030240,Carepa,0.3612267535106725,5
0517210000000000010305,Chigorodó,0.35146653334359107,4
0517210000000000010605,Chigorodó,0.296676529749295,2
0517210000000000010801,Chigorodó,0.3041755103569151,2
0517210000000000020209,Chigorodó,0.3442248702963257,4
0517210000000000020216,Chigorodó,0.30407012119041804,2
0517210000000000020221,Chigorodó,0.35914148437633175,4
0517210000000000030212,Chigorodó,0.37656190148799534,5
0517210000000000050113,Chigorodó,0.29756190138204835,2
0517210000000000050118,Chigorodó,0.3421155173317738,3
0517210000000000060214,Chigorodó,0.36020934109069436,5
0517210000000000060501,Chigorodó,0.34042759407566964,3
0517210000000000060601,Chigorodó,0.34510896158413756,4
0517210000000000060613,Chigorodó,0.3402884050550704,3
0517210000000000060621,Chigorodó,0.35124113070128177,4
0517210000000000061007,Chigorodó,0.29923503704803145,2
0565910000000000010315,San Juan de Urabá,0.2777674337896919,2
0565910000000000010102,San Juan de Urabá,0.285874325723173,3
0565910000000000010620,San Juan de Urabá,0.33883717935107427,4
0583720110201800010122,Turbo,0.23354736378614813,1
0583720110201800010324,Turbo,0.2722899084579492,2
0505110000000000010112,Arboletes,0.25355501816831216,1
0583720100700200010114,Turbo,0.29928169080656086,2
0583720090700100020308,Turbo,0.24254039123622845,1
0583720100700200010515,Turbo,0.33745290607444767,3
0583720240400900010104,Turbo,0.22968231428182365,1
0504520020300900010127,Apartadó,0.2501576693378931,1
0504520010301100010233,Apartadó,0.35330706600321904,2
0505110000000000010225,Arboletes,0.5127472819174859,5
0505110000000000010233,Arboletes,0.5038817229578194,5
0505110000000000010523,Arboletes,0.4680981002358488,4
0505110000000000010547,Arboletes,0.47760820874905857,4
0505110000000000011013,Arboletes,0.46582482079338033,4
0505110000000000011035,Arboletes,0.5014409673113879,5
0505120020500300010108,Arboletes,0.13554733250189244,1
0505120030200900010105,Arboletes,0.28911518599282615,2
0514710000000000010228,Carepa,0.3012310724044791,1
0514710000000000010231,Carepa,0.3705612924179268,5
0514710000000000020306,Carepa,0.3255047157865794,2
0517220060601500010108,Chigorodó,0.32475465175794693,2
0549010000000000010220,Necoclí,0.2915437764350603,3
0549010000000000010323,Necoclí,0.3061081627687283,3
0549020030300200010113,Necoclí,0.005115698228160952,1
0549020120300300010132,Necoclí,0.0,1
0549020050401800010110,Necoclí,0.0,1
0565920010100100010106,San Juan de Urabá,0.22641747284081448,2
0565920010300300010109,San Juan de Urabá,0.2699307870914052,2
0565920010300300010128,San Juan de Urabá,0.3545193201472258,5
0565920020300400010107,San Juan de Urabá,0.25514545096485297,2
0566510000000000010414,San Pedro de Urabá,0.3111799965444766,3
0566510000000000010722,San Pedro de Urabá,0.4226603992263212,5
0566510000000000010828,San Pedro de Urabá,0.28556124121906906,2
0566510000000000010849,San Pedro de Urabá,0.365295518752468,4
0566510000000000020106,San Pedro de Urabá,0.22038561623348882,2
0566520020300300010111,San Pedro de Urabá,0.32035611392793745,3
0583720090700100010101,Turbo,0.32229208969869483,3
0583720100700200020128,Turbo,0.1753487360946579,1
0583720070201200010130,Turbo,0.3477557209418745,3
0583720020101300010210,Turbo,0.0,1
0583720090603100010109,Turbo,0.3662972423057828,4
0583720220103600010102,Turbo,0.27484837603634993,2
0514710000000000010107,Carepa,0.12434492876471505,1
0514710000000000010302,Carepa,0.29228986436388205,1
0514720010700700010126,Carepa,0.3481450915876561,4
0514710000000000010503,Carepa,0.31067562300381685,2
0514710000000000010612,Carepa,0.331522782910783,2
0514710000000000010813,Carepa,0.3439782334875001,3
0514710000000000030217,Carepa,0.351569080387487,4
0514710000000000030528,Carepa,0.36953478459138384,5
0514720010700700010117,Carepa,0.2722020751777022,1
0517210000000000010705,Chigorodó,0.3789401319885804,5
0517210000000000020601,Chigorodó,0.025162501163660606,1
0517210000000000040114,Chigorodó,0.3046787299694207,2
0517210000000000050105,Chigorodó,0.11355236007004339,1
0517210000000000050312,Chigorodó,0.3558232381071168,4
0517210000000000050412,Chigorodó,0.375464516028012,5
0517210000000000050504,Chigorodó,0.3492854678419574,4
0517210000000000060623,Chigorodó,0.3447313005752165,4
0517210000000000060625,Chigorodó,0.34110378288781323,3
0517210000000000060916,Chigorodó,0.32961745738835124,2
0517210000000000060921,Chigorodó,0.33654895393963935,3
0549020050300500010105,Necoclí,0.32016163314911705,4
0565910000000000010143,San Juan de Urabá,0.2667305227077064,2
0565910000000000010316,San Juan de Urabá,0.37546720866596334,5
0565910000000000010113,San Juan de Urabá,0.2598809329235376,2
0566510000000000020110,San Pedro de Urabá,0.3809874177838022,4
0583720110201800010107,Turbo,0.3112748568012035,2
0583720110201800010333,Turbo,0.3022095892672568,2
0505120040101000010120,Arboletes,0.3303154983064801,2
0504520020300900010219,Apartadó,0.0,1
0504520020300900010318,Apartadó,0.34180466539301024,2
0505110000000000010539,Arboletes,0.35651513059152024,3
0505110000000000010608,Arboletes,0.30190220079886587,2
0505110000000000011027,Arboletes,0.4832330203113241,5
0514710000000000010206,Carepa,0.335825814884765,3
0514710000000000010606,Carepa,0.32048721605839464,2
0517220070300300010114,Chigorodó,0.34751317342786175,4
0549020120600100010427,Necoclí,0.2829700950827876,3
0549020030300200010208,Necoclí,0.35638631493002937,5
0549020040400900010129,Necoclí,0.0,1
0565920010300300010121,San Juan de Urabá,0.35306103986929066,4
0566510000000000010248,San Pedro de Urabá,0.10312306393984036,1
0583720100700200010519,Turbo,0.29758051158952176,2
0583720100700200020114,Turbo,0.08860792472496372,1
0583720100700200020129,Turbo,0.0,1
0583720090600300010202,Turbo,0.1645414528006659,1
0583720100400800010107,Turbo,0.3301777053136568,3
0583720010203800010110,Turbo,0.0,1
0504520020300900010104,Apartadó,0.3356344556196139,2
0504520020300900010325,Apartadó,0.3624534465377155,2
0504520010301100010205,Apartadó,0.33447508035768436,1
0505110000000000010221,Arboletes,0.40171835963776187,3
0505110000000000010337,Arboletes,0.5172079586472982,5
0505110000000000011037,Arboletes,0.5007395740794078,5
0505120060600500010108,Arboletes,0.15236775104803066,1
0505120030101100010128,Arboletes,0.33266928770291226,2
0514710000000000030238,Carepa,0.34036529183987907,3
0549020120301000010111,Necoclí,0.327147000363856,4
0549020120301400010107,Necoclí,0.2646557504350673,2
0549010000000000010401,Necoclí,0.3479738602601912,5
0549020120600100010309,Necoclí,0.2669996930085082,2
0549020120100700010107,Necoclí,0.28348227617152705,3
0549020090501500010121,Necoclí,0.32777518967715236,4
0566510000000000010116,San Pedro de Urabá,0.2942352850047037,2
0565920010300300010131,San Juan de Urabá,0.3393719087322083,4
0565920020300400010102,San Juan de Urabá,0.17143805551420957,1
0565920010100500010110,San Juan de Urabá,0.266755710355272,2
0566510000000000010503,San Pedro de Urabá,0.37584641678992414,4
0566510000000000010666,San Pedro de Urabá,0.44539463194301127,5
0566510000000000010712,San Pedro de Urabá,0.40724680662369656,5
0566510000000000010731,San Pedro de Urabá,0.1411815506177685,1
0566510000000000010820,San Pedro de Urabá,0.405380522087886,5
0566510000000000010842,San Pedro de Urabá,0.34674963231295103,4
0566510000000000020115,San Pedro de Urabá,0.42776070483825984,5
0583720090700100020428,Turbo,0.3416650337306182,3
0583720090700100020437,Turbo,0.271665551361535,2
0583720100700200010111,Turbo,0.0,1
0583720100700200010409,Turbo,0.34294627214747175,3
0583720100700200020130,Turbo,0.3447721882065499,3
0583720090600300010311,Turbo,0.1644267489862748,1
0583720080301000010110,Turbo,0.299099450247865,2
0583720080301000010118,Turbo,0.12906643644950777,1
0583720070202000010104,Turbo,0.26753495435140384,1
0583720050202800010103,Turbo,0.24047471601404163,1
0583720030802900010109,Turbo,0.253846242288175,1
0583720030803200010110,Turbo,0.3174764271645327,2
0514710000000000010412,Carepa,0.29459451535817893,1
0514710000000000010803,Carepa,0.3093125307837435,2
0514710000000000030224,Carepa,0.33635878550252035,3
0514710000000000030512,Carepa,0.32163953775454424,2
0514710000000000030626,Carepa,0.3603828419150634,5
0517210000000000010108,Chigorodó,0.2887223769003278,1
0517210000000000010123,Chigorodó,0.3360462235583864,3
0517210000000000010318,Chigorodó,0.32614769891699136,2
0517210000000000010403,Chigorodó,0.34928932465582857,4
0517210000000000020308,Chigorodó,0.061146215011764864,1
0517210000000000020516,Chigorodó,0.1598202181525408,1
0517210000000000030102,Chigorodó,0.3227878550883021,2
0517210000000000050101,Chigorodó,0.310932285925219,2
0517210000000000060736,Chigorodó,0.3234185938529022,2
0517210000000000060802,Chigorodó,0.3691095615992541,5
0517210000000000060922,Chigorodó,0.3581308976201203,4
0549020030200400010120,Necoclí,0.16655697703692945,1
0565910000000000010902,San Juan de Urabá,0.2777603062877748,2
0566510000000000030113,San Pedro de Urabá,0.34590673467828564,4
0514710000000000020107,Carepa,0.3306506677275741,2
0549020120600100010310,Necoclí,0.34948072579797,5
0549020120600600010111,Necoclí,0.33146555125261284,4
0565920010200600010106,San Juan de Urabá,0.27399111108042806,2
0566520020300300010103,San Pedro de Urabá,0.2014450161814989,2
0583720090700100020356,Turbo,0.34024617572534716,3
0583720100700200010501,Turbo,0.2847820939394033,2
0583720090600300010325,Turbo,0.0,1
0583720020101300010204,Turbo,0.25876055700746514,1
0514710000000000010716,Carepa,0.35395863131719885,5
0514710000000000010321,Carepa,0.32900725764779865,2
0514710000000000010330,Carepa,0.35383294366416723,5
0514710000000000020109,Carepa,0.2529669036528694,1
0514710000000000020314,Carepa,0.2612047742875921,1
0514710000000000020908,Carepa,0.3618304947372609,5
0514710000000000030510,Carepa,0.32128828340441795,2
0517210000000000010207,Chigorodó,0.2734941839760627,1
0517210000000000010412,Chigorodó,0.1259156564609755,1
0517210000000000020313,Chigorodó,0.2650552244088187,1
0517210000000000020437,Chigorodó,0.35765145525732955,4
0517210000000000030119,Chigorodó,0.2119998342345922,1
0517210000000000050419,Chigorodó,0.3717385043093555,5
0517210000000000060204,Chigorodó,0.3363919985197435,3
0517210000000000060307,Chigorodó,0.38072298284082223,5
0517210000000000060422,Chigorodó,0.37774229370787604,5
0517210000000000060519,Chigorodó,0.38404101561404336,5
0517210000000000060626,Chigorodó,0.33128984620252305,3
0517210000000000060929,Chigorodó,0.3384915233398182,3
0517210000000000061010,Chigorodó,0.30207512203883297,2
0565910000000000010302,San Juan de Urabá,0.2670387395086943,2
0565910000000000010213,San Juan de Urabá,0.042071814655612196,1
0566510000000000010246,San Pedro de Urabá,0.0922080277804737,1
0549020090201200010106,Necoclí,0.30519132079712225,3
0504520020300300010104,Apartadó,0.0,1
0504520020300900010322,Apartadó,0.3665578820434993,2
0504520010301100010206,Apartadó,0.33779183039497707,2
0504520010101400010112,Apartadó,0.3175017515479639,1
0505110000000000010304,Arboletes,0.14468015506711285,1
0505110000000000010307,Arboletes,0.29642867856780375,2
0505110000000000010407,Arboletes,0.36446344381253476,3
0505110000000000010518,Arboletes,0.14468015506711285,1
0505110000000000010605,Arboletes,0.4250021488863148,3
0505110000000000011115,Arboletes,0.4222909864458612,3
0549020030300200010213,Necoclí,0.29707562944605165,3
0514710000000000010602,Carepa,0.3481248402822893,4
0514710000000000030608,Carepa,0.35395846957703975,5
0549020030300200010216,Necoclí,0.1945675959983615,1
0549020030300200010209,Necoclí,0.36756395390847757,5
0549010000000000010205,Necoclí,0.05032500232732121,1
0549010000000000010208,Necoclí,0.31218436121880344,4
0549010000000000010309,Necoclí,0.2965410248061004,3
0549010000000000010814,Necoclí,0.3373265895509359,4
0549020120600100010117,Necoclí,0.26652003325730816,2
0549020120600100010316,Necoclí,0.14192267121783766,1
0549020050300500010106,Necoclí,0.34682115674385205,5
0549020120600600010117,Necoclí,0.1489928921073059,1
0565910000000000010205,San Juan de Urabá,0.2666307913341484,2
0565910000000000010221,San Juan de Urabá,0.35107150375337925,4
0565910000000000010224,San Juan de Urabá,0.3663749431121623,5
0565920010100100010122,San Juan de Urabá,0.23205410203092802,2
0565920020500200010105,San Juan de Urabá,0.3453769933083141,4
0565920010300300010120,San Juan de Urabá,0.18274618290522804,1
0566510000000000010351,San Pedro de Urabá,0.0922080277804737,1
0583720090700100010226,Turbo,0.2877154717908747,2
0583720090700100010511,Turbo,0.3368608574990092,3
0583720090700100020124,Turbo,0.3558424141571842,3
0583720090700100020306,Turbo,0.31904419553192104,2
0583720100700200020215,Turbo,0.31154565073665585,2
0583720100700200020515,Turbo,0.31068774789080955,2
0583720050200500010112,Turbo,0.3537508745386113,3
0583720070201200010105,Turbo,0.0,1
0583720070201200010126,Turbo,0.08748643661253447,1
0583720070201200010127,Turbo,0.20712766894628293,1
0583720020101300010113,Turbo,0.2716527064348384,2
0583720030802900010114,Turbo,0.23923039581404332,1
0583720030803200010112,Turbo,0.0,1
0583720090503500010102,Turbo,0.190397008590727,1
0583720010204000010101,Turbo,0.13816527888248456,1
0504520020300900010204,Apartadó,0.13411517298201248,1
0505110000000000010123,Arboletes,0.4889001314551635,5
0505110000000000010137,Arboletes,0.4942306123056885,5
0505110000000000010543,Arboletes,0.17562334660708198,1
0514710000000000020117,Carepa,0.3666388114874621,5
0514710000000000020307,Carepa,0.3293425366442394,2
0549010000000000010904,Necoclí,0.33954328858743865,4
0549020120600100010417,Necoclí,0.297228638779186,3
0565910000000000010405,San Juan de Urabá,0.3505548945115801,4
0566520020300300010101,San Pedro de Urabá,0.27500638084005063,2
0583720090700100020215,Turbo,0.3004838237139756,2
0583720090700100020229,Turbo,0.34735572004285614,3
0583720030700600010110,Turbo,0.31498333715982146,2
0583720030802900010107,Turbo,0.2262722420274468,1
0504520020500200010108,Apartadó,0.34605601999628893,2
0505110000000000010124,Arboletes,0.5008236894986977,5
0505110000000000010126,Arboletes,0.4716881055105842,4
0505110000000000011118,Arboletes,0.42558740746012996,3
0505120050401400010112,Arboletes,0.32848522982012246,2
0514710000000000020723,Carepa,0.34933310198620116,4
0514710000000000030229,Carepa,0.33392697424489715,2
0514720010601300010114,Carepa,0.34383602206854574,3
0517220070300300010116,Chigorodó,0.037708102233713466,1
0549010000000000010233,Necoclí,0.3363146737957962,4
0549010000000000010509,Necoclí,0.23925878638401282,2
0549010000000000010826,Necoclí,0.3651193850087056,5
0549020120600100010423,Necoclí,0.2550546882474832,2
0549020120300300010121,Necoclí,0.2975051855791158,3
0549020050300500010206,Necoclí,0.3537806819700686,5
0549020090201200010107,Necoclí,0.3342274169258936,4
0565910000000000010211,San Juan de Urabá,0.24720038363384744,2
0566510000000000010334,San Pedro de Urabá,0.3649433314969002,4
0566510000000000010347,San Pedro de Urabá,0.3774480995854767,4
0566510000000000010508,San Pedro de Urabá,0.4061941009828808,5
0566510000000000010635,San Pedro de Urabá,0.39041540857198426,5
0566510000000000010845,San Pedro de Urabá,0.0922080277804737,1
0566510000000000010871,San Pedro de Urabá,0.013508290098386224,1
0566510000000000020118,San Pedro de Urabá,0.42122739799702086,5
0566520040200800010115,San Pedro de Urabá,0.24551672701778762,2
0583720100700200020315,Turbo,0.35518311255242063,3
0583720090700100020106,Turbo,0.3113873550651644,2
0583720090700100020320,Turbo,0.3599167216720031,4
0583720090700100020408,Turbo,0.2924745450981342,2
0583720090700100020504,Turbo,0.2955097277741836,2
0583720090700100020519,Turbo,0.03536413718463178,1
0583720100700200020204,Turbo,0.36515832990855046,4
0583720100700200020412,Turbo,0.3224336447080694,3
0583720100700200020519,Turbo,0.3722110823866412,4
0583720100400800010427,Turbo,0.3231089476686511,3
0583720090402400010114,Turbo,0.31114593366202326,2
0583720090402400010129,Turbo,0.18124346093983015,1
0583720030802900010122,Turbo,0.36732888088489063,4
0583720030803200010107,Turbo,0.0,1
0514710000000000010301,Carepa,0.2664100825295861,1
0514710000000000010322,Carepa,0.3215846457433903,2
0514710000000000010414,Carepa,0.3608896938638299,5
0514710000000000010416,Carepa,0.32561931242820846,2
0514710000000000010508,Carepa,0.3111393402205584,2
0514710000000000010528,Carepa,0.34555256588070354,4
0514710000000000010801,Carepa,0.31764875742494303,2
0514710000000000020506,Carepa,0.002781118549667763,1
0514710000000000030404,Carepa,0.3144988114960979,2
0514720010700700010109,Carepa,0.32439083818658504,2
0517210000000000010529,Chigorodó,0.28679215960170795,1
0517210000000000020401,Chigorodó,0.3017790405261383,2
0517210000000000030108,Chigorodó,0.3544489217475819,4
0517210000000000030216,Chigorodó,0.34786657073744687,4
0517210000000000050119,Chigorodó,0.34118750654102076,3
0517210000000000050324,Chigorodó,0.3658619119174409,5
0517210000000000050707,Chigorodó,0.37120659892837504,5
0517210000000000060208,Chigorodó,0.3646803248821243,5
0517210000000000060517,Chigorodó,0.3402585238517789,3
0517210000000000060608,Chigorodó,0.33327272333869934,3
0517210000000000060704,Chigorodó,0.3735122551463503,5
0517210000000000060808,Chigorodó,0.34579798454323,4
0517210000000000060820,Chigorodó,0.3405818901147613,3
0517210000000000060914,Chigorodó,0.32815527307943804,2
0517210000000000061013,Chigorodó,0.3344696316538836,3
0549020050300500010204,Necoclí,0.3055271825477088,3
0565910000000000010603,San Juan de Urabá,0.2934444703579045,3
0565910000000000010703,San Juan de Urabá,0.11629145893204985,1
0583720110201800010322,Turbo,0.2675822877503541,1
0583720090103900010118,Turbo,0.34591169292101726,3
0504520030101500010105,Apartadó,0.30728511930871166,1
0504520010101400010107,Apartadó,0.3405993980127644,2
0505110000000000010202,Arboletes,0.300300578150712,2
0505110000000000010217,Arboletes,0.44450287922594195,4
0505110000000000011036,Arboletes,0.4751672698110769,4
0505120060400100010108,Arboletes,0.3378391349242375,3
0505120060600500010104,Arboletes,0.27174940622784893,2
0549010000000000010211,Necoclí,0.2939730219586134,3
0549010000000000010501,Necoclí,0.35369036433151474,5
0549020120600100010131,Necoclí,0.2524569193343242,2
0583720090700100020358,Turbo,0.33234982915682915,3
0565910000000000010118,San Juan de Urabá,0.041144775139056275,1
0565920010100500010101,San Juan de Urabá,0.08009518193151072,1
0566510000000000010211,San Pedro de Urabá,0.3985638594495382,5
0583720090700100010105,Turbo,0.3217296571543512,3
0583720090700100010319,Turbo,0.3217860014851371,3
0583720090700100010411,Turbo,0.284398619756966,2
0583720090700100010515,Turbo,0.3206612695462626,3
0583720090700100010701,Turbo,0.30283026710122923,2
0583720090700100010716,Turbo,0.0,1
0583720090700100010719,Turbo,0.0,1
0583720090700100020364,Turbo,0.3648905669341946,4
0583720090700100020426,Turbo,0.3459645365274454,3
0583720100700200020103,Turbo,0.35168491409831665,3
0583720070201200010124,Turbo,0.22941980784990124,1
0583720090402400010116,Turbo,0.34398287809291495,3
0583720090402400010121,Turbo,0.31194645418581396,2
0583720050202800010102,Turbo,0.2737916380572047,2
0514710000000000020703,Carepa,0.33940831887987066,3
0504520020500200010215,Apartadó,0.35592145741897885,2
0504520020300900010314,Apartadó,0.33346911113456995,1
0505110000000000010525,Arboletes,0.452359196450984,4
0505110000000000010804,Arboletes,0.4985508311642035,5
0505110000000000011113,Arboletes,0.4810722721533222,4
0514710000000000020710,Carepa,0.3369060407363916,3
0514720010601300010108,Carepa,0.3485579033741874,4
0517220070300300010101,Chigorodó,0.0,1
0517220070300300010107,Chigorodó,0.3253092410387372,2
0549020120600100010411,Necoclí,0.3292283868461225,4
0549020030300200010124,Necoclí,0.33021686659179283,4
0566510000000000010344,San Pedro de Urabá,0.0922080277804737,1
0566510000000000010346,San Pedro de Urabá,0.36703673562795147,4
0583720090700100010403,Turbo,0.33502079385213834,3
0583720080301000010111,Turbo,0.24660261020112795,1
0583720070201200010123,Turbo,0.15648681668324335,1
0583720030802900010119,Turbo,0.3627519441631254,4
0583720030803200010103,Turbo,0.0,1
0514710000000000020427,Carepa,0.35335411151032387,4
0514710000000000030116,Carepa,0.3538747524276764,5
0514710000000000030430,Carepa,0.33874808011529883,3
0514710000000000030619,Carepa,0.345551543514268,4
0514720011001000010141,Carepa,0.34100256004610136,3
0517210000000000010201,Chigorodó,0.3453930812146921,4
0517210000000000010218,Chigorodó,0.31949576648527517,2
0517210000000000010303,Chigorodó,0.29901346486108377,2
0517210000000000010603,Chigorodó,0.2736475295046405,1
0517210000000000010711,Chigorodó,0.3476021881342961,4
0517210000000000020111,Chigorodó,0.2883949862851465,1
0517210000000000020330,Chigorodó,0.31211191647622205,2
0517210000000000020419,Chigorodó,0.3705579859369779,5
0517210000000000020515,Chigorodó,0.1687338787796346,1
0517210000000000040102,Chigorodó,0.348628199300708,4
0517210000000000060217,Chigorodó,0.2804754622472202,1
0517210000000000060713,Chigorodó,0.33577528690087677,3
0517210000000000060915,Chigorodó,0.3620254856048134,5
0517210000000000060933,Chigorodó,0.3446076997200672,4
0517210000000000061003,Chigorodó,0.3460975415061728,4
0549020030200400010114,Necoclí,0.30981890022733327,4
0565910000000000010521,San Juan de Urabá,0.35360050568343715,4
0566510000000000010860,San Pedro de Urabá,0.0922080277804737,1
0566510000000000011005,San Pedro de Urabá,0.302320954355521,3
0583720110201800010110,Turbo,0.29006839570159626,2
0583720110201800010121,Turbo,0.34108202847063124,3
0583720110201800010207,Turbo,0.31002348270527635,2
0583720110201800010214,Turbo,0.3281662031381795,3
0504520010301100010215,Apartadó,0.29296030377228616,1
0505110000000000010334,Arboletes,0.5170676872922588,5
0505110000000000010527,Arboletes,0.452990314868425,4
0505120040101000010108,Arboletes,0.2201105725219167,1
0514710000000000010214,Carepa,0.32555247161506184,2
0566510000000000010862,San Pedro de Urabá,0.28720611990019046,2
0583720100700200010418,Turbo,0.33988368217644177,3
0583720090600300010218,Turbo,0.36556777639762533,4
0583720090603100010105,Turbo,0.3672525421264096,4
0583720050604200010104,Turbo,0.2635499695996193,1
0566510000000000030108,San Pedro de Urabá,0.39460376247512663,5
0566520040200800010112,San Pedro de Urabá,0.3539830953014234,4
0583720090700100010313,Turbo,0.30271939854481195,2
0504520020500200010115,Apartadó,0.33759565344406356,2
0504520020300900010210,Apartadó,0.27304285904607106,1
0504520030101500010118,Apartadó,0.35986774362036483,2
0505110000000000010226,Arboletes,0.4669050972876053,4
0505110000000000011039,Arboletes,0.5008658072289185,5
0505110000000000011116,Arboletes,0.4258399919700947,3
0505120040101000010113,Arboletes,0.25750450492392485,2
0505120030101100010127,Arboletes,0.25179146813438813,1
0514710000000000010807,Carepa,0.3084970470666396,2
0514710000000000020206,Carepa,0.3590191533233128,5
0514710000000000030530,Carepa,0.3351496533242067,3
0514710000000000030605,Carepa,0.3392114489216988,3
0514710000000000030622,Carepa,0.30444651167382225,1
0517220060601500010113,Chigorodó,0.23761058718044523,1
0549010000000000010806,Necoclí,0.3392907581314115,4
0549010000000000010828,Necoclí,0.3604895611564783,5
0549020120600100010121,Necoclí,0.29989461701701675,3
0549020030300200010118,Necoclí,0.0,1
0549020030300200010205,Necoclí,0.3556710703322075,5
0549020120300300010127,Necoclí,0.3630655986033464,5
0549020120600600010115,Necoclí,0.0,1
0549020120100700010113,Necoclí,0.36332194876446655,5
0549020090200800010101,Necoclí,0.26392368828718343,2
0549020090200800010105,Necoclí,0.353875697393077,5
0549020120301000010109,Necoclí,0.22117579767053297,2
0565910000000000010404,San Juan de Urabá,0.34277004683318063,4
0565910000000000010517,San Juan de Urabá,0.3550973619881493,5
0565920020500200010101,San Juan de Urabá,0.3212021480334029,3
0565920010300300010119,San Juan de Urabá,0.0,1
0566510000000000010124,San Pedro de Urabá,0.3771507786276574,4
0566510000000000010743,San Pedro de Urabá,0.2816174070310822,2
0583720090700100020203,Turbo,0.28644814508707306,2
0583720100700200010110,Turbo,0.29658426652298653,2
0583720100700200020502,Turbo,0.356545838206945,3
0583720050200500010122,Turbo,0.2110558142700435,1
0583720090302300010109,Turbo,0.2249813983804401,1
0583720090402400010103,Turbo,0.21491032766260246,1
0583720030802900010117,Turbo,0.34867010776610435,3
0583720030803200010106,Turbo,0.0,1
0583720010203800010101,Turbo,0.0,1
0514710000000000010327,Carepa,0.26795619528438597,1
0514710000000000010333,Carepa,0.002781118549667763,1
0514710000000000010401,Carepa,0.3099173910756888,2
0514710000000000010618,Carepa,0.0380427304153905,1
0514710000000000010730,Carepa,0.3444557826164231,4
0514710000000000010821,Carepa,0.3189838944507257,2
0514710000000000020520,Carepa,0.33687826392549464,3
0514710000000000020613,Carepa,0.33930992273403127,3
0514710000000000020803,Carepa,0.27725886186276105,1
0514710000000000020907,Carepa,0.35817539344427574,5
0514710000000000030612,Carepa,0.3398721501039631,3
0514720010700700010113,Carepa,0.3302243055638432,2
0514720011001000010125,Carepa,0.35535447512901325,5
0517210000000000010103,Chigorodó,0.3402495019190146,3
0517210000000000010106,Chigorodó,0.28889118329249897,1
0517210000000000010306,Chigorodó,0.3470518735991702,4
0517210000000000020225,Chigorodó,0.34488478701546993,4
0517210000000000020231,Chigorodó,0.37726423925956537,5
0517210000000000020435,Chigorodó,0.3385724812244881,3
0517210000000000020512,Chigorodó,0.2604716654396286,1
0517210000000000050117,Chigorodó,0.3397255385286866,3
0517210000000000050302,Chigorodó,0.3033667938187153,2
0517210000000000050527,Chigorodó,0.3865438046668349,5
0517210000000000060316,Chigorodó,0.3804418036990822,5
0517210000000000060917,Chigorodó,0.3298003829550462,2
0549020030200400010115,Necoclí,0.30562530720409176,3
0565910000000000010901,San Juan de Urabá,0.08377504889227423,1
0566510000000000010902,San Pedro de Urabá,0.013508290098386224,1
0583720110201800010108,Turbo,0.2692977325152555,1
0583720110201800010127,Turbo,0.2912212642717808,2
0514720010700700010110,Carepa,0.35487788555041805,5
0514710000000000010710,Carepa,0.3367098171057258,3
0514710000000000030615,Carepa,0.33971773340535544,3
0514720010700700010118,Carepa,0.344434532940165,4
0517210000000000010120,Chigorodó,0.3206656050158059,2
0517210000000000010502,Chigorodó,0.32116877168927477,2
0517210000000000020104,Chigorodó,0.3041415613061835,2
0517210000000000020511,Chigorodó,0.35073337283363565,4
0517210000000000030101,Chigorodó,0.012581250581830303,1
0517210000000000050603,Chigorodó,0.38338050891143194,5
0517210000000000050709,Chigorodó,0.2570255837402581,1
0517210000000000060102,Chigorodó,0.346403235242161,4
0517210000000000060218,Chigorodó,0.3443216480655367,4
0517210000000000060301,Chigorodó,0.33757367019727624,3
0517210000000000060421,Chigorodó,0.3747897662758311,5
0517210000000000060910,Chigorodó,0.34952413392263587,4
0549020030200400010118,Necoclí,0.28363194519766366,3
0514710000000000010111,Carepa,0.3377790448004797,3
0517210000000000010102,Chigorodó,0.3581889981520623,4
0517210000000000050411,Chigorodó,0.36891266472080686,5
0517210000000000060906,Chigorodó,0.31384198797557444,2
0565910000000000010131,San Juan de Urabá,0.3620322690659779,5
0504520020300900010202,Apartadó,0.3155071877857302,1
0504520030101500010102,Apartadó,0.35036612883268514,2
0505110000000000011033,Arboletes,0.49145339815759576,5
0514710000000000020601,Carepa,0.3488133252427072,4
0514710000000000020715,Carepa,0.3397456357951138,3
0514710000000000030225,Carepa,0.3665125819167473,5
0549020120300300010106,Necoclí,0.30222189739614236,3
0549010000000000010916,Necoclí,0.34292436422670397,5
0549020120600100010120,Necoclí,0.33172582724207483,4
0549020030300200010122,Necoclí,0.1747411502310039,1
0549020120101100010102,Necoclí,0.3188778274006088,4
0565920010100500010116,San Juan de Urabá,0.25227875173218667,2
0565920010100500010125,San Juan de Urabá,0.3153563180639658,3
0566510000000000010563,San Pedro de Urabá,0.14691244659814237,1
0583720090700100010301,Turbo,0.34076739417733515,3
0583720090700100010503,Turbo,0.2953855435796787,2
0583720090700100020313,Turbo,0.2949477131238658,2
0583720090700100020346,Turbo,0.33469646334752023,3
0583720090700100020514,Turbo,0.29909259278070494,2
0583720090600300010104,Turbo,0.33414486274763583,3
0583720100400800010415,Turbo,0.28197551109244956,2
0583720050604200010107,Turbo,0.28936783760714463,2
0505110000000000010335,Arboletes,0.5171799074597632,5
0504520020300300010102,Apartadó,0.0,1
0505120030101100010104,Arboletes,0.23709986776766137,1
0514710000000000020316,Carepa,0.3601720915273728,5
0514710000000000020726,Carepa,0.354675332251055,5
0549020030300200010201,Necoclí,0.3681811894606878,5
0549020120300300010120,Necoclí,0.10317007052197606,1
0549010000000000010505,Necoclí,0.10199785063714635,1
0549020120600100010229,Necoclí,0.3112077382212436,4
0549020120300300010123,Necoclí,0.0,1
0549020090200800010108,Necoclí,0.33834107020222054,4
0549020120301000010107,Necoclí,0.2995103090005616,3
0549020120801600010109,Necoclí,0.26575048067267354,2
0565910000000000010610,San Juan de Urabá,0.34230276519012776,4
0565920020500200010104,San Juan de Urabá,0.2070327884780113,1
0565920010100500010121,San Juan de Urabá,0.3478002187157046,4
0566510000000000010423,San Pedro de Urabá,0.27708631725778765,2
0566510000000000010562,San Pedro de Urabá,0.40834474406245336,5
0566510000000000010636,San Pedro de Urabá,0.2628801797298668,2
0566520020300300010112,San Pedro de Urabá,0.30418562879866223,3
0566520010100400010111,San Pedro de Urabá,0.2142489747978714,2
0583720090700100010127,Turbo,0.3226569709148167,3
0583720020101300010106,Turbo,0.29076509299076386,2
0583720020101300010121,Turbo,0.2737164695634208,2
0583720090302300010107,Turbo,0.0,1
0583720030802900010116,Turbo,0.3364134249002085,3
0583720090103900010107,Turbo,0.21771598474826165,1
0514710000000000010112,Carepa,0.29431300658103204,1
0514710000000000030122,Carepa,0.3624498826377574,5
0514710000000000030123,Carepa,0.36236555246721563,5
0514710000000000030204,Carepa,0.36655466812232584,5
0514710000000000030227,Carepa,0.334306668327923,2
0517210000000000010313,Chigorodó,0.34026116031340237,3
0517210000000000010707,Chigorodó,0.3565982966906491,4
0517210000000000020107,Chigorodó,0.3041129456532121,2
0517210000000000020303,Chigorodó,0.3430715816803561,3
0517210000000000020304,Chigorodó,0.34456184682273544,4
0517210000000000060502,Chigorodó,0.3391480011740265,3
0517210000000000060725,Chigorodó,0.3407665169610144,3
0517210000000000060737,Chigorodó,0.34805189899245725,4
0517210000000000060912,Chigorodó,0.3720901963773322,5
0549020050300500010109,Necoclí,0.3337863089512718,4
0565910000000000010227,San Juan de Urabá,0.042071814655612196,1
0565910000000000010515,San Juan de Urabá,0.3207314326219446,3
0566510000000000011004,San Pedro de Urabá,0.012581250581830303,1
0583720110201800010116,Turbo,0.2763804157914905,2
0504520020500200010308,Apartadó,0.2978804906164639,1
0504520010301100010116,Apartadó,0.37500160890952144,2
0504520010301100010228,Apartadó,0.3268860014099633,1
0504520010101400010116,Apartadó,0.18685361986121699,1
0505110000000000010208,Arboletes,0.4909482825257422,5
0505110000000000010339,Arboletes,0.5171518490479987,5
0505110000000000010524,Arboletes,0.46407211113879887,4
0505110000000000010528,Arboletes,0.3844097861477627,3
0505110000000000010541,Arboletes,0.4638754690441431,4
0505110000000000011019,Arboletes,0.4524006137915633,4
0505120030101100010114,Arboletes,0.19220532808532217,1
0505120030101100010118,Arboletes,0.15678226209934704,1
0505120050401400010107,Arboletes,0.3209019286972877,2
0505120050401400010109,Arboletes,0.3285691256927322,2
0549020030300200010131,Necoclí,0.25097771548858605,2
0514710000000000010224,Carepa,0.3658239267395695,5
0514710000000000010608,Carepa,0.32708036593163897,2
0514710000000000020615,Carepa,0.339844079027957,3
0514710000000000030239,Carepa,0.3539027559578956,5
0517220070300300010110,Chigorodó,0.3187420858510169,2
0517220060601500010105,Chigorodó,0.30784068118992125,2
0549020120300300010122,Necoclí,0.34488949878075253,5
0549020120600100010311,Necoclí,0.13385478225741382,1
0549010000000000010311,Necoclí,0.29195367353297286,3
0549010000000000010315,Necoclí,0.29353853465999513,3
0549010000000000010321,Necoclí,0.3064452600966673,3
0549010000000000010329,Necoclí,0.3263531717613909,4
0549010000000000010719,Necoclí,0.3500022601505349,5
0549010000000000010815,Necoclí,0.32889478695065166,4
0549010000000000010821,Necoclí,0.3253873007172927,4
0549020120600100010115,Necoclí,0.26442902322427264,2
0549020120600100010130,Necoclí,0.3009615875641121,3
0549020120300300010130,Necoclí,0.21307225658228518,2
0549020120600600010104,Necoclí,0.314836059661615,4
0549020120100700010109,Necoclí,0.25908179661785924,2
0549020120801600010102,Necoclí,0.030881054990955288,1
0565910000000000010225,San Juan de Urabá,0.37967257047424363,5
0566510000000000010219,San Pedro de Urabá,0.4214942809920005,5
0566510000000000010740,San Pedro de Urabá,0.335010002450465,3
0566510000000000010904,San Pedro de Urabá,0.2837251713911459,2
0566510000000000020101,San Pedro de Urabá,0.3974540317620729,5
0583720090700100020208,Turbo,0.2955665502083459,2
0583720090700100020223,Turbo,0.3044888550330383,2
0583720090600300010209,Turbo,0.3661436958338549,4
0583720090600300010211,Turbo,0.2660444171707527,1
0583720090600300010219,Turbo,0.35143649816950545,3
0583720090600300010338,Turbo,0.0978774531823421,1
0583720090302300010105,Turbo,0.27905417209329586,2
0583720090103900010102,Turbo,0.19797305053097472,1
0504520010301100010103,Apartadó,0.10583181173235956,1
0504520030101500010121,Apartadó,0.33808129498919776,2
0583720100700200010302,Turbo,0.30508392783409843,2
0549010000000000010128,Necoclí,0.34352753698564137,5
0549010000000000010222,Necoclí,0.28657684631476615,3
0549020090501500010107,Necoclí,0.3095274214668902,3
0583720090700100010308,Turbo,0.28859865926149947,2
0583720240400900010103,Turbo,0.3725797582244397,4
0514710000000000010219,Carepa,0.15843773327975172,1
0514710000000000010815,Carepa,0.3228636289927776,2
0514710000000000020217,Carepa,0.3255752408453729,2
0514710000000000020411,Carepa,0.34028010214125926,3
0514710000000000030102,Carepa,0.35052913794243207,4
0514710000000000030111,Carepa,0.35703774906991587,5
0514710000000000030230,Carepa,0.3498121378371376,4
0514710000000000030403,Carepa,0.3429093872101605,3
0514710000000000030514,Carepa,0.07696732782853229,1
0514710000000000030524,Carepa,0.32119010556487726,2
0514720010700700010101,Carepa,0.32201586790716674,2
0517210000000000010128,Chigorodó,0.3573877113459949,4
0517210000000000020309,Chigorodó,0.30473173984636914,2
0517210000000000020434,Chigorodó,0.22821909641149338,1
0517210000000000050127,Chigorodó,0.30997591739026376,2
0517210000000000050313,Chigorodó,0.31094435261417785,2
0517210000000000050318,Chigorodó,0.36237487397621343,5
0517210000000000060428,Chigorodó,0.3943609854901143,5
0517210000000000060429,Chigorodó,0.38714832341033045,5
0517210000000000060624,Chigorodó,0.3324147220365783,3
0517210000000000061004,Chigorodó,0.3206347997501188,2
0565910000000000010314,San Juan de Urabá,0.25817189080742103,2
0565910000000000010716,San Juan de Urabá,0.36787174189319916,5
0565910000000000010719,San Juan de Urabá,0.3503330781360495,4
0566510000000000010558,San Pedro de Urabá,0.0922080277804737,1
0566510000000000030104,San Pedro de Urabá,0.41840509677547405,5
0583720110201800010130,Turbo,0.29639274553357964,2
0514710000000000030643,Carepa,0.3468730281766659,4
0504520030101500010113,Apartadó,0.3052470803748067,1
0504520010101600010109,Apartadó,0.2984589114871683,1
0505120030200900010117,Arboletes,0.22361004770381407,1
0514710000000000030631,Carepa,0.37169946201589316,5
0549010000000000010712,Necoclí,0.3697318339165595,5
0549020120300300010117,Necoclí,0.2673155988420266,2
0549020120301400010104,Necoclí,0.35875749400533385,5
0566510000000000010215,San Pedro de Urabá,0.36152682876315034,4
0566510000000000010507,San Pedro de Urabá,0.2814411685256223,2
0566510000000000010632,San Pedro de Urabá,0.3834601082356973,4
0583720090700100010306,Turbo,0.2981814905238834,2
0583720090700100020213,Turbo,0.29465311849904496,2
0583720100700200020504,Turbo,0.3548739511289123,3
0583720100400800010418,Turbo,0.30756587109352906,2
0583720070201200010102,Turbo,0.1182648957919262,1
0504520020300900010222,Apartadó,0.0,1
0514710000000000010117,Carepa,0.36360265508489503,5
0514710000000000010202,Carepa,0.29401964698387273,1
0514710000000000020702,Carepa,0.3396052125961406,3
0549010000000000010132,Necoclí,0.36075581305077536,5
0549010000000000010512,Necoclí,0.35399853501681533,5
0549020120600100010205,Necoclí,0.26475346045460424,2
0549020120600100010404,Necoclí,0.2711949114321894,2
0549020120300300010108,Necoclí,0.21211487220332287,2
0549020120100700010108,Necoclí,0.20639257063086697,2
0549020090200800010114,Necoclí,0.32969661862633615,4
0583720050200500010110,Turbo,0.23285925931046728,1
0566510000000000010412,San Pedro de Urabá,0.3121211255666593,3
0566510000000000010418,San Pedro de Urabá,0.30485087543203915,3
0566510000000000010501,San Pedro de Urabá,0.3386271786788346,4
0566510000000000011002,San Pedro de Urabá,0.30216743938191526,3
0583720090700100010404,Turbo,0.3489863861822396,3
0583720090700100010516,Turbo,0.31557519815133483,2
0583720090700100020341,Turbo,0.3353710926679784,3
0583720100700200020112,Turbo,0.3507013500687245,3
0583720090600300010335,Turbo,0.30353363431928904,2
0583720090600300010348,Turbo,0.1881469345927747,1
0583720030700600010106,Turbo,0.35935701708914347,3
0583720100400800010307,Turbo,0.35413762792370856,3
0583720080301000010102,Turbo,0.019226962867717707,1
0583720070201200010103,Turbo,0.228648621636633,1
0583720070202000010102,Turbo,0.0,1
0583720090302500010103,Turbo,0.0,1
0583720090602600010120,Turbo,0.3266804271184233,3
0583720010203800010106,Turbo,0.0,1
0514710000000000020911,Carepa,0.34512943419863823,4
0514710000000000010334,Carepa,0.27788055279660256,1
0514710000000000010502,Carepa,0.26332995531283154,1
0514710000000000020916,Carepa,0.23838602904343034,1
0514710000000000030114,Carepa,0.2309278025018793,1
0514710000000000030518,Carepa,0.3412084063325204,3
0517210000000000010703,Chigorodó,0.37901043034322374,5
0517210000000000010704,Chigorodó,0.37326023585781065,5
0517210000000000060311,Chigorodó,0.3375592342086204,3
0517210000000000061017,Chigorodó,0.2995862234141477,2
0549020050300500010203,Necoclí,0.3287069573926135,4
0565910000000000010124,San Juan de Urabá,0.37699269949778186,5
0565910000000000010125,San Juan de Urabá,0.35751557872603273,5
0565910000000000010803,San Juan de Urabá,0.39270184315319645,5
0566510000000000010425,San Pedro de Urabá,0.000927039516555921,1
0566510000000000010566,San Pedro de Urabá,0.013508290098386224,1
0583720110201800010106,Turbo,0.27293767220938264,2
0583720110201800010115,Turbo,0.28298554544618376,2
0583720110201800010305,Turbo,0.28656868295217064,2
0517220060601500010110,Chigorodó,0.31787931677907244,2
0504520020500200010302,Apartadó,0.31016345357697594,1
0504520030101500010116,Apartadó,0.3423401795928512,2
0505110000000000010111,Arboletes,0.47236104997080985,4
0505110000000000010115,Arboletes,0.48759542600641775,5
0505110000000000010806,Arboletes,0.4914947889494631,5
0505110000000000010807,Arboletes,0.48805789407315464,5
0505110000000000011006,Arboletes,0.4476311242982771,4
0505110000000000011125,Arboletes,0.399697335417917,3
0505120030101100010112,Arboletes,0.21947213960801715,1
0517220070300300010108,Chigorodó,0.30285197645241224,2
0514710000000000020102,Carepa,0.33090376586667064,2
0514710000000000020108,Carepa,0.3398584724160514,3
0514710000000000020405,Carepa,0.32648964638224165,2
0549020120600100010208,Necoclí,0.27489983561585085,2
0549020030300200010104,Necoclí,0.027467847936798018,1
0549020050401800010102,Necoclí,0.3501909441775542,5
0566510000000000010117,San Pedro de Urabá,0.29662393218890515,2
0566510000000000010218,San Pedro de Urabá,0.39779104389184766,5
0566510000000000010848,San Pedro de Urabá,0.4188406297834618,5
0583720090700100010212,Turbo,0.3187927740905454,2
0583720090700100010604,Turbo,0.2879230409624889,2
0583720090700100020321,Turbo,0.3463584357725206,3
0583720090600300010108,Turbo,0.34149147495333537,3
0583720090600300010308,Turbo,0.32331411743682,3
0583720080301000010123,Turbo,0.30407066816838824,2
0583720050603700010104,Turbo,0.2600783488012214,1
0504520020500200010210,Apartadó,0.3389729835885663,2
0505120030101100010109,Arboletes,0.28756511048056915,2
0517220060601500010111,Chigorodó,0.3123256190891157,2
0549010000000000010611,Necoclí,0.0,1
0549010000000000010801,Necoclí,0.3481015599506354,5
0549020050300500010107,Necoclí,0.3022156719355451,3
0549020120600600010108,Necoclí,0.2957093486573636,3
0549020040400900010125,Necoclí,0.2638241918187425,2
0566510000000000010729,San Pedro de Urabá,0.32492190747282534,3
0566510000000000010851,San Pedro de Urabá,0.416578567995583,5
0565920010100500010117,San Juan de Urabá,0.33399778387993195,4
0566510000000000011015,San Pedro de Urabá,0.012581250581830303,1
0583720090700100010138,Turbo,0.34346476397056014,3
0583720090700100020525,Turbo,0.3587644833810103,3
0583720090700100020527,Turbo,0.2912378898157312,2
0583720100700200010408,Turbo,0.33392670680009107,3
0583720100700200020207,Turbo,0.3706094994061283,4
0583720100700200020307,Turbo,0.35242946297963695,3
0583720090600300010212,Turbo,0.33109638707312417,3
0583720100400800010422,Turbo,0.21726123547852622,1
0583720230401400010101,Turbo,0.1723264261817671,1
0583720030802900010115,Turbo,0.3649281255583865,4
0504510000000000030115,Apartadó,0.8767785760257695,5
0583710000000000050125,Turbo,0.39592606603106645,4
0583710000000000010237,Turbo,0.582813348193358,5
0504510000000000030206,Apartadó,0.8407988895686483,5
0504510000000000020403,Apartadó,0.7553645000313576,4
0504510000000000100605,Apartadó,0.2031832800625465,1
0504510000000000080515,Apartadó,0.01721644816460989,1
0583710000000000010141,Turbo,0.6370688243867613,5
0504510000000000060201,Apartadó,0.8652753056155743,5
0583710000000000030727,Turbo,0.408994698960445,4
0504510000000000080208,Apartadó,0.542856282472041,3
0504510000000000030516,Apartadó,0.9456467105317284,5
0504510000000000050109,Apartadó,0.7871394851437472,4
0504510000000000010701,Apartadó,0.2649410540196153,1
0583710000000000010411,Turbo,0.47455664021485755,4
0583710000000000040172,Turbo,0.6300388601758768,5
0583720090104100010301,Turbo,0.299065353751554,2
0583710000000000030708,Turbo,0.5014360524333974,4
0504510000000000020315,Apartadó,0.724670361238125,4
0504510000000000060217,Apartadó,0.9159588628665197,5
0504510000000000100405,Apartadó,0.3274563049679001,1
0504510000000000100615,Apartadó,0.15012008875636887,1
0583710000000000010203,Turbo,0.685502627162278,5
0504510000000000010112,Apartadó,0.4411557147627911,2
0504510000000000090511,Apartadó,0.4605782792700779,2
0504510000000000010717,Apartadó,0.0,1
0504510000000000090202,Apartadó,0.6154423929726142,3
0504510000000000090123,Apartadó,0.3983491114898275,2
0583710000000000050103,Turbo,0.24238512106152849,1
0504510000000000060309,Apartadó,0.900488929813708,5
0583710000000000020808,Turbo,0.3024738465488937,2
0583710000000000050512,Turbo,0.41088227514274694,4
0583710000000000040409,Turbo,0.6350366706182775,5
0504510000000000060628,Apartadó,0.7341769790312279,4
0504510000000000020405,Apartadó,0.7518635590547355,4
0583710000000000040206,Turbo,0.6759486606718468,5
0583710000000000040308,Turbo,0.6296609883889488,5
0504510000000000040626,Apartadó,0.4666367175070253,3
0504510000000000080509,Apartadó,0.35978850422724357,2
0504510000000000020304,Apartadó,0.6967598361078366,4
0504510000000000050211,Apartadó,0.6790107789489684,4
0504510000000000060205,Apartadó,0.8859069894461105,5
0514720011200300010107,Carepa,0.3394711907625021,3
0514720011200300010115,Carepa,0.3453909595847502,4
0514720010800600010110,Carepa,0.3574912988623093,5
0514720011500900010101,Carepa,0.3591574437511461,5
0514720011500900010103,Carepa,0.20064063738431462,1
0514720010501100010110,Carepa,0.3715078001751359,5
0514720010601400010101,Carepa,0.3582259524204886,5
0514720010601400010105,Carepa,0.3320015588801272,2
0517220100601300010103,Chigorodó,0.0,1
0504520020301700010103,Apartadó,0.2887278970322524,1
0583720050403300010102,Turbo,0.04789422705410343,1
0505120040101900010102,Arboletes,0.16594498033824737,1
0505120020301700010105,Arboletes,0.07831057794100145,1
0505120040101900010105,Arboletes,0.0,1
0565920020600700010101,San Juan de Urabá,0.2537846367912237,2
0583720200100700010104,Turbo,0.19589547606154614,1
0565920010400800010106,San Juan de Urabá,0.0,1
0504510000000000030411,Apartadó,0.5887037895435192,3
0504510000000000070102,Apartadó,0.8240122508100669,5
0504510000000000070412,Apartadó,0.9441286192048896,5
0504510000000000050501,Apartadó,0.7917496268069956,4
0504510000000000100305,Apartadó,0.47594572961375775,3
0583710000000000010103,Turbo,0.6859684533748771,5
0504510000000000090107,Apartadó,0.6369186255455473,3
0504510000000000090114,Apartadó,0.6195464675074802,3
0504510000000000050105,Apartadó,0.7635688502730635,4
0583710000000000050302,Turbo,0.33042276342374627,3
0583720090104100010112,Turbo,0.19193782627635037,1
0504510000000000010313,Apartadó,0.5405277432737013,3
0583710000000000020115,Turbo,0.514411887307915,4
0504510000000000020118,Apartadó,0.5646605275402655,3
0504510000000000100223,Apartadó,0.3005421160749379,1
0504510000000000100106,Apartadó,0.4240574090326153,2
0504510000000000040133,Apartadó,0.6610168755050815,4
0504510000000000080419,Apartadó,0.5630096713267283,3
0504520010201000010113,Apartadó,0.0,1
0504510000000000080416,Apartadó,0.5346071090922285,3
0504510000000000040403,Apartadó,0.6186326667193855,3
0583710000000000040412,Turbo,0.6391514320614445,5
0583710000000000040104,Turbo,0.5313359207591938,5
0583710000000000050521,Turbo,0.4138307559017859,4
0504510000000000070221,Apartadó,0.8721389295592225,5
0583710000000000040737,Turbo,0.564582593795909,5
0583710000000000050111,Turbo,0.3968346040602207,4
0504510000000000100226,Apartadó,0.32110148847273445,1
0583710000000000040408,Turbo,0.5934560605041835,5
0583710000000000050506,Turbo,0.3466580601193479,3
0583710000000000050129,Turbo,0.3886792444487112,4
0504510000000000070439,Apartadó,1.0,5
0504510000000000100113,Apartadó,0.43882948249325493,2
0504510000000000080122,Apartadó,0.7695804291059309,4
0583710000000000030321,Turbo,0.7143018943087389,5
0504510000000000070708,Apartadó,0.7928594739050758,4
0583710000000000040141,Turbo,0.45338540406584954,4
0504510000000000010406,Apartadó,0.7347117303761719,4
0504510000000000080503,Apartadó,0.3193248806889159,1
0504510000000000040624,Apartadó,0.4612384102693627,2
0583710000000000040538,Turbo,0.5384929814700854,5
0504510000000000100327,Apartadó,0.41108409043871436,2
0504510000000000080102,Apartadó,0.5617375473404266,3
0583710000000000020123,Turbo,0.5529746708980103,5
0583710000000000010441,Turbo,0.4964989905154268,4
0583710000000000050118,Turbo,0.3886089127717432,4
0504510000000000050417,Apartadó,0.6744535115813829,4
0504510000000000010223,Apartadó,0.8593489356889881,5
0504510000000000090311,Apartadó,0.42774520170617,2
0504510000000000070736,Apartadó,0.46224925177465626,2
0583710000000000010231,Turbo,0.5748203876131396,5
0583710000000000020805,Turbo,0.4037498018442671,4
0583710000000000040550,Turbo,0.5650632970351872,5
0504510000000000080103,Apartadó,0.5677098803099445,3
0583710000000000020710,Turbo,0.624307575314892,5
0504510000000000020207,Apartadó,0.8019670016939805,5
0504510000000000090503,Apartadó,0.4841456888116354,3
0504510000000000050309,Apartadó,0.5974519143550714,3
0504510000000000090507,Apartadó,0.4913591704411558,3
0583710000000000030107,Turbo,0.6966068113906413,5
0504510000000000060303,Apartadó,0.8804043426380374,5
0504510000000000090313,Apartadó,0.474492794721651,3
0583710000000000040161,Turbo,0.5731480345370137,5
0583710000000000010516,Turbo,0.6739698412177061,5
0504510000000000100502,Apartadó,0.2495179730347437,1
0504510000000000060323,Apartadó,0.8834834454939521,5
0504510000000000030107,Apartadó,0.7712007926413039,4
0583710000000000030725,Turbo,0.45245985070183553,4
0504510000000000080508,Apartadó,0.3428506260715375,2
0583710000000000010610,Turbo,0.21218497481826823,1
0504510000000000040401,Apartadó,0.6493432529521863,4
0583710000000000010213,Turbo,0.5865746795591487,5
0583710000000000020508,Turbo,0.6518508889580447,5
0504510000000000070416,Apartadó,0.9173408179614994,5
0504510000000000010601,Apartadó,0.33171052695973235,1
0583710000000000010608,Turbo,0.21593258137455812,1
0504510000000000050326,Apartadó,0.6230321312005628,3
0583710000000000040507,Turbo,0.5145074552225797,4
0504510000000000070516,Apartadó,0.7690223015658015,4
0504510000000000070501,Apartadó,0.5926340835214969,3
0504510000000000010105,Apartadó,0.49137151301840043,3
0504510000000000100206,Apartadó,0.3199688975039984,1
0504510000000000100125,Apartadó,0.36618445417061,2
0583710000000000030728,Turbo,0.4401032875454166,4
0504510000000000050209,Apartadó,0.6694113163657271,4
0504510000000000040136,Apartadó,0.6912386130116311,4
0583710000000000020315,Turbo,0.6433194345265111,5
0504510000000000040724,Apartadó,0.615653169764531,3
0504510000000000100211,Apartadó,0.35650043608296655,2
0583710000000000020137,Turbo,0.5367249802532739,5
0504510000000000090112,Apartadó,0.6107199509624056,3
0583710000000000020611,Turbo,0.6871441709883807,5
0583710000000000040201,Turbo,0.49631815040611726,4
0583710000000000030604,Turbo,0.45814842190068344,4
0504510000000000040217,Apartadó,0.6191950611554197,3
0583710000000000020906,Turbo,0.5346619934858411,5
0504510000000000070216,Apartadó,0.9374529728739568,5
0504510000000000070309,Apartadó,0.9542641991195213,5
0505120050401400010105,Arboletes,0.30002050168035416,2
0504510000000000080619,Apartadó,0.12555535556667224,1
0583710000000000030444,Turbo,0.3475562135211938,3
0583710000000000040621,Turbo,0.0,1
0583710000000000050101,Turbo,0.37793550955535554,4
0504510000000000010520,Apartadó,0.7307905325267052,4
0583710000000000050305,Turbo,0.4110921464235777,4
0504510000000000050114,Apartadó,0.6410343326692746,3
0583710000000000030440,Turbo,0.2714282143834921,2
0504510000000000070403,Apartadó,0.9261433264891394,5
0583720090104100010119,Turbo,0.2942775238010633,2
0583710000000000040126,Turbo,0.4307763737141077,4
0583710000000000010131,Turbo,0.541257943193508,5
0504510000000000020559,Apartadó,0.3465523630321789,2
0583710000000000020707,Turbo,0.6505549593971671,5
0583710000000000050106,Turbo,0.4103910739943563,4
0504510000000000060801,Apartadó,0.9294068461478892,5
0583710000000000040730,Turbo,0.3417574002627225,3
0504510000000000100225,Apartadó,0.32055700250744956,1
0504510000000000070701,Apartadó,0.7240586254057289,4
0583710000000000030510,Turbo,0.6977341496483417,5
0504510000000000060120,Apartadó,0.9170405660718763,5
0504510000000000030203,Apartadó,0.6937341572225901,4
0583710000000000030729,Turbo,0.4028250665640938,4
0583710000000000030512,Turbo,0.6941529258855541,5
0504510000000000010403,Apartadó,0.5450218683723759,3
0504510000000000020219,Apartadó,0.9307902587153484,5
0504510000000000020420,Apartadó,0.7926497600721398,4
0504510000000000010103,Apartadó,0.28217491635234915,1
0583710000000000010138,Turbo,0.6956285896876576,5
0504510000000000050204,Apartadó,0.7529860421946922,4
0583710000000000010205,Turbo,0.6924482157383774,5
0583710000000000030712,Turbo,0.4505202498183652,4
0504510000000000090208,Apartadó,0.4575284977497623,2
0504510000000000020610,Apartadó,0.6096892290153387,3
0583710000000000030732,Turbo,0.39868435892677523,4
0504520030201800010101,Apartadó,0.19083166538808316,1
0504510000000000010511,Apartadó,0.7024353100611666,4
0504510000000000100233,Apartadó,0.34297761349605227,2
0583710000000000010142,Turbo,0.5263291848248165,5
0583710000000000010113,Turbo,0.6840544998004711,5
0583710000000000010143,Turbo,0.5112902061101421,4
0504510000000000050106,Apartadó,0.7891206623008475,4
0583710000000000010301,Turbo,0.5855311270481385,5
0583710000000000020705,Turbo,0.6546675465773291,5
0583710000000000010238,Turbo,0.5830801777964252,5
0504510000000000010720,Apartadó,0.059901891552844456,1
0583710000000000010428,Turbo,0.46291787308098353,4
0583710000000000010224,Turbo,0.47219038712798317,4
0504510000000000060106,Apartadó,0.8834606101337389,5
0504510000000000070125,Apartadó,0.8151779202882342,5
0504510000000000080414,Apartadó,0.4438839691817344,2
0504510000000000070320,Apartadó,0.9503692329713541,5
0583710000000000020326,Turbo,0.6718996616809386,5
0583710000000000030311,Turbo,0.6028119966992718,5
0504510000000000090116,Apartadó,0.6134747659881135,3
0504510000000000100340,Apartadó,0.11092633631688996,1
0504510000000000070220,Apartadó,0.9377177058518953,5
0583710000000000020308,Turbo,0.6341397487794338,5
0504510000000000020108,Apartadó,0.7636803551848172,4
0583710000000000040148,Turbo,0.5964493375814225,5
0504510000000000070737,Apartadó,0.6930702516473738,4
0583710000000000050401,Turbo,0.20754066830052212,1
0583710000000000040142,Turbo,0.567619971912139,5
0504510000000000090510,Apartadó,0.44864581275460086,2
0583710000000000030318,Turbo,0.6971422629431928,5
0504510000000000060101,Apartadó,0.9015375631200749,5
0583710000000000020901,Turbo,0.4287630956809361,4
0583710000000000030422,Turbo,0.46652844148020556,4
0583710000000000020309,Turbo,0.6082712697182899,5
0504510000000000050308,Apartadó,0.5886533153631159,3
0504510000000000070422,Apartadó,0.9294972567805421,5
0504510000000000090332,Apartadó,0.501577830808807,3
0583710000000000040144,Turbo,0.5034714739095679,4
0583710000000000030229,Turbo,0.4413008462332949,4
0583710000000000040132,Turbo,0.2963686619321243,2
0583710000000000050409,Turbo,0.40436591771815983,4
0504510000000000040410,Apartadó,0.5408800851290283,3
0583710000000000010509,Turbo,0.6957077662885895,5
0504510000000000100219,Apartadó,0.36887960284473215,2
0504510000000000070302,Apartadó,0.9557118079724358,5
0504510000000000060634,Apartadó,0.7103695140310458,4
0514720011200300010116,Carepa,0.08693828331029291,1
0514720010400400010105,Carepa,0.3037514196180513,1
0514720010400400010121,Carepa,0.2778403199224313,1
0514720010400500010114,Carepa,0.33512783867204976,3
0514720010800600010103,Carepa,0.3522482524399194,4
0514720010800600010116,Carepa,0.07270482785110892,1
0514720010400800010103,Carepa,0.3683041989460653,5
0514720010400800010107,Carepa,0.33681534950944436,3
0514720010400800010113,Carepa,0.05379317467706136,1
0514720010801200010106,Carepa,0.3518409881754613,4
0514720010601400010115,Carepa,0.3539112835794857,5
0504520020301700010106,Apartadó,0.32996891015460766,1
0505120020301700010103,Arboletes,0.2991261136649533,2
0566520040701400010105,San Pedro de Urabá,0.1717534380767967,1
0504520020301700010101,Apartadó,0.10710545013517957,1
0566520040701400010108,San Pedro de Urabá,0.23320784388051882,2
0504510000000000050115,Apartadó,0.7016674790955965,4
0504510000000000040504,Apartadó,0.5912673795970572,3
0583710000000000010504,Turbo,0.6797558892296748,5
0504510000000000010327,Apartadó,0.6366689570475413,3
0583710000000000010707,Turbo,0.4108270250495534,4
0504510000000000020423,Apartadó,0.803532379008252,5
0504510000000000040709,Apartadó,0.4552788029374146,2
0504510000000000050222,Apartadó,0.6751738745776222,4
0504510000000000100339,Apartadó,0.39062269048766807,2
0504510000000000100229,Apartadó,0.35277601354323335,2
0583710000000000050410,Turbo,0.41388777129590143,4
0504510000000000080221,Apartadó,0.5613067372049363,3
0583710000000000020325,Turbo,0.45227802547305573,4
0504510000000000070611,Apartadó,0.7692611435457822,4
0504510000000000060423,Apartadó,0.9198776917041668,5
0583710000000000040214,Turbo,0.5713314329982339,5
0504510000000000070711,Apartadó,0.748391413744773,4
0583710000000000050517,Turbo,0.3829345291313139,4
0583710000000000050128,Turbo,0.3917549821721302,4
0583710000000000040118,Turbo,0.5926111414314813,5
0504510000000000070440,Apartadó,0.9746739540168174,5
0583710000000000050304,Turbo,0.4097158242543515,4
0504510000000000030307,Apartadó,0.8075292156324627,5
0583710000000000030816,Turbo,0.4035528255987244,4
0504510000000000070126,Apartadó,0.7796008870052176,4
0583710000000000010210,Turbo,0.6792309931823308,5
0583710000000000030730,Turbo,0.44429809058976805,4
0583710000000000050225,Turbo,0.381727211839329,4
0504510000000000060412,Apartadó,0.8487339925826846,5
0583720090104100010102,Turbo,0.3127714353495848,2
0504510000000000080511,Apartadó,0.3678309793397858,2
0504510000000000020541,Apartadó,0.7131704034847383,4
0583710000000000010731,Turbo,0.5212731729910735,5
0583710000000000030807,Turbo,0.41233050552409484,4
0583710000000000020811,Turbo,0.08634710925635113,1
0583710000000000030410,Turbo,0.6197156195505622,5
0504510000000000100610,Apartadó,0.36196059654267954,2
0504510000000000030409,Apartadó,0.6159192198747423,3
0583710000000000040146,Turbo,0.5645574081505007,5
0504510000000000090502,Apartadó,0.16644612265163966,1
0504510000000000030405,Apartadó,0.6510694700106446,4
0504510000000000020615,Apartadó,0.6030135109727262,3
0504510000000000100205,Apartadó,0.3250110521014997,1
0504510000000000030509,Apartadó,0.9012548888034355,5
0504510000000000050402,Apartadó,0.671645996716039,4
0504510000000000020544,Apartadó,0.6457655654456645,4
0504510000000000020213,Apartadó,0.7117001734346046,4
0504510000000000070116,Apartadó,0.8696962984342493,5
0583710000000000030811,Turbo,0.33493712341177695,3
0583710000000000040708,Turbo,0.5752591824276998,5
0504510000000000090504,Apartadó,0.4626585288748565,2
0504510000000000020206,Apartadó,0.9512673763332401,5
0583710000000000050133,Turbo,0.3749443411645405,4
0583710000000000040732,Turbo,0.3384814014971576,3
0504510000000000070607,Apartadó,0.7690639827855545,4
0504510000000000060611,Apartadó,0.6848741201431615,4
0583710000000000020318,Turbo,0.6689745214382052,5
0504510000000000020620,Apartadó,0.6131465041479078,3
0504510000000000090209,Apartadó,0.47929995206270853,3
0583710000000000030324,Turbo,0.4798425454427895,4
0583710000000000030724,Turbo,0.3794717753276586,4
0504510000000000080614,Apartadó,0.3515791062522208,2
0504510000000000040414,Apartadó,0.5738534785648876,3
0504510000000000040611,Apartadó,0.45402765686014585,2
0583710000000000020207,Turbo,0.6876217229427282,5
0504510000000000080214,Apartadó,0.5815604142240569,3
0504510000000000060511,Apartadó,0.8003513358531894,5
0504510000000000090111,Apartadó,0.6173821534791127,3
0504510000000000100133,Apartadó,0.4083155991079974,2
0583710000000000050507,Turbo,0.36813138848946586,4
0504510000000000040705,Apartadó,0.4297125239461536,2
0504510000000000090214,Apartadó,0.6219639213012663,3
0583710000000000040165,Turbo,0.12783846755813197,1
0504510000000000080613,Apartadó,0.35558432200786305,2
0504510000000000020408,Apartadó,0.7807043944679497,4
0504510000000000040616,Apartadó,0.45695133463347,2
0583710000000000030432,Turbo,0.551112289525479,5
0504510000000000070733,Apartadó,0.6085299724449528,3
0583710000000000030518,Turbo,0.537421105326321,5
0504510000000000070114,Apartadó,0.8264856765584665,5
0504510000000000070111,Apartadó,0.830828647546967,5
0504510000000000030305,Apartadó,0.8840012196207797,5
0583710000000000020507,Turbo,0.6623272440402649,5
0583710000000000010613,Turbo,0.6631688316591307,5
0583710000000000010438,Turbo,0.5619344015995732,5
0504510000000000020553,Apartadó,0.3732484807957829,2
0504510000000000080628,Apartadó,0.32160300306865475,1
0583710000000000020306,Turbo,0.6243818562922594,5
0504520030201800010112,Apartadó,0.0,1
0583710000000000010118,Turbo,0.5372419800084286,5
0583710000000000010135,Turbo,0.5521979108993355,5
0514720010400400010111,Carepa,0.3441635178945655,4
0514720010400400010113,Carepa,0.36866934830132786,5
0514720010400500010109,Carepa,0.3559103398676851,5
0514720010400500010130,Carepa,0.3109021831807075,2
0514720010800600010112,Carepa,0.31381730718384865,2
0514720010501100010103,Carepa,0.3420417933740392,3
0583720200100700010102,Turbo,0.20171279361831843,1
0583710000000000030721,Turbo,0.44525363924121325,4
0583710000000000030205,Turbo,0.487799694770873,4
0583710000000000040719,Turbo,0.560636563110139,5
0583710000000000030819,Turbo,0.3692895575684697,4
0504510000000000040119,Apartadó,0.6090896115346095,3
0583710000000000050115,Turbo,0.1994817539529316,1
0583710000000000040128,Turbo,0.3602066674016499,4
0583710000000000040728,Turbo,0.4291484841177119,4
0504520010201000010112,Apartadó,0.19641174961250443,1
0583710000000000030320,Turbo,0.6941228045289456,5
0504510000000000050504,Apartadó,0.7974277316647929,5
0504510000000000060804,Apartadó,0.9323390253987682,5
0504510000000000020523,Apartadó,0.7548107237837479,4
0504510000000000060518,Apartadó,0.8374906953245758,5
0504510000000000020602,Apartadó,0.5870201319977509,3
0583710000000000030429,Turbo,0.4614582096781903,4
0504510000000000040505,Apartadó,0.5899038957236162,3
0504520030201800010106,Apartadó,0.3443640063848277,2
0504510000000000100507,Apartadó,0.25256746784542045,1
0583710000000000040117,Turbo,0.5707170380321664,5
0504510000000000010626,Apartadó,0.01907052719772173,1
0504510000000000060209,Apartadó,0.8770282539331145,5
0504520010201000010105,Apartadó,0.09816215200063604,1
0504510000000000090303,Apartadó,0.45343872522449674,2
0504510000000000030601,Apartadó,0.9184130454748434,5
0504510000000000060119,Apartadó,0.9124876007073889,5
0583710000000000040529,Turbo,0.36955543595556706,4
0504510000000000080607,Apartadó,0.35784690989436213,2
0504510000000000030215,Apartadó,0.6925079453683395,4
0504510000000000090301,Apartadó,0.4562633343647935,2
0583710000000000050503,Turbo,0.4090284548018663,4
0583710000000000010208,Turbo,0.662702168349462,5
0504510000000000010319,Apartadó,0.7276806775661,4
0583710000000000010107,Turbo,0.6791409993432244,5
0583710000000000050211,Turbo,0.3675143994232595,4
0583710000000000050108,Turbo,0.1852768498386365,1
0504510000000000050506,Apartadó,0.7952914328164663,4
0504510000000000040131,Apartadó,0.6575874638601565,4
0504510000000000010622,Apartadó,0.1608176074731907,1
0504510000000000030607,Apartadó,0.9337627823809864,5
0504510000000000070213,Apartadó,0.9290836471753001,5
0583710000000000030606,Turbo,0.46460833847577027,4
0504510000000000050321,Apartadó,0.6625247099152718,4
0583710000000000030503,Turbo,0.692875003489727,5
0504520010201000010102,Apartadó,0.14251821072373805,1
0504510000000000050408,Apartadó,0.6611892562175326,4
0583710000000000020118,Turbo,0.5085269038264344,4
0504510000000000080108,Apartadó,0.5652644260883479,3
0504510000000000020102,Apartadó,0.5373536886004955,3
0583710000000000030528,Turbo,0.6388882708002912,5
0583710000000000020411,Turbo,0.6420027936721061,5
0583710000000000010111,Turbo,0.6902195288232731,5
0504510000000000090325,Apartadó,0.4732564910855581,3
0504510000000000010308,Apartadó,0.7519803516120427,4
0504510000000000070526,Apartadó,0.7721284098588647,4
0504510000000000090110,Apartadó,0.6031585230343365,3
0504510000000000010706,Apartadó,0.2926400172666367,1
0583710000000000010236,Turbo,0.7338328941834436,5
0583710000000000010619,Turbo,0.6792227549478452,5
0504510000000000080223,Apartadó,0.4692582018218356,3
0583710000000000030635,Turbo,0.48310432222619815,4
0504510000000000020409,Apartadó,0.7176323312076311,4
0504510000000000030618,Apartadó,0.9707482425396401,5
0504510000000000100239,Apartadó,0.34424257430341115,2
0504510000000000030222,Apartadó,0.6301199765796442,3
0583710000000000010112,Turbo,0.683071378462399,5
0583710000000000050109,Turbo,0.3764051532111644,4
0504510000000000010326,Apartadó,0.8334094038413825,5
0583710000000000050509,Turbo,0.4160363951655394,4
0583710000000000020709,Turbo,0.6237900496346906,5
0583710000000000040701,Turbo,0.3906566161568684,4
0583710000000000010115,Turbo,0.5499934172861404,5
0583710000000000050212,Turbo,0.37714894718289815,4
0504510000000000010423,Apartadó,0.6314123398054738,3
0583710000000000010413,Turbo,0.4266621015092469,4
0504510000000000030605,Apartadó,0.919326461484957,5
0504510000000000050515,Apartadó,0.7909765874503473,4
0583710000000000030723,Turbo,0.4127544916344088,4
0504510000000000010217,Apartadó,0.7642756705431714,4
0504510000000000040520,Apartadó,0.4436423225054271,2
0504510000000000030321,Apartadó,0.5550985922518843,3
0504510000000000090322,Apartadó,0.4716114529320156,3
0504510000000000070714,Apartadó,0.7842399591812741,4
0583710000000000030737,Turbo,0.4722868311319158,4
0504510000000000030318,Apartadó,0.7280848100651718,4
0504510000000000070609,Apartadó,0.7658740529439004,4
0583710000000000020804,Turbo,0.36666545791067845,4
0583710000000000020109,Turbo,0.5602755420156152,5
0504510000000000040116,Apartadó,0.6193918886897044,3
0583710000000000010624,Turbo,0.19077008021089747,1
0583710000000000050208,Turbo,0.38383377887260567,4
0504510000000000080513,Apartadó,0.4131708195115715,2
0504510000000000050409,Apartadó,0.6874016966728733,4
0583710000000000040303,Turbo,0.7175740833913764,5
0504510000000000010506,Apartadó,0.6080970355741473,3
0504510000000000010314,Apartadó,0.7561012627653736,4
0504510000000000100121,Apartadó,0.4213445444767376,2
0583710000000000050408,Turbo,0.40190822947936217,4
0583710000000000010307,Turbo,0.6209812666566212,5
0583710000000000010727,Turbo,0.5173127177876045,5
0504510000000000050212,Apartadó,0.6729531464759657,4
0504510000000000020418,Apartadó,0.7195010629046585,4
0583710000000000020711,Turbo,0.6348383914231791,5
0504510000000000040629,Apartadó,0.320797411297707,1
0504510000000000010402,Apartadó,0.5546768620781164,3
0504510000000000060115,Apartadó,0.8891153901952565,5
0583710000000000030620,Turbo,0.4890166714084968,4
0504510000000000020217,Apartadó,0.8515372903329951,5
0504510000000000080123,Apartadó,0.6272737235015713,3
0504510000000000030326,Apartadó,0.8947050322938239,5
0504510000000000030419,Apartadó,0.48447255553584223,3
0583710000000000030221,Turbo,0.1665434802109716,1
0504510000000000040409,Apartadó,0.489719068780277,3
0583710000000000040202,Turbo,0.49902786882272937,4
0504510000000000060617,Apartadó,0.7167044274247875,4
0583710000000000020312,Turbo,0.6612548112035925,5
0583710000000000030419,Turbo,0.6090960103494022,5
0583710000000000030619,Turbo,0.4834274092092886,4
0504510000000000100216,Apartadó,0.32426968504901565,1
0583710000000000030418,Turbo,0.4827706594821131,4
0583710000000000020607,Turbo,0.6756566995792127,5
0583710000000000030630,Turbo,0.38985889049093286,4
0583710000000000030403,Turbo,0.6226248420982993,5
0504510000000000010135,Apartadó,0.5985311973991423,3
0504510000000000020547,Apartadó,0.28044213362997206,1
0504510000000000050413,Apartadó,0.6608096614218639,4
0504510000000000080307,Apartadó,0.4244698858286643,2
0504510000000000090213,Apartadó,0.6389425075235364,3
0504510000000000020306,Apartadó,0.809468506664182,5
0504510000000000020546,Apartadó,0.7514537181658442,4
0583710000000000020510,Turbo,0.5620283613246487,5
0504510000000000060624,Apartadó,0.733967287155232,4
0583710000000000040127,Turbo,0.13529423218064549,1
0504510000000000050410,Apartadó,0.6601173983165831,4
0504510000000000050320,Apartadó,0.628447283148291,3
0583710000000000050222,Turbo,0.3659828077266475,4
0583710000000000030524,Turbo,0.6993351203820286,5
0504510000000000030532,Apartadó,0.9021263122574508,5
0583710000000000030442,Turbo,0.6653452919016215,5
0583710000000000030307,Turbo,0.49815910336407715,4
0504510000000000100320,Apartadó,0.4146506359443197,2
0504510000000000020309,Apartadó,0.899729641790274,5
0504510000000000040215,Apartadó,0.5883158828541958,3
0504510000000000090210,Apartadó,0.49495679470850124,3
0504510000000000080206,Apartadó,0.5176860791275981,3
0583710000000000030423,Turbo,0.6335609023452713,5
0583710000000000040157,Turbo,0.5683182889596696,5
0504510000000000030314,Apartadó,0.8201681764254409,5
0504510000000000100221,Apartadó,0.37564026439611087,2
0504510000000000050215,Apartadó,0.6966216799211783,4
0583710000000000050134,Turbo,0.4249828166019605,4
0504510000000000020531,Apartadó,0.7493172953940945,4
0583710000000000030438,Turbo,0.5488668088504123,5
0504510000000000070404,Apartadó,0.9172096205769119,5
0504510000000000050519,Apartadó,0.6216716488750038,3
0583710000000000010436,Turbo,0.5428241477586692,5
0504510000000000100316,Apartadó,0.4327292475670957,2
0583710000000000040731,Turbo,0.36899908932846753,4
0583710000000000040520,Turbo,0.5690534624068863,5
0504510000000000040209,Apartadó,0.4513572387891007,2
0583720090104100010303,Turbo,0.24908707697962817,1
0504510000000000030408,Apartadó,0.6259109436050861,3
0504510000000000060514,Apartadó,0.818181019255161,5
0504510000000000020107,Apartadó,0.7517490242371417,4
0504510000000000090206,Apartadó,0.4604098136373613,2
0504510000000000090409,Apartadó,0.4783584775237562,3
0504510000000000070734,Apartadó,0.7538069731936019,4
0504510000000000060114,Apartadó,0.910435544671491,5
0504510000000000020411,Apartadó,0.7803055346095708,4
0583710000000000010447,Turbo,0.5466562843699333,5
0583710000000000020316,Turbo,0.4814647954773047,4
0504510000000000100409,Apartadó,0.27850090297003477,1
0583710000000000010728,Turbo,0.5131419801764799,4
0504510000000000040628,Apartadó,0.4558275931338974,2
0504510000000000050304,Apartadó,0.6186048144115646,3
0583710000000000040143,Turbo,0.5737847713284093,5
0504510000000000060517,Apartadó,0.7664045903788899,4
0504510000000000030511,Apartadó,0.9654094181202175,5
0504510000000000030328,Apartadó,0.8162046962938143,5
0504510000000000070305,Apartadó,0.9544591371009654,5
0504510000000000090118,Apartadó,0.6040157935532223,3
0583720090104100010205,Turbo,0.31673137747823127,2
0504510000000000080626,Apartadó,0.1761342665787536,1
0504510000000000020109,Apartadó,0.7964376251723189,5
0583710000000000040715,Turbo,0.5526595677255532,5
0583710000000000040761,Turbo,0.4637049889897494,4
0583710000000000020108,Turbo,0.59166254586485,5
0583710000000000020208,Turbo,0.6918888655911208,5
0583710000000000040102,Turbo,0.6341130523117129,5
0583710000000000030515,Turbo,0.547617030978781,5
0504510000000000010609,Apartadó,0.35502520792234776,2
0504510000000000020424,Apartadó,0.7952717035045042,4
0583710000000000020402,Turbo,0.6858668433896485,5
0504510000000000100119,Apartadó,0.40078173198012423,2
0583710000000000050110,Turbo,0.38278076124845273,4
0504510000000000040511,Apartadó,0.5675294780245121,3
0504510000000000060408,Apartadó,0.865155264981819,5
0504510000000000040312,Apartadó,0.4400711018567843,2
0504510000000000080601,Apartadó,0.35815615614849894,2
0583710000000000040138,Turbo,0.13118307270039076,1
0504510000000000010516,Apartadó,0.858421134668214,5
0514720011200300010104,Carepa,0.1405975517131193,1
0514720011200300010108,Carepa,0.2875420007291994,1
0514720010400500010101,Carepa,0.33761512599924615,3
0514720010400500010113,Carepa,0.30535213641628417,1
0514720010400500010129,Carepa,0.30535178706528127,1
0514720010400500010123,Carepa,0.335394600483138,3
0514720010400800010112,Carepa,0.3497283358755663,4
0514720010501100010104,Carepa,0.3384586673181634,3
0514720010501100010108,Carepa,0.36504413036837213,5
0514720010801200010101,Carepa,0.3433510961738229,3
0583720200100700010108,Turbo,0.29938932851984656,2
0565920020600700010102,San Juan de Urabá,0.3318656566483142,4
0505120040101900010103,Arboletes,0.26160498380765584,2
0566520040701400010107,San Pedro de Urabá,0.31519569092298577,3
0565920010400800010108,San Juan de Urabá,0.0,1
0566520040701400010103,San Pedro de Urabá,0.20965800700777001,2
0504510000000000100120,Apartadó,0.40092221967214964,2
0583710000000000030716,Turbo,0.40855525315187013,4
0504510000000000070520,Apartadó,0.73250807402971,4
0504510000000000060113,Apartadó,0.913668245528458,5
0504510000000000040627,Apartadó,0.47051592862695213,3
0583710000000000040307,Turbo,0.5056841260560878,4
0583710000000000050206,Turbo,0.4159662786544211,4
0583710000000000020302,Turbo,0.6375011427168641,5
0504510000000000050210,Apartadó,0.6786594243573364,4
0583710000000000010718,Turbo,0.2553934196683962,1
0504510000000000010125,Apartadó,0.4846802566290835,3
0504510000000000100302,Apartadó,0.4808480564585334,3
0504510000000000020211,Apartadó,0.7366460595473613,4
0504510000000000040515,Apartadó,0.419551842201136,2
0504510000000000040501,Apartadó,0.604860264275025,3
0583710000000000050135,Turbo,0.41225902371236134,4
0504510000000000060327,Apartadó,0.935906266963958,5
0504510000000000050301,Apartadó,0.5786683125689128,3
0583710000000000010305,Turbo,0.5535005104804871,5
0583710000000000020714,Turbo,0.43706775849922325,4
0504510000000000010214,Apartadó,0.5802788356260669,3
0583710000000000050210,Turbo,0.36724680674832144,4
0504510000000000080110,Apartadó,0.7579297777649534,4
0583710000000000050526,Turbo,0.40470286480660816,4
0583710000000000040718,Turbo,0.5371138983997613,5
0504510000000000030118,Apartadó,0.8886969363714089,5
0583710000000000010229,Turbo,0.45233266866426897,4
0504520010201000010110,Apartadó,0.0820860289252962,1
0583710000000000040503,Turbo,0.5264166429096081,5
0504510000000000060631,Apartadó,0.7149649178440275,4
0504510000000000090217,Apartadó,0.49409940464156804,3
0504510000000000020226,Apartadó,0.8535914910078907,5
0583710000000000050412,Turbo,0.20708995606993974,1
0583710000000000050520,Turbo,0.3881441024978748,4
0583710000000000050524,Turbo,0.40700603082948655,4
0583710000000000030224,Turbo,0.45627694021328785,4
0504510000000000020519,Apartadó,0.7295442848151136,4
0504510000000000040117,Apartadó,0.5937694895750348,3
0583710000000000030232,Turbo,0.352762824714146,3
0504510000000000080605,Apartadó,0.35705993731489666,2
0504510000000000060330,Apartadó,0.9827948022054458,5
0583710000000000030222,Turbo,0.49301967212533754,4
0583710000000000030309,Turbo,0.39056607194339915,4
0504510000000000040218,Apartadó,0.5952733449711448,3
0583710000000000010317,Turbo,0.6853013463278883,5
0504510000000000040307,Apartadó,0.46337447939035026,2
0583710000000000020907,Turbo,0.4578025094454617,4
0504510000000000030406,Apartadó,0.6614138488559936,4
0504510000000000030526,Apartadó,0.9598839310683808,5
0504510000000000100136,Apartadó,0.4056237760705025,2
0504510000000000100506,Apartadó,0.19855213550099052,1
0504510000000000030504,Apartadó,0.908665289547337,5
0583710000000000010101,Turbo,0.6594945801913783,5
0583710000000000020304,Turbo,0.6276563567325827,5
0504510000000000040137,Apartadó,0.6623239683737083,4
0504510000000000030416,Apartadó,0.4918797313655248,3
0504510000000000040404,Apartadó,0.4565860126110961,2
0566510000000000010539,San Pedro de Urabá,0.3082072756938305,3
0583710000000000030513,Turbo,0.6928327838392813,5
0504510000000000100132,Apartadó,0.4118856531525527,2
0504510000000000020412,Apartadó,0.718756588098426,4
0504510000000000080222,Apartadó,0.5559380973349531,3
0504510000000000030401,Apartadó,0.6707185127865626,4
0583710000000000030720,Turbo,0.44802030662280606,4
0504510000000000080630,Apartadó,0.33959141345690486,2
0583710000000000030702,Turbo,0.4222150051536142,4
0583710000000000020301,Turbo,0.5836167069504988,5
0504510000000000050219,Apartadó,0.6758483440904287,4
0504510000000000010411,Apartadó,0.6330566527450401,3
0583710000000000020814,Turbo,0.11243664993656767,1
0583710000000000020908,Turbo,0.2913756895805874,2
0583710000000000050519,Turbo,0.38133275045517834,4
0504510000000000030417,Apartadó,0.5580404231087965,3
0583710000000000010109,Turbo,0.6809807188887195,5
0504510000000000010703,Apartadó,0.26695066216027813,1
0504510000000000090403,Apartadó,0.45733178020362997,2
0504510000000000020628,Apartadó,0.5816658621560297,3
0504510000000000090407,Apartadó,0.4750132528862965,3
0583710000000000030206,Turbo,0.48343786300385194,4
0504510000000000030515,Apartadó,0.914424217297538,5
0583710000000000030637,Turbo,0.29783185293674974,2
0504510000000000010702,Apartadó,0.263844879903628,1
0504510000000000070306,Apartadó,0.950088258397926,5
0583710000000000040704,Turbo,0.44557718950090885,4
0504510000000000070127,Apartadó,0.8298673545653859,5
0504520030201800010111,Apartadó,0.19899725675487206,1
0504510000000000030415,Apartadó,0.5663145984744196,3
0504510000000000100307,Apartadó,0.47191177912606375,3
0504510000000000060104,Apartadó,0.8639809689702148,5
0504510000000000040211,Apartadó,0.4494459840317047,2
0583710000000000050301,Turbo,0.29629565311082157,2
0583710000000000050510,Turbo,0.42238431147649,4
0583710000000000030110,Turbo,0.5017208714778919,4
0504510000000000010718,Apartadó,0.026596660610809533,1
0504510000000000070625,Apartadó,0.782753787092925,4
0583710000000000030106,Turbo,0.6230178368693603,5
0583710000000000040415,Turbo,0.5605830393075638,5
0583710000000000040123,Turbo,0.5235026744667841,5
0583710000000000010235,Turbo,0.5580062524287749,5
0583710000000000040167,Turbo,0.5029573786733962,4
0583710000000000040506,Turbo,0.5030344116457544,4
0514720011200300010123,Carepa,0.34186172250969404,3
0514720010400400010115,Carepa,0.34967166674958833,4
0514720010800600010107,Carepa,0.33706711274397233,3
0514720010800600010115,Carepa,0.28112260453214827,1
0514720010501100010105,Carepa,0.34280058607714964,3
0514720010601400010104,Carepa,0.3367657766289834,3
0505120020301700010102,Arboletes,0.31600953724937514,2
0504520020301700010110,Apartadó,0.30049223241697537,1
0583720200100700010106,Turbo,0.23777943375634059,1
0583720050403300010103,Turbo,0.2973735711491629,2
0565920020600700010104,San Juan de Urabá,0.24665643160932682,2
0504510000000000030308,Apartadó,0.8725728802130818,5
0504510000000000020618,Apartadó,0.6002447069394886,3
0504510000000000060513,Apartadó,0.890161833698634,5
0504510000000000070722,Apartadó,0.7152909982003542,4
0504510000000000020314,Apartadó,0.8331355910104281,5
0504510000000000020505,Apartadó,0.6951368754333541,4
0504510000000000020522,Apartadó,0.7536320189780363,4
0504510000000000030219,Apartadó,0.7400122894249852,4
0504510000000000070224,Apartadó,0.6245118639874492,3
0504510000000000020540,Apartadó,0.3309445269141706,1
0504510000000000060805,Apartadó,0.9212053560540255,5
0504510000000000040605,Apartadó,0.48761972363844847,3
0504510000000000020401,Apartadó,0.7409249772426898,4
0504510000000000060305,Apartadó,0.8777496359477562,5
0504510000000000040742,Apartadó,0.4468457256187508,2
0504510000000000030119,Apartadó,0.860329997206339,5
0504510000000000010318,Apartadó,0.7142869275595404,4
0504510000000000080114,Apartadó,0.8350023337636193,5
0583710000000000050136,Turbo,0.3001475671490631,2
0504510000000000020606,Apartadó,0.7565834131413313,4
0504510000000000100614,Apartadó,0.32998432852879145,1
0583710000000000040524,Turbo,0.5590521851023285,5
0504510000000000070632,Apartadó,0.7816715195791978,4
0504510000000000040635,Apartadó,0.47702344270474467,3
0504510000000000070715,Apartadó,0.7918616430530419,4
0504510000000000020537,Apartadó,0.4026365919573216,2
0504510000000000040509,Apartadó,0.4141405811926538,2
0504510000000000010719,Apartadó,0.2946632800516985,1
0504510000000000040118,Apartadó,0.5866858411611301,3
0583710000000000010209,Turbo,0.600221820161265,5
0504510000000000070209,Apartadó,0.9483312013431064,5
0583710000000000040209,Turbo,0.6743339248826805,5
0504510000000000080119,Apartadó,0.7790389561393877,4
0583710000000000010207,Turbo,0.613860358446399,5
0504510000000000040613,Apartadó,0.463669587400853,2
0504510000000000020425,Apartadó,0.7924765204006414,4
0504510000000000070218,Apartadó,0.9368339711545065,5
0583710000000000020603,Turbo,0.6141463001803636,5
0504510000000000050108,Apartadó,0.7790578318398419,4
0504510000000000050518,Apartadó,0.7943918714714296,4
0504510000000000070717,Apartadó,0.789092805492918,4
0583710000000000030404,Turbo,0.5027093238446707,4
0504510000000000030221,Apartadó,0.6696606432551618,4
0504510000000000080506,Apartadó,0.28320702576717793,1
0504510000000000060328,Apartadó,0.9051964740151993,5
0583710000000000030815,Turbo,0.38869154687197754,4
0504510000000000010628,Apartadó,0.30556789553091346,1
0504510000000000080411,Apartadó,0.4238044268004818,2
0504510000000000080127,Apartadó,0.38591330732056334,2
0504510000000000030223,Apartadó,0.8038011845683811,5
0583710000000000040407,Turbo,0.6121178792838328,5
0504510000000000060301,Apartadó,0.745341665790723,4
0504510000000000030108,Apartadó,0.8466477782227316,5
0583710000000000040531,Turbo,0.5888801076609004,5
0583710000000000030509,Turbo,0.6945601945545674,5
0504510000000000030402,Apartadó,0.712675913808631,4
0504510000000000070704,Apartadó,0.7605813241147471,4
0504510000000000020627,Apartadó,0.631375303451578,3
0583710000000000030516,Turbo,0.5537402017116277,5
0583710000000000020321,Turbo,0.657196419477152,5
0504510000000000040122,Apartadó,0.6105512411538276,3
0504510000000000060325,Apartadó,0.8824141709992677,5
0504510000000000020103,Apartadó,0.7223627806204453,4
0583710000000000010724,Turbo,0.5312038911143556,5
0504510000000000010713,Apartadó,0.19086500472535922,1
0504510000000000070226,Apartadó,0.8432518594249505,5
0583710000000000030827,Turbo,0.25301624216874735,1
0504510000000000030225,Apartadó,0.7381286129091894,4
0504510000000000090410,Apartadó,0.4782167366712595,3
0583710000000000050104,Turbo,0.37897514637704943,4
0504510000000000030616,Apartadó,0.97466944987479,5
0583710000000000040760,Turbo,0.6370743001301725,5
0583710000000000010518,Turbo,0.6801070357838418,5
0504510000000000080410,Apartadó,0.40150942969613856,2
0504510000000000080617,Apartadó,0.34814990804662066,2
0504510000000000100501,Apartadó,0.057083662546439436,1
0583710000000000040130,Turbo,0.13597597062851616,1
0504510000000000010137,Apartadó,0.5697617503486708,3
0583710000000000010511,Turbo,0.5750731639080044,5
0583710000000000040753,Turbo,0.31893597558121,2
0504510000000000050218,Apartadó,0.6810066007214985,4
0583710000000000030825,Turbo,0.37331538105177603,4
0504510000000000040726,Apartadó,0.6127296049741014,3
0504510000000000050418,Apartadó,0.606658285763386,3
0504510000000000050208,Apartadó,0.6880903994910647,4
0583710000000000040210,Turbo,0.3355883049932421,3
0583710000000000030108,Turbo,0.3556105417468364,3
0583710000000000010703,Turbo,0.4052300530548334,4
0504510000000000010304,Apartadó,0.7158693163376036,4
0504510000000000080216,Apartadó,0.5585256555680562,3
0583710000000000010510,Turbo,0.6026955445873878,5
0504510000000000030707,Apartadó,0.7237988379359175,4
0504510000000000100203,Apartadó,0.3320688889267528,1
0504510000000000100322,Apartadó,0.424180205189029,2
0504510000000000070130,Apartadó,0.7895706926259336,4
0504510000000000040212,Apartadó,0.622385408488401,3
0504510000000000070313,Apartadó,0.951425080511407,5
0504510000000000010708,Apartadó,0.23712905301343468,1
0583710000000000010427,Turbo,0.4911682650840222,4
0583710000000000010713,Turbo,0.48063646778718255,4
0504510000000000030521,Apartadó,0.9201066494203994,5
0504510000000000020111,Apartadó,0.7039874005091622,4
0583710000000000020117,Turbo,0.6423618163933238,5
0504510000000000040321,Apartadó,0.4276937118846234,2
0504510000000000100105,Apartadó,0.42508346008053277,2
0504510000000000040514,Apartadó,0.1599529575048763,1
0504510000000000070615,Apartadó,0.7749950626650284,4
0504510000000000040706,Apartadó,0.45446360606881275,2
0583710000000000010102,Turbo,0.6871481645624917,5
0504510000000000030523,Apartadó,0.9040986567893636,5
0504510000000000090312,Apartadó,0.4713303868209228,3
0583710000000000010704,Turbo,0.37878737367776216,4
0583710000000000010401,Turbo,0.5395766409726616,5
0583710000000000010601,Turbo,0.5144457611425308,4
0583710000000000010623,Turbo,0.4732698057171267,4
0504510000000000040120,Apartadó,0.6095393963575978,3
0504510000000000050120,Apartadó,0.69215222969009,4
0504510000000000100210,Apartadó,0.35465917191128365,2
0504510000000000080210,Apartadó,0.5529704028822953,3
0504510000000000070527,Apartadó,0.751762815862847,4
0504510000000000020551,Apartadó,0.31320555797731536,1
0583710000000000010620,Turbo,0.6749834342898988,5
0504510000000000010412,Apartadó,0.5910122257077197,3
0583710000000000010717,Turbo,0.5495996642622117,5
0504510000000000030531,Apartadó,0.9603029944290098,5
0583710000000000050209,Turbo,0.3696063989291197,4
0504510000000000040508,Apartadó,0.4074783504420448,2
0583710000000000030616,Turbo,0.46570351106980845,4
0504510000000000040608,Apartadó,0.4468452738324655,2
0504510000000000100126,Apartadó,0.36427283422251455,2
0583710000000000050522,Turbo,0.4096322236502334,4
0583710000000000010512,Turbo,0.6793345757634262,5
0504510000000000080115,Apartadó,0.8369417730604977,5
0504510000000000010218,Apartadó,0.7685902130500166,4
0583710000000000050306,Turbo,0.40738449036106666,4
0583710000000000040618,Turbo,0.3259553544322779,3
0583710000000000020606,Turbo,0.6702077791407809,5
0504510000000000030514,Apartadó,0.9499772838058552,5
0504510000000000080209,Apartadó,0.583584181223882,3
0504510000000000020317,Apartadó,0.7684929969947115,4
0504510000000000050101,Apartadó,0.7535477560569759,4
0504510000000000010716,Apartadó,0.32775917451340514,1
0504510000000000020308,Apartadó,0.9086402721306039,5
0504510000000000100209,Apartadó,0.32592659149393044,1
0583720090104100010204,Turbo,0.31615568162355234,2
0504510000000000070120,Apartadó,0.8481231844347825,5
0583710000000000030420,Turbo,0.5685544290429885,5
0504510000000000070618,Apartadó,0.8283581674583395,5
0504510000000000060207,Apartadó,0.8902903647015902,5
0504510000000000100407,Apartadó,0.32051280091999024,1
0504510000000000020203,Apartadó,0.8074875494674529,5
0504510000000000060302,Apartadó,0.8953029645213544,5
0504510000000000080311,Apartadó,0.33767877290550397,2
0583710000000000030405,Turbo,0.5500446908416153,5
0504510000000000030116,Apartadó,0.8308574850592454,5
0504510000000000030111,Apartadó,0.8659621379270976,5
0504510000000000060111,Apartadó,0.8857308117457238,5
0504510000000000060519,Apartadó,0.8143279692088727,5
0583710000000000020802,Turbo,0.35415189142316156,3
0583710000000000020322,Turbo,0.6604544402904249,5
0504510000000000040201,Apartadó,0.5923920669829292,3
0583710000000000030623,Turbo,0.4517178467618278,4
0504510000000000040620,Apartadó,0.49037455034326494,3
0504510000000000030112,Apartadó,0.8441955938182838,5
0504510000000000030117,Apartadó,0.8534994482584707,5
0504510000000000100608,Apartadó,0.2834888579044033,1
0583710000000000020206,Turbo,0.6333151035775306,5
0504510000000000070415,Apartadó,0.916305139143897,5
0583710000000000020103,Turbo,0.6620485096688828,5
0504510000000000070205,Apartadó,0.8784517560918218,5
0504510000000000060409,Apartadó,0.813200401423914,5
0583710000000000040754,Turbo,0.3357576821601574,3
0583710000000000050119,Turbo,0.37200933627357713,4
0583710000000000050501,Turbo,0.4063741890029035,4
0504520010201000010104,Apartadó,0.0,1
0504510000000000030202,Apartadó,0.6686181849049277,4
0583710000000000020715,Turbo,0.4643998798737249,4
0504510000000000070410,Apartadó,0.9501207623970657,5
0504510000000000040313,Apartadó,0.42085754702180594,2
0504510000000000050416,Apartadó,0.6899034438865459,4
0504510000000000060512,Apartadó,0.9027718050906391,5
0504510000000000050220,Apartadó,0.6911543540694617,4
0514720011200300010117,Carepa,0.025290441284925323,1
0514720010400400010110,Carepa,0.3311518180169914,2
0514720010400500010111,Carepa,0.3617558208077066,5
0514720010800600010108,Carepa,0.35486268366156526,5
0514720010400800010105,Carepa,0.3174666919001931,2
0514720010400800010108,Carepa,0.34814068083506056,4
0514720010400800010109,Carepa,0.35280566824333187,4
0514720010400800010110,Carepa,0.3589179462315476,5
0514720010400800010111,Carepa,0.326037929500402,2
0514720010501100010107,Carepa,0.3258827246677784,2
0514720010501100010106,Carepa,0.3556998888771751,5
0514720010801200010102,Carepa,0.3155478632382843,2
0514720010601400010111,Carepa,0.35263242084197316,4
0517220100601300010104,Chigorodó,0.33278349232912247,3
0583720200100700010105,Turbo,0.22385574104073452,1
0505120020301700010107,Arboletes,0.24280649282351105,1
0504510000000000050316,Apartadó,0.6923489270170651,4
0504510000000000050516,Apartadó,0.7916090379040415,4
0504510000000000060203,Apartadó,0.8912581698357497,5
0583710000000000020114,Turbo,0.6374043990796269,5
0504510000000000090506,Apartadó,0.4626866044719286,2
0583710000000000040727,Turbo,0.35498647121309546,3
0504510000000000010625,Apartadó,0.2477108576557728,1
0583710000000000030305,Turbo,0.4823402576619766,4
0504510000000000050502,Apartadó,0.7790299120210582,4
0504510000000000070203,Apartadó,0.7345298663412168,4
0504510000000000030702,Apartadó,0.4884821992419978,3
0504510000000000080207,Apartadó,0.5558373331231515,3
0583720090104100010107,Turbo,0.23639329993663613,1
0583710000000000030624,Turbo,0.4765335252210856,4
0504510000000000020554,Apartadó,0.4005823146496164,2
0514720011200300010110,Carepa,0.3086339821341724,2
0583710000000000020509,Turbo,0.6284403176510511,5
0504510000000000070610,Apartadó,0.7702450412004568,4
0583710000000000030210,Turbo,0.4744178243550225,4
0504510000000000070128,Apartadó,0.8158542788106745,5
0583710000000000040709,Turbo,0.5169386584284291,4
0583710000000000010729,Turbo,0.5227478378841284,5
0583710000000000020713,Turbo,0.3005214150736725,2
0504510000000000080629,Apartadó,0.36866812372425545,2
0504510000000000020616,Apartadó,0.6085226017660558,3
0504510000000000100111,Apartadó,0.4105079937871276,2
0583710000000000030315,Turbo,0.51295842727924,4
0583720090104100010123,Turbo,0.1457612869901523,1
0504510000000000040308,Apartadó,0.46418964048346256,3
0504510000000000010602,Apartadó,0.05762439822900339,1
0504510000000000100325,Apartadó,0.37298702612090107,2
0504510000000000060625,Apartadó,0.7360473631092853,4
0583710000000000040302,Turbo,0.5875014747942306,5
0504510000000000060506,Apartadó,0.6951622890931902,4
0504510000000000090308,Apartadó,0.4964336024355903,3
0504510000000000030608,Apartadó,0.9126760801167032,5
0504510000000000070630,Apartadó,0.770807032627564,4
0504510000000000020419,Apartadó,0.7034658150987806,4
0583710000000000030502,Turbo,0.693801869842099,5
0504510000000000070436,Apartadó,0.952556226404175,5
0504510000000000030316,Apartadó,0.8962827103626178,5
0504510000000000060308,Apartadó,0.9006628141837143,5
0504510000000000070108,Apartadó,0.8061889858834681,5
0504510000000000030505,Apartadó,0.8370386849754099,5
0504510000000000020106,Apartadó,0.7442020962566163,4
0504510000000000050112,Apartadó,0.6372676250390846,3
0504510000000000060502,Apartadó,0.694549316382597,4
0504510000000000020526,Apartadó,0.7783941877992306,4
0504510000000000090315,Apartadó,0.4752663677639065,3
0583710000000000010121,Turbo,0.5279023967944715,5
0504510000000000020532,Apartadó,0.7574266265391942,4
0504510000000000020407,Apartadó,0.71678420067348,4
0504510000000000060601,Apartadó,0.7349078537953847,4
0583710000000000030711,Turbo,0.42849918692797206,4
0504510000000000060413,Apartadó,0.8643534753812253,5
0504510000000000090408,Apartadó,0.47488678192338857,3
0583710000000000010726,Turbo,0.5550762373754141,5
0583710000000000040534,Turbo,0.5614371054055912,5
0504510000000000070103,Apartadó,0.8217218397943689,5
0504510000000000050514,Apartadó,0.7915663543553847,4
0583710000000000010720,Turbo,0.5189141552451061,5
0504510000000000010108,Apartadó,0.5338558039778822,3
0583710000000000030618,Turbo,0.4651543547626426,4
0504510000000000070202,Apartadó,0.9538692888525631,5
0504510000000000080316,Apartadó,0.4155998979996606,2
0504510000000000090329,Apartadó,0.4797261550628247,3
0583710000000000020406,Turbo,0.6703283786345499,5
0504510000000000090305,Apartadó,0.475280479681007,3
0504510000000000090120,Apartadó,0.6333345585641955,3
0504510000000000050206,Apartadó,0.6776193919622249,4
0583710000000000040742,Turbo,0.6023167993743164,5
0583710000000000020311,Turbo,0.6537979810007044,5
0504510000000000040711,Apartadó,0.5813725550393096,3
0504510000000000050119,Apartadó,0.6876827761814492,4
0504510000000000040406,Apartadó,0.5861511285419744,3
0504510000000000010418,Apartadó,0.5869647168057565,3
0504510000000000020608,Apartadó,0.7525640302476588,4
0583710000000000040617,Turbo,0.0,1
0583710000000000010730,Turbo,0.49150011041980174,4
0504520030201800010113,Apartadó,0.13171117937779583,1
0504510000000000080627,Apartadó,0.31630490791131427,1
0504510000000000070406,Apartadó,0.9202874093849838,5
0583710000000000010514,Turbo,0.6840953938290705,5
0583710000000000020807,Turbo,0.44397536625630585,4
0583710000000000040706,Turbo,0.3978724678201458,4
0504510000000000100604,Apartadó,0.38761876967234826,2
0504510000000000050122,Apartadó,0.8047784593394247,5
0504510000000000010421,Apartadó,0.6239403276782705,3
0504510000000000030214,Apartadó,0.7914661213375977,4
0504510000000000040413,Apartadó,0.5712393698327274,3
0504510000000000070211,Apartadó,0.9537703765573816,5
0504510000000000100235,Apartadó,0.3786553760251745,2
0504510000000000100101,Apartadó,0.4305399433335939,2
0504510000000000100212,Apartadó,0.35702033675984596,2
0504510000000000010505,Apartadó,0.697214132558125,4
0583710000000000020506,Turbo,0.6536763519279193,5
0504510000000000040311,Apartadó,0.43010558215236105,2
0514720011200300010122,Carepa,0.3150884172300451,2
0514720011200300010124,Carepa,0.10250721839147957,1
0514720010400500010105,Carepa,0.29924003831198853,1
0514720010400800010101,Carepa,0.34600493106476865,4
0514720011500900010105,Carepa,0.30315009739877236,1
0514720010501100010101,Carepa,0.3550815899714166,5
0517220100601300010101,Chigorodó,0.35357723977996947,4
0514720010401500010104,Carepa,0.0,1
0583720200100700010107,Turbo,0.20238660299419867,1
0504520020301700010104,Apartadó,0.0,1
0566520040701400010101,San Pedro de Urabá,0.30988802018643835,3
0583720090104100010104,Turbo,0.2926201890961013,2
0583710000000000030507,Turbo,0.6988155209427087,5
0504510000000000020533,Apartadó,0.6165333345763171,3
0583710000000000040170,Turbo,0.6279181988516976,5
0504510000000000060306,Apartadó,0.8966876277999852,5
0583710000000000040147,Turbo,0.5776034199937446,5
0583710000000000030603,Turbo,0.4654353653862984,4
0583710000000000040111,Turbo,0.5934547625204504,5
0504510000000000050118,Apartadó,0.706263450206487,4
0504510000000000100202,Apartadó,0.3562475554835693,2
0583710000000000020126,Turbo,0.4464507579810661,4
0583710000000000050508,Turbo,0.379731760469128,4
0583720090303400010101,Turbo,0.08513405853767833,1
0583710000000000020704,Turbo,0.5911636550359473,5
0583710000000000040163,Turbo,0.3118154980255141,2
0504510000000000070606,Apartadó,0.744146375204129,4
0504520010201000010111,Apartadó,0.12319266695999555,1
0583710000000000050303,Turbo,0.4056992086121132,4
0583710000000000030436,Turbo,0.6256017269986167,5
0504510000000000020318,Apartadó,0.7684089064422268,4
0583720090104100010203,Turbo,0.3162961717051259,2
0504510000000000050221,Apartadó,0.7770620625251519,4
0504510000000000020525,Apartadó,0.5338039973503887,3
0504510000000000080603,Apartadó,0.3589571862055588,2
0583710000000000010621,Turbo,0.6837026688704999,5
0504510000000000060404,Apartadó,0.8003381227581956,5
0583710000000000030826,Turbo,0.2601345214404327,1
0583710000000000020502,Turbo,0.6052261595987602,5
0504510000000000040303,Apartadó,0.5866711766700412,3
0504510000000000070201,Apartadó,0.9314096431641999,5
0504510000000000090501,Apartadó,0.45558561063903547,2
0504510000000000080126,Apartadó,0.8159111247022924,5
0504510000000000050404,Apartadó,0.6602292639558733,4
0583710000000000030602,Turbo,0.46019505968324936,4
0504510000000000080632,Apartadó,0.33926807134623765,2
0504510000000000060420,Apartadó,0.9053129552955305,5
0504510000000000030104,Apartadó,0.8370551546935536,5
0504510000000000020504,Apartadó,0.7178484274076722,4
0504510000000000020209,Apartadó,0.8783915344186528,5
0504510000000000090212,Apartadó,0.6400388118672418,3
0504510000000000020417,Apartadó,0.735143678416892,4
0504510000000000010211,Apartadó,0.7236921682082532,4
0504510000000000050310,Apartadó,0.5292704280713287,3
0583710000000000040744,Turbo,0.5748198507691396,5
0504510000000000080324,Apartadó,0.3485714648756864,2
0583710000000000050513,Turbo,0.4053630040553287,4
0504510000000000030527,Apartadó,0.9364547346563284,5
0583710000000000040166,Turbo,0.2611516395155721,1
0583710000000000020303,Turbo,0.6160566238249081,5
0504510000000000090302,Apartadó,0.4566568161270649,2
0583710000000000020613,Turbo,0.6829027375176469,5
0504510000000000010612,Apartadó,0.01721644816460989,1
0583710000000000020809,Turbo,0.34868850144295804,3
0504510000000000090318,Apartadó,0.4606487829564065,2
0504510000000000050205,Apartadó,0.6770010459752179,4
0504510000000000100334,Apartadó,0.41583469821587854,2
0504510000000000070409,Apartadó,0.9437631901916844,5
0504510000000000070132,Apartadó,0.8430972463648467,5
0583710000000000030230,Turbo,0.518871048992772,5
0504510000000000090333,Apartadó,0.5029411919619606,3
0504510000000000050415,Apartadó,0.6831289633272888,4
0583710000000000030610,Turbo,0.4473165135627975,4
0504510000000000040203,Apartadó,0.5859685387556576,3
0583710000000000010626,Turbo,0.4822881127254093,4
0504510000000000030103,Apartadó,0.9153678410397097,5
0504510000000000090101,Apartadó,0.633390891505369,3
0583720090303400010102,Turbo,0.000927039516555921,1
0583710000000000050107,Turbo,0.37400345562671244,4
0504520010201000010107,Apartadó,0.031278644689791316,1
0504510000000000050325,Apartadó,0.6210925925883185,3
0583710000000000040405,Turbo,0.5799407570681163,5
0504510000000000100108,Apartadó,0.4077393113487417,2
0583710000000000030313,Turbo,0.5352442172280185,5
0504510000000000070214,Apartadó,0.857596282924717,5
0583710000000000050137,Turbo,0.3607882217305369,4
0504510000000000060326,Apartadó,0.8719051310683975,5
0504510000000000080518,Apartadó,0.13972105155822212,1
0583710000000000040122,Turbo,0.5796342215992049,5
0583710000000000020313,Turbo,0.6628258188971698,5
0504510000000000080112,Apartadó,0.7895177272710717,4
0583710000000000020128,Turbo,0.4976437725103017,4
0504510000000000020214,Apartadó,0.7126273450049475,4
0504510000000000020212,Apartadó,0.7292143569865812,4
0504510000000000060623,Apartadó,0.7340791764783192,4
0583710000000000040801,Turbo,0.000927039516555921,1
0504510000000000050311,Apartadó,0.6802756526357853,4
0504510000000000040740,Apartadó,0.46978384864859135,3
0504510000000000010210,Apartadó,0.5756041895532209,3
0504510000000000010624,Apartadó,0.22772710764964985,1
0504520010201000010108,Apartadó,0.17541344663732963,1
0583710000000000010508,Turbo,0.6941489216534157,5
0504510000000000020556,Apartadó,0.18862577300087002,1
0504510000000000020422,Apartadó,0.80086207008956,5
0504510000000000100601,Apartadó,0.2749789028839049,1
0504510000000000020105,Apartadó,0.7624026823923629,4
0504510000000000010419,Apartadó,0.5718475389800395,3
0504510000000000020626,Apartadó,0.6106455672538739,3
0504510000000000070227,Apartadó,0.8560175103061702,5
0504510000000000060102,Apartadó,0.866639763412873,5
0504510000000000080621,Apartadó,0.3609663181099521,2
0504510000000000010605,Apartadó,0.21760840634159967,1
0583710000000000040109,Turbo,0.5121845020992224,4
0504510000000000070407,Apartadó,0.9154385908966618,5
0504510000000000030414,Apartadó,0.5541004720751352,3
0583710000000000010443,Turbo,0.4964147196421462,4
0504510000000000090211,Apartadó,0.6218514701173544,3
0583710000000000040414,Turbo,0.5659455384716187,5
0583710000000000030226,Turbo,0.4688705930219341,4
0504510000000000010302,Apartadó,0.5768025911130856,3
0504510000000000050318,Apartadó,0.6761434763102286,4
0504510000000000040132,Apartadó,0.6886946813860944,4
0504510000000000010201,Apartadó,0.5373842381776451,3
0504510000000000010424,Apartadó,0.28233566115315006,1
0583710000000000040509,Turbo,0.5453767514999968,5
0504510000000000030529,Apartadó,0.9495837645793219,5
0504510000000000080101,Apartadó,0.5738661327966398,3
0583710000000000040119,Turbo,0.4911193691948081,4
0504510000000000030204,Apartadó,0.7360820385343286,4
0504510000000000070225,Apartadó,0.812608589710477,5
0504510000000000060520,Apartadó,0.8977233179922509,5
0583710000000000040413,Turbo,0.6569443357022713,5
0583710000000000040306,Turbo,0.5283640012032415,5
0583710000000000040312,Turbo,0.5936539589784106,5
0504510000000000040408,Apartadó,0.5873459924654547,3
0583710000000000030525,Turbo,0.6830280590544908,5
0504510000000000040703,Apartadó,0.5824268342168701,3
0504510000000000010407,Apartadó,0.6172245822906759,3
0504510000000000080302,Apartadó,0.3091920247631158,1
0583710000000000040156,Turbo,0.5538397785706675,5
0504510000000000090416,Apartadó,0.432172500335481,2
0583710000000000040410,Turbo,0.622724328049933,5
0504510000000000060215,Apartadó,0.9151013994835164,5
0583720090104100010202,Turbo,0.2658834762915405,1
0583710000000000050525,Turbo,0.4061072392569514,4
0504510000000000030113,Apartadó,0.8599993909069436,5
0504510000000000020607,Apartadó,0.7485444848295544,4
0504510000000000020612,Apartadó,0.6078763523567281,3
0504510000000000080313,Apartadó,0.32972646882375284,1
0583710000000000030735,Turbo,0.3854051228109099,4
0583710000000000010507,Turbo,0.6904855279594153,5
0583710000000000030401,Turbo,0.4118423740778732,4
0504510000000000030517,Apartadó,0.9722661094048207,5
0504510000000000010606,Apartadó,0.27470900434843754,1
0583710000000000050132,Turbo,0.3808145430577025,4
0504510000000000070716,Apartadó,0.7934217084762101,4
0504510000000000030412,Apartadó,0.7302066851314375,4
0583710000000000010132,Turbo,0.5066539611177845,4
0504510000000000040625,Apartadó,0.4257216356839043,2
0504510000000000090406,Apartadó,0.48431785199978994,3
0504510000000000010311,Apartadó,0.752359696193504,4
0583710000000000030628,Turbo,0.4305169908367741,4
0504510000000000060618,Apartadó,0.7100309674908166,4
0504510000000000070303,Apartadó,0.9610929106598216,5
0504510000000000080309,Apartadó,0.3859958697888594,2
0504510000000000080205,Apartadó,0.4613898211221738,2
0514720010601400010112,Carepa,0.3643955012344161,5
0583710000000000030614,Turbo,0.45219282352286877,4
0583710000000000040204,Turbo,0.5655513890308747,5
0583710000000000030617,Turbo,0.46243158079623187,4
0504510000000000070402,Apartadó,0.9314363863012525,5
0504510000000000070517,Apartadó,0.76778558592572,4
0583720090104100010214,Turbo,0.27470114336623475,2
0504510000000000090306,Apartadó,0.47848503322446434,3
0583710000000000030501,Turbo,0.6847435157915247,5
0583710000000000010225,Turbo,0.5427605983867925,5
0504510000000000010306,Apartadó,0.6719550384097885,4
0504510000000000090218,Apartadó,0.47355082497176876,3
0504510000000000080610,Apartadó,0.35809984947454776,2
0583710000000000040620,Turbo,0.11525721697630165,1
0583710000000000050219,Turbo,0.36606701518677887,4
0583710000000000030327,Turbo,0.1688395374833756,1
0583710000000000020121,Turbo,0.6496947469144961,5
0504510000000000020224,Apartadó,0.9132126217729979,5
0504510000000000010501,Apartadó,0.7538214342144166,4
0583710000000000020125,Turbo,0.5601493783231226,5
0504510000000000080422,Apartadó,0.24036810322128432,1
0504510000000000080124,Apartadó,0.7895738956058437,4
0504510000000000030620,Apartadó,0.8880975915564862,5
0583710000000000030225,Turbo,0.4315871790452836,4
0504510000000000070705,Apartadó,0.7606094103568645,4
0504510000000000060622,Apartadó,0.6975797604405992,4
0504510000000000050324,Apartadó,0.6269995977028483,3
0504510000000000100123,Apartadó,0.35626140732267003,2
0514720011200300010102,Carepa,0.25937651158789515,1
0514720011200300010103,Carepa,0.2964287074632869,1
0514720010400400010102,Carepa,0.24113821314000095,1
0514720010400400010112,Carepa,0.3370252867188975,3
0514720010400500010131,Carepa,0.33975052811611245,3
0514720010400500010126,Carepa,0.3367294179954688,3
0514720011500900010104,Carepa,0.2504892239049509,1
0514720010501100010102,Carepa,0.3591705460855979,5
0514720010801200010107,Carepa,0.3526000564593811,4
0514720010801200010108,Carepa,0.3498309929449401,4
0514720010801200010109,Carepa,0.3601483125390797,5
0514720010601400010116,Carepa,0.0,1
0565920010400800010112,San Juan de Urabá,0.15343751641729997,1
0565920010400800010103,San Juan de Urabá,0.0,1
0504520020301700010102,Apartadó,0.3129606549525576,1
0514720010401500010103,Carepa,0.15676728679230287,1
0566520040701400010104,San Pedro de Urabá,0.07930325200433494,1
0583720050403300010101,Turbo,0.045210918075802894,1
0504510000000000100312,Apartadó,0.49302238557687605,3
0583720090104100010101,Turbo,0.1385735248767869,1
0504510000000000050313,Apartadó,0.6812595476948876,4
0583710000000000020817,Turbo,0.4527290568487186,4
0583710000000000030824,Turbo,0.29547229169684336,2
0504510000000000100207,Apartadó,0.32106524079469084,1
0504510000000000020301,Apartadó,0.7678352188744029,4
0504510000000000100104,Apartadó,0.4251678033391476,2
0504510000000000050312,Apartadó,0.6776193177958895,4
0583710000000000020604,Turbo,0.6191857381513479,5
0504510000000000070622,Apartadó,0.7740538711523511,4
0583710000000000040734,Turbo,0.33737141353029626,3
0504510000000000060515,Apartadó,0.8040114555173042,5
0504510000000000060621,Apartadó,0.7525573100812857,4
0504510000000000100406,Apartadó,0.32908673114318593,1
0504510000000000040304,Apartadó,0.6003187461804621,3
0504510000000000030312,Apartadó,0.8973093336155341,5
0583710000000000040158,Turbo,0.4791547048636405,4
0504510000000000060424,Apartadó,0.8745106927543042,5
0583710000000000010439,Turbo,0.5432560358568528,5
0583710000000000030714,Turbo,0.4026999197304035,4
0504510000000000020307,Apartadó,0.9061105453079245,5
0583710000000000050516,Turbo,0.39256879710033804,4
0504510000000000010123,Apartadó,0.5948479355823492,3
0504510000000000080412,Apartadó,0.43179782060740585,2
0504510000000000090331,Apartadó,0.4015320347332843,2
0504510000000000080608,Apartadó,0.3401956605872744,2
0583710000000000040153,Turbo,0.5894978490375281,5
0583710000000000030435,Turbo,0.6003090584640426,5
0504510000000000100404,Apartadó,0.3368735027905695,2
0583710000000000040502,Turbo,0.5727166412700576,5
0504510000000000100504,Apartadó,0.319191308517265,1
0583710000000000010722,Turbo,0.5101788960466914,4
0504510000000000020320,Apartadó,0.8516665938403968,5
0504510000000000020561,Apartadó,0.7179179061593286,4
0504510000000000080318,Apartadó,0.33228323932705384,1
0583710000000000030719,Turbo,0.4481210073188943,4
0504510000000000060418,Apartadó,0.9010382929583176,5
0583710000000000020113,Turbo,0.6384736408303077,5
0583710000000000030406,Turbo,0.5700292091279429,5
0583710000000000040169,Turbo,0.6327491681988117,5
0504510000000000040402,Apartadó,0.6338404007528046,3
0583710000000000030704,Turbo,0.3758752404775064,4
0504510000000000080421,Apartadó,0.45220414235441325,2
0504510000000000060208,Apartadó,0.8865658657619208,5
0504510000000000020520,Apartadó,0.6243344614534722,3
0504510000000000010221,Apartadó,0.7493047349229309,4
0504510000000000040319,Apartadó,0.6138117824056526,3
0583710000000000010506,Turbo,0.6798823883170131,5
0583710000000000030303,Turbo,0.5904654263117646,5
0504510000000000070425,Apartadó,0.8748120059919807,5
0583710000000000020127,Turbo,0.567271341945401,5
0504510000000000070317,Apartadó,0.9454800637351365,5
0583710000000000010715,Turbo,0.061488925016058446,1
0583710000000000030207,Turbo,0.4555046556042532,4
0504510000000000050403,Apartadó,0.6065176872381473,3
0583710000000000050126,Turbo,0.37928405358825323,4
0504510000000000060503,Apartadó,0.7182453415968847,4
0504510000000000040630,Apartadó,0.32962429500827956,1
0583710000000000030101,Turbo,0.6197466273694191,5
0504510000000000050508,Apartadó,0.7944621325969696,4
0583720090104100010120,Turbo,0.13111643546298352,1
0504510000000000020223,Apartadó,0.6146533609581787,3
0583710000000000020412,Turbo,0.6305994784081734,5
0504510000000000100107,Apartadó,0.4242822794667594,2
0583710000000000020120,Turbo,0.6611381905295948,5
0504510000000000080501,Apartadó,0.3013789135392926,1
0583710000000000010308,Turbo,0.40807730166404504,4
0504510000000000080305,Apartadó,0.35490319939168363,2
0504510000000000080317,Apartadó,0.37477543801009944,2
0504510000000000090113,Apartadó,0.6395187779062859,3
0504510000000000020114,Apartadó,0.7171055622134549,4
0583710000000000020702,Turbo,0.6076966081225451,5
0504510000000000050224,Apartadó,0.6786595485301672,4
0504510000000000040631,Apartadó,0.123944338038739,1
0583710000000000040411,Turbo,0.613608288555183,5
0504510000000000090304,Apartadó,0.44944698975456876,2
0504510000000000040713,Apartadó,0.6146129626284221,3
0583720090104100010117,Turbo,0.3076180578314796,2
0583710000000000040404,Turbo,0.6026346617278381,5
0583720090104100010213,Turbo,0.271471390271532,2
0504510000000000100313,Apartadó,0.4946644238466281,3
0504510000000000100321,Apartadó,0.40762294242317104,2
0583710000000000020110,Turbo,0.576313473540668,5
0583710000000000050116,Turbo,0.39127753165705254,4
0504510000000000090223,Apartadó,0.45315720057831044,2
0504510000000000080510,Apartadó,0.12731216667128709,1
0504510000000000070307,Apartadó,0.9513548793997418,5
0504510000000000080519,Apartadó,0.4087417261449564,2
0504510000000000100611,Apartadó,0.05782790824806194,1
0583710000000000030416,Turbo,0.5181840501679593,5
0504510000000000070301,Apartadó,0.9402684994767576,5
0583710000000000030112,Turbo,0.4374580148979735,4
0583710000000000010409,Turbo,0.5113175230494548,4
0504510000000000100331,Apartadó,0.47101950300012174,3
0583710000000000020815,Turbo,0.30793121695501935,2
0583710000000000040535,Turbo,0.562588937316164,5
0583710000000000030605,Turbo,0.43675920526267126,4
0504510000000000050302,Apartadó,0.6446005304586478,3
0583710000000000040551,Turbo,0.5438834205742725,5
0583710000000000010304,Turbo,0.3733320567387331,4
0504510000000000040213,Apartadó,0.6181407270849164,3
0504510000000000090417,Apartadó,0.40165858944752536,2
0514720011200300010106,Carepa,0.3388805601753694,3
0514720011200300010112,Carepa,0.33729140046058875,3
0514720010400500010122,Carepa,0.3560366733576804,5
0514720010800600010102,Carepa,0.3411857555973445,3
0514720010400800010106,Carepa,0.3460329547589486,4
0514720011500900010106,Carepa,0.27408456758867744,1
0514720010601400010106,Carepa,0.32212162940106437,2
0565920020600700010103,San Juan de Urabá,0.0,1
0504520020301700010105,Apartadó,0.3126795208662853,1
0583710000000000010719,Turbo,0.5335895077040896,5
0504510000000000020216,Apartadó,0.8528123292789705,5
0583710000000000040418,Turbo,0.6121038861429647,5
0583710000000000030445,Turbo,0.6612306984902871,5
0504510000000000020604,Apartadó,0.7522970758961702,4
0504510000000000100213,Apartadó,0.32277804621414885,1
0583710000000000010444,Turbo,0.5092768420254159,4
0504510000000000030110,Apartadó,0.8784889809498331,5
0504510000000000100134,Apartadó,0.4020151496742601,2
0504510000000000080202,Apartadó,0.5157622039733899,3
0504510000000000040130,Apartadó,0.6822293963349481,4
0504510000000000080201,Apartadó,0.46566258602028987,3
0504510000000000010711,Apartadó,0.1307327363500777,1
0504520030201800010103,Apartadó,0.3013105051972184,1
0504510000000000070621,Apartadó,0.8769960241804257,5
0504510000000000040412,Apartadó,0.6428717722931746,3
0583710000000000050217,Turbo,0.3247632745619217,3
0504510000000000010129,Apartadó,0.5419220883116344,3
0504510000000000060219,Apartadó,0.9135272488065378,5
0583710000000000030608,Turbo,0.4643979082362909,4
0504510000000000090215,Apartadó,0.5374223175030702,3
0504510000000000100308,Apartadó,0.4907319281764001,3
0583710000000000040714,Turbo,0.5700595017691694,5
0504510000000000040632,Apartadó,0.4738616101211483,3
0504510000000000050107,Apartadó,0.7817001840621675,4
0504510000000000030306,Apartadó,0.8087098407016711,5
0504510000000000090310,Apartadó,0.4380200524723333,2
0504510000000000010404,Apartadó,0.5408759901705203,3
0583710000000000030306,Turbo,0.5708197631758156,5
0504510000000000020543,Apartadó,0.7665894617252553,4
0504510000000000040138,Apartadó,0.6822152708199702,4
0583710000000000040150,Turbo,0.3126583953511774,2
0504510000000000090412,Apartadó,0.482322050293571,3
0583710000000000050226,Turbo,0.3613629688828841,4
0504510000000000040601,Apartadó,0.3543342627833604,2
0504510000000000020624,Apartadó,0.6468628612770259,4
0583710000000000040215,Turbo,0.678960464210681,5
0514720010601400010114,Carepa,0.3319872633721199,2
0583710000000000040218,Turbo,0.6765045669984395,5
0583710000000000030325,Turbo,0.5379849097961976,5
0504510000000000010139,Apartadó,0.44442994031758676,2
0504510000000000010709,Apartadó,0.26238317220505064,1
0504510000000000050401,Apartadó,0.6582095958809974,4
0583710000000000010617,Turbo,0.534275718444201,5
0504510000000000020524,Apartadó,0.7660282481505599,4
0583710000000000010215,Turbo,0.5740340082138344,5
0504510000000000080612,Apartadó,0.36440991480933427,2
0583710000000000040125,Turbo,0.001854079033111842,1
0583710000000000050121,Turbo,0.38544915006997094,4
0504510000000000080616,Apartadó,0.352028748033211,2
0504510000000000050509,Apartadó,0.7960222845734566,4
0583710000000000020612,Turbo,0.6579318304854744,5
0504510000000000040517,Apartadó,0.42639684453634585,2
0504510000000000040507,Apartadó,0.4453558533370708,2
0504510000000000020609,Apartadó,0.6057399479588946,3
0504510000000000030211,Apartadó,0.6995080130934941,4
0504510000000000090205,Apartadó,0.46615840046722923,3
0504510000000000090122,Apartadó,0.6351054477585941,3
0504510000000000040510,Apartadó,0.41482947295914796,2
0504510000000000010509,Apartadó,0.7101666329486213,4
0504510000000000060630,Apartadó,0.720432723472811,4
0583710000000000010120,Turbo,0.5302758167883443,5
0504510000000000090221,Apartadó,0.4946615769802462,3
0583710000000000030621,Turbo,0.4258827008782927,4
0504510000000000070219,Apartadó,0.8814634495772306,5
0583710000000000030726,Turbo,0.43584544689022925,4
0504510000000000010136,Apartadó,0.19189717992707492,1
0504510000000000070417,Apartadó,0.9417392532667643,5
0504510000000000070204,Apartadó,0.9024736236186369,5
0504510000000000050306,Apartadó,0.6196769116911515,3
0504510000000000030507,Apartadó,0.9374077801614836,5
0504510000000000080620,Apartadó,0.3340257137565799,1
0583710000000000030812,Turbo,0.36591893131221676,4
0583710000000000010315,Turbo,0.3658368436261532,4
0504510000000000020310,Apartadó,0.8419796325230696,5
0504510000000000080701,Apartadó,0.05572545649318493,1
0583710000000000030627,Turbo,0.4123721017550235,4
0504510000000000030220,Apartadó,0.6644912784940339,4
0583710000000000020708,Turbo,0.540822468330672,5
0583710000000000020810,Turbo,0.061184608092690544,1
0583710000000000040523,Turbo,0.5649739504330135,5
0583720090104100010211,Turbo,0.2709519678676425,2
0504510000000000060212,Apartadó,0.9662414150077614,5
0504510000000000040623,Apartadó,0.4870580502891373,3
0504510000000000090220,Apartadó,0.4798193451687934,3
0504510000000000030703,Apartadó,0.7039738644520924,4
0504510000000000070117,Apartadó,0.868986744659811,5
0504510000000000070435,Apartadó,0.8375535914737726,5
0504510000000000100333,Apartadó,0.37162377184621714,2
0583710000000000050220,Turbo,0.36549212069474923,4
0504510000000000070614,Apartadó,0.7406874155520469,4
0583710000000000030102,Turbo,0.6419774811957534,5
0583710000000000010134,Turbo,0.4345245020146549,4
0583710000000000030823,Turbo,0.3562845345207361,3
0583710000000000040120,Turbo,0.5399480964233945,5
0504510000000000010315,Apartadó,0.7610309878699546,4
0583710000000000010612,Turbo,0.6480337771087966,5
0504510000000000060118,Apartadó,0.9152843576179855,5
0583710000000000040710,Turbo,0.5464833938504456,5
0583710000000000030529,Turbo,0.7100647184091126,5
0583710000000000040536,Turbo,0.5778678991316849,5
0583710000000000030810,Turbo,0.35600107733602077,3
0583710000000000010314,Turbo,0.5343142726707159,5
0504510000000000070426,Apartadó,0.913433257154858,5
0504510000000000020220,Apartadó,0.7662834973509471,4
0504510000000000040302,Apartadó,0.5483148263077466,3
0504510000000000080505,Apartadó,0.3323800656062943,1
0583710000000000040716,Turbo,0.5688798344355002,5
0583710000000000030319,Turbo,0.7044169938850057,5
0504510000000000040622,Apartadó,0.4463538331911494,2
0583710000000000010105,Turbo,0.20843736826197828,1
0504510000000000040720,Apartadó,0.47040235470696373,3
0583710000000000030415,Turbo,0.5051359653918704,4
0583710000000000040131,Turbo,0.17791754085752692,1
0583710000000000040722,Turbo,0.6229328687527237,5
0583710000000000040705,Turbo,0.45971878224718216,4
0583710000000000020102,Turbo,0.640098588484828,5
0504510000000000030327,Apartadó,0.8468807283118104,5
0504510000000000060521,Apartadó,0.7374025469443602,4
0583710000000000040724,Turbo,0.4027783843345751,4
0504510000000000050110,Apartadó,0.7761766120261214,4
0583710000000000040720,Turbo,0.5706073705539272,5
0504510000000000020549,Apartadó,0.5770907786740271,3
0504510000000000080113,Apartadó,0.7857237072476079,4
0504510000000000020316,Apartadó,0.7766437754749909,4
0583710000000000040504,Turbo,0.2870131249752863,2
0504510000000000060422,Apartadó,0.9064653938132714,5
0583710000000000030701,Turbo,0.4806182972644938,4
0583710000000000030103,Turbo,0.49173874460183714,4
0504510000000000070124,Apartadó,0.9170419942486572,5
0504510000000000010712,Apartadó,0.24807694639657898,1
0504510000000000060122,Apartadó,0.917167053397334,5
0583710000000000010605,Turbo,0.6751097830774752,5
0504510000000000060632,Apartadó,0.7221192626145119,4
0504510000000000070721,Apartadó,0.6411657333005215,3
0583710000000000050307,Turbo,0.4057553580059014,4
0504510000000000070133,Apartadó,0.8466475739783718,5
0583710000000000020706,Turbo,0.6453167227468142,5
0504510000000000020221,Apartadó,0.9442963905451874,5
0504510000000000040614,Apartadó,0.4439501916750918,2
0583710000000000010201,Turbo,0.6573730604493042,5
0583710000000000040103,Turbo,0.4019856138329364,4
0504510000000000060103,Apartadó,0.864627631441221,5
0504510000000000030227,Apartadó,0.7583066264528441,4
0583710000000000010602,Turbo,0.6646472886359728,5
0504510000000000030120,Apartadó,0.5993493628237884,3
0583710000000000050221,Turbo,0.36522533807215113,4
0504510000000000030503,Apartadó,0.8993329708745103,5
0504510000000000020527,Apartadó,0.5417521864013402,3
0504510000000000100122,Apartadó,0.38351817290341567,2
0583710000000000010714,Turbo,0.4431751850258275,4
0504510000000000100215,Apartadó,0.32696650568565827,1
0583710000000000050127,Turbo,0.38864725504101827,4
0504510000000000020501,Apartadó,0.7410403740621486,4
0504510000000000040115,Apartadó,0.5950905796357534,3
0504510000000000020416,Apartadó,0.7185456914221472,4
0504510000000000040633,Apartadó,0.44783067554968964,2
0504510000000000090216,Apartadó,0.47698022192774936,3
0504510000000000050319,Apartadó,0.6565473076863014,4
0504510000000000020319,Apartadó,0.756244176720185,4
0504510000000000060210,Apartadó,0.9331309945894529,5
0583710000000000020703,Turbo,0.5830503959341349,5
0514720011200300010120,Carepa,0.37646726496656024,5
0583710000000000030722,Turbo,0.43668614571002623,4
0504510000000000100131,Apartadó,0.4105223120245807,2
0504510000000000010132,Apartadó,0.16006478068967642,1
0504510000000000050116,Apartadó,0.635847933549034,3
0504510000000000070712,Apartadó,0.7557324799017876,4
0504510000000000030614,Apartadó,0.9700736514974048,5
0504510000000000010517,Apartadó,0.8234682710096879,5
0583710000000000050138,Turbo,0.3882019166139489,4
0504510000000000100306,Apartadó,0.4775620674321526,3
0504510000000000060817,Apartadó,0.8856152353984195,5
0583710000000000020132,Turbo,0.6446552863557437,5
0504510000000000070707,Apartadó,0.7959234399140493,4
0504510000000000010409,Apartadó,0.7107824598539488,4
0504510000000000030519,Apartadó,0.9734606821929849,5
0583710000000000040505,Turbo,0.4231030520311996,4
0504510000000000030615,Apartadó,0.9840298186212273,5
0504510000000000050315,Apartadó,0.6655987730306933,4
0583710000000000020803,Turbo,0.11799888703590321,1
0504510000000000070310,Apartadó,0.9335478486864451,5
0583710000000000020319,Turbo,0.6292996310373259,5
0504510000000000080104,Apartadó,0.5734304411779124,3
0583710000000000040314,Turbo,0.5009801748973858,4
0504510000000000020313,Apartadó,0.8946137431804878,5
0504510000000000010130,Apartadó,0.5430735126935066,3
0504510000000000030304,Apartadó,0.8757067098045213,5
0504510000000000040607,Apartadó,0.1351871577076087,1
0583710000000000040530,Turbo,0.5593195972060352,5
0504510000000000080304,Apartadó,0.3172590648897868,1
0583710000000000050131,Turbo,0.40351952722024403,4
0504510000000000020605,Apartadó,0.7521001826006752,4
0583710000000000020408,Turbo,0.680495657678157,5
0504510000000000060818,Apartadó,0.8658828541673221,5
0504510000000000030201,Apartadó,0.8129937943825233,5
0504510000000000010518,Apartadó,0.5914822068048702,3
0504510000000000030311,Apartadó,0.9236481044572882,5
0504510000000000030317,Apartadó,0.7729620777905976,4
0514720011200300010101,Carepa,0.2950648612879811,1
0514720010400400010104,Carepa,0.3201917174484909,2
0514720010400500010115,Carepa,0.3345516744418496,2
0514720010400500010121,Carepa,0.1925299505498276,1
0514720010400500010128,Carepa,0.3142887782432617,2
0514720010400800010102,Carepa,0.3555316193761037,5
0514720010601400010107,Carepa,0.3367657358604309,3
0517220100601300010102,Chigorodó,0.29569911267595234,1
0583720050403300010104,Turbo,0.24919184705696198,1
0565920010400800010110,San Juan de Urabá,0.053668560059008844,1
0565920010400800010104,San Juan de Urabá,0.1247617923020928,1
0505120040101900010101,Arboletes,0.0,1
0504510000000000010134,Apartadó,0.5919889838388351,3
0504510000000000050207,Apartadó,0.6925879366217105,4
0504510000000000100603,Apartadó,0.3990458380837838,2
0583710000000000010440,Turbo,0.5086448961389523,4
0583710000000000030601,Turbo,0.43117821800005224,4
0504510000000000070437,Apartadó,0.9473982709375972,5
0583710000000000050224,Turbo,0.36021174368603526,4
0504510000000000020312,Apartadó,0.8485710698436679,5
0504510000000000020113,Apartadó,0.7134898906702122,4
0504510000000000070702,Apartadó,0.7242975488310737,4
0504510000000000100332,Apartadó,0.3862729386511676,2
0504510000000000030216,Apartadó,0.7135613532268315,4
0504510000000000010219,Apartadó,0.5877346002485804,3
0583710000000000030228,Turbo,0.49515417122511685,4
0504510000000000040411,Apartadó,0.6167776951372477,3
0583710000000000020129,Turbo,0.5605157566977875,5
0504510000000000080306,Apartadó,0.3956763001533954,2
0504510000000000070104,Apartadó,0.7855943339919194,4
0583710000000000020601,Turbo,0.6331051689077691,5
0504510000000000020528,Apartadó,0.777819330297128,4
0583710000000000030504,Turbo,0.6988015035237085,5
0583710000000000050205,Turbo,0.395152308165859,4
0504510000000000060802,Apartadó,0.9223182540530225,5
0504510000000000100612,Apartadó,0.36672538717022674,2
0504510000000000060808,Apartadó,0.9368226910876518,5
0504510000000000090508,Apartadó,0.4626444258789071,2
0504510000000000010514,Apartadó,0.7744147988702045,4
0583710000000000020812,Turbo,0.031651777779552054,1
0504510000000000080116,Apartadó,0.7952153911516899,4
0504510000000000060629,Apartadó,0.7591090763648308,4
0504510000000000080417,Apartadó,0.41120921390903614,2
0504510000000000020210,Apartadó,0.8434252333674417,5
0504510000000000030213,Apartadó,0.7887255641535796,4
0504510000000000010414,Apartadó,0.6000910507939196,3
0583710000000000030607,Turbo,0.4614060269859248,4
0583710000000000030733,Turbo,0.3659734912330378,4
0504510000000000050104,Apartadó,0.8053968489635522,5
0583710000000000020505,Turbo,0.5948759701830335,5
0504510000000000090401,Apartadó,0.45585542923443173,2
0583710000000000030806,Turbo,0.3695607793934855,4
0583710000000000040213,Turbo,0.6325567619150853,5
0583710000000000040159,Turbo,0.6640339352471266,5
0504510000000000080117,Apartadó,0.8160797924244337,5
0583710000000000030316,Turbo,0.6598137823777049,5
0504510000000000080109,Apartadó,0.3942961114596327,2
0583710000000000040173,Turbo,0.33149354931775427,3
0504510000000000100326,Apartadó,0.41520566409344023,2
0583720090104100010118,Turbo,0.30028779671800754,2
0583710000000000020605,Turbo,0.6734778319240584,5
0504510000000000060401,Apartadó,0.8389172631504307,5
0583720090104100010110,Turbo,0.2346237178911365,1
0504510000000000020518,Apartadó,0.7396062336223987,4
0504510000000000040506,Apartadó,0.4426151777061334,2
0504510000000000010623,Apartadó,0.19519516286852617,1
0504510000000000080504,Apartadó,0.3305256035743844,1
0504510000000000080631,Apartadó,0.35419297660732996,2
0504510000000000030522,Apartadó,0.9220462043889965,5
0504510000000000080111,Apartadó,0.7699037173836509,4
0504510000000000070110,Apartadó,0.8255183048596871,5
0504510000000000080213,Apartadó,0.579199442395424,3
0565910000000000010223,San Juan de Urabá,0.38571826935718423,5
0504510000000000020555,Apartadó,0.3780941340931197,2
0504510000000000100410,Apartadó,0.32561493103256217,1
0504510000000000040634,Apartadó,0.4933281685200147,3
0583710000000000040511,Turbo,0.5371897501615541,5
0583710000000000030821,Turbo,0.3587280821966683,3
0504510000000000060614,Apartadó,0.6816270020074164,4
0583710000000000020413,Turbo,0.6586598959502935,5
0504510000000000050511,Apartadó,0.7955724698147087,4
0583710000000000030111,Turbo,0.5359743035480916,5
0504510000000000040206,Apartadó,0.4723277411427789,3
0504510000000000070524,Apartadó,0.7734497233329709,4
0583710000000000050112,Turbo,0.39061137125752043,4
0504510000000000100218,Apartadó,0.3506479009094305,2
0583710000000000030814,Turbo,0.41673361151533483,4
0583710000000000040733,Turbo,0.3236795697119084,3
0504510000000000010110,Apartadó,0.5857563075677543,3
0504510000000000010715,Apartadó,0.32150550053673455,1
0504510000000000060419,Apartadó,0.9058075295546711,5
0583710000000000050518,Turbo,0.3830327850078203,4
0583720090104100010116,Turbo,0.0,1
0504510000000000100220,Apartadó,0.3645786607219394,2
0504510000000000060813,Apartadó,0.938118433356349,5
0583710000000000050411,Turbo,0.4085229409934428,4
0583710000000000020310,Turbo,0.6635842661251727,5
0504510000000000050411,Apartadó,0.5962434073903082,3
0583710000000000030204,Turbo,0.4582226273920089,4
0583710000000000040723,Turbo,0.5731234170347582,5
0583710000000000050124,Turbo,0.38595480300913604,4
0504510000000000030709,Apartadó,0.23267282990908303,1
0504510000000000040712,Apartadó,0.6186889779855393,3
0504510000000000010317,Apartadó,0.8158822035720223,5
0583710000000000010614,Turbo,0.6449018986585463,5
0504510000000000090106,Apartadó,0.618914050910337,3
0504510000000000100222,Apartadó,0.3680222478847416,2
0504510000000000040216,Apartadó,0.6191247751707951,3
0583710000000000010732,Turbo,0.5061902330963259,4
0504510000000000010607,Apartadó,0.35176479223165447,2
0514720010400400010108,Carepa,0.3345382756119152,2
0514720010400400010114,Carepa,0.3501915623662956,4
0514720010400500010103,Carepa,0.3572312010859923,5
0514720010400500010106,Carepa,0.3615731798228383,5
0514720011500900010102,Carepa,0.3520422851090653,4
0514720010601400010110,Carepa,0.0,1
0566520040701400010102,San Pedro de Urabá,0.3494627304724579,4
0565920010400800010105,San Juan de Urabá,0.17597764320834444,1
0505120020301700010101,Arboletes,0.15970947548963718,1
0583710000000000050505,Turbo,0.4235218800952878,4
0504510000000000080303,Apartadó,0.29099179838321676,1
0504510000000000020630,Apartadó,0.5961695650071552,3
0504510000000000020321,Apartadó,0.852284956394854,5
0583710000000000040537,Turbo,0.5757073577077819,5
0583720090104100010212,Turbo,0.27168220232265283,2
0504510000000000080204,Apartadó,0.4243773891542996,2
0583710000000000020401,Turbo,0.6465173307882977,5
0504510000000000070523,Apartadó,0.8070688683014143,5
0583710000000000030301,Turbo,0.4031349094121917,4
0583710000000000020317,Turbo,0.6642880887488806,5
0504510000000000070619,Apartadó,0.854250990061557,5
0583720090104100010114,Turbo,0.14183390289196005,1
0504510000000000040135,Apartadó,0.6557602751998187,4
0504510000000000020421,Apartadó,0.8032232031828342,5
0504510000000000090324,Apartadó,0.4758145652333875,3
0504510000000000060216,Apartadó,0.7142094546030799,4
0583710000000000030813,Turbo,0.35012828719515904,3
0583710000000000030506,Turbo,0.6908385530637546,5
0504510000000000060410,Apartadó,0.8332042874069978,5
0504510000000000070413,Apartadó,0.9139066469081103,5
0504510000000000060815,Apartadó,0.9663677526378192,5
0504510000000000020110,Apartadó,0.8190771769119475,5
0504510000000000080609,Apartadó,0.35222545417767365,2
0504510000000000100310,Apartadó,0.49151905576196725,3
0583710000000000040168,Turbo,0.507788297442684,4
0504510000000000040134,Apartadó,0.6824542398889525,4
0583710000000000020307,Turbo,0.62999707510581,5
0504510000000000030604,Apartadó,0.918244259530691,5
0504510000000000100503,Apartadó,0.25076898490490046,1
0583710000000000010733,Turbo,0.43098583000420554,4
0504510000000000020545,Apartadó,0.7793792595054104,4
0504510000000000070229,Apartadó,0.906806261650288,5
0583710000000000040735,Turbo,0.5999046998471944,5
0583710000000000040315,Turbo,0.6951606339080594,5
0583710000000000010306,Turbo,0.5892988253990633,5
0504510000000000070624,Apartadó,0.7838500995516616,4
0504510000000000080606,Apartadó,0.3578188167135016,2
0504510000000000020303,Apartadó,0.7803410712111132,4
0504510000000000040619,Apartadó,0.4569089224618903,2
0504510000000000070617,Apartadó,0.7880495152963982,4
0504510000000000100311,Apartadó,0.4951734559561719,3
0504510000000000050513,Apartadó,0.7327611492556265,4
0504510000000000100318,Apartadó,0.4066390743940757,2
0504510000000000070129,Apartadó,0.7702544413035392,4
0583710000000000040549,Turbo,0.6159557474985217,5
0504510000000000060609,Apartadó,0.6842688366857549,4
0504510000000000070414,Apartadó,0.9110014088904517,5
0583710000000000010410,Turbo,0.49032588645329866,4
0583710000000000030519,Turbo,0.5379968937886767,5
0583710000000000040219,Turbo,0.655360761889407,5
0583710000000000030408,Turbo,0.5918388028645412,5
0583710000000000030817,Turbo,0.3836966051860047,4
0583710000000000010114,Turbo,0.6865824123775047,5
0504510000000000040707,Apartadó,0.45287535746406893,2
0504510000000000030224,Apartadó,0.7750174257708453,4
0504510000000000090102,Apartadó,0.6268271708468296,3
0583710000000000010222,Turbo,0.5682218836209032,5
0583710000000000040151,Turbo,0.5530698603046887,5
0504510000000000100323,Apartadó,0.4070606934005349,2
0504510000000000070629,Apartadó,0.8175482833592009,5
0583710000000000040113,Turbo,0.2991829841607118,2
0583710000000000020409,Turbo,0.6602447116817298,5
0504510000000000050223,Apartadó,0.6820326828897526,4
0583710000000000030302,Turbo,0.43508547110479845,4
0583710000000000010140,Turbo,0.562155249891049,5
0504510000000000080418,Apartadó,0.4158486062317915,2
0504510000000000070121,Apartadó,0.869504943561883,5
0504510000000000100217,Apartadó,0.32860910690606654,1
0583710000000000010709,Turbo,0.37776628182926736,4
0504510000000000020536,Apartadó,0.1387910590500859,1
0583710000000000040205,Turbo,0.665626433771677,5
0583710000000000010606,Turbo,0.5583069649981699,5
0583710000000000010615,Turbo,0.5399354259510746,5
0583710000000000040160,Turbo,0.6000976429667191,5
0583710000000000040121,Turbo,0.7073503555152205,5
0504510000000000070322,Apartadó,0.9522825290434476,5
0504510000000000050103,Apartadó,0.7425712698316912,4
0583710000000000040417,Turbo,0.6621017126724293,5
0504510000000000060415,Apartadó,0.9048223609160801,5
0504510000000000070321,Apartadó,0.980447723024298,5
0504510000000000060602,Apartadó,0.7698468726937494,4
0504510000000000010416,Apartadó,0.5882295632009655,3
0583720090104100010109,Turbo,0.2274901485151197,1
0583720090104100010113,Turbo,0.17993163676871657,1
0504510000000000020302,Apartadó,0.7983727790212451,5
0504510000000000070115,Apartadó,0.8389404847485745,5
0583710000000000030818,Turbo,0.3761828812699804,4
0504510000000000080622,Apartadó,0.34504367361136046,2
0504510000000000040617,Apartadó,0.44438586115545153,2
0583710000000000040208,Turbo,0.6150978413427006,5
0504510000000000040727,Apartadó,0.4692498158655811,3
0504510000000000080415,Apartadó,0.49875315041673546,3
0583710000000000030625,Turbo,0.4679524444898334,4
0504510000000000090201,Apartadó,0.6215001794670816,3
0504510000000000070713,Apartadó,0.7574612060043469,4
0504510000000000030218,Apartadó,0.7471096198179814,4
0504510000000000010222,Apartadó,0.2035518189864833,1
0583710000000000020410,Turbo,0.6268236202201296,5
0504510000000000090105,Apartadó,0.624311230435426,3
0583710000000000030304,Turbo,0.3983871677018339,4
0504510000000000050214,Apartadó,0.6814422768544185,4
0504510000000000080623,Apartadó,0.33395547237337275,1
0583710000000000040526,Turbo,0.4048734218103796,4
0504510000000000010307,Apartadó,0.5929210416565547,3
0583710000000000010137,Turbo,0.5177776336444327,5
0504510000000000070106,Apartadó,0.737764119164749,4
0504510000000000010220,Apartadó,0.8754574092572366,5
0583710000000000020112,Turbo,0.5145099741782718,4
0504510000000000020508,Apartadó,0.2813691731465279,1
0583710000000000010515,Turbo,0.6839830832107222,5
0504510000000000070223,Apartadó,0.6110035738890629,3
0504510000000000060626,Apartadó,0.7134086188869725,4
0504510000000000060508,Apartadó,0.7721719342562033,4
0504510000000000010401,Apartadó,0.7674716372886867,4
0504510000000000020225,Apartadó,0.8529590403396442,5
0504510000000000040207,Apartadó,0.47588368722907143,3
0583710000000000010122,Turbo,0.5228045106873912,5
0504510000000000080507,Apartadó,0.3234004083351846,1
0583710000000000010520,Turbo,0.5821332882777839,5
0504510000000000050117,Apartadó,0.6627772251634957,4
0583710000000000030804,Turbo,0.42501740338886834,4
0504510000000000010512,Apartadó,0.799716939138031,5
0504510000000000040305,Apartadó,0.40796891963028686,2
0504510000000000090108,Apartadó,0.5936010044595259,3
0583710000000000010432,Turbo,0.47282337267932195,4
0504510000000000010127,Apartadó,0.5334814015084026,3
0504510000000000100204,Apartadó,0.348276481372895,2
0583710000000000030706,Turbo,0.5203491048535639,5
0504510000000000030613,Apartadó,0.9841282116952313,5
0583710000000000010625,Turbo,0.14253866560637585,1
0583710000000000030402,Turbo,0.6015033161908154,5
0504510000000000070217,Apartadó,0.9347522079435527,5
0583710000000000010106,Turbo,0.6762220410503156,5
0504510000000000060218,Apartadó,0.9097186656493005,5
0583710000000000020818,Turbo,0.45951201834290345,4
0504510000000000040602,Apartadó,0.4053543745710969,2
0583710000000000040164,Turbo,0.3849255315076788,4
0504510000000000070623,Apartadó,0.739942537587115,4
0583710000000000050105,Turbo,0.3894235416159084,4
0583710000000000040510,Turbo,0.27185017080387114,2
0504510000000000100609,Apartadó,0.3639283624362295,2
0504510000000000050512,Apartadó,0.7912716463986206,4
0504510000000000050314,Apartadó,0.6790393843995486,4
0504510000000000060803,Apartadó,0.9216567632598148,5
0583710000000000040112,Turbo,0.5678797068530758,5
0583710000000000030104,Turbo,0.49805781606502225,4
0504510000000000090509,Apartadó,0.4685523395306892,3
0583710000000000010133,Turbo,0.4879960067558665,4
0504510000000000100118,Apartadó,0.39666359051447153,2
0504510000000000090117,Apartadó,0.6399123686226099,3
0583720090104100010206,Turbo,0.31538323622612197,2
0504510000000000070504,Apartadó,0.7680243605807141,4
0504510000000000040121,Apartadó,0.6130530830103763,3
0504510000000000040310,Apartadó,0.44898179899439145,2
0504510000000000070706,Apartadó,0.7977746911155504,5
0583710000000000010108,Turbo,0.6832838227893763,5
0583710000000000010609,Turbo,0.5144060186867893,4
0504510000000000100115,Apartadó,0.4251150716142759,2
0504510000000000050216,Apartadó,0.6971136268652179,4
0504510000000000030506,Apartadó,0.9065816757735021,5
0504510000000000020115,Apartadó,0.7642291082053894,4
0583710000000000010446,Turbo,0.18271249851521038,1
0583710000000000010429,Turbo,0.41690170147204725,4
0504510000000000030410,Apartadó,0.6143867483265408,3
0504510000000000020208,Apartadó,0.8998706291870079,5
0504510000000000090222,Apartadó,0.45882150497047924,2
0504510000000000010131,Apartadó,0.19282421944363082,1
0583710000000000020116,Turbo,0.6430965865827126,5
0504510000000000010109,Apartadó,0.5729814435107665,3
0583710000000000030633,Turbo,0.45060476830330126,4
0583710000000000030414,Turbo,0.5031580383008086,4
0504510000000000030610,Apartadó,0.968316889010862,5
0504510000000000030407,Apartadó,0.622565737775597,3
0504510000000000030528,Apartadó,0.5867681122419582,3
0583710000000000020203,Turbo,0.6557142058964249,5
0504510000000000050414,Apartadó,0.7024405216735301,4
0504510000000000070405,Apartadó,0.9219318130496706,5
0583710000000000020902,Turbo,0.448407903369922,4
0514720010400400010120,Carepa,0.32596674848801793,2
0514720010400500010116,Carepa,0.34929186611723007,4
0514720010400500010124,Carepa,0.3305045415566227,2
0514720010800600010111,Carepa,0.11771447791123023,1
0514720010800600010101,Carepa,0.0,1
0514720010601400010113,Carepa,0.3248196630023918,2
0504520020301700010108,Apartadó,0.0776552291053433,1
0565920010400800010102,San Juan de Urabá,0.3240186851899915,3
0514720010401500010102,Carepa,0.0,1
0566520040701400010106,San Pedro de Urabá,0.34697680916458196,4
0583720200100700010101,Turbo,0.31310205382245787,2
0504510000000000010415,Apartadó,0.5866133657022709,3
0504510000000000080517,Apartadó,0.385836542479977,2
0583710000000000010119,Turbo,0.5017118447725856,4
0583710000000000010319,Turbo,0.7324002963184469,5
0504510000000000090334,Apartadó,0.23882905057762843,1
0504510000000000060121,Apartadó,0.9172934957875748,5
0504510000000000010312,Apartadó,0.8165170365563236,5
0504510000000000030315,Apartadó,0.8896769511849524,5
0504510000000000060507,Apartadó,0.708418116392593,4
0504510000000000070311,Apartadó,0.9533909875976673,5
0504510000000000070525,Apartadó,0.7673779266782264,4
0504510000000000070411,Apartadó,0.9727484603877837,5
0504510000000000030210,Apartadó,0.6397760001657924,3
0504510000000000050322,Apartadó,0.6402074989606904,3
0504510000000000010710,Apartadó,0.32025482872856975,1
0504510000000000080502,Apartadó,0.320659976099604,1
0583710000000000040304,Turbo,0.7097798271193314,5
0504510000000000030217,Apartadó,0.7497049428777598,4
0583710000000000030705,Turbo,0.4239607759058296,4
0583710000000000010611,Turbo,0.646179796944255,5
0583710000000000010104,Turbo,0.6813059068905168,5
0504510000000000070505,Apartadó,0.7663940301181474,4
0583710000000000040501,Turbo,0.5796539655104346,5
0504510000000000060402,Apartadó,0.8614325553676893,5
0504510000000000040708,Apartadó,0.4545900635509285,2
0504510000000000010515,Apartadó,0.6269060420929318,3
0583710000000000010437,Turbo,0.5535376094901048,5
0504510000000000070206,Apartadó,0.8035474208421879,5
0583710000000000010721,Turbo,0.5222421300338271,5
0583710000000000030615,Turbo,0.4528268626668957,4
0504510000000000010627,Apartadó,0.21318293777995145,1
0583710000000000050114,Turbo,0.20565624971231064,1
0583710000000000030822,Turbo,0.36708221033598676,4
0504520030201800010110,Apartadó,0.0978229188976884,1
0583710000000000030715,Turbo,0.409649862769793,4
0504510000000000080308,Apartadó,0.37010375502679693,2
0583710000000000050527,Turbo,0.40617751693988424,4
0583710000000000010505,Turbo,0.6832809512966532,5
0504510000000000080125,Apartadó,0.8041619562382107,5
0504510000000000020204,Apartadó,0.8795059242305154,5
0504510000000000010408,Apartadó,0.6844451802406941,4
0504510000000000030706,Apartadó,0.5077163482353277,3
0504510000000000040518,Apartadó,0.5530390927673682,3
0583710000000000040749,Turbo,0.3146509482691975,2
0504510000000000100618,Apartadó,0.293482109665544,1
0583710000000000050201,Turbo,0.3745368065943649,4
0504510000000000050507,Apartadó,0.7957833073368289,4
0504510000000000070318,Apartadó,0.9497087094180742,5
0504510000000000030209,Apartadó,0.7607759119663137,4
0504510000000000070222,Apartadó,0.8183274162387524,5
0504510000000000030518,Apartadó,0.9711135977065803,5
0583710000000000020405,Turbo,0.6590415293718012,5
0583710000000000040602,Turbo,0.0,1
0583710000000000050102,Turbo,0.3875697182330405,4
0583710000000000030439,Turbo,0.3677125977296382,4
0504510000000000050307,Apartadó,0.6154423964955709,3
0583710000000000030803,Turbo,0.36730939721439687,4
0583710000000000010110,Turbo,0.6895874998015378,5
0504510000000000070312,Apartadó,0.9576916701682032,5
0583710000000000020501,Turbo,0.6064621758921275,5
0504510000000000080615,Apartadó,0.352056901072467,2
0504510000000000020415,Apartadó,0.7011971948044591,4
0583710000000000030426,Turbo,0.544933688630425,5
0504520030201800010102,Apartadó,0.29771238216470625,1
0504510000000000050505,Apartadó,0.79742778013975,5
0583720090104100010209,Turbo,0.2671465726427049,1
0583710000000000010430,Turbo,0.5069113907039702,4
0583710000000000030634,Turbo,0.46783785190258687,4
0504510000000000090119,Apartadó,0.6190405919440718,3
0583710000000000020403,Turbo,0.6707961751387915,5
0504510000000000100402,Apartadó,0.0,1
0504510000000000090320,Apartadó,0.47570208346405907,3
0504510000000000030520,Apartadó,0.9512964574399029,5
0583710000000000040552,Turbo,0.587812909141538,5
0504510000000000060504,Apartadó,0.6972561103191178,4
0583710000000000010716,Turbo,0.5370442698705822,5
0504510000000000030705,Apartadó,0.5837638165636586,3
0504510000000000100232,Apartadó,0.3744773628105988,2
0504510000000000010138,Apartadó,0.4233744995430723,2
0504510000000000070208,Apartadó,0.9239537369479325,5
0583710000000000010303,Turbo,0.5366869992772845,5
0583710000000000020806,Turbo,0.2925373070290148,2
0504510000000000020116,Apartadó,0.7442167520423654,4
0583710000000000050407,Turbo,0.41349454588512025,4
0504510000000000090219,Apartadó,0.49355124594171756,3
0504510000000000060816,Apartadó,0.9620390629961932,5
0504510000000000060324,Apartadó,0.8261669394709101,5
0504510000000000080107,Apartadó,0.5651661248297455,3
0583710000000000010226,Turbo,0.5707216732184575,5
0504510000000000090307,Apartadó,0.48826749162517424,3
0583710000000000040743,Turbo,0.5864479187233996,5
0504510000000000100304,Apartadó,0.48494117223930927,3
0504520010201000010103,Apartadó,0.334995746594419,2
0504510000000000080624,Apartadó,0.340545988022825,2
0583710000000000010311,Turbo,0.522109465297761,5
0504510000000000020560,Apartadó,0.18117000837835648,1
0583710000000000010618,Turbo,0.6756716257436732,5
0514720010400500010104,Carepa,0.36292214922334576,5
0514720010400500010107,Carepa,0.34922173187099737,4
0514720010400500010120,Carepa,0.3262047689140169,2
0514720010400500010125,Carepa,0.32762386783509906,2
0514720010800600010104,Carepa,0.3392881489782921,3
0514720010800600010114,Carepa,0.2268630146752451,1
0514720010801200010105,Carepa,0.3406381441260063,3
0565920010400800010111,San Juan de Urabá,0.14469708946984416,1
0505120020301700010106,Arboletes,0.2124499066076775,1
0583710000000000030805,Turbo,0.42940159072302914,4
0583710000000000050404,Turbo,0.405222635962071,4
0504510000000000070212,Apartadó,0.9257943158715045,5
0504510000000000080322,Apartadó,0.4250097746060916,2
0504510000000000030524,Apartadó,0.9268713855240588,5
0583710000000000040171,Turbo,0.6930459980160689,5
0583710000000000030514,Turbo,0.5328147324621134,5
0504510000000000080516,Apartadó,0.34158710997397645,2
0504510000000000020218,Apartadó,0.8087270134576886,5
0504510000000000070528,Apartadó,0.7558808073938835,4
0504510000000000040618,Apartadó,0.45575649630006837,2
0583710000000000010125,Turbo,0.5068515484902625,4
0504510000000000090405,Apartadó,0.45844205707488234,2
0583710000000000030441,Turbo,0.6522004922407607,5
0504510000000000100135,Apartadó,0.41416264296773386,2
0504510000000000070709,Apartadó,0.7934216401898987,4
0504510000000000010608,Apartadó,0.3571472983146311,2
0583710000000000020610,Turbo,0.6371975060604759,5
0504510000000000100102,Apartadó,0.4270231248799908,2
0583710000000000040525,Turbo,0.5625888898845678,5
0504510000000000060220,Apartadó,0.9128527672460092,5
0504510000000000100214,Apartadó,0.324043003191952,1
0504510000000000020406,Apartadó,0.7113164933279679,4
0504510000000000030413,Apartadó,0.6205200934931111,3
0583710000000000010513,Turbo,0.6857244512155504,5
0583710000000000030437,Turbo,0.5858579381820024,5
0583710000000000020323,Turbo,0.6900297747437205,5
0504510000000000010301,Apartadó,0.5579283115462014,3
0583710000000000030631,Turbo,0.4044933145576555,4
0504510000000000020404,Apartadó,0.7417590033128089,4
0583710000000000040752,Turbo,0.2491841702458701,1
0583710000000000010126,Turbo,0.5011352498080467,4
0583710000000000020504,Turbo,0.5929376728482095,5
0504510000000000090411,Apartadó,0.4832069454553465,3
0504510000000000070703,Apartadó,0.7610732566585499,4
0504510000000000020550,Apartadó,0.5845530144524743,3
0504510000000000020414,Apartadó,0.7298968292845371,4
0583710000000000030734,Turbo,0.4302577609758528,4
0504510000000000070502,Apartadó,0.776077826587797,4
0504510000000000030611,Apartadó,0.9679374175527045,5
0583710000000000040162,Turbo,0.5430787066426854,5
0504510000000000010113,Apartadó,0.5640559534033155,3
0504510000000000050121,Apartadó,0.7011474254917229,4
0504510000000000070720,Apartadó,0.7943351907532173,4
0504510000000000090115,Apartadó,0.6364266677155003,3
0583710000000000030703,Turbo,0.3919657554363077,4
0583710000000000020904,Turbo,0.5107771544998357,4
0504510000000000030106,Apartadó,0.9155833662983998,5
0583710000000000040140,Turbo,0.46075812882925765,4
0504510000000000080625,Apartadó,0.3283474757156305,1
0504510000000000060806,Apartadó,0.9599280061715119,5
0504510000000000030525,Apartadó,0.8633668430751519,5
0504510000000000040318,Apartadó,0.5921528341939134,3
0504510000000000080602,Apartadó,0.35981445677990864,2
0583710000000000040707,Turbo,0.4566132511675184,4
0504510000000000080315,Apartadó,0.4223035266394381,2
0583710000000000030312,Turbo,0.599255109760153,5
0504510000000000070424,Apartadó,0.8627533488571226,5
0504510000000000100303,Apartadó,0.47891145388598805,3
0504510000000000080203,Apartadó,0.4646502440445377,3
0504510000000000100309,Apartadó,0.4923342551559913,3
0504510000000000010128,Apartadó,0.5218682818664554,3
0583710000000000020701,Turbo,0.553180607209181,5
0504510000000000100607,Apartadó,0.3529827985974873,2
0504510000000000020529,Apartadó,0.6236724022010062,3
0504510000000000100236,Apartadó,0.3252118714379974,1
0504510000000000090414,Apartadó,0.4815770592619723,3
0504510000000000100602,Apartadó,0.3700354768001239,2
0583710000000000050511,Turbo,0.4113176177618718,4
0504510000000000020629,Apartadó,0.5907588038443867,3
0504510000000000100613,Apartadó,0.37106852092158177,2
0583710000000000010433,Turbo,0.4389191029873868,4
0504510000000000090418,Apartadó,0.3813482291178035,2
0583710000000000040155,Turbo,0.6164590009580713,5
0504510000000000030708,Apartadó,0.558294887963667,3
0583710000000000030220,Turbo,0.5036228669784729,4
0504510000000000090314,Apartadó,0.4732424414318576,3
0583710000000000040216,Turbo,0.6736396879360073,5
0583710000000000030201,Turbo,0.5165818262918257,4
0583710000000000040145,Turbo,0.5286652528706772,5
0504510000000000060810,Apartadó,0.9664240488012305,5
0504520030201800010118,Apartadó,0.3226756926130178,1
0583710000000000040110,Turbo,0.525034557838869,5
0504510000000000020201,Apartadó,0.7004987293814816,4
0504520030201800010114,Apartadó,0.20522487691949323,1
0583710000000000050406,Turbo,0.4163876081425278,4
0583710000000000010434,Turbo,0.4652880468382383,4
0583710000000000040403,Turbo,0.6102982411647799,5
0504510000000000040714,Apartadó,0.5892574839963606,3
0583710000000000030323,Turbo,0.46224570495717554,4
0504510000000000010310,Apartadó,0.7553934856329254,4
0504510000000000050510,Apartadó,0.7909765761489662,4
0583710000000000030522,Turbo,0.7044309634445155,5
0583710000000000040309,Turbo,0.6524680381954923,5
0583710000000000050123,Turbo,0.3809552137846448,4
0504510000000000060304,Apartadó,0.8571868663582467,5
0504510000000000070314,Apartadó,0.9528727668635919,5
0504510000000000070616,Apartadó,0.784257739181473,4
0504510000000000010707,Apartadó,0.32805420660318696,1
0504510000000000020517,Apartadó,0.7387061173534417,4
0504510000000000070627,Apartadó,0.6636347849377688,4
0583710000000000040203,Turbo,0.5362427848370565,5
0504510000000000030313,Apartadó,0.8108742525883743,5
0504510000000000010111,Apartadó,0.23673407522414797,1
0504510000000000070112,Apartadó,0.7778544201938077,4
0504510000000000050111,Apartadó,0.7959518923246649,4
0583710000000000010216,Turbo,0.4383735434457928,4
0504510000000000060222,Apartadó,0.8634237352400133,5
0504510000000000070420,Apartadó,0.9139014920073136,5
0504510000000000020539,Apartadó,0.02185164574738948,1
0583720090104100010122,Turbo,0.24122354800982118,1
0504510000000000050213,Apartadó,0.6760873816444247,4
0504510000000000070408,Apartadó,0.9064999130162603,5
0583710000000000030521,Turbo,0.6915105165805739,5
0504510000000000040314,Apartadó,0.44184208663207375,2
0583710000000000040746,Turbo,0.5664616707475026,5
0583710000000000050130,Turbo,0.39754094574906096,4
0504510000000000040512,Apartadó,0.576412445577936,3
0504510000000000070228,Apartadó,0.9038969220640789,5
0583710000000000010604,Turbo,0.6902589938239325,5
0504510000000000010513,Apartadó,0.7647345395122764,4
0504510000000000100319,Apartadó,0.3896849116815349,2
0504510000000000010309,Apartadó,0.7526124497702684,4
0583710000000000050402,Turbo,0.4018521401732471,4
0504510000000000090109,Apartadó,0.6400810532177238,3
0504510000000000010502,Apartadó,0.7282607879011653,4
0583710000000000020503,Turbo,0.6089334645672785,5
0514720011200300010111,Carepa,0.2777684825699152,1
0504520030201800010115,Apartadó,0.26310648927364844,1
0504510000000000060809,Apartadó,0.9627855636129148,5
0583720090104100010305,Turbo,0.000927039516555921,1
0583710000000000020104,Turbo,0.6689578240268107,5
0504510000000000040309,Apartadó,0.44334562918665743,2
0504510000000000100401,Apartadó,0.3285386622549982,1
0504510000000000060627,Apartadó,0.7639398938785905,4
0583710000000000010705,Turbo,0.35462475065395954,3
0583710000000000020105,Turbo,0.6551528744718583,5
0504510000000000070719,Apartadó,0.7925924046956175,4
0504510000000000040519,Apartadó,0.4766019129103959,3
0504510000000000060403,Apartadó,0.8094333507103774,5
0504510000000000020222,Apartadó,0.8054961548382087,5
0504510000000000080218,Apartadó,0.5479995008365742,3
0583710000000000040152,Turbo,0.3164052367455102,2
0583710000000000050523,Turbo,0.4082840147303875,4
0504510000000000040723,Apartadó,0.6125891290717874,3
0504510000000000070421,Apartadó,0.8894327906186219,5
0504510000000000090415,Apartadó,0.48818304858733264,3
0583710000000000010616,Turbo,0.20843736826197828,1
0504510000000000040612,Apartadó,0.4883927945897213,3
0583710000000000030227,Turbo,0.3540007932371395,3
0504510000000000080633,Apartadó,0.3838904223864591,2
0504510000000000030208,Apartadó,0.8380056629734093,5
0583710000000000020813,Turbo,0.31759496596251463,2
0583710000000000010603,Turbo,0.6695185484092734,5
0583710000000000010445,Turbo,0.5263809448454531,5
0504510000000000100110,Apartadó,0.3837291081628024,2
0504510000000000060213,Apartadó,0.8824530944000047,5
0504510000000000020622,Apartadó,0.606682269717647,3
0504510000000000100124,Apartadó,0.35669710156696294,2
0504510000000000020617,Apartadó,0.6036035909136236,3
0504510000000000040139,Apartadó,0.6293890111713046,3
0504510000000000070628,Apartadó,0.8095034931881813,5
0504510000000000010610,Apartadó,0.30322412688647665,1
0504510000000000100103,Apartadó,0.4253645906234796,2
0583720090104100010210,Turbo,0.2724967470704307,2
0504510000000000060807,Apartadó,0.924264284824875,5
0583710000000000020130,Turbo,0.5531289073017371,5
0504510000000000010705,Apartadó,0.287637065857007,1
0583710000000000030310,Turbo,0.402250717389772,4
0504510000000000070418,Apartadó,0.9318027161679796,5
0504510000000000010425,Apartadó,0.6087563322690329,3
0583710000000000030636,Turbo,0.4390608899721641,4
0583710000000000030731,Turbo,0.4477949607258065,4
0504510000000000030109,Apartadó,0.8674296668902715,5
0583710000000000040703,Turbo,0.2796876640249176,2
0583710000000000040725,Turbo,0.5036244527916264,4
0504510000000000080314,Apartadó,0.3769683022686834,2
0583710000000000030322,Turbo,0.389793368440746,4
0504510000000000050305,Apartadó,0.6205061841946221,3
0514720010400500010108,Carepa,0.34299680728181847,3
0514720010400500010110,Carepa,0.3545613659400876,5
0514720010400500010127,Carepa,0.33848597413444353,3
0514720010800600010106,Carepa,0.3456416360707467,4
0514720010800600010113,Carepa,0.11941530203384083,1
0514720010400800010104,Carepa,0.3640185568199744,5
0514720010601400010103,Carepa,0.341754837832237,3
0505120020301700010104,Arboletes,0.24314382498252476,1
0565920010400800010101,San Juan de Urabá,0.17288093772273724,1
0583720200100700010103,Turbo,0.3058520395480022,2
0514720010401500010101,Carepa,0.016888455056424348,1
0583710000000000050117,Turbo,0.39035037325234256,4
0504510000000000100403,Apartadó,0.33028150645716897,1
0583710000000000030809,Turbo,0.42308599440197964,4
0504510000000000080320,Apartadó,0.42519243392785766,2
0504510000000000040606,Apartadó,0.44633935454036033,2
0504510000000000080301,Apartadó,0.32696989515005764,1
0583710000000000020209,Turbo,0.6856092489427422,5
0583710000000000040402,Turbo,0.3481695555750724,3
0504510000000000020611,Apartadó,0.6058384544606628,3
0504510000000000010405,Apartadó,0.6014212111058994,3
0504510000000000080323,Apartadó,0.4066384602085028,2
0504510000000000040610,Apartadó,0.44600255728010446,2
0583710000000000020602,Turbo,0.5989655350747355,5
0504510000000000040710,Apartadó,0.4504861590361245,2
0583710000000000040301,Turbo,0.671861785956948,5
0504510000000000040503,Apartadó,0.5499186858150996,3
0504510000000000080120,Apartadó,0.8141179577829534,5
0504510000000000040301,Apartadó,0.6146271266048521,3
0504510000000000080604,Apartadó,0.3519444784171735,2
0583710000000000020404,Turbo,0.6721723036135334,5
0514720010601400010102,Carepa,0.3438207994894573,3
0583710000000000030443,Turbo,0.302937411495292,2
0583710000000000020609,Turbo,0.6484041959762228,5
0504510000000000060108,Apartadó,0.9153687555824792,5
0504510000000000030226,Apartadó,0.7363576976463377,4
0583720090104100010208,Turbo,0.0,1
0583710000000000040747,Turbo,0.3196373163331221,2
0504510000000000070105,Apartadó,0.743550351959233,4
0504510000000000080618,Apartadó,0.2852320334506987,1
0504510000000000010122,Apartadó,0.5908004509905874,3
0583710000000000030613,Turbo,0.45679979855525815,4
0583710000000000030203,Turbo,0.46365350428246166,4
0583710000000000020107,Turbo,0.5692067185542403,5
0504510000000000100408,Apartadó,0.34956553349303304,2
0504510000000000040615,Apartadó,0.4579492730848173,2
0583710000000000010607,Turbo,0.6366536225133379,5
0583710000000000030520,Turbo,0.558739848199482,5
0504510000000000060117,Apartadó,0.9151860420789005,5
0504510000000000020621,Apartadó,0.6069065403415778,3
0504510000000000050113,Apartadó,0.7695707340570592,4
0583710000000000040741,Turbo,0.5905907504785484,5
0583710000000000040522,Turbo,0.5622575127538928,5
0504510000000000040102,Apartadó,0.5961166016666423,3
0583710000000000040217,Turbo,0.684312693206649,5
0504510000000000020548,Apartadó,0.5804779399871735,3
0504510000000000060522,Apartadó,0.8085524042285659,5
0504510000000000020215,Apartadó,0.844225397765358,5
0583710000000000010206,Turbo,0.45511054051622857,4
0583710000000000020801,Turbo,0.07040682417386805,1
0583710000000000020124,Turbo,0.6382050119370856,5
0504510000000000070522,Apartadó,0.7749815527430087,4
0504510000000000090321,Apartadó,0.47581395089099143,3
0504510000000000040208,Apartadó,0.44870078762993093,2
0583710000000000010412,Turbo,0.4514437287938568,4
0583720090104100010215,Turbo,0.020260354056492576,1
0504510000000000100237,Apartadó,0.3274887649931076,1
0504510000000000040516,Apartadó,0.42312171600250703,2
0583710000000000030527,Turbo,0.6878170608978916,5
0583710000000000040137,Turbo,0.11433017745974573,1
0583710000000000050405,Turbo,0.40617760783070617,4
0583710000000000020119,Turbo,0.5409110600683026,5
0504510000000000100224,Apartadó,0.31248921286514325,1
0583710000000000010136,Turbo,0.5632647131551597,5
0583710000000000040758,Turbo,0.5745116269406434,5
0583710000000000010723,Turbo,0.5065136845003144,4
0504510000000000080211,Apartadó,0.5101954913193021,3
0583710000000000040154,Turbo,0.5543336051303055,5
0504510000000000060107,Apartadó,0.9210044567202166,5
0504510000000000030606,Apartadó,0.946447368948719,5
0504510000000000080611,Apartadó,0.35627290550845914,2
0583720090104100010106,Turbo,0.24438363159595863,1
0583710000000000030428,Turbo,0.5930751776491596,5
0504510000000000080220,Apartadó,0.5847344613336546,3
0583710000000000030508,Turbo,0.5527571379241797,5
0504510000000000020601,Apartadó,0.5809206950758844,3
0583710000000000010711,Turbo,0.42488294009654837,4
0504510000000000070735,Apartadó,0.4014391059109072,2
0504510000000000090203,Apartadó,0.4716955987188042,3
0583710000000000050218,Turbo,0.13226450641673548,1
0583710000000000010130,Turbo,0.5066681984972483,4
0583710000000000010116,Turbo,0.5437019102812877,5
0583710000000000010725,Turbo,0.31459726676107175,2
0504510000000000100112,Apartadó,0.4084559367108071,2
0504510000000000100606,Apartadó,0.3766662717264952,2
0504510000000000010305,Apartadó,0.692057066844634,4
0583710000000000010706,Turbo,0.3852797090070125,4
0504510000000000090103,Apartadó,0.6278109986092175,3
0504510000000000060417,Apartadó,0.9409525699611513,5
0504510000000000080106,Apartadó,0.5249442108931954,3
0504510000000000010704,Apartadó,0.2841796669549437,1
0583710000000000030431,Turbo,0.6441235176484357,5
0504510000000000060414,Apartadó,0.7963063698326995,4
0504510000000000010507,Apartadó,0.8613890440191563,5
0504510000000000040204,Apartadó,0.5981542838628308,3
0504510000000000080319,Apartadó,0.35646361356457035,2
0583710000000000050122,Turbo,0.39742856806588206,4
0583710000000000040755,Turbo,0.23371860465716152,1
0504510000000000070503,Apartadó,0.7417557116672926,4
0504510000000000100505,Apartadó,0.21498334494686663,1
0504510000000000100616,Apartadó,0.21830987950449737,1
0514720011200300010105,Carepa,0.24726872268647687,1
0514720011200300010118,Carepa,0.24052004865683368,1
0514720011200300010119,Carepa,0.33151236740869733,2
0514720011200300010121,Carepa,0.32727990078191666,2
0514720010400400010116,Carepa,0.35062718106118484,4
0514720010400500010102,Carepa,0.333020198010137,2
0514720010400500010112,Carepa,0.3497275440871068,4
0514720010400500010119,Carepa,0.34367114800075,3
0514720010800600010105,Carepa,0.3429849846901082,3
0514720010501100010109,Carepa,0.3418732620950567,3
0514720010801200010103,Carepa,0.3500418485509528,4
0514720010801200010104,Carepa,0.34842534986357304,4
0565920010400800010107,San Juan de Urabá,0.0,1
0505120040101900010104,Arboletes,0.30824112479291194,2
0514720010401500010105,Carepa,0.2096822343211567,1
0583710000000000030231,Turbo,0.44971245221899825,4
0504510000000000010604,Apartadó,0.2826899925863502,1
0504510000000000100208,Apartadó,0.32634822853869966,1
0583710000000000030609,Turbo,0.4557729753209457,4
0504510000000000100317,Apartadó,0.43298224516120415,2
0504510000000000010603,Apartadó,0.34061556961147166,2
0583710000000000040116,Turbo,0.5474749505459232,5
0583710000000000040305,Turbo,0.5827548635039174,5
0504510000000000060405,Apartadó,0.7705656935678284,4
0583710000000000020324,Turbo,0.6457528833617291,5
0504510000000000050407,Apartadó,0.6820748859148088,4
0583720090104100010115,Turbo,0.0,1
0583710000000000010517,Turbo,0.694516075946338,5
0583710000000000030709,Turbo,0.4425695566227135,4
0583710000000000030505,Turbo,0.7058515463296166,5
0504510000000000020625,Apartadó,0.6064849897348832,3
0504520030201800010116,Apartadó,0.2578913249439253,1
0583710000000000040619,Turbo,0.3551212892719413,3
0504510000000000020413,Apartadó,0.7198385470091402,4
0583710000000000030718,Turbo,0.48353823824496356,4
0583710000000000030626,Turbo,0.408945437802911,4
0504510000000000020305,Apartadó,0.7133852251500784,4
0583710000000000010622,Turbo,0.6922672193134612,5
0504510000000000030303,Apartadó,0.7979698079232544,5
0504510000000000100116,Apartadó,0.45592366250024274,2
0504510000000000020619,Apartadó,0.6072858867187994,3
0504510000000000060819,Apartadó,0.9618001124627562,5
0583710000000000030424,Turbo,0.5725853184665709,5
0504510000000000090316,Apartadó,0.4524124222276165,2
0583710000000000040751,Turbo,0.25311605400629444,1
0504510000000000010106,Apartadó,0.5858969002176805,3
0504510000000000030418,Apartadó,0.6302515998456202,3
0583710000000000010318,Turbo,0.586038991430392,5
0504510000000000030404,Apartadó,0.6373519375275017,3
0583710000000000030511,Turbo,0.7013434434092954,5
0583710000000000030808,Turbo,0.35381029090663035,3
0583710000000000020305,Turbo,0.6260251355743296,5
0504510000000000070315,Apartadó,0.9369094176171863,5
0504510000000000090402,Apartadó,0.4576691518494261,2
0504510000000000070428,Apartadó,0.9155088455707365,5
0583710000000000020903,Turbo,0.27245743965073066,2
0504510000000000070423,Apartadó,0.7852898825393935,4
0583710000000000020122,Turbo,0.4892457118576623,4
0504510000000000060820,Apartadó,0.9308327394834562,5
0504510000000000040407,Apartadó,0.5868821049032695,3
0504510000000000070122,Apartadó,0.9190799742724859,5
0504510000000000080634,Apartadó,0.3752311059917977,2
0504510000000000060812,Apartadó,0.9111660777339075,5
0504510000000000100314,Apartadó,0.49672873864513595,3
0583710000000000010431,Turbo,0.4634985177333661,4
0504510000000000070434,Apartadó,0.7951751143123648,4
0504510000000000030609,Apartadó,0.9565390315946738,5
0504510000000000090204,Apartadó,0.4657086885381316,3
0504510000000000020410,Apartadó,0.7215424060540762,4
0504510000000000100231,Apartadó,0.3283040138997143,1
0504510000000000030603,Apartadó,0.8248383903595434,5
0504510000000000030205,Apartadó,0.708323022565468,4
0504510000000000070101,Apartadó,0.82398641887565,5
0504510000000000090413,Apartadó,0.4824344604277737,3
0583710000000000050113,Turbo,0.20380217067919879,1
0504510000000000100114,Apartadó,0.42043114793438774,2
0583710000000000040124,Turbo,0.4844895748817512,4
0583710000000000020201,Turbo,0.6288771012504951,5
0583710000000000040736,Turbo,0.5002234529930405,4
0583710000000000020106,Turbo,0.572155606316015,5
0583710000000000050502,Turbo,0.4080875304656703,4
0504510000000000100130,Apartadó,0.4114640307995924,2
0504510000000000030701,Apartadó,0.7273503449562289,4
0504510000000000060110,Apartadó,0.9160293793410429,5
0583710000000000050403,Turbo,0.4144214624420769,4
0504510000000000030323,Apartadó,0.5375570189232274,3
0583720090104100010201,Turbo,0.22647806693342212,1
0583710000000000030802,Turbo,0.4114408263947766,4
0504510000000000050517,Apartadó,0.7919182264336452,4
0504510000000000090505,Apartadó,0.48892762924814626,3
0504510000000000070131,Apartadó,0.9154189932981649,5
0583710000000000030417,Turbo,0.2874487526304724,2
0504510000000000090404,Apartadó,0.4528902467962246,2
0583720090104100010121,Turbo,0.32567643086531484,3
0583710000000000010316,Turbo,0.6800489947296263,5
0504510000000000060425,Apartadó,0.837865742278219,5
0583710000000000040757,Turbo,0.5038483551982721,4
0504510000000000010504,Apartadó,0.6976229251521604,4
0504510000000000070119,Apartadó,0.8809168992601478,5
0504510000000000010133,Apartadó,0.5746090458260423,3
0504510000000000010303,Apartadó,0.7284054746683687,4
0504510000000000010508,Apartadó,0.8179169863047483,5
0504510000000000080321,Apartadó,0.35951317805416794,2
0583710000000000010442,Turbo,0.484142432839837,4
0504510000000000040604,Apartadó,0.45318432292196215,2
0504510000000000100230,Apartadó,0.32642058196284146,1
0583710000000000030717,Turbo,0.4535774850836713,4
0504510000000000040609,Apartadó,0.4888431048593413,3
0504510000000000020623,Apartadó,0.6248958512501932,3
0504510000000000030530,Apartadó,0.9434051586489547,5
0504510000000000010124,Apartadó,0.5971386980774853,3
0504510000000000020552,Apartadó,0.480128237919865,3
0504510000000000040306,Apartadó,0.43922762133577514,2
0504510000000000080118,Apartadó,0.8058624892803263,5
0583710000000000010503,Turbo,0.5311019417623868,5
0504510000000000030114,Apartadó,0.7937019039862669,4
0504510000000000060814,Apartadó,0.9362068813254953,5
0504510000000000080212,Apartadó,0.5501019722793875,3
0583710000000000030801,Turbo,0.3939348911977607,4
0504510000000000030212,Apartadó,0.7840173713811287,4
0504510000000000040205,Apartadó,0.4488415114681585,2
0504510000000000010714,Apartadó,0.2866109540268902,1
0504510000000000020112,Apartadó,0.7231571600900513,4
0504510000000000090319,Apartadó,0.4743527384592082,3
0504510000000000080219,Apartadó,0.562079808707489,3
0583710000000000030736,Turbo,0.390575852814919,4
0583710000000000010712,Turbo,0.5086199803307573,4
0504510000000000010316,Apartadó,0.7632074586113744,4
0504510000000000070631,Apartadó,0.7836381929939902,4
0504510000000000070710,Apartadó,0.7419924726165252,4
0504510000000000090207,Apartadó,0.46105628056169085,2
0504510000000000020542,Apartadó,0.7742073786297532,4
0504510000000000060616,Apartadó,0.7070654716363839,4
0504510000000000020534,Apartadó,0.7651006494897649,4
0504510000000000090309,Apartadó,0.4648092995902632,3
0504510000000000020511,Apartadó,0.3224635753943679,1
0583710000000000010117,Turbo,0.5171876310692278,5
0504510000000000040725,Apartadó,0.6134604894085117,3
0504510000000000030105,Apartadó,0.7942357616278356,4
0504510000000000090323,Apartadó,0.4727241818633768,3
0583710000000000010221,Turbo,0.5306127831745726,5
0583710000000000040528,Turbo,0.47948158433976185,4
0583710000000000040721,Turbo,0.591925197858002,5
0504510000000000050323,Apartadó,0.6471726266986295,4
0504510000000000050317,Apartadó,0.6915478164937667,4
0504510000000000080514,Apartadó,0.4325145860833815,2
0583710000000000010435,Turbo,0.19630695756661903,1
0583710000000000020131,Turbo,0.5592937861531481,5
0504510000000000080409,Apartadó,0.38867523867335874,2
0583710000000000030326,Turbo,0.478164014225425,4
0504510000000000040320,Apartadó,0.6428778383939404,3
0504510000000000100129,Apartadó,0.3413566885549493,2
0504510000000000030207,Apartadó,0.8365968529499977,5
0583710000000000050120,Turbo,0.3877946086382413,4
0583710000000000020816,Turbo,0.45365595253810725,4
0504510000000000030602,Apartadó,0.920741138612244,5
0504510000000000060811,Apartadó,0.9664381522723833,5
0504510000000000030612,Apartadó,0.9676703851912174,5
0504510000000000030322,Apartadó,0.9196104223843359,5
0504510000000000080121,Apartadó,0.8119536147512736,5
0583710000000000040717,Turbo,0.50162633346185,4
0583710000000000010519,Turbo,0.6820449907823859,5
0583710000000000030611,Turbo,0.4530344751881788,4
0504510000000000010524,Apartadó,0.4781664190896841,3
0504520030201800010117,Apartadó,0.35555232649684165,2
0583720090104100010103,Turbo,0.11560048813450406,1
0504510000000000020558,Apartadó,0.45264970742297783,2
0504510000000000020530,Apartadó,0.7543070045260447,4
0504510000000000040621,Apartadó,0.45482873714055544,2
0504510000000000060619,Apartadó,0.7065031888273157,4
0583710000000000040750,Turbo,0.3276271948468034,3
0583710000000000030526,Turbo,0.7039815715724077,5
0504510000000000070438,Apartadó,0.9967112824794859,5
0504510000000000030710,Apartadó,0.19492907816359215,1
0504510000000000020603,Apartadó,0.5771540989101752,3
0514720010400400010103,Carepa,0.32984513148522254,2
0504510000000000080215,Apartadó,0.5566570202262306,3
0583710000000000030434,Turbo,0.5694130724404051,5
0504510000000000050412,Apartadó,0.633046850444993,3
0504510000000000070718,Apartadó,0.7924097205752146,4
0504510000000000020402,Apartadó,0.7638114214551878,4
0504510000000000010525,Apartadó,0.5839869936922905,3
0583710000000000030105,Turbo,0.5966720639158699,5
0504510000000000040405,Apartadó,0.4451591110855571,2
0583710000000000020320,Turbo,0.6760583601179249,5
0504510000000000100341,Apartadó,0.1268438020586054,1
0504510000000000090104,Apartadó,0.6182394634333979,3
0583710000000000040748,Turbo,0.538043639396459,5
0583710000000000020608,Turbo,0.6619840806905983,5
0583710000000000040713,Turbo,0.5939614127614681,5
0504510000000000030617,Apartadó,0.9715212385112627,5
0583720090104100010302,Turbo,0.06264132400853216,1
0583710000000000040406,Turbo,0.6010656599830011,5
0583710000000000020905,Turbo,0.5189069820092324,5
0504520030201800010105,Apartadó,0.11934306512398074,1
0504510000000000080310,Apartadó,0.32770273385425225,1
0583710000000000030413,Turbo,0.4773960839705824,4
0504510000000000100617,Apartadó,0.3297555227582614,1
0504510000000000060202,Apartadó,0.8665827228860462,5
0583720090104100010207,Turbo,0.3166751074025893,2
0583710000000000040211,Turbo,0.3515321321720355,3
0504510000000000040741,Apartadó,0.4690248474679369,3
0504510000000000020202,Apartadó,0.7442859592059424,4
0504510000000000100117,Apartadó,0.43665389212086814,2
0583710000000000020204,Turbo,0.4862922015865425,4
0583710000000000030202,Turbo,0.4673051030471329,4
0504510000000000050303,Apartadó,0.6201087330447248,3
0504510000000000100301,Apartadó,0.4858639978584725,3
0514720010400400010123,Carepa,0.32707672744844324,2
0514720010800600010109,Carepa,0.35608562627038026,5
0514720010601400010108,Carepa,0.2600456589839672,1
0504520020301700010107,Apartadó,0.2394030607353108,1
0504520020301700010109,Apartadó,0.29162272238882864,1
0565920010400800010109,San Juan de Urabá,0.14211465705070353,1
0583710000000000050514,Turbo,0.39300424747827695,4
0504510000000000060501,Apartadó,0.7323493622607185,4
0504510000000000020557,Apartadó,0.28312092424498153,1
0583710000000000030820,Turbo,0.3732921715226336,4
0583710000000000030517,Turbo,0.7008518559427689,5
0583710000000000010144,Turbo,0.45639036564131247,4
0504510000000000100201,Apartadó,0.37302959721916407,2
0504510000000000070123,Apartadó,0.874596709548018,5
0504510000000000070518,Apartadó,0.7705122085269374,4
0504510000000000040214,Apartadó,0.5855046396856181,3
0504510000000000100109,Apartadó,0.3621225938092062,2
0583710000000000040745,Turbo,0.5589486072222463,5
0504510000000000040210,Apartadó,0.45279091711192504,2
0583710000000000030314,Turbo,0.6016702653305931,5
0583710000000000030328,Turbo,0.5108093497033018,4
0504510000000000030704,Apartadó,0.6025953751410605,3
0504520010201000010101,Apartadó,0.3196351020763843,1
0504510000000000030403,Apartadó,0.6152430333305003,3
0583710000000000040212,Turbo,0.5608788030496055,5
0504510000000000060633,Apartadó,0.715893014372097,4
0504510000000000100315,Apartadó,0.47205959801539865,3
0504510000000000010107,Apartadó,0.5479519026114819,3
0583710000000000020407,Turbo,0.6716764316877583,5
0504520010201000010106,Apartadó,0.0,1
0583710000000000030523,Turbo,0.6971561999375085,5
0583710000000000020314,Turbo,0.6622038499509884,5
0504510000000000010613,Apartadó,0.02185164574738948,1
0504510000000000030310,Apartadó,0.8104666753412075,5
0504510000000000040315,Apartadó,0.5952589153031679,3
0504510000000000050503,Apartadó,0.7988472822482602,5
0583710000000000050515,Turbo,0.3897038569446972,4
0583720090104100010304,Turbo,0.13913212281810608,1
0583710000000000030612,Turbo,0.46567602317339807,4
0504510000000000040202,Apartadó,0.5842118158051793,3
0583710000000000050504,Turbo,0.42350783759081656,4
0583710000000000040759,Turbo,0.637299075971443,5
0504510000000000100238,Apartadó,0.2909168182094479,1
0504510000000000090121,Apartadó,0.6144585314200728,3
0504510000000000080217,Apartadó,0.47736588861171353,3
0504510000000000030619,Apartadó,0.5751533496667501,3
0504510000000000050217,Apartadó,0.697563407393339,4
0504510000000000020507,Apartadó,0.25620667198286734,1
0504510000000000080512,Apartadó,0.381738177502904,2
0504520010201000010109,Apartadó,0.0,1
0583710000000000020202,Turbo,0.6016603864783694,5
0504510000000000010611,Apartadó,0.34565095070196467,2
0583710000000000040729,Turbo,0.38937814616275007,4
0504510000000000030502,Apartadó,0.8918277037698925,5
0504510000000000010422,Apartadó,0.25342555343319956,1
0583710000000000030433,Turbo,0.5715740188522257,5
0505120010602000010101,Arboletes,0.2637478492174193,2
0505120010602000010102,Arboletes,0.33545798800663273,2
0505120010602000010103,Arboletes,0.0,1
0505120010602000010105,Arboletes,0.09216692739786661,1
0505120010602000010104,Arboletes,0.08711500464530589,1
