cod_manzana,municipio,min_salud,min_educacion,min_via,min_puerto,score_tiempo_salud,score_tiempo_educ,score_tiempo_puerto
0504520020500200010110,Apartadó,14.9,1.3,9.1,30.1,0.85,1.0,0.4
0504520010301100010115,Apartadó,5.0,0.1,2.9,41.7,1.0,1.0,0.4
0504520010301100010227,Apartadó,6.5,1.6,1.6,40.0,0.85,1.0,0.4
0504520010101400010108,Apartadó,43.9,0.5,15.2,40.2,0.4,1.0,0.4
0505110000000000010139,Arboletes,1.1,1.7,340.9,484.0,1.0,1.0,0.15
0505110000000000010531,Arboletes,1.6,2.4,202.7,288.4,1.0,1.0,0.15
0505110000000000010538,Arboletes,1.5,2.4,202.6,288.3,1.0,1.0,0.15
0514710000000000020412,Carepa,2.2,1.0,2.6,42.1,1.0,1.0,0.4
0549020120301300010103,Necoclí,136.3,2.7,150.6,284.5,0.15,1.0,0.15
0565910000000000010103,San Juan de Urabá,0.6,0.6,174.8,258.9,1.0,1.0,0.15
0565920010100100010125,San Juan de Urabá,34.9,34.9,281.9,418.0,0.4,0.4,0.15
0566510000000000010158,San Pedro de Urabá,1.1,0.8,72.5,154.2,1.0,1.0,0.15
0566510000000000010201,San Pedro de Urabá,0.6,0.4,70.9,152.7,1.0,1.0,0.15
0566510000000000010824,San Pedro de Urabá,2.0,0.9,119.8,256.9,1.0,1.0,0.15
0566510000000000010866,San Pedro de Urabá,1.2,0.2,71.5,153.9,1.0,1.0,0.15
0566510000000000010907,San Pedro de Urabá,1.3,0.3,72.0,153.4,1.0,1.0,0.15
0583720090700100010417,Turbo,2.7,3.6,2.7,86.4,1.0,1.0,0.15
0583720090600300010344,Turbo,16.2,2.3,0.8,65.7,0.65,1.0,0.15
0583720080301000010109,Turbo,14.4,0.2,7.3,84.2,0.85,1.0,0.15
0583720020101300010122,Turbo,37.7,1.0,74.3,161.2,0.4,1.0,0.15
0583720050202800010107,Turbo,30.3,0.2,48.8,135.3,0.4,1.0,0.15
0583720030802900010113,Turbo,24.3,0.3,24.9,100.3,0.65,1.0,0.15
0583720090603100010108,Turbo,17.7,4.3,4.2,99.9,0.65,1.0,0.15
0583720090103900010112,Turbo,16.5,5.4,17.3,141.9,0.65,0.85,0.15
0583720100700200020108,Turbo,39.1,1.2,0.5,51.4,0.4,1.0,0.4
0583720100700200020205,Turbo,38.8,0.7,1.7,53.4,0.4,1.0,0.4
0504520020500200010121,Apartadó,15.5,1.4,9.5,30.0,0.65,1.0,0.65
0504520020300900010117,Apartadó,22.4,0.7,1.1,29.3,0.65,1.0,0.65
0505110000000000011003,Arboletes,0.2,1.4,339.1,482.0,1.0,1.0,0.15
0505110000000000011114,Arboletes,3.0,3.0,336.4,479.5,1.0,1.0,0.15
0505120030200900010106,Arboletes,36.0,35.8,139.8,225.0,0.4,0.4,0.15
0505120040101000010106,Arboletes,89.1,37.4,220.7,365.1,0.15,0.4,0.15
0505120030101100010132,Arboletes,58.4,58.4,250.2,393.9,0.4,0.4,0.15
0514710000000000010221,Carepa,4.9,0.9,0.8,36.7,1.0,1.0,0.4
0549010000000000010436,Necoclí,146.7,0.4,147.7,273.3,0.15,1.0,0.15
0549020120100700010110,Necoclí,84.2,3.5,84.8,160.4,0.15,1.0,0.15
0566510000000000010867,San Pedro de Urabá,1.7,0.8,119.4,256.5,1.0,1.0,0.15
0583720100700200010503,Turbo,39.8,0.7,0.4,52.7,0.4,1.0,0.4
0583720100400800010114,Turbo,17.2,1.3,1.7,65.1,0.65,1.0,0.15
0583720090603100010111,Turbo,17.5,4.3,4.0,99.8,0.65,1.0,0.15
0583720050603700010101,Turbo,53.4,14.9,65.8,207.6,0.4,0.85,0.15
0514710000000000010410,Carepa,3.9,0.6,0.5,38.0,1.0,1.0,0.4
0549020050300500010101,Necoclí,78.3,2.7,107.3,185.5,0.15,1.0,0.15
0565910000000000010312,San Juan de Urabá,0.3,0.3,292.5,432.7,1.0,1.0,0.15
0566510000000000010738,San Pedro de Urabá,1.4,0.1,71.7,153.0,1.0,1.0,0.15
0514710000000000010323,Carepa,2.9,0.5,0.4,22.1,1.0,1.0,0.65
0514710000000000010516,Carepa,3.2,0.3,1.9,40.2,1.0,1.0,0.4
0514710000000000020214,Carepa,4.6,1.7,4.5,42.6,1.0,1.0,0.4
0514710000000000020426,Carepa,0.6,0.9,0.8,24.8,1.0,1.0,0.65
0514710000000000020430,Carepa,2.5,0.7,2.9,42.2,1.0,1.0,0.4
0514710000000000020507,Carepa,1.0,1.0,1.6,42.1,1.0,1.0,0.4
0514720011001000010101,Carepa,18.1,3.5,1.5,32.6,0.65,1.0,0.4
0514720011001000010110,Carepa,17.6,3.0,1.7,33.0,0.65,1.0,0.4
0517210000000000010217,Chigorodó,40.7,0.4,4.6,68.9,0.4,1.0,0.15
0517210000000000010514,Chigorodó,38.9,0.2,3.0,67.7,0.4,1.0,0.15
0517210000000000010526,Chigorodó,24.9,1.0,2.0,42.6,0.65,1.0,0.4
0517210000000000020312,Chigorodó,39.4,0.6,1.0,69.8,0.4,1.0,0.15
0517210000000000030207,Chigorodó,23.0,0.3,0.6,41.1,0.65,1.0,0.4
0517210000000000050108,Chigorodó,37.8,0.4,0.9,68.8,0.4,1.0,0.15
0517210000000000050519,Chigorodó,23.4,0.2,0.6,42.2,0.65,1.0,0.4
0517210000000000050704,Chigorodó,38.6,1.6,2.0,71.3,0.4,1.0,0.15
0517210000000000060407,Chigorodó,41.0,1.2,2.2,71.5,0.4,1.0,0.15
0517210000000000060710,Chigorodó,42.5,0.8,2.4,74.2,0.4,1.0,0.15
0517210000000000060739,Chigorodó,25.2,0.4,1.5,44.6,0.65,1.0,0.4
0517210000000000060904,Chigorodó,42.7,1.1,2.9,73.7,0.4,1.0,0.15
0549020030200400010122,Necoclí,35.0,35.0,153.2,233.7,0.4,0.4,0.15
0565910000000000010104,San Juan de Urabá,0.4,0.4,174.7,258.7,1.0,1.0,0.15
0566510000000000011008,San Pedro de Urabá,5.7,3.9,118.7,257.0,0.85,1.0,0.15
0583720110201800010317,Turbo,55.5,13.8,47.5,131.8,0.4,0.85,0.15
0583720110201800010331,Turbo,56.6,12.7,48.8,132.3,0.4,0.85,0.15
0504520020300900010209,Apartadó,22.1,1.5,3.2,27.3,0.65,1.0,0.65
0504520020300900010212,Apartadó,22.1,0.7,1.3,29.2,0.65,1.0,0.65
0504520010301100010216,Apartadó,4.1,1.2,0.8,23.8,1.0,1.0,0.65
0505110000000000010119,Arboletes,0.4,0.9,204.0,289.9,1.0,1.0,0.15
0505110000000000010215,Arboletes,0.4,0.4,340.2,483.2,1.0,1.0,0.15
0505120020500300010102,Arboletes,54.8,33.9,146.7,233.6,0.4,0.4,0.15
0514710000000000020510,Carepa,1.3,0.9,1.7,42.5,1.0,1.0,0.4
0549010000000000010102,Necoclí,89.6,0.7,90.2,165.4,0.15,1.0,0.15
0549010000000000010224,Necoclí,87.8,0.3,88.4,163.8,0.15,1.0,0.15
0549020050300500010208,Necoclí,131.5,3.4,177.7,308.0,0.15,1.0,0.15
0549020050300500010218,Necoclí,131.7,3.3,177.8,308.0,0.15,1.0,0.15
0549020120600600010110,Necoclí,122.0,1.0,123.0,249.0,0.15,1.0,0.15
0565910000000000010206,San Juan de Urabá,0.5,0.5,175.1,259.2,1.0,1.0,0.15
0565910000000000010216,San Juan de Urabá,0.5,0.5,175.0,259.1,1.0,1.0,0.15
0565910000000000010509,San Juan de Urabá,0.1,0.1,295.7,436.1,1.0,1.0,0.15
0565920020300400010103,San Juan de Urabá,31.7,31.7,143.0,227.1,0.4,0.4,0.15
0565920010200600010104,San Juan de Urabá,13.9,13.9,165.8,248.7,0.85,0.85,0.15
0566510000000000010662,San Pedro de Urabá,0.7,0.5,72.1,153.9,1.0,1.0,0.15
0566510000000000010725,San Pedro de Urabá,2.0,1.2,118.3,254.0,1.0,1.0,0.15
0566510000000000010840,San Pedro de Urabá,1.3,0.6,119.2,256.2,1.0,1.0,0.15
0583720090700100010115,Turbo,2.6,3.8,2.3,87.9,1.0,1.0,0.15
0583720090700100010139,Turbo,1.7,3.1,2.6,88.7,1.0,1.0,0.15
0583720090700100010141,Turbo,3.7,5.0,1.1,87.8,1.0,1.0,0.15
0583720090700100020231,Turbo,1.3,0.1,0.6,88.0,1.0,1.0,0.15
0583720100700200020512,Turbo,36.8,2.6,0.9,52.5,0.4,1.0,0.4
0583720090600300010105,Turbo,18.5,0.2,0.0,69.1,0.65,1.0,0.15
0583720090600300010312,Turbo,30.9,0.3,0.8,113.2,0.4,1.0,0.15
0504520030101500010112,Apartadó,19.8,2.2,1.9,32.8,0.65,1.0,0.4
0504520020300900010226,Apartadó,22.4,0.3,1.5,28.9,0.65,1.0,0.65
0505110000000000011016,Arboletes,1.3,2.0,337.8,480.8,1.0,1.0,0.15
0505120030101100010135,Arboletes,58.4,58.4,250.0,393.7,0.4,0.4,0.15
0505120030101100010136,Arboletes,58.6,58.6,250.0,393.7,0.4,0.4,0.15
0514710000000000020105,Carepa,4.2,1.3,3.8,41.8,1.0,1.0,0.4
0549010000000000010811,Necoclí,153.1,2.1,154.1,279.8,0.15,1.0,0.15
0565920010300300010127,San Juan de Urabá,21.6,21.6,285.7,423.5,0.65,0.65,0.15
0566510000000000030103,San Pedro de Urabá,1.5,1.2,69.4,151.7,1.0,1.0,0.15
0566520040200800010101,San Pedro de Urabá,80.4,6.2,183.2,326.8,0.15,0.85,0.15
0583720100400800010111,Turbo,16.9,1.6,2.1,64.7,0.65,1.0,0.15
0514710000000000010132,Carepa,4.6,2.1,1.6,36.6,1.0,1.0,0.4
0514710000000000010621,Carepa,3.1,1.0,1.3,23.4,1.0,1.0,0.65
0514710000000000010726,Carepa,2.2,1.0,1.8,40.9,1.0,1.0,0.4
0514710000000000020909,Carepa,5.7,2.6,6.1,44.8,0.85,1.0,0.4
0514710000000000030101,Carepa,2.6,0.5,0.5,38.6,1.0,1.0,0.4
0514710000000000030639,Carepa,2.6,1.7,2.8,43.9,1.0,1.0,0.4
0517210000000000010121,Chigorodó,38.1,1.2,4.1,66.1,0.4,1.0,0.15
0517210000000000010213,Chigorodó,41.2,1.0,4.6,69.7,0.4,1.0,0.15
0517210000000000010601,Chigorodó,38.6,0.3,2.2,67.9,0.4,1.0,0.15
0517210000000000020407,Chigorodó,41.5,1.8,2.9,71.4,0.4,1.0,0.15
0517210000000000020436,Chigorodó,42.9,2.3,4.4,72.4,0.4,1.0,0.15
0517210000000000030114,Chigorodó,38.3,0.5,1.4,68.0,0.4,1.0,0.15
0517210000000000040106,Chigorodó,21.8,0.9,0.4,40.3,0.65,1.0,0.4
0517210000000000050415,Chigorodó,39.0,0.8,1.1,71.0,0.4,1.0,0.15
0517210000000000050505,Chigorodó,38.8,0.4,1.5,70.4,0.4,1.0,0.15
0517210000000000050607,Chigorodó,23.4,0.2,0.4,42.1,0.65,1.0,0.4
0517210000000000060211,Chigorodó,40.9,0.6,0.9,72.8,0.4,1.0,0.15
0517210000000000060512,Chigorodó,41.8,0.4,2.5,72.7,0.4,1.0,0.15
0517210000000000060711,Chigorodó,42.5,1.1,2.5,74.1,0.4,1.0,0.15
0517210000000000060719,Chigorodó,41.6,0.8,2.1,74.0,0.4,1.0,0.15
0517210000000000060722,Chigorodó,42.4,0.5,2.6,74.6,0.4,1.0,0.15
0549020030200400010109,Necoclí,58.5,58.5,257.4,391.4,0.4,0.4,0.15
0565910000000000010139,San Juan de Urabá,2.7,2.7,291.5,431.4,1.0,1.0,0.15
0583720110201800010104,Turbo,33.5,8.0,28.0,79.6,0.4,0.85,0.15
0583720110201800010203,Turbo,57.5,11.7,47.8,133.9,0.4,0.85,0.15
0583720110201800010307,Turbo,34.2,7.3,28.9,79.9,0.4,0.85,0.15
0505110000000000010328,Arboletes,1.9,1.9,337.5,480.6,1.0,1.0,0.15
0505110000000000010517,Arboletes,1.6,3.0,338.2,481.1,1.0,1.0,0.15
0505110000000000011117,Arboletes,3.1,3.1,336.3,479.4,1.0,1.0,0.15
0514710000000000020612,Carepa,2.2,0.6,2.8,42.7,1.0,1.0,0.4
0549010000000000010204,Necoclí,88.3,0.1,88.9,164.2,0.15,1.0,0.15
0565920010300300010106,San Juan de Urabá,23.0,23.0,285.2,422.8,0.65,0.65,0.15
0566510000000000030102,San Pedro de Urabá,1.3,1.1,69.6,151.8,1.0,1.0,0.15
0583720090700100020303,Turbo,3.4,2.9,1.5,90.5,1.0,1.0,0.15
0583720090600300010106,Turbo,29.9,0.5,0.6,115.1,0.65,1.0,0.15
0505120020500300010103,Arboletes,54.8,34.1,146.9,233.8,0.4,0.4,0.15
0504520020300900010205,Apartadó,22.4,1.7,3.4,27.1,0.65,1.0,0.65
0504520020300900010315,Apartadó,21.8,2.7,0.9,31.3,0.65,1.0,0.4
0505110000000000010814,Arboletes,0.2,2.5,339.9,483.1,1.0,1.0,0.15
0505110000000000011002,Arboletes,0.3,0.7,203.7,289.5,1.0,1.0,0.15
0505110000000000011014,Arboletes,1.3,1.6,337.9,481.0,1.0,1.0,0.15
0549010000000000010409,Necoclí,88.5,0.4,89.1,164.4,0.15,1.0,0.15
0549010000000000010717,Necoclí,151.8,0.3,152.8,278.4,0.15,1.0,0.15
0549020120300300010112,Necoclí,78.4,1.5,83.1,163.3,0.15,1.0,0.15
0549020120100700010117,Necoclí,140.4,5.5,141.5,267.4,0.15,0.85,0.15
0549020090200800010113,Necoclí,58.2,18.0,117.0,200.5,0.4,0.65,0.15
0549020040400900010120,Necoclí,69.3,13.3,118.0,196.2,0.15,0.85,0.15
0549020120301400010109,Necoclí,83.4,0.9,86.3,165.2,0.15,1.0,0.15
0565920010100100010110,San Juan de Urabá,34.7,34.7,281.9,418.0,0.4,0.4,0.15
0565920010300300010122,San Juan de Urabá,22.8,22.8,285.4,423.0,0.65,0.65,0.15
0565920010300300010129,San Juan de Urabá,22.8,22.8,284.3,422.0,0.65,0.65,0.15
0566510000000000010659,San Pedro de Urabá,1.8,1.2,120.6,257.0,1.0,1.0,0.15
0566510000000000010723,San Pedro de Urabá,1.4,0.8,119.1,254.9,1.0,1.0,0.15
0566510000000000010859,San Pedro de Urabá,1.4,1.0,119.0,256.1,1.0,1.0,0.15
0583720090700100010102,Turbo,3.3,4.6,1.5,87.9,1.0,1.0,0.15
0583720090700100020115,Turbo,1.1,0.4,0.1,52.3,1.0,1.0,0.4
0583720100700200020420,Turbo,37.2,2.0,0.1,52.0,0.4,1.0,0.4
0583720080301000010116,Turbo,14.0,0.9,6.7,83.5,0.85,1.0,0.15
0583720090302300010103,Turbo,8.2,0.7,3.6,120.3,0.85,1.0,0.15
0583720090603100010110,Turbo,17.6,4.2,4.0,99.9,0.65,1.0,0.15
0514710000000000010525,Carepa,3.2,1.1,1.1,23.0,1.0,1.0,0.65
0514710000000000010613,Carepa,3.9,0.5,2.2,40.1,1.0,1.0,0.4
0514710000000000020238,Carepa,6.8,3.4,7.1,45.0,0.85,1.0,0.4
0514710000000000020302,Carepa,2.7,0.8,3.3,43.0,1.0,1.0,0.4
0514710000000000030203,Carepa,1.9,0.8,0.2,39.3,1.0,1.0,0.4
0514710000000000030526,Carepa,1.8,2.9,1.0,40.9,1.0,1.0,0.4
0514710000000000030546,Carepa,2.0,3.1,1.3,41.8,1.0,1.0,0.4
0514710000000000030547,Carepa,1.9,3.0,1.3,42.0,1.0,1.0,0.4
0514720011001000010107,Carepa,17.9,3.4,1.7,32.8,0.65,1.0,0.4
0517210000000000010322,Chigorodó,40.7,0.5,4.1,69.3,0.4,1.0,0.15
0517210000000000020106,Chigorodó,40.5,1.3,2.5,70.3,0.4,1.0,0.15
0517210000000000030214,Chigorodó,38.6,0.4,0.9,69.0,0.4,1.0,0.15
0517210000000000050327,Chigorodó,23.1,1.4,1.6,42.9,0.65,1.0,0.4
0517210000000000050428,Chigorodó,39.4,0.9,0.7,71.3,0.4,1.0,0.15
0517210000000000060121,Chigorodó,40.5,0.6,1.6,71.6,0.4,1.0,0.15
0517210000000000060607,Chigorodó,25.0,0.1,1.0,44.1,0.65,1.0,0.4
0517210000000000060720,Chigorodó,41.6,0.6,2.0,73.9,0.4,1.0,0.15
0517210000000000061014,Chigorodó,43.3,1.3,3.4,75.2,0.4,1.0,0.15
0549020090501500010103,Necoclí,68.4,0.9,93.0,177.5,0.15,1.0,0.15
0565910000000000010217,San Juan de Urabá,0.6,0.6,175.6,259.6,1.0,1.0,0.15
0565910000000000010407,San Juan de Urabá,0.6,0.6,176.0,260.2,1.0,1.0,0.15
0566510000000000020109,San Pedro de Urabá,0.7,0.6,118.4,254.7,1.0,1.0,0.15
0504520020500200010113,Apartadó,14.9,1.4,9.2,30.0,0.85,1.0,0.65
0504520020500200010309,Apartadó,13.7,0.4,7.7,31.5,0.85,1.0,0.4
0504520020300900010119,Apartadó,13.3,0.8,0.3,18.0,0.85,1.0,0.65
0505110000000000010918,Arboletes,0.9,3.5,340.6,483.9,1.0,1.0,0.15
0505110000000000011103,Arboletes,2.4,2.4,337.0,480.1,1.0,1.0,0.15
0505110000000000011111,Arboletes,2.7,2.7,336.7,479.8,1.0,1.0,0.15
0505120040101000010101,Arboletes,53.3,22.6,132.6,219.3,0.4,0.65,0.15
0505120040101000010122,Arboletes,53.0,22.5,131.7,218.3,0.4,0.65,0.15
0505120030101100010125,Arboletes,34.6,34.6,152.0,238.2,0.4,0.4,0.15
0549010000000000010210,Necoclí,146.8,0.9,147.8,273.3,0.15,1.0,0.15
0549010000000000010804,Necoclí,153.6,2.3,154.6,280.2,0.15,1.0,0.15
0549020030300200010110,Necoclí,60.9,36.6,143.9,219.9,0.15,0.4,0.15
0549020120600600010114,Necoclí,52.4,0.1,52.9,106.8,0.4,1.0,0.15
0566510000000000010355,San Pedro de Urabá,1.8,0.2,69.3,151.2,1.0,1.0,0.15
0566510000000000020113,San Pedro de Urabá,2.2,2.3,117.2,253.2,1.0,1.0,0.15
0583720090700100010612,Turbo,1.7,1.4,0.8,51.4,1.0,1.0,0.4
0583720090700100020421,Turbo,2.4,1.7,0.4,53.7,1.0,1.0,0.4
0583720100700200010306,Turbo,40.4,1.0,0.3,53.2,0.4,1.0,0.4
0583720100700200010403,Turbo,39.7,0.1,0.9,53.6,0.4,1.0,0.4
0583720100400800010108,Turbo,17.3,1.5,1.9,65.0,0.65,1.0,0.15
0583720100400800010206,Turbo,18.6,0.6,0.9,66.6,0.65,1.0,0.15
0583720090302500010101,Turbo,4.5,1.1,4.5,57.6,1.0,1.0,0.4
0504520050300100010102,Apartadó,22.4,0.5,21.7,75.2,0.65,1.0,0.15
0504520020500200010123,Apartadó,15.4,1.4,9.4,30.0,0.65,1.0,0.65
0505110000000000010412,Arboletes,0.4,0.5,204.0,289.8,1.0,1.0,0.15
0505120060600500010106,Arboletes,69.1,12.0,131.3,217.6,0.15,0.85,0.15
0514710000000000010122,Carepa,2.2,0.2,0.5,39.1,1.0,1.0,0.4
0565920010100500010112,San Juan de Urabá,33.5,33.5,270.5,407.6,0.4,0.4,0.15
0565920010200600010105,San Juan de Urabá,23.3,23.3,276.4,414.5,0.65,0.65,0.15
0549010000000000010110,Necoclí,147.9,0.5,149.0,274.4,0.15,1.0,0.15
0549010000000000010131,Necoclí,88.1,0.6,88.7,163.9,0.15,1.0,0.15
0549010000000000010907,Necoclí,153.7,3.3,154.8,280.5,0.15,1.0,0.15
0549020120600100010232,Necoclí,102.3,2.9,103.3,229.3,0.15,1.0,0.15
0549020030300200010130,Necoclí,100.5,62.8,241.6,368.4,0.15,0.15,0.15
0549020090200800010104,Necoclí,58.0,17.5,117.0,200.7,0.4,0.65,0.15
0549020090501500010119,Necoclí,68.7,0.2,92.4,176.8,0.15,1.0,0.15
0565920010100100010118,San Juan de Urabá,21.2,21.2,168.5,250.1,0.65,0.65,0.15
0566510000000000010549,San Pedro de Urabá,1.0,0.2,71.9,154.0,1.0,1.0,0.15
0566510000000000010658,San Pedro de Urabá,1.6,0.9,120.4,256.8,1.0,1.0,0.15
0583720090700100010202,Turbo,3.2,4.4,1.7,87.5,1.0,1.0,0.15
0583720090700100010221,Turbo,2.1,3.3,2.7,88.0,1.0,1.0,0.15
0583720090700100010305,Turbo,2.1,3.3,2.6,87.5,1.0,1.0,0.15
0583720100700200020216,Turbo,38.6,0.9,1.2,52.8,0.4,1.0,0.4
0583720100700200020319,Turbo,37.8,1.5,0.8,52.5,0.4,1.0,0.4
0583720100700200020321,Turbo,37.8,1.7,1.0,52.8,0.4,1.0,0.4
0583720100700200020404,Turbo,38.5,0.7,0.9,52.5,0.4,1.0,0.4
0583720100700200020514,Turbo,37.2,2.1,0.4,52.3,0.4,1.0,0.4
0583720050200500010102,Turbo,23.0,0.2,48.1,131.9,0.65,1.0,0.15
0583720080301000010115,Turbo,23.7,1.4,11.2,139.4,0.65,1.0,0.15
0583720030802900010102,Turbo,25.1,0.5,25.7,101.1,0.65,1.0,0.15
0514710000000000010614,Carepa,4.0,0.7,2.5,40.4,1.0,1.0,0.4
0514710000000000020609,Carepa,1.7,0.7,2.2,42.3,1.0,1.0,0.4
0514710000000000020904,Carepa,5.4,2.3,5.8,44.3,0.85,1.0,0.4
0514710000000000030109,Carepa,2.1,0.2,0.5,39.2,1.0,1.0,0.4
0514710000000000030436,Carepa,1.0,2.2,0.4,40.8,1.0,1.0,0.4
0514710000000000030548,Carepa,1.9,2.9,1.3,42.2,1.0,1.0,0.4
0514710000000000030549,Carepa,1.9,2.7,1.4,42.3,1.0,1.0,0.4
0514720011001000010104,Carepa,18.1,3.6,2.1,33.2,0.65,1.0,0.4
0514720011001000010130,Carepa,17.2,2.7,1.8,33.1,0.65,1.0,0.4
0517210000000000010114,Chigorodó,37.8,1.1,2.9,66.6,0.4,1.0,0.15
0517210000000000020422,Chigorodó,42.5,1.1,3.7,72.6,0.4,1.0,0.15
0517210000000000050203,Chigorodó,37.9,0.2,0.9,69.1,0.4,1.0,0.15
0517210000000000050322,Chigorodó,38.2,0.8,1.9,70.6,0.4,1.0,0.15
0517210000000000050608,Chigorodó,38.9,0.4,0.4,69.9,0.4,1.0,0.15
0517210000000000050807,Chigorodó,39.9,0.6,0.5,72.0,0.4,1.0,0.15
0517210000000000060404,Chigorodó,40.9,0.9,2.1,71.6,0.4,1.0,0.15
0517210000000000060706,Chigorodó,42.1,0.3,2.2,74.1,0.4,1.0,0.15
0517210000000000060819,Chigorodó,42.7,0.6,3.3,73.3,0.4,1.0,0.15
0565910000000000010310,San Juan de Urabá,0.1,0.1,292.3,432.6,1.0,1.0,0.15
0565910000000000010605,San Juan de Urabá,2.9,2.9,290.8,431.2,1.0,1.0,0.15
0583720110201800010309,Turbo,33.9,7.6,28.7,79.6,0.4,0.85,0.15
0504520010301100010234,Apartadó,6.9,2.6,0.4,39.2,0.85,1.0,0.4
0505110000000000010326,Arboletes,2.0,1.9,337.5,480.6,1.0,1.0,0.15
0514710000000000030410,Carepa,0.7,1.9,0.4,40.7,1.0,1.0,0.4
0549020030300200010119,Necoclí,101.8,60.7,239.5,366.3,0.15,0.15,0.15
0549020030300200010211,Necoclí,60.3,36.7,144.0,220.1,0.15,0.4,0.15
0549020120100700010115,Necoclí,141.5,7.0,142.5,268.5,0.15,0.85,0.15
0566510000000000030112,San Pedro de Urabá,2.3,1.3,115.7,252.7,1.0,1.0,0.15
0583720090700100020348,Turbo,4.2,3.7,2.2,91.3,1.0,1.0,0.15
0583720090600300010215,Turbo,18.1,0.3,1.1,68.0,0.65,1.0,0.15
0583720080301000010121,Turbo,13.6,0.8,7.3,83.9,0.85,1.0,0.15
0583720070201200010117,Turbo,71.7,0.3,49.7,193.6,0.15,1.0,0.15
0583720050603700010103,Turbo,52.6,14.6,66.5,208.1,0.4,0.85,0.15
0504520010301100010225,Apartadó,5.7,1.2,1.7,40.6,0.85,1.0,0.4
0504520030101500010115,Apartadó,19.6,2.5,2.3,33.3,0.65,1.0,0.4
0504520010101600010114,Apartadó,34.4,4.7,15.5,36.0,0.4,1.0,0.4
0504520020500200010119,Apartadó,14.8,1.7,9.2,29.8,0.85,1.0,0.65
0504520010301100010114,Apartadó,5.3,0.5,2.5,41.2,0.85,1.0,0.4
0505110000000000010138,Arboletes,0.5,2.4,340.8,484.0,1.0,1.0,0.15
0505110000000000010343,Arboletes,1.9,1.9,337.5,480.6,1.0,1.0,0.15
0505110000000000011009,Arboletes,1.4,1.4,338.1,481.1,1.0,1.0,0.15
0505120060400100010107,Arboletes,124.0,62.8,262.1,405.9,0.15,0.15,0.15
0505120020500300010107,Arboletes,55.3,33.5,146.4,233.2,0.4,0.4,0.15
0505120040101000010123,Arboletes,53.2,22.3,131.8,218.4,0.4,0.65,0.15
0505120030101100010101,Arboletes,56.6,56.6,253.8,397.5,0.4,0.4,0.15
0517220060601500010102,Chigorodó,47.9,5.9,8.5,77.3,0.4,0.85,0.15
0549020120600100010127,Necoclí,102.2,2.8,103.3,229.2,0.15,1.0,0.15
0549020030300200010128,Necoclí,100.1,63.2,242.0,368.8,0.15,0.15,0.15
0549020120600600010118,Necoclí,52.0,0.4,52.5,106.4,0.4,1.0,0.15
0549020040400900010109,Necoclí,113.3,24.1,198.2,328.9,0.15,0.65,0.15
0565920010100100010129,San Juan de Urabá,21.4,21.4,168.5,250.1,0.65,0.65,0.15
0565920010300300010134,San Juan de Urabá,13.3,13.3,171.1,253.7,0.85,0.85,0.15
0565920010100500010108,San Juan de Urabá,33.4,33.4,270.7,407.8,0.4,0.4,0.15
0566510000000000010126,San Pedro de Urabá,1.0,0.8,119.9,255.9,1.0,1.0,0.15
0566510000000000010826,San Pedro de Urabá,0.5,0.4,71.1,153.3,1.0,1.0,0.15
0566520020300300010102,San Pedro de Urabá,71.1,29.3,141.1,224.3,0.15,0.65,0.15
0583720100700200010213,Turbo,40.0,0.5,0.9,53.8,0.4,1.0,0.4
0583720090700100010715,Turbo,2.3,1.8,0.3,51.0,1.0,1.0,0.4
0583720090600300010327,Turbo,17.1,1.4,0.3,67.0,0.65,1.0,0.15
0583720030700600010103,Turbo,37.1,0.2,37.7,113.1,0.4,1.0,0.15
0583720100400800010105,Turbo,17.1,1.8,2.3,64.7,0.65,1.0,0.15
0583720100400800010113,Turbo,17.3,1.3,1.8,65.1,0.65,1.0,0.15
0583720080301000010103,Turbo,24.4,0.9,12.0,140.4,0.65,1.0,0.15
0583720090102700010104,Turbo,10.5,0.2,9.0,82.9,0.85,1.0,0.15
0583720050202800010101,Turbo,50.1,0.9,82.4,226.7,0.4,1.0,0.15
0514710000000000010402,Carepa,3.7,0.3,0.6,37.9,1.0,1.0,0.4
0514710000000000010714,Carepa,2.5,0.5,2.2,41.2,1.0,1.0,0.4
0514710000000000020228,Carepa,6.8,2.7,6.9,44.5,0.85,1.0,0.4
0514710000000000020311,Carepa,3.2,0.3,2.9,41.6,1.0,1.0,0.4
0514710000000000020523,Carepa,1.4,0.8,2.0,42.1,1.0,1.0,0.4
0514710000000000030113,Carepa,2.5,0.6,0.5,38.7,1.0,1.0,0.4
0514710000000000030405,Carepa,0.5,1.8,0.3,40.8,1.0,1.0,0.4
0514710000000000030555,Carepa,1.6,2.2,1.3,42.4,1.0,1.0,0.4
0517210000000000010117,Chigorodó,23.4,0.3,2.4,40.3,0.65,1.0,0.4
0517210000000000020402,Chigorodó,41.0,1.8,2.5,70.9,0.4,1.0,0.15
0517210000000000050128,Chigorodó,38.3,0.5,0.5,69.3,0.4,1.0,0.15
0517210000000000050319,Chigorodó,38.2,0.6,1.9,70.5,0.4,1.0,0.15
0517210000000000050814,Chigorodó,24.3,0.1,0.6,43.7,0.65,1.0,0.4
0517210000000000060822,Chigorodó,42.5,1.3,2.6,73.7,0.4,1.0,0.15
0565910000000000010614,San Juan de Urabá,1.4,1.4,291.8,432.1,1.0,1.0,0.15
0565910000000000010801,San Juan de Urabá,1.9,1.9,289.3,429.5,1.0,1.0,0.15
0566510000000000010865,San Pedro de Urabá,2.5,0.7,118.9,256.3,1.0,1.0,0.15
0583720110201800010129,Turbo,33.2,8.3,28.0,79.3,0.4,0.85,0.15
0504520010101400010106,Apartadó,26.2,0.5,8.9,24.3,0.65,1.0,0.65
0505110000000000010322,Arboletes,1.7,1.7,337.8,480.9,1.0,1.0,0.15
0504520010301100010218,Apartadó,6.5,1.9,1.2,39.8,0.85,1.0,0.4
0504520020300900010126,Apartadó,21.9,2.0,0.3,30.6,0.65,1.0,0.4
0504520020300900010323,Apartadó,12.9,1.3,0.4,18.4,0.85,1.0,0.65
0505110000000000010405,Arboletes,0.8,0.8,341.0,483.9,1.0,1.0,0.15
0549020120101100010106,Necoclí,77.8,0.5,78.5,154.0,0.15,1.0,0.15
0549010000000000010116,Necoclí,147.6,0.5,148.6,274.0,0.15,1.0,0.15
0549010000000000010229,Necoclí,88.5,0.5,89.2,164.4,0.15,1.0,0.15
0549010000000000010702,Necoclí,152.9,1.4,153.9,279.5,0.15,1.0,0.15
0549020120301400010102,Necoclí,82.8,0.5,86.8,166.0,0.15,1.0,0.15
0583720100700200010303,Turbo,40.2,0.5,0.6,53.7,0.4,1.0,0.4
0583720100700200020308,Turbo,38.3,1.2,1.4,53.0,0.4,1.0,0.4
0566510000000000010125,San Pedro de Urabá,1.5,0.5,120.3,256.2,1.0,1.0,0.15
0583720090700100010214,Turbo,2.1,3.4,2.6,87.7,1.0,1.0,0.15
0583720090600300010333,Turbo,27.9,2.9,0.6,111.1,0.65,1.0,0.15
0583720030700600010111,Turbo,62.1,0.3,63.1,188.7,0.15,1.0,0.15
0583720080301000010117,Turbo,14.0,0.7,6.8,83.7,0.85,1.0,0.15
0583720090402400010105,Turbo,7.4,3.1,0.6,72.7,0.85,1.0,0.15
0583720090503500010101,Turbo,13.5,9.7,9.1,63.0,0.85,0.85,0.15
0504520020500200010102,Apartadó,14.6,0.5,8.5,30.8,0.85,1.0,0.4
0504520020300900010308,Apartadó,22.0,2.3,0.5,30.9,0.65,1.0,0.4
0504520010301100010113,Apartadó,5.2,0.3,2.7,41.4,0.85,1.0,0.4
0505110000000000010511,Arboletes,0.9,1.4,339.7,482.6,1.0,1.0,0.15
0505110000000000010913,Arboletes,0.8,3.0,340.8,484.0,1.0,1.0,0.15
0505120040101000010117,Arboletes,88.2,38.3,221.6,365.9,0.15,0.4,0.15
0514710000000000010218,Carepa,5.6,1.6,1.1,36.0,0.85,1.0,0.4
0514710000000000020620,Carepa,1.8,0.3,2.4,42.6,1.0,1.0,0.4
0514710000000000020625,Carepa,2.5,0.7,3.1,43.0,1.0,1.0,0.4
0514710000000000020724,Carepa,2.7,0.7,3.1,43.7,1.0,1.0,0.4
0514710000000000030433,Carepa,0.2,2.1,0.5,41.2,1.0,1.0,0.4
0549010000000000010322,Necoclí,148.1,0.6,149.2,274.7,0.15,1.0,0.15
0549010000000000010606,Necoclí,96.5,1.1,97.1,172.3,0.15,1.0,0.15
0549010000000000010713,Necoclí,91.4,0.6,92.0,167.4,0.15,1.0,0.15
0549010000000000010807,Necoclí,153.4,2.4,154.4,280.1,0.15,1.0,0.15
0565920010100100010126,San Juan de Urabá,34.7,34.7,281.4,417.5,0.4,0.4,0.15
0565920010100100010127,San Juan de Urabá,21.1,21.1,168.7,250.3,0.65,0.65,0.15
0566520040200200010103,San Pedro de Urabá,61.9,0.8,176.7,316.4,0.15,1.0,0.15
0583720090700100020354,Turbo,3.8,3.3,1.8,90.8,1.0,1.0,0.15
0583720090700100020416,Turbo,3.8,2.8,0.6,89.6,1.0,1.0,0.15
0583720090700100020505,Turbo,2.5,1.3,0.1,88.6,1.0,1.0,0.15
0583720100700200010202,Turbo,40.3,0.3,1.0,54.1,0.4,1.0,0.4
0583720100700200010308,Turbo,40.6,1.4,0.6,53.0,0.4,1.0,0.4
0583720100700200020126,Turbo,38.8,1.4,0.5,51.1,0.4,1.0,0.4
0583720100400800010201,Turbo,18.7,0.9,1.2,66.7,0.65,1.0,0.15
0583720100400800010211,Turbo,18.2,0.3,0.7,66.3,0.65,1.0,0.15
0583720070201200010125,Turbo,43.0,1.0,29.3,115.6,0.4,1.0,0.15
0514710000000000010505,Carepa,4.1,0.6,1.9,39.6,1.0,1.0,0.4
0514710000000000010811,Carepa,3.2,0.5,0.8,38.8,1.0,1.0,0.4
0514710000000000020213,Carepa,5.0,1.9,5.1,43.3,1.0,1.0,0.4
0514710000000000020312,Carepa,3.1,0.2,2.9,41.6,1.0,1.0,0.4
0514710000000000020901,Carepa,4.9,1.7,5.3,43.9,1.0,1.0,0.4
0514710000000000030121,Carepa,1.9,0.5,0.3,39.4,1.0,1.0,0.4
0514710000000000030541,Carepa,1.4,2.5,0.9,41.9,1.0,1.0,0.4
0514720011001000010109,Carepa,17.8,3.2,1.7,32.9,0.65,1.0,0.4
0517210000000000010212,Chigorodó,41.0,0.8,4.4,69.5,0.4,1.0,0.15
0517210000000000010505,Chigorodó,39.3,0.4,2.8,68.3,0.4,1.0,0.15
0517210000000000010534,Chigorodó,41.2,0.8,3.7,70.2,0.4,1.0,0.15
0517210000000000020224,Chigorodó,42.0,0.8,3.3,72.3,0.4,1.0,0.15
0517210000000000020228,Chigorodó,40.8,1.3,2.0,71.1,0.4,1.0,0.15
0517210000000000050311,Chigorodó,37.9,0.5,1.9,69.8,0.4,1.0,0.15
0517210000000000050409,Chigorodó,38.5,0.4,1.6,70.6,0.4,1.0,0.15
0517210000000000050526,Chigorodó,38.9,0.5,1.4,70.5,0.4,1.0,0.15
0517210000000000050703,Chigorodó,23.2,1.4,1.6,43.0,0.65,1.0,0.4
0517210000000000060105,Chigorodó,39.9,0.6,0.5,71.6,0.4,1.0,0.15
0517210000000000060806,Chigorodó,41.6,1.1,1.8,72.9,0.4,1.0,0.15
0517210000000000060807,Chigorodó,41.8,1.1,1.9,73.0,0.4,1.0,0.15
0517210000000000060903,Chigorodó,25.7,0.6,1.9,44.2,0.65,1.0,0.4
0517210000000000061019,Chigorodó,43.2,1.2,3.4,75.3,0.4,1.0,0.15
0549020050300500010211,Necoclí,131.4,3.6,178.1,308.3,0.15,1.0,0.15
0565910000000000010618,San Juan de Urabá,2.1,2.1,174.4,258.7,1.0,1.0,0.15
0565910000000000010805,San Juan de Urabá,2.0,2.0,289.2,429.5,1.0,1.0,0.15
0583720110201800010124,Turbo,56.2,13.1,46.0,133.4,0.4,0.85,0.15
0504520020300900010303,Apartadó,22.1,3.1,1.3,31.7,0.65,1.0,0.4
0504520020300900010301,Apartadó,13.4,1.5,0.5,18.7,0.85,1.0,0.65
0504520050300100010104,Apartadó,22.8,0.2,22.1,75.6,0.65,1.0,0.15
0504520020300900010310,Apartadó,21.9,3.0,1.2,31.6,0.65,1.0,0.4
0505110000000000010211,Arboletes,0.6,0.9,341.2,484.2,1.0,1.0,0.15
0505110000000000010341,Arboletes,2.1,2.1,337.3,480.3,1.0,1.0,0.15
0505110000000000011102,Arboletes,2.4,2.3,337.0,480.1,1.0,1.0,0.15
0505120020500300010101,Arboletes,91.2,56.2,244.3,389.1,0.15,0.4,0.15
0505120020500300010112,Arboletes,91.0,56.7,244.8,389.5,0.15,0.4,0.15
0505120060600500010105,Arboletes,115.3,20.1,218.8,362.7,0.15,0.65,0.15
0505120030101100010115,Arboletes,34.1,34.1,151.5,237.7,0.4,0.4,0.15
0517220060501400010101,Chigorodó,30.6,6.0,7.7,47.0,0.4,0.85,0.4
0549010000000000010915,Necoclí,153.6,2.8,154.6,280.3,0.15,1.0,0.15
0549020120600100010222,Necoclí,102.4,3.2,103.5,229.4,0.15,1.0,0.15
0549010000000000010122,Necoclí,150.3,2.1,151.3,276.7,0.15,1.0,0.15
0549010000000000010221,Necoclí,146.7,0.9,147.8,273.3,0.15,1.0,0.15
0549020120300300010128,Necoclí,80.3,0.8,83.4,163.0,0.15,1.0,0.15
0549020050300500010201,Necoclí,131.2,3.8,178.4,308.6,0.15,1.0,0.15
0549020040400900010127,Necoclí,70.1,12.5,117.2,195.4,0.15,0.85,0.15
0565920010100500010122,San Juan de Urabá,33.4,33.4,269.4,406.6,0.4,0.4,0.15
0565910000000000010111,San Juan de Urabá,0.5,0.5,174.3,258.3,1.0,1.0,0.15
0565920010100500010115,San Juan de Urabá,33.8,33.8,269.5,406.7,0.4,0.4,0.15
0566510000000000010156,San Pedro de Urabá,0.9,0.5,72.3,153.9,1.0,1.0,0.15
0566510000000000010316,San Pedro de Urabá,1.6,0.4,69.7,151.5,1.0,1.0,0.15
0566510000000000010352,San Pedro de Urabá,0.5,0.5,70.7,152.7,1.0,1.0,0.15
0566510000000000010727,San Pedro de Urabá,1.6,0.6,119.2,254.9,1.0,1.0,0.15
0566510000000000010810,San Pedro de Urabá,0.0,0.0,118.1,254.9,1.0,1.0,0.15
0566510000000000010819,San Pedro de Urabá,1.8,0.7,119.7,256.7,1.0,1.0,0.15
0566510000000000010850,San Pedro de Urabá,1.0,0.5,119.0,255.9,1.0,1.0,0.15
0583720090700100010114,Turbo,2.3,3.6,2.6,88.0,1.0,1.0,0.15
0583720090700100010125,Turbo,2.9,4.3,2.2,88.8,1.0,1.0,0.15
0583720090700100010408,Turbo,2.9,4.0,2.6,86.7,1.0,1.0,0.15
0583720090700100020347,Turbo,3.8,3.4,2.1,91.1,1.0,1.0,0.15
0583720100700200010104,Turbo,41.5,1.0,1.4,54.2,0.4,1.0,0.4
0583720100700200010502,Turbo,39.8,0.8,0.6,52.5,0.4,1.0,0.4
0583720100700200020521,Turbo,36.7,2.7,1.0,52.5,0.4,1.0,0.4
0583720090600300010107,Turbo,29.8,0.7,0.6,115.1,0.65,1.0,0.15
0583720090600300010330,Turbo,28.1,2.7,0.5,111.3,0.65,1.0,0.15
0583720100400800010212,Turbo,18.3,0.4,0.7,66.4,0.65,1.0,0.15
0583720020101300010202,Turbo,37.0,0.5,74.5,161.3,0.4,1.0,0.15
0583720090602600010101,Turbo,18.7,0.2,1.2,103.2,0.65,1.0,0.15
0583720090103900010116,Turbo,9.5,3.2,10.1,85.0,0.85,1.0,0.15
0504520010301100010231,Apartadó,7.1,2.5,0.8,39.2,0.85,1.0,0.4
0505120030200800010103,Arboletes,67.7,57.5,232.2,375.5,0.15,0.4,0.15
0514710000000000010603,Carepa,3.7,0.9,2.7,40.7,1.0,1.0,0.4
0514710000000000020110,Carepa,3.6,0.8,3.1,41.5,1.0,1.0,0.4
0514710000000000030302,Carepa,1.5,0.1,0.2,23.6,1.0,1.0,0.65
0549010000000000010319,Necoclí,89.1,0.3,89.7,165.0,0.15,1.0,0.15
0549010000000000010602,Necoclí,68.7,0.9,69.1,122.8,0.15,1.0,0.15
0549020120300300010109,Necoclí,131.6,0.8,137.7,270.9,0.15,1.0,0.15
0549020090501500010123,Necoclí,114.1,0.3,153.6,294.3,0.15,1.0,0.15
0583720090700100010136,Turbo,2.4,3.8,2.5,88.4,1.0,1.0,0.15
0583720090700100020311,Turbo,2.7,2.0,1.0,89.6,1.0,1.0,0.15
0583720090600300010117,Turbo,30.3,0.3,0.3,115.5,0.4,1.0,0.15
0583720090600300010332,Turbo,27.9,2.8,0.3,111.0,0.65,1.0,0.15
0583720090302500010102,Turbo,6.9,1.1,6.8,80.9,0.85,1.0,0.15
0583720090503500010104,Turbo,23.0,15.7,14.9,105.0,0.65,0.65,0.15
0514710000000000010819,Carepa,2.9,0.3,0.6,39.0,1.0,1.0,0.4
0514710000000000020232,Carepa,7.0,3.2,7.2,45.0,0.85,1.0,0.4
0514710000000000020234,Carepa,6.5,3.2,6.7,44.7,0.85,1.0,0.4
0514710000000000030509,Carepa,1.3,2.7,0.6,41.5,1.0,1.0,0.4
0514710000000000030630,Carepa,2.2,0.9,2.6,43.5,1.0,1.0,0.4
0514720011001000010124,Carepa,17.5,2.9,1.4,32.7,0.65,1.0,0.4
0514720011001000010126,Carepa,17.4,2.8,1.6,32.9,0.65,1.0,0.4
0517210000000000010323,Chigorodó,40.6,0.4,4.0,69.2,0.4,1.0,0.15
0517210000000000020220,Chigorodó,41.7,0.9,2.9,72.1,0.4,1.0,0.15
0517210000000000030215,Chigorodó,38.3,0.6,0.8,68.8,0.4,1.0,0.15
0517210000000000050314,Chigorodó,38.4,0.1,1.7,70.3,0.4,1.0,0.15
0517210000000000050414,Chigorodó,39.1,0.8,1.0,71.0,0.4,1.0,0.15
0517210000000000060907,Chigorodó,43.1,1.2,3.4,73.9,0.4,1.0,0.15
0549020030200400010121,Necoclí,57.8,57.8,257.0,391.1,0.4,0.4,0.15
0565910000000000010137,San Juan de Urabá,3.0,3.0,291.1,431.0,1.0,1.0,0.15
0565910000000000010608,San Juan de Urabá,2.6,2.6,290.9,431.4,1.0,1.0,0.15
0583720110201800010114,Turbo,55.6,13.6,47.0,132.2,0.4,0.85,0.15
0583720110201800010327,Turbo,55.7,13.6,48.3,131.6,0.4,0.85,0.15
0505110000000000011031,Arboletes,0.9,1.2,339.8,482.7,1.0,1.0,0.15
0514710000000000010336,Carepa,5.3,1.5,0.7,36.6,0.85,1.0,0.4
0514710000000000020603,Carepa,2.2,1.0,2.7,42.4,1.0,1.0,0.4
0549010000000000010217,Necoclí,146.8,1.2,147.8,273.3,0.15,1.0,0.15
0549020030300200010126,Necoclí,100.0,63.5,242.3,369.1,0.15,0.15,0.15
0549020040400900010101,Necoclí,67.8,14.8,119.3,197.7,0.15,0.85,0.15
0549020120801600010103,Necoclí,67.0,1.5,69.2,151.2,0.15,1.0,0.15
0583720100700200020212,Turbo,39.0,0.6,1.3,53.1,0.4,1.0,0.4
0583720090600300010121,Turbo,29.8,0.8,0.7,115.1,0.65,1.0,0.15
0505110000000000010324,Arboletes,2.1,2.1,337.4,480.5,1.0,1.0,0.15
0505110000000000010519,Arboletes,1.2,2.6,338.5,481.4,1.0,1.0,0.15
0505120030101100010126,Arboletes,57.8,57.8,253.0,396.8,0.4,0.4,0.15
0514710000000000010113,Carepa,2.4,0.4,0.3,39.1,1.0,1.0,0.4
0514710000000000020203,Carepa,5.5,2.2,5.2,43.0,0.85,1.0,0.4
0514710000000000020714,Carepa,1.8,0.5,2.3,43.0,1.0,1.0,0.4
0514720010601300010112,Carepa,10.4,10.4,1.2,1.2,0.85,0.85,1.0
0549010000000000010125,Necoclí,150.5,0.9,151.5,277.0,0.15,1.0,0.15
0549010000000000010305,Necoclí,149.7,0.8,150.7,276.2,0.15,1.0,0.15
0549020120600100010210,Necoclí,102.7,2.7,103.8,229.7,0.15,1.0,0.15
0549020120600100010307,Necoclí,62.0,2.0,62.7,138.2,0.15,1.0,0.15
0549020030300200010121,Necoclí,59.7,38.7,146.0,222.1,0.4,0.4,0.15
0549020120600600010112,Necoclí,122.1,0.7,123.2,249.1,0.15,1.0,0.15
0549020120600600010113,Necoclí,121.8,0.8,122.9,248.8,0.15,1.0,0.15
0549020040400900010105,Necoclí,113.2,24.3,198.3,329.1,0.15,0.65,0.15
0549020090501500010116,Necoclí,114.2,0.3,154.2,294.9,0.15,1.0,0.15
0566510000000000010733,San Pedro de Urabá,1.9,0.6,119.0,254.6,1.0,1.0,0.15
0566520020300300010109,San Pedro de Urabá,117.7,48.1,234.3,373.0,0.15,0.4,0.15
0566520010100400010107,San Pedro de Urabá,75.9,21.5,142.0,227.4,0.15,0.65,0.15
0583720090700100010706,Turbo,3.0,2.3,0.6,85.6,1.0,1.0,0.15
0583720090700100020114,Turbo,1.9,1.0,0.2,86.9,1.0,1.0,0.15
0583720090700100020227,Turbo,1.1,0.4,0.8,88.2,1.0,1.0,0.15
0583720090700100020412,Turbo,3.4,2.4,0.3,89.4,1.0,1.0,0.15
0583720100700200010309,Turbo,40.7,1.6,0.8,52.8,0.4,1.0,0.4
0583720100700200020121,Turbo,37.6,1.6,1.0,51.3,0.4,1.0,0.4
0583720100700200020410,Turbo,38.6,0.6,0.4,52.1,0.4,1.0,0.4
0583720100700200020411,Turbo,38.3,0.8,0.6,52.0,0.4,1.0,0.4
0583720090600300010118,Turbo,30.3,0.2,0.4,115.3,0.4,1.0,0.15
0583720030700600010112,Turbo,61.9,0.4,62.9,188.5,0.15,1.0,0.15
0583720100400800010214,Turbo,19.0,1.2,1.5,67.0,0.65,1.0,0.15
0583720080301000010105,Turbo,14.6,0.8,6.9,84.0,0.85,1.0,0.15
0583720070201200010122,Turbo,42.8,0.2,29.9,116.3,0.4,1.0,0.15
0583720020101300010105,Turbo,37.5,0.5,75.4,162.3,0.4,1.0,0.15
0583720030803200010104,Turbo,29.7,0.7,30.3,105.8,0.65,1.0,0.15
0514710000000000010109,Carepa,2.7,0.4,0.4,38.9,1.0,1.0,0.4
0514710000000000010230,Carepa,5.5,1.6,0.7,36.3,0.85,1.0,0.4
0514710000000000010604,Carepa,3.1,0.7,2.1,40.6,1.0,1.0,0.4
0514710000000000020242,Carepa,3.4,0.9,2.8,25.1,1.0,1.0,0.65
0514710000000000020315,Carepa,2.5,0.5,2.8,41.9,1.0,1.0,0.4
0514710000000000020421,Carepa,1.6,1.1,2.0,41.9,1.0,1.0,0.4
0514710000000000020504,Carepa,1.4,0.9,2.0,42.0,1.0,1.0,0.4
0514710000000000030312,Carepa,0.9,1.8,1.1,41.1,1.0,1.0,0.4
0514710000000000030401,Carepa,0.7,1.4,0.1,40.5,1.0,1.0,0.4
0514710000000000030551,Carepa,1.8,2.5,1.4,42.4,1.0,1.0,0.4
0514710000000000030620,Carepa,2.1,1.6,2.2,43.3,1.0,1.0,0.4
0514710000000000030629,Carepa,2.2,0.8,2.6,43.4,1.0,1.0,0.4
0514720011001000010123,Carepa,17.5,2.9,1.6,32.9,0.65,1.0,0.4
0514720011001000010136,Carepa,16.9,2.2,1.3,32.6,0.65,1.0,0.4
0517210000000000010216,Chigorodó,24.6,0.4,2.9,41.5,0.65,1.0,0.4
0517210000000000010622,Chigorodó,40.8,0.8,3.2,70.1,0.4,1.0,0.15
0517210000000000010710,Chigorodó,41.2,1.0,5.4,69.0,0.4,1.0,0.15
0517210000000000020234,Chigorodó,43.0,1.1,3.9,73.4,0.4,1.0,0.15
0517210000000000020433,Chigorodó,42.6,1.5,3.9,72.5,0.4,1.0,0.15
0517210000000000020504,Chigorodó,42.9,1.2,4.0,73.1,0.4,1.0,0.15
0517210000000000050109,Chigorodó,22.9,0.4,0.4,41.4,0.65,1.0,0.4
0517210000000000050301,Chigorodó,22.6,0.4,0.9,41.6,0.65,1.0,0.4
0517210000000000050606,Chigorodó,38.7,0.0,0.8,70.0,0.4,1.0,0.15
0517210000000000060222,Chigorodó,40.5,0.2,0.4,72.3,0.4,1.0,0.15
0517210000000000060618,Chigorodó,42.3,1.1,2.3,73.7,0.4,1.0,0.15
0549020030200400010128,Necoclí,58.2,58.2,256.0,390.1,0.4,0.4,0.15
0565910000000000010144,San Juan de Urabá,3.5,3.5,291.7,431.5,1.0,1.0,0.15
0566510000000000011006,San Pedro de Urabá,3.0,1.7,71.7,154.5,1.0,1.0,0.15
0566510000000000020108,San Pedro de Urabá,1.6,1.1,50.2,108.2,1.0,1.0,0.15
0505120020500300010120,Arboletes,92.8,55.3,243.4,388.2,0.15,0.4,0.15
0504520010301100010232,Apartadó,7.0,2.5,0.6,39.2,0.85,1.0,0.4
0504520030101500010101,Apartadó,19.1,2.2,2.1,33.2,0.65,1.0,0.4
0505110000000000010136,Arboletes,0.6,2.6,340.7,483.9,1.0,1.0,0.15
0505110000000000010301,Arboletes,0.4,0.4,203.3,289.2,1.0,1.0,0.15
0505110000000000010403,Arboletes,0.4,0.4,340.7,483.7,1.0,1.0,0.15
0505110000000000010548,Arboletes,1.1,2.7,338.1,481.0,1.0,1.0,0.15
0505110000000000011001,Arboletes,1.1,1.2,339.9,482.9,1.0,1.0,0.15
0505110000000000011126,Arboletes,1.6,1.7,202.0,287.8,1.0,1.0,0.15
0517220100400700010109,Chigorodó,89.1,0.7,25.3,126.2,0.15,1.0,0.15
0549010000000000010802,Necoclí,153.7,2.2,154.8,280.4,0.15,1.0,0.15
0549010000000000010903,Necoclí,154.2,3.4,155.2,280.9,0.15,1.0,0.15
0549010000000000010909,Necoclí,153.8,3.2,154.9,280.6,0.15,1.0,0.15
0549020040400900010104,Necoclí,113.1,24.2,198.2,329.0,0.15,0.65,0.15
0549020120101100010105,Necoclí,77.7,0.6,78.4,154.0,0.15,1.0,0.15
0549020120301300010101,Necoclí,81.9,1.8,90.5,170.9,0.15,1.0,0.15
0565920010300300010115,San Juan de Urabá,14.2,14.2,170.7,253.2,0.85,0.85,0.15
0566510000000000010417,San Pedro de Urabá,1.9,1.1,70.7,152.0,1.0,1.0,0.15
0566510000000000020102,San Pedro de Urabá,1.4,1.0,70.7,152.1,1.0,1.0,0.15
0566520040200200010111,San Pedro de Urabá,35.9,0.8,104.9,188.7,0.4,1.0,0.15
0583720100700200010113,Turbo,40.9,1.2,0.8,53.3,0.4,1.0,0.4
0583720100700200010315,Turbo,39.9,0.6,0.5,53.4,0.4,1.0,0.4
0583720100700200020402,Turbo,38.4,1.0,1.2,52.7,0.4,1.0,0.4
0583720090600300010345,Turbo,26.8,3.7,1.5,109.1,0.65,1.0,0.15
0583720050200500010121,Turbo,38.7,0.5,79.7,219.4,0.4,1.0,0.15
0583720020101300010203,Turbo,36.8,0.4,74.7,161.5,0.4,1.0,0.15
0583720090302500010106,Turbo,5.0,2.7,5.2,80.0,1.0,1.0,0.15
0583720090602600010109,Turbo,18.6,0.4,1.4,103.5,0.65,1.0,0.15
0583720030802900010127,Turbo,24.2,0.2,24.9,100.4,0.65,1.0,0.15
0583720030802900010128,Turbo,41.4,0.6,42.4,168.2,0.4,1.0,0.15
0504520050300100010110,Apartadó,22.1,0.7,21.4,74.9,0.65,1.0,0.15
0505110000000000011008,Arboletes,0.7,0.7,203.0,288.8,1.0,1.0,0.15
0505120020500300010113,Arboletes,91.3,57.2,245.2,390.0,0.15,0.4,0.15
0514710000000000020606,Carepa,1.9,0.8,2.4,42.3,1.0,1.0,0.4
0514710000000000030633,Carepa,2.5,1.1,2.8,43.7,1.0,1.0,0.4
0514720010601300010102,Carepa,17.6,17.6,2.9,2.5,0.65,0.65,1.0
0549010000000000010101,Necoclí,91.0,2.1,91.6,166.8,0.15,1.0,0.15
0549020120600100010220,Necoclí,102.5,3.5,103.6,229.5,0.15,1.0,0.15
0566510000000000010631,San Pedro de Urabá,0.5,1.0,119.6,255.7,1.0,1.0,0.15
0566510000000000010901,San Pedro de Urabá,2.6,0.8,121.1,256.8,1.0,1.0,0.15
0566510000000000030109,San Pedro de Urabá,1.6,1.2,116.5,253.3,1.0,1.0,0.15
0566520010100400010116,San Pedro de Urabá,74.9,20.2,140.7,226.2,0.15,0.65,0.15
0583720090700100010219,Turbo,3.4,4.6,1.6,87.3,1.0,1.0,0.15
0583720090700100020204,Turbo,1.9,1.5,1.3,89.4,1.0,1.0,0.15
0583720100700200010516,Turbo,38.6,0.5,0.6,52.3,0.4,1.0,0.4
0583720100700200020220,Turbo,38.7,0.9,2.0,53.6,0.4,1.0,0.4
0583720100700200020312,Turbo,38.3,1.2,1.2,52.8,0.4,1.0,0.4
0583720090600300010314,Turbo,30.9,0.4,1.3,112.9,0.4,1.0,0.15
0583720090402400010125,Turbo,11.3,4.1,1.2,121.1,0.85,1.0,0.15
0583720090602600010119,Turbo,18.1,0.6,1.9,103.0,0.65,1.0,0.15
0514710000000000010201,Carepa,3.7,1.3,0.2,21.5,1.0,1.0,0.65
0514710000000000010509,Carepa,2.1,0.1,0.9,23.7,1.0,1.0,0.65
0514710000000000020201,Carepa,5.0,2.1,4.6,42.4,1.0,1.0,0.4
0514710000000000030205,Carepa,1.7,0.7,0.3,39.5,1.0,1.0,0.4
0517210000000000010206,Chigorodó,40.4,0.4,4.3,68.8,0.4,1.0,0.15
0517210000000000010404,Chigorodó,38.4,0.7,3.1,67.1,0.4,1.0,0.15
0517210000000000050812,Chigorodó,39.8,0.5,0.3,71.7,0.4,1.0,0.15
0517210000000000060503,Chigorodó,41.3,1.3,1.6,72.5,0.4,1.0,0.15
0517210000000000060923,Chigorodó,43.8,1.8,4.4,74.3,0.4,1.0,0.15
0565910000000000010413,San Juan de Urabá,0.7,0.7,176.2,260.3,1.0,1.0,0.15
0514710000000000010515,Carepa,1.8,0.2,0.9,23.9,1.0,1.0,0.65
0514710000000000010524,Carepa,3.0,1.0,1.1,23.2,1.0,1.0,0.65
0514710000000000010722,Carepa,2.2,0.7,2.3,41.5,1.0,1.0,0.4
0514710000000000030235,Carepa,2.0,1.6,0.6,39.5,1.0,1.0,0.4
0514720011001000010138,Carepa,16.8,2.1,1.0,32.2,0.65,1.0,0.4
0517210000000000010808,Chigorodó,26.0,2.0,4.7,42.0,0.65,1.0,0.4
0517210000000000020503,Chigorodó,42.9,1.3,4.1,73.0,0.4,1.0,0.15
0517210000000000050521,Chigorodó,38.7,0.3,1.3,70.2,0.4,1.0,0.15
0517210000000000060414,Chigorodó,41.6,0.6,2.8,72.2,0.4,1.0,0.15
0517210000000000060901,Chigorodó,42.9,0.9,3.6,73.4,0.4,1.0,0.15
0565910000000000010229,San Juan de Urabá,1.5,1.5,292.4,432.5,1.0,1.0,0.15
0583720110201800010208,Turbo,57.2,12.0,48.0,133.4,0.4,0.85,0.15
0583720110201800010310,Turbo,56.3,12.9,47.9,132.4,0.4,0.85,0.15
0504520020300900010120,Apartadó,22.0,1.1,0.8,29.6,0.65,1.0,0.65
0505110000000000011038,Arboletes,1.9,2.8,337.1,480.1,1.0,1.0,0.15
0514710000000000010809,Carepa,3.4,0.3,0.6,38.6,1.0,1.0,0.4
0514710000000000020617,Carepa,1.9,0.4,2.5,42.6,1.0,1.0,0.4
0514710000000000030636,Carepa,2.5,1.2,2.8,43.8,1.0,1.0,0.4
0549010000000000010432,Necoclí,88.2,0.4,88.9,164.2,0.15,1.0,0.15
0549020120300300010131,Necoclí,133.8,1.5,138.5,271.1,0.15,1.0,0.15
0566510000000000010206,San Pedro de Urabá,0.2,0.6,119.0,255.1,1.0,1.0,0.15
0583720090700100010126,Turbo,2.7,4.0,2.3,88.9,1.0,1.0,0.15
0504520010301100010112,Apartadó,5.1,0.1,2.9,41.6,0.85,1.0,0.4
0505120040101000010103,Arboletes,88.6,37.7,220.7,365.1,0.15,0.4,0.15
0505120040101000010110,Arboletes,88.9,37.3,220.1,364.5,0.15,0.4,0.15
0514710000000000030607,Carepa,1.6,1.2,1.8,42.8,1.0,1.0,0.4
0517220060501400010104,Chigorodó,30.6,5.9,7.6,47.2,0.4,0.85,0.4
0549010000000000010216,Necoclí,87.9,0.6,88.5,163.8,0.15,1.0,0.15
0549010000000000010223,Necoclí,88.0,0.4,88.6,164.0,0.15,1.0,0.15
0549010000000000010435,Necoclí,88.5,0.3,89.1,164.4,0.15,1.0,0.15
0549010000000000010503,Necoclí,87.9,1.6,88.5,163.9,0.15,1.0,0.15
0549020120600100010113,Necoclí,61.4,1.3,62.1,137.7,0.15,1.0,0.15
0549020120600100010412,Necoclí,105.2,0.6,106.3,232.3,0.15,1.0,0.15
0549020120300300010138,Necoclí,133.8,1.8,138.1,270.5,0.15,1.0,0.15
0549020120600600010119,Necoclí,74.7,1.2,75.3,150.8,0.15,1.0,0.15
0549020120100700010112,Necoclí,85.0,4.3,85.6,161.2,0.15,1.0,0.15
0549020090501500010122,Necoclí,114.4,0.4,153.8,294.4,0.15,1.0,0.15
0565910000000000010507,San Juan de Urabá,0.5,0.5,296.1,436.5,1.0,1.0,0.15
0565920020500200010103,San Juan de Urabá,32.4,32.4,264.9,407.0,0.4,0.4,0.15
0565920020300400010105,San Juan de Urabá,32.2,32.2,142.5,226.5,0.4,0.4,0.15
0566510000000000010210,San Pedro de Urabá,0.7,1.1,119.2,255.2,1.0,1.0,0.15
0566510000000000010505,San Pedro de Urabá,0.7,0.4,71.3,153.2,1.0,1.0,0.15
0566510000000000010843,San Pedro de Urabá,0.3,0.3,71.0,153.0,1.0,1.0,0.15
0566520020300300010107,San Pedro de Urabá,118.1,48.6,234.7,373.4,0.15,0.4,0.15
0583720090700100010213,Turbo,1.8,3.0,2.3,87.8,1.0,1.0,0.15
0583720090700100010420,Turbo,3.3,4.2,2.5,86.4,1.0,1.0,0.15
0583720090700100010606,Turbo,2.3,1.6,0.4,86.3,1.0,1.0,0.15
0583720090700100020424,Turbo,3.9,3.2,1.3,90.4,1.0,1.0,0.15
0583720090700100020435,Turbo,4.4,3.7,1.7,90.8,1.0,1.0,0.15
0583720100700200020318,Turbo,37.9,1.6,1.1,52.9,0.4,1.0,0.4
0583720100400800010116,Turbo,16.8,1.4,2.1,64.6,0.65,1.0,0.15
0583720100400800010315,Turbo,17.5,0.4,0.6,65.7,0.65,1.0,0.15
0583720030802900010101,Turbo,25.0,0.6,25.6,101.1,0.65,1.0,0.15
0583720030802900010121,Turbo,40.1,0.3,41.1,166.9,0.4,1.0,0.15
0583720010204000010105,Turbo,28.8,12.8,114.4,257.2,0.65,0.85,0.15
0549010000000000010831,Necoclí,153.6,2.3,154.7,280.3,0.15,1.0,0.15
0505110000000000010515,Arboletes,0.8,1.9,339.1,482.1,1.0,1.0,0.15
0514710000000000010136,Carepa,1.8,0.7,0.6,22.9,1.0,1.0,0.65
0514710000000000020119,Carepa,3.6,0.9,2.9,41.2,1.0,1.0,0.4
0549010000000000010816,Necoclí,153.4,2.0,154.4,280.0,0.15,1.0,0.15
0549020120600100010424,Necoclí,105.2,0.8,106.3,232.2,0.15,1.0,0.15
0583720090700100020523,Turbo,2.8,1.4,0.2,87.9,1.0,1.0,0.15
0583720070201200010132,Turbo,71.8,2.0,48.7,192.4,0.15,1.0,0.15
0583720030802900010129,Turbo,41.0,0.5,42.0,167.9,0.4,1.0,0.15
0514710000000000010818,Carepa,2.9,0.4,0.7,39.1,1.0,1.0,0.4
0514710000000000020122,Carepa,2.9,1.2,2.4,25.0,1.0,1.0,0.65
0514710000000000020505,Carepa,0.2,1.9,0.8,41.3,1.0,1.0,0.4
0514710000000000030534,Carepa,0.8,2.3,0.4,41.5,1.0,1.0,0.4
0517210000000000010115,Chigorodó,38.0,1.0,2.9,66.7,0.4,1.0,0.15
0517210000000000010118,Chigorodó,40.4,0.3,4.8,68.4,0.4,1.0,0.15
0517210000000000010602,Chigorodó,39.2,0.3,2.4,68.4,0.4,1.0,0.15
0517210000000000020233,Chigorodó,42.6,0.9,3.7,72.9,0.4,1.0,0.15
0517210000000000020327,Chigorodó,39.3,0.3,0.5,70.1,0.4,1.0,0.15
0517210000000000020329,Chigorodó,39.6,0.4,1.1,70.7,0.4,1.0,0.15
0517210000000000020416,Chigorodó,42.2,1.5,3.5,72.1,0.4,1.0,0.15
0517210000000000030111,Chigorodó,37.9,0.9,1.6,67.5,0.4,1.0,0.15
0517210000000000030204,Chigorodó,23.3,0.3,1.0,41.1,0.65,1.0,0.4
0517210000000000050321,Chigorodó,22.8,0.5,1.3,42.2,0.65,1.0,0.4
0517210000000000060215,Chigorodó,41.2,0.4,1.1,73.0,0.4,1.0,0.15
0517210000000000060430,Chigorodó,41.6,0.5,2.6,72.3,0.4,1.0,0.15
0517210000000000060924,Chigorodó,43.9,1.9,4.6,74.2,0.4,1.0,0.15
0517210000000000060927,Chigorodó,43.9,1.9,4.3,74.5,0.4,1.0,0.15
0549020030200400010102,Necoclí,34.8,34.8,154.8,235.2,0.4,0.4,0.15
0565910000000000010303,San Juan de Urabá,0.4,0.4,175.7,259.8,1.0,1.0,0.15
0566510000000000030114,San Pedro de Urabá,2.1,0.7,116.1,252.8,1.0,1.0,0.15
0514710000000000030606,Carepa,1.8,1.0,2.1,43.0,1.0,1.0,0.4
0549010000000000010714,Necoclí,91.2,0.5,91.8,167.2,0.15,1.0,0.15
0549020030300200010116,Necoclí,101.1,63.1,242.0,368.7,0.15,0.15,0.15
0549020030300200010219,Necoclí,100.9,60.4,239.1,366.0,0.15,0.15,0.15
0549020120600600010102,Necoclí,73.4,0.7,74.0,149.6,0.15,1.0,0.15
0565920010200600010102,San Juan de Urabá,23.0,23.0,277.1,415.2,0.65,0.65,0.15
0566510000000000020124,San Pedro de Urabá,2.9,2.4,69.2,150.5,1.0,1.0,0.15
0566520010100400010106,San Pedro de Urabá,126.7,36.0,236.8,379.2,0.15,0.4,0.15
0583720090700100010209,Turbo,0.9,2.2,1.8,88.2,1.0,1.0,0.15
0583720100700200010412,Turbo,39.1,0.5,1.5,53.6,0.4,1.0,0.4
0583720030802900010123,Turbo,40.2,0.5,41.2,167.0,0.4,1.0,0.15
0504520020300900010306,Apartadó,22.1,2.7,0.8,31.2,0.65,1.0,0.4
0505110000000000010132,Arboletes,0.3,2.3,340.3,483.5,1.0,1.0,0.15
0505110000000000010143,Arboletes,0.7,2.6,341.0,484.1,1.0,1.0,0.15
0505110000000000010203,Arboletes,0.1,0.5,204.4,290.2,1.0,1.0,0.15
0505110000000000010413,Arboletes,0.5,0.5,204.2,290.0,1.0,1.0,0.15
0505110000000000010516,Arboletes,1.1,2.4,338.7,481.7,1.0,1.0,0.15
0505110000000000011026,Arboletes,2.0,2.7,337.0,480.0,1.0,1.0,0.15
0505120020500300010109,Arboletes,55.6,33.6,146.4,233.3,0.4,0.4,0.15
0505120050401400010103,Arboletes,94.4,0.5,191.3,335.7,0.15,1.0,0.15
0514710000000000010313,Carepa,2.9,0.7,0.3,22.3,1.0,1.0,0.65
0514710000000000020222,Carepa,6.1,2.3,6.0,43.7,0.85,1.0,0.4
0514710000000000020705,Carepa,2.4,0.4,2.9,43.3,1.0,1.0,0.4
0514720010601300010111,Carepa,10.3,10.3,1.5,1.3,0.85,0.85,1.0
0517220100400700010107,Chigorodó,53.5,0.6,15.4,75.9,0.4,1.0,0.15
0549020120600600010101,Necoclí,73.1,0.8,73.7,149.3,0.15,1.0,0.15
0549010000000000010215,Necoclí,87.9,0.5,88.6,163.8,0.15,1.0,0.15
0549010000000000010324,Necoclí,148.1,0.4,149.1,274.7,0.15,1.0,0.15
0549010000000000010405,Necoclí,147.8,0.0,148.8,274.4,0.15,1.0,0.15
0549010000000000010510,Necoclí,87.9,1.0,88.5,163.9,0.15,1.0,0.15
0549010000000000010604,Necoclí,67.1,1.3,67.5,121.2,0.15,1.0,0.15
0549010000000000010911,Necoclí,153.9,3.1,155.0,280.7,0.15,1.0,0.15
0549020120600100010213,Necoclí,61.4,2.2,62.1,137.6,0.15,1.0,0.15
0549020120600100010216,Necoclí,103.0,2.1,104.1,230.1,0.15,1.0,0.15
0549020120600100010416,Necoclí,62.3,0.4,63.0,138.6,0.15,1.0,0.15
0565920010300300010138,San Juan de Urabá,21.9,21.9,285.5,423.2,0.65,0.65,0.15
0565910000000000010207,San Juan de Urabá,0.7,0.7,291.6,431.7,1.0,1.0,0.15
0566510000000000010356,San Pedro de Urabá,2.0,0.4,69.2,151.1,1.0,1.0,0.15
0566510000000000010543,San Pedro de Urabá,1.1,0.7,118.8,255.4,1.0,1.0,0.15
0566510000000000011019,San Pedro de Urabá,2.9,1.9,71.0,153.8,1.0,1.0,0.15
0566510000000000020107,San Pedro de Urabá,2.7,2.3,116.7,252.7,1.0,1.0,0.15
0566520040200800010105,San Pedro de Urabá,48.4,4.2,110.2,196.4,0.4,1.0,0.15
0566520040200800010114,San Pedro de Urabá,80.2,7.2,183.5,327.0,0.15,0.85,0.15
0583720090700100010116,Turbo,2.9,4.2,1.9,87.8,1.0,1.0,0.15
0583720090700100010518,Turbo,0.4,0.9,0.5,52.6,1.0,1.0,0.4
0583720090700100010601,Turbo,1.5,1.3,0.4,86.9,1.0,1.0,0.15
0583720090700100020122,Turbo,1.9,1.3,0.2,51.5,1.0,1.0,0.4
0583720090700100020327,Turbo,3.8,3.5,2.4,91.3,1.0,1.0,0.15
0583720100700200020518,Turbo,37.5,2.0,0.9,52.8,0.4,1.0,0.4
0583720050200500010103,Turbo,37.8,0.7,80.6,220.4,0.4,1.0,0.15
0583720100400800010109,Turbo,17.0,1.6,2.2,64.7,0.65,1.0,0.15
0583720030803200010105,Turbo,29.2,0.7,29.8,105.3,0.65,1.0,0.15
0583720090503500010106,Turbo,13.7,9.7,9.3,62.8,0.85,0.85,0.15
0583720010203800010112,Turbo,10.4,9.8,63.5,147.7,0.85,0.85,0.15
0514710000000000010517,Carepa,1.7,0.4,0.8,23.9,1.0,1.0,0.65
0514710000000000020204,Carepa,3.4,1.3,3.3,25.9,1.0,1.0,0.65
0514710000000000020205,Carepa,2.7,1.0,2.7,18.8,1.0,1.0,0.65
0514710000000000030223,Carepa,2.2,1.1,0.4,39.1,1.0,1.0,0.4
0514710000000000030314,Carepa,1.6,0.9,1.1,40.3,1.0,1.0,0.4
0514710000000000030554,Carepa,1.8,2.3,1.5,42.6,1.0,1.0,0.4
0514710000000000030614,Carepa,1.8,1.5,1.9,43.0,1.0,1.0,0.4
0514720011001000010140,Carepa,16.7,2.0,1.1,32.4,0.65,1.0,0.4
0517210000000000020218,Chigorodó,41.4,1.2,2.7,71.7,0.4,1.0,0.15
0517210000000000020314,Chigorodó,39.6,0.2,0.9,70.2,0.4,1.0,0.15
0517210000000000020319,Chigorodó,39.7,0.4,1.2,70.8,0.4,1.0,0.15
0517210000000000020409,Chigorodó,41.8,2.1,3.3,71.5,0.4,1.0,0.15
0517210000000000020412,Chigorodó,41.8,1.6,3.2,71.8,0.4,1.0,0.15
0517210000000000030112,Chigorodó,22.8,0.5,1.1,40.5,0.65,1.0,0.4
0517210000000000030206,Chigorodó,38.7,0.3,1.2,68.9,0.4,1.0,0.15
0517210000000000060103,Chigorodó,39.9,0.4,1.3,71.2,0.4,1.0,0.15
0517210000000000060433,Chigorodó,40.9,0.9,2.1,71.6,0.4,1.0,0.15
0517210000000000060207,Chigorodó,40.7,0.5,0.7,72.6,0.4,1.0,0.15
0517210000000000060424,Chigorodó,42.3,0.4,3.2,72.8,0.4,1.0,0.15
0517210000000000060805,Chigorodó,42.4,0.8,2.6,73.4,0.4,1.0,0.15
0517210000000000060810,Chigorodó,42.2,1.2,2.3,73.4,0.4,1.0,0.15
0517210000000000061016,Chigorodó,43.5,1.5,3.6,75.5,0.4,1.0,0.15
0549020030200400010130,Necoclí,58.4,58.4,254.9,389.1,0.4,0.4,0.15
0565910000000000010116,San Juan de Urabá,0.5,0.5,290.4,430.6,1.0,1.0,0.15
0565910000000000010711,San Juan de Urabá,2.8,2.8,291.3,431.8,1.0,1.0,0.15
0583720110201800010218,Turbo,57.4,11.9,48.9,133.1,0.4,0.85,0.15
0505120030200800010106,Arboletes,68.1,57.1,231.9,375.3,0.15,0.4,0.15
0504520020500200010301,Apartadó,8.2,0.4,4.3,19.5,0.85,1.0,0.65
0504520020300900010223,Apartadó,23.5,2.0,3.1,26.7,0.65,1.0,0.65
0505110000000000010546,Arboletes,1.1,2.4,337.9,480.9,1.0,1.0,0.15
0505110000000000011007,Arboletes,1.1,1.4,338.3,481.3,1.0,1.0,0.15
0514710000000000010804,Carepa,3.8,0.7,0.6,38.7,1.0,1.0,0.4
0514710000000000020604,Carepa,2.3,0.9,2.8,42.5,1.0,1.0,0.4
0514710000000000030632,Carepa,2.4,1.0,2.8,43.6,1.0,1.0,0.4
0549020120600100010231,Necoclí,102.7,2.6,103.7,229.7,0.15,1.0,0.15
0549020030300200010123,Necoclí,99.9,63.8,242.6,369.4,0.15,0.15,0.15
0549020120100700010102,Necoclí,84.8,4.0,85.5,161.1,0.15,1.0,0.15
0565920010100100010112,San Juan de Urabá,35.6,35.6,281.8,417.7,0.4,0.4,0.15
0565920010100100010128,San Juan de Urabá,20.9,20.9,168.9,250.6,0.65,0.65,0.15
0566510000000000010538,San Pedro de Urabá,1.2,0.5,119.9,256.3,1.0,1.0,0.15
0583720090600300010206,Turbo,30.7,0.6,0.7,114.5,0.4,1.0,0.15
0583720100400800010303,Turbo,18.3,0.5,0.9,66.3,0.65,1.0,0.15
0583720090700100010318,Turbo,3.2,4.3,2.1,87.0,1.0,1.0,0.15
0583720100700200010522,Turbo,39.2,0.8,0.6,51.8,0.4,1.0,0.4
0583720020101300010118,Turbo,37.1,0.1,74.9,161.7,0.4,1.0,0.15
0583720090302300010104,Turbo,5.5,1.1,1.5,72.3,0.85,1.0,0.15
0504520020300900010206,Apartadó,22.6,1.3,3.1,27.4,0.65,1.0,0.65
0504520010101600010106,Apartadó,35.0,5.3,15.4,36.1,0.4,0.85,0.4
0505120030200800010110,Arboletes,68.8,56.5,231.2,374.6,0.15,0.4,0.15
0514710000000000030536,Carepa,1.1,2.5,0.6,41.6,1.0,1.0,0.4
0517220060601500010103,Chigorodó,47.7,5.8,8.3,77.3,0.4,0.85,0.15
0549020050300500010104,Necoclí,130.7,4.2,178.3,308.7,0.15,1.0,0.15
0549010000000000010202,Necoclí,89.0,0.3,89.6,164.8,0.15,1.0,0.15
0549010000000000010335,Necoclí,89.7,0.4,90.3,165.6,0.15,1.0,0.15
0549010000000000010827,Necoclí,152.7,1.7,153.7,279.4,0.15,1.0,0.15
0549020120300300010115,Necoclí,131.3,1.2,137.4,270.7,0.15,1.0,0.15
0549020040400900010121,Necoclí,69.1,13.6,118.3,196.5,0.15,0.85,0.15
0549020090501500010127,Necoclí,114.0,0.7,153.3,293.9,0.15,1.0,0.15
0565910000000000010209,San Juan de Urabá,0.1,0.1,174.7,258.8,1.0,1.0,0.15
0566520020300300010110,San Pedro de Urabá,117.5,48.1,234.2,372.8,0.15,0.4,0.15
0583720090700100010418,Turbo,3.2,4.1,2.7,86.3,1.0,1.0,0.15
0514710000000000010408,Carepa,3.2,0.4,0.2,38.4,1.0,1.0,0.4
0514710000000000010521,Carepa,2.9,0.6,1.8,40.4,1.0,1.0,0.4
0514710000000000010718,Carepa,2.5,0.4,2.5,41.5,1.0,1.0,0.4
0514710000000000010816,Carepa,2.8,0.6,1.0,39.6,1.0,1.0,0.4
0514710000000000020218,Carepa,4.5,1.5,4.4,42.7,1.0,1.0,0.4
0514710000000000020801,Carepa,5.6,2.4,5.9,44.1,0.85,1.0,0.4
0517210000000000010104,Chigorodó,39.5,0.5,4.2,67.7,0.4,1.0,0.15
0517210000000000010122,Chigorodó,37.9,1.5,4.0,66.0,0.4,1.0,0.15
0517210000000000010610,Chigorodó,40.1,0.6,2.6,69.6,0.4,1.0,0.15
0517210000000000020307,Chigorodó,24.3,0.5,1.0,42.6,0.65,1.0,0.4
0517210000000000020310,Chigorodó,23.4,0.3,0.3,41.8,0.65,1.0,0.4
0517210000000000020323,Chigorodó,39.9,0.3,1.3,71.0,0.4,1.0,0.15
0517210000000000020333,Chigorodó,40.2,0.6,1.4,70.7,0.4,1.0,0.15
0517210000000000030116,Chigorodó,37.9,0.9,0.9,67.9,0.4,1.0,0.15
0517210000000000050401,Chigorodó,38.3,0.3,1.7,70.4,0.4,1.0,0.15
0517210000000000050802,Chigorodó,39.5,0.7,0.5,71.5,0.4,1.0,0.15
0517210000000000060513,Chigorodó,41.8,0.7,2.2,72.8,0.4,1.0,0.15
0517210000000000060908,Chigorodó,43.0,1.0,3.5,73.6,0.4,1.0,0.15
0549020030200400010105,Necoclí,58.3,58.3,257.7,391.6,0.4,0.4,0.15
0549020030200400010108,Necoclí,35.3,35.3,154.5,234.8,0.4,0.4,0.15
0549020050300500010214,Necoclí,131.7,3.2,177.5,307.8,0.15,1.0,0.15
0565910000000000010218,San Juan de Urabá,0.5,0.5,124.8,184.9,1.0,1.0,0.15
0505120060600500010101,Arboletes,115.8,20.6,219.4,363.2,0.15,0.65,0.15
0504520050300100010108,Apartadó,13.0,0.7,12.6,44.8,0.85,1.0,0.4
0504520030101500010114,Apartadó,19.6,2.4,2.2,33.1,0.65,1.0,0.4
0505110000000000010610,Arboletes,2.2,2.8,202.0,287.9,1.0,1.0,0.15
0514710000000000030415,Carepa,0.5,2.1,0.5,41.5,1.0,1.0,0.4
0549020120600100010206,Necoclí,103.2,2.6,104.3,230.2,0.15,1.0,0.15
0549020120301400010101,Necoclí,138.2,0.7,144.9,277.0,0.15,1.0,0.15
0565920020500200010102,San Juan de Urabá,32.7,32.7,264.8,406.9,0.4,0.4,0.15
0566510000000000020114,San Pedro de Urabá,2.1,2.1,117.5,253.4,1.0,1.0,0.15
0583720090600300010306,Turbo,30.7,0.0,1.4,113.3,0.4,1.0,0.15
0583720100400800010404,Turbo,16.7,1.3,2.0,64.5,0.65,1.0,0.15
0504520010101600010110,Apartadó,34.1,4.5,14.8,36.8,0.4,1.0,0.4
0504520020300900010111,Apartadó,22.6,1.7,0.5,30.2,0.65,1.0,0.4
0504520010301100010107,Apartadó,3.1,0.1,1.9,25.0,1.0,1.0,0.65
0504520030101500010122,Apartadó,20.0,2.1,2.0,32.8,0.65,1.0,0.4
0505110000000000010320,Arboletes,1.6,1.5,337.9,480.9,1.0,1.0,0.15
0505110000000000010347,Arboletes,2.3,2.3,337.2,480.3,1.0,1.0,0.15
0505110000000000010708,Arboletes,0.9,2.4,339.2,482.4,1.0,1.0,0.15
0505120040101000010112,Arboletes,53.6,22.2,132.2,218.8,0.4,0.65,0.15
0505120030101100010122,Arboletes,58.5,58.5,250.9,394.6,0.4,0.4,0.15
0505120030101100010129,Arboletes,34.5,34.5,151.7,237.9,0.4,0.4,0.15
0514710000000000010209,Carepa,2.6,0.4,0.2,22.2,1.0,1.0,0.65
0514710000000000020402,Carepa,1.5,1.5,1.6,41.0,1.0,1.0,0.4
0514710000000000020611,Carepa,2.1,0.6,2.6,42.6,1.0,1.0,0.4
0514710000000000030218,Carepa,0.7,1.6,0.2,40.5,1.0,1.0,0.4
0583720090700100010402,Turbo,3.2,4.3,2.2,86.8,1.0,1.0,0.15
0549020120600100010109,Necoclí,44.3,0.5,44.8,98.8,0.4,1.0,0.15
0549010000000000010113,Necoclí,89.1,0.3,89.7,164.9,0.15,1.0,0.15
0549010000000000010213,Necoclí,88.3,0.5,88.9,164.2,0.15,1.0,0.15
0549010000000000010438,Necoclí,146.3,0.2,147.4,272.9,0.15,1.0,0.15
0549020030300200010215,Necoclí,60.7,36.5,143.8,219.9,0.15,0.4,0.15
0549020090200800010110,Necoclí,96.4,30.5,195.5,334.7,0.15,0.4,0.15
0549020090200800010111,Necoclí,96.5,30.6,195.5,334.6,0.15,0.4,0.15
0549020090501500010101,Necoclí,114.4,2.0,155.6,296.5,0.15,1.0,0.15
0549020090501500010104,Necoclí,68.5,0.9,93.1,177.6,0.15,1.0,0.15
0566510000000000010163,San Pedro de Urabá,2.1,0.8,121.0,256.9,1.0,1.0,0.15
0566510000000000010821,San Pedro de Urabá,1.3,0.4,119.3,256.2,1.0,1.0,0.15
0566510000000000011021,San Pedro de Urabá,2.9,2.0,70.8,153.6,1.0,1.0,0.15
0566520040200200010105,San Pedro de Urabá,36.9,0.1,105.8,189.6,0.4,1.0,0.15
0583720090700100010210,Turbo,0.7,2.0,1.6,88.2,1.0,1.0,0.15
0583720090700100010613,Turbo,1.6,1.3,0.6,51.5,1.0,1.0,0.4
0583720090700100010730,Turbo,5.1,4.3,1.7,83.9,0.85,1.0,0.15
0583720090700100020316,Turbo,3.5,2.8,1.0,90.1,1.0,1.0,0.15
0583720090700100020375,Turbo,4.3,3.7,1.9,91.0,1.0,1.0,0.15
0583720100700200020122,Turbo,23.0,1.0,0.4,30.5,0.65,1.0,0.4
0583720090600300010343,Turbo,16.3,2.2,0.9,65.8,0.65,1.0,0.15
0583720100400800010419,Turbo,16.4,1.4,1.4,64.5,0.65,1.0,0.15
0583720100400800010424,Turbo,16.7,1.4,1.7,64.6,0.65,1.0,0.15
0583720080301000010120,Turbo,23.2,0.7,12.3,140.1,0.65,1.0,0.15
0583720080301000010126,Turbo,22.9,1.5,11.3,139.2,0.65,1.0,0.15
0583720020101300010120,Turbo,37.1,0.2,75.2,162.0,0.4,1.0,0.15
0583720050202800010108,Turbo,30.1,0.1,48.9,135.4,0.4,1.0,0.15
0514710000000000030209,Carepa,1.1,1.1,0.3,40.2,1.0,1.0,0.4
0517210000000000020212,Chigorodó,24.6,0.9,1.4,42.7,0.65,1.0,0.4
0517210000000000050422,Chigorodó,39.3,1.0,0.8,71.4,0.4,1.0,0.15
0514710000000000020235,Carepa,6.5,3.2,6.7,44.7,0.85,1.0,0.4
0514710000000000020240,Carepa,7.0,3.6,7.3,45.3,0.85,1.0,0.4
0514710000000000020313,Carepa,3.0,0.1,2.9,41.7,1.0,1.0,0.4
0514720011001000010142,Carepa,16.7,2.1,1.5,32.8,0.65,1.0,0.4
0517210000000000060417,Chigorodó,41.9,0.5,3.1,72.4,0.4,1.0,0.15
0517210000000000060715,Chigorodó,42.6,0.9,2.6,74.3,0.4,1.0,0.15
0549020030200400010133,Necoclí,58.0,58.0,256.1,390.3,0.4,0.4,0.15
0549020090501500010118,Necoclí,114.6,0.6,154.5,295.1,0.15,1.0,0.15
0565910000000000010410,San Juan de Urabá,1.0,1.0,176.4,260.5,1.0,1.0,0.15
0583720110201800010210,Turbo,57.6,11.6,48.3,133.7,0.4,0.85,0.15
0505110000000000010135,Arboletes,0.6,2.0,340.8,483.9,1.0,1.0,0.15
0505120030200800010111,Arboletes,68.7,56.6,231.4,374.8,0.15,0.4,0.15
0514710000000000010226,Carepa,4.1,0.6,0.1,37.2,1.0,1.0,0.4
0514710000000000020308,Carepa,2.7,0.8,3.3,43.3,1.0,1.0,0.4
0514710000000000020513,Carepa,1.2,1.2,1.5,42.4,1.0,1.0,0.4
0514710000000000030522,Carepa,1.6,2.7,0.8,40.8,1.0,1.0,0.4
0583720100400800010209,Turbo,18.4,0.5,0.8,66.5,0.65,1.0,0.15
0549010000000000010209,Necoclí,89.2,0.2,89.8,165.0,0.15,1.0,0.15
0549010000000000010302,Necoclí,150.0,0.6,151.0,276.5,0.15,1.0,0.15
0549010000000000010437,Necoclí,62.7,0.3,63.2,117.0,0.15,1.0,0.15
0549020120600100010212,Necoclí,102.8,3.2,103.9,229.9,0.15,1.0,0.15
0549020120600100010305,Necoclí,62.2,1.8,62.8,138.4,0.15,1.0,0.15
0549020120300300010110,Necoclí,131.5,0.9,137.8,271.1,0.15,1.0,0.15
0565920010100500010103,San Juan de Urabá,19.9,19.9,162.8,245.0,0.65,0.65,0.15
0565920010200600010103,San Juan de Urabá,13.7,13.7,166.0,249.0,0.85,0.85,0.15
0583720090700100010317,Turbo,2.9,4.0,2.3,87.0,1.0,1.0,0.15
0583720090700100010323,Turbo,2.2,2.9,1.2,51.9,1.0,1.0,0.4
0583720090700100010603,Turbo,2.1,1.7,0.7,86.3,1.0,1.0,0.15
0583720090700100010720,Turbo,2.8,2.2,0.7,50.7,1.0,1.0,0.4
0583720090700100020202,Turbo,1.1,1.1,1.5,88.9,1.0,1.0,0.15
0583720090700100020310,Turbo,2.4,1.6,1.0,89.4,1.0,1.0,0.15
0583720090700100020333,Turbo,3.9,3.5,2.2,91.2,1.0,1.0,0.15
0583720090600300010334,Turbo,16.5,2.0,0.6,66.5,0.65,1.0,0.15
0583720070201200010108,Turbo,71.7,0.6,50.0,194.0,0.15,1.0,0.15
0583720070201200010131,Turbo,71.6,1.5,49.1,192.8,0.15,1.0,0.15
0583720020101300010103,Turbo,62.5,0.7,124.9,269.7,0.15,1.0,0.15
0504520010301100010217,Apartadó,6.6,1.9,1.3,39.8,0.85,1.0,0.4
0504520050300100010107,Apartadó,22.3,0.6,21.5,75.1,0.65,1.0,0.15
0504520020300900010208,Apartadó,22.1,1.7,3.4,27.2,0.65,1.0,0.65
0504520010101600010116,Apartadó,34.1,4.4,15.6,35.9,0.4,1.0,0.4
0505110000000000010107,Arboletes,0.3,2.2,340.7,483.8,1.0,1.0,0.15
0505110000000000010314,Arboletes,0.4,0.3,339.0,482.1,1.0,1.0,0.15
0505110000000000010607,Arboletes,1.3,1.3,202.8,288.7,1.0,1.0,0.15
0505120030101100010124,Arboletes,57.2,57.2,253.3,397.0,0.4,0.4,0.15
0514710000000000010723,Carepa,2.4,0.5,2.6,41.6,1.0,1.0,0.4
0514710000000000020404,Carepa,1.7,1.2,1.8,41.3,1.0,1.0,0.4
0514710000000000020616,Carepa,2.1,0.3,2.7,42.8,1.0,1.0,0.4
0514710000000000030303,Carepa,2.4,0.2,0.6,39.6,1.0,1.0,0.4
0514710000000000030552,Carepa,1.9,2.6,1.5,42.5,1.0,1.0,0.4
0549010000000000010301,Necoclí,90.4,0.3,91.0,166.3,0.15,1.0,0.15
0549010000000000010607,Necoclí,96.2,0.8,96.9,172.1,0.15,1.0,0.15
0549010000000000010905,Necoclí,154.1,3.5,155.1,280.8,0.15,1.0,0.15
0549010000000000010910,Necoclí,153.9,3.1,154.9,280.6,0.15,1.0,0.15
0549020120600100010124,Necoclí,61.7,1.1,62.4,137.9,0.15,1.0,0.15
0549020040400900010115,Necoclí,68.4,14.4,118.9,197.2,0.15,0.85,0.15
0565920010100100010120,San Juan de Urabá,21.2,21.2,168.9,250.5,0.65,0.65,0.15
0565920010300300010114,San Juan de Urabá,14.1,14.1,170.8,253.3,0.85,0.85,0.15
0566510000000000010348,San Pedro de Urabá,1.2,0.5,69.9,151.8,1.0,1.0,0.15
0583720090700100010401,Turbo,3.5,4.5,2.1,86.7,1.0,1.0,0.15
0583720090700100020323,Turbo,3.1,3.0,2.3,90.8,1.0,1.0,0.15
0583720090700100020415,Turbo,4.1,3.1,0.9,89.8,1.0,1.0,0.15
0583720100700200020217,Turbo,38.9,0.6,1.5,53.2,0.4,1.0,0.4
0514710000000000010332,Carepa,4.1,1.0,0.4,38.4,1.0,1.0,0.4
0514710000000000030202,Carepa,2.0,0.8,0.1,39.2,1.0,1.0,0.4
0517210000000000010613,Chigorodó,39.3,0.3,2.2,68.8,0.4,1.0,0.15
0517210000000000020206,Chigorodó,40.1,1.1,1.7,70.2,0.4,1.0,0.15
0517210000000000020415,Chigorodó,42.0,1.6,3.4,71.9,0.4,1.0,0.15
0517210000000000020421,Chigorodó,25.3,0.6,2.1,43.4,0.65,1.0,0.4
0517210000000000030213,Chigorodó,38.4,0.5,0.8,68.7,0.4,1.0,0.15
0517210000000000030218,Chigorodó,38.1,0.8,0.6,68.6,0.4,1.0,0.15
0517210000000000040107,Chigorodó,22.1,0.8,0.3,40.6,0.65,1.0,0.4
0517210000000000050202,Chigorodó,37.9,0.2,0.9,69.0,0.4,1.0,0.15
0517210000000000050315,Chigorodó,37.9,0.3,2.1,70.0,0.4,1.0,0.15
0517210000000000050524,Chigorodó,39.1,0.8,1.1,70.9,0.4,1.0,0.15
0517210000000000050605,Chigorodó,38.7,0.1,0.6,69.9,0.4,1.0,0.15
0517210000000000050811,Chigorodó,39.9,0.4,0.2,71.8,0.4,1.0,0.15
0517210000000000060119,Chigorodó,40.4,0.4,1.8,71.3,0.4,1.0,0.15
0517210000000000060418,Chigorodó,42.4,0.3,3.1,73.0,0.4,1.0,0.15
0517210000000000060515,Chigorodó,41.9,0.3,2.5,72.8,0.4,1.0,0.15
0517210000000000060611,Chigorodó,42.0,0.6,1.9,73.5,0.4,1.0,0.15
0517210000000000060716,Chigorodó,42.9,1.3,2.8,74.4,0.4,1.0,0.15
0517210000000000060738,Chigorodó,41.8,0.5,2.2,74.1,0.4,1.0,0.15
0549020090501500010110,Necoclí,68.4,0.3,92.6,177.0,0.15,1.0,0.15
0549020090501500010128,Necoclí,68.3,0.5,91.9,176.3,0.15,1.0,0.15
0565910000000000010101,San Juan de Urabá,0.8,0.8,174.7,258.7,1.0,1.0,0.15
0565910000000000010519,San Juan de Urabá,1.1,1.1,296.5,436.9,1.0,1.0,0.15
0566510000000000010861,San Pedro de Urabá,1.4,0.4,51.3,110.3,1.0,1.0,0.15
0583720110201800010128,Turbo,55.5,13.7,46.3,132.5,0.4,0.85,0.15
0583720110201800010131,Turbo,55.2,14.0,47.0,131.8,0.4,0.85,0.15
0505120020500300010117,Arboletes,91.5,57.1,245.1,389.9,0.15,0.4,0.15
0566520020300300010106,San Pedro de Urabá,117.9,48.4,234.6,373.2,0.15,0.4,0.15
0583720100700200010518,Turbo,38.9,0.3,0.4,52.3,0.4,1.0,0.4
0583720100400800010402,Turbo,16.1,0.8,2.4,63.9,0.65,1.0,0.15
0583720100400800010412,Turbo,9.2,0.1,1.6,38.0,0.85,1.0,0.4
0504520020500200010303,Apartadó,13.8,0.4,7.4,32.1,0.85,1.0,0.4
0504520020300300010109,Apartadó,10.1,1.0,0.2,19.5,0.85,1.0,0.65
0505110000000000010345,Arboletes,2.2,2.2,337.2,480.3,1.0,1.0,0.15
0505110000000000010409,Arboletes,0.2,0.2,204.1,289.9,1.0,1.0,0.15
0505110000000000010707,Arboletes,1.2,2.3,338.9,482.0,1.0,1.0,0.15
0505120030200800010105,Arboletes,68.1,57.1,231.8,375.2,0.15,0.4,0.15
0505120030200900010116,Arboletes,36.6,35.2,139.2,224.4,0.4,0.4,0.15
0514710000000000020101,Carepa,3.6,1.0,2.8,41.0,1.0,1.0,0.4
0514710000000000020112,Carepa,3.4,0.7,2.7,41.2,1.0,1.0,0.4
0514710000000000030642,Carepa,2.2,1.7,2.2,43.3,1.0,1.0,0.4
0514710000000000030644,Carepa,1.7,1.8,1.7,42.8,1.0,1.0,0.4
0549010000000000010225,Necoclí,148.6,0.1,149.6,275.1,0.15,1.0,0.15
0549020120300300010101,Necoclí,132.3,0.5,137.7,270.6,0.15,1.0,0.15
0565920010100100010105,San Juan de Urabá,34.7,34.7,282.3,418.4,0.4,0.4,0.15
0566510000000000010118,San Pedro de Urabá,1.9,0.2,120.6,256.4,1.0,1.0,0.15
0566510000000000010422,San Pedro de Urabá,3.6,1.7,118.8,254.0,1.0,1.0,0.15
0566520010100400010112,San Pedro de Urabá,125.3,34.3,235.1,377.6,0.15,0.4,0.15
0583720090700100010122,Turbo,3.6,4.8,1.3,87.6,1.0,1.0,0.15
0583720090700100020345,Turbo,3.5,3.1,2.0,90.9,1.0,1.0,0.15
0583720090700100020515,Turbo,2.4,1.0,0.3,87.7,1.0,1.0,0.15
0583720090600300010307,Turbo,30.9,0.2,1.4,113.1,0.4,1.0,0.15
0583720020101300010201,Turbo,37.0,0.7,74.3,161.2,0.4,1.0,0.15
0504520020500200010211,Apartadó,14.3,0.9,8.5,30.6,0.85,1.0,0.4
0504520020300900010320,Apartadó,21.6,2.9,1.1,31.4,0.65,1.0,0.4
0505110000000000010209,Arboletes,0.3,0.5,340.6,483.6,1.0,1.0,0.15
0505110000000000010533,Arboletes,0.5,1.4,203.1,288.9,1.0,1.0,0.15
0505120060400100010111,Arboletes,124.6,62.7,262.3,406.0,0.15,0.15,0.15
0505120020500300010118,Arboletes,55.1,33.9,146.7,233.6,0.4,0.4,0.15
0514720010601300010109,Carepa,10.3,10.3,1.3,1.1,0.85,0.85,1.0
0549010000000000010235,Necoclí,87.7,0.7,88.3,163.6,0.15,1.0,0.15
0549020120600100010409,Necoclí,104.7,0.2,105.8,231.8,0.15,1.0,0.15
0549020120300300010139,Necoclí,133.6,1.7,138.1,270.5,0.15,1.0,0.15
0549020090501500010108,Necoclí,114.1,1.1,154.7,295.5,0.15,1.0,0.15
0565920010100100010102,San Juan de Urabá,34.0,34.0,282.3,418.4,0.4,0.4,0.15
0583720090700100020417,Turbo,3.5,2.5,0.2,89.3,1.0,1.0,0.15
0583720090700100020509,Turbo,2.4,1.1,0.3,88.1,1.0,1.0,0.15
0583720100700200020101,Turbo,40.0,1.1,0.9,52.3,0.4,1.0,0.4
0583720100700200020405,Turbo,38.4,0.8,0.9,52.4,0.4,1.0,0.4
0583720010203800010104,Turbo,9.5,8.7,64.6,148.7,0.85,0.85,0.15
0514720011001000010105,Carepa,18.0,3.5,2.1,33.2,0.65,1.0,0.4
0514710000000000010617,Carepa,5.4,1.8,2.3,38.9,0.85,1.0,0.4
0514710000000000010619,Carepa,2.5,0.4,1.3,23.9,1.0,1.0,0.65
0514710000000000030112,Carepa,2.3,0.4,0.4,38.9,1.0,1.0,0.4
0514710000000000030311,Carepa,1.1,1.6,1.2,41.0,1.0,1.0,0.4
0514720010700700010108,Carepa,25.1,9.8,20.3,31.2,0.65,0.85,0.4
0514720010700700010119,Carepa,25.3,9.7,20.5,30.4,0.65,0.85,0.4
0514720010700700010125,Carepa,25.2,10.1,20.4,31.7,0.65,0.85,0.4
0517210000000000010110,Chigorodó,39.2,0.7,3.8,67.5,0.4,1.0,0.15
0517210000000000010209,Chigorodó,40.5,0.4,4.2,69.0,0.4,1.0,0.15
0517210000000000010507,Chigorodó,39.6,0.7,2.9,68.6,0.4,1.0,0.15
0517210000000000010709,Chigorodó,41.0,0.8,5.2,68.8,0.4,1.0,0.15
0517210000000000020208,Chigorodó,39.8,0.8,1.4,70.0,0.4,1.0,0.15
0517210000000000020302,Chigorodó,40.3,0.9,1.6,70.6,0.4,1.0,0.15
0517210000000000060410,Chigorodó,41.3,0.9,2.5,71.8,0.4,1.0,0.15
0517210000000000060420,Chigorodó,42.1,0.4,3.1,72.6,0.4,1.0,0.15
0517210000000000060508,Chigorodó,41.5,0.8,2.0,72.6,0.4,1.0,0.15
0517210000000000060520,Chigorodó,42.3,0.4,2.8,73.1,0.4,1.0,0.15
0517210000000000060812,Chigorodó,42.5,0.9,2.7,73.5,0.4,1.0,0.15
0565910000000000010106,San Juan de Urabá,0.8,0.8,291.0,431.0,1.0,1.0,0.15
0565910000000000010121,San Juan de Urabá,1.2,1.2,290.5,430.5,1.0,1.0,0.15
0565910000000000010615,San Juan de Urabá,2.5,2.5,174.3,258.7,1.0,1.0,0.15
0583720110201800010201,Turbo,34.3,7.2,28.3,80.3,0.4,0.85,0.15
0583720110201800010328,Turbo,55.9,13.4,48.4,131.7,0.4,0.85,0.15
0517220070300300010109,Chigorodó,83.4,2.8,28.7,112.1,0.15,1.0,0.15
0504520010101400010113,Apartadó,26.7,0.3,9.6,23.9,0.65,1.0,0.65
0505110000000000010537,Arboletes,2.9,4.4,337.2,480.0,1.0,1.0,0.15
0517220100400700010105,Chigorodó,53.8,0.3,15.5,76.1,0.4,1.0,0.15
0549020120600100010214,Necoclí,102.4,3.1,103.4,229.4,0.15,1.0,0.15
0565920010100100010117,San Juan de Urabá,21.2,21.2,168.2,249.8,0.65,0.65,0.15
0566510000000000010421,San Pedro de Urabá,2.1,0.9,71.2,152.4,1.0,1.0,0.15
0583720090700100010206,Turbo,1.8,3.1,2.4,88.0,1.0,1.0,0.15
0583720090700100020362,Turbo,2.2,1.7,1.3,89.6,1.0,1.0,0.15
0583720090700100020439,Turbo,4.5,3.6,1.4,90.4,1.0,1.0,0.15
0583720100700200010313,Turbo,40.0,0.9,0.1,53.1,0.4,1.0,0.4
0583720100700200010407,Turbo,39.5,0.4,1.4,53.9,0.4,1.0,0.4
0583720100700200010510,Turbo,39.6,0.8,0.8,52.1,0.4,1.0,0.4
0583720080301000010113,Turbo,14.2,0.5,7.0,83.9,0.85,1.0,0.15
0583720020101300010111,Turbo,62.3,0.5,124.8,269.6,0.15,1.0,0.15
0583720030803200010101,Turbo,31.7,2.6,32.4,107.9,0.4,1.0,0.15
0504520010301100010209,Apartadó,6.1,1.1,2.0,40.5,0.85,1.0,0.4
0504520020500200010106,Apartadó,15.2,1.3,9.3,30.0,0.65,1.0,0.65
0504520020300300010108,Apartadó,10.6,0.7,0.3,19.3,0.85,1.0,0.65
0504520020300900010129,Apartadó,22.8,1.1,0.9,29.6,0.65,1.0,0.65
0504520020300900010327,Apartadó,21.4,2.9,1.2,31.4,0.65,1.0,0.4
0504520030101500010106,Apartadó,19.3,2.4,2.3,33.3,0.65,1.0,0.4
0505110000000000010222,Arboletes,0.9,1.1,341.5,484.5,1.0,1.0,0.15
0505110000000000010709,Arboletes,0.7,2.5,339.3,482.5,1.0,1.0,0.15
0505110000000000011020,Arboletes,1.0,2.0,338.0,480.9,1.0,1.0,0.15
0505110000000000011021,Arboletes,1.2,2.2,337.8,480.7,1.0,1.0,0.15
0514710000000000010116,Carepa,2.6,0.2,0.3,38.7,1.0,1.0,0.4
0514710000000000030237,Carepa,1.6,1.4,0.4,39.8,1.0,1.0,0.4
0514710000000000030416,Carepa,0.3,1.8,0.7,41.5,1.0,1.0,0.4
0549020120600100010228,Necoclí,102.1,3.5,103.2,229.1,0.15,1.0,0.15
0549020120600100010401,Necoclí,62.1,1.6,62.8,138.4,0.15,1.0,0.15
0549020030300200010221,Necoclí,101.5,60.6,239.4,366.2,0.15,0.15,0.15
0566510000000000010502,San Pedro de Urabá,0.6,0.3,71.4,153.4,1.0,1.0,0.15
0566510000000000010665,San Pedro de Urabá,1.0,1.3,120.1,256.3,1.0,1.0,0.15
0583720090700100010107,Turbo,1.6,2.9,2.5,88.5,1.0,1.0,0.15
0583720090700100010218,Turbo,3.2,4.4,1.8,87.4,1.0,1.0,0.15
0583720100700200010203,Turbo,40.3,0.4,1.1,54.2,0.4,1.0,0.4
0583720100700200010504,Turbo,39.8,0.7,0.4,52.8,0.4,1.0,0.4
0583720100700200020510,Turbo,37.3,2.0,0.6,52.5,0.4,1.0,0.4
0583720050200500010117,Turbo,23.0,0.5,47.9,131.6,0.65,1.0,0.15
0583720090402400010113,Turbo,11.4,4.4,0.8,121.6,0.85,1.0,0.15
0583720090103900010117,Turbo,16.3,5.8,17.2,142.1,0.65,0.85,0.15
0583720010204000010103,Turbo,17.5,7.5,68.6,154.4,0.65,0.85,0.15
0514710000000000020116,Carepa,2.4,0.8,1.9,24.6,1.0,1.0,0.65
0514710000000000020807,Carepa,6.0,2.9,6.5,44.7,0.85,1.0,0.4
0514710000000000030220,Carepa,1.2,1.5,0.5,40.2,1.0,1.0,0.4
0514710000000000030422,Carepa,1.3,1.9,1.2,42.3,1.0,1.0,0.4
0514710000000000030507,Carepa,1.0,2.5,0.2,41.2,1.0,1.0,0.4
0514720010700700010121,Carepa,25.2,9.7,20.4,30.6,0.65,0.85,0.4
0514720010700700010131,Carepa,24.5,9.9,19.8,32.4,0.65,0.85,0.4
0517210000000000010210,Chigorodó,40.7,0.5,4.3,69.1,0.4,1.0,0.15
0517210000000000010701,Chigorodó,40.7,0.4,4.9,68.6,0.4,1.0,0.15
0517210000000000020506,Chigorodó,43.1,1.3,4.1,73.3,0.4,1.0,0.15
0517210000000000050206,Chigorodó,38.0,0.4,0.9,69.2,0.4,1.0,0.15
0517210000000000050601,Chigorodó,38.5,0.8,0.3,69.4,0.4,1.0,0.15
0517210000000000050706,Chigorodó,38.7,1.2,1.5,71.2,0.4,1.0,0.15
0517210000000000060318,Chigorodó,41.0,1.3,1.4,72.3,0.4,1.0,0.15
0517210000000000061012,Chigorodó,43.3,1.2,3.4,75.3,0.4,1.0,0.15
0549020030200400010111,Necoclí,57.8,57.8,257.4,391.5,0.4,0.4,0.15
0565910000000000010313,San Juan de Urabá,0.6,0.6,292.8,433.1,1.0,1.0,0.15
0565910000000000010516,San Juan de Urabá,1.0,1.0,294.8,435.1,1.0,1.0,0.15
0565910000000000010903,San Juan de Urabá,3.3,3.3,288.5,428.9,1.0,1.0,0.15
0566510000000000010152,San Pedro de Urabá,1.4,0.4,72.6,154.1,1.0,1.0,0.15
0583720110201800010217,Turbo,57.4,11.9,48.7,133.2,0.4,0.85,0.15
0504520010301100010109,Apartadó,5.7,0.6,2.8,41.2,0.85,1.0,0.4
0504520030101500010103,Apartadó,18.9,2.5,2.3,33.6,0.65,1.0,0.4
0505110000000000010210,Arboletes,0.4,0.6,340.8,483.9,1.0,1.0,0.15
0505110000000000010224,Arboletes,0.9,1.2,341.5,484.6,1.0,1.0,0.15
0505110000000000010340,Arboletes,2.1,2.0,337.3,480.4,1.0,1.0,0.15
0505120040101000010105,Arboletes,53.2,22.6,132.5,219.2,0.4,0.65,0.15
0505120040101000010107,Arboletes,89.0,37.4,220.6,365.0,0.15,0.4,0.15
0514710000000000010120,Carepa,2.4,0.1,0.5,39.0,1.0,1.0,0.4
0514710000000000010306,Carepa,4.0,0.1,0.5,37.5,1.0,1.0,0.4
0514710000000000030624,Carepa,1.8,1.9,1.7,42.8,1.0,1.0,0.4
0517220070300300010112,Chigorodó,83.9,2.4,29.1,112.5,0.15,1.0,0.15
0549010000000000010308,Necoclí,149.3,0.9,150.3,275.8,0.15,1.0,0.15
0549010000000000010507,Necoclí,146.0,2.4,147.1,272.7,0.15,1.0,0.15
0549020120600100010223,Necoclí,102.3,3.0,103.4,229.3,0.15,1.0,0.15
0549020120600100010224,Necoclí,102.2,2.8,103.3,229.3,0.15,1.0,0.15
0549020120600100010312,Necoclí,103.6,4.5,104.7,230.6,0.15,1.0,0.15
0549020120600100010402,Necoclí,103.5,2.4,104.6,230.6,0.15,1.0,0.15
0549020030300200010120,Necoclí,101.9,60.5,239.3,366.1,0.15,0.15,0.15
0549020030300200010127,Necoclí,100.8,63.5,242.4,369.1,0.15,0.15,0.15
0549020030300200010206,Necoclí,100.0,61.8,240.6,367.5,0.15,0.15,0.15
0549020120300300010133,Necoclí,132.4,0.4,137.9,270.8,0.15,1.0,0.15
0549020120300300010134,Necoclí,78.7,0.4,82.0,161.9,0.15,1.0,0.15
0549020120301000010105,Necoclí,126.7,0.3,136.5,271.2,0.15,1.0,0.15
0549020090201200010104,Necoclí,57.9,15.0,116.7,200.9,0.4,0.85,0.15
0583720050200500010105,Turbo,37.6,0.6,80.7,220.4,0.4,1.0,0.15
0565920010100100010104,San Juan de Urabá,34.4,34.4,282.2,418.4,0.4,0.4,0.15
0565920010100100010116,San Juan de Urabá,34.4,34.4,281.7,417.8,0.4,0.4,0.15
0565920010300300010133,San Juan de Urabá,21.7,21.7,285.5,423.3,0.65,0.65,0.15
0565920020300400010106,San Juan de Urabá,31.4,31.4,143.2,227.3,0.4,0.4,0.15
0565920010100500010107,San Juan de Urabá,19.9,19.9,162.4,244.7,0.65,0.65,0.15
0565920010100500010111,San Juan de Urabá,33.8,33.8,270.6,407.7,0.4,0.4,0.15
0566510000000000010244,San Pedro de Urabá,1.8,1.3,118.2,254.0,1.0,1.0,0.15
0566510000000000010247,San Pedro de Urabá,0.5,0.1,118.8,255.1,1.0,1.0,0.15
0566510000000000010353,San Pedro de Urabá,1.2,1.2,117.6,254.2,1.0,1.0,0.15
0566510000000000010406,San Pedro de Urabá,2.7,0.8,118.9,254.3,1.0,1.0,0.15
0566520040200200010107,San Pedro de Urabá,36.9,0.4,105.8,189.6,0.4,1.0,0.15
0566520020300300010104,San Pedro de Urabá,70.8,28.9,140.8,224.0,0.15,0.65,0.15
0583720090600300010205,Turbo,18.5,0.3,0.2,68.9,0.65,1.0,0.15
0583720090700100020436,Turbo,4.2,3.4,1.3,90.4,1.0,1.0,0.15
0583720100700200010109,Turbo,41.2,1.0,1.0,53.7,0.4,1.0,0.4
0583720100700200010211,Turbo,40.0,0.5,1.1,54.0,0.4,1.0,0.4
0583720100700200020201,Turbo,39.1,0.6,1.1,53.0,0.4,1.0,0.4
0583720050200500010127,Turbo,37.5,1.0,80.7,220.1,0.4,1.0,0.15
0583720090402400010127,Turbo,11.8,4.4,1.7,120.7,0.85,1.0,0.15
0583720090603100010101,Turbo,18.1,4.5,4.5,100.1,0.65,1.0,0.15
0583720090603100010102,Turbo,18.1,4.4,4.4,100.1,0.65,1.0,0.15
0583720090103900010113,Turbo,16.4,5.2,17.2,141.8,0.65,0.85,0.15
0504520020500200010312,Apartadó,13.5,0.7,7.6,31.5,0.85,1.0,0.4
0505120020500300010116,Arboletes,91.6,57.3,245.4,390.2,0.15,0.4,0.15
0549010000000000010218,Necoclí,87.9,0.8,88.5,163.8,0.15,1.0,0.15
0549020120600100010317,Necoclí,103.6,3.9,104.6,230.5,0.15,1.0,0.15
0549020050401800010104,Necoclí,95.7,2.4,99.8,175.4,0.15,1.0,0.15
0566510000000000010249,San Pedro de Urabá,0.6,0.3,71.0,152.9,1.0,1.0,0.15
0583720090700100010132,Turbo,2.8,4.2,2.2,88.6,1.0,1.0,0.15
0583720090700100010304,Turbo,2.5,3.7,2.5,87.4,1.0,1.0,0.15
0583720090700100020425,Turbo,3.8,3.0,1.2,90.3,1.0,1.0,0.15
0583720100400800010204,Turbo,18.6,0.7,1.0,66.6,0.65,1.0,0.15
0583720090602600010110,Turbo,18.7,0.9,1.6,103.8,0.65,1.0,0.15
0583720090603100010103,Turbo,18.0,4.3,4.3,100.1,0.65,1.0,0.15
0514710000000000010105,Carepa,2.2,0.9,0.5,22.5,1.0,1.0,0.65
0514710000000000010303,Carepa,4.5,0.5,0.7,37.1,1.0,1.0,0.4
0514710000000000010706,Carepa,2.8,0.7,2.2,41.0,1.0,1.0,0.4
0514710000000000010814,Carepa,3.2,0.3,1.1,39.3,1.0,1.0,0.4
0514710000000000020624,Carepa,2.5,0.8,3.0,42.7,1.0,1.0,0.4
0514710000000000020914,Carepa,4.9,1.9,5.4,44.2,1.0,1.0,0.4
0514710000000000030226,Carepa,2.4,1.4,0.6,39.0,1.0,1.0,0.4
0514710000000000030317,Carepa,1.0,0.6,0.8,24.3,1.0,1.0,0.65
0517210000000000020203,Chigorodó,39.6,0.7,1.5,69.7,0.4,1.0,0.15
0517210000000000010219,Chigorodó,41.1,0.9,4.9,69.3,0.4,1.0,0.15
0517210000000000050403,Chigorodó,38.4,0.8,1.8,70.7,0.4,1.0,0.15
0517210000000000050418,Chigorodó,39.0,1.1,1.2,71.3,0.4,1.0,0.15
0517210000000000050711,Chigorodó,39.7,0.9,0.8,71.9,0.4,1.0,0.15
0517210000000000060209,Chigorodó,40.9,0.8,1.0,72.5,0.4,1.0,0.15
0517210000000000060310,Chigorodó,40.8,0.9,1.7,71.9,0.4,1.0,0.15
0517210000000000060320,Chigorodó,41.2,1.0,1.8,72.3,0.4,1.0,0.15
0565910000000000010520,San Juan de Urabá,1.2,1.2,296.5,436.9,1.0,1.0,0.15
0565910000000000010607,San Juan de Urabá,1.4,1.4,174.6,258.9,1.0,1.0,0.15
0566510000000000010402,San Pedro de Urabá,2.7,0.6,119.2,254.7,1.0,1.0,0.15
0514710000000000010729,Carepa,2.8,0.3,2.5,41.4,1.0,1.0,0.4
0514710000000000020903,Carepa,5.2,2.1,5.7,44.2,0.85,1.0,0.4
0517210000000000030104,Chigorodó,37.3,1.0,2.1,66.6,0.4,1.0,0.15
0517210000000000030117,Chigorodó,37.9,0.9,1.4,67.6,0.4,1.0,0.15
0517210000000000060416,Chigorodó,41.7,0.7,2.9,72.1,0.4,1.0,0.15
0549020030200400010134,Necoclí,58.5,58.5,255.3,389.5,0.4,0.4,0.15
0505110000000000010416,Arboletes,0.7,0.7,340.8,483.7,1.0,1.0,0.15
0505110000000000011030,Arboletes,1.3,1.6,202.1,287.9,1.0,1.0,0.15
0505110000000000011043,Arboletes,0.6,1.8,338.4,481.4,1.0,1.0,0.15
0549010000000000010310,Necoclí,89.6,0.4,90.2,165.5,0.15,1.0,0.15
0549010000000000010513,Necoclí,145.9,1.7,146.9,272.5,0.15,1.0,0.15
0549010000000000010609,Necoclí,95.6,1.0,96.2,171.4,0.15,1.0,0.15
0549020120600100010415,Necoclí,62.7,0.2,63.4,139.0,0.15,1.0,0.15
0565910000000000010406,San Juan de Urabá,1.5,1.5,293.8,434.1,1.0,1.0,0.15
0583720090700100010509,Turbo,0.5,1.1,0.7,52.5,1.0,1.0,0.4
0583720090700100020219,Turbo,1.8,0.6,0.3,88.1,1.0,1.0,0.15
0504520020500200010122,Apartadó,15.4,1.4,9.4,30.0,0.65,1.0,0.65
0504520020300900010125,Apartadó,22.0,2.0,0.2,30.6,0.65,1.0,0.4
0504520010301100010117,Apartadó,5.5,0.5,2.5,41.1,0.85,1.0,0.4
0504520010101600010118,Apartadó,34.2,4.5,15.9,35.6,0.4,1.0,0.4
0505110000000000010118,Arboletes,0.4,1.0,203.8,289.7,1.0,1.0,0.15
0505110000000000010316,Arboletes,1.1,1.1,338.3,481.4,1.0,1.0,0.15
0505110000000000010342,Arboletes,2.2,2.1,337.3,480.3,1.0,1.0,0.15
0505120060400100010113,Arboletes,74.9,37.7,157.4,243.7,0.15,0.4,0.15
0505120030101100010133,Arboletes,58.2,58.2,250.3,393.9,0.4,0.4,0.15
0514710000000000010204,Carepa,5.3,1.4,1.0,36.3,0.85,1.0,0.4
0514710000000000010227,Carepa,5.8,2.0,0.4,36.0,0.85,1.0,0.4
0514710000000000020429,Carepa,1.6,1.0,2.1,42.0,1.0,1.0,0.4
0514710000000000030219,Carepa,1.0,1.5,0.3,40.3,1.0,1.0,0.4
0583720030802900010118,Turbo,40.2,0.1,41.3,167.1,0.4,1.0,0.15
0549010000000000010120,Necoclí,89.6,0.5,90.3,165.5,0.15,1.0,0.15
0566510000000000011012,San Pedro de Urabá,4.6,2.5,119.4,257.3,1.0,1.0,0.15
0549010000000000010106,Necoclí,88.3,0.4,88.9,164.2,0.15,1.0,0.15
0549010000000000010608,Necoclí,95.5,0.2,96.1,171.3,0.15,1.0,0.15
0549010000000000010825,Necoclí,152.8,1.9,153.8,279.5,0.15,1.0,0.15
0549010000000000010829,Necoclí,152.6,1.6,153.6,279.2,0.15,1.0,0.15
0549020030300200010204,Necoclí,100.1,61.9,240.7,367.5,0.15,0.15,0.15
0565910000000000010511,San Juan de Urabá,0.3,0.3,295.8,436.1,1.0,1.0,0.15
0565920010100100010131,San Juan de Urabá,35.9,35.9,280.9,416.9,0.4,0.4,0.15
0565920010300300010107,San Juan de Urabá,22.8,22.8,285.2,422.9,0.65,0.65,0.15
0566510000000000010112,San Pedro de Urabá,0.7,0.6,72.2,153.8,1.0,1.0,0.15
0566510000000000010431,San Pedro de Urabá,4.5,2.8,117.8,252.8,1.0,1.0,0.15
0566510000000000010813,San Pedro de Urabá,0.3,0.3,70.5,152.6,1.0,1.0,0.15
0566520010100400010105,San Pedro de Urabá,126.9,36.1,236.9,379.4,0.15,0.4,0.15
0566520040200800010113,San Pedro de Urabá,80.0,7.0,183.2,326.7,0.15,0.85,0.15
0583720090700100010201,Turbo,3.5,4.7,1.5,87.4,1.0,1.0,0.15
0583720090700100010204,Turbo,2.5,3.8,2.3,87.8,1.0,1.0,0.15
0583720090700100020374,Turbo,4.4,3.9,2.2,91.3,1.0,1.0,0.15
0583720090700100020411,Turbo,3.1,2.1,0.3,89.1,1.0,1.0,0.15
0583720100700200010506,Turbo,39.5,0.6,0.7,53.1,0.4,1.0,0.4
0583720100700200020210,Turbo,38.9,0.5,1.0,52.8,0.4,1.0,0.4
0583720100700200020414,Turbo,38.0,1.1,0.9,51.9,0.4,1.0,0.4
0583720090600300010313,Turbo,30.9,0.5,1.1,113.0,0.4,1.0,0.15
0583720090600300010326,Turbo,17.1,1.3,0.2,66.9,0.65,1.0,0.15
0583720030803200010111,Turbo,29.6,0.4,30.2,105.7,0.65,1.0,0.15
0583720010203800010111,Turbo,10.0,9.4,63.8,147.9,0.85,0.85,0.15
0583720090103900010108,Turbo,10.1,3.8,10.7,85.6,0.85,1.0,0.15
0583720050604200010103,Turbo,62.8,0.4,64.0,208.4,0.15,1.0,0.15
0514710000000000020501,Carepa,0.5,1.8,0.7,41.0,1.0,1.0,0.4
0514710000000000020623,Carepa,2.5,0.9,3.0,42.8,1.0,1.0,0.4
0514710000000000030211,Carepa,1.9,1.0,0.1,39.4,1.0,1.0,0.4
0514710000000000030231,Carepa,2.3,1.5,0.6,39.1,1.0,1.0,0.4
0514710000000000030232,Carepa,2.4,1.8,0.8,39.2,1.0,1.0,0.4
0514710000000000030539,Carepa,1.5,2.7,0.9,41.9,1.0,1.0,0.4
0517210000000000010124,Chigorodó,39.5,0.2,4.7,67.3,0.4,1.0,0.15
0517210000000000010307,Chigorodó,40.3,0.1,3.9,68.9,0.4,1.0,0.15
0517210000000000010702,Chigorodó,40.7,0.3,4.8,68.7,0.4,1.0,0.15
0517210000000000010804,Chigorodó,43.4,3.6,8.1,69.9,0.4,1.0,0.15
0517210000000000020320,Chigorodó,39.6,0.1,1.3,71.0,0.4,1.0,0.15
0517210000000000020411,Chigorodó,41.6,1.6,3.0,71.6,0.4,1.0,0.15
0517210000000000030209,Chigorodó,22.6,0.5,0.4,40.7,0.65,1.0,0.4
0517210000000000050124,Chigorodó,38.2,0.5,0.6,69.1,0.4,1.0,0.15
0517210000000000050710,Chigorodó,23.5,0.8,0.7,43.0,0.65,1.0,0.4
0517210000000000060118,Chigorodó,40.4,0.4,1.6,71.5,0.4,1.0,0.15
0517210000000000060403,Chigorodó,40.9,0.8,2.1,71.6,0.4,1.0,0.15
0517210000000000060605,Chigorodó,41.3,0.8,1.8,73.6,0.4,1.0,0.15
0517210000000000060630,Chigorodó,41.4,0.7,1.8,73.7,0.4,1.0,0.15
0549020030200400010104,Necoclí,34.8,34.8,154.6,235.0,0.4,0.4,0.15
0565910000000000010120,San Juan de Urabá,0.9,0.9,174.0,258.0,1.0,1.0,0.15
0565910000000000010619,San Juan de Urabá,4.7,4.7,290.4,431.0,1.0,1.0,0.15
0566510000000000020111,San Pedro de Urabá,0.7,0.7,50.5,108.8,1.0,1.0,0.15
0583720030802900010112,Turbo,40.6,0.2,41.6,167.4,0.4,1.0,0.15
0504520050300100010112,Apartadó,22.6,0.5,21.9,75.3,0.65,1.0,0.15
0504520020500200010103,Apartadó,14.6,0.6,8.6,30.7,0.85,1.0,0.4
0504520020300900010302,Apartadó,22.0,3.4,1.6,32.0,0.65,1.0,0.4
0505110000000000011005,Arboletes,0.6,1.6,338.5,481.5,1.0,1.0,0.15
0514710000000000020304,Carepa,2.8,0.9,3.4,43.2,1.0,1.0,0.4
0583720100400800010104,Turbo,17.3,1.7,2.2,65.0,0.65,1.0,0.15
0549010000000000010402,Necoclí,147.9,0.7,148.9,274.4,0.15,1.0,0.15
0549020120600100010128,Necoclí,61.3,1.6,61.9,137.5,0.15,1.0,0.15
0565910000000000010110,San Juan de Urabá,1.1,1.1,290.3,430.4,1.0,1.0,0.15
0566510000000000010220,San Pedro de Urabá,1.2,1.0,119.1,254.9,1.0,1.0,0.15
0566520010100400010101,San Pedro de Urabá,77.1,22.6,143.1,228.6,0.15,0.65,0.15
0583720050200500010109,Turbo,38.3,0.1,80.0,219.7,0.4,1.0,0.15
0583720090700100020217,Turbo,2.0,0.9,0.6,88.5,1.0,1.0,0.15
0583720090700100020413,Turbo,3.8,2.8,0.6,89.7,1.0,1.0,0.15
0583720090600300010324,Turbo,29.0,1.7,0.9,111.8,0.65,1.0,0.15
0583720100400800010313,Turbo,17.8,0.2,0.7,65.9,0.65,1.0,0.15
0583720100400800010411,Turbo,9.3,0.1,1.6,38.0,0.85,1.0,0.4
0583720230401400010106,Turbo,116.5,19.0,51.5,149.1,0.15,0.65,0.15
0583720090102700010105,Turbo,10.8,0.3,8.8,83.0,0.85,1.0,0.15
0583720030802900010126,Turbo,23.5,0.7,24.2,99.6,0.65,1.0,0.15
0583720050604200010109,Turbo,37.7,0.1,38.6,125.3,0.4,1.0,0.15
0505110000000000010108,Arboletes,0.5,2.4,340.9,484.0,1.0,1.0,0.15
0505110000000000010512,Arboletes,0.3,0.9,203.6,289.4,1.0,1.0,0.15
0505120060400100010102,Arboletes,123.9,63.0,262.3,406.1,0.15,0.15,0.15
0514710000000000010208,Carepa,2.9,0.5,0.5,22.0,1.0,1.0,0.65
0514710000000000010210,Carepa,4.0,0.8,0.3,37.3,1.0,1.0,0.4
0514710000000000010222,Carepa,4.6,0.6,0.7,36.9,1.0,1.0,0.4
0514710000000000020709,Carepa,1.8,0.2,2.4,42.9,1.0,1.0,0.4
0549020090200800010117,Necoclí,97.3,29.1,194.5,333.8,0.15,0.65,0.15
0549010000000000010129,Necoclí,149.7,1.1,150.7,276.2,0.15,1.0,0.15
0549010000000000010332,Necoclí,149.9,0.2,151.0,276.5,0.15,1.0,0.15
0549010000000000010601,Necoclí,69.3,1.4,69.8,123.4,0.15,1.0,0.15
0549010000000000010612,Necoclí,94.5,1.0,95.1,170.4,0.15,1.0,0.15
0549010000000000010912,Necoclí,154.0,3.0,155.0,280.7,0.15,1.0,0.15
0549020090200800010118,Necoclí,97.5,29.0,194.3,333.6,0.15,0.65,0.15
0549020040400900010114,Necoclí,68.2,14.2,118.7,197.1,0.15,0.85,0.15
0549020050401800010101,Necoclí,95.3,2.1,100.1,175.7,0.15,1.0,0.15
0566510000000000010630,San Pedro de Urabá,0.4,0.9,119.3,255.4,1.0,1.0,0.15
0566510000000000010663,San Pedro de Urabá,1.3,1.2,120.3,256.6,1.0,1.0,0.15
0566510000000000010868,San Pedro de Urabá,1.3,0.4,51.6,110.4,1.0,1.0,0.15
0583720090700100010504,Turbo,1.2,1.8,1.3,52.3,1.0,1.0,0.4
0583720090700100010608,Turbo,2.4,1.9,0.8,86.0,1.0,1.0,0.15
0583720090700100010723,Turbo,2.3,1.6,0.8,51.7,1.0,1.0,0.4
0583720090700100020517,Turbo,2.8,1.5,0.3,88.3,1.0,1.0,0.15
0583720100700200010122,Turbo,42.2,2.1,2.1,53.7,0.4,1.0,0.4
0583720100700200010123,Turbo,42.4,2.3,2.3,53.8,0.4,1.0,0.4
0583720100700200010402,Turbo,39.7,0.3,0.8,53.5,0.4,1.0,0.4
0583720100700200020110,Turbo,39.3,1.5,0.9,51.2,0.4,1.0,0.4
0583720100700200020415,Turbo,38.2,1.0,1.1,52.6,0.4,1.0,0.4
0583720100400800010202,Turbo,18.9,1.0,1.2,66.9,0.65,1.0,0.15
0583720100400800010413,Turbo,9.5,0.4,1.3,38.3,0.85,1.0,0.4
0583720090103900010106,Turbo,10.1,3.6,10.6,85.5,0.85,1.0,0.15
0514710000000000010304,Carepa,4.6,1.0,0.3,37.3,1.0,1.0,0.4
0514710000000000010409,Carepa,3.5,0.3,0.5,38.2,1.0,1.0,0.4
0514710000000000010620,Carepa,3.7,1.5,1.8,23.3,1.0,1.0,0.65
0514710000000000030214,Carepa,1.3,1.2,0.5,40.0,1.0,1.0,0.4
0514720011001000010121,Carepa,17.5,3.0,2.0,33.3,0.65,1.0,0.4
0517210000000000010101,Chigorodó,23.5,0.3,2.9,40.1,0.65,1.0,0.4
0517210000000000010125,Chigorodó,39.4,0.1,4.5,67.4,0.4,1.0,0.15
0517210000000000010319,Chigorodó,41.0,0.8,4.3,69.5,0.4,1.0,0.15
0517210000000000010513,Chigorodó,38.9,0.3,3.2,67.6,0.4,1.0,0.15
0517210000000000020217,Chigorodó,24.9,0.8,1.7,43.0,0.65,1.0,0.4
0517210000000000050306,Chigorodó,37.9,0.5,1.8,69.7,0.4,1.0,0.15
0517210000000000050310,Chigorodó,38.4,0.3,1.8,70.2,0.4,1.0,0.15
0517210000000000060107,Chigorodó,40.1,0.5,1.2,71.4,0.4,1.0,0.15
0517210000000000060804,Chigorodó,42.4,0.6,2.9,73.3,0.4,1.0,0.15
0517210000000000060926,Chigorodó,44.0,1.9,4.5,74.4,0.4,1.0,0.15
0583720110201800010103,Turbo,34.0,7.6,27.9,80.1,0.4,0.85,0.15
0583720110201800010123,Turbo,33.6,7.9,27.7,79.9,0.4,0.85,0.15
0583720110201800010320,Turbo,56.3,13.0,48.1,132.3,0.4,0.85,0.15
0504520050300100010111,Apartadó,22.4,0.6,21.7,75.1,0.65,1.0,0.15
0504520010101400010105,Apartadó,44.0,0.8,14.7,40.8,0.4,1.0,0.4
0505120030101100010130,Arboletes,34.8,34.8,151.1,237.4,0.4,0.4,0.15
0505110000000000010121,Arboletes,0.2,2.1,340.5,483.6,1.0,1.0,0.15
0505110000000000010520,Arboletes,0.7,1.8,339.2,482.1,1.0,1.0,0.15
0505110000000000011012,Arboletes,1.0,1.7,338.1,481.1,1.0,1.0,0.15
0505110000000000011044,Arboletes,1.1,1.2,202.5,288.3,1.0,1.0,0.15
0505110000000000011105,Arboletes,2.5,2.5,337.0,480.1,1.0,1.0,0.15
0505120030200800010104,Arboletes,40.8,34.4,139.1,225.1,0.4,0.4,0.15
0505120030200900010115,Arboletes,36.3,35.4,139.4,224.6,0.4,0.4,0.15
0514710000000000030625,Carepa,2.0,2.0,1.8,43.0,1.0,1.0,0.4
0514710000000000010320,Carepa,4.2,1.0,0.2,38.1,1.0,1.0,0.4
0514710000000000010808,Carepa,3.4,0.5,0.6,38.7,1.0,1.0,0.4
0514710000000000020220,Carepa,6.1,1.7,5.8,43.2,0.85,1.0,0.4
0514710000000000020417,Carepa,1.5,1.3,1.8,41.4,1.0,1.0,0.4
0514710000000000030411,Carepa,0.9,1.8,0.5,40.5,1.0,1.0,0.4
0517220060601500010106,Chigorodó,47.4,5.4,7.9,77.1,0.4,0.85,0.15
0549010000000000010117,Necoclí,147.5,0.3,148.5,273.9,0.15,1.0,0.15
0549010000000000010918,Necoclí,153.4,3.0,154.5,280.2,0.15,1.0,0.15
0549020030300200010214,Necoclí,60.8,36.5,143.8,219.9,0.15,0.4,0.15
0549020120300300010118,Necoclí,131.5,0.5,136.8,269.9,0.15,1.0,0.15
0565920010100100010124,San Juan de Urabá,35.3,35.3,282.1,418.1,0.4,0.4,0.15
0565920010100500010114,San Juan de Urabá,20.2,20.2,162.2,244.5,0.65,0.65,0.15
0566510000000000010202,San Pedro de Urabá,0.3,0.3,118.9,255.1,1.0,1.0,0.15
0566510000000000010329,San Pedro de Urabá,0.8,0.8,70.1,152.2,1.0,1.0,0.15
0566510000000000010548,San Pedro de Urabá,0.7,0.2,71.5,153.6,1.0,1.0,0.15
0566510000000000010811,San Pedro de Urabá,0.2,0.2,70.7,152.8,1.0,1.0,0.15
0566510000000000010844,San Pedro de Urabá,1.8,0.6,118.9,256.2,1.0,1.0,0.15
0566520040200200010108,San Pedro de Urabá,36.4,0.5,105.3,189.1,0.4,1.0,0.15
0583720090700100010506,Turbo,1.4,2.4,1.6,87.4,1.0,1.0,0.15
0583720090700100010615,Turbo,2.7,2.0,0.8,85.9,1.0,1.0,0.15
0583720090700100020126,Turbo,1.4,0.9,0.2,51.9,1.0,1.0,0.4
0583720090700100020359,Turbo,3.7,3.1,1.5,90.6,1.0,1.0,0.15
0583720090700100020430,Turbo,3.1,2.1,0.4,89.4,1.0,1.0,0.15
0583720100700200010105,Turbo,41.3,0.8,1.3,54.2,0.4,1.0,0.4
0583720100700200010201,Turbo,40.4,0.2,0.9,54.0,0.4,1.0,0.4
0583720100700200010414,Turbo,39.2,0.3,1.3,53.4,0.4,1.0,0.4
0583720100700200020115,Turbo,23.0,0.5,0.2,31.1,0.65,1.0,0.4
0583720100700200020120,Turbo,23.0,0.7,0.2,30.8,0.65,1.0,0.4
0583720100700200020304,Turbo,38.6,1.0,1.8,53.5,0.4,1.0,0.4
0583720100700200020320,Turbo,37.8,1.6,0.9,52.7,0.4,1.0,0.4
0583720070201200010109,Turbo,71.6,0.5,49.6,193.5,0.15,1.0,0.15
0583720230401400010105,Turbo,70.0,11.6,31.0,89.6,0.15,0.85,0.15
0583720090102700010110,Turbo,17.0,0.5,14.7,137.6,0.65,1.0,0.15
0504520020300900010311,Apartadó,21.9,3.2,1.3,31.7,0.65,1.0,0.4
0504520010301100010207,Apartadó,6.0,1.0,2.3,40.7,0.85,1.0,0.4
0505110000000000010338,Arboletes,2.0,1.9,337.5,480.5,1.0,1.0,0.15
0505110000000000011127,Arboletes,2.0,2.2,201.5,287.3,1.0,1.0,0.15
0505120030200900010104,Arboletes,36.4,35.6,139.6,224.8,0.4,0.4,0.15
0549010000000000010810,Necoclí,153.0,2.2,154.1,279.7,0.15,1.0,0.15
0549010000000000010817,Necoclí,153.4,1.9,154.5,280.1,0.15,1.0,0.15
0549020030300200010223,Necoclí,60.9,36.1,143.4,219.5,0.15,0.4,0.15
0549020120801600010104,Necoclí,111.2,2.8,114.8,251.7,0.15,1.0,0.15
0566510000000000010209,San Pedro de Urabá,0.8,1.1,118.5,254.6,1.0,1.0,0.15
0566510000000000010358,San Pedro de Urabá,2.8,0.2,115.7,252.2,1.0,1.0,0.15
0566510000000000010411,San Pedro de Urabá,3.3,1.7,118.2,253.6,1.0,1.0,0.15
0566510000000000010540,San Pedro de Urabá,0.6,0.2,71.6,153.5,1.0,1.0,0.15
0583720090700100010211,Turbo,0.6,1.9,1.6,88.3,1.0,1.0,0.15
0583720100700200010121,Turbo,25.0,0.8,0.9,32.3,0.65,1.0,0.4
0583720100700200020134,Turbo,40.6,2.0,1.6,51.9,0.4,1.0,0.4
0583720090302300010101,Turbo,4.7,0.0,2.3,71.9,1.0,1.0,0.15
0583720090302300010110,Turbo,5.1,0.4,2.6,71.5,0.85,1.0,0.15
0514710000000000010510,Carepa,3.6,0.1,1.9,40.0,1.0,1.0,0.4
0514710000000000020301,Carepa,1.9,0.3,2.0,25.2,1.0,1.0,0.65
0514710000000000020525,Carepa,1.3,0.8,1.9,42.2,1.0,1.0,0.4
0514710000000000020805,Carepa,5.8,2.6,6.1,44.3,0.85,1.0,0.4
0514710000000000020918,Carepa,5.5,2.5,6.0,44.8,0.85,1.0,0.4
0514710000000000030120,Carepa,1.7,0.5,0.5,39.5,1.0,1.0,0.4
0514710000000000030634,Carepa,2.3,1.1,2.6,43.5,1.0,1.0,0.4
0514720010700700010130,Carepa,24.1,9.3,19.4,32.0,0.65,0.85,0.4
0517210000000000010411,Chigorodó,22.8,0.5,1.5,40.2,0.65,1.0,0.4
0517210000000000010501,Chigorodó,23.3,0.1,1.6,40.7,0.65,1.0,0.4
0517210000000000020109,Chigorodó,39.9,1.0,1.9,69.8,0.4,1.0,0.15
0517210000000000020406,Chigorodó,41.3,1.9,2.8,71.3,0.4,1.0,0.15
0517210000000000030202,Chigorodó,23.0,0.5,0.7,40.9,0.65,1.0,0.4
0517210000000000050523,Chigorodó,39.3,0.6,1.0,71.0,0.4,1.0,0.15
0517210000000000060114,Chigorodó,40.1,0.5,0.5,71.7,0.4,1.0,0.15
0517210000000000060302,Chigorodó,40.7,0.7,1.6,71.7,0.4,1.0,0.15
0517210000000000060408,Chigorodó,41.3,1.0,2.6,71.8,0.4,1.0,0.15
0517210000000000060814,Chigorodó,42.6,0.5,3.2,73.2,0.4,1.0,0.15
0565910000000000010622,San Juan de Urabá,4.9,4.9,290.3,431.0,1.0,1.0,0.15
0505110000000000010401,Arboletes,0.1,0.2,204.0,289.9,1.0,1.0,0.15
0505110000000000010901,Arboletes,0.2,2.7,340.3,483.5,1.0,1.0,0.15
0549010000000000010228,Necoclí,147.9,0.4,148.9,274.4,0.15,1.0,0.15
0549020120301000010104,Necoclí,126.7,0.5,136.8,271.5,0.15,1.0,0.15
0549020120101100010107,Necoclí,77.4,0.1,78.1,153.7,0.15,1.0,0.15
0549020090501500010106,Necoclí,114.5,1.2,155.0,295.7,0.15,1.0,0.15
0549020050401800010103,Necoclí,159.5,4.1,166.4,292.4,0.15,1.0,0.15
0565920010300300010123,San Juan de Urabá,22.6,22.6,285.5,423.1,0.65,0.65,0.15
0583720090700100010409,Turbo,2.1,2.7,1.5,51.7,1.0,1.0,0.4
0583720090700100010415,Turbo,2.5,3.4,2.5,86.5,1.0,1.0,0.15
0583720090700100020211,Turbo,1.7,0.9,1.0,88.8,1.0,1.0,0.15
0583720100700200010311,Turbo,40.3,1.3,0.6,52.7,0.4,1.0,0.4
0583720100700200010513,Turbo,39.3,0.2,0.6,52.4,0.4,1.0,0.4
0583720100400800010308,Turbo,17.7,0.3,0.7,65.8,0.65,1.0,0.15
0583720020101300010212,Turbo,37.5,1.2,74.1,160.9,0.4,1.0,0.15
0583720070202000010101,Turbo,44.6,0.1,12.4,97.3,0.4,1.0,0.15
0583720090102700010111,Turbo,17.4,0.2,14.6,137.9,0.65,1.0,0.15
0583720090103900010115,Turbo,9.7,3.2,10.2,85.0,0.85,1.0,0.15
0504520020500200010213,Apartadó,14.3,1.1,8.7,30.4,0.85,1.0,0.4
0504520030101500010110,Apartadó,19.5,2.0,1.7,32.8,0.65,1.0,0.4
0505110000000000011017,Arboletes,0.3,1.3,203.0,288.8,1.0,1.0,0.15
0505110000000000011107,Arboletes,2.9,2.8,336.6,479.7,1.0,1.0,0.15
0505120020500300010119,Arboletes,55.3,34.0,146.8,233.7,0.4,0.4,0.15
0505120040101000010115,Arboletes,88.3,38.3,221.4,365.8,0.15,0.4,0.15
0505120030101100010117,Arboletes,34.8,34.8,151.0,237.2,0.4,0.4,0.15
0514710000000000020219,Carepa,5.3,2.1,5.3,43.5,0.85,1.0,0.4
0514720010601300010110,Carepa,17.3,17.3,2.4,2.1,0.65,0.65,1.0
0549010000000000010317,Necoclí,89.3,0.4,90.0,165.3,0.15,1.0,0.15
0549010000000000010824,Necoclí,152.9,2.0,153.9,279.6,0.15,1.0,0.15
0549020120600100010129,Necoclí,101.8,3.1,102.9,228.9,0.15,1.0,0.15
0549020090200800010116,Necoclí,58.2,17.6,116.8,200.4,0.4,0.65,0.15
0583720050604200010106,Turbo,63.4,1.1,64.6,209.2,0.15,1.0,0.15
0565920010300300010124,San Juan de Urabá,22.4,22.4,285.5,423.2,0.65,0.65,0.15
0566510000000000010114,San Pedro de Urabá,1.2,0.3,71.9,153.3,1.0,1.0,0.15
0566510000000000010214,San Pedro de Urabá,0.8,1.2,118.9,254.9,1.0,1.0,0.15
0566510000000000010537,San Pedro de Urabá,0.6,0.4,119.3,255.6,1.0,1.0,0.15
0566510000000000010561,San Pedro de Urabá,1.9,0.5,120.0,256.9,1.0,1.0,0.15
0566520040200800010106,San Pedro de Urabá,48.1,4.1,110.0,196.1,0.4,1.0,0.15
0583720090700100010517,Turbo,2.4,3.3,2.4,86.6,1.0,1.0,0.15
0583720090700100010616,Turbo,2.7,1.9,0.7,86.0,1.0,1.0,0.15
0583720090700100020418,Turbo,3.2,2.1,0.1,89.0,1.0,1.0,0.15
0583720100700200020209,Turbo,38.9,0.7,1.2,53.0,0.4,1.0,0.4
0583720100700200020417,Turbo,38.1,1.0,0.7,51.9,0.4,1.0,0.4
0583720090600300010310,Turbo,31.2,0.5,0.9,113.4,0.4,1.0,0.15
0583720100400800010425,Turbo,16.6,1.3,1.7,64.5,0.65,1.0,0.15
0583720080301000010104,Turbo,24.4,1.0,11.8,140.3,0.65,1.0,0.15
0583720080301000010107,Turbo,24.0,1.1,11.6,139.9,0.65,1.0,0.15
0583720090402400010110,Turbo,11.0,4.2,0.4,121.9,0.85,1.0,0.15
0514710000000000010405,Carepa,4.0,0.6,0.3,37.8,1.0,1.0,0.4
0514710000000000010522,Carepa,2.8,0.7,0.9,23.3,1.0,1.0,0.65
0514710000000000020233,Carepa,6.5,3.1,6.8,44.7,0.85,1.0,0.4
0514710000000000030520,Carepa,1.8,2.6,1.1,40.5,1.0,1.0,0.4
0517210000000000010413,Chigorodó,38.3,0.5,2.8,67.2,0.4,1.0,0.15
0517210000000000010621,Chigorodó,38.6,0.3,1.9,68.0,0.4,1.0,0.15
0517210000000000020112,Chigorodó,39.1,0.5,1.6,69.0,0.4,1.0,0.15
0517210000000000020211,Chigorodó,38.9,0.1,1.2,69.2,0.4,1.0,0.15
0517210000000000050107,Chigorodó,37.5,0.3,1.3,68.6,0.4,1.0,0.15
0517210000000000060221,Chigorodó,40.6,0.4,0.5,72.4,0.4,1.0,0.15
0517210000000000060319,Chigorodó,41.1,1.3,1.5,72.4,0.4,1.0,0.15
0517210000000000060615,Chigorodó,42.1,0.5,2.0,73.8,0.4,1.0,0.15
0549020050300500010202,Necoclí,131.2,3.8,178.3,308.5,0.15,1.0,0.15
0565910000000000010304,San Juan de Urabá,0.6,0.6,292.6,432.8,1.0,1.0,0.15
0566510000000000011022,San Pedro de Urabá,3.2,1.8,72.3,155.1,1.0,1.0,0.15
0583720110201800010303,Turbo,56.2,13.0,47.5,132.6,0.4,0.85,0.15
0583720110201800010318,Turbo,55.2,14.0,47.5,131.5,0.4,0.85,0.15
0514710000000000030104,Carepa,2.1,0.1,0.6,39.3,1.0,1.0,0.4
0517210000000000010609,Chigorodó,40.4,0.9,2.7,69.9,0.4,1.0,0.15
0517210000000000010807,Chigorodó,42.9,2.9,7.4,69.7,0.4,1.0,0.15
0517210000000000060106,Chigorodó,40.0,0.6,0.8,71.5,0.4,1.0,0.15
0517210000000000060516,Chigorodó,42.1,0.3,2.6,72.9,0.4,1.0,0.15
0517210000000000060905,Chigorodó,42.9,1.2,3.0,73.9,0.4,1.0,0.15
0565910000000000010418,San Juan de Urabá,1.7,1.7,294.1,434.3,1.0,1.0,0.15
0549020120100700010104,Necoclí,141.0,6.3,142.1,268.1,0.15,0.85,0.15
0504520020500200010112,Apartadó,14.6,1.2,9.0,30.2,0.85,1.0,0.4
0504520010301100010106,Apartadó,3.0,0.1,2.1,25.2,1.0,1.0,0.65
0504520010101600010103,Apartadó,34.7,5.1,14.7,36.8,0.4,0.85,0.4
0504520010101600010113,Apartadó,34.2,4.5,15.4,36.1,0.4,1.0,0.4
0505110000000000010325,Arboletes,2.0,2.0,337.4,480.5,1.0,1.0,0.15
0505110000000000010535,Arboletes,1.8,2.7,202.5,288.2,1.0,1.0,0.15
0505120030200900010103,Arboletes,35.8,35.8,140.4,225.7,0.4,0.4,0.15
0505120040101000010111,Arboletes,53.5,22.3,132.1,218.8,0.4,0.65,0.15
0505120030101100010119,Arboletes,34.4,34.4,151.2,237.4,0.4,0.4,0.15
0583720100700200010305,Turbo,40.4,0.8,0.3,53.4,0.4,1.0,0.4
0514710000000000020408,Carepa,2.1,0.9,2.4,41.8,1.0,1.0,0.4
0514710000000000010121,Carepa,2.3,0.1,0.5,39.0,1.0,1.0,0.4
0514710000000000020718,Carepa,2.2,0.6,2.6,43.3,1.0,1.0,0.4
0514710000000000020720,Carepa,1.6,0.8,2.0,42.8,1.0,1.0,0.4
0514710000000000030535,Carepa,1.0,2.3,0.6,41.7,1.0,1.0,0.4
0517220070300300010115,Chigorodó,83.8,2.4,28.9,112.5,0.15,1.0,0.15
0517220100400700010103,Chigorodó,53.3,0.5,15.1,75.7,0.4,1.0,0.15
0549010000000000010111,Necoclí,56.6,1.0,57.0,104.0,0.4,1.0,0.15
0549010000000000010425,Necoclí,63.1,0.6,63.5,117.3,0.15,1.0,0.15
0549020120600100010419,Necoclí,103.2,1.8,104.3,230.3,0.15,1.0,0.15
0549020120101100010101,Necoclí,78.2,1.0,78.9,154.5,0.15,1.0,0.15
0565920010200600010109,San Juan de Urabá,23.2,23.2,276.9,415.0,0.65,0.65,0.15
0566510000000000010119,San Pedro de Urabá,1.8,0.1,120.3,256.1,1.0,1.0,0.15
0566510000000000010433,San Pedro de Urabá,2.6,1.5,71.1,152.1,1.0,1.0,0.15
0566510000000000010609,San Pedro de Urabá,0.3,0.3,119.1,255.4,1.0,1.0,0.15
0566510000000000010908,San Pedro de Urabá,1.4,0.6,51.7,109.7,1.0,1.0,0.15
0583720100700200020310,Turbo,38.4,1.2,1.6,53.3,0.4,1.0,0.4
0583720090700100010110,Turbo,0.8,2.2,1.9,88.6,1.0,1.0,0.15
0583720090700100010303,Turbo,2.9,4.0,2.2,87.2,1.0,1.0,0.15
0583720090700100010413,Turbo,2.6,3.6,2.7,86.6,1.0,1.0,0.15
0583720090700100010602,Turbo,1.0,0.8,0.3,52.0,1.0,1.0,0.4
0583720090700100020366,Turbo,3.1,3.1,2.6,91.0,1.0,1.0,0.15
0583720090600300010201,Turbo,18.2,0.5,0.8,68.4,0.65,1.0,0.15
0583720030700600010115,Turbo,36.8,0.7,37.4,112.9,0.4,1.0,0.15
0583720100400800010102,Turbo,17.2,1.9,2.5,64.8,0.65,1.0,0.15
0583720070201200010119,Turbo,43.1,0.3,29.9,116.3,0.4,1.0,0.15
0583720070202000010105,Turbo,43.8,0.4,12.0,96.5,0.4,1.0,0.15
0583720090402400010124,Turbo,11.3,4.0,1.3,120.9,0.85,1.0,0.15
0583720050603700010107,Turbo,31.8,9.0,39.6,124.6,0.4,0.85,0.15
0504520010301100010221,Apartadó,6.6,2.3,0.7,39.6,0.85,1.0,0.4
0504520030101500010109,Apartadó,19.4,2.1,1.9,32.9,0.65,1.0,0.4
0505110000000000010141,Arboletes,0.5,1.0,204.4,290.2,1.0,1.0,0.15
0505110000000000010811,Arboletes,0.3,2.9,340.0,483.2,1.0,1.0,0.15
0505110000000000011025,Arboletes,2.1,2.9,336.9,479.9,1.0,1.0,0.15
0505110000000000011101,Arboletes,2.4,2.3,337.1,480.1,1.0,1.0,0.15
0514710000000000020103,Carepa,4.3,1.5,3.8,41.7,1.0,1.0,0.4
0514710000000000030307,Carepa,2.1,0.4,0.3,39.5,1.0,1.0,0.4
0549020090501500010125,Necoclí,114.0,0.5,153.4,294.1,0.15,1.0,0.15
0549010000000000010230,Necoclí,147.5,0.8,148.6,274.0,0.15,1.0,0.15
0566510000000000010160,San Pedro de Urabá,1.6,0.2,120.2,256.0,1.0,1.0,0.15
0566520020300300010108,San Pedro de Urabá,117.7,48.3,234.4,373.0,0.15,0.4,0.15
0566520010100400010103,San Pedro de Urabá,76.5,22.0,142.5,228.0,0.15,0.65,0.15
0583720090700100020214,Turbo,1.8,0.9,0.8,88.7,1.0,1.0,0.15
0583720090700100020508,Turbo,2.6,1.4,0.1,88.4,1.0,1.0,0.15
0583720050200500010107,Turbo,37.7,0.5,80.6,220.2,0.4,1.0,0.15
0583720080301000010101,Turbo,9.9,0.4,5.5,60.2,0.85,1.0,0.15
0514710000000000010601,Carepa,3.5,0.5,2.3,40.4,1.0,1.0,0.4
0514710000000000030241,Carepa,1.6,0.8,0.5,23.2,1.0,1.0,0.65
0514710000000000030424,Carepa,1.2,2.1,1.0,42.1,1.0,1.0,0.4
0514720010700700010111,Carepa,25.0,9.9,20.3,31.6,0.65,0.85,0.4
0514720010700700010124,Carepa,25.3,10.1,20.5,31.6,0.65,0.85,0.4
0514720011001000010112,Carepa,17.8,3.4,2.1,33.3,0.65,1.0,0.4
0514720011001000010128,Carepa,17.3,2.8,2.0,33.3,0.65,1.0,0.4
0514720011001000010132,Carepa,17.2,2.6,1.4,32.8,0.65,1.0,0.4
0514720011001000010135,Carepa,17.1,2.8,2.3,33.6,0.65,1.0,0.4
0517210000000000010111,Chigorodó,16.4,0.5,1.6,28.6,0.65,1.0,0.65
0517210000000000010321,Chigorodó,40.9,0.7,4.2,69.5,0.4,1.0,0.15
0517210000000000020311,Chigorodó,23.5,0.2,0.6,41.7,0.65,1.0,0.4
0517210000000000040103,Chigorodó,37.3,0.4,0.5,67.4,0.4,1.0,0.15
0517210000000000050404,Chigorodó,38.5,0.9,1.6,70.9,0.4,1.0,0.15
0517210000000000050517,Chigorodó,39.2,0.4,1.2,70.6,0.4,1.0,0.15
0517210000000000060104,Chigorodó,39.8,0.5,0.9,71.4,0.4,1.0,0.15
0517210000000000060109,Chigorodó,40.2,0.2,1.5,71.1,0.4,1.0,0.15
0517210000000000060315,Chigorodó,41.1,1.0,2.1,71.9,0.4,1.0,0.15
0517210000000000060411,Chigorodó,41.3,0.9,2.5,71.9,0.4,1.0,0.15
0517210000000000060825,Chigorodó,43.0,1.6,3.0,74.2,0.4,1.0,0.15
0517210000000000061018,Chigorodó,26.1,0.9,2.2,45.3,0.65,1.0,0.4
0565910000000000010129,San Juan de Urabá,2.7,2.7,291.4,431.3,1.0,1.0,0.15
0566510000000000010664,San Pedro de Urabá,1.2,1.4,120.3,256.4,1.0,1.0,0.15
0566510000000000010863,San Pedro de Urabá,1.7,0.6,71.4,153.9,1.0,1.0,0.15
0549020040400900010117,Necoclí,114.3,23.3,197.5,328.1,0.15,0.65,0.15
0505110000000000010313,Arboletes,0.7,1.4,338.6,481.6,1.0,1.0,0.15
0549010000000000010704,Necoclí,152.7,1.4,153.7,279.3,0.15,1.0,0.15
0549020120300300010136,Necoclí,133.7,1.6,138.3,270.8,0.15,1.0,0.15
0583720090700100010406,Turbo,2.6,3.6,2.7,86.8,1.0,1.0,0.15
0583720100700200010115,Turbo,40.8,0.8,0.6,53.6,0.4,1.0,0.4
0583720100700200010410,Turbo,39.0,0.7,1.7,53.7,0.4,1.0,0.4
0504520020500200010207,Apartadó,14.2,0.6,8.4,30.8,0.85,1.0,0.4
0504520010101400010102,Apartadó,26.7,0.4,9.7,23.8,0.65,1.0,0.65
0505110000000000010129,Arboletes,0.3,2.4,340.6,483.7,1.0,1.0,0.15
0505110000000000010332,Arboletes,1.5,1.4,337.9,481.0,1.0,1.0,0.15
0505120060400100010112,Arboletes,74.8,37.6,157.3,243.5,0.15,0.4,0.15
0505120030200800010109,Arboletes,68.6,56.7,231.2,374.5,0.15,0.4,0.15
0514710000000000010203,Carepa,5.3,1.4,1.1,36.2,0.85,1.0,0.4
0514710000000000020403,Carepa,1.6,1.3,1.7,41.2,1.0,1.0,0.4
0514710000000000020518,Carepa,0.8,1.6,1.0,42.0,1.0,1.0,0.4
0514710000000000030531,Carepa,1.4,2.2,0.8,40.5,1.0,1.0,0.4
0514710000000000030542,Carepa,1.3,2.3,0.9,42.0,1.0,1.0,0.4
0514710000000000030640,Carepa,2.1,1.8,2.1,43.2,1.0,1.0,0.4
0549020120600600010103,Necoclí,73.0,1.0,73.7,149.2,0.15,1.0,0.15
0549020120600100010122,Necoclí,102.0,2.5,103.1,229.1,0.15,1.0,0.15
0549020030300200010106,Necoclí,61.0,37.0,144.3,220.3,0.15,0.4,0.15
0549020050300500010215,Necoclí,131.7,3.2,177.4,307.7,0.15,1.0,0.15
0549020120100700010103,Necoclí,84.7,3.6,85.4,160.9,0.15,1.0,0.15
0549020120301000010110,Necoclí,75.8,0.0,81.8,162.6,0.15,1.0,0.15
0549020120801600010108,Necoclí,112.3,1.6,114.7,251.1,0.15,1.0,0.15
0565920010300300010113,San Juan de Urabá,14.0,14.0,170.8,253.4,0.85,0.85,0.15
0565920010300300010135,San Juan de Urabá,22.0,22.0,284.9,422.7,0.65,0.65,0.15
0565920010100500010113,San Juan de Urabá,19.9,19.9,162.2,244.5,0.65,0.65,0.15
0566510000000000010415,San Pedro de Urabá,2.6,1.5,118.0,253.6,1.0,1.0,0.15
0583720090700100010108,Turbo,1.3,2.7,2.3,88.6,1.0,1.0,0.15
0583720090700100020123,Turbo,1.7,0.8,0.3,87.1,1.0,1.0,0.15
0583720090700100020340,Turbo,2.9,2.8,2.3,90.7,1.0,1.0,0.15
0583720090700100020510,Turbo,2.2,0.8,0.3,87.9,1.0,1.0,0.15
0583720100700200010406,Turbo,39.5,0.3,1.3,53.8,0.4,1.0,0.4
0583720100700200020401,Turbo,38.6,0.7,0.9,52.6,0.4,1.0,0.4
0583720090600300010339,Turbo,16.2,2.2,0.3,66.2,0.65,1.0,0.15
0583720100400800010210,Turbo,18.2,0.4,0.8,66.3,0.65,1.0,0.15
0583720100400800010310,Turbo,10.4,0.5,0.7,39.2,0.85,1.0,0.4
0583720090602600010122,Turbo,17.8,0.9,2.2,102.9,0.65,1.0,0.15
0514710000000000010129,Carepa,3.1,0.8,0.5,38.2,1.0,1.0,0.4
0514710000000000010326,Carepa,4.2,0.9,0.2,37.6,1.0,1.0,0.4
0514710000000000020224,Carepa,6.9,2.4,6.9,44.3,0.85,1.0,0.4
0514710000000000020524,Carepa,1.4,0.8,2.0,42.2,1.0,1.0,0.4
0514710000000000020721,Carepa,1.7,0.5,2.0,26.2,1.0,1.0,0.65
0514710000000000030212,Carepa,1.5,1.1,0.5,23.4,1.0,1.0,0.65
0514710000000000030308,Carepa,1.6,0.8,0.9,40.2,1.0,1.0,0.4
0514710000000000030310,Carepa,1.2,1.5,1.2,40.9,1.0,1.0,0.4
0514710000000000030402,Carepa,0.6,1.6,0.4,40.8,1.0,1.0,0.4
0514720011001000010106,Carepa,18.0,3.4,1.8,33.0,0.65,1.0,0.4
0517210000000000010109,Chigorodó,39.4,0.8,3.8,67.7,0.4,1.0,0.15
0517210000000000010126,Chigorodó,39.6,0.4,4.6,67.6,0.4,1.0,0.15
0517210000000000010304,Chigorodó,39.8,0.5,3.6,68.4,0.4,1.0,0.15
0517210000000000020102,Chigorodó,23.7,0.3,1.3,41.5,0.65,1.0,0.4
0517210000000000020103,Chigorodó,39.7,0.6,2.2,69.5,0.4,1.0,0.15
0517210000000000020110,Chigorodó,39.6,0.8,1.8,69.6,0.4,1.0,0.15
0517210000000000020336,Chigorodó,40.5,0.7,1.7,71.1,0.4,1.0,0.15
0517210000000000020502,Chigorodó,42.8,1.1,4.0,72.9,0.4,1.0,0.15
0517210000000000020510,Chigorodó,43.5,1.6,4.4,73.7,0.4,1.0,0.15
0517210000000000030115,Chigorodó,22.8,0.5,0.7,40.7,0.65,1.0,0.4
0517210000000000030208,Chigorodó,22.9,0.6,0.4,40.9,0.65,1.0,0.4
0517210000000000060216,Chigorodó,41.3,0.3,1.2,73.1,0.4,1.0,0.15
0517210000000000060614,Chigorodó,42.0,0.4,2.0,73.9,0.4,1.0,0.15
0517210000000000060714,Chigorodó,42.7,1.2,2.6,74.2,0.4,1.0,0.15
0565910000000000010513,San Juan de Urabá,0.3,0.3,295.4,435.7,1.0,1.0,0.15
0565910000000000010145,San Juan de Urabá,3.1,3.1,291.2,431.0,1.0,1.0,0.15
0565910000000000010411,San Juan de Urabá,0.6,0.6,175.9,260.1,1.0,1.0,0.15
0583720110201800010209,Turbo,57.3,11.9,48.2,133.4,0.4,0.85,0.15
0583720110201800010332,Turbo,34.1,7.5,29.4,79.5,0.4,0.85,0.15
0505120060400100010103,Arboletes,74.1,37.8,157.4,243.7,0.15,0.4,0.15
0504520020300900010211,Apartadó,22.1,0.5,1.4,29.0,0.65,1.0,0.65
0504520010301100010212,Apartadó,6.0,1.5,1.4,40.2,0.85,1.0,0.4
0504520010301100010230,Apartadó,7.2,2.5,1.0,39.2,0.85,1.0,0.4
0505120030101100010113,Arboletes,34.6,34.6,151.5,237.7,0.4,0.4,0.15
0514710000000000010114,Carepa,2.7,0.3,0.2,38.7,1.0,1.0,0.4
0514710000000000010305,Carepa,4.3,0.4,0.5,37.3,1.0,1.0,0.4
0517220070300300010105,Chigorodó,83.0,3.4,28.8,111.4,0.15,1.0,0.15
0549010000000000010203,Necoclí,147.9,0.7,148.9,274.4,0.15,1.0,0.15
0549010000000000010818,Necoclí,153.5,1.9,154.5,280.1,0.15,1.0,0.15
0549020120600100010112,Necoclí,102.7,1.9,103.8,229.8,0.15,1.0,0.15
0549020120600100010118,Necoclí,102.0,2.6,103.1,229.1,0.15,1.0,0.15
0549020030300200010225,Necoclí,101.0,61.4,240.2,367.0,0.15,0.15,0.15
0549020050300500010103,Necoclí,130.7,4.2,178.5,308.8,0.15,1.0,0.15
0549020120301300010104,Necoclí,81.9,1.4,90.2,170.6,0.15,1.0,0.15
0566510000000000010401,San Pedro de Urabá,2.5,0.6,119.1,254.6,1.0,1.0,0.15
0566520040200800010103,San Pedro de Urabá,48.3,3.9,110.1,196.2,0.4,1.0,0.15
0583720090700100020222,Turbo,0.7,1.0,1.4,88.7,1.0,1.0,0.15
0583720090700100020353,Turbo,2.0,1.7,1.0,54.3,1.0,1.0,0.4
0583720090700100020365,Turbo,4.2,3.8,2.3,91.4,1.0,1.0,0.15
0583720090700100020507,Turbo,2.9,1.8,0.3,88.7,1.0,1.0,0.15
0583720100700200020516,Turbo,36.8,2.4,0.6,52.2,0.4,1.0,0.4
0583720090600300010346,Turbo,26.6,3.6,1.5,109.0,0.65,1.0,0.15
0583720050200500010123,Turbo,38.0,0.7,80.4,220.2,0.4,1.0,0.15
0583720090402400010107,Turbo,11.0,4.3,0.3,122.0,0.85,1.0,0.15
0583720050603700010109,Turbo,53.5,15.4,65.6,207.1,0.4,0.65,0.15
0504520010101400010110,Apartadó,44.3,0.2,15.5,40.2,0.4,1.0,0.4
0514710000000000020202,Carepa,5.3,2.3,5.1,42.9,0.85,1.0,0.4
0514710000000000020713,Carepa,1.6,0.7,2.0,42.7,1.0,1.0,0.4
0514710000000000030236,Carepa,1.8,1.6,0.5,39.7,1.0,1.0,0.4
0549010000000000010404,Necoclí,147.8,0.3,148.9,274.4,0.15,1.0,0.15
0549020030300200010212,Necoclí,100.9,61.1,239.9,366.8,0.15,0.15,0.15
0549020120100700010101,Necoclí,84.7,4.1,85.3,160.9,0.15,1.0,0.15
0565910000000000010416,San Juan de Urabá,1.3,1.3,294.4,434.7,1.0,1.0,0.15
0565920010100500010106,San Juan de Urabá,32.8,32.8,271.1,408.2,0.4,0.4,0.15
0565920010100500010109,San Juan de Urabá,33.6,33.6,270.8,407.8,0.4,0.4,0.15
0566510000000000010823,San Pedro de Urabá,1.8,0.8,119.6,256.6,1.0,1.0,0.15
0566520040200800010102,San Pedro de Urabá,80.4,6.3,183.3,326.8,0.15,0.85,0.15
0583720090700100010310,Turbo,0.8,2.0,1.4,87.9,1.0,1.0,0.15
0583720090700100010315,Turbo,2.1,3.3,2.5,87.3,1.0,1.0,0.15
0583720090700100020330,Turbo,4.5,4.0,2.4,91.6,1.0,1.0,0.15
0583720100700200010521,Turbo,39.1,0.7,0.4,51.9,0.4,1.0,0.4
0583720100700200020111,Turbo,39.1,1.8,1.1,50.9,0.4,1.0,0.4
0583720100700200020322,Turbo,37.8,1.8,1.2,53.0,0.4,1.0,0.4
0583720240400900010101,Turbo,28.5,0.2,29.2,79.6,0.65,1.0,0.15
0583720090103900010109,Turbo,16.5,5.9,17.4,142.3,0.65,0.85,0.15
0514710000000000010403,Carepa,4.0,0.4,0.4,37.7,1.0,1.0,0.4
0514710000000000020212,Carepa,4.8,1.7,4.9,43.1,1.0,1.0,0.4
0514710000000000030215,Carepa,1.1,1.2,0.4,40.1,1.0,1.0,0.4
0514710000000000030533,Carepa,0.6,2.3,0.3,41.4,1.0,1.0,0.4
0514720010700700010104,Carepa,14.7,5.7,11.8,19.1,0.85,0.85,0.65
0517210000000000010309,Chigorodó,40.8,0.6,4.2,69.4,0.4,1.0,0.15
0517210000000000010408,Chigorodó,22.9,0.4,1.7,40.2,0.65,1.0,0.4
0517210000000000010508,Chigorodó,39.7,0.7,3.0,68.8,0.4,1.0,0.15
0517210000000000020413,Chigorodó,41.9,2.0,3.5,71.7,0.4,1.0,0.15
0517210000000000020414,Chigorodó,42.1,2.0,3.6,71.8,0.4,1.0,0.15
0517210000000000030110,Chigorodó,37.6,0.9,1.7,67.1,0.4,1.0,0.15
0517210000000000050103,Chigorodó,37.7,0.8,0.7,68.4,0.4,1.0,0.15
0517210000000000050503,Chigorodó,38.6,0.3,1.2,70.1,0.4,1.0,0.15
0517210000000000050507,Chigorodó,38.9,0.6,1.3,70.7,0.4,1.0,0.15
0517210000000000060521,Chigorodó,42.2,0.8,2.5,73.3,0.4,1.0,0.15
0565910000000000010114,San Juan de Urabá,0.2,0.2,174.4,258.5,1.0,1.0,0.15
0566510000000000010911,San Pedro de Urabá,2.7,1.0,121.3,257.0,1.0,1.0,0.15
0566510000000000011013,San Pedro de Urabá,2.6,1.5,71.4,154.1,1.0,1.0,0.15
0583720110201800010113,Turbo,55.6,13.6,46.8,132.3,0.4,0.85,0.15
0514710000000000020111,Carepa,3.4,0.6,2.9,41.3,1.0,1.0,0.4
0514710000000000030316,Carepa,2.0,0.4,0.5,39.7,1.0,1.0,0.4
0549020030300200010109,Necoclí,60.8,37.0,144.3,220.4,0.15,0.4,0.15
0549020120801600010105,Necoclí,66.8,1.5,68.9,151.0,0.15,1.0,0.15
0566510000000000011001,San Pedro de Urabá,3.7,2.7,71.0,154.1,1.0,1.0,0.15
0583720090700100020419,Turbo,3.3,2.2,0.1,88.9,1.0,1.0,0.15
0583720070201200010118,Turbo,71.7,0.2,49.7,193.7,0.15,1.0,0.15
0514710000000000010713,Carepa,2.4,0.8,2.0,41.1,1.0,1.0,0.4
0514710000000000010709,Carepa,2.9,0.3,2.6,41.4,1.0,1.0,0.4
0514710000000000020508,Carepa,1.1,0.9,1.6,42.2,1.0,1.0,0.4
0514710000000000020515,Carepa,0.3,1.9,0.7,41.1,1.0,1.0,0.4
0514710000000000030107,Carepa,1.8,0.3,0.7,39.5,1.0,1.0,0.4
0514710000000000030434,Carepa,0.5,2.2,0.2,41.1,1.0,1.0,0.4
0514710000000000030515,Carepa,1.7,2.4,1.0,40.4,1.0,1.0,0.4
0514710000000000030601,Carepa,1.1,1.5,1.3,42.3,1.0,1.0,0.4
0514720010700700010132,Carepa,24.4,9.8,19.7,32.3,0.65,0.85,0.4
0514720011001000010114,Carepa,10.4,1.8,1.4,20.1,0.85,1.0,0.65
0517210000000000010406,Chigorodó,38.6,0.3,3.0,67.4,0.4,1.0,0.15
0517210000000000010623,Chigorodó,40.9,1.2,3.0,70.4,0.4,1.0,0.15
0517210000000000020229,Chigorodó,42.6,0.7,3.6,73.0,0.4,1.0,0.15
0517210000000000050518,Chigorodó,38.8,0.3,1.1,70.3,0.4,1.0,0.15
0517210000000000060108,Chigorodó,40.1,0.3,1.6,71.2,0.4,1.0,0.15
0549020030200400010126,Necoclí,58.8,58.8,257.0,390.9,0.4,0.4,0.15
0565910000000000010119,San Juan de Urabá,1.4,1.4,173.5,257.5,1.0,1.0,0.15
0565910000000000010301,San Juan de Urabá,1.0,1.0,292.8,433.0,1.0,1.0,0.15
0565910000000000010702,San Juan de Urabá,1.6,1.6,174.7,259.0,1.0,1.0,0.15
0566510000000000010204,San Pedro de Urabá,0.5,0.6,71.0,152.7,1.0,1.0,0.15
0566510000000000020116,San Pedro de Urabá,2.3,1.9,117.6,253.4,1.0,1.0,0.15
0566510000000000030106,San Pedro de Urabá,1.9,1.4,116.2,253.1,1.0,1.0,0.15
0583720110201800010321,Turbo,56.6,12.7,48.2,132.6,0.4,0.85,0.15
0549010000000000010318,Necoclí,89.1,0.5,89.7,165.0,0.15,1.0,0.15
0549020120600600010109,Necoclí,121.8,1.0,122.8,248.7,0.15,1.0,0.15
0583720090700100010702,Turbo,3.7,3.4,1.6,84.6,1.0,1.0,0.15
0583720100400800010101,Turbo,17.2,2.0,2.6,64.8,0.65,1.0,0.15
0505110000000000010127,Arboletes,0.6,2.3,341.0,484.1,1.0,1.0,0.15
0504520020500200010205,Apartadó,14.3,0.4,8.3,30.9,0.85,1.0,0.4
0504520020300900010108,Apartadó,22.7,1.3,0.7,29.8,0.65,1.0,0.65
0504520020300900010124,Apartadó,22.2,2.0,0.2,30.5,0.65,1.0,0.4
0505110000000000010701,Arboletes,0.6,1.1,203.6,289.5,1.0,1.0,0.15
0505110000000000010917,Arboletes,0.8,3.3,340.7,483.9,1.0,1.0,0.15
0505110000000000011110,Arboletes,2.7,2.7,336.7,479.8,1.0,1.0,0.15
0505120050401400010113,Arboletes,94.3,0.8,190.9,335.3,0.15,1.0,0.15
0514710000000000010518,Carepa,2.9,0.5,1.5,40.1,1.0,1.0,0.4
0514710000000000020413,Carepa,2.1,0.9,2.5,41.9,1.0,1.0,0.4
0549010000000000010109,Necoclí,147.9,0.3,149.0,274.3,0.15,1.0,0.15
0549010000000000010320,Necoclí,89.1,0.1,89.7,165.0,0.15,1.0,0.15
0549010000000000010331,Necoclí,149.9,0.4,151.0,276.5,0.15,1.0,0.15
0549010000000000010333,Necoclí,148.8,1.0,149.8,275.4,0.15,1.0,0.15
0549010000000000010433,Necoclí,88.2,0.5,88.9,164.2,0.15,1.0,0.15
0549010000000000010710,Necoclí,152.6,0.9,153.6,279.2,0.15,1.0,0.15
0549010000000000010917,Necoclí,153.5,2.9,154.5,280.2,0.15,1.0,0.15
0549020120600100010418,Necoclí,61.9,0.9,62.6,138.2,0.15,1.0,0.15
0549020030300200010101,Necoclí,60.3,38.0,145.4,221.4,0.15,0.4,0.15
0549020120300300010124,Necoclí,79.2,0.5,83.1,163.0,0.15,1.0,0.15
0565920010100100010121,San Juan de Urabá,35.7,35.7,279.9,416.0,0.4,0.4,0.15
0566510000000000010314,San Pedro de Urabá,0.8,0.6,70.8,152.6,1.0,1.0,0.15
0566510000000000010432,San Pedro de Urabá,2.8,1.7,70.8,151.8,1.0,1.0,0.15
0566510000000000010846,San Pedro de Urabá,1.6,0.7,72.2,154.5,1.0,1.0,0.15
0583720090700100010129,Turbo,2.0,3.3,2.3,89.0,1.0,1.0,0.15
0583720090700100010717,Turbo,2.5,2.0,0.4,50.9,1.0,1.0,0.4
0583720100700200020323,Turbo,37.5,1.8,0.6,52.4,0.4,1.0,0.4
0583720090600300010103,Turbo,30.1,0.3,0.6,115.2,0.4,1.0,0.15
0583720050200500010116,Turbo,22.7,0.5,48.3,131.9,0.65,1.0,0.15
0583720100400800010305,Turbo,10.9,0.1,0.3,39.7,0.85,1.0,0.4
0583720100400800010306,Turbo,17.9,0.3,0.3,66.1,0.65,1.0,0.15
0583720090402400010117,Turbo,10.6,3.7,0.8,121.5,0.85,1.0,0.15
0583720220103600010101,Turbo,107.0,18.2,33.4,121.9,0.15,0.65,0.15
0505120030200900010114,Arboletes,60.8,58.8,232.2,374.2,0.15,0.4,0.15
0514710000000000010812,Carepa,3.2,0.6,0.9,39.0,1.0,1.0,0.4
0517220070300300010102,Chigorodó,82.7,3.7,28.7,111.1,0.15,1.0,0.15
0549010000000000010715,Necoclí,151.7,0.7,152.8,278.4,0.15,1.0,0.15
0549020030300200010222,Necoclí,101.7,60.4,239.2,366.0,0.15,0.15,0.15
0549020050300500010216,Necoclí,131.5,3.5,178.0,308.2,0.15,1.0,0.15
0549020090200800010112,Necoclí,58.1,18.2,117.1,200.6,0.4,0.65,0.15
0549020040400900010106,Necoclí,113.2,24.4,198.5,329.2,0.15,0.65,0.15
0583720090700100010131,Turbo,2.6,3.9,2.5,88.7,1.0,1.0,0.15
0566510000000000010504,San Pedro de Urabá,0.9,0.7,118.7,255.4,1.0,1.0,0.15
0583720090700100010215,Turbo,2.5,3.7,2.4,87.6,1.0,1.0,0.15
0583720100400800010208,Turbo,18.3,0.5,0.9,66.4,0.65,1.0,0.15
0583720070201200010113,Turbo,43.2,0.2,29.7,116.1,0.4,1.0,0.15
0504520010301100010220,Apartadó,6.3,1.9,1.1,39.9,0.85,1.0,0.4
0514710000000000030641,Carepa,2.2,1.9,2.2,43.3,1.0,1.0,0.4
0504520020300900010103,Apartadó,22.9,1.7,0.8,30.1,0.65,1.0,0.4
0505110000000000010909,Arboletes,0.6,3.2,340.6,483.8,1.0,1.0,0.15
0505110000000000011018,Arboletes,0.8,2.0,338.2,481.1,1.0,1.0,0.15
0505120040101000010102,Arboletes,88.5,38.0,221.1,365.5,0.15,0.4,0.15
0514710000000000020517,Carepa,0.7,1.6,1.0,41.9,1.0,1.0,0.4
0514710000000000030432,Carepa,0.5,1.7,0.8,41.7,1.0,1.0,0.4
0549010000000000010127,Necoclí,150.0,0.9,151.0,276.5,0.15,1.0,0.15
0549010000000000010316,Necoclí,89.4,0.3,90.0,165.3,0.15,1.0,0.15
0549020120600100010306,Necoclí,103.3,3.1,104.4,230.3,0.15,1.0,0.15
0549020030300200010217,Necoclí,60.5,36.4,143.7,219.8,0.15,0.4,0.15
0549020090200800010120,Necoclí,97.3,29.8,194.6,333.8,0.15,0.65,0.15
0549020040400900010112,Necoclí,68.3,14.0,118.4,196.9,0.15,0.85,0.15
0549020090201200010105,Necoclí,96.4,25.3,194.7,335.0,0.15,0.65,0.15
0549020090201200010109,Necoclí,58.1,14.9,116.6,200.8,0.4,0.85,0.15
0549020120301300010102,Necoclí,81.7,1.6,90.3,170.7,0.15,1.0,0.15
0566510000000000010547,San Pedro de Urabá,0.9,0.0,71.7,153.8,1.0,1.0,0.15
0566510000000000010565,San Pedro de Urabá,1.0,0.2,71.8,153.8,1.0,1.0,0.15
0566520040200800010107,San Pedro de Urabá,80.2,6.4,183.1,326.7,0.15,0.85,0.15
0583720090700100020518,Turbo,3.0,1.8,0.2,88.6,1.0,1.0,0.15
0583720100700200010119,Turbo,42.1,1.9,2.0,53.9,0.4,1.0,0.4
0583720100700200010509,Turbo,39.6,0.6,0.6,52.5,0.4,1.0,0.4
0583720050200500010119,Turbo,22.3,0.8,48.6,132.2,0.65,1.0,0.15
0583720100400800010103,Turbo,17.2,1.8,2.4,64.8,0.65,1.0,0.15
0583720100400800010423,Turbo,16.7,1.4,1.8,64.6,0.65,1.0,0.15
0583720080301000010124,Turbo,13.7,1.0,6.6,83.4,0.85,1.0,0.15
0583720070201200010114,Turbo,72.3,0.3,49.2,193.3,0.15,1.0,0.15
0583720030802900010120,Turbo,23.9,0.4,24.5,100.0,0.65,1.0,0.15
0583720090103900010105,Turbo,10.1,3.4,10.6,85.3,0.85,1.0,0.15
0514720011001000010102,Carepa,18.1,3.5,1.7,32.8,0.65,1.0,0.4
0514710000000000010133,Carepa,4.4,1.7,1.2,36.9,1.0,1.0,0.4
0514710000000000010135,Carepa,3.7,0.9,0.3,37.6,1.0,1.0,0.4
0514710000000000010415,Carepa,3.8,0.5,0.3,38.2,1.0,1.0,0.4
0514710000000000010708,Carepa,3.0,0.4,2.6,41.3,1.0,1.0,0.4
0514710000000000010720,Carepa,2.0,0.9,2.1,41.3,1.0,1.0,0.4
0514710000000000020121,Carepa,4.4,1.6,3.8,41.6,1.0,1.0,0.4
0514710000000000020231,Carepa,7.1,3.1,7.2,44.9,0.85,1.0,0.4
0514710000000000020241,Carepa,3.2,1.2,2.8,25.3,1.0,1.0,0.65
0514710000000000020526,Carepa,1.4,0.6,2.0,42.3,1.0,1.0,0.4
0514710000000000030313,Carepa,0.5,0.5,0.3,17.3,1.0,1.0,0.65
0514710000000000030315,Carepa,1.3,0.4,0.6,24.0,1.0,1.0,0.65
0514710000000000030538,Carepa,1.3,2.6,0.7,41.7,1.0,1.0,0.4
0514710000000000030635,Carepa,2.4,1.3,2.6,43.6,1.0,1.0,0.4
0514720010700700010103,Carepa,24.6,9.4,19.8,31.4,0.65,0.85,0.4
0514720011001000010116,Carepa,17.8,3.2,1.6,32.8,0.65,1.0,0.4
0517210000000000010536,Chigorodó,41.3,0.9,3.9,70.2,0.4,1.0,0.15
0517210000000000010205,Chigorodó,40.6,0.5,4.3,69.0,0.4,1.0,0.15
0517210000000000010312,Chigorodó,40.0,0.3,3.5,68.8,0.4,1.0,0.15
0517210000000000010317,Chigorodó,39.3,0.5,3.2,68.1,0.4,1.0,0.15
0517210000000000010409,Chigorodó,38.5,0.3,2.6,67.5,0.4,1.0,0.15
0517210000000000010620,Chigorodó,39.1,0.3,2.3,68.4,0.4,1.0,0.15
0517210000000000010708,Chigorodó,17.8,0.6,2.4,29.7,0.65,1.0,0.65
0517210000000000020215,Chigorodó,41.1,1.4,2.3,71.4,0.4,1.0,0.15
0517210000000000020316,Chigorodó,39.8,0.4,1.0,70.5,0.4,1.0,0.15
0517210000000000030107,Chigorodó,37.4,0.8,1.8,66.8,0.4,1.0,0.15
0517210000000000050303,Chigorodó,38.2,0.1,1.4,69.8,0.4,1.0,0.15
0517210000000000060202,Chigorodó,17.5,0.3,0.4,31.2,0.65,1.0,0.4
0517210000000000060304,Chigorodó,40.5,0.8,0.9,72.0,0.4,1.0,0.15
0517210000000000060427,Chigorodó,42.0,0.2,2.9,72.6,0.4,1.0,0.15
0517210000000000060509,Chigorodó,41.5,1.2,1.7,72.7,0.4,1.0,0.15
0517210000000000060629,Chigorodó,41.6,0.5,1.8,73.8,0.4,1.0,0.15
0517210000000000060735,Chigorodó,42.3,0.3,2.5,74.4,0.4,1.0,0.15
0517210000000000060936,Chigorodó,44.4,2.3,4.8,74.7,0.4,1.0,0.15
0565910000000000010123,San Juan de Urabá,2.9,2.9,291.4,431.2,1.0,1.0,0.15
0565910000000000010512,San Juan de Urabá,0.4,0.4,295.5,435.8,1.0,1.0,0.15
0565910000000000010606,San Juan de Urabá,2.9,2.9,290.6,431.0,1.0,1.0,0.15
0566510000000000030107,San Pedro de Urabá,1.9,1.3,116.2,253.1,1.0,1.0,0.15
0549020050300500010207,Necoclí,131.5,3.4,177.6,307.9,0.15,1.0,0.15
0504520010101600010101,Apartadó,34.9,5.2,15.0,36.5,0.4,0.85,0.4
0504520020500200010116,Apartadó,14.7,1.5,9.1,30.0,0.85,1.0,0.65
0504520020300300010103,Apartadó,19.6,0.9,0.4,30.8,0.65,1.0,0.4
0504520020300900010309,Apartadó,22.0,2.7,0.9,31.3,0.65,1.0,0.4
0505110000000000010513,Arboletes,0.3,1.2,203.2,289.0,1.0,1.0,0.15
0505110000000000010545,Arboletes,1.7,3.2,337.9,480.8,1.0,1.0,0.15
0505120030200900010118,Arboletes,36.1,36.1,140.2,225.5,0.4,0.4,0.15
0514710000000000020208,Carepa,5.1,2.0,5.0,43.0,0.85,1.0,0.4
0514710000000000030611,Carepa,1.9,1.2,2.1,43.1,1.0,1.0,0.4
0514720010601300010104,Carepa,17.6,17.6,2.8,2.4,0.65,0.65,1.0
0583720090700100020344,Turbo,3.3,3.0,2.0,90.8,1.0,1.0,0.15
0549010000000000010407,Necoclí,88.2,0.4,88.8,164.2,0.15,1.0,0.15
0549010000000000010434,Necoclí,146.7,0.4,147.7,273.3,0.15,1.0,0.15
0549020120600100010406,Necoclí,103.5,1.6,104.6,230.5,0.15,1.0,0.15
0566510000000000010409,San Pedro de Urabá,3.2,1.4,118.6,254.0,1.0,1.0,0.15
0566510000000000010869,San Pedro de Urabá,0.3,0.3,70.7,152.8,1.0,1.0,0.15
0583720090700100010322,Turbo,3.3,4.5,1.9,87.0,1.0,1.0,0.15
0583720090700100010607,Turbo,2.4,1.8,0.6,86.1,1.0,1.0,0.15
0583720100700200010107,Turbo,41.0,0.7,1.0,54.0,0.4,1.0,0.4
0583720100700200010120,Turbo,42.0,1.8,1.8,53.9,0.4,1.0,0.4
0583720100700200010214,Turbo,40.1,0.5,0.8,53.8,0.4,1.0,0.4
0583720090600300010110,Turbo,30.4,0.2,0.5,115.0,0.4,1.0,0.15
0583720090600300010213,Turbo,30.5,0.5,1.3,113.8,0.4,1.0,0.15
0583720100400800010414,Turbo,16.2,1.0,1.8,64.2,0.65,1.0,0.15
0583720100400800010416,Turbo,16.8,1.3,1.6,64.8,0.65,1.0,0.15
0504520020300900010227,Apartadó,22.2,0.4,1.5,28.9,0.65,1.0,0.65
0505120030101100010123,Arboletes,56.0,56.0,253.4,397.1,0.4,0.4,0.15
0505120050401400010104,Arboletes,94.2,0.4,191.1,335.5,0.15,1.0,0.15
0549010000000000010114,Necoclí,89.4,0.1,90.0,165.2,0.15,1.0,0.15
0549010000000000010908,Necoclí,153.8,3.2,154.8,280.5,0.15,1.0,0.15
0549020120600100010230,Necoclí,103.1,2.3,104.2,230.1,0.15,1.0,0.15
0549020120300300010113,Necoclí,78.7,1.0,82.8,162.9,0.15,1.0,0.15
0549020120101100010104,Necoclí,77.9,0.7,78.6,154.2,0.15,1.0,0.15
0565920010100500010105,San Juan de Urabá,32.8,32.8,271.3,408.4,0.4,0.4,0.15
0566510000000000010424,San Pedro de Urabá,4.0,2.0,118.9,253.9,1.0,1.0,0.15
0566510000000000011009,San Pedro de Urabá,4.9,2.7,119.8,257.8,1.0,1.0,0.15
0566520040200200010104,San Pedro de Urabá,37.1,0.4,106.1,189.9,0.4,1.0,0.15
0583720090700100010223,Turbo,1.3,2.5,1.9,88.0,1.0,1.0,0.15
0583720090700100020112,Turbo,0.8,0.5,0.1,52.3,1.0,1.0,0.4
0583720090700100020361,Turbo,2.4,1.9,1.3,89.7,1.0,1.0,0.15
0583720100700200010416,Turbo,39.3,0.4,1.0,53.3,0.4,1.0,0.4
0583720100700200020113,Turbo,38.9,1.3,0.5,51.3,0.4,1.0,0.4
0583720090600300010101,Turbo,29.8,0.7,0.5,115.2,0.65,1.0,0.15
0583720100400800010207,Turbo,18.5,0.6,0.9,66.5,0.65,1.0,0.15
0583720070201200010110,Turbo,43.1,0.4,29.6,116.0,0.4,1.0,0.15
0583720090603100010107,Turbo,17.8,4.1,4.0,100.1,0.65,1.0,0.15
0514710000000000010328,Carepa,4.5,1.1,0.4,37.5,1.0,1.0,0.4
0514710000000000020522,Carepa,1.1,0.9,1.7,42.0,1.0,1.0,0.4
0514710000000000020917,Carepa,5.0,2.0,5.5,44.5,1.0,1.0,0.4
0514710000000000030110,Carepa,2.1,0.2,0.5,39.1,1.0,1.0,0.4
0514720011001000010145,Carepa,16.9,2.3,1.5,32.8,0.65,1.0,0.4
0517210000000000010528,Chigorodó,24.6,0.6,2.0,42.2,0.65,1.0,0.4
0517210000000000010107,Chigorodó,39.9,0.5,4.0,68.3,0.4,1.0,0.15
0517210000000000010410,Chigorodó,38.5,0.4,2.5,67.5,0.4,1.0,0.15
0517210000000000010527,Chigorodó,41.6,1.4,3.6,70.8,0.4,1.0,0.15
0517210000000000020202,Chigorodó,39.3,0.4,1.4,69.4,0.4,1.0,0.15
0517210000000000020410,Chigorodó,41.7,1.8,3.1,71.6,0.4,1.0,0.15
0517210000000000020508,Chigorodó,43.4,1.5,4.3,73.5,0.4,1.0,0.15
0517210000000000020513,Chigorodó,44.0,2.2,4.9,74.0,0.4,1.0,0.15
0517210000000000050307,Chigorodó,38.2,0.2,1.7,70.0,0.4,1.0,0.15
0517210000000000050407,Chigorodó,38.8,0.8,1.4,71.0,0.4,1.0,0.15
0517210000000000050429,Chigorodó,38.9,1.0,1.3,71.2,0.4,1.0,0.15
0517210000000000060113,Chigorodó,40.1,0.7,0.8,71.6,0.4,1.0,0.15
0517210000000000060405,Chigorodó,40.9,1.1,2.2,71.5,0.4,1.0,0.15
0517210000000000060423,Chigorodó,42.3,0.3,3.1,72.9,0.4,1.0,0.15
0517210000000000060619,Chigorodó,42.3,0.8,2.2,73.8,0.4,1.0,0.15
0517210000000000061011,Chigorodó,43.1,1.1,3.2,75.1,0.4,1.0,0.15
0549020050300500010110,Necoclí,130.4,4.5,178.5,308.9,0.15,1.0,0.15
0565910000000000010307,San Juan de Urabá,0.4,0.4,175.8,259.9,1.0,1.0,0.15
0565910000000000010715,San Juan de Urabá,4.0,4.0,291.3,431.9,1.0,1.0,0.15
0566510000000000011014,San Pedro de Urabá,5.0,3.2,118.7,256.8,1.0,1.0,0.15
0583720110201800010109,Turbo,56.6,12.6,47.1,133.3,0.4,0.85,0.15
0583720110201800010215,Turbo,57.1,12.1,48.6,133.0,0.4,0.85,0.15
0583720110201800010222,Turbo,34.3,7.2,28.0,80.4,0.4,0.85,0.15
0583720110201800010319,Turbo,55.1,14.2,47.4,131.4,0.4,0.85,0.15
0583720110201800010329,Turbo,56.1,13.2,48.6,131.9,0.4,0.85,0.15
0583720090700100020329,Turbo,4.4,4.0,2.5,91.6,1.0,1.0,0.15
0583720090600300010115,Turbo,30.6,0.2,0.3,115.1,0.4,1.0,0.15
0583720090402400010104,Turbo,12.3,5.0,1.2,121.2,0.85,1.0,0.15
0583720090700100010512,Turbo,1.6,2.5,1.6,87.1,1.0,1.0,0.15
0504520020300900010122,Apartadó,22.0,0.8,1.1,29.3,0.65,1.0,0.65
0504520020300900010221,Apartadó,20.9,1.7,1.4,29.4,0.65,1.0,0.65
0504520020300900010307,Apartadó,22.1,2.3,0.5,30.9,0.65,1.0,0.4
0504520020300900010316,Apartadó,21.9,2.3,0.5,30.9,0.65,1.0,0.4
0505110000000000010120,Arboletes,0.6,0.6,203.8,289.7,1.0,1.0,0.15
0505120030200900010119,Arboletes,36.3,36.0,140.0,225.4,0.4,0.4,0.15
0505120040101000010118,Arboletes,89.1,37.4,220.8,365.2,0.15,0.4,0.15
0505120030101100010111,Arboletes,57.1,57.1,253.1,396.8,0.4,0.4,0.15
0514710000000000010310,Carepa,4.2,0.4,0.3,37.4,1.0,1.0,0.4
0514710000000000020608,Carepa,1.8,0.9,2.2,42.1,1.0,1.0,0.4
0514710000000000020619,Carepa,1.6,0.5,2.2,42.4,1.0,1.0,0.4
0514720010601300010107,Carepa,17.6,17.6,2.4,2.3,0.65,0.65,1.0
0583720090602600010116,Turbo,18.4,0.8,1.8,103.5,0.65,1.0,0.15
0549010000000000010105,Necoclí,147.7,0.1,148.7,274.1,0.15,1.0,0.15
0549010000000000010107,Necoclí,88.2,0.3,88.8,164.0,0.15,1.0,0.15
0549010000000000010206,Necoclí,147.9,0.8,148.9,274.4,0.15,1.0,0.15
0549020090200800010106,Necoclí,96.6,29.7,195.2,334.5,0.15,0.65,0.15
0549020040400900010110,Necoclí,68.0,14.2,118.5,197.0,0.15,0.85,0.15
0549020120301400010105,Necoclí,138.3,0.8,144.0,275.9,0.15,1.0,0.15
0566510000000000030105,San Pedro de Urabá,2.5,1.7,115.6,252.7,1.0,1.0,0.15
0565920010300300010101,San Juan de Urabá,23.8,23.8,284.8,422.3,0.65,0.65,0.15
0566510000000000010745,San Pedro de Urabá,2.3,1.1,118.4,254.0,1.0,1.0,0.15
0566510000000000010805,San Pedro de Urabá,1.0,0.5,71.2,153.5,1.0,1.0,0.15
0583720090700100010140,Turbo,1.9,3.2,2.6,88.6,1.0,1.0,0.15
0583720090700100010120,Turbo,2.2,3.5,2.7,88.3,1.0,1.0,0.15
0583720090700100020105,Turbo,0.3,0.6,0.5,52.8,1.0,1.0,0.4
0583720090700100020226,Turbo,1.0,0.5,1.0,88.3,1.0,1.0,0.15
0583720090700100020336,Turbo,3.5,3.2,2.2,91.0,1.0,1.0,0.15
0583720090700100020343,Turbo,2.9,2.6,1.8,90.4,1.0,1.0,0.15
0583720100700200020109,Turbo,39.1,1.3,0.7,51.3,0.4,1.0,0.4
0583720090600300010116,Turbo,30.5,0.2,0.3,115.4,0.4,1.0,0.15
0583720050200500010125,Turbo,22.9,0.4,48.1,132.0,0.65,1.0,0.15
0583720070201200010111,Turbo,71.9,0.3,49.4,193.4,0.15,1.0,0.15
0583720090302500010107,Turbo,6.9,0.9,6.6,80.7,0.85,1.0,0.15
0583720030802900010103,Turbo,24.9,0.4,25.5,101.0,0.65,1.0,0.15
0583720010203800010109,Turbo,10.9,10.2,63.1,147.4,0.85,0.85,0.15
0514710000000000010413,Carepa,3.1,0.3,0.2,38.6,1.0,1.0,0.4
0514710000000000020912,Carepa,5.3,2.2,5.8,44.5,0.85,1.0,0.4
0514710000000000030502,Carepa,1.4,2.7,0.6,41.1,1.0,1.0,0.4
0514710000000000030527,Carepa,2.0,2.9,1.2,40.7,1.0,1.0,0.4
0514710000000000030545,Carepa,2.0,3.3,1.3,41.8,1.0,1.0,0.4
0514710000000000030637,Carepa,2.5,1.4,2.7,43.7,1.0,1.0,0.4
0514720010700700010116,Carepa,25.6,9.9,20.8,30.9,0.65,0.85,0.4
0514720010700700010123,Carepa,25.3,9.8,20.5,30.8,0.65,0.85,0.4
0514720011001000010118,Carepa,17.7,3.0,1.4,32.7,0.65,1.0,0.4
0514720011001000010129,Carepa,17.3,2.8,1.9,33.2,0.65,1.0,0.4
0517210000000000010618,Chigorodó,39.4,0.4,2.5,68.7,0.4,1.0,0.15
0517210000000000020428,Chigorodó,41.9,2.0,3.7,71.4,0.4,1.0,0.15
0517210000000000020432,Chigorodó,25.7,1.3,2.6,43.5,0.65,1.0,0.4
0517210000000000020514,Chigorodó,26.6,1.5,3.1,44.5,0.65,1.0,0.4
0517210000000000030118,Chigorodó,37.0,1.4,2.5,66.1,0.4,1.0,0.15
0517210000000000050207,Chigorodó,38.1,0.5,1.0,69.4,0.4,1.0,0.15
0517210000000000050305,Chigorodó,22.6,0.4,1.3,41.7,0.65,1.0,0.4
0517210000000000050325,Chigorodó,38.5,0.2,1.6,70.3,0.4,1.0,0.15
0517210000000000050402,Chigorodó,38.4,0.6,1.7,70.6,0.4,1.0,0.15
0517210000000000050529,Chigorodó,39.4,0.9,0.8,71.2,0.4,1.0,0.15
0517210000000000060305,Chigorodó,40.6,0.9,1.0,72.1,0.4,1.0,0.15
0517210000000000060620,Chigorodó,42.2,0.6,2.2,73.9,0.4,1.0,0.15
0565910000000000010146,San Juan de Urabá,1.7,1.7,291.6,431.6,1.0,1.0,0.15
0565910000000000010305,San Juan de Urabá,0.3,0.3,292.5,432.7,1.0,1.0,0.15
0565910000000000010617,San Juan de Urabá,2.8,2.8,290.6,431.0,1.0,1.0,0.15
0565910000000000010713,San Juan de Urabá,3.3,3.3,174.2,258.7,1.0,1.0,0.15
0583720110201800010219,Turbo,57.1,12.2,48.8,132.9,0.4,0.85,0.15
0514710000000000010731,Carepa,2.9,0.7,2.2,40.9,1.0,1.0,0.4
0514710000000000010810,Carepa,3.2,0.3,0.7,38.7,1.0,1.0,0.4
0514710000000000010817,Carepa,2.9,0.5,0.8,39.3,1.0,1.0,0.4
0514710000000000030106,Carepa,1.7,0.5,0.7,39.6,1.0,1.0,0.4
0514710000000000030604,Carepa,1.9,0.8,2.3,43.1,1.0,1.0,0.4
0514710000000000030613,Carepa,2.2,1.3,2.4,43.4,1.0,1.0,0.4
0517210000000000010401,Chigorodó,38.5,0.7,3.2,67.1,0.4,1.0,0.15
0517210000000000020205,Chigorodó,40.0,0.9,1.6,70.2,0.4,1.0,0.15
0517210000000000020405,Chigorodó,41.5,2.0,3.1,71.2,0.4,1.0,0.15
0517210000000000060219,Chigorodó,41.5,0.5,1.5,73.1,0.4,1.0,0.15
0517210000000000060303,Chigorodó,40.6,0.9,1.3,71.9,0.4,1.0,0.15
0517210000000000060308,Chigorodó,40.8,0.7,2.0,71.7,0.4,1.0,0.15
0517210000000000060314,Chigorodó,41.0,1.0,1.7,72.1,0.4,1.0,0.15
0517210000000000061002,Chigorodó,42.5,0.5,2.6,74.6,0.4,1.0,0.15
0549020030200400010132,Necoclí,58.3,58.3,254.6,388.9,0.4,0.4,0.15
0566510000000000011020,San Pedro de Urabá,2.7,1.7,70.9,153.7,1.0,1.0,0.15
0583720110201800010221,Turbo,57.4,12.0,49.2,132.9,0.4,0.85,0.15
0514710000000000020428,Carepa,1.4,1.1,1.9,41.8,1.0,1.0,0.4
0517210000000000010608,Chigorodó,40.7,1.1,2.8,70.2,0.4,1.0,0.15
0517210000000000060815,Chigorodó,42.7,0.7,3.5,73.2,0.4,1.0,0.15
0565910000000000010117,San Juan de Urabá,0.6,0.6,174.0,258.1,1.0,1.0,0.15
0504520020500200010114,Apartadó,15.1,1.4,9.3,29.9,0.65,1.0,0.65
0504520020300300010105,Apartadó,21.0,0.3,1.2,30.3,0.65,1.0,0.4
0504520020300900010107,Apartadó,13.7,0.3,1.0,17.3,0.85,1.0,0.65
0504520020300900010201,Apartadó,23.2,1.9,3.3,26.7,0.65,1.0,0.65
0504520020300900010304,Apartadó,22.1,3.0,1.2,31.6,0.65,1.0,0.4
0505110000000000010308,Arboletes,0.5,0.7,203.2,289.0,1.0,1.0,0.15
0505110000000000010404,Arboletes,0.5,0.5,204.6,290.4,1.0,1.0,0.15
0505110000000000010808,Arboletes,0.3,1.7,203.8,289.7,1.0,1.0,0.15
0505110000000000010902,Arboletes,0.4,2.8,340.5,483.7,1.0,1.0,0.15
0505110000000000011022,Arboletes,1.4,2.3,337.6,480.6,1.0,1.0,0.15
0505120030200900010102,Arboletes,35.8,35.8,140.1,225.4,0.4,0.4,0.15
0505120030200900010109,Arboletes,60.5,59.3,232.7,374.7,0.15,0.4,0.15
0514710000000000030431,Carepa,0.5,1.8,0.8,41.7,1.0,1.0,0.4
0514710000000000030623,Carepa,2.0,1.3,2.1,43.2,1.0,1.0,0.4
0517220100400700010104,Chigorodó,89.0,0.9,25.1,126.1,0.15,1.0,0.15
0549010000000000010103,Necoclí,89.0,0.3,89.6,164.8,0.15,1.0,0.15
0549010000000000010328,Necoclí,89.3,0.5,89.9,165.3,0.15,1.0,0.15
0549010000000000010711,Necoclí,152.9,1.2,153.9,279.5,0.15,1.0,0.15
0549010000000000010723,Necoclí,151.7,0.1,152.7,278.3,0.15,1.0,0.15
0549020120600100010134,Necoclí,102.6,2.3,103.6,229.6,0.15,1.0,0.15
0549020120301000010101,Necoclí,76.0,0.5,82.2,163.1,0.15,1.0,0.15
0549020090201200010103,Necoclí,96.3,25.3,194.7,335.1,0.15,0.65,0.15
0583720090600300010331,Turbo,28.1,2.6,0.2,111.2,0.65,1.0,0.15
0566510000000000010217,San Pedro de Urabá,0.9,1.2,119.2,255.2,1.0,1.0,0.15
0566510000000000010317,San Pedro de Urabá,1.8,0.8,116.4,253.1,1.0,1.0,0.15
0566510000000000010724,San Pedro de Urabá,1.6,0.8,118.9,254.6,1.0,1.0,0.15
0566510000000000010818,San Pedro de Urabá,1.6,0.5,119.5,256.5,1.0,1.0,0.15
0566510000000000010909,San Pedro de Urabá,1.5,0.3,72.0,153.3,1.0,1.0,0.15
0583720090700100010609,Turbo,2.3,1.9,0.9,86.1,1.0,1.0,0.15
0583720090700100010611,Turbo,1.6,1.4,0.8,51.4,1.0,1.0,0.4
0583720090700100020101,Turbo,0.1,1.5,1.3,88.3,1.0,1.0,0.15
0583720100700200010514,Turbo,39.2,0.1,0.7,52.6,0.4,1.0,0.4
0583720090600300010112,Turbo,18.1,0.3,0.5,68.9,0.65,1.0,0.15
0583720050200500010114,Turbo,37.7,0.6,80.6,220.0,0.4,1.0,0.15
0583720030700600010114,Turbo,36.9,0.3,37.6,112.9,0.4,1.0,0.15
0583720020101300010117,Turbo,37.2,0.3,74.7,161.6,0.4,1.0,0.15
0583720020101300010207,Turbo,36.5,0.6,74.8,161.7,0.4,1.0,0.15
0583720090602600010114,Turbo,18.2,0.5,1.7,103.2,0.65,1.0,0.15
0583720030802900010105,Turbo,24.7,0.3,25.3,100.8,0.65,1.0,0.15
0583720030802900010111,Turbo,40.5,0.2,41.5,167.4,0.4,1.0,0.15
0504520020300900010324,Apartadó,22.0,3.3,1.5,31.9,0.65,1.0,0.4
0504520010101400010104,Apartadó,43.9,1.0,14.6,40.9,0.4,1.0,0.4
0504520020500200010104,Apartadó,6.2,0.2,3.6,13.3,0.85,1.0,0.85
0504520020300900010106,Apartadó,13.7,0.5,0.7,17.5,0.85,1.0,0.65
0505110000000000010609,Arboletes,1.6,2.3,202.5,288.4,1.0,1.0,0.15
0549020040400900010132,Necoclí,70.0,12.7,117.5,195.6,0.15,0.85,0.15
0549020050401800010108,Necoclí,159.8,3.6,165.9,291.9,0.15,1.0,0.15
0566510000000000010564,San Pedro de Urabá,1.1,0.0,72.0,154.0,1.0,1.0,0.15
0566510000000000010634,San Pedro de Urabá,0.4,0.7,119.5,255.7,1.0,1.0,0.15
0583720100700200020132,Turbo,40.5,1.9,1.5,52.0,0.4,1.0,0.4
0583720050200500010124,Turbo,38.1,0.2,80.2,219.8,0.4,1.0,0.15
0583720100400800010304,Turbo,18.1,0.2,0.6,66.2,0.65,1.0,0.15
0583720070202000010106,Turbo,73.7,0.3,20.4,161.6,0.15,1.0,0.15
0514710000000000010501,Carepa,2.7,0.6,0.8,23.4,1.0,1.0,0.65
0514710000000000010504,Carepa,2.4,0.3,0.7,23.5,1.0,1.0,0.65
0514710000000000010717,Carepa,2.7,0.2,2.6,41.5,1.0,1.0,0.4
0514710000000000020905,Carepa,5.5,2.4,5.9,44.5,0.85,1.0,0.4
0514710000000000030233,Carepa,2.3,1.7,0.7,39.2,1.0,1.0,0.4
0514710000000000030420,Carepa,1.6,2.0,1.4,42.5,1.0,1.0,0.4
0514710000000000030435,Carepa,0.8,2.2,0.1,41.0,1.0,1.0,0.4
0514710000000000030437,Carepa,1.1,2.3,0.4,40.9,1.0,1.0,0.4
0514710000000000030610,Carepa,1.7,1.3,1.8,42.9,1.0,1.0,0.4
0514720011001000010137,Carepa,16.8,2.1,1.2,32.4,0.65,1.0,0.4
0514720011001000010143,Carepa,18.0,3.4,1.5,32.6,0.65,1.0,0.4
0517210000000000010301,Chigorodó,39.0,0.6,3.4,67.6,0.4,1.0,0.15
0517210000000000010414,Chigorodó,38.3,0.6,2.3,67.4,0.4,1.0,0.15
0517210000000000020505,Chigorodó,43.1,1.4,4.2,73.2,0.4,1.0,0.15
0517210000000000030103,Chigorodó,22.5,0.7,1.3,40.0,0.65,1.0,0.4
0517210000000000050211,Chigorodó,38.1,0.5,1.0,69.5,0.4,1.0,0.15
0517210000000000050317,Chigorodó,38.1,0.3,2.0,70.3,0.4,1.0,0.15
0517210000000000050513,Chigorodó,39.5,0.5,0.9,71.1,0.4,1.0,0.15
0517210000000000060934,Chigorodó,44.2,2.2,4.8,74.4,0.4,1.0,0.15
0517210000000000060507,Chigorodó,41.6,0.5,2.3,72.5,0.4,1.0,0.15
0517210000000000060935,Chigorodó,26.7,1.5,3.1,44.7,0.65,1.0,0.4
0549020030200400010129,Necoclí,58.2,58.2,255.0,389.2,0.4,0.4,0.15
0565910000000000010140,San Juan de Urabá,2.3,2.3,291.4,431.3,1.0,1.0,0.15
0566510000000000020122,San Pedro de Urabá,2.5,2.3,117.2,253.0,1.0,1.0,0.15
0504520020300900010220,Apartadó,12.6,1.1,0.5,18.1,0.85,1.0,0.65
0504520010301100010105,Apartadó,3.1,0.4,2.3,25.3,1.0,1.0,0.65
0504520010301100010108,Apartadó,5.4,0.2,3.2,41.6,0.85,1.0,0.4
0504520010301100010213,Apartadó,6.1,1.5,1.5,40.2,0.85,1.0,0.4
0504520010101600010117,Apartadó,20.3,2.5,9.4,21.6,0.65,1.0,0.65
0505110000000000010319,Arboletes,1.5,1.5,337.9,481.0,1.0,1.0,0.15
0505110000000000010344,Arboletes,0.5,0.5,338.9,481.9,1.0,1.0,0.15
0505110000000000010604,Arboletes,1.1,1.4,203.0,288.9,1.0,1.0,0.15
0505110000000000010905,Arboletes,0.4,3.0,340.4,483.6,1.0,1.0,0.15
0505110000000000011041,Arboletes,2.2,3.2,336.8,479.7,1.0,1.0,0.15
0505120030200800010107,Arboletes,68.4,56.8,231.6,375.0,0.15,0.4,0.15
0514710000000000020716,Carepa,2.4,0.6,2.9,43.5,1.0,1.0,0.4
0514710000000000030511,Carepa,0.8,2.5,0.2,41.3,1.0,1.0,0.4
0514720010601300010106,Carepa,17.5,17.5,2.5,2.2,0.65,0.65,1.0
0517220100400700010112,Chigorodó,89.0,1.1,25.0,126.0,0.15,1.0,0.15
0549020120600100010308,Necoclí,103.4,3.6,104.5,230.4,0.15,1.0,0.15
0549010000000000010613,Necoclí,94.0,1.4,94.6,169.9,0.15,1.0,0.15
0549020120600100010215,Necoclí,103.2,2.8,104.3,230.2,0.15,1.0,0.15
0549020120300300010125,Necoclí,78.6,0.9,82.4,162.4,0.15,1.0,0.15
0549020120801600010101,Necoclí,67.3,1.1,69.2,151.2,0.15,1.0,0.15
0566510000000000010349,San Pedro de Urabá,1.5,0.1,69.5,151.5,1.0,1.0,0.15
0566510000000000010416,San Pedro de Urabá,3.0,1.8,117.8,253.3,1.0,1.0,0.15
0566510000000000010610,San Pedro de Urabá,0.1,0.6,119.2,255.4,1.0,1.0,0.15
0566510000000000010847,San Pedro de Urabá,1.7,0.7,118.8,256.1,1.0,1.0,0.15
0566510000000000010853,San Pedro de Urabá,2.0,1.1,72.7,155.0,1.0,1.0,0.15
0566520040200200010101,San Pedro de Urabá,62.4,1.2,177.3,317.0,0.15,1.0,0.15
0583720090700100010513,Turbo,1.7,2.6,1.8,87.0,1.0,1.0,0.15
0583720090700100020403,Turbo,3.2,2.4,0.6,89.7,1.0,1.0,0.15
0583720090700100020422,Turbo,3.9,3.2,1.4,90.6,1.0,1.0,0.15
0583720100700200010204,Turbo,40.2,0.4,1.3,54.2,0.4,1.0,0.4
0583720100700200020507,Turbo,37.5,1.9,0.8,52.7,0.4,1.0,0.4
0583720090600300010208,Turbo,18.6,0.2,0.3,68.8,0.65,1.0,0.15
0583720090600300010309,Turbo,18.6,0.3,0.6,67.9,0.65,1.0,0.15
0583720090600300010328,Turbo,28.4,2.5,0.8,111.7,0.65,1.0,0.15
0583720050200500010108,Turbo,22.8,0.1,48.2,132.0,0.65,1.0,0.15
0583720100400800010316,Turbo,17.4,0.5,0.7,65.6,0.65,1.0,0.15
0583720020101300010211,Turbo,61.7,0.6,124.4,269.2,0.15,1.0,0.15
0583720030802900010106,Turbo,24.8,0.2,25.4,100.9,0.65,1.0,0.15
0583720240204300010102,Turbo,59.9,8.9,59.9,115.3,0.4,0.85,0.15
0504520010101600010112,Apartadó,34.5,4.7,15.4,36.1,0.4,1.0,0.4
0505110000000000010146,Arboletes,0.8,2.6,341.2,484.3,1.0,1.0,0.15
0505110000000000011122,Arboletes,3.5,3.4,335.9,479.0,1.0,1.0,0.15
0566510000000000010870,San Pedro de Urabá,1.5,0.9,119.1,256.2,1.0,1.0,0.15
0566520010100400010114,San Pedro de Urabá,75.4,20.6,141.2,226.7,0.15,0.65,0.15
0583720090700100020351,Turbo,3.8,3.3,1.9,91.0,1.0,1.0,0.15
0583720050202800010106,Turbo,30.0,0.2,49.1,135.7,0.65,1.0,0.15
0583720030802900010124,Turbo,23.6,0.7,24.3,99.8,0.65,1.0,0.15
0514710000000000010314,Carepa,4.9,1.6,0.9,37.4,1.0,1.0,0.4
0514710000000000010319,Carepa,4.4,1.1,0.5,37.7,1.0,1.0,0.4
0514710000000000010728,Carepa,2.2,0.8,2.0,41.1,1.0,1.0,0.4
0514710000000000020230,Carepa,6.9,3.0,7.0,44.8,0.85,1.0,0.4
0514710000000000030544,Carepa,1.8,3.1,1.1,41.7,1.0,1.0,0.4
0514720011001000010119,Carepa,17.6,3.1,1.6,32.8,0.65,1.0,0.4
0517210000000000010515,Chigorodó,41.2,1.4,3.1,70.7,0.4,1.0,0.15
0517210000000000020226,Chigorodó,24.2,0.7,1.1,42.3,0.65,1.0,0.4
0517210000000000060122,Chigorodó,40.4,0.8,1.2,71.7,0.4,1.0,0.15
0517210000000000060511,Chigorodó,41.8,0.4,2.4,72.6,0.4,1.0,0.15
0517210000000000060612,Chigorodó,41.9,0.4,1.8,73.6,0.4,1.0,0.15
0517210000000000060701,Chigorodó,42.4,1.2,2.4,73.8,0.4,1.0,0.15
0517210000000000060707,Chigorodó,42.3,0.5,2.3,74.2,0.4,1.0,0.15
0517210000000000060803,Chigorodó,42.5,0.4,3.2,73.2,0.4,1.0,0.15
0549020030200400010117,Necoclí,34.9,34.9,154.1,234.5,0.4,0.4,0.15
0549020030200400010131,Necoclí,58.4,58.4,254.6,388.9,0.4,0.4,0.15
0565910000000000010135,San Juan de Urabá,3.2,3.2,291.5,431.4,1.0,1.0,0.15
0583720110201800010326,Turbo,56.9,12.4,48.7,132.7,0.4,0.85,0.15
0504520030101500010107,Apartadó,19.3,2.3,2.1,33.2,0.65,1.0,0.4
0504520010101600010115,Apartadó,20.5,2.7,9.4,21.5,0.65,1.0,0.65
0505110000000000010113,Arboletes,0.2,2.1,340.2,483.3,1.0,1.0,0.15
0505110000000000010114,Arboletes,0.2,1.8,340.2,483.4,1.0,1.0,0.15
0505110000000000010521,Arboletes,0.8,1.6,339.5,482.4,1.0,1.0,0.15
0505110000000000010534,Arboletes,0.5,1.9,338.9,481.9,1.0,1.0,0.15
0505110000000000010912,Arboletes,0.6,3.3,340.1,483.4,1.0,1.0,0.15
0505120040101000010119,Arboletes,89.9,36.5,219.9,364.3,0.15,0.4,0.15
0514710000000000020419,Carepa,1.4,1.6,1.5,41.1,1.0,1.0,0.4
0514710000000000020717,Carepa,2.4,0.7,2.9,43.6,1.0,1.0,0.4
0517220060601500010107,Chigorodó,28.4,3.2,4.7,46.3,0.65,1.0,0.4
0565920010100100010123,San Juan de Urabá,21.6,21.6,168.0,249.6,0.65,0.65,0.15
0583720100700200010212,Turbo,40.0,0.5,1.0,53.9,0.4,1.0,0.4
0583720100700200010301,Turbo,40.6,0.4,0.7,53.8,0.4,1.0,0.4
0583720090700100010302,Turbo,3.2,4.3,2.0,87.1,1.0,1.0,0.15
0583720090700100020103,Turbo,0.5,0.9,1.0,88.3,1.0,1.0,0.15
0583720090700100020404,Turbo,3.6,2.8,0.8,90.0,1.0,1.0,0.15
0583720100700200020106,Turbo,38.8,0.8,0.2,51.7,0.4,1.0,0.4
0583720100700200020117,Turbo,37.7,1.5,1.0,51.4,0.4,1.0,0.4
0583720100700200020317,Turbo,37.9,1.7,1.2,53.1,0.4,1.0,0.4
0583720100700200020511,Turbo,22.3,1.4,0.5,31.6,0.65,1.0,0.4
0583720050200500010106,Turbo,22.4,0.5,48.6,132.3,0.65,1.0,0.15
0583720100400800010118,Turbo,16.8,1.5,1.9,64.7,0.65,1.0,0.15
0583720240400900010107,Turbo,28.8,0.6,29.4,79.4,0.65,1.0,0.15
0583720090402400010122,Turbo,10.9,3.6,1.4,120.9,0.85,1.0,0.15
0583720090402400010123,Turbo,11.3,4.0,1.5,120.8,0.85,1.0,0.15
0583720050603700010110,Turbo,32.0,9.2,39.4,124.3,0.4,0.85,0.15
0504520010301100010211,Apartadó,5.9,1.2,1.8,40.5,0.85,1.0,0.4
0505110000000000010805,Arboletes,0.3,2.7,339.8,483.0,1.0,1.0,0.15
0505110000000000010911,Arboletes,0.7,3.4,340.3,483.5,1.0,1.0,0.15
0505120060400100010106,Arboletes,74.2,37.7,157.3,243.5,0.15,0.4,0.15
0505120060400100010110,Arboletes,124.4,62.8,262.3,406.0,0.15,0.15,0.15
0549010000000000010411,Necoclí,88.5,0.5,89.1,164.4,0.15,1.0,0.15
0549010000000000010430,Necoclí,88.3,0.6,88.9,164.2,0.15,1.0,0.15
0549010000000000010812,Necoclí,153.1,2.1,154.2,279.8,0.15,1.0,0.15
0549020120600100010304,Necoclí,62.3,2.2,62.9,138.5,0.15,1.0,0.15
0549020090200800010103,Necoclí,95.7,29.1,195.8,335.4,0.15,0.65,0.15
0549020090200800010119,Necoclí,97.4,29.4,194.5,333.7,0.15,0.65,0.15
0565920020300400010104,San Juan de Urabá,53.2,53.2,237.9,378.0,0.4,0.4,0.15
0566510000000000010544,San Pedro de Urabá,0.9,0.1,71.7,153.6,1.0,1.0,0.15
0566510000000000011017,San Pedro de Urabá,3.5,2.6,70.8,153.9,1.0,1.0,0.15
0566520040200800010109,San Pedro de Urabá,79.9,6.2,182.8,326.4,0.15,0.85,0.15
0583720090700100010106,Turbo,1.9,3.2,2.7,88.4,1.0,1.0,0.15
0583720090700100010419,Turbo,3.5,4.5,2.2,86.5,1.0,1.0,0.15
0583720090700100020109,Turbo,1.1,0.4,0.5,87.8,1.0,1.0,0.15
0583720090700100020224,Turbo,0.8,0.8,1.2,88.5,1.0,1.0,0.15
0583720100700200020517,Turbo,36.6,2.7,0.9,52.3,0.4,1.0,0.4
0583720100400800010115,Turbo,16.9,1.5,2.0,64.7,0.65,1.0,0.15
0583720230401400010102,Turbo,116.1,18.8,51.0,148.9,0.15,0.65,0.15
0514710000000000010417,Carepa,3.0,0.1,0.4,38.8,1.0,1.0,0.4
0514710000000000010822,Carepa,3.6,0.6,0.7,38.9,1.0,1.0,0.4
0514710000000000020221,Carepa,6.1,2.1,6.0,43.6,0.85,1.0,0.4
0514710000000000030213,Carepa,1.4,1.2,0.4,39.8,1.0,1.0,0.4
0514710000000000030429,Carepa,0.7,1.8,0.8,41.8,1.0,1.0,0.4
0517210000000000010127,Chigorodó,39.8,0.6,5.0,67.5,0.4,1.0,0.15
0517210000000000010302,Chigorodó,39.3,0.7,3.5,67.9,0.4,1.0,0.15
0517210000000000010402,Chigorodó,38.7,0.6,3.3,67.3,0.4,1.0,0.15
0517210000000000010407,Chigorodó,38.5,0.3,2.8,67.4,0.4,1.0,0.15
0517210000000000050104,Chigorodó,37.5,0.7,0.8,68.3,0.4,1.0,0.15
0517210000000000050205,Chigorodó,37.6,0.4,1.3,69.0,0.4,1.0,0.15
0517210000000000050212,Chigorodó,22.3,0.4,1.0,41.2,0.65,1.0,0.4
0517210000000000050410,Chigorodó,38.7,0.6,1.4,70.8,0.4,1.0,0.15
0517210000000000050423,Chigorodó,39.1,1.0,0.9,71.2,0.4,1.0,0.15
0517210000000000060120,Chigorodó,40.6,0.5,1.9,71.5,0.4,1.0,0.15
0549020050300500010217,Necoclí,131.5,3.5,177.9,308.1,0.15,1.0,0.15
0565910000000000010232,San Juan de Urabá,1.2,1.2,173.7,257.9,1.0,1.0,0.15
0566510000000000020121,San Pedro de Urabá,2.4,2.2,117.4,253.2,1.0,1.0,0.15
0583720110201800010117,Turbo,56.4,12.8,47.3,133.0,0.4,0.85,0.15
0517220070300300010111,Chigorodó,83.6,2.7,29.0,112.1,0.15,1.0,0.15
0504520020500200010204,Apartadó,14.1,0.3,8.1,31.1,0.85,1.0,0.4
0504520020500200010117,Apartadó,14.7,1.6,9.1,29.9,0.85,1.0,0.65
0504520010301100010104,Apartadó,2.9,0.5,2.4,25.5,1.0,1.0,0.65
0504520010301100010214,Apartadó,6.3,1.5,1.5,40.1,0.85,1.0,0.4
0504520010101600010104,Apartadó,20.7,2.9,8.9,22.0,0.65,1.0,0.65
0505120020500300010121,Arboletes,91.5,57.5,245.6,390.4,0.15,0.4,0.15
0505120040101000010104,Arboletes,88.6,37.8,220.8,365.2,0.15,0.4,0.15
0505120030101100010106,Arboletes,33.7,33.7,151.7,237.9,0.4,0.4,0.15
0514710000000000020711,Carepa,1.6,0.5,2.0,42.6,1.0,1.0,0.4
0514710000000000030556,Carepa,1.2,1.9,0.7,24.6,1.0,1.0,0.65
0517220070300300010106,Chigorodó,83.3,3.1,28.9,111.7,0.15,1.0,0.15
0549020090200800010115,Necoclí,58.2,17.7,116.9,200.5,0.4,0.65,0.15
0549010000000000010724,Necoclí,151.4,0.7,152.4,278.0,0.15,1.0,0.15
0549010000000000010809,Necoclí,153.3,2.5,154.3,280.0,0.15,1.0,0.15
0549020030300200010105,Necoclí,60.6,37.8,145.1,221.1,0.15,0.4,0.15
0549020090200800010107,Necoclí,96.6,29.9,195.3,334.5,0.15,0.65,0.15
0549020120301000010113,Necoclí,75.3,0.5,81.3,162.3,0.15,1.0,0.15
0549020090501500010105,Necoclí,68.7,1.0,93.3,177.7,0.15,1.0,0.15
0565910000000000010508,San Juan de Urabá,0.5,0.5,296.0,436.4,1.0,1.0,0.15
0565920010300300010111,San Juan de Urabá,13.6,13.6,171.0,253.6,0.85,0.85,0.15
0565920010300300010136,San Juan de Urabá,22.2,22.2,284.9,422.6,0.65,0.65,0.15
0565920010100500010102,San Juan de Urabá,20.3,20.3,162.8,245.0,0.65,0.65,0.15
0565920010200600010107,San Juan de Urabá,23.1,23.1,276.7,414.9,0.65,0.65,0.15
0566510000000000010159,San Pedro de Urabá,1.7,0.3,120.4,256.3,1.0,1.0,0.15
0566510000000000010208,San Pedro de Urabá,0.6,0.9,118.8,254.9,1.0,1.0,0.15
0566510000000000010408,San Pedro de Urabá,3.1,1.3,118.6,254.0,1.0,1.0,0.15
0566520010100400010102,San Pedro de Urabá,76.8,22.4,142.9,228.4,0.15,0.65,0.15
0566520040200800010116,San Pedro de Urabá,80.0,6.6,183.0,326.6,0.15,0.85,0.15
0583720090700100010705,Turbo,3.0,2.4,0.7,85.5,1.0,1.0,0.15
0583720090700100010713,Turbo,2.3,2.1,0.8,50.7,1.0,1.0,0.4
0583720090700100020107,Turbo,0.4,0.5,0.3,52.7,1.0,1.0,0.4
0583720090700100020307,Turbo,3.0,2.4,1.2,90.1,1.0,1.0,0.15
0583720090700100020438,Turbo,4.3,3.4,1.2,90.2,1.0,1.0,0.15
0583720100700200020104,Turbo,39.3,1.0,0.7,51.7,0.4,1.0,0.4
0583720030700600010108,Turbo,61.9,0.6,62.9,188.6,0.15,1.0,0.15
0583720100400800010203,Turbo,18.8,0.9,1.1,66.8,0.65,1.0,0.15
0583720100400800010410,Turbo,9.6,0.4,1.4,38.3,0.85,1.0,0.4
0583720080301000010114,Turbo,14.2,0.6,6.9,83.8,0.85,1.0,0.15
0583720070201200010116,Turbo,72.1,0.7,49.1,193.0,0.15,1.0,0.15
0583720070202000010103,Turbo,43.8,0.4,12.1,96.5,0.4,1.0,0.15
0505110000000000010140,Arboletes,0.9,1.4,340.5,483.6,1.0,1.0,0.15
0505120060600500010102,Arboletes,115.8,20.7,219.5,363.4,0.15,0.65,0.15
0505120030101100010105,Arboletes,56.2,56.2,253.2,396.8,0.4,0.4,0.15
0514710000000000030609,Carepa,1.4,1.5,1.5,42.6,1.0,1.0,0.4
0517220060601500010109,Chigorodó,47.7,5.7,8.1,77.4,0.4,0.85,0.15
0549010000000000010219,Necoclí,146.8,1.2,147.8,273.3,0.15,1.0,0.15
0549010000000000010605,Necoclí,69.2,1.2,69.7,123.4,0.15,1.0,0.15
0549020120600100010126,Necoclí,102.6,2.4,103.7,229.6,0.15,1.0,0.15
0565920010300300010118,San Juan de Urabá,22.9,22.9,284.6,422.2,0.65,0.65,0.15
0566510000000000010559,San Pedro de Urabá,1.2,0.4,72.0,154.2,1.0,1.0,0.15
0583720090700100010103,Turbo,3.0,4.3,1.9,88.0,1.0,1.0,0.15
0583720090700100020338,Turbo,3.2,2.9,2.0,90.7,1.0,1.0,0.15
0583720100700200020133,Turbo,40.6,2.1,1.7,51.9,0.4,1.0,0.4
0583720090600300010322,Turbo,18.5,0.3,0.4,68.1,0.65,1.0,0.15
0583720090603100010106,Turbo,17.8,4.0,4.0,100.2,0.65,1.0,0.15
0504520020300300010101,Apartadó,10.6,0.3,0.2,19.0,0.85,1.0,0.65
0504520020300900010214,Apartadó,22.4,0.4,1.4,29.0,0.65,1.0,0.65
0505110000000000010311,Arboletes,0.5,1.0,339.0,482.0,1.0,1.0,0.15
0505110000000000010411,Arboletes,0.3,0.5,203.9,289.7,1.0,1.0,0.15
0505110000000000011123,Arboletes,3.4,3.4,336.0,479.1,1.0,1.0,0.15
0505120050401400010101,Arboletes,94.3,0.6,191.0,335.4,0.15,1.0,0.15
0514710000000000020607,Carepa,1.9,1.0,2.4,42.2,1.0,1.0,0.4
0514720010601300010105,Carepa,17.5,17.5,2.6,2.3,0.65,0.65,1.0
0549020120600100010405,Necoclí,103.4,1.7,104.5,230.5,0.15,1.0,0.15
0549010000000000010722,Necoclí,151.6,0.2,152.6,278.2,0.15,1.0,0.15
0549020030300200010210,Necoclí,59.7,36.7,143.9,220.1,0.4,0.4,0.15
0549020120300300010103,Necoclí,79.3,0.2,83.0,162.8,0.15,1.0,0.15
0565910000000000010415,San Juan de Urabá,1.4,1.4,294.5,434.8,1.0,1.0,0.15
0565920010300300010108,San Juan de Urabá,22.5,22.5,285.3,423.0,0.65,0.65,0.15
0565920020300400010101,San Juan de Urabá,32.0,32.0,142.7,226.7,0.4,0.4,0.15
0565920010100500010104,San Juan de Urabá,19.9,19.9,162.6,244.9,0.65,0.65,0.15
0565920010200600010110,San Juan de Urabá,23.3,23.3,277.0,415.1,0.65,0.65,0.15
0566510000000000010661,San Pedro de Urabá,1.5,1.0,120.4,256.7,1.0,1.0,0.15
0566510000000000010852,San Pedro de Urabá,3.1,1.7,120.9,258.0,1.0,1.0,0.15
0566520040200800010110,San Pedro de Urabá,79.8,6.4,182.8,326.3,0.15,0.85,0.15
0583720090700100010307,Turbo,1.4,2.6,2.0,87.7,1.0,1.0,0.15
0583720090700100020111,Turbo,1.4,0.6,0.4,87.4,1.0,1.0,0.15
0583720090700100020209,Turbo,2.0,1.4,1.1,89.2,1.0,1.0,0.15
0583720100700200020306,Turbo,38.6,1.0,1.4,53.0,0.4,1.0,0.4
0583720100700200020513,Turbo,37.0,2.3,0.6,52.4,0.4,1.0,0.4
0583720050202800010104,Turbo,30.4,0.3,49.0,135.6,0.4,1.0,0.15
0583720090103900010101,Turbo,10.3,4.1,10.9,85.8,0.85,1.0,0.15
0549020120600100010207,Necoclí,61.9,1.5,62.5,138.1,0.15,1.0,0.15
0549020120600100010209,Necoclí,102.6,2.5,103.7,229.7,0.15,1.0,0.15
0504520020500200010212,Apartadó,14.3,1.0,8.6,30.5,0.85,1.0,0.4
0504520020300900010123,Apartadó,22.3,1.9,0.3,30.5,0.65,1.0,0.4
0504520020300900010128,Apartadó,23.1,1.9,1.0,30.2,0.65,1.0,0.4
0504520010101600010102,Apartadó,21.0,3.2,8.9,22.0,0.65,1.0,0.65
0505110000000000010232,Arboletes,0.1,0.1,339.5,482.6,1.0,1.0,0.15
0505110000000000010540,Arboletes,2.8,4.3,336.9,479.7,1.0,1.0,0.15
0505110000000000011004,Arboletes,0.2,0.9,203.3,289.1,1.0,1.0,0.15
0505110000000000011024,Arboletes,1.7,2.6,337.3,480.3,1.0,1.0,0.15
0505110000000000011120,Arboletes,3.5,3.5,335.9,479.0,1.0,1.0,0.15
0505120030200900010111,Arboletes,36.4,35.4,139.4,224.7,0.4,0.4,0.15
0514710000000000010134,Carepa,4.3,1.9,1.4,36.9,1.0,1.0,0.4
0514710000000000020727,Carepa,2.7,0.9,3.2,43.8,1.0,1.0,0.4
0583720100700200010314,Turbo,39.9,0.7,0.3,53.2,0.4,1.0,0.4
0583720090600300010210,Turbo,18.8,0.2,0.3,68.9,0.65,1.0,0.15
0583720020101300010205,Turbo,61.4,0.5,125.1,269.9,0.15,1.0,0.15
0583720010203800010108,Turbo,11.0,10.3,63.1,147.4,0.85,0.85,0.15
0583720090103900010104,Turbo,10.3,3.5,10.8,85.5,0.85,1.0,0.15
0514710000000000020913,Carepa,5.1,2.1,5.6,44.3,0.85,1.0,0.4
0514720011001000010133,Carepa,17.1,2.5,1.5,32.8,0.65,1.0,0.4
0514710000000000020245,Carepa,4.8,1.8,4.7,42.9,1.0,1.0,0.4
0514710000000000010315,Carepa,4.8,1.5,0.8,37.6,1.0,1.0,0.4
0514710000000000010411,Carepa,3.8,0.5,0.4,38.1,1.0,1.0,0.4
0514710000000000010520,Carepa,3.1,0.5,1.9,40.4,1.0,1.0,0.4
0514710000000000010610,Carepa,3.9,0.9,2.7,40.6,1.0,1.0,0.4
0514710000000000020223,Carepa,5.9,2.3,5.8,43.5,0.85,1.0,0.4
0514710000000000020424,Carepa,1.3,1.4,1.7,41.6,1.0,1.0,0.4
0514710000000000030201,Carepa,2.4,1.1,0.4,38.9,1.0,1.0,0.4
0514720010700700010107,Carepa,24.9,9.6,20.1,31.1,0.65,0.85,0.4
0514720010700700010120,Carepa,15.1,5.7,12.2,18.3,0.65,0.85,0.65
0514720011001000010134,Carepa,17.1,2.5,1.6,32.9,0.65,1.0,0.4
0517210000000000010506,Chigorodó,39.4,0.5,2.9,68.5,0.4,1.0,0.15
0517210000000000020328,Chigorodó,39.2,0.6,0.4,70.1,0.4,1.0,0.15
0517210000000000020331,Chigorodó,39.7,0.4,1.0,71.2,0.4,1.0,0.15
0517210000000000040104,Chigorodó,37.1,0.4,0.5,67.3,0.4,1.0,0.15
0517210000000000060201,Chigorodó,40.3,0.4,0.4,72.0,0.4,1.0,0.15
0549020030200400010103,Necoclí,34.6,34.6,154.8,235.2,0.4,0.4,0.15
0549020030200400010112,Necoclí,57.8,57.8,257.2,391.3,0.4,0.4,0.15
0565910000000000010127,San Juan de Urabá,3.4,3.4,287.9,427.9,1.0,1.0,0.15
0566510000000000020120,San Pedro de Urabá,2.5,2.4,117.1,253.0,1.0,1.0,0.15
0504520020300900010312,Apartadó,21.9,3.3,1.5,31.9,0.65,1.0,0.4
0504520010301100010219,Apartadó,6.4,1.9,1.1,39.9,0.85,1.0,0.4
0505110000000000010530,Arboletes,1.7,2.5,202.7,288.4,1.0,1.0,0.15
0514710000000000010707,Carepa,2.9,0.4,2.5,41.2,1.0,1.0,0.4
0514710000000000010128,Carepa,1.9,0.6,0.4,22.8,1.0,1.0,0.65
0514710000000000030618,Carepa,2.1,1.5,2.2,43.3,1.0,1.0,0.4
0517220070300300010104,Chigorodó,82.9,3.4,28.7,111.4,0.15,1.0,0.15
0517220100400700010114,Chigorodó,54.2,0.6,15.8,76.4,0.4,1.0,0.15
0549010000000000010701,Necoclí,153.0,1.4,154.0,279.6,0.15,1.0,0.15
0549020120600100010421,Necoclí,62.2,0.5,62.9,138.4,0.15,1.0,0.15
0549020120300300010140,Necoclí,78.9,0.3,81.7,161.5,0.15,1.0,0.15
0549020120100700010105,Necoclí,84.5,3.9,85.2,160.7,0.15,1.0,0.15
0549020090501500010120,Necoclí,114.2,0.1,154.0,294.7,0.15,1.0,0.15
0566510000000000010115,San Pedro de Urabá,2.0,0.4,120.1,255.8,1.0,1.0,0.15
0566510000000000010205,San Pedro de Urabá,0.5,0.7,118.7,254.9,1.0,1.0,0.15
0566510000000000010657,San Pedro de Urabá,1.5,1.5,120.5,256.7,1.0,1.0,0.15
0566510000000000010801,San Pedro de Urabá,2.0,0.7,119.6,256.8,1.0,1.0,0.15
0566520020300300010105,San Pedro de Urabá,117.8,48.2,234.5,373.1,0.15,0.4,0.15
0583720090700100010225,Turbo,3.2,4.4,1.8,87.3,1.0,1.0,0.15
0583720090700100020210,Turbo,2.0,1.3,0.9,89.1,1.0,1.0,0.15
0583720090700100020221,Turbo,2.4,1.3,0.3,88.7,1.0,1.0,0.15
0583720090700100020372,Turbo,3.3,2.9,1.9,90.7,1.0,1.0,0.15
0583720090700100020423,Turbo,4.1,3.4,1.5,90.7,1.0,1.0,0.15
0583720100700200020403,Turbo,38.2,1.1,1.1,52.5,0.4,1.0,0.4
0583720090600300010120,Turbo,30.8,0.4,0.2,115.4,0.4,1.0,0.15
0583720030700600010105,Turbo,62.6,0.7,63.7,189.3,0.15,1.0,0.15
0583720090402400010101,Turbo,11.7,4.8,1.0,121.8,0.85,1.0,0.15
0583720090602600010108,Turbo,18.5,0.1,1.3,103.2,0.65,1.0,0.15
0583720030803200010109,Turbo,20.5,0.4,21.0,74.9,0.65,1.0,0.15
0583720010203800010102,Turbo,7.9,7.0,66.1,149.9,0.85,0.85,0.15
0505110000000000010331,Arboletes,1.5,1.4,337.9,481.0,1.0,1.0,0.15
0504520030101500010124,Apartadó,20.1,2.2,2.1,32.9,0.65,1.0,0.4
0504520010101400010115,Apartadó,44.9,0.9,16.5,39.7,0.4,1.0,0.4
0505110000000000011106,Arboletes,2.6,2.5,336.9,480.0,1.0,1.0,0.15
0505120030101100010137,Arboletes,58.6,58.6,250.1,393.8,0.4,0.4,0.15
0514710000000000010715,Carepa,2.4,0.6,2.2,41.2,1.0,1.0,0.4
0549010000000000010428,Necoclí,88.3,0.7,88.9,164.2,0.15,1.0,0.15
0549020120600100010314,Necoclí,103.1,4.0,104.2,230.1,0.15,1.0,0.15
0549010000000000010123,Necoclí,64.5,0.6,64.9,118.7,0.15,1.0,0.15
0549020030300200010220,Necoclí,60.8,36.3,143.5,219.6,0.15,0.4,0.15
0565910000000000010219,San Juan de Urabá,1.3,1.3,292.2,432.3,1.0,1.0,0.15
0566510000000000010426,San Pedro de Urabá,3.7,1.9,118.4,253.6,1.0,1.0,0.15
0583720090700100010222,Turbo,1.9,3.1,2.5,87.9,1.0,1.0,0.15
0583720090600300010207,Turbo,30.8,0.6,0.8,114.4,0.4,1.0,0.15
0583720090600300010217,Turbo,18.7,0.2,0.2,68.6,0.65,1.0,0.15
0583720090600300010316,Turbo,30.7,0.4,0.8,112.9,0.4,1.0,0.15
0583720090600300010320,Turbo,30.5,0.7,1.0,112.6,0.4,1.0,0.15
0583720020101300010104,Turbo,37.5,0.4,75.3,162.2,0.4,1.0,0.15
0583720090302300010111,Turbo,5.7,1.1,1.9,71.8,0.85,1.0,0.15
0583720090102700010102,Turbo,11.1,0.6,8.7,83.2,0.85,1.0,0.15
0514710000000000010711,Carepa,2.4,1.0,1.8,40.7,1.0,1.0,0.4
0514710000000000010732,Carepa,3.1,0.5,2.6,41.2,1.0,1.0,0.4
0514710000000000030506,Carepa,1.1,2.6,0.3,41.2,1.0,1.0,0.4
0514710000000000030517,Carepa,1.2,2.4,0.4,40.9,1.0,1.0,0.4
0514710000000000030532,Carepa,1.1,1.4,0.7,24.1,1.0,1.0,0.65
0514720010700700010106,Carepa,24.7,9.6,20.0,31.5,0.65,0.85,0.4
0517210000000000010604,Chigorodó,40.0,0.4,2.9,69.3,0.4,1.0,0.15
0517210000000000010612,Chigorodó,23.7,0.1,1.4,41.5,0.65,1.0,0.4
0517210000000000020301,Chigorodó,40.0,0.7,1.4,70.3,0.4,1.0,0.15
0517210000000000020418,Chigorodó,42.3,1.5,3.6,72.2,0.4,1.0,0.15
0517210000000000020509,Chigorodó,43.5,1.7,4.5,73.6,0.4,1.0,0.15
0517210000000000040113,Chigorodó,37.1,0.1,0.8,67.1,0.4,1.0,0.15
0517210000000000050126,Chigorodó,38.6,0.9,0.3,69.3,0.4,1.0,0.15
0517210000000000060111,Chigorodó,40.3,0.4,1.6,71.4,0.4,1.0,0.15
0517210000000000060123,Chigorodó,40.4,0.8,0.8,71.9,0.4,1.0,0.15
0517210000000000060126,Chigorodó,40.3,0.6,0.6,71.9,0.4,1.0,0.15
0517210000000000060435,Chigorodó,25.2,0.0,1.7,43.6,0.65,1.0,0.4
0517210000000000060909,Chigorodó,43.2,1.1,3.6,73.8,0.4,1.0,0.15
0549020030200400010110,Necoclí,34.9,34.9,154.4,234.8,0.4,0.4,0.15
0565910000000000010228,San Juan de Urabá,1.6,1.6,292.3,432.4,1.0,1.0,0.15
0565910000000000010501,San Juan de Urabá,1.1,1.1,296.6,437.0,1.0,1.0,0.15
0566510000000000020117,San Pedro de Urabá,2.2,2.1,117.5,253.3,1.0,1.0,0.15
0583720110201800010315,Turbo,34.1,7.4,29.0,79.7,0.4,0.85,0.15
0514710000000000020618,Carepa,1.7,0.5,2.3,42.5,1.0,1.0,0.4
0549020090501500010114,Necoclí,114.4,0.6,154.5,295.2,0.15,1.0,0.15
0505110000000000010810,Arboletes,0.3,2.9,339.9,483.1,1.0,1.0,0.15
0505110000000000010812,Arboletes,0.5,3.2,339.9,483.2,1.0,1.0,0.15
0505110000000000011029,Arboletes,1.4,2.1,337.6,480.6,1.0,1.0,0.15
0505120030200800010108,Arboletes,68.5,56.8,231.4,374.7,0.15,0.4,0.15
0514720010601300010101,Carepa,17.8,17.8,2.7,2.5,0.65,0.65,1.0
0549010000000000010126,Necoclí,150.3,0.8,151.3,276.8,0.15,1.0,0.15
0566510000000000010841,San Pedro de Urabá,1.1,1.1,117.2,254.3,1.0,1.0,0.15
0566520040200800010104,San Pedro de Urabá,80.7,6.8,183.7,327.3,0.15,0.85,0.15
0583720090700100010142,Turbo,0.5,1.2,1.2,53.3,1.0,1.0,0.4
0583720090700100020312,Turbo,3.1,2.4,1.0,89.9,1.0,1.0,0.15
0583720090700100020369,Turbo,3.5,3.4,2.6,91.3,1.0,1.0,0.15
0583720050200500010118,Turbo,23.1,0.4,47.8,131.5,0.65,1.0,0.15
0583720050200500010126,Turbo,37.6,0.8,80.8,220.5,0.4,1.0,0.15
0583720030700600010104,Turbo,37.2,0.1,37.8,113.2,0.4,1.0,0.15
0504520020300900010313,Apartadó,21.9,3.4,1.6,32.0,0.65,1.0,0.4
0504520010101400010111,Apartadó,44.4,0.2,15.7,40.1,0.4,1.0,0.4
0505110000000000010315,Arboletes,0.8,0.8,338.6,481.6,1.0,1.0,0.15
0505110000000000010323,Arboletes,2.2,2.1,337.4,480.5,1.0,1.0,0.15
0505120030200900010101,Arboletes,35.7,35.7,140.2,225.4,0.4,0.4,0.15
0505120030101100010120,Arboletes,58.2,58.2,251.0,394.7,0.4,0.4,0.15
0514710000000000010607,Carepa,3.5,1.0,2.6,40.9,1.0,1.0,0.4
0514710000000000020701,Carepa,1.4,0.6,2.0,42.4,1.0,1.0,0.4
0517220100400700010110,Chigorodó,89.1,0.9,25.2,126.2,0.15,1.0,0.15
0549010000000000010232,Necoclí,146.9,0.6,147.9,273.3,0.15,1.0,0.15
0549010000000000010410,Necoclí,88.5,0.6,89.1,164.4,0.15,1.0,0.15
0549010000000000010914,Necoclí,153.6,2.8,154.7,280.4,0.15,1.0,0.15
0549020120600100010313,Necoclí,61.8,2.6,62.5,138.0,0.15,1.0,0.15
0549020120600600010116,Necoclí,72.5,1.4,73.2,148.7,0.15,1.0,0.15
0549020120301000010108,Necoclí,75.4,0.4,81.6,162.6,0.15,1.0,0.15
0566510000000000010122,San Pedro de Urabá,0.7,0.4,71.8,153.3,1.0,1.0,0.15
0566510000000000010345,San Pedro de Urabá,1.1,0.6,70.1,152.0,1.0,1.0,0.15
0583720090600300010340,Turbo,16.4,2.0,0.5,66.2,0.65,1.0,0.15
0583720090700100020116,Turbo,1.3,0.7,0.1,52.2,1.0,1.0,0.4
0583720090700100020218,Turbo,1.7,0.5,0.5,88.3,1.0,1.0,0.15
0583720100700200010209,Turbo,39.9,0.5,1.4,54.1,0.4,1.0,0.4
0583720100700200010401,Turbo,39.8,0.4,0.7,53.4,0.4,1.0,0.4
0583720100700200020311,Turbo,38.2,1.4,1.5,53.2,0.4,1.0,0.4
0583720070201200010112,Turbo,72.0,0.0,49.5,193.5,0.15,1.0,0.15
0583720020101300010108,Turbo,62.1,0.5,125.5,270.2,0.15,1.0,0.15
0583720020101300010209,Turbo,36.7,0.4,74.8,161.7,0.4,1.0,0.15
0583720090302500010104,Turbo,9.5,3.4,9.7,133.9,0.85,1.0,0.15
0583720090602600010107,Turbo,18.7,0.3,1.1,103.3,0.65,1.0,0.15
0583720030803200010102,Turbo,31.1,2.0,31.7,107.2,0.4,1.0,0.15
0583720030803200010114,Turbo,31.7,2.6,32.3,107.9,0.4,1.0,0.15
0583720050603700010108,Turbo,53.0,15.0,66.0,207.4,0.4,0.85,0.15
0514710000000000010506,Carepa,4.0,0.4,1.9,39.8,1.0,1.0,0.4
0514710000000000010527,Carepa,4.1,0.6,1.5,39.4,1.0,1.0,0.4
0514710000000000010705,Carepa,2.6,0.9,1.8,40.6,1.0,1.0,0.4
0514710000000000020216,Carepa,3.1,1.3,2.9,25.6,1.0,1.0,0.65
0514710000000000020318,Carepa,1.9,0.1,2.2,25.7,1.0,1.0,0.65
0514710000000000020503,Carepa,1.1,1.2,1.6,41.7,1.0,1.0,0.4
0514710000000000030425,Carepa,1.1,1.9,1.1,42.2,1.0,1.0,0.4
0514720011001000010122,Carepa,17.5,3.0,1.9,33.2,0.65,1.0,0.4
0517210000000000010324,Chigorodó,40.4,0.2,3.9,69.0,0.4,1.0,0.15
0517210000000000010537,Chigorodó,41.5,1.1,4.0,70.5,0.4,1.0,0.15
0517210000000000020213,Chigorodó,40.8,1.4,2.1,71.1,0.4,1.0,0.15
0517210000000000020408,Chigorodó,41.6,2.1,3.2,71.3,0.4,1.0,0.15
0517210000000000050201,Chigorodó,37.5,0.2,1.2,68.8,0.4,1.0,0.15
0517210000000000050701,Chigorodó,38.4,1.2,1.9,71.0,0.4,1.0,0.15
0517210000000000060622,Chigorodó,41.5,0.6,1.8,73.7,0.4,1.0,0.15
0517210000000000060818,Chigorodó,42.8,0.8,3.6,73.2,0.4,1.0,0.15
0517210000000000061009,Chigorodó,43.1,1.1,3.1,75.0,0.4,1.0,0.15
0566510000000000011003,San Pedro de Urabá,2.4,1.5,51.2,110.4,1.0,1.0,0.15
0583720110201800010111,Turbo,56.1,13.1,46.9,132.8,0.4,0.85,0.15
0583720110201800010316,Turbo,33.4,8.1,28.6,79.1,0.4,0.85,0.15
0504520020500200010216,Apartadó,14.5,1.7,9.1,30.0,0.85,1.0,0.65
0504520010101400010101,Apartadó,26.5,0.3,9.1,24.3,0.65,1.0,0.65
0505110000000000010228,Arboletes,0.8,1.0,340.3,483.4,1.0,1.0,0.15
0514710000000000010605,Carepa,3.2,0.7,2.5,41.0,1.0,1.0,0.4
0514710000000000030616,Carepa,1.8,2.1,1.6,42.7,1.0,1.0,0.4
0517220060501400010102,Chigorodó,30.4,5.8,7.5,47.0,0.4,0.85,0.4
0517220060501400010103,Chigorodó,50.7,9.4,12.2,78.6,0.4,0.85,0.15
0549010000000000010334,Necoclí,150.2,0.6,151.2,276.7,0.15,1.0,0.15
0549010000000000010822,Necoclí,153.0,1.7,154.0,279.6,0.15,1.0,0.15
0549020040400900010123,Necoclí,112.9,24.1,197.9,328.8,0.15,0.65,0.15
0583720090700100010311,Turbo,1.0,2.1,1.5,87.8,1.0,1.0,0.15
0583720090700100020206,Turbo,1.2,0.9,1.3,88.8,1.0,1.0,0.15
0583720090700100020371,Turbo,2.9,2.5,1.6,90.3,1.0,1.0,0.15
0583720100700200020218,Turbo,38.8,0.8,1.4,53.1,0.4,1.0,0.4
0583720090600300010114,Turbo,30.6,0.1,0.3,115.3,0.4,1.0,0.15
0583720030700600010107,Turbo,62.4,0.5,63.4,189.0,0.15,1.0,0.15
0583720100400800010405,Turbo,16.8,1.5,1.9,64.7,0.65,1.0,0.15
0583720070201200010115,Turbo,43.3,0.2,29.5,115.9,0.4,1.0,0.15
0504520010101600010107,Apartadó,35.0,5.3,15.6,35.9,0.4,0.85,0.4
0505110000000000010218,Arboletes,0.2,0.2,339.2,482.3,1.0,1.0,0.15
0505110000000000010705,Arboletes,0.7,2.3,339.4,482.6,1.0,1.0,0.15
0505110000000000010908,Arboletes,0.5,3.1,340.4,483.6,1.0,1.0,0.15
0505120030200900010113,Arboletes,60.8,58.9,232.3,374.3,0.15,0.4,0.15
0514710000000000030221,Carepa,0.9,1.6,0.4,40.4,1.0,1.0,0.4
0549010000000000010326,Necoclí,89.1,0.4,89.7,165.0,0.15,1.0,0.15
0549020120300300010104,Necoclí,79.5,0.0,82.9,162.7,0.15,1.0,0.15
0565920010300300010104,San Juan de Urabá,23.2,23.2,284.9,422.4,0.65,0.65,0.15
0566510000000000011011,San Pedro de Urabá,4.7,2.5,119.6,257.5,1.0,1.0,0.15
0566520040200200010110,San Pedro de Urabá,60.8,0.5,175.8,315.4,0.15,1.0,0.15
0583720090700100010121,Turbo,2.1,3.4,2.7,88.1,1.0,1.0,0.15
0583720090700100010507,Turbo,1.2,2.2,1.4,87.3,1.0,1.0,0.15
0583720090700100020207,Turbo,1.3,0.8,1.1,88.7,1.0,1.0,0.15
0583720090700100020216,Turbo,2.2,1.3,0.5,88.8,1.0,1.0,0.15
0583720090700100020328,Turbo,4.0,3.7,2.5,91.4,1.0,1.0,0.15
0583720090700100020357,Turbo,4.0,3.4,1.7,90.8,1.0,1.0,0.15
0583720090700100020363,Turbo,2.4,1.8,1.2,89.6,1.0,1.0,0.15
0583720090700100020434,Turbo,4.5,3.5,1.3,90.1,1.0,1.0,0.15
0583720090700100020528,Turbo,1.8,1.0,0.3,52.7,1.0,1.0,0.4
0583720100400800010110,Turbo,16.8,1.4,2.3,64.5,0.65,1.0,0.15
0583720050604200010105,Turbo,37.9,0.3,38.6,125.3,0.4,1.0,0.15
0514710000000000010337,Carepa,5.0,1.6,0.9,37.2,1.0,1.0,0.4
0514720010700700010114,Carepa,25.5,9.9,20.7,30.6,0.65,0.85,0.4
0514710000000000020236,Carepa,6.4,3.3,6.7,44.8,0.85,1.0,0.4
0514710000000000030210,Carepa,1.6,0.9,0.3,39.6,1.0,1.0,0.4
0514710000000000030309,Carepa,1.3,1.4,1.3,40.8,1.0,1.0,0.4
0514720010700700010122,Carepa,25.1,9.7,20.3,30.8,0.65,0.85,0.4
0514720011001000010108,Carepa,17.8,3.2,1.4,32.6,0.65,1.0,0.4
0514720011001000010131,Carepa,17.2,2.7,1.6,32.9,0.65,1.0,0.4
0517210000000000010215,Chigorodó,41.5,1.3,4.8,69.9,0.4,1.0,0.15
0517210000000000010316,Chigorodó,39.4,0.6,3.2,68.2,0.4,1.0,0.15
0517210000000000050810,Chigorodó,39.9,0.4,0.3,71.9,0.4,1.0,0.15
0517210000000000050427,Chigorodó,39.4,0.9,0.8,71.6,0.4,1.0,0.15
0517210000000000060101,Chigorodó,40.1,0.1,1.4,71.0,0.4,1.0,0.15
0517210000000000060312,Chigorodó,40.7,1.0,1.1,72.1,0.4,1.0,0.15
0517210000000000060821,Chigorodó,42.6,1.0,2.8,73.6,0.4,1.0,0.15
0565910000000000010122,San Juan de Urabá,3.0,3.0,291.5,431.3,1.0,1.0,0.15
0583720110201800010105,Turbo,56.1,13.1,46.7,132.9,0.4,0.85,0.15
0583720110201800010312,Turbo,33.6,8.0,28.7,79.3,0.4,0.85,0.15
0583720110201800010330,Turbo,33.8,7.8,29.2,79.3,0.4,0.85,0.15
0583720100700200020408,Turbo,38.3,0.9,0.9,52.2,0.4,1.0,0.4
0514710000000000030439,Carepa,0.3,2.1,0.5,41.4,1.0,1.0,0.4
0517220100400700010116,Chigorodó,89.3,0.9,25.8,126.6,0.15,1.0,0.15
0549020120600100010408,Necoclí,104.4,0.3,105.5,231.5,0.15,1.0,0.15
0549020120100700010111,Necoclí,84.1,3.1,84.7,160.3,0.15,1.0,0.15
0565920010200600010101,San Juan de Urabá,23.0,23.0,277.2,415.3,0.65,0.65,0.15
0566510000000000010354,San Pedro de Urabá,3.0,0.5,115.4,251.9,1.0,1.0,0.15
0566520010100400010108,San Pedro de Urabá,126.5,35.7,236.5,379.0,0.15,0.4,0.15
0583720090700100010205,Turbo,2.2,3.4,2.7,87.9,1.0,1.0,0.15
0583720090302300010102,Turbo,7.9,0.6,3.5,120.3,0.85,1.0,0.15
0583720090700100010412,Turbo,2.8,3.7,2.8,86.4,1.0,1.0,0.15
0583720100400800010312,Turbo,10.7,0.2,0.5,39.5,0.85,1.0,0.4
0504520010101600010119,Apartadó,34.3,4.6,16.1,35.4,0.4,1.0,0.4
0504520020500200010209,Apartadó,14.3,0.7,8.5,30.7,0.85,1.0,0.4
0504520020300900010218,Apartadó,12.9,0.6,0.9,17.6,0.85,1.0,0.65
0505110000000000010133,Arboletes,0.5,1.6,340.0,483.2,1.0,1.0,0.15
0505120050401400010110,Arboletes,94.4,0.5,191.4,335.8,0.15,1.0,0.15
0514710000000000020120,Carepa,3.7,0.9,3.1,41.4,1.0,1.0,0.4
0514710000000000020211,Carepa,4.9,1.9,4.9,43.1,1.0,1.0,0.4
0514710000000000020704,Carepa,2.4,0.4,2.9,43.2,1.0,1.0,0.4
0517220100400700010115,Chigorodó,89.0,0.7,25.3,126.2,0.15,1.0,0.15
0583720100700200020508,Turbo,37.5,1.8,0.6,52.5,0.4,1.0,0.4
0549010000000000010832,Necoclí,152.9,1.8,153.9,279.5,0.15,1.0,0.15
0549020120600100010420,Necoclí,103.1,1.5,104.2,230.2,0.15,1.0,0.15
0549020120600100010425,Necoclí,63.2,0.7,63.9,139.5,0.15,1.0,0.15
0549020030300200010125,Necoclí,99.6,63.8,242.6,369.4,0.15,0.15,0.15
0549020120300300010135,Necoclí,132.2,0.8,137.5,270.4,0.15,1.0,0.15
0565910000000000010142,San Juan de Urabá,1.3,1.3,290.2,430.2,1.0,1.0,0.15
0565910000000000010514,San Juan de Urabá,0.6,0.6,295.0,435.4,1.0,1.0,0.15
0566510000000000010154,San Pedro de Urabá,1.9,0.5,120.7,256.6,1.0,1.0,0.15
0566510000000000010203,San Pedro de Urabá,0.5,0.5,118.6,254.8,1.0,1.0,0.15
0566510000000000010741,San Pedro de Urabá,2.5,0.8,118.8,254.3,1.0,1.0,0.15
0583720090700100010113,Turbo,1.8,3.2,2.6,88.2,1.0,1.0,0.15
0583720090700100010130,Turbo,2.1,3.4,2.3,88.9,1.0,1.0,0.15
0583720090700100010405,Turbo,2.5,3.6,2.8,87.0,1.0,1.0,0.15
0583720090700100020118,Turbo,1.5,0.7,0.3,52.3,1.0,1.0,0.4
0583720090700100020319,Turbo,2.5,1.6,0.8,89.2,1.0,1.0,0.15
0583720100700200010103,Turbo,25.0,0.7,0.9,32.5,0.65,1.0,0.4
0583720100400800010406,Turbo,17.0,1.3,1.7,64.9,0.65,1.0,0.15
0583720090602600010118,Turbo,18.1,0.8,2.0,103.2,0.65,1.0,0.15
0583720090603100010113,Turbo,17.3,4.4,4.0,99.6,0.65,1.0,0.15
0583720050604200010102,Turbo,37.7,0.2,38.3,124.9,0.4,1.0,0.15
0514710000000000010130,Carepa,1.7,0.7,0.5,23.1,1.0,1.0,0.65
0514710000000000010404,Carepa,4.2,0.6,0.2,37.6,1.0,1.0,0.4
0514710000000000010721,Carepa,2.1,0.8,2.2,41.4,1.0,1.0,0.4
0514710000000000020225,Carepa,6.8,2.5,6.8,44.4,0.85,1.0,0.4
0514710000000000020243,Carepa,2.8,1.0,2.5,25.4,1.0,1.0,0.65
0514710000000000020906,Carepa,5.6,2.5,6.1,44.6,0.85,1.0,0.4
0514710000000000030119,Carepa,1.5,0.6,0.7,39.7,1.0,1.0,0.4
0514710000000000030427,Carepa,0.9,2.1,0.7,41.8,1.0,1.0,0.4
0514710000000000030503,Carepa,1.8,3.2,1.0,41.5,1.0,1.0,0.4
0514710000000000030628,Carepa,2.1,1.9,2.0,43.1,1.0,1.0,0.4
0514720011001000010103,Carepa,18.2,3.7,1.9,32.9,0.65,1.0,0.4
0517210000000000010105,Chigorodó,39.8,0.5,4.3,67.9,0.4,1.0,0.15
0517210000000000020108,Chigorodó,40.2,1.3,2.0,70.1,0.4,1.0,0.15
0517210000000000020222,Chigorodó,25.1,0.7,1.9,43.2,0.65,1.0,0.4
0517210000000000020232,Chigorodó,24.4,0.8,1.3,42.5,0.65,1.0,0.4
0517210000000000020315,Chigorodó,23.7,0.1,0.5,42.2,0.65,1.0,0.4
0517210000000000020404,Chigorodó,24.8,1.1,1.8,42.6,0.65,1.0,0.4
0517210000000000020501,Chigorodó,42.7,1.2,3.9,72.8,0.4,1.0,0.15
0517210000000000030113,Chigorodó,23.0,0.2,1.0,40.8,0.65,1.0,0.4
0517210000000000050208,Chigorodó,37.6,0.5,1.4,69.1,0.4,1.0,0.15
0517210000000000050304,Chigorodó,22.7,0.3,1.0,41.7,0.65,1.0,0.4
0517210000000000050602,Chigorodó,38.5,0.6,0.3,69.5,0.4,1.0,0.15
0517210000000000050804,Chigorodó,39.6,0.8,0.7,71.7,0.4,1.0,0.15
0517210000000000060212,Chigorodó,41.1,0.5,1.0,72.9,0.4,1.0,0.15
0517210000000000060712,Chigorodó,42.6,1.3,2.6,74.0,0.4,1.0,0.15
0517210000000000060721,Chigorodó,42.3,0.3,2.5,74.4,0.4,1.0,0.15
0565910000000000010523,San Juan de Urabá,0.4,0.4,177.0,261.2,1.0,1.0,0.15
0583720110201800010313,Turbo,55.2,14.0,47.3,131.6,0.4,0.85,0.15
0583720110201800010314,Turbo,55.4,13.8,47.3,131.9,0.4,0.85,0.15
0504520020500200010111,Apartadó,14.6,1.1,8.9,30.3,0.85,1.0,0.4
0504520020300900010105,Apartadó,23.0,1.4,1.0,29.7,0.65,1.0,0.65
0505110000000000010603,Arboletes,0.9,1.4,203.1,289.0,1.0,1.0,0.15
0505110000000000011121,Arboletes,2.3,2.3,201.3,287.1,1.0,1.0,0.15
0505120020500300010111,Arboletes,92.4,55.6,243.7,388.5,0.15,0.4,0.15
0505120020500300010114,Arboletes,91.4,57.3,245.3,390.1,0.15,0.4,0.15
0505120060600500010103,Arboletes,115.5,20.3,219.2,363.1,0.15,0.65,0.15
0505120050401400010106,Arboletes,93.9,0.2,190.8,335.2,0.15,1.0,0.15
0514710000000000020113,Carepa,3.5,0.6,3.1,41.5,1.0,1.0,0.4
0514710000000000020622,Carepa,2.4,0.4,2.9,43.1,1.0,1.0,0.4
0514710000000000030508,Carepa,1.3,2.9,0.6,41.4,1.0,1.0,0.4
0549010000000000010124,Necoclí,150.6,0.9,151.6,277.1,0.15,1.0,0.15
0549010000000000010705,Necoclí,152.8,1.3,153.8,279.4,0.15,1.0,0.15
0549020120600100010414,Necoclí,104.9,0.4,106.0,232.0,0.15,1.0,0.15
0583720090700100020373,Turbo,4.2,3.7,2.0,91.2,1.0,1.0,0.15
0566510000000000010161,San Pedro de Urabá,0.9,0.3,71.9,153.4,1.0,1.0,0.15
0583720090700100010203,Turbo,2.9,4.1,2.0,87.6,1.0,1.0,0.15
0583720090700100020337,Turbo,3.3,3.0,2.1,90.9,1.0,1.0,0.15
0583720090600300010102,Turbo,29.9,0.6,0.5,115.3,0.65,1.0,0.15
0583720090600300010109,Turbo,30.2,0.4,0.7,115.0,0.4,1.0,0.15
0583720100400800010311,Turbo,17.5,0.4,0.7,65.6,0.65,1.0,0.15
0583720090102700010108,Turbo,18.6,1.2,14.8,139.0,0.65,1.0,0.15
0583720010203800010103,Turbo,8.4,7.2,66.0,149.9,0.85,0.85,0.15
0504520050300100010106,Apartadó,22.5,0.4,21.8,75.3,0.65,1.0,0.15
0504520020500200010107,Apartadó,14.8,1.0,9.0,30.3,0.85,1.0,0.4
0504520020500200010214,Apartadó,14.4,1.3,8.8,30.3,0.85,1.0,0.4
0505110000000000010542,Arboletes,1.0,1.9,202.5,288.3,1.0,1.0,0.15
0514710000000000010308,Carepa,3.6,0.4,0.2,37.9,1.0,1.0,0.4
0514710000000000020309,Carepa,2.7,0.7,3.2,43.4,1.0,1.0,0.4
0514710000000000020512,Carepa,1.0,1.4,1.2,42.2,1.0,1.0,0.4
0514710000000000020614,Carepa,2.4,0.6,3.0,42.9,1.0,1.0,0.4
0549010000000000010207,Necoclí,89.0,0.4,89.6,164.8,0.15,1.0,0.15
0549010000000000010327,Necoclí,148.7,0.9,149.8,275.3,0.15,1.0,0.15
0549010000000000010805,Necoclí,153.5,2.3,154.6,280.2,0.15,1.0,0.15
0549020090501500010117,Necoclí,114.4,0.4,154.3,295.0,0.15,1.0,0.15
0565920020500200010106,San Juan de Urabá,20.0,20.0,158.5,243.8,0.65,0.65,0.15
0565920010100500010119,San Juan de Urabá,19.9,19.9,162.0,244.3,0.65,0.65,0.15
0566510000000000010545,San Pedro de Urabá,0.7,0.3,71.5,153.5,1.0,1.0,0.15
0566510000000000010742,San Pedro de Urabá,2.7,1.1,118.5,254.0,1.0,1.0,0.15
0566510000000000010838,San Pedro de Urabá,1.5,0.9,119.3,256.3,1.0,1.0,0.15
0583720090700100010505,Turbo,1.5,2.6,1.8,87.3,1.0,1.0,0.15
0583720090700100020318,Turbo,2.8,2.0,0.8,89.5,1.0,1.0,0.15
0583720090700100020370,Turbo,3.8,3.6,2.6,91.4,1.0,1.0,0.15
0583720100700200010116,Turbo,40.7,0.6,0.6,53.7,0.4,1.0,0.4
0583720100700200010404,Turbo,39.6,0.1,1.1,53.7,0.4,1.0,0.4
0583720090600300010113,Turbo,30.1,0.4,0.5,115.3,0.4,1.0,0.15
0583720090402400010128,Turbo,11.8,4.3,1.8,120.6,0.85,1.0,0.15
0583720090602600010104,Turbo,18.4,0.1,1.5,103.0,0.65,1.0,0.15
0583720090602600010112,Turbo,18.5,0.4,1.5,103.3,0.65,1.0,0.15
0583720090103900010110,Turbo,16.5,5.8,17.4,142.2,0.65,0.85,0.15
0583720240204300010103,Turbo,100.0,14.9,100.1,192.5,0.15,0.85,0.15
0514710000000000010511,Carepa,2.0,0.1,0.9,23.8,1.0,1.0,0.65
0514710000000000010523,Carepa,4.8,1.4,1.6,38.8,1.0,1.0,0.4
0514710000000000010609,Carepa,3.4,0.5,2.3,40.5,1.0,1.0,0.4
0514710000000000010727,Carepa,1.1,0.8,1.0,24.5,1.0,1.0,0.65
0514710000000000030408,Carepa,0.2,2.0,0.5,41.1,1.0,1.0,0.4
0514710000000000030428,Carepa,0.8,1.8,0.9,41.9,1.0,1.0,0.4
0517210000000000010211,Chigorodó,41.0,0.7,4.4,69.4,0.4,1.0,0.15
0517210000000000010512,Chigorodó,24.6,0.3,2.3,42.0,0.65,1.0,0.4
0517210000000000020105,Chigorodó,40.3,1.0,2.4,70.0,0.4,1.0,0.15
0517210000000000020113,Chigorodó,40.7,1.6,2.3,70.6,0.4,1.0,0.15
0517210000000000020214,Chigorodó,41.0,1.3,2.2,71.3,0.4,1.0,0.15
0517210000000000020305,Chigorodó,40.2,0.8,1.5,70.6,0.4,1.0,0.15
0517210000000000020425,Chigorodó,41.8,2.0,3.5,71.4,0.4,1.0,0.15
0517210000000000050120,Chigorodó,38.4,0.2,0.8,69.7,0.4,1.0,0.15
0517210000000000050515,Chigorodó,23.6,0.2,0.8,42.4,0.65,1.0,0.4
0517210000000000050702,Chigorodó,38.5,1.6,2.1,71.2,0.4,1.0,0.15
0517210000000000050705,Chigorodó,38.6,1.2,1.8,71.1,0.4,1.0,0.15
0517210000000000060223,Chigorodó,40.4,0.2,0.3,72.1,0.4,1.0,0.15
0517210000000000060510,Chigorodó,41.7,0.8,2.1,72.7,0.4,1.0,0.15
0517210000000000060709,Chigorodó,42.5,0.6,2.4,74.3,0.4,1.0,0.15
0583720110201800010304,Turbo,56.5,12.7,47.6,132.8,0.4,0.85,0.15
0504520020300900010203,Apartadó,23.0,2.0,3.5,26.6,0.65,1.0,0.65
0504520020300900010224,Apartadó,21.9,1.5,3.1,27.5,0.65,1.0,0.65
0504520010301100010110,Apartadó,3.3,0.2,1.7,24.8,1.0,1.0,0.65
0504520030101500010119,Apartadó,19.7,2.8,2.5,33.4,0.65,1.0,0.4
0505110000000000010803,Arboletes,0.1,2.6,340.1,483.3,1.0,1.0,0.15
0505120060400100010105,Arboletes,123.2,63.0,262.2,406.0,0.15,0.15,0.15
0505120030200900010112,Arboletes,61.1,58.7,232.0,374.1,0.15,0.4,0.15
0514710000000000020305,Carepa,3.0,1.0,3.6,43.4,1.0,1.0,0.4
0514710000000000020406,Carepa,1.9,1.0,2.1,41.5,1.0,1.0,0.4
0514710000000000020722,Carepa,2.6,0.6,3.1,43.5,1.0,1.0,0.4
0549010000000000010502,Necoclí,146.8,2.4,147.9,273.5,0.15,1.0,0.15
0549020120600100010219,Necoclí,102.9,3.3,104.0,229.9,0.15,1.0,0.15
0549020090201200010102,Necoclí,96.1,25.6,195.0,335.2,0.15,0.65,0.15
0565920010100100010101,San Juan de Urabá,34.3,34.3,282.4,418.5,0.4,0.4,0.15
0565920010100100010109,San Juan de Urabá,20.6,20.6,169.1,250.8,0.65,0.65,0.15
0565920010300300010137,San Juan de Urabá,22.3,22.3,284.8,422.5,0.65,0.65,0.15
0566510000000000010129,San Pedro de Urabá,0.5,0.6,71.8,153.5,1.0,1.0,0.15
0566510000000000010546,San Pedro de Urabá,0.8,0.2,71.6,153.7,1.0,1.0,0.15
0566520010100400010104,San Pedro de Urabá,76.2,21.8,142.3,227.7,0.15,0.65,0.15
0566520010100400010110,San Pedro de Urabá,75.7,21.1,141.6,227.1,0.15,0.65,0.15
0583720090700100020113,Turbo,1.1,0.7,0.2,52.1,1.0,1.0,0.4
0583720090700100020326,Turbo,3.7,3.4,2.4,91.2,1.0,1.0,0.15
0583720100700200010517,Turbo,38.8,0.3,0.6,52.4,0.4,1.0,0.4
0583720100700200020125,Turbo,37.9,1.4,0.7,51.3,0.4,1.0,0.4
0583720100700200020419,Turbo,37.3,1.9,0.3,52.2,0.4,1.0,0.4
0583720090600300010347,Turbo,15.7,2.0,1.1,65.1,0.65,1.0,0.15
0583720100400800010119,Turbo,17.0,1.3,1.7,64.9,0.65,1.0,0.15
0583720240400900010106,Turbo,28.4,0.3,29.0,79.3,0.65,1.0,0.15
0583720080301000010112,Turbo,14.2,0.3,7.3,84.1,0.85,1.0,0.15
0583720090402400010115,Turbo,11.0,4.0,0.7,121.6,0.85,1.0,0.15
0504520020300900010207,Apartadó,22.1,1.8,3.5,27.1,0.65,1.0,0.65
0505110000000000010216,Arboletes,0.3,0.3,203.9,289.7,1.0,1.0,0.15
0505120040101000010121,Arboletes,52.7,23.1,132.9,219.5,0.4,0.65,0.15
0505120030101100010110,Arboletes,57.0,57.0,253.1,396.8,0.4,0.4,0.15
0514710000000000020410,Carepa,2.4,0.8,2.8,42.1,1.0,1.0,0.4
0549010000000000010813,Necoclí,153.2,2.1,154.2,279.9,0.15,1.0,0.15
0549010000000000010901,Necoclí,154.3,3.4,155.3,281.0,0.15,1.0,0.15
0549020120600100010119,Necoclí,102.0,2.6,103.1,229.1,0.15,1.0,0.15
0549020120600100010211,Necoclí,102.8,2.9,103.9,229.8,0.15,1.0,0.15
0549020120600600010106,Necoclí,73.0,1.2,73.6,149.2,0.15,1.0,0.15
0549020040400900010128,Necoclí,70.2,12.3,117.0,195.2,0.15,0.85,0.15
0566510000000000010728,San Pedro de Urabá,1.8,0.7,118.9,254.6,1.0,1.0,0.15
0583720090602600010113,Turbo,18.5,0.8,1.7,103.6,0.65,1.0,0.15
0514720011001000010144,Carepa,17.8,3.2,1.8,33.0,0.65,1.0,0.4
0514710000000000020420,Carepa,1.3,1.6,1.5,41.3,1.0,1.0,0.4
0514710000000000020910,Carepa,5.5,2.5,6.0,44.7,0.85,1.0,0.4
0514710000000000030206,Carepa,1.5,0.8,0.5,39.7,1.0,1.0,0.4
0514710000000000030207,Carepa,1.4,0.8,0.6,39.9,1.0,1.0,0.4
0514710000000000030513,Carepa,1.6,3.0,0.8,41.5,1.0,1.0,0.4
0517210000000000010532,Chigorodó,24.5,0.3,2.1,42.0,0.65,1.0,0.4
0517210000000000050102,Chigorodó,22.7,0.6,0.3,41.1,0.65,1.0,0.4
0517210000000000050408,Chigorodó,38.6,0.7,1.5,70.8,0.4,1.0,0.15
0517210000000000050502,Chigorodó,38.6,0.2,1.0,70.0,0.4,1.0,0.15
0517210000000000050609,Chigorodó,38.8,0.5,0.2,69.8,0.4,1.0,0.15
0517210000000000060432,Chigorodó,41.2,0.9,2.4,71.9,0.4,1.0,0.15
0517210000000000060505,Chigorodó,41.4,0.9,2.0,72.5,0.4,1.0,0.15
0517210000000000060811,Chigorodó,42.4,1.2,2.4,73.6,0.4,1.0,0.15
0565910000000000010220,San Juan de Urabá,1.2,1.2,292.3,432.4,1.0,1.0,0.15
0565910000000000010226,San Juan de Urabá,1.0,1.0,174.0,258.2,1.0,1.0,0.15
0565910000000000010230,San Juan de Urabá,1.4,1.4,292.6,432.6,1.0,1.0,0.15
0565910000000000010503,San Juan de Urabá,0.6,0.6,177.9,262.2,1.0,1.0,0.15
0565910000000000010804,San Juan de Urabá,2.0,2.0,289.2,429.4,1.0,1.0,0.15
0583720110201800010120,Turbo,34.1,7.4,28.3,80.1,0.4,0.85,0.15
0583720110201800010125,Turbo,33.8,7.7,27.8,80.0,0.4,0.85,0.15
0505110000000000010219,Arboletes,0.4,0.4,204.0,289.9,1.0,1.0,0.15
0505110000000000010306,Arboletes,0.2,0.4,203.8,289.6,1.0,1.0,0.15
0505110000000000010348,Arboletes,2.4,2.3,337.1,480.3,1.0,1.0,0.15
0514710000000000010216,Carepa,5.8,1.9,1.0,35.8,0.85,1.0,0.4
0549010000000000010808,Necoclí,153.4,2.4,154.4,280.0,0.15,1.0,0.15
0549010000000000010616,Necoclí,96.0,0.6,96.6,171.8,0.15,1.0,0.15
0549020030300200010102,Necoclí,60.2,38.0,145.4,221.4,0.15,0.4,0.15
0565920010100100010130,San Juan de Urabá,35.7,35.7,280.5,416.5,0.4,0.4,0.15
0566510000000000010506,San Pedro de Urabá,0.8,0.2,71.5,153.5,1.0,1.0,0.15
0583720090700100020401,Turbo,2.6,1.6,0.6,89.1,1.0,1.0,0.15
0583720090700100020201,Turbo,0.3,0.7,0.9,53.2,1.0,1.0,0.4
0583720100700200010512,Turbo,39.4,0.4,0.6,52.3,0.4,1.0,0.4
0583720090302500010108,Turbo,3.5,1.4,3.5,49.9,1.0,1.0,0.4
0504520020500200010206,Apartadó,14.3,0.5,8.4,30.9,0.85,1.0,0.4
0504520020500200010217,Apartadó,14.4,0.3,8.3,31.0,0.85,1.0,0.4
0505110000000000010122,Arboletes,0.4,1.8,340.5,483.7,1.0,1.0,0.15
0505110000000000010204,Arboletes,0.3,0.4,204.2,290.0,1.0,1.0,0.15
0505120060400100010104,Arboletes,73.9,37.9,157.4,243.7,0.15,0.4,0.15
0505120030200900010107,Arboletes,36.1,35.7,139.8,225.0,0.4,0.4,0.15
0514710000000000020708,Carepa,2.0,0.2,2.5,43.0,1.0,1.0,0.4
0517220070300300010103,Chigorodó,82.8,3.5,28.5,111.3,0.15,1.0,0.15
0549010000000000010231,Necoclí,88.3,0.4,88.9,164.2,0.15,1.0,0.15
0549020030300200010107,Necoclí,60.1,38.0,145.3,221.4,0.15,0.4,0.15
0549020120300300010107,Necoclí,131.7,0.8,137.2,270.3,0.15,1.0,0.15
0549020040400900010103,Necoclí,67.8,14.6,118.9,197.4,0.15,0.85,0.15
0549020120301000010114,Necoclí,126.7,0.4,136.2,270.9,0.15,1.0,0.15
0549020120301400010103,Necoclí,82.4,0.2,85.9,165.2,0.15,1.0,0.15
0565920010300300010103,San Juan de Urabá,23.4,23.4,285.1,422.7,0.65,0.65,0.15
0565920010300300010130,San Juan de Urabá,22.7,22.7,284.3,422.0,0.65,0.65,0.15
0566510000000000010111,San Pedro de Urabá,0.6,1.1,119.4,255.5,1.0,1.0,0.15
0566510000000000010405,San Pedro de Urabá,2.9,0.9,118.9,254.3,1.0,1.0,0.15
0566510000000000010428,San Pedro de Urabá,2.4,1.2,71.1,152.1,1.0,1.0,0.15
0566510000000000010802,San Pedro de Urabá,0.5,0.3,71.3,153.4,1.0,1.0,0.15
0566510000000000010903,San Pedro de Urabá,2.4,0.6,120.8,256.5,1.0,1.0,0.15
0566510000000000020119,San Pedro de Urabá,1.6,1.5,70.1,151.7,1.0,1.0,0.15
0566520040200200010113,San Pedro de Urabá,61.1,0.3,176.0,315.7,0.15,1.0,0.15
0566520040200200010115,San Pedro de Urabá,59.3,2.0,174.3,313.9,0.4,1.0,0.15
0583720090700100020309,Turbo,2.3,1.7,1.2,89.5,1.0,1.0,0.15
0583720090700100020355,Turbo,4.0,3.4,1.9,91.0,1.0,1.0,0.15
0583720100700200010106,Turbo,41.0,0.5,1.2,54.2,0.4,1.0,0.4
0583720100700200020102,Turbo,39.7,1.0,0.9,52.0,0.4,1.0,0.4
0583720100700200020105,Turbo,38.7,0.5,0.2,52.0,0.4,1.0,0.4
0583720100700200020303,Turbo,38.6,1.0,1.7,53.3,0.4,1.0,0.4
0583720090600300010321,Turbo,17.8,0.6,0.3,67.4,0.65,1.0,0.15
0583720100400800010213,Turbo,18.3,0.4,0.7,66.5,0.65,1.0,0.15
0583720230401400010104,Turbo,116.5,19.1,51.5,149.2,0.15,0.65,0.15
0583720090302300010106,Turbo,5.5,0.9,1.8,72.0,0.85,1.0,0.15
0583720010203800010105,Turbo,6.6,5.9,46.4,106.4,0.85,0.85,0.15
0514710000000000020407,Carepa,1.9,1.0,2.2,41.7,1.0,1.0,0.4
0514720010700700010105,Carepa,24.7,9.8,20.0,31.8,0.65,0.85,0.4
0514720011001000010120,Carepa,17.4,3.0,2.1,33.4,0.65,1.0,0.4
0517210000000000010531,Chigorodó,25.1,1.1,2.2,42.7,0.65,1.0,0.4
0517210000000000020227,Chigorodó,25.4,0.4,2.1,43.6,0.65,1.0,0.4
0517210000000000020318,Chigorodó,40.0,0.2,1.2,70.9,0.4,1.0,0.15
0517210000000000030105,Chigorodó,22.3,0.6,1.3,39.8,0.65,1.0,0.4
0517210000000000040101,Chigorodó,22.2,0.2,0.9,39.9,0.65,1.0,0.4
0517210000000000050813,Chigorodó,39.7,0.6,0.4,71.5,0.4,1.0,0.15
0517210000000000060110,Chigorodó,40.3,0.3,1.6,71.2,0.4,1.0,0.15
0517210000000000060203,Chigorodó,40.4,0.4,0.5,72.1,0.4,1.0,0.15
0517210000000000060210,Chigorodó,24.6,0.6,0.7,43.5,0.65,1.0,0.4
0517210000000000060504,Chigorodó,41.4,1.2,1.7,72.6,0.4,1.0,0.15
0517210000000000060602,Chigorodó,41.7,0.5,1.6,73.2,0.4,1.0,0.15
0517210000000000060616,Chigorodó,42.1,0.7,2.1,73.7,0.4,1.0,0.15
0517210000000000060902,Chigorodó,42.9,0.8,3.4,73.5,0.4,1.0,0.15
0517210000000000060928,Chigorodó,44.3,2.3,4.6,74.9,0.4,1.0,0.15
0549020030200400010127,Necoclí,35.1,35.1,154.1,234.5,0.4,0.4,0.15
0583720110201800010101,Turbo,56.6,12.7,46.2,133.7,0.4,0.85,0.15
0505120020500300010105,Arboletes,55.0,33.7,146.5,233.4,0.4,0.4,0.15
0504520020500200010311,Apartadó,13.2,1.0,7.4,31.7,0.85,1.0,0.4
0504520020300900010225,Apartadó,12.4,1.2,0.6,17.8,0.85,1.0,0.65
0505110000000000010142,Arboletes,0.6,1.3,204.7,290.5,1.0,1.0,0.15
0505110000000000010327,Arboletes,1.9,1.9,337.5,480.6,1.0,1.0,0.15
0505110000000000010336,Arboletes,1.8,1.8,337.6,480.6,1.0,1.0,0.15
0514710000000000010307,Carepa,3.7,0.3,0.2,37.7,1.0,1.0,0.4
0514720010601300010115,Carepa,17.6,17.6,2.4,2.3,0.65,0.65,1.0
0549020090501500010102,Necoclí,68.5,1.1,93.2,177.8,0.15,1.0,0.15
0549010000000000010226,Necoclí,148.2,0.1,149.2,274.7,0.15,1.0,0.15
0549010000000000010429,Necoclí,88.3,0.7,88.9,164.2,0.15,1.0,0.15
0549010000000000010718,Necoclí,151.6,0.7,152.7,278.3,0.15,1.0,0.15
0549020120600100010217,Necoclí,102.7,2.8,103.8,229.8,0.15,1.0,0.15
0549020050401800010105,Necoclí,159.8,4.0,166.3,292.2,0.15,1.0,0.15
0565920010100100010115,San Juan de Urabá,34.7,34.7,281.8,417.9,0.4,0.4,0.15
0565920010300300010105,San Juan de Urabá,23.1,23.1,284.9,422.5,0.65,0.65,0.15
0583720090700100010718,Turbo,2.8,2.2,0.7,50.8,1.0,1.0,0.4
0583720090700100010725,Turbo,1.9,1.6,0.6,51.1,1.0,1.0,0.4
0583720090700100020368,Turbo,3.4,3.3,2.5,91.2,1.0,1.0,0.15
0583720100700200010101,Turbo,42.4,2.3,2.3,54.0,0.4,1.0,0.4
0583720100700200010312,Turbo,24.1,0.6,0.2,31.7,0.65,1.0,0.4
0583720100400800010403,Turbo,16.4,1.1,2.2,64.2,0.65,1.0,0.15
0583720020101300010107,Turbo,62.0,0.7,125.7,270.4,0.15,1.0,0.15
0583720230401400010103,Turbo,116.2,18.9,51.2,149.0,0.15,0.65,0.15
0583720090602600010117,Turbo,18.2,0.8,2.0,103.3,0.65,1.0,0.15
0583720050604200010110,Turbo,63.2,0.9,64.7,209.2,0.15,1.0,0.15
0505110000000000010402,Arboletes,0.0,0.0,340.4,483.4,1.0,1.0,0.15
0505110000000000011010,Arboletes,1.2,1.5,338.1,481.1,1.0,1.0,0.15
0549020030300200010108,Necoclí,60.7,36.9,144.2,220.3,0.15,0.4,0.15
0549020120301400010108,Necoclí,82.4,0.2,85.8,165.0,0.15,1.0,0.15
0549020090501500010111,Necoclí,114.3,0.7,154.6,295.3,0.15,1.0,0.15
0583720090700100020506,Turbo,2.8,1.7,0.4,88.9,1.0,1.0,0.15
0583720090700100020433,Turbo,4.2,3.3,1.0,89.9,1.0,1.0,0.15
0583720090602600010121,Turbo,17.9,0.7,2.0,102.8,0.65,1.0,0.15
0514710000000000020432,Carepa,1.5,1.0,2.0,41.9,1.0,1.0,0.4
0514710000000000030228,Carepa,1.8,1.1,0.1,39.5,1.0,1.0,0.4
0517210000000000010311,Chigorodó,40.2,0.3,3.6,69.0,0.4,1.0,0.15
0517210000000000010806,Chigorodó,42.9,3.0,7.6,69.6,0.4,1.0,0.15
0517210000000000020424,Chigorodó,25.3,1.3,2.3,42.9,0.65,1.0,0.4
0517210000000000030106,Chigorodó,37.2,0.7,1.7,66.7,0.4,1.0,0.15
0517210000000000050210,Chigorodó,37.7,0.7,1.4,69.2,0.4,1.0,0.15
0549020030200400010124,Necoclí,57.5,57.5,257.5,391.6,0.4,0.4,0.15
0549020050300500010213,Necoclí,131.7,3.3,177.7,307.9,0.15,1.0,0.15
0565910000000000010233,San Juan de Urabá,1.6,1.6,292.2,432.2,1.0,1.0,0.15
0514710000000000010704,Carepa,1.5,0.6,0.9,24.2,1.0,1.0,0.65
0514710000000000010719,Carepa,2.3,0.7,2.2,41.3,1.0,1.0,0.4
0514710000000000020237,Carepa,6.7,3.3,7.0,44.9,0.85,1.0,0.4
0514710000000000030413,Carepa,0.7,2.0,0.2,40.8,1.0,1.0,0.4
0514710000000000030550,Carepa,1.6,2.4,1.2,42.3,1.0,1.0,0.4
0517210000000000020430,Chigorodó,42.4,2.3,4.0,71.9,0.4,1.0,0.15
0517210000000000060205,Chigorodó,40.7,0.6,0.7,72.3,0.4,1.0,0.15
0517210000000000060413,Chigorodó,41.6,0.5,2.7,72.2,0.4,1.0,0.15
0517210000000000060919,Chigorodó,43.8,1.8,4.5,74.0,0.4,1.0,0.15
0517210000000000060920,Chigorodó,43.7,1.6,4.2,74.1,0.4,1.0,0.15
0549020030200400010123,Necoclí,35.2,35.2,154.6,234.9,0.4,0.4,0.15
0565910000000000010706,San Juan de Urabá,1.4,1.4,174.8,259.1,1.0,1.0,0.15
0583720110201800010204,Turbo,57.6,11.6,47.8,134.0,0.4,0.85,0.15
0505110000000000010333,Arboletes,1.8,1.7,337.7,480.7,1.0,1.0,0.15
0505120020500300010110,Arboletes,55.5,33.4,146.2,233.1,0.4,0.4,0.15
0549010000000000010504,Necoclí,62.4,1.4,62.9,116.8,0.15,1.0,0.15
0549020090501500010129,Necoclí,113.6,1.5,152.5,293.1,0.15,1.0,0.15
0565910000000000010204,San Juan de Urabá,0.4,0.4,175.4,259.5,1.0,1.0,0.15
0566510000000000010910,San Pedro de Urabá,1.7,0.5,72.1,153.3,1.0,1.0,0.15
0583720090700100010216,Turbo,2.9,4.0,2.1,87.4,1.0,1.0,0.15
0583720050200500010120,Turbo,22.7,0.2,48.3,132.1,0.65,1.0,0.15
0504520050300100010101,Apartadó,22.1,0.8,21.3,75.0,0.65,1.0,0.15
0504520030101500010108,Apartadó,19.3,2.1,2.0,33.0,0.65,1.0,0.4
0505110000000000010212,Arboletes,0.8,0.8,341.2,484.2,1.0,1.0,0.15
0505110000000000010536,Arboletes,3.0,4.4,337.3,480.1,1.0,1.0,0.15
0505110000000000011028,Arboletes,1.6,2.3,337.4,480.4,1.0,1.0,0.15
0505120020500300010104,Arboletes,91.8,56.6,244.7,389.5,0.15,0.4,0.15
0514710000000000020602,Carepa,2.0,1.0,2.5,42.2,1.0,1.0,0.4
0514710000000000010805,Carepa,3.8,0.5,0.9,39.0,1.0,1.0,0.4
0514710000000000030519,Carepa,1.5,2.6,0.8,40.8,1.0,1.0,0.4
0549020050401800010109,Necoclí,96.1,1.8,99.3,174.8,0.15,1.0,0.15
0549010000000000010104,Necoclí,147.9,0.1,148.9,274.3,0.15,1.0,0.15
0549010000000000010121,Necoclí,90.8,1.4,91.4,166.7,0.15,1.0,0.15
0549010000000000010614,Necoclí,66.4,2.0,66.8,120.5,0.15,1.0,0.15
0549010000000000010819,Necoclí,153.2,1.6,154.2,279.8,0.15,1.0,0.15
0583720100700200020409,Turbo,38.4,0.7,0.6,52.2,0.4,1.0,0.4
0565910000000000010130,San Juan de Urabá,3.4,3.4,291.9,431.7,1.0,1.0,0.15
0565920010100500010118,San Juan de Urabá,19.8,19.8,162.5,244.8,0.65,0.65,0.15
0566510000000000010213,San Pedro de Urabá,1.6,1.1,118.6,254.4,1.0,1.0,0.15
0583720090700100010514,Turbo,1.9,2.8,1.9,86.9,1.0,1.0,0.15
0583720090700100020427,Turbo,4.0,3.2,1.2,90.3,1.0,1.0,0.15
0583720100700200010520,Turbo,39.1,0.5,0.3,52.0,0.4,1.0,0.4
0583720030700600010113,Turbo,61.6,0.6,62.6,188.3,0.15,1.0,0.15
0583720050604200010101,Turbo,37.4,0.2,38.6,125.2,0.4,1.0,0.15
0505110000000000011040,Arboletes,1.7,2.5,337.3,480.3,1.0,1.0,0.15
0566510000000000010127,San Pedro de Urabá,1.2,0.8,120.2,256.2,1.0,1.0,0.15
0583720090700100010119,Turbo,0.6,2.0,1.7,88.4,1.0,1.0,0.15
0583720100700200010304,Turbo,40.3,0.7,0.4,53.5,0.4,1.0,0.4
0583720100700200010411,Turbo,39.1,0.6,1.6,53.6,0.4,1.0,0.4
0583720090102700010101,Turbo,11.3,0.9,8.7,83.4,0.85,1.0,0.15
0514710000000000010106,Carepa,2.1,0.5,0.1,22.7,1.0,1.0,0.65
0514710000000000020227,Carepa,7.0,2.8,7.1,44.6,0.85,1.0,0.4
0514710000000000020423,Carepa,1.6,1.3,2.0,41.7,1.0,1.0,0.4
0514710000000000030553,Carepa,1.9,2.4,1.6,42.7,1.0,1.0,0.4
0517210000000000010533,Chigorodó,41.1,0.8,3.6,70.2,0.4,1.0,0.15
0517210000000000010615,Chigorodó,23.3,0.0,1.2,41.0,0.65,1.0,0.4
0517210000000000010617,Chigorodó,23.4,0.1,1.4,40.9,0.65,1.0,0.4
0517210000000000010809,Chigorodó,26.1,1.9,4.5,42.3,0.65,1.0,0.4
0517210000000000020230,Chigorodó,42.8,1.0,3.8,73.2,0.4,1.0,0.15
0517210000000000020429,Chigorodó,25.4,1.4,2.5,43.0,0.65,1.0,0.4
0517210000000000040115,Chigorodó,22.4,0.3,0.3,40.5,0.65,1.0,0.4
0517210000000000050506,Chigorodó,38.8,0.5,1.4,70.6,0.4,1.0,0.15
0517210000000000050520,Chigorodó,23.8,0.5,0.4,42.8,0.65,1.0,0.4
0517210000000000050528,Chigorodó,38.8,0.2,0.9,70.1,0.4,1.0,0.15
0517210000000000060206,Chigorodó,24.5,0.5,0.6,43.4,0.65,1.0,0.4
0517210000000000060824,Chigorodó,42.8,1.5,2.9,74.0,0.4,1.0,0.15
0565910000000000010708,San Juan de Urabá,1.0,1.0,175.2,259.4,1.0,1.0,0.15
0565910000000000010718,San Juan de Urabá,4.7,4.7,290.7,431.3,1.0,1.0,0.15
0565910000000000010806,San Juan de Urabá,2.1,2.1,289.1,429.3,1.0,1.0,0.15
0504520020300900010102,Apartadó,23.2,1.0,1.5,29.1,0.65,1.0,0.65
0505110000000000010205,Arboletes,0.6,0.6,204.0,289.9,1.0,1.0,0.15
0549020120600100010218,Necoclí,102.8,3.0,103.9,229.8,0.15,1.0,0.15
0514710000000000030627,Carepa,2.2,2.1,2.1,43.2,1.0,1.0,0.4
0549020120600100010315,Necoclí,103.0,3.9,104.1,230.0,0.15,1.0,0.15
0549020090501500010113,Necoclí,68.9,0.5,92.9,177.3,0.15,1.0,0.15
0566510000000000010809,San Pedro de Urabá,0.2,0.1,71.0,153.1,1.0,1.0,0.15
0565910000000000010208,San Juan de Urabá,0.3,0.3,174.8,258.9,1.0,1.0,0.15
0583720090700100010111,Turbo,1.2,2.5,2.1,88.4,1.0,1.0,0.15
0583720090700100020110,Turbo,0.9,0.1,0.2,52.6,1.0,1.0,0.4
0583720090700100020205,Turbo,1.5,1.2,1.4,89.1,1.0,1.0,0.15
0583720090700100020376,Turbo,4.1,3.5,1.8,90.9,1.0,1.0,0.15
0583720100700200010102,Turbo,25.1,1.0,1.0,32.4,0.65,1.0,0.4
0504520020300300010106,Apartadó,21.2,0.6,1.6,29.9,0.65,1.0,0.65
0504520020300900010321,Apartadó,21.6,3.0,1.2,31.6,0.65,1.0,0.4
0504520010301100010202,Apartadó,5.7,0.7,2.4,41.0,0.85,1.0,0.4
0504520010301100010224,Apartadó,5.8,1.2,1.8,40.5,0.85,1.0,0.4
0505110000000000010201,Arboletes,0.4,0.7,204.9,290.7,1.0,1.0,0.15
0505110000000000010809,Arboletes,0.4,2.8,339.7,482.9,1.0,1.0,0.15
0505110000000000011124,Arboletes,3.3,3.4,336.0,479.1,1.0,1.0,0.15
0505120030101100010108,Arboletes,34.0,34.0,151.7,238.0,0.4,0.4,0.15
0505120030101100010131,Arboletes,35.1,35.1,150.9,237.2,0.4,0.4,0.15
0514710000000000020719,Carepa,1.9,0.6,2.3,43.0,1.0,1.0,0.4
0514710000000000030407,Carepa,0.2,1.9,0.7,41.4,1.0,1.0,0.4
0517220060601500010114,Chigorodó,28.0,2.8,4.2,46.1,0.65,1.0,0.4
0517220060601500010104,Chigorodó,47.6,5.6,8.2,77.2,0.4,0.85,0.15
0549010000000000010408,Necoclí,88.5,0.3,89.1,164.4,0.15,1.0,0.15
0549020120600100010226,Necoclí,102.0,3.3,103.1,229.0,0.15,1.0,0.15
0549020120300300010137,Necoclí,133.9,1.8,138.3,270.7,0.15,1.0,0.15
0549020050300500010102,Necoclí,130.4,4.5,178.7,309.1,0.15,1.0,0.15
0549020050300500010205,Necoclí,131.3,3.6,177.9,308.2,0.15,1.0,0.15
0549020090200800010109,Necoclí,96.5,30.2,195.4,334.6,0.15,0.4,0.15
0549020120801600010106,Necoclí,112.1,1.7,114.8,251.4,0.15,1.0,0.15
0565920010300300010117,San Juan de Urabá,13.7,13.7,170.4,253.0,0.85,0.85,0.15
0566510000000000010121,San Pedro de Urabá,1.7,0.6,119.7,255.5,1.0,1.0,0.15
0566510000000000010153,San Pedro de Urabá,2.1,0.5,120.8,256.6,1.0,1.0,0.15
0566510000000000010343,San Pedro de Urabá,0.6,0.6,70.4,152.4,1.0,1.0,0.15
0566510000000000010430,San Pedro de Urabá,2.5,1.5,70.7,151.8,1.0,1.0,0.15
0566510000000000010730,San Pedro de Urabá,2.2,1.2,118.3,254.0,1.0,1.0,0.15
0583720090700100020125,Turbo,0.4,1.1,1.2,88.5,1.0,1.0,0.15
0583720090700100020317,Turbo,3.1,2.4,0.8,89.8,1.0,1.0,0.15
0583720090700100020524,Turbo,3.5,2.2,0.3,88.7,1.0,1.0,0.15
0583720100700200010505,Turbo,23.7,0.3,0.4,31.8,0.65,1.0,0.4
0583720100700200020107,Turbo,39.0,1.0,0.4,51.5,0.4,1.0,0.4
0583720100700200020206,Turbo,38.8,0.8,1.8,53.5,0.4,1.0,0.4
0583720100700200020406,Turbo,22.6,0.9,0.3,31.3,0.65,1.0,0.4
0583720100700200020520,Turbo,37.5,2.1,1.1,52.9,0.4,1.0,0.4
0583720030700600010102,Turbo,37.3,0.5,37.9,113.3,0.4,1.0,0.15
0583720240400900010105,Turbo,46.4,0.8,47.5,132.4,0.4,1.0,0.15
0514710000000000010335,Carepa,3.3,1.1,0.4,22.0,1.0,1.0,0.65
0514710000000000020239,Carepa,6.9,3.4,7.2,45.1,0.85,1.0,0.4
0514710000000000020725,Carepa,2.7,0.8,3.1,43.8,1.0,1.0,0.4
0514710000000000030105,Carepa,1.9,0.3,0.5,39.5,1.0,1.0,0.4
0514710000000000030208,Carepa,1.3,0.9,0.5,40.0,1.0,1.0,0.4
0514710000000000030216,Carepa,1.0,1.3,0.2,40.2,1.0,1.0,0.4
0514710000000000030414,Carepa,0.5,2.3,0.2,41.2,1.0,1.0,0.4
0514710000000000030521,Carepa,1.9,2.7,1.1,40.6,1.0,1.0,0.4
0517210000000000010308,Chigorodó,40.5,0.3,3.7,69.3,0.4,1.0,0.15
0517210000000000010320,Chigorodó,40.7,0.4,3.9,69.5,0.4,1.0,0.15
0517210000000000020417,Chigorodó,42.3,1.9,3.7,72.0,0.4,1.0,0.15
0517210000000000020427,Chigorodó,42.6,1.9,4.0,72.3,0.4,1.0,0.15
0517210000000000030109,Chigorodó,37.8,1.1,1.9,67.2,0.4,1.0,0.15
0517210000000000030210,Chigorodó,37.8,1.0,0.4,68.0,0.4,1.0,0.15
0517210000000000050125,Chigorodó,38.4,0.8,0.3,69.3,0.4,1.0,0.15
0517210000000000050413,Chigorodó,38.6,0.4,1.4,70.6,0.4,1.0,0.15
0517210000000000060125,Chigorodó,40.2,0.5,0.5,71.8,0.4,1.0,0.15
0517210000000000060402,Chigorodó,40.6,0.7,1.9,71.4,0.4,1.0,0.15
0517210000000000060431,Chigorodó,41.6,0.5,2.5,72.3,0.4,1.0,0.15
0517210000000000060708,Chigorodó,42.3,0.3,2.3,74.2,0.4,1.0,0.15
0517210000000000060930,Chigorodó,44.1,2.1,4.6,74.6,0.4,1.0,0.15
0565910000000000010309,San Juan de Urabá,0.2,0.2,292.6,432.8,1.0,1.0,0.15
0565910000000000010604,San Juan de Urabá,3.2,3.2,290.6,431.1,1.0,1.0,0.15
0565910000000000010616,San Juan de Urabá,1.7,1.7,291.6,432.0,1.0,1.0,0.15
0566510000000000030110,San Pedro de Urabá,2.0,1.0,116.1,252.9,1.0,1.0,0.15
0505110000000000011119,Arboletes,3.5,3.5,335.9,479.0,1.0,1.0,0.15
0505120060400100010114,Arboletes,122.9,63.1,262.2,406.0,0.15,0.15,0.15
0504520020300900010118,Apartadó,22.3,0.9,1.0,29.4,0.65,1.0,0.65
0504520010301100010235,Apartadó,6.8,2.4,0.7,39.4,0.85,1.0,0.4
0504520010101400010103,Apartadó,43.8,1.1,14.4,41.0,0.4,1.0,0.4
0505110000000000010131,Arboletes,0.2,2.2,340.4,483.6,1.0,1.0,0.15
0505110000000000010544,Arboletes,2.6,3.9,338.2,481.0,1.0,1.0,0.15
0505110000000000010906,Arboletes,0.2,2.9,340.2,483.4,1.0,1.0,0.15
0505110000000000010916,Arboletes,0.8,3.2,340.8,484.0,1.0,1.0,0.15
0505120030101100010102,Arboletes,57.0,57.0,253.4,397.1,0.4,0.4,0.15
0505120030101100010107,Arboletes,56.4,56.4,252.8,396.5,0.4,0.4,0.15
0505120050401400010108,Arboletes,94.3,0.3,191.2,335.7,0.15,1.0,0.15
0514710000000000010223,Carepa,5.9,2.0,0.6,35.9,0.85,1.0,0.4
0514710000000000030537,Carepa,1.0,2.5,0.4,41.5,1.0,1.0,0.4
0514710000000000030617,Carepa,1.9,1.6,2.0,43.1,1.0,1.0,0.4
0549010000000000010610,Necoclí,95.5,0.2,96.1,171.4,0.15,1.0,0.15
0549010000000000010716,Necoclí,151.9,0.4,152.9,278.5,0.15,1.0,0.15
0549010000000000010913,Necoclí,153.7,2.7,154.7,280.4,0.15,1.0,0.15
0549020120600100010413,Necoclí,63.3,0.6,63.9,139.5,0.15,1.0,0.15
0549020050401800010106,Necoclí,160.0,3.8,166.0,292.0,0.15,1.0,0.15
0565920020500200010107,San Juan de Urabá,32.3,32.3,265.2,407.3,0.4,0.4,0.15
0566510000000000010560,San Pedro de Urabá,2.3,0.9,120.3,257.2,1.0,1.0,0.15
0566520040200200010106,San Pedro de Urabá,36.8,0.2,105.8,189.6,0.4,1.0,0.15
0583720090700100010124,Turbo,3.2,4.5,2.1,88.9,1.0,1.0,0.15
0583720090700100020108,Turbo,0.6,0.4,0.2,52.5,1.0,1.0,0.4
0583720100700200020302,Turbo,38.6,0.9,1.5,53.2,0.4,1.0,0.4
0583720020101300010110,Turbo,37.3,0.2,75.0,161.9,0.4,1.0,0.15
0504520020500200010306,Apartadó,7.9,0.3,4.2,19.3,0.85,1.0,0.65
0505110000000000010522,Arboletes,0.5,1.3,203.3,289.0,1.0,1.0,0.15
0514710000000000010123,Carepa,2.1,0.3,0.4,39.3,1.0,1.0,0.4
0514710000000000020621,Carepa,2.1,0.2,2.6,42.9,1.0,1.0,0.4
0517220100400700010101,Chigorodó,88.6,1.5,24.6,125.6,0.15,1.0,0.15
0583720090402400010106,Turbo,10.8,4.1,0.3,122.0,0.85,1.0,0.15
0549010000000000010506,Necoclí,146.4,2.3,147.5,273.2,0.15,1.0,0.15
0549020120600100010132,Necoclí,101.7,3.0,102.8,228.7,0.15,1.0,0.15
0549020030300200010207,Necoclí,100.2,61.8,240.6,367.4,0.15,0.15,0.15
0549020090501500010115,Necoclí,114.2,0.6,154.4,295.2,0.15,1.0,0.15
0583720090402400010126,Turbo,11.6,4.2,1.5,120.9,0.85,1.0,0.15
0566510000000000010812,San Pedro de Urabá,0.6,0.6,70.3,152.5,1.0,1.0,0.15
0566510000000000011018,San Pedro de Urabá,3.4,2.5,70.6,153.6,1.0,1.0,0.15
0583720090700100010605,Turbo,2.0,1.4,0.4,86.6,1.0,1.0,0.15
0583720090700100020429,Turbo,3.9,3.0,0.9,90.1,1.0,1.0,0.15
0583720100700200010118,Turbo,42.2,2.1,2.1,53.9,0.4,1.0,0.4
0583720100700200020309,Turbo,38.3,1.3,1.4,53.1,0.4,1.0,0.4
0583720090600300010204,Turbo,30.6,0.5,0.6,114.7,0.4,1.0,0.15
0583720080301000010122,Turbo,13.7,0.7,7.1,83.8,0.85,1.0,0.15
0583720090602600010106,Turbo,18.0,0.5,1.8,102.8,0.65,1.0,0.15
0583720090503500010103,Turbo,13.9,9.3,9.0,62.9,0.85,0.85,0.15
0583720050604200010108,Turbo,37.7,0.3,38.8,125.5,0.4,1.0,0.15
0514710000000000020915,Carepa,4.8,1.7,5.3,44.0,1.0,1.0,0.4
0514710000000000010324,Carepa,4.6,0.8,0.3,37.2,1.0,1.0,0.4
0514710000000000010325,Carepa,4.3,0.7,0.1,37.5,1.0,1.0,0.4
0514710000000000010329,Carepa,4.4,1.0,0.3,37.6,1.0,1.0,0.4
0514710000000000020804,Carepa,6.1,3.0,6.5,44.7,0.85,1.0,0.4
0514710000000000020431,Carepa,1.4,1.2,1.8,41.7,1.0,1.0,0.4
0514710000000000020605,Carepa,2.2,0.8,2.7,42.5,1.0,1.0,0.4
0514710000000000030115,Carepa,2.1,0.5,0.2,39.1,1.0,1.0,0.4
0517210000000000010116,Chigorodó,24.1,0.1,2.9,40.7,0.65,1.0,0.4
0517210000000000020317,Chigorodó,39.9,0.4,1.2,70.4,0.4,1.0,0.15
0517210000000000060434,Chigorodó,40.7,0.8,1.9,71.3,0.4,1.0,0.15
0517210000000000020403,Chigorodó,41.2,2.0,2.7,71.1,0.4,1.0,0.15
0517210000000000020431,Chigorodó,42.6,2.3,4.2,72.1,0.4,1.0,0.15
0517210000000000050424,Chigorodó,39.1,0.9,0.9,71.1,0.4,1.0,0.15
0517210000000000060321,Chigorodó,41.3,0.8,2.2,72.1,0.4,1.0,0.15
0517210000000000060419,Chigorodó,41.9,0.4,3.0,72.4,0.4,1.0,0.15
0517210000000000060703,Chigorodó,42.3,0.8,2.3,74.1,0.4,1.0,0.15
0517210000000000060823,Chigorodó,42.7,1.4,2.7,73.9,0.4,1.0,0.15
0517210000000000061005,Chigorodó,42.7,0.8,2.7,74.6,0.4,1.0,0.15
0517210000000000061006,Chigorodó,42.7,0.7,2.8,74.7,0.4,1.0,0.15
0517210000000000061015,Chigorodó,43.3,1.3,3.3,75.2,0.4,1.0,0.15
0549020030200400010125,Necoclí,59.1,59.1,257.3,391.1,0.4,0.4,0.15
0565910000000000010107,San Juan de Urabá,0.6,0.6,174.5,258.5,1.0,1.0,0.15
0565910000000000010136,San Juan de Urabá,3.3,3.3,291.4,431.2,1.0,1.0,0.15
0565910000000000010707,San Juan de Urabá,1.2,1.2,175.0,259.2,1.0,1.0,0.15
0583720110201800010102,Turbo,34.1,7.4,28.0,80.2,0.4,0.85,0.15
0583720110201800010112,Turbo,55.8,13.3,46.9,132.5,0.4,0.85,0.15
0583720110201800010202,Turbo,57.2,11.9,47.7,133.6,0.4,0.85,0.15
0504520020500200010120,Apartadó,15.5,1.5,9.5,30.0,0.65,1.0,0.65
0505110000000000010144,Arboletes,0.4,2.4,340.3,483.5,1.0,1.0,0.15
0514710000000000030516,Carepa,1.4,2.4,0.7,40.7,1.0,1.0,0.4
0514720010601300010113,Carepa,17.6,17.6,2.3,2.2,0.65,0.65,1.0
0549010000000000010830,Necoclí,152.5,1.5,153.6,279.2,0.15,1.0,0.15
0549020040400900010107,Necoclí,68.2,14.4,119.0,197.3,0.15,0.85,0.15
0565920010100500010123,San Juan de Urabá,20.1,20.1,161.9,244.2,0.65,0.65,0.15
0566510000000000010737,San Pedro de Urabá,2.3,0.7,118.8,254.3,1.0,1.0,0.15
0583720090700100010128,Turbo,2.1,3.4,2.1,89.1,1.0,1.0,0.15
0583720100700200010508,Turbo,39.6,0.4,0.6,52.7,0.4,1.0,0.4
0583720240400900010102,Turbo,48.9,1.7,50.0,133.0,0.4,1.0,0.15
0583720090402400010108,Turbo,11.4,4.6,0.6,121.9,0.85,1.0,0.15
0583720090103900010103,Turbo,10.4,3.9,10.9,85.8,0.85,1.0,0.15
0583720100400800010426,Turbo,16.5,1.2,1.8,64.4,0.65,1.0,0.15
0504520020300900010319,Apartadó,21.6,2.7,1.0,31.3,0.65,1.0,0.4
0504520010301100010101,Apartadó,3.3,0.6,2.5,25.4,1.0,1.0,0.65
0504520010301100010102,Apartadó,2.9,0.7,2.7,25.7,1.0,1.0,0.65
0504520030101500010111,Apartadó,19.7,2.1,1.7,32.7,0.65,1.0,0.4
0505110000000000010229,Arboletes,0.8,0.9,340.2,483.3,1.0,1.0,0.15
0505120030101100010134,Arboletes,58.2,58.2,250.1,393.8,0.4,0.4,0.15
0549020120600100010123,Necoclí,102.8,1.8,103.9,229.9,0.15,1.0,0.15
0514710000000000010806,Carepa,3.4,0.3,1.0,39.2,1.0,1.0,0.4
0514710000000000020106,Carepa,4.0,1.2,3.5,41.6,1.0,1.0,0.4
0514720010601300010103,Carepa,17.6,17.6,2.8,2.5,0.65,0.65,1.0
0583720090700100010414,Turbo,2.5,3.4,2.6,86.7,1.0,1.0,0.15
0549020120600100010302,Necoclí,62.4,2.5,63.0,138.5,0.15,1.0,0.15
0549010000000000010119,Necoclí,90.6,0.8,91.2,166.5,0.15,1.0,0.15
0549020120600100010426,Necoclí,103.5,1.4,104.6,230.5,0.15,1.0,0.15
0549020030300200010112,Necoclí,60.9,37.0,144.3,220.4,0.15,0.4,0.15
0549020030300200010117,Necoclí,100.7,63.4,242.3,369.0,0.15,0.15,0.15
0549020030300200010202,Necoclí,99.9,62.1,240.8,367.7,0.15,0.15,0.15
0549020030300200010224,Necoclí,101.0,60.1,238.9,365.8,0.15,0.15,0.15
0549020120300300010105,Necoclí,132.0,0.7,137.5,270.4,0.15,1.0,0.15
0549020120300300010116,Necoclí,78.8,0.7,82.3,162.2,0.15,1.0,0.15
0549020040400900010131,Necoclí,71.4,11.7,116.6,194.5,0.15,0.85,0.15
0549020120301400010106,Necoclí,83.2,0.7,86.5,165.5,0.15,1.0,0.15
0565910000000000010210,San Juan de Urabá,0.3,0.3,174.8,258.9,1.0,1.0,0.15
0583720090700100010104,Turbo,2.6,3.9,2.2,88.1,1.0,1.0,0.15
0583720090700100010711,Turbo,2.0,1.5,0.3,51.2,1.0,1.0,0.4
0583720090700100020335,Turbo,3.6,3.3,2.2,91.1,1.0,1.0,0.15
0583720100700200010108,Turbo,41.1,0.8,1.0,53.9,0.4,1.0,0.4
0583720100700200010511,Turbo,39.5,0.6,0.7,52.2,0.4,1.0,0.4
0583720100700200020503,Turbo,37.6,1.8,0.9,52.8,0.4,1.0,0.4
0583720090600300010216,Turbo,30.6,0.3,1.3,113.6,0.4,1.0,0.15
0583720090603100010112,Turbo,17.4,4.4,4.0,99.7,0.65,1.0,0.15
0517210000000000010511,Chigorodó,24.2,0.1,2.0,41.6,0.65,1.0,0.4
0517210000000000020602,Chigorodó,26.4,1.7,3.2,44.0,0.65,1.0,0.4
0517210000000000030205,Chigorodó,23.3,0.4,0.8,41.2,0.65,1.0,0.4
0517210000000000060412,Chigorodó,41.2,0.9,2.4,72.0,0.4,1.0,0.15
0517210000000000061008,Chigorodó,42.9,0.9,2.9,74.7,0.4,1.0,0.15
0565910000000000010126,San Juan de Urabá,1.4,1.4,123.4,183.4,1.0,1.0,0.15
0514710000000000020802,Carepa,5.8,2.7,6.1,44.3,0.85,1.0,0.4
0514710000000000030108,Carepa,1.9,0.2,0.6,39.4,1.0,1.0,0.4
0514710000000000030409,Carepa,0.4,2.0,0.4,40.9,1.0,1.0,0.4
0514710000000000030543,Carepa,1.6,3.1,0.8,41.4,1.0,1.0,0.4
0517210000000000010202,Chigorodó,41.0,0.8,4.6,69.4,0.4,1.0,0.15
0517210000000000010314,Chigorodó,39.7,0.5,3.3,68.5,0.4,1.0,0.15
0517210000000000010325,Chigorodó,38.8,0.6,3.4,67.4,0.4,1.0,0.15
0517210000000000010614,Chigorodó,39.0,0.0,2.0,68.6,0.4,1.0,0.15
0517210000000000020306,Chigorodó,40.0,0.6,1.3,70.3,0.4,1.0,0.15
0517210000000000030217,Chigorodó,37.6,1.1,0.1,68.0,0.4,1.0,0.15
0517210000000000040112,Chigorodó,37.0,0.1,0.7,67.0,0.4,1.0,0.15
0517210000000000050326,Chigorodó,22.9,0.8,1.3,42.5,0.65,1.0,0.4
0517210000000000050501,Chigorodó,38.5,0.1,0.9,69.8,0.4,1.0,0.15
0517210000000000050525,Chigorodó,39.0,0.6,1.3,70.6,0.4,1.0,0.15
0517210000000000050803,Chigorodó,39.6,0.7,0.5,71.6,0.4,1.0,0.15
0517210000000000060306,Chigorodó,40.7,1.0,1.3,72.0,0.4,1.0,0.15
0517210000000000060723,Chigorodó,42.2,0.4,2.5,74.4,0.4,1.0,0.15
0517210000000000060918,Chigorodó,43.6,1.6,4.3,73.9,0.4,1.0,0.15
0549020090501500010130,Necoclí,113.9,1.6,152.5,293.1,0.15,1.0,0.15
0565910000000000010231,San Juan de Urabá,1.2,1.2,292.6,432.7,1.0,1.0,0.15
0565910000000000010417,San Juan de Urabá,1.3,1.3,294.7,434.9,1.0,1.0,0.15
0565910000000000010714,San Juan de Urabá,3.8,3.8,291.3,431.9,1.0,1.0,0.15
0566510000000000020125,San Pedro de Urabá,1.7,1.3,70.4,151.8,1.0,1.0,0.15
0583720110201800010302,Turbo,55.9,13.3,47.4,132.3,0.4,0.85,0.15
0504520010101400010109,Apartadó,44.0,0.4,15.5,40.0,0.4,1.0,0.4
0504520010101600010111,Apartadó,34.5,4.8,15.3,36.3,0.4,1.0,0.4
0505110000000000011032,Arboletes,1.0,2.3,337.9,480.9,1.0,1.0,0.15
0514710000000000010215,Carepa,5.9,2.0,0.8,35.7,0.85,1.0,0.4
0514710000000000020415,Carepa,1.8,1.2,2.1,41.7,1.0,1.0,0.4
0514710000000000020712,Carepa,1.4,0.7,1.9,42.5,1.0,1.0,0.4
0517220100400700010113,Chigorodó,89.2,1.0,25.2,126.3,0.15,1.0,0.15
0549010000000000010906,Necoclí,154.0,3.6,155.1,280.8,0.15,1.0,0.15
0549020120600100010422,Necoclí,104.2,0.5,105.3,231.3,0.15,1.0,0.15
0549020120301000010106,Necoclí,126.5,0.3,136.6,271.3,0.15,1.0,0.15
0549020090201200010101,Necoclí,96.0,25.8,195.0,335.3,0.15,0.65,0.15
0549020090501500010112,Necoclí,114.5,0.7,154.6,295.4,0.15,1.0,0.15
0565920010100100010103,San Juan de Urabá,34.1,34.1,282.1,418.3,0.4,0.4,0.15
0566510000000000010164,San Pedro de Urabá,2.2,0.8,121.1,256.9,1.0,1.0,0.15
0566510000000000010407,San Pedro de Urabá,2.9,1.2,118.5,254.0,1.0,1.0,0.15
0566510000000000010541,San Pedro de Urabá,1.3,0.2,119.7,256.2,1.0,1.0,0.15
0566510000000000010806,San Pedro de Urabá,0.7,0.7,71.2,153.4,1.0,1.0,0.15
0583720090700100010133,Turbo,3.0,4.4,1.9,88.5,1.0,1.0,0.15
0583720090700100020228,Turbo,1.2,0.2,0.7,88.1,1.0,1.0,0.15
0583720090700100020352,Turbo,3.6,3.2,1.8,90.9,1.0,1.0,0.15
0583720090700100020410,Turbo,2.7,1.6,0.5,89.0,1.0,1.0,0.15
0583720100700200020211,Turbo,38.8,0.7,1.1,52.9,0.4,1.0,0.4
0583720090600300010214,Turbo,18.1,0.4,0.9,68.3,0.65,1.0,0.15
0583720030700600010109,Turbo,37.1,0.6,37.7,113.1,0.4,1.0,0.15
0583720020101300010102,Turbo,37.6,0.6,74.9,161.7,0.4,1.0,0.15
0583720090102700010103,Turbo,18.4,0.9,14.9,138.8,0.65,1.0,0.15
0583720030802900010104,Turbo,24.8,0.5,25.5,100.9,0.65,1.0,0.15
0504520010301100010111,Apartadó,5.3,0.3,2.7,41.4,0.85,1.0,0.4
0504520020300900010217,Apartadó,12.8,0.7,1.0,17.5,0.85,1.0,0.65
0505110000000000010106,Arboletes,0.6,1.6,340.3,483.4,1.0,1.0,0.15
0505110000000000010130,Arboletes,0.9,1.4,339.5,482.7,1.0,1.0,0.15
0505110000000000010408,Arboletes,0.4,0.4,340.6,483.6,1.0,1.0,0.15
0505110000000000011034,Arboletes,1.4,2.4,337.6,480.6,1.0,1.0,0.15
0505120030101100010121,Arboletes,58.3,58.3,251.0,394.8,0.4,0.4,0.15
0514710000000000020209,Carepa,5.2,2.1,5.2,43.2,0.85,1.0,0.4
0517220070300300010113,Chigorodó,83.7,2.5,28.9,112.4,0.15,1.0,0.15
0517220100400700010111,Chigorodó,89.1,0.9,25.2,126.2,0.15,1.0,0.15
0549010000000000010314,Necoclí,89.4,0.3,90.0,165.3,0.15,1.0,0.15
0549010000000000010330,Necoclí,150.9,1.0,151.9,277.4,0.15,1.0,0.15
0549010000000000010431,Necoclí,88.5,0.2,89.1,164.4,0.15,1.0,0.15
0549010000000000010721,Necoclí,151.6,0.3,152.6,278.2,0.15,1.0,0.15
0549020030300200010129,Necoclí,100.8,63.2,242.1,368.8,0.15,0.15,0.15
0549020050300500010108,Necoclí,131.0,3.9,178.3,308.6,0.15,1.0,0.15
0549020120301000010103,Necoclí,126.5,0.7,136.8,271.7,0.15,1.0,0.15
0565920010300300010126,San Juan de Urabá,21.9,21.9,285.7,423.4,0.65,0.65,0.15
0566520040200200010114,San Pedro de Urabá,35.9,0.9,104.8,188.6,0.4,1.0,0.15
0583720090600300010119,Turbo,30.1,0.4,0.4,115.4,0.4,1.0,0.15
0583720090700100010728,Turbo,4.1,3.1,0.8,85.3,1.0,1.0,0.15
0583720090700100020409,Turbo,2.9,2.0,0.5,89.2,1.0,1.0,0.15
0583720090700100020512,Turbo,2.0,0.7,0.3,87.5,1.0,1.0,0.15
0583720090700100020526,Turbo,2.7,1.4,0.2,87.8,1.0,1.0,0.15
0583720100700200010415,Turbo,39.3,0.3,1.2,53.3,0.4,1.0,0.4
0583720090600300010304,Turbo,18.8,0.0,0.3,68.3,0.65,1.0,0.15
0583720090402400010118,Turbo,10.9,3.9,0.8,121.4,0.85,1.0,0.15
0583720030802900010108,Turbo,24.6,0.2,25.2,100.6,0.65,1.0,0.15
0514710000000000010108,Carepa,1.7,0.3,0.1,23.2,1.0,1.0,0.65
0514710000000000010115,Carepa,1.7,0.3,0.2,23.1,1.0,1.0,0.65
0514710000000000020215,Carepa,4.7,1.8,4.5,42.6,1.0,1.0,0.4
0514710000000000020244,Carepa,5.0,2.1,4.7,42.5,1.0,1.0,0.4
0514710000000000020310,Carepa,3.0,1.0,3.6,43.7,1.0,1.0,0.4
0514710000000000020519,Carepa,1.0,1.2,1.6,41.8,1.0,1.0,0.4
0514720010700700010127,Carepa,24.4,9.6,19.7,32.0,0.65,0.85,0.4
0514720010700700010133,Carepa,14.5,5.8,11.7,19.4,0.85,0.85,0.65
0517210000000000020204,Chigorodó,39.8,0.9,1.6,69.9,0.4,1.0,0.15
0517210000000000020219,Chigorodó,41.4,1.1,2.6,71.7,0.4,1.0,0.15
0517210000000000020507,Chigorodó,43.2,1.5,4.3,73.3,0.4,1.0,0.15
0517210000000000050106,Chigorodó,37.5,0.4,1.0,68.5,0.4,1.0,0.15
0517210000000000050129,Chigorodó,38.3,0.9,0.7,69.0,0.4,1.0,0.15
0517210000000000060213,Chigorodó,24.7,0.5,0.7,43.6,0.65,1.0,0.4
0517210000000000060809,Chigorodó,42.1,1.1,2.2,73.3,0.4,1.0,0.15
0517210000000000060913,Chigorodó,43.4,1.3,4.0,73.8,0.4,1.0,0.15
0565910000000000010132,San Juan de Urabá,3.5,3.5,291.5,431.3,1.0,1.0,0.15
0565910000000000010202,San Juan de Urabá,1.3,1.3,292.1,432.1,1.0,1.0,0.15
0566510000000000020105,San Pedro de Urabá,1.7,1.2,70.5,151.8,1.0,1.0,0.15
0505110000000000011104,Arboletes,2.5,2.4,337.0,480.1,1.0,1.0,0.15
0549010000000000010416,Necoclí,87.8,0.1,88.4,163.7,0.15,1.0,0.15
0549020040400900010116,Necoclí,114.1,23.4,197.6,328.2,0.15,0.65,0.15
0583720050603700010105,Turbo,31.6,8.7,39.8,124.7,0.4,0.85,0.15
0504520020300900010109,Apartadó,22.6,1.4,0.6,29.9,0.65,1.0,0.65
0504520020300900010121,Apartadó,22.0,0.9,1.0,29.5,0.65,1.0,0.65
0504520020300900010216,Apartadó,12.7,0.8,1.1,17.4,0.85,1.0,0.65
0504520010301100010226,Apartadó,6.2,1.9,1.1,40.0,0.85,1.0,0.4
0505110000000000010223,Arboletes,0.7,0.9,205.1,290.9,1.0,1.0,0.15
0505110000000000011023,Arboletes,1.5,2.5,337.5,480.4,1.0,1.0,0.15
0505110000000000011042,Arboletes,2.2,3.1,336.8,479.7,1.0,1.0,0.15
0505120050401400010102,Arboletes,94.5,0.7,191.2,335.6,0.15,1.0,0.15
0514710000000000020511,Carepa,0.9,1.3,1.3,42.1,1.0,1.0,0.4
0514710000000000020707,Carepa,2.2,0.3,2.6,43.2,1.0,1.0,0.4
0549010000000000010130,Necoclí,89.9,0.7,90.5,165.8,0.15,1.0,0.15
0549010000000000010201,Necoclí,148.8,0.2,149.8,275.2,0.15,1.0,0.15
0549010000000000010212,Necoclí,88.7,0.3,89.3,164.6,0.15,1.0,0.15
0549010000000000010708,Necoclí,152.4,1.1,153.5,279.1,0.15,1.0,0.15
0549020120600100010116,Necoclí,102.5,2.3,103.6,229.6,0.15,1.0,0.15
0549020120600100010233,Necoclí,101.9,3.2,103.0,229.0,0.15,1.0,0.15
0549020120600100010410,Necoclí,104.9,0.3,106.0,231.9,0.15,1.0,0.15
0549020120300300010114,Necoclí,131.2,1.2,137.6,270.9,0.15,1.0,0.15
0549020120101100010103,Necoclí,78.0,0.6,78.6,154.2,0.15,1.0,0.15
0565920010100500010124,San Juan de Urabá,32.6,32.6,271.1,408.3,0.4,0.4,0.15
0566510000000000010350,San Pedro de Urabá,2.6,0.2,115.7,252.4,1.0,1.0,0.15
0566510000000000010726,San Pedro de Urabá,1.6,0.6,119.4,255.2,1.0,1.0,0.15
0566510000000000010807,San Pedro de Urabá,0.3,0.1,71.1,153.3,1.0,1.0,0.15
0566510000000000030101,San Pedro de Urabá,1.2,1.2,69.7,152.0,1.0,1.0,0.15
0566520010100400010118,San Pedro de Urabá,74.8,20.0,140.6,226.1,0.15,0.65,0.15
0583720090700100010727,Turbo,4.0,3.0,0.7,85.4,1.0,1.0,0.15
0583720090700100020220,Turbo,2.1,0.9,0.5,88.4,1.0,1.0,0.15
0583720090700100020225,Turbo,0.9,0.6,1.1,88.4,1.0,1.0,0.15
0583720090700100020334,Turbo,3.8,3.5,2.2,91.2,1.0,1.0,0.15
0583720090700100020349,Turbo,4.1,3.6,2.1,91.2,1.0,1.0,0.15
0583720090700100020503,Turbo,2.0,0.7,0.2,88.0,1.0,1.0,0.15
0583720090600300010337,Turbo,27.5,3.3,0.7,110.6,0.65,1.0,0.15
0583720090302300010108,Turbo,9.6,2.1,2.5,120.3,0.85,1.0,0.15
0583720090402400010109,Turbo,11.4,4.5,0.7,121.8,0.85,1.0,0.15
0583720090602600010111,Turbo,18.4,0.4,1.4,102.9,0.65,1.0,0.15
0583720090103900010111,Turbo,16.5,5.6,17.3,142.0,0.65,0.85,0.15
0504520050300100010113,Apartadó,22.7,0.5,22.0,75.4,0.65,1.0,0.15
0514710000000000010205,Carepa,5.1,1.2,1.0,36.5,0.85,1.0,0.4
0514710000000000020416,Carepa,1.8,1.1,2.1,41.6,1.0,1.0,0.4
0514710000000000030602,Carepa,1.5,1.1,1.8,42.7,1.0,1.0,0.4
0549010000000000010615,Necoclí,92.2,3.2,92.8,168.0,0.15,1.0,0.15
0549010000000000010703,Necoclí,152.8,1.5,153.8,279.4,0.15,1.0,0.15
0549010000000000010709,Necoclí,152.5,1.0,153.6,279.2,0.15,1.0,0.15
0565910000000000010133,San Juan de Urabá,3.4,3.4,291.5,431.3,1.0,1.0,0.15
0565920010100100010114,San Juan de Urabá,35.1,35.1,282.0,418.1,0.4,0.4,0.15
0566510000000000010155,San Pedro de Urabá,1.0,0.4,72.4,154.0,1.0,1.0,0.15
0583720020101300010116,Turbo,62.0,0.7,124.3,269.1,0.15,1.0,0.15
0583720100700200010208,Turbo,39.8,0.6,1.5,54.2,0.4,1.0,0.4
0583720100400800010106,Turbo,17.0,1.7,2.3,64.7,0.65,1.0,0.15
0583720100400800010205,Turbo,18.7,0.7,1.0,66.7,0.65,1.0,0.15
0583720030803200010108,Turbo,28.2,1.0,28.8,104.4,0.65,1.0,0.15
0514710000000000010229,Carepa,5.7,1.8,0.4,36.2,0.85,1.0,0.4
0514710000000000020226,Carepa,7.0,2.6,7.0,44.4,0.85,1.0,0.4
0514710000000000020610,Carepa,1.9,0.7,2.4,42.4,1.0,1.0,0.4
0514710000000000020806,Carepa,5.7,2.6,6.1,44.4,0.85,1.0,0.4
0514710000000000030117,Carepa,1.8,0.4,0.5,39.5,1.0,1.0,0.4
0514710000000000030222,Carepa,2.2,0.9,0.2,39.1,1.0,1.0,0.4
0514710000000000030419,Carepa,1.4,2.2,1.2,42.3,1.0,1.0,0.4
0514710000000000030621,Carepa,2.0,2.2,1.7,42.8,1.0,1.0,0.4
0514710000000000030638,Carepa,2.6,1.5,2.7,43.8,1.0,1.0,0.4
0514720010700700010129,Carepa,24.2,9.4,19.5,32.0,0.65,0.85,0.4
0517210000000000010606,Chigorodó,40.5,0.6,3.1,69.8,0.4,1.0,0.15
0517210000000000020210,Chigorodó,39.2,0.3,1.2,69.4,0.4,1.0,0.15
0517210000000000020334,Chigorodó,40.1,0.5,1.3,70.8,0.4,1.0,0.15
0517210000000000020423,Chigorodó,42.4,1.5,3.8,72.4,0.4,1.0,0.15
0517210000000000030211,Chigorodó,38.0,1.0,0.4,68.3,0.4,1.0,0.15
0517210000000000040111,Chigorodó,22.2,0.2,0.7,40.1,0.65,1.0,0.4
0517210000000000050323,Chigorodó,38.4,0.1,1.4,70.0,0.4,1.0,0.15
0517210000000000050420,Chigorodó,39.2,1.2,1.0,71.4,0.4,1.0,0.15
0517210000000000050430,Chigorodó,38.9,0.8,1.2,71.1,0.4,1.0,0.15
0517210000000000050712,Chigorodó,23.3,1.1,1.3,43.0,0.65,1.0,0.4
0517210000000000050805,Chigorodó,39.7,0.7,0.6,71.9,0.4,1.0,0.15
0517210000000000060124,Chigorodó,39.8,0.7,0.7,71.4,0.4,1.0,0.15
0517210000000000060317,Chigorodó,41.1,1.1,1.8,72.2,0.4,1.0,0.15
0517210000000000060506,Chigorodó,41.5,0.6,2.3,72.4,0.4,1.0,0.15
0517210000000000060609,Chigorodó,41.9,0.9,1.9,73.3,0.4,1.0,0.15
0517210000000000060610,Chigorodó,42.0,0.9,2.0,73.4,0.4,1.0,0.15
0517210000000000060932,Chigorodó,44.4,2.3,4.9,74.7,0.4,1.0,0.15
0549020030200400010101,Necoclí,58.3,58.3,258.0,391.9,0.4,0.4,0.15
0565910000000000010134,San Juan de Urabá,3.3,3.3,291.6,431.4,1.0,1.0,0.15
0565910000000000010518,San Juan de Urabá,0.1,0.1,177.3,261.6,1.0,1.0,0.15
0566510000000000011007,San Pedro de Urabá,3.5,2.5,71.1,154.1,1.0,1.0,0.15
0583720110201800010213,Turbo,57.7,11.6,48.7,133.5,0.4,0.85,0.15
0514710000000000020207,Carepa,5.2,2.1,5.0,43.0,0.85,1.0,0.4
0549010000000000010118,Necoclí,89.7,0.4,90.3,165.5,0.15,1.0,0.15
0549010000000000010706,Necoclí,152.6,1.1,153.7,279.3,0.15,1.0,0.15
0549020030300200010203,Necoclí,100.1,62.0,240.8,367.7,0.15,0.15,0.15
0549020120100700010114,Necoclí,141.5,7.1,142.6,268.5,0.15,0.85,0.15
0565920010300300010102,San Juan de Urabá,23.6,23.6,285.0,422.5,0.65,0.65,0.15
0566520010100400010117,San Pedro de Urabá,74.5,19.8,140.3,225.8,0.15,0.65,0.15
0583720100700200010206,Turbo,40.2,0.7,1.5,54.4,0.4,1.0,0.4
0583720100400800010112,Turbo,17.1,1.6,2.0,64.8,0.65,1.0,0.15
0583720100400800010407,Turbo,16.9,1.3,1.6,64.8,0.65,1.0,0.15
0504520050300100010103,Apartadó,13.6,0.1,13.2,45.3,0.85,1.0,0.4
0504520020500200010304,Apartadó,13.5,0.1,7.2,32.2,0.85,1.0,0.4
0504520020300900010328,Apartadó,21.6,3.2,1.4,31.8,0.65,1.0,0.4
0504520010301100010201,Apartadó,5.9,0.8,2.5,40.9,0.85,1.0,0.4
0504520010301100010203,Apartadó,5.5,0.8,2.2,41.0,0.85,1.0,0.4
0504520030101500010117,Apartadó,19.4,2.7,2.6,33.6,0.65,1.0,0.4
0505110000000000010321,Arboletes,1.6,1.6,337.8,480.9,1.0,1.0,0.15
0505110000000000010704,Arboletes,0.6,2.4,339.5,482.7,1.0,1.0,0.15
0505110000000000010907,Arboletes,0.3,3.0,340.2,483.4,1.0,1.0,0.15
0505120060400100010101,Arboletes,74.2,37.9,157.5,243.8,0.15,0.4,0.15
0505120030200800010112,Arboletes,69.0,56.3,230.9,374.2,0.15,0.4,0.15
0514710000000000020303,Carepa,2.6,0.8,3.2,43.1,1.0,1.0,0.4
0514710000000000020514,Carepa,1.4,1.0,1.7,42.6,1.0,1.0,0.4
0549010000000000010108,Necoclí,147.6,0.3,148.7,274.1,0.15,1.0,0.15
0549010000000000010214,Necoclí,146.7,0.6,147.7,273.2,0.15,1.0,0.15
0549010000000000010313,Necoclí,89.4,0.3,90.0,165.3,0.15,1.0,0.15
0549010000000000010403,Necoclí,147.8,0.6,148.9,274.4,0.15,1.0,0.15
0549020120600100010135,Necoclí,101.8,2.8,102.9,228.9,0.15,1.0,0.15
0549020120600100010318,Necoclí,103.7,4.7,104.8,230.6,0.15,1.0,0.15
0549020120300300010129,Necoclí,80.1,0.6,83.1,162.7,0.15,1.0,0.15
0549020120600600010105,Necoclí,72.8,1.2,73.5,149.0,0.15,1.0,0.15
0549020050401800010107,Necoclí,159.9,3.7,166.0,291.9,0.15,1.0,0.15
0566510000000000010410,San Pedro de Urabá,3.5,1.8,118.3,253.6,1.0,1.0,0.15
0566510000000000010419,San Pedro de Urabá,3.7,2.1,118.0,253.2,1.0,1.0,0.15
0566510000000000010429,San Pedro de Urabá,3.9,2.1,118.1,253.3,1.0,1.0,0.15
0566520040200200010102,San Pedro de Urabá,62.2,1.1,177.1,316.8,0.15,1.0,0.15
0583720090700100010109,Turbo,1.0,2.4,2.1,88.7,1.0,1.0,0.15
0583720090700100010112,Turbo,1.5,2.8,2.3,88.3,1.0,1.0,0.15
0583720090700100010118,Turbo,3.5,4.7,1.4,87.7,1.0,1.0,0.15
0583720090700100010137,Turbo,2.0,3.3,2.5,88.8,1.0,1.0,0.15
0583720090700100010508,Turbo,0.6,1.2,0.7,52.5,1.0,1.0,0.4
0583720090700100010721,Turbo,2.0,1.2,0.7,51.9,1.0,1.0,0.4
0583720090700100020325,Turbo,3.5,3.3,2.4,91.2,1.0,1.0,0.15
0583720090700100020402,Turbo,2.8,1.9,0.7,89.3,1.0,1.0,0.15
0583720100700200010307,Turbo,24.3,0.7,0.2,31.9,0.65,1.0,0.4
0583720100700200020407,Turbo,38.0,1.1,0.9,52.4,0.4,1.0,0.4
0583720100700200020413,Turbo,37.9,1.3,0.8,52.2,0.4,1.0,0.4
0583720050200500010111,Turbo,23.2,0.3,47.8,131.5,0.65,1.0,0.15
0583720100400800010302,Turbo,10.9,0.3,0.6,39.7,0.85,1.0,0.4
0583720070201200010107,Turbo,42.7,0.0,30.1,116.4,0.4,1.0,0.15
0583720050202800010105,Turbo,30.2,0.1,49.0,135.6,0.4,1.0,0.15
0583720030802900010110,Turbo,24.5,0.1,25.1,100.6,0.65,1.0,0.15
0583720050603700010102,Turbo,52.9,14.9,66.2,207.8,0.4,0.85,0.15
0583720090103900010114,Turbo,16.2,5.1,17.0,141.7,0.65,0.85,0.15
0514710000000000010131,Carepa,3.0,0.8,0.6,38.3,1.0,1.0,0.4
0514710000000000010406,Carepa,3.6,0.5,0.6,38.0,1.0,1.0,0.4
0514710000000000010802,Carepa,3.7,0.6,0.4,38.5,1.0,1.0,0.4
0514720010700700010115,Carepa,15.5,5.8,12.6,18.2,0.65,0.85,0.65
0517210000000000010611,Chigorodó,39.9,0.3,2.6,69.4,0.4,1.0,0.15
0517210000000000020332,Chigorodó,39.8,0.3,1.3,71.1,0.4,1.0,0.15
0517210000000000020426,Chigorodó,42.4,1.9,3.8,72.1,0.4,1.0,0.15
0517210000000000050406,Chigorodó,38.7,0.9,1.4,71.0,0.4,1.0,0.15
0517210000000000050421,Chigorodó,39.2,1.1,1.0,71.4,0.4,1.0,0.15
0517210000000000060309,Chigorodó,40.9,0.8,2.1,71.8,0.4,1.0,0.15
0517210000000000060426,Chigorodó,42.4,0.4,3.3,72.9,0.4,1.0,0.15
0517210000000000060617,Chigorodó,42.2,1.0,2.2,73.6,0.4,1.0,0.15
0517210000000000061001,Chigorodó,42.4,0.4,2.5,74.4,0.4,1.0,0.15
0549020090501500010126,Necoclí,68.4,0.5,92.0,176.3,0.15,1.0,0.15
0565910000000000010308,San Juan de Urabá,0.5,0.5,292.9,433.1,1.0,1.0,0.15
0565910000000000010138,San Juan de Urabá,1.5,1.5,174.6,258.6,1.0,1.0,0.15
0565910000000000010522,San Juan de Urabá,1.1,1.1,294.5,434.9,1.0,1.0,0.15
0565910000000000010802,San Juan de Urabá,1.9,1.9,289.3,429.6,1.0,1.0,0.15
0566510000000000020123,San Pedro de Urabá,1.5,1.2,49.8,107.9,1.0,1.0,0.15
0566510000000000030111,San Pedro de Urabá,2.2,1.2,115.9,252.8,1.0,1.0,0.15
0583720110201800010216,Turbo,57.4,11.9,48.6,133.3,0.4,0.85,0.15
0583720110201800010306,Turbo,57.0,12.2,47.7,133.3,0.4,0.85,0.15
0583720110201800010311,Turbo,56.2,13.0,47.7,132.4,0.4,0.85,0.15
0583720110201800010323,Turbo,56.1,13.2,48.3,132.0,0.4,0.85,0.15
0505110000000000010302,Arboletes,0.7,0.7,203.0,288.8,1.0,1.0,0.15
0505110000000000011108,Arboletes,2.8,2.8,336.6,479.7,1.0,1.0,0.15
0505120030200800010101,Arboletes,40.6,34.6,139.3,225.3,0.4,0.4,0.15
0505120050401400010111,Arboletes,94.3,0.5,191.4,335.8,0.15,1.0,0.15
0505120050401400010114,Arboletes,56.3,0.1,114.5,201.1,0.4,1.0,0.15
0514710000000000020418,Carepa,1.5,1.4,1.7,41.3,1.0,1.0,0.4
0514710000000000030426,Carepa,1.0,1.8,0.9,42.0,1.0,1.0,0.4
0517220060601500010112,Chigorodó,48.1,6.1,8.6,77.7,0.4,0.85,0.15
0549010000000000010306,Necoclí,149.6,0.6,150.7,276.2,0.15,1.0,0.15
0549020120600100010114,Necoclí,102.4,2.2,103.5,229.5,0.15,1.0,0.15
0549020120600100010225,Necoclí,101.9,3.1,103.0,228.9,0.15,1.0,0.15
0549020040400900010130,Necoclí,51.0,8.3,83.2,138.9,0.4,0.85,0.15
0549020120801600010107,Necoclí,67.4,0.9,69.0,150.9,0.15,1.0,0.15
0565920010300300010112,San Juan de Urabá,23.0,23.0,284.9,422.5,0.65,0.65,0.15
0566510000000000010113,San Pedro de Urabá,0.6,0.6,71.7,153.3,1.0,1.0,0.15
0566510000000000010207,San Pedro de Urabá,0.4,0.9,119.1,255.2,1.0,1.0,0.15
0583720100700200020416,Turbo,38.2,1.0,0.6,51.8,0.4,1.0,0.4
0583720090700100020367,Turbo,3.2,3.1,2.4,91.0,1.0,1.0,0.15
0583720100700200020314,Turbo,38.0,1.4,1.1,52.8,0.4,1.0,0.4
0583720050200500010115,Turbo,37.4,1.1,80.8,220.1,0.4,1.0,0.15
0583720100400800010417,Turbo,16.7,1.3,1.4,64.7,0.65,1.0,0.15
0583720020101300010115,Turbo,37.2,0.6,74.5,161.3,0.4,1.0,0.15
0583720020101300010208,Turbo,36.7,0.5,74.9,161.8,0.4,1.0,0.15
0583720090402400010112,Turbo,11.0,4.1,0.5,121.7,0.85,1.0,0.15
0583720010204000010102,Turbo,17.2,7.7,68.8,154.5,0.65,0.85,0.15
0504520020500200010105,Apartadó,15.3,1.4,9.4,30.0,0.65,1.0,0.65
0505110000000000010414,Arboletes,0.6,0.6,204.0,289.8,1.0,1.0,0.15
0514710000000000030305,Carepa,2.0,0.4,0.6,39.9,1.0,1.0,0.4
0549020120600100010221,Necoclí,61.4,2.1,62.0,137.6,0.15,1.0,0.15
0565920010300300010132,San Juan de Urabá,22.1,22.1,285.4,423.2,0.65,0.65,0.15
0566520040200800010108,San Pedro de Urabá,80.2,6.2,183.0,326.6,0.15,0.85,0.15
0583720090700100010207,Turbo,1.5,2.8,2.2,88.1,1.0,1.0,0.15
0583720090700100020302,Turbo,3.0,2.5,1.4,90.2,1.0,1.0,0.15
0583720090700100020502,Turbo,1.9,0.6,0.2,87.6,1.0,1.0,0.15
0583720090700100020516,Turbo,2.6,1.2,0.1,88.0,1.0,1.0,0.15
0583720100700200020116,Turbo,22.4,1.1,0.3,31.0,0.65,1.0,0.4
0583720100700200020325,Turbo,37.8,1.8,1.2,53.1,0.4,1.0,0.4
0583720080301000010108,Turbo,14.4,0.5,7.1,84.1,0.85,1.0,0.15
0583720070201200010129,Turbo,43.7,0.6,29.1,115.6,0.4,1.0,0.15
0583720020101300010114,Turbo,62.4,1.0,124.3,269.1,0.15,1.0,0.15
0583720020101300010119,Turbo,37.1,0.1,75.0,161.9,0.4,1.0,0.15
0583720090603000010103,Turbo,18.9,3.7,3.6,101.2,0.65,1.0,0.15
0514710000000000030103,Carepa,2.2,0.1,0.6,39.1,1.0,1.0,0.4
0514710000000000030412,Carepa,0.9,2.0,0.4,40.6,1.0,1.0,0.4
0517210000000000010315,Chigorodó,39.6,0.7,3.3,68.4,0.4,1.0,0.15
0517210000000000010503,Chigorodó,39.2,0.3,2.8,68.2,0.4,1.0,0.15
0517210000000000010510,Chigorodó,24.1,0.2,1.9,41.5,0.65,1.0,0.4
0517210000000000030203,Chigorodó,38.5,0.8,1.2,68.5,0.4,1.0,0.15
0517210000000000040116,Chigorodó,13.3,0.5,0.7,24.5,0.85,1.0,0.65
0517210000000000050610,Chigorodó,23.2,0.5,0.0,41.8,0.65,1.0,0.4
0517210000000000050708,Chigorodó,38.8,1.4,1.6,71.3,0.4,1.0,0.15
0517210000000000050713,Chigorodó,23.5,1.7,2.2,43.6,0.65,1.0,0.4
0517210000000000060117,Chigorodó,40.3,0.7,1.2,71.6,0.4,1.0,0.15
0517210000000000060518,Chigorodó,42.1,0.7,2.4,73.2,0.4,1.0,0.15
0517210000000000060911,Chigorodó,43.2,1.2,3.9,73.7,0.4,1.0,0.15
0517210000000000060931,Chigorodó,44.4,2.3,4.9,74.7,0.4,1.0,0.15
0549020030200400010107,Necoclí,59.1,59.1,257.5,391.3,0.4,0.4,0.15
0565910000000000010141,San Juan de Urabá,1.1,1.1,174.8,258.8,1.0,1.0,0.15
0565910000000000010306,San Juan de Urabá,0.2,0.2,175.6,259.7,1.0,1.0,0.15
0565910000000000010611,San Juan de Urabá,1.1,1.1,174.9,259.1,1.0,1.0,0.15
0565910000000000010710,San Juan de Urabá,1.5,1.5,291.8,432.1,1.0,1.0,0.15
0565910000000000010712,San Juan de Urabá,2.6,2.6,174.4,258.8,1.0,1.0,0.15
0583720110201800010126,Turbo,56.1,13.1,46.4,133.0,0.4,0.85,0.15
0514720011001000010111,Carepa,17.8,3.4,2.0,33.2,0.65,1.0,0.4
0517210000000000010214,Chigorodó,41.3,1.1,4.7,69.8,0.4,1.0,0.15
0549020030200400010119,Necoclí,34.9,34.9,153.8,234.3,0.4,0.4,0.15
0549010000000000010415,Necoclí,87.8,0.1,88.4,163.7,0.15,1.0,0.15
0566510000000000010542,San Pedro de Urabá,1.0,0.4,72.1,154.0,1.0,1.0,0.15
0566520040200200010109,San Pedro de Urabá,60.8,0.5,175.8,315.4,0.15,1.0,0.15
0583720090700100010320,Turbo,3.5,4.6,1.7,87.0,1.0,1.0,0.15
0583720090700100020331,Turbo,4.4,3.9,2.4,91.5,1.0,1.0,0.15
0583720100700200010205,Turbo,40.2,0.6,1.4,54.3,0.4,1.0,0.4
0583720070201200010120,Turbo,71.9,0.1,49.5,193.5,0.15,1.0,0.15
0504520050300100010109,Apartadó,21.9,0.9,21.2,74.7,0.65,1.0,0.15
0504520020500200010307,Apartadó,8.0,0.2,4.4,19.2,0.85,1.0,0.65
0504520020300900010326,Apartadó,21.4,2.6,1.0,31.2,0.65,1.0,0.4
0504520010301100010222,Apartadó,6.7,2.2,0.9,39.6,0.85,1.0,0.4
0505110000000000010234,Arboletes,0.4,0.4,339.5,482.6,1.0,1.0,0.15
0505110000000000010601,Arboletes,0.8,0.8,203.4,289.3,1.0,1.0,0.15
0505120040101000010114,Arboletes,53.6,22.2,132.0,218.6,0.4,0.65,0.15
0583720090102700010109,Turbo,18.8,1.4,14.2,138.7,0.65,1.0,0.15
0583720090603100010104,Turbo,18.0,4.2,4.2,100.1,0.65,1.0,0.15
0549010000000000010508,Necoclí,87.6,1.2,88.3,163.7,0.15,1.0,0.15
0549010000000000010603,Necoclí,59.3,0.6,59.7,106.7,0.4,1.0,0.15
0549010000000000010720,Necoclí,151.5,0.4,152.5,278.1,0.15,1.0,0.15
0549010000000000010820,Necoclí,153.1,1.6,154.1,279.7,0.15,1.0,0.15
0549020120600100010111,Necoclí,61.7,1.1,62.4,138.0,0.15,1.0,0.15
0549020120600100010133,Necoclí,62.9,0.6,63.5,139.1,0.15,1.0,0.15
0549020120600100010227,Necoclí,102.0,3.4,103.1,229.1,0.15,1.0,0.15
0549020040400900010102,Necoclí,67.6,15.0,119.4,197.8,0.15,0.85,0.15
0549020040400900010119,Necoclí,69.0,13.6,118.2,196.5,0.15,0.85,0.15
0549020090501500010109,Necoclí,114.3,1.1,154.8,295.6,0.15,1.0,0.15
0566510000000000010221,San Pedro de Urabá,1.4,1.0,118.8,254.6,1.0,1.0,0.15
0566510000000000010413,San Pedro de Urabá,2.9,1.5,118.1,253.6,1.0,1.0,0.15
0566510000000000010864,San Pedro de Urabá,1.5,0.3,71.5,154.0,1.0,1.0,0.15
0566510000000000020112,San Pedro de Urabá,2.0,2.0,117.6,253.5,1.0,1.0,0.15
0566520010100400010109,San Pedro de Urabá,75.8,21.3,141.8,227.3,0.15,0.65,0.15
0583720090700100020420,Turbo,3.0,2.1,0.6,89.5,1.0,1.0,0.15
0583720090700100020431,Turbo,4.2,3.2,1.0,90.1,1.0,1.0,0.15
0583720100700200010117,Turbo,40.8,0.4,1.0,54.1,0.4,1.0,0.4
0583720090700100010117,Turbo,3.2,4.5,1.6,87.7,1.0,1.0,0.15
0583720090700100010123,Turbo,2.0,2.8,0.9,52.9,1.0,1.0,0.4
0583720090700100010217,Turbo,2.9,4.1,2.1,87.5,1.0,1.0,0.15
0583720090700100010617,Turbo,1.8,1.6,0.9,51.2,1.0,1.0,0.4
0583720090700100020324,Turbo,3.3,3.1,2.3,91.0,1.0,1.0,0.15
0583720090700100020350,Turbo,4.0,3.5,2.0,91.1,1.0,1.0,0.15
0583720100700200010417,Turbo,23.5,0.3,0.6,31.7,0.65,1.0,0.4
0583720100700200020131,Turbo,22.3,1.2,0.3,30.8,0.65,1.0,0.4
0583720100700200020305,Turbo,38.5,1.1,1.7,53.4,0.4,1.0,0.4
0583720100700200020506,Turbo,37.4,2.1,0.9,52.8,0.4,1.0,0.4
0583720090600300010203,Turbo,18.3,0.4,0.6,68.6,0.65,1.0,0.15
0583720090600300010319,Turbo,18.3,0.1,0.2,67.8,0.65,1.0,0.15
0583720100400800010314,Turbo,10.4,0.4,0.3,39.4,0.85,1.0,0.4
0583720100400800010408,Turbo,16.6,1.3,1.9,64.5,0.65,1.0,0.15
0583720100400800010409,Turbo,16.3,1.0,2.0,64.2,0.65,1.0,0.15
0583720020101300010112,Turbo,62.1,0.5,124.7,269.5,0.15,1.0,0.15
0583720090503500010105,Turbo,13.6,9.7,9.2,62.9,0.85,0.85,0.15
0583720010204000010104,Turbo,29.1,12.7,114.1,257.0,0.65,0.85,0.15
0514710000000000010725,Carepa,2.3,0.6,2.6,41.8,1.0,1.0,0.4
0514710000000000020521,Carepa,0.9,1.1,1.5,41.9,1.0,1.0,0.4
0514710000000000030421,Carepa,1.4,2.0,1.3,42.4,1.0,1.0,0.4
0514720010700700010102,Carepa,14.8,5.6,12.0,18.5,0.85,0.85,0.65
0514720010700700010112,Carepa,25.2,9.9,20.4,31.3,0.65,0.85,0.4
0514720011001000010139,Carepa,16.6,2.0,0.9,32.3,0.65,1.0,0.4
0517210000000000010204,Chigorodó,40.7,0.6,4.4,69.1,0.4,1.0,0.15
0517210000000000010805,Chigorodó,25.9,2.0,4.7,41.8,0.65,1.0,0.4
0517210000000000020326,Chigorodó,39.4,0.2,0.7,70.0,0.4,1.0,0.15
0517210000000000050204,Chigorodó,37.5,0.3,1.3,68.8,0.4,1.0,0.15
0517210000000000050328,Chigorodó,16.1,0.3,1.1,30.0,0.65,1.0,0.65
0517210000000000050329,Chigorodó,38.0,1.3,2.3,70.6,0.4,1.0,0.15
0517210000000000050405,Chigorodó,38.7,1.0,1.5,71.1,0.4,1.0,0.15
0517210000000000050417,Chigorodó,39.0,1.0,1.1,71.2,0.4,1.0,0.15
0517210000000000060112,Chigorodó,40.2,0.7,1.2,71.5,0.4,1.0,0.15
0517210000000000060717,Chigorodó,42.9,1.5,2.9,74.3,0.4,1.0,0.15
0517210000000000060925,Chigorodó,44.1,2.1,4.7,74.3,0.4,1.0,0.15
0565910000000000010717,San Juan de Urabá,3.8,3.8,291.2,431.7,1.0,1.0,0.15
0583720110201800010119,Turbo,56.9,12.3,47.5,133.4,0.4,0.85,0.15
0583720110201800010206,Turbo,57.6,11.7,48.1,133.8,0.4,0.85,0.15
0583720110201800010325,Turbo,56.6,12.7,48.5,132.5,0.4,0.85,0.15
0505110000000000010410,Arboletes,0.1,0.3,204.0,289.8,1.0,1.0,0.15
0505110000000000011109,Arboletes,2.8,2.7,336.7,479.8,1.0,1.0,0.15
0505120020500300010106,Arboletes,55.2,33.4,146.2,233.1,0.4,0.4,0.15
0514710000000000020210,Carepa,5.1,2.0,5.2,43.3,0.85,1.0,0.4
0549020050300500010111,Necoclí,131.0,4.0,178.5,308.7,0.15,1.0,0.15
0565910000000000010403,San Juan de Urabá,1.6,1.6,293.9,434.2,1.0,1.0,0.15
0566510000000000010315,San Pedro de Urabá,1.0,1.0,117.6,254.3,1.0,1.0,0.15
0566520010100400010115,San Pedro de Urabá,75.1,20.3,140.9,226.4,0.15,0.65,0.15
0583720090700100010208,Turbo,0.6,1.4,1.1,52.9,1.0,1.0,0.4
0583720090700100010707,Turbo,3.0,2.2,0.5,85.8,1.0,1.0,0.15
0583720090700100020305,Turbo,3.7,3.1,1.7,90.7,1.0,1.0,0.15
0583720100700200020219,Turbo,38.7,0.9,1.3,53.0,0.4,1.0,0.4
0583720100700200020418,Turbo,38.0,1.2,0.8,51.6,0.4,1.0,0.4
0583720090600300010220,Turbo,17.9,0.7,1.5,67.7,0.65,1.0,0.15
0504520020500200010313,Apartadó,13.9,0.6,7.4,32.2,0.85,1.0,0.4
0504520020300900010110,Apartadó,22.6,1.6,0.5,30.1,0.65,1.0,0.4
0504520010301100010204,Apartadó,5.6,0.9,2.1,40.8,0.85,1.0,0.4
0505110000000000010230,Arboletes,0.2,0.2,339.5,482.6,1.0,1.0,0.15
0505110000000000010915,Arboletes,0.5,2.1,204.3,290.2,1.0,1.0,0.15
0505120030200900010120,Arboletes,36.0,35.9,139.9,225.2,0.4,0.4,0.15
0505120030101100010116,Arboletes,34.3,34.3,151.4,237.6,0.4,0.4,0.15
0514710000000000010309,Carepa,3.9,0.1,0.6,37.6,1.0,1.0,0.4
0549020050300500010212,Necoclí,131.4,3.6,178.3,308.4,0.15,1.0,0.15
0514710000000000020104,Carepa,4.3,1.4,3.8,41.8,1.0,1.0,0.4
0514710000000000020118,Carepa,3.8,1.1,3.2,41.3,1.0,1.0,0.4
0517220100400700010108,Chigorodó,53.7,0.4,15.3,75.9,0.4,1.0,0.15
0549010000000000010325,Necoclí,89.1,0.4,89.7,165.0,0.15,1.0,0.15
0549010000000000010902,Necoclí,154.2,3.4,155.3,281.0,0.15,1.0,0.15
0549020040400900010111,Necoclí,113.1,24.0,197.9,328.8,0.15,0.65,0.15
0549020040400900010122,Necoclí,113.0,24.0,197.9,328.8,0.15,0.65,0.15
0549020040400900010124,Necoclí,67.7,14.4,118.7,197.3,0.15,0.85,0.15
0565910000000000010112,San Juan de Urabá,0.6,0.6,290.7,430.8,1.0,1.0,0.15
0565920010100100010107,San Juan de Urabá,34.5,34.5,282.0,418.1,0.4,0.4,0.15
0565920010100500010120,San Juan de Urabá,19.7,19.7,162.4,244.7,0.65,0.65,0.15
0566510000000000010839,San Pedro de Urabá,1.5,0.7,119.4,256.4,1.0,1.0,0.15
0566510000000000011016,San Pedro de Urabá,3.4,2.4,70.9,153.9,1.0,1.0,0.15
0566520010100400010113,San Pedro de Urabá,75.2,20.5,141.1,226.6,0.15,0.65,0.15
0583720090700100010135,Turbo,2.7,4.0,2.2,88.4,1.0,1.0,0.15
0583720100700200010405,Turbo,39.6,0.2,1.2,53.7,0.4,1.0,0.4
0583720100700200010413,Turbo,39.2,0.4,1.4,53.5,0.4,1.0,0.4
0583720100700200020316,Turbo,38.1,1.5,1.3,53.1,0.4,1.0,0.4
0583720090600300010111,Turbo,30.5,0.4,0.5,114.9,0.4,1.0,0.15
0583720090600300010318,Turbo,30.5,0.4,0.7,112.8,0.4,1.0,0.15
0583720080301000010119,Turbo,13.9,0.5,7.2,83.9,0.85,1.0,0.15
0583720090602600010115,Turbo,18.3,0.6,1.7,103.3,0.65,1.0,0.15
0583720090603000010101,Turbo,11.7,2.2,2.0,61.1,0.85,1.0,0.15
0583720030803200010113,Turbo,31.1,1.9,31.7,107.2,0.4,1.0,0.15
0583720240204300010101,Turbo,59.9,9.1,59.9,115.5,0.4,0.85,0.15
0514710000000000010507,Carepa,2.2,0.2,0.8,23.7,1.0,1.0,0.65
0514710000000000020317,Carepa,3.2,0.6,3.7,43.2,1.0,1.0,0.4
0514710000000000020509,Carepa,1.2,0.9,1.6,42.4,1.0,1.0,0.4
0514710000000000020516,Carepa,0.4,1.8,0.9,41.2,1.0,1.0,0.4
0514710000000000030118,Carepa,1.6,0.5,0.8,39.7,1.0,1.0,0.4
0514710000000000030234,Carepa,2.1,1.7,0.6,39.4,1.0,1.0,0.4
0514710000000000030438,Carepa,0.1,1.9,0.7,41.3,1.0,1.0,0.4
0514710000000000030529,Carepa,1.2,1.9,0.7,40.4,1.0,1.0,0.4
0514720011001000010127,Carepa,17.4,2.8,1.7,33.1,0.65,1.0,0.4
0517210000000000010119,Chigorodó,24.2,0.0,2.7,41.1,0.65,1.0,0.4
0517210000000000010535,Chigorodó,41.4,1.1,3.7,70.5,0.4,1.0,0.15
0517210000000000010706,Chigorodó,40.8,0.5,4.9,68.8,0.4,1.0,0.15
0517210000000000020101,Chigorodó,39.2,0.5,1.9,68.9,0.4,1.0,0.15
0517210000000000020201,Chigorodó,39.0,0.2,1.4,69.1,0.4,1.0,0.15
0517210000000000060116,Chigorodó,40.2,0.8,0.8,71.7,0.4,1.0,0.15
0517210000000000060220,Chigorodó,41.4,0.2,1.4,73.2,0.4,1.0,0.15
0517210000000000060313,Chigorodó,40.9,1.2,1.4,72.2,0.4,1.0,0.15
0517210000000000060702,Chigorodó,42.4,0.9,2.3,73.9,0.4,1.0,0.15
0517210000000000060813,Chigorodó,42.5,0.6,3.0,73.4,0.4,1.0,0.15
0583720110201800010220,Turbo,34.3,7.3,29.5,79.6,0.4,0.85,0.15
0583720110201800010308,Turbo,34.1,7.5,28.8,79.8,0.4,0.85,0.15
0504520050300100010105,Apartadó,22.7,0.3,22.0,75.4,0.65,1.0,0.15
0504520010301100010210,Apartadó,6.0,1.2,1.8,40.5,0.85,1.0,0.4
0504520030101500010120,Apartadó,19.8,2.6,2.3,33.2,0.65,1.0,0.4
0505110000000000010703,Arboletes,0.5,2.3,339.7,482.9,1.0,1.0,0.15
0505110000000000010706,Arboletes,1.1,2.2,339.0,482.2,1.0,1.0,0.15
0505110000000000010801,Arboletes,0.3,2.4,339.8,483.0,1.0,1.0,0.15
0505110000000000011112,Arboletes,2.7,2.6,336.7,479.8,1.0,1.0,0.15
0505120060600500010107,Arboletes,69.1,12.0,131.3,217.6,0.15,0.85,0.15
0505120040101000010116,Arboletes,88.0,38.6,221.8,366.2,0.15,0.4,0.15
0514710000000000020409,Carepa,2.2,0.8,2.6,41.9,1.0,1.0,0.4
0549010000000000010307,Necoclí,149.6,0.5,150.7,276.2,0.15,1.0,0.15
0549010000000000010511,Necoclí,145.8,2.2,146.9,272.6,0.15,1.0,0.15
0549010000000000010707,Necoclí,152.6,1.2,153.6,279.2,0.15,1.0,0.15
0549020120600100010136,Necoclí,101.6,3.0,102.7,228.6,0.15,1.0,0.15
0549020030300200010114,Necoclí,100.4,63.8,242.6,369.4,0.15,0.15,0.15
0549020030300200010115,Necoclí,100.6,63.8,242.6,369.4,0.15,0.15,0.15
0549020120100700010106,Necoclí,84.3,3.8,85.0,160.6,0.15,1.0,0.15
0549020040400900010118,Necoclí,114.5,23.1,197.4,327.9,0.15,0.65,0.15
0549020120301000010112,Necoclí,125.9,0.4,136.0,270.9,0.15,1.0,0.15
0549020090201200010108,Necoclí,57.9,15.2,116.7,200.9,0.4,0.65,0.15
0565920010200600010108,San Juan de Urabá,14.0,14.0,166.0,248.9,0.85,0.85,0.15
0566510000000000010120,San Pedro de Urabá,1.7,0.4,120.0,255.8,1.0,1.0,0.15
0566510000000000010734,San Pedro de Urabá,2.1,0.8,118.7,254.3,1.0,1.0,0.15
0566510000000000010736,San Pedro de Urabá,2.1,0.5,119.0,254.6,1.0,1.0,0.15
0566510000000000011010,San Pedro de Urabá,4.7,2.5,119.9,257.8,1.0,1.0,0.15
0566520040200200010112,San Pedro de Urabá,36.7,0.4,105.6,189.4,0.4,1.0,0.15
0583720090700100020342,Turbo,3.0,2.7,2.0,90.6,1.0,1.0,0.15
0583720100700200020324,Turbo,38.3,1.3,1.6,53.4,0.4,1.0,0.4
0583720090600300010336,Turbo,27.7,3.1,0.5,110.8,0.65,1.0,0.15
0583720050200500010113,Turbo,38.0,0.4,80.3,219.8,0.4,1.0,0.15
0583720070201200010128,Turbo,43.6,0.6,29.1,115.5,0.4,1.0,0.15
0583720020101300010109,Turbo,37.3,0.2,75.1,162.0,0.4,1.0,0.15
0583720090402400010111,Turbo,10.7,3.9,0.5,121.8,0.85,1.0,0.15
0583720050603700010106,Turbo,52.7,14.7,66.4,207.9,0.4,0.85,0.15
0504520020500200010305,Apartadó,13.4,0.1,7.1,32.3,0.85,1.0,0.4
0504520010101400010114,Apartadó,44.7,0.7,16.3,39.7,0.4,1.0,0.4
0505110000000000010914,Arboletes,0.6,2.9,340.6,483.8,1.0,1.0,0.15
0505120030200900010108,Arboletes,36.2,35.7,139.7,225.0,0.4,0.4,0.15
0514710000000000020706,Carepa,2.4,0.5,2.9,43.4,1.0,1.0,0.4
0566510000000000030115,San Pedro de Urabá,1.6,0.2,69.3,151.3,1.0,1.0,0.15
0583720090700100020407,Turbo,3.7,2.8,0.7,89.8,1.0,1.0,0.15
0583720090700100010314,Turbo,1.8,2.9,2.1,87.4,1.0,1.0,0.15
0583720090700100020332,Turbo,4.1,3.7,2.2,91.3,1.0,1.0,0.15
0583720090602600010105,Turbo,18.2,0.3,1.6,102.9,0.65,1.0,0.15
0583720090102700010106,Turbo,10.4,0.1,8.9,82.8,0.85,1.0,0.15
0514710000000000010724,Carepa,2.2,0.7,2.5,41.7,1.0,1.0,0.4
0514710000000000010820,Carepa,3.0,0.2,0.6,38.9,1.0,1.0,0.4
0514710000000000020902,Carepa,5.0,1.9,5.5,44.0,1.0,1.0,0.4
0514720011001000010115,Carepa,17.7,3.2,1.9,33.2,0.65,1.0,0.4
0517210000000000010802,Chigorodó,43.9,4.0,8.4,70.5,0.4,1.0,0.15
0517210000000000010803,Chigorodó,26.2,2.3,5.0,42.1,0.65,1.0,0.4
0517210000000000020324,Chigorodó,40.5,0.6,1.7,71.2,0.4,1.0,0.15
0517210000000000020335,Chigorodó,40.3,0.6,1.5,71.0,0.4,1.0,0.15
0517210000000000050604,Chigorodó,38.6,0.3,0.5,69.8,0.4,1.0,0.15
0517210000000000060718,Chigorodó,25.2,0.0,1.3,44.5,0.65,1.0,0.4
0549020030200400010116,Necoclí,35.4,35.4,154.2,234.5,0.4,0.4,0.15
0565910000000000010201,San Juan de Urabá,0.8,0.8,175.1,259.2,1.0,1.0,0.15
0565910000000000010414,San Juan de Urabá,0.6,0.6,176.0,260.1,1.0,1.0,0.15
0565910000000000010705,San Juan de Urabá,2.4,2.4,291.6,432.1,1.0,1.0,0.15
0504520020300900010213,Apartadó,22.4,0.6,1.3,29.1,0.65,1.0,0.65
0505110000000000010214,Arboletes,0.3,0.3,340.5,483.5,1.0,1.0,0.15
0505110000000000010346,Arboletes,2.3,2.2,337.2,480.3,1.0,1.0,0.15
0505120060400100010109,Arboletes,124.1,62.9,262.3,406.1,0.15,0.15,0.15
0505120020500300010115,Arboletes,91.4,57.4,245.4,390.2,0.15,0.4,0.15
0505120030200900010110,Arboletes,60.5,59.2,232.6,374.6,0.15,0.4,0.15
0514710000000000010331,Carepa,5.5,1.6,0.6,36.4,0.85,1.0,0.4
0549020120600100010125,Necoclí,103.0,2.0,104.1,230.0,0.15,1.0,0.15
0549020120300300010111,Necoclí,130.2,2.7,138.1,271.8,0.15,1.0,0.15
0549020120301000010102,Necoclí,75.7,0.5,82.1,163.0,0.15,1.0,0.15
0565920010300300010125,San Juan de Urabá,22.2,22.2,285.6,423.3,0.65,0.65,0.15
0566510000000000010633,San Pedro de Urabá,0.5,0.6,71.9,153.7,1.0,1.0,0.15
0566510000000000010660,San Pedro de Urabá,1.7,1.2,120.6,256.9,1.0,1.0,0.15
0583720090700100020212,Turbo,1.4,0.6,0.9,88.5,1.0,1.0,0.15
0583720090600300010329,Turbo,28.1,2.8,0.8,111.5,0.65,1.0,0.15
0583720090402400010102,Turbo,7.2,3.0,0.7,73.0,0.85,1.0,0.15
0504520020500200010310,Apartadó,8.1,0.4,4.5,19.0,0.85,1.0,0.65
0504520020500200010208,Apartadó,14.6,0.9,8.8,30.5,0.85,1.0,0.4
0504520020300300010107,Apartadó,12.1,0.4,0.2,18.6,0.85,1.0,0.65
0504520020300900010228,Apartadó,13.1,0.4,1.0,17.3,0.85,1.0,0.65
0504520030101500010123,Apartadó,20.2,2.1,2.0,32.8,0.65,1.0,0.4
0505110000000000010213,Arboletes,0.5,0.5,340.8,483.8,1.0,1.0,0.15
0505110000000000010904,Arboletes,0.6,3.1,340.6,483.8,1.0,1.0,0.15
0514710000000000020414,Carepa,2.0,1.1,2.4,42.0,1.0,1.0,0.4
0517220060601500010101,Chigorodó,48.1,6.1,8.6,77.5,0.4,0.85,0.15
0549010000000000010803,Necoclí,153.7,2.3,154.7,280.3,0.15,1.0,0.15
0549020120600100010403,Necoclí,103.5,2.2,104.6,230.5,0.15,1.0,0.15
0549020120300300010119,Necoclí,78.9,0.2,82.0,161.8,0.15,1.0,0.15
0549020120100700010116,Necoclí,84.1,3.7,84.8,160.3,0.15,1.0,0.15
0549020090200800010102,Necoclí,57.8,18.0,117.3,200.9,0.4,0.65,0.15
0549020040400900010108,Necoclí,113.4,24.2,198.3,329.0,0.15,0.65,0.15
0549020040400900010113,Necoclí,68.0,14.3,118.7,197.2,0.15,0.85,0.15
0549020120101100010108,Necoclí,77.4,0.2,78.1,153.7,0.15,1.0,0.15
0565910000000000010222,San Juan de Urabá,1.1,1.1,292.1,432.2,1.0,1.0,0.15
0566510000000000010357,San Pedro de Urabá,2.0,0.7,69.5,151.2,1.0,1.0,0.15
0566520040200800010111,San Pedro de Urabá,79.8,6.7,182.8,326.4,0.15,0.85,0.15
0583720090700100010134,Turbo,3.0,4.3,1.9,88.3,1.0,1.0,0.15
0583720090700100010312,Turbo,1.2,2.3,1.6,87.7,1.0,1.0,0.15
0583720090700100010316,Turbo,2.6,3.7,2.6,87.2,1.0,1.0,0.15
0583720090700100020104,Turbo,0.1,0.7,0.6,52.9,1.0,1.0,0.4
0583720090700100020339,Turbo,3.0,2.8,2.1,90.7,1.0,1.0,0.15
0583720090700100020406,Turbo,3.7,3.0,1.3,90.4,1.0,1.0,0.15
0583720090700100020414,Turbo,4.0,3.1,0.9,89.9,1.0,1.0,0.15
0583720100700200010310,Turbo,40.4,1.4,0.8,52.6,0.4,1.0,0.4
0583720100700200020127,Turbo,39.0,1.5,0.8,51.1,0.4,1.0,0.4
0583720090600300010305,Turbo,18.4,0.2,1.0,67.8,0.65,1.0,0.15
0583720090600300010323,Turbo,30.8,0.3,1.2,113.5,0.4,1.0,0.15
0583720020101300010206,Turbo,61.3,0.8,125.3,270.1,0.15,1.0,0.15
0583720090402400010120,Turbo,10.9,3.8,1.0,121.3,0.85,1.0,0.15
0583720090602600010102,Turbo,18.6,0.1,1.3,103.3,0.65,1.0,0.15
0583720090603000010102,Turbo,18.7,3.4,3.4,101.3,0.65,1.0,0.15
0514710000000000030406,Carepa,0.2,1.9,0.5,41.0,1.0,1.0,0.4
0514710000000000030525,Carepa,1.7,2.9,0.9,41.0,1.0,1.0,0.4
0517210000000000010208,Chigorodó,40.4,0.3,4.1,68.8,0.4,1.0,0.15
0517210000000000010509,Chigorodó,39.9,0.6,3.1,68.9,0.4,1.0,0.15
0517210000000000020114,Chigorodó,40.8,1.5,2.6,70.5,0.4,1.0,0.15
0517210000000000020325,Chigorodó,40.4,0.4,1.6,71.1,0.4,1.0,0.15
0517210000000000050522,Chigorodó,38.9,0.7,1.2,70.8,0.4,1.0,0.15
0517210000000000050808,Chigorodó,40.0,0.5,0.4,72.1,0.4,1.0,0.15
0517210000000000050809,Chigorodó,40.2,0.4,0.4,72.2,0.4,1.0,0.15
0517210000000000060514,Chigorodó,41.9,0.7,2.2,72.9,0.4,1.0,0.15
0549020030200400010113,Necoclí,34.9,34.9,154.3,234.7,0.4,0.4,0.15
0549020050300500010219,Necoclí,79.1,1.9,106.7,184.7,0.15,1.0,0.15
0565910000000000010621,San Juan de Urabá,3.2,3.2,290.1,430.6,1.0,1.0,0.15
0583720110201800010301,Turbo,55.7,13.5,47.3,132.1,0.4,0.85,0.15
0514710000000000010407,Carepa,3.3,0.6,0.3,38.2,1.0,1.0,0.4
0514710000000000010512,Carepa,3.4,0.1,2.0,40.1,1.0,1.0,0.4
0514710000000000030540,Carepa,1.5,2.6,0.9,41.9,1.0,1.0,0.4
0514710000000000030603,Carepa,1.7,0.9,2.0,42.9,1.0,1.0,0.4
0517210000000000010538,Chigorodó,41.6,1.2,4.1,70.6,0.4,1.0,0.15
0517210000000000050316,Chigorodó,38.1,0.3,2.0,70.2,0.4,1.0,0.15
0517210000000000060401,Chigorodó,40.7,1.0,2.0,71.3,0.4,1.0,0.15
0583720110201800010118,Turbo,56.7,12.5,47.4,133.2,0.4,0.85,0.15
0504520020300900010317,Apartadó,21.7,2.4,0.7,31.0,0.65,1.0,0.4
0549020040400900010126,Necoclí,114.3,23.2,197.4,328.0,0.15,0.65,0.15
0504520010301100010223,Apartadó,6.7,2.2,0.9,39.5,0.85,1.0,0.4
0504520030101500010104,Apartadó,19.2,2.6,2.5,33.6,0.65,1.0,0.4
0504520010101600010108,Apartadó,34.6,4.9,15.2,36.4,0.4,1.0,0.4
0514710000000000010137,Carepa,2.8,0.8,0.8,38.4,1.0,1.0,0.4
0514710000000000010118,Carepa,2.4,0.1,0.4,38.9,1.0,1.0,0.4
0549020120600600010107,Necoclí,121.5,1.5,122.5,248.5,0.15,1.0,0.15
0549010000000000010234,Necoclí,146.4,0.8,147.4,272.8,0.15,1.0,0.15
0549010000000000010823,Necoclí,152.8,1.7,153.9,279.5,0.15,1.0,0.15
0549020120300300010126,Necoclí,134.1,1.7,139.5,272.1,0.15,1.0,0.15
0565910000000000010212,San Juan de Urabá,0.3,0.3,292.1,432.3,1.0,1.0,0.15
0565920010300300010116,San Juan de Urabá,13.9,13.9,170.4,253.0,0.85,0.85,0.15
0566510000000000010808,San Pedro de Urabá,0.3,0.3,118.2,255.1,1.0,1.0,0.15
0566520020300300010113,San Pedro de Urabá,117.2,47.9,233.9,372.5,0.15,0.4,0.15
0583720090700100010614,Turbo,2.8,2.1,0.9,85.8,1.0,1.0,0.15
0583720090700100010726,Turbo,3.9,2.8,0.7,85.6,1.0,1.0,0.15
0583720090700100020230,Turbo,1.9,1.6,1.6,89.6,1.0,1.0,0.15
0583720100700200010207,Turbo,40.1,0.8,1.6,54.4,0.4,1.0,0.4
0583720100700200010210,Turbo,39.9,0.5,1.2,54.1,0.4,1.0,0.4
0583720050200500010101,Turbo,23.2,0.4,47.9,131.8,0.65,1.0,0.15
0583720030700600010101,Turbo,62.3,0.3,63.4,189.0,0.15,1.0,0.15
0583720100400800010117,Turbo,16.7,1.4,2.1,64.5,0.65,1.0,0.15
0583720080301000010106,Turbo,14.4,0.8,6.8,83.8,0.85,1.0,0.15
0583720090402400010119,Turbo,6.4,2.1,0.7,72.7,0.85,1.0,0.15
0583720090302500010105,Turbo,4.5,3.3,4.8,79.7,1.0,1.0,0.15
0583720010203800010107,Turbo,7.3,6.7,45.6,105.7,0.85,0.85,0.15
0505110000000000010145,Arboletes,0.5,0.8,204.4,290.3,1.0,1.0,0.15
0505110000000000010207,Arboletes,0.3,0.2,339.3,482.4,1.0,1.0,0.15
0505110000000000010702,Arboletes,0.7,2.2,339.6,482.7,1.0,1.0,0.15
0505110000000000011015,Arboletes,1.6,1.5,337.9,480.9,1.0,1.0,0.15
0505120040101000010109,Arboletes,88.8,37.4,220.2,364.6,0.15,0.4,0.15
0505120030101100010103,Arboletes,56.8,56.8,253.4,397.1,0.4,0.4,0.15
0517220100400700010102,Chigorodó,53.3,0.7,14.9,75.5,0.4,1.0,0.15
0549020120600100010407,Necoclí,62.3,0.5,63.0,138.5,0.15,1.0,0.15
0549020030300200010218,Necoclí,60.2,36.4,143.6,219.7,0.15,0.4,0.15
0565910000000000010504,San Juan de Urabá,0.8,0.8,296.3,436.7,1.0,1.0,0.15
0566510000000000010858,San Pedro de Urabá,1.3,0.4,71.2,153.7,1.0,1.0,0.15
0583720090700100010309,Turbo,0.6,1.8,1.3,88.0,1.0,1.0,0.15
0583720090700100010704,Turbo,1.9,1.5,0.5,51.2,1.0,1.0,0.4
0583720090700100010729,Turbo,4.0,3.0,0.5,85.1,1.0,1.0,0.15
0583720090700100020322,Turbo,3.1,3.0,2.4,90.9,1.0,1.0,0.15
0514710000000000010338,Carepa,3.1,0.8,0.5,22.0,1.0,1.0,0.65
0514710000000000010712,Carepa,2.3,1.0,1.8,40.8,1.0,1.0,0.4
0514710000000000020229,Carepa,6.6,3.1,6.8,44.7,0.85,1.0,0.4
0514710000000000030240,Carepa,1.3,0.9,0.5,40.0,1.0,1.0,0.4
0517210000000000010305,Chigorodó,40.0,0.3,3.7,68.6,0.4,1.0,0.15
0517210000000000010605,Chigorodó,40.2,0.6,3.0,69.5,0.4,1.0,0.15
0517210000000000010801,Chigorodó,44.1,4.1,8.5,70.6,0.4,1.0,0.15
0517210000000000020209,Chigorodó,39.5,0.6,1.3,69.7,0.4,1.0,0.15
0517210000000000020216,Chigorodó,41.2,1.6,2.5,71.3,0.4,1.0,0.15
0517210000000000020221,Chigorodó,41.7,1.0,3.0,72.0,0.4,1.0,0.15
0517210000000000030212,Chigorodó,38.2,0.7,0.7,68.5,0.4,1.0,0.15
0517210000000000050113,Chigorodó,37.4,1.3,0.2,68.0,0.4,1.0,0.15
0517210000000000050118,Chigorodó,38.3,0.5,0.6,69.5,0.4,1.0,0.15
0517210000000000060214,Chigorodó,41.3,0.7,1.3,72.8,0.4,1.0,0.15
0517210000000000060501,Chigorodó,41.4,0.7,2.2,72.3,0.4,1.0,0.15
0517210000000000060601,Chigorodó,41.7,0.9,1.8,73.1,0.4,1.0,0.15
0517210000000000060613,Chigorodó,41.9,0.3,1.9,73.7,0.4,1.0,0.15
0517210000000000060621,Chigorodó,42.1,0.4,2.1,74.0,0.4,1.0,0.15
0517210000000000061007,Chigorodó,42.8,0.8,2.9,74.8,0.4,1.0,0.15
0565910000000000010315,San Juan de Urabá,0.4,0.4,175.3,259.4,1.0,1.0,0.15
0565910000000000010102,San Juan de Urabá,0.8,0.8,175.0,259.0,1.0,1.0,0.15
0565910000000000010620,San Juan de Urabá,3.5,3.5,290.2,430.7,1.0,1.0,0.15
0583720110201800010122,Turbo,33.5,8.1,27.6,79.7,0.4,0.85,0.15
0583720110201800010324,Turbo,56.3,12.9,48.4,132.2,0.4,0.85,0.15
0505110000000000010112,Arboletes,0.3,1.3,204.0,289.9,1.0,1.0,0.15
0583720100700200010114,Turbo,40.9,1.0,0.7,53.4,0.4,1.0,0.4
0583720090700100020308,Turbo,1.6,1.3,0.8,53.9,1.0,1.0,0.4
0583720100700200010515,Turbo,39.1,0.2,0.8,52.7,0.4,1.0,0.4
0583720240400900010104,Turbo,28.7,0.4,29.4,79.6,0.65,1.0,0.15
0504520020300900010127,Apartadó,13.0,1.3,0.3,18.4,0.85,1.0,0.65
0504520010301100010233,Apartadó,7.0,2.6,0.5,39.2,0.85,1.0,0.4
0505110000000000010225,Arboletes,0.4,0.5,340.5,483.5,1.0,1.0,0.15
0505110000000000010233,Arboletes,0.2,0.2,339.5,482.6,1.0,1.0,0.15
0505110000000000010523,Arboletes,1.4,2.8,338.3,481.2,1.0,1.0,0.15
0505110000000000010547,Arboletes,1.2,2.4,337.8,480.7,1.0,1.0,0.15
0505110000000000011013,Arboletes,1.1,1.8,338.0,481.0,1.0,1.0,0.15
0505110000000000011035,Arboletes,1.5,2.4,337.5,480.4,1.0,1.0,0.15
0505120020500300010108,Arboletes,55.3,33.8,146.6,233.5,0.4,0.4,0.15
0505120030200900010105,Arboletes,60.0,59.9,233.3,375.3,0.4,0.4,0.15
0514710000000000010228,Carepa,5.7,1.8,0.6,36.1,0.85,1.0,0.4
0514710000000000010231,Carepa,5.3,1.4,0.9,36.4,0.85,1.0,0.4
0514710000000000020306,Carepa,3.0,1.1,3.6,43.5,1.0,1.0,0.4
0517220060601500010108,Chigorodó,47.6,5.6,8.0,77.4,0.4,0.85,0.15
0549010000000000010220,Necoclí,87.9,0.7,88.5,163.8,0.15,1.0,0.15
0549010000000000010323,Necoclí,88.9,0.4,89.5,164.8,0.15,1.0,0.15
0549020030300200010113,Necoclí,60.0,38.5,145.8,221.8,0.4,0.4,0.15
0549020120300300010132,Necoclí,79.9,0.6,82.9,162.5,0.15,1.0,0.15
0549020050401800010110,Necoclí,96.2,2.0,99.3,174.9,0.15,1.0,0.15
0565920010100100010106,San Juan de Urabá,21.0,21.0,169.3,250.9,0.65,0.65,0.15
0565920010300300010109,San Juan de Urabá,22.5,22.5,285.0,422.7,0.65,0.65,0.15
0565920010300300010128,San Juan de Urabá,21.9,21.9,284.0,421.8,0.65,0.65,0.15
0565920020300400010107,San Juan de Urabá,31.2,31.2,143.4,227.5,0.4,0.4,0.15
0566510000000000010414,San Pedro de Urabá,2.8,1.5,118.1,253.6,1.0,1.0,0.15
0566510000000000010722,San Pedro de Urabá,1.4,0.8,119.3,255.2,1.0,1.0,0.15
0566510000000000010828,San Pedro de Urabá,0.3,0.3,70.7,152.9,1.0,1.0,0.15
0566510000000000010849,San Pedro de Urabá,1.1,0.7,119.0,256.0,1.0,1.0,0.15
0566510000000000020106,San Pedro de Urabá,1.7,1.4,70.3,151.7,1.0,1.0,0.15
0566520020300300010111,San Pedro de Urabá,117.5,48.1,234.1,372.8,0.15,0.4,0.15
0583720090700100010101,Turbo,3.5,4.8,1.3,87.8,1.0,1.0,0.15
0583720100700200020128,Turbo,23.0,1.1,0.5,30.4,0.65,1.0,0.4
0583720070201200010130,Turbo,73.1,1.3,48.2,192.2,0.15,1.0,0.15
0583720020101300010210,Turbo,37.4,0.9,74.3,161.1,0.4,1.0,0.15
0583720090603100010109,Turbo,17.7,4.2,4.0,100.0,0.65,1.0,0.15
0583720220103600010102,Turbo,107.1,18.3,33.4,122.0,0.15,0.65,0.15
0514710000000000010107,Carepa,1.9,0.5,0.2,22.9,1.0,1.0,0.65
0514710000000000010302,Carepa,4.2,0.3,0.4,37.3,1.0,1.0,0.4
0514720010700700010126,Carepa,24.7,9.8,19.9,31.9,0.65,0.85,0.4
0514710000000000010503,Carepa,4.3,0.8,1.9,39.5,1.0,1.0,0.4
0514710000000000010612,Carepa,3.7,0.4,2.3,40.3,1.0,1.0,0.4
0514710000000000010813,Carepa,3.2,0.6,1.0,39.1,1.0,1.0,0.4
0514710000000000030217,Carepa,0.9,1.3,0.1,40.3,1.0,1.0,0.4
0514710000000000030528,Carepa,2.0,3.0,1.2,40.7,1.0,1.0,0.4
0514720010700700010117,Carepa,25.4,10.1,20.6,31.2,0.65,0.85,0.4
0517210000000000010705,Chigorodó,40.9,0.6,5.0,68.8,0.4,1.0,0.15
0517210000000000020601,Chigorodó,18.7,1.0,2.1,31.4,0.65,1.0,0.4
0517210000000000040114,Chigorodó,37.3,0.3,0.9,67.2,0.4,1.0,0.15
0517210000000000050105,Chigorodó,22.3,0.4,0.7,40.9,0.65,1.0,0.4
0517210000000000050312,Chigorodó,37.9,0.4,2.0,69.9,0.4,1.0,0.15
0517210000000000050412,Chigorodó,38.8,0.7,1.2,70.9,0.4,1.0,0.15
0517210000000000050504,Chigorodó,38.7,0.3,1.5,70.3,0.4,1.0,0.15
0517210000000000060623,Chigorodó,41.7,0.4,1.8,73.8,0.4,1.0,0.15
0517210000000000060625,Chigorodó,41.6,0.5,1.8,73.7,0.4,1.0,0.15
0517210000000000060916,Chigorodó,43.5,1.4,3.9,74.1,0.4,1.0,0.15
0517210000000000060921,Chigorodó,43.6,1.6,4.0,74.2,0.4,1.0,0.15
0549020050300500010105,Necoclí,130.8,4.1,178.1,308.5,0.15,1.0,0.15
0565910000000000010143,San Juan de Urabá,2.3,2.3,172.5,256.5,1.0,1.0,0.15
0565910000000000010316,San Juan de Urabá,1.4,1.4,293.4,433.5,1.0,1.0,0.15
0565910000000000010113,San Juan de Urabá,0.2,0.2,174.5,258.6,1.0,1.0,0.15
0566510000000000020110,San Pedro de Urabá,0.9,0.8,118.2,254.5,1.0,1.0,0.15
0583720110201800010107,Turbo,56.6,12.6,46.8,133.4,0.4,0.85,0.15
0583720110201800010333,Turbo,55.8,13.5,48.5,131.6,0.4,0.85,0.15
0505120040101000010120,Arboletes,87.6,39.1,222.3,366.7,0.15,0.4,0.15
0504520020300900010219,Apartadó,9.2,0.6,0.4,12.8,0.85,1.0,0.85
0504520020300900010318,Apartadó,21.6,2.6,0.8,31.1,0.65,1.0,0.4
0505110000000000010539,Arboletes,2.7,4.2,337.0,479.9,1.0,1.0,0.15
0505110000000000010608,Arboletes,1.2,1.8,202.9,288.8,1.0,1.0,0.15
0505110000000000011027,Arboletes,1.9,2.6,337.1,480.1,1.0,1.0,0.15
0514710000000000010206,Carepa,5.1,1.2,1.2,36.4,0.85,1.0,0.4
0514710000000000010606,Carepa,3.1,0.8,2.3,40.9,1.0,1.0,0.4
0517220070300300010114,Chigorodó,83.7,2.6,28.8,112.3,0.15,1.0,0.15
0549020120600100010427,Necoclí,103.5,2.0,104.6,230.5,0.15,1.0,0.15
0549020030300200010208,Necoclí,100.2,61.7,240.4,367.3,0.15,0.15,0.15
0549020040400900010129,Necoclí,70.4,12.4,117.1,195.2,0.15,0.85,0.15
0565920010300300010121,San Juan de Urabá,23.0,23.0,285.3,422.9,0.65,0.65,0.15
0566510000000000010248,San Pedro de Urabá,0.9,0.9,71.0,152.5,1.0,1.0,0.15
0583720100700200010519,Turbo,39.0,0.3,0.3,52.1,0.4,1.0,0.4
0583720100700200020114,Turbo,23.1,0.6,0.0,30.9,0.65,1.0,0.4
0583720100700200020129,Turbo,16.6,1.3,0.9,21.3,0.65,1.0,0.65
0583720090600300010202,Turbo,18.3,0.5,0.7,68.5,0.65,1.0,0.15
0583720100400800010107,Turbo,17.3,1.6,2.0,65.0,0.65,1.0,0.15
0583720010203800010110,Turbo,6.5,6.1,46.1,106.1,0.85,0.85,0.15
0504520020300900010104,Apartadó,22.9,1.5,0.9,29.9,0.65,1.0,0.65
0504520020300900010325,Apartadó,21.5,2.5,0.8,31.0,0.65,1.0,0.4
0504520010301100010205,Apartadó,5.8,0.9,2.1,40.8,0.85,1.0,0.4
0505110000000000010221,Arboletes,0.3,0.3,203.9,289.7,1.0,1.0,0.15
0505110000000000010337,Arboletes,2.0,1.9,337.4,480.5,1.0,1.0,0.15
0505110000000000011037,Arboletes,1.8,2.7,337.2,480.2,1.0,1.0,0.15
0505120060600500010108,Arboletes,69.0,12.0,131.3,217.6,0.15,0.85,0.15
0505120030101100010128,Arboletes,57.9,57.9,252.8,396.6,0.4,0.4,0.15
0514710000000000030238,Carepa,1.6,1.5,0.5,39.8,1.0,1.0,0.4
0549020120301000010111,Necoclí,126.6,0.2,136.3,271.0,0.15,1.0,0.15
0549020120301400010107,Necoclí,83.0,0.4,86.3,165.4,0.15,1.0,0.15
0549010000000000010401,Necoclí,147.9,0.5,148.9,274.4,0.15,1.0,0.15
0549020120600100010309,Necoclí,103.5,3.8,104.5,230.5,0.15,1.0,0.15
0549020120100700010107,Necoclí,140.2,5.9,141.3,267.3,0.15,0.85,0.15
0549020090501500010121,Necoclí,114.1,0.1,153.8,294.5,0.15,1.0,0.15
0566510000000000010116,San Pedro de Urabá,2.1,0.3,120.4,256.1,1.0,1.0,0.15
0565920010300300010131,San Juan de Urabá,22.3,22.3,285.4,423.1,0.65,0.65,0.15
0565920020300400010102,San Juan de Urabá,31.6,31.6,143.0,227.1,0.4,0.4,0.15
0565920010100500010110,San Juan de Urabá,33.9,33.9,270.7,407.7,0.4,0.4,0.15
0566510000000000010503,San Pedro de Urabá,0.7,0.4,118.6,255.4,1.0,1.0,0.15
0566510000000000010666,San Pedro de Urabá,1.6,1.1,120.5,256.9,1.0,1.0,0.15
0566510000000000010712,San Pedro de Urabá,1.7,1.0,118.6,254.3,1.0,1.0,0.15
0566510000000000010731,San Pedro de Urabá,1.1,0.2,71.6,153.0,1.0,1.0,0.15
0566510000000000010820,San Pedro de Urabá,2.1,0.9,119.9,257.0,1.0,1.0,0.15
0566510000000000010842,San Pedro de Urabá,0.5,0.5,70.5,152.7,1.0,1.0,0.15
0566510000000000020115,San Pedro de Urabá,2.1,1.6,117.9,253.7,1.0,1.0,0.15
0583720090700100020428,Turbo,4.1,3.2,1.1,90.2,1.0,1.0,0.15
0583720090700100020437,Turbo,4.4,3.6,1.5,90.6,1.0,1.0,0.15
0583720100700200010111,Turbo,24.9,1.0,0.9,32.1,0.65,1.0,0.4
0583720100700200010409,Turbo,39.0,0.7,1.8,53.8,0.4,1.0,0.4
0583720100700200020130,Turbo,37.5,1.7,1.0,51.2,0.4,1.0,0.4
0583720090600300010311,Turbo,18.6,0.2,0.4,68.1,0.65,1.0,0.15
0583720080301000010110,Turbo,24.0,0.0,12.5,140.6,0.65,1.0,0.15
0583720080301000010118,Turbo,13.8,0.7,7.0,83.7,0.85,1.0,0.15
0583720070202000010104,Turbo,73.4,0.1,20.2,161.3,0.15,1.0,0.15
0583720050202800010103,Turbo,30.3,0.4,49.2,135.8,0.4,1.0,0.15
0583720030802900010109,Turbo,24.4,0.2,25.0,100.5,0.65,1.0,0.15
0583720030803200010110,Turbo,48.0,0.7,49.1,174.9,0.4,1.0,0.15
0514710000000000010412,Carepa,3.4,0.1,0.5,38.4,1.0,1.0,0.4
0514710000000000010803,Carepa,3.7,0.8,0.5,38.7,1.0,1.0,0.4
0514710000000000030224,Carepa,1.4,1.5,0.6,40.0,1.0,1.0,0.4
0514710000000000030512,Carepa,1.7,2.7,1.2,42.1,1.0,1.0,0.4
0514710000000000030626,Carepa,2.1,2.1,1.9,43.0,1.0,1.0,0.4
0517210000000000010108,Chigorodó,39.7,0.7,3.9,68.0,0.4,1.0,0.15
0517210000000000010123,Chigorodó,37.6,1.7,3.9,65.8,0.4,1.0,0.15
0517210000000000010318,Chigorodó,39.1,0.3,3.1,67.9,0.4,1.0,0.15
0517210000000000010403,Chigorodó,38.6,0.5,3.1,67.3,0.4,1.0,0.15
0517210000000000020308,Chigorodó,23.7,0.3,0.6,42.3,0.65,1.0,0.4
0517210000000000020516,Chigorodó,26.9,1.9,3.6,44.7,0.65,1.0,0.4
0517210000000000030102,Chigorodó,37.7,1.1,2.6,66.6,0.4,1.0,0.15
0517210000000000050101,Chigorodó,37.3,1.0,0.5,68.0,0.4,1.0,0.15
0517210000000000060736,Chigorodó,41.9,0.3,2.1,74.1,0.4,1.0,0.15
0517210000000000060802,Chigorodó,42.6,0.6,3.4,73.1,0.4,1.0,0.15
0517210000000000060922,Chigorodó,43.8,1.7,4.2,74.3,0.4,1.0,0.15
0549020030200400010120,Necoclí,35.0,35.0,153.8,234.3,0.4,0.4,0.15
0565910000000000010902,San Juan de Urabá,1.9,1.9,173.2,257.4,1.0,1.0,0.15
0566510000000000030113,San Pedro de Urabá,1.6,1.0,69.2,151.5,1.0,1.0,0.15
0514710000000000020107,Carepa,3.9,1.0,3.4,41.6,1.0,1.0,0.4
0549020120600100010310,Necoclí,103.4,4.0,104.5,230.4,0.15,1.0,0.15
0549020120600600010111,Necoclí,122.1,1.0,123.2,249.1,0.15,1.0,0.15
0565920010200600010106,San Juan de Urabá,23.1,23.1,276.6,414.7,0.65,0.65,0.15
0566520020300300010103,San Pedro de Urabá,70.9,29.0,140.8,224.0,0.15,0.65,0.15
0583720090700100020356,Turbo,4.1,3.6,1.9,91.1,1.0,1.0,0.15
0583720100700200010501,Turbo,39.9,1.0,0.7,52.4,0.4,1.0,0.4
0583720090600300010325,Turbo,17.4,1.1,0.5,67.2,0.65,1.0,0.15
0583720020101300010204,Turbo,36.9,0.2,74.9,161.8,0.4,1.0,0.15
0514710000000000010716,Carepa,2.6,0.3,2.4,41.4,1.0,1.0,0.4
0514710000000000010321,Carepa,4.1,1.0,0.3,38.3,1.0,1.0,0.4
0514710000000000010330,Carepa,4.5,0.9,0.2,37.4,1.0,1.0,0.4
0514710000000000020109,Carepa,2.2,0.5,2.0,25.1,1.0,1.0,0.65
0514710000000000020314,Carepa,1.7,0.1,1.7,25.1,1.0,1.0,0.65
0514710000000000020908,Carepa,5.7,2.7,6.2,44.9,0.85,1.0,0.4
0514710000000000030510,Carepa,1.6,2.9,0.9,41.7,1.0,1.0,0.4
0517210000000000010207,Chigorodó,24.1,0.3,2.5,41.1,0.65,1.0,0.4
0517210000000000010412,Chigorodó,22.9,0.4,1.3,40.5,0.65,1.0,0.4
0517210000000000020313,Chigorodó,23.8,0.3,0.7,42.1,0.65,1.0,0.4
0517210000000000020437,Chigorodó,43.0,2.6,4.6,72.3,0.4,1.0,0.15
0517210000000000030119,Chigorodó,22.6,0.4,0.8,40.5,0.65,1.0,0.4
0517210000000000050419,Chigorodó,39.2,1.2,1.1,71.5,0.4,1.0,0.15
0517210000000000060204,Chigorodó,40.5,0.5,0.6,72.2,0.4,1.0,0.15
0517210000000000060307,Chigorodó,40.7,0.8,1.7,71.8,0.4,1.0,0.15
0517210000000000060422,Chigorodó,42.2,0.2,3.0,72.8,0.4,1.0,0.15
0517210000000000060519,Chigorodó,42.2,0.4,2.7,73.0,0.4,1.0,0.15
0517210000000000060626,Chigorodó,41.4,0.7,1.7,73.6,0.4,1.0,0.15
0517210000000000060929,Chigorodó,44.3,2.3,4.7,74.8,0.4,1.0,0.15
0517210000000000061010,Chigorodó,43.0,0.9,3.1,75.0,0.4,1.0,0.15
0565910000000000010302,San Juan de Urabá,0.6,0.6,175.9,260.0,1.0,1.0,0.15
0565910000000000010213,San Juan de Urabá,0.4,0.4,174.8,258.9,1.0,1.0,0.15
0566510000000000010246,San Pedro de Urabá,0.7,0.4,71.1,153.0,1.0,1.0,0.15
0549020090201200010106,Necoclí,96.2,25.6,194.8,335.1,0.15,0.65,0.15
0504520020300300010104,Apartadó,8.7,0.4,0.5,12.8,0.85,1.0,0.85
0504520020300900010322,Apartadó,21.4,2.7,1.0,31.3,0.65,1.0,0.4
0504520010301100010206,Apartadó,5.9,0.9,2.2,40.7,0.85,1.0,0.4
0504520010101400010112,Apartadó,44.4,0.3,15.8,40.0,0.4,1.0,0.4
0505110000000000010304,Arboletes,0.4,0.4,203.4,289.2,1.0,1.0,0.15
0505110000000000010307,Arboletes,0.1,0.7,203.6,289.4,1.0,1.0,0.15
0505110000000000010407,Arboletes,0.3,0.3,204.3,290.1,1.0,1.0,0.15
0505110000000000010518,Arboletes,0.7,1.2,145.2,206.4,1.0,1.0,0.15
0505110000000000010605,Arboletes,1.9,2.5,338.1,481.3,1.0,1.0,0.15
0505110000000000011115,Arboletes,3.0,3.0,336.4,479.4,1.0,1.0,0.15
0549020030300200010213,Necoclí,101.1,61.2,240.0,366.8,0.15,0.15,0.15
0514710000000000010602,Carepa,3.6,0.7,2.5,40.6,1.0,1.0,0.4
0514710000000000030608,Carepa,1.3,1.7,1.3,42.4,1.0,1.0,0.4
0549020030300200010216,Necoclí,60.6,36.4,143.7,219.8,0.15,0.4,0.15
0549020030300200010209,Necoclí,99.8,60.7,239.4,366.4,0.15,0.15,0.15
0549010000000000010205,Necoclí,88.3,0.1,88.9,164.2,0.15,1.0,0.15
0549010000000000010208,Necoclí,89.2,0.3,89.8,165.1,0.15,1.0,0.15
0549010000000000010309,Necoclí,89.6,0.5,90.2,165.5,0.15,1.0,0.15
0549010000000000010814,Necoclí,153.2,2.0,154.3,279.9,0.15,1.0,0.15
0549020120600100010117,Necoclí,102.1,2.7,103.2,229.1,0.15,1.0,0.15
0549020120600100010316,Necoclí,61.8,2.2,62.4,138.0,0.15,1.0,0.15
0549020050300500010106,Necoclí,131.0,3.9,177.9,308.3,0.15,1.0,0.15
0549020120600600010117,Necoclí,72.6,1.2,73.2,148.8,0.15,1.0,0.15
0565910000000000010205,San Juan de Urabá,0.3,0.3,175.3,259.5,1.0,1.0,0.15
0565910000000000010221,San Juan de Urabá,0.9,0.9,292.2,432.3,1.0,1.0,0.15
0565910000000000010224,San Juan de Urabá,0.9,0.9,291.8,431.9,1.0,1.0,0.15
0565920010100100010122,San Juan de Urabá,21.3,21.3,168.2,249.9,0.65,0.65,0.15
0565920020500200010105,San Juan de Urabá,33.0,33.0,264.5,406.6,0.4,0.4,0.15
0565920010300300010120,San Juan de Urabá,13.3,13.3,170.7,253.4,0.85,0.85,0.15
0566510000000000010351,San Pedro de Urabá,0.9,0.7,50.1,108.5,1.0,1.0,0.15
0583720090700100010226,Turbo,3.7,4.9,1.4,87.3,1.0,1.0,0.15
0583720090700100010511,Turbo,1.4,2.3,1.5,87.2,1.0,1.0,0.15
0583720090700100020124,Turbo,0.2,1.2,1.2,88.3,1.0,1.0,0.15
0583720090700100020306,Turbo,3.5,2.9,1.4,90.4,1.0,1.0,0.15
0583720100700200020215,Turbo,38.7,0.6,1.0,52.7,0.4,1.0,0.4
0583720100700200020515,Turbo,37.0,2.2,0.3,52.1,0.4,1.0,0.4
0583720050200500010112,Turbo,38.1,0.4,80.2,219.7,0.4,1.0,0.15
0583720070201200010105,Turbo,42.3,0.4,30.5,116.8,0.4,1.0,0.15
0583720070201200010126,Turbo,43.0,0.6,29.6,115.8,0.4,1.0,0.15
0583720070201200010127,Turbo,43.1,0.7,29.4,115.7,0.4,1.0,0.15
0583720020101300010113,Turbo,62.3,0.8,124.5,269.3,0.15,1.0,0.15
0583720030802900010114,Turbo,24.0,0.4,24.6,100.1,0.65,1.0,0.15
0583720030803200010112,Turbo,30.4,1.2,31.0,106.5,0.4,1.0,0.15
0583720090503500010102,Turbo,13.7,9.3,8.8,63.2,0.85,0.85,0.15
0583720010204000010101,Turbo,17.5,7.4,68.9,154.6,0.65,0.85,0.15
0504520020300900010204,Apartadó,13.7,1.0,2.1,16.2,0.85,1.0,0.65
0505110000000000010123,Arboletes,0.8,1.8,340.8,483.9,1.0,1.0,0.15
0505110000000000010137,Arboletes,0.8,2.3,341.1,484.3,1.0,1.0,0.15
0505110000000000010543,Arboletes,0.8,1.6,202.6,288.4,1.0,1.0,0.15
0514710000000000020117,Carepa,3.7,1.1,3.0,41.1,1.0,1.0,0.4
0514710000000000020307,Carepa,3.0,1.1,3.6,43.6,1.0,1.0,0.4
0549010000000000010904,Necoclí,154.1,3.5,155.2,280.9,0.15,1.0,0.15
0549020120600100010417,Necoclí,103.2,1.5,104.3,230.2,0.15,1.0,0.15
0565910000000000010405,San Juan de Urabá,1.7,1.7,294.1,434.4,1.0,1.0,0.15
0566520020300300010101,San Pedro de Urabá,118.5,48.3,235.1,373.8,0.15,0.4,0.15
0583720090700100020215,Turbo,2.1,1.3,0.7,89.0,1.0,1.0,0.15
0583720090700100020229,Turbo,1.8,0.5,0.1,87.8,1.0,1.0,0.15
0583720030700600010110,Turbo,61.5,0.7,62.5,188.2,0.15,1.0,0.15
0583720030802900010107,Turbo,24.6,0.1,25.2,100.7,0.65,1.0,0.15
0504520020500200010108,Apartadó,14.9,1.2,9.1,30.2,0.85,1.0,0.4
0505110000000000010124,Arboletes,1.0,1.9,340.9,484.1,1.0,1.0,0.15
0505110000000000010126,Arboletes,0.7,2.1,340.9,484.1,1.0,1.0,0.15
0505110000000000011118,Arboletes,3.2,3.1,336.3,479.4,1.0,1.0,0.15
0505120050401400010112,Arboletes,94.4,0.8,191.0,335.5,0.15,1.0,0.15
0514710000000000020723,Carepa,2.6,0.7,3.1,43.6,1.0,1.0,0.4
0514710000000000030229,Carepa,1.7,1.3,0.2,39.6,1.0,1.0,0.4
0514720010601300010114,Carepa,17.6,17.6,2.3,2.2,0.65,0.65,1.0
0517220070300300010116,Chigorodó,50.5,1.2,17.4,67.7,0.4,1.0,0.15
0549010000000000010233,Necoclí,146.5,0.7,147.5,272.9,0.15,1.0,0.15
0549010000000000010509,Necoclí,88.0,1.3,88.6,164.0,0.15,1.0,0.15
0549010000000000010826,Necoclí,152.7,1.8,153.8,279.4,0.15,1.0,0.15
0549020120600100010423,Necoclí,62.9,0.4,63.6,139.2,0.15,1.0,0.15
0549020120300300010121,Necoclí,129.8,3.1,137.8,271.7,0.15,1.0,0.15
0549020050300500010206,Necoclí,131.3,3.6,177.7,308.1,0.15,1.0,0.15
0549020090201200010107,Necoclí,96.2,25.7,194.9,335.2,0.15,0.65,0.15
0565910000000000010211,San Juan de Urabá,0.4,0.4,175.1,259.2,1.0,1.0,0.15
0566510000000000010334,San Pedro de Urabá,1.8,0.9,116.6,253.2,1.0,1.0,0.15
0566510000000000010347,San Pedro de Urabá,2.1,0.5,116.1,252.8,1.0,1.0,0.15
0566510000000000010508,San Pedro de Urabá,0.5,0.2,119.0,255.4,1.0,1.0,0.15
0566510000000000010635,San Pedro de Urabá,0.4,0.5,119.4,255.7,1.0,1.0,0.15
0566510000000000010845,San Pedro de Urabá,1.0,0.6,50.7,109.6,1.0,1.0,0.15
0566510000000000010871,San Pedro de Urabá,2.2,1.6,52.8,111.5,1.0,1.0,0.15
0566510000000000020118,San Pedro de Urabá,2.3,2.4,117.2,253.1,1.0,1.0,0.15
0566520040200800010115,San Pedro de Urabá,47.9,4.2,109.9,196.0,0.4,1.0,0.15
0583720100700200020315,Turbo,38.1,1.5,1.2,53.0,0.4,1.0,0.4
0583720090700100020106,Turbo,0.8,0.5,0.8,88.0,1.0,1.0,0.15
0583720090700100020320,Turbo,3.3,2.7,1.3,90.3,1.0,1.0,0.15
0583720090700100020408,Turbo,3.3,2.4,0.4,89.6,1.0,1.0,0.15
0583720090700100020504,Turbo,2.2,1.0,0.4,88.3,1.0,1.0,0.15
0583720090700100020519,Turbo,2.0,1.2,0.3,52.9,1.0,1.0,0.4
0583720100700200020204,Turbo,38.9,0.7,1.6,53.3,0.4,1.0,0.4
0583720100700200020412,Turbo,38.1,1.0,0.9,52.1,0.4,1.0,0.4
0583720100700200020519,Turbo,37.5,2.1,1.0,52.9,0.4,1.0,0.4
0583720100400800010427,Turbo,16.2,0.8,2.5,63.9,0.65,1.0,0.15
0583720090402400010114,Turbo,11.3,4.2,0.9,121.5,0.85,1.0,0.15
0583720090402400010129,Turbo,7.1,2.6,1.3,72.2,0.85,1.0,0.15
0583720030802900010122,Turbo,40.1,0.3,41.2,167.0,0.4,1.0,0.15
0583720030803200010107,Turbo,20.3,0.9,20.8,74.7,0.65,1.0,0.15
0514710000000000010301,Carepa,2.3,0.3,0.1,22.5,1.0,1.0,0.65
0514710000000000010322,Carepa,4.0,0.7,0.9,38.8,1.0,1.0,0.4
0514710000000000010414,Carepa,3.8,0.3,0.5,37.8,1.0,1.0,0.4
0514710000000000010416,Carepa,3.4,0.1,0.6,38.5,1.0,1.0,0.4
0514710000000000010508,Carepa,3.8,0.2,1.9,39.9,1.0,1.0,0.4
0514710000000000010528,Carepa,3.9,0.4,1.6,39.5,1.0,1.0,0.4
0514710000000000010801,Carepa,3.7,0.6,0.3,38.4,1.0,1.0,0.4
0514710000000000020506,Carepa,0.3,0.9,0.7,25.0,1.0,1.0,0.65
0514710000000000030404,Carepa,0.6,1.6,0.2,40.7,1.0,1.0,0.4
0514720010700700010109,Carepa,24.9,9.8,20.1,31.5,0.65,0.85,0.4
0517210000000000010529,Chigorodó,24.8,0.7,2.1,42.4,0.65,1.0,0.4
0517210000000000020401,Chigorodó,41.1,1.7,2.8,70.8,0.4,1.0,0.15
0517210000000000030108,Chigorodó,37.7,1.1,2.0,67.0,0.4,1.0,0.15
0517210000000000030216,Chigorodó,37.9,1.0,0.3,68.3,0.4,1.0,0.15
0517210000000000050119,Chigorodó,38.4,0.3,0.7,69.6,0.4,1.0,0.15
0517210000000000050324,Chigorodó,38.4,0.1,1.6,70.1,0.4,1.0,0.15
0517210000000000050707,Chigorodó,38.8,1.3,1.6,71.2,0.4,1.0,0.15
0517210000000000060208,Chigorodó,40.8,0.6,0.8,72.7,0.4,1.0,0.15
0517210000000000060517,Chigorodó,42.0,0.7,2.4,73.1,0.4,1.0,0.15
0517210000000000060608,Chigorodó,41.8,0.5,1.8,73.4,0.4,1.0,0.15
0517210000000000060704,Chigorodó,42.3,0.5,2.3,74.1,0.4,1.0,0.15
0517210000000000060808,Chigorodó,41.9,1.1,2.1,73.1,0.4,1.0,0.15
0517210000000000060820,Chigorodó,42.6,0.7,3.0,73.5,0.4,1.0,0.15
0517210000000000060914,Chigorodó,43.3,1.3,3.8,73.9,0.4,1.0,0.15
0517210000000000061013,Chigorodó,43.3,1.3,3.4,75.3,0.4,1.0,0.15
0549020050300500010204,Necoclí,131.2,3.7,178.1,308.3,0.15,1.0,0.15
0565910000000000010603,San Juan de Urabá,2.0,2.0,174.2,258.5,1.0,1.0,0.15
0565910000000000010703,San Juan de Urabá,2.0,2.0,174.5,258.8,1.0,1.0,0.15
0583720110201800010322,Turbo,55.8,13.5,48.2,131.8,0.4,0.85,0.15
0583720090103900010118,Turbo,16.3,5.9,17.3,142.1,0.65,0.85,0.15
0504520030101500010105,Apartadó,19.2,2.5,2.4,33.5,0.65,1.0,0.4
0504520010101400010107,Apartadó,44.0,0.7,14.9,40.7,0.4,1.0,0.4
0505110000000000010202,Arboletes,0.1,0.5,204.6,290.4,1.0,1.0,0.15
0505110000000000010217,Arboletes,0.2,0.3,339.5,482.5,1.0,1.0,0.15
0505110000000000011036,Arboletes,1.8,2.9,337.1,480.1,1.0,1.0,0.15
0505120060400100010108,Arboletes,122.8,63.3,262.4,406.2,0.15,0.15,0.15
0505120060600500010104,Arboletes,115.6,20.4,219.3,363.1,0.15,0.65,0.15
0549010000000000010211,Necoclí,88.9,0.2,89.5,164.8,0.15,1.0,0.15
0549010000000000010501,Necoclí,147.1,2.2,148.1,273.8,0.15,1.0,0.15
0549020120600100010131,Necoclí,61.0,1.9,61.7,137.2,0.15,1.0,0.15
0583720090700100020358,Turbo,3.9,3.2,1.6,90.7,1.0,1.0,0.15
0565910000000000010118,San Juan de Urabá,1.3,1.3,173.4,257.5,1.0,1.0,0.15
0565920010100500010101,San Juan de Urabá,20.2,20.2,162.9,245.1,0.65,0.65,0.15
0566510000000000010211,San Pedro de Urabá,1.0,1.2,119.0,254.9,1.0,1.0,0.15
0583720090700100010105,Turbo,2.3,3.7,2.5,88.2,1.0,1.0,0.15
0583720090700100010319,Turbo,3.5,4.6,1.9,86.9,1.0,1.0,0.15
0583720090700100010411,Turbo,3.0,3.9,2.8,86.4,1.0,1.0,0.15
0583720090700100010515,Turbo,2.1,3.0,2.1,86.8,1.0,1.0,0.15
0583720090700100010701,Turbo,3.8,3.5,1.8,84.5,1.0,1.0,0.15
0583720090700100010716,Turbo,2.0,1.4,0.4,51.6,1.0,1.0,0.4
0583720090700100010719,Turbo,3.2,2.6,1.1,50.4,1.0,1.0,0.4
0583720090700100020364,Turbo,2.5,1.8,1.1,89.5,1.0,1.0,0.15
0583720090700100020426,Turbo,3.8,3.0,1.0,90.2,1.0,1.0,0.15
0583720100700200020103,Turbo,39.4,1.2,0.8,51.5,0.4,1.0,0.4
0583720070201200010124,Turbo,42.9,1.0,29.5,115.7,0.4,1.0,0.15
0583720090402400010116,Turbo,10.6,3.8,0.6,121.7,0.85,1.0,0.15
0583720090402400010121,Turbo,10.9,3.7,1.2,121.0,0.85,1.0,0.15
0583720050202800010102,Turbo,50.1,0.6,82.1,226.4,0.4,1.0,0.15
0514710000000000020703,Carepa,2.1,0.1,2.6,43.0,1.0,1.0,0.4
0504520020500200010215,Apartadó,14.4,1.4,8.9,30.2,0.85,1.0,0.4
0504520020300900010314,Apartadó,21.8,3.1,1.2,31.6,0.65,1.0,0.4
0505110000000000010525,Arboletes,1.5,3.0,338.0,480.9,1.0,1.0,0.15
0505110000000000010804,Arboletes,0.1,2.8,340.0,483.3,1.0,1.0,0.15
0505110000000000011113,Arboletes,3.0,2.9,336.4,479.5,1.0,1.0,0.15
0514710000000000020710,Carepa,1.8,0.4,2.3,42.9,1.0,1.0,0.4
0514720010601300010108,Carepa,17.2,17.2,2.1,1.9,0.65,0.65,1.0
0517220070300300010101,Chigorodó,49.8,2.1,17.5,66.8,0.4,1.0,0.15
0517220070300300010107,Chigorodó,83.2,3.1,28.8,111.7,0.15,1.0,0.15
0549020120600100010411,Necoclí,105.0,0.4,106.1,232.1,0.15,1.0,0.15
0549020030300200010124,Necoclí,99.8,63.8,242.6,369.4,0.15,0.15,0.15
0566510000000000010344,San Pedro de Urabá,0.9,0.8,70.3,152.2,1.0,1.0,0.15
0566510000000000010346,San Pedro de Urabá,2.1,0.5,116.3,252.9,1.0,1.0,0.15
0583720090700100010403,Turbo,3.0,4.0,2.4,86.8,1.0,1.0,0.15
0583720080301000010111,Turbo,14.2,0.2,7.5,84.2,0.85,1.0,0.15
0583720070201200010123,Turbo,42.8,0.5,29.7,116.0,0.4,1.0,0.15
0583720030802900010119,Turbo,40.2,0.2,41.2,167.0,0.4,1.0,0.15
0583720030803200010103,Turbo,30.4,1.3,31.0,106.5,0.4,1.0,0.15
0514710000000000020427,Carepa,1.2,1.3,1.6,41.6,1.0,1.0,0.4
0514710000000000030116,Carepa,2.0,0.4,0.4,39.3,1.0,1.0,0.4
0514710000000000030430,Carepa,0.6,2.1,0.5,41.6,1.0,1.0,0.4
0514710000000000030619,Carepa,2.3,1.4,2.4,43.5,1.0,1.0,0.4
0514720011001000010141,Carepa,16.7,2.0,1.3,32.6,0.65,1.0,0.4
0517210000000000010201,Chigorodó,40.5,0.3,4.5,68.7,0.4,1.0,0.15
0517210000000000010218,Chigorodó,41.1,0.9,4.7,69.3,0.4,1.0,0.15
0517210000000000010303,Chigorodó,39.5,0.7,3.5,68.1,0.4,1.0,0.15
0517210000000000010603,Chigorodó,23.8,0.2,1.6,41.4,0.65,1.0,0.4
0517210000000000010711,Chigorodó,41.2,1.0,5.3,69.1,0.4,1.0,0.15
0517210000000000020111,Chigorodó,23.6,0.4,1.0,41.6,0.65,1.0,0.4
0517210000000000020330,Chigorodó,39.7,0.4,1.0,70.6,0.4,1.0,0.15
0517210000000000020419,Chigorodó,42.1,1.2,3.4,72.2,0.4,1.0,0.15
0517210000000000020515,Chigorodó,26.8,1.7,3.4,44.6,0.65,1.0,0.4
0517210000000000040102,Chigorodó,36.9,0.1,0.8,66.9,0.4,1.0,0.15
0517210000000000060217,Chigorodó,24.8,0.4,0.8,43.7,0.65,1.0,0.4
0517210000000000060713,Chigorodó,42.7,1.4,2.7,74.1,0.4,1.0,0.15
0517210000000000060915,Chigorodó,43.3,1.3,3.6,74.0,0.4,1.0,0.15
0517210000000000060933,Chigorodó,44.4,2.4,5.0,74.6,0.4,1.0,0.15
0517210000000000061003,Chigorodó,42.6,0.5,2.6,74.5,0.4,1.0,0.15
0549020030200400010114,Necoclí,58.6,58.6,257.2,391.1,0.4,0.4,0.15
0565910000000000010521,San Juan de Urabá,1.3,1.3,296.7,437.1,1.0,1.0,0.15
0566510000000000010860,San Pedro de Urabá,2.3,1.1,71.6,154.3,1.0,1.0,0.15
0566510000000000011005,San Pedro de Urabá,5.1,2.9,120.0,258.0,0.85,1.0,0.15
0583720110201800010110,Turbo,56.4,12.8,47.0,133.1,0.4,0.85,0.15
0583720110201800010121,Turbo,55.5,13.7,46.1,132.6,0.4,0.85,0.15
0583720110201800010207,Turbo,57.3,11.9,48.0,133.5,0.4,0.85,0.15
0583720110201800010214,Turbo,57.3,11.9,48.5,133.3,0.4,0.85,0.15
0504520010301100010215,Apartadó,6.3,1.4,1.8,40.2,0.85,1.0,0.4
0505110000000000010334,Arboletes,1.7,1.7,337.7,480.7,1.0,1.0,0.15
0505110000000000010527,Arboletes,1.4,2.9,338.0,480.9,1.0,1.0,0.15
0505120040101000010108,Arboletes,53.3,22.5,132.3,218.9,0.4,0.65,0.15
0514710000000000010214,Carepa,6.1,2.2,0.7,35.6,0.85,1.0,0.4
0566510000000000010862,San Pedro de Urabá,2.1,1.0,72.7,155.0,1.0,1.0,0.15
0583720100700200010418,Turbo,39.6,0.6,1.6,54.2,0.4,1.0,0.4
0583720090600300010218,Turbo,31.2,0.3,0.5,114.8,0.4,1.0,0.15
0583720090603100010105,Turbo,17.9,4.1,4.1,100.1,0.65,1.0,0.15
0583720050604200010104,Turbo,37.8,0.1,38.5,125.2,0.4,1.0,0.15
0566510000000000030108,San Pedro de Urabá,1.7,1.2,116.3,253.2,1.0,1.0,0.15
0566520040200800010112,San Pedro de Urabá,79.9,6.8,183.0,326.5,0.15,0.85,0.15
0583720090700100010313,Turbo,1.4,2.6,1.8,87.5,1.0,1.0,0.15
0504520020500200010115,Apartadó,14.7,1.3,9.0,30.1,0.85,1.0,0.4
0504520020300900010210,Apartadó,22.3,0.2,1.7,28.8,0.65,1.0,0.65
0504520030101500010118,Apartadó,19.6,2.8,2.6,33.6,0.65,1.0,0.4
0505110000000000010226,Arboletes,0.4,1.0,340.5,483.6,1.0,1.0,0.15
0505110000000000011039,Arboletes,2.0,2.9,336.9,479.9,1.0,1.0,0.15
0505110000000000011116,Arboletes,3.1,3.0,336.3,479.4,1.0,1.0,0.15
0505120040101000010113,Arboletes,53.7,22.2,132.2,218.9,0.4,0.65,0.15
0505120030101100010127,Arboletes,34.9,34.9,151.4,237.6,0.4,0.4,0.15
0514710000000000010807,Carepa,3.4,0.6,0.7,38.9,1.0,1.0,0.4
0514710000000000020206,Carepa,5.3,2.3,5.2,43.1,0.85,1.0,0.4
0514710000000000030530,Carepa,1.3,2.2,0.6,40.6,1.0,1.0,0.4
0514710000000000030605,Carepa,2.0,1.0,2.3,43.2,1.0,1.0,0.4
0514710000000000030622,Carepa,1.2,1.5,1.3,42.4,1.0,1.0,0.4
0517220060601500010113,Chigorodó,28.3,3.0,4.4,46.3,0.65,1.0,0.4
0549010000000000010806,Necoclí,153.5,2.3,154.5,280.1,0.15,1.0,0.15
0549010000000000010828,Necoclí,152.6,1.7,153.7,279.3,0.15,1.0,0.15
0549020120600100010121,Necoclí,101.7,2.9,102.8,228.8,0.15,1.0,0.15
0549020030300200010118,Necoclí,60.4,37.4,144.7,220.8,0.15,0.4,0.15
0549020030300200010205,Necoclí,100.0,61.9,240.7,367.6,0.15,0.15,0.15
0549020120300300010127,Necoclí,134.2,1.8,139.6,272.1,0.15,1.0,0.15
0549020120600600010115,Necoclí,74.1,0.7,74.7,150.2,0.15,1.0,0.15
0549020120100700010113,Necoclí,141.6,7.1,142.7,268.6,0.15,0.85,0.15
0549020090200800010101,Necoclí,57.6,18.4,117.5,201.0,0.4,0.65,0.15
0549020090200800010105,Necoclí,96.7,29.5,195.1,334.4,0.15,0.65,0.15
0549020120301000010109,Necoclí,75.7,0.3,81.9,162.8,0.15,1.0,0.15
0565910000000000010404,San Juan de Urabá,1.7,1.7,294.2,434.5,1.0,1.0,0.15
0565910000000000010517,San Juan de Urabá,1.0,1.0,294.7,435.0,1.0,1.0,0.15
0565920020500200010101,San Juan de Urabá,32.2,32.2,265.1,407.2,0.4,0.4,0.15
0565920010300300010119,San Juan de Urabá,13.4,13.4,170.6,253.2,0.85,0.85,0.15
0566510000000000010124,San Pedro de Urabá,1.3,0.5,120.0,256.0,1.0,1.0,0.15
0566510000000000010743,San Pedro de Urabá,2.5,1.1,118.4,254.0,1.0,1.0,0.15
0583720090700100020203,Turbo,1.6,1.4,1.5,89.3,1.0,1.0,0.15
0583720100700200010110,Turbo,41.0,1.4,0.9,53.2,0.4,1.0,0.4
0583720100700200020502,Turbo,37.7,1.7,0.8,52.6,0.4,1.0,0.4
0583720050200500010122,Turbo,23.5,0.5,47.5,131.4,0.65,1.0,0.15
0583720090302300010109,Turbo,5.9,1.3,1.6,72.0,0.85,1.0,0.15
0583720090402400010103,Turbo,6.9,2.7,0.6,72.9,0.85,1.0,0.15
0583720030802900010117,Turbo,40.3,0.1,41.4,167.1,0.4,1.0,0.15
0583720030803200010106,Turbo,28.8,0.8,29.5,104.9,0.65,1.0,0.15
0583720010203800010101,Turbo,8.2,6.9,66.3,150.3,0.85,0.85,0.15
0514710000000000010327,Carepa,4.4,1.1,0.5,37.7,1.0,1.0,0.4
0514710000000000010333,Carepa,2.0,0.6,0.4,16.4,1.0,1.0,0.65
0514710000000000010401,Carepa,3.5,0.5,0.3,38.0,1.0,1.0,0.4
0514710000000000010618,Carepa,2.8,0.7,1.2,23.6,1.0,1.0,0.65
0514710000000000010730,Carepa,2.7,0.8,1.8,40.6,1.0,1.0,0.4
0514710000000000010821,Carepa,3.6,0.4,0.9,39.1,1.0,1.0,0.4
0514710000000000020520,Carepa,1.0,1.1,1.6,41.9,1.0,1.0,0.4
0514710000000000020613,Carepa,2.4,0.7,3.0,42.9,1.0,1.0,0.4
0514710000000000020803,Carepa,6.2,3.0,6.5,44.6,0.85,1.0,0.4
0514710000000000020907,Carepa,5.7,2.7,6.2,44.7,0.85,1.0,0.4
0514710000000000030612,Carepa,2.1,1.1,2.3,43.3,1.0,1.0,0.4
0514720010700700010113,Carepa,25.4,10.0,20.6,30.9,0.65,0.85,0.4
0514720011001000010125,Carepa,17.4,2.8,1.4,32.7,0.65,1.0,0.4
0517210000000000010103,Chigorodó,39.3,0.3,4.2,67.4,0.4,1.0,0.15
0517210000000000010106,Chigorodó,40.1,0.3,4.4,68.2,0.4,1.0,0.15
0517210000000000010306,Chigorodó,40.1,0.1,3.8,68.7,0.4,1.0,0.15
0517210000000000020225,Chigorodó,42.0,0.7,3.3,72.4,0.4,1.0,0.15
0517210000000000020231,Chigorodó,43.3,1.3,4.1,73.6,0.4,1.0,0.15
0517210000000000020435,Chigorodó,42.7,2.3,4.3,72.3,0.4,1.0,0.15
0517210000000000020512,Chigorodó,26.3,1.2,2.8,44.4,0.65,1.0,0.4
0517210000000000050117,Chigorodó,38.2,0.5,0.5,69.2,0.4,1.0,0.15
0517210000000000050302,Chigorodó,38.2,0.3,1.2,69.7,0.4,1.0,0.15
0517210000000000050527,Chigorodó,38.9,0.5,1.2,70.4,0.4,1.0,0.15
0517210000000000060316,Chigorodó,41.2,0.9,2.1,72.0,0.4,1.0,0.15
0517210000000000060917,Chigorodó,43.5,1.5,4.1,74.0,0.4,1.0,0.15
0549020030200400010115,Necoclí,58.9,58.9,257.2,391.1,0.4,0.4,0.15
0565910000000000010901,San Juan de Urabá,1.7,1.7,173.4,257.6,1.0,1.0,0.15
0566510000000000010902,San Pedro de Urabá,1.8,0.8,72.8,154.1,1.0,1.0,0.15
0583720110201800010108,Turbo,56.9,12.4,46.9,133.6,0.4,0.85,0.15
0583720110201800010127,Turbo,55.8,13.4,46.3,132.8,0.4,0.85,0.15
0514720010700700010110,Carepa,24.9,9.9,20.1,31.8,0.65,0.85,0.4
0514710000000000010710,Carepa,2.7,0.6,2.2,41.0,1.0,1.0,0.4
0514710000000000030615,Carepa,1.6,1.7,1.6,42.7,1.0,1.0,0.4
0514720010700700010118,Carepa,25.3,10.1,20.5,31.5,0.65,0.85,0.4
0517210000000000010120,Chigorodó,38.3,1.1,4.2,66.3,0.4,1.0,0.15
0517210000000000010502,Chigorodó,39.0,0.3,2.7,68.0,0.4,1.0,0.15
0517210000000000020104,Chigorodó,40.0,0.8,2.3,69.7,0.4,1.0,0.15
0517210000000000020511,Chigorodó,43.7,1.8,4.5,73.8,0.4,1.0,0.15
0517210000000000030101,Chigorodó,22.5,0.9,1.6,39.8,0.65,1.0,0.4
0517210000000000050603,Chigorodó,38.6,0.5,0.3,69.7,0.4,1.0,0.15
0517210000000000050709,Chigorodó,23.3,1.0,1.1,42.9,0.65,1.0,0.4
0517210000000000060102,Chigorodó,40.0,0.3,1.5,71.1,0.4,1.0,0.15
0517210000000000060218,Chigorodó,41.6,0.9,1.6,73.0,0.4,1.0,0.15
0517210000000000060301,Chigorodó,40.7,0.6,2.0,71.6,0.4,1.0,0.15
0517210000000000060421,Chigorodó,42.2,0.4,3.2,72.7,0.4,1.0,0.15
0517210000000000060910,Chigorodó,43.1,1.0,3.8,73.5,0.4,1.0,0.15
0549020030200400010118,Necoclí,58.0,58.0,256.8,390.9,0.4,0.4,0.15
0514710000000000010111,Carepa,2.8,0.5,0.2,38.6,1.0,1.0,0.4
0517210000000000010102,Chigorodó,39.7,0.4,4.7,67.5,0.4,1.0,0.15
0517210000000000050411,Chigorodó,38.7,0.5,1.4,70.7,0.4,1.0,0.15
0517210000000000060906,Chigorodó,43.0,1.3,3.2,74.0,0.4,1.0,0.15
0565910000000000010131,San Juan de Urabá,3.3,3.3,291.7,431.5,1.0,1.0,0.15
0504520020300900010202,Apartadó,23.1,1.8,3.4,26.8,0.65,1.0,0.65
0504520030101500010102,Apartadó,19.0,2.4,2.3,33.4,0.65,1.0,0.4
0505110000000000011033,Arboletes,1.0,2.1,338.0,480.9,1.0,1.0,0.15
0514710000000000020601,Carepa,1.9,1.1,2.3,42.0,1.0,1.0,0.4
0514710000000000020715,Carepa,2.1,0.5,2.6,43.2,1.0,1.0,0.4
0514710000000000030225,Carepa,2.7,1.6,0.9,38.7,1.0,1.0,0.4
0549020120300300010106,Necoclí,131.8,0.5,137.1,270.1,0.15,1.0,0.15
0549010000000000010916,Necoclí,153.5,2.9,154.6,280.3,0.15,1.0,0.15
0549020120600100010120,Necoclí,102.0,2.6,103.1,229.1,0.15,1.0,0.15
0549020030300200010122,Necoclí,59.8,38.4,145.7,221.8,0.4,0.4,0.15
0549020120101100010102,Necoclí,130.4,1.6,131.5,257.5,0.15,1.0,0.15
0565920010100500010116,San Juan de Urabá,20.1,20.1,161.7,244.1,0.65,0.65,0.15
0565920010100500010125,San Juan de Urabá,33.0,33.0,270.4,407.6,0.4,0.4,0.15
0566510000000000010563,San Pedro de Urabá,1.3,0.2,72.1,154.2,1.0,1.0,0.15
0583720090700100010301,Turbo,3.4,4.6,1.8,87.1,1.0,1.0,0.15
0583720090700100010503,Turbo,2.3,3.3,2.5,86.9,1.0,1.0,0.15
0583720090700100020313,Turbo,3.5,2.8,1.2,90.2,1.0,1.0,0.15
0583720090700100020346,Turbo,3.6,3.3,2.0,91.0,1.0,1.0,0.15
0583720090700100020514,Turbo,2.2,0.9,0.3,87.4,1.0,1.0,0.15
0583720090600300010104,Turbo,30.4,0.1,0.5,115.2,0.4,1.0,0.15
0583720100400800010415,Turbo,16.5,1.3,1.6,64.5,0.65,1.0,0.15
0583720050604200010107,Turbo,63.2,1.1,64.8,209.4,0.15,1.0,0.15
0505110000000000010335,Arboletes,1.9,1.8,337.6,480.6,1.0,1.0,0.15
0504520020300300010102,Apartadó,11.1,0.2,0.3,18.7,0.85,1.0,0.65
0505120030101100010104,Arboletes,33.9,33.9,151.9,238.1,0.4,0.4,0.15
0514710000000000020316,Carepa,2.6,0.6,2.9,42.0,1.0,1.0,0.4
0514710000000000020726,Carepa,1.7,0.3,2.2,42.7,1.0,1.0,0.4
0549020030300200010201,Necoclí,100.0,62.1,240.9,367.8,0.15,0.15,0.15
0549020120300300010120,Necoclí,78.2,1.3,82.6,162.7,0.15,1.0,0.15
0549010000000000010505,Necoclí,87.6,1.6,88.2,163.7,0.15,1.0,0.15
0549020120600100010229,Necoclí,102.2,3.7,103.3,229.2,0.15,1.0,0.15
0549020120300300010123,Necoclí,78.6,1.7,83.6,163.8,0.15,1.0,0.15
0549020090200800010108,Necoclí,96.5,30.0,195.3,334.6,0.15,0.65,0.15
0549020120301000010107,Necoclí,126.3,0.5,136.7,271.5,0.15,1.0,0.15
0549020120801600010109,Necoclí,111.7,2.2,114.5,251.2,0.15,1.0,0.15
0565910000000000010610,San Juan de Urabá,2.3,2.3,291.2,431.6,1.0,1.0,0.15
0565920020500200010104,San Juan de Urabá,19.8,19.8,158.7,243.9,0.65,0.65,0.15
0565920010100500010121,San Juan de Urabá,34.1,34.1,271.8,408.6,0.4,0.4,0.15
0566510000000000010423,San Pedro de Urabá,3.8,1.8,118.8,253.9,1.0,1.0,0.15
0566510000000000010562,San Pedro de Urabá,2.0,0.6,120.1,256.9,1.0,1.0,0.15
0566510000000000010636,San Pedro de Urabá,0.5,0.5,71.9,153.6,1.0,1.0,0.15
0566520020300300010112,San Pedro de Urabá,117.3,48.0,234.0,372.6,0.15,0.4,0.15
0566520010100400010111,San Pedro de Urabá,75.5,20.9,141.4,226.9,0.15,0.65,0.15
0583720090700100010127,Turbo,2.2,3.6,2.1,89.1,1.0,1.0,0.15
0583720020101300010106,Turbo,62.4,0.9,125.9,270.7,0.15,1.0,0.15
0583720020101300010121,Turbo,61.7,0.6,125.5,270.3,0.15,1.0,0.15
0583720090302300010107,Turbo,5.0,0.3,2.3,71.8,1.0,1.0,0.15
0583720030802900010116,Turbo,40.2,0.3,41.3,167.0,0.4,1.0,0.15
0583720090103900010107,Turbo,10.1,3.7,10.7,85.6,0.85,1.0,0.15
0514710000000000010112,Carepa,2.6,0.5,0.3,39.0,1.0,1.0,0.4
0514710000000000030122,Carepa,2.0,0.6,0.1,39.2,1.0,1.0,0.4
0514710000000000030123,Carepa,2.1,0.6,0.1,39.1,1.0,1.0,0.4
0514710000000000030204,Carepa,1.8,0.7,0.2,39.4,1.0,1.0,0.4
0514710000000000030227,Carepa,2.1,1.3,0.3,39.2,1.0,1.0,0.4
0517210000000000010313,Chigorodó,39.9,0.4,3.4,68.6,0.4,1.0,0.15
0517210000000000010707,Chigorodó,41.1,0.8,5.1,69.1,0.4,1.0,0.15
0517210000000000020107,Chigorodó,40.4,1.5,2.2,70.4,0.4,1.0,0.15
0517210000000000020303,Chigorodó,40.6,1.1,1.9,70.9,0.4,1.0,0.15
0517210000000000020304,Chigorodó,40.5,1.0,1.8,70.9,0.4,1.0,0.15
0517210000000000060502,Chigorodó,41.3,0.9,1.9,72.4,0.4,1.0,0.15
0517210000000000060725,Chigorodó,43.1,1.6,3.0,74.4,0.4,1.0,0.15
0517210000000000060737,Chigorodó,41.7,0.4,2.0,74.0,0.4,1.0,0.15
0517210000000000060912,Chigorodó,43.4,1.5,4.2,73.7,0.4,1.0,0.15
0549020050300500010109,Necoclí,131.0,4.0,178.4,308.6,0.15,1.0,0.15
0565910000000000010227,San Juan de Urabá,1.4,1.4,173.8,258.0,1.0,1.0,0.15
0565910000000000010515,San Juan de Urabá,0.7,0.7,295.1,435.4,1.0,1.0,0.15
0566510000000000011004,San Pedro de Urabá,2.9,1.6,72.1,154.9,1.0,1.0,0.15
0583720110201800010116,Turbo,56.2,13.0,47.2,132.7,0.4,0.85,0.15
0504520020500200010308,Apartadó,13.7,0.4,7.5,31.8,0.85,1.0,0.4
0504520010301100010116,Apartadó,5.2,0.2,2.7,41.4,0.85,1.0,0.4
0504520010301100010228,Apartadó,6.8,2.1,1.1,39.6,0.85,1.0,0.4
0504520010101400010116,Apartadó,26.7,0.5,9.8,23.7,0.65,1.0,0.65
0505110000000000010208,Arboletes,0.3,0.3,339.7,482.7,1.0,1.0,0.15
0505110000000000010339,Arboletes,2.1,2.0,337.4,480.4,1.0,1.0,0.15
0505110000000000010524,Arboletes,1.3,2.8,338.2,481.1,1.0,1.0,0.15
0505110000000000010528,Arboletes,0.8,1.8,202.7,288.4,1.0,1.0,0.15
0505110000000000010541,Arboletes,2.0,3.4,337.3,480.2,1.0,1.0,0.15
0505110000000000011019,Arboletes,0.8,1.8,338.2,481.2,1.0,1.0,0.15
0505120030101100010114,Arboletes,34.2,34.2,151.6,237.8,0.4,0.4,0.15
0505120030101100010118,Arboletes,34.8,34.8,150.9,237.1,0.4,0.4,0.15
0505120050401400010107,Arboletes,94.1,0.1,191.0,335.4,0.15,1.0,0.15
0505120050401400010109,Arboletes,94.2,0.3,191.3,335.7,0.15,1.0,0.15
0549020030300200010131,Necoclí,60.3,37.7,145.0,221.1,0.15,0.4,0.15
0514710000000000010224,Carepa,4.3,0.5,0.4,37.1,1.0,1.0,0.4
0514710000000000010608,Carepa,3.4,0.8,2.4,40.7,1.0,1.0,0.4
0514710000000000020615,Carepa,2.4,0.5,3.0,43.0,1.0,1.0,0.4
0514710000000000030239,Carepa,1.5,1.6,0.7,39.9,1.0,1.0,0.4
0517220070300300010110,Chigorodó,83.5,2.8,28.9,112.1,0.15,1.0,0.15
0517220060601500010105,Chigorodó,47.5,5.5,8.0,77.1,0.4,0.85,0.15
0549020120300300010122,Necoclí,131.5,1.0,138.0,271.3,0.15,1.0,0.15
0549020120600100010311,Necoclí,62.1,2.5,62.8,138.3,0.15,1.0,0.15
0549010000000000010311,Necoclí,89.6,0.5,90.2,165.5,0.15,1.0,0.15
0549010000000000010315,Necoclí,89.4,0.2,90.0,165.3,0.15,1.0,0.15
0549010000000000010321,Necoclí,88.9,0.2,89.5,164.8,0.15,1.0,0.15
0549010000000000010329,Necoclí,148.1,0.3,149.1,274.7,0.15,1.0,0.15
0549010000000000010719,Necoclí,151.5,0.6,152.6,278.2,0.15,1.0,0.15
0549010000000000010815,Necoclí,153.3,2.0,154.3,280.0,0.15,1.0,0.15
0549010000000000010821,Necoclí,153.0,1.7,154.1,279.7,0.15,1.0,0.15
0549020120600100010115,Necoclí,61.5,1.3,62.1,137.7,0.15,1.0,0.15
0549020120600100010130,Necoclí,101.8,3.0,102.9,228.9,0.15,1.0,0.15
0549020120300300010130,Necoclí,80.4,1.0,83.3,162.8,0.15,1.0,0.15
0549020120600600010104,Necoclí,121.4,1.8,122.5,248.4,0.15,1.0,0.15
0549020120100700010109,Necoclí,84.5,3.7,85.1,160.7,0.15,1.0,0.15
0549020120801600010102,Necoclí,67.1,1.4,69.3,151.3,0.15,1.0,0.15
0565910000000000010225,San Juan de Urabá,1.0,1.0,292.0,432.1,1.0,1.0,0.15
0566510000000000010219,San Pedro de Urabá,1.2,1.0,119.3,255.2,1.0,1.0,0.15
0566510000000000010740,San Pedro de Urabá,2.3,0.5,119.1,254.6,1.0,1.0,0.15
0566510000000000010904,San Pedro de Urabá,2.3,0.6,120.6,256.2,1.0,1.0,0.15
0566510000000000020101,San Pedro de Urabá,2.1,2.2,117.3,253.2,1.0,1.0,0.15
0583720090700100020208,Turbo,1.6,1.0,1.2,88.9,1.0,1.0,0.15
0583720090700100020223,Turbo,0.7,0.9,1.3,88.6,1.0,1.0,0.15
0583720090600300010209,Turbo,31.2,0.2,0.5,114.7,0.4,1.0,0.15
0583720090600300010211,Turbo,31.2,0.1,0.4,114.5,0.4,1.0,0.15
0583720090600300010219,Turbo,31.1,0.5,0.3,115.0,0.4,1.0,0.15
0583720090600300010338,Turbo,16.3,2.1,0.5,66.3,0.65,1.0,0.15
0583720090302300010105,Turbo,9.4,2.0,2.4,120.5,0.85,1.0,0.15
0583720090103900010102,Turbo,10.4,4.1,11.0,85.9,0.85,1.0,0.15
0504520010301100010103,Apartadó,2.8,0.4,2.2,25.4,1.0,1.0,0.65
0504520030101500010121,Apartadó,19.9,2.3,2.1,33.0,0.65,1.0,0.4
0583720100700200010302,Turbo,40.5,0.2,0.8,53.9,0.4,1.0,0.4
0549010000000000010128,Necoclí,149.7,1.0,150.7,276.2,0.15,1.0,0.15
0549010000000000010222,Necoclí,87.8,0.5,88.4,163.8,0.15,1.0,0.15
0549020090501500010107,Necoclí,114.4,1.3,155.0,295.8,0.15,1.0,0.15
0583720090700100010308,Turbo,0.4,1.7,1.3,88.2,1.0,1.0,0.15
0583720240400900010103,Turbo,48.8,1.6,49.9,133.0,0.4,1.0,0.15
0514710000000000010219,Carepa,3.2,0.9,0.8,21.7,1.0,1.0,0.65
0514710000000000010815,Carepa,3.0,0.4,1.1,39.4,1.0,1.0,0.4
0514710000000000020217,Carepa,4.7,1.6,4.6,42.9,1.0,1.0,0.4
0514710000000000020411,Carepa,2.3,0.8,2.8,42.3,1.0,1.0,0.4
0514710000000000030102,Carepa,2.4,0.2,0.5,38.9,1.0,1.0,0.4
0514710000000000030111,Carepa,2.2,0.3,0.4,39.0,1.0,1.0,0.4
0514710000000000030230,Carepa,2.1,1.4,0.4,39.3,1.0,1.0,0.4
0514710000000000030403,Carepa,0.4,1.7,0.5,40.9,1.0,1.0,0.4
0514710000000000030514,Carepa,1.0,1.1,0.5,24.0,1.0,1.0,0.65
0514710000000000030524,Carepa,1.5,2.9,0.7,41.2,1.0,1.0,0.4
0514720010700700010101,Carepa,25.4,9.9,20.6,30.6,0.65,0.85,0.4
0517210000000000010128,Chigorodó,39.9,0.7,5.1,67.4,0.4,1.0,0.15
0517210000000000020309,Chigorodó,38.9,0.3,0.9,69.2,0.4,1.0,0.15
0517210000000000020434,Chigorodó,25.7,1.6,2.7,43.2,0.65,1.0,0.4
0517210000000000050127,Chigorodó,38.3,0.8,0.8,68.9,0.4,1.0,0.15
0517210000000000050313,Chigorodó,38.4,0.2,1.7,70.3,0.4,1.0,0.15
0517210000000000050318,Chigorodó,38.1,0.5,1.9,70.4,0.4,1.0,0.15
0517210000000000060428,Chigorodó,41.9,0.2,2.9,72.5,0.4,1.0,0.15
0517210000000000060429,Chigorodó,41.8,0.3,2.8,72.4,0.4,1.0,0.15
0517210000000000060624,Chigorodó,41.8,0.4,1.8,73.8,0.4,1.0,0.15
0517210000000000061004,Chigorodó,42.6,0.7,2.6,74.4,0.4,1.0,0.15
0565910000000000010314,San Juan de Urabá,0.5,0.5,175.7,259.9,1.0,1.0,0.15
0565910000000000010716,San Juan de Urabá,4.0,4.0,291.1,431.7,1.0,1.0,0.15
0565910000000000010719,San Juan de Urabá,4.8,4.8,290.6,431.3,1.0,1.0,0.15
0566510000000000010558,San Pedro de Urabá,1.6,0.8,72.4,154.6,1.0,1.0,0.15
0566510000000000030104,San Pedro de Urabá,2.7,1.9,115.4,252.5,1.0,1.0,0.15
0583720110201800010130,Turbo,55.5,13.6,46.5,132.4,0.4,0.85,0.15
0514710000000000030643,Carepa,2.3,1.9,2.3,43.4,1.0,1.0,0.4
0504520030101500010113,Apartadó,19.7,2.3,2.0,33.0,0.65,1.0,0.4
0504520010101600010109,Apartadó,34.3,4.7,15.0,36.5,0.4,1.0,0.4
0505120030200900010117,Arboletes,35.8,35.8,140.3,225.6,0.4,0.4,0.15
0514710000000000030631,Carepa,2.4,0.9,2.7,43.6,1.0,1.0,0.4
0549010000000000010712,Necoclí,152.7,1.1,153.8,279.4,0.15,1.0,0.15
0549020120300300010117,Necoclí,131.4,0.8,137.0,270.1,0.15,1.0,0.15
0549020120301400010104,Necoclí,138.1,0.6,143.9,275.8,0.15,1.0,0.15
0566510000000000010215,San Pedro de Urabá,1.0,1.4,118.6,254.6,1.0,1.0,0.15
0566510000000000010507,San Pedro de Urabá,0.5,0.3,71.7,153.6,1.0,1.0,0.15
0566510000000000010632,San Pedro de Urabá,0.8,1.1,119.9,256.0,1.0,1.0,0.15
0583720090700100010306,Turbo,1.8,3.0,2.2,87.6,1.0,1.0,0.15
0583720090700100020213,Turbo,1.5,0.5,0.7,88.4,1.0,1.0,0.15
0583720100700200020504,Turbo,37.6,1.9,1.1,52.9,0.4,1.0,0.4
0583720100400800010418,Turbo,16.6,1.3,1.2,64.7,0.65,1.0,0.15
0583720070201200010102,Turbo,42.1,0.6,30.6,116.9,0.4,1.0,0.15
0504520020300900010222,Apartadó,12.4,1.4,0.3,18.2,0.85,1.0,0.65
0514710000000000010117,Carepa,2.5,0.3,0.4,38.8,1.0,1.0,0.4
0514710000000000010202,Carepa,5.5,1.6,0.8,36.2,0.85,1.0,0.4
0514710000000000020702,Carepa,1.8,0.2,2.3,42.7,1.0,1.0,0.4
0549010000000000010132,Necoclí,147.7,0.2,148.7,274.1,0.15,1.0,0.15
0549010000000000010512,Necoclí,145.7,2.5,146.8,272.4,0.15,1.0,0.15
0549020120600100010205,Necoclí,61.9,1.7,62.6,138.2,0.15,1.0,0.15
0549020120600100010404,Necoclí,103.5,1.9,104.5,230.5,0.15,1.0,0.15
0549020120300300010108,Necoclí,79.0,0.5,82.5,162.3,0.15,1.0,0.15
0549020120100700010108,Necoclí,83.9,3.5,84.6,160.1,0.15,1.0,0.15
0549020090200800010114,Necoclí,96.8,29.9,195.1,334.3,0.15,0.65,0.15
0583720050200500010110,Turbo,23.0,0.2,48.0,131.7,0.65,1.0,0.15
0566510000000000010412,San Pedro de Urabá,3.1,1.6,118.2,253.6,1.0,1.0,0.15
0566510000000000010418,San Pedro de Urabá,3.5,2.0,117.9,253.2,1.0,1.0,0.15
0566510000000000010501,San Pedro de Urabá,1.0,0.2,71.7,153.8,1.0,1.0,0.15
0566510000000000011002,San Pedro de Urabá,6.0,4.1,119.1,257.5,0.85,1.0,0.15
0583720090700100010404,Turbo,2.8,3.9,2.5,86.9,1.0,1.0,0.15
0583720090700100010516,Turbo,2.2,3.1,2.2,86.7,1.0,1.0,0.15
0583720090700100020341,Turbo,2.8,2.7,2.2,90.6,1.0,1.0,0.15
0583720100700200020112,Turbo,38.9,1.5,0.7,51.1,0.4,1.0,0.4
0583720090600300010335,Turbo,27.7,3.1,0.7,110.9,0.65,1.0,0.15
0583720090600300010348,Turbo,15.6,1.9,1.0,65.1,0.65,1.0,0.15
0583720030700600010106,Turbo,62.7,0.7,63.7,189.3,0.15,1.0,0.15
0583720100400800010307,Turbo,17.9,0.0,0.5,66.0,0.65,1.0,0.15
0583720080301000010102,Turbo,14.7,0.4,7.4,84.4,0.85,1.0,0.15
0583720070201200010103,Turbo,42.5,0.2,30.2,116.5,0.4,1.0,0.15
0583720070202000010102,Turbo,44.5,0.2,12.5,97.2,0.4,1.0,0.15
0583720090302500010103,Turbo,6.4,1.5,6.4,80.7,0.85,1.0,0.15
0583720090602600010120,Turbo,18.0,0.9,2.1,103.1,0.65,1.0,0.15
0583720010203800010106,Turbo,6.2,5.6,46.7,106.7,0.85,0.85,0.15
0514710000000000020911,Carepa,5.4,2.4,5.9,44.6,0.85,1.0,0.4
0514710000000000010334,Carepa,4.4,1.1,0.4,37.9,1.0,1.0,0.4
0514710000000000010502,Carepa,2.5,0.5,0.8,23.5,1.0,1.0,0.65
0514710000000000020916,Carepa,2.9,1.1,3.2,26.6,1.0,1.0,0.65
0514710000000000030114,Carepa,1.4,0.5,0.2,23.3,1.0,1.0,0.65
0514710000000000030518,Carepa,1.3,2.6,0.5,41.0,1.0,1.0,0.4
0517210000000000010703,Chigorodó,40.7,0.5,4.9,68.7,0.4,1.0,0.15
0517210000000000010704,Chigorodó,40.8,0.6,5.0,68.7,0.4,1.0,0.15
0517210000000000060311,Chigorodó,40.8,1.1,1.3,72.1,0.4,1.0,0.15
0517210000000000061017,Chigorodó,43.4,1.4,3.5,75.4,0.4,1.0,0.15
0549020050300500010203,Necoclí,131.2,3.8,178.2,308.5,0.15,1.0,0.15
0565910000000000010124,San Juan de Urabá,2.8,2.8,291.3,431.1,1.0,1.0,0.15
0565910000000000010125,San Juan de Urabá,3.2,3.2,291.3,431.1,1.0,1.0,0.15
0565910000000000010803,San Juan de Urabá,1.9,1.9,289.3,429.6,1.0,1.0,0.15
0566510000000000010425,San Pedro de Urabá,1.5,0.6,51.2,109.1,1.0,1.0,0.15
0566510000000000010566,San Pedro de Urabá,2.5,1.5,73.3,155.5,1.0,1.0,0.15
0583720110201800010106,Turbo,56.4,12.8,46.8,133.2,0.4,0.85,0.15
0583720110201800010115,Turbo,55.9,13.3,47.1,132.4,0.4,0.85,0.15
0583720110201800010305,Turbo,56.7,12.5,47.6,133.1,0.4,0.85,0.15
0517220060601500010110,Chigorodó,47.8,5.8,8.3,77.5,0.4,0.85,0.15
0504520020500200010302,Apartadó,13.6,0.4,7.2,32.4,0.85,1.0,0.4
0504520030101500010116,Apartadó,19.5,2.7,2.4,33.4,0.65,1.0,0.4
0505110000000000010111,Arboletes,0.4,2.5,340.5,483.7,1.0,1.0,0.15
0505110000000000010115,Arboletes,0.4,1.7,340.4,483.5,1.0,1.0,0.15
0505110000000000010806,Arboletes,0.4,2.5,339.6,482.8,1.0,1.0,0.15
0505110000000000010807,Arboletes,0.6,2.6,339.4,482.6,1.0,1.0,0.15
0505110000000000011006,Arboletes,0.8,1.5,338.3,481.3,1.0,1.0,0.15
0505110000000000011125,Arboletes,1.4,1.4,202.3,288.1,1.0,1.0,0.15
0505120030101100010112,Arboletes,34.5,34.5,151.8,238.1,0.4,0.4,0.15
0517220070300300010108,Chigorodó,83.1,3.2,28.6,111.7,0.15,1.0,0.15
0514710000000000020102,Carepa,4.1,1.3,3.5,41.5,1.0,1.0,0.4
0514710000000000020108,Carepa,4.1,1.2,3.7,41.9,1.0,1.0,0.4
0514710000000000020405,Carepa,1.7,1.2,1.9,41.5,1.0,1.0,0.4
0549020120600100010208,Necoclí,103.0,2.2,104.1,230.1,0.15,1.0,0.15
0549020030300200010104,Necoclí,60.5,37.6,144.9,220.9,0.15,0.4,0.15
0549020050401800010102,Necoclí,159.2,3.9,166.6,292.6,0.15,1.0,0.15
0566510000000000010117,San Pedro de Urabá,2.2,0.4,120.7,256.4,1.0,1.0,0.15
0566510000000000010218,San Pedro de Urabá,1.2,1.2,118.7,254.6,1.0,1.0,0.15
0566510000000000010848,San Pedro de Urabá,1.3,1.0,118.8,256.0,1.0,1.0,0.15
0583720090700100010212,Turbo,1.4,2.7,2.1,87.9,1.0,1.0,0.15
0583720090700100010604,Turbo,2.0,1.5,0.6,86.5,1.0,1.0,0.15
0583720090700100020321,Turbo,3.0,2.9,2.4,90.8,1.0,1.0,0.15
0583720090600300010108,Turbo,30.0,0.6,0.8,115.0,0.65,1.0,0.15
0583720090600300010308,Turbo,31.0,0.3,1.3,113.2,0.4,1.0,0.15
0583720080301000010123,Turbo,22.9,1.4,11.4,139.3,0.65,1.0,0.15
0583720050603700010104,Turbo,31.3,8.5,40.1,125.0,0.4,0.85,0.15
0504520020500200010210,Apartadó,14.6,1.0,8.8,30.4,0.85,1.0,0.4
0505120030101100010109,Arboletes,56.8,56.8,253.0,396.7,0.4,0.4,0.15
0517220060601500010111,Chigorodó,48.0,6.0,8.4,77.6,0.4,0.85,0.15
0549010000000000010611,Necoclí,94.9,0.5,95.6,170.8,0.15,1.0,0.15
0549010000000000010801,Necoclí,153.8,2.3,154.8,280.4,0.15,1.0,0.15
0549020050300500010107,Necoclí,131.0,3.9,178.1,308.4,0.15,1.0,0.15
0549020120600600010108,Necoclí,121.5,1.2,122.6,248.5,0.15,1.0,0.15
0549020040400900010125,Necoclí,67.9,14.2,118.5,197.1,0.15,0.85,0.15
0566510000000000010729,San Pedro de Urabá,1.9,0.9,118.7,254.4,1.0,1.0,0.15
0566510000000000010851,San Pedro de Urabá,3.2,1.5,120.9,258.0,1.0,1.0,0.15
0565920010100500010117,San Juan de Urabá,32.6,32.6,271.3,408.4,0.4,0.4,0.15
0566510000000000011015,San Pedro de Urabá,3.2,2.2,71.0,154.0,1.0,1.0,0.15
0583720090700100010138,Turbo,1.8,3.2,2.5,88.8,1.0,1.0,0.15
0583720090700100020525,Turbo,2.6,1.3,0.1,87.8,1.0,1.0,0.15
0583720090700100020527,Turbo,3.0,1.6,0.4,88.1,1.0,1.0,0.15
0583720100700200010408,Turbo,39.4,0.5,1.6,54.0,0.4,1.0,0.4
0583720100700200020207,Turbo,38.7,0.9,1.9,53.6,0.4,1.0,0.4
0583720100700200020307,Turbo,38.4,1.1,1.4,52.9,0.4,1.0,0.4
0583720090600300010212,Turbo,30.9,0.4,0.7,114.2,0.4,1.0,0.15
0583720100400800010422,Turbo,9.4,0.3,1.3,38.2,0.85,1.0,0.4
0583720230401400010101,Turbo,69.7,11.3,30.7,89.3,0.15,0.85,0.15
0583720030802900010115,Turbo,40.2,0.4,41.3,167.0,0.4,1.0,0.15
0504510000000000030115,Apartadó,1.8,0.6,0.3,48.9,1.0,1.0,0.4
0583710000000000050125,Turbo,4.5,0.6,3.7,126.8,1.0,1.0,0.15
0583710000000000010237,Turbo,1.8,1.1,1.8,125.7,1.0,1.0,0.15
0504510000000000030206,Apartadó,1.3,0.3,0.3,29.0,1.0,1.0,0.65
0504510000000000020403,Apartadó,0.9,0.4,0.6,47.2,1.0,1.0,0.4
0504510000000000100605,Apartadó,2.8,1.4,2.2,34.9,1.0,1.0,0.4
0504510000000000080515,Apartadó,0.2,0.4,2.0,29.7,1.0,1.0,0.65
0583710000000000010141,Turbo,1.7,0.8,1.7,126.9,1.0,1.0,0.15
0504510000000000060201,Apartadó,0.7,0.7,1.4,51.9,1.0,1.0,0.4
0583710000000000030727,Turbo,4.5,1.9,5.2,119.6,1.0,1.0,0.15
0504510000000000080208,Apartadó,1.6,1.0,2.3,50.0,1.0,1.0,0.4
0504510000000000030516,Apartadó,1.0,0.8,0.8,50.1,1.0,1.0,0.4
0504510000000000050109,Apartadó,1.6,0.7,0.3,53.0,1.0,1.0,0.4
0504510000000000010701,Apartadó,2.6,1.5,0.7,27.6,1.0,1.0,0.65
0583710000000000010411,Turbo,3.2,2.0,3.2,128.2,1.0,1.0,0.15
0583710000000000040172,Turbo,1.3,0.5,2.1,125.1,1.0,1.0,0.15
0583720090104100010301,Turbo,6.1,4.9,6.4,130.7,0.85,1.0,0.15
0583710000000000030708,Turbo,3.4,0.2,5.7,119.7,1.0,1.0,0.15
0504510000000000020315,Apartadó,0.7,0.1,0.3,28.7,1.0,1.0,0.65
0504510000000000060217,Apartadó,0.8,0.4,0.4,50.8,1.0,1.0,0.4
0504510000000000100405,Apartadó,6.4,3.9,5.3,59.8,0.85,1.0,0.4
0504510000000000100615,Apartadó,2.8,1.4,2.3,34.9,1.0,1.0,0.4
0583710000000000010203,Turbo,1.0,0.4,1.0,125.4,1.0,1.0,0.15
0504510000000000010112,Apartadó,1.3,0.9,2.0,28.6,1.0,1.0,0.65
0504510000000000090511,Apartadó,3.5,0.7,1.7,56.5,1.0,1.0,0.4
0504510000000000010717,Apartadó,3.2,1.6,1.7,26.6,1.0,1.0,0.65
0504510000000000090202,Apartadó,3.6,0.5,1.4,56.2,1.0,1.0,0.4
0504510000000000090123,Apartadó,2.2,0.3,0.9,33.4,1.0,1.0,0.4
0583710000000000050103,Turbo,2.8,0.3,2.7,76.5,1.0,1.0,0.15
0504510000000000060309,Apartadó,0.2,0.2,1.1,52.0,1.0,1.0,0.4
0583710000000000020808,Turbo,1.7,1.6,2.5,78.0,1.0,1.0,0.15
0583710000000000050512,Turbo,5.6,2.0,2.8,126.3,0.85,1.0,0.15
0583710000000000040409,Turbo,1.1,0.8,0.6,126.5,1.0,1.0,0.15
0504510000000000060628,Apartadó,1.3,1.3,1.2,53.4,1.0,1.0,0.4
0504510000000000020405,Apartadó,1.2,0.5,1.1,47.9,1.0,1.0,0.4
0583710000000000040206,Turbo,0.5,0.8,1.9,122.7,1.0,1.0,0.15
0583710000000000040308,Turbo,0.4,0.6,1.0,124.0,1.0,1.0,0.15
0504510000000000040626,Apartadó,0.9,0.9,1.3,52.4,1.0,1.0,0.4
0504510000000000080509,Apartadó,1.0,0.4,3.0,50.0,1.0,1.0,0.4
0504510000000000020304,Apartadó,0.4,0.2,0.2,28.6,1.0,1.0,0.65
0504510000000000050211,Apartadó,1.9,0.2,0.5,53.5,1.0,1.0,0.4
0504510000000000060205,Apartadó,0.6,0.7,1.3,51.8,1.0,1.0,0.4
0514720011200300010107,Carepa,43.9,0.2,44.4,78.8,0.4,1.0,0.15
0514720011200300010115,Carepa,44.1,0.4,44.7,79.3,0.4,1.0,0.15
0514720010800600010110,Carepa,17.3,2.8,0.6,31.1,0.65,1.0,0.4
0514720011500900010101,Carepa,56.5,5.0,56.9,93.8,0.4,1.0,0.15
0514720011500900010103,Carepa,34.1,2.9,34.3,56.4,0.4,1.0,0.4
0514720010501100010110,Carepa,15.3,1.2,9.7,17.7,0.65,1.0,0.65
0514720010601400010101,Carepa,19.7,19.7,1.3,5.8,0.65,0.65,0.85
0514720010601400010105,Carepa,19.3,19.3,1.0,5.6,0.65,0.65,0.85
0517220100601300010103,Chigorodó,70.3,3.4,32.7,93.1,0.15,1.0,0.15
0504520020301700010103,Apartadó,19.6,2.9,0.9,30.1,0.65,1.0,0.4
0583720050403300010102,Turbo,22.3,8.7,51.3,131.0,0.65,0.85,0.15
0505120040101900010102,Arboletes,58.8,26.0,138.8,225.7,0.4,0.65,0.15
0505120020301700010105,Arboletes,36.4,36.4,157.5,244.0,0.4,0.4,0.15
0505120040101900010105,Arboletes,58.9,25.6,138.4,225.3,0.4,0.65,0.15
0565920020600700010101,San Juan de Urabá,18.9,18.9,160.1,245.3,0.65,0.65,0.15
0583720200100700010104,Turbo,70.2,1.9,38.2,79.4,0.15,1.0,0.15
0565920010400800010106,San Juan de Urabá,6.1,6.1,172.2,256.8,0.85,0.85,0.15
0504510000000000030411,Apartadó,0.2,1.6,0.9,51.3,1.0,1.0,0.4
0504510000000000070102,Apartadó,0.8,0.8,0.7,52.4,1.0,1.0,0.4
0504510000000000070412,Apartadó,1.0,1.4,0.7,50.7,1.0,1.0,0.4
0504510000000000050501,Apartadó,2.7,0.9,0.9,54.3,1.0,1.0,0.4
0504510000000000100305,Apartadó,3.3,0.8,2.2,56.7,1.0,1.0,0.4
0583710000000000010103,Turbo,1.5,0.5,1.5,126.6,1.0,1.0,0.15
0504510000000000090107,Apartadó,3.3,0.1,1.1,55.7,1.0,1.0,0.4
0504510000000000090114,Apartadó,2.9,0.2,0.7,55.4,1.0,1.0,0.4
0504510000000000050105,Apartadó,1.9,0.4,0.3,53.3,1.0,1.0,0.4
0583710000000000050302,Turbo,6.5,3.0,2.6,126.1,0.85,1.0,0.15
0583720090104100010112,Turbo,5.7,5.9,6.3,81.7,0.85,0.85,0.15
0504510000000000010313,Apartadó,0.9,0.6,0.9,28.9,1.0,1.0,0.65
0583710000000000020115,Turbo,2.2,1.2,2.8,128.2,1.0,1.0,0.15
0504510000000000020118,Apartadó,0.5,0.5,2.1,46.8,1.0,1.0,0.4
0504510000000000100223,Apartadó,5.1,2.6,4.0,58.6,0.85,1.0,0.4
0504510000000000100106,Apartadó,5.0,2.3,3.4,58.2,1.0,1.0,0.4
0504510000000000040133,Apartadó,2.3,0.3,0.6,54.3,1.0,1.0,0.4
0504510000000000080419,Apartadó,0.8,1.2,3.3,49.1,1.0,1.0,0.4
0504520010201000010113,Apartadó,3.6,3.0,0.8,33.1,1.0,1.0,0.4
0504510000000000080416,Apartadó,0.8,1.1,3.2,49.2,1.0,1.0,0.4
0504510000000000040403,Apartadó,0.1,0.1,0.5,53.1,1.0,1.0,0.4
0583710000000000040412,Turbo,1.0,0.9,0.8,126.7,1.0,1.0,0.15
0583710000000000040104,Turbo,0.1,0.1,1.1,73.9,1.0,1.0,0.15
0583710000000000050521,Turbo,6.1,2.8,2.1,125.6,0.85,1.0,0.15
0504510000000000070221,Apartadó,0.4,0.4,0.4,52.3,1.0,1.0,0.4
0583710000000000040737,Turbo,1.8,0.8,3.3,123.7,1.0,1.0,0.15
0583710000000000050111,Turbo,4.2,1.0,3.3,126.2,1.0,1.0,0.15
0504510000000000100226,Apartadó,5.6,3.0,4.4,59.0,0.85,1.0,0.4
0583710000000000040408,Turbo,1.3,0.5,0.7,126.5,1.0,1.0,0.15
0583710000000000050506,Turbo,6.2,2.5,2.8,126.4,0.85,1.0,0.15
0583710000000000050129,Turbo,4.7,1.1,3.2,126.4,1.0,1.0,0.15
0504510000000000070439,Apartadó,0.8,0.9,1.0,51.1,1.0,1.0,0.4
0504510000000000100113,Apartadó,4.7,2.0,3.2,57.9,1.0,1.0,0.4
0504510000000000080122,Apartadó,2.3,0.8,0.6,50.1,1.0,1.0,0.4
0583710000000000030321,Turbo,0.1,0.5,2.1,122.6,1.0,1.0,0.15
0504510000000000070708,Apartadó,2.4,1.2,1.1,54.2,1.0,1.0,0.4
0583710000000000040141,Turbo,3.2,0.8,4.2,125.0,1.0,1.0,0.15
0504510000000000010406,Apartadó,1.1,0.5,1.8,47.7,1.0,1.0,0.4
0504510000000000080503,Apartadó,1.7,0.8,3.3,50.8,1.0,1.0,0.4
0504510000000000040624,Apartadó,0.5,0.9,1.1,53.4,1.0,1.0,0.4
0583710000000000040538,Turbo,1.1,0.6,1.3,75.3,1.0,1.0,0.15
0504510000000000100327,Apartadó,4.3,1.8,3.2,57.7,1.0,1.0,0.4
0504510000000000080102,Apartadó,1.9,0.9,2.3,49.0,1.0,1.0,0.4
0583710000000000020123,Turbo,2.5,1.7,2.7,128.0,1.0,1.0,0.15
0583710000000000010441,Turbo,3.5,2.6,3.7,128.9,1.0,1.0,0.15
0583710000000000050118,Turbo,5.2,1.1,4.0,127.4,0.85,1.0,0.15
0504510000000000050417,Apartadó,2.8,0.7,0.9,54.7,1.0,1.0,0.4
0504510000000000010223,Apartadó,1.0,0.2,0.5,49.6,1.0,1.0,0.4
0504510000000000090311,Apartadó,2.9,0.0,1.4,55.9,1.0,1.0,0.4
0504510000000000070736,Apartadó,0.9,0.6,0.2,31.9,1.0,1.0,0.4
0583710000000000010231,Turbo,1.6,1.0,1.6,125.6,1.0,1.0,0.15
0583710000000000020805,Turbo,2.5,2.5,3.7,129.6,1.0,1.0,0.15
0583710000000000040550,Turbo,2.4,1.4,2.4,126.0,1.0,1.0,0.15
0504510000000000080103,Apartadó,2.0,0.9,2.3,48.9,1.0,1.0,0.4
0583710000000000020710,Turbo,0.7,1.2,0.8,126.8,1.0,1.0,0.15
0504510000000000020207,Apartadó,1.0,0.6,0.6,29.4,1.0,1.0,0.65
0504510000000000090503,Apartadó,4.0,1.2,2.1,56.9,1.0,1.0,0.4
0504510000000000050309,Apartadó,0.9,0.4,0.4,52.9,1.0,1.0,0.4
0504510000000000090507,Apartadó,3.7,0.9,1.8,56.6,1.0,1.0,0.4
0583710000000000030107,Turbo,0.8,0.2,1.8,123.5,1.0,1.0,0.15
0504510000000000060303,Apartadó,0.6,0.5,1.5,52.2,1.0,1.0,0.4
0504510000000000090313,Apartadó,2.6,0.4,1.2,55.8,1.0,1.0,0.4
0583710000000000040161,Turbo,0.7,0.4,2.4,123.2,1.0,1.0,0.15
0583710000000000010516,Turbo,0.7,0.5,2.9,122.5,1.0,1.0,0.15
0504510000000000100502,Apartadó,4.1,2.6,3.5,36.2,1.0,1.0,0.4
0504510000000000060323,Apartadó,1.0,0.8,1.8,52.5,1.0,1.0,0.4
0504510000000000030107,Apartadó,1.1,0.1,0.1,29.4,1.0,1.0,0.65
0583710000000000030725,Turbo,4.2,1.7,5.1,119.7,1.0,1.0,0.15
0504510000000000080508,Apartadó,1.1,0.4,3.1,50.2,1.0,1.0,0.4
0583710000000000010610,Turbo,1.0,0.6,1.0,75.1,1.0,1.0,0.15
0504510000000000040401,Apartadó,0.4,0.2,0.1,52.8,1.0,1.0,0.4
0583710000000000010213,Turbo,0.7,0.1,0.8,74.5,1.0,1.0,0.15
0583710000000000020508,Turbo,0.8,0.6,0.5,125.5,1.0,1.0,0.15
0504510000000000070416,Apartadó,1.3,1.2,0.8,50.5,1.0,1.0,0.4
0504510000000000010601,Apartadó,3.5,1.0,2.4,45.9,1.0,1.0,0.4
0583710000000000010608,Turbo,0.9,0.1,1.2,46.1,1.0,1.0,0.4
0504510000000000050326,Apartadó,0.9,0.4,0.4,53.2,1.0,1.0,0.4
0583710000000000040507,Turbo,1.2,0.6,1.7,75.2,1.0,1.0,0.15
0504510000000000070516,Apartadó,1.9,0.5,0.2,53.4,1.0,1.0,0.4
0504510000000000070501,Apartadó,0.7,0.1,0.5,31.5,1.0,1.0,0.4
0504510000000000010105,Apartadó,0.8,1.2,2.1,28.9,1.0,1.0,0.65
0504510000000000100206,Apartadó,6.0,3.3,4.6,59.3,0.85,1.0,0.4
0504510000000000100125,Apartadó,5.1,2.5,3.8,58.5,0.85,1.0,0.4
0583710000000000030728,Turbo,4.4,1.8,5.3,119.5,1.0,1.0,0.15
0504510000000000050209,Apartadó,2.0,0.3,0.4,53.5,1.0,1.0,0.4
0504510000000000040136,Apartadó,2.0,0.2,0.4,53.9,1.0,1.0,0.4
0583710000000000020315,Turbo,1.0,0.3,2.0,127.4,1.0,1.0,0.15
0504510000000000040724,Apartadó,2.5,0.5,0.3,55.1,1.0,1.0,0.4
0504510000000000100211,Apartadó,5.3,2.6,3.9,58.6,0.85,1.0,0.4
0583710000000000020137,Turbo,2.1,1.0,2.8,128.2,1.0,1.0,0.15
0504510000000000090112,Apartadó,3.1,0.2,0.9,55.5,1.0,1.0,0.4
0583710000000000020611,Turbo,1.2,0.9,0.3,126.0,1.0,1.0,0.15
0583710000000000040201,Turbo,0.3,0.2,0.3,74.5,1.0,1.0,0.15
0583710000000000030604,Turbo,2.4,1.0,4.4,121.2,1.0,1.0,0.15
0504510000000000040217,Apartadó,1.5,0.6,0.3,54.0,1.0,1.0,0.4
0583710000000000020906,Turbo,2.6,1.7,3.4,128.8,1.0,1.0,0.15
0504510000000000070216,Apartadó,0.6,0.5,0.7,51.4,1.0,1.0,0.4
0504510000000000070309,Apartadó,1.0,0.9,1.3,50.9,1.0,1.0,0.4
0505120050401400010105,Arboletes,93.8,0.3,190.7,335.1,0.15,1.0,0.15
0504510000000000080619,Apartadó,0.9,0.5,1.7,30.2,1.0,1.0,0.4
0583710000000000030444,Turbo,2.0,1.0,3.2,71.7,1.0,1.0,0.15
0583710000000000040621,Turbo,3.9,1.5,4.6,42.8,1.0,1.0,0.4
0583710000000000050101,Turbo,5.5,1.4,4.0,127.5,0.85,1.0,0.15
0504510000000000010520,Apartadó,1.4,1.0,1.4,48.2,1.0,1.0,0.4
0583710000000000050305,Turbo,6.3,2.9,2.2,125.7,0.85,1.0,0.15
0504510000000000050114,Apartadó,1.0,1.1,0.4,52.6,1.0,1.0,0.4
0583710000000000030440,Turbo,1.4,0.8,2.5,72.3,1.0,1.0,0.15
0504510000000000070403,Apartadó,0.4,0.9,0.4,50.3,1.0,1.0,0.4
0583720090104100010119,Turbo,8.2,8.4,9.2,135.1,0.85,0.85,0.15
0583710000000000040126,Turbo,4.1,0.6,5.8,122.0,1.0,1.0,0.15
0583710000000000010131,Turbo,2.7,1.7,2.7,127.7,1.0,1.0,0.15
0504510000000000020559,Apartadó,1.2,2.1,0.5,26.4,1.0,1.0,0.65
0583710000000000020707,Turbo,0.4,1.5,1.1,127.1,1.0,1.0,0.15
0583710000000000050106,Turbo,4.8,0.9,3.6,126.8,1.0,1.0,0.15
0504510000000000060801,Apartadó,0.7,1.1,1.5,52.1,1.0,1.0,0.4
0583710000000000040730,Turbo,2.2,0.7,3.0,74.3,1.0,1.0,0.15
0504510000000000100225,Apartadó,5.4,2.9,4.3,58.9,0.85,1.0,0.4
0504510000000000070701,Apartadó,1.8,1.7,1.1,53.8,1.0,1.0,0.4
0583710000000000030510,Turbo,1.1,0.8,3.5,121.9,1.0,1.0,0.15
0504510000000000060120,Apartadó,0.9,0.5,0.6,50.7,1.0,1.0,0.4
0504510000000000030203,Apartadó,2.2,0.5,0.9,48.5,1.0,1.0,0.4
0583710000000000030729,Turbo,4.3,1.4,5.8,119.3,1.0,1.0,0.15
0583710000000000030512,Turbo,1.2,0.6,3.5,121.9,1.0,1.0,0.15
0504510000000000010403,Apartadó,1.8,0.8,2.4,47.9,1.0,1.0,0.4
0504510000000000020219,Apartadó,1.0,0.9,0.9,48.9,1.0,1.0,0.4
0504510000000000020420,Apartadó,1.0,0.2,0.9,47.7,1.0,1.0,0.4
0504510000000000010103,Apartadó,0.6,1.1,2.1,29.1,1.0,1.0,0.65
0583710000000000010138,Turbo,1.6,0.8,1.6,126.9,1.0,1.0,0.15
0504510000000000050204,Apartadó,2.3,0.0,0.3,53.7,1.0,1.0,0.4
0583710000000000010205,Turbo,0.4,0.4,0.4,125.0,1.0,1.0,0.15
0583710000000000030712,Turbo,4.0,1.3,5.5,119.7,1.0,1.0,0.15
0504510000000000090208,Apartadó,3.5,0.7,1.5,56.3,1.0,1.0,0.4
0504510000000000020610,Apartadó,0.7,0.2,1.6,46.2,1.0,1.0,0.4
0583710000000000030732,Turbo,4.3,1.3,5.9,119.2,1.0,1.0,0.15
0504520030201800010101,Apartadó,3.2,0.5,3.5,33.4,1.0,1.0,0.4
0504510000000000010511,Apartadó,0.6,0.6,0.4,29.4,1.0,1.0,0.65
0504510000000000100233,Apartadó,6.1,3.4,4.5,59.3,0.85,1.0,0.4
0583710000000000010142,Turbo,2.8,1.5,2.9,127.6,1.0,1.0,0.15
0583710000000000010113,Turbo,1.3,0.3,1.3,126.5,1.0,1.0,0.15
0583710000000000010143,Turbo,3.2,1.3,3.2,127.7,1.0,1.0,0.15
0504510000000000050106,Apartadó,1.7,0.6,0.5,53.1,1.0,1.0,0.4
0583710000000000010301,Turbo,0.5,0.3,0.5,74.8,1.0,1.0,0.15
0583710000000000020705,Turbo,0.5,1.4,0.7,126.7,1.0,1.0,0.15
0583710000000000010238,Turbo,1.8,1.2,1.8,125.7,1.0,1.0,0.15
0504510000000000010720,Apartadó,3.7,2.0,2.3,26.0,1.0,1.0,0.65
0583710000000000010428,Turbo,3.4,1.7,3.4,128.1,1.0,1.0,0.15
0583710000000000010224,Turbo,1.3,0.8,1.3,75.5,1.0,1.0,0.15
0504510000000000060106,Apartadó,0.8,0.4,1.2,51.5,1.0,1.0,0.4
0504510000000000070125,Apartadó,0.9,0.9,0.7,52.5,1.0,1.0,0.4
0504510000000000080414,Apartadó,0.6,0.8,3.3,49.4,1.0,1.0,0.4
0504510000000000070320,Apartadó,1.3,0.3,0.9,50.5,1.0,1.0,0.4
0583710000000000020326,Turbo,1.3,0.3,2.3,127.6,1.0,1.0,0.15
0583710000000000030311,Turbo,0.7,0.2,2.0,72.8,1.0,1.0,0.15
0504510000000000090116,Apartadó,2.8,0.5,0.6,55.2,1.0,1.0,0.4
0504510000000000100340,Apartadó,2.3,0.8,1.6,34.4,1.0,1.0,0.4
0504510000000000070220,Apartadó,0.3,0.4,0.5,51.0,1.0,1.0,0.4
0583710000000000020308,Turbo,0.4,0.4,0.4,75.3,1.0,1.0,0.15
0504510000000000020108,Apartadó,0.6,0.3,0.9,47.5,1.0,1.0,0.4
0583710000000000040148,Turbo,1.6,0.5,2.7,124.8,1.0,1.0,0.15
0504510000000000070737,Apartadó,1.0,0.4,0.2,32.0,1.0,1.0,0.4
0583710000000000050401,Turbo,2.9,0.6,2.0,76.0,1.0,1.0,0.15
0583710000000000040142,Turbo,2.9,0.7,3.9,125.0,1.0,1.0,0.15
0504510000000000090510,Apartadó,3.7,0.9,2.1,56.8,1.0,1.0,0.4
0583710000000000030318,Turbo,0.7,1.0,3.2,122.2,1.0,1.0,0.15
0504510000000000060101,Apartadó,1.7,1.1,0.8,50.8,1.0,1.0,0.4
0583710000000000020901,Turbo,1.3,0.9,2.1,77.3,1.0,1.0,0.15
0583710000000000030422,Turbo,0.6,0.1,1.6,73.4,1.0,1.0,0.15
0583710000000000020309,Turbo,0.4,0.4,0.4,75.2,1.0,1.0,0.15
0504510000000000050308,Apartadó,0.7,0.2,0.3,53.1,1.0,1.0,0.4
0504510000000000070422,Apartadó,0.6,1.3,0.5,50.1,1.0,1.0,0.4
0504510000000000090332,Apartadó,3.2,0.5,1.9,56.5,1.0,1.0,0.4
0583710000000000040144,Turbo,1.4,0.2,2.1,74.9,1.0,1.0,0.15
0583710000000000030229,Turbo,3.7,0.8,5.9,119.2,1.0,1.0,0.15
0583710000000000040132,Turbo,2.4,0.6,3.4,73.6,1.0,1.0,0.15
0583710000000000050409,Turbo,5.3,1.7,2.9,126.3,0.85,1.0,0.15
0504510000000000040410,Apartadó,0.5,0.1,0.3,31.4,1.0,1.0,0.4
0583710000000000010509,Turbo,0.4,0.7,2.4,123.0,1.0,1.0,0.15
0504510000000000100219,Apartadó,5.6,3.0,4.4,59.0,0.85,1.0,0.4
0504510000000000070302,Apartadó,0.7,0.7,1.3,51.2,1.0,1.0,0.4
0504510000000000060634,Apartadó,1.7,1.6,1.5,53.8,1.0,1.0,0.4
0514720011200300010116,Carepa,26.3,0.2,26.6,47.4,0.65,1.0,0.4
0514720010400400010105,Carepa,22.4,8.7,6.3,16.3,0.65,0.85,0.65
0514720010400400010121,Carepa,22.2,8.7,6.2,16.2,0.65,0.85,0.65
0514720010400500010114,Carepa,22.1,10.4,5.2,14.8,0.65,0.85,0.85
0514720010800600010103,Carepa,17.7,3.1,0.3,31.0,0.65,1.0,0.4
0514720010800600010116,Carepa,9.8,1.2,0.1,18.8,0.85,1.0,0.65
0514720010400800010103,Carepa,23.6,7.4,8.4,18.5,0.65,0.85,0.65
0514720010400800010107,Carepa,23.4,7.1,8.3,18.5,0.65,0.85,0.65
0514720010400800010113,Carepa,13.8,4.5,4.6,10.7,0.85,1.0,0.85
0514720010801200010106,Carepa,17.4,4.6,0.6,28.5,0.65,1.0,0.65
0514720010601400010115,Carepa,19.6,19.6,0.7,6.3,0.65,0.65,0.85
0504520020301700010106,Apartadó,18.6,4.0,0.9,30.7,0.65,1.0,0.4
0505120020301700010103,Arboletes,60.8,60.8,262.9,407.0,0.15,0.15,0.15
0566520040701400010105,San Pedro de Urabá,47.6,2.0,106.6,193.1,0.4,1.0,0.15
0504520020301700010101,Apartadó,11.9,1.7,0.4,18.2,0.85,1.0,0.65
0566520040701400010108,San Pedro de Urabá,47.4,1.7,106.6,193.0,0.4,1.0,0.15
0504510000000000050115,Apartadó,1.1,1.1,0.5,52.6,1.0,1.0,0.4
0504510000000000040504,Apartadó,0.7,0.4,0.7,52.3,1.0,1.0,0.4
0583710000000000010504,Turbo,1.0,0.2,2.6,122.8,1.0,1.0,0.15
0504510000000000010327,Apartadó,0.5,0.3,0.2,29.4,1.0,1.0,0.65
0583710000000000010707,Turbo,4.1,1.6,4.1,128.4,1.0,1.0,0.15
0504510000000000020423,Apartadó,0.1,0.8,0.0,46.4,1.0,1.0,0.4
0504510000000000040709,Apartadó,1.9,0.1,0.4,55.0,1.0,1.0,0.4
0504510000000000050222,Apartadó,2.6,0.5,0.3,54.1,1.0,1.0,0.4
0504510000000000100339,Apartadó,3.9,1.3,2.6,57.2,1.0,1.0,0.4
0504510000000000100229,Apartadó,5.8,3.0,4.1,58.9,0.85,1.0,0.4
0583710000000000050410,Turbo,5.1,1.5,3.0,126.4,0.85,1.0,0.15
0504510000000000080221,Apartadó,1.7,1.1,2.4,49.3,1.0,1.0,0.4
0583710000000000020325,Turbo,0.9,0.6,1.6,77.0,1.0,1.0,0.15
0504510000000000070611,Apartadó,1.0,0.8,0.4,52.4,1.0,1.0,0.4
0504510000000000060423,Apartadó,0.4,0.4,0.4,52.0,1.0,1.0,0.4
0583710000000000040214,Turbo,0.3,0.3,0.5,74.9,1.0,1.0,0.15
0504510000000000070711,Apartadó,1.6,1.5,0.8,53.5,1.0,1.0,0.4
0583710000000000050517,Turbo,5.8,2.4,2.5,126.0,0.85,1.0,0.15
0583710000000000050128,Turbo,4.3,0.8,3.5,126.5,1.0,1.0,0.15
0583710000000000040118,Turbo,1.2,0.1,0.9,125.5,1.0,1.0,0.15
0504510000000000070440,Apartadó,0.7,1.0,0.9,51.2,1.0,1.0,0.4
0583710000000000050304,Turbo,6.3,2.9,2.3,125.8,0.85,1.0,0.15
0504510000000000030307,Apartadó,0.2,1.1,0.6,51.2,1.0,1.0,0.4
0583710000000000030816,Turbo,4.8,1.6,6.5,118.6,1.0,1.0,0.15
0504510000000000070126,Apartadó,1.1,0.6,0.3,52.7,1.0,1.0,0.4
0583710000000000010210,Turbo,1.0,0.3,1.0,124.5,1.0,1.0,0.15
0583710000000000030730,Turbo,4.0,0.9,6.1,119.3,1.0,1.0,0.15
0583710000000000050225,Turbo,5.8,1.7,3.8,127.3,0.85,1.0,0.15
0504510000000000060412,Apartadó,0.6,0.3,0.6,52.7,1.0,1.0,0.4
0583720090104100010102,Turbo,7.9,8.1,8.8,134.7,0.85,0.85,0.15
0504510000000000080511,Apartadó,0.9,0.3,3.3,50.0,1.0,1.0,0.4
0504510000000000020541,Apartadó,0.3,0.5,1.2,46.9,1.0,1.0,0.4
0583710000000000010731,Turbo,2.9,0.6,2.9,126.6,1.0,1.0,0.15
0583710000000000030807,Turbo,4.7,1.7,6.0,118.9,1.0,1.0,0.15
0583710000000000020811,Turbo,2.1,1.7,2.7,77.9,1.0,1.0,0.15
0583710000000000030410,Turbo,1.3,0.5,2.9,122.0,1.0,1.0,0.15
0504510000000000100610,Apartadó,5.4,2.9,4.3,58.8,0.85,1.0,0.4
0504510000000000030409,Apartadó,0.4,1.4,0.6,51.6,1.0,1.0,0.4
0583710000000000040146,Turbo,2.0,0.7,3.0,125.1,1.0,1.0,0.15
0504510000000000090502,Apartadó,2.4,0.7,1.4,34.3,1.0,1.0,0.4
0504510000000000030405,Apartadó,0.6,1.1,0.2,52.1,1.0,1.0,0.4
0504510000000000020615,Apartadó,0.6,0.5,1.7,45.9,1.0,1.0,0.4
0504510000000000100205,Apartadó,6.1,3.5,4.7,59.4,0.85,1.0,0.4
0504510000000000030509,Apartadó,0.8,0.6,0.4,50.3,1.0,1.0,0.4
0504510000000000050402,Apartadó,3.0,0.7,1.0,54.8,1.0,1.0,0.4
0504510000000000020544,Apartadó,0.1,0.6,0.3,28.3,1.0,1.0,0.65
0504510000000000020213,Apartadó,0.2,0.5,0.1,28.6,1.0,1.0,0.65
0504510000000000070116,Apartadó,0.4,0.7,0.8,52.1,1.0,1.0,0.4
0583710000000000030811,Turbo,4.9,1.9,6.0,118.8,1.0,1.0,0.15
0583710000000000040708,Turbo,2.8,0.5,4.1,124.6,1.0,1.0,0.15
0504510000000000090504,Apartadó,4.0,1.1,2.0,56.8,1.0,1.0,0.4
0504510000000000020206,Apartadó,1.5,1.1,0.8,49.1,1.0,1.0,0.4
0583710000000000050133,Turbo,4.8,0.8,3.7,127.0,1.0,1.0,0.15
0583710000000000040732,Turbo,1.9,0.6,2.7,74.4,1.0,1.0,0.15
0504510000000000070607,Apartadó,0.8,0.6,0.8,52.2,1.0,1.0,0.4
0504510000000000060611,Apartadó,1.4,1.4,0.9,53.4,1.0,1.0,0.4
0583710000000000020318,Turbo,1.4,0.5,2.2,127.5,1.0,1.0,0.15
0504510000000000020620,Apartadó,0.6,0.7,1.8,45.7,1.0,1.0,0.4
0504510000000000090209,Apartadó,3.5,0.6,1.4,56.2,1.0,1.0,0.4
0583710000000000030324,Turbo,2.6,1.0,4.8,120.3,1.0,1.0,0.15
0583710000000000030724,Turbo,4.3,1.6,5.3,119.6,1.0,1.0,0.15
0504510000000000080614,Apartadó,1.8,1.3,2.3,50.3,1.0,1.0,0.4
0504510000000000040414,Apartadó,1.1,0.5,0.7,52.2,1.0,1.0,0.4
0504510000000000040611,Apartadó,0.2,0.4,0.7,53.3,1.0,1.0,0.4
0583710000000000020207,Turbo,0.6,0.6,0.6,125.9,1.0,1.0,0.15
0504510000000000080214,Apartadó,1.5,1.0,2.5,49.7,1.0,1.0,0.4
0504510000000000060511,Apartadó,0.8,0.8,0.8,52.9,1.0,1.0,0.4
0504510000000000090111,Apartadó,3.0,0.3,0.9,55.3,1.0,1.0,0.4
0504510000000000100133,Apartadó,5.3,2.5,3.6,58.4,0.85,1.0,0.4
0583710000000000050507,Turbo,6.2,2.6,2.7,126.2,0.85,1.0,0.15
0504510000000000040705,Apartadó,2.3,0.5,0.7,55.2,1.0,1.0,0.4
0504510000000000090214,Apartadó,3.2,0.2,1.0,55.8,1.0,1.0,0.4
0583710000000000040165,Turbo,2.4,0.1,3.1,74.9,1.0,1.0,0.15
0504510000000000080613,Apartadó,1.8,1.2,2.4,50.4,1.0,1.0,0.4
0504510000000000020408,Apartadó,0.6,0.4,0.6,47.0,1.0,1.0,0.4
0504510000000000040616,Apartadó,0.6,0.6,1.0,52.7,1.0,1.0,0.4
0583710000000000030432,Turbo,1.0,0.4,2.0,73.0,1.0,1.0,0.15
0504510000000000070733,Apartadó,1.2,0.4,0.2,32.2,1.0,1.0,0.4
0583710000000000030518,Turbo,1.5,0.4,3.7,121.8,1.0,1.0,0.15
0504510000000000070114,Apartadó,0.5,0.6,0.8,52.0,1.0,1.0,0.4
0504510000000000070111,Apartadó,0.6,0.4,0.8,52.2,1.0,1.0,0.4
0504510000000000030305,Apartadó,0.2,0.7,0.3,51.1,1.0,1.0,0.4
0583710000000000020507,Turbo,1.0,0.8,0.7,125.6,1.0,1.0,0.15
0583710000000000010613,Turbo,1.0,0.3,1.0,124.8,1.0,1.0,0.15
0583710000000000010438,Turbo,2.6,1.8,2.7,128.0,1.0,1.0,0.15
0504510000000000020553,Apartadó,0.6,5.5,1.2,42.4,1.0,0.85,0.4
0504510000000000080628,Apartadó,2.1,1.5,2.3,50.7,1.0,1.0,0.4
0583710000000000020306,Turbo,0.3,0.6,0.6,75.6,1.0,1.0,0.15
0504520030201800010112,Apartadó,3.8,0.3,4.1,33.4,1.0,1.0,0.4
0583710000000000010118,Turbo,2.2,1.3,2.2,127.3,1.0,1.0,0.15
0583710000000000010135,Turbo,2.6,1.6,2.6,127.6,1.0,1.0,0.15
0514720010400400010111,Carepa,22.0,8.5,6.0,16.1,0.65,0.85,0.65
0514720010400400010113,Carepa,22.1,8.9,5.9,15.9,0.65,0.85,0.65
0514720010400500010109,Carepa,22.4,10.5,5.6,15.0,0.65,0.85,0.85
0514720010400500010130,Carepa,22.1,11.5,5.0,14.0,0.65,0.85,0.85
0514720010800600010112,Carepa,16.7,2.1,0.6,31.7,0.65,1.0,0.4
0514720010501100010103,Carepa,15.2,1.6,9.3,17.3,0.65,1.0,0.65
0583720200100700010102,Turbo,70.1,1.7,38.4,79.3,0.15,1.0,0.15
0583710000000000030721,Turbo,4.0,1.6,5.1,119.9,1.0,1.0,0.15
0583710000000000030205,Turbo,3.1,0.8,5.3,119.8,1.0,1.0,0.15
0583710000000000040719,Turbo,0.8,0.3,1.7,74.5,1.0,1.0,0.15
0583710000000000030819,Turbo,5.0,1.9,6.3,118.5,1.0,1.0,0.15
0504510000000000040119,Apartadó,2.2,0.2,0.4,54.5,1.0,1.0,0.4
0583710000000000050115,Turbo,2.5,0.1,2.5,76.3,1.0,1.0,0.15
0583710000000000040128,Turbo,2.1,0.7,3.1,73.5,1.0,1.0,0.15
0583710000000000040728,Turbo,3.7,0.6,5.1,124.4,1.0,1.0,0.15
0504520010201000010112,Apartadó,4.0,3.4,0.4,33.5,1.0,1.0,0.4
0583710000000000030320,Turbo,0.8,0.8,3.1,122.3,1.0,1.0,0.15
0504510000000000050504,Apartadó,2.7,0.6,0.8,54.3,1.0,1.0,0.4
0504510000000000060804,Apartadó,0.7,1.1,1.5,52.1,1.0,1.0,0.4
0504510000000000020523,Apartadó,0.5,0.5,0.4,46.8,1.0,1.0,0.4
0504510000000000060518,Apartadó,0.6,0.6,0.6,52.7,1.0,1.0,0.4
0504510000000000020602,Apartadó,0.6,0.4,1.8,46.4,1.0,1.0,0.4
0583710000000000030429,Turbo,0.9,0.3,1.9,73.2,1.0,1.0,0.15
0504510000000000040505,Apartadó,0.6,0.5,0.7,52.4,1.0,1.0,0.4
0504520030201800010106,Apartadó,5.8,2.0,6.3,54.0,0.85,1.0,0.4
0504510000000000100507,Apartadó,3.7,2.4,3.2,35.7,1.0,1.0,0.4
0583710000000000040117,Turbo,0.5,1.0,1.3,124.6,1.0,1.0,0.15
0504510000000000010626,Apartadó,1.2,0.5,1.8,28.3,1.0,1.0,0.65
0504510000000000060209,Apartadó,0.3,0.5,1.0,51.5,1.0,1.0,0.4
0504520010201000010105,Apartadó,4.6,4.0,0.5,34.1,1.0,1.0,0.4
0504510000000000090303,Apartadó,3.3,0.5,1.7,56.4,1.0,1.0,0.4
0504510000000000030601,Apartadó,1.3,1.5,0.3,49.8,1.0,1.0,0.4
0504510000000000060119,Apartadó,1.0,0.6,0.8,50.7,1.0,1.0,0.4
0583710000000000040529,Turbo,1.4,0.4,1.0,75.9,1.0,1.0,0.15
0504510000000000080607,Apartadó,2.2,1.4,2.8,51.0,1.0,1.0,0.4
0504510000000000030215,Apartadó,1.0,0.2,0.6,28.6,1.0,1.0,0.65
0504510000000000090301,Apartadó,3.2,0.4,1.5,56.2,1.0,1.0,0.4
0583710000000000050503,Turbo,5.9,2.1,2.9,126.4,0.85,1.0,0.15
0583710000000000010208,Turbo,1.0,0.6,1.0,125.0,1.0,1.0,0.15
0504510000000000010319,Apartadó,0.7,0.3,0.5,29.2,1.0,1.0,0.65
0583710000000000010107,Turbo,1.4,0.5,1.4,126.1,1.0,1.0,0.15
0583710000000000050211,Turbo,5.9,2.0,3.2,126.7,0.85,1.0,0.15
0583710000000000050108,Turbo,2.4,0.2,2.4,76.1,1.0,1.0,0.15
0504510000000000050506,Apartadó,2.4,0.5,0.6,54.0,1.0,1.0,0.4
0504510000000000040131,Apartadó,2.4,0.4,0.6,54.4,1.0,1.0,0.4
0504510000000000010622,Apartadó,2.5,0.9,1.5,27.1,1.0,1.0,0.65
0504510000000000030607,Apartadó,1.7,0.9,1.0,49.9,1.0,1.0,0.4
0504510000000000070213,Apartadó,0.6,0.7,0.9,51.7,1.0,1.0,0.4
0583710000000000030606,Turbo,2.7,1.3,4.5,121.2,1.0,1.0,0.15
0504510000000000050321,Apartadó,1.2,0.7,0.6,52.5,1.0,1.0,0.4
0583710000000000030503,Turbo,1.0,0.9,3.4,121.9,1.0,1.0,0.15
0504520010201000010102,Apartadó,5.7,4.3,0.8,35.1,0.85,1.0,0.4
0504510000000000050408,Apartadó,2.9,0.6,0.5,54.3,1.0,1.0,0.4
0583710000000000020118,Turbo,2.6,1.6,3.0,128.3,1.0,1.0,0.15
0504510000000000080108,Apartadó,2.2,0.7,2.2,48.8,1.0,1.0,0.4
0504510000000000020102,Apartadó,0.4,0.3,1.3,28.2,1.0,1.0,0.65
0583710000000000030528,Turbo,0.8,1.0,3.2,122.1,1.0,1.0,0.15
0583710000000000020411,Turbo,0.4,0.9,1.6,127.3,1.0,1.0,0.15
0583710000000000010111,Turbo,1.1,0.1,1.1,126.1,1.0,1.0,0.15
0504510000000000090325,Apartadó,3.3,0.6,1.9,56.5,1.0,1.0,0.4
0504510000000000010308,Apartadó,1.7,0.4,0.7,49.4,1.0,1.0,0.4
0504510000000000070526,Apartadó,1.8,0.5,0.3,53.2,1.0,1.0,0.4
0504510000000000090110,Apartadó,3.1,0.3,0.9,55.2,1.0,1.0,0.4
0504510000000000010706,Apartadó,4.9,2.7,1.9,45.1,1.0,1.0,0.4
0583710000000000010236,Turbo,1.2,0.1,1.1,124.3,1.0,1.0,0.15
0583710000000000010619,Turbo,1.4,0.6,1.3,124.5,1.0,1.0,0.15
0504510000000000080223,Apartadó,1.7,0.8,2.2,50.3,1.0,1.0,0.4
0583710000000000030635,Turbo,3.1,0.5,5.3,120.2,1.0,1.0,0.15
0504510000000000020409,Apartadó,0.4,0.7,0.2,46.7,1.0,1.0,0.4
0504510000000000030618,Apartadó,1.1,0.5,0.8,50.3,1.0,1.0,0.4
0504510000000000100239,Apartadó,6.2,3.5,4.7,59.4,0.85,1.0,0.4
0504510000000000030222,Apartadó,0.5,0.5,0.9,28.1,1.0,1.0,0.65
0583710000000000010112,Turbo,1.2,0.2,1.2,126.3,1.0,1.0,0.15
0583710000000000050109,Turbo,4.3,0.4,3.9,126.8,1.0,1.0,0.15
0504510000000000010326,Apartadó,1.5,0.4,1.0,48.9,1.0,1.0,0.4
0583710000000000050509,Turbo,6.0,2.4,2.7,126.2,0.85,1.0,0.15
0583710000000000020709,Turbo,0.7,1.2,1.0,127.0,1.0,1.0,0.15
0583710000000000040701,Turbo,2.1,0.5,2.8,75.1,1.0,1.0,0.15
0583710000000000010115,Turbo,1.8,0.8,1.8,126.7,1.0,1.0,0.15
0583710000000000050212,Turbo,5.2,1.2,3.7,127.1,0.85,1.0,0.15
0504510000000000010423,Apartadó,1.3,0.4,2.2,47.6,1.0,1.0,0.4
0583710000000000010413,Turbo,3.8,1.8,3.8,128.4,1.0,1.0,0.15
0504510000000000030605,Apartadó,1.6,1.2,0.7,49.9,1.0,1.0,0.4
0504510000000000050515,Apartadó,2.7,0.9,0.9,54.3,1.0,1.0,0.4
0583710000000000030723,Turbo,4.2,1.3,5.7,119.4,1.0,1.0,0.15
0504510000000000010217,Apartadó,0.3,0.3,0.4,30.0,1.0,1.0,0.65
0504510000000000040520,Apartadó,1.1,1.1,1.5,52.2,1.0,1.0,0.4
0504510000000000030321,Apartadó,0.7,1.0,0.5,30.2,1.0,1.0,0.4
0504510000000000090322,Apartadó,2.3,0.5,0.9,55.5,1.0,1.0,0.4
0504510000000000070714,Apartadó,1.8,1.4,0.8,53.7,1.0,1.0,0.4
0583710000000000030737,Turbo,3.6,0.4,6.0,119.5,1.0,1.0,0.15
0504510000000000030318,Apartadó,0.6,0.7,0.2,30.1,1.0,1.0,0.4
0504510000000000070609,Apartadó,0.9,0.6,0.7,52.2,1.0,1.0,0.4
0583710000000000020804,Turbo,2.7,2.7,3.9,129.8,1.0,1.0,0.15
0583710000000000020109,Turbo,0.5,0.4,0.8,76.1,1.0,1.0,0.15
0504510000000000040116,Apartadó,1.9,0.3,0.4,54.4,1.0,1.0,0.4
0583710000000000010624,Turbo,1.1,0.2,2.2,73.1,1.0,1.0,0.15
0583710000000000050208,Turbo,5.7,1.7,3.7,127.2,0.85,1.0,0.15
0504510000000000080513,Apartadó,0.6,0.4,3.5,49.7,1.0,1.0,0.4
0504510000000000050409,Apartadó,2.8,0.7,0.6,54.4,1.0,1.0,0.4
0583710000000000040303,Turbo,0.6,0.5,1.6,123.3,1.0,1.0,0.15
0504510000000000010506,Apartadó,0.4,0.0,0.3,29.1,1.0,1.0,0.65
0504510000000000010314,Apartadó,1.6,0.4,1.2,48.8,1.0,1.0,0.4
0504510000000000100121,Apartadó,4.5,1.9,3.3,57.9,1.0,1.0,0.4
0583710000000000050408,Turbo,5.3,1.6,3.0,126.4,0.85,1.0,0.15
0583710000000000010307,Turbo,0.8,0.2,1.7,123.7,1.0,1.0,0.15
0583710000000000010727,Turbo,2.9,0.7,2.9,127.0,1.0,1.0,0.15
0504510000000000050212,Apartadó,1.8,0.3,0.6,53.4,1.0,1.0,0.4
0504510000000000020418,Apartadó,0.3,0.6,0.6,46.3,1.0,1.0,0.4
0583710000000000020711,Turbo,0.8,1.2,0.6,126.6,1.0,1.0,0.15
0504510000000000040629,Apartadó,0.7,0.9,0.9,32.7,1.0,1.0,0.4
0504510000000000010402,Apartadó,1.9,1.0,2.3,48.0,1.0,1.0,0.4
0504510000000000060115,Apartadó,1.1,0.4,1.0,51.0,1.0,1.0,0.4
0583710000000000030620,Turbo,3.1,0.9,5.2,120.4,1.0,1.0,0.15
0504510000000000020217,Apartadó,0.8,0.4,0.4,29.1,1.0,1.0,0.65
0504510000000000080123,Apartadó,1.5,0.5,0.3,30.2,1.0,1.0,0.4
0504510000000000030326,Apartadó,0.0,0.8,0.5,51.4,1.0,1.0,0.4
0504510000000000030419,Apartadó,0.6,1.2,0.8,30.4,1.0,1.0,0.4
0583710000000000030221,Turbo,2.1,0.6,3.4,71.6,1.0,1.0,0.15
0504510000000000040409,Apartadó,0.4,0.1,0.3,31.4,1.0,1.0,0.4
0583710000000000040202,Turbo,0.2,0.1,0.5,74.3,1.0,1.0,0.15
0504510000000000060617,Apartadó,0.8,0.8,0.8,52.8,1.0,1.0,0.4
0583710000000000020312,Turbo,1.7,0.7,2.6,127.9,1.0,1.0,0.15
0583710000000000030419,Turbo,1.4,0.7,3.5,121.2,1.0,1.0,0.15
0583710000000000030619,Turbo,2.9,0.6,5.1,120.3,1.0,1.0,0.15
0504510000000000100216,Apartadó,5.8,3.2,4.5,59.1,0.85,1.0,0.4
0583710000000000030418,Turbo,2.1,0.5,4.2,120.5,1.0,1.0,0.15
0583710000000000020607,Turbo,0.9,1.2,0.5,126.3,1.0,1.0,0.15
0583710000000000030630,Turbo,3.8,1.7,4.8,120.3,1.0,1.0,0.15
0583710000000000030403,Turbo,0.8,0.6,2.3,122.4,1.0,1.0,0.15
0504510000000000010135,Apartadó,1.5,2.1,3.6,47.9,1.0,1.0,0.4
0504510000000000020547,Apartadó,0.2,0.4,0.6,19.5,1.0,1.0,0.65
0504510000000000050413,Apartadó,2.7,0.7,0.5,54.3,1.0,1.0,0.4
0504510000000000080307,Apartadó,1.9,0.8,2.3,50.8,1.0,1.0,0.4
0504510000000000090213,Apartadó,3.3,0.3,1.1,55.8,1.0,1.0,0.4
0504510000000000020306,Apartadó,0.6,0.1,0.2,28.9,1.0,1.0,0.65
0504510000000000020546,Apartadó,0.2,0.5,1.1,46.8,1.0,1.0,0.4
0583710000000000020510,Turbo,0.2,0.2,0.2,75.0,1.0,1.0,0.15
0504510000000000060624,Apartadó,1.5,1.5,1.3,53.6,1.0,1.0,0.4
0583710000000000040127,Turbo,1.6,1.1,2.6,73.6,1.0,1.0,0.15
0504510000000000050410,Apartadó,2.7,0.7,0.8,54.6,1.0,1.0,0.4
0504510000000000050320,Apartadó,1.1,0.5,0.5,52.7,1.0,1.0,0.4
0583710000000000050222,Turbo,6.3,2.5,3.2,126.7,0.85,1.0,0.15
0583710000000000030524,Turbo,1.2,0.4,3.4,122.0,1.0,1.0,0.15
0504510000000000030532,Apartadó,1.0,0.5,0.6,50.1,1.0,1.0,0.4
0583710000000000030442,Turbo,1.9,0.8,3.7,121.0,1.0,1.0,0.15
0583710000000000030307,Turbo,0.8,0.1,2.1,72.8,1.0,1.0,0.15
0504510000000000100320,Apartadó,4.3,1.9,3.3,57.7,1.0,1.0,0.4
0504510000000000020309,Apartadó,1.6,0.8,1.0,48.5,1.0,1.0,0.4
0504510000000000040215,Apartadó,1.2,0.3,0.2,53.9,1.0,1.0,0.4
0504510000000000090210,Apartadó,3.5,0.6,1.4,56.1,1.0,1.0,0.4
0504510000000000080206,Apartadó,1.2,0.6,2.7,49.9,1.0,1.0,0.4
0583710000000000030423,Turbo,0.7,0.3,2.3,122.5,1.0,1.0,0.15
0583710000000000040157,Turbo,1.1,0.7,1.8,125.1,1.0,1.0,0.15
0504510000000000030314,Apartadó,0.6,1.2,0.7,50.7,1.0,1.0,0.4
0504510000000000100221,Apartadó,5.3,2.7,4.1,58.7,0.85,1.0,0.4
0504510000000000050215,Apartadó,1.6,0.4,0.6,53.3,1.0,1.0,0.4
0583710000000000050134,Turbo,4.5,0.9,3.4,126.4,1.0,1.0,0.15
0504510000000000020531,Apartadó,0.2,0.5,0.8,46.5,1.0,1.0,0.4
0583710000000000030438,Turbo,1.3,0.6,2.3,72.7,1.0,1.0,0.15
0504510000000000070404,Apartadó,0.5,0.9,0.3,50.4,1.0,1.0,0.4
0504510000000000050519,Apartadó,1.8,0.7,0.7,32.7,1.0,1.0,0.4
0583710000000000010436,Turbo,3.3,2.4,3.4,128.6,1.0,1.0,0.15
0504510000000000100316,Apartadó,3.8,1.4,2.8,57.3,1.0,1.0,0.4
0583710000000000040731,Turbo,2.0,0.8,2.9,74.3,1.0,1.0,0.15
0583710000000000040520,Turbo,2.7,0.5,3.4,125.5,1.0,1.0,0.15
0504510000000000040209,Apartadó,1.6,0.3,0.4,54.8,1.0,1.0,0.4
0583720090104100010303,Turbo,3.4,2.8,3.6,78.3,1.0,1.0,0.15
0504510000000000030408,Apartadó,0.6,1.1,0.5,51.8,1.0,1.0,0.4
0504510000000000060514,Apartadó,0.3,0.3,0.3,52.4,1.0,1.0,0.4
0504510000000000020107,Apartadó,0.5,0.2,1.1,47.4,1.0,1.0,0.4
0504510000000000090206,Apartadó,3.9,1.1,1.8,56.6,1.0,1.0,0.4
0504510000000000090409,Apartadó,1.6,0.7,0.8,55.1,1.0,1.0,0.4
0504510000000000070734,Apartadó,1.7,1.5,0.9,53.7,1.0,1.0,0.4
0504510000000000060114,Apartadó,0.7,0.2,1.0,51.4,1.0,1.0,0.4
0504510000000000020411,Apartadó,0.2,0.6,0.2,46.2,1.0,1.0,0.4
0583710000000000010447,Turbo,3.3,2.4,3.4,128.5,1.0,1.0,0.15
0583710000000000020316,Turbo,0.6,0.0,1.2,76.4,1.0,1.0,0.15
0504510000000000100409,Apartadó,6.5,4.0,5.4,59.9,0.85,1.0,0.4
0583710000000000010728,Turbo,2.5,1.0,2.5,126.6,1.0,1.0,0.15
0504510000000000040628,Apartadó,1.3,1.3,1.3,54.7,1.0,1.0,0.4
0504510000000000050304,Apartadó,1.2,0.6,0.1,53.5,1.0,1.0,0.4
0583710000000000040143,Turbo,2.8,0.6,4.0,124.8,1.0,1.0,0.15
0504510000000000060517,Apartadó,0.7,0.7,0.7,52.8,1.0,1.0,0.4
0504510000000000030511,Apartadó,0.5,0.2,0.6,50.7,1.0,1.0,0.4
0504510000000000030328,Apartadó,0.9,1.4,0.7,50.4,1.0,1.0,0.4
0504510000000000070305,Apartadó,0.9,0.6,1.2,51.1,1.0,1.0,0.4
0504510000000000090118,Apartadó,2.7,0.6,0.6,54.9,1.0,1.0,0.4
0583720090104100010205,Turbo,6.8,6.9,7.5,132.8,0.85,0.85,0.15
0504510000000000080626,Apartadó,0.8,0.5,1.6,30.0,1.0,1.0,0.65
0504510000000000020109,Apartadó,0.7,0.5,0.7,47.7,1.0,1.0,0.4
0583710000000000040715,Turbo,0.4,0.4,1.1,74.8,1.0,1.0,0.15
0583710000000000040761,Turbo,3.0,0.8,4.4,124.3,1.0,1.0,0.15
0583710000000000020108,Turbo,0.5,0.4,0.7,75.9,1.0,1.0,0.15
0583710000000000020208,Turbo,0.4,0.4,0.4,125.7,1.0,1.0,0.15
0583710000000000040102,Turbo,0.4,0.4,1.7,123.1,1.0,1.0,0.15
0583710000000000030515,Turbo,1.5,0.6,3.8,121.6,1.0,1.0,0.15
0504510000000000010609,Apartadó,4.0,1.3,2.7,45.4,1.0,1.0,0.4
0504510000000000020424,Apartadó,0.3,0.9,0.0,46.2,1.0,1.0,0.4
0583710000000000020402,Turbo,0.4,0.9,1.3,126.7,1.0,1.0,0.15
0504510000000000100119,Apartadó,4.5,1.8,3.1,57.8,1.0,1.0,0.4
0583710000000000050110,Turbo,4.5,1.2,3.1,126.1,1.0,1.0,0.15
0504510000000000040511,Apartadó,1.1,0.8,1.1,51.9,1.0,1.0,0.4
0504510000000000060408,Apartadó,0.9,0.5,1.1,52.8,1.0,1.0,0.4
0504510000000000040312,Apartadó,0.6,0.4,0.1,53.7,1.0,1.0,0.4
0504510000000000080601,Apartadó,1.9,1.5,2.1,50.4,1.0,1.0,0.4
0583710000000000040138,Turbo,2.3,0.4,2.8,75.3,1.0,1.0,0.15
0504510000000000010516,Apartadó,0.4,1.0,0.2,48.8,1.0,1.0,0.4
0514720011200300010104,Carepa,26.6,0.2,26.9,47.5,0.65,1.0,0.4
0514720011200300010108,Carepa,43.4,0.2,44.0,78.4,0.4,1.0,0.15
0514720010400500010101,Carepa,22.8,10.6,6.0,15.4,0.65,0.85,0.65
0514720010400500010113,Carepa,22.0,10.6,5.1,14.6,0.65,0.85,0.85
0514720010400500010129,Carepa,22.3,11.6,5.2,14.1,0.65,0.85,0.85
0514720010400500010123,Carepa,22.2,11.2,5.1,14.3,0.65,0.85,0.85
0514720010400800010112,Carepa,23.4,7.7,8.0,18.1,0.65,0.85,0.65
0514720010501100010104,Carepa,15.2,1.5,9.4,17.3,0.65,1.0,0.65
0514720010501100010108,Carepa,15.4,1.2,9.7,17.7,0.65,1.0,0.65
0514720010801200010101,Carepa,17.5,4.9,0.8,28.3,0.65,1.0,0.65
0583720200100700010108,Turbo,117.3,2.5,64.4,132.7,0.15,1.0,0.15
0565920020600700010102,San Juan de Urabá,31.3,31.3,267.2,409.4,0.4,0.4,0.15
0505120040101900010103,Arboletes,58.6,25.5,138.3,225.1,0.4,0.65,0.15
0566520040701400010107,San Pedro de Urabá,79.1,3.2,177.5,321.6,0.15,1.0,0.15
0565920010400800010108,San Juan de Urabá,5.3,5.3,172.3,256.9,0.85,0.85,0.15
0566520040701400010103,San Pedro de Urabá,47.8,2.2,106.6,193.1,0.4,1.0,0.15
0504510000000000100120,Apartadó,4.4,1.8,3.1,57.8,1.0,1.0,0.4
0583710000000000030716,Turbo,4.1,1.3,5.6,119.6,1.0,1.0,0.15
0504510000000000070520,Apartadó,1.3,0.3,0.3,52.9,1.0,1.0,0.4
0504510000000000060113,Apartadó,1.2,0.6,1.2,51.0,1.0,1.0,0.4
0504510000000000040627,Apartadó,1.0,1.0,1.4,52.5,1.0,1.0,0.4
0583710000000000040307,Turbo,0.1,0.2,0.5,74.3,1.0,1.0,0.15
0583710000000000050206,Turbo,6.0,2.0,3.7,127.2,0.85,1.0,0.15
0583710000000000020302,Turbo,0.5,0.6,1.7,126.8,1.0,1.0,0.15
0504510000000000050210,Apartadó,2.0,0.1,0.4,53.7,1.0,1.0,0.4
0583710000000000010718,Turbo,2.5,1.4,2.5,77.4,1.0,1.0,0.15
0504510000000000010125,Apartadó,1.2,0.9,1.9,28.7,1.0,1.0,0.65
0504510000000000100302,Apartadó,3.2,0.6,2.0,56.5,1.0,1.0,0.4
0504510000000000020211,Apartadó,0.1,0.6,0.1,28.8,1.0,1.0,0.65
0504510000000000040515,Apartadó,1.5,1.4,1.6,51.7,1.0,1.0,0.4
0504510000000000040501,Apartadó,1.0,0.8,0.9,51.8,1.0,1.0,0.4
0583710000000000050135,Turbo,4.4,1.0,3.3,126.3,1.0,1.0,0.15
0504510000000000060327,Apartadó,0.8,0.8,1.7,52.2,1.0,1.0,0.4
0504510000000000050301,Apartadó,1.7,0.2,0.5,53.8,1.0,1.0,0.4
0583710000000000010305,Turbo,0.5,0.3,1.1,74.2,1.0,1.0,0.15
0583710000000000020714,Turbo,1.2,1.5,1.6,77.2,1.0,1.0,0.15
0504510000000000010214,Apartadó,0.7,0.2,0.2,29.9,1.0,1.0,0.65
0583710000000000050210,Turbo,6.4,2.5,3.3,126.8,0.85,1.0,0.15
0504510000000000080110,Apartadó,2.4,0.8,0.8,50.0,1.0,1.0,0.4
0583710000000000050526,Turbo,5.5,2.1,2.4,125.9,0.85,1.0,0.15
0583710000000000040718,Turbo,0.7,0.2,1.6,74.6,1.0,1.0,0.15
0504510000000000030118,Apartadó,1.4,0.3,0.8,49.3,1.0,1.0,0.4
0583710000000000010229,Turbo,1.1,0.7,1.1,75.3,1.0,1.0,0.15
0504520010201000010110,Apartadó,4.4,3.8,0.6,33.9,1.0,1.0,0.4
0583710000000000040503,Turbo,1.5,0.8,1.5,75.7,1.0,1.0,0.15
0504510000000000060631,Apartadó,1.5,1.3,1.5,53.7,1.0,1.0,0.4
0504510000000000090217,Apartadó,3.2,0.3,1.1,55.9,1.0,1.0,0.4
0504510000000000020226,Apartadó,0.3,0.9,0.0,47.6,1.0,1.0,0.4
0583710000000000050412,Turbo,3.0,1.0,1.6,75.6,1.0,1.0,0.15
0583710000000000050520,Turbo,6.2,2.8,2.3,125.9,0.85,1.0,0.15
0583710000000000050524,Turbo,5.8,2.4,2.3,125.8,0.85,1.0,0.15
0583710000000000030224,Turbo,2.1,1.2,4.4,120.9,1.0,1.0,0.15
0504510000000000020519,Apartadó,0.1,0.4,1.7,46.8,1.0,1.0,0.4
0504510000000000040117,Apartadó,2.1,0.3,0.3,54.5,1.0,1.0,0.4
0583710000000000030232,Turbo,4.4,1.3,6.6,118.6,1.0,1.0,0.15
0504510000000000080605,Apartadó,2.1,1.4,2.6,50.8,1.0,1.0,0.4
0504510000000000060330,Apartadó,0.6,0.6,1.3,51.4,1.0,1.0,0.4
0583710000000000030222,Turbo,2.8,0.5,5.1,120.3,1.0,1.0,0.15
0583710000000000030309,Turbo,1.1,0.2,2.4,72.5,1.0,1.0,0.15
0504510000000000040218,Apartadó,1.3,0.5,0.2,53.8,1.0,1.0,0.4
0583710000000000010317,Turbo,0.5,0.8,2.2,123.2,1.0,1.0,0.15
0504510000000000040307,Apartadó,1.2,0.4,0.5,54.4,1.0,1.0,0.4
0583710000000000020907,Turbo,1.5,0.9,1.9,77.2,1.0,1.0,0.15
0504510000000000030406,Apartadó,0.8,0.9,0.4,52.2,1.0,1.0,0.4
0504510000000000030526,Apartadó,0.7,0.7,0.5,50.3,1.0,1.0,0.4
0504510000000000100136,Apartadó,5.1,2.5,3.9,58.5,0.85,1.0,0.4
0504510000000000100506,Apartadó,3.6,2.2,3.1,35.6,1.0,1.0,0.4
0504510000000000030504,Apartadó,0.6,0.3,0.3,50.8,1.0,1.0,0.4
0583710000000000010101,Turbo,1.7,1.0,1.7,127.1,1.0,1.0,0.15
0583710000000000020304,Turbo,0.2,0.9,1.3,126.4,1.0,1.0,0.15
0504510000000000040137,Apartadó,2.0,0.2,0.7,54.1,1.0,1.0,0.4
0504510000000000030416,Apartadó,0.4,0.9,0.7,30.7,1.0,1.0,0.4
0504510000000000040404,Apartadó,0.2,0.2,0.5,53.2,1.0,1.0,0.4
0566510000000000010539,San Pedro de Urabá,0.5,0.2,71.4,153.3,1.0,1.0,0.15
0583710000000000030513,Turbo,1.3,0.6,3.6,121.8,1.0,1.0,0.15
0504510000000000100132,Apartadó,5.1,2.3,3.4,58.2,0.85,1.0,0.4
0504510000000000020412,Apartadó,0.3,0.7,0.2,46.5,1.0,1.0,0.4
0504510000000000080222,Apartadó,1.8,1.0,2.3,49.3,1.0,1.0,0.4
0504510000000000030401,Apartadó,0.3,0.8,0.5,30.9,1.0,1.0,0.4
0583710000000000030720,Turbo,4.1,1.8,5.0,119.9,1.0,1.0,0.15
0504510000000000080630,Apartadó,1.6,1.2,2.4,50.2,1.0,1.0,0.4
0583710000000000030702,Turbo,3.4,0.8,5.6,120.0,1.0,1.0,0.15
0583710000000000020301,Turbo,0.4,0.3,1.1,76.2,1.0,1.0,0.15
0504510000000000050219,Apartadó,1.5,0.5,0.6,53.2,1.0,1.0,0.4
0504510000000000010411,Apartadó,1.3,0.2,2.3,47.4,1.0,1.0,0.4
0583710000000000020814,Turbo,2.3,1.7,2.5,77.6,1.0,1.0,0.15
0583710000000000020908,Turbo,1.8,1.2,2.1,77.3,1.0,1.0,0.15
0583710000000000050519,Turbo,6.1,2.6,2.4,125.9,0.85,1.0,0.15
0504510000000000030417,Apartadó,0.5,0.8,0.6,30.8,1.0,1.0,0.4
0583710000000000010109,Turbo,1.0,0.4,1.0,125.8,1.0,1.0,0.15
0504510000000000010703,Apartadó,4.6,2.5,1.5,45.6,1.0,1.0,0.4
0504510000000000090403,Apartadó,2.0,0.6,1.0,55.4,1.0,1.0,0.4
0504510000000000020628,Apartadó,0.6,0.6,2.2,46.6,1.0,1.0,0.4
0504510000000000090407,Apartadó,1.8,0.9,1.1,55.2,1.0,1.0,0.4
0583710000000000030206,Turbo,2.3,1.1,4.6,120.7,1.0,1.0,0.15
0504510000000000030515,Apartadó,0.9,0.7,0.2,50.2,1.0,1.0,0.4
0583710000000000030637,Turbo,1.3,0.4,2.4,73.0,1.0,1.0,0.15
0504510000000000010702,Apartadó,2.7,1.5,0.8,27.5,1.0,1.0,0.65
0504510000000000070306,Apartadó,0.9,0.7,1.3,51.1,1.0,1.0,0.4
0583710000000000040704,Turbo,3.4,0.9,4.6,124.7,1.0,1.0,0.15
0504510000000000070127,Apartadó,1.0,0.8,0.6,52.6,1.0,1.0,0.4
0504520030201800010111,Apartadó,3.6,0.3,3.9,33.2,1.0,1.0,0.4
0504510000000000030415,Apartadó,0.4,1.1,0.7,30.6,1.0,1.0,0.4
0504510000000000100307,Apartadó,3.4,1.1,2.4,56.9,1.0,1.0,0.4
0504510000000000060104,Apartadó,0.9,0.5,1.3,51.6,1.0,1.0,0.4
0504510000000000040211,Apartadó,1.5,0.4,0.1,54.5,1.0,1.0,0.4
0583710000000000050301,Turbo,4.0,1.8,1.7,75.8,1.0,1.0,0.15
0583710000000000050510,Turbo,5.9,2.3,2.7,126.2,0.85,1.0,0.15
0583710000000000030110,Turbo,0.2,0.5,1.5,73.6,1.0,1.0,0.15
0504510000000000010718,Apartadó,3.5,1.9,1.9,26.3,1.0,1.0,0.65
0504510000000000070625,Apartadó,0.6,1.2,0.5,52.0,1.0,1.0,0.4
0583710000000000030106,Turbo,0.9,0.2,1.7,123.6,1.0,1.0,0.15
0583710000000000040415,Turbo,0.8,0.5,0.8,76.2,1.0,1.0,0.15
0583710000000000040123,Turbo,0.8,0.5,1.8,73.8,1.0,1.0,0.15
0583710000000000010235,Turbo,0.5,0.3,0.5,74.8,1.0,1.0,0.15
0583710000000000040167,Turbo,3.1,1.6,4.8,122.3,1.0,1.0,0.15
0583710000000000040506,Turbo,1.4,0.6,1.7,75.3,1.0,1.0,0.15
0514720011200300010123,Carepa,43.0,0.9,43.5,78.2,0.4,1.0,0.15
0514720010400400010115,Carepa,21.9,8.6,5.8,15.9,0.65,0.85,0.65
0514720010800600010107,Carepa,17.4,2.8,0.3,31.3,0.65,1.0,0.4
0514720010800600010115,Carepa,19.1,3.8,0.2,31.1,0.65,1.0,0.4
0514720010501100010105,Carepa,15.1,1.4,9.5,17.4,0.65,1.0,0.65
0514720010601400010104,Carepa,19.5,19.5,1.0,5.7,0.65,0.65,0.85
0505120020301700010102,Arboletes,60.5,60.5,262.9,407.1,0.15,0.15,0.15
0504520020301700010110,Apartadó,17.9,3.4,0.4,31.0,0.65,1.0,0.4
0583720200100700010106,Turbo,70.4,1.7,38.5,79.6,0.15,1.0,0.15
0583720050403300010103,Turbo,38.3,15.3,84.5,217.1,0.4,0.65,0.15
0565920020600700010104,San Juan de Urabá,19.0,19.0,160.3,245.6,0.65,0.65,0.15
0504510000000000030308,Apartadó,0.2,0.7,0.2,50.9,1.0,1.0,0.4
0504510000000000020618,Apartadó,0.3,0.6,1.5,45.9,1.0,1.0,0.4
0504510000000000060513,Apartadó,0.3,0.3,0.3,52.4,1.0,1.0,0.4
0504510000000000070722,Apartadó,1.8,1.0,0.5,53.4,1.0,1.0,0.4
0504510000000000020314,Apartadó,0.9,0.3,0.5,28.8,1.0,1.0,0.65
0504510000000000020505,Apartadó,0.3,0.3,0.6,46.1,1.0,1.0,0.4
0504510000000000020522,Apartadó,0.3,0.6,1.1,46.3,1.0,1.0,0.4
0504510000000000030219,Apartadó,1.7,0.6,1.3,47.5,1.0,1.0,0.4
0504510000000000070224,Apartadó,0.6,0.0,0.4,30.5,1.0,1.0,0.4
0504510000000000020540,Apartadó,0.3,5.4,1.2,42.5,1.0,0.85,0.4
0504510000000000060805,Apartadó,0.8,0.9,1.6,52.2,1.0,1.0,0.4
0504510000000000040605,Apartadó,0.4,0.6,0.4,53.8,1.0,1.0,0.4
0504510000000000020401,Apartadó,0.2,0.5,0.1,46.7,1.0,1.0,0.4
0504510000000000060305,Apartadó,0.7,0.4,1.4,52.5,1.0,1.0,0.4
0504510000000000040742,Apartadó,2.5,0.4,1.0,55.5,1.0,1.0,0.4
0504510000000000030119,Apartadó,1.7,0.2,0.8,49.1,1.0,1.0,0.4
0504510000000000010318,Apartadó,0.6,0.2,0.4,29.3,1.0,1.0,0.65
0504510000000000080114,Apartadó,1.9,0.4,0.8,49.5,1.0,1.0,0.4
0583710000000000050136,Turbo,2.8,0.4,2.8,76.6,1.0,1.0,0.15
0504510000000000020606,Apartadó,0.1,0.5,1.0,46.6,1.0,1.0,0.4
0504510000000000100614,Apartadó,4.9,2.6,4.0,58.4,1.0,1.0,0.4
0583710000000000040524,Turbo,1.2,0.3,0.8,75.6,1.0,1.0,0.15
0504510000000000070632,Apartadó,0.6,1.3,0.4,52.1,1.0,1.0,0.4
0504510000000000040635,Apartadó,0.8,0.9,1.3,52.7,1.0,1.0,0.4
0504510000000000070715,Apartadó,2.0,1.3,0.8,53.7,1.0,1.0,0.4
0504510000000000020537,Apartadó,0.4,5.0,1.1,43.1,1.0,1.0,0.4
0504510000000000040509,Apartadó,1.0,1.0,1.2,52.1,1.0,1.0,0.4
0504510000000000010719,Apartadó,5.6,3.0,3.2,44.0,0.85,1.0,0.4
0504510000000000040118,Apartadó,1.9,0.1,0.6,54.2,1.0,1.0,0.4
0583710000000000010209,Turbo,0.5,0.3,0.5,74.9,1.0,1.0,0.15
0504510000000000070209,Apartadó,0.9,0.5,0.9,51.3,1.0,1.0,0.4
0583710000000000040209,Turbo,0.6,0.5,1.4,123.4,1.0,1.0,0.15
0504510000000000080119,Apartadó,1.9,0.3,0.2,50.0,1.0,1.0,0.4
0583710000000000010207,Turbo,0.3,0.3,0.3,75.1,1.0,1.0,0.15
0504510000000000040613,Apartadó,0.2,0.3,0.5,53.4,1.0,1.0,0.4
0504510000000000020425,Apartadó,0.5,1.0,0.1,46.0,1.0,1.0,0.4
0504510000000000070218,Apartadó,0.5,0.5,0.6,51.3,1.0,1.0,0.4
0583710000000000020603,Turbo,0.6,1.4,0.9,126.2,1.0,1.0,0.15
0504510000000000050108,Apartadó,1.7,0.6,0.4,53.2,1.0,1.0,0.4
0504510000000000050518,Apartadó,3.0,0.9,1.0,54.5,1.0,1.0,0.4
0504510000000000070717,Apartadó,2.2,1.1,0.9,53.9,1.0,1.0,0.4
0583710000000000030404,Turbo,0.5,0.2,1.6,73.2,1.0,1.0,0.15
0504510000000000030221,Apartadó,0.2,0.3,0.6,28.0,1.0,1.0,0.65
0504510000000000080506,Apartadó,1.4,0.5,3.3,50.4,1.0,1.0,0.4
0504510000000000060328,Apartadó,1.0,0.9,1.8,52.3,1.0,1.0,0.4
0583710000000000030815,Turbo,4.7,1.5,6.5,118.6,1.0,1.0,0.15
0504510000000000010628,Apartadó,4.0,1.5,2.3,45.5,1.0,1.0,0.4
0504510000000000080411,Apartadó,0.7,0.7,3.2,49.5,1.0,1.0,0.4
0504510000000000080127,Apartadó,1.3,0.7,0.4,21.7,1.0,1.0,0.65
0504510000000000030223,Apartadó,1.1,0.7,1.7,47.1,1.0,1.0,0.4
0583710000000000040407,Turbo,1.2,0.8,0.4,126.3,1.0,1.0,0.15
0504510000000000060301,Apartadó,0.2,0.2,0.8,31.1,1.0,1.0,0.4
0504510000000000030108,Apartadó,2.0,0.4,0.4,48.5,1.0,1.0,0.4
0583710000000000040531,Turbo,1.7,0.9,1.8,125.7,1.0,1.0,0.15
0583710000000000030509,Turbo,1.3,0.8,3.7,121.7,1.0,1.0,0.15
0504510000000000030402,Apartadó,0.2,1.5,0.6,51.7,1.0,1.0,0.4
0504510000000000070704,Apartadó,2.0,1.5,1.0,53.9,1.0,1.0,0.4
0504510000000000020627,Apartadó,1.2,1.2,2.4,45.3,1.0,1.0,0.4
0583710000000000030516,Turbo,1.4,0.5,3.7,121.7,1.0,1.0,0.15
0583710000000000020321,Turbo,1.2,0.5,2.4,127.8,1.0,1.0,0.15
0504510000000000040122,Apartadó,2.3,0.4,0.2,54.7,1.0,1.0,0.4
0504510000000000060325,Apartadó,0.9,0.7,1.7,52.4,1.0,1.0,0.4
0504510000000000020103,Apartadó,0.3,0.0,1.7,47.2,1.0,1.0,0.4
0583710000000000010724,Turbo,3.2,0.7,3.2,127.3,1.0,1.0,0.15
0504510000000000010713,Apartadó,2.8,1.3,1.5,27.0,1.0,1.0,0.65
0504510000000000070226,Apartadó,0.8,0.8,0.8,52.3,1.0,1.0,0.4
0583710000000000030827,Turbo,3.1,1.3,3.5,71.2,1.0,1.0,0.15
0504510000000000030225,Apartadó,1.2,0.9,1.8,46.9,1.0,1.0,0.4
0504510000000000090410,Apartadó,1.6,0.6,0.7,55.0,1.0,1.0,0.4
0583710000000000050104,Turbo,4.6,0.5,4.2,127.3,1.0,1.0,0.15
0504510000000000030616,Apartadó,1.1,0.9,0.9,49.9,1.0,1.0,0.4
0583710000000000040760,Turbo,0.9,0.2,2.4,124.0,1.0,1.0,0.15
0583710000000000010518,Turbo,0.7,0.4,2.7,122.7,1.0,1.0,0.15
0504510000000000080410,Apartadó,0.7,0.5,3.3,49.7,1.0,1.0,0.4
0504510000000000080617,Apartadó,2.1,1.2,3.1,51.0,1.0,1.0,0.4
0504510000000000100501,Apartadó,4.5,3.1,3.9,36.6,1.0,1.0,0.4
0583710000000000040130,Turbo,2.9,0.3,3.9,73.3,1.0,1.0,0.15
0504510000000000010137,Apartadó,2.3,1.3,2.8,48.0,1.0,1.0,0.4
0583710000000000010511,Turbo,0.3,0.4,1.7,73.6,1.0,1.0,0.15
0583710000000000040753,Turbo,2.2,0.7,3.2,73.7,1.0,1.0,0.15
0504510000000000050218,Apartadó,1.5,0.6,0.6,53.1,1.0,1.0,0.4
0583710000000000030825,Turbo,4.7,2.0,5.4,119.2,1.0,1.0,0.15
0504510000000000040726,Apartadó,2.5,0.5,0.5,55.2,1.0,1.0,0.4
0504510000000000050418,Apartadó,3.2,0.4,1.1,55.2,1.0,1.0,0.4
0504510000000000050208,Apartadó,2.1,0.4,0.3,53.6,1.0,1.0,0.4
0583710000000000040210,Turbo,0.3,0.3,0.8,74.2,1.0,1.0,0.15
0583710000000000030108,Turbo,0.3,0.3,1.2,73.9,1.0,1.0,0.15
0583710000000000010703,Turbo,3.6,2.1,3.6,128.5,1.0,1.0,0.15
0504510000000000010304,Apartadó,2.3,0.4,1.8,48.7,1.0,1.0,0.4
0504510000000000080216,Apartadó,1.6,1.3,2.4,49.5,1.0,1.0,0.4
0583710000000000010510,Turbo,0.1,0.6,1.6,73.6,1.0,1.0,0.15
0504510000000000030707,Apartadó,2.0,1.7,0.7,49.3,1.0,1.0,0.4
0504510000000000100203,Apartadó,5.8,3.1,4.2,59.0,0.85,1.0,0.4
0504510000000000100322,Apartadó,3.9,1.6,2.9,57.3,1.0,1.0,0.4
0504510000000000070130,Apartadó,1.2,0.5,0.2,52.9,1.0,1.0,0.4
0504510000000000040212,Apartadó,1.6,0.5,0.3,54.5,1.0,1.0,0.4
0504510000000000070313,Apartadó,1.4,0.6,1.2,50.5,1.0,1.0,0.4
0504510000000000010708,Apartadó,2.8,1.4,1.3,27.1,1.0,1.0,0.65
0583710000000000010427,Turbo,3.1,1.8,3.1,128.0,1.0,1.0,0.15
0583710000000000010713,Turbo,3.3,1.0,3.3,127.6,1.0,1.0,0.15
0504510000000000030521,Apartadó,0.1,0.4,0.3,50.7,1.0,1.0,0.4
0504510000000000020111,Apartadó,0.3,0.5,0.1,28.8,1.0,1.0,0.65
0583710000000000020117,Turbo,1.6,1.0,1.9,127.3,1.0,1.0,0.15
0504510000000000040321,Apartadó,0.4,0.2,0.3,32.0,1.0,1.0,0.4
0504510000000000100105,Apartadó,4.9,2.1,3.3,58.1,1.0,1.0,0.4
0504510000000000040514,Apartadó,1.0,0.8,1.0,30.9,1.0,1.0,0.4
0504510000000000070615,Apartadó,0.7,0.8,0.9,52.0,1.0,1.0,0.4
0504510000000000040706,Apartadó,2.4,0.5,0.9,55.4,1.0,1.0,0.4
0583710000000000010102,Turbo,1.6,0.6,1.6,126.7,1.0,1.0,0.15
0504510000000000030523,Apartadó,0.4,0.4,0.5,50.8,1.0,1.0,0.4
0504510000000000090312,Apartadó,2.5,0.3,1.1,55.7,1.0,1.0,0.4
0583710000000000010704,Turbo,2.3,1.2,2.3,77.2,1.0,1.0,0.15
0583710000000000010401,Turbo,3.1,2.3,3.2,128.3,1.0,1.0,0.15
0583710000000000010601,Turbo,2.1,1.1,2.1,124.5,1.0,1.0,0.15
0583710000000000010623,Turbo,2.3,0.7,3.8,122.1,1.0,1.0,0.15
0504510000000000040120,Apartadó,2.4,0.4,0.5,54.6,1.0,1.0,0.4
0504510000000000050120,Apartadó,0.9,1.1,0.2,52.4,1.0,1.0,0.4
0504510000000000100210,Apartadó,5.4,2.8,4.0,58.7,0.85,1.0,0.4
0504510000000000080210,Apartadó,1.2,0.8,2.7,49.7,1.0,1.0,0.4
0504510000000000070527,Apartadó,1.8,0.5,0.3,53.2,1.0,1.0,0.4
0504510000000000020551,Apartadó,0.5,1.0,0.2,27.1,1.0,1.0,0.65
0583710000000000010620,Turbo,1.7,0.8,1.7,124.5,1.0,1.0,0.15
0504510000000000010412,Apartadó,1.6,0.5,2.5,47.5,1.0,1.0,0.4
0583710000000000010717,Turbo,2.7,1.3,2.7,127.3,1.0,1.0,0.15
0504510000000000030531,Apartadó,1.0,0.5,0.5,50.2,1.0,1.0,0.4
0583710000000000050209,Turbo,6.1,2.1,3.6,127.1,0.85,1.0,0.15
0504510000000000040508,Apartadó,1.0,1.0,1.3,52.2,1.0,1.0,0.4
0583710000000000030616,Turbo,2.9,1.0,5.0,120.6,1.0,1.0,0.15
0504510000000000040608,Apartadó,0.2,0.7,0.6,53.7,1.0,1.0,0.4
0504510000000000100126,Apartadó,4.9,2.3,3.7,58.3,1.0,1.0,0.4
0583710000000000050522,Turbo,6.0,2.7,2.1,125.7,0.85,1.0,0.15
0583710000000000010512,Turbo,0.9,0.2,2.8,122.7,1.0,1.0,0.15
0504510000000000080115,Apartadó,1.9,0.5,0.7,49.6,1.0,1.0,0.4
0504510000000000010218,Apartadó,0.2,0.4,0.3,29.8,1.0,1.0,0.65
0583710000000000050306,Turbo,6.3,3.0,2.1,125.7,0.85,1.0,0.15
0583710000000000040618,Turbo,5.1,0.7,6.8,122.1,0.85,1.0,0.15
0583710000000000020606,Turbo,1.0,1.1,0.5,126.0,1.0,1.0,0.15
0504510000000000030514,Apartadó,0.6,0.1,0.6,50.5,1.0,1.0,0.4
0504510000000000080209,Apartadó,1.4,0.9,2.5,49.9,1.0,1.0,0.4
0504510000000000020317,Apartadó,0.9,0.1,0.6,47.4,1.0,1.0,0.4
0504510000000000050101,Apartadó,2.1,0.2,0.1,53.5,1.0,1.0,0.4
0504510000000000010716,Apartadó,5.7,3.2,2.8,44.2,0.85,1.0,0.4
0504510000000000020308,Apartadó,1.5,0.6,0.8,48.4,1.0,1.0,0.4
0504510000000000100209,Apartadó,5.6,2.9,4.1,58.9,0.85,1.0,0.4
0583720090104100010204,Turbo,6.9,6.9,7.6,132.8,0.85,0.85,0.15
0504510000000000070120,Apartadó,0.3,0.8,0.6,51.9,1.0,1.0,0.4
0583710000000000030420,Turbo,1.2,0.3,2.7,122.1,1.0,1.0,0.15
0504510000000000070618,Apartadó,0.4,0.8,0.5,51.7,1.0,1.0,0.4
0504510000000000060207,Apartadó,0.6,0.5,1.1,51.6,1.0,1.0,0.4
0504510000000000100407,Apartadó,6.1,3.6,5.0,59.5,0.85,1.0,0.4
0504510000000000020203,Apartadó,0.4,0.5,0.4,29.2,1.0,1.0,0.65
0504510000000000060302,Apartadó,0.7,0.6,1.6,52.2,1.0,1.0,0.4
0504510000000000080311,Apartadó,1.8,0.8,3.0,50.9,1.0,1.0,0.4
0583710000000000030405,Turbo,0.8,0.1,1.8,73.1,1.0,1.0,0.15
0504510000000000030116,Apartadó,1.8,0.4,0.6,48.9,1.0,1.0,0.4
0504510000000000030111,Apartadó,1.5,0.3,0.9,48.0,1.0,1.0,0.4
0504510000000000060111,Apartadó,1.6,1.0,1.1,50.9,1.0,1.0,0.4
0504510000000000060519,Apartadó,0.5,0.5,0.5,52.5,1.0,1.0,0.4
0583710000000000020802,Turbo,5.2,4.3,5.8,131.0,0.85,1.0,0.15
0583710000000000020322,Turbo,1.4,0.6,2.6,127.9,1.0,1.0,0.15
0504510000000000040201,Apartadó,1.6,0.5,0.5,54.1,1.0,1.0,0.4
0583710000000000030623,Turbo,2.9,1.2,4.2,121.5,1.0,1.0,0.15
0504510000000000040620,Apartadó,0.4,0.7,1.0,53.1,1.0,1.0,0.4
0504510000000000030112,Apartadó,1.0,0.1,0.4,28.9,1.0,1.0,0.65
0504510000000000030117,Apartadó,1.5,0.4,0.9,49.3,1.0,1.0,0.4
0504510000000000100608,Apartadó,5.1,2.7,4.2,58.6,0.85,1.0,0.4
0583710000000000020206,Turbo,0.6,0.2,0.6,126.0,1.0,1.0,0.15
0504510000000000070415,Apartadó,0.6,1.2,0.4,50.2,1.0,1.0,0.4
0583710000000000020103,Turbo,1.3,0.7,1.4,126.7,1.0,1.0,0.15
0504510000000000070205,Apartadó,0.5,0.5,0.5,52.1,1.0,1.0,0.4
0504510000000000060409,Apartadó,1.1,0.5,1.1,53.0,1.0,1.0,0.4
0583710000000000040754,Turbo,2.1,0.9,3.0,73.7,1.0,1.0,0.15
0583710000000000050119,Turbo,5.0,0.8,4.2,127.5,1.0,1.0,0.15
0583710000000000050501,Turbo,5.6,1.9,3.0,126.5,0.85,1.0,0.15
0504520010201000010104,Apartadó,4.8,4.2,0.2,34.3,1.0,1.0,0.4
0504510000000000030202,Apartadó,1.3,0.3,0.4,29.1,1.0,1.0,0.65
0583710000000000020715,Turbo,1.9,2.6,2.8,128.8,1.0,1.0,0.15
0504510000000000070410,Apartadó,1.0,1.1,1.0,50.9,1.0,1.0,0.4
0504510000000000040313,Apartadó,0.8,0.3,0.2,53.8,1.0,1.0,0.4
0504510000000000050416,Apartadó,2.8,0.8,0.8,54.6,1.0,1.0,0.4
0504510000000000060512,Apartadó,0.4,0.3,0.4,52.3,1.0,1.0,0.4
0504510000000000050220,Apartadó,2.2,0.2,0.2,53.7,1.0,1.0,0.4
0514720011200300010117,Carepa,26.6,0.3,27.0,47.7,0.65,1.0,0.4
0514720010400400010110,Carepa,21.8,8.3,6.0,16.1,0.65,0.85,0.65
0514720010400500010111,Carepa,22.3,10.5,5.4,14.9,0.65,0.85,0.85
0514720010800600010108,Carepa,17.2,2.7,0.5,31.4,0.65,1.0,0.4
0514720010400800010105,Carepa,23.5,7.4,8.2,18.4,0.65,0.85,0.65
0514720010400800010108,Carepa,23.4,6.9,8.4,18.6,0.65,0.85,0.65
0514720010400800010109,Carepa,23.3,6.9,8.3,18.5,0.65,0.85,0.65
0514720010400800010110,Carepa,23.2,7.0,8.2,18.3,0.65,0.85,0.65
0514720010400800010111,Carepa,23.3,7.3,8.1,18.3,0.65,0.85,0.65
0514720010501100010107,Carepa,15.4,1.3,9.6,17.7,0.65,1.0,0.65
0514720010501100010106,Carepa,15.3,1.3,9.6,17.5,0.65,1.0,0.65
0514720010801200010102,Carepa,17.9,5.0,1.0,28.1,0.65,1.0,0.65
0514720010601400010111,Carepa,19.6,19.6,0.8,6.2,0.65,0.65,0.85
0517220100601300010104,Chigorodó,117.6,5.7,54.9,155.6,0.15,0.85,0.15
0583720200100700010105,Turbo,70.3,1.7,38.5,79.5,0.15,1.0,0.15
0505120020301700010107,Arboletes,36.4,36.4,157.3,243.8,0.4,0.4,0.15
0504510000000000050316,Apartadó,1.3,0.8,0.7,52.8,1.0,1.0,0.4
0504510000000000050516,Apartadó,2.8,0.9,1.0,54.4,1.0,1.0,0.4
0504510000000000060203,Apartadó,0.6,1.0,1.4,52.0,1.0,1.0,0.4
0583710000000000020114,Turbo,1.8,1.1,2.0,127.4,1.0,1.0,0.15
0504510000000000090506,Apartadó,3.8,1.0,1.9,56.7,1.0,1.0,0.4
0583710000000000040727,Turbo,2.1,0.6,2.9,74.5,1.0,1.0,0.15
0504510000000000010625,Apartadó,1.3,0.4,1.7,28.2,1.0,1.0,0.65
0583710000000000030305,Turbo,0.5,0.1,1.7,73.2,1.0,1.0,0.15
0504510000000000050502,Apartadó,2.6,0.7,0.7,54.1,1.0,1.0,0.4
0504510000000000070203,Apartadó,0.3,0.0,0.2,30.6,1.0,1.0,0.4
0504510000000000030702,Apartadó,0.9,1.0,0.3,29.8,1.0,1.0,0.65
0504510000000000080207,Apartadó,1.5,0.8,2.4,50.0,1.0,1.0,0.4
0583720090104100010107,Turbo,4.3,4.4,4.8,80.3,1.0,1.0,0.15
0583710000000000030624,Turbo,3.0,1.4,4.3,121.3,1.0,1.0,0.15
0504510000000000020554,Apartadó,0.7,5.5,1.2,42.2,1.0,0.85,0.4
0514720011200300010110,Carepa,43.9,0.2,44.5,79.0,0.4,1.0,0.15
0583710000000000020509,Turbo,0.6,0.5,0.6,125.3,1.0,1.0,0.15
0504510000000000070610,Apartadó,1.0,0.7,0.6,52.3,1.0,1.0,0.4
0583710000000000030210,Turbo,3.3,0.7,5.5,119.7,1.0,1.0,0.15
0504510000000000070128,Apartadó,1.0,0.7,0.4,52.6,1.0,1.0,0.4
0583710000000000040709,Turbo,1.4,0.0,2.2,74.8,1.0,1.0,0.15
0583710000000000010729,Turbo,2.9,0.6,2.9,126.8,1.0,1.0,0.15
0583710000000000020713,Turbo,0.4,0.7,0.8,54.8,1.0,1.0,0.4
0504510000000000080629,Apartadó,1.9,1.3,2.6,50.7,1.0,1.0,0.4
0504510000000000020616,Apartadó,0.4,0.4,1.4,46.1,1.0,1.0,0.4
0504510000000000100111,Apartadó,4.9,2.3,3.5,58.2,1.0,1.0,0.4
0583710000000000030315,Turbo,2.4,1.0,4.5,120.6,1.0,1.0,0.15
0583720090104100010123,Turbo,3.9,4.1,4.4,79.9,1.0,1.0,0.15
0504510000000000040308,Apartadó,1.2,0.6,0.6,54.5,1.0,1.0,0.4
0504510000000000010602,Apartadó,1.5,0.4,1.6,28.0,1.0,1.0,0.65
0504510000000000100325,Apartadó,4.3,2.0,3.4,57.8,1.0,1.0,0.4
0504510000000000060625,Apartadó,1.6,1.6,1.3,53.7,1.0,1.0,0.4
0583710000000000040302,Turbo,0.3,0.4,1.0,73.9,1.0,1.0,0.15
0504510000000000060506,Apartadó,1.2,1.0,1.2,53.3,1.0,1.0,0.4
0504510000000000090308,Apartadó,2.9,0.3,1.6,56.2,1.0,1.0,0.4
0504510000000000030608,Apartadó,1.7,1.0,1.0,49.8,1.0,1.0,0.4
0504510000000000070630,Apartadó,0.9,1.2,0.4,52.4,1.0,1.0,0.4
0504510000000000020419,Apartadó,0.6,0.8,0.3,46.1,1.0,1.0,0.4
0583710000000000030502,Turbo,1.2,0.9,3.5,121.7,1.0,1.0,0.15
0504510000000000070436,Apartadó,0.7,0.8,0.1,50.6,1.0,1.0,0.4
0504510000000000030316,Apartadó,0.7,1.0,0.3,50.4,1.0,1.0,0.4
0504510000000000060308,Apartadó,0.5,0.2,1.2,52.4,1.0,1.0,0.4
0504510000000000070108,Apartadó,0.7,0.4,0.6,52.3,1.0,1.0,0.4
0504510000000000030505,Apartadó,0.4,0.1,0.2,30.4,1.0,1.0,0.4
0504510000000000020106,Apartadó,0.3,0.3,1.4,47.3,1.0,1.0,0.4
0504510000000000050112,Apartadó,1.5,0.7,0.4,53.0,1.0,1.0,0.4
0504510000000000060502,Apartadó,1.3,0.9,1.3,53.3,1.0,1.0,0.4
0504510000000000020526,Apartadó,0.4,0.5,0.4,46.1,1.0,1.0,0.4
0504510000000000090315,Apartadó,2.6,0.1,1.3,55.9,1.0,1.0,0.4
0583710000000000010121,Turbo,2.5,1.5,2.5,127.4,1.0,1.0,0.15
0504510000000000020532,Apartadó,0.3,0.6,1.1,46.2,1.0,1.0,0.4
0504510000000000020407,Apartadó,0.4,0.2,0.6,28.3,1.0,1.0,0.65
0504510000000000060601,Apartadó,1.3,1.2,1.3,53.5,1.0,1.0,0.4
0583710000000000030711,Turbo,3.7,0.8,5.8,119.7,1.0,1.0,0.15
0504510000000000060413,Apartadó,0.7,0.2,0.7,52.6,1.0,1.0,0.4
0504510000000000090408,Apartadó,1.7,0.8,0.9,55.1,1.0,1.0,0.4
0583710000000000010726,Turbo,3.2,0.5,3.2,127.1,1.0,1.0,0.15
0583710000000000040534,Turbo,0.9,0.2,0.5,75.5,1.0,1.0,0.15
0504510000000000070103,Apartadó,0.8,0.6,0.6,52.4,1.0,1.0,0.4
0504510000000000050514,Apartadó,2.6,0.9,0.9,54.2,1.0,1.0,0.4
0583710000000000010720,Turbo,2.6,1.1,2.6,127.0,1.0,1.0,0.15
0504510000000000010108,Apartadó,2.1,1.8,3.7,47.4,1.0,1.0,0.4
0583710000000000030618,Turbo,2.6,0.7,4.9,120.5,1.0,1.0,0.15
0504510000000000070202,Apartadó,0.7,0.7,0.8,51.5,1.0,1.0,0.4
0504510000000000080316,Apartadó,1.8,0.8,2.2,50.5,1.0,1.0,0.4
0504510000000000090329,Apartadó,3.6,0.9,2.2,56.8,1.0,1.0,0.4
0583710000000000020406,Turbo,0.5,1.3,1.3,125.8,1.0,1.0,0.15
0504510000000000090305,Apartadó,3.6,0.8,2.1,56.7,1.0,1.0,0.4
0504510000000000090120,Apartadó,2.6,0.6,0.4,55.0,1.0,1.0,0.4
0504510000000000050206,Apartadó,2.3,0.3,0.1,53.9,1.0,1.0,0.4
0583710000000000040742,Turbo,0.6,0.5,2.1,124.0,1.0,1.0,0.15
0583710000000000020311,Turbo,1.0,0.6,2.2,127.7,1.0,1.0,0.15
0504510000000000040711,Apartadó,2.3,0.7,0.4,55.0,1.0,1.0,0.4
0504510000000000050119,Apartadó,0.8,1.3,0.2,52.3,1.0,1.0,0.4
0504510000000000040406,Apartadó,0.2,0.2,0.5,52.8,1.0,1.0,0.4
0504510000000000010418,Apartadó,1.4,0.5,2.8,46.9,1.0,1.0,0.4
0504510000000000020608,Apartadó,0.4,0.2,1.3,46.4,1.0,1.0,0.4
0583710000000000040617,Turbo,3.5,1.4,4.2,42.8,1.0,1.0,0.4
0583710000000000010730,Turbo,3.1,0.3,3.2,126.8,1.0,1.0,0.15
0504520030201800010113,Apartadó,3.1,0.8,3.3,33.7,1.0,1.0,0.4
0504510000000000080627,Apartadó,1.7,1.4,2.1,50.1,1.0,1.0,0.4
0504510000000000070406,Apartadó,0.8,1.0,0.2,50.5,1.0,1.0,0.4
0583710000000000010514,Turbo,1.0,0.4,3.1,122.4,1.0,1.0,0.15
0583710000000000020807,Turbo,2.0,1.9,3.2,129.0,1.0,1.0,0.15
0583710000000000040706,Turbo,2.0,0.6,2.8,74.7,1.0,1.0,0.15
0504510000000000100604,Apartadó,5.0,2.5,3.9,58.4,1.0,1.0,0.4
0504510000000000050122,Apartadó,2.2,0.2,0.2,53.7,1.0,1.0,0.4
0504510000000000010421,Apartadó,0.7,0.4,2.1,47.1,1.0,1.0,0.4
0504510000000000030214,Apartadó,1.4,0.5,1.3,47.5,1.0,1.0,0.4
0504510000000000040413,Apartadó,1.0,0.7,0.7,52.0,1.0,1.0,0.4
0504510000000000070211,Apartadó,0.9,0.5,1.0,51.2,1.0,1.0,0.4
0504510000000000100235,Apartadó,5.5,2.7,3.8,58.6,0.85,1.0,0.4
0504510000000000100101,Apartadó,4.3,1.5,2.7,57.5,1.0,1.0,0.4
0504510000000000100212,Apartadó,5.2,2.6,4.0,58.6,0.85,1.0,0.4
0504510000000000010505,Apartadó,1.2,0.6,1.1,48.1,1.0,1.0,0.4
0583710000000000020506,Turbo,0.8,0.7,0.8,125.4,1.0,1.0,0.15
0504510000000000040311,Apartadó,0.8,0.5,0.5,54.2,1.0,1.0,0.4
0514720011200300010122,Carepa,43.2,0.7,43.8,78.4,0.4,1.0,0.15
0514720011200300010124,Carepa,25.4,0.8,25.7,46.5,0.65,1.0,0.4
0514720010400500010105,Carepa,22.5,10.3,5.7,15.2,0.65,0.85,0.65
0514720010400800010101,Carepa,23.5,6.9,8.5,18.7,0.65,0.85,0.65
0514720011500900010105,Carepa,56.5,5.3,56.9,93.6,0.4,0.85,0.15
0514720010501100010101,Carepa,15.3,1.7,9.2,17.2,0.65,1.0,0.65
0517220100601300010101,Chigorodó,116.3,5.0,53.6,154.3,0.15,1.0,0.15
0514720010401500010104,Carepa,12.9,0.6,6.7,12.6,0.85,1.0,0.85
0583720200100700010107,Turbo,70.4,2.0,38.3,79.6,0.15,1.0,0.15
0504520020301700010104,Apartadó,11.6,2.0,0.3,18.3,0.85,1.0,0.65
0566520040701400010101,San Pedro de Urabá,79.9,4.5,177.4,321.6,0.15,1.0,0.15
0583720090104100010104,Turbo,7.6,7.8,8.6,134.5,0.85,0.85,0.15
0583710000000000030507,Turbo,1.2,0.9,3.6,121.7,1.0,1.0,0.15
0504510000000000020533,Apartadó,0.2,0.5,1.1,46.1,1.0,1.0,0.4
0583710000000000040170,Turbo,1.3,0.3,1.3,125.4,1.0,1.0,0.15
0504510000000000060306,Apartadó,0.7,0.4,1.3,52.6,1.0,1.0,0.4
0583710000000000040147,Turbo,1.7,0.7,2.6,125.2,1.0,1.0,0.15
0583710000000000030603,Turbo,2.2,0.9,4.3,121.2,1.0,1.0,0.15
0583710000000000040111,Turbo,1.0,0.6,2.7,122.8,1.0,1.0,0.15
0504510000000000050118,Apartadó,0.9,1.2,0.3,52.5,1.0,1.0,0.4
0504510000000000100202,Apartadó,5.6,2.9,4.0,58.8,0.85,1.0,0.4
0583710000000000020126,Turbo,1.3,0.8,1.4,76.5,1.0,1.0,0.15
0583710000000000050508,Turbo,6.2,2.6,2.5,126.1,0.85,1.0,0.15
0583720090303400010101,Turbo,2.8,2.9,3.4,79.0,1.0,1.0,0.15
0583710000000000020704,Turbo,0.2,0.7,0.6,76.1,1.0,1.0,0.15
0583710000000000040163,Turbo,2.3,0.5,3.3,73.4,1.0,1.0,0.15
0504510000000000070606,Apartadó,0.7,0.6,0.9,52.0,1.0,1.0,0.4
0504520010201000010111,Apartadó,4.3,3.7,0.8,33.7,1.0,1.0,0.4
0583710000000000050303,Turbo,6.4,2.9,2.4,125.9,0.85,1.0,0.15
0583710000000000030436,Turbo,1.6,0.4,3.4,121.4,1.0,1.0,0.15
0504510000000000020318,Apartadó,0.7,0.5,0.2,47.2,1.0,1.0,0.4
0583720090104100010203,Turbo,7.0,7.0,7.6,132.8,0.85,0.85,0.15
0504510000000000050221,Apartadó,2.5,0.3,0.3,53.9,1.0,1.0,0.4
0504510000000000020525,Apartadó,0.7,1.2,1.1,45.1,1.0,1.0,0.4
0504510000000000080603,Apartadó,2.0,1.4,2.3,50.5,1.0,1.0,0.4
0583710000000000010621,Turbo,1.4,0.5,1.4,124.4,1.0,1.0,0.15
0504510000000000060404,Apartadó,1.2,0.7,1.3,53.1,1.0,1.0,0.4
0583710000000000030826,Turbo,2.9,1.2,3.4,71.4,1.0,1.0,0.15
0583710000000000020502,Turbo,0.6,0.7,0.6,75.3,1.0,1.0,0.15
0504510000000000040303,Apartadó,1.1,0.3,0.3,54.1,1.0,1.0,0.4
0504510000000000070201,Apartadó,0.8,0.6,1.0,51.2,1.0,1.0,0.4
0504510000000000090501,Apartadó,4.1,1.3,2.1,56.9,1.0,1.0,0.4
0504510000000000080126,Apartadó,2.1,0.5,0.1,50.2,1.0,1.0,0.4
0504510000000000050404,Apartadó,2.9,0.8,0.9,54.8,1.0,1.0,0.4
0583710000000000030602,Turbo,2.0,1.0,4.3,121.1,1.0,1.0,0.15
0504510000000000080632,Apartadó,2.0,1.2,3.1,51.0,1.0,1.0,0.4
0504510000000000060420,Apartadó,0.5,0.3,0.5,52.2,1.0,1.0,0.4
0504510000000000030104,Apartadó,0.7,0.4,0.6,29.8,1.0,1.0,0.65
0504510000000000020504,Apartadó,0.2,0.3,0.4,46.3,1.0,1.0,0.4
0504510000000000020209,Apartadó,0.6,0.5,0.4,48.4,1.0,1.0,0.4
0504510000000000090212,Apartadó,3.4,0.3,1.2,55.9,1.0,1.0,0.4
0504510000000000020417,Apartadó,0.2,0.4,0.6,46.5,1.0,1.0,0.4
0504510000000000010211,Apartadó,0.9,0.3,0.2,30.1,1.0,1.0,0.4
0504510000000000050310,Apartadó,0.4,0.1,0.1,31.7,1.0,1.0,0.4
0583710000000000040744,Turbo,0.4,0.7,1.7,124.4,1.0,1.0,0.15
0504510000000000080324,Apartadó,1.3,0.2,3.0,50.4,1.0,1.0,0.4
0583710000000000050513,Turbo,5.5,1.9,2.8,126.3,0.85,1.0,0.15
0504510000000000030527,Apartadó,0.4,0.5,0.3,50.4,1.0,1.0,0.4
0583710000000000040166,Turbo,2.5,0.4,3.3,74.5,1.0,1.0,0.15
0583710000000000020303,Turbo,0.2,0.4,0.9,76.0,1.0,1.0,0.15
0504510000000000090302,Apartadó,3.3,0.4,1.6,56.3,1.0,1.0,0.4
0583710000000000020613,Turbo,1.2,0.8,0.1,126.0,1.0,1.0,0.15
0504510000000000010612,Apartadó,2.2,0.6,2.0,27.3,1.0,1.0,0.65
0583710000000000020809,Turbo,2.7,2.5,3.9,129.7,1.0,1.0,0.15
0504510000000000090318,Apartadó,2.5,0.2,1.3,55.8,1.0,1.0,0.4
0504510000000000050205,Apartadó,2.2,0.4,0.2,53.7,1.0,1.0,0.4
0504510000000000100334,Apartadó,4.2,1.7,3.1,57.7,1.0,1.0,0.4
0504510000000000070409,Apartadó,0.8,1.2,0.8,50.9,1.0,1.0,0.4
0504510000000000070132,Apartadó,0.7,0.9,0.9,52.2,1.0,1.0,0.4
0583710000000000030230,Turbo,1.6,1.0,4.0,121.3,1.0,1.0,0.15
0504510000000000090333,Apartadó,3.0,0.4,1.7,56.3,1.0,1.0,0.4
0504510000000000050415,Apartadó,2.9,0.8,0.7,54.5,1.0,1.0,0.4
0583710000000000030610,Turbo,1.3,0.7,2.7,72.5,1.0,1.0,0.15
0504510000000000040203,Apartadó,1.5,0.6,0.2,54.3,1.0,1.0,0.4
0583710000000000010626,Turbo,2.4,0.9,4.0,121.9,1.0,1.0,0.15
0504510000000000030103,Apartadó,0.8,0.7,1.0,50.0,1.0,1.0,0.4
0504510000000000090101,Apartadó,3.4,0.3,1.2,55.4,1.0,1.0,0.4
0583720090303400010102,Turbo,1.7,1.9,2.1,56.1,1.0,1.0,0.4
0583710000000000050107,Turbo,4.6,0.6,3.8,126.9,1.0,1.0,0.15
0504520010201000010107,Apartadó,5.1,4.4,0.8,34.5,0.85,1.0,0.4
0504510000000000050325,Apartadó,1.0,0.5,0.5,53.1,1.0,1.0,0.4
0583710000000000040405,Turbo,0.7,0.3,0.2,75.5,1.0,1.0,0.15
0504510000000000100108,Apartadó,5.4,2.6,3.7,58.5,0.85,1.0,0.4
0583710000000000030313,Turbo,0.2,0.1,1.4,73.4,1.0,1.0,0.15
0504510000000000070214,Apartadó,0.4,0.8,0.8,51.7,1.0,1.0,0.4
0583710000000000050137,Turbo,5.3,1.1,4.5,127.8,0.85,1.0,0.15
0504510000000000060326,Apartadó,0.1,0.1,0.5,31.1,1.0,1.0,0.4
0504510000000000080518,Apartadó,0.2,0.8,2.0,29.3,1.0,1.0,0.65
0583710000000000040122,Turbo,0.3,0.7,1.4,124.0,1.0,1.0,0.15
0583710000000000020313,Turbo,0.7,0.6,1.9,127.4,1.0,1.0,0.15
0504510000000000080112,Apartadó,2.0,0.6,0.7,49.7,1.0,1.0,0.4
0583710000000000020128,Turbo,2.2,1.3,2.5,127.9,1.0,1.0,0.15
0504510000000000020214,Apartadó,0.2,0.3,0.2,28.8,1.0,1.0,0.65
0504510000000000020212,Apartadó,0.1,0.7,0.1,28.5,1.0,1.0,0.65
0504510000000000060623,Apartadó,1.4,1.3,1.4,53.5,1.0,1.0,0.4
0583710000000000040801,Turbo,2.1,0.4,2.8,44.5,1.0,1.0,0.4
0504510000000000050311,Apartadó,1.4,0.7,0.6,53.1,1.0,1.0,0.4
0504510000000000040740,Apartadó,2.9,0.3,1.1,55.8,1.0,1.0,0.4
0504510000000000010210,Apartadó,1.1,0.5,0.2,30.3,1.0,1.0,0.4
0504510000000000010624,Apartadó,1.4,0.5,1.6,28.2,1.0,1.0,0.65
0504520010201000010108,Apartadó,5.1,4.6,1.1,34.7,0.85,1.0,0.4
0583710000000000010508,Turbo,0.4,0.8,2.3,123.1,1.0,1.0,0.15
0504510000000000020556,Apartadó,0.9,1.0,0.5,19.3,1.0,1.0,0.65
0504510000000000020422,Apartadó,0.3,0.7,0.0,46.6,1.0,1.0,0.4
0504510000000000100601,Apartadó,2.8,1.3,2.1,34.8,1.0,1.0,0.4
0504510000000000020105,Apartadó,0.5,0.2,1.5,47.4,1.0,1.0,0.4
0504510000000000010419,Apartadó,1.4,0.7,2.9,46.7,1.0,1.0,0.4
0504510000000000020626,Apartadó,1.0,1.0,2.3,45.4,1.0,1.0,0.4
0504510000000000070227,Apartadó,0.7,0.8,0.8,52.1,1.0,1.0,0.4
0504510000000000060102,Apartadó,1.7,1.0,1.1,51.0,1.0,1.0,0.4
0504510000000000080621,Apartadó,1.2,1.2,2.3,49.7,1.0,1.0,0.4
0504510000000000010605,Apartadó,2.0,0.4,1.7,27.5,1.0,1.0,0.65
0583710000000000040109,Turbo,0.2,0.2,1.3,73.8,1.0,1.0,0.15
0504510000000000070407,Apartadó,0.8,1.0,0.3,50.6,1.0,1.0,0.4
0504510000000000030414,Apartadó,0.4,1.0,0.7,30.6,1.0,1.0,0.4
0583710000000000010443,Turbo,3.6,2.7,3.7,128.8,1.0,1.0,0.15
0504510000000000090211,Apartadó,3.4,0.5,1.2,55.9,1.0,1.0,0.4
0583710000000000040414,Turbo,1.3,0.7,1.1,126.9,1.0,1.0,0.15
0583710000000000030226,Turbo,3.1,1.1,5.2,119.7,1.0,1.0,0.15
0504510000000000010302,Apartadó,2.4,0.8,2.2,48.5,1.0,1.0,0.4
0504510000000000050318,Apartadó,1.2,0.8,0.6,52.6,1.0,1.0,0.4
0504510000000000040132,Apartadó,2.3,0.5,0.4,54.2,1.0,1.0,0.4
0504510000000000010201,Apartadó,0.8,0.6,0.5,19.5,1.0,1.0,0.65
0504510000000000010424,Apartadó,0.6,0.0,1.4,28.3,1.0,1.0,0.65
0583710000000000040509,Turbo,1.5,0.4,2.1,75.2,1.0,1.0,0.15
0504510000000000030529,Apartadó,0.5,0.2,0.6,50.6,1.0,1.0,0.4
0504510000000000080101,Apartadó,1.6,1.3,2.7,48.8,1.0,1.0,0.4
0583710000000000040119,Turbo,0.6,0.3,0.8,75.0,1.0,1.0,0.15
0504510000000000030204,Apartadó,1.3,0.4,0.4,29.1,1.0,1.0,0.65
0504510000000000070225,Apartadó,0.6,0.6,0.6,52.4,1.0,1.0,0.4
0504510000000000060520,Apartadó,0.1,0.1,0.1,52.2,1.0,1.0,0.4
0583710000000000040413,Turbo,1.0,1.0,1.0,126.9,1.0,1.0,0.15
0583710000000000040306,Turbo,0.2,0.2,0.8,74.1,1.0,1.0,0.15
0583710000000000040312,Turbo,0.3,0.3,0.2,74.8,1.0,1.0,0.15
0504510000000000040408,Apartadó,0.5,0.2,0.3,52.6,1.0,1.0,0.4
0583710000000000030525,Turbo,1.0,0.6,3.3,122.1,1.0,1.0,0.15
0504510000000000040703,Apartadó,2.0,0.6,0.2,54.7,1.0,1.0,0.4
0504510000000000010407,Apartadó,0.4,0.3,0.9,28.6,1.0,1.0,0.65
0504510000000000080302,Apartadó,1.9,1.0,2.9,51.0,1.0,1.0,0.4
0583710000000000040156,Turbo,0.8,0.5,1.0,75.2,1.0,1.0,0.15
0504510000000000090416,Apartadó,1.4,1.2,1.3,54.9,1.0,1.0,0.4
0583710000000000040410,Turbo,0.3,0.3,0.3,124.5,1.0,1.0,0.15
0504510000000000060215,Apartadó,0.3,0.5,0.5,51.1,1.0,1.0,0.4
0583720090104100010202,Turbo,7.1,7.1,7.7,132.9,0.85,0.85,0.15
0583710000000000050525,Turbo,5.6,2.3,2.3,125.8,0.85,1.0,0.15
0504510000000000030113,Apartadó,2.2,0.4,0.2,48.6,1.0,1.0,0.4
0504510000000000020607,Apartadó,0.2,0.4,1.1,46.5,1.0,1.0,0.4
0504510000000000020612,Apartadó,1.0,0.5,2.0,46.0,1.0,1.0,0.4
0504510000000000080313,Apartadó,1.6,0.5,2.8,50.7,1.0,1.0,0.4
0583710000000000030735,Turbo,4.6,1.9,5.3,119.4,1.0,1.0,0.15
0583710000000000010507,Turbo,0.6,0.6,2.4,123.0,1.0,1.0,0.15
0583710000000000030401,Turbo,0.3,0.2,1.5,73.3,1.0,1.0,0.15
0504510000000000030517,Apartadó,0.9,0.5,0.6,50.3,1.0,1.0,0.4
0504510000000000010606,Apartadó,2.1,0.5,1.6,27.5,1.0,1.0,0.65
0583710000000000050132,Turbo,4.8,1.3,3.0,126.2,1.0,1.0,0.15
0504510000000000070716,Apartadó,2.1,1.2,0.9,53.8,1.0,1.0,0.4
0504510000000000030412,Apartadó,0.4,1.4,0.9,51.2,1.0,1.0,0.4
0583710000000000010132,Turbo,2.8,1.4,2.8,127.4,1.0,1.0,0.15
0504510000000000040625,Apartadó,0.7,0.9,1.2,52.8,1.0,1.0,0.4
0504510000000000090406,Apartadó,1.9,0.9,1.2,55.3,1.0,1.0,0.4
0504510000000000010311,Apartadó,1.5,0.4,0.7,49.2,1.0,1.0,0.4
0583710000000000030628,Turbo,3.6,1.7,4.7,120.5,1.0,1.0,0.15
0504510000000000060618,Apartadó,1.0,1.0,0.8,53.0,1.0,1.0,0.4
0504510000000000070303,Apartadó,0.6,0.6,1.2,51.3,1.0,1.0,0.4
0504510000000000080309,Apartadó,1.8,0.7,2.5,50.8,1.0,1.0,0.4
0504510000000000080205,Apartadó,1.0,0.5,2.9,49.7,1.0,1.0,0.4
0514720010601400010112,Carepa,19.7,19.7,0.9,6.3,0.65,0.65,0.85
0583710000000000030614,Turbo,3.0,1.5,4.9,120.8,1.0,1.0,0.15
0583710000000000040204,Turbo,0.3,0.4,1.0,73.8,1.0,1.0,0.15
0583710000000000030617,Turbo,2.7,0.7,5.0,120.5,1.0,1.0,0.15
0504510000000000070402,Apartadó,0.4,0.9,0.5,50.2,1.0,1.0,0.4
0504510000000000070517,Apartadó,1.5,0.5,0.5,53.1,1.0,1.0,0.4
0583720090104100010214,Turbo,6.1,6.4,6.9,132.6,0.85,0.85,0.15
0504510000000000090306,Apartadó,3.1,0.5,1.8,56.4,1.0,1.0,0.4
0583710000000000030501,Turbo,1.4,0.9,3.7,121.6,1.0,1.0,0.15
0583710000000000010225,Turbo,1.9,1.1,1.9,125.9,1.0,1.0,0.15
0504510000000000010306,Apartadó,2.1,0.3,1.5,48.9,1.0,1.0,0.4
0504510000000000090218,Apartadó,3.3,0.4,1.2,56.0,1.0,1.0,0.4
0504510000000000080610,Apartadó,2.0,1.2,2.9,50.9,1.0,1.0,0.4
0583710000000000040620,Turbo,2.6,0.1,3.3,74.8,1.0,1.0,0.15
0583710000000000050219,Turbo,6.3,2.5,3.0,126.6,0.85,1.0,0.15
0583710000000000030327,Turbo,1.6,0.7,2.9,72.0,1.0,1.0,0.15
0583710000000000020121,Turbo,2.0,1.1,2.4,127.8,1.0,1.0,0.15
0504510000000000020224,Apartadó,2.1,0.5,0.9,49.1,1.0,1.0,0.4
0504510000000000010501,Apartadó,1.3,0.7,1.1,48.6,1.0,1.0,0.4
0583710000000000020125,Turbo,2.1,1.1,2.9,128.3,1.0,1.0,0.15
0504510000000000080422,Apartadó,0.6,0.9,2.0,29.2,1.0,1.0,0.65
0504510000000000080124,Apartadó,2.2,0.7,0.4,50.1,1.0,1.0,0.4
0504510000000000030620,Apartadó,1.4,0.7,0.9,49.6,1.0,1.0,0.4
0583710000000000030225,Turbo,1.5,0.5,2.9,72.3,1.0,1.0,0.15
0504510000000000070705,Apartadó,2.1,1.4,1.1,54.0,1.0,1.0,0.4
0504510000000000060622,Apartadó,1.8,1.7,1.6,54.0,1.0,1.0,0.4
0504510000000000050324,Apartadó,1.5,0.4,0.3,53.7,1.0,1.0,0.4
0504510000000000100123,Apartadó,4.8,2.2,3.6,58.2,1.0,1.0,0.4
0514720011200300010102,Carepa,26.3,0.2,26.6,47.2,0.65,1.0,0.4
0514720011200300010103,Carepa,44.0,0.2,44.6,78.8,0.4,1.0,0.15
0514720010400400010102,Carepa,13.4,5.1,3.9,9.9,0.85,0.85,0.85
0514720010400400010112,Carepa,22.2,8.9,6.0,16.0,0.65,0.85,0.65
0514720010400500010131,Carepa,22.0,11.5,4.9,13.9,0.65,0.85,0.85
0514720010400500010126,Carepa,21.7,11.2,4.7,13.9,0.65,0.85,0.85
0514720011500900010104,Carepa,34.0,3.1,34.2,56.2,0.4,1.0,0.4
0514720010501100010102,Carepa,15.1,1.8,9.1,17.1,0.65,1.0,0.65
0514720010801200010107,Carepa,17.7,4.7,0.7,28.5,0.65,1.0,0.65
0514720010801200010108,Carepa,17.6,4.8,0.8,28.4,0.65,1.0,0.65
0514720010801200010109,Carepa,17.9,4.9,0.9,28.3,0.65,1.0,0.65
0514720010601400010116,Carepa,12.2,12.2,0.9,4.2,0.85,0.85,1.0
0565920010400800010112,San Juan de Urabá,4.7,4.7,172.2,256.7,1.0,1.0,0.15
0565920010400800010103,San Juan de Urabá,3.6,3.6,123.2,183.6,1.0,1.0,0.15
0504520020301700010102,Apartadó,19.7,3.2,0.5,30.9,0.65,1.0,0.4
0514720010401500010103,Carepa,13.3,1.0,6.6,12.6,0.85,1.0,0.85
0566520040701400010104,San Pedro de Urabá,47.7,1.8,106.8,193.2,0.4,1.0,0.15
0583720050403300010101,Turbo,22.4,8.9,51.1,130.8,0.65,0.85,0.15
0504510000000000100312,Apartadó,3.1,0.6,2.0,56.5,1.0,1.0,0.4
0583720090104100010101,Turbo,4.8,4.9,5.3,80.9,1.0,1.0,0.15
0504510000000000050313,Apartadó,1.3,0.9,0.7,52.8,1.0,1.0,0.4
0583710000000000020817,Turbo,4.0,3.0,4.2,129.3,1.0,1.0,0.15
0583710000000000030824,Turbo,5.3,2.2,6.1,118.5,0.85,1.0,0.15
0504510000000000100207,Apartadó,5.8,3.2,4.4,59.1,0.85,1.0,0.4
0504510000000000020301,Apartadó,0.4,0.9,0.1,47.2,1.0,1.0,0.4
0504510000000000100104,Apartadó,4.8,2.0,3.2,57.9,1.0,1.0,0.4
0504510000000000050312,Apartadó,1.4,0.8,0.7,52.9,1.0,1.0,0.4
0583710000000000020604,Turbo,0.7,1.3,0.9,125.9,1.0,1.0,0.15
0504510000000000070622,Apartadó,0.8,0.9,0.7,52.1,1.0,1.0,0.4
0583710000000000040734,Turbo,1.7,0.7,2.6,74.1,1.0,1.0,0.15
0504510000000000060515,Apartadó,0.4,0.4,0.4,52.5,1.0,1.0,0.4
0504510000000000060621,Apartadó,1.0,1.0,0.6,52.8,1.0,1.0,0.4
0504510000000000100406,Apartadó,6.0,3.5,4.9,59.5,0.85,1.0,0.4
0504510000000000040304,Apartadó,0.9,0.3,0.5,53.9,1.0,1.0,0.4
0504510000000000030312,Apartadó,0.4,0.8,0.3,50.7,1.0,1.0,0.4
0583710000000000040158,Turbo,0.7,0.2,0.7,75.1,1.0,1.0,0.15
0504510000000000060424,Apartadó,0.8,0.4,0.8,52.8,1.0,1.0,0.4
0583710000000000010439,Turbo,2.8,2.0,2.9,128.1,1.0,1.0,0.15
0583710000000000030714,Turbo,3.8,0.8,5.9,119.6,1.0,1.0,0.15
0504510000000000020307,Apartadó,1.3,0.5,0.6,48.3,1.0,1.0,0.4
0583710000000000050516,Turbo,5.7,2.2,2.5,126.0,0.85,1.0,0.15
0504510000000000010123,Apartadó,2.0,1.5,3.0,48.0,1.0,1.0,0.4
0504510000000000080412,Apartadó,0.6,0.7,3.3,49.5,1.0,1.0,0.4
0504510000000000090331,Apartadó,2.8,0.3,1.7,56.2,1.0,1.0,0.4
0504510000000000080608,Apartadó,2.2,1.4,2.9,51.1,1.0,1.0,0.4
0583710000000000040153,Turbo,1.5,0.3,2.5,124.9,1.0,1.0,0.15
0583710000000000030435,Turbo,1.8,0.6,3.4,121.4,1.0,1.0,0.15
0504510000000000100404,Apartadó,6.3,3.8,5.2,59.8,0.85,1.0,0.4
0583710000000000040502,Turbo,2.1,1.2,2.2,125.9,1.0,1.0,0.15
0504510000000000100504,Apartadó,5.8,3.5,4.9,59.3,0.85,1.0,0.4
0583710000000000010722,Turbo,2.5,1.0,2.5,126.8,1.0,1.0,0.15
0504510000000000020320,Apartadó,0.6,0.7,0.0,47.3,1.0,1.0,0.4
0504510000000000020561,Apartadó,0.4,0.8,0.4,47.0,1.0,1.0,0.4
0504510000000000080318,Apartadó,1.5,0.4,2.9,50.6,1.0,1.0,0.4
0583710000000000030719,Turbo,4.2,1.9,4.8,120.0,1.0,1.0,0.15
0504510000000000060418,Apartadó,0.2,0.2,0.8,52.1,1.0,1.0,0.4
0583710000000000020113,Turbo,2.0,1.3,2.1,127.5,1.0,1.0,0.15
0583710000000000030406,Turbo,1.0,0.6,2.5,122.3,1.0,1.0,0.15
0583710000000000040169,Turbo,1.2,0.3,2.2,124.9,1.0,1.0,0.15
0504510000000000040402,Apartadó,0.2,0.2,0.3,53.0,1.0,1.0,0.4
0583710000000000030704,Turbo,2.3,0.7,3.3,71.9,1.0,1.0,0.15
0504510000000000080421,Apartadó,0.5,1.3,3.7,48.8,1.0,1.0,0.4
0504510000000000060208,Apartadó,0.4,0.6,1.1,51.7,1.0,1.0,0.4
0504510000000000020520,Apartadó,0.2,0.3,0.7,28.3,1.0,1.0,0.65
0504510000000000010221,Apartadó,0.4,0.3,0.2,29.6,1.0,1.0,0.65
0504510000000000040319,Apartadó,0.3,0.1,0.3,53.1,1.0,1.0,0.4
0583710000000000010506,Turbo,0.7,0.4,2.5,123.0,1.0,1.0,0.15
0583710000000000030303,Turbo,0.6,0.2,1.8,73.2,1.0,1.0,0.15
0504510000000000070425,Apartadó,0.3,1.2,0.7,49.8,1.0,1.0,0.4
0583710000000000020127,Turbo,2.3,1.4,3.0,128.4,1.0,1.0,0.15
0504510000000000070317,Apartadó,1.6,0.7,1.1,50.3,1.0,1.0,0.4
0583710000000000010715,Turbo,2.4,0.4,2.4,76.5,1.0,1.0,0.15
0583710000000000030207,Turbo,1.9,1.1,4.2,121.1,1.0,1.0,0.15
0504510000000000050403,Apartadó,2.9,0.6,0.8,54.9,1.0,1.0,0.4
0583710000000000050126,Turbo,4.4,0.7,3.6,126.6,1.0,1.0,0.15
0504510000000000060503,Apartadó,1.4,1.0,1.4,53.5,1.0,1.0,0.4
0504510000000000040630,Apartadó,0.6,0.9,0.8,32.6,1.0,1.0,0.4
0583710000000000030101,Turbo,0.9,0.7,0.9,124.8,1.0,1.0,0.15
0504510000000000050508,Apartadó,2.7,0.5,0.6,54.1,1.0,1.0,0.4
0583720090104100010120,Turbo,4.5,4.7,5.1,80.6,1.0,1.0,0.15
0504510000000000020223,Apartadó,1.2,0.5,0.6,29.6,1.0,1.0,0.65
0583710000000000020412,Turbo,0.4,0.8,1.5,127.1,1.0,1.0,0.15
0504510000000000100107,Apartadó,5.2,2.4,3.6,58.3,0.85,1.0,0.4
0583710000000000020120,Turbo,1.7,0.8,2.2,127.6,1.0,1.0,0.15
0504510000000000080501,Apartadó,2.0,1.1,3.3,51.1,1.0,1.0,0.4
0583710000000000010308,Turbo,0.2,0.4,1.3,74.0,1.0,1.0,0.15
0504510000000000080305,Apartadó,2.2,1.1,2.0,51.0,1.0,1.0,0.4
0504510000000000080317,Apartadó,1.6,0.5,2.6,50.5,1.0,1.0,0.4
0504510000000000090113,Apartadó,3.1,0.3,0.9,55.6,1.0,1.0,0.4
0504510000000000020114,Apartadó,0.5,0.4,1.0,47.3,1.0,1.0,0.4
0583710000000000020702,Turbo,0.1,1.3,1.3,127.2,1.0,1.0,0.15
0504510000000000050224,Apartadó,2.4,0.3,0.2,53.8,1.0,1.0,0.4
0504510000000000040631,Apartadó,0.4,0.6,0.7,22.7,1.0,1.0,0.65
0583710000000000040411,Turbo,1.3,0.6,0.9,126.6,1.0,1.0,0.15
0504510000000000090304,Apartadó,3.3,0.5,1.8,56.5,1.0,1.0,0.4
0504510000000000040713,Apartadó,1.9,0.6,0.5,54.8,1.0,1.0,0.4
0583720090104100010117,Turbo,8.5,8.7,9.5,135.4,0.85,0.85,0.15
0583710000000000040404,Turbo,0.9,0.3,0.4,125.6,1.0,1.0,0.15
0583720090104100010213,Turbo,6.1,6.4,6.9,132.6,0.85,0.85,0.15
0504510000000000100313,Apartadó,3.0,0.5,1.9,56.4,1.0,1.0,0.4
0504510000000000100321,Apartadó,4.0,1.6,3.0,57.5,1.0,1.0,0.4
0583710000000000020110,Turbo,0.6,0.3,1.0,76.2,1.0,1.0,0.15
0583710000000000050116,Turbo,5.1,1.0,4.4,127.7,0.85,1.0,0.15
0504510000000000090223,Apartadó,3.2,0.4,1.3,56.1,1.0,1.0,0.4
0504510000000000080510,Apartadó,0.6,0.1,2.0,30.1,1.0,1.0,0.4
0504510000000000070307,Apartadó,0.9,0.8,1.4,51.0,1.0,1.0,0.4
0504510000000000080519,Apartadó,0.2,1.1,3.3,49.0,1.0,1.0,0.4
0504510000000000100611,Apartadó,3.3,1.9,2.7,35.4,1.0,1.0,0.4
0583710000000000030416,Turbo,0.8,0.3,2.1,72.8,1.0,1.0,0.15
0504510000000000070301,Apartadó,1.0,1.0,1.1,51.0,1.0,1.0,0.4
0583710000000000030112,Turbo,0.4,0.3,1.1,73.8,1.0,1.0,0.15
0583710000000000010409,Turbo,2.6,1.8,2.7,127.9,1.0,1.0,0.15
0504510000000000100331,Apartadó,3.7,1.3,2.7,57.1,1.0,1.0,0.4
0583710000000000020815,Turbo,2.5,1.9,2.7,77.8,1.0,1.0,0.15
0583710000000000040535,Turbo,1.0,0.3,0.8,75.5,1.0,1.0,0.15
0583710000000000030605,Turbo,1.5,0.7,2.6,72.9,1.0,1.0,0.15
0504510000000000050302,Apartadó,1.4,0.5,0.4,53.4,1.0,1.0,0.4
0583710000000000040551,Turbo,1.1,0.1,0.6,75.8,1.0,1.0,0.15
0583710000000000010304,Turbo,0.7,0.3,0.9,74.4,1.0,1.0,0.15
0504510000000000040213,Apartadó,1.4,0.5,0.3,54.4,1.0,1.0,0.4
0504510000000000090417,Apartadó,1.2,1.0,1.0,54.7,1.0,1.0,0.4
0514720011200300010106,Carepa,44.0,0.2,44.6,78.9,0.4,1.0,0.15
0514720011200300010112,Carepa,44.5,0.4,45.1,79.6,0.4,1.0,0.15
0514720010400500010122,Carepa,22.3,11.3,5.3,14.4,0.65,0.85,0.85
0514720010800600010102,Carepa,17.7,3.1,0.2,31.2,0.65,1.0,0.4
0514720010400800010106,Carepa,23.5,7.2,8.3,18.5,0.65,0.85,0.65
0514720011500900010106,Carepa,56.7,5.2,57.1,93.6,0.4,0.85,0.15
0514720010601400010106,Carepa,19.4,19.4,0.9,5.8,0.65,0.65,0.85
0565920020600700010103,San Juan de Urabá,19.1,19.1,160.1,245.4,0.65,0.65,0.15
0504520020301700010105,Apartadó,18.4,3.9,0.9,30.5,0.65,1.0,0.4
0583710000000000010719,Turbo,3.0,0.9,3.0,127.3,1.0,1.0,0.15
0504510000000000020216,Apartadó,0.9,0.3,0.4,48.3,1.0,1.0,0.4
0583710000000000040418,Turbo,1.5,0.5,0.6,126.1,1.0,1.0,0.15
0583710000000000030445,Turbo,2.0,1.1,3.7,121.3,1.0,1.0,0.15
0504510000000000020604,Apartadó,0.5,0.1,1.4,46.5,1.0,1.0,0.4
0504510000000000100213,Apartadó,5.3,2.7,4.1,58.7,0.85,1.0,0.4
0583710000000000010444,Turbo,3.5,2.6,3.7,128.8,1.0,1.0,0.15
0504510000000000030110,Apartadó,1.4,0.4,1.0,48.0,1.0,1.0,0.4
0504510000000000100134,Apartadó,5.3,2.6,3.7,58.5,0.85,1.0,0.4
0504510000000000080202,Apartadó,1.5,0.7,2.5,50.1,1.0,1.0,0.4
0504510000000000040130,Apartadó,2.5,0.5,0.4,54.3,1.0,1.0,0.4
0504510000000000080201,Apartadó,1.5,0.6,2.5,50.3,1.0,1.0,0.4
0504510000000000010711,Apartadó,3.4,1.9,1.5,26.7,1.0,1.0,0.65
0504520030201800010103,Apartadó,6.0,0.2,6.4,55.8,0.85,1.0,0.4
0504510000000000070621,Apartadó,0.2,0.9,0.4,51.5,1.0,1.0,0.4
0504510000000000040412,Apartadó,1.1,0.7,0.6,52.3,1.0,1.0,0.4
0583710000000000050217,Turbo,6.5,2.8,2.9,126.5,0.85,1.0,0.15
0504510000000000010129,Apartadó,1.7,1.9,3.4,48.0,1.0,1.0,0.4
0504510000000000060219,Apartadó,0.1,0.6,0.7,51.3,1.0,1.0,0.4
0583710000000000030608,Turbo,2.6,1.2,4.6,121.0,1.0,1.0,0.15
0504510000000000090215,Apartadó,1.8,0.0,0.5,33.3,1.0,1.0,0.4
0504510000000000100308,Apartadó,3.3,1.0,2.4,56.8,1.0,1.0,0.4
0583710000000000040714,Turbo,0.9,0.6,1.8,124.9,1.0,1.0,0.15
0504510000000000040632,Apartadó,0.9,1.0,1.4,52.7,1.0,1.0,0.4
0504510000000000050107,Apartadó,1.8,0.5,0.6,53.3,1.0,1.0,0.4
0504510000000000030306,Apartadó,0.2,1.1,0.7,51.3,1.0,1.0,0.4
0504510000000000090310,Apartadó,2.9,0.2,1.5,56.1,1.0,1.0,0.4
0504510000000000010404,Apartadó,1.7,0.7,2.5,47.7,1.0,1.0,0.4
0583710000000000030306,Turbo,0.8,0.1,2.1,72.9,1.0,1.0,0.15
0504510000000000020543,Apartadó,0.1,0.8,0.8,47.1,1.0,1.0,0.4
0504510000000000040138,Apartadó,1.9,0.1,0.5,53.8,1.0,1.0,0.4
0583710000000000040150,Turbo,2.5,0.4,3.5,73.3,1.0,1.0,0.15
0504510000000000090412,Apartadó,1.4,0.9,0.9,54.9,1.0,1.0,0.4
0583710000000000050226,Turbo,6.1,2.3,3.1,126.6,0.85,1.0,0.15
0504510000000000040601,Apartadó,0.3,0.1,0.2,32.0,1.0,1.0,0.4
0504510000000000020624,Apartadó,1.1,0.9,2.3,45.6,1.0,1.0,0.4
0583710000000000040215,Turbo,0.7,0.3,0.9,125.1,1.0,1.0,0.15
0514720010601400010114,Carepa,19.5,19.5,0.7,6.1,0.65,0.65,0.85
0583710000000000040218,Turbo,1.0,0.1,0.7,125.6,1.0,1.0,0.15
0583710000000000030325,Turbo,2.1,0.5,4.3,120.6,1.0,1.0,0.15
0504510000000000010139,Apartadó,0.6,1.1,2.4,28.9,1.0,1.0,0.65
0504510000000000010709,Apartadó,3.0,1.6,1.3,27.0,1.0,1.0,0.65
0504510000000000050401,Apartadó,3.1,0.9,0.8,54.6,1.0,1.0,0.4
0583710000000000010617,Turbo,2.0,1.2,2.0,124.6,1.0,1.0,0.15
0504510000000000020524,Apartadó,0.2,0.3,0.8,46.4,1.0,1.0,0.4
0583710000000000010215,Turbo,0.7,0.1,0.7,74.7,1.0,1.0,0.15
0504510000000000080612,Apartadó,1.9,1.3,2.5,50.6,1.0,1.0,0.4
0583710000000000040125,Turbo,2.4,0.4,3.1,51.6,1.0,1.0,0.4
0583710000000000050121,Turbo,5.1,1.0,3.9,127.2,0.85,1.0,0.15
0504510000000000080616,Apartadó,1.8,1.2,2.6,50.6,1.0,1.0,0.4
0504510000000000050509,Apartadó,2.4,0.5,0.5,53.9,1.0,1.0,0.4
0583710000000000020612,Turbo,1.0,0.8,0.3,125.8,1.0,1.0,0.15
0504510000000000040517,Apartadó,1.5,1.3,1.6,51.7,1.0,1.0,0.4
0504510000000000040507,Apartadó,0.6,0.6,0.9,52.6,1.0,1.0,0.4
0504510000000000020609,Apartadó,0.6,0.2,1.5,46.3,1.0,1.0,0.4
0504510000000000030211,Apartadó,0.4,0.4,0.9,28.3,1.0,1.0,0.65
0504510000000000090205,Apartadó,3.9,1.0,1.8,56.5,1.0,1.0,0.4
0504510000000000090122,Apartadó,2.7,0.3,0.5,55.3,1.0,1.0,0.4
0504510000000000040510,Apartadó,1.0,0.9,1.2,52.0,1.0,1.0,0.4
0504510000000000010509,Apartadó,0.2,0.5,0.2,29.7,1.0,1.0,0.65
0504510000000000060630,Apartadó,1.8,1.6,1.8,53.9,1.0,1.0,0.4
0583710000000000010120,Turbo,2.5,1.5,2.6,127.5,1.0,1.0,0.15
0504510000000000090221,Apartadó,3.0,0.4,1.0,55.8,1.0,1.0,0.4
0583710000000000030621,Turbo,3.4,1.3,5.1,120.4,1.0,1.0,0.15
0504510000000000070219,Apartadó,0.4,0.6,0.5,51.3,1.0,1.0,0.4
0583710000000000030726,Turbo,4.4,1.9,5.0,119.7,1.0,1.0,0.15
0504510000000000010136,Apartadó,1.5,0.5,2.3,27.9,1.0,1.0,0.65
0504510000000000070417,Apartadó,1.4,1.1,0.8,50.4,1.0,1.0,0.4
0504510000000000070204,Apartadó,0.4,0.4,0.4,52.1,1.0,1.0,0.4
0504510000000000050306,Apartadó,1.2,0.6,0.4,53.2,1.0,1.0,0.4
0504510000000000030507,Apartadó,0.9,0.3,0.5,50.3,1.0,1.0,0.4
0504510000000000080620,Apartadó,1.2,1.1,2.4,49.8,1.0,1.0,0.4
0583710000000000030812,Turbo,4.9,1.9,6.0,118.8,1.0,1.0,0.15
0583710000000000010315,Turbo,1.0,0.2,1.3,74.2,1.0,1.0,0.15
0504510000000000020310,Apartadó,1.2,0.3,0.5,29.3,1.0,1.0,0.65
0504510000000000080701,Apartadó,0.9,1.1,1.2,29.5,1.0,1.0,0.65
0583710000000000030627,Turbo,3.5,1.8,4.6,120.7,1.0,1.0,0.15
0504510000000000030220,Apartadó,0.1,0.1,0.6,28.1,1.0,1.0,0.65
0583710000000000020708,Turbo,0.4,0.9,0.8,76.4,1.0,1.0,0.15
0583710000000000020810,Turbo,2.0,1.7,2.8,78.1,1.0,1.0,0.15
0583710000000000040523,Turbo,0.8,0.1,0.5,75.4,1.0,1.0,0.15
0583720090104100010211,Turbo,6.3,6.5,7.0,132.6,0.85,0.85,0.15
0504510000000000060212,Apartadó,0.3,0.9,1.1,51.6,1.0,1.0,0.4
0504510000000000040623,Apartadó,0.4,0.9,1.0,53.4,1.0,1.0,0.4
0504510000000000090220,Apartadó,3.2,0.4,1.1,55.9,1.0,1.0,0.4
0504510000000000030703,Apartadó,1.8,1.2,0.3,49.3,1.0,1.0,0.4
0504510000000000070117,Apartadó,0.3,1.0,0.7,51.8,1.0,1.0,0.4
0504510000000000070435,Apartadó,0.4,1.0,0.2,29.9,1.0,1.0,0.65
0504510000000000100333,Apartadó,4.4,1.9,3.3,57.8,1.0,1.0,0.4
0583710000000000050220,Turbo,5.9,2.0,3.3,126.8,0.85,1.0,0.15
0504510000000000070614,Apartadó,1.0,1.1,0.3,52.4,1.0,1.0,0.4
0583710000000000030102,Turbo,0.8,0.6,1.0,124.7,1.0,1.0,0.15
0583710000000000010134,Turbo,3.6,1.4,3.6,128.0,1.0,1.0,0.15
0583710000000000030823,Turbo,5.0,1.8,6.6,118.4,1.0,1.0,0.15
0583710000000000040120,Turbo,0.4,0.5,0.8,74.9,1.0,1.0,0.15
0504510000000000010315,Apartadó,1.3,0.6,0.7,49.0,1.0,1.0,0.4
0583710000000000010612,Turbo,1.2,0.4,1.2,125.1,1.0,1.0,0.15
0504510000000000060118,Apartadó,0.9,0.3,0.8,50.9,1.0,1.0,0.4
0583710000000000040710,Turbo,1.1,0.3,1.9,74.8,1.0,1.0,0.15
0583710000000000030529,Turbo,0.9,0.9,3.3,122.0,1.0,1.0,0.15
0583710000000000040536,Turbo,1.5,0.4,1.3,125.6,1.0,1.0,0.15
0583710000000000030810,Turbo,5.0,2.2,5.5,119.0,1.0,1.0,0.15
0583710000000000010314,Turbo,0.8,0.0,1.1,74.2,1.0,1.0,0.15
0504510000000000070426,Apartadó,0.3,1.2,0.5,50.1,1.0,1.0,0.4
0504510000000000020220,Apartadó,0.8,0.5,0.5,29.3,1.0,1.0,0.65
0504510000000000040302,Apartadó,0.9,0.0,0.4,53.8,1.0,1.0,0.4
0504510000000000080505,Apartadó,1.5,0.5,3.2,50.6,1.0,1.0,0.4
0583710000000000040716,Turbo,0.9,0.3,2.2,124.5,1.0,1.0,0.15
0583710000000000030319,Turbo,0.6,0.9,3.0,122.4,1.0,1.0,0.15
0504510000000000040622,Apartadó,0.3,0.8,0.9,53.5,1.0,1.0,0.4
0583710000000000010105,Turbo,1.2,0.6,1.2,75.9,1.0,1.0,0.15
0504510000000000040720,Apartadó,2.8,0.4,0.9,55.6,1.0,1.0,0.4
0583710000000000030415,Turbo,0.5,0.1,1.8,73.0,1.0,1.0,0.15
0583710000000000040131,Turbo,2.7,0.5,3.7,73.6,1.0,1.0,0.15
0583710000000000040722,Turbo,1.9,0.8,3.4,123.8,1.0,1.0,0.15
0583710000000000040705,Turbo,3.1,0.8,4.3,124.7,1.0,1.0,0.15
0583710000000000020102,Turbo,1.5,0.9,1.5,126.9,1.0,1.0,0.15
0504510000000000030327,Apartadó,0.4,1.2,0.8,51.6,1.0,1.0,0.4
0504510000000000060521,Apartadó,0.9,0.9,0.9,53.0,1.0,1.0,0.4
0583710000000000040724,Turbo,1.3,0.3,2.2,74.4,1.0,1.0,0.15
0504510000000000050110,Apartadó,1.4,0.9,0.1,52.9,1.0,1.0,0.4
0583710000000000040720,Turbo,1.6,0.6,3.0,124.1,1.0,1.0,0.15
0504510000000000020549,Apartadó,0.7,1.6,0.7,45.0,1.0,1.0,0.4
0504510000000000080113,Apartadó,2.1,0.5,0.8,49.7,1.0,1.0,0.4
0504510000000000020316,Apartadó,1.0,0.2,0.5,47.6,1.0,1.0,0.4
0583710000000000040504,Turbo,1.3,0.6,1.2,54.3,1.0,1.0,0.4
0504510000000000060422,Apartadó,0.4,0.3,0.4,52.3,1.0,1.0,0.4
0583710000000000030701,Turbo,3.2,0.4,5.5,120.0,1.0,1.0,0.15
0583710000000000030103,Turbo,0.4,0.3,0.6,74.7,1.0,1.0,0.15
0504510000000000070124,Apartadó,0.4,0.7,0.1,51.4,1.0,1.0,0.4
0504510000000000010712,Apartadó,3.1,1.7,1.4,26.8,1.0,1.0,0.65
0504510000000000060122,Apartadó,0.7,0.7,0.6,50.5,1.0,1.0,0.4
0583710000000000010605,Turbo,1.8,0.7,1.8,124.4,1.0,1.0,0.15
0504510000000000060632,Apartadó,1.6,1.4,1.6,53.7,1.0,1.0,0.4
0504510000000000070721,Apartadó,1.2,0.6,0.4,32.2,1.0,1.0,0.4
0583710000000000050307,Turbo,6.3,3.0,2.0,125.6,0.85,1.0,0.15
0504510000000000070133,Apartadó,0.8,0.8,0.8,52.5,1.0,1.0,0.4
0583710000000000020706,Turbo,0.4,1.5,0.9,126.9,1.0,1.0,0.15
0504510000000000020221,Apartadó,1.4,1.1,0.7,49.2,1.0,1.0,0.4
0504510000000000040614,Apartadó,0.5,0.3,0.7,53.1,1.0,1.0,0.4
0583710000000000010201,Turbo,1.4,0.7,1.4,125.7,1.0,1.0,0.15
0583710000000000040103,Turbo,0.2,0.3,1.1,74.1,1.0,1.0,0.15
0504510000000000060103,Apartadó,1.3,0.7,1.4,51.3,1.0,1.0,0.4
0504510000000000030227,Apartadó,1.5,0.9,1.7,47.1,1.0,1.0,0.4
0583710000000000010602,Turbo,1.6,0.8,1.6,124.7,1.0,1.0,0.15
0504510000000000030120,Apartadó,0.6,0.6,0.6,29.8,1.0,1.0,0.65
0583710000000000050221,Turbo,6.0,2.0,3.4,126.9,0.85,1.0,0.15
0504510000000000030503,Apartadó,0.5,0.3,0.3,50.9,1.0,1.0,0.4
0504510000000000020527,Apartadó,0.2,0.3,1.1,28.0,1.0,1.0,0.65
0504510000000000100122,Apartadó,4.7,2.1,3.5,58.1,1.0,1.0,0.4
0583710000000000010714,Turbo,3.5,1.0,3.5,127.7,1.0,1.0,0.15
0504510000000000100215,Apartadó,5.6,3.0,4.4,59.0,0.85,1.0,0.4
0583710000000000050127,Turbo,4.1,0.7,3.6,126.4,1.0,1.0,0.15
0504510000000000020501,Apartadó,0.4,0.4,1.5,46.7,1.0,1.0,0.4
0504510000000000040115,Apartadó,1.7,0.4,0.5,54.3,1.0,1.0,0.4
0504510000000000020416,Apartadó,0.4,0.7,0.2,46.3,1.0,1.0,0.4
0504510000000000040633,Apartadó,1.0,1.0,1.4,52.5,1.0,1.0,0.4
0504510000000000090216,Apartadó,3.0,0.2,0.9,55.7,1.0,1.0,0.4
0504510000000000050319,Apartadó,1.1,0.6,0.6,52.8,1.0,1.0,0.4
0504510000000000020319,Apartadó,0.4,0.6,0.1,46.9,1.0,1.0,0.4
0504510000000000060210,Apartadó,0.4,0.9,1.2,51.8,1.0,1.0,0.4
0583710000000000020703,Turbo,0.1,1.2,1.2,127.0,1.0,1.0,0.15
0514720011200300010120,Carepa,44.1,0.2,44.6,79.0,0.4,1.0,0.15
0583710000000000030722,Turbo,4.0,0.9,6.0,119.4,1.0,1.0,0.15
0504510000000000100131,Apartadó,5.0,2.2,3.3,58.1,1.0,1.0,0.4
0504510000000000010132,Apartadó,1.2,0.5,2.1,28.3,1.0,1.0,0.65
0504510000000000050116,Apartadó,1.1,1.0,0.5,52.6,1.0,1.0,0.4
0504510000000000070712,Apartadó,1.6,1.4,0.8,53.5,1.0,1.0,0.4
0504510000000000030614,Apartadó,1.2,0.7,1.0,50.1,1.0,1.0,0.4
0504510000000000010517,Apartadó,0.2,0.6,0.2,29.1,1.0,1.0,0.65
0583710000000000050138,Turbo,5.1,0.9,4.3,127.6,0.85,1.0,0.15
0504510000000000100306,Apartadó,3.4,0.9,2.3,56.8,1.0,1.0,0.4
0504510000000000060817,Apartadó,0.4,0.7,0.5,51.1,1.0,1.0,0.4
0583710000000000020132,Turbo,1.8,0.9,2.4,127.8,1.0,1.0,0.15
0504510000000000070707,Apartadó,2.4,1.3,1.2,54.1,1.0,1.0,0.4
0504510000000000010409,Apartadó,0.6,0.3,1.9,47.3,1.0,1.0,0.4
0504510000000000030519,Apartadó,0.6,0.6,0.4,50.4,1.0,1.0,0.4
0583710000000000040505,Turbo,1.5,0.5,1.8,75.5,1.0,1.0,0.15
0504510000000000030615,Apartadó,1.3,0.9,1.0,49.9,1.0,1.0,0.4
0504510000000000050315,Apartadó,1.2,0.6,0.7,52.9,1.0,1.0,0.4
0583710000000000020803,Turbo,1.5,1.6,2.1,77.7,1.0,1.0,0.15
0504510000000000070310,Apartadó,1.2,0.7,1.2,50.7,1.0,1.0,0.4
0583710000000000020319,Turbo,1.2,0.5,1.9,127.3,1.0,1.0,0.15
0504510000000000080104,Apartadó,1.7,1.2,2.7,48.7,1.0,1.0,0.4
0583710000000000040314,Turbo,0.1,0.1,0.3,74.6,1.0,1.0,0.15
0504510000000000020313,Apartadó,1.6,0.7,1.0,48.3,1.0,1.0,0.4
0504510000000000010130,Apartadó,2.2,1.2,2.6,48.2,1.0,1.0,0.4
0504510000000000030304,Apartadó,0.1,0.8,0.5,51.3,1.0,1.0,0.4
0504510000000000040607,Apartadó,0.4,0.6,0.5,32.5,1.0,1.0,0.4
0583710000000000040530,Turbo,1.5,0.6,1.2,75.8,1.0,1.0,0.15
0504510000000000080304,Apartadó,2.0,0.9,2.3,51.0,1.0,1.0,0.4
0583710000000000050131,Turbo,4.2,0.9,3.4,126.4,1.0,1.0,0.15
0504510000000000020605,Apartadó,0.3,0.4,1.1,46.7,1.0,1.0,0.4
0583710000000000020408,Turbo,0.9,1.1,1.1,125.4,1.0,1.0,0.15
0504510000000000060818,Apartadó,0.5,0.9,0.4,50.9,1.0,1.0,0.4
0504510000000000030201,Apartadó,1.8,0.1,0.7,49.0,1.0,1.0,0.4
0504510000000000010518,Apartadó,0.5,0.8,0.3,29.6,1.0,1.0,0.65
0504510000000000030311,Apartadó,0.3,0.7,0.2,50.8,1.0,1.0,0.4
0504510000000000030317,Apartadó,0.7,1.3,0.6,50.5,1.0,1.0,0.4
0514720011200300010101,Carepa,43.6,0.3,44.2,78.5,0.4,1.0,0.15
0514720010400400010104,Carepa,22.2,8.4,6.3,16.4,0.65,0.85,0.65
0514720010400500010115,Carepa,21.9,10.4,5.1,14.6,0.65,0.85,0.85
0514720010400500010121,Carepa,13.0,6.6,2.8,8.4,0.85,0.85,0.85
0514720010400500010128,Carepa,22.4,11.5,5.3,14.3,0.65,0.85,0.85
0514720010400800010102,Carepa,23.6,7.3,8.4,18.6,0.65,0.85,0.65
0514720010601400010107,Carepa,19.3,19.3,0.8,5.7,0.65,0.65,0.85
0517220100601300010102,Chigorodó,116.4,5.2,53.7,154.4,0.15,0.85,0.15
0583720050403300010104,Turbo,22.8,9.0,50.9,130.4,0.65,0.85,0.15
0565920010400800010110,San Juan de Urabá,5.1,5.1,172.1,256.6,0.85,0.85,0.15
0565920010400800010104,San Juan de Urabá,5.7,5.7,172.6,257.3,0.85,0.85,0.15
0505120040101900010101,Arboletes,58.6,25.8,138.7,225.5,0.4,0.65,0.15
0504510000000000010134,Apartadó,1.0,1.9,3.7,48.3,1.0,1.0,0.4
0504510000000000050207,Apartadó,2.2,0.2,0.3,53.8,1.0,1.0,0.4
0504510000000000100603,Apartadó,5.0,2.5,3.9,58.4,1.0,1.0,0.4
0583710000000000010440,Turbo,3.5,2.6,3.7,128.9,1.0,1.0,0.15
0583710000000000030601,Turbo,1.0,0.5,2.4,72.8,1.0,1.0,0.15
0504510000000000070437,Apartadó,0.8,0.8,0.1,50.6,1.0,1.0,0.4
0583710000000000050224,Turbo,6.0,2.0,3.8,127.3,0.85,1.0,0.15
0504510000000000020312,Apartadó,1.2,0.3,0.5,29.1,1.0,1.0,0.65
0504510000000000020113,Apartadó,0.3,0.4,0.4,28.5,1.0,1.0,0.65
0504510000000000070702,Apartadó,1.7,1.6,1.0,53.7,1.0,1.0,0.4
0504510000000000100332,Apartadó,4.5,1.9,3.3,57.9,1.0,1.0,0.4
0504510000000000030216,Apartadó,2.1,0.6,0.9,48.0,1.0,1.0,0.4
0504510000000000010219,Apartadó,0.6,0.4,0.6,30.2,1.0,1.0,0.4
0583710000000000030228,Turbo,3.2,0.1,5.5,119.9,1.0,1.0,0.15
0504510000000000040411,Apartadó,1.0,0.4,0.6,52.4,1.0,1.0,0.4
0583710000000000020129,Turbo,2.5,1.5,3.1,128.5,1.0,1.0,0.15
0504510000000000080306,Apartadó,2.1,1.0,2.1,50.8,1.0,1.0,0.4
0504510000000000070104,Apartadó,0.9,0.5,0.5,52.5,1.0,1.0,0.4
0583710000000000020601,Turbo,0.6,1.3,0.9,126.6,1.0,1.0,0.15
0504510000000000020528,Apartadó,0.4,0.3,1.3,46.7,1.0,1.0,0.4
0583710000000000030504,Turbo,1.1,1.0,3.5,121.9,1.0,1.0,0.15
0583710000000000050205,Turbo,6.4,2.4,3.4,127.0,0.85,1.0,0.15
0504510000000000060802,Apartadó,0.8,1.2,1.7,52.2,1.0,1.0,0.4
0504510000000000100612,Apartadó,5.3,2.8,4.2,58.7,0.85,1.0,0.4
0504510000000000060808,Apartadó,0.5,0.5,1.3,51.6,1.0,1.0,0.4
0504510000000000090508,Apartadó,3.6,0.8,1.8,56.6,1.0,1.0,0.4
0504510000000000010514,Apartadó,0.8,0.5,0.6,47.9,1.0,1.0,0.4
0583710000000000020812,Turbo,2.6,2.1,3.0,78.2,1.0,1.0,0.15
0504510000000000080116,Apartadó,1.9,0.5,0.6,49.7,1.0,1.0,0.4
0504510000000000060629,Apartadó,1.2,0.8,0.4,52.8,1.0,1.0,0.4
0504510000000000080417,Apartadó,0.4,1.0,3.6,49.1,1.0,1.0,0.4
0504510000000000020210,Apartadó,0.1,0.4,0.3,28.9,1.0,1.0,0.65
0504510000000000030213,Apartadó,1.2,0.5,1.4,47.4,1.0,1.0,0.4
0504510000000000010414,Apartadó,1.5,0.5,2.6,47.4,1.0,1.0,0.4
0583710000000000030607,Turbo,2.9,1.5,4.7,121.0,1.0,1.0,0.15
0583710000000000030733,Turbo,2.4,0.5,3.8,71.5,1.0,1.0,0.15
0504510000000000050104,Apartadó,1.9,0.4,0.5,53.4,1.0,1.0,0.4
0583710000000000020505,Turbo,0.4,0.4,0.3,75.0,1.0,1.0,0.15
0504510000000000090401,Apartadó,1.9,0.5,0.7,55.2,1.0,1.0,0.4
0583710000000000030806,Turbo,4.6,1.5,6.0,118.9,1.0,1.0,0.15
0583710000000000040213,Turbo,0.6,0.6,0.8,124.5,1.0,1.0,0.15
0583710000000000040159,Turbo,0.7,0.6,1.0,124.8,1.0,1.0,0.15
0504510000000000080117,Apartadó,2.0,0.5,0.4,49.9,1.0,1.0,0.4
0583710000000000030316,Turbo,0.6,0.8,2.9,122.3,1.0,1.0,0.15
0504510000000000080109,Apartadó,1.1,0.3,0.7,21.3,1.0,1.0,0.65
0583710000000000040173,Turbo,2.7,0.3,3.7,73.3,1.0,1.0,0.15
0504510000000000100326,Apartadó,4.1,1.6,3.0,57.6,1.0,1.0,0.4
0583720090104100010118,Turbo,8.3,8.5,9.3,135.2,0.85,0.85,0.15
0583710000000000020605,Turbo,1.0,1.0,0.5,125.8,1.0,1.0,0.15
0504510000000000060401,Apartadó,0.9,0.6,1.3,52.8,1.0,1.0,0.4
0583720090104100010110,Turbo,4.0,4.2,4.5,80.0,1.0,1.0,0.15
0504510000000000020518,Apartadó,0.2,0.2,0.6,46.4,1.0,1.0,0.4
0504510000000000040506,Apartadó,0.6,0.6,0.8,52.5,1.0,1.0,0.4
0504510000000000010623,Apartadó,1.5,0.6,1.4,28.3,1.0,1.0,0.65
0504510000000000080504,Apartadó,1.5,0.7,3.3,50.6,1.0,1.0,0.4
0504510000000000080631,Apartadó,1.8,1.1,2.7,50.6,1.0,1.0,0.4
0504510000000000030522,Apartadó,0.1,0.5,0.4,50.6,1.0,1.0,0.4
0504510000000000080111,Apartadó,2.4,0.8,0.7,50.0,1.0,1.0,0.4
0504510000000000070110,Apartadó,0.6,0.7,0.8,52.2,1.0,1.0,0.4
0504510000000000080213,Apartadó,1.2,0.9,2.7,49.6,1.0,1.0,0.4
0565910000000000010223,San Juan de Urabá,1.1,1.1,291.9,432.0,1.0,1.0,0.15
0504510000000000020555,Apartadó,0.8,5.7,1.4,42.1,1.0,0.85,0.4
0504510000000000100410,Apartadó,6.1,3.7,5.1,59.6,0.85,1.0,0.4
0504510000000000040634,Apartadó,0.6,0.9,1.2,53.0,1.0,1.0,0.4
0583710000000000040511,Turbo,1.7,0.2,2.0,75.4,1.0,1.0,0.15
0583710000000000030821,Turbo,5.4,2.5,5.8,118.6,0.85,1.0,0.15
0504510000000000060614,Apartadó,1.3,1.3,1.0,53.4,1.0,1.0,0.4
0583710000000000020413,Turbo,0.6,1.0,1.8,127.6,1.0,1.0,0.15
0504510000000000050511,Apartadó,2.6,0.4,0.5,54.1,1.0,1.0,0.4
0583710000000000030111,Turbo,0.4,0.3,1.4,73.6,1.0,1.0,0.15
0504510000000000040206,Apartadó,1.7,0.1,0.3,54.9,1.0,1.0,0.4
0504510000000000070524,Apartadó,1.4,0.4,0.4,53.0,1.0,1.0,0.4
0583710000000000050112,Turbo,4.0,0.7,3.7,126.5,1.0,1.0,0.15
0504510000000000100218,Apartadó,5.7,3.2,4.6,59.1,0.85,1.0,0.4
0583710000000000030814,Turbo,4.6,1.4,6.4,118.7,1.0,1.0,0.15
0583710000000000040733,Turbo,1.7,0.5,2.5,74.3,1.0,1.0,0.15
0504510000000000010110,Apartadó,1.9,1.9,3.6,47.7,1.0,1.0,0.4
0504510000000000010715,Apartadó,5.7,3.2,2.7,44.3,0.85,1.0,0.4
0504510000000000060419,Apartadó,0.4,0.4,0.6,52.0,1.0,1.0,0.4
0583710000000000050518,Turbo,6.0,2.5,2.4,125.9,0.85,1.0,0.15
0583720090104100010116,Turbo,5.1,5.2,5.7,81.2,0.85,0.85,0.15
0504510000000000100220,Apartadó,5.4,2.9,4.2,58.8,0.85,1.0,0.4
0504510000000000060813,Apartadó,0.4,1.0,1.0,51.5,1.0,1.0,0.4
0583710000000000050411,Turbo,5.2,1.6,2.9,126.3,0.85,1.0,0.15
0583710000000000020310,Turbo,0.7,0.7,2.0,127.6,1.0,1.0,0.15
0504510000000000050411,Apartadó,2.6,0.6,0.7,54.7,1.0,1.0,0.4
0583710000000000030204,Turbo,3.2,0.3,5.5,119.8,1.0,1.0,0.15
0583710000000000040723,Turbo,1.8,0.5,3.2,124.4,1.0,1.0,0.15
0583710000000000050124,Turbo,4.7,0.6,3.9,127.1,1.0,1.0,0.15
0504510000000000030709,Apartadó,1.2,1.5,0.8,29.8,1.0,1.0,0.65
0504510000000000040712,Apartadó,2.1,0.7,0.4,54.9,1.0,1.0,0.4
0504510000000000010317,Apartadó,1.0,0.6,0.3,49.2,1.0,1.0,0.4
0583710000000000010614,Turbo,1.3,0.5,1.3,124.9,1.0,1.0,0.15
0504510000000000090106,Apartadó,3.3,0.2,1.1,55.7,1.0,1.0,0.4
0504510000000000100222,Apartadó,5.2,2.6,4.0,58.6,0.85,1.0,0.4
0504510000000000040216,Apartadó,1.3,0.4,0.3,53.9,1.0,1.0,0.4
0583710000000000010732,Turbo,2.5,1.0,2.5,126.4,1.0,1.0,0.15
0504510000000000010607,Apartadó,3.7,1.1,2.5,45.6,1.0,1.0,0.4
0514720010400400010108,Carepa,21.9,8.2,6.1,16.2,0.65,0.85,0.65
0514720010400400010114,Carepa,21.9,8.7,5.9,15.9,0.65,0.85,0.65
0514720010400500010103,Carepa,22.7,10.7,5.8,15.2,0.65,0.85,0.65
0514720010400500010106,Carepa,22.5,10.5,5.7,15.2,0.65,0.85,0.65
0514720011500900010102,Carepa,56.5,5.2,56.9,93.7,0.4,0.85,0.15
0514720010601400010110,Carepa,12.0,12.0,0.7,3.8,0.85,0.85,1.0
0566520040701400010102,San Pedro de Urabá,79.7,4.5,177.3,321.4,0.15,1.0,0.15
0565920010400800010105,San Juan de Urabá,6.1,6.1,172.5,257.1,0.85,0.85,0.15
0505120020301700010101,Arboletes,36.4,36.4,157.9,244.4,0.4,0.4,0.15
0583710000000000050505,Turbo,6.0,2.3,2.8,126.4,0.85,1.0,0.15
0504510000000000080303,Apartadó,1.9,0.9,2.6,51.0,1.0,1.0,0.4
0504510000000000020630,Apartadó,0.7,0.9,2.2,46.3,1.0,1.0,0.4
0504510000000000020321,Apartadó,0.5,0.7,0.0,47.1,1.0,1.0,0.4
0583710000000000040537,Turbo,1.5,0.8,1.8,125.5,1.0,1.0,0.15
0583720090104100010212,Turbo,6.2,6.4,7.0,132.6,0.85,0.85,0.15
0504510000000000080204,Apartadó,1.0,0.4,2.9,49.9,1.0,1.0,0.4
0583710000000000020401,Turbo,0.5,0.8,1.4,126.9,1.0,1.0,0.15
0504510000000000070523,Apartadó,1.6,0.7,0.4,53.2,1.0,1.0,0.4
0583710000000000030301,Turbo,1.2,0.5,2.5,72.6,1.0,1.0,0.15
0583710000000000020317,Turbo,1.5,0.5,2.4,127.7,1.0,1.0,0.15
0504510000000000070619,Apartadó,0.4,0.9,0.4,51.7,1.0,1.0,0.4
0583720090104100010114,Turbo,5.7,5.9,6.3,81.8,0.85,0.85,0.15
0504510000000000040135,Apartadó,2.1,0.2,0.6,54.2,1.0,1.0,0.4
0504510000000000020421,Apartadó,0.4,0.7,0.0,46.8,1.0,1.0,0.4
0504510000000000090324,Apartadó,3.4,0.7,2.0,56.6,1.0,1.0,0.4
0504510000000000060216,Apartadó,0.4,0.0,0.4,30.7,1.0,1.0,0.4
0583710000000000030813,Turbo,4.7,1.6,6.2,118.8,1.0,1.0,0.15
0583710000000000030506,Turbo,1.4,1.0,3.8,121.5,1.0,1.0,0.15
0504510000000000060410,Apartadó,0.9,0.4,0.9,52.8,1.0,1.0,0.4
0504510000000000070413,Apartadó,0.9,1.1,0.4,50.5,1.0,1.0,0.4
0504510000000000060815,Apartadó,0.6,0.8,1.1,51.4,1.0,1.0,0.4
0504510000000000020110,Apartadó,0.5,0.6,0.5,47.8,1.0,1.0,0.4
0504510000000000080609,Apartadó,2.1,1.3,3.0,51.1,1.0,1.0,0.4
0504510000000000100310,Apartadó,3.2,0.8,2.1,56.6,1.0,1.0,0.4
0583710000000000040168,Turbo,2.9,1.8,4.6,122.3,1.0,1.0,0.15
0504510000000000040134,Apartadó,2.2,0.3,0.4,54.0,1.0,1.0,0.4
0583710000000000020307,Turbo,0.4,0.5,0.5,75.5,1.0,1.0,0.15
0504510000000000030604,Apartadó,1.6,1.2,0.7,49.8,1.0,1.0,0.4
0504510000000000100503,Apartadó,3.6,2.2,3.0,35.7,1.0,1.0,0.4
0583710000000000010733,Turbo,1.6,0.5,1.6,75.8,1.0,1.0,0.15
0504510000000000020545,Apartadó,0.1,0.7,0.8,47.0,1.0,1.0,0.4
0504510000000000070229,Apartadó,0.3,0.7,0.4,51.3,1.0,1.0,0.4
0583710000000000040735,Turbo,2.5,1.1,4.0,123.5,1.0,1.0,0.15
0583710000000000040315,Turbo,0.6,0.6,0.6,124.7,1.0,1.0,0.15
0583710000000000010306,Turbo,0.6,0.0,1.0,74.3,1.0,1.0,0.15
0504510000000000070624,Apartadó,0.6,1.1,0.6,52.0,1.0,1.0,0.4
0504510000000000080606,Apartadó,2.1,1.4,2.7,50.9,1.0,1.0,0.4
0504510000000000020303,Apartadó,0.6,0.5,0.3,47.5,1.0,1.0,0.4
0504510000000000040619,Apartadó,0.3,0.6,0.9,53.2,1.0,1.0,0.4
0504510000000000070617,Apartadó,0.4,0.9,0.6,51.7,1.0,1.0,0.4
0504510000000000100311,Apartadó,3.1,0.7,2.1,56.6,1.0,1.0,0.4
0504510000000000050513,Apartadó,2.3,0.3,0.3,53.8,1.0,1.0,0.4
0504510000000000100318,Apartadó,4.3,1.8,3.2,57.7,1.0,1.0,0.4
0504510000000000070129,Apartadó,1.1,0.5,0.2,52.8,1.0,1.0,0.4
0583710000000000040549,Turbo,2.1,1.2,2.5,125.7,1.0,1.0,0.15
0504510000000000060609,Apartadó,1.1,1.1,1.1,53.2,1.0,1.0,0.4
0504510000000000070414,Apartadó,0.2,1.0,0.6,50.0,1.0,1.0,0.4
0583710000000000010410,Turbo,2.9,2.0,2.9,128.0,1.0,1.0,0.15
0583710000000000030519,Turbo,1.6,0.5,3.8,121.6,1.0,1.0,0.15
0583710000000000040219,Turbo,0.6,0.7,1.7,122.9,1.0,1.0,0.15
0583710000000000030408,Turbo,1.5,0.4,3.1,121.7,1.0,1.0,0.15
0583710000000000030817,Turbo,4.9,1.7,6.4,118.5,1.0,1.0,0.15
0583710000000000010114,Turbo,1.4,0.5,1.4,126.6,1.0,1.0,0.15
0504510000000000040707,Apartadó,2.3,0.5,0.7,55.3,1.0,1.0,0.4
0504510000000000030224,Apartadó,1.3,0.7,1.5,47.2,1.0,1.0,0.4
0504510000000000090102,Apartadó,3.4,0.2,1.2,55.5,1.0,1.0,0.4
0583710000000000010222,Turbo,1.7,1.1,1.7,125.6,1.0,1.0,0.15
0583710000000000040151,Turbo,1.1,0.3,1.8,74.9,1.0,1.0,0.15
0504510000000000100323,Apartadó,4.0,1.7,3.1,57.5,1.0,1.0,0.4
0504510000000000070629,Apartadó,0.4,1.0,0.8,51.7,1.0,1.0,0.4
0583710000000000040113,Turbo,0.5,0.2,1.2,52.9,1.0,1.0,0.4
0583710000000000020409,Turbo,1.0,0.8,1.0,125.2,1.0,1.0,0.15
0504510000000000050223,Apartadó,2.5,0.5,0.1,54.0,1.0,1.0,0.4
0583710000000000030302,Turbo,0.9,0.3,2.1,72.9,1.0,1.0,0.15
0583710000000000010140,Turbo,2.0,1.0,2.0,127.0,1.0,1.0,0.15
0504510000000000080418,Apartadó,0.4,1.2,3.6,49.0,1.0,1.0,0.4
0504510000000000070121,Apartadó,0.3,1.0,0.3,51.6,1.0,1.0,0.4
0504510000000000100217,Apartadó,5.9,3.3,4.6,59.3,0.85,1.0,0.4
0583710000000000010709,Turbo,3.9,1.5,3.9,128.2,1.0,1.0,0.15
0504510000000000020536,Apartadó,0.4,3.0,0.5,25.7,1.0,1.0,0.65
0583710000000000040205,Turbo,0.1,0.5,2.0,122.7,1.0,1.0,0.15
0583710000000000010606,Turbo,1.2,0.4,1.2,74.5,1.0,1.0,0.15
0583710000000000010615,Turbo,1.9,1.1,1.9,124.8,1.0,1.0,0.15
0583710000000000040160,Turbo,0.1,0.4,1.7,123.7,1.0,1.0,0.15
0583710000000000040121,Turbo,0.7,0.5,1.8,122.9,1.0,1.0,0.15
0504510000000000070322,Apartadó,0.7,0.7,1.3,51.3,1.0,1.0,0.4
0504510000000000050103,Apartadó,2.1,0.3,0.4,53.5,1.0,1.0,0.4
0583710000000000040417,Turbo,1.0,1.1,1.2,127.1,1.0,1.0,0.15
0504510000000000060415,Apartadó,0.3,0.1,1.0,52.2,1.0,1.0,0.4
0504510000000000070321,Apartadó,0.7,0.7,1.2,51.3,1.0,1.0,0.4
0504510000000000060602,Apartadó,1.0,1.0,0.6,52.7,1.0,1.0,0.4
0504510000000000010416,Apartadó,1.4,0.5,2.7,47.0,1.0,1.0,0.4
0583720090104100010109,Turbo,4.2,4.3,4.7,80.2,1.0,1.0,0.15
0583720090104100010113,Turbo,5.8,6.0,6.4,81.8,0.85,0.85,0.15
0504510000000000020302,Apartadó,0.6,0.6,0.1,47.4,1.0,1.0,0.4
0504510000000000070115,Apartadó,0.4,0.6,0.7,51.9,1.0,1.0,0.4
0583710000000000030818,Turbo,4.9,1.8,6.3,118.6,1.0,1.0,0.15
0504510000000000080622,Apartadó,1.1,1.1,2.4,49.6,1.0,1.0,0.4
0504510000000000040617,Apartadó,0.7,0.7,1.1,52.7,1.0,1.0,0.4
0583710000000000040208,Turbo,0.7,0.7,1.5,123.2,1.0,1.0,0.15
0504510000000000040727,Apartadó,2.6,0.5,0.8,55.5,1.0,1.0,0.4
0504510000000000080415,Apartadó,0.7,0.9,3.2,49.3,1.0,1.0,0.4
0583710000000000030625,Turbo,3.2,1.7,4.4,121.1,1.0,1.0,0.15
0504510000000000090201,Apartadó,3.6,0.4,1.4,56.0,1.0,1.0,0.4
0504510000000000070713,Apartadó,1.6,1.3,0.7,53.5,1.0,1.0,0.4
0504510000000000030218,Apartadó,2.1,0.8,1.1,47.8,1.0,1.0,0.4
0504510000000000010222,Apartadó,2.4,1.8,0.3,31.5,1.0,1.0,0.4
0583710000000000020410,Turbo,0.5,1.0,1.7,127.5,1.0,1.0,0.15
0504510000000000090105,Apartadó,3.5,0.2,1.3,55.9,1.0,1.0,0.4
0583710000000000030304,Turbo,0.3,0.2,1.5,73.4,1.0,1.0,0.15
0504510000000000050214,Apartadó,1.8,0.3,0.7,53.4,1.0,1.0,0.4
0504510000000000080623,Apartadó,1.1,1.2,2.4,49.5,1.0,1.0,0.4
0583710000000000040526,Turbo,1.3,0.2,0.8,75.8,1.0,1.0,0.15
0504510000000000010307,Apartadó,1.1,0.2,0.8,29.3,1.0,1.0,0.65
0583710000000000010137,Turbo,1.9,1.0,1.9,127.2,1.0,1.0,0.15
0504510000000000070106,Apartadó,1.0,0.2,0.5,52.6,1.0,1.0,0.4
0504510000000000010220,Apartadó,0.9,0.5,0.1,49.4,1.0,1.0,0.4
0583710000000000020112,Turbo,2.4,1.4,2.9,128.3,1.0,1.0,0.15
0504510000000000020508,Apartadó,0.2,0.6,0.1,27.5,1.0,1.0,0.65
0583710000000000010515,Turbo,0.9,0.4,3.0,122.4,1.0,1.0,0.15
0504510000000000070223,Apartadó,0.3,0.3,0.3,22.1,1.0,1.0,0.65
0504510000000000060626,Apartadó,1.3,1.2,0.6,53.1,1.0,1.0,0.4
0504510000000000060508,Apartadó,0.8,0.6,0.8,52.9,1.0,1.0,0.4
0504510000000000010401,Apartadó,1.4,0.6,2.0,47.9,1.0,1.0,0.4
0504510000000000020225,Apartadó,0.3,1.2,0.0,47.8,1.0,1.0,0.4
0504510000000000040207,Apartadó,1.8,0.2,0.4,55.0,1.0,1.0,0.4
0583710000000000010122,Turbo,2.4,1.4,2.4,127.2,1.0,1.0,0.15
0504510000000000080507,Apartadó,1.2,0.4,3.2,50.3,1.0,1.0,0.4
0583710000000000010520,Turbo,0.6,0.2,1.2,74.0,1.0,1.0,0.15
0504510000000000050117,Apartadó,1.0,1.0,0.4,52.5,1.0,1.0,0.4
0583710000000000030804,Turbo,4.4,1.2,6.4,118.9,1.0,1.0,0.15
0504510000000000010512,Apartadó,0.1,0.5,0.1,29.2,1.0,1.0,0.65
0504510000000000040305,Apartadó,1.1,0.1,0.5,54.1,1.0,1.0,0.4
0504510000000000090108,Apartadó,3.1,0.1,0.9,55.4,1.0,1.0,0.4
0583710000000000010432,Turbo,3.7,2.6,3.8,128.9,1.0,1.0,0.15
0504510000000000010127,Apartadó,1.4,2.0,3.8,47.9,1.0,1.0,0.4
0504510000000000100204,Apartadó,5.9,3.2,4.4,59.1,0.85,1.0,0.4
0583710000000000030706,Turbo,3.4,0.4,5.7,119.9,1.0,1.0,0.15
0504510000000000030613,Apartadó,1.2,0.5,0.9,50.2,1.0,1.0,0.4
0583710000000000010625,Turbo,1.5,0.5,1.2,52.5,1.0,1.0,0.4
0583710000000000030402,Turbo,0.4,0.3,1.2,73.6,1.0,1.0,0.15
0504510000000000070217,Apartadó,0.5,0.3,0.5,51.2,1.0,1.0,0.4
0583710000000000010106,Turbo,1.4,0.4,1.4,126.3,1.0,1.0,0.15
0504510000000000060218,Apartadó,0.6,0.4,0.4,51.0,1.0,1.0,0.4
0583710000000000020818,Turbo,3.9,2.9,4.1,129.2,1.0,1.0,0.15
0504510000000000040602,Apartadó,0.4,0.3,0.3,53.6,1.0,1.0,0.4
0583710000000000040164,Turbo,2.1,0.1,2.5,75.3,1.0,1.0,0.15
0504510000000000070623,Apartadó,1.0,0.9,0.4,52.4,1.0,1.0,0.4
0583710000000000050105,Turbo,5.0,1.0,3.7,127.0,1.0,1.0,0.15
0583710000000000040510,Turbo,1.9,0.1,2.3,75.4,1.0,1.0,0.15
0504510000000000100609,Apartadó,5.3,2.8,4.2,58.7,0.85,1.0,0.4
0504510000000000050512,Apartadó,2.6,0.3,0.5,54.0,1.0,1.0,0.4
0504510000000000050314,Apartadó,1.3,0.8,0.7,53.0,1.0,1.0,0.4
0504510000000000060803,Apartadó,0.9,1.0,1.7,52.3,1.0,1.0,0.4
0583710000000000040112,Turbo,0.8,0.6,1.8,73.6,1.0,1.0,0.15
0583710000000000030104,Turbo,0.4,0.3,0.8,74.4,1.0,1.0,0.15
0504510000000000090509,Apartadó,3.8,1.0,2.2,56.9,1.0,1.0,0.4
0583710000000000010133,Turbo,3.3,1.5,3.3,127.9,1.0,1.0,0.15
0504510000000000100118,Apartadó,4.5,1.8,3.1,57.8,1.0,1.0,0.4
0504510000000000090117,Apartadó,2.8,0.4,0.7,55.1,1.0,1.0,0.4
0583720090104100010206,Turbo,6.7,6.8,7.4,132.8,0.85,0.85,0.15
0504510000000000070504,Apartadó,1.3,0.6,0.4,52.7,1.0,1.0,0.4
0504510000000000040121,Apartadó,2.4,0.5,0.3,54.9,1.0,1.0,0.4
0504510000000000040310,Apartadó,1.0,0.6,0.7,54.4,1.0,1.0,0.4
0504510000000000070706,Apartadó,2.3,1.4,1.2,54.1,1.0,1.0,0.4
0583710000000000010108,Turbo,1.3,0.5,1.3,125.9,1.0,1.0,0.15
0583710000000000010609,Turbo,0.5,0.0,0.5,75.1,1.0,1.0,0.15
0504510000000000100115,Apartadó,4.2,1.5,2.8,57.5,1.0,1.0,0.4
0504510000000000050216,Apartadó,1.7,0.5,0.7,53.2,1.0,1.0,0.4
0504510000000000030506,Apartadó,0.7,0.4,0.3,50.5,1.0,1.0,0.4
0504510000000000020115,Apartadó,0.2,0.3,1.4,47.1,1.0,1.0,0.4
0583710000000000010446,Turbo,2.3,1.5,2.3,77.3,1.0,1.0,0.15
0583710000000000010429,Turbo,3.7,1.6,3.7,128.2,1.0,1.0,0.15
0504510000000000030410,Apartadó,0.2,1.6,0.7,51.4,1.0,1.0,0.4
0504510000000000020208,Apartadó,0.9,0.5,0.5,48.5,1.0,1.0,0.4
0504510000000000090222,Apartadó,3.2,0.5,1.2,56.0,1.0,1.0,0.4
0504510000000000010131,Apartadó,1.3,0.7,2.4,28.2,1.0,1.0,0.65
0583710000000000020116,Turbo,1.9,1.0,2.6,128.0,1.0,1.0,0.15
0504510000000000010109,Apartadó,2.0,1.9,3.7,47.5,1.0,1.0,0.4
0583710000000000030633,Turbo,1.3,0.5,2.5,72.9,1.0,1.0,0.15
0583710000000000030414,Turbo,0.7,0.3,1.9,72.9,1.0,1.0,0.15
0504510000000000030610,Apartadó,1.4,0.8,1.2,49.9,1.0,1.0,0.4
0504510000000000030407,Apartadó,0.8,0.9,0.6,51.9,1.0,1.0,0.4
0504510000000000030528,Apartadó,0.3,0.3,0.4,30.2,1.0,1.0,0.4
0583710000000000020203,Turbo,0.6,0.5,0.6,125.7,1.0,1.0,0.15
0504510000000000050414,Apartadó,2.9,0.8,0.6,54.4,1.0,1.0,0.4
0504510000000000070405,Apartadó,0.6,0.9,0.2,50.4,1.0,1.0,0.4
0583710000000000020902,Turbo,1.4,0.9,2.0,77.2,1.0,1.0,0.15
0514720010400400010120,Carepa,21.7,8.3,5.8,15.9,0.65,0.85,0.65
0514720010400500010116,Carepa,21.8,10.6,4.9,14.4,0.65,0.85,0.85
0514720010400500010124,Carepa,22.0,11.2,5.0,14.1,0.65,0.85,0.85
0514720010800600010111,Carepa,10.2,1.5,0.4,18.8,0.85,1.0,0.65
0514720010800600010101,Carepa,11.1,2.3,0.5,18.6,0.85,1.0,0.65
0514720010601400010113,Carepa,19.9,19.9,1.0,6.5,0.65,0.65,0.85
0504520020301700010108,Apartadó,10.7,2.0,0.4,18.4,0.85,1.0,0.65
0565920010400800010102,San Juan de Urabá,8.3,8.3,288.2,429.2,0.85,0.85,0.15
0514720010401500010102,Carepa,13.4,1.4,6.3,12.4,0.85,1.0,0.85
0566520040701400010106,San Pedro de Urabá,79.5,3.6,177.6,321.7,0.15,1.0,0.15
0583720200100700010101,Turbo,116.6,2.8,63.9,131.9,0.15,1.0,0.15
0504510000000000010415,Apartadó,1.5,0.4,2.7,47.2,1.0,1.0,0.4
0504510000000000080517,Apartadó,0.1,1.0,3.5,49.0,1.0,1.0,0.4
0583710000000000010119,Turbo,2.3,1.4,2.4,127.5,1.0,1.0,0.15
0583710000000000010319,Turbo,1.1,0.3,1.7,123.8,1.0,1.0,0.15
0504510000000000090334,Apartadó,1.6,0.3,1.0,33.7,1.0,1.0,0.4
0504510000000000060121,Apartadó,0.7,0.6,0.4,50.6,1.0,1.0,0.4
0504510000000000010312,Apartadó,1.7,0.2,1.0,49.0,1.0,1.0,0.4
0504510000000000030315,Apartadó,0.6,0.8,0.4,50.5,1.0,1.0,0.4
0504510000000000060507,Apartadó,1.0,0.9,1.0,53.2,1.0,1.0,0.4
0504510000000000070311,Apartadó,1.1,0.4,1.2,50.8,1.0,1.0,0.4
0504510000000000070525,Apartadó,1.7,0.6,0.3,53.1,1.0,1.0,0.4
0504510000000000070411,Apartadó,1.0,1.2,0.9,50.8,1.0,1.0,0.4
0504510000000000030210,Apartadó,0.7,0.0,0.7,28.6,1.0,1.0,0.65
0504510000000000050322,Apartadó,1.0,0.5,0.5,52.6,1.0,1.0,0.4
0504510000000000010710,Apartadó,5.3,3.0,2.1,44.9,0.85,1.0,0.4
0504510000000000080502,Apartadó,1.8,0.9,3.3,50.9,1.0,1.0,0.4
0583710000000000040304,Turbo,0.8,0.3,1.7,123.3,1.0,1.0,0.15
0504510000000000030217,Apartadó,2.4,0.9,1.1,48.1,1.0,1.0,0.4
0583710000000000030705,Turbo,3.6,0.8,5.7,119.8,1.0,1.0,0.15
0583710000000000010611,Turbo,1.5,0.8,1.5,125.0,1.0,1.0,0.15
0583710000000000010104,Turbo,1.5,0.4,1.5,126.4,1.0,1.0,0.15
0504510000000000070505,Apartadó,1.3,0.5,0.5,52.6,1.0,1.0,0.4
0583710000000000040501,Turbo,2.1,0.9,1.9,126.1,1.0,1.0,0.15
0504510000000000060402,Apartadó,1.1,0.7,1.4,53.0,1.0,1.0,0.4
0504510000000000040708,Apartadó,2.1,0.3,0.6,55.2,1.0,1.0,0.4
0504510000000000010515,Apartadó,0.5,0.1,0.6,28.6,1.0,1.0,0.65
0583710000000000010437,Turbo,3.3,2.4,3.4,128.5,1.0,1.0,0.15
0504510000000000070206,Apartadó,0.7,0.7,0.7,52.1,1.0,1.0,0.4
0583710000000000010721,Turbo,2.9,0.8,2.9,127.1,1.0,1.0,0.15
0583710000000000030615,Turbo,3.2,1.4,5.0,120.6,1.0,1.0,0.15
0504510000000000010627,Apartadó,1.8,0.4,1.5,27.8,1.0,1.0,0.65
0583710000000000050114,Turbo,1.6,0.2,1.2,53.6,1.0,1.0,0.4
0583710000000000030822,Turbo,4.9,1.7,6.6,118.5,1.0,1.0,0.15
0504520030201800010110,Apartadó,3.5,0.8,3.8,32.8,1.0,1.0,0.4
0583710000000000030715,Turbo,3.5,0.4,5.8,119.7,1.0,1.0,0.15
0504510000000000080308,Apartadó,1.9,0.7,2.4,50.8,1.0,1.0,0.4
0583710000000000050527,Turbo,5.3,2.0,2.5,125.9,0.85,1.0,0.15
0583710000000000010505,Turbo,0.9,0.3,2.5,122.9,1.0,1.0,0.15
0504510000000000080125,Apartadó,2.2,0.6,0.3,50.1,1.0,1.0,0.4
0504510000000000020204,Apartadó,0.9,0.7,0.7,48.7,1.0,1.0,0.4
0504510000000000010408,Apartadó,0.4,0.2,1.0,28.5,1.0,1.0,0.65
0504510000000000030706,Apartadó,1.5,1.1,0.6,29.3,1.0,1.0,0.65
0504510000000000040518,Apartadó,1.3,0.7,1.0,51.9,1.0,1.0,0.4
0583710000000000040749,Turbo,1.8,0.9,2.7,74.0,1.0,1.0,0.15
0504510000000000100618,Apartadó,5.0,2.7,4.1,58.4,1.0,1.0,0.4
0583710000000000050201,Turbo,5.6,1.5,4.0,127.4,0.85,1.0,0.15
0504510000000000050507,Apartadó,2.7,0.5,0.7,54.2,1.0,1.0,0.4
0504510000000000070318,Apartadó,1.4,0.5,1.1,50.4,1.0,1.0,0.4
0504510000000000030209,Apartadó,1.6,0.2,0.9,47.9,1.0,1.0,0.4
0504510000000000070222,Apartadó,0.3,0.3,0.5,30.9,1.0,1.0,0.4
0504510000000000030518,Apartadó,0.8,0.5,0.5,50.4,1.0,1.0,0.4
0583710000000000020405,Turbo,0.3,1.3,1.3,126.1,1.0,1.0,0.15
0583710000000000040602,Turbo,3.6,0.5,4.6,72.3,1.0,1.0,0.15
0583710000000000050102,Turbo,5.4,1.2,4.3,127.6,0.85,1.0,0.15
0583710000000000030439,Turbo,1.5,0.8,2.5,72.4,1.0,1.0,0.15
0504510000000000050307,Apartadó,1.0,0.6,0.3,53.4,1.0,1.0,0.4
0583710000000000030803,Turbo,4.5,1.4,6.0,119.1,1.0,1.0,0.15
0583710000000000010110,Turbo,1.1,0.2,1.1,126.0,1.0,1.0,0.15
0504510000000000070312,Apartadó,1.3,0.4,1.1,50.7,1.0,1.0,0.4
0583710000000000020501,Turbo,0.5,0.7,0.6,75.4,1.0,1.0,0.15
0504510000000000080615,Apartadó,1.7,1.3,2.3,50.3,1.0,1.0,0.4
0504510000000000020415,Apartadó,0.5,0.3,0.9,28.4,1.0,1.0,0.65
0583710000000000030426,Turbo,0.7,0.2,1.7,73.3,1.0,1.0,0.15
0504520030201800010102,Apartadó,5.6,0.5,6.1,55.8,0.85,1.0,0.4
0504510000000000050505,Apartadó,2.5,0.6,0.7,54.1,1.0,1.0,0.4
0583720090104100010209,Turbo,6.5,6.6,7.2,132.6,0.85,0.85,0.15
0583710000000000010430,Turbo,3.0,2.1,3.1,128.2,1.0,1.0,0.15
0583710000000000030634,Turbo,3.3,0.9,5.4,120.2,1.0,1.0,0.15
0504510000000000090119,Apartadó,2.6,0.6,0.5,55.0,1.0,1.0,0.4
0583710000000000020403,Turbo,0.3,1.0,1.3,126.5,1.0,1.0,0.15
0504510000000000100402,Apartadó,3.6,2.2,3.0,35.7,1.0,1.0,0.4
0504510000000000090320,Apartadó,2.3,0.3,1.1,55.7,1.0,1.0,0.4
0504510000000000030520,Apartadó,0.4,0.4,0.2,50.6,1.0,1.0,0.4
0583710000000000040552,Turbo,1.9,0.9,1.8,125.9,1.0,1.0,0.15
0504510000000000060504,Apartadó,1.4,1.2,1.4,53.5,1.0,1.0,0.4
0583710000000000010716,Turbo,3.0,1.0,3.0,127.4,1.0,1.0,0.15
0504510000000000030705,Apartadó,1.3,0.9,0.4,29.4,1.0,1.0,0.65
0504510000000000100232,Apartadó,5.6,2.9,4.0,58.8,0.85,1.0,0.4
0504510000000000010138,Apartadó,1.1,0.8,2.4,28.4,1.0,1.0,0.65
0504510000000000070208,Apartadó,0.6,0.6,0.6,51.9,1.0,1.0,0.4
0583710000000000010303,Turbo,0.7,0.3,0.7,74.5,1.0,1.0,0.15
0583710000000000020806,Turbo,1.3,1.3,2.1,77.6,1.0,1.0,0.15
0504510000000000020116,Apartadó,0.1,0.2,1.7,47.0,1.0,1.0,0.4
0583710000000000050407,Turbo,5.1,1.4,3.1,126.5,0.85,1.0,0.15
0504510000000000090219,Apartadó,3.3,0.5,1.3,56.1,1.0,1.0,0.4
0504510000000000060816,Apartadó,0.4,1.0,0.9,51.3,1.0,1.0,0.4
0504510000000000060324,Apartadó,0.9,0.6,1.6,52.7,1.0,1.0,0.4
0504510000000000080107,Apartadó,2.0,0.9,2.4,48.7,1.0,1.0,0.4
0583710000000000010226,Turbo,1.9,1.2,1.9,125.8,1.0,1.0,0.15
0504510000000000090307,Apartadó,3.0,0.4,1.7,56.3,1.0,1.0,0.4
0583710000000000040743,Turbo,0.7,0.5,2.1,124.3,1.0,1.0,0.15
0504510000000000100304,Apartadó,3.3,0.7,2.1,56.7,1.0,1.0,0.4
0504520010201000010103,Apartadó,9.2,7.4,1.1,58.2,0.85,0.85,0.4
0504510000000000080624,Apartadó,0.9,0.8,2.7,49.7,1.0,1.0,0.4
0583710000000000010311,Turbo,0.6,0.5,0.6,74.7,1.0,1.0,0.15
0504510000000000020560,Apartadó,0.8,1.9,0.2,18.3,1.0,1.0,0.65
0583710000000000010618,Turbo,1.7,0.8,1.7,124.6,1.0,1.0,0.15
0514720010400500010104,Carepa,22.6,10.5,5.8,15.3,0.65,0.85,0.65
0514720010400500010107,Carepa,22.6,10.7,5.7,15.1,0.65,0.85,0.65
0514720010400500010120,Carepa,21.9,11.0,4.9,14.2,0.65,0.85,0.85
0514720010400500010125,Carepa,21.9,11.2,4.8,14.0,0.65,0.85,0.85
0514720010800600010104,Carepa,17.5,3.0,0.5,31.0,0.65,1.0,0.4
0514720010800600010114,Carepa,9.8,1.1,0.1,19.0,0.85,1.0,0.65
0514720010801200010105,Carepa,17.3,4.7,0.6,28.5,0.65,1.0,0.65
0565920010400800010111,San Juan de Urabá,5.1,5.1,171.9,256.4,0.85,0.85,0.15
0505120020301700010106,Arboletes,36.6,36.6,157.5,244.0,0.4,0.4,0.15
0583710000000000030805,Turbo,4.5,1.3,6.4,118.8,1.0,1.0,0.15
0583710000000000050404,Turbo,5.4,1.6,3.1,126.6,0.85,1.0,0.15
0504510000000000070212,Apartadó,0.7,0.6,0.8,51.6,1.0,1.0,0.4
0504510000000000080322,Apartadó,1.3,0.4,2.7,50.1,1.0,1.0,0.4
0504510000000000030524,Apartadó,0.4,0.5,0.4,50.9,1.0,1.0,0.4
0583710000000000040171,Turbo,0.7,0.6,0.9,124.8,1.0,1.0,0.15
0583710000000000030514,Turbo,1.4,0.7,3.8,121.6,1.0,1.0,0.15
0504510000000000080516,Apartadó,0.4,1.1,3.2,49.0,1.0,1.0,0.4
0504510000000000020218,Apartadó,1.0,0.5,0.7,29.3,1.0,1.0,0.65
0504510000000000070528,Apartadó,1.4,0.9,0.2,52.8,1.0,1.0,0.4
0504510000000000040618,Apartadó,0.6,0.6,1.0,52.9,1.0,1.0,0.4
0583710000000000010125,Turbo,2.5,1.6,2.5,127.7,1.0,1.0,0.15
0504510000000000090405,Apartadó,2.2,0.5,1.2,55.6,1.0,1.0,0.4
0583710000000000030441,Turbo,1.6,0.5,3.5,121.2,1.0,1.0,0.15
0504510000000000100135,Apartadó,4.7,1.9,3.0,57.8,1.0,1.0,0.4
0504510000000000070709,Apartadó,2.6,1.2,1.1,54.3,1.0,1.0,0.4
0504510000000000010608,Apartadó,3.9,1.3,2.5,45.5,1.0,1.0,0.4
0583710000000000020610,Turbo,1.0,1.0,0.2,126.2,1.0,1.0,0.15
0504510000000000100102,Apartadó,4.5,1.7,2.9,57.6,1.0,1.0,0.4
0583710000000000040525,Turbo,1.0,0.1,0.5,75.7,1.0,1.0,0.15
0504510000000000060220,Apartadó,0.6,0.5,0.3,50.8,1.0,1.0,0.4
0504510000000000100214,Apartadó,5.5,2.9,4.2,58.9,0.85,1.0,0.4
0504510000000000020406,Apartadó,0.5,0.3,0.7,28.5,1.0,1.0,0.65
0504510000000000030413,Apartadó,0.4,0.9,0.6,30.5,1.0,1.0,0.4
0583710000000000010513,Turbo,1.2,0.3,3.1,122.3,1.0,1.0,0.15
0583710000000000030437,Turbo,1.9,0.7,3.6,121.1,1.0,1.0,0.15
0583710000000000020323,Turbo,1.7,0.8,2.7,128.1,1.0,1.0,0.15
0504510000000000010301,Apartadó,2.3,1.0,2.4,48.4,1.0,1.0,0.4
0583710000000000030631,Turbo,3.5,1.3,5.2,120.2,1.0,1.0,0.15
0504510000000000020404,Apartadó,0.5,0.1,0.5,28.5,1.0,1.0,0.65
0583710000000000040752,Turbo,2.4,0.9,3.3,74.0,1.0,1.0,0.15
0583710000000000010126,Turbo,2.8,1.8,2.8,127.8,1.0,1.0,0.15
0583710000000000020504,Turbo,0.6,0.6,0.5,75.0,1.0,1.0,0.15
0504510000000000090411,Apartadó,1.4,0.8,0.8,54.8,1.0,1.0,0.4
0504510000000000070703,Apartadó,1.9,1.5,1.0,53.9,1.0,1.0,0.4
0504510000000000020550,Apartadó,0.7,1.6,0.6,45.1,1.0,1.0,0.4
0504510000000000020414,Apartadó,0.2,0.1,0.6,28.2,1.0,1.0,0.65
0583710000000000030734,Turbo,4.5,1.7,5.4,119.3,1.0,1.0,0.15
0504510000000000070502,Apartadó,1.5,0.5,0.6,52.8,1.0,1.0,0.4
0504510000000000030611,Apartadó,1.4,0.7,1.1,50.0,1.0,1.0,0.4
0583710000000000040162,Turbo,0.9,0.5,1.9,73.5,1.0,1.0,0.15
0504510000000000010113,Apartadó,2.1,1.3,2.8,48.1,1.0,1.0,0.4
0504510000000000050121,Apartadó,0.8,1.1,0.2,52.3,1.0,1.0,0.4
0504510000000000070720,Apartadó,2.5,0.9,0.9,54.1,1.0,1.0,0.4
0504510000000000090115,Apartadó,2.9,0.4,0.7,55.4,1.0,1.0,0.4
0583710000000000030703,Turbo,3.7,1.2,5.3,120.0,1.0,1.0,0.15
0583710000000000020904,Turbo,2.7,1.9,3.7,129.1,1.0,1.0,0.15
0504510000000000030106,Apartadó,1.6,0.6,0.4,49.1,1.0,1.0,0.4
0583710000000000040140,Turbo,3.3,0.6,4.2,125.2,1.0,1.0,0.15
0504510000000000080625,Apartadó,1.0,0.8,2.7,49.8,1.0,1.0,0.4
0504510000000000060806,Apartadó,0.6,1.0,1.4,52.0,1.0,1.0,0.4
0504510000000000030525,Apartadó,0.5,0.5,0.2,51.1,1.0,1.0,0.4
0504510000000000040318,Apartadó,0.4,0.1,0.4,53.2,1.0,1.0,0.4
0504510000000000080602,Apartadó,1.9,1.5,2.2,50.4,1.0,1.0,0.4
0583710000000000040707,Turbo,3.0,0.8,4.3,124.5,1.0,1.0,0.15
0504510000000000080315,Apartadó,1.9,0.9,2.2,50.7,1.0,1.0,0.4
0583710000000000030312,Turbo,0.5,0.2,1.8,73.1,1.0,1.0,0.15
0504510000000000070424,Apartadó,0.4,1.3,0.6,49.6,1.0,1.0,0.4
0504510000000000100303,Apartadó,3.2,0.6,2.1,56.6,1.0,1.0,0.4
0504510000000000080203,Apartadó,1.2,0.5,2.7,50.0,1.0,1.0,0.4
0504510000000000100309,Apartadó,3.2,0.9,2.3,56.7,1.0,1.0,0.4
0504510000000000010128,Apartadó,1.8,1.6,4.1,47.5,1.0,1.0,0.4
0583710000000000020701,Turbo,0.2,0.8,0.9,76.5,1.0,1.0,0.15
0504510000000000100607,Apartadó,5.0,2.6,4.0,58.4,1.0,1.0,0.4
0504510000000000020529,Apartadó,0.2,0.5,0.4,28.1,1.0,1.0,0.65
0504510000000000100236,Apartadó,5.9,3.1,4.2,59.0,0.85,1.0,0.4
0504510000000000090414,Apartadó,1.6,1.1,1.1,55.1,1.0,1.0,0.4
0504510000000000100602,Apartadó,4.9,2.3,3.7,58.3,1.0,1.0,0.4
0583710000000000050511,Turbo,5.8,2.2,2.7,126.2,0.85,1.0,0.15
0504510000000000020629,Apartadó,0.6,0.7,2.2,46.5,1.0,1.0,0.4
0504510000000000100613,Apartadó,5.2,2.8,4.3,58.7,0.85,1.0,0.4
0583710000000000010433,Turbo,3.5,2.6,3.6,128.7,1.0,1.0,0.15
0504510000000000090418,Apartadó,1.1,0.6,0.8,33.2,1.0,1.0,0.4
0583710000000000040155,Turbo,1.4,0.4,2.3,125.0,1.0,1.0,0.15
0504510000000000030708,Apartadó,1.2,1.2,0.5,29.7,1.0,1.0,0.65
0583710000000000030220,Turbo,3.0,0.3,5.3,120.1,1.0,1.0,0.15
0504510000000000090314,Apartadó,2.6,0.3,1.3,55.8,1.0,1.0,0.4
0583710000000000040216,Turbo,0.8,0.1,0.8,125.4,1.0,1.0,0.15
0583710000000000030201,Turbo,0.8,0.5,2.2,72.9,1.0,1.0,0.15
0583710000000000040145,Turbo,1.5,0.3,2.1,75.0,1.0,1.0,0.15
0504510000000000060810,Apartadó,0.5,0.9,1.2,51.7,1.0,1.0,0.4
0504520030201800010118,Apartadó,5.9,2.3,6.5,53.7,0.85,1.0,0.4
0583710000000000040110,Turbo,0.4,0.3,1.5,73.7,1.0,1.0,0.15
0504510000000000020201,Apartadó,0.2,0.7,0.1,28.9,1.0,1.0,0.65
0504520030201800010114,Apartadó,3.2,0.6,3.5,33.7,1.0,1.0,0.4
0583710000000000050406,Turbo,5.2,1.4,3.2,126.6,0.85,1.0,0.15
0583710000000000010434,Turbo,3.3,2.2,3.4,128.4,1.0,1.0,0.15
0583710000000000040403,Turbo,0.7,0.3,0.6,125.4,1.0,1.0,0.15
0504510000000000040714,Apartadó,1.8,0.6,0.5,54.6,1.0,1.0,0.4
0583710000000000030323,Turbo,2.4,0.8,4.5,120.4,1.0,1.0,0.15
0504510000000000010310,Apartadó,1.4,0.3,0.3,49.5,1.0,1.0,0.4
0504510000000000050510,Apartadó,2.3,0.4,0.4,53.9,1.0,1.0,0.4
0583710000000000030522,Turbo,1.1,0.4,3.2,122.2,1.0,1.0,0.15
0583710000000000040309,Turbo,0.4,0.5,0.8,124.4,1.0,1.0,0.15
0583710000000000050123,Turbo,4.8,0.7,4.0,127.2,1.0,1.0,0.15
0504510000000000060304,Apartadó,0.6,0.4,1.4,52.4,1.0,1.0,0.4
0504510000000000070314,Apartadó,1.4,0.7,1.1,50.5,1.0,1.0,0.4
0504510000000000070616,Apartadó,0.7,1.1,0.8,51.9,1.0,1.0,0.4
0504510000000000010707,Apartadó,4.7,2.4,1.9,45.3,1.0,1.0,0.4
0504510000000000020517,Apartadó,0.2,0.3,0.4,46.6,1.0,1.0,0.4
0504510000000000070627,Apartadó,0.7,1.4,0.2,52.2,1.0,1.0,0.4
0583710000000000040203,Turbo,0.2,0.2,0.8,74.0,1.0,1.0,0.15
0504510000000000030313,Apartadó,0.4,1.1,0.6,50.8,1.0,1.0,0.4
0504510000000000010111,Apartadó,0.8,1.0,2.5,28.7,1.0,1.0,0.65
0504510000000000070112,Apartadó,0.7,0.4,0.9,52.1,1.0,1.0,0.4
0504510000000000050111,Apartadó,1.4,0.8,0.2,52.9,1.0,1.0,0.4
0583710000000000010216,Turbo,0.6,0.3,0.6,75.3,1.0,1.0,0.15
0504510000000000060222,Apartadó,0.8,0.6,0.1,50.7,1.0,1.0,0.4
0504510000000000070420,Apartadó,1.4,1.1,0.6,50.2,1.0,1.0,0.4
0504510000000000020539,Apartadó,0.0,3.3,0.9,25.6,1.0,1.0,0.65
0583720090104100010122,Turbo,4.1,4.2,4.6,80.1,1.0,1.0,0.15
0504510000000000050213,Apartadó,1.7,0.4,0.6,53.3,1.0,1.0,0.4
0504510000000000070408,Apartadó,0.9,1.2,0.6,50.7,1.0,1.0,0.4
0583710000000000030521,Turbo,1.3,0.2,3.4,122.1,1.0,1.0,0.15
0504510000000000040314,Apartadó,0.8,0.2,0.3,53.8,1.0,1.0,0.4
0583710000000000040746,Turbo,0.1,0.3,1.0,74.4,1.0,1.0,0.15
0583710000000000050130,Turbo,4.6,1.2,3.1,126.2,1.0,1.0,0.15
0504510000000000040512,Apartadó,1.1,0.7,1.1,51.9,1.0,1.0,0.4
0504510000000000070228,Apartadó,0.3,0.9,0.7,51.7,1.0,1.0,0.4
0583710000000000010604,Turbo,1.5,0.4,1.5,124.3,1.0,1.0,0.15
0504510000000000010513,Apartadó,1.1,0.5,1.0,48.1,1.0,1.0,0.4
0504510000000000100319,Apartadó,4.4,2.0,3.4,57.9,1.0,1.0,0.4
0504510000000000010309,Apartadó,1.6,0.1,0.3,49.7,1.0,1.0,0.4
0583710000000000050402,Turbo,5.1,1.3,3.2,126.6,0.85,1.0,0.15
0504510000000000090109,Apartadó,3.2,0.1,1.1,55.4,1.0,1.0,0.4
0504510000000000010502,Apartadó,1.6,0.7,1.3,48.5,1.0,1.0,0.4
0583710000000000020503,Turbo,0.7,0.6,0.6,75.2,1.0,1.0,0.15
0514720011200300010111,Carepa,44.3,0.1,44.8,79.3,0.4,1.0,0.15
0504520030201800010115,Apartadó,3.6,0.1,3.8,33.6,1.0,1.0,0.4
0504510000000000060809,Apartadó,0.6,0.8,1.3,51.8,1.0,1.0,0.4
0583720090104100010305,Turbo,2.7,2.8,3.1,78.5,1.0,1.0,0.15
0583710000000000020104,Turbo,1.2,0.5,1.2,126.6,1.0,1.0,0.15
0504510000000000040309,Apartadó,1.3,0.7,0.7,54.7,1.0,1.0,0.4
0504510000000000100401,Apartadó,5.7,3.2,4.6,59.1,0.85,1.0,0.4
0504510000000000060627,Apartadó,1.2,1.0,0.4,52.9,1.0,1.0,0.4
0583710000000000010705,Turbo,4.1,2.1,4.1,128.8,1.0,1.0,0.15
0583710000000000020105,Turbo,1.0,0.3,1.0,126.4,1.0,1.0,0.15
0504510000000000070719,Apartadó,2.4,1.0,0.9,54.0,1.0,1.0,0.4
0504510000000000040519,Apartadó,1.8,1.6,1.9,51.5,1.0,1.0,0.4
0504510000000000060403,Apartadó,1.1,0.7,1.3,53.0,1.0,1.0,0.4
0504510000000000020222,Apartadó,1.2,0.1,0.3,29.4,1.0,1.0,0.65
0504510000000000080218,Apartadó,1.3,1.4,2.8,49.0,1.0,1.0,0.4
0583710000000000040152,Turbo,1.9,0.9,2.9,73.5,1.0,1.0,0.15
0583710000000000050523,Turbo,5.9,2.6,2.2,125.7,0.85,1.0,0.15
0504510000000000040723,Apartadó,2.4,0.6,0.2,55.0,1.0,1.0,0.4
0504510000000000070421,Apartadó,1.3,1.3,0.5,50.2,1.0,1.0,0.4
0504510000000000090415,Apartadó,1.7,1.1,1.3,55.1,1.0,1.0,0.4
0583710000000000010616,Turbo,1.1,0.4,1.1,53.4,1.0,1.0,0.4
0504510000000000040612,Apartadó,0.2,0.4,0.6,53.3,1.0,1.0,0.4
0583710000000000030227,Turbo,2.1,0.3,3.5,71.7,1.0,1.0,0.15
0504510000000000080633,Apartadó,0.9,0.6,2.9,49.8,1.0,1.0,0.4
0504510000000000030208,Apartadó,1.9,0.4,0.8,48.0,1.0,1.0,0.4
0583710000000000020813,Turbo,4.3,3.4,4.7,129.9,1.0,1.0,0.15
0583710000000000010603,Turbo,1.3,0.5,1.2,124.6,1.0,1.0,0.15
0583710000000000010445,Turbo,3.4,2.5,3.6,128.8,1.0,1.0,0.15
0504510000000000100110,Apartadó,5.1,2.4,3.6,58.3,0.85,1.0,0.4
0504510000000000060213,Apartadó,0.2,0.5,0.8,51.4,1.0,1.0,0.4
0504510000000000020622,Apartadó,0.9,0.9,2.1,45.5,1.0,1.0,0.4
0504510000000000100124,Apartadó,5.0,2.4,3.7,58.3,1.0,1.0,0.4
0504510000000000020617,Apartadó,0.2,0.6,1.3,46.0,1.0,1.0,0.4
0504510000000000040139,Apartadó,1.8,0.3,0.6,54.0,1.0,1.0,0.4
0504510000000000070628,Apartadó,0.5,1.0,0.9,51.8,1.0,1.0,0.4
0504510000000000010610,Apartadó,4.0,1.3,2.8,45.4,1.0,1.0,0.4
0504510000000000100103,Apartadó,4.6,1.9,3.0,57.8,1.0,1.0,0.4
0583720090104100010210,Turbo,6.4,6.5,7.1,132.6,0.85,0.85,0.15
0504510000000000060807,Apartadó,0.8,0.9,1.6,52.1,1.0,1.0,0.4
0583710000000000020130,Turbo,2.7,1.7,3.2,128.5,1.0,1.0,0.15
0504510000000000010705,Apartadó,4.8,2.6,1.7,45.3,1.0,1.0,0.4
0583710000000000030310,Turbo,1.1,0.2,2.4,72.4,1.0,1.0,0.15
0504510000000000070418,Apartadó,1.5,1.0,0.7,50.2,1.0,1.0,0.4
0504510000000000010425,Apartadó,1.8,0.8,2.7,47.5,1.0,1.0,0.4
0583710000000000030636,Turbo,1.2,0.4,2.4,72.9,1.0,1.0,0.15
0583710000000000030731,Turbo,4.1,1.0,6.2,119.2,1.0,1.0,0.15
0504510000000000030109,Apartadó,1.7,0.6,0.8,48.3,1.0,1.0,0.4
0583710000000000040703,Turbo,2.1,0.4,2.8,74.9,1.0,1.0,0.15
0583710000000000040725,Turbo,1.6,0.4,2.5,74.5,1.0,1.0,0.15
0504510000000000080314,Apartadó,1.7,0.6,2.5,50.7,1.0,1.0,0.4
0583710000000000030322,Turbo,1.2,0.3,2.5,72.5,1.0,1.0,0.15
0504510000000000050305,Apartadó,1.3,0.6,0.4,53.3,1.0,1.0,0.4
0514720010400500010108,Carepa,22.4,10.7,5.5,14.9,0.65,0.85,0.85
0514720010400500010110,Carepa,22.2,10.4,5.4,14.9,0.65,0.85,0.85
0514720010400500010127,Carepa,22.5,11.5,5.5,14.4,0.65,0.85,0.85
0514720010800600010106,Carepa,17.4,2.9,0.3,31.2,0.65,1.0,0.4
0514720010800600010113,Carepa,10.0,1.4,0.3,18.7,0.85,1.0,0.65
0514720010400800010104,Carepa,23.7,7.6,8.3,18.4,0.65,0.85,0.65
0514720010601400010103,Carepa,19.7,19.7,1.1,5.9,0.65,0.65,0.85
0505120020301700010104,Arboletes,36.2,36.2,157.6,244.1,0.4,0.4,0.15
0565920010400800010101,San Juan de Urabá,4.7,4.7,172.7,257.3,1.0,1.0,0.15
0583720200100700010103,Turbo,116.7,3.1,63.7,132.0,0.15,1.0,0.15
0514720010401500010101,Carepa,13.6,2.1,6.1,12.2,0.85,1.0,0.85
0583710000000000050117,Turbo,5.3,1.2,4.2,127.5,0.85,1.0,0.15
0504510000000000100403,Apartadó,6.0,3.5,4.9,59.4,0.85,1.0,0.4
0583710000000000030809,Turbo,4.7,1.8,5.7,119.1,1.0,1.0,0.15
0504510000000000080320,Apartadó,1.6,0.5,2.5,50.4,1.0,1.0,0.4
0504510000000000040606,Apartadó,0.3,0.6,0.5,53.8,1.0,1.0,0.4
0504510000000000080301,Apartadó,1.6,0.7,3.1,50.7,1.0,1.0,0.4
0583710000000000020209,Turbo,0.2,0.2,0.2,125.5,1.0,1.0,0.15
0583710000000000040402,Turbo,0.1,0.1,0.3,75.0,1.0,1.0,0.15
0504510000000000020611,Apartadó,0.8,0.4,1.8,46.1,1.0,1.0,0.4
0504510000000000010405,Apartadó,1.4,0.5,2.1,47.7,1.0,1.0,0.4
0504510000000000080323,Apartadó,1.1,0.2,3.0,50.0,1.0,1.0,0.4
0504510000000000040610,Apartadó,0.2,0.7,0.8,53.6,1.0,1.0,0.4
0583710000000000020602,Turbo,0.4,0.8,0.5,75.8,1.0,1.0,0.15
0504510000000000040710,Apartadó,2.0,0.4,0.5,54.9,1.0,1.0,0.4
0583710000000000040301,Turbo,0.3,0.4,2.0,122.8,1.0,1.0,0.15
0504510000000000040503,Apartadó,1.1,0.6,0.9,52.0,1.0,1.0,0.4
0504510000000000080120,Apartadó,1.9,0.3,0.4,49.9,1.0,1.0,0.4
0504510000000000040301,Apartadó,1.0,0.3,0.2,53.6,1.0,1.0,0.4
0504510000000000080604,Apartadó,2.0,1.4,2.4,50.7,1.0,1.0,0.4
0583710000000000020404,Turbo,0.2,1.2,1.3,126.3,1.0,1.0,0.15
0514720010601400010102,Carepa,19.6,19.6,1.2,5.7,0.65,0.65,0.85
0583710000000000030443,Turbo,1.6,0.6,2.9,72.0,1.0,1.0,0.15
0583710000000000020609,Turbo,0.9,1.1,0.4,126.4,1.0,1.0,0.15
0504510000000000060108,Apartadó,1.1,0.4,1.1,51.2,1.0,1.0,0.4
0504510000000000030226,Apartadó,1.3,0.9,1.7,47.0,1.0,1.0,0.4
0583720090104100010208,Turbo,4.0,3.9,4.4,79.5,1.0,1.0,0.15
0583710000000000040747,Turbo,1.3,0.8,2.3,73.9,1.0,1.0,0.15
0504510000000000070105,Apartadó,1.0,0.4,0.4,52.6,1.0,1.0,0.4
0504510000000000080618,Apartadó,1.7,0.9,3.0,50.7,1.0,1.0,0.4
0504510000000000010122,Apartadó,1.9,1.5,3.0,48.1,1.0,1.0,0.4
0583710000000000030613,Turbo,2.8,1.2,4.8,120.8,1.0,1.0,0.15
0583710000000000030203,Turbo,3.0,0.4,5.3,120.0,1.0,1.0,0.15
0583710000000000020107,Turbo,0.5,0.3,0.6,75.8,1.0,1.0,0.15
0504510000000000100408,Apartadó,6.4,3.9,5.3,59.9,0.85,1.0,0.4
0504510000000000040615,Apartadó,0.3,0.3,0.7,53.0,1.0,1.0,0.4
0583710000000000010607,Turbo,1.8,0.2,1.8,124.0,1.0,1.0,0.15
0583710000000000030520,Turbo,1.3,0.2,3.5,121.9,1.0,1.0,0.15
0504510000000000060117,Apartadó,1.1,0.5,0.9,50.8,1.0,1.0,0.4
0504510000000000020621,Apartadó,0.7,0.8,2.0,45.6,1.0,1.0,0.4
0504510000000000050113,Apartadó,1.2,0.9,0.2,52.8,1.0,1.0,0.4
0583710000000000040741,Turbo,1.2,0.2,2.7,123.9,1.0,1.0,0.15
0583710000000000040522,Turbo,3.0,0.5,3.9,125.3,1.0,1.0,0.15
0504510000000000040102,Apartadó,2.0,0.5,0.2,54.6,1.0,1.0,0.4
0583710000000000040217,Turbo,1.2,0.3,0.6,125.7,1.0,1.0,0.15
0504510000000000020548,Apartadó,0.7,1.5,0.9,45.0,1.0,1.0,0.4
0504510000000000060522,Apartadó,0.7,0.5,0.7,52.8,1.0,1.0,0.4
0504510000000000020215,Apartadó,0.4,0.2,0.1,28.9,1.0,1.0,0.65
0583710000000000010206,Turbo,0.1,0.1,0.1,75.1,1.0,1.0,0.15
0583710000000000020801,Turbo,3.3,2.7,3.6,78.7,1.0,1.0,0.15
0583710000000000020124,Turbo,1.4,0.8,1.9,127.3,1.0,1.0,0.15
0504510000000000070522,Apartadó,1.6,0.5,0.5,53.0,1.0,1.0,0.4
0504510000000000090321,Apartadó,2.3,0.4,1.0,55.6,1.0,1.0,0.4
0504510000000000040208,Apartadó,1.9,0.3,0.6,55.1,1.0,1.0,0.4
0583710000000000010412,Turbo,3.5,1.9,3.5,128.3,1.0,1.0,0.15
0583720090104100010215,Turbo,3.4,3.6,3.9,79.3,1.0,1.0,0.15
0504510000000000100237,Apartadó,6.3,3.5,4.6,59.4,0.85,1.0,0.4
0504510000000000040516,Apartadó,1.3,1.3,1.6,52.0,1.0,1.0,0.4
0583710000000000030527,Turbo,0.9,0.6,3.2,122.2,1.0,1.0,0.15
0583710000000000040137,Turbo,2.6,0.9,3.5,74.0,1.0,1.0,0.15
0583710000000000050405,Turbo,5.4,1.6,3.1,126.5,0.85,1.0,0.15
0583710000000000020119,Turbo,2.7,1.8,3.0,128.4,1.0,1.0,0.15
0504510000000000100224,Apartadó,5.3,2.8,4.2,58.7,0.85,1.0,0.4
0583710000000000010136,Turbo,2.1,1.1,2.1,127.1,1.0,1.0,0.15
0583710000000000040758,Turbo,1.7,0.6,3.1,124.4,1.0,1.0,0.15
0583710000000000010723,Turbo,2.6,1.2,2.6,127.1,1.0,1.0,0.15
0504510000000000080211,Apartadó,1.0,0.7,2.9,49.6,1.0,1.0,0.4
0583710000000000040154,Turbo,1.0,0.4,1.3,75.2,1.0,1.0,0.15
0504510000000000060107,Apartadó,0.9,0.3,1.1,51.3,1.0,1.0,0.4
0504510000000000030606,Apartadó,1.7,0.9,1.0,50.0,1.0,1.0,0.4
0504510000000000080611,Apartadó,1.9,1.2,2.7,50.8,1.0,1.0,0.4
0583720090104100010106,Turbo,4.3,4.5,4.9,80.4,1.0,1.0,0.15
0583710000000000030428,Turbo,1.6,0.7,3.3,121.9,1.0,1.0,0.15
0504510000000000080220,Apartadó,1.6,1.2,2.5,49.2,1.0,1.0,0.4
0583710000000000030508,Turbo,1.5,0.9,3.9,121.5,1.0,1.0,0.15
0504510000000000020601,Apartadó,0.5,0.5,1.8,46.5,1.0,1.0,0.4
0583710000000000010711,Turbo,3.8,1.2,3.8,128.0,1.0,1.0,0.15
0504510000000000070735,Apartadó,1.4,1.0,0.9,32.6,1.0,1.0,0.4
0504510000000000090203,Apartadó,3.7,0.7,1.6,56.3,1.0,1.0,0.4
0583710000000000050218,Turbo,3.3,0.9,2.1,76.2,1.0,1.0,0.15
0583710000000000010130,Turbo,2.9,1.7,2.9,127.8,1.0,1.0,0.15
0583710000000000010116,Turbo,1.9,0.9,1.9,126.9,1.0,1.0,0.15
0583710000000000010725,Turbo,2.0,0.3,2.0,76.3,1.0,1.0,0.15
0504510000000000100112,Apartadó,4.8,2.1,3.4,58.1,1.0,1.0,0.4
0504510000000000100606,Apartadó,5.0,2.5,4.0,58.5,1.0,1.0,0.4
0504510000000000010305,Apartadó,2.2,0.3,1.7,48.8,1.0,1.0,0.4
0583710000000000010706,Turbo,4.0,1.8,4.1,128.5,1.0,1.0,0.15
0504510000000000090103,Apartadó,3.4,0.2,1.2,55.6,1.0,1.0,0.4
0504510000000000060417,Apartadó,0.1,0.1,1.0,52.0,1.0,1.0,0.4
0504510000000000080106,Apartadó,1.8,1.2,2.7,48.5,1.0,1.0,0.4
0504510000000000010704,Apartadó,4.4,2.2,1.7,45.6,1.0,1.0,0.4
0583710000000000030431,Turbo,1.3,0.5,2.9,122.0,1.0,1.0,0.15
0504510000000000060414,Apartadó,0.4,0.2,0.6,31.6,1.0,1.0,0.4
0504510000000000010507,Apartadó,0.4,0.7,0.1,49.0,1.0,1.0,0.4
0504510000000000040204,Apartadó,1.7,0.4,0.3,54.6,1.0,1.0,0.4
0504510000000000080319,Apartadó,1.3,0.2,2.9,50.3,1.0,1.0,0.4
0583710000000000050122,Turbo,5.1,1.0,3.8,127.1,0.85,1.0,0.15
0583710000000000040755,Turbo,1.8,1.1,2.8,73.8,1.0,1.0,0.15
0504510000000000070503,Apartadó,1.4,0.7,0.3,52.8,1.0,1.0,0.4
0504510000000000100505,Apartadó,3.7,2.3,3.2,35.8,1.0,1.0,0.4
0504510000000000100616,Apartadó,2.6,1.2,2.0,34.6,1.0,1.0,0.4
0514720011200300010105,Carepa,26.6,0.2,27.0,47.6,0.65,1.0,0.4
0514720011200300010118,Carepa,26.0,0.1,26.3,47.0,0.65,1.0,0.4
0514720011200300010119,Carepa,43.7,0.2,44.2,78.6,0.4,1.0,0.15
0514720011200300010121,Carepa,43.0,0.7,43.6,78.2,0.4,1.0,0.15
0514720010400400010116,Carepa,21.8,8.5,5.8,15.9,0.65,0.85,0.65
0514720010400500010102,Carepa,22.9,10.8,6.0,15.3,0.65,0.85,0.65
0514720010400500010112,Carepa,22.3,10.7,5.4,14.8,0.65,0.85,0.85
0514720010400500010119,Carepa,22.1,11.0,5.1,14.4,0.65,0.85,0.85
0514720010800600010105,Carepa,17.5,3.0,0.4,31.1,0.65,1.0,0.4
0514720010501100010109,Carepa,15.3,1.1,9.8,17.7,0.65,1.0,0.65
0514720010801200010103,Carepa,17.8,4.8,0.8,28.3,0.65,1.0,0.65
0514720010801200010104,Carepa,17.5,4.7,0.7,28.4,0.65,1.0,0.65
0565920010400800010107,San Juan de Urabá,5.7,5.7,172.2,256.9,0.85,0.85,0.15
0505120040101900010104,Arboletes,97.9,42.2,230.2,375.0,0.15,0.4,0.15
0514720010401500010105,Carepa,12.4,0.5,6.7,12.5,0.85,1.0,0.85
0583710000000000030231,Turbo,3.1,1.4,5.2,119.6,1.0,1.0,0.15
0504510000000000010604,Apartadó,3.0,0.3,3.0,46.2,1.0,1.0,0.4
0504510000000000100208,Apartadó,5.7,3.1,4.3,59.0,0.85,1.0,0.4
0583710000000000030609,Turbo,2.3,1.1,4.5,121.0,1.0,1.0,0.15
0504510000000000100317,Apartadó,4.0,1.6,3.0,57.5,1.0,1.0,0.4
0504510000000000010603,Apartadó,2.7,0.1,3.2,46.5,1.0,1.0,0.4
0583710000000000040116,Turbo,0.2,0.6,0.8,74.6,1.0,1.0,0.15
0583710000000000040305,Turbo,0.4,0.2,0.8,74.1,1.0,1.0,0.15
0504510000000000060405,Apartadó,1.3,0.8,1.3,53.2,1.0,1.0,0.4
0583710000000000020324,Turbo,1.8,1.1,3.0,128.5,1.0,1.0,0.15
0504510000000000050407,Apartadó,3.0,0.8,0.7,54.5,1.0,1.0,0.4
0583720090104100010115,Turbo,5.6,5.7,6.2,81.7,0.85,0.85,0.15
0583710000000000010517,Turbo,0.6,0.5,2.7,122.7,1.0,1.0,0.15
0583710000000000030709,Turbo,3.5,0.3,5.9,119.6,1.0,1.0,0.15
0583710000000000030505,Turbo,0.9,0.9,3.4,122.0,1.0,1.0,0.15
0504510000000000020625,Apartadó,0.9,0.7,2.0,45.8,1.0,1.0,0.4
0504520030201800010116,Apartadó,3.8,0.2,4.1,33.7,1.0,1.0,0.4
0583710000000000040619,Turbo,4.9,1.0,6.5,122.6,1.0,1.0,0.15
0504510000000000020413,Apartadó,0.3,0.3,0.6,46.8,1.0,1.0,0.4
0583710000000000030718,Turbo,4.0,1.8,4.8,120.1,1.0,1.0,0.15
0583710000000000030626,Turbo,3.3,1.9,4.5,120.9,1.0,1.0,0.15
0504510000000000020305,Apartadó,0.5,0.1,0.1,28.7,1.0,1.0,0.65
0583710000000000010622,Turbo,1.6,0.3,1.6,124.2,1.0,1.0,0.15
0504510000000000030303,Apartadó,0.4,1.1,0.7,51.5,1.0,1.0,0.4
0504510000000000100116,Apartadó,4.1,1.4,2.7,57.4,1.0,1.0,0.4
0504510000000000020619,Apartadó,0.4,0.6,1.6,45.8,1.0,1.0,0.4
0504510000000000060819,Apartadó,0.5,1.0,0.8,51.2,1.0,1.0,0.4
0583710000000000030424,Turbo,1.0,0.4,2.6,122.3,1.0,1.0,0.15
0504510000000000090316,Apartadó,2.7,0.1,1.5,56.1,1.0,1.0,0.4
0583710000000000040751,Turbo,2.2,0.9,3.1,74.0,1.0,1.0,0.15
0504510000000000010106,Apartadó,1.7,2.0,3.7,47.7,1.0,1.0,0.4
0504510000000000030418,Apartadó,0.8,1.0,0.8,51.6,1.0,1.0,0.4
0583710000000000010318,Turbo,0.4,0.2,0.4,75.0,1.0,1.0,0.15
0504510000000000030404,Apartadó,0.4,1.3,0.2,51.9,1.0,1.0,0.4
0583710000000000030511,Turbo,1.0,0.8,3.4,122.0,1.0,1.0,0.15
0583710000000000030808,Turbo,4.8,1.8,6.0,118.8,1.0,1.0,0.15
0583710000000000020305,Turbo,0.2,0.7,0.7,75.7,1.0,1.0,0.15
0504510000000000070315,Apartadó,1.6,0.8,0.9,50.3,1.0,1.0,0.4
0504510000000000090402,Apartadó,2.0,0.6,0.8,55.3,1.0,1.0,0.4
0504510000000000070428,Apartadó,0.7,1.0,0.4,50.8,1.0,1.0,0.4
0583710000000000020903,Turbo,1.2,0.7,1.9,77.1,1.0,1.0,0.15
0504510000000000070423,Apartadó,0.6,1.0,0.1,30.0,1.0,1.0,0.65
0583710000000000020122,Turbo,2.4,1.5,2.6,128.0,1.0,1.0,0.15
0504510000000000060820,Apartadó,0.7,0.7,1.5,51.9,1.0,1.0,0.4
0504510000000000040407,Apartadó,0.3,0.3,0.4,52.7,1.0,1.0,0.4
0504510000000000070122,Apartadó,0.2,0.9,0.3,51.5,1.0,1.0,0.4
0504510000000000080634,Apartadó,2.0,1.1,3.2,51.0,1.0,1.0,0.4
0504510000000000060812,Apartadó,0.2,0.7,0.6,51.2,1.0,1.0,0.4
0504510000000000100314,Apartadó,3.0,0.4,1.8,56.3,1.0,1.0,0.4
0583710000000000010431,Turbo,3.8,2.7,3.9,129.0,1.0,1.0,0.15
0504510000000000070434,Apartadó,0.6,0.8,0.3,30.2,1.0,1.0,0.4
0504510000000000030609,Apartadó,1.2,0.8,1.0,49.7,1.0,1.0,0.4
0504510000000000090204,Apartadó,3.8,0.8,1.7,56.4,1.0,1.0,0.4
0504510000000000020410,Apartadó,0.2,0.5,0.2,46.4,1.0,1.0,0.4
0504510000000000100231,Apartadó,6.0,3.3,4.4,59.1,0.85,1.0,0.4
0504510000000000030603,Apartadó,0.9,0.8,0.4,29.7,1.0,1.0,0.65
0504510000000000030205,Apartadó,1.4,0.4,0.4,29.0,1.0,1.0,0.65
0504510000000000070101,Apartadó,0.7,0.9,0.8,52.2,1.0,1.0,0.4
0504510000000000090413,Apartadó,1.5,1.0,1.0,55.0,1.0,1.0,0.4
0583710000000000050113,Turbo,1.4,0.2,1.4,54.1,1.0,1.0,0.4
0504510000000000100114,Apartadó,4.5,1.8,3.0,57.7,1.0,1.0,0.4
0583710000000000040124,Turbo,0.7,0.5,1.7,73.7,1.0,1.0,0.15
0583710000000000020201,Turbo,0.9,0.2,0.9,126.1,1.0,1.0,0.15
0583710000000000040736,Turbo,1.4,0.5,2.3,74.3,1.0,1.0,0.15
0583710000000000020106,Turbo,0.5,0.3,0.5,75.7,1.0,1.0,0.15
0583710000000000050502,Turbo,5.7,2.0,2.9,126.4,0.85,1.0,0.15
0504510000000000100130,Apartadó,4.9,2.1,3.1,57.9,1.0,1.0,0.4
0504510000000000030701,Apartadó,0.9,0.6,0.1,29.7,1.0,1.0,0.65
0504510000000000060110,Apartadó,1.3,0.6,1.3,51.1,1.0,1.0,0.4
0583710000000000050403,Turbo,5.2,1.4,3.3,126.7,0.85,1.0,0.15
0504510000000000030323,Apartadó,0.7,0.8,0.2,30.0,1.0,1.0,0.65
0583720090104100010201,Turbo,4.0,4.1,4.5,79.8,1.0,1.0,0.15
0583710000000000030802,Turbo,4.6,1.8,5.6,119.2,1.0,1.0,0.15
0504510000000000050517,Apartadó,2.9,0.9,1.0,54.5,1.0,1.0,0.4
0504510000000000090505,Apartadó,3.9,1.0,2.0,56.8,1.0,1.0,0.4
0504510000000000070131,Apartadó,0.3,0.9,0.7,51.8,1.0,1.0,0.4
0583710000000000030417,Turbo,1.1,0.3,2.4,72.5,1.0,1.0,0.15
0504510000000000090404,Apartadó,2.1,0.5,1.1,55.5,1.0,1.0,0.4
0583720090104100010121,Turbo,7.4,7.6,8.3,134.2,0.85,0.85,0.15
0583710000000000010316,Turbo,0.6,0.7,2.1,123.3,1.0,1.0,0.15
0504510000000000060425,Apartadó,0.3,0.1,0.4,31.4,1.0,1.0,0.4
0583710000000000040757,Turbo,1.4,0.1,2.2,74.6,1.0,1.0,0.15
0504510000000000010504,Apartadó,1.3,0.8,1.3,48.1,1.0,1.0,0.4
0504510000000000070119,Apartadó,0.2,0.9,0.6,51.8,1.0,1.0,0.4
0504510000000000010133,Apartadó,0.9,1.8,3.9,48.3,1.0,1.0,0.4
0504510000000000010303,Apartadó,2.4,0.6,2.0,48.6,1.0,1.0,0.4
0504510000000000010508,Apartadó,0.4,0.4,0.1,29.5,1.0,1.0,0.65
0504510000000000080321,Apartadó,1.2,0.2,2.9,50.2,1.0,1.0,0.4
0583710000000000010442,Turbo,3.6,2.7,3.8,128.9,1.0,1.0,0.15
0504510000000000040604,Apartadó,0.5,0.7,0.4,53.9,1.0,1.0,0.4
0504510000000000100230,Apartadó,6.2,3.4,4.5,59.3,0.85,1.0,0.4
0583710000000000030717,Turbo,3.9,1.6,4.9,120.1,1.0,1.0,0.15
0504510000000000040609,Apartadó,0.2,0.7,0.7,53.6,1.0,1.0,0.4
0504510000000000020623,Apartadó,1.0,0.6,2.1,45.9,1.0,1.0,0.4
0504510000000000030530,Apartadó,1.0,0.4,0.6,50.2,1.0,1.0,0.4
0504510000000000010124,Apartadó,2.1,1.5,3.0,47.9,1.0,1.0,0.4
0504510000000000020552,Apartadó,0.5,0.7,0.3,27.5,1.0,1.0,0.65
0504510000000000040306,Apartadó,1.1,0.3,0.5,54.3,1.0,1.0,0.4
0504510000000000080118,Apartadó,2.0,0.4,0.3,50.0,1.0,1.0,0.4
0583710000000000010503,Turbo,0.5,0.3,1.4,73.9,1.0,1.0,0.15
0504510000000000030114,Apartadó,1.2,0.4,0.2,29.2,1.0,1.0,0.65
0504510000000000060814,Apartadó,0.7,0.7,1.2,51.5,1.0,1.0,0.4
0504510000000000080212,Apartadó,1.0,0.9,2.9,49.5,1.0,1.0,0.4
0583710000000000030801,Turbo,4.8,2.1,5.3,119.2,1.0,1.0,0.15
0504510000000000030212,Apartadó,1.0,0.5,1.5,47.3,1.0,1.0,0.4
0504510000000000040205,Apartadó,1.7,0.2,0.1,54.7,1.0,1.0,0.4
0504510000000000010714,Apartadó,5.2,2.7,2.5,44.6,0.85,1.0,0.4
0504510000000000020112,Apartadó,0.1,0.6,0.1,28.6,1.0,1.0,0.65
0504510000000000090319,Apartadó,2.4,0.2,1.2,55.7,1.0,1.0,0.4
0504510000000000080219,Apartadó,1.5,1.3,2.7,49.1,1.0,1.0,0.4
0583710000000000030736,Turbo,4.7,2.1,5.2,119.4,1.0,1.0,0.15
0583710000000000010712,Turbo,3.1,1.2,3.1,127.5,1.0,1.0,0.15
0504510000000000010316,Apartadó,1.2,0.5,0.3,49.3,1.0,1.0,0.4
0504510000000000070631,Apartadó,0.6,1.0,0.9,51.8,1.0,1.0,0.4
0504510000000000070710,Apartadó,1.6,1.5,0.9,53.6,1.0,1.0,0.4
0504510000000000090207,Apartadó,3.6,0.8,1.6,56.4,1.0,1.0,0.4
0504510000000000020542,Apartadó,0.1,0.7,1.0,47.0,1.0,1.0,0.4
0504510000000000060616,Apartadó,1.1,1.1,1.0,53.2,1.0,1.0,0.4
0504510000000000020534,Apartadó,0.1,0.3,0.8,46.2,1.0,1.0,0.4
0504510000000000090309,Apartadó,3.0,0.4,1.6,56.2,1.0,1.0,0.4
0504510000000000020511,Apartadó,0.7,0.9,0.1,27.3,1.0,1.0,0.65
0583710000000000010117,Turbo,2.2,1.2,2.2,127.2,1.0,1.0,0.15
0504510000000000040725,Apartadó,2.6,0.3,0.6,55.4,1.0,1.0,0.4
0504510000000000030105,Apartadó,0.8,0.3,0.4,29.6,1.0,1.0,0.65
0504510000000000090323,Apartadó,3.4,0.8,2.1,56.7,1.0,1.0,0.4
0583710000000000010221,Turbo,1.7,1.0,1.7,125.8,1.0,1.0,0.15
0583710000000000040528,Turbo,1.0,0.3,0.8,76.1,1.0,1.0,0.15
0583710000000000040721,Turbo,1.8,0.8,3.2,124.0,1.0,1.0,0.15
0504510000000000050323,Apartadó,1.6,0.3,0.5,53.5,1.0,1.0,0.4
0504510000000000050317,Apartadó,1.2,0.9,0.6,52.7,1.0,1.0,0.4
0504510000000000080514,Apartadó,0.4,0.8,3.5,49.4,1.0,1.0,0.4
0583710000000000010435,Turbo,1.8,1.3,1.9,77.1,1.0,1.0,0.15
0583710000000000020131,Turbo,2.8,1.9,3.2,128.6,1.0,1.0,0.15
0504510000000000080409,Apartadó,0.8,0.4,3.3,49.8,1.0,1.0,0.4
0583710000000000030326,Turbo,2.4,0.8,4.6,120.3,1.0,1.0,0.15
0504510000000000040320,Apartadó,0.4,0.3,0.5,53.4,1.0,1.0,0.4
0504510000000000100129,Apartadó,2.8,1.1,1.7,34.6,1.0,1.0,0.4
0504510000000000030207,Apartadó,1.1,0.1,0.3,28.9,1.0,1.0,0.65
0583710000000000050120,Turbo,4.9,0.7,4.1,127.3,1.0,1.0,0.15
0583710000000000020816,Turbo,4.0,3.1,4.2,129.4,1.0,1.0,0.15
0504510000000000030602,Apartadó,1.3,1.5,0.4,49.7,1.0,1.0,0.4
0504510000000000060811,Apartadó,0.3,0.9,1.0,51.5,1.0,1.0,0.4
0504510000000000030612,Apartadó,1.4,0.6,1.1,50.2,1.0,1.0,0.4
0504510000000000030322,Apartadó,1.0,0.9,0.1,50.0,1.0,1.0,0.4
0504510000000000080121,Apartadó,1.8,0.2,0.3,49.8,1.0,1.0,0.4
0583710000000000040717,Turbo,0.6,0.1,1.5,74.6,1.0,1.0,0.15
0583710000000000010519,Turbo,1.1,0.1,2.9,122.6,1.0,1.0,0.15
0583710000000000030611,Turbo,2.4,0.9,4.7,120.7,1.0,1.0,0.15
0504510000000000010524,Apartadó,0.3,0.2,0.3,28.9,1.0,1.0,0.65
0504520030201800010117,Apartadó,6.4,0.4,6.9,55.9,0.85,1.0,0.4
0583720090104100010103,Turbo,4.8,5.0,5.4,80.8,1.0,1.0,0.15
0504510000000000020558,Apartadó,2.5,2.9,1.5,44.3,1.0,1.0,0.4
0504510000000000020530,Apartadó,0.4,0.4,0.6,46.7,1.0,1.0,0.4
0504510000000000040621,Apartadó,0.5,0.7,1.0,53.1,1.0,1.0,0.4
0504510000000000060619,Apartadó,1.1,1.1,0.7,53.0,1.0,1.0,0.4
0583710000000000040750,Turbo,2.0,1.0,3.0,74.0,1.0,1.0,0.15
0583710000000000030526,Turbo,1.0,0.5,3.3,122.1,1.0,1.0,0.15
0504510000000000070438,Apartadó,0.7,1.1,0.8,51.0,1.0,1.0,0.4
0504510000000000030710,Apartadó,1.3,1.7,1.1,29.8,1.0,1.0,0.65
0504510000000000020603,Apartadó,0.7,0.3,1.8,46.3,1.0,1.0,0.4
0514720010400400010103,Carepa,22.1,8.2,6.3,16.4,0.65,0.85,0.65
0504510000000000080215,Apartadó,1.6,1.2,2.4,49.6,1.0,1.0,0.4
0583710000000000030434,Turbo,1.9,0.9,3.6,121.3,1.0,1.0,0.15
0504510000000000050412,Apartadó,2.6,0.5,0.7,54.5,1.0,1.0,0.4
0504510000000000070718,Apartadó,2.3,1.1,0.9,54.0,1.0,1.0,0.4
0504510000000000020402,Apartadó,0.5,0.6,0.2,47.0,1.0,1.0,0.4
0504510000000000010525,Apartadó,0.5,0.7,0.2,29.4,1.0,1.0,0.65
0583710000000000030105,Turbo,0.5,0.1,0.9,74.3,1.0,1.0,0.15
0504510000000000040405,Apartadó,0.2,0.2,0.7,52.9,1.0,1.0,0.4
0583710000000000020320,Turbo,0.8,0.8,2.1,127.7,1.0,1.0,0.15
0504510000000000100341,Apartadó,2.1,0.6,1.4,34.2,1.0,1.0,0.4
0504510000000000090104,Apartadó,3.5,0.1,1.3,55.8,1.0,1.0,0.4
0583710000000000040748,Turbo,1.5,0.9,2.5,73.9,1.0,1.0,0.15
0583710000000000020608,Turbo,0.7,1.3,0.6,126.5,1.0,1.0,0.15
0583710000000000040713,Turbo,1.0,0.2,2.2,124.8,1.0,1.0,0.15
0504510000000000030617,Apartadó,1.1,0.7,0.8,50.1,1.0,1.0,0.4
0583720090104100010302,Turbo,3.2,3.0,3.5,78.5,1.0,1.0,0.15
0583710000000000040406,Turbo,1.4,0.6,0.3,126.1,1.0,1.0,0.15
0583710000000000020905,Turbo,2.6,1.8,3.6,128.9,1.0,1.0,0.15
0504520030201800010105,Apartadó,3.3,0.6,3.6,33.0,1.0,1.0,0.4
0504510000000000080310,Apartadó,1.8,0.7,2.7,50.9,1.0,1.0,0.4
0583710000000000030413,Turbo,0.8,0.2,2.0,72.9,1.0,1.0,0.15
0504510000000000100617,Apartadó,4.0,1.9,3.2,57.5,1.0,1.0,0.4
0504510000000000060202,Apartadó,0.6,0.9,1.4,52.0,1.0,1.0,0.4
0583720090104100010207,Turbo,6.7,6.8,7.4,132.8,0.85,0.85,0.15
0583710000000000040211,Turbo,0.4,0.3,0.6,74.4,1.0,1.0,0.15
0504510000000000040741,Apartadó,2.7,0.3,1.1,55.7,1.0,1.0,0.4
0504510000000000020202,Apartadó,0.2,0.6,0.4,29.1,1.0,1.0,0.65
0504510000000000100117,Apartadó,4.0,1.3,2.6,57.3,1.0,1.0,0.4
0583710000000000020204,Turbo,0.2,0.2,0.2,75.4,1.0,1.0,0.15
0583710000000000030202,Turbo,2.8,0.6,5.1,120.2,1.0,1.0,0.15
0504510000000000050303,Apartadó,1.3,0.6,0.2,53.6,1.0,1.0,0.4
0504510000000000100301,Apartadó,3.1,0.5,1.9,56.4,1.0,1.0,0.4
0514720010400400010123,Carepa,22.0,8.9,5.8,15.8,0.65,0.85,0.65
0514720010800600010109,Carepa,17.2,2.7,0.5,31.2,0.65,1.0,0.4
0514720010601400010108,Carepa,11.6,11.6,0.4,3.5,0.85,0.85,1.0
0504520020301700010107,Apartadó,11.0,2.2,0.4,18.5,0.85,1.0,0.65
0504520020301700010109,Apartadó,18.0,3.5,0.6,30.8,0.65,1.0,0.4
0565920010400800010109,San Juan de Urabá,5.5,5.5,171.9,256.5,0.85,0.85,0.15
0583710000000000050514,Turbo,5.4,1.9,2.7,126.1,0.85,1.0,0.15
0504510000000000060501,Apartadó,1.2,0.8,1.2,53.2,1.0,1.0,0.4
0504510000000000020557,Apartadó,1.3,1.7,0.7,26.5,1.0,1.0,0.65
0583710000000000030820,Turbo,5.1,2.1,6.1,118.5,0.85,1.0,0.15
0583710000000000030517,Turbo,1.3,0.4,3.6,121.9,1.0,1.0,0.15
0583710000000000010144,Turbo,3.5,1.2,3.5,127.9,1.0,1.0,0.15
0504510000000000100201,Apartadó,5.4,2.7,3.9,58.6,0.85,1.0,0.4
0504510000000000070123,Apartadó,0.2,0.8,0.2,51.4,1.0,1.0,0.4
0504510000000000070518,Apartadó,1.3,0.3,0.6,52.8,1.0,1.0,0.4
0504510000000000040214,Apartadó,1.3,0.4,0.3,54.2,1.0,1.0,0.4
0504510000000000100109,Apartadó,5.2,2.5,3.7,58.4,0.85,1.0,0.4
0583710000000000040745,Turbo,0.1,0.4,1.0,74.5,1.0,1.0,0.15
0504510000000000040210,Apartadó,1.4,0.4,0.3,54.6,1.0,1.0,0.4
0583710000000000030314,Turbo,0.4,0.4,1.7,73.3,1.0,1.0,0.15
0583710000000000030328,Turbo,2.9,0.9,5.0,120.1,1.0,1.0,0.15
0504510000000000030704,Apartadó,1.2,0.5,0.2,29.5,1.0,1.0,0.65
0504520010201000010101,Apartadó,9.0,7.6,0.8,58.1,0.85,0.85,0.4
0504510000000000030403,Apartadó,0.2,1.5,0.4,51.8,1.0,1.0,0.4
0583710000000000040212,Turbo,0.4,0.4,0.5,74.6,1.0,1.0,0.15
0504510000000000060633,Apartadó,1.6,1.5,1.6,53.8,1.0,1.0,0.4
0504510000000000100315,Apartadó,3.7,1.3,2.7,57.2,1.0,1.0,0.4
0504510000000000010107,Apartadó,1.9,1.8,4.0,47.4,1.0,1.0,0.4
0583710000000000020407,Turbo,0.7,1.2,1.2,125.6,1.0,1.0,0.15
0504520010201000010106,Apartadó,4.7,4.1,0.6,34.2,1.0,1.0,0.4
0583710000000000030523,Turbo,1.1,0.3,3.3,122.1,1.0,1.0,0.15
0583710000000000020314,Turbo,0.7,0.5,1.8,127.2,1.0,1.0,0.15
0504510000000000010613,Apartadó,1.8,0.2,2.0,27.7,1.0,1.0,0.65
0504510000000000030310,Apartadó,0.3,1.1,0.6,51.0,1.0,1.0,0.4
0504510000000000040315,Apartadó,0.6,0.4,0.5,53.5,1.0,1.0,0.4
0504510000000000050503,Apartadó,2.8,0.7,0.8,54.3,1.0,1.0,0.4
0583710000000000050515,Turbo,5.5,2.1,2.6,126.1,0.85,1.0,0.15
0583720090104100010304,Turbo,3.2,2.9,3.4,78.3,1.0,1.0,0.15
0583710000000000030612,Turbo,2.5,0.9,4.7,120.7,1.0,1.0,0.15
0504510000000000040202,Apartadó,1.5,0.5,0.2,54.2,1.0,1.0,0.4
0583710000000000050504,Turbo,6.0,2.3,2.8,126.4,0.85,1.0,0.15
0583710000000000040759,Turbo,1.5,0.4,3.0,123.8,1.0,1.0,0.15
0504510000000000100238,Apartadó,6.4,3.7,4.8,59.6,0.85,1.0,0.4
0504510000000000090121,Apartadó,2.7,0.4,0.5,55.2,1.0,1.0,0.4
0504510000000000080217,Apartadó,0.7,0.7,1.7,29.6,1.0,1.0,0.65
0504510000000000030619,Apartadó,1.0,0.5,0.7,29.7,1.0,1.0,0.65
0504510000000000050217,Apartadó,1.6,0.5,0.6,53.1,1.0,1.0,0.4
0504510000000000020507,Apartadó,0.2,0.6,0.4,27.3,1.0,1.0,0.65
0504510000000000080512,Apartadó,0.8,0.2,3.5,49.9,1.0,1.0,0.4
0504520010201000010109,Apartadó,4.9,4.3,1.0,34.4,1.0,1.0,0.4
0583710000000000020202,Turbo,0.4,0.2,0.4,75.5,1.0,1.0,0.15
0504510000000000010611,Apartadó,3.7,1.0,2.8,45.5,1.0,1.0,0.4
0583710000000000040729,Turbo,2.3,0.5,3.2,74.4,1.0,1.0,0.15
0504510000000000030502,Apartadó,0.4,0.4,0.3,51.0,1.0,1.0,0.4
0504510000000000010422,Apartadó,1.1,0.6,1.3,28.9,1.0,1.0,0.65
0583710000000000030433,Turbo,1.8,0.9,3.5,121.6,1.0,1.0,0.15
0505120010602000010101,Arboletes,16.2,16.6,189.5,275.7,0.65,0.65,0.15
0505120010602000010102,Arboletes,27.2,27.8,315.8,459.6,0.65,0.65,0.15
0505120010602000010103,Arboletes,16.3,16.7,189.6,275.9,0.65,0.65,0.15
0505120010602000010105,Arboletes,16.5,16.9,189.2,275.5,0.65,0.65,0.15
0505120010602000010104,Arboletes,16.6,17.0,189.3,275.6,0.65,0.65,0.15
