cod_manzana,min_ips,min_colegio,min_cabecera,min_puerto,metodo
0504520020500200010110,9.5,9.2,12.6,43.7,osrm_real
0504520010301100010115,4.7,5.4,6.8,40.5,osrm_real
0504520010301100010227,6.1,6.8,8.2,41.7,osrm_real
0504520010101400010108,47.3,47.2,47.9,75.9,osrm_real
0505110000000000010139,0.7,1.2,1.5,111.1,osrm_real
0505110000000000010531,1.6,1.5,2.1,109.3,osrm_real
0505110000000000010538,1.7,1.6,2.2,109.2,osrm_real
0514710000000000020412,2.1,11.0,1.4,52.4,osrm_real
0549020120301300010103,73.3,49.2,10.2,76.2,osrm_real
0565910000000000010103,0.9,0.9,0.9,97.9,osrm_real
0565920010100100010125,11.7,11.7,12.5,94.9,osrm_real
0566510000000000010158,1.1,1.9,1.4,139.9,osrm_real
0566510000000000010201,0.6,1.1,0.7,139.2,osrm_real
0566510000000000010824,1.3,1.3,1.5,138.8,osrm_real
0566510000000000010866,1.0,1.0,1.5,138.0,osrm_real
0566510000000000010907,1.0,1.8,1.4,139.9,osrm_real
0583720090700100010417,1.9,14.8,18.5,28.2,osrm_real
0583720090600300010344,6.6,10.7,13.1,22.8,osrm_real
0583720080301000010109,8.8,8.8,10.3,19.2,osrm_real
0583720020101300010122,27.2,0.8,102.1,110.9,osrm_real
0583720050202800010107,38.2,38.2,162.9,171.8,osrm_real
0583720030802900010113,15.4,15.4,17.5,26.3,osrm_real
0583720090603100010108,7.3,17.6,20.0,29.7,osrm_real
0583720090103900010112,8.8,8.8,10.9,19.7,osrm_real
0583720100700200020108,23.1,23.1,42.1,51.8,osrm_real
0583720100700200020205,22.9,22.9,41.9,51.6,osrm_real
0504520020500200010121,10.0,9.7,13.1,44.2,osrm_real
0504520020300900010117,7.6,4.1,11.6,46.2,osrm_real
0505110000000000011003,0.2,0.9,1.4,110.3,osrm_real
0505110000000000011114,1.8,1.8,1.4,110.1,osrm_real
0505120030200900010106,50.5,50.5,60.9,117.7,osrm_real
0505120040101000010106,68.4,68.4,68.0,141.7,osrm_real
0505120030101100010132,46.2,46.2,47.3,127.1,osrm_real
0514710000000000010221,2.6,7.5,2.3,48.9,osrm_real
0549010000000000010436,43.0,43.1,25.3,54.0,osrm_real
0549020120100700010110,39.9,40.0,22.0,50.9,osrm_real
0566510000000000010867,1.0,1.0,1.3,138.4,osrm_real
0583720100700200010503,23.3,23.3,42.3,52.0,osrm_real
0583720100400800010114,7.0,7.2,26.2,35.9,osrm_real
0583720090603100010111,7.4,17.7,20.1,29.8,osrm_real
0583720050603700010101,18.0,18.0,142.8,151.6,osrm_real
0514710000000000010410,2.4,8.1,2.0,49.5,osrm_real
0549020050300500010101,43.9,43.9,48.8,77.6,osrm_real
0565910000000000010312,0.2,0.2,1.0,97.9,osrm_real
0566510000000000010738,1.3,2.1,1.7,140.2,osrm_real
0514710000000000010323,2.8,7.9,2.5,49.3,osrm_real
0514710000000000010516,2.9,9.8,1.1,51.2,osrm_real
0514710000000000020214,4.3,11.5,2.6,52.9,osrm_real
0514710000000000020426,1.1,10.0,0.8,51.4,osrm_real
0514710000000000020430,2.3,11.2,1.6,52.6,osrm_real
0514710000000000020507,1.4,10.7,1.7,52.1,osrm_real
0514720011001000010101,6.9,6.3,6.6,48.2,osrm_real
0514720011001000010110,6.7,6.1,6.4,48.0,osrm_real
0517210000000000010217,12.4,37.2,2.8,59.8,osrm_real
0517210000000000010514,10.9,35.7,2.9,58.3,osrm_real
0517210000000000010526,12.0,36.8,1.7,59.4,osrm_real
0517210000000000020312,10.1,34.9,0.8,57.5,osrm_real
0517210000000000030207,9.5,34.3,1.8,56.9,osrm_real
0517210000000000050108,9.5,34.3,2.5,56.9,osrm_real
0517210000000000050519,9.8,34.6,2.2,57.2,osrm_real
0517210000000000050704,11.2,36.0,3.5,58.6,osrm_real
0517210000000000060407,11.0,35.7,0.7,58.4,osrm_real
0517210000000000060710,11.3,36.1,3.5,58.7,osrm_real
0517210000000000060739,10.9,35.7,3.2,58.3,osrm_real
0517210000000000060904,11.8,36.6,2.7,59.2,osrm_real
0549020030200400010122,12.4,12.4,57.2,85.9,osrm_real
0565910000000000010104,0.7,0.7,0.9,97.6,osrm_real
0566510000000000011008,1.7,1.7,2.1,136.4,osrm_real
0583720110201800010317,47.0,58.8,63.5,73.1,osrm_real
0583720110201800010331,48.3,61.6,64.8,74.4,osrm_real
0504520020300900010209,9.0,5.5,12.9,47.6,osrm_real
0504520020300900010212,7.7,4.4,11.8,46.5,osrm_real
0504520010301100010216,6.3,7.0,8.4,41.9,osrm_real
0505110000000000010119,0.5,1.0,0.9,111.3,osrm_real
0505110000000000010215,0.4,0.4,0.7,110.3,osrm_real
0505120020500300010102,68.2,68.2,57.6,155.1,osrm_real
0514710000000000020510,1.0,10.6,2.1,52.0,osrm_real
0549010000000000010102,44.9,44.9,27.1,55.8,osrm_real
0549010000000000010224,43.3,43.3,25.5,54.2,osrm_real
0549020050300500010208,43.7,43.7,48.7,77.4,osrm_real
0549020050300500010218,43.2,43.2,48.1,76.8,osrm_real
0549020120600600010110,35.9,36.0,27.2,46.8,osrm_real
0565910000000000010206,0.8,0.8,0.0,98.3,osrm_real
0565910000000000010216,0.7,0.7,0.7,97.9,osrm_real
0565910000000000010509,0.3,0.3,3.3,100.3,osrm_real
0565920020300400010103,47.2,47.2,48.1,130.5,osrm_real
0565920010200600010104,7.1,7.1,7.9,94.8,osrm_real
0566510000000000010662,1.1,1.6,1.2,139.7,osrm_real
0566510000000000010725,1.2,2.0,1.6,140.1,osrm_real
0566510000000000010840,1.1,1.1,1.1,138.5,osrm_real
0583720090700100010115,1.9,14.3,17.7,27.4,osrm_real
0583720090700100010139,1.0,13.7,17.0,26.7,osrm_real
0583720090700100010141,2.4,13.5,16.9,26.6,osrm_real
0583720090700100020231,1.1,13.3,17.6,27.2,osrm_real
0583720100700200020512,21.5,21.5,40.5,50.2,osrm_real
0583720090600300010105,11.1,11.1,13.9,23.5,osrm_real
0583720090600300010312,6.6,10.3,13.1,22.7,osrm_real
0504520030101500010112,6.5,3.3,9.6,44.3,osrm_real
0504520020300900010226,7.8,4.3,11.8,46.4,osrm_real
0505110000000000011016,0.8,1.4,1.0,110.5,osrm_real
0505120030101100010135,46.1,46.1,47.5,127.0,osrm_real
0505120030101100010136,45.9,45.9,47.3,126.8,osrm_real
0514710000000000020105,4.0,10.7,2.3,52.1,osrm_real
0549010000000000010811,45.1,45.2,27.3,56.0,osrm_real
0565920010300300010127,8.2,8.2,9.0,97.7,osrm_real
0566510000000000030103,1.9,1.9,2.2,140.0,osrm_real
0566520040200800010101,38.4,38.4,38.4,171.4,osrm_real
0583720100400800010111,7.3,7.5,26.5,36.1,osrm_real
0514710000000000010132,3.3,8.9,3.0,50.4,osrm_real
0514710000000000010621,3.9,9.8,2.2,51.3,osrm_real
0514710000000000010726,2.7,10.1,1.2,51.5,osrm_real
0514710000000000020909,6.6,13.8,4.9,55.3,osrm_real
0514710000000000030101,1.9,8.7,2.1,50.1,osrm_real
0514710000000000030639,2.2,11.8,3.1,53.2,osrm_real
0517210000000000010121,12.3,37.1,4.4,59.8,osrm_real
0517210000000000010213,12.6,37.3,2.6,60.0,osrm_real
0517210000000000010601,10.7,35.5,2.8,58.2,osrm_real
0517210000000000020407,11.6,36.4,1.4,59.0,osrm_real
0517210000000000020436,12.7,37.4,2.4,60.1,osrm_real
0517210000000000030114,9.7,34.5,2.1,57.1,osrm_real
0517210000000000040106,9.3,34.1,2.7,56.7,osrm_real
0517210000000000050415,10.3,35.1,2.5,57.7,osrm_real
0517210000000000050505,10.0,34.8,2.3,57.4,osrm_real
0517210000000000050607,9.8,34.6,2.0,57.2,osrm_real
0517210000000000060211,10.6,35.3,2.7,58.0,osrm_real
0517210000000000060512,11.4,36.1,1.9,58.8,osrm_real
0517210000000000060711,11.6,36.4,3.4,59.0,osrm_real
0517210000000000060719,9.9,34.7,2.2,57.3,osrm_real
0517210000000000060722,11.1,35.9,3.4,58.5,osrm_real
0549020030200400010109,13.6,13.6,58.3,87.0,osrm_real
0565910000000000010139,2.2,2.2,2.1,99.0,osrm_real
0583720110201800010104,47.4,59.1,63.8,73.5,osrm_real
0583720110201800010203,48.0,61.3,64.4,74.1,osrm_real
0583720110201800010307,47.9,61.2,64.4,74.0,osrm_real
0505110000000000010328,1.3,1.3,0.9,110.6,osrm_real
0505110000000000010517,1.0,0.9,1.5,109.3,osrm_real
0505110000000000011117,2.1,2.1,1.7,110.4,osrm_real
0514710000000000020612,2.0,10.9,2.0,52.3,osrm_real
0549010000000000010204,44.1,44.2,26.4,55.1,osrm_real
0565920010300300010106,7.7,7.7,8.6,97.0,osrm_real
0566510000000000030102,1.8,1.8,2.0,139.8,osrm_real
0583720090700100020303,2.6,15.1,19.4,29.0,osrm_real
0583720090600300010106,11.0,11.0,13.8,23.4,osrm_real
0505120020500300010103,68.4,68.4,57.8,155.4,osrm_real
0504520020300900010205,8.9,5.4,12.9,47.5,osrm_real
0504520020300900010315,7.2,3.8,11.3,45.9,osrm_real
0505110000000000010814,0.4,1.1,1.0,111.4,osrm_real
0505110000000000011002,0.3,0.6,1.1,109.9,osrm_real
0505110000000000011014,0.9,1.1,0.7,110.6,osrm_real
0549010000000000010409,42.8,42.9,25.0,53.8,osrm_real
0549010000000000010717,44.0,44.1,26.3,55.0,osrm_real
0549020120300300010112,62.8,40.1,1.7,73.7,osrm_real
0549020120100700010117,40.1,40.2,22.0,51.1,osrm_real
0549020090200800010113,55.4,55.4,54.2,93.1,osrm_real
0549020040400900010120,34.5,34.5,42.5,71.2,osrm_real
0549020120301400010109,58.0,42.6,3.6,69.0,osrm_real
0565920010100100010110,11.6,11.6,12.4,94.8,osrm_real
0565920010300300010122,7.5,7.5,8.4,97.1,osrm_real
0565920010300300010129,7.6,7.6,8.4,97.1,osrm_real
0566510000000000010659,1.3,2.0,1.5,140.0,osrm_real
0566510000000000010723,0.7,1.5,1.0,139.5,osrm_real
0566510000000000010859,0.9,0.9,1.2,138.2,osrm_real
0583720090700100010102,2.1,13.7,17.2,26.8,osrm_real
0583720090700100020115,1.1,13.1,17.6,27.2,osrm_real
0583720100700200020420,21.7,21.7,40.7,50.4,osrm_real
0583720080301000010116,8.1,8.1,9.6,18.4,osrm_real
0583720090302300010103,3.9,3.9,6.7,16.3,osrm_real
0583720090603100010110,7.3,17.6,20.1,29.7,osrm_real
0514710000000000010525,4.4,10.3,2.7,51.7,osrm_real
0514710000000000010613,3.2,9.6,1.6,51.0,osrm_real
0514710000000000020238,5.7,12.9,4.0,54.3,osrm_real
0514710000000000020302,2.2,11.0,2.1,52.4,osrm_real
0514710000000000030203,1.4,8.8,1.9,50.2,osrm_real
0514710000000000030526,1.7,10.0,3.1,51.4,osrm_real
0514710000000000030546,1.3,10.3,2.8,51.7,osrm_real
0514710000000000030547,1.3,10.3,2.8,51.7,osrm_real
0514720011001000010107,7.0,6.4,6.7,48.3,osrm_real
0517210000000000010322,12.1,36.9,2.4,59.5,osrm_real
0517210000000000020106,11.2,36.0,0.9,58.7,osrm_real
0517210000000000030214,9.8,34.5,1.3,57.2,osrm_real
0517210000000000050327,11.9,36.7,4.2,59.3,osrm_real
0517210000000000050428,9.9,34.6,2.1,57.3,osrm_real
0517210000000000060121,10.5,35.3,1.4,57.9,osrm_real
0517210000000000060607,11.0,35.8,3.1,58.5,osrm_real
0517210000000000060720,10.3,35.1,2.6,57.7,osrm_real
0517210000000000061014,11.8,36.6,4.1,59.2,osrm_real
0549020090501500010103,75.1,66.2,31.2,98.1,osrm_real
0565910000000000010217,1.0,1.0,0.9,98.6,osrm_real
0565910000000000010407,0.9,0.9,1.4,98.7,osrm_real
0566510000000000020109,0.6,1.3,0.8,139.3,osrm_real
0504520020500200010113,9.5,9.3,12.6,43.8,osrm_real
0504520020500200010309,8.3,10.0,11.4,42.6,osrm_real
0504520020300900010119,7.2,3.7,11.2,45.8,osrm_real
0505110000000000010918,0.8,1.7,1.7,111.7,osrm_real
0505110000000000011103,1.7,1.6,1.2,110.5,osrm_real
0505110000000000011111,1.7,1.6,1.3,110.4,osrm_real
0505120040101000010101,68.5,68.5,68.0,141.9,osrm_real
0505120040101000010122,70.1,70.1,69.7,140.0,osrm_real
0505120030101100010125,47.3,47.3,46.0,128.2,osrm_real
0549010000000000010210,43.5,43.6,25.8,54.5,osrm_real
0549010000000000010804,44.8,44.8,27.0,55.7,osrm_real
0549020030300200010110,22.0,22.0,50.1,78.8,osrm_real
0549020120600600010114,36.6,36.6,27.9,47.5,osrm_real
0566510000000000010355,1.9,1.9,2.1,139.9,osrm_real
0566510000000000020113,1.8,2.4,2.0,140.5,osrm_real
0583720090700100010612,1.7,12.9,18.1,27.8,osrm_real
0583720090700100020421,2.5,14.4,18.9,28.6,osrm_real
0583720100700200010306,23.7,23.7,42.7,52.4,osrm_real
0583720100700200010403,23.6,23.6,42.6,52.3,osrm_real
0583720100400800010108,7.1,7.3,26.3,35.9,osrm_real
0583720100400800010206,6.9,6.3,25.3,35.0,osrm_real
0583720090302500010101,3.8,4.4,6.0,14.8,osrm_real
0504520050300100010102,22.5,21.8,24.4,62.7,osrm_real
0504520020500200010123,9.9,9.7,13.0,44.1,osrm_real
0505110000000000010412,0.5,0.5,1.1,110.1,osrm_real
0505120060600500010106,68.7,68.7,81.6,179.1,osrm_real
0514710000000000010122,1.7,8.9,1.5,50.3,osrm_real
0565920010100500010112,8.9,8.9,9.7,92.6,osrm_real
0565920010200600010105,6.9,6.9,7.8,94.6,osrm_real
0549010000000000010110,43.8,43.9,26.1,54.8,osrm_real
0549010000000000010131,45.0,45.0,27.2,55.9,osrm_real
0549010000000000010907,45.1,45.2,27.3,56.0,osrm_real
0549020120600100010232,31.0,31.0,32.3,41.9,osrm_real
0549020030300200010130,23.2,23.2,51.3,80.0,osrm_real
0549020090200800010104,56.1,56.1,54.9,93.8,osrm_real
0549020090501500010119,75.7,65.0,30.0,97.0,osrm_real
0565920010100100010118,11.1,11.1,11.9,94.3,osrm_real
0566510000000000010549,1.6,1.6,1.3,139.3,osrm_real
0566510000000000010658,1.3,1.8,1.4,139.9,osrm_real
0583720090700100010202,2.2,14.0,17.4,27.1,osrm_real
0583720090700100010221,1.5,14.2,17.6,27.3,osrm_real
0583720090700100010305,1.6,14.3,17.9,27.6,osrm_real
0583720100700200020216,22.7,22.8,41.8,51.4,osrm_real
0583720100700200020319,22.1,22.2,41.2,50.8,osrm_real
0583720100700200020321,22.2,22.3,41.3,50.9,osrm_real
0583720100700200020404,22.8,22.9,41.9,51.5,osrm_real
0583720100700200020514,21.8,21.9,40.9,50.5,osrm_real
0583720050200500010102,14.1,14.1,138.8,147.7,osrm_real
0583720080301000010115,8.3,8.3,9.8,18.6,osrm_real
0583720030802900010102,15.2,15.3,17.3,26.2,osrm_real
0514710000000000010614,3.4,9.7,1.7,51.1,osrm_real
0514710000000000020609,1.7,10.5,1.6,52.0,osrm_real
0514710000000000020904,4.9,12.1,3.2,53.5,osrm_real
0514710000000000030109,1.7,9.0,2.0,50.4,osrm_real
0514710000000000030436,0.8,9.8,2.3,51.2,osrm_real
0514710000000000030548,1.2,10.2,2.7,51.6,osrm_real
0514710000000000030549,1.3,10.4,2.8,51.8,osrm_real
0514720011001000010104,7.3,6.6,7.0,48.5,osrm_real
0514720011001000010130,6.5,5.8,6.2,47.7,osrm_real
0517210000000000010114,11.2,36.0,3.2,58.6,osrm_real
0517210000000000020422,12.1,36.9,1.8,59.5,osrm_real
0517210000000000050203,9.8,34.5,2.4,57.2,osrm_real
0517210000000000050322,11.0,35.8,3.2,58.4,osrm_real
0517210000000000050608,9.3,34.1,1.9,56.7,osrm_real
0517210000000000050807,10.1,34.8,2.3,57.5,osrm_real
0517210000000000060404,10.9,35.7,1.0,58.3,osrm_real
0517210000000000060706,11.2,36.0,3.4,58.6,osrm_real
0517210000000000060819,12.0,36.8,2.2,59.4,osrm_real
0565910000000000010310,0.3,0.3,0.7,97.7,osrm_real
0565910000000000010605,1.6,1.6,2.2,98.3,osrm_real
0583720110201800010309,47.5,60.8,64.0,73.6,osrm_real
0504520010301100010234,6.5,7.2,8.6,42.1,osrm_real
0505110000000000010326,1.5,1.4,1.1,110.7,osrm_real
0514710000000000030410,0.6,9.6,2.0,51.0,osrm_real
0549020030300200010119,22.2,22.2,50.4,79.1,osrm_real
0549020030300200010211,21.2,21.2,49.3,78.0,osrm_real
0549020120100700010115,39.7,39.8,21.9,50.7,osrm_real
0566510000000000030112,1.4,1.4,1.6,139.4,osrm_real
0583720090700100020348,3.3,15.8,20.0,29.7,osrm_real
0583720090600300010215,12.0,12.0,14.8,24.4,osrm_real
0583720080301000010121,7.8,7.8,9.3,18.2,osrm_real
0583720070201200010117,24.1,24.1,148.9,157.7,osrm_real
0583720050603700010103,17.7,17.7,142.5,151.3,osrm_real
0504520010301100010225,5.8,6.5,7.9,41.3,osrm_real
0504520030101500010115,6.4,3.2,9.5,44.2,osrm_real
0504520010101600010114,41.0,40.9,41.6,69.6,osrm_real
0504520020500200010119,9.9,9.7,13.0,44.2,osrm_real
0504520010301100010114,5.3,6.0,7.4,40.8,osrm_real
0505110000000000010138,0.4,1.5,1.4,111.7,osrm_real
0505110000000000010343,1.3,1.2,0.8,110.5,osrm_real
0505110000000000011009,0.9,0.8,0.5,110.5,osrm_real
0505120060400100010107,94.7,95.3,95.2,193.8,osrm_real
0505120020500300010107,67.8,67.8,57.2,154.7,osrm_real
0505120040101000010123,69.7,69.7,69.3,140.4,osrm_real
0505120030101100010101,48.0,48.0,46.9,129.0,osrm_real
0517220060601500010102,15.5,40.3,7.8,62.9,osrm_real
0549020120600100010127,30.7,30.8,32.2,41.7,osrm_real
0549020030300200010128,23.5,23.5,51.6,80.3,osrm_real
0549020120600600010118,35.8,35.9,27.7,46.8,osrm_real
0549020040400900010109,34.6,34.6,43.6,72.3,osrm_real
0565920010100100010129,11.3,11.3,12.1,94.5,osrm_real
0565920010300300010134,7.6,7.6,8.5,97.1,osrm_real
0565920010100500010108,8.7,8.7,9.6,92.5,osrm_real
0566510000000000010126,0.7,1.4,1.0,139.5,osrm_real
0566510000000000010826,0.4,0.4,0.6,138.1,osrm_real
0566520020300300010102,68.8,68.8,68.8,206.4,osrm_real
0583720100700200010213,23.7,23.8,42.8,52.4,osrm_real
0583720090700100010715,1.6,12.1,18.1,27.8,osrm_real
0583720090600300010327,8.3,8.6,11.4,21.0,osrm_real
0583720030700600010103,20.5,20.6,22.7,31.5,osrm_real
0583720100400800010105,7.3,7.5,26.5,36.1,osrm_real
0583720100400800010113,7.0,7.2,26.2,35.9,osrm_real
0583720080301000010103,8.9,8.9,10.5,19.3,osrm_real
0583720090102700010104,6.6,6.6,8.1,16.9,osrm_real
0583720050202800010101,38.6,38.6,163.4,172.2,osrm_real
0514710000000000010402,2.3,8.2,1.9,49.6,osrm_real
0514710000000000010714,2.5,10.4,1.4,51.8,osrm_real
0514710000000000020228,6.1,13.2,4.3,54.7,osrm_real
0514710000000000020311,3.2,10.7,1.8,52.1,osrm_real
0514710000000000020523,1.7,10.5,1.6,51.9,osrm_real
0514710000000000030113,1.8,8.5,2.3,49.9,osrm_real
0514710000000000030405,0.4,9.5,1.9,50.9,osrm_real
0514710000000000030555,1.2,10.7,2.9,52.1,osrm_real
0517210000000000010117,11.7,36.5,3.7,59.1,osrm_real
0517210000000000020402,11.4,36.1,1.1,58.8,osrm_real
0517210000000000050128,9.6,34.4,2.3,57.0,osrm_real
0517210000000000050319,10.9,35.6,3.1,58.3,osrm_real
0517210000000000050814,9.7,34.5,2.0,57.1,osrm_real
0517210000000000060822,11.5,36.2,2.9,58.9,osrm_real
0565910000000000010614,0.8,0.8,1.3,97.4,osrm_real
0565910000000000010801,2.1,2.1,2.9,98.6,osrm_real
0566510000000000010865,0.8,0.8,1.3,137.5,osrm_real
0583720110201800010129,46.9,58.7,63.4,73.0,osrm_real
0504520010101400010106,47.3,47.2,47.9,75.9,osrm_real
0505110000000000010322,1.5,1.5,1.1,110.9,osrm_real
0504520010301100010218,6.1,6.8,8.2,41.7,osrm_real
0504520020300900010126,6.8,3.4,10.9,45.5,osrm_real
0504520020300900010323,6.8,3.6,11.0,45.7,osrm_real
0505110000000000010405,0.8,0.8,1.2,110.7,osrm_real
0549020120101100010106,44.0,44.1,29.3,55.0,osrm_real
0549010000000000010116,44.5,44.6,26.7,55.5,osrm_real
0549010000000000010229,43.5,43.6,25.8,54.5,osrm_real
0549010000000000010702,44.3,44.4,26.5,55.3,osrm_real
0549020120301400010102,58.9,42.8,3.8,69.8,osrm_real
0583720100700200010303,24.0,24.1,43.1,52.7,osrm_real
0583720100700200020308,22.6,22.7,41.7,51.4,osrm_real
0566510000000000010125,0.9,1.7,1.3,139.8,osrm_real
0583720090700100010214,1.8,14.5,18.1,27.8,osrm_real
0583720090600300010333,8.3,8.6,11.4,21.0,osrm_real
0583720030700600010111,20.9,21.0,23.1,31.9,osrm_real
0583720080301000010117,8.4,8.4,9.9,18.7,osrm_real
0583720090402400010105,3.8,3.8,6.6,16.2,osrm_real
0583720090503500010101,20.2,19.3,21.7,31.4,osrm_real
0504520020500200010102,9.2,10.9,12.3,43.4,osrm_real
0504520020300900010308,7.0,3.6,11.0,45.7,osrm_real
0504520010301100010113,5.1,5.8,7.2,40.7,osrm_real
0505110000000000010511,0.5,0.4,0.9,109.6,osrm_real
0505110000000000010913,0.5,1.3,1.2,111.2,osrm_real
0505120040101000010117,67.9,67.9,67.4,142.2,osrm_real
0514710000000000010218,3.3,7.7,3.0,49.1,osrm_real
0514710000000000020620,1.9,10.9,2.0,52.3,osrm_real
0514710000000000020625,2.3,11.2,2.3,52.6,osrm_real
0514710000000000020724,2.0,11.6,2.9,53.0,osrm_real
0514710000000000030433,0.3,9.8,2.1,51.2,osrm_real
0549010000000000010322,43.1,43.2,25.4,54.1,osrm_real
0549010000000000010606,52.0,52.1,34.3,63.0,osrm_real
0549010000000000010713,44.3,44.4,26.5,55.2,osrm_real
0549010000000000010807,44.8,44.9,27.1,55.8,osrm_real
0565920010100100010126,11.3,11.3,12.1,94.5,osrm_real
0565920010100100010127,11.6,11.6,12.4,94.8,osrm_real
0566520040200200010103,25.5,25.5,25.6,163.2,osrm_real
0583720090700100020354,2.9,15.3,19.6,29.3,osrm_real
0583720090700100020416,2.5,14.4,18.9,28.6,osrm_real
0583720090700100020505,1.6,13.6,18.0,27.7,osrm_real
0583720100700200010202,23.9,24.0,43.0,52.6,osrm_real
0583720100700200010308,24.1,24.2,43.2,52.8,osrm_real
0583720100700200020126,23.2,23.3,42.3,51.9,osrm_real
0583720100400800010201,7.1,6.5,25.5,35.2,osrm_real
0583720100400800010211,7.0,6.4,25.4,35.1,osrm_real
0583720070201200010125,24.1,24.1,148.9,157.7,osrm_real
0514710000000000010505,3.4,9.5,1.7,50.9,osrm_real
0514710000000000010811,2.0,8.7,1.3,50.1,osrm_real
0514710000000000020213,4.6,11.8,2.9,53.2,osrm_real
0514710000000000020312,3.0,10.7,1.8,52.1,osrm_real
0514710000000000020901,4.6,11.8,2.9,53.3,osrm_real
0514710000000000030121,1.4,9.0,1.9,50.4,osrm_real
0514710000000000030541,1.0,10.1,2.5,51.5,osrm_real
0514720011001000010109,6.8,6.2,6.5,48.1,osrm_real
0517210000000000010212,12.3,37.1,2.4,59.7,osrm_real
0517210000000000010505,11.0,35.8,2.5,58.4,osrm_real
0517210000000000010534,12.2,36.9,1.9,59.6,osrm_real
0517210000000000020224,11.6,36.4,1.3,59.0,osrm_real
0517210000000000020228,10.9,35.7,0.3,58.3,osrm_real
0517210000000000050311,10.6,35.4,2.9,58.0,osrm_real
0517210000000000050409,10.6,35.3,2.8,58.0,osrm_real
0517210000000000050526,9.9,34.6,2.2,57.3,osrm_real
0517210000000000050703,12.0,36.8,4.2,59.4,osrm_real
0517210000000000060105,9.8,34.5,1.9,57.2,osrm_real
0517210000000000060806,10.9,35.7,2.3,58.4,osrm_real
0517210000000000060807,11.0,35.8,2.5,58.4,osrm_real
0517210000000000060903,12.0,36.8,2.6,59.5,osrm_real
0517210000000000061019,11.3,36.1,3.6,58.8,osrm_real
0549020050300500010211,43.5,43.5,48.4,77.1,osrm_real
0565910000000000010618,2.0,2.0,2.5,98.6,osrm_real
0565910000000000010805,2.2,2.2,3.0,98.7,osrm_real
0583720110201800010124,48.0,59.8,64.5,74.1,osrm_real
0504520020300900010303,7.6,4.1,11.6,46.2,osrm_real
0504520020300900010301,7.3,3.8,11.2,45.9,osrm_real
0504520050300100010104,23.0,22.4,24.9,63.2,osrm_real
0504520020300900010310,7.5,4.0,11.4,46.1,osrm_real
0505110000000000010211,0.6,0.8,1.3,110.8,osrm_real
0505110000000000010341,1.5,1.4,1.0,110.5,osrm_real
0505110000000000011102,1.6,1.5,1.1,110.4,osrm_real
0505120020500300010101,67.9,67.9,57.3,154.8,osrm_real
0505120020500300010112,68.2,68.2,57.6,155.1,osrm_real
0505120060600500010105,68.5,68.5,81.3,178.9,osrm_real
0505120030101100010115,47.6,47.6,47.2,128.6,osrm_real
0517220060501400010101,18.9,43.7,11.2,66.3,osrm_real
0549010000000000010915,45.1,45.1,27.3,56.0,osrm_real
0549020120600100010222,31.3,31.3,32.5,42.2,osrm_real
0549010000000000010122,45.5,45.5,27.7,56.4,osrm_real
0549010000000000010221,43.2,43.3,25.5,54.2,osrm_real
0549020120300300010128,61.5,40.9,2.0,72.5,osrm_real
0549020050300500010201,43.6,43.6,48.5,77.2,osrm_real
0549020040400900010127,34.9,34.9,42.5,71.2,osrm_real
0565920010100500010122,9.8,9.8,10.7,93.5,osrm_real
0565910000000000010111,0.8,0.8,1.4,97.7,osrm_real
0565920010100500010115,10.0,10.0,10.8,93.7,osrm_real
0566510000000000010156,1.0,1.8,1.4,139.9,osrm_real
0566510000000000010316,1.6,1.6,1.8,139.6,osrm_real
0566510000000000010352,0.8,0.8,0.5,138.8,osrm_real
0566510000000000010727,0.7,1.4,1.0,139.5,osrm_real
0566510000000000010810,0.2,0.2,0.4,138.3,osrm_real
0566510000000000010819,1.0,1.0,1.1,138.6,osrm_real
0566510000000000010850,0.8,0.8,0.8,138.5,osrm_real
0583720090700100010114,1.5,14.2,17.6,27.2,osrm_real
0583720090700100010125,1.7,13.9,17.4,27.0,osrm_real
0583720090700100010408,2.0,14.7,18.1,27.8,osrm_real
0583720090700100020347,3.2,15.6,19.9,29.6,osrm_real
0583720100700200010104,24.4,24.4,43.4,53.1,osrm_real
0583720100700200010502,23.6,23.7,42.7,52.4,osrm_real
0583720100700200020521,21.4,21.4,40.4,50.1,osrm_real
0583720090600300010107,11.1,11.1,13.9,23.6,osrm_real
0583720090600300010330,8.3,8.6,11.4,21.1,osrm_real
0583720100400800010212,7.0,6.4,25.5,35.1,osrm_real
0583720020101300010202,26.9,0.8,103.0,111.8,osrm_real
0583720090602600010101,6.5,10.5,12.9,22.6,osrm_real
0583720090103900010116,9.0,9.1,11.2,20.0,osrm_real
0504520010301100010231,6.6,7.3,8.7,42.2,osrm_real
0505120030200800010103,56.2,56.2,59.3,130.2,osrm_real
0514710000000000010603,3.2,10.1,1.6,51.5,osrm_real
0514710000000000020110,3.5,10.7,1.7,52.1,osrm_real
0514710000000000030302,1.7,8.7,1.3,50.1,osrm_real
0549010000000000010319,42.9,43.0,25.2,53.9,osrm_real
0549010000000000010602,52.2,52.2,34.4,63.1,osrm_real
0549020120300300010109,61.4,39.0,0.3,72.3,osrm_real
0549020090501500010123,75.7,64.8,29.8,96.7,osrm_real
0583720090700100010136,1.5,14.1,17.5,27.1,osrm_real
0583720090700100020311,2.0,14.5,18.6,28.3,osrm_real
0583720090600300010117,10.4,10.4,13.2,22.8,osrm_real
0583720090600300010332,8.1,8.4,11.2,20.8,osrm_real
0583720090302500010102,4.8,4.8,6.3,15.1,osrm_real
0583720090503500010104,20.2,19.3,21.7,31.4,osrm_real
0514710000000000010819,1.9,8.8,1.2,50.2,osrm_real
0514710000000000020232,6.0,13.2,4.2,54.6,osrm_real
0514710000000000020234,5.6,12.8,3.9,54.2,osrm_real
0514710000000000030509,0.9,10.0,2.4,51.4,osrm_real
0514710000000000030630,1.8,11.4,2.7,52.8,osrm_real
0514720011001000010124,6.7,6.1,6.4,48.0,osrm_real
0514720011001000010126,6.6,5.9,6.3,47.8,osrm_real
0517210000000000010323,11.9,36.7,2.4,59.4,osrm_real
0517210000000000020220,11.4,36.2,1.1,58.8,osrm_real
0517210000000000030215,9.3,34.1,1.6,56.7,osrm_real
0517210000000000050314,10.4,35.2,2.7,57.9,osrm_real
0517210000000000050414,10.1,34.9,2.3,57.5,osrm_real
0517210000000000060907,12.3,37.1,2.7,59.7,osrm_real
0549020030200400010121,12.8,12.8,57.5,86.2,osrm_real
0565910000000000010137,2.5,2.5,2.4,99.4,osrm_real
0565910000000000010608,1.5,1.5,2.0,98.1,osrm_real
0583720110201800010114,47.0,58.7,63.4,73.1,osrm_real
0583720110201800010327,48.9,62.2,65.4,75.0,osrm_real
0505110000000000011031,0.4,0.3,0.9,109.6,osrm_real
0514710000000000010336,3.0,7.4,2.7,48.8,osrm_real
0514710000000000020603,2.2,11.0,1.6,52.4,osrm_real
0549010000000000010217,43.4,43.5,25.7,54.4,osrm_real
0549020030300200010126,23.6,23.6,51.8,80.5,osrm_real
0549020040400900010101,34.8,34.8,43.8,72.5,osrm_real
0549020120801600010103,53.5,26.6,13.1,85.1,osrm_real
0583720100700200020212,23.1,23.1,42.1,51.8,osrm_real
0583720090600300010121,11.3,11.3,14.1,23.8,osrm_real
0505110000000000010324,1.6,1.5,1.1,110.9,osrm_real
0505110000000000010519,0.9,0.8,1.4,109.4,osrm_real
0505120030101100010126,47.2,47.2,46.0,128.2,osrm_real
0514710000000000010113,1.5,8.7,1.4,50.2,osrm_real
0514710000000000020203,4.9,12.1,3.1,53.5,osrm_real
0514710000000000020714,1.3,10.9,2.2,52.3,osrm_real
0514720010601300010112,13.1,13.1,18.1,59.6,osrm_real
0549010000000000010125,44.2,44.3,26.4,55.2,osrm_real
0549010000000000010305,43.5,43.6,25.8,54.5,osrm_real
0549020120600100010210,31.0,31.1,32.1,42.0,osrm_real
0549020120600100010307,31.6,31.6,32.6,42.5,osrm_real
0549020030300200010121,24.0,24.0,52.1,80.8,osrm_real
0549020120600600010112,36.0,36.1,27.3,47.0,osrm_real
0549020120600600010113,36.1,36.1,27.5,47.0,osrm_real
0549020040400900010105,35.1,35.1,44.1,72.8,osrm_real
0549020090501500010116,75.4,65.1,30.1,97.1,osrm_real
0566510000000000010733,1.0,1.8,1.3,139.8,osrm_real
0566520020300300010109,68.3,68.3,68.3,205.9,osrm_real
0566520010100400010107,75.9,75.9,76.0,213.6,osrm_real
0583720090700100010706,1.3,12.5,17.8,27.4,osrm_real
0583720090700100020114,1.1,12.7,17.5,27.2,osrm_real
0583720090700100020227,1.0,13.4,17.5,27.1,osrm_real
0583720090700100020412,2.0,14.0,18.5,28.1,osrm_real
0583720100700200010309,24.2,24.3,43.3,52.9,osrm_real
0583720100700200020121,22.5,22.5,41.5,51.2,osrm_real
0583720100700200020410,22.6,22.6,41.6,51.3,osrm_real
0583720100700200020411,22.4,22.4,41.5,51.1,osrm_real
0583720090600300010118,10.7,10.7,13.5,23.2,osrm_real
0583720030700600010112,20.7,20.8,22.9,31.7,osrm_real
0583720100400800010214,7.0,6.4,25.4,35.1,osrm_real
0583720080301000010105,8.7,8.7,10.2,19.1,osrm_real
0583720070201200010122,23.9,23.9,148.7,157.5,osrm_real
0583720020101300010105,27.0,0.6,103.0,111.9,osrm_real
0583720030803200010104,16.9,17.0,19.0,27.8,osrm_real
0514710000000000010109,1.6,8.7,1.5,50.1,osrm_real
0514710000000000010230,2.9,7.3,2.6,48.8,osrm_real
0514710000000000010604,2.6,10.0,1.0,51.4,osrm_real
0514710000000000020242,5.7,12.9,4.0,54.3,osrm_real
0514710000000000020315,2.4,10.9,1.3,52.3,osrm_real
0514710000000000020421,1.8,10.6,1.3,52.0,osrm_real
0514710000000000020504,1.4,10.2,1.3,51.7,osrm_real
0514710000000000030312,0.9,9.8,1.1,51.2,osrm_real
0514710000000000030401,0.7,9.3,1.8,50.7,osrm_real
0514710000000000030551,1.5,10.7,3.1,52.1,osrm_real
0514710000000000030620,1.8,11.4,2.7,52.8,osrm_real
0514710000000000030629,1.7,11.3,2.6,52.7,osrm_real
0514720011001000010123,6.7,6.0,6.4,47.9,osrm_real
0514720011001000010136,6.3,5.6,6.0,47.5,osrm_real
0517210000000000010216,12.7,37.5,2.8,60.1,osrm_real
0517210000000000010622,11.7,36.5,1.4,59.1,osrm_real
0517210000000000010710,13.2,38.0,3.7,60.6,osrm_real
0517210000000000020234,12.2,37.0,2.0,59.6,osrm_real
0517210000000000020433,12.1,36.9,1.9,59.5,osrm_real
0517210000000000020504,12.2,37.0,2.0,59.6,osrm_real
0517210000000000050109,9.5,34.3,2.2,56.9,osrm_real
0517210000000000050301,10.4,35.2,2.6,57.8,osrm_real
0517210000000000050606,9.7,34.4,2.0,57.1,osrm_real
0517210000000000060222,10.2,35.0,2.4,57.6,osrm_real
0517210000000000060618,11.3,36.1,3.0,58.7,osrm_real
0549020030200400010128,12.2,12.2,56.9,85.6,osrm_real
0565910000000000010144,2.7,2.7,2.6,99.6,osrm_real
0566510000000000011006,1.6,1.6,2.1,137.0,osrm_real
0566510000000000020108,2.5,3.3,2.9,141.4,osrm_real
0505120020500300010120,67.1,67.1,56.5,154.1,osrm_real
0504520010301100010232,6.5,7.2,8.6,42.1,osrm_real
0504520030101500010101,6.0,2.8,9.1,43.7,osrm_real
0505110000000000010136,0.6,1.2,1.1,111.3,osrm_real
0505110000000000010301,0.8,0.7,0.4,110.9,osrm_real
0505110000000000010403,0.3,0.3,0.7,110.3,osrm_real
0505110000000000010548,0.9,1.2,1.8,109.7,osrm_real
0505110000000000011001,0.6,0.6,1.1,109.8,osrm_real
0505110000000000011126,1.6,1.6,1.2,110.1,osrm_real
0517220100400700010109,19.2,25.2,11.5,66.7,osrm_real
0549010000000000010802,44.4,44.5,26.6,55.4,osrm_real
0549010000000000010903,45.1,45.1,27.3,56.0,osrm_real
0549010000000000010909,45.1,45.2,27.3,56.0,osrm_real
0549020040400900010104,34.4,34.4,43.4,72.1,osrm_real
0549020120101100010105,44.4,44.5,29.7,55.4,osrm_real
0549020120301300010101,73.4,49.4,10.4,76.3,osrm_real
0565920010300300010115,8.1,8.1,8.9,96.6,osrm_real
0566510000000000010417,1.7,2.5,2.1,140.6,osrm_real
0566510000000000020102,1.4,2.2,1.8,140.3,osrm_real
0566520040200200010111,24.7,24.7,24.8,162.3,osrm_real
0583720100700200010113,24.3,24.3,43.3,53.0,osrm_real
0583720100700200010315,23.9,23.9,42.9,52.6,osrm_real
0583720100700200020402,22.6,22.7,41.7,51.4,osrm_real
0583720090600300010345,7.0,11.0,13.5,23.1,osrm_real
0583720050200500010121,14.2,14.2,138.9,147.7,osrm_real
0583720020101300010203,26.1,0.2,103.2,112.0,osrm_real
0583720090302500010106,3.7,4.3,5.8,14.6,osrm_real
0583720090602600010109,8.5,12.4,14.9,24.5,osrm_real
0583720030802900010127,14.8,14.8,16.9,25.7,osrm_real
0583720030802900010128,15.0,15.0,17.1,25.9,osrm_real
0504520050300100010110,22.9,22.3,24.8,63.2,osrm_real
0505110000000000011008,0.8,1.4,1.0,111.0,osrm_real
0505120020500300010113,68.6,68.6,58.0,155.5,osrm_real
0514710000000000020606,1.9,10.7,1.6,52.1,osrm_real
0514710000000000030633,1.9,11.4,2.7,52.8,osrm_real
0514720010601300010102,13.0,13.0,17.9,59.5,osrm_real
0549010000000000010101,46.4,46.5,28.6,57.3,osrm_real
0549020120600100010220,31.6,31.6,32.9,42.5,osrm_real
0566510000000000010631,0.4,1.2,0.8,139.3,osrm_real
0566510000000000010901,1.5,2.3,1.9,140.4,osrm_real
0566510000000000030109,0.7,0.7,0.9,138.8,osrm_real
0566520010100400010116,74.7,74.7,74.8,212.3,osrm_real
0583720090700100010219,2.4,14.0,17.5,27.1,osrm_real
0583720090700100020204,1.4,14.4,18.1,27.8,osrm_real
0583720100700200010516,22.6,22.7,41.7,51.3,osrm_real
0583720100700200020220,22.6,22.7,41.7,51.3,osrm_real
0583720100700200020312,22.5,22.5,41.5,51.2,osrm_real
0583720090600300010314,7.1,10.8,13.6,23.2,osrm_real
0583720090402400010125,3.9,3.9,6.7,16.4,osrm_real
0583720090602600010119,6.9,10.9,13.3,23.0,osrm_real
0514710000000000010201,3.8,8.2,3.5,49.6,osrm_real
0514710000000000010509,2.8,9.2,1.3,50.6,osrm_real
0514710000000000020201,4.6,11.8,2.8,53.2,osrm_real
0514710000000000030205,1.3,8.9,1.8,50.3,osrm_real
0517210000000000010206,12.1,36.9,2.8,59.5,osrm_real
0517210000000000010404,11.3,36.1,3.4,58.7,osrm_real
0517210000000000050812,9.7,34.5,1.9,57.1,osrm_real
0517210000000000060503,10.7,35.4,2.0,58.1,osrm_real
0517210000000000060923,12.7,37.5,2.8,60.1,osrm_real
0565910000000000010413,1.0,1.0,1.5,98.8,osrm_real
0514710000000000010515,2.8,9.5,1.1,50.9,osrm_real
0514710000000000010524,4.3,10.3,2.7,51.7,osrm_real
0514710000000000010722,2.2,10.7,1.2,52.1,osrm_real
0514710000000000030235,1.8,9.0,2.7,50.4,osrm_real
0514720011001000010138,6.2,5.5,5.9,47.4,osrm_real
0517210000000000010808,15.6,40.4,5.7,63.0,osrm_real
0517210000000000020503,12.4,37.1,2.1,59.8,osrm_real
0517210000000000050521,9.7,34.5,2.1,57.1,osrm_real
0517210000000000060414,11.1,35.9,1.3,58.5,osrm_real
0517210000000000060901,12.1,36.9,2.3,59.5,osrm_real
0565910000000000010229,1.5,1.5,0.8,98.8,osrm_real
0583720110201800010208,47.8,61.1,64.3,73.9,osrm_real
0583720110201800010310,47.6,60.9,64.0,73.7,osrm_real
0504520020300900010120,7.4,4.1,11.6,46.2,osrm_real
0505110000000000011038,1.3,2.1,1.7,110.6,osrm_real
0514710000000000010809,2.1,8.5,1.5,49.9,osrm_real
0514710000000000020617,2.0,10.9,1.9,52.3,osrm_real
0514710000000000030636,2.0,11.6,2.9,53.0,osrm_real
0549010000000000010432,42.8,42.9,25.0,53.8,osrm_real
0549020120300300010131,61.1,40.3,1.9,72.0,osrm_real
0566510000000000010206,0.2,1.0,0.6,139.1,osrm_real
0583720090700100010126,1.5,14.2,17.5,27.2,osrm_real
0504520010301100010112,4.9,5.5,7.0,40.4,osrm_real
0505120040101000010103,68.6,68.6,68.1,141.6,osrm_real
0505120040101000010110,69.2,69.2,68.7,140.9,osrm_real
0514710000000000030607,1.3,10.9,2.5,52.3,osrm_real
0517220060501400010104,19.2,43.9,11.4,66.6,osrm_real
0549010000000000010216,43.9,43.9,26.1,54.8,osrm_real
0549010000000000010223,43.1,43.1,25.3,54.0,osrm_real
0549010000000000010435,42.5,42.6,24.7,53.5,osrm_real
0549010000000000010503,42.2,42.2,24.4,53.1,osrm_real
0549020120600100010113,30.2,30.3,31.5,41.1,osrm_real
0549020120600100010412,31.1,31.1,31.0,42.0,osrm_real
0549020120300300010138,61.5,40.2,2.3,72.5,osrm_real
0549020120600600010119,37.5,37.6,28.0,48.5,osrm_real
0549020120100700010112,40.2,40.2,22.0,51.1,osrm_real
0549020090501500010122,75.7,65.0,30.0,97.0,osrm_real
0565910000000000010507,0.4,0.4,3.3,100.5,osrm_real
0565920020500200010103,22.8,22.8,23.6,119.3,osrm_real
0565920020300400010105,47.9,47.9,48.8,130.6,osrm_real
0566510000000000010210,0.5,1.3,0.9,139.4,osrm_real
0566510000000000010505,0.5,0.7,0.2,138.7,osrm_real
0566510000000000010843,0.8,0.8,0.5,138.8,osrm_real
0566520020300300010107,68.4,68.4,68.5,206.1,osrm_real
0583720090700100010213,1.9,14.6,18.2,27.9,osrm_real
0583720090700100010420,2.2,14.7,18.1,27.8,osrm_real
0583720090700100010606,0.8,12.3,17.3,26.9,osrm_real
0583720090700100020424,3.0,15.0,19.5,29.1,osrm_real
0583720090700100020435,3.4,15.9,20.1,29.8,osrm_real
0583720100700200020318,22.4,22.5,41.5,51.1,osrm_real
0583720100400800010116,7.3,7.5,26.5,36.2,osrm_real
0583720100400800010315,7.0,6.5,25.5,35.1,osrm_real
0583720030802900010101,15.5,15.6,17.6,26.4,osrm_real
0583720030802900010121,15.0,15.1,17.1,26.0,osrm_real
0583720010204000010105,11.0,11.0,118.9,127.7,osrm_real
0549010000000000010831,44.7,44.7,26.9,55.6,osrm_real
0505110000000000010515,0.7,0.6,1.2,109.7,osrm_real
0514710000000000010136,1.9,8.0,2.1,49.4,osrm_real
0514710000000000020119,3.4,10.5,1.7,51.9,osrm_real
0549010000000000010816,44.7,44.8,26.9,55.6,osrm_real
0549020120600100010424,30.7,30.8,30.7,41.7,osrm_real
0583720090700100020523,1.7,13.4,18.2,27.8,osrm_real
0583720070201200010132,24.3,24.3,149.0,157.9,osrm_real
0583720030802900010129,14.9,15.0,17.0,25.8,osrm_real
0514710000000000010818,2.0,8.8,1.1,50.3,osrm_real
0514710000000000020122,4.4,11.6,2.7,53.0,osrm_real
0514710000000000020505,0.3,9.8,1.6,51.2,osrm_real
0514710000000000030534,0.8,9.9,2.4,51.3,osrm_real
0517210000000000010115,11.3,36.0,3.3,58.7,osrm_real
0517210000000000010118,12.5,37.3,3.4,59.9,osrm_real
0517210000000000010602,10.9,35.7,2.5,58.3,osrm_real
0517210000000000020233,11.9,36.7,1.7,59.4,osrm_real
0517210000000000020327,9.6,34.4,1.1,57.0,osrm_real
0517210000000000020329,10.2,35.0,1.2,57.6,osrm_real
0517210000000000020416,12.0,36.8,1.8,59.4,osrm_real
0517210000000000030111,9.9,34.7,2.5,57.3,osrm_real
0517210000000000030204,10.4,35.2,2.0,57.8,osrm_real
0517210000000000050321,11.1,35.8,3.3,58.5,osrm_real
0517210000000000060215,10.7,35.5,2.9,58.1,osrm_real
0517210000000000060430,11.2,36.0,1.5,58.6,osrm_real
0517210000000000060924,12.9,37.7,2.9,60.3,osrm_real
0517210000000000060927,12.5,37.3,2.7,59.9,osrm_real
0549020030200400010102,13.7,13.7,58.3,87.0,osrm_real
0565910000000000010303,0.4,0.4,1.0,98.3,osrm_real
0566510000000000030114,1.0,1.0,1.2,139.0,osrm_real
0514710000000000030606,1.4,11.0,2.2,52.4,osrm_real
0549010000000000010714,44.3,44.3,26.5,55.2,osrm_real
0549020030300200010116,23.3,23.3,51.4,80.1,osrm_real
0549020030300200010219,21.7,21.7,49.8,78.5,osrm_real
0549020120600600010102,35.6,35.7,26.9,46.6,osrm_real
0565920010200600010102,6.4,6.4,7.3,94.0,osrm_real
0566510000000000020124,3.3,3.9,3.5,142.0,osrm_real
0566520010100400010106,76.0,76.0,76.0,213.6,osrm_real
0583720090700100010209,0.7,13.5,17.0,26.6,osrm_real
0583720100700200010412,23.1,23.2,42.2,51.8,osrm_real
0583720030802900010123,14.8,14.9,16.9,25.8,osrm_real
0504520020300900010306,7.3,3.8,11.2,45.9,osrm_real
0505110000000000010132,0.3,1.2,1.1,111.5,osrm_real
0505110000000000010143,0.4,1.4,1.3,111.5,osrm_real
0505110000000000010203,0.0,0.7,1.2,110.7,osrm_real
0505110000000000010413,0.6,0.6,1.1,110.1,osrm_real
0505110000000000010516,1.0,0.9,1.5,109.7,osrm_real
0505110000000000011026,1.3,1.9,1.6,110.8,osrm_real
0505120020500300010109,67.7,67.7,57.1,154.7,osrm_real
0505120050401400010103,45.7,45.7,80.8,178.4,osrm_real
0514710000000000010313,2.9,7.7,2.5,49.1,osrm_real
0514710000000000020222,5.4,12.6,3.7,54.0,osrm_real
0514710000000000020705,2.0,11.5,2.5,52.9,osrm_real
0514720010601300010111,12.4,12.4,17.4,58.9,osrm_real
0517220100400700010107,22.5,28.5,14.8,69.9,osrm_real
0549020120600600010101,35.8,35.8,27.1,46.7,osrm_real
0549010000000000010215,43.9,43.9,26.1,54.8,osrm_real
0549010000000000010324,42.9,42.9,25.1,53.8,osrm_real
0549010000000000010405,42.8,42.9,25.0,53.7,osrm_real
0549010000000000010510,42.5,42.6,24.7,53.5,osrm_real
0549010000000000010604,50.8,50.8,33.0,61.7,osrm_real
0549010000000000010911,45.0,45.1,27.2,55.9,osrm_real
0549020120600100010213,31.8,31.8,32.8,42.7,osrm_real
0549020120600100010216,30.7,30.8,31.8,41.6,osrm_real
0549020120600100010416,30.8,30.9,31.4,41.8,osrm_real
0565920010300300010138,7.9,7.9,8.8,97.4,osrm_real
0565910000000000010207,0.6,0.6,0.4,98.0,osrm_real
0566510000000000010356,1.8,1.8,2.0,139.8,osrm_real
0566510000000000010543,0.5,0.5,0.2,138.6,osrm_real
0566510000000000011019,2.1,2.1,2.6,137.0,osrm_real
0566510000000000020107,2.0,2.7,2.2,140.7,osrm_real
0566520040200800010105,37.7,37.7,37.7,171.6,osrm_real
0566520040200800010114,37.6,37.6,37.6,171.4,osrm_real
0583720090700100010116,2.1,14.1,17.5,27.2,osrm_real
0583720090700100010518,0.3,12.8,16.7,26.4,osrm_real
0583720090700100010601,0.8,12.7,17.3,26.9,osrm_real
0583720090700100020122,1.0,12.1,17.5,27.1,osrm_real
0583720090700100020327,3.3,15.8,20.0,29.7,osrm_real
0583720100700200020518,21.9,21.9,40.9,50.6,osrm_real
0583720050200500010103,14.3,14.3,139.1,147.9,osrm_real
0583720100400800010109,7.3,7.5,26.5,36.1,osrm_real
0583720030803200010105,16.7,16.7,18.8,27.6,osrm_real
0583720090503500010106,20.2,19.3,21.7,31.4,osrm_real
0583720010203800010112,5.9,5.9,130.7,139.5,osrm_real
0514710000000000010517,2.3,9.3,0.4,50.7,osrm_real
0514710000000000020204,5.0,12.2,3.3,53.6,osrm_real
0514710000000000020205,5.5,12.7,3.7,54.1,osrm_real
0514710000000000030223,1.6,8.8,2.3,50.2,osrm_real
0514710000000000030314,1.7,9.5,0.7,50.9,osrm_real
0514710000000000030554,1.4,10.8,3.0,52.2,osrm_real
0514710000000000030614,1.5,11.1,2.6,52.5,osrm_real
0514720011001000010140,6.1,5.5,5.8,47.4,osrm_real
0517210000000000020218,11.2,36.0,0.9,58.6,osrm_real
0517210000000000020314,10.2,34.9,0.6,57.6,osrm_real
0517210000000000020319,10.1,34.9,1.1,57.5,osrm_real
0517210000000000020409,11.9,36.6,1.6,59.3,osrm_real
0517210000000000020412,11.8,36.6,1.6,59.2,osrm_real
0517210000000000030112,10.2,35.0,2.4,57.6,osrm_real
0517210000000000030206,10.0,34.7,1.6,57.4,osrm_real
0517210000000000060103,10.0,34.8,1.2,57.4,osrm_real
0517210000000000060433,10.9,35.7,1.0,58.3,osrm_real
0517210000000000060207,10.4,35.2,2.6,57.8,osrm_real
0517210000000000060424,11.8,36.5,1.6,59.2,osrm_real
0517210000000000060805,11.7,36.5,2.5,59.1,osrm_real
0517210000000000060810,11.2,36.0,2.7,58.6,osrm_real
0517210000000000061016,11.4,36.2,3.7,58.8,osrm_real
0549020030200400010130,12.7,12.7,57.5,86.2,osrm_real
0565910000000000010116,0.6,0.6,1.4,97.0,osrm_real
0565910000000000010711,1.4,1.4,1.9,98.1,osrm_real
0583720110201800010218,48.7,62.0,65.1,74.8,osrm_real
0505120030200800010106,56.0,56.0,59.0,130.0,osrm_real
0504520020500200010301,8.3,10.0,11.4,42.6,osrm_real
0504520020300900010223,9.5,6.0,13.4,48.1,osrm_real
0505110000000000010546,1.0,1.5,1.5,110.0,osrm_real
0505110000000000011007,0.8,1.1,0.7,110.7,osrm_real
0514710000000000010804,2.5,8.6,1.5,50.0,osrm_real
0514710000000000020604,2.2,11.0,1.6,52.4,osrm_real
0514710000000000030632,1.9,11.4,2.7,52.8,osrm_real
0549020120600100010231,31.0,31.1,32.1,42.0,osrm_real
0549020030300200010123,24.0,24.0,52.1,80.8,osrm_real
0549020120100700010102,39.9,39.9,21.7,50.8,osrm_real
0565920010100100010112,11.9,11.9,12.7,95.1,osrm_real
0565920010100100010128,11.9,11.9,12.8,95.1,osrm_real
0566510000000000010538,0.9,1.3,0.9,139.4,osrm_real
0583720090600300010206,10.9,10.9,13.8,23.4,osrm_real
0583720100400800010303,7.1,6.6,25.6,35.2,osrm_real
0583720090700100010318,2.0,14.3,17.8,27.4,osrm_real
0583720100700200010522,23.1,23.2,42.2,51.8,osrm_real
0583720020101300010118,26.7,0.4,103.0,111.8,osrm_real
0583720090302300010104,4.7,4.7,7.5,17.1,osrm_real
0504520020300900010206,8.9,5.4,12.8,47.5,osrm_real
0504520010101600010106,41.8,41.7,42.4,70.3,osrm_real
0505120030200800010110,55.9,55.9,58.9,129.8,osrm_real
0514710000000000030536,1.0,10.0,2.5,51.5,osrm_real
0517220060601500010103,15.3,40.1,7.5,62.7,osrm_real
0549020050300500010104,44.0,44.0,49.0,77.7,osrm_real
0549010000000000010202,44.1,44.2,26.4,55.1,osrm_real
0549010000000000010335,43.3,43.4,25.6,54.3,osrm_real
0549010000000000010827,44.7,44.8,27.0,55.7,osrm_real
0549020120300300010115,61.3,38.8,0.2,72.2,osrm_real
0549020040400900010121,34.4,34.4,42.6,71.3,osrm_real
0549020090501500010127,75.8,64.6,29.6,96.6,osrm_real
0565910000000000010209,0.2,0.2,0.8,97.5,osrm_real
0566520020300300010110,68.2,68.2,68.2,205.8,osrm_real
0583720090700100010418,2.4,14.9,18.4,28.0,osrm_real
0514710000000000010408,2.0,8.5,1.6,50.0,osrm_real
0514710000000000010521,2.8,10.0,1.2,51.4,osrm_real
0514710000000000010718,2.6,10.7,1.6,52.1,osrm_real
0514710000000000010816,2.5,9.2,0.9,50.6,osrm_real
0514710000000000020218,4.1,11.3,2.4,52.7,osrm_real
0514710000000000020801,4.9,12.1,3.2,53.5,osrm_real
0517210000000000010104,11.8,36.6,3.6,59.2,osrm_real
0517210000000000010122,12.3,37.1,4.4,59.7,osrm_real
0517210000000000010610,11.2,36.0,1.2,58.6,osrm_real
0517210000000000020307,10.7,35.4,0.4,58.1,osrm_real
0517210000000000020310,10.1,34.9,1.2,57.5,osrm_real
0517210000000000020323,10.2,35.0,1.2,57.6,osrm_real
0517210000000000020333,10.3,35.1,0.4,57.8,osrm_real
0517210000000000030116,9.7,34.5,2.3,57.1,osrm_real
0517210000000000050401,10.6,35.4,2.8,58.0,osrm_real
0517210000000000050802,9.9,34.7,2.1,57.3,osrm_real
0517210000000000060513,11.2,36.0,2.1,58.6,osrm_real
0517210000000000060908,12.2,36.9,2.3,59.6,osrm_real
0549020030200400010105,13.8,13.8,58.4,87.1,osrm_real
0549020030200400010108,13.8,13.8,58.5,87.2,osrm_real
0549020050300500010214,43.6,43.6,48.5,77.2,osrm_real
0565910000000000010218,0.6,0.6,1.3,97.1,osrm_real
0505120060600500010101,68.2,68.2,81.1,178.6,osrm_real
0504520050300100010108,22.1,21.4,23.9,62.3,osrm_real
0504520030101500010114,6.2,3.0,9.3,43.9,osrm_real
0505110000000000010610,2.2,2.8,2.7,110.0,osrm_real
0514710000000000030415,0.5,9.9,2.3,51.3,osrm_real
0549020120600100010206,31.0,31.1,32.1,41.9,osrm_real
0549020120301400010101,59.2,43.1,4.1,70.1,osrm_real
0565920020500200010102,23.0,23.0,23.8,119.5,osrm_real
0566510000000000020114,2.0,2.6,2.2,140.7,osrm_real
0583720090600300010306,7.2,10.9,13.7,23.4,osrm_real
0583720100400800010404,7.5,7.6,26.7,36.3,osrm_real
0504520010101600010110,41.3,41.2,41.9,69.9,osrm_real
0504520020300900010111,7.1,3.5,10.9,45.5,osrm_real
0504520010301100010107,5.8,5.6,7.0,40.4,osrm_real
0504520030101500010122,6.6,3.4,9.7,44.4,osrm_real
0505110000000000010320,1.3,1.2,0.8,110.7,osrm_real
0505110000000000010347,1.7,1.6,1.3,110.7,osrm_real
0505110000000000010708,0.6,1.2,1.2,111.5,osrm_real
0505120040101000010112,68.9,68.9,68.4,141.6,osrm_real
0505120030101100010122,46.2,46.2,46.8,127.1,osrm_real
0505120030101100010129,47.4,47.4,46.3,128.3,osrm_real
0514710000000000010209,2.4,7.8,2.1,49.3,osrm_real
0514710000000000020402,1.6,10.2,0.6,51.6,osrm_real
0514710000000000020611,2.0,10.9,2.0,52.3,osrm_real
0514710000000000030218,0.8,9.3,2.0,50.7,osrm_real
0583720090700100010402,2.0,14.5,17.9,27.6,osrm_real
0549020120600100010109,30.1,30.2,30.9,41.1,osrm_real
0549010000000000010113,44.3,44.3,26.5,55.2,osrm_real
0549010000000000010213,43.2,43.3,25.5,54.2,osrm_real
0549010000000000010438,43.2,43.2,25.4,54.1,osrm_real
0549020030300200010215,21.6,21.6,49.7,78.4,osrm_real
0549020090200800010110,55.1,55.1,53.9,92.8,osrm_real
0549020090200800010111,55.0,55.0,53.9,92.7,osrm_real
0549020090501500010101,75.1,66.1,31.1,98.1,osrm_real
0549020090501500010104,75.1,66.1,31.1,98.1,osrm_real
0566510000000000010163,1.4,2.2,1.7,140.2,osrm_real
0566510000000000010821,0.8,0.8,0.9,138.6,osrm_real
0566510000000000011021,2.0,2.0,2.5,137.1,osrm_real
0566520040200200010105,25.5,25.5,25.6,163.1,osrm_real
0583720090700100010210,0.6,13.4,17.0,26.6,osrm_real
0583720090700100010613,1.4,12.8,17.8,27.5,osrm_real
0583720090700100010730,1.9,12.4,18.4,28.0,osrm_real
0583720090700100020316,2.6,14.7,19.2,28.8,osrm_real
0583720090700100020375,3.2,15.6,19.9,29.5,osrm_real
0583720100700200020122,22.6,22.7,41.7,51.3,osrm_real
0583720090600300010343,6.7,10.7,13.2,22.8,osrm_real
0583720100400800010419,8.4,7.8,26.8,36.5,osrm_real
0583720100400800010424,7.5,7.7,26.7,36.4,osrm_real
0583720080301000010120,8.1,8.1,9.6,18.5,osrm_real
0583720080301000010126,8.1,8.1,9.7,18.5,osrm_real
0583720020101300010120,26.7,0.4,103.2,112.0,osrm_real
0583720050202800010108,38.5,38.5,163.3,172.1,osrm_real
0514710000000000030209,0.8,9.2,1.8,50.6,osrm_real
0517210000000000020212,10.9,35.7,0.6,58.3,osrm_real
0517210000000000050422,10.2,35.0,2.5,57.6,osrm_real
0514710000000000020235,5.4,12.6,3.7,54.0,osrm_real
0514710000000000020240,5.8,13.0,4.1,54.4,osrm_real
0514710000000000020313,3.0,10.7,1.8,52.1,osrm_real
0514720011001000010142,6.4,5.7,6.1,47.6,osrm_real
0517210000000000060417,11.5,36.3,1.3,59.0,osrm_real
0517210000000000060715,11.5,36.3,3.6,58.9,osrm_real
0549020030200400010133,12.3,12.3,56.9,85.6,osrm_real
0549020090501500010118,75.5,65.5,30.5,97.4,osrm_real
0565910000000000010410,1.1,1.1,2.2,99.1,osrm_real
0583720110201800010210,48.2,61.5,64.7,74.3,osrm_real
0505110000000000010135,0.5,1.5,1.6,111.5,osrm_real
0505120030200800010111,55.9,55.9,59.0,129.9,osrm_real
0514710000000000010226,2.5,7.9,2.2,49.3,osrm_real
0514710000000000020308,2.5,11.4,2.4,52.9,osrm_real
0514710000000000020513,1.1,10.7,2.2,52.1,osrm_real
0514710000000000030522,1.4,10.1,3.0,51.5,osrm_real
0583720100400800010209,6.9,6.3,25.3,35.0,osrm_real
0549010000000000010209,43.7,43.7,25.9,54.6,osrm_real
0549010000000000010302,43.7,43.8,25.9,54.7,osrm_real
0549010000000000010437,43.6,43.7,25.9,54.6,osrm_real
0549020120600100010212,31.6,31.6,32.6,42.5,osrm_real
0549020120600100010305,31.1,31.2,32.2,42.0,osrm_real
0549020120300300010110,61.3,39.0,0.2,72.3,osrm_real
0565920010100500010103,8.3,8.3,9.2,92.3,osrm_real
0565920010200600010103,6.7,6.7,7.5,94.3,osrm_real
0583720090700100010317,1.8,14.5,18.0,27.6,osrm_real
0583720090700100010323,2.3,14.2,17.7,27.3,osrm_real
0583720090700100010603,1.2,13.0,17.7,27.3,osrm_real
0583720090700100010720,1.6,12.1,18.1,27.7,osrm_real
0583720090700100020202,0.9,14.0,17.7,27.3,osrm_real
0583720090700100020310,1.8,14.3,18.4,28.0,osrm_real
0583720090700100020333,3.3,15.8,20.1,29.7,osrm_real
0583720090600300010334,8.6,8.9,11.7,21.3,osrm_real
0583720070201200010108,24.7,24.7,149.5,158.3,osrm_real
0583720070201200010131,24.6,24.6,149.4,158.2,osrm_real
0583720020101300010103,26.7,0.4,102.5,111.3,osrm_real
0504520010301100010217,6.2,6.9,8.3,41.8,osrm_real
0504520050300100010107,22.8,22.1,24.6,63.0,osrm_real
0504520020300900010208,9.0,5.5,13.0,47.6,osrm_real
0504520010101600010116,40.9,40.8,41.5,69.4,osrm_real
0505110000000000010107,0.3,1.4,1.4,111.7,osrm_real
0505110000000000010314,0.4,0.3,0.1,110.5,osrm_real
0505110000000000010607,1.6,1.8,1.7,112.0,osrm_real
0505120030101100010124,47.6,47.6,46.4,128.5,osrm_real
0514710000000000010723,2.4,10.8,1.4,52.2,osrm_real
0514710000000000020404,1.8,10.4,0.8,51.8,osrm_real
0514710000000000020616,2.1,11.1,2.1,52.5,osrm_real
0514710000000000030303,2.1,9.2,0.9,50.6,osrm_real
0514710000000000030552,1.5,10.7,3.1,52.1,osrm_real
0549010000000000010301,43.9,43.9,26.1,54.8,osrm_real
0549010000000000010607,52.2,52.3,34.5,63.2,osrm_real
0549010000000000010905,45.1,45.2,27.3,56.0,osrm_real
0549010000000000010910,45.1,45.1,27.3,56.0,osrm_real
0549020120600100010124,30.4,30.4,31.4,41.3,osrm_real
0549020040400900010115,33.7,33.7,43.3,72.0,osrm_real
0565920010100100010120,11.8,11.8,12.6,95.0,osrm_real
0565920010300300010114,8.0,8.0,8.8,96.7,osrm_real
0566510000000000010348,1.7,1.7,1.9,139.7,osrm_real
0583720090700100010401,2.3,14.4,17.8,27.5,osrm_real
0583720090700100020323,2.9,15.4,19.6,29.3,osrm_real
0583720090700100020415,2.6,14.6,19.1,28.7,osrm_real
0583720100700200020217,22.8,22.9,41.9,51.5,osrm_real
0514710000000000010332,2.4,8.4,1.8,49.8,osrm_real
0514710000000000030202,1.5,8.7,2.0,50.1,osrm_real
0517210000000000010613,10.7,35.4,1.8,58.1,osrm_real
0517210000000000020206,10.6,35.4,0.5,58.0,osrm_real
0517210000000000020415,11.8,36.6,1.6,59.2,osrm_real
0517210000000000020421,12.1,36.9,1.8,59.5,osrm_real
0517210000000000030213,9.3,34.0,1.7,56.7,osrm_real
0517210000000000030218,9.3,34.1,1.6,56.7,osrm_real
0517210000000000040107,8.9,33.7,2.4,56.3,osrm_real
0517210000000000050202,9.6,34.4,2.4,57.0,osrm_real
0517210000000000050315,10.6,35.4,2.9,58.0,osrm_real
0517210000000000050524,9.9,34.7,2.3,57.3,osrm_real
0517210000000000050605,9.7,34.5,1.9,57.1,osrm_real
0517210000000000050811,9.8,34.6,2.0,57.2,osrm_real
0517210000000000060119,10.5,35.3,1.0,57.9,osrm_real
0517210000000000060418,11.8,36.5,1.9,59.2,osrm_real
0517210000000000060515,11.4,36.2,2.0,58.9,osrm_real
0517210000000000060611,11.1,35.9,3.0,58.5,osrm_real
0517210000000000060716,11.8,36.6,3.4,59.2,osrm_real
0517210000000000060738,10.4,35.1,2.6,57.8,osrm_real
0549020090501500010110,75.1,65.3,30.3,97.2,osrm_real
0549020090501500010128,75.8,64.4,29.4,96.4,osrm_real
0565910000000000010101,1.3,1.3,1.2,98.2,osrm_real
0565910000000000010519,0.8,0.8,4.0,100.9,osrm_real
0566510000000000010861,2.2,2.2,2.5,139.7,osrm_real
0583720110201800010128,47.2,58.9,63.7,73.3,osrm_real
0583720110201800010131,46.5,58.2,62.9,72.6,osrm_real
0505120020500300010117,68.7,68.7,58.1,155.6,osrm_real
0566520020300300010106,68.4,68.4,68.4,206.0,osrm_real
0583720100700200010518,23.0,23.0,42.0,51.7,osrm_real
0583720100400800010402,7.8,8.0,27.0,36.7,osrm_real
0583720100400800010412,8.3,8.5,27.5,37.2,osrm_real
0504520020500200010303,8.3,9.9,11.4,42.5,osrm_real
0504520020300300010109,3.9,0.7,6.9,41.6,osrm_real
0505110000000000010345,1.6,1.5,1.2,110.6,osrm_real
0505110000000000010409,0.5,0.5,1.0,110.3,osrm_real
0505110000000000010707,0.9,1.3,1.2,111.6,osrm_real
0505120030200800010105,56.3,56.3,59.3,130.3,osrm_real
0505120030200900010116,51.1,51.1,61.2,117.9,osrm_real
0514710000000000020101,3.3,10.2,1.6,51.6,osrm_real
0514710000000000020112,3.2,10.4,1.5,51.8,osrm_real
0514710000000000030642,1.8,11.3,2.6,52.7,osrm_real
0514710000000000030644,1.4,11.0,2.8,52.4,osrm_real
0549010000000000010225,43.5,43.5,25.7,54.4,osrm_real
0549020120300300010101,62.3,39.0,1.3,73.2,osrm_real
0565920010100100010105,11.9,11.9,12.7,95.1,osrm_real
0566510000000000010118,1.1,1.9,1.5,140.0,osrm_real
0566510000000000010422,1.7,2.5,2.1,140.6,osrm_real
0566520010100400010112,74.9,74.9,75.0,212.6,osrm_real
0583720090700100010122,2.4,13.6,17.0,26.7,osrm_real
0583720090700100020345,3.0,15.4,19.7,29.4,osrm_real
0583720090700100020515,1.5,13.3,18.0,27.6,osrm_real
0583720090600300010307,7.1,10.7,13.6,23.2,osrm_real
0583720020101300010201,26.9,0.8,102.8,111.7,osrm_real
0504520020500200010211,9.1,8.8,12.2,43.3,osrm_real
0504520020300900010320,7.3,4.1,11.6,46.2,osrm_real
0505110000000000010209,0.3,0.5,1.0,110.4,osrm_real
0505110000000000010533,1.1,1.0,1.5,109.6,osrm_real
0505120060400100010111,95.1,95.7,95.6,194.3,osrm_real
0505120020500300010118,68.0,68.0,57.4,155.0,osrm_real
0514720010601300010109,12.5,12.5,17.4,59.0,osrm_real
0549010000000000010235,43.8,43.8,26.0,54.7,osrm_real
0549020120600100010409,30.9,31.0,31.1,41.8,osrm_real
0549020120300300010139,61.4,40.0,2.2,72.3,osrm_real
0549020090501500010108,74.8,65.8,30.8,97.8,osrm_real
0565920010100100010102,11.9,11.9,12.7,95.1,osrm_real
0583720090700100020417,2.3,14.2,18.7,28.4,osrm_real
0583720090700100020509,1.7,13.7,18.1,27.8,osrm_real
0583720100700200020101,24.1,24.1,43.1,52.8,osrm_real
0583720100700200020405,22.7,22.8,41.8,51.4,osrm_real
0583720010203800010104,5.8,5.8,130.5,139.3,osrm_real
0514720011001000010105,7.2,6.5,6.9,48.5,osrm_real
0514710000000000010617,4.1,10.1,2.4,51.5,osrm_real
0514710000000000010619,3.4,9.6,1.8,51.0,osrm_real
0514710000000000030112,1.7,8.7,2.0,50.1,osrm_real
0514710000000000030311,1.2,10.1,0.8,51.5,osrm_real
0514720010700700010108,18.7,41.3,18.5,63.9,osrm_real
0514720010700700010119,19.2,41.7,18.9,64.4,osrm_real
0514720010700700010125,18.5,41.0,18.2,63.7,osrm_real
0517210000000000010110,11.7,36.5,3.8,59.2,osrm_real
0517210000000000010209,12.1,36.9,2.6,59.5,osrm_real
0517210000000000010507,11.2,35.9,2.3,58.6,osrm_real
0517210000000000010709,13.1,37.9,3.6,60.5,osrm_real
0517210000000000020208,10.4,35.2,0.7,57.8,osrm_real
0517210000000000020302,10.6,35.4,0.0,58.0,osrm_real
0517210000000000060410,10.9,35.7,1.1,58.3,osrm_real
0517210000000000060420,11.6,36.4,1.6,59.0,osrm_real
0517210000000000060508,11.1,35.9,2.0,58.5,osrm_real
0517210000000000060520,11.7,36.4,2.2,59.1,osrm_real
0517210000000000060812,11.6,36.4,2.5,59.0,osrm_real
0565910000000000010106,0.8,0.8,1.0,97.9,osrm_real
0565910000000000010121,1.0,1.0,1.3,97.8,osrm_real
0565910000000000010615,2.2,2.2,2.8,98.9,osrm_real
0583720110201800010201,48.0,59.8,64.5,74.2,osrm_real
0583720110201800010328,48.8,62.1,65.2,74.9,osrm_real
0517220070300300010109,28.8,53.6,21.0,76.2,osrm_real
0504520010101400010113,47.3,47.2,47.9,75.9,osrm_real
0505110000000000010537,1.6,1.5,2.0,109.1,osrm_real
0517220100400700010105,19.4,25.4,11.6,66.8,osrm_real
0549020120600100010214,31.1,31.1,32.4,42.0,osrm_real
0565920010100100010117,10.9,10.9,11.7,94.1,osrm_real
0566510000000000010421,1.6,2.4,2.0,140.5,osrm_real
0583720090700100010206,1.9,14.6,18.2,27.9,osrm_real
0583720090700100020362,1.5,14.5,18.3,28.0,osrm_real
0583720090700100020439,4.0,16.4,20.7,30.3,osrm_real
0583720100700200010313,23.5,23.5,42.5,52.2,osrm_real
0583720100700200010407,23.4,23.4,42.4,52.1,osrm_real
0583720100700200010510,23.3,23.4,42.4,52.0,osrm_real
0583720080301000010113,8.6,8.6,10.1,18.9,osrm_real
0583720020101300010111,26.7,0.4,102.5,111.3,osrm_real
0583720030803200010101,17.7,17.8,19.8,28.6,osrm_real
0504520010301100010209,5.7,6.4,7.8,41.3,osrm_real
0504520020500200010106,9.7,9.5,12.8,44.0,osrm_real
0504520020300300010108,4.3,1.1,7.4,42.0,osrm_real
0504520020300900010129,7.5,4.0,11.5,46.1,osrm_real
0504520020300900010327,7.3,4.1,11.6,46.2,osrm_real
0504520030101500010106,6.2,3.0,9.3,43.9,osrm_real
0505110000000000010222,0.8,1.0,1.5,111.0,osrm_real
0505110000000000010709,0.5,1.3,1.2,111.6,osrm_real
0505110000000000011020,0.8,1.5,1.1,110.4,osrm_real
0505110000000000011021,0.8,1.6,1.2,110.3,osrm_real
0514710000000000010116,1.7,8.5,1.6,50.0,osrm_real
0514710000000000030237,1.4,9.3,2.5,50.7,osrm_real
0514710000000000030416,0.4,10.1,2.0,51.5,osrm_real
0549020120600100010228,31.3,31.3,32.7,42.2,osrm_real
0549020120600100010401,30.9,31.0,32.0,41.9,osrm_real
0549020030300200010221,22.1,22.1,50.2,78.9,osrm_real
0566510000000000010502,0.6,0.6,0.4,138.7,osrm_real
0566510000000000010665,0.8,1.6,1.1,139.6,osrm_real
0583720090700100010107,1.0,13.7,17.1,26.8,osrm_real
0583720090700100010218,2.2,14.1,17.6,27.2,osrm_real
0583720100700200010203,24.0,24.0,43.0,52.7,osrm_real
0583720100700200010504,23.5,23.6,42.6,52.2,osrm_real
0583720100700200020510,22.0,22.1,41.1,50.7,osrm_real
0583720050200500010117,13.8,13.8,138.5,147.4,osrm_real
0583720090402400010113,3.6,3.6,6.5,16.1,osrm_real
0583720090103900010117,8.9,9.0,11.0,19.9,osrm_real
0583720010204000010103,10.9,10.9,118.8,127.6,osrm_real
0514710000000000020116,3.5,10.2,1.9,51.6,osrm_real
0514710000000000020807,6.0,13.2,4.3,54.6,osrm_real
0514710000000000030220,1.0,9.3,2.2,50.7,osrm_real
0514710000000000030422,1.0,10.6,2.6,52.0,osrm_real
0514710000000000030507,1.0,10.0,2.5,51.4,osrm_real
0514720010700700010121,19.1,41.6,18.8,64.3,osrm_real
0514720010700700010131,18.3,40.8,18.0,63.5,osrm_real
0517210000000000010210,12.1,36.9,2.6,59.5,osrm_real
0517210000000000010701,12.7,37.4,3.4,60.1,osrm_real
0517210000000000020506,12.4,37.2,2.2,59.8,osrm_real
0517210000000000050206,9.8,34.5,2.4,57.2,osrm_real
0517210000000000050601,9.4,34.2,2.1,56.8,osrm_real
0517210000000000050706,11.1,35.9,3.3,58.5,osrm_real
0517210000000000060318,10.6,35.4,1.9,58.0,osrm_real
0517210000000000061012,11.6,36.4,3.8,59.0,osrm_real
0549020030200400010111,13.2,13.2,57.8,86.5,osrm_real
0565910000000000010313,0.4,0.4,1.2,98.1,osrm_real
0565910000000000010516,0.9,0.9,2.4,99.7,osrm_real
0565910000000000010903,2.6,2.6,3.4,99.1,osrm_real
0566510000000000010152,1.5,2.2,1.8,140.3,osrm_real
0583720110201800010217,48.4,61.7,64.9,74.5,osrm_real
0504520010301100010109,5.2,5.9,7.3,40.4,osrm_real
0504520030101500010103,6.2,3.0,9.3,43.9,osrm_real
0505110000000000010210,0.3,0.6,1.1,110.5,osrm_real
0505110000000000010224,0.8,1.0,1.5,111.0,osrm_real
0505110000000000010340,1.1,1.0,0.7,110.1,osrm_real
0505120040101000010105,68.5,68.5,68.0,141.7,osrm_real
0505120040101000010107,68.7,68.7,68.2,141.5,osrm_real
0514710000000000010120,1.8,8.6,1.7,50.0,osrm_real
0514710000000000010306,2.5,7.9,2.1,49.3,osrm_real
0514710000000000030624,1.4,11.0,2.8,52.4,osrm_real
0517220070300300010112,29.0,53.8,21.3,76.4,osrm_real
0549010000000000010308,43.1,43.2,25.3,54.0,osrm_real
0549010000000000010507,42.4,42.5,24.7,53.4,osrm_real
0549020120600100010223,31.1,31.1,32.4,42.0,osrm_real
0549020120600100010224,30.8,30.9,32.2,41.8,osrm_real
0549020120600100010312,32.1,32.2,33.2,43.1,osrm_real
0549020120600100010402,31.0,31.1,32.1,42.0,osrm_real
0549020030300200010120,22.2,22.2,50.3,79.1,osrm_real
0549020030300200010127,23.5,23.5,51.7,80.4,osrm_real
0549020030300200010206,21.6,21.6,49.7,78.5,osrm_real
0549020120300300010133,62.3,39.2,1.2,73.2,osrm_real
0549020120300300010134,61.9,38.3,0.8,72.8,osrm_real
0549020120301000010105,64.7,39.4,3.6,75.7,osrm_real
0549020090201200010104,59.8,59.8,58.7,97.5,osrm_real
0583720050200500010105,13.9,13.9,138.7,147.5,osrm_real
0565920010100100010104,11.7,11.7,12.6,94.9,osrm_real
0565920010100100010116,11.6,11.6,12.5,94.8,osrm_real
0565920010300300010133,8.1,8.1,9.0,97.6,osrm_real
0565920020300400010106,47.0,47.0,47.9,130.3,osrm_real
0565920010100500010107,9.1,9.1,10.0,92.8,osrm_real
0565920010100500010111,8.7,8.7,9.5,92.4,osrm_real
0566510000000000010244,1.2,1.9,1.5,140.0,osrm_real
0566510000000000010247,0.2,0.9,0.4,138.9,osrm_real
0566510000000000010353,1.0,1.0,0.7,139.1,osrm_real
0566510000000000010406,1.4,2.2,1.7,140.2,osrm_real
0566520040200200010107,25.2,25.2,25.3,162.8,osrm_real
0566520020300300010104,68.5,68.5,68.6,206.1,osrm_real
0583720090600300010205,10.5,10.5,13.3,22.9,osrm_real
0583720090700100020436,2.9,14.9,19.3,29.0,osrm_real
0583720100700200010109,24.4,24.4,43.4,53.1,osrm_real
0583720100700200010211,23.7,23.8,42.8,52.4,osrm_real
0583720100700200020201,23.2,23.3,42.3,51.9,osrm_real
0583720050200500010127,13.4,13.4,138.2,147.0,osrm_real
0583720090402400010127,3.8,3.8,6.6,16.2,osrm_real
0583720090603100010101,7.2,17.4,19.9,29.5,osrm_real
0583720090603100010102,7.2,17.4,19.9,29.5,osrm_real
0583720090103900010113,8.9,9.5,11.0,19.9,osrm_real
0504520020500200010312,8.5,10.1,11.6,42.7,osrm_real
0505120020500300010116,68.8,68.8,58.2,155.8,osrm_real
0549010000000000010218,43.5,43.6,25.7,54.5,osrm_real
0549020120600100010317,31.5,31.6,32.6,42.4,osrm_real
0549020050401800010104,37.8,37.8,32.4,61.2,osrm_real
0566510000000000010249,0.8,1.3,0.9,139.4,osrm_real
0583720090700100010132,1.7,13.9,17.4,27.0,osrm_real
0583720090700100010304,1.6,14.4,18.0,27.6,osrm_real
0583720090700100020425,2.9,14.9,19.4,29.1,osrm_real
0583720100400800010204,7.0,6.4,25.4,35.1,osrm_real
0583720090602600010110,8.2,12.1,14.6,24.2,osrm_real
0583720090603100010103,7.2,17.4,19.9,29.5,osrm_real
0514710000000000010105,2.6,8.3,2.4,49.7,osrm_real
0514710000000000010303,2.6,7.7,2.3,49.2,osrm_real
0514710000000000010706,2.7,10.1,1.2,51.5,osrm_real
0514710000000000010814,2.3,9.0,1.0,50.4,osrm_real
0514710000000000020624,2.1,10.9,1.8,52.3,osrm_real
0514710000000000020914,4.7,11.9,2.9,53.3,osrm_real
0514710000000000030226,1.6,8.7,2.5,50.1,osrm_real
0514710000000000030317,1.5,9.6,0.6,51.0,osrm_real
0517210000000000020203,10.3,35.1,0.8,57.7,osrm_real
0517210000000000010219,12.8,37.6,3.0,60.2,osrm_real
0517210000000000050403,10.9,35.7,3.1,58.3,osrm_real
0517210000000000050418,10.6,35.4,2.8,58.0,osrm_real
0517210000000000050711,10.1,34.9,2.4,57.5,osrm_real
0517210000000000060209,10.6,35.4,2.3,58.0,osrm_real
0517210000000000060310,10.5,35.3,1.5,57.9,osrm_real
0517210000000000060320,10.9,35.7,1.8,58.3,osrm_real
0565910000000000010520,1.0,1.0,4.2,101.1,osrm_real
0565910000000000010607,1.3,1.3,1.8,97.9,osrm_real
0566510000000000010402,1.1,1.9,1.5,140.0,osrm_real
0514710000000000010729,2.8,10.5,1.6,51.9,osrm_real
0514710000000000020903,4.8,12.0,3.0,53.4,osrm_real
0517210000000000030104,10.7,35.5,3.0,58.1,osrm_real
0517210000000000030117,9.9,34.6,2.4,57.3,osrm_real
0517210000000000060416,11.4,36.2,1.1,58.8,osrm_real
0549020030200400010134,12.3,12.3,57.1,85.8,osrm_real
0505110000000000010416,0.8,0.8,1.2,110.4,osrm_real
0505110000000000011030,1.4,1.4,1.0,110.2,osrm_real
0505110000000000011043,0.4,1.2,1.1,110.5,osrm_real
0549010000000000010310,43.6,43.6,25.8,54.5,osrm_real
0549010000000000010513,42.8,42.9,25.1,53.8,osrm_real
0549010000000000010609,51.7,51.7,33.9,62.6,osrm_real
0549020120600100010415,30.8,30.9,31.2,41.7,osrm_real
0565910000000000010406,1.3,1.3,2.0,99.0,osrm_real
0583720090700100010509,0.7,13.5,17.3,26.9,osrm_real
0583720090700100020219,1.4,13.4,17.9,27.5,osrm_real
0504520020500200010122,10.0,9.7,13.1,44.2,osrm_real
0504520020300900010125,6.9,3.4,10.8,45.5,osrm_real
0504520010301100010117,5.2,5.9,7.3,40.8,osrm_real
0504520010101600010118,40.9,40.8,41.5,69.5,osrm_real
0505110000000000010118,0.5,1.1,1.0,111.4,osrm_real
0505110000000000010316,0.6,0.6,0.2,110.4,osrm_real
0505110000000000010342,1.5,1.4,1.0,110.5,osrm_real
0505120060400100010113,95.4,96.0,95.9,194.5,osrm_real
0505120030101100010133,46.2,46.2,47.5,127.1,osrm_real
0514710000000000010204,2.7,7.5,2.4,48.9,osrm_real
0514710000000000010227,3.1,7.5,2.8,48.9,osrm_real
0514710000000000020429,1.5,10.3,1.4,51.7,osrm_real
0514710000000000030219,0.9,9.4,2.2,50.8,osrm_real
0583720030802900010118,15.0,15.1,17.2,26.0,osrm_real
0549010000000000010120,44.0,44.0,26.2,54.9,osrm_real
0566510000000000011012,1.7,1.7,2.2,137.1,osrm_real
0549010000000000010106,44.5,44.6,26.8,55.5,osrm_real
0549010000000000010608,51.2,51.3,33.5,62.2,osrm_real
0549010000000000010825,44.9,45.0,27.2,55.9,osrm_real
0549010000000000010829,44.8,44.9,27.1,55.8,osrm_real
0549020030300200010204,21.7,21.7,49.8,78.5,osrm_real
0565910000000000010511,0.2,0.2,3.1,100.3,osrm_real
0565920010100100010131,11.3,11.3,12.2,94.5,osrm_real
0565920010300300010107,7.4,7.4,8.3,97.0,osrm_real
0566510000000000010112,0.9,1.6,1.2,139.7,osrm_real
0566510000000000010431,2.6,3.4,3.0,141.5,osrm_real
0566510000000000010813,0.2,0.2,0.6,138.2,osrm_real
0566520010100400010105,76.0,76.0,76.0,213.6,osrm_real
0566520040200800010113,37.8,37.8,37.8,171.2,osrm_real
0583720090700100010201,2.6,13.9,17.3,27.0,osrm_real
0583720090700100010204,2.0,14.4,17.9,27.5,osrm_real
0583720090700100020374,3.3,15.8,20.1,29.7,osrm_real
0583720090700100020411,1.9,13.9,18.3,28.0,osrm_real
0583720100700200010506,23.6,23.7,42.7,52.3,osrm_real
0583720100700200020210,23.2,23.2,42.2,51.9,osrm_real
0583720100700200020414,22.4,22.5,41.5,51.1,osrm_real
0583720090600300010313,7.0,10.7,13.5,23.1,osrm_real
0583720090600300010326,7.9,8.2,11.0,20.6,osrm_real
0583720030803200010111,16.9,16.9,19.0,27.8,osrm_real
0583720010203800010111,5.6,5.6,130.4,139.2,osrm_real
0583720090103900010108,8.9,8.9,11.0,19.8,osrm_real
0583720050604200010103,27.6,27.6,152.4,161.2,osrm_real
0514710000000000020501,0.6,9.8,1.5,51.2,osrm_real
0514710000000000020623,2.0,10.9,1.9,52.3,osrm_real
0514710000000000030211,1.2,8.7,2.1,50.1,osrm_real
0514710000000000030231,1.7,8.8,2.6,50.2,osrm_real
0514710000000000030232,1.8,8.8,2.7,50.2,osrm_real
0514710000000000030539,1.2,10.2,2.7,51.7,osrm_real
0517210000000000010124,11.8,36.6,3.8,59.2,osrm_real
0517210000000000010307,11.9,36.7,2.5,59.3,osrm_real
0517210000000000010702,12.6,37.4,3.3,60.0,osrm_real
0517210000000000010804,15.3,40.1,5.3,62.7,osrm_real
0517210000000000020320,10.2,34.9,1.3,57.6,osrm_real
0517210000000000020411,11.6,36.4,1.3,59.0,osrm_real
0517210000000000030209,9.4,34.2,2.1,56.8,osrm_real
0517210000000000050124,9.4,34.2,2.2,56.8,osrm_real
0517210000000000050710,10.7,35.5,3.0,58.1,osrm_real
0517210000000000060118,10.5,35.2,1.2,57.9,osrm_real
0517210000000000060403,10.8,35.6,1.1,58.2,osrm_real
0517210000000000060605,9.9,34.7,2.1,57.3,osrm_real
0517210000000000060630,10.4,35.1,2.6,57.8,osrm_real
0549020030200400010104,13.5,13.5,58.1,86.8,osrm_real
0565910000000000010120,1.0,1.0,1.9,97.3,osrm_real
0565910000000000010619,3.0,3.0,3.5,99.6,osrm_real
0566510000000000020111,1.7,2.3,1.8,140.3,osrm_real
0583720030802900010112,15.1,15.2,17.2,26.1,osrm_real
0504520050300100010112,23.1,22.4,25.0,63.3,osrm_real
0504520020500200010103,9.1,8.9,12.2,43.4,osrm_real
0504520020300900010302,7.8,4.3,11.7,46.4,osrm_real
0505110000000000011005,0.6,1.4,1.2,110.6,osrm_real
0514710000000000020304,2.5,11.3,2.4,52.8,osrm_real
0583720100400800010104,7.3,7.5,26.5,36.2,osrm_real
0549010000000000010402,42.9,43.0,25.1,53.8,osrm_real
0549020120600100010128,30.6,30.7,32.1,41.5,osrm_real
0565910000000000010110,0.9,0.9,1.5,97.6,osrm_real
0566510000000000010220,0.6,1.4,1.0,139.5,osrm_real
0566520010100400010101,76.6,76.6,76.7,214.2,osrm_real
0583720050200500010109,14.0,14.0,138.8,147.6,osrm_real
0583720090700100020217,1.6,13.8,18.2,27.8,osrm_real
0583720090700100020413,2.5,14.5,18.9,28.6,osrm_real
0583720090600300010324,5.9,9.6,12.4,22.1,osrm_real
0583720100400800010313,7.5,6.9,25.9,35.6,osrm_real
0583720100400800010411,8.3,8.5,27.5,37.2,osrm_real
0583720230401400010106,66.6,91.3,104.3,114.0,osrm_real
0583720090102700010105,6.3,6.3,7.9,16.7,osrm_real
0583720030802900010126,15.8,15.9,17.9,26.8,osrm_real
0583720050604200010109,28.0,28.0,152.8,161.6,osrm_real
0505110000000000010108,0.6,1.5,1.5,111.7,osrm_real
0505110000000000010512,0.3,0.6,1.1,109.9,osrm_real
0505120060400100010102,94.7,95.3,95.2,193.8,osrm_real
0514710000000000010208,2.8,7.8,2.5,49.2,osrm_real
0514710000000000010210,2.3,8.0,2.0,49.4,osrm_real
0514710000000000010222,2.6,7.8,2.3,49.2,osrm_real
0514710000000000020709,1.7,11.2,2.3,52.6,osrm_real
0549020090200800010117,55.4,55.4,54.2,93.1,osrm_real
0549010000000000010129,43.9,43.9,26.1,54.8,osrm_real
0549010000000000010332,43.5,43.6,25.8,54.5,osrm_real
0549010000000000010601,52.5,52.5,34.7,63.4,osrm_real
0549010000000000010612,50.2,50.3,32.4,61.2,osrm_real
0549010000000000010912,44.9,45.0,27.2,55.9,osrm_real
0549020090200800010118,55.5,55.5,54.3,93.2,osrm_real
0549020040400900010114,34.2,34.2,43.3,72.0,osrm_real
0549020050401800010101,37.4,37.4,32.2,60.9,osrm_real
0566510000000000010630,0.2,1.0,0.6,139.1,osrm_real
0566510000000000010663,0.9,1.7,1.2,139.7,osrm_real
0566510000000000010868,1.8,1.8,1.9,139.4,osrm_real
0583720090700100010504,1.6,14.5,18.2,27.9,osrm_real
0583720090700100010608,1.2,12.8,17.7,27.3,osrm_real
0583720090700100010723,2.3,13.0,18.7,28.4,osrm_real
0583720090700100020517,1.8,13.6,18.3,27.9,osrm_real
0583720100700200010122,25.1,25.2,44.2,53.9,osrm_real
0583720100700200010123,25.3,25.3,44.3,54.0,osrm_real
0583720100700200010402,23.5,23.6,42.6,52.2,osrm_real
0583720100700200020110,23.4,23.4,42.5,52.1,osrm_real
0583720100700200020415,22.6,22.7,41.7,51.3,osrm_real
0583720100400800010202,6.8,6.3,25.3,35.0,osrm_real
0583720100400800010413,8.0,8.2,27.2,36.9,osrm_real
0583720090103900010106,8.3,8.4,10.5,19.3,osrm_real
0514710000000000010304,2.6,8.1,2.3,49.5,osrm_real
0514710000000000010409,2.2,8.3,1.8,49.8,osrm_real
0514710000000000010620,4.5,10.4,2.8,51.8,osrm_real
0514710000000000030214,1.2,9.0,2.1,50.5,osrm_real
0514720011001000010121,6.9,6.2,6.6,48.1,osrm_real
0517210000000000010101,12.1,36.9,4.1,59.5,osrm_real
0517210000000000010125,11.8,36.6,3.8,59.2,osrm_real
0517210000000000010319,12.5,37.3,2.6,59.9,osrm_real
0517210000000000010513,11.0,35.8,3.1,58.5,osrm_real
0517210000000000020217,11.5,36.3,1.2,58.9,osrm_real
0517210000000000050306,10.4,35.2,2.8,57.8,osrm_real
0517210000000000050310,10.4,35.2,2.8,57.8,osrm_real
0517210000000000060107,10.1,34.8,1.4,57.5,osrm_real
0517210000000000060804,11.7,36.5,2.3,59.1,osrm_real
0517210000000000060926,12.8,37.6,2.9,60.2,osrm_real
0583720110201800010103,48.0,59.7,64.4,74.1,osrm_real
0583720110201800010123,47.7,59.5,64.2,73.8,osrm_real
0583720110201800010320,47.6,60.9,64.1,73.7,osrm_real
0504520050300100010111,23.0,22.4,24.9,63.2,osrm_real
0504520010101400010105,47.3,47.2,47.9,75.9,osrm_real
0505120030101100010130,46.6,46.6,46.4,127.5,osrm_real
0505110000000000010121,0.3,1.4,1.3,111.7,osrm_real
0505110000000000010520,0.8,0.7,1.2,109.7,osrm_real
0505110000000000011012,0.6,1.2,0.9,110.7,osrm_real
0505110000000000011044,1.4,1.3,0.9,110.2,osrm_real
0505110000000000011105,1.8,1.7,1.4,110.7,osrm_real
0505120030200800010104,56.4,56.4,59.4,130.3,osrm_real
0505120030200900010115,50.5,50.5,61.1,117.9,osrm_real
0514710000000000030625,1.5,11.1,2.9,52.5,osrm_real
0514710000000000010320,2.4,8.3,1.9,49.7,osrm_real
0514710000000000010808,2.1,8.5,1.5,49.9,osrm_real
0514710000000000020220,5.4,12.6,3.7,54.0,osrm_real
0514710000000000020417,1.8,10.5,0.9,51.9,osrm_real
0514710000000000030411,0.8,9.7,2.2,51.1,osrm_real
0517220060601500010106,15.1,39.9,7.3,62.5,osrm_real
0549010000000000010117,44.5,44.6,26.8,55.5,osrm_real
0549010000000000010918,45.1,45.2,27.3,56.0,osrm_real
0549020030300200010214,21.8,21.8,49.9,78.6,osrm_real
0549020120300300010118,62.0,38.5,0.9,73.0,osrm_real
0565920010100100010124,12.1,12.1,12.9,95.3,osrm_real
0565920010100500010114,8.9,8.9,9.8,92.7,osrm_real
0566510000000000010202,0.2,0.9,0.5,139.0,osrm_real
0566510000000000010329,1.1,1.1,1.3,139.1,osrm_real
0566510000000000010548,1.0,1.0,0.8,138.9,osrm_real
0566510000000000010811,0.2,0.2,0.4,138.3,osrm_real
0566510000000000010844,1.0,1.0,1.5,137.9,osrm_real
0566520040200200010108,25.0,25.0,25.1,162.6,osrm_real
0583720090700100010506,0.9,13.7,17.5,27.1,osrm_real
0583720090700100010615,1.2,12.5,17.6,27.3,osrm_real
0583720090700100020126,0.8,12.3,17.3,26.9,osrm_real
0583720090700100020359,2.8,15.2,19.5,29.1,osrm_real
0583720090700100020430,2.1,14.1,18.6,28.2,osrm_real
0583720100700200010105,24.3,24.4,43.4,53.0,osrm_real
0583720100700200010201,24.2,24.2,43.3,52.9,osrm_real
0583720100700200010414,23.2,23.2,42.3,51.9,osrm_real
0583720100700200020115,22.4,22.4,41.4,51.1,osrm_real
0583720100700200020120,22.3,22.3,41.4,51.0,osrm_real
0583720100700200020304,22.7,22.8,41.8,51.4,osrm_real
0583720100700200020320,22.3,22.3,41.3,51.0,osrm_real
0583720070201200010109,24.1,24.1,148.8,157.7,osrm_real
0583720230401400010105,66.8,91.6,104.6,114.2,osrm_real
0583720090102700010110,6.3,6.3,7.8,16.6,osrm_real
0504520020300900010311,7.6,4.2,11.6,46.3,osrm_real
0504520010301100010207,5.6,6.3,7.7,41.2,osrm_real
0505110000000000010338,0.9,0.9,0.5,110.0,osrm_real
0505110000000000011127,2.1,2.1,1.7,109.7,osrm_real
0505120030200900010104,50.9,50.9,60.4,117.2,osrm_real
0549010000000000010810,45.1,45.2,27.3,56.0,osrm_real
0549010000000000010817,44.8,44.9,27.1,55.8,osrm_real
0549020030300200010223,21.9,21.9,50.0,78.7,osrm_real
0549020120801600010104,53.2,26.2,13.1,85.1,osrm_real
0566510000000000010209,0.6,1.4,1.0,139.5,osrm_real
0566510000000000010358,1.7,1.7,1.9,139.7,osrm_real
0566510000000000010411,1.7,2.5,2.1,140.6,osrm_real
0566510000000000010540,0.6,1.0,0.6,139.1,osrm_real
0583720090700100010211,0.6,13.4,17.0,26.6,osrm_real
0583720100700200010121,24.7,24.8,43.8,53.4,osrm_real
0583720100700200020134,24.7,24.7,43.7,53.4,osrm_real
0583720090302300010101,3.9,3.9,6.8,16.4,osrm_real
0583720090302300010110,4.4,4.8,7.2,16.9,osrm_real
0514710000000000010510,3.1,9.5,1.3,50.9,osrm_real
0514710000000000020301,3.8,11.1,2.2,52.5,osrm_real
0514710000000000020525,1.7,10.6,1.7,52.0,osrm_real
0514710000000000020805,5.0,12.2,3.3,53.6,osrm_real
0514710000000000020918,6.8,14.0,5.0,55.4,osrm_real
0514710000000000030120,1.3,9.0,1.7,50.4,osrm_real
0514710000000000030634,2.0,11.5,2.8,52.9,osrm_real
0514720010700700010130,17.9,40.4,17.6,63.0,osrm_real
0517210000000000010411,10.9,35.7,3.0,58.3,osrm_real
0517210000000000010501,11.1,35.8,3.1,58.5,osrm_real
0517210000000000020109,10.7,35.5,0.7,58.1,osrm_real
0517210000000000020406,11.5,36.3,1.1,58.9,osrm_real
0517210000000000030202,10.0,34.8,2.2,57.5,osrm_real
0517210000000000050523,9.8,34.5,2.0,57.2,osrm_real
0517210000000000060114,9.8,34.6,1.9,57.2,osrm_real
0517210000000000060302,10.5,35.3,1.5,57.9,osrm_real
0517210000000000060408,11.2,36.0,0.9,58.6,osrm_real
0517210000000000060814,11.9,36.7,2.1,59.3,osrm_real
0565910000000000010622,2.8,2.8,3.4,99.5,osrm_real
0505110000000000010401,0.2,0.2,0.4,110.1,osrm_real
0505110000000000010901,0.3,1.2,1.1,111.3,osrm_real
0549010000000000010228,43.1,43.1,25.3,54.0,osrm_real
0549020120301000010104,65.2,39.5,4.1,76.1,osrm_real
0549020120101100010107,44.5,44.6,29.8,55.4,osrm_real
0549020090501500010106,74.6,65.6,30.6,97.6,osrm_real
0549020050401800010103,37.8,37.8,32.5,61.2,osrm_real
0565920010300300010123,7.5,7.5,8.3,97.0,osrm_real
0583720090700100010409,2.6,14.8,18.2,27.9,osrm_real
0583720090700100010415,1.8,14.7,18.4,28.1,osrm_real
0583720090700100020211,1.4,13.9,18.0,27.6,osrm_real
0583720100700200010311,24.0,24.1,43.1,52.7,osrm_real
0583720100700200010513,23.2,23.2,42.3,51.9,osrm_real
0583720100400800010308,7.0,6.5,25.5,35.2,osrm_real
0583720020101300010212,27.3,0.9,101.9,110.8,osrm_real
0583720070202000010101,158.6,158.6,160.2,169.0,osrm_real
0583720090102700010111,6.2,6.2,7.7,16.6,osrm_real
0583720090103900010115,8.8,8.8,10.9,19.7,osrm_real
0504520020500200010213,9.2,8.9,12.2,43.4,osrm_real
0504520030101500010110,6.3,3.1,9.4,44.1,osrm_real
0505110000000000011017,0.4,1.2,1.8,110.1,osrm_real
0505110000000000011107,1.9,1.9,1.5,110.7,osrm_real
0505120020500300010119,68.2,68.2,57.6,155.1,osrm_real
0505120040101000010115,67.9,67.9,67.5,142.2,osrm_real
0505120030101100010117,46.8,46.8,47.3,127.7,osrm_real
0514710000000000020219,4.6,11.8,2.9,53.2,osrm_real
0514720010601300010110,12.6,12.6,17.6,59.1,osrm_real
0549010000000000010317,43.0,43.1,25.2,54.0,osrm_real
0549010000000000010824,44.9,45.0,27.2,55.9,osrm_real
0549020120600100010129,30.6,30.7,32.3,41.6,osrm_real
0549020090200800010116,55.5,55.5,54.3,93.2,osrm_real
0583720050604200010106,28.4,28.4,153.1,162.0,osrm_real
0565920010300300010124,7.7,7.7,8.6,97.3,osrm_real
0566510000000000010114,0.7,1.5,1.1,139.6,osrm_real
0566510000000000010214,0.5,1.3,0.9,139.4,osrm_real
0566510000000000010537,0.4,0.9,0.5,139.0,osrm_real
0566510000000000010561,1.8,1.8,1.5,139.4,osrm_real
0566520040200800010106,37.7,37.7,37.8,171.3,osrm_real
0583720090700100010517,1.8,14.6,18.3,28.0,osrm_real
0583720090700100010616,0.9,12.2,17.3,27.0,osrm_real
0583720090700100020418,2.1,14.0,18.6,28.2,osrm_real
0583720100700200020209,23.2,23.2,42.2,51.9,osrm_real
0583720100700200020417,22.3,22.3,41.3,51.0,osrm_real
0583720090600300010310,6.8,10.5,13.3,22.9,osrm_real
0583720100400800010425,7.6,7.8,26.8,36.4,osrm_real
0583720080301000010104,9.1,9.1,10.6,19.4,osrm_real
0583720080301000010107,8.8,8.8,10.3,19.1,osrm_real
0583720090402400010110,3.8,3.8,6.6,16.3,osrm_real
0514710000000000010405,2.4,8.0,2.1,49.4,osrm_real
0514710000000000010522,3.4,9.3,2.0,50.7,osrm_real
0514710000000000020233,5.6,12.8,3.9,54.2,osrm_real
0514710000000000030520,1.6,10.0,3.1,51.4,osrm_real
0517210000000000010413,11.2,36.0,3.2,58.6,osrm_real
0517210000000000010621,10.1,34.9,2.2,57.5,osrm_real
0517210000000000020112,10.0,34.8,1.4,57.5,osrm_real
0517210000000000020211,9.7,34.5,1.0,57.1,osrm_real
0517210000000000050107,9.8,34.6,2.6,57.2,osrm_real
0517210000000000060221,10.2,35.0,2.4,57.6,osrm_real
0517210000000000060319,10.7,35.4,2.0,58.1,osrm_real
0517210000000000060615,11.2,35.9,3.3,58.6,osrm_real
0549020050300500010202,43.5,43.5,48.4,77.2,osrm_real
0565910000000000010304,0.6,0.6,0.9,98.1,osrm_real
0566510000000000011022,2.3,2.3,2.8,137.7,osrm_real
0583720110201800010303,47.3,59.1,63.8,73.4,osrm_real
0583720110201800010318,47.2,58.9,63.6,73.3,osrm_real
0514710000000000030104,1.4,9.0,1.7,50.4,osrm_real
0517210000000000010609,11.3,36.1,1.1,58.7,osrm_real
0517210000000000010807,15.7,40.5,5.8,63.1,osrm_real
0517210000000000060106,9.8,34.6,1.6,57.2,osrm_real
0517210000000000060516,11.5,36.3,2.1,58.9,osrm_real
0517210000000000060905,11.9,36.7,2.8,59.3,osrm_real
0565910000000000010418,1.3,1.3,1.8,99.1,osrm_real
0549020120100700010104,39.7,39.8,21.4,50.6,osrm_real
0504520020500200010112,9.3,9.1,12.4,43.6,osrm_real
0504520010301100010106,6.1,5.9,7.3,40.2,osrm_real
0504520010101600010103,41.5,41.4,42.1,70.1,osrm_real
0504520010101600010113,41.0,40.9,41.6,69.6,osrm_real
0505110000000000010325,1.6,1.5,1.1,110.8,osrm_real
0505110000000000010535,1.8,1.7,2.2,109.3,osrm_real
0505120030200900010103,52.2,52.2,59.9,116.7,osrm_real
0505120040101000010111,69.1,69.1,68.6,141.5,osrm_real
0505120030101100010119,47.0,47.0,47.2,127.9,osrm_real
0583720100700200010305,23.9,24.0,43.0,52.6,osrm_real
0514710000000000020408,2.3,10.9,1.3,52.3,osrm_real
0514710000000000010121,1.7,8.9,1.5,50.3,osrm_real
0514710000000000020718,1.6,11.1,2.4,52.5,osrm_real
0514710000000000020720,1.3,10.9,2.1,52.3,osrm_real
0514710000000000030535,1.0,10.0,2.5,51.5,osrm_real
0517220070300300010115,29.2,54.0,21.4,76.6,osrm_real
0517220100400700010103,21.1,27.1,13.3,68.5,osrm_real
0549010000000000010111,45.9,46.0,28.2,56.9,osrm_real
0549010000000000010425,42.2,42.3,24.4,53.1,osrm_real
0549020120600100010419,30.7,30.7,31.8,41.6,osrm_real
0549020120101100010101,43.3,43.4,28.6,54.2,osrm_real
0565920010200600010109,6.6,6.6,7.4,94.1,osrm_real
0566510000000000010119,1.0,1.8,1.3,139.8,osrm_real
0566510000000000010433,2.2,3.0,2.5,141.0,osrm_real
0566510000000000010609,0.1,0.7,0.3,138.8,osrm_real
0566510000000000010908,1.3,2.1,1.6,140.1,osrm_real
0583720100700200020310,22.5,22.5,41.5,51.2,osrm_real
0583720090700100010110,0.5,13.2,16.7,26.4,osrm_real
0583720090700100010303,1.9,14.4,17.9,27.6,osrm_real
0583720090700100010413,2.0,14.8,18.5,28.2,osrm_real
0583720090700100010602,0.9,12.7,17.4,27.0,osrm_real
0583720090700100020366,3.1,15.5,19.8,29.4,osrm_real
0583720090600300010201,11.3,11.3,14.1,23.8,osrm_real
0583720030700600010115,19.9,20.0,22.0,30.9,osrm_real
0583720100400800010102,7.5,7.7,26.7,36.3,osrm_real
0583720070201200010119,24.7,24.7,149.4,158.2,osrm_real
0583720070202000010105,159.0,159.0,160.5,169.4,osrm_real
0583720090402400010124,3.9,3.9,6.7,16.4,osrm_real
0583720050603700010107,18.4,18.4,143.2,152.0,osrm_real
0504520010301100010221,6.3,7.0,8.4,41.9,osrm_real
0504520030101500010109,6.9,3.7,10.0,44.7,osrm_real
0505110000000000010141,0.5,1.4,1.3,111.4,osrm_real
0505110000000000010811,0.2,1.3,1.2,111.6,osrm_real
0505110000000000011025,1.4,2.0,1.6,110.8,osrm_real
0505110000000000011101,1.5,1.4,1.1,110.4,osrm_real
0514710000000000020103,4.1,10.9,2.4,52.3,osrm_real
0514710000000000030307,1.5,8.8,0.9,50.3,osrm_real
0549020090501500010125,75.9,64.8,29.8,96.7,osrm_real
0549010000000000010230,43.0,43.0,25.2,53.9,osrm_real
0566510000000000010160,0.9,1.7,1.2,139.7,osrm_real
0566520020300300010108,68.3,68.3,68.3,205.9,osrm_real
0566520010100400010103,76.2,76.2,76.2,213.8,osrm_real
0583720090700100020214,1.5,13.9,18.2,27.8,osrm_real
0583720090700100020508,1.9,13.8,18.3,28.0,osrm_real
0583720050200500010107,13.7,13.7,138.5,147.3,osrm_real
0583720080301000010101,8.0,8.0,9.5,18.3,osrm_real
0514710000000000010601,3.0,9.8,1.4,51.2,osrm_real
0514710000000000030241,2.1,8.5,2.6,49.9,osrm_real
0514710000000000030424,0.9,10.3,2.7,51.7,osrm_real
0514720010700700010111,18.6,41.1,18.3,63.7,osrm_real
0514720010700700010124,18.6,41.1,18.3,63.7,osrm_real
0514720011001000010112,7.2,6.6,6.9,48.5,osrm_real
0514720011001000010128,6.6,6.0,6.3,47.9,osrm_real
0514720011001000010132,6.5,5.9,6.2,47.8,osrm_real
0514720011001000010135,6.8,6.1,6.4,48.0,osrm_real
0517210000000000010111,11.7,36.5,3.8,59.1,osrm_real
0517210000000000010321,12.4,37.2,2.5,59.8,osrm_real
0517210000000000020311,10.1,34.9,0.9,57.5,osrm_real
0517210000000000040103,9.3,34.1,2.2,56.7,osrm_real
0517210000000000050404,10.8,35.6,3.0,58.2,osrm_real
0517210000000000050517,9.5,34.3,1.8,56.9,osrm_real
0517210000000000060104,9.7,34.5,1.5,57.1,osrm_real
0517210000000000060109,10.4,35.2,0.9,57.8,osrm_real
0517210000000000060315,10.9,35.7,1.4,58.3,osrm_real
0517210000000000060411,11.1,35.9,1.2,58.5,osrm_real
0517210000000000060825,11.6,36.4,3.1,59.0,osrm_real
0517210000000000061018,11.9,36.7,4.2,59.3,osrm_real
0565910000000000010129,2.2,2.2,2.1,99.1,osrm_real
0566510000000000010664,0.8,1.6,1.2,139.7,osrm_real
0566510000000000010863,1.2,1.2,1.7,137.6,osrm_real
0549020040400900010117,34.0,34.0,43.2,71.9,osrm_real
0505110000000000010313,0.7,1.1,1.4,110.6,osrm_real
0549010000000000010704,44.5,44.5,26.7,55.4,osrm_real
0549020120300300010136,61.2,40.1,2.0,72.2,osrm_real
0583720090700100010406,2.0,14.9,18.6,28.3,osrm_real
0583720100700200010115,23.9,24.0,43.0,52.6,osrm_real
0583720100700200010410,23.0,23.0,42.0,51.7,osrm_real
0504520020500200010207,8.9,8.7,12.0,43.2,osrm_real
0504520010101400010102,47.3,47.2,47.9,75.9,osrm_real
0505110000000000010129,0.2,1.3,1.3,111.5,osrm_real
0505110000000000010332,1.2,1.1,0.8,110.6,osrm_real
0505120060400100010112,95.1,95.7,95.7,194.3,osrm_real
0505120030200800010109,56.3,56.3,59.3,130.3,osrm_real
0514710000000000010203,3.1,7.7,2.8,49.1,osrm_real
0514710000000000020403,1.8,10.4,0.8,51.8,osrm_real
0514710000000000020518,0.7,10.3,2.1,51.7,osrm_real
0514710000000000030531,1.2,9.8,2.6,51.2,osrm_real
0514710000000000030542,0.9,10.3,2.7,51.7,osrm_real
0514710000000000030640,1.6,11.2,3.0,52.6,osrm_real
0549020120600600010103,35.5,35.6,26.8,46.5,osrm_real
0549020120600100010122,29.8,29.9,31.2,40.7,osrm_real
0549020030300200010106,22.2,22.2,50.3,79.0,osrm_real
0549020050300500010215,43.7,43.7,48.6,77.4,osrm_real
0549020120100700010103,39.8,39.8,21.3,50.7,osrm_real
0549020120301000010110,65.0,39.1,3.9,75.9,osrm_real
0549020120801600010108,53.4,26.5,12.5,84.5,osrm_real
0565920010300300010113,7.9,7.9,8.7,96.8,osrm_real
0565920010300300010135,7.8,7.8,8.6,97.3,osrm_real
0565920010100500010113,9.2,9.2,10.0,92.9,osrm_real
0566510000000000010415,1.4,2.2,1.8,140.3,osrm_real
0583720090700100010108,0.8,13.5,16.9,26.6,osrm_real
0583720090700100020123,0.7,12.7,17.2,26.8,osrm_real
0583720090700100020340,2.9,15.3,19.6,29.2,osrm_real
0583720090700100020510,1.5,13.5,17.9,27.6,osrm_real
0583720100700200010406,23.2,23.3,42.3,51.9,osrm_real
0583720100700200020401,22.8,22.9,41.9,51.5,osrm_real
0583720090600300010339,8.4,8.7,11.5,21.1,osrm_real
0583720100400800010210,7.1,6.5,25.6,35.2,osrm_real
0583720100400800010310,7.8,7.2,26.2,35.9,osrm_real
0583720090602600010122,7.0,10.9,13.3,23.0,osrm_real
0514710000000000010129,2.1,8.4,2.0,49.8,osrm_real
0514710000000000010326,2.2,7.8,1.9,49.2,osrm_real
0514710000000000020224,6.3,13.5,4.6,54.9,osrm_real
0514710000000000020524,1.7,10.6,1.6,52.0,osrm_real
0514710000000000020721,2.5,11.5,2.6,52.9,osrm_real
0514710000000000030212,1.8,8.6,2.7,50.0,osrm_real
0514710000000000030308,1.7,9.5,0.7,50.9,osrm_real
0514710000000000030310,1.4,10.0,0.7,51.4,osrm_real
0514710000000000030402,0.6,9.6,1.7,51.0,osrm_real
0514720011001000010106,7.0,6.3,6.7,48.2,osrm_real
0517210000000000010109,11.3,36.1,3.3,58.7,osrm_real
0517210000000000010126,11.8,36.5,3.8,59.2,osrm_real
0517210000000000010304,11.6,36.4,2.7,59.0,osrm_real
0517210000000000020102,10.6,35.4,1.4,58.0,osrm_real
0517210000000000020103,10.8,35.5,1.2,58.2,osrm_real
0517210000000000020110,10.5,35.3,0.9,57.9,osrm_real
0517210000000000020336,10.5,35.2,0.7,57.9,osrm_real
0517210000000000020502,12.2,36.9,1.9,59.6,osrm_real
0517210000000000020510,12.6,37.4,2.3,60.0,osrm_real
0517210000000000030115,9.9,34.7,2.3,57.3,osrm_real
0517210000000000030208,9.7,34.5,1.9,57.1,osrm_real
0517210000000000060216,10.7,35.5,2.9,58.1,osrm_real
0517210000000000060614,11.1,35.9,3.3,58.5,osrm_real
0517210000000000060714,11.6,36.4,3.4,59.0,osrm_real
0565910000000000010513,0.3,0.3,3.1,100.1,osrm_real
0565910000000000010145,2.6,2.6,2.5,99.4,osrm_real
0565910000000000010411,0.7,0.7,1.5,98.4,osrm_real
0583720110201800010209,48.2,61.5,64.7,74.3,osrm_real
0583720110201800010332,48.6,61.9,65.0,74.7,osrm_real
0505120060400100010103,94.9,95.5,95.4,194.1,osrm_real
0504520020300900010211,7.7,4.5,11.9,46.6,osrm_real
0504520010301100010212,5.9,6.6,8.0,41.5,osrm_real
0504520010301100010230,6.8,7.5,8.9,42.4,osrm_real
0505120030101100010113,47.0,47.0,46.7,127.9,osrm_real
0514710000000000010114,1.6,8.6,1.5,50.0,osrm_real
0514710000000000010305,2.7,7.8,2.3,49.2,osrm_real
0517220070300300010105,28.5,53.3,20.8,75.9,osrm_real
0549010000000000010203,43.7,43.8,25.9,54.6,osrm_real
0549010000000000010818,44.2,44.2,26.4,55.1,osrm_real
0549020120600100010112,30.2,30.3,31.3,41.2,osrm_real
0549020120600100010118,30.3,30.3,31.7,41.2,osrm_real
0549020030300200010225,21.9,21.9,50.0,78.7,osrm_real
0549020050300500010103,43.7,43.7,48.7,77.4,osrm_real
0549020120301300010104,72.7,48.7,9.6,75.6,osrm_real
0566510000000000010401,1.4,2.1,1.7,140.2,osrm_real
0566520040200800010103,38.4,38.4,38.4,171.4,osrm_real
0583720090700100020222,0.6,13.7,17.4,27.0,osrm_real
0583720090700100020353,2.7,15.1,19.4,29.1,osrm_real
0583720090700100020365,3.4,15.9,20.1,29.8,osrm_real
0583720090700100020507,2.0,14.0,18.4,28.1,osrm_real
0583720100700200020516,21.6,21.6,40.7,50.3,osrm_real
0583720090600300010346,7.1,11.2,13.6,23.2,osrm_real
0583720050200500010123,14.3,14.3,139.1,147.9,osrm_real
0583720090402400010107,3.8,3.8,6.6,16.2,osrm_real
0583720050603700010109,18.7,18.7,143.5,152.3,osrm_real
0504520010101400010110,47.3,47.2,47.9,75.9,osrm_real
0514710000000000020202,4.7,11.9,3.0,53.3,osrm_real
0514710000000000020713,1.2,10.8,2.1,52.2,osrm_real
0514710000000000030236,1.6,9.0,2.4,50.4,osrm_real
0549010000000000010404,42.9,43.0,25.1,53.8,osrm_real
0549020030300200010212,21.4,21.4,49.5,78.2,osrm_real
0549020120100700010101,39.7,39.8,21.9,50.7,osrm_real
0565910000000000010416,1.0,1.0,2.4,99.4,osrm_real
0565920010100500010106,9.2,9.2,10.1,93.0,osrm_real
0565920010100500010109,8.7,8.7,9.5,92.4,osrm_real
0566510000000000010823,1.2,1.2,1.3,138.6,osrm_real
0566520040200800010102,38.4,38.4,38.4,171.4,osrm_real
0583720090700100010310,0.7,13.5,17.1,26.8,osrm_real
0583720090700100010315,1.3,14.1,17.9,27.5,osrm_real
0583720090700100020330,3.6,16.0,20.3,30.0,osrm_real
0583720100700200010521,23.0,23.0,42.0,51.7,osrm_real
0583720100700200020111,23.3,23.3,42.3,52.0,osrm_real
0583720100700200020322,22.1,22.1,41.1,50.8,osrm_real
0583720240400900010101,5.6,0.0,8.0,5.8,osrm_real
0583720090103900010109,8.9,8.9,11.0,19.8,osrm_real
0514710000000000010403,2.4,8.0,2.0,49.4,osrm_real
0514710000000000020212,4.5,11.7,2.7,53.1,osrm_real
0514710000000000030215,1.1,9.1,2.0,50.5,osrm_real
0514710000000000030533,0.7,9.9,2.4,51.3,osrm_real
0514720010700700010104,18.2,40.7,17.9,63.4,osrm_real
0517210000000000010309,12.4,37.2,2.5,59.8,osrm_real
0517210000000000010408,11.2,36.0,3.3,58.6,osrm_real
0517210000000000010508,11.2,36.0,2.3,58.7,osrm_real
0517210000000000020413,12.1,36.9,1.8,59.5,osrm_real
0517210000000000020414,12.2,37.0,1.9,59.6,osrm_real
0517210000000000030110,10.2,35.0,2.7,57.6,osrm_real
0517210000000000050103,9.3,34.0,2.3,56.7,osrm_real
0517210000000000050503,9.7,34.5,2.1,57.1,osrm_real
0517210000000000050507,10.2,35.0,2.5,57.6,osrm_real
0517210000000000060521,11.5,36.3,2.3,58.9,osrm_real
0565910000000000010114,0.4,0.4,1.2,97.2,osrm_real
0566510000000000010911,1.7,2.5,2.0,140.5,osrm_real
0566510000000000011013,1.5,1.5,2.0,136.9,osrm_real
0583720110201800010113,47.0,58.7,63.4,73.1,osrm_real
0514710000000000020111,3.1,10.4,1.5,51.8,osrm_real
0514710000000000030316,1.9,9.2,0.8,50.6,osrm_real
0549020030300200010109,22.3,22.3,50.4,79.1,osrm_real
0549020120801600010105,53.3,26.4,13.0,85.0,osrm_real
0566510000000000011001,2.2,2.2,2.7,137.0,osrm_real
0583720090700100020419,2.1,13.9,18.6,28.2,osrm_real
0583720070201200010118,24.5,24.5,149.2,158.1,osrm_real
0514710000000000010713,2.2,10.2,1.1,51.6,osrm_real
0514710000000000010709,2.8,10.6,1.6,52.0,osrm_real
0514710000000000020508,1.3,10.7,1.8,52.2,osrm_real
0514710000000000020515,0.6,9.7,1.6,51.1,osrm_real
0514710000000000030107,1.4,9.1,1.8,50.6,osrm_real
0514710000000000030434,0.5,9.6,2.1,51.1,osrm_real
0514710000000000030515,1.5,9.9,3.0,51.3,osrm_real
0514710000000000030601,1.0,10.6,2.4,52.0,osrm_real
0514720010700700010132,18.3,40.8,18.0,63.5,osrm_real
0514720011001000010114,6.8,6.2,6.5,48.1,osrm_real
0517210000000000010406,11.1,35.8,3.1,58.5,osrm_real
0517210000000000010623,11.5,36.3,1.1,58.9,osrm_real
0517210000000000020229,11.9,36.7,1.8,59.3,osrm_real
0517210000000000050518,9.8,34.5,2.1,57.2,osrm_real
0517210000000000060108,10.3,35.1,1.2,57.7,osrm_real
0549020030200400010126,13.5,13.5,58.1,86.9,osrm_real
0565910000000000010119,1.4,1.4,2.3,96.7,osrm_real
0565910000000000010301,0.8,0.8,1.1,98.3,osrm_real
0565910000000000010702,1.4,1.4,2.0,98.1,osrm_real
0566510000000000010204,0.6,1.4,0.9,139.4,osrm_real
0566510000000000020116,1.6,2.4,2.0,140.5,osrm_real
0566510000000000030106,1.5,1.5,1.8,139.6,osrm_real
0583720110201800010321,47.9,61.2,64.3,74.0,osrm_real
0549010000000000010318,43.1,43.2,25.4,54.1,osrm_real
0549020120600600010109,35.9,35.9,27.3,46.8,osrm_real
0583720090700100010702,2.5,13.7,19.0,28.7,osrm_real
0583720100400800010101,7.2,7.4,26.4,36.1,osrm_real
0505110000000000010127,0.7,1.6,1.6,111.8,osrm_real
0504520020500200010205,9.0,10.6,12.1,43.2,osrm_real
0504520020300900010108,7.4,3.7,11.2,45.8,osrm_real
0504520020300900010124,6.9,3.4,10.8,45.4,osrm_real
0505110000000000010701,0.8,1.0,0.9,111.3,osrm_real
0505110000000000010917,0.7,1.6,1.5,111.5,osrm_real
0505110000000000011110,1.8,1.7,1.3,110.5,osrm_real
0505120050401400010113,46.0,46.0,81.1,178.7,osrm_real
0514710000000000010518,2.7,9.7,0.8,51.1,osrm_real
0514710000000000020413,2.2,11.0,1.5,52.4,osrm_real
0549010000000000010109,44.1,44.2,26.3,55.0,osrm_real
0549010000000000010320,43.3,43.4,25.5,54.2,osrm_real
0549010000000000010331,43.4,43.5,25.7,54.4,osrm_real
0549010000000000010333,43.3,43.4,25.6,54.3,osrm_real
0549010000000000010433,42.9,42.9,25.1,53.8,osrm_real
0549010000000000010710,44.1,44.1,26.3,55.0,osrm_real
0549010000000000010917,45.1,45.2,27.3,56.0,osrm_real
0549020120600100010418,30.6,30.6,31.5,41.5,osrm_real
0549020030300200010101,23.5,23.5,51.6,80.3,osrm_real
0549020120300300010124,61.8,39.6,0.7,72.7,osrm_real
0565920010100100010121,10.7,10.7,11.6,93.9,osrm_real
0566510000000000010314,1.2,1.2,1.0,139.3,osrm_real
0566510000000000010432,2.6,3.4,3.0,141.5,osrm_real
0566510000000000010846,1.6,1.6,1.7,139.3,osrm_real
0583720090700100010129,1.6,14.3,17.6,27.2,osrm_real
0583720090700100010717,1.5,12.0,18.0,27.7,osrm_real
0583720100700200020323,22.0,22.0,41.0,50.7,osrm_real
0583720090600300010103,10.9,10.9,13.7,23.3,osrm_real
0583720050200500010116,13.4,13.4,138.2,147.0,osrm_real
0583720100400800010305,7.1,6.5,25.6,35.2,osrm_real
0583720100400800010306,6.8,6.3,25.3,34.9,osrm_real
0583720090402400010117,3.9,3.9,6.7,16.4,osrm_real
0583720220103600010101,87.8,87.8,100.8,110.5,osrm_real
0505120030200900010114,50.6,50.6,61.2,118.0,osrm_real
0514710000000000010812,2.0,8.7,1.3,50.1,osrm_real
0517220070300300010102,28.3,53.1,20.6,75.7,osrm_real
0549010000000000010715,44.3,44.4,26.5,55.3,osrm_real
0549020030300200010222,22.1,22.1,50.2,78.9,osrm_real
0549020050300500010216,43.3,43.3,48.2,76.9,osrm_real
0549020090200800010112,55.1,55.1,54.0,92.9,osrm_real
0549020040400900010106,34.9,34.9,43.9,72.6,osrm_real
0583720090700100010131,1.5,14.1,17.5,27.2,osrm_real
0566510000000000010504,0.6,0.6,0.2,138.7,osrm_real
0583720090700100010215,1.8,14.5,18.0,27.6,osrm_real
0583720100400800010208,7.0,6.4,25.5,35.1,osrm_real
0583720070201200010113,24.4,24.4,149.2,158.0,osrm_real
0504520010301100010220,6.1,6.8,8.2,41.7,osrm_real
0514710000000000030641,1.7,11.2,3.0,52.6,osrm_real
0504520020300900010103,7.1,3.4,10.9,45.5,osrm_real
0505110000000000010909,0.7,1.6,1.5,111.7,osrm_real
0505110000000000011018,0.6,1.4,1.3,110.5,osrm_real
0505120040101000010102,68.3,68.3,67.9,141.8,osrm_real
0514710000000000020517,0.7,10.3,2.0,51.7,osrm_real
0514710000000000030432,0.4,10.2,2.0,51.6,osrm_real
0549010000000000010127,44.1,44.1,26.3,55.0,osrm_real
0549010000000000010316,43.4,43.4,25.6,54.3,osrm_real
0549020120600100010306,31.2,31.3,32.3,42.2,osrm_real
0549020030300200010217,21.3,21.3,49.5,78.2,osrm_real
0549020090200800010120,55.0,55.0,53.9,92.7,osrm_real
0549020040400900010112,35.0,35.0,44.0,72.7,osrm_real
0549020090201200010105,60.2,60.2,59.1,97.9,osrm_real
0549020090201200010109,59.8,59.8,58.7,97.5,osrm_real
0549020120301300010102,73.0,49.0,9.9,75.9,osrm_real
0566510000000000010547,1.0,1.0,1.0,138.8,osrm_real
0566510000000000010565,1.1,1.3,0.8,139.3,osrm_real
0566520040200800010107,38.2,38.2,38.3,171.2,osrm_real
0583720090700100020518,2.0,13.7,18.4,28.1,osrm_real
0583720100700200010119,25.2,25.3,44.3,53.9,osrm_real
0583720100700200010509,23.2,23.2,42.2,51.9,osrm_real
0583720050200500010119,13.4,13.4,138.1,146.9,osrm_real
0583720100400800010103,7.5,7.7,26.7,36.3,osrm_real
0583720100400800010423,7.4,7.6,26.7,36.3,osrm_real
0583720080301000010124,7.8,7.8,9.3,18.2,osrm_real
0583720070201200010114,24.5,24.5,149.3,158.1,osrm_real
0583720030802900010120,15.7,15.8,17.8,26.6,osrm_real
0583720090103900010105,8.1,8.7,10.2,19.0,osrm_real
0514720011001000010102,7.1,6.5,6.8,48.4,osrm_real
0514710000000000010133,3.2,8.9,2.9,50.3,osrm_real
0514710000000000010135,2.4,8.1,2.1,49.5,osrm_real
0514710000000000010415,2.2,8.2,1.8,49.6,osrm_real
0514710000000000010708,3.0,10.6,1.7,52.1,osrm_real
0514710000000000010720,2.2,10.6,1.1,52.0,osrm_real
0514710000000000020121,4.0,10.7,2.2,52.1,osrm_real
0514710000000000020231,6.1,13.3,4.3,54.7,osrm_real
0514710000000000020241,4.9,12.1,3.1,53.5,osrm_real
0514710000000000020526,1.8,10.7,1.8,52.1,osrm_real
0514710000000000030313,1.6,9.7,0.9,51.1,osrm_real
0514710000000000030315,2.0,9.3,0.9,50.7,osrm_real
0514710000000000030538,1.0,10.0,2.5,51.5,osrm_real
0514710000000000030635,2.0,11.6,2.9,53.0,osrm_real
0514720010700700010103,18.6,41.2,18.4,63.8,osrm_real
0514720011001000010116,6.8,6.1,6.5,48.0,osrm_real
0517210000000000010536,12.3,37.1,1.9,59.7,osrm_real
0517210000000000010205,12.2,37.0,2.7,59.6,osrm_real
0517210000000000010312,11.6,36.4,2.4,59.0,osrm_real
0517210000000000010317,11.1,35.9,2.9,58.5,osrm_real
0517210000000000010409,11.0,35.7,3.0,58.4,osrm_real
0517210000000000010620,10.5,35.3,2.3,57.9,osrm_real
0517210000000000010708,13.2,38.0,3.7,60.6,osrm_real
0517210000000000020215,11.1,35.9,0.5,58.5,osrm_real
0517210000000000020316,10.3,35.1,0.6,57.7,osrm_real
0517210000000000030107,10.4,35.1,2.9,57.8,osrm_real
0517210000000000050303,10.1,34.9,2.4,57.5,osrm_real
0517210000000000060202,10.7,35.5,2.9,58.1,osrm_real
0517210000000000060304,10.1,34.8,2.0,57.5,osrm_real
0517210000000000060427,11.4,36.2,1.6,58.8,osrm_real
0517210000000000060509,10.8,35.6,2.1,58.2,osrm_real
0517210000000000060629,10.5,35.3,2.7,57.9,osrm_real
0517210000000000060735,10.9,35.7,3.2,58.3,osrm_real
0517210000000000060936,12.9,37.7,3.0,60.3,osrm_real
0565910000000000010123,2.4,2.4,2.3,99.2,osrm_real
0565910000000000010512,0.5,0.5,2.8,100.1,osrm_real
0565910000000000010606,1.8,1.8,2.3,98.4,osrm_real
0566510000000000030107,1.1,1.1,1.4,139.2,osrm_real
0549020050300500010207,43.8,43.8,48.7,77.4,osrm_real
0504520010101600010101,41.6,41.5,42.2,70.1,osrm_real
0504520020500200010116,9.4,9.2,12.5,43.7,osrm_real
0504520020300300010103,4.6,0.2,7.7,42.3,osrm_real
0504520020300900010309,7.3,3.8,11.3,45.9,osrm_real
0505110000000000010513,0.5,1.0,1.6,109.8,osrm_real
0505110000000000010545,1.2,1.1,1.6,109.4,osrm_real
0505120030200900010118,52.3,52.3,59.0,115.7,osrm_real
0514710000000000020208,4.7,11.9,2.9,53.3,osrm_real
0514710000000000030611,1.5,11.1,2.3,52.5,osrm_real
0514720010601300010104,12.8,12.8,17.8,59.3,osrm_real
0583720090700100020344,3.0,15.5,19.8,29.4,osrm_real
0549010000000000010407,42.7,42.8,25.0,53.7,osrm_real
0549010000000000010434,43.1,43.2,25.3,54.1,osrm_real
0549020120600100010406,30.7,30.8,31.8,41.7,osrm_real
0566510000000000010409,1.6,2.4,1.9,140.4,osrm_real
0566510000000000010869,0.3,0.3,0.6,138.4,osrm_real
0583720090700100010322,2.2,14.1,17.6,27.2,osrm_real
0583720090700100010607,1.2,12.8,17.7,27.3,osrm_real
0583720100700200010107,24.3,24.4,43.4,53.0,osrm_real
0583720100700200010120,25.2,25.3,44.3,54.0,osrm_real
0583720100700200010214,23.9,24.0,43.0,52.6,osrm_real
0583720090600300010110,10.9,10.9,13.7,23.4,osrm_real
0583720090600300010213,11.6,11.6,14.4,24.1,osrm_real
0583720100400800010414,8.0,8.2,27.2,36.8,osrm_real
0583720100400800010416,7.5,7.7,26.7,36.3,osrm_real
0504520020300900010227,7.8,4.5,12.0,46.6,osrm_real
0505120030101100010123,48.5,48.5,47.6,129.4,osrm_real
0505120050401400010104,45.7,45.7,80.8,178.4,osrm_real
0549010000000000010114,44.2,44.2,26.4,55.1,osrm_real
0549010000000000010908,45.1,45.2,27.3,56.0,osrm_real
0549020120600100010230,30.9,30.9,31.9,41.8,osrm_real
0549020120300300010113,61.7,39.4,0.6,72.6,osrm_real
0549020120101100010104,44.6,44.7,29.9,55.6,osrm_real
0565920010100500010105,9.2,9.2,10.1,93.0,osrm_real
0566510000000000010424,1.7,2.5,2.1,140.6,osrm_real
0566510000000000011009,1.9,1.9,2.4,137.3,osrm_real
0566520040200200010104,25.7,25.7,25.8,163.3,osrm_real
0583720090700100010223,1.1,13.9,17.5,27.2,osrm_real
0583720090700100020112,0.8,12.9,17.3,27.0,osrm_real
0583720090700100020361,2.0,14.7,18.7,28.4,osrm_real
0583720100700200010416,23.4,23.4,42.4,52.1,osrm_real
0583720100700200020113,23.0,23.0,42.0,51.7,osrm_real
0583720090600300010101,11.1,11.1,13.9,23.5,osrm_real
0583720100400800010207,7.0,6.4,25.4,35.1,osrm_real
0583720070201200010110,24.0,24.0,148.8,157.6,osrm_real
0583720090603100010107,7.2,17.5,19.9,29.6,osrm_real
0514710000000000010328,2.5,8.1,2.2,49.5,osrm_real
0514710000000000020522,1.6,10.5,1.6,51.9,osrm_real
0514710000000000020917,6.9,14.1,5.1,55.5,osrm_real
0514710000000000030110,1.6,8.8,1.9,50.2,osrm_real
0514720011001000010145,6.4,5.7,6.1,47.6,osrm_real
0517210000000000010528,11.7,36.5,1.4,59.1,osrm_real
0517210000000000010107,11.8,36.6,3.0,59.3,osrm_real
0517210000000000010410,10.8,35.6,2.8,58.2,osrm_real
0517210000000000010527,12.0,36.8,1.8,59.4,osrm_real
0517210000000000020202,10.1,34.9,1.0,57.5,osrm_real
0517210000000000020410,11.7,36.5,1.4,59.1,osrm_real
0517210000000000020508,12.6,37.4,2.3,60.0,osrm_real
0517210000000000020513,13.3,38.0,3.2,60.7,osrm_real
0517210000000000050307,10.2,35.0,2.6,57.6,osrm_real
0517210000000000050407,10.6,35.4,2.9,58.0,osrm_real
0517210000000000050429,10.7,35.5,2.9,58.1,osrm_real
0517210000000000060113,9.9,34.7,1.7,57.3,osrm_real
0517210000000000060405,10.7,35.5,0.9,58.1,osrm_real
0517210000000000060423,11.5,36.3,1.7,58.9,osrm_real
0517210000000000060619,11.4,36.2,3.2,58.8,osrm_real
0517210000000000061011,11.8,36.6,4.1,59.2,osrm_real
0549020050300500010110,44.2,44.2,49.1,77.8,osrm_real
0565910000000000010307,0.5,0.5,1.0,98.3,osrm_real
0565910000000000010715,2.6,2.6,3.1,99.2,osrm_real
0566510000000000011014,1.5,1.5,2.0,136.6,osrm_real
0583720110201800010109,47.7,59.5,64.2,73.8,osrm_real
0583720110201800010215,48.3,61.6,64.7,74.4,osrm_real
0583720110201800010222,48.2,60.0,64.7,74.4,osrm_real
0583720110201800010319,47.3,59.1,63.8,73.4,osrm_real
0583720110201800010329,48.6,62.0,65.1,74.8,osrm_real
0583720090700100020329,3.7,16.2,20.4,30.0,osrm_real
0583720090600300010115,10.8,10.8,13.7,23.3,osrm_real
0583720090402400010104,3.8,3.8,6.6,16.2,osrm_real
0583720090700100010512,1.1,14.0,17.7,27.4,osrm_real
0504520020300900010122,7.6,4.3,11.8,46.4,osrm_real
0504520020300900010221,7.3,4.4,11.9,46.5,osrm_real
0504520020300900010307,7.1,3.5,11.0,45.6,osrm_real
0504520020300900010316,7.0,3.6,11.1,45.7,osrm_real
0505110000000000010120,0.5,0.5,0.4,110.8,osrm_real
0505120030200900010119,52.4,52.4,58.9,115.6,osrm_real
0505120040101000010118,68.6,68.6,68.2,141.8,osrm_real
0505120030101100010111,47.8,47.8,46.7,128.7,osrm_real
0514710000000000010310,2.6,7.8,2.2,49.3,osrm_real
0514710000000000020608,1.6,10.5,1.4,51.9,osrm_real
0514710000000000020619,1.9,10.7,1.7,52.1,osrm_real
0514720010601300010107,13.2,13.2,18.2,59.7,osrm_real
0583720090602600010116,8.3,12.2,14.7,24.3,osrm_real
0549010000000000010105,44.3,44.4,26.6,55.3,osrm_real
0549010000000000010107,44.8,44.8,27.0,55.7,osrm_real
0549010000000000010206,43.5,43.6,25.7,54.5,osrm_real
0549020090200800010106,55.8,55.8,54.7,93.5,osrm_real
0549020040400900010110,35.0,35.0,44.0,72.7,osrm_real
0549020120301400010105,58.2,42.1,3.1,69.1,osrm_real
0566510000000000030105,1.7,1.7,2.0,139.8,osrm_real
0565920010300300010101,8.4,8.4,9.2,96.9,osrm_real
0566510000000000010745,1.2,2.0,1.5,140.0,osrm_real
0566510000000000010805,0.4,0.4,0.9,137.6,osrm_real
0583720090700100010140,1.2,14.0,17.3,26.9,osrm_real
0583720090700100010120,1.4,14.1,17.4,27.1,osrm_real
0583720090700100020105,0.5,13.0,17.0,26.6,osrm_real
0583720090700100020226,0.9,13.6,17.6,27.2,osrm_real
0583720090700100020336,3.1,15.6,19.8,29.5,osrm_real
0583720090700100020343,2.6,15.1,19.3,29.0,osrm_real
0583720100700200020109,23.1,23.1,42.1,51.8,osrm_real
0583720090600300010116,10.3,10.3,13.2,22.8,osrm_real
0583720050200500010125,14.3,14.3,139.1,147.9,osrm_real
0583720070201200010111,24.2,24.2,149.0,157.8,osrm_real
0583720090302500010107,4.8,4.8,6.3,15.2,osrm_real
0583720030802900010103,15.2,15.3,17.3,26.2,osrm_real
0583720010203800010109,6.1,6.1,130.8,139.7,osrm_real
0514710000000000010413,1.8,8.6,1.4,50.0,osrm_real
0514710000000000020912,6.7,13.9,4.9,55.3,osrm_real
0514710000000000030502,1.3,10.1,2.8,51.6,osrm_real
0514710000000000030527,1.9,10.2,3.3,51.6,osrm_real
0514710000000000030545,1.4,10.4,2.9,51.8,osrm_real
0514710000000000030637,1.9,11.5,2.9,52.9,osrm_real
0514720010700700010116,19.1,41.6,18.8,64.2,osrm_real
0514720010700700010123,19.0,41.5,18.7,64.1,osrm_real
0514720011001000010118,6.8,6.2,6.5,48.1,osrm_real
0514720011001000010129,6.6,6.0,6.3,47.9,osrm_real
0517210000000000010618,10.9,35.7,2.0,58.3,osrm_real
0517210000000000020428,12.3,37.1,2.0,59.7,osrm_real
0517210000000000020432,12.5,37.3,2.3,59.9,osrm_real
0517210000000000020514,13.3,38.1,3.3,60.7,osrm_real
0517210000000000030118,11.1,35.9,3.5,58.5,osrm_real
0517210000000000050207,9.8,34.6,2.3,57.2,osrm_real
0517210000000000050305,10.7,35.5,3.0,58.1,osrm_real
0517210000000000050325,10.1,34.8,2.4,57.5,osrm_real
0517210000000000050402,10.8,35.5,3.0,58.2,osrm_real
0517210000000000050529,9.9,34.7,2.1,57.3,osrm_real
0517210000000000060305,10.1,34.9,1.9,57.5,osrm_real
0517210000000000060620,11.2,36.0,3.4,58.6,osrm_real
0565910000000000010146,1.3,1.3,1.3,98.3,osrm_real
0565910000000000010305,0.4,0.4,0.7,97.9,osrm_real
0565910000000000010617,1.7,1.7,2.3,98.4,osrm_real
0565910000000000010713,3.0,3.0,3.5,99.6,osrm_real
0583720110201800010219,48.5,61.8,64.9,74.6,osrm_real
0514710000000000010731,2.7,10.1,1.2,51.5,osrm_real
0514710000000000010810,2.1,8.4,1.6,49.8,osrm_real
0514710000000000010817,2.3,9.1,0.9,50.5,osrm_real
0514710000000000030106,1.4,9.2,1.8,50.6,osrm_real
0514710000000000030604,1.6,11.1,2.4,52.5,osrm_real
0514710000000000030613,1.8,11.4,2.7,52.8,osrm_real
0517210000000000010401,11.4,36.2,3.4,58.8,osrm_real
0517210000000000020205,10.6,35.4,0.5,58.0,osrm_real
0517210000000000020405,11.8,36.5,1.4,59.2,osrm_real
0517210000000000060219,10.8,35.6,2.6,58.2,osrm_real
0517210000000000060303,10.3,35.1,1.7,57.7,osrm_real
0517210000000000060308,10.7,35.5,1.3,58.2,osrm_real
0517210000000000060314,10.8,35.5,1.7,58.2,osrm_real
0517210000000000061002,11.4,36.2,3.7,58.8,osrm_real
0549020030200400010132,12.9,12.9,57.8,86.5,osrm_real
0566510000000000011020,2.1,2.1,2.6,137.0,osrm_real
0583720110201800010221,48.7,62.0,65.1,74.8,osrm_real
0514710000000000020428,1.4,10.2,1.3,51.6,osrm_real
0517210000000000010608,11.5,36.3,1.1,58.9,osrm_real
0517210000000000060815,11.9,36.7,2.1,59.3,osrm_real
0565910000000000010117,0.6,0.6,1.5,97.5,osrm_real
0504520020500200010114,9.6,9.3,12.7,43.8,osrm_real
0504520020300300010105,6.3,2.0,9.4,44.1,osrm_real
0504520020300900010107,8.0,4.5,11.9,46.6,osrm_real
0504520020300900010201,9.5,6.0,13.5,48.1,osrm_real
0504520020300900010304,7.6,4.1,11.5,46.2,osrm_real
0505110000000000010308,0.6,1.2,1.3,110.9,osrm_real
0505110000000000010404,0.6,0.6,1.0,110.5,osrm_real
0505110000000000010808,0.5,1.6,1.5,111.9,osrm_real
0505110000000000010902,0.4,1.2,1.1,111.3,osrm_real
0505110000000000011022,0.9,1.7,1.3,110.6,osrm_real
0505120030200900010102,51.4,51.4,60.0,116.8,osrm_real
0505120030200900010109,50.7,50.7,60.6,117.4,osrm_real
0514710000000000030431,0.5,10.0,2.2,51.4,osrm_real
0514710000000000030623,1.6,11.2,2.4,52.6,osrm_real
0517220100400700010104,19.2,25.2,11.4,66.6,osrm_real
0549010000000000010103,44.3,44.3,26.5,55.2,osrm_real
0549010000000000010328,43.3,43.4,25.6,54.3,osrm_real
0549010000000000010711,44.1,44.2,26.4,55.1,osrm_real
0549010000000000010723,44.1,44.1,26.3,55.0,osrm_real
0549020120600100010134,30.7,30.7,31.9,41.6,osrm_real
0549020120301000010101,65.3,39.6,4.2,76.3,osrm_real
0549020090201200010103,60.0,60.0,58.9,97.8,osrm_real
0583720090600300010331,8.0,8.3,11.2,20.8,osrm_real
0566510000000000010217,0.4,1.2,0.7,139.2,osrm_real
0566510000000000010317,1.0,1.0,1.2,139.0,osrm_real
0566510000000000010724,0.8,1.6,1.2,139.7,osrm_real
0566510000000000010818,1.0,1.0,1.0,138.4,osrm_real
0566510000000000010909,0.9,1.7,1.2,139.7,osrm_real
0583720090700100010609,1.3,12.9,17.7,27.4,osrm_real
0583720090700100010611,1.7,13.2,18.1,27.8,osrm_real
0583720090700100020101,0.0,13.1,16.7,26.4,osrm_real
0583720100700200010514,23.4,23.5,42.5,52.1,osrm_real
0583720090600300010112,11.1,11.1,13.9,23.5,osrm_real
0583720050200500010114,13.5,13.5,138.3,147.1,osrm_real
0583720030700600010114,20.6,20.7,22.7,31.6,osrm_real
0583720020101300010117,26.6,0.4,103.0,111.8,osrm_real
0583720020101300010207,26.3,0.6,103.5,112.3,osrm_real
0583720090602600010114,6.9,10.8,13.2,22.9,osrm_real
0583720030802900010105,15.5,15.5,17.6,26.4,osrm_real
0583720030802900010111,15.1,15.2,17.2,26.0,osrm_real
0504520020300900010324,7.7,4.2,11.7,46.3,osrm_real
0504520010101400010104,47.3,47.2,47.9,75.9,osrm_real
0504520020500200010104,9.1,10.8,12.2,43.4,osrm_real
0504520020300900010106,7.7,4.2,11.7,46.3,osrm_real
0505110000000000010609,2.3,2.3,2.3,111.3,osrm_real
0549020040400900010132,34.8,34.8,42.3,71.0,osrm_real
0549020050401800010108,37.5,37.5,32.0,60.7,osrm_real
0566510000000000010564,1.4,1.6,1.1,139.5,osrm_real
0566510000000000010634,0.3,1.1,0.7,139.2,osrm_real
0583720100700200020132,24.7,24.8,43.8,53.4,osrm_real
0583720050200500010124,13.7,13.7,138.5,147.3,osrm_real
0583720100400800010304,7.3,6.7,25.7,35.4,osrm_real
0583720070202000010106,158.8,158.8,160.3,169.1,osrm_real
0514710000000000010501,3.2,9.2,1.9,50.6,osrm_real
0514710000000000010504,2.9,9.0,1.5,50.4,osrm_real
0514710000000000010717,2.7,10.8,1.7,52.2,osrm_real
0514710000000000020905,6.6,13.8,4.8,55.2,osrm_real
0514710000000000030233,1.8,8.8,2.7,50.2,osrm_real
0514710000000000030420,1.0,10.7,2.6,52.1,osrm_real
0514710000000000030435,0.7,9.8,2.2,51.2,osrm_real
0514710000000000030437,1.1,9.9,2.6,51.3,osrm_real
0514710000000000030610,1.5,11.1,2.6,52.5,osrm_real
0514720011001000010137,6.1,5.5,5.8,47.4,osrm_real
0514720011001000010143,6.9,6.2,6.5,48.1,osrm_real
0517210000000000010301,11.5,36.3,3.5,58.9,osrm_real
0517210000000000010414,10.9,35.7,3.0,58.3,osrm_real
0517210000000000020505,12.4,37.2,2.1,59.8,osrm_real
0517210000000000030103,10.8,35.6,3.0,58.2,osrm_real
0517210000000000050211,10.1,34.8,2.3,57.5,osrm_real
0517210000000000050317,10.8,35.6,3.1,58.2,osrm_real
0517210000000000050513,9.8,34.5,2.0,57.2,osrm_real
0517210000000000060934,13.0,37.8,3.0,60.4,osrm_real
0517210000000000060507,11.2,36.0,1.8,58.7,osrm_real
0517210000000000060935,13.3,38.0,3.2,60.7,osrm_real
0549020030200400010129,12.9,12.9,57.7,86.4,osrm_real
0565910000000000010140,1.9,1.9,1.8,98.8,osrm_real
0566510000000000020122,2.0,2.7,2.3,140.8,osrm_real
0504520020300900010220,6.8,3.9,11.4,46.0,osrm_real
0504520010301100010105,6.6,6.4,7.8,39.5,osrm_real
0504520010301100010108,6.1,5.9,7.3,40.1,osrm_real
0504520010301100010213,5.7,6.4,7.8,41.3,osrm_real
0504520010101600010117,40.7,40.6,41.3,69.3,osrm_real
0505110000000000010319,1.3,1.2,0.8,110.7,osrm_real
0505110000000000010344,0.5,0.5,0.4,110.7,osrm_real
0505110000000000010604,1.6,1.9,1.8,111.8,osrm_real
0505110000000000010905,0.4,1.5,1.4,111.6,osrm_real
0505110000000000011041,1.5,2.3,1.9,110.8,osrm_real
0505120030200800010107,56.1,56.1,59.1,130.1,osrm_real
0514710000000000020716,1.7,11.3,2.6,52.7,osrm_real
0514710000000000030511,0.6,9.6,2.1,51.0,osrm_real
0514720010601300010106,12.9,12.9,17.8,59.4,osrm_real
0517220100400700010112,19.2,25.2,11.4,66.6,osrm_real
0549020120600100010308,31.3,31.3,32.3,42.2,osrm_real
0549010000000000010613,50.0,50.1,32.2,60.9,osrm_real
0549020120600100010215,31.0,31.1,32.1,41.9,osrm_real
0549020120300300010125,61.5,38.7,0.4,72.4,osrm_real
0549020120801600010101,53.8,26.9,13.1,85.1,osrm_real
0566510000000000010349,1.5,1.5,1.7,139.6,osrm_real
0566510000000000010416,1.7,2.5,2.0,140.5,osrm_real
0566510000000000010610,0.2,1.0,0.5,139.0,osrm_real
0566510000000000010847,0.8,0.8,1.3,137.8,osrm_real
0566510000000000010853,1.8,1.8,1.9,139.4,osrm_real
0566520040200200010101,25.9,25.9,25.9,163.5,osrm_real
0583720090700100010513,1.3,14.1,17.9,27.5,osrm_real
0583720090700100020403,2.4,14.4,18.8,28.5,osrm_real
0583720090700100020422,2.8,15.1,19.3,29.0,osrm_real
0583720100700200010204,23.9,23.9,42.9,52.6,osrm_real
0583720100700200020507,22.0,22.1,41.1,50.7,osrm_real
0583720090600300010208,10.5,10.5,13.3,22.9,osrm_real
0583720090600300010309,6.8,10.5,13.3,22.9,osrm_real
0583720090600300010328,8.4,8.7,11.6,21.2,osrm_real
0583720050200500010108,13.8,13.8,138.6,147.4,osrm_real
0583720100400800010316,7.0,6.5,25.5,35.1,osrm_real
0583720020101300010211,26.6,0.4,103.1,111.9,osrm_real
0583720030802900010106,15.2,15.2,17.3,26.1,osrm_real
0583720240204300010102,,,,,osrm_real_parcial
0504520010101600010112,41.1,41.0,41.7,69.7,osrm_real
0505110000000000010146,0.8,1.6,1.5,111.7,osrm_real
0505110000000000011122,2.1,2.1,1.7,110.4,osrm_real
0566510000000000010870,0.8,0.8,1.1,138.3,osrm_real
0566520010100400010114,76.1,76.1,76.1,213.7,osrm_real
0583720090700100020351,3.1,15.5,19.8,29.5,osrm_real
0583720050202800010106,38.5,38.5,163.3,172.1,osrm_real
0583720030802900010124,14.5,14.6,16.6,25.5,osrm_real
0514710000000000010314,2.6,8.0,2.2,49.4,osrm_real
0514710000000000010319,2.4,8.2,2.1,49.6,osrm_real
0514710000000000010728,2.1,10.3,1.0,51.7,osrm_real
0514710000000000020230,5.8,13.0,4.1,54.4,osrm_real
0514710000000000030544,1.2,10.3,2.7,51.7,osrm_real
0514720011001000010119,6.8,6.1,6.5,48.0,osrm_real
0517210000000000010515,11.8,36.6,1.6,59.3,osrm_real
0517210000000000020226,10.8,35.6,0.4,58.2,osrm_real
0517210000000000060122,10.3,35.1,1.6,57.7,osrm_real
0517210000000000060511,11.3,36.1,1.9,58.7,osrm_real
0517210000000000060612,10.9,35.7,3.2,58.3,osrm_real
0517210000000000060701,11.4,36.2,3.1,58.8,osrm_real
0517210000000000060707,11.3,36.1,3.5,58.7,osrm_real
0517210000000000060803,11.9,36.6,2.0,59.3,osrm_real
0549020030200400010117,13.0,13.0,57.6,86.3,osrm_real
0549020030200400010131,12.9,12.9,57.8,86.5,osrm_real
0565910000000000010135,2.5,2.5,2.4,99.4,osrm_real
0583720110201800010326,48.1,61.4,64.6,74.2,osrm_real
0504520030101500010107,6.0,2.8,9.1,43.7,osrm_real
0504520010101600010115,40.9,40.8,41.5,69.5,osrm_real
0505110000000000010113,0.5,1.2,1.1,111.5,osrm_real
0505110000000000010114,0.2,1.0,0.9,111.3,osrm_real
0505110000000000010521,0.6,0.5,1.1,109.7,osrm_real
0505110000000000010534,0.6,0.9,1.4,109.7,osrm_real
0505110000000000010912,0.6,1.6,1.5,111.7,osrm_real
0505120040101000010119,68.9,68.9,68.5,142.1,osrm_real
0514710000000000020419,1.5,10.2,0.7,51.6,osrm_real
0514710000000000020717,1.8,11.4,2.6,52.8,osrm_real
0517220060601500010107,14.9,39.6,7.1,62.3,osrm_real
0565920010100100010123,11.1,11.1,12.0,94.3,osrm_real
0583720100700200010212,23.8,23.8,42.9,52.5,osrm_real
0583720100700200010301,24.3,24.3,43.3,53.0,osrm_real
0583720090700100010302,2.1,14.2,17.7,27.3,osrm_real
0583720090700100020103,0.6,13.4,17.3,27.0,osrm_real
0583720090700100020404,2.6,14.6,19.1,28.7,osrm_real
0583720100700200020106,22.6,22.7,41.7,51.3,osrm_real
0583720100700200020117,22.5,22.5,41.5,51.2,osrm_real
0583720100700200020317,22.3,22.3,41.3,51.0,osrm_real
0583720100700200020511,21.7,21.7,40.7,50.4,osrm_real
0583720050200500010106,13.6,13.6,138.3,147.2,osrm_real
0583720100400800010118,7.4,7.5,26.6,36.2,osrm_real
0583720240400900010107,5.6,0.0,8.0,5.8,osrm_real
0583720090402400010122,3.9,3.9,6.7,16.4,osrm_real
0583720090402400010123,3.9,3.9,6.7,16.4,osrm_real
0583720050603700010110,18.5,18.5,143.2,152.1,osrm_real
0504520010301100010211,5.5,6.2,7.7,41.1,osrm_real
0505110000000000010805,0.3,1.4,1.3,111.7,osrm_real
0505110000000000010911,0.8,1.7,1.6,111.8,osrm_real
0505120060400100010106,94.4,95.0,94.9,193.5,osrm_real
0505120060400100010110,95.0,95.6,95.5,194.1,osrm_real
0549010000000000010411,42.9,42.9,25.1,53.8,osrm_real
0549010000000000010430,42.9,43.0,25.2,53.9,osrm_real
0549010000000000010812,44.8,44.9,27.1,55.8,osrm_real
0549020120600100010304,31.3,31.4,32.4,42.3,osrm_real
0549020090200800010103,56.2,56.2,55.1,94.0,osrm_real
0549020090200800010119,55.2,55.2,54.0,92.9,osrm_real
0565920020300400010104,47.6,47.6,48.5,130.9,osrm_real
0566510000000000010544,1.0,1.1,0.7,139.2,osrm_real
0566510000000000011017,1.8,1.8,2.3,136.2,osrm_real
0566520040200800010109,38.2,38.2,38.2,171.1,osrm_real
0583720090700100010106,1.2,13.9,17.3,27.0,osrm_real
0583720090700100010419,2.3,14.4,17.8,27.5,osrm_real
0583720090700100020109,0.9,13.3,17.5,27.1,osrm_real
0583720090700100020224,0.8,13.7,17.6,27.2,osrm_real
0583720100700200020517,21.4,21.5,40.5,50.1,osrm_real
0583720100400800010115,7.3,7.5,26.5,36.2,osrm_real
0583720230401400010102,67.1,91.9,104.9,114.5,osrm_real
0514710000000000010417,1.8,8.7,1.3,50.1,osrm_real
0514710000000000010822,2.3,8.7,1.4,50.1,osrm_real
0514710000000000020221,5.5,12.7,3.7,54.1,osrm_real
0514710000000000030213,1.2,9.0,2.1,50.4,osrm_real
0514710000000000030429,0.6,10.2,2.3,51.6,osrm_real
0517210000000000010127,12.2,37.0,4.0,59.6,osrm_real
0517210000000000010302,11.0,35.8,3.1,58.5,osrm_real
0517210000000000010402,11.2,36.0,3.3,58.7,osrm_real
0517210000000000010407,11.1,35.8,3.1,58.5,osrm_real
0517210000000000050104,9.3,34.0,2.3,56.7,osrm_real
0517210000000000050205,10.0,34.8,2.6,57.4,osrm_real
0517210000000000050212,9.9,34.7,2.6,57.3,osrm_real
0517210000000000050410,10.5,35.3,2.7,57.9,osrm_real
0517210000000000050423,10.2,35.0,2.4,57.6,osrm_real
0517210000000000060120,10.6,35.4,1.2,58.0,osrm_real
0549020050300500010217,43.6,43.6,48.5,77.2,osrm_real
0565910000000000010232,1.8,1.8,2.6,98.3,osrm_real
0566510000000000020121,2.0,2.7,2.3,140.8,osrm_real
0583720110201800010117,47.3,59.0,63.7,73.4,osrm_real
0517220070300300010111,28.9,53.6,21.1,76.3,osrm_real
0504520020500200010204,8.9,10.6,12.0,43.1,osrm_real
0504520020500200010117,9.6,9.3,12.6,43.8,osrm_real
0504520010301100010104,6.9,6.7,8.1,39.6,osrm_real
0504520010301100010214,5.9,6.6,8.0,41.5,osrm_real
0504520010101600010104,41.3,41.2,41.9,69.9,osrm_real
0505120020500300010121,69.0,69.0,58.4,155.9,osrm_real
0505120040101000010104,68.6,68.6,68.1,141.6,osrm_real
0505120030101100010106,48.2,48.2,47.3,129.1,osrm_real
0514710000000000020711,1.4,11.0,2.0,52.4,osrm_real
0514710000000000030556,1.8,10.2,3.3,51.6,osrm_real
0517220070300300010106,28.6,53.4,20.9,76.1,osrm_real
0549020090200800010115,55.3,55.3,54.2,93.1,osrm_real
0549010000000000010724,44.4,44.4,26.6,55.3,osrm_real
0549010000000000010809,45.1,45.2,27.3,56.0,osrm_real
0549020030300200010105,23.2,23.2,51.3,80.0,osrm_real
0549020090200800010107,55.6,55.6,54.4,93.3,osrm_real
0549020120301000010113,65.4,38.4,4.3,76.3,osrm_real
0549020090501500010105,74.8,65.9,30.9,97.9,osrm_real
0565910000000000010508,0.5,0.5,3.5,100.5,osrm_real
0565920010300300010111,7.3,7.3,8.1,96.8,osrm_real
0565920010300300010136,7.8,7.8,8.6,97.3,osrm_real
0565920010100500010102,7.9,7.9,8.8,91.7,osrm_real
0565920010200600010107,6.7,6.7,7.6,94.4,osrm_real
0566510000000000010159,1.1,1.9,1.4,139.9,osrm_real
0566510000000000010208,0.5,1.2,0.8,139.3,osrm_real
0566510000000000010408,1.5,2.3,1.9,140.4,osrm_real
0566520010100400010102,76.5,76.5,76.6,214.1,osrm_real
0566520040200800010116,38.2,38.2,38.2,171.1,osrm_real
0583720090700100010705,1.5,12.6,17.9,27.6,osrm_real
0583720090700100010713,2.3,13.4,18.7,28.4,osrm_real
0583720090700100020107,0.6,12.9,17.0,26.7,osrm_real
0583720090700100020307,2.2,14.8,18.9,28.5,osrm_real
0583720090700100020438,2.6,14.6,19.1,28.7,osrm_real
0583720100700200020104,23.4,23.4,42.4,52.1,osrm_real
0583720030700600010108,20.5,20.6,22.7,31.5,osrm_real
0583720100400800010203,7.1,6.6,25.6,35.2,osrm_real
0583720100400800010410,8.0,8.2,27.2,36.8,osrm_real
0583720080301000010114,8.6,8.6,10.1,18.9,osrm_real
0583720070201200010116,24.3,24.3,149.1,157.9,osrm_real
0583720070202000010103,159.1,159.1,160.6,169.4,osrm_real
0505110000000000010140,0.7,1.2,1.1,111.5,osrm_real
0505120060600500010102,68.7,68.7,81.6,179.1,osrm_real
0505120030101100010105,48.4,48.4,47.5,129.3,osrm_real
0514710000000000030609,1.3,10.9,2.7,52.3,osrm_real
0517220060601500010109,15.0,39.8,7.2,62.4,osrm_real
0549010000000000010219,43.3,43.4,25.5,54.3,osrm_real
0549010000000000010605,52.2,52.2,34.4,63.1,osrm_real
0549020120600100010126,30.7,30.7,31.9,41.6,osrm_real
0565920010300300010118,7.5,7.5,8.3,97.0,osrm_real
0566510000000000010559,1.2,1.2,1.3,138.9,osrm_real
0583720090700100010103,1.9,14.0,17.4,27.1,osrm_real
0583720090700100020338,2.9,15.4,19.6,29.3,osrm_real
0583720100700200020133,24.5,24.5,43.5,53.2,osrm_real
0583720090600300010322,7.5,7.8,10.6,20.2,osrm_real
0583720090603100010106,7.2,17.4,19.9,29.5,osrm_real
0504520020300300010101,4.4,0.4,7.5,42.1,osrm_real
0504520020300900010214,7.8,4.3,11.7,46.4,osrm_real
0505110000000000010311,0.3,0.9,1.0,110.6,osrm_real
0505110000000000010411,0.3,0.3,0.8,110.0,osrm_real
0505110000000000011123,2.0,2.0,1.6,110.3,osrm_real
0505120050401400010101,45.9,45.9,81.0,178.5,osrm_real
0514710000000000020607,1.8,10.6,1.6,52.0,osrm_real
0514720010601300010105,12.8,12.8,17.7,59.3,osrm_real
0549020120600100010405,30.8,30.8,31.9,41.7,osrm_real
0549010000000000010722,44.1,44.1,26.3,55.0,osrm_real
0549020030300200010210,20.2,20.2,48.5,77.3,osrm_real
0549020120300300010103,61.7,39.5,0.6,72.6,osrm_real
0565910000000000010415,1.1,1.1,2.2,99.5,osrm_real
0565920010300300010108,7.6,7.6,8.5,97.2,osrm_real
0565920020300400010101,47.8,47.8,48.7,130.8,osrm_real
0565920010100500010104,9.0,9.0,9.9,92.7,osrm_real
0565920010200600010110,6.6,6.6,7.5,93.9,osrm_real
0566510000000000010661,1.0,1.7,1.3,139.8,osrm_real
0566510000000000010852,1.7,1.7,1.8,139.4,osrm_real
0566520040200800010110,38.2,38.2,38.3,171.0,osrm_real
0583720090700100010307,1.0,13.7,17.3,27.0,osrm_real
0583720090700100020111,0.9,12.9,17.3,27.0,osrm_real
0583720090700100020209,1.5,14.3,18.2,27.9,osrm_real
0583720100700200020306,22.6,22.7,41.7,51.3,osrm_real
0583720100700200020513,21.7,21.7,40.7,50.4,osrm_real
0583720050202800010104,38.2,38.2,162.9,171.7,osrm_real
0583720090103900010101,8.4,8.5,10.6,19.4,osrm_real
0549020120600100010207,30.9,31.0,32.0,41.9,osrm_real
0549020120600100010209,30.9,31.0,32.0,41.9,osrm_real
0504520020500200010212,9.1,8.9,12.2,43.3,osrm_real
0504520020300900010123,6.9,3.3,10.8,45.4,osrm_real
0504520020300900010128,6.9,3.0,10.5,45.1,osrm_real
0504520010101600010102,41.6,41.5,42.2,70.2,osrm_real
0505110000000000010232,0.0,0.2,0.4,110.7,osrm_real
0505110000000000010540,1.5,1.4,2.0,109.1,osrm_real
0505110000000000011004,0.3,1.2,1.6,110.5,osrm_real
0505110000000000011024,1.2,1.8,1.5,110.5,osrm_real
0505110000000000011120,2.3,2.2,1.8,110.5,osrm_real
0505120030200900010111,51.0,51.0,61.1,117.8,osrm_real
0514710000000000010134,3.1,8.8,2.9,50.2,osrm_real
0514710000000000020727,1.9,11.5,2.8,52.9,osrm_real
0583720100700200010314,23.9,23.9,42.9,52.6,osrm_real
0583720090600300010210,7.5,7.5,10.3,20.0,osrm_real
0583720020101300010205,26.5,0.5,103.4,112.2,osrm_real
0583720010203800010108,6.1,6.1,130.8,139.7,osrm_real
0583720090103900010104,8.0,8.6,10.1,19.0,osrm_real
0514710000000000020913,6.7,13.9,5.0,55.3,osrm_real
0514720011001000010133,6.3,5.7,6.0,47.6,osrm_real
0514710000000000020245,4.4,11.6,2.7,53.0,osrm_real
0514710000000000010315,2.5,8.1,2.1,49.5,osrm_real
0514710000000000010411,2.3,8.2,1.9,49.6,osrm_real
0514710000000000010520,2.8,9.9,1.2,51.3,osrm_real
0514710000000000010610,3.4,10.0,1.8,51.4,osrm_real
0514710000000000020223,5.3,12.5,3.5,53.9,osrm_real
0514710000000000020424,1.5,10.3,1.1,51.7,osrm_real
0514710000000000030201,1.6,8.6,2.2,50.0,osrm_real
0514720010700700010107,18.9,41.4,18.6,64.0,osrm_real
0514720010700700010120,19.3,41.8,19.0,64.4,osrm_real
0514720011001000010134,6.3,5.7,6.0,47.6,osrm_real
0517210000000000010506,11.1,35.8,2.4,58.5,osrm_real
0517210000000000020328,9.6,34.3,1.4,57.0,osrm_real
0517210000000000020331,10.2,35.0,1.6,57.6,osrm_real
0517210000000000040104,9.3,34.0,2.2,56.7,osrm_real
0517210000000000060201,10.1,34.8,2.3,57.5,osrm_real
0549020030200400010103,13.6,13.6,58.2,86.9,osrm_real
0549020030200400010112,12.9,12.9,57.6,86.3,osrm_real
0565910000000000010127,1.2,1.2,2.1,96.3,osrm_real
0566510000000000020120,1.9,2.5,2.1,140.6,osrm_real
0504520020300900010312,7.7,4.3,11.7,46.4,osrm_real
0504520010301100010219,6.0,6.7,8.1,41.6,osrm_real
0505110000000000010530,1.9,1.8,2.3,109.4,osrm_real
0514710000000000010707,2.6,10.3,1.3,51.7,osrm_real
0514710000000000010128,2.1,8.3,1.9,49.7,osrm_real
0514710000000000030618,1.8,11.4,2.6,52.8,osrm_real
0517220070300300010104,28.4,53.2,20.7,75.8,osrm_real
0517220100400700010114,19.4,25.4,11.7,66.8,osrm_real
0549010000000000010701,44.2,44.2,26.4,55.1,osrm_real
0549020120600100010421,30.6,30.7,31.3,41.6,osrm_real
0549020120300300010140,62.2,38.2,1.1,73.2,osrm_real
0549020120100700010105,39.7,39.8,21.9,50.7,osrm_real
0549020090501500010120,75.3,65.1,30.1,97.1,osrm_real
0566510000000000010115,0.9,1.7,1.3,139.8,osrm_real
0566510000000000010205,0.4,1.2,0.7,139.2,osrm_real
0566510000000000010657,1.0,1.8,1.4,139.9,osrm_real
0566510000000000010801,1.2,1.2,1.5,138.6,osrm_real
0566520020300300010105,68.4,68.4,68.4,206.0,osrm_real
0583720090700100010225,2.2,14.1,17.6,27.2,osrm_real
0583720090700100020210,1.5,14.3,18.2,27.9,osrm_real
0583720090700100020221,1.9,13.9,18.3,28.0,osrm_real
0583720090700100020372,2.8,15.3,19.6,29.2,osrm_real
0583720090700100020423,2.9,15.1,19.5,29.1,osrm_real
0583720100700200020403,22.9,23.0,42.0,51.6,osrm_real
0583720090600300010120,7.4,7.4,10.2,19.9,osrm_real
0583720030700600010105,21.0,21.1,23.1,31.9,osrm_real
0583720090402400010101,3.4,3.4,6.2,15.9,osrm_real
0583720090602600010108,8.6,12.6,15.0,24.7,osrm_real
0583720030803200010109,16.6,16.6,18.7,27.5,osrm_real
0583720010203800010102,4.5,4.5,129.3,138.1,osrm_real
0505110000000000010331,0.8,0.7,0.3,110.2,osrm_real
0504520030101500010124,6.6,3.4,9.7,44.3,osrm_real
0504520010101400010115,47.3,47.2,47.9,75.9,osrm_real
0505110000000000011106,1.8,1.8,1.4,110.7,osrm_real
0505120030101100010137,46.0,46.0,47.3,126.9,osrm_real
0514710000000000010715,2.5,10.8,1.5,52.2,osrm_real
0549010000000000010428,43.1,43.2,25.4,54.1,osrm_real
0549020120600100010314,31.7,31.8,32.8,42.7,osrm_real
0549010000000000010123,44.3,44.4,26.6,55.3,osrm_real
0549020030300200010220,21.7,21.7,49.8,78.5,osrm_real
0565910000000000010219,1.3,1.3,0.7,98.6,osrm_real
0566510000000000010426,1.9,2.7,2.2,140.7,osrm_real
0583720090700100010222,1.8,14.6,18.1,27.8,osrm_real
0583720090600300010207,10.6,10.6,13.4,23.1,osrm_real
0583720090600300010217,6.8,10.4,13.3,22.9,osrm_real
0583720090600300010316,6.8,10.5,13.3,22.9,osrm_real
0583720090600300010320,6.8,10.5,13.3,23.0,osrm_real
0583720020101300010104,27.0,0.6,103.2,112.0,osrm_real
0583720090302300010111,5.3,5.3,8.1,17.7,osrm_real
0583720090102700010102,6.5,6.5,8.0,16.8,osrm_real
0514710000000000010711,2.4,10.1,1.2,51.5,osrm_real
0514710000000000010732,2.9,10.3,1.4,51.7,osrm_real
0514710000000000030506,1.0,10.0,2.5,51.4,osrm_real
0514710000000000030517,1.1,9.9,2.6,51.3,osrm_real
0514710000000000030532,1.5,9.9,3.0,51.3,osrm_real
0514720010700700010106,18.4,41.0,18.2,63.6,osrm_real
0517210000000000010604,11.2,36.0,1.7,58.7,osrm_real
0517210000000000010612,10.7,35.4,1.8,58.1,osrm_real
0517210000000000020301,10.3,35.1,0.4,57.8,osrm_real
0517210000000000020418,12.1,36.9,1.9,59.5,osrm_real
0517210000000000020509,12.7,37.5,2.4,60.1,osrm_real
0517210000000000040113,9.9,34.7,2.9,57.3,osrm_real
0517210000000000050126,9.3,34.1,2.1,56.7,osrm_real
0517210000000000060111,10.4,35.2,1.3,57.8,osrm_real
0517210000000000060123,10.1,34.8,1.9,57.5,osrm_real
0517210000000000060126,9.9,34.7,2.1,57.3,osrm_real
0517210000000000060435,11.5,36.3,1.8,58.9,osrm_real
0517210000000000060909,12.3,37.0,2.4,59.7,osrm_real
0549020030200400010110,13.4,13.4,58.0,86.7,osrm_real
0565910000000000010228,1.6,1.6,0.9,98.7,osrm_real
0565910000000000010501,0.9,0.9,3.9,101.0,osrm_real
0566510000000000020117,2.0,2.7,2.2,140.7,osrm_real
0583720110201800010315,47.9,61.2,64.4,74.0,osrm_real
0514710000000000020618,1.9,10.7,1.8,52.1,osrm_real
0549020090501500010114,75.5,65.5,30.5,97.4,osrm_real
0505110000000000010810,0.2,1.3,1.2,111.6,osrm_real
0505110000000000010812,0.4,1.4,1.4,111.7,osrm_real
0505110000000000011029,1.0,1.6,1.2,110.6,osrm_real
0505120030200800010108,56.2,56.2,59.3,130.2,osrm_real
0514720010601300010101,13.2,13.2,18.1,59.7,osrm_real
0549010000000000010126,44.0,44.1,26.3,55.0,osrm_real
0566510000000000010841,0.5,0.5,1.0,138.6,osrm_real
0566520040200800010104,37.8,37.8,37.8,171.6,osrm_real
0583720090700100010142,0.4,13.1,16.4,26.1,osrm_real
0583720090700100020312,2.3,14.7,18.8,28.5,osrm_real
0583720090700100020369,3.3,15.8,20.0,29.7,osrm_real
0583720050200500010118,13.8,13.8,138.6,147.4,osrm_real
0583720050200500010126,14.0,14.0,138.8,147.6,osrm_real
0583720030700600010104,20.7,20.8,22.8,31.7,osrm_real
0504520020300900010313,7.7,4.3,11.8,46.4,osrm_real
0504520010101400010111,47.3,47.2,47.9,75.9,osrm_real
0505110000000000010315,0.5,0.5,0.1,110.5,osrm_real
0505110000000000010323,1.6,1.5,1.1,110.9,osrm_real
0505120030200900010101,51.0,51.0,60.8,117.6,osrm_real
0505120030101100010120,46.4,46.4,47.3,127.3,osrm_real
0514710000000000010607,3.0,10.1,1.4,51.5,osrm_real
0514710000000000020701,1.6,10.8,1.8,52.2,osrm_real
0517220100400700010110,19.2,25.2,11.5,66.6,osrm_real
0549010000000000010232,43.7,43.8,25.9,54.6,osrm_real
0549010000000000010410,42.8,42.8,25.0,53.7,osrm_real
0549010000000000010914,45.0,45.1,27.2,55.9,osrm_real
0549020120600100010313,32.0,32.0,33.0,42.9,osrm_real
0549020120600600010116,34.7,34.8,26.3,45.6,osrm_real
0549020120301000010108,65.4,38.8,4.4,76.4,osrm_real
0566510000000000010122,0.5,1.3,0.9,139.4,osrm_real
0566510000000000010345,1.4,1.4,1.6,139.4,osrm_real
0583720090600300010340,5.8,9.9,12.3,22.0,osrm_real
0583720090700100020116,1.2,12.9,17.6,27.3,osrm_real
0583720090700100020218,1.4,13.7,18.0,27.6,osrm_real
0583720100700200010209,23.4,23.5,42.5,52.2,osrm_real
0583720100700200010401,23.7,23.8,42.8,52.4,osrm_real
0583720100700200020311,22.5,22.5,41.5,51.2,osrm_real
0583720070201200010112,24.4,24.4,149.2,158.0,osrm_real
0583720020101300010108,27.3,1.0,103.4,112.2,osrm_real
0583720020101300010209,26.4,0.6,103.5,112.3,osrm_real
0583720090302500010104,3.6,4.2,5.7,14.5,osrm_real
0583720090602600010107,6.3,10.3,12.7,22.3,osrm_real
0583720030803200010102,17.4,17.5,19.6,28.4,osrm_real
0583720030803200010114,17.7,17.8,19.8,28.6,osrm_real
0583720050603700010108,18.4,18.4,143.2,152.0,osrm_real
0514710000000000010506,3.2,9.4,1.6,50.8,osrm_real
0514710000000000010527,3.2,9.2,1.8,50.6,osrm_real
0514710000000000010705,2.5,10.0,1.1,51.4,osrm_real
0514710000000000020216,4.5,11.7,2.8,53.2,osrm_real
0514710000000000020318,2.6,11.5,2.5,52.9,osrm_real
0514710000000000020503,1.2,10.0,1.1,51.4,osrm_real
0514710000000000030425,0.9,10.5,2.5,51.9,osrm_real
0514720011001000010122,6.7,6.1,6.4,48.0,osrm_real
0517210000000000010324,11.9,36.7,2.5,59.3,osrm_real
0517210000000000010537,12.6,37.4,2.3,60.1,osrm_real
0517210000000000020213,10.9,35.6,0.6,58.3,osrm_real
0517210000000000020408,11.9,36.6,1.6,59.3,osrm_real
0517210000000000050201,9.9,34.7,2.7,57.3,osrm_real
0517210000000000050701,11.1,35.8,3.3,58.5,osrm_real
0517210000000000060622,10.3,35.1,2.6,57.8,osrm_real
0517210000000000060818,12.0,36.8,2.2,59.4,osrm_real
0517210000000000061009,11.6,36.4,3.9,59.0,osrm_real
0566510000000000011003,2.2,2.2,2.7,137.0,osrm_real
0583720110201800010111,47.3,59.0,63.8,73.4,osrm_real
0583720110201800010316,47.0,58.7,63.4,73.1,osrm_real
0504520020500200010216,9.5,9.3,12.6,43.7,osrm_real
0504520010101400010101,47.3,47.2,47.9,75.9,osrm_real
0505110000000000010228,0.8,1.0,1.2,111.0,osrm_real
0514710000000000010605,2.9,10.2,1.2,51.6,osrm_real
0514710000000000030616,1.3,10.9,2.9,52.3,osrm_real
0517220060501400010102,19.2,44.0,11.4,66.6,osrm_real
0517220060501400010103,17.5,42.3,9.8,64.9,osrm_real
0549010000000000010334,43.8,43.8,26.0,54.7,osrm_real
0549010000000000010822,44.7,44.7,26.9,55.6,osrm_real
0549020040400900010123,34.7,34.7,43.7,72.4,osrm_real
0583720090700100010311,0.7,13.5,17.1,26.8,osrm_real
0583720090700100020206,1.0,13.9,17.8,27.5,osrm_real
0583720090700100020371,2.5,15.0,19.2,28.9,osrm_real
0583720100700200020218,22.7,22.8,41.8,51.4,osrm_real
0583720090600300010114,10.9,10.9,13.7,23.4,osrm_real
0583720030700600010107,21.0,21.0,23.1,31.9,osrm_real
0583720100400800010405,7.4,7.6,26.6,36.3,osrm_real
0583720070201200010115,24.2,24.2,149.0,157.8,osrm_real
0504520010101600010107,42.0,41.9,42.6,70.6,osrm_real
0505110000000000010218,0.1,0.1,0.3,110.7,osrm_real
0505110000000000010705,0.5,1.1,1.0,111.4,osrm_real
0505110000000000010908,0.4,1.4,1.4,111.6,osrm_real
0505120030200900010113,51.0,51.0,61.1,117.9,osrm_real
0514710000000000030221,1.1,9.5,2.4,50.9,osrm_real
0549010000000000010326,43.1,43.1,25.3,54.0,osrm_real
0549020120300300010104,60.8,39.3,0.3,71.8,osrm_real
0565920010300300010104,7.9,7.9,8.7,96.8,osrm_real
0566510000000000011011,1.8,1.8,2.3,137.2,osrm_real
0566520040200200010110,25.4,25.4,25.5,163.1,osrm_real
0583720090700100010121,1.4,14.1,17.6,27.2,osrm_real
0583720090700100010507,0.8,13.7,17.4,27.1,osrm_real
0583720090700100020207,1.1,13.8,17.8,27.4,osrm_real
0583720090700100020216,1.9,14.0,18.4,28.0,osrm_real
0583720090700100020328,3.4,15.8,20.1,29.8,osrm_real
0583720090700100020357,3.0,15.5,19.7,29.4,osrm_real
0583720090700100020363,1.9,14.6,18.6,28.3,osrm_real
0583720090700100020434,2.9,14.9,19.4,29.0,osrm_real
0583720090700100020528,1.7,13.5,18.2,27.8,osrm_real
0583720100400800010110,7.3,7.5,26.5,36.2,osrm_real
0583720050604200010105,28.2,28.2,153.0,161.8,osrm_real
0514710000000000010337,2.6,7.9,2.3,49.3,osrm_real
0514720010700700010114,19.2,41.7,18.9,64.3,osrm_real
0514710000000000020236,5.4,12.6,3.7,54.0,osrm_real
0514710000000000030210,1.3,8.9,2.0,50.3,osrm_real
0514710000000000030309,1.4,9.9,0.6,51.3,osrm_real
0514720010700700010122,19.1,41.6,18.8,64.3,osrm_real
0514720011001000010108,6.9,6.2,6.6,48.1,osrm_real
0514720011001000010131,6.6,5.9,6.3,47.8,osrm_real
0517210000000000010215,12.8,37.6,2.9,60.2,osrm_real
0517210000000000010316,11.2,36.0,2.8,58.6,osrm_real
0517210000000000050810,9.8,34.6,2.1,57.2,osrm_real
0517210000000000050427,10.2,35.0,2.4,57.6,osrm_real
0517210000000000060101,10.3,35.1,0.8,57.7,osrm_real
0517210000000000060312,10.1,34.9,1.9,57.5,osrm_real
0517210000000000060821,11.8,36.5,2.6,59.2,osrm_real
0565910000000000010122,2.4,2.4,2.3,99.3,osrm_real
0583720110201800010105,47.6,59.3,64.0,73.7,osrm_real
0583720110201800010312,47.1,60.4,63.6,73.2,osrm_real
0583720110201800010330,48.5,61.8,64.9,74.6,osrm_real
0583720100700200020408,22.6,22.7,41.7,51.3,osrm_real
0514710000000000030439,0.4,10.0,2.2,51.4,osrm_real
0517220100400700010116,23.2,29.2,15.5,70.6,osrm_real
0549020120600100010408,30.8,30.9,31.2,41.8,osrm_real
0549020120100700010111,40.2,40.3,22.1,51.2,osrm_real
0565920010200600010101,6.5,6.5,7.3,94.0,osrm_real
0566510000000000010354,1.6,1.6,1.8,139.6,osrm_real
0566520010100400010108,75.8,75.8,75.9,213.4,osrm_real
0583720090700100010205,1.8,14.5,18.1,27.7,osrm_real
0583720090302300010102,3.7,3.7,6.5,16.1,osrm_real
0583720090700100010412,2.0,14.8,18.5,28.2,osrm_real
0583720100400800010312,7.5,6.9,25.9,35.6,osrm_real
0504520010101600010119,41.1,41.0,41.7,69.7,osrm_real
0504520020500200010209,9.0,8.8,12.1,43.2,osrm_real
0504520020300900010218,7.9,4.7,12.1,46.8,osrm_real
0505110000000000010133,0.4,1.0,0.9,111.3,osrm_real
0505120050401400010110,45.2,45.2,80.4,177.9,osrm_real
0514710000000000020120,3.6,10.5,1.9,52.0,osrm_real
0514710000000000020211,4.5,11.7,2.8,53.1,osrm_real
0514710000000000020704,2.1,11.3,2.4,52.8,osrm_real
0517220100400700010115,20.6,26.6,12.9,68.0,osrm_real
0583720100700200020508,22.1,22.2,41.2,50.8,osrm_real
0549010000000000010832,44.8,44.8,27.0,55.7,osrm_real
0549020120600100010420,30.2,30.2,31.1,41.1,osrm_real
0549020120600100010425,30.6,30.7,30.4,41.5,osrm_real
0549020030300200010125,23.9,23.9,52.0,80.7,osrm_real
0549020120300300010135,62.3,38.9,1.2,73.2,osrm_real
0565910000000000010142,1.0,1.0,1.6,97.5,osrm_real
0565910000000000010514,0.6,0.6,2.8,99.9,osrm_real
0566510000000000010154,1.2,2.0,1.6,140.1,osrm_real
0566510000000000010203,0.6,1.3,0.8,139.3,osrm_real
0566510000000000010741,1.3,2.1,1.6,140.1,osrm_real
0583720090700100010113,1.4,14.1,17.5,27.2,osrm_real
0583720090700100010130,1.5,14.2,17.5,27.1,osrm_real
0583720090700100010405,1.8,14.6,18.3,28.0,osrm_real
0583720090700100020118,1.5,13.3,17.9,27.6,osrm_real
0583720090700100020319,2.0,14.2,18.6,28.3,osrm_real
0583720100700200010103,24.6,24.7,43.7,53.3,osrm_real
0583720100400800010406,7.2,7.4,26.4,36.1,osrm_real
0583720090602600010118,7.1,11.0,13.4,23.1,osrm_real
0583720090603100010113,7.5,17.8,20.2,29.9,osrm_real
0583720050604200010102,27.4,27.4,152.2,161.0,osrm_real
0514710000000000010130,1.6,8.3,2.1,49.7,osrm_real
0514710000000000010404,2.5,7.9,2.1,49.3,osrm_real
0514710000000000010721,2.2,10.6,1.1,52.0,osrm_real
0514710000000000020225,6.2,13.4,4.4,54.8,osrm_real
0514710000000000020243,4.3,11.5,2.5,52.9,osrm_real
0514710000000000020906,6.5,13.7,4.8,55.1,osrm_real
0514710000000000030119,1.2,9.1,1.6,50.5,osrm_real
0514710000000000030427,0.7,10.1,2.5,51.5,osrm_real
0514710000000000030503,1.1,10.2,2.7,51.6,osrm_real
0514710000000000030628,1.6,11.2,3.0,52.6,osrm_real
0514720011001000010103,7.2,6.5,6.9,48.4,osrm_real
0517210000000000010105,11.9,36.7,3.4,59.3,osrm_real
0517210000000000020108,10.9,35.6,0.6,58.3,osrm_real
0517210000000000020222,11.7,36.5,1.4,59.1,osrm_real
0517210000000000020232,11.0,35.7,0.7,58.4,osrm_real
0517210000000000020315,10.1,34.9,0.8,57.5,osrm_real
0517210000000000020404,11.6,36.4,1.3,59.0,osrm_real
0517210000000000020501,12.2,37.0,1.9,59.6,osrm_real
0517210000000000030113,10.0,34.8,2.2,57.4,osrm_real
0517210000000000050208,10.1,34.9,2.3,57.5,osrm_real
0517210000000000050304,10.3,35.1,2.6,57.7,osrm_real
0517210000000000050602,9.5,34.2,2.1,56.9,osrm_real
0517210000000000050804,10.2,35.0,2.4,57.6,osrm_real
0517210000000000060212,10.6,35.4,2.8,58.0,osrm_real
0517210000000000060712,11.5,36.3,3.2,58.9,osrm_real
0517210000000000060721,10.9,35.7,3.2,58.3,osrm_real
0565910000000000010523,0.4,0.4,2.8,99.7,osrm_real
0583720110201800010313,47.1,58.9,63.6,73.2,osrm_real
0583720110201800010314,46.8,58.6,63.3,72.9,osrm_real
0504520020500200010111,9.3,9.1,12.4,43.6,osrm_real
0504520020300900010105,7.4,3.8,11.2,45.9,osrm_real
0505110000000000010603,1.2,1.3,1.3,111.5,osrm_real
0505110000000000011121,2.3,2.2,1.8,110.1,osrm_real
0505120020500300010111,67.4,67.4,56.8,154.3,osrm_real
0505120020500300010114,68.8,68.8,58.2,155.8,osrm_real
0505120060600500010103,68.5,68.5,81.4,179.0,osrm_real
0505120050401400010106,45.6,45.6,80.7,178.2,osrm_real
0514710000000000020113,3.5,10.7,1.7,52.1,osrm_real
0514710000000000020622,2.3,11.3,2.2,52.7,osrm_real
0514710000000000030508,1.0,10.1,2.5,51.5,osrm_real
0549010000000000010124,44.3,44.4,26.6,55.3,osrm_real
0549010000000000010705,44.3,44.3,26.5,55.2,osrm_real
0549020120600100010414,30.9,31.0,30.9,41.9,osrm_real
0583720090700100020373,3.3,15.7,20.0,29.6,osrm_real
0566510000000000010161,0.6,1.4,1.0,139.5,osrm_real
0583720090700100010203,2.1,14.1,17.5,27.2,osrm_real
0583720090700100020337,3.1,15.6,19.8,29.5,osrm_real
0583720090600300010102,11.0,11.0,13.8,23.5,osrm_real
0583720090600300010109,10.9,10.9,13.8,23.4,osrm_real
0583720100400800010311,7.3,6.7,25.7,35.4,osrm_real
0583720090102700010108,6.7,6.7,8.2,17.0,osrm_real
0583720010203800010103,4.5,4.5,129.3,138.1,osrm_real
0504520050300100010106,22.8,22.1,24.6,63.0,osrm_real
0504520020500200010107,9.3,9.1,12.4,43.6,osrm_real
0504520020500200010214,9.2,9.0,12.3,43.4,osrm_real
0505110000000000010542,1.3,1.4,1.9,109.7,osrm_real
0514710000000000010308,2.2,8.6,1.8,50.0,osrm_real
0514710000000000020309,2.4,11.4,2.5,52.8,osrm_real
0514710000000000020512,0.8,10.4,2.3,51.9,osrm_real
0514710000000000020614,2.3,11.1,2.1,52.5,osrm_real
0549010000000000010207,43.7,43.7,25.9,54.6,osrm_real
0549010000000000010327,43.2,43.3,25.4,54.1,osrm_real
0549010000000000010805,44.8,44.9,27.1,55.8,osrm_real
0549020090501500010117,75.4,65.3,30.3,97.2,osrm_real
0565920020500200010106,23.4,23.4,24.3,119.9,osrm_real
0565920010100500010119,9.4,9.4,10.3,93.2,osrm_real
0566510000000000010545,0.9,1.0,0.6,139.0,osrm_real
0566510000000000010742,1.4,2.1,1.7,140.2,osrm_real
0566510000000000010838,0.9,0.9,1.2,138.3,osrm_real
0583720090700100010505,1.0,13.8,17.6,27.2,osrm_real
0583720090700100020318,2.2,14.4,18.8,28.5,osrm_real
0583720090700100020370,3.5,15.9,20.2,29.8,osrm_real
0583720100700200010116,24.1,24.2,43.2,52.8,osrm_real
0583720100700200010404,23.5,23.6,42.6,52.2,osrm_real
0583720090600300010113,10.9,10.9,13.7,23.3,osrm_real
0583720090402400010128,3.8,3.8,6.6,16.2,osrm_real
0583720090602600010104,6.6,10.5,13.0,22.6,osrm_real
0583720090602600010112,8.5,12.5,14.9,24.6,osrm_real
0583720090103900010110,8.6,8.7,10.8,19.6,osrm_real
0583720240204300010103,,,,,osrm_real_parcial
0514710000000000010511,2.6,9.2,1.2,50.7,osrm_real
0514710000000000010523,3.4,9.3,2.0,50.8,osrm_real
0514710000000000010609,2.9,10.0,1.3,51.4,osrm_real
0514710000000000010727,2.7,10.1,1.2,51.5,osrm_real
0514710000000000030408,0.3,9.7,2.0,51.1,osrm_real
0514710000000000030428,0.6,10.2,2.3,51.6,osrm_real
0517210000000000010211,12.4,37.1,2.4,59.8,osrm_real
0517210000000000010512,12.1,36.9,1.7,59.5,osrm_real
0517210000000000020105,11.1,35.9,0.8,58.5,osrm_real
0517210000000000020113,11.2,36.0,0.9,58.6,osrm_real
0517210000000000020214,11.1,35.8,0.4,58.5,osrm_real
0517210000000000020305,10.6,35.4,0.0,58.0,osrm_real
0517210000000000020425,12.2,36.9,1.9,59.6,osrm_real
0517210000000000050120,9.9,34.6,2.1,57.3,osrm_real
0517210000000000050515,10.0,34.8,2.3,57.4,osrm_real
0517210000000000050702,11.3,36.1,3.5,58.7,osrm_real
0517210000000000050705,11.0,35.8,3.2,58.4,osrm_real
0517210000000000060223,10.0,34.7,2.2,57.4,osrm_real
0517210000000000060510,11.1,35.9,2.0,58.5,osrm_real
0517210000000000060709,11.5,36.2,3.7,58.9,osrm_real
0583720110201800010304,47.5,59.2,63.9,73.6,osrm_real
0504520020300900010203,9.6,6.1,13.6,48.2,osrm_real
0504520020300900010224,9.0,5.5,13.0,47.6,osrm_real
0504520010301100010110,5.1,5.8,7.2,40.7,osrm_real
0504520030101500010119,6.5,3.3,9.6,44.2,osrm_real
0505110000000000010803,0.2,1.1,1.1,111.4,osrm_real
0505120060400100010105,94.1,94.7,94.6,193.2,osrm_real
0505120030200900010112,51.1,51.1,60.9,117.7,osrm_real
0514710000000000020305,2.6,11.4,2.5,52.8,osrm_real
0514710000000000020406,2.2,10.6,1.0,52.0,osrm_real
0514710000000000020722,2.2,11.7,2.7,53.1,osrm_real
0549010000000000010502,42.2,42.2,24.4,53.1,osrm_real
0549020120600100010219,31.5,31.5,32.5,42.4,osrm_real
0549020090201200010102,59.9,59.9,58.7,97.6,osrm_real
0565920010100100010101,11.7,11.7,12.6,94.9,osrm_real
0565920010100100010109,11.8,11.8,12.6,95.0,osrm_real
0565920010300300010137,7.8,7.8,8.6,97.3,osrm_real
0566510000000000010129,0.5,1.3,0.9,139.4,osrm_real
0566510000000000010546,1.0,1.2,0.7,139.1,osrm_real
0566520010100400010104,76.1,76.1,76.1,213.7,osrm_real
0566520010100400010110,76.2,76.2,76.3,213.8,osrm_real
0583720090700100020113,0.9,12.7,17.4,27.0,osrm_real
0583720090700100020326,3.2,15.7,19.9,29.6,osrm_real
0583720100700200010517,23.0,23.0,42.0,51.7,osrm_real
0583720100700200020125,22.2,22.2,41.3,50.9,osrm_real
0583720100700200020419,21.8,21.8,40.9,50.5,osrm_real
0583720090600300010347,7.3,11.4,13.8,23.5,osrm_real
0583720100400800010119,7.2,7.4,26.4,36.0,osrm_real
0583720240400900010106,5.6,0.0,8.0,5.8,osrm_real
0583720080301000010112,8.5,8.5,10.0,18.8,osrm_real
0583720090402400010115,3.9,3.9,6.7,16.3,osrm_real
0504520020300900010207,9.0,5.5,13.0,47.6,osrm_real
0505110000000000010216,0.6,0.6,0.8,110.6,osrm_real
0505120040101000010121,67.8,67.8,67.3,142.3,osrm_real
0505120030101100010110,47.8,47.8,46.7,128.7,osrm_real
0514710000000000020410,2.2,11.0,1.4,52.4,osrm_real
0549010000000000010813,44.9,44.9,27.1,55.8,osrm_real
0549010000000000010901,44.5,44.6,26.7,55.5,osrm_real
0549020120600100010119,30.1,30.1,31.7,41.0,osrm_real
0549020120600100010211,31.2,31.3,32.3,42.2,osrm_real
0549020120600600010106,35.1,35.1,26.3,46.0,osrm_real
0549020040400900010128,35.0,35.0,42.6,71.3,osrm_real
0566510000000000010728,0.8,1.5,1.1,139.6,osrm_real
0583720090602600010113,8.3,12.2,14.7,24.3,osrm_real
0514720011001000010144,6.8,6.2,6.5,48.1,osrm_real
0514710000000000020420,1.6,10.3,0.7,51.7,osrm_real
0514710000000000020910,6.7,13.9,4.9,55.3,osrm_real
0514710000000000030206,1.2,8.9,1.9,50.4,osrm_real
0514710000000000030207,1.1,9.1,1.8,50.5,osrm_real
0514710000000000030513,1.0,10.1,2.5,51.5,osrm_real
0517210000000000010532,11.9,36.7,1.6,59.4,osrm_real
0517210000000000050102,9.1,33.9,2.2,56.5,osrm_real
0517210000000000050408,10.5,35.3,2.7,57.9,osrm_real
0517210000000000050502,9.9,34.7,2.2,57.3,osrm_real
0517210000000000050609,9.2,34.0,2.0,56.7,osrm_real
0517210000000000060432,11.1,35.9,1.2,58.5,osrm_real
0517210000000000060505,11.0,35.8,1.9,58.4,osrm_real
0517210000000000060811,11.3,36.1,2.8,58.7,osrm_real
0565910000000000010220,1.1,1.1,0.7,98.7,osrm_real
0565910000000000010226,1.8,1.8,2.6,98.3,osrm_real
0565910000000000010230,1.4,1.4,1.0,98.9,osrm_real
0565910000000000010503,0.9,0.9,4.0,101.0,osrm_real
0565910000000000010804,2.1,2.1,2.9,98.6,osrm_real
0583720110201800010120,47.7,59.4,64.1,73.8,osrm_real
0583720110201800010125,48.0,59.8,64.5,74.1,osrm_real
0505110000000000010219,0.6,0.6,0.8,110.5,osrm_real
0505110000000000010306,0.6,0.6,0.6,110.6,osrm_real
0505110000000000010348,1.8,1.7,1.3,110.9,osrm_real
0514710000000000010216,3.3,7.6,2.9,49.0,osrm_real
0549010000000000010808,45.1,45.1,27.3,56.0,osrm_real
0549010000000000010616,51.3,51.4,33.6,62.3,osrm_real
0549020030300200010102,23.3,23.3,51.4,80.1,osrm_real
0565920010100100010130,11.1,11.1,11.9,94.2,osrm_real
0566510000000000010506,1.0,1.1,0.7,139.2,osrm_real
0583720090700100020401,2.1,14.1,18.6,28.2,osrm_real
0583720090700100020201,0.3,13.5,17.1,26.8,osrm_real
0583720100700200010512,23.0,23.0,42.0,51.7,osrm_real
0583720090302500010108,5.5,5.5,7.0,15.8,osrm_real
0504520020500200010206,8.9,8.6,12.0,43.1,osrm_real
0504520020500200010217,9.1,10.8,12.2,43.4,osrm_real
0505110000000000010122,0.4,1.6,1.5,111.6,osrm_real
0505110000000000010204,0.6,0.6,0.8,110.5,osrm_real
0505120060400100010104,94.1,94.7,94.6,193.2,osrm_real
0505120030200900010107,50.5,50.5,60.9,117.7,osrm_real
0514710000000000020708,1.7,11.2,2.3,52.6,osrm_real
0517220070300300010103,28.3,53.1,20.6,75.8,osrm_real
0549010000000000010231,43.5,43.6,25.7,54.5,osrm_real
0549020030300200010107,23.4,23.4,51.5,80.3,osrm_real
0549020120300300010107,61.9,38.8,0.8,72.8,osrm_real
0549020040400900010103,34.5,34.5,43.5,72.2,osrm_real
0549020120301000010114,64.6,39.2,3.6,75.6,osrm_real
0549020120301400010103,58.9,42.2,3.1,69.9,osrm_real
0565920010300300010103,8.2,8.2,9.1,97.0,osrm_real
0565920010300300010130,7.6,7.6,8.4,97.1,osrm_real
0566510000000000010111,0.3,1.1,0.7,139.2,osrm_real
0566510000000000010405,1.4,2.1,1.7,140.2,osrm_real
0566510000000000010428,2.1,2.9,2.5,141.0,osrm_real
0566510000000000010802,0.8,0.8,1.0,138.3,osrm_real
0566510000000000010903,1.4,2.2,1.7,140.2,osrm_real
0566510000000000020119,1.8,2.5,2.0,140.5,osrm_real
0566520040200200010113,25.1,25.1,25.2,162.8,osrm_real
0566520040200200010115,24.4,24.4,24.5,162.1,osrm_real
0583720090700100020309,1.7,14.4,18.4,28.1,osrm_real
0583720090700100020355,3.1,15.6,19.8,29.5,osrm_real
0583720100700200010106,24.5,24.6,43.6,53.2,osrm_real
0583720100700200020102,23.5,23.5,42.5,52.2,osrm_real
0583720100700200020105,22.6,22.7,41.7,51.3,osrm_real
0583720100700200020303,22.8,22.8,41.8,51.5,osrm_real
0583720090600300010321,6.0,9.7,12.5,22.2,osrm_real
0583720100400800010213,6.8,6.3,25.3,34.9,osrm_real
0583720230401400010104,66.8,91.6,104.5,114.2,osrm_real
0583720090302300010106,5.4,5.4,8.2,17.8,osrm_real
0583720010203800010105,5.9,5.9,130.6,139.5,osrm_real
0514710000000000020407,2.0,10.8,1.2,52.2,osrm_real
0514720010700700010105,18.3,40.8,18.0,63.4,osrm_real
0514720011001000010120,6.8,6.1,6.5,48.0,osrm_real
0517210000000000010531,12.2,37.0,1.9,59.6,osrm_real
0517210000000000020227,11.8,36.5,1.5,59.2,osrm_real
0517210000000000020318,10.2,34.9,0.8,57.6,osrm_real
0517210000000000030105,10.6,35.4,3.2,58.1,osrm_real
0517210000000000040101,10.0,34.7,2.9,57.4,osrm_real
0517210000000000050813,9.7,34.4,1.9,57.1,osrm_real
0517210000000000060110,10.4,35.2,1.0,57.9,osrm_real
0517210000000000060203,10.1,34.9,2.2,57.5,osrm_real
0517210000000000060210,10.7,35.5,2.4,58.1,osrm_real
0517210000000000060504,10.8,35.6,2.1,58.2,osrm_real
0517210000000000060602,11.1,35.9,2.8,58.5,osrm_real
0517210000000000060616,11.3,36.1,3.1,58.7,osrm_real
0517210000000000060902,12.1,36.9,2.2,59.5,osrm_real
0517210000000000060928,12.8,37.5,2.9,60.2,osrm_real
0549020030200400010127,14.2,14.2,58.9,87.6,osrm_real
0583720110201800010101,48.3,60.0,64.7,74.4,osrm_real
0505120020500300010105,68.0,68.0,57.4,155.0,osrm_real
0504520020500200010311,8.5,10.2,11.6,42.7,osrm_real
0504520020300900010225,7.1,4.2,11.7,46.3,osrm_real
0505110000000000010142,0.7,1.4,1.7,111.4,osrm_real
0505110000000000010327,1.4,1.4,1.0,110.6,osrm_real
0505110000000000010336,0.9,0.8,0.5,110.1,osrm_real
0514710000000000010307,2.3,8.1,1.9,49.5,osrm_real
0514720010601300010115,13.2,13.2,18.2,59.7,osrm_real
0549020090501500010102,75.3,66.4,31.4,98.3,osrm_real
0549010000000000010226,43.2,43.3,25.5,54.2,osrm_real
0549010000000000010429,43.0,43.1,25.3,54.0,osrm_real
0549010000000000010718,44.2,44.3,26.5,55.2,osrm_real
0549020120600100010217,31.2,31.2,32.2,42.1,osrm_real
0549020050401800010105,37.8,37.8,32.4,61.1,osrm_real
0565920010100100010115,11.5,11.5,12.4,94.7,osrm_real
0565920010300300010105,7.7,7.7,8.5,96.9,osrm_real
0583720090700100010718,1.4,11.7,17.9,27.5,osrm_real
0583720090700100010725,1.7,12.9,18.2,27.8,osrm_real
0583720090700100020368,3.3,15.8,20.0,29.7,osrm_real
0583720100700200010101,25.3,25.3,44.3,54.0,osrm_real
0583720100700200010312,23.8,23.8,42.8,52.5,osrm_real
0583720100400800010403,7.6,7.8,26.8,36.5,osrm_real
0583720020101300010107,26.9,0.6,103.2,112.0,osrm_real
0583720230401400010103,67.0,91.8,104.8,114.4,osrm_real
0583720090602600010117,8.5,12.5,14.9,24.6,osrm_real
0583720050604200010110,28.4,28.4,153.1,162.0,osrm_real
0505110000000000010402,0.4,0.4,0.8,110.3,osrm_real
0505110000000000011010,0.8,1.1,0.7,110.7,osrm_real
0549020030300200010108,22.1,22.1,50.3,79.0,osrm_real
0549020120301400010108,58.5,41.5,2.5,69.5,osrm_real
0549020090501500010111,75.1,65.6,30.6,97.5,osrm_real
0583720090700100020506,2.0,14.0,18.5,28.1,osrm_real
0583720090700100020433,2.5,14.5,19.0,28.6,osrm_real
0583720090602600010121,6.8,10.7,13.1,22.8,osrm_real
0514710000000000020432,1.4,10.2,1.3,51.6,osrm_real
0514710000000000030228,1.4,9.0,2.3,50.4,osrm_real
0517210000000000010311,11.6,36.4,2.4,59.0,osrm_real
0517210000000000010806,15.7,40.5,5.7,63.1,osrm_real
0517210000000000020424,12.4,37.2,2.1,59.8,osrm_real
0517210000000000030106,10.4,35.2,3.0,57.8,osrm_real
0517210000000000050210,10.3,35.1,2.5,57.7,osrm_real
0549020030200400010124,13.4,13.4,58.0,86.7,osrm_real
0549020050300500010213,43.4,43.4,48.4,77.1,osrm_real
0565910000000000010233,1.2,1.2,0.8,98.6,osrm_real
0514710000000000010704,2.1,9.6,0.2,51.0,osrm_real
0514710000000000010719,2.5,10.6,1.4,52.0,osrm_real
0514710000000000020237,5.7,12.9,4.0,54.3,osrm_real
0514710000000000030413,0.7,9.6,2.2,51.0,osrm_real
0514710000000000030550,1.2,10.4,2.8,51.8,osrm_real
0517210000000000020430,12.4,37.2,2.2,59.8,osrm_real
0517210000000000060205,10.3,35.1,2.2,57.7,osrm_real
0517210000000000060413,11.1,35.9,1.3,58.5,osrm_real
0517210000000000060919,12.8,37.6,2.8,60.2,osrm_real
0517210000000000060920,12.5,37.3,2.6,59.9,osrm_real
0549020030200400010123,13.9,13.9,58.5,87.3,osrm_real
0565910000000000010706,1.1,1.1,1.6,97.7,osrm_real
0583720110201800010204,48.8,62.1,65.3,74.9,osrm_real
0505110000000000010333,1.0,0.9,0.5,110.4,osrm_real
0505120020500300010110,67.5,67.5,56.9,154.5,osrm_real
0549010000000000010504,42.2,42.3,24.4,53.1,osrm_real
0549020090501500010129,76.4,63.8,28.8,96.1,osrm_real
0565910000000000010204,0.8,0.8,0.6,98.4,osrm_real
0566510000000000010910,0.9,1.7,1.2,139.7,osrm_real
0583720090700100010216,2.0,14.3,17.8,27.4,osrm_real
0583720050200500010120,14.0,14.0,138.8,147.6,osrm_real
0504520050300100010101,22.3,21.6,24.2,62.5,osrm_real
0504520030101500010108,6.2,3.0,9.3,43.9,osrm_real
0505110000000000010212,0.7,0.7,1.2,110.7,osrm_real
0505110000000000010536,1.8,1.7,2.2,109.3,osrm_real
0505110000000000011028,1.1,1.7,1.3,110.5,osrm_real
0505120020500300010104,68.3,68.3,57.7,155.2,osrm_real
0514710000000000020602,2.0,10.8,1.5,52.3,osrm_real
0514710000000000010805,2.6,8.8,1.4,50.2,osrm_real
0514710000000000030519,1.4,10.0,2.9,51.4,osrm_real
0549020050401800010109,37.4,37.4,31.8,60.5,osrm_real
0549010000000000010104,44.1,44.1,26.3,55.0,osrm_real
0549010000000000010121,45.5,45.6,27.8,56.5,osrm_real
0549010000000000010614,49.7,49.7,31.9,60.6,osrm_real
0549010000000000010819,44.1,44.2,26.3,55.0,osrm_real
0583720100700200020409,22.6,22.6,41.6,51.3,osrm_real
0565910000000000010130,2.6,2.6,2.5,99.5,osrm_real
0565920010100500010118,9.3,9.3,10.1,93.0,osrm_real
0566510000000000010213,1.0,1.7,1.3,139.8,osrm_real
0583720090700100010514,1.5,14.3,18.0,27.7,osrm_real
0583720090700100020427,2.9,14.9,19.4,29.0,osrm_real
0583720100700200010520,22.7,22.8,41.8,51.5,osrm_real
0583720030700600010113,20.7,20.8,22.9,31.7,osrm_real
0583720050604200010101,27.5,27.5,152.3,161.1,osrm_real
0505110000000000011040,1.2,1.6,1.3,110.5,osrm_real
0566510000000000010127,0.8,1.6,1.2,139.7,osrm_real
0583720090700100010119,0.4,13.2,16.7,26.3,osrm_real
0583720100700200010304,24.1,24.1,43.1,52.8,osrm_real
0583720100700200010411,23.0,23.1,42.1,51.7,osrm_real
0583720090102700010101,6.6,6.6,8.1,16.9,osrm_real
0514710000000000010106,2.2,7.9,2.0,49.4,osrm_real
0514710000000000020227,6.0,13.2,4.3,54.6,osrm_real
0514710000000000020423,1.8,10.6,1.0,52.0,osrm_real
0514710000000000030553,1.3,10.8,3.0,52.2,osrm_real
0517210000000000010533,11.8,36.6,1.6,59.3,osrm_real
0517210000000000010615,10.4,35.1,2.1,57.8,osrm_real
0517210000000000010617,10.3,35.1,2.3,57.7,osrm_real
0517210000000000010809,14.5,39.3,4.6,61.9,osrm_real
0517210000000000020230,12.1,36.9,1.9,59.5,osrm_real
0517210000000000020429,12.5,37.3,2.2,59.9,osrm_real
0517210000000000040115,9.5,34.3,2.3,56.9,osrm_real
0517210000000000050506,10.1,34.9,2.5,57.5,osrm_real
0517210000000000050520,9.6,34.4,1.9,57.0,osrm_real
0517210000000000050528,9.5,34.3,1.9,56.9,osrm_real
0517210000000000060206,10.6,35.3,2.3,58.0,osrm_real
0517210000000000060824,11.7,36.4,3.0,59.1,osrm_real
0565910000000000010708,1.2,1.2,1.8,97.9,osrm_real
0565910000000000010718,2.7,2.7,3.2,99.3,osrm_real
0565910000000000010806,2.1,2.1,3.0,98.6,osrm_real
0504520020300900010102,7.8,4.1,11.6,46.2,osrm_real
0505110000000000010205,0.8,0.8,1.1,111.0,osrm_real
0549020120600100010218,31.3,31.4,32.4,42.3,osrm_real
0514710000000000030627,1.6,11.2,3.0,52.6,osrm_real
0549020120600100010315,31.8,31.8,32.8,42.7,osrm_real
0549020090501500010113,75.6,65.6,30.6,97.5,osrm_real
0566510000000000010809,0.2,0.2,0.2,138.3,osrm_real
0565910000000000010208,0.4,0.4,0.6,97.7,osrm_real
0583720090700100010111,0.7,13.5,16.9,26.5,osrm_real
0583720090700100020110,1.0,13.2,17.5,27.1,osrm_real
0583720090700100020205,1.2,14.1,17.9,27.6,osrm_real
0583720090700100020376,3.1,15.5,19.8,29.4,osrm_real
0583720100700200010102,25.0,25.1,44.1,53.7,osrm_real
0504520020300300010106,6.0,1.6,9.1,43.7,osrm_real
0504520020300900010321,7.4,4.1,11.5,46.2,osrm_real
0504520010301100010202,5.3,6.0,7.4,40.9,osrm_real
0504520010301100010224,5.7,6.4,7.8,41.3,osrm_real
0505110000000000010201,0.8,1.2,1.7,111.2,osrm_real
0505110000000000010809,0.5,1.5,1.5,111.8,osrm_real
0505110000000000011124,1.9,1.9,1.5,110.2,osrm_real
0505120030101100010108,47.9,47.9,47.0,128.8,osrm_real
0505120030101100010131,46.5,46.5,46.5,127.4,osrm_real
0514710000000000020719,1.4,11.1,2.3,52.5,osrm_real
0514710000000000030407,0.3,10.0,1.9,51.4,osrm_real
0517220060601500010114,14.0,38.8,6.3,61.4,osrm_real
0517220060601500010104,15.3,40.1,7.6,62.7,osrm_real
0549010000000000010408,42.6,42.7,24.9,53.6,osrm_real
0549020120600100010226,31.0,31.1,32.6,42.0,osrm_real
0549020120300300010137,61.3,40.1,2.1,72.2,osrm_real
0549020050300500010102,43.9,43.9,48.8,77.5,osrm_real
0549020050300500010205,43.7,43.7,48.6,77.3,osrm_real
0549020090200800010109,55.5,55.5,54.3,93.2,osrm_real
0549020120801600010106,53.4,26.5,12.5,84.5,osrm_real
0565920010300300010117,8.0,8.0,8.8,96.9,osrm_real
0566510000000000010121,0.6,1.4,1.0,139.5,osrm_real
0566510000000000010153,1.3,2.1,1.7,140.2,osrm_real
0566510000000000010343,1.2,1.2,1.5,139.3,osrm_real
0566510000000000010430,2.2,3.0,2.6,141.1,osrm_real
0566510000000000010730,1.1,1.8,1.4,139.9,osrm_real
0583720090700100020125,0.4,13.5,17.2,26.8,osrm_real
0583720090700100020317,2.4,14.5,19.0,28.6,osrm_real
0583720090700100020524,2.1,13.9,18.6,28.2,osrm_real
0583720100700200010505,23.6,23.7,42.7,52.3,osrm_real
0583720100700200020107,22.9,23.0,42.0,51.6,osrm_real
0583720100700200020206,22.8,22.8,41.8,51.5,osrm_real
0583720100700200020406,22.8,22.8,41.9,51.5,osrm_real
0583720100700200020520,21.9,21.9,40.9,50.6,osrm_real
0583720030700600010102,20.2,20.2,22.3,31.1,osrm_real
0583720240400900010105,5.6,0.0,8.0,5.8,osrm_real
0514710000000000010335,3.2,7.4,2.9,48.8,osrm_real
0514710000000000020239,5.9,13.1,4.1,54.5,osrm_real
0514710000000000020725,2.0,11.6,2.9,53.0,osrm_real
0514710000000000030105,1.3,9.1,1.7,50.5,osrm_real
0514710000000000030208,1.1,9.1,1.8,50.5,osrm_real
0514710000000000030216,1.0,9.1,2.0,50.5,osrm_real
0514710000000000030414,0.6,9.7,2.1,51.1,osrm_real
0514710000000000030521,1.6,10.1,3.2,51.5,osrm_real
0517210000000000010308,11.8,36.6,2.2,59.2,osrm_real
0517210000000000010320,11.9,36.7,2.0,59.3,osrm_real
0517210000000000020417,12.3,37.0,2.0,59.7,osrm_real
0517210000000000020427,12.4,37.1,2.1,59.8,osrm_real
0517210000000000030109,10.3,35.1,2.7,57.7,osrm_real
0517210000000000030210,9.3,34.1,2.1,56.7,osrm_real
0517210000000000050125,9.3,34.1,2.1,56.7,osrm_real
0517210000000000050413,10.3,35.1,2.6,57.7,osrm_real
0517210000000000060125,9.8,34.6,1.9,57.2,osrm_real
0517210000000000060402,10.7,35.5,0.8,58.1,osrm_real
0517210000000000060431,11.2,36.0,1.5,58.6,osrm_real
0517210000000000060708,11.1,35.9,3.3,58.5,osrm_real
0517210000000000060930,12.9,37.7,3.0,60.3,osrm_real
0565910000000000010309,0.2,0.2,0.8,98.0,osrm_real
0565910000000000010604,1.8,1.8,2.4,98.5,osrm_real
0565910000000000010616,0.8,0.8,1.3,97.4,osrm_real
0566510000000000030110,1.1,1.1,1.3,139.1,osrm_real
0505110000000000011119,2.3,2.2,1.9,110.6,osrm_real
0505120060400100010114,93.9,94.5,94.4,193.0,osrm_real
0504520020300900010118,7.5,4.0,11.5,46.1,osrm_real
0504520010301100010235,6.3,7.0,8.4,41.9,osrm_real
0504520010101400010103,47.3,47.2,47.9,75.9,osrm_real
0505110000000000010131,0.1,1.2,1.1,111.5,osrm_real
0505110000000000010544,1.7,1.6,2.1,109.4,osrm_real
0505110000000000010906,0.1,1.3,1.2,111.5,osrm_real
0505110000000000010916,0.7,1.6,1.5,111.5,osrm_real
0505120030101100010102,47.9,47.9,46.7,128.8,osrm_real
0505120030101100010107,48.2,48.2,47.3,129.1,osrm_real
0505120050401400010108,45.5,45.5,80.7,178.2,osrm_real
0514710000000000010223,3.5,7.9,3.2,49.3,osrm_real
0514710000000000030537,0.7,9.7,2.2,51.2,osrm_real
0514710000000000030617,1.5,11.1,2.7,52.5,osrm_real
0549010000000000010610,51.4,51.5,33.6,62.3,osrm_real
0549010000000000010716,44.1,44.1,26.3,55.0,osrm_real
0549010000000000010913,44.9,45.0,27.2,55.9,osrm_real
0549020120600100010413,31.3,31.4,31.2,42.3,osrm_real
0549020050401800010106,37.7,37.7,32.2,60.9,osrm_real
0565920020500200010107,23.2,23.2,24.0,119.7,osrm_real
0566510000000000010560,1.7,1.7,1.4,139.4,osrm_real
0566520040200200010106,25.5,25.5,25.6,163.1,osrm_real
0583720090700100010124,1.8,13.8,17.3,26.9,osrm_real
0583720090700100020108,0.6,12.9,17.1,26.8,osrm_real
0583720100700200020302,22.8,22.9,41.9,51.6,osrm_real
0583720020101300010110,26.8,0.4,102.8,111.6,osrm_real
0504520020500200010306,8.1,9.8,11.2,42.4,osrm_real
0505110000000000010522,1.0,0.9,1.4,109.6,osrm_real
0514710000000000010123,1.4,8.9,1.3,50.3,osrm_real
0514710000000000020621,2.1,11.1,2.1,52.5,osrm_real
0517220100400700010101,19.1,25.1,11.4,66.5,osrm_real
0583720090402400010106,2.7,2.7,5.5,15.2,osrm_real
0549010000000000010506,42.3,42.4,24.5,53.3,osrm_real
0549020120600100010132,30.2,30.3,31.9,41.2,osrm_real
0549020030300200010207,21.6,21.6,49.8,78.5,osrm_real
0549020090501500010115,75.1,65.6,30.6,97.6,osrm_real
0583720090402400010126,3.8,3.8,6.6,16.3,osrm_real
0566510000000000010812,0.4,0.4,0.6,138.4,osrm_real
0566510000000000011018,2.1,2.1,2.6,136.5,osrm_real
0583720090700100010605,0.7,12.4,17.2,26.8,osrm_real
0583720090700100020429,2.7,14.7,19.2,28.8,osrm_real
0583720100700200010118,25.2,25.2,44.2,53.9,osrm_real
0583720100700200020309,22.6,22.6,41.7,51.3,osrm_real
0583720090600300010204,10.7,10.7,13.5,23.1,osrm_real
0583720080301000010122,8.0,8.0,9.5,18.3,osrm_real
0583720090602600010106,6.6,10.5,13.0,22.6,osrm_real
0583720090503500010103,20.2,19.3,21.7,31.4,osrm_real
0583720050604200010108,28.2,28.2,152.9,161.8,osrm_real
0514710000000000020915,4.7,11.9,2.9,53.3,osrm_real
0514710000000000010324,2.6,7.7,2.3,49.1,osrm_real
0514710000000000010325,2.3,7.7,2.0,49.1,osrm_real
0514710000000000010329,2.5,8.0,2.1,49.4,osrm_real
0514710000000000020804,5.3,12.5,3.5,53.9,osrm_real
0514710000000000020431,1.5,10.3,1.1,51.7,osrm_real
0514710000000000020605,1.9,10.7,1.8,52.1,osrm_real
0514710000000000030115,1.6,8.9,2.0,50.3,osrm_real
0517210000000000010116,12.3,37.0,3.8,59.7,osrm_real
0517210000000000020317,10.3,35.1,0.4,57.7,osrm_real
0517210000000000060434,10.6,35.4,0.7,58.0,osrm_real
0517210000000000020403,11.5,36.3,1.2,58.9,osrm_real
0517210000000000020431,12.6,37.4,2.4,60.1,osrm_real
0517210000000000050424,10.0,34.8,2.3,57.5,osrm_real
0517210000000000060321,11.0,35.8,1.5,58.4,osrm_real
0517210000000000060419,11.3,36.1,1.5,58.7,osrm_real
0517210000000000060703,11.3,36.1,3.5,58.7,osrm_real
0517210000000000060823,11.6,36.3,3.0,59.0,osrm_real
0517210000000000061005,11.5,36.3,3.8,58.9,osrm_real
0517210000000000061006,11.5,36.3,3.8,59.0,osrm_real
0517210000000000061015,11.9,36.6,4.1,59.3,osrm_real
0549020030200400010125,13.8,13.8,58.5,87.2,osrm_real
0565910000000000010107,1.1,1.1,1.2,97.9,osrm_real
0565910000000000010136,2.6,2.6,2.5,99.5,osrm_real
0565910000000000010707,1.0,1.0,1.5,97.6,osrm_real
0583720110201800010102,48.1,59.8,64.5,74.2,osrm_real
0583720110201800010112,47.1,58.9,63.6,73.2,osrm_real
0583720110201800010202,47.7,61.0,64.1,73.8,osrm_real
0504520020500200010120,10.1,9.8,13.2,44.3,osrm_real
0505110000000000010144,0.2,1.0,1.0,111.3,osrm_real
0514710000000000030516,1.3,9.9,2.8,51.3,osrm_real
0514720010601300010113,13.3,13.3,18.2,59.8,osrm_real
0549010000000000010830,44.8,44.9,27.0,55.7,osrm_real
0549020040400900010107,34.4,34.4,43.4,72.1,osrm_real
0565920010100500010123,9.8,9.8,10.6,93.5,osrm_real
0566510000000000010737,1.2,2.0,1.5,140.0,osrm_real
0583720090700100010128,1.5,14.3,17.6,27.2,osrm_real
0583720100700200010508,23.4,23.4,42.4,52.1,osrm_real
0583720240400900010102,5.6,0.0,8.0,5.8,osrm_real
0583720090402400010108,3.6,3.6,6.4,16.1,osrm_real
0583720090103900010103,8.3,8.3,10.4,19.2,osrm_real
0583720100400800010426,7.7,7.9,26.9,36.5,osrm_real
0504520020300900010319,7.2,4.0,11.5,46.1,osrm_real
0504520010301100010101,7.1,6.9,8.3,39.0,osrm_real
0504520010301100010102,6.7,6.5,7.9,39.4,osrm_real
0504520030101500010111,6.4,3.2,9.5,44.2,osrm_real
0505110000000000010229,0.9,0.9,1.1,110.9,osrm_real
0505120030101100010134,46.1,46.1,47.5,127.1,osrm_real
0549020120600100010123,30.2,30.3,31.3,41.2,osrm_real
0514710000000000010806,2.4,8.8,1.3,50.2,osrm_real
0514710000000000020106,3.8,10.7,2.1,52.1,osrm_real
0514720010601300010103,12.9,12.9,17.8,59.4,osrm_real
0583720090700100010414,1.7,14.6,18.3,27.9,osrm_real
0549020120600100010302,31.6,31.6,32.7,42.5,osrm_real
0549010000000000010119,44.8,44.8,27.0,55.7,osrm_real
0549020120600100010426,30.6,30.7,31.6,41.5,osrm_real
0549020030300200010112,22.3,22.3,50.4,79.1,osrm_real
0549020030300200010117,23.5,23.5,51.6,80.3,osrm_real
0549020030300200010202,21.7,21.7,49.8,78.5,osrm_real
0549020030300200010224,21.7,21.7,49.8,78.5,osrm_real
0549020120300300010105,62.0,39.0,0.9,73.0,osrm_real
0549020120300300010116,61.6,38.5,0.6,72.6,osrm_real
0549020040400900010131,33.7,33.7,41.2,70.0,osrm_real
0549020120301400010106,58.5,42.5,3.5,69.4,osrm_real
0565910000000000010210,0.3,0.3,0.6,97.8,osrm_real
0583720090700100010104,1.6,14.2,17.6,27.3,osrm_real
0583720090700100010711,1.4,12.4,17.8,27.5,osrm_real
0583720090700100020335,3.2,15.7,19.9,29.5,osrm_real
0583720100700200010108,24.2,24.2,43.2,52.9,osrm_real
0583720100700200010511,23.2,23.3,42.3,51.9,osrm_real
0583720100700200020503,22.1,22.2,41.2,50.8,osrm_real
0583720090600300010216,11.7,11.7,14.5,24.1,osrm_real
0583720090603100010112,7.5,17.7,20.2,29.8,osrm_real
0517210000000000010511,11.5,36.3,1.9,58.9,osrm_real
0517210000000000020602,13.1,37.8,2.8,60.5,osrm_real
0517210000000000030205,10.3,35.1,1.8,57.7,osrm_real
0517210000000000060412,11.0,35.8,1.3,58.4,osrm_real
0517210000000000061008,11.7,36.5,3.9,59.1,osrm_real
0565910000000000010126,1.5,1.5,2.4,96.6,osrm_real
0514710000000000020802,5.0,12.2,3.3,53.6,osrm_real
0514710000000000030108,1.4,9.1,1.8,50.6,osrm_real
0514710000000000030409,0.3,9.6,2.0,51.0,osrm_real
0514710000000000030543,1.0,10.1,2.5,51.5,osrm_real
0517210000000000010202,12.4,37.2,2.7,59.8,osrm_real
0517210000000000010314,11.4,36.2,2.5,58.8,osrm_real
0517210000000000010325,11.5,36.2,3.5,58.9,osrm_real
0517210000000000010614,10.7,35.5,2.3,58.1,osrm_real
0517210000000000020306,10.4,35.2,0.2,57.9,osrm_real
0517210000000000030217,9.1,33.9,2.0,56.5,osrm_real
0517210000000000040112,9.6,34.4,2.5,57.0,osrm_real
0517210000000000050326,11.3,36.1,3.6,58.7,osrm_real
0517210000000000050501,9.7,34.5,2.0,57.1,osrm_real
0517210000000000050525,9.7,34.5,2.1,57.1,osrm_real
0517210000000000050803,10.0,34.8,2.3,57.4,osrm_real
0517210000000000060306,10.3,35.1,1.8,57.7,osrm_real
0517210000000000060723,10.9,35.7,3.2,58.3,osrm_real
0517210000000000060918,12.6,37.3,2.3,60.0,osrm_real
0549020090501500010130,76.3,64.0,29.0,95.9,osrm_real
0565910000000000010231,1.1,1.1,0.9,98.7,osrm_real
0565910000000000010417,1.1,1.1,2.2,99.5,osrm_real
0565910000000000010714,2.7,2.7,3.3,99.4,osrm_real
0566510000000000020125,2.3,3.0,2.6,141.1,osrm_real
0583720110201800010302,47.2,58.9,63.6,73.3,osrm_real
0504520010101400010109,47.3,47.2,47.9,75.9,osrm_real
0504520010101600010111,41.2,41.1,41.8,69.7,osrm_real
0505110000000000011032,0.8,1.6,1.4,110.3,osrm_real
0514710000000000010215,3.4,7.8,3.1,49.2,osrm_real
0514710000000000020415,2.0,10.8,1.2,52.2,osrm_real
0514710000000000020712,1.4,11.0,2.0,52.4,osrm_real
0517220100400700010113,19.2,25.2,11.5,66.7,osrm_real
0549010000000000010906,45.1,45.2,27.3,56.0,osrm_real
0549020120600100010422,30.5,30.5,30.9,41.4,osrm_real
0549020120301000010106,65.1,39.5,4.1,76.1,osrm_real
0549020090201200010101,59.8,59.8,58.6,97.5,osrm_real
0549020090501500010112,75.4,65.5,30.5,97.5,osrm_real
0565920010100100010103,11.8,11.8,12.6,95.0,osrm_real
0566510000000000010164,1.4,2.2,1.8,140.3,osrm_real
0566510000000000010407,1.4,2.2,1.8,140.3,osrm_real
0566510000000000010541,0.9,1.2,0.7,139.2,osrm_real
0566510000000000010806,0.7,0.7,1.0,138.1,osrm_real
0583720090700100010133,1.8,13.8,17.2,26.9,osrm_real
0583720090700100020228,1.1,13.5,17.6,27.3,osrm_real
0583720090700100020352,2.8,15.3,19.5,29.2,osrm_real
0583720090700100020410,2.1,14.1,18.6,28.2,osrm_real
0583720100700200020211,23.2,23.2,42.2,51.9,osrm_real
0583720090600300010214,11.7,11.7,14.5,24.2,osrm_real
0583720030700600010109,20.1,20.1,22.2,31.0,osrm_real
0583720020101300010102,27.0,0.7,102.6,111.5,osrm_real
0583720090102700010103,6.8,6.8,8.3,17.1,osrm_real
0583720030802900010104,15.5,15.6,17.6,26.5,osrm_real
0504520010301100010111,5.2,5.8,7.3,40.7,osrm_real
0504520020300900010217,7.8,4.9,12.4,47.0,osrm_real
0505110000000000010106,0.5,1.2,1.1,111.5,osrm_real
0505110000000000010130,0.6,0.6,0.5,110.9,osrm_real
0505110000000000010408,0.6,0.6,1.0,110.5,osrm_real
0505110000000000011034,1.1,1.8,1.4,110.4,osrm_real
0505120030101100010121,46.4,46.4,47.3,127.3,osrm_real
0514710000000000020209,4.7,11.9,3.0,53.3,osrm_real
0517220070300300010113,29.0,53.8,21.2,76.4,osrm_real
0517220100400700010111,19.2,25.2,11.5,66.6,osrm_real
0549010000000000010314,43.7,43.8,26.0,54.7,osrm_real
0549010000000000010330,44.4,44.5,26.6,55.3,osrm_real
0549010000000000010431,42.6,42.6,24.8,53.5,osrm_real
0549010000000000010721,44.0,44.1,26.3,55.0,osrm_real
0549020030300200010129,23.4,23.4,51.5,80.2,osrm_real
0549020050300500010108,43.8,43.8,48.8,77.5,osrm_real
0549020120301000010103,65.3,39.6,4.2,76.3,osrm_real
0565920010300300010126,8.0,8.0,8.8,97.5,osrm_real
0566520040200200010114,24.7,24.7,24.8,162.3,osrm_real
0583720090600300010119,10.6,10.6,13.4,23.1,osrm_real
0583720090700100010728,1.5,12.2,17.9,27.6,osrm_real
0583720090700100020409,2.1,14.1,18.6,28.2,osrm_real
0583720090700100020512,1.4,13.3,17.8,27.5,osrm_real
0583720090700100020526,1.6,13.4,18.1,27.7,osrm_real
0583720100700200010415,23.3,23.3,42.3,52.0,osrm_real
0583720090600300010304,6.8,10.4,13.2,22.9,osrm_real
0583720090402400010118,3.9,3.9,6.7,16.4,osrm_real
0583720030802900010108,15.4,15.5,17.5,26.4,osrm_real
0514710000000000010108,1.8,8.7,1.6,50.1,osrm_real
0514710000000000010115,2.0,8.3,1.9,49.7,osrm_real
0514710000000000020215,4.3,11.5,2.5,52.9,osrm_real
0514710000000000020244,4.6,11.8,2.8,53.2,osrm_real
0514710000000000020310,2.6,11.6,2.7,53.0,osrm_real
0514710000000000020519,1.4,10.3,1.3,51.7,osrm_real
0514720010700700010127,18.0,40.5,17.7,63.2,osrm_real
0514720010700700010133,18.1,40.7,17.9,63.3,osrm_real
0517210000000000020204,10.4,35.2,0.7,57.8,osrm_real
0517210000000000020219,11.2,36.0,0.9,58.6,osrm_real
0517210000000000020507,12.6,37.4,2.3,60.0,osrm_real
0517210000000000050106,9.7,34.4,2.7,57.1,osrm_real
0517210000000000050129,9.3,34.1,2.0,56.7,osrm_real
0517210000000000060213,10.7,35.5,2.4,58.1,osrm_real
0517210000000000060809,11.2,36.0,2.7,58.6,osrm_real
0517210000000000060913,12.3,37.1,2.4,59.7,osrm_real
0565910000000000010132,2.8,2.8,2.7,99.6,osrm_real
0565910000000000010202,1.0,1.0,0.7,98.5,osrm_real
0566510000000000020105,2.4,3.1,2.7,141.2,osrm_real
0505110000000000011104,1.7,1.7,1.3,110.6,osrm_real
0549010000000000010416,43.2,43.3,25.5,54.2,osrm_real
0549020040400900010116,34.0,34.0,43.2,71.9,osrm_real
0583720050603700010105,18.1,18.1,142.8,151.7,osrm_real
0504520020300900010109,7.3,3.6,11.1,45.7,osrm_real
0504520020300900010121,7.5,4.2,11.7,46.3,osrm_real
0504520020300900010216,8.3,5.2,12.6,47.3,osrm_real
0504520010301100010226,6.2,6.8,8.3,41.7,osrm_real
0505110000000000010223,0.9,1.1,1.6,111.1,osrm_real
0505110000000000011023,1.1,1.9,1.5,110.3,osrm_real
0505110000000000011042,1.4,2.1,1.8,111.0,osrm_real
0505120050401400010102,45.8,45.8,81.0,178.5,osrm_real
0514710000000000020511,0.8,10.3,2.2,51.8,osrm_real
0514710000000000020707,1.8,11.3,2.4,52.8,osrm_real
0549010000000000010130,44.6,44.7,26.9,55.6,osrm_real
0549010000000000010201,44.2,44.3,26.4,55.1,osrm_real
0549010000000000010212,43.3,43.4,25.5,54.3,osrm_real
0549010000000000010708,44.3,44.4,26.6,55.3,osrm_real
0549020120600100010116,30.5,30.5,31.7,41.4,osrm_real
0549020120600100010233,30.8,30.8,32.4,41.7,osrm_real
0549020120600100010410,31.0,31.0,31.1,41.9,osrm_real
0549020120300300010114,61.6,39.0,0.5,72.5,osrm_real
0549020120101100010103,43.7,43.7,29.0,54.6,osrm_real
0565920010100500010124,9.4,9.4,10.2,93.1,osrm_real
0566510000000000010350,1.3,1.3,1.5,139.4,osrm_real
0566510000000000010726,0.6,1.3,0.9,139.4,osrm_real
0566510000000000010807,0.4,0.4,0.6,138.4,osrm_real
0566510000000000030101,2.0,2.0,2.5,140.1,osrm_real
0566520010100400010118,76.0,76.0,76.1,213.7,osrm_real
0583720090700100010727,1.5,12.2,18.0,27.6,osrm_real
0583720090700100020220,1.6,13.6,18.1,27.7,osrm_real
0583720090700100020225,0.9,13.4,17.4,27.0,osrm_real
0583720090700100020334,3.3,15.8,20.0,29.6,osrm_real
0583720090700100020349,3.2,15.7,19.9,29.6,osrm_real
0583720090700100020503,1.3,13.3,17.8,27.4,osrm_real
0583720090600300010337,8.1,8.5,11.3,20.9,osrm_real
0583720090302300010108,5.2,5.2,8.1,17.7,osrm_real
0583720090402400010109,3.6,3.6,6.4,16.1,osrm_real
0583720090602600010111,4.1,14.4,16.9,26.5,osrm_real
0583720090103900010111,8.6,8.7,10.7,19.5,osrm_real
0504520050300100010113,23.2,22.5,25.1,63.4,osrm_real
0514710000000000010205,2.9,7.7,2.6,49.1,osrm_real
0514710000000000020416,2.1,10.7,1.1,52.1,osrm_real
0514710000000000030602,1.3,10.8,2.4,52.2,osrm_real
0549010000000000010615,47.3,47.4,29.6,58.3,osrm_real
0549010000000000010703,44.5,44.5,26.7,55.4,osrm_real
0549010000000000010709,44.2,44.3,26.4,55.2,osrm_real
0565910000000000010133,2.8,2.8,2.7,99.6,osrm_real
0565920010100100010114,11.8,11.8,12.7,95.0,osrm_real
0566510000000000010155,1.1,1.9,1.5,140.0,osrm_real
0583720020101300010116,26.8,0.5,102.9,111.7,osrm_real
0583720100700200010208,23.5,23.5,42.5,52.2,osrm_real
0583720100400800010106,7.3,7.5,26.5,36.1,osrm_real
0583720100400800010205,6.9,6.3,25.3,35.0,osrm_real
0583720030803200010108,16.3,16.4,18.5,27.3,osrm_real
0514710000000000010229,3.0,7.3,2.7,48.7,osrm_real
0514710000000000020226,6.1,13.3,4.4,54.7,osrm_real
0514710000000000020610,1.9,10.7,1.8,52.2,osrm_real
0514710000000000020806,5.0,12.2,3.3,53.6,osrm_real
0514710000000000030117,1.3,9.0,1.7,50.4,osrm_real
0514710000000000030222,1.5,8.7,2.0,50.1,osrm_real
0514710000000000030419,1.1,10.5,2.7,51.9,osrm_real
0514710000000000030621,1.4,11.0,2.8,52.4,osrm_real
0514710000000000030638,2.2,11.8,3.1,53.2,osrm_real
0514720010700700010129,17.9,40.5,17.7,63.1,osrm_real
0517210000000000010606,11.6,36.3,1.3,59.0,osrm_real
0517210000000000020210,9.9,34.6,0.8,57.3,osrm_real
0517210000000000020334,10.3,35.1,0.6,57.7,osrm_real
0517210000000000020423,12.1,36.9,1.9,59.5,osrm_real
0517210000000000030211,9.1,33.9,1.8,56.5,osrm_real
0517210000000000040111,10.0,34.8,2.9,57.4,osrm_real
0517210000000000050323,10.1,34.9,2.4,57.5,osrm_real
0517210000000000050420,10.5,35.3,2.8,57.9,osrm_real
0517210000000000050430,10.4,35.2,2.7,57.8,osrm_real
0517210000000000050712,11.3,36.1,3.5,58.7,osrm_real
0517210000000000050805,10.1,34.9,2.4,57.5,osrm_real
0517210000000000060124,9.6,34.4,1.6,57.0,osrm_real
0517210000000000060317,10.8,35.6,1.7,58.2,osrm_real
0517210000000000060506,11.1,35.9,1.7,58.5,osrm_real
0517210000000000060609,11.1,35.8,2.7,58.5,osrm_real
0517210000000000060610,11.2,35.9,2.8,58.6,osrm_real
0517210000000000060932,13.1,37.9,2.9,60.5,osrm_real
0549020030200400010101,13.9,13.9,58.5,87.2,osrm_real
0565910000000000010134,2.6,2.6,2.5,99.5,osrm_real
0565910000000000010518,0.0,0.0,3.3,100.2,osrm_real
0566510000000000011007,1.7,1.7,2.2,136.3,osrm_real
0583720110201800010213,48.5,61.8,64.9,74.6,osrm_real
0514710000000000020207,4.8,12.0,3.0,53.4,osrm_real
0549010000000000010118,44.4,44.4,26.6,55.3,osrm_real
0549010000000000010706,44.2,44.3,26.5,55.2,osrm_real
0549020030300200010203,21.7,21.7,49.8,78.5,osrm_real
0549020120100700010114,39.7,39.8,21.9,50.7,osrm_real
0565920010300300010102,8.4,8.4,9.2,96.9,osrm_real
0566520010100400010117,74.1,74.1,74.2,211.8,osrm_real
0583720100700200010206,23.7,23.7,42.7,52.4,osrm_real
0583720100400800010112,7.2,7.4,26.4,36.1,osrm_real
0583720100400800010407,7.3,7.5,26.6,36.2,osrm_real
0504520050300100010103,22.7,22.1,24.6,62.9,osrm_real
0504520020500200010304,8.1,9.8,11.2,42.4,osrm_real
0504520020300900010328,7.4,4.1,11.6,46.2,osrm_real
0504520010301100010201,5.4,6.0,7.5,40.5,osrm_real
0504520010301100010203,5.4,6.1,7.5,41.0,osrm_real
0504520030101500010117,6.5,3.3,9.6,44.3,osrm_real
0505110000000000010321,1.4,1.4,1.0,110.8,osrm_real
0505110000000000010704,0.4,1.2,1.1,111.5,osrm_real
0505110000000000010907,0.5,1.5,1.4,111.8,osrm_real
0505120060400100010101,94.8,95.4,95.3,193.9,osrm_real
0505120030200800010112,56.1,56.1,59.1,130.0,osrm_real
0514710000000000020303,2.3,11.1,2.2,52.6,osrm_real
0514710000000000020514,1.1,10.7,2.3,52.1,osrm_real
0549010000000000010108,44.2,44.3,26.5,55.2,osrm_real
0549010000000000010214,44.0,44.0,26.2,54.9,osrm_real
0549010000000000010313,43.9,44.0,26.2,54.9,osrm_real
0549010000000000010403,43.0,43.1,25.2,54.0,osrm_real
0549020120600100010135,30.0,30.0,31.6,40.9,osrm_real
0549020120600100010318,32.2,32.3,33.3,43.1,osrm_real
0549020120300300010129,61.4,40.8,1.9,72.3,osrm_real
0549020120600600010105,35.0,35.1,26.4,46.0,osrm_real
0549020050401800010107,37.8,37.8,32.2,60.9,osrm_real
0566510000000000010410,1.8,2.6,2.2,140.7,osrm_real
0566510000000000010419,2.0,2.8,2.4,140.9,osrm_real
0566510000000000010429,2.2,3.0,2.5,141.0,osrm_real
0566520040200200010102,25.8,25.8,25.8,163.4,osrm_real
0583720090700100010109,0.6,13.3,16.7,26.3,osrm_real
0583720090700100010112,1.2,13.9,17.3,26.9,osrm_real
0583720090700100010118,2.2,13.6,17.1,26.7,osrm_real
0583720090700100010137,1.4,14.1,17.4,27.0,osrm_real
0583720090700100010508,0.7,13.5,17.3,26.9,osrm_real
0583720090700100010721,2.2,12.9,18.6,28.3,osrm_real
0583720090700100020325,3.2,15.7,19.9,29.6,osrm_real
0583720090700100020402,2.3,14.4,18.8,28.5,osrm_real
0583720100700200010307,23.9,24.0,43.0,52.6,osrm_real
0583720100700200020407,22.8,22.9,41.9,51.5,osrm_real
0583720100700200020413,22.7,22.7,41.8,51.4,osrm_real
0583720050200500010111,13.6,13.6,138.4,147.2,osrm_real
0583720100400800010302,7.1,6.6,25.6,35.2,osrm_real
0583720070201200010107,23.7,23.7,148.5,157.3,osrm_real
0583720050202800010105,38.3,38.3,163.1,171.9,osrm_real
0583720030802900010110,15.1,15.1,17.2,26.0,osrm_real
0583720050603700010102,17.8,17.8,142.6,151.4,osrm_real
0583720090103900010114,8.9,9.5,11.0,19.9,osrm_real
0514710000000000010131,2.1,8.3,2.0,49.7,osrm_real
0514710000000000010406,2.3,8.2,1.8,49.7,osrm_real
0514710000000000010802,2.2,8.3,1.7,49.8,osrm_real
0514720010700700010115,19.4,41.9,19.1,64.6,osrm_real
0517210000000000010611,11.0,35.8,1.4,58.4,osrm_real
0517210000000000020332,10.2,35.0,1.4,57.6,osrm_real
0517210000000000020426,12.3,37.1,2.1,59.8,osrm_real
0517210000000000050406,10.8,35.6,3.0,58.2,osrm_real
0517210000000000050421,10.3,35.1,2.5,57.7,osrm_real
0517210000000000060309,10.7,35.5,1.3,58.1,osrm_real
0517210000000000060426,11.8,36.6,1.7,59.2,osrm_real
0517210000000000060617,11.2,36.0,2.9,58.6,osrm_real
0517210000000000061001,11.1,35.9,3.3,58.5,osrm_real
0549020090501500010126,76.0,64.6,29.6,96.6,osrm_real
0565910000000000010308,0.4,0.4,1.0,98.2,osrm_real
0565910000000000010138,2.3,2.3,2.2,99.1,osrm_real
0565910000000000010522,0.8,0.8,2.7,99.6,osrm_real
0565910000000000010802,2.1,2.1,2.9,98.6,osrm_real
0566510000000000020123,2.5,3.1,2.6,141.1,osrm_real
0566510000000000030111,1.3,1.3,1.5,139.3,osrm_real
0583720110201800010216,48.4,61.7,64.8,74.5,osrm_real
0583720110201800010306,47.6,60.9,64.1,73.7,osrm_real
0583720110201800010311,47.5,60.8,63.9,73.6,osrm_real
0583720110201800010323,48.7,62.0,65.1,74.8,osrm_real
0505110000000000010302,1.4,1.4,1.0,110.8,osrm_real
0505110000000000011108,1.9,1.9,1.5,110.6,osrm_real
0505120030200800010101,56.3,56.3,59.4,130.3,osrm_real
0505120050401400010111,45.2,45.2,80.3,177.9,osrm_real
0505120050401400010114,45.6,45.6,80.7,178.2,osrm_real
0514710000000000020418,1.7,10.4,0.8,51.8,osrm_real
0514710000000000030426,0.8,10.4,2.4,51.8,osrm_real
0517220060601500010112,15.2,40.0,7.4,62.6,osrm_real
0549010000000000010306,43.3,43.4,25.6,54.3,osrm_real
0549020120600100010114,30.3,30.4,31.6,41.2,osrm_real
0549020120600100010225,30.6,30.7,32.3,41.6,osrm_real
0549020040400900010130,33.7,33.7,41.2,69.9,osrm_real
0549020120801600010107,53.5,26.6,12.4,84.5,osrm_real
0565920010300300010112,7.7,7.7,8.6,96.8,osrm_real
0566510000000000010113,0.4,1.2,0.8,139.3,osrm_real
0566510000000000010207,0.3,1.1,0.6,139.1,osrm_real
0583720100700200020416,22.3,22.4,41.4,51.1,osrm_real
0583720090700100020367,3.0,15.4,19.7,29.4,osrm_real
0583720100700200020314,22.5,22.5,41.5,51.2,osrm_real
0583720050200500010115,13.4,13.4,138.1,147.0,osrm_real
0583720100400800010417,8.3,7.8,26.8,36.4,osrm_real
0583720020101300010115,27.2,0.9,102.6,111.5,osrm_real
0583720020101300010208,26.4,0.6,103.5,112.4,osrm_real
0583720090402400010112,3.8,3.8,6.6,16.3,osrm_real
0583720010204000010102,10.6,10.6,118.6,127.5,osrm_real
0504520020500200010105,9.7,9.5,12.8,44.0,osrm_real
0505110000000000010414,0.5,0.5,1.0,109.9,osrm_real
0514710000000000030305,1.9,9.4,0.8,50.8,osrm_real
0549020120600100010221,31.5,31.6,32.7,42.5,osrm_real
0565920010300300010132,7.9,7.9,8.7,97.4,osrm_real
0566520040200800010108,38.2,38.2,38.3,171.3,osrm_real
0583720090700100010207,1.2,13.9,17.3,26.9,osrm_real
0583720090700100020302,2.4,14.9,19.1,28.8,osrm_real
0583720090700100020502,1.2,13.2,17.7,27.4,osrm_real
0583720090700100020516,1.7,13.4,18.1,27.8,osrm_real
0583720100700200020116,21.7,21.8,40.8,50.5,osrm_real
0583720100700200020325,22.1,22.1,41.1,50.8,osrm_real
0583720080301000010108,8.8,8.8,10.3,19.2,osrm_real
0583720070201200010129,25.2,25.2,150.0,158.8,osrm_real
0583720020101300010114,27.0,0.6,102.6,111.4,osrm_real
0583720020101300010119,26.6,0.4,103.2,112.1,osrm_real
0583720090603000010103,6.7,17.0,19.4,29.1,osrm_real
0514710000000000030103,1.5,8.9,1.8,50.3,osrm_real
0514710000000000030412,0.9,9.7,2.4,51.1,osrm_real
0517210000000000010315,11.3,36.1,2.7,58.7,osrm_real
0517210000000000010503,10.9,35.7,2.6,58.3,osrm_real
0517210000000000010510,11.3,36.1,2.1,58.8,osrm_real
0517210000000000030203,9.6,34.4,1.8,57.0,osrm_real
0517210000000000040116,9.0,33.8,2.1,56.4,osrm_real
0517210000000000050610,9.1,33.9,1.8,56.5,osrm_real
0517210000000000050708,11.2,36.0,3.4,58.6,osrm_real
0517210000000000050713,12.6,37.4,4.8,60.0,osrm_real
0517210000000000060117,10.1,34.9,1.5,57.5,osrm_real
0517210000000000060518,11.5,36.2,2.3,58.9,osrm_real
0517210000000000060911,12.3,37.0,2.3,59.7,osrm_real
0517210000000000060931,13.1,37.9,2.9,60.5,osrm_real
0549020030200400010107,14.0,14.0,58.7,87.4,osrm_real
0565910000000000010141,1.6,1.6,1.6,98.6,osrm_real
0565910000000000010306,0.2,0.2,0.8,98.1,osrm_real
0565910000000000010611,1.0,1.0,1.5,97.6,osrm_real
0565910000000000010710,1.1,1.1,1.7,97.8,osrm_real
0565910000000000010712,2.3,2.3,2.8,98.9,osrm_real
0583720110201800010126,47.6,59.4,64.1,73.7,osrm_real
0514720011001000010111,7.2,6.5,6.8,48.4,osrm_real
0517210000000000010214,12.6,37.4,2.6,60.0,osrm_real
0549020030200400010119,12.7,12.7,57.3,86.0,osrm_real
0549010000000000010415,43.3,43.3,25.5,54.2,osrm_real
0566510000000000010542,1.3,1.8,1.3,139.8,osrm_real
0566520040200200010109,25.4,25.4,25.4,163.0,osrm_real
0583720090700100010320,2.2,14.1,17.6,27.2,osrm_real
0583720090700100020331,3.6,16.0,20.3,30.0,osrm_real
0583720100700200010205,23.8,23.9,42.9,52.5,osrm_real
0583720070201200010120,24.3,24.3,149.1,157.9,osrm_real
0504520050300100010109,22.9,22.2,24.8,63.1,osrm_real
0504520020500200010307,8.1,9.7,11.1,42.3,osrm_real
0504520020300900010326,7.1,3.9,11.4,46.0,osrm_real
0504520010301100010222,6.2,6.9,8.3,41.7,osrm_real
0505110000000000010234,0.3,0.2,0.6,110.8,osrm_real
0505110000000000010601,0.7,0.7,0.7,111.0,osrm_real
0505120040101000010114,69.2,69.2,68.7,141.6,osrm_real
0583720090102700010109,6.6,6.6,8.1,17.0,osrm_real
0583720090603100010104,7.2,17.4,19.9,29.5,osrm_real
0549010000000000010508,42.6,42.6,24.8,53.5,osrm_real
0549010000000000010603,50.6,50.7,32.8,61.5,osrm_real
0549010000000000010720,44.3,44.4,26.6,55.3,osrm_real
0549010000000000010820,44.5,44.6,26.8,55.5,osrm_real
0549020120600100010111,30.3,30.4,31.4,41.3,osrm_real
0549020120600100010133,30.7,30.8,30.7,41.7,osrm_real
0549020120600100010227,31.0,31.1,32.6,41.9,osrm_real
0549020040400900010102,34.9,34.9,43.9,72.6,osrm_real
0549020040400900010119,34.3,34.3,42.7,71.4,osrm_real
0549020090501500010109,74.9,65.8,30.8,97.8,osrm_real
0566510000000000010221,0.8,1.6,1.1,139.6,osrm_real
0566510000000000010413,1.6,2.4,1.9,140.4,osrm_real
0566510000000000010864,0.8,0.8,1.3,137.6,osrm_real
0566510000000000020112,1.9,2.6,2.1,140.6,osrm_real
0566520010100400010109,75.6,75.6,75.7,213.3,osrm_real
0583720090700100020420,2.3,14.3,18.7,28.4,osrm_real
0583720090700100020431,2.6,14.6,19.0,28.7,osrm_real
0583720100700200010117,24.3,24.4,43.4,53.1,osrm_real
0583720090700100010117,2.1,13.9,17.3,27.0,osrm_real
0583720090700100010123,2.1,13.5,17.0,26.6,osrm_real
0583720090700100010217,2.2,14.2,17.6,27.3,osrm_real
0583720090700100010617,1.8,13.0,18.3,28.0,osrm_real
0583720090700100020324,3.0,15.5,19.7,29.4,osrm_real
0583720090700100020350,3.2,15.7,19.9,29.6,osrm_real
0583720100700200010417,23.1,23.1,42.1,51.8,osrm_real
0583720100700200020131,22.3,22.3,41.3,51.0,osrm_real
0583720100700200020305,22.6,22.6,41.6,51.3,osrm_real
0583720100700200020506,21.9,21.9,40.9,50.6,osrm_real
0583720090600300010203,10.9,10.9,13.7,23.3,osrm_real
0583720090600300010319,6.2,9.9,12.7,22.3,osrm_real
0583720100400800010314,6.9,6.3,25.3,35.0,osrm_real
0583720100400800010408,7.6,7.8,26.8,36.5,osrm_real
0583720100400800010409,7.8,8.0,27.0,36.7,osrm_real
0583720020101300010112,26.7,0.3,102.9,111.7,osrm_real
0583720090503500010105,20.2,19.3,21.7,31.4,osrm_real
0583720010204000010104,11.1,11.1,119.0,127.8,osrm_real
0514710000000000010725,2.4,10.8,1.2,52.2,osrm_real
0514710000000000020521,1.4,10.4,1.4,51.8,osrm_real
0514710000000000030421,1.1,10.7,2.6,52.1,osrm_real
0514720010700700010102,19.1,41.6,18.8,64.3,osrm_real
0514720010700700010112,18.8,41.3,18.5,63.9,osrm_real
0514720011001000010139,6.2,5.5,5.9,47.4,osrm_real
0517210000000000010204,12.3,37.0,2.7,59.7,osrm_real
0517210000000000010805,15.6,40.3,5.6,63.0,osrm_real
0517210000000000020326,9.9,34.7,1.0,57.4,osrm_real
0517210000000000050204,9.9,34.7,2.7,57.3,osrm_real
0517210000000000050328,10.9,35.7,3.1,58.3,osrm_real
0517210000000000050329,11.3,36.1,3.5,58.7,osrm_real
0517210000000000050405,10.8,35.6,3.0,58.2,osrm_real
0517210000000000050417,10.4,35.2,2.6,57.8,osrm_real
0517210000000000060112,10.1,34.9,1.5,57.6,osrm_real
0517210000000000060717,11.7,36.4,3.3,59.1,osrm_real
0517210000000000060925,13.0,37.8,3.0,60.5,osrm_real
0565910000000000010717,2.5,2.5,3.0,99.1,osrm_real
0583720110201800010119,47.5,60.8,64.0,73.6,osrm_real
0583720110201800010206,48.7,62.0,65.1,74.8,osrm_real
0583720110201800010325,48.1,61.4,64.5,74.2,osrm_real
0505110000000000010410,0.1,0.1,0.6,109.9,osrm_real
0505110000000000011109,1.9,1.8,1.4,110.6,osrm_real
0505120020500300010106,67.4,67.4,56.8,154.3,osrm_real
0514710000000000020210,4.7,11.9,3.0,53.3,osrm_real
0549020050300500010111,43.7,43.7,48.7,77.4,osrm_real
0565910000000000010403,1.3,1.3,1.7,99.1,osrm_real
0566510000000000010315,1.1,1.1,0.8,139.1,osrm_real
0566520010100400010115,75.8,75.8,75.8,213.4,osrm_real
0583720090700100010208,0.9,13.7,17.2,26.9,osrm_real
0583720090700100010707,1.3,12.5,17.8,27.5,osrm_real
0583720090700100020305,2.9,15.3,19.6,29.3,osrm_real
0583720100700200020219,23.1,23.1,42.1,51.8,osrm_real
0583720100700200020418,22.1,22.2,41.2,50.8,osrm_real
0583720090600300010220,12.7,12.7,15.5,25.1,osrm_real
0504520020500200010313,8.2,9.9,11.3,42.5,osrm_real
0504520020300900010110,7.2,3.5,11.0,45.6,osrm_real
0504520010301100010204,5.3,6.0,7.5,40.9,osrm_real
0505110000000000010230,0.1,0.2,0.5,110.7,osrm_real
0505110000000000010915,0.8,1.7,1.6,111.8,osrm_real
0505120030200900010120,51.0,51.0,60.4,117.2,osrm_real
0505120030101100010116,47.3,47.3,47.1,128.2,osrm_real
0514710000000000010309,2.4,8.1,2.0,49.5,osrm_real
0549020050300500010212,43.5,43.5,48.4,77.1,osrm_real
0514710000000000020104,4.1,10.9,2.4,52.3,osrm_real
0514710000000000020118,3.6,10.3,2.0,51.8,osrm_real
0517220100400700010108,19.3,25.3,11.5,66.7,osrm_real
0549010000000000010325,43.1,43.1,25.3,54.0,osrm_real
0549010000000000010902,45.0,45.1,27.2,55.9,osrm_real
0549020040400900010111,34.7,34.7,43.7,72.4,osrm_real
0549020040400900010122,34.8,34.8,43.8,72.5,osrm_real
0549020040400900010124,34.8,34.8,43.8,72.5,osrm_real
0565910000000000010112,0.6,0.6,1.1,97.7,osrm_real
0565920010100100010107,11.6,11.6,12.4,94.8,osrm_real
0565920010100500010120,9.2,9.2,10.0,92.9,osrm_real
0566510000000000010839,0.9,0.9,1.2,138.3,osrm_real
0566510000000000011016,1.9,1.9,2.4,136.7,osrm_real
0566520010100400010113,74.8,74.8,74.9,212.5,osrm_real
0583720090700100010135,1.6,14.0,17.4,27.1,osrm_real
0583720100700200010405,23.4,23.5,42.5,52.2,osrm_real
0583720100700200010413,23.2,23.3,42.3,51.9,osrm_real
0583720100700200020316,22.3,22.3,41.3,51.0,osrm_real
0583720090600300010111,10.7,10.7,13.5,23.1,osrm_real
0583720090600300010318,6.6,10.2,13.0,22.7,osrm_real
0583720080301000010119,8.2,8.2,9.8,18.6,osrm_real
0583720090602600010115,8.5,12.5,14.9,24.6,osrm_real
0583720090603000010101,6.1,16.4,18.8,28.5,osrm_real
0583720030803200010113,17.4,17.5,19.6,28.4,osrm_real
0583720240204300010101,,,,,osrm_real_parcial
0514710000000000010507,2.7,9.1,1.4,50.5,osrm_real
0514710000000000020317,2.8,11.6,2.7,53.0,osrm_real
0514710000000000020509,1.1,10.7,1.9,52.1,osrm_real
0514710000000000020516,0.5,9.9,1.4,51.3,osrm_real
0514710000000000030118,1.2,9.1,1.7,50.6,osrm_real
0514710000000000030234,1.6,8.9,2.5,50.3,osrm_real
0514710000000000030438,0.1,9.8,1.8,51.3,osrm_real
0514710000000000030529,1.1,9.7,2.4,51.1,osrm_real
0514720011001000010127,6.8,6.1,6.5,48.0,osrm_real
0517210000000000010119,12.3,37.1,3.1,59.7,osrm_real
0517210000000000010535,12.8,37.6,2.5,60.2,osrm_real
0517210000000000010706,12.7,37.5,3.3,60.1,osrm_real
0517210000000000020101,10.4,35.2,1.5,57.8,osrm_real
0517210000000000020201,9.9,34.7,1.2,57.3,osrm_real
0517210000000000060116,9.9,34.7,1.7,57.3,osrm_real
0517210000000000060220,11.0,35.8,3.0,58.4,osrm_real
0517210000000000060313,10.5,35.3,1.9,57.9,osrm_real
0517210000000000060702,11.5,36.3,3.3,58.9,osrm_real
0517210000000000060813,11.8,36.5,2.3,59.2,osrm_real
0583720110201800010220,48.7,62.0,65.2,74.8,osrm_real
0583720110201800010308,47.7,61.0,64.1,73.8,osrm_real
0504520050300100010105,22.9,22.2,24.8,63.1,osrm_real
0504520010301100010210,5.7,6.4,7.8,41.3,osrm_real
0504520030101500010120,6.4,3.2,9.5,44.1,osrm_real
0505110000000000010703,0.4,1.0,1.0,111.3,osrm_real
0505110000000000010706,1.2,1.3,1.2,111.6,osrm_real
0505110000000000010801,0.4,1.1,1.0,111.4,osrm_real
0505110000000000011112,1.6,1.6,1.2,110.3,osrm_real
0505120060600500010107,68.9,68.9,81.8,179.3,osrm_real
0505120040101000010116,67.7,67.7,67.3,142.4,osrm_real
0514710000000000020409,2.3,10.9,1.4,52.3,osrm_real
0549010000000000010307,43.4,43.5,25.7,54.4,osrm_real
0549010000000000010511,42.6,42.6,24.8,53.5,osrm_real
0549010000000000010707,44.4,44.5,26.6,55.3,osrm_real
0549020120600100010136,29.7,29.7,31.3,40.6,osrm_real
0549020030300200010114,23.7,23.7,51.8,80.5,osrm_real
0549020030300200010115,23.7,23.7,51.8,80.5,osrm_real
0549020120100700010106,40.2,40.2,22.4,51.1,osrm_real
0549020040400900010118,34.1,34.1,42.9,71.6,osrm_real
0549020120301000010112,65.1,38.7,4.0,76.0,osrm_real
0549020090201200010108,59.5,59.5,58.3,97.2,osrm_real
0565920010200600010108,6.5,6.5,7.3,94.2,osrm_real
0566510000000000010120,0.8,1.6,1.2,139.7,osrm_real
0566510000000000010734,1.1,1.9,1.4,139.9,osrm_real
0566510000000000010736,1.0,1.8,1.4,139.9,osrm_real
0566510000000000011010,2.1,2.1,2.6,137.5,osrm_real
0566520040200200010112,24.8,24.8,24.9,162.5,osrm_real
0583720090700100020342,2.7,15.2,19.5,29.1,osrm_real
0583720100700200020324,22.4,22.5,41.5,51.1,osrm_real
0583720090600300010336,8.1,8.4,11.2,20.9,osrm_real
0583720050200500010113,13.4,13.4,138.2,147.0,osrm_real
0583720070201200010128,25.2,25.2,150.0,158.8,osrm_real
0583720020101300010109,26.7,0.4,103.0,111.9,osrm_real
0583720090402400010111,3.8,3.8,6.6,16.3,osrm_real
0583720050603700010106,18.0,18.0,142.8,151.6,osrm_real
0504520020500200010305,7.9,9.6,11.0,42.2,osrm_real
0504520010101400010114,47.3,47.2,47.9,75.9,osrm_real
0505110000000000010914,0.5,1.3,1.2,111.2,osrm_real
0505120030200900010108,50.8,50.8,60.6,117.4,osrm_real
0514710000000000020706,1.8,11.4,2.5,52.8,osrm_real
0566510000000000030115,1.3,1.3,1.6,139.4,osrm_real
0583720090700100020407,2.5,14.5,18.9,28.6,osrm_real
0583720090700100010314,1.1,13.9,17.7,27.3,osrm_real
0583720090700100020332,3.4,15.9,20.1,29.8,osrm_real
0583720090602600010105,6.6,10.5,12.9,22.6,osrm_real
0583720090102700010106,6.2,6.2,7.7,16.6,osrm_real
0514710000000000010724,2.1,10.7,1.1,52.1,osrm_real
0514710000000000010820,1.9,8.5,1.5,49.9,osrm_real
0514710000000000020902,4.7,11.9,2.9,53.3,osrm_real
0514720011001000010115,6.9,6.2,6.6,48.1,osrm_real
0517210000000000010802,15.4,40.2,5.5,62.8,osrm_real
0517210000000000010803,15.3,40.1,5.4,62.7,osrm_real
0517210000000000020324,10.7,35.5,0.8,58.1,osrm_real
0517210000000000020335,10.4,35.2,0.5,57.8,osrm_real
0517210000000000050604,9.4,34.2,1.9,56.8,osrm_real
0517210000000000060718,11.3,36.1,3.6,58.7,osrm_real
0549020030200400010116,13.7,13.7,58.3,87.0,osrm_real
0565910000000000010201,0.9,0.9,0.9,98.2,osrm_real
0565910000000000010414,0.8,0.8,1.4,98.6,osrm_real
0565910000000000010705,1.1,1.1,1.7,97.8,osrm_real
0504520020300900010213,7.7,4.2,11.6,46.3,osrm_real
0505110000000000010214,0.3,0.3,0.8,110.3,osrm_real
0505110000000000010346,1.6,1.6,1.2,110.7,osrm_real
0505120060400100010109,94.9,95.5,95.4,194.1,osrm_real
0505120020500300010115,68.9,68.9,58.3,155.8,osrm_real
0505120030200900010110,50.8,50.8,60.8,117.6,osrm_real
0514710000000000010331,3.0,7.5,2.7,48.9,osrm_real
0549020120600100010125,30.6,30.7,31.7,41.6,osrm_real
0549020120300300010111,62.6,39.9,1.5,73.5,osrm_real
0549020120301000010102,65.4,39.3,4.4,76.4,osrm_real
0565920010300300010125,7.9,7.9,8.7,97.4,osrm_real
0566510000000000010633,0.6,1.4,0.9,139.4,osrm_real
0566510000000000010660,1.3,1.9,1.5,140.0,osrm_real
0583720090700100020212,1.3,13.6,17.7,27.4,osrm_real
0583720090600300010329,8.4,8.7,11.5,21.2,osrm_real
0583720090402400010102,3.5,3.5,6.4,16.0,osrm_real
0504520020500200010310,8.5,10.2,11.6,42.8,osrm_real
0504520020500200010208,9.2,9.0,12.3,43.5,osrm_real
0504520020300300010107,4.7,0.4,7.8,42.5,osrm_real
0504520020300900010228,8.0,4.8,12.3,46.9,osrm_real
0504520030101500010123,6.6,3.4,9.7,44.4,osrm_real
0505110000000000010213,0.5,0.5,1.0,110.5,osrm_real
0505110000000000010904,0.6,1.5,1.4,111.6,osrm_real
0514710000000000020414,2.1,10.9,1.4,52.3,osrm_real
0517220060601500010101,15.4,40.2,7.7,62.8,osrm_real
0549010000000000010803,44.7,44.8,26.9,55.6,osrm_real
0549020120600100010403,31.0,31.0,32.0,41.9,osrm_real
0549020120300300010119,62.1,38.4,1.0,73.0,osrm_real
0549020120100700010116,39.8,39.9,22.1,50.7,osrm_real
0549020090200800010102,55.7,55.7,54.5,93.4,osrm_real
0549020040400900010108,34.4,34.4,43.4,72.1,osrm_real
0549020040400900010113,34.8,34.8,43.8,72.5,osrm_real
0549020120101100010108,44.2,44.2,29.5,55.1,osrm_real
0565910000000000010222,1.1,1.1,0.5,98.5,osrm_real
0566510000000000010357,1.8,1.8,2.1,139.9,osrm_real
0566520040200800010111,38.0,38.0,38.1,170.9,osrm_real
0583720090700100010134,1.8,13.8,17.2,26.9,osrm_real
0583720090700100010312,0.8,13.6,17.2,26.9,osrm_real
0583720090700100010316,1.5,14.4,18.1,27.8,osrm_real
0583720090700100020104,0.4,13.1,16.9,26.5,osrm_real
0583720090700100020339,2.8,15.3,19.5,29.2,osrm_real
0583720090700100020406,2.8,15.1,19.4,29.0,osrm_real
0583720090700100020414,2.6,14.6,19.1,28.7,osrm_real
0583720100700200010310,24.3,24.3,43.4,53.0,osrm_real
0583720100700200020127,23.2,23.2,42.2,51.9,osrm_real
0583720090600300010305,7.2,10.9,13.7,23.3,osrm_real
0583720090600300010323,7.0,10.7,13.5,23.2,osrm_real
0583720020101300010206,26.7,0.7,103.6,112.4,osrm_real
0583720090402400010120,3.9,3.9,6.7,16.4,osrm_real
0583720090602600010102,8.6,12.6,15.0,24.7,osrm_real
0583720090603000010102,6.5,16.7,19.2,28.8,osrm_real
0514710000000000030406,0.3,9.6,1.8,51.0,osrm_real
0514710000000000030525,1.4,10.1,2.9,51.5,osrm_real
0517210000000000010208,12.1,36.8,2.7,59.5,osrm_real
0517210000000000010509,11.3,36.1,2.1,58.8,osrm_real
0517210000000000020114,11.4,36.2,1.2,58.8,osrm_real
0517210000000000020325,10.5,35.3,0.8,57.9,osrm_real
0517210000000000050522,10.0,34.8,2.3,57.4,osrm_real
0517210000000000050808,10.0,34.8,2.2,57.4,osrm_real
0517210000000000050809,10.0,34.7,2.2,57.4,osrm_real
0517210000000000060514,11.3,36.1,2.2,58.8,osrm_real
0549020030200400010113,13.2,13.2,57.8,86.5,osrm_real
0549020050300500010219,43.0,43.0,47.9,76.6,osrm_real
0565910000000000010621,2.1,2.1,2.6,98.7,osrm_real
0583720110201800010301,46.8,58.5,63.3,72.9,osrm_real
0514710000000000010407,2.1,8.5,1.6,49.9,osrm_real
0514710000000000010512,2.9,9.6,1.2,51.0,osrm_real
0514710000000000030540,1.2,10.2,2.7,51.7,osrm_real
0514710000000000030603,1.4,11.0,2.3,52.4,osrm_real
0517210000000000010538,12.6,37.4,2.3,60.1,osrm_real
0517210000000000050316,10.8,35.5,3.0,58.2,osrm_real
0517210000000000060401,10.8,35.6,0.7,58.2,osrm_real
0583720110201800010118,47.6,59.3,64.0,73.7,osrm_real
0504520020300900010317,7.0,3.8,11.3,45.9,osrm_real
0549020040400900010126,34.1,34.1,43.3,72.0,osrm_real
0504520010301100010223,6.3,7.0,8.4,41.9,osrm_real
0504520030101500010104,6.3,3.1,9.4,44.1,osrm_real
0504520010101600010108,41.5,41.4,42.1,70.1,osrm_real
0514710000000000010137,1.9,8.5,2.1,50.0,osrm_real
0514710000000000010118,1.7,8.7,1.7,50.1,osrm_real
0549020120600600010107,35.4,35.5,26.8,46.4,osrm_real
0549010000000000010234,44.3,44.4,26.5,55.3,osrm_real
0549010000000000010823,44.6,44.7,26.8,55.6,osrm_real
0549020120300300010126,60.6,40.9,2.4,71.5,osrm_real
0565910000000000010212,0.6,0.6,0.5,98.0,osrm_real
0565920010300300010116,7.9,7.9,8.7,97.0,osrm_real
0566510000000000010808,0.1,0.1,0.6,138.0,osrm_real
0566520020300300010113,68.0,68.0,68.1,205.6,osrm_real
0583720090700100010614,1.3,12.6,17.7,27.4,osrm_real
0583720090700100010726,1.6,12.3,18.1,27.7,osrm_real
0583720090700100020230,1.8,14.9,18.5,28.2,osrm_real
0583720100700200010207,23.6,23.7,42.7,52.3,osrm_real
0583720100700200010210,23.7,23.7,42.7,52.4,osrm_real
0583720050200500010101,14.2,14.2,139.0,147.8,osrm_real
0583720030700600010101,20.7,20.8,22.8,31.7,osrm_real
0583720100400800010117,7.4,7.6,26.6,36.3,osrm_real
0583720080301000010106,8.5,8.5,10.0,18.8,osrm_real
0583720090402400010119,3.9,3.9,6.7,16.4,osrm_real
0583720090302500010105,3.1,3.7,5.2,14.0,osrm_real
0583720010203800010107,5.7,5.7,130.5,139.3,osrm_real
0505110000000000010145,0.7,0.9,1.2,110.9,osrm_real
0505110000000000010207,0.4,0.3,0.4,110.7,osrm_real
0505110000000000010702,0.5,1.0,0.9,111.3,osrm_real
0505110000000000011015,1.0,0.9,0.5,110.4,osrm_real
0505120040101000010109,69.2,69.2,68.7,141.0,osrm_real
0505120030101100010103,47.9,47.9,46.8,128.9,osrm_real
0517220100400700010102,19.2,25.2,11.4,66.6,osrm_real
0549020120600100010407,30.8,30.8,31.5,41.7,osrm_real
0549020030300200010218,20.7,20.7,48.8,77.6,osrm_real
0565910000000000010504,0.7,0.7,3.7,100.8,osrm_real
0566510000000000010858,0.9,0.9,1.4,137.7,osrm_real
0583720090700100010309,0.4,13.3,17.0,26.6,osrm_real
0583720090700100010704,1.6,12.6,18.0,27.7,osrm_real
0583720090700100010729,1.2,11.9,17.7,27.3,osrm_real
0583720090700100020322,2.9,15.3,19.6,29.2,osrm_real
0514710000000000010338,2.7,7.3,2.3,48.7,osrm_real
0514710000000000010712,2.4,10.1,1.2,51.5,osrm_real
0514710000000000020229,5.7,12.9,3.9,54.3,osrm_real
0514710000000000030240,1.1,9.1,1.7,50.5,osrm_real
0517210000000000010305,11.7,36.5,2.7,59.1,osrm_real
0517210000000000010605,11.4,36.2,1.4,58.8,osrm_real
0517210000000000010801,15.4,40.2,5.5,62.8,osrm_real
0517210000000000020209,10.3,35.1,0.8,57.7,osrm_real
0517210000000000020216,11.3,36.1,0.9,58.7,osrm_real
0517210000000000020221,11.4,36.2,1.1,58.8,osrm_real
0517210000000000030212,9.3,34.1,1.5,56.7,osrm_real
0517210000000000050113,8.9,33.7,2.0,56.3,osrm_real
0517210000000000050118,9.6,34.4,2.1,57.0,osrm_real
0517210000000000060214,10.8,35.6,2.5,58.2,osrm_real
0517210000000000060501,11.1,35.9,1.7,58.5,osrm_real
0517210000000000060601,11.0,35.8,2.6,58.4,osrm_real
0517210000000000060613,10.7,35.5,3.0,58.1,osrm_real
0517210000000000060621,11.1,35.8,3.3,58.5,osrm_real
0517210000000000061007,11.6,36.4,3.9,59.0,osrm_real
0565910000000000010315,0.6,0.6,1.1,97.3,osrm_real
0565910000000000010102,1.3,1.3,1.3,98.3,osrm_real
0565910000000000010620,2.0,2.0,2.5,98.6,osrm_real
0583720110201800010122,47.7,59.5,64.2,73.8,osrm_real
0583720110201800010324,48.5,61.8,65.0,74.6,osrm_real
0505110000000000010112,0.5,1.1,1.1,111.5,osrm_real
0583720100700200010114,24.2,24.2,43.2,52.9,osrm_real
0583720090700100020308,2.2,14.7,18.9,28.6,osrm_real
0583720100700200010515,23.5,23.5,42.5,52.2,osrm_real
0583720240400900010104,5.6,0.0,8.0,5.8,osrm_real
0504520020300900010127,6.9,3.8,11.2,45.9,osrm_real
0504520010301100010233,6.5,7.2,8.6,42.0,osrm_real
0505110000000000010225,0.4,0.4,1.0,110.4,osrm_real
0505110000000000010233,0.3,0.3,0.5,110.8,osrm_real
0505110000000000010523,1.0,0.9,1.4,109.4,osrm_real
0505110000000000010547,1.0,1.7,1.4,110.1,osrm_real
0505110000000000011013,0.7,1.3,0.9,110.6,osrm_real
0505110000000000011035,1.1,1.8,1.4,110.3,osrm_real
0505120020500300010108,68.0,68.0,57.4,155.0,osrm_real
0505120030200900010105,51.3,51.3,60.1,116.8,osrm_real
0514710000000000010228,3.2,7.6,2.9,49.0,osrm_real
0514710000000000010231,2.7,7.3,2.4,48.7,osrm_real
0514710000000000020306,2.7,11.5,2.5,52.9,osrm_real
0517220060601500010108,14.9,39.7,7.1,62.3,osrm_real
0549010000000000010220,43.4,43.5,25.7,54.4,osrm_real
0549010000000000010323,42.9,43.0,25.2,53.9,osrm_real
0549020030300200010113,23.6,23.6,51.8,80.5,osrm_real
0549020120300300010132,61.8,39.5,1.7,72.7,osrm_real
0549020050401800010110,37.4,37.4,31.8,60.5,osrm_real
0565920010100100010106,11.9,11.9,12.7,95.1,osrm_real
0565920010300300010109,7.3,7.3,8.2,96.8,osrm_real
0565920010300300010128,6.8,6.8,7.6,96.3,osrm_real
0565920020300400010107,47.2,47.2,48.0,130.5,osrm_real
0566510000000000010414,1.5,2.3,1.9,140.4,osrm_real
0566510000000000010722,0.5,1.3,0.9,139.4,osrm_real
0566510000000000010828,0.2,0.2,0.7,138.2,osrm_real
0566510000000000010849,0.8,0.8,1.1,138.2,osrm_real
0566510000000000020106,2.0,2.7,2.3,140.8,osrm_real
0566520020300300010111,68.1,68.1,68.2,205.8,osrm_real
0583720090700100010101,2.2,13.4,16.8,26.5,osrm_real
0583720100700200020128,22.9,22.9,41.9,51.6,osrm_real
0583720070201200010130,24.9,24.9,149.6,158.5,osrm_real
0583720020101300010210,27.2,0.8,102.7,111.5,osrm_real
0583720090603100010109,7.3,17.6,20.0,29.6,osrm_real
0583720220103600010102,87.8,87.8,100.8,110.4,osrm_real
0514710000000000010107,2.1,8.6,1.9,50.0,osrm_real
0514710000000000010302,2.6,7.9,2.1,49.3,osrm_real
0514720010700700010126,18.2,40.7,17.9,63.3,osrm_real
0514710000000000010503,3.3,9.3,1.8,50.7,osrm_real
0514710000000000010612,3.2,9.7,1.5,51.1,osrm_real
0514710000000000010813,2.1,8.8,1.1,50.2,osrm_real
0514710000000000030217,1.0,9.2,1.9,50.6,osrm_real
0514710000000000030528,1.9,10.2,3.4,51.6,osrm_real
0514720010700700010117,18.9,41.4,18.6,64.0,osrm_real
0517210000000000010705,12.8,37.5,3.5,60.2,osrm_real
0517210000000000020601,12.7,37.5,2.4,60.1,osrm_real
0517210000000000040114,9.5,34.3,2.4,56.9,osrm_real
0517210000000000050105,9.4,34.2,2.5,56.9,osrm_real
0517210000000000050312,10.7,35.5,2.9,58.1,osrm_real
0517210000000000050412,10.4,35.1,2.6,57.8,osrm_real
0517210000000000050504,10.0,34.8,2.4,57.4,osrm_real
0517210000000000060623,10.7,35.5,2.9,58.1,osrm_real
0517210000000000060625,10.5,35.3,2.8,57.9,osrm_real
0517210000000000060916,12.4,37.1,2.5,59.8,osrm_real
0517210000000000060921,12.4,37.2,2.6,59.8,osrm_real
0549020050300500010105,44.2,44.2,49.1,77.8,osrm_real
0565910000000000010143,1.4,1.4,2.3,96.3,osrm_real
0565910000000000010316,1.2,1.2,1.7,98.9,osrm_real
0565910000000000010113,0.4,0.4,1.0,97.4,osrm_real
0566510000000000020110,0.9,1.5,1.0,139.5,osrm_real
0583720110201800010107,47.7,59.5,64.2,73.8,osrm_real
0583720110201800010333,48.8,62.1,65.3,74.9,osrm_real
0505120040101000010120,67.4,67.4,67.0,142.7,osrm_real
0504520020300900010219,6.9,3.9,11.3,46.0,osrm_real
0504520020300900010318,7.1,3.9,11.4,46.0,osrm_real
0505110000000000010539,1.5,1.4,1.9,109.1,osrm_real
0505110000000000010608,1.6,1.7,1.6,111.2,osrm_real
0505110000000000011027,1.2,1.8,1.5,110.7,osrm_real
0514710000000000010206,2.9,7.7,2.6,49.1,osrm_real
0514710000000000010606,2.9,10.2,1.2,51.6,osrm_real
0517220070300300010114,29.1,53.9,21.4,76.5,osrm_real
0549020120600100010427,30.9,31.0,32.0,41.8,osrm_real
0549020030300200010208,21.6,21.6,49.7,78.4,osrm_real
0549020040400900010129,34.9,34.9,42.4,71.1,osrm_real
0565920010300300010121,7.6,7.6,8.5,97.2,osrm_real
0566510000000000010248,1.0,1.8,1.3,139.8,osrm_real
0583720100700200010519,23.0,23.0,42.0,51.7,osrm_real
0583720100700200020114,22.7,22.7,41.7,51.4,osrm_real
0583720100700200020129,24.3,24.4,43.4,53.0,osrm_real
0583720090600300010202,11.2,11.2,14.0,23.6,osrm_real
0583720100400800010107,7.1,7.3,26.3,35.9,osrm_real
0583720010203800010110,5.2,5.2,130.0,138.8,osrm_real
0504520020300900010104,7.3,3.7,11.1,45.8,osrm_real
0504520020300900010325,7.0,3.9,11.3,46.0,osrm_real
0504520010301100010205,5.5,6.2,7.6,41.1,osrm_real
0505110000000000010221,0.5,0.4,0.8,111.0,osrm_real
0505110000000000010337,1.3,1.3,0.9,110.4,osrm_real
0505110000000000011037,1.2,2.0,1.6,110.6,osrm_real
0505120060600500010108,68.8,68.8,81.7,179.2,osrm_real
0505120030101100010128,47.0,47.0,46.0,127.9,osrm_real
0514710000000000030238,1.3,9.4,2.5,50.8,osrm_real
0549020120301000010111,64.7,39.1,3.6,75.6,osrm_real
0549020120301400010107,58.1,42.0,3.0,69.0,osrm_real
0549010000000000010401,43.1,43.1,25.3,54.0,osrm_real
0549020120600100010309,31.5,31.6,32.6,42.5,osrm_real
0549020120100700010107,39.8,39.9,22.2,50.8,osrm_real
0549020090501500010121,75.6,64.9,29.9,96.9,osrm_real
0566510000000000010116,1.1,1.9,1.4,139.9,osrm_real
0565920010300300010131,7.8,7.8,8.6,97.3,osrm_real
0565920020300400010102,47.4,47.4,48.3,130.7,osrm_real
0565920010100500010110,8.6,8.6,9.4,92.3,osrm_real
0566510000000000010503,0.5,0.5,0.3,138.6,osrm_real
0566510000000000010666,1.2,1.9,1.5,140.0,osrm_real
0566510000000000010712,1.0,1.8,1.4,139.9,osrm_real
0566510000000000010731,0.8,1.6,1.1,139.6,osrm_real
0566510000000000010820,1.3,1.3,1.4,138.8,osrm_real
0566510000000000010842,0.4,0.4,0.9,138.4,osrm_real
0566510000000000020115,1.4,2.1,1.7,140.2,osrm_real
0583720090700100020428,2.8,14.8,19.3,28.9,osrm_real
0583720090700100020437,3.8,16.2,20.5,30.1,osrm_real
0583720100700200010111,25.0,25.0,44.0,53.7,osrm_real
0583720100700200010409,23.0,23.0,42.1,51.7,osrm_real
0583720100700200020130,22.2,22.2,41.2,50.9,osrm_real
0583720090600300010311,6.3,9.9,12.7,22.4,osrm_real
0583720080301000010110,8.6,8.6,10.1,18.9,osrm_real
0583720080301000010118,8.3,8.3,9.8,18.6,osrm_real
0583720070202000010104,158.9,158.9,160.4,169.2,osrm_real
0583720050202800010103,38.5,38.5,163.3,172.1,osrm_real
0583720030802900010109,15.4,15.4,17.5,26.3,osrm_real
0583720030803200010110,16.6,16.6,18.7,27.5,osrm_real
0514710000000000010412,2.0,8.4,1.5,49.9,osrm_real
0514710000000000010803,2.2,8.4,1.6,49.8,osrm_real
0514710000000000030224,1.2,9.2,2.3,50.6,osrm_real
0514710000000000030512,1.3,10.3,2.8,51.8,osrm_real
0514710000000000030626,1.5,11.1,2.9,52.5,osrm_real
0517210000000000010108,11.7,36.5,3.2,59.1,osrm_real
0517210000000000010123,12.0,36.8,4.2,59.4,osrm_real
0517210000000000010318,10.8,35.6,2.9,58.2,osrm_real
0517210000000000010403,11.2,35.9,3.2,58.6,osrm_real
0517210000000000020308,10.1,34.9,1.4,57.5,osrm_real
0517210000000000020516,13.8,38.6,3.8,61.2,osrm_real
0517210000000000030102,11.0,35.8,3.1,58.4,osrm_real
0517210000000000050101,9.1,33.9,2.2,56.5,osrm_real
0517210000000000060736,10.5,35.3,2.7,57.9,osrm_real
0517210000000000060802,11.9,36.7,2.1,59.3,osrm_real
0517210000000000060922,12.5,37.3,2.7,59.9,osrm_real
0549020030200400010120,12.7,12.7,57.4,86.1,osrm_real
0565910000000000010902,2.5,2.5,3.4,99.1,osrm_real
0566510000000000030113,1.6,1.6,1.9,139.7,osrm_real
0514710000000000020107,3.7,10.8,2.0,52.2,osrm_real
0549020120600100010310,31.8,31.8,32.9,42.7,osrm_real
0549020120600600010111,35.7,35.7,27.0,46.6,osrm_real
0565920010200600010106,6.8,6.8,7.6,94.4,osrm_real
0566520020300300010103,68.5,68.5,68.6,206.1,osrm_real
0583720090700100020356,3.2,15.7,19.9,29.6,osrm_real
0583720100700200010501,23.8,23.8,42.8,52.5,osrm_real
0583720090600300010325,8.4,8.7,11.5,21.1,osrm_real
0583720020101300010204,26.5,0.5,103.4,112.2,osrm_real
0514710000000000010716,2.4,10.5,1.4,51.9,osrm_real
0514710000000000010321,2.3,8.3,1.9,49.7,osrm_real
0514710000000000010330,2.6,8.1,2.3,49.5,osrm_real
0514710000000000020109,3.6,10.8,1.9,52.2,osrm_real
0514710000000000020314,2.6,10.8,1.5,52.2,osrm_real
0514710000000000020908,6.6,13.8,4.9,55.2,osrm_real
0514710000000000030510,1.0,10.1,2.6,51.5,osrm_real
0517210000000000010207,11.9,36.7,2.9,59.3,osrm_real
0517210000000000010412,10.7,35.4,2.7,58.1,osrm_real
0517210000000000020313,10.1,34.9,0.8,57.5,osrm_real
0517210000000000020437,12.8,37.6,2.6,60.3,osrm_real
0517210000000000030119,9.9,34.7,2.3,57.3,osrm_real
0517210000000000050419,10.5,35.3,2.8,57.9,osrm_real
0517210000000000060204,10.3,35.1,2.2,57.7,osrm_real
0517210000000000060307,10.5,35.3,1.5,57.9,osrm_real
0517210000000000060422,11.5,36.3,1.6,58.9,osrm_real
0517210000000000060519,11.6,36.3,2.1,59.0,osrm_real
0517210000000000060626,10.4,35.2,2.7,57.8,osrm_real
0517210000000000060929,12.7,37.5,2.9,60.2,osrm_real
0517210000000000061010,11.8,36.6,4.1,59.2,osrm_real
0565910000000000010302,1.0,1.0,1.5,98.8,osrm_real
0565910000000000010213,0.5,0.5,0.8,98.0,osrm_real
0566510000000000010246,0.8,1.0,0.8,139.1,osrm_real
0549020090201200010106,59.9,59.9,58.7,97.6,osrm_real
0504520020300300010104,6.3,2.0,9.4,44.0,osrm_real
0504520020300900010322,7.2,4.0,11.5,46.1,osrm_real
0504520010301100010206,5.6,6.3,7.7,41.2,osrm_real
0504520010101400010112,47.3,47.2,47.9,75.9,osrm_real
0505110000000000010304,0.4,1.0,1.1,110.7,osrm_real
0505110000000000010307,0.1,0.6,0.8,110.3,osrm_real
0505110000000000010407,0.7,0.7,1.2,110.3,osrm_real
0505110000000000010518,0.9,0.8,1.3,109.2,osrm_real
0505110000000000010605,1.6,1.9,1.8,111.8,osrm_real
0505110000000000011115,2.0,1.9,1.5,110.3,osrm_real
0549020030300200010213,21.8,21.8,49.9,78.6,osrm_real
0514710000000000010602,3.2,9.9,1.5,51.3,osrm_real
0514710000000000030608,1.0,10.6,2.4,52.0,osrm_real
0549020030300200010216,21.5,21.5,49.6,78.3,osrm_real
0549020030300200010209,20.3,20.3,48.5,77.2,osrm_real
0549010000000000010205,44.1,44.2,26.3,55.1,osrm_real
0549010000000000010208,43.8,43.9,26.1,54.8,osrm_real
0549010000000000010309,43.4,43.5,25.6,54.4,osrm_real
0549010000000000010814,44.9,44.9,27.1,55.8,osrm_real
0549020120600100010117,30.4,30.5,31.9,41.4,osrm_real
0549020120600100010316,31.6,31.6,32.7,42.5,osrm_real
0549020050300500010106,44.0,44.0,49.0,77.7,osrm_real
0549020120600600010117,35.3,35.4,27.0,46.2,osrm_real
0565910000000000010205,0.6,0.6,0.5,98.2,osrm_real
0565910000000000010221,1.0,1.0,0.5,98.5,osrm_real
0565910000000000010224,0.7,0.7,0.4,98.2,osrm_real
0565920010100100010122,10.9,10.9,11.7,94.1,osrm_real
0565920020500200010105,23.2,23.2,24.0,119.7,osrm_real
0565920010300300010120,7.0,7.0,7.9,96.6,osrm_real
0566510000000000010351,1.2,1.8,1.4,139.9,osrm_real
0583720090700100010226,2.6,13.7,17.2,26.8,osrm_real
0583720090700100010511,1.0,13.9,17.6,27.3,osrm_real
0583720090700100020124,0.1,13.3,16.9,26.6,osrm_real
0583720090700100020306,2.4,15.0,19.1,28.8,osrm_real
0583720100700200020215,23.1,23.2,42.2,51.8,osrm_real
0583720100700200020515,21.8,21.8,40.8,50.5,osrm_real
0583720050200500010112,13.6,13.6,138.4,147.2,osrm_real
0583720070201200010105,23.4,23.4,148.1,156.9,osrm_real
0583720070201200010126,24.0,24.0,148.7,157.5,osrm_real
0583720070201200010127,23.9,23.9,148.7,157.5,osrm_real
0583720020101300010113,27.0,0.6,102.6,111.4,osrm_real
0583720030802900010114,15.6,15.7,17.7,26.5,osrm_real
0583720030803200010112,17.2,17.2,19.3,28.1,osrm_real
0583720090503500010102,20.2,19.3,21.7,31.4,osrm_real
0583720010204000010101,10.8,10.8,118.5,127.3,osrm_real
0504520020300900010204,9.4,5.9,13.3,48.0,osrm_real
0505110000000000010123,0.5,1.5,1.6,111.5,osrm_real
0505110000000000010137,0.8,1.6,1.9,111.6,osrm_real
0505110000000000010543,1.1,1.9,1.6,110.3,osrm_real
0514710000000000020117,3.4,10.3,1.7,51.7,osrm_real
0514710000000000020307,2.7,11.6,2.6,53.0,osrm_real
0549010000000000010904,45.1,45.2,27.3,56.0,osrm_real
0549020120600100010417,30.4,30.5,31.5,41.4,osrm_real
0565910000000000010405,1.2,1.2,2.2,99.2,osrm_real
0566520020300300010101,69.1,69.1,69.1,206.7,osrm_real
0583720090700100020215,1.6,14.1,18.2,27.8,osrm_real
0583720090700100020229,1.1,13.1,17.5,27.2,osrm_real
0583720030700600010110,20.4,20.5,22.5,31.4,osrm_real
0583720030802900010107,15.1,15.2,17.2,26.1,osrm_real
0504520020500200010108,9.5,9.2,12.6,43.7,osrm_real
0505110000000000010124,0.7,1.3,1.6,111.3,osrm_real
0505110000000000010126,0.5,1.5,1.6,111.5,osrm_real
0505110000000000011118,2.1,2.1,1.7,110.5,osrm_real
0505120050401400010112,46.0,46.0,81.1,178.6,osrm_real
0514710000000000020723,2.2,11.7,2.7,53.1,osrm_real
0514710000000000030229,1.5,9.1,2.4,50.5,osrm_real
0514720010601300010114,13.3,13.3,18.2,59.8,osrm_real
0517220070300300010116,29.1,53.9,21.4,76.5,osrm_real
0549010000000000010233,44.5,44.5,26.7,55.4,osrm_real
0549010000000000010509,42.1,42.1,24.3,53.0,osrm_real
0549010000000000010826,44.9,44.9,27.1,55.8,osrm_real
0549020120600100010423,30.8,30.8,30.7,41.7,osrm_real
0549020120300300010121,62.6,39.9,1.5,73.6,osrm_real
0549020050300500010206,43.9,43.9,48.8,77.6,osrm_real
0549020090201200010107,59.3,59.3,58.1,97.0,osrm_real
0565910000000000010211,0.9,0.9,0.2,98.2,osrm_real
0566510000000000010334,1.2,1.2,1.5,139.3,osrm_real
0566510000000000010347,1.0,1.0,1.3,139.1,osrm_real
0566510000000000010508,0.1,0.6,0.2,138.7,osrm_real
0566510000000000010635,0.3,1.0,0.6,139.1,osrm_real
0566510000000000010845,0.6,0.6,1.1,137.5,osrm_real
0566510000000000010871,2.5,2.5,2.6,140.2,osrm_real
0566510000000000020118,1.8,2.5,2.0,140.5,osrm_real
0566520040200800010115,37.8,37.8,37.8,171.2,osrm_real
0583720100700200020315,22.4,22.4,41.5,51.1,osrm_real
0583720090700100020106,0.8,13.3,17.4,27.0,osrm_real
0583720090700100020320,2.4,14.8,19.1,28.7,osrm_real
0583720090700100020408,2.3,14.3,18.7,28.4,osrm_real
0583720090700100020504,1.4,13.4,17.9,27.5,osrm_real
0583720090700100020519,1.9,13.6,18.4,28.0,osrm_real
0583720100700200020204,22.9,22.9,42.0,51.6,osrm_real
0583720100700200020412,22.5,22.6,41.6,51.2,osrm_real
0583720100700200020519,21.9,21.9,40.9,50.6,osrm_real
0583720100400800010427,8.1,8.3,27.4,37.0,osrm_real
0583720090402400010114,3.8,3.8,6.6,16.2,osrm_real
0583720090402400010129,6.8,6.8,9.6,19.2,osrm_real
0583720030802900010122,14.9,15.0,17.0,25.9,osrm_real
0583720030803200010107,18.2,18.3,20.4,29.2,osrm_real
0514710000000000010301,2.3,8.1,1.9,49.5,osrm_real
0514710000000000010322,2.6,8.6,1.5,50.0,osrm_real
0514710000000000010414,2.4,8.0,2.0,49.4,osrm_real
0514710000000000010416,2.0,8.5,1.5,49.9,osrm_real
0514710000000000010508,3.0,9.4,1.4,50.8,osrm_real
0514710000000000010528,3.1,9.2,1.4,50.6,osrm_real
0514710000000000010801,2.3,8.2,1.9,49.6,osrm_real
0514710000000000020506,1.4,10.3,1.4,51.7,osrm_real
0514710000000000030404,0.7,9.3,1.8,50.8,osrm_real
0514720010700700010109,18.5,41.0,18.2,63.7,osrm_real
0517210000000000010529,11.9,36.7,1.6,59.3,osrm_real
0517210000000000020401,11.6,36.4,1.3,59.0,osrm_real
0517210000000000030108,10.6,35.4,2.8,58.0,osrm_real
0517210000000000030216,9.1,33.9,1.8,56.5,osrm_real
0517210000000000050119,9.6,34.4,2.0,57.0,osrm_real
0517210000000000050324,10.0,34.8,2.4,57.4,osrm_real
0517210000000000050707,11.1,35.9,3.4,58.5,osrm_real
0517210000000000060208,10.4,35.2,2.7,57.9,osrm_real
0517210000000000060517,11.5,36.3,2.6,58.9,osrm_real
0517210000000000060608,11.2,35.9,2.9,58.6,osrm_real
0517210000000000060704,11.1,35.9,3.4,58.5,osrm_real
0517210000000000060808,11.1,35.9,2.6,58.5,osrm_real
0517210000000000060820,11.8,36.6,2.4,59.3,osrm_real
0517210000000000060914,12.3,37.1,2.5,59.8,osrm_real
0517210000000000061013,11.6,36.3,3.8,59.0,osrm_real
0549020050300500010204,43.7,43.7,48.6,77.3,osrm_real
0565910000000000010603,2.0,2.0,2.5,98.6,osrm_real
0565910000000000010703,1.7,1.7,2.3,98.4,osrm_real
0583720110201800010322,48.8,62.1,65.3,74.9,osrm_real
0583720090103900010118,9.1,9.1,11.2,20.0,osrm_real
0504520030101500010105,6.3,3.1,9.4,44.0,osrm_real
0504520010101400010107,47.3,47.2,47.9,75.9,osrm_real
0505110000000000010202,0.8,1.1,1.5,111.1,osrm_real
0505110000000000010217,0.4,0.3,0.5,110.6,osrm_real
0505110000000000011036,1.3,2.1,1.7,110.6,osrm_real
0505120060400100010108,93.9,94.5,94.4,193.0,osrm_real
0505120060600500010104,68.6,68.6,81.5,179.0,osrm_real
0549010000000000010211,43.5,43.6,25.7,54.4,osrm_real
0549010000000000010501,42.2,42.3,24.5,53.2,osrm_real
0549020120600100010131,30.3,30.3,31.9,41.2,osrm_real
0583720090700100020358,2.9,15.3,19.6,29.2,osrm_real
0565910000000000010118,1.0,1.0,1.9,96.5,osrm_real
0565920010100500010101,7.9,7.9,8.8,91.6,osrm_real
0566510000000000010211,0.6,1.4,0.9,139.4,osrm_real
0583720090700100010105,1.5,14.2,17.6,27.2,osrm_real
0583720090700100010319,2.1,14.2,17.7,27.3,osrm_real
0583720090700100010411,2.3,15.1,18.5,28.2,osrm_real
0583720090700100010515,1.6,14.4,18.1,27.8,osrm_real
0583720090700100010701,2.6,13.7,19.0,28.7,osrm_real
0583720090700100010716,1.8,12.6,18.3,28.0,osrm_real
0583720090700100010719,1.6,11.5,18.1,27.7,osrm_real
0583720090700100020364,2.0,14.5,18.6,28.3,osrm_real
0583720090700100020426,2.8,14.8,19.3,28.9,osrm_real
0583720100700200020103,23.3,23.4,42.4,52.0,osrm_real
0583720070201200010124,24.5,24.5,149.2,158.1,osrm_real
0583720090402400010116,3.8,3.8,6.6,16.3,osrm_real
0583720090402400010121,3.9,3.9,6.7,16.4,osrm_real
0583720050202800010102,38.4,38.4,163.2,172.0,osrm_real
0514710000000000020703,1.9,11.2,2.2,52.6,osrm_real
0504520020500200010215,9.3,9.0,12.4,43.5,osrm_real
0504520020300900010314,7.5,4.1,11.5,46.2,osrm_real
0505110000000000010525,1.2,1.1,1.6,109.5,osrm_real
0505110000000000010804,0.1,1.2,1.1,111.5,osrm_real
0505110000000000011113,1.8,1.8,1.4,110.1,osrm_real
0514710000000000020710,1.5,11.1,2.1,52.5,osrm_real
0514720010601300010108,13.2,13.2,18.1,59.6,osrm_real
0517220070300300010101,28.6,53.4,20.8,76.0,osrm_real
0517220070300300010107,28.6,53.4,20.9,76.1,osrm_real
0549020120600100010411,31.1,31.1,31.0,42.0,osrm_real
0549020030300200010124,24.0,24.0,52.1,80.8,osrm_real
0566510000000000010344,1.1,1.1,1.4,139.2,osrm_real
0566510000000000010346,1.3,1.3,1.6,139.4,osrm_real
0583720090700100010403,1.8,14.5,18.0,27.6,osrm_real
0583720080301000010111,8.4,8.4,9.9,18.7,osrm_real
0583720070201200010123,24.6,24.6,149.4,158.2,osrm_real
0583720030802900010119,15.1,15.2,17.2,26.1,osrm_real
0583720030803200010103,17.2,17.2,19.3,28.1,osrm_real
0514710000000000020427,1.2,10.1,1.1,51.5,osrm_real
0514710000000000030116,1.4,8.9,1.9,50.4,osrm_real
0514710000000000030430,0.5,9.9,2.4,51.4,osrm_real
0514710000000000030619,2.0,11.5,2.8,53.0,osrm_real
0514720011001000010141,6.3,5.6,6.0,47.5,osrm_real
0517210000000000010201,12.3,37.1,2.9,59.7,osrm_real
0517210000000000010218,12.7,37.5,2.9,60.1,osrm_real
0517210000000000010303,11.3,36.1,3.1,58.8,osrm_real
0517210000000000010603,11.1,35.9,1.9,58.5,osrm_real
0517210000000000010711,13.2,38.0,3.7,60.6,osrm_real
0517210000000000020111,10.4,35.1,1.1,57.8,osrm_real
0517210000000000020330,10.2,35.0,0.8,57.6,osrm_real
0517210000000000020419,11.9,36.7,1.7,59.4,osrm_real
0517210000000000020515,13.8,38.5,3.7,61.2,osrm_real
0517210000000000040102,9.7,34.5,2.7,57.1,osrm_real
0517210000000000060217,10.8,35.6,2.5,58.2,osrm_real
0517210000000000060713,11.5,36.3,3.2,58.9,osrm_real
0517210000000000060915,12.3,37.1,2.6,59.7,osrm_real
0517210000000000060933,13.2,38.0,3.1,60.6,osrm_real
0517210000000000061003,11.4,36.2,3.6,58.8,osrm_real
0549020030200400010114,13.5,13.5,58.1,86.8,osrm_real
0565910000000000010521,0.9,0.9,4.1,101.0,osrm_real
0566510000000000010860,1.1,1.1,1.6,137.0,osrm_real
0566510000000000011005,2.1,2.1,2.6,137.5,osrm_real
0583720110201800010110,47.5,59.2,63.9,73.6,osrm_real
0583720110201800010121,47.3,59.1,63.8,73.4,osrm_real
0583720110201800010207,48.1,61.4,64.5,74.2,osrm_real
0583720110201800010214,48.1,61.5,64.6,74.3,osrm_real
0504520010301100010215,6.1,6.8,8.2,41.7,osrm_real
0505110000000000010334,0.9,0.9,0.5,110.3,osrm_real
0505110000000000010527,1.2,1.3,1.8,109.7,osrm_real
0505120040101000010108,68.9,68.9,68.4,141.2,osrm_real
0514710000000000010214,3.6,8.0,3.3,49.4,osrm_real
0566510000000000010862,2.0,2.0,2.1,139.7,osrm_real
0583720100700200010418,23.4,23.4,42.5,52.1,osrm_real
0583720090600300010218,10.3,10.3,13.1,22.8,osrm_real
0583720090603100010105,7.2,17.4,19.9,29.5,osrm_real
0583720050604200010104,27.9,27.9,152.7,161.5,osrm_real
0566510000000000030108,1.1,1.1,1.3,139.2,osrm_real
0566520040200800010112,37.9,37.9,37.9,171.1,osrm_real
0583720090700100010313,0.9,13.7,17.5,27.1,osrm_real
0504520020500200010115,9.4,9.1,12.5,43.6,osrm_real
0504520020300900010210,7.8,4.4,11.9,46.5,osrm_real
0504520030101500010118,6.6,3.4,9.7,44.3,osrm_real
0505110000000000010226,0.4,0.6,1.2,110.6,osrm_real
0505110000000000011039,1.4,2.1,1.8,110.7,osrm_real
0505110000000000011116,2.1,2.0,1.6,110.4,osrm_real
0505120040101000010113,68.9,68.9,68.4,141.9,osrm_real
0505120030101100010127,46.8,46.8,46.2,127.7,osrm_real
0514710000000000010807,2.2,8.6,1.4,50.0,osrm_real
0514710000000000020206,4.8,12.0,3.1,53.4,osrm_real
0514710000000000030530,1.2,9.8,2.6,51.2,osrm_real
0514710000000000030605,1.6,11.2,2.5,52.6,osrm_real
0514710000000000030622,1.1,10.6,2.4,52.0,osrm_real
0517220060601500010113,14.3,39.1,6.5,61.7,osrm_real
0549010000000000010806,44.8,44.9,27.1,55.8,osrm_real
0549010000000000010828,44.9,44.9,27.1,55.8,osrm_real
0549020120600100010121,29.9,30.0,31.6,40.9,osrm_real
0549020030300200010118,23.0,23.0,51.1,79.8,osrm_real
0549020030300200010205,21.6,21.6,49.7,78.4,osrm_real
0549020120300300010127,60.5,40.9,2.3,71.5,osrm_real
0549020120600600010115,36.9,37.0,28.2,47.9,osrm_real
0549020120100700010113,39.6,39.6,21.8,50.5,osrm_real
0549020090200800010101,55.7,55.7,54.6,93.5,osrm_real
0549020090200800010105,55.7,55.7,54.5,93.4,osrm_real
0549020120301000010109,65.1,39.3,4.0,76.1,osrm_real
0565910000000000010404,1.4,1.4,2.0,99.2,osrm_real
0565910000000000010517,0.8,0.8,2.6,99.6,osrm_real
0565920020500200010101,23.2,23.2,24.0,119.7,osrm_real
0565920010300300010119,7.0,7.0,7.8,96.5,osrm_real
0566510000000000010124,0.8,1.5,1.1,139.6,osrm_real
0566510000000000010743,1.3,2.1,1.6,140.1,osrm_real
0583720090700100020203,1.1,14.2,17.9,27.5,osrm_real
0583720100700200010110,24.4,24.5,43.5,53.1,osrm_real
0583720100700200020502,22.2,22.2,41.2,50.9,osrm_real
0583720050200500010122,14.0,14.0,138.8,147.6,osrm_real
0583720090302300010109,5.3,5.3,8.1,17.8,osrm_real
0583720090402400010103,3.6,3.6,6.4,16.1,osrm_real
0583720030802900010117,15.3,15.3,17.4,26.2,osrm_real
0583720030803200010106,18.0,18.0,20.1,28.9,osrm_real
0583720010203800010101,4.4,4.4,129.2,138.0,osrm_real
0514710000000000010327,2.5,8.1,2.1,49.5,osrm_real
0514710000000000010333,3.0,8.9,1.9,50.4,osrm_real
0514710000000000010401,2.1,8.4,1.6,49.9,osrm_real
0514710000000000010618,3.8,9.7,2.1,51.1,osrm_real
0514710000000000010730,2.6,10.1,1.2,51.5,osrm_real
0514710000000000010821,2.4,8.8,1.3,50.2,osrm_real
0514710000000000020520,1.5,10.3,1.4,51.8,osrm_real
0514710000000000020613,2.0,10.9,1.9,52.3,osrm_real
0514710000000000020803,5.3,12.5,3.6,53.9,osrm_real
0514710000000000020907,6.5,13.7,4.7,55.1,osrm_real
0514710000000000030612,1.8,11.4,2.7,52.8,osrm_real
0514720010700700010113,19.0,41.5,18.7,64.2,osrm_real
0514720011001000010125,6.5,5.8,6.2,47.7,osrm_real
0517210000000000010103,12.2,36.9,4.1,59.6,osrm_real
0517210000000000010106,12.1,36.9,3.2,59.5,osrm_real
0517210000000000010306,11.8,36.6,2.6,59.2,osrm_real
0517210000000000020225,11.6,36.4,1.3,59.0,osrm_real
0517210000000000020231,12.3,37.1,2.1,59.8,osrm_real
0517210000000000020435,12.7,37.4,2.4,60.1,osrm_real
0517210000000000020512,13.2,38.0,3.2,60.7,osrm_real
0517210000000000050117,9.4,34.2,2.2,56.8,osrm_real
0517210000000000050302,10.4,35.2,2.6,57.8,osrm_real
0517210000000000050527,9.6,34.4,2.0,57.1,osrm_real
0517210000000000060316,10.9,35.7,1.5,58.4,osrm_real
0517210000000000060917,12.4,37.2,2.5,59.8,osrm_real
0549020030200400010115,13.6,13.6,58.3,87.0,osrm_real
0565910000000000010901,1.9,1.9,2.8,98.4,osrm_real
0566510000000000010902,1.6,2.3,1.9,140.4,osrm_real
0583720110201800010108,47.9,59.6,64.4,74.0,osrm_real
0583720110201800010127,47.4,59.2,63.9,73.5,osrm_real
0514720010700700010110,18.3,40.9,18.1,63.5,osrm_real
0514710000000000010710,2.5,10.3,1.3,51.7,osrm_real
0514710000000000030615,1.2,10.8,2.6,52.2,osrm_real
0514720010700700010118,18.8,41.3,18.5,64.0,osrm_real
0517210000000000010120,12.3,37.1,4.4,59.7,osrm_real
0517210000000000010502,10.8,35.6,2.7,58.2,osrm_real
0517210000000000020104,10.9,35.7,1.0,58.3,osrm_real
0517210000000000020511,12.7,37.5,2.4,60.1,osrm_real
0517210000000000030101,11.1,35.9,3.5,58.5,osrm_real
0517210000000000050603,9.5,34.3,1.9,56.9,osrm_real
0517210000000000050709,11.4,36.2,3.6,58.8,osrm_real
0517210000000000060102,10.2,35.0,1.0,57.6,osrm_real
0517210000000000060218,10.8,35.6,2.4,58.2,osrm_real
0517210000000000060301,10.7,35.5,1.3,58.1,osrm_real
0517210000000000060421,11.7,36.5,1.6,59.1,osrm_real
0517210000000000060910,12.2,37.0,2.3,59.6,osrm_real
0549020030200400010118,12.7,12.7,57.4,86.1,osrm_real
0514710000000000010111,1.9,8.3,1.8,49.7,osrm_real
0517210000000000010102,12.0,36.8,4.0,59.4,osrm_real
0517210000000000050411,10.3,35.1,2.6,57.7,osrm_real
0517210000000000060906,11.9,36.7,2.8,59.3,osrm_real
0565910000000000010131,2.6,2.6,2.5,99.5,osrm_real
0504520020300900010202,9.4,5.9,13.4,48.0,osrm_real
0504520030101500010102,6.2,3.0,9.2,43.9,osrm_real
0505110000000000011033,0.8,1.6,1.4,110.3,osrm_real
0514710000000000020601,2.0,10.8,1.2,52.2,osrm_real
0514710000000000020715,1.5,11.1,2.4,52.5,osrm_real
0514710000000000030225,1.8,8.4,2.5,49.8,osrm_real
0549020120300300010106,62.0,38.7,0.9,73.0,osrm_real
0549010000000000010916,45.1,45.2,27.3,56.0,osrm_real
0549020120600100010120,30.1,30.1,31.7,41.0,osrm_real
0549020030300200010122,24.0,24.0,52.1,80.8,osrm_real
0549020120101100010102,43.3,43.4,28.6,54.3,osrm_real
0565920010100500010116,9.6,9.6,10.5,93.4,osrm_real
0565920010100500010125,9.4,9.4,10.2,93.1,osrm_real
0566510000000000010563,1.5,1.5,1.3,139.1,osrm_real
0583720090700100010301,2.3,14.0,17.5,27.1,osrm_real
0583720090700100010503,1.5,14.3,18.1,27.7,osrm_real
0583720090700100020313,2.5,14.8,19.1,28.7,osrm_real
0583720090700100020346,3.2,15.6,19.9,29.5,osrm_real
0583720090700100020514,1.4,13.1,17.9,27.5,osrm_real
0583720090600300010104,10.9,10.9,13.7,23.4,osrm_real
0583720100400800010415,7.6,7.8,26.8,36.5,osrm_real
0583720050604200010107,28.4,28.4,153.2,162.0,osrm_real
0505110000000000010335,0.9,0.8,0.5,110.1,osrm_real
0504520020300300010102,4.3,0.1,7.4,42.0,osrm_real
0505120030101100010104,48.0,48.0,46.9,128.9,osrm_real
0514710000000000020316,2.4,10.9,1.3,52.3,osrm_real
0514710000000000020726,1.7,11.1,2.2,52.5,osrm_real
0549020030300200010201,21.8,21.8,49.9,78.6,osrm_real
0549020120300300010120,62.0,39.3,0.9,73.0,osrm_real
0549010000000000010505,42.4,42.5,24.6,53.3,osrm_real
0549020120600100010229,31.7,31.8,33.0,42.7,osrm_real
0549020120300300010123,63.0,40.2,1.9,73.9,osrm_real
0549020090200800010108,55.6,55.6,54.5,93.3,osrm_real
0549020120301000010107,65.3,39.5,4.2,76.2,osrm_real
0549020120801600010109,53.3,26.3,12.7,84.7,osrm_real
0565910000000000010610,1.3,1.3,1.8,97.9,osrm_real
0565920020500200010104,23.2,23.2,24.0,119.7,osrm_real
0565920010100500010121,7.5,7.5,8.3,91.2,osrm_real
0566510000000000010423,1.8,2.6,2.1,140.6,osrm_real
0566510000000000010562,1.5,1.5,1.2,139.2,osrm_real
0566510000000000010636,0.6,1.3,0.8,139.3,osrm_real
0566520020300300010112,68.1,68.1,68.1,205.7,osrm_real
0566520010100400010111,75.3,75.3,75.3,212.9,osrm_real
0583720090700100010127,1.6,14.3,17.6,27.3,osrm_real
0583720020101300010106,27.1,0.7,103.2,112.0,osrm_real
0583720020101300010121,26.8,0.6,103.4,112.2,osrm_real
0583720090302300010107,4.6,4.6,7.4,17.0,osrm_real
0583720030802900010116,15.4,15.4,17.5,26.3,osrm_real
0583720090103900010107,8.3,8.3,10.4,19.2,osrm_real
0514710000000000010112,1.9,8.4,1.8,49.8,osrm_real
0514710000000000030122,1.6,8.9,2.0,50.3,osrm_real
0514710000000000030123,1.5,8.6,2.1,50.0,osrm_real
0514710000000000030204,1.4,8.8,1.9,50.2,osrm_real
0514710000000000030227,1.5,8.8,2.4,50.2,osrm_real
0517210000000000010313,11.5,36.3,2.5,58.9,osrm_real
0517210000000000010707,12.7,37.5,3.2,60.1,osrm_real
0517210000000000020107,11.0,35.8,0.6,58.4,osrm_real
0517210000000000020303,10.8,35.6,0.2,58.2,osrm_real
0517210000000000020304,10.8,35.6,0.2,58.2,osrm_real
0517210000000000060502,11.0,35.8,1.9,58.4,osrm_real
0517210000000000060725,11.6,36.4,3.3,59.1,osrm_real
0517210000000000060737,10.3,35.1,2.6,57.7,osrm_real
0517210000000000060912,12.4,37.2,2.2,59.9,osrm_real
0549020050300500010109,43.6,43.6,48.5,77.3,osrm_real
0565910000000000010227,1.6,1.6,2.4,98.1,osrm_real
0565910000000000010515,0.7,0.7,2.6,99.9,osrm_real
0566510000000000011004,2.1,2.1,2.6,137.5,osrm_real
0583720110201800010116,47.0,58.8,63.5,73.1,osrm_real
0504520020500200010308,8.1,9.8,11.2,42.4,osrm_real
0504520010301100010116,5.0,5.7,7.1,40.5,osrm_real
0504520010301100010228,6.4,7.1,8.5,41.9,osrm_real
0504520010101400010116,47.3,47.2,47.9,75.9,osrm_real
0505110000000000010208,0.5,0.4,0.6,110.7,osrm_real
0505110000000000010339,1.1,1.1,0.7,110.2,osrm_real
0505110000000000010524,1.1,1.0,1.6,109.5,osrm_real
0505110000000000010528,0.9,1.5,2.0,110.0,osrm_real
0505110000000000010541,1.5,1.6,2.2,109.9,osrm_real
0505110000000000011019,0.5,1.4,1.1,110.6,osrm_real
0505120030101100010114,47.8,47.8,46.9,128.7,osrm_real
0505120030101100010118,46.6,46.6,47.2,127.5,osrm_real
0505120050401400010107,45.5,45.5,80.6,178.1,osrm_real
0505120050401400010109,45.3,45.3,80.4,178.0,osrm_real
0549020030300200010131,23.0,23.0,51.1,79.8,osrm_real
0514710000000000010224,2.5,7.8,2.2,49.2,osrm_real
0514710000000000010608,3.1,10.0,1.3,51.5,osrm_real
0514710000000000020615,2.3,11.2,2.2,52.7,osrm_real
0514710000000000030239,1.3,9.2,2.5,50.6,osrm_real
0517220070300300010110,28.9,53.7,21.1,76.3,osrm_real
0517220060601500010105,15.2,40.0,7.5,62.6,osrm_real
0549020120300300010122,61.3,39.1,0.3,72.3,osrm_real
0549020120600100010311,31.9,32.0,33.0,42.9,osrm_real
0549010000000000010311,44.0,44.0,26.2,54.9,osrm_real
0549010000000000010315,43.6,43.6,25.8,54.5,osrm_real
0549010000000000010321,43.1,43.2,25.4,54.1,osrm_real
0549010000000000010329,42.9,42.9,25.1,53.8,osrm_real
0549010000000000010719,44.3,44.3,26.5,55.2,osrm_real
0549010000000000010815,44.7,44.8,26.9,55.7,osrm_real
0549010000000000010821,44.6,44.6,26.8,55.5,osrm_real
0549020120600100010115,30.4,30.5,31.7,41.4,osrm_real
0549020120600100010130,30.4,30.4,32.0,41.3,osrm_real
0549020120300300010130,60.9,40.4,1.9,71.9,osrm_real
0549020120600600010104,35.2,35.3,26.6,46.2,osrm_real
0549020120100700010109,39.9,40.0,21.6,50.8,osrm_real
0549020120801600010102,54.1,27.1,13.3,85.3,osrm_real
0565910000000000010225,1.0,1.0,0.4,98.4,osrm_real
0566510000000000010219,0.5,1.3,0.8,139.3,osrm_real
0566510000000000010740,1.2,2.0,1.6,140.1,osrm_real
0566510000000000010904,1.2,2.0,1.6,140.1,osrm_real
0566510000000000020101,1.7,2.3,1.9,140.4,osrm_real
0583720090700100020208,1.3,14.0,18.0,27.6,osrm_real
0583720090700100020223,0.7,13.7,17.4,27.1,osrm_real
0583720090600300010209,10.3,10.3,13.1,22.7,osrm_real
0583720090600300010211,10.4,10.4,13.2,22.9,osrm_real
0583720090600300010219,10.2,10.2,13.0,22.7,osrm_real
0583720090600300010338,8.4,8.7,11.5,21.2,osrm_real
0583720090302300010105,4.8,4.8,7.6,17.3,osrm_real
0583720090103900010102,8.4,8.5,10.5,19.3,osrm_real
0504520010301100010103,6.2,6.0,7.4,39.9,osrm_real
0504520030101500010121,6.5,3.3,9.6,44.2,osrm_real
0583720100700200010302,24.2,24.3,43.3,52.9,osrm_real
0549010000000000010128,43.7,43.8,25.9,54.6,osrm_real
0549010000000000010222,43.4,43.4,25.6,54.3,osrm_real
0549020090501500010107,74.9,65.9,30.9,97.9,osrm_real
0583720090700100010308,0.2,13.0,16.6,26.2,osrm_real
0583720240400900010103,5.6,0.0,8.0,5.8,osrm_real
0514710000000000010219,3.0,7.8,2.7,49.2,osrm_real
0514710000000000010815,2.3,9.0,1.0,50.4,osrm_real
0514710000000000020217,4.2,11.4,2.5,52.8,osrm_real
0514710000000000020411,2.2,11.1,1.5,52.5,osrm_real
0514710000000000030102,1.7,8.8,1.9,50.2,osrm_real
0514710000000000030111,1.6,8.8,1.9,50.2,osrm_real
0514710000000000030230,1.6,8.9,2.5,50.3,osrm_real
0514710000000000030403,0.6,9.6,1.7,51.0,osrm_real
0514710000000000030514,1.4,9.6,2.7,51.0,osrm_real
0514710000000000030524,1.1,10.1,2.6,51.6,osrm_real
0514720010700700010101,19.1,41.7,18.9,64.3,osrm_real
0517210000000000010128,12.3,37.1,4.1,59.7,osrm_real
0517210000000000020309,10.1,34.9,1.3,57.5,osrm_real
0517210000000000020434,12.8,37.5,2.5,60.2,osrm_real
0517210000000000050127,9.3,34.1,2.1,56.7,osrm_real
0517210000000000050313,10.4,35.2,2.7,57.8,osrm_real
0517210000000000050318,10.8,35.6,3.1,58.2,osrm_real
0517210000000000060428,11.3,36.1,1.5,58.7,osrm_real
0517210000000000060429,11.3,36.1,1.5,58.7,osrm_real
0517210000000000060624,10.7,35.5,2.9,58.1,osrm_real
0517210000000000061004,11.5,36.2,3.7,58.9,osrm_real
0565910000000000010314,0.6,0.6,1.4,98.4,osrm_real
0565910000000000010716,2.6,2.6,3.1,99.2,osrm_real
0565910000000000010719,2.7,2.7,3.2,99.3,osrm_real
0566510000000000010558,1.8,1.8,1.8,139.4,osrm_real
0566510000000000030104,1.7,1.7,2.0,139.8,osrm_real
0583720110201800010130,47.0,58.8,63.5,73.1,osrm_real
0514710000000000030643,1.7,11.2,3.0,52.6,osrm_real
0504520030101500010113,6.7,3.6,9.8,44.5,osrm_real
0504520010101600010109,41.3,41.2,41.9,69.8,osrm_real
0505120030200900010117,51.7,51.7,59.6,116.3,osrm_real
0514710000000000030631,1.9,11.4,2.7,52.8,osrm_real
0549010000000000010712,44.1,44.2,26.3,55.1,osrm_real
0549020120300300010117,61.8,38.6,0.8,72.8,osrm_real
0549020120301400010104,58.2,42.2,3.2,69.2,osrm_real
0566510000000000010215,0.7,1.5,1.1,139.6,osrm_real
0566510000000000010507,0.6,1.1,0.7,139.2,osrm_real
0566510000000000010632,0.6,1.4,0.9,139.4,osrm_real
0583720090700100010306,1.2,14.0,17.5,27.2,osrm_real
0583720090700100020213,1.3,13.6,17.7,27.4,osrm_real
0583720100700200020504,22.0,22.0,41.0,50.7,osrm_real
0583720100400800010418,8.4,7.8,26.8,36.5,osrm_real
0583720070201200010102,23.3,23.3,148.1,156.9,osrm_real
0504520020300900010222,6.8,3.9,11.4,46.0,osrm_real
0514710000000000010117,1.9,8.5,1.8,49.9,osrm_real
0514710000000000010202,3.1,7.4,2.7,48.8,osrm_real
0514710000000000020702,1.8,11.0,2.0,52.4,osrm_real
0549010000000000010132,44.4,44.5,26.7,55.4,osrm_real
0549010000000000010512,42.7,42.7,24.9,53.6,osrm_real
0549020120600100010205,31.1,31.1,32.2,42.0,osrm_real
0549020120600100010404,30.8,30.9,31.9,41.8,osrm_real
0549020120300300010108,61.9,38.8,0.8,72.8,osrm_real
0549020120100700010108,40.1,40.2,22.2,51.1,osrm_real
0549020090200800010114,55.4,55.4,54.2,93.1,osrm_real
0583720050200500010110,13.7,13.7,138.5,147.3,osrm_real
0566510000000000010412,1.7,2.4,2.0,140.5,osrm_real
0566510000000000010418,1.9,2.7,2.3,140.8,osrm_real
0566510000000000010501,1.3,1.4,1.1,139.3,osrm_real
0566510000000000011002,2.1,2.1,2.6,136.9,osrm_real
0583720090700100010404,1.7,14.6,18.3,27.9,osrm_real
0583720090700100010516,1.7,14.5,18.2,27.9,osrm_real
0583720090700100020341,2.8,15.2,19.5,29.1,osrm_real
0583720100700200020112,23.2,23.3,42.3,52.0,osrm_real
0583720090600300010335,8.3,8.6,11.4,21.1,osrm_real
0583720090600300010348,7.2,11.3,13.7,23.4,osrm_real
0583720030700600010106,21.0,21.1,23.1,31.9,osrm_real
0583720100400800010307,7.4,6.8,25.8,35.5,osrm_real
0583720080301000010102,8.9,8.9,10.4,19.3,osrm_real
0583720070201200010103,23.5,23.5,148.2,157.1,osrm_real
0583720070202000010102,158.7,158.7,160.2,169.1,osrm_real
0583720090302500010103,4.5,4.5,6.0,14.8,osrm_real
0583720090602600010120,7.1,11.1,13.5,23.2,osrm_real
0583720010203800010106,4.8,4.8,129.6,138.4,osrm_real
0514710000000000020911,6.7,13.9,4.9,55.3,osrm_real
0514710000000000010334,2.3,8.2,2.0,49.6,osrm_real
0514710000000000010502,3.0,9.0,1.7,50.4,osrm_real
0514710000000000020916,7.0,14.2,5.3,55.6,osrm_real
0514710000000000030114,1.5,8.5,2.0,49.9,osrm_real
0514710000000000030518,1.2,10.1,2.7,51.5,osrm_real
0517210000000000010703,12.6,37.4,3.3,60.0,osrm_real
0517210000000000010704,12.7,37.5,3.5,60.2,osrm_real
0517210000000000060311,10.3,35.1,1.7,57.7,osrm_real
0517210000000000061017,11.5,36.3,3.7,58.9,osrm_real
0549020050300500010203,43.4,43.4,48.4,77.1,osrm_real
0565910000000000010124,2.3,2.3,2.2,99.2,osrm_real
0565910000000000010125,2.6,2.6,2.5,99.4,osrm_real
0565910000000000010803,2.1,2.1,2.9,98.6,osrm_real
0566510000000000010425,1.6,2.3,1.9,140.4,osrm_real
0566510000000000010566,2.0,2.0,2.1,139.6,osrm_real
0583720110201800010106,47.7,59.5,64.2,73.8,osrm_real
0583720110201800010115,47.1,58.8,63.5,73.2,osrm_real
0583720110201800010305,47.5,60.8,63.9,73.6,osrm_real
0517220060601500010110,15.0,39.8,7.2,62.4,osrm_real
0504520020500200010302,8.1,9.8,11.2,42.3,osrm_real
0504520030101500010116,6.5,3.3,9.6,44.2,osrm_real
0505110000000000010111,0.3,1.3,1.2,111.6,osrm_real
0505110000000000010115,0.2,1.4,1.4,111.7,osrm_real
0505110000000000010806,0.4,1.1,1.1,111.4,osrm_real
0505110000000000010807,0.4,1.4,1.3,111.7,osrm_real
0505110000000000011006,0.6,1.4,1.3,110.7,osrm_real
0505110000000000011125,1.4,1.4,1.0,110.3,osrm_real
0505120030101100010112,47.5,47.5,46.3,128.4,osrm_real
0517220070300300010108,28.4,53.1,20.6,75.8,osrm_real
0514710000000000020102,3.8,10.5,2.2,51.9,osrm_real
0514710000000000020108,4.0,10.9,2.3,52.3,osrm_real
0514710000000000020405,1.9,10.6,1.0,52.0,osrm_real
0549020120600100010208,30.8,30.8,31.8,41.7,osrm_real
0549020030300200010104,22.8,22.8,50.9,79.7,osrm_real
0549020050401800010102,37.6,37.6,32.3,61.0,osrm_real
0566510000000000010117,1.3,2.0,1.6,140.1,osrm_real
0566510000000000010218,0.7,1.5,1.1,139.6,osrm_real
0566510000000000010848,0.7,0.7,1.0,138.1,osrm_real
0583720090700100010212,1.3,14.1,17.6,27.3,osrm_real
0583720090700100010604,1.1,12.9,17.6,27.2,osrm_real
0583720090700100020321,3.1,15.5,19.8,29.4,osrm_real
0583720090600300010108,11.2,11.2,14.0,23.6,osrm_real
0583720090600300010308,6.9,10.6,13.4,23.1,osrm_real
0583720080301000010123,8.2,8.2,9.8,18.6,osrm_real
0583720050603700010104,17.6,17.6,142.4,151.2,osrm_real
0504520020500200010210,9.3,9.1,12.4,43.5,osrm_real
0505120030101100010109,47.6,47.6,46.8,128.5,osrm_real
0517220060601500010111,15.1,39.9,7.3,62.5,osrm_real
0549010000000000010611,50.4,50.5,32.6,61.3,osrm_real
0549010000000000010801,44.2,44.3,26.5,55.2,osrm_real
0549020050300500010107,43.8,43.8,48.8,77.5,osrm_real
0549020120600600010108,35.6,35.7,27.0,46.6,osrm_real
0549020040400900010125,35.0,35.0,44.0,72.7,osrm_real
0566510000000000010729,0.9,1.6,1.2,139.7,osrm_real
0566510000000000010851,1.8,1.8,1.9,139.5,osrm_real
0565920010100500010117,9.4,9.4,10.2,93.1,osrm_real
0566510000000000011015,1.9,1.9,2.4,137.1,osrm_real
0583720090700100010138,1.6,14.3,17.6,27.2,osrm_real
0583720090700100020525,1.6,13.4,18.1,27.7,osrm_real
0583720090700100020527,1.8,13.5,18.3,27.9,osrm_real
0583720100700200010408,23.3,23.3,42.3,52.0,osrm_real
0583720100700200020207,22.7,22.7,41.8,51.4,osrm_real
0583720100700200020307,22.5,22.6,41.6,51.2,osrm_real
0583720090600300010212,10.6,10.6,13.4,23.1,osrm_real
0583720100400800010422,8.1,8.3,27.4,37.0,osrm_real
0583720230401400010101,66.9,91.7,104.7,114.3,osrm_real
0583720030802900010115,15.4,15.5,17.6,26.4,osrm_real
0504510000000000030115,2.4,1.4,2.8,39.2,osrm_real
0583710000000000050125,2.6,2.6,5.5,15.1,osrm_real
0583710000000000010237,0.6,0.6,3.5,13.1,osrm_real
0504510000000000030206,1.8,1.7,3.1,39.5,osrm_real
0504510000000000020403,0.5,1.0,2.9,38.0,osrm_real
0504510000000000100605,3.9,3.4,5.8,44.2,osrm_real
0504510000000000080515,0.1,1.2,5.5,39.4,osrm_real
0583710000000000010141,1.2,1.0,4.0,13.7,osrm_real
0504510000000000060201,0.6,1.6,1.8,38.2,osrm_real
0583710000000000030727,3.7,3.4,4.7,17.1,osrm_real
0504510000000000080208,1.1,1.0,4.5,38.5,osrm_real
0504510000000000030516,0.9,1.7,1.5,39.4,osrm_real
0504510000000000050109,1.3,1.5,2.6,40.8,osrm_real
0504510000000000010701,6.1,6.1,8.8,38.0,osrm_real
0583710000000000010411,2.2,2.2,5.0,14.7,osrm_real
0583710000000000040172,1.0,1.1,3.4,10.5,osrm_real
0583720090104100010301,3.9,3.9,6.1,15.0,osrm_real
0583710000000000030708,2.6,2.2,3.5,15.8,osrm_real
0504510000000000020315,1.3,0.8,2.4,38.6,osrm_real
0504510000000000060217,0.7,1.9,1.5,38.3,osrm_real
0504510000000000100405,5.8,5.2,7.7,46.1,osrm_real
0504510000000000100615,4.0,3.4,5.9,44.2,osrm_real
0583710000000000010203,0.7,0.7,3.5,13.1,osrm_real
0504510000000000010112,3.1,3.2,5.8,40.1,osrm_real
0504510000000000090511,2.7,1.3,4.5,42.8,osrm_real
0504510000000000010717,6.3,5.9,9.1,37.8,osrm_real
0504510000000000090202,2.4,0.4,4.1,42.5,osrm_real
0504510000000000090123,2.7,0.6,4.3,42.6,osrm_real
0583710000000000050103,2.4,2.4,5.2,14.8,osrm_real
0504510000000000060309,0.1,0.1,1.2,39.6,osrm_real
0583710000000000020808,2.8,2.6,4.9,13.7,osrm_real
0583710000000000050512,3.3,3.3,6.1,15.8,osrm_real
0583710000000000040409,0.5,0.5,2.7,11.8,osrm_real
0504510000000000060628,1.1,1.1,2.3,40.6,osrm_real
0504510000000000020405,1.2,1.0,2.6,38.6,osrm_real
0583710000000000040206,0.3,0.6,0.8,13.1,osrm_real
0583710000000000040308,0.5,0.9,2.3,12.7,osrm_real
0504510000000000040626,0.8,0.8,4.1,42.1,osrm_real
0504510000000000080509,1.8,0.9,5.1,38.0,osrm_real
0504510000000000020304,0.9,0.5,2.8,38.2,osrm_real
0504510000000000050211,1.7,1.5,3.1,41.2,osrm_real
0504510000000000060205,0.6,1.6,1.7,38.2,osrm_real
0514720011200300010107,31.5,38.7,29.8,80.1,osrm_real
0514720011200300010115,32.0,39.2,30.3,80.6,osrm_real
0514720010800600010110,5.6,4.9,5.3,46.8,osrm_real
0514720011500900010101,76.1,76.0,58.4,108.7,osrm_real
0514720011500900010103,75.8,75.7,58.1,108.5,osrm_real
0514720010501100010110,29.1,29.1,39.9,81.4,osrm_real
0514720010601400010101,15.4,15.4,15.7,57.3,osrm_real
0514720010601400010105,15.2,15.2,15.6,57.1,osrm_real
0517220100601300010103,24.4,30.4,16.7,71.8,osrm_real
0504520020301700010103,6.5,4.5,12.0,46.6,osrm_real
0583720050403300010102,20.2,20.2,149.4,158.2,osrm_real
0505120040101900010102,70.5,70.5,59.9,157.5,osrm_real
0505120020301700010105,51.0,51.0,40.4,133.5,osrm_real
0505120040101900010105,71.1,71.1,60.5,158.0,osrm_real
0565920020600700010101,25.7,25.7,26.6,122.2,osrm_real
0583720200100700010104,102.2,102.2,115.2,124.8,osrm_real
0565920010400800010106,7.4,7.4,8.3,103.9,osrm_real
0504510000000000030411,0.2,1.4,2.7,40.6,osrm_real
0504510000000000070102,0.7,0.8,2.1,40.3,osrm_real
0504510000000000070412,1.1,1.4,0.5,38.6,osrm_real
0504510000000000050501,1.5,1.5,2.7,41.1,osrm_real
0504510000000000100305,2.9,2.4,4.8,43.1,osrm_real
0583710000000000010103,1.0,0.8,3.8,13.4,osrm_real
0504510000000000090107,2.3,0.0,4.0,42.3,osrm_real
0504510000000000090114,2.1,0.6,3.7,42.1,osrm_real
0504510000000000050105,1.6,1.7,2.6,41.0,osrm_real
0583710000000000050302,3.9,3.9,6.7,16.3,osrm_real
0583720090104100010112,4.8,4.8,7.1,15.9,osrm_real
0504510000000000010313,2.4,2.8,3.3,38.0,osrm_real
0583710000000000020115,1.8,1.7,4.8,13.9,osrm_real
0504510000000000020118,0.9,1.6,4.4,39.5,osrm_real
0504510000000000100223,4.2,3.1,6.1,44.4,osrm_real
0504510000000000100106,3.8,2.7,5.7,44.0,osrm_real
0504510000000000040133,1.9,1.1,3.1,41.5,osrm_real
0504510000000000080419,0.6,1.0,5.0,39.1,osrm_real
0504520010201000010113,4.8,5.5,5.6,36.2,osrm_real
0504510000000000080416,0.6,1.0,5.0,39.2,osrm_real
0504510000000000040403,0.1,0.1,3.4,41.4,osrm_real
0583710000000000040412,0.5,0.5,2.8,11.8,osrm_real
0583710000000000040104,0.3,0.3,1.8,12.4,osrm_real
0583710000000000050521,4.1,4.1,6.9,16.6,osrm_real
0504510000000000070221,0.4,0.4,1.6,40.0,osrm_real
0583710000000000040737,1.2,0.5,3.6,11.6,osrm_real
0583710000000000050111,2.6,2.6,5.4,15.0,osrm_real
0504510000000000100226,4.3,3.2,6.2,44.6,osrm_real
0583710000000000040408,0.7,0.7,2.9,11.8,osrm_real
0583710000000000050506,3.5,3.5,6.3,16.0,osrm_real
0583710000000000050129,2.4,2.4,5.3,14.9,osrm_real
0504510000000000070439,0.8,1.0,0.6,38.7,osrm_real
0504510000000000100113,3.7,2.6,5.5,43.9,osrm_real
0504510000000000080122,2.1,2.2,3.0,37.4,osrm_real
0583710000000000030321,0.1,0.7,0.6,13.3,osrm_real
0504510000000000070708,1.6,1.6,2.8,41.2,osrm_real
0583710000000000040141,2.6,0.9,5.0,9.1,osrm_real
0504510000000000010406,1.9,2.4,5.3,39.7,osrm_real
0504510000000000080503,1.8,0.8,5.1,37.5,osrm_real
0504510000000000040624,0.5,1.3,4.2,42.1,osrm_real
0583710000000000040538,1.4,1.2,3.7,10.3,osrm_real
0504510000000000100327,3.6,2.4,5.4,43.8,osrm_real
0504510000000000080102,1.4,1.6,4.1,38.4,osrm_real
0583710000000000020123,1.9,1.7,4.7,14.3,osrm_real
0583710000000000010441,2.6,2.6,5.5,14.7,osrm_real
0583710000000000050118,2.8,2.8,5.6,15.2,osrm_real
0504510000000000050417,2.2,0.9,3.4,41.8,osrm_real
0504510000000000010223,0.9,2.2,1.9,37.1,osrm_real
0504510000000000090311,2.1,1.4,3.9,42.2,osrm_real
0504510000000000070736,0.8,0.8,2.0,40.3,osrm_real
0583710000000000010231,0.6,0.6,3.4,13.1,osrm_real
0583710000000000020805,2.3,2.1,4.4,13.2,osrm_real
0583710000000000040550,1.8,1.7,4.2,10.5,osrm_real
0504510000000000080103,1.4,1.6,4.1,38.4,osrm_real
0583710000000000020710,0.4,0.7,2.9,12.0,osrm_real
0504510000000000020207,1.2,0.9,1.9,38.7,osrm_real
0504510000000000090503,3.2,1.8,5.0,43.3,osrm_real
0504510000000000050309,1.1,0.7,3.0,40.9,osrm_real
0504510000000000090507,3.0,1.6,4.8,43.1,osrm_real
0583710000000000030107,0.6,1.1,2.0,13.3,osrm_real
0504510000000000060303,0.5,0.5,1.3,39.2,osrm_real
0504510000000000090313,2.0,1.8,4.2,42.4,osrm_real
0583710000000000040161,0.7,0.8,2.4,12.0,osrm_real
0583710000000000010516,0.6,1.2,2.0,14.2,osrm_real
0504510000000000100502,5.2,4.5,7.0,45.4,osrm_real
0504510000000000060323,0.9,0.9,1.6,38.8,osrm_real
0504510000000000030107,1.9,1.4,2.8,39.2,osrm_real
0583710000000000030725,3.6,3.3,4.6,17.0,osrm_real
0504510000000000080508,1.8,0.8,5.1,37.8,osrm_real
0583710000000000010610,0.7,0.7,3.5,13.2,osrm_real
0504510000000000040401,0.2,0.2,3.1,41.0,osrm_real
0583710000000000010213,0.7,0.9,2.5,12.9,osrm_real
0583710000000000020508,0.4,0.4,2.6,11.8,osrm_real
0504510000000000070416,1.2,1.6,0.5,38.7,osrm_real
0504510000000000010601,4.3,4.4,7.0,38.1,osrm_real
0583710000000000010608,1.9,1.0,3.7,14.6,osrm_real
0504510000000000050326,1.0,0.6,3.2,41.1,osrm_real
0583710000000000040507,1.9,1.5,4.3,10.1,osrm_real
0504510000000000070516,1.3,0.9,2.1,40.4,osrm_real
0504510000000000070501,1.1,1.2,2.4,40.6,osrm_real
0504510000000000010105,3.4,3.6,6.1,40.4,osrm_real
0504510000000000100206,4.4,3.3,6.2,44.6,osrm_real
0504510000000000100125,3.9,2.8,5.8,44.1,osrm_real
0583710000000000030728,3.7,3.4,4.7,17.1,osrm_real
0504510000000000050209,1.8,1.8,3.0,41.3,osrm_real
0504510000000000040136,1.9,1.4,3.1,41.4,osrm_real
0583710000000000020315,0.6,1.7,4.0,13.0,osrm_real
0504510000000000040724,1.8,0.8,3.5,41.8,osrm_real
0504510000000000100211,4.0,2.8,5.8,44.2,osrm_real
0583710000000000020137,1.7,1.4,4.7,13.7,osrm_real
0504510000000000090112,2.2,0.3,3.9,42.2,osrm_real
0583710000000000020611,0.6,0.6,2.9,11.8,osrm_real
0583710000000000040201,0.3,1.5,1.7,12.4,osrm_real
0583710000000000030604,2.2,1.9,3.2,15.6,osrm_real
0504510000000000040217,1.6,1.2,3.6,41.7,osrm_real
0583710000000000020906,1.9,1.8,4.9,13.8,osrm_real
0504510000000000070216,0.6,0.9,1.7,39.6,osrm_real
0504510000000000070309,1.0,1.0,0.2,38.8,osrm_real
0505120050401400010105,45.7,45.7,80.8,178.3,osrm_real
0504510000000000080619,2.5,1.5,5.8,38.1,osrm_real
0583710000000000030444,2.2,1.1,2.3,15.1,osrm_real
0583710000000000040621,9.8,9.2,11.9,1.9,osrm_real
0583710000000000050101,2.9,2.9,5.7,15.3,osrm_real
0504510000000000010520,2.4,2.8,3.3,38.0,osrm_real
0583710000000000050305,4.1,4.1,6.9,16.5,osrm_real
0504510000000000050114,1.2,1.3,2.7,40.7,osrm_real
0583710000000000030440,2.1,1.3,1.5,15.1,osrm_real
0504510000000000070403,0.4,1.9,1.1,37.9,osrm_real
0583720090104100010119,4.8,4.8,7.1,15.9,osrm_real
0583710000000000040126,4.9,2.3,7.3,7.1,osrm_real
0583710000000000010131,2.0,1.7,4.8,14.4,osrm_real
0504510000000000020559,1.5,2.3,3.7,38.8,osrm_real
0583710000000000020707,0.2,0.9,3.1,12.1,osrm_real
0583710000000000050106,2.5,2.5,5.3,15.0,osrm_real
0504510000000000060801,0.8,1.1,1.5,38.6,osrm_real
0583710000000000040730,3.4,0.9,5.8,8.0,osrm_real
0504510000000000100225,4.2,3.1,6.1,44.5,osrm_real
0504510000000000070701,1.4,1.4,2.6,40.7,osrm_real
0583710000000000030510,1.0,1.4,2.2,14.5,osrm_real
0504510000000000060120,0.7,2.0,1.5,38.1,osrm_real
0504510000000000030203,2.0,1.8,3.1,39.5,osrm_real
0583710000000000030729,3.7,3.4,4.7,17.1,osrm_real
0583710000000000030512,1.0,1.5,2.1,14.5,osrm_real
0504510000000000010403,1.9,2.5,5.2,39.5,osrm_real
0504510000000000020219,1.0,0.7,2.3,38.3,osrm_real
0504510000000000020420,1.0,0.6,2.7,38.5,osrm_real
0504510000000000010103,3.6,3.7,6.3,40.3,osrm_real
0583710000000000010138,1.1,0.9,3.9,13.5,osrm_real
0504510000000000050204,1.6,1.7,2.6,41.0,osrm_real
0583710000000000010205,0.6,0.6,3.2,13.1,osrm_real
0583710000000000030712,3.4,3.1,4.4,16.8,osrm_real
0504510000000000090208,2.6,0.9,4.3,42.7,osrm_real
0504510000000000020610,0.6,0.2,3.6,38.7,osrm_real
0583710000000000030732,3.7,3.4,4.7,17.2,osrm_real
0504520030201800010101,10.5,10.4,10.8,47.2,osrm_real
0504510000000000010511,1.0,0.7,2.3,38.3,osrm_real
0504510000000000100233,4.6,3.5,6.5,44.8,osrm_real
0583710000000000010142,1.7,1.7,4.5,14.2,osrm_real
0583710000000000010113,0.8,0.5,3.6,13.3,osrm_real
0583710000000000010143,2.0,2.0,4.8,14.4,osrm_real
0504510000000000050106,1.3,1.5,2.6,40.8,osrm_real
0583710000000000010301,1.2,0.7,3.2,13.7,osrm_real
0583710000000000020705,0.6,0.8,3.0,12.0,osrm_real
0583710000000000010238,0.7,0.7,3.5,13.2,osrm_real
0504510000000000010720,6.3,5.9,9.0,37.7,osrm_real
0583710000000000010428,2.2,2.2,5.0,14.6,osrm_real
0583710000000000010224,0.7,0.7,3.5,13.2,osrm_real
0504510000000000060106,0.8,1.8,1.8,37.9,osrm_real
0504510000000000070125,0.7,0.7,1.9,40.2,osrm_real
0504510000000000080414,0.6,0.7,5.2,38.9,osrm_real
0504510000000000070320,1.2,1.6,0.7,38.8,osrm_real
0583710000000000020326,1.2,1.6,4.3,13.3,osrm_real
0583710000000000030311,1.3,0.3,1.3,14.2,osrm_real
0504510000000000090116,1.9,0.4,3.5,41.9,osrm_real
0504510000000000100340,3.6,2.5,5.5,43.9,osrm_real
0504510000000000070220,0.6,1.2,1.2,39.1,osrm_real
0583710000000000020308,0.5,0.5,3.1,12.7,osrm_real
0504510000000000020108,0.8,1.3,3.7,38.8,osrm_real
0583710000000000040148,1.8,1.4,4.1,10.0,osrm_real
0504510000000000070737,1.0,1.0,2.2,40.6,osrm_real
0583710000000000050401,2.5,2.5,5.3,14.9,osrm_real
0583710000000000040142,2.3,1.4,4.7,9.1,osrm_real
0504510000000000090510,3.0,1.5,4.7,43.1,osrm_real
0583710000000000030318,0.6,1.6,1.9,14.1,osrm_real
0504510000000000060101,1.4,2.7,2.5,37.2,osrm_real
0583710000000000020901,2.0,1.9,5.0,13.8,osrm_real
0583710000000000030422,1.1,1.4,1.0,14.2,osrm_real
0583710000000000020309,0.1,0.1,2.7,12.3,osrm_real
0504510000000000050308,0.8,0.4,3.0,40.9,osrm_real
0504510000000000070422,0.6,1.9,1.0,38.2,osrm_real
0504510000000000090332,2.5,1.9,4.4,42.7,osrm_real
0583710000000000040144,2.3,1.7,4.7,9.6,osrm_real
0583710000000000030229,2.8,2.1,3.4,15.8,osrm_real
0583710000000000040132,4.2,1.6,6.6,7.4,osrm_real
0583710000000000050409,3.4,3.4,6.2,15.8,osrm_real
0504510000000000040410,0.8,0.6,3.2,41.1,osrm_real
0583710000000000010509,0.2,1.2,2.2,13.9,osrm_real
0504510000000000100219,4.2,3.1,6.0,44.4,osrm_real
0504510000000000070302,0.9,0.9,0.4,39.1,osrm_real
0504510000000000060634,1.2,1.2,2.4,40.5,osrm_real
0514720011200300010116,31.7,38.9,29.9,80.3,osrm_real
0514720010400400010105,13.3,13.3,24.1,65.6,osrm_real
0514720010400400010121,13.1,13.1,23.9,65.5,osrm_real
0514720010400500010114,13.7,13.7,24.5,66.1,osrm_real
0514720010800600010103,5.8,4.9,5.5,47.0,osrm_real
0514720010800600010116,5.4,5.0,5.1,46.6,osrm_real
0514720010400800010103,13.5,13.5,24.3,65.9,osrm_real
0514720010400800010107,14.0,14.0,24.8,66.4,osrm_real
0514720010400800010113,13.4,13.4,24.2,65.8,osrm_real
0514720010801200010106,6.9,6.5,6.6,48.1,osrm_real
0514720010601400010115,14.8,14.8,15.2,56.7,osrm_real
0504520020301700010106,7.0,5.0,12.5,47.1,osrm_real
0505120020301700010103,51.0,51.0,40.4,133.8,osrm_real
0566520040701400010105,44.1,44.1,44.1,174.3,osrm_real
0504520020301700010101,6.5,4.5,12.0,46.6,osrm_real
0566520040701400010108,43.7,43.7,43.7,174.3,osrm_real
0504510000000000050115,1.2,1.4,2.7,40.7,osrm_real
0504510000000000040504,0.6,0.6,3.5,41.5,osrm_real
0583710000000000010504,0.8,0.7,2.6,14.3,osrm_real
0504510000000000010327,2.3,2.7,3.2,37.9,osrm_real
0583710000000000010707,2.6,2.6,5.4,15.1,osrm_real
0504510000000000020423,0.4,1.4,2.8,38.0,osrm_real
0504510000000000040709,1.7,1.3,3.9,41.8,osrm_real
0504510000000000050222,1.9,1.5,2.9,41.3,osrm_real
0504510000000000100339,3.1,2.0,5.0,43.3,osrm_real
0504510000000000100229,4.3,3.2,6.2,44.6,osrm_real
0583710000000000050410,2.6,2.6,5.4,15.1,osrm_real
0504510000000000080221,1.3,1.4,4.4,38.8,osrm_real
0583710000000000020325,1.4,1.8,4.4,13.3,osrm_real
0504510000000000070611,0.9,1.5,2.3,40.3,osrm_real
0504510000000000060423,0.4,0.4,1.3,39.7,osrm_real
0583710000000000040214,1.1,1.1,2.1,11.7,osrm_real
0504510000000000070711,1.1,1.1,2.3,40.6,osrm_real
0583710000000000050517,3.3,3.3,6.1,15.8,osrm_real
0583710000000000050128,2.6,2.6,5.4,15.0,osrm_real
0583710000000000040118,0.7,0.2,2.7,11.1,osrm_real
0504510000000000070440,0.7,1.1,0.9,38.8,osrm_real
0583710000000000050304,4.0,4.0,6.8,16.5,osrm_real
0504510000000000030307,0.2,1.8,2.3,40.2,osrm_real
0583710000000000030816,3.9,3.6,4.9,17.3,osrm_real
0504510000000000070126,0.7,0.7,1.9,40.3,osrm_real
0583710000000000010210,0.6,0.6,2.7,13.0,osrm_real
0583710000000000030730,3.5,3.2,4.5,16.9,osrm_real
0583710000000000050225,3.1,3.1,5.9,15.6,osrm_real
0504510000000000060412,0.4,0.4,1.6,40.0,osrm_real
0583720090104100010102,4.8,4.8,7.1,15.9,osrm_real
0504510000000000080511,1.0,0.2,5.0,38.3,osrm_real
0504510000000000020541,0.5,0.9,3.1,38.3,osrm_real
0583710000000000010731,1.2,1.2,4.0,13.7,osrm_real
0583710000000000030807,4.0,3.7,5.0,17.5,osrm_real
0583710000000000020811,3.4,3.2,5.5,14.3,osrm_real
0583710000000000030410,1.0,0.9,0.5,14.2,osrm_real
0504510000000000100610,4.4,3.3,6.3,44.6,osrm_real
0504510000000000030409,0.6,1.2,2.5,40.4,osrm_real
0583710000000000040146,1.9,1.5,4.2,9.9,osrm_real
0504510000000000090502,3.1,1.7,4.9,43.2,osrm_real
0504510000000000030405,0.6,1.0,2.3,40.2,osrm_real
0504510000000000020615,0.7,0.4,3.7,38.8,osrm_real
0504510000000000100205,4.4,3.3,6.3,44.7,osrm_real
0504510000000000030509,0.8,2.3,2.5,40.4,osrm_real
0504510000000000050402,2.3,1.0,3.5,41.9,osrm_real
0504510000000000020544,0.4,1.0,3.2,38.3,osrm_real
0504510000000000020213,0.5,1.2,2.4,37.5,osrm_real
0504510000000000070116,0.5,1.0,2.2,40.1,osrm_real
0583710000000000030811,4.4,4.1,5.4,17.8,osrm_real
0583710000000000040708,2.7,1.6,5.0,9.3,osrm_real
0504510000000000090504,3.2,1.7,4.9,43.3,osrm_real
0504510000000000020206,1.2,0.9,1.5,38.6,osrm_real
0583710000000000050133,2.5,2.5,5.3,15.0,osrm_real
0583710000000000040732,3.1,1.3,5.4,8.8,osrm_real
0504510000000000070607,0.9,1.7,2.3,40.3,osrm_real
0504510000000000060611,1.1,1.1,2.3,40.7,osrm_real
0583710000000000020318,1.3,1.0,4.3,13.6,osrm_real
0504510000000000020620,0.5,0.7,3.8,38.9,osrm_real
0504510000000000090209,2.4,0.6,4.2,42.6,osrm_real
0583710000000000030324,1.9,1.3,2.6,15.0,osrm_real
0583710000000000030724,3.5,3.3,4.5,17.0,osrm_real
0504510000000000080614,2.6,1.6,5.9,38.1,osrm_real
0504510000000000040414,0.9,0.8,3.1,41.0,osrm_real
0504510000000000040611,0.4,0.8,4.1,42.1,osrm_real
0583710000000000020207,0.5,0.5,3.2,12.9,osrm_real
0504510000000000080214,1.1,0.9,4.7,38.7,osrm_real
0504510000000000060511,0.8,0.8,2.0,40.4,osrm_real
0504510000000000090111,2.3,0.3,3.8,42.1,osrm_real
0504510000000000100133,4.0,2.9,5.9,44.2,osrm_real
0583710000000000050507,3.8,3.8,6.6,16.2,osrm_real
0504510000000000040705,1.8,1.4,3.7,42.0,osrm_real
0504510000000000090214,2.3,0.5,4.0,42.4,osrm_real
0583710000000000040165,3.2,0.8,5.5,8.6,osrm_real
0504510000000000080613,2.8,1.8,6.1,38.3,osrm_real
0504510000000000020408,0.5,1.3,2.9,38.1,osrm_real
0504510000000000040616,0.6,0.6,4.0,41.9,osrm_real
0583710000000000030432,1.4,1.0,0.8,14.6,osrm_real
0504510000000000070733,1.5,1.1,2.3,40.7,osrm_real
0583710000000000030518,1.3,1.4,2.5,14.8,osrm_real
0504510000000000070114,0.5,1.2,2.1,40.0,osrm_real
0504510000000000070111,0.5,1.1,2.2,40.1,osrm_real
0504510000000000030305,0.2,1.8,2.2,40.1,osrm_real
0583710000000000020507,0.5,0.5,2.8,12.0,osrm_real
0583710000000000010613,0.8,0.8,3.6,13.3,osrm_real
0583710000000000010438,1.9,1.8,4.8,14.4,osrm_real
0504510000000000020553,0.7,2.6,4.0,39.1,osrm_real
0504510000000000080628,3.0,2.0,6.3,38.5,osrm_real
0583710000000000020306,0.5,0.7,3.3,12.7,osrm_real
0504520030201800010112,10.7,10.6,10.9,47.3,osrm_real
0583710000000000010118,1.6,1.4,4.4,14.0,osrm_real
0583710000000000010135,1.8,1.6,4.6,14.2,osrm_real
0514720010400400010111,13.1,13.1,23.9,65.4,osrm_real
0514720010400400010113,13.0,13.0,23.8,65.4,osrm_real
0514720010400500010109,13.9,13.9,24.7,66.2,osrm_real
0514720010400500010130,14.3,14.3,25.1,66.6,osrm_real
0514720010800600010112,5.5,4.8,5.2,46.7,osrm_real
0514720010501100010103,28.4,28.4,39.3,80.8,osrm_real
0583720200100700010102,102.5,102.5,115.5,125.2,osrm_real
0583710000000000030721,3.5,3.2,4.5,16.9,osrm_real
0583710000000000030205,2.5,1.7,2.8,15.5,osrm_real
0583710000000000040719,1.2,0.6,3.6,11.3,osrm_real
0583710000000000030819,4.1,3.8,5.1,17.6,osrm_real
0504510000000000040119,1.8,1.0,3.0,41.4,osrm_real
0583710000000000050115,1.8,1.8,4.6,14.3,osrm_real
0583710000000000040128,5.3,2.7,7.6,7.5,osrm_real
0583710000000000040728,3.2,0.8,5.5,8.2,osrm_real
0504520010201000010112,3.6,4.4,4.5,35.1,osrm_real
0583710000000000030320,0.7,1.4,2.0,14.2,osrm_real
0504510000000000050504,2.2,1.4,2.9,41.3,osrm_real
0504510000000000060804,0.8,1.0,1.5,38.8,osrm_real
0504510000000000020523,1.0,1.2,2.7,37.8,osrm_real
0504510000000000060518,0.4,0.4,1.6,39.9,osrm_real
0504510000000000020602,0.7,0.4,3.7,38.8,osrm_real
0583710000000000030429,1.7,1.4,1.2,14.9,osrm_real
0504510000000000040505,0.6,0.6,3.5,41.5,osrm_real
0504520030201800010106,11.3,11.2,11.6,48.0,osrm_real
0504510000000000100507,5.2,4.6,7.1,45.5,osrm_real
0583710000000000040117,0.6,1.0,2.8,11.3,osrm_real
0504510000000000010626,4.3,4.4,7.0,39.1,osrm_real
0504510000000000060209,0.4,1.3,1.6,38.4,osrm_real
0504520010201000010105,3.6,4.4,4.5,34.4,osrm_real
0504510000000000090303,3.0,1.6,4.8,43.1,osrm_real
0504510000000000030601,1.2,1.4,1.1,38.7,osrm_real
0504510000000000060119,0.9,2.3,1.8,37.9,osrm_real
0583710000000000040529,1.4,1.3,3.6,11.1,osrm_real
0504510000000000080607,2.5,1.5,5.8,38.0,osrm_real
0504510000000000030215,1.5,1.9,3.2,39.5,osrm_real
0504510000000000090301,2.9,1.4,4.6,43.0,osrm_real
0583710000000000050503,3.3,3.3,6.1,15.7,osrm_real
0583710000000000010208,0.6,0.6,2.9,12.6,osrm_real
0504510000000000010319,2.2,2.6,3.1,37.8,osrm_real
0583710000000000010107,0.6,0.6,3.4,13.0,osrm_real
0583710000000000050211,3.2,3.2,6.0,15.7,osrm_real
0583710000000000050108,1.8,1.8,4.6,14.3,osrm_real
0504510000000000050506,2.0,1.5,2.7,41.1,osrm_real
0504510000000000040131,1.9,1.1,3.1,41.5,osrm_real
0504510000000000010622,5.1,5.3,7.8,37.9,osrm_real
0504510000000000030607,1.2,1.8,0.8,38.7,osrm_real
0504510000000000070213,0.5,0.8,1.8,39.7,osrm_real
0583710000000000030606,2.4,2.2,3.5,15.8,osrm_real
0504510000000000050321,1.1,1.0,2.6,40.5,osrm_real
0583710000000000030503,1.0,1.3,1.9,14.3,osrm_real
0504520010201000010102,4.5,5.3,5.4,34.4,osrm_real
0504510000000000050408,2.2,1.5,3.0,41.4,osrm_real
0583710000000000020118,2.1,1.9,5.1,14.1,osrm_real
0504510000000000080108,1.8,1.9,3.8,38.1,osrm_real
0504510000000000020102,0.7,1.2,4.0,39.2,osrm_real
0583710000000000030528,1.1,1.2,1.9,14.3,osrm_real
0583710000000000020411,0.2,1.3,3.6,12.6,osrm_real
0583710000000000010111,0.6,0.6,3.4,13.1,osrm_real
0504510000000000090325,2.6,1.6,4.4,42.8,osrm_real
0504510000000000010308,2.0,2.5,2.9,37.3,osrm_real
0504510000000000070526,1.5,1.3,2.5,40.8,osrm_real
0504510000000000090110,2.4,0.4,3.6,42.0,osrm_real
0504510000000000010706,6.0,5.7,8.7,37.6,osrm_real
0583710000000000010236,0.8,0.8,2.6,13.2,osrm_real
0583710000000000010619,1.3,0.6,3.7,13.7,osrm_real
0504510000000000080223,1.4,0.8,4.3,38.3,osrm_real
0583710000000000030635,2.5,2.2,3.5,15.9,osrm_real
0504510000000000020409,0.3,1.3,2.7,37.9,osrm_real
0504510000000000030618,0.8,1.9,1.3,39.2,osrm_real
0504510000000000100239,4.6,3.5,6.5,44.8,osrm_real
0504510000000000030222,0.7,1.9,3.5,38.8,osrm_real
0583710000000000010112,0.7,0.6,3.5,13.2,osrm_real
0583710000000000050109,2.5,2.5,5.3,14.9,osrm_real
0504510000000000010326,2.0,2.4,2.9,37.6,osrm_real
0583710000000000050509,3.4,3.4,6.2,15.8,osrm_real
0583710000000000020709,0.4,0.7,3.0,12.0,osrm_real
0583710000000000040701,2.9,0.7,5.2,8.9,osrm_real
0583710000000000010115,1.1,1.0,3.9,13.5,osrm_real
0583710000000000050212,2.9,2.9,5.7,15.3,osrm_real
0504510000000000010423,1.6,2.1,4.9,39.7,osrm_real
0583710000000000010413,2.4,2.4,5.2,14.8,osrm_real
0504510000000000030605,1.3,1.6,0.9,38.8,osrm_real
0504510000000000050515,1.6,1.5,2.8,41.2,osrm_real
0583710000000000030723,3.6,3.3,4.6,17.0,osrm_real
0504510000000000010217,0.6,2.1,1.6,37.4,osrm_real
0504510000000000040520,0.8,0.8,4.2,42.1,osrm_real
0504510000000000030321,0.8,2.4,3.0,40.9,osrm_real
0504510000000000090322,1.8,1.7,4.1,42.2,osrm_real
0504510000000000070714,1.1,1.1,2.3,40.7,osrm_real
0583710000000000030737,2.6,2.4,3.7,16.1,osrm_real
0504510000000000030318,0.6,2.2,2.7,40.5,osrm_real
0504510000000000070609,0.8,1.7,2.2,40.2,osrm_real
0583710000000000020804,2.6,2.4,4.7,13.5,osrm_real
0583710000000000020109,0.7,0.7,3.9,13.2,osrm_real
0504510000000000040116,1.8,1.2,3.3,41.7,osrm_real
0583710000000000010624,1.2,1.4,2.5,14.7,osrm_real
0583710000000000050208,3.1,3.1,5.9,15.6,osrm_real
0504510000000000080513,0.7,0.4,5.0,38.6,osrm_real
0504510000000000050409,2.3,1.4,3.2,41.5,osrm_real
0583710000000000040303,1.3,1.2,1.4,13.1,osrm_real
0504510000000000010506,1.1,1.8,2.5,37.3,osrm_real
0504510000000000010314,2.1,2.5,3.0,37.7,osrm_real
0504510000000000100121,3.4,2.3,5.3,43.7,osrm_real
0583710000000000050408,3.3,3.3,6.1,15.8,osrm_real
0583710000000000010307,0.8,0.8,2.3,13.4,osrm_real
0583710000000000010727,1.4,1.4,4.2,13.9,osrm_real
0504510000000000050212,1.5,1.6,3.0,41.0,osrm_real
0504510000000000020418,0.4,1.6,3.2,38.3,osrm_real
0583710000000000020711,0.6,0.6,2.9,11.9,osrm_real
0504510000000000040629,1.5,1.5,4.1,42.0,osrm_real
0504510000000000010402,2.0,2.5,5.2,39.5,osrm_real
0504510000000000060115,1.0,1.9,1.8,37.8,osrm_real
0583710000000000030620,2.7,2.4,3.7,16.1,osrm_real
0504510000000000020217,0.8,0.6,1.8,38.3,osrm_real
0504510000000000080123,2.1,2.7,3.0,37.4,osrm_real
0504510000000000030326,0.0,2.0,2.0,40.0,osrm_real
0504510000000000030419,0.7,1.8,3.0,40.9,osrm_real
0583710000000000030221,2.7,1.8,2.9,15.7,osrm_real
0504510000000000040409,0.6,0.6,3.2,41.1,osrm_real
0583710000000000040202,0.7,0.7,1.4,12.5,osrm_real
0504510000000000060617,0.5,0.5,1.7,40.0,osrm_real
0583710000000000020312,1.2,1.2,4.4,13.3,osrm_real
0583710000000000030419,1.3,0.6,0.8,14.3,osrm_real
0583710000000000030619,2.4,2.1,3.4,15.8,osrm_real
0504510000000000100216,4.3,3.2,6.2,44.6,osrm_real
0583710000000000030418,1.5,0.7,1.6,14.5,osrm_real
0583710000000000020607,0.7,0.9,3.1,12.0,osrm_real
0583710000000000030630,3.2,2.9,4.2,16.6,osrm_real
0583710000000000030403,0.8,0.6,0.1,13.9,osrm_real
0504510000000000010135,3.2,3.4,6.0,40.2,osrm_real
0504510000000000020547,0.1,0.5,3.4,38.5,osrm_real
0504510000000000050413,2.1,1.3,3.0,41.4,osrm_real
0504510000000000080307,2.0,0.8,4.5,38.1,osrm_real
0504510000000000090213,2.5,0.4,4.0,42.4,osrm_real
0504510000000000020306,0.7,0.2,2.5,38.0,osrm_real
0504510000000000020546,0.8,0.8,3.8,38.9,osrm_real
0583710000000000020510,0.6,0.6,2.6,12.2,osrm_real
0504510000000000060624,1.2,1.2,2.4,40.5,osrm_real
0583710000000000040127,5.8,3.2,8.2,8.0,osrm_real
0504510000000000050410,2.1,1.1,3.4,41.7,osrm_real
0504510000000000050320,1.3,0.9,2.8,40.7,osrm_real
0583710000000000050222,3.7,3.7,6.5,16.1,osrm_real
0583710000000000030524,1.1,1.6,2.2,14.6,osrm_real
0504510000000000030532,1.0,2.2,2.3,40.2,osrm_real
0583710000000000030442,2.1,1.3,1.4,15.1,osrm_real
0583710000000000030307,1.5,0.6,1.6,14.5,osrm_real
0504510000000000100320,3.5,2.9,5.4,43.7,osrm_real
0504510000000000020309,1.1,0.6,1.9,38.4,osrm_real
0504510000000000040215,1.3,0.9,3.5,41.4,osrm_real
0504510000000000090210,2.5,0.7,4.2,42.6,osrm_real
0504510000000000080206,1.1,0.6,4.6,38.5,osrm_real
0583710000000000030423,0.7,0.9,0.6,13.8,osrm_real
0583710000000000040157,1.0,0.7,3.2,11.0,osrm_real
0504510000000000030314,0.5,2.1,2.6,40.5,osrm_real
0504510000000000100221,4.0,2.9,5.9,44.2,osrm_real
0504510000000000050215,1.8,1.4,3.3,41.2,osrm_real
0583710000000000050134,2.5,2.5,5.3,14.9,osrm_real
0504510000000000020531,0.3,0.4,3.0,38.1,osrm_real
0583710000000000030438,1.9,1.1,1.2,14.9,osrm_real
0504510000000000070404,0.5,1.8,1.1,38.0,osrm_real
0504510000000000050519,1.9,1.9,3.1,41.5,osrm_real
0583710000000000010436,2.3,2.3,5.1,14.8,osrm_real
0504510000000000100316,3.2,2.7,5.1,43.5,osrm_real
0583710000000000040731,3.4,1.0,5.7,8.6,osrm_real
0583710000000000040520,2.3,1.5,4.7,9.7,osrm_real
0504510000000000040209,1.6,1.4,4.0,41.9,osrm_real
0583720090104100010303,4.3,4.3,6.5,15.4,osrm_real
0504510000000000030408,0.9,1.1,2.8,40.7,osrm_real
0504510000000000060514,0.3,0.3,1.5,39.8,osrm_real
0504510000000000020107,0.6,1.2,3.7,38.9,osrm_real
0504510000000000090206,2.8,0.9,4.5,42.9,osrm_real
0504510000000000090409,1.6,1.6,4.2,42.2,osrm_real
0504510000000000070734,1.2,1.2,2.4,40.8,osrm_real
0504510000000000060114,0.7,1.8,1.7,38.1,osrm_real
0504510000000000020411,0.4,1.3,3.1,38.2,osrm_real
0583710000000000010447,2.2,2.2,5.0,14.6,osrm_real
0583710000000000020316,1.3,1.6,4.4,13.3,osrm_real
0504510000000000100409,5.4,4.7,7.3,45.6,osrm_real
0583710000000000010728,1.1,1.1,3.9,13.6,osrm_real
0504510000000000040628,1.2,1.2,3.8,41.7,osrm_real
0504510000000000050304,1.2,0.9,3.4,41.3,osrm_real
0583710000000000040143,2.6,1.5,4.9,9.3,osrm_real
0504510000000000060517,0.5,0.5,1.7,40.0,osrm_real
0504510000000000030511,0.7,1.8,1.9,39.8,osrm_real
0504510000000000030328,0.7,2.2,2.8,40.7,osrm_real
0504510000000000070305,1.1,1.1,0.3,39.1,osrm_real
0504510000000000090118,2.1,0.6,3.4,41.7,osrm_real
0583720090104100010205,3.0,3.0,5.2,14.0,osrm_real
0504510000000000080626,2.2,1.2,5.5,38.0,osrm_real
0504510000000000020109,1.0,1.5,3.5,38.6,osrm_real
0583710000000000040715,0.7,1.1,2.9,10.9,osrm_real
0583710000000000040761,2.9,1.7,5.2,9.3,osrm_real
0583710000000000020108,0.6,0.6,3.7,12.9,osrm_real
0583710000000000020208,0.3,0.3,3.0,12.7,osrm_real
0583710000000000040102,0.4,0.3,1.8,12.5,osrm_real
0583710000000000030515,1.3,1.4,2.5,14.8,osrm_real
0504510000000000010609,4.8,4.9,7.5,38.4,osrm_real
0504510000000000020424,0.8,1.3,2.7,37.8,osrm_real
0583710000000000020402,0.3,1.3,3.7,12.7,osrm_real
0504510000000000100119,3.4,2.3,5.2,43.6,osrm_real
0583710000000000050110,2.5,2.5,5.3,14.9,osrm_real
0504510000000000040511,0.8,0.8,3.8,41.7,osrm_real
0504510000000000060408,1.2,1.2,1.9,39.7,osrm_real
0504510000000000040312,0.9,0.5,3.0,41.0,osrm_real
0504510000000000080601,2.7,1.7,6.0,38.2,osrm_real
0583710000000000040138,3.1,0.7,5.4,8.9,osrm_real
0504510000000000010516,0.5,1.9,1.7,37.5,osrm_real
0514720011200300010104,32.0,39.2,30.2,80.6,osrm_real
0514720011200300010108,31.5,38.7,29.8,80.1,osrm_real
0514720010400500010101,14.0,14.0,24.8,66.3,osrm_real
0514720010400500010113,13.9,13.9,24.7,66.2,osrm_real
0514720010400500010129,14.3,14.3,25.1,66.6,osrm_real
0514720010400500010123,14.2,14.2,25.0,66.6,osrm_real
0514720010400800010112,13.3,13.3,24.1,65.6,osrm_real
0514720010501100010104,28.6,28.6,39.5,81.0,osrm_real
0514720010501100010108,28.9,28.9,39.7,81.3,osrm_real
0514720010801200010101,7.2,6.8,6.9,48.4,osrm_real
0583720200100700010108,102.3,102.3,115.3,124.9,osrm_real
0565920020600700010102,25.7,25.7,26.6,122.3,osrm_real
0505120040101900010103,71.5,71.5,60.9,158.4,osrm_real
0566520040701400010107,44.0,44.0,44.0,174.2,osrm_real
0565920010400800010108,7.4,7.4,8.2,103.9,osrm_real
0566520040701400010103,44.5,44.5,44.6,174.7,osrm_real
0504510000000000100120,3.4,2.3,5.2,43.6,osrm_real
0583710000000000030716,3.5,3.2,4.5,16.9,osrm_real
0504510000000000070520,1.3,1.0,2.2,40.5,osrm_real
0504510000000000060113,1.2,2.1,2.0,37.6,osrm_real
0504510000000000040627,0.8,1.0,4.2,42.1,osrm_real
0583710000000000040307,0.7,1.2,1.7,13.0,osrm_real
0583710000000000050206,3.3,3.3,6.2,15.8,osrm_real
0583710000000000020302,0.4,1.2,3.8,12.9,osrm_real
0504510000000000050210,1.9,1.6,3.1,41.4,osrm_real
0583710000000000010718,2.8,2.8,5.6,15.3,osrm_real
0504510000000000010125,1.8,1.9,4.5,38.8,osrm_real
0504510000000000100302,2.7,2.2,4.6,42.9,osrm_real
0504510000000000020211,0.4,1.5,2.2,37.3,osrm_real
0504510000000000040515,1.0,1.0,4.1,42.0,osrm_real
0504510000000000040501,1.0,1.1,2.9,40.8,osrm_real
0583710000000000050135,2.5,2.5,5.3,14.9,osrm_real
0504510000000000060327,0.7,0.7,1.5,39.0,osrm_real
0504510000000000050301,1.6,1.2,3.4,41.5,osrm_real
0583710000000000010305,0.8,0.6,2.6,14.1,osrm_real
0583710000000000020714,0.9,0.9,3.2,12.0,osrm_real
0504510000000000010214,1.3,2.4,2.3,37.2,osrm_real
0583710000000000050210,3.6,3.6,6.5,16.1,osrm_real
0504510000000000080110,2.2,2.2,3.1,37.5,osrm_real
0583710000000000050526,3.4,3.4,6.2,15.8,osrm_real
0583710000000000040718,1.1,0.5,3.5,11.3,osrm_real
0504510000000000030118,2.4,1.9,3.3,39.7,osrm_real
0583710000000000010229,0.8,0.8,3.6,13.2,osrm_real
0504520010201000010110,3.8,4.6,4.7,34.8,osrm_real
0583710000000000040503,1.9,1.9,4.3,10.5,osrm_real
0504510000000000060631,1.1,1.1,2.3,40.1,osrm_real
0504510000000000090217,2.2,0.8,4.0,42.4,osrm_real
0504510000000000020226,0.5,1.0,2.2,37.3,osrm_real
0583710000000000050412,3.4,3.4,6.2,15.8,osrm_real
0583710000000000050520,4.0,4.0,6.8,16.4,osrm_real
0583710000000000050524,3.4,3.4,6.2,15.8,osrm_real
0583710000000000030224,1.8,1.1,2.5,14.9,osrm_real
0504510000000000020519,0.1,0.7,3.5,38.6,osrm_real
0504510000000000040117,1.8,1.2,3.3,41.7,osrm_real
0583710000000000030232,3.2,2.5,3.8,16.2,osrm_real
0504510000000000080605,2.5,1.5,5.8,38.0,osrm_real
0504510000000000060330,0.7,0.7,0.6,38.8,osrm_real
0583710000000000030222,2.4,1.9,3.2,15.6,osrm_real
0583710000000000030309,2.1,0.8,2.1,15.0,osrm_real
0504510000000000040218,1.4,1.0,3.6,41.5,osrm_real
0583710000000000010317,0.5,1.0,2.4,14.0,osrm_real
0504510000000000040307,1.4,1.3,3.9,41.8,osrm_real
0583710000000000020907,2.0,1.8,5.0,13.9,osrm_real
0504510000000000030406,0.8,0.9,2.7,40.6,osrm_real
0504510000000000030526,0.5,1.3,1.2,39.1,osrm_real
0504510000000000100136,3.9,2.7,5.7,44.1,osrm_real
0504510000000000100506,4.6,3.9,6.4,44.8,osrm_real
0504510000000000030504,0.7,1.9,2.0,39.9,osrm_real
0583710000000000010101,1.2,0.8,4.0,13.6,osrm_real
0583710000000000020304,0.2,1.0,3.6,12.5,osrm_real
0504510000000000040137,1.7,1.3,3.1,41.5,osrm_real
0504510000000000030416,0.8,1.5,2.9,40.8,osrm_real
0504510000000000040404,0.2,0.2,3.6,41.5,osrm_real
0566510000000000010539,0.5,0.9,0.4,138.9,osrm_real
0583710000000000030513,1.0,1.4,2.2,14.5,osrm_real
0504510000000000100132,3.9,2.8,5.8,44.2,osrm_real
0504510000000000020412,0.3,1.3,2.7,37.9,osrm_real
0504510000000000080222,1.4,1.5,4.2,38.5,osrm_real
0504510000000000030401,0.5,1.4,2.1,40.0,osrm_real
0583710000000000030720,3.5,3.2,4.5,16.9,osrm_real
0504510000000000080630,2.6,1.6,5.9,38.1,osrm_real
0583710000000000030702,2.8,2.6,3.9,16.3,osrm_real
0583710000000000020301,0.5,1.4,3.8,12.8,osrm_real
0504510000000000050219,1.7,1.3,3.2,41.1,osrm_real
0504510000000000010411,1.6,2.1,4.9,39.7,osrm_real
0583710000000000020814,3.0,3.0,5.8,15.1,osrm_real
0583710000000000020908,2.3,2.1,5.2,14.2,osrm_real
0583710000000000050519,4.0,4.0,6.8,16.4,osrm_real
0504510000000000030417,0.8,1.5,2.8,40.7,osrm_real
0583710000000000010109,0.2,0.2,3.0,12.7,osrm_real
0504510000000000010703,6.0,6.0,8.7,37.9,osrm_real
0504510000000000090403,1.9,1.9,4.5,42.4,osrm_real
0504510000000000020628,0.8,1.0,4.0,39.1,osrm_real
0504510000000000090407,1.8,1.8,4.4,42.3,osrm_real
0583710000000000030206,2.0,1.3,2.6,15.0,osrm_real
0504510000000000030515,0.9,2.9,3.0,40.4,osrm_real
0583710000000000030637,1.9,1.9,3.1,15.4,osrm_real
0504510000000000010702,6.0,6.0,8.7,37.8,osrm_real
0504510000000000070306,1.1,1.1,0.3,39.1,osrm_real
0583710000000000040704,2.8,1.2,5.2,8.6,osrm_real
0504510000000000070127,0.6,0.6,1.8,40.2,osrm_real
0504520030201800010111,10.7,10.6,11.0,47.4,osrm_real
0504510000000000030415,0.6,1.6,3.1,41.0,osrm_real
0504510000000000100307,3.1,2.6,5.0,43.3,osrm_real
0504510000000000060104,0.9,1.9,1.9,37.9,osrm_real
0504510000000000040211,1.3,0.9,3.5,41.4,osrm_real
0583710000000000050301,3.7,3.7,6.5,16.2,osrm_real
0583710000000000050510,3.3,3.3,6.1,15.8,osrm_real
0583710000000000030110,0.6,1.1,1.4,13.7,osrm_real
0504510000000000010718,6.0,5.6,8.8,37.5,osrm_real
0504510000000000070625,0.7,1.4,2.1,40.0,osrm_real
0583710000000000030106,1.0,1.5,2.0,13.2,osrm_real
0583710000000000040415,1.4,1.2,3.6,11.7,osrm_real
0583710000000000040123,1.0,1.2,2.8,12.4,osrm_real
0583710000000000010235,0.9,0.9,3.0,12.9,osrm_real
0583710000000000040167,5.6,2.9,7.9,7.8,osrm_real
0583710000000000040506,2.1,1.7,4.5,10.2,osrm_real
0514720011200300010123,30.8,38.0,29.0,79.4,osrm_real
0514720010400400010115,13.1,13.1,23.9,65.5,osrm_real
0514720010800600010107,5.4,4.6,5.1,46.6,osrm_real
0514720010800600010115,5.8,4.1,5.5,46.2,osrm_real
0514720010501100010105,28.8,28.8,39.6,81.1,osrm_real
0514720010601400010104,15.2,15.2,15.5,57.1,osrm_real
0505120020301700010102,51.2,51.2,40.6,134.0,osrm_real
0504520020301700010110,7.1,5.0,12.5,47.1,osrm_real
0583720200100700010106,102.2,102.2,115.1,124.8,osrm_real
0583720050403300010103,20.9,20.9,150.1,158.9,osrm_real
0565920020600700010104,25.5,25.5,26.4,122.0,osrm_real
0504510000000000030308,0.3,1.9,2.4,40.3,osrm_real
0504510000000000020618,0.4,0.5,3.7,38.8,osrm_real
0504510000000000060513,0.3,0.3,1.5,39.8,osrm_real
0504510000000000070722,1.0,1.0,2.2,40.6,osrm_real
0504510000000000020314,1.2,0.7,2.2,38.5,osrm_real
0504510000000000020505,0.2,0.3,3.1,38.3,osrm_real
0504510000000000020522,0.3,0.6,3.3,38.4,osrm_real
0504510000000000030219,1.5,1.9,3.2,39.5,osrm_real
0504510000000000070224,0.8,0.8,0.8,39.0,osrm_real
0504510000000000020540,0.7,2.8,4.2,39.4,osrm_real
0504510000000000060805,0.9,0.9,1.6,38.8,osrm_real
0504510000000000040605,0.5,0.9,3.8,41.7,osrm_real
0504510000000000020401,0.7,0.9,2.9,38.0,osrm_real
0504510000000000060305,0.6,0.6,1.8,39.4,osrm_real
0504510000000000040742,2.1,1.5,3.8,42.2,osrm_real
0504510000000000030119,2.3,1.8,3.1,39.5,osrm_real
0504510000000000010318,2.0,2.4,2.8,37.5,osrm_real
0504510000000000080114,2.1,2.5,3.0,37.3,osrm_real
0583710000000000050136,2.2,2.2,5.0,14.6,osrm_real
0504510000000000020606,0.3,0.4,3.4,38.6,osrm_real
0504510000000000100614,4.1,3.5,5.9,44.3,osrm_real
0583710000000000040524,1.3,1.1,3.5,11.2,osrm_real
0504510000000000070632,0.9,1.2,2.2,40.1,osrm_real
0504510000000000040635,0.6,1.1,4.3,42.2,osrm_real
0504510000000000070715,1.2,1.2,2.4,40.8,osrm_real
0504510000000000020537,0.4,2.9,4.4,39.5,osrm_real
0504510000000000040509,0.7,0.7,4.0,41.9,osrm_real
0504510000000000010719,6.0,5.6,8.7,37.5,osrm_real
0504510000000000040118,1.6,1.2,3.1,41.5,osrm_real
0583710000000000010209,0.8,0.8,2.9,12.8,osrm_real
0504510000000000070209,0.6,0.6,0.7,39.3,osrm_real
0583710000000000040209,0.9,0.9,1.4,12.9,osrm_real
0504510000000000080119,1.8,2.3,2.6,37.0,osrm_real
0583710000000000010207,0.5,0.5,3.1,12.7,osrm_real
0504510000000000040613,0.3,0.5,3.8,41.7,osrm_real
0504510000000000020425,0.9,1.5,3.0,38.1,osrm_real
0504510000000000070218,0.4,1.1,1.5,39.4,osrm_real
0583710000000000020603,0.5,0.9,3.1,12.0,osrm_real
0504510000000000050108,1.4,1.6,2.8,40.9,osrm_real
0504510000000000050518,1.9,1.3,3.1,41.5,osrm_real
0504510000000000070717,1.5,1.5,2.7,41.1,osrm_real
0583710000000000030404,0.7,0.3,0.3,13.9,osrm_real
0504510000000000030221,0.4,1.6,3.4,38.6,osrm_real
0504510000000000080506,1.6,0.6,4.9,37.6,osrm_real
0504510000000000060328,0.9,0.9,1.6,38.7,osrm_real
0583710000000000030815,3.9,3.6,4.9,17.4,osrm_real
0504510000000000010628,4.6,4.7,7.3,37.8,osrm_real
0504510000000000080411,0.7,0.7,5.0,38.7,osrm_real
0504510000000000080127,3.1,3.0,3.9,37.9,osrm_real
0504510000000000030223,0.9,1.8,3.4,39.0,osrm_real
0583710000000000040407,0.5,0.5,2.8,11.8,osrm_real
0504510000000000060301,0.4,0.4,0.9,39.3,osrm_real
0504510000000000030108,1.5,1.0,2.4,38.8,osrm_real
0583710000000000040531,1.2,1.0,3.5,10.6,osrm_real
0583710000000000030509,1.1,1.3,2.3,14.6,osrm_real
0504510000000000030402,0.2,1.2,2.7,40.6,osrm_real
0504510000000000070704,1.4,1.4,2.6,41.0,osrm_real
0504510000000000020627,0.9,1.3,4.2,39.3,osrm_real
0583710000000000030516,1.1,1.5,2.3,14.6,osrm_real
0583710000000000020321,1.0,1.7,4.2,13.1,osrm_real
0504510000000000040122,1.6,0.9,3.1,41.5,osrm_real
0504510000000000060325,0.7,0.7,1.6,39.0,osrm_real
0504510000000000020103,0.4,1.0,3.8,38.9,osrm_real
0583710000000000010724,1.5,1.5,4.3,14.0,osrm_real
0504510000000000010713,5.3,5.4,8.0,38.0,osrm_real
0504510000000000070226,0.6,0.6,1.8,40.1,osrm_real
0583710000000000030827,4.3,4.0,5.3,17.7,osrm_real
0504510000000000030225,1.1,2.0,3.5,39.2,osrm_real
0504510000000000090410,1.5,1.6,4.2,42.1,osrm_real
0583710000000000050104,2.4,2.4,5.2,14.9,osrm_real
0504510000000000030616,0.8,1.6,1.5,39.5,osrm_real
0583710000000000040760,0.6,0.1,3.0,11.0,osrm_real
0583710000000000010518,0.6,1.2,2.4,14.3,osrm_real
0504510000000000080410,0.9,0.5,4.9,38.5,osrm_real
0504510000000000080617,2.4,1.4,5.7,37.9,osrm_real
0504510000000000100501,5.7,5.1,7.6,46.0,osrm_real
0583710000000000040130,4.9,1.7,7.2,6.6,osrm_real
0504510000000000010137,1.9,2.1,4.3,38.6,osrm_real
0583710000000000010511,0.4,1.4,1.9,14.0,osrm_real
0583710000000000040753,4.5,1.9,6.8,7.6,osrm_real
0504510000000000050218,1.6,1.5,3.1,41.0,osrm_real
0583710000000000030825,5.0,4.7,6.0,18.4,osrm_real
0504510000000000040726,1.8,1.0,3.3,41.7,osrm_real
0504510000000000050418,2.5,0.4,3.8,42.2,osrm_real
0504510000000000050208,1.8,1.7,3.0,41.3,osrm_real
0583710000000000040210,0.2,0.6,1.6,12.3,osrm_real
0583710000000000030108,0.6,1.3,1.8,13.3,osrm_real
0583710000000000010703,2.4,2.4,5.2,14.9,osrm_real
0504510000000000010304,2.3,2.4,3.4,37.8,osrm_real
0504510000000000080216,1.1,1.1,4.5,38.7,osrm_real
0583710000000000010510,0.4,1.4,1.9,14.0,osrm_real
0504510000000000030707,1.9,3.5,3.9,40.3,osrm_real
0504510000000000100203,4.2,3.0,6.0,44.4,osrm_real
0504510000000000100322,3.3,2.7,5.2,43.5,osrm_real
0504510000000000070130,0.8,0.8,2.0,40.4,osrm_real
0504510000000000040212,1.6,1.2,3.8,41.7,osrm_real
0504510000000000070313,1.2,1.2,0.4,38.8,osrm_real
0504510000000000010708,5.5,5.5,8.2,37.4,osrm_real
0583710000000000010427,2.0,2.0,4.8,14.4,osrm_real
0583710000000000010713,1.8,1.8,4.6,14.2,osrm_real
0504510000000000030521,0.0,1.6,1.6,39.5,osrm_real
0504510000000000020111,1.1,1.5,3.5,38.6,osrm_real
0583710000000000020117,1.3,0.9,4.2,13.8,osrm_real
0504510000000000040321,1.5,1.1,3.7,41.6,osrm_real
0504510000000000100105,3.7,2.6,5.6,44.0,osrm_real
0504510000000000040514,1.1,1.1,4.1,42.0,osrm_real
0504510000000000070615,0.8,1.7,2.2,40.1,osrm_real
0504510000000000040706,2.1,1.5,3.8,42.2,osrm_real
0583710000000000010102,1.0,1.0,3.9,13.5,osrm_real
0504510000000000030523,0.2,1.7,1.8,39.7,osrm_real
0504510000000000090312,1.9,1.6,3.9,42.3,osrm_real
0583710000000000010704,2.6,2.6,5.4,15.1,osrm_real
0583710000000000010401,2.3,2.2,5.1,14.7,osrm_real
0583710000000000010601,1.6,1.1,4.2,14.1,osrm_real
0583710000000000010623,1.9,2.0,3.1,15.3,osrm_real
0504510000000000040120,2.0,0.9,3.3,41.6,osrm_real
0504510000000000050120,1.2,1.2,2.6,40.5,osrm_real
0504510000000000100210,4.1,3.0,6.0,44.3,osrm_real
0504510000000000080210,1.1,0.7,4.8,38.7,osrm_real
0504510000000000070527,1.4,1.2,2.4,40.7,osrm_real
0504510000000000020551,1.1,2.1,3.5,38.6,osrm_real
0583710000000000010620,1.5,0.8,4.0,13.9,osrm_real
0504510000000000010412,1.6,2.1,4.9,39.5,osrm_real
0583710000000000010717,1.6,1.6,4.4,14.0,osrm_real
0504510000000000030531,0.8,2.2,2.3,40.2,osrm_real
0583710000000000050209,3.4,3.4,6.2,15.8,osrm_real
0504510000000000040508,0.7,0.7,4.0,41.9,osrm_real
0583710000000000030616,2.5,2.3,3.6,16.0,osrm_real
0504510000000000040608,0.4,0.7,3.9,41.8,osrm_real
0504510000000000100126,3.8,2.7,5.7,44.0,osrm_real
0583710000000000050522,4.1,4.1,6.9,16.6,osrm_real
0583710000000000010512,0.6,1.2,2.4,14.3,osrm_real
0504510000000000080115,2.0,2.5,2.9,37.2,osrm_real
0504510000000000010218,0.4,2.4,1.3,37.4,osrm_real
0583710000000000050306,4.1,4.1,6.9,16.6,osrm_real
0583710000000000040618,4.9,1.7,7.2,6.5,osrm_real
0583710000000000020606,0.6,0.6,2.9,11.8,osrm_real
0504510000000000030514,0.8,1.9,2.0,39.9,osrm_real
0504510000000000080209,1.2,0.8,4.6,38.6,osrm_real
0504510000000000020317,0.8,0.7,2.8,37.9,osrm_real
0504510000000000050101,1.9,1.8,2.7,41.0,osrm_real
0504510000000000010716,6.2,5.8,8.9,37.7,osrm_real
0504510000000000020308,1.1,0.6,1.9,38.4,osrm_real
0504510000000000100209,4.1,3.0,6.0,44.4,osrm_real
0583720090104100010204,3.0,3.0,5.3,14.1,osrm_real
0504510000000000070120,0.3,1.1,1.9,39.9,osrm_real
0583710000000000030420,1.1,0.8,0.5,14.3,osrm_real
0504510000000000070618,0.5,1.4,1.9,39.8,osrm_real
0504510000000000060207,0.7,1.6,1.8,38.3,osrm_real
0504510000000000100407,5.6,5.0,7.5,45.9,osrm_real
0504510000000000020203,0.6,0.9,2.7,37.8,osrm_real
0504510000000000060302,0.6,0.6,1.5,39.2,osrm_real
0504510000000000080311,1.7,0.7,5.0,37.6,osrm_real
0583710000000000030405,1.1,0.8,0.5,14.3,osrm_real
0504510000000000030116,2.0,1.5,2.9,39.3,osrm_real
0504510000000000030111,1.6,1.3,2.7,39.1,osrm_real
0504510000000000060111,1.2,2.4,2.2,37.4,osrm_real
0504510000000000060519,0.5,0.5,1.7,40.0,osrm_real
0583710000000000020802,4.4,4.3,6.5,15.4,osrm_real
0583710000000000020322,1.1,1.6,4.3,13.2,osrm_real
0504510000000000040201,1.6,1.1,3.4,41.6,osrm_real
0583710000000000030623,2.5,2.2,3.5,16.0,osrm_real
0504510000000000040620,0.4,1.2,4.4,42.4,osrm_real
0504510000000000030112,1.8,1.4,2.8,39.2,osrm_real
0504510000000000030117,2.4,1.9,3.3,39.7,osrm_real
0504510000000000100608,4.3,3.3,6.1,44.5,osrm_real
0583710000000000020206,0.6,0.3,3.3,13.0,osrm_real
0504510000000000070415,0.6,1.8,0.7,38.0,osrm_real
0583710000000000020103,1.0,0.5,3.8,13.2,osrm_real
0504510000000000070205,0.5,0.5,1.7,40.0,osrm_real
0504510000000000060409,0.9,0.9,2.0,39.8,osrm_real
0583710000000000040754,4.6,2.0,6.9,7.7,osrm_real
0583710000000000050119,2.6,2.6,5.4,15.0,osrm_real
0583710000000000050501,3.2,3.2,6.0,15.7,osrm_real
0504520010201000010104,3.7,4.5,4.6,34.2,osrm_real
0504510000000000030202,2.0,1.8,3.2,39.6,osrm_real
0583710000000000020715,1.5,1.5,3.8,12.6,osrm_real
0504510000000000070410,1.1,1.1,0.4,38.8,osrm_real
0504510000000000040313,1.2,0.7,3.3,41.3,osrm_real
0504510000000000050416,2.4,1.1,3.3,41.7,osrm_real
0504510000000000060512,0.4,0.4,1.4,39.7,osrm_real
0504510000000000050220,1.9,1.7,3.0,41.4,osrm_real
0514720011200300010117,32.1,39.3,30.3,80.7,osrm_real
0514720010400400010110,12.7,12.7,23.5,65.1,osrm_real
0514720010400500010111,13.9,13.9,24.7,66.2,osrm_real
0514720010800600010108,5.6,4.9,5.3,46.8,osrm_real
0514720010400800010105,13.9,13.9,24.7,66.3,osrm_real
0514720010400800010108,14.0,14.0,24.8,66.4,osrm_real
0514720010400800010109,14.1,14.1,24.9,66.4,osrm_real
0514720010400800010110,14.1,14.1,24.9,66.4,osrm_real
0514720010400800010111,14.0,14.0,24.8,66.3,osrm_real
0514720010501100010107,28.8,28.8,39.6,81.2,osrm_real
0514720010501100010106,28.8,28.8,39.6,81.1,osrm_real
0514720010801200010102,7.2,6.9,6.9,48.5,osrm_real
0514720010601400010111,15.0,15.0,15.4,56.9,osrm_real
0517220100601300010104,24.5,30.5,16.7,71.9,osrm_real
0583720200100700010105,102.3,102.3,115.3,124.9,osrm_real
0505120020301700010107,51.2,51.2,40.6,133.3,osrm_real
0504510000000000050316,1.4,1.0,2.9,40.8,osrm_real
0504510000000000050516,1.7,1.5,2.9,41.2,osrm_real
0504510000000000060203,0.7,1.3,1.8,38.4,osrm_real
0583710000000000020114,1.4,1.1,4.2,13.9,osrm_real
0504510000000000090506,3.1,1.6,4.8,43.2,osrm_real
0583710000000000040727,3.4,0.8,5.8,8.4,osrm_real
0504510000000000010625,4.2,4.4,6.9,39.0,osrm_real
0583710000000000030305,1.2,0.6,1.3,14.2,osrm_real
0504510000000000050502,1.6,1.6,2.8,41.1,osrm_real
0504510000000000070203,0.6,1.0,1.3,39.3,osrm_real
0504510000000000030702,1.9,3.5,3.9,40.3,osrm_real
0504510000000000080207,1.3,0.7,4.4,38.4,osrm_real
0583720090104100010107,4.8,4.8,7.1,15.9,osrm_real
0583710000000000030624,2.7,2.4,3.7,16.1,osrm_real
0504510000000000020554,0.7,2.3,3.8,38.9,osrm_real
0514720011200300010110,31.5,38.7,29.8,80.1,osrm_real
0583710000000000020509,0.3,0.3,2.5,11.9,osrm_real
0504510000000000070610,0.8,1.7,2.2,40.2,osrm_real
0583710000000000030210,2.6,1.9,3.0,15.6,osrm_real
0504510000000000070128,0.7,0.7,1.9,40.3,osrm_real
0583710000000000040709,2.5,1.9,4.8,9.6,osrm_real
0583710000000000010729,1.3,1.3,4.1,13.8,osrm_real
0583710000000000020713,1.5,1.5,3.8,12.6,osrm_real
0504510000000000080629,2.4,1.4,5.7,37.9,osrm_real
0504510000000000020616,0.5,0.3,3.5,38.6,osrm_real
0504510000000000100111,3.8,2.7,5.7,44.0,osrm_real
0583710000000000030315,2.0,1.1,2.4,15.0,osrm_real
0583720090104100010123,2.5,2.5,4.7,13.6,osrm_real
0504510000000000040308,1.4,1.4,4.0,41.9,osrm_real
0504510000000000010602,4.4,4.5,7.1,39.2,osrm_real
0504510000000000100325,3.6,3.0,5.4,43.8,osrm_real
0504510000000000060625,1.3,1.3,2.5,40.6,osrm_real
0583710000000000040302,0.6,1.1,1.3,13.2,osrm_real
0504510000000000060506,1.1,1.1,2.3,40.2,osrm_real
0504510000000000090308,2.5,2.0,4.4,42.7,osrm_real
0504510000000000030608,1.3,1.8,0.9,38.8,osrm_real
0504510000000000070630,0.9,1.1,2.5,40.4,osrm_real
0504510000000000020419,0.9,1.6,3.0,38.2,osrm_real
0583710000000000030502,1.1,1.4,2.0,14.4,osrm_real
0504510000000000070436,0.7,1.6,1.2,38.0,osrm_real
0504510000000000030316,0.7,2.3,2.8,40.5,osrm_real
0504510000000000060308,0.5,0.5,1.6,39.5,osrm_real
0504510000000000070108,0.8,0.9,2.1,40.3,osrm_real
0504510000000000030505,0.6,2.3,2.4,40.3,osrm_real
0504510000000000020106,0.6,1.2,3.7,38.8,osrm_real
0504510000000000050112,1.5,1.7,3.0,41.0,osrm_real
0504510000000000060502,0.9,0.9,2.1,40.0,osrm_real
0504510000000000020526,0.4,1.5,3.2,38.3,osrm_real
0504510000000000090315,2.2,1.9,4.3,42.6,osrm_real
0583710000000000010121,1.6,1.6,4.5,14.1,osrm_real
0504510000000000020532,0.6,0.6,3.6,38.7,osrm_real
0504510000000000020407,0.8,1.0,3.0,38.2,osrm_real
0504510000000000060601,1.0,1.0,2.2,40.5,osrm_real
0583710000000000030711,3.1,2.8,4.1,16.5,osrm_real
0504510000000000060413,0.5,0.5,1.5,39.9,osrm_real
0504510000000000090408,1.7,1.7,4.3,42.2,osrm_real
0583710000000000010726,1.4,1.4,4.2,13.9,osrm_real
0583710000000000040534,0.8,0.5,2.9,11.1,osrm_real
0504510000000000070103,0.7,0.7,1.9,40.2,osrm_real
0504510000000000050514,1.4,1.4,2.6,41.0,osrm_real
0583710000000000010720,1.3,1.3,4.1,13.8,osrm_real
0504510000000000010108,3.0,3.1,5.7,40.0,osrm_real
0583710000000000030618,2.1,1.8,3.1,15.4,osrm_real
0504510000000000070202,1.2,1.2,0.8,39.5,osrm_real
0504510000000000080316,1.7,0.9,4.2,38.2,osrm_real
0504510000000000090329,2.8,1.9,4.6,43.0,osrm_real
0583710000000000020406,0.5,0.8,3.2,12.5,osrm_real
0504510000000000090305,3.0,1.5,4.7,43.1,osrm_real
0504510000000000090120,1.9,0.6,3.5,41.9,osrm_real
0504510000000000050206,2.0,1.5,3.0,41.3,osrm_real
0583710000000000040742,0.4,0.3,2.9,11.0,osrm_real
0583710000000000020311,0.8,1.8,4.0,13.0,osrm_real
0504510000000000040711,1.7,1.2,3.6,41.9,osrm_real
0504510000000000050119,1.0,1.2,2.6,40.5,osrm_real
0504510000000000040406,0.2,0.2,3.6,41.5,osrm_real
0504510000000000010418,1.1,1.7,4.5,39.6,osrm_real
0504510000000000020608,0.4,0.3,3.5,38.7,osrm_real
0583710000000000040617,10.0,9.3,12.1,1.7,osrm_real
0583710000000000010730,1.2,1.2,4.0,13.7,osrm_real
0504520030201800010113,11.4,11.3,11.7,48.1,osrm_real
0504510000000000080627,2.6,1.6,5.9,38.1,osrm_real
0504510000000000070406,0.7,1.7,0.9,38.1,osrm_real
0583710000000000010514,1.0,1.3,2.2,14.5,osrm_real
0583710000000000020807,2.6,2.4,4.7,13.5,osrm_real
0583710000000000040706,2.9,1.7,5.3,9.3,osrm_real
0504510000000000100604,4.1,3.0,6.0,44.3,osrm_real
0504510000000000050122,1.8,1.7,2.6,41.0,osrm_real
0504510000000000010421,0.7,1.2,4.0,39.1,osrm_real
0504510000000000030214,1.3,1.7,2.9,39.3,osrm_real
0504510000000000040413,1.0,0.9,3.0,40.9,osrm_real
0504510000000000070211,1.3,1.3,0.6,39.3,osrm_real
0504510000000000100235,4.2,3.1,6.1,44.4,osrm_real
0504510000000000100101,3.2,2.1,5.1,43.4,osrm_real
0504510000000000100212,4.0,2.9,5.9,44.2,osrm_real
0504510000000000010505,2.3,2.7,3.4,38.2,osrm_real
0583710000000000020506,0.5,0.5,2.7,12.1,osrm_real
0504510000000000040311,1.2,0.9,3.5,41.4,osrm_real
0514720011200300010122,30.9,38.1,29.2,79.6,osrm_real
0514720011200300010124,30.4,37.6,28.7,79.0,osrm_real
0514720010400500010105,13.8,13.8,24.6,66.2,osrm_real
0514720010400800010101,13.8,13.8,24.6,66.2,osrm_real
0514720011500900010105,76.1,75.9,58.4,108.7,osrm_real
0514720010501100010101,28.3,28.3,39.1,80.6,osrm_real
0517220100601300010101,24.2,30.2,16.5,71.6,osrm_real
0514720010401500010104,18.4,18.4,29.2,70.7,osrm_real
0583720200100700010107,102.1,102.1,115.1,124.8,osrm_real
0504520020301700010104,6.6,4.5,12.0,46.6,osrm_real
0566520040701400010101,44.9,44.9,45.0,175.1,osrm_real
0583720090104100010104,4.8,4.8,7.1,15.9,osrm_real
0583710000000000030507,1.0,1.4,2.2,14.5,osrm_real
0504510000000000020533,0.3,0.5,3.4,38.5,osrm_real
0583710000000000040170,1.0,0.4,2.9,10.9,osrm_real
0504510000000000060306,0.6,0.6,1.8,39.4,osrm_real
0583710000000000040147,1.7,1.3,4.0,10.1,osrm_real
0583710000000000030603,1.9,1.6,2.9,15.3,osrm_real
0583710000000000040111,0.7,0.9,2.5,12.2,osrm_real
0504510000000000050118,1.0,1.2,2.6,40.5,osrm_real
0504510000000000100202,4.0,2.9,5.9,44.3,osrm_real
0583710000000000020126,1.6,1.3,4.4,14.1,osrm_real
0583710000000000050508,3.8,3.8,6.6,16.3,osrm_real
0583720090303400010101,2.0,2.0,4.3,13.1,osrm_real
0583710000000000020704,0.6,1.0,3.3,12.3,osrm_real
0583710000000000040163,5.1,2.5,7.4,7.3,osrm_real
0504510000000000070606,0.7,1.7,2.1,40.0,osrm_real
0504520010201000010111,3.7,4.5,4.6,34.9,osrm_real
0583710000000000050303,4.0,4.0,6.8,16.4,osrm_real
0583710000000000030436,1.6,0.8,1.0,14.6,osrm_real
0504510000000000020318,0.4,1.0,2.6,37.7,osrm_real
0583720090104100010203,3.1,3.1,5.4,14.2,osrm_real
0504510000000000050221,1.9,1.6,2.8,41.2,osrm_real
0504510000000000020525,0.8,1.0,3.7,38.8,osrm_real
0504510000000000080603,2.9,2.0,6.2,38.4,osrm_real
0583710000000000010621,1.3,0.5,3.7,13.8,osrm_real
0504510000000000060404,1.1,1.1,1.9,39.6,osrm_real
0583710000000000030826,4.8,4.5,5.8,18.2,osrm_real
0583710000000000020502,0.7,0.7,3.0,12.3,osrm_real
0504510000000000040303,1.4,0.9,3.5,41.4,osrm_real
0504510000000000070201,1.1,1.1,0.5,39.2,osrm_real
0504510000000000090501,3.3,1.8,5.0,43.4,osrm_real
0504510000000000080126,1.5,2.1,2.4,36.8,osrm_real
0504510000000000050404,2.3,1.0,3.5,41.9,osrm_real
0583710000000000030602,1.7,1.3,2.6,15.0,osrm_real
0504510000000000080632,2.4,1.4,5.7,37.9,osrm_real
0504510000000000060420,0.9,0.9,1.4,39.8,osrm_real
0504510000000000030104,2.5,2.0,3.4,39.8,osrm_real
0504510000000000020504,0.3,1.3,3.0,38.1,osrm_real
0504510000000000020209,0.4,0.4,2.2,37.9,osrm_real
0504510000000000090212,2.5,0.4,4.2,42.5,osrm_real
0504510000000000020417,0.3,1.5,3.1,38.2,osrm_real
0504510000000000010211,1.6,3.1,2.4,37.5,osrm_real
0504510000000000050310,0.9,0.5,2.9,40.8,osrm_real
0583710000000000040744,0.4,0.8,2.7,11.1,osrm_real
0504510000000000080324,1.4,0.4,4.6,38.1,osrm_real
0583710000000000050513,3.3,3.3,6.1,15.8,osrm_real
0504510000000000030527,0.2,1.5,1.4,39.3,osrm_real
0583710000000000040166,3.5,0.7,5.8,8.2,osrm_real
0583710000000000020303,0.3,1.1,3.7,12.8,osrm_real
0504510000000000090302,3.0,1.5,4.7,43.1,osrm_real
0583710000000000020613,0.7,0.7,3.0,12.0,osrm_real
0504510000000000010612,4.7,4.9,7.5,40.4,osrm_real
0583710000000000020809,2.5,2.4,4.6,13.4,osrm_real
0504510000000000090318,2.1,2.0,4.5,42.6,osrm_real
0504510000000000050205,1.9,1.6,2.9,41.2,osrm_real
0504510000000000100334,3.7,2.6,5.6,44.0,osrm_real
0504510000000000070409,0.8,1.2,0.7,38.7,osrm_real
0504510000000000070132,0.6,0.6,1.8,40.1,osrm_real
0583710000000000030230,1.5,1.0,2.3,14.7,osrm_real
0504510000000000090333,2.4,1.9,4.3,42.6,osrm_real
0504510000000000050415,2.4,1.1,3.3,41.7,osrm_real
0583710000000000030610,1.8,1.4,2.8,15.2,osrm_real
0504510000000000040203,1.5,1.1,3.6,41.6,osrm_real
0583710000000000010626,1.9,2.0,3.1,15.4,osrm_real
0504510000000000030103,2.7,4.5,3.6,40.0,osrm_real
0504510000000000090101,2.5,0.4,3.8,42.1,osrm_real
0583720090303400010102,2.4,2.4,4.6,13.4,osrm_real
0583710000000000050107,2.4,2.4,5.2,14.8,osrm_real
0504520010201000010107,5.3,5.3,5.4,35.0,osrm_real
0504510000000000050325,1.2,0.8,3.1,41.0,osrm_real
0583710000000000040405,0.4,0.4,2.7,11.3,osrm_real
0504510000000000100108,4.1,3.0,6.0,44.3,osrm_real
0583710000000000030313,1.0,0.5,1.0,14.0,osrm_real
0504510000000000070214,0.4,0.9,1.8,39.7,osrm_real
0583710000000000050137,2.5,2.5,5.3,14.9,osrm_real
0504510000000000060326,0.2,0.2,1.1,39.4,osrm_real
0504510000000000080518,0.6,1.5,5.7,39.6,osrm_real
0583710000000000040122,0.2,1.0,2.4,11.6,osrm_real
0583710000000000020313,0.4,1.5,3.8,12.8,osrm_real
0504510000000000080112,2.0,2.4,2.9,37.3,osrm_real
0583710000000000020128,1.8,1.5,4.6,14.0,osrm_real
0504510000000000020214,0.2,0.6,2.5,37.7,osrm_real
0504510000000000020212,0.0,1.3,2.6,37.7,osrm_real
0504510000000000060623,1.2,1.2,2.4,40.5,osrm_real
0583710000000000040801,6.7,6.3,9.0,5.4,osrm_real
0504510000000000050311,1.5,1.1,3.0,40.9,osrm_real
0504510000000000040740,2.1,1.3,3.9,42.2,osrm_real
0504510000000000010210,2.6,3.7,3.5,36.9,osrm_real
0504510000000000010624,4.5,4.7,7.2,39.3,osrm_real
0504520010201000010108,5.4,5.5,5.6,35.2,osrm_real
0583710000000000010508,0.4,1.1,2.3,14.1,osrm_real
0504510000000000020556,1.9,2.5,4.0,39.1,osrm_real
0504510000000000020422,0.4,1.4,2.8,37.9,osrm_real
0504510000000000100601,3.8,2.7,5.7,44.0,osrm_real
0504510000000000020105,0.6,1.2,3.8,38.9,osrm_real
0504510000000000010419,1.2,1.7,4.5,39.6,osrm_real
0504510000000000020626,0.9,1.1,4.1,39.3,osrm_real
0504510000000000070227,0.6,0.7,1.9,40.0,osrm_real
0504510000000000060102,1.2,2.4,2.2,37.4,osrm_real
0504510000000000080621,2.4,1.4,5.7,38.4,osrm_real
0504510000000000010605,4.3,4.4,7.0,38.5,osrm_real
0583710000000000040109,0.2,0.6,2.0,11.9,osrm_real
0504510000000000070407,0.8,1.5,0.8,38.4,osrm_real
0504510000000000030414,0.6,1.8,2.8,40.7,osrm_real
0583710000000000010443,2.7,2.6,5.5,14.7,osrm_real
0504510000000000090211,2.5,0.4,4.1,42.4,osrm_real
0583710000000000040414,1.3,1.2,3.6,11.6,osrm_real
0583710000000000030226,2.5,1.5,2.6,15.5,osrm_real
0504510000000000010302,2.0,2.1,3.7,38.0,osrm_real
0504510000000000050318,1.2,1.0,2.7,40.6,osrm_real
0504510000000000040132,1.8,1.2,2.8,41.1,osrm_real
0504510000000000010201,4.0,5.8,4.9,37.8,osrm_real
0504510000000000010424,1.5,2.1,4.9,39.8,osrm_real
0583710000000000040509,2.2,1.4,4.5,9.6,osrm_real
0504510000000000030529,0.8,1.8,1.9,39.9,osrm_real
0504510000000000080101,1.2,1.3,4.3,38.7,osrm_real
0583710000000000040119,0.9,0.8,2.6,11.3,osrm_real
0504510000000000030204,2.1,1.7,3.1,39.5,osrm_real
0504510000000000070225,0.5,0.5,1.7,40.1,osrm_real
0504510000000000060520,0.3,0.3,1.4,39.8,osrm_real
0583710000000000040413,0.5,0.5,2.8,11.8,osrm_real
0583710000000000040306,1.1,1.1,1.5,12.9,osrm_real
0583710000000000040312,1.1,1.1,2.3,12.5,osrm_real
0504510000000000040408,0.5,0.5,3.1,41.0,osrm_real
0583710000000000030525,1.0,1.5,2.1,14.5,osrm_real
0504510000000000040703,1.7,1.1,3.4,41.8,osrm_real
0504510000000000010407,1.2,1.8,4.6,39.7,osrm_real
0504510000000000080302,1.8,0.8,5.0,37.5,osrm_real
0583710000000000040156,1.1,0.8,3.3,10.5,osrm_real
0504510000000000090416,1.5,1.5,4.1,42.0,osrm_real
0583710000000000040410,1.3,1.3,2.0,12.2,osrm_real
0504510000000000060215,0.2,1.6,1.5,38.7,osrm_real
0583720090104100010202,3.2,3.2,5.5,14.3,osrm_real
0583710000000000050525,3.4,3.4,6.2,15.8,osrm_real
0504510000000000030113,1.6,1.1,2.5,38.9,osrm_real
0504510000000000020607,0.3,0.4,3.4,38.6,osrm_real
0504510000000000020612,0.8,0.4,3.9,39.1,osrm_real
0504510000000000080313,1.8,0.8,4.8,37.8,osrm_real
0583710000000000030735,5.0,4.7,6.0,18.4,osrm_real
0583710000000000010507,0.5,1.1,2.5,14.1,osrm_real
0583710000000000030401,0.7,0.4,0.2,13.8,osrm_real
0504510000000000030517,0.7,1.3,1.3,39.2,osrm_real
0504510000000000010606,4.2,4.4,6.9,38.2,osrm_real
0583710000000000050132,2.6,2.6,5.4,15.0,osrm_real
0504510000000000070716,1.5,1.5,2.7,41.0,osrm_real
0504510000000000030412,0.4,1.6,2.3,40.2,osrm_real
0583710000000000010132,1.6,1.6,4.4,14.0,osrm_real
0504510000000000040625,0.7,1.0,4.3,42.2,osrm_real
0504510000000000090406,1.8,1.8,4.4,42.3,osrm_real
0504510000000000010311,1.7,2.2,2.6,37.4,osrm_real
0583710000000000030628,3.2,2.9,4.2,16.6,osrm_real
0504510000000000060618,0.6,0.6,1.8,40.1,osrm_real
0504510000000000070303,0.9,0.9,0.5,39.3,osrm_real
0504510000000000080309,1.9,0.8,4.7,37.9,osrm_real
0504510000000000080205,1.0,0.5,4.7,38.5,osrm_real
0514720010601400010112,14.9,14.9,15.2,56.8,osrm_real
0583710000000000030614,2.7,2.4,3.8,16.2,osrm_real
0583710000000000040204,0.4,0.7,0.8,13.0,osrm_real
0583710000000000030617,2.3,2.0,3.4,15.8,osrm_real
0504510000000000070402,0.4,1.9,1.2,37.9,osrm_real
0504510000000000070517,1.4,1.1,2.3,40.6,osrm_real
0583720090104100010214,2.3,2.3,4.6,13.4,osrm_real
0504510000000000090306,2.6,1.6,4.4,42.8,osrm_real
0583710000000000030501,1.2,1.3,2.1,14.5,osrm_real
0583710000000000010225,0.6,0.6,3.4,13.0,osrm_real
0504510000000000010306,2.4,2.6,3.3,37.6,osrm_real
0504510000000000090218,2.4,0.7,4.1,42.5,osrm_real
0504510000000000080610,2.4,1.4,5.7,37.9,osrm_real
0583710000000000040620,3.7,0.1,6.0,8.1,osrm_real
0583710000000000050219,3.5,3.5,6.3,15.9,osrm_real
0583710000000000030327,2.3,1.3,2.4,15.3,osrm_real
0583710000000000020121,1.8,1.5,4.6,14.0,osrm_real
0504510000000000020224,1.4,0.9,2.3,38.7,osrm_real
0504510000000000010501,2.3,2.7,3.3,38.0,osrm_real
0583710000000000020125,1.6,1.6,4.6,13.5,osrm_real
0504510000000000080422,1.3,1.4,4.9,39.2,osrm_real
0504510000000000080124,2.0,2.5,2.9,37.2,osrm_real
0504510000000000030620,1.3,2.3,1.5,39.4,osrm_real
0583710000000000030225,2.0,1.5,2.8,15.2,osrm_real
0504510000000000070705,1.5,1.5,2.7,41.0,osrm_real
0504510000000000060622,1.3,1.3,2.5,40.6,osrm_real
0504510000000000050324,1.3,1.0,3.5,41.4,osrm_real
0504510000000000100123,3.8,2.7,5.7,44.0,osrm_real
0514720011200300010102,31.8,39.0,30.0,80.4,osrm_real
0514720011200300010103,32.0,39.2,30.2,80.6,osrm_real
0514720010400400010102,13.1,13.1,23.9,65.5,osrm_real
0514720010400400010112,13.1,13.1,23.9,65.5,osrm_real
0514720010400500010131,14.3,14.3,25.1,66.6,osrm_real
0514720010400500010126,13.9,13.9,24.7,66.3,osrm_real
0514720011500900010104,76.0,75.9,58.4,108.7,osrm_real
0514720010501100010102,28.3,28.3,39.2,80.7,osrm_real
0514720010801200010107,6.7,6.3,6.3,47.9,osrm_real
0514720010801200010108,6.9,6.5,6.6,48.1,osrm_real
0514720010801200010109,6.5,6.1,6.2,47.7,osrm_real
0514720010601400010116,15.1,15.1,15.5,57.0,osrm_real
0565920010400800010112,6.3,6.3,7.1,102.8,osrm_real
0565920010400800010103,6.7,6.7,7.5,103.2,osrm_real
0504520020301700010102,6.0,3.9,11.4,46.0,osrm_real
0514720010401500010103,17.2,17.2,28.0,69.5,osrm_real
0566520040701400010104,44.0,44.0,44.0,174.5,osrm_real
0583720050403300010101,20.3,20.3,149.6,158.4,osrm_real
0504510000000000100312,2.7,2.2,4.5,42.9,osrm_real
0583720090104100010101,4.8,4.8,7.1,15.9,osrm_real
0504510000000000050313,1.4,1.3,2.9,40.8,osrm_real
0583710000000000020817,3.0,3.0,5.8,15.0,osrm_real
0583710000000000030824,4.4,4.1,5.4,17.8,osrm_real
0504510000000000100207,4.3,3.2,6.2,44.5,osrm_real
0504510000000000020301,0.4,1.1,3.0,38.1,osrm_real
0504510000000000100104,3.6,2.5,5.5,43.8,osrm_real
0504510000000000050312,1.4,1.3,2.9,40.8,osrm_real
0583710000000000020604,0.7,0.8,3.1,12.2,osrm_real
0504510000000000070622,0.9,1.5,2.3,40.2,osrm_real
0583710000000000040734,3.4,1.3,5.7,8.8,osrm_real
0504510000000000060515,0.3,0.3,1.5,39.9,osrm_real
0504510000000000060621,0.6,0.6,1.8,40.2,osrm_real
0504510000000000100406,5.7,5.0,7.6,45.9,osrm_real
0504510000000000040304,1.3,0.8,3.4,41.3,osrm_real
0504510000000000030312,0.4,2.1,2.5,40.5,osrm_real
0583710000000000040158,0.8,0.6,2.7,11.1,osrm_real
0504510000000000060424,0.6,0.6,1.8,40.0,osrm_real
0583710000000000010439,2.0,1.9,4.8,14.5,osrm_real
0583710000000000030714,3.1,2.8,4.1,16.5,osrm_real
0504510000000000020307,1.0,0.5,2.2,38.3,osrm_real
0583710000000000050516,3.4,3.4,6.2,15.8,osrm_real
0504510000000000010123,1.8,1.9,4.5,38.8,osrm_real
0504510000000000080412,0.6,0.6,5.1,38.7,osrm_real
0504510000000000090331,2.7,2.2,4.5,42.9,osrm_real
0504510000000000080608,2.5,1.5,5.7,36.7,osrm_real
0583710000000000040153,1.7,1.3,4.0,10.1,osrm_real
0583710000000000030435,1.6,0.8,1.0,14.6,osrm_real
0504510000000000100404,5.8,5.2,7.7,46.1,osrm_real
0583710000000000040502,1.5,1.5,3.9,10.5,osrm_real
0504510000000000100504,4.5,3.9,6.4,44.8,osrm_real
0583710000000000010722,1.2,1.2,4.0,13.7,osrm_real
0504510000000000020320,0.6,1.1,2.3,37.4,osrm_real
0504510000000000020561,0.4,1.1,3.0,38.1,osrm_real
0504510000000000080318,1.7,0.7,4.7,37.9,osrm_real
0583710000000000030719,3.5,3.2,4.5,16.9,osrm_real
0504510000000000060418,0.3,0.3,1.3,39.6,osrm_real
0583710000000000020113,1.5,1.2,4.3,14.0,osrm_real
0583710000000000030406,1.0,0.8,0.3,14.1,osrm_real
0583710000000000040169,1.2,0.8,3.6,10.3,osrm_real
0504510000000000040402,0.2,0.2,3.3,41.2,osrm_real
0583710000000000030704,3.4,3.1,4.4,16.8,osrm_real
0504510000000000080421,0.5,1.2,5.2,39.3,osrm_real
0504510000000000060208,0.5,1.5,1.7,38.4,osrm_real
0504510000000000020520,0.3,0.9,3.2,38.3,osrm_real
0504510000000000010221,0.8,2.0,1.9,37.1,osrm_real
0504510000000000040319,0.7,0.4,2.8,40.7,osrm_real
0583710000000000010506,0.6,1.1,2.6,14.2,osrm_real
0583710000000000030303,1.1,0.8,1.4,14.2,osrm_real
0504510000000000070425,0.3,2.0,1.4,38.1,osrm_real
0583710000000000020127,1.9,1.7,4.9,13.8,osrm_real
0504510000000000070317,1.1,1.4,0.7,38.8,osrm_real
0583710000000000010715,2.3,2.3,5.1,14.8,osrm_real
0583710000000000030207,1.7,1.0,2.3,14.7,osrm_real
0504510000000000050403,2.3,0.6,3.6,42.0,osrm_real
0583710000000000050126,2.2,2.2,5.0,14.7,osrm_real
0504510000000000060503,1.2,1.2,2.4,40.0,osrm_real
0504510000000000040630,1.5,1.6,4.2,42.1,osrm_real
0583710000000000030101,0.9,1.0,2.7,12.4,osrm_real
0504510000000000050508,2.2,1.4,3.0,41.3,osrm_real
0583720090104100010120,4.8,4.8,7.1,15.9,osrm_real
0504510000000000020223,1.4,1.0,2.0,38.8,osrm_real
0583710000000000020412,0.5,1.3,3.5,12.6,osrm_real
0504510000000000100107,3.9,2.7,5.7,44.1,osrm_real
0583710000000000020120,1.5,1.1,4.3,13.8,osrm_real
0504510000000000080501,2.0,1.0,5.2,37.4,osrm_real
0583710000000000010308,0.3,1.2,2.1,13.4,osrm_real
0504510000000000080305,1.9,1.1,4.4,38.2,osrm_real
0504510000000000080317,1.5,0.3,4.3,38.2,osrm_real
0504510000000000090113,2.3,0.4,3.9,42.2,osrm_real
0504510000000000020114,0.3,1.0,3.1,38.3,osrm_real
0583710000000000020702,0.0,1.1,3.3,12.4,osrm_real
0504510000000000050224,1.6,1.4,2.6,41.0,osrm_real
0504510000000000040631,0.5,1.2,4.4,42.3,osrm_real
0583710000000000040411,0.7,0.7,2.9,11.8,osrm_real
0504510000000000090304,3.0,1.6,4.8,43.1,osrm_real
0504510000000000040713,1.9,1.3,3.6,41.9,osrm_real
0583720090104100010117,4.8,4.8,7.1,15.9,osrm_real
0583710000000000040404,0.4,0.2,2.7,11.5,osrm_real
0583720090104100010213,2.3,2.3,4.6,13.4,osrm_real
0504510000000000100313,2.7,2.2,4.6,43.0,osrm_real
0504510000000000100321,3.4,2.8,5.2,43.6,osrm_real
0583710000000000020110,0.8,0.8,4.0,13.3,osrm_real
0583710000000000050116,2.6,2.6,5.4,15.0,osrm_real
0504510000000000090223,2.3,1.1,4.1,42.4,osrm_real
0504510000000000080510,1.5,0.5,5.1,38.4,osrm_real
0504510000000000070307,0.9,0.9,0.3,39.0,osrm_real
0504510000000000080519,0.6,1.5,5.7,39.6,osrm_real
0504510000000000100611,4.4,3.7,6.2,44.6,osrm_real
0583710000000000030416,1.3,0.6,0.8,14.3,osrm_real
0504510000000000070301,1.1,1.1,0.4,38.8,osrm_real
0583710000000000030112,0.6,1.3,1.8,13.3,osrm_real
0583710000000000010409,1.9,1.7,4.7,14.3,osrm_real
0504510000000000100331,3.1,2.5,5.0,43.3,osrm_real
0583710000000000020815,3.3,3.3,6.1,15.3,osrm_real
0583710000000000040535,1.1,0.8,3.2,10.8,osrm_real
0583710000000000030605,2.3,2.0,3.3,15.7,osrm_real
0504510000000000050302,1.5,1.1,3.4,41.3,osrm_real
0583710000000000040551,0.9,0.7,3.1,11.5,osrm_real
0583710000000000010304,1.4,0.8,2.9,13.6,osrm_real
0504510000000000040213,1.7,1.2,3.8,41.7,osrm_real
0504510000000000090417,1.3,1.3,3.9,41.9,osrm_real
0514720011200300010106,31.6,38.8,29.9,80.2,osrm_real
0514720011200300010112,32.0,39.2,30.2,80.6,osrm_real
0514720010400500010122,14.3,14.3,25.1,66.6,osrm_real
0514720010800600010102,5.7,4.8,5.4,46.9,osrm_real
0514720010400800010106,13.8,13.8,24.7,66.2,osrm_real
0514720011500900010106,75.9,75.8,58.2,108.5,osrm_real
0514720010601400010106,15.1,15.1,15.4,57.0,osrm_real
0565920020600700010103,25.4,25.4,26.3,121.9,osrm_real
0504520020301700010105,7.2,5.1,12.6,47.2,osrm_real
0583710000000000010719,1.6,1.6,4.4,14.1,osrm_real
0504510000000000020216,0.7,0.2,2.5,38.0,osrm_real
0583710000000000040418,0.9,0.5,2.9,11.5,osrm_real
0583710000000000030445,1.8,1.0,1.2,14.8,osrm_real
0504510000000000020604,0.4,0.1,3.5,38.6,osrm_real
0504510000000000100213,4.2,3.0,6.0,44.4,osrm_real
0583710000000000010444,2.4,2.4,5.2,14.8,osrm_real
0504510000000000030110,1.5,1.1,2.5,38.9,osrm_real
0504510000000000100134,3.9,2.7,5.7,44.1,osrm_real
0504510000000000080202,1.4,0.6,4.5,38.4,osrm_real
0504510000000000040130,2.0,1.3,3.0,41.4,osrm_real
0504510000000000080201,1.5,0.5,4.3,38.2,osrm_real
0504510000000000010711,5.9,5.4,8.6,37.2,osrm_real
0504520030201800010103,10.4,10.3,10.6,47.0,osrm_real
0504510000000000070621,0.6,1.5,1.8,39.8,osrm_real
0504510000000000040412,0.9,0.9,2.7,40.6,osrm_real
0583710000000000050217,3.6,3.6,6.5,16.1,osrm_real
0504510000000000010129,3.2,3.3,5.9,40.2,osrm_real
0504510000000000060219,0.0,1.4,1.4,38.6,osrm_real
0583710000000000030608,2.3,1.9,3.3,15.7,osrm_real
0504510000000000090215,2.0,0.8,3.7,42.1,osrm_real
0504510000000000100308,3.1,2.6,5.0,43.3,osrm_real
0583710000000000040714,0.8,0.9,3.1,10.8,osrm_real
0504510000000000040632,0.7,1.0,4.3,42.2,osrm_real
0504510000000000050107,1.5,1.7,2.7,41.0,osrm_real
0504510000000000030306,0.2,1.7,2.2,40.1,osrm_real
0504510000000000090310,2.5,1.4,4.2,42.6,osrm_real
0504510000000000010404,1.7,2.3,4.9,39.3,osrm_real
0583710000000000030306,1.5,0.8,1.7,14.5,osrm_real
0504510000000000020543,0.2,0.8,2.8,37.9,osrm_real
0504510000000000040138,1.8,1.4,3.1,41.5,osrm_real
0583710000000000040150,4.5,1.9,6.8,7.1,osrm_real
0504510000000000090412,1.5,1.5,4.1,42.0,osrm_real
0583710000000000050226,3.8,3.8,6.6,16.3,osrm_real
0504510000000000040601,0.5,0.5,3.8,41.7,osrm_real
0504510000000000020624,1.1,1.1,4.4,39.5,osrm_real
0583710000000000040215,0.6,0.3,2.3,11.6,osrm_real
0514720010601400010114,14.8,14.8,15.1,56.7,osrm_real
0583710000000000040218,0.7,0.1,2.5,11.3,osrm_real
0583710000000000030325,2.0,0.7,2.1,15.0,osrm_real
0504510000000000010139,3.9,4.1,6.7,40.7,osrm_real
0504510000000000010709,5.7,5.6,8.4,37.5,osrm_real
0504510000000000050401,2.5,1.2,3.3,41.7,osrm_real
0583710000000000010617,1.6,1.0,4.2,14.1,osrm_real
0504510000000000020524,0.3,0.6,3.3,38.4,osrm_real
0583710000000000010215,0.9,0.9,2.6,12.9,osrm_real
0504510000000000080612,2.8,1.9,6.2,38.4,osrm_real
0583710000000000040125,5.9,2.7,8.2,5.6,osrm_real
0583710000000000050121,2.7,2.7,5.5,15.2,osrm_real
0504510000000000080616,2.8,1.8,6.1,38.3,osrm_real
0504510000000000050509,1.9,1.5,2.7,41.0,osrm_real
0583710000000000020612,0.4,0.4,2.6,11.8,osrm_real
0504510000000000040517,1.0,1.0,4.1,42.0,osrm_real
0504510000000000040507,0.6,0.6,3.9,41.8,osrm_real
0504510000000000020609,0.5,0.2,3.6,38.8,osrm_real
0504510000000000030211,0.8,1.2,3.2,38.9,osrm_real
0504510000000000090205,2.8,0.8,4.5,42.9,osrm_real
0504510000000000090122,2.1,0.8,3.7,42.0,osrm_real
0504510000000000040510,0.7,0.7,3.9,41.8,osrm_real
0504510000000000010509,0.3,2.4,1.5,37.5,osrm_real
0504510000000000060630,1.1,1.1,2.3,40.0,osrm_real
0583710000000000010120,1.7,1.7,4.5,14.2,osrm_real
0504510000000000090221,2.3,1.0,4.0,42.4,osrm_real
0583710000000000030621,2.9,2.7,3.9,16.3,osrm_real
0504510000000000070219,0.3,1.2,1.5,39.4,osrm_real
0583710000000000030726,3.7,3.4,4.7,17.1,osrm_real
0504510000000000010136,3.7,3.9,6.4,39.4,osrm_real
0504510000000000070417,1.3,1.5,0.5,38.8,osrm_real
0504510000000000070204,0.6,0.6,1.8,40.1,osrm_real
0504510000000000050306,1.3,0.9,3.2,41.1,osrm_real
0504510000000000030507,0.9,2.1,2.3,40.2,osrm_real
0504510000000000080620,2.2,1.3,5.5,38.2,osrm_real
0583710000000000030812,4.4,4.1,5.4,17.8,osrm_real
0583710000000000010315,1.4,0.6,3.3,14.2,osrm_real
0504510000000000020310,1.2,0.7,2.1,38.5,osrm_real
0504510000000000080701,1.2,2.4,6.6,40.5,osrm_real
0583710000000000030627,3.1,2.8,4.2,16.6,osrm_real
0504510000000000030220,0.8,1.3,3.4,38.9,osrm_real
0583710000000000020708,0.6,0.8,3.1,12.0,osrm_real
0583710000000000020810,3.0,2.9,5.1,14.0,osrm_real
0583710000000000040523,0.8,0.4,2.8,11.0,osrm_real
0583720090104100010211,2.6,2.6,4.9,13.7,osrm_real
0504510000000000060212,0.2,1.2,1.4,38.8,osrm_real
0504510000000000040623,0.4,1.1,4.2,42.1,osrm_real
0504510000000000090220,2.3,1.0,4.0,42.4,osrm_real
0504510000000000030703,1.5,2.2,3.6,40.0,osrm_real
0504510000000000070117,0.2,1.0,1.9,39.8,osrm_real
0504510000000000070435,0.8,2.0,1.2,38.4,osrm_real
0504510000000000100333,3.7,2.6,5.6,44.0,osrm_real
0583710000000000050220,3.4,3.4,6.2,15.8,osrm_real
0504510000000000070614,0.9,1.4,2.3,40.3,osrm_real
0583710000000000030102,0.7,1.1,2.5,12.5,osrm_real
0583710000000000010134,2.1,2.1,4.9,14.6,osrm_real
0583710000000000030823,4.1,3.8,5.1,17.5,osrm_real
0583710000000000040120,0.8,0.8,2.6,11.2,osrm_real
0504510000000000010315,2.0,2.5,2.9,37.6,osrm_real
0583710000000000010612,0.9,0.9,3.8,13.4,osrm_real
0504510000000000060118,0.9,2.0,1.5,38.1,osrm_real
0583710000000000040710,2.4,2.0,4.7,9.9,osrm_real
0583710000000000030529,1.0,1.2,1.8,14.2,osrm_real
0583710000000000040536,1.1,0.8,3.2,10.8,osrm_real
0583710000000000030810,4.8,4.5,5.8,18.2,osrm_real
0583710000000000010314,1.0,0.6,2.9,14.1,osrm_real
0504510000000000070426,0.3,2.1,1.1,37.9,osrm_real
0504510000000000020220,0.9,0.7,2.3,38.2,osrm_real
0504510000000000040302,1.1,0.6,3.2,41.1,osrm_real
0504510000000000080505,1.6,0.6,4.9,37.7,osrm_real
0583710000000000040716,0.7,0.7,3.1,10.7,osrm_real
0583710000000000030319,0.6,1.5,1.8,14.1,osrm_real
0504510000000000040622,0.3,1.0,4.1,42.0,osrm_real
0583710000000000010105,1.0,1.0,3.8,13.5,osrm_real
0504510000000000040720,1.9,1.1,3.7,42.0,osrm_real
0583710000000000030415,1.0,0.3,0.6,14.1,osrm_real
0583710000000000040131,4.4,1.5,6.7,7.1,osrm_real
0583710000000000040722,1.4,0.9,3.8,11.6,osrm_real
0583710000000000040705,2.8,1.5,5.1,9.3,osrm_real
0583710000000000020102,1.0,0.6,3.9,13.5,osrm_real
0504510000000000030327,0.7,1.3,2.1,40.0,osrm_real
0504510000000000060521,0.7,0.7,1.9,40.2,osrm_real
0583710000000000040724,2.6,2.2,4.9,10.3,osrm_real
0504510000000000050110,1.3,1.5,2.9,40.8,osrm_real
0583710000000000040720,1.3,0.7,3.7,11.4,osrm_real
0504510000000000020549,0.6,1.8,3.8,39.0,osrm_real
0504510000000000080113,2.1,2.4,3.0,37.3,osrm_real
0504510000000000020316,1.1,0.3,2.6,38.4,osrm_real
0583710000000000040504,2.1,1.9,4.4,10.2,osrm_real
0504510000000000060422,0.4,0.4,1.4,39.7,osrm_real
0583710000000000030701,2.6,2.3,3.6,16.0,osrm_real
0583710000000000030103,0.4,0.9,2.3,12.8,osrm_real
0504510000000000070124,0.4,1.4,1.7,39.6,osrm_real
0504510000000000010712,5.4,5.1,8.1,37.0,osrm_real
0504510000000000060122,0.6,2.0,1.4,37.9,osrm_real
0583710000000000010605,1.7,0.6,3.7,14.1,osrm_real
0504510000000000060632,1.1,1.1,2.3,40.1,osrm_real
0504510000000000070721,1.2,1.2,2.4,40.7,osrm_real
0583710000000000050307,4.1,4.1,6.9,16.6,osrm_real
0504510000000000070133,0.3,0.3,1.5,39.9,osrm_real
0583710000000000020706,0.5,0.8,3.1,12.1,osrm_real
0504510000000000020221,1.3,1.0,1.3,38.8,osrm_real
0504510000000000040614,0.3,0.5,3.8,41.8,osrm_real
0583710000000000010201,0.6,0.6,3.4,13.1,osrm_real
0583710000000000040103,0.3,0.7,2.1,12.0,osrm_real
0504510000000000060103,1.2,2.2,2.1,37.4,osrm_real
0504510000000000030227,1.3,1.9,3.2,39.4,osrm_real
0583710000000000010602,1.2,0.9,3.9,13.6,osrm_real
0504510000000000030120,3.5,1.8,3.2,39.6,osrm_real
0583710000000000050221,3.4,3.4,6.2,15.8,osrm_real
0504510000000000030503,0.7,1.8,1.9,39.9,osrm_real
0504510000000000020527,0.3,1.0,3.7,38.9,osrm_real
0504510000000000100122,3.8,2.7,5.7,44.0,osrm_real
0583710000000000010714,1.8,1.8,4.6,14.3,osrm_real
0504510000000000100215,4.2,3.1,6.1,44.5,osrm_real
0583710000000000050127,2.7,2.7,5.5,15.1,osrm_real
0504510000000000020501,0.5,0.6,3.2,38.4,osrm_real
0504510000000000040115,1.6,1.1,3.4,41.6,osrm_real
0504510000000000020416,0.5,1.5,2.9,38.0,osrm_real
0504510000000000040633,0.7,0.9,4.2,42.1,osrm_real
0504510000000000090216,2.1,0.9,3.9,42.2,osrm_real
0504510000000000050319,1.2,0.8,2.9,40.8,osrm_real
0504510000000000020319,1.0,1.2,2.7,37.8,osrm_real
0504510000000000060210,0.5,1.1,1.6,38.6,osrm_real
0583710000000000020703,0.0,1.1,3.3,12.4,osrm_real
0514720011200300010120,31.5,38.7,29.7,80.1,osrm_real
0583710000000000030722,3.4,3.1,4.4,16.8,osrm_real
0504510000000000100131,3.8,2.7,5.7,44.1,osrm_real
0504510000000000010132,3.2,3.3,5.9,39.6,osrm_real
0504510000000000050116,1.2,1.3,2.6,40.5,osrm_real
0504510000000000070712,1.1,1.1,2.3,40.7,osrm_real
0504510000000000030614,1.0,1.9,1.2,39.1,osrm_real
0504510000000000010517,0.2,1.6,2.0,37.2,osrm_real
0583710000000000050138,2.6,2.6,5.4,15.0,osrm_real
0504510000000000100306,3.0,2.5,4.9,43.2,osrm_real
0504510000000000060817,0.4,1.5,1.2,38.6,osrm_real
0583710000000000020132,1.6,1.2,4.5,13.8,osrm_real
0504510000000000070707,1.6,1.6,2.8,41.2,osrm_real
0504510000000000010409,0.6,1.1,3.9,39.0,osrm_real
0504510000000000030519,0.5,1.4,1.3,39.2,osrm_real
0583710000000000040505,2.0,1.6,4.5,10.2,osrm_real
0504510000000000030615,1.0,2.0,1.2,39.1,osrm_real
0504510000000000050315,1.3,0.9,3.0,40.9,osrm_real
0583710000000000020803,1.9,1.9,4.2,13.0,osrm_real
0504510000000000070310,1.3,1.3,0.4,38.9,osrm_real
0583710000000000020319,1.0,0.9,4.1,13.3,osrm_real
0504510000000000080104,1.3,1.4,4.2,38.6,osrm_real
0583710000000000040314,0.0,0.5,2.0,12.7,osrm_real
0504510000000000020313,1.3,0.8,2.2,38.6,osrm_real
0504510000000000010130,1.7,1.9,4.1,38.5,osrm_real
0504510000000000030304,0.3,2.0,2.1,40.0,osrm_real
0504510000000000040607,0.4,0.9,3.7,41.6,osrm_real
0583710000000000040530,1.7,1.7,4.1,10.6,osrm_real
0504510000000000080304,2.1,1.0,4.6,38.0,osrm_real
0583710000000000050131,2.6,2.6,5.4,15.0,osrm_real
0504510000000000020605,0.6,0.5,3.5,38.6,osrm_real
0583710000000000020408,0.6,0.6,2.9,12.6,osrm_real
0504510000000000060818,0.6,1.5,1.2,38.5,osrm_real
0504510000000000030201,2.2,1.8,3.1,39.6,osrm_real
0504510000000000010518,1.1,1.8,1.3,38.6,osrm_real
0504510000000000030311,0.4,2.0,2.5,40.4,osrm_real
0504510000000000030317,0.6,2.2,2.7,40.7,osrm_real
0514720011200300010101,31.9,39.0,30.1,80.5,osrm_real
0514720010400400010104,13.1,13.1,23.9,65.5,osrm_real
0514720010400500010115,13.7,13.7,24.5,66.1,osrm_real
0514720010400500010121,13.9,13.9,24.7,66.3,osrm_real
0514720010400500010128,14.3,14.3,25.1,66.6,osrm_real
0514720010400800010102,13.6,13.6,24.4,65.9,osrm_real
0514720010601400010107,15.2,15.2,15.5,57.1,osrm_real
0517220100601300010102,24.3,30.3,16.5,71.7,osrm_real
0583720050403300010104,20.7,20.7,149.9,158.7,osrm_real
0565920010400800010110,6.2,6.2,7.0,102.7,osrm_real
0565920010400800010104,7.9,7.9,8.2,103.9,osrm_real
0505120040101900010101,71.0,71.0,60.4,158.0,osrm_real
0504510000000000010134,3.6,3.8,6.4,40.3,osrm_real
0504510000000000050207,1.9,1.6,3.1,41.4,osrm_real
0504510000000000100603,4.0,2.9,5.9,44.2,osrm_real
0583710000000000010440,2.4,2.4,5.2,14.7,osrm_real
0583710000000000030601,1.5,1.2,2.5,14.9,osrm_real
0504510000000000070437,0.8,1.6,1.0,38.2,osrm_real
0583710000000000050224,3.4,3.4,6.2,15.8,osrm_real
0504510000000000020312,1.4,0.9,2.3,38.7,osrm_real
0504510000000000020113,0.7,1.3,3.2,38.4,osrm_real
0504510000000000070702,1.4,1.4,2.6,40.7,osrm_real
0504510000000000100332,3.6,2.5,5.4,43.8,osrm_real
0504510000000000030216,1.7,1.9,3.3,39.7,osrm_real
0504510000000000010219,2.0,3.4,2.9,37.9,osrm_real
0583710000000000030228,2.6,2.1,3.4,15.8,osrm_real
0504510000000000040411,0.9,0.8,2.9,40.8,osrm_real
0583710000000000020129,2.0,1.8,5.0,13.9,osrm_real
0504510000000000080306,1.9,1.1,4.3,38.2,osrm_real
0504510000000000070104,0.9,0.9,2.1,40.5,osrm_real
0583710000000000020601,0.6,1.2,3.4,12.4,osrm_real
0504510000000000020528,0.4,0.3,3.3,38.4,osrm_real
0583710000000000030504,1.1,1.3,2.0,14.3,osrm_real
0583710000000000050205,3.6,3.6,6.4,16.1,osrm_real
0504510000000000060802,0.9,1.1,1.6,38.7,osrm_real
0504510000000000100612,4.3,3.2,6.2,44.5,osrm_real
0504510000000000060808,1.1,1.1,1.1,39.1,osrm_real
0504510000000000090508,2.7,1.2,4.5,42.8,osrm_real
0504510000000000010514,0.9,1.5,3.5,38.6,osrm_real
0583710000000000020812,4.4,4.3,6.5,15.4,osrm_real
0504510000000000080116,2.0,2.4,2.9,37.2,osrm_real
0504510000000000060629,0.6,0.6,1.8,40.2,osrm_real
0504510000000000080417,0.2,1.0,5.2,39.1,osrm_real
0504510000000000020210,0.3,1.2,2.5,37.6,osrm_real
0504510000000000030213,1.2,1.8,3.2,39.4,osrm_real
0504510000000000010414,1.6,2.1,4.9,39.5,osrm_real
0583710000000000030607,2.6,2.2,3.6,16.0,osrm_real
0583710000000000030733,3.2,2.9,4.2,16.6,osrm_real
0504510000000000050104,1.5,1.7,2.7,41.0,osrm_real
0583710000000000020505,0.8,0.8,2.6,12.2,osrm_real
0504510000000000090401,1.8,1.8,4.4,42.3,osrm_real
0583710000000000030806,4.0,3.7,5.0,17.4,osrm_real
0583710000000000040213,1.1,1.1,2.2,11.7,osrm_real
0583710000000000040159,1.1,0.8,2.5,11.5,osrm_real
0504510000000000080117,1.8,2.2,2.7,37.0,osrm_real
0583710000000000030316,0.6,1.6,1.8,14.1,osrm_real
0504510000000000080109,2.8,2.6,3.6,38.0,osrm_real
0583710000000000040173,4.5,1.9,6.9,7.1,osrm_real
0504510000000000100326,3.6,2.5,5.5,43.9,osrm_real
0583720090104100010118,4.8,4.8,7.1,15.9,osrm_real
0583710000000000020605,0.6,0.6,2.8,11.9,osrm_real
0504510000000000060401,1.0,1.0,1.9,39.5,osrm_real
0583720090104100010110,2.3,2.3,4.6,13.4,osrm_real
0504510000000000020518,0.1,0.2,3.1,38.3,osrm_real
0504510000000000040506,0.5,0.5,3.8,41.7,osrm_real
0504510000000000010623,4.7,4.9,7.4,39.0,osrm_real
0504510000000000080504,1.8,0.8,5.1,37.5,osrm_real
0504510000000000080631,2.8,1.8,6.1,38.3,osrm_real
0504510000000000030522,0.4,1.6,1.8,39.7,osrm_real
0504510000000000080111,2.2,2.2,3.1,37.4,osrm_real
0504510000000000070110,0.6,0.8,2.1,40.2,osrm_real
0504510000000000080213,0.9,0.8,4.8,38.8,osrm_real
0565910000000000010223,0.8,0.8,0.5,98.3,osrm_real
0504510000000000020555,0.7,2.4,3.8,38.9,osrm_real
0504510000000000100410,5.6,5.0,7.5,45.8,osrm_real
0504510000000000040634,0.4,1.1,4.4,42.3,osrm_real
0583710000000000040511,2.5,1.6,4.8,9.8,osrm_real
0583710000000000030821,4.6,4.3,5.6,18.0,osrm_real
0504510000000000060614,1.0,1.0,2.2,40.6,osrm_real
0583710000000000020413,0.6,1.6,3.8,12.7,osrm_real
0504510000000000050511,1.8,1.7,2.6,41.0,osrm_real
0583710000000000030111,0.3,1.0,1.1,13.7,osrm_real
0504510000000000040206,1.8,1.5,4.1,42.0,osrm_real
0504510000000000070524,1.3,0.9,2.1,40.5,osrm_real
0583710000000000050112,2.2,2.2,5.0,14.7,osrm_real
0504510000000000100218,4.2,3.1,6.1,44.5,osrm_real
0583710000000000030814,3.9,3.6,4.9,17.3,osrm_real
0583710000000000040733,3.4,1.3,5.7,8.8,osrm_real
0504510000000000010110,3.0,3.2,5.7,40.1,osrm_real
0504510000000000010715,5.6,4.9,8.4,36.8,osrm_real
0504510000000000060419,0.8,0.8,1.2,39.6,osrm_real
0583710000000000050518,4.0,4.0,6.8,16.4,osrm_real
0583720090104100010116,4.8,4.8,7.1,15.9,osrm_real
0504510000000000100220,4.1,3.0,6.0,44.3,osrm_real
0504510000000000060813,0.4,1.2,1.1,38.9,osrm_real
0583710000000000050411,3.4,3.4,6.2,15.8,osrm_real
0583710000000000020310,0.7,1.5,3.8,12.7,osrm_real
0504510000000000050411,2.2,0.8,3.5,41.8,osrm_real
0583710000000000030204,2.6,1.9,3.2,15.6,osrm_real
0583710000000000040723,2.3,1.9,4.7,9.8,osrm_real
0583710000000000050124,2.4,2.4,5.2,14.8,osrm_real
0504510000000000030709,2.6,4.3,4.7,41.1,osrm_real
0504510000000000040712,1.8,1.2,3.5,41.9,osrm_real
0504510000000000010317,1.9,2.4,2.8,37.5,osrm_real
0583710000000000010614,1.1,0.8,3.8,13.5,osrm_real
0504510000000000090106,2.3,0.3,3.9,42.2,osrm_real
0504510000000000100222,3.9,2.8,5.8,44.1,osrm_real
0504510000000000040216,1.6,1.1,3.7,41.6,osrm_real
0583710000000000010732,1.0,1.0,3.8,13.5,osrm_real
0504510000000000010607,4.4,4.6,7.1,38.2,osrm_real
0514720010400400010108,12.8,12.8,23.6,65.2,osrm_real
0514720010400400010114,13.0,13.0,23.8,65.4,osrm_real
0514720010400500010103,14.0,14.0,24.8,66.4,osrm_real
0514720010400500010106,13.9,13.9,24.7,66.3,osrm_real
0514720011500900010102,76.0,75.9,58.3,108.7,osrm_real
0514720010601400010110,15.3,15.3,15.7,57.2,osrm_real
0566520040701400010102,44.9,44.9,44.9,175.1,osrm_real
0565920010400800010105,7.6,7.6,8.4,104.1,osrm_real
0505120020301700010101,50.7,50.7,40.1,133.8,osrm_real
0583710000000000050505,3.4,3.4,6.2,15.8,osrm_real
0504510000000000080303,1.8,0.9,4.8,37.7,osrm_real
0504510000000000020630,0.9,0.9,3.8,38.9,osrm_real
0504510000000000020321,1.0,0.9,2.4,37.5,osrm_real
0583710000000000040537,1.2,1.0,3.5,10.6,osrm_real
0583720090104100010212,2.3,2.3,4.6,13.4,osrm_real
0504510000000000080204,1.1,0.4,4.7,38.4,osrm_real
0583710000000000020401,0.4,1.3,3.5,12.5,osrm_real
0504510000000000070523,1.4,0.9,2.1,40.5,osrm_real
0583710000000000030301,1.9,0.7,2.0,14.9,osrm_real
0583710000000000020317,1.4,1.1,4.4,13.5,osrm_real
0504510000000000070619,0.4,1.5,2.0,39.9,osrm_real
0583720090104100010114,4.8,4.8,7.1,15.9,osrm_real
0504510000000000040135,1.7,1.3,3.1,41.5,osrm_real
0504510000000000020421,1.2,1.0,2.4,37.6,osrm_real
0504510000000000090324,3.0,1.5,4.7,43.1,osrm_real
0504510000000000060216,0.7,1.6,1.7,38.1,osrm_real
0583710000000000030813,3.9,3.6,4.9,17.3,osrm_real
0583710000000000030506,1.4,1.1,2.3,14.6,osrm_real
0504510000000000060410,0.7,0.7,1.9,39.8,osrm_real
0504510000000000070413,0.9,1.7,0.8,38.4,osrm_real
0504510000000000060815,0.8,1.0,0.8,38.9,osrm_real
0504510000000000020110,0.8,1.4,3.4,38.5,osrm_real
0504510000000000080609,2.4,1.5,5.6,36.8,osrm_real
0504510000000000100310,2.9,2.5,4.8,43.2,osrm_real
0583710000000000040168,5.6,3.0,8.0,7.8,osrm_real
0504510000000000040134,1.9,1.4,3.1,41.4,osrm_real
0583710000000000020307,0.6,0.6,3.2,12.8,osrm_real
0504510000000000030604,1.3,1.6,0.9,38.8,osrm_real
0504510000000000100503,4.7,4.0,6.5,44.9,osrm_real
0583710000000000010733,0.9,0.9,3.8,13.4,osrm_real
0504510000000000020545,0.2,0.6,3.1,38.3,osrm_real
0504510000000000070229,0.3,1.2,1.6,39.5,osrm_real
0583710000000000040735,3.4,1.3,5.7,8.8,osrm_real
0583710000000000040315,0.5,0.8,2.2,12.2,osrm_real
0583710000000000010306,1.0,1.0,2.4,13.1,osrm_real
0504510000000000070624,0.7,1.4,2.1,40.0,osrm_real
0504510000000000080606,2.5,1.5,5.8,38.0,osrm_real
0504510000000000020303,0.4,0.8,2.7,37.8,osrm_real
0504510000000000040619,0.3,0.9,4.2,42.1,osrm_real
0504510000000000070617,0.6,1.5,1.8,39.7,osrm_real
0504510000000000100311,2.8,2.3,4.7,43.0,osrm_real
0504510000000000050513,1.7,1.9,2.4,40.8,osrm_real
0504510000000000100318,3.8,2.7,5.7,44.0,osrm_real
0504510000000000070129,0.7,0.7,1.9,40.3,osrm_real
0583710000000000040549,1.8,1.4,4.2,10.4,osrm_real
0504510000000000060609,0.8,0.8,2.0,40.3,osrm_real
0504510000000000070414,0.1,2.1,1.2,37.8,osrm_real
0583710000000000010410,2.0,1.9,4.9,14.5,osrm_real
0583710000000000030519,1.5,1.5,2.6,14.9,osrm_real
0583710000000000040219,0.4,0.7,0.9,12.9,osrm_real
0583710000000000030408,1.2,0.8,0.7,14.3,osrm_real
0583710000000000030817,3.9,3.6,4.9,17.3,osrm_real
0583710000000000010114,0.9,0.6,3.7,13.4,osrm_real
0504510000000000040707,2.0,1.5,3.9,42.2,osrm_real
0504510000000000030224,1.0,1.9,3.3,39.2,osrm_real
0504510000000000090102,2.5,0.3,4.0,42.3,osrm_real
0583710000000000010222,0.7,0.7,3.5,13.2,osrm_real
0583710000000000040151,2.0,1.6,4.3,9.9,osrm_real
0504510000000000100323,3.4,2.8,5.3,43.6,osrm_real
0504510000000000070629,0.5,1.7,1.9,39.8,osrm_real
0583710000000000040113,0.9,1.2,2.8,12.2,osrm_real
0583710000000000020409,0.2,0.2,2.6,12.2,osrm_real
0504510000000000050223,1.7,1.3,2.7,41.0,osrm_real
0583710000000000030302,1.5,0.8,1.7,14.5,osrm_real
0583710000000000010140,1.3,1.2,4.1,13.7,osrm_real
0504510000000000080418,0.5,1.2,5.2,39.4,osrm_real
0504510000000000070121,0.3,1.3,1.8,39.7,osrm_real
0504510000000000100217,4.4,3.3,6.3,44.6,osrm_real
0583710000000000010709,2.4,2.4,5.2,14.9,osrm_real
0504510000000000020536,0.7,2.7,4.1,39.2,osrm_real
0583710000000000040205,0.4,0.8,0.9,13.3,osrm_real
0583710000000000010606,1.7,0.6,3.7,14.1,osrm_real
0583710000000000010615,1.5,1.1,4.3,14.0,osrm_real
0583710000000000040160,0.4,0.8,2.5,11.5,osrm_real
0583710000000000040121,0.7,0.3,2.1,12.6,osrm_real
0504510000000000070322,0.9,0.9,0.6,39.0,osrm_real
0504510000000000050103,1.6,1.8,2.7,41.1,osrm_real
0583710000000000040417,0.5,0.5,2.8,11.8,osrm_real
0504510000000000060415,0.3,0.3,1.4,39.7,osrm_real
0504510000000000070321,0.8,0.8,0.5,38.8,osrm_real
0504510000000000060602,0.5,0.5,1.7,40.0,osrm_real
0504510000000000010416,1.4,1.9,4.7,39.7,osrm_real
0583720090104100010109,4.8,4.8,7.1,15.9,osrm_real
0583720090104100010113,4.8,4.8,7.1,15.9,osrm_real
0504510000000000020302,0.7,1.0,2.6,37.7,osrm_real
0504510000000000070115,0.3,1.1,1.9,39.9,osrm_real
0583710000000000030818,4.1,3.8,5.1,17.5,osrm_real
0504510000000000080622,2.8,1.8,6.1,38.7,osrm_real
0504510000000000040617,0.5,0.7,4.0,42.0,osrm_real
0583710000000000040208,1.1,0.9,1.3,12.8,osrm_real
0504510000000000040727,1.8,1.1,3.5,41.9,osrm_real
0504510000000000080415,0.4,0.9,5.0,38.9,osrm_real
0583710000000000030625,2.8,2.5,3.9,16.2,osrm_real
0504510000000000090201,2.6,0.3,4.2,42.6,osrm_real
0504510000000000070713,1.1,1.1,2.3,40.7,osrm_real
0504510000000000030218,1.7,1.9,3.3,39.7,osrm_real
0504510000000000010222,2.5,3.3,3.4,36.0,osrm_real
0583710000000000020410,0.5,1.4,3.6,12.6,osrm_real
0504510000000000090105,2.5,0.2,4.0,42.4,osrm_real
0583710000000000030304,0.3,1.0,1.1,13.7,osrm_real
0504510000000000050214,1.7,1.5,3.1,41.2,osrm_real
0504510000000000080623,2.7,1.7,6.0,38.7,osrm_real
0583710000000000040526,1.2,1.1,3.4,11.5,osrm_real
0504510000000000010307,2.2,2.7,3.1,37.6,osrm_real
0583710000000000010137,1.4,1.0,4.2,13.8,osrm_real
0504510000000000070106,0.8,0.9,2.1,40.3,osrm_real
0504510000000000010220,1.0,1.8,1.9,36.9,osrm_real
0583710000000000020112,1.9,1.8,4.9,14.0,osrm_real
0504510000000000020508,1.2,1.8,3.2,38.3,osrm_real
0583710000000000010515,0.9,1.3,2.1,14.4,osrm_real
0504510000000000070223,0.5,0.5,0.7,39.4,osrm_real
0504510000000000060626,0.8,0.8,2.0,40.3,osrm_real
0504510000000000060508,0.6,0.6,1.8,40.2,osrm_real
0504510000000000010401,1.8,2.4,5.2,39.7,osrm_real
0504510000000000020225,0.2,2.4,2.1,37.2,osrm_real
0504510000000000040207,1.7,1.6,4.1,42.1,osrm_real
0583710000000000010122,1.7,1.7,4.5,14.1,osrm_real
0504510000000000080507,1.7,0.7,5.0,37.7,osrm_real
0583710000000000010520,0.9,0.8,2.8,14.1,osrm_real
0504510000000000050117,1.0,0.9,2.5,40.4,osrm_real
0583710000000000030804,3.8,3.5,4.8,17.2,osrm_real
0504510000000000010512,0.5,1.8,1.8,37.4,osrm_real
0504510000000000040305,1.4,1.0,3.5,41.5,osrm_real
0504510000000000090108,2.1,0.2,3.7,42.1,osrm_real
0583710000000000010432,2.6,2.6,5.4,15.1,osrm_real
0504510000000000010127,3.2,3.4,5.9,40.1,osrm_real
0504510000000000100204,4.3,3.2,6.2,44.6,osrm_real
0583710000000000030706,2.7,2.4,3.7,16.1,osrm_real
0504510000000000030613,0.8,1.9,1.3,39.3,osrm_real
0583710000000000010625,2.9,2.9,5.7,15.4,osrm_real
0583710000000000030402,0.4,0.7,0.3,13.6,osrm_real
0504510000000000070217,0.5,1.1,1.6,39.5,osrm_real
0583710000000000010106,0.7,0.7,3.5,13.2,osrm_real
0504510000000000060218,0.5,1.7,1.4,38.3,osrm_real
0583710000000000020818,3.0,3.0,5.8,15.0,osrm_real
0504510000000000040602,0.3,0.7,3.8,41.8,osrm_real
0583710000000000040164,3.0,1.1,5.3,9.4,osrm_real
0504510000000000070623,0.9,1.5,2.3,40.2,osrm_real
0583710000000000050105,2.6,2.6,5.4,15.0,osrm_real
0583710000000000040510,3.0,1.1,5.3,9.4,osrm_real
0504510000000000100609,4.3,3.2,6.2,44.6,osrm_real
0504510000000000050512,1.9,1.7,2.7,41.0,osrm_real
0504510000000000050314,1.5,1.1,3.0,40.9,osrm_real
0504510000000000060803,0.9,1.1,1.6,38.7,osrm_real
0583710000000000040112,1.1,1.3,2.9,12.6,osrm_real
0583710000000000030104,1.1,1.6,2.4,13.2,osrm_real
0504510000000000090509,3.0,1.5,4.7,43.1,osrm_real
0583710000000000010133,2.0,2.0,4.9,14.5,osrm_real
0504510000000000100118,3.5,2.4,5.4,43.8,osrm_real
0504510000000000090117,2.2,0.4,3.6,42.0,osrm_real
0583720090104100010206,2.9,2.9,5.1,14.0,osrm_real
0504510000000000070504,1.2,1.6,2.6,40.6,osrm_real
0504510000000000040121,1.8,0.8,3.3,41.7,osrm_real
0504510000000000040310,1.2,1.2,3.8,41.7,osrm_real
0504510000000000070706,1.7,1.7,2.9,41.1,osrm_real
0583710000000000010108,0.3,0.3,3.1,12.8,osrm_real
0583710000000000010609,0.5,0.5,3.3,12.9,osrm_real
0504510000000000100115,3.4,2.2,5.2,43.6,osrm_real
0504510000000000050216,1.7,1.5,3.2,41.1,osrm_real
0504510000000000030506,0.7,2.5,2.6,40.5,osrm_real
0504510000000000020115,0.3,0.9,3.7,38.8,osrm_real
0583710000000000010446,2.6,2.6,5.4,15.0,osrm_real
0583710000000000010429,2.2,2.2,5.0,14.7,osrm_real
0504510000000000030410,0.2,1.4,2.7,40.6,osrm_real
0504510000000000020208,0.6,0.4,2.0,38.1,osrm_real
0504510000000000090222,2.3,1.1,4.1,42.4,osrm_real
0504510000000000010131,3.5,3.6,6.2,40.4,osrm_real
0583710000000000020116,1.4,1.3,4.6,13.5,osrm_real
0504510000000000010109,3.0,3.2,5.7,40.1,osrm_real
0583710000000000030633,2.0,1.7,3.0,15.5,osrm_real
0583710000000000030414,1.2,0.6,0.6,14.3,osrm_real
0504510000000000030610,1.2,1.8,1.0,39.0,osrm_real
0504510000000000030407,1.1,1.0,2.7,40.6,osrm_real
0504510000000000030528,0.8,1.9,2.0,39.9,osrm_real
0583710000000000020203,0.1,0.1,3.0,12.6,osrm_real
0504510000000000050414,2.4,1.5,3.2,41.6,osrm_real
0504510000000000070405,0.7,1.7,0.9,38.1,osrm_real
0583710000000000020902,1.9,1.8,4.9,13.7,osrm_real
0514720010400400010120,12.7,12.7,23.5,65.1,osrm_real
0514720010400500010116,13.7,13.7,24.6,66.1,osrm_real
0514720010400500010124,14.2,14.2,25.0,66.6,osrm_real
0514720010800600010111,5.3,4.7,5.0,46.5,osrm_real
0514720010800600010101,5.7,4.3,5.4,46.4,osrm_real
0514720010601400010113,15.1,15.1,15.4,57.0,osrm_real
0504520020301700010108,7.3,5.2,12.7,47.3,osrm_real
0565920010400800010102,7.7,7.7,8.0,103.7,osrm_real
0514720010401500010102,16.8,16.8,27.6,69.1,osrm_real
0566520040701400010106,44.5,44.5,44.6,174.7,osrm_real
0583720200100700010101,102.5,102.5,115.4,125.1,osrm_real
0504510000000000010415,1.5,2.0,4.8,39.6,osrm_real
0504510000000000080517,0.0,1.2,5.4,39.3,osrm_real
0583710000000000010119,1.7,1.4,4.5,14.1,osrm_real
0583710000000000010319,1.0,0.4,2.8,14.1,osrm_real
0504510000000000090334,2.0,2.0,4.5,42.5,osrm_real
0504510000000000060121,0.6,2.0,1.4,37.9,osrm_real
0504510000000000010312,2.3,2.7,3.1,37.6,osrm_real
0504510000000000030315,0.6,2.2,2.7,40.5,osrm_real
0504510000000000060507,0.9,0.9,2.1,40.2,osrm_real
0504510000000000070311,1.2,1.2,0.4,39.0,osrm_real
0504510000000000070525,1.6,1.3,2.5,40.8,osrm_real
0504510000000000070411,1.0,1.2,0.4,38.7,osrm_real
0504510000000000030210,1.4,1.2,2.5,38.9,osrm_real
0504510000000000050322,1.2,0.8,2.7,40.6,osrm_real
0504510000000000010710,5.9,5.3,8.6,37.2,osrm_real
0504510000000000080502,1.9,0.9,5.2,37.4,osrm_real
0583710000000000040304,1.4,1.4,1.6,13.2,osrm_real
0504510000000000030217,1.9,1.8,3.2,39.6,osrm_real
0583710000000000030705,2.8,2.6,3.9,16.3,osrm_real
0583710000000000010611,1.1,1.1,3.9,13.6,osrm_real
0583710000000000010104,0.8,0.8,3.6,13.2,osrm_real
0504510000000000070505,1.2,1.6,2.6,40.6,osrm_real
0583710000000000040501,1.5,1.2,3.8,11.2,osrm_real
0504510000000000060402,1.3,1.3,2.1,39.5,osrm_real
0504510000000000040708,1.9,1.6,4.0,42.1,osrm_real
0504510000000000010515,0.6,1.3,3.7,38.9,osrm_real
0583710000000000010437,2.3,2.3,5.1,14.7,osrm_real
0504510000000000070206,0.7,0.7,1.9,40.0,osrm_real
0583710000000000010721,1.5,1.5,4.3,14.0,osrm_real
0583710000000000030615,2.8,2.6,3.9,16.3,osrm_real
0504510000000000010627,4.2,4.4,7.0,38.5,osrm_real
0583710000000000050114,1.9,1.9,4.7,14.3,osrm_real
0583710000000000030822,4.1,3.8,5.1,17.6,osrm_real
0504520030201800010110,10.9,10.8,11.2,47.6,osrm_real
0583710000000000030715,3.1,2.8,4.1,16.5,osrm_real
0504510000000000080308,2.1,1.0,4.6,38.0,osrm_real
0583710000000000050527,3.4,3.4,6.2,15.8,osrm_real
0583710000000000010505,0.7,1.0,2.7,14.3,osrm_real
0504510000000000080125,1.9,2.5,2.8,37.2,osrm_real
0504510000000000020204,0.7,0.5,2.5,38.0,osrm_real
0504510000000000010408,0.6,1.1,3.9,39.0,osrm_real
0504510000000000030706,2.4,4.0,4.4,40.8,osrm_real
0504510000000000040518,1.1,1.0,3.3,41.3,osrm_real
0583710000000000040749,3.5,1.5,5.8,9.1,osrm_real
0504510000000000100618,4.0,3.5,5.9,44.3,osrm_real
0583710000000000050201,3.0,3.0,5.8,15.4,osrm_real
0504510000000000050507,2.3,1.3,3.0,41.4,osrm_real
0504510000000000070318,1.0,1.3,0.5,38.7,osrm_real
0504510000000000030209,1.6,1.5,2.8,39.1,osrm_real
0504510000000000070222,0.9,0.9,0.7,39.4,osrm_real
0504510000000000030518,0.6,1.1,1.1,39.0,osrm_real
0583710000000000020405,0.4,1.0,3.3,12.4,osrm_real
0583710000000000040602,5.8,2.6,8.2,5.6,osrm_real
0583710000000000050102,2.7,2.7,5.6,15.2,osrm_real
0583710000000000030439,2.1,1.3,1.4,15.1,osrm_real
0504510000000000050307,1.1,0.7,3.3,41.2,osrm_real
0583710000000000030803,3.9,3.6,4.9,17.4,osrm_real
0583710000000000010110,0.5,0.5,3.3,13.0,osrm_real
0504510000000000070312,1.2,1.2,0.4,39.0,osrm_real
0583710000000000020501,0.8,0.8,3.0,12.2,osrm_real
0504510000000000080615,2.5,1.6,5.8,38.0,osrm_real
0504510000000000020415,1.0,1.1,3.2,38.6,osrm_real
0583710000000000030426,1.4,1.3,0.7,14.5,osrm_real
0504520030201800010102,10.4,10.3,10.7,47.1,osrm_real
0504510000000000050505,1.5,1.5,2.7,41.1,osrm_real
0583720090104100010209,2.7,2.7,5.0,13.8,osrm_real
0583710000000000010430,2.3,2.2,5.1,14.7,osrm_real
0583710000000000030634,2.8,2.5,3.7,16.2,osrm_real
0504510000000000090119,2.0,0.6,3.5,41.9,osrm_real
0583710000000000020403,0.2,1.2,3.6,12.5,osrm_real
0504510000000000100402,5.7,5.0,7.6,45.9,osrm_real
0504510000000000090320,2.1,1.9,4.4,42.4,osrm_real
0504510000000000030520,0.2,1.5,1.4,39.3,osrm_real
0583710000000000040552,1.3,1.1,3.6,10.8,osrm_real
0504510000000000060504,1.0,1.0,2.2,40.1,osrm_real
0583710000000000010716,1.7,1.7,4.5,14.2,osrm_real
0504510000000000030705,2.4,4.2,4.4,40.8,osrm_real
0504510000000000100232,4.2,3.1,6.1,44.4,osrm_real
0504510000000000010138,3.0,3.1,5.7,39.4,osrm_real
0504510000000000070208,0.6,0.6,1.8,40.0,osrm_real
0583710000000000010303,1.2,0.9,2.8,13.5,osrm_real
0583710000000000020806,2.4,2.2,4.5,13.3,osrm_real
0504510000000000020116,0.5,1.2,4.0,39.1,osrm_real
0583710000000000050407,2.6,2.6,5.4,15.1,osrm_real
0504510000000000090219,2.5,0.8,4.2,42.6,osrm_real
0504510000000000060816,0.4,1.3,1.1,38.8,osrm_real
0504510000000000060324,1.0,1.0,1.7,39.0,osrm_real
0504510000000000080107,1.7,1.9,4.0,38.3,osrm_real
0583710000000000010226,0.6,0.6,3.4,13.1,osrm_real
0504510000000000090307,2.5,2.0,4.4,42.7,osrm_real
0583710000000000040743,0.7,0.7,3.1,10.7,osrm_real
0504510000000000100304,2.8,2.4,4.7,43.1,osrm_real
0504520010201000010103,4.4,5.2,5.3,34.3,osrm_real
0504510000000000080624,2.2,1.2,5.5,38.1,osrm_real
0583710000000000010311,1.4,0.6,3.1,13.8,osrm_real
0504510000000000020560,1.6,2.8,4.2,39.4,osrm_real
0583710000000000010618,1.4,0.9,4.0,13.9,osrm_real
0514720010400500010104,13.9,13.9,24.7,66.3,osrm_real
0514720010400500010107,13.9,13.9,24.7,66.3,osrm_real
0514720010400500010120,13.9,13.9,24.7,66.3,osrm_real
0514720010400500010125,14.2,14.2,25.0,66.6,osrm_real
0514720010800600010104,5.7,5.0,5.4,46.9,osrm_real
0514720010800600010114,5.1,4.8,4.8,46.4,osrm_real
0514720010801200010105,7.1,6.7,6.8,48.3,osrm_real
0565920010400800010111,6.0,6.0,6.9,102.5,osrm_real
0505120020301700010106,51.0,51.0,40.4,133.6,osrm_real
0583710000000000030805,3.9,3.6,4.9,17.3,osrm_real
0583710000000000050404,3.0,3.0,5.8,15.4,osrm_real
0504510000000000070212,0.8,0.9,1.9,39.8,osrm_real
0504510000000000080322,1.3,0.5,4.4,38.4,osrm_real
0504510000000000030524,0.2,1.7,1.8,39.7,osrm_real
0583710000000000040171,1.1,0.8,2.5,11.5,osrm_real
0583710000000000030514,1.1,1.3,2.3,14.6,osrm_real
0504510000000000080516,0.7,1.6,5.8,39.7,osrm_real
0504510000000000020218,1.1,0.6,2.0,38.4,osrm_real
0504510000000000070528,1.2,1.5,2.6,40.5,osrm_real
0504510000000000040618,0.5,1.3,4.6,42.5,osrm_real
0583710000000000010125,1.8,1.6,4.6,14.2,osrm_real
0504510000000000090405,2.0,2.0,4.6,42.5,osrm_real
0583710000000000030441,1.5,0.9,1.0,14.6,osrm_real
0504510000000000100135,3.6,2.5,5.5,43.8,osrm_real
0504510000000000070709,1.5,1.5,2.7,41.1,osrm_real
0504510000000000010608,4.5,4.7,7.2,38.1,osrm_real
0583710000000000020610,0.8,0.8,3.1,12.0,osrm_real
0504510000000000100102,3.5,2.3,5.3,43.7,osrm_real
0583710000000000040525,1.0,0.6,3.0,11.3,osrm_real
0504510000000000060220,0.6,1.8,1.3,38.4,osrm_real
0504510000000000100214,4.2,3.1,6.1,44.5,osrm_real
0504510000000000020406,1.0,0.9,2.7,38.5,osrm_real
0504510000000000030413,0.5,1.8,2.8,40.7,osrm_real
0583710000000000010513,1.0,1.3,2.2,14.5,osrm_real
0583710000000000030437,2.0,1.3,1.4,15.0,osrm_real
0583710000000000020323,1.4,1.4,4.6,13.5,osrm_real
0504510000000000010301,1.7,1.8,4.0,38.3,osrm_real
0583710000000000030631,3.0,2.8,4.0,16.4,osrm_real
0504510000000000020404,0.9,0.5,2.8,38.2,osrm_real
0583710000000000040752,3.9,1.3,6.2,7.6,osrm_real
0583710000000000010126,1.9,1.8,4.7,14.4,osrm_real
0583710000000000020504,0.7,0.7,2.5,12.1,osrm_real
0504510000000000090411,1.4,1.4,4.0,41.9,osrm_real
0504510000000000070703,1.3,1.3,2.5,40.8,osrm_real
0504510000000000020550,0.4,1.7,3.7,38.8,osrm_real
0504510000000000020414,0.8,1.3,3.4,38.9,osrm_real
0583710000000000030734,3.7,3.4,4.7,17.1,osrm_real
0504510000000000070502,1.4,1.4,2.6,40.7,osrm_real
0504510000000000030611,1.1,1.8,1.0,38.9,osrm_real
0583710000000000040162,1.1,1.3,2.9,12.6,osrm_real
0504510000000000010113,1.8,1.9,4.2,38.5,osrm_real
0504510000000000050121,0.9,1.1,2.5,40.4,osrm_real
0504510000000000070720,1.4,1.4,2.6,41.0,osrm_real
0504510000000000090115,2.1,0.5,3.7,42.1,osrm_real
0583710000000000030703,3.1,2.9,4.2,16.5,osrm_real
0583710000000000020904,2.0,1.9,5.0,13.8,osrm_real
0504510000000000030106,2.4,1.5,2.9,39.3,osrm_real
0583710000000000040140,2.9,0.9,5.2,9.1,osrm_real
0504510000000000080625,2.0,1.1,5.4,38.0,osrm_real
0504510000000000060806,0.6,1.0,1.4,38.8,osrm_real
0504510000000000030525,0.4,1.7,1.8,39.7,osrm_real
0504510000000000040318,0.9,0.4,3.1,41.0,osrm_real
0504510000000000080602,2.7,1.7,6.0,38.2,osrm_real
0583710000000000040707,2.9,1.7,5.2,9.3,osrm_real
0504510000000000080315,1.8,1.0,4.3,38.2,osrm_real
0583710000000000030312,1.2,0.5,1.3,14.2,osrm_real
0504510000000000070424,0.3,2.0,1.4,38.1,osrm_real
0504510000000000100303,2.8,2.3,4.7,43.0,osrm_real
0504510000000000080203,1.2,0.5,4.6,38.6,osrm_real
0504510000000000100309,2.9,2.4,4.7,43.1,osrm_real
0504510000000000010128,2.9,3.1,5.7,39.9,osrm_real
0583710000000000020701,0.4,1.1,3.4,12.3,osrm_real
0504510000000000100607,4.3,3.2,6.2,44.5,osrm_real
0504510000000000020529,0.4,0.8,3.2,38.4,osrm_real
0504510000000000100236,4.4,3.3,6.3,44.6,osrm_real
0504510000000000090414,1.6,1.7,4.2,42.2,osrm_real
0504510000000000100602,3.8,2.7,5.7,44.0,osrm_real
0583710000000000050511,3.3,3.3,6.1,15.7,osrm_real
0504510000000000020629,0.9,1.0,3.9,39.0,osrm_real
0504510000000000100613,4.3,3.2,6.2,44.5,osrm_real
0583710000000000010433,2.6,2.6,5.4,15.1,osrm_real
0504510000000000090418,1.5,1.6,4.2,42.1,osrm_real
0583710000000000040155,1.3,0.9,3.7,10.2,osrm_real
0504510000000000030708,1.9,3.6,4.0,40.4,osrm_real
0583710000000000030220,2.5,2.0,3.3,15.7,osrm_real
0504510000000000090314,2.1,1.9,4.2,42.5,osrm_real
0583710000000000040216,0.6,0.0,2.6,11.3,osrm_real
0583710000000000030201,1.2,1.3,2.1,14.5,osrm_real
0583710000000000040145,2.1,1.7,4.4,9.4,osrm_real
0504510000000000060810,0.6,0.9,1.1,39.0,osrm_real
0504520030201800010118,11.5,11.3,11.7,48.1,osrm_real
0583710000000000040110,0.4,0.7,2.2,12.0,osrm_real
0504510000000000020201,0.3,1.5,2.2,37.3,osrm_real
0504520030201800010114,11.0,10.9,11.2,47.6,osrm_real
0583710000000000050406,2.8,2.8,5.7,15.3,osrm_real
0583710000000000010434,2.2,2.2,5.0,14.7,osrm_real
0583710000000000040403,0.3,0.3,2.6,11.6,osrm_real
0504510000000000040714,1.6,1.1,3.6,41.6,osrm_real
0583710000000000030323,2.0,0.7,2.1,15.0,osrm_real
0504510000000000010310,1.5,1.9,2.4,37.3,osrm_real
0504510000000000050510,1.7,1.2,2.5,40.8,osrm_real
0583710000000000030522,0.9,1.3,2.1,14.3,osrm_real
0583710000000000040309,0.4,0.9,2.3,12.5,osrm_real
0583710000000000050123,2.4,2.4,5.2,14.9,osrm_real
0504510000000000060304,0.4,0.4,1.5,39.4,osrm_real
0504510000000000070314,1.4,1.4,0.6,38.9,osrm_real
0504510000000000070616,0.6,1.5,2.0,39.9,osrm_real
0504510000000000010707,5.6,5.6,8.3,37.5,osrm_real
0504510000000000020517,0.3,1.3,3.0,38.1,osrm_real
0504510000000000070627,0.8,0.9,2.3,40.3,osrm_real
0583710000000000040203,1.6,0.9,1.4,13.2,osrm_real
0504510000000000030313,0.4,2.0,2.5,40.4,osrm_real
0504510000000000010111,4.4,4.6,7.2,41.1,osrm_real
0504510000000000070112,0.6,1.3,2.2,40.1,osrm_real
0504510000000000050111,1.2,1.4,2.8,40.7,osrm_real
0583710000000000010216,0.6,0.6,3.5,13.1,osrm_real
0504510000000000060222,0.7,1.8,1.3,38.2,osrm_real
0504510000000000070420,0.9,1.8,0.8,38.4,osrm_real
0504510000000000020539,0.0,3.0,4.4,39.6,osrm_real
0583720090104100010122,4.8,4.8,7.1,15.9,osrm_real
0504510000000000050213,1.5,1.6,3.0,41.0,osrm_real
0504510000000000070408,0.8,1.3,0.6,38.5,osrm_real
0583710000000000030521,1.1,1.2,2.4,14.6,osrm_real
0504510000000000040314,1.2,0.7,3.4,41.3,osrm_real
0583710000000000040746,0.4,0.8,2.5,11.5,osrm_real
0583710000000000050130,2.5,2.5,5.3,14.9,osrm_real
0504510000000000040512,0.9,0.9,3.5,41.5,osrm_real
0504510000000000070228,0.3,0.9,1.9,39.8,osrm_real
0583710000000000010604,1.4,0.5,3.6,13.9,osrm_real
0504510000000000010513,1.8,2.2,2.9,37.7,osrm_real
0504510000000000100319,3.9,3.4,5.8,44.1,osrm_real
0504510000000000010309,1.6,2.0,2.5,36.8,osrm_real
0583710000000000050402,2.8,2.8,5.6,15.2,osrm_real
0504510000000000090109,2.4,0.3,3.7,42.1,osrm_real
0504510000000000010502,2.3,2.7,3.3,38.0,osrm_real
0583710000000000020503,1.0,1.0,2.9,12.5,osrm_real
0514720011200300010111,31.7,38.9,30.0,80.3,osrm_real
0504520030201800010115,10.5,10.4,10.7,47.1,osrm_real
0504510000000000060809,0.7,0.8,1.3,39.1,osrm_real
0583720090104100010305,3.3,3.3,5.6,14.4,osrm_real
0583710000000000020104,0.9,0.4,3.7,13.3,osrm_real
0504510000000000040309,1.2,1.2,3.8,41.7,osrm_real
0504510000000000100401,4.4,3.3,6.3,44.6,osrm_real
0504510000000000060627,0.6,0.6,1.8,40.2,osrm_real
0583710000000000010705,2.7,2.7,5.5,15.2,osrm_real
0583710000000000020105,0.7,0.3,3.6,13.2,osrm_real
0504510000000000070719,1.5,1.5,2.7,41.0,osrm_real
0504510000000000040519,1.2,1.2,4.2,42.1,osrm_real
0504510000000000060403,1.1,1.1,1.9,39.6,osrm_real
0504510000000000020222,1.5,1.0,2.4,38.8,osrm_real
0504510000000000080218,1.1,1.2,4.6,39.0,osrm_real
0583710000000000040152,5.7,3.1,8.1,7.9,osrm_real
0583710000000000050523,4.1,4.1,6.9,16.6,osrm_real
0504510000000000040723,1.7,0.9,3.2,41.6,osrm_real
0504510000000000070421,1.0,1.8,0.7,38.5,osrm_real
0504510000000000090415,1.5,1.5,4.1,42.0,osrm_real
0583710000000000010616,1.7,1.1,4.3,14.2,osrm_real
0504510000000000040612,0.1,0.7,4.0,41.9,osrm_real
0583710000000000030227,2.5,1.9,3.2,15.6,osrm_real
0504510000000000080633,2.0,1.0,5.3,37.9,osrm_real
0504510000000000030208,1.5,1.8,3.1,39.5,osrm_real
0583710000000000020813,3.5,3.5,6.3,15.5,osrm_real
0583710000000000010603,0.9,0.9,3.7,13.4,osrm_real
0583710000000000010445,2.4,2.4,5.2,14.8,osrm_real
0504510000000000100110,3.9,2.8,5.8,44.1,osrm_real
0504510000000000060213,0.4,1.2,1.5,38.4,osrm_real
0504510000000000020622,0.7,0.9,3.9,39.1,osrm_real
0504510000000000100124,3.9,2.8,5.8,44.2,osrm_real
0504510000000000020617,0.5,0.6,3.5,38.6,osrm_real
0504510000000000040139,1.7,1.3,3.2,41.6,osrm_real
0504510000000000070628,0.5,1.6,1.9,39.8,osrm_real
0504510000000000010610,4.7,4.8,7.4,38.3,osrm_real
0504510000000000100103,3.5,2.3,5.3,43.7,osrm_real
0583720090104100010210,2.7,2.7,4.9,13.8,osrm_real
0504510000000000060807,0.8,0.8,1.6,38.8,osrm_real
0583710000000000020130,2.1,2.0,5.1,14.0,osrm_real
0504510000000000010705,5.9,5.8,8.7,37.7,osrm_real
0583710000000000030310,1.7,0.1,1.7,14.6,osrm_real
0504510000000000070418,1.0,1.7,0.7,38.5,osrm_real
0504510000000000010425,1.8,2.3,5.0,39.4,osrm_real
0583710000000000030636,1.8,1.5,2.8,15.2,osrm_real
0583710000000000030731,3.5,3.2,4.5,16.9,osrm_real
0504510000000000030109,1.4,0.9,2.3,38.7,osrm_real
0583710000000000040703,2.9,1.1,5.2,8.5,osrm_real
0583710000000000040725,2.9,1.4,5.2,9.0,osrm_real
0504510000000000080314,2.0,0.9,4.5,38.1,osrm_real
0583710000000000030322,1.9,0.7,2.0,14.9,osrm_real
0504510000000000050305,1.4,1.0,3.3,41.2,osrm_real
0514720010400500010108,13.9,13.9,24.7,66.3,osrm_real
0514720010400500010110,13.8,13.8,24.6,66.1,osrm_real
0514720010400500010127,14.3,14.3,25.1,66.6,osrm_real
0514720010800600010106,5.6,4.8,5.3,46.9,osrm_real
0514720010800600010113,5.4,5.0,5.1,46.6,osrm_real
0514720010400800010104,13.4,13.4,24.2,65.8,osrm_real
0514720010601400010103,15.3,15.3,15.7,57.2,osrm_real
0505120020301700010104,51.5,51.5,40.9,133.7,osrm_real
0565920010400800010101,6.9,6.9,7.7,103.4,osrm_real
0583720200100700010103,102.3,102.3,115.3,124.9,osrm_real
0514720010401500010101,16.2,16.2,27.0,68.5,osrm_real
0583710000000000050117,2.7,2.7,5.6,15.2,osrm_real
0504510000000000100403,5.8,5.1,7.6,46.0,osrm_real
0583710000000000030809,4.2,3.9,5.2,17.6,osrm_real
0504510000000000080320,1.4,0.4,4.5,38.4,osrm_real
0504510000000000040606,0.4,0.7,3.9,41.8,osrm_real
0504510000000000080301,1.7,0.7,5.0,37.6,osrm_real
0583710000000000020209,0.0,0.0,2.8,12.4,osrm_real
0583710000000000040402,1.0,1.0,2.3,11.9,osrm_real
0504510000000000020611,0.7,0.3,3.8,39.0,osrm_real
0504510000000000010405,1.8,2.4,5.2,39.7,osrm_real
0504510000000000080323,1.2,0.3,4.6,38.3,osrm_real
0504510000000000040610,0.3,1.0,4.1,42.0,osrm_real
0583710000000000020602,0.4,1.1,3.4,12.3,osrm_real
0504510000000000040710,1.5,1.1,3.7,41.6,osrm_real
0583710000000000040301,0.2,0.7,1.0,13.6,osrm_real
0504510000000000040503,1.0,0.9,3.5,41.4,osrm_real
0504510000000000080120,2.0,2.4,2.8,37.2,osrm_real
0504510000000000040301,1.3,0.9,3.5,41.4,osrm_real
0504510000000000080604,2.9,2.0,6.2,38.4,osrm_real
0583710000000000020404,0.3,1.1,3.4,12.3,osrm_real
0514720010601400010102,15.2,15.2,15.6,57.1,osrm_real
0583710000000000030443,1.8,0.8,1.9,14.8,osrm_real
0583710000000000020609,0.8,0.8,3.0,12.0,osrm_real
0504510000000000060108,1.0,2.0,1.7,37.8,osrm_real
0504510000000000030226,1.2,2.1,3.4,39.3,osrm_real
0583720090104100010208,3.1,3.1,5.4,14.2,osrm_real
0583710000000000040747,1.3,0.6,3.7,11.7,osrm_real
0504510000000000070105,0.9,0.9,2.1,40.3,osrm_real
0504510000000000080618,1.9,1.0,5.2,37.4,osrm_real
0504510000000000010122,1.8,2.0,4.5,38.9,osrm_real
0583710000000000030613,2.4,2.2,3.5,15.9,osrm_real
0583710000000000030203,2.4,1.8,3.0,15.5,osrm_real
0583710000000000020107,0.8,0.5,3.6,13.1,osrm_real
0504510000000000100408,5.8,5.2,7.7,46.0,osrm_real
0504510000000000040615,0.3,0.3,3.6,41.6,osrm_real
0583710000000000010607,1.3,0.1,3.2,13.8,osrm_real
0583710000000000030520,1.2,1.3,2.5,14.7,osrm_real
0504510000000000060117,1.0,2.2,1.8,37.8,osrm_real
0504510000000000020621,0.6,0.6,3.9,39.0,osrm_real
0504510000000000050113,1.2,1.3,2.7,40.7,osrm_real
0583710000000000040741,0.9,0.4,3.3,11.1,osrm_real
0583710000000000040522,2.7,1.1,5.0,9.3,osrm_real
0504510000000000040102,1.7,1.0,3.3,41.7,osrm_real
0583710000000000040217,0.7,0.2,2.6,11.2,osrm_real
0504510000000000020548,0.6,1.8,3.8,39.0,osrm_real
0504510000000000060522,0.6,0.6,1.8,40.1,osrm_real
0504510000000000020215,0.4,0.4,2.2,37.9,osrm_real
0583710000000000010206,0.6,0.6,3.2,13.1,osrm_real
0583710000000000020801,4.6,4.5,6.8,15.6,osrm_real
0583710000000000020124,1.2,0.7,4.0,13.5,osrm_real
0504510000000000070522,1.5,1.3,2.5,40.8,osrm_real
0504510000000000090321,2.0,1.8,4.4,42.3,osrm_real
0504510000000000040208,1.5,1.6,4.2,42.1,osrm_real
0583710000000000010412,2.3,2.3,5.1,14.8,osrm_real
0583720090104100010215,2.3,2.3,4.6,13.4,osrm_real
0504510000000000100237,4.6,3.5,6.5,44.9,osrm_real
0504510000000000040516,0.9,0.9,4.2,42.1,osrm_real
0583710000000000030527,0.7,1.4,1.9,14.2,osrm_real
0583710000000000040137,3.9,1.0,6.2,8.3,osrm_real
0583710000000000050405,3.2,3.2,6.1,15.7,osrm_real
0583710000000000020119,2.1,1.9,5.1,14.1,osrm_real
0504510000000000100224,4.2,3.1,6.1,44.5,osrm_real
0583710000000000010136,1.5,1.4,4.3,14.0,osrm_real
0583710000000000040758,2.4,2.0,4.7,9.9,osrm_real
0583710000000000010723,1.4,1.4,4.2,13.9,osrm_real
0504510000000000080211,0.9,0.6,4.9,38.6,osrm_real
0583710000000000040154,1.3,1.1,3.6,10.2,osrm_real
0504510000000000060107,0.9,1.9,1.9,38.0,osrm_real
0504510000000000030606,1.2,1.8,0.8,38.7,osrm_real
0504510000000000080611,2.4,1.4,5.7,37.9,osrm_real
0583720090104100010106,4.8,4.8,7.1,15.9,osrm_real
0583710000000000030428,1.6,1.5,0.9,14.7,osrm_real
0504510000000000080220,1.2,1.3,4.5,38.8,osrm_real
0583710000000000030508,1.3,1.2,2.4,14.7,osrm_real
0504510000000000020601,0.7,0.5,3.6,38.7,osrm_real
0583710000000000010711,2.2,2.2,5.0,14.6,osrm_real
0504510000000000070735,2.0,2.0,3.2,41.4,osrm_real
0504510000000000090203,2.6,0.7,4.4,42.7,osrm_real
0583710000000000050218,2.9,2.9,5.7,15.4,osrm_real
0583710000000000010130,1.8,1.8,4.6,14.3,osrm_real
0583710000000000010116,1.3,1.2,4.1,13.7,osrm_real
0583710000000000010725,1.5,1.5,4.3,14.0,osrm_real
0504510000000000100112,3.7,2.6,5.6,44.0,osrm_real
0504510000000000100606,4.2,3.1,6.1,44.5,osrm_real
0504510000000000010305,2.3,2.4,3.4,37.7,osrm_real
0583710000000000010706,2.5,2.5,5.3,15.0,osrm_real
0504510000000000090103,2.3,0.2,3.9,42.3,osrm_real
0504510000000000060417,0.3,0.3,1.3,39.6,osrm_real
0504510000000000080106,1.7,1.8,4.2,38.5,osrm_real
0504510000000000010704,5.8,5.8,8.5,37.7,osrm_real
0583710000000000030431,1.6,1.3,1.0,14.7,osrm_real
0504510000000000060414,0.6,0.6,1.6,39.7,osrm_real
0504510000000000010507,0.8,1.8,2.0,37.0,osrm_real
0504510000000000040204,1.6,1.2,3.7,41.7,osrm_real
0504510000000000080319,1.2,0.1,4.7,38.3,osrm_real
0583710000000000050122,2.8,2.8,5.6,15.2,osrm_real
0583710000000000040755,5.8,3.2,8.2,8.0,osrm_real
0504510000000000070503,1.2,1.5,2.6,40.6,osrm_real
0504510000000000100505,4.7,4.1,6.6,45.0,osrm_real
0504510000000000100616,3.5,3.0,5.4,43.7,osrm_real
0514720011200300010105,31.8,39.0,30.0,80.4,osrm_real
0514720011200300010118,31.4,38.6,29.7,80.0,osrm_real
0514720011200300010119,31.7,38.9,30.0,80.3,osrm_real
0514720011200300010121,30.9,38.0,29.1,79.5,osrm_real
0514720010400400010116,12.8,12.8,23.6,65.2,osrm_real
0514720010400500010102,14.1,14.1,24.9,66.5,osrm_real
0514720010400500010112,13.9,13.9,24.7,66.3,osrm_real
0514720010400500010119,13.9,13.9,24.7,66.3,osrm_real
0514720010800600010105,5.7,4.9,5.4,46.9,osrm_real
0514720010501100010109,29.1,29.1,39.9,81.5,osrm_real
0514720010801200010103,6.8,6.5,6.5,48.1,osrm_real
0514720010801200010104,7.1,6.8,6.8,48.4,osrm_real
0565920010400800010107,7.6,7.6,8.5,104.1,osrm_real
0505120040101900010104,71.6,71.6,61.0,158.6,osrm_real
0514720010401500010105,18.3,18.3,29.1,70.6,osrm_real
0583710000000000030231,2.3,1.3,2.4,15.2,osrm_real
0504510000000000010604,3.9,4.0,6.6,38.5,osrm_real
0504510000000000100208,4.3,3.2,6.2,44.5,osrm_real
0583710000000000030609,2.0,1.7,3.1,15.5,osrm_real
0504510000000000100317,3.8,2.7,5.7,44.0,osrm_real
0504510000000000010603,3.7,3.8,6.4,38.7,osrm_real
0583710000000000040116,0.5,1.4,2.5,11.4,osrm_real
0583710000000000040305,1.1,1.1,1.5,12.9,osrm_real
0504510000000000060405,0.8,0.8,2.0,39.8,osrm_real
0583710000000000020324,1.5,1.9,4.5,13.4,osrm_real
0504510000000000050407,2.5,1.2,3.3,41.7,osrm_real
0583720090104100010115,4.8,4.8,7.1,15.9,osrm_real
0583710000000000010517,0.5,1.1,2.1,14.1,osrm_real
0583710000000000030709,2.6,2.3,3.5,16.0,osrm_real
0583710000000000030505,1.1,1.3,1.9,14.3,osrm_real
0504510000000000020625,0.9,0.6,3.8,39.0,osrm_real
0504520030201800010116,11.3,11.2,11.6,48.0,osrm_real
0583710000000000040619,4.6,1.4,7.0,6.8,osrm_real
0504510000000000020413,1.0,1.3,3.5,38.6,osrm_real
0583710000000000030718,3.5,3.2,4.5,16.9,osrm_real
0583710000000000030626,2.9,2.7,4.0,16.5,osrm_real
0504510000000000020305,0.8,0.1,2.5,38.1,osrm_real
0583710000000000010622,1.5,0.4,3.5,13.9,osrm_real
0504510000000000030303,0.4,1.6,2.1,40.0,osrm_real
0504510000000000100116,3.4,2.3,5.2,43.6,osrm_real
0504510000000000020619,0.4,0.5,3.7,38.8,osrm_real
0504510000000000060819,0.5,1.4,1.1,38.8,osrm_real
0583710000000000030424,0.9,1.2,0.8,14.0,osrm_real
0504510000000000090316,2.2,2.0,4.4,42.7,osrm_real
0583710000000000040751,4.5,1.9,6.9,7.7,osrm_real
0504510000000000010106,3.1,3.2,5.8,40.2,osrm_real
0504510000000000030418,1.0,1.2,2.9,40.8,osrm_real
0583710000000000010318,1.0,0.8,3.3,13.5,osrm_real
0504510000000000030404,0.6,1.0,2.3,40.2,osrm_real
0583710000000000030511,1.0,1.4,2.0,14.4,osrm_real
0583710000000000030808,4.0,3.7,5.0,17.5,osrm_real
0583710000000000020305,0.4,0.8,3.4,12.7,osrm_real
0504510000000000070315,1.5,1.5,0.6,38.6,osrm_real
0504510000000000090402,1.8,1.8,4.4,42.4,osrm_real
0504510000000000070428,0.8,1.5,0.8,38.5,osrm_real
0583710000000000020903,1.7,2.0,4.7,13.6,osrm_real
0504510000000000070423,0.7,1.9,1.0,38.2,osrm_real
0583710000000000020122,1.9,1.6,4.7,14.1,osrm_real
0504510000000000060820,0.8,0.8,1.2,39.1,osrm_real
0504510000000000040407,0.2,0.2,3.4,41.4,osrm_real
0504510000000000070122,0.3,1.4,1.9,39.8,osrm_real
0504510000000000080634,2.2,1.2,5.4,37.2,osrm_real
0504510000000000060812,0.4,1.5,1.3,38.8,osrm_real
0504510000000000100314,2.5,2.0,4.4,42.7,osrm_real
0583710000000000010431,2.8,2.7,5.6,14.8,osrm_real
0504510000000000070434,1.2,1.8,0.7,38.6,osrm_real
0504510000000000030609,1.0,1.7,1.5,39.4,osrm_real
0504510000000000090204,2.7,0.8,4.5,42.8,osrm_real
0504510000000000020410,0.2,1.1,2.8,38.0,osrm_real
0504510000000000100231,4.5,3.4,6.4,44.7,osrm_real
0504510000000000030603,1.3,1.5,1.0,38.9,osrm_real
0504510000000000030205,1.9,1.6,3.0,39.4,osrm_real
0504510000000000070101,0.5,0.7,1.9,40.1,osrm_real
0504510000000000090413,1.5,1.6,4.2,42.1,osrm_real
0583710000000000050113,1.6,1.6,4.4,14.1,osrm_real
0504510000000000100114,3.6,2.4,5.4,43.8,osrm_real
0583710000000000040124,0.8,1.0,2.6,12.3,osrm_real
0583710000000000020201,0.6,0.2,3.4,13.1,osrm_real
0583710000000000040736,1.4,0.9,3.8,11.6,osrm_real
0583710000000000020106,0.7,0.3,3.4,13.0,osrm_real
0583710000000000050502,3.2,3.2,6.0,15.7,osrm_real
0504510000000000100130,3.7,2.6,5.6,44.0,osrm_real
0504510000000000030701,1.1,2.2,3.2,40.0,osrm_real
0504510000000000060110,1.2,2.2,2.0,37.6,osrm_real
0583710000000000050403,2.8,2.8,5.7,15.3,osrm_real
0504510000000000030323,0.8,2.4,3.0,40.9,osrm_real
0583720090104100010201,2.6,2.6,4.9,13.7,osrm_real
0583710000000000030802,4.2,3.9,5.2,17.6,osrm_real
0504510000000000050517,1.7,1.4,2.9,41.3,osrm_real
0504510000000000090505,2.7,0.9,4.5,42.8,osrm_real
0504510000000000070131,0.3,0.9,1.9,39.8,osrm_real
0583710000000000030417,1.8,0.9,1.9,14.7,osrm_real
0504510000000000090404,2.0,2.0,4.6,42.5,osrm_real
0583720090104100010121,4.8,4.8,7.1,15.9,osrm_real
0583710000000000010316,0.6,0.9,2.5,13.9,osrm_real
0504510000000000060425,0.7,0.7,1.7,39.7,osrm_real
0583710000000000040757,2.6,2.2,5.0,10.3,osrm_real
0504510000000000010504,2.4,2.8,3.5,38.3,osrm_real
0504510000000000070119,0.2,1.2,2.0,40.0,osrm_real
0504510000000000010133,3.9,4.0,6.6,40.6,osrm_real
0504510000000000010303,2.1,2.2,3.6,37.9,osrm_real
0504510000000000010508,0.6,2.0,1.8,37.2,osrm_real
0504510000000000080321,1.2,0.1,4.7,38.3,osrm_real
0583710000000000010442,2.7,2.7,5.5,14.7,osrm_real
0504510000000000040604,0.6,1.0,3.7,41.6,osrm_real
0504510000000000100230,4.6,3.5,6.5,44.8,osrm_real
0583710000000000030717,3.4,3.1,4.4,16.9,osrm_real
0504510000000000040609,0.1,0.9,4.0,41.9,osrm_real
0504510000000000020623,0.9,0.5,4.0,39.1,osrm_real
0504510000000000030530,0.9,2.1,2.2,40.2,osrm_real
0504510000000000010124,1.7,1.8,4.4,38.7,osrm_real
0504510000000000020552,0.9,1.6,3.0,38.1,osrm_real
0504510000000000040306,1.4,1.0,3.6,41.5,osrm_real
0504510000000000080118,1.7,2.3,2.6,37.0,osrm_real
0583710000000000010503,0.7,0.9,2.6,14.3,osrm_real
0504510000000000030114,2.1,1.2,2.6,39.0,osrm_real
0504510000000000060814,1.1,1.1,1.1,39.1,osrm_real
0504510000000000080212,0.8,0.7,5.0,38.7,osrm_real
0583710000000000030801,4.9,4.7,6.0,18.4,osrm_real
0504510000000000030212,1.1,1.7,3.2,39.3,osrm_real
0504510000000000040205,1.6,1.2,3.8,41.7,osrm_real
0504510000000000010714,5.3,5.2,8.0,37.1,osrm_real
0504510000000000020112,0.9,1.5,3.5,38.6,osrm_real
0504510000000000090319,2.2,2.0,4.5,42.5,osrm_real
0504510000000000080219,1.1,1.2,4.6,39.0,osrm_real
0583710000000000030736,5.0,4.7,6.0,18.4,osrm_real
0583710000000000010712,1.8,1.8,4.6,14.3,osrm_real
0504510000000000010316,2.0,2.4,2.8,37.5,osrm_real
0504510000000000070631,0.5,1.6,1.9,39.8,osrm_real
0504510000000000070710,1.1,1.1,2.3,40.7,osrm_real
0504510000000000090207,2.6,1.0,4.3,42.7,osrm_real
0504510000000000020542,0.0,0.6,2.9,38.0,osrm_real
0504510000000000060616,0.9,0.9,2.1,40.5,osrm_real
0504510000000000020534,0.2,0.4,3.2,38.4,osrm_real
0504510000000000090309,2.7,2.1,4.5,42.9,osrm_real
0504510000000000020511,1.4,2.1,3.6,38.7,osrm_real
0583710000000000010117,1.5,1.5,4.3,14.0,osrm_real
0504510000000000040725,1.9,1.0,3.6,41.9,osrm_real
0504510000000000030105,2.2,1.8,3.1,39.5,osrm_real
0504510000000000090323,2.6,1.9,4.5,42.9,osrm_real
0583710000000000010221,0.6,0.6,3.4,13.0,osrm_real
0583710000000000040528,1.0,1.0,3.3,11.5,osrm_real
0583710000000000040721,1.4,0.9,3.8,11.6,osrm_real
0504510000000000050323,1.5,1.1,3.4,41.3,osrm_real
0504510000000000050317,1.3,1.1,2.8,40.7,osrm_real
0504510000000000080514,0.5,0.6,5.1,38.8,osrm_real
0583710000000000010435,2.1,2.0,4.9,14.2,osrm_real
0583710000000000020131,2.2,2.1,5.1,14.1,osrm_real
0504510000000000080409,0.9,0.5,4.9,38.5,osrm_real
0583710000000000030326,1.8,0.5,1.9,14.8,osrm_real
0504510000000000040320,0.8,0.3,2.9,40.8,osrm_real
0504510000000000100129,3.6,2.5,5.5,43.9,osrm_real
0504510000000000030207,1.9,1.5,2.9,39.3,osrm_real
0583710000000000050120,2.5,2.5,5.3,15.0,osrm_real
0583710000000000020816,3.2,3.1,6.0,15.2,osrm_real
0504510000000000030602,1.2,1.4,1.1,38.7,osrm_real
0504510000000000060811,0.2,1.2,1.4,38.8,osrm_real
0504510000000000030612,1.1,1.8,1.0,38.9,osrm_real
0504510000000000030322,0.9,2.9,3.0,40.2,osrm_real
0504510000000000080121,1.9,2.4,2.8,37.1,osrm_real
0583710000000000040717,1.0,0.6,3.4,10.5,osrm_real
0583710000000000010519,0.8,0.9,2.5,14.4,osrm_real
0583710000000000030611,1.9,1.6,3.0,15.4,osrm_real
0504510000000000010524,1.3,2.0,3.6,38.3,osrm_real
0504520030201800010117,10.8,10.7,11.1,47.5,osrm_real
0583720090104100010103,4.8,4.8,7.1,15.9,osrm_real
0504510000000000020558,2.3,3.0,4.4,39.5,osrm_real
0504510000000000020530,0.2,0.4,3.0,38.1,osrm_real
0504510000000000040621,0.5,1.2,4.4,42.3,osrm_real
0504510000000000060619,0.8,0.8,2.0,40.3,osrm_real
0583710000000000040750,3.5,1.5,5.8,9.1,osrm_real
0583710000000000030526,1.0,1.5,2.2,14.5,osrm_real
0504510000000000070438,0.6,1.0,0.8,38.5,osrm_real
0504510000000000030710,2.9,4.5,4.9,41.3,osrm_real
0504510000000000020603,0.7,0.2,3.8,38.9,osrm_real
0514720010400400010103,12.8,12.8,23.6,65.2,osrm_real
0504510000000000080215,0.9,1.1,4.6,38.6,osrm_real
0583710000000000030434,1.9,1.2,1.3,14.9,osrm_real
0504510000000000050412,2.1,1.1,3.2,41.6,osrm_real
0504510000000000070718,1.4,1.4,2.7,41.0,osrm_real
0504510000000000020402,0.4,1.0,2.6,37.7,osrm_real
0504510000000000010525,0.8,2.2,1.7,38.4,osrm_real
0583710000000000030105,1.0,1.5,1.9,13.2,osrm_real
0504510000000000040405,0.3,0.3,3.6,41.6,osrm_real
0583710000000000020320,0.8,1.8,4.0,12.9,osrm_real
0504510000000000100341,2.7,1.9,4.6,42.9,osrm_real
0504510000000000090104,2.5,0.1,4.1,42.5,osrm_real
0583710000000000040748,5.8,3.2,8.2,8.0,osrm_real
0583710000000000020608,0.6,0.8,3.0,12.0,osrm_real
0583710000000000040713,0.8,0.9,3.2,10.7,osrm_real
0504510000000000030617,0.7,1.5,1.4,39.3,osrm_real
0583720090104100010302,3.2,3.2,5.5,14.3,osrm_real
0583710000000000040406,0.5,0.5,2.7,11.5,osrm_real
0583710000000000020905,2.0,1.9,5.0,13.8,osrm_real
0504520030201800010105,10.7,10.5,10.9,47.3,osrm_real
0504510000000000080310,1.8,0.9,4.8,37.7,osrm_real
0583710000000000030413,1.2,0.5,0.6,14.3,osrm_real
0504510000000000100617,3.5,3.0,5.4,43.7,osrm_real
0504510000000000060202,0.6,1.4,1.8,38.4,osrm_real
0583720090104100010207,2.8,2.8,5.1,13.9,osrm_real
0583710000000000040211,0.4,1.7,1.8,12.1,osrm_real
0504510000000000040741,2.1,1.3,3.8,42.2,osrm_real
0504510000000000020202,0.6,1.4,2.7,37.9,osrm_real
0504510000000000100117,3.0,1.9,4.9,43.2,osrm_real
0583710000000000020204,0.0,0.0,2.9,12.5,osrm_real
0583710000000000030202,2.3,1.7,2.9,15.3,osrm_real
0504510000000000050303,1.3,1.0,3.5,41.4,osrm_real
0504510000000000100301,2.6,2.1,4.5,42.9,osrm_real
0514720010400400010123,13.0,13.0,23.8,65.3,osrm_real
0514720010800600010109,5.6,4.9,5.3,46.8,osrm_real
0514720010601400010108,15.1,15.1,15.4,57.0,osrm_real
0504520020301700010107,7.2,5.2,12.6,47.2,osrm_real
0504520020301700010109,7.1,5.1,12.5,47.2,osrm_real
0565920010400800010109,6.5,6.5,7.4,103.0,osrm_real
0583710000000000050514,3.4,3.4,6.2,15.8,osrm_real
0504510000000000060501,0.9,0.9,2.1,39.9,osrm_real
0504510000000000020557,1.7,2.4,3.8,39.0,osrm_real
0583710000000000030820,4.2,3.9,5.2,17.6,osrm_real
0583710000000000030517,1.1,1.6,2.2,14.6,osrm_real
0583710000000000010144,2.0,2.0,4.8,14.5,osrm_real
0504510000000000100201,4.0,2.8,5.8,44.2,osrm_real
0504510000000000070123,0.2,1.2,1.6,39.5,osrm_real
0504510000000000070518,1.4,1.1,2.3,40.6,osrm_real
0504510000000000040214,1.4,0.9,3.5,41.4,osrm_real
0504510000000000100109,3.9,2.8,5.8,44.1,osrm_real
0583710000000000040745,0.1,0.6,2.5,11.3,osrm_real
0504510000000000040210,1.5,1.1,3.7,41.6,osrm_real
0583710000000000030314,0.8,0.9,1.5,13.8,osrm_real
0583710000000000030328,2.3,1.6,2.7,15.4,osrm_real
0504510000000000030704,1.4,2.0,3.4,39.8,osrm_real
0504520010201000010101,4.2,5.0,5.1,34.1,osrm_real
0504510000000000030403,0.2,1.2,2.7,40.6,osrm_real
0583710000000000040212,0.4,1.4,2.0,11.8,osrm_real
0504510000000000060633,1.2,1.2,2.4,40.4,osrm_real
0504510000000000100315,3.1,2.6,5.0,43.4,osrm_real
0504510000000000010107,2.8,3.0,5.5,39.9,osrm_real
0583710000000000020407,0.7,0.7,3.1,12.6,osrm_real
0504520010201000010106,5.0,5.0,5.1,34.7,osrm_real
0583710000000000030523,1.0,1.5,2.2,14.5,osrm_real
0583710000000000020314,0.6,1.5,3.7,12.8,osrm_real
0504510000000000010613,4.5,4.7,7.2,40.1,osrm_real
0504510000000000030310,0.3,1.9,2.4,40.3,osrm_real
0504510000000000040315,0.9,0.4,3.0,41.0,osrm_real
0504510000000000050503,2.2,1.4,2.9,41.3,osrm_real
0583710000000000050515,3.4,3.4,6.2,15.8,osrm_real
0583720090104100010304,3.7,3.7,5.9,14.8,osrm_real
0583710000000000030612,2.2,1.9,3.2,15.7,osrm_real
0504510000000000040202,1.3,0.8,3.4,41.3,osrm_real
0583710000000000050504,3.4,3.4,6.2,15.8,osrm_real
0583710000000000040759,1.0,0.3,3.4,11.4,osrm_real
0504510000000000100238,4.6,3.5,6.5,44.8,osrm_real
0504510000000000090121,2.0,0.7,3.6,42.0,osrm_real
0504510000000000080217,1.0,1.2,4.9,39.2,osrm_real
0504510000000000030619,1.5,2.5,1.7,39.6,osrm_real
0504510000000000050217,1.7,1.6,3.2,41.1,osrm_real
0504510000000000020507,0.5,1.9,3.7,38.8,osrm_real
0504510000000000080512,0.9,0.3,5.0,38.4,osrm_real
0504520010201000010109,5.5,5.5,5.6,35.3,osrm_real
0583710000000000020202,0.5,0.4,3.3,12.9,osrm_real
0504510000000000010611,4.7,4.8,7.4,38.5,osrm_real
0583710000000000040729,3.5,0.8,5.8,8.2,osrm_real
0504510000000000030502,0.6,1.8,1.9,39.8,osrm_real
0504510000000000010422,1.9,2.5,5.3,39.6,osrm_real
0583710000000000030433,1.7,1.1,1.1,14.8,osrm_real
0505120010602000010101,14.0,13.9,13.5,120.8,osrm_real
0505120010602000010102,14.3,14.3,13.9,121.1,osrm_real
0505120010602000010103,14.5,14.4,14.0,121.3,osrm_real
0505120010602000010105,14.3,14.2,13.9,121.1,osrm_real
0505120010602000010104,14.4,14.3,13.9,121.2,osrm_real
