{"type":"FeatureCollection","features":[{"type":"Feature","geometry":{"type":"Polygon","coordinates":[[[-76.6681899,7.7953655],[-76.6675676,7.7966198],[-76.665851,7.7957269],[-76.6665591,7.7944939],[-76.6681899,7.7953655]]]},"properties":{"osm_id":205623993,"osm_type":"way","uso_osm":"farmland","name":"La Milena","source":"track"}},{"type":"Feature","geometry":{"type":"Polygon","coordinates":[[[-77.0887258,8.0444529],[-77.0891521,8.0442672],[-77.0890957,8.0433462],[-77.0887966,8.0432916],[-77.0877739,8.0435112],[-77.0876127,8.0429444],[-77.0886453,8.0426682],[-77.0886078,8.0417971],[-77.087972,8.0417998],[-77.0880069,8.0399937],[-77.0848364,8.0377868],[-77.0852575,8.0372105],[-77.0837796,8.0357046],[-77.0831868,8.0355877],[-77.0807648,8.0340287],[-77.08143,8.0331496],[-77.0820469,8.0330062],[-77.0860328,8.0364377],[-77.0863599,8.0370113],[-77.0874971,8.0370538],[-77.0875389,8.0380449],[-77.088688,8.0370432],[-77.0896536,8.0380431],[-77.088503,8.039124],[-77.0889404,8.0393909],[-77.0921402,8.0390589],[-77.0933311,8.038464],[-77.0930656,8.0379329],[-77.0938515,8.0375505],[-77.0943289,8.0385278],[-77.0946266,8.0396618],[-77.0950556,8.0401027],[-77.095077,8.0404426],[-77.0950665,8.0416909],[-77.0950015,8.0422373],[-77.0949209,8.0429149],[-77.094904,8.0430565],[-77.0950435,8.0439595],[-77.0955819,8.0454798],[-77.0942634,8.0453584],[-77.0942188,8.0458881],[-77.0941515,8.0463684],[-77.09394,8.047608],[-77.09411,8.0496854],[-77.0935645,8.049807],[-77.0932156,8.0477382],[-77.0929983,8.0477435],[-77.0929825,8.0475815],[-77.0920435,8.0475815],[-77.0919737,8.0478205],[-77.0916842,8.0478524],[-77.0915233,8.0466055],[-77.0912737,8.0463996],[-77.0910056,8.0463459],[-77.0910054,8.0461898],[-77.0900213,8.0462031],[-77.0895018,8.045793],[-77.0890622,8.0457985],[-77.0888148,8.0451494],[-77.0887258,8.0444529]]]},"properties":{"osm_id":208448509,"osm_type":"way","uso_osm":"residential","name":""}},{"type":"Feature","geometry":{"type":"Polygon","coordinates":[[[-76.8877423,7.6124817],[-76.902427,7.5763748],[-76.8837659,7.5705957],[-76.8744439,7.6084832],[-76.8877423,7.6124817]]]},"properties":{"osm_id":209200107,"osm_type":"way","uso_osm":"farmland","name":"El Cocuelo - Inversiones Castaño y Cia S.C.S.A"}},{"type":"Feature","geometry":{"type":"Polygon","coordinates":[[[-76.7214513,7.9855621],[-76.7204874,7.9809359],[-76.7094159,7.985706],[-76.7090681,7.9858558],[-76.7118087,7.9885173],[-76.7125532,7.9892337],[-76.7214513,7.9855621]]]},"properties":{"osm_id":233057569,"osm_type":"way","uso_osm":"orchard","name":"Agromar","source":"Catastro Antioquia"}},{"type":"Feature","geometry":{"type":"Polygon","coordinates":[[[-76.6692733,7.9748367],[-76.6596201,7.9748806],[-76.6600838,7.9862095],[-76.6633697,7.9826794],[-76.6693483,7.9757197],[-76.6692733,7.9748367]]]},"properties":{"osm_id":233196083,"osm_type":"way","uso_osm":"orchard","name":"Agricola El Retiro","source":"Catastro Antioquia"}},{"type":"Feature","geometry":{"type":"Polygon","coordinates":[[[-76.6689409,7.9906827],[-76.6669434,7.9897235],[-76.6666839,7.9887322],[-76.6655716,7.9884751],[-76.663792,7.9867311],[-76.663551,7.9875022],[-76.6625314,7.9881998],[-76.6627168,7.9886404],[-76.6639817,7.9886051],[-76.6643572,7.9890595],[-76.664429,7.9898133],[-76.6633809,7.9903291],[-76.6632544,7.9907699],[-76.6638207,7.9909294],[-76.6645027,7.9914709],[-76.6647971,7.992215],[-76.6643592,7.992994],[-76.6639012,7.9932828],[-76.6637487,7.9935588],[-76.6647757,7.9945755],[-76.6645181,7.9956361],[-76.6653492,7.9960018],[-76.6659609,7.995396],[-76.666758,7.9946434],[-76.6689409,7.9906827]]]},"properties":{"osm_id":233196088,"osm_type":"way","uso_osm":"orchard","name":"Bananera de Urabá","source":"Catastro Antioquia"}},{"type":"Feature","geometry":{"type":"Polygon","coordinates":[[[-76.6748749,7.979486],[-76.6740384,7.9809615],[-76.673955,7.983036],[-76.6739364,7.9840595],[-76.6739179,7.9855419],[-76.6715053,7.9854334],[-76.6714727,7.9865476],[-76.6705355,7.9879853],[-76.669844,7.9891957],[-76.6689906,7.9906308],[-76.6670117,7.9896854],[-76.6667568,7.9886894],[-76.6655959,7.988437],[-76.6641671,7.9860785],[-76.6633028,7.9853446],[-76.6615067,7.9855982],[-76.6607636,7.9863291],[-76.6604268,7.9869944],[-76.6601472,7.9871179],[-76.6596901,7.9870833],[-76.6595083,7.9869094],[-76.6633763,7.9826964],[-76.6662773,7.9793121],[-76.6704155,7.9794495],[-76.6729359,7.9794936],[-76.6748749,7.979486]]]},"properties":{"osm_id":233196089,"osm_type":"way","uso_osm":"orchard","name":"Bananera de Urabá","source":"Catastro Antioquia"}},{"type":"Feature","geometry":{"type":"Polygon","coordinates":[[[-76.6683243,7.9701973],[-76.6674114,7.97039],[-76.6654718,7.9705254],[-76.6651706,7.9707366],[-76.6651095,7.9747468],[-76.6686085,7.9747468],[-76.6683243,7.9701973]]]},"properties":{"osm_id":233196091,"osm_type":"way","uso_osm":"orchard","name":"Bananera de Urabá","source":"Catastro Antioquia"}},{"type":"Feature","geometry":{"type":"Polygon","coordinates":[[[-76.6458591,8.0026961],[-76.6463467,7.9954602],[-76.6444595,7.9953855],[-76.6439064,7.9950893],[-76.6398921,7.9959713],[-76.6392368,7.9961763],[-76.63815,7.9944815],[-76.63884,7.9941128],[-76.6394084,7.9929757],[-76.6395132,7.9923526],[-76.6403249,7.992108],[-76.6403808,7.9913059],[-76.6400115,7.9903393],[-76.6379942,7.9900638],[-76.6375732,7.9888218],[-76.639192,7.9889353],[-76.6387513,7.9873598],[-76.6384762,7.9863765],[-76.6357004,7.9861846],[-76.6351701,7.9871969],[-76.6322406,7.9910128],[-76.6332631,7.9924147],[-76.6344332,7.9918326],[-76.6344166,7.9927522],[-76.6319785,7.9931936],[-76.6304433,7.9944249],[-76.6305667,7.9948393],[-76.630379,7.9950571],[-76.6301,7.9949827],[-76.6300611,7.9950325],[-76.6297914,7.995065],[-76.6273952,7.9977596],[-76.6279998,8.0003667],[-76.6287456,8.0022023],[-76.6300839,8.0021595],[-76.6311407,8.0032406],[-76.631531,8.0027558],[-76.6323289,8.002295],[-76.6327627,8.0018925],[-76.6327742,8.0007146],[-76.6323236,8.0005924],[-76.6322726,7.9998965],[-76.6327071,7.9990678],[-76.6331738,7.9990253],[-76.6338497,7.9994397],[-76.6345617,7.9996908],[-76.6346115,7.9995512],[-76.6346759,7.9987969],[-76.6352817,7.9989311],[-76.6372742,7.9987753],[-76.6379034,7.9988791],[-76.6382872,7.9999805],[-76.6385088,8.0006445],[-76.6388321,8.0016635],[-76.6398966,8.0018199],[-76.6458591,8.0026961]]]},"properties":{"osm_id":233196132,"osm_type":"way","uso_osm":"residential","name":"Currulao"}},{"type":"Feature","geometry":{"type":"Polygon","coordinates":[[[-76.6640782,7.9067203],[-76.6634007,7.9004997],[-76.6658079,7.9008511],[-76.6679435,7.8985396],[-76.6678766,7.8946311],[-76.6649784,7.8943882],[-76.6638861,7.8940349],[-76.6626415,7.8928001],[-76.6616733,7.893226],[-76.6611901,7.8931384],[-76.6612261,7.8924203],[-76.6609759,7.8922632],[-76.660545,7.892344],[-76.6602652,7.8924748],[-76.6599536,7.8928324],[-76.6598888,7.893817],[-76.6596264,7.8942828],[-76.659143,7.8944448],[-76.6587362,7.894152],[-76.6587205,7.8932032],[-76.6586147,7.8931812],[-76.6584552,7.8931911],[-76.6579861,7.8939867],[-76.6576136,7.8941459],[-76.6568053,7.8938993],[-76.6564558,7.8931702],[-76.6562465,7.8930041],[-76.6560443,7.8930015],[-76.6559884,7.8932003],[-76.6564316,7.8939794],[-76.6563182,7.8942931],[-76.6553565,7.8961951],[-76.6544174,7.8962153],[-76.6540447,7.8953792],[-76.6533393,7.8959672],[-76.652111,7.8966223],[-76.652079,7.8970931],[-76.6515377,7.8974593],[-76.6509113,7.8973914],[-76.6504299,7.8972803],[-76.6495046,7.8967792],[-76.6491972,7.8972025],[-76.6485259,7.897303],[-76.6481441,7.8971599],[-76.6477671,7.8966175],[-76.6471337,7.8954901],[-76.6470004,7.894278],[-76.6464701,7.8956695],[-76.6456885,7.8958064],[-76.6449987,7.8954568],[-76.6447704,7.8942743],[-76.6442899,7.8943723],[-76.6435321,7.8958898],[-76.6427073,7.8960664],[-76.641756,7.8952866],[-76.6417918,7.8943262],[-76.6413745,7.8937936],[-76.6403496,7.8939244],[-76.6394791,7.8946207],[-76.6383371,7.8957666],[-76.6392213,7.8960192],[-76.6396326,7.8960482],[-76.6399866,7.8961385],[-76.640102,7.8962421],[-76.6392705,7.8969967],[-76.6387757,7.8966424],[-76.6385353,7.896996],[-76.6391966,7.8974671],[-76.6393,7.8984639],[-76.6368059,7.8989784],[-76.636491,7.8986957],[-76.6356956,7.8989842],[-76.6349897,7.8982471],[-76.6333962,7.8989117],[-76.6322885,7.8997058],[-76.6321838,7.900776],[-76.6327214,7.9013984],[-76.6295247,7.9027807],[-76.6325396,7.9055308],[-76.6315535,7.907122],[-76.6286411,7.9044538],[-76.6283194,7.905071],[-76.6267294,7.9043029],[-76.6266389,7.9045385],[-76.6285194,7.9055362],[-76.6291114,7.9059213],[-76.6288653,7.9067215],[-76.6299256,7.9071189],[-76.6305668,7.9093717],[-76.6315896,7.9107147],[-76.6326151,7.9122163],[-76.6328834,7.9125001],[-76.6300737,7.9151751],[-76.6272201,7.9133203],[-76.6267839,7.9126968],[-76.6247382,7.9110225],[-76.6242962,7.9127641],[-76.624789,7.9138214],[-76.6242972,7.9142245],[-76.6239827,7.9145585],[-76.6223186,7.9203939],[-76.6220245,7.9212838],[-76.6225289,7.9216351],[-76.6225018,7.9222946],[-76.6218757,7.9221889],[-76.621623,7.9251204],[-76.6213684,7.9272253],[-76.6228012,7.928487],[-76.6230383,7.9288417],[-76.6236267,7.9298346],[-76.6239653,7.9295731],[-76.6236452,7.9289838],[-76.6233351,7.9282172],[-76.6233663,7.9276103],[-76.623794,7.9269929],[-76.6244796,7.9268046],[-76.6247196,7.9269139],[-76.6251512,7.9266801],[-76.6257928,7.9257494],[-76.625937,7.9250593],[-76.6261803,7.9250446],[-76.6263045,7.9254224],[-76.6264271,7.9256231],[-76.6264474,7.925928],[-76.6273858,7.9251557],[-76.62709,7.9241815],[-76.6276762,7.9237048],[-76.6283151,7.9233522],[-76.6287167,7.9235109],[-76.6289593,7.9230568],[-76.6295456,7.9233562],[-76.6300671,7.9235772],[-76.6305177,7.9233636],[-76.6306121,7.9230415],[-76.6305955,7.9221238],[-76.6307243,7.9217463],[-76.6311309,7.9213987],[-76.6314731,7.921396],[-76.6322739,7.9220411],[-76.6327113,7.9218082],[-76.6325817,7.9214777],[-76.6331851,7.9217182],[-76.6335718,7.9220677],[-76.6336311,7.9228173],[-76.6341769,7.9228949],[-76.6345872,7.9233691],[-76.6350817,7.9231104],[-76.6353937,7.922711],[-76.6359893,7.922719],[-76.6363385,7.9229833],[-76.6366068,7.9234287],[-76.6368768,7.9233905],[-76.6380688,7.9228061],[-76.6387936,7.9236735],[-76.6389274,7.9240268],[-76.6396742,7.9237176],[-76.6402761,7.9231546],[-76.6404962,7.9224394],[-76.6404913,7.9207912],[-76.6391589,7.920128],[-76.6392458,7.9182868],[-76.6392613,7.917958],[-76.6392704,7.9177654],[-76.6361493,7.9149169],[-76.6406382,7.9151684],[-76.6406143,7.9082081],[-76.6406604,7.9069826],[-76.6406679,7.9067841],[-76.6485965,7.9069329],[-76.6501093,7.906901],[-76.6625869,7.9068797],[-76.6640782,7.9067203]]]},"properties":{"osm_id":289118620,"osm_type":"way","uso_osm":"orchard","name":"","source":"Bing low resolution"}},{"type":"Feature","geometry":{"type":"Polygon","coordinates":[[[-76.6822878,7.9305698],[-76.6816593,7.9305952],[-76.6801432,7.9314772],[-76.6813854,7.9329702],[-76.6824114,7.9343777],[-76.6829655,7.9355494],[-76.6831124,7.9363216],[-76.6832224,7.9370277],[-76.6858084,7.9367464],[-76.6924812,7.9359959],[-76.6924218,7.9357233],[-76.6930318,7.9357264],[-76.6934454,7.9356758],[-76.6942313,7.9357696],[-76.709275,7.9340791],[-76.7114734,7.9331662],[-76.7107154,7.9327909],[-76.7114065,7.931996],[-76.7126103,7.9318194],[-76.7133906,7.9323714],[-76.7134977,7.9323132],[-76.7147664,7.9316232],[-76.7162706,7.9308224],[-76.7166649,7.9303016],[-76.7163973,7.9291534],[-76.7166983,7.9282923],[-76.7169719,7.9242625],[-76.7173575,7.9223419],[-76.7170537,7.9202237],[-76.7162975,7.9167804],[-76.7043509,7.9201974],[-76.6955959,7.9229332],[-76.6918007,7.9236717],[-76.6914865,7.9243565],[-76.6904114,7.9249462],[-76.6890966,7.9252051],[-76.6890239,7.9254754],[-76.6889021,7.9256554],[-76.6887025,7.9261849],[-76.687726,7.9260978],[-76.6870435,7.9265188],[-76.6866449,7.9279618],[-76.6864599,7.9284833],[-76.6861877,7.9291278],[-76.6852461,7.9293984],[-76.6846395,7.9290566],[-76.6822878,7.9305698]]]},"properties":{"osm_id":289118622,"osm_type":"way","uso_osm":"orchard","name":"","source":"Bing low resolution"}},{"type":"Feature","geometry":{"type":"Polygon","coordinates":[[[-77.0750913,8.3076768],[-77.075946,8.3082369],[-77.0762974,8.3082698],[-77.0764824,8.3084858],[-77.0767673,8.3086359],[-77.0771151,8.3082222],[-77.0763751,8.3076365],[-77.0763592,8.3073486],[-77.0769322,8.3065565],[-77.0772382,8.306761],[-77.0774868,8.3064271],[-77.0779315,8.3066911],[-77.0782925,8.3066704],[-77.0782585,8.3060931],[-77.0776777,8.3059404],[-77.0773586,8.3059896],[-77.0772173,8.3059197],[-77.0773377,8.3056815],[-77.0776202,8.305798],[-77.0782271,8.3057903],[-77.0783553,8.3059223],[-77.0785777,8.3058834],[-77.0784495,8.3053994],[-77.0785594,8.3051793],[-77.0784102,8.3050344],[-77.0774999,8.3049748],[-77.0775051,8.3047781],[-77.0772984,8.3041284],[-77.0770473,8.3042293],[-77.077131,8.3044726],[-77.076511,8.3046254],[-77.0763462,8.3046021],[-77.0758857,8.3048299],[-77.0757392,8.3046228],[-77.0755509,8.3045322],[-77.075373,8.304804],[-77.0751742,8.3047859],[-77.0751271,8.3044804],[-77.0752186,8.3043846],[-77.0748707,8.3038876],[-77.0746667,8.303986],[-77.0748969,8.304716],[-77.0752448,8.305389],[-77.0757157,8.3051457],[-77.0760113,8.3053088],[-77.0764508,8.3052674],[-77.0763435,8.3056246],[-77.0759878,8.3055935],[-77.0759354,8.3058032],[-77.0762651,8.3059378],[-77.0760767,8.3061734],[-77.0755143,8.3061475],[-77.0755169,8.3057747],[-77.0751977,8.3057695],[-77.0752291,8.3061501],[-77.0751899,8.306629],[-77.07508,8.30717],[-77.0750957,8.3074263],[-77.0750913,8.3076768]]]},"properties":{"osm_id":303400540,"osm_type":"way","uso_osm":"residential","name":""}},{"type":"Feature","geometry":{"type":"Polygon","coordinates":[[[-76.4127838,7.7448218],[-76.412697,7.7446441],[-76.4129862,7.7445123],[-76.4130701,7.7446957],[-76.4127838,7.7448218]]]},"properties":{"osm_id":313898526,"osm_type":"way","uso_osm":"orchard","name":"Huerta comunitaria"}},{"type":"Feature","geometry":{"type":"Polygon","coordinates":[[[-76.4839912,7.7632379],[-76.4841396,7.764485],[-76.4840537,7.7647403],[-76.4839106,7.7648984],[-76.4834647,7.7657373],[-76.4829261,7.7653229],[-76.4825445,7.7657575],[-76.4821764,7.7654374],[-76.4828363,7.7640599],[-76.4830058,7.7643962],[-76.4835994,7.7643044],[-76.4835388,7.7637217],[-76.4837141,7.7635342],[-76.4837691,7.7633303],[-76.4839912,7.7632379]]]},"properties":{"osm_id":313898535,"osm_type":"way","uso_osm":"residential","name":"El Cerro"}},{"type":"Feature","geometry":{"type":"Polygon","coordinates":[[[-76.5576811,7.7454956],[-76.5572877,7.7452033],[-76.5570737,7.7449167],[-76.5567903,7.7447562],[-76.5557607,7.7445212],[-76.5547947,7.744292],[-76.554118,7.7442002],[-76.5537188,7.7444238],[-76.5536784,7.744888],[-76.5544303,7.7450542],[-76.5543725,7.7457993],[-76.5544708,7.7459483],[-76.5546732,7.7462808],[-76.5553616,7.7466419],[-76.5558243,7.7466705],[-76.5564027,7.7465616],[-76.556906,7.7463266],[-76.5573514,7.745914],[-76.5576811,7.7454956]]]},"properties":{"osm_id":313898536,"osm_type":"way","uso_osm":"residential","name":"Piedras Blancas"}},{"type":"Feature","geometry":{"type":"Polygon","coordinates":[[[-76.4149717,7.7455841],[-76.4145135,7.7458218],[-76.4142751,7.7454253],[-76.414728,7.7451127],[-76.4149717,7.7455841]]]},"properties":{"osm_id":313899539,"osm_type":"way","uso_osm":"cemetery","name":"Cementario"}},{"type":"Feature","geometry":{"type":"Polygon","coordinates":[[[-76.6599524,7.8030488],[-76.6607017,7.8020364],[-76.6606847,7.8010072],[-76.6592371,7.7992355],[-76.6573126,7.8010072],[-76.6557799,7.8007203],[-76.6559161,7.7995898],[-76.6561562,7.7955416],[-76.6551136,7.7927753],[-76.6524619,7.7933787],[-76.6519293,7.7949332],[-76.6493955,7.797433],[-76.649121,7.7977338],[-76.6476564,7.7998767],[-76.6518542,7.8010201],[-76.6518212,7.8012934],[-76.6515095,7.8038788],[-76.6543834,7.8040949],[-76.6556266,7.8026945],[-76.655831,7.8012265],[-76.6576703,7.8015134],[-76.6593222,7.8033019],[-76.6599524,7.8030488]]]},"properties":{"osm_id":313904388,"osm_type":"way","uso_osm":"residential","name":"El Reposo","source":"Bing low resolution"}},{"type":"Feature","geometry":{"type":"Polygon","coordinates":[[[-76.6913983,7.6654774],[-76.6914766,7.6684344],[-76.6908203,7.6703468],[-76.6903868,7.671588],[-76.6894956,7.6714686],[-76.6887249,7.6718983],[-76.6883877,7.6731156],[-76.6877481,7.6738112],[-76.6866617,7.6745348],[-76.6862345,7.6747567],[-76.6854892,7.6747596],[-76.6849923,7.6743768],[-76.6845661,7.6737313],[-76.6843499,7.6738944],[-76.6841897,7.6743513],[-76.6841143,7.6744326],[-76.6840473,7.6744538],[-76.6833415,7.6741587],[-76.6827289,7.6739004],[-76.6824858,7.6737885],[-76.6823736,7.6736564],[-76.6821456,7.6733773],[-76.6818921,7.6729971],[-76.6818063,7.6728762],[-76.6817191,7.6727592],[-76.6816521,7.6727114],[-76.6815099,7.6726423],[-76.6813329,7.6725971],[-76.6811612,7.6725692],[-76.681066,7.6725665],[-76.6809762,7.6725771],[-76.6809091,7.6725958],[-76.6808635,7.6726316],[-76.6808032,7.6727061],[-76.6807817,7.6728177],[-76.680728,7.6729333],[-76.6806006,7.6730769],[-76.6805269,7.6732483],[-76.6804531,7.6734929],[-76.6803364,7.6738199],[-76.6799958,7.674398],[-76.6798644,7.6745814],[-76.6797812,7.6746585],[-76.6797008,7.6746784],[-76.6782363,7.6744618],[-76.6781907,7.6744219],[-76.6781862,7.6743612],[-76.6782648,7.6739643],[-76.6768197,7.6732721],[-76.676049,7.6724844],[-76.6756155,7.6716967],[-76.6753021,7.6705433],[-76.6727457,7.6699345],[-76.6703119,7.668905],[-76.669075,7.666829],[-76.6739691,7.6628615],[-76.6738439,7.6605371],[-76.6736512,7.6602507],[-76.6727697,7.6605867],[-76.6717245,7.6609668],[-76.6703757,7.6591527],[-76.6725193,7.6576489],[-76.6734104,7.6556677],[-76.6751445,7.6555006],[-76.6749037,7.6578398],[-76.6782273,7.6579592],[-76.6797628,7.6573097],[-76.680449,7.6565005],[-76.6806351,7.6550118],[-76.6826288,7.6553538],[-76.6829802,7.6576819],[-76.6829218,7.6602706],[-76.6839595,7.6603939],[-76.6858622,7.6614203],[-76.6850674,7.662757],[-76.6848507,7.6632344],[-76.6861271,7.6637357],[-76.6863198,7.665693],[-76.6868497,7.6664568],[-76.6877649,7.6659555],[-76.6884634,7.6659555],[-76.6888246,7.665144],[-76.6905587,7.6650724],[-76.6913983,7.6654774]]]},"properties":{"osm_id":313904390,"osm_type":"way","uso_osm":"residential","name":"","source":"Bing low resolution"}},{"type":"Feature","geometry":{"type":"Polygon","coordinates":[[[-76.4133153,7.7430647],[-76.4136649,7.743891],[-76.4139597,7.7447798],[-76.4128948,7.7453139],[-76.4115352,7.7457985],[-76.4112022,7.7449386],[-76.410704,7.7442618],[-76.4127916,7.7430279],[-76.4133153,7.7430647]]]},"properties":{"osm_id":314052059,"osm_type":"way","uso_osm":"residential","name":""}},{"type":"Feature","geometry":{"type":"Polygon","coordinates":[[[-77.056326,8.1657065],[-77.0559402,8.1657671],[-77.0551307,8.164365],[-77.0542865,8.164933],[-77.053804,8.1642573],[-77.0528698,8.1648837],[-77.0524814,8.1640909],[-77.053015,8.1636649],[-77.0515148,8.1612484],[-77.0495526,8.1615201],[-77.0494588,8.1611085],[-77.0516395,8.160737],[-77.0522575,8.1611999],[-77.0526416,8.1603967],[-77.0545866,8.1613435],[-77.0549506,8.1610419],[-77.0556134,8.1609852],[-77.0561064,8.1616934],[-77.0580748,8.1612316],[-77.0584795,8.1617805],[-77.0573285,8.1626193],[-77.0574872,8.1629992],[-77.0568919,8.1633143],[-77.0591763,8.166902],[-77.058768,8.1670429],[-77.0570333,8.1644803],[-77.0561079,8.165248],[-77.056326,8.1657065]]]},"properties":{"osm_id":370765400,"osm_type":"way","uso_osm":"residential","name":""}},{"type":"Feature","geometry":{"type":"Polygon","coordinates":[[[-76.7433386,8.3354097],[-76.7440553,8.3331604],[-76.7446568,8.3306604],[-76.7470486,8.3306009],[-76.7534244,8.3309954],[-76.753395,8.3280811],[-76.7518636,8.3278996],[-76.7500528,8.3275733],[-76.7503025,8.3261509],[-76.7456611,8.325427],[-76.7432319,8.3253965],[-76.7432336,8.3265187],[-76.7430875,8.3265824],[-76.7430842,8.3268929],[-76.7421655,8.3274717],[-76.7418139,8.3274037],[-76.7416039,8.3276436],[-76.7423537,8.329016],[-76.741702,8.3314541],[-76.7413542,8.3321995],[-76.7407824,8.333047],[-76.7413197,8.3335366],[-76.7410042,8.3344677],[-76.7414209,8.3345636],[-76.7420567,8.3347343],[-76.7420833,8.3354048],[-76.7433386,8.3354097]]]},"properties":{"osm_id":430078341,"osm_type":"way","uso_osm":"residential","name":"El Totumo"}},{"type":"Feature","geometry":{"type":"Polygon","coordinates":[[[-76.6606182,8.0687961],[-76.661669,8.0688129],[-76.662056,8.068093],[-76.6617831,8.0665757],[-76.661755,8.0659903],[-76.6623844,8.0649257],[-76.6623649,8.0648259],[-76.6622131,8.0640061],[-76.6608842,8.0644481],[-76.6601627,8.0651528],[-76.6597346,8.065305],[-76.6594061,8.0653844],[-76.659381,8.0652803],[-76.6594687,8.0652275],[-76.6596063,8.0648493],[-76.6600952,8.0645921],[-76.6613806,8.063715],[-76.6612665,8.0633566],[-76.6608974,8.0623449],[-76.6604565,8.0624215],[-76.6603352,8.0620542],[-76.660363,8.0617132],[-76.6603211,8.0615942],[-76.6599882,8.0614347],[-76.6576217,8.0622286],[-76.6577357,8.0640719],[-76.6572828,8.0650621],[-76.6576811,8.0656965],[-76.6579103,8.0675724],[-76.6584909,8.0681472],[-76.6587965,8.068828],[-76.659485,8.0691659],[-76.6600646,8.0693726],[-76.6606182,8.0687961]]]},"properties":{"osm_id":430078342,"osm_type":"way","uso_osm":"residential","name":"El Tres","source":"Bing low resolution"}},{"type":"Feature","geometry":{"type":"Polygon","coordinates":[[[-76.6317731,7.5855426],[-76.6317272,7.5854684],[-76.6315905,7.5855515],[-76.6316364,7.5856257],[-76.6317731,7.5855426]]]},"properties":{"osm_id":436786453,"osm_type":"way","uso_osm":"military","name":""}},{"type":"Feature","geometry":{"type":"Polygon","coordinates":[[[-76.6686516,7.8796474],[-76.6682815,7.8804099],[-76.667678,7.8802531],[-76.6680454,7.8793897],[-76.6686516,7.8796474]]]},"properties":{"osm_id":452565263,"osm_type":"way","uso_osm":"residential","name":""}},{"type":"Feature","geometry":{"type":"Polygon","coordinates":[[[-76.6327852,7.9784659],[-76.631113,7.978584],[-76.631348,7.979046],[-76.632245,7.978988],[-76.632331,7.978913],[-76.632506,7.978843],[-76.632868,7.978778],[-76.6327852,7.9784659]]]},"properties":{"osm_id":453312272,"osm_type":"way","uso_osm":"cemetery","name":"Cementerio de Currulao"}},{"type":"Feature","geometry":{"type":"Polygon","coordinates":[[[-76.6063012,8.0096073],[-76.605327,8.009981],[-76.6051769,8.0096018],[-76.6051716,8.0094053],[-76.6052842,8.009307],[-76.6051903,8.0088263],[-76.6057724,8.0086244],[-76.6056329,8.0084305],[-76.6055363,8.0083269],[-76.6050804,8.0084358],[-76.6049441,8.0082801],[-76.6049138,8.0080814],[-76.6056031,8.0077613],[-76.6061138,8.0077711],[-76.6062343,8.0081584],[-76.6063012,8.0096073]]]},"properties":{"osm_id":453322017,"osm_type":"way","uso_osm":"residential","name":""}},{"type":"Feature","geometry":{"type":"Polygon","coordinates":[[[-76.6031363,8.0294793],[-76.604483,8.030064],[-76.604935,8.029379],[-76.6036332,8.028791],[-76.6032991,8.0292718],[-76.6031363,8.0294793]]]},"properties":{"osm_id":453322019,"osm_type":"way","uso_osm":"residential","name":""}},{"type":"Feature","geometry":{"type":"Polygon","coordinates":[[[-76.61269,8.0067111],[-76.6123666,8.0068037],[-76.6120368,8.0068201],[-76.6120293,8.0060724],[-76.6123387,8.0060218],[-76.6124839,8.0059644],[-76.6126373,8.0058981],[-76.61269,8.0067111]]]},"properties":{"osm_id":453323182,"osm_type":"way","uso_osm":"residential","name":""}},{"type":"Feature","geometry":{"type":"Polygon","coordinates":[[[-76.6325057,7.8868961],[-76.631938,7.8867535],[-76.631986,7.8865781],[-76.6316911,7.8865047],[-76.6318803,7.8858788],[-76.6327165,7.8860446],[-76.6325057,7.8868961]]]},"properties":{"osm_id":454422966,"osm_type":"way","uso_osm":"cemetery","name":"Cementerio"}},{"type":"Feature","geometry":{"type":"Polygon","coordinates":[[[-76.607526,7.878444],[-76.607554,7.878381],[-76.607687,7.878111],[-76.607992,7.878204],[-76.607886,7.878553],[-76.607667,7.878486],[-76.607526,7.878444]]]},"properties":{"osm_id":454552387,"osm_type":"way","uso_osm":"residential","name":"Centro Comunitario Ind'igena"}},{"type":"Feature","geometry":{"type":"Polygon","coordinates":[[[-76.6693121,7.8639625],[-76.6689602,7.8642244],[-76.6691654,7.8644921],[-76.669505,7.8642321],[-76.6693121,7.8639625]]]},"properties":{"osm_id":454574653,"osm_type":"way","uso_osm":"orchard","name":"Huerta comunitaría"}},{"type":"Feature","geometry":{"type":"Polygon","coordinates":[[[-76.667182,7.867927],[-76.666448,7.868145],[-76.6665791,7.868539],[-76.6673093,7.8683069],[-76.667182,7.867927]]]},"properties":{"osm_id":454574668,"osm_type":"way","uso_osm":"cemetery","name":"Cementerio"}},{"type":"Feature","geometry":{"type":"Polygon","coordinates":[[[-76.634729,7.8900111],[-76.634496,7.890899],[-76.6336346,7.8906805],[-76.6340672,7.8891029],[-76.6356261,7.8895307],[-76.6354489,7.8902],[-76.634729,7.8900111]]]},"properties":{"osm_id":454574731,"osm_type":"way","uso_osm":"recreation_ground","name":"Hogar Juvenil Campesino"}},{"type":"Feature","geometry":{"type":"Polygon","coordinates":[[[-76.3349324,8.0339186],[-76.3345115,8.0341042],[-76.334342,8.0336947],[-76.3347572,8.0335266],[-76.3349324,8.0339186]]]},"properties":{"osm_id":455298535,"osm_type":"way","uso_osm":"cemetery","name":"Cementrio"}},{"type":"Feature","geometry":{"type":"Polygon","coordinates":[[[-76.677324,7.679572],[-76.677122,7.680151],[-76.677833,7.680398],[-76.678034,7.679819],[-76.677324,7.679572]]]},"properties":{"osm_id":466431320,"osm_type":"way","uso_osm":"cemetery","name":"Cementerio"}},{"type":"Feature","geometry":{"type":"Polygon","coordinates":[[[-76.7900297,8.429222],[-76.7899705,8.4291147],[-76.789961,8.4290045],[-76.7899542,8.4288886],[-76.7899542,8.4287612],[-76.789958,8.4286578],[-76.7902567,8.4285487],[-76.7903888,8.4287197],[-76.7905339,8.4288902],[-76.7906403,8.4291386],[-76.7903526,8.42931],[-76.790252,8.4293949],[-76.7901176,8.4294748],[-76.7900297,8.429222]]]},"properties":{"osm_id":467488925,"osm_type":"way","uso_osm":"cemetery","name":"Cementerio Necoclí"}},{"type":"Feature","geometry":{"type":"Polygon","coordinates":[[[-76.384374,8.282614],[-76.3846217,8.2829509],[-76.3846864,8.2830385],[-76.385012,8.283479],[-76.384365,8.284047],[-76.384221,8.283855],[-76.384074,8.283448],[-76.384022,8.282951],[-76.384374,8.282614]]]},"properties":{"osm_id":467636676,"osm_type":"way","uso_osm":"cemetery","name":"Cementerio"}},{"type":"Feature","geometry":{"type":"Polygon","coordinates":[[[-76.5638851,7.8830721],[-76.5637207,7.8838308],[-76.5638709,7.884046],[-76.5638817,7.8842214],[-76.5639105,7.8845137],[-76.5635866,7.8846969],[-76.5634552,7.8850662],[-76.5629831,7.8851247],[-76.5626505,7.8851194],[-76.5624789,7.8851885],[-76.5617949,7.8851034],[-76.5613899,7.8851459],[-76.5612289,7.8849865],[-76.5610573,7.8848643],[-76.5609661,7.8841735],[-76.5609017,7.8837431],[-76.5608803,7.8833977],[-76.5610144,7.8829992],[-76.5611485,7.8828929],[-76.5618995,7.8831321],[-76.5624467,7.883249],[-76.5630099,7.883419],[-76.5636806,7.8831271],[-76.5638851,7.8830721]]]},"properties":{"osm_id":491001733,"osm_type":"way","uso_osm":"residential","name":"San José de Apartadó"}},{"type":"Feature","geometry":{"type":"Polygon","coordinates":[[[-76.5618888,7.8859178],[-76.561709,7.8857982],[-76.5615347,7.8854767],[-76.5616393,7.8851845],[-76.5620685,7.8854209],[-76.5620396,7.8854805],[-76.5619719,7.8856202],[-76.5618888,7.8859178]]]},"properties":{"osm_id":497811389,"osm_type":"way","uso_osm":"cemetery","name":"Cementerio"}},{"type":"Feature","geometry":{"type":"Polygon","coordinates":[[[-76.6570455,8.0360791],[-76.6568068,8.0360552],[-76.6567223,8.0372065],[-76.6594997,8.0373685],[-76.6595373,8.0369847],[-76.6570817,8.0367869],[-76.6570455,8.0360791]]]},"properties":{"osm_id":498117316,"osm_type":"way","uso_osm":"residential","name":""}},{"type":"Feature","geometry":{"type":"Polygon","coordinates":[[[-76.6581814,8.03503],[-76.6566566,8.0348348],[-76.6566177,8.0352066],[-76.6568014,8.0352292],[-76.6567773,8.0356422],[-76.6570146,8.035678],[-76.6570468,8.0354908],[-76.6579588,8.0354629],[-76.6581814,8.03503]]]},"properties":{"osm_id":498117317,"osm_type":"way","uso_osm":"residential","name":""}},{"type":"Feature","geometry":{"type":"Polygon","coordinates":[[[-76.6571072,8.0326145],[-76.6584925,8.0327459],[-76.6585059,8.0325733],[-76.6573499,8.0324405],[-76.657488,8.0313025],[-76.6572131,8.0312719],[-76.6571072,8.0326145]]]},"properties":{"osm_id":498117474,"osm_type":"way","uso_osm":"residential","name":""}},{"type":"Feature","geometry":{"type":"Polygon","coordinates":[[[-76.5644342,8.0516501],[-76.5644583,8.0514948],[-76.5647788,8.0513713],[-76.564988,8.0512611],[-76.5650015,8.0514018],[-76.5648191,8.0516249],[-76.5644342,8.0516501]]]},"properties":{"osm_id":498117507,"osm_type":"way","uso_osm":"residential","name":""}},{"type":"Feature","geometry":{"type":"Polygon","coordinates":[[[-76.8261936,7.5104577],[-76.8259093,7.5101997],[-76.8258315,7.5094445],[-76.826081,7.5072666],[-76.8271324,7.5075325],[-76.8270332,7.5078862],[-76.8267689,7.5089852],[-76.8264176,7.5089665],[-76.8263908,7.5092916],[-76.8265443,7.509357],[-76.8265231,7.5095105],[-76.8263509,7.5095395],[-76.8263143,7.5099684],[-76.8261158,7.5100029],[-76.8261936,7.5104577]]]},"properties":{"osm_id":498960453,"osm_type":"way","uso_osm":"residential","name":"Macondo"}},{"type":"Feature","geometry":{"type":"Polygon","coordinates":[[[-76.6958416,7.566235],[-76.6944912,7.5666825],[-76.6961999,7.5717511],[-76.6975512,7.5713033],[-76.6958416,7.566235]]]},"properties":{"osm_id":498960461,"osm_type":"way","uso_osm":"residential","name":"Barranquillita"}},{"type":"Feature","geometry":{"type":"Polygon","coordinates":[[[-76.3824812,8.4887061],[-76.3824704,8.4883877],[-76.382736,8.4882498],[-76.3826019,8.487759],[-76.3827682,8.4877272],[-76.3827682,8.4879023],[-76.3835004,8.4878917],[-76.3835272,8.4870879],[-76.3827145,8.4870348],[-76.382449,8.4862973],[-76.3826448,8.4861567],[-76.3832,8.4866714],[-76.3842595,8.4867801],[-76.3848522,8.485337],[-76.3852733,8.4851247],[-76.3856435,8.4860745],[-76.3860807,8.4855015],[-76.3879126,8.4864459],[-76.3874137,8.4867589],[-76.386888,8.4867669],[-76.3867298,8.4875256],[-76.3873547,8.4879792],[-76.3870087,8.4885628],[-76.3855362,8.4882445],[-76.3846967,8.4877351],[-76.3844043,8.4883692],[-76.3839912,8.4880031],[-76.3824812,8.4887061]]]},"properties":{"osm_id":499698961,"osm_type":"way","uso_osm":"residential","name":"El Guadual"}},{"type":"Feature","geometry":{"type":"Polygon","coordinates":[[[-76.7455155,8.3290791],[-76.7450085,8.3290008],[-76.745258,8.3283135],[-76.7456462,8.3283646],[-76.7455155,8.3290791]]]},"properties":{"osm_id":501279987,"osm_type":"way","uso_osm":"cemetery","name":"Cementerio"}},{"type":"Feature","geometry":{"type":"Polygon","coordinates":[[[-76.5682255,8.4526949],[-76.5686251,8.4523951],[-76.5684226,8.4521259],[-76.5679854,8.4524522],[-76.5682255,8.4526949]]]},"properties":{"osm_id":501801817,"osm_type":"way","uso_osm":"cemetery","name":"Cementerio"}},{"type":"Feature","geometry":{"type":"Polygon","coordinates":[[[-76.6388199,8.416971],[-76.6386616,8.416626],[-76.6379938,8.4168688],[-76.6380917,8.4172151],[-76.6383384,8.4171746],[-76.6388199,8.416971]]]},"properties":{"osm_id":501801821,"osm_type":"way","uso_osm":"cemetery","name":"Cementerio"}},{"type":"Feature","geometry":{"type":"Polygon","coordinates":[[[-76.4761117,7.7514823],[-76.4757536,7.7520139],[-76.4753627,7.7521295],[-76.4746634,7.7514823],[-76.4731908,7.7495516],[-76.4746875,7.748701],[-76.4761117,7.7514823]]]},"properties":{"osm_id":504336692,"osm_type":"way","uso_osm":"residential","name":""}},{"type":"Feature","geometry":{"type":"Polygon","coordinates":[[[-76.5365982,7.9097915],[-76.5370649,7.9107904],[-76.5384758,7.9106204],[-76.5394467,7.9094514],[-76.5391785,7.9088138],[-76.5365982,7.9097915]]]},"properties":{"osm_id":504338871,"osm_type":"way","uso_osm":"residential","name":""}},{"type":"Feature","geometry":{"type":"Polygon","coordinates":[[[-76.7393696,7.9037635],[-76.7389512,7.9032109],[-76.7380715,7.9036892],[-76.7374277,7.9042524],[-76.7367196,7.9049963],[-76.7363012,7.9056976],[-76.7358506,7.9064521],[-76.7356146,7.9069516],[-76.7356467,7.9073448],[-76.7361725,7.9074404],[-76.7365801,7.9077167],[-76.7366874,7.907196],[-76.7369878,7.9066832],[-76.7371836,7.9062529],[-76.737409,7.9059022],[-76.7375376,7.905563],[-76.7374814,7.9052301],[-76.737814,7.904805],[-76.7380071,7.9045712],[-76.7389126,7.9041468],[-76.7390049,7.9041036],[-76.7393696,7.9037635]]]},"properties":{"osm_id":504920099,"osm_type":"way","uso_osm":"residential","name":"Puerto Girón"}},{"type":"Feature","geometry":{"type":"Polygon","coordinates":[[[-76.6494694,8.4197091],[-76.647911,8.419656],[-76.6482892,8.4169921],[-76.6479673,8.4161005],[-76.6465082,8.4163128],[-76.6448774,8.4157821],[-76.6465296,8.4165888],[-76.645328,8.4180958],[-76.6439333,8.4185416],[-76.6426029,8.4174378],[-76.64153,8.416801],[-76.6420235,8.4182657],[-76.6417446,8.4196878],[-76.6404357,8.4200487],[-76.639749,8.4213435],[-76.6387834,8.4213223],[-76.6380968,8.4210888],[-76.6380753,8.419794],[-76.6396847,8.4184991],[-76.6389122,8.4176501],[-76.6375174,8.4170345],[-76.6382255,8.415952],[-76.6404142,8.4157185],[-76.6420021,8.4147633],[-76.6438689,8.4126831],[-76.6442551,8.411558],[-76.6455211,8.4111335],[-76.6456499,8.4125132],[-76.6449203,8.4132349],[-76.6458001,8.4141265],[-76.6459503,8.4147633],[-76.6472378,8.4151241],[-76.6495981,8.4149755],[-76.6498349,8.4156912],[-76.6499843,8.416143],[-76.649405,8.4173741],[-76.6489973,8.4180958],[-76.6494694,8.4197091]]]},"properties":{"osm_id":504924859,"osm_type":"way","uso_osm":"residential","name":"Pueblo Nuevo"}},{"type":"Feature","geometry":{"type":"Polygon","coordinates":[[[-76.6706822,8.5035124],[-76.6696308,8.5033002],[-76.6690943,8.5029182],[-76.6692338,8.5020906],[-76.6689656,8.5014539],[-76.6691802,8.5010401],[-76.6699312,8.5008915],[-76.6695771,8.500032],[-76.6701458,8.4998304],[-76.6709611,8.5003822],[-76.6716692,8.5006687],[-76.6724954,8.5000957],[-76.6730318,8.4998941],[-76.6733,8.5004247],[-76.6729782,8.5010507],[-76.6723666,8.5011038],[-76.673461,8.5017404],[-76.6726456,8.5025575],[-76.6720662,8.5025362],[-76.6714654,8.5032153],[-76.671283,8.5036185],[-76.6706822,8.5035124]]]},"properties":{"osm_id":504926257,"osm_type":"way","uso_osm":"residential","name":"Caribia"}},{"type":"Feature","geometry":{"type":"Polygon","coordinates":[[[-76.3175585,8.4011594],[-76.3153054,8.4003103],[-76.3163998,8.3955128],[-76.3177945,8.3930716],[-76.3193609,8.3930292],[-76.3188889,8.3944939],[-76.318567,8.3952157],[-76.3196184,8.3959586],[-76.3181164,8.399164],[-76.3170435,8.3989305],[-76.3179877,8.3998857],[-76.3176872,8.4006711],[-76.3175585,8.4011594]]]},"properties":{"osm_id":504929342,"osm_type":"way","uso_osm":"residential","name":"Santa Catalina"}},{"type":"Feature","geometry":{"type":"Polygon","coordinates":[[[-76.366035,8.4570538],[-76.3669395,8.4553823],[-76.3665318,8.4538754],[-76.3658666,8.4534721],[-76.3632273,8.4545545],[-76.363635,8.4558492],[-76.3638365,8.4563745],[-76.366035,8.4570538]]]},"properties":{"osm_id":504930349,"osm_type":"way","uso_osm":"residential","name":"El Tomate"}},{"type":"Feature","geometry":{"type":"Polygon","coordinates":[[[-76.3872337,8.1302088],[-76.3872203,8.1299858],[-76.3872096,8.1298743],[-76.3872284,8.1297389],[-76.3872793,8.1292928],[-76.3872954,8.1287829],[-76.3871882,8.1284325],[-76.3868161,8.1282659],[-76.3867375,8.1282307],[-76.3867319,8.1282024],[-76.3866893,8.1279864],[-76.3873866,8.1278483],[-76.3876337,8.1275449],[-76.3873866,8.1273863],[-76.3868287,8.1273916],[-76.3865659,8.1277049],[-76.3861528,8.1278695],[-76.3862092,8.1283395],[-76.3861877,8.1285546],[-76.3859543,8.1287962],[-76.3857397,8.1294005],[-76.385681,8.1295655],[-76.3858148,8.1303389],[-76.3862681,8.1304823],[-76.3865769,8.1302931],[-76.3869092,8.1303124],[-76.3872337,8.1302088]]]},"properties":{"osm_id":504931295,"osm_type":"way","uso_osm":"residential","name":"Alto San Juan"}},{"type":"Feature","geometry":{"type":"Polygon","coordinates":[[[-76.6847278,7.5332383],[-76.6847278,7.5329831],[-76.6830326,7.5329192],[-76.6826035,7.5323449],[-76.681037,7.532196],[-76.681037,7.532898],[-76.683333,7.5333447],[-76.6847278,7.5332383]]]},"properties":{"osm_id":504932780,"osm_type":"way","uso_osm":"residential","name":"Puerto Rico"}},{"type":"Feature","geometry":{"type":"Polygon","coordinates":[[[-76.8110729,7.5444238],[-76.8105968,7.5441393],[-76.8104895,7.5445115],[-76.8099852,7.5450965],[-76.8095346,7.5445009],[-76.8093522,7.5448625],[-76.8088265,7.5440861],[-76.8078716,7.5442882],[-76.8075819,7.5451497],[-76.8073459,7.5458517],[-76.807417,7.5460098],[-76.8064608,7.5464912],[-76.8066485,7.5469897],[-76.8070777,7.5472556],[-76.8076678,7.5480214],[-76.8084925,7.5485399],[-76.8091913,7.5484256],[-76.8096312,7.5489573],[-76.8102427,7.5497338],[-76.8112834,7.5503294],[-76.8118534,7.5501206],[-76.8128739,7.548633],[-76.8121846,7.548149],[-76.8116804,7.5480427],[-76.8108221,7.5479895],[-76.810291,7.5477369],[-76.8097063,7.5468195],[-76.8100334,7.5457533],[-76.8110729,7.5444238]]]},"properties":{"osm_id":504933655,"osm_type":"way","uso_osm":"residential","name":"Blanquicet"}},{"type":"Feature","geometry":{"type":"Polygon","coordinates":[[[-76.9641771,7.6505622],[-76.9633403,7.6495414],[-76.9622674,7.6488183],[-76.9605079,7.6483291],[-76.9598427,7.6502857],[-76.9602776,7.651269],[-76.9602925,7.6513678],[-76.9605293,7.6518382],[-76.9620743,7.6521997],[-76.9629755,7.6527101],[-76.9641771,7.6505622]]]},"properties":{"osm_id":504935632,"osm_type":"way","uso_osm":"residential","name":"Lomas Aisladas"}},{"type":"Feature","geometry":{"type":"Polygon","coordinates":[[[-76.9533951,7.6161528],[-76.9533361,7.6157699],[-76.953143,7.6156742],[-76.9527836,7.6154615],[-76.9524993,7.6158497],[-76.9520111,7.6158922],[-76.9518126,7.6161687],[-76.9522686,7.6167323],[-76.9527836,7.6168971],[-76.9532449,7.6165994],[-76.9533951,7.6161528]]]},"properties":{"osm_id":504935860,"osm_type":"way","uso_osm":"residential","name":"Bellavista-Turbo"}},{"type":"Feature","geometry":{"type":"Polygon","coordinates":[[[-76.6242178,7.9303356],[-76.624517,7.9303657],[-76.6247259,7.9303909],[-76.625132,7.9303851],[-76.6271125,7.9307741],[-76.6272324,7.9303636],[-76.6261279,7.9289458],[-76.6267073,7.9283082],[-76.6269015,7.9273446],[-76.628146,7.925678],[-76.6286083,7.9255095],[-76.6276562,7.9256749],[-76.6273858,7.9251557],[-76.6264474,7.925928],[-76.6264271,7.9256231],[-76.6251049,7.9269082],[-76.6237676,7.9278194],[-76.6241483,7.9289871],[-76.6243494,7.9296737],[-76.624065,7.9302634],[-76.6242178,7.9303356]]]},"properties":{"osm_id":504937129,"osm_type":"way","uso_osm":"residential","name":"Riogrande-Turbo"}},{"type":"Feature","geometry":{"type":"Polygon","coordinates":[[[-76.5209731,8.0382382],[-76.5210375,8.0393005],[-76.5211662,8.0401716],[-76.5189561,8.0406178],[-76.5183123,8.0410003],[-76.5170678,8.0409153],[-76.5162095,8.0393855],[-76.5153887,8.0388823],[-76.5138277,8.0345412],[-76.5138277,8.0331602],[-76.5143427,8.0318641],[-76.5158447,8.0310779],[-76.5169176,8.0318641],[-76.5171961,8.0321858],[-76.518205,8.0333514],[-76.51975,8.0341375],[-76.5213379,8.0344987],[-76.5215739,8.0376645],[-76.5209731,8.0382382]]]},"properties":{"osm_id":504937630,"osm_type":"way","uso_osm":"residential","name":"Nueva Antioquia"}},{"type":"Feature","geometry":{"type":"Polygon","coordinates":[[[-76.5509547,8.1393527],[-76.5505041,8.1389278],[-76.5506006,8.1381419],[-76.5507442,8.1378711],[-76.5508044,8.1375684],[-76.5514589,8.1370373],[-76.5513624,8.1360284],[-76.551019,8.1348601],[-76.5506972,8.1342441],[-76.5511371,8.1333413],[-76.5516842,8.1323323],[-76.5525747,8.1316738],[-76.552564,8.1310365],[-76.5521778,8.1306542],[-76.5512014,8.1318119],[-76.5502036,8.1327784],[-76.5496887,8.1341485],[-76.5498496,8.1347645],[-76.5499247,8.1361558],[-76.5496632,8.1364904],[-76.5495814,8.1369949],[-76.5496243,8.1380569],[-76.5496565,8.1395226],[-76.55015,8.1397403],[-76.5504625,8.1398545],[-76.5506757,8.1397563],[-76.5509547,8.1393527]]]},"properties":{"osm_id":504937708,"osm_type":"way","uso_osm":"residential","name":"Alto de Mulatos"}},{"type":"Feature","geometry":{"type":"Polygon","coordinates":[[[-76.6858672,8.1270352],[-76.6840592,8.1279835],[-76.6837107,8.1281663],[-76.6826486,8.1278158],[-76.6806958,8.1293134],[-76.6786681,8.1302268],[-76.677488,8.1272954],[-76.6772519,8.1257872],[-76.6790973,8.1239391],[-76.6804287,8.1232068],[-76.6807284,8.12381],[-76.6810033,8.1244109],[-76.6812438,8.1249968],[-76.6814557,8.1253112],[-76.6817504,8.1256337],[-76.6821822,8.1260634],[-76.6828297,8.1263715],[-76.6834734,8.1265851],[-76.6858672,8.1270352]]]},"properties":{"osm_id":504937839,"osm_type":"way","uso_osm":"residential","name":"El Dos"}},{"type":"Feature","geometry":{"type":"Polygon","coordinates":[[[-76.5280413,8.2034559],[-76.5284919,8.2017568],[-76.5281271,8.2014807],[-76.5276636,8.2017044],[-76.5264105,8.202309],[-76.5259579,8.2020356],[-76.5251445,8.2015444],[-76.524093,8.1998029],[-76.5232347,8.2003338],[-76.5235781,8.2025214],[-76.5242432,8.2036258],[-76.5236424,8.2046877],[-76.5225481,8.2041992],[-76.5222906,8.2053036],[-76.5220116,8.20713],[-76.5223315,8.2072321],[-76.5227412,8.2073637],[-76.5235351,8.2066203],[-76.5242862,8.2055372],[-76.5248011,8.2059832],[-76.5253805,8.205792],[-76.5262603,8.2058558],[-76.5274404,8.2060044],[-76.527934,8.2054522],[-76.527934,8.2044965],[-76.5271615,8.2038381],[-76.5269255,8.2033072],[-76.5275692,8.2034346],[-76.5280413,8.2034559]]]},"properties":{"osm_id":504938211,"osm_type":"way","uso_osm":"residential","name":"Pueblo Bello"}},{"type":"Feature","geometry":{"type":"Polygon","coordinates":[[[-76.4572157,8.2334697],[-76.4556922,8.2338307],[-76.454968,8.2337431],[-76.4536054,8.2338706],[-76.4531387,8.2325353],[-76.4514865,8.232514],[-76.4506067,8.2319831],[-76.4515294,8.2309001],[-76.4518513,8.2303267],[-76.4529885,8.2297958],[-76.4541472,8.2294135],[-76.4553489,8.2282455],[-76.4556922,8.2290312],[-76.4553489,8.229817],[-76.4568294,8.2297533],[-76.4572799,8.2302481],[-76.4572371,8.2308364],[-76.4568724,8.2319194],[-76.4564217,8.232238],[-76.4572157,8.2334697]]]},"properties":{"osm_id":504938496,"osm_type":"way","uso_osm":"residential","name":"San Vicente del Congo"}},{"type":"Feature","geometry":{"type":"Polygon","coordinates":[[[-76.4893471,8.3696209],[-76.4893055,8.3691043],[-76.488834,8.3690823],[-76.4881391,8.3694902],[-76.4876104,8.368701],[-76.4867272,8.3678944],[-76.4864946,8.367682],[-76.4857351,8.368064],[-76.4852286,8.3683188],[-76.4852929,8.369635],[-76.4849764,8.3698341],[-76.4852232,8.3702202],[-76.4843703,8.3707184],[-76.4838915,8.3694493],[-76.4837426,8.3693237],[-76.4835377,8.3693201],[-76.4831526,8.3691473],[-76.4827244,8.3693431],[-76.4829921,8.3698845],[-76.4825142,8.3706009],[-76.4827368,8.3715748],[-76.4841771,8.3738596],[-76.4852373,8.3747363],[-76.4858723,8.3742205],[-76.4858294,8.3734987],[-76.4863229,8.3736473],[-76.4867837,8.3739954],[-76.4876104,8.3746451],[-76.4879215,8.3744081],[-76.487825,8.3740295],[-76.4874387,8.3730954],[-76.4877606,8.3723524],[-76.4878679,8.3714395],[-76.4883185,8.3708451],[-76.4890279,8.370701],[-76.4894777,8.370361],[-76.4893471,8.3696209]]]},"properties":{"osm_id":504938707,"osm_type":"way","uso_osm":"residential","name":"San José de Mulatos"}},{"type":"Feature","geometry":{"type":"Polygon","coordinates":[[[-76.7401805,8.0747546],[-76.7396387,8.0748901],[-76.7396107,8.0747703],[-76.7395404,8.0744504],[-76.7395131,8.0743496],[-76.7395116,8.0742009],[-76.7395372,8.0741941],[-76.7397648,8.0741337],[-76.7397916,8.0741266],[-76.7400035,8.0740828],[-76.7401564,8.0746537],[-76.7401805,8.0747546]]]},"properties":{"osm_id":507107555,"osm_type":"way","uso_osm":"military","name":"Puesto de guardacostas"}},{"type":"Feature","geometry":{"type":"Polygon","coordinates":[[[-76.7401819,8.0740004],[-76.7400907,8.0740349],[-76.7400572,8.0739287],[-76.7401484,8.0738982],[-76.7401819,8.0740004]]]},"properties":{"osm_id":507107556,"osm_type":"way","uso_osm":"military","name":"Puesto de guardacostas"}},{"type":"Feature","geometry":{"type":"Polygon","coordinates":[[[-76.7397648,8.0741337],[-76.7395372,8.0741941],[-76.73951,8.074104],[-76.7397366,8.0740363],[-76.7397648,8.0741337]]]},"properties":{"osm_id":507107557,"osm_type":"way","uso_osm":"military","name":"Puesto de guardacostas"}},{"type":"Feature","geometry":{"type":"Polygon","coordinates":[[[-76.7393812,8.0748343],[-76.7393571,8.0747413],[-76.7395019,8.0746962],[-76.7395019,8.0747998],[-76.7393812,8.0748343]]]},"properties":{"osm_id":507109491,"osm_type":"way","uso_osm":"military","name":"Puesto de guardacostas"}},{"type":"Feature","geometry":{"type":"Polygon","coordinates":[[[-76.7394885,8.0742076],[-76.7391479,8.0742925],[-76.7393008,8.0747573],[-76.7395019,8.0746962],[-76.7394885,8.0742076]]]},"properties":{"osm_id":507109492,"osm_type":"way","uso_osm":"military","name":"Puesto de guardacostas"}},{"type":"Feature","geometry":{"type":"Polygon","coordinates":[[[-76.7379865,8.0711191],[-76.7379892,8.0712678],[-76.737733,8.0712744],[-76.7377263,8.0711177],[-76.7379865,8.0711191]]]},"properties":{"osm_id":507109493,"osm_type":"way","uso_osm":"military","name":"Puesto de guardacostas"}},{"type":"Feature","geometry":{"type":"Polygon","coordinates":[[[-76.7390165,8.0743151],[-76.738973,8.0743289],[-76.7388153,8.0743789],[-76.7388287,8.0744506],[-76.7387962,8.074467],[-76.7384773,8.0746285],[-76.738539,8.0748223],[-76.7384881,8.0748462],[-76.7385927,8.0750852],[-76.739046,8.0749339],[-76.7389735,8.0746471],[-76.7391157,8.0745993],[-76.7390165,8.0743151]]]},"properties":{"osm_id":507109494,"osm_type":"way","uso_osm":"military","name":"Puesto de guardacostas"}},{"type":"Feature","geometry":{"type":"Polygon","coordinates":[[[-76.7209769,7.9734388],[-76.7200295,7.9736295],[-76.7199543,7.9727579],[-76.7209913,7.9725196],[-76.7209769,7.9734388]]]},"properties":{"osm_id":507417557,"osm_type":"way","uso_osm":"farmland","name":""}},{"type":"Feature","geometry":{"type":"Polygon","coordinates":[[[-76.6502971,7.791039],[-76.6479233,7.791132],[-76.6480815,7.7900372],[-76.6468477,7.7897289],[-76.646086,7.7883098],[-76.6462576,7.7881822],[-76.6494602,7.7883311],[-76.6503909,7.7881929],[-76.6507141,7.7874707],[-76.652365,7.7874302],[-76.6523436,7.7881504],[-76.6509381,7.7882699],[-76.6502971,7.791039]]]},"properties":{"osm_id":519807631,"osm_type":"way","uso_osm":"residential","name":""}},{"type":"Feature","geometry":{"type":"Polygon","coordinates":[[[-76.7127604,7.8203789],[-76.7129642,7.8207217],[-76.7132512,7.8205729],[-76.7135221,7.821014],[-76.7139566,7.8207615],[-76.7134497,7.8199617],[-76.7142463,7.8194834],[-76.7134658,7.8181149],[-76.7130634,7.8181707],[-76.7126799,7.8184842],[-76.7122641,7.818277],[-76.7121166,7.8182796],[-76.7118832,7.818928],[-76.7123955,7.8195525],[-76.7122481,7.8203284],[-76.7127604,7.8203789]]]},"properties":{"osm_id":519807651,"osm_type":"way","uso_osm":"residential","name":""}},{"type":"Feature","geometry":{"type":"Polygon","coordinates":[[[-76.7784187,7.7861779],[-76.7783739,7.7863565],[-76.7790551,7.787191],[-76.7794307,7.7879045],[-76.7799215,7.7874089],[-76.7801991,7.7869598],[-76.7792898,7.7864456],[-76.7784187,7.7861779]]]},"properties":{"osm_id":519807701,"osm_type":"way","uso_osm":"residential","name":""}},{"type":"Feature","geometry":{"type":"Polygon","coordinates":[[[-76.7701663,7.7809512],[-76.7691753,7.7809698],[-76.7689338,7.7810655],[-76.7686696,7.7809101],[-76.7696178,7.7798244],[-76.7701126,7.7803851],[-76.7701663,7.7809512]]]},"properties":{"osm_id":519807703,"osm_type":"way","uso_osm":"residential","name":""}},{"type":"Feature","geometry":{"type":"Polygon","coordinates":[[[-76.6445249,8.0318429],[-76.6433769,8.0317367],[-76.6435191,8.0309691],[-76.6445115,8.0304114],[-76.6447905,8.0307142],[-76.6445249,8.0318429]]]},"properties":{"osm_id":520386761,"osm_type":"way","uso_osm":"residential","name":""}},{"type":"Feature","geometry":{"type":"Polygon","coordinates":[[[-76.6432992,7.8249042],[-76.6448817,7.8245906],[-76.6442058,7.822231],[-76.6432616,7.8228554],[-76.6433609,7.8234188],[-76.6425186,7.8234108],[-76.6421834,7.8239795],[-76.6426393,7.8253718],[-76.6433179,7.825138],[-76.6432992,7.8249042]]]},"properties":{"osm_id":520386779,"osm_type":"way","uso_osm":"residential","name":""}},{"type":"Feature","geometry":{"type":"Polygon","coordinates":[[[-76.4566349,8.2312621],[-76.4564994,8.2308294],[-76.4569406,8.2306967],[-76.4570144,8.2310935],[-76.4569634,8.231148],[-76.4566349,8.2312621]]]},"properties":{"osm_id":520913815,"osm_type":"way","uso_osm":"cemetery","name":"Cementerio"}},{"type":"Feature","geometry":{"type":"Polygon","coordinates":[[[-76.4872187,8.2175523],[-76.4872577,8.2170997],[-76.485537,8.2172802],[-76.4850381,8.2176837],[-76.4843863,8.2189951],[-76.4840511,8.2203437],[-76.4862491,8.2193814],[-76.4867011,8.218354],[-76.4864945,8.2179386],[-76.4872187,8.2175523]]]},"properties":{"osm_id":520913828,"osm_type":"way","uso_osm":"residential","name":""}},{"type":"Feature","geometry":{"type":"Polygon","coordinates":[[[-76.3618201,8.3063742],[-76.3614567,8.3066436],[-76.3603194,8.3049981],[-76.3586444,8.3047579],[-76.3587973,8.3040652],[-76.3597521,8.3041156],[-76.3608143,8.3048614],[-76.3618201,8.3063742]]]},"properties":{"osm_id":521011472,"osm_type":"way","uso_osm":"residential","name":""}},{"type":"Feature","geometry":{"type":"Polygon","coordinates":[[[-76.3263425,8.2580804],[-76.3259885,8.2578229],[-76.3263613,8.2574195],[-76.3265893,8.2573558],[-76.3272116,8.2570611],[-76.3274127,8.2570744],[-76.3276407,8.2574433],[-76.3279438,8.2572363],[-76.3278633,8.257008],[-76.3279679,8.2566762],[-76.3282979,8.2566868],[-76.3308781,8.2559542],[-76.3313395,8.2568514],[-76.3303739,8.2572416],[-76.3297436,8.2578282],[-76.3295049,8.2585263],[-76.327107,8.2578601],[-76.3263425,8.2580804]]]},"properties":{"osm_id":521011488,"osm_type":"way","uso_osm":"residential","name":""}},{"type":"Feature","geometry":{"type":"Polygon","coordinates":[[[-76.4967084,8.2689447],[-76.4952976,8.2683953],[-76.4949167,8.2691491],[-76.4945278,8.2700117],[-76.4948899,8.2701285],[-76.4948282,8.270378],[-76.4951929,8.2704709],[-76.4950562,8.2713283],[-76.4954478,8.2713867],[-76.4955577,8.2721299],[-76.495842,8.2721033],[-76.4956724,8.2712048],[-76.496115,8.2712871],[-76.4964831,8.2711876],[-76.4971671,8.2704391],[-76.4963865,8.2700675],[-76.4966145,8.2697198],[-76.4965501,8.2695101],[-76.4965475,8.269372],[-76.4967084,8.2689447]]]},"properties":{"osm_id":521415543,"osm_type":"way","uso_osm":"residential","name":""}},{"type":"Feature","geometry":{"type":"Polygon","coordinates":[[[-76.4358196,8.3173155],[-76.4357311,8.3176525],[-76.4359105,8.3176713],[-76.4360677,8.3177361],[-76.4360629,8.3178808],[-76.4349452,8.3179246],[-76.4349613,8.317752],[-76.4344396,8.3176791],[-76.4338374,8.3174906],[-76.433474,8.3170434],[-76.4335652,8.3167468],[-76.4337382,8.3164688],[-76.4341258,8.3165763],[-76.4346716,8.3163123],[-76.4347641,8.3160973],[-76.4358947,8.3164914],[-76.4355862,8.3172372],[-76.4358196,8.3173155]]]},"properties":{"osm_id":521700513,"osm_type":"way","uso_osm":"residential","name":"Inspección de Policía Santiago de Urabá"}},{"type":"Feature","geometry":{"type":"Polygon","coordinates":[[[-76.7336981,8.1093588],[-76.7335865,8.1090189],[-76.7343663,8.1087678],[-76.7344779,8.1091078],[-76.7336981,8.1093588]]]},"properties":{"osm_id":522552698,"osm_type":"way","uso_osm":"residential","name":"D`Mares Fish"}},{"type":"Feature","geometry":{"type":"Polygon","coordinates":[[[-76.7536947,8.4916729],[-76.7514635,8.4922897],[-76.7512491,8.4923668],[-76.7511327,8.4924343],[-76.7502279,8.4927676],[-76.7502093,8.4948579],[-76.7511642,8.4958872],[-76.7512071,8.4963594],[-76.7528701,8.4959615],[-76.7528493,8.4956868],[-76.7528275,8.4953979],[-76.7527896,8.4948977],[-76.7527335,8.4946531],[-76.7526448,8.4942664],[-76.752626,8.494017],[-76.7529819,8.4938262],[-76.7531191,8.4936804],[-76.7531293,8.4934761],[-76.7533143,8.4933414],[-76.7534858,8.4930838],[-76.7537704,8.4919023],[-76.7536947,8.4916729]]]},"properties":{"osm_id":522761233,"osm_type":"way","uso_osm":"residential","name":""}},{"type":"Feature","geometry":{"type":"Polygon","coordinates":[[[-76.6172683,8.3704542],[-76.615262,8.3703374],[-76.6126871,8.3676201],[-76.613934,8.3661706],[-76.6154873,8.3670575],[-76.6191137,8.367238],[-76.6172683,8.3704542]]]},"properties":{"osm_id":522761332,"osm_type":"way","uso_osm":"residential","name":""}},{"type":"Feature","geometry":{"type":"Polygon","coordinates":[[[-76.3448256,8.1102693],[-76.3447291,8.1108774],[-76.3446111,8.1109942],[-76.3439029,8.1109119],[-76.3438801,8.1105269],[-76.3441068,8.1102773],[-76.3434148,8.1087524],[-76.3435321,8.1087086],[-76.3436736,8.1088334],[-76.3458824,8.1078104],[-76.3460246,8.1082273],[-76.3457966,8.1083149],[-76.3460192,8.1093479],[-76.3448256,8.1102693]]]},"properties":{"osm_id":524796505,"osm_type":"way","uso_osm":"residential","name":""}},{"type":"Feature","geometry":{"type":"Polygon","coordinates":[[[-76.3007543,8.1297381],[-76.3003895,8.129146],[-76.299963,8.1289336],[-76.2995017,8.1285645],[-76.298807,8.1289654],[-76.2983617,8.1290823],[-76.2982947,8.1288858],[-76.2990537,8.1285273],[-76.2990484,8.1278794],[-76.2993407,8.1276776],[-76.301465,8.1274121],[-76.3012129,8.1280653],[-76.3009071,8.1287132],[-76.3006336,8.1290238],[-76.3008749,8.129381],[-76.3009541,8.1296332],[-76.3007543,8.1297381]]]},"properties":{"osm_id":524796514,"osm_type":"way","uso_osm":"residential","name":""}},{"type":"Feature","geometry":{"type":"Polygon","coordinates":[[[-76.6363657,7.8683238],[-76.6361243,7.86826],[-76.6361082,7.8683663],[-76.6350514,7.8680049],[-76.6353035,7.86699],[-76.6351908,7.8669634],[-76.6352445,7.8667827],[-76.6349548,7.866703],[-76.6350246,7.8664958],[-76.6353196,7.8665808],[-76.6354591,7.8659644],[-76.6364837,7.8662513],[-76.6360706,7.8676277],[-76.636371,7.8677074],[-76.636312,7.8679199],[-76.6365051,7.8679571],[-76.6363657,7.8683238]]]},"properties":{"osm_id":527190203,"osm_type":"way","uso_osm":"residential","name":"Urbanización La Navarra"}},{"type":"Feature","geometry":{"type":"Polygon","coordinates":[[[-76.6025984,7.8670336],[-76.6020289,7.8664987],[-76.6022695,7.8659889],[-76.6013746,7.8651071],[-76.6017123,7.8647703],[-76.6018176,7.8649519],[-76.6038614,7.8627617],[-76.6044342,7.863316],[-76.6064038,7.8612015],[-76.6068235,7.861589],[-76.602852,7.8657158],[-76.6035454,7.8661132],[-76.6025984,7.8670336]]]},"properties":{"osm_id":545697499,"osm_type":"way","uso_osm":"residential","name":""}},{"type":"Feature","geometry":{"type":"Polygon","coordinates":[[[-76.559224,7.8843241],[-76.5597087,7.8833951],[-76.5607692,7.8839006],[-76.5605513,7.8843242],[-76.5600838,7.8847442],[-76.559224,7.8843241]]]},"properties":{"osm_id":545697513,"osm_type":"way","uso_osm":"military","name":"Base Militar"}},{"type":"Feature","geometry":{"type":"Polygon","coordinates":[[[-76.600741,7.9191837],[-76.601697,7.9185615],[-76.601903,7.9187939],[-76.6037031,7.9210142],[-76.6028199,7.9221765],[-76.6028958,7.922996],[-76.6026199,7.9231969],[-76.6021414,7.9223365],[-76.6013426,7.9218999],[-76.6021259,7.9208513],[-76.6017805,7.9200851],[-76.600741,7.9191837]]]},"properties":{"osm_id":553153212,"osm_type":"way","uso_osm":"residential","name":""}},{"type":"Feature","geometry":{"type":"Polygon","coordinates":[[[-76.6289887,7.8958598],[-76.6293083,7.89455],[-76.630052,7.8956011],[-76.6298665,7.8962029],[-76.6289887,7.8958598]]]},"properties":{"osm_id":553153232,"osm_type":"way","uso_osm":"residential","name":""}},{"type":"Feature","geometry":{"type":"Polygon","coordinates":[[[-76.6240722,7.9303856],[-76.6236577,7.9302688],[-76.6227443,7.9292328],[-76.6223189,7.928874],[-76.6218364,7.9285208],[-76.6212326,7.928627],[-76.6213329,7.9297554],[-76.6217573,7.9328159],[-76.62193,7.9327991],[-76.6220826,7.9326958],[-76.6227087,7.9318692],[-76.6238717,7.9304856],[-76.6240722,7.9303856]]]},"properties":{"osm_id":554619790,"osm_type":"way","uso_osm":"residential","name":"Riogrande-Turbo"}},{"type":"Feature","geometry":{"type":"Polygon","coordinates":[[[-77.0472439,8.2140919],[-77.0478474,8.2142512],[-77.0478916,8.2138092],[-77.0475845,8.213192],[-77.0473955,8.2133049],[-77.0472439,8.2140919]]]},"properties":{"osm_id":587784698,"osm_type":"way","uso_osm":"cemetery","name":""}},{"type":"Feature","geometry":{"type":"Polygon","coordinates":[[[-76.3697175,8.2716579],[-76.369932,8.2717269],[-76.3698033,8.2719393],[-76.3697336,8.2719287],[-76.3696048,8.2720508],[-76.3697175,8.2716579]]]},"properties":{"osm_id":594761291,"osm_type":"way","uso_osm":"industrial","name":""}},{"type":"Feature","geometry":{"type":"Polygon","coordinates":[[[-76.3866809,8.2852177],[-76.3873003,8.2852142],[-76.387594,8.2849691],[-76.3877781,8.2853473],[-76.3880435,8.2854874],[-76.3882311,8.2854769],[-76.3883833,8.2853613],[-76.3885178,8.2852668],[-76.3885425,8.2850391],[-76.3883904,8.2846574],[-76.3883196,8.2846136],[-76.3882311,8.2845733],[-76.3879586,8.2843597],[-76.3876719,8.2845838],[-76.3871339,8.2845838],[-76.3869039,8.2844297],[-76.3867942,8.2843842],[-76.3867057,8.2844787],[-76.3864367,8.2844192],[-76.3866809,8.2852177]]]},"properties":{"osm_id":594761297,"osm_type":"way","uso_osm":"farmland","name":"Cultivos de maiz"}},{"type":"Feature","geometry":{"type":"Polygon","coordinates":[[[-76.3682892,8.2844432],[-76.3687468,8.284799],[-76.369164,8.2846739],[-76.3692185,8.2844062],[-76.3693212,8.2843138],[-76.3692699,8.2841382],[-76.3692512,8.2840134],[-76.369494,8.2836714],[-76.3695641,8.2834542],[-76.3696061,8.283311],[-76.3696855,8.2832417],[-76.3697415,8.2832047],[-76.3697742,8.2831539],[-76.3698536,8.2829921],[-76.3699143,8.2828581],[-76.3700217,8.2826085],[-76.3700778,8.2824514],[-76.3700824,8.2823128],[-76.3697882,8.282188],[-76.3696995,8.2820355],[-76.3696668,8.2819616],[-76.3697956,8.2815827],[-76.3698387,8.2813662],[-76.3699219,8.2807656],[-76.3699619,8.280415],[-76.3698757,8.2802137],[-76.3696538,8.2800613],[-76.3695337,8.2799668],[-76.3686741,8.2801711],[-76.3682674,8.2809089],[-76.3682366,8.2811376],[-76.3679685,8.2816071],[-76.3678946,8.2818968],[-76.3676265,8.2821315],[-76.3673461,8.2824059],[-76.3671921,8.2826102],[-76.3671428,8.2829883],[-76.3672999,8.2836072],[-76.3675279,8.2838389],[-76.3682892,8.2844432]]]},"properties":{"osm_id":596603624,"osm_type":"way","uso_osm":"farmland","name":""}},{"type":"Feature","geometry":{"type":"Polygon","coordinates":[[[-76.3840712,8.286132],[-76.3843287,8.2859409],[-76.3845701,8.2861001],[-76.3847632,8.2861001],[-76.3848695,8.2861791],[-76.3848373,8.2862279],[-76.3847518,8.2863049],[-76.3846169,8.2864247],[-76.3843205,8.2867813],[-76.3847812,8.287135],[-76.3848169,8.2881333],[-76.3846291,8.2884199],[-76.385423,8.2888127],[-76.3852728,8.2890622],[-76.3862652,8.2893223],[-76.3860721,8.2897417],[-76.3851226,8.2894285],[-76.3849241,8.2895665],[-76.3846613,8.2894577],[-76.384503,8.2896183],[-76.3842858,8.2894922],[-76.383288,8.2891365],[-76.3830305,8.2889348],[-76.3827676,8.2885526],[-76.3824726,8.288112],[-76.382832,8.2879262],[-76.3831271,8.2870238],[-76.3831968,8.2869282],[-76.3837171,8.2868168],[-76.3840229,8.2868008],[-76.3841624,8.2865885],[-76.3840712,8.2862806],[-76.3840582,8.2861954],[-76.3840712,8.286132]]]},"properties":{"osm_id":596603641,"osm_type":"way","uso_osm":"farmland","name":""}},{"type":"Feature","geometry":{"type":"Polygon","coordinates":[[[-76.7592913,8.4130746],[-76.7590767,8.4142792],[-76.7585081,8.4151229],[-76.7581111,8.4156854],[-76.7574567,8.4155422],[-76.7570007,8.4150858],[-76.7567861,8.4146666],[-76.7563731,8.4142155],[-76.7559868,8.4134195],[-76.7570704,8.4129419],[-76.7592913,8.4130746]]]},"properties":{"osm_id":676119719,"osm_type":"way","uso_osm":"military","name":"Base antinarcóticos","source":"Bing"}},{"type":"Feature","geometry":{"type":"Polygon","coordinates":[[[-77.069408,8.1791637],[-77.0691373,8.1792262],[-77.06902,8.1792708],[-77.0689975,8.1795253],[-77.0689343,8.1798513],[-77.0689073,8.1799942],[-77.0689208,8.180146],[-77.0690471,8.1802531],[-77.0691689,8.1803335],[-77.0692591,8.1803782],[-77.0693177,8.1804362],[-77.0693944,8.1804139],[-77.0694576,8.1802665],[-77.0695839,8.1802129],[-77.0696651,8.1801862],[-77.0698004,8.1801549],[-77.0698545,8.1800924],[-77.0697824,8.1797977],[-77.0696064,8.1793914],[-77.0694801,8.1792262],[-77.069446,8.1791905],[-77.069408,8.1791637]]]},"properties":{"osm_id":691063398,"osm_type":"way","uso_osm":"farmland","name":""}},{"type":"Feature","geometry":{"type":"Polygon","coordinates":[[[-76.7796376,8.4339659],[-76.7814722,8.4344913],[-76.7820194,8.4330108],[-76.7800131,8.4324748],[-76.7796376,8.4339659]]]},"properties":{"osm_id":707994583,"osm_type":"way","uso_osm":"military","name":""}},{"type":"Feature","geometry":{"type":"Polygon","coordinates":[[[-76.6203264,8.4049297],[-76.6210723,8.4055335],[-76.6216864,8.4060515],[-76.6220104,8.4060627],[-76.6221046,8.405895],[-76.6221686,8.4052018],[-76.6219652,8.4042179],[-76.6221347,8.4040837],[-76.6217881,8.4037148],[-76.6211289,8.4041173],[-76.6212682,8.4044117],[-76.6203264,8.4049297]]]},"properties":{"osm_id":708023087,"osm_type":"way","uso_osm":"farmland","name":""}},{"type":"Feature","geometry":{"type":"Polygon","coordinates":[[[-76.6241502,8.4072627],[-76.6240146,8.4071062],[-76.6245043,8.4065211],[-76.6249828,8.4068975],[-76.6245646,8.4070316],[-76.6241502,8.4072627]]]},"properties":{"osm_id":708023312,"osm_type":"way","uso_osm":"farmland","name":""}},{"type":"Feature","geometry":{"type":"Polygon","coordinates":[[[-76.6246129,8.409128],[-76.6241495,8.4090087],[-76.6239988,8.4088261],[-76.6237464,8.4085988],[-76.6238331,8.4081628],[-76.6241194,8.4077826],[-76.6244057,8.407395],[-76.6248163,8.4071714],[-76.6251441,8.4071342],[-76.6250424,8.4076075],[-76.625178,8.4079093],[-76.6254944,8.4082447],[-76.6246129,8.409128]]]},"properties":{"osm_id":708023801,"osm_type":"way","uso_osm":"farmland","name":""}},{"type":"Feature","geometry":{"type":"Polygon","coordinates":[[[-76.6254455,8.4100224],[-76.6250273,8.4100001],[-76.6248201,8.4097988],[-76.624741,8.4095044],[-76.6259653,8.4086323],[-76.6262366,8.4090162],[-76.6261801,8.4094485],[-76.6257732,8.4097094],[-76.6254455,8.4100224]]]},"properties":{"osm_id":708023837,"osm_type":"way","uso_osm":"farmland","name":""}},{"type":"Feature","geometry":{"type":"Polygon","coordinates":[[[-76.7505175,8.3917086],[-76.7509613,8.3949433],[-76.7509287,8.3952661],[-76.7507198,8.3953953],[-76.7502891,8.3954534],[-76.7502173,8.3957633],[-76.7499367,8.3958408],[-76.7495124,8.3959182],[-76.7491339,8.3958149],[-76.7487945,8.3955631],[-76.7485596,8.3952016],[-76.7483638,8.3948271],[-76.7481615,8.3947109],[-76.7483507,8.3942525],[-76.7484095,8.3939748],[-76.7484356,8.3936391],[-76.7485204,8.3933162],[-76.7484812,8.392974],[-76.7482724,8.392677],[-76.7480766,8.3924833],[-76.7474044,8.3922896],[-76.7470715,8.3923607],[-76.7470389,8.3920378],[-76.7469802,8.3915342],[-76.7474109,8.3915149],[-76.7477503,8.3915859],[-76.7481288,8.3921476],[-76.7485465,8.3919862],[-76.7490099,8.3916956],[-76.7505175,8.3917086]]]},"properties":{"osm_id":708245232,"osm_type":"way","uso_osm":"orchard","name":""}},{"type":"Feature","geometry":{"type":"Polygon","coordinates":[[[-76.7860329,8.4237435],[-76.7858907,8.4237568],[-76.7858398,8.4232871],[-76.78599,8.4232765],[-76.7860114,8.423518],[-76.7861241,8.4235153],[-76.7861316,8.4237656],[-76.7860302,8.4237647],[-76.7860329,8.4237435]]]},"properties":{"osm_id":708452059,"osm_type":"way","uso_osm":"industrial","name":""}},{"type":"Feature","geometry":{"type":"Polygon","coordinates":[[[-76.7842814,8.4237409],[-76.7842385,8.4233243],[-76.7839783,8.4233376],[-76.7839758,8.4233562],[-76.7839728,8.4233764],[-76.7840079,8.4237051],[-76.7840105,8.4237594],[-76.7842814,8.4237409]]]},"properties":{"osm_id":708452060,"osm_type":"way","uso_osm":"industrial","name":""}},{"type":"Feature","geometry":{"type":"Polygon","coordinates":[[[-76.7844031,8.4237298],[-76.7848615,8.4237153],[-76.7848535,8.4232724],[-76.7842999,8.4233056],[-76.7843469,8.4237338],[-76.7844031,8.4237298]]]},"properties":{"osm_id":708452074,"osm_type":"way","uso_osm":"industrial","name":""}},{"type":"Feature","geometry":{"type":"Polygon","coordinates":[[[-76.7839819,8.4236683],[-76.783977,8.4236165],[-76.7839034,8.4236212],[-76.7838859,8.4236224],[-76.7838894,8.4236767],[-76.7839819,8.4236683]]]},"properties":{"osm_id":708453985,"osm_type":"way","uso_osm":"industrial","name":""}},{"type":"Feature","geometry":{"type":"Polygon","coordinates":[[[-76.7837978,8.423724],[-76.7837657,8.4233751],[-76.7839758,8.4233562],[-76.7840079,8.4237051],[-76.7837978,8.423724]]]},"properties":{"osm_id":708453988,"osm_type":"way","uso_osm":"industrial","name":""}},{"type":"Feature","geometry":{"type":"Polygon","coordinates":[[[-76.6538342,8.4281468],[-76.6536754,8.4278927],[-76.6534279,8.4275901],[-76.6530333,8.4272783],[-76.6528255,8.4268926],[-76.6526504,8.4267147],[-76.6523141,8.4270704],[-76.652125,8.426948],[-76.6521717,8.4268025],[-76.6522861,8.426493],[-76.6524752,8.4263082],[-76.6521016,8.4256591],[-76.6518868,8.4249546],[-76.6524005,8.4247976],[-76.6528769,8.4254258],[-76.6531294,8.4259063],[-76.6530967,8.4263267],[-76.6534516,8.4263174],[-76.6536197,8.4269318],[-76.6542689,8.427306],[-76.6553383,8.4273661],[-76.6560668,8.4270935],[-76.6566412,8.426918],[-76.6569868,8.427015],[-76.6573044,8.4272136],[-76.6574211,8.4277865],[-76.6573931,8.4282068],[-76.6572904,8.4286411],[-76.6566879,8.4284655],[-76.6566039,8.427962],[-76.6552729,8.4282438],[-76.6552823,8.4288351],[-76.6547592,8.4291215],[-76.6545257,8.4287104],[-76.6542502,8.4284424],[-76.6538342,8.4281468]]]},"properties":{"osm_id":708645842,"osm_type":"way","uso_osm":"residential","name":""}},{"type":"Feature","geometry":{"type":"Polygon","coordinates":[[[-76.6506286,8.433535],[-76.6500682,8.4331285],[-76.6504231,8.4325834],[-76.650722,8.4326203],[-76.6507314,8.4320567],[-76.6510022,8.4318073],[-76.6514505,8.43141],[-76.6517401,8.4310127],[-76.6518055,8.4302274],[-76.6520016,8.4292665],[-76.6525807,8.4286013],[-76.6532158,8.428278],[-76.6535053,8.4285921],[-76.6528235,8.4300703],[-76.6529823,8.4306062],[-76.6527581,8.4310497],[-76.6520763,8.4314747],[-76.6515906,8.4326758],[-76.6510769,8.4333964],[-76.6506286,8.433535]]]},"properties":{"osm_id":708647198,"osm_type":"way","uso_osm":"residential","name":""}},{"type":"Feature","geometry":{"type":"Polygon","coordinates":[[[-76.6643518,8.4872974],[-76.663456,8.4871913],[-76.6632275,8.4869039],[-76.6633965,8.4864866],[-76.6636169,8.4856155],[-76.6638798,8.4852547],[-76.6643451,8.4855864],[-76.6650654,8.4860997],[-76.6658942,8.4859666],[-76.6663494,8.4865182],[-76.6662455,8.4869419],[-76.6661439,8.4873557],[-76.6662455,8.4880561],[-76.6651297,8.488661],[-76.6646522,8.4879606],[-76.6643518,8.4872974]]]},"properties":{"osm_id":708773123,"osm_type":"way","uso_osm":"residential","name":""}},{"type":"Feature","geometry":{"type":"Polygon","coordinates":[[[-76.4398689,8.4389638],[-76.4398292,8.4389642],[-76.4397914,8.4389519],[-76.4397594,8.4389278],[-76.439737,8.4388947],[-76.4397268,8.4388562],[-76.4397299,8.4388165],[-76.439746,8.43878],[-76.4397732,8.4387507],[-76.4398086,8.4387318],[-76.4398484,8.4387253],[-76.439888,8.4387321],[-76.4399228,8.438751],[-76.4399496,8.43878],[-76.4399655,8.4388161],[-76.4399688,8.4388552],[-76.4399592,8.4388934],[-76.4399376,8.4389264],[-76.4399064,8.4389507],[-76.4398689,8.4389638]]]},"properties":{"osm_id":708859511,"osm_type":"way","uso_osm":"industrial","name":""}},{"type":"Feature","geometry":{"type":"Polygon","coordinates":[[[-76.6661779,8.4785065],[-76.6664743,8.4793649],[-76.6659129,8.4795164],[-76.6656722,8.4786187],[-76.6661779,8.4785065]]]},"properties":{"osm_id":709008606,"osm_type":"way","uso_osm":"residential","name":""}},{"type":"Feature","geometry":{"type":"Polygon","coordinates":[[[-76.6996841,8.4754802],[-76.6997769,8.475128],[-76.699972,8.474981],[-76.7001269,8.4751464],[-76.6998977,8.4758692],[-76.700582,8.4763317],[-76.7006997,8.4755874],[-76.7007338,8.4753547],[-76.7004644,8.47503],[-76.6998482,8.4746625],[-76.699393,8.4751403],[-76.6994332,8.4753792],[-76.6996841,8.4754802]]]},"properties":{"osm_id":709231131,"osm_type":"way","uso_osm":"farmland","name":""}},{"type":"Feature","geometry":{"type":"Polygon","coordinates":[[[-76.6970596,8.474491],[-76.6977293,8.474921],[-76.697852,8.4749523],[-76.6976837,8.4751257],[-76.6976486,8.4754724],[-76.6982517,8.4753719],[-76.6983008,8.4750077],[-76.6987145,8.4751673],[-76.6987741,8.4747615],[-76.6995174,8.4743384],[-76.6994543,8.4741512],[-76.6987461,8.4735512],[-76.6985638,8.4737662],[-76.697852,8.4733501],[-76.6970596,8.474491]]]},"properties":{"osm_id":709231517,"osm_type":"way","uso_osm":"farmland","name":""}},{"type":"Feature","geometry":{"type":"Polygon","coordinates":[[[-76.5670778,8.4048142],[-76.5666408,8.4047089],[-76.5666006,8.4040065],[-76.5670088,8.4039496],[-76.567049,8.4042738],[-76.5671037,8.404416],[-76.5670778,8.4048142]]]},"properties":{"osm_id":709235871,"osm_type":"way","uso_osm":"farmland","name":""}},{"type":"Feature","geometry":{"type":"Polygon","coordinates":[[[-76.6372427,8.4490629],[-76.6373313,8.4491212],[-76.6375324,8.4491955],[-76.6377443,8.4492274],[-76.6377845,8.4491318],[-76.637806,8.4490284],[-76.6378543,8.4489382],[-76.637865,8.4488347],[-76.6377953,8.4486384],[-76.6378489,8.4484314],[-76.6378087,8.4483333],[-76.6377309,8.4482616],[-76.6376343,8.4482218],[-76.6374305,8.4481688],[-76.6373339,8.4482086],[-76.637232,8.448198],[-76.6371274,8.4480149],[-76.6370335,8.4479645],[-76.6369289,8.4479804],[-76.6368726,8.448068],[-76.6368967,8.4482829],[-76.6369423,8.4483784],[-76.6371515,8.4486171],[-76.6371945,8.4487153],[-76.6372079,8.4488188],[-76.6371757,8.4489169],[-76.6371864,8.4490204],[-76.6372427,8.4490629]]]},"properties":{"osm_id":709818164,"osm_type":"way","uso_osm":"orchard","name":""}},{"type":"Feature","geometry":{"type":"Polygon","coordinates":[[[-76.6375083,8.4497155],[-76.6375405,8.4496837],[-76.6375726,8.4495829],[-76.6375378,8.4494821],[-76.6374627,8.4494078],[-76.6373795,8.4493467],[-76.6369933,8.4491876],[-76.6369021,8.4491345],[-76.6368431,8.4490443],[-76.6368055,8.4491398],[-76.6368297,8.4493521],[-76.636827,8.4494555],[-76.6368458,8.449559],[-76.6369423,8.4496068],[-76.6371408,8.4496837],[-76.6375083,8.4497155]]]},"properties":{"osm_id":709818165,"osm_type":"way","uso_osm":"orchard","name":""}},{"type":"Feature","geometry":{"type":"Polygon","coordinates":[[[-76.6389325,8.4457067],[-76.638675,8.4458128],[-76.6383612,8.4456165],[-76.6381118,8.4456377],[-76.6378543,8.4461365],[-76.6378543,8.4468236],[-76.6376719,8.4469775],[-76.6373608,8.4467812],[-76.6374707,8.4464655],[-76.6372722,8.4461842],[-76.6369343,8.4457863],[-76.6371381,8.4454546],[-76.6376022,8.4449903],[-76.6381145,8.4447728],[-76.6387314,8.444404],[-76.6389915,8.4442103],[-76.6394663,8.4444544],[-76.639359,8.4450461],[-76.6389325,8.4457067]]]},"properties":{"osm_id":710365780,"osm_type":"way","uso_osm":"residential","name":""}},{"type":"Feature","geometry":{"type":"Polygon","coordinates":[[[-76.5307777,8.4479298],[-76.5293861,8.4479298],[-76.5266494,8.4451859],[-76.5266448,8.4438555],[-76.5279991,8.4438185],[-76.5293487,8.4451674],[-76.5307917,8.446544],[-76.5307777,8.4479298]]]},"properties":{"osm_id":734651800,"osm_type":"way","uso_osm":"forest","name":""}},{"type":"Feature","geometry":{"type":"Polygon","coordinates":[[[-76.648339,7.9179182],[-76.6482452,7.9183034],[-76.6478428,7.9188055],[-76.6474968,7.919135],[-76.647242,7.9193767],[-76.647132,7.9198204],[-76.6464427,7.9204898],[-76.6465044,7.9208538],[-76.6465715,7.9209866],[-76.646153,7.9213054],[-76.6457105,7.9216561],[-76.6452545,7.9219244],[-76.6448039,7.9220227],[-76.6445196,7.9219643],[-76.6445732,7.9213771],[-76.6442513,7.9211088],[-76.6435701,7.921162],[-76.6427735,7.9216455],[-76.6422826,7.9219536],[-76.6422719,7.9222724],[-76.6421485,7.9226523],[-76.6422075,7.9228356],[-76.6422343,7.9229392],[-76.6422826,7.9230136],[-76.642296,7.9231093],[-76.6422209,7.9231544],[-76.6419902,7.9230986],[-76.641891,7.9229472],[-76.6417596,7.9228542],[-76.6417381,7.9228303],[-76.6417891,7.922724],[-76.6419017,7.9224212],[-76.641781,7.9221608],[-76.6414887,7.9220014],[-76.6412151,7.921935],[-76.6408986,7.9220971],[-76.6406626,7.9223388],[-76.6404962,7.9224394],[-76.6404913,7.9207912],[-76.6391589,7.920128],[-76.6392458,7.9182868],[-76.6394743,7.9181998],[-76.6397318,7.918144],[-76.64,7.9181307],[-76.6403139,7.9180856],[-76.6405553,7.9181759],[-76.6406465,7.9182636],[-76.6407833,7.9182158],[-76.6410515,7.9181281],[-76.6412178,7.9180829],[-76.6414377,7.9181095],[-76.6416657,7.9181201],[-76.6417488,7.9180723],[-76.6418722,7.9181972],[-76.6419366,7.9183141],[-76.6420493,7.9184177],[-76.6422209,7.9184947],[-76.6424355,7.918508],[-76.6428137,7.9185425],[-76.6429424,7.9187232],[-76.643149,7.9188268],[-76.6434065,7.9188321],[-76.6436371,7.9188029],[-76.6439617,7.9188719],[-76.6441897,7.9188241],[-76.6444042,7.9187418],[-76.6447556,7.9188799],[-76.6450399,7.9190473],[-76.6452464,7.9190207],[-76.6454047,7.9191137],[-76.6456059,7.9190526],[-76.6457453,7.9189171],[-76.6458178,7.918779],[-76.6460189,7.9186594],[-76.6462603,7.918585],[-76.6463488,7.9184761],[-76.6464105,7.9184894],[-76.6464669,7.9186435],[-76.6465688,7.918694],[-76.6467002,7.9188188],[-76.6470087,7.9188082],[-76.6473761,7.9186541],[-76.6476283,7.9184602],[-76.6477221,7.918322],[-76.6481218,7.9180298],[-76.6482854,7.917889],[-76.648339,7.9179182]]]},"properties":{"osm_id":741955252,"osm_type":"way","uso_osm":"orchard","name":""}},{"type":"Feature","geometry":{"type":"Polygon","coordinates":[[[-76.6562194,7.9149932],[-76.6562703,7.9148737],[-76.6559216,7.9148524],[-76.6554469,7.9149348],[-76.6549936,7.9149906],[-76.6547737,7.914802],[-76.6546261,7.9145894],[-76.6545376,7.9143796],[-76.654433,7.9144247],[-76.6543794,7.9146479],[-76.6541836,7.9147329],[-76.6538778,7.9146133],[-76.6536149,7.9144008],[-76.6534379,7.914446],[-76.6533762,7.9146798],[-76.6528478,7.9146054],[-76.6525421,7.9145735],[-76.6524079,7.9144354],[-76.6522926,7.9144168],[-76.6521263,7.9145018],[-76.6520217,7.9145071],[-76.65185,7.9144327],[-76.6517213,7.914167],[-76.6517562,7.9139173],[-76.6517293,7.9136729],[-76.6514343,7.9136118],[-76.6511285,7.9136702],[-76.6507101,7.9135852],[-76.6503131,7.9136171],[-76.6499189,7.9135852],[-76.6496104,7.9133381],[-76.6492617,7.9132319],[-76.648964,7.913099],[-76.6484651,7.9130831],[-76.6482344,7.9129928],[-76.6478777,7.9128971],[-76.6474351,7.912852],[-76.6472474,7.9127484],[-76.6470033,7.9126713],[-76.6470167,7.9123206],[-76.6470113,7.9121692],[-76.6467404,7.9119115],[-76.6464213,7.9115741],[-76.6462603,7.9115449],[-76.6461343,7.9113802],[-76.6457936,7.9110162],[-76.6454744,7.9107877],[-76.6452599,7.9106708],[-76.6450767,7.9106572],[-76.6450453,7.9106549],[-76.6447958,7.9107054],[-76.6444498,7.9105486],[-76.6442809,7.9103786],[-76.6441146,7.9101661],[-76.6441011,7.9099535],[-76.6440073,7.9098021],[-76.6438007,7.9096852],[-76.643436,7.9097463],[-76.643208,7.9097623],[-76.6430444,7.9098393],[-76.6428003,7.9097623],[-76.642583,7.9095258],[-76.6425642,7.9092628],[-76.6426072,7.9091167],[-76.6424838,7.9090476],[-76.6423389,7.9089413],[-76.6421807,7.9087208],[-76.6419312,7.9082772],[-76.6418293,7.9080035],[-76.6416228,7.9077936],[-76.641376,7.907621],[-76.6411775,7.9076582],[-76.641148,7.9076953],[-76.6412205,7.9078229],[-76.6411936,7.9079371],[-76.6411883,7.9079929],[-76.6412258,7.9080885],[-76.6411427,7.9081922],[-76.6410434,7.9083516],[-76.6408905,7.9083569],[-76.640743,7.9082878],[-76.6406143,7.9082081],[-76.6406382,7.9151684],[-76.6361493,7.9149169],[-76.6392704,7.9177654],[-76.6392613,7.917958],[-76.6394851,7.9179501],[-76.6395655,7.9178465],[-76.6396943,7.9177827],[-76.6399089,7.9178305],[-76.6400859,7.9177694],[-76.6404533,7.9178491],[-76.6407108,7.917897],[-76.640971,7.9178837],[-76.6413707,7.9179156],[-76.6414914,7.9178598],[-76.6416013,7.9177323],[-76.6417193,7.917711],[-76.6418481,7.9179899],[-76.6419983,7.9181281],[-76.6420653,7.9182795],[-76.6421217,7.9183273],[-76.6423041,7.9183512],[-76.6426072,7.91833],[-76.6428378,7.9183672],[-76.6429773,7.9184336],[-76.6430336,7.9185532],[-76.6431329,7.918593],[-76.6432241,7.9186329],[-76.6434816,7.9186275],[-76.6436532,7.9186302],[-76.6438517,7.9187019],[-76.6440851,7.9186568],[-76.6442031,7.9186116],[-76.6444793,7.9185425],[-76.6447637,7.9186886],[-76.644946,7.9188002],[-76.6451713,7.9188348],[-76.6453537,7.9188613],[-76.645512,7.9187657],[-76.6456407,7.9187285],[-76.645689,7.9186089],[-76.6457453,7.9185266],[-76.6458955,7.9185133],[-76.6462281,7.9184469],[-76.6464078,7.9182051],[-76.6464373,7.9180803],[-76.6465044,7.9182397],[-76.6465741,7.9184495],[-76.6466761,7.9185505],[-76.646888,7.9186169],[-76.6471642,7.9185266],[-76.6474485,7.9182662],[-76.6477141,7.9180218],[-76.6481915,7.9176897],[-76.6483632,7.9175357],[-76.6486341,7.9173922],[-76.6487843,7.9171664],[-76.6490847,7.9170389],[-76.6494522,7.9169725],[-76.6499189,7.9166829],[-76.6501629,7.9166616],[-76.650281,7.9167041],[-76.6504553,7.9166457],[-76.6506618,7.9166537],[-76.6508496,7.916736],[-76.6509542,7.9169698],[-76.6510668,7.9171956],[-76.6512117,7.9172567],[-76.6513968,7.9172195],[-76.6517159,7.9170761],[-76.6520754,7.9169353],[-76.652357,7.9168688],[-76.6526279,7.9168184],[-76.6529793,7.9167838],[-76.6530785,7.9167094],[-76.6528156,7.9163322],[-76.6525689,7.9162366],[-76.6522712,7.916109],[-76.6520834,7.9159709],[-76.6524375,7.9157026],[-76.6526815,7.9155325],[-76.6529337,7.9155086],[-76.6532877,7.9155671],[-76.6535962,7.9155644],[-76.6539288,7.9155458],[-76.6545162,7.9155751],[-76.6548246,7.9156601],[-76.6550875,7.9158673],[-76.6556829,7.9159496],[-76.6559216,7.9155511],[-76.6560397,7.9151952],[-76.656045,7.9150544],[-76.6562194,7.9149932]]]},"properties":{"osm_id":741955253,"osm_type":"way","uso_osm":"orchard","name":""}},{"type":"Feature","geometry":{"type":"Polygon","coordinates":[[[-76.6640782,7.9067203],[-76.664325,7.9088032],[-76.6645557,7.911173],[-76.664781,7.9131123],[-76.6649473,7.9149826],[-76.6652262,7.917719],[-76.6651726,7.9182131],[-76.6648614,7.9179209],[-76.6644484,7.9176499],[-76.6639334,7.9173949],[-76.6637296,7.917193],[-76.6636759,7.9166829],[-76.663456,7.9161887],[-76.6628069,7.915854],[-76.6622651,7.9158381],[-76.6614926,7.9156521],[-76.6613156,7.9152749],[-76.6608703,7.914717],[-76.6603231,7.9146798],[-76.6598028,7.9146798],[-76.6593039,7.9144513],[-76.6585153,7.9143078],[-76.6580486,7.9145469],[-76.6577375,7.9148073],[-76.6576302,7.9149667],[-76.6573137,7.9150464],[-76.6568953,7.9148073],[-76.6564876,7.9144991],[-76.6559404,7.9143928],[-76.655345,7.9143397],[-76.654948,7.9141059],[-76.6545832,7.9138881],[-76.654079,7.9138721],[-76.6536981,7.9138934],[-76.6534782,7.9139943],[-76.653049,7.9140209],[-76.6525126,7.913819],[-76.6521907,7.9135215],[-76.6520029,7.9132877],[-76.6516328,7.9131389],[-76.6510052,7.9131017],[-76.6500288,7.9129795],[-76.6495031,7.9128573],[-76.6490525,7.9125172],[-76.6488594,7.912326],[-76.6486019,7.9123525],[-76.6485161,7.9124694],[-76.6484302,7.9125969],[-76.6483444,7.9126129],[-76.6481245,7.9125651],[-76.6480118,7.9123472],[-76.6478026,7.9122144],[-76.6474754,7.9122409],[-76.6473681,7.9122622],[-76.6473734,7.9121506],[-76.6473734,7.9119806],[-76.6471964,7.9118424],[-76.6464829,7.9112473],[-76.646086,7.9108382],[-76.6456461,7.910445],[-76.6454369,7.9101262],[-76.6451097,7.9097224],[-76.6447234,7.9096268],[-76.6444016,7.9094142],[-76.6440743,7.909393],[-76.6436827,7.9093345],[-76.6434467,7.9093505],[-76.6430926,7.9093505],[-76.6430444,7.9092495],[-76.6431677,7.9091964],[-76.6433126,7.9091645],[-76.6434789,7.9089838],[-76.6434735,7.908867],[-76.643377,7.9086225],[-76.6431892,7.9083728],[-76.6429049,7.908309],[-76.6424918,7.90841],[-76.6423416,7.908054],[-76.6423202,7.9078468],[-76.642127,7.9076342],[-76.6419178,7.907512],[-76.6418052,7.9073526],[-76.6415638,7.9071454],[-76.6412741,7.9071188],[-76.6408932,7.9070073],[-76.6407967,7.9070391],[-76.6406604,7.9069826],[-76.6406679,7.9067841],[-76.6485965,7.9069329],[-76.6625869,7.9068797],[-76.6640782,7.9067203]]]},"properties":{"osm_id":741955263,"osm_type":"way","uso_osm":"orchard","name":""}},{"type":"Feature","geometry":{"type":"Polygon","coordinates":[[[-77.0742738,7.8739459],[-77.0751321,7.8742116],[-77.0758295,7.8744454],[-77.0764303,7.8745516],[-77.0770526,7.8747429],[-77.077471,7.8750511],[-77.0779109,7.875285],[-77.0784474,7.8754975],[-77.0792949,7.8757101],[-77.0798743,7.875827],[-77.0803893,7.875912],[-77.0809579,7.8758695],[-77.081312,7.8758376],[-77.0818806,7.8760076],[-77.0820201,7.8762202],[-77.0820522,7.8766453],[-77.0821059,7.8769854],[-77.081945,7.8772936],[-77.0818699,7.8773999],[-77.0814407,7.8774424],[-77.0810437,7.877623],[-77.0807219,7.8776655],[-77.0804858,7.8775486],[-77.0803249,7.8775061],[-77.0799708,7.8775593],[-77.0797563,7.8777187],[-77.0795632,7.87808],[-77.0794773,7.878452],[-77.0792842,7.8788239],[-77.0791125,7.8790684],[-77.0789194,7.8793128],[-77.0787799,7.8795466],[-77.0787692,7.8798442],[-77.0788121,7.8801736],[-77.0790374,7.880535],[-77.0791447,7.8810132],[-77.0791769,7.8813002],[-77.0788872,7.8817253],[-77.0785868,7.8819803],[-77.0782328,7.8822035],[-77.0777178,7.8824479],[-77.0771921,7.8825117],[-77.0767522,7.8825011],[-77.0762479,7.8821716],[-77.0760441,7.8819059],[-77.0757115,7.8815233],[-77.0755077,7.8810664],[-77.0755184,7.8804181],[-77.0755828,7.8797804],[-77.0758081,7.8793978],[-77.0757759,7.8789302],[-77.0753682,7.8783882],[-77.0751,7.8780694],[-77.0748961,7.8777187],[-77.0748317,7.8772511],[-77.0748532,7.8767941],[-77.074703,7.8762627],[-77.0744562,7.875997],[-77.0741665,7.8756994],[-77.0736194,7.8754019],[-77.0731688,7.8750937],[-77.0727182,7.8747855],[-77.0723105,7.8745623],[-77.0717955,7.8743285],[-77.0713556,7.873627],[-77.0714092,7.8735208],[-77.0715702,7.8732019],[-77.0720315,7.8731169],[-77.0727611,7.8734889],[-77.0733297,7.8737652],[-77.0738661,7.8738927],[-77.0742738,7.8739459]]]},"properties":{"osm_id":753058610,"osm_type":"way","uso_osm":"forest","name":"Loma de Peye"}},{"type":"Feature","geometry":{"type":"Polygon","coordinates":[[[-76.5577655,8.3711395],[-76.557386,8.3710665],[-76.557449,8.3707746],[-76.5578983,8.3708861],[-76.5577655,8.3711395]]]},"properties":{"osm_id":772999003,"osm_type":"way","uso_osm":"orchard","name":""}},{"type":"Feature","geometry":{"type":"Polygon","coordinates":[[[-76.7836203,7.6056267],[-76.7826998,7.6051912],[-76.783045,7.6039884],[-76.7835013,7.6021777],[-76.7836099,7.6044757],[-76.7836203,7.6056267]]]},"properties":{"osm_id":777141436,"osm_type":"way","uso_osm":"forest","name":""}},{"type":"Feature","geometry":{"type":"Polygon","coordinates":[[[-76.783045,7.6039884],[-76.7787142,7.6044031],[-76.7835013,7.6021777],[-76.783045,7.6039884]]]},"properties":{"osm_id":777141437,"osm_type":"way","uso_osm":"forest","name":""}},{"type":"Feature","geometry":{"type":"Polygon","coordinates":[[[-76.7835013,7.6021777],[-76.7773432,7.6020131],[-76.7756925,7.6033439],[-76.7787142,7.6044031],[-76.7835013,7.6021777]]]},"properties":{"osm_id":777141438,"osm_type":"way","uso_osm":"forest","name":""}},{"type":"Feature","geometry":{"type":"Polygon","coordinates":[[[-76.7757779,7.6034285],[-76.7787142,7.6044031],[-76.7766033,7.6043334],[-76.7757779,7.6034285]]]},"properties":{"osm_id":777141439,"osm_type":"way","uso_osm":"forest","name":""}},{"type":"Feature","geometry":{"type":"Polygon","coordinates":[[[-76.6296058,8.4153978],[-76.6297406,8.4145553],[-76.6298009,8.4140116],[-76.6298397,8.4136135],[-76.6307171,8.4140254],[-76.6320762,8.4145015],[-76.6296567,8.4155154],[-76.6296058,8.4153978]]]},"properties":{"osm_id":804297826,"osm_type":"way","uso_osm":"residential","name":""}},{"type":"Feature","geometry":{"type":"Polygon","coordinates":[[[-76.6964578,8.4807953],[-76.6955727,8.4808961],[-76.6953259,8.4800259],[-76.6964042,8.4799941],[-76.6964578,8.4807953]]]},"properties":{"osm_id":804802360,"osm_type":"way","uso_osm":"farmland","name":""}},{"type":"Feature","geometry":{"type":"Polygon","coordinates":[[[-76.6246305,8.4351518],[-76.6244016,8.4344681],[-76.6241495,8.4345143],[-76.6241121,8.4343989],[-76.6231874,8.4346622],[-76.6233976,8.4352488],[-76.6231267,8.4353458],[-76.6232015,8.4355953],[-76.6246305,8.4351518]]]},"properties":{"osm_id":805826218,"osm_type":"way","uso_osm":"farmland","name":""}},{"type":"Feature","geometry":{"type":"Polygon","coordinates":[[[-76.7626598,8.418977],[-76.7618743,8.4183942],[-76.7616855,8.4185362],[-76.7598575,8.4172585],[-76.7598198,8.4167653],[-76.7626825,8.4167579],[-76.7626598,8.418977]]]},"properties":{"osm_id":806635006,"osm_type":"way","uso_osm":"farmland","name":""}},{"type":"Feature","geometry":{"type":"Polygon","coordinates":[[[-76.8109962,7.5442601],[-76.8110894,7.544302],[-76.811129,7.5443086],[-76.8113121,7.5442661],[-76.8112195,7.5437555],[-76.8110445,7.5437755],[-76.8109962,7.5442601]]]},"properties":{"osm_id":813947312,"osm_type":"way","uso_osm":"cemetery","name":"Cementerio de Blanquicet"}},{"type":"Feature","geometry":{"type":"Polygon","coordinates":[[[-76.5239619,8.2017547],[-76.5239086,8.2012553],[-76.5242514,8.2011799],[-76.5243294,8.2016756],[-76.5239619,8.2017547]]]},"properties":{"osm_id":815488424,"osm_type":"way","uso_osm":"cemetery","name":"Cementerio de Pueblo Bello"}},{"type":"Feature","geometry":{"type":"Polygon","coordinates":[[[-76.7825423,8.4224622],[-76.7825383,8.4223527],[-76.7822596,8.422391],[-76.7822822,8.4224965],[-76.7825423,8.4224622]]]},"properties":{"osm_id":824258215,"osm_type":"way","uso_osm":"recreation_ground","name":""}},{"type":"Feature","geometry":{"type":"Polygon","coordinates":[[[-76.7828784,8.4227432],[-76.7828731,8.4225018],[-76.7822476,8.4225823],[-76.7822489,8.4226324],[-76.7825063,8.4226205],[-76.782513,8.4226971],[-76.7825997,8.4226891],[-76.7826023,8.4227696],[-76.7828784,8.4227432]]]},"properties":{"osm_id":824258216,"osm_type":"way","uso_osm":"recreation_ground","name":""}},{"type":"Feature","geometry":{"type":"Polygon","coordinates":[[[-76.6804113,8.4859269],[-76.6845229,8.481909],[-76.6845845,8.4781224],[-76.6839641,8.4786597],[-76.6835646,8.4795552],[-76.6830457,8.479693],[-76.6822332,8.4793034],[-76.6819552,8.47925],[-76.6811376,8.4784998],[-76.6804652,8.477901],[-76.6795865,8.4778789],[-76.6790572,8.4778789],[-76.6791187,8.4859513],[-76.6804113,8.4859269]]]},"properties":{"osm_id":827434088,"osm_type":"way","uso_osm":"farmland","name":""}},{"type":"Feature","geometry":{"type":"Polygon","coordinates":[[[-76.6829944,8.4778724],[-76.6828451,8.4782692],[-76.6829011,8.4785368],[-76.6830877,8.4785276],[-76.6832463,8.4793765],[-76.6832386,8.4795285],[-76.6826324,8.4792234],[-76.682442,8.4791584],[-76.6819159,8.4792249],[-76.6814666,8.478614],[-76.6812739,8.4784873],[-76.6809502,8.4782704],[-76.6804462,8.4778267],[-76.6830597,8.4778171],[-76.6829944,8.4778724]]]},"properties":{"osm_id":827434089,"osm_type":"way","uso_osm":"farmland","name":""}},{"type":"Feature","geometry":{"type":"Polygon","coordinates":[[[-76.4309287,8.433255],[-76.4309729,8.4332113],[-76.4310426,8.4332325],[-76.4311363,8.4331649],[-76.4310466,8.4330377],[-76.4309957,8.4330655],[-76.4309541,8.4330271],[-76.43093,8.4330377],[-76.4308738,8.4329701],[-76.4307787,8.4330761],[-76.4307907,8.4331119],[-76.4308564,8.4331424],[-76.4309287,8.433255]]]},"properties":{"osm_id":827434346,"osm_type":"way","uso_osm":"farmland","name":""}},{"type":"Feature","geometry":{"type":"Polygon","coordinates":[[[-76.7593822,8.4534472],[-76.7588574,8.453453],[-76.7588306,8.4532811],[-76.7589915,8.4532777],[-76.7590801,8.4532996],[-76.7592469,8.4532811],[-76.7592492,8.4533688],[-76.7593834,8.4533665],[-76.7593822,8.4534472]]]},"properties":{"osm_id":827435728,"osm_type":"way","uso_osm":"farmland","name":""}},{"type":"Feature","geometry":{"type":"Polygon","coordinates":[[[-76.7588539,8.4536606],[-76.7588329,8.4535383],[-76.7585227,8.4535983],[-76.758553,8.4537183],[-76.7588539,8.4536606]]]},"properties":{"osm_id":827435729,"osm_type":"way","uso_osm":"farmland","name":""}},{"type":"Feature","geometry":{"type":"Polygon","coordinates":[[[-76.7585402,8.4535418],[-76.7588283,8.4534818],[-76.7587886,8.4533226],[-76.7584889,8.4533838],[-76.7585402,8.4535418]]]},"properties":{"osm_id":827435732,"osm_type":"way","uso_osm":"farmland","name":""}},{"type":"Feature","geometry":{"type":"Polygon","coordinates":[[[-76.4614728,8.4380601],[-76.4617273,8.4382085],[-76.4622149,8.437978],[-76.4621828,8.437917],[-76.4618907,8.4376626],[-76.461805,8.4377235],[-76.4617246,8.4376626],[-76.4616496,8.4375884],[-76.4617059,8.4374983],[-76.4617487,8.43744],[-76.4617005,8.4373552],[-76.4615799,8.437326],[-76.4613468,8.437432],[-76.461304,8.4375115],[-76.4606851,8.4377129],[-76.4607199,8.4378508],[-76.4608619,8.4378799],[-76.4609128,8.4379329],[-76.4609477,8.4380416],[-76.4612075,8.4379674],[-76.4613495,8.4379674],[-76.4614728,8.4380601]]]},"properties":{"osm_id":827438885,"osm_type":"way","uso_osm":"farmland","name":""}},{"type":"Feature","geometry":{"type":"Polygon","coordinates":[[[-76.7439502,8.3317935],[-76.7439837,8.3317162],[-76.7439187,8.3316885],[-76.7438851,8.3317658],[-76.7439502,8.3317935]]]},"properties":{"osm_id":838615837,"osm_type":"way","uso_osm":"industrial","name":""}},{"type":"Feature","geometry":{"type":"Polygon","coordinates":[[[-76.4038291,8.1770923],[-76.4037718,8.1767643],[-76.4032359,8.1766591],[-76.4032591,8.1769749],[-76.4038291,8.1770923]]]},"properties":{"osm_id":879899650,"osm_type":"way","uso_osm":"farmland","name":""}},{"type":"Feature","geometry":{"type":"Polygon","coordinates":[[[-76.6147928,7.5516799],[-76.614966,7.5519696],[-76.6154062,7.5524347],[-76.6150129,7.5529534],[-76.6157238,7.5538299],[-76.6168281,7.5527996],[-76.6177844,7.5518981],[-76.6188851,7.552746],[-76.6190655,7.5525671],[-76.6192351,7.5520484],[-76.6196682,7.5518552],[-76.6195635,7.5512005],[-76.6200759,7.5513049],[-76.6214148,7.5508112],[-76.6212488,7.5502782],[-76.620924,7.5500922],[-76.6206028,7.5501458],[-76.6200254,7.5506002],[-76.6194805,7.5508112],[-76.6192026,7.5507218],[-76.6186144,7.5508434],[-76.6179251,7.5508971],[-76.617723,7.5507504],[-76.6166693,7.5505537],[-76.6157852,7.55089],[-76.6147928,7.5516799]]]},"properties":{"osm_id":886779080,"osm_type":"way","uso_osm":"orchard","name":"Palma de Aceite"}},{"type":"Feature","geometry":{"type":"Polygon","coordinates":[[[-76.6169379,7.5633375],[-76.6165692,7.5623989],[-76.6173324,7.5620455],[-76.6185143,7.5616258],[-76.6186661,7.5616439],[-76.6189999,7.5615717],[-76.6206597,7.5608786],[-76.6208402,7.560739],[-76.6211325,7.560739],[-76.621432,7.5606603],[-76.6214934,7.5605602],[-76.6217929,7.5604028],[-76.6220708,7.5603169],[-76.6214031,7.5623596],[-76.6175935,7.5630475],[-76.6169379,7.5633375]]]},"properties":{"osm_id":886779099,"osm_type":"way","uso_osm":"orchard","name":""}},{"type":"Feature","geometry":{"type":"Polygon","coordinates":[[[-76.5403101,8.0369001],[-76.5395487,8.0379721],[-76.5382928,8.0368215],[-76.536954,8.0359496],[-76.5362719,8.0352028],[-76.5367447,8.0343237],[-76.5366581,8.0338914],[-76.5372698,8.034054],[-76.5381195,8.0333061],[-76.53745,8.0320908],[-76.5375787,8.0300766],[-76.5373727,8.0282323],[-76.5407888,8.0290992],[-76.5406944,8.0335271],[-76.540085,8.0358983],[-76.5399477,8.0363464],[-76.5403101,8.0369001]]]},"properties":{"osm_id":886842974,"osm_type":"way","uso_osm":"forest","name":"Teca"}},{"type":"Feature","geometry":{"type":"Polygon","coordinates":[[[-76.6930302,8.0706816],[-76.6917649,8.0707063],[-76.6918154,8.0690663],[-76.6936018,8.0690377],[-76.693595,8.0695633],[-76.6928364,8.0695333],[-76.6930302,8.0706816]]]},"properties":{"osm_id":886865890,"osm_type":"way","uso_osm":"orchard","name":"Bananera"}},{"type":"Feature","geometry":{"type":"Polygon","coordinates":[[[-76.6936301,8.0695845],[-76.6935561,8.070633],[-76.6944467,8.0706911],[-76.6945436,8.0713732],[-76.6942017,8.0716107],[-76.694268,8.0717244],[-76.6954572,8.0714566],[-76.6953194,8.0706734],[-76.694513,8.0697184],[-76.6936301,8.0695845]]]},"properties":{"osm_id":886865891,"osm_type":"way","uso_osm":"orchard","name":"Bananera"}},{"type":"Feature","geometry":{"type":"Polygon","coordinates":[[[-76.6928016,8.0707576],[-76.6935125,8.0707362],[-76.6933909,8.0736148],[-76.6933103,8.0756732],[-76.6915571,8.0757745],[-76.6916223,8.0742074],[-76.6916489,8.0735664],[-76.6898423,8.0734906],[-76.6898678,8.0725255],[-76.6923226,8.0724295],[-76.6923379,8.0713481],[-76.6928279,8.0713431],[-76.6928016,8.0707576]]]},"properties":{"osm_id":886865892,"osm_type":"way","uso_osm":"orchard","name":"Bananera"}},{"type":"Feature","geometry":{"type":"Polygon","coordinates":[[[-76.6828053,8.0743433],[-76.682696,8.0730693],[-76.6843286,8.0732256],[-76.6843893,8.0721199],[-76.6856942,8.0711104],[-76.6862344,8.0711405],[-76.6863922,8.0700708],[-76.6870869,8.0700369],[-76.6870724,8.070455],[-76.6868703,8.071066],[-76.6863431,8.0710474],[-76.6863087,8.0712068],[-76.686268,8.0718803],[-76.686725,8.0716551],[-76.6867894,8.0719929],[-76.6870233,8.0721288],[-76.6871499,8.0722627],[-76.6871649,8.0724411],[-76.6874019,8.0733558],[-76.6877357,8.073491],[-76.6879451,8.074194],[-76.6859602,8.0755834],[-76.6853179,8.0756799],[-76.6847188,8.0761908],[-76.6842858,8.0758514],[-76.683398,8.0750296],[-76.6838058,8.0746866],[-76.6838311,8.0743507],[-76.6833944,8.0743186],[-76.6833655,8.0744758],[-76.6828053,8.0743433]]]},"properties":{"osm_id":886865893,"osm_type":"way","uso_osm":"orchard","name":"Bananera"}},{"type":"Feature","geometry":{"type":"Polygon","coordinates":[[[-76.6872189,8.065868],[-76.686876,8.0665112],[-76.6869626,8.067458],[-76.6874859,8.0679082],[-76.68754,8.0668542],[-76.6879695,8.0660181],[-76.6872189,8.065868]]]},"properties":{"osm_id":886865894,"osm_type":"way","uso_osm":"orchard","name":"Bananera"}},{"type":"Feature","geometry":{"type":"Polygon","coordinates":[[[-76.6881841,8.0689612],[-76.6881369,8.0700277],[-76.6888064,8.0700787],[-76.688875,8.0705589],[-76.6893085,8.0706013],[-76.6893128,8.0706736],[-76.6891883,8.0706736],[-76.6891711,8.0711155],[-76.6881275,8.0711714],[-76.6883035,8.0713938],[-76.688317,8.0716487],[-76.6885402,8.0718625],[-76.6884127,8.0720938],[-76.6884734,8.0726587],[-76.6880456,8.0730342],[-76.6880668,8.0732085],[-76.6882471,8.0733407],[-76.6882598,8.0734241],[-76.6888416,8.0734493],[-76.6890356,8.0739066],[-76.6897928,8.0741839],[-76.6902935,8.0740577],[-76.6908033,8.0740157],[-76.6910946,8.074253],[-76.6916223,8.0742074],[-76.6915571,8.0757745],[-76.6897361,8.0756777],[-76.6886446,8.0747839],[-76.6881457,8.073764],[-76.6879204,8.0732914],[-76.6877675,8.072901],[-76.6873215,8.0721903],[-76.6869692,8.0716279],[-76.6869528,8.0715504],[-76.6870206,8.0713492],[-76.6871472,8.0709659],[-76.6872809,8.0703803],[-76.6875122,8.0701412],[-76.6875982,8.0700551],[-76.6875824,8.0694806],[-76.6876251,8.0688862],[-76.6881841,8.0689612]]]},"properties":{"osm_id":886865895,"osm_type":"way","uso_osm":"orchard","name":"Bananera"}},{"type":"Feature","geometry":{"type":"Polygon","coordinates":[[[-76.6609408,8.072338],[-76.6607849,8.0719114],[-76.6609431,8.0718457],[-76.6610835,8.0718912],[-76.6613131,8.0719266],[-76.6614713,8.0716436],[-76.6616576,8.071631],[-76.6616449,8.0714895],[-76.6613233,8.0714642],[-76.6612774,8.0713],[-76.6624089,8.0697155],[-76.6616143,8.0693115],[-76.661669,8.0688129],[-76.662056,8.068093],[-76.662596,8.067065],[-76.6628701,8.0668496],[-76.6635101,8.0663469],[-76.6641881,8.0662364],[-76.664952,8.0666656],[-76.6657676,8.0680929],[-76.6663667,8.0681715],[-76.6668936,8.0686931],[-76.6669152,8.0688718],[-76.6668575,8.0692005],[-76.6663739,8.0695292],[-76.6662151,8.0698722],[-76.6663883,8.0702081],[-76.6661213,8.0703582],[-76.666013,8.0709441],[-76.6645479,8.070251],[-76.6641076,8.0712586],[-76.6653129,8.071966],[-76.6652119,8.0724376],[-76.6640787,8.0723019],[-76.6609408,8.072338]]]},"properties":{"osm_id":886865911,"osm_type":"way","uso_osm":"orchard","name":"Bananera"}},{"type":"Feature","geometry":{"type":"Polygon","coordinates":[[[-76.7030831,8.0998464],[-76.6980878,8.101138],[-76.6984998,8.1001268],[-76.6984483,8.0999569],[-76.6981822,8.099702],[-76.6982423,8.0985888],[-76.6953755,8.1003648],[-76.6949206,8.099515],[-76.6944657,8.0992261],[-76.6943713,8.0985038],[-76.6954099,8.0986058],[-76.6962338,8.0983849],[-76.6972594,8.0974692],[-76.6980813,8.0983194],[-76.698386,8.0983109],[-76.7023596,8.0957949],[-76.7026266,8.096045],[-76.7030831,8.0998464]]]},"properties":{"osm_id":886865925,"osm_type":"way","uso_osm":"orchard","name":"Bananera"}},{"type":"Feature","geometry":{"type":"Polygon","coordinates":[[[-76.753428,8.223913],[-76.7486136,8.2242641],[-76.7482966,8.2229179],[-76.7484916,8.2228915],[-76.7483192,8.2226579],[-76.7484177,8.2224751],[-76.7486804,8.2222192],[-76.7486721,8.2219836],[-76.7485777,8.2219227],[-76.7483541,8.2219877],[-76.7481837,8.2216668],[-76.7480647,8.221679],[-76.747958,8.2214556],[-76.7481632,8.2214861],[-76.7484341,8.2214048],[-76.7485654,8.2212261],[-76.7485244,8.2211266],[-76.7479272,8.2211347],[-76.747917,8.221088],[-76.7481242,8.2206838],[-76.7504853,8.2205521],[-76.7532629,8.2204628],[-76.7533873,8.2207706],[-76.7523235,8.2207491],[-76.7522458,8.2208691],[-76.7524759,8.2214817],[-76.7535055,8.2216172],[-76.753428,8.223913]]]},"properties":{"osm_id":887087058,"osm_type":"way","uso_osm":"orchard","name":"Bananera"}},{"type":"Feature","geometry":{"type":"Polygon","coordinates":[[[-76.6312931,7.912883],[-76.6318297,7.9124239],[-76.6286587,7.9085099],[-76.6257816,7.9073385],[-76.6253073,7.9091193],[-76.6264752,7.9095049],[-76.6275582,7.9097013],[-76.6294977,7.9111806],[-76.6312931,7.912883]]]},"properties":{"osm_id":887369918,"osm_type":"way","uso_osm":"orchard","name":"Bananera"}},{"type":"Feature","geometry":{"type":"Polygon","coordinates":[[[-76.6687157,7.7335308],[-76.6688539,7.7330393],[-76.6690694,7.7326364],[-76.6721612,7.733706],[-76.6718807,7.7346285],[-76.6687157,7.7335308]]]},"properties":{"osm_id":887619559,"osm_type":"way","uso_osm":"orchard","name":""}},{"type":"Feature","geometry":{"type":"Polygon","coordinates":[[[-76.6697758,7.5368655],[-76.6684941,7.5335239],[-76.6722794,7.527149],[-76.6724284,7.5271616],[-76.6727998,7.5271756],[-76.6733899,7.5274681],[-76.6735454,7.5273352],[-76.6738081,7.5270022],[-76.6740883,7.527155],[-76.6739055,7.5274115],[-76.6738751,7.5274541],[-76.6729416,7.5287637],[-76.6727717,7.5301251],[-76.672347,7.53169],[-76.6716712,7.5335664],[-76.6708188,7.5346885],[-76.6708804,7.5363196],[-76.6697758,7.5368655]]]},"properties":{"osm_id":888004234,"osm_type":"way","uso_osm":"orchard","name":"Palma de Aceite"}},{"type":"Feature","geometry":{"type":"Polygon","coordinates":[[[-76.7312205,7.6819905],[-76.728568,7.6814814],[-76.7283202,7.6810839],[-76.7287413,7.6792684],[-76.7285804,7.6792205],[-76.7282145,7.6793063],[-76.7276819,7.6790983],[-76.7275826,7.6788909],[-76.7273546,7.6787208],[-76.7271883,7.6784018],[-76.7269308,7.6781307],[-76.7266868,7.6781626],[-76.7266251,7.6780004],[-76.72655,7.6773784],[-76.7265366,7.6760919],[-76.7266117,7.6757383],[-76.7263852,7.6724678],[-76.7282512,7.6716861],[-76.7288326,7.6723509],[-76.7291538,7.6732333],[-76.7323289,7.671799],[-76.7346131,7.6746544],[-76.7344496,7.6748997],[-76.7343188,7.6753162],[-76.7339873,7.6754736],[-76.7335763,7.6762233],[-76.7334175,7.6763344],[-76.7333343,7.6765131],[-76.7332458,7.6765411],[-76.7330653,7.6764675],[-76.7328742,7.676499],[-76.7323327,7.6770217],[-76.7318655,7.6771409],[-76.7315399,7.6768778],[-76.7312603,7.6768708],[-76.7303932,7.6770006],[-76.7303402,7.6771304],[-76.7302835,7.6776282],[-76.7300367,7.6778993],[-76.7312061,7.6792443],[-76.7315334,7.6802598],[-76.731638,7.6810785],[-76.7315736,7.6814054],[-76.7312205,7.6819905]]]},"properties":{"osm_id":888004274,"osm_type":"way","uso_osm":"orchard","name":"Palma de Aceite"}},{"type":"Feature","geometry":{"type":"Polygon","coordinates":[[[-76.7224397,8.1131953],[-76.7200312,8.1139275],[-76.7196924,8.1140537],[-76.7198167,8.1142721],[-76.7197111,8.1146228],[-76.7195339,8.1152689],[-76.7195681,8.1160565],[-76.7197422,8.1168072],[-76.7218616,8.1199946],[-76.7221413,8.1202561],[-76.7230364,8.1213329],[-76.7230356,8.1216373],[-76.7233963,8.1216477],[-76.723391,8.1213398],[-76.7237046,8.1213941],[-76.7233649,8.1192132],[-76.7231794,8.1188924],[-76.7232996,8.1187139],[-76.7235687,8.1187269],[-76.7236942,8.1188821],[-76.7239189,8.1186958],[-76.7241907,8.1185561],[-76.7240287,8.118168],[-76.7238379,8.1182094],[-76.7236811,8.1179119],[-76.7234276,8.1178498],[-76.7234015,8.117498],[-76.722999,8.1171125],[-76.7235609,8.1168667],[-76.7224397,8.1131953]]]},"properties":{"osm_id":890919428,"osm_type":"way","uso_osm":"orchard","name":"Bananera"}},{"type":"Feature","geometry":{"type":"Polygon","coordinates":[[[-76.7196178,8.1144285],[-76.7194311,8.1143791],[-76.7194126,8.1142492],[-76.7196067,8.1141065],[-76.7194976,8.114048],[-76.7192112,8.114187],[-76.7190634,8.1139894],[-76.7184739,8.1141596],[-76.7185404,8.114348],[-76.7172728,8.1147742],[-76.7171841,8.1149389],[-76.7168848,8.1151127],[-76.7161622,8.1151145],[-76.7156042,8.1153285],[-76.715449,8.1154913],[-76.7153603,8.1161554],[-76.7149001,8.1161298],[-76.7149205,8.115517],[-76.7140889,8.1157365],[-76.7141111,8.1159121],[-76.7142312,8.1158993],[-76.7143125,8.1159652],[-76.714331,8.1161463],[-76.7135882,8.1162048],[-76.7131059,8.1168158],[-76.712769,8.1167622],[-76.7128404,8.1161838],[-76.7089837,8.1173313],[-76.7089931,8.1171221],[-76.7086947,8.1172114],[-76.7087289,8.1179867],[-76.7086201,8.1182789],[-76.7084927,8.1182636],[-76.7083653,8.1175898],[-76.7080887,8.1176821],[-76.7081509,8.1173898],[-76.7076909,8.1175098],[-76.7075544,8.1238169],[-76.703951,8.1251669],[-76.7039881,8.1225783],[-76.7043558,8.1225695],[-76.7044245,8.1193811],[-76.7039365,8.1195034],[-76.7039104,8.119806],[-76.7035106,8.1195396],[-76.7035001,8.1197621],[-76.7030846,8.1199768],[-76.7030872,8.1197051],[-76.7012533,8.120842],[-76.7011446,8.1206881],[-76.6998455,8.1215342],[-76.6999201,8.1217034],[-76.6997989,8.1227741],[-76.699398,8.1226971],[-76.6994104,8.1221064],[-76.6992799,8.1219342],[-76.6975581,8.1230162],[-76.69763,8.1231875],[-76.6973215,8.1234239],[-76.6973135,8.1237558],[-76.6974775,8.1241067],[-76.6979943,8.1237983],[-76.6988074,8.1238788],[-76.6991128,8.1241986],[-76.6990645,8.1244553],[-76.6991656,8.1246707],[-76.6993875,8.1257867],[-76.699616,8.1260282],[-76.7006533,8.1267526],[-76.70104,8.1268592],[-76.7015718,8.1269832],[-76.7021761,8.1270789],[-76.7024025,8.1270136],[-76.7029936,8.1272355],[-76.7031386,8.126733],[-76.7034199,8.126535],[-76.7037408,8.1265046],[-76.7044132,8.1268679],[-76.7049823,8.127514],[-76.7051889,8.1276315],[-76.705323,8.1275684],[-76.7054988,8.1273704],[-76.7055163,8.1270898],[-76.7051032,8.1263675],[-76.7051559,8.1260673],[-76.7058943,8.1257519],[-76.7062833,8.1258084],[-76.7068107,8.1263393],[-76.706914,8.1263567],[-76.7069821,8.1258106],[-76.7070722,8.1257845],[-76.7072677,8.1264371],[-76.707237,8.1266656],[-76.7077072,8.1269201],[-76.7083357,8.1267939],[-76.7095553,8.1263697],[-76.7098059,8.1259063],[-76.7095606,8.1248176],[-76.7099761,8.124295],[-76.7103759,8.1242588],[-76.710747,8.1243959],[-76.7109874,8.1243208],[-76.7110946,8.1240466],[-76.7109613,8.1237413],[-76.7101175,8.123059],[-76.7100104,8.1225261],[-76.7101384,8.1221923],[-76.710601,8.1219284],[-76.710993,8.1218431],[-76.7111471,8.1219207],[-76.71127,8.1220009],[-76.7112752,8.1223527],[-76.7118893,8.1225079],[-76.7134913,8.1235635],[-76.7139407,8.1232401],[-76.7139303,8.1230254],[-76.714304,8.1230228],[-76.7148136,8.1229607],[-76.7164025,8.1234315],[-76.7180018,8.1235014],[-76.7181063,8.1225261],[-76.716656,8.1224045],[-76.7167291,8.1211187],[-76.7154173,8.1206634],[-76.7153833,8.1205366],[-76.7158511,8.1205081],[-76.7164234,8.120697],[-76.7174425,8.12086],[-76.7177927,8.12101],[-76.7179913,8.1209272],[-76.7187699,8.1210058],[-76.7198528,8.1209839],[-76.7214695,8.1213075],[-76.7217243,8.1214005],[-76.7217283,8.1210883],[-76.7225475,8.1209809],[-76.7222278,8.1205793],[-76.7221103,8.1206076],[-76.7221256,8.1207],[-76.7214202,8.1207936],[-76.7213016,8.1206685],[-76.7220993,8.1205456],[-76.722138,8.1204606],[-76.7220049,8.1203079],[-76.7211814,8.1204486],[-76.7213225,8.1193995],[-76.7202896,8.1179077],[-76.7198281,8.1180321],[-76.7189663,8.1185487],[-76.7187206,8.1182396],[-76.7189663,8.1181244],[-76.7188591,8.1176096],[-76.7197422,8.1172889],[-76.7194186,8.1160738],[-76.7193982,8.1151921],[-76.7196178,8.1144285]]]},"properties":{"osm_id":890919429,"osm_type":"way","uso_osm":"orchard","name":"Banaera"}},{"type":"Feature","geometry":{"type":"Polygon","coordinates":[[[-76.7034749,8.130468],[-76.703133,8.1320616],[-76.703248,8.132477],[-76.7036147,8.1327815],[-76.7041896,8.13256],[-76.7046993,8.1326892],[-76.7051437,8.131994],[-76.7059362,8.1316309],[-76.7034749,8.130468]]]},"properties":{"osm_id":890919433,"osm_type":"way","uso_osm":"orchard","name":"Bananera"}},{"type":"Feature","geometry":{"type":"Polygon","coordinates":[[[-76.6938068,8.1272532],[-76.6936545,8.1271455],[-76.6934991,8.127327],[-76.6931759,8.1270932],[-76.6921721,8.1280808],[-76.6919577,8.1283453],[-76.6917619,8.1284038],[-76.6914449,8.1283823],[-76.6908918,8.1274378],[-76.690581,8.1271055],[-76.6898848,8.1273424],[-76.6899998,8.1277547],[-76.6898382,8.1285299],[-76.6895306,8.1290868],[-76.6888531,8.1299267],[-76.6885237,8.1300528],[-76.6883495,8.1300127],[-76.6880824,8.1299513],[-76.6867056,8.1289422],[-76.686429,8.1289607],[-76.6857453,8.1293606],[-76.6856645,8.1299544],[-76.6854874,8.1302589],[-76.684841,8.1304928],[-76.6843904,8.1304158],[-76.683542,8.1299421],[-76.6831815,8.1298436],[-76.6827153,8.1299421],[-76.682765,8.1306589],[-76.6835668,8.131751],[-76.6842132,8.1323386],[-76.6841977,8.132554],[-76.6839366,8.1328524],[-76.6835171,8.1331539],[-76.6827495,8.1332124],[-76.6815281,8.1330375],[-76.6798818,8.1322458],[-76.6793591,8.1321527],[-76.6789201,8.1321941],[-76.6783922,8.1324632],[-76.6779584,8.132815],[-76.6776448,8.1330375],[-76.6773678,8.1335238],[-76.6775141,8.1337877],[-76.6781413,8.1340205],[-76.6787633,8.1347138],[-76.678826,8.1357486],[-76.6794793,8.1361367],[-76.6789941,8.1365428],[-76.6789239,8.1369672],[-76.6792011,8.1375269],[-76.6795115,8.136766],[-76.6800622,8.1364806],[-76.680672,8.1364404],[-76.6808457,8.1360233],[-76.6806794,8.1357855],[-76.6809048,8.1355952],[-76.6811672,8.135705],[-76.6814518,8.1354452],[-76.6815153,8.1354565],[-76.6821946,8.1355769],[-76.682193,8.1350893],[-76.6822874,8.1349043],[-76.682821,8.1346635],[-76.6834401,8.1343708],[-76.6837524,8.1343324],[-76.683976,8.1343507],[-76.6862121,8.1347274],[-76.6870542,8.1349497],[-76.6877463,8.1350682],[-76.6877833,8.1348322],[-76.686941,8.1330633],[-76.6883645,8.1327418],[-76.6888074,8.1328427],[-76.6890191,8.1328181],[-76.6896775,8.1337719],[-76.6897768,8.1337409],[-76.6896749,8.1332765],[-76.6897193,8.1332235],[-76.6899414,8.1330605],[-76.6900433,8.1331277],[-76.6901348,8.1329195],[-76.6900272,8.1327682],[-76.6902379,8.1326063],[-76.6903358,8.1327408],[-76.6911613,8.1316669],[-76.6909328,8.1312253],[-76.6905944,8.1314603],[-76.689642,8.1297988],[-76.6906435,8.1292244],[-76.6912755,8.1300183],[-76.6938068,8.1272532]]]},"properties":{"osm_id":890919434,"osm_type":"way","uso_osm":"orchard","name":"Bananera"}},{"type":"Feature","geometry":{"type":"Polygon","coordinates":[[[-76.673357,8.1418171],[-76.6732607,8.1411464],[-76.6731675,8.1410203],[-76.6727976,8.1408972],[-76.6723936,8.1404296],[-76.672375,8.1400358],[-76.6724775,8.139802],[-76.6722041,8.1393221],[-76.6726174,8.1390114],[-76.6732172,8.1388637],[-76.6740097,8.139519],[-76.6737051,8.1400512],[-76.6737175,8.1403281],[-76.6741278,8.1407834],[-76.6741682,8.1410203],[-76.6740252,8.1412725],[-76.673357,8.1418171]]]},"properties":{"osm_id":890919439,"osm_type":"way","uso_osm":"orchard","name":"Bananera"}},{"type":"Feature","geometry":{"type":"Polygon","coordinates":[[[-76.6776911,8.1361514],[-76.6774527,8.1360419],[-76.6773233,8.1358718],[-76.6771478,8.135173],[-76.6769815,8.135098],[-76.6770147,8.1339858],[-76.6778333,8.1344011],[-76.6781992,8.1347431],[-76.678384,8.135237],[-76.6784542,8.1354456],[-76.6783859,8.1357163],[-76.6780699,8.1361444],[-76.6776911,8.1361514]]]},"properties":{"osm_id":890919442,"osm_type":"way","uso_osm":"orchard","name":"Bananera"}},{"type":"Feature","geometry":{"type":"Polygon","coordinates":[[[-76.748073,8.222482],[-76.7471482,8.2227348],[-76.7468027,8.222688],[-76.7453544,8.2231914],[-76.7450668,8.2233124],[-76.7449252,8.2229047],[-76.7445304,8.2229917],[-76.744466,8.2233995],[-76.7442686,8.2236097],[-76.7437922,8.2235694],[-76.7427537,8.2236161],[-76.7424082,8.223752],[-76.7423674,8.2243721],[-76.7424769,8.2243785],[-76.7425327,8.2243233],[-76.7426056,8.2243679],[-76.7427687,8.2247098],[-76.7431119,8.2258383],[-76.7421682,8.2260155],[-76.7419011,8.2262587],[-76.7418253,8.2264329],[-76.7421378,8.2272468],[-76.7426446,8.2277033],[-76.7430239,8.2276433],[-76.743558,8.2273219],[-76.7454941,8.2270576],[-76.7488908,8.2260936],[-76.748073,8.222482]]]},"properties":{"osm_id":890925397,"osm_type":"way","uso_osm":"forest","name":"Plantación de Teca"}},{"type":"Feature","geometry":{"type":"Polygon","coordinates":[[[-76.7478852,8.2176329],[-76.7478895,8.2183762],[-76.7523269,8.2180874],[-76.751769,8.2178113],[-76.7515802,8.2174885],[-76.7478852,8.2176329]]]},"properties":{"osm_id":890925398,"osm_type":"way","uso_osm":"orchard","name":"Bananera"}},{"type":"Feature","geometry":{"type":"Polygon","coordinates":[[[-76.7507562,8.21663],[-76.7505889,8.2162094],[-76.7478938,8.216048],[-76.7470998,8.2152028],[-76.7451171,8.2149479],[-76.74513,8.2152962],[-76.7455034,8.215258],[-76.7455163,8.2158909],[-76.7451833,8.2159333],[-76.7453109,8.2167996],[-76.7493062,8.2169563],[-76.7492819,8.2165598],[-76.7507562,8.21663]]]},"properties":{"osm_id":890925399,"osm_type":"way","uso_osm":"orchard","name":"Bananera"}},{"type":"Feature","geometry":{"type":"Polygon","coordinates":[[[-76.7452979,8.2148302],[-76.745212,8.2146242],[-76.7450189,8.214707],[-76.7448966,8.2141357],[-76.745461,8.2140933],[-76.7456047,8.2140253],[-76.7454524,8.2137237],[-76.7458386,8.2137046],[-76.7458236,8.2133754],[-76.7456348,8.2124049],[-76.7450189,8.2126066],[-76.7449224,8.2132034],[-76.7447765,8.2132055],[-76.7446069,8.2120778],[-76.7454631,8.2118123],[-76.7456047,8.2117232],[-76.7455618,8.2113706],[-76.7457013,8.2112814],[-76.7458107,8.2113749],[-76.7459223,8.2113111],[-76.745948,8.210657],[-76.7488444,8.2108711],[-76.7486441,8.2112075],[-76.7484135,8.2111955],[-76.7483892,8.2112886],[-76.7484833,8.2114868],[-76.7484256,8.211667],[-76.7479978,8.21167],[-76.7481859,8.2122497],[-76.7480554,8.212538],[-76.7482223,8.2127693],[-76.7480615,8.2128083],[-76.7481131,8.2129975],[-76.7477064,8.2130876],[-76.7474212,8.2131777],[-76.747491,8.213409],[-76.7476761,8.213415],[-76.7475942,8.2138055],[-76.7500009,8.2140447],[-76.7499579,8.2142401],[-76.7496232,8.2143972],[-76.7466283,8.2142456],[-76.7464978,8.2143507],[-76.7464857,8.2147021],[-76.7458423,8.2146751],[-76.7452979,8.2148302]]]},"properties":{"osm_id":890925400,"osm_type":"way","uso_osm":"orchard","name":"Bananera"}},{"type":"Feature","geometry":{"type":"Polygon","coordinates":[[[-76.7443946,8.2123919],[-76.7438966,8.2125152],[-76.7436783,8.2130706],[-76.7434076,8.2132349],[-76.7427454,8.2133492],[-76.7423809,8.2131456],[-76.7422438,8.2131974],[-76.7421392,8.2133795],[-76.7417981,8.2134438],[-76.7417891,8.2135742],[-76.7420147,8.213926],[-76.7425866,8.2146564],[-76.7424766,8.2148886],[-76.7423142,8.2149439],[-76.7420002,8.2154975],[-76.7414896,8.2156547],[-76.7413488,8.2160494],[-76.7414174,8.2162708],[-76.7415545,8.216319],[-76.7420634,8.2163047],[-76.7421969,8.2164315],[-76.7424066,8.2164557],[-76.7424538,8.2166468],[-76.7424581,8.2172117],[-76.7421749,8.2173137],[-76.7421663,8.2176365],[-76.742471,8.2176407],[-76.7426984,8.2178573],[-76.7435353,8.2179423],[-76.7441189,8.21804],[-76.7455308,8.2178488],[-76.7453086,8.2174272],[-76.7443946,8.2123919]]]},"properties":{"osm_id":890925405,"osm_type":"way","uso_osm":"forest","name":"Plantación de Teca"}},{"type":"Feature","geometry":{"type":"Polygon","coordinates":[[[-76.756741,8.2683885],[-76.7565352,8.2704735],[-76.7568437,8.2705789],[-76.7570982,8.2704539],[-76.7568636,8.2702182],[-76.7569466,8.2700414],[-76.7571649,8.27017],[-76.757349,8.2701021],[-76.7574049,8.2702324],[-76.7575005,8.2701467],[-76.757607,8.2702271],[-76.7582999,8.2701682],[-76.7590815,8.2700897],[-76.759545,8.2699771],[-76.7603325,8.2699537],[-76.7610084,8.2700536],[-76.7636825,8.2705656],[-76.7647543,8.2708942],[-76.7658586,8.270637],[-76.7667139,8.2706335],[-76.7671433,8.2704692],[-76.7681646,8.2704299],[-76.769009,8.2702014],[-76.7699617,8.2694157],[-76.7705788,8.2691193],[-76.7709577,8.2690229],[-76.7708856,8.2681765],[-76.7706257,8.2678944],[-76.7703551,8.2678194],[-76.7702504,8.2674015],[-76.7697957,8.2674729],[-76.7695106,8.2681051],[-76.7675439,8.2647624],[-76.7661554,8.2652902],[-76.7662842,8.2658976],[-76.7662327,8.2662585],[-76.7645976,8.2667852],[-76.7623145,8.2684415],[-76.7620913,8.2692399],[-76.7609026,8.2693333],[-76.7587997,8.2686708],[-76.756741,8.2683885]]]},"properties":{"osm_id":891033048,"osm_type":"way","uso_osm":"orchard","name":"Bananera"}},{"type":"Feature","geometry":{"type":"Polygon","coordinates":[[[-76.7531746,8.2934623],[-76.753269,8.293509],[-76.7533469,8.2933663],[-76.7538917,8.2934446],[-76.7546074,8.2930393],[-76.754855,8.2927818],[-76.7555018,8.2918652],[-76.7556192,8.2918487],[-76.7561296,8.291975],[-76.7565869,8.2920905],[-76.7569678,8.2923207],[-76.7573021,8.292505],[-76.7579969,8.2927519],[-76.7583835,8.2933644],[-76.7585079,8.2938676],[-76.7580552,8.2937317],[-76.7579264,8.2942286],[-76.7579221,8.2945896],[-76.7575681,8.2948826],[-76.7573749,8.2949845],[-76.756772,8.2959251],[-76.7565703,8.2958168],[-76.7564008,8.2958338],[-76.7561497,8.2964305],[-76.7558407,8.2968743],[-76.755212,8.2974794],[-76.7548558,8.2976025],[-76.7546155,8.297611],[-76.7545318,8.2979423],[-76.7549138,8.2980973],[-76.7549567,8.2983308],[-76.7549459,8.2985446],[-76.7556025,8.2987506],[-76.7559973,8.2987293],[-76.7567338,8.2990608],[-76.7564531,8.2992704],[-76.7560946,8.2997691],[-76.7552381,8.2999632],[-76.7551844,8.2992562],[-76.7550042,8.2992265],[-76.7550128,8.2995258],[-76.7546823,8.2997849],[-76.7545364,8.3002478],[-76.7545707,8.3005068],[-76.754678,8.3006767],[-76.7547124,8.3008593],[-76.7549076,8.3009485],[-76.7544763,8.3016109],[-76.754118,8.3013986],[-76.7539586,8.3008566],[-76.7536036,8.3016914],[-76.7542712,8.3020127],[-76.7539725,8.302904],[-76.7544531,8.303129],[-76.7543458,8.3038531],[-76.7543651,8.3042204],[-76.7542686,8.3044433],[-76.7538158,8.3046493],[-76.7539102,8.304386],[-76.7538137,8.3043839],[-76.7532544,8.3045037],[-76.7511773,8.3034166],[-76.7489067,8.3025032],[-76.7531746,8.2934623]]]},"properties":{"osm_id":891033051,"osm_type":"way","uso_osm":"orchard","name":"Bananera"}},{"type":"Feature","geometry":{"type":"Polygon","coordinates":[[[-76.7469452,8.3067779],[-76.7466662,8.307366],[-76.7471469,8.3075741],[-76.7471039,8.3077482],[-76.7491695,8.3086533],[-76.7503165,8.3091097],[-76.7505623,8.3084581],[-76.7469452,8.3067779]]]},"properties":{"osm_id":891033055,"osm_type":"way","uso_osm":"orchard","name":"Bananera"}},{"type":"Feature","geometry":{"type":"Polygon","coordinates":[[[-76.7477847,8.3058095],[-76.7479652,8.3051685],[-76.7482224,8.3052669],[-76.7484799,8.3047913],[-76.7491258,8.3051162],[-76.7499347,8.3055472],[-76.7501257,8.3053603],[-76.7514282,8.3058996],[-76.7515462,8.3063795],[-76.751544,8.3065451],[-76.7519603,8.3067723],[-76.7518723,8.3069528],[-76.751499,8.3067617],[-76.7514303,8.3069698],[-76.7515805,8.3070823],[-76.7515526,8.3072691],[-76.7510376,8.3073392],[-76.750557,8.3069634],[-76.750557,8.306836],[-76.7503231,8.3067235],[-76.7501493,8.3074157],[-76.7486429,8.3067252],[-76.7487399,8.3062632],[-76.7477847,8.3058095]]]},"properties":{"osm_id":891033056,"osm_type":"way","uso_osm":"orchard","name":"Bananera"}},{"type":"Feature","geometry":{"type":"Polygon","coordinates":[[[-76.7439033,8.3209707],[-76.7438907,8.3204333],[-76.7436471,8.3202583],[-76.7436633,8.3202083],[-76.745253,8.3203047],[-76.7453252,8.3210456],[-76.7439033,8.3209707]]]},"properties":{"osm_id":891033057,"osm_type":"way","uso_osm":"orchard","name":"Bananera"}},{"type":"Feature","geometry":{"type":"Polygon","coordinates":[[[-76.7080463,8.1324855],[-76.7082587,8.1333756],[-76.7080076,8.1343102],[-76.7080677,8.1344716],[-76.7084411,8.1344865],[-76.708396,8.1342613],[-76.7086728,8.1340447],[-76.7092372,8.133571],[-76.709205,8.1334265],[-76.7093209,8.1332184],[-76.7080463,8.1324855]]]},"properties":{"osm_id":891033063,"osm_type":"way","uso_osm":"orchard","name":"Bananera"}},{"type":"Feature","geometry":{"type":"Polygon","coordinates":[[[-76.7099909,8.1336356],[-76.7099042,8.1337038],[-76.7099016,8.1338377],[-76.7097893,8.1338604],[-76.7097,8.1336558],[-76.7095291,8.1335144],[-76.7093811,8.1339488],[-76.7090391,8.1339514],[-76.7087891,8.1341737],[-76.7089983,8.1346385],[-76.7088937,8.1348406],[-76.7089728,8.1349189],[-76.709501,8.1351841],[-76.709922,8.1348406],[-76.7099195,8.134593],[-76.7098072,8.1345703],[-76.7096822,8.1346435],[-76.7095444,8.1345804],[-76.7097996,8.1341484],[-76.7103354,8.1343278],[-76.7106569,8.1340524],[-76.7099909,8.1336356]]]},"properties":{"osm_id":891033069,"osm_type":"way","uso_osm":"orchard","name":"Bananera"}},{"type":"Feature","geometry":{"type":"Polygon","coordinates":[[[-76.726906,8.1514971],[-76.7266738,8.1507166],[-76.7258011,8.151295],[-76.7262002,8.1519474],[-76.7262787,8.151903],[-76.7262271,8.1518317],[-76.7262954,8.1517866],[-76.7262779,8.1517626],[-76.7262248,8.1517836],[-76.7259578,8.1513105],[-76.7260723,8.1512459],[-76.7263553,8.1515058],[-76.7263404,8.1517624],[-76.7266785,8.151828],[-76.7267104,8.151895],[-76.726505,8.1521526],[-76.7263647,8.1522019],[-76.7266836,8.1528649],[-76.7273658,8.1524616],[-76.7275066,8.1521454],[-76.7273171,8.1520668],[-76.7276635,8.1514738],[-76.7274885,8.1513738],[-76.726906,8.1514971]]]},"properties":{"osm_id":891033072,"osm_type":"way","uso_osm":"orchard","name":"Bananera"}},{"type":"Feature","geometry":{"type":"Polygon","coordinates":[[[-76.7269193,8.1530216],[-76.7269601,8.1531391],[-76.7268481,8.1532011],[-76.7275134,8.1551836],[-76.7296751,8.1545679],[-76.7294755,8.1538861],[-76.7293382,8.1536099],[-76.7292695,8.1532042],[-76.7288361,8.1517556],[-76.7281373,8.1521758],[-76.7275006,8.1526414],[-76.7269193,8.1530216]]]},"properties":{"osm_id":891033073,"osm_type":"way","uso_osm":"orchard","name":"Bananera"}},{"type":"Feature","geometry":{"type":"Polygon","coordinates":[[[-76.7391573,8.172443],[-76.7391207,8.172605],[-76.7393171,8.1729207],[-76.73922,8.1733112],[-76.738868,8.1734193],[-76.7388559,8.1738669],[-76.7394901,8.1737437],[-76.7397511,8.1737828],[-76.739921,8.1740711],[-76.7397207,8.1742303],[-76.7396145,8.1745367],[-76.7363584,8.1751765],[-76.7361548,8.1750757],[-76.7360068,8.1751669],[-76.7353779,8.1746669],[-76.7358073,8.174508],[-76.7353184,8.1735078],[-76.7354194,8.1734578],[-76.7353256,8.1733221],[-76.735017,8.1734828],[-76.7347283,8.173531],[-76.7344577,8.1733328],[-76.7344288,8.1732524],[-76.7345443,8.1732488],[-76.734676,8.1733435],[-76.7348456,8.173181],[-76.7347572,8.1730399],[-76.7355349,8.1729381],[-76.7358452,8.1733078],[-76.7391573,8.172443]]]},"properties":{"osm_id":891033082,"osm_type":"way","uso_osm":"orchard","name":"Bananera"}},{"type":"Feature","geometry":{"type":"Polygon","coordinates":[[[-76.7382359,8.179683],[-76.7378531,8.1787889],[-76.7358117,8.17988],[-76.7335789,8.1811556],[-76.7337167,8.1817668],[-76.7343062,8.1812818],[-76.7346609,8.1811177],[-76.7346507,8.1815774],[-76.7382359,8.179683]]]},"properties":{"osm_id":891033083,"osm_type":"way","uso_osm":"forest","name":"Plantación de Teca"}},{"type":"Feature","geometry":{"type":"Polygon","coordinates":[[[-76.7389479,8.1797899],[-76.7388943,8.1796052],[-76.7389651,8.1795308],[-76.7385638,8.1791103],[-76.7390123,8.1790275],[-76.7391045,8.1785474],[-76.741523,8.1781475],[-76.7416777,8.1792769],[-76.7389479,8.1797899]]]},"properties":{"osm_id":891033084,"osm_type":"way","uso_osm":"forest","name":"Plantación de Teca"}},{"type":"Feature","geometry":{"type":"Polygon","coordinates":[[[-76.7413435,8.176786],[-76.7413147,8.1767217],[-76.7413904,8.1765931],[-76.741293,8.1762948],[-76.7408708,8.1760412],[-76.7399379,8.1761752],[-76.7400516,8.1760341],[-76.740463,8.1759091],[-76.7407246,8.1755804],[-76.7406849,8.1753518],[-76.7403872,8.1753036],[-76.740057,8.1753536],[-76.7398603,8.1755268],[-76.7399903,8.1757555],[-76.7399343,8.1758573],[-76.739532,8.1762466],[-76.7397882,8.1766806],[-76.7394706,8.1766538],[-76.7387633,8.176811],[-76.7384818,8.1771075],[-76.7380632,8.1772968],[-76.7376428,8.1771843],[-76.7373171,8.1772927],[-76.7373991,8.177527],[-76.7381146,8.1773574],[-76.7395127,8.1771178],[-76.7413435,8.176786]]]},"properties":{"osm_id":891033085,"osm_type":"way","uso_osm":"orchard","name":"Bananera"}},{"type":"Feature","geometry":{"type":"Polygon","coordinates":[[[-76.7380875,8.1783478],[-76.7380478,8.1782425],[-76.7381363,8.1781585],[-76.7381218,8.1779674],[-76.7385585,8.1778067],[-76.738674,8.177637],[-76.7414448,8.1771476],[-76.7419246,8.1775922],[-76.7380875,8.1783478]]]},"properties":{"osm_id":891033086,"osm_type":"way","uso_osm":"orchard","name":"Bananera"}},{"type":"Feature","geometry":{"type":"Polygon","coordinates":[[[-76.741862,8.1858276],[-76.7418033,8.1851937],[-76.7430409,8.1849462],[-76.7430894,8.1855877],[-76.7426199,8.1857468],[-76.741862,8.1858276]]]},"properties":{"osm_id":891033087,"osm_type":"way","uso_osm":"forest","name":"Plantación  de Teca"}},{"type":"Feature","geometry":{"type":"Polygon","coordinates":[[[-76.7447657,8.1976234],[-76.7481002,8.1982648],[-76.7480788,8.1988509],[-76.7477569,8.1989274],[-76.7459802,8.198749],[-76.7456541,8.1987405],[-76.7446842,8.1984347],[-76.7447657,8.1976234]]]},"properties":{"osm_id":891033094,"osm_type":"way","uso_osm":"orchard","name":"Bananera"}},{"type":"Feature","geometry":{"type":"Polygon","coordinates":[[[-76.7584879,8.2504781],[-76.7588959,8.2505079],[-76.758987,8.2503757],[-76.7593117,8.2503878],[-76.7596728,8.2515169],[-76.7603211,8.2530316],[-76.7602741,8.2536923],[-76.7606061,8.2542638],[-76.7610392,8.2550744],[-76.7611222,8.2556209],[-76.759289,8.2559673],[-76.7596462,8.2571565],[-76.7602994,8.2589136],[-76.7597003,8.2590565],[-76.7598158,8.2596993],[-76.7595452,8.2599243],[-76.7594044,8.2603814],[-76.7594586,8.260685],[-76.7592853,8.2607028],[-76.7594622,8.26156],[-76.7591879,8.2618064],[-76.7579645,8.2614385],[-76.7578346,8.2618171],[-76.7574052,8.2617278],[-76.7584879,8.2504781]]]},"properties":{"osm_id":891033095,"osm_type":"way","uso_osm":"orchard","name":"Bananera"}},{"type":"Feature","geometry":{"type":"Polygon","coordinates":[[[-76.7560598,8.2642784],[-76.7555167,8.2646927],[-76.7555932,8.2649427],[-76.7555983,8.2655223],[-76.7563281,8.2656208],[-76.7562694,8.2659301],[-76.7562949,8.266295],[-76.7564889,8.2664541],[-76.7568385,8.2664819],[-76.7570452,8.2638221],[-76.7579724,8.2633927],[-76.7579904,8.2625356],[-76.7575393,8.2619249],[-76.7573979,8.2618783],[-76.7573622,8.2622899],[-76.7565176,8.2618732],[-76.7566783,8.2615298],[-76.757255,8.2616308],[-76.7581886,8.2520073],[-76.7578466,8.2519744],[-76.7575098,8.2520401],[-76.7574383,8.2524745],[-76.7571653,8.2525502],[-76.7570198,8.2553685],[-76.7566575,8.2561867],[-76.7562849,8.2560756],[-76.7561548,8.2561387],[-76.7561038,8.2563407],[-76.756017,8.256366],[-76.7558129,8.2562448],[-76.755129,8.2564317],[-76.7543635,8.2564998],[-76.7541848,8.2563685],[-76.7538761,8.2565806],[-76.7538582,8.2574115],[-76.7539603,8.2575478],[-76.7542435,8.2575781],[-76.7547258,8.2578054],[-76.7550626,8.2584898],[-76.7561053,8.2579568],[-76.756424,8.2580349],[-76.7563845,8.258173],[-76.7559111,8.2582781],[-76.755635,8.2584883],[-76.7551828,8.2587256],[-76.7546184,8.2597466],[-76.7558595,8.2606896],[-76.7563147,8.2607437],[-76.7563724,8.261065],[-76.7560877,8.2615946],[-76.7552774,8.2614445],[-76.7551075,8.2620241],[-76.7554747,8.2620811],[-76.7552683,8.2628049],[-76.7553416,8.2640427],[-76.7560598,8.2642784]]]},"properties":{"osm_id":891033096,"osm_type":"way","uso_osm":"orchard","name":"Bananera"}},{"type":"Feature","geometry":{"type":"Polygon","coordinates":[[[-76.7614577,8.2621768],[-76.7605238,8.2621818],[-76.7593551,8.261899],[-76.7592173,8.2620657],[-76.7592045,8.2623838],[-76.759003,8.2625354],[-76.7590463,8.2626717],[-76.759498,8.2628586],[-76.7592454,8.2632955],[-76.7592862,8.2634495],[-76.7604319,8.2635076],[-76.761348,8.2634293],[-76.7614577,8.2621768]]]},"properties":{"osm_id":891033097,"osm_type":"way","uso_osm":"orchard","name":"Bananera"}},{"type":"Feature","geometry":{"type":"Polygon","coordinates":[[[-76.7574096,8.2654213],[-76.7594307,8.2655985],[-76.7592789,8.2667937],[-76.7580408,8.2667727],[-76.7568543,8.2674694],[-76.7569926,8.265664],[-76.7573166,8.2656943],[-76.7574096,8.2654213]]]},"properties":{"osm_id":891033098,"osm_type":"way","uso_osm":"orchard","name":"Bananera"}},{"type":"Feature","geometry":{"type":"Polygon","coordinates":[[[-76.7504876,8.2356179],[-76.7504248,8.2342906],[-76.7513063,8.2346209],[-76.7513094,8.2348026],[-76.7515445,8.2348372],[-76.7514778,8.2349603],[-76.7512547,8.235163],[-76.7512836,8.2352997],[-76.7513731,8.2353192],[-76.7513692,8.2357205],[-76.7504876,8.2356179]]]},"properties":{"osm_id":891033100,"osm_type":"way","uso_osm":"orchard","name":"Bananera"}},{"type":"Feature","geometry":{"type":"Polygon","coordinates":[[[-76.7517092,8.2392418],[-76.7514421,8.2393418],[-76.7522649,8.2406811],[-76.7488727,8.2426132],[-76.748768,8.2431811],[-76.7478189,8.2431954],[-76.7476999,8.2438382],[-76.7484793,8.244249],[-76.7487644,8.2438168],[-76.7512472,8.2437882],[-76.7516875,8.2430311],[-76.7536759,8.2426811],[-76.7537914,8.2428275],[-76.7534377,8.2430597],[-76.7526907,8.243924],[-76.7528856,8.2441382],[-76.7544987,8.2434168],[-76.7517092,8.2392418]]]},"properties":{"osm_id":891033101,"osm_type":"way","uso_osm":"orchard","name":"Bananera"}},{"type":"Feature","geometry":{"type":"Polygon","coordinates":[[[-76.7586191,8.2481179],[-76.7582865,8.2481434],[-76.7580204,8.2480924],[-76.7580418,8.2474744],[-76.7586706,8.2474936],[-76.7586512,8.2471389],[-76.7581491,8.2468883],[-76.7577522,8.2470922],[-76.7571943,8.2471559],[-76.7571943,8.2473534],[-76.7565956,8.2471559],[-76.7559733,8.2473937],[-76.7553875,8.2473555],[-76.7537203,8.2464636],[-76.7532739,8.2463872],[-76.751795,8.2455966],[-76.7515614,8.2453083],[-76.7508209,8.245038],[-76.7498954,8.2448247],[-76.7485147,8.2442992],[-76.7480564,8.2446115],[-76.7480291,8.2448728],[-76.7483356,8.2451881],[-76.7484176,8.2454074],[-76.7482749,8.2458608],[-76.7484145,8.2460561],[-76.7503688,8.2471072],[-76.7507572,8.2475607],[-76.7512458,8.2479511],[-76.7519437,8.2478009],[-76.7520348,8.247891],[-76.7519407,8.2486208],[-76.7525598,8.2485817],[-76.7527388,8.248798],[-76.7526083,8.2490322],[-76.7528056,8.2492875],[-76.7530696,8.2491764],[-76.7535521,8.2491644],[-76.7538525,8.2490562],[-76.7543198,8.2487289],[-76.7551383,8.2485582],[-76.7554667,8.2480617],[-76.7562354,8.2480832],[-76.7562606,8.2483974],[-76.7573541,8.2483974],[-76.7585125,8.2487974],[-76.7586191,8.2481179]]]},"properties":{"osm_id":891033102,"osm_type":"way","uso_osm":"orchard","name":"Bananera"}},{"type":"Feature","geometry":{"type":"Polygon","coordinates":[[[-76.7560284,8.2741714],[-76.7557432,8.2741444],[-76.7555065,8.2742795],[-76.7553274,8.274724],[-76.7547752,8.274808],[-76.7540378,8.2758561],[-76.7546689,8.2762194],[-76.7547843,8.2765047],[-76.7557068,8.2769191],[-76.7560284,8.2741714]]]},"properties":{"osm_id":891033103,"osm_type":"way","uso_osm":"orchard","name":"Bananera"}},{"type":"Feature","geometry":{"type":"Polygon","coordinates":[[[-76.7556496,8.2771445],[-76.7555294,8.2770851],[-76.7551818,8.277238],[-76.7547956,8.2782869],[-76.754581,8.2800706],[-76.7546711,8.280593],[-76.7543536,8.2812682],[-76.7543106,8.282555],[-76.7546797,8.2826314],[-76.7550921,8.2825979],[-76.7551012,8.2824238],[-76.7552863,8.2823637],[-76.7556496,8.2771445]]]},"properties":{"osm_id":891033104,"osm_type":"way","uso_osm":"orchard","name":"Bananera"}},{"type":"Feature","geometry":{"type":"Polygon","coordinates":[[[-76.755128,8.2831452],[-76.7542996,8.2828869],[-76.753286,8.282953],[-76.75311,8.2832713],[-76.753107,8.2839319],[-76.7528915,8.2843403],[-76.7524667,8.2845535],[-76.7524121,8.2852052],[-76.7522421,8.2859499],[-76.7524909,8.2869168],[-76.7527003,8.2872802],[-76.752761,8.2877246],[-76.7531525,8.2880459],[-76.7536593,8.288106],[-76.7536502,8.2882471],[-76.7530979,8.2882921],[-76.7527428,8.288169],[-76.7529401,8.2887726],[-76.7528065,8.2892531],[-76.7522027,8.2891149],[-76.7517839,8.289193],[-76.7517111,8.2894693],[-76.7518294,8.2898326],[-76.7519993,8.2899798],[-76.7523514,8.2900128],[-76.7526457,8.2899317],[-76.7528703,8.2894452],[-76.7530554,8.2894783],[-76.7532375,8.2903972],[-76.7535439,8.2906224],[-76.7533588,8.2913851],[-76.7536077,8.2922709],[-76.7540645,8.2912719],[-76.7544358,8.2902697],[-76.7545602,8.2896221],[-76.7547061,8.2883226],[-76.755128,8.2831452]]]},"properties":{"osm_id":891033105,"osm_type":"way","uso_osm":"orchard","name":"Bananera"}},{"type":"Feature","geometry":{"type":"Polygon","coordinates":[[[-76.7095507,7.7472954],[-76.7090954,7.7476352],[-76.7089758,7.7476095],[-76.7085478,7.7470441],[-76.7088622,7.7465238],[-76.7090526,7.7459413],[-76.7094103,7.7460056],[-76.7094605,7.745819],[-76.7100295,7.7459455],[-76.7097827,7.7470254],[-76.7095507,7.7472954]]]},"properties":{"osm_id":909413446,"osm_type":"way","uso_osm":"residential","name":""}},{"type":"Feature","geometry":{"type":"Polygon","coordinates":[[[-76.7098433,7.7472037],[-76.7101843,7.7479935],[-76.7096446,7.7483832],[-76.7105253,7.7495502],[-76.7095337,7.750995],[-76.7100253,7.7511546],[-76.7106367,7.7505448],[-76.7107927,7.7503073],[-76.7110341,7.750286],[-76.7114203,7.7508069],[-76.7115276,7.7511099],[-76.7116617,7.7510514],[-76.7117368,7.7509026],[-76.7124664,7.7504242],[-76.7124718,7.7509292],[-76.7127078,7.7510248],[-76.7127614,7.7512853],[-76.7131048,7.7516999],[-76.7133322,7.7513963],[-76.7116438,7.7479221],[-76.7116173,7.7478007],[-76.7103998,7.7472908],[-76.7098433,7.7472037]]]},"properties":{"osm_id":909413447,"osm_type":"way","uso_osm":"residential","name":""}},{"type":"Feature","geometry":{"type":"Polygon","coordinates":[[[-76.7289677,7.7506523],[-76.728873,7.7503472],[-76.7290056,7.750035],[-76.7288208,7.7494975],[-76.7291345,7.7482689],[-76.7298418,7.7482747],[-76.7298773,7.7481479],[-76.7303842,7.7484061],[-76.7308675,7.7487441],[-76.7308083,7.7489131],[-76.7299839,7.7494881],[-76.7300621,7.750319],[-76.7291406,7.7504293],[-76.7289677,7.7506523]]]},"properties":{"osm_id":909413465,"osm_type":"way","uso_osm":"residential","name":""}},{"type":"Feature","geometry":{"type":"Polygon","coordinates":[[[-76.7315475,7.7482453],[-76.7313598,7.747642],[-76.7317004,7.7474214],[-76.7320411,7.7476394],[-76.732371,7.7473736],[-76.7325453,7.7474135],[-76.7327897,7.7473208],[-76.7325971,7.7472254],[-76.732558,7.7468811],[-76.732726,7.7468794],[-76.733377,7.7473806],[-76.7335679,7.7478301],[-76.7328256,7.7478996],[-76.7326102,7.7482973],[-76.7328957,7.7486255],[-76.7330165,7.7494112],[-76.7316965,7.7495972],[-76.7309525,7.7485026],[-76.7315475,7.7482453]]]},"properties":{"osm_id":909413466,"osm_type":"way","uso_osm":"residential","name":""}},{"type":"Feature","geometry":{"type":"Polygon","coordinates":[[[-76.7323289,7.671799],[-76.7291538,7.6732333],[-76.7288326,7.6723509],[-76.7282512,7.6716861],[-76.7263852,7.6724678],[-76.7261124,7.669919],[-76.7283762,7.669685],[-76.7281187,7.666761],[-76.7295778,7.6667185],[-76.7302001,7.6674415],[-76.7327535,7.6663569],[-76.7336977,7.6665058],[-76.7352533,7.6659529],[-76.7368519,7.6649321],[-76.7371416,7.6641665],[-76.7378283,7.6636987],[-76.7387831,7.6686855],[-76.7402154,7.668542],[-76.7400719,7.6748526],[-76.7392096,7.6750626],[-76.7388877,7.67502],[-76.7384975,7.6750027],[-76.7380643,7.6749124],[-76.7377666,7.6748579],[-76.7375399,7.674604],[-76.7374568,7.6743568],[-76.7372891,7.6742345],[-76.7370853,7.6741588],[-76.7362551,7.6742691],[-76.7359038,7.6741854],[-76.7351273,7.6742173],[-76.7349033,7.6743448],[-76.7346131,7.6746544],[-76.7323289,7.671799]]]},"properties":{"osm_id":909425757,"osm_type":"way","uso_osm":"orchard","name":"Sol Luna","operator":"Dole Europe GmbH"}},{"type":"Feature","geometry":{"type":"Polygon","coordinates":[[[-76.6033377,7.9872589],[-76.6033315,7.9869621],[-76.6031513,7.9869658],[-76.6031576,7.9872626],[-76.6033377,7.9872589]]]},"properties":{"osm_id":923409767,"osm_type":"way","uso_osm":"meadow","name":""}},{"type":"Feature","geometry":{"type":"Polygon","coordinates":[[[-76.7127174,7.6618273],[-76.7128354,7.6614498],[-76.7128784,7.6611999],[-76.7128247,7.6609235],[-76.7125189,7.660647],[-76.7121112,7.6604981],[-76.7116338,7.6604875],[-76.7114514,7.660647],[-76.7114407,7.6609607],[-76.7114997,7.662008],[-76.7112958,7.6610032],[-76.7111671,7.660966],[-76.7109472,7.6610617],[-76.7105877,7.6611308],[-76.7101103,7.6612744],[-76.7096543,7.6614764],[-76.7093647,7.6616997],[-76.7090803,7.6619761],[-76.7088819,7.6622632],[-76.7087853,7.6625663],[-76.7086405,7.6635551],[-76.7085332,7.6654106],[-76.7087209,7.6656073],[-76.7089462,7.6658359],[-76.7090482,7.6661177],[-76.7093593,7.6661921],[-76.7096168,7.6663463],[-76.7098528,7.666426],[-76.7103893,7.6665271],[-76.7115802,7.6669045],[-76.7119879,7.6671278],[-76.7122668,7.6673511],[-76.712653,7.667601],[-76.712991,7.6680635],[-76.7134416,7.6682921],[-76.7148846,7.669079],[-76.7158181,7.6697488],[-76.7163974,7.6699721],[-76.7165852,7.6699349],[-76.7177278,7.669382],[-76.719439,7.6674574],[-76.7206568,7.6680688],[-76.7225075,7.6682815],[-76.7228669,7.6679359],[-76.7234248,7.6676329],[-76.7235053,7.6675531],[-76.723516,7.6671331],[-76.7235643,7.6670587],[-76.7242777,7.6666228],[-76.7242509,7.6658997],[-76.72409,7.6658891],[-76.7234087,7.6661655],[-76.7231029,7.6661443],[-76.722647,7.6660114],[-76.7226416,7.6651341],[-76.7231405,7.6652671],[-76.7236072,7.6654372],[-76.7240202,7.6657881],[-76.7242616,7.6657987],[-76.7241061,7.662024],[-76.725077,7.6620187],[-76.7249912,7.6605779],[-76.7248142,7.6597272],[-76.7241919,7.6579728],[-76.723398,7.6562715],[-76.7228615,7.6548254],[-76.7226309,7.6551178],[-76.7224485,7.6551922],[-76.721735,7.6553995],[-76.7210269,7.6556866],[-76.7208499,7.6557292],[-76.7206353,7.6557239],[-76.720292,7.6556282],[-76.720013,7.6555963],[-76.719498,7.6557185],[-76.7173737,7.6563831],[-76.7167246,7.6563459],[-76.7167568,7.6566755],[-76.716494,7.6568244],[-76.7157215,7.6568563],[-76.715405,7.6568616],[-76.7151153,7.6566862],[-76.7146164,7.6564575],[-76.7142355,7.6564894],[-76.7141658,7.6566649],[-76.7143858,7.6570052],[-76.7143858,7.6572285],[-76.7144877,7.6575421],[-76.7145842,7.6577548],[-76.7146969,7.6579834],[-76.7146808,7.6581376],[-76.7145306,7.6583184],[-76.7146003,7.658632],[-76.714493,7.6590095],[-76.7143214,7.6593551],[-76.7141122,7.6594986],[-76.7138708,7.6595358],[-76.7136186,7.6596581],[-76.7134202,7.659908],[-76.713286,7.6601898],[-76.713168,7.6605035],[-76.7130983,7.6608118],[-76.7130232,7.661184],[-76.7128354,7.6618645],[-76.7127174,7.6618273]]]},"properties":{"osm_id":927359864,"osm_type":"way","uso_osm":"orchard","name":""}},{"type":"Feature","geometry":{"type":"Polygon","coordinates":[[[-76.7194766,7.6536823],[-76.7189509,7.6546765],[-76.7185056,7.6559472],[-76.7178351,7.6561545],[-76.7173255,7.6562662],[-76.7165476,7.6562289],[-76.715523,7.655894],[-76.7150295,7.6558249],[-76.7146701,7.6558196],[-76.714375,7.6559578],[-76.7141014,7.6561386],[-76.7137903,7.6559737],[-76.7146325,7.6530921],[-76.7148203,7.6528901],[-76.715287,7.6525445],[-76.7160434,7.6519384],[-76.7163277,7.6521405],[-76.7194766,7.6536823]]]},"properties":{"osm_id":927359865,"osm_type":"way","uso_osm":"orchard","name":""}},{"type":"Feature","geometry":{"type":"Polygon","coordinates":[[[-76.7135435,7.6544319],[-76.7132378,7.6544585],[-76.7125779,7.6546021],[-76.7122185,7.6546286],[-76.7119342,7.6548785],[-76.7116821,7.6551869],[-76.7113334,7.6553783],[-76.7111081,7.6555644],[-76.7105717,7.6557717],[-76.7104268,7.6559259],[-76.7102981,7.65633],[-76.7100942,7.6565054],[-76.7097563,7.6566862],[-76.7093915,7.6567074],[-76.7092574,7.6568084],[-76.7092198,7.6570955],[-76.7092359,7.6573986],[-76.7092252,7.657675],[-76.7099494,7.6588606],[-76.710341,7.6587649],[-76.7110974,7.65843],[-76.7127121,7.6572231],[-76.7125082,7.6569626],[-76.7129803,7.6563672],[-76.7133611,7.6567181],[-76.7134953,7.6565267],[-76.7141551,7.6545755],[-76.7139942,7.6545329],[-76.7136723,7.6546978],[-76.7135435,7.6544319]]]},"properties":{"osm_id":927359866,"osm_type":"way","uso_osm":"orchard","name":""}},{"type":"Feature","geometry":{"type":"Polygon","coordinates":[[[-76.714139,7.6532729],[-76.7142087,7.6537089],[-76.7140585,7.6538577],[-76.7135274,7.6542299],[-76.7130822,7.6543841],[-76.712535,7.6544957],[-76.7119879,7.6545223],[-76.7117304,7.6547137],[-76.7115802,7.6548998],[-76.7113173,7.6550965],[-76.7109525,7.6552719],[-76.7107594,7.6554846],[-76.7104429,7.6556228],[-76.7102069,7.6558515],[-76.7099547,7.6563246],[-76.7097777,7.656516],[-76.709547,7.6565798],[-76.7093647,7.6564363],[-76.7093056,7.6562502],[-76.7093003,7.6559153],[-76.7093056,7.6553517],[-76.7094773,7.655256],[-76.7099762,7.6550327],[-76.7105395,7.6545595],[-76.7107433,7.6541076],[-76.7109686,7.6540757],[-76.7112261,7.6541501],[-76.711607,7.6543575],[-76.711843,7.6542724],[-76.7119342,7.653996],[-76.7120254,7.6537035],[-76.7122507,7.6535494],[-76.7125404,7.6534111],[-76.7127335,7.6532835],[-76.7131198,7.6531878],[-76.714139,7.6532729]]]},"properties":{"osm_id":927359867,"osm_type":"way","uso_osm":"orchard","name":""}},{"type":"Feature","geometry":{"type":"Polygon","coordinates":[[[-76.7119449,7.6468716],[-76.7134577,7.6494396],[-76.7147183,7.6514014],[-76.715126,7.6520288],[-76.7149115,7.6524701],[-76.7146057,7.6527519],[-76.7141658,7.6529858],[-76.7138279,7.6530283],[-76.7128891,7.6529007],[-76.7124867,7.6531612],[-76.712063,7.6533899],[-76.7117894,7.6535068],[-76.7116231,7.6538365],[-76.711489,7.6539003],[-76.7111778,7.6538737],[-76.7106736,7.6537461],[-76.7104,7.6539162],[-76.7104214,7.6542777],[-76.7103034,7.6544585],[-76.7100245,7.6545967],[-76.709767,7.6546393],[-76.7096275,7.6547828],[-76.7095202,7.6549104],[-76.7092627,7.6549583],[-76.7090589,7.6550114],[-76.708898,7.6550912],[-76.7087209,7.6550912],[-76.7085868,7.6549583],[-76.7083776,7.6549849],[-76.7081416,7.6551124],[-76.7079377,7.6551816],[-76.7077822,7.6551762],[-76.7076588,7.65524],[-76.7078412,7.6555909],[-76.7077768,7.6557983],[-76.7074871,7.6560694],[-76.7070687,7.656532],[-76.7068166,7.6566064],[-76.7064679,7.6565745],[-76.7062265,7.6566277],[-76.7058885,7.6566489],[-76.7055237,7.6565107],[-76.7053628,7.6565905],[-76.7051858,7.6566915],[-76.7050034,7.6566862],[-76.7048103,7.6565692],[-76.7045474,7.656633],[-76.7043865,7.6565798],[-76.704247,7.6564416],[-76.7040056,7.6564629],[-76.7037535,7.656516],[-76.7035067,7.6564788],[-76.7034209,7.6563246],[-76.7032975,7.6563034],[-76.7030239,7.6563193],[-76.7028844,7.6563246],[-76.7024714,7.6562236],[-76.7023695,7.6561386],[-76.7017794,7.6560535],[-76.702922,7.6543362],[-76.7031419,7.6541501],[-76.7047995,7.6530602],[-76.7054379,7.6524541],[-76.7081899,7.6503913],[-76.7090803,7.6494874],[-76.7099923,7.6488813],[-76.7108238,7.6484241],[-76.7111349,7.6480785],[-76.7112476,7.6475415],[-76.7113549,7.6472225],[-76.7116875,7.6469035],[-76.7119449,7.6468716]]]},"properties":{"osm_id":927359868,"osm_type":"way","uso_osm":"orchard","name":""}},{"type":"Feature","geometry":{"type":"Polygon","coordinates":[[[-76.7122829,7.657808],[-76.710738,7.6588394],[-76.7098153,7.6591584],[-76.7089355,7.6593498],[-76.7078197,7.6595093],[-76.7074978,7.6595943],[-76.7070365,7.6598283],[-76.7048693,7.6611042],[-76.7048478,7.6624759],[-76.7057705,7.6623589],[-76.7064786,7.6621782],[-76.7067468,7.6621463],[-76.7070902,7.6623164],[-76.707294,7.6623164],[-76.7076588,7.6621463],[-76.7079055,7.6619655],[-76.7080772,7.6617741],[-76.7084742,7.6617635],[-76.708796,7.6617422],[-76.7090857,7.661487],[-76.7092466,7.6611361],[-76.709429,7.6610404],[-76.709826,7.6610298],[-76.7102015,7.6609554],[-76.7106414,7.6607002],[-76.7108774,7.6607214],[-76.7111457,7.6607214],[-76.711489,7.6602855],[-76.7118323,7.6602004],[-76.7120683,7.6602323],[-76.7124009,7.6604237],[-76.7127872,7.660445],[-76.7130661,7.6599878],[-76.7133343,7.659605],[-76.7136777,7.6593498],[-76.7139566,7.6593285],[-76.7142677,7.6589563],[-76.7143536,7.658531],[-76.7143536,7.6582333],[-76.7144716,7.6580738],[-76.714257,7.6575315],[-76.7139459,7.6577973],[-76.7135275,7.6576804],[-76.7130876,7.6577123],[-76.712873,7.6578505],[-76.7122829,7.657808]]]},"properties":{"osm_id":927359869,"osm_type":"way","uso_osm":"orchard","name":""}},{"type":"Feature","geometry":{"type":"Polygon","coordinates":[[[-76.7033243,7.6569679],[-76.7030561,7.6566277],[-76.7027128,7.6565533],[-76.7022944,7.6563512],[-76.7020047,7.6562449],[-76.7016721,7.6563831],[-76.7014361,7.6566277],[-76.7009318,7.6575315],[-76.701833,7.6583822],[-76.7022944,7.6590095],[-76.7025733,7.6591584],[-76.6992688,7.6613169],[-76.7003524,7.6627736],[-76.7013717,7.662763],[-76.7017043,7.6628799],[-76.7023265,7.6628481],[-76.7045474,7.6611468],[-76.7045903,7.6608597],[-76.7044616,7.6605726],[-76.7043007,7.6603812],[-76.7028093,7.6579462],[-76.7028415,7.6576591],[-76.7031741,7.6572231],[-76.7033243,7.6569679]]]},"properties":{"osm_id":927359870,"osm_type":"way","uso_osm":"orchard","name":""}},{"type":"Feature","geometry":{"type":"Polygon","coordinates":[[[-76.7346203,7.6499075],[-76.7346954,7.6501946],[-76.7346311,7.6504391],[-76.7351031,7.6506199],[-76.7357361,7.6509176],[-76.7364442,7.6512579],[-76.7364872,7.6514493],[-76.7362726,7.651545],[-76.7361546,7.6517896],[-76.734395,7.6521617],[-76.7341483,7.6524701],[-76.734159,7.6532251],[-76.7334831,7.6540332],[-76.7333651,7.6545648],[-76.7334938,7.6548413],[-76.7336547,7.6550752],[-76.7337191,7.6554474],[-76.7342877,7.655777],[-76.7342234,7.6560322],[-76.7356396,7.6562449],[-76.7356181,7.6565852],[-76.7389548,7.6561705],[-76.7408002,7.6566171],[-76.740489,7.6598708],[-76.7397487,7.6596262],[-76.7396522,7.6594029],[-76.7392016,7.6595518],[-76.7388368,7.6595412],[-76.7385471,7.6596156],[-76.7382038,7.6599452],[-76.7377961,7.6601685],[-76.7381716,7.6613382],[-76.7384291,7.6626248],[-76.7380321,7.6631139],[-76.7369914,7.6642516],[-76.7368627,7.6646982],[-76.7366266,7.6648364],[-76.7350066,7.6612212],[-76.7344701,7.6565745],[-76.7319489,7.6558089],[-76.7318523,7.6542884],[-76.7302644,7.6542671],[-76.7301464,7.6537567],[-76.7301893,7.6530975],[-76.7303825,7.6523531],[-76.7309404,7.6517151],[-76.7312837,7.6519597],[-76.7321956,7.6514706],[-76.7322815,7.6509389],[-76.7328501,7.65079],[-76.7333543,7.6503222],[-76.733762,7.6501095],[-76.7342663,7.6498543],[-76.7344701,7.6497799],[-76.7346203,7.6499075]]]},"properties":{"osm_id":927359871,"osm_type":"way","uso_osm":"orchard","name":""}},{"type":"Feature","geometry":{"type":"Polygon","coordinates":[[[-76.7319489,7.6508645],[-76.728859,7.6484932],[-76.7285156,7.6485677],[-76.7278934,7.648876],[-76.7278719,7.6521936],[-76.7280436,7.6523531],[-76.728462,7.6521511],[-76.7300713,7.6518321],[-76.7302537,7.6520554],[-76.7307687,7.6515663],[-76.7311013,7.6514387],[-76.7313266,7.6515131],[-76.7318952,7.6513749],[-76.7319489,7.6508645]]]},"properties":{"osm_id":927359872,"osm_type":"way","uso_osm":"orchard","name":""}},{"type":"Feature","geometry":{"type":"Polygon","coordinates":[[[-76.7308331,7.6398057],[-76.7295134,7.6409222],[-76.7292988,7.6413475],[-76.728462,7.6416027],[-76.7283118,7.6418154],[-76.7269814,7.641624],[-76.7264557,7.6416346],[-76.7257369,7.6416665],[-76.7251039,7.6412731],[-76.7248893,7.6413901],[-76.7247605,7.6417516],[-76.7244065,7.642145],[-76.724385,7.6424428],[-76.7262089,7.6447396],[-76.7271316,7.6456116],[-76.7281509,7.6459518],[-76.7286444,7.646005],[-76.7289984,7.6463453],[-76.7291808,7.6467493],[-76.7292559,7.6476],[-76.7293203,7.6482487],[-76.7318845,7.6443249],[-76.7316055,7.6434742],[-76.7317343,7.641741],[-76.7308331,7.6398057]]]},"properties":{"osm_id":927359873,"osm_type":"way","uso_osm":"orchard","name":""}},{"type":"Feature","geometry":{"type":"Polygon","coordinates":[[[-77.0795694,8.1969397],[-77.0794112,8.1970326],[-77.0792341,8.1970778],[-77.0790812,8.1971441],[-77.0789418,8.1971441],[-77.0777887,8.1865376],[-77.0784226,8.1867169],[-77.0794998,8.1963953],[-77.0795694,8.1969397]]]},"properties":{"osm_id":964644164,"osm_type":"way","uso_osm":"farmland","name":""}},{"type":"Feature","geometry":{"type":"Polygon","coordinates":[[[-76.7248454,8.0951542],[-76.724449,8.095459],[-76.7243552,8.0955329],[-76.7241199,8.0957183],[-76.7238438,8.095438],[-76.7240703,8.0949895],[-76.7242473,8.0946987],[-76.7243499,8.094548],[-76.7248454,8.0951542]]]},"properties":{"osm_id":1132273094,"osm_type":"way","uso_osm":"cemetery","name":"Cementerio Turbo"}},{"type":"Feature","geometry":{"type":"Polygon","coordinates":[[[-76.7533817,8.3392522],[-76.7524767,8.3394429],[-76.7523193,8.3389192],[-76.7532468,8.3386138],[-76.7533817,8.3392522]]]},"properties":{"osm_id":1220688909,"osm_type":"way","uso_osm":"residential","name":""}},{"type":"Feature","geometry":{"type":"Polygon","coordinates":[[[-76.6027762,7.9879491],[-76.6029019,7.9874381],[-76.6033616,7.9872577],[-76.6033789,7.9869184],[-76.6031534,7.9868111],[-76.6029583,7.986781],[-76.6027892,7.9869957],[-76.602516,7.9870258],[-76.6023338,7.9873822],[-76.60213,7.9879577],[-76.6027762,7.9879491]]]},"properties":{"osm_id":1238699551,"osm_type":"way","uso_osm":"residential","name":""}},{"type":"Feature","geometry":{"type":"Polygon","coordinates":[[[-76.5390484,7.5068645],[-76.5378146,7.5058008],[-76.5359155,7.5087685],[-76.5366988,7.5101088],[-76.5381471,7.5092366],[-76.5390484,7.5068645]]]},"properties":{"osm_id":1286680865,"osm_type":"way","uso_osm":"residential","name":"ETCR Mutata"}},{"type":"Feature","geometry":{"type":"Polygon","coordinates":[[[-77.0905121,8.0445775],[-77.0904819,8.0440979],[-77.0903464,8.0441962],[-77.089934,8.0442216],[-77.0899585,8.0446117],[-77.0905121,8.0445775]]]},"properties":{"osm_id":1336485696,"osm_type":"way","uso_osm":"recreation_ground","name":""}},{"type":"Feature","geometry":{"type":"Polygon","coordinates":[[[-76.390993,8.4086415],[-76.3909823,8.4087529],[-76.3909286,8.4089387],[-76.3906765,8.4090607],[-76.3904834,8.4090289],[-76.3902742,8.4091509],[-76.3901025,8.4091881],[-76.3898638,8.4091323],[-76.3899657,8.4089387],[-76.390132,8.4087741],[-76.3903224,8.4085911],[-76.3906201,8.4084314],[-76.3908106,8.4083867],[-76.3908857,8.4083549],[-76.390993,8.4086415]]]},"properties":{"osm_id":1370995818,"osm_type":"way","uso_osm":"farmland","name":"Granja trasera restaurante"}},{"type":"Feature","geometry":{"type":"Polygon","coordinates":[[[-76.3921624,8.4086998],[-76.3928276,8.4085088],[-76.3930905,8.4085088],[-76.3930315,8.4080153],[-76.3931119,8.4078136],[-76.3928974,8.407734],[-76.3927793,8.407665],[-76.3926399,8.4076597],[-76.3924897,8.4076438],[-76.3922836,8.4077742],[-76.3920379,8.4080358],[-76.3919413,8.4084418],[-76.3920566,8.4086965],[-76.3921624,8.4086998]]]},"properties":{"osm_id":1370995819,"osm_type":"way","uso_osm":"farmland","name":"Terreno diagonal al colegio"}},{"type":"Feature","geometry":{"type":"Polygon","coordinates":[[[-76.3954173,8.4113284],[-76.3955903,8.4118945],[-76.3957995,8.4126693],[-76.3959604,8.4132477],[-76.3961321,8.4136882],[-76.3962448,8.4139482],[-76.3964915,8.4140278],[-76.3967919,8.4140862],[-76.3969636,8.4140862],[-76.3970172,8.4140702],[-76.397087,8.4136563],[-76.3971299,8.4132795],[-76.3971782,8.4129665],[-76.3971513,8.4128073],[-76.3971031,8.4126852],[-76.3969636,8.4126056],[-76.3967812,8.4125472],[-76.3966203,8.4123137],[-76.3964325,8.4118627],[-76.3962448,8.4113108],[-76.3961375,8.4111038],[-76.395845,8.4110772],[-76.395797,8.4110885],[-76.3955538,8.4112764],[-76.3954173,8.4113284]]]},"properties":{"osm_id":1370995820,"osm_type":"way","uso_osm":"farmland","name":"Terreno agrícola sector el Mango","operator":"CER San Pablo Apóstol"}},{"type":"Feature","geometry":{"type":"Polygon","coordinates":[[[-76.6506659,7.8225658],[-76.650584,7.823072],[-76.6501878,7.8228859],[-76.6500652,7.8231209],[-76.6498595,7.8231493],[-76.6495501,7.8238516],[-76.6487715,7.8236081],[-76.6485563,7.8244365],[-76.6498049,7.8252098],[-76.6507745,7.8257239],[-76.6512358,7.8265928],[-76.6519922,7.8269343],[-76.6526531,7.8266174],[-76.6530026,7.8230997],[-76.6520646,7.8229245],[-76.6506659,7.8225658]]]},"properties":{"osm_id":1445804179,"osm_type":"way","uso_osm":"commercial","name":""}},{"type":"Feature","geometry":{"type":"Polygon","coordinates":[[[-76.7594555,7.6975451],[-76.7595,7.6975098],[-76.7596679,7.6973574],[-76.7596844,7.6973082],[-76.7594301,7.6972175],[-76.759406,7.6971495],[-76.7592953,7.6971104],[-76.7592979,7.6971822],[-76.7590474,7.6971104],[-76.7590372,7.6971621],[-76.7592852,7.6972339],[-76.7593042,7.6973914],[-76.7592241,7.6974494],[-76.7594147,7.6975282],[-76.7594555,7.6975451]]]},"properties":{"osm_id":1489843213,"osm_type":"way","uso_osm":"industrial","name":"finca luisa fernanda"}},{"type":"Feature","geometry":{"type":"MultiPolygon","coordinates":[[[[-76.6986032,7.8117164],[-76.6987641,7.8120565],[-76.6991219,7.8118349],[-76.6992936,7.8115798],[-76.6998193,7.8114948],[-76.7005918,7.8120687],[-76.7009565,7.8118987],[-76.7016823,7.8117058],[-76.7023153,7.8118121],[-76.7024334,7.8122904],[-76.7031737,7.8127368],[-76.7040641,7.8130238],[-76.7033024,7.8135021],[-76.702995,7.8143221],[-76.703156,7.8144178],[-76.7040357,7.814641],[-76.7047937,7.8151603],[-76.7049112,7.8158304],[-76.7047224,7.8160547],[-76.7047824,7.8165532],[-76.7046537,7.8167871],[-76.7049756,7.8172547],[-76.7046365,7.8177766],[-76.7046108,7.8181051],[-76.704658,7.8184569],[-76.7043533,7.8189766],[-76.7049112,7.8194868],[-76.7051258,7.8195294],[-76.7052159,7.8198812],[-76.7055978,7.8201246],[-76.7058124,7.8203797],[-76.7061986,7.8205923],[-76.7063746,7.8210929],[-76.7059669,7.8215606],[-76.7055335,7.8218252],[-76.7051901,7.8224205],[-76.7052373,7.8229423],[-76.7050828,7.8234196],[-76.7052974,7.8238873],[-76.7050228,7.8245579],[-76.704894,7.8250681],[-76.7050657,7.8254933],[-76.7054262,7.8255241],[-76.7060055,7.825758],[-76.7069497,7.8263744],[-76.7069754,7.8273215],[-76.706911,7.8277466],[-76.7072715,7.8279475],[-76.7071256,7.8284694],[-76.7068853,7.8293505],[-76.6986032,7.8117164]]],[[[-76.6986032,7.8117164],[-76.698617,7.8113878],[-76.6970802,7.8117503],[-76.6969257,7.8113556],[-76.6965598,7.8112751],[-76.6964704,7.810542],[-76.6951951,7.8085724],[-76.695681,7.8084742],[-76.6986032,7.8117164]]],[[[-76.695681,7.8084742],[-76.6963615,7.8083369],[-76.6968259,7.8084077],[-76.7008964,7.8106156],[-76.7019233,7.8106865],[-76.7076302,7.8115154],[-76.7082138,7.811796],[-76.7087803,7.8122467],[-76.7107029,7.8151038],[-76.7112838,7.8158688],[-76.715408,7.8180499],[-76.7242229,7.8227884],[-76.730233,7.8260871],[-76.7304247,7.8262649],[-76.7336026,7.8333935],[-76.7364183,7.8391746],[-76.7381182,7.8400383],[-76.7389282,7.8406042],[-76.7400011,7.8410772],[-76.7426726,7.8403917],[-76.7439762,7.8393554],[-76.7461648,7.8408753],[-76.7487827,7.8350667],[-76.7508533,7.8370968],[-76.7505824,7.8376548],[-76.7511162,7.8388505],[-76.7510659,7.8406994],[-76.7515416,7.8415814],[-76.7514656,7.842331],[-76.7508989,7.8430521],[-76.751411,7.8442367],[-76.7531131,7.8462296],[-76.7480799,7.8510759],[-76.7475113,7.8512778],[-76.7443249,7.8507517],[-76.7439681,7.8503664],[-76.7437106,7.8499652],[-76.7434451,7.8498775],[-76.7427826,7.8501353],[-76.741927,7.8485091],[-76.7413127,7.8487801],[-76.7409721,7.8480601],[-76.741353,7.8479166],[-76.7409158,7.8471062],[-76.7405376,7.8472683],[-76.7395934,7.8453153],[-76.7400199,7.8451187],[-76.739411,7.8434022],[-76.7385541,7.8437224],[-76.695681,7.8084742]]],[[[-76.7385541,7.8437224],[-76.7395264,7.8457537],[-76.7377775,7.8468471],[-76.7385769,7.8483856],[-76.7390972,7.8486805],[-76.7395424,7.8494298],[-76.7408728,7.8484627],[-76.7416614,7.8500994],[-76.7415273,7.8502535],[-76.7415928,7.8506045],[-76.7416721,7.8508487],[-76.7420423,7.8511463],[-76.742171,7.8522623],[-76.7425787,7.852969],[-76.742981,7.8539681],[-76.7420744,7.8544995],[-76.7424982,7.8553232],[-76.743319,7.8548077],[-76.7466744,7.8624015],[-76.7447325,7.8636768],[-76.7460388,7.865813],[-76.7459315,7.8665357],[-76.7439091,7.8676676],[-76.7424339,7.8663869],[-76.7421496,7.8663125],[-76.7420369,7.866185],[-76.7420101,7.8659831],[-76.7422354,7.8651647],[-76.742016,7.8640166],[-76.7410702,7.8622677],[-76.7402774,7.8609242],[-76.7389792,7.8595851],[-76.7378956,7.8601111],[-76.7352429,7.8601165],[-76.732904,7.8597976],[-76.7279526,7.8613227],[-76.7263969,7.8613334],[-76.7258819,7.8609454],[-76.724286,7.8603556],[-76.7263782,7.8507796],[-76.7258739,7.8506043],[-76.7255252,7.8502854],[-76.7249727,7.8499984],[-76.7240554,7.8497699],[-76.723358,7.8494989],[-76.7228966,7.8490791],[-76.7225587,7.8489462],[-76.7189214,7.8517847],[-76.7184807,7.8501343],[-76.7187185,7.8496421],[-76.7184435,7.8482145],[-76.7179379,7.8476401],[-76.717021,7.8474089],[-76.7160821,7.8459883],[-76.7144608,7.8436222],[-76.7140598,7.8434747],[-76.7135577,7.8431269],[-76.7385541,7.8437224]]],[[[-76.7135577,7.8431269],[-76.7121046,7.8423341],[-76.710378,7.8392791],[-76.7094577,7.837225],[-76.7087038,7.8326646],[-76.7092171,7.8322856],[-76.7086639,7.8307979],[-76.7078066,7.8309173],[-76.7072573,7.8296674],[-76.7068853,7.8293505],[-76.7135577,7.8431269]],[[-76.7351933,7.8460009],[-76.7351343,7.8465057],[-76.7350163,7.8469043],[-76.7352577,7.8471434],[-76.735381,7.8473985],[-76.7353381,7.847627],[-76.7348982,7.8477811],[-76.734748,7.848084],[-76.7343189,7.8482966],[-76.7339058,7.8483391],[-76.7340185,7.8452941],[-76.7342921,7.8453366],[-76.7348339,7.8456289],[-76.7351396,7.8458946],[-76.7351933,7.8460009]],[[-76.7127604,7.8203789],[-76.7129642,7.8207217],[-76.7132512,7.8205729],[-76.7135221,7.821014],[-76.7139566,7.8207615],[-76.7134497,7.8199617],[-76.7142463,7.8194834],[-76.7134658,7.8181149],[-76.7130634,7.8181707],[-76.7126799,7.8184842],[-76.7122641,7.818277],[-76.7121166,7.8182796],[-76.7118832,7.818928],[-76.7123955,7.8195525],[-76.7122481,7.8203284],[-76.7127604,7.8203789]]]]},"properties":{"osm_id":6403880,"osm_type":"relation","uso_osm":"orchard","name":"Bananera"}},{"type":"Feature","geometry":{"type":"Polygon","coordinates":[[[-76.3758941,8.2721884],[-76.3761352,8.2717305],[-76.3764041,8.2719416],[-76.3761693,8.2723941],[-76.3758941,8.2721884]],[[-76.3760941,8.2721939],[-76.3760511,8.271917],[-76.376228,8.2718911],[-76.37626,8.272178],[-76.3760941,8.2721939]]]},"properties":{"osm_id":6898561,"osm_type":"relation","uso_osm":"recreation_ground","name":"16 de Mayo"}},{"type":"Feature","geometry":{"type":"MultiPolygon","coordinates":[[[[-76.7405376,7.8472683],[-76.7409158,7.8471062],[-76.741353,7.8479166],[-76.7409721,7.8480601],[-76.7413127,7.8487801],[-76.741927,7.8485091],[-76.7427826,7.8501353],[-76.7434451,7.8498775],[-76.7437106,7.8499652],[-76.7440475,7.8507302],[-76.7438265,7.8509583],[-76.7439575,7.851705],[-76.745297,7.8518356],[-76.7455933,7.852564],[-76.7453986,7.8526852],[-76.7456081,7.8531567],[-76.7461805,7.8548447],[-76.7464829,7.8557998],[-76.7473091,7.8581274],[-76.7477275,7.8593815],[-76.7474593,7.8605293],[-76.7472983,7.8615071],[-76.7462898,7.8590414],[-76.7454852,7.8572453],[-76.7450238,7.856225],[-76.7444337,7.8548114],[-76.743908,7.8536104],[-76.7432951,7.8521124],[-76.7428812,7.8510824],[-76.7425084,7.8511494],[-76.7435112,7.8537854],[-76.7430205,7.8540662],[-76.742171,7.8522623],[-76.7420423,7.8511463],[-76.7416721,7.8508487],[-76.7415928,7.8506045],[-76.7415273,7.8502535],[-76.7416614,7.8500994],[-76.7408728,7.8484627],[-76.740228,7.8474779],[-76.7385769,7.8483856],[-76.7376487,7.8468843],[-76.7395264,7.8457537],[-76.7385541,7.8437224],[-76.739411,7.8434022],[-76.7400199,7.8451187],[-76.7394238,7.8453113],[-76.7405376,7.8472683]]],[[[-76.735381,7.8473985],[-76.7352577,7.8471434],[-76.7350163,7.8469043],[-76.7351343,7.8465057],[-76.7351396,7.8458946],[-76.7348339,7.8456289],[-76.7342921,7.8453366],[-76.7340185,7.8452941],[-76.7339058,7.8483391],[-76.7343189,7.8482966],[-76.734748,7.848084],[-76.7348982,7.8477811],[-76.7353381,7.847627],[-76.735381,7.8473985]]]]},"properties":{"osm_id":7374026,"osm_type":"relation","uso_osm":"residential","name":"Zungo y Embarcadero"}},{"type":"Feature","geometry":{"type":"MultiPolygon","coordinates":[[[[-76.8421329,8.0873089],[-76.8417156,8.087358],[-76.8405032,8.0873952],[-76.8394894,8.0874908],[-76.8392634,8.0875432],[-76.8389603,8.0875685],[-76.8384335,8.0876594],[-76.838287,8.0876893],[-76.8382012,8.0876734],[-76.8381536,8.0876661],[-76.8380468,8.0876746],[-76.8373302,8.0879104],[-76.836716,8.088014],[-76.8363994,8.088075],[-76.836083,8.0881546],[-76.8356162,8.088399],[-76.8353507,8.0884866],[-76.834774,8.0887004],[-76.8345559,8.0888139],[-76.8421329,8.0873089]]],[[[-76.8345559,8.0888139],[-76.8346742,8.0891144],[-76.8360816,8.0886114],[-76.8367414,8.0884587],[-76.836783,8.0886128],[-76.8370043,8.0885849],[-76.8369828,8.0884136],[-76.8374275,8.0883745],[-76.838965,8.0880548],[-76.8401378,8.0879099],[-76.8411623,8.0877636],[-76.8416269,8.0876799],[-76.8421241,8.0875906],[-76.8421329,8.0873089],[-76.8345559,8.0888139]]],[[[-76.8421456,8.0868977],[-76.8421513,8.0867155],[-76.8429788,8.0866448],[-76.8427464,8.0863102],[-76.8399689,8.0866448],[-76.8390712,8.0867702],[-76.8385977,8.0861268],[-76.8382689,8.0862321],[-76.8421456,8.0868977]]],[[[-76.8386739,8.08705],[-76.8398756,8.086957],[-76.8406346,8.0869398],[-76.8408385,8.0869026],[-76.8413132,8.0869756],[-76.8421456,8.0868977],[-76.8386739,8.08705]]],[[[-76.8386739,8.08705],[-76.8385828,8.0869092],[-76.8384808,8.0866809],[-76.8384299,8.0865375],[-76.8383065,8.086333],[-76.8382689,8.0862321],[-76.8386739,8.08705]]],[[[-76.8381375,8.0863038],[-76.837656,8.0864566],[-76.8377194,8.0867911],[-76.8369788,8.0870872],[-76.8367102,8.0872136],[-76.8367463,8.0874648],[-76.8381375,8.0863038]]],[[[-76.8367463,8.0874648],[-76.8370485,8.0873793],[-76.8381533,8.0871545],[-76.8367463,8.0874648]]],[[[-76.8381375,8.0863038],[-76.8382341,8.0864419],[-76.8383038,8.0866171],[-76.8383333,8.0867897],[-76.8383279,8.0869119],[-76.8382582,8.0870022],[-76.8381533,8.0871545],[-76.8381375,8.0863038]]]]},"properties":{"osm_id":10185342,"osm_type":"relation","uso_osm":"residential","name":"Bocas del Atrato"}},{"type":"Feature","geometry":{"type":"MultiPolygon","coordinates":[[[[-77.0783508,8.0275813],[-77.0784476,8.0273279],[-77.0793702,8.0274872],[-77.0798745,8.0279334],[-77.0802929,8.0298032],[-77.0800301,8.0299094],[-77.08042,8.0308582],[-77.0804268,8.0310488],[-77.0805153,8.0312321],[-77.0797458,8.0315933],[-77.0793837,8.0307381],[-77.0792279,8.030839],[-77.0791074,8.030608],[-77.0792629,8.030523],[-77.0789277,8.0298749],[-77.0784208,8.0299201],[-77.0783832,8.0294845],[-77.078705,8.0293783],[-77.0786836,8.0291339],[-77.0792002,8.029004],[-77.0783508,8.0275813]]],[[[-77.0797965,8.0306896],[-77.0798102,8.0306876],[-77.0798682,8.0306551],[-77.0799098,8.0306272],[-77.0799132,8.0306126],[-77.079889,8.0305588],[-77.0798602,8.0304838],[-77.0798079,8.0303855],[-77.0797683,8.0303291],[-77.0797361,8.0302414],[-77.0796959,8.0301418],[-77.0797026,8.030102],[-77.0797442,8.0299785],[-77.0797388,8.0299294],[-77.0796791,8.0298643],[-77.0795564,8.0297567],[-77.0795162,8.0296239],[-77.0794773,8.029531],[-77.0794465,8.0294818],[-77.0794103,8.0293504],[-77.0793861,8.0292494],[-77.079366,8.0291804],[-77.0793405,8.0290874],[-77.0792949,8.0289414],[-77.0792292,8.0288391],[-77.0791984,8.0287754],[-77.0791756,8.0286797],[-77.0791984,8.0285974],[-77.079185,8.0285589],[-77.0790575,8.0283451],[-77.0789664,8.0282694],[-77.0789234,8.028199],[-77.0788336,8.0280795],[-77.0786686,8.0279321],[-77.0783508,8.0275813],[-77.0797965,8.0306896]]],[[[-77.0794679,8.0301551],[-77.0797838,8.0306896],[-77.0797965,8.0306896],[-77.0794679,8.0301551]]],[[[-77.0792002,8.029004],[-77.0792413,8.0291206],[-77.0792896,8.0292986],[-77.0793164,8.0294447],[-77.0793727,8.0296146],[-77.0794398,8.0297687],[-77.0794666,8.0299493],[-77.0794907,8.0300661],[-77.0794679,8.0301551],[-77.0792002,8.029004]]]]},"properties":{"osm_id":10186261,"osm_type":"relation","uso_osm":"residential","name":"El Puerto"}},{"type":"Feature","geometry":{"type":"MultiPolygon","coordinates":[[[[-76.9572812,8.1076564],[-76.9573322,8.1075635],[-76.9575816,8.1073842],[-76.9576085,8.1073935],[-76.9579008,8.1071001],[-76.9581409,8.1069434],[-76.9584279,8.1067031],[-76.9584198,8.1066859],[-76.95857,8.1065677],[-76.9585922,8.106578],[-76.9586689,8.106506],[-76.9586616,8.1064957],[-76.9588597,8.10635],[-76.9588678,8.1063287],[-76.9589918,8.1062331],[-76.9590012,8.1062457],[-76.9590817,8.10619],[-76.9590729,8.1061767],[-76.9593398,8.1060021],[-76.9594143,8.1059477],[-76.959429,8.1059543],[-76.9595497,8.1058746],[-76.9595403,8.105858],[-76.9598555,8.1056688],[-76.9598501,8.1056549],[-76.9601204,8.1054923],[-76.9603517,8.1053323],[-76.9605173,8.1051962],[-76.9572812,8.1076564]]],[[[-76.9605173,8.1051962],[-76.9603859,8.1050143],[-76.9601378,8.1050674],[-76.9599849,8.1051603],[-76.9598575,8.1052878],[-76.9597596,8.1053874],[-76.9594833,8.105544],[-76.9593425,8.105629],[-76.959199,8.1057233],[-76.9590528,8.1058162],[-76.9589737,8.1058839],[-76.9589469,8.1059649],[-76.9588664,8.1060671],[-76.9587363,8.1061734],[-76.9586438,8.1062729],[-76.9585472,8.1063446],[-76.9584413,8.1064216],[-76.9583192,8.106504],[-76.9581677,8.1064814],[-76.9580551,8.1065],[-76.9579826,8.1065518],[-76.9579639,8.1066606],[-76.9578995,8.1067509],[-76.9578096,8.1067974],[-76.9577292,8.1068346],[-76.957587,8.1069116],[-76.9574341,8.1069541],[-76.9573456,8.107051],[-76.9571954,8.1071824],[-76.9571042,8.1072621],[-76.9570519,8.107359],[-76.957131,8.1074466],[-76.9572437,8.1075661],[-76.9572812,8.1076564],[-76.9605173,8.1051962]]]]},"properties":{"osm_id":10186326,"osm_type":"relation","uso_osm":"residential","name":"Consejo Menor Marriaga","note":"ADMINISTRATIVO, VEREDA, 74d4bfbcc6535514ef73b054943d1ade","source":"OCHA Colombia 2010"}},{"type":"Feature","geometry":{"type":"MultiPolygon","coordinates":[[[[-76.7219356,7.8214016],[-76.7228269,7.8218365],[-76.723299,7.8200934],[-76.7248976,7.8209065],[-76.7242753,7.8226071],[-76.7301005,7.8257314],[-76.7335557,7.8215648],[-76.734634,7.8174932],[-76.7342183,7.8170228],[-76.7343041,7.8165179],[-76.7346903,7.8162841],[-76.7349237,7.8164755],[-76.7357552,7.8134089],[-76.7361119,7.8132282],[-76.7378821,7.8126648],[-76.7380484,7.8125107],[-76.7381718,7.8121015],[-76.7381503,7.8115753],[-76.7383274,7.8106187],[-76.7383327,7.8097896],[-76.7385044,7.8093007],[-76.740795,7.8057558],[-76.7432626,7.8016103],[-76.742796,7.8011267],[-76.743032,7.8007174],[-76.7436275,7.800271],[-76.7439278,7.8004782],[-76.7488926,7.7926123],[-76.7514461,7.788355],[-76.7519396,7.7876429],[-76.7520469,7.7871486],[-76.7520496,7.7867154],[-76.751765,7.7822614],[-76.7219356,7.8214016]]],[[[-76.722076,7.8197878],[-76.7218959,7.8201902],[-76.7218533,7.8203776],[-76.7219124,7.8205717],[-76.7220719,7.8209025],[-76.7220813,7.8210792],[-76.7220491,7.8212174],[-76.7219356,7.8214016],[-76.722076,7.8197878]]],[[[-76.721094,7.8182451],[-76.721845,7.8168128],[-76.723191,7.817507],[-76.721094,7.8182451]]],[[[-76.7173368,7.8117726],[-76.7173214,7.8118257],[-76.7182052,7.8133318],[-76.7197569,7.8159718],[-76.7204382,7.8171343],[-76.721094,7.8182451],[-76.7173368,7.8117726]]],[[[-76.7166933,7.810566],[-76.7168748,7.8103104],[-76.7170492,7.8104565],[-76.7175534,7.8093963],[-76.7179236,7.8096195],[-76.718055,7.8093564],[-76.7183152,7.8094654],[-76.71754,7.811073],[-76.7172712,7.8115514],[-76.7166933,7.810566]]],[[[-76.713943,7.8058193],[-76.7139485,7.8059098],[-76.7139915,7.8060294],[-76.7166933,7.810566],[-76.713943,7.8058193]]],[[[-76.7167292,7.7871361],[-76.7167574,7.7891536],[-76.7167139,7.7924023],[-76.716729,7.7937436],[-76.7165841,7.7966448],[-76.7165727,7.7984799],[-76.716494,7.7998617],[-76.716317,7.802426],[-76.7162955,7.8026599],[-76.7162177,7.8028539],[-76.7161359,7.8029907],[-76.7159709,7.8032737],[-76.7140075,7.8056175],[-76.7139405,7.8057796],[-76.713943,7.8058193],[-76.7167292,7.7871361]]],[[[-76.7168818,7.7774815],[-76.7170307,7.7776453],[-76.7171618,7.7779614],[-76.7171407,7.7800876],[-76.7170441,7.7814934],[-76.7175081,7.78152],[-76.7174706,7.7820834],[-76.7169878,7.7820728],[-76.7169234,7.7857879],[-76.7167292,7.7871361],[-76.7168818,7.7774815]]],[[[-76.751765,7.7822614],[-76.7510518,7.781435],[-76.7483857,7.778711],[-76.7481121,7.7786419],[-76.7453226,7.7802683],[-76.7449471,7.7802417],[-76.7417016,7.7768587],[-76.7412698,7.7773105],[-76.7412457,7.777749],[-76.7403498,7.7777862],[-76.7404195,7.7764547],[-76.7394432,7.7774221],[-76.7376998,7.7790432],[-76.7375442,7.7791123],[-76.7373404,7.7791654],[-76.7347189,7.7778101],[-76.7332693,7.7790577],[-76.7315749,7.7795878],[-76.7309828,7.7791313],[-76.7288426,7.7797939],[-76.7279835,7.7801089],[-76.7273532,7.780162],[-76.727313,7.7798192],[-76.7260174,7.7796943],[-76.7262588,7.7785462],[-76.7239508,7.7777835],[-76.7227653,7.7777197],[-76.7188171,7.776965],[-76.7183986,7.7770022],[-76.7170916,7.7772646],[-76.7168818,7.7774815],[-76.751765,7.7822614]]]]},"properties":{"osm_id":10189021,"osm_type":"relation","uso_osm":"orchard","name":""}},{"type":"Feature","geometry":{"type":"MultiPolygon","coordinates":[[[[-76.7127174,7.8072837],[-76.7117934,7.8057424],[-76.7107728,7.8039965],[-76.710349,7.8032724],[-76.7106065,7.803093],[-76.7108278,7.8029548],[-76.7118752,7.8023091],[-76.7121126,7.8026864],[-76.7124116,7.80319],[-76.7127429,7.8037534],[-76.7130473,7.8042716],[-76.7133437,7.804807],[-76.7135341,7.8051299],[-76.7137762,7.8055239],[-76.7137648,7.8055438],[-76.7138741,7.8057697],[-76.7138748,7.8058055],[-76.7127174,7.8072837]]],[[[-76.7127174,7.8072837],[-76.7124519,7.8076212],[-76.7121488,7.8079905],[-76.7120174,7.8081606],[-76.7119315,7.8083759],[-76.711843,7.8085247],[-76.7114192,7.8089153],[-76.7113414,7.809011],[-76.7114836,7.8090854],[-76.711717,7.8091465],[-76.7121193,7.8093112],[-76.7122668,7.8094149],[-76.7124385,7.8094786],[-76.7127845,7.8096089],[-76.7131171,7.8097205],[-76.713396,7.8096142],[-76.7135972,7.8093484],[-76.7138066,7.8091855],[-76.7127174,7.8072837]]],[[[-76.7166017,7.8152121],[-76.7169315,7.8144918],[-76.7154506,7.8119048],[-76.7146513,7.8105177],[-76.7138066,7.8091855],[-76.7166017,7.8152121]]],[[[-76.716086,7.8163137],[-76.7162164,7.8160502],[-76.7166017,7.8152121],[-76.716086,7.8163137]]],[[[-76.7064568,7.7652519],[-76.7055205,7.7646776],[-76.7036924,7.7649427],[-76.7023994,7.7641475],[-76.7022656,7.7636173],[-76.6995458,7.762778],[-76.698877,7.7623803],[-76.696291,7.762778],[-76.6938833,7.762292],[-76.6919661,7.7629547],[-76.690673,7.7625129],[-76.6889341,7.7618944],[-76.6859468,7.7613201],[-76.6842525,7.7618944],[-76.6828073,7.7620175],[-76.681956,7.7609866],[-76.6822713,7.759987],[-76.6808525,7.7600182],[-76.6810417,7.7617676],[-76.6801905,7.762611],[-76.6787717,7.7626423],[-76.6779205,7.7610491],[-76.6774791,7.7608304],[-76.6737273,7.7604868],[-76.6704799,7.7617364],[-76.6678316,7.7618613],[-76.6670482,7.7630433],[-76.6665465,7.76486],[-76.6646158,7.7654225],[-76.6631421,7.7649766],[-76.6626513,7.7649234],[-76.6620505,7.7649792],[-76.6610152,7.7651892],[-76.6598672,7.7648092],[-76.6585609,7.7651281],[-76.6579628,7.7651334],[-76.6578797,7.7659891],[-76.6578525,7.7692331],[-76.6580486,7.7697368],[-76.658361,7.7698571],[-76.6586631,7.7697954],[-76.6587797,7.770034],[-76.6583552,7.770303],[-76.657776,7.771232],[-76.6732335,7.7729753],[-76.6745356,7.7605744],[-76.6760657,7.760737],[-76.6748837,7.7658952],[-76.6764149,7.7668053],[-76.6780311,7.7672666],[-76.6782016,7.7682165],[-76.6786269,7.7690822],[-76.6809781,7.7698599],[-76.6787719,7.7740522],[-76.6748392,7.7771877],[-76.6748771,7.7790753],[-76.6741018,7.7804152],[-76.6728708,7.7789458],[-76.6675415,7.7823221],[-76.6643332,7.7815084],[-76.6593248,7.780042],[-76.6589383,7.7814788],[-76.6574787,7.7810069],[-76.6573384,7.780522],[-76.6570077,7.7804594],[-76.6555612,7.7860846],[-76.6638838,7.7871415],[-76.6680906,7.7878674],[-76.6693564,7.7889244],[-76.6705474,7.7907926],[-76.6726536,7.7898028],[-76.6735976,7.7916196],[-76.6739108,7.7928241],[-76.6739626,7.7941211],[-76.6735001,7.7963562],[-76.6757715,7.7976189],[-76.6765397,7.7975762],[-76.6764848,7.7971546],[-76.6763402,7.7969578],[-76.6760695,7.7968952],[-76.6759951,7.7967005],[-76.6764674,7.7965565],[-76.6767116,7.796782],[-76.6767702,7.7969739],[-76.6775414,7.7972743],[-76.6782222,7.7943171],[-76.6840369,7.797858],[-76.6894423,7.7923366],[-76.6910477,7.7947008],[-76.6914903,7.7938251],[-76.6927553,7.7946179],[-76.6929445,7.7955633],[-76.6880907,7.8050726],[-76.6889751,7.80526],[-76.6886769,7.8059152],[-76.6883718,7.805792],[-76.6883639,7.8059633],[-76.6915239,7.8074491],[-76.6952244,7.8083048],[-76.6963126,7.8080749],[-76.6969943,7.8082701],[-76.7008055,7.8103208],[-76.7012565,7.8103308],[-76.7038195,7.8107875],[-76.7031355,7.809132],[-76.7023604,7.8090044],[-76.7022021,7.8083215],[-76.7033313,7.80779],[-76.7037015,7.8082976],[-76.7034064,7.8092064],[-76.7039616,7.8106095],[-76.7039751,7.81083],[-76.7083631,7.811489],[-76.7090163,7.8121374],[-76.70926,7.8115978],[-76.7094505,7.8117002],[-76.7098099,7.8117586],[-76.7102793,7.81195],[-76.7102048,7.8121686],[-76.7096761,7.813118],[-76.7110416,7.8151193],[-76.7114495,7.8155365],[-76.7152524,7.8177523],[-76.7064568,7.7652519]]],[[[-76.7168818,7.7774815],[-76.7164513,7.7775869],[-76.7158452,7.7771298],[-76.7154428,7.7768002],[-76.7149708,7.776662],[-76.7146757,7.7767365],[-76.7141232,7.7769278],[-76.7130718,7.7773477],[-76.7133453,7.7784798],[-76.7126963,7.7785967],[-76.7124709,7.7779005],[-76.7123744,7.7773955],[-76.7115843,7.7747059],[-76.7105588,7.7733806],[-76.7073485,7.7726738],[-76.7064568,7.7652519],[-76.7168818,7.7774815]]],[[[-76.7167292,7.7871361],[-76.7156413,7.7872389],[-76.7158452,7.786261],[-76.7167813,7.7862415],[-76.7168161,7.7852671],[-76.7168751,7.7820515],[-76.7169878,7.780069],[-76.71702,7.7782459],[-76.7169341,7.7777463],[-76.7168818,7.7774815],[-76.7167292,7.7871361]]],[[[-76.7167292,7.7871361],[-76.7167574,7.7891536],[-76.7167139,7.7924023],[-76.716729,7.7937436],[-76.7165841,7.7966448],[-76.7165727,7.7984799],[-76.716494,7.7998617],[-76.716317,7.802426],[-76.7162955,7.8026599],[-76.7162177,7.8028539],[-76.7161359,7.8029907],[-76.7159709,7.8032737],[-76.7140075,7.8056175],[-76.7139405,7.8057796],[-76.713943,7.8058193],[-76.7167292,7.7871361]]]]},"properties":{"osm_id":10189022,"osm_type":"relation","uso_osm":"orchard","name":""}},{"type":"Feature","geometry":{"type":"MultiPolygon","coordinates":[[[[-76.6387915,7.8929574],[-76.6381013,7.8924761],[-76.6377918,7.8924035],[-76.637337,7.8923051],[-76.6368715,7.8921953],[-76.6366644,7.8921532],[-76.6387915,7.8929574]]],[[[-76.6371174,7.8904872],[-76.6370756,7.8906409],[-76.6369867,7.8909681],[-76.6369024,7.8912779],[-76.6368194,7.8915832],[-76.6366644,7.8921532],[-76.6371174,7.8904872]]],[[[-76.6381064,7.8893371],[-76.6378114,7.8900093],[-76.6377041,7.8903175],[-76.6375431,7.8902325],[-76.6374466,7.8905593],[-76.6371174,7.8904872],[-76.6381064,7.8893371]]],[[[-76.6357977,7.8891566],[-76.6361779,7.8892162],[-76.6363388,7.8891379],[-76.6366567,7.8890847],[-76.6370885,7.8889745],[-76.6374037,7.889013],[-76.6378234,7.889009],[-76.637975,7.8890621],[-76.63792,7.8892906],[-76.6381064,7.8893371],[-76.6357977,7.8891566]]],[[[-76.6346798,7.8933133],[-76.6348862,7.8926962],[-76.6349646,7.8924111],[-76.6350511,7.8920876],[-76.6351117,7.8917681],[-76.6353107,7.8910712],[-76.6353496,7.8909049],[-76.6354248,7.8905403],[-76.6354412,7.8904742],[-76.6355108,7.890194],[-76.6355783,7.8899588],[-76.6357078,7.8895077],[-76.6357977,7.8891566],[-76.6346798,7.8933133]]],[[[-76.6342268,7.8937439],[-76.6340173,7.8940053],[-76.6337968,7.8942787],[-76.6336051,7.8945199],[-76.6334162,7.8947595],[-76.6342268,7.8937439]]],[[[-76.6334162,7.8947595],[-76.6339147,7.8953615],[-76.6345182,7.8960556],[-76.635077,7.8966964],[-76.6355767,7.8972775],[-76.6361127,7.8979023],[-76.6334162,7.8947595]]],[[[-76.6386844,7.897257],[-76.6384891,7.8973561],[-76.6380675,7.8974825],[-76.6375565,7.8976044],[-76.6364748,7.8978509],[-76.6361585,7.8979228],[-76.6361335,7.8979285],[-76.6386844,7.897257]]],[[[-76.6376514,7.8964417],[-76.6378573,7.896599],[-76.638407,7.8970239],[-76.6386844,7.897257],[-76.6376514,7.8964417]]],[[[-76.6377359,7.8935266],[-76.6375512,7.8941805],[-76.6374037,7.8948101],[-76.6372025,7.8948633],[-76.637114,7.8952405],[-76.6379884,7.8959951],[-76.6383371,7.8957666],[-76.6392213,7.8960192],[-76.6396326,7.8960482],[-76.6399866,7.8961385],[-76.640102,7.8962421],[-76.6392705,7.8969967],[-76.6387757,7.8966424],[-76.6380072,7.896096],[-76.6376514,7.8964417],[-76.6377359,7.8935266]]],[[[-76.637583,7.8932855],[-76.6382284,7.8937235],[-76.6394629,7.8946168],[-76.637583,7.8932855]]],[[[-76.6395513,7.8942023],[-76.6397211,7.8942974],[-76.6394629,7.8946168],[-76.6395513,7.8942023]]],[[[-76.6395513,7.8942023],[-76.6391378,7.8938985],[-76.638733,7.8936188],[-76.6384501,7.893422],[-76.6395513,7.8942023]]],[[[-76.6384501,7.893422],[-76.6385742,7.8932388],[-76.6387915,7.8929574],[-76.6384501,7.893422]]]]},"properties":{"osm_id":10258879,"osm_type":"relation","uso_osm":"residential","name":""}},{"type":"Feature","geometry":{"type":"MultiPolygon","coordinates":[[[[-77.0375517,7.8759458],[-77.0373264,7.8761418],[-77.0371749,7.8762667],[-77.0369911,7.8763969],[-77.0368208,7.8765164],[-77.0367001,7.8766174],[-77.036574,7.8767383],[-77.0363809,7.8769429],[-77.0362213,7.8771488],[-77.035984,7.8774291],[-77.0358378,7.8775991],[-77.0356366,7.8778502],[-77.0354649,7.8780388],[-77.0352048,7.8783019],[-77.0375517,7.8759458]]],[[[-77.0375517,7.8759458],[-77.0376154,7.8760302],[-77.0375142,7.8761112],[-77.0376727,7.8762371],[-77.0372379,7.8766798],[-77.0369053,7.8769455],[-77.0366753,7.8771649],[-77.0365498,7.8770935],[-77.036504,7.8770675],[-77.0361516,7.8774078],[-77.0357332,7.8779445],[-77.0358136,7.8780083],[-77.0355669,7.8783616],[-77.0355025,7.8783112],[-77.0353818,7.8784413],[-77.0352048,7.8783019],[-77.0375517,7.8759458]]]]},"properties":{"osm_id":10376389,"osm_type":"relation","uso_osm":"residential","name":"Tumaradó (Betecito o Puerto Zancudo)"}},{"type":"Feature","geometry":{"type":"MultiPolygon","coordinates":[[[[-76.9342465,8.1869311],[-76.9344261,8.1869946],[-76.934512,8.1869362],[-76.9346783,8.1870556],[-76.9345924,8.1872839],[-76.9346568,8.1874406],[-76.9347775,8.1874698],[-76.9348955,8.1873875],[-76.9352898,8.1875096],[-76.9351181,8.1880485],[-76.9352469,8.1881096],[-76.9351289,8.188391],[-76.9350055,8.1883645],[-76.9346514,8.1890521],[-76.9344771,8.1889592],[-76.9345307,8.1888224],[-76.9344369,8.1887494],[-76.9344409,8.1886658],[-76.9341633,8.1885198],[-76.9339621,8.1884468],[-76.9338347,8.1884295],[-76.9337328,8.188472],[-76.9336429,8.188387],[-76.9342465,8.1869311]]],[[[-76.9342465,8.1869311],[-76.934227,8.1870404],[-76.9342377,8.1870895],[-76.9342256,8.1871545],[-76.9342424,8.1871877],[-76.9342578,8.1872262],[-76.9342444,8.1872999],[-76.9342572,8.1873656],[-76.934235,8.1874333],[-76.934186,8.1875545],[-76.9341825,8.1875608],[-76.9341751,8.1875742],[-76.9341546,8.1876032],[-76.9341438,8.187637],[-76.9342095,8.1876742],[-76.9343027,8.1877154],[-76.9344087,8.1877658],[-76.9345294,8.1878129],[-76.9346387,8.1878362],[-76.9346669,8.1878421],[-76.9346628,8.1878693],[-76.9346488,8.1878833],[-76.934583,8.187864],[-76.9345254,8.1878554],[-76.9344449,8.1878202],[-76.9343859,8.1877897],[-76.9342813,8.1877472],[-76.9341901,8.1877638],[-76.9341251,8.1877479],[-76.9340895,8.1877983],[-76.9340486,8.1877897],[-76.9336429,8.188387],[-76.9342465,8.1869311]]]]},"properties":{"osm_id":10376534,"osm_type":"relation","uso_osm":"residential","name":"El Roto"}},{"type":"Feature","geometry":{"type":"MultiPolygon","coordinates":[[[[-76.6152124,7.5587448],[-76.6152092,7.5601492],[-76.6153246,7.5613477],[-76.6155905,7.561962],[-76.6170567,7.5653494],[-76.6152124,7.5587448]]],[[[-76.6132391,7.5587594],[-76.6132222,7.5592577],[-76.6131104,7.5594974],[-76.6120422,7.5591862],[-76.6121685,7.5596942],[-76.6120566,7.5597836],[-76.6118509,7.5596262],[-76.6110606,7.5609212],[-76.6107611,7.5607781],[-76.6106997,7.5608353],[-76.610826,7.560982],[-76.61066,7.5616689],[-76.6104146,7.563665],[-76.6113529,7.564173],[-76.6117246,7.5640907],[-76.6119339,7.5640084],[-76.6122551,7.5645307],[-76.6127531,7.5640585],[-76.6125759,7.5647192],[-76.6127185,7.5648576],[-76.6139991,7.5639612],[-76.6143087,7.5636122],[-76.6146243,7.5634708],[-76.6149823,7.5634197],[-76.6151098,7.5631129],[-76.6152463,7.5631008],[-76.6150825,7.5640454],[-76.6147547,7.5648937],[-76.6146758,7.5648606],[-76.6149277,7.5637957],[-76.6144847,7.5636754],[-76.6140811,7.5641988],[-76.613019,7.5648155],[-76.6128946,7.5652757],[-76.6140447,7.5665602],[-76.614971,7.5657633],[-76.6155804,7.5656909],[-76.615958,7.5660355],[-76.6162842,7.5656909],[-76.6170567,7.5653494],[-76.6132391,7.5587594]]],[[[-76.6132391,7.5587594],[-76.6140132,7.5589954],[-76.6140994,7.5591778],[-76.6142471,7.5592064],[-76.614532,7.5591205],[-76.6152124,7.5587448],[-76.6132391,7.5587594]]]]},"properties":{"osm_id":12044691,"osm_type":"relation","uso_osm":"orchard","name":"Palma de Aceite"}},{"type":"Feature","geometry":{"type":"MultiPolygon","coordinates":[[[[-76.627462,7.5774578],[-76.6300525,7.5760287],[-76.6318807,7.5745738],[-76.6339749,7.5761734],[-76.6373986,7.5806884],[-76.627462,7.5774578]]],[[[-76.6319928,7.5835218],[-76.6316704,7.5829345],[-76.6313183,7.5831015],[-76.6310937,7.5835213],[-76.6307688,7.5836316],[-76.6319928,7.5835218]]]]},"properties":{"osm_id":12044692,"osm_type":"relation","uso_osm":"forest","name":""}},{"type":"Feature","geometry":{"type":"MultiPolygon","coordinates":[[[[-76.6300903,7.8562915],[-76.6320437,7.8568244],[-76.633609,7.8564843],[-76.634069,7.8558654],[-76.6354559,7.856117],[-76.6361905,7.8559742],[-76.6365339,7.8562771],[-76.6394517,7.857178],[-76.6402927,7.8539457],[-76.6362922,7.8530208],[-76.6300903,7.8562915]]],[[[-76.6362922,7.8530208],[-76.6302758,7.8515398],[-76.6308353,7.852713],[-76.6307117,7.8537876],[-76.6305058,7.8540189],[-76.6300903,7.8562915],[-76.6362922,7.8530208]]]]},"properties":{"osm_id":12045028,"osm_type":"relation","uso_osm":"recreation_ground","name":"Parque recreativo Los Encuentros CONFENALCO"}},{"type":"Feature","geometry":{"type":"MultiPolygon","coordinates":[[[[-76.6068195,7.8625145],[-76.6054277,7.8653248],[-76.6043304,7.8658286],[-76.603581,7.8669686],[-76.6013328,7.8660672],[-76.6003693,7.8680556],[-76.6019484,7.868851],[-76.6025907,7.8697789],[-76.6023766,7.8705213],[-76.6020554,7.8712901],[-76.6042233,7.8721915],[-76.6050263,7.8724301],[-76.606418,7.8729339],[-76.6077562,7.8726422],[-76.6083986,7.8717939],[-76.6097368,7.8708394],[-76.6068195,7.8625145]]],[[[-76.6097368,7.8708394],[-76.6112356,7.8707334],[-76.6121456,7.8703357],[-76.6126006,7.8699645],[-76.6132429,7.8701501],[-76.6132697,7.8708129],[-76.6143938,7.8719264],[-76.6157588,7.8707599],[-76.6097368,7.8708394]]],[[[-76.6157588,7.8707599],[-76.6144741,7.8692752],[-76.6126809,7.8663588],[-76.6123865,7.8636015],[-76.6113427,7.8631773],[-76.6094424,7.8639727],[-76.6082648,7.8636811],[-76.6079704,7.8626205],[-76.6068195,7.8625145],[-76.6157588,7.8707599]]]]},"properties":{"osm_id":12045029,"osm_type":"relation","uso_osm":"orchard","name":"","source":"Bing low resolution"}},{"type":"Feature","geometry":{"type":"MultiPolygon","coordinates":[[[[-76.6222279,7.8722639],[-76.6205091,7.8716072],[-76.6203422,7.8716823],[-76.6201995,7.8716613],[-76.6195866,7.8733146],[-76.6186938,7.8732936],[-76.618464,7.8741687],[-76.6177859,7.874377],[-76.6171723,7.8743063],[-76.6222279,7.8722639]]],[[[-76.6171723,7.8743063],[-76.6168206,7.8739972],[-76.6164751,7.8729887],[-76.6164936,7.872477],[-76.6166794,7.8716746],[-76.6166088,7.8712476],[-76.616241,7.8710636],[-76.6171723,7.8743063]]],[[[-76.6157588,7.8707599],[-76.6144741,7.8692752],[-76.6126809,7.8663588],[-76.6123865,7.8636015],[-76.6113427,7.8631773],[-76.6094424,7.8639727],[-76.6082648,7.8636811],[-76.6079704,7.8626205],[-76.6068195,7.8625145],[-76.6157588,7.8707599]]],[[[-76.6258219,7.8526678],[-76.6255753,7.8529007],[-76.6251098,7.8526505],[-76.6237489,7.8525117],[-76.623213,7.8527796],[-76.6230778,7.8536416],[-76.6240781,7.8539146],[-76.6238739,7.855133],[-76.6233151,7.8551962],[-76.622815,7.8557827],[-76.6222306,7.8557725],[-76.6218198,7.8560936],[-76.6214523,7.8560936],[-76.6214727,7.8557548],[-76.6210287,7.8556841],[-76.620623,7.8565562],[-76.6194926,7.8565789],[-76.6193088,7.8568165],[-76.6187041,7.857226],[-76.6182243,7.8575622],[-76.6177905,7.8580122],[-76.6175456,7.8585127],[-76.6173298,7.8586586],[-76.6161281,7.8572217],[-76.6153057,7.8582678],[-76.6151692,7.859837],[-76.6153118,7.8600143],[-76.6153604,7.8604172],[-76.6156304,7.8604592],[-76.6157002,7.8609432],[-76.6159794,7.8614001],[-76.6153907,7.8616737],[-76.6147565,7.8617128],[-76.613925,7.8622028],[-76.6130753,7.8621216],[-76.6126808,7.8618721],[-76.612347,7.8619923],[-76.6117128,7.8615565],[-76.6110846,7.8615565],[-76.6108813,7.8617458],[-76.6101257,7.8627769],[-76.6091789,7.8629783],[-76.6086722,7.8632428],[-76.6082473,7.8627799],[-76.6085872,7.8622779],[-76.6079499,7.8621366],[-76.6071893,7.8619788],[-76.6068195,7.8625145],[-76.6258219,7.8526678]]],[[[-76.6258219,7.8526678],[-76.6259918,7.8525767],[-76.6261687,7.8523558],[-76.6262961,7.8521069],[-76.6264094,7.8519351],[-76.6265651,7.8518597],[-76.626735,7.8518544],[-76.626912,7.8516651],[-76.6269261,7.8514267],[-76.6270889,7.8514267],[-76.6272234,7.8515669],[-76.6274712,7.8515178],[-76.6275632,7.8513425],[-76.6277614,7.8510621],[-76.627583,7.8506953],[-76.6274315,7.8501958],[-76.6277842,7.849854],[-76.6280678,7.8497553],[-76.6284793,7.8504848],[-76.6287385,7.8507256],[-76.6290291,7.8506228],[-76.6290778,7.8503057],[-76.6289466,7.8499611],[-76.6289656,7.8497654],[-76.6258219,7.8526678]]],[[[-76.6401865,7.8453444],[-76.6400834,7.8446773],[-76.6407289,7.8423828],[-76.6433793,7.8430349],[-76.6444913,7.8386685],[-76.6438738,7.8385169],[-76.6440269,7.8378545],[-76.6399218,7.8376154],[-76.6398004,7.8387518],[-76.6393695,7.8390163],[-76.638799,7.8389021],[-76.6381132,7.838836],[-76.6376277,7.8395094],[-76.6376034,7.8398821],[-76.6377309,7.8400866],[-76.6374578,7.840808],[-76.6366323,7.8410064],[-76.6364199,7.84177],[-76.6361772,7.8419444],[-76.6360922,7.8427861],[-76.6358616,7.8428883],[-76.6358069,7.8438202],[-76.6360133,7.844193],[-76.6359405,7.8443614],[-76.6354671,7.8443914],[-76.6352304,7.8448544],[-76.6349512,7.8449746],[-76.6347995,7.845666],[-76.6340894,7.8455097],[-76.6330151,7.8455338],[-76.632651,7.8456841],[-76.6324932,7.8459546],[-76.6321169,7.8461951],[-76.6318377,7.8470669],[-76.6319763,7.8481857],[-76.6305814,7.8476261],[-76.6299264,7.8490632],[-76.6292629,7.8491137],[-76.6289656,7.8497654],[-76.6401865,7.8453444]]],[[[-76.6401865,7.8453444],[-76.6403863,7.8453431],[-76.6405164,7.8454069],[-76.640849,7.8455756],[-76.6421581,7.8459376],[-76.6401865,7.8453444]]],[[[-76.6369721,7.8502882],[-76.6372237,7.8502882],[-76.637449,7.8505008],[-76.638082,7.8503839],[-76.6383825,7.850352],[-76.6386721,7.8505008],[-76.6389833,7.8506071],[-76.6392193,7.8506283],[-76.6395197,7.8506815],[-76.6394661,7.8501076],[-76.639509,7.8497462],[-76.6397128,7.8494486],[-76.6397343,7.8491191],[-76.6397021,7.8488322],[-76.6395304,7.8487365],[-76.63923,7.8487896],[-76.6392086,7.8485877],[-76.6392837,7.8482689],[-76.6395304,7.8483007],[-76.6396485,7.8481094],[-76.6398845,7.8480031],[-76.640142,7.8479394],[-76.6403458,7.8476843],[-76.6405711,7.8472804],[-76.6406999,7.8470785],[-76.6408715,7.8468978],[-76.6410003,7.8464833],[-76.6411505,7.8462282],[-76.6414402,7.8463132],[-76.6417084,7.846292],[-76.6419444,7.8463558],[-76.6420545,7.8463409],[-76.6369721,7.8502882]]],[[[-76.6362922,7.8530208],[-76.6302758,7.8515398],[-76.6308353,7.852713],[-76.6307117,7.8537876],[-76.6305058,7.8540189],[-76.6300903,7.8562915],[-76.6362922,7.8530208]]],[[[-76.6336905,7.8565254],[-76.6337546,7.8567405],[-76.6335483,7.8569479],[-76.6333935,7.8569779],[-76.6327653,7.8576002],[-76.6305713,7.8576904],[-76.6300949,7.8574319],[-76.6298764,7.8571884],[-76.6300903,7.8562915],[-76.6336905,7.8565254]]],[[[-76.6395748,7.8573519],[-76.6386664,7.8570788],[-76.6371444,7.856676],[-76.6368498,7.8565865],[-76.6366167,7.8564601],[-76.6363477,7.8562475],[-76.6362139,7.8561348],[-76.6360845,7.8560829],[-76.6359553,7.8561056],[-76.6358349,7.8561531],[-76.6356069,7.8562263],[-76.6353943,7.8562233],[-76.6347812,7.8561042],[-76.6343221,7.8560066],[-76.6342092,7.8559827],[-76.634091,7.8559974],[-76.6339959,7.8560624],[-76.6339123,7.856147],[-76.6338076,7.8563545],[-76.6336905,7.8565254],[-76.6395748,7.8573519]]],[[[-76.6395748,7.8573519],[-76.6393589,7.8581411],[-76.6388138,7.8601339],[-76.6395748,7.8573519]]],[[[-76.6388138,7.8601339],[-76.6370289,7.8595808],[-76.636715,7.8609643],[-76.6384086,7.8616153],[-76.6388138,7.8601339]]],[[[-76.6384086,7.8616153],[-76.6381257,7.8626495],[-76.6375449,7.8647725],[-76.6384086,7.8616153]]],[[[-76.6347265,7.8668784],[-76.6344896,7.8667842],[-76.6342012,7.8665155],[-76.634045,7.866235],[-76.6340107,7.8659646],[-76.6340776,7.8655073],[-76.6344734,7.8639735],[-76.6347265,7.8668784]]],[[[-76.6325553,7.8722553],[-76.6326883,7.8720313],[-76.6328977,7.8720644],[-76.6332548,7.8703711],[-76.6326654,7.8701664],[-76.6327556,7.8689326],[-76.6328801,7.8687966],[-76.6328372,7.8679761],[-76.6329702,7.8674617],[-76.6336139,7.867517],[-76.6345152,7.8677636],[-76.6347265,7.8668784],[-76.6325553,7.8722553]]],[[[-76.6322525,7.8737716],[-76.6330644,7.8739474],[-76.6340062,7.8741546],[-76.6341726,7.874191],[-76.634761,7.8743195],[-76.6322525,7.8737716]]],[[[-76.6335916,7.8754748],[-76.6336438,7.875331],[-76.6341304,7.8755164],[-76.6340929,7.8756356],[-76.634387,7.8757283],[-76.6335916,7.8754748]]],[[[-76.6335916,7.8754748],[-76.6333954,7.8751671],[-76.6328668,7.875019],[-76.6327982,7.8752799],[-76.6336909,7.8762412],[-76.632058,7.8758712],[-76.631809,7.8766487],[-76.6303283,7.8762826],[-76.630433,7.875775],[-76.6293828,7.8754783],[-76.6291591,7.8761879],[-76.6273511,7.8757968],[-76.6271326,7.8758869],[-76.6269082,7.8757008],[-76.6267602,7.8757514],[-76.6264744,7.8756174],[-76.6264234,7.875448],[-76.6263672,7.8754379],[-76.6263417,7.8756174],[-76.6261376,7.8755542],[-76.6260431,7.8757741],[-76.6258007,7.8760673],[-76.6254971,7.8764288],[-76.6252062,7.87608],[-76.6252961,7.8759088],[-76.6254062,7.8756515],[-76.6253557,7.8756393],[-76.6253723,7.875609],[-76.6253136,7.8755799],[-76.6253046,7.8755976],[-76.6252498,7.8755749],[-76.6251464,7.8758289],[-76.6251235,7.8758175],[-76.6250992,7.8758668],[-76.6251707,7.8759047],[-76.6250712,7.8760804],[-76.6250134,7.8760613],[-76.6249276,7.8762164],[-76.6335916,7.8754748]]],[[[-76.6249276,7.8762164],[-76.6248235,7.8761169],[-76.6246498,7.8759704],[-76.6244533,7.8758512],[-76.6243026,7.8757955],[-76.6241368,7.8757343],[-76.6239455,7.8756882],[-76.6236562,7.8756185],[-76.6234761,7.8755292],[-76.6249276,7.8762164]]],[[[-76.6234761,7.8755292],[-76.6232148,7.8752079],[-76.6230324,7.8750153],[-76.6227403,7.8747239],[-76.6226617,7.874623],[-76.622489,7.8743686],[-76.6224007,7.8742886],[-76.6214459,7.8739259],[-76.6234761,7.8755292]]],[[[-76.6214459,7.8739259],[-76.6215728,7.8736563],[-76.6222279,7.8722639],[-76.6214459,7.8739259]]]]},"properties":{"osm_id":12045031,"osm_type":"relation","uso_osm":"orchard","name":"Bananera"}},{"type":"Feature","geometry":{"type":"MultiPolygon","coordinates":[[[[-76.6430176,7.8878381],[-76.6446777,7.8864837],[-76.6485523,7.8879635],[-76.6493128,7.8875338],[-76.6530043,7.8876481],[-76.6542593,7.8859228],[-76.6555482,7.8866273],[-76.6544793,7.8886772],[-76.6543463,7.8902224],[-76.6541597,7.8908869],[-76.6513806,7.8960255],[-76.6516461,7.8961591],[-76.6540379,7.8948504],[-76.6545912,7.8951623],[-76.6551735,7.8957458],[-76.6559483,7.8942962],[-76.6556069,7.8932844],[-76.6561687,7.8926541],[-76.657012,7.8931778],[-76.6570634,7.8933614],[-76.6573926,7.8935014],[-76.6575932,7.8937738],[-76.6578788,7.8936495],[-76.6581952,7.8928598],[-76.6584908,7.8928209],[-76.6587328,7.8926115],[-76.6591502,7.8927335],[-76.6592861,7.8931963],[-76.6591284,7.8938899],[-76.659341,7.8941675],[-76.6595665,7.8937522],[-76.6595663,7.8933731],[-76.6597515,7.8924257],[-76.6600611,7.8918862],[-76.6610278,7.8916683],[-76.6615535,7.8914029],[-76.661473,7.8908801],[-76.6627009,7.8906618],[-76.6641165,7.8907833],[-76.6650082,7.8908495],[-76.6662567,7.8907722],[-76.6670035,7.8910372],[-76.6675051,7.8912249],[-76.6680067,7.8910814],[-76.6680513,7.890176],[-76.6681293,7.8893148],[-76.6687201,7.8884646],[-76.6688873,7.8880782],[-76.6685529,7.8875261],[-76.6681628,7.8870182],[-76.6681661,7.8864025],[-76.6689701,7.8859809],[-76.6685918,7.8855593],[-76.6680716,7.8850284],[-76.6680243,7.8846224],[-76.6687021,7.8842632],[-76.6696952,7.8842008],[-76.6703731,7.8837323],[-76.6708775,7.8838572],[-76.6713504,7.8839509],[-76.6719968,7.8836855],[-76.6726116,7.8839197],[-76.6729899,7.8836855],[-76.67392,7.883014],[-76.6747554,7.8828579],[-76.6754806,7.8829047],[-76.6761712,7.883126],[-76.6762845,7.8820615],[-76.6767417,7.881718],[-76.6774983,7.8819366],[-76.6778452,7.8819991],[-76.6780343,7.8813745],[-76.6788383,7.8809373],[-76.6791063,7.8803283],[-76.6794531,7.8799379],[-76.6801624,7.879891],[-76.681329,7.880297],[-76.6827477,7.8802814],[-76.6856956,7.8794538],[-76.6878458,7.8787197],[-76.6891384,7.878345],[-76.6903207,7.8783294],[-76.6907463,7.877939],[-76.6915661,7.8779234],[-76.6938045,7.8772675],[-76.6957908,7.8767522],[-76.6974144,7.8762213],[-76.6978558,7.8756123],[-76.6994795,7.8753469],[-76.7048707,7.8723956],[-76.7068728,7.8712557],[-76.706526,7.8696941],[-76.7037673,7.870147],[-76.7036412,7.8670707],[-76.703612,7.8665358],[-76.6430176,7.8878381]]],[[[-76.6430176,7.8878381],[-76.6424884,7.888192],[-76.6422167,7.8885629],[-76.6404158,7.889717],[-76.6388616,7.8884836],[-76.6430176,7.8878381]]],[[[-76.6394665,7.8693649],[-76.6391766,7.8697279],[-76.6389404,7.8697508],[-76.6388529,7.8698152],[-76.6387265,7.8698926],[-76.6385654,7.8702507],[-76.6383989,7.8703467],[-76.6384392,7.8705423],[-76.6383895,7.8706264],[-76.6383594,7.8707735],[-76.6382642,7.870924],[-76.6380796,7.8709291],[-76.6380101,7.8708925],[-76.6379243,7.8707871],[-76.6377449,7.8709291],[-76.6371739,7.8711089],[-76.6365172,7.8712882],[-76.6358929,7.8712168],[-76.6354325,7.8728118],[-76.6362808,7.8730374],[-76.6358623,7.8744783],[-76.636173,7.8749976],[-76.6357814,7.8760715],[-76.6369818,7.8778313],[-76.6376304,7.8789185],[-76.6390608,7.8811893],[-76.6379207,7.8821011],[-76.6375046,7.8828621],[-76.6382348,7.8832204],[-76.6377415,7.8845556],[-76.639984,7.8855631],[-76.6396728,7.8863362],[-76.6391127,7.8860381],[-76.6376849,7.8874274],[-76.6388616,7.8884836],[-76.6394665,7.8693649]]],[[[-76.6394665,7.8693649],[-76.6389981,7.8692876],[-76.6380934,7.869117],[-76.6367149,7.8692474],[-76.6394665,7.8693649]]],[[[-76.6603723,7.8544127],[-76.6613762,7.8532693],[-76.6596562,7.8512154],[-76.6540503,7.8496274],[-76.652098,7.8492659],[-76.652008,7.8496283],[-76.6520074,7.8499522],[-76.6506145,7.8499267],[-76.650366,7.8497175],[-76.6486245,7.8498932],[-76.6483946,7.8501123],[-76.6472308,7.8500334],[-76.6466401,7.8497481],[-76.6464165,7.8490144],[-76.6458555,7.84893],[-76.6454881,7.8492051],[-76.6454039,7.8495311],[-76.6446041,7.8496148],[-76.6437954,7.8494131],[-76.6437372,7.8480384],[-76.6434836,7.8481386],[-76.6430108,7.8477438],[-76.6428779,7.8479863],[-76.6424955,7.8479471],[-76.6420434,7.8495033],[-76.6424705,7.8507942],[-76.6427338,7.8509548],[-76.6425661,7.8512807],[-76.6421212,7.8514227],[-76.6411057,7.8523582],[-76.6401894,7.8556149],[-76.6393914,7.8584908],[-76.638276,7.8625886],[-76.6391283,7.8627422],[-76.6390458,7.8631895],[-76.63814,7.862963],[-76.6371457,7.8671588],[-76.6365149,7.869186],[-76.6367149,7.8692474],[-76.6603723,7.8544127]]],[[[-76.6674941,7.8616773],[-76.6672044,7.8613585],[-76.6645064,7.8576543],[-76.6643025,7.8577245],[-76.6623517,7.8562871],[-76.6603723,7.8544127],[-76.6674941,7.8616773]]],[[[-76.6705799,7.8652032],[-76.6703872,7.8653112],[-76.6696569,7.8652503],[-76.6673812,7.8674203],[-76.6663303,7.8679062],[-76.666448,7.868145],[-76.667182,7.867927],[-76.6673093,7.8683069],[-76.6665791,7.868539],[-76.666423,7.8684333],[-76.6661239,7.8689118],[-76.6662883,7.8694711],[-76.6655852,7.8696585],[-76.6649547,7.8685029],[-76.6645587,7.867468],[-76.6640542,7.8656878],[-76.6644956,7.865313],[-76.6662612,7.8651569],[-76.6665764,7.8637827],[-76.667207,7.8630019],[-76.6672634,7.8624824],[-76.6673385,7.862044],[-76.6674941,7.8616773],[-76.6705799,7.8652032]]],[[[-76.6830777,7.8634741],[-76.6826331,7.8631281],[-76.6824299,7.8630198],[-76.6822073,7.86297],[-76.6818016,7.8629773],[-76.6815998,7.8630377],[-76.6813369,7.8631865],[-76.6808032,7.8635877],[-76.6804223,7.8640182],[-76.680205,7.8641988],[-76.6796283,7.8646346],[-76.679273,7.864976],[-76.6790919,7.8652377],[-76.6790423,7.8653878],[-76.6790423,7.8655167],[-76.6790745,7.8656296],[-76.6795204,7.8666801],[-76.6795147,7.8667744],[-76.6794852,7.8668482],[-76.6793997,7.8669362],[-76.6790664,7.8671521],[-76.6790196,7.8671512],[-76.6789564,7.8671501],[-76.6788022,7.8671062],[-76.6713899,7.8649282],[-76.6712196,7.8649175],[-76.6710117,7.8649733],[-76.6705799,7.8652032],[-76.6830777,7.8634741]]],[[[-76.6949129,7.8726147],[-76.6936147,7.8724753],[-76.6934524,7.8724925],[-76.6915253,7.8732737],[-76.6911203,7.8733852],[-76.6908386,7.8734278],[-76.690388,7.8733799],[-76.6896558,7.8731846],[-76.6892977,7.8731315],[-76.6887076,7.8730996],[-76.6883361,7.8731302],[-76.6881309,7.8731142],[-76.687911,7.873008],[-76.6859396,7.8718642],[-76.6854943,7.8716622],[-76.6850504,7.8715108],[-76.6849244,7.8714377],[-76.6844805,7.8709568],[-76.6842806,7.8708638],[-76.683649,7.8706951],[-76.6834894,7.8706181],[-76.6833298,7.8704454],[-76.6831648,7.8702169],[-76.6831259,7.8701026],[-76.6831246,7.8698874],[-76.6831782,7.8694968],[-76.6833781,7.8688751],[-76.6839923,7.8676277],[-76.684176,7.8673699],[-76.6844134,7.8671268],[-76.6844939,7.8669581],[-76.6844872,7.8667389],[-76.683185,7.8636336],[-76.6831373,7.8635359],[-76.6830777,7.8634741],[-76.6949129,7.8726147]]],[[[-76.6949129,7.8726147],[-76.6943056,7.8681762],[-76.695619,7.8685008],[-76.6989144,7.8693153],[-76.703612,7.8665358],[-76.6949129,7.8726147]],[[-76.6649075,7.8871374],[-76.6644744,7.8872161],[-76.6639475,7.8870945],[-76.6639259,7.8867299],[-76.6641857,7.8866156],[-76.6642507,7.8861509],[-76.6651456,7.8864297],[-76.6651095,7.8865941],[-76.6653116,7.8867085],[-76.6652034,7.8869516],[-76.6649474,7.8869116],[-76.6649075,7.8871374]],[[-76.6483699,7.8816296],[-76.6488356,7.8819342],[-76.6487798,7.8821213],[-76.6482197,7.8824741],[-76.6476293,7.8824288],[-76.6470224,7.8825676],[-76.6457864,7.8823274],[-76.64578,7.8819449],[-76.646589,7.8802955],[-76.6471505,7.8791689],[-76.6483699,7.8816296]],[[-76.6481687,7.8767734],[-76.648542,7.8762087],[-76.6489582,7.875605],[-76.6493721,7.8750159],[-76.650201,7.873815],[-76.6481687,7.8767734]],[[-76.65148,7.8748748],[-76.6512529,7.8746811],[-76.6510147,7.8744161],[-76.6507315,7.8741439],[-76.6505319,7.874],[-76.650201,7.873815],[-76.65148,7.8748748]],[[-76.65148,7.8748748],[-76.6496514,7.8778232],[-76.6495118,7.8781719],[-76.6491378,7.8785854],[-76.65148,7.8748748]],[[-76.6476113,7.8821938],[-76.647565,7.8820017],[-76.6476161,7.8815931],[-76.6477453,7.8811231],[-76.6478999,7.8807481],[-76.6482715,7.8801611],[-76.6485168,7.8797115],[-76.6485545,7.879653],[-76.6486366,7.8795376],[-76.6489014,7.8789873],[-76.6491378,7.8785854],[-76.6476113,7.8821938]],[[-76.6483699,7.8816296],[-76.648268,7.8817731],[-76.6478415,7.8821291],[-76.6477141,7.8822035],[-76.647624,7.8822304],[-76.6483699,7.8816296]],[[-76.648016,7.8850793],[-76.6476243,7.8849996],[-76.6476762,7.8847094],[-76.6477146,7.8845511],[-76.6477627,7.8845625],[-76.6478335,7.8843614],[-76.6477812,7.8843424],[-76.6478424,7.8841819],[-76.648363,7.884321],[-76.6483158,7.8846837],[-76.6481844,7.8847178],[-76.6480861,7.8849706],[-76.648016,7.8850793]],[[-76.6397969,7.8714821],[-76.6394616,7.871479],[-76.6394479,7.8717466],[-76.6392582,7.8719209],[-76.6393189,7.8719495],[-76.6394949,7.8719931],[-76.6396238,7.87196],[-76.6398903,7.8719709],[-76.6398545,7.8717352],[-76.6397969,7.8714821]]]]},"properties":{"osm_id":12045447,"osm_type":"relation","uso_osm":"orchard","name":"","source":"Bing low resolution"}},{"type":"Feature","geometry":{"type":"MultiPolygon","coordinates":[[[[-76.6388616,7.8884836],[-76.6387271,7.8890436],[-76.6387259,7.8891143],[-76.6387192,7.8895277],[-76.638199,7.8904723],[-76.6379912,7.8907926],[-76.6378522,7.8912218],[-76.6384586,7.8917694],[-76.6390571,7.8924187],[-76.639436,7.8928001],[-76.6396429,7.8926914],[-76.6388616,7.8884836]]],[[[-76.6396429,7.8926914],[-76.6398042,7.8920544],[-76.6410747,7.8911611],[-76.6415946,7.891291],[-76.6420027,7.8908635],[-76.6429097,7.8908808],[-76.6450323,7.8914764],[-76.6484812,7.891366],[-76.6474755,7.893177],[-76.6396429,7.8926914]]],[[[-76.6474755,7.893177],[-76.6483394,7.8952347],[-76.6505885,7.8920567],[-76.6512755,7.8907576],[-76.6500745,7.8907609],[-76.6488227,7.8901725],[-76.6481387,7.8903218],[-76.6471084,7.8891343],[-76.6463379,7.8890335],[-76.6453058,7.8884874],[-76.6430176,7.8878381],[-76.6474755,7.893177]]],[[[-76.6430176,7.8878381],[-76.6424884,7.888192],[-76.6422167,7.8885629],[-76.6404158,7.889717],[-76.6388616,7.8884836],[-76.6430176,7.8878381]]]]},"properties":{"osm_id":12045448,"osm_type":"relation","uso_osm":"residential","name":""}},{"type":"Feature","geometry":{"type":"MultiPolygon","coordinates":[[[[-76.6483699,7.8816296],[-76.6488356,7.8819342],[-76.6487798,7.8821213],[-76.6482197,7.8824741],[-76.6476293,7.8824288],[-76.6470224,7.8825676],[-76.6457864,7.8823274],[-76.64578,7.8819449],[-76.646589,7.8802955],[-76.6471505,7.8791689],[-76.6483699,7.8816296]]],[[[-76.6481687,7.8767734],[-76.648542,7.8762087],[-76.6489582,7.875605],[-76.6493721,7.8750159],[-76.650201,7.873815],[-76.6481687,7.8767734]]],[[[-76.65148,7.8748748],[-76.6512529,7.8746811],[-76.6510147,7.8744161],[-76.6507315,7.8741439],[-76.6505319,7.874],[-76.650201,7.873815],[-76.65148,7.8748748]]],[[[-76.65148,7.8748748],[-76.6496514,7.8778232],[-76.6495118,7.8781719],[-76.6491378,7.8785854],[-76.65148,7.8748748]]],[[[-76.6476113,7.8821938],[-76.647565,7.8820017],[-76.6476161,7.8815931],[-76.6477453,7.8811231],[-76.6478999,7.8807481],[-76.6482715,7.8801611],[-76.6485168,7.8797115],[-76.6485545,7.879653],[-76.6486366,7.8795376],[-76.6489014,7.8789873],[-76.6491378,7.8785854],[-76.6476113,7.8821938]]],[[[-76.6483699,7.8816296],[-76.648268,7.8817731],[-76.6478415,7.8821291],[-76.6477141,7.8822035],[-76.647624,7.8822304],[-76.6483699,7.8816296]]]]},"properties":{"osm_id":12045449,"osm_type":"relation","uso_osm":"residential","name":""}},{"type":"Feature","geometry":{"type":"MultiPolygon","coordinates":[[[[-76.6949129,7.8726147],[-76.6936147,7.8724753],[-76.6934524,7.8724925],[-76.6915253,7.8732737],[-76.6911203,7.8733852],[-76.6908386,7.8734278],[-76.690388,7.8733799],[-76.6896558,7.8731846],[-76.6892977,7.8731315],[-76.6887076,7.8730996],[-76.6883361,7.8731302],[-76.6881309,7.8731142],[-76.687911,7.873008],[-76.6859396,7.8718642],[-76.6854943,7.8716622],[-76.6850504,7.8715108],[-76.6849244,7.8714377],[-76.6844805,7.8709568],[-76.6842806,7.8708638],[-76.683649,7.8706951],[-76.6834894,7.8706181],[-76.6833298,7.8704454],[-76.6831648,7.8702169],[-76.6831259,7.8701026],[-76.6831246,7.8698874],[-76.6831782,7.8694968],[-76.6833781,7.8688751],[-76.6839923,7.8676277],[-76.684176,7.8673699],[-76.6844134,7.8671268],[-76.6844939,7.8669581],[-76.6844872,7.8667389],[-76.683185,7.8636336],[-76.6831373,7.8635359],[-76.6830777,7.8634741],[-76.6949129,7.8726147]]],[[[-76.6830777,7.8634741],[-76.6826331,7.8631281],[-76.6824299,7.8630198],[-76.6822073,7.86297],[-76.6818016,7.8629773],[-76.6815998,7.8630377],[-76.6813369,7.8631865],[-76.6808032,7.8635877],[-76.6804223,7.8640182],[-76.680205,7.8641988],[-76.6796283,7.8646346],[-76.679273,7.864976],[-76.6790919,7.8652377],[-76.6790423,7.8653878],[-76.6790423,7.8655167],[-76.6790745,7.8656296],[-76.6795204,7.8666801],[-76.6795147,7.8667744],[-76.6794852,7.8668482],[-76.6793997,7.8669362],[-76.6790664,7.8671521],[-76.6790196,7.8671512],[-76.6789564,7.8671501],[-76.6788022,7.8671062],[-76.6713899,7.8649282],[-76.6712196,7.8649175],[-76.6710117,7.8649733],[-76.6705799,7.8652032],[-76.6830777,7.8634741]]],[[[-76.6892279,7.845957],[-76.6855666,7.8401511],[-76.6863303,7.8396446],[-76.684369,7.8384925],[-76.6829919,7.8362708],[-76.6814912,7.8345065],[-76.6797667,7.8327757],[-76.6779884,7.8317444],[-76.6772558,7.8305996],[-76.6763285,7.8298296],[-76.6756022,7.8295157],[-76.674599,7.8298028],[-76.6731499,7.8305316],[-76.673032,7.8301524],[-76.6723871,7.8296611],[-76.6706415,7.8297867],[-76.6697551,7.8296032],[-76.6688113,7.8293775],[-76.6676225,7.828612],[-76.6670133,7.8284526],[-76.6657337,7.8277033],[-76.6652666,7.8276548],[-76.6647243,7.8272562],[-76.6638323,7.8273295],[-76.663126,7.8271184],[-76.6629198,7.8275141],[-76.6623486,7.8277346],[-76.6615086,7.8273358],[-76.6608625,7.8262189],[-76.6602946,7.8260572],[-76.6596854,7.826183],[-76.658534,7.8274561],[-76.6572409,7.8283395],[-76.6568867,7.8278671],[-76.656024,7.8278954],[-76.655524,7.8277773],[-76.6549447,7.8278094],[-76.6546239,7.8276738],[-76.6547623,7.8272545],[-76.6542141,7.8270647],[-76.6533665,7.8271189],[-76.6531735,7.8276523],[-76.6526931,7.8278094],[-76.6520689,7.8290241],[-76.6515899,7.8291318],[-76.6508603,7.828999],[-76.650517,7.8288502],[-76.6500932,7.8288236],[-76.6496909,7.8286163],[-76.6495353,7.8290734],[-76.648339,7.8288289],[-76.6481245,7.829355],[-76.6477114,7.8295623],[-76.647293,7.8294666],[-76.6472462,7.8296328],[-76.6478365,7.8306172],[-76.6478682,7.8313352],[-76.6473454,7.8318175],[-76.646621,7.8322488],[-76.646384,7.8330216],[-76.6447764,7.8392969],[-76.6452449,7.8393664],[-76.6451746,7.8401],[-76.6445452,7.8399563],[-76.6441042,7.841781],[-76.6447036,7.8419295],[-76.6446642,7.8421313],[-76.6447708,7.8421716],[-76.6446415,7.8428533],[-76.6443354,7.8437227],[-76.6440321,7.8435239],[-76.6438805,7.8438964],[-76.6435572,7.8437757],[-76.6433283,7.8447157],[-76.644108,7.8451627],[-76.6439993,7.8457816],[-76.6441843,7.8461266],[-76.6439652,7.8473941],[-76.6442531,7.8479396],[-76.6440312,7.8491246],[-76.6449745,7.8492754],[-76.6452589,7.8487835],[-76.6459976,7.8484851],[-76.6465787,7.8487398],[-76.6469603,7.8494323],[-76.6471953,7.8495693],[-76.6478187,7.8493336],[-76.6482159,7.8496679],[-76.6488819,7.8492853],[-76.6499008,7.8493946],[-76.6500942,7.8488426],[-76.6506533,7.8495237],[-76.652008,7.8496283],[-76.652098,7.8492659],[-76.652368,7.8487231],[-76.6530745,7.848831],[-76.6530625,7.8493303],[-76.6538358,7.8494597],[-76.6600244,7.8512242],[-76.6675907,7.8615126],[-76.6892279,7.845957]]],[[[-76.703612,7.8665358],[-76.7070706,7.8670174],[-76.7075209,7.8651706],[-76.707995,7.8650124],[-76.7081204,7.8646357],[-76.7125785,7.8586321],[-76.711144,7.8577023],[-76.7096852,7.8573256],[-76.7078744,7.8595101],[-76.7057966,7.8649893],[-76.7045313,7.8648903],[-76.7030313,7.8643364],[-76.702302,7.864374],[-76.7018148,7.8640136],[-76.7011528,7.8639294],[-76.7004645,7.8635588],[-76.6995108,7.8635116],[-76.6989107,7.8632998],[-76.6990518,7.8621648],[-76.6990776,7.8584059],[-76.6992139,7.8560889],[-76.699463,7.8536781],[-76.6993449,7.8524735],[-76.6945001,7.8482733],[-76.6914758,7.8448119],[-76.6892279,7.845957],[-76.703612,7.8665358]]],[[[-76.6949129,7.8726147],[-76.6943056,7.8681762],[-76.695619,7.8685008],[-76.6989144,7.8693153],[-76.703612,7.8665358],[-76.6949129,7.8726147]]]]},"properties":{"osm_id":12045450,"osm_type":"relation","uso_osm":"orchard","name":"Bananera","source":"maxar"}},{"type":"Feature","geometry":{"type":"Polygon","coordinates":[[[-76.6705799,7.8652032],[-76.6703872,7.8653112],[-76.6696569,7.8652503],[-76.6673812,7.8674203],[-76.6663303,7.8679062],[-76.666448,7.868145],[-76.667182,7.867927],[-76.6673093,7.8683069],[-76.6665791,7.868539],[-76.666423,7.8684333],[-76.6661239,7.8689118],[-76.6662883,7.8694711],[-76.6655852,7.8696585],[-76.6649547,7.8685029],[-76.6645587,7.867468],[-76.6640542,7.8656878],[-76.6644956,7.865313],[-76.6662612,7.8651569],[-76.6665764,7.8637827],[-76.667207,7.8630019],[-76.6672634,7.8624824],[-76.6673385,7.862044],[-76.6674941,7.8616773],[-76.6705799,7.8652032]]]},"properties":{"osm_id":12045452,"osm_type":"relation","uso_osm":"residential","name":"Churidó","source":"Bing low resolution"}},{"type":"Feature","geometry":{"type":"MultiPolygon","coordinates":[[[[-76.6986032,7.8117164],[-76.698617,7.8113878],[-76.6970802,7.8117503],[-76.6969257,7.8113556],[-76.6965598,7.8112751],[-76.6964704,7.810542],[-76.6951951,7.8085724],[-76.695681,7.8084742],[-76.6986032,7.8117164]]],[[[-76.6608113,7.8165018],[-76.6603494,7.8164732],[-76.6596926,7.8161085],[-76.6594616,7.8158082],[-76.6596276,7.8153577],[-76.6593028,7.8150789],[-76.6587254,7.8152719],[-76.6521575,7.8128336],[-76.6521936,7.8114393],[-76.65088,7.8110746],[-76.6511759,7.8083216],[-76.654929,7.8108672],[-76.6559323,7.8109673],[-76.6557446,7.810667],[-76.6550589,7.8096731],[-76.6561293,7.8026268],[-76.6599524,7.8030488],[-76.6635282,7.8051363],[-76.6654676,7.8068453],[-76.6688271,7.8073474],[-76.6784978,7.8108655],[-76.6791845,7.8129063],[-76.6812273,7.8136206],[-76.6827894,7.814811],[-76.682858,7.8160015],[-76.6832014,7.8164607],[-76.6849695,7.8168178],[-76.6861196,7.8160355],[-76.6878595,7.8172495],[-76.6879499,7.8172367],[-76.6889879,7.8167756],[-76.6886875,7.8161458],[-76.6880947,7.8163531],[-76.6880402,7.8159904],[-76.688289,7.814379],[-76.6881319,7.810023],[-76.6888248,7.8087717],[-76.689229,7.8085214],[-76.6903694,7.8091578],[-76.6908024,7.8098371],[-76.6916035,7.8098657],[-76.6918489,7.8101946],[-76.6924841,7.8102304],[-76.6924985,7.8112529],[-76.6927511,7.8117463],[-76.693841,7.8114031],[-76.6938987,7.8115103],[-76.6937327,7.8120109],[-76.6942379,7.8122039],[-76.6947359,7.8121682],[-76.6956598,7.8115389],[-76.6958113,7.8112386],[-76.6962732,7.8113959],[-76.6969733,7.8121396],[-76.6976229,7.8118035],[-76.6986032,7.8117164],[-76.6608113,7.8165018]]],[[[-76.6599163,7.8195193],[-76.6661739,7.8220219],[-76.666145,7.8170452],[-76.6642973,7.8168879],[-76.6627672,7.8173026],[-76.6608113,7.8165018],[-76.6599163,7.8195193]]],[[[-76.7135577,7.8431269],[-76.7130187,7.843583],[-76.7143558,7.8474961],[-76.7137025,7.851025],[-76.7128043,7.8532899],[-76.712886,7.8537753],[-76.7145089,7.8562627],[-76.7141414,7.8581737],[-76.713182,7.8584467],[-76.7118244,7.8572131],[-76.7107731,7.8558279],[-76.7105077,7.8546853],[-76.7097524,7.8527642],[-76.7096708,7.851844],[-76.7093237,7.8506104],[-76.7083643,7.8486589],[-76.7075375,7.8481938],[-76.7067617,7.847395],[-76.7063433,7.8462322],[-76.7056798,7.8454132],[-76.7046489,7.8445031],[-76.7032516,7.8431927],[-76.6979268,7.8397754],[-76.6956933,7.8388014],[-76.693387,7.8388615],[-76.690753,7.8388495],[-76.6891872,7.8397875],[-76.6886652,7.8397634],[-76.6877427,7.8392944],[-76.6873179,7.839571],[-76.6866988,7.8390419],[-76.6862012,7.8388615],[-76.685133,7.8382964],[-76.6845703,7.8375496],[-76.6831647,7.8354131],[-76.6829502,7.8351792],[-76.68321,7.834858],[-76.6826615,7.8343003],[-76.6824305,7.834429],[-76.6810028,7.8331012],[-76.680021,7.8324262],[-76.6795221,7.8320382],[-76.6794041,7.8319213],[-76.6792431,7.8316184],[-76.6791412,7.8315121],[-76.6785564,7.8311507],[-76.6784331,7.8311135],[-76.6782936,7.8311507],[-76.6774908,7.830101],[-76.6765381,7.8286996],[-76.6758741,7.8284278],[-76.6735501,7.8293288],[-76.6722798,7.8287568],[-76.6713559,7.828957],[-76.6692515,7.8282361],[-76.6686885,7.8283505],[-76.6666099,7.8273781],[-76.6662078,7.8268525],[-76.665783,7.8268464],[-76.664849,7.8262452],[-76.6642396,7.8264195],[-76.6632911,7.8262537],[-76.6624114,7.8260964],[-76.6622354,7.8266703],[-76.6619693,7.8266661],[-76.6615404,7.8259631],[-76.660484,7.825508],[-76.660433,7.8253766],[-76.6601778,7.8251238],[-76.659397,7.8251845],[-76.6583916,7.8259681],[-76.6583814,7.8265951],[-76.6580445,7.8270248],[-76.6575086,7.8272473],[-76.6570289,7.8272271],[-76.6564198,7.826854],[-76.6562412,7.827127],[-76.6558278,7.8269501],[-76.655292,7.8270411],[-76.6550113,7.8265557],[-76.6547561,7.8266063],[-76.6538681,7.8262978],[-76.6535108,7.8265759],[-76.6526531,7.8266174],[-76.6530026,7.8230997],[-76.655542,7.8233097],[-76.6556726,7.8232563],[-76.6558419,7.8230724],[-76.656097,7.8217123],[-76.6573474,7.8207061],[-76.6599163,7.8195193],[-76.7135577,7.8431269]]],[[[-76.7385541,7.8437224],[-76.7395264,7.8457537],[-76.7377775,7.8468471],[-76.7385769,7.8483856],[-76.7390972,7.8486805],[-76.7395424,7.8494298],[-76.7408728,7.8484627],[-76.7416614,7.8500994],[-76.7415273,7.8502535],[-76.7415928,7.8506045],[-76.7416721,7.8508487],[-76.7420423,7.8511463],[-76.742171,7.8522623],[-76.7425787,7.852969],[-76.742981,7.8539681],[-76.7420744,7.8544995],[-76.7424982,7.8553232],[-76.743319,7.8548077],[-76.7466744,7.8624015],[-76.7447325,7.8636768],[-76.7460388,7.865813],[-76.7459315,7.8665357],[-76.7439091,7.8676676],[-76.7424339,7.8663869],[-76.7421496,7.8663125],[-76.7420369,7.866185],[-76.7420101,7.8659831],[-76.7422354,7.8651647],[-76.742016,7.8640166],[-76.7410702,7.8622677],[-76.7402774,7.8609242],[-76.7389792,7.8595851],[-76.7378956,7.8601111],[-76.7352429,7.8601165],[-76.732904,7.8597976],[-76.7279526,7.8613227],[-76.7263969,7.8613334],[-76.7258819,7.8609454],[-76.724286,7.8603556],[-76.7263782,7.8507796],[-76.7258739,7.8506043],[-76.7255252,7.8502854],[-76.7249727,7.8499984],[-76.7240554,7.8497699],[-76.723358,7.8494989],[-76.7228966,7.8490791],[-76.7225587,7.8489462],[-76.7189214,7.8517847],[-76.7184807,7.8501343],[-76.7187185,7.8496421],[-76.7184435,7.8482145],[-76.7179379,7.8476401],[-76.717021,7.8474089],[-76.7160821,7.8459883],[-76.7144608,7.8436222],[-76.7140598,7.8434747],[-76.7135577,7.8431269],[-76.7385541,7.8437224]]],[[[-76.695681,7.8084742],[-76.6963615,7.8083369],[-76.6968259,7.8084077],[-76.7008964,7.8106156],[-76.7019233,7.8106865],[-76.7076302,7.8115154],[-76.7082138,7.811796],[-76.7087803,7.8122467],[-76.7107029,7.8151038],[-76.7112838,7.8158688],[-76.715408,7.8180499],[-76.7242229,7.8227884],[-76.730233,7.8260871],[-76.7304247,7.8262649],[-76.7336026,7.8333935],[-76.7364183,7.8391746],[-76.7381182,7.8400383],[-76.7389282,7.8406042],[-76.7400011,7.8410772],[-76.7426726,7.8403917],[-76.7439762,7.8393554],[-76.7461648,7.8408753],[-76.7487827,7.8350667],[-76.7508533,7.8370968],[-76.7505824,7.8376548],[-76.7511162,7.8388505],[-76.7510659,7.8406994],[-76.7515416,7.8415814],[-76.7514656,7.842331],[-76.7508989,7.8430521],[-76.751411,7.8442367],[-76.7531131,7.8462296],[-76.7480799,7.8510759],[-76.7475113,7.8512778],[-76.7443249,7.8507517],[-76.7439681,7.8503664],[-76.7437106,7.8499652],[-76.7434451,7.8498775],[-76.7427826,7.8501353],[-76.741927,7.8485091],[-76.7413127,7.8487801],[-76.7409721,7.8480601],[-76.741353,7.8479166],[-76.7409158,7.8471062],[-76.7405376,7.8472683],[-76.7395934,7.8453153],[-76.7400199,7.8451187],[-76.739411,7.8434022],[-76.7385541,7.8437224],[-76.695681,7.8084742]]]]},"properties":{"osm_id":12045567,"osm_type":"relation","uso_osm":"orchard","name":"Bananera"}},{"type":"Feature","geometry":{"type":"MultiPolygon","coordinates":[[[[-76.6573684,7.7710322],[-76.654561,7.7711113],[-76.6544073,7.7664688],[-76.6524664,7.7650531],[-76.6522002,7.7637384],[-76.6524838,7.763559],[-76.6525342,7.762911],[-76.6573684,7.7710322]]],[[[-76.6525342,7.762911],[-76.6510076,7.7632027],[-76.6500804,7.7647503],[-76.6496855,7.7649872],[-76.6490364,7.7648278],[-76.6487038,7.7644982],[-76.6486555,7.7637647],[-76.649015,7.7617237],[-76.648736,7.7603204],[-76.6476417,7.7593424],[-76.6459894,7.7603842],[-76.6446805,7.7602567],[-76.6435218,7.7586833],[-76.6421271,7.7604693],[-76.6496558,7.7669361],[-76.6473129,7.7820055],[-76.6541129,7.7856394],[-76.6548078,7.7824827],[-76.656874,7.7730962],[-76.6571667,7.7718761],[-76.6571859,7.7717996],[-76.6573684,7.7710322],[-76.6525342,7.762911]]]]},"properties":{"osm_id":12045569,"osm_type":"relation","uso_osm":"military","name":"XVII Brigada"}},{"type":"Feature","geometry":{"type":"MultiPolygon","coordinates":[[[[-76.6525342,7.762911],[-76.6535635,7.7626713],[-76.6545162,7.7622886],[-76.655529,7.7622461],[-76.6561384,7.7625863],[-76.6563873,7.7634112],[-76.657041,7.7641304],[-76.6574524,7.764202],[-76.6576668,7.7642154],[-76.6579526,7.7642407],[-76.6577841,7.7651964],[-76.6575137,7.7651357],[-76.6574725,7.7648869],[-76.6573567,7.7648231],[-76.657258,7.7648444],[-76.6572665,7.7651208],[-76.6567601,7.7651633],[-76.6565885,7.7653887],[-76.657627,7.7655332],[-76.6574081,7.7697335],[-76.6572665,7.7699717],[-76.657245,7.770163],[-76.6572622,7.7704309],[-76.6573952,7.7707285],[-76.6573684,7.7710322],[-76.6525342,7.762911]]],[[[-76.6573684,7.7710322],[-76.654561,7.7711113],[-76.6544073,7.7664688],[-76.6524664,7.7650531],[-76.6522002,7.7637384],[-76.6524838,7.763559],[-76.6525342,7.762911],[-76.6573684,7.7710322]]]]},"properties":{"osm_id":12045570,"osm_type":"relation","uso_osm":"orchard","name":"Bananera"}},{"type":"Feature","geometry":{"type":"MultiPolygon","coordinates":[[[[-76.6624101,7.745389],[-76.6611904,7.751013],[-76.6638283,7.752739],[-76.665646,7.7512162],[-76.66543,7.7507923],[-76.6656315,7.75046],[-76.6659872,7.7504262],[-76.6668155,7.7490647],[-76.6671954,7.7489538],[-76.6672971,7.7487137],[-76.6676682,7.7486],[-76.6679269,7.7483851],[-76.6689044,7.7486256],[-76.6687494,7.7494347],[-76.6699765,7.7494566],[-76.6705815,7.7496376],[-76.6712379,7.7492913],[-76.6715038,7.749493],[-76.67228,7.7489666],[-76.6718727,7.7410363],[-76.6708336,7.7416006],[-76.6684938,7.7419162],[-76.665876,7.74279],[-76.6634454,7.7438992],[-76.6635391,7.7442625],[-76.6641992,7.7440304],[-76.6643995,7.7447096],[-76.6633459,7.7447858],[-76.6633168,7.7453507],[-76.6624101,7.745389]]],[[[-76.663354,7.7543858],[-76.662711,7.7546177],[-76.6624702,7.7541775],[-76.6625893,7.7537735],[-76.6626867,7.7536912],[-76.6631342,7.7536591],[-76.6633832,7.7534517],[-76.6634265,7.7532228],[-76.6652778,7.7517961],[-76.6656964,7.7523646],[-76.6663142,7.7515411],[-76.6658549,7.751172],[-76.6661202,7.75055],[-76.6662835,7.750459],[-76.666748,7.7498167],[-76.6680851,7.7486992],[-76.668672,7.7487548],[-76.668427,7.7493009],[-76.6685036,7.7496549],[-76.6691058,7.7497105],[-76.6692334,7.7498167],[-76.6701316,7.7496751],[-76.6704123,7.7500544],[-76.6703613,7.7508989],[-76.6715759,7.7507725],[-76.670785,7.7526912],[-76.6687342,7.7571076],[-76.6684214,7.7572688],[-76.6658462,7.7575444],[-76.6635887,7.7576328],[-76.6636316,7.7567685],[-76.6631767,7.7567887],[-76.663354,7.7543858]]]]},"properties":{"osm_id":12045571,"osm_type":"relation","uso_osm":"orchard","name":"Palma"}},{"type":"Feature","geometry":{"type":"MultiPolygon","coordinates":[[[[-76.6607245,7.7605447],[-76.6599801,7.7577374],[-76.65959,7.7576872],[-76.6597358,7.7570313],[-76.6597462,7.7569851],[-76.6599792,7.7559508],[-76.6601008,7.7553183],[-76.6601256,7.7552046],[-76.6602823,7.7544158],[-76.6604429,7.7536032],[-76.660644,7.7527408],[-76.6622807,7.7528022],[-76.662451,7.751756],[-76.6609386,7.7514031],[-76.6608748,7.7516901],[-76.6594695,7.7481663],[-76.6577777,7.7476619],[-76.6578622,7.7468916],[-76.6511799,7.7454673],[-76.650621,7.7476429],[-76.6492183,7.7472672],[-76.6488096,7.7489041],[-76.647345,7.7485835],[-76.6466978,7.7514354],[-76.6489628,7.7519416],[-76.6479168,7.7551599],[-76.6607245,7.7605447]]],[[[-76.6479168,7.7551599],[-76.6389149,7.7532532],[-76.6391394,7.7575959],[-76.6403458,7.7574874],[-76.6416821,7.7577984],[-76.6431809,7.7576442],[-76.6435275,7.7578401],[-76.6444518,7.7592436],[-76.6447318,7.7597656],[-76.645507,7.7600117],[-76.6460906,7.7600574],[-76.6468057,7.759267],[-76.6470058,7.7584017],[-76.6469747,7.7577761],[-76.6472833,7.7576227],[-76.6487944,7.7576785],[-76.6498076,7.7584191],[-76.6503719,7.760119],[-76.6505817,7.7614792],[-76.6498618,7.7626707],[-76.6494305,7.7631655],[-76.6490103,7.7634353],[-76.648831,7.7636857],[-76.6488229,7.763928],[-76.6489826,7.7643519],[-76.6492805,7.7646288],[-76.6498768,7.7646283],[-76.6504728,7.7638119],[-76.6509229,7.7630699],[-76.6519303,7.7626622],[-76.6530981,7.7624916],[-76.6531997,7.7614228],[-76.65385,7.7604444],[-76.6548856,7.7606114],[-76.6550808,7.7618665],[-76.656087,7.7622851],[-76.6566242,7.7628292],[-76.6567095,7.7635329],[-76.6571295,7.7639534],[-76.6575694,7.7639964],[-76.6588881,7.7637786],[-76.6599797,7.7639649],[-76.6479168,7.7551599]]]]},"properties":{"osm_id":12045572,"osm_type":"relation","uso_osm":"residential","name":"","source":"Bing low resolution"}},{"type":"Feature","geometry":{"type":"MultiPolygon","coordinates":[[[[-76.690215,7.7422788],[-76.6899343,7.7423146],[-76.6898545,7.7424311],[-76.6897642,7.74259],[-76.6895466,7.742716],[-76.6880171,7.7405512],[-76.6875795,7.7407404],[-76.6868043,7.741171],[-76.690215,7.7422788]]],[[[-76.6868043,7.741171],[-76.6860156,7.741625],[-76.6859802,7.7417544],[-76.6860007,7.7418966],[-76.686217,7.7423105],[-76.6862916,7.7424823],[-76.6863624,7.7426116],[-76.6864967,7.7427003],[-76.6869982,7.7428639],[-76.6868043,7.741171]]],[[[-76.6869982,7.7428639],[-76.6879007,7.7432019],[-76.6876657,7.7433679],[-76.6875376,7.7435917],[-76.6875995,7.7439898],[-76.6869982,7.7428639]]],[[[-76.6875995,7.7439898],[-76.6881285,7.7436302],[-76.690196,7.7435304],[-76.690215,7.7422788],[-76.6875995,7.7439898]]]]},"properties":{"osm_id":12045573,"osm_type":"relation","uso_osm":"residential","name":""}},{"type":"Feature","geometry":{"type":"MultiPolygon","coordinates":[[[[-76.6868043,7.741171],[-76.6868333,7.7399487],[-76.6866831,7.7395788],[-76.6854912,7.7379638],[-76.6845349,7.738822],[-76.6842462,7.7389472],[-76.6841415,7.7407279],[-76.6867002,7.7434147],[-76.6869982,7.7428639],[-76.6868043,7.741171]]],[[[-76.6869982,7.7428639],[-76.6879007,7.7432019],[-76.6876657,7.7433679],[-76.6875376,7.7435917],[-76.6875995,7.7439898],[-76.6869982,7.7428639]]],[[[-76.6875995,7.7439898],[-76.6876379,7.7446836],[-76.6879313,7.7449946],[-76.6882248,7.7454421],[-76.6886203,7.7452677],[-76.6886815,7.7451691],[-76.6908914,7.7443834],[-76.6909679,7.746123],[-76.6919337,7.7458867],[-76.6921569,7.7459802],[-76.692998,7.7457506],[-76.6933842,7.7458612],[-76.6934453,7.7464173],[-76.6948358,7.7463663],[-76.6949559,7.7480374],[-76.6949774,7.7498787],[-76.6956511,7.7496703],[-76.6956984,7.7502997],[-76.6950761,7.750321],[-76.6947499,7.75044],[-76.6945525,7.7502231],[-76.6942349,7.7501679],[-76.6939259,7.7502402],[-76.6935268,7.7505421],[-76.6932178,7.7505251],[-76.6929262,7.7536821],[-76.6927421,7.7535426],[-76.6894726,7.7531529],[-76.6886137,7.7557238],[-76.6890323,7.7556165],[-76.68814,7.758324],[-76.689222,7.7584151],[-76.6888137,7.7598209],[-76.6919166,7.7598107],[-76.6913926,7.7612842],[-76.6908006,7.7608493],[-76.6895145,7.7606976],[-76.6888938,7.7600634],[-76.688102,7.7599276],[-76.687024,7.7599998],[-76.6865239,7.7602223],[-76.6857788,7.7597672],[-76.6846956,7.7603418],[-76.6836227,7.7605119],[-76.6835025,7.7601717],[-76.6840518,7.7599081],[-76.6842149,7.7592958],[-76.6840518,7.7589131],[-76.6838544,7.7589131],[-76.683288,7.7586579],[-76.6828416,7.7581136],[-76.6820863,7.7581817],[-76.6810134,7.7585899],[-76.6801208,7.7595339],[-76.679829,7.7600527],[-76.6781896,7.7593893],[-76.6770481,7.7600612],[-76.6740011,7.7596019],[-76.67213,7.7600612],[-76.6701129,7.7611412],[-76.6694864,7.7611753],[-76.6681818,7.7607075],[-76.6675552,7.7608776],[-76.6664308,7.7624934],[-76.6663364,7.7637181],[-76.6647314,7.7646621],[-76.664225,7.7647556],[-76.6619247,7.764526],[-76.6599797,7.7639649],[-76.6875995,7.7439898]]],[[[-76.6607245,7.7605447],[-76.6633903,7.7598507],[-76.6631351,7.758455],[-76.6628694,7.7577923],[-76.6643562,7.7577887],[-76.6665647,7.7576313],[-76.6684196,7.7573596],[-76.6688068,7.7571466],[-76.6710204,7.752462],[-76.6718369,7.7503616],[-76.6717276,7.7500759],[-76.6719412,7.7495128],[-76.6721288,7.749452],[-76.6725908,7.7486796],[-76.6729985,7.7485938],[-76.6730274,7.748086],[-76.6731212,7.7480932],[-76.6733342,7.748676],[-76.6734857,7.7488048],[-76.6737167,7.7488012],[-76.674009,7.7484472],[-76.6740234,7.7481683],[-76.6734557,7.7476023],[-76.6734132,7.7472114],[-76.6737772,7.7471225],[-76.6739216,7.7469366],[-76.6737772,7.7463287],[-76.6739143,7.7457637],[-76.6742896,7.7457208],[-76.6744701,7.7458925],[-76.6748021,7.745728],[-76.6750908,7.745256],[-76.674867,7.7448555],[-76.6748743,7.7446552],[-76.6751485,7.7446123],[-76.6753867,7.7442047],[-76.6753217,7.7437899],[-76.6757259,7.7435825],[-76.6761229,7.7436183],[-76.67626,7.7428673],[-76.675993,7.7426528],[-76.675993,7.7421736],[-76.6763178,7.7423739],[-76.6765704,7.7421164],[-76.6766642,7.7413655],[-76.6764765,7.7409507],[-76.676758,7.7405502],[-76.6771478,7.7405788],[-76.6774004,7.7404572],[-76.6774726,7.740071],[-76.6777468,7.7398565],[-76.678086,7.7397349],[-76.6785191,7.7391484],[-76.67875,7.7391341],[-76.6786129,7.7395561],[-76.6787428,7.7400138],[-76.679046,7.7401854],[-76.6799698,7.7400424],[-76.6799945,7.7396449],[-76.6807235,7.7390656],[-76.6813297,7.7391228],[-76.6822824,7.7386794],[-76.6824268,7.7383218],[-76.6830258,7.7381501],[-76.6836682,7.7375995],[-76.6837909,7.7370702],[-76.6844457,7.7364482],[-76.6849494,7.7366286],[-76.6858265,7.7347499],[-76.6848566,7.734044],[-76.6855433,7.7330659],[-76.6863298,7.732381],[-76.6607245,7.7605447]]],[[[-76.6863298,7.732381],[-76.6886754,7.7323265],[-76.6892038,7.7322587],[-76.6905342,7.7319983],[-76.6908547,7.7319119],[-76.6912141,7.7317923],[-76.6863298,7.732381]]],[[[-76.6912141,7.7317923],[-76.6916662,7.7318822],[-76.6924384,7.7338418],[-76.6921425,7.7341994],[-76.6925106,7.7351649],[-76.6929241,7.7359804],[-76.6934582,7.7357873],[-76.6938335,7.7350221],[-76.694151,7.7349077],[-76.6950328,7.7383818],[-76.6932046,7.739041],[-76.6929351,7.7395409],[-76.6926768,7.740002],[-76.6924665,7.7407632],[-76.69296,7.7406101],[-76.6932347,7.7406271],[-76.6931703,7.7400063],[-76.6934809,7.7399155],[-76.6936621,7.739918],[-76.6939913,7.7400697],[-76.6947287,7.7403226],[-76.6951192,7.7404793],[-76.6965073,7.7397714],[-76.6968059,7.7398194],[-76.6966399,7.7376549],[-76.6912141,7.7317923]]],[[[-76.6992807,7.7363023],[-76.6994726,7.7391872],[-76.6999497,7.7394678],[-76.7001736,7.7401138],[-76.7004182,7.7403669],[-76.7005941,7.7404476],[-76.7008817,7.7403371],[-76.7012314,7.7400309],[-76.7014267,7.7400649],[-76.701909,7.7411216],[-76.702703,7.7415721],[-76.7020606,7.7430382],[-76.7014327,7.7438392],[-76.7002635,7.7453053],[-76.6998593,7.7463923],[-76.6978167,7.7469144],[-76.6976435,7.7460991],[-76.6958319,7.7424303],[-76.6950524,7.7427092],[-76.6952257,7.7450049],[-76.6938327,7.7446044],[-76.6937244,7.7438893],[-76.6933202,7.7437748],[-76.6933491,7.74331],[-76.6922448,7.7434673],[-76.6922015,7.7431169],[-76.6911983,7.7427879],[-76.6911622,7.7422301],[-76.690215,7.7422788],[-76.6992807,7.7363023]]],[[[-76.690215,7.7422788],[-76.6899343,7.7423146],[-76.6898545,7.7424311],[-76.6897642,7.74259],[-76.6895466,7.742716],[-76.6880171,7.7405512],[-76.6875795,7.7407404],[-76.6868043,7.741171],[-76.690215,7.7422788]]]]},"properties":{"osm_id":12045574,"osm_type":"relation","uso_osm":"orchard","name":""}},{"type":"Feature","geometry":{"type":"MultiPolygon","coordinates":[[[[-76.6969426,7.7374999],[-76.6933505,7.7289564],[-76.6929403,7.728172],[-76.6927279,7.7273962],[-76.6918037,7.7261971],[-76.6969536,7.7229651],[-76.6991165,7.7259079],[-76.7002065,7.7268265],[-76.7012966,7.7274474],[-76.7029274,7.7279406],[-76.7030647,7.7289102],[-76.7045909,7.7318618],[-76.704998,7.7324402],[-76.6969426,7.7374999]]],[[[-76.6992807,7.7363023],[-76.6996602,7.736108],[-76.6997514,7.7360123],[-76.7007492,7.7343964],[-76.7011408,7.7337],[-76.7014252,7.7330887],[-76.7015271,7.732908],[-76.701629,7.7328548],[-76.7028843,7.7326316],[-76.7043596,7.7323764],[-76.7046761,7.7323924],[-76.704998,7.7324402],[-76.6992807,7.7363023]]]]},"properties":{"osm_id":12045575,"osm_type":"relation","uso_osm":"orchard","name":"Cultivo de Palma"}},{"type":"Feature","geometry":{"type":"MultiPolygon","coordinates":[[[[-76.6141845,7.9013471],[-76.614932,7.9030222],[-76.6148423,7.9129223],[-76.6126583,7.9118216],[-76.6126375,7.9127307],[-76.6137616,7.914832],[-76.6121149,7.9178309],[-76.6110669,7.9183011],[-76.6095758,7.9179383],[-76.6089105,7.9231726],[-76.6096064,7.9237945],[-76.6091782,7.9245103],[-76.6097402,7.9289637],[-76.6098762,7.9289616],[-76.6114799,7.9289372],[-76.611694,7.9301566],[-76.6099784,7.9293455],[-76.6092828,7.9334275],[-76.6080281,7.936489],[-76.6104316,7.9376311],[-76.6117367,7.9381061],[-76.6127429,7.9380541],[-76.6134533,7.9375127],[-76.6137474,7.9363486],[-76.6133883,7.9353664],[-76.6132464,7.933046],[-76.6136746,7.9333906],[-76.6139991,7.9332587],[-76.6147184,7.9329665],[-76.6152537,7.9317206],[-76.6152805,7.9309651],[-76.6153541,7.9304614],[-76.615595,7.9300174],[-76.6141845,7.9013471]]],[[[-76.615595,7.9300174],[-76.6158291,7.929918],[-76.6161637,7.9298517],[-76.6165384,7.9299578],[-76.6167124,7.9298981],[-76.6167458,7.929474],[-76.6165601,7.929082],[-76.6161838,7.9285595],[-76.6160433,7.9280757],[-76.6160433,7.92791],[-76.6161035,7.9278371],[-76.6166455,7.9277045],[-76.6174015,7.9276847],[-76.6184052,7.9272406],[-76.6199879,7.9274171],[-76.6200731,7.9266579],[-76.6210193,7.9267048],[-76.6213411,7.9225341],[-76.6217196,7.921072],[-76.6227415,7.9171731],[-76.6215871,7.9165639],[-76.6216722,7.9157391],[-76.6221974,7.9153438],[-76.623094,7.9153305],[-76.6236417,7.9129436],[-76.6247834,7.9099857],[-76.615595,7.9300174]]],[[[-76.6247834,7.9099857],[-76.624593,7.9099149],[-76.6238701,7.910064],[-76.6238004,7.9105922],[-76.6235626,7.910655],[-76.623604,7.9107599],[-76.6234547,7.9108029],[-76.6232847,7.9101569],[-76.6236883,7.9098024],[-76.6237506,7.9094917],[-76.6247834,7.9099857]]]]},"properties":{"osm_id":12045798,"osm_type":"relation","uso_osm":"orchard","name":"Bananera"}},{"type":"Feature","geometry":{"type":"MultiPolygon","coordinates":[[[[-76.6237506,7.9094917],[-76.6248062,7.9097362],[-76.6257243,7.9064591],[-76.621681,7.9052267],[-76.6226992,7.9043694],[-76.6261897,7.904663],[-76.6237506,7.9094917]]],[[[-76.6261897,7.904663],[-76.6287798,7.8960967],[-76.6286059,7.89554],[-76.6286527,7.895023],[-76.6284051,7.8944596],[-76.627997,7.8940752],[-76.627348,7.8936643],[-76.6265919,7.8933396],[-76.625809,7.8930943],[-76.6249124,7.8923653],[-76.6245377,7.8915965],[-76.6241173,7.8900254],[-76.6235285,7.8884348],[-76.6180418,7.8864199],[-76.6170114,7.8859957],[-76.617279,7.8852932],[-76.6166902,7.8845111],[-76.6156359,7.8843383],[-76.6142099,7.8838538],[-76.6121611,7.8817399],[-76.6118941,7.8826047],[-76.6079253,7.8825676],[-76.6079941,7.8823248],[-76.6062241,7.8818316],[-76.6064561,7.8834861],[-76.60634,7.8837923],[-76.6057744,7.8843233],[-76.6047697,7.8852911],[-76.6039543,7.8856337],[-76.602478,7.885363],[-76.6020191,7.8854183],[-76.6018686,7.8856415],[-76.6024009,7.8860263],[-76.6024859,7.8863503],[-76.6046352,7.8882788],[-76.6050819,7.8890643],[-76.6069144,7.8900642],[-76.6084213,7.8921642],[-76.6092708,7.8922496],[-76.6097017,7.8931213],[-76.610751,7.8932777],[-76.6110284,7.8948325],[-76.6096393,7.8949173],[-76.6097345,7.8957078],[-76.612044,7.8956141],[-76.6137849,7.8953101],[-76.6138968,7.8936832],[-76.6149474,7.8937584],[-76.6148122,7.8955051],[-76.6139093,7.8953547],[-76.6138118,7.8971491],[-76.6133497,7.8972628],[-76.6133998,7.8954011],[-76.6120443,7.8956309],[-76.6119941,7.8974139],[-76.61242,7.8973938],[-76.6123696,7.8987071],[-76.6141845,7.9013471],[-76.6261897,7.904663]]]]},"properties":{"osm_id":12045799,"osm_type":"relation","uso_osm":"orchard","name":"Bananera"}},{"type":"Feature","geometry":{"type":"MultiPolygon","coordinates":[[[[-76.6174866,7.9516735],[-76.6159927,7.9512436],[-76.6158448,7.9516934],[-76.6154846,7.9517367],[-76.6153695,7.9512866],[-76.614951,7.9515762],[-76.6145758,7.9511277],[-76.6143088,7.9511393],[-76.6140078,7.9512911],[-76.6138659,7.951078],[-76.6133744,7.951252],[-76.6130085,7.952342],[-76.6134665,7.952735],[-76.6143237,7.9524606],[-76.6142872,7.9528808],[-76.6145772,7.9539253],[-76.6155327,7.9538697],[-76.6165774,7.9537301],[-76.6167491,7.9540493],[-76.6177105,7.9540794],[-76.6178994,7.954356],[-76.6178308,7.9546667],[-76.6171358,7.9547603],[-76.6165336,7.954457],[-76.6164621,7.954922],[-76.6166969,7.9558116],[-76.6164213,7.9562766],[-76.6166969,7.9568225],[-76.6166561,7.9569943],[-76.6149515,7.9568831],[-76.6152475,7.9575503],[-76.6149413,7.9579648],[-76.6149413,7.95845],[-76.6145126,7.9583085],[-76.6143901,7.9585713],[-76.6141145,7.9584702],[-76.6141451,7.9577929],[-76.6135429,7.957237],[-76.6122466,7.9570752],[-76.612267,7.957803],[-76.6119122,7.957887],[-76.6174866,7.9516735]]],[[[-76.6269521,7.9583909],[-76.6231655,7.9451576],[-76.6228191,7.9439469],[-76.6208709,7.9290182],[-76.6201834,7.9295025],[-76.6195875,7.9292755],[-76.618579,7.9287307],[-76.6170816,7.9289123],[-76.6175095,7.9304407],[-76.6167913,7.9309098],[-76.6163177,7.9320751],[-76.6167761,7.9326653],[-76.616689,7.9330023],[-76.6163609,7.9331327],[-76.6154315,7.9335279],[-76.615569,7.9340424],[-76.6160274,7.9345721],[-76.6156357,7.9349965],[-76.616042,7.9354188],[-76.6161057,7.9356113],[-76.6163521,7.9358749],[-76.6165692,7.9362512],[-76.6166107,7.9365508],[-76.6165771,7.9369727],[-76.6160421,7.9369742],[-76.6153106,7.9367428],[-76.6150438,7.9379328],[-76.6129345,7.9385855],[-76.613862,7.9392725],[-76.6142623,7.94183],[-76.6139647,7.9420122],[-76.6138673,7.9426643],[-76.6141648,7.9430104],[-76.613968,7.9432507],[-76.6141013,7.9435068],[-76.6144063,7.9433719],[-76.6163495,7.9443988],[-76.6164674,7.9451468],[-76.6159956,7.9450861],[-76.6156604,7.9452843],[-76.6155484,7.9455845],[-76.6163716,7.9455898],[-76.6163699,7.9458726],[-76.6162464,7.9462341],[-76.6148182,7.9470377],[-76.6153058,7.9473204],[-76.6157075,7.9472292],[-76.6161066,7.9476536],[-76.6167822,7.9469457],[-76.6171741,7.9476326],[-76.6175496,7.9472272],[-76.6172018,7.9488249],[-76.6174032,7.949009],[-76.6178428,7.9489715],[-76.6179688,7.9497088],[-76.6176487,7.9496988],[-76.6175175,7.9494937],[-76.6172643,7.9496556],[-76.6170077,7.9496079],[-76.6167946,7.9490472],[-76.6159753,7.9494586],[-76.6158667,7.9502813],[-76.616299,7.9507403],[-76.6161966,7.9510292],[-76.6169011,7.9511495],[-76.6174008,7.9507039],[-76.6175978,7.9512273],[-76.6174866,7.9516735],[-76.6269521,7.9583909]]],[[[-76.6146865,7.9618064],[-76.6149772,7.9618898],[-76.6150061,7.9613395],[-76.6155402,7.9612465],[-76.6158722,7.9605246],[-76.6161681,7.9603459],[-76.6166011,7.9607533],[-76.6173806,7.9597598],[-76.6181745,7.9596883],[-76.6192138,7.9593094],[-76.6204553,7.9593023],[-76.6210254,7.9585732],[-76.6215162,7.9583588],[-76.6223462,7.9587233],[-76.6229092,7.9582087],[-76.623501,7.9581443],[-76.6246775,7.9588091],[-76.6253054,7.9587662],[-76.6269521,7.9583909],[-76.6146865,7.9618064]]],[[[-76.6119122,7.957887],[-76.6114914,7.9589465],[-76.6117544,7.958803],[-76.6122623,7.9586578],[-76.6124067,7.9590295],[-76.6127098,7.9590152],[-76.61328,7.9588079],[-76.613778,7.9589366],[-76.6139657,7.9595299],[-76.614377,7.9591725],[-76.6149184,7.9595227],[-76.6147307,7.9599945],[-76.6146802,7.9607236],[-76.6146865,7.9618064],[-76.6119122,7.957887]]]]},"properties":{"osm_id":12045800,"osm_type":"relation","uso_osm":"orchard","name":"","source":"survey, Bing low resolution"}},{"type":"Feature","geometry":{"type":"MultiPolygon","coordinates":[[[[-76.6119122,7.957887],[-76.6116322,7.9575315],[-76.6116955,7.9570146],[-76.6113484,7.9568933],[-76.611032,7.9561957],[-76.6111647,7.955478],[-76.6107768,7.954174],[-76.6112872,7.9534967],[-76.6095316,7.9534765],[-76.6095724,7.9543458],[-76.6101338,7.9553365],[-76.610144,7.9568528],[-76.6102971,7.9568528],[-76.6103379,7.9576817],[-76.6100419,7.9581164],[-76.6105012,7.9591677],[-76.6103073,7.9597641],[-76.6106237,7.9602392],[-76.6105829,7.9610884],[-76.610787,7.9619982],[-76.6105931,7.9625946],[-76.6111404,7.9630277],[-76.611171,7.9650595],[-76.6113548,7.9654234],[-76.6113445,7.9674249],[-76.6122326,7.9684257],[-76.6133553,7.9681022],[-76.613978,7.9666365],[-76.6137126,7.9662018],[-76.6137328,7.9650521],[-76.6138923,7.9637659],[-76.614098,7.963487],[-76.6142676,7.9637372],[-76.6144228,7.9637586],[-76.6147367,7.9633405],[-76.6150399,7.9631654],[-76.6119122,7.957887]]],[[[-76.615163,7.9626019],[-76.6145743,7.962644],[-76.6141403,7.963267],[-76.6136854,7.963114],[-76.6134981,7.9629179],[-76.6132527,7.9617099],[-76.6136125,7.961498],[-76.6146865,7.9618064],[-76.615163,7.9626019]]],[[[-76.6119122,7.957887],[-76.6114914,7.9589465],[-76.6117544,7.958803],[-76.6122623,7.9586578],[-76.6124067,7.9590295],[-76.6127098,7.9590152],[-76.61328,7.9588079],[-76.613778,7.9589366],[-76.6139657,7.9595299],[-76.614377,7.9591725],[-76.6149184,7.9595227],[-76.6147307,7.9599945],[-76.6146802,7.9607236],[-76.6146865,7.9618064],[-76.6119122,7.957887]]],[[[-76.6145269,7.9663198],[-76.6158101,7.9657121],[-76.6160289,7.9657206],[-76.6158143,7.9654826],[-76.6164538,7.9648238],[-76.6154581,7.964182],[-76.6152049,7.9636975],[-76.6145269,7.9663198]]],[[[-76.6152049,7.9636975],[-76.6149389,7.963842],[-76.6145612,7.9638718],[-76.6144625,7.9641693],[-76.6139862,7.9644795],[-76.614102,7.964777],[-76.6144282,7.9651256],[-76.6148359,7.9651043],[-76.6150161,7.9649046],[-76.6152007,7.9649811],[-76.6155054,7.964641],[-76.6156641,7.9646665],[-76.6157242,7.9651681],[-76.6155483,7.9652106],[-76.6154066,7.9651001],[-76.6152092,7.9652786],[-76.614823,7.9652488],[-76.6145913,7.9654911],[-76.6142522,7.9653466],[-76.6141879,7.9658778],[-76.6145269,7.9663198],[-76.6152049,7.9636975]]],[[[-76.6145906,7.9668224],[-76.6141999,7.9670193],[-76.6144597,7.9673195],[-76.6148928,7.9671051],[-76.6150732,7.9671265],[-76.6151743,7.9670265],[-76.6155785,7.967198],[-76.6157517,7.9672052],[-76.6161486,7.9668835],[-76.6164229,7.9674696],[-76.6163652,7.9677198],[-76.6155496,7.9677341],[-76.6152753,7.9680986],[-76.6153186,7.9685632],[-76.6156362,7.9688134],[-76.6160476,7.9684703],[-76.6166899,7.9686919],[-76.6170653,7.9683059],[-76.6172601,7.9683631],[-76.6173973,7.9685632],[-76.6176138,7.9686204],[-76.6145906,7.9668224]]],[[[-76.6175993,7.9672838],[-76.6172457,7.9671909],[-76.6172746,7.9668335],[-76.6171158,7.9663224],[-76.6175993,7.9672838]]],[[[-76.6171158,7.9663224],[-76.6167477,7.9666691],[-76.615961,7.9665619],[-76.6158166,7.9662045],[-76.6145906,7.9668224],[-76.6171158,7.9663224]]],[[[-76.6175241,7.9693773],[-76.6172859,7.9693987],[-76.6168601,7.969027],[-76.6166435,7.9692272],[-76.6161239,7.9691629],[-76.6158352,7.9694202],[-76.6162105,7.9700921],[-76.6149619,7.970378],[-76.6146876,7.9703637],[-76.6146226,7.9705281],[-76.6141391,7.9701064],[-76.6140092,7.9696561],[-76.6138865,7.9695202],[-76.6138937,7.9689198],[-76.6134462,7.9683409],[-76.6130637,7.9684552],[-76.6131214,7.9688269],[-76.6134967,7.9690128],[-76.6134029,7.9695989],[-76.6129698,7.9698848],[-76.6130565,7.9701492],[-76.6135039,7.9705209],[-76.6137205,7.9710713],[-76.6138359,7.9710785],[-76.6140164,7.9708426],[-76.614269,7.9709927],[-76.6146948,7.9708354],[-76.6148608,7.9709355],[-76.6152289,7.970671],[-76.6155465,7.9710141],[-76.6160084,7.970864],[-76.6163188,7.9709641],[-76.617091,7.9707139],[-76.617423,7.9708783],[-76.6175241,7.9693773]]]]},"properties":{"osm_id":12045801,"osm_type":"relation","uso_osm":"orchard","name":"Palma de Aceite"}},{"type":"Feature","geometry":{"type":"MultiPolygon","coordinates":[[[[-76.6242961,7.9729669],[-76.6254489,7.9763926],[-76.6258882,7.9762042],[-76.6252937,7.9745553],[-76.6254036,7.9742003],[-76.6261502,7.9736039],[-76.6268956,7.9758178],[-76.629764,7.9748802],[-76.6314098,7.9739172],[-76.6347745,7.9857999],[-76.6351701,7.9871969],[-76.6322406,7.9910128],[-76.6332631,7.9924147],[-76.6344332,7.9918326],[-76.6344166,7.9927522],[-76.6319785,7.9931936],[-76.6304433,7.9944249],[-76.6305667,7.9948393],[-76.630379,7.9950571],[-76.6301,7.9949827],[-76.6300611,7.9950325],[-76.6297914,7.995065],[-76.6295099,7.9940743],[-76.629231,7.9934634],[-76.6286481,7.99336],[-76.6262646,7.9932994],[-76.6256075,7.9921646],[-76.6249505,7.988972],[-76.6229948,7.9846445],[-76.6195768,7.978752],[-76.6202416,7.9780929],[-76.6242961,7.9729669]]],[[[-76.6202416,7.9780929],[-76.6206464,7.9776916],[-76.620657,7.9771998],[-76.6208427,7.9759054],[-76.6212306,7.9754852],[-76.6222729,7.974356],[-76.6240603,7.9731288],[-76.6242961,7.9729669],[-76.6202416,7.9780929]]]]},"properties":{"osm_id":12045802,"osm_type":"relation","uso_osm":"orchard","name":"Plantación de Bananos","source":"survey, Bing low resolution"}},{"type":"Feature","geometry":{"type":"MultiPolygon","coordinates":[[[[-76.6202416,7.9780929],[-76.6197034,7.977566],[-76.6184046,7.9776742],[-76.6173364,7.9756427],[-76.6175064,7.9750897],[-76.6179603,7.9751398],[-76.6180828,7.9748062],[-76.6180318,7.9739268],[-76.6174908,7.9739975],[-76.6167151,7.9737347],[-76.6167559,7.9733708],[-76.6173275,7.9731687],[-76.6174296,7.9727441],[-76.6182921,7.9726572],[-76.6182272,7.9718996],[-76.6173971,7.9720711],[-76.6166393,7.9718424],[-76.6167259,7.9712777],[-76.6172961,7.9712491],[-76.617423,7.9708783],[-76.6202416,7.9780929]]],[[[-76.6175993,7.9672838],[-76.6179267,7.9669979],[-76.617695,7.9667854],[-76.6175963,7.9663391],[-76.617386,7.9661096],[-76.6172014,7.9660671],[-76.6171242,7.9661181],[-76.6171158,7.9663224],[-76.6175993,7.9672838]]],[[[-76.6171158,7.9663224],[-76.6167477,7.9666691],[-76.615961,7.9665619],[-76.6158166,7.9662045],[-76.6145906,7.9668224],[-76.6171158,7.9663224]]],[[[-76.6145269,7.9663198],[-76.6158101,7.9657121],[-76.6160289,7.9657206],[-76.6158143,7.9654826],[-76.6164538,7.9648238],[-76.6154581,7.964182],[-76.6152049,7.9636975],[-76.6145269,7.9663198]]],[[[-76.615163,7.9626019],[-76.6154341,7.9622551],[-76.6152753,7.9619406],[-76.6156073,7.9615582],[-76.6157661,7.9614796],[-76.6159574,7.9616297],[-76.6161017,7.961526],[-76.6161378,7.9611472],[-76.6159971,7.9610042],[-76.6161703,7.9608792],[-76.616376,7.9611186],[-76.6166106,7.9611794],[-76.6168126,7.9611436],[-76.6171194,7.9605682],[-76.6174406,7.9604932],[-76.617704,7.9602752],[-76.617686,7.9601965],[-76.6179277,7.9600393],[-76.6181587,7.9601751],[-76.6186423,7.9599785],[-76.619032,7.9599428],[-76.6194687,7.959639],[-76.6196744,7.9597176],[-76.6198584,7.959589],[-76.6200497,7.9596569],[-76.620342,7.9597962],[-76.6206559,7.9597891],[-76.620905,7.9592387],[-76.6210349,7.9592673],[-76.621273,7.9591744],[-76.6212875,7.9588599],[-76.6214715,7.9586919],[-76.6216447,7.9589028],[-76.6221175,7.9589349],[-76.6223701,7.9591815],[-76.6231575,7.9588158],[-76.6231323,7.958487],[-76.6233957,7.9584513],[-76.6236916,7.9586657],[-76.6242726,7.9588766],[-76.624352,7.9590839],[-76.624767,7.9592447],[-76.6253611,7.9590291],[-76.6255601,7.9591099],[-76.6261675,7.958655],[-76.6265349,7.9587814],[-76.6267084,7.9586096],[-76.6270146,7.9585439],[-76.6289466,7.9653274],[-76.6282176,7.9654846],[-76.6279289,7.9658349],[-76.6281891,7.9663624],[-76.6285067,7.966927],[-76.6284778,7.9676561],[-76.6281169,7.9677919],[-76.628716,7.9697433],[-76.6283984,7.9697576],[-76.6279365,7.9695932],[-76.6274962,7.9696289],[-76.6273637,7.9697669],[-76.6269332,7.970215],[-76.6264641,7.9704152],[-76.6262548,7.9707726],[-76.6245876,7.971423],[-76.6243999,7.9717161],[-76.6244216,7.9723593],[-76.6242556,7.9727525],[-76.6242961,7.9729669],[-76.615163,7.9626019]]],[[[-76.6202416,7.9780929],[-76.6206464,7.9776916],[-76.620657,7.9771998],[-76.6208427,7.9759054],[-76.6212306,7.9754852],[-76.6222729,7.974356],[-76.6240603,7.9731288],[-76.6242961,7.9729669],[-76.6202416,7.9780929]]]]},"properties":{"osm_id":12045803,"osm_type":"relation","uso_osm":"orchard","name":"Bananera"}},{"type":"Feature","geometry":{"type":"MultiPolygon","coordinates":[[[[-76.644504,8.0183921],[-76.641925,8.018282],[-76.641777,8.0189967],[-76.6420874,8.0205869],[-76.6421595,8.0219233],[-76.642423,8.0223986],[-76.6425565,8.0223772],[-76.64269,8.0228346],[-76.644504,8.0183921]]],[[[-76.645441,8.0216224],[-76.6447667,8.0216968],[-76.6441632,8.0219478],[-76.6433877,8.0224087],[-76.64269,8.0228346],[-76.645441,8.0216224]]]]},"properties":{"osm_id":12045804,"osm_type":"relation","uso_osm":"orchard","name":"Bananera"}},{"type":"Feature","geometry":{"type":"MultiPolygon","coordinates":[[[[-76.6696855,8.0310599],[-76.6693504,8.0302837],[-76.6686463,8.02787],[-76.6686208,8.0277826],[-76.6683032,8.0273512],[-76.6677101,8.0271396],[-76.6676509,8.0271185],[-76.666978,8.0271523],[-76.6668699,8.0271577],[-76.6664052,8.0265738],[-76.6662392,8.0263651],[-76.6661908,8.0263604],[-76.6628277,8.0260315],[-76.6615693,8.024474],[-76.6611372,8.02434],[-76.6572174,8.023124],[-76.6553128,8.0217604],[-76.6538092,8.0206838],[-76.6519217,8.0182955],[-76.6514827,8.0177159],[-76.6506633,8.016634],[-76.6490379,8.016011],[-76.6493,8.010767],[-76.6448414,8.009412],[-76.6696855,8.0310599]]],[[[-76.6448414,8.009412],[-76.6447909,8.0090667],[-76.6442941,8.008764],[-76.64397,8.0075466],[-76.6447916,8.0072221],[-76.643314,8.0057789],[-76.6411847,8.0061113],[-76.6398966,8.0018199],[-76.6458591,8.0026961],[-76.6463695,7.9954387],[-76.644649,7.9950557],[-76.6434748,7.9932517],[-76.6423811,7.9893598],[-76.6428244,7.9888895],[-76.643023,7.9885266],[-76.6437149,7.9881883],[-76.6443624,7.9887938],[-76.6452442,7.9893898],[-76.6463571,7.98922],[-76.6468898,7.9885511],[-76.6481494,7.9883526],[-76.6490134,7.9881876],[-76.6448414,8.009412]]],[[[-76.6490134,7.9881876],[-76.6500882,7.9867597],[-76.6511124,7.9862095],[-76.6517661,7.985851],[-76.651635,7.9850462],[-76.6534964,7.9866559],[-76.6553053,7.9868636],[-76.6580843,7.9869155],[-76.6585824,7.9878761],[-76.6598408,7.9883174],[-76.6615973,7.9870713],[-76.6611778,7.9887847],[-76.6618856,7.9897194],[-76.66241,7.9898492],[-76.6619905,7.9910954],[-76.6628294,7.9919002],[-76.6628819,7.9934838],[-76.6631965,7.9957425],[-76.6636159,7.9968069],[-76.6651102,7.9971185],[-76.6662638,7.996729],[-76.6668667,7.9964175],[-76.6675484,7.9973521],[-76.6681776,7.9982088],[-76.669436,7.9990656],[-76.6698554,7.9993771],[-76.6695408,8.000805],[-76.6702749,8.0019213],[-76.6718479,8.0022328],[-76.6711529,8.0034244],[-76.671856,8.0043158],[-76.6729044,8.0048234],[-76.6739834,8.0049042],[-76.6490134,7.9881876]]],[[[-76.6739834,8.0049042],[-76.6729422,8.0075106],[-76.6725159,8.0080063],[-76.6717413,8.0115458],[-76.6716888,8.016011],[-76.6714267,8.0242144],[-76.6696855,8.0310599],[-76.6739834,8.0049042]]]]},"properties":{"osm_id":12045805,"osm_type":"relation","uso_osm":"orchard","name":"","source":"Bing"}},{"type":"Feature","geometry":{"type":"MultiPolygon","coordinates":[[[[-76.6474395,8.0280591],[-76.6474623,8.0280563],[-76.6482088,8.028923],[-76.6482664,8.0288974],[-76.6483537,8.0279417],[-76.6492198,8.0280025],[-76.6489961,8.0303216],[-76.6474395,8.0280591]]],[[[-76.6489961,8.0303216],[-76.6491101,8.0304458],[-76.6491338,8.030467],[-76.6492783,8.0304225],[-76.6494996,8.0303544],[-76.6496263,8.0303154],[-76.64981,8.0303078],[-76.6499121,8.0303735],[-76.6499225,8.0305897],[-76.6499325,8.030798],[-76.6501187,8.0309168],[-76.6505143,8.0309648],[-76.6489961,8.0303216]]],[[[-76.6505143,8.0309648],[-76.6509685,8.0309547],[-76.6511216,8.0308435],[-76.6514457,8.0308359],[-76.6518233,8.0302977],[-76.65203,8.0302775],[-76.6522086,8.0305302],[-76.6530507,8.0308713],[-76.6538596,8.0304847],[-76.6543062,8.0305176],[-76.6545001,8.0304342],[-76.6545435,8.0297797],[-76.6555566,8.0298657],[-76.6555004,8.0311518],[-76.6567814,8.0306211],[-76.6571488,8.0306237],[-76.657279,8.030702],[-76.6574678,8.031177],[-76.6578659,8.0315485],[-76.6581542,8.0316571],[-76.6583814,8.0316116],[-76.6583431,8.0312023],[-76.6584732,8.0307374],[-76.659128,8.030999],[-76.6592393,8.0291298],[-76.6592418,8.0288216],[-76.6598364,8.0289302],[-76.6598517,8.0301961],[-76.6597132,8.0327372],[-76.6600288,8.0327883],[-76.660314,8.0329265],[-76.6605465,8.0328918],[-76.660606,8.0317466],[-76.660615,8.0313481],[-76.6606944,8.0303422],[-76.6605771,8.0302547],[-76.6605487,8.0284794],[-76.6613812,8.0285686],[-76.6612911,8.0295673],[-76.6611495,8.0323209],[-76.6613383,8.0322742],[-76.6616817,8.0323804],[-76.6620979,8.0322869],[-76.6621634,8.0285706],[-76.662408,8.0286025],[-76.662511,8.0263651],[-76.6628187,8.0263536],[-76.662884,8.0286513],[-76.6631028,8.0286938],[-76.6629385,8.0304348],[-76.6641222,8.0305313],[-76.6640392,8.0321179],[-76.6644542,8.0320178],[-76.6649305,8.031807],[-76.6653997,8.0318749],[-76.6656848,8.0323144],[-76.6660601,8.0325074],[-76.6663307,8.0325074],[-76.6666663,8.0322644],[-76.6669298,8.0323859],[-76.6670489,8.032711],[-76.6672329,8.0328611],[-76.667945,8.0331447],[-76.6505143,8.0309648]]],[[[-76.667945,8.0331447],[-76.6718312,8.0313156],[-76.671463,8.0312145],[-76.6712905,8.0311671],[-76.6706375,8.031251],[-76.6696855,8.0310599],[-76.667945,8.0331447]]],[[[-76.6696855,8.0310599],[-76.6693504,8.0302837],[-76.6686463,8.02787],[-76.6686208,8.0277826],[-76.6683032,8.0273512],[-76.6677101,8.0271396],[-76.6676509,8.0271185],[-76.666978,8.0271523],[-76.6668699,8.0271577],[-76.6664052,8.0265738],[-76.6662392,8.0263651],[-76.6661908,8.0263604],[-76.6628277,8.0260315],[-76.6615693,8.024474],[-76.6611372,8.02434],[-76.6572174,8.023124],[-76.6553128,8.0217604],[-76.6538092,8.0206838],[-76.6519217,8.0182955],[-76.6514827,8.0177159],[-76.6506633,8.016634],[-76.6490379,8.016011],[-76.6493,8.010767],[-76.6448414,8.009412],[-76.6696855,8.0310599]]],[[[-76.6448414,8.009412],[-76.6431767,8.0094129],[-76.642284,8.0099314],[-76.6427655,8.0119777],[-76.6429279,8.0121207],[-76.6433249,8.0123494],[-76.6437254,8.012403],[-76.6437904,8.0125388],[-76.6433864,8.0130247],[-76.6432649,8.0130881],[-76.6448414,8.009412]]],[[[-76.6474395,8.0280591],[-76.6474003,8.027883],[-76.6463649,8.0242815],[-76.6459116,8.022765],[-76.6445732,8.0181569],[-76.643444,8.0142074],[-76.6432309,8.0135226],[-76.6432136,8.0132938],[-76.6432649,8.0130881],[-76.6474395,8.0280591]],[[-76.6647567,8.031494],[-76.6644897,8.0315812],[-76.664602,8.0305716],[-76.6643895,8.0305535],[-76.6645049,8.0287687],[-76.6652635,8.0288258],[-76.665133,8.0306016],[-76.6649176,8.0305746],[-76.6647567,8.031494]],[[-76.6465336,8.0241957],[-76.6466034,8.0246193],[-76.648588,8.0247636],[-76.648588,8.0243158],[-76.6465336,8.0241957]]]]},"properties":{"osm_id":12045806,"osm_type":"relation","uso_osm":"orchard","name":"Bananera"}},{"type":"Feature","geometry":{"type":"MultiPolygon","coordinates":[[[[-76.6489961,8.0303216],[-76.6491101,8.0304458],[-76.6491338,8.030467],[-76.6492783,8.0304225],[-76.6494996,8.0303544],[-76.6496263,8.0303154],[-76.64981,8.0303078],[-76.6499121,8.0303735],[-76.6499225,8.0305897],[-76.6499325,8.030798],[-76.6501187,8.0309168],[-76.6505143,8.0309648],[-76.6489961,8.0303216]]],[[[-76.6489961,8.0303216],[-76.6486269,8.0301566],[-76.6482878,8.029683],[-76.6481158,8.0302956],[-76.6489961,8.0303216]]],[[[-76.6486633,8.03205],[-76.6482342,8.0306148],[-76.6481158,8.0302956],[-76.6486633,8.03205]]]]},"properties":{"osm_id":12045807,"osm_type":"relation","uso_osm":"forest","name":"Teca"}},{"type":"Feature","geometry":{"type":"Polygon","coordinates":[[[-76.656513,8.0394471],[-76.65785,8.0396316],[-76.6582433,8.03911],[-76.6581965,8.03733],[-76.656513,8.0394471]]]},"properties":{"osm_id":12045808,"osm_type":"relation","uso_osm":"farmland","name":"Teca"}},{"type":"Feature","geometry":{"type":"MultiPolygon","coordinates":[[[[-76.6704723,7.9978268],[-76.6718083,7.9968377],[-76.6733288,7.9964223],[-76.6754262,7.9964223],[-76.6766845,7.9975646],[-76.6823048,7.9947672],[-76.6704723,7.9978268]]],[[[-76.6823048,7.9947672],[-76.6809649,7.9940554],[-76.676727,7.9920182],[-76.6823048,7.9947672]]],[[[-76.676727,7.9920182],[-76.6699114,7.9893503],[-76.6670356,7.9946591],[-76.6675958,7.995268],[-76.6679387,7.9957728],[-76.6683929,7.9961813],[-76.6686802,7.9968146],[-76.6693541,7.9972708],[-76.6704723,7.9978268],[-76.676727,7.9920182]]]]},"properties":{"osm_id":12045809,"osm_type":"relation","uso_osm":"orchard","name":"Agropecuaria La Ceja Ltda","source":"Catastro Antioquia"}},{"type":"Feature","geometry":{"type":"MultiPolygon","coordinates":[[[[-76.6819943,7.9861372],[-76.6742455,7.9855497],[-76.6742455,7.9834936],[-76.6744309,7.9810336],[-76.6819943,7.9861372]]],[[[-76.6744309,7.9810336],[-76.6752836,7.9795282],[-76.6777922,7.9768323],[-76.6744309,7.9810336]]],[[[-76.6777922,7.9768323],[-76.6781384,7.9790142],[-76.6782497,7.979565],[-76.6788429,7.9796751],[-76.6788799,7.9804094],[-76.6819943,7.9822085],[-76.6819943,7.9861372],[-76.6777922,7.9768323]]]]},"properties":{"osm_id":12045810,"osm_type":"relation","uso_osm":"orchard","name":"Bananera de Urabá","source":"Catastro Antioquia"}},{"type":"Feature","geometry":{"type":"Polygon","coordinates":[[[-76.6699396,7.9892324],[-76.6716451,7.9865888],[-76.6716822,7.9858178],[-76.6819943,7.9861372],[-76.6699396,7.9892324]]]},"properties":{"osm_id":12045811,"osm_type":"relation","uso_osm":"orchard","name":"","source":"Catastro Antioquia"}},{"type":"Feature","geometry":{"type":"MultiPolygon","coordinates":[[[[-76.6738609,7.9670253],[-76.6739021,7.9680617],[-76.6777922,7.9768323],[-76.6738609,7.9670253]]],[[[-76.6777922,7.9768323],[-76.6749233,7.9794343],[-76.6729355,7.9794889],[-76.6704153,7.979446],[-76.6777922,7.9768323]]],[[[-76.6704153,7.979446],[-76.6662827,7.9793055],[-76.6694025,7.9757388],[-76.6692977,7.9748041],[-76.6686816,7.9747034],[-76.6683692,7.9701911],[-76.6705282,7.9687502],[-76.6720019,7.9676119],[-76.6738609,7.9670253],[-76.6704153,7.979446]]]]},"properties":{"osm_id":12045812,"osm_type":"relation","uso_osm":"orchard","name":"Bananera de Urabá","source":"Catastro Antioquia"}},{"type":"Feature","geometry":{"type":"MultiPolygon","coordinates":[[[[-76.6738609,7.9670253],[-76.6718546,7.967435],[-76.6703669,7.9685503],[-76.6697766,7.9691344],[-76.6690461,7.9695647],[-76.6683139,7.9699961],[-76.6673499,7.9702531],[-76.6663118,7.9703311],[-76.6654359,7.9704046],[-76.6651976,7.9705092],[-76.664851,7.9691999],[-76.66442,7.9677404],[-76.6644339,7.9663267],[-76.6642739,7.9653382],[-76.6738609,7.9670253]]],[[[-76.6642739,7.9653382],[-76.6652449,7.9654914],[-76.665903,7.9653904],[-76.6660314,7.9653816],[-76.6665055,7.9653491],[-76.6670848,7.9653675],[-76.6674694,7.9653537],[-76.667919,7.9652803],[-76.6684334,7.9651242],[-76.6693649,7.9648351],[-76.6700091,7.9646194],[-76.6709267,7.9645459],[-76.671743,7.9645258],[-76.672229,7.9645138],[-76.6722383,7.9648672],[-76.6725442,7.9648856],[-76.6725442,7.9650554],[-76.6728917,7.9650554],[-76.6728917,7.9652252],[-76.673574,7.965232],[-76.6738609,7.9670253],[-76.6642739,7.9653382]]]]},"properties":{"osm_id":12045813,"osm_type":"relation","uso_osm":"orchard","name":"Bananera de Urabá","source":"Catastro Antioquia"}},{"type":"Feature","geometry":{"type":"MultiPolygon","coordinates":[[[[-76.6642739,7.9653382],[-76.6645004,7.964466],[-76.6646834,7.9589971],[-76.6651097,7.9553253],[-76.6654619,7.9532874],[-76.6667781,7.9470818],[-76.6685308,7.9376672],[-76.6642739,7.9653382]]],[[[-76.6615119,7.9365953],[-76.6471423,7.9342149],[-76.6343001,7.9320629],[-76.6243992,7.9304447],[-76.6240992,7.930595],[-76.6220257,7.9331559],[-76.624936,7.9470661],[-76.627983,7.9578817],[-76.6286807,7.9603583],[-76.6292293,7.9635062],[-76.6304603,7.9677387],[-76.6337971,7.9642872],[-76.6352015,7.9631441],[-76.638531,7.9644943],[-76.6615119,7.9365953]]],[[[-76.638531,7.9644943],[-76.6384569,7.9676878],[-76.6388391,7.9682802],[-76.6408688,7.9714265],[-76.6403099,7.9731773],[-76.6364818,7.9746919],[-76.6324985,7.9760952],[-76.6337056,7.9800143],[-76.6424607,7.9761406],[-76.6427052,7.979757],[-76.6385682,7.9808493],[-76.6381596,7.9800824],[-76.6340835,7.981799],[-76.6352524,7.986061],[-76.6390599,7.9862771],[-76.6400848,7.9869971],[-76.6416605,7.9879334],[-76.6429953,7.9873826],[-76.6437182,7.9878416],[-76.6446637,7.9886677],[-76.645294,7.9885576],[-76.6452754,7.9870155],[-76.6456276,7.9865749],[-76.6469067,7.9869421],[-76.6479634,7.987401],[-76.6489088,7.9858406],[-76.6498913,7.9855468],[-76.6505958,7.9855468],[-76.6505031,7.9841333],[-76.6513187,7.9837478],[-76.6532837,7.985143],[-76.6542662,7.9857304],[-76.656361,7.9859507],[-76.658567,7.9852715],[-76.6591417,7.9847024],[-76.6592168,7.9810881],[-76.6588855,7.9809474],[-76.6589552,7.9800815],[-76.6592717,7.9799806],[-76.6592715,7.9780415],[-76.6592715,7.9778364],[-76.6593456,7.9747338],[-76.6612706,7.9746439],[-76.6650366,7.9747089],[-76.6650705,7.9739283],[-76.6651016,7.9727226],[-76.6651436,7.9713019],[-76.6651469,7.9706901],[-76.6651338,7.9704516],[-76.6649519,7.9697554],[-76.664716,7.9688646],[-76.6644587,7.9680062],[-76.6643786,7.9677425],[-76.6643839,7.9675108],[-76.6643895,7.9663948],[-76.6643805,7.9661359],[-76.6642739,7.9653382],[-76.638531,7.9644943]]]]},"properties":{"osm_id":12045814,"osm_type":"relation","uso_osm":"orchard","name":"Bananera","source":"Bing"}},{"type":"Feature","geometry":{"type":"MultiPolygon","coordinates":[[[[-76.6613811,7.9364521],[-76.6514162,7.9347438],[-76.6427944,7.9332871],[-76.6274416,7.9306983],[-76.6272324,7.9303636],[-76.6271003,7.9301523],[-76.6265657,7.9294422],[-76.6263025,7.9289215],[-76.6273272,7.9284375],[-76.6269015,7.9273446],[-76.6285756,7.9257659],[-76.6286083,7.9255095],[-76.6276562,7.9256749],[-76.6273858,7.9251557],[-76.6283151,7.9233522],[-76.6287167,7.9235109],[-76.6292615,7.9237261],[-76.6294674,7.923797],[-76.6303953,7.923868],[-76.6306443,7.9235962],[-76.6308509,7.9231115],[-76.6307368,7.9224459],[-76.6310231,7.9218899],[-76.6314023,7.9217395],[-76.6327077,7.9226206],[-76.6333479,7.9234699],[-76.633909,7.9234432],[-76.6342051,7.9237368],[-76.6347597,7.9238981],[-76.6353752,7.9232474],[-76.6358512,7.9232767],[-76.6364702,7.9238941],[-76.636779,7.9240731],[-76.6375114,7.9233596],[-76.6379185,7.9232896],[-76.6383905,7.9238006],[-76.6390144,7.9241105],[-76.6395494,7.9240036],[-76.6400774,7.9238],[-76.6410612,7.9226312],[-76.6418522,7.9235136],[-76.6423976,7.9236012],[-76.6428606,7.9233789],[-76.6430205,7.9229875],[-76.6427675,7.9227545],[-76.6426802,7.9224737],[-76.6431721,7.9217779],[-76.6437122,7.9215215],[-76.6441844,7.9222781],[-76.6446002,7.9225692],[-76.6454384,7.922483],[-76.6461404,7.9220341],[-76.6465285,7.9221688],[-76.6469065,7.9220945],[-76.6470565,7.9213126],[-76.6475906,7.9206277],[-76.6474387,7.9197462],[-76.6490474,7.9176151],[-76.6613811,7.9364521]]],[[[-76.6490474,7.9176151],[-76.6503853,7.9170996],[-76.6509075,7.9178239],[-76.6529371,7.9173069],[-76.6533769,7.9168603],[-76.6532867,7.916339],[-76.6533452,7.9159163],[-76.6542366,7.9159926],[-76.655493,7.9164488],[-76.6560016,7.916384],[-76.6563327,7.9157907],[-76.6571885,7.915763],[-76.6577508,7.9157543],[-76.6581613,7.915599],[-76.6584696,7.9151355],[-76.6587867,7.9150995],[-76.6599531,7.9153893],[-76.6612341,7.9165901],[-76.6630256,7.9164427],[-76.6634622,7.9179575],[-76.6651531,7.9187884],[-76.6633949,7.9261709],[-76.6623693,7.9314214],[-76.6613811,7.9364521],[-76.6490474,7.9176151]]]]},"properties":{"osm_id":12045815,"osm_type":"relation","uso_osm":"orchard","name":"","source":"Bing low resolution"}},{"type":"Feature","geometry":{"type":"MultiPolygon","coordinates":[[[[-76.6685308,7.9376672],[-76.6720766,7.9381568],[-76.673583,7.9380742],[-76.682872,7.937014],[-76.6826827,7.9352247],[-76.6818422,7.9338561],[-76.6801432,7.9314772],[-76.6800182,7.93141],[-76.6802298,7.9308567],[-76.6809486,7.93041],[-76.6792999,7.9289679],[-76.6778539,7.9281094],[-76.6777435,7.9290548],[-76.6788584,7.9296599],[-76.6792623,7.9301668],[-76.6792008,7.9305546],[-76.6796522,7.9309509],[-76.6798232,7.9314447],[-76.6797267,7.9314293],[-76.6795031,7.9313936],[-76.6787458,7.9298818],[-76.6776542,7.9292485],[-76.6770112,7.9279704],[-76.6760363,7.927156],[-76.6746865,7.9264137],[-76.6736727,7.9258009],[-76.6724827,7.925224],[-76.6720316,7.9247751],[-76.6707361,7.9242628],[-76.6702897,7.924282],[-76.6689149,7.9237163],[-76.6681488,7.9234842],[-76.6685308,7.9376672]]],[[[-76.6681488,7.9234842],[-76.6682702,7.9223429],[-76.6676491,7.9211543],[-76.6666379,7.9202594],[-76.665675,7.9197576],[-76.6652189,7.9186902],[-76.6633872,7.9273817],[-76.6614889,7.9364835],[-76.6658286,7.9371402],[-76.6658666,7.9360353],[-76.6675549,7.9371904],[-76.6674136,7.9359826],[-76.6676326,7.9360355],[-76.6680103,7.9367821],[-76.6684789,7.9366804],[-76.6686595,7.9371704],[-76.6685308,7.9376672],[-76.6681488,7.9234842]]]]},"properties":{"osm_id":12045816,"osm_type":"relation","uso_osm":"orchard","name":"","source":"Bing low resolution"}},{"type":"Feature","geometry":{"type":"MultiPolygon","coordinates":[[[[-76.709275,7.9340791],[-76.7114734,7.9331662],[-76.7107154,7.9327909],[-76.709275,7.9340791]]],[[[-76.7107154,7.9327909],[-76.7114065,7.931996],[-76.7126103,7.9318194],[-76.7133906,7.9323714],[-76.7134977,7.9323132],[-76.7147664,7.9316232],[-76.7162706,7.9308224],[-76.7178552,7.9326941],[-76.7197952,7.9358099],[-76.7244821,7.9380974],[-76.7208982,7.9388122],[-76.7174882,7.9390816],[-76.7143422,7.9386142],[-76.7120351,7.936537],[-76.7105167,7.9351849],[-76.7107154,7.9327909]]]]},"properties":{"osm_id":12045817,"osm_type":"relation","uso_osm":"residential","name":"Nueva Colonia"}},{"type":"Feature","geometry":{"type":"MultiPolygon","coordinates":[[[[-76.7139874,7.9568517],[-76.7140931,7.9565618],[-76.7141205,7.9563469],[-76.714028,7.9559982],[-76.7138221,7.955548],[-76.7139874,7.9568517]]],[[[-76.7167142,7.9506978],[-76.7170862,7.9519214],[-76.7176058,7.9520251],[-76.7181291,7.9526863],[-76.7189916,7.9529436],[-76.7192731,7.9529543],[-76.7191684,7.9542124],[-76.7168011,7.9546591],[-76.7171259,7.9552203],[-76.7162201,7.9554704],[-76.7145998,7.9556599],[-76.7138221,7.955548],[-76.7167142,7.9506978]]],[[[-76.7167142,7.9506978],[-76.7167461,7.9507158],[-76.7168668,7.9507503],[-76.7169312,7.9507583],[-76.7171404,7.9507397],[-76.7172933,7.9507397],[-76.7173764,7.9508645],[-76.7174032,7.9509283],[-76.7175266,7.9509787],[-76.7176446,7.9509761],[-76.71776,7.950915],[-76.7179209,7.9508433],[-76.717988,7.9507981],[-76.7181221,7.9507583],[-76.7181703,7.9507104],[-76.7167142,7.9506978]]],[[[-76.7181972,7.950559],[-76.7180785,7.9502203],[-76.717532,7.9488456],[-76.7181972,7.950559]]],[[[-76.717532,7.9488456],[-76.7173815,7.948418],[-76.7163945,7.9483769],[-76.7161506,7.9484498],[-76.717532,7.9488456]]],[[[-76.7161506,7.9484498],[-76.7160595,7.9484445],[-76.7151582,7.9484286],[-76.7146272,7.9484817],[-76.7142516,7.9485667],[-76.7138919,7.9485954],[-76.7161506,7.9484498]]],[[[-76.714249,7.9457495],[-76.71432,7.945642],[-76.7142503,7.9455357],[-76.7142409,7.9454321],[-76.7144126,7.9441092],[-76.714249,7.9457495]]],[[[-76.7089891,7.9386528],[-76.7095095,7.9389078],[-76.7106146,7.9395188],[-76.7111778,7.9399279],[-76.7117518,7.9403742],[-76.7119128,7.9405282],[-76.7121112,7.9407222],[-76.7124116,7.9410914],[-76.7127147,7.9414846],[-76.7130849,7.9419521],[-76.7133826,7.9422178],[-76.7142302,7.9429563],[-76.7144287,7.9432007],[-76.7144904,7.943299],[-76.7145011,7.9433999],[-76.7144126,7.9441092],[-76.7089891,7.9386528]]],[[[-76.7094137,7.937359],[-76.7093566,7.9374414],[-76.7092788,7.9375875],[-76.709244,7.9377256],[-76.7089891,7.9386528],[-76.7094137,7.937359]]],[[[-76.7105167,7.9351849],[-76.7087846,7.9368203],[-76.7094137,7.937359],[-76.7105167,7.9351849]]],[[[-76.6740792,7.9380795],[-76.6858084,7.9367464],[-76.6940732,7.9358071],[-76.6975838,7.9354294],[-76.7001814,7.9351406],[-76.7004245,7.9351136],[-76.7084781,7.9342181],[-76.7091199,7.9341181],[-76.709275,7.9340791],[-76.6740792,7.9380795]]],[[[-76.6685308,7.9376672],[-76.6706045,7.9380706],[-76.6714326,7.9382003],[-76.6720202,7.9382524],[-76.6726212,7.9382452],[-76.6739918,7.9380894],[-76.6685308,7.9376672]]],[[[-76.6642739,7.9653382],[-76.6645004,7.964466],[-76.6646834,7.9589971],[-76.6651097,7.9553253],[-76.6654619,7.9532874],[-76.6667781,7.9470818],[-76.6685308,7.9376672],[-76.6642739,7.9653382]]],[[[-76.6642739,7.9653382],[-76.6652449,7.9654914],[-76.665903,7.9653904],[-76.6660314,7.9653816],[-76.6665055,7.9653491],[-76.6670848,7.9653675],[-76.6674694,7.9653537],[-76.667919,7.9652803],[-76.6684334,7.9651242],[-76.6693649,7.9648351],[-76.6700091,7.9646194],[-76.6709267,7.9645459],[-76.671743,7.9645258],[-76.672229,7.9645138],[-76.6722383,7.9648672],[-76.6725442,7.9648856],[-76.6725442,7.9650554],[-76.6728917,7.9650554],[-76.6728917,7.9652252],[-76.673574,7.965232],[-76.6738609,7.9670253],[-76.6642739,7.9653382]]],[[[-76.6738609,7.9670253],[-76.6739021,7.9680617],[-76.6777922,7.9768323],[-76.6738609,7.9670253]]],[[[-76.6777922,7.9768323],[-76.6781384,7.9790142],[-76.6782497,7.979565],[-76.6788429,7.9796751],[-76.6788799,7.9804094],[-76.6819943,7.9822085],[-76.6819943,7.9861372],[-76.6777922,7.9768323]]],[[[-76.6704723,7.9978268],[-76.6718083,7.9968377],[-76.6733288,7.9964223],[-76.6754262,7.9964223],[-76.6766845,7.9975646],[-76.6823048,7.9947672],[-76.6704723,7.9978268]]],[[[-76.6704723,7.9978268],[-76.6710715,7.9982473],[-76.6712022,7.9988128],[-76.6708945,7.9992893],[-76.6704593,7.9996265],[-76.6702837,8.0000276],[-76.6702641,8.0004093],[-76.6704391,8.0006863],[-76.6706607,8.0009144],[-76.6711174,8.001213],[-76.6714918,8.001329],[-76.6718466,8.0013072],[-76.6725835,8.0014785],[-76.6729192,8.0017051],[-76.6730964,8.0020693],[-76.6729688,8.0025336],[-76.6717993,8.0031011],[-76.6715995,8.0033626],[-76.6716479,8.0036848],[-76.6720159,8.0040924],[-76.673632,8.0046616],[-76.6739834,8.0049042],[-76.6704723,7.9978268]]],[[[-76.6739834,8.0049042],[-76.6729422,8.0075106],[-76.6725159,8.0080063],[-76.6717413,8.0115458],[-76.6716888,8.016011],[-76.6714267,8.0242144],[-76.6696855,8.0310599],[-76.6739834,8.0049042]]],[[[-76.667945,8.0331447],[-76.6718312,8.0313156],[-76.671463,8.0312145],[-76.6712905,8.0311671],[-76.6706375,8.031251],[-76.6696855,8.0310599],[-76.667945,8.0331447]]],[[[-76.6623949,8.0331284],[-76.6623478,8.0328551],[-76.6636253,8.0323584],[-76.6640367,8.0324442],[-76.6649208,8.0321726],[-76.6651662,8.0322155],[-76.6655235,8.0325121],[-76.6660972,8.0328194],[-76.6670572,8.0330266],[-76.6670608,8.0333911],[-76.6649966,8.0353815],[-76.6647801,8.0358674],[-76.6650809,8.0360913],[-76.6652526,8.0358193],[-76.6653169,8.0354156],[-76.6675957,8.0334482],[-76.667945,8.0331447],[-76.6623949,8.0331284]]],[[[-76.6623949,8.0331284],[-76.6608851,8.0329597],[-76.6606826,8.032981],[-76.6605471,8.0330593],[-76.6604157,8.0330965],[-76.6602038,8.0330832],[-76.6599999,8.0329627],[-76.6598806,8.0329219],[-76.6598058,8.0329295],[-76.6597304,8.0329783],[-76.6595829,8.0330978],[-76.6623949,8.0331284]]],[[[-76.6534496,8.047741],[-76.6543517,8.0476902],[-76.6543016,8.0469719],[-76.6537179,8.0469868],[-76.6537115,8.0468657],[-76.6545548,8.0468125],[-76.6546149,8.0461943],[-76.6542372,8.0461582],[-76.6543188,8.0460328],[-76.6542093,8.0459436],[-76.6540827,8.0459563],[-76.6539068,8.0458735],[-76.6539613,8.0445196],[-76.6541604,8.0444412],[-76.6537138,8.0429985],[-76.6543467,8.0430591],[-76.6544156,8.0419929],[-76.6541425,8.0419929],[-76.6541655,8.04148],[-76.6538312,8.0414497],[-76.6535708,8.0389845],[-76.6557488,8.0393391],[-76.6555638,8.0416763],[-76.656365,8.0417495],[-76.656439,8.0408172],[-76.6568524,8.0402815],[-76.6570897,8.0401476],[-76.6590201,8.0393125],[-76.6589807,8.0395469],[-76.6596392,8.039625],[-76.6596999,8.0391953],[-76.6621396,8.0376692],[-76.6622154,8.0376259],[-76.6623283,8.0375471],[-76.6612674,8.0374971],[-76.6613208,8.0359911],[-76.6615964,8.0356525],[-76.6620761,8.0357485],[-76.6619945,8.0365874],[-76.6626784,8.0366076],[-76.6628264,8.0357991],[-76.6631836,8.0356222],[-76.6629781,8.0350398],[-76.6626626,8.0350155],[-76.6620269,8.0355804],[-76.6616541,8.0338554],[-76.6595382,8.0337286],[-76.6595829,8.0330978],[-76.6534496,8.047741]]],[[[-76.6550717,8.0522003],[-76.6546929,8.0507613],[-76.6545138,8.0502539],[-76.6534496,8.047741],[-76.6550717,8.0522003]]],[[[-76.6550717,8.0522003],[-76.6554758,8.0513481],[-76.6555877,8.0508372],[-76.6559702,8.0508586],[-76.6560352,8.0526488],[-76.6560316,8.0542174],[-76.6563816,8.0540816],[-76.6565765,8.0544389],[-76.6565693,8.0547784],[-76.6560857,8.0549213],[-76.6561073,8.0553036],[-76.6581751,8.0554573],[-76.6583222,8.0530311],[-76.6550717,8.0522003]]],[[[-76.6590826,8.0511123],[-76.6588157,8.0510884],[-76.658408,8.0510593],[-76.6590826,8.0511123]]],[[[-76.6589753,8.0555581],[-76.6590799,8.0537535],[-76.6591094,8.0531055],[-76.6590826,8.0511123],[-76.6589753,8.0555581]]],[[[-76.6589753,8.0555581],[-76.6578048,8.0557873],[-76.657646,8.0555238],[-76.6563371,8.0554558],[-76.6565388,8.056004],[-76.6561161,8.0561012],[-76.6589753,8.0555581]]],[[[-76.6570909,8.059059],[-76.6568731,8.0584074],[-76.6561161,8.0561012],[-76.6570909,8.059059]]],[[[-76.6570909,8.059059],[-76.6613814,8.0600287],[-76.661284,8.0601644],[-76.6609809,8.0603395],[-76.6608942,8.0613579],[-76.6603277,8.0615579],[-76.6605225,8.061976],[-76.6603349,8.062051],[-76.6603846,8.0625091],[-76.6570909,8.059059]]],[[[-76.6609047,8.0623393],[-76.6604685,8.0624817],[-76.6603846,8.0625091],[-76.6609047,8.0623393]]],[[[-76.6613474,8.0636956],[-76.6612525,8.0633818],[-76.6610879,8.0628885],[-76.6609047,8.0623393],[-76.6613474,8.0636956]]],[[[-76.6613474,8.0636956],[-76.6620112,8.063465],[-76.6626633,8.0629701],[-76.6626406,8.0628573],[-76.6634236,8.0629934],[-76.6635089,8.0635117],[-76.6637836,8.0636817],[-76.6642685,8.0634607],[-76.6644402,8.0634735],[-76.6646349,8.0636885],[-76.6672631,8.0632915],[-76.6683652,8.0631379],[-76.6704083,8.0636748],[-76.6713558,8.0637259],[-76.6720344,8.0635623],[-76.6721637,8.0636929],[-76.6721411,8.0650666],[-76.6733856,8.0654278],[-76.67342,8.0637664],[-76.6748362,8.0640468],[-76.6755185,8.0642975],[-76.6766086,8.0645652],[-76.6774058,8.0612977],[-76.6613474,8.0636956]]],[[[-76.6794727,8.063206],[-76.6793078,8.0632026],[-76.6792503,8.0631806],[-76.6791516,8.0631428],[-76.679045,8.062935],[-76.678534,8.0614272],[-76.6783784,8.0613077],[-76.6781652,8.0612732],[-76.6777562,8.0612944],[-76.6774058,8.0612977],[-76.6794727,8.063206]]],[[[-76.6794727,8.063206],[-76.6798874,8.0670373],[-76.6803999,8.0670302],[-76.6808762,8.0706746],[-76.6815474,8.0709247],[-76.6811794,8.0675733],[-76.6814464,8.0677162],[-76.6820382,8.0676947],[-76.6821136,8.0690344],[-76.6827056,8.0689889],[-76.6828689,8.0694386],[-76.6820013,8.070338],[-76.6823637,8.0702774],[-76.68243,8.0707473],[-76.6832313,8.0707928],[-76.6841973,8.0700383],[-76.6841754,8.0697165],[-76.6838131,8.0693022],[-76.6845735,8.0687312],[-76.686363,8.0687411],[-76.686373,8.0673226],[-76.6862149,8.0666551],[-76.6854275,8.067662],[-76.6846877,8.0676156],[-76.6845453,8.0666563],[-76.6836062,8.0675304],[-76.6829172,8.0678589],[-76.6822793,8.0675608],[-76.682116,8.067293],[-76.6819731,8.0667573],[-76.6821313,8.0664946],[-76.6818047,8.0644077],[-76.6829938,8.0646351],[-76.6837783,8.0627351],[-76.684259,8.0629391],[-76.6835637,8.0646684],[-76.6839929,8.0648257],[-76.6836281,8.0658582],[-76.6845637,8.0662916],[-76.6851945,8.0654035],[-76.6853447,8.0636572],[-76.687697,8.0646632],[-76.6874481,8.0651434],[-76.6896711,8.0652666],[-76.6907268,8.0663458],[-76.6908384,8.0667028],[-76.6920443,8.0651943],[-76.6925593,8.0654238],[-76.6933533,8.0642893],[-76.6942759,8.0642765],[-76.6944519,8.0652411],[-76.6955977,8.0652028],[-76.6952501,8.0673231],[-76.6949025,8.0673231],[-76.6949325,8.0669025],[-76.694233,8.066877],[-76.6941901,8.0675016],[-76.6935335,8.0674931],[-76.6935078,8.0670724],[-76.6933576,8.0670469],[-76.6931516,8.0673954],[-76.6927524,8.0672934],[-76.6927044,8.0668766],[-76.6931411,8.0667658],[-76.6932891,8.0662763],[-76.6935272,8.0662478],[-76.6935344,8.0668409],[-76.6939675,8.0668587],[-76.694,8.0660298],[-76.6928452,8.0658797],[-76.6926647,8.0668436],[-76.6921215,8.0668045],[-76.6918362,8.0670689],[-76.6914723,8.0670274],[-76.6914759,8.0667594],[-76.6901226,8.0667416],[-76.6902056,8.0676384],[-76.6900468,8.0679778],[-76.690036,8.0684673],[-76.6905881,8.0684352],[-76.6905376,8.0679814],[-76.6909273,8.0676598],[-76.690931,8.0679564],[-76.6914037,8.068135],[-76.6914975,8.0676563],[-76.6917718,8.0675205],[-76.6932586,8.068478],[-76.6935834,8.0682351],[-76.6942582,8.0682601],[-76.6943087,8.0691569],[-76.6952217,8.0691891],[-76.6951387,8.0681743],[-76.6959868,8.068328],[-76.6979391,8.0689568],[-76.6985021,8.0690962],[-76.6993331,8.069057],[-76.6794727,8.063206]]],[[[-76.6993331,8.069057],[-76.6993466,8.0682616],[-76.6995451,8.0669099],[-76.6993331,8.069057]]],[[[-76.6995451,8.0669099],[-76.7003669,8.06692],[-76.7007313,8.0657087],[-76.7007169,8.065212],[-76.7010706,8.0636971],[-76.7021207,8.0635899],[-76.7039826,8.0639575],[-76.7029628,8.0619448],[-76.7030551,8.0619841],[-76.7034248,8.0621414],[-76.7039212,8.0626097],[-76.7041688,8.0626996],[-76.703764,8.0617162],[-76.7040186,8.0614193],[-76.7042965,8.0612835],[-76.7044733,8.0617659],[-76.704827,8.0616765],[-76.7041447,8.0600572],[-76.7052524,8.0589034],[-76.7061954,8.0582038],[-76.7060414,8.0571438],[-76.7057262,8.056292],[-76.7040192,8.0566337],[-76.7037487,8.0562193],[-76.7049251,8.0560854],[-76.7056192,8.0559111],[-76.705229,8.0545653],[-76.7037603,8.0550048],[-76.7032169,8.0530978],[-76.7028287,8.0532275],[-76.7029379,8.0529331],[-76.7032505,8.0527047],[-76.7032535,8.0524824],[-76.7032171,8.052239],[-76.7039909,8.0519956],[-76.7035934,8.0513586],[-76.7052705,8.0512058],[-76.705386,8.0509021],[-76.7062016,8.0506877],[-76.7060717,8.0495943],[-76.7069305,8.0494156],[-76.7066903,8.0476644],[-76.6995451,8.0669099]]],[[[-76.7066903,8.0476644],[-76.7097241,8.048341],[-76.7109686,8.0484313],[-76.7114675,8.0483596],[-76.7128113,8.0479666],[-76.7066903,8.0476644]]],[[[-76.7128314,8.0478524],[-76.7128207,8.0478019],[-76.7127255,8.0477594],[-76.7126638,8.0476001],[-76.7125377,8.0474699],[-76.7123821,8.0472867],[-76.7128314,8.0478524]]],[[[-76.7123821,8.0472867],[-76.712122,8.0468989],[-76.711736,8.0463472],[-76.7123821,8.0472867]]],[[[-76.7132871,8.0446072],[-76.71397,8.0453665],[-76.7143106,8.0458632],[-76.7132871,8.0446072]]],[[[-76.7115106,8.0404772],[-76.7119825,8.0410535],[-76.7135516,8.0428727],[-76.7137903,8.0431755],[-76.7139646,8.0433667],[-76.7141551,8.04355],[-76.7142382,8.0437306],[-76.7143133,8.0438687],[-76.7143536,8.0440015],[-76.7144421,8.0441289],[-76.7145574,8.0442484],[-76.7146754,8.0444078],[-76.7115106,8.0404772]]],[[[-76.7191094,8.0350446],[-76.7201723,8.0381151],[-76.7192767,8.0383845],[-76.7189635,8.038716],[-76.7185343,8.0389922],[-76.718213,8.0393939],[-76.7140548,8.0388098],[-76.7119653,8.0405107],[-76.7115106,8.0404772],[-76.7191094,8.0350446]]],[[[-76.7220575,8.0294343],[-76.7213349,8.0312325],[-76.72031,8.031204],[-76.7201801,8.0326369],[-76.7210606,8.0330907],[-76.7210173,8.0339018],[-76.7206421,8.0350064],[-76.7220575,8.0294343]]],[[[-76.7150429,8.027863],[-76.7170619,8.0280117],[-76.7175845,8.0280363],[-76.7181071,8.0280363],[-76.7185799,8.0280856],[-76.7191274,8.0281595],[-76.7196002,8.0282088],[-76.7200979,8.0282335],[-76.7208445,8.0286524],[-76.7212675,8.0289481],[-76.7220575,8.0294343],[-76.7150429,8.027863]]],[[[-76.7206237,8.0238045],[-76.7155284,8.0234449],[-76.7153567,8.0235325],[-76.7206237,8.0238045]]],[[[-76.7206237,8.0238045],[-76.7197653,8.0212808],[-76.7187525,8.0219522],[-76.7183901,8.0207229],[-76.7206237,8.0238045]]],[[[-76.7183901,8.0207229],[-76.7189171,8.0204042],[-76.7204958,8.0192787],[-76.7207765,8.0191335],[-76.7210866,8.0189577],[-76.7212563,8.0188275],[-76.7237976,8.0167654],[-76.7244658,8.0161773],[-76.7247643,8.0160091],[-76.725688,8.0153297],[-76.7265642,8.0147699],[-76.726642,8.0147321],[-76.7183901,8.0207229]]],[[[-76.7320347,8.0088688],[-76.7331815,8.0093106],[-76.7339623,8.0132323],[-76.7342827,8.0138416],[-76.733948,8.0140328],[-76.7337119,8.0137438],[-76.7334587,8.0136928],[-76.7328279,8.0140626],[-76.7321155,8.0140668],[-76.7309654,8.0143218],[-76.7284291,8.014309],[-76.7279656,8.014309],[-76.726642,8.0147321],[-76.7320347,8.0088688]]],[[[-76.7218954,8.0070223],[-76.7228293,8.0075089],[-76.722916,8.0075646],[-76.7231351,8.0077054],[-76.7234302,8.0079285],[-76.7236394,8.008072],[-76.723913,8.0081623],[-76.7244977,8.0081516],[-76.72494,8.0081648],[-76.7255652,8.0081835],[-76.7265254,8.0082419],[-76.7269385,8.0081888],[-76.7273408,8.0082207],[-76.7277539,8.0083801],[-76.7284352,8.0085235],[-76.728859,8.0086032],[-76.7291701,8.0087519],[-76.7295027,8.008906],[-76.7296261,8.0089697],[-76.7299211,8.0090388],[-76.7303985,8.00906],[-76.7310262,8.0089697],[-76.7320347,8.0088688],[-76.7218954,8.0070223]]],[[[-76.7230784,7.9683878],[-76.7233965,7.9707122],[-76.7304246,7.9710428],[-76.7296477,7.9731885],[-76.7279787,7.9726656],[-76.7268438,7.9726476],[-76.725447,7.9777973],[-76.7237304,7.9777507],[-76.7232608,7.9788424],[-76.7268894,7.9789738],[-76.7266394,7.97956],[-76.7265832,7.9800907],[-76.7261341,7.9809196],[-76.7255268,7.9814503],[-76.725144,7.9817384],[-76.7252002,7.9820719],[-76.7260065,7.9821023],[-76.7258841,7.9831232],[-76.7260627,7.9833051],[-76.7259555,7.9845434],[-76.7260525,7.9847],[-76.7264201,7.9871446],[-76.7251243,7.9875031],[-76.7260083,7.9904611],[-76.7264503,7.9903695],[-76.7272829,7.9923712],[-76.727343,7.9932934],[-76.726077,7.9934294],[-76.7262229,7.9948744],[-76.7260512,7.9967145],[-76.7280498,7.9978596],[-76.7291301,7.9988693],[-76.7274004,7.9988332],[-76.7250152,8.0039358],[-76.7243719,8.0039418],[-76.7234433,8.0042844],[-76.7218954,8.0070223],[-76.7230784,7.9683878]]],[[[-76.7212642,7.962227],[-76.72208,7.9651453],[-76.7228996,7.964886],[-76.7237717,7.968336],[-76.7212642,7.962227]]],[[[-76.7212642,7.962227],[-76.7201496,7.9629534],[-76.7186614,7.9638397],[-76.7184239,7.9639338],[-76.7212642,7.962227]]],[[[-76.7139874,7.9568517],[-76.7144049,7.9568786],[-76.7157365,7.9568],[-76.7166567,7.9564283],[-76.7175872,7.9559656],[-76.7179789,7.9568927],[-76.7171565,7.9574577],[-76.7161885,7.9577462],[-76.7160337,7.9600363],[-76.7159336,7.9602046],[-76.7154511,7.9595765],[-76.7148477,7.9585646],[-76.7144002,7.9582787],[-76.7140249,7.9590506],[-76.7140648,7.9598558],[-76.713728,7.9599317],[-76.7135749,7.9609324],[-76.7136106,7.9615137],[-76.7153203,7.96071],[-76.7154141,7.9618397],[-76.715959,7.9617575],[-76.7158977,7.9605066],[-76.7160962,7.9604673],[-76.7162477,7.961779],[-76.7164679,7.9617111],[-76.7165076,7.9621649],[-76.7174458,7.961779],[-76.716844,7.95998],[-76.7177543,7.959421],[-76.7184239,7.9639338],[-76.7139874,7.9568517]],[[-76.7214513,7.9855621],[-76.7204874,7.9809359],[-76.7094159,7.985706],[-76.7090681,7.9858558],[-76.7118087,7.9885173],[-76.7125532,7.9892337],[-76.7214513,7.9855621]],[[-76.6742056,8.0622737],[-76.6740174,8.0623518],[-76.6733445,8.0623523],[-76.6733831,8.0613601],[-76.6740612,8.0614238],[-76.6745011,8.0615726],[-76.6742056,8.0622737]],[[-76.67343,8.0589898],[-76.6719323,8.0588623],[-76.6718035,8.0609189],[-76.6732798,8.0610251],[-76.67343,8.0589898]],[[-76.6949936,8.0581632],[-76.6947963,8.057388],[-76.6949238,8.0570575],[-76.6950968,8.0569494],[-76.6965139,8.0570155],[-76.6972427,8.0568152],[-76.6970389,8.0559158],[-76.696872,8.0542692],[-76.6960193,8.0541671],[-76.6959282,8.0536563],[-76.693537,8.0536984],[-76.6937373,8.0552307],[-76.6937438,8.0556549],[-76.6937555,8.0564175],[-76.6938586,8.0564867],[-76.6938457,8.0567464],[-76.6934617,8.0566529],[-76.6936376,8.0573285],[-76.693717,8.0579276],[-76.6941204,8.0580445],[-76.694277,8.0588178],[-76.6945152,8.0588518],[-76.6947148,8.0588029],[-76.694865,8.0586032],[-76.6949936,8.0581632]]]]},"properties":{"osm_id":12045818,"osm_type":"relation","uso_osm":"orchard","name":"Bananera"}},{"type":"Feature","geometry":{"type":"MultiPolygon","coordinates":[[[[-76.6848828,8.0933309],[-76.6839057,8.0924956],[-76.684197,8.0922733],[-76.6843426,8.0914982],[-76.685429,8.0907231],[-76.6863697,8.089311],[-76.686655,8.0891908],[-76.6873347,8.0898818],[-76.6868492,8.0908853],[-76.6866428,8.091384],[-76.6858235,8.0922253],[-76.6848828,8.0933309]]],[[[-76.6664254,8.0899376],[-76.6671206,8.0925888],[-76.6670777,8.0929033],[-76.667318,8.093668],[-76.6675669,8.0936383],[-76.6677214,8.0938635],[-76.6673695,8.0943262],[-76.6678784,8.0953694],[-76.6681779,8.0952015],[-76.6683656,8.0952694],[-76.6689141,8.0966806],[-76.6687986,8.0970522],[-76.6688455,8.0971987],[-76.6691739,8.0973737],[-76.6694373,8.0974059],[-76.6692668,8.0977687],[-76.6696191,8.0986697],[-76.670205,8.0987827],[-76.6704324,8.0996971],[-76.670142,8.0997608],[-76.6706889,8.100982],[-76.6732114,8.1003635],[-76.6730721,8.0992453],[-76.6747572,8.0985494],[-76.6735937,8.0960747],[-76.6747887,8.0957636],[-76.6756871,8.0963941],[-76.6759926,8.0964213],[-76.6762313,8.0964558],[-76.6766819,8.0963708],[-76.6768419,8.0961663],[-76.6779125,8.0963138],[-76.6782451,8.0959314],[-76.6789872,8.0960732],[-76.6810027,8.0954107],[-76.6810015,8.0948767],[-76.6814495,8.0944749],[-76.68192,8.0940403],[-76.6828667,8.0891433],[-76.6832673,8.0891133],[-76.6820171,8.087557],[-76.6664254,8.0899376]]],[[[-76.6724102,8.1050305],[-76.6711369,8.1021871],[-76.6717038,8.1019552],[-76.672234,8.1016155],[-76.673313,8.1012582],[-76.6732841,8.1010474],[-76.6734078,8.1010377],[-76.6741972,8.100976],[-76.6738038,8.1004186],[-76.6741142,8.1003614],[-76.6740167,8.0999041],[-76.6743956,8.0997005],[-76.675222,8.099604],[-76.6755071,8.0990074],[-76.6762614,8.0990503],[-76.6767624,8.0979133],[-76.6772418,8.0977886],[-76.677603,8.097664],[-76.6774072,8.0980455],[-76.6775847,8.0982979],[-76.6776166,8.0985622],[-76.6767533,8.099109],[-76.6766225,8.0991884],[-76.6766418,8.0996324],[-76.6755818,8.0996239],[-76.675998,8.1009835],[-76.676045,8.100937],[-76.6764894,8.100497],[-76.6767512,8.1011131],[-76.6764637,8.1016038],[-76.6764272,8.1018481],[-76.6765109,8.1019522],[-76.6768006,8.101897],[-76.6772254,8.1024939],[-76.6769379,8.1027297],[-76.6762448,8.1030866],[-76.6758459,8.1033692],[-76.6757615,8.1031939],[-76.6756452,8.1032488],[-76.6757295,8.103424],[-76.6757577,8.1035306],[-76.6724102,8.1050305]]]]},"properties":{"osm_id":12045944,"osm_type":"relation","uso_osm":"orchard","name":""}},{"type":"Feature","geometry":{"type":"Polygon","coordinates":[[[-76.673797,8.108104],[-76.6747346,8.1073439],[-76.6749349,8.1076083],[-76.6750472,8.1075662],[-76.6750563,8.1071607],[-76.6751959,8.1071517],[-76.6752596,8.1072538],[-76.6758878,8.1070555],[-76.6764382,8.1072156],[-76.6770783,8.107],[-76.6771775,8.1075272],[-76.6772078,8.1078667],[-76.6741308,8.1088731],[-76.673797,8.108104]]]},"properties":{"osm_id":12045945,"osm_type":"relation","uso_osm":"orchard","name":"Bananera"}},{"type":"Feature","geometry":{"type":"Polygon","coordinates":[[[-76.6751619,8.111221],[-76.6793922,8.1097989],[-76.6799973,8.1114856],[-76.6761607,8.1134272],[-76.6751619,8.111221]]]},"properties":{"osm_id":12045946,"osm_type":"relation","uso_osm":"orchard","name":"Bananera"}},{"type":"Feature","geometry":{"type":"MultiPolygon","coordinates":[[[[-76.6781601,8.1018772],[-76.67854,8.103388],[-76.6789406,8.104061],[-76.6789466,8.1045537],[-76.6805792,8.1046979],[-76.6824789,8.1036284],[-76.6841843,8.1018318],[-76.6849319,8.1048804],[-76.6848955,8.106731],[-76.6860122,8.1078245],[-76.6822421,8.1119691],[-76.6832236,8.1135125],[-76.6802067,8.1147844],[-76.6793669,8.1138103],[-76.6768559,8.1149471],[-76.6763082,8.1137497],[-76.6761607,8.1134272],[-76.6781601,8.1018772]]],[[[-76.6723761,8.1051259],[-76.6769609,8.1030081],[-76.6770507,8.1029616],[-76.6771192,8.1029178],[-76.6781601,8.1018772],[-76.6723761,8.1051259]]],[[[-76.673797,8.108104],[-76.6747346,8.1073439],[-76.6749349,8.1076083],[-76.6750472,8.1075662],[-76.6750563,8.1071607],[-76.6751959,8.1071517],[-76.6752596,8.1072538],[-76.6758878,8.1070555],[-76.6764382,8.1072156],[-76.6770783,8.107],[-76.6771775,8.1075272],[-76.6772078,8.1078667],[-76.6741308,8.1088731],[-76.673797,8.108104]]],[[[-76.6751619,8.111221],[-76.6793922,8.1097989],[-76.6799973,8.1114856],[-76.6761607,8.1134272],[-76.6751619,8.111221]]]]},"properties":{"osm_id":12045947,"osm_type":"relation","uso_osm":"orchard","name":"Palma de Aceite"}},{"type":"Feature","geometry":{"type":"MultiPolygon","coordinates":[[[[-76.6848607,8.1233426],[-76.6846922,8.1232209],[-76.6843102,8.1234803],[-76.6848607,8.1233426]]],[[[-76.6843102,8.1234803],[-76.6839506,8.1230566],[-76.6820578,8.1247087],[-76.6816211,8.1243229],[-76.6811731,8.1245752],[-76.6801601,8.1224406],[-76.6827829,8.1207178],[-76.6843102,8.1234803]]],[[[-76.6827829,8.1207178],[-76.682358,8.1202341],[-76.683548,8.11939],[-76.6868396,8.1156258],[-76.6876808,8.1157745],[-76.6881914,8.115902],[-76.6885305,8.1161696],[-76.6894943,8.1162798],[-76.6899234,8.1165177],[-76.6899363,8.1160971],[-76.6902582,8.1160419],[-76.6910478,8.1162416],[-76.6827829,8.1207178]]],[[[-76.6910478,8.1162416],[-76.6905644,8.1167971],[-76.69047,8.1173196],[-76.6902211,8.1176978],[-76.6897791,8.1179739],[-76.6897061,8.1182501],[-76.6901353,8.1188449],[-76.6899636,8.1201109],[-76.6910478,8.1162416]]],[[[-76.6899636,8.1201109],[-76.6890667,8.1211985],[-76.6888349,8.1214365],[-76.6887319,8.121993],[-76.6882084,8.1222904],[-76.6876505,8.1221502],[-76.6866849,8.1223966],[-76.6858182,8.1228011],[-76.6853884,8.1231564],[-76.6851539,8.1231636],[-76.6848607,8.1233426],[-76.6899636,8.1201109]]]]},"properties":{"osm_id":12045948,"osm_type":"relation","uso_osm":"orchard","name":"Palma de Aceite"}},{"type":"Feature","geometry":{"type":"MultiPolygon","coordinates":[[[[-76.6843102,8.1234803],[-76.6845841,8.1238473],[-76.685009,8.1234545],[-76.6848607,8.1233426],[-76.6843102,8.1234803]]],[[[-76.6848607,8.1233426],[-76.6846922,8.1232209],[-76.6843102,8.1234803],[-76.6848607,8.1233426]]]]},"properties":{"osm_id":12045949,"osm_type":"relation","uso_osm":"cemetery","name":"Cementerio El Dos"}},{"type":"Feature","geometry":{"type":"MultiPolygon","coordinates":[[[[-76.6895948,8.1253866],[-76.6904887,8.1250454],[-76.6910909,8.1248964],[-76.6915477,8.1248737],[-76.6918845,8.124952],[-76.6920615,8.1250882],[-76.692408,8.1252346],[-76.6925126,8.1257348],[-76.6927869,8.1258991],[-76.6933065,8.1262421],[-76.6933498,8.12646],[-76.692486,8.1268692],[-76.692049,8.1273919],[-76.691788,8.1275962],[-76.6915786,8.1275421],[-76.6915392,8.1272087],[-76.6911979,8.127107],[-76.6908889,8.1266014],[-76.6903654,8.1262361],[-76.6899662,8.1262106],[-76.689477,8.126491],[-76.6893311,8.1262785],[-76.6886788,8.1272769],[-76.6894652,8.1270437],[-76.6895826,8.127943],[-76.6894346,8.1284886],[-76.6887865,8.1293324],[-76.6882812,8.1294182],[-76.6878372,8.1292717],[-76.6869339,8.1284785],[-76.6863419,8.1282562],[-76.685806,8.1282158],[-76.6852803,8.1290747],[-76.685265,8.1297769],[-76.6850558,8.1299992],[-76.6846322,8.1300447],[-76.6842443,8.1299538],[-76.6837289,8.1296557],[-76.6830478,8.1294098],[-76.6837062,8.1289753],[-76.6840592,8.1279835],[-76.6858672,8.1270352],[-76.6842866,8.1266324],[-76.6846556,8.1264368],[-76.6877315,8.1259093],[-76.6895948,8.1253866]]],[[[-76.6920881,8.1249202],[-76.6918093,8.1248424],[-76.691427,8.1248018],[-76.6910902,8.1248138],[-76.6905925,8.124931],[-76.6895111,8.1252744],[-76.6886304,8.1239035],[-76.6891274,8.1221842],[-76.6914519,8.1209405],[-76.6913691,8.1201118],[-76.6899636,8.1201109],[-76.6920881,8.1249202]]],[[[-76.6910478,8.1162416],[-76.6905644,8.1167971],[-76.69047,8.1173196],[-76.6902211,8.1176978],[-76.6897791,8.1179739],[-76.6897061,8.1182501],[-76.6901353,8.1188449],[-76.6899636,8.1201109],[-76.6910478,8.1162416]]],[[[-76.6910478,8.1162416],[-76.6913159,8.1156295],[-76.6914877,8.1152373],[-76.6918033,8.1149969],[-76.6923104,8.1138719],[-76.6926591,8.1130983],[-76.6952688,8.1131163],[-76.6956876,8.1139695],[-76.696689,8.1148647],[-76.6967497,8.1153995],[-76.6970228,8.1153995],[-76.7048837,8.1110916],[-76.6910478,8.1162416]]],[[[-76.7051292,8.1093675],[-76.705077,8.1094885],[-76.704894,8.1110064],[-76.7048837,8.1110916],[-76.7051292,8.1093675]]],[[[-76.7086078,8.1085348],[-76.709316,8.1076921],[-76.7098805,8.1080946],[-76.7106027,8.1079504],[-76.711507,8.1070431],[-76.7101246,8.1053695],[-76.709601,8.1057688],[-76.7092534,8.105174],[-76.7074724,8.1065293],[-76.7078801,8.1069924],[-76.7061949,8.1082175],[-76.7059946,8.1076948],[-76.7035609,8.1075235],[-76.7034881,8.1072922],[-76.7033242,8.1072141],[-76.7022712,8.107151],[-76.7022257,8.1074875],[-76.6987211,8.1075278],[-76.6949402,8.109019],[-76.6953093,8.1083647],[-76.6958028,8.1079441],[-76.6960131,8.1073493],[-76.6959916,8.1065931],[-76.69936,8.1053485],[-76.6997136,8.1056271],[-76.7012203,8.1059001],[-76.7029379,8.105792],[-76.70295,8.1055396],[-76.7023006,8.1042658],[-76.7032232,8.1040074],[-76.7035266,8.1040074],[-76.7039939,8.1042959],[-76.7048674,8.1043824],[-76.7086078,8.1085348]]],[[[-76.7062945,8.1001823],[-76.7062452,8.100431],[-76.7059727,8.1009386],[-76.7047124,8.1032856],[-76.704656,8.1035737],[-76.7046944,8.103834],[-76.7048012,8.1041725],[-76.7048674,8.1043824],[-76.7062945,8.1001823]]],[[[-76.7062945,8.1001823],[-76.7084378,8.1000586],[-76.7091661,8.101056],[-76.7112478,8.10385],[-76.7114502,8.1044231],[-76.7112985,8.1045462],[-76.7118083,8.105051],[-76.7135714,8.1032844],[-76.7132892,8.102981],[-76.713805,8.1024042],[-76.7141297,8.1026025],[-76.7141631,8.1027046],[-76.7143664,8.1028849],[-76.7151517,8.1023001],[-76.7163255,8.1045181],[-76.7158938,8.1051264],[-76.7162543,8.1053304],[-76.7166062,8.1052794],[-76.7168508,8.1055088],[-76.7158938,8.1066687],[-76.7132158,8.107391],[-76.7131601,8.1082959],[-76.7135935,8.1084744],[-76.7138424,8.10881],[-76.7145205,8.108211],[-76.7149582,8.1081642],[-76.7158809,8.1070001],[-76.7173786,8.1053846],[-76.7175067,8.105629],[-76.7180647,8.1054255],[-76.7182795,8.1068842],[-76.7204145,8.1066819],[-76.7205733,8.1073192],[-76.7216805,8.1068561],[-76.7222341,8.1082422],[-76.7229611,8.1080266],[-76.723383,8.10928],[-76.7227007,8.1096198],[-76.7232672,8.1118461],[-76.7214119,8.1125034],[-76.7215454,8.1130742],[-76.7197519,8.1136089],[-76.7195031,8.1130291],[-76.7197277,8.112948],[-76.7196427,8.1125755],[-76.7192664,8.1124854],[-76.7190242,8.1125317],[-76.7190675,8.1130033],[-76.7183963,8.1130676],[-76.7180426,8.1134463],[-76.7171693,8.1135106],[-76.7162816,8.1109098],[-76.7153722,8.11161],[-76.7156609,8.1131534],[-76.715365,8.1134177],[-76.7158485,8.1147539],[-76.7149247,8.1150969],[-76.714073,8.1142609],[-76.7136039,8.1146324],[-76.7135029,8.1155327],[-76.7120449,8.1159829],[-76.7118067,8.1156756],[-76.7112727,8.115597],[-76.7107746,8.1156613],[-76.7105581,8.1128175],[-76.70936,8.1130676],[-76.7096126,8.116233],[-76.707765,8.1167831],[-76.7071226,8.1165688],[-76.7066823,8.1165616],[-76.7060689,8.1170261],[-76.7052966,8.1172404],[-76.7051595,8.1179406],[-76.7047867,8.118204],[-76.7046046,8.1178435],[-76.7039855,8.1178555],[-76.7038581,8.1186727],[-76.7032512,8.1191233],[-76.7027049,8.1187448],[-76.7021526,8.1190512],[-76.7020859,8.1183182],[-76.7016003,8.1185345],[-76.7016914,8.1193216],[-76.7021223,8.1197782],[-76.7012605,8.1202709],[-76.7009995,8.1197421],[-76.7009631,8.118931],[-76.7000709,8.1194658],[-76.700253,8.1202649],[-76.6998949,8.1204631],[-76.7004108,8.1208477],[-76.6973618,8.1229725],[-76.7062945,8.1001823]]],[[[-76.6920881,8.1249202],[-76.691992,8.1241408],[-76.692389,8.1239655],[-76.6924211,8.1241939],[-76.6923031,8.124247],[-76.6923407,8.1248657],[-76.6927376,8.1247196],[-76.692794,8.1248763],[-76.6931185,8.1247143],[-76.6932365,8.124948],[-76.6947091,8.1244302],[-76.6947922,8.1245948],[-76.695098,8.1244063],[-76.694929,8.1238885],[-76.695098,8.1237956],[-76.6955245,8.1239178],[-76.6962674,8.1234079],[-76.6956452,8.1228636],[-76.6959724,8.1226193],[-76.6964766,8.1232566],[-76.6972598,8.1228291],[-76.6973618,8.1229725],[-76.6920881,8.1249202]]],[[[-76.7255687,8.1045827],[-76.7263946,8.1063713],[-76.7255141,8.1067643],[-76.7250955,8.105471],[-76.7225176,8.1065182],[-76.7222903,8.1058572],[-76.7255687,8.1045827]]]]},"properties":{"osm_id":12045950,"osm_type":"relation","uso_osm":"orchard","name":"Bananera"}},{"type":"Feature","geometry":{"type":"MultiPolygon","coordinates":[[[[-76.6920881,8.1249202],[-76.691992,8.1241408],[-76.692389,8.1239655],[-76.6924211,8.1241939],[-76.6923031,8.124247],[-76.6923407,8.1248657],[-76.6927376,8.1247196],[-76.692794,8.1248763],[-76.6931185,8.1247143],[-76.6932365,8.124948],[-76.6947091,8.1244302],[-76.6947922,8.1245948],[-76.695098,8.1244063],[-76.694929,8.1238885],[-76.695098,8.1237956],[-76.6955245,8.1239178],[-76.6962674,8.1234079],[-76.6956452,8.1228636],[-76.6959724,8.1226193],[-76.6964766,8.1232566],[-76.6972598,8.1228291],[-76.6973618,8.1229725],[-76.6920881,8.1249202]]],[[[-76.6973618,8.1229725],[-76.6975442,8.1229831],[-76.6975581,8.1230162],[-76.69763,8.1231875],[-76.6973215,8.1234239],[-76.6973135,8.1237558],[-76.6974959,8.1240957],[-76.6974775,8.1241067],[-76.6946876,8.1257791],[-76.6938615,8.1263819],[-76.6932231,8.1261588],[-76.6927001,8.1257499],[-76.6926116,8.1255614],[-76.6929522,8.1254419],[-76.692102,8.125033],[-76.6920881,8.1249202],[-76.6973618,8.1229725]]]]},"properties":{"osm_id":12045951,"osm_type":"relation","uso_osm":"residential","name":""}},{"type":"Feature","geometry":{"type":"MultiPolygon","coordinates":[[[[-76.7500291,8.2302898],[-76.7497844,8.2292606],[-76.7498911,8.2292708],[-76.7499404,8.2293987],[-76.7500573,8.2293601],[-76.7500409,8.2291916],[-76.7497844,8.2291672],[-76.7495833,8.2284157],[-76.7497249,8.2283812],[-76.749727,8.228302],[-76.7495566,8.2281923],[-76.749519,8.2280427],[-76.7496512,8.2280303],[-76.749644,8.2277616],[-76.7494332,8.2277616],[-76.7490742,8.22631],[-76.74891,8.2254474],[-76.7493555,8.2253424],[-76.7493107,8.2251301],[-76.7488652,8.2251301],[-76.7488598,8.2250274],[-76.7491631,8.2249497],[-76.7492646,8.2247192],[-76.7491872,8.2245097],[-76.7499589,8.2243731],[-76.7502648,8.2243784],[-76.7506683,8.2246169],[-76.7529022,8.2244427],[-76.7530462,8.2246921],[-76.7531853,8.2246874],[-76.7531381,8.2249114],[-76.7534422,8.2248531],[-76.7535389,8.2253103],[-76.7526196,8.225329],[-76.7518346,8.2250164],[-76.751804,8.22542],[-76.7517026,8.2254316],[-76.7517215,8.2258702],[-76.7510167,8.2259169],[-76.7511817,8.2261922],[-76.752068,8.2261525],[-76.7521222,8.2267148],[-76.753652,8.2265655],[-76.7538194,8.2274823],[-76.7534328,8.2280235],[-76.7530886,8.2280539],[-76.7528977,8.2281775],[-76.7528529,8.2283665],[-76.7529095,8.2285391],[-76.7542012,8.2286441],[-76.7542861,8.2289684],[-76.7543215,8.2294256],[-76.7542564,8.2301561],[-76.7500291,8.2302898]]],[[[-76.7500291,8.2302898],[-76.7501651,8.2302706],[-76.7507485,8.2299799],[-76.7509188,8.2302308],[-76.7510811,8.2302613],[-76.7515156,8.2300742],[-76.751989,8.2300968],[-76.7523833,8.2299242],[-76.7525482,8.2297039],[-76.7527963,8.2297264],[-76.753263,8.23026],[-76.7533971,8.2302919],[-76.7535017,8.2301844],[-76.7534347,8.2297145],[-76.7535956,8.2296123],[-76.7538813,8.2297437],[-76.7540824,8.230187],[-76.7542564,8.2301561],[-76.7500291,8.2302898]]],[[[-76.7497858,8.2300136],[-76.7494798,8.2300458],[-76.7491657,8.2305844],[-76.7487487,8.2306487],[-76.7485673,8.2305576],[-76.7484942,8.2303915],[-76.7485754,8.2302655],[-76.7484481,8.2300833],[-76.748459,8.2297564],[-76.7486241,8.2296036],[-76.7486187,8.229207],[-76.7492117,8.2289631],[-76.7492415,8.2287139],[-76.7495204,8.2287675],[-76.7497858,8.2300136]]]]},"properties":{"osm_id":12048985,"osm_type":"relation","uso_osm":"orchard","name":"Bananera"}},{"type":"Feature","geometry":{"type":"MultiPolygon","coordinates":[[[[-76.6474755,7.893177],[-76.6467558,7.8934755],[-76.6463736,7.8939874],[-76.6461612,7.8951512],[-76.6459205,7.8952985],[-76.6455808,7.8952424],[-76.645418,7.894997],[-76.6453613,7.8940715],[-76.6446818,7.8936017],[-76.6442217,7.8936228],[-76.6439103,7.893777],[-76.6434148,7.8948217],[-76.6430467,7.8952073],[-76.6426574,7.8952284],[-76.6424592,7.89499],[-76.6424804,7.8941697],[-76.6420062,7.8934825],[-76.6412984,7.8931109],[-76.6406755,7.8929988],[-76.6402366,7.893146],[-76.6396429,7.8926914],[-76.6474755,7.893177]]],[[[-76.6396429,7.8926914],[-76.6398042,7.8920544],[-76.6410747,7.8911611],[-76.6415946,7.891291],[-76.6420027,7.8908635],[-76.6429097,7.8908808],[-76.6450323,7.8914764],[-76.6484812,7.891366],[-76.6474755,7.893177],[-76.6396429,7.8926914]]]]},"properties":{"osm_id":12075081,"osm_type":"relation","uso_osm":"orchard","name":"Bananera"}},{"type":"Feature","geometry":{"type":"MultiPolygon","coordinates":[[[[-76.6673436,7.8938673],[-76.6698802,7.8937756],[-76.6714771,7.8928564],[-76.6721674,7.8921497],[-76.6724511,7.8915095],[-76.6735073,7.8912285],[-76.6746108,7.8918375],[-76.6763763,7.8916501],[-76.6764236,7.8902135],[-76.6772118,7.8897295],[-76.6783783,7.8905258],[-76.6780315,7.8914783],[-76.6790503,7.8918711],[-76.6793716,7.8922001],[-76.6804655,7.8938575],[-76.6817203,7.8948667],[-76.6821542,7.8949467],[-76.6832534,7.8948248],[-76.6857137,7.895461],[-76.6857427,7.8953427],[-76.6855033,7.8952887],[-76.6856262,7.8946735],[-76.6857266,7.894719],[-76.6857733,7.8949898],[-76.6863253,7.8949859],[-76.6866959,7.8951369],[-76.6868278,7.8950635],[-76.6885788,7.8812077],[-76.6883335,7.8792601],[-76.6841637,7.8806573],[-76.6820513,7.8810008],[-76.680601,7.8807822],[-76.6799862,7.8805636],[-76.679466,7.881032],[-76.6790089,7.88136],[-76.6784729,7.8816566],[-76.6783626,7.8825779],[-76.6781261,7.8828902],[-76.6773694,7.8827028],[-76.6770069,7.8823905],[-76.6766601,7.8826091],[-76.6763448,7.883468],[-76.6760453,7.8836241],[-76.6752886,7.8835929],[-76.6747684,7.8833899],[-76.6735073,7.8839989],[-76.6729713,7.8846703],[-76.6725142,7.8848265],[-76.6718048,7.8844361],[-76.6713634,7.8848265],[-76.6707013,7.8846547],[-76.6701338,7.8849201],[-76.6698816,7.8851075],[-76.6701023,7.8861225],[-76.669519,7.8869813],[-76.6698343,7.8878713],[-76.6695348,7.8891361],[-76.6690461,7.8897295],[-76.6688097,7.8911348],[-76.6681003,7.8919468],[-76.6673436,7.8938673]]],[[[-76.6681003,7.8919468],[-76.6671545,7.8917282],[-76.6658934,7.8913222],[-76.6649318,7.8914315],[-76.6637495,7.8912597],[-76.6625514,7.8912441],[-76.6628036,7.8926338],[-76.663781,7.8929773],[-76.6650106,7.8934614],[-76.6673436,7.8938673],[-76.6681003,7.8919468]]]]},"properties":{"osm_id":12075082,"osm_type":"relation","uso_osm":"orchard","name":"Bananera"}},{"type":"Feature","geometry":{"type":"MultiPolygon","coordinates":[[[[-76.7071401,7.9035829],[-76.7071409,7.9034475],[-76.7071262,7.9029831],[-76.7068831,7.9016482],[-76.705495,7.8983031],[-76.7053749,7.897989],[-76.7055693,7.8978973],[-76.7052609,7.8970458],[-76.7051026,7.8970883],[-76.7048372,7.8962941],[-76.7044302,7.8959682],[-76.7014211,7.8941694],[-76.7011484,7.8941055],[-76.700837,7.894093],[-76.7005015,7.8942298],[-76.7001675,7.8945485],[-76.6997964,7.8947024],[-76.6992289,7.8951747],[-76.6985197,7.8955615],[-76.6972361,7.897498],[-76.6969319,7.8977456],[-76.6951257,7.8983014],[-76.6939701,7.8984354],[-76.6926354,7.8988628],[-76.6923251,7.8988981],[-76.6909189,7.8983466],[-76.6898854,7.8976652],[-76.6896927,7.8974137],[-76.6894428,7.8969535],[-76.6892203,7.8967359],[-76.6880464,7.8960183],[-76.6869177,7.8956649],[-76.6862218,7.8953526],[-76.6868886,7.8952104],[-76.6882821,7.88428],[-76.6885788,7.8812077],[-76.6883335,7.8792601],[-76.6897157,7.8788184],[-76.6901282,7.8789178],[-76.6905852,7.8786528],[-76.6913097,7.8785203],[-76.6918225,7.8784099],[-76.6925916,7.878167],[-76.6932269,7.878178],[-76.6944531,7.8777584],[-76.6953448,7.8774051],[-76.6961585,7.8772063],[-76.6965456,7.8768714],[-76.6973735,7.8767316],[-76.6983947,7.8760019],[-76.6994803,7.8760801],[-76.7002159,7.8755943],[-76.7010074,7.8749759],[-76.7018991,7.8745564],[-76.7035819,7.873682],[-76.704496,7.8733397],[-76.7055326,7.8727655],[-76.7063129,7.8723018],[-76.7069482,7.8720699],[-76.7071935,7.8720809],[-76.7071935,7.8727324],[-76.7072158,7.8734943],[-76.7074276,7.8738476],[-76.708297,7.8741899],[-76.7087094,7.873958],[-76.7092779,7.8738918],[-76.7101028,7.8741899],[-76.7107939,7.8752609],[-76.7112732,7.8757468],[-76.7120534,7.8758682],[-76.7125773,7.8760559],[-76.7127159,7.8766455],[-76.7131967,7.8772233],[-76.7142922,7.8774497],[-76.715246,7.8773404],[-76.715711,7.8770359],[-76.7162391,7.8769734],[-76.7166884,7.8772389],[-76.7176263,7.8776839],[-76.7183436,7.8778245],[-76.7189268,7.8777152],[-76.7194786,7.877801],[-76.7207902,7.8800522],[-76.7286091,7.8882969],[-76.7302756,7.8899084],[-76.7071401,7.9035829]]],[[[-76.7302756,7.8899084],[-76.730652,7.8905565],[-76.7318948,7.892439],[-76.7327364,7.8936867],[-76.7330095,7.8944264],[-76.7330987,7.8948405],[-76.7331057,7.8960112],[-76.7331263,7.8963803],[-76.7332578,7.8967124],[-76.7334947,7.8973345],[-76.7337034,7.8976359],[-76.7337276,7.898033],[-76.733832,7.8983659],[-76.7340186,7.8985147],[-76.7340932,7.8985741],[-76.7343977,7.8986784],[-76.7347018,7.8986577],[-76.7350236,7.8987035],[-76.7352848,7.8988065],[-76.7355008,7.8989201],[-76.7359109,7.899013],[-76.7362094,7.8990572],[-76.7366329,7.8990732],[-76.7302756,7.8899084]]],[[[-76.7287517,7.9068532],[-76.728686,7.9064631],[-76.7288567,7.9053114],[-76.7294828,7.9040953],[-76.7309719,7.9043047],[-76.7326349,7.9051974],[-76.7342397,7.9042856],[-76.7351731,7.9017245],[-76.7366329,7.8990732],[-76.7287517,7.9068532]]],[[[-76.7287517,7.9068532],[-76.7288643,7.9070604],[-76.729044,7.9074005],[-76.729154,7.9076077],[-76.7293176,7.9078654],[-76.72939,7.9080354],[-76.7294544,7.9081496],[-76.7295536,7.9082293],[-76.729669,7.9083516],[-76.7298567,7.9085136],[-76.7300016,7.9086438],[-76.7301893,7.9087554],[-76.7303556,7.9088324],[-76.7304173,7.9089148],[-76.7305514,7.9090662],[-76.7307231,7.9091618],[-76.7308572,7.9092522],[-76.7309162,7.9093611],[-76.7309323,7.9094992],[-76.7309752,7.9096374],[-76.7310879,7.9096958],[-76.7312005,7.9097862],[-76.7312863,7.9098738],[-76.7313185,7.9099615],[-76.7313883,7.9100306],[-76.731517,7.9101209],[-76.7315224,7.9102272],[-76.7315358,7.9103042],[-76.7316082,7.9103786],[-76.7316189,7.9104955],[-76.7316189,7.910623],[-76.7316672,7.9106894],[-76.7317933,7.9107771],[-76.731863,7.9108435],[-76.7319006,7.9109817],[-76.7287517,7.9068532]]],[[[-76.7284942,7.9107001],[-76.7289072,7.9103866],[-76.7292023,7.9102591],[-76.7295456,7.9101581],[-76.7297816,7.91019],[-76.7301518,7.9103281],[-76.7302859,7.9104238],[-76.7306829,7.9106416],[-76.7309618,7.910716],[-76.7311388,7.9107957],[-76.7315036,7.9109179],[-76.7316753,7.9109817],[-76.7319006,7.9109817],[-76.7284942,7.9107001]]],[[[-76.7284942,7.9107001],[-76.7261828,7.9092434],[-76.7251207,7.9105664],[-76.7236723,7.9101732],[-76.7200675,7.9084564],[-76.71878,7.9111981],[-76.7185547,7.9129727],[-76.7188573,7.9155662],[-76.7145989,7.9163287],[-76.7284942,7.9107001]]],[[[-76.7071401,7.9035829],[-76.7078108,7.9036547],[-76.7098916,7.9034674],[-76.710869,7.9037796],[-76.7118148,7.9040607],[-76.7121931,7.9039982],[-76.7123192,7.9019996],[-76.7141478,7.9034361],[-76.7141478,7.9058095],[-76.7149991,7.9067151],[-76.7169538,7.9074333],[-76.7171745,7.9104624],[-76.714873,7.9108059],[-76.7147153,7.9127733],[-76.7142428,7.9131497],[-76.7140645,7.9139225],[-76.7149339,7.9148941],[-76.7145989,7.9163287],[-76.7071401,7.9035829]]],[[[-76.7294718,7.9129605],[-76.7298205,7.9122273],[-76.7275084,7.9115366],[-76.7273368,7.9121529],[-76.7275084,7.9123973],[-76.7276962,7.9124079],[-76.728002,7.9122113],[-76.7283775,7.9125089],[-76.7288066,7.9125992],[-76.7294718,7.9129605]]]]},"properties":{"osm_id":12075083,"osm_type":"relation","uso_osm":"orchard","name":"Bananera","source":"maxar"}},{"type":"Feature","geometry":{"type":"MultiPolygon","coordinates":[[[[-76.7145989,7.9163287],[-76.6950355,7.9225658],[-76.6913703,7.9230413],[-76.6873765,7.9253148],[-76.686886,7.9259552],[-76.6860835,7.9264188],[-76.6858382,7.9278982],[-76.6858092,7.9287687],[-76.6846167,7.9285428],[-76.6841623,7.9286522],[-76.6836011,7.9292023],[-76.6832078,7.929394],[-76.6827896,7.9294091],[-76.6824515,7.9298148],[-76.6816081,7.9301739],[-76.6808426,7.929636],[-76.6803469,7.929089],[-76.6793468,7.9285189],[-76.6768437,7.9271903],[-76.6763615,7.9263702],[-76.6738058,7.925228],[-76.6733728,7.9252365],[-76.6726714,7.924496],[-76.6717728,7.9241667],[-76.6711465,7.9235644],[-76.6701314,7.9236167],[-76.6692819,7.9230703],[-76.6689552,7.9226948],[-76.6689198,7.9220119],[-76.6684855,7.9211696],[-76.6664706,7.9192661],[-76.6666542,7.9190319],[-76.6666126,7.9189207],[-76.6667749,7.9187139],[-76.6666488,7.9186296],[-76.6664181,7.9188543],[-76.666182,7.9186234],[-76.6660423,7.9186718],[-76.6653769,7.9181842],[-76.6652776,7.9138877],[-76.6657235,7.9135676],[-76.6655563,7.9126181],[-76.6649941,7.9127693],[-76.6641295,7.9057728],[-76.6636236,7.9011603],[-76.6642028,7.900832],[-76.6658428,7.9009764],[-76.6661463,7.9007703],[-76.6675947,7.8989797],[-76.6682813,7.89881],[-76.6683065,7.8968681],[-76.6682502,7.8941782],[-76.6684444,7.8939554],[-76.6699785,7.8938605],[-76.6717087,7.8928867],[-76.6723365,7.8922126],[-76.6726252,7.8921025],[-76.6736971,7.8922257],[-76.6755388,7.8921279],[-76.6766566,7.891957],[-76.677565,7.8915575],[-76.6777494,7.8915212],[-76.6779296,7.8915694],[-76.6789463,7.891985],[-76.6791629,7.8921439],[-76.6802961,7.8939273],[-76.6817738,7.8950033],[-76.6821644,7.8950253],[-76.6833058,7.8949756],[-76.6842098,7.8952609],[-76.6849369,7.8953874],[-76.6857318,7.8956025],[-76.6857197,7.8958333],[-76.6866468,7.8962229],[-76.6867599,7.8957221],[-76.6871168,7.8957974],[-76.6880143,7.8960741],[-76.6885417,7.8964438],[-76.6891205,7.8967313],[-76.6893903,7.8969786],[-76.6896411,7.8974353],[-76.689859,7.897703],[-76.6909104,7.8983695],[-76.6919787,7.8988327],[-76.6923224,7.8989454],[-76.692658,7.8989293],[-76.6938779,7.8985507],[-76.6951426,7.8983933],[-76.6967662,7.8979304],[-76.6970775,7.8977838],[-76.6972984,7.8975784],[-76.6976821,7.8968929],[-76.6987381,7.8955241],[-76.7000115,7.8947242],[-76.7005933,7.894295],[-76.7008069,7.8941882],[-76.7010998,7.894129],[-76.7013316,7.8942419],[-76.7046548,7.8962415],[-76.7050347,7.8971697],[-76.705378,7.8983998],[-76.7068221,7.9018581],[-76.7070282,7.9025495],[-76.7071401,7.9035829],[-76.7145989,7.9163287]]],[[[-76.7071401,7.9035829],[-76.7078108,7.9036547],[-76.7098916,7.9034674],[-76.710869,7.9037796],[-76.7118148,7.9040607],[-76.7121931,7.9039982],[-76.7123192,7.9019996],[-76.7141478,7.9034361],[-76.7141478,7.9058095],[-76.7149991,7.9067151],[-76.7169538,7.9074333],[-76.7171745,7.9104624],[-76.714873,7.9108059],[-76.7147153,7.9127733],[-76.7142428,7.9131497],[-76.7140645,7.9139225],[-76.7149339,7.9148941],[-76.7145989,7.9163287],[-76.7071401,7.9035829]]]]},"properties":{"osm_id":12075084,"osm_type":"relation","uso_osm":"orchard","name":"","source":"Bing low resolution"}},{"type":"Feature","geometry":{"type":"MultiPolygon","coordinates":[[[[-76.7168033,7.918379],[-76.7178634,7.9181296],[-76.7175297,7.9160198],[-76.7168033,7.918379]]],[[[-76.7173496,7.9212523],[-76.7172745,7.9207156],[-76.7171162,7.919993],[-76.7168033,7.918379],[-76.7173496,7.9212523]]],[[[-76.7173496,7.9212523],[-76.7182582,7.9213057],[-76.7183999,7.9211592],[-76.7185018,7.9211479],[-76.7188021,7.9211147],[-76.7191394,7.921031],[-76.7185355,7.9181991],[-76.7189915,7.9181747],[-76.7197556,7.9217783],[-76.7173496,7.9212523]]],[[[-76.7175615,7.9221502],[-76.7178941,7.9221183],[-76.718393,7.9219696],[-76.7188275,7.9219483],[-76.7191815,7.9220386],[-76.7193746,7.9221609],[-76.7196,7.9220599],[-76.7197556,7.9217783],[-76.7175615,7.9221502]]],[[[-76.7170612,7.9269958],[-76.7171323,7.9244508],[-76.717422,7.9228622],[-76.717481,7.9222206],[-76.7170612,7.9269958]]],[[[-76.7199611,7.9269913],[-76.7199433,7.9265761],[-76.7199245,7.9264725],[-76.7199755,7.9262547],[-76.7199513,7.9260846],[-76.7198682,7.925997],[-76.7194149,7.9257738],[-76.7190233,7.9255161],[-76.7188865,7.9254497],[-76.718865,7.9253939],[-76.7189348,7.9253567],[-76.7198762,7.9258641],[-76.719954,7.9258402],[-76.7201123,7.9258376],[-76.7208338,7.9262387],[-76.7213193,7.9265017],[-76.7217457,7.9267488],[-76.7222741,7.9269852],[-76.722824,7.9272695],[-76.7231378,7.927405],[-76.7199611,7.9269913]]],[[[-76.7231378,7.927405],[-76.723397,7.9274625],[-76.7237672,7.9273297],[-76.7243573,7.9269525],[-76.7211064,7.9253585],[-76.7215248,7.9245403],[-76.7232736,7.9255232],[-76.7238476,7.9226807],[-76.7247337,7.9231172],[-76.7231378,7.927405]]],[[[-76.7248694,7.9188789],[-76.7249805,7.9192864],[-76.7250449,7.9198921],[-76.7250019,7.9205244],[-76.7249054,7.9208857],[-76.724782,7.9214861],[-76.7247981,7.9220705],[-76.7247713,7.9224637],[-76.7247444,7.9226656],[-76.7248694,7.9188789]]],[[[-76.7302859,7.9169937],[-76.7303169,7.9171218],[-76.7306719,7.9175427],[-76.7307092,7.9187592],[-76.7306952,7.9191339],[-76.7304103,7.9188887],[-76.7295184,7.9186436],[-76.7293736,7.9178619],[-76.7288973,7.9181672],[-76.7283172,7.9187514],[-76.7280163,7.9186065],[-76.7272439,7.9178736],[-76.7276342,7.9172455],[-76.727187,7.9169314],[-76.726691,7.9168911],[-76.7258779,7.917181],[-76.725943,7.9181072],[-76.7248694,7.9188789],[-76.7302859,7.9169937]]],[[[-76.7175297,7.9160198],[-76.7177975,7.9159337],[-76.7181301,7.9158487],[-76.7185271,7.9158487],[-76.7189616,7.9158593],[-76.7194337,7.9157424],[-76.720292,7.9154502],[-76.7206675,7.9153971],[-76.7209196,7.9152961],[-76.7215473,7.9151208],[-76.7219362,7.9150278],[-76.722199,7.9150118],[-76.7226577,7.9150251],[-76.723001,7.9150942],[-76.7235267,7.9152005],[-76.7239988,7.9152217],[-76.7243528,7.9151208],[-76.7248303,7.9151155],[-76.7252326,7.9151527],[-76.725989,7.9155033],[-76.7265093,7.9157956],[-76.7270082,7.916024],[-76.7275715,7.9163907],[-76.7278451,7.9166457],[-76.7280865,7.9169751],[-76.7283815,7.9172248],[-76.7286927,7.917347],[-76.7290521,7.9174002],[-76.7293257,7.917347],[-76.7296448,7.9172169],[-76.729956,7.9171451],[-76.7302859,7.9169937],[-76.7175297,7.9160198]]]]},"properties":{"osm_id":12075085,"osm_type":"relation","uso_osm":"orchard","name":"Bananera"}},{"type":"Feature","geometry":{"type":"MultiPolygon","coordinates":[[[[-76.7312348,7.8844291],[-76.7355693,7.8826306],[-76.7367778,7.8819837],[-76.736977,7.8817622],[-76.737286,7.8811219],[-76.738587,7.8791728],[-76.7423326,7.8841545],[-76.7397445,7.8860833],[-76.7432261,7.8907466],[-76.7434356,7.8913814],[-76.7429673,7.8916927],[-76.7432754,7.8921016],[-76.742918,7.8924862],[-76.7430843,7.8928829],[-76.7398739,7.8952633],[-76.7395411,7.8959592],[-76.7378465,7.8971005],[-76.73524,7.8974729],[-76.734519,7.898248],[-76.7312348,7.8844291]]],[[[-76.7280826,7.8859232],[-76.7299039,7.8849888],[-76.7312348,7.8844291],[-76.7280826,7.8859232]]],[[[-76.734519,7.898248],[-76.7340207,7.8974841],[-76.7337405,7.8961981],[-76.7340021,7.8946809],[-76.7335911,7.8935614],[-76.7321621,7.8919054],[-76.7298084,7.8879087],[-76.7289958,7.8867893],[-76.7279497,7.8861509],[-76.7280826,7.8859232],[-76.734519,7.898248]]]]},"properties":{"osm_id":12075087,"osm_type":"relation","uso_osm":"orchard","name":"Bananera"}},{"type":"Feature","geometry":{"type":"MultiPolygon","coordinates":[[[[-76.7799012,7.8056566],[-76.779205,7.8036141],[-76.7782635,7.8020362],[-76.7774,7.8025973],[-76.7764302,7.800795],[-76.7752835,7.8011807],[-76.7730397,7.7991119],[-76.7677589,7.8004656],[-76.7799012,7.8056566]]],[[[-76.7661641,7.8199053],[-76.7736065,7.819951],[-76.77936,7.8197751],[-76.7807983,7.8193125],[-76.7815455,7.8140197],[-76.7844503,7.8149265],[-76.7857171,7.8122468],[-76.7861843,7.8108934],[-76.7863117,7.8100028],[-76.7859507,7.8078499],[-76.7842235,7.8049606],[-76.7813203,7.8036378],[-76.7661641,7.8199053]]],[[[-76.7698505,7.8076973],[-76.7698411,7.8079915],[-76.7698158,7.80856],[-76.7697292,7.8093144],[-76.7693583,7.8106769],[-76.7688849,7.8125099],[-76.7682002,7.8147623],[-76.7663888,7.8193515],[-76.7661641,7.8199053],[-76.7698505,7.8076973]]],[[[-76.7677589,7.8004656],[-76.7680999,7.8008238],[-76.7687565,7.8014956],[-76.7691594,7.8019675],[-76.7694083,7.8022608],[-76.7694598,7.8024904],[-76.7695995,7.8042249],[-76.7698129,7.8058793],[-76.7698615,7.8073536],[-76.7698534,7.807607],[-76.7677589,7.8004656]]]]},"properties":{"osm_id":12075088,"osm_type":"relation","uso_osm":"orchard","name":"Bananera"}},{"type":"Feature","geometry":{"type":"MultiPolygon","coordinates":[[[[-76.7519298,7.7823469],[-76.7525753,7.7829072],[-76.7528918,7.7825458],[-76.7530903,7.7825883],[-76.7535302,7.7827956],[-76.7538896,7.7827371],[-76.7542168,7.7826096],[-76.7544582,7.7826787],[-76.7546942,7.7827318],[-76.7560944,7.7825511],[-76.7568883,7.7828169],[-76.757076,7.7830135],[-76.7574945,7.7830135],[-76.7581918,7.7827637],[-76.7585352,7.7831092],[-76.7619362,7.7844539],[-76.7632183,7.7849057],[-76.7655143,7.7861175],[-76.7680946,7.7846824],[-76.7715653,7.7849694],[-76.7716565,7.785772],[-76.7720374,7.7857879],[-76.7721286,7.7853734],[-76.7726811,7.7853468],[-76.7738506,7.7856019],[-76.7741939,7.7855807],[-76.7746445,7.7852777],[-76.7748698,7.7851608],[-76.7753151,7.7853734],[-76.7756477,7.7855753],[-76.7759374,7.7858597],[-76.776742,7.7870954],[-76.7768654,7.7874037],[-76.776801,7.7891789],[-76.7768493,7.7897051],[-76.7772141,7.7919373],[-76.7519298,7.7823469]]],[[[-76.7772141,7.7919373],[-76.7777988,7.792785],[-76.7796173,7.7924316],[-76.779729,7.7926324],[-76.7772141,7.7919373]]],[[[-76.7804864,7.7939942],[-76.7790755,7.7958118],[-76.775535,7.7965347],[-76.7752453,7.7942174],[-76.7727992,7.7930694],[-76.7717853,7.7928993],[-76.7665952,7.790667],[-76.7666006,7.7897529],[-76.7658335,7.789721],[-76.7657369,7.7928568],[-76.7682582,7.7927824],[-76.7804864,7.7939942]]],[[[-76.7682582,7.7927824],[-76.7654902,7.7957587],[-76.7650664,7.7966622],[-76.765238,7.7977411],[-76.7693954,7.8023624],[-76.7697924,7.8067204],[-76.7697924,7.8085168],[-76.7696422,7.8094841],[-76.7680543,7.8149262],[-76.7645621,7.8235942],[-76.7611772,7.8223772],[-76.7576903,7.8270602],[-76.7543909,7.8244099],[-76.7515373,7.8280319],[-76.7441805,7.8214945],[-76.7337472,7.8333325],[-76.7306295,7.8261227],[-76.7303774,7.8258888],[-76.7337623,7.8216199],[-76.7344758,7.8216359],[-76.7346689,7.8208068],[-76.7341002,7.8206739],[-76.7346206,7.8187926],[-76.7349156,7.8174533],[-76.735951,7.8136109],[-76.736187,7.8134355],[-76.738027,7.8129412],[-76.7384669,7.8126064],[-76.7386922,7.8100447],[-76.7388424,7.8095026],[-76.7414441,7.8054263],[-76.7442014,7.8006749],[-76.7492976,7.7924369],[-76.750687,7.7902259],[-76.7512664,7.7893277],[-76.7520228,7.7896891],[-76.7524144,7.7887962],[-76.7518243,7.7885145],[-76.7522749,7.7876163],[-76.7523446,7.7869679],[-76.7519298,7.7823469],[-76.7682582,7.7927824]]]]},"properties":{"osm_id":12075089,"osm_type":"relation","uso_osm":"orchard","name":"Bananera","source":"maxar"}},{"type":"Feature","geometry":{"type":"MultiPolygon","coordinates":[[[[-76.7519298,7.7823469],[-76.7525753,7.7829072],[-76.7528918,7.7825458],[-76.7530903,7.7825883],[-76.7535302,7.7827956],[-76.7538896,7.7827371],[-76.7542168,7.7826096],[-76.7544582,7.7826787],[-76.7546942,7.7827318],[-76.7560944,7.7825511],[-76.7568883,7.7828169],[-76.757076,7.7830135],[-76.7574945,7.7830135],[-76.7581918,7.7827637],[-76.7585352,7.7831092],[-76.7619362,7.7844539],[-76.7632183,7.7849057],[-76.7655143,7.7861175],[-76.7680946,7.7846824],[-76.7715653,7.7849694],[-76.7716565,7.785772],[-76.7720374,7.7857879],[-76.7721286,7.7853734],[-76.7726811,7.7853468],[-76.7738506,7.7856019],[-76.7741939,7.7855807],[-76.7746445,7.7852777],[-76.7748698,7.7851608],[-76.7753151,7.7853734],[-76.7756477,7.7855753],[-76.7759374,7.7858597],[-76.776742,7.7870954],[-76.7768654,7.7874037],[-76.776801,7.7891789],[-76.7768493,7.7897051],[-76.7772141,7.7919373],[-76.7519298,7.7823469]]],[[[-76.779729,7.7926324],[-76.7811351,7.7911511],[-76.7807475,7.7905311],[-76.7793652,7.7917572],[-76.7788375,7.7908411],[-76.778165,7.7910724],[-76.7784966,7.791512],[-76.7772141,7.7919373],[-76.779729,7.7926324]]],[[[-76.7064568,7.7652519],[-76.7065011,7.7643205],[-76.7073391,7.7643693],[-76.7077397,7.7641678],[-76.7086578,7.765163],[-76.7089598,7.7653829],[-76.7094281,7.7654134],[-76.7109748,7.7662865],[-76.7116218,7.7658652],[-76.7115848,7.7657003],[-76.7124475,7.7654439],[-76.7131808,7.7663353],[-76.7138648,7.7667566],[-76.715356,7.7664025],[-76.7158613,7.76672],[-76.7157566,7.7674465],[-76.7164406,7.7683685],[-76.7170075,7.7684784],[-76.7176976,7.7683379],[-76.7188931,7.7665734],[-76.7200084,7.7657553],[-76.7202795,7.7658102],[-76.7207109,7.7666345],[-76.7210498,7.7666406],[-76.7215613,7.7663842],[-76.7221775,7.7652058],[-76.7226273,7.7651447],[-76.7230648,7.7654195],[-76.7235331,7.7654134],[-76.7249134,7.7649616],[-76.7302661,7.7652371],[-76.7326011,7.7639877],[-76.7351509,7.763923],[-76.7357487,7.7642376],[-76.7373365,7.7643857],[-76.7382611,7.7640895],[-76.7398956,7.7629327],[-76.7409977,7.7634417],[-76.7420999,7.763377],[-76.7436316,7.7620998],[-76.7432207,7.7653019],[-76.7435569,7.7652834],[-76.7445843,7.7646818],[-76.745042,7.7638304],[-76.7458172,7.7631363],[-76.7467979,7.7613687],[-76.7485818,7.7601101],[-76.7498521,7.7597492],[-76.7528502,7.7590089],[-76.7603548,7.7571637],[-76.7627786,7.7567424],[-76.7637593,7.756909],[-76.7649175,7.757381],[-76.7650669,7.756946],[-76.7681891,7.7580179],[-76.7686138,7.7564889],[-76.7714169,7.756503],[-76.7714098,7.7561172],[-76.7742553,7.7563066],[-76.7768247,7.75705],[-76.7793305,7.758095],[-76.7812204,7.758607],[-76.78236,7.7593855],[-76.7843349,7.7605217],[-76.7875485,7.7616579],[-76.7890811,7.7620988],[-76.7896933,7.7619595],[-76.7911514,7.7621559],[-76.7950021,7.7651437],[-76.7952781,7.7660414],[-76.7958869,7.7670163],[-76.7963894,7.7675212],[-76.796892,7.7682436],[-76.7983147,7.7689309],[-76.7990756,7.7707951],[-76.7995799,7.771082],[-76.7999722,7.7718779],[-76.800626,7.7725442],[-76.7986133,7.7756534],[-76.8009951,7.7794909],[-76.8002977,7.7812874],[-76.7993536,7.7813724],[-76.7978086,7.7817232],[-76.7965963,7.7813618],[-76.795105,7.7821591],[-76.7948153,7.7840937],[-76.7950835,7.7870807],[-76.7947509,7.7883563],[-76.7951694,7.7902803],[-76.795105,7.7921405],[-76.7959633,7.7930015],[-76.7969396,7.7935649],[-76.798624,7.7951913],[-76.7996647,7.7970408],[-76.808453,7.7955201],[-76.8090815,7.80016],[-76.8100921,7.8003309],[-76.8110287,7.8023578],[-76.8121379,7.8038841],[-76.8124707,7.8046289],[-76.8131115,7.8049708],[-76.8135059,7.8066557],[-76.8131978,7.8079256],[-76.8133087,7.8090977],[-76.81252,7.8097693],[-76.812064,7.8111978],[-76.8106097,7.8130293],[-76.8106836,7.8147509],[-76.8096361,7.8160207],[-76.8088597,7.8155445],[-76.8080339,7.8156788],[-76.8073808,7.8160817],[-76.7955988,7.8122357],[-76.7932048,7.8079453],[-76.7922778,7.8076633],[-76.7913102,7.8078405],[-76.7901973,7.8084687],[-76.7896447,7.8085963],[-76.7882303,7.8041803],[-76.7862057,7.8018119],[-76.7841242,7.7998544],[-76.7846933,7.7992583],[-76.7846039,7.7987669],[-76.7835631,7.7978485],[-76.782563,7.7974457],[-76.7804864,7.7939942],[-76.7064568,7.7652519]]],[[[-76.7168818,7.7774815],[-76.7164513,7.7775869],[-76.7158452,7.7771298],[-76.7154428,7.7768002],[-76.7149708,7.776662],[-76.7146757,7.7767365],[-76.7141232,7.7769278],[-76.7130718,7.7773477],[-76.7133453,7.7784798],[-76.7126963,7.7785967],[-76.7124709,7.7779005],[-76.7123744,7.7773955],[-76.7115843,7.7747059],[-76.7105588,7.7733806],[-76.7073485,7.7726738],[-76.7064568,7.7652519],[-76.7168818,7.7774815]]],[[[-76.751765,7.7822614],[-76.7510518,7.781435],[-76.7483857,7.778711],[-76.7481121,7.7786419],[-76.7453226,7.7802683],[-76.7449471,7.7802417],[-76.7417016,7.7768587],[-76.7412698,7.7773105],[-76.7412457,7.777749],[-76.7403498,7.7777862],[-76.7404195,7.7764547],[-76.7394432,7.7774221],[-76.7376998,7.7790432],[-76.7375442,7.7791123],[-76.7373404,7.7791654],[-76.7347189,7.7778101],[-76.7332693,7.7790577],[-76.7315749,7.7795878],[-76.7309828,7.7791313],[-76.7288426,7.7797939],[-76.7279835,7.7801089],[-76.7273532,7.780162],[-76.727313,7.7798192],[-76.7260174,7.7796943],[-76.7262588,7.7785462],[-76.7239508,7.7777835],[-76.7227653,7.7777197],[-76.7188171,7.776965],[-76.7183986,7.7770022],[-76.7170916,7.7772646],[-76.7168818,7.7774815],[-76.751765,7.7822614]]]]},"properties":{"osm_id":12075090,"osm_type":"relation","uso_osm":"orchard","name":"Bananera"}},{"type":"Feature","geometry":{"type":"MultiPolygon","coordinates":[[[[-76.8004453,7.7720271],[-76.8057245,7.7691161],[-76.8028492,7.7667136],[-76.8056291,7.764982],[-76.8004453,7.7720271]]],[[[-76.7096626,7.7650056],[-76.7100162,7.7650393],[-76.7104595,7.764991],[-76.7106295,7.7651602],[-76.7107032,7.7655907],[-76.7107903,7.7657244],[-76.7110865,7.7657988],[-76.7112978,7.7657608],[-76.711472,7.7655772],[-76.711581,7.7651015],[-76.7125171,7.7648479],[-76.7131367,7.7647799],[-76.7135473,7.7649034],[-76.7136726,7.7650903],[-76.7137113,7.7656058],[-76.7135906,7.7660369],[-76.7136303,7.7661673],[-76.713737,7.7662604],[-76.7138877,7.7662772],[-76.714348,7.7660917],[-76.7148748,7.7657196],[-76.7154064,7.7658956],[-76.7159579,7.7662538],[-76.7166354,7.7667556],[-76.7166719,7.7674269],[-76.7168741,7.7678781],[-76.7173323,7.7679983],[-76.7179663,7.7673556],[-76.7195708,7.7655113],[-76.720037,7.7653114],[-76.7204141,7.7655358],[-76.7208186,7.7662442],[-76.7211378,7.7662479],[-76.7214589,7.7661363],[-76.7216214,7.7658636],[-76.7216989,7.7654416],[-76.7219966,7.7648345],[-76.7223405,7.7643919],[-76.7226285,7.7643691],[-76.7228354,7.7644908],[-76.7228415,7.7647422],[-76.7231166,7.7650132],[-76.7233908,7.76501],[-76.7238713,7.7649402],[-76.7244625,7.7646438],[-76.7249927,7.7646071],[-76.7257254,7.7644078],[-76.726138,7.764422],[-76.726484,7.7646608],[-76.7275005,7.7646135],[-76.728457,7.764909],[-76.7296007,7.7648607],[-76.7305834,7.7648522],[-76.7328655,7.7636302],[-76.7338241,7.7636897],[-76.7350783,7.7635606],[-76.7358143,7.7639124],[-76.7367879,7.7640459],[-76.7377519,7.7639374],[-76.7384461,7.7636244],[-76.7391611,7.7630051],[-76.7398177,7.7625496],[-76.7403392,7.7625895],[-76.7409727,7.7630477],[-76.7416363,7.7630663],[-76.7423203,7.7629557],[-76.7427505,7.7627378],[-76.7429674,7.7623402],[-76.7434409,7.761711],[-76.7436025,7.7615624],[-76.743897,7.7614712],[-76.7444811,7.7613882],[-76.745199,7.760937],[-76.7457128,7.760814],[-76.7461911,7.7609044],[-76.7464757,7.7608017],[-76.7466523,7.7606408],[-76.7470586,7.7601567],[-76.7473593,7.7600003],[-76.7481567,7.7598585],[-76.750586,7.7590296],[-76.7516717,7.7587913],[-76.7523431,7.7585973],[-76.7548076,7.7577409],[-76.7551095,7.7577069],[-76.7562272,7.7573795],[-76.7566758,7.7572342],[-76.7572742,7.7571098],[-76.7583334,7.7567954],[-76.7591223,7.7566821],[-76.7598832,7.7563925],[-76.7600746,7.7563692],[-76.7610806,7.7561457],[-76.7627969,7.7562762],[-76.7640102,7.7563084],[-76.7645997,7.7562289],[-76.7650211,7.7560898],[-76.7655009,7.7558602],[-76.7663406,7.7557095],[-76.7673193,7.7557397],[-76.7681262,7.7559999],[-76.7685074,7.7560441],[-76.769323,7.756054],[-76.7697919,7.7559557],[-76.7706532,7.7557187],[-76.7727322,7.7558921],[-76.7736128,7.75593],[-76.7747374,7.7560964],[-76.7784227,7.7573438],[-76.7795047,7.7578983],[-76.7799812,7.7580475],[-76.780802,7.7581909],[-76.7814409,7.758391],[-76.7821412,7.7588266],[-76.7826771,7.7592767],[-76.7844969,7.7603986],[-76.7851141,7.7605321],[-76.7858145,7.7606826],[-76.786457,7.7610108],[-76.7888975,7.7617582],[-76.7894075,7.7617786],[-76.789729,7.7617108],[-76.7903123,7.7614734],[-76.7906608,7.761434],[-76.7912337,7.7616094],[-76.7920992,7.7624364],[-76.7929245,7.7629977],[-76.7940957,7.7640615],[-76.7955708,7.7652929],[-76.7958349,7.7658299],[-76.7959452,7.7663784],[-76.7961931,7.7669113],[-76.7965057,7.7672183],[-76.7968328,7.7674203],[-76.7973304,7.7680754],[-76.7975162,7.7682149],[-76.7979012,7.7682976],[-76.7988601,7.7688897],[-76.7990146,7.7693246],[-76.7990549,7.7698188],[-76.7992509,7.7704061],[-76.7995121,7.7707753],[-76.7999854,7.7711215],[-76.8004453,7.7720271],[-76.7096626,7.7650056]]],[[[-76.7096626,7.7650056],[-76.7098154,7.7571802],[-76.7111244,7.7580705],[-76.711096,7.7552184],[-76.7130962,7.7549365],[-76.7134011,7.7525235],[-76.7132629,7.7519313],[-76.7134133,7.7521005],[-76.7135571,7.7521076],[-76.7136495,7.7519672],[-76.7136372,7.7516558],[-76.7135047,7.7514146],[-76.7133322,7.7513963],[-76.7116438,7.7479221],[-76.7118009,7.7478335],[-76.7132142,7.742604],[-76.7118266,7.7423916],[-76.7119823,7.7415324],[-76.7116177,7.7414518],[-76.7119009,7.7405926],[-76.7133944,7.7408591],[-76.7138297,7.7408135],[-76.7139642,7.7403927],[-76.7145664,7.7404648],[-76.7149851,7.739929],[-76.7156885,7.7393771],[-76.7156031,7.738942],[-76.7133711,7.7386681],[-76.7132085,7.7378987],[-76.7136701,7.7378015],[-76.7152061,7.7380189],[-76.7152203,7.7371282],[-76.7160343,7.7373035],[-76.7155813,7.7357184],[-76.716006,7.7358867],[-76.717358,7.7358446],[-76.7177756,7.7377033],[-76.718356,7.7377875],[-76.7182074,7.736062],[-76.7206565,7.7382294],[-76.7216121,7.7388115],[-76.7211661,7.7409087],[-76.7208405,7.7414768],[-76.720614,7.742101],[-76.7236365,7.744107],[-76.7266661,7.7443525],[-76.7271191,7.7444647],[-76.7275721,7.7434266],[-76.7276358,7.7442473],[-76.7279189,7.7444016],[-76.7285206,7.7439948],[-76.7287542,7.7401301],[-76.7296305,7.7399359],[-76.729686,7.7429888],[-76.7288972,7.7435567],[-76.7288356,7.7448328],[-76.7291499,7.7451931],[-76.7296244,7.7464997],[-76.7291345,7.7482689],[-76.7287755,7.7495653],[-76.7288596,7.7498661],[-76.7289912,7.7500697],[-76.7280744,7.7516072],[-76.7272429,7.7520483],[-76.7282581,7.7524328],[-76.7288559,7.7516635],[-76.7290839,7.7519321],[-76.7299404,7.7519321],[-76.7295214,7.7531472],[-76.7298295,7.7533914],[-76.7306305,7.752909],[-76.7314008,7.7532021],[-76.7311913,7.7539348],[-76.7320355,7.7542828],[-76.732319,7.7536112],[-76.7344819,7.7541668],[-76.7348393,7.7541241],[-76.7350611,7.7537028],[-76.7361689,7.7537874],[-76.7364537,7.7531026],[-76.7390222,7.7539448],[-76.7388915,7.7549211],[-76.7398442,7.7551664],[-76.7401458,7.753458],[-76.7405588,7.7534261],[-76.7407198,7.7525597],[-76.7403121,7.7524799],[-76.7405374,7.7516295],[-76.7413689,7.7517889],[-76.7412777,7.7526819],[-76.7421628,7.7528573],[-76.7424023,7.7515227],[-76.7433292,7.7514341],[-76.7434634,7.7507896],[-76.7416055,7.7503988],[-76.7408249,7.7503062],[-76.7406582,7.7504552],[-76.7398126,7.7503384],[-76.7395565,7.7513294],[-76.7390727,7.7511239],[-76.7393166,7.7498228],[-76.7391743,7.7496777],[-76.7408046,7.7483846],[-76.7409875,7.7476998],[-76.7425635,7.746527],[-76.7451203,7.7470768],[-76.7469628,7.7469852],[-76.7485988,7.7468509],[-76.7488761,7.7467685],[-76.749679,7.746714],[-76.7499676,7.7450899],[-76.7096626,7.7650056]]],[[[-76.7499676,7.7450899],[-76.7501933,7.7449722],[-76.750727,7.7444221],[-76.7507243,7.7440287],[-76.7508879,7.7439516],[-76.7514351,7.7442892],[-76.7528942,7.7447197],[-76.7533073,7.7447091],[-76.7537096,7.7446187],[-76.7539725,7.7447888],[-76.7541254,7.7451529],[-76.7543292,7.7461363],[-76.7544365,7.7462453],[-76.7547637,7.7461841],[-76.7553243,7.7463728],[-76.7563275,7.7464738],[-76.7582855,7.7462559],[-76.7614129,7.7478984],[-76.7617622,7.74803],[-76.7499676,7.7450899]]],[[[-76.7740938,7.7499763],[-76.7736675,7.7517765],[-76.7735504,7.7536693],[-76.7675917,7.753712],[-76.7670987,7.7535105],[-76.7660819,7.7525031],[-76.7635,7.7519353],[-76.7610044,7.7517948],[-76.7617622,7.74803],[-76.7740938,7.7499763]]],[[[-76.7742153,7.7433373],[-76.7743333,7.74372],[-76.7743816,7.7447673],[-76.7744192,7.7448949],[-76.7744567,7.7451075],[-76.7744943,7.7453839],[-76.774564,7.7455913],[-76.7748001,7.746075],[-76.7748591,7.7462611],[-76.7749718,7.7467608],[-76.7751327,7.7471382],[-76.7751327,7.7473083],[-76.7749771,7.7475635],[-76.7749074,7.7477176],[-76.7746606,7.74843],[-76.774285,7.7491689],[-76.7740938,7.7499763],[-76.7742153,7.7433373]]],[[[-76.7742153,7.7433373],[-76.7734266,7.7432311],[-76.7724609,7.7430141],[-76.76943,7.742525],[-76.7684912,7.7426632],[-76.7683464,7.7426526],[-76.7677885,7.7424559],[-76.7676329,7.7423761],[-76.7675847,7.7423336],[-76.7674505,7.7421369],[-76.7670428,7.7413395],[-76.7670053,7.7412438],[-76.7669892,7.7411428],[-76.7669999,7.7409408],[-76.7670321,7.7407866],[-76.7672199,7.7401753],[-76.7742153,7.7433373]]],[[[-76.7672199,7.7401753],[-76.7704267,7.7404688],[-76.774769,7.7408662],[-76.774667,7.7417486],[-76.7881722,7.7428732],[-76.7886092,7.75336],[-76.7672199,7.7401753]]],[[[-76.7886092,7.75336],[-76.7889686,7.7535394],[-76.7891121,7.7535327],[-76.7892409,7.7534025],[-76.7893803,7.7531912],[-76.7895359,7.7531713],[-76.7896512,7.753247],[-76.789843,7.753639],[-76.7899624,7.7537068],[-76.7900884,7.7537028],[-76.7904237,7.7534344],[-76.7905779,7.7534304],[-76.7907188,7.7535168],[-76.7909387,7.7538583],[-76.7914966,7.7541559],[-76.7915851,7.7542835],[-76.7917139,7.7548164],[-76.7918976,7.7550356],[-76.7921926,7.7551911],[-76.7924584,7.755205],[-76.793042,7.7551551],[-76.7937778,7.7552069],[-76.7942219,7.7550551],[-76.7944241,7.755113],[-76.7948261,7.7554404],[-76.7950297,7.7558536],[-76.795293,7.7559564],[-76.7957326,7.7558105],[-76.7960672,7.7558648],[-76.7963695,7.7562923],[-76.7965732,7.7564009],[-76.7968903,7.7562907],[-76.7970632,7.7563663],[-76.7976813,7.7575509],[-76.7981804,7.7573849],[-76.7983981,7.7575354],[-76.7987222,7.7581744],[-76.799064,7.7582485],[-76.7995747,7.758159],[-76.7997952,7.7582876],[-76.8000703,7.7587905],[-76.7999794,7.7592303],[-76.8001741,7.7593591],[-76.8004634,7.7592338],[-76.8006712,7.7594634],[-76.8005354,7.7604628],[-76.800511,7.7607686],[-76.8006542,7.7609498],[-76.8012437,7.7610479],[-76.801897,7.7616195],[-76.8018954,7.7619669],[-76.8021351,7.7621906],[-76.8025579,7.7631693],[-76.8055192,7.7648649],[-76.8056291,7.764982],[-76.7886092,7.75336]]],[[[-76.7120533,7.7529278],[-76.7118119,7.7529596],[-76.7114793,7.7529809],[-76.7112433,7.7527364],[-76.710562,7.7524547],[-76.7105942,7.7522155],[-76.7101651,7.7517212],[-76.7100256,7.751684],[-76.7100524,7.7514341],[-76.7106367,7.7505448],[-76.7107927,7.7503073],[-76.7110341,7.750286],[-76.7114203,7.7508069],[-76.7115276,7.7511099],[-76.7116617,7.7510514],[-76.7117368,7.7509026],[-76.7124664,7.7504242],[-76.7124718,7.7509292],[-76.7127078,7.7510248],[-76.7127614,7.7512853],[-76.7131048,7.7516999],[-76.7130457,7.7517637],[-76.7128634,7.7515989],[-76.7127507,7.7519922],[-76.71252,7.7518913],[-76.7120533,7.7529278]]]]},"properties":{"osm_id":12075091,"osm_type":"relation","uso_osm":"orchard","name":"Bananera"}},{"type":"Feature","geometry":{"type":"MultiPolygon","coordinates":[[[[-76.7037267,7.6738936],[-76.7026377,7.6737687],[-76.7013395,7.6734497],[-76.7007279,7.6732264],[-76.6999447,7.6728224],[-76.6991722,7.6725141],[-76.6974449,7.6719505],[-76.6966295,7.6716422],[-76.6959831,7.6712886],[-76.6952643,7.6708394],[-76.6948313,7.6705465],[-76.6947372,7.6704939],[-76.6941592,7.670143],[-76.6940112,7.6700682],[-76.7037267,7.6738936]]],[[[-76.6940112,7.6700682],[-76.6937542,7.6699383],[-76.6933974,7.6698877],[-76.6940112,7.6700682]]],[[[-76.6933974,7.6698877],[-76.6923875,7.6691716],[-76.6922107,7.669122],[-76.6918997,7.6690346],[-76.6914766,7.6684344],[-76.6933974,7.6698877]]],[[[-76.6914766,7.6684344],[-76.691782,7.668319],[-76.6919115,7.6682486],[-76.6914766,7.6684344]]],[[[-76.6919115,7.6682486],[-76.6923112,7.6680954],[-76.6926478,7.6678588],[-76.6929938,7.6675332],[-76.6933465,7.6671571],[-76.693575,7.667051],[-76.693763,7.666989],[-76.693966,7.666944],[-76.6942799,7.6669033],[-76.6919115,7.6682486]]],[[[-76.6983308,7.6654244],[-76.697409,7.6644521],[-76.6939258,7.6648586],[-76.6942799,7.6669033],[-76.6983308,7.6654244]]],[[[-76.6983308,7.6654244],[-76.6985093,7.665351],[-76.6987423,7.6652553],[-76.7001324,7.664409],[-76.7005483,7.6642676],[-76.701825,7.6632812],[-76.6983308,7.6654244]]],[[[-76.7207558,7.6774352],[-76.7208352,7.6773088],[-76.719593,7.6748281],[-76.719044,7.6721888],[-76.7173811,7.6695519],[-76.7163672,7.6699506],[-76.715069,7.6691957],[-76.7127837,7.6680207],[-76.7121883,7.6672711],[-76.7117538,7.666984],[-76.7093613,7.6662929],[-76.7086478,7.6657187],[-76.7084439,7.6654104],[-76.7086531,7.6634805],[-76.7088034,7.6628159],[-76.7087819,7.6620184],[-76.7084815,7.6618643],[-76.708165,7.6618643],[-76.7075534,7.6624012],[-76.7072691,7.6624703],[-76.7067166,7.6621939],[-76.7049571,7.6626086],[-76.7043723,7.6625448],[-76.7039432,7.6627627],[-76.7038252,7.6667607],[-76.7029025,7.6667767],[-76.7029883,7.6631827],[-76.701825,7.6632812],[-76.7207558,7.6774352]]],[[[-76.7190834,7.6749263],[-76.7191527,7.6749765],[-76.7191848,7.6750622],[-76.7191634,7.6751151],[-76.7190036,7.6753047],[-76.7190206,7.6754004],[-76.7192686,7.6756334],[-76.7193371,7.6758148],[-76.7191817,7.6761817],[-76.719203,7.6763622],[-76.7196537,7.6765544],[-76.7197395,7.6766181],[-76.7197974,7.6767091],[-76.719895,7.6767025],[-76.7200524,7.6765446],[-76.7201254,7.6765637],[-76.7201417,7.6766926],[-76.7200174,7.6770516],[-76.7200042,7.6772569],[-76.7200558,7.6773432],[-76.7201702,7.6773284],[-76.720407,7.6771072],[-76.7205049,7.6771122],[-76.7205718,7.6771651],[-76.720564,7.6772787],[-76.720586,7.6773473],[-76.7206718,7.6774153],[-76.7207558,7.6774352],[-76.7190834,7.6749263]]],[[[-76.7147876,7.6737127],[-76.7152312,7.6726482],[-76.7175709,7.6734489],[-76.7188318,7.6743329],[-76.7190834,7.6749263],[-76.7147876,7.6737127]]],[[[-76.712611,7.6731086],[-76.7127748,7.6727778],[-76.7128449,7.6727454],[-76.7131017,7.6729861],[-76.7132043,7.673],[-76.7133169,7.6729307],[-76.7133545,7.6728107],[-76.7134307,7.6726939],[-76.7135068,7.6726869],[-76.7135967,7.6727408],[-76.7135529,7.6729041],[-76.7135668,7.6730436],[-76.7136154,7.6732359],[-76.713685,7.6732488],[-76.713961,7.6731666],[-76.7141104,7.6732036],[-76.7142692,7.6735045],[-76.7147876,7.6737127],[-76.712611,7.6731086]]],[[[-76.7088769,7.6759478],[-76.7098981,7.674717],[-76.712135,7.6748744],[-76.7123966,7.6735415],[-76.712611,7.6731086],[-76.7088769,7.6759478]]],[[[-76.7076912,7.6760488],[-76.7077878,7.6760276],[-76.7078307,7.676001],[-76.7079434,7.6758202],[-76.7080668,7.6756926],[-76.7081365,7.6756447],[-76.7082063,7.6756287],[-76.708276,7.6756447],[-76.7085711,7.675783],[-76.7088769,7.6759478],[-76.7076912,7.6760488]]],[[[-76.7036272,7.6763493],[-76.7039359,7.6763998],[-76.7041719,7.6763573],[-76.7043275,7.6762775],[-76.7046655,7.6760329],[-76.7047406,7.6760063],[-76.7050035,7.6759638],[-76.7052824,7.6758521],[-76.7053844,7.6758308],[-76.7055399,7.6758414],[-76.7057653,7.6759212],[-76.7058887,7.6759318],[-76.7061408,7.6759903],[-76.70635,7.6759744],[-76.7065646,7.675985],[-76.7067148,7.6760222],[-76.7069509,7.6761605],[-76.7071011,7.6761765],[-76.7073747,7.6760382],[-76.7076912,7.6760488],[-76.7036272,7.6763493]]],[[[-76.7039219,7.6753709],[-76.7040915,7.674808],[-76.7041746,7.6744665],[-76.7041611,7.6742471],[-76.704011,7.6740239],[-76.7037267,7.6738936],[-76.7039219,7.6753709]]]]},"properties":{"osm_id":12075095,"osm_type":"relation","uso_osm":"orchard","name":"Palma de Aceite"}},{"type":"Feature","geometry":{"type":"MultiPolygon","coordinates":[[[[-76.677519,7.6929143],[-76.6778157,7.6921057],[-76.6819166,7.6856097],[-76.677519,7.6929143]]],[[[-76.6819166,7.6856097],[-76.6836748,7.6875897],[-76.6837361,7.6876748],[-76.6837824,7.6877485],[-76.6838273,7.6878549],[-76.6840473,7.6883613],[-76.684117,7.6884516],[-76.6842002,7.688526],[-76.6851993,7.6892238],[-76.6853066,7.6893261],[-76.685371,7.6894165],[-76.6854072,7.6895334],[-76.6855547,7.6900571],[-76.6819166,7.6856097]]],[[[-76.6855547,7.6900571],[-76.6863392,7.6925404],[-76.6863808,7.6926042],[-76.6864438,7.692666],[-76.6865022,7.6926866],[-76.6870775,7.6927437],[-76.6871915,7.6927836],[-76.6872525,7.6928268],[-76.6872954,7.692876],[-76.6873276,7.6929417],[-76.687333,7.6930328],[-76.6872653,7.6941326],[-76.6872029,7.6944389],[-76.6869441,7.6949998],[-76.6869213,7.6951087],[-76.6869294,7.695219],[-76.68716,7.6957826],[-76.6871922,7.6958822],[-76.6872042,7.6960138],[-76.6871989,7.6961294],[-76.6869495,7.6975289],[-76.6869481,7.6976033],[-76.6869709,7.6977216],[-76.6870098,7.6978],[-76.6870541,7.6978466],[-76.6872324,7.6979528],[-76.6872673,7.6979821],[-76.6878426,7.6986532],[-76.6878721,7.6987277],[-76.6878855,7.6987968],[-76.6878748,7.6988606],[-76.6877554,7.6992752],[-76.6877407,7.6994706],[-76.687797,7.6996447],[-76.6879298,7.6997829],[-76.6881685,7.6999065],[-76.6886902,7.700369],[-76.6896223,7.7011252],[-76.6897523,7.7013325],[-76.6897899,7.7015266],[-76.6897872,7.7024502],[-76.689806,7.7025845],[-76.6899227,7.7028383],[-76.6899267,7.7029393],[-76.6898838,7.7030842],[-76.6896437,7.7034643],[-76.6895995,7.7036822],[-76.6895847,7.7039919],[-76.6895892,7.704019],[-76.6855547,7.6900571]]],[[[-76.6942923,7.7133948],[-76.694457,7.7127879],[-76.6942694,7.7118515],[-76.6934802,7.7109677],[-76.6932395,7.7109712],[-76.692967,7.710887],[-76.6929245,7.7107152],[-76.693059,7.710368],[-76.6927016,7.7101575],[-76.6926379,7.7097753],[-76.6927228,7.7090843],[-76.6929953,7.70893],[-76.6930307,7.7087827],[-76.6922698,7.7080532],[-76.6923653,7.7079234],[-76.692337,7.7074079],[-76.6924291,7.7071238],[-76.6924114,7.7070501],[-76.6921388,7.7070396],[-76.6925848,7.7061663],[-76.6924538,7.7058402],[-76.6920964,7.7056543],[-76.6919583,7.7054158],[-76.6917283,7.7049633],[-76.6905604,7.7043776],[-76.6895892,7.704019],[-76.6942923,7.7133948]]],[[[-76.677519,7.6929143],[-76.6778138,7.6940761],[-76.6781813,7.6946263],[-76.6838488,7.7011651],[-76.6845328,7.7024542],[-76.6858927,7.7049447],[-76.6861206,7.7055986],[-76.6862628,7.7057421],[-76.6865632,7.7058697],[-76.6867483,7.7059149],[-76.6901091,7.7093676],[-76.6907528,7.7102633],[-76.6908682,7.7105982],[-76.6915897,7.7116216],[-76.6917613,7.7117624],[-76.6921878,7.7118874],[-76.6924533,7.7120442],[-76.6927457,7.7119033],[-76.6931534,7.7119405],[-76.6932714,7.7120468],[-76.6932929,7.7125279],[-76.693486,7.7128043],[-76.6933707,7.7130515],[-76.6934323,7.7132403],[-76.6938414,7.713433],[-76.6942692,7.7133758],[-76.6942923,7.7133948],[-76.677519,7.6929143]]],[[[-76.6945355,7.7144152],[-76.6897076,7.7155357],[-76.6893579,7.7154269],[-76.6885736,7.7148072],[-76.6882933,7.7144011],[-76.6873104,7.7135859],[-76.6865494,7.7125723],[-76.6835572,7.7108087],[-76.6834353,7.7106133],[-76.6830694,7.710007],[-76.6829047,7.7099365],[-76.6825795,7.7099022],[-76.6818152,7.7093664],[-76.6816282,7.7089313],[-76.6812684,7.7085083],[-76.6811281,7.7079141],[-76.6811627,7.7076502],[-76.6817623,7.7062401],[-76.6816322,7.705944],[-76.6814371,7.7057164],[-76.6813375,7.7056862],[-76.6807765,7.7056318],[-76.6805589,7.7056801],[-76.6793454,7.705529],[-76.6767211,7.7051423],[-76.6777422,7.697179],[-76.6776744,7.6969745],[-76.6762479,7.6955822],[-76.6770982,7.6938418],[-76.6775604,7.6941837],[-76.6836581,7.7012542],[-76.6856655,7.7047746],[-76.6859547,7.7057612],[-76.6860718,7.7059444],[-76.6862474,7.7060176],[-76.6866849,7.7060512],[-76.6877017,7.7072725],[-76.6899416,7.7095746],[-76.6907057,7.7109028],[-76.6914143,7.7118554],[-76.6917748,7.7121118],[-76.6930596,7.7123897],[-76.6930398,7.7130585],[-76.6931739,7.713287],[-76.6935306,7.7135449],[-76.6938042,7.7136405],[-76.6941851,7.7136831],[-76.6945355,7.7144152]]]]},"properties":{"osm_id":12078299,"osm_type":"relation","uso_osm":"orchard","name":"Bananera"}},{"type":"Feature","geometry":{"type":"MultiPolygon","coordinates":[[[[-76.6649956,7.6821428],[-76.6655619,7.6838404],[-76.6702266,7.6851521],[-76.6713237,7.6863587],[-76.6725341,7.6873758],[-76.672704,7.687944],[-76.6727252,7.6884842],[-76.673092,7.6887363],[-76.6741254,7.6835243],[-76.6724919,7.6828759],[-76.6726151,7.6823691],[-76.6715367,7.6821492],[-76.6706646,7.6809087],[-76.6649956,7.6821428]]],[[[-76.6744976,7.6817426],[-76.6744096,7.6816896],[-76.6717842,7.6811391],[-76.6706646,7.6809087],[-76.6744976,7.6817426]]],[[[-76.6744976,7.6817426],[-76.6748461,7.6793717],[-76.6738162,7.6791591],[-76.6736391,7.6788932],[-76.6737089,7.678133],[-76.6741166,7.6769103],[-76.6726628,7.6757991],[-76.6723141,7.6752303],[-76.6719601,7.6751027],[-76.6716007,7.6742627],[-76.6715148,7.6725881],[-76.6715075,7.6722712],[-76.6744976,7.6817426]]],[[[-76.670824,7.671406],[-76.67105,7.671485],[-76.671175,7.671547],[-76.671288,7.671649],[-76.671361,7.671737],[-76.671455,7.671899],[-76.671487,7.672063],[-76.671491,7.672155],[-76.6715075,7.6722712],[-76.670824,7.671406]]],[[[-76.670824,7.671406],[-76.6706274,7.6715777],[-76.6700759,7.6722739],[-76.670824,7.671406]]],[[[-76.6700759,7.6722739],[-76.6697339,7.6731991],[-76.6695429,7.6734556],[-76.6684891,7.6738983],[-76.6683197,7.6741762],[-76.6683197,7.674622],[-76.667573,7.677053],[-76.6700759,7.6722739]]],[[[-76.6682241,7.6792665],[-76.667641,7.67716],[-76.667573,7.677053],[-76.6682241,7.6792665]]]]},"properties":{"osm_id":12078300,"osm_type":"relation","uso_osm":"orchard","name":"Palma de Aceite"}},{"type":"Feature","geometry":{"type":"MultiPolygon","coordinates":[[[[-76.6629986,7.6681127],[-76.662961,7.6684402],[-76.6624223,7.6692178],[-76.6628857,7.6693609],[-76.6631093,7.6696107],[-76.6632496,7.6696832],[-76.6633533,7.6698262],[-76.6634366,7.6698303],[-76.6637436,7.6696751],[-76.6638879,7.6697114],[-76.6640139,7.6698121],[-76.6637578,7.6701828],[-76.6640769,7.6703057],[-76.6641908,7.6701163],[-76.6641806,7.6699088],[-76.6642436,7.6698504],[-76.6643635,7.6699391],[-76.6644591,7.6698444],[-76.6642111,7.6696812],[-76.6642477,7.6696067],[-76.664516,7.6695523],[-76.6653332,7.6696953],[-76.6655324,7.6695462],[-76.6662682,7.6700398],[-76.667065,7.668692],[-76.6673761,7.6692058],[-76.6675915,7.6688834],[-76.6678781,7.6692863],[-76.6681648,7.6694535],[-76.66812,7.6696067],[-76.6681444,7.6697577],[-76.6672683,7.671041],[-76.667557,7.6714459],[-76.6679107,7.6716071],[-76.6683904,7.6721228],[-76.6686181,7.6721994],[-76.6689331,7.6721712],[-76.6691872,7.6722779],[-76.6693214,7.6723988],[-76.6695775,7.6722296],[-76.6699068,7.6722356],[-76.6700759,7.6722739],[-76.6629986,7.6681127]]],[[[-76.6602494,7.6664978],[-76.6603138,7.6665729],[-76.6603627,7.6666546],[-76.6604747,7.6667596],[-76.6608126,7.6670441],[-76.6609548,7.6671477],[-76.6610433,7.6672514],[-76.661164,7.6674056],[-76.6615127,7.6677033],[-76.6619962,7.6681147],[-76.6622563,7.6681977],[-76.6625098,7.6681865],[-76.6628062,7.66811],[-76.6628753,7.6680888],[-76.6629537,7.6680854],[-76.6629986,7.6681127],[-76.6602494,7.6664978]]],[[[-76.6649956,7.6821428],[-76.6647111,7.6822473],[-76.6643919,7.6819868],[-76.6637133,7.6816252],[-76.6634156,7.6815561],[-76.6629838,7.6809421],[-76.662788,7.6808012],[-76.662501,7.68078],[-76.6623803,7.6808039],[-76.6620182,7.6810644],[-76.6618492,7.6810644],[-76.6617822,7.6807029],[-76.6613664,7.6805115],[-76.6612779,7.6799028],[-76.6611411,7.6796848],[-76.6608622,7.6796821],[-76.6606878,7.6795492],[-76.660661,7.6793738],[-76.66072,7.6790495],[-76.6606261,7.6787465],[-76.6603954,7.6785391],[-76.6599287,7.6782972],[-76.6596713,7.6779411],[-76.6593065,7.6778108],[-76.6589819,7.6770559],[-76.6585286,7.6765375],[-76.65807,7.6762186],[-76.656702,7.675974],[-76.6565411,7.6763887],[-76.6563292,7.6803972],[-76.656432,7.6812673],[-76.6544706,7.6816144],[-76.6523971,7.679305],[-76.6533684,7.6764865],[-76.653616,7.675857],[-76.6531723,7.674862],[-76.6530119,7.6690229],[-76.6532276,7.6687542],[-76.6537082,7.6682779],[-76.6547558,7.6680702],[-76.6546757,7.6676611],[-76.6555199,7.667429],[-76.6558896,7.6678626],[-76.6565921,7.667942],[-76.6580895,7.6688397],[-76.6584726,7.6688656],[-76.6588742,7.6687731],[-76.6590563,7.6685509],[-76.6590657,7.6683426],[-76.6588742,7.667852],[-76.6589769,7.6672319],[-76.6589816,7.6666811],[-76.6598596,7.6665747],[-76.6600791,7.6666302],[-76.6602494,7.6664978],[-76.6649956,7.6821428]]],[[[-76.6682241,7.6792665],[-76.667641,7.67716],[-76.667573,7.677053],[-76.6682241,7.6792665]]],[[[-76.6700759,7.6722739],[-76.6697339,7.6731991],[-76.6695429,7.6734556],[-76.6684891,7.6738983],[-76.6683197,7.6741762],[-76.6683197,7.674622],[-76.667573,7.677053],[-76.6700759,7.6722739]]]]},"properties":{"osm_id":12078301,"osm_type":"relation","uso_osm":"orchard","name":"Bananera"}},{"type":"Feature","geometry":{"type":"MultiPolygon","coordinates":[[[[-76.5840328,7.5015608],[-76.5836802,7.5013177],[-76.5833976,7.5016464],[-76.5829937,7.5012158],[-76.5840328,7.5015608]]],[[[-76.5829937,7.5012158],[-76.5831385,7.5009265],[-76.5834584,7.500857],[-76.5835658,7.5010908],[-76.5836755,7.501063],[-76.5837386,7.5009334],[-76.5838226,7.5007575],[-76.5839534,7.5007575],[-76.5840725,7.5006232],[-76.5841845,7.5006047],[-76.5842593,7.5006579],[-76.5842476,7.5008501],[-76.5841915,7.5010283],[-76.5842476,7.5013246],[-76.5840328,7.5015608],[-76.5829937,7.5012158]]]]},"properties":{"osm_id":12084466,"osm_type":"relation","uso_osm":"forest","name":""}},{"type":"Feature","geometry":{"type":"MultiPolygon","coordinates":[[[[-76.6233675,7.5012615],[-76.6232484,7.5006189],[-76.6243455,7.4997943],[-76.6251879,7.4990995],[-76.6256038,7.4998157],[-76.6272787,7.5002853],[-76.6275023,7.5003397],[-76.6275064,7.4990982],[-76.6269595,7.4985059],[-76.6246953,7.489114],[-76.6189291,7.4888657],[-76.6187381,7.4873719],[-76.6182575,7.487152],[-76.6177244,7.4874055],[-76.6175273,7.4873933],[-76.6173855,7.4873108],[-76.617176,7.486819],[-76.6170497,7.486819],[-76.6169573,7.4870359],[-76.6166738,7.4870512],[-76.615959,7.486874],[-76.6147843,7.4870185],[-76.6140305,7.4870782],[-76.6138111,7.4869519],[-76.6136943,7.4862641],[-76.613581,7.486229],[-76.6132271,7.4866045],[-76.6131705,7.4865553],[-76.6129086,7.4859799],[-76.6125299,7.4855588],[-76.6120662,7.4854535],[-76.611776,7.4849868],[-76.610778,7.4846745],[-76.6104099,7.4847552],[-76.6097162,7.4841692],[-76.6090084,7.4833165],[-76.6087323,7.4833691],[-76.6073273,7.4825059],[-76.60726,7.4822603],[-76.6056284,7.4808356],[-76.6046233,7.4801794],[-76.6041278,7.4801022],[-76.6037562,7.4798355],[-76.6010492,7.4759173],[-76.6004719,7.4745709],[-76.5999841,7.4734584],[-76.5984105,7.4707341],[-76.5975609,7.4687253],[-76.6233675,7.5012615]]],[[[-76.594851,7.4704199],[-76.5959078,7.4697941],[-76.5975609,7.4687253],[-76.594851,7.4704199]]],[[[-76.6287089,7.5063479],[-76.6219111,7.506691],[-76.619049,7.5065406],[-76.6191111,7.5078472],[-76.6187574,7.5082292],[-76.60447,7.5005777],[-76.6004445,7.4992721],[-76.5989742,7.4991592],[-76.5983626,7.5011589],[-76.5993068,7.5023716],[-76.5986309,7.5031374],[-76.5979228,7.5044032],[-76.5967319,7.5039458],[-76.596174,7.5040309],[-76.5953472,7.5049207],[-76.589333,7.4996911],[-76.5906024,7.4995934],[-76.5904957,7.4937052],[-76.5918883,7.4933936],[-76.5941005,7.4933936],[-76.5972247,7.4947743],[-76.5978656,7.4935035],[-76.5973233,7.4931248],[-76.5978286,7.4911575],[-76.5978163,7.4907543],[-76.5980381,7.4896423],[-76.5964051,7.487785],[-76.5963435,7.4874185],[-76.5960909,7.486722],[-76.5957889,7.4867281],[-76.5940266,7.4874124],[-76.5940327,7.4869175],[-76.5932132,7.4860194],[-76.5916542,7.48583],[-76.5913656,7.4858935],[-76.5905419,7.4828358],[-76.5907699,7.482512],[-76.5923597,7.4829091],[-76.5927541,7.483514],[-76.5947383,7.4846382],[-76.594615,7.4841188],[-76.595034,7.4839844],[-76.5953791,7.4829458],[-76.5953052,7.4825609],[-76.5923042,7.4807524],[-76.5919592,7.4778381],[-76.5946027,7.4765917],[-76.5965438,7.472932],[-76.5965684,7.4726449],[-76.5955763,7.4712335],[-76.594851,7.4704199],[-76.6287089,7.5063479]]],[[[-76.6287089,7.5063479],[-76.629884,7.506249],[-76.6301018,7.5061895],[-76.6316519,7.5061561],[-76.6325249,7.5060547],[-76.633474,7.5061935],[-76.6351262,7.5062042],[-76.6355949,7.5062815],[-76.6360559,7.5061175],[-76.6371808,7.5058653],[-76.6400972,7.5059013],[-76.642958,7.5063195],[-76.6436747,7.5067028],[-76.6438889,7.5066653],[-76.6442592,7.5063803],[-76.644874,7.5056838],[-76.6453834,7.5048448],[-76.6287089,7.5063479]]],[[[-76.6233675,7.5012615],[-76.6243364,7.5015574],[-76.6280391,7.5020395],[-76.63598,7.504619],[-76.6405968,7.5036391],[-76.644527,7.5024487],[-76.6448015,7.5030106],[-76.6447136,7.503383],[-76.644909,7.5041627],[-76.6451933,7.5042749],[-76.6453145,7.5047071],[-76.6453834,7.5048448],[-76.6233675,7.5012615]]]]},"properties":{"osm_id":12086017,"osm_type":"relation","uso_osm":"orchard","name":"Palma de Aceite"}},{"type":"Feature","geometry":{"type":"MultiPolygon","coordinates":[[[[-76.6368709,7.5597428],[-76.6387806,7.5628418],[-76.6384499,7.5686291],[-76.6395683,7.5707481],[-76.640176,7.5708022],[-76.6403905,7.5706799],[-76.6405997,7.5708235],[-76.6433034,7.5685262],[-76.6433356,7.5677605],[-76.6432927,7.5677126],[-76.6428367,7.5675318],[-76.6425417,7.5668458],[-76.6422198,7.5666863],[-76.6418443,7.5666863],[-76.6418497,7.5665321],[-76.6421876,7.5663938],[-76.6425792,7.5658301],[-76.6445587,7.5647506],[-76.6443798,7.5614593],[-76.6437073,7.5612001],[-76.6433944,7.5612881],[-76.6422316,7.5623621],[-76.6411715,7.560427],[-76.6409286,7.5595428],[-76.6416665,7.5590196],[-76.6431656,7.5603483],[-76.6433944,7.5602187],[-76.6434644,7.5599131],[-76.6439875,7.5597372],[-76.6438427,7.5594918],[-76.645127,7.5588854],[-76.6453651,7.5589502],[-76.6459629,7.5587697],[-76.646103,7.5587697],[-76.6464392,7.5589317],[-76.6472798,7.5588345],[-76.6476768,7.5589548],[-76.6481625,7.5587743],[-76.6482465,7.5588159],[-76.6485874,7.5591817],[-76.6489517,7.5591678],[-76.6498437,7.5590011],[-76.6495821,7.5584965],[-76.6470132,7.5559809],[-76.6474014,7.5558618],[-76.6468221,7.5548967],[-76.6481501,7.5543713],[-76.6473357,7.5533293],[-76.6368709,7.5597428]]],[[[-76.645576,7.5516294],[-76.6463539,7.552186],[-76.6470942,7.5531059],[-76.6473357,7.5533293],[-76.645576,7.5516294]]],[[[-76.645576,7.5516294],[-76.6443903,7.5524861],[-76.6419028,7.5545813],[-76.6416736,7.5548432],[-76.6416222,7.555001],[-76.6415058,7.5555719],[-76.6413577,7.5558919],[-76.6410603,7.5562211],[-76.6409784,7.5563829],[-76.6409777,7.5567382],[-76.6408809,7.5569935],[-76.6407007,7.5572001],[-76.640411,7.5574019],[-76.6392719,7.557922],[-76.6387611,7.5582502],[-76.6379938,7.5589332],[-76.6376748,7.5591913],[-76.6368709,7.5597428],[-76.645576,7.5516294]]]]},"properties":{"osm_id":12086019,"osm_type":"relation","uso_osm":"orchard","name":"Palma de Aceite"}},{"type":"Feature","geometry":{"type":"MultiPolygon","coordinates":[[[[-76.6548046,7.5470079],[-76.6549971,7.5457964],[-76.653788,7.5450921],[-76.6548046,7.5470079]]],[[[-76.653788,7.5450921],[-76.6532453,7.5456031],[-76.6529951,7.5458387],[-76.653788,7.5450921]]],[[[-76.6529951,7.5458387],[-76.6516147,7.5449416],[-76.65069,7.5455134],[-76.6506737,7.5458004],[-76.6508558,7.5460898],[-76.6508955,7.5462657],[-76.6507694,7.5466152],[-76.6508488,7.5469208],[-76.6507669,7.5471769],[-76.6506607,7.5474664],[-76.6506103,7.5477549],[-76.6529951,7.5458387]]],[[[-76.6506103,7.5477549],[-76.6502872,7.5482157],[-76.6501587,7.5485571],[-76.6500402,7.5487957],[-76.6498921,7.5488832],[-76.6491641,7.5490237],[-76.6490309,7.5490982],[-76.6506103,7.5477549]]],[[[-76.6550717,7.5507263],[-76.6533844,7.5514886],[-76.6527757,7.5515097],[-76.6525315,7.5513483],[-76.6524925,7.5512395],[-76.6520147,7.5509027],[-76.6519263,7.5510501],[-76.6516467,7.5510606],[-76.6514049,7.5511546],[-76.6490309,7.5490982],[-76.6550717,7.5507263]]],[[[-76.6550717,7.5507263],[-76.6551325,7.5506656],[-76.6552329,7.5505884],[-76.6553473,7.5505348],[-76.6570336,7.5500246],[-76.6550717,7.5507263]]],[[[-76.6570336,7.5500246],[-76.6570558,7.5500832],[-76.6571144,7.550149],[-76.6575354,7.5502699],[-76.6576195,7.5502802],[-76.6570336,7.5500246]]],[[[-76.6576195,7.5502802],[-76.6578963,7.5498569],[-76.6577006,7.5496003],[-76.6576576,7.5492045],[-76.6576195,7.5502802]]],[[[-76.6548046,7.5470079],[-76.6577102,7.5488854],[-76.6577566,7.5489513],[-76.6577672,7.5490216],[-76.6577379,7.5491018],[-76.6576576,7.5492045],[-76.6548046,7.5470079]]]]},"properties":{"osm_id":12086020,"osm_type":"relation","uso_osm":"orchard","name":"Palma de Aceite"}},{"type":"Feature","geometry":{"type":"MultiPolygon","coordinates":[[[[-76.6927016,7.6117459],[-76.6928276,7.6123975],[-76.6927784,7.6130812],[-76.6929065,7.613638],[-76.692197,7.6157282],[-76.6916156,7.6160701],[-76.6915367,7.6170566],[-76.6960669,7.626789],[-76.6982452,7.6255968],[-76.6927016,7.6117459]]],[[[-76.6982452,7.6255968],[-76.699661,7.6304983],[-76.6992496,7.630881],[-76.6991775,7.6310741],[-76.6991666,7.6313316],[-76.6989248,7.6316357],[-76.6988815,7.6319039],[-76.6987336,7.6321722],[-76.698499,7.6323617],[-76.6984016,7.6329448],[-76.6981887,7.6331093],[-76.6973442,7.6333668],[-76.6962688,7.6334527],[-76.6960451,7.6336208],[-76.6960162,7.6339391],[-76.6956698,7.6342109],[-76.6950058,7.6353555],[-76.6945078,7.6353519],[-76.6929335,7.6338293],[-76.6897623,7.6302899],[-76.6882925,7.6310082],[-76.6870575,7.628823],[-76.6863736,7.6287167],[-76.6862052,7.6288179],[-76.6862256,7.6290152],[-76.6863685,7.6293693],[-76.6860776,7.6296475],[-76.6863532,7.6300572],[-76.6862103,7.6303708],[-76.6862052,7.6307451],[-76.6857153,7.6309121],[-76.6854192,7.6317214],[-76.6853631,7.632121],[-76.6868268,7.633333],[-76.6865178,7.6338094],[-76.6850158,7.634524],[-76.6838461,7.6345443],[-76.6832721,7.635141],[-76.6834558,7.6353737],[-76.6842928,7.636011],[-76.6843439,7.6362437],[-76.6835579,7.6388841],[-76.6835579,7.6392584],[-76.6813532,7.6419595],[-76.6809143,7.6427587],[-76.6793628,7.6434871],[-76.6758516,7.6420404],[-76.6755045,7.642172],[-76.6754535,7.6427182],[-76.6748207,7.6445594],[-76.6735856,7.6454598],[-76.6711257,7.6465422],[-76.6676962,7.6476246],[-76.6673695,7.6467951],[-76.6652923,7.6477935],[-76.6612367,7.6401224],[-76.6652888,7.6383911],[-76.6683826,7.6367336],[-76.6686892,7.6367336],[-76.6694557,7.6345236],[-76.6703197,7.6328661],[-76.6744936,7.6363192],[-76.6813293,7.6281076],[-76.6806534,7.6275827],[-76.6814477,7.6265536],[-76.6807749,7.6259532],[-76.6982452,7.6255968]]],[[[-76.6733929,7.6312894],[-76.6732772,7.6314525],[-76.6733058,7.6315011],[-76.6735246,7.6316329],[-76.6737235,7.6315897],[-76.6738709,7.6315202],[-76.6740682,7.6314086],[-76.6744035,7.6313143],[-76.674617,7.6313586],[-76.6747138,7.6314254],[-76.6747995,7.6314288],[-76.6749539,7.6312899],[-76.6751115,7.6313689],[-76.6752945,7.6317193],[-76.6754639,7.6317467],[-76.6755913,7.6317115],[-76.6756854,7.6315908],[-76.6757313,7.6314461],[-76.6759271,7.6314014],[-76.6761781,7.6315451],[-76.6763145,7.6315707],[-76.6764393,7.6314523],[-76.677105,7.6302617],[-76.6772191,7.6301058],[-76.6774594,7.6299974],[-76.6807749,7.6259532],[-76.6733929,7.6312894]]],[[[-76.6733929,7.6312894],[-76.673661,7.631372],[-76.6748805,7.6298698],[-76.6756678,7.6289444],[-76.6752428,7.6284782],[-76.6750756,7.6277254],[-76.6783558,7.6239941],[-76.6776348,7.6233822],[-76.6782398,7.6227744],[-76.6787659,7.6225609],[-76.679085,7.622142],[-76.6751307,7.6185666],[-76.6753574,7.6181124],[-76.6754116,7.6160563],[-76.6757087,7.6147698],[-76.6765621,7.6111383],[-76.6764878,7.6077645],[-76.6768628,7.6073986],[-76.6772613,7.6077006],[-76.6775367,7.6076657],[-76.6777418,7.6074625],[-76.6784625,7.6074683],[-76.6791715,7.6078284],[-76.6827368,7.6137259],[-76.6835153,7.6138529],[-76.6839686,7.6140482],[-76.6868263,7.6122901],[-76.687122,7.6132864],[-76.6862745,7.6138138],[-76.6860676,7.6135794],[-76.6855157,7.6137943],[-76.6854862,7.6141947],[-76.6857325,7.6145268],[-76.6860873,7.6147612],[-76.6871121,7.6148882],[-76.6878709,7.6145073],[-76.6894476,7.6128859],[-76.6902261,7.6130226],[-76.6906597,7.6125538],[-76.6904823,7.6122901],[-76.690884,7.6119067],[-76.6733929,7.6312894]]],[[[-76.690884,7.6119067],[-76.6908945,7.6117479],[-76.6921871,7.6090863],[-76.690884,7.6119067]]]]},"properties":{"osm_id":12086021,"osm_type":"relation","uso_osm":"orchard","name":"Bananera"}},{"type":"Feature","geometry":{"type":"MultiPolygon","coordinates":[[[[-76.6982452,7.6255968],[-76.7108773,7.6186824],[-76.7055597,7.6125307],[-76.7052648,7.6121897],[-76.7031405,7.6131042],[-76.7015956,7.6086378],[-76.7009112,7.6077723],[-76.6996664,7.6084014],[-76.6952221,7.6102864],[-76.6927016,7.6117459],[-76.6982452,7.6255968]]],[[[-76.6927016,7.6117459],[-76.6928276,7.6123975],[-76.6927784,7.6130812],[-76.6929065,7.613638],[-76.692197,7.6157282],[-76.6916156,7.6160701],[-76.6915367,7.6170566],[-76.6960669,7.626789],[-76.6982452,7.6255968],[-76.6927016,7.6117459]]]]},"properties":{"osm_id":12086022,"osm_type":"relation","uso_osm":"orchard","name":"Aceite de Palma"}},{"type":"Feature","geometry":{"type":"MultiPolygon","coordinates":[[[[-76.7265957,7.615592],[-76.7263825,7.615673],[-76.725888,7.6163311],[-76.7250869,7.6167556],[-76.724842,7.6166853],[-76.7247311,7.6168121],[-76.7246371,7.6167922],[-76.7244307,7.6164105],[-76.7243567,7.616412],[-76.7243043,7.6165785],[-76.7242027,7.6166197],[-76.7240532,7.6165601],[-76.7239685,7.6165647],[-76.7238329,7.6166563],[-76.7235603,7.6167327],[-76.7234278,7.6167831],[-76.7233662,7.6169159],[-76.7232767,7.6169979],[-76.7242535,7.6178503],[-76.7230753,7.6205368],[-76.7217844,7.6222201],[-76.7199013,7.6227895],[-76.7190486,7.6227934],[-76.7199939,7.6244977],[-76.7206285,7.6248299],[-76.7230579,7.625427],[-76.7247874,7.6263438],[-76.7265957,7.615592]]],[[[-76.7247874,7.6263438],[-76.7250663,7.6262772],[-76.725172,7.626112],[-76.725172,7.6259427],[-76.7249133,7.6255459],[-76.7250258,7.6253596],[-76.7251116,7.6250797],[-76.725153,7.6246994],[-76.7247874,7.6263438]]],[[[-76.7311772,7.6190913],[-76.7312145,7.6193555],[-76.7311018,7.6207485],[-76.7299324,7.6210676],[-76.7278134,7.6230508],[-76.7264616,7.6250287],[-76.725153,7.6246994],[-76.7311772,7.6190913]]],[[[-76.7265957,7.615592],[-76.7270456,7.6159482],[-76.7270992,7.6159695],[-76.728521,7.6169797],[-76.7299964,7.6180325],[-76.7302056,7.6180485],[-76.7308226,7.6180006],[-76.7311928,7.6179527],[-76.7313215,7.6179687],[-76.7313537,7.6180112],[-76.7312172,7.6184981],[-76.7311772,7.6190913],[-76.7265957,7.615592]]]]},"properties":{"osm_id":12086023,"osm_type":"relation","uso_osm":"orchard","name":"Palma de Aceite"}},{"type":"Feature","geometry":{"type":"MultiPolygon","coordinates":[[[[-76.7205461,7.6345693],[-76.7258598,7.6406931],[-76.7263883,7.6408059],[-76.7266078,7.6409832],[-76.7266973,7.6413539],[-76.7280226,7.6411766],[-76.7283641,7.6413458],[-76.7288601,7.6412249],[-76.729909,7.6402498],[-76.7308278,7.6395084],[-76.7316165,7.641515],[-76.7316002,7.6434008],[-76.7319986,7.6443034],[-76.7290471,7.648655],[-76.7313644,7.6504521],[-76.7320881,7.6501942],[-76.7330963,7.6500089],[-76.7335516,7.6499847],[-76.7341208,7.6495012],[-76.7344786,7.6494609],[-76.7349258,7.6499041],[-76.7350559,7.6503151],[-76.7362511,7.6508631],[-76.7364056,7.6508389],[-76.7367264,7.6510405],[-76.7369785,7.6509086],[-76.7377211,7.6508693],[-76.7378028,7.650462],[-76.7380176,7.6503139],[-76.7383842,7.6504828],[-76.7385663,7.6499343],[-76.7385547,7.649696],[-76.738627,7.6496242],[-76.7389376,7.649527],[-76.7380832,7.647126],[-76.7377046,7.645523],[-76.737517,7.6456668],[-76.7373318,7.6456425],[-76.7205461,7.6345693]]],[[[-76.7205461,7.6345693],[-76.7211459,7.6343772],[-76.7212502,7.6342812],[-76.7214691,7.6339652],[-76.7215502,7.6337139],[-76.7215606,7.6334414],[-76.7216543,7.6331701],[-76.7218323,7.6330621],[-76.7219023,7.6330775],[-76.7220022,7.6328836],[-76.7205461,7.6345693]]],[[[-76.7212682,7.6301327],[-76.7210331,7.6310386],[-76.7210519,7.631238],[-76.7214089,7.6324315],[-76.7212682,7.6301327]]],[[[-76.7212682,7.6301327],[-76.7220012,7.6312089],[-76.7220119,7.6314482],[-76.7225323,7.6320729],[-76.7212682,7.6301327]]],[[[-76.7225323,7.6320729],[-76.7227284,7.631797],[-76.7227936,7.6312988],[-76.7229775,7.630975],[-76.7232991,7.6308367],[-76.7236127,7.6307815],[-76.7238284,7.63061],[-76.7239512,7.6304246],[-76.7225323,7.6320729]]],[[[-76.7239512,7.6304246],[-76.7261211,7.6318363],[-76.7293445,7.6361378],[-76.7309544,7.6393452],[-76.7321985,7.6387407],[-76.7323042,7.6383539],[-76.7326213,7.6382653],[-76.7339791,7.6388858],[-76.7347841,7.638636],[-76.735253,7.6386459],[-76.7239512,7.6304246]]],[[[-76.7318786,7.6312395],[-76.7324634,7.6322072],[-76.7331447,7.6334567],[-76.7331822,7.6334886],[-76.7331822,7.6335311],[-76.7343302,7.6357376],[-76.7343356,7.6358014],[-76.7345341,7.6362746],[-76.7348667,7.6369658],[-76.7355212,7.6382153],[-76.7354139,7.6384545],[-76.735253,7.6386459],[-76.7318786,7.6312395]]],[[[-76.7459768,7.6188674],[-76.745562,7.6191637],[-76.7454245,7.6196203],[-76.7451995,7.619605],[-76.7446881,7.6198096],[-76.744534,7.6198279],[-76.7440164,7.6201242],[-76.743733,7.6206158],[-76.7435081,7.6206891],[-76.7431352,7.6206555],[-76.7428764,7.6207227],[-76.7425683,7.6209976],[-76.7421462,7.6211686],[-76.742166,7.6242671],[-76.742353,7.626572],[-76.7427514,7.6291911],[-76.7401658,7.6293684],[-76.7387104,7.6292798],[-76.7359749,7.6285373],[-76.7307125,7.6293464],[-76.7313851,7.6303569],[-76.7316908,7.6309365],[-76.7318786,7.6312395],[-76.7459768,7.6188674]]],[[[-76.7485839,7.6171419],[-76.7479777,7.6172031],[-76.7457301,7.6180272],[-76.7456764,7.6180751],[-76.7456818,7.6181761],[-76.745956,7.6188187],[-76.7459768,7.6188674],[-76.7485839,7.6171419]]],[[[-76.7485839,7.6171419],[-76.7486107,7.6174663],[-76.7486322,7.6175141],[-76.7486375,7.6179768],[-76.7487086,7.618232],[-76.7485839,7.6171419]]],[[[-76.7487086,7.618232],[-76.7489206,7.6181975],[-76.7492062,7.6181576],[-76.7493081,7.6182161],[-76.7493778,7.6183384],[-76.7494529,7.6186894],[-76.7494851,7.6187691],[-76.7495549,7.6188649],[-76.7496031,7.6189074],[-76.7497051,7.6189553],[-76.7487086,7.618232]]],[[[-76.7497051,7.6189553],[-76.7492539,7.619292],[-76.7480737,7.6198237],[-76.7480845,7.6204511],[-76.7479665,7.6217006],[-76.7478471,7.6220626],[-76.7497051,7.6189553]]],[[[-76.7478471,7.6220626],[-76.7479983,7.6222135],[-76.7482088,7.622292],[-76.7483912,7.62228],[-76.749495,7.6219517],[-76.7498048,7.6218041],[-76.75025,7.6214705],[-76.7506121,7.6212738],[-76.7506993,7.6212738],[-76.7478471,7.6220626]]],[[[-76.7506993,7.6212738],[-76.7507288,7.6213322],[-76.7507167,7.621618],[-76.7507797,7.6217204],[-76.7508897,7.6217868],[-76.751052,7.6217895],[-76.7516689,7.6216592],[-76.7518754,7.6216513],[-76.75209,7.6217031],[-76.7522858,7.6218546],[-76.7526479,7.6219756],[-76.752778,7.6220912],[-76.7528678,7.6221311],[-76.7531951,7.622155],[-76.7535612,7.6223398],[-76.753808,7.6226043],[-76.753989,7.6229207],[-76.754095,7.6229632],[-76.7542559,7.6229646],[-76.7546046,7.6229008],[-76.7547454,7.6229101],[-76.7562246,7.6232703],[-76.7563225,7.623273],[-76.7565116,7.6231786],[-76.75669,7.6230217],[-76.7568818,7.6229539],[-76.7572801,7.6229513],[-76.7575765,7.6229141],[-76.7577964,7.6228263],[-76.7579332,7.6227147],[-76.758127,7.6226283],[-76.7581224,7.6228129],[-76.7580955,7.6238869],[-76.7506993,7.6212738]]],[[[-76.7535674,7.630134],[-76.7547798,7.6300649],[-76.755681,7.6300755],[-76.7562979,7.6299905],[-76.7565983,7.6299107],[-76.7573386,7.6298948],[-76.7577302,7.6300489],[-76.7578214,7.6300489],[-76.7579019,7.6299692],[-76.7579555,7.6290475],[-76.7579984,7.6264602],[-76.7580199,7.6264123],[-76.7580521,7.625668],[-76.7580521,7.624913],[-76.7580735,7.6245355],[-76.7580628,7.6242112],[-76.7580955,7.6238869],[-76.7535674,7.630134]]],[[[-76.7454188,7.6260246],[-76.7456979,7.6260189],[-76.7484283,7.6261146],[-76.7493296,7.6262103],[-76.7495602,7.6262741],[-76.7499948,7.6264389],[-76.7502844,7.6265878],[-76.7503649,7.6266782],[-76.7504024,7.6267739],[-76.75044,7.6270344],[-76.7505312,7.6274491],[-76.7506653,7.6278478],[-76.7507565,7.6280286],[-76.7511213,7.6285337],[-76.7512768,7.6286772],[-76.7515182,7.6288261],[-76.7517811,7.628959],[-76.7522639,7.6292568],[-76.7526126,7.629496],[-76.7531812,7.629932],[-76.7534709,7.6301127],[-76.7535674,7.630134],[-76.7454188,7.6260246]]],[[[-76.7454188,7.6260246],[-76.7446277,7.6289965],[-76.7441652,7.6324448],[-76.7437655,7.6348986],[-76.743614,7.6366026],[-76.7435429,7.6368951],[-76.7429099,7.6381605],[-76.7424647,7.6387001],[-76.7423601,7.6388809],[-76.7422581,7.6392478],[-76.7421133,7.6399788],[-76.742116,7.6402101],[-76.7421294,7.6404254],[-76.7420704,7.6405185],[-76.7407427,7.6412256],[-76.7376836,7.6427302],[-76.7366429,7.6434135],[-76.7365303,7.643888],[-76.7364787,7.644915],[-76.7365665,7.6451892],[-76.7367046,7.6453434],[-76.7368387,7.6453873],[-76.7372156,7.6454657],[-76.7372867,7.6455189],[-76.7373318,7.6456425],[-76.7454188,7.6260246]]]]},"properties":{"osm_id":12086024,"osm_type":"relation","uso_osm":"orchard","name":"Aceite de Palma"}},{"type":"Feature","geometry":{"type":"MultiPolygon","coordinates":[[[[-76.7256742,7.6115046],[-76.7253071,7.6113612],[-76.7244944,7.6106713],[-76.7250833,7.60894],[-76.7255688,7.6084481],[-76.7262528,7.6073581],[-76.7263708,7.6070125],[-76.7277974,7.6076375],[-76.7256742,7.6115046]]],[[[-76.7277974,7.6076375],[-76.7273353,7.6100779],[-76.7272816,7.6102693],[-76.7271851,7.6105086],[-76.7269222,7.6110669],[-76.7266271,7.6113222],[-76.7264608,7.61137],[-76.7256742,7.6115046],[-76.7277974,7.6076375]]]]},"properties":{"osm_id":12086025,"osm_type":"relation","uso_osm":"orchard","name":"Palma de Aceite"}},{"type":"Feature","geometry":{"type":"MultiPolygon","coordinates":[[[[-76.7358414,7.6558312],[-76.7371006,7.6557949],[-76.7374137,7.6560084],[-76.7382268,7.6525634],[-76.7385764,7.6517133],[-76.7379706,7.6509114],[-76.7375844,7.6511975],[-76.7372104,7.6511089],[-76.7367874,7.6513576],[-76.7358414,7.6558312]]],[[[-76.7367874,7.6513576],[-76.736773,7.6515206],[-76.7358509,7.6557036],[-76.7358414,7.6558312],[-76.7367874,7.6513576]]]]},"properties":{"osm_id":12086028,"osm_type":"relation","uso_osm":"forest","name":""}},{"type":"Feature","geometry":{"type":"MultiPolygon","coordinates":[[[[-76.7082671,7.691882],[-76.7048398,7.6893155],[-76.704416,7.6890975],[-76.7038018,7.6885739],[-76.7036542,7.6884117],[-76.7026796,7.6858144],[-76.702238,7.6842677],[-76.7021146,7.6840205],[-76.7014307,7.6834357],[-76.700001,7.6817957],[-76.6998898,7.6817332],[-76.6997731,7.6817013],[-76.699643,7.681688],[-76.6994901,7.6816933],[-76.6993707,7.6817025],[-76.6991884,7.6817319],[-76.6985178,7.6820322],[-76.6983703,7.6820828],[-76.6981611,7.682112],[-76.6975281,7.6821652],[-76.6972947,7.6821306],[-76.6970104,7.6820349],[-76.695821,7.681195],[-76.695699,7.681094],[-76.695607,7.681045],[-76.6947695,7.6808576],[-76.7082671,7.691882]]],[[[-76.6887758,7.6843248],[-76.6938238,7.6814046],[-76.6947695,7.6808576],[-76.6887758,7.6843248]]],[[[-76.6887758,7.6843248],[-76.6887562,7.6840672],[-76.6885448,7.6838727],[-76.6887758,7.6843248]]],[[[-76.6864931,7.6860618],[-76.6904116,7.6928101],[-76.6952724,7.7013374],[-76.6864931,7.6860618]]],[[[-76.701834,7.6960457],[-76.6987197,7.6977989],[-76.699621,7.6993565],[-76.6976039,7.7004941],[-76.6974215,7.7001699],[-76.6952724,7.7013374],[-76.701834,7.6960457]]]]},"properties":{"osm_id":12086029,"osm_type":"relation","uso_osm":"orchard","name":"Palma de Aceite"}},{"type":"Feature","geometry":{"type":"MultiPolygon","coordinates":[[[[-76.701834,7.6960457],[-76.7018096,7.696612],[-76.7048936,7.7039328],[-76.706444,7.7038772],[-76.706388,7.7046362],[-76.7068244,7.7050553],[-76.7066656,7.7055273],[-76.7067403,7.7057541],[-76.7070906,7.7062307],[-76.7081553,7.7068324],[-76.7112282,7.7055042],[-76.7131195,7.7043703],[-76.7126852,7.7036484],[-76.7127039,7.7032134],[-76.7129238,7.7031027],[-76.701834,7.6960457]]],[[[-76.7129238,7.7031027],[-76.7127925,7.7029539],[-76.7125887,7.7026908],[-76.712358,7.7021751],[-76.7123392,7.7020555],[-76.7123929,7.7018322],[-76.7123902,7.7017259],[-76.7123124,7.7016249],[-76.7111188,7.7009976],[-76.7108345,7.7007983],[-76.7106253,7.7005325],[-76.7105636,7.7002321],[-76.7106736,7.6976512],[-76.7105985,7.6967209],[-76.710231,7.6943499],[-76.7101184,7.6939804],[-76.709123,7.6927398],[-76.7082671,7.691882],[-76.7129238,7.7031027]]]]},"properties":{"osm_id":12086030,"osm_type":"relation","uso_osm":"orchard","name":"Bananera"}},{"type":"Feature","geometry":{"type":"MultiPolygon","coordinates":[[[[-76.7363316,7.7185641],[-76.7353393,7.7263037],[-76.735937,7.727415],[-76.736128,7.7274822],[-76.7368983,7.7282943],[-76.7372742,7.7288805],[-76.7369661,7.7296926],[-76.7375022,7.7302971],[-76.7378103,7.7303948],[-76.7380075,7.7303948],[-76.738445,7.7301017],[-76.7387568,7.7301508],[-76.7391677,7.7302434],[-76.7392798,7.7304007],[-76.7394199,7.7304192],[-76.739588,7.7308588],[-76.7398122,7.7310254],[-76.7398729,7.7311689],[-76.740013,7.7312244],[-76.7402185,7.7316779],[-76.7403773,7.731826],[-76.7407742,7.7318352],[-76.7408956,7.7320481],[-76.7415401,7.7321592],[-76.7416382,7.7322425],[-76.7420351,7.7323628],[-76.7422499,7.7326589],[-76.7429458,7.7330153],[-76.7430298,7.7332698],[-76.7424834,7.7344267],[-76.744202,7.7356298],[-76.7431886,7.7377492],[-76.7445056,7.7380268],[-76.7451173,7.7383924],[-76.7461541,7.7386886],[-76.7469106,7.7383878],[-76.7463035,7.7372309],[-76.7479427,7.7375086],[-76.7482369,7.7363054],[-76.7498574,7.7368191],[-76.7501749,7.7360185],[-76.7512304,7.7363748],[-76.7511977,7.7359121],[-76.7504598,7.734982],[-76.7503524,7.7340888],[-76.7500815,7.7340102],[-76.7499508,7.7347089],[-76.7497729,7.7346932],[-76.7498469,7.7341559],[-76.7491629,7.7341529],[-76.7489934,7.7343727],[-76.7488671,7.7343452],[-76.7488671,7.7340643],[-76.7492515,7.7338749],[-76.7495276,7.7336987],[-76.7491514,7.733437],[-76.7490528,7.7334823],[-76.748941,7.7333756],[-76.7484623,7.7330986],[-76.7483342,7.7330684],[-76.7481065,7.7331298],[-76.7480445,7.7333635],[-76.7480425,7.7338671],[-76.7479114,7.7338801],[-76.7478402,7.7342286],[-76.7473066,7.7342759],[-76.7471013,7.7343847],[-76.7470109,7.7344945],[-76.7468509,7.7352658],[-76.7463456,7.7353193],[-76.7464984,7.73414],[-76.7466,7.7335357],[-76.7467627,7.7316624],[-76.7469944,7.7305385],[-76.7455999,7.7282865],[-76.7460485,7.7279736],[-76.7457025,7.7273809],[-76.7472555,7.7263922],[-76.7472421,7.7263151],[-76.7470945,7.7262965],[-76.7467405,7.7259137],[-76.7453377,7.726735],[-76.7446296,7.7255177],[-76.7440127,7.7257463],[-76.7428139,7.7237963],[-76.7435068,7.7234255],[-76.7363316,7.7185641]]],[[[-76.7380242,7.7200184],[-76.7379755,7.7196496],[-76.736823,7.7188438],[-76.7363316,7.7185641],[-76.7380242,7.7200184]]],[[[-76.7380242,7.7200184],[-76.7393745,7.7208153],[-76.7403013,7.7210678],[-76.7420983,7.7223729],[-76.7433563,7.7232234],[-76.7434555,7.723343],[-76.7435068,7.7234255],[-76.7380242,7.7200184]]]]},"properties":{"osm_id":12086031,"osm_type":"relation","uso_osm":"orchard","name":"Bananera"}},{"type":"Feature","geometry":{"type":"MultiPolygon","coordinates":[[[[-76.7108774,7.6900365],[-76.7111204,7.6914033],[-76.7126856,7.6932243],[-76.7135109,7.6939253],[-76.714072,7.6950011],[-76.7142102,7.6956779],[-76.7141086,7.6962983],[-76.7138728,7.6967254],[-76.7141492,7.6970598],[-76.7141736,7.6976561],[-76.7144785,7.6981556],[-76.7144501,7.6985948],[-76.7144988,7.699183],[-76.714198,7.6996664],[-76.7144216,7.7002869],[-76.7144419,7.7012941],[-76.7142102,7.7019467],[-76.7138606,7.7022771],[-76.7140191,7.7033649],[-76.7143565,7.7040739],[-76.7146818,7.7044124],[-76.7158079,7.7060279],[-76.7165397,7.7063381],[-76.7176049,7.7065315],[-76.719166,7.7062374],[-76.7204832,7.706318],[-76.7213898,7.7068216],[-76.7217313,7.7072365],[-76.7217882,7.7076797],[-76.7217028,7.7080946],[-76.7215321,7.7083686],[-76.7234063,7.7084814],[-76.7236624,7.7086103],[-76.7243739,7.7089125],[-76.7249308,7.7094241],[-76.7251666,7.7097182],[-76.7256667,7.7100889],[-76.7264269,7.7110034],[-76.7271709,7.7118051],[-76.7273417,7.7121274],[-76.7291183,7.7135455],[-76.7299639,7.714037],[-76.7348055,7.7166361],[-76.7354171,7.7171624],[-76.7360823,7.7174707],[-76.7369245,7.7181245],[-76.7375843,7.7183691],[-76.7425893,7.7212609],[-76.7424552,7.721532],[-76.743276,7.7221273],[-76.7442308,7.722728],[-76.744719,7.7228184],[-76.7448477,7.7231852],[-76.7455719,7.7235945],[-76.7463927,7.7239666],[-76.7475836,7.7232064],[-76.7482971,7.723233],[-76.753286,7.7218456],[-76.7533074,7.7225632],[-76.7538063,7.7224569],[-76.7542998,7.7228237],[-76.7542462,7.723451],[-76.753919,7.7235307],[-76.7538975,7.7231373],[-76.7530177,7.723057],[-76.7519878,7.723271],[-76.7520196,7.7235164],[-76.7504694,7.7239724],[-76.7506606,7.724516],[-76.7499633,7.7247825],[-76.7500447,7.7253086],[-76.7513259,7.7249228],[-76.7513436,7.7254243],[-76.7500093,7.7257785],[-76.7500872,7.7261327],[-76.7506252,7.7263502],[-76.7508057,7.7265957],[-76.7513649,7.7263782],[-76.7515347,7.7266868],[-76.7517931,7.726764],[-76.7525413,7.7267488],[-76.7531051,7.7269015],[-76.7534779,7.7265473],[-76.7534163,7.72532],[-76.7541589,7.7252376],[-76.7541311,7.7253811],[-76.7544854,7.7254696],[-76.7546333,7.7253505],[-76.7548737,7.7252864],[-76.7552619,7.7252589],[-76.7554252,7.7253139],[-76.7559428,7.7252315],[-76.756254,7.7255215],[-76.7561615,7.7257016],[-76.7570982,7.7267397],[-76.7575326,7.7267275],[-76.7583706,7.7263092],[-76.7579639,7.7256528],[-76.7575634,7.7255551],[-76.7574925,7.7249689],[-76.7569133,7.7246392],[-76.7568332,7.7243461],[-76.7604177,7.7227102],[-76.7602089,7.7222858],[-76.7613541,7.7116903],[-76.7687772,7.7116458],[-76.7692325,7.7118956],[-76.772989,7.7118876],[-76.7732602,7.7120582],[-76.7108774,7.6900365]]],[[[-76.777333,7.7142037],[-76.775921,7.7142663],[-76.7755991,7.7143593],[-76.7746898,7.7141919],[-76.7741427,7.7136869],[-76.7735375,7.7125932],[-76.7733144,7.7121122],[-76.7732602,7.7120582],[-76.777333,7.7142037]]],[[[-76.778652,7.7104715],[-76.7783123,7.7134358],[-76.7777066,7.7138467],[-76.7772269,7.7137541],[-76.7772187,7.7139152],[-76.777333,7.7142037],[-76.778652,7.7104715]]],[[[-76.778652,7.7104715],[-76.7771709,7.7099125],[-76.7754811,7.7089078],[-76.7750681,7.7088706],[-76.7735714,7.7091842],[-76.7733836,7.7091311],[-76.77333,7.7089131],[-76.7738559,7.7052506],[-76.778652,7.7104715]]],[[[-76.7789938,7.7025591],[-76.7788138,7.702631],[-76.7786112,7.7027679],[-76.7784825,7.702922],[-76.7780708,7.7036437],[-76.7779487,7.7037646],[-76.7773426,7.7039693],[-76.7771816,7.7039613],[-76.7763327,7.7040543],[-76.7761664,7.7041221],[-76.7759773,7.7041248],[-76.7755079,7.7040915],[-76.7754154,7.7041115],[-76.7751418,7.7041912],[-76.7739302,7.7043147],[-76.7789938,7.7025591]]],[[[-76.7789938,7.7025591],[-76.7787984,7.7019542],[-76.7803179,7.7003173],[-76.7809843,7.6995995],[-76.7789938,7.7025591]]],[[[-76.7809843,7.6995995],[-76.7801693,7.699445],[-76.7794343,7.6992536],[-76.7791253,7.6991698],[-76.7809843,7.6995995]]],[[[-76.7772767,7.6994587],[-76.7778691,7.7003955],[-76.7791253,7.6991698],[-76.7772767,7.6994587]]],[[[-76.7779054,7.6988389],[-76.7777767,7.6988602],[-76.7775138,7.699142],[-76.7772767,7.6994587],[-76.7779054,7.6988389]]],[[[-76.7766758,7.7002098],[-76.7765495,7.6998692],[-76.7768445,7.6995928],[-76.7770323,7.6986625],[-76.7779054,7.6988389],[-76.7766758,7.7002098]]],[[[-76.7766758,7.7002098],[-76.7765325,7.7003889],[-76.775288,7.7014468],[-76.7743116,7.7019359],[-76.7766758,7.7002098]]],[[[-76.739385,7.688231],[-76.7423681,7.6856813],[-76.7431993,7.6861349],[-76.7437037,7.6888469],[-76.7432741,7.6889117],[-76.7432087,7.6900502],[-76.7437597,7.6903278],[-76.7444322,7.6903556],[-76.7455904,7.6906888],[-76.7455156,7.6909665],[-76.7483737,7.692142],[-76.7492236,7.6914941],[-76.7500362,7.6907351],[-76.7477199,7.6893004],[-76.7482336,7.6880138],[-76.7487099,7.6880694],[-76.7502417,7.6866347],[-76.7523432,7.6872734],[-76.755388,7.6891153],[-76.7546035,7.6900872],[-76.7568357,7.6910128],[-76.7591894,7.6912164],[-76.7596564,7.6915959],[-76.7604783,7.6912349],[-76.7632056,7.6914571],[-76.7632833,7.693969],[-76.7636655,7.6945862],[-76.7641398,7.6949721],[-76.7651944,7.695414],[-76.7669428,7.6952246],[-76.7676995,7.6964716],[-76.7678052,7.697084],[-76.7680004,7.69793],[-76.7687855,7.6977828],[-76.768984,7.6971661],[-76.7693917,7.6969269],[-76.769499,7.6972458],[-76.7696331,7.6981762],[-76.7692844,7.6982718],[-76.7692737,7.6986599],[-76.76944,7.6992128],[-76.7686755,7.699366],[-76.7689377,7.70078],[-76.7700564,7.7012191],[-76.7697554,7.6995942],[-76.7699939,7.6994914],[-76.7703212,7.6994083],[-76.77027,7.6990613],[-76.7701534,7.6990799],[-76.7698852,7.6981177],[-76.7707113,7.6978846],[-76.7715428,7.6976499],[-76.7713256,7.6971109],[-76.7738705,7.6961923],[-76.7741714,7.6956927],[-76.7748137,7.6960312],[-76.7755455,7.6970464],[-76.7740657,7.6977474],[-76.7745373,7.6985129],[-76.7728217,7.6997135],[-76.7716508,7.6998505],[-76.772098,7.702163],[-76.7743116,7.7019359],[-76.739385,7.688231]]],[[[-76.7322593,7.6928777],[-76.7323767,7.6925797],[-76.7324602,7.6924511],[-76.7326986,7.6923815],[-76.7328301,7.6922033],[-76.7330546,7.6921156],[-76.7332212,7.6919941],[-76.7332714,7.6918988],[-76.7332692,7.6918034],[-76.7331223,7.691621],[-76.7331518,7.6914936],[-76.7333905,7.6913284],[-76.7333873,7.6911752],[-76.7333142,7.6907634],[-76.7333272,7.6906172],[-76.7334512,7.6904141],[-76.733456,7.6902266],[-76.7334921,7.6901249],[-76.7338495,7.6900027],[-76.7340141,7.6898477],[-76.7341984,7.6897737],[-76.7343773,7.6897965],[-76.7346553,7.6895949],[-76.7350326,7.6895573],[-76.7354723,7.689307],[-76.7357227,7.6892583],[-76.7361187,7.689304],[-76.7362002,7.6892933],[-76.7363355,7.6891481],[-76.7366991,7.6890825],[-76.7369041,7.6888998],[-76.7371026,7.6888167],[-76.7371976,7.688586],[-76.7373144,7.688543],[-76.7375624,7.6885533],[-76.737807,7.6886127],[-76.7379524,7.6885842],[-76.7380745,7.6884356],[-76.738551,7.6880786],[-76.739385,7.688231],[-76.7322593,7.6928777]]],[[[-76.7297748,7.6934841],[-76.7296075,7.6938729],[-76.7300511,7.6942941],[-76.7298736,7.6945301],[-76.7298923,7.6946828],[-76.7305508,7.6945486],[-76.7311252,7.6945023],[-76.7311719,7.6956038],[-76.7325589,7.6957102],[-76.7327644,7.6954187],[-76.7329792,7.6952613],[-76.7325402,7.6943219],[-76.7328858,7.6941876],[-76.7322227,7.6929706],[-76.7322348,7.6929398],[-76.7297748,7.6934841]]],[[[-76.7275761,7.6939755],[-76.7276123,7.6938789],[-76.7276653,7.693842],[-76.7277722,7.6938045],[-76.7278803,7.6936086],[-76.7280547,7.6935696],[-76.7281612,7.6934564],[-76.7282268,7.6934315],[-76.728326,7.693472],[-76.7285037,7.6934717],[-76.7286602,7.6934028],[-76.7288031,7.6932962],[-76.7289913,7.6933776],[-76.7291253,7.6933593],[-76.7292852,7.6934021],[-76.7293345,7.6934092],[-76.7294112,7.6933773],[-76.7295042,7.6933753],[-76.7296488,7.6934963],[-76.7297748,7.6934841],[-76.7275761,7.6939755]]],[[[-76.7088769,7.6759478],[-76.7090599,7.6760716],[-76.7096515,7.6762242],[-76.709901,7.6764288],[-76.7100058,7.6766884],[-76.7105265,7.676899],[-76.7106189,7.6770273],[-76.7105819,7.6773296],[-76.7105881,7.6774639],[-76.7108007,7.6776838],[-76.7110102,7.6781235],[-76.7112259,7.6782181],[-76.7114662,7.6782364],[-76.7119376,7.6781174],[-76.712409,7.6781387],[-76.7126647,7.6783342],[-76.7136846,7.6783433],[-76.7144795,7.6794242],[-76.7154438,7.6796838],[-76.715423,7.6802004],[-76.7149699,7.680495],[-76.7148284,7.6822066],[-76.7140002,7.6843532],[-76.7144957,7.6850126],[-76.7145736,7.6852932],[-76.7147434,7.6853493],[-76.7158972,7.6851739],[-76.7168811,7.6845917],[-76.7173058,7.6845847],[-76.7187869,7.6850487],[-76.7190629,7.6852732],[-76.7190771,7.6856941],[-76.7242301,7.6843122],[-76.7244566,7.6846208],[-76.7229065,7.6879178],[-76.7216465,7.6898749],[-76.7214258,7.6898997],[-76.7212112,7.6898731],[-76.7209215,7.6898944],[-76.7205299,7.6898147],[-76.7203046,7.6901336],[-76.7201007,7.69024],[-76.7197199,7.6910374],[-76.7188762,7.6917503],[-76.7161085,7.6932023],[-76.7143672,7.6935671],[-76.7163846,7.6972288],[-76.720844,7.7016339],[-76.725514,7.6976753],[-76.7259104,7.6976402],[-76.7272906,7.6993728],[-76.7274393,7.6993728],[-76.7277437,7.6996604],[-76.7279772,7.6995131],[-76.7277932,7.698987],[-76.7280339,7.6988537],[-76.7283666,7.6997025],[-76.7287913,7.6996534],[-76.72877,7.6994009],[-76.7292301,7.6992115],[-76.7295203,7.6988537],[-76.7293575,7.6987766],[-76.7293009,7.6986573],[-76.7287417,7.6986152],[-76.7286001,7.6984679],[-76.7280268,7.6981032],[-76.7277012,7.6981382],[-76.7274039,7.69851],[-76.7269863,7.6983837],[-76.7266467,7.6959787],[-76.7268802,7.6960157],[-76.7270109,7.6963165],[-76.7274079,7.69646],[-76.7275246,7.6961962],[-76.7273659,7.6959601],[-76.7275994,7.695775],[-76.7277068,7.6954511],[-76.7273659,7.6954048],[-76.7271604,7.6944885],[-76.727618,7.6943496],[-76.7275761,7.6939755],[-76.7088769,7.6759478]]],[[[-76.7076912,7.6760488],[-76.7077878,7.6760276],[-76.7078307,7.676001],[-76.7079434,7.6758202],[-76.7080668,7.6756926],[-76.7081365,7.6756447],[-76.7082063,7.6756287],[-76.708276,7.6756447],[-76.7085711,7.675783],[-76.7088769,7.6759478],[-76.7076912,7.6760488]]],[[[-76.7039219,7.6753709],[-76.7033127,7.6752933],[-76.7030663,7.675443],[-76.7028783,7.6757391],[-76.7026534,7.6757422],[-76.7026534,7.6759895],[-76.7030447,7.676246],[-76.7032111,7.676191],[-76.7035346,7.6763529],[-76.703362,7.6769575],[-76.7039289,7.6772395],[-76.7037703,7.6777149],[-76.7071937,7.6791131],[-76.7076912,7.6760488],[-76.7039219,7.6753709]]],[[[-76.7039219,7.6753709],[-76.7040915,7.674808],[-76.7041746,7.6744665],[-76.7041611,7.6742471],[-76.704011,7.6740239],[-76.7037267,7.6738936],[-76.7039219,7.6753709]]],[[[-76.7037267,7.6738936],[-76.7026377,7.6737687],[-76.7013395,7.6734497],[-76.7007279,7.6732264],[-76.6999447,7.6728224],[-76.6991722,7.6725141],[-76.6974449,7.6719505],[-76.6966295,7.6716422],[-76.6959831,7.6712886],[-76.6952643,7.6708394],[-76.6948313,7.6705465],[-76.6947372,7.6704939],[-76.6941592,7.670143],[-76.6940112,7.6700682],[-76.7037267,7.6738936]]],[[[-76.6940112,7.6700682],[-76.6932592,7.6714307],[-76.6915273,7.6708505],[-76.691259,7.6720109],[-76.690708,7.673149],[-76.689701,7.6743889],[-76.6893969,7.6747151],[-76.6895877,7.6752132],[-76.6896054,7.6755709],[-76.6889542,7.6767319],[-76.6891028,7.676767],[-76.6893506,7.6765074],[-76.6898071,7.6762689],[-76.6905221,7.6763531],[-76.6909822,7.6765671],[-76.6911804,7.6769459],[-76.6911556,7.6772019],[-76.6910777,7.6772159],[-76.6910317,7.677023],[-76.6909043,7.6767459],[-76.690738,7.6766512],[-76.6906672,7.6766723],[-76.6906495,7.6770195],[-76.6905079,7.6771142],[-76.6901858,7.677023],[-76.6900407,7.6773492],[-76.6901788,7.6774264],[-76.6903734,7.6773913],[-76.6904867,7.6774755],[-76.6906955,7.6774755],[-76.691145,7.6776088],[-76.6911627,7.677735],[-76.6916511,7.6783769],[-76.6916334,7.6785909],[-76.6921855,7.6788083],[-76.6924757,7.6787206],[-76.6938454,7.6778227],[-76.6942665,7.6777806],[-76.6947939,7.6778648],[-76.695208,7.6782401],[-76.6958769,7.6785347],[-76.696298,7.6785207],[-76.6978624,7.6780086],[-76.6983543,7.6779034],[-76.698602,7.6779665],[-76.6990409,7.6782997],[-76.6996249,7.6793871],[-76.6995895,7.6796501],[-76.6992143,7.6801271],[-76.700046,7.6802078],[-76.7001628,7.6804744],[-76.700446,7.6806392],[-76.7005238,7.6810496],[-76.7008601,7.6812074],[-76.7010335,7.6814073],[-76.7011113,7.681709],[-76.7013502,7.6820728],[-76.6940112,7.6700682]]],[[[-76.7108774,7.6900365],[-76.7106521,7.689877],[-76.7103839,7.6896857],[-76.710062,7.6895581],[-76.7097616,7.6894943],[-76.7094076,7.6894836],[-76.7091823,7.6894624],[-76.7089784,7.6894411],[-76.7087746,7.6893135],[-76.7083025,7.6885374],[-76.7083465,7.6882184],[-76.7084849,7.6878888],[-76.7085659,7.6875613],[-76.7085568,7.6871913],[-76.7080584,7.6866208],[-76.7078197,7.6865278],[-76.7071116,7.6864002],[-76.7064464,7.6861025],[-76.7032599,7.6840505],[-76.7017901,7.6827852],[-76.7014575,7.6823599],[-76.7013502,7.6820728],[-76.7108774,7.6900365]]]]},"properties":{"osm_id":12086032,"osm_type":"relation","uso_osm":"orchard","name":"Bananera"}},{"type":"Feature","geometry":{"type":"MultiPolygon","coordinates":[[[[-76.6986091,8.1281715],[-76.6985636,8.1277092],[-76.6983482,8.1273742],[-76.6977153,8.1274046],[-76.6969638,8.1272654],[-76.6958387,8.1267781],[-76.6954343,8.1263561],[-76.6953508,8.1260646],[-76.6978252,8.1242938],[-76.6982911,8.1242198],[-76.698524,8.1243329],[-76.6989767,8.1259253],[-76.6992624,8.1263952],[-76.6996975,8.1264953],[-76.6998293,8.1266302],[-76.6994118,8.1274133],[-76.6994865,8.127509],[-76.7000842,8.1268477],[-76.7004534,8.1270522],[-76.7017983,8.1275003],[-76.7012094,8.1279702],[-76.701517,8.1283183],[-76.7021894,8.1283531],[-76.7024795,8.1285272],[-76.7032926,8.1286446],[-76.7036793,8.1285707],[-76.7037804,8.1283749],[-76.7036706,8.127496],[-76.7039123,8.1273307],[-76.7043342,8.1274177],[-76.7047869,8.1278528],[-76.7046243,8.1284184],[-76.7047781,8.1286968],[-76.7045188,8.1291841],[-76.7042946,8.1291319],[-76.7040881,8.1288926],[-76.70382,8.1289492],[-76.7036706,8.1293669],[-76.7037057,8.1298716],[-76.7035606,8.1303938],[-76.6986091,8.1281715]]],[[[-76.6986091,8.1281715],[-76.6999286,8.128761],[-76.701914,8.1296512],[-76.7022469,8.1298005],[-76.702556,8.1299422],[-76.7031964,8.1302359],[-76.7035606,8.1303938],[-76.6986091,8.1281715]]]]},"properties":{"osm_id":12119024,"osm_type":"relation","uso_osm":"orchard","name":"Bananera"}},{"type":"Feature","geometry":{"type":"MultiPolygon","coordinates":[[[[-76.6733799,8.1385953],[-76.6741974,8.1392566],[-76.6749138,8.1392175],[-76.6754016,8.139013],[-76.675428,8.1387911],[-76.6749182,8.137847],[-76.6753225,8.1366636],[-76.675211,8.1363574],[-76.6756398,8.135376],[-76.6756429,8.1350715],[-76.6762303,8.1353637],[-76.67651,8.1345546],[-76.67573,8.1344193],[-76.6757548,8.13477],[-76.6753135,8.1346961],[-76.6733799,8.1385953]]],[[[-76.6767654,8.1363281],[-76.676183,8.1360083],[-76.6760358,8.1358234],[-76.6761149,8.1357277],[-76.6768071,8.1357168],[-76.6768598,8.136289],[-76.6767654,8.1363281]]]]},"properties":{"osm_id":12119027,"osm_type":"relation","uso_osm":"orchard","name":""}},{"type":"Feature","geometry":{"type":"MultiPolygon","coordinates":[[[[-76.7464485,8.1926843],[-76.7461845,8.1927672],[-76.7459507,8.1926992],[-76.7458756,8.1927098],[-76.7457404,8.193158],[-76.7458241,8.1934362],[-76.7461996,8.1937909],[-76.7463133,8.193965],[-76.746279,8.194239],[-76.7453241,8.1940585],[-76.7452662,8.1943388],[-76.7449271,8.1942815],[-76.7447941,8.1963459],[-76.7449743,8.1962949],[-76.745543,8.1966602],[-76.7455086,8.1968025],[-76.7447791,8.1967388],[-76.7447276,8.1974779],[-76.7478363,8.1981065],[-76.7478029,8.1975418],[-76.746671,8.1973466],[-76.7465223,8.19686],[-76.7466225,8.1967099],[-76.7468622,8.1966948],[-76.7469897,8.1967399],[-76.7472446,8.1969862],[-76.7477422,8.1970733],[-76.747894,8.196839],[-76.7480518,8.1967819],[-76.7480336,8.1963524],[-76.7479516,8.1955294],[-76.7474297,8.1952591],[-76.7469077,8.195142],[-76.7469168,8.1946434],[-76.7472628,8.1945683],[-76.7472446,8.1943971],[-76.7475662,8.1944271],[-76.7464485,8.1926843]]],[[[-76.7447826,8.1948105],[-76.7399075,8.195431],[-76.7401117,8.1958251],[-76.7400351,8.1963908],[-76.7447139,8.1957894],[-76.7447826,8.1948105]]]]},"properties":{"osm_id":12119145,"osm_type":"relation","uso_osm":"orchard","name":"Bananera"}},{"type":"Feature","geometry":{"type":"MultiPolygon","coordinates":[[[[-76.7531745,8.237053],[-76.7522732,8.2368725],[-76.7512003,8.2368194],[-76.7507712,8.23683],[-76.7511119,8.2376516],[-76.7531745,8.237053]]],[[[-76.7511119,8.2376516],[-76.7507216,8.2375667],[-76.7506057,8.2372309],[-76.7505273,8.2367871],[-76.7505003,8.2363434],[-76.7504876,8.2356179],[-76.7513692,8.2357205],[-76.7518548,8.2357788],[-76.7511119,8.2376516]]],[[[-76.7518548,8.2357788],[-76.7515222,8.2350037],[-76.7518655,8.2344303],[-76.7528097,8.2343878],[-76.7536894,8.2343029],[-76.754334,8.2344554],[-76.7544535,8.2359659],[-76.7544821,8.2360681],[-76.7547797,8.2371319],[-76.7540274,8.2371459],[-76.7536572,8.2367026],[-76.7531745,8.237053],[-76.7518548,8.2357788]]]]},"properties":{"osm_id":12119146,"osm_type":"relation","uso_osm":"residential","name":"Tie"}},{"type":"Feature","geometry":{"type":"MultiPolygon","coordinates":[[[[-76.7511119,8.2376516],[-76.751183,8.2377619],[-76.7509278,8.23782],[-76.7511421,8.2382165],[-76.7515428,8.2381685],[-76.7516653,8.2382796],[-76.7519332,8.2387493],[-76.7518286,8.2391938],[-76.7519332,8.2393504],[-76.7521986,8.2392191],[-76.7523721,8.2392696],[-76.7525252,8.2393782],[-76.7525329,8.239464],[-76.7521526,8.2396812],[-76.752686,8.2404515],[-76.7546271,8.2433513],[-76.7553588,8.2431241],[-76.7552494,8.2436423],[-76.7550434,8.2437867],[-76.7553159,8.2443027],[-76.7555434,8.2446191],[-76.7559103,8.2445236],[-76.7560948,8.2445214],[-76.7561442,8.2446234],[-76.7561721,8.2449462],[-76.7561485,8.2451203],[-76.7567496,8.2455798],[-76.7581568,8.2463689],[-76.7585058,8.2465852],[-76.7586318,8.2467353],[-76.7587835,8.2470401],[-76.7589777,8.2470296],[-76.7587713,8.2467488],[-76.7587895,8.2466662],[-76.7590596,8.2465867],[-76.759046,8.2463945],[-76.7587956,8.2457833],[-76.7588027,8.2455752],[-76.7585699,8.2458698],[-76.7581946,8.2458573],[-76.7581315,8.2456109],[-76.758514,8.2455877],[-76.7586529,8.2453734],[-76.7585934,8.2453162],[-76.7585158,8.2454269],[-76.7579871,8.2452234],[-76.7577598,8.2452948],[-76.757702,8.2451841],[-76.7580864,8.2450216],[-76.7582271,8.2447752],[-76.7581315,8.2445323],[-76.7579998,8.2445269],[-76.7577796,8.2439305],[-76.757509,8.2439609],[-76.7574909,8.2441394],[-76.7574043,8.2441269],[-76.7574061,8.2437305],[-76.7572004,8.2433912],[-76.7567042,8.2431269],[-76.7563849,8.2426591],[-76.7557515,8.2422144],[-76.7555278,8.2417162],[-76.7550417,8.239458],[-76.7545009,8.2379163],[-76.7540804,8.2380097],[-76.7538443,8.2379269],[-76.753574,8.237895],[-76.7531745,8.237053],[-76.7511119,8.2376516]]],[[[-76.7531745,8.237053],[-76.7522732,8.2368725],[-76.7512003,8.2368194],[-76.7507712,8.23683],[-76.7511119,8.2376516],[-76.7531745,8.237053]]],[[[-76.7513231,8.2387079],[-76.7511246,8.2388472],[-76.751121,8.2390151],[-76.7505833,8.2396401],[-76.7503776,8.2392543],[-76.7500817,8.2391758],[-76.7492347,8.2380591],[-76.7494623,8.2378398],[-76.7502968,8.2376597],[-76.7504061,8.2378068],[-76.7507095,8.2377317],[-76.7509371,8.2381101],[-76.7513231,8.2387079]]]]},"properties":{"osm_id":12119147,"osm_type":"relation","uso_osm":"orchard","name":"Bananera"}},{"type":"Feature","geometry":{"type":"MultiPolygon","coordinates":[[[[-76.7480465,8.2026453],[-76.7478857,8.2017133],[-76.7478041,8.2008899],[-76.747822,8.2006727],[-76.7475923,8.2006349],[-76.7475744,8.2004505],[-76.7449563,8.1996776],[-76.7449691,8.2000666],[-76.7445761,8.1999529],[-76.7444724,8.2018393],[-76.7446902,8.2019141],[-76.7446601,8.2020518],[-76.7480465,8.2026453]]],[[[-76.7444559,8.199781],[-76.7437477,8.1998787],[-76.7433272,8.1998489],[-76.7431126,8.1997746],[-76.7429538,8.1998128],[-76.7425504,8.2004797],[-76.7412501,8.2007685],[-76.7412436,8.201548],[-76.7414432,8.2023041],[-76.7415011,8.2027373],[-76.7413638,8.2029773],[-76.7431534,8.2030262],[-76.744282,8.2030092],[-76.7444559,8.199781]]]]},"properties":{"osm_id":12119148,"osm_type":"relation","uso_osm":"orchard","name":"Bananera"}},{"type":"Feature","geometry":{"type":"MultiPolygon","coordinates":[[[[-76.7563365,8.2728041],[-76.7557174,8.2790841],[-76.7560724,8.2793213],[-76.7560242,8.2796107],[-76.7556964,8.2795537],[-76.754666,8.2899516],[-76.7543737,8.2909587],[-76.7535581,8.2927263],[-76.7540344,8.2929549],[-76.7539478,8.2932263],[-76.75438,8.293045],[-76.7547041,8.2928051],[-76.7549916,8.2924589],[-76.7554293,8.2917859],[-76.7556053,8.291771],[-76.7565687,8.2920619],[-76.7569464,8.2922827],[-76.7573369,8.2924441],[-76.7580944,8.2926394],[-76.7583068,8.2927647],[-76.7584248,8.2927626],[-76.7588325,8.292769],[-76.7589197,8.2922777],[-76.7588287,8.2912897],[-76.7580275,8.2900496],[-76.7572567,8.2898514],[-76.7574449,8.2890136],[-76.7573205,8.2885121],[-76.757627,8.2878785],[-76.7583197,8.2880225],[-76.7588454,8.2883233],[-76.7593687,8.288434],[-76.759495,8.2890732],[-76.759679,8.2892768],[-76.7602348,8.2889554],[-76.7605848,8.2884269],[-76.7592351,8.2865485],[-76.7594444,8.2862592],[-76.7596718,8.2863735],[-76.7599424,8.2863307],[-76.7604441,8.2855986],[-76.7601121,8.2855022],[-76.7600146,8.2852772],[-76.7602492,8.2847165],[-76.7615519,8.2848415],[-76.7618406,8.2830667],[-76.7619778,8.2830167],[-76.7624325,8.2832167],[-76.7630784,8.2830631],[-76.7627897,8.2826346],[-76.7628258,8.2823811],[-76.7628186,8.2818275],[-76.7650091,8.2829765],[-76.7649319,8.2826835],[-76.7649619,8.2824627],[-76.7659017,8.2821229],[-76.7662494,8.2818596],[-76.7662966,8.281074],[-76.765464,8.2809933],[-76.765464,8.280386],[-76.767275,8.2804879],[-76.7672192,8.2803817],[-76.7667944,8.2798934],[-76.7670133,8.279422],[-76.7674596,8.2791119],[-76.7677169,8.2786449],[-76.7679159,8.2772662],[-76.7690489,8.2759884],[-76.7703554,8.2756854],[-76.7707229,8.2759985],[-76.7709832,8.2754884],[-76.7709883,8.2750794],[-76.7714119,8.2746905],[-76.7721621,8.272943],[-76.7718508,8.2727107],[-76.7712894,8.2722158],[-76.7715343,8.2713926],[-76.7719477,8.2712107],[-76.7719681,8.2708774],[-76.7717742,8.2705794],[-76.7708352,8.2695289],[-76.7703656,8.2695794],[-76.7696665,8.2703421],[-76.7688499,8.2706653],[-76.7679057,8.2708067],[-76.7671657,8.2707815],[-76.766191,8.2713067],[-76.7651141,8.2714229],[-76.7639862,8.2709481],[-76.762889,8.2707107],[-76.7609445,8.2703673],[-76.7595155,8.2703774],[-76.758357,8.2705441],[-76.757458,8.2706066],[-76.7572718,8.2707556],[-76.7576188,8.2708213],[-76.757629,8.2708996],[-76.7582057,8.2710006],[-76.7582491,8.2707455],[-76.7585502,8.270796],[-76.75854,8.2710132],[-76.7625097,8.2715495],[-76.7623906,8.271953],[-76.7624123,8.2722637],[-76.7621346,8.2727371],[-76.7620873,8.273527],[-76.7624564,8.2736459],[-76.762435,8.2744613],[-76.7636194,8.2746355],[-76.7639112,8.2744443],[-76.7643876,8.2744953],[-76.7647953,8.274903],[-76.7649241,8.2751536],[-76.7641215,8.276967],[-76.7642074,8.277655],[-76.7635593,8.2791753],[-76.7628813,8.2789078],[-76.7629285,8.2791838],[-76.7613921,8.278878],[-76.7613707,8.2784831],[-76.7609715,8.2779522],[-76.7611518,8.2776082],[-76.7600532,8.2763384],[-76.7596712,8.2763512],[-76.7592249,8.2760666],[-76.7586112,8.2763512],[-76.7578774,8.2763979],[-76.7576885,8.2761643],[-76.7577014,8.2758883],[-76.7581005,8.2758203],[-76.7584696,8.2758416],[-76.7586885,8.2757948],[-76.7590919,8.2758713],[-76.7592378,8.2758118],[-76.7596712,8.2749157],[-76.7600102,8.2750431],[-76.7598643,8.2733911],[-76.7574917,8.2726399],[-76.7573802,8.2734001],[-76.7578351,8.2737186],[-76.758187,8.2742452],[-76.758217,8.2745467],[-76.7580625,8.2745637],[-76.7579252,8.2747463],[-76.7573158,8.2747506],[-76.75726,8.2741178],[-76.7571527,8.2740923],[-76.7571956,8.2735445],[-76.7563365,8.2728041]]],[[[-76.7562303,8.2717321],[-76.7559602,8.2715399],[-76.7556992,8.2716029],[-76.7552926,8.2715489],[-76.7548647,8.2717381],[-76.754798,8.2719693],[-76.7545673,8.2720384],[-76.7546159,8.2725639],[-76.7545066,8.2730564],[-76.7545613,8.2731014],[-76.7550104,8.2729393],[-76.7556719,8.2730504],[-76.7556719,8.2733357],[-76.7561271,8.2734228],[-76.7561059,8.272621],[-76.7562303,8.2717321]]]]},"properties":{"osm_id":12121092,"osm_type":"relation","uso_osm":"orchard","name":"Bananera"}},{"type":"Feature","geometry":{"type":"MultiPolygon","coordinates":[[[[-76.7252372,8.1478284],[-76.7251704,8.1479755],[-76.7249387,8.1481624],[-76.7249881,8.1483876],[-76.7259858,8.1497045],[-76.7260953,8.1500741],[-76.7260738,8.1503778],[-76.7262347,8.1506625],[-76.725679,8.1511064],[-76.7253185,8.1505754],[-76.725546,8.1504586],[-76.7254129,8.1501676],[-76.7251211,8.1503014],[-76.724973,8.1501017],[-76.7253743,8.1498936],[-76.7252692,8.1496642],[-76.7248529,8.1493965],[-76.7249237,8.1489653],[-76.7241426,8.1484194],[-76.724177,8.1481603],[-76.7248395,8.147557],[-76.7248446,8.1474559],[-76.7242144,8.1476403],[-76.7237499,8.1471225],[-76.723015,8.1476782],[-76.7217393,8.1461866],[-76.7221471,8.1457062],[-76.721622,8.1450792],[-76.7210771,8.1454043],[-76.7206215,8.144725],[-76.7189736,8.1420596],[-76.7187096,8.1414017],[-76.719098,8.1413056],[-76.7187369,8.1407469],[-76.7183363,8.1409782],[-76.7179418,8.1402602],[-76.7182392,8.1399057],[-76.7191374,8.139326],[-76.718661,8.1384999],[-76.7190039,8.1382956],[-76.7188734,8.1376557],[-76.7172499,8.1382926],[-76.7172954,8.1380733],[-76.718746,8.1374124],[-76.7185578,8.1367485],[-76.7186124,8.1361477],[-76.7163816,8.1376285],[-76.7157429,8.1370533],[-76.7161579,8.1366889],[-76.7148337,8.1357606],[-76.7144356,8.1362279],[-76.713813,8.1358793],[-76.7139098,8.1356961],[-76.7137618,8.1354925],[-76.714148,8.1348459],[-76.7144294,8.1348208],[-76.71483,8.133992],[-76.713733,8.133324],[-76.7145738,8.1321451],[-76.7154688,8.1317771],[-76.7162049,8.1317093],[-76.7157647,8.1313556],[-76.7150574,8.1312591],[-76.713271,8.1323916],[-76.713484,8.1330311],[-76.7133035,8.1334097],[-76.712755,8.1329989],[-76.7125457,8.1327774],[-76.7122498,8.1328489],[-76.7119899,8.1332811],[-76.7117842,8.1332383],[-76.7118275,8.1329167],[-76.7117337,8.1327989],[-76.7110051,8.13396],[-76.7107886,8.1335224],[-76.7104783,8.1338029],[-76.7089383,8.1328288],[-76.7090352,8.1323185],[-76.7089102,8.1321493],[-76.7081268,8.1320229],[-76.7077721,8.1321922],[-76.7075501,8.1320659],[-76.707716,8.1317653],[-76.7076241,8.1315733],[-76.7079303,8.1313838],[-76.7081089,8.1314647],[-76.7084177,8.1317451],[-76.7086372,8.1317053],[-76.7085704,8.1314019],[-76.7086736,8.1310098],[-76.7086842,8.1308882],[-76.7085492,8.1307199],[-76.7083383,8.1306764],[-76.7083337,8.1308266],[-76.707836,8.1308566],[-76.7077093,8.1307582],[-76.7076327,8.1306445],[-76.7076684,8.1303844],[-76.7080129,8.1301898],[-76.7081813,8.1297781],[-76.7062752,8.1288838],[-76.7068187,8.1279972],[-76.706538,8.1278911],[-76.7059036,8.1274015],[-76.705919,8.1270171],[-76.705697,8.1265043],[-76.7060287,8.1262037],[-76.7062558,8.1262416],[-76.7069448,8.1268858],[-76.7074795,8.1272127],[-76.7082624,8.1272968],[-76.7092608,8.12675],[-76.7097372,8.1271796],[-76.7099618,8.1268342],[-76.7102835,8.1268281],[-76.7104079,8.1265548],[-76.7104381,8.1260138],[-76.7106913,8.1255804],[-76.7102193,8.1248837],[-76.7104038,8.124667],[-76.7110518,8.124667],[-76.7115067,8.1244886],[-76.71179,8.1241402],[-76.7126139,8.1239278],[-76.7130302,8.1257461],[-76.7142748,8.1259968],[-76.7143992,8.1265746],[-76.7146396,8.1265618],[-76.7145451,8.1261115],[-76.7147683,8.1260987],[-76.7147341,8.1257449],[-76.7151455,8.1257806],[-76.715012,8.1245231],[-76.7158925,8.1245338],[-76.7159539,8.1236049],[-76.7166612,8.1238157],[-76.7184511,8.123805],[-76.7185485,8.1240336],[-76.7184872,8.1245731],[-76.7185774,8.1250375],[-76.7192234,8.1258449],[-76.7194688,8.1269881],[-76.7196745,8.1271524],[-76.7199884,8.1271881],[-76.7210386,8.1266951],[-76.7214464,8.1268452],[-76.7220454,8.128042],[-76.7223521,8.1281563],[-76.7227744,8.128142],[-76.723128,8.1278741],[-76.7232649,8.1272695],[-76.7234273,8.1270838],[-76.724795,8.1278554],[-76.7247444,8.1284663],[-76.7250223,8.1284842],[-76.725145,8.1279805],[-76.7256142,8.1279876],[-76.7256683,8.1285235],[-76.7262457,8.1285092],[-76.7252372,8.1478284]]],[[[-76.7262457,8.1285092],[-76.7264189,8.1280269],[-76.7268231,8.1279447],[-76.7274149,8.1280841],[-76.7276783,8.1279769],[-76.7287538,8.1278554],[-76.7289089,8.1281555],[-76.7293348,8.1279805],[-76.7293384,8.1276268],[-76.7298255,8.1273946],[-76.7302875,8.126873],[-76.7319511,8.1263014],[-76.7325032,8.1256333],[-76.7327919,8.125519],[-76.7331817,8.1255762],[-76.7339648,8.1258584],[-76.7341272,8.1257941],[-76.7345638,8.125519],[-76.7346973,8.1251653],[-76.7348056,8.1244651],[-76.7353361,8.1235684],[-76.7356609,8.1232648],[-76.73613,8.1233255],[-76.7374039,8.1236577],[-76.7376926,8.1244687],[-76.7380643,8.1266837],[-76.7383241,8.1271588],[-76.7387615,8.1276225],[-76.7390301,8.127774],[-76.7395212,8.1278822],[-76.7400095,8.1277809],[-76.7402565,8.1275577],[-76.7405206,8.1269532],[-76.7406662,8.1267337],[-76.7406048,8.1273874],[-76.7414385,8.1274374],[-76.7415359,8.1263514],[-76.7413591,8.1260763],[-76.7416719,8.125734],[-76.7421313,8.1253654],[-76.7430985,8.126773],[-76.7433831,8.1268253],[-76.7435735,8.1268439],[-76.7437734,8.1267881],[-76.7449209,8.1261978],[-76.7447966,8.1256729],[-76.7457018,8.1253009],[-76.7463175,8.1252582],[-76.7462561,8.12648],[-76.7453178,8.1267015],[-76.7439971,8.1273446],[-76.7430299,8.1273303],[-76.7429321,8.1279492],[-76.7423464,8.1280273],[-76.74214,8.1281415],[-76.7417729,8.1290547],[-76.7417729,8.1293942],[-76.7416545,8.1295534],[-76.7417031,8.1297997],[-76.7415362,8.1302083],[-76.7426803,8.1300671],[-76.7427127,8.1309388],[-76.742323,8.1310567],[-76.7396345,8.1329968],[-76.7396891,8.1333273],[-76.7360769,8.1332971],[-76.7357164,8.1338749],[-76.7356993,8.1342572],[-76.7375317,8.1345886],[-76.7387463,8.1344824],[-76.7397977,8.1341723],[-76.7404114,8.1342912],[-76.74042,8.1355912],[-76.740141,8.1355615],[-76.7402569,8.136819],[-76.7398234,8.1369082],[-76.7398535,8.1371886],[-76.7393213,8.1372651],[-76.7393998,8.1381094],[-76.7396127,8.1380344],[-76.739324,8.1389418],[-76.7389956,8.1390132],[-76.7390858,8.1396027],[-76.7380176,8.1397884],[-76.7371696,8.1398706],[-76.7369784,8.1406177],[-76.7398639,8.1418843],[-76.7425332,8.1427255],[-76.7421127,8.1446117],[-76.7411256,8.1444418],[-76.7407479,8.145746],[-76.7413788,8.1458267],[-76.7418637,8.1459881],[-76.7417779,8.146808],[-76.7415033,8.1466636],[-76.739821,8.1482776],[-76.7396008,8.1485634],[-76.7401746,8.149085],[-76.7403947,8.1495494],[-76.7404128,8.1500602],[-76.7400122,8.1508568],[-76.7401782,8.1513176],[-76.7394926,8.1508782],[-76.7377226,8.1521514],[-76.737419,8.1520655],[-76.7371868,8.1518609],[-76.7366509,8.1516513],[-76.736605,8.1515553],[-76.7368984,8.151434],[-76.736781,8.1512875],[-76.7364519,8.1510577],[-76.7362031,8.1509511],[-76.7359199,8.1507421],[-76.7355686,8.150688],[-76.7353775,8.1505829],[-76.7352086,8.1505718],[-76.7349091,8.1507468],[-76.7330933,8.149628],[-76.7326988,8.1515535],[-76.7321131,8.1513732],[-76.7318795,8.1510428],[-76.7314971,8.1512621],[-76.7310086,8.1511329],[-76.7311967,8.1506643],[-76.7308143,8.1506523],[-76.7306201,8.1508475],[-76.7300709,8.1507454],[-76.7305959,8.1484865],[-76.7300345,8.1480689],[-76.7295001,8.1486899],[-76.7294363,8.1490335],[-76.7298216,8.1491092],[-76.7298012,8.1495639],[-76.7295281,8.1496549],[-76.7296379,8.1500363],[-76.7297833,8.1501702],[-76.7296481,8.150299],[-76.729671,8.1507688],[-76.7293623,8.1508446],[-76.7292857,8.150981],[-76.7286021,8.1511954],[-76.7285102,8.1507786],[-76.7281173,8.150723],[-76.7277728,8.149988],[-76.7274257,8.1496192],[-76.727191,8.1486214],[-76.7266119,8.1481648],[-76.7272248,8.1476452],[-76.7271156,8.1470894],[-76.726451,8.1469843],[-76.7259078,8.1473778],[-76.7261354,8.1479786],[-76.725926,8.1481769],[-76.7255498,8.1475881],[-76.7252372,8.1478284],[-76.7262457,8.1285092]],[[-76.711281,8.1277073],[-76.711082,8.1276594],[-76.7108574,8.1275204],[-76.7104797,8.1273916],[-76.7108804,8.1265908],[-76.7110666,8.1266817],[-76.7110845,8.1271895],[-76.7114111,8.1274244],[-76.711281,8.1277073]],[[-76.7281126,8.1379004],[-76.7268092,8.1379803],[-76.7270979,8.1366621],[-76.7276536,8.1367085],[-76.7281126,8.1379004]],[[-76.7276536,8.1367085],[-76.729805,8.1332143],[-76.730346,8.1332067],[-76.7323919,8.1336652],[-76.7319516,8.1350763],[-76.7309592,8.1349798],[-76.7301075,8.1374698],[-76.7287615,8.1369232],[-76.7287073,8.1370911],[-76.7276536,8.1367085]],[[-76.7287073,8.1370911],[-76.7302014,8.137677],[-76.7317242,8.1382021],[-76.7323197,8.1383593],[-76.733608,8.1384843],[-76.7339328,8.1386451],[-76.7345788,8.1391917],[-76.7330683,8.1431337],[-76.7274747,8.1394818],[-76.7281126,8.1379004],[-76.7287073,8.1370911]]]]},"properties":{"osm_id":12121094,"osm_type":"relation","uso_osm":"orchard","name":"Bananera"}},{"type":"Feature","geometry":{"type":"MultiPolygon","coordinates":[[[[-76.7363152,8.1710065],[-76.7358287,8.1711827],[-76.735742,8.1715364],[-76.7361439,8.1715627],[-76.7362481,8.1717369],[-76.7363152,8.1710065]]],[[[-76.7362481,8.1717369],[-76.7373859,8.171404],[-76.7393608,8.1709917],[-76.7391989,8.1700513],[-76.7377155,8.1704992],[-76.7363152,8.1710065],[-76.7362481,8.1717369]]]]},"properties":{"osm_id":12121096,"osm_type":"relation","uso_osm":"recreation_ground","name":"Simona del Mar"}},{"type":"Feature","geometry":{"type":"MultiPolygon","coordinates":[[[[-76.7362481,8.1717369],[-76.734495,8.1723783],[-76.7345101,8.1715266],[-76.7342161,8.1715606],[-76.7339264,8.1711592],[-76.7337912,8.1711549],[-76.733626,8.1708385],[-76.7323922,8.1711613],[-76.7323364,8.1710633],[-76.7325124,8.170832],[-76.7324942,8.1705436],[-76.7340206,8.1699669],[-76.7337202,8.1692009],[-76.7332104,8.1695073],[-76.7328887,8.1690898],[-76.7325367,8.1691919],[-76.7324244,8.1690598],[-76.7322666,8.168471],[-76.7323091,8.1681106],[-76.7320269,8.167645],[-76.730983,8.1682818],[-76.7307676,8.167624],[-76.7305491,8.1671704],[-76.7317356,8.1670232],[-76.7314139,8.1664765],[-76.7309557,8.1667799],[-76.7306826,8.1664074],[-76.7312197,8.1658337],[-76.7309071,8.1655183],[-76.7305491,8.1656805],[-76.7296448,8.1654642],[-76.7296296,8.1651879],[-76.7294688,8.1650997],[-76.7292114,8.1649149],[-76.7289217,8.1650657],[-76.7288659,8.1647917],[-76.7288594,8.164197],[-76.7292843,8.1642459],[-76.7295568,8.1641099],[-76.7296448,8.1639018],[-76.7296233,8.1634982],[-76.729928,8.1634451],[-76.7303014,8.1631265],[-76.7304065,8.1631477],[-76.7305718,8.163666],[-76.7307799,8.1638465],[-76.731194,8.163169],[-76.7304475,8.1627136],[-76.729659,8.1625743],[-76.7288596,8.1628404],[-76.72893,8.1623385],[-76.7292295,8.1623689],[-76.729262,8.1622385],[-76.7290816,8.1621528],[-76.7290184,8.1619724],[-76.7293376,8.1616668],[-76.7292373,8.1613461],[-76.7288264,8.1615608],[-76.7287371,8.1608535],[-76.7297451,8.1605201],[-76.7298728,8.160579],[-76.7362481,8.1717369]]],[[[-76.7363152,8.1710065],[-76.7358287,8.1711827],[-76.735742,8.1715364],[-76.7361439,8.1715627],[-76.7362481,8.1717369],[-76.7363152,8.1710065]]],[[[-76.7377026,8.1613476],[-76.737439,8.162178],[-76.7375695,8.1624814],[-76.7377819,8.1628088],[-76.7375335,8.1630578],[-76.7372845,8.1632578],[-76.7366885,8.1636123],[-76.736396,8.16331],[-76.7362823,8.1633227],[-76.7359433,8.1638516],[-76.7361321,8.1641936],[-76.7361536,8.1644782],[-76.7358274,8.1646375],[-76.7357051,8.1648754],[-76.7353789,8.1648266],[-76.7350292,8.1648924],[-76.7349455,8.1651324],[-76.7357793,8.1652248],[-76.7368414,8.1652795],[-76.7368414,8.165469],[-76.7369052,8.1658428],[-76.7356752,8.1663025],[-76.7358488,8.1664237],[-76.7361065,8.1665778],[-76.7364102,8.1664919],[-76.7364229,8.1666157],[-76.7361065,8.1667572],[-76.735887,8.1675579],[-76.735739,8.1676134],[-76.7358054,8.1677827],[-76.7349199,8.1681186],[-76.7346775,8.1684722],[-76.7349557,8.1689092],[-76.735193,8.1688486],[-76.7354073,8.1692527],[-76.7356548,8.1691391],[-76.7356191,8.1689117],[-76.7358277,8.1688707],[-76.7366352,8.1702783],[-76.7364234,8.1703944],[-76.7362729,8.170642],[-76.7363152,8.1710065],[-76.7377026,8.1613476]]],[[[-76.7377026,8.1613476],[-76.7367151,8.1611884],[-76.7361572,8.1610291],[-76.7347169,8.1603148],[-76.7341805,8.1601609],[-76.7328581,8.16006],[-76.7312515,8.1600015],[-76.7307687,8.1601104],[-76.7300324,8.1604901],[-76.7299667,8.1605657],[-76.7298728,8.160579],[-76.7377026,8.1613476]]]]},"properties":{"osm_id":12121097,"osm_type":"relation","uso_osm":"orchard","name":"Bananera"}},{"type":"Feature","geometry":{"type":"MultiPolygon","coordinates":[[[[-76.7257509,8.1642896],[-76.7259112,8.1641408],[-76.7260319,8.164162],[-76.7261526,8.1645603],[-76.7264074,8.1647939],[-76.7274481,8.1651178],[-76.7275608,8.1650833],[-76.7276412,8.1647673],[-76.7277995,8.1646771],[-76.7281428,8.1647381],[-76.7283011,8.1646718],[-76.7284378,8.164],[-76.7285478,8.1639576],[-76.7287525,8.1640656],[-76.7257509,8.1642896]]],[[[-76.7257509,8.1642896],[-76.7254319,8.1641858],[-76.7253633,8.1638464],[-76.7254607,8.1633535],[-76.7256123,8.1629927],[-76.7258862,8.1626164],[-76.7259832,8.1627828],[-76.7261005,8.162821],[-76.7261158,8.1629094],[-76.7259984,8.1628791],[-76.7257688,8.1629751],[-76.7258122,8.163162],[-76.726001,8.1631342],[-76.7264016,8.1637909],[-76.7265956,8.1637606],[-76.7267282,8.1635383],[-76.7265981,8.1632529],[-76.72657,8.1627806],[-76.7264552,8.1624901],[-76.7273049,8.1624977],[-76.7273841,8.1623309],[-76.7270708,8.1620514],[-76.726539,8.1619996],[-76.7265094,8.1620169],[-76.7265261,8.1621152],[-76.7263896,8.1621633],[-76.7261615,8.1618178],[-76.7263166,8.1616749],[-76.7263526,8.1614248],[-76.7266422,8.1614298],[-76.7267328,8.1613036],[-76.7266779,8.1611785],[-76.7267991,8.1610143],[-76.726729,8.1609638],[-76.7270709,8.1602389],[-76.7269535,8.1593687],[-76.7272284,8.1594395],[-76.7280674,8.159452],[-76.7281216,8.1598967],[-76.727647,8.1599842],[-76.7278004,8.1603415],[-76.7277914,8.160638],[-76.7274413,8.1611041],[-76.7277733,8.1611666],[-76.7278347,8.1620865],[-76.7279754,8.162299],[-76.7282425,8.1623919],[-76.7281865,8.1625991],[-76.7284373,8.1626795],[-76.7284878,8.1627688],[-76.7287928,8.1627491],[-76.7287525,8.1640656],[-76.7257509,8.1642896]]]]},"properties":{"osm_id":12121098,"osm_type":"relation","uso_osm":"orchard","name":"Bananera"}},{"type":"Feature","geometry":{"type":"MultiPolygon","coordinates":[[[[-76.7426911,8.1868459],[-76.7425543,8.1867556],[-76.7425127,8.1866773],[-76.7425007,8.1865963],[-76.7425302,8.1864477],[-76.7425919,8.186291],[-76.7427823,8.1860866],[-76.742962,8.1859539],[-76.743308,8.1857972],[-76.743604,8.1857373],[-76.7426911,8.1868459]]],[[[-76.7418361,8.1864458],[-76.7421291,8.1866588],[-76.74226,8.1868776],[-76.7426184,8.1869413],[-76.7426911,8.1868459],[-76.7418361,8.1864458]]],[[[-76.7418361,8.1864458],[-76.7417416,8.1865724],[-76.7417014,8.1867331],[-76.7416611,8.1870344],[-76.741747,8.1873078],[-76.7418838,8.1875282],[-76.7420742,8.1878601],[-76.7422861,8.1881707],[-76.7423867,8.1882503],[-76.742557,8.1882662],[-76.7426831,8.1881999],[-76.7428869,8.1881229],[-76.7434716,8.1880326],[-76.7436849,8.1879291],[-76.7438684,8.187724],[-76.7438879,8.1874347],[-76.743654,8.1871326],[-76.7433161,8.1870556],[-76.7430626,8.1870001],[-76.7418361,8.1864458]]],[[[-76.743604,8.1857373],[-76.7437645,8.1863192],[-76.7436658,8.1866251],[-76.7430626,8.1870001],[-76.743604,8.1857373]]]]},"properties":{"osm_id":12121099,"osm_type":"relation","uso_osm":"orchard","name":"Bananera"}},{"type":"Feature","geometry":{"type":"MultiPolygon","coordinates":[[[[-76.6458585,8.0230556],[-76.6444443,8.023623],[-76.6440258,8.02428],[-76.6441176,8.0246438],[-76.6445157,8.0249117],[-76.6447709,8.0252351],[-76.6445106,8.0255686],[-76.644628,8.0258718],[-76.6444341,8.0260285],[-76.6447148,8.0273121],[-76.6452047,8.0271706],[-76.6454344,8.0277265],[-76.6456538,8.0276658],[-76.6459243,8.0279135],[-76.6461131,8.028434],[-76.6463989,8.0283834],[-76.6473447,8.0280328],[-76.6458585,8.0230556]]],[[[-76.6458585,8.0230556],[-76.6462295,8.0243091],[-76.6473447,8.0280328],[-76.6458585,8.0230556]]]]},"properties":{"osm_id":13953575,"osm_type":"relation","uso_osm":"orchard","name":"Bananera"}}],"metadata":{"source":"OpenStreetMap via Overpass API","timestamp":"2026-05-31T03:55:56Z","bbox":[7.5,-77.1,8.5,-76.3],"region":"Urabá, Antioquia, Colombia","license":"ODbL - OpenStreetMap contributors"}}