{"type": "FeatureCollection", "features": [{"type": "Feature", "geometry": {"type": "LineString", "coordinates": [[-76.7071679, 8.1319924], [-76.7072412, 8.1320303], [-76.708014, 8.1323727], [-76.7086569, 8.1327034], [-76.7125042, 8.1351048], [-76.7148101, 8.136568], [-76.7155654, 8.1370239], [-76.7159424, 8.1372881], [-76.7162691, 8.1376482], [-76.7168429, 8.1386013], [-76.7178738, 8.1403702], [-76.7184273, 8.1413175], [-76.7194712, 8.1431044], [-76.7201322, 8.1441883], [-76.720646, 8.1450055], [-76.7212222, 8.145679], [-76.7216959, 8.1462262], [-76.7236047, 8.1485557], [-76.724, 8.149026], [-76.7245442, 8.1497541], [-76.7257703, 8.1513944], [-76.7265964, 8.1528812], [-76.7266921, 8.1531337], [-76.7274951, 8.1552528], [-76.7278352, 8.1561503], [-76.7284185, 8.1589093], [-76.7284765, 8.1593205], [-76.7288212, 8.1620492], [-76.7288395, 8.1626328], [-76.7287998, 8.163996]]}, "properties": {"highway": "trunk", "tipo_via": "troncal", "orden": "primaria", "name": "V\u00eda Turbo - Necocl\u00ed", "ref": "90", "surface": "asphalt", "maxspeed": "80", "osm_id": 28243397, "source": "OSM"}}, {"type": "Feature", "geometry": {"type": "LineString", "coordinates": [[-76.6594007, 8.0682129], [-76.6593559, 8.0682667], [-76.6593394, 8.0683074], [-76.6593334, 8.0683866], [-76.6593573, 8.0684596], [-76.6595519, 8.0688963], [-76.65961, 8.0690704]]}, "properties": {"highway": "secondary", "tipo_via": "secundaria", "orden": "secundaria", "name": "", "ref": "", "surface": "", "maxspeed": "", "osm_id": 28243401, "source": "OSM"}}, {"type": "Feature", "geometry": {"type": "LineString", "coordinates": [[-76.6584834, 8.0651766], [-76.6584822, 8.0639623], [-76.6584805, 8.0636142], [-76.6584633, 8.0633506], [-76.6584071, 8.0630642], [-76.6581185, 8.0622218], [-76.6580487, 8.0620038], [-76.6579355, 8.0616703], [-76.6570909, 8.059059]]}, "properties": {"highway": "trunk", "tipo_via": "troncal", "orden": "primaria", "name": "Turbo - Apartad\u00f3", "ref": "62", "surface": "asphalt", "maxspeed": "", "osm_id": 28243408, "source": "OSM"}}, {"type": "Feature", "geometry": {"type": "LineString", "coordinates": [[-76.6465335, 7.8313288], [-76.6464593, 7.8316258], [-76.6463574, 7.83201], [-76.6460667, 7.8331068], [-76.645376, 7.8357121], [-76.6446925, 7.8382905], [-76.644291, 7.8398047], [-76.6441172, 7.8404604], [-76.6428422, 7.8452697]]}, "properties": {"highway": "trunk", "tipo_via": "troncal", "orden": "primaria", "name": "Carepa - Apartad\u00f3", "ref": "62", "surface": "asphalt", "maxspeed": "", "osm_id": 49578785, "source": "OSM"}}, {"type": "Feature", "geometry": {"type": "LineString", "coordinates": [[-76.6236844, 7.9140283], [-76.6237025, 7.9141505], [-76.6237162, 7.9142747], [-76.6236796, 7.9145328], [-76.623259, 7.9160738], [-76.6216027, 7.9220281], [-76.6215545, 7.9223202], [-76.6215276, 7.9226178], [-76.6214001, 7.9243717], [-76.6211971, 7.9267027], [-76.621185, 7.9268151], [-76.6211483, 7.9271555], [-76.6211249, 7.927373]]}, "properties": {"highway": "trunk", "tipo_via": "troncal", "orden": "primaria", "name": "Apartad\u00f3 - Turbo", "ref": "62", "surface": "asphalt", "maxspeed": "", "osm_id": 49578786, "source": "OSM"}}, {"type": "Feature", "geometry": {"type": "LineString", "coordinates": [[-76.4501747, 8.2333443], [-76.4507475, 8.2325682], [-76.4510223, 8.2323505], [-76.4513174, 8.2321487], [-76.4522912, 8.2317624], [-76.4532173, 8.2313692], [-76.4537119, 8.2311613], [-76.4544405, 8.230857], [-76.4551086, 8.2305389], [-76.4558223, 8.23028], [-76.4563143, 8.230126], [-76.4566013, 8.2300914], [-76.4568937, 8.2300781], [-76.459514, 8.2299359], [-76.4598114, 8.2299196], [-76.4623481, 8.229781], [-76.4628536, 8.2297304], [-76.4634007, 8.2295738], [-76.4652073, 8.2289182], [-76.4655492, 8.228727], [-76.465863, 8.2284695], [-76.4665189, 8.2277422], [-76.4668044, 8.2275802], [-76.4671156, 8.2274926], [-76.467506, 8.2274953], [-76.4689889, 8.2278689], [-76.4704457, 8.228236], [-76.4709458, 8.228289], [-76.4714511, 8.2282773], [-76.4728167, 8.22809], [-76.4731184, 8.2279572], [-76.4733264, 8.2276891], [-76.4736563, 8.2269033], [-76.4739981, 8.2266564], [-76.4743495, 8.2264892], [-76.4748082, 8.226375], [-76.4749756, 8.2263953], [-76.4752897, 8.2264335], [-76.4760634, 8.226667], [-76.4763612, 8.2266989], [-76.4766052, 8.2266484], [-76.4768562, 8.2265476], [-76.4775977, 8.2261945], [-76.4778149, 8.226014], [-76.47798, 8.2257247], [-76.4783024, 8.2248179], [-76.4785608, 8.2240912], [-76.4786908, 8.2237257], [-76.4788583, 8.2234762], [-76.479046, 8.2233036], [-76.4803403, 8.2222126], [-76.4807519, 8.2219285], [-76.480915, 8.221841], [-76.4811677, 8.2217055], [-76.4842011, 8.2203265], [-76.4849309, 8.2199948], [-76.486154, 8.2194345], [-76.4865911, 8.2194], [-76.4867694, 8.219398], [-76.4874294, 8.2194677], [-76.4877927, 8.2196137], [-76.4880732, 8.2199164], [-76.4887315, 8.2204764], [-76.4889798, 8.2206066], [-76.4892706, 8.2206357], [-76.4903542, 8.2206118], [-76.4913949, 8.2207286], [-76.4916773, 8.2207647], [-76.4926008, 8.2208827], [-76.4929158, 8.220795], [-76.4939001, 8.2203251], [-76.4942021, 8.2203278], [-76.495696, 8.2206782], [-76.4971042, 8.2207684], [-76.4973376, 8.2207074], [-76.4979878, 8.2203623], [-76.4981648, 8.2201711], [-76.4983455, 8.2199356], [-76.4989088, 8.2192016], [-76.4991533, 8.2189743], [-76.499419, 8.218804], [-76.49964, 8.2187486], [-76.5023088, 8.2182494], [-76.5028909, 8.2181509], [-76.5030491, 8.2180846], [-76.5032276, 8.217936], [-76.5037438, 8.2173678], [-76.5038538, 8.2172829], [-76.503976, 8.2172537], [-76.5044224, 8.2172527], [-76.5052351, 8.217251], [-76.5057918, 8.2172918], [-76.5065038, 8.2173439], [-76.5068981, 8.2172961], [-76.5072361, 8.2172853], [-76.5086388, 8.2172404], [-76.5098474, 8.2173174], [-76.51009, 8.2172563], [-76.5102401, 8.2171289], [-76.5109793, 8.2165237], [-76.5111494, 8.2164652], [-76.5113202, 8.2164525], [-76.5123686, 8.2163857], [-76.5126032, 8.216302], [-76.512767, 8.2161551], [-76.5130636, 8.2157958], [-76.5141657, 8.214461], [-76.5144458, 8.2143229], [-76.5147302, 8.214307], [-76.5159335, 8.2143534], [-76.5167772, 8.2143303], [-76.5171948, 8.2143602], [-76.5174991, 8.214329], [-76.5175248, 8.2143137], [-76.5176881, 8.2142162], [-76.5178911, 8.2140029], [-76.518099, 8.2138397], [-76.5183004, 8.2137389], [-76.5191452, 8.2136101], [-76.5193865, 8.2134628], [-76.5203589, 8.2123], [-76.5204942, 8.2120425], [-76.5205057, 8.2119754], [-76.5206352, 8.2112143], [-76.5207785, 8.2110337], [-76.5218368, 8.2103939], [-76.5219587, 8.2102293], [-76.5219738, 8.209656], [-76.5219561, 8.2080895], [-76.5220057, 8.2077764], [-76.5221822, 8.2074988], [-76.5224817, 8.2070277], [-76.5229393, 8.2064059], [-76.5235913, 8.2055199], [-76.5241347, 8.2047865], [-76.524591, 8.2041353], [-76.5246598, 8.2040372]]}, "properties": {"highway": "secondary", "tipo_via": "secundaria", "orden": "secundaria", "name": "", "ref": "", "surface": "", "maxspeed": "", "osm_id": 91613470, "source": "OSM"}}, {"type": "Feature", "geometry": {"type": "LineString", "coordinates": [[-76.7500107, 8.2303874], [-76.7501223, 8.2309823], [-76.7502809, 8.2322605], [-76.7503053, 8.2327152], [-76.7503888, 8.2342676], [-76.7504736, 8.235846], [-76.7505003, 8.2363434], [-76.7505273, 8.2367871], [-76.7506057, 8.2372309], [-76.7507216, 8.2375667], [-76.7509121, 8.2379357], [-76.751022, 8.2381284], [-76.7514927, 8.2387962], [-76.7530063, 8.2410365], [-76.7538898, 8.2423441], [-76.7548388, 8.2437457], [-76.7551212, 8.2441737], [-76.7554223, 8.2446225], [-76.7555817, 8.2448091], [-76.7557387, 8.2449628], [-76.7560056, 8.2451764], [-76.7562968, 8.245377], [-76.7571455, 8.2458454], [-76.757736, 8.2461873], [-76.7581341, 8.2464014], [-76.758428, 8.246606], [-76.7585711, 8.2467819], [-76.7586658, 8.2469687], [-76.7586963, 8.2470501], [-76.7587249, 8.2471559], [-76.75874, 8.2473523], [-76.7586907, 8.2478529], [-76.7586649, 8.2480798], [-76.7584305, 8.2501134], [-76.7579919, 8.2546691], [-76.7578305, 8.2563446], [-76.7571957, 8.2628539], [-76.7569379, 8.2654232], [-76.7567533, 8.2677098], [-76.7565912, 8.2691371], [-76.7565352, 8.2696854], [-76.7564525, 8.2704959]]}, "properties": {"highway": "trunk", "tipo_via": "troncal", "orden": "primaria", "name": "V\u00eda Turbo - Necocl\u00ed", "ref": "90", "surface": "asphalt", "maxspeed": "80", "osm_id": 91709016, "source": "OSM"}}, {"type": "Feature", "geometry": {"type": "LineString", "coordinates": [[-76.750218, 8.3830353], [-76.750156, 8.3834541], [-76.7500023, 8.3846938], [-76.7499811, 8.3849386], [-76.7499541, 8.3853093], [-76.7499644, 8.3856405], [-76.74998, 8.3858407], [-76.7499879, 8.3859037], [-76.7500635, 8.3865095], [-76.7501098, 8.386881], [-76.7502817, 8.3882689], [-76.7503281, 8.3886432]]}, "properties": {"highway": "trunk", "tipo_via": "troncal", "orden": "primaria", "name": "V\u00eda Turbo - Necocl\u00ed", "ref": "90", "surface": "asphalt", "maxspeed": "80", "osm_id": 91710463, "source": "OSM"}}, {"type": "Feature", "geometry": {"type": "LineString", "coordinates": [[-76.6390385, 7.5990624], [-76.6401838, 7.6011893], [-76.6406559, 7.6020664], [-76.6449018, 7.6100026], [-76.6456497, 7.6113584]]}, "properties": {"highway": "trunk", "tipo_via": "troncal", "orden": "primaria", "name": "Mutat\u00e1 - Chigorod\u00f3", "ref": "62", "surface": "asphalt", "maxspeed": "", "osm_id": 117892597, "source": "OSM"}}, {"type": "Feature", "geometry": {"type": "LineString", "coordinates": [[-76.6604734, 7.75363], [-76.6603325, 7.7542508], [-76.660292, 7.7544151], [-76.6600958, 7.7552211], [-76.6600772, 7.7553149], [-76.6600591, 7.7554027], [-76.6599459, 7.7559034], [-76.6598508, 7.7564099], [-76.6597068, 7.7570027], [-76.6596935, 7.7570562], [-76.659556, 7.7576462], [-76.6595131, 7.7578435], [-76.65943, 7.7582209], [-76.6592892, 7.7588255], [-76.6591658, 7.759373], [-76.6591175, 7.7596175], [-76.6589447, 7.7604188], [-76.6588935, 7.7606885], [-76.6588385, 7.760921], [-76.658801, 7.7610858], [-76.6587024, 7.7615137], [-76.6586414, 7.7617821], [-76.6585851, 7.7620359], [-76.6585448, 7.762198], [-76.6584684, 7.76259], [-76.6584054, 7.7628625], [-76.6583262, 7.763184], [-76.6582896, 7.7633229]]}, "properties": {"highway": "secondary", "tipo_via": "secundaria", "orden": "secundaria", "name": "Chigorod\u00f3 - Carepa", "ref": "62", "surface": "", "maxspeed": "", "osm_id": 146013706, "source": "OSM"}}, {"type": "Feature", "geometry": {"type": "LineString", "coordinates": [[-76.6573949, 7.7703959], [-76.657476, 7.7706146], [-76.6575076, 7.7707619], [-76.6575216, 7.7709558], [-76.6574159, 7.7714493], [-76.6574075, 7.7714885], [-76.6573292, 7.7717948], [-76.6573115, 7.7718718], [-76.6567507, 7.7743189], [-76.656354, 7.7760898], [-76.6563393, 7.7761556], [-76.6549464, 7.782516], [-76.6543322, 7.7854381], [-76.6543004, 7.7856131], [-76.6542467, 7.7857735], [-76.6542143, 7.7858452], [-76.6541852, 7.7859009]]}, "properties": {"highway": "trunk", "tipo_via": "troncal", "orden": "primaria", "name": "Carepa - Apartad\u00f3", "ref": "62", "surface": "asphalt", "maxspeed": "", "osm_id": 146014684, "source": "OSM"}}, {"type": "Feature", "geometry": {"type": "LineString", "coordinates": [[-76.6582896, 7.7633229], [-76.6581309, 7.7641367]]}, "properties": {"highway": "secondary", "tipo_via": "secundaria", "orden": "secundaria", "name": "Carepa - Apartad\u00f3", "ref": "62", "surface": "", "maxspeed": "", "osm_id": 146014690, "source": "OSM"}}, {"type": "Feature", "geometry": {"type": "LineString", "coordinates": [[-76.5530416, 8.1314698], [-76.5530396, 8.1317525], [-76.5530594, 8.131886], [-76.5531348, 8.1320116], [-76.5531784, 8.1322196], [-76.5531387, 8.1324591], [-76.5530713, 8.1327653], [-76.552996, 8.1329812], [-76.5529484, 8.1331461], [-76.5529206, 8.133311], [-76.5528017, 8.133468], [-76.5526787, 8.1336211], [-76.5526272, 8.133786], [-76.5526074, 8.1338959], [-76.5525935, 8.133981], [-76.5526016, 8.1340847], [-76.5526539, 8.1341777], [-76.5527866, 8.1342329], [-76.5529368, 8.1342682], [-76.5531083, 8.134279], [-76.5533117, 8.1342215], [-76.5534201, 8.1341702], [-76.5535829, 8.1341118], [-76.5537812, 8.1340412], [-76.5540469, 8.1339548], [-76.5542332, 8.1338449], [-76.5543248, 8.1337713], [-76.5544474, 8.1336565], [-76.5545346, 8.1335387], [-76.5547004, 8.1334005], [-76.5548814, 8.1333022], [-76.5550779, 8.1333738], [-76.5552021, 8.1334407], [-76.5553433, 8.1335231], [-76.5554539, 8.1335376], [-76.5556741, 8.1335548], [-76.5559566, 8.1335128], [-76.5560931, 8.1335779], [-76.5564143, 8.1337114], [-76.5565452, 8.133786], [-76.5566525, 8.1339058], [-76.5567747, 8.1339362], [-76.5569881, 8.1337852], [-76.5572312, 8.1335583], [-76.5574078, 8.1333855], [-76.5576357, 8.1331775], [-76.5578023, 8.1330519], [-76.5578657, 8.1330048], [-76.5580254, 8.1329101], [-76.5581934, 8.132863], [-76.5583495, 8.1328752], [-76.5584764, 8.1328713], [-76.5585597, 8.1328792], [-76.5586246, 8.1328814], [-76.5587025, 8.1329184], [-76.5588431, 8.1329523], [-76.5590014, 8.1329115], [-76.5591357, 8.1328072], [-76.5592348, 8.1326788], [-76.5592893, 8.1325867], [-76.5594844, 8.1324122], [-76.5596354, 8.132408], [-76.5597762, 8.1325015], [-76.5598455, 8.1325504], [-76.5599672, 8.1325255], [-76.5600408, 8.1324617], [-76.560082, 8.1323108], [-76.5601219, 8.1320365], [-76.5601404, 8.131932], [-76.5601482, 8.1318532], [-76.5602499, 8.1316725], [-76.5603775, 8.1316063], [-76.5605078, 8.1315935], [-76.560652, 8.1316317], [-76.5609708, 8.1316622], [-76.5611572, 8.1316386], [-76.5614043, 8.1315607], [-76.5616202, 8.1314936], [-76.5617481, 8.1315366], [-76.5618948, 8.1315523], [-76.562101, 8.1315052], [-76.5623333, 8.1314636], [-76.5624406, 8.1314585], [-76.5625293, 8.1314503], [-76.5626374, 8.1314587], [-76.5627771, 8.131412], [-76.5628703, 8.1312775], [-76.5628901, 8.1312068], [-76.5629139, 8.1311008], [-76.5629387, 8.1310233], [-76.5630166, 8.1308892], [-76.5631387, 8.1307936], [-76.5633829, 8.130706], [-76.5635272, 8.1307204], [-76.5636714, 8.1307396], [-76.5637745, 8.1306808], [-76.56383, 8.1306297], [-76.5639014, 8.1305041], [-76.5639609, 8.1304327], [-76.5640841, 8.1303435], [-76.5642974, 8.1303319], [-76.56454, 8.1303954], [-76.5646756, 8.1303509], [-76.5649018, 8.1300675], [-76.5651155, 8.1299126], [-76.5653528, 8.1298721], [-76.5655612, 8.129837], [-76.5657205, 8.1298333], [-76.5660413, 8.1298504], [-76.5661866, 8.1298411], [-76.5663825, 8.1298214], [-76.5667685, 8.1298132], [-76.5670223, 8.1298367], [-76.56711, 8.1297946], [-76.56734, 8.1296529], [-76.5675254, 8.1295272], [-76.5676353, 8.1294778], [-76.5679143, 8.1293676], [-76.5681553, 8.1293771], [-76.5683193, 8.1293601], [-76.5686085, 8.1292442], [-76.5690516, 8.1290527], [-76.5694853, 8.1289478], [-76.5698261, 8.1288131], [-76.5701407, 8.1286806], [-76.5704995, 8.128497], [-76.5707094, 8.1283753], [-76.5707694, 8.1283336], [-76.5708652, 8.1282354], [-76.5709575, 8.1281401], [-76.5711209, 8.1280547], [-76.5713493, 8.1280906], [-76.5717022, 8.1282174], [-76.5721049, 8.1282925], [-76.5722831, 8.1283222], [-76.5724057, 8.1283335], [-76.5726192, 8.128496], [-76.5727249, 8.1286654], [-76.5729107, 8.1287274], [-76.5730413, 8.1287332], [-76.5731591, 8.1287319], [-76.5734422, 8.1287587], [-76.5735683, 8.1287652], [-76.5736516, 8.1287728], [-76.5738262, 8.1287888], [-76.5740807, 8.1288184], [-76.5743248, 8.1288399], [-76.5745649, 8.1288433], [-76.5746762, 8.1288006], [-76.5750672, 8.1285922], [-76.5754539, 8.1283243], [-76.5756859, 8.1281669], [-76.5758577, 8.1280734], [-76.5761026, 8.1279968], [-76.576558, 8.1279075], [-76.576992, 8.1278224], [-76.5779414, 8.1276353], [-76.5788566, 8.1273418], [-76.5790026, 8.1272482], [-76.5790628, 8.1271887], [-76.5791855, 8.12703], [-76.5794409, 8.1266996], [-76.579733, 8.1263508], [-76.5804806, 8.1255002], [-76.5805966, 8.1252705], [-76.5809059, 8.1246368], [-76.5812152, 8.1238585], [-76.5814773, 8.123297], [-76.5817609, 8.1229738], [-76.5821089, 8.122608], [-76.5824965, 8.1222733], [-76.5834536, 8.1214469], [-76.5838918, 8.1210471], [-76.5845326, 8.1205078], [-76.5850389, 8.1200816], [-76.5856018, 8.1196138], [-76.5868973, 8.1185057], [-76.5869678, 8.1184454], [-76.5877909, 8.1177415], [-76.5882946, 8.1174829], [-76.5900763, 8.1168827], [-76.5906081, 8.1167072], [-76.5915782, 8.1161439], [-76.5917275, 8.1160146], [-76.59197, 8.1158299], [-76.5930429, 8.1154593], [-76.5931733, 8.1154143], [-76.5935745, 8.1150818], [-76.593873, 8.1148048], [-76.594432, 8.1142389], [-76.5955334, 8.113124], [-76.5956716, 8.1130154], [-76.5963916, 8.1124499], [-76.596554, 8.1123451], [-76.5980241, 8.1113971], [-76.5982386, 8.1112586], [-76.5986399, 8.1111632], [-76.5987051, 8.1111477], [-76.5991901, 8.1112309], [-76.6000017, 8.1113879], [-76.600432, 8.1113671], [-76.6007666, 8.1113509], [-76.6010092, 8.1112401], [-76.601233, 8.1111477], [-76.6015689, 8.1111293], [-76.6018953, 8.1109907], [-76.6022778, 8.1105105], [-76.6026043, 8.1103628], [-76.6031267, 8.1104274], [-76.6033786, 8.1106213], [-76.603873, 8.110963], [-76.6040409, 8.1110462], [-76.6043207, 8.1111754], [-76.6046285, 8.111314], [-76.6049592, 8.1112189], [-76.6051603, 8.1110369], [-76.605608, 8.1106398], [-76.60572, 8.1105567], [-76.6059252, 8.1105567], [-76.6064476, 8.1103905], [-76.6074737, 8.1103443], [-76.6085744, 8.1103812], [-76.608789, 8.1103997], [-76.6091901, 8.1102981], [-76.609386, 8.110215], [-76.6095632, 8.1101319], [-76.6097591, 8.1099287], [-76.6098779, 8.1096992], [-76.609955, 8.1095501], [-76.6101062, 8.1094042], [-76.6109905, 8.1086912], [-76.6117274, 8.1080909], [-76.6119513, 8.1077308], [-76.6119793, 8.1073521], [-76.6118934, 8.1069451], [-76.6117881, 8.1064457], [-76.6116341, 8.1060223], [-76.6115025, 8.1055714], [-76.6113606, 8.10448], [-76.6113394, 8.1038903], [-76.611338, 8.1032808], [-76.6113076, 8.102005], [-76.6113111, 8.101658], [-76.6114382, 8.1013123], [-76.6121379, 8.1005458], [-76.6128848, 8.0997595], [-76.6129893, 8.0996494], [-76.6137899, 8.0987937], [-76.6147332, 8.097831], [-76.6148393, 8.0977171], [-76.6149517, 8.0975663], [-76.6150084, 8.0972016], [-76.6144361, 8.0956937], [-76.6141044, 8.0944909], [-76.6142437, 8.0933246], [-76.6144535, 8.0920044], [-76.6145251, 8.0914878], [-76.614706, 8.0901839], [-76.6147794, 8.0896548], [-76.6148242, 8.0894163], [-76.6147108, 8.0890936], [-76.6142787, 8.088266], [-76.6137119, 8.0871859], [-76.6135789, 8.0869259], [-76.6134427, 8.0866598], [-76.613046, 8.0860145], [-76.6129681, 8.0858322], [-76.6129312, 8.0851905], [-76.6129399, 8.0850853], [-76.6132859, 8.0844479], [-76.6145266, 8.0821709], [-76.6146669, 8.0819429], [-76.6148882, 8.0814223], [-76.6151217, 8.0810276]]}, "properties": {"highway": "secondary", "tipo_via": "secundaria", "orden": "secundaria", "name": "", "ref": "", "surface": "unpaved", "maxspeed": "", "osm_id": 155336344, "source": "OSM"}}, {"type": "Feature", "geometry": {"type": "LineString", "coordinates": [[-76.6151217, 8.0810276], [-76.6151824, 8.0809476], [-76.6152193, 8.080891], [-76.6152438, 8.0808311], [-76.6155801, 8.0805879], [-76.6157376, 8.0805628], [-76.6159773, 8.0806372], [-76.6163646, 8.0807431], [-76.6164052, 8.0807577], [-76.6169345, 8.0809969], [-76.6170839, 8.0810279], [-76.6173457, 8.0810535], [-76.6176279, 8.0810699], [-76.6179396, 8.0810754], [-76.6180632, 8.0810699], [-76.6185962, 8.0810462], [-76.6191025, 8.0811332], [-76.6193648, 8.081162], [-76.6194226, 8.0811659], [-76.6199536, 8.0808735], [-76.6202858, 8.079979], [-76.6203907, 8.0798405], [-76.6211135, 8.0791537], [-76.6211776, 8.0788767], [-76.6211426, 8.0784093], [-76.6211574, 8.0781899], [-76.6215635, 8.0779348], [-76.6217722, 8.0779649], [-76.6221744, 8.078063], [-76.622798, 8.0781207], [-76.6238002, 8.0773044], [-76.6249023, 8.0764067], [-76.6250946, 8.0761816], [-76.6253723, 8.0756711], [-76.6253744, 8.0753564], [-76.6253802, 8.0751544], [-76.6255085, 8.0748139], [-76.6255842, 8.0747447], [-76.6259631, 8.0746696], [-76.6264936, 8.0747447], [-76.6269948, 8.07471], [-76.6271697, 8.0746696], [-76.6278459, 8.0742483], [-76.6288368, 8.0739829], [-76.6290874, 8.0737347], [-76.6294255, 8.0729094], [-76.6296383, 8.072671], [-76.6297708, 8.0726248], [-76.6304106, 8.0724016], [-76.6305446, 8.0723323], [-76.6324215, 8.0712358], [-76.6325851, 8.0711913], [-76.6339662, 8.0709126], [-76.6342307, 8.0707951], [-76.6343628, 8.070586], [-76.6344434, 8.0702801], [-76.6345605, 8.0700847], [-76.6347206, 8.0699718], [-76.6374577, 8.0695853], [-76.6377608, 8.0695276], [-76.6387871, 8.0693797], [-76.6389543, 8.0693791], [-76.6398883, 8.0694583], [-76.6402302, 8.0694891], [-76.6414846, 8.0696229], [-76.6416057, 8.0696332], [-76.6419983, 8.0696665], [-76.6425302, 8.0697733], [-76.6427718, 8.0699476], [-76.6439627, 8.0707568], [-76.6451393, 8.0716042], [-76.6461777, 8.0723554], [-76.6466197, 8.0726328], [-76.6469943, 8.0727376], [-76.6473901, 8.0727998], [-76.6480021, 8.0728921], [-76.6480498, 8.0728961], [-76.6486792, 8.0729503], [-76.649232, 8.072996], [-76.6498965, 8.0730941], [-76.6507475, 8.0730595], [-76.6510331, 8.0730999], [-76.6511555, 8.0731172], [-76.6512574, 8.0731021], [-76.6515053, 8.0730075], [-76.6517559, 8.072869], [-76.652129, 8.0725574], [-76.6522645, 8.0724186], [-76.652274, 8.0721865], [-76.6521931, 8.0720265], [-76.6521756, 8.0719168], [-76.652263, 8.0716167], [-76.6523738, 8.0715128], [-76.6524903, 8.0714436], [-76.6526011, 8.0713801], [-76.6527169, 8.0713008], [-76.6527805, 8.0711754], [-76.6529028, 8.0709385], [-76.6529776, 8.0708621], [-76.6532019, 8.0706331], [-76.653388, 8.0702951], [-76.6534871, 8.0701393], [-76.6538118, 8.069894], [-76.6543498, 8.0697238], [-76.6546354, 8.0696949], [-76.6550482, 8.0697707], [-76.656748, 8.0702085], [-76.6569334, 8.0702176], [-76.6571353, 8.0702085], [-76.6573188, 8.0701812], [-76.6577042, 8.0700586], [-76.6583351, 8.0698902], [-76.6589268, 8.069735], [-76.659115, 8.0696554], [-76.659262, 8.0695665], [-76.6593653, 8.069474], [-76.6594614, 8.0693586], [-76.6595314, 8.0692389], [-76.65961, 8.0690704]]}, "properties": {"highway": "secondary", "tipo_via": "secundaria", "orden": "secundaria", "name": "", "ref": "", "surface": "unpaved", "maxspeed": "", "osm_id": 155337180, "source": "OSM"}}, {"type": "Feature", "geometry": {"type": "LineString", "coordinates": [[-76.6323694, 7.8835166], [-76.632214, 7.8840515]]}, "properties": {"highway": "secondary", "tipo_via": "secundaria", "orden": "secundaria", "name": "Carrera 100", "ref": "62", "surface": "", "maxspeed": "", "osm_id": 173482102, "source": "OSM"}}, {"type": "Feature", "geometry": {"type": "LineString", "coordinates": [[-76.7160859, 8.4927601], [-76.7159783, 8.4930132], [-76.7156596, 8.493853], [-76.714969, 8.4953567], [-76.7148677, 8.4958208], [-76.7149092, 8.4964806], [-76.7149422, 8.4970039], [-76.714955, 8.497511], [-76.7149146, 8.4980705], [-76.7148351, 8.4983063], [-76.7147395, 8.4985899], [-76.7141065, 8.4996289], [-76.7137025, 8.5007211], [-76.7134625, 8.5010776], [-76.7119936, 8.5030546], [-76.7117304, 8.5037245], [-76.7115694, 8.5044036], [-76.7114085, 8.5051676], [-76.7108077, 8.5061225], [-76.7104644, 8.5070351], [-76.7103693, 8.5082672], [-76.7103632, 8.5083462], [-76.7101131, 8.5090167], [-76.7098385, 8.509391], [-76.7095177, 8.5096954], [-76.7091554, 8.5098724], [-76.7088604, 8.5099583], [-76.7076883, 8.5100167], [-76.7069024, 8.510091], [-76.706356, 8.5102721], [-76.7059424, 8.5104623], [-76.7031304, 8.5119227], [-76.7026752, 8.5122237], [-76.7023212, 8.5125951], [-76.7018054, 8.5135318], [-76.7016335, 8.5139658], [-76.7015975, 8.5140566], [-76.7014152, 8.5145161], [-76.7012238, 8.5150004], [-76.700847, 8.515689], [-76.7002593, 8.5163403], [-76.6993191, 8.5171305], [-76.6990119, 8.5173261], [-76.6978225, 8.5180834], [-76.6968589, 8.5185664], [-76.695713, 8.5192984], [-76.6951865, 8.5196341], [-76.6948646, 8.5197933], [-76.6944116, 8.5199012], [-76.69396, 8.5199789], [-76.6934538, 8.5200532], [-76.6931427, 8.5201328], [-76.6927272, 8.5203083], [-76.6924521, 8.52049], [-76.6922546, 8.5206667], [-76.6920129, 8.5208775], [-76.691723, 8.5211445], [-76.6913295, 8.5214803], [-76.6910038, 8.5216481], [-76.6906466, 8.5217848]]}, "properties": {"highway": "trunk", "tipo_via": "troncal", "orden": "primaria", "name": "Arboletes-Turbo", "ref": "90", "surface": "asphalt", "maxspeed": "", "osm_id": 248669118, "source": "OSM"}}, {"type": "Feature", "geometry": {"type": "LineString", "coordinates": [[-76.6528173, 7.7931857], [-76.652726, 7.7939055]]}, "properties": {"highway": "secondary", "tipo_via": "secundaria", "orden": "secundaria", "name": "Carepa - Apartad\u00f3", "ref": "62", "surface": "asphalt", "maxspeed": "", "osm_id": 313898529, "source": "OSM"}}, {"type": "Feature", "geometry": {"type": "LineString", "coordinates": [[-76.6522873, 7.7975773], [-76.6521562, 7.7985591], [-76.6521411, 7.7987032], [-76.6521339, 7.7987549], [-76.6520813, 7.7991982], [-76.6520604, 7.7993792], [-76.6520347, 7.799596], [-76.6519971, 7.7999159], [-76.6519579, 7.8002503], [-76.6519111, 7.8005497], [-76.6518542, 7.8010201], [-76.6518212, 7.8012934], [-76.6517589, 7.8018103], [-76.6517013, 7.8022881]]}, "properties": {"highway": "secondary", "tipo_via": "secundaria", "orden": "secundaria", "name": "Carepa - Apartad\u00f3", "ref": "62", "surface": "asphalt", "maxspeed": "", "osm_id": 313898537, "source": "OSM"}}, {"type": "Feature", "geometry": {"type": "LineString", "coordinates": [[-76.6806541, 7.6714727], [-76.6806936, 7.6719071]]}, "properties": {"highway": "trunk", "tipo_via": "troncal", "orden": "primaria", "name": "Carrera 100", "ref": "62", "surface": "asphalt", "maxspeed": "", "osm_id": 326106355, "source": "OSM"}}, {"type": "Feature", "geometry": {"type": "LineString", "coordinates": [[-76.7284907, 8.0951169], [-76.727745, 8.0953808], [-76.7274188, 8.0954963], [-76.7271435, 8.0955937], [-76.7260362, 8.0959857], [-76.7252835, 8.0962521], [-76.724183, 8.0966416], [-76.7236632, 8.0968255], [-76.7226844, 8.0971719], [-76.7217159, 8.0975147], [-76.721054, 8.097749], [-76.7204595, 8.0979594], [-76.7203296, 8.0980054], [-76.7200578, 8.0981016], [-76.7198474, 8.0981796], [-76.7196069, 8.0982742], [-76.7193521, 8.0983116], [-76.7190802, 8.0982874], [-76.7188581, 8.0982155], [-76.718612, 8.0980662]]}, "properties": {"highway": "primary", "tipo_via": "primaria", "orden": "primaria", "name": "Calle 104", "ref": "62", "surface": "concrete", "maxspeed": "", "osm_id": 326106357, "source": "OSM"}}, {"type": "Feature", "geometry": {"type": "LineString", "coordinates": [[-76.7806404, 8.4245539], [-76.781011, 8.4245318], [-76.7817315, 8.4244565], [-76.7819329, 8.4244355], [-76.7821424, 8.4244136], [-76.7824291, 8.4243837]]}, "properties": {"highway": "trunk", "tipo_via": "troncal", "orden": "primaria", "name": "Calle 50", "ref": "90", "surface": "asphalt", "maxspeed": "80", "osm_id": 335215146, "source": "OSM"}}, {"type": "Feature", "geometry": {"type": "LineString", "coordinates": [[-76.3254747, 8.2562315], [-76.3240895, 8.2548457], [-76.3239851, 8.2547039], [-76.3238896, 8.2545179], [-76.3236276, 8.2539301], [-76.323549, 8.2537723], [-76.3234216, 8.2536528], [-76.3232526, 8.253544], [-76.322865, 8.2533409], [-76.3227832, 8.2532918], [-76.3227001, 8.2532042], [-76.3225377, 8.2530144], [-76.3224533, 8.252968], [-76.3223568, 8.2529521], [-76.3222522, 8.2529468], [-76.3211484, 8.2531789], [-76.3210747, 8.2531857], [-76.3209916, 8.2531578], [-76.3207273, 8.2530636], [-76.3205865, 8.253045], [-76.3204215, 8.2530476], [-76.3195243, 8.2531538], [-76.319401, 8.2531804], [-76.3192803, 8.2532427], [-76.3189946, 8.253467], [-76.318894, 8.2535122], [-76.318776, 8.2535188], [-76.3186231, 8.2534989], [-76.3182865, 8.2534206], [-76.3179499, 8.2532441], [-76.3178359, 8.2531909], [-76.31773, 8.2531697], [-76.317447, 8.2531577], [-76.3173826, 8.2531365], [-76.317333, 8.2530662], [-76.3173062, 8.252976], [-76.3172618, 8.2527529], [-76.3172391, 8.2527012], [-76.3171667, 8.2526654], [-76.316948, 8.2526321], [-76.3168381, 8.2526481], [-76.3161957, 8.2529282], [-76.3160053, 8.2529945], [-76.3158107, 8.2530277], [-76.3147961, 8.2530462], [-76.3146962, 8.2530409], [-76.3145915, 8.2530224], [-76.3144555, 8.2529674], [-76.3143678, 8.2529617], [-76.3142636, 8.2530031], [-76.3130538, 8.2534992], [-76.3128615, 8.253557], [-76.3126718, 8.2535803], [-76.312452, 8.2535794], [-76.3121015, 8.2535209], [-76.3118427, 8.2535056], [-76.3115618, 8.253519], [-76.3110552, 8.2536143], [-76.3109523, 8.2536184], [-76.3108501, 8.2535732], [-76.3105451, 8.2533361], [-76.3104131, 8.2532739], [-76.3102828, 8.2532315], [-76.3100929, 8.2532289], [-76.3099263, 8.2532495], [-76.3097384, 8.2533003], [-76.3094734, 8.2534568], [-76.3088317, 8.2540337], [-76.3081918, 8.25422], [-76.3080333, 8.2542884], [-76.3078559, 8.2544034], [-76.3075583, 8.2546774], [-76.3074899, 8.2546974], [-76.3074209, 8.2546847], [-76.3073585, 8.2545957], [-76.3073659, 8.2543244], [-76.3073382, 8.254253], [-76.3072893, 8.2541959], [-76.3070616, 8.2541074], [-76.3069609, 8.2540908], [-76.3068258, 8.2540712], [-76.3065067, 8.25404], [-76.3063453, 8.2539859], [-76.3061965, 8.2538758], [-76.3060209, 8.2535803], [-76.3059364, 8.253507], [-76.3058151, 8.2534712], [-76.3056794, 8.2534717], [-76.3055286, 8.2534962], [-76.304402, 8.2539713], [-76.3043109, 8.2539873], [-76.3042089, 8.2539514], [-76.3039635, 8.2537431], [-76.3038281, 8.2536781], [-76.3036725, 8.2536502], [-76.3032809, 8.2536568], [-76.3031227, 8.2536223], [-76.3030582, 8.2535226], [-76.3028464, 8.2526083], [-76.3028183, 8.2525146], [-76.3027404, 8.2524477], [-76.3024628, 8.2522805], [-76.3023488, 8.2521596], [-76.3018654, 8.2514019], [-76.3017882, 8.2513246], [-76.3016903, 8.251281], [-76.3006792, 8.2512585], [-76.3005718, 8.2512824], [-76.3005209, 8.2513594], [-76.3004182, 8.2516152], [-76.3003373, 8.2517253], [-76.3002112, 8.2518178], [-76.2991346, 8.2524325], [-76.299025, 8.2525203], [-76.2989557, 8.2526723], [-76.298754, 8.2537025], [-76.298697, 8.2537776], [-76.2985548, 8.2538227], [-76.2983659, 8.2538113], [-76.298021, 8.2537727], [-76.2976883, 8.2537033], [-76.2974752, 8.2537288], [-76.2972364, 8.2538236], [-76.2969844, 8.2539699], [-76.2964517, 8.2543605], [-76.2963596, 8.2544314], [-76.2963071, 8.2545182], [-76.2962884, 8.254697], [-76.2962322, 8.2552685], [-76.2961904, 8.2554459], [-76.296126, 8.2555838], [-76.2958096, 8.255982], [-76.2953739, 8.2567777], [-76.2953014, 8.2568517], [-76.2952182, 8.2568965], [-76.2950585, 8.2569137], [-76.294579, 8.2568892], [-76.2942278, 8.2568712], [-76.2940769, 8.2568552], [-76.2939034, 8.2567886], [-76.2931556, 8.2564745], [-76.2929195, 8.2563073], [-76.29287, 8.2562002], [-76.2928572, 8.2560734], [-76.2928756, 8.2555205], [-76.2929716, 8.2547531], [-76.2929515, 8.2545917], [-76.2929135, 8.2544717], [-76.2927747, 8.2542634], [-76.292732, 8.2541512], [-76.2927116, 8.2540072], [-76.2927613, 8.2537218], [-76.2927505, 8.2536475], [-76.2926929, 8.2535638], [-76.2922771, 8.2531816], [-76.2921792, 8.2531193], [-76.2920558, 8.2530901], [-76.2918815, 8.2530848], [-76.2917742, 8.2530582], [-76.2916642, 8.2530105], [-76.2915435, 8.2529388], [-76.2914577, 8.2529123], [-76.2913021, 8.2529096], [-76.2912042, 8.2529242], [-76.291109, 8.2529627], [-76.2909803, 8.253045], [-76.2909025, 8.2530689], [-76.2907657, 8.2530609], [-76.2906343, 8.2530689], [-76.2904546, 8.2530928], [-76.2893575, 8.2534378], [-76.2882659, 8.2536847], [-76.2880057, 8.2537033], [-76.287763, 8.2536435], [-76.2872869, 8.2533476], [-76.2864018, 8.2530211], [-76.2860584, 8.2528167], [-76.2857808, 8.2525498], [-76.2856802, 8.2523601], [-76.28564, 8.2520708], [-76.2853932, 8.2514974], [-76.2853235, 8.2511709], [-76.2850003, 8.2507183], [-76.2842104, 8.2501065], [-76.2835157, 8.2496738], [-76.2829377, 8.2492345], [-76.2822551, 8.2489492], [-76.2819291, 8.2487487], [-76.2813444, 8.2480798], [-76.2812465, 8.2478502], [-76.2811795, 8.2473538], [-76.2810413, 8.2469463], [-76.280627, 8.246369], [-76.2804754, 8.2459986], [-76.2797245, 8.2449661], [-76.2794079, 8.2446556], [-76.2790537, 8.2444365], [-76.2788084, 8.2443304], [-76.27839, 8.2442693], [-76.2771589, 8.2445772], [-76.2768397, 8.2446118], [-76.2766076, 8.2445175], [-76.2760149, 8.2439574], [-76.2757614, 8.2438592], [-76.2750882, 8.2437955], [-76.274824, 8.2437131], [-76.2746147, 8.2433906], [-76.2745236, 8.2431186], [-76.2744632, 8.2426554], [-76.2744216, 8.2417541], [-76.2743211, 8.2414184], [-76.2741132, 8.2410799], [-76.2724288, 8.2398057], [-76.2720814, 8.2397115], [-76.2716754, 8.2397165], [-76.2710729, 8.2399027], [-76.2708905, 8.2399266], [-76.2707511, 8.2398974], [-76.2706423, 8.2398057], [-76.2701193, 8.2390863], [-76.2700243, 8.2390064], [-76.2698726, 8.2389642], [-76.2690827, 8.2388521], [-76.2688755, 8.2388538], [-76.2685488, 8.2388726], [-76.2683945, 8.2388585], [-76.2682338, 8.2387916], [-76.2672387, 8.2381174], [-76.2667326, 8.2376492], [-76.2666806, 8.2375228], [-76.2666593, 8.2373662], [-76.2666969, 8.2367026], [-76.2666899, 8.2365707], [-76.2666339, 8.2364385], [-76.266232, 8.2360321], [-76.2661005, 8.2359478], [-76.2658774, 8.2358728], [-76.2648504, 8.2356374], [-76.2647099, 8.2355723], [-76.2645954, 8.2354563], [-76.2644237, 8.2351511], [-76.2643363, 8.2350547], [-76.2641944, 8.2349612], [-76.262754, 8.2345073], [-76.2626037, 8.2344955], [-76.2624362, 8.2345246], [-76.2615243, 8.2347635], [-76.2613957, 8.23478], [-76.2612728, 8.2347589], [-76.2610132, 8.2346346], [-76.2608338, 8.2345971], [-76.2606546, 8.2345897], [-76.2599243, 8.2346273], [-76.2598104, 8.2346101], [-76.259715, 8.234563], [-76.2594134, 8.2342352], [-76.2590584, 8.2338518], [-76.2587923, 8.2336401], [-76.2586435, 8.233557], [-76.2585118, 8.2335234], [-76.2582313, 8.2334831], [-76.2580857, 8.2334521], [-76.256529, 8.2327381], [-76.2563195, 8.2326236], [-76.2561457, 8.2324611], [-76.2554872, 8.2316132], [-76.2553529, 8.2314915], [-76.255158, 8.2313961], [-76.2549177, 8.2313486], [-76.2546487, 8.2313324], [-76.2534836, 8.2314902], [-76.2533306, 8.2314906], [-76.2531657, 8.2314512], [-76.2530519, 8.2313708], [-76.2529683, 8.2312608], [-76.2529136, 8.2311132], [-76.2528364, 8.2306948], [-76.2527762, 8.2304723], [-76.2526941, 8.2303447], [-76.2521623, 8.2297161], [-76.2520599, 8.2296366], [-76.2518937, 8.2295857], [-76.2516737, 8.2295923], [-76.251296, 8.2296228], [-76.2496402, 8.2301012], [-76.2494621, 8.2301798], [-76.2492994, 8.2302723], [-76.2491928, 8.2303661], [-76.2490628, 8.2305835], [-76.2484556, 8.2320417], [-76.2483928, 8.2322479], [-76.2483684, 8.232441], [-76.2483628, 8.2327747], [-76.2483358, 8.2332849], [-76.2484042, 8.2337374], [-76.2486041, 8.2340892], [-76.2486563, 8.2344435], [-76.2485276, 8.2348683], [-76.2479697, 8.2353567], [-76.2476397, 8.2358611], [-76.2476102, 8.2362513], [-76.2476492, 8.2370942], [-76.2478665, 8.2377658], [-76.2478624, 8.2380113], [-76.2474332, 8.2387758], [-76.2463246, 8.2399521], [-76.2461686, 8.2401177], [-76.2457649, 8.2404879], [-76.2446639, 8.2409857], [-76.2444064, 8.2410255], [-76.2442521, 8.2410003], [-76.2426044, 8.2401101], [-76.242503, 8.2400811], [-76.2424097, 8.2400759], [-76.2407702, 8.240234], [-76.2406028, 8.2402622], [-76.2404595, 8.2403048], [-76.2403322, 8.2404231], [-76.2402266, 8.2405486], [-76.2400239, 8.2408436], [-76.2398717, 8.2411385], [-76.2397461, 8.2414143], [-76.2396083, 8.2415972], [-76.239415, 8.2417097], [-76.2389759, 8.24182], [-76.2384814, 8.241904], [-76.2379765, 8.2419811], [-76.2373616, 8.242059], [-76.2369247, 8.2421766], [-76.236693, 8.2422211], [-76.2364926, 8.2422227], [-76.2363171, 8.2421517], [-76.2361078, 8.2420186], [-76.2347858, 8.2412997], [-76.2343466, 8.2410635], [-76.2340676, 8.2409419], [-76.2338101, 8.240918], [-76.2335815, 8.2409287], [-76.2334737, 8.2409052], [-76.2333812, 8.240841], [-76.2329708, 8.2403048], [-76.2328521, 8.2402154], [-76.2327012, 8.2401826], [-76.232559, 8.2402491], [-76.2324384, 8.2403537], [-76.2321908, 8.2405324], [-76.23179, 8.2407719], [-76.2314434, 8.2410686], [-76.2311569, 8.2412049], [-76.2306885, 8.241372], [-76.2302081, 8.2414985], [-76.2300667, 8.2415069], [-76.2299252, 8.241482], [-76.2297991, 8.241432], [-76.229673, 8.2413653], [-76.2294316, 8.2411317], [-76.2292835, 8.2410274], [-76.2291125, 8.2409791], [-76.22895, 8.2409996], [-76.2284876, 8.2412906], [-76.2281796, 8.2414563], [-76.2278221, 8.2415351], [-76.2275345, 8.2415533], [-76.2272337, 8.2415846], [-76.2270686, 8.2416417], [-76.2269179, 8.2417345], [-76.2262773, 8.2422899], [-76.2261485, 8.242349], [-76.2260239, 8.242354], [-76.2251684, 8.2420943], [-76.2243033, 8.2418537], [-76.2241707, 8.2418404], [-76.2240655, 8.2418761], [-76.2239623, 8.2419904], [-76.2238613, 8.242106], [-76.2237506, 8.2421626], [-76.2236585, 8.2421527], [-76.2235565, 8.2421496], [-76.2234645, 8.2422231], [-76.2233846, 8.2423169], [-76.2232761, 8.2427946], [-76.2232216, 8.2429588], [-76.2231366, 8.24305], [-76.2229789, 8.243083], [-76.2228465, 8.2431024], [-76.2227511, 8.2431731], [-76.2226816, 8.2432816], [-76.2225, 8.2438099], [-76.2224375, 8.2439932], [-76.2223664, 8.2441047], [-76.2216492, 8.2443935], [-76.2214917, 8.2443941], [-76.2213667, 8.2443654], [-76.2211336, 8.2442325], [-76.220892, 8.2441402], [-76.2205819, 8.2439967], [-76.2204765, 8.2439829], [-76.2202957, 8.24401], [-76.2201886, 8.2440126], [-76.2198519, 8.2438301], [-76.2194894, 8.2436816], [-76.2192379, 8.2434453], [-76.2188512, 8.2429932], [-76.218613, 8.2427103], [-76.2184225, 8.242577], [-76.218218, 8.2425478], [-76.2180087, 8.2425848], [-76.2176204, 8.2427323]]}, "properties": {"highway": "secondary", "tipo_via": "secundaria", "orden": "secundaria", "name": "Valencia - San Pedro", "ref": "", "surface": "", "maxspeed": "", "osm_id": 409571331, "source": "OSM"}}, {"type": "Feature", "geometry": {"type": "LineString", "coordinates": [[-76.3482392, 8.2703305], [-76.347991, 8.270285], [-76.347855, 8.270242], [-76.347775, 8.2702], [-76.347639, 8.270096], [-76.347549, 8.269996], [-76.346737, 8.268712], [-76.346193, 8.267793], [-76.346108, 8.267688], [-76.346041, 8.267629], [-76.345892, 8.267548], [-76.345706, 8.267421], [-76.345616, 8.267335], [-76.345491, 8.26716], [-76.345343, 8.266751], [-76.345319, 8.26664], [-76.345329, 8.266571], [-76.345356, 8.266516], [-76.345399, 8.266478], [-76.345465, 8.266462], [-76.345587, 8.266497], [-76.345785, 8.266744], [-76.345915, 8.266754], [-76.34601, 8.26676], [-76.346149, 8.266698], [-76.346225, 8.266622], [-76.346256, 8.266559], [-76.346267, 8.26649], [-76.346253, 8.266312], [-76.346234, 8.266245], [-76.346163, 8.266144], [-76.346104, 8.266106], [-76.346036, 8.266085], [-76.345714, 8.266044], [-76.345593, 8.266009], [-76.345524, 8.265972], [-76.34544, 8.265871], [-76.34523, 8.265486], [-76.344901, 8.264769], [-76.344855, 8.264616], [-76.344854, 8.264528], [-76.344902, 8.264384], [-76.344988, 8.264249], [-76.345451, 8.263688], [-76.345553, 8.26348], [-76.345569, 8.263405], [-76.345559, 8.263335], [-76.345496, 8.263177], [-76.345288, 8.262762], [-76.3451997, 8.2623067], [-76.345168, 8.262157], [-76.345167, 8.261915], [-76.345192, 8.261777], [-76.345254, 8.26168], [-76.345299, 8.261637], [-76.34543, 8.261541], [-76.3456706, 8.2614748], [-76.3457976, 8.2613659], [-76.3458227, 8.2612538], [-76.345767, 8.261092], [-76.345748, 8.260978], [-76.345593, 8.260461], [-76.345572, 8.260339], [-76.345592, 8.260155], [-76.345675, 8.259921], [-76.345679, 8.259815], [-76.345653, 8.259646], [-76.345633, 8.259578], [-76.345572, 8.259469], [-76.345493, 8.259371], [-76.345278, 8.259181], [-76.345059, 8.25908], [-76.344706, 8.258981], [-76.34443, 8.258951], [-76.344185, 8.258871], [-76.344097, 8.258798], [-76.343674, 8.258346], [-76.3434992, 8.2581235], [-76.343491, 8.258113], [-76.343379, 8.258011], [-76.343261, 8.25798], [-76.343155, 8.258], [-76.343092, 8.258033], [-76.342917, 8.258162], [-76.342769, 8.258294], [-76.34269, 8.258352], [-76.342609, 8.258389], [-76.341155, 8.258699], [-76.3408835, 8.2587744], [-76.3407165, 8.2587676], [-76.3403312, 8.2585487], [-76.3398871, 8.25834], [-76.3397186, 8.2581711], [-76.339693, 8.25805], [-76.339641, 8.257927], [-76.339516, 8.257326], [-76.339469, 8.257213], [-76.339406, 8.25715], [-76.33933, 8.257102], [-76.339247, 8.257074], [-76.338806, 8.257074], [-76.3387, 8.257088], [-76.338587, 8.25714], [-76.338516, 8.257219], [-76.338427, 8.257495], [-76.338387, 8.257572], [-76.338346, 8.257619], [-76.337974, 8.257902], [-76.337704, 8.258084], [-76.337563, 8.258162], [-76.337228, 8.258291], [-76.336895, 8.258352], [-76.336761, 8.258364], [-76.336541, 8.258322], [-76.336312, 8.25825], [-76.336256, 8.258223], [-76.336144, 8.258134], [-76.335869, 8.257783], [-76.335345, 8.25701], [-76.335235, 8.25692], [-76.334959, 8.256793], [-76.334772, 8.256669], [-76.334309, 8.256301], [-76.334192, 8.256238], [-76.33407, 8.2561639]]}, "properties": {"highway": "secondary", "tipo_via": "secundaria", "orden": "secundaria", "name": "", "ref": "", "surface": "", "maxspeed": "", "osm_id": 409571333, "source": "OSM"}}, {"type": "Feature", "geometry": {"type": "LineString", "coordinates": [[-76.3868226, 8.2869197], [-76.386713, 8.286839], [-76.3866091, 8.2867314], [-76.3865286, 8.2866125], [-76.3864856, 8.2865127], [-76.386461, 8.2863655], [-76.3865102, 8.2861303], [-76.3865811, 8.2857585], [-76.386623, 8.285265], [-76.386613, 8.285169], [-76.386444, 8.284604], [-76.386313, 8.284222], [-76.386167, 8.283915], [-76.38612, 8.283841], [-76.38595, 8.283691], [-76.385753, 8.283445], [-76.385409, 8.283079], [-76.38518, 8.282833], [-76.3850889, 8.2827132], [-76.385052, 8.282589], [-76.3848854, 8.2818306], [-76.384816, 8.281599], [-76.3842909, 8.2808103], [-76.3838769, 8.2800809], [-76.383557, 8.2789141], [-76.3833942, 8.2781138]]}, "properties": {"highway": "secondary", "tipo_via": "secundaria", "orden": "secundaria", "name": "Salida a Turbo", "ref": "", "surface": "", "maxspeed": "", "osm_id": 409571334, "source": "OSM"}}, {"type": "Feature", "geometry": {"type": "LineString", "coordinates": [[-76.6634122, 8.0793031], [-76.6637389, 8.0801761], [-76.6638529, 8.0805492], [-76.6642539, 8.0820536], [-76.664498, 8.0830454], [-76.6648849, 8.0847343], [-76.6651914, 8.0859971], [-76.6658176, 8.0885716], [-76.665885, 8.0888421], [-76.6661479, 8.0898981], [-76.6664264, 8.09131], [-76.6670957, 8.0939065], [-76.667166, 8.094072], [-76.667691, 8.0951154], [-76.6680249, 8.0957848], [-76.6690207, 8.0976585], [-76.6694185, 8.0984534], [-76.6698202, 8.0993403], [-76.6707286, 8.1014327], [-76.6721655, 8.1046537], [-76.6723761, 8.1051259], [-76.6735289, 8.1077101], [-76.6741726, 8.1091016], [-76.6762862, 8.1139556], [-76.6789577, 8.1199248], [-76.6792321, 8.120537], [-76.6804287, 8.1232068], [-76.6807284, 8.12381], [-76.6810033, 8.1244109]]}, "properties": {"highway": "trunk", "tipo_via": "troncal", "orden": "primaria", "name": "", "ref": "", "surface": "asphalt", "maxspeed": "", "osm_id": 409571337, "source": "OSM"}}, {"type": "Feature", "geometry": {"type": "LineString", "coordinates": [[-76.5530416, 8.1314698], [-76.553135, 8.131279], [-76.553146, 8.131154], [-76.553148, 8.130949], [-76.553132, 8.130881], [-76.55308, 8.130799], [-76.55302, 8.130744], [-76.552808, 8.13058], [-76.552747, 8.130549], [-76.552638, 8.130557], [-76.552559, 8.130616], [-76.552377, 8.130816], [-76.552306, 8.130919], [-76.5522312, 8.131127], [-76.5521587, 8.1313], [-76.552063, 8.1315072], [-76.5520236, 8.1315477], [-76.551641, 8.131861], [-76.55144, 8.1320572], [-76.5510607, 8.1325742], [-76.5510463, 8.1325939], [-76.5509059, 8.1328373], [-76.550672, 8.133414], [-76.5504892, 8.133892], [-76.5503261, 8.1341974], [-76.55032, 8.1342335], [-76.5503036, 8.13436], [-76.5503273, 8.1346119], [-76.5503686, 8.1348157], [-76.5505965, 8.135353], [-76.550607, 8.1355513], [-76.550595, 8.136018], [-76.5505162, 8.1365515], [-76.5505035, 8.1366519], [-76.5503392, 8.138033], [-76.5501353, 8.1392651], [-76.5501139, 8.1394894], [-76.5501232, 8.1396301], [-76.55015, 8.1397403], [-76.5502882, 8.1398903], [-76.5503719, 8.1399337], [-76.550425, 8.1399415], [-76.5506657, 8.1399296], [-76.550885, 8.1399262], [-76.5509534, 8.1398943], [-76.5512592, 8.1396421], [-76.5513732, 8.1395611], [-76.5514617, 8.1395492], [-76.5515757, 8.1396142], [-76.55164, 8.1397655], [-76.5517863, 8.1403842], [-76.5520021, 8.1406404], [-76.5522891, 8.1410453], [-76.5525198, 8.1414848], [-76.5525869, 8.1417131], [-76.5526365, 8.1419747], [-76.5527719, 8.1422282], [-76.5533754, 8.1425362], [-76.5538287, 8.1425309], [-76.5541439, 8.1424167], [-76.5543329, 8.1422853], [-76.5544121, 8.142296], [-76.5544872, 8.1423252], [-76.5545436, 8.1424181], [-76.5545583, 8.1426451], [-76.5543826, 8.1435664], [-76.5543866, 8.1436952], [-76.5544228, 8.1437988], [-76.5545569, 8.1439594], [-76.5548576, 8.1442337], [-76.5551365, 8.1444355], [-76.5551779, 8.1444984], [-76.5552033, 8.1445767], [-76.555202, 8.1446418], [-76.5551071, 8.1448165], [-76.5550907, 8.1449299], [-76.5550961, 8.1450666], [-76.5551604, 8.1451887], [-76.5552536, 8.1453055], [-76.5553962, 8.1455401], [-76.5554423, 8.1456542], [-76.5554689, 8.1458472], [-76.5554459, 8.1459453], [-76.5553404, 8.1460764], [-76.5549338, 8.1464446], [-76.5549096, 8.1464964], [-76.5548936, 8.1465535], [-76.554848, 8.1469544], [-76.5548533, 8.1474695], [-76.5550722, 8.1483359], [-76.5551001, 8.1485475], [-76.5550961, 8.1486723], [-76.5550679, 8.148744], [-76.5550143, 8.148817], [-76.5549351, 8.1488807], [-76.5548024, 8.1489431], [-76.5546092, 8.1490148], [-76.5540889, 8.1493493], [-76.5535916, 8.149682], [-76.5534103, 8.1498976], [-76.5531853, 8.1502276], [-76.5509871, 8.1519947], [-76.5508407, 8.1520894], [-76.5506771, 8.1521425], [-76.5504746, 8.1521611], [-76.5503606, 8.1521691], [-76.5502978, 8.1521937], [-76.5502522, 8.1522469], [-76.5502104, 8.1523284], [-76.5502051, 8.152416], [-76.5501997, 8.1526311], [-76.5501796, 8.1527014], [-76.5496434, 8.1536541], [-76.5491981, 8.1561034], [-76.5491141, 8.1562277], [-76.5489055, 8.1564132], [-76.5488505, 8.1565161], [-76.5488553, 8.1566445], [-76.5488566, 8.1568207], [-76.5488371, 8.1568672], [-76.5487893, 8.1569515], [-76.5486841, 8.1570812], [-76.5485259, 8.1572467], [-76.5484884, 8.1573452], [-76.5485013, 8.1574596], [-76.5485485, 8.1575375], [-76.5486158, 8.1575748], [-76.5487246, 8.1575815], [-76.5489021, 8.1575206], [-76.5490691, 8.1574686], [-76.5491764, 8.1574701], [-76.5492999, 8.1575044], [-76.549387, 8.1575071], [-76.54947, 8.1574926], [-76.5497422, 8.1573671], [-76.5498483, 8.1573252], [-76.5499221, 8.1573306], [-76.5499811, 8.1573545], [-76.5500173, 8.1574222], [-76.5500321, 8.1575377], [-76.5500347, 8.157604], [-76.5500345, 8.1577149], [-76.5499958, 8.1578071], [-76.5499127, 8.1579399], [-76.5498135, 8.1580116], [-76.549556, 8.1581948], [-76.5495142, 8.1582818], [-76.5494849, 8.1584244], [-76.5495466, 8.1588665], [-76.5495291, 8.1589528], [-76.5494256, 8.1591022], [-76.5493535, 8.1591838], [-76.5492623, 8.1592555], [-76.5490597, 8.159363], [-76.5489578, 8.1593989], [-76.548302, 8.1594772], [-76.5482294, 8.1595018], [-76.5480486, 8.1597042], [-76.547842, 8.1599511], [-76.5476677, 8.1600839], [-76.5474317, 8.1601794], [-76.547209, 8.1602325], [-76.547087, 8.1602604], [-76.5470072, 8.1603022], [-76.5467638, 8.1605219], [-76.5459833, 8.1613131], [-76.5458706, 8.1614645], [-76.5457124, 8.1616158], [-76.5454721, 8.1617639], [-76.5444918, 8.1622693], [-76.5444421, 8.1622949], [-76.544119, 8.1622551], [-76.5440467, 8.1622703], [-76.5436189, 8.1626367], [-76.5432823, 8.1629885], [-76.5431415, 8.163096], [-76.5430073, 8.163161], [-76.5428529, 8.1631949], [-76.5427847, 8.1632022], [-76.5427177, 8.1631863], [-76.5426546, 8.1631557], [-76.5425728, 8.1630867], [-76.5425178, 8.1630522], [-76.5424159, 8.163031], [-76.5422939, 8.163031], [-76.5421354, 8.1630621], [-76.5420163, 8.1631026], [-76.5418473, 8.1632261], [-76.5417776, 8.163315], [-76.5417561, 8.1633827], [-76.5417521, 8.1634465], [-76.5417639, 8.1635454], [-76.5420136, 8.1641753], [-76.5421209, 8.164393], [-76.542145, 8.1645443], [-76.5421143, 8.1646797]]}, "properties": {"highway": "secondary", "tipo_via": "secundaria", "orden": "secundaria", "name": "", "ref": "", "surface": "", "maxspeed": "", "osm_id": 409571338, "source": "OSM"}}, {"type": "Feature", "geometry": {"type": "LineString", "coordinates": [[-76.6364078, 7.9905936], [-76.6363552, 7.9897043]]}, "properties": {"highway": "secondary", "tipo_via": "secundaria", "orden": "secundaria", "name": "Apartad\u00f3 - Turbo", "ref": "62", "surface": "", "maxspeed": "", "osm_id": 430078322, "source": "OSM"}}, {"type": "Feature", "geometry": {"type": "LineString", "coordinates": [[-76.6306773, 7.8895543], [-76.6306594, 7.8896179], [-76.6305803, 7.8898997], [-76.630517, 7.8901248], [-76.6302879, 7.8909402], [-76.6301648, 7.8913784], [-76.6295713, 7.8934856], [-76.6293559, 7.8942574]]}, "properties": {"highway": "secondary", "tipo_via": "secundaria", "orden": "secundaria", "name": "Apartad\u00f3 - Turbo", "ref": "62", "surface": "asphalt", "maxspeed": "", "osm_id": 430078323, "source": "OSM"}}, {"type": "Feature", "geometry": {"type": "LineString", "coordinates": [[-76.6363552, 7.9897043], [-76.6363408, 7.9894479], [-76.6363107, 7.9893663], [-76.6362738, 7.98927], [-76.636204, 7.9891246], [-76.6361437, 7.9890382], [-76.6360858, 7.9889514], [-76.6358631, 7.9883534], [-76.6352794, 7.9864413], [-76.6351286, 7.9859959], [-76.635068, 7.985817], [-76.6347465, 7.9847657], [-76.634421, 7.983736], [-76.634118, 7.9826912], [-76.6339758, 7.9821773], [-76.6329604, 7.9786349], [-76.6322055, 7.9760015], [-76.6316463, 7.9741049], [-76.6313371, 7.9730816], [-76.631244, 7.9727144], [-76.6309248, 7.9716027], [-76.6304292, 7.9699456], [-76.6300327, 7.9686198], [-76.6298231, 7.9678666]]}, "properties": {"highway": "secondary", "tipo_via": "secundaria", "orden": "secundaria", "name": "Apartad\u00f3 - Turbo", "ref": "62", "surface": "", "maxspeed": "", "osm_id": 430078324, "source": "OSM"}}, {"type": "Feature", "geometry": {"type": "LineString", "coordinates": [[-76.6937995, 8.1265376], [-76.6940357, 8.1268989]]}, "properties": {"highway": "trunk", "tipo_via": "troncal", "orden": "primaria", "name": "V\u00eda Turbo - Necocl\u00ed", "ref": "90", "surface": "asphalt", "maxspeed": "80", "osm_id": 430078325, "source": "OSM"}}, {"type": "Feature", "geometry": {"type": "LineString", "coordinates": [[-76.7284907, 8.0951169], [-76.7286239, 8.0955461], [-76.7287164, 8.0958445], [-76.7288076, 8.0961248], [-76.7289896, 8.0967058], [-76.7291419, 8.097189], [-76.7292816, 8.0976334], [-76.7294378, 8.0981307], [-76.7295738, 8.0985636], [-76.7296984, 8.0989603], [-76.7298449, 8.0994265], [-76.7299944, 8.0999022], [-76.7301343, 8.1003474], [-76.730267, 8.1007698], [-76.7302891, 8.1008404]]}, "properties": {"highway": "primary", "tipo_via": "primaria", "orden": "primaria", "name": "Carrera 14", "ref": "90", "surface": "concrete", "maxspeed": "", "osm_id": 430078334, "source": "OSM"}}, {"type": "Feature", "geometry": {"type": "LineString", "coordinates": [[-76.6306773, 7.8895543], [-76.6307317, 7.8894719], [-76.6308438, 7.8890649], [-76.6309924, 7.8885245]]}, "properties": {"highway": "secondary", "tipo_via": "secundaria", "orden": "secundaria", "name": "Carrera 100", "ref": "62", "surface": "asphalt", "maxspeed": "", "osm_id": 453192107, "source": "OSM"}}, {"type": "Feature", "geometry": {"type": "LineString", "coordinates": [[-76.7582942, 8.4159625], [-76.7585296, 8.4159638]]}, "properties": {"highway": "trunk", "tipo_via": "troncal", "orden": "primaria", "name": "V\u00eda Turbo - Necocl\u00ed", "ref": "90", "surface": "asphalt", "maxspeed": "80", "osm_id": 453388275, "source": "OSM"}}, {"type": "Feature", "geometry": {"type": "LineString", "coordinates": [[-76.7585296, 8.4159638], [-76.7596172, 8.4159651], [-76.7601174, 8.4160436], [-76.7606162, 8.4162237], [-76.7616718, 8.4167808], [-76.7663492, 8.4192648], [-76.7679003, 8.4200858], [-76.7679271, 8.4201], [-76.7700474, 8.4212222], [-76.7701728, 8.4212886], [-76.7702561, 8.4213327], [-76.7713019, 8.4218453], [-76.7722559, 8.4223601], [-76.7732294, 8.4229124], [-76.7738894, 8.4232543], [-76.7741196, 8.4233736], [-76.7744949, 8.423568], [-76.7746082, 8.4236278], [-76.7752931, 8.423994], [-76.7754957, 8.4241001], [-76.7762226, 8.4244808]]}, "properties": {"highway": "trunk", "tipo_via": "troncal", "orden": "primaria", "name": "V\u00eda Turbo - Necocl\u00ed", "ref": "90", "surface": "asphalt", "maxspeed": "80", "osm_id": 453388276, "source": "OSM"}}, {"type": "Feature", "geometry": {"type": "LineString", "coordinates": [[-76.7554641, 8.4125074], [-76.7544264, 8.412935], [-76.7543714, 8.4129555], [-76.7537263, 8.4132555], [-76.7536996, 8.4132816]]}, "properties": {"highway": "secondary", "tipo_via": "secundaria", "orden": "secundaria", "name": "", "ref": "", "surface": "", "maxspeed": "", "osm_id": 453388292, "source": "OSM"}}, {"type": "Feature", "geometry": {"type": "LineString", "coordinates": [[-76.7536996, 8.4132816], [-76.7535247, 8.4134685], [-76.7532033, 8.4138858], [-76.7526843, 8.4145426], [-76.7523422, 8.4148671], [-76.7521566, 8.4149665], [-76.7520117, 8.4150655], [-76.75155, 8.4154637], [-76.7513288, 8.4156421], [-76.7511432, 8.415895], [-76.7510369, 8.4160879], [-76.7509669, 8.4163755], [-76.7508255, 8.4165917], [-76.7505229, 8.4169484], [-76.7502117, 8.4173171], [-76.7501317, 8.4174614], [-76.7500659, 8.417827], [-76.7499913, 8.4180402], [-76.7497601, 8.4183074], [-76.7493592, 8.4186567], [-76.7491872, 8.418842], [-76.7490131, 8.4189583], [-76.7487761, 8.4189933], [-76.7484961, 8.4190257], [-76.7483132, 8.4189983], [-76.7480697, 8.4188534], [-76.7476928, 8.4185486], [-76.7474109, 8.4183581], [-76.7471961, 8.4182605], [-76.7469919, 8.4182246], [-76.7467586, 8.4182097], [-76.7465877, 8.4182527], [-76.7464114, 8.4183168], [-76.7462555, 8.4184143], [-76.746103, 8.418518], [-76.7458404, 8.4187412], [-76.7454468, 8.4190666], [-76.7449838, 8.4194323], [-76.7448537, 8.4195512], [-76.744695, 8.4197661], [-76.7445094, 8.4202065], [-76.7444177, 8.4204274], [-76.7440661, 8.421203], [-76.7437755, 8.4219711], [-76.7433213, 8.4231092], [-76.7431842, 8.4233271], [-76.7430774, 8.423425], [-76.7428102, 8.4236094], [-76.7426734, 8.423655], [-76.7421886, 8.4238014], [-76.7418821, 8.4238746], [-76.7417294, 8.423917], [-76.7411504, 8.423985], [-76.7409307, 8.4240924], [-76.740705, 8.4242121], [-76.7403606, 8.4244016], [-76.7401978, 8.4246013], [-76.740068, 8.4248452], [-76.7399956, 8.4250243], [-76.7397836, 8.4258263], [-76.7386749, 8.4297191], [-76.7385925, 8.4297931], [-76.7385031, 8.4298509], [-76.7382534, 8.429993], [-76.7375746, 8.4302898], [-76.7375106, 8.4303571], [-76.7374496, 8.430419], [-76.7373636, 8.4305164], [-76.737248, 8.4306915], [-76.7372056, 8.4308017], [-76.7371649, 8.4310801], [-76.7371215, 8.4314547], [-76.7370994, 8.4318293], [-76.7370502, 8.4323216], [-76.7370329, 8.4324413], [-76.7369607, 8.4325861], [-76.7368591, 8.4326785], [-76.7365784, 8.432813], [-76.7359932, 8.4329732], [-76.7357348, 8.4329456], [-76.7354679, 8.4328183], [-76.7350951, 8.4326219], [-76.734733, 8.4324176], [-76.7345935, 8.4323526], [-76.7344433, 8.4323367], [-76.7342864, 8.432379], [-76.7340984, 8.432482], [-76.733247, 8.4333443], [-76.7331302, 8.4335138], [-76.7331177, 8.4338271], [-76.7331981, 8.4341702], [-76.7332425, 8.4343141], [-76.7333146, 8.4344011], [-76.7333197, 8.4344829], [-76.7333003, 8.4345855], [-76.7332378, 8.4346721], [-76.7331001, 8.4347893], [-76.7328424, 8.4349416], [-76.7325564, 8.43503], [-76.7315627, 8.4351033], [-76.7313287, 8.4350386], [-76.7311459, 8.4349935], [-76.7309722, 8.4349826], [-76.7307717, 8.4350684], [-76.7301305, 8.4354809], [-76.7297548, 8.4356831], [-76.7293296, 8.4358852], [-76.7292164, 8.4360379], [-76.7289887, 8.4364106], [-76.728872, 8.436667], [-76.7286887, 8.4370955], [-76.7285403, 8.4375012], [-76.7283186, 8.4380043], [-76.7280685, 8.438507], [-76.7279241, 8.4386767], [-76.7277007, 8.4387117], [-76.7275127, 8.4385616], [-76.726846, 8.4379261], [-76.7267499, 8.4377112], [-76.7264476, 8.4366161], [-76.7263387, 8.4364402], [-76.7261751, 8.4363423], [-76.7257024, 8.4362907], [-76.7246956, 8.4361673], [-76.7246036, 8.436156], [-76.7242076, 8.4361445], [-76.7239843, 8.4362307], [-76.7237889, 8.4362537], [-76.7231812, 8.4362233], [-76.7229371, 8.4362376], [-76.722674, 8.4363365], [-76.7222515, 8.4366991], [-76.7218991, 8.4369724], [-76.721499, 8.437286], [-76.7212156, 8.4376479], [-76.720635, 8.4384109], [-76.7203989, 8.4385411], [-76.7202594, 8.4385709], [-76.7201147, 8.4385216], [-76.7199526, 8.4384267], [-76.7194055, 8.4379988], [-76.7189705, 8.4377121], [-76.7186546, 8.4375355], [-76.7177237, 8.4373546], [-76.7156838, 8.4371149], [-76.7143214, 8.4368803], [-76.713132, 8.4366258], [-76.7124536, 8.4364807]]}, "properties": {"highway": "secondary", "tipo_via": "secundaria", "orden": "secundaria", "name": "", "ref": "", "surface": "", "maxspeed": "", "osm_id": 453388294, "source": "OSM"}}, {"type": "Feature", "geometry": {"type": "LineString", "coordinates": [[-76.7824214, 8.4243052], [-76.7824291, 8.4243837]]}, "properties": {"highway": "trunk", "tipo_via": "troncal", "orden": "primaria", "name": "Carrera 44", "ref": "90", "surface": "asphalt", "maxspeed": "80", "osm_id": 453396542, "source": "OSM"}}, {"type": "Feature", "geometry": {"type": "LineString", "coordinates": [[-76.7824291, 8.4243837], [-76.7824494, 8.42459], [-76.7824816, 8.4249178]]}, "properties": {"highway": "trunk", "tipo_via": "troncal", "orden": "primaria", "name": "Carrera 44", "ref": "90", "surface": "asphalt", "maxspeed": "80", "osm_id": 453396545, "source": "OSM"}}, {"type": "Feature", "geometry": {"type": "LineString", "coordinates": [[-76.7824214, 8.4243052], [-76.7819713, 8.4243547], [-76.7817297, 8.4243814], [-76.781012, 8.4244606], [-76.7806404, 8.4245539]]}, "properties": {"highway": "trunk", "tipo_via": "troncal", "orden": "primaria", "name": "Calle 50", "ref": "90", "surface": "asphalt", "maxspeed": "80", "osm_id": 453396546, "source": "OSM"}}, {"type": "Feature", "geometry": {"type": "LineString", "coordinates": [[-76.7830332, 8.4295633], [-76.782825, 8.4305597], [-76.7826158, 8.4313408], [-76.7823422, 8.4322684], [-76.7818088, 8.4337751], [-76.7816149, 8.4343597], [-76.7813704, 8.4350973], [-76.7813069, 8.4352888], [-76.781293, 8.435336], [-76.7812667, 8.4354249], [-76.7812434, 8.4355038], [-76.781154, 8.4357773], [-76.7810617, 8.4360722], [-76.7809735, 8.4363541], [-76.7809566, 8.4364111], [-76.7808861, 8.4366497], [-76.780397, 8.4381194], [-76.7802018, 8.4387061], [-76.780154, 8.4388248], [-76.7799978, 8.4391652], [-76.7791307, 8.4406922], [-76.7780716, 8.4438492], [-76.7779442, 8.444081], [-76.7777301, 8.4444223], [-76.7765226, 8.4454614], [-76.7754071, 8.4464811], [-76.7731083, 8.4485618], [-76.772313, 8.4492816], [-76.771858, 8.4496845], [-76.7716291, 8.44989], [-76.7713955, 8.4500755], [-76.7712669, 8.4501647], [-76.7710855, 8.4502548], [-76.7708537, 8.4503566], [-76.7706163, 8.4504473], [-76.7701366, 8.4506266], [-76.769099, 8.451011], [-76.768833, 8.451121], [-76.7686169, 8.4512368], [-76.7684104, 8.45136], [-76.7670417, 8.4523383], [-76.7669359, 8.4523991], [-76.7667143, 8.4525178], [-76.7664832, 8.4526139], [-76.7662196, 8.4526963], [-76.7659465, 8.4527759], [-76.765661, 8.452851], [-76.7649048, 8.4530542], [-76.7646752, 8.4531216], [-76.764495, 8.453172], [-76.7642802, 8.4532284], [-76.764126, 8.453268], [-76.7637777, 8.4533539], [-76.7636313, 8.4533967], [-76.7634031, 8.4534332], [-76.763077, 8.453447], [-76.762759, 8.453402], [-76.759557, 8.452461], [-76.7591377, 8.4523905], [-76.758793, 8.4523972], [-76.7586662, 8.4524179], [-76.7581172, 8.4525075], [-76.7576001, 8.4526078], [-76.7571743, 8.4527214], [-76.7570513, 8.4527758], [-76.7566911, 8.4529922], [-76.7565726, 8.4530781], [-76.756164, 8.453374], [-76.7557937, 8.4536898], [-76.7553592, 8.4540056], [-76.7551467, 8.4541287], [-76.7549138, 8.4542271], [-76.7546634, 8.4542825], [-76.7544368, 8.454302], [-76.7538469, 8.4543023], [-76.7534081, 8.4543126], [-76.75318, 8.4543333], [-76.7529543, 8.4543912]]}, "properties": {"highway": "trunk", "tipo_via": "troncal", "orden": "primaria", "name": "Arboletes-Turbo", "ref": "90", "surface": "asphalt", "maxspeed": "80", "osm_id": 453398531, "source": "OSM"}}, {"type": "Feature", "geometry": {"type": "LineString", "coordinates": [[-76.6340539, 7.8775343], [-76.6338779, 7.8778785]]}, "properties": {"highway": "secondary", "tipo_via": "secundaria", "orden": "secundaria", "name": "Carrera 100", "ref": "62", "surface": "asphalt", "maxspeed": "", "osm_id": 453419550, "source": "OSM"}}, {"type": "Feature", "geometry": {"type": "LineString", "coordinates": [[-76.6425295, 7.8464493], [-76.6424882, 7.8466049]]}, "properties": {"highway": "trunk", "tipo_via": "troncal", "orden": "primaria", "name": "Carepa - Apartad\u00f3", "ref": "62", "surface": "asphalt", "maxspeed": "", "osm_id": 453419551, "source": "OSM"}}, {"type": "Feature", "geometry": {"type": "LineString", "coordinates": [[-76.6323985, 7.8834162], [-76.6325314, 7.8830361]]}, "properties": {"highway": "secondary", "tipo_via": "secundaria", "orden": "secundaria", "name": "Carrera 100", "ref": "62", "surface": "asphalt", "maxspeed": "", "osm_id": 454574701, "source": "OSM"}}, {"type": "Feature", "geometry": {"type": "LineString", "coordinates": [[-76.6409545, 7.852319], [-76.6407953, 7.8528898], [-76.6402659, 7.8548252], [-76.6400691, 7.8555447], [-76.6395748, 7.8573519]]}, "properties": {"highway": "secondary", "tipo_via": "secundaria", "orden": "secundaria", "name": "Carepa - Apartad\u00f3", "ref": "62", "surface": "asphalt", "maxspeed": "90", "osm_id": 454574702, "source": "OSM"}}, {"type": "Feature", "geometry": {"type": "LineString", "coordinates": [[-76.6323985, 7.8834162], [-76.6323694, 7.8835166]]}, "properties": {"highway": "secondary", "tipo_via": "secundaria", "orden": "secundaria", "name": "Carrera 100", "ref": "62", "surface": "", "maxspeed": "", "osm_id": 465652602, "source": "OSM"}}, {"type": "Feature", "geometry": {"type": "LineString", "coordinates": [[-76.4812104, 8.3599821], [-76.480842, 8.3591799], [-76.48031, 8.3580864], [-76.4798287, 8.3570972], [-76.4798085, 8.3570556], [-76.4790446, 8.3545346], [-76.4788648, 8.3539412], [-76.4788164, 8.3537737], [-76.478747, 8.353614], [-76.4786846, 8.3535083], [-76.478609, 8.353422], [-76.47833, 8.353243], [-76.4777302, 8.3529597], [-76.4775237, 8.3528865], [-76.477057, 8.352645], [-76.4765917, 8.35244], [-76.4764707, 8.3523847], [-76.4764158, 8.3523505], [-76.4763457, 8.3522801], [-76.475522, 8.351422], [-76.4750971, 8.3510729], [-76.4748679, 8.3509794], [-76.4745279, 8.3508914], [-76.4744363, 8.3508543], [-76.4743434, 8.3507978], [-76.4740563, 8.3505957], [-76.4737128, 8.3503458], [-76.4734841, 8.3501824], [-76.4734008, 8.350102], [-76.4733215, 8.3499334], [-76.4732806, 8.3498511], [-76.473228, 8.349788], [-76.4731177, 8.3497314], [-76.4729098, 8.3497652], [-76.47252, 8.3498756], [-76.4722406, 8.3499516], [-76.4721074, 8.3499813], [-76.4719606, 8.3499476], [-76.4717238, 8.349841], [-76.4715189, 8.3497627], [-76.4712689, 8.3496949], [-76.4710968, 8.3496248], [-76.4710185, 8.3495955], [-76.4709424, 8.3495802], [-76.4707867, 8.3496069], [-76.4706204, 8.3496585], [-76.4703748, 8.3496962], [-76.4686975, 8.3498516], [-76.4686015, 8.3498506], [-76.4685115, 8.349836], [-76.4683317, 8.3497672], [-76.4681297, 8.3496719], [-76.4676832, 8.3494498], [-76.4674753, 8.3493529], [-76.4672168, 8.3491993], [-76.4669385, 8.3490742], [-76.4668371, 8.3490124], [-76.4667837, 8.3489646], [-76.4662633, 8.3484569], [-76.4659972, 8.3481635], [-76.4658848, 8.3480636], [-76.4655963, 8.3478392], [-76.465225, 8.3476193], [-76.4649951, 8.3474528], [-76.4648041, 8.347315], [-76.4646957, 8.3472559], [-76.46454, 8.34725], [-76.4644789, 8.3472634], [-76.4644229, 8.3473148], [-76.4642799, 8.3474021], [-76.4641339, 8.3474511], [-76.4640394, 8.3474667], [-76.4639308, 8.3474488], [-76.4635052, 8.3473058], [-76.4631197, 8.347151], [-76.4629261, 8.3470349], [-76.462745, 8.346896], [-76.4626973, 8.3467783], [-76.462669, 8.346673], [-76.462667, 8.346496], [-76.4627152, 8.3464099], [-76.4628168, 8.3462571], [-76.4629162, 8.3460835], [-76.4629501, 8.3459154], [-76.462953, 8.3458172], [-76.462932, 8.3457439], [-76.4628918, 8.3456352], [-76.4628676, 8.3453865], [-76.4628135, 8.3449838], [-76.4627602, 8.3447138], [-76.462698, 8.344491], [-76.462611, 8.344362], [-76.4624499, 8.3443256], [-76.4622682, 8.3443428], [-76.4621025, 8.3443561], [-76.461932, 8.344317], [-76.461314, 8.3439753], [-76.4611933, 8.3439335], [-76.4609653, 8.34396], [-76.4605328, 8.3439415], [-76.459866, 8.343904], [-76.4595398, 8.3439107], [-76.4592976, 8.3439614], [-76.4592198, 8.343976], [-76.4591575, 8.3439939], [-76.4590963, 8.3440221], [-76.4590743, 8.3440489], [-76.4590582, 8.3440862], [-76.4590636, 8.3441358], [-76.4590757, 8.3441783], [-76.4590897, 8.3442042], [-76.4591192, 8.34424], [-76.4591662, 8.344278], [-76.4592841, 8.3443941], [-76.4593306, 8.344473], [-76.4593364, 8.3445625], [-76.4592865, 8.3446883], [-76.4591781, 8.3447916], [-76.458987, 8.3448778], [-76.4587919, 8.3449645], [-76.4587101, 8.3449566], [-76.4586344, 8.3449085], [-76.4584725, 8.3447872], [-76.4578416, 8.3443731], [-76.457432, 8.3441376], [-76.4571418, 8.3440527], [-76.4568259, 8.3440063], [-76.4567011, 8.3440098], [-76.4565923, 8.3440545], [-76.4563941, 8.3441149], [-76.4561119, 8.3441718], [-76.4558455, 8.344184], [-76.4556013, 8.3442147], [-76.4553907, 8.3442287], [-76.4552934, 8.3441998], [-76.4551657, 8.34411], [-76.4549416, 8.34392], [-76.4548248, 8.3438146], [-76.454586, 8.343599], [-76.4544776, 8.3435747], [-76.4543237, 8.3435826], [-76.4538238, 8.3436527], [-76.4533929, 8.3437148], [-76.4532044, 8.3437323], [-76.4530894, 8.3437017], [-76.4530124, 8.3436063], [-76.4528965, 8.3432281], [-76.452647, 8.342363], [-76.452653, 8.342216], [-76.4526833, 8.34216], [-76.4527452, 8.3421031], [-76.4531847, 8.3418198], [-76.4533311, 8.3416961], [-76.4534379, 8.3415316], [-76.4535214, 8.3413971], [-76.4535622, 8.3412989], [-76.4535529, 8.3412332], [-76.4535254, 8.3411955], [-76.453435, 8.3411315], [-76.4531568, 8.3410189], [-76.4526393, 8.3407929], [-76.4522178, 8.340563], [-76.4520305, 8.3404799], [-76.4519785, 8.3404348], [-76.451947, 8.3403834], [-76.4519054, 8.3402314], [-76.451894, 8.3399872], [-76.4518256, 8.3398406], [-76.4516701, 8.3397179], [-76.4511357, 8.3395109], [-76.4508601, 8.3393941], [-76.4508062, 8.3393271], [-76.450773, 8.3392553], [-76.4507734, 8.3391367], [-76.4508238, 8.339066], [-76.4508818, 8.3390115], [-76.4512015, 8.3387437], [-76.451327, 8.3386588], [-76.4514595, 8.3385074], [-76.4514992, 8.3384162], [-76.4514677, 8.3383186], [-76.451271, 8.3378532], [-76.451218, 8.337775], [-76.4511605, 8.3377014], [-76.4511035, 8.3376686], [-76.4510331, 8.3376616], [-76.4509641, 8.3376651], [-76.4508805, 8.3376436], [-76.450769, 8.33756], [-76.4500209, 8.3369275], [-76.4497624, 8.3366759], [-76.4493808, 8.3362314], [-76.4491448, 8.3359812], [-76.4490388, 8.3358505], [-76.4488551, 8.335554], [-76.4483655, 8.3343261], [-76.4483062, 8.3341562], [-76.4482169, 8.3337652], [-76.4480882, 8.3334817], [-76.4476523, 8.3329159], [-76.4475642, 8.3328547], [-76.4474498, 8.3328183], [-76.446034, 8.3326107], [-76.4456527, 8.3325721], [-76.4455875, 8.3325642], [-76.4454376, 8.3325459], [-76.4452501, 8.3324627], [-76.444976, 8.332161], [-76.4449209, 8.332011], [-76.4448024, 8.3315295], [-76.4447333, 8.3312826], [-76.444628, 8.331085], [-76.4444042, 8.3307713], [-76.4442258, 8.3304861], [-76.4441773, 8.3303797], [-76.4441246, 8.330239], [-76.4440432, 8.3298066], [-76.4439065, 8.3291093], [-76.4437078, 8.3280812], [-76.4437155, 8.3279951], [-76.4437316, 8.3279082], [-76.4438118, 8.3278107], [-76.4439196, 8.3277428], [-76.4440983, 8.3276049], [-76.4441329, 8.3275348], [-76.4441276, 8.3274502], [-76.4440644, 8.3273648], [-76.4439612, 8.3273099], [-76.4437886, 8.3272947], [-76.4435013, 8.3273351], [-76.4430877, 8.3274014], [-76.4425516, 8.3274837], [-76.4423567, 8.3275713], [-76.4422188, 8.3276636], [-76.441997, 8.3276765], [-76.4417136, 8.327675], [-76.4414678, 8.3276453], [-76.4412067, 8.3276255], [-76.4410974, 8.327598], [-76.4409985, 8.3275238], [-76.4409333, 8.327422], [-76.4409141, 8.3273518], [-76.4409079, 8.3271903], [-76.4409413, 8.326929], [-76.4410046, 8.3264346], [-76.4410279, 8.3262897], [-76.4411599, 8.3260333], [-76.4411844, 8.3258427], [-76.4412194, 8.3256521], [-76.4412603, 8.3254834], [-76.4413219, 8.3252773], [-76.4413746, 8.3252144], [-76.4415393, 8.3251634], [-76.4417471, 8.3251091], [-76.4418732, 8.325034], [-76.4419724, 8.3249474], [-76.442018, 8.3248423], [-76.4420086, 8.3247048], [-76.4420086, 8.3243375], [-76.4419841, 8.324163], [-76.442004, 8.3240718], [-76.4420869, 8.3238684], [-76.4421639, 8.3236328], [-76.442269, 8.3233694], [-76.442273, 8.3232869], [-76.442225, 8.323205], [-76.4421382, 8.3231171], [-76.4420047, 8.3230116], [-76.4419223, 8.3229074], [-76.441871, 8.322823], [-76.4418303, 8.3227021], [-76.441653, 8.3221716], [-76.441561, 8.322012], [-76.441443, 8.321884], [-76.440676, 8.321256], [-76.440517, 8.321081], [-76.4404517, 8.3209337], [-76.4404263, 8.3207547], [-76.4404181, 8.3205324], [-76.4403216, 8.3197902], [-76.4402006, 8.319049], [-76.440106, 8.318901], [-76.439984, 8.318837], [-76.439787, 8.3188509], [-76.4390847, 8.3188901], [-76.4386751, 8.3188901], [-76.4385053, 8.3188268], [-76.4378229, 8.3184505], [-76.4375296, 8.3182887], [-76.436905, 8.31793], [-76.4367755, 8.3178755], [-76.436632, 8.317844], [-76.436057, 8.3177057], [-76.4359105, 8.3176713], [-76.4352625, 8.3175192], [-76.4345589, 8.3173009], [-76.4335735, 8.3170741], [-76.433433, 8.31697], [-76.4331618, 8.3163573], [-76.4330942, 8.3162105], [-76.433017, 8.316104], [-76.4327132, 8.3157888], [-76.431748, 8.314787], [-76.4280215, 8.3126247], [-76.4278304, 8.3125584], [-76.4276028, 8.3125805], [-76.4272165, 8.3126901], [-76.4269248, 8.3127414], [-76.4265356, 8.3127746], [-76.4263038, 8.3127374], [-76.4256794, 8.3125991], [-76.4248524, 8.312416], [-76.4240735, 8.3122435], [-76.4228655, 8.3120163], [-76.422195, 8.3118565], [-76.4212447, 8.3116716], [-76.420776, 8.311531], [-76.4206671, 8.3114722], [-76.420515, 8.31139], [-76.4203535, 8.3112608], [-76.420327, 8.3112396], [-76.4176276, 8.3088931], [-76.4155202, 8.3070612], [-76.4120541, 8.3040643], [-76.4090048, 8.301429], [-76.4016965, 8.2951128], [-76.397798, 8.291733], [-76.3976373, 8.2915863], [-76.397468, 8.291368], [-76.395298, 8.2877719]]}, "properties": {"highway": "secondary", "tipo_via": "secundaria", "orden": "secundaria", "name": "San Pedro de Urab\u00e1 - Necocl\u00ed", "ref": "", "surface": "gravel", "maxspeed": "", "osm_id": 467636447, "source": "OSM"}}, {"type": "Feature", "geometry": {"type": "LineString", "coordinates": [[-76.4812765, 8.3601564], [-76.4812104, 8.3599821]]}, "properties": {"highway": "secondary", "tipo_via": "secundaria", "orden": "secundaria", "name": "", "ref": "", "surface": "gravel", "maxspeed": "", "osm_id": 467636448, "source": "OSM"}}, {"type": "Feature", "geometry": {"type": "LineString", "coordinates": [[-76.6116246, 8.3636845], [-76.6117524, 8.3633466]]}, "properties": {"highway": "secondary", "tipo_via": "secundaria", "orden": "secundaria", "name": "", "ref": "", "surface": "gravel", "maxspeed": "", "osm_id": 467636460, "source": "OSM"}}, {"type": "Feature", "geometry": {"type": "LineString", "coordinates": [[-76.7124536, 8.4364807], [-76.7112475, 8.4362292], [-76.7105346, 8.4359931], [-76.7088015, 8.4350685], [-76.7085979, 8.4347823], [-76.7082785, 8.4343333], [-76.7077231, 8.4335525], [-76.707235, 8.4330484], [-76.7063822, 8.4322986], [-76.7062294, 8.4321643], [-76.7051895, 8.4315861], [-76.7048855, 8.431417], [-76.7043132, 8.4311593], [-76.7040403, 8.4311171], [-76.7038193, 8.4312063], [-76.7030259, 8.4321797], [-76.7021527, 8.4325402], [-76.7018625, 8.4325788], [-76.7010552, 8.4325116], [-76.7007574, 8.4325417], [-76.7005187, 8.4327035], [-76.6997489, 8.4337303], [-76.699411, 8.4339903], [-76.6983866, 8.4345351], [-76.6979712, 8.4346021], [-76.6973167, 8.4346014], [-76.6945856, 8.4353778], [-76.6942889, 8.4354401], [-76.693699, 8.435288], [-76.6931883, 8.4349786], [-76.692169, 8.4344798], [-76.6919571, 8.4343538], [-76.6918525, 8.4342132], [-76.6915615, 8.433668], [-76.6914624, 8.4334934], [-76.6912343, 8.4333204], [-76.6909137, 8.4331068], [-76.6904765, 8.4327168], [-76.6902486, 8.4326345], [-76.6901337, 8.4326146], [-76.6894841, 8.4325019], [-76.6890496, 8.4326398], [-76.6885268, 8.4328615], [-76.6871345, 8.4334518], [-76.6867268, 8.4334464], [-76.6864157, 8.4333084], [-76.6837267, 8.4312507], [-76.6833352, 8.4309511], [-76.6830911, 8.4308595], [-76.6821508, 8.4308148], [-76.6813624, 8.4307773], [-76.6810674, 8.4306972], [-76.680893, 8.4306499], [-76.68072, 8.4304974], [-76.6805953, 8.4302188], [-76.6803378, 8.4299017], [-76.6800461, 8.429787], [-76.6798322, 8.4297326], [-76.6796706, 8.4297518], [-76.6791992, 8.4300344], [-76.67877, 8.4302214], [-76.678589, 8.4302533], [-76.6784535, 8.4302506], [-76.6778339, 8.4299813], [-76.6775335, 8.4299123], [-76.6772385, 8.4297465], [-76.6771071, 8.4297239], [-76.6768429, 8.4297651], [-76.6767477, 8.42972], [-76.6765572, 8.429448], [-76.6764204, 8.4293697], [-76.6757566, 8.4292742], [-76.6756399, 8.4292835], [-76.6754428, 8.4294002], [-76.6752362, 8.4294944], [-76.6750123, 8.4295316], [-76.674538, 8.4294854], [-76.674386, 8.4294706], [-76.6741258, 8.4295356], [-76.6740266, 8.4295475], [-76.6739286, 8.4295024], [-76.6736846, 8.4292066], [-76.6735344, 8.4291721], [-76.6733788, 8.4291973], [-76.6733244, 8.4292349], [-76.6727364, 8.4296417], [-76.6724266, 8.429919], [-76.672208, 8.4302042], [-76.6720055, 8.4303766], [-76.6717923, 8.4304775], [-76.6715844, 8.4304947], [-76.6713122, 8.4304775], [-76.6710654, 8.4303926], [-76.6708213, 8.4302307], [-76.670189, 8.429507], [-76.669734, 8.429281], [-76.669433, 8.42919], [-76.669263, 8.429094], [-76.669082, 8.428929], [-76.668404, 8.42806], [-76.668282, 8.427974], [-76.6658929, 8.4270978], [-76.6657738, 8.4270541], [-76.664544, 8.426603], [-76.664379, 8.426587], [-76.664243, 8.426625], [-76.663808, 8.426811], [-76.663613, 8.426842], [-76.663424, 8.426796], [-76.663023, 8.42663], [-76.662834, 8.42661], [-76.662598, 8.426645], [-76.660946, 8.427213], [-76.660798, 8.427323], [-76.660198, 8.427978], [-76.660002, 8.428096], [-76.6595717, 8.4280055], [-76.658057, 8.427426], [-76.65781, 8.427362], [-76.657542, 8.427357], [-76.656723, 8.42737], [-76.6564596, 8.4274454], [-76.655374, 8.427756], [-76.655123, 8.427798], [-76.6550538, 8.4278054], [-76.6545685, 8.427857], [-76.654174, 8.427899], [-76.65395, 8.427816], [-76.65316, 8.427012], [-76.6527507, 8.4263091], [-76.652051, 8.425058], [-76.651841, 8.42458], [-76.6517796, 8.4243342], [-76.651732, 8.424144], [-76.651633, 8.423414], [-76.651595, 8.423311], [-76.651487, 8.423228], [-76.651281, 8.423118], [-76.651198, 8.423006], [-76.651157, 8.422808], [-76.651191, 8.422645], [-76.651303, 8.422341], [-76.651313, 8.422235], [-76.651256, 8.422141], [-76.650714, 8.421596], [-76.650606, 8.421562], [-76.650457, 8.421585], [-76.650345, 8.421635], [-76.649952, 8.4216774], [-76.6498996, 8.421683], [-76.649213, 8.421757], [-76.648929, 8.421715], [-76.648741, 8.421624], [-76.64857, 8.421508], [-76.648399, 8.421454], [-76.648111, 8.421448], [-76.647994, 8.421407], [-76.647192, 8.420805], [-76.647169, 8.42072], [-76.647234, 8.42024], [-76.647205, 8.420087], [-76.646699, 8.419098], [-76.64659, 8.418997], [-76.6460478, 8.4186896], [-76.645906, 8.418601], [-76.645806, 8.418497], [-76.645744, 8.418365], [-76.6453535, 8.4167194], [-76.645191, 8.416559], [-76.644998, 8.416454], [-76.6447096, 8.4164626], [-76.6444337, 8.4164894], [-76.644189, 8.4165], [-76.643951, 8.416482], [-76.643767, 8.416418], [-76.643606, 8.416256], [-76.643594, 8.4162318], [-76.6434947, 8.4160091], [-76.643389, 8.415873], [-76.6433075, 8.4157965], [-76.6430122, 8.4155541], [-76.6425687, 8.4152311], [-76.6429436, 8.4147911], [-76.6432522, 8.4144158], [-76.6435864, 8.4140562], [-76.6437833, 8.4138546], [-76.6439627, 8.4136212], [-76.6442631, 8.4132319], [-76.6444901, 8.4129419], [-76.6446623, 8.4127412], [-76.6447562, 8.4126674], [-76.644934, 8.4126072], [-76.644775, 8.411895], [-76.644548, 8.411025], [-76.6444438, 8.4107412], [-76.644292, 8.410328], [-76.644075, 8.41002], [-76.643701, 8.409468], [-76.643552, 8.409336], [-76.643397, 8.409265], [-76.642987, 8.409067], [-76.642709, 8.408859], [-76.642575, 8.40867], [-76.642416, 8.40825], [-76.642076, 8.407645], [-76.641891, 8.407461], [-76.641659, 8.407306], [-76.641381, 8.407153], [-76.6413572, 8.4071477], [-76.6412695, 8.4071284], [-76.641054, 8.407081], [-76.640439, 8.407036], [-76.640019, 8.406974], [-76.639317, 8.40681], [-76.63914, 8.406742], [-76.638793, 8.406541], [-76.638676, 8.406507], [-76.638504, 8.406514], [-76.638086, 8.406563], [-76.63731, 8.406724], [-76.6372442, 8.406727], [-76.6372, 8.406729], [-76.6370422, 8.4066673], [-76.6364631, 8.4061589], [-76.6360598, 8.4058621], [-76.635769, 8.405735], [-76.6356166, 8.405629], [-76.6355704, 8.4055762], [-76.6353246, 8.4052232], [-76.6349525, 8.4045467], [-76.634859, 8.404398], [-76.63467, 8.4042212], [-76.6339801, 8.4037302], [-76.633836, 8.403572], [-76.633797, 8.403363], [-76.633853, 8.40288], [-76.633784, 8.402735], [-76.6336609, 8.4026552], [-76.6334757, 8.4025909], [-76.6329969, 8.4025999], [-76.6326544, 8.4021785], [-76.6324582, 8.402003], [-76.6323084, 8.4019326], [-76.632176, 8.4016915], [-76.6320845, 8.4014915], [-76.6319708, 8.4014545], [-76.6317841, 8.401484], [-76.6316011, 8.4015348], [-76.631277, 8.4014955], [-76.631, 8.401389], [-76.6301463, 8.4008935], [-76.630022, 8.4008822], [-76.6297045, 8.4009657], [-76.6295452, 8.400944], [-76.6292843, 8.4008021], [-76.6290875, 8.4006122], [-76.6290431, 8.4004435], [-76.6291312, 8.4002546], [-76.6292397, 8.40008], [-76.6296284, 8.3994918], [-76.6296755, 8.3993654], [-76.6297059, 8.3991347], [-76.6296975, 8.3990013], [-76.629696, 8.3989766], [-76.6291793, 8.3982135], [-76.6287079, 8.3977738], [-76.6283303, 8.3974721], [-76.6281513, 8.3972265], [-76.6277578, 8.3966758], [-76.6275514, 8.3962174], [-76.6275454, 8.3962041], [-76.6275154, 8.3960844], [-76.6274214, 8.3957084], [-76.6275083, 8.3951558], [-76.627518, 8.395094], [-76.6274018, 8.3950183], [-76.6272373, 8.3949061], [-76.6252128, 8.3950109], [-76.6242086, 8.3950516], [-76.6239384, 8.3950625], [-76.62376, 8.395072], [-76.6234266, 8.3950705], [-76.6230741, 8.3948853], [-76.6225051, 8.3943363], [-76.622219, 8.3940619], [-76.621869, 8.3937636], [-76.6207116, 8.3927771], [-76.6205884, 8.3926726], [-76.6203826, 8.3924981], [-76.6202106, 8.3923522], [-76.620167, 8.392313], [-76.619859, 8.391973], [-76.619586, 8.391532], [-76.6195551, 8.3914539], [-76.619386, 8.391026], [-76.6193149, 8.3906639], [-76.6192172, 8.3901656], [-76.6188753, 8.3887727], [-76.6189508, 8.3883675], [-76.6190935, 8.3880322], [-76.6192853, 8.3877331], [-76.6195765, 8.3872788], [-76.6199376, 8.3867156], [-76.6201824, 8.3863337], [-76.6202617, 8.3860637], [-76.6202276, 8.385686], [-76.6201658, 8.3855487], [-76.6198623, 8.384875], [-76.6198995, 8.3846644], [-76.620029, 8.3845144], [-76.620225, 8.384443], [-76.620609, 8.384324], [-76.620681, 8.384244], [-76.6206722, 8.3841217], [-76.6204755, 8.383283], [-76.620445, 8.3831074], [-76.620585, 8.382996], [-76.6208235, 8.3828001], [-76.620951, 8.38271], [-76.6211342, 8.3823234], [-76.6211555, 8.3821954], [-76.6211309, 8.3820827], [-76.621056, 8.381927], [-76.621029, 8.381843], [-76.6210239, 8.3817157], [-76.6211478, 8.3813901], [-76.6211264, 8.3812052], [-76.6209888, 8.3810694], [-76.620799, 8.3809933], [-76.620539, 8.380939], [-76.620398, 8.380856], [-76.6202916, 8.3807363], [-76.6200426, 8.380294], [-76.6199502, 8.380218], [-76.6197802, 8.3801773], [-76.6196161, 8.380131], [-76.6194705, 8.3800327], [-76.6193855, 8.3798388], [-76.6193776, 8.3796208], [-76.619439, 8.3795167], [-76.6195619, 8.3793413], [-76.6195869, 8.3792497], [-76.6195224, 8.3791343], [-76.6191769, 8.3786695], [-76.618757, 8.3782195], [-76.6186882, 8.3780643], [-76.6187481, 8.377913], [-76.6189053, 8.3777028], [-76.6189413, 8.3776222], [-76.6188916, 8.3772334], [-76.6189231, 8.3769363], [-76.6189296, 8.3766848], [-76.6188515, 8.3765263], [-76.6187081, 8.3763641], [-76.6184587, 8.3760394], [-76.6184642, 8.3758938], [-76.6186214, 8.3757574], [-76.6188186, 8.3756606], [-76.618994, 8.375615], [-76.619118, 8.3756212], [-76.6193043, 8.3756589], [-76.6199666, 8.3758017], [-76.620068, 8.3757957], [-76.620161, 8.37575], [-76.620236, 8.375485], [-76.6203157, 8.3753741], [-76.6204261, 8.3753495], [-76.6205414, 8.3753022], [-76.62061, 8.375234], [-76.6206207, 8.3750428], [-76.6204871, 8.3748917], [-76.620061, 8.374546], [-76.619987, 8.374353], [-76.6199853, 8.3741607], [-76.6200402, 8.3738497], [-76.6201426, 8.3736085], [-76.6202383, 8.3735178], [-76.6203841, 8.3734702], [-76.620565, 8.3734392], [-76.6206583, 8.3733355], [-76.6206675, 8.373192], [-76.6206736, 8.3729229], [-76.6207366, 8.3727134], [-76.620868, 8.3725652], [-76.6209407, 8.372484], [-76.6210125, 8.3724038], [-76.621028, 8.3722492], [-76.6209555, 8.3720197], [-76.6207913, 8.3716574], [-76.6206623, 8.3714185], [-76.6203494, 8.3709811], [-76.6201564, 8.3708281], [-76.6196861, 8.3706225], [-76.619492, 8.370523], [-76.6193695, 8.3704603], [-76.6191831, 8.3703449], [-76.6191317, 8.370255], [-76.6191468, 8.3698932], [-76.6191593, 8.3694644], [-76.6191415, 8.3690139], [-76.619128, 8.368926], [-76.6189529, 8.3688581], [-76.6187805, 8.3689047], [-76.6185745, 8.3690194], [-76.6184355, 8.3690298], [-76.6182602, 8.3689405], [-76.6181608, 8.3685287], [-76.6181454, 8.3682755], [-76.6180916, 8.3680795], [-76.6179984, 8.3679148], [-76.6179084, 8.3678336], [-76.6177585, 8.3677323], [-76.617637, 8.367689], [-76.6174695, 8.3676756], [-76.617313, 8.367669], [-76.616395, 8.3677404], [-76.616061, 8.3677669], [-76.6159673, 8.3677743], [-76.6155501, 8.3678073], [-76.613644, 8.367955], [-76.6119205, 8.3680885], [-76.61185, 8.368094], [-76.6116339, 8.368105], [-76.6114179, 8.3680748], [-76.6111608, 8.3680181], [-76.6109302, 8.3679276], [-76.6105646, 8.3676745], [-76.6088892, 8.3661132], [-76.6087206, 8.3657501], [-76.6087631, 8.3654528], [-76.6088644, 8.3652495], [-76.609076, 8.365076], [-76.6113232, 8.3640594], [-76.6115564, 8.3638502], [-76.6116246, 8.3636845]]}, "properties": {"highway": "secondary", "tipo_via": "secundaria", "orden": "secundaria", "name": "", "ref": "", "surface": "gravel", "maxspeed": "", "osm_id": 467636461, "source": "OSM"}}, {"type": "Feature", "geometry": {"type": "LineString", "coordinates": [[-76.3832603, 8.2802941], [-76.3830573, 8.279248], [-76.383031, 8.2791097], [-76.382884, 8.278323], [-76.3828896, 8.2782647]]}, "properties": {"highway": "secondary", "tipo_via": "secundaria", "orden": "secundaria", "name": "", "ref": "", "surface": "", "maxspeed": "", "osm_id": 467636488, "source": "OSM"}}, {"type": "Feature", "geometry": {"type": "LineString", "coordinates": [[-76.6117524, 8.3633466], [-76.611804, 8.3630405], [-76.6117551, 8.3628394], [-76.6116426, 8.362683], [-76.6114325, 8.3625467], [-76.6096709, 8.3614871], [-76.6092916, 8.3613128], [-76.6090652, 8.3613191], [-76.608661, 8.361437], [-76.6070513, 8.3623539], [-76.6067358, 8.3623998], [-76.6065129, 8.3624218], [-76.6062255, 8.3623609], [-76.6059842, 8.3622495], [-76.605125, 8.361853], [-76.605009, 8.361873], [-76.604862, 8.362013], [-76.604823, 8.362155], [-76.604856, 8.3623], [-76.605057, 8.362783], [-76.605134, 8.3631], [-76.6050837, 8.363485], [-76.6050744, 8.3636845], [-76.6050508, 8.3641931], [-76.6050095, 8.3643074], [-76.6048923, 8.3643981], [-76.604215, 8.364662], [-76.6040959, 8.3647125], [-76.6040346, 8.3648119], [-76.6039661, 8.3649532], [-76.603864, 8.365067], [-76.603725, 8.365118], [-76.6035153, 8.3651615], [-76.6033448, 8.3651418], [-76.6031996, 8.3650876], [-76.603111, 8.365072], [-76.603002, 8.365132], [-76.602836, 8.365229], [-76.602619, 8.365323], [-76.602338, 8.365401], [-76.602193, 8.365422], [-76.602051, 8.3654814], [-76.6018902, 8.3655933], [-76.6017388, 8.3657192], [-76.60169, 8.3657671], [-76.6014733, 8.3659801], [-76.6013377, 8.366119], [-76.6012792, 8.3663335], [-76.6012349, 8.366576], [-76.601173, 8.3667255], [-76.6010898, 8.366804], [-76.6009545, 8.366846], [-76.6007578, 8.366832], [-76.60064, 8.3667722], [-76.6005454, 8.3667242], [-76.6003929, 8.3666349], [-76.6003614, 8.3666164], [-76.6000995, 8.3664988], [-76.5994824, 8.3661971], [-76.5993998, 8.3661501], [-76.5990635, 8.3659585], [-76.59799, 8.365265], [-76.597683, 8.365192], [-76.597269, 8.365255], [-76.5968238, 8.3654125], [-76.595245, 8.365971], [-76.594907, 8.366009], [-76.5945952, 8.3659998], [-76.5942885, 8.365846], [-76.5937467, 8.3655247], [-76.592483, 8.365054], [-76.592269, 8.365023], [-76.592104, 8.365055], [-76.5918892, 8.3651034], [-76.590925, 8.36531], [-76.590551, 8.365324], [-76.590421, 8.3653254], [-76.590146, 8.3652809], [-76.5898562, 8.3651692], [-76.589762, 8.3651329], [-76.5891495, 8.3647286], [-76.58888, 8.364584], [-76.588499, 8.364466], [-76.5869465, 8.3642725], [-76.5868639, 8.3642622], [-76.586196, 8.364179], [-76.586012, 8.364188], [-76.585855, 8.364217], [-76.58577, 8.364207], [-76.585369, 8.364091], [-76.585173, 8.364083], [-76.584789, 8.364015], [-76.58453, 8.363959], [-76.584372, 8.363959], [-76.5842312, 8.363965], [-76.584045, 8.363973], [-76.58275, 8.363782], [-76.582433, 8.363772], [-76.5820234, 8.3637239], [-76.581263, 8.363653], [-76.5805495, 8.3635604], [-76.57939, 8.36341], [-76.578422, 8.36333], [-76.577955, 8.36337], [-76.576938, 8.363591], [-76.576711, 8.363572], [-76.576453, 8.363439], [-76.5753172, 8.3619967], [-76.5744784, 8.3609316], [-76.574437, 8.360879], [-76.574135, 8.360641], [-76.573674, 8.360478], [-76.573246, 8.360405], [-76.572946, 8.360422], [-76.572244, 8.360527], [-76.571978, 8.360492], [-76.571834, 8.360415], [-76.571646, 8.360243], [-76.570971, 8.359317], [-76.570771, 8.359143], [-76.570473, 8.359009], [-76.569356, 8.358762], [-76.569055, 8.358754], [-76.568736, 8.358814], [-76.567966, 8.359046], [-76.567771, 8.359059], [-76.567612, 8.359023], [-76.5669456, 8.3587748], [-76.566613, 8.358651], [-76.566321, 8.358619], [-76.5661862, 8.3586322], [-76.565993, 8.358651], [-76.563559, 8.359232], [-76.563132, 8.359321], [-76.56299, 8.359417], [-76.562536, 8.3599], [-76.562349, 8.360038], [-76.562081, 8.360148], [-76.5607773, 8.3603832], [-76.560695, 8.360398], [-76.5604821, 8.3604773], [-76.560432, 8.360496], [-76.559479, 8.361233], [-76.559237, 8.361502], [-76.559116, 8.361755], [-76.559015, 8.362081], [-76.558879, 8.362313], [-76.55872, 8.362495], [-76.558476, 8.362703], [-76.558133, 8.362854], [-76.55777, 8.36295], [-76.557415, 8.362946], [-76.557139, 8.362844], [-76.556868, 8.362645], [-76.556465, 8.362289], [-76.556334, 8.36223], [-76.556148, 8.36223], [-76.555951, 8.362287], [-76.554797, 8.362814], [-76.554575, 8.36288], [-76.554349, 8.362891], [-76.553983, 8.362912], [-76.553572, 8.362973], [-76.55321, 8.363116], [-76.552879, 8.363295], [-76.551623, 8.364492], [-76.55136, 8.364617], [-76.550168, 8.36486], [-76.55006, 8.364941], [-76.5500331, 8.3649859], [-76.5499495, 8.3651257], [-76.5496789, 8.3667504], [-76.5496587, 8.3668292], [-76.5496272, 8.3668803], [-76.5495597, 8.3669378], [-76.5494602, 8.3669689], [-76.5493417, 8.3669494], [-76.548632, 8.366772], [-76.548445, 8.366787], [-76.548271, 8.3669], [-76.5476539, 8.3675217], [-76.5475245, 8.3676063], [-76.5473744, 8.3675932], [-76.5471286, 8.3673494], [-76.5468969, 8.3670943], [-76.5467399, 8.36698], [-76.5466075, 8.3669814], [-76.5464368, 8.367099], [-76.5461682, 8.367352], [-76.5460308, 8.3674056], [-76.5458969, 8.367389], [-76.5455444, 8.3671813], [-76.545067, 8.3669], [-76.544574, 8.366742], [-76.544347, 8.366722], [-76.543995, 8.366645], [-76.543566, 8.366666], [-76.542751, 8.366893], [-76.542369, 8.367088], [-76.541891, 8.367242], [-76.541429, 8.367279], [-76.5413597, 8.3672734], [-76.540905, 8.3672363], [-76.5408452, 8.3672278], [-76.539234, 8.367], [-76.5392053, 8.3669997], [-76.538941, 8.366997], [-76.53865, 8.367054], [-76.537045, 8.367582], [-76.536908, 8.367598], [-76.536756, 8.367583], [-76.535633, 8.367301], [-76.535317, 8.367268], [-76.5341577, 8.3673031], [-76.533898, 8.367311], [-76.533691, 8.367271], [-76.5332227, 8.3670885], [-76.532821, 8.366932], [-76.532661, 8.366919], [-76.531937, 8.367048], [-76.531808, 8.367051], [-76.530483, 8.366508], [-76.530307, 8.366507], [-76.530116, 8.366603], [-76.529991, 8.366782], [-76.5298025, 8.3671983], [-76.529594, 8.367659], [-76.5291568, 8.3680916], [-76.529026, 8.368221], [-76.528851, 8.368273], [-76.528715, 8.368256], [-76.528655, 8.368178], [-76.528635, 8.368057], [-76.528744, 8.367651], [-76.528729, 8.367537], [-76.528642, 8.367417], [-76.527512, 8.366523], [-76.527397, 8.36647], [-76.527254, 8.366463], [-76.525073, 8.366527], [-76.524773, 8.366496], [-76.524326, 8.366357], [-76.523688, 8.366112], [-76.523308, 8.365862], [-76.523138, 8.365804], [-76.522876, 8.36585], [-76.5225, 8.365927], [-76.522221, 8.365892], [-76.521939, 8.365771], [-76.521729, 8.365604], [-76.521301, 8.36508], [-76.520927, 8.364596], [-76.520711, 8.364439], [-76.520489, 8.364413], [-76.5202912, 8.3644554], [-76.520116, 8.3645803], [-76.5199675, 8.3647138], [-76.518162, 8.366312], [-76.517992, 8.366415], [-76.517769, 8.366456], [-76.517582, 8.366436], [-76.516453, 8.366169], [-76.5163989, 8.3661516], [-76.516195, 8.366086], [-76.515623, 8.365824], [-76.515458, 8.365782], [-76.5147265, 8.3658432], [-76.5128419, 8.366001], [-76.5127439, 8.366039], [-76.5126409, 8.366126], [-76.5124449, 8.3663384], [-76.5121143, 8.3668033], [-76.5120163, 8.3668713], [-76.5119093, 8.3669123], [-76.5118518, 8.3669304], [-76.510959, 8.3672116], [-76.510721, 8.3672156], [-76.5105345, 8.3671425], [-76.51034, 8.3669716], [-76.5094724, 8.3659885], [-76.5093834, 8.3659555], [-76.5091734, 8.3659815], [-76.5090234, 8.3659625], [-76.5088804, 8.3658775], [-76.5084332, 8.3655072], [-76.5082882, 8.3654442], [-76.5081112, 8.3654542], [-76.507591, 8.365805], [-76.507311, 8.365908], [-76.507028, 8.365943], [-76.506745, 8.365913], [-76.5054297, 8.3656524], [-76.5051882, 8.3654839], [-76.5049401, 8.3652623], [-76.5044251, 8.3650328], [-76.5042481, 8.3650062], [-76.5040312, 8.3650772], [-76.5037896, 8.3652542], [-76.5026576, 8.3661288], [-76.5021425, 8.3666197], [-76.5019387, 8.3667086], [-76.5017831, 8.3667417], [-76.5015608, 8.366717], [-76.5012065, 8.3665799], [-76.5006485, 8.3664657], [-76.5004256, 8.3664611], [-76.4992753, 8.3664631], [-76.4985557, 8.366445], [-76.4984197, 8.3664179], [-76.4983338, 8.3662853], [-76.4981433, 8.3661155], [-76.4979073, 8.3660385], [-76.4976579, 8.3660253], [-76.4974953, 8.3661228], [-76.496808, 8.3667588], [-76.4966386, 8.3669155], [-76.4964871, 8.3670124], [-76.4962551, 8.3669978], [-76.4959266, 8.3669155], [-76.4958247, 8.3669076], [-76.4957294, 8.3669315], [-76.4955638, 8.3671205], [-76.4953807, 8.3675311], [-76.4950924, 8.3680566], [-76.494973, 8.3683711], [-76.4948094, 8.3686908], [-76.4945841, 8.3689243], [-76.4943574, 8.3690808], [-76.4937446, 8.36926], [-76.4935811, 8.3692971], [-76.4931223, 8.3694193], [-76.4928647, 8.3694272], [-76.4926087, 8.3693285], [-76.491918, 8.3688965], [-76.4916256, 8.3688116], [-76.4913493, 8.3687691], [-76.4908477, 8.3687453], [-76.4905581, 8.3687904], [-76.4902765, 8.3688886], [-76.4900224, 8.3690414], [-76.4883882, 8.3702485], [-76.4873784, 8.3709699], [-76.4868622, 8.3713451], [-76.4863688, 8.3717038], [-76.4858344, 8.3720923], [-76.4853543, 8.3724413]]}, "properties": {"highway": "secondary", "tipo_via": "secundaria", "orden": "secundaria", "name": "", "ref": "", "surface": "gravel", "maxspeed": "", "osm_id": 467636575, "source": "OSM"}}, {"type": "Feature", "geometry": {"type": "LineString", "coordinates": [[-76.3734468, 8.2718718], [-76.372014, 8.270843], [-76.3717766, 8.2706927], [-76.371714, 8.270653], [-76.371537, 8.27057], [-76.37132, 8.270563], [-76.369194, 8.271609], [-76.369001, 8.271646], [-76.368839, 8.271614], [-76.3684681, 8.2715164], [-76.368136, 8.271429], [-76.367933, 8.271398], [-76.366486, 8.271463], [-76.36584, 8.271445], [-76.365676, 8.271392], [-76.365188, 8.271051], [-76.365004, 8.270865], [-76.364557, 8.270318], [-76.364362, 8.270183], [-76.364146, 8.270097], [-76.363944, 8.270079], [-76.363484, 8.270198], [-76.363338, 8.270218], [-76.363208, 8.270187], [-76.362847, 8.270026], [-76.362746, 8.269991], [-76.362631, 8.269986], [-76.361553, 8.270191], [-76.360838, 8.270285], [-76.360686, 8.270266], [-76.360577, 8.270201], [-76.359861, 8.269637], [-76.35976, 8.269589], [-76.359066, 8.269346], [-76.358577, 8.269184], [-76.358328, 8.269146], [-76.358153, 8.269173], [-76.357994, 8.269246], [-76.357643, 8.269577], [-76.357534, 8.269641], [-76.357377, 8.269659], [-76.3566957, 8.2695851], [-76.3564347, 8.2695755], [-76.3562977, 8.2696275], [-76.3558531, 8.269858], [-76.35559, 8.269916], [-76.355304, 8.26991], [-76.3552097, 8.2698944], [-76.355001, 8.26986], [-76.354525, 8.2697345], [-76.3524217, 8.26918], [-76.351887, 8.269039], [-76.3517724, 8.2690274], [-76.351659, 8.269016], [-76.351482, 8.269041], [-76.351331, 8.26909], [-76.3503081, 8.2696189], [-76.3488119, 8.270186], [-76.3482392, 8.2703305]]}, "properties": {"highway": "secondary", "tipo_via": "secundaria", "orden": "secundaria", "name": "", "ref": "", "surface": "", "maxspeed": "", "osm_id": 467636717, "source": "OSM"}}, {"type": "Feature", "geometry": {"type": "LineString", "coordinates": [[-76.6424882, 7.8466049], [-76.6421452, 7.8478988], [-76.6416569, 7.8497409], [-76.6414826, 7.8503953]]}, "properties": {"highway": "trunk", "tipo_via": "troncal", "orden": "primaria", "name": "Carepa - Apartad\u00f3", "ref": "62", "surface": "asphalt", "maxspeed": "", "osm_id": 492472654, "source": "OSM"}}, {"type": "Feature", "geometry": {"type": "LineString", "coordinates": [[-76.6428422, 7.8452697], [-76.6426305, 7.8460683], [-76.6425295, 7.8464493]]}, "properties": {"highway": "trunk", "tipo_via": "troncal", "orden": "primaria", "name": "Carepa - Apartad\u00f3", "ref": "62", "surface": "asphalt", "maxspeed": "", "osm_id": 492472655, "source": "OSM"}}, {"type": "Feature", "geometry": {"type": "LineString", "coordinates": [[-76.6426617, 7.846631], [-76.6429041, 7.8457202], [-76.643011, 7.8453185]]}, "properties": {"highway": "trunk", "tipo_via": "troncal", "orden": "primaria", "name": "Apartad\u00f3 - Carepa", "ref": "62", "surface": "asphalt", "maxspeed": "", "osm_id": 492472656, "source": "OSM"}}, {"type": "Feature", "geometry": {"type": "LineString", "coordinates": [[-76.6747963, 7.6899601], [-76.6746723, 7.6905132], [-76.6745603, 7.6909663], [-76.6737583, 7.6945439], [-76.6730405, 7.6976969], [-76.6728152, 7.6987707], [-76.6721417, 7.7017277], [-76.6704624, 7.7092015], [-76.6694538, 7.7135208], [-76.6685656, 7.717514], [-76.667939, 7.7202607], [-76.6677956, 7.7208886], [-76.6676413, 7.7215644], [-76.6673888, 7.7227196]]}, "properties": {"highway": "trunk", "tipo_via": "troncal", "orden": "primaria", "name": "Chigorod\u00f3 - Carepa", "ref": "62", "surface": "asphalt", "maxspeed": "", "osm_id": 492472657, "source": "OSM"}}, {"type": "Feature", "geometry": {"type": "LineString", "coordinates": [[-76.6773102, 7.6787642], [-76.6773353, 7.6786466], [-76.6773917, 7.6784586], [-76.6774598, 7.6782863], [-76.6775324, 7.6781377], [-76.6776138, 7.6779979], [-76.6779394, 7.6775914], [-76.6782349, 7.677213], [-76.6787767, 7.6764103], [-76.679588, 7.6752211], [-76.6802911, 7.6742127], [-76.6803977, 7.6740461], [-76.680488, 7.673881]]}, "properties": {"highway": "trunk", "tipo_via": "troncal", "orden": "primaria", "name": "Carepa - Chigorod\u00f3", "ref": "62", "surface": "asphalt", "maxspeed": "", "osm_id": 492472658, "source": "OSM"}}, {"type": "Feature", "geometry": {"type": "LineString", "coordinates": [[-76.6677079, 7.7227996], [-76.6680553, 7.7216567], [-76.6682721, 7.7207374], [-76.6683753, 7.7203133], [-76.6685201, 7.7196251], [-76.6690106, 7.7175786], [-76.6697929, 7.7135743], [-76.670706, 7.7092337], [-76.6723598, 7.7017611], [-76.6730345, 7.6987987], [-76.6732599, 7.6977244], [-76.6747789, 7.6909975], [-76.6749947, 7.6900347]]}, "properties": {"highway": "trunk", "tipo_via": "troncal", "orden": "primaria", "name": "Carepa - Chigorod\u00f3", "ref": "62", "surface": "asphalt", "maxspeed": "", "osm_id": 492472659, "source": "OSM"}}, {"type": "Feature", "geometry": {"type": "LineString", "coordinates": [[-76.6584851, 8.0655531], [-76.6584834, 8.0651766]]}, "properties": {"highway": "trunk", "tipo_via": "troncal", "orden": "primaria", "name": "Turbo - Apartad\u00f3", "ref": "62", "surface": "asphalt", "maxspeed": "", "osm_id": 498117321, "source": "OSM"}}, {"type": "Feature", "geometry": {"type": "LineString", "coordinates": [[-76.6609331, 8.0688359], [-76.6608165, 8.0688391], [-76.6607134, 8.0688247], [-76.6606182, 8.0687961], [-76.6605394, 8.0687599], [-76.6594854, 8.0681031], [-76.659282, 8.0679227], [-76.6591685, 8.0678039], [-76.6590514, 8.0676639], [-76.6588106, 8.0672945], [-76.658616, 8.0668301], [-76.6585793, 8.0666995], [-76.6585463, 8.0665509], [-76.6585085, 8.0662736], [-76.6584894, 8.0658612], [-76.6584851, 8.0655531]]}, "properties": {"highway": "trunk", "tipo_via": "troncal", "orden": "primaria", "name": "Turbo - Apartad\u00f3", "ref": "62", "surface": "asphalt", "maxspeed": "", "osm_id": 498117322, "source": "OSM"}}, {"type": "Feature", "geometry": {"type": "LineString", "coordinates": [[-76.7303285, 8.10088], [-76.7303543, 8.1008123], [-76.7303334, 8.1007455], [-76.7302017, 8.1003257], [-76.7300617, 8.0998795], [-76.7299126, 8.0994044], [-76.7297667, 8.0989394], [-76.7296424, 8.098543], [-76.7295068, 8.0981109], [-76.7293504, 8.0976125], [-76.7292062, 8.0971658], [-76.729064, 8.0966921], [-76.7288768, 8.0961029], [-76.7288421, 8.0959924], [-76.728553, 8.0950945]]}, "properties": {"highway": "primary", "tipo_via": "primaria", "orden": "primaria", "name": "Carrera 14", "ref": "90", "surface": "concrete", "maxspeed": "", "osm_id": 500822921, "source": "OSM"}}, {"type": "Feature", "geometry": {"type": "LineString", "coordinates": [[-76.728553, 8.0950945], [-76.7284907, 8.0951169]]}, "properties": {"highway": "primary", "tipo_via": "primaria", "orden": "primaria", "name": "", "ref": "", "surface": "concrete", "maxspeed": "", "osm_id": 500827677, "source": "OSM"}}, {"type": "Feature", "geometry": {"type": "LineString", "coordinates": [[-76.6210685, 7.9278326], [-76.6210189, 7.9283396], [-76.6210189, 7.9288453], [-76.6210776, 7.9294114], [-76.6211876, 7.9301118], [-76.6214699, 7.9318576]]}, "properties": {"highway": "trunk", "tipo_via": "troncal", "orden": "primaria", "name": "Apartad\u00f3 - Turbo", "ref": "62", "surface": "asphalt", "maxspeed": "", "osm_id": 501093102, "source": "OSM"}}, {"type": "Feature", "geometry": {"type": "LineString", "coordinates": [[-76.6211249, 7.927373], [-76.6210685, 7.9278326]]}, "properties": {"highway": "trunk", "tipo_via": "troncal", "orden": "primaria", "name": "Apartad\u00f3 - Turbo", "ref": "62", "surface": "asphalt", "maxspeed": "", "osm_id": 501093103, "source": "OSM"}}, {"type": "Feature", "geometry": {"type": "LineString", "coordinates": [[-76.7440713, 8.2075579], [-76.7440579, 8.2077837]]}, "properties": {"highway": "trunk", "tipo_via": "troncal", "orden": "primaria", "name": "V\u00eda Turbo - Necocl\u00ed", "ref": "90", "surface": "asphalt", "maxspeed": "80", "osm_id": 501207758, "source": "OSM"}}, {"type": "Feature", "geometry": {"type": "LineString", "coordinates": [[-76.7444536, 8.1928692], [-76.7447215, 8.1934326], [-76.7448637, 8.1938839], [-76.7448548, 8.1943847], [-76.7445712, 8.1991536], [-76.7443036, 8.203652], [-76.7441775, 8.2057722], [-76.7441401, 8.2064002], [-76.7441268, 8.2066234], [-76.7440713, 8.2075579]]}, "properties": {"highway": "trunk", "tipo_via": "troncal", "orden": "primaria", "name": "V\u00eda Turbo - Necocl\u00ed", "ref": "90", "surface": "asphalt", "maxspeed": "80", "osm_id": 501207759, "source": "OSM"}}, {"type": "Feature", "geometry": {"type": "LineString", "coordinates": [[-76.7409417, 8.1860572], [-76.7414492, 8.187281], [-76.7419185, 8.1884127], [-76.7420817, 8.1888149], [-76.7424894, 8.1895639], [-76.7426967, 8.1899446], [-76.7429323, 8.1903338], [-76.7429947, 8.1904367], [-76.7432674, 8.1908863], [-76.7435778, 8.1913329], [-76.7438535, 8.1918164], [-76.7444536, 8.1928692]]}, "properties": {"highway": "trunk", "tipo_via": "troncal", "orden": "primaria", "name": "V\u00eda Turbo - Necocl\u00ed", "ref": "90", "surface": "asphalt", "maxspeed": "80", "osm_id": 501207771, "source": "OSM"}}, {"type": "Feature", "geometry": {"type": "LineString", "coordinates": [[-76.7408703, 8.185885], [-76.7409417, 8.1860572]]}, "properties": {"highway": "trunk", "tipo_via": "troncal", "orden": "primaria", "name": "V\u00eda Turbo - Necocl\u00ed", "ref": "90", "surface": "asphalt", "maxspeed": "80", "osm_id": 501207772, "source": "OSM"}}, {"type": "Feature", "geometry": {"type": "LineString", "coordinates": [[-76.7531879, 8.2933334], [-76.7518623, 8.2961365], [-76.7512739, 8.2973496], [-76.750576, 8.2989384], [-76.7496415, 8.3008546], [-76.7484828, 8.303397], [-76.7476372, 8.3051676], [-76.7470998, 8.3062928], [-76.7470421, 8.3064163], [-76.745489, 8.3097415], [-76.7451498, 8.3104212], [-76.7447116, 8.3112993], [-76.7446462, 8.3114303], [-76.7445802, 8.3115829], [-76.7443018, 8.312227], [-76.7440327, 8.3128496], [-76.743895, 8.3132787], [-76.7437101, 8.3138551], [-76.743647, 8.3148177], [-76.7436365, 8.3149775], [-76.7436295, 8.315084], [-76.7435931, 8.3170168], [-76.743518, 8.3210001], [-76.7435148, 8.3211322], [-76.7435051, 8.3215274], [-76.7433923, 8.3261293], [-76.7433895, 8.3262721]]}, "properties": {"highway": "trunk", "tipo_via": "troncal", "orden": "primaria", "name": "V\u00eda Turbo - Necocl\u00ed", "ref": "90", "surface": "asphalt", "maxspeed": "80", "osm_id": 501213255, "source": "OSM"}}, {"type": "Feature", "geometry": {"type": "LineString", "coordinates": [[-76.7564525, 8.2704959], [-76.7564235, 8.2708092]]}, "properties": {"highway": "trunk", "tipo_via": "troncal", "orden": "primaria", "name": "V\u00eda Turbo - Necocl\u00ed", "ref": "90", "surface": "asphalt", "maxspeed": "80", "osm_id": 501213256, "source": "OSM"}}, {"type": "Feature", "geometry": {"type": "LineString", "coordinates": [[-76.754703, 8.4108516], [-76.7548829, 8.4112325], [-76.7550075, 8.4115058], [-76.7551968, 8.4119211], [-76.7552845, 8.4121134], [-76.7553229, 8.4121977], [-76.7554641, 8.4125074], [-76.7556527, 8.4129219], [-76.755777, 8.413195], [-76.7558896, 8.4134379], [-76.7561536, 8.4139967], [-76.7562739, 8.4142671], [-76.7567029, 8.4151929], [-76.7568257, 8.4153836], [-76.7569685, 8.4155548], [-76.7570167, 8.4155928], [-76.7572286, 8.4157601], [-76.7574634, 8.4158742], [-76.7577537, 8.4159438], [-76.7582942, 8.4159625]]}, "properties": {"highway": "trunk", "tipo_via": "troncal", "orden": "primaria", "name": "V\u00eda Turbo - Necocl\u00ed", "ref": "90", "surface": "asphalt", "maxspeed": "80", "osm_id": 501279940, "source": "OSM"}}, {"type": "Feature", "geometry": {"type": "LineString", "coordinates": [[-76.7546856, 8.4108148], [-76.754703, 8.4108516]]}, "properties": {"highway": "trunk", "tipo_via": "troncal", "orden": "primaria", "name": "V\u00eda Turbo - Necocl\u00ed", "ref": "90", "surface": "asphalt", "maxspeed": "80", "osm_id": 501279941, "source": "OSM"}}, {"type": "Feature", "geometry": {"type": "LineString", "coordinates": [[-76.7502404, 8.3828639], [-76.750218, 8.3830353]]}, "properties": {"highway": "trunk", "tipo_via": "troncal", "orden": "primaria", "name": "V\u00eda Turbo - Necocl\u00ed", "ref": "90", "surface": "asphalt", "maxspeed": "80", "osm_id": 501279947, "source": "OSM"}}, {"type": "Feature", "geometry": {"type": "LineString", "coordinates": [[-76.7391103, 8.3510779], [-76.7391466, 8.3513603], [-76.7392605, 8.3516511], [-76.7395114, 8.3519601], [-76.741488, 8.3538366], [-76.7425501, 8.3548449], [-76.7447725, 8.3569176], [-76.7468817, 8.3589179], [-76.7490131, 8.360971], [-76.7505057, 8.3623406], [-76.7506013, 8.362426], [-76.7510766, 8.3628712], [-76.7515558, 8.3633487], [-76.7515959, 8.3633981], [-76.7518336, 8.363639], [-76.7520582, 8.3639289], [-76.752212, 8.364262], [-76.7523175, 8.3646118], [-76.7523905, 8.3649122], [-76.7524062, 8.3652308], [-76.7523723, 8.3657328], [-76.7522772, 8.3662504], [-76.7522148, 8.3668572], [-76.7521918, 8.3670805], [-76.7521862, 8.3671345], [-76.7521673, 8.3673186], [-76.7520011, 8.3686362], [-76.7519796, 8.3688067], [-76.7519265, 8.369197], [-76.751913, 8.3693067], [-76.7518366, 8.3699236], [-76.7517844, 8.3703791], [-76.7512478, 8.3747356], [-76.7511162, 8.3757196], [-76.7510324, 8.376477], [-76.7509321, 8.3773836], [-76.7507082, 8.3790476], [-76.750675, 8.379319], [-76.7504772, 8.3809357], [-76.7502517, 8.3827797], [-76.7502404, 8.3828639]]}, "properties": {"highway": "trunk", "tipo_via": "troncal", "orden": "primaria", "name": "V\u00eda Turbo - Necocl\u00ed", "ref": "90", "surface": "asphalt", "maxspeed": "80", "osm_id": 501279948, "source": "OSM"}}, {"type": "Feature", "geometry": {"type": "LineString", "coordinates": [[-76.7395907, 8.3489311], [-76.7394745, 8.3494785], [-76.739162, 8.3506427], [-76.7391103, 8.3510779]]}, "properties": {"highway": "trunk", "tipo_via": "troncal", "orden": "primaria", "name": "V\u00eda Turbo - Necocl\u00ed", "ref": "90", "surface": "asphalt", "maxspeed": "80", "osm_id": 501279971, "source": "OSM"}}, {"type": "Feature", "geometry": {"type": "LineString", "coordinates": [[-76.7396877, 8.3485695], [-76.7395907, 8.3489311]]}, "properties": {"highway": "trunk", "tipo_via": "troncal", "orden": "primaria", "name": "V\u00eda Turbo - Necocl\u00ed", "ref": "90", "surface": "asphalt", "maxspeed": "80", "osm_id": 501279972, "source": "OSM"}}, {"type": "Feature", "geometry": {"type": "LineString", "coordinates": [[-76.685088, 8.0839948], [-76.6842163, 8.0834491], [-76.6767115, 8.0788417], [-76.672951, 8.0765977], [-76.6692334, 8.0741704], [-76.6671579, 8.0728913], [-76.6655105, 8.071876], [-76.6619051, 8.0697095]]}, "properties": {"highway": "primary", "tipo_via": "primaria", "orden": "primaria", "name": "Apartad\u00f3 - Turbo", "ref": "62", "surface": "asphalt", "maxspeed": "", "osm_id": 507538923, "source": "OSM"}}, {"type": "Feature", "geometry": {"type": "LineString", "coordinates": [[-76.6999544, 8.0893139], [-76.699816, 8.0892727]]}, "properties": {"highway": "primary", "tipo_via": "primaria", "orden": "primaria", "name": "Apartad\u00f3 - Turbo", "ref": "62", "surface": "asphalt", "maxspeed": "", "osm_id": 507538927, "source": "OSM"}}, {"type": "Feature", "geometry": {"type": "LineString", "coordinates": [[-76.6851489, 8.0840338], [-76.685088, 8.0839948]]}, "properties": {"highway": "primary", "tipo_via": "primaria", "orden": "primaria", "name": "Apartad\u00f3 - Turbo", "ref": "62", "surface": "asphalt", "maxspeed": "", "osm_id": 507579777, "source": "OSM"}}, {"type": "Feature", "geometry": {"type": "LineString", "coordinates": [[-76.6894117, 8.0861883], [-76.6883732, 8.0858879], [-76.6880505, 8.0857753], [-76.6876941, 8.0855855], [-76.68521, 8.084071], [-76.6851489, 8.0840338]]}, "properties": {"highway": "primary", "tipo_via": "primaria", "orden": "primaria", "name": "Apartad\u00f3 - Turbo", "ref": "62", "surface": "asphalt", "maxspeed": "", "osm_id": 507579779, "source": "OSM"}}, {"type": "Feature", "geometry": {"type": "LineString", "coordinates": [[-76.6895378, 8.0862254], [-76.6894117, 8.0861883]]}, "properties": {"highway": "primary", "tipo_via": "primaria", "orden": "primaria", "name": "Apartad\u00f3 - Turbo", "ref": "62", "surface": "asphalt", "maxspeed": "", "osm_id": 507579786, "source": "OSM"}}, {"type": "Feature", "geometry": {"type": "LineString", "coordinates": [[-76.699816, 8.0892727], [-76.6971115, 8.0884797], [-76.6933678, 8.0873693], [-76.6910822, 8.0867066], [-76.6895378, 8.0862254]]}, "properties": {"highway": "primary", "tipo_via": "primaria", "orden": "primaria", "name": "Apartad\u00f3 - Turbo", "ref": "62", "surface": "asphalt", "maxspeed": "", "osm_id": 507579788, "source": "OSM"}}, {"type": "Feature", "geometry": {"type": "LineString", "coordinates": [[-76.7068802, 8.1318691], [-76.7071679, 8.1319924]]}, "properties": {"highway": "trunk", "tipo_via": "troncal", "orden": "primaria", "name": "V\u00eda Turbo - Necocl\u00ed", "ref": "90", "surface": "asphalt", "maxspeed": "80", "osm_id": 508881838, "source": "OSM"}}, {"type": "Feature", "geometry": {"type": "LineString", "coordinates": [[-76.6940357, 8.1268989], [-76.6944416, 8.1274959], [-76.6946144, 8.1276271], [-76.6948485, 8.1277605], [-76.6951245, 8.1278661], [-76.6954315, 8.1279288], [-76.6957384, 8.1279394], [-76.6960547, 8.127897], [-76.6968593, 8.1278529], [-76.6972895, 8.1278282], [-76.697579, 8.1278476], [-76.6979267, 8.1279101], [-76.6982313, 8.1280023], [-76.6986091, 8.1281715]]}, "properties": {"highway": "trunk", "tipo_via": "troncal", "orden": "primaria", "name": "V\u00eda Turbo - Necocl\u00ed", "ref": "90", "surface": "asphalt", "maxspeed": "80", "osm_id": 508881839, "source": "OSM"}}, {"type": "Feature", "geometry": {"type": "LineString", "coordinates": [[-76.6152093, 7.5586052], [-76.6152124, 7.5587448]]}, "properties": {"highway": "trunk", "tipo_via": "troncal", "orden": "primaria", "name": "Mutat\u00e1 - Chigorod\u00f3", "ref": "62", "surface": "asphalt", "maxspeed": "", "osm_id": 518474316, "source": "OSM"}}, {"type": "Feature", "geometry": {"type": "LineString", "coordinates": [[-76.6152019, 7.557914], [-76.6152093, 7.5586052]]}, "properties": {"highway": "trunk", "tipo_via": "troncal", "orden": "primaria", "name": "Mutat\u00e1 - Chigorod\u00f3", "ref": "62", "surface": "asphalt", "maxspeed": "", "osm_id": 518474319, "source": "OSM"}}, {"type": "Feature", "geometry": {"type": "LineString", "coordinates": [[-76.6389204, 7.5988349], [-76.6390385, 7.5990624]]}, "properties": {"highway": "trunk", "tipo_via": "troncal", "orden": "primaria", "name": "Mutat\u00e1 - Chigorod\u00f3", "ref": "62", "surface": "asphalt", "maxspeed": "", "osm_id": 518474323, "source": "OSM"}}, {"type": "Feature", "geometry": {"type": "LineString", "coordinates": [[-76.6378885, 7.5968865], [-76.6389204, 7.5988349]]}, "properties": {"highway": "trunk", "tipo_via": "troncal", "orden": "primaria", "name": "Mutat\u00e1 - Chigorod\u00f3", "ref": "62", "surface": "asphalt", "maxspeed": "", "osm_id": 518474325, "source": "OSM"}}, {"type": "Feature", "geometry": {"type": "LineString", "coordinates": [[-76.637787, 7.5966976], [-76.6378885, 7.5968865]]}, "properties": {"highway": "trunk", "tipo_via": "troncal", "orden": "primaria", "name": "Mutat\u00e1 - Chigorod\u00f3", "ref": "62", "surface": "asphalt", "maxspeed": "", "osm_id": 518474328, "source": "OSM"}}, {"type": "Feature", "geometry": {"type": "LineString", "coordinates": [[-76.6332208, 7.5881984], [-76.6356051, 7.5926364], [-76.6364068, 7.5941287], [-76.637787, 7.5966976]]}, "properties": {"highway": "trunk", "tipo_via": "troncal", "orden": "primaria", "name": "Mutat\u00e1 - Chigorod\u00f3", "ref": "62", "surface": "asphalt", "maxspeed": "", "osm_id": 518474331, "source": "OSM"}}, {"type": "Feature", "geometry": {"type": "LineString", "coordinates": [[-76.6331485, 7.5880639], [-76.6332208, 7.5881984]]}, "properties": {"highway": "trunk", "tipo_via": "troncal", "orden": "primaria", "name": "Mutat\u00e1 - Chigorod\u00f3", "ref": "62", "surface": "asphalt", "maxspeed": "", "osm_id": 518474334, "source": "OSM"}}, {"type": "Feature", "geometry": {"type": "LineString", "coordinates": [[-76.6312359, 7.5845038], [-76.6331485, 7.5880639]]}, "properties": {"highway": "trunk", "tipo_via": "troncal", "orden": "primaria", "name": "Mutat\u00e1 - Chigorod\u00f3", "ref": "62", "surface": "asphalt", "maxspeed": "", "osm_id": 518474337, "source": "OSM"}}, {"type": "Feature", "geometry": {"type": "LineString", "coordinates": [[-76.6936623, 8.1263404], [-76.6937995, 8.1265376]]}, "properties": {"highway": "trunk", "tipo_via": "troncal", "orden": "primaria", "name": "V\u00eda Turbo - Necocl\u00ed", "ref": "90", "surface": "asphalt", "maxspeed": "80", "osm_id": 521311343, "source": "OSM"}}, {"type": "Feature", "geometry": {"type": "LineString", "coordinates": [[-76.718612, 8.0980662], [-76.7184697, 8.0979304], [-76.7174617, 8.0961524], [-76.716676, 8.094765], [-76.7164184, 8.0945037], [-76.7161934, 8.0943172], [-76.7159625, 8.0941448], [-76.7155759, 8.0939381], [-76.7152007, 8.0937965], [-76.7150409, 8.0937486], [-76.7144164, 8.0935613], [-76.7140561, 8.0934576], [-76.712125, 8.0929017], [-76.7109411, 8.0925609], [-76.7108137, 8.0925239], [-76.7100051, 8.0922894], [-76.7094276, 8.0921219], [-76.707136, 8.0914498], [-76.707124, 8.0914463], [-76.7014653, 8.089771], [-76.7005086, 8.0894806], [-76.6999644, 8.0893169], [-76.6999544, 8.0893139]]}, "properties": {"highway": "primary", "tipo_via": "primaria", "orden": "primaria", "name": "Apartad\u00f3 - Turbo", "ref": "62", "surface": "asphalt", "maxspeed": "", "osm_id": 545588930, "source": "OSM"}}, {"type": "Feature", "geometry": {"type": "LineString", "coordinates": [[-76.7824816, 8.4249178], [-76.7825568, 8.425684], [-76.782642, 8.4265521], [-76.7827027, 8.4271091], [-76.782762, 8.427374], [-76.782885, 8.4276836], [-76.7830972, 8.428275], [-76.7831242, 8.4283334], [-76.7831641, 8.4287641], [-76.7831617, 8.4288858], [-76.7831327, 8.4290318], [-76.7830332, 8.4295633]]}, "properties": {"highway": "trunk", "tipo_via": "troncal", "orden": "primaria", "name": "Carrera 44", "ref": "90", "surface": "asphalt", "maxspeed": "80", "osm_id": 545588963, "source": "OSM"}}, {"type": "Feature", "geometry": {"type": "LineString", "coordinates": [[-76.3832728, 8.2775518], [-76.3827599, 8.277713], [-76.38217, 8.277751], [-76.381842, 8.27773], [-76.3818297, 8.2777221], [-76.3813979, 8.277445], [-76.3812885, 8.2773748], [-76.3809253, 8.2771417], [-76.3804752, 8.2768529], [-76.3799751, 8.2765277], [-76.3793101, 8.2761144], [-76.3788832, 8.2758366], [-76.3783638, 8.2755], [-76.3777825, 8.2751246], [-76.3772923, 8.2748096], [-76.3772832, 8.2747997], [-76.3766907, 8.2744141], [-76.3763161, 8.2740889], [-76.3762453, 8.2740338], [-76.3759653, 8.2738163], [-76.3758299, 8.2737112], [-76.3755926, 8.2735268], [-76.3752911, 8.2732929], [-76.3752276, 8.2732435], [-76.3749659, 8.2730403], [-76.3744648, 8.2726617], [-76.3738966, 8.2722244], [-76.3734468, 8.2718718]]}, "properties": {"highway": "secondary", "tipo_via": "secundaria", "orden": "secundaria", "name": "Calle principal", "ref": "", "surface": "", "maxspeed": "", "osm_id": 550397261, "source": "OSM"}}, {"type": "Feature", "geometry": {"type": "LineString", "coordinates": [[-76.33407, 8.2561639], [-76.3338903, 8.2561453], [-76.3336462, 8.2561427], [-76.3334799, 8.2560923], [-76.3333511, 8.256002], [-76.3332224, 8.2558666], [-76.3330668, 8.2557366], [-76.332922, 8.2556808], [-76.3327798, 8.2556675], [-76.3325733, 8.2557313], [-76.3320664, 8.2559197], [-76.3318867, 8.2560232], [-76.3317606, 8.2561135], [-76.331664, 8.2562701], [-76.3314924, 8.2565488], [-76.3314468, 8.2566019], [-76.3313878, 8.2566523], [-76.3313368, 8.2566709], [-76.3312376, 8.2566364], [-76.3311195, 8.256578], [-76.3309103, 8.2564665], [-76.3308138, 8.2564294], [-76.3307253, 8.2563789], [-76.3306314, 8.2563657], [-76.3305348, 8.2563842], [-76.3304544, 8.25644], [-76.3303671, 8.2565501], [-76.3302398, 8.2568726], [-76.3301244, 8.2569841], [-76.3300037, 8.2570638], [-76.3297972, 8.2571832], [-76.3296148, 8.2572761], [-76.3294968, 8.2573292], [-76.3294002, 8.257454], [-76.3293198, 8.2575734], [-76.3292527, 8.2576822], [-76.3292138, 8.2577167], [-76.3291615, 8.2577313], [-76.3291065, 8.257734], [-76.3290529, 8.2577114], [-76.3290073, 8.2576716], [-76.3289563, 8.2576], [-76.328892, 8.2574938], [-76.3288209, 8.2574181], [-76.3287538, 8.2573478], [-76.3286854, 8.2573066], [-76.3285862, 8.2572602], [-76.3282871, 8.2571646], [-76.3281731, 8.2571407], [-76.3280591, 8.2571169], [-76.3279653, 8.2571407], [-76.3278955, 8.2571806], [-76.3278446, 8.257239], [-76.3277695, 8.2573093], [-76.3277145, 8.2573451], [-76.3276649, 8.2573703], [-76.3276126, 8.2573664], [-76.3275709, 8.2573543], [-76.3269889, 8.2571872], [-76.3269138, 8.2571487], [-76.3268361, 8.2570956], [-76.3265933, 8.2568912], [-76.3261114, 8.256607], [-76.3258517, 8.2564718], [-76.3256344, 8.2563497], [-76.3254747, 8.2562315]]}, "properties": {"highway": "secondary", "tipo_via": "secundaria", "orden": "secundaria", "name": "Valencia - San Pedro", "ref": "", "surface": "", "maxspeed": "", "osm_id": 550397262, "source": "OSM"}}, {"type": "Feature", "geometry": {"type": "LineString", "coordinates": [[-76.3972141, 8.2865742], [-76.3969855, 8.2867323], [-76.3968882, 8.2867978], [-76.396451, 8.287102], [-76.396173, 8.28733], [-76.395805, 8.287559], [-76.395298, 8.2877719]]}, "properties": {"highway": "secondary", "tipo_via": "secundaria", "orden": "secundaria", "name": "Salida a Turbo", "ref": "", "surface": "", "maxspeed": "", "osm_id": 550715936, "source": "OSM"}}, {"type": "Feature", "geometry": {"type": "LineString", "coordinates": [[-76.680488, 7.673881], [-76.6806081, 7.6736066], [-76.6806933, 7.6733393], [-76.6807548, 7.6730402], [-76.6807813, 7.6727752], [-76.6807848, 7.672671], [-76.6807813, 7.6724886], [-76.6807604, 7.6722632], [-76.6807462, 7.6721355]]}, "properties": {"highway": "trunk", "tipo_via": "troncal", "orden": "primaria", "name": "Carrera 100", "ref": "62", "surface": "asphalt", "maxspeed": "", "osm_id": 552256191, "source": "OSM"}}, {"type": "Feature", "geometry": {"type": "LineString", "coordinates": [[-76.6680553, 7.7216567], [-76.6680088, 7.7215789], [-76.6680883, 7.7211887], [-76.6680476, 7.7211362], [-76.6679914, 7.7211005], [-76.6679263, 7.721086], [-76.66786, 7.7210944], [-76.6678007, 7.7211246], [-76.6677093, 7.7215042], [-76.6676413, 7.7215644]]}, "properties": {"highway": "trunk_link", "tipo_via": "troncal", "orden": "primaria", "name": "", "ref": "", "surface": "asphalt", "maxspeed": "", "osm_id": 552256192, "source": "OSM"}}, {"type": "Feature", "geometry": {"type": "LineString", "coordinates": [[-76.6685656, 7.717514], [-76.6685874, 7.7175744], [-76.6686246, 7.7176268], [-76.6686746, 7.7176674], [-76.6687337, 7.7176933], [-76.6687977, 7.7177026], [-76.6688619, 7.7176946], [-76.6689215, 7.7176699], [-76.6689723, 7.7176302], [-76.6690106, 7.7175786]]}, "properties": {"highway": "trunk_link", "tipo_via": "troncal", "orden": "primaria", "name": "", "ref": "", "surface": "asphalt", "maxspeed": "", "osm_id": 552256193, "source": "OSM"}}, {"type": "Feature", "geometry": {"type": "LineString", "coordinates": [[-76.6579738, 7.7698271], [-76.6578797, 7.7696991], [-76.6578046, 7.7695915], [-76.6577429, 7.7694693], [-76.6577086, 7.7692936], [-76.6576798, 7.7690813]]}, "properties": {"highway": "secondary", "tipo_via": "secundaria", "orden": "secundaria", "name": "Apartad\u00f3 - Carepa", "ref": "", "surface": "", "maxspeed": "", "osm_id": 552256204, "source": "OSM"}}, {"type": "Feature", "geometry": {"type": "LineString", "coordinates": [[-76.6576798, 7.7690813], [-76.6576664, 7.7692846], [-76.6576557, 7.7694666], [-76.6576302, 7.7695915], [-76.6575779, 7.769751], [-76.6574855, 7.7699038]]}, "properties": {"highway": "secondary", "tipo_via": "secundaria", "orden": "secundaria", "name": "Carepa - Apartad\u00f3", "ref": "62", "surface": "", "maxspeed": "", "osm_id": 552256205, "source": "OSM"}}, {"type": "Feature", "geometry": {"type": "LineString", "coordinates": [[-76.6585981, 7.7699547], [-76.6584641, 7.7699652], [-76.6583299, 7.7699579], [-76.6581978, 7.7699329], [-76.6580704, 7.7698906]]}, "properties": {"highway": "trunk", "tipo_via": "troncal", "orden": "primaria", "name": "Variante de Carepa", "ref": "62", "surface": "asphalt", "maxspeed": "", "osm_id": 552256206, "source": "OSM"}}, {"type": "Feature", "geometry": {"type": "LineString", "coordinates": [[-76.658205, 7.7703132], [-76.6582841, 7.7702048], [-76.6583772, 7.7701078], [-76.6584825, 7.7700239], [-76.6585981, 7.7699547]]}, "properties": {"highway": "trunk", "tipo_via": "troncal", "orden": "primaria", "name": "Variante de Carepa", "ref": "62", "surface": "asphalt", "maxspeed": "", "osm_id": 552256207, "source": "OSM"}}, {"type": "Feature", "geometry": {"type": "LineString", "coordinates": [[-76.6581309, 7.7641367], [-76.6579258, 7.7650492], [-76.657887, 7.7652443], [-76.6578515, 7.7654882], [-76.65783, 7.7657526], [-76.6578059, 7.7662204], [-76.6577274, 7.7677447], [-76.6576798, 7.7690813]]}, "properties": {"highway": "secondary", "tipo_via": "secundaria", "orden": "secundaria", "name": "Carepa - Apartad\u00f3", "ref": "62", "surface": "", "maxspeed": "", "osm_id": 552256209, "source": "OSM"}}, {"type": "Feature", "geometry": {"type": "LineString", "coordinates": [[-76.6627545, 7.7426222], [-76.6627925, 7.7427868], [-76.6628103, 7.7429545], [-76.6628072, 7.7431231], [-76.6627833, 7.7432901]]}, "properties": {"highway": "secondary", "tipo_via": "secundaria", "orden": "secundaria", "name": "Chigorod\u00f3 - Carepa", "ref": "62", "surface": "", "maxspeed": "", "osm_id": 552256210, "source": "OSM"}}, {"type": "Feature", "geometry": {"type": "LineString", "coordinates": [[-76.6633381, 7.7427617], [-76.6634877, 7.7427356], [-76.6636395, 7.7427319], [-76.6637902, 7.7427507], [-76.663937, 7.7427906]]}, "properties": {"highway": "trunk", "tipo_via": "troncal", "orden": "primaria", "name": "Variante de Carepa", "ref": "62", "surface": "asphalt", "maxspeed": "", "osm_id": 552256211, "source": "OSM"}}, {"type": "Feature", "geometry": {"type": "LineString", "coordinates": [[-76.6627833, 7.7432901], [-76.6628403, 7.7431441], [-76.6629257, 7.7430126], [-76.6630369, 7.7429018], [-76.663169, 7.7428157]]}, "properties": {"highway": "secondary", "tipo_via": "secundaria", "orden": "secundaria", "name": "Carepa - Chigorod\u00f3", "ref": "62", "surface": "", "maxspeed": "", "osm_id": 552256212, "source": "OSM"}}, {"type": "Feature", "geometry": {"type": "LineString", "coordinates": [[-76.663937, 7.7427906], [-76.6638064, 7.7427016], [-76.6636963, 7.7425886], [-76.663611, 7.7424562], [-76.6635543, 7.7423096]]}, "properties": {"highway": "trunk", "tipo_via": "troncal", "orden": "primaria", "name": "Variante de Carepa", "ref": "62", "surface": "asphalt", "maxspeed": "", "osm_id": 552256213, "source": "OSM"}}, {"type": "Feature", "geometry": {"type": "LineString", "coordinates": [[-76.6634534, 7.7420982], [-76.6634117, 7.7420566], [-76.6633647, 7.7420208], [-76.6633133, 7.7419917], [-76.6632583, 7.7419697], [-76.6632009, 7.7419552], [-76.6631421, 7.7419485], [-76.6630829, 7.7419497], [-76.6630244, 7.7419588], [-76.6629676, 7.7419756], [-76.6629137, 7.7419998], [-76.6628635, 7.742031], [-76.6628169, 7.7420697], [-76.6627761, 7.7421144], [-76.6627419, 7.7421642], [-76.662715, 7.7422183], [-76.662696, 7.7422755], [-76.662685, 7.7423348], [-76.6626825, 7.742395], [-76.6626883, 7.742455], [-76.6627025, 7.7425136], [-76.6627247, 7.7425697], [-76.6627545, 7.7426222], [-76.662791, 7.7426697], [-76.6628336, 7.7427118], [-76.6628817, 7.7427477], [-76.6629343, 7.7427768], [-76.6629904, 7.7427985], [-76.6630489, 7.7428123], [-76.6631089, 7.7428181], [-76.663169, 7.7428157], [-76.6632277, 7.7428054], [-76.6632844, 7.7427873], [-76.6633381, 7.7427617], [-76.6633879, 7.7427291], [-76.6634328, 7.7426901], [-76.6634719, 7.7426454], [-76.6635046, 7.7425958], [-76.6635302, 7.7425424], [-76.6635482, 7.742486], [-76.6635583, 7.7424276], [-76.6635604, 7.7423685], [-76.6635543, 7.7423096], [-76.6635402, 7.7422522], [-76.6635184, 7.7421971], [-76.6634893, 7.7421455], [-76.6634534, 7.7420982]]}, "properties": {"highway": "trunk", "tipo_via": "troncal", "orden": "primaria", "name": "62", "ref": "62", "surface": "asphalt", "maxspeed": "", "osm_id": 552256215, "source": "OSM"}}, {"type": "Feature", "geometry": {"type": "LineString", "coordinates": [[-76.6639363, 7.7649596], [-76.6640741, 7.7627698], [-76.6641511, 7.7621954], [-76.6642991, 7.7616496], [-76.6644554, 7.7612559], [-76.6652457, 7.7593597], [-76.665971, 7.7575906], [-76.6667402, 7.7557744], [-76.666872, 7.7553259], [-76.6669577, 7.7547077], [-76.6669379, 7.7540154], [-76.6661829, 7.7453312], [-76.6660892, 7.7448934], [-76.6659794, 7.7445816], [-76.665767, 7.7441634], [-76.665321, 7.7435945], [-76.6651075, 7.7433992], [-76.664806, 7.7431777], [-76.663937, 7.7427906]]}, "properties": {"highway": "trunk", "tipo_via": "troncal", "orden": "primaria", "name": "Variante de Carepa", "ref": "62", "surface": "asphalt", "maxspeed": "", "osm_id": 552256220, "source": "OSM"}}, {"type": "Feature", "geometry": {"type": "LineString", "coordinates": [[-76.6546148, 7.7860124], [-76.6545816, 7.785947], [-76.6545054, 7.7857799], [-76.6544867, 7.7856656], [-76.654503, 7.7855302], [-76.6545924, 7.7850746], [-76.6547844, 7.784196], [-76.6548407, 7.7839834], [-76.6550499, 7.7829895], [-76.655581, 7.7805207], [-76.6559432, 7.7788756], [-76.6560397, 7.7784372], [-76.6575578, 7.771508], [-76.6575651, 7.7714793], [-76.6576385, 7.7711899], [-76.6577014, 7.7709879], [-76.6577744, 7.7708391], [-76.6578564, 7.7707152], [-76.6579455, 7.7706096]]}, "properties": {"highway": "trunk", "tipo_via": "troncal", "orden": "primaria", "name": "Apartad\u00f3 - Carepa", "ref": "62", "surface": "asphalt", "maxspeed": "", "osm_id": 552256223, "source": "OSM"}}, {"type": "Feature", "geometry": {"type": "LineString", "coordinates": [[-76.6581117, 7.7699319], [-76.6580704, 7.7698906], [-76.6580243, 7.7698556], [-76.6579738, 7.7698271], [-76.6579196, 7.7698054], [-76.657863, 7.7697911], [-76.6578049, 7.7697845], [-76.6577465, 7.7697858], [-76.6576888, 7.7697949], [-76.6576328, 7.7698116], [-76.6575796, 7.7698356], [-76.6575302, 7.7698665], [-76.6574855, 7.7699038], [-76.6574453, 7.7699478], [-76.6574117, 7.7699969], [-76.6573853, 7.7700501], [-76.6573665, 7.7701064], [-76.6573558, 7.7701647], [-76.6573533, 7.770224], [-76.6573591, 7.770283], [-76.657373, 7.7703407], [-76.6573949, 7.7703959], [-76.6574239, 7.770447], [-76.6574597, 7.7704937], [-76.6575016, 7.7705351], [-76.6575487, 7.7705705], [-76.6576004, 7.7705991], [-76.6576554, 7.7706205], [-76.6577129, 7.7706342], [-76.6577718, 7.77064], [-76.6578309, 7.7706378], [-76.6578892, 7.7706276], [-76.6579455, 7.7706096], [-76.6579984, 7.7705844], [-76.6580474, 7.7705523], [-76.6580915, 7.7705139], [-76.65813, 7.77047], [-76.6581621, 7.7704213], [-76.6581872, 7.7703687], [-76.658205, 7.7703132], [-76.6582149, 7.7702559], [-76.6582169, 7.7701977], [-76.658211, 7.7701399], [-76.6581971, 7.7700833], [-76.6581757, 7.7700292], [-76.6581471, 7.7699784], [-76.6581117, 7.7699319]]}, "properties": {"highway": "trunk", "tipo_via": "troncal", "orden": "primaria", "name": "62", "ref": "62", "surface": "asphalt", "maxspeed": "", "osm_id": 552256224, "source": "OSM"}}, {"type": "Feature", "geometry": {"type": "LineString", "coordinates": [[-76.6527312, 7.6246033], [-76.6527915, 7.6247243]]}, "properties": {"highway": "trunk", "tipo_via": "troncal", "orden": "primaria", "name": "Mutat\u00e1 - Chigorod\u00f3", "ref": "62", "surface": "asphalt", "maxspeed": "", "osm_id": 552350628, "source": "OSM"}}, {"type": "Feature", "geometry": {"type": "LineString", "coordinates": [[-76.6527915, 7.6247243], [-76.6532877, 7.6256215], [-76.6535358, 7.6260814], [-76.654543, 7.6279769], [-76.6557325, 7.6301728], [-76.656615, 7.6317852], [-76.6578273, 7.6340861], [-76.6591852, 7.6366149], [-76.6593743, 7.6369625], [-76.6598953, 7.6379448], [-76.6610219, 7.6400476], [-76.6619821, 7.6418486], [-76.6623992, 7.6426249], [-76.6634949, 7.644725], [-76.6652142, 7.6479243], [-76.6664359, 7.6502251], [-76.6702031, 7.657271], [-76.6703445, 7.6575137], [-76.6718155, 7.660239], [-76.6722616, 7.6610797], [-76.6725624, 7.6616496], [-76.6727476, 7.6620046]]}, "properties": {"highway": "trunk", "tipo_via": "troncal", "orden": "primaria", "name": "Mutat\u00e1 - Chigorod\u00f3", "ref": "62", "surface": "asphalt", "maxspeed": "", "osm_id": 552350629, "source": "OSM"}}, {"type": "Feature", "geometry": {"type": "LineString", "coordinates": [[-76.6456497, 7.6113584], [-76.6457091, 7.6114608]]}, "properties": {"highway": "trunk", "tipo_via": "troncal", "orden": "primaria", "name": "Mutat\u00e1 - Chigorod\u00f3", "ref": "62", "surface": "asphalt", "maxspeed": "", "osm_id": 552350630, "source": "OSM"}}, {"type": "Feature", "geometry": {"type": "LineString", "coordinates": [[-76.6457091, 7.6114608], [-76.6466774, 7.6133019], [-76.6493328, 7.6182468], [-76.6507959, 7.6209904], [-76.6509421, 7.6212656], [-76.6512398, 7.621792], [-76.6517508, 7.622753], [-76.6518004, 7.6228567], [-76.6520324, 7.6232594], [-76.6527312, 7.6246033]]}, "properties": {"highway": "trunk", "tipo_via": "troncal", "orden": "primaria", "name": "Mutat\u00e1 - Chigorod\u00f3", "ref": "62", "surface": "asphalt", "maxspeed": "", "osm_id": 552350631, "source": "OSM"}}, {"type": "Feature", "geometry": {"type": "LineString", "coordinates": [[-76.6292827, 7.8945181], [-76.6292103, 7.8947758], [-76.6291032, 7.8951568], [-76.6290783, 7.8952453], [-76.6282704, 7.8981208], [-76.6272885, 7.9016154]]}, "properties": {"highway": "secondary", "tipo_via": "secundaria", "orden": "secundaria", "name": "Apartad\u00f3 - Turbo", "ref": "62", "surface": "asphalt", "maxspeed": "", "osm_id": 553153164, "source": "OSM"}}, {"type": "Feature", "geometry": {"type": "LineString", "coordinates": [[-76.6293559, 7.8942574], [-76.6292827, 7.8945181]]}, "properties": {"highway": "secondary", "tipo_via": "secundaria", "orden": "secundaria", "name": "Apartad\u00f3 - Turbo", "ref": "62", "surface": "asphalt", "maxspeed": "", "osm_id": 553153165, "source": "OSM"}}, {"type": "Feature", "geometry": {"type": "LineString", "coordinates": [[-76.6212261, 7.9273937], [-76.6215711, 7.9243873], [-76.6216566, 7.9226373], [-76.6216886, 7.9223388], [-76.6217393, 7.9220389], [-76.6233658, 7.9160997], [-76.6238265, 7.9145656], [-76.6239206, 7.9143838], [-76.6240481, 7.9142406], [-76.6242084, 7.9141543]]}, "properties": {"highway": "trunk", "tipo_via": "troncal", "orden": "primaria", "name": "Turbo - Apartad\u00f3", "ref": "62", "surface": "asphalt", "maxspeed": "", "osm_id": 553153166, "source": "OSM"}}, {"type": "Feature", "geometry": {"type": "LineString", "coordinates": [[-76.6211744, 7.9278072], [-76.6212261, 7.9273937]]}, "properties": {"highway": "trunk", "tipo_via": "troncal", "orden": "primaria", "name": "Turbo - Apartad\u00f3", "ref": "62", "surface": "asphalt", "maxspeed": "", "osm_id": 553153167, "source": "OSM"}}, {"type": "Feature", "geometry": {"type": "LineString", "coordinates": [[-76.6270764, 7.9023704], [-76.6268178, 7.9032909], [-76.6268006, 7.9033522], [-76.6264748, 7.9045116], [-76.6263025, 7.9051248], [-76.6259368, 7.9064265], [-76.6251203, 7.9093324], [-76.6249541, 7.9099239], [-76.6248668, 7.9102345], [-76.6242058, 7.9125871]]}, "properties": {"highway": "secondary", "tipo_via": "secundaria", "orden": "secundaria", "name": "Apartad\u00f3 - Turbo", "ref": "62", "surface": "asphalt", "maxspeed": "", "osm_id": 553153168, "source": "OSM"}}, {"type": "Feature", "geometry": {"type": "LineString", "coordinates": [[-76.6214699, 7.9318576], [-76.6216165, 7.932793], [-76.6216263, 7.9328513], [-76.6220396, 7.9356582], [-76.6222125, 7.9369791], [-76.6223476, 7.9383126], [-76.6223699, 7.938543], [-76.6224859, 7.939629], [-76.6225354, 7.9401662], [-76.6225794, 7.94067], [-76.6225845, 7.9407168], [-76.6227273, 7.9417914], [-76.6228422, 7.9429055], [-76.6228976, 7.9434278], [-76.6229842, 7.943955], [-76.6236743, 7.9464145], [-76.625264, 7.951866], [-76.6269605, 7.9578285], [-76.627137, 7.9584111]]}, "properties": {"highway": "trunk", "tipo_via": "troncal", "orden": "primaria", "name": "Apartad\u00f3 - Turbo", "ref": "62", "surface": "asphalt", "maxspeed": "", "osm_id": 553153169, "source": "OSM"}}, {"type": "Feature", "geometry": {"type": "LineString", "coordinates": [[-76.6223699, 7.938543], [-76.6224174, 7.9386338], [-76.6225019, 7.9386924], [-76.6226042, 7.9387055], [-76.622701, 7.9386701], [-76.6227703, 7.9385943], [-76.6227961, 7.9384954]]}, "properties": {"highway": "trunk_link", "tipo_via": "troncal", "orden": "primaria", "name": "", "ref": "", "surface": "asphalt", "maxspeed": "", "osm_id": 553153217, "source": "OSM"}}, {"type": "Feature", "geometry": {"type": "LineString", "coordinates": [[-76.6232582, 7.9429101], [-76.6232185, 7.9428241], [-76.6231449, 7.9427639], [-76.623052, 7.9427416], [-76.6229587, 7.9427618], [-76.6228838, 7.9428204], [-76.6228422, 7.9429055]]}, "properties": {"highway": "trunk_link", "tipo_via": "troncal", "orden": "primaria", "name": "", "ref": "", "surface": "asphalt", "maxspeed": "", "osm_id": 553153218, "source": "OSM"}}, {"type": "Feature", "geometry": {"type": "LineString", "coordinates": [[-76.6272596, 7.9583288], [-76.6260794, 7.9543059], [-76.6234205, 7.9450986], [-76.6233421, 7.9447087], [-76.623293, 7.9443013], [-76.62327, 7.9440218], [-76.6232665, 7.9430999], [-76.6232582, 7.9429101], [-76.6230592, 7.9407939], [-76.6228698, 7.9389972], [-76.6227961, 7.9384954], [-76.6227488, 7.9382159], [-76.6222183, 7.935546], [-76.6221124, 7.9350399], [-76.6217405, 7.9329014], [-76.6215876, 7.9319467], [-76.6215458, 7.931685], [-76.6215114, 7.9314695], [-76.6214597, 7.9311453], [-76.6212923, 7.9300958], [-76.621216, 7.9296256], [-76.6211781, 7.9293982], [-76.6211251, 7.9288402], [-76.6211248, 7.9283446], [-76.6211744, 7.9278072]]}, "properties": {"highway": "trunk", "tipo_via": "troncal", "orden": "primaria", "name": "Turbo - Apartad\u00f3", "ref": "62", "surface": "asphalt", "maxspeed": "", "osm_id": 553153219, "source": "OSM"}}, {"type": "Feature", "geometry": {"type": "LineString", "coordinates": [[-76.6748278, 7.6898195], [-76.6747963, 7.6899601]]}, "properties": {"highway": "trunk", "tipo_via": "troncal", "orden": "primaria", "name": "Chigorod\u00f3 - Carepa", "ref": "62", "surface": "asphalt", "maxspeed": "", "osm_id": 553356121, "source": "OSM"}}, {"type": "Feature", "geometry": {"type": "LineString", "coordinates": [[-76.6762046, 7.6825864], [-76.6762056, 7.6826498], [-76.6762044, 7.6829358], [-76.6761876, 7.6833108], [-76.6761577, 7.6836502], [-76.6761041, 7.6840499], [-76.6748278, 7.6898195]]}, "properties": {"highway": "trunk", "tipo_via": "troncal", "orden": "primaria", "name": "Chigorod\u00f3 - Carepa", "ref": "62", "surface": "asphalt", "maxspeed": "", "osm_id": 553356122, "source": "OSM"}}, {"type": "Feature", "geometry": {"type": "LineString", "coordinates": [[-76.675028, 7.6898861], [-76.6763477, 7.6840965], [-76.6764164, 7.6837095], [-76.6764532, 7.6833088], [-76.676497, 7.682697], [-76.6765208, 7.6825532]]}, "properties": {"highway": "trunk", "tipo_via": "troncal", "orden": "primaria", "name": "Carepa - Chigorod\u00f3", "ref": "62", "surface": "asphalt", "maxspeed": "", "osm_id": 553356123, "source": "OSM"}}, {"type": "Feature", "geometry": {"type": "LineString", "coordinates": [[-76.6749947, 7.6900347], [-76.675028, 7.6898861]]}, "properties": {"highway": "trunk", "tipo_via": "troncal", "orden": "primaria", "name": "Carepa - Chigorod\u00f3", "ref": "62", "surface": "asphalt", "maxspeed": "", "osm_id": 553356126, "source": "OSM"}}, {"type": "Feature", "geometry": {"type": "LineString", "coordinates": [[-76.6917203, 8.1248768], [-76.6914433, 8.1248489], [-76.6912238, 8.1248506], [-76.6910061, 8.1248701], [-76.6907756, 8.1249248], [-76.6905068, 8.1250136], [-76.68889, 8.1254922], [-76.6873761, 8.1259198], [-76.6852447, 8.1262695], [-76.6846831, 8.1263639], [-76.6841924, 8.1263827], [-76.683704, 8.1263564], [-76.6834456, 8.1263031], [-76.6830675, 8.1261839], [-76.6827866, 8.1260591], [-76.682404, 8.1258844], [-76.6821476, 8.1257428], [-76.6818908, 8.1255375], [-76.681588, 8.1252332], [-76.6813162, 8.1249366], [-76.6811551, 8.1246713], [-76.6810033, 8.1244109]]}, "properties": {"highway": "trunk", "tipo_via": "troncal", "orden": "primaria", "name": "", "ref": "", "surface": "asphalt", "maxspeed": "", "osm_id": 553866226, "source": "OSM"}}, {"type": "Feature", "geometry": {"type": "LineString", "coordinates": [[-76.7532164, 8.2932723], [-76.7531879, 8.2933334]]}, "properties": {"highway": "trunk", "tipo_via": "troncal", "orden": "primaria", "name": "V\u00eda Turbo - Necocl\u00ed", "ref": "90", "surface": "asphalt", "maxspeed": "80", "osm_id": 563103371, "source": "OSM"}}, {"type": "Feature", "geometry": {"type": "LineString", "coordinates": [[-76.7287929, 8.1642048], [-76.728808, 8.1646532], [-76.7288294, 8.1649014], [-76.7289023, 8.1651114], [-76.7289363, 8.1651682], [-76.7290413, 8.1653435], [-76.7296563, 8.1661327], [-76.7304741, 8.1671823], [-76.7305721, 8.1673848], [-76.7311968, 8.1690392], [-76.7313729, 8.1695054], [-76.7316533, 8.1702479], [-76.731831, 8.1705406], [-76.733095, 8.1723484], [-76.7335442, 8.1729908], [-76.7336189, 8.1730976], [-76.7347308, 8.1741785], [-76.735012, 8.1744279], [-76.7363499, 8.1755351], [-76.7366749, 8.1758965], [-76.7368613, 8.1762516], [-76.7372501, 8.177317], [-76.7374032, 8.1776682], [-76.7387878, 8.1808453], [-76.7390045, 8.1813426], [-76.7398609, 8.1834505], [-76.740092, 8.1840078], [-76.7408703, 8.185885]]}, "properties": {"highway": "trunk", "tipo_via": "troncal", "orden": "primaria", "name": "V\u00eda Turbo - Necocl\u00ed", "ref": "90", "surface": "asphalt", "maxspeed": "80", "osm_id": 563103381, "source": "OSM"}}, {"type": "Feature", "geometry": {"type": "LineString", "coordinates": [[-76.7287998, 8.163996], [-76.7287929, 8.1642048]]}, "properties": {"highway": "trunk", "tipo_via": "troncal", "orden": "primaria", "name": "V\u00eda Turbo - Necocl\u00ed", "ref": "90", "surface": "asphalt", "maxspeed": "80", "osm_id": 563103384, "source": "OSM"}}, {"type": "Feature", "geometry": {"type": "LineString", "coordinates": [[-76.7499756, 8.2302396], [-76.7500107, 8.2303874]]}, "properties": {"highway": "trunk", "tipo_via": "troncal", "orden": "primaria", "name": "V\u00eda Turbo - Necocl\u00ed", "ref": "90", "surface": "asphalt", "maxspeed": "80", "osm_id": 563103394, "source": "OSM"}}, {"type": "Feature", "geometry": {"type": "LineString", "coordinates": [[-76.744625, 8.2129144], [-76.7453558, 8.2173974], [-76.7453901, 8.2174616], [-76.7455914, 8.217838], [-76.7476908, 8.2207069], [-76.747939, 8.2215482], [-76.7479667, 8.2216679], [-76.7481563, 8.2224865], [-76.7489783, 8.2260833], [-76.7490433, 8.2263168], [-76.7494422, 8.227999], [-76.7499756, 8.2302396]]}, "properties": {"highway": "trunk", "tipo_via": "troncal", "orden": "primaria", "name": "V\u00eda Turbo - Necocl\u00ed", "ref": "90", "surface": "asphalt", "maxspeed": "80", "osm_id": 563103395, "source": "OSM"}}, {"type": "Feature", "geometry": {"type": "LineString", "coordinates": [[-76.7564235, 8.2708092], [-76.7563974, 8.271081], [-76.7554838, 8.2805945], [-76.7554656, 8.2807838], [-76.7552592, 8.2829332], [-76.7547248, 8.2884983], [-76.754669, 8.2890799], [-76.7545151, 8.2901456], [-76.7541561, 8.2911605], [-76.7533658, 8.2929365], [-76.7532164, 8.2932723]]}, "properties": {"highway": "trunk", "tipo_via": "troncal", "orden": "primaria", "name": "V\u00eda Turbo - Necocl\u00ed", "ref": "90", "surface": "asphalt", "maxspeed": "80", "osm_id": 563103399, "source": "OSM"}}, {"type": "Feature", "geometry": {"type": "LineString", "coordinates": [[-76.3832603, 8.2802941], [-76.3838769, 8.2800809]]}, "properties": {"highway": "secondary", "tipo_via": "secundaria", "orden": "secundaria", "name": "", "ref": "", "surface": "", "maxspeed": "", "osm_id": 594761273, "source": "OSM"}}, {"type": "Feature", "geometry": {"type": "LineString", "coordinates": [[-76.3833942, 8.2781138], [-76.3833918, 8.2781034], [-76.383273, 8.277585], [-76.3832728, 8.2775518]]}, "properties": {"highway": "secondary", "tipo_via": "secundaria", "orden": "secundaria", "name": "Salida a Turbo", "ref": "", "surface": "", "maxspeed": "", "osm_id": 594761279, "source": "OSM"}}, {"type": "Feature", "geometry": {"type": "LineString", "coordinates": [[-76.3828896, 8.2782647], [-76.382892, 8.278239], [-76.3827599, 8.277713]]}, "properties": {"highway": "secondary", "tipo_via": "secundaria", "orden": "secundaria", "name": "", "ref": "", "surface": "", "maxspeed": "", "osm_id": 594761280, "source": "OSM"}}, {"type": "Feature", "geometry": {"type": "LineString", "coordinates": [[-76.6806599, 7.6721375], [-76.6806443, 7.672257], [-76.6806623, 7.6724843], [-76.6806601, 7.672766], [-76.6806351, 7.6730185], [-76.6805707, 7.67334], [-76.6804963, 7.6735836], [-76.6803968, 7.6738294]]}, "properties": {"highway": "trunk", "tipo_via": "troncal", "orden": "primaria", "name": "Carrera 100", "ref": "62", "surface": "asphalt", "maxspeed": "", "osm_id": 629697620, "source": "OSM"}}, {"type": "Feature", "geometry": {"type": "LineString", "coordinates": [[-76.680696, 7.6720017], [-76.6806936, 7.6719071]]}, "properties": {"highway": "trunk", "tipo_via": "troncal", "orden": "primaria", "name": "Carrera 100", "ref": "62", "surface": "asphalt", "maxspeed": "", "osm_id": 629697621, "source": "OSM"}}, {"type": "Feature", "geometry": {"type": "LineString", "coordinates": [[-76.6779394, 7.6775914], [-76.6779573, 7.6774899], [-76.6779292, 7.6773908], [-76.6778605, 7.6773135], [-76.6777649, 7.6772732], [-76.6776611, 7.6772779], [-76.6775696, 7.6773267]]}, "properties": {"highway": "trunk_link", "tipo_via": "troncal", "orden": "primaria", "name": "", "ref": "", "surface": "asphalt", "maxspeed": "", "osm_id": 629697622, "source": "OSM"}}, {"type": "Feature", "geometry": {"type": "LineString", "coordinates": [[-76.6803968, 7.6738294], [-76.6803061, 7.6740107], [-76.6802053, 7.674182], [-76.6794929, 7.6751981], [-76.6790932, 7.6757563], [-76.6788733, 7.676062], [-76.6786695, 7.6763013], [-76.6784924, 7.6764661], [-76.6780468, 7.6768085], [-76.6777225, 7.6771376], [-76.6775696, 7.6773267], [-76.6774615, 7.6774952], [-76.6772715, 7.6778495], [-76.6772105, 7.6779936], [-76.6771427, 7.678184], [-76.6770884, 7.6783757], [-76.6770451, 7.6785803], [-76.6770213, 7.6787027]]}, "properties": {"highway": "trunk", "tipo_via": "troncal", "orden": "primaria", "name": "Chigorod\u00f3 - Carepa", "ref": "62", "surface": "asphalt", "maxspeed": "", "osm_id": 629697623, "source": "OSM"}}, {"type": "Feature", "geometry": {"type": "LineString", "coordinates": [[-76.6539578, 7.787012], [-76.6539317, 7.7871302], [-76.6538441, 7.787539], [-76.653676, 7.7882908], [-76.6535457, 7.7888799], [-76.6534736, 7.7892064], [-76.6533535, 7.7897544], [-76.6531046, 7.7909191], [-76.6528849, 7.7926522], [-76.6528173, 7.7931857]]}, "properties": {"highway": "secondary", "tipo_via": "secundaria", "orden": "secundaria", "name": "Carepa - Apartad\u00f3", "ref": "62", "surface": "asphalt", "maxspeed": "", "osm_id": 629697882, "source": "OSM"}}, {"type": "Feature", "geometry": {"type": "LineString", "coordinates": [[-76.6271148, 7.902234], [-76.6270764, 7.9023704]]}, "properties": {"highway": "secondary", "tipo_via": "secundaria", "orden": "secundaria", "name": "Apartad\u00f3 - Turbo", "ref": "62", "surface": "asphalt", "maxspeed": "", "osm_id": 639487963, "source": "OSM"}}, {"type": "Feature", "geometry": {"type": "LineString", "coordinates": [[-76.6272885, 7.9016154], [-76.6271386, 7.902149], [-76.6271148, 7.902234]]}, "properties": {"highway": "secondary", "tipo_via": "secundaria", "orden": "secundaria", "name": "Apartad\u00f3 - Turbo", "ref": "62", "surface": "asphalt", "maxspeed": "", "osm_id": 639487964, "source": "OSM"}}, {"type": "Feature", "geometry": {"type": "LineString", "coordinates": [[-76.6307688, 7.5836316], [-76.6312359, 7.5845038]]}, "properties": {"highway": "trunk", "tipo_via": "troncal", "orden": "primaria", "name": "Mutat\u00e1 - Chigorod\u00f3", "ref": "62", "surface": "asphalt", "maxspeed": "", "osm_id": 674586590, "source": "OSM"}}, {"type": "Feature", "geometry": {"type": "LineString", "coordinates": [[-76.6546929, 8.0507613], [-76.6546564, 8.0506986], [-76.6545997, 8.050653], [-76.6545302, 8.0506305], [-76.6544572, 8.0506341], [-76.6543904, 8.0506633], [-76.6543385, 8.0507142], [-76.6543084, 8.0507802], [-76.6543042, 8.0508524]]}, "properties": {"highway": "trunk_link", "tipo_via": "troncal", "orden": "primaria", "name": "", "ref": "", "surface": "asphalt", "maxspeed": "", "osm_id": 674753772, "source": "OSM"}}, {"type": "Feature", "geometry": {"type": "LineString", "coordinates": [[-76.6541566, 8.0503839], [-76.6542111, 8.0504259], [-76.6542767, 8.0504477], [-76.6543458, 8.0504467], [-76.6544107, 8.050423], [-76.654464, 8.0503795], [-76.6544997, 8.0503209], [-76.6545138, 8.0502539]]}, "properties": {"highway": "trunk_link", "tipo_via": "troncal", "orden": "primaria", "name": "", "ref": "", "surface": "asphalt", "maxspeed": "", "osm_id": 674753773, "source": "OSM"}}, {"type": "Feature", "geometry": {"type": "LineString", "coordinates": [[-76.6583883, 8.0655579], [-76.6583875, 8.0658658], [-76.6584093, 8.0662988], [-76.6584742, 8.0667482], [-76.658612, 8.0671672], [-76.6588264, 8.0675731], [-76.6591314, 8.0679633], [-76.6594007, 8.0682129], [-76.6600954, 8.0686384], [-76.6604744, 8.0688719], [-76.6605514, 8.0689244], [-76.6606151, 8.069004], [-76.6606578, 8.0691027], [-76.6606713, 8.0692309]]}, "properties": {"highway": "trunk", "tipo_via": "troncal", "orden": "primaria", "name": "Apartad\u00f3 - Turbo", "ref": "62", "surface": "asphalt", "maxspeed": "", "osm_id": 674753775, "source": "OSM"}}, {"type": "Feature", "geometry": {"type": "LineString", "coordinates": [[-76.6583851, 8.0651803], [-76.6583883, 8.0655579]]}, "properties": {"highway": "trunk", "tipo_via": "troncal", "orden": "primaria", "name": "Apartad\u00f3 - Turbo", "ref": "62", "surface": "asphalt", "maxspeed": "", "osm_id": 674753776, "source": "OSM"}}, {"type": "Feature", "geometry": {"type": "LineString", "coordinates": [[-76.6427903, 8.0131722], [-76.6429465, 8.0133298], [-76.643036, 8.0134453], [-76.6430952, 8.0135423], [-76.6433561, 8.0144402], [-76.6435037, 8.0149483], [-76.6444255, 8.0181214], [-76.6444329, 8.0181468], [-76.644504, 8.0183921]]}, "properties": {"highway": "trunk", "tipo_via": "troncal", "orden": "primaria", "name": "Apartad\u00f3 - Turbo", "ref": "62", "surface": "asphalt", "maxspeed": "", "osm_id": 674753777, "source": "OSM"}}, {"type": "Feature", "geometry": {"type": "LineString", "coordinates": [[-76.6430308, 8.0123696], [-76.6428943, 8.0122888], [-76.6427762, 8.0121832], [-76.6426805, 8.012057]]}, "properties": {"highway": "secondary", "tipo_via": "secundaria", "orden": "secundaria", "name": "Turbo - Apartad\u00f3", "ref": "62", "surface": "asphalt", "maxspeed": "", "osm_id": 674753778, "source": "OSM"}}, {"type": "Feature", "geometry": {"type": "LineString", "coordinates": [[-76.6426805, 8.012057], [-76.6426949, 8.0121758], [-76.6426915, 8.0122954], [-76.6426704, 8.0124131], [-76.6426319, 8.0125265]]}, "properties": {"highway": "secondary", "tipo_via": "secundaria", "orden": "secundaria", "name": "Apartad\u00f3 - Turbo", "ref": "62", "surface": "asphalt", "maxspeed": "", "osm_id": 674753779, "source": "OSM"}}, {"type": "Feature", "geometry": {"type": "LineString", "coordinates": [[-76.6428104, 8.0123977], [-76.6427134, 8.0124509], [-76.6426319, 8.0125265], [-76.6425698, 8.0126373], [-76.642542, 8.0127612], [-76.6425529, 8.0128876], [-76.6426013, 8.0130051], [-76.6426829, 8.0131029], [-76.6427903, 8.0131722], [-76.6429132, 8.0132066], [-76.6430408, 8.0132033], [-76.6431617, 8.0131626], [-76.6432649, 8.0130881], [-76.6433387, 8.0129911], [-76.6433825, 8.0128777], [-76.6433899, 8.0127617], [-76.6433662, 8.0126481], [-76.6433122, 8.0125453], [-76.6432325, 8.0124598], [-76.6431363, 8.0124038], [-76.6430308, 8.0123696], [-76.6429181, 8.0123711], [-76.6428104, 8.0123977]]}, "properties": {"highway": "trunk", "tipo_via": "troncal", "orden": "primaria", "name": "", "ref": "", "surface": "asphalt", "maxspeed": "", "osm_id": 674753780, "source": "OSM"}}, {"type": "Feature", "geometry": {"type": "LineString", "coordinates": [[-76.6390339, 7.9996777], [-76.6389476, 7.9993875], [-76.6389018, 7.9992334], [-76.6387776, 7.9988156], [-76.6386616, 7.9984255], [-76.6386262, 7.9983063], [-76.6386181, 7.9982791], [-76.6384303, 7.9976394], [-76.6382463, 7.9970119], [-76.6381102, 7.9965317], [-76.6380729, 7.9964002], [-76.6378913, 7.9957947], [-76.6377264, 7.9952292], [-76.6375938, 7.9947809], [-76.6374612, 7.9943327], [-76.6373155, 7.9938606], [-76.6370931, 7.9931402], [-76.6370872, 7.9931197], [-76.6368519, 7.9923282], [-76.6366996, 7.9918114], [-76.6366145, 7.9915457], [-76.6364484, 7.990888], [-76.6364078, 7.9905936]]}, "properties": {"highway": "secondary", "tipo_via": "secundaria", "orden": "secundaria", "name": "Carrera 50", "ref": "62", "surface": "", "maxspeed": "", "osm_id": 674753782, "source": "OSM"}}, {"type": "Feature", "geometry": {"type": "LineString", "coordinates": [[-76.66083, 8.0700394], [-76.6606865, 8.0714405], [-76.6607269, 8.0719753]]}, "properties": {"highway": "trunk", "tipo_via": "troncal", "orden": "primaria", "name": "", "ref": "", "surface": "asphalt", "maxspeed": "", "osm_id": 674753784, "source": "OSM"}}, {"type": "Feature", "geometry": {"type": "LineString", "coordinates": [[-76.66083, 8.0700394], [-76.6611602, 8.0696485]]}, "properties": {"highway": "trunk", "tipo_via": "troncal", "orden": "primaria", "name": "", "ref": "", "surface": "asphalt", "maxspeed": "", "osm_id": 674753785, "source": "OSM"}}, {"type": "Feature", "geometry": {"type": "LineString", "coordinates": [[-76.6607504, 8.0694738], [-76.66083, 8.0700394]]}, "properties": {"highway": "trunk", "tipo_via": "troncal", "orden": "primaria", "name": "", "ref": "", "surface": "asphalt", "maxspeed": "", "osm_id": 674753786, "source": "OSM"}}, {"type": "Feature", "geometry": {"type": "LineString", "coordinates": [[-76.6613212, 8.069592], [-76.6619051, 8.0697095]]}, "properties": {"highway": "primary", "tipo_via": "primaria", "orden": "primaria", "name": "Apartad\u00f3 - Turbo", "ref": "62", "surface": "asphalt", "maxspeed": "", "osm_id": 674753787, "source": "OSM"}}, {"type": "Feature", "geometry": {"type": "LineString", "coordinates": [[-76.6619051, 8.0697095], [-76.6615259, 8.0692824]]}, "properties": {"highway": "primary", "tipo_via": "primaria", "orden": "primaria", "name": "Turbo - Apartad\u00f3", "ref": "62", "surface": "asphalt", "maxspeed": "", "osm_id": 674753788, "source": "OSM"}}, {"type": "Feature", "geometry": {"type": "LineString", "coordinates": [[-76.6606713, 8.0692309], [-76.6606919, 8.0693584], [-76.6607504, 8.0694738], [-76.6608305, 8.0695582], [-76.6609306, 8.069618], [-76.6610433, 8.0696489], [-76.6611602, 8.0696485], [-76.6612436, 8.0696282], [-76.6613212, 8.069592], [-76.6614202, 8.069511], [-76.6614905, 8.0694046], [-76.6615259, 8.0692824], [-76.6615232, 8.0691554], [-76.6614828, 8.0690349], [-76.6614082, 8.0689316], [-76.6613061, 8.0688548], [-76.6611856, 8.0688112], [-76.6610575, 8.0688049], [-76.6609331, 8.0688359], [-76.6608256, 8.0689012], [-76.6607417, 8.0689943], [-76.6606887, 8.0691074], [-76.6606713, 8.0692309]]}, "properties": {"highway": "trunk", "tipo_via": "troncal", "orden": "primaria", "name": "", "ref": "", "surface": "asphalt", "maxspeed": "", "osm_id": 674753789, "source": "OSM"}}, {"type": "Feature", "geometry": {"type": "LineString", "coordinates": [[-76.6917203, 8.1248768], [-76.6920835, 8.1250144], [-76.6926557, 8.125257]]}, "properties": {"highway": "trunk", "tipo_via": "troncal", "orden": "primaria", "name": "", "ref": "", "surface": "asphalt", "maxspeed": "", "osm_id": 674767776, "source": "OSM"}}, {"type": "Feature", "geometry": {"type": "LineString", "coordinates": [[-76.6242058, 7.9125871], [-76.6240845, 7.913028], [-76.6239973, 7.9132199], [-76.6238137, 7.9134005]]}, "properties": {"highway": "secondary", "tipo_via": "secundaria", "orden": "secundaria", "name": "Apartad\u00f3 - Turbo", "ref": "", "surface": "", "maxspeed": "", "osm_id": 681771582, "source": "OSM"}}, {"type": "Feature", "geometry": {"type": "LineString", "coordinates": [[-76.6243203, 7.9134617], [-76.6242193, 7.9132604], [-76.6241697, 7.9130495], [-76.6241804, 7.9128812], [-76.6242058, 7.9125871]]}, "properties": {"highway": "secondary", "tipo_via": "secundaria", "orden": "secundaria", "name": "Turbo - Apartad\u00f3", "ref": "", "surface": "", "maxspeed": "", "osm_id": 681771583, "source": "OSM"}}, {"type": "Feature", "geometry": {"type": "LineString", "coordinates": [[-76.6243468, 7.9134889], [-76.6243203, 7.9134617], [-76.6242823, 7.91343], [-76.6242409, 7.9134029], [-76.6241966, 7.9133806], [-76.62415, 7.9133636], [-76.6241017, 7.913352], [-76.6240524, 7.9133461], [-76.6240028, 7.9133458], [-76.6239534, 7.9133512], [-76.623905, 7.9133622], [-76.6238582, 7.9133787], [-76.6238137, 7.9134005], [-76.6237394, 7.9134532], [-76.6236781, 7.9135204], [-76.6236325, 7.9135989], [-76.6236048, 7.9136852], [-76.6235962, 7.9137754], [-76.6236071, 7.9138653], [-76.6236369, 7.9139509], [-76.6236844, 7.9140283], [-76.6237229, 7.9140716], [-76.6237669, 7.9141094], [-76.6238157, 7.9141409], [-76.6238684, 7.9141656], [-76.6239239, 7.914183], [-76.6239814, 7.9141928], [-76.6240396, 7.9141948], [-76.6240975, 7.9141889], [-76.6241542, 7.9141754], [-76.6242084, 7.9141543], [-76.6242691, 7.9141196], [-76.6243233, 7.9140756], [-76.62437, 7.9140229], [-76.6244073, 7.9139633], [-76.6244342, 7.9138984], [-76.6244499, 7.91383], [-76.624454, 7.91376], [-76.6244465, 7.9136902], [-76.6244377, 7.9136534], [-76.6244256, 7.9136176], [-76.6244103, 7.9135829], [-76.624392, 7.9135498], [-76.6243707, 7.9135183], [-76.6243468, 7.9134889]]}, "properties": {"highway": "trunk", "tipo_via": "troncal", "orden": "primaria", "name": "", "ref": "", "surface": "asphalt", "maxspeed": "", "osm_id": 681771584, "source": "OSM"}}, {"type": "Feature", "geometry": {"type": "LineString", "coordinates": [[-76.6426064, 7.8468385], [-76.6426617, 7.846631]]}, "properties": {"highway": "trunk", "tipo_via": "troncal", "orden": "primaria", "name": "Apartad\u00f3 - Carepa", "ref": "62", "surface": "asphalt", "maxspeed": "", "osm_id": 686624273, "source": "OSM"}}, {"type": "Feature", "geometry": {"type": "LineString", "coordinates": [[-76.6638859, 7.7657905], [-76.6639363, 7.7649596]]}, "properties": {"highway": "trunk", "tipo_via": "troncal", "orden": "primaria", "name": "Variante de Carepa", "ref": "62", "surface": "asphalt", "maxspeed": "", "osm_id": 691096786, "source": "OSM"}}, {"type": "Feature", "geometry": {"type": "LineString", "coordinates": [[-76.6585981, 7.7699547], [-76.6615916, 7.7690336], [-76.6618838, 7.7689155], [-76.6621842, 7.7687686], [-76.6624248, 7.76862], [-76.6627543, 7.7683637], [-76.6631371, 7.7679888], [-76.6634623, 7.7675294], [-76.6637655, 7.7667719], [-76.6638761, 7.7659791], [-76.6638859, 7.7657905]]}, "properties": {"highway": "trunk", "tipo_via": "troncal", "orden": "primaria", "name": "Variante de Carepa", "ref": "62", "surface": "asphalt", "maxspeed": "", "osm_id": 691096787, "source": "OSM"}}, {"type": "Feature", "geometry": {"type": "LineString", "coordinates": [[-76.6477207, 7.8961935], [-76.6480928, 7.8960469]]}, "properties": {"highway": "trunk", "tipo_via": "troncal", "orden": "primaria", "name": "Variante de Apartad\u00f3", "ref": "62", "surface": "asphalt", "maxspeed": "", "osm_id": 691096796, "source": "OSM"}}, {"type": "Feature", "geometry": {"type": "LineString", "coordinates": [[-76.6393008, 7.9044679], [-76.6403699, 7.9031738], [-76.6454798, 7.89752], [-76.6460873, 7.8970352], [-76.6465205, 7.8967243], [-76.6469161, 7.8965105], [-76.6477207, 7.8961935]]}, "properties": {"highway": "trunk", "tipo_via": "troncal", "orden": "primaria", "name": "Variante de Apartad\u00f3", "ref": "62", "surface": "asphalt", "maxspeed": "", "osm_id": 691096797, "source": "OSM"}}, {"type": "Feature", "geometry": {"type": "LineString", "coordinates": [[-76.6391774, 7.9045989], [-76.6393008, 7.9044679]]}, "properties": {"highway": "trunk", "tipo_via": "troncal", "orden": "primaria", "name": "Variante de Apartad\u00f3", "ref": "62", "surface": "asphalt", "maxspeed": "", "osm_id": 691096798, "source": "OSM"}}, {"type": "Feature", "geometry": {"type": "LineString", "coordinates": [[-76.6380798, 7.9059198], [-76.6391774, 7.9045989]]}, "properties": {"highway": "trunk", "tipo_via": "troncal", "orden": "primaria", "name": "Variante de Apartad\u00f3", "ref": "62", "surface": "asphalt", "maxspeed": "", "osm_id": 691096799, "source": "OSM"}}, {"type": "Feature", "geometry": {"type": "LineString", "coordinates": [[-76.6379175, 7.906112], [-76.6380798, 7.9059198]]}, "properties": {"highway": "trunk", "tipo_via": "troncal", "orden": "primaria", "name": "Variante de Apartad\u00f3", "ref": "62", "surface": "asphalt", "maxspeed": "", "osm_id": 691096800, "source": "OSM"}}, {"type": "Feature", "geometry": {"type": "LineString", "coordinates": [[-76.642239, 7.8506706], [-76.6422183, 7.8505573], [-76.6421914, 7.8504708], [-76.6421533, 7.8503839], [-76.6421032, 7.8502981]]}, "properties": {"highway": "trunk", "tipo_via": "troncal", "orden": "primaria", "name": "Apartad\u00f3 - Carepa", "ref": "62", "surface": "asphalt", "maxspeed": "", "osm_id": 691096802, "source": "OSM"}}, {"type": "Feature", "geometry": {"type": "LineString", "coordinates": [[-76.6409545, 7.852319], [-76.6410495, 7.8522032], [-76.6411026, 7.8521389], [-76.6411661, 7.8520853], [-76.6412285, 7.8520234], [-76.6416863, 7.8516243], [-76.6417555, 7.8515262]]}, "properties": {"highway": "secondary", "tipo_via": "secundaria", "orden": "secundaria", "name": "Carepa - Apartad\u00f3", "ref": "", "surface": "", "maxspeed": "", "osm_id": 691096803, "source": "OSM"}}, {"type": "Feature", "geometry": {"type": "LineString", "coordinates": [[-76.6480928, 7.8960469], [-76.6493234, 7.8955328], [-76.6500878, 7.8950997], [-76.6509998, 7.8941593], [-76.6514987, 7.8931815], [-76.6517562, 7.8921029], [-76.6518152, 7.8912102], [-76.6518251, 7.8909224], [-76.6520371, 7.8789838], [-76.6521275, 7.8685557], [-76.6521531, 7.8666977], [-76.6520727, 7.8657731], [-76.6518688, 7.8649441], [-76.6486425, 7.8588832], [-76.6456497, 7.853174], [-76.6454989, 7.852944], [-76.6452333, 7.8526038], [-76.6450129, 7.8523677], [-76.6447857, 7.8521576], [-76.6444613, 7.8519046], [-76.6438964, 7.8515671], [-76.6436521, 7.8514547], [-76.6425813, 7.8510701]]}, "properties": {"highway": "trunk", "tipo_via": "troncal", "orden": "primaria", "name": "Variante de Apartad\u00f3", "ref": "62", "surface": "asphalt", "maxspeed": "", "osm_id": 691096804, "source": "OSM"}}, {"type": "Feature", "geometry": {"type": "LineString", "coordinates": [[-76.6539578, 7.787012], [-76.6542706, 7.7867545]]}, "properties": {"highway": "secondary", "tipo_via": "secundaria", "orden": "secundaria", "name": "Carepa - Apartad\u00f3", "ref": "62", "surface": "asphalt", "maxspeed": "", "osm_id": 691096805, "source": "OSM"}}, {"type": "Feature", "geometry": {"type": "LineString", "coordinates": [[-76.6467534, 7.830533], [-76.6466987, 7.8307228], [-76.646582, 7.831163], [-76.6465335, 7.8313288]]}, "properties": {"highway": "trunk", "tipo_via": "troncal", "orden": "primaria", "name": "Carepa - Apartad\u00f3", "ref": "62", "surface": "asphalt", "maxspeed": "", "osm_id": 691096806, "source": "OSM"}}, {"type": "Feature", "geometry": {"type": "LineString", "coordinates": [[-76.6549743, 7.8273], [-76.6548222, 7.8282408], [-76.6547466, 7.8285653], [-76.6546946, 7.828814], [-76.6545705, 7.8291714], [-76.6544987, 7.8293581], [-76.654352, 7.8296245], [-76.6538513, 7.8302867], [-76.6536952, 7.8304377], [-76.6536496, 7.8304776], [-76.6535199, 7.8305909], [-76.6532895, 7.8307796], [-76.6529531, 7.8309658], [-76.6523764, 7.8312183], [-76.6517836, 7.831375], [-76.6516229, 7.8314086], [-76.6514308, 7.8314198], [-76.6511692, 7.8314165], [-76.6478569, 7.8312625]]}, "properties": {"highway": "trunk", "tipo_via": "troncal", "orden": "primaria", "name": "Variante de El Reposo", "ref": "62", "surface": "asphalt", "maxspeed": "", "osm_id": 691096807, "source": "OSM"}}, {"type": "Feature", "geometry": {"type": "LineString", "coordinates": [[-76.6550365, 7.8268572], [-76.6549743, 7.8273]]}, "properties": {"highway": "trunk", "tipo_via": "troncal", "orden": "primaria", "name": "Variante de El Reposo", "ref": "62", "surface": "asphalt", "maxspeed": "", "osm_id": 691096808, "source": "OSM"}}, {"type": "Feature", "geometry": {"type": "LineString", "coordinates": [[-76.6545229, 7.7859431], [-76.6544709, 7.785918], [-76.654416, 7.7858999], [-76.6543591, 7.7858891], [-76.6543013, 7.7858858], [-76.6542436, 7.7858901], [-76.6541852, 7.7859009], [-76.6541227, 7.7859252], [-76.6540629, 7.7859581], [-76.654009, 7.7859997], [-76.6539623, 7.7860492], [-76.6539239, 7.7861052], [-76.6538947, 7.7861665], [-76.6538755, 7.7862315], [-76.6538667, 7.7862986], [-76.6538686, 7.7863663], [-76.653881, 7.7864329], [-76.6539037, 7.7864968], [-76.6539362, 7.7865564], [-76.6539768, 7.7866095], [-76.6540251, 7.7866558], [-76.65408, 7.7866942], [-76.6541402, 7.7867239], [-76.6542042, 7.7867441], [-76.6542706, 7.7867545], [-76.654335, 7.7867548], [-76.6543987, 7.7867458], [-76.6544605, 7.7867277], [-76.6545189, 7.7867008], [-76.6545727, 7.7866658], [-76.6546202, 7.7866238], [-76.6546611, 7.7865755], [-76.6546946, 7.7865218], [-76.6547198, 7.7864639], [-76.6547364, 7.786403], [-76.6547438, 7.7863404], [-76.6547421, 7.7862773], [-76.6547311, 7.7862152], [-76.6547128, 7.7861592], [-76.6546871, 7.7861062], [-76.6546543, 7.7860571], [-76.6546148, 7.7860124], [-76.6545712, 7.7859747], [-76.6545229, 7.7859431]]}, "properties": {"highway": "trunk", "tipo_via": "troncal", "orden": "primaria", "name": "62", "ref": "62", "surface": "asphalt", "maxspeed": "", "osm_id": 691096809, "source": "OSM"}}, {"type": "Feature", "geometry": {"type": "LineString", "coordinates": [[-76.6632548, 7.7920409], [-76.6623375, 7.8029495], [-76.6622973, 7.8034531], [-76.6622329, 7.803849], [-76.6621041, 7.8043181], [-76.6619083, 7.8048044], [-76.6617152, 7.805183], [-76.6614041, 7.8056946], [-76.659422, 7.8088727], [-76.6586387, 7.810329], [-76.6583115, 7.8109455], [-76.6581077, 7.8114344], [-76.6580025, 7.8117121], [-76.6577482, 7.8126887], [-76.6565738, 7.8183929], [-76.6560987, 7.8208426], [-76.6556726, 7.8232563], [-76.6550365, 7.8268572]]}, "properties": {"highway": "trunk", "tipo_via": "troncal", "orden": "primaria", "name": "Variante de El Reposo", "ref": "62", "surface": "asphalt", "maxspeed": "", "osm_id": 691096810, "source": "OSM"}}, {"type": "Feature", "geometry": {"type": "LineString", "coordinates": [[-76.6426805, 8.012057], [-76.6420439, 8.0099471], [-76.6416952, 8.0087519], [-76.6409281, 8.0060268], [-76.6404077, 8.004295], [-76.6398862, 8.0025422], [-76.6397554, 8.0021026], [-76.6397018, 8.0019225], [-76.6390339, 7.9996777]]}, "properties": {"highway": "secondary", "tipo_via": "secundaria", "orden": "secundaria", "name": "Turbo - Apartad\u00f3", "ref": "62", "surface": "", "maxspeed": "", "osm_id": 693934365, "source": "OSM"}}, {"type": "Feature", "geometry": {"type": "LineString", "coordinates": [[-76.6517013, 7.8022881], [-76.6515782, 7.8033089], [-76.6515095, 7.8038788], [-76.6514074, 7.804726], [-76.6511679, 7.8067118], [-76.6510605, 7.8076026], [-76.6509531, 7.8084934], [-76.6507774, 7.810093], [-76.6503991, 7.8130886], [-76.6503588, 7.8134229], [-76.6503331, 7.8136361], [-76.6500255, 7.8161336], [-76.6499406, 7.8168018], [-76.6498306, 7.8176842], [-76.649555, 7.8198936], [-76.6494409, 7.8204627], [-76.6493126, 7.8211024], [-76.6490551, 7.8220971], [-76.648955, 7.822484], [-76.6486094, 7.8237275], [-76.6485979, 7.8237689], [-76.6485691, 7.8238587], [-76.6484363, 7.824273]]}, "properties": {"highway": "secondary", "tipo_via": "secundaria", "orden": "secundaria", "name": "Carepa - Apartad\u00f3", "ref": "62", "surface": "asphalt", "maxspeed": "", "osm_id": 693934366, "source": "OSM"}}, {"type": "Feature", "geometry": {"type": "LineString", "coordinates": [[-76.652726, 7.7939055], [-76.6527154, 7.793989], [-76.6526531, 7.7944805], [-76.6524237, 7.7962899], [-76.6522873, 7.7975773]]}, "properties": {"highway": "secondary", "tipo_via": "secundaria", "orden": "secundaria", "name": "Carepa - Apartad\u00f3", "ref": "62", "surface": "asphalt", "maxspeed": "", "osm_id": 693934367, "source": "OSM"}}, {"type": "Feature", "geometry": {"type": "LineString", "coordinates": [[-76.6626996, 7.7436579], [-76.6626746, 7.7437678], [-76.6624364, 7.7448153], [-76.6609386, 7.7514031], [-76.6608748, 7.7516901], [-76.6607121, 7.7524604], [-76.6606592, 7.7527401], [-76.660511, 7.7534501], [-76.6604734, 7.75363]]}, "properties": {"highway": "secondary", "tipo_via": "secundaria", "orden": "secundaria", "name": "Chigorod\u00f3 - Carepa", "ref": "62", "surface": "", "maxspeed": "", "osm_id": 693934368, "source": "OSM"}}, {"type": "Feature", "geometry": {"type": "LineString", "coordinates": [[-76.6410703, 7.9755818], [-76.6379875, 7.9708088], [-76.6358192, 7.9674228], [-76.635458, 7.9670323], [-76.6350437, 7.9666976], [-76.6345848, 7.9664259], [-76.634091, 7.9662228], [-76.6335923, 7.9661101], [-76.6330409, 7.966038], [-76.6325067, 7.9660602], [-76.6319814, 7.9661588], [-76.6305862, 7.9666733]]}, "properties": {"highway": "trunk", "tipo_via": "troncal", "orden": "primaria", "name": "Variante de Currulao", "ref": "62", "surface": "asphalt", "maxspeed": "", "osm_id": 705778600, "source": "OSM"}}, {"type": "Feature", "geometry": {"type": "LineString", "coordinates": [[-76.6490278, 7.9880438], [-76.6486203, 7.9874076]]}, "properties": {"highway": "trunk", "tipo_via": "troncal", "orden": "primaria", "name": "Variante de Currulao", "ref": "62", "surface": "asphalt", "maxspeed": "", "osm_id": 705778601, "source": "OSM"}}, {"type": "Feature", "geometry": {"type": "LineString", "coordinates": [[-76.6300727, 7.9667822], [-76.63004, 7.9667269], [-76.6299995, 7.9666769], [-76.6299558, 7.9666361], [-76.629907, 7.9666015], [-76.629854, 7.9665737], [-76.6297976, 7.9665532], [-76.6297398, 7.9665392], [-76.6296785, 7.9665354], [-76.6296178, 7.9665386], [-76.6295582, 7.9665499], [-76.6295006, 7.9665692], [-76.6294463, 7.966596], [-76.6293961, 7.9666299], [-76.6293504, 7.96667], [-76.6293103, 7.9667182], [-76.6292769, 7.9667715], [-76.6292514, 7.9668289], [-76.6292344, 7.9668893], [-76.6292262, 7.9669514], [-76.6292269, 7.9670141], [-76.6292366, 7.9670761], [-76.629255, 7.9671361], [-76.6292818, 7.9671929], [-76.6293165, 7.9672454], [-76.6293583, 7.9672925], [-76.6294064, 7.9673332], [-76.6294562, 7.9673649], [-76.6295098, 7.9673898], [-76.6295663, 7.9674074], [-76.6296247, 7.9674175], [-76.6296838, 7.9674198], [-76.6297428, 7.9674144], [-76.6298005, 7.9674013], [-76.629856, 7.9673807], [-76.6299082, 7.9673531], [-76.629962, 7.9673141], [-76.6300093, 7.9672677], [-76.6300491, 7.9672148], [-76.6300805, 7.9671567], [-76.6301028, 7.9670946], [-76.6301154, 7.9670317], [-76.6301186, 7.9669677], [-76.6301124, 7.9669039], [-76.6300971, 7.9668416], [-76.6300727, 7.9667822]]}, "properties": {"highway": "trunk", "tipo_via": "troncal", "orden": "primaria", "name": "", "ref": "", "surface": "asphalt", "maxspeed": "", "osm_id": 705778605, "source": "OSM"}}, {"type": "Feature", "geometry": {"type": "LineString", "coordinates": [[-76.6437297, 8.0124663], [-76.6450275, 8.0119285], [-76.6457346, 8.0114465], [-76.6460069, 8.0112061], [-76.6463582, 8.0107771], [-76.6465862, 8.0103801], [-76.6467766, 8.0099604], [-76.6470113, 8.009224], [-76.6482087, 8.0047878], [-76.648273, 8.0044743], [-76.6488955, 8.0003029], [-76.6494038, 7.9968968], [-76.6501683, 7.991802], [-76.6502005, 7.9912827], [-76.6501857, 7.9908604], [-76.650116, 7.9903358], [-76.6499832, 7.9898404], [-76.6497915, 7.9893583], [-76.6496441, 7.9890717], [-76.6492961, 7.9884627], [-76.6490278, 7.9880438]]}, "properties": {"highway": "trunk", "tipo_via": "troncal", "orden": "primaria", "name": "Variante de Currulao", "ref": "62", "surface": "asphalt", "maxspeed": "", "osm_id": 705778606, "source": "OSM"}}, {"type": "Feature", "geometry": {"type": "LineString", "coordinates": [[-76.7503391, 8.3887322], [-76.7506445, 8.3911975], [-76.7509981, 8.3938908], [-76.7513311, 8.3965607], [-76.7514354, 8.3975831], [-76.7519784, 8.4018601], [-76.7522908, 8.4043911], [-76.7524329, 8.4054471], [-76.7524842, 8.4057476], [-76.7525623, 8.4060534], [-76.7526622, 8.4063307], [-76.7527869, 8.4066597], [-76.7530431, 8.4072288], [-76.7534993, 8.4082767], [-76.7536479, 8.4086179], [-76.7546707, 8.4107833], [-76.7546856, 8.4108148]]}, "properties": {"highway": "trunk", "tipo_via": "troncal", "orden": "primaria", "name": "V\u00eda Turbo - Necocl\u00ed", "ref": "90", "surface": "asphalt", "maxspeed": "80", "osm_id": 708243265, "source": "OSM"}}, {"type": "Feature", "geometry": {"type": "LineString", "coordinates": [[-76.7503281, 8.3886432], [-76.7503391, 8.3887322]]}, "properties": {"highway": "trunk", "tipo_via": "troncal", "orden": "primaria", "name": "V\u00eda Turbo - Necocl\u00ed", "ref": "90", "surface": "asphalt", "maxspeed": "80", "osm_id": 708243266, "source": "OSM"}}, {"type": "Feature", "geometry": {"type": "LineString", "coordinates": [[-76.776327, 8.4245307], [-76.776709, 8.4247142], [-76.7770585, 8.4248231], [-76.7772529, 8.4248621], [-76.7775651, 8.4248947], [-76.7778965, 8.4248898], [-76.7783046, 8.4248275], [-76.7796922, 8.4246669], [-76.780358, 8.4245876], [-76.7806404, 8.4245539]]}, "properties": {"highway": "trunk", "tipo_via": "troncal", "orden": "primaria", "name": "V\u00eda Turbo - Necocl\u00ed", "ref": "90", "surface": "asphalt", "maxspeed": "80", "osm_id": 708294173, "source": "OSM"}}, {"type": "Feature", "geometry": {"type": "LineString", "coordinates": [[-76.7762226, 8.4244808], [-76.776327, 8.4245307]]}, "properties": {"highway": "trunk", "tipo_via": "troncal", "orden": "primaria", "name": "V\u00eda Turbo - Necocl\u00ed", "ref": "90", "surface": "asphalt", "maxspeed": "80", "osm_id": 708294174, "source": "OSM"}}, {"type": "Feature", "geometry": {"type": "LineString", "coordinates": [[-76.7433866, 8.3264149], [-76.7433745, 8.327025], [-76.743341, 8.3279473], [-76.7432739, 8.3287753], [-76.7432047, 8.3290937], [-76.7431616, 8.3292519], [-76.7431176, 8.3294135], [-76.7423725, 8.3313624], [-76.7423003, 8.3315513], [-76.7421897, 8.331851], [-76.7418018, 8.3329019], [-76.741721, 8.33312], [-76.7415566, 8.3335637], [-76.7409113, 8.335305], [-76.7407425, 8.336234], [-76.7406021, 8.3371682], [-76.7405242, 8.3385287], [-76.7405082, 8.3388012], [-76.7404588, 8.3397462], [-76.7404375, 8.3401526], [-76.7404114, 8.3406515], [-76.7402202, 8.3443082], [-76.740152, 8.3448505], [-76.740086, 8.3465713], [-76.7400809, 8.3466609], [-76.740068, 8.346835], [-76.7400406, 8.3470055], [-76.7399784, 8.3473343], [-76.7398381, 8.3479544], [-76.7396877, 8.3485695]]}, "properties": {"highway": "trunk", "tipo_via": "troncal", "orden": "primaria", "name": "V\u00eda Turbo - Necocl\u00ed", "ref": "90", "surface": "asphalt", "maxspeed": "80", "osm_id": 710054847, "source": "OSM"}}, {"type": "Feature", "geometry": {"type": "LineString", "coordinates": [[-76.7433895, 8.3262721], [-76.7433866, 8.3264149]]}, "properties": {"highway": "trunk", "tipo_via": "troncal", "orden": "primaria", "name": "V\u00eda Turbo - Necocl\u00ed", "ref": "90", "surface": "asphalt", "maxspeed": "80", "osm_id": 710054848, "source": "OSM"}}, {"type": "Feature", "geometry": {"type": "LineString", "coordinates": [[-76.6632924, 7.7911639], [-76.6632548, 7.7920409]]}, "properties": {"highway": "trunk", "tipo_via": "troncal", "orden": "primaria", "name": "Variante de El Reposo", "ref": "62", "surface": "asphalt", "maxspeed": "", "osm_id": 737654886, "source": "OSM"}}, {"type": "Feature", "geometry": {"type": "LineString", "coordinates": [[-76.6551297, 7.7865925], [-76.6615167, 7.7885251], [-76.6619405, 7.788735], [-76.6621704, 7.7889012], [-76.662308, 7.7890007], [-76.6625249, 7.7892089], [-76.6626889, 7.7893917], [-76.6628712, 7.7896465], [-76.6630521, 7.7899924], [-76.6631609, 7.7902683], [-76.6632278, 7.7905247], [-76.6632701, 7.7907016], [-76.6632954, 7.7909198], [-76.6632924, 7.7911639]]}, "properties": {"highway": "trunk", "tipo_via": "troncal", "orden": "primaria", "name": "Variante de El Reposo", "ref": "62", "surface": "asphalt", "maxspeed": "", "osm_id": 737654887, "source": "OSM"}}, {"type": "Feature", "geometry": {"type": "LineString", "coordinates": [[-76.6425813, 7.8510701], [-76.642239, 7.8506706]]}, "properties": {"highway": "trunk", "tipo_via": "troncal", "orden": "primaria", "name": "Variante de Apartad\u00f3", "ref": "62", "surface": "asphalt", "maxspeed": "", "osm_id": 757081585, "source": "OSM"}}, {"type": "Feature", "geometry": {"type": "LineString", "coordinates": [[-76.6421453, 7.851155], [-76.6425813, 7.8510701]]}, "properties": {"highway": "trunk", "tipo_via": "troncal", "orden": "primaria", "name": "Variante de Apartad\u00f3", "ref": "62", "surface": "asphalt", "maxspeed": "", "osm_id": 757081586, "source": "OSM"}}, {"type": "Feature", "geometry": {"type": "LineString", "coordinates": [[-76.6412765, 7.8511273], [-76.6412767, 7.851219], [-76.6412996, 7.8513078], [-76.6413439, 7.8513883], [-76.6414068, 7.8514555], [-76.6414845, 7.8515054], [-76.6415721, 7.8515348], [-76.6416644, 7.8515419], [-76.6417555, 7.8515262]]}, "properties": {"highway": "trunk", "tipo_via": "troncal", "orden": "primaria", "name": "Carepa - Apartad\u00f3", "ref": "", "surface": "asphalt", "maxspeed": "", "osm_id": 757081587, "source": "OSM"}}, {"type": "Feature", "geometry": {"type": "LineString", "coordinates": [[-76.6421032, 7.8502981], [-76.6420391, 7.8502506], [-76.6419668, 7.8502166], [-76.6418891, 7.8501975], [-76.6418091, 7.8501941], [-76.64173, 7.8502065], [-76.641655, 7.8502342], [-76.641587, 7.8502761], [-76.6415288, 7.8503305], [-76.6414826, 7.8503953]]}, "properties": {"highway": "trunk", "tipo_via": "troncal", "orden": "primaria", "name": "Apartad\u00f3 - Carepa", "ref": "", "surface": "asphalt", "maxspeed": "", "osm_id": 757081588, "source": "OSM"}}, {"type": "Feature", "geometry": {"type": "LineString", "coordinates": [[-76.643011, 7.8453185], [-76.6438399, 7.8422037], [-76.6447826, 7.8387432], [-76.6455527, 7.835768], [-76.6465494, 7.8321364], [-76.6466226, 7.8320191], [-76.6466847, 7.8319495], [-76.6467658, 7.8318718], [-76.6470011, 7.8317066]]}, "properties": {"highway": "trunk", "tipo_via": "troncal", "orden": "primaria", "name": "Apartad\u00f3 - Carepa", "ref": "62", "surface": "asphalt", "maxspeed": "", "osm_id": 757081589, "source": "OSM"}}, {"type": "Feature", "geometry": {"type": "LineString", "coordinates": [[-76.6465335, 7.8313288], [-76.646545, 7.831403], [-76.6465701, 7.8314738], [-76.6466079, 7.8315388], [-76.646657, 7.8315958], [-76.6467159, 7.831643], [-76.6467826, 7.8316786], [-76.6468547, 7.8317015], [-76.6469298, 7.8317109], [-76.6470011, 7.8317066]]}, "properties": {"highway": "trunk", "tipo_via": "troncal", "orden": "primaria", "name": "62", "ref": "62", "surface": "asphalt", "maxspeed": "", "osm_id": 757081590, "source": "OSM"}}, {"type": "Feature", "geometry": {"type": "LineString", "coordinates": [[-76.6478569, 7.8312625], [-76.6475259, 7.8308897]]}, "properties": {"highway": "trunk", "tipo_via": "troncal", "orden": "primaria", "name": "Variante de El Reposo", "ref": "62", "surface": "asphalt", "maxspeed": "", "osm_id": 757081591, "source": "OSM"}}, {"type": "Feature", "geometry": {"type": "LineString", "coordinates": [[-76.6472928, 7.8314983], [-76.6478569, 7.8312625]]}, "properties": {"highway": "trunk", "tipo_via": "troncal", "orden": "primaria", "name": "Variante de El Reposo", "ref": "62", "surface": "asphalt", "maxspeed": "", "osm_id": 757081592, "source": "OSM"}}, {"type": "Feature", "geometry": {"type": "LineString", "coordinates": [[-76.6474108, 7.830482], [-76.6473569, 7.8304115], [-76.6472846, 7.8303585], [-76.6472017, 7.830324], [-76.6471129, 7.8303099], [-76.6470233, 7.8303171], [-76.646938, 7.8303451], [-76.6468618, 7.8303924], [-76.6467991, 7.8304562], [-76.6467534, 7.830533]]}, "properties": {"highway": "trunk", "tipo_via": "troncal", "orden": "primaria", "name": "62", "ref": "62", "surface": "asphalt", "maxspeed": "", "osm_id": 757081593, "source": "OSM"}}, {"type": "Feature", "geometry": {"type": "LineString", "coordinates": [[-76.6470011, 7.8317066], [-76.6471063, 7.8316483], [-76.6472063, 7.8315785], [-76.6472928, 7.8314983], [-76.6474128, 7.8313364], [-76.6474854, 7.8311717], [-76.6475197, 7.8310161], [-76.6475259, 7.8308897], [-76.6475098, 7.8307445], [-76.6474632, 7.8305884], [-76.6474108, 7.830482]]}, "properties": {"highway": "trunk", "tipo_via": "troncal", "orden": "primaria", "name": "Apartad\u00f3 - Carepa", "ref": "62", "surface": "asphalt", "maxspeed": "", "osm_id": 757081594, "source": "OSM"}}, {"type": "Feature", "geometry": {"type": "LineString", "coordinates": [[-76.6470864, 7.8293138], [-76.647054, 7.8294283], [-76.6467534, 7.830533]]}, "properties": {"highway": "secondary", "tipo_via": "secundaria", "orden": "secundaria", "name": "Carepa - Apartad\u00f3", "ref": "", "surface": "", "maxspeed": "", "osm_id": 757081595, "source": "OSM"}}, {"type": "Feature", "geometry": {"type": "LineString", "coordinates": [[-76.6474108, 7.830482], [-76.6470864, 7.8293138]]}, "properties": {"highway": "secondary", "tipo_via": "secundaria", "orden": "secundaria", "name": "Carepa - Apartad\u00f3", "ref": "", "surface": "", "maxspeed": "", "osm_id": 757081596, "source": "OSM"}}, {"type": "Feature", "geometry": {"type": "LineString", "coordinates": [[-76.6483383, 7.8246212], [-76.648242, 7.8249832], [-76.6480606, 7.8256788], [-76.6479193, 7.8262208], [-76.6478284, 7.826559], [-76.6473608, 7.8282982], [-76.6472742, 7.8286203], [-76.6470864, 7.8293138]]}, "properties": {"highway": "secondary", "tipo_via": "secundaria", "orden": "secundaria", "name": "Carepa - Apartad\u00f3", "ref": "62", "surface": "asphalt", "maxspeed": "", "osm_id": 757081597, "source": "OSM"}}, {"type": "Feature", "geometry": {"type": "LineString", "coordinates": [[-76.6484363, 7.824273], [-76.6483383, 7.8246212]]}, "properties": {"highway": "secondary", "tipo_via": "secundaria", "orden": "secundaria", "name": "Carepa - Apartad\u00f3", "ref": "62", "surface": "asphalt", "maxspeed": "", "osm_id": 757081598, "source": "OSM"}}, {"type": "Feature", "geometry": {"type": "LineString", "coordinates": [[-76.6539362, 7.7865564], [-76.6539578, 7.787012]]}, "properties": {"highway": "secondary", "tipo_via": "secundaria", "orden": "secundaria", "name": "Carepa - Apartad\u00f3", "ref": "", "surface": "asphalt", "maxspeed": "", "osm_id": 757081600, "source": "OSM"}}, {"type": "Feature", "geometry": {"type": "LineString", "coordinates": [[-76.6412765, 7.8511273], [-76.6409545, 7.852319]]}, "properties": {"highway": "secondary", "tipo_via": "secundaria", "orden": "secundaria", "name": "Carepa - Apartad\u00f3", "ref": "62", "surface": "asphalt", "maxspeed": "", "osm_id": 777509720, "source": "OSM"}}, {"type": "Feature", "geometry": {"type": "LineString", "coordinates": [[-76.6417555, 7.8515262], [-76.6418515, 7.8514732], [-76.6419399, 7.8514084], [-76.6420192, 7.8513329], [-76.642088, 7.851248], [-76.6421453, 7.851155], [-76.6421957, 7.8510404], [-76.6422285, 7.8509197], [-76.642243, 7.8507955], [-76.642239, 7.8506706]]}, "properties": {"highway": "trunk", "tipo_via": "troncal", "orden": "primaria", "name": "Apartad\u00f3 - Carepa", "ref": "62", "surface": "asphalt", "maxspeed": "", "osm_id": 777509721, "source": "OSM"}}, {"type": "Feature", "geometry": {"type": "LineString", "coordinates": [[-76.6334929, 7.8796685], [-76.6336448, 7.8791363]]}, "properties": {"highway": "secondary", "tipo_via": "secundaria", "orden": "secundaria", "name": "Carrera 100", "ref": "62", "surface": "asphalt", "maxspeed": "", "osm_id": 777827536, "source": "OSM"}}, {"type": "Feature", "geometry": {"type": "LineString", "coordinates": [[-76.3870409, 8.2870017], [-76.3868226, 8.2869197]]}, "properties": {"highway": "secondary", "tipo_via": "secundaria", "orden": "secundaria", "name": "Salida a Turbo", "ref": "", "surface": "paved", "maxspeed": "", "osm_id": 788015748, "source": "OSM"}}, {"type": "Feature", "geometry": {"type": "LineString", "coordinates": [[-76.395298, 8.2877719], [-76.39515, 8.287834], [-76.3946468, 8.2879466], [-76.3941108, 8.2879368], [-76.3937929, 8.2879977], [-76.392975, 8.288113], [-76.392559, 8.2881784], [-76.392326, 8.288215], [-76.391253, 8.288296], [-76.3910254, 8.2882928], [-76.390828, 8.28829], [-76.390704, 8.288267], [-76.3904261, 8.2881866], [-76.390393, 8.288177], [-76.389907, 8.287992], [-76.3891915, 8.2877196], [-76.38883, 8.287582], [-76.38764, 8.287128], [-76.387439, 8.28707], [-76.3870409, 8.2870017]]}, "properties": {"highway": "secondary", "tipo_via": "secundaria", "orden": "secundaria", "name": "Salida a Turbo", "ref": "", "surface": "", "maxspeed": "", "osm_id": 788015749, "source": "OSM"}}, {"type": "Feature", "geometry": {"type": "LineString", "coordinates": [[-76.663224, 8.0787885], [-76.6634122, 8.0793031]]}, "properties": {"highway": "trunk", "tipo_via": "troncal", "orden": "primaria", "name": "", "ref": "", "surface": "asphalt", "maxspeed": "", "osm_id": 788025394, "source": "OSM"}}, {"type": "Feature", "geometry": {"type": "LineString", "coordinates": [[-76.6607269, 8.0719753], [-76.660784, 8.0721823], [-76.6618558, 8.075096], [-76.6622409, 8.0761422], [-76.6628437, 8.0777668], [-76.663224, 8.0787885]]}, "properties": {"highway": "trunk", "tipo_via": "troncal", "orden": "primaria", "name": "", "ref": "", "surface": "asphalt", "maxspeed": "", "osm_id": 788025395, "source": "OSM"}}, {"type": "Feature", "geometry": {"type": "LineString", "coordinates": [[-76.5249559, 8.2036152], [-76.5251606, 8.2034097], [-76.525624, 8.2027926], [-76.5257769, 8.2025173], [-76.5257808, 8.2023301], [-76.5256655, 8.2021523], [-76.5255785, 8.2020289], [-76.5249093, 8.2016824], [-76.5247182, 8.2014753], [-76.5242555, 8.2004525], [-76.5240106, 8.1999733], [-76.5235439, 8.19939], [-76.5234835, 8.1992347], [-76.5234359, 8.1990707], [-76.5233535, 8.1989068], [-76.5232396, 8.1987794], [-76.5230249, 8.1986745], [-76.522811, 8.1985835], [-76.5224861, 8.198234], [-76.5224295, 8.1981695], [-76.5221394, 8.1978273], [-76.5219158, 8.1975635], [-76.5215576, 8.1971583], [-76.5213015, 8.1968693], [-76.5201678, 8.1955413], [-76.519824, 8.1945187], [-76.519646, 8.1936718], [-76.5195883, 8.1933051], [-76.5194754, 8.192954], [-76.5194443, 8.1927503], [-76.5194567, 8.1924637], [-76.5196873, 8.1916831], [-76.5197575, 8.1914231], [-76.5198512, 8.1911978], [-76.519889, 8.1909977], [-76.5198977, 8.1908284], [-76.5198708, 8.1906665], [-76.5198517, 8.1905277], [-76.5199499, 8.1903251], [-76.520123, 8.1900406], [-76.5202087, 8.1899495], [-76.5203252, 8.1899103], [-76.5204197, 8.1898955], [-76.5206059, 8.1898944], [-76.5207241, 8.1898653], [-76.5208082, 8.1898048], [-76.5208777, 8.1897321], [-76.521266, 8.1892118], [-76.5213264, 8.1891237], [-76.5213802, 8.1890337], [-76.5214144, 8.1889138], [-76.5214782, 8.1886386], [-76.5215373, 8.188552], [-76.5216457, 8.1884928], [-76.5217134, 8.1884376], [-76.5217764, 8.1883725], [-76.521818, 8.1882822], [-76.5218329, 8.1882245], [-76.5220469, 8.187395], [-76.5220675, 8.187276], [-76.5220639, 8.187143], [-76.5220369, 8.1870225], [-76.5219784, 8.1868997], [-76.5218957, 8.1867807], [-76.5218636, 8.1866505], [-76.5218864, 8.1865632], [-76.5219232, 8.1864865], [-76.5219831, 8.1864188], [-76.5222898, 8.1861503], [-76.5224135, 8.1860389], [-76.5225585, 8.185993], [-76.5231, 8.1859085], [-76.5235443, 8.1857509], [-76.5236084, 8.1857263], [-76.5238061, 8.1856504], [-76.5239151, 8.1856322], [-76.5242116, 8.1855828], [-76.5243648, 8.1855464], [-76.5244647, 8.1855248], [-76.52456, 8.1854999], [-76.5246302, 8.185466], [-76.524723, 8.1853888], [-76.5248128, 8.1853446], [-76.5249306, 8.1853154], [-76.5250634, 8.1853379], [-76.5252029, 8.185374], [-76.5253097, 8.1853773], [-76.5254216, 8.1853698], [-76.5255114, 8.185338], [-76.5257285, 8.1851235], [-76.5257918, 8.1850566], [-76.5258446, 8.1850247], [-76.5259132, 8.1850052], [-76.5260291, 8.1850193], [-76.5265536, 8.1851029], [-76.5267144, 8.1850831], [-76.5268434, 8.1850175], [-76.5269256, 8.1849667], [-76.5274205, 8.1847347], [-76.5275195, 8.1846968], [-76.5275714, 8.1846477], [-76.5276058, 8.1845541], [-76.5275976, 8.1844408], [-76.5275843, 8.1843984], [-76.5274091, 8.1838393], [-76.5273192, 8.1828583], [-76.5261525, 8.1797016], [-76.526135, 8.1795605], [-76.5261443, 8.1794452], [-76.5261526, 8.1794106], [-76.5261592, 8.1793833], [-76.5261691, 8.1793419], [-76.5262422, 8.1792034], [-76.5267412, 8.1781842], [-76.5267976, 8.1780795], [-76.5268319, 8.1779892], [-76.5268691, 8.1778311], [-76.5269339, 8.1769928], [-76.5269181, 8.1767652], [-76.5268601, 8.1764291], [-76.526805, 8.1762258], [-76.5267667, 8.1760246], [-76.5267921, 8.1759187], [-76.526819, 8.1757653], [-76.5268727, 8.17562], [-76.5269759, 8.1754484], [-76.5271922, 8.1753575], [-76.527397, 8.1752918], [-76.5275003, 8.17524], [-76.5276131, 8.1751504], [-76.5277411, 8.1750493], [-76.5284485, 8.1744767], [-76.5314954, 8.1735421], [-76.5323323, 8.1729049], [-76.5330619, 8.1720766], [-76.533491, 8.1709084], [-76.5350682, 8.1697455], [-76.5353054, 8.169634], [-76.5355897, 8.1696127], [-76.5362591, 8.1696977], [-76.5365714, 8.1696287], [-76.5367365, 8.1694853], [-76.5370744, 8.1686145], [-76.537804, 8.1680623], [-76.5380615, 8.16751], [-76.5387911, 8.1672764], [-76.539585, 8.1664268], [-76.5404862, 8.1660445], [-76.541505, 8.1652412], [-76.5418595, 8.1650064], [-76.5420243, 8.1648178], [-76.5421143, 8.1646797]]}, "properties": {"highway": "secondary", "tipo_via": "secundaria", "orden": "secundaria", "name": "", "ref": "", "surface": "", "maxspeed": "", "osm_id": 788031542, "source": "OSM"}}, {"type": "Feature", "geometry": {"type": "LineString", "coordinates": [[-76.5246598, 8.2040372], [-76.5249559, 8.2036152]]}, "properties": {"highway": "secondary", "tipo_via": "secundaria", "orden": "secundaria", "name": "", "ref": "", "surface": "", "maxspeed": "", "osm_id": 788031543, "source": "OSM"}}, {"type": "Feature", "geometry": {"type": "LineString", "coordinates": [[-76.6638504, 7.7392226], [-76.6650499, 7.7340033], [-76.6654433, 7.7323093], [-76.6664198, 7.7278454], [-76.666823, 7.7260828], [-76.6670314, 7.7251716], [-76.6676739, 7.7229187]]}, "properties": {"highway": "trunk", "tipo_via": "troncal", "orden": "primaria", "name": "Carepa - Chigorod\u00f3", "ref": "62", "surface": "asphalt", "maxspeed": "", "osm_id": 788040861, "source": "OSM"}}, {"type": "Feature", "geometry": {"type": "LineString", "coordinates": [[-76.6638026, 7.7394308], [-76.6638504, 7.7392226]]}, "properties": {"highway": "trunk", "tipo_via": "troncal", "orden": "primaria", "name": "Carepa - Chigorod\u00f3", "ref": "62", "surface": "asphalt", "maxspeed": "", "osm_id": 788040862, "source": "OSM"}}, {"type": "Feature", "geometry": {"type": "LineString", "coordinates": [[-76.6636532, 7.7394081], [-76.6633245, 7.740866], [-76.6633152, 7.7409077], [-76.6631891, 7.741472], [-76.6631153, 7.7417245], [-76.6630359, 7.7418659], [-76.662967, 7.7419371], [-76.6628635, 7.742031]]}, "properties": {"highway": "trunk", "tipo_via": "troncal", "orden": "primaria", "name": "Chigorod\u00f3 - Carepa", "ref": "62", "surface": "asphalt", "maxspeed": "", "osm_id": 788040863, "source": "OSM"}}, {"type": "Feature", "geometry": {"type": "LineString", "coordinates": [[-76.6637001, 7.7392002], [-76.6636532, 7.7394081]]}, "properties": {"highway": "trunk", "tipo_via": "troncal", "orden": "primaria", "name": "Chigorod\u00f3 - Carepa", "ref": "62", "surface": "asphalt", "maxspeed": "", "osm_id": 788040864, "source": "OSM"}}, {"type": "Feature", "geometry": {"type": "LineString", "coordinates": [[-76.6673415, 7.7229293], [-76.6662455, 7.7277949], [-76.665845, 7.7296223], [-76.6652614, 7.7322846], [-76.6648898, 7.7339363], [-76.6645058, 7.7356484], [-76.6639968, 7.737896], [-76.6637001, 7.7392002]]}, "properties": {"highway": "trunk", "tipo_via": "troncal", "orden": "primaria", "name": "Chigorod\u00f3 - Carepa", "ref": "62", "surface": "asphalt", "maxspeed": "", "osm_id": 788040865, "source": "OSM"}}, {"type": "Feature", "geometry": {"type": "LineString", "coordinates": [[-76.6673888, 7.7227196], [-76.6673415, 7.7229293]]}, "properties": {"highway": "trunk", "tipo_via": "troncal", "orden": "primaria", "name": "Chigorod\u00f3 - Carepa", "ref": "62", "surface": "asphalt", "maxspeed": "", "osm_id": 788040866, "source": "OSM"}}, {"type": "Feature", "geometry": {"type": "LineString", "coordinates": [[-76.6676739, 7.7229187], [-76.6677079, 7.7227996]]}, "properties": {"highway": "trunk", "tipo_via": "troncal", "orden": "primaria", "name": "Carepa - Chigorod\u00f3", "ref": "62", "surface": "asphalt", "maxspeed": "", "osm_id": 788040867, "source": "OSM"}}, {"type": "Feature", "geometry": {"type": "LineString", "coordinates": [[-76.6634534, 7.7420982], [-76.663407, 7.7419929], [-76.6633527, 7.7418746], [-76.6633205, 7.7417723], [-76.6633098, 7.7416474], [-76.6633286, 7.7414932], [-76.6638026, 7.7394308]]}, "properties": {"highway": "trunk", "tipo_via": "troncal", "orden": "primaria", "name": "Carepa - Chigorod\u00f3", "ref": "62", "surface": "asphalt", "maxspeed": "", "osm_id": 788040868, "source": "OSM"}}, {"type": "Feature", "geometry": {"type": "LineString", "coordinates": [[-76.6627417, 7.743473], [-76.6627079, 7.7436216], [-76.6626996, 7.7436579]]}, "properties": {"highway": "secondary", "tipo_via": "secundaria", "orden": "secundaria", "name": "Chigorod\u00f3 - Carepa", "ref": "62", "surface": "concrete:plates", "maxspeed": "", "osm_id": 788040873, "source": "OSM"}}, {"type": "Feature", "geometry": {"type": "LineString", "coordinates": [[-76.6627833, 7.7432901], [-76.6627417, 7.743473]]}, "properties": {"highway": "secondary", "tipo_via": "secundaria", "orden": "secundaria", "name": "Chigorod\u00f3 - Carepa", "ref": "62", "surface": "", "maxspeed": "", "osm_id": 788040874, "source": "OSM"}}, {"type": "Feature", "geometry": {"type": "LineString", "coordinates": [[-76.5774527, 7.4977392], [-76.578099, 7.4980356], [-76.5784983, 7.4982908], [-76.5787135, 7.4984914], [-76.5789028, 7.4987295], [-76.579054, 7.4989937], [-76.5796083, 7.4999134], [-76.5806118, 7.501553], [-76.5839471, 7.506887], [-76.5843891, 7.5076059], [-76.5849624, 7.5084925], [-76.5853395, 7.5089544], [-76.5862577, 7.5098958], [-76.5892866, 7.5130589], [-76.5901726, 7.5139678], [-76.5934714, 7.5172773], [-76.5941038, 7.5179188]]}, "properties": {"highway": "trunk", "tipo_via": "troncal", "orden": "primaria", "name": "Mutat\u00e1 - Chigorod\u00f3", "ref": "62", "surface": "asphalt", "maxspeed": "", "osm_id": 799425560, "source": "OSM"}}, {"type": "Feature", "geometry": {"type": "LineString", "coordinates": [[-76.6414826, 7.8503953], [-76.6412765, 7.8511273]]}, "properties": {"highway": "trunk", "tipo_via": "troncal", "orden": "primaria", "name": "Carepa - Apartad\u00f3", "ref": "62", "surface": "asphalt", "maxspeed": "", "osm_id": 812657699, "source": "OSM"}}, {"type": "Feature", "geometry": {"type": "LineString", "coordinates": [[-76.6324287, 7.883], [-76.6323985, 7.8834162]]}, "properties": {"highway": "secondary", "tipo_via": "secundaria", "orden": "secundaria", "name": "Carrera 100", "ref": "62", "surface": "asphalt", "maxspeed": "", "osm_id": 835186898, "source": "OSM"}}, {"type": "Feature", "geometry": {"type": "LineString", "coordinates": [[-76.6325314, 7.8830361], [-76.6327087, 7.882415]]}, "properties": {"highway": "secondary", "tipo_via": "secundaria", "orden": "secundaria", "name": "Carrera 100", "ref": "62", "surface": "asphalt", "maxspeed": "", "osm_id": 835186899, "source": "OSM"}}, {"type": "Feature", "geometry": {"type": "LineString", "coordinates": [[-76.632604, 7.8823823], [-76.6324287, 7.883]]}, "properties": {"highway": "secondary", "tipo_via": "secundaria", "orden": "secundaria", "name": "Carrera 100", "ref": "62", "surface": "asphalt", "maxspeed": "", "osm_id": 835186901, "source": "OSM"}}, {"type": "Feature", "geometry": {"type": "LineString", "coordinates": [[-76.6327087, 7.882415], [-76.6329167, 7.8816866]]}, "properties": {"highway": "secondary", "tipo_via": "secundaria", "orden": "secundaria", "name": "Carrera 100", "ref": "62", "surface": "asphalt", "maxspeed": "", "osm_id": 835186903, "source": "OSM"}}, {"type": "Feature", "geometry": {"type": "LineString", "coordinates": [[-76.6328094, 7.881656], [-76.632604, 7.8823823]]}, "properties": {"highway": "secondary", "tipo_via": "secundaria", "orden": "secundaria", "name": "Carrera 100", "ref": "62", "surface": "asphalt", "maxspeed": "", "osm_id": 835186905, "source": "OSM"}}, {"type": "Feature", "geometry": {"type": "LineString", "coordinates": [[-76.6329167, 7.8816866], [-76.6331457, 7.8808845]]}, "properties": {"highway": "secondary", "tipo_via": "secundaria", "orden": "secundaria", "name": "Carrera 100", "ref": "62", "surface": "asphalt", "maxspeed": "", "osm_id": 835186906, "source": "OSM"}}, {"type": "Feature", "geometry": {"type": "LineString", "coordinates": [[-76.6331931, 7.8802996], [-76.6330357, 7.8808559]]}, "properties": {"highway": "secondary", "tipo_via": "secundaria", "orden": "secundaria", "name": "Carrera 100", "ref": "62", "surface": "asphalt", "maxspeed": "", "osm_id": 835186909, "source": "OSM"}}, {"type": "Feature", "geometry": {"type": "LineString", "coordinates": [[-76.6333052, 7.8803259], [-76.6334929, 7.8796685]]}, "properties": {"highway": "secondary", "tipo_via": "secundaria", "orden": "secundaria", "name": "Carrera 100", "ref": "62", "surface": "asphalt", "maxspeed": "", "osm_id": 835186911, "source": "OSM"}}, {"type": "Feature", "geometry": {"type": "LineString", "coordinates": [[-76.6333636, 7.8796966], [-76.6333327, 7.8798252], [-76.6331931, 7.8802996]]}, "properties": {"highway": "secondary", "tipo_via": "secundaria", "orden": "secundaria", "name": "Carrera 100", "ref": "62", "surface": "asphalt", "maxspeed": "", "osm_id": 835186912, "source": "OSM"}}, {"type": "Feature", "geometry": {"type": "LineString", "coordinates": [[-76.6335313, 7.8791038], [-76.6333636, 7.8796966]]}, "properties": {"highway": "secondary", "tipo_via": "secundaria", "orden": "secundaria", "name": "Carrera 100", "ref": "62", "surface": "asphalt", "maxspeed": "", "osm_id": 835186914, "source": "OSM"}}, {"type": "Feature", "geometry": {"type": "LineString", "coordinates": [[-76.6336448, 7.8791363], [-76.6337319, 7.8788314], [-76.633821, 7.8785194]]}, "properties": {"highway": "secondary", "tipo_via": "secundaria", "orden": "secundaria", "name": "Carrera 100", "ref": "62", "surface": "asphalt", "maxspeed": "", "osm_id": 835186916, "source": "OSM"}}, {"type": "Feature", "geometry": {"type": "LineString", "coordinates": [[-76.6339946, 7.8779113], [-76.6340539, 7.8775343]]}, "properties": {"highway": "secondary", "tipo_via": "secundaria", "orden": "secundaria", "name": "Carrera 100", "ref": "62", "surface": "asphalt", "maxspeed": "", "osm_id": 835186917, "source": "OSM"}}, {"type": "Feature", "geometry": {"type": "LineString", "coordinates": [[-76.6338779, 7.8778785], [-76.6337056, 7.8784876]]}, "properties": {"highway": "secondary", "tipo_via": "secundaria", "orden": "secundaria", "name": "Carrera 100", "ref": "62", "surface": "asphalt", "maxspeed": "", "osm_id": 835186919, "source": "OSM"}}, {"type": "Feature", "geometry": {"type": "LineString", "coordinates": [[-76.633821, 7.8785194], [-76.6339946, 7.8779113]]}, "properties": {"highway": "secondary", "tipo_via": "secundaria", "orden": "secundaria", "name": "Carrera 100", "ref": "62", "surface": "asphalt", "maxspeed": "", "osm_id": 835186921, "source": "OSM"}}, {"type": "Feature", "geometry": {"type": "LineString", "coordinates": [[-76.6337056, 7.8784876], [-76.6335313, 7.8791038]]}, "properties": {"highway": "secondary", "tipo_via": "secundaria", "orden": "secundaria", "name": "Carrera 100", "ref": "62", "surface": "asphalt", "maxspeed": "", "osm_id": 835186922, "source": "OSM"}}, {"type": "Feature", "geometry": {"type": "LineString", "coordinates": [[-76.6331457, 7.8808845], [-76.6333052, 7.8803259]]}, "properties": {"highway": "secondary", "tipo_via": "secundaria", "orden": "secundaria", "name": "Carrera 100", "ref": "62", "surface": "asphalt", "maxspeed": "", "osm_id": 835186924, "source": "OSM"}}, {"type": "Feature", "geometry": {"type": "LineString", "coordinates": [[-76.6330357, 7.8808559], [-76.6328094, 7.881656]]}, "properties": {"highway": "secondary", "tipo_via": "secundaria", "orden": "secundaria", "name": "Carrera 100", "ref": "62", "surface": "asphalt", "maxspeed": "", "osm_id": 835186925, "source": "OSM"}}, {"type": "Feature", "geometry": {"type": "LineString", "coordinates": [[-76.6243233, 7.9140756], [-76.6244568, 7.9140302], [-76.6245951, 7.9140015], [-76.6247359, 7.9139896], [-76.6248771, 7.9139948]]}, "properties": {"highway": "trunk", "tipo_via": "troncal", "orden": "primaria", "name": "Variante de Apartad\u00f3", "ref": "62", "surface": "asphalt", "maxspeed": "", "osm_id": 857032883, "source": "OSM"}}, {"type": "Feature", "geometry": {"type": "LineString", "coordinates": [[-76.6248771, 7.9139948], [-76.6247715, 7.9139665], [-76.6246723, 7.9139226], [-76.6245839, 7.9138598], [-76.6245099, 7.9137809], [-76.6244465, 7.9136902]]}, "properties": {"highway": "trunk", "tipo_via": "troncal", "orden": "primaria", "name": "Variante de Apartad\u00f3", "ref": "62", "surface": "asphalt", "maxspeed": "", "osm_id": 857032884, "source": "OSM"}}, {"type": "Feature", "geometry": {"type": "LineString", "coordinates": [[-76.6248771, 7.9139948], [-76.6281742, 7.9148989], [-76.6285671, 7.91496], [-76.6288917, 7.9149507], [-76.6292163, 7.9149188], [-76.6293906, 7.914883], [-76.6295665, 7.9148568], [-76.6305104, 7.9144805], [-76.630953, 7.9142122], [-76.631425, 7.9137871], [-76.6379175, 7.906112]]}, "properties": {"highway": "trunk", "tipo_via": "troncal", "orden": "primaria", "name": "Variante de Apartad\u00f3", "ref": "62", "surface": "asphalt", "maxspeed": "", "osm_id": 857032885, "source": "OSM"}}, {"type": "Feature", "geometry": {"type": "LineString", "coordinates": [[-76.6321665, 7.8842147], [-76.6320513, 7.8844486], [-76.631844, 7.8851737]]}, "properties": {"highway": "secondary", "tipo_via": "secundaria", "orden": "secundaria", "name": "Carrera 100", "ref": "62", "surface": "asphalt", "maxspeed": "", "osm_id": 863436085, "source": "OSM"}}, {"type": "Feature", "geometry": {"type": "LineString", "coordinates": [[-76.631844, 7.8851737], [-76.6318228, 7.8852486], [-76.6316704, 7.8857873]]}, "properties": {"highway": "secondary", "tipo_via": "secundaria", "orden": "secundaria", "name": "Carrera 100", "ref": "62", "surface": "asphalt", "maxspeed": "", "osm_id": 863436086, "source": "OSM"}}, {"type": "Feature", "geometry": {"type": "LineString", "coordinates": [[-76.6319228, 7.8851956], [-76.6321378, 7.8844771], [-76.6321665, 7.8842147]]}, "properties": {"highway": "secondary", "tipo_via": "secundaria", "orden": "secundaria", "name": "Carrera 100", "ref": "62", "surface": "asphalt", "maxspeed": "", "osm_id": 863436088, "source": "OSM"}}, {"type": "Feature", "geometry": {"type": "LineString", "coordinates": [[-76.6316704, 7.8857873], [-76.6315034, 7.8863772]]}, "properties": {"highway": "secondary", "tipo_via": "secundaria", "orden": "secundaria", "name": "Carrera 100", "ref": "62", "surface": "asphalt", "maxspeed": "", "osm_id": 863436090, "source": "OSM"}}, {"type": "Feature", "geometry": {"type": "LineString", "coordinates": [[-76.6317489, 7.8858102], [-76.6319018, 7.8852701], [-76.6319228, 7.8851956]]}, "properties": {"highway": "secondary", "tipo_via": "secundaria", "orden": "secundaria", "name": "Carrera 100", "ref": "62", "surface": "asphalt", "maxspeed": "", "osm_id": 863436092, "source": "OSM"}}, {"type": "Feature", "geometry": {"type": "LineString", "coordinates": [[-76.6315034, 7.8863772], [-76.6313659, 7.8868633]]}, "properties": {"highway": "secondary", "tipo_via": "secundaria", "orden": "secundaria", "name": "Carrera 100", "ref": "62", "surface": "asphalt", "maxspeed": "", "osm_id": 863436094, "source": "OSM"}}, {"type": "Feature", "geometry": {"type": "LineString", "coordinates": [[-76.6315813, 7.8864024], [-76.6317489, 7.8858102]]}, "properties": {"highway": "secondary", "tipo_via": "secundaria", "orden": "secundaria", "name": "Carrera 100", "ref": "62", "surface": "asphalt", "maxspeed": "", "osm_id": 863436095, "source": "OSM"}}, {"type": "Feature", "geometry": {"type": "LineString", "coordinates": [[-76.6313659, 7.8868633], [-76.6310931, 7.8878724]]}, "properties": {"highway": "secondary", "tipo_via": "secundaria", "orden": "secundaria", "name": "Carrera 100", "ref": "62", "surface": "asphalt", "maxspeed": "", "osm_id": 863436097, "source": "OSM"}}, {"type": "Feature", "geometry": {"type": "LineString", "coordinates": [[-76.6314445, 7.886886], [-76.6315813, 7.8864024]]}, "properties": {"highway": "secondary", "tipo_via": "secundaria", "orden": "secundaria", "name": "Carrera 100", "ref": "62", "surface": "asphalt", "maxspeed": "", "osm_id": 863436098, "source": "OSM"}}, {"type": "Feature", "geometry": {"type": "LineString", "coordinates": [[-76.6310931, 7.8878724], [-76.6310027, 7.8882038], [-76.6309173, 7.8885022]]}, "properties": {"highway": "secondary", "tipo_via": "secundaria", "orden": "secundaria", "name": "Carrera 100", "ref": "62", "surface": "asphalt", "maxspeed": "", "osm_id": 863436100, "source": "OSM"}}, {"type": "Feature", "geometry": {"type": "LineString", "coordinates": [[-76.6311661, 7.8878948], [-76.6311905, 7.8878062], [-76.6313144, 7.8873565], [-76.6314445, 7.886886]]}, "properties": {"highway": "secondary", "tipo_via": "secundaria", "orden": "secundaria", "name": "Carrera 100", "ref": "62", "surface": "asphalt", "maxspeed": "", "osm_id": 863436101, "source": "OSM"}}, {"type": "Feature", "geometry": {"type": "LineString", "coordinates": [[-76.6309173, 7.8885022], [-76.6308485, 7.8887685], [-76.6306674, 7.8894543], [-76.6306773, 7.8895543]]}, "properties": {"highway": "secondary", "tipo_via": "secundaria", "orden": "secundaria", "name": "Carrera 100", "ref": "62", "surface": "asphalt", "maxspeed": "", "osm_id": 863436103, "source": "OSM"}}, {"type": "Feature", "geometry": {"type": "LineString", "coordinates": [[-76.6309924, 7.8885245], [-76.6310753, 7.8882244], [-76.6311661, 7.8878948]]}, "properties": {"highway": "secondary", "tipo_via": "secundaria", "orden": "secundaria", "name": "Carrera 100", "ref": "62", "surface": "asphalt", "maxspeed": "", "osm_id": 863436104, "source": "OSM"}}, {"type": "Feature", "geometry": {"type": "LineString", "coordinates": [[-76.6433825, 8.0128777], [-76.6434388, 8.0127528], [-76.6435176, 8.0126405], [-76.6436161, 8.0125446], [-76.6437297, 8.0124663]]}, "properties": {"highway": "trunk", "tipo_via": "troncal", "orden": "primaria", "name": "Variante de Currulao", "ref": "62", "surface": "asphalt", "maxspeed": "", "osm_id": 867829807, "source": "OSM"}}, {"type": "Feature", "geometry": {"type": "LineString", "coordinates": [[-76.6437297, 8.0124663], [-76.6436502, 8.0124996], [-76.6435663, 8.0125195], [-76.6434803, 8.0125254], [-76.6433944, 8.0125172], [-76.643311, 8.0124952], [-76.6432325, 8.0124598]]}, "properties": {"highway": "trunk", "tipo_via": "troncal", "orden": "primaria", "name": "Variante de Currulao", "ref": "62", "surface": "asphalt", "maxspeed": "", "osm_id": 867829808, "source": "OSM"}}, {"type": "Feature", "geometry": {"type": "LineString", "coordinates": [[-76.6294064, 7.9673332], [-76.6295052, 7.9674303], [-76.6295736, 7.9674934], [-76.6296688, 7.9675797], [-76.6297252, 7.9676574], [-76.6298231, 7.9678666]]}, "properties": {"highway": "secondary", "tipo_via": "secundaria", "orden": "secundaria", "name": "Apartad\u00f3 - Turbo", "ref": "62", "surface": "", "maxspeed": "", "osm_id": 867830575, "source": "OSM"}}, {"type": "Feature", "geometry": {"type": "LineString", "coordinates": [[-76.6298231, 7.9678666], [-76.6298204, 7.9677424], [-76.6298331, 7.9676315], [-76.6298492, 7.9675379], [-76.6298767, 7.9674489], [-76.6299082, 7.9673531]]}, "properties": {"highway": "secondary", "tipo_via": "secundaria", "orden": "secundaria", "name": "Apartad\u00f3 - Turbo", "ref": "62", "surface": "", "maxspeed": "", "osm_id": 867830576, "source": "OSM"}}, {"type": "Feature", "geometry": {"type": "LineString", "coordinates": [[-76.6305862, 7.9666733], [-76.6304091, 7.9667237], [-76.6303213, 7.9667463], [-76.6302616, 7.966749], [-76.6301932, 7.9667476], [-76.6301288, 7.9667377], [-76.6300772, 7.9667204], [-76.6299995, 7.9666769]]}, "properties": {"highway": "trunk", "tipo_via": "troncal", "orden": "primaria", "name": "Variante de Currulao", "ref": "62", "surface": "asphalt", "maxspeed": "", "osm_id": 867830577, "source": "OSM"}}, {"type": "Feature", "geometry": {"type": "LineString", "coordinates": [[-76.6301028, 7.9670946], [-76.6302053, 7.9669502], [-76.6302294, 7.9669157], [-76.6302723, 7.9668678], [-76.6303327, 7.9668174], [-76.6304239, 7.9667609], [-76.6305392, 7.9666978], [-76.6305862, 7.9666733]]}, "properties": {"highway": "trunk", "tipo_via": "troncal", "orden": "primaria", "name": "Variante de Currulao", "ref": "62", "surface": "asphalt", "maxspeed": "", "osm_id": 867830578, "source": "OSM"}}, {"type": "Feature", "geometry": {"type": "LineString", "coordinates": [[-76.6008369, 7.5274403], [-76.6009073, 7.5275834]]}, "properties": {"highway": "trunk", "tipo_via": "troncal", "orden": "primaria", "name": "Mutat\u00e1 - Chigorod\u00f3", "ref": "62", "surface": "asphalt", "maxspeed": "", "osm_id": 886779076, "source": "OSM"}}, {"type": "Feature", "geometry": {"type": "LineString", "coordinates": [[-76.6009073, 7.5275834], [-76.6074794, 7.5409595]]}, "properties": {"highway": "trunk", "tipo_via": "troncal", "orden": "primaria", "name": "Mutat\u00e1 - Chigorod\u00f3", "ref": "62", "surface": "asphalt", "maxspeed": "", "osm_id": 886779077, "source": "OSM"}}, {"type": "Feature", "geometry": {"type": "LineString", "coordinates": [[-76.6074794, 7.5409595], [-76.60756, 7.5411235]]}, "properties": {"highway": "trunk", "tipo_via": "troncal", "orden": "primaria", "name": "Mutat\u00e1 - Chigorod\u00f3", "ref": "62", "surface": "asphalt", "maxspeed": "", "osm_id": 886779078, "source": "OSM"}}, {"type": "Feature", "geometry": {"type": "LineString", "coordinates": [[-76.60756, 7.5411235], [-76.6087646, 7.5435751], [-76.611156, 7.5484445], [-76.6143408, 7.5549295], [-76.6150867, 7.5564483], [-76.6151547, 7.5567439], [-76.6151929, 7.5570688], [-76.615199, 7.5576397], [-76.6152019, 7.557914]]}, "properties": {"highway": "trunk", "tipo_via": "troncal", "orden": "primaria", "name": "Mutat\u00e1 - Chigorod\u00f3", "ref": "62", "surface": "asphalt", "maxspeed": "", "osm_id": 886779079, "source": "OSM"}}, {"type": "Feature", "geometry": {"type": "LineString", "coordinates": [[-76.6185236, 7.5678826], [-76.6193144, 7.5686643], [-76.6264315, 7.5757509], [-76.6268092, 7.576239], [-76.627462, 7.5774578]]}, "properties": {"highway": "trunk", "tipo_via": "troncal", "orden": "primaria", "name": "Mutat\u00e1 - Chigorod\u00f3", "ref": "62", "surface": "asphalt", "maxspeed": "", "osm_id": 886779082, "source": "OSM"}}, {"type": "Feature", "geometry": {"type": "LineString", "coordinates": [[-76.627462, 7.5774578], [-76.6307688, 7.5836316]]}, "properties": {"highway": "trunk", "tipo_via": "troncal", "orden": "primaria", "name": "Mutat\u00e1 - Chigorod\u00f3", "ref": "62", "surface": "asphalt", "maxspeed": "", "osm_id": 886779101, "source": "OSM"}}, {"type": "Feature", "geometry": {"type": "LineString", "coordinates": [[-76.6152124, 7.5587448], [-76.6152092, 7.5601492], [-76.6153246, 7.5613477], [-76.6155905, 7.561962], [-76.6170567, 7.5653494]]}, "properties": {"highway": "trunk", "tipo_via": "troncal", "orden": "primaria", "name": "Mutat\u00e1 - Chigorod\u00f3", "ref": "62", "surface": "asphalt", "maxspeed": "", "osm_id": 886779105, "source": "OSM"}}, {"type": "Feature", "geometry": {"type": "LineString", "coordinates": [[-76.6349234, 7.8743558], [-76.6346152, 7.8754825], [-76.6345923, 7.8755661], [-76.6345707, 7.8756452], [-76.6345178, 7.8758383], [-76.6344912, 7.8759359], [-76.6343027, 7.876625], [-76.6342575, 7.8767899], [-76.6341003, 7.8773648], [-76.6340539, 7.8775343]]}, "properties": {"highway": "secondary", "tipo_via": "secundaria", "orden": "secundaria", "name": "Carepa - Apartad\u00f3", "ref": "62", "surface": "asphalt", "maxspeed": "90", "osm_id": 886790234, "source": "OSM"}}, {"type": "Feature", "geometry": {"type": "LineString", "coordinates": [[-76.6388138, 7.8601339], [-76.6387374, 7.860413], [-76.6384086, 7.8616153]]}, "properties": {"highway": "secondary", "tipo_via": "secundaria", "orden": "secundaria", "name": "Carepa - Apartad\u00f3", "ref": "62", "surface": "asphalt", "maxspeed": "90", "osm_id": 886790240, "source": "OSM"}}, {"type": "Feature", "geometry": {"type": "LineString", "coordinates": [[-76.6384086, 7.8616153], [-76.6381257, 7.8626495], [-76.6375449, 7.8647725]]}, "properties": {"highway": "secondary", "tipo_via": "secundaria", "orden": "secundaria", "name": "Carepa - Apartad\u00f3", "ref": "62", "surface": "asphalt", "maxspeed": "90", "osm_id": 886790241, "source": "OSM"}}, {"type": "Feature", "geometry": {"type": "LineString", "coordinates": [[-76.6395748, 7.8573519], [-76.6393589, 7.8581411], [-76.6388138, 7.8601339]]}, "properties": {"highway": "secondary", "tipo_via": "secundaria", "orden": "secundaria", "name": "Carepa - Apartad\u00f3", "ref": "62", "surface": "asphalt", "maxspeed": "90", "osm_id": 886790262, "source": "OSM"}}, {"type": "Feature", "geometry": {"type": "LineString", "coordinates": [[-76.6375449, 7.8647725], [-76.6370325, 7.8666456], [-76.6368456, 7.8673288], [-76.6368105, 7.8674574], [-76.6363216, 7.8692445], [-76.635834, 7.8710269], [-76.6356814, 7.8715849], [-76.635658, 7.8716704], [-76.6353366, 7.8728451], [-76.6350382, 7.873936], [-76.6349234, 7.8743558]]}, "properties": {"highway": "secondary", "tipo_via": "secundaria", "orden": "secundaria", "name": "Carepa - Apartad\u00f3", "ref": "62", "surface": "asphalt", "maxspeed": "90", "osm_id": 886790263, "source": "OSM"}}, {"type": "Feature", "geometry": {"type": "LineString", "coordinates": [[-76.645441, 8.0216224], [-76.6456345, 8.0222894], [-76.6457699, 8.0227565], [-76.6458585, 8.0230556]]}, "properties": {"highway": "trunk", "tipo_via": "troncal", "orden": "primaria", "name": "Apartad\u00f3 - Turbo", "ref": "62", "surface": "asphalt", "maxspeed": "", "osm_id": 886842978, "source": "OSM"}}, {"type": "Feature", "geometry": {"type": "LineString", "coordinates": [[-76.644504, 8.0183921], [-76.645441, 8.0216224]]}, "properties": {"highway": "trunk", "tipo_via": "troncal", "orden": "primaria", "name": "Apartad\u00f3 - Turbo", "ref": "62", "surface": "asphalt", "maxspeed": "", "osm_id": 886842979, "source": "OSM"}}, {"type": "Feature", "geometry": {"type": "LineString", "coordinates": [[-76.6474395, 8.0280591], [-76.6474003, 8.027883], [-76.6463649, 8.0242815], [-76.6459116, 8.022765], [-76.6445732, 8.0181569], [-76.643444, 8.0142074], [-76.6432309, 8.0135226], [-76.6432136, 8.0132938], [-76.6432649, 8.0130881]]}, "properties": {"highway": "trunk", "tipo_via": "troncal", "orden": "primaria", "name": "Turbo - Apartad\u00f3", "ref": "62", "surface": "asphalt", "maxspeed": "", "osm_id": 886842985, "source": "OSM"}}, {"type": "Feature", "geometry": {"type": "LineString", "coordinates": [[-76.6458585, 8.0230556], [-76.6462295, 8.0243091], [-76.6473447, 8.0280328]]}, "properties": {"highway": "trunk", "tipo_via": "troncal", "orden": "primaria", "name": "Apartad\u00f3 - Turbo", "ref": "62", "surface": "asphalt", "maxspeed": "", "osm_id": 886842986, "source": "OSM"}}, {"type": "Feature", "geometry": {"type": "LineString", "coordinates": [[-76.6473447, 8.0280328], [-76.6477478, 8.0294002], [-76.6479714, 8.0301105], [-76.6484917, 8.0317997], [-76.6494003, 8.0348276], [-76.6497787, 8.0361152], [-76.6498561, 8.0363787], [-76.6499718, 8.0367722], [-76.6501058, 8.0372279], [-76.6505815, 8.0388675], [-76.6505905, 8.0388988], [-76.6510588, 8.040513], [-76.6515115, 8.0420734], [-76.6523623, 8.0449947], [-76.6527104, 8.0459955], [-76.653175, 8.0474093], [-76.6536096, 8.0487686], [-76.6537383, 8.0491603], [-76.6541566, 8.0503839], [-76.6543042, 8.0508524], [-76.6548193, 8.0524309], [-76.6557364, 8.0551801], [-76.6558995, 8.0556896], [-76.6559612, 8.0558834], [-76.6561121, 8.0563668], [-76.6562596, 8.056801], [-76.6564098, 8.0572644], [-76.6566083, 8.0578487], [-76.6580464, 8.0622539], [-76.6583253, 8.0630886], [-76.6583625, 8.0633513], [-76.6583832, 8.0636082], [-76.6583818, 8.0639573], [-76.6583787, 8.0648119], [-76.6583851, 8.0651803]]}, "properties": {"highway": "trunk", "tipo_via": "troncal", "orden": "primaria", "name": "Apartad\u00f3 - Turbo", "ref": "62", "surface": "asphalt", "maxspeed": "", "osm_id": 886842987, "source": "OSM"}}, {"type": "Feature", "geometry": {"type": "LineString", "coordinates": [[-76.6486633, 8.03205], [-76.6482342, 8.0306148], [-76.6481158, 8.0302956]]}, "properties": {"highway": "trunk", "tipo_via": "troncal", "orden": "primaria", "name": "Turbo - Apartad\u00f3", "ref": "62", "surface": "asphalt", "maxspeed": "", "osm_id": 886842995, "source": "OSM"}}, {"type": "Feature", "geometry": {"type": "LineString", "coordinates": [[-76.6481158, 8.0302956], [-76.6480782, 8.0301759], [-76.647818, 8.0293473], [-76.6475625, 8.0284356], [-76.6475141, 8.0282622], [-76.6474395, 8.0280591]]}, "properties": {"highway": "trunk", "tipo_via": "troncal", "orden": "primaria", "name": "Turbo - Apartad\u00f3", "ref": "62", "surface": "asphalt", "maxspeed": "", "osm_id": 886842996, "source": "OSM"}}, {"type": "Feature", "geometry": {"type": "LineString", "coordinates": [[-76.6534496, 8.047741], [-76.6532958, 8.0473823], [-76.6531684, 8.0470397], [-76.652872, 8.0461155], [-76.6514638, 8.0414465], [-76.650062, 8.0367171], [-76.6486633, 8.03205]]}, "properties": {"highway": "trunk", "tipo_via": "troncal", "orden": "primaria", "name": "Turbo - Apartad\u00f3", "ref": "62", "surface": "asphalt", "maxspeed": "", "osm_id": 886843004, "source": "OSM"}}, {"type": "Feature", "geometry": {"type": "LineString", "coordinates": [[-76.6550717, 8.0522003], [-76.6546929, 8.0507613], [-76.6545138, 8.0502539], [-76.6534496, 8.047741]]}, "properties": {"highway": "trunk", "tipo_via": "troncal", "orden": "primaria", "name": "Turbo - Apartad\u00f3", "ref": "62", "surface": "asphalt", "maxspeed": "", "osm_id": 886843075, "source": "OSM"}}, {"type": "Feature", "geometry": {"type": "LineString", "coordinates": [[-76.6561161, 8.0561012], [-76.6558988, 8.0553655], [-76.6555434, 8.0541306], [-76.6553731, 8.0534574], [-76.6552256, 8.0528665], [-76.6550717, 8.0522003]]}, "properties": {"highway": "trunk", "tipo_via": "troncal", "orden": "primaria", "name": "Turbo - Apartad\u00f3", "ref": "62", "surface": "asphalt", "maxspeed": "", "osm_id": 886843076, "source": "OSM"}}, {"type": "Feature", "geometry": {"type": "LineString", "coordinates": [[-76.6570909, 8.059059], [-76.6568731, 8.0584074], [-76.6561161, 8.0561012]]}, "properties": {"highway": "trunk", "tipo_via": "troncal", "orden": "primaria", "name": "Turbo - Apartad\u00f3", "ref": "62", "surface": "asphalt", "maxspeed": "", "osm_id": 886843077, "source": "OSM"}}, {"type": "Feature", "geometry": {"type": "LineString", "coordinates": [[-76.7035606, 8.1303938], [-76.7039961, 8.1305905], [-76.7042267, 8.1306946], [-76.706825, 8.1318447], [-76.7068802, 8.1318691]]}, "properties": {"highway": "trunk", "tipo_via": "troncal", "orden": "primaria", "name": "V\u00eda Turbo - Necocl\u00ed", "ref": "90", "surface": "asphalt", "maxspeed": "80", "osm_id": 890919431, "source": "OSM"}}, {"type": "Feature", "geometry": {"type": "LineString", "coordinates": [[-76.6986091, 8.1281715], [-76.6999286, 8.128761], [-76.701914, 8.1296512], [-76.7022469, 8.1298005], [-76.702556, 8.1299422], [-76.7031964, 8.1302359], [-76.7035606, 8.1303938]]}, "properties": {"highway": "trunk", "tipo_via": "troncal", "orden": "primaria", "name": "V\u00eda Turbo - Necocl\u00ed", "ref": "90", "surface": "asphalt", "maxspeed": "80", "osm_id": 890919432, "source": "OSM"}}, {"type": "Feature", "geometry": {"type": "LineString", "coordinates": [[-76.7284291, 8.4811364], [-76.7264932, 8.4814824], [-76.7260338, 8.48157], [-76.725058, 8.4817562], [-76.7244503, 8.4818722], [-76.7243002, 8.481958], [-76.7217554, 8.4834401], [-76.721566, 8.4835973], [-76.7212862, 8.4838144], [-76.7211178, 8.4840509], [-76.7208643, 8.4845608], [-76.7207789, 8.48483], [-76.7205778, 8.4854641], [-76.7204858, 8.4858062], [-76.7202704, 8.4865062], [-76.7202354, 8.4867139], [-76.7201498, 8.487334], [-76.7200287, 8.4879813], [-76.7197837, 8.4884532], [-76.719484, 8.4887998], [-76.7191465, 8.4890724], [-76.7188141, 8.4892685], [-76.7182912, 8.48951], [-76.7181967, 8.4895167], [-76.717658, 8.4897911], [-76.7172, 8.4902134], [-76.7168587, 8.4908363], [-76.7166333, 8.4914719], [-76.7160859, 8.4927601]]}, "properties": {"highway": "trunk", "tipo_via": "troncal", "orden": "primaria", "name": "Arboletes-Turbo", "ref": "90", "surface": "asphalt", "maxspeed": "", "osm_id": 936232809, "source": "OSM"}}, {"type": "Feature", "geometry": {"type": "LineString", "coordinates": [[-76.7529543, 8.4543912], [-76.752782, 8.4544747], [-76.752566, 8.454612], [-76.752402, 8.454723], [-76.7520759, 8.4549851], [-76.751327, 8.455587], [-76.751058, 8.455787], [-76.7508647, 8.455936], [-76.750478, 8.456243], [-76.749905, 8.456726], [-76.749765, 8.456864], [-76.749631, 8.457004], [-76.74948, 8.457214], [-76.7493172, 8.4576003], [-76.7492169, 8.4579533], [-76.749114, 8.4582937], [-76.749055, 8.458476], [-76.748997, 8.458644], [-76.748938, 8.45885], [-76.7488319, 8.4590417], [-76.748662, 8.459234], [-76.74833, 8.459548], [-76.748138, 8.45969], [-76.7478568, 8.4598392], [-76.747609, 8.459919], [-76.7394994, 8.461595], [-76.739164, 8.4617126], [-76.7386593, 8.4620794], [-76.7370242, 8.4637319], [-76.7356477, 8.465165], [-76.7353781, 8.4658364], [-76.7351982, 8.4663545], [-76.7350481, 8.4667782], [-76.7345202, 8.4685976], [-76.7344757, 8.4687512], [-76.7342556, 8.4694222], [-76.7340046, 8.4700404], [-76.733247, 8.4714662], [-76.733035, 8.4718653], [-76.7329495, 8.4720924], [-76.7324984, 8.4733476], [-76.731998, 8.4748092], [-76.731971, 8.4750635], [-76.7318389, 8.4763089], [-76.7315319, 8.4770121], [-76.7311871, 8.4773903], [-76.730808, 8.4777679], [-76.7306239, 8.4780946], [-76.730522, 8.478393], [-76.7304168, 8.4787855], [-76.7303838, 8.4791266], [-76.7303147, 8.4795834], [-76.7302553, 8.4798688], [-76.7301732, 8.4801068], [-76.7300627, 8.4802903], [-76.7296909, 8.4805686], [-76.7290459, 8.4809227], [-76.7288899, 8.4809768], [-76.7284291, 8.4811364]]}, "properties": {"highway": "trunk", "tipo_via": "troncal", "orden": "primaria", "name": "Arboletes-Turbo", "ref": "90", "surface": "asphalt", "maxspeed": "", "osm_id": 936232810, "source": "OSM"}}, {"type": "Feature", "geometry": {"type": "LineString", "coordinates": [[-76.6545727, 7.7866658], [-76.6547113, 7.7866329], [-76.6548493, 7.7866075], [-76.6549891, 7.7865941], [-76.6551297, 7.7865925]]}, "properties": {"highway": "trunk", "tipo_via": "troncal", "orden": "primaria", "name": "Variante de El Reposo", "ref": "62", "surface": "asphalt", "maxspeed": "", "osm_id": 958256922, "source": "OSM"}}, {"type": "Feature", "geometry": {"type": "LineString", "coordinates": [[-76.6551297, 7.7865925], [-76.655007, 7.7865263], [-76.6548986, 7.786439], [-76.6548083, 7.7863334], [-76.6547311, 7.7862152]]}, "properties": {"highway": "trunk", "tipo_via": "troncal", "orden": "primaria", "name": "Variante de El Reposo", "ref": "62", "surface": "asphalt", "maxspeed": "", "osm_id": 958256923, "source": "OSM"}}, {"type": "Feature", "geometry": {"type": "LineString", "coordinates": [[-76.6595519, 8.0688963], [-76.6596757, 8.0688922], [-76.6597963, 8.0688635], [-76.6599085, 8.0688114], [-76.6600079, 8.068738], [-76.6600954, 8.0686384]]}, "properties": {"highway": "secondary", "tipo_via": "secundaria", "orden": "secundaria", "name": "", "ref": "", "surface": "", "maxspeed": "", "osm_id": 958257636, "source": "OSM"}}, {"type": "Feature", "geometry": {"type": "LineString", "coordinates": [[-76.6932438, 8.1252589], [-76.6931411, 8.125319], [-76.6930583, 8.1254039], [-76.6930026, 8.1255083], [-76.6929785, 8.1256238], [-76.6929895, 8.1257494], [-76.6930377, 8.125866], [-76.6931186, 8.1259632], [-76.693225, 8.1260324], [-76.6933473, 8.1260672], [-76.6934602, 8.1260668], [-76.6935689, 8.1260369], [-76.6936659, 8.1259798], [-76.6936991, 8.1259508], [-76.6937704, 8.1258595], [-76.693814, 8.1257525], [-76.6938265, 8.1256378], [-76.693807, 8.125524], [-76.6937685, 8.1254381], [-76.6937117, 8.1253627], [-76.6936393, 8.1253018], [-76.6935551, 8.1252584], [-76.6934632, 8.1252345], [-76.6933521, 8.1252331], [-76.6932438, 8.1252589]]}, "properties": {"highway": "trunk", "tipo_via": "troncal", "orden": "primaria", "name": "", "ref": "", "surface": "asphalt", "maxspeed": "", "osm_id": 1000092431, "source": "OSM"}}, {"type": "Feature", "geometry": {"type": "LineString", "coordinates": [[-76.6926557, 8.125257], [-76.6927668, 8.1253181], [-76.6928608, 8.1254028], [-76.6929326, 8.1255065], [-76.6929785, 8.1256238]]}, "properties": {"highway": "trunk", "tipo_via": "troncal", "orden": "primaria", "name": "", "ref": "", "surface": "asphalt", "maxspeed": "", "osm_id": 1000092432, "source": "OSM"}}, {"type": "Feature", "geometry": {"type": "LineString", "coordinates": [[-76.6932438, 8.1252589], [-76.6931005, 8.125309], [-76.6929496, 8.1253256], [-76.6927987, 8.125308], [-76.6926557, 8.125257]]}, "properties": {"highway": "trunk", "tipo_via": "troncal", "orden": "primaria", "name": "", "ref": "", "surface": "paved", "maxspeed": "", "osm_id": 1000092433, "source": "OSM"}}, {"type": "Feature", "geometry": {"type": "LineString", "coordinates": [[-76.6933473, 8.1260672], [-76.6934886, 8.1261778], [-76.6936623, 8.1263404]]}, "properties": {"highway": "trunk", "tipo_via": "troncal", "orden": "primaria", "name": "V\u00eda Turbo - Necocl\u00ed", "ref": "90", "surface": "asphalt", "maxspeed": "", "osm_id": 1000092434, "source": "OSM"}}, {"type": "Feature", "geometry": {"type": "LineString", "coordinates": [[-76.6936623, 8.1263404], [-76.6936437, 8.1262406], [-76.6936455, 8.1261316], [-76.6936659, 8.1259798]]}, "properties": {"highway": "trunk", "tipo_via": "troncal", "orden": "primaria", "name": "V\u00eda Turbo - Necocl\u00ed", "ref": "90", "surface": "asphalt", "maxspeed": "", "osm_id": 1000092435, "source": "OSM"}}, {"type": "Feature", "geometry": {"type": "LineString", "coordinates": [[-76.6940545, 8.125046], [-76.6934632, 8.1252345]]}, "properties": {"highway": "primary", "tipo_via": "primaria", "orden": "primaria", "name": "", "ref": "", "surface": "asphalt", "maxspeed": "", "osm_id": 1000092436, "source": "OSM"}}, {"type": "Feature", "geometry": {"type": "LineString", "coordinates": [[-76.693807, 8.125524], [-76.6938258, 8.1254136], [-76.6938583, 8.1253086], [-76.6939084, 8.1252105], [-76.6939744, 8.1251221], [-76.6940545, 8.125046]]}, "properties": {"highway": "primary", "tipo_via": "primaria", "orden": "primaria", "name": "", "ref": "", "surface": "asphalt", "maxspeed": "", "osm_id": 1000092437, "source": "OSM"}}, {"type": "Feature", "geometry": {"type": "LineString", "coordinates": [[-76.632214, 7.8840515], [-76.6321665, 7.8842147]]}, "properties": {"highway": "secondary", "tipo_via": "secundaria", "orden": "secundaria", "name": "Carrera 100", "ref": "62", "surface": "", "maxspeed": "", "osm_id": 1006378936, "source": "OSM"}}, {"type": "Feature", "geometry": {"type": "LineString", "coordinates": [[-76.7303285, 8.10088], [-76.7303442, 8.1009302], [-76.7304435, 8.1012314], [-76.730706, 8.102098], [-76.7307532, 8.1022419], [-76.7308212, 8.1024385], [-76.7311469, 8.1034237], [-76.73152, 8.1042869], [-76.7319114, 8.1053133], [-76.7319705, 8.1056006], [-76.7320171, 8.1059144], [-76.7320201, 8.106229], [-76.7319549, 8.106581], [-76.7309925, 8.1092609], [-76.7307105, 8.1097892], [-76.7304599, 8.1101162], [-76.730196, 8.110362], [-76.7299263, 8.1105333], [-76.72987, 8.110573], [-76.729354, 8.110788], [-76.7269908, 8.1115111], [-76.7264986, 8.1116767], [-76.726078, 8.1117904], [-76.7258415, 8.1118599], [-76.7252266, 8.112056], [-76.7245004, 8.1122742], [-76.7243162, 8.1123295], [-76.7231108, 8.1126997], [-76.7214869, 8.1131953], [-76.7208648, 8.1133861], [-76.720618, 8.1134579], [-76.7198497, 8.1136973], [-76.7195658, 8.1137844], [-76.719403, 8.1138292], [-76.7183499, 8.1141695], [-76.7182272, 8.1142088], [-76.7178177, 8.1143202], [-76.7173013, 8.1145073], [-76.7166258, 8.1147105], [-76.7165181, 8.1147401], [-76.7164077, 8.1147735], [-76.7162643, 8.114817], [-76.7160605, 8.1148827], [-76.7157416, 8.1149849], [-76.7151053, 8.1151892], [-76.7149522, 8.1152384], [-76.7144111, 8.1154038], [-76.7141648, 8.115479], [-76.7129108, 8.1158622], [-76.7118597, 8.1161833], [-76.7116202, 8.1162645], [-76.7110396, 8.1164406], [-76.7101854, 8.1166997], [-76.7100191, 8.1167501], [-76.7095885, 8.1168801], [-76.7094907, 8.1169103], [-76.708458, 8.1172184], [-76.7064701, 8.1177903], [-76.7052218, 8.1181723], [-76.7047432, 8.1183416], [-76.7046091, 8.1184053], [-76.704316, 8.11857], [-76.7039543, 8.1188016], [-76.7024549, 8.119819], [-76.7011109, 8.1206273], [-76.6993764, 8.1217442], [-76.6977299, 8.1228108], [-76.6965206, 8.1235942], [-76.695919, 8.1239659], [-76.6955203, 8.1242122], [-76.6954027, 8.1242849], [-76.695103, 8.12447], [-76.6940545, 8.125046]]}, "properties": {"highway": "primary", "tipo_via": "primaria", "orden": "primaria", "name": "V\u00eda Turbo - Necocl\u00ed", "ref": "90", "surface": "asphalt", "maxspeed": "80", "osm_id": 1008296039, "source": "OSM"}}, {"type": "Feature", "geometry": {"type": "LineString", "coordinates": [[-76.6763913, 7.6653831], [-76.6764014, 7.6654738], [-76.6768703, 7.6658531], [-76.6771998, 7.6661196], [-76.6776756, 7.6665045], [-76.6782199, 7.6669448], [-76.678503, 7.6671848], [-76.6787969, 7.6674114], [-76.6788724, 7.6674721], [-76.6791005, 7.667661], [-76.6795003, 7.6679995], [-76.6795574, 7.6680572], [-76.6797172, 7.66822], [-76.6799708, 7.6685395], [-76.6801103, 7.6687271], [-76.6802259, 7.6689315], [-76.6803184, 7.669144], [-76.6803842, 7.6693677], [-76.6804231, 7.6695975], [-76.6804347, 7.6698302], [-76.6804461, 7.6699648], [-76.6804584, 7.6701133], [-76.6805063, 7.6708552], [-76.6805994, 7.670964]]}, "properties": {"highway": "trunk", "tipo_via": "troncal", "orden": "primaria", "name": "Carrera 100", "ref": "62", "surface": "asphalt", "maxspeed": "", "osm_id": 1040189616, "source": "OSM"}}, {"type": "Feature", "geometry": {"type": "LineString", "coordinates": [[-76.6805994, 7.670964], [-76.6805502, 7.6701016], [-76.6805289, 7.6698144], [-76.6805167, 7.6695208], [-76.6804531, 7.6691949], [-76.6804013, 7.6690473], [-76.6803311, 7.6689038], [-76.6802096, 7.6686687], [-76.680073, 7.6684826], [-76.6798041, 7.6681529], [-76.6796558, 7.6680141], [-76.6795568, 7.6679154], [-76.679164, 7.6675812], [-76.6789255, 7.6673929], [-76.6784706, 7.6670251], [-76.6782859, 7.6668757], [-76.6766663, 7.6655658], [-76.6765431, 7.6654662], [-76.6764612, 7.6654], [-76.6763913, 7.6653831]]}, "properties": {"highway": "trunk", "tipo_via": "troncal", "orden": "primaria", "name": "Carrera 100", "ref": "62", "surface": "asphalt", "maxspeed": "", "osm_id": 1040189617, "source": "OSM"}}, {"type": "Feature", "geometry": {"type": "LineString", "coordinates": [[-76.6805994, 7.670964], [-76.6806541, 7.6714727]]}, "properties": {"highway": "trunk", "tipo_via": "troncal", "orden": "primaria", "name": "Carrera 100", "ref": "62", "surface": "asphalt", "maxspeed": "", "osm_id": 1040189619, "source": "OSM"}}, {"type": "Feature", "geometry": {"type": "LineString", "coordinates": [[-76.6727476, 7.6620046], [-76.6728202, 7.6621426], [-76.6729761, 7.662395], [-76.6731268, 7.6625988], [-76.6732137, 7.662703], [-76.6734027, 7.6629029], [-76.6735229, 7.6630143], [-76.6736869, 7.6631499], [-76.673995, 7.6633755], [-76.674139, 7.6634962], [-76.6742462, 7.663586], [-76.6746646, 7.6639365], [-76.6748707, 7.6641091], [-76.6749395, 7.6641668], [-76.6752515, 7.6644282], [-76.6757544, 7.6648495], [-76.6763913, 7.6653831]]}, "properties": {"highway": "trunk", "tipo_via": "troncal", "orden": "primaria", "name": "Carrera 100", "ref": "62", "surface": "asphalt", "maxspeed": "", "osm_id": 1040189622, "source": "OSM"}}, {"type": "Feature", "geometry": {"type": "LineString", "coordinates": [[-76.641537, 7.9763149], [-76.6410703, 7.9755818]]}, "properties": {"highway": "trunk", "tipo_via": "troncal", "orden": "primaria", "name": "Variante de Currulao", "ref": "62", "surface": "asphalt", "maxspeed": "", "osm_id": 1040499178, "source": "OSM"}}, {"type": "Feature", "geometry": {"type": "LineString", "coordinates": [[-76.6486203, 7.9874076], [-76.6478253, 7.9861665], [-76.6440245, 7.9802329], [-76.6436492, 7.979647], [-76.641537, 7.9763149]]}, "properties": {"highway": "trunk", "tipo_via": "troncal", "orden": "primaria", "name": "Variante de Currulao", "ref": "62", "surface": "asphalt", "maxspeed": "", "osm_id": 1040499179, "source": "OSM"}}, {"type": "Feature", "geometry": {"type": "LineString", "coordinates": [[-76.7302891, 8.1008404], [-76.7303285, 8.10088]]}, "properties": {"highway": "primary", "tipo_via": "primaria", "orden": "primaria", "name": "Carrera 14", "ref": "90", "surface": "concrete", "maxspeed": "", "osm_id": 1307332008, "source": "OSM"}}, {"type": "Feature", "geometry": {"type": "LineString", "coordinates": [[-76.6807604, 7.6722632], [-76.6807554, 7.6722459], [-76.6807384, 7.6722339], [-76.6807187, 7.6722272], [-76.6806978, 7.6722263], [-76.6806775, 7.6722313], [-76.6806595, 7.6722418], [-76.6806443, 7.672257]]}, "properties": {"highway": "trunk_link", "tipo_via": "troncal", "orden": "primaria", "name": "", "ref": "", "surface": "asphalt", "maxspeed": "", "osm_id": 1307509843, "source": "OSM"}}, {"type": "Feature", "geometry": {"type": "LineString", "coordinates": [[-76.6807462, 7.6721355], [-76.680696, 7.6720017]]}, "properties": {"highway": "trunk", "tipo_via": "troncal", "orden": "primaria", "name": "Carrera 100", "ref": "62", "surface": "asphalt", "maxspeed": "", "osm_id": 1307509844, "source": "OSM"}}, {"type": "Feature", "geometry": {"type": "LineString", "coordinates": [[-76.680696, 7.6720017], [-76.6806599, 7.6721375]]}, "properties": {"highway": "trunk", "tipo_via": "troncal", "orden": "primaria", "name": "Carrera 100", "ref": "62", "surface": "asphalt", "maxspeed": "", "osm_id": 1307509845, "source": "OSM"}}, {"type": "Feature", "geometry": {"type": "LineString", "coordinates": [[-76.6765166, 7.6808995], [-76.6765559, 7.6809876], [-76.6764823, 7.6813132], [-76.6765057, 7.6813666], [-76.6765356, 7.6813929], [-76.6765731, 7.6814074], [-76.6766368, 7.6814015], [-76.6766886, 7.6813609], [-76.6767651, 7.6810434], [-76.6768406, 7.6809626]]}, "properties": {"highway": "trunk_link", "tipo_via": "troncal", "orden": "primaria", "name": "", "ref": "", "surface": "asphalt", "maxspeed": "", "osm_id": 1307513123, "source": "OSM"}}, {"type": "Feature", "geometry": {"type": "LineString", "coordinates": [[-76.4853543, 8.3724413], [-76.4849313, 8.3717799], [-76.4845329, 8.3711604], [-76.4841264, 8.3705283], [-76.4838943, 8.3701674], [-76.483709, 8.3698793], [-76.4835032, 8.3695592], [-76.4834368, 8.3694378], [-76.4834026, 8.3693223], [-76.4834193, 8.3692127], [-76.4836004, 8.3687984], [-76.4837409, 8.3684769], [-76.4844077, 8.3667603], [-76.4844243, 8.3665087], [-76.4843229, 8.3650742], [-76.4842683, 8.3648218], [-76.4841235, 8.364644], [-76.4830345, 8.3635706], [-76.4826804, 8.3632044], [-76.482526, 8.3627201], [-76.482376, 8.3624124], [-76.4812765, 8.3601564]]}, "properties": {"highway": "secondary", "tipo_via": "secundaria", "orden": "secundaria", "name": "", "ref": "", "surface": "gravel", "maxspeed": "", "osm_id": 1332404437, "source": "OSM"}}, {"type": "Feature", "geometry": {"type": "LineString", "coordinates": [[-76.3972141, 8.2865742], [-76.3983509, 8.2859342], [-76.4015126, 8.2843391], [-76.4018145, 8.2842545], [-76.402114, 8.2842343], [-76.4033702, 8.2843581], [-76.4045155, 8.2845757], [-76.4067096, 8.2852207], [-76.4076479, 8.285425], [-76.4083263, 8.2855301], [-76.4086555, 8.2855538], [-76.4089814, 8.2855299], [-76.4100624, 8.2853178], [-76.4104244, 8.285295], [-76.4108858, 8.2853295], [-76.4113364, 8.2852764], [-76.4117011, 8.2851437], [-76.4120847, 8.2849393], [-76.4124826, 8.2846343], [-76.4136082, 8.2833335], [-76.4155977, 8.2818342], [-76.4171487, 8.2809952], [-76.417215, 8.2809698], [-76.4175366, 8.2808463], [-76.41853, 8.2806474], [-76.4190424, 8.2804457], [-76.4193481, 8.2803926], [-76.4196512, 8.2804112], [-76.4202404, 8.2805018], [-76.4212847, 8.2805253], [-76.4217132, 8.2806017], [-76.422312, 8.2807085], [-76.4230085, 8.2807584], [-76.4233831, 8.2807852], [-76.4236558, 8.2807669], [-76.423865, 8.2806926], [-76.4240527, 8.2805386], [-76.4251015, 8.2793654], [-76.4253294, 8.2792009], [-76.4256433, 8.2790284], [-76.4258444, 8.2788983], [-76.4269357, 8.2780894], [-76.4272901, 8.2777781], [-76.4291412, 8.2760655], [-76.4294064, 8.2757875], [-76.4295405, 8.275384], [-76.4292489, 8.273564], [-76.4292777, 8.2732181], [-76.429318, 8.2731393], [-76.429432, 8.2729165], [-76.4304413, 8.2717566], [-76.430827, 8.2713133], [-76.4330823, 8.268979], [-76.434508, 8.2676919], [-76.4351678, 8.2667947], [-76.435416, 8.266011], [-76.4358008, 8.2653321], [-76.4360878, 8.26465], [-76.4362517, 8.2640919], [-76.4362648, 8.2640474], [-76.4362995, 8.2635446], [-76.4363533, 8.2633361], [-76.436474, 8.263137], [-76.437305, 8.2623569], [-76.4375415, 8.2621018], [-76.4376998, 8.2618364], [-76.438145, 8.2607056], [-76.4385768, 8.2598494], [-76.4386468, 8.2595288], [-76.4391348, 8.2572935], [-76.4404893, 8.2558215], [-76.4406878, 8.2555667], [-76.4408551, 8.2553021], [-76.4410043, 8.2548978], [-76.441074, 8.2544678], [-76.441843, 8.252548], [-76.4426515, 8.2514999], [-76.4429462, 8.2511179], [-76.4435335, 8.2506335], [-76.4440179, 8.2501889], [-76.4445207, 8.2483493], [-76.4450505, 8.2467275], [-76.4456552, 8.2455674], [-76.4457069, 8.2454412], [-76.4458954, 8.2449808], [-76.4460294, 8.244257], [-76.4460835, 8.2439649], [-76.4461092, 8.2438259], [-76.4462033, 8.2432589], [-76.4464331, 8.2421988], [-76.4465821, 8.2417583], [-76.44822, 8.23939], [-76.4482918, 8.2392921], [-76.4483857, 8.2390691], [-76.4484221, 8.2388118], [-76.4481819, 8.2364491], [-76.4482033, 8.2361571], [-76.4482772, 8.2359156], [-76.4491636, 8.2347145], [-76.4501264, 8.2334098]]}, "properties": {"highway": "secondary", "tipo_via": "secundaria", "orden": "secundaria", "name": "", "ref": "", "surface": "", "maxspeed": "", "osm_id": 1428079131, "source": "OSM"}}, {"type": "Feature", "geometry": {"type": "LineString", "coordinates": [[-76.4501264, 8.2334098], [-76.4501747, 8.2333443]]}, "properties": {"highway": "secondary", "tipo_via": "secundaria", "orden": "secundaria", "name": "", "ref": "", "surface": "", "maxspeed": "", "osm_id": 1428079132, "source": "OSM"}}, {"type": "Feature", "geometry": {"type": "LineString", "coordinates": [[-76.6421032, 7.8502981], [-76.6419289, 7.8499618], [-76.6419073, 7.8498637], [-76.6418938, 7.8497197], [-76.6419108, 7.8495286], [-76.6426064, 7.8468385]]}, "properties": {"highway": "trunk", "tipo_via": "troncal", "orden": "primaria", "name": "Apartad\u00f3 - Carepa", "ref": "62", "surface": "asphalt", "maxspeed": "", "osm_id": 1483070212, "source": "OSM"}}, {"type": "Feature", "geometry": {"type": "LineString", "coordinates": [[-76.7446075, 8.2128063], [-76.7446173, 8.2128673], [-76.744625, 8.2129144]]}, "properties": {"highway": "trunk", "tipo_via": "troncal", "orden": "primaria", "name": "V\u00eda Turbo - Necocl\u00ed", "ref": "90", "surface": "asphalt", "maxspeed": "80", "osm_id": 1489542328, "source": "OSM"}}, {"type": "Feature", "geometry": {"type": "LineString", "coordinates": [[-76.7440579, 8.2077837], [-76.7440536, 8.2093735], [-76.7446075, 8.2128063]]}, "properties": {"highway": "trunk", "tipo_via": "troncal", "orden": "primaria", "name": "V\u00eda Turbo - Necocl\u00ed", "ref": "90", "surface": "asphalt", "maxspeed": "80", "osm_id": 1489542329, "source": "OSM"}}, {"type": "Feature", "geometry": {"type": "LineString", "coordinates": [[-76.5941543, 7.51797], [-76.5976643, 7.5215305], [-76.5979856, 7.5219061], [-76.5981478, 7.5221065], [-76.598404, 7.522478], [-76.5988632, 7.5233246], [-76.6008369, 7.5274403]]}, "properties": {"highway": "trunk", "tipo_via": "troncal", "orden": "primaria", "name": "Mutat\u00e1 - Chigorod\u00f3", "ref": "62", "surface": "asphalt", "maxspeed": "", "osm_id": 1503249227, "source": "OSM"}}, {"type": "Feature", "geometry": {"type": "LineString", "coordinates": [[-76.5941038, 7.5179188], [-76.5941543, 7.51797]]}, "properties": {"highway": "trunk", "tipo_via": "troncal", "orden": "primaria", "name": "Mutat\u00e1 - Chigorod\u00f3", "ref": "62", "surface": "asphalt", "maxspeed": "", "osm_id": 1503249228, "source": "OSM"}}, {"type": "Feature", "geometry": {"type": "LineString", "coordinates": [[-76.6184552, 7.567815], [-76.6185236, 7.5678826]]}, "properties": {"highway": "trunk", "tipo_via": "troncal", "orden": "primaria", "name": "Mutat\u00e1 - Chigorod\u00f3", "ref": "62", "surface": "asphalt", "maxspeed": "", "osm_id": 1504280652, "source": "OSM"}}, {"type": "Feature", "geometry": {"type": "LineString", "coordinates": [[-76.6170567, 7.5653494], [-76.617664, 7.5667526], [-76.61796, 7.5672694], [-76.6184552, 7.567815]]}, "properties": {"highway": "trunk", "tipo_via": "troncal", "orden": "primaria", "name": "Mutat\u00e1 - Chigorod\u00f3", "ref": "62", "surface": "asphalt", "maxspeed": "", "osm_id": 1504280653, "source": "OSM"}}, {"type": "Feature", "geometry": {"type": "LineString", "coordinates": [[-76.6772687, 7.6789584], [-76.6773102, 7.6787642]]}, "properties": {"highway": "trunk", "tipo_via": "troncal", "orden": "primaria", "name": "Carepa - Chigorod\u00f3", "ref": "62", "surface": "asphalt", "maxspeed": "", "osm_id": 1507559311, "source": "OSM"}}, {"type": "Feature", "geometry": {"type": "LineString", "coordinates": [[-76.6765208, 7.6825532], [-76.6767554, 7.6813603], [-76.6768406, 7.6809626], [-76.6772687, 7.6789584]]}, "properties": {"highway": "trunk", "tipo_via": "troncal", "orden": "primaria", "name": "Carepa - Chigorod\u00f3", "ref": "62", "surface": "asphalt", "maxspeed": "", "osm_id": 1507559312, "source": "OSM"}}, {"type": "Feature", "geometry": {"type": "LineString", "coordinates": [[-76.6769735, 7.6789476], [-76.6768697, 7.6794804], [-76.6765166, 7.6808995], [-76.67642, 7.6812604], [-76.6763037, 7.6817797], [-76.676242, 7.6821929], [-76.6762046, 7.6825864]]}, "properties": {"highway": "trunk", "tipo_via": "troncal", "orden": "primaria", "name": "Chigorod\u00f3 - Carepa", "ref": "62", "surface": "asphalt", "maxspeed": "", "osm_id": 1507559313, "source": "OSM"}}, {"type": "Feature", "geometry": {"type": "LineString", "coordinates": [[-76.6770213, 7.6787027], [-76.6769735, 7.6789476]]}, "properties": {"highway": "trunk", "tipo_via": "troncal", "orden": "primaria", "name": "Chigorod\u00f3 - Carepa", "ref": "62", "surface": "asphalt", "maxspeed": "", "osm_id": 1507559314, "source": "OSM"}}, {"type": "Feature", "geometry": {"type": "LineString", "coordinates": [[-76.6273163, 7.9585222], [-76.6272596, 7.9583288]]}, "properties": {"highway": "trunk", "tipo_via": "troncal", "orden": "primaria", "name": "Turbo - Apartad\u00f3", "ref": "62", "surface": "asphalt", "maxspeed": "", "osm_id": 1508656198, "source": "OSM"}}, {"type": "Feature", "geometry": {"type": "LineString", "coordinates": [[-76.6297398, 7.9665392], [-76.6295919, 7.966414], [-76.6295195, 7.9663231], [-76.6294586, 7.9662171], [-76.6294015, 7.9660511], [-76.6274782, 7.9590741], [-76.6273163, 7.9585222]]}, "properties": {"highway": "trunk", "tipo_via": "troncal", "orden": "primaria", "name": "Turbo - Apartad\u00f3", "ref": "62", "surface": "asphalt", "maxspeed": "", "osm_id": 1508656199, "source": "OSM"}}, {"type": "Feature", "geometry": {"type": "LineString", "coordinates": [[-76.6271863, 7.9585739], [-76.6273467, 7.9591033], [-76.6289058, 7.9646883], [-76.6292652, 7.9659877], [-76.6293062, 7.9661319], [-76.6293472, 7.9662761], [-76.6293675, 7.9663984], [-76.6293711, 7.9664999], [-76.6293504, 7.96667]]}, "properties": {"highway": "trunk", "tipo_via": "troncal", "orden": "primaria", "name": "Apartad\u00f3 - Turbo", "ref": "62", "surface": "asphalt", "maxspeed": "", "osm_id": 1508656200, "source": "OSM"}}, {"type": "Feature", "geometry": {"type": "LineString", "coordinates": [[-76.627137, 7.9584111], [-76.6271863, 7.9585739]]}, "properties": {"highway": "trunk", "tipo_via": "troncal", "orden": "primaria", "name": "Apartad\u00f3 - Turbo", "ref": "62", "surface": "asphalt", "maxspeed": "", "osm_id": 1508656201, "source": "OSM"}}]}