{
  "type": "FeatureCollection",
  "features": [
    {
      "type": "Feature",
      "geometry": {
        "type": "Polygon",
        "coordinates": [
          [
            [
              -77.7091506,
              7.5013999
            ],
            [
              -77.7080015,
              7.5024781
            ],
            [
              -77.7064201,
              7.502911
            ],
            [
              -77.7061331,
              7.503342
            ],
            [
              -77.704839,
              7.5035591
            ],
            [
              -77.7041918,
              7.5035601
            ],
            [
              -77.7037609,
              7.5039913
            ],
            [
              -77.7031868,
              7.5047815
            ],
            [
              -77.7028279,
              7.5052844
            ],
            [
              -77.7020382,
              7.5062185
            ],
            [
              -77.701464,
              7.506937
            ],
            [
              -77.7014652,
              7.5077982
            ],
            [
              -77.7016819,
              7.5085156
            ],
            [
              -77.7018989,
              7.5093765
            ],
            [
              -77.702044,
              7.5102375
            ],
            [
              -77.7020452,
              7.5110988
            ],
            [
              -77.7022623,
              7.5120314
            ],
            [
              -77.7024071,
              7.5127489
            ],
            [
              -77.702768,
              7.5136814
            ],
            [
              -77.7030573,
              7.5148292
            ],
            [
              -77.7031305,
              7.5156904
            ],
            [
              -77.7031334,
              7.5177716
            ],
            [
              -77.7029188,
              7.5185614
            ],
            [
              -77.7028483,
              7.5194945
            ],
            [
              -77.7032089,
              7.5202116
            ],
            [
              -77.7037848,
              7.5206414
            ],
            [
              -77.7046486,
              7.5212143
            ],
            [
              -77.7055843,
              7.5217871
            ],
            [
              -77.7061603,
              7.5222384
            ],
            [
              -77.7065927,
              7.5228837
            ],
            [
              -77.7070253,
              7.5236725
            ],
            [
              -77.707746,
              7.524748
            ],
            [
              -77.7081781,
              7.525178
            ],
            [
              -77.7087548,
              7.5261102
            ],
            [
              -77.7094032,
              7.5268987
            ],
            [
              -77.7100516,
              7.527759
            ],
            [
              -77.7102687,
              7.5286916
            ],
            [
              -77.7103424,
              7.5299116
            ],
            [
              -77.7106312,
              7.5307006
            ],
            [
              -77.7112075,
              7.5313457
            ],
            [
              -77.7117127,
              7.532565
            ],
            [
              -77.7122895,
              7.5335689
            ],
            [
              -77.7127225,
              7.5346448
            ],
            [
              -77.7135152,
              7.5357202
            ],
            [
              -77.7143799,
              7.5368672
            ],
            [
              -77.7150286,
              7.537871
            ],
            [
              -77.7158935,
              7.5391616
            ],
            [
              -77.7163982,
              7.540022
            ],
            [
              -77.7166149,
              7.5406676
            ],
            [
              -77.7169039,
              7.5416002
            ],
            [
              -77.7171934,
              7.5428198
            ],
            [
              -77.7171945,
              7.5436093
            ],
            [
              -77.7174122,
              7.5449008
            ],
            [
              -77.7177019,
              7.5463357
            ],
            [
              -77.7180633,
              7.5475552
            ],
            [
              -77.7187126,
              7.5489179
            ],
            [
              -77.7210907,
              7.5521439
            ],
            [
              -77.7216674,
              7.553076
            ],
            [
              -77.7224607,
              7.5545102
            ],
            [
              -77.7232542,
              7.5561238
            ],
            [
              -77.7237597,
              7.5574866
            ],
            [
              -77.7239773,
              7.5587781
            ],
            [
              -77.7244105,
              7.559854
            ],
            [
              -77.7248799,
              7.5612524
            ],
            [
              -77.7248824,
              7.5612895
            ],
            [
              -77.7249021,
              7.5614637
            ],
            [
              -77.724912,
              7.5615895
            ],
            [
              -77.7249123,
              7.561783
            ],
            [
              -77.7249223,
              7.562025
            ],
            [
              -77.7250196,
              7.5622184
            ],
            [
              -77.7251071,
              7.562344
            ],
            [
              -77.7251559,
              7.5625569
            ],
            [
              -77.7251659,
              7.5627601
            ],
            [
              -77.7251677,
              7.5640182
            ],
            [
              -77.7252069,
              7.5642697
            ],
            [
              -77.7252557,
              7.5644729
            ],
            [
              -77.7253433,
              7.564676
            ],
            [
              -77.7254697,
              7.5648984
            ],
            [
              -77.7256252,
              7.5651304
            ],
            [
              -77.7258195,
              7.565343
            ],
            [
              -77.7260622,
              7.5655072
            ],
            [
              -77.7263049,
              7.5656423
            ],
            [
              -77.7265281,
              7.5657194
            ],
            [
              -77.7268385,
              7.5658157
            ],
            [
              -77.7270326,
              7.5658735
            ],
            [
              -77.7273236,
              7.5659118
            ],
            [
              -77.7275662,
              7.5659792
            ],
            [
              -77.7278087,
              7.5660369
            ],
            [
              -77.7278482,
              7.5660541
            ],
            [
              -77.7280466,
              7.5661037
            ],
            [
              -77.729079,
              7.5663987
            ],
            [
              -77.7292391,
              7.5665212
            ],
            [
              -77.7301035,
              7.5673811
            ],
            [
              -77.7308959,
              7.5682411
            ],
            [
              -77.7314002,
              7.5688145
            ],
            [
              -77.7319769,
              7.5696749
            ],
            [
              -77.7321938,
              7.5703922
            ],
            [
              -77.7323391,
              7.5713967
            ],
            [
              -77.7326282,
              7.5723293
            ],
            [
              -77.7328454,
              7.5732619
            ],
            [
              -77.7329184,
              7.5739795
            ],
            [
              -77.7329915,
              7.5747688
            ],
            [
              -77.7330645,
              7.5754864
            ],
            [
              -77.7331379,
              7.5764193
            ],
            [
              -77.7331385,
              7.5768499
            ],
            [
              -77.7346512,
              7.5783547
            ],
            [
              -77.7354437,
              7.5792865
            ],
            [
              -77.7362369,
              7.5805771
            ],
            [
              -77.7363818,
              7.5812945
            ],
            [
              -77.7361676,
              7.5822996
            ],
            [
              -77.7360973,
              7.5833762
            ],
            [
              -77.7360984,
              7.5840939
            ],
            [
              -77.7362433,
              7.5848113
            ],
            [
              -77.7368204,
              7.5859587
            ],
            [
              -77.7371812,
              7.5867118
            ],
            [
              -77.7376145,
              7.5878594
            ],
            [
              -77.7376876,
              7.5886487
            ],
            [
              -77.737689,
              7.5895099
            ],
            [
              -77.7375461,
              7.590156
            ],
            [
              -77.7374034,
              7.5909457
            ],
            [
              -77.7370442,
              7.5912333
            ],
            [
              -77.7365411,
              7.5914494
            ],
            [
              -77.7359658,
              7.591522
            ],
            [
              -77.7353907,
              7.5917382
            ],
            [
              -77.7350318,
              7.5921693
            ],
            [
              -77.7348889,
              7.5928154
            ],
            [
              -77.7351774,
              7.5933174
            ],
            [
              -77.7357532,
              7.5936036
            ],
            [
              -77.7361848,
              7.5936029
            ],
            [
              -77.7369762,
              7.5937453
            ],
            [
              -77.7375524,
              7.5943185
            ],
            [
              -77.7376253,
              7.5949643
            ],
            [
              -77.7376269,
              7.5959691
            ],
            [
              -77.7375565,
              7.5969739
            ],
            [
              -77.7375592,
              7.5987681
            ],
            [
              -77.7374168,
              7.5997013
            ],
            [
              -77.7369862,
              7.6003478
            ],
            [
              -77.7363403,
              7.6012818
            ],
            [
              -77.7360538,
              7.6020717
            ],
            [
              -77.7361991,
              7.6030044
            ],
            [
              -77.7369192,
              7.6035775
            ],
            [
              -77.7377827,
              7.6037914
            ],
            [
              -77.73879,
              7.6040052
            ],
            [
              -77.7400131,
              7.6042187
            ],
            [
              -77.7403567,
              7.6042004
            ],
            [
              -77.7407448,
              7.6042153
            ],
            [
              -77.7409781,
              7.6044473
            ],
            [
              -77.7410405,
              7.6046796
            ],
            [
              -77.7410416,
              7.6053922
            ],
            [
              -77.7411508,
              7.6057483
            ],
            [
              -77.7414773,
              7.6060421
            ],
            [
              -77.7418656,
              7.6061499
            ],
            [
              -77.7464923,
              7.6061428
            ],
            [
              -77.7468498,
              7.6065047
            ],
            [
              -77.7468506,
              7.6070788
            ],
            [
              -77.7467074,
              7.6074379
            ],
            [
              -77.7471711,
              7.6123842
            ],
            [
              -77.748587,
              7.6135352
            ],
            [
              -77.7486601,
              7.6143245
            ],
            [
              -77.7486621,
              7.6156163
            ],
            [
              -77.7485918,
              7.6166212
            ],
            [
              -77.7482338,
              7.6176982
            ],
            [
              -77.74766,
              7.6187756
            ],
            [
              -77.7466546,
              7.6197819
            ],
            [
              -77.7460084,
              7.6205724
            ],
            [
              -77.7458661,
              7.6215773
            ],
            [
              -77.7457239,
              7.622654
            ],
            [
              -77.7454378,
              7.6236592
            ],
            [
              -77.7448638,
              7.6245931
            ],
            [
              -77.7441456,
              7.6253119
            ],
            [
              -77.7434271,
              7.6258871
            ],
            [
              -77.7425653,
              7.6267496
            ],
            [
              -77.7418472,
              7.6275402
            ],
            [
              -77.7412734,
              7.6286176
            ],
            [
              -77.741275,
              7.6296223
            ],
            [
              -77.7414202,
              7.6304833
            ],
            [
              -77.7418533,
              7.6314873
            ],
            [
              -77.7419982,
              7.6321689
            ],
            [
              -77.7421434,
              7.6330299
            ],
            [
              -77.7421446,
              7.6338193
            ],
            [
              -77.74193,
              7.6346091
            ],
            [
              -77.7415719,
              7.6356144
            ],
            [
              -77.741141,
              7.6360456
            ],
            [
              -77.7405662,
              7.6364771
            ],
            [
              -77.7399917,
              7.6371239
            ],
            [
              -77.7398492,
              7.6379853
            ],
            [
              -77.7404978,
              7.6387738
            ],
            [
              -77.7412907,
              7.6398491
            ],
            [
              -77.7422993,
              7.6407805
            ],
            [
              -77.7430204,
              7.6419277
            ],
            [
              -77.7438133,
              7.6430029
            ],
            [
              -77.7447496,
              7.6437192
            ],
            [
              -77.7454696,
              7.6441486
            ],
            [
              -77.7463338,
              7.6447932
            ],
            [
              -77.7470551,
              7.6460839
            ],
            [
              -77.7470603,
              7.6493852
            ],
            [
              -77.7469901,
              7.6505336
            ],
            [
              -77.7469203,
              7.6518972
            ],
            [
              -77.7467781,
              7.652974
            ],
            [
              -77.7462768,
              7.6544101
            ],
            [
              -77.745847,
              7.655559
            ],
            [
              -77.744781,
              7.6570723
            ],
            [
              -77.7433363,
              7.6583619
            ],
            [
              -77.7437172,
              7.6606414
            ],
            [
              -77.7445215,
              7.6619434
            ],
            [
              -77.7468689,
              7.6643052
            ],
            [
              -77.7458618,
              7.6650681
            ],
            [
              -77.7456474,
              7.6659296
            ],
            [
              -77.745433,
              7.6668629
            ],
            [
              -77.7445709,
              7.6675819
            ],
            [
              -77.7440738,
              7.6684708
            ],
            [
              -77.7436771,
              7.669187
            ],
            [
              -77.7428295,
              7.6699722
            ],
            [
              -77.7429232,
              7.672034
            ],
            [
              -77.7436445,
              7.673253
            ],
            [
              -77.743718,
              7.6742576
            ],
            [
              -77.7436483,
              7.675693
            ],
            [
              -77.7436495,
              7.6764609
            ],
            [
              -77.7432918,
              7.6777533
            ],
            [
              -77.7427176,
              7.6786154
            ],
            [
              -77.7421433,
              7.6794057
            ],
            [
              -77.7413525,
              7.6797658
            ],
            [
              -77.7402738,
              7.6799827
            ],
            [
              -77.7396987,
              7.6802707
            ],
            [
              -77.7387646,
              7.6809898
            ],
            [
              -77.7381186,
              7.6819238
            ],
            [
              -77.738336,
              7.6829999
            ],
            [
              -77.7386284,
              7.6835809
            ],
            [
              -77.7384481,
              7.6840628
            ],
            [
              -77.7378556,
              7.6846557
            ],
            [
              -77.7369658,
              7.6849531
            ],
            [
              -77.7354824,
              7.685054
            ],
            [
              -77.7328118,
              7.6850581
            ],
            [
              -77.7323177,
              7.6853549
            ],
            [
              -77.7309752,
              7.685444
            ],
            [
              -77.7303395,
              7.685831
            ],
            [
              -77.7294495,
              7.685916
            ],
            [
              -77.7270049,
              7.6862234
            ],
            [
              -77.7271995,
              7.6868754
            ],
            [
              -77.7282033,
              7.687903
            ],
            [
              -77.728346,
              7.6902096
            ],
            [
              -77.7290007,
              7.6910978
            ],
            [
              -77.729402,
              7.6921509
            ],
            [
              -77.7290197,
              7.6936464
            ],
            [
              -77.7285191,
              7.6953623
            ],
            [
              -77.727308,
              7.6958906
            ],
            [
              -77.7259252,
              7.6958234
            ],
            [
              -77.7245194,
              7.695579
            ],
            [
              -77.7237281,
              7.6955802
            ],
            [
              -77.7226898,
              7.6957791
            ],
            [
              -77.7206123,
              7.6954862
            ],
            [
              -77.7194244,
              7.694896
            ],
            [
              -77.7176436,
              7.6946026
            ],
            [
              -77.7169509,
              7.6944063
            ],
            [
              -77.7154665,
              7.6939152
            ],
            [
              -77.7139824,
              7.6936214
            ],
            [
              -77.7125968,
              7.6930314
            ],
            [
              -77.7114091,
              7.6925398
            ],
            [
              -77.7102219,
              7.6923442
            ],
            [
              -77.7091341,
              7.6925432
            ],
            [
              -77.7084423,
              7.6929389
            ],
            [
              -77.7075527,
              7.6933349
            ],
            [
              -77.7051789,
              7.6933383
            ],
            [
              -77.703695,
              7.6932418
            ],
            [
              -77.702508,
              7.6931449
            ],
            [
              -77.7006773,
              7.6931887
            ],
            [
              -77.6980427,
              7.6927102
            ],
            [
              -77.6974646,
              7.6915267
            ],
            [
              -77.6968631,
              7.6909423
            ],
            [
              -77.6952321,
              7.6901383
            ],
            [
              -77.6940056,
              7.6881641
            ],
            [
              -77.6929225,
              7.6866232
            ],
            [
              -77.6912669,
              7.6851896
            ],
            [
              -77.689093,
              7.6856038
            ],
            [
              -77.6866292,
              7.6863768
            ],
            [
              -77.6857811,
              7.6855713
            ],
            [
              -77.685483,
              7.684585
            ],
            [
              -77.6852836,
              7.6835
            ],
            [
              -77.6852811,
              7.6817239
            ],
            [
              -77.6850822,
              7.6809348
            ],
            [
              -77.6842896,
              7.6800479
            ],
            [
              -77.6834978,
              7.6796543
            ],
            [
              -77.6817352,
              7.6792408
            ],
            [
              -77.6805619,
              7.6784057
            ],
            [
              -77.6790894,
              7.6772671
            ],
            [
              -77.6775603,
              7.6765824
            ],
            [
              -77.6768564,
              7.6761369
            ],
            [
              -77.6755782,
              7.6747319
            ],
            [
              -77.6749838,
              7.674042
            ],
            [
              -77.6743252,
              7.6729039
            ],
            [
              -77.6734869,
              7.6719848
            ],
            [
              -77.673266,
              7.6711763
            ],
            [
              -77.6730685,
              7.6704649
            ],
            [
              -77.6728736,
              7.6698815
            ],
            [
              -77.6721484,
              7.6691222
            ],
            [
              -77.6713165,
              7.6684229
            ],
            [
              -77.6699068,
              7.6676083
            ],
            [
              -77.669017,
              7.6671034
            ],
            [
              -77.6685055,
              7.6666565
            ],
            [
              -77.6676238,
              7.6664648
            ],
            [
              -77.6664981,
              7.6659999
            ],
            [
              -77.6659747,
              7.6653426
            ],
            [
              -77.6650394,
              7.6652721
            ],
            [
              -77.6640319,
              7.6649864
            ],
            [
              -77.663312,
              7.6646285
            ],
            [
              -77.661728,
              7.6636259
            ],
            [
              -77.6610798,
              7.6630527
            ],
            [
              -77.6602878,
              7.6625514
            ],
            [
              -77.659352,
              7.662122
            ],
            [
              -77.6585602,
              7.6617643
            ],
            [
              -77.6578402,
              7.6613346
            ],
            [
              -77.6569763,
              7.6608334
            ],
            [
              -77.6563283,
              7.6604754
            ],
            [
              -77.6556808,
              7.6604045
            ],
            [
              -77.6546011,
              7.6599036
            ],
            [
              -77.6540249,
              7.659402
            ],
            [
              -77.6533765,
              7.6586852
            ],
            [
              -77.6524396,
              7.6574664
            ],
            [
              -77.6518629,
              7.6565342
            ],
            [
              -77.6516456,
              7.6554579
            ],
            [
              -77.651644,
              7.6542379
            ],
            [
              -77.6514995,
              7.6537357
            ],
            [
              -77.6508161,
              7.6537581
            ],
            [
              -77.6496651,
              7.6537597
            ],
            [
              -77.6487296,
              7.6535456
            ],
            [
              -77.6476498,
              7.6529729
            ],
            [
              -77.646282,
              7.6521852
            ],
            [
              -77.6457032,
              7.6506716
            ],
            [
              -77.6452069,
              7.649603
            ],
            [
              -77.6448185,
              7.6481816
            ],
            [
              -77.6458876,
              7.6464877
            ],
            [
              -77.6457763,
              7.6444108
            ],
            [
              -77.6457592,
              7.6424773
            ],
            [
              -77.6451072,
              7.6408397
            ],
            [
              -77.6449318,
              7.6387453
            ],
            [
              -77.6450234,
              7.6363219
            ],
            [
              -77.6435532,
              7.6321564
            ],
            [
              -77.6418388,
              7.6283809
            ],
            [
              -77.6392014,
              7.624768
            ],
            [
              -77.639228,
              7.6226633
            ],
            [
              -77.6392446,
              7.6209944
            ],
            [
              -77.6379902,
              7.6196563
            ],
            [
              -77.6372996,
              7.6165102
            ],
            [
              -77.6370044,
              7.6140826
            ],
            [
              -77.6352942,
              7.6109922
            ],
            [
              -77.6347642,
              7.6090318
            ],
            [
              -77.6333406,
              7.6077671
            ],
            [
              -77.6325137,
              7.6063415
            ],
            [
              -77.6316129,
              7.6048479
            ],
            [
              -77.6316678,
              7.6008206
            ],
            [
              -77.6316577,
              7.5994865
            ],
            [
              -77.6309388,
              7.5979552
            ],
            [
              -77.6306504,
              7.5944721
            ],
            [
              -77.6280771,
              7.5926657
            ],
            [
              -77.6266873,
              7.5891457
            ],
            [
              -77.6256082,
              7.5866912
            ],
            [
              -77.624896,
              7.5848662
            ],
            [
              -77.624246,
              7.5791106
            ],
            [
              -77.6218109,
              7.5754263
            ],
            [
              -77.6185255,
              7.5730419
            ],
            [
              -77.6178669,
              7.5719443
            ],
            [
              -77.6156477,
              7.5677889
            ],
            [
              -77.6151976,
              7.5671915
            ],
            [
              -77.6119923,
              7.5643809
            ],
            [
              -77.6097155,
              7.5633949
            ],
            [
              -77.6081971,
              7.5616088
            ],
            [
              -77.6076441,
              7.5602341
            ],
            [
              -77.6079057,
              7.5569001
            ],
            [
              -77.6077769,
              7.5561078
            ],
            [
              -77.6090144,
              7.5536306
            ],
            [
              -77.609978,
              7.5526667
            ],
            [
              -77.6102521,
              7.5514285
            ],
            [
              -77.6108017,
              7.5500524
            ],
            [
              -77.6113517,
              7.5489515
            ],
            [
              -77.6114298,
              7.5486381
            ],
            [
              -77.6115884,
              7.5484398
            ],
            [
              -77.6118864,
              7.547144
            ],
            [
              -77.6121845,
              7.5459478
            ],
            [
              -77.612283,
              7.5448515
            ],
            [
              -77.6122791,
              7.5416626
            ],
            [
              -77.6117789,
              7.5409657
            ],
            [
              -77.6108794,
              7.5403688
            ],
            [
              -77.6089821,
              7.5403711
            ],
            [
              -77.6079834,
              7.5402727
            ],
            [
              -77.6068841,
              7.5395765
            ],
            [
              -77.6062838,
              7.5386803
            ],
            [
              -77.6060836,
              7.538282
            ],
            [
              -77.6055836,
              7.5376846
            ],
            [
              -77.6048842,
              7.5373865
            ],
            [
              -77.6040853,
              7.5373875
            ],
            [
              -77.6025875,
              7.5374889
            ],
            [
              -77.5982936,
              7.5374941
            ],
            [
              -77.5971949,
              7.5372961
            ],
            [
              -77.5956959,
              7.536401
            ],
            [
              -77.5946964,
              7.5356049
            ],
            [
              -77.593497,
              7.5347095
            ],
            [
              -77.5934475,
              7.5346274
            ],
            [
              -77.5932792,
              7.5345317
            ],
            [
              -77.5917604,
              7.5321953
            ],
            [
              -77.5914823,
              7.5301325
            ],
            [
              -77.5903767,
              7.5275206
            ],
            [
              -77.5898228,
              7.5253206
            ],
            [
              -77.5888548,
              7.522571
            ],
            [
              -77.5881635,
              7.5206463
            ],
            [
              -77.5870584,
              7.5184469
            ],
            [
              -77.5854031,
              7.517211
            ],
            [
              -77.5849884,
              7.5161524
            ],
            [
              -77.5848493,
              7.5150523
            ],
            [
              -77.5834694,
              7.513541
            ],
            [
              -77.5818153,
              7.5132678
            ],
            [
              -77.576027,
              7.5132744
            ],
            [
              -77.5749241,
              7.5130006
            ],
            [
              -77.5735454,
              7.512452
            ],
            [
              -77.5724417,
              7.5114904
            ],
            [
              -77.5710622,
              7.5102541
            ],
            [
              -77.5691312,
              7.5088809
            ],
            [
              -77.5673382,
              7.5076451
            ],
            [
              -77.5648577,
              7.5077854
            ],
            [
              -77.5629294,
              7.5087503
            ],
            [
              -77.5629916,
              7.5084503
            ],
            [
              -77.5626955,
              7.5073996
            ],
            [
              -77.5619486,
              7.5059695
            ],
            [
              -77.5614624,
              7.5051436
            ],
            [
              -77.5601722,
              7.5037497
            ],
            [
              -77.5580541,
              7.5027772
            ],
            [
              -77.556705,
              7.502022
            ],
            [
              -77.5555496,
              7.5014886
            ],
            [
              -77.5541037,
              7.5006065
            ],
            [
              -77.5535875,
              7.5000362
            ],
            [
              -77.5531972,
              7.4992095
            ],
            [
              -77.5529671,
              7.4984135
            ],
            [
              -77.5528887,
              7.4965952
            ],
            [
              -77.5526898,
              7.4957032
            ],
            [
              -77.5522985,
              7.4947489
            ],
            [
              -77.5510023,
              7.492589
            ],
            [
              -77.5499909,
              7.490044
            ],
            [
              -77.5495039,
              7.4891224
            ],
            [
              -77.5478295,
              7.4876356
            ],
            [
              -77.5464757,
              7.4862741
            ],
            [
              -77.5458624,
              7.4855449
            ],
            [
              -77.5450275,
              7.4851047
            ],
            [
              -77.5441942,
              7.4848559
            ],
            [
              -77.5428173,
              7.4846115
            ],
            [
              -77.5401263,
              7.4839625
            ],
            [
              -77.539229,
              7.4837142
            ],
            [
              -77.5383304,
              7.4833064
            ],
            [
              -77.5357929,
              7.4818584
            ],
            [
              -77.5351817,
              7.4813844
            ],
            [
              -77.5348256,
              7.4808447
            ],
            [
              -77.534085,
              7.4801804
            ],
            [
              -77.5330888,
              7.4795499
            ],
            [
              -77.5286619,
              7.4777336
            ],
            [
              -77.5274756,
              7.4773281
            ],
            [
              -77.5267712,
              7.4772059
            ],
            [
              -77.5249815,
              7.4773157
            ],
            [
              -77.5232846,
              7.4770417
            ],
            [
              -77.5220031,
              7.4767326
            ],
            [
              -77.5213619,
              7.4765142
            ],
            [
              -77.5195323,
              7.4756349
            ],
            [
              -77.518825,
              7.4751298
            ],
            [
              -77.5176712,
              7.4747878
            ],
            [
              -77.5164561,
              7.4747972
            ],
            [
              -77.5147975,
              7.4753208
            ],
            [
              -77.5140339,
              7.4758055
            ],
            [
              -77.5127947,
              7.4768045
            ],
            [
              -77.5118757,
              7.4778648
            ],
            [
              -77.511111,
              7.4782218
            ],
            [
              -77.5100911,
              7.4786446
            ],
            [
              -77.5089103,
              7.478941
            ],
            [
              -77.507472,
              7.4790161
            ],
            [
              -77.506129,
              7.4790266
            ],
            [
              -77.5049767,
              7.478876
            ],
            [
              -77.5032449,
              7.4782192
            ],
            [
              -77.5020293,
              7.4781649
            ],
            [
              -77.4988334,
              7.4783812
            ],
            [
              -77.4980333,
              7.4782916
            ],
            [
              -77.4956954,
              7.4778311
            ],
            [
              -77.4942233,
              7.4776829
            ],
            [
              -77.4920163,
              7.4776042
            ],
            [
              -77.4887244,
              7.4778213
            ],
            [
              -77.4861344,
              7.4778413
            ],
            [
              -77.4847285,
              7.4779798
            ],
            [
              -77.4830975,
              7.4779606
            ],
            [
              -77.4805338,
              7.4772463
            ],
            [
              -77.4796061,
              7.4771896
            ],
            [
              -77.4787762,
              7.4773876
            ],
            [
              -77.4759973,
              7.477792
            ],
            [
              -77.474431,
              7.4778679
            ],
            [
              -77.4728296,
              7.4775291
            ],
            [
              -77.4712263,
              7.476967
            ],
            [
              -77.4703893,
              7.4762394
            ],
            [
              -77.4685819,
              7.4740831
            ],
            [
              -77.4680548,
              7.4720764
            ],
            [
              -77.4679166,
              7.470737
            ],
            [
              -77.4679045,
              7.4691733
            ],
            [
              -77.4678361,
              7.4685993
            ],
            [
              -77.4684182,
              7.4653075
            ],
            [
              -77.4697951,
              7.4614033
            ],
            [
              -77.4700086,
              7.4600611
            ],
            [
              -77.4699001,
              7.4584343
            ],
            [
              -77.4697004,
              7.4574145
            ],
            [
              -77.4687943,
              7.4560172
            ],
            [
              -77.4678909,
              7.454971
            ],
            [
              -77.4674689,
              7.4541444
            ],
            [
              -77.4668238,
              7.4534153
            ],
            [
              -77.465441,
              7.4524046
            ],
            [
              -77.464378,
              7.4513914
            ],
            [
              -77.4643104,
              7.4509132
            ],
            [
              -77.4644349,
              7.4504654
            ],
            [
              -77.4652886,
              7.4492141
            ],
            [
              -77.4656022,
              7.4484139
            ],
            [
              -77.4655938,
              7.4473288
            ],
            [
              -77.4653968,
              7.4466601
            ],
            [
              -77.4649433,
              7.4458976
            ],
            [
              -77.4642023,
              7.4451692
            ],
            [
              -77.4632662,
              7.4440274
            ],
            [
              -77.4620026,
              7.4418668
            ],
            [
              -77.4616426,
              7.4407844
            ],
            [
              -77.4611801,
              7.4388411
            ],
            [
              -77.460725,
              7.4380608
            ],
            [
              -77.4592317,
              7.4364292
            ],
            [
              -77.4584934,
              7.4358947
            ],
            [
              -77.4577304,
              7.4350269
            ],
            [
              -77.4573059,
              7.4348409
            ],
            [
              -77.456142,
              7.4347384
            ],
            [
              -77.4556818,
              7.434611
            ],
            [
              -77.4548805,
              7.4338551
            ],
            [
              -77.4543188,
              7.4334533
            ],
            [
              -77.4535173,
              7.4331135
            ],
            [
              -77.4526127,
              7.4328554
            ],
            [
              -77.4522619,
              7.432659
            ],
            [
              -77.4519495,
              7.4322147
            ],
            [
              -77.4517659,
              7.4317428
            ],
            [
              -77.4516424,
              7.431141
            ],
            [
              -77.4514614,
              7.4308679
            ],
            [
              -77.4500595,
              7.4299141
            ],
            [
              -77.4490773,
              7.4290748
            ],
            [
              -77.4482577,
              7.4285961
            ],
            [
              -77.447513,
              7.4283801
            ],
            [
              -77.4461294,
              7.4284353
            ],
            [
              -77.4444722,
              7.4282894
            ],
            [
              -77.444315,
              7.4282225
            ],
            [
              -77.4438714,
              7.427796
            ],
            [
              -77.4430035,
              7.4273846
            ],
            [
              -77.4423064,
              7.4268134
            ],
            [
              -77.4419803,
              7.4266473
            ],
            [
              -77.441433,
              7.4265856
            ],
            [
              -77.4400972,
              7.4267069
            ],
            [
              -77.4383137,
              7.4265723
            ],
            [
              -77.437392,
              7.4263229
            ],
            [
              -77.4366425,
              7.4258395
            ],
            [
              -77.4356627,
              7.4247531
            ],
            [
              -77.434711,
              7.4231239
            ],
            [
              -77.4335701,
              7.4215713
            ],
            [
              -77.4326449,
              7.4206353
            ],
            [
              -77.4319055,
              7.419317
            ],
            [
              -77.4319109,
              7.418869
            ],
            [
              -77.4326905,
              7.4172839
            ],
            [
              -77.4330345,
              7.4159103
            ],
            [
              -77.4330663,
              7.4153097
            ],
            [
              -77.4330016,
              7.4148474
            ],
            [
              -77.4328118,
              7.4143483
            ],
            [
              -77.4325075,
              7.4138756
            ],
            [
              -77.4312537,
              7.4126811
            ],
            [
              -77.4303556,
              7.4119345
            ],
            [
              -77.4282982,
              7.411357
            ],
            [
              -77.4262781,
              7.4105367
            ],
            [
              -77.4242581,
              7.4098658
            ],
            [
              -77.4230048,
              7.4092316
            ],
            [
              -77.4216203,
              7.4082986
            ],
            [
              -77.4212279,
              7.4078705
            ],
            [
              -77.4387342,
              7.3959431
            ],
            [
              -77.4397225,
              7.3955367
            ],
            [
              -77.4393524,
              7.3940247
            ],
            [
              -77.4392961,
              7.3926371
            ],
            [
              -77.4395202,
              7.3918199
            ],
            [
              -77.4397289,
              7.3915225
            ],
            [
              -77.4400826,
              7.3912222
            ],
            [
              -77.4405249,
              7.3910917
            ],
            [
              -77.4420852,
              7.3912753
            ],
            [
              -77.442912,
              7.3909686
            ],
            [
              -77.4443057,
              7.3908578
            ],
            [
              -77.4446231,
              7.3906948
            ],
            [
              -77.444802,
              7.3904827
            ],
            [
              -77.4451887,
              7.3886986
            ],
            [
              -77.4452177,
              7.3879547
            ],
            [
              -77.4450508,
              7.3875065
            ],
            [
              -77.4443286,
              7.3865647
            ],
            [
              -77.4441275,
              7.3860436
            ],
            [
              -77.4440925,
              7.3857451
            ],
            [
              -77.4441942,
              7.3855185
            ],
            [
              -77.4444792,
              7.3852126
            ],
            [
              -77.4455306,
              7.3844001
            ],
            [
              -77.4460126,
              7.3837412
            ],
            [
              -77.446211,
              7.3832265
            ],
            [
              -77.4462529,
              7.3827306
            ],
            [
              -77.4461533,
              7.3823559
            ],
            [
              -77.4458614,
              7.3821023
            ],
            [
              -77.4455341,
              7.3820374
            ],
            [
              -77.4440641,
              7.3821684
            ],
            [
              -77.4430509,
              7.3824108
            ],
            [
              -77.4424518,
              7.3824419
            ],
            [
              -77.4420412,
              7.3823855
            ],
            [
              -77.4414619,
              7.3821483
            ],
            [
              -77.4407903,
              7.3816049
            ],
            [
              -77.4405174,
              7.3812393
            ],
            [
              -77.4402094,
              7.3804926
            ],
            [
              -77.4396681,
              7.3800509
            ],
            [
              -77.4391887,
              7.3798848
            ],
            [
              -77.4386895,
              7.3798485
            ],
            [
              -77.4381044,
              7.3799336
            ],
            [
              -77.4376662,
              7.3801471
            ],
            [
              -77.4372643,
              7.3805873
            ],
            [
              -77.4365019,
              7.3821784
            ],
            [
              -77.4362075,
              7.3830818
            ],
            [
              -77.43587,
              7.3846435
            ],
            [
              -77.4359492,
              7.3862685
            ],
            [
              -77.4362629,
              7.3881123
            ],
            [
              -77.4364998,
              7.3888374
            ],
            [
              -77.4364971,
              7.3891113
            ],
            [
              -77.436349,
              7.3894436
            ],
            [
              -77.4361564,
              7.3895986
            ],
            [
              -77.4357298,
              7.3896767
            ],
            [
              -77.4350995,
              7.3896563
            ],
            [
              -77.4346778,
              7.3895478
            ],
            [
              -77.4342001,
              7.3891858
            ],
            [
              -77.4338534,
              7.3887237
            ],
            [
              -77.4336793,
              7.3882525
            ],
            [
              -77.4339498,
              7.387039
            ],
            [
              -77.4344929,
              7.3860916
            ],
            [
              -77.4345861,
              7.3853595
            ],
            [
              -77.4349437,
              7.384542
            ],
            [
              -77.4350091,
              7.384107
            ],
            [
              -77.4349768,
              7.3836768
            ],
            [
              -77.43475,
              7.3830292
            ],
            [
              -77.4347469,
              7.3823997
            ],
            [
              -77.4345616,
              7.3810197
            ],
            [
              -77.4343162,
              7.3802287
            ],
            [
              -77.4342019,
              7.3794167
            ],
            [
              -77.4340406,
              7.379151
            ],
            [
              -77.433452,
              7.3788
            ],
            [
              -77.4329186,
              7.3786462
            ],
            [
              -77.4316008,
              7.3786308
            ],
            [
              -77.4313395,
              7.3788006
            ],
            [
              -77.4309941,
              7.3792427
            ],
            [
              -77.4305282,
              7.3796554
            ],
            [
              -77.4298606,
              7.3806741
            ],
            [
              -77.4288183,
              7.381418
            ],
            [
              -77.4284439,
              7.3814884
            ],
            [
              -77.4270805,
              7.3813924
            ],
            [
              -77.4267227,
              7.3813235
            ],
            [
              -77.4262045,
              7.381044
            ],
            [
              -77.4271377,
              7.3804461
            ],
            [
              -77.4279985,
              7.3793595
            ],
            [
              -77.4283116,
              7.3788144
            ],
            [
              -77.4289933,
              7.3771613
            ],
            [
              -77.4290113,
              7.3763966
            ],
            [
              -77.4288523,
              7.3761657
            ],
            [
              -77.4285751,
              7.3760071
            ],
            [
              -77.4280752,
              7.3760539
            ],
            [
              -77.426615,
              7.3768466
            ],
            [
              -77.4259724,
              7.3767846
            ],
            [
              -77.4258738,
              7.3766971
            ],
            [
              -77.4258267,
              7.3765077
            ],
            [
              -77.4258729,
              7.3762463
            ],
            [
              -77.4260713,
              7.3759045
            ],
            [
              -77.4272106,
              7.375123
            ],
            [
              -77.4275962,
              7.3747547
            ],
            [
              -77.4277719,
              7.3743905
            ],
            [
              -77.4278454,
              7.3733727
            ],
            [
              -77.4276459,
              7.3726274
            ],
            [
              -77.4276515,
              7.3704473
            ],
            [
              -77.427808,
              7.3696243
            ],
            [
              -77.4281824,
              7.3689093
            ],
            [
              -77.4283921,
              7.3687686
            ],
            [
              -77.4290684,
              7.3687838
            ],
            [
              -77.430985,
              7.3684775
            ],
            [
              -77.4312526,
              7.3685301
            ],
            [
              -77.4315556,
              7.368784
            ],
            [
              -77.4318829,
              7.3693273
            ],
            [
              -77.4318666,
              7.3698387
            ],
            [
              -77.4317026,
              7.3701375
            ],
            [
              -77.4305171,
              7.371106
            ],
            [
              -77.4301499,
              7.3715817
            ],
            [
              -77.4300551,
              7.3721218
            ],
            [
              -77.4301906,
              7.3731464
            ],
            [
              -77.4303127,
              7.3733812
            ],
            [
              -77.4305841,
              7.3736014
            ],
            [
              -77.4317084,
              7.3741074
            ],
            [
              -77.4321173,
              7.3741912
            ],
            [
              -77.4329753,
              7.3741266
            ],
            [
              -77.4332827,
              7.3738656
            ],
            [
              -77.4334402,
              7.3734749
            ],
            [
              -77.4334409,
              7.3716366
            ],
            [
              -77.4335312,
              7.3709178
            ],
            [
              -77.433724,
              7.3702922
            ],
            [
              -77.4340089,
              7.3697487
            ],
            [
              -77.4343695,
              7.3693732
            ],
            [
              -77.4347866,
              7.3691577
            ],
            [
              -77.43535,
              7.369113
            ],
            [
              -77.4356786,
              7.3688117
            ],
            [
              -77.4358374,
              7.3681476
            ],
            [
              -77.4356774,
              7.3668793
            ],
            [
              -77.4366294,
              7.3654459
            ],
            [
              -77.4369457,
              7.3643163
            ],
            [
              -77.4369985,
              7.3630299
            ],
            [
              -77.4368233,
              7.3616777
            ],
            [
              -77.4365853,
              7.3612221
            ],
            [
              -77.43593,
              7.3603454
            ],
            [
              -77.4355033,
              7.359895
            ],
            [
              -77.4353317,
              7.3593922
            ],
            [
              -77.435572,
              7.3576978
            ],
            [
              -77.4357458,
              7.3574189
            ],
            [
              -77.4365303,
              7.3567526
            ],
            [
              -77.4367452,
              7.3564543
            ],
            [
              -77.4368601,
              7.3560405
            ],
            [
              -77.4367626,
              7.3554585
            ],
            [
              -77.4365536,
              7.3551689
            ],
            [
              -77.4362197,
              7.3549679
            ],
            [
              -77.435246,
              7.3548888
            ],
            [
              -77.4349299,
              7.3547842
            ],
            [
              -77.4339027,
              7.3539503
            ],
            [
              -77.4331161,
              7.3536338
            ],
            [
              -77.4323859,
              7.3529224
            ],
            [
              -77.4314945,
              7.352201
            ],
            [
              -77.4313369,
              7.351946
            ],
            [
              -77.4313462,
              7.3517902
            ],
            [
              -77.4315732,
              7.3513031
            ],
            [
              -77.4320286,
              7.350717
            ],
            [
              -77.4323881,
              7.3503973
            ],
            [
              -77.4326886,
              7.3502342
            ],
            [
              -77.4333877,
              7.3500276
            ],
            [
              -77.4349914,
              7.3497161
            ],
            [
              -77.4359304,
              7.3491541
            ],
            [
              -77.4370377,
              7.3487169
            ],
            [
              -77.4374727,
              7.3486571
            ],
            [
              -77.4375832,
              7.3487383
            ],
            [
              -77.4376661,
              7.348946
            ],
            [
              -77.4376804,
              7.3505652
            ],
            [
              -77.4377687,
              7.3511571
            ],
            [
              -77.4378997,
              7.3514574
            ],
            [
              -77.4382608,
              7.3519871
            ],
            [
              -77.4389402,
              7.3527445
            ],
            [
              -77.4394657,
              7.3529559
            ],
            [
              -77.4399595,
              7.3528693
            ],
            [
              -77.4402876,
              7.3526456
            ],
            [
              -77.4408134,
              7.3520735
            ],
            [
              -77.4415465,
              7.3514784
            ],
            [
              -77.4430066,
              7.3494011
            ],
            [
              -77.4433193,
              7.3490781
            ],
            [
              -77.4438924,
              7.3487302
            ],
            [
              -77.444863,
              7.3484732
            ],
            [
              -77.4454166,
              7.3481664
            ],
            [
              -77.4457942,
              7.348061
            ],
            [
              -77.4461342,
              7.3477735
            ],
            [
              -77.4468025,
              7.346167
            ],
            [
              -77.4468437,
              7.3449434
            ],
            [
              -77.4478228,
              7.3425228
            ],
            [
              -77.4481384,
              7.3423247
            ],
            [
              -77.4484905,
              7.3422664
            ],
            [
              -77.4490194,
              7.3423629
            ],
            [
              -77.4495964,
              7.3427488
            ],
            [
              -77.4498331,
              7.3427376
            ],
            [
              -77.4500068,
              7.3426145
            ],
            [
              -77.4500393,
              7.3421045
            ],
            [
              -77.4495613,
              7.34116
            ],
            [
              -77.4493468,
              7.340493
            ],
            [
              -77.4491457,
              7.3401551
            ],
            [
              -77.4487151,
              7.3397008
            ],
            [
              -77.4482545,
              7.3395843
            ],
            [
              -77.4476534,
              7.3396994
            ],
            [
              -77.4473237,
              7.3398691
            ],
            [
              -77.4469459,
              7.3403322
            ],
            [
              -77.4466407,
              7.340492
            ],
            [
              -77.4464244,
              7.3404142
            ],
            [
              -77.4463573,
              7.3401988
            ],
            [
              -77.4464905,
              7.3398978
            ],
            [
              -77.4469112,
              7.3395621
            ],
            [
              -77.4470896,
              7.3393066
            ],
            [
              -77.4473457,
              7.3386854
            ],
            [
              -77.4473921,
              7.3381538
            ],
            [
              -77.4474904,
              7.3380371
            ],
            [
              -77.4484423,
              7.3379697
            ],
            [
              -77.4488376,
              7.3376949
            ],
            [
              -77.4494188,
              7.3374471
            ],
            [
              -77.4497279,
              7.3375279
            ],
            [
              -77.4501856,
              7.3379687
            ],
            [
              -77.4506454,
              7.3381297
            ],
            [
              -77.4512191,
              7.3381089
            ],
            [
              -77.4515567,
              7.3379689
            ],
            [
              -77.4516523,
              7.3378321
            ],
            [
              -77.4516758,
              7.3374615
            ],
            [
              -77.4514109,
              7.3366108
            ],
            [
              -77.4513445,
              7.3356619
            ],
            [
              -77.4510978,
              7.3350226
            ],
            [
              -77.4507278,
              7.334718
            ],
            [
              -77.4500345,
              7.3346693
            ],
            [
              -77.4497535,
              7.3348224
            ],
            [
              -77.449461,
              7.3351929
            ],
            [
              -77.4493605,
              7.3355761
            ],
            [
              -77.4491278,
              7.3356015
            ],
            [
              -77.4489921,
              7.3353361
            ],
            [
              -77.4489973,
              7.3349787
            ],
            [
              -77.4488776,
              7.3346232
            ],
            [
              -77.4488833,
              7.3338404
            ],
            [
              -77.4491124,
              7.333292
            ],
            [
              -77.4496805,
              7.3325705
            ],
            [
              -77.4496835,
              7.3320987
            ],
            [
              -77.4494629,
              7.3316266
            ],
            [
              -77.4494102,
              7.3312808
            ],
            [
              -77.4494674,
              7.331043
            ],
            [
              -77.4496611,
              7.3308451
            ],
            [
              -77.4498997,
              7.3308247
            ],
            [
              -77.4501331,
              7.3309108
            ],
            [
              -77.4511649,
              7.3319748
            ],
            [
              -77.4519809,
              7.3324201
            ],
            [
              -77.4523109,
              7.3324465
            ],
            [
              -77.4526602,
              7.3323733
            ],
            [
              -77.4528809,
              7.3321966
            ],
            [
              -77.4530151,
              7.33195
            ],
            [
              -77.4529362,
              7.3314616
            ],
            [
              -77.4524108,
              7.330144
            ],
            [
              -77.4523431,
              7.3294118
            ],
            [
              -77.4526291,
              7.3288386
            ],
            [
              -77.4536211,
              7.3279164
            ],
            [
              -77.453745,
              7.327444
            ],
            [
              -77.4535659,
              7.3272406
            ],
            [
              -77.4531316,
              7.3271132
            ],
            [
              -77.4525486,
              7.3271133
            ],
            [
              -77.4521416,
              7.3273286
            ],
            [
              -77.4517683,
              7.3273298
            ],
            [
              -77.4523801,
              7.3262279
            ],
            [
              -77.4525581,
              7.325431
            ],
            [
              -77.452042,
              7.3240197
            ],
            [
              -77.4513567,
              7.3225543
            ],
            [
              -77.4513148,
              7.3220086
            ],
            [
              -77.4514374,
              7.321867
            ],
            [
              -77.4517061,
              7.3218662
            ],
            [
              -77.4518693,
              7.3221701
            ],
            [
              -77.4519377,
              7.3227508
            ],
            [
              -77.4522913,
              7.3228845
            ],
            [
              -77.4526786,
              7.3228442
            ],
            [
              -77.4529333,
              7.3227435
            ],
            [
              -77.453066,
              7.3226096
            ],
            [
              -77.453326,
              7.321564
            ],
            [
              -77.4535236,
              7.3212249
            ],
            [
              -77.4537747,
              7.3211481
            ],
            [
              -77.454505,
              7.3212013
            ],
            [
              -77.4548356,
              7.3210391
            ],
            [
              -77.454914,
              7.3207207
            ],
            [
              -77.4548904,
              7.320381
            ],
            [
              -77.4547775,
              7.3200649
            ],
            [
              -77.4545793,
              7.3198023
            ],
            [
              -77.4541113,
              7.3194505
            ],
            [
              -77.4532158,
              7.3191934
            ],
            [
              -77.4527964,
              7.3188168
            ],
            [
              -77.4528734,
              7.3185798
            ],
            [
              -77.4531166,
              7.3184658
            ],
            [
              -77.4535104,
              7.3185197
            ],
            [
              -77.4540282,
              7.3188394
            ],
            [
              -77.4544001,
              7.3187869
            ],
            [
              -77.4546567,
              7.3185678
            ],
            [
              -77.4549625,
              7.3179302
            ],
            [
              -77.4549539,
              7.3175473
            ],
            [
              -77.4548102,
              7.3172893
            ],
            [
              -77.4541656,
              7.3169014
            ],
            [
              -77.4535666,
              7.3168504
            ],
            [
              -77.4533878,
              7.3167691
            ],
            [
              -77.4532224,
              7.3165709
            ],
            [
              -77.4532431,
              7.3162414
            ],
            [
              -77.4534565,
              7.3159282
            ],
            [
              -77.453825,
              7.3156499
            ],
            [
              -77.4548786,
              7.3156045
            ],
            [
              -77.4554611,
              7.3154695
            ],
            [
              -77.4566856,
              7.3149354
            ],
            [
              -77.4572334,
              7.3145071
            ],
            [
              -77.4573706,
              7.3141188
            ],
            [
              -77.456617,
              7.3131293
            ],
            [
              -77.4565486,
              7.3128226
            ],
            [
              -77.4565932,
              7.3124109
            ],
            [
              -77.4568496,
              7.3116768
            ],
            [
              -77.4579393,
              7.3107757
            ],
            [
              -77.4583988,
              7.3100032
            ],
            [
              -77.4584863,
              7.3096948
            ],
            [
              -77.4584398,
              7.3093086
            ],
            [
              -77.4581794,
              7.308993
            ],
            [
              -77.4569602,
              7.3090177
            ],
            [
              -77.4565502,
              7.3087772
            ],
            [
              -77.456446,
              7.3082673
            ],
            [
              -77.4566752,
              7.3074988
            ],
            [
              -77.4566875,
              7.3071086
            ],
            [
              -77.4564904,
              7.3067706
            ],
            [
              -77.4561001,
              7.3064999
            ],
            [
              -77.4559352,
              7.3062918
            ],
            [
              -77.4558397,
              7.3060017
            ],
            [
              -77.4558708,
              7.3057587
            ],
            [
              -77.4563808,
              7.305503
            ],
            [
              -77.4575069,
              7.3052757
            ],
            [
              -77.4580825,
              7.3049352
            ],
            [
              -77.458476,
              7.304994
            ],
            [
              -77.4589301,
              7.3053574
            ],
            [
              -77.4592502,
              7.3054548
            ],
            [
              -77.4597666,
              7.3054686
            ],
            [
              -77.4602103,
              7.3052723
            ],
            [
              -77.4604126,
              7.3050273
            ],
            [
              -77.4604976,
              7.3047629
            ],
            [
              -77.4604714,
              7.3044288
            ],
            [
              -77.4603307,
              7.3041264
            ],
            [
              -77.4601151,
              7.3039365
            ],
            [
              -77.4598331,
              7.3038255
            ],
            [
              -77.4586851,
              7.3038481
            ],
            [
              -77.4585153,
              7.3035059
            ],
            [
              -77.4586313,
              7.3031298
            ],
            [
              -77.4587652,
              7.3029914
            ],
            [
              -77.4594789,
              7.3026053
            ],
            [
              -77.460468,
              7.3017909
            ],
            [
              -77.4609418,
              7.3016246
            ],
            [
              -77.4614388,
              7.301612
            ],
            [
              -77.4624442,
              7.301437
            ],
            [
              -77.4638483,
              7.300547
            ],
            [
              -77.4642081,
              7.3001766
            ],
            [
              -77.4644652,
              7.2997117
            ],
            [
              -77.4646527,
              7.2990951
            ],
            [
              -77.4647136,
              7.2984853
            ],
            [
              -77.4648988,
              7.2981097
            ],
            [
              -77.465114,
              7.298112
            ],
            [
              -77.4652754,
              7.2982089
            ],
            [
              -77.4653638,
              7.2988182
            ],
            [
              -77.4652094,
              7.2994022
            ],
            [
              -77.4647801,
              7.3003531
            ],
            [
              -77.4645534,
              7.3005662
            ],
            [
              -77.4630277,
              7.3014215
            ],
            [
              -77.4627712,
              7.3017843
            ],
            [
              -77.4628033,
              7.3027062
            ],
            [
              -77.462945,
              7.3029064
            ],
            [
              -77.4631875,
              7.3030561
            ],
            [
              -77.4638655,
              7.3030181
            ],
            [
              -77.464536,
              7.3027324
            ],
            [
              -77.4650718,
              7.3023061
            ],
            [
              -77.4657859,
              7.3014786
            ],
            [
              -77.4663014,
              7.3011761
            ],
            [
              -77.4667642,
              7.30116
            ],
            [
              -77.4673371,
              7.301483
            ],
            [
              -77.4675802,
              7.3015462
            ],
            [
              -77.4679901,
              7.3015385
            ],
            [
              -77.4683808,
              7.3014223
            ],
            [
              -77.4696108,
              7.3003823
            ],
            [
              -77.4721036,
              7.299143
            ],
            [
              -77.4727255,
              7.2986902
            ],
            [
              -77.4731528,
              7.2981981
            ],
            [
              -77.4733744,
              7.2978095
            ],
            [
              -77.4734376,
              7.2973412
            ],
            [
              -77.4733141,
              7.2970389
            ],
            [
              -77.4728644,
              7.2966615
            ],
            [
              -77.4720377,
              7.2963005
            ],
            [
              -77.4716726,
              7.2962419
            ],
            [
              -77.4705122,
              7.2962578
            ],
            [
              -77.4701659,
              7.2961426
            ],
            [
              -77.4696953,
              7.2957263
            ],
            [
              -77.4693275,
              7.2952041
            ],
            [
              -77.4691678,
              7.2945556
            ],
            [
              -77.4693164,
              7.2942057
            ],
            [
              -77.469636,
              7.2940032
            ],
            [
              -77.4702349,
              7.2939497
            ],
            [
              -77.4714949,
              7.2940964
            ],
            [
              -77.4724442,
              7.2940535
            ],
            [
              -77.4729577,
              7.2937729
            ],
            [
              -77.4733453,
              7.293329
            ],
            [
              -77.4735148,
              7.2928157
            ],
            [
              -77.4733368,
              7.2925263
            ],
            [
              -77.472521,
              7.2918411
            ],
            [
              -77.4723221,
              7.2917671
            ],
            [
              -77.4718016,
              7.2917844
            ],
            [
              -77.4716755,
              7.2915499
            ],
            [
              -77.4717433,
              7.2912135
            ],
            [
              -77.4724275,
              7.2903322
            ],
            [
              -77.4724868,
              7.2887768
            ],
            [
              -77.4726201,
              7.2885558
            ],
            [
              -77.4732334,
              7.2883418
            ],
            [
              -77.4740765,
              7.2883557
            ],
            [
              -77.4744883,
              7.2882818
            ],
            [
              -77.4752369,
              7.2879225
            ],
            [
              -77.4760017,
              7.2872006
            ],
            [
              -77.4766795,
              7.2860933
            ],
            [
              -77.4772435,
              7.2857018
            ],
            [
              -77.4779729,
              7.2849295
            ],
            [
              -77.4782943,
              7.284716
            ],
            [
              -77.4790282,
              7.2845392
            ],
            [
              -77.4793545,
              7.28475
            ],
            [
              -77.4794394,
              7.2850285
            ],
            [
              -77.4794009,
              7.2853591
            ],
            [
              -77.4792541,
              7.285721
            ],
            [
              -77.4792069,
              7.2863097
            ],
            [
              -77.4789573,
              7.2869799
            ],
            [
              -77.4788609,
              7.2880824
            ],
            [
              -77.4789244,
              7.2883743
            ],
            [
              -77.4791988,
              7.2891317
            ],
            [
              -77.4794698,
              7.28945
            ],
            [
              -77.4797736,
              7.2896063
            ],
            [
              -77.4802282,
              7.2896801
            ],
            [
              -77.4806421,
              7.289658
            ],
            [
              -77.4814467,
              7.2889116
            ],
            [
              -77.4819938,
              7.2878512
            ],
            [
              -77.4827146,
              7.2872643
            ],
            [
              -77.4830032,
              7.2867208
            ],
            [
              -77.4833587,
              7.2864569
            ],
            [
              -77.4837079,
              7.2863898
            ],
            [
              -77.4841463,
              7.2864553
            ],
            [
              -77.4852651,
              7.2870865
            ],
            [
              -77.4856617,
              7.2870643
            ],
            [
              -77.4860158,
              7.2868683
            ],
            [
              -77.4862797,
              7.2863649
            ],
            [
              -77.4863567,
              7.2854714
            ],
            [
              -77.4864678,
              7.2851912
            ],
            [
              -77.4868125,
              7.2848129
            ],
            [
              -77.4874058,
              7.2845066
            ],
            [
              -77.4884331,
              7.2832118
            ],
            [
              -77.4891424,
              7.2818047
            ],
            [
              -77.4890725,
              7.2809497
            ],
            [
              -77.4886753,
              7.2805877
            ],
            [
              -77.4884044,
              7.2804446
            ],
            [
              -77.4875431,
              7.2801908
            ],
            [
              -77.4871927,
              7.2800192
            ],
            [
              -77.4870245,
              7.2798502
            ],
            [
              -77.4869852,
              7.2796252
            ],
            [
              -77.4870334,
              7.2794678
            ],
            [
              -77.4872125,
              7.2794016
            ],
            [
              -77.4886437,
              7.2792912
            ],
            [
              -77.488992,
              7.2791557
            ],
            [
              -77.4892183,
              7.2786165
            ],
            [
              -77.4892502,
              7.2775895
            ],
            [
              -77.4891656,
              7.2773603
            ],
            [
              -77.4886119,
              7.2768906
            ],
            [
              -77.4882348,
              7.2764049
            ],
            [
              -77.4881343,
              7.2763966
            ],
            [
              -77.4879877,
              7.2765115
            ],
            [
              -77.4870272,
              7.2753355
            ],
            [
              -77.4863406,
              7.2733493
            ],
            [
              -77.4860343,
              7.2728056
            ],
            [
              -77.4855505,
              7.2723049
            ],
            [
              -77.4853318,
              7.272184
            ],
            [
              -77.4848273,
              7.2720674
            ],
            [
              -77.484584,
              7.2718724
            ],
            [
              -77.4844528,
              7.2716603
            ],
            [
              -77.4844747,
              7.2710868
            ],
            [
              -77.4848065,
              7.2706392
            ],
            [
              -77.4848446,
              7.2704662
            ],
            [
              -77.484802,
              7.2700985
            ],
            [
              -77.4844416,
              7.2695758
            ],
            [
              -77.4843755,
              7.2692669
            ],
            [
              -77.4844762,
              7.2685478
            ],
            [
              -77.4847102,
              7.2677042
            ],
            [
              -77.4847506,
              7.2670072
            ],
            [
              -77.4845608,
              7.2665564
            ],
            [
              -77.4836876,
              7.2657477
            ],
            [
              -77.4835513,
              7.2655358
            ],
            [
              -77.4835475,
              7.265168
            ],
            [
              -77.483836,
              7.2640932
            ],
            [
              -77.4839534,
              7.2633565
            ],
            [
              -77.4837464,
              7.2627819
            ],
            [
              -77.4832438,
              7.2621063
            ],
            [
              -77.4833022,
              7.2605188
            ],
            [
              -77.4835058,
              7.2600851
            ],
            [
              -77.4842146,
              7.2594441
            ],
            [
              -77.4861809,
              7.2586345
            ],
            [
              -77.4866675,
              7.2578376
            ],
            [
              -77.4870747,
              7.2574179
            ],
            [
              -77.4873904,
              7.2572456
            ],
            [
              -77.4887726,
              7.2568313
            ],
            [
              -77.4895632,
              7.2567247
            ],
            [
              -77.4918224,
              7.2566804
            ],
            [
              -77.4925722,
              7.2564729
            ],
            [
              -77.4931491,
              7.2560333
            ],
            [
              -77.4940548,
              7.2547869
            ],
            [
              -77.494764,
              7.2541209
            ],
            [
              -77.4958169,
              7.2534333
            ],
            [
              -77.4972071,
              7.2527631
            ],
            [
              -77.4980946,
              7.2524886
            ],
            [
              -77.4990266,
              7.2523219
            ],
            [
              -77.5010359,
              7.2523626
            ],
            [
              -77.5016767,
              7.2522203
            ],
            [
              -77.502106,
              7.2520396
            ],
            [
              -77.5024782,
              7.251711
            ],
            [
              -77.5031192,
              7.2508652
            ],
            [
              -77.5035074,
              7.2504738
            ],
            [
              -77.5058977,
              7.2487615
            ],
            [
              -77.5060494,
              7.2485339
            ],
            [
              -77.5063662,
              7.2476728
            ],
            [
              -77.5066221,
              7.2473013
            ],
            [
              -77.5068617,
              7.2472136
            ],
            [
              -77.507437,
              7.247264
            ],
            [
              -77.5085589,
              7.2471137
            ],
            [
              -77.5091987,
              7.2473169
            ],
            [
              -77.5096595,
              7.2481906
            ],
            [
              -77.5100641,
              7.2484275
            ],
            [
              -77.5103648,
              7.2488313
            ],
            [
              -77.5107575,
              7.249163
            ],
            [
              -77.5119585,
              7.2506397
            ],
            [
              -77.5122434,
              7.2512542
            ],
            [
              -77.5122487,
              7.2517911
            ],
            [
              -77.5123641,
              7.2523229
            ],
            [
              -77.5129395,
              7.2532257
            ],
            [
              -77.5131844,
              7.253964
            ],
            [
              -77.514063,
              7.2547277
            ],
            [
              -77.5150364,
              7.2557658
            ],
            [
              -77.5159717,
              7.2561674
            ],
            [
              -77.5166185,
              7.2566589
            ],
            [
              -77.5171536,
              7.256686
            ],
            [
              -77.5182696,
              7.2564399
            ],
            [
              -77.5198581,
              7.2563184
            ],
            [
              -77.5203869,
              7.2563484
            ],
            [
              -77.5209146,
              7.2565676
            ],
            [
              -77.5217822,
              7.2572875
            ],
            [
              -77.5219516,
              7.2576002
            ],
            [
              -77.5220773,
              7.2581153
            ],
            [
              -77.5221106,
              7.2591684
            ],
            [
              -77.522491,
              7.2598417
            ],
            [
              -77.5226568,
              7.260626
            ],
            [
              -77.523088,
              7.2614473
            ],
            [
              -77.5232641,
              7.2620906
            ],
            [
              -77.5235629,
              7.2627821
            ],
            [
              -77.5242459,
              7.2635251
            ],
            [
              -77.524626,
              7.2641158
            ],
            [
              -77.5249701,
              7.2655002
            ],
            [
              -77.5256658,
              7.2663124
            ],
            [
              -77.5262803,
              7.2668387
            ],
            [
              -77.52669,
              7.2670562
            ],
            [
              -77.5278072,
              7.2674129
            ],
            [
              -77.5282842,
              7.2677006
            ],
            [
              -77.5284588,
              7.2679064
            ],
            [
              -77.528555,
              7.2684582
            ],
            [
              -77.5285306,
              7.2688215
            ],
            [
              -77.5282369,
              7.269305
            ],
            [
              -77.5278669,
              7.2696977
            ],
            [
              -77.5277737,
              7.2700147
            ],
            [
              -77.527774,
              7.2703235
            ],
            [
              -77.5279466,
              7.2708892
            ],
            [
              -77.5281273,
              7.2711925
            ],
            [
              -77.5284808,
              7.2714927
            ],
            [
              -77.5288066,
              7.2715469
            ],
            [
              -77.529486,
              7.2712361
            ],
            [
              -77.531042,
              7.2709093
            ],
            [
              -77.5313273,
              7.2709095
            ],
            [
              -77.5318229,
              7.2710879
            ],
            [
              -77.5324605,
              7.2710314
            ],
            [
              -77.532819,
              7.2707714
            ],
            [
              -77.5332158,
              7.2701821
            ],
            [
              -77.5337323,
              7.2698541
            ],
            [
              -77.5341278,
              7.2697609
            ],
            [
              -77.5355953,
              7.2699464
            ],
            [
              -77.5365251,
              7.2699367
            ],
            [
              -77.5372725,
              7.2700712
            ],
            [
              -77.5382932,
              7.2700312
            ],
            [
              -77.5387465,
              7.2700861
            ],
            [
              -77.5396948,
              7.2704876
            ],
            [
              -77.540576,
              7.2712911
            ],
            [
              -77.5407636,
              7.2713879
            ],
            [
              -77.5412127,
              7.2714164
            ],
            [
              -77.5417561,
              7.2711882
            ],
            [
              -77.5427732,
              7.2700278
            ],
            [
              -77.5439876,
              7.2695062
            ],
            [
              -77.5460031,
              7.2689145
            ],
            [
              -77.5475991,
              7.2679738
            ],
            [
              -77.549066,
              7.266938
            ],
            [
              -77.549542,
              7.266294
            ],
            [
              -77.5498898,
              7.265651
            ],
            [
              -77.5510554,
              7.2629527
            ],
            [
              -77.5517827,
              7.2616344
            ],
            [
              -77.5524162,
              7.2606371
            ],
            [
              -77.5532104,
              7.2596704
            ],
            [
              -77.5539113,
              7.2590888
            ],
            [
              -77.5548694,
              7.2586012
            ],
            [
              -77.5559709,
              7.258361
            ],
            [
              -77.5577282,
              7.2583117
            ],
            [
              -77.5585873,
              7.2580543
            ],
            [
              -77.5593728,
              7.2575827
            ],
            [
              -77.5603344,
              7.2566797
            ],
            [
              -77.561362,
              7.2550241
            ],
            [
              -77.5624241,
              7.253189
            ],
            [
              -77.5628452,
              7.2519678
            ],
            [
              -77.5628402,
              7.251323
            ],
            [
              -77.5626923,
              7.250751
            ],
            [
              -77.5617842,
              7.2492892
            ],
            [
              -77.5612015,
              7.2481474
            ],
            [
              -77.5607256,
              7.2468974
            ],
            [
              -77.5602416,
              7.2446085
            ],
            [
              -77.5593721,
              7.2435047
            ],
            [
              -77.55879,
              7.2424344
            ],
            [
              -77.5585684,
              7.2416122
            ],
            [
              -77.5587757,
              7.2405718
            ],
            [
              -77.5593433,
              7.2397436
            ],
            [
              -77.5600207,
              7.2392011
            ],
            [
              -77.5609497,
              7.2387282
            ],
            [
              -77.5619135,
              7.2381119
            ],
            [
              -77.5625164,
              7.2372117
            ],
            [
              -77.5629038,
              7.2362774
            ],
            [
              -77.5629693,
              7.2354529
            ],
            [
              -77.562852,
              7.2342001
            ],
            [
              -77.5625151,
              7.2323758
            ],
            [
              -77.5628363,
              7.2307259
            ],
            [
              -77.5630249,
              7.2301601
            ],
            [
              -77.5629483,
              7.2295158
            ],
            [
              -77.5626177,
              7.2285153
            ],
            [
              -77.5622182,
              7.2278736
            ],
            [
              -77.5613755,
              7.2275383
            ],
            [
              -77.5603857,
              7.2274577
            ],
            [
              -77.559774,
              7.2272117
            ],
            [
              -77.5594484,
              7.2268559
            ],
            [
              -77.557452,
              7.2237905
            ],
            [
              -77.5570509,
              7.2229339
            ],
            [
              -77.5567573,
              7.2220764
            ],
            [
              -77.556711,
              7.2207155
            ],
            [
              -77.5572342,
              7.2187771
            ],
            [
              -77.5569621,
              7.2160209
            ],
            [
              -77.5570218,
              7.2144442
            ],
            [
              -77.5574472,
              7.2137961
            ],
            [
              -77.5580531,
              7.21329
            ],
            [
              -77.5588745,
              7.2128181
            ],
            [
              -77.5612634,
              7.2109371
            ],
            [
              -77.5618674,
              7.2101803
            ],
            [
              -77.5622924,
              7.2094606
            ],
            [
              -77.5625007,
              7.2085635
            ],
            [
              -77.5628197,
              7.2080595
            ],
            [
              -77.5634992,
              7.2078036
            ],
            [
              -77.5643592,
              7.2076896
            ],
            [
              -77.5653613,
              7.2073953
            ],
            [
              -77.5669331,
              7.2065594
            ],
            [
              -77.5687643,
              7.2067961
            ],
            [
              -77.5700169,
              7.2064284
            ],
            [
              -77.5705516,
              7.2059944
            ],
            [
              -77.5710435,
              7.2046653
            ],
            [
              -77.5718906,
              7.2028677
            ],
            [
              -77.5730969,
              7.2011391
            ],
            [
              -77.5736275,
              7.2001678
            ],
            [
              -77.5739075,
              7.1992701
            ],
            [
              -77.5740797,
              7.1983375
            ],
            [
              -77.5739661,
              7.1975502
            ],
            [
              -77.5737446,
              7.1967281
            ],
            [
              -77.5728697,
              7.1949079
            ],
            [
              -77.5720969,
              7.1923347
            ],
            [
              -77.5716966,
              7.1915854
            ],
            [
              -77.5713256,
              7.1899763
            ],
            [
              -77.5713568,
              7.1893671
            ],
            [
              -77.5717461,
              7.1886835
            ],
            [
              -77.5723525,
              7.188249
            ],
            [
              -77.5729206,
              7.1874924
            ],
            [
              -77.5732727,
              7.18663
            ],
            [
              -77.5737693,
              7.1859098
            ],
            [
              -77.5742678,
              7.1854403
            ],
            [
              -77.5749411,
              7.1843605
            ],
            [
              -77.5753271,
              7.1832471
            ],
            [
              -77.5756025,
              7.1817405
            ],
            [
              -77.5756662,
              7.1807012
            ],
            [
              -77.5761854,
              7.1782256
            ],
            [
              -77.5768202,
              7.1768237
            ],
            [
              -77.5782424,
              7.1752009
            ],
            [
              -77.5793148,
              7.174727
            ],
            [
              -77.5806409,
              7.1746095
            ],
            [
              -77.5819513,
              7.1747066
            ],
            [
              -77.5823467,
              7.1747832
            ],
            [
              -77.5829192,
              7.1752285
            ],
            [
              -77.5838098,
              7.1752921
            ],
            [
              -77.5842551,
              7.1755784
            ],
            [
              -77.5849548,
              7.1762145
            ],
            [
              -77.5857182,
              7.1769143
            ],
            [
              -77.5860999,
              7.1772959
            ],
            [
              -77.5870541,
              7.1775504
            ],
            [
              -77.587563,
              7.1779957
            ],
            [
              -77.58839,
              7.1786954
            ],
            [
              -77.5894078,
              7.1794588
            ],
            [
              -77.5904256,
              7.1797132
            ],
            [
              -77.5911253,
              7.1797132
            ],
            [
              -77.5916342,
              7.1801585
            ],
            [
              -77.5918251,
              7.1804766
            ],
            [
              -77.5918078,
              7.1811898
            ],
            [
              -77.5916342,
              7.1816853
            ],
            [
              -77.5913162,
              7.1826395
            ],
            [
              -77.5909345,
              7.18353
            ],
            [
              -77.5909345,
              7.1858837
            ],
            [
              -77.5908709,
              7.1865199
            ],
            [
              -77.5908709,
              7.1881102
            ],
            [
              -77.5909485,
              7.1885634
            ],
            [
              -77.5909345,
              7.1889372
            ],
            [
              -77.5909345,
              7.1893825
            ],
            [
              -77.5909981,
              7.1897641
            ],
            [
              -77.5912526,
              7.1900822
            ],
            [
              -77.591507,
              7.1905911
            ],
            [
              -77.5916342,
              7.1910364
            ],
            [
              -77.5918887,
              7.1913545
            ],
            [
              -77.5921431,
              7.1917998
            ],
            [
              -77.5925248,
              7.1920542
            ],
            [
              -77.5927157,
              7.1923087
            ],
            [
              -77.5930337,
              7.1926267
            ],
            [
              -77.5933518,
              7.1931993
            ],
            [
              -77.593479,
              7.193899
            ],
            [
              -77.593479,
              7.1943443
            ],
            [
              -77.5936063,
              7.1949804
            ],
            [
              -77.5937335,
              7.1952985
            ],
            [
              -77.5939243,
              7.1958074
            ],
            [
              -77.594306,
              7.1962527
            ],
            [
              -77.5946241,
              7.1965708
            ],
            [
              -77.5949421,
              7.1970161
            ],
            [
              -77.5952602,
              7.1973341
            ],
            [
              -77.5955147,
              7.1977794
            ],
            [
              -77.5958327,
              7.1983519
            ],
            [
              -77.5963416,
              7.1993061
            ],
            [
              -77.5966597,
              7.1996242
            ],
            [
              -77.5971686,
              7.1997514
            ],
            [
              -77.5978047,
              7.2002603
            ],
            [
              -77.5981228,
              7.2012145
            ],
            [
              -77.5981228,
              7.201469
            ],
            [
              -77.5984409,
              7.2019779
            ],
            [
              -77.5991406,
              7.2025504
            ],
            [
              -77.5999676,
              7.2030593
            ],
            [
              -77.6007309,
              7.2036318
            ],
            [
              -77.6011762,
              7.2040771
            ],
            [
              -77.6020032,
              7.2043952
            ],
            [
              -77.6023213,
              7.2049677
            ],
            [
              -77.6029574,
              7.2053494
            ],
            [
              -77.6032755,
              7.205413
            ],
            [
              -77.6036572,
              7.205413
            ],
            [
              -77.6042297,
              7.2057947
            ],
            [
              -77.6048658,
              7.2058583
            ],
            [
              -77.6054383,
              7.2063672
            ],
            [
              -77.6057564,
              7.2068125
            ],
            [
              -77.6061381,
              7.207385
            ],
            [
              -77.6071559,
              7.2080848
            ],
            [
              -77.6082373,
              7.2083392
            ],
            [
              -77.6091915,
              7.2083392
            ],
            [
              -77.6100821,
              7.2081484
            ],
            [
              -77.6102093,
              7.2077031
            ],
            [
              -77.6102744,
              7.2070688
            ],
            [
              -77.6102093,
              7.2068761
            ],
            [
              -77.6100185,
              7.2063672
            ],
            [
              -77.6102093,
              7.2059855
            ],
            [
              -77.6107182,
              7.2056038
            ],
            [
              -77.6111635,
              7.2053494
            ],
            [
              -77.6116724,
              7.2052222
            ],
            [
              -77.6119905,
              7.2047769
            ],
            [
              -77.6124358,
              7.2042044
            ],
            [
              -77.6131991,
              7.2040771
            ],
            [
              -77.6138353,
              7.2040771
            ],
            [
              -77.6144714,
              7.2042044
            ],
            [
              -77.6154256,
              7.2042044
            ],
            [
              -77.6156801,
              7.2038863
            ],
            [
              -77.6163162,
              7.2038227
            ],
            [
              -77.6170159,
              7.2038227
            ],
            [
              -77.6175885,
              7.2039499
            ],
            [
              -77.6179065,
              7.2041407
            ],
            [
              -77.6183518,
              7.204268
            ],
            [
              -77.6185427,
              7.2046497
            ],
            [
              -77.6189243,
              7.2049041
            ],
            [
              -77.6193696,
              7.2053494
            ],
            [
              -77.620133,
              7.2058583
            ],
            [
              -77.6206419,
              7.2059855
            ],
            [
              -77.6211056,
              7.2059574
            ],
            [
              -77.6219033,
              7.2059574
            ],
            [
              -77.6242967,
              7.2063563
            ],
            [
              -77.6250945,
              7.2069147
            ],
            [
              -77.6262911,
              7.2079518
            ],
            [
              -77.6275676,
              7.2091485
            ],
            [
              -77.6284452,
              7.2103452
            ],
            [
              -77.6293227,
              7.2124992
            ],
            [
              -77.6299609,
              7.2136959
            ],
            [
              -77.6306789,
              7.2148925
            ],
            [
              -77.6317161,
              7.2160094
            ],
            [
              -77.632833,
              7.2171263
            ],
            [
              -77.6338701,
              7.2178443
            ],
            [
              -77.6350667,
              7.2184028
            ],
            [
              -77.6389759,
              7.2184028
            ],
            [
              -77.6404119,
              7.218323
            ],
            [
              -77.6416883,
              7.218323
            ],
            [
              -77.6436828,
              7.2186421
            ],
            [
              -77.6451188,
              7.2188814
            ],
            [
              -77.6458368,
              7.2192006
            ],
            [
              -77.6470335,
              7.219759
            ],
            [
              -77.6478313,
              7.2198388
            ],
            [
              -77.6500651,
              7.2198388
            ],
            [
              -77.6512044,
              7.2201875
            ],
            [
              -77.6526977,
              7.2206366
            ],
            [
              -77.6537349,
              7.2212748
            ],
            [
              -77.6551709,
              7.2217534
            ],
            [
              -77.6566866,
              7.2220726
            ],
            [
              -77.6579631,
              7.2220726
            ],
            [
              -77.6592395,
              7.2219928
            ],
            [
              -77.6608351,
              7.2217534
            ],
            [
              -77.6622711,
              7.2212748
            ],
            [
              -77.6632285,
              7.2207961
            ],
            [
              -77.6645049,
              7.2206366
            ],
            [
              -77.6657814,
              7.2205568
            ],
            [
              -77.6664196,
              7.2205568
            ],
            [
              -77.6672971,
              7.2209557
            ],
            [
              -77.6680151,
              7.2213546
            ],
            [
              -77.6685736,
              7.221913
            ],
            [
              -77.6690523,
              7.2241468
            ],
            [
              -77.6696905,
              7.2249446
            ],
            [
              -77.6700096,
              7.225503
            ],
            [
              -77.6704085,
              7.2259817
            ],
            [
              -77.670757,
              7.2264134
            ],
            [
              -77.6713658,
              7.2274177
            ],
            [
              -77.6716849,
              7.2282155
            ],
            [
              -77.6719243,
              7.229093
            ],
            [
              -77.6720041,
              7.2297313
            ],
            [
              -77.672074,
              7.2302707
            ],
            [
              -77.6719243,
              7.2308482
            ],
            [
              -77.6716052,
              7.2315662
            ],
            [
              -77.6716849,
              7.232364
            ],
            [
              -77.6720041,
              7.2333213
            ],
            [
              -77.6722434,
              7.2343584
            ],
            [
              -77.6723232,
              7.2350764
            ],
            [
              -77.672574,
              7.2357627
            ],
            [
              -77.673121,
              7.2365922
            ],
            [
              -77.6739187,
              7.23739
            ],
            [
              -77.6744772,
              7.238108
            ],
            [
              -77.6748998,
              7.2384185
            ],
            [
              -77.6755143,
              7.2391451
            ],
            [
              -77.6761525,
              7.239544
            ],
            [
              -77.6771577,
              7.2403019
            ],
            [
              -77.6779555,
              7.2407806
            ],
            [
              -77.6789129,
              7.2412592
            ],
            [
              -77.67995,
              7.2421368
            ],
            [
              -77.6805084,
              7.243493
            ],
            [
              -77.680668,
              7.2444504
            ],
            [
              -77.6807477,
              7.2458864
            ],
            [
              -77.6807477,
              7.2469235
            ],
            [
              -77.6809871,
              7.2486786
            ],
            [
              -77.6810669,
              7.2490775
            ],
            [
              -77.6810669,
              7.2505135
            ],
            [
              -77.6811466,
              7.2511517
            ],
            [
              -77.6815455,
              7.2519495
            ],
            [
              -77.6816253,
              7.2528271
            ],
            [
              -77.6816253,
              7.2543429
            ],
            [
              -77.6819444,
              7.2554597
            ],
            [
              -77.6824231,
              7.256098
            ],
            [
              -77.6827422,
              7.2571351
            ],
            [
              -77.682822,
              7.2583318
            ],
            [
              -77.6826624,
              7.2602464
            ],
            [
              -77.6823433,
              7.2616027
            ],
            [
              -77.6819444,
              7.26256
            ],
            [
              -77.6819949,
              7.2632668
            ],
            [
              -77.682104,
              7.2643949
            ],
            [
              -77.6822635,
              7.2649533
            ],
            [
              -77.6824557,
              7.2657659
            ],
            [
              -77.682104,
              7.2667883
            ],
            [
              -77.6819444,
              7.2679051
            ],
            [
              -77.6818646,
              7.2692614
            ],
            [
              -77.6818646,
              7.2699794
            ],
            [
              -77.6823433,
              7.2709367
            ],
            [
              -77.682822,
              7.2720536
            ],
            [
              -77.6822635,
              7.2742874
            ],
            [
              -77.6820242,
              7.275165
            ],
            [
              -77.6817849,
              7.2762021
            ],
            [
              -77.6818646,
              7.2769201
            ],
            [
              -77.6822635,
              7.2777976
            ],
            [
              -77.6824231,
              7.2783561
            ],
            [
              -77.6824231,
              7.2792336
            ],
            [
              -77.6827901,
              7.2797123
            ],
            [
              -77.6832687,
              7.2799517
            ],
            [
              -77.6842261,
              7.2800314
            ],
            [
              -77.6848643,
              7.2799517
            ],
            [
              -77.6906881,
              7.2799517
            ],
            [
              -77.6912466,
              7.2800314
            ],
            [
              -77.6919646,
              7.2804303
            ],
            [
              -77.6930017,
              7.2810685
            ],
            [
              -77.6938792,
              7.2817866
            ],
            [
              -77.6943579,
              7.282345
            ],
            [
              -77.6949961,
              7.283063
            ],
            [
              -77.6956344,
              7.2835417
            ],
            [
              -77.6965119,
              7.2841001
            ],
            [
              -77.697549,
              7.2848181
            ],
            [
              -77.6986659,
              7.2853766
            ],
            [
              -77.6991446,
              7.2853766
            ],
            [
              -77.6998626,
              7.2855361
            ],
            [
              -77.7013982,
              7.2856468
            ],
            [
              -77.7020645,
              7.2860148
            ],
            [
              -77.7023038,
              7.2864137
            ],
            [
              -77.7023836,
              7.2870519
            ],
            [
              -77.7023836,
              7.2876901
            ],
            [
              -77.7024634,
              7.2883284
            ],
            [
              -77.7028623,
              7.288807
            ],
            [
              -77.702942,
              7.2894453
            ],
            [
              -77.702942,
              7.2901633
            ],
            [
              -77.7027825,
              7.2912004
            ],
            [
              -77.7027825,
              7.2922375
            ],
            [
              -77.702942,
              7.2925566
            ],
            [
              -77.7032612,
              7.2931151
            ],
            [
              -77.7034207,
              7.2938331
            ],
            [
              -77.7037398,
              7.2947106
            ],
            [
              -77.7035803,
              7.2966253
            ],
            [
              -77.7033409,
              7.2975029
            ],
            [
              -77.7031814,
              7.2983804
            ],
            [
              -77.7031814,
              7.2998164
            ],
            [
              -77.7035005,
              7.3008535
            ],
            [
              -77.7035803,
              7.3016513
            ],
            [
              -77.7038196,
              7.3024491
            ],
            [
              -77.7039792,
              7.3029278
            ],
            [
              -77.7040589,
              7.3032469
            ],
            [
              -77.7042884,
              7.303607
            ],
            [
              -77.7042983,
              7.3044436
            ],
            [
              -77.7040589,
              7.3047627
            ],
            [
              -77.7031016,
              7.3047627
            ],
            [
              -77.7025432,
              7.305002
            ],
            [
              -77.7024634,
              7.3054807
            ],
            [
              -77.7024715,
              7.3055701
            ],
            [
              -77.7026229,
              7.3060391
            ],
            [
              -77.7028059,
              7.3064631
            ],
            [
              -77.7029899,
              7.3073555
            ],
            [
              -77.7035484,
              7.3078341
            ],
            [
              -77.7039473,
              7.3083128
            ],
            [
              -77.7041068,
              7.3088713
            ],
            [
              -77.7041068,
              7.3094297
            ],
            [
              -77.7043461,
              7.3100679
            ],
            [
              -77.7049046,
              7.3111848
            ],
            [
              -77.7056226,
              7.3120624
            ],
            [
              -77.7061013,
              7.3125411
            ],
            [
              -77.7065799,
              7.3130995
            ],
            [
              -77.7069788,
              7.3136579
            ],
            [
              -77.7070586,
              7.3144557
            ],
            [
              -77.7072182,
              7.3148546
            ],
            [
              -77.7076171,
              7.3153333
            ],
            [
              -77.7084946,
              7.3161311
            ],
            [
              -77.7088137,
              7.3162109
            ],
            [
              -77.7090531,
              7.3164502
            ],
            [
              -77.7092924,
              7.3170086
            ],
            [
              -77.7092924,
              7.3180457
            ],
            [
              -77.7097711,
              7.3187638
            ],
            [
              -77.7104093,
              7.3195615
            ],
            [
              -77.7106486,
              7.32012
            ],
            [
              -77.7112868,
              7.3206784
            ],
            [
              -77.7116857,
              7.3209178
            ],
            [
              -77.7120049,
              7.3216358
            ],
            [
              -77.7120049,
              7.3237898
            ],
            [
              -77.7122442,
              7.3243482
            ],
            [
              -77.7127229,
              7.3250662
            ],
            [
              -77.7129622,
              7.3255449
            ],
            [
              -77.7136802,
              7.326582
            ],
            [
              -77.7140791,
              7.3269809
            ],
            [
              -77.7145578,
              7.3275394
            ],
            [
              -77.7149566,
              7.3282574
            ],
            [
              -77.7152758,
              7.3289754
            ],
            [
              -77.7155151,
              7.3300125
            ],
            [
              -77.7155151,
              7.3313687
            ],
            [
              -77.7156746,
              7.3319272
            ],
            [
              -77.7159938,
              7.3324856
            ],
            [
              -77.7165522,
              7.3331238
            ],
            [
              -77.7171107,
              7.3334429
            ],
            [
              -77.7175095,
              7.3336025
            ],
            [
              -77.7183871,
              7.3339216
            ],
            [
              -77.7188658,
              7.3339216
            ],
            [
              -77.7196636,
              7.3342407
            ],
            [
              -77.7201422,
              7.3347194
            ],
            [
              -77.7207805,
              7.335597
            ],
            [
              -77.7212591,
              7.3361554
            ],
            [
              -77.7215782,
              7.3368734
            ],
            [
              -77.7218176,
              7.3376712
            ],
            [
              -77.7218176,
              7.3383892
            ],
            [
              -77.7219771,
              7.339187
            ],
            [
              -77.7219895,
              7.3397815
            ],
            [
              -77.7220569,
              7.3411415
            ],
            [
              -77.7220569,
              7.3419393
            ],
            [
              -77.7219771,
              7.3427371
            ],
            [
              -77.7217378,
              7.3434551
            ],
            [
              -77.7214187,
              7.344572
            ],
            [
              -77.7214187,
              7.3456091
            ],
            [
              -77.7214985,
              7.3465665
            ],
            [
              -77.7218176,
              7.3475238
            ],
            [
              -77.7218974,
              7.3483216
            ],
            [
              -77.7218974,
              7.3499969
            ],
            [
              -77.7217378,
              7.3511138
            ],
            [
              -77.7217378,
              7.351752
            ],
            [
              -77.7225356,
              7.3531083
            ],
            [
              -77.723094,
              7.3536667
            ],
            [
              -77.7237323,
              7.3544645
            ],
            [
              -77.7243705,
              7.3554218
            ],
            [
              -77.7248491,
              7.3562196
            ],
            [
              -77.7249289,
              7.3572567
            ],
            [
              -77.7249289,
              7.3589321
            ],
            [
              -77.7250885,
              7.3594107
            ],
            [
              -77.7254076,
              7.3599692
            ],
            [
              -77.7264447,
              7.3610063
            ],
            [
              -77.7264447,
              7.3614052
            ],
            [
              -77.726684,
              7.3621232
            ],
            [
              -77.726684,
              7.3632401
            ],
            [
              -77.7270032,
              7.3637986
            ],
            [
              -77.7273223,
              7.3645166
            ],
            [
              -77.7275616,
              7.3651548
            ],
            [
              -77.7279605,
              7.365793
            ],
            [
              -77.7285189,
              7.3665908
            ],
            [
              -77.7293167,
              7.367229
            ],
            [
              -77.7300347,
              7.3678672
            ],
            [
              -77.7309123,
              7.3684257
            ],
            [
              -77.7317034,
              7.368874
            ],
            [
              -77.7320451,
              7.3696224
            ],
            [
              -77.7326036,
              7.370101
            ],
            [
              -77.7334811,
              7.3707393
            ],
            [
              -77.7341194,
              7.3712977
            ],
            [
              -77.7345183,
              7.3717764
            ],
            [
              -77.7348374,
              7.3728933
            ],
            [
              -77.7352363,
              7.373691
            ],
            [
              -77.735316,
              7.3743293
            ],
            [
              -77.735316,
              7.3754462
            ],
            [
              -77.7348374,
              7.3761642
            ],
            [
              -77.7344385,
              7.3768822
            ],
            [
              -77.7338003,
              7.3777597
            ],
            [
              -77.7338003,
              7.3795946
            ],
            [
              -77.7341194,
              7.3801531
            ],
            [
              -77.7348374,
              7.3802329
            ],
            [
              -77.7351565,
              7.3803126
            ],
            [
              -77.7357149,
              7.3803924
            ],
            [
              -77.7358949,
              7.3807773
            ],
            [
              -77.7357947,
              7.3815093
            ],
            [
              -77.7363827,
              7.3832796
            ],
            [
              -77.7366723,
              7.3843813
            ],
            [
              -77.7366723,
              7.3858971
            ],
            [
              -77.7365127,
              7.387014
            ],
            [
              -77.7358745,
              7.387732
            ],
            [
              -77.7350767,
              7.3881309
            ],
            [
              -77.7343587,
              7.3888489
            ],
            [
              -77.7336407,
              7.3898062
            ],
            [
              -77.7336407,
              7.3926783
            ],
            [
              -77.7334014,
              7.3936356
            ],
            [
              -77.7334014,
              7.3955503
            ],
            [
              -77.733162,
              7.3969863
            ],
            [
              -77.7328429,
              7.3980234
            ],
            [
              -77.7328429,
              7.3995392
            ],
            [
              -77.7326036,
              7.4004965
            ],
            [
              -77.7322845,
              7.401055
            ],
            [
              -77.7319654,
              7.401773
            ],
            [
              -77.7314069,
              7.4021719
            ],
            [
              -77.7307687,
              7.4031292
            ],
            [
              -77.7303698,
              7.4040866
            ],
            [
              -77.7298911,
              7.405363
            ],
            [
              -77.7294125,
              7.4057619
            ],
            [
              -77.7292529,
              7.4063203
            ],
            [
              -77.7291731,
              7.4070383
            ],
            [
              -77.7291731,
              7.4085541
            ],
            [
              -77.7286147,
              7.4092721
            ],
            [
              -77.7284551,
              7.4100699
            ],
            [
              -77.7284551,
              7.4106284
            ],
            [
              -77.7285349,
              7.4113464
            ],
            [
              -77.7286147,
              7.4117453
            ],
            [
              -77.7286147,
              7.4147768
            ],
            [
              -77.7283753,
              7.4157342
            ],
            [
              -77.7280562,
              7.4162128
            ],
            [
              -77.7280562,
              7.4165319
            ],
            [
              -77.7280377,
              7.4168768
            ],
            [
              -77.7279764,
              7.4174893
            ],
            [
              -77.7279764,
              7.4180477
            ],
            [
              -77.7272584,
              7.4182871
            ],
            [
              -77.7264607,
              7.4185264
            ],
            [
              -77.7254235,
              7.4187657
            ],
            [
              -77.7247055,
              7.4189253
            ],
            [
              -77.7243067,
              7.4189253
            ],
            [
              -77.7237482,
              7.4190051
            ],
            [
              -77.7231898,
              7.4190051
            ],
            [
              -77.7223598,
              7.4191737
            ],
            [
              -77.7215942,
              7.4193242
            ],
            [
              -77.7207964,
              7.4194837
            ],
            [
              -77.7193604,
              7.4194837
            ],
            [
              -77.7184031,
              7.4198028
            ],
            [
              -77.7177648,
              7.4200422
            ],
            [
              -77.7173659,
              7.4202017
            ],
            [
              -77.7166479,
              7.4204012
            ],
            [
              -77.7163288,
              7.4204012
            ],
            [
              -77.7160264,
              7.4203755
            ],
            [
              -77.7152917,
              7.4207203
            ],
            [
              -77.7148928,
              7.421199
            ],
            [
              -77.7147333,
              7.421917
            ],
            [
              -77.7144939,
              7.4225552
            ],
            [
              -77.7145386,
              7.4232901
            ],
            [
              -77.7147333,
              7.4238317
            ],
            [
              -77.7148928,
              7.4243901
            ],
            [
              -77.7152917,
              7.4250283
            ],
            [
              -77.7152917,
              7.4257463
            ],
            [
              -77.7151322,
              7.4263846
            ],
            [
              -77.7151322,
              7.4267834
            ],
            [
              -77.7152627,
              7.4274487
            ],
            [
              -77.7156906,
              7.4279801
            ],
            [
              -77.7160097,
              7.4282992
            ],
            [
              -77.7164086,
              7.4286183
            ],
            [
              -77.7168075,
              7.4287779
            ],
            [
              -77.7172862,
              7.429097
            ],
            [
              -77.7192806,
              7.429097
            ],
            [
              -77.7196795,
              7.4291768
            ],
            [
              -77.7199986,
              7.4292566
            ],
            [
              -77.7204773,
              7.4294161
            ],
            [
              -77.7209072,
              7.4295355
            ],
            [
              -77.721495,
              7.4293592
            ],
            [
              -77.7221526,
              7.4301341
            ],
            [
              -77.7228706,
              7.4307724
            ],
            [
              -77.7231898,
              7.4311712
            ],
            [
              -77.7235089,
              7.4316499
            ],
            [
              -77.7235886,
              7.4322084
            ],
            [
              -77.7235887,
              7.4333253
            ],
            [
              -77.72311,
              7.4340433
            ],
            [
              -77.7227909,
              7.4342826
            ],
            [
              -77.7225515,
              7.4346017
            ],
            [
              -77.7221668,
              7.4346772
            ],
            [
              -77.7215144,
              7.4352798
            ],
            [
              -77.7210357,
              7.4358383
            ],
            [
              -77.7206572,
              7.4363009
            ],
            [
              -77.7203177,
              7.4367158
            ],
            [
              -77.7196795,
              7.4374338
            ],
            [
              -77.7195997,
              7.4379923
            ],
            [
              -77.7193604,
              7.4385507
            ],
            [
              -77.718802,
              7.4394283
            ],
            [
              -77.7183233,
              7.4397474
            ],
            [
              -77.7177648,
              7.4402261
            ],
            [
              -77.7172862,
              7.4410239
            ],
            [
              -77.7172064,
              7.4419812
            ],
            [
              -77.7169671,
              7.4426194
            ],
            [
              -77.7167277,
              7.4429385
            ],
            [
              -77.7160895,
              7.4431779
            ],
            [
              -77.7152917,
              7.4438161
            ],
            [
              -77.7145737,
              7.4444543
            ],
            [
              -77.7141748,
              7.4454914
            ],
            [
              -77.7141748,
              7.4465286
            ],
            [
              -77.7138557,
              7.4472466
            ],
            [
              -77.7134568,
              7.4480443
            ],
            [
              -77.7131779,
              7.4484186
            ],
            [
              -77.712659,
              7.4490815
            ],
            [
              -77.7120208,
              7.4494804
            ],
            [
              -77.7117017,
              7.4497197
            ],
            [
              -77.7113028,
              7.4497995
            ],
            [
              -77.7105848,
              7.4501186
            ],
            [
              -77.7102657,
              7.4501983
            ],
            [
              -77.7098668,
              7.4507568
            ],
            [
              -77.7095477,
              7.4510759
            ],
            [
              -77.7092286,
              7.4517141
            ],
            [
              -77.7091488,
              7.4521928
            ],
            [
              -77.7089095,
              7.4526715
            ],
            [
              -77.7085106,
              7.4532299
            ],
            [
              -77.708351,
              7.453549
            ],
            [
              -77.7078907,
              7.4538525
            ],
            [
              -77.7068352,
              7.4543468
            ],
            [
              -77.7061172,
              7.4545064
            ],
            [
              -77.7056386,
              7.4547457
            ],
            [
              -77.7053274,
              7.4556233
            ],
            [
              -77.7051679,
              7.4567402
            ],
            [
              -77.704769,
              7.4575379
            ],
            [
              -77.7045296,
              7.4577773
            ],
            [
              -77.704196,
              7.4581568
            ],
            [
              -77.7038116,
              7.4587346
            ],
            [
              -77.7034925,
              7.4592133
            ],
            [
              -77.7032532,
              7.4597717
            ],
            [
              -77.7028543,
              7.4600909
            ],
            [
              -77.702615,
              7.4607291
            ],
            [
              -77.7025352,
              7.4609684
            ],
            [
              -77.7023835,
              7.4614088
            ],
            [
              -77.7021363,
              7.4620853
            ],
            [
              -77.7018172,
              7.4629629
            ],
            [
              -77.7014981,
              7.4639202
            ],
            [
              -77.7013385,
              7.4645584
            ],
            [
              -77.701179,
              7.4652764
            ],
            [
              -77.701179,
              7.4656753
            ],
            [
              -77.7011846,
              7.4661136
            ],
            [
              -77.7011757,
              7.4665207
            ],
            [
              -77.7014183,
              7.4671911
            ],
            [
              -77.701897,
              7.4674304
            ],
            [
              -77.7022958,
              7.46759
            ],
            [
              -77.7030138,
              7.4682282
            ],
            [
              -77.7032532,
              7.4685473
            ],
            [
              -77.7038116,
              7.4689462
            ],
            [
              -77.7044499,
              7.4691856
            ],
            [
              -77.7050083,
              7.4694249
            ],
            [
              -77.7057263,
              7.4700631
            ],
            [
              -77.7058061,
              7.4705418
            ],
            [
              -77.7060454,
              7.4711002
            ],
            [
              -77.7064443,
              7.4718182
            ],
            [
              -77.7067634,
              7.4722969
            ],
            [
              -77.7071623,
              7.4732543
            ],
            [
              -77.7071623,
              7.4763656
            ],
            [
              -77.7070825,
              7.4774825
            ],
            [
              -77.7070825,
              7.4784398
            ],
            [
              -77.7070028,
              7.4792376
            ],
            [
              -77.7070028,
              7.4796365
            ],
            [
              -77.7068432,
              7.4802747
            ],
            [
              -77.7065241,
              7.4811523
            ],
            [
              -77.7064443,
              7.4819501
            ],
            [
              -77.706205,
              7.4826681
            ],
            [
              -77.7058859,
              7.4834659
            ],
            [
              -77.7058061,
              7.4841839
            ],
            [
              -77.7057263,
              7.4850614
            ],
            [
              -77.7057263,
              7.4857794
            ],
            [
              -77.7058061,
              7.4865772
            ],
            [
              -77.7059656,
              7.4871357
            ],
            [
              -77.7060454,
              7.4876941
            ],
            [
              -77.706205,
              7.488093
            ],
            [
              -77.7064901,
              7.4885297
            ],
            [
              -77.7072421,
              7.4890503
            ],
            [
              -77.7078005,
              7.489529
            ],
            [
              -77.708359,
              7.4899279
            ],
            [
              -77.70873,
              7.490551
            ],
            [
              -77.70873,
              7.4909066
            ],
            [
              -77.7078663,
              7.4914147
            ],
            [
              -77.7070027,
              7.492634
            ],
            [
              -77.7066979,
              7.492888
            ],
            [
              -77.7062407,
              7.4942596
            ],
            [
              -77.7062406,
              7.4949709
            ],
            [
              -77.7063598,
              7.4954316
            ],
            [
              -77.7057898,
              7.4965272
            ],
            [
              -77.7065227,
              7.4968936
            ],
            [
              -77.7070723,
              7.4978098
            ],
            [
              -77.7070724,
              7.4987258
            ],
            [
              -77.7076219,
              7.5000084
            ],
            [
              -77.7085381,
              7.5003748
            ],
            [
              -77.7091506,
              7.5013999
            ]
          ]
        ]
      },
      "properties": {
        "osm_id": 16789935,
        "nombre": "Resguardo Indígena de Salaquí y Pavarando",
        "nombre_en": "Salaquí and Pavarando Indigenous Reservation",
        "grupo_etnico": "embera katío",
        "grupo_estandar": "Embera",
        "fecha_creacion": "1983/05/03",
        "descripcion": "Creado por Acto administrativo no. 15 del 03-05-1983. ID resguardo 10341, con 105.953,58 ha.",
        "fuente": "OpenStreetMap / IGAC resguardos indígenas legalizados",
        "boundary": "aboriginal_lands",
        "tipo": "Resguardo Indígena"
      }
    },
    {
      "type": "Feature",
      "geometry": {
        "type": "Polygon",
        "coordinates": [
          [
            [
              -77.4688271,
              7.629866
            ],
            [
              -77.465912,
              7.629855
            ],
            [
              -77.4630402,
              7.6298536
            ],
            [
              -77.4628614,
              7.6298012
            ],
            [
              -77.4624444,
              7.6296449
            ],
            [
              -77.4617014,
              7.6293528
            ],
            [
              -77.4612195,
              7.6291485
            ],
            [
              -77.4610574,
              7.6290753
            ],
            [
              -77.4607704,
              7.6289384
            ],
            [
              -77.4605729,
              7.6288379
            ],
            [
              -77.460008,
              7.6285357
            ],
            [
              -77.4596976,
              7.6283766
            ],
            [
              -77.4594731,
              7.6282678
            ],
            [
              -77.4592041,
              7.6281499
            ],
            [
              -77.4590507,
              7.628093
            ],
            [
              -77.4588295,
              7.628029
            ],
            [
              -77.458622,
              7.6279867
            ],
            [
              -77.4584802,
              7.6279719
            ],
            [
              -77.4582502,
              7.6279805
            ],
            [
              -77.4580523,
              7.6280243
            ],
            [
              -77.4578893,
              7.6280872
            ],
            [
              -77.457705,
              7.6281892
            ],
            [
              -77.4574535,
              7.6283648
            ],
            [
              -77.4569639,
              7.6287494
            ],
            [
              -77.4567467,
              7.6288967
            ],
            [
              -77.4565952,
              7.6289818
            ],
            [
              -77.4560553,
              7.6292337
            ],
            [
              -77.4558665,
              7.6293364
            ],
            [
              -77.455669,
              7.6294631
            ],
            [
              -77.4554906,
              7.6295925
            ],
            [
              -77.4549899,
              7.6299929
            ],
            [
              -77.4548188,
              7.6301212
            ],
            [
              -77.4545915,
              7.6302751
            ],
            [
              -77.4543209,
              7.6304364
            ],
            [
              -77.453734,
              7.6307581
            ],
            [
              -77.4535608,
              7.6308573
            ],
            [
              -77.4424234,
              7.6284107
            ],
            [
              -77.4420005,
              7.6277922
            ],
            [
              -77.4418224,
              7.627094
            ],
            [
              -77.4418162,
              7.6262996
            ],
            [
              -77.4420295,
              7.6258412
            ],
            [
              -77.4419771,
              7.6253128
            ],
            [
              -77.4415877,
              7.624811
            ],
            [
              -77.4409573,
              7.6243111
            ],
            [
              -77.440353,
              7.6240513
            ],
            [
              -77.4395796,
              7.6237449
            ],
            [
              -77.4390716,
              7.6234844
            ],
            [
              -77.4379317,
              7.6225317
            ],
            [
              -77.4371323,
              7.621985
            ],
            [
              -77.4362846,
              7.6214146
            ],
            [
              -77.435508,
              7.6206995
            ],
            [
              -77.4348534,
              7.6201757
            ],
            [
              -77.4337626,
              7.6193427
            ],
            [
              -77.4328189,
              7.6188213
            ],
            [
              -77.4318285,
              7.6184923
            ],
            [
              -77.4315635,
              7.6184944
            ],
            [
              -77.4312016,
              7.6184251
            ],
            [
              -77.4306156,
              7.6181588
            ],
            [
              -77.4298584,
              7.6175956
            ],
            [
              -77.4294251,
              7.6168923
            ],
            [
              -77.429445,
              7.6158216
            ],
            [
              -77.4296087,
              7.6150879
            ],
            [
              -77.4298284,
              7.6142974
            ],
            [
              -77.4299062,
              7.6133953
            ],
            [
              -77.429787,
              7.6126074
            ],
            [
              -77.4295531,
              7.6115669
            ],
            [
              -77.429491,
              7.6108348
            ],
            [
              -77.429487,
              7.6103278
            ],
            [
              -77.429339,
              7.6094556
            ],
            [
              -77.4292198,
              7.6086395
            ],
            [
              -77.4287305,
              7.6074601
            ],
            [
              -77.4283292,
              7.6066744
            ],
            [
              -77.4279287,
              7.6060013
            ],
            [
              -77.4273311,
              7.6054143
            ],
            [
              -77.4269035,
              7.6048824
            ],
            [
              -77.4266439,
              7.6041801
            ],
            [
              -77.4264956,
              7.6032516
            ],
            [
              -77.4269101,
              7.6020933
            ],
            [
              -77.4271025,
              7.6014157
            ],
            [
              -77.4273507,
              7.6006531
            ],
            [
              -77.4275984,
              7.5998342
            ],
            [
              -77.4281001,
              7.5989852
            ],
            [
              -77.428601,
              7.5980517
            ],
            [
              -77.4291572,
              7.5969487
            ],
            [
              -77.4295177,
              7.5961007
            ],
            [
              -77.4299897,
              7.5950829
            ],
            [
              -77.4299783,
              7.593618
            ],
            [
              -77.4299138,
              7.5925762
            ],
            [
              -77.4293427,
              7.5917354
            ],
            [
              -77.4285138,
              7.5904459
            ],
            [
              -77.4277711,
              7.5893247
            ],
            [
              -77.4271147,
              7.5884283
            ],
            [
              -77.4263201,
              7.5878992
            ],
            [
              -77.425442,
              7.5875397
            ],
            [
              -77.4246481,
              7.587095
            ],
            [
              -77.4239626,
              7.5860861
            ],
            [
              -77.4234188,
              7.5851325
            ],
            [
              -77.4228199,
              7.5843482
            ],
            [
              -77.4218278,
              7.5838488
            ],
            [
              -77.4210627,
              7.5834885
            ],
            [
              -77.4202991,
              7.5833253
            ],
            [
              -77.4195351,
              7.5831058
            ],
            [
              -77.4188256,
              7.5826323
            ],
            [
              -77.418426,
              7.5820719
            ],
            [
              -77.4183671,
              7.5817625
            ],
            [
              -77.4185487,
              7.5814198
            ],
            [
              -77.4188154,
              7.5813083
            ],
            [
              -77.4190037,
              7.5811915
            ],
            [
              -77.4191651,
              7.5812048
            ],
            [
              -77.4194534,
              7.5812178
            ],
            [
              -77.4197313,
              7.5812161
            ],
            [
              -77.4199381,
              7.5812012
            ],
            [
              -77.4200834,
              7.5811767
            ],
            [
              -77.4202367,
              7.5811305
            ],
            [
              -77.4203882,
              7.5810515
            ],
            [
              -77.4205064,
              7.5809491
            ],
            [
              -77.4206166,
              7.5807814
            ],
            [
              -77.4206833,
              7.5805818
            ],
            [
              -77.4207058,
              7.5803945
            ],
            [
              -77.4206993,
              7.5801843
            ],
            [
              -77.4206423,
              7.5798803
            ],
            [
              -77.4205815,
              7.5796832
            ],
            [
              -77.4205253,
              7.5795451
            ],
            [
              -77.4204587,
              7.5794084
            ],
            [
              -77.4203773,
              7.579267
            ],
            [
              -77.4202849,
              7.5791293
            ],
            [
              -77.4201817,
              7.5789957
            ],
            [
              -77.4200693,
              7.5788668
            ],
            [
              -77.4199388,
              7.5787322
            ],
            [
              -77.4198032,
              7.5786034
            ],
            [
              -77.4192094,
              7.5780674
            ],
            [
              -77.4194591,
              7.5781766
            ],
            [
              -77.4198086,
              7.5783215
            ],
            [
              -77.4200195,
              7.5784005
            ],
            [
              -77.4208937,
              7.5787088
            ],
            [
              -77.4211064,
              7.5787912
            ],
            [
              -77.4213074,
              7.5788761
            ],
            [
              -77.421504,
              7.5789652
            ],
            [
              -77.4218872,
              7.579151
            ],
            [
              -77.4222602,
              7.5793418
            ],
            [
              -77.4228063,
              7.5796289
            ],
            [
              -77.4231592,
              7.5798239
            ],
            [
              -77.4233296,
              7.5799261
            ],
            [
              -77.4234941,
              7.5800334
            ],
            [
              -77.4236507,
              7.5801475
            ],
            [
              -77.42386,
              7.5803254
            ],
            [
              -77.4242614,
              7.580721
            ],
            [
              -77.4243738,
              7.5808222
            ],
            [
              -77.4245292,
              7.5809234
            ],
            [
              -77.4247597,
              7.5809771
            ],
            [
              -77.424744,
              7.580404
            ],
            [
              -77.4244327,
              7.5796544
            ],
            [
              -77.424306,
              7.579066
            ],
            [
              -77.4242605,
              7.5784568
            ],
            [
              -77.4242748,
              7.5776641
            ],
            [
              -77.4243253,
              7.576302
            ],
            [
              -77.4245039,
              7.575691
            ],
            [
              -77.4246577,
              7.5745111
            ],
            [
              -77.424695,
              7.5740637
            ],
            [
              -77.4247611,
              7.5735729
            ],
            [
              -77.4250241,
              7.5724385
            ],
            [
              -77.4253419,
              7.5696726
            ],
            [
              -77.4255588,
              7.5684866
            ],
            [
              -77.4257198,
              7.5673856
            ],
            [
              -77.4261541,
              7.56507
            ],
            [
              -77.4264286,
              7.5640245
            ],
            [
              -77.426789,
              7.5631194
            ],
            [
              -77.4270937,
              7.5623275
            ],
            [
              -77.4275122,
              7.5616193
            ],
            [
              -77.4279569,
              7.5606571
            ],
            [
              -77.4280914,
              7.559782
            ],
            [
              -77.4281149,
              7.5591614
            ],
            [
              -77.4278834,
              7.5584582
            ],
            [
              -77.4275401,
              7.5579251
            ],
            [
              -77.4271129,
              7.5574772
            ],
            [
              -77.4268257,
              7.5568872
            ],
            [
              -77.4267663,
              7.5565211
            ],
            [
              -77.4267633,
              7.5561264
            ],
            [
              -77.4268159,
              7.5556184
            ],
            [
              -77.4268961,
              7.5550256
            ],
            [
              -77.4268946,
              7.5548283
            ],
            [
              -77.4266661,
              7.5545197
            ],
            [
              -77.4263247,
              7.5542122
            ],
            [
              -77.4260119,
              7.5539608
            ],
            [
              -77.4255844,
              7.5534847
            ],
            [
              -77.4252697,
              7.5529796
            ],
            [
              -77.4249242,
              7.5521645
            ],
            [
              -77.4246624,
              7.5511796
            ],
            [
              -77.4243715,
              7.5501102
            ],
            [
              -77.4242257,
              7.5495191
            ],
            [
              -77.4239664,
              7.5488726
            ],
            [
              -77.4236229,
              7.5483112
            ],
            [
              -77.4229387,
              7.5475269
            ],
            [
              -77.4224251,
              7.5468823
            ],
            [
              -77.4221378,
              7.5462641
            ],
            [
              -77.4219624,
              7.5455041
            ],
            [
              -77.4217022,
              7.5447447
            ],
            [
              -77.4213301,
              7.5441272
            ],
            [
              -77.4209589,
              7.5436224
            ],
            [
              -77.4206722,
              7.5430889
            ],
            [
              -77.4202982,
              7.5422176
            ],
            [
              -77.4200624,
              7.5409505
            ],
            [
              -77.42014,
              7.5400193
            ],
            [
              -77.4203316,
              7.5392288
            ],
            [
              -77.4205785,
              7.5382394
            ],
            [
              -77.4208791,
              7.5369118
            ],
            [
              -77.4211791,
              7.5354995
            ],
            [
              -77.4213145,
              7.5347371
            ],
            [
              -77.4216212,
              7.534199
            ],
            [
              -77.4224053,
              7.5332624
            ],
            [
              -77.4230771,
              7.5324395
            ],
            [
              -77.4235804,
              7.5317589
            ],
            [
              -77.4238017,
              7.5311369
            ],
            [
              -77.4238528,
              7.5304316
            ],
            [
              -77.4238651,
              7.5300718
            ],
            [
              -77.4241584,
              7.5300579
            ],
            [
              -77.4248586,
              7.530004
            ],
            [
              -77.4250869,
              7.5300204
            ],
            [
              -77.4252003,
              7.5301572
            ],
            [
              -77.4256053,
              7.530908
            ],
            [
              -77.4260499,
              7.5317042
            ],
            [
              -77.4262476,
              7.5320484
            ],
            [
              -77.4263389,
              7.5321939
            ],
            [
              -77.4264244,
              7.5323179
            ],
            [
              -77.4265206,
              7.5324421
            ],
            [
              -77.4266385,
              7.5325664
            ],
            [
              -77.4267981,
              7.5326725
            ],
            [
              -77.426975,
              7.5327085
            ],
            [
              -77.4272429,
              7.5326525
            ],
            [
              -77.4280657,
              7.5323039
            ],
            [
              -77.4282739,
              7.5322243
            ],
            [
              -77.4284864,
              7.5321511
            ],
            [
              -77.4286471,
              7.5321015
            ],
            [
              -77.4288643,
              7.5320425
            ],
            [
              -77.4290828,
              7.5319911
            ],
            [
              -77.4292969,
              7.5319481
            ],
            [
              -77.4295105,
              7.5319145
            ],
            [
              -77.4297226,
              7.5318937
            ],
            [
              -77.4299041,
              7.5318893
            ],
            [
              -77.4300663,
              7.5318983
            ],
            [
              -77.4302511,
              7.5319237
            ],
            [
              -77.4304292,
              7.5319701
            ],
            [
              -77.4306097,
              7.5320454
            ],
            [
              -77.4308133,
              7.5321715
            ],
            [
              -77.4309699,
              7.5323035
            ],
            [
              -77.4311689,
              7.532516
            ],
            [
              -77.4312612,
              7.5326289
            ],
            [
              -77.4315375,
              7.5329888
            ],
            [
              -77.4318372,
              7.5333401
            ],
            [
              -77.4319947,
              7.5335767
            ],
            [
              -77.4320783,
              7.5337776
            ],
            [
              -77.4321244,
              7.5339621
            ],
            [
              -77.4321968,
              7.5343849
            ],
            [
              -77.4322505,
              7.5345691
            ],
            [
              -77.4323537,
              7.5347382
            ],
            [
              -77.4324788,
              7.5348246
            ],
            [
              -77.4326478,
              7.534855
            ],
            [
              -77.4328502,
              7.5348338
            ],
            [
              -77.4331782,
              7.5347632
            ],
            [
              -77.4333287,
              7.5347429
            ],
            [
              -77.4335623,
              7.5347605
            ],
            [
              -77.4337684,
              7.5348765
            ],
            [
              -77.4338818,
              7.5350862
            ],
            [
              -77.4338925,
              7.5352397
            ],
            [
              -77.4338521,
              7.5353846
            ],
            [
              -77.4337348,
              7.5355612
            ],
            [
              -77.4335608,
              7.5357106
            ],
            [
              -77.4333342,
              7.5358441
            ],
            [
              -77.4331617,
              7.5359217
            ],
            [
              -77.4330168,
              7.5359773
            ],
            [
              -77.4325696,
              7.5361311
            ],
            [
              -77.4323842,
              7.5362009
            ],
            [
              -77.4321281,
              7.5363178
            ],
            [
              -77.4318972,
              7.5364504
            ],
            [
              -77.431442,
              7.5367527
            ],
            [
              -77.4311734,
              7.5369241
            ],
            [
              -77.4309716,
              7.5370407
            ],
            [
              -77.4306743,
              7.5371991
            ],
            [
              -77.4305391,
              7.5372809
            ],
            [
              -77.4304008,
              7.5373966
            ],
            [
              -77.4303102,
              7.5375597
            ],
            [
              -77.4303069,
              7.5377223
            ],
            [
              -77.4303888,
              7.5378695
            ],
            [
              -77.4305688,
              7.5380266
            ],
            [
              -77.4307206,
              7.5381221
            ],
            [
              -77.4310474,
              7.538319
            ],
            [
              -77.431167,
              7.5383995
            ],
            [
              -77.4312859,
              7.5384906
            ],
            [
              -77.4314111,
              7.5386087
            ],
            [
              -77.4315583,
              7.538801
            ],
            [
              -77.4316262,
              7.538954
            ],
            [
              -77.4316561,
              7.5391072
            ],
            [
              -77.4316576,
              7.5392717
            ],
            [
              -77.4316234,
              7.5394403
            ],
            [
              -77.4315479,
              7.5396431
            ],
            [
              -77.4314676,
              7.5398036
            ],
            [
              -77.4313754,
              7.5399668
            ],
            [
              -77.4311281,
              7.5403772
            ],
            [
              -77.4310377,
              7.5405416
            ],
            [
              -77.430953,
              7.5407102
            ],
            [
              -77.4308803,
              7.5408707
            ],
            [
              -77.4308159,
              7.5410313
            ],
            [
              -77.4307627,
              7.5411883
            ],
            [
              -77.4307224,
              7.5413387
            ],
            [
              -77.4306976,
              7.5414855
            ],
            [
              -77.4307147,
              7.5417007
            ],
            [
              -77.4310467,
              7.541668
            ],
            [
              -77.4313486,
              7.5416193
            ],
            [
              -77.4318608,
              7.5415879
            ],
            [
              -77.4320918,
              7.5416046
            ],
            [
              -77.4323683,
              7.5416551
            ],
            [
              -77.4327964,
              7.5417754
            ],
            [
              -77.4330122,
              7.5418019
            ],
            [
              -77.4331958,
              7.5417852
            ],
            [
              -77.4333816,
              7.5417088
            ],
            [
              -77.4335396,
              7.5415605
            ],
            [
              -77.4336149,
              7.5414028
            ],
            [
              -77.4336611,
              7.541204
            ],
            [
              -77.4336707,
              7.540945
            ],
            [
              -77.4336547,
              7.5407306
            ],
            [
              -77.433607,
              7.5403768
            ],
            [
              -77.4335815,
              7.5401365
            ],
            [
              -77.4335826,
              7.539916
            ],
            [
              -77.4336192,
              7.5397061
            ],
            [
              -77.4337527,
              7.5395066
            ],
            [
              -77.4339776,
              7.5394404
            ],
            [
              -77.4341743,
              7.5395286
            ],
            [
              -77.434275,
              7.5396314
            ],
            [
              -77.4343629,
              7.5397701
            ],
            [
              -77.4344394,
              7.539949
            ],
            [
              -77.4344954,
              7.5401668
            ],
            [
              -77.4345268,
              7.5403659
            ],
            [
              -77.4345465,
              7.5406248
            ],
            [
              -77.4345618,
              7.5411786
            ],
            [
              -77.4345767,
              7.5413733
            ],
            [
              -77.4346181,
              7.5416105
            ],
            [
              -77.4346783,
              7.5417734
            ],
            [
              -77.4347846,
              7.5419242
            ],
            [
              -77.4349123,
              7.5420166
            ],
            [
              -77.4351292,
              7.5420624
            ],
            [
              -77.4353183,
              7.5420358
            ],
            [
              -77.4354697,
              7.5419733
            ],
            [
              -77.4356501,
              7.5418535
            ],
            [
              -77.435791,
              7.5417273
            ],
            [
              -77.4359218,
              7.5415857
            ],
            [
              -77.4362268,
              7.541217
            ],
            [
              -77.4366785,
              7.540702
            ],
            [
              -77.4368169,
              7.5405145
            ],
            [
              -77.436902,
              7.5403785
            ],
            [
              -77.4371437,
              7.5399486
            ],
            [
              -77.4372237,
              7.5398168
            ],
            [
              -77.4373223,
              7.5396726
            ],
            [
              -77.4374596,
              7.5395118
            ],
            [
              -77.4376249,
              7.5393905
            ],
            [
              -77.4378669,
              7.5393286
            ],
            [
              -77.4380483,
              7.5393741
            ],
            [
              -77.4381642,
              7.539481
            ],
            [
              -77.4382425,
              7.5396439
            ],
            [
              -77.4382714,
              7.5397968
            ],
            [
              -77.4382661,
              7.5399951
            ],
            [
              -77.4382397,
              7.5401485
            ],
            [
              -77.4381849,
              7.5403265
            ],
            [
              -77.4381016,
              7.5405162
            ],
            [
              -77.4379515,
              7.5407808
            ],
            [
              -77.4375993,
              7.5413024
            ],
            [
              -77.4375141,
              7.5414353
            ],
            [
              -77.4374142,
              7.5416201
            ],
            [
              -77.4373413,
              7.5418168
            ],
            [
              -77.4373331,
              7.5420348
            ],
            [
              -77.437451,
              7.5422774
            ],
            [
              -77.4376291,
              7.5424182
            ],
            [
              -77.4378134,
              7.5424938
            ],
            [
              -77.4379691,
              7.5425303
            ],
            [
              -77.4381419,
              7.5425506
            ],
            [
              -77.4383606,
              7.5425452
            ],
            [
              -77.4385692,
              7.5425112
            ],
            [
              -77.43872,
              7.5424625
            ],
            [
              -77.438916,
              7.5423667
            ],
            [
              -77.4391045,
              7.542212
            ],
            [
              -77.4392387,
              7.5420486
            ],
            [
              -77.439316,
              7.5419202
            ],
            [
              -77.4393796,
              7.5417888
            ],
            [
              -77.4394823,
              7.5415413
            ],
            [
              -77.439551,
              7.5413957
            ],
            [
              -77.4396592,
              7.5412377
            ],
            [
              -77.4397946,
              7.5411279
            ],
            [
              -77.440019,
              7.5410858
            ],
            [
              -77.4404294,
              7.5411419
            ],
            [
              -77.4406194,
              7.5411336
            ],
            [
              -77.4408068,
              7.5410601
            ],
            [
              -77.4409671,
              7.5408709
            ],
            [
              -77.4410177,
              7.5407282
            ],
            [
              -77.4411098,
              7.5403768
            ],
            [
              -77.4412608,
              7.540197
            ],
            [
              -77.4414984,
              7.5401482
            ],
            [
              -77.441691,
              7.5402391
            ],
            [
              -77.4420139,
              7.5405446
            ],
            [
              -77.4421755,
              7.5406767
            ],
            [
              -77.442381,
              7.5408155
            ],
            [
              -77.4426546,
              7.5409643
            ],
            [
              -77.4428361,
              7.5410729
            ],
            [
              -77.4429747,
              7.5411831
            ],
            [
              -77.4431001,
              7.5413287
            ],
            [
              -77.4431929,
              7.541503
            ],
            [
              -77.4432932,
              7.5417905
            ],
            [
              -77.443354,
              7.5419505
            ],
            [
              -77.4434518,
              7.5421173
            ],
            [
              -77.4435871,
              7.5422525
            ],
            [
              -77.4437738,
              7.542351
            ],
            [
              -77.4440389,
              7.5424412
            ],
            [
              -77.4444185,
              7.5425507
            ],
            [
              -77.4445992,
              7.5426174
            ],
            [
              -77.444782,
              7.5426963
            ],
            [
              -77.4449185,
              7.5427684
            ],
            [
              -77.4450867,
              7.5428869
            ],
            [
              -77.445191,
              7.5429977
            ],
            [
              -77.4452602,
              7.5431238
            ],
            [
              -77.4452897,
              7.5433014
            ],
            [
              -77.4452482,
              7.5434816
            ],
            [
              -77.4450991,
              7.5437419
            ],
            [
              -77.4450695,
              7.5439397
            ],
            [
              -77.4451896,
              7.5441296
            ],
            [
              -77.4454167,
              7.5443338
            ],
            [
              -77.445557,
              7.5444769
            ],
            [
              -77.4456708,
              7.5447059
            ],
            [
              -77.4456708,
              7.5448945
            ],
            [
              -77.4456045,
              7.5450471
            ],
            [
              -77.4454677,
              7.5452066
            ],
            [
              -77.4452595,
              7.545342
            ],
            [
              -77.4450655,
              7.5454161
            ],
            [
              -77.4446729,
              7.5455108
            ],
            [
              -77.444481,
              7.5455984
            ],
            [
              -77.4443554,
              7.5457833
            ],
            [
              -77.4443763,
              7.5459776
            ],
            [
              -77.4444404,
              7.5461205
            ],
            [
              -77.4445283,
              7.546258
            ],
            [
              -77.4446591,
              7.546418
            ],
            [
              -77.4448075,
              7.5465733
            ],
            [
              -77.4450656,
              7.5468232
            ],
            [
              -77.445233,
              7.5470084
            ],
            [
              -77.445339,
              7.5471607
            ],
            [
              -77.4454317,
              7.5473345
            ],
            [
              -77.4454906,
              7.5474956
            ],
            [
              -77.4455322,
              7.5476844
            ],
            [
              -77.4455554,
              7.5479665
            ],
            [
              -77.4455543,
              7.5483354
            ],
            [
              -77.4455734,
              7.5485344
            ],
            [
              -77.4456375,
              7.5487205
            ],
            [
              -77.4457717,
              7.5489003
            ],
            [
              -77.4460838,
              7.5491929
            ],
            [
              -77.4462383,
              7.5493595
            ],
            [
              -77.4463759,
              7.5495418
            ],
            [
              -77.4465125,
              7.5497749
            ],
            [
              -77.4466093,
              7.5500138
            ],
            [
              -77.446654,
              7.5501723
            ],
            [
              -77.4466908,
              7.5503995
            ],
            [
              -77.4467013,
              7.5506812
            ],
            [
              -77.4466818,
              7.5508963
            ],
            [
              -77.4466525,
              7.5510553
            ],
            [
              -77.446596,
              7.5512626
            ],
            [
              -77.446498,
              7.5515287
            ],
            [
              -77.446181,
              7.5522386
            ],
            [
              -77.4461083,
              7.5524174
            ],
            [
              -77.4460269,
              7.5526388
            ],
            [
              -77.4459291,
              7.55295
            ],
            [
              -77.4458497,
              7.5532594
            ],
            [
              -77.445809,
              7.5535107
            ],
            [
              -77.4458771,
              7.5536406
            ],
            [
              -77.446022,
              7.5537341
            ],
            [
              -77.4462003,
              7.5537659
            ],
            [
              -77.4465032,
              7.5537672
            ],
            [
              -77.4468448,
              7.5537781
            ],
            [
              -77.4474103,
              7.5538239
            ],
            [
              -77.4475874,
              7.5538513
            ],
            [
              -77.4477346,
              7.5538857
            ],
            [
              -77.4478806,
              7.5539307
            ],
            [
              -77.4479489,
              7.5540265
            ],
            [
              -77.4478063,
              7.5541524
            ],
            [
              -77.4475642,
              7.5543204
            ],
            [
              -77.4474421,
              7.5544165
            ],
            [
              -77.4473233,
              7.5545401
            ],
            [
              -77.4472252,
              7.5546938
            ],
            [
              -77.4471891,
              7.5548335
            ],
            [
              -77.4472031,
              7.5550379
            ],
            [
              -77.4473286,
              7.5554007
            ],
            [
              -77.4473449,
              7.5556354
            ],
            [
              -77.4472474,
              7.5558654
            ],
            [
              -77.4471117,
              7.5560412
            ],
            [
              -77.4469079,
              7.5562599
            ],
            [
              -77.4466713,
              7.5565371
            ],
            [
              -77.4465058,
              7.556686
            ],
            [
              -77.4463178,
              7.5567836
            ],
            [
              -77.446022,
              7.5568714
            ],
            [
              -77.4458237,
              7.5569592
            ],
            [
              -77.4456344,
              7.5571397
            ],
            [
              -77.4455543,
              7.5573266
            ],
            [
              -77.4455526,
              7.5574933
            ],
            [
              -77.4456275,
              7.5577218
            ],
            [
              -77.4458516,
              7.5581
            ],
            [
              -77.4459658,
              7.558321
            ],
            [
              -77.4460455,
              7.5585507
            ],
            [
              -77.4460686,
              7.5587148
            ],
            [
              -77.4460597,
              7.558879
            ],
            [
              -77.4460133,
              7.5591403
            ],
            [
              -77.4459926,
              7.5593064
            ],
            [
              -77.4459861,
              7.5594644
            ],
            [
              -77.4459917,
              7.5596879
            ],
            [
              -77.4459808,
              7.5598823
            ],
            [
              -77.4459429,
              7.5600396
            ],
            [
              -77.4458472,
              7.5602537
            ],
            [
              -77.4456955,
              7.5604912
            ],
            [
              -77.4455538,
              7.5606769
            ],
            [
              -77.4453416,
              7.5609308
            ],
            [
              -77.4451846,
              7.5611348
            ],
            [
              -77.4450765,
              7.5613151
            ],
            [
              -77.4450276,
              7.561453
            ],
            [
              -77.4450522,
              7.561679
            ],
            [
              -77.4451896,
              7.5617865
            ],
            [
              -77.4453518,
              7.5618033
            ],
            [
              -77.4455611,
              7.5617651
            ],
            [
              -77.4458091,
              7.5616566
            ],
            [
              -77.4460088,
              7.5615146
            ],
            [
              -77.4461601,
              7.5613725
            ],
            [
              -77.4463205,
              7.5611762
            ],
            [
              -77.4464356,
              7.5610103
            ],
            [
              -77.4465153,
              7.5608808
            ],
            [
              -77.4467378,
              7.5604974
            ],
            [
              -77.4468374,
              7.5603513
            ],
            [
              -77.4469908,
              7.5601732
            ],
            [
              -77.4471168,
              7.5600754
            ],
            [
              -77.4472725,
              7.5600068
            ],
            [
              -77.4475161,
              7.5599904
            ],
            [
              -77.4476913,
              7.5600443
            ],
            [
              -77.4477997,
              7.5601367
            ],
            [
              -77.4478227,
              7.561384
            ],
            [
              -77.4478149,
              7.5618452
            ],
            [
              -77.4477965,
              7.5623887
            ],
            [
              -77.4477935,
              7.562606
            ],
            [
              -77.4477977,
              7.5627642
            ],
            [
              -77.4478107,
              7.5629161
            ],
            [
              -77.4478516,
              7.563124
            ],
            [
              -77.4479296,
              7.5633433
            ],
            [
              -77.448052,
              7.5635174
            ],
            [
              -77.4482204,
              7.5636265
            ],
            [
              -77.4484061,
              7.5636335
            ],
            [
              -77.4486113,
              7.5635387
            ],
            [
              -77.4487873,
              7.5633871
            ],
            [
              -77.4489215,
              7.5632419
            ],
            [
              -77.4491682,
              7.5629537
            ],
            [
              -77.4493354,
              7.5627678
            ],
            [
              -77.4495163,
              7.5625877
            ],
            [
              -77.4496676,
              7.5624582
            ],
            [
              -77.4498471,
              7.5623297
            ],
            [
              -77.4500365,
              7.5622487
            ],
            [
              -77.4502794,
              7.5622596
            ],
            [
              -77.4504513,
              7.562369
            ],
            [
              -77.4506833,
              7.5626134
            ],
            [
              -77.450826,
              7.5627426
            ],
            [
              -77.4510262,
              7.5628824
            ],
            [
              -77.451167,
              7.5629581
            ],
            [
              -77.4512967,
              7.5630156
            ],
            [
              -77.4514311,
              7.563068
            ],
            [
              -77.4518626,
              7.5632196
            ],
            [
              -77.4520962,
              7.5633157
            ],
            [
              -77.4522828,
              7.5634184
            ],
            [
              -77.4524382,
              7.5635638
            ],
            [
              -77.4524938,
              7.5637408
            ],
            [
              -77.4524134,
              7.5639464
            ],
            [
              -77.4522872,
              7.5641843
            ],
            [
              -77.4519566,
              7.5647435
            ],
            [
              -77.4518194,
              7.56501
            ],
            [
              -77.4517331,
              7.5652701
            ],
            [
              -77.4517188,
              7.5655034
            ],
            [
              -77.4517577,
              7.5656954
            ],
            [
              -77.4518371,
              7.5658624
            ],
            [
              -77.4519672,
              7.5660239
            ],
            [
              -77.4521366,
              7.5661703
            ],
            [
              -77.4523682,
              7.5662989
            ],
            [
              -77.4525495,
              7.5663722
            ],
            [
              -77.4527024,
              7.5664218
            ],
            [
              -77.4528588,
              7.5664654
            ],
            [
              -77.4531613,
              7.5665367
            ],
            [
              -77.4535206,
              7.5666144
            ],
            [
              -77.4537099,
              7.5666615
            ],
            [
              -77.4539527,
              7.5667453
            ],
            [
              -77.4541727,
              7.5668641
            ],
            [
              -77.4542946,
              7.5669759
            ],
            [
              -77.4544006,
              7.5671529
            ],
            [
              -77.4545435,
              7.5675768
            ],
            [
              -77.4546215,
              7.5677352
            ],
            [
              -77.4547437,
              7.5679003
            ],
            [
              -77.4548939,
              7.568047
            ],
            [
              -77.4552294,
              7.5683329
            ],
            [
              -77.455364,
              7.5684524
            ],
            [
              -77.4557783,
              7.5688372
            ],
            [
              -77.4560001,
              7.5690195
            ],
            [
              -77.4561555,
              7.5691328
            ],
            [
              -77.456318,
              7.5692365
            ],
            [
              -77.4565496,
              7.5693607
            ],
            [
              -77.456739,
              7.5694444
            ],
            [
              -77.4569582,
              7.5695192
            ],
            [
              -77.4571856,
              7.5695751
            ],
            [
              -77.4574877,
              7.5696153
            ],
            [
              -77.4576935,
              7.5696214
            ],
            [
              -77.457858,
              7.5696111
            ],
            [
              -77.4580203,
              7.5695881
            ],
            [
              -77.4581863,
              7.5695515
            ],
            [
              -77.4583319,
              7.5695083
            ],
            [
              -77.4585307,
              7.569433
            ],
            [
              -77.4589861,
              7.5692007
            ],
            [
              -77.4600291,
              7.568715
            ],
            [
              -77.4603591,
              7.5685733
            ],
            [
              -77.4607215,
              7.568432
            ],
            [
              -77.4610165,
              7.5683313
            ],
            [
              -77.4611887,
              7.568279
            ],
            [
              -77.4618318,
              7.568102
            ],
            [
              -77.4620175,
              7.5680475
            ],
            [
              -77.4622008,
              7.567989
            ],
            [
              -77.4623783,
              7.5679267
            ],
            [
              -77.4625526,
              7.5678588
            ],
            [
              -77.4626998,
              7.5677955
            ],
            [
              -77.4629533,
              7.5676769
            ],
            [
              -77.4633066,
              7.5675046
            ],
            [
              -77.4635908,
              7.5673722
            ],
            [
              -77.4639102,
              7.5672382
            ],
            [
              -77.4642285,
              7.5671234
            ],
            [
              -77.4644948,
              7.5670405
            ],
            [
              -77.4649283,
              7.5669253
            ],
            [
              -77.4653896,
              7.566817
            ],
            [
              -77.4660914,
              7.566662
            ],
            [
              -77.4664928,
              7.5665687
            ],
            [
              -77.4670898,
              7.5664176
            ],
            [
              -77.4675211,
              7.566298
            ],
            [
              -77.4678299,
              7.5662168
            ],
            [
              -77.4681576,
              7.5661419
            ],
            [
              -77.4683989,
              7.5661001
            ],
            [
              -77.4685759,
              7.566082
            ],
            [
              -77.4687381,
              7.5660771
            ],
            [
              -77.4689664,
              7.5660865
            ],
            [
              -77.4691634,
              7.5661046
            ],
            [
              -77.4697787,
              7.5661827
            ],
            [
              -77.470158,
              7.5662128
            ],
            [
              -77.4704492,
              7.5662146
            ],
            [
              -77.4706784,
              7.5661978
            ],
            [
              -77.470853,
              7.5661731
            ],
            [
              -77.4711448,
              7.5661089
            ],
            [
              -77.4714014,
              7.5660313
            ],
            [
              -77.4719166,
              7.565855
            ],
            [
              -77.4721574,
              7.5657787
            ],
            [
              -77.4724467,
              7.5656975
            ],
            [
              -77.4725925,
              7.5656616
            ],
            [
              -77.4727976,
              7.5656179
            ],
            [
              -77.473004,
              7.5655826
            ],
            [
              -77.4731517,
              7.565563
            ],
            [
              -77.4733388,
              7.5655455
            ],
            [
              -77.473557,
              7.5655352
            ],
            [
              -77.473775,
              7.5655354
            ],
            [
              -77.4739922,
              7.5655463
            ],
            [
              -77.4742079,
              7.5655691
            ],
            [
              -77.4743832,
              7.5655988
            ],
            [
              -77.4745884,
              7.5656461
            ],
            [
              -77.4748413,
              7.5657276
            ],
            [
              -77.4750834,
              7.5658283
            ],
            [
              -77.4752589,
              7.5659158
            ],
            [
              -77.4754245,
              7.5660082
            ],
            [
              -77.4759551,
              7.5663341
            ],
            [
              -77.4761493,
              7.5664455
            ],
            [
              -77.4763738,
              7.5665565
            ],
            [
              -77.4765616,
              7.5666276
            ],
            [
              -77.4767135,
              7.5666688
            ],
            [
              -77.4769028,
              7.5666983
            ],
            [
              -77.4771061,
              7.5667019
            ],
            [
              -77.4772854,
              7.5666826
            ],
            [
              -77.4775304,
              7.566632
            ],
            [
              -77.4777243,
              7.5665813
            ],
            [
              -77.4780048,
              7.5664972
            ],
            [
              -77.4783107,
              7.5663927
            ],
            [
              -77.47857,
              7.5662909
            ],
            [
              -77.4793928,
              7.5659236
            ],
            [
              -77.4800763,
              7.5656283
            ],
            [
              -77.4806378,
              7.565426
            ],
            [
              -77.4856189,
              7.5609367
            ],
            [
              -77.4856708,
              7.5611854
            ],
            [
              -77.4858375,
              7.5614793
            ],
            [
              -77.4860703,
              7.5618382
            ],
            [
              -77.4863355,
              7.5621313
            ],
            [
              -77.486733,
              7.5625216
            ],
            [
              -77.4871301,
              7.5628792
            ],
            [
              -77.487726,
              7.5634321
            ],
            [
              -77.4882892,
              7.5640179
            ],
            [
              -77.4887208,
              7.564572
            ],
            [
              -77.4890525,
              7.564963
            ],
            [
              -77.4894504,
              7.5654189
            ],
            [
              -77.4898145,
              7.565744
            ],
            [
              -77.4901791,
              7.5661346
            ],
            [
              -77.4904769,
              7.5663946
            ],
            [
              -77.4908424,
              7.5669164
            ],
            [
              -77.4911392,
              7.5677229
            ],
            [
              -77.4910731,
              7.5689996
            ],
            [
              -77.4905748,
              7.5700963
            ],
            [
              -77.4898768,
              7.5711931
            ],
            [
              -77.4894786,
              7.5725887
            ],
            [
              -77.4891804,
              7.5740837
            ],
            [
              -77.4890822,
              7.575778
            ],
            [
              -77.4884839,
              7.5767751
            ],
            [
              -77.4880858,
              7.5782703
            ],
            [
              -77.4878876,
              7.5798649
            ],
            [
              -77.4870898,
              7.5810615
            ],
            [
              -77.4864918,
              7.5824572
            ],
            [
              -77.4862934,
              7.5838526
            ],
            [
              -77.4860951,
              7.5853476
            ],
            [
              -77.4857969,
              7.5868427
            ],
            [
              -77.4854983,
              7.5879391
            ],
            [
              -77.4853005,
              7.5900321
            ],
            [
              -77.4852017,
              7.5911283
            ],
            [
              -77.4851034,
              7.5928226
            ],
            [
              -77.4851062,
              7.5958122
            ],
            [
              -77.485407,
              7.5970078
            ],
            [
              -77.4854099,
              7.6000838
            ],
            [
              -77.4834154,
              7.60394
            ],
            [
              -77.4824523,
              7.6058665
            ],
            [
              -77.4816273,
              7.6082055
            ],
            [
              -77.4812156,
              7.6101314
            ],
            [
              -77.4812171,
              7.6117819
            ],
            [
              -77.4813569,
              7.6138448
            ],
            [
              -77.4813583,
              7.6153578
            ],
            [
              -77.4812225,
              7.6175586
            ],
            [
              -77.4799834,
              7.6192102
            ],
            [
              -77.4786055,
              7.6198992
            ],
            [
              -77.4765384,
              7.6205888
            ],
            [
              -77.4744724,
              7.6225713
            ],
            [
              -77.4735087,
              7.6239475
            ],
            [
              -77.4722694,
              7.6254616
            ],
            [
              -77.4708923,
              7.6269758
            ],
            [
              -77.4697908,
              7.6284897
            ],
            [
              -77.4688271,
              7.629866
            ]
          ]
        ]
      },
      "properties": {
        "osm_id": 16789936,
        "nombre": "Resguardo Indígena de La Raya",
        "nombre_en": "",
        "grupo_etnico": "embera katío",
        "grupo_estandar": "Embera",
        "fecha_creacion": "1992/08/03",
        "descripcion": "Creado por Acto administrativo no. 38 del 03-08-1992. ID resguardo 10287, con 5.029,76 ha.",
        "fuente": "OpenStreetMap / IGAC resguardos indígenas legalizados",
        "boundary": "aboriginal_lands",
        "tipo": "Resguardo Indígena"
      }
    },
    {
      "type": "Feature",
      "geometry": {
        "type": "Polygon",
        "coordinates": [
          [
            [
              -77.5562975,
              6.8765232
            ],
            [
              -77.5536522,
              6.8744183
            ],
            [
              -77.5469231,
              6.8731458
            ],
            [
              -77.54571,
              6.8728276
            ],
            [
              -77.5377678,
              6.8707371
            ],
            [
              -77.5355019,
              6.8689419
            ],
            [
              -77.5269875,
              6.8660332
            ],
            [
              -77.5255684,
              6.8668058
            ],
            [
              -77.5231647,
              6.8732862
            ],
            [
              -77.5211963,
              6.8763539
            ],
            [
              -77.51758,
              6.8819893
            ],
            [
              -77.5122241,
              6.8834436
            ],
            [
              -77.5091113,
              6.8891471
            ],
            [
              -77.5068683,
              6.8918511
            ],
            [
              -77.5017184,
              6.8971228
            ],
            [
              -77.5017642,
              6.9039622
            ],
            [
              -77.5017184,
              6.905212
            ],
            [
              -77.5026798,
              6.9093019
            ],
            [
              -77.5007571,
              6.9152323
            ],
            [
              -77.5003452,
              6.9186406
            ],
            [
              -77.5017871,
              6.9254115
            ],
            [
              -77.5025882,
              6.9331139
            ],
            [
              -77.5024738,
              6.9358632
            ],
            [
              -77.5004367,
              6.9384533
            ],
            [
              -77.4969348,
              6.9386124
            ],
            [
              -77.4948749,
              6.9357041
            ],
            [
              -77.491991,
              6.9339319
            ],
            [
              -77.4896564,
              6.9342954
            ],
            [
              -77.4891071,
              6.9389304
            ],
            [
              -77.4875964,
              6.9480186
            ],
            [
              -77.4847583,
              6.9539258
            ],
            [
              -77.4846736,
              6.9582254
            ],
            [
              -77.4842158,
              6.9619287
            ],
            [
              -77.4852916,
              6.9673813
            ],
            [
              -77.4865275,
              6.9699031
            ],
            [
              -77.4927074,
              6.9791269
            ],
            [
              -77.4936687,
              6.9846021
            ],
            [
              -77.4941493,
              6.9902589
            ],
            [
              -77.4947902,
              6.9915311
            ],
            [
              -77.495843,
              6.9927806
            ],
            [
              -77.4977939,
              6.9937671
            ],
            [
              -77.498821,
              6.9942367
            ],
            [
              -77.499786,
              6.9948525
            ],
            [
              -77.5002039,
              6.9955458
            ],
            [
              -77.5004535,
              6.997033
            ],
            [
              -77.5002961,
              6.9973801
            ],
            [
              -77.4998694,
              6.9977186
            ],
            [
              -77.4982026,
              6.9977792
            ],
            [
              -77.4967617,
              6.9985293
            ],
            [
              -77.4955402,
              6.9994089
            ],
            [
              -77.4951624,
              6.9999589
            ],
            [
              -77.495119,
              7.0007072
            ],
            [
              -77.4956799,
              7.0014142
            ],
            [
              -77.4966988,
              7.0018047
            ],
            [
              -77.4977134,
              7.0017039
            ],
            [
              -77.4982137,
              7.0018337
            ],
            [
              -77.4986366,
              7.0022691
            ],
            [
              -77.4988655,
              7.0031203
            ],
            [
              -77.4988251,
              7.0039457
            ],
            [
              -77.4984812,
              7.0044371
            ],
            [
              -77.497394,
              7.0050062
            ],
            [
              -77.496183,
              7.006464
            ],
            [
              -77.4953421,
              7.0070549
            ],
            [
              -77.49484,
              7.0079044
            ],
            [
              -77.4942935,
              7.0105515
            ],
            [
              -77.4947357,
              7.0109398
            ],
            [
              -77.4951528,
              7.0115077
            ],
            [
              -77.4958282,
              7.0120803
            ],
            [
              -77.4958351,
              7.0133816
            ],
            [
              -77.4964187,
              7.0151063
            ],
            [
              -77.4966483,
              7.0159674
            ],
            [
              -77.4964513,
              7.016594
            ],
            [
              -77.4957962,
              7.0170044
            ],
            [
              -77.4946264,
              7.0175242
            ],
            [
              -77.4943045,
              7.0179184
            ],
            [
              -77.4944266,
              7.0183965
            ],
            [
              -77.4958797,
              7.0190133
            ],
            [
              -77.4971027,
              7.0191576
            ],
            [
              -77.4975926,
              7.0195271
            ],
            [
              -77.4978506,
              7.0200911
            ],
            [
              -77.4977873,
              7.0209309
            ],
            [
              -77.4983011,
              7.0215514
            ],
            [
              -77.4988793,
              7.0217108
            ],
            [
              -77.4995027,
              7.0216095
            ],
            [
              -77.4998051,
              7.0213924
            ],
            [
              -77.5000989,
              7.0209253
            ],
            [
              -77.5005822,
              7.0207325
            ],
            [
              -77.5017681,
              7.0209368
            ],
            [
              -77.5026072,
              7.0213078
            ],
            [
              -77.5029985,
              7.0216747
            ],
            [
              -77.5029266,
              7.022306
            ],
            [
              -77.5025607,
              7.0227402
            ],
            [
              -77.5021948,
              7.0229761
            ],
            [
              -77.5012178,
              7.0229528
            ],
            [
              -77.5005225,
              7.0227891
            ],
            [
              -77.4994429,
              7.0223364
            ],
            [
              -77.4982961,
              7.0223559
            ],
            [
              -77.4969988,
              7.0227529
            ],
            [
              -77.49572,
              7.0224184
            ],
            [
              -77.4949378,
              7.0215911
            ],
            [
              -77.4940863,
              7.0217195
            ],
            [
              -77.4935453,
              7.0226117
            ],
            [
              -77.4933119,
              7.0237493
            ],
            [
              -77.4926969,
              7.0240837
            ],
            [
              -77.4920193,
              7.0242648
            ],
            [
              -77.4910587,
              7.0239404
            ],
            [
              -77.4903897,
              7.022741
            ],
            [
              -77.4898099,
              7.0220691
            ],
            [
              -77.4889265,
              7.0220947
            ],
            [
              -77.4883795,
              7.0224644
            ],
            [
              -77.4880458,
              7.0231844
            ],
            [
              -77.4882484,
              7.0242297
            ],
            [
              -77.4888393,
              7.0268005
            ],
            [
              -77.4883463,
              7.0276871
            ],
            [
              -77.4874308,
              7.0288831
            ],
            [
              -77.4872362,
              7.0291374
            ],
            [
              -77.4861883,
              7.0302295
            ],
            [
              -77.4852585,
              7.0305313
            ],
            [
              -77.4844959,
              7.0305236
            ],
            [
              -77.4838422,
              7.030672
            ],
            [
              -77.483625,
              7.031158
            ],
            [
              -77.4827552,
              7.0350213
            ],
            [
              -77.482253,
              7.0369434
            ],
            [
              -77.4805568,
              7.0401977
            ],
            [
              -77.4799652,
              7.0412813
            ],
            [
              -77.4786834,
              7.0417739
            ],
            [
              -77.4760211,
              7.0421679
            ],
            [
              -77.4757253,
              7.0429559
            ],
            [
              -77.4751337,
              7.0445321
            ],
            [
              -77.4740727,
              7.047202
            ],
            [
              -77.4713869,
              7.0482753
            ],
            [
              -77.4706966,
              7.0492604
            ],
            [
              -77.4694148,
              7.0500484
            ],
            [
              -77.4675414,
              7.050935
            ],
            [
              -77.4658652,
              7.0499499
            ],
            [
              -77.465668,
              7.0488663
            ],
            [
              -77.4640903,
              7.0473887
            ],
            [
              -77.4632029,
              7.0474872
            ],
            [
              -77.4621183,
              7.0482753
            ],
            [
              -77.4618225,
              7.0499499
            ],
            [
              -77.4620197,
              7.05192
            ],
            [
              -77.4609351,
              7.0532006
            ],
            [
              -77.4589679,
              7.0537907
            ],
            [
              -77.4572858,
              7.0543824
            ],
            [
              -77.4569023,
              7.0550208
            ],
            [
              -77.4560036,
              7.0554869
            ],
            [
              -77.4553148,
              7.0569438
            ],
            [
              -77.4556106,
              7.0586183
            ],
            [
              -77.4549204,
              7.0606869
            ],
            [
              -77.4534414,
              7.0620659
            ],
            [
              -77.4523568,
              7.063445
            ],
            [
              -77.4508777,
              7.064824
            ],
            [
              -77.4507791,
              7.0663016
            ],
            [
              -77.4504833,
              7.0681731
            ],
            [
              -77.4512721,
              7.0683701
            ],
            [
              -77.4524554,
              7.0689611
            ],
            [
              -77.4524554,
              7.0695521
            ],
            [
              -77.4519623,
              7.0704386
            ],
            [
              -77.4495959,
              7.0716206
            ],
            [
              -77.4493987,
              7.0738862
            ],
            [
              -77.4488389,
              7.074204
            ],
            [
              -77.4485548,
              7.0742247
            ],
            [
              -77.4473548,
              7.0741312
            ],
            [
              -77.4470323,
              7.0733937
            ],
            [
              -77.4466379,
              7.0728027
            ],
            [
              -77.4457505,
              7.0724086
            ],
            [
              -77.4439756,
              7.0725072
            ],
            [
              -77.443145,
              7.0721131
            ],
            [
              -77.4426821,
              7.0718544
            ],
            [
              -77.441605,
              7.0722174
            ],
            [
              -77.4410176,
              7.0728027
            ],
            [
              -77.4405412,
              7.0734195
            ],
            [
              -77.4398884,
              7.0737827
            ],
            [
              -77.4387657,
              7.0741142
            ],
            [
              -77.4383946,
              7.0741971
            ],
            [
              -77.438209,
              7.0742247
            ],
            [
              -77.4374017,
              7.0742339
            ],
            [
              -77.4372069,
              7.0742155
            ],
            [
              -77.4370213,
              7.0741511
            ],
            [
              -77.4368357,
              7.0740774
            ],
            [
              -77.4365017,
              7.0739024
            ],
            [
              -77.4361955,
              7.0736722
            ],
            [
              -77.4360656,
              7.0735341
            ],
            [
              -77.4358707,
              7.0732026
            ],
            [
              -77.4356017,
              7.0726501
            ],
            [
              -77.4352862,
              7.0713794
            ],
            [
              -77.4351192,
              7.0712873
            ],
            [
              -77.4349429,
              7.0712505
            ],
            [
              -77.4347666,
              7.0712413
            ],
            [
              -77.4345903,
              7.0712781
            ],
            [
              -77.4344047,
              7.0713334
            ],
            [
              -77.4342841,
              7.0714899
            ],
            [
              -77.4339315,
              7.0724015
            ],
            [
              -77.433848,
              7.0725673
            ],
            [
              -77.4336531,
              7.0728803
            ],
            [
              -77.4333284,
              7.073129
            ],
            [
              -77.4331521,
              7.0732118
            ],
            [
              -77.432549,
              7.0734697
            ],
            [
              -77.4307118,
              7.0739945
            ],
            [
              -77.4299509,
              7.0740087
            ],
            [
              -77.4285406,
              7.0743905
            ],
            [
              -77.4281787,
              7.0745194
            ],
            [
              -77.4280117,
              7.0746115
            ],
            [
              -77.4265735,
              7.0760848
            ],
            [
              -77.4260068,
              7.0767667
            ],
            [
              -77.424662,
              7.0777238
            ],
            [
              -77.4242909,
              7.0780645
            ],
            [
              -77.4237713,
              7.07893
            ],
            [
              -77.4225187,
              7.0804678
            ],
            [
              -77.4215258,
              7.0810755
            ],
            [
              -77.4196051,
              7.0816924
            ],
            [
              -77.4188628,
              7.0820331
            ],
            [
              -77.4182597,
              7.0830368
            ],
            [
              -77.4179071,
              7.0846482
            ],
            [
              -77.417536,
              7.0852283
            ],
            [
              -77.4174061,
              7.0853848
            ],
            [
              -77.4170999,
              7.0856518
            ],
            [
              -77.4169236,
              7.0857531
            ],
            [
              -77.415838,
              7.0862687
            ],
            [
              -77.4151606,
              7.0870882
            ],
            [
              -77.4140193,
              7.0881287
            ],
            [
              -77.4137039,
              7.0883221
            ],
            [
              -77.4133049,
              7.0887549
            ],
            [
              -77.41221,
              7.089381
            ],
            [
              -77.4108831,
              7.0896756
            ],
            [
              -77.4087954,
              7.0899979
            ],
            [
              -77.4071438,
              7.0904307
            ],
            [
              -77.4055963,
              7.0904579
            ],
            [
              -77.4042303,
              7.0907622
            ],
            [
              -77.4019941,
              7.0905504
            ],
            [
              -77.4005652,
              7.0906148
            ],
            [
              -77.3999435,
              7.0907345
            ],
            [
              -77.3986723,
              7.0908358
            ],
            [
              -77.3966681,
              7.0903662
            ],
            [
              -77.3956753,
              7.0900624
            ],
            [
              -77.3954619,
              7.0900347
            ],
            [
              -77.395064,
              7.0900236
            ],
            [
              -77.3941443,
              7.0899979
            ],
            [
              -77.3939587,
              7.0900255
            ],
            [
              -77.3933649,
              7.0902465
            ],
            [
              -77.3928546,
              7.090578
            ],
            [
              -77.3927247,
              7.0907161
            ],
            [
              -77.3923535,
              7.0916277
            ],
            [
              -77.3917133,
              7.0922538
            ],
            [
              -77.3913885,
              7.0938191
            ],
            [
              -77.3910452,
              7.0945005
            ],
            [
              -77.3906833,
              7.094436
            ],
            [
              -77.3905534,
              7.0942703
            ],
            [
              -77.3903864,
              7.0934508
            ],
            [
              -77.3902472,
              7.0933219
            ],
            [
              -77.3900709,
              7.0932851
            ],
            [
              -77.38982,
              7.0934128
            ],
            [
              -77.3895792,
              7.0937178
            ],
            [
              -77.3893843,
              7.0940954
            ],
            [
              -77.389327,
              7.0943977
            ],
            [
              -77.3892915,
              7.0945834
            ],
            [
              -77.3890225,
              7.0952463
            ],
            [
              -77.3883544,
              7.0963512
            ],
            [
              -77.3867863,
              7.0978981
            ],
            [
              -77.3864337,
              7.0980639
            ],
            [
              -77.3858306,
              7.0985058
            ],
            [
              -77.3855615,
              7.0988189
            ],
            [
              -77.3854223,
              7.0992056
            ],
            [
              -77.385413,
              7.0996291
            ],
            [
              -77.3855708,
              7.1002645
            ],
            [
              -77.385979,
              7.1009642
            ],
            [
              -77.3862574,
              7.1012405
            ],
            [
              -77.3869069,
              7.1015627
            ],
            [
              -77.3875564,
              7.1017837
            ],
            [
              -77.388475,
              7.1020231
            ],
            [
              -77.3893843,
              7.1020968
            ],
            [
              -77.3895328,
              7.1022257
            ],
            [
              -77.389607,
              7.102419
            ],
            [
              -77.3896163,
              7.102815
            ],
            [
              -77.3894957,
              7.1032201
            ],
            [
              -77.3892544,
              7.1035424
            ],
            [
              -77.3886235,
              7.1039843
            ],
            [
              -77.3884193,
              7.1040488
            ],
            [
              -77.3885526,
              7.1042028
            ],
            [
              -77.3896289,
              7.1045895
            ],
            [
              -77.3900186,
              7.1045803
            ],
            [
              -77.3902042,
              7.104525
            ],
            [
              -77.3904825,
              7.1042856
            ],
            [
              -77.3907423,
              7.103724
            ],
            [
              -77.3908445,
              7.1031853
            ],
            [
              -77.3911898,
              7.1027904
            ],
            [
              -77.3911419,
              7.1026181
            ],
            [
              -77.3903063,
              7.1024116
            ],
            [
              -77.3900847,
              7.1024092
            ],
            [
              -77.3899884,
              7.1022783
            ],
            [
              -77.3902431,
              7.1017152
            ],
            [
              -77.3905013,
              7.1017005
            ],
            [
              -77.3910744,
              7.1019742
            ],
            [
              -77.3918063,
              7.1025083
            ],
            [
              -77.3920351,
              7.1024811
            ],
            [
              -77.3921309,
              7.1023766
            ],
            [
              -77.3920599,
              7.1014405
            ],
            [
              -77.3922641,
              7.1005013
            ],
            [
              -77.3923661,
              7.1003448
            ],
            [
              -77.3929058,
              7.0998285
            ],
            [
              -77.3935724,
              7.0997187
            ],
            [
              -77.3945501,
              7.0997354
            ],
            [
              -77.3947915,
              7.0996819
            ],
            [
              -77.39508,
              7.0996854
            ],
            [
              -77.3952041,
              7.0998169
            ],
            [
              -77.3954125,
              7.1002029
            ],
            [
              -77.3963003,
              7.1008881
            ],
            [
              -77.3964766,
              7.1009709
            ],
            [
              -77.3968663,
              7.1009893
            ],
            [
              -77.3972096,
              7.1008052
            ],
            [
              -77.3973117,
              7.1006118
            ],
            [
              -77.3973395,
              7.0992859
            ],
            [
              -77.3975993,
              7.0989821
            ],
            [
              -77.3977663,
              7.0989084
            ],
            [
              -77.3996221,
              7.098844
            ],
            [
              -77.4009397,
              7.0989084
            ],
            [
              -77.4012273,
              7.0986782
            ],
            [
              -77.4013758,
              7.098135
            ],
            [
              -77.4015521,
              7.0980429
            ],
            [
              -77.4017284,
              7.0980613
            ],
            [
              -77.4019325,
              7.098356
            ],
            [
              -77.4019325,
              7.0985493
            ],
            [
              -77.4014593,
              7.0993688
            ],
            [
              -77.4014964,
              7.0997279
            ],
            [
              -77.4018211,
              7.0999305
            ],
            [
              -77.4020995,
              7.099645
            ],
            [
              -77.4022851,
              7.0992859
            ],
            [
              -77.4026469,
              7.0990742
            ],
            [
              -77.4028325,
              7.0991202
            ],
            [
              -77.4030581,
              7.0996752
            ],
            [
              -77.4034307,
              7.1001126
            ],
            [
              -77.4038302,
              7.1000271
            ],
            [
              -77.4041168,
              7.1002654
            ],
            [
              -77.404204,
              7.1006137
            ],
            [
              -77.4041026,
              7.1009465
            ],
            [
              -77.4042614,
              7.1015078
            ],
            [
              -77.4045305,
              7.1017351
            ],
            [
              -77.4057104,
              7.101916
            ],
            [
              -77.406063,
              7.1019068
            ],
            [
              -77.4068703,
              7.1015845
            ],
            [
              -77.4078338,
              7.1008144
            ],
            [
              -77.4080101,
              7.1007315
            ],
            [
              -77.4083905,
              7.1007131
            ],
            [
              -77.4097823,
              7.1014865
            ],
            [
              -77.410404,
              7.1022416
            ],
            [
              -77.4108679,
              7.1026467
            ],
            [
              -77.4115638,
              7.102969
            ],
            [
              -77.4126773,
              7.1036779
            ],
            [
              -77.4130391,
              7.1037884
            ],
            [
              -77.413633,
              7.1037608
            ],
            [
              -77.4137907,
              7.1038437
            ],
            [
              -77.413967,
              7.1041751
            ],
            [
              -77.4143381,
              7.1042212
            ],
            [
              -77.414533,
              7.1043225
            ],
            [
              -77.4148392,
              7.1050222
            ],
            [
              -77.4155351,
              7.1052985
            ],
            [
              -77.4158506,
              7.1055471
            ],
            [
              -77.4159248,
              7.105722
            ],
            [
              -77.4159248,
              7.1063481
            ],
            [
              -77.4155258,
              7.1064494
            ],
            [
              -77.4153588,
              7.1065599
            ],
            [
              -77.415331,
              7.106744
            ],
            [
              -77.4154052,
              7.1069098
            ],
            [
              -77.4155722,
              7.1069926
            ],
            [
              -77.4161197,
              7.1071584
            ],
            [
              -77.4162032,
              7.1073241
            ],
            [
              -77.4161753,
              7.1075174
            ],
            [
              -77.4159712,
              7.1079042
            ],
            [
              -77.4147892,
              7.1091271
            ],
            [
              -77.4151271,
              7.1104551
            ],
            [
              -77.4163166,
              7.1101198
            ],
            [
              -77.4167627,
              7.1109648
            ],
            [
              -77.4191147,
              7.1122123
            ],
            [
              -77.419669,
              7.1132317
            ],
            [
              -77.4211694,
              7.1130841
            ],
            [
              -77.422847,
              7.1138012
            ],
            [
              -77.4239842,
              7.1120339
            ],
            [
              -77.4247138,
              7.1119487
            ],
            [
              -77.4286406,
              7.1140993
            ],
            [
              -77.4289768,
              7.113567
            ],
            [
              -77.4291949,
              7.1130524
            ],
            [
              -77.4296902,
              7.1129654
            ],
            [
              -77.4300025,
              7.1130901
            ],
            [
              -77.4299542,
              7.1132786
            ],
            [
              -77.4301355,
              7.1135844
            ],
            [
              -77.4303289,
              7.1136323
            ],
            [
              -77.4306079,
              7.1135412
            ],
            [
              -77.4308021,
              7.113042
            ],
            [
              -77.4308936,
              7.1122894
            ],
            [
              -77.4318163,
              7.1109906
            ],
            [
              -77.4335603,
              7.1096296
            ],
            [
              -77.4369935,
              7.1071994
            ],
            [
              -77.4400834,
              7.1059729
            ],
            [
              -77.4488267,
              7.1050644
            ],
            [
              -77.452031,
              7.1043376
            ],
            [
              -77.4634065,
              7.1047919
            ],
            [
              -77.4714402,
              7.1036108
            ],
            [
              -77.4779176,
              7.1083123
            ],
            [
              -77.4792947,
              7.1127211
            ],
            [
              -77.4751062,
              7.1186262
            ],
            [
              -77.4714441,
              7.1217377
            ],
            [
              -77.4691095,
              7.1274156
            ],
            [
              -77.4681482,
              7.1299593
            ],
            [
              -77.4651041,
              7.1357733
            ],
            [
              -77.4619226,
              7.1428363
            ],
            [
              -77.4574365,
              7.1491498
            ],
            [
              -77.4525004,
              7.1532977
            ],
            [
              -77.4457255,
              7.1605648
            ],
            [
              -77.4436656,
              7.16329
            ],
            [
              -77.4355174,
              7.1761888
            ],
            [
              -77.4343959,
              7.1810485
            ],
            [
              -77.4333888,
              7.1845002
            ],
            [
              -77.4297953,
              7.1902
            ],
            [
              -77.4278951,
              7.1944214
            ],
            [
              -77.4249425,
              7.2012111
            ],
            [
              -77.4239354,
              7.2043447
            ],
            [
              -77.4177098,
              7.2119516
            ],
            [
              -77.4125142,
              7.2154939
            ],
            [
              -77.4083257,
              7.2201034
            ],
            [
              -77.4051442,
              7.2259617
            ],
            [
              -77.400475,
              7.2302078
            ],
            [
              -77.4001775,
              7.2312523
            ],
            [
              -77.4013448,
              7.2329098
            ],
            [
              -77.4033023,
              7.2341771
            ],
            [
              -77.4122058,
              7.2444855
            ],
            [
              -77.4162342,
              7.2517512
            ],
            [
              -77.4181797,
              7.2588351
            ],
            [
              -77.4183069,
              7.263165
            ],
            [
              -77.4188383,
              7.2674119
            ],
            [
              -77.4202116,
              7.2697277
            ],
            [
              -77.4201165,
              7.2738749
            ],
            [
              -77.4211236,
              7.2754188
            ],
            [
              -77.4257126,
              7.2789081
            ],
            [
              -77.4267655,
              7.2820866
            ],
            [
              -77.4261475,
              7.2873992
            ],
            [
              -77.4251404,
              7.2950274
            ],
            [
              -77.4252091,
              7.3019063
            ],
            [
              -77.4291115,
              7.3044419
            ],
            [
              -77.4328423,
              7.3067803
            ],
            [
              -77.4377862,
              7.3127282
            ],
            [
              -77.438633,
              7.316633
            ],
            [
              -77.4399377,
              7.321809
            ],
            [
              -77.4406014,
              7.3280518
            ],
            [
              -77.440281,
              7.3332731
            ],
            [
              -77.4393426,
              7.3406509
            ],
            [
              -77.4412423,
              7.3421945
            ],
            [
              -77.4413109,
              7.3429436
            ],
            [
              -77.441105,
              7.3441921
            ],
            [
              -77.439663,
              7.3449412
            ],
            [
              -77.4398919,
              7.3457812
            ],
            [
              -77.4391595,
              7.3472794
            ],
            [
              -77.4384976,
              7.3481528
            ],
            [
              -77.4375832,
              7.3487383
            ],
            [
              -77.4376661,
              7.348946
            ],
            [
              -77.4376804,
              7.3505652
            ],
            [
              -77.4377687,
              7.3511571
            ],
            [
              -77.4378997,
              7.3514574
            ],
            [
              -77.4382608,
              7.3519871
            ],
            [
              -77.4389402,
              7.3527445
            ],
            [
              -77.4394657,
              7.3529559
            ],
            [
              -77.4399595,
              7.3528693
            ],
            [
              -77.4402876,
              7.3526456
            ],
            [
              -77.4408134,
              7.3520735
            ],
            [
              -77.4415465,
              7.3514784
            ],
            [
              -77.4430066,
              7.3494011
            ],
            [
              -77.4433193,
              7.3490781
            ],
            [
              -77.4438924,
              7.3487302
            ],
            [
              -77.444863,
              7.3484732
            ],
            [
              -77.4454166,
              7.3481664
            ],
            [
              -77.4457942,
              7.348061
            ],
            [
              -77.4461342,
              7.3477735
            ],
            [
              -77.4468025,
              7.346167
            ],
            [
              -77.4468437,
              7.3449434
            ],
            [
              -77.4478228,
              7.3425228
            ],
            [
              -77.4481384,
              7.3423247
            ],
            [
              -77.4484905,
              7.3422664
            ],
            [
              -77.4490194,
              7.3423629
            ],
            [
              -77.4495964,
              7.3427488
            ],
            [
              -77.4498331,
              7.3427376
            ],
            [
              -77.4500068,
              7.3426145
            ],
            [
              -77.4500393,
              7.3421045
            ],
            [
              -77.4495613,
              7.34116
            ],
            [
              -77.4493468,
              7.340493
            ],
            [
              -77.4491457,
              7.3401551
            ],
            [
              -77.4487151,
              7.3397008
            ],
            [
              -77.4482545,
              7.3395843
            ],
            [
              -77.4476534,
              7.3396994
            ],
            [
              -77.4473237,
              7.3398691
            ],
            [
              -77.4469459,
              7.3403322
            ],
            [
              -77.4466407,
              7.340492
            ],
            [
              -77.4464244,
              7.3404142
            ],
            [
              -77.4463573,
              7.3401988
            ],
            [
              -77.4464905,
              7.3398978
            ],
            [
              -77.4469112,
              7.3395621
            ],
            [
              -77.4470896,
              7.3393066
            ],
            [
              -77.4473457,
              7.3386854
            ],
            [
              -77.4473921,
              7.3381538
            ],
            [
              -77.4474904,
              7.3380371
            ],
            [
              -77.4484423,
              7.3379697
            ],
            [
              -77.4488376,
              7.3376949
            ],
            [
              -77.4494188,
              7.3374471
            ],
            [
              -77.4497279,
              7.3375279
            ],
            [
              -77.4501856,
              7.3379687
            ],
            [
              -77.4506454,
              7.3381297
            ],
            [
              -77.4512191,
              7.3381089
            ],
            [
              -77.4515567,
              7.3379689
            ],
            [
              -77.4516523,
              7.3378321
            ],
            [
              -77.4516758,
              7.3374615
            ],
            [
              -77.4514109,
              7.3366108
            ],
            [
              -77.4513445,
              7.3356619
            ],
            [
              -77.4510978,
              7.3350226
            ],
            [
              -77.4507278,
              7.334718
            ],
            [
              -77.4500345,
              7.3346693
            ],
            [
              -77.4497535,
              7.3348224
            ],
            [
              -77.449461,
              7.3351929
            ],
            [
              -77.4493605,
              7.3355761
            ],
            [
              -77.4491278,
              7.3356015
            ],
            [
              -77.4489921,
              7.3353361
            ],
            [
              -77.4489973,
              7.3349787
            ],
            [
              -77.4488776,
              7.3346232
            ],
            [
              -77.4488833,
              7.3338404
            ],
            [
              -77.4491124,
              7.333292
            ],
            [
              -77.4496805,
              7.3325705
            ],
            [
              -77.4496835,
              7.3320987
            ],
            [
              -77.4494629,
              7.3316266
            ],
            [
              -77.4494102,
              7.3312808
            ],
            [
              -77.4494674,
              7.331043
            ],
            [
              -77.4496611,
              7.3308451
            ],
            [
              -77.4498997,
              7.3308247
            ],
            [
              -77.4501331,
              7.3309108
            ],
            [
              -77.4511649,
              7.3319748
            ],
            [
              -77.4519809,
              7.3324201
            ],
            [
              -77.4523109,
              7.3324465
            ],
            [
              -77.4526602,
              7.3323733
            ],
            [
              -77.4528809,
              7.3321966
            ],
            [
              -77.4530151,
              7.33195
            ],
            [
              -77.4529362,
              7.3314616
            ],
            [
              -77.4524108,
              7.330144
            ],
            [
              -77.4523431,
              7.3294118
            ],
            [
              -77.4526291,
              7.3288386
            ],
            [
              -77.4536211,
              7.3279164
            ],
            [
              -77.453745,
              7.327444
            ],
            [
              -77.4535659,
              7.3272406
            ],
            [
              -77.4531316,
              7.3271132
            ],
            [
              -77.4525486,
              7.3271133
            ],
            [
              -77.4521416,
              7.3273286
            ],
            [
              -77.4517683,
              7.3273298
            ],
            [
              -77.4523801,
              7.3262279
            ],
            [
              -77.4525581,
              7.325431
            ],
            [
              -77.452042,
              7.3240197
            ],
            [
              -77.4513567,
              7.3225543
            ],
            [
              -77.4513148,
              7.3220086
            ],
            [
              -77.4514374,
              7.321867
            ],
            [
              -77.4517061,
              7.3218662
            ],
            [
              -77.4518693,
              7.3221701
            ],
            [
              -77.4519377,
              7.3227508
            ],
            [
              -77.4522913,
              7.3228845
            ],
            [
              -77.4526786,
              7.3228442
            ],
            [
              -77.4529333,
              7.3227435
            ],
            [
              -77.453066,
              7.3226096
            ],
            [
              -77.453326,
              7.321564
            ],
            [
              -77.4535236,
              7.3212249
            ],
            [
              -77.4537747,
              7.3211481
            ],
            [
              -77.454505,
              7.3212013
            ],
            [
              -77.4548356,
              7.3210391
            ],
            [
              -77.454914,
              7.3207207
            ],
            [
              -77.4548904,
              7.320381
            ],
            [
              -77.4547775,
              7.3200649
            ],
            [
              -77.4545793,
              7.3198023
            ],
            [
              -77.4541113,
              7.3194505
            ],
            [
              -77.4532158,
              7.3191934
            ],
            [
              -77.4527964,
              7.3188168
            ],
            [
              -77.4528734,
              7.3185798
            ],
            [
              -77.4531166,
              7.3184658
            ],
            [
              -77.4535104,
              7.3185197
            ],
            [
              -77.4540282,
              7.3188394
            ],
            [
              -77.4544001,
              7.3187869
            ],
            [
              -77.4546567,
              7.3185678
            ],
            [
              -77.4549625,
              7.3179302
            ],
            [
              -77.4549539,
              7.3175473
            ],
            [
              -77.4548102,
              7.3172893
            ],
            [
              -77.4541656,
              7.3169014
            ],
            [
              -77.4535666,
              7.3168504
            ],
            [
              -77.4533878,
              7.3167691
            ],
            [
              -77.4532224,
              7.3165709
            ],
            [
              -77.4532431,
              7.3162414
            ],
            [
              -77.4534565,
              7.3159282
            ],
            [
              -77.453825,
              7.3156499
            ],
            [
              -77.4548786,
              7.3156045
            ],
            [
              -77.4554611,
              7.3154695
            ],
            [
              -77.4566856,
              7.3149354
            ],
            [
              -77.4572334,
              7.3145071
            ],
            [
              -77.4573706,
              7.3141188
            ],
            [
              -77.456617,
              7.3131293
            ],
            [
              -77.4565486,
              7.3128226
            ],
            [
              -77.4565932,
              7.3124109
            ],
            [
              -77.4568496,
              7.3116768
            ],
            [
              -77.4579393,
              7.3107757
            ],
            [
              -77.4583988,
              7.3100032
            ],
            [
              -77.4584863,
              7.3096948
            ],
            [
              -77.4584398,
              7.3093086
            ],
            [
              -77.4581794,
              7.308993
            ],
            [
              -77.4569602,
              7.3090177
            ],
            [
              -77.4565502,
              7.3087772
            ],
            [
              -77.456446,
              7.3082673
            ],
            [
              -77.4566752,
              7.3074988
            ],
            [
              -77.4566875,
              7.3071086
            ],
            [
              -77.4564904,
              7.3067706
            ],
            [
              -77.4561001,
              7.3064999
            ],
            [
              -77.4559352,
              7.3062918
            ],
            [
              -77.4558397,
              7.3060017
            ],
            [
              -77.4558708,
              7.3057587
            ],
            [
              -77.4563808,
              7.305503
            ],
            [
              -77.4575069,
              7.3052757
            ],
            [
              -77.4580825,
              7.3049352
            ],
            [
              -77.458476,
              7.304994
            ],
            [
              -77.4589301,
              7.3053574
            ],
            [
              -77.4592502,
              7.3054548
            ],
            [
              -77.4597666,
              7.3054686
            ],
            [
              -77.4602103,
              7.3052723
            ],
            [
              -77.4604126,
              7.3050273
            ],
            [
              -77.4604976,
              7.3047629
            ],
            [
              -77.4604714,
              7.3044288
            ],
            [
              -77.4603307,
              7.3041264
            ],
            [
              -77.4601151,
              7.3039365
            ],
            [
              -77.4598331,
              7.3038255
            ],
            [
              -77.4586851,
              7.3038481
            ],
            [
              -77.4585153,
              7.3035059
            ],
            [
              -77.4586313,
              7.3031298
            ],
            [
              -77.4587652,
              7.3029914
            ],
            [
              -77.4594789,
              7.3026053
            ],
            [
              -77.460468,
              7.3017909
            ],
            [
              -77.4609418,
              7.3016246
            ],
            [
              -77.4614388,
              7.301612
            ],
            [
              -77.4624442,
              7.301437
            ],
            [
              -77.4638483,
              7.300547
            ],
            [
              -77.4642081,
              7.3001766
            ],
            [
              -77.4644652,
              7.2997117
            ],
            [
              -77.4646527,
              7.2990951
            ],
            [
              -77.4647136,
              7.2984853
            ],
            [
              -77.4648988,
              7.2981097
            ],
            [
              -77.465114,
              7.298112
            ],
            [
              -77.4652754,
              7.2982089
            ],
            [
              -77.4653638,
              7.2988182
            ],
            [
              -77.4652094,
              7.2994022
            ],
            [
              -77.4647801,
              7.3003531
            ],
            [
              -77.4645534,
              7.3005662
            ],
            [
              -77.4630277,
              7.3014215
            ],
            [
              -77.4627712,
              7.3017843
            ],
            [
              -77.4628033,
              7.3027062
            ],
            [
              -77.462945,
              7.3029064
            ],
            [
              -77.4631875,
              7.3030561
            ],
            [
              -77.4638655,
              7.3030181
            ],
            [
              -77.464536,
              7.3027324
            ],
            [
              -77.4650718,
              7.3023061
            ],
            [
              -77.4657859,
              7.3014786
            ],
            [
              -77.4663014,
              7.3011761
            ],
            [
              -77.4667642,
              7.30116
            ],
            [
              -77.4673371,
              7.301483
            ],
            [
              -77.4675802,
              7.3015462
            ],
            [
              -77.4679901,
              7.3015385
            ],
            [
              -77.4683808,
              7.3014223
            ],
            [
              -77.4696108,
              7.3003823
            ],
            [
              -77.4721036,
              7.299143
            ],
            [
              -77.4727255,
              7.2986902
            ],
            [
              -77.4731528,
              7.2981981
            ],
            [
              -77.4733744,
              7.2978095
            ],
            [
              -77.4734376,
              7.2973412
            ],
            [
              -77.4733141,
              7.2970389
            ],
            [
              -77.4728644,
              7.2966615
            ],
            [
              -77.4720377,
              7.2963005
            ],
            [
              -77.4716726,
              7.2962419
            ],
            [
              -77.4705122,
              7.2962578
            ],
            [
              -77.4701659,
              7.2961426
            ],
            [
              -77.4696953,
              7.2957263
            ],
            [
              -77.4693275,
              7.2952041
            ],
            [
              -77.4691678,
              7.2945556
            ],
            [
              -77.4693164,
              7.2942057
            ],
            [
              -77.469636,
              7.2940032
            ],
            [
              -77.4702349,
              7.2939497
            ],
            [
              -77.4714949,
              7.2940964
            ],
            [
              -77.4724442,
              7.2940535
            ],
            [
              -77.4729577,
              7.2937729
            ],
            [
              -77.4733453,
              7.293329
            ],
            [
              -77.4735148,
              7.2928157
            ],
            [
              -77.4733368,
              7.2925263
            ],
            [
              -77.472521,
              7.2918411
            ],
            [
              -77.4723221,
              7.2917671
            ],
            [
              -77.4718016,
              7.2917844
            ],
            [
              -77.4716755,
              7.2915499
            ],
            [
              -77.4717433,
              7.2912135
            ],
            [
              -77.4724275,
              7.2903322
            ],
            [
              -77.4724868,
              7.2887768
            ],
            [
              -77.4726201,
              7.2885558
            ],
            [
              -77.4732334,
              7.2883418
            ],
            [
              -77.4740765,
              7.2883557
            ],
            [
              -77.4744883,
              7.2882818
            ],
            [
              -77.4752369,
              7.2879225
            ],
            [
              -77.4760017,
              7.2872006
            ],
            [
              -77.4766795,
              7.2860933
            ],
            [
              -77.4772435,
              7.2857018
            ],
            [
              -77.4779729,
              7.2849295
            ],
            [
              -77.4782943,
              7.284716
            ],
            [
              -77.4790282,
              7.2845392
            ],
            [
              -77.4793545,
              7.28475
            ],
            [
              -77.4794394,
              7.2850285
            ],
            [
              -77.4794009,
              7.2853591
            ],
            [
              -77.4792541,
              7.285721
            ],
            [
              -77.4792069,
              7.2863097
            ],
            [
              -77.4789573,
              7.2869799
            ],
            [
              -77.4788609,
              7.2880824
            ],
            [
              -77.4789244,
              7.2883743
            ],
            [
              -77.4791988,
              7.2891317
            ],
            [
              -77.4794698,
              7.28945
            ],
            [
              -77.4797736,
              7.2896063
            ],
            [
              -77.4802282,
              7.2896801
            ],
            [
              -77.4806421,
              7.289658
            ],
            [
              -77.4814467,
              7.2889116
            ],
            [
              -77.4819938,
              7.2878512
            ],
            [
              -77.4827146,
              7.2872643
            ],
            [
              -77.4830032,
              7.2867208
            ],
            [
              -77.4833587,
              7.2864569
            ],
            [
              -77.4837079,
              7.2863898
            ],
            [
              -77.4841463,
              7.2864553
            ],
            [
              -77.4852651,
              7.2870865
            ],
            [
              -77.4856617,
              7.2870643
            ],
            [
              -77.4860158,
              7.2868683
            ],
            [
              -77.4862797,
              7.2863649
            ],
            [
              -77.4863567,
              7.2854714
            ],
            [
              -77.4864678,
              7.2851912
            ],
            [
              -77.4868125,
              7.2848129
            ],
            [
              -77.4874058,
              7.2845066
            ],
            [
              -77.4884331,
              7.2832118
            ],
            [
              -77.4891424,
              7.2818047
            ],
            [
              -77.4890725,
              7.2809497
            ],
            [
              -77.4886753,
              7.2805877
            ],
            [
              -77.4884044,
              7.2804446
            ],
            [
              -77.4875431,
              7.2801908
            ],
            [
              -77.4871927,
              7.2800192
            ],
            [
              -77.4870245,
              7.2798502
            ],
            [
              -77.4869852,
              7.2796252
            ],
            [
              -77.4870334,
              7.2794678
            ],
            [
              -77.4872125,
              7.2794016
            ],
            [
              -77.4886437,
              7.2792912
            ],
            [
              -77.488992,
              7.2791557
            ],
            [
              -77.4892183,
              7.2786165
            ],
            [
              -77.4892502,
              7.2775895
            ],
            [
              -77.4891656,
              7.2773603
            ],
            [
              -77.4886119,
              7.2768906
            ],
            [
              -77.4882348,
              7.2764049
            ],
            [
              -77.4881343,
              7.2763966
            ],
            [
              -77.4879877,
              7.2765115
            ],
            [
              -77.4870272,
              7.2753355
            ],
            [
              -77.4863406,
              7.2733493
            ],
            [
              -77.4860343,
              7.2728056
            ],
            [
              -77.4855505,
              7.2723049
            ],
            [
              -77.4853318,
              7.272184
            ],
            [
              -77.4848273,
              7.2720674
            ],
            [
              -77.484584,
              7.2718724
            ],
            [
              -77.4844528,
              7.2716603
            ],
            [
              -77.4844747,
              7.2710868
            ],
            [
              -77.4848065,
              7.2706392
            ],
            [
              -77.4848446,
              7.2704662
            ],
            [
              -77.484802,
              7.2700985
            ],
            [
              -77.4844416,
              7.2695758
            ],
            [
              -77.4843755,
              7.2692669
            ],
            [
              -77.4844762,
              7.2685478
            ],
            [
              -77.4847102,
              7.2677042
            ],
            [
              -77.4847506,
              7.2670072
            ],
            [
              -77.4845608,
              7.2665564
            ],
            [
              -77.4836876,
              7.2657477
            ],
            [
              -77.4835513,
              7.2655358
            ],
            [
              -77.4835475,
              7.265168
            ],
            [
              -77.483836,
              7.2640932
            ],
            [
              -77.4839534,
              7.2633565
            ],
            [
              -77.4837464,
              7.2627819
            ],
            [
              -77.4832438,
              7.2621063
            ],
            [
              -77.4833022,
              7.2605188
            ],
            [
              -77.4835058,
              7.2600851
            ],
            [
              -77.4842146,
              7.2594441
            ],
            [
              -77.4861809,
              7.2586345
            ],
            [
              -77.4866675,
              7.2578376
            ],
            [
              -77.4870747,
              7.2574179
            ],
            [
              -77.4873904,
              7.2572456
            ],
            [
              -77.4887726,
              7.2568313
            ],
            [
              -77.4895632,
              7.2567247
            ],
            [
              -77.4918224,
              7.2566804
            ],
            [
              -77.4925722,
              7.2564729
            ],
            [
              -77.4931491,
              7.2560333
            ],
            [
              -77.4940548,
              7.2547869
            ],
            [
              -77.494764,
              7.2541209
            ],
            [
              -77.4958169,
              7.2534333
            ],
            [
              -77.4972071,
              7.2527631
            ],
            [
              -77.4980946,
              7.2524886
            ],
            [
              -77.4990266,
              7.2523219
            ],
            [
              -77.5010359,
              7.2523626
            ],
            [
              -77.5016767,
              7.2522203
            ],
            [
              -77.502106,
              7.2520396
            ],
            [
              -77.5024782,
              7.251711
            ],
            [
              -77.5031192,
              7.2508652
            ],
            [
              -77.5035074,
              7.2504738
            ],
            [
              -77.5058977,
              7.2487615
            ],
            [
              -77.5060494,
              7.2485339
            ],
            [
              -77.5063662,
              7.2476728
            ],
            [
              -77.5066221,
              7.2473013
            ],
            [
              -77.5068617,
              7.2472136
            ],
            [
              -77.507437,
              7.247264
            ],
            [
              -77.5085589,
              7.2471137
            ],
            [
              -77.5091987,
              7.2473169
            ],
            [
              -77.5096595,
              7.2481906
            ],
            [
              -77.5100641,
              7.2484275
            ],
            [
              -77.5103648,
              7.2488313
            ],
            [
              -77.5107575,
              7.249163
            ],
            [
              -77.5119585,
              7.2506397
            ],
            [
              -77.5122434,
              7.2512542
            ],
            [
              -77.5122487,
              7.2517911
            ],
            [
              -77.5123641,
              7.2523229
            ],
            [
              -77.5129395,
              7.2532257
            ],
            [
              -77.5131844,
              7.253964
            ],
            [
              -77.514063,
              7.2547277
            ],
            [
              -77.5150364,
              7.2557658
            ],
            [
              -77.5159717,
              7.2561674
            ],
            [
              -77.5166185,
              7.2566589
            ],
            [
              -77.5171536,
              7.256686
            ],
            [
              -77.5182696,
              7.2564399
            ],
            [
              -77.5198581,
              7.2563184
            ],
            [
              -77.5203869,
              7.2563484
            ],
            [
              -77.5209146,
              7.2565676
            ],
            [
              -77.5217822,
              7.2572875
            ],
            [
              -77.5219516,
              7.2576002
            ],
            [
              -77.5220773,
              7.2581153
            ],
            [
              -77.5221106,
              7.2591684
            ],
            [
              -77.522491,
              7.2598417
            ],
            [
              -77.5226568,
              7.260626
            ],
            [
              -77.523088,
              7.2614473
            ],
            [
              -77.5232641,
              7.2620906
            ],
            [
              -77.5235629,
              7.2627821
            ],
            [
              -77.5242459,
              7.2635251
            ],
            [
              -77.524626,
              7.2641158
            ],
            [
              -77.5249701,
              7.2655002
            ],
            [
              -77.5256658,
              7.2663124
            ],
            [
              -77.5262803,
              7.2668387
            ],
            [
              -77.52669,
              7.2670562
            ],
            [
              -77.5278072,
              7.2674129
            ],
            [
              -77.5282842,
              7.2677006
            ],
            [
              -77.5284588,
              7.2679064
            ],
            [
              -77.528555,
              7.2684582
            ],
            [
              -77.5285306,
              7.2688215
            ],
            [
              -77.5282369,
              7.269305
            ],
            [
              -77.5278669,
              7.2696977
            ],
            [
              -77.5277737,
              7.2700147
            ],
            [
              -77.527774,
              7.2703235
            ],
            [
              -77.5279466,
              7.2708892
            ],
            [
              -77.5281273,
              7.2711925
            ],
            [
              -77.5284808,
              7.2714927
            ],
            [
              -77.5288066,
              7.2715469
            ],
            [
              -77.529486,
              7.2712361
            ],
            [
              -77.531042,
              7.2709093
            ],
            [
              -77.5313273,
              7.2709095
            ],
            [
              -77.5318229,
              7.2710879
            ],
            [
              -77.5324605,
              7.2710314
            ],
            [
              -77.532819,
              7.2707714
            ],
            [
              -77.5332158,
              7.2701821
            ],
            [
              -77.5337323,
              7.2698541
            ],
            [
              -77.5341278,
              7.2697609
            ],
            [
              -77.5355953,
              7.2699464
            ],
            [
              -77.5365251,
              7.2699367
            ],
            [
              -77.5372725,
              7.2700712
            ],
            [
              -77.5382932,
              7.2700312
            ],
            [
              -77.5387465,
              7.2700861
            ],
            [
              -77.5396948,
              7.2704876
            ],
            [
              -77.540576,
              7.2712911
            ],
            [
              -77.5407636,
              7.2713879
            ],
            [
              -77.5412127,
              7.2714164
            ],
            [
              -77.5417561,
              7.2711882
            ],
            [
              -77.5427732,
              7.2700278
            ],
            [
              -77.5439876,
              7.2695062
            ],
            [
              -77.5460031,
              7.2689145
            ],
            [
              -77.5475991,
              7.2679738
            ],
            [
              -77.549066,
              7.266938
            ],
            [
              -77.549542,
              7.266294
            ],
            [
              -77.5498898,
              7.265651
            ],
            [
              -77.5510554,
              7.2629527
            ],
            [
              -77.5517827,
              7.2616344
            ],
            [
              -77.5524162,
              7.2606371
            ],
            [
              -77.5532104,
              7.2596704
            ],
            [
              -77.5539113,
              7.2590888
            ],
            [
              -77.5548694,
              7.2586012
            ],
            [
              -77.5559709,
              7.258361
            ],
            [
              -77.5577282,
              7.2583117
            ],
            [
              -77.5585873,
              7.2580543
            ],
            [
              -77.5593728,
              7.2575827
            ],
            [
              -77.5603344,
              7.2566797
            ],
            [
              -77.561362,
              7.2550241
            ],
            [
              -77.5624241,
              7.253189
            ],
            [
              -77.5628452,
              7.2519678
            ],
            [
              -77.5628402,
              7.251323
            ],
            [
              -77.5626923,
              7.250751
            ],
            [
              -77.5617842,
              7.2492892
            ],
            [
              -77.5612015,
              7.2481474
            ],
            [
              -77.5607256,
              7.2468974
            ],
            [
              -77.5602416,
              7.2446085
            ],
            [
              -77.5593721,
              7.2435047
            ],
            [
              -77.55879,
              7.2424344
            ],
            [
              -77.5585684,
              7.2416122
            ],
            [
              -77.5587757,
              7.2405718
            ],
            [
              -77.5593433,
              7.2397436
            ],
            [
              -77.5600207,
              7.2392011
            ],
            [
              -77.5609497,
              7.2387282
            ],
            [
              -77.5619135,
              7.2381119
            ],
            [
              -77.5625164,
              7.2372117
            ],
            [
              -77.5629038,
              7.2362774
            ],
            [
              -77.5629693,
              7.2354529
            ],
            [
              -77.562852,
              7.2342001
            ],
            [
              -77.5625151,
              7.2323758
            ],
            [
              -77.5628363,
              7.2307259
            ],
            [
              -77.5630249,
              7.2301601
            ],
            [
              -77.5629483,
              7.2295158
            ],
            [
              -77.5626177,
              7.2285153
            ],
            [
              -77.5622182,
              7.2278736
            ],
            [
              -77.5613755,
              7.2275383
            ],
            [
              -77.5603857,
              7.2274577
            ],
            [
              -77.559774,
              7.2272117
            ],
            [
              -77.5594484,
              7.2268559
            ],
            [
              -77.557452,
              7.2237905
            ],
            [
              -77.5570509,
              7.2229339
            ],
            [
              -77.5567573,
              7.2220764
            ],
            [
              -77.556711,
              7.2207155
            ],
            [
              -77.5572342,
              7.2187771
            ],
            [
              -77.5569621,
              7.2160209
            ],
            [
              -77.5570218,
              7.2144442
            ],
            [
              -77.5574472,
              7.2137961
            ],
            [
              -77.5580531,
              7.21329
            ],
            [
              -77.5588745,
              7.2128181
            ],
            [
              -77.5612634,
              7.2109371
            ],
            [
              -77.5618674,
              7.2101803
            ],
            [
              -77.5622924,
              7.2094606
            ],
            [
              -77.5625007,
              7.2085635
            ],
            [
              -77.5628197,
              7.2080595
            ],
            [
              -77.5634992,
              7.2078036
            ],
            [
              -77.5643592,
              7.2076896
            ],
            [
              -77.5653613,
              7.2073953
            ],
            [
              -77.5669331,
              7.2065594
            ],
            [
              -77.5687643,
              7.2067961
            ],
            [
              -77.5700169,
              7.2064284
            ],
            [
              -77.5705516,
              7.2059944
            ],
            [
              -77.5710435,
              7.2046653
            ],
            [
              -77.5718906,
              7.2028677
            ],
            [
              -77.5730969,
              7.2011391
            ],
            [
              -77.5736275,
              7.2001678
            ],
            [
              -77.5739075,
              7.1992701
            ],
            [
              -77.5740797,
              7.1983375
            ],
            [
              -77.5739661,
              7.1975502
            ],
            [
              -77.5737446,
              7.1967281
            ],
            [
              -77.5728697,
              7.1949079
            ],
            [
              -77.5720969,
              7.1923347
            ],
            [
              -77.5716966,
              7.1915854
            ],
            [
              -77.5713256,
              7.1899763
            ],
            [
              -77.5713568,
              7.1893671
            ],
            [
              -77.5717461,
              7.1886835
            ],
            [
              -77.5723525,
              7.188249
            ],
            [
              -77.5729206,
              7.1874924
            ],
            [
              -77.5732727,
              7.18663
            ],
            [
              -77.5737693,
              7.1859098
            ],
            [
              -77.5742678,
              7.1854403
            ],
            [
              -77.5749411,
              7.1843605
            ],
            [
              -77.5753271,
              7.1832471
            ],
            [
              -77.5756025,
              7.1817405
            ],
            [
              -77.5756662,
              7.1807012
            ],
            [
              -77.5761854,
              7.1782256
            ],
            [
              -77.5768202,
              7.1768237
            ],
            [
              -77.5782424,
              7.1752009
            ],
            [
              -77.5793148,
              7.174727
            ],
            [
              -77.5806409,
              7.1746095
            ],
            [
              -77.5819513,
              7.1747066
            ],
            [
              -77.5823467,
              7.1747832
            ],
            [
              -77.5822831,
              7.1741471
            ],
            [
              -77.5823467,
              7.1731929
            ],
            [
              -77.5827284,
              7.1726204
            ],
            [
              -77.5832373,
              7.1723659
            ],
            [
              -77.5842551,
              7.1714753
            ],
            [
              -77.5848276,
              7.1712845
            ],
            [
              -77.5850821,
              7.1708392
            ],
            [
              -77.5853365,
              7.1704575
            ],
            [
              -77.585591,
              7.169885
            ],
            [
              -77.5858454,
              7.1694397
            ],
            [
              -77.5859727,
              7.1689308
            ],
            [
              -77.5860999,
              7.1684855
            ],
            [
              -77.5863781,
              7.1682156
            ],
            [
              -77.5864179,
              7.1677857
            ],
            [
              -77.586418,
              7.1654957
            ],
            [
              -77.5864816,
              7.1647323
            ],
            [
              -77.5869269,
              7.1638417
            ],
            [
              -77.5871813,
              7.1633964
            ],
            [
              -77.5874358,
              7.1630784
            ],
            [
              -77.587676,
              7.1627354
            ],
            [
              -77.5882627,
              7.162474
            ],
            [
              -77.5886444,
              7.162474
            ],
            [
              -77.5888353,
              7.1623468
            ],
            [
              -77.5889625,
              7.1618379
            ],
            [
              -77.5892169,
              7.1612018
            ],
            [
              -77.5899167,
              7.1611382
            ],
            [
              -77.5904892,
              7.1609473
            ],
            [
              -77.5910617,
              7.1606929
            ],
            [
              -77.5912526,
              7.1603748
            ],
            [
              -77.5916342,
              7.1598023
            ],
            [
              -77.5920795,
              7.1592934
            ],
            [
              -77.5926521,
              7.1589117
            ],
            [
              -77.5932882,
              7.15853
            ],
            [
              -77.5963416,
              7.15853
            ],
            [
              -77.5968505,
              7.1584028
            ],
            [
              -77.5974231,
              7.1583392
            ],
            [
              -77.5981864,
              7.1583392
            ],
            [
              -77.5989498,
              7.1580847
            ],
            [
              -77.5994587,
              7.157703
            ],
            [
              -77.5999676,
              7.1571941
            ],
            [
              -77.6002857,
              7.1568125
            ],
            [
              -77.6005401,
              7.1560491
            ],
            [
              -77.6008582,
              7.1555402
            ],
            [
              -77.6013671,
              7.1542679
            ],
            [
              -77.6015579,
              7.1538226
            ],
            [
              -77.6016851,
              7.1535046
            ],
            [
              -77.6020668,
              7.1527412
            ],
            [
              -77.6022577,
              7.1522959
            ],
            [
              -77.6027666,
              7.1514689
            ],
            [
              -77.6029574,
              7.1510236
            ],
            [
              -77.6031482,
              7.1501331
            ],
            [
              -77.6033391,
              7.1491789
            ],
            [
              -77.6033391,
              7.1481611
            ],
            [
              -77.6035299,
              7.1474613
            ],
            [
              -77.6035299,
              7.1469524
            ],
            [
              -77.6033391,
              7.1460618
            ],
            [
              -77.6030846,
              7.1454893
            ],
            [
              -77.6025121,
              7.1444079
            ],
            [
              -77.6019396,
              7.1434537
            ],
            [
              -77.6014943,
              7.1425631
            ],
            [
              -77.6009854,
              7.1421178
            ],
            [
              -77.6006037,
              7.1416725
            ],
            [
              -77.6004129,
              7.1414181
            ],
            [
              -77.6001469,
              7.1409098
            ],
            [
              -77.5998404,
              7.1405275
            ],
            [
              -77.5995223,
              7.1400822
            ],
            [
              -77.5994587,
              7.1393824
            ],
            [
              -77.5994587,
              7.1376013
            ],
            [
              -77.5995859,
              7.137156
            ],
            [
              -77.5997767,
              7.136647
            ],
            [
              -77.6000312,
              7.1362654
            ],
            [
              -77.6002857,
              7.1359473
            ],
            [
              -77.6004129,
              7.1355656
            ],
            [
              -77.6004765,
              7.1351839
            ],
            [
              -77.6004765,
              7.1338481
            ],
            [
              -77.6006673,
              7.1333392
            ],
            [
              -77.6008582,
              7.1329575
            ],
            [
              -77.6011126,
              7.1323213
            ],
            [
              -77.6011762,
              7.1320669
            ],
            [
              -77.6013671,
              7.1316852
            ],
            [
              -77.6015579,
              7.1314308
            ],
            [
              -77.6017476,
              7.1311534
            ],
            [
              -77.6019396,
              7.1307946
            ],
            [
              -77.6019396,
              7.1306038
            ],
            [
              -77.6016215,
              7.1300313
            ],
            [
              -77.6013035,
              7.1300313
            ],
            [
              -77.6007946,
              7.1297768
            ],
            [
              -77.6006853,
              7.1294825
            ],
            [
              -77.6009218,
              7.1288862
            ],
            [
              -77.601049,
              7.1285045
            ],
            [
              -77.6011762,
              7.1283137
            ],
            [
              -77.6013671,
              7.1280593
            ],
            [
              -77.6015693,
              7.1275215
            ],
            [
              -77.6015693,
              7.127183
            ],
            [
              -77.6011631,
              7.1270477
            ],
            [
              -77.6008247,
              7.1266415
            ],
            [
              -77.6004185,
              7.1261
            ],
            [
              -77.6002154,
              7.1255584
            ],
            [
              -77.5999447,
              7.1249492
            ],
            [
              -77.5997416,
              7.1242723
            ],
            [
              -77.5997416,
              7.1235277
            ],
            [
              -77.5998093,
              7.1228508
            ],
            [
              -77.6000124,
              7.1220385
            ],
            [
              -77.6000124,
              7.1213616
            ],
            [
              -77.5998093,
              7.1210908
            ],
            [
              -77.599438,
              7.120885
            ],
            [
              -77.5989568,
              7.1207337
            ],
            [
              -77.5986585,
              7.120617
            ],
            [
              -77.5983201,
              7.1201432
            ],
            [
              -77.5979816,
              7.119737
            ],
            [
              -77.5974401,
              7.1195339
            ],
            [
              -77.5969663,
              7.1193986
            ],
            [
              -77.5966064,
              7.1191434
            ],
            [
              -77.5962894,
              7.118654
            ],
            [
              -77.5958155,
              7.1183832
            ],
            [
              -77.5951386,
              7.1177063
            ],
            [
              -77.5949355,
              7.1174355
            ],
            [
              -77.5948002,
              7.1166909
            ],
            [
              -77.5946648,
              7.1160817
            ],
            [
              -77.5944617,
              7.1155402
            ],
            [
              -77.5940556,
              7.114254
            ],
            [
              -77.5938525,
              7.1135094
            ],
            [
              -77.5935817,
              7.1119525
            ],
            [
              -77.5932433,
              7.1112079
            ],
            [
              -77.5932433,
              7.1102603
            ],
            [
              -77.593311,
              7.1095157
            ],
            [
              -77.593311,
              7.1075526
            ],
            [
              -77.5936494,
              7.1067403
            ],
            [
              -77.5942586,
              7.105725
            ],
            [
              -77.5947325,
              7.1050481
            ],
            [
              -77.5951386,
              7.1044389
            ],
            [
              -77.5954094,
              7.1041004
            ],
            [
              -77.596154,
              7.1032881
            ],
            [
              -77.5968986,
              7.1025435
            ],
            [
              -77.5973047,
              7.1017312
            ],
            [
              -77.5975755,
              7.1010543
            ],
            [
              -77.5977109,
              7.1003774
            ],
            [
              -77.598117,
              7.0999035
            ],
            [
              -77.5981847,
              7.0989559
            ],
            [
              -77.5985909,
              7.098279
            ],
            [
              -77.598997,
              7.0976697
            ],
            [
              -77.5991324,
              7.0964513
            ],
            [
              -77.5991324,
              7.0946237
            ],
            [
              -77.5992001,
              7.0938791
            ],
            [
              -77.5992001,
              7.0907653
            ],
            [
              -77.5990647,
              7.090156
            ],
            [
              -77.5990317,
              7.089595
            ],
            [
              -77.5991324,
              7.0890053
            ],
            [
              -77.5990647,
              7.0885315
            ],
            [
              -77.598997,
              7.0879899
            ],
            [
              -77.5989293,
              7.0872453
            ],
            [
              -77.5985909,
              7.0860946
            ],
            [
              -77.5985909,
              7.0858238
            ],
            [
              -77.5981847,
              7.0852146
            ],
            [
              -77.5975755,
              7.0847408
            ],
            [
              -77.5971693,
              7.0844023
            ],
            [
              -77.5958155,
              7.0841992
            ],
            [
              -77.5940556,
              7.0841992
            ],
            [
              -77.5931079,
              7.0841316
            ],
            [
              -77.592431,
              7.0839962
            ],
            [
              -77.5918894,
              7.0838608
            ],
            [
              -77.5916864,
              7.0835223
            ],
            [
              -77.5910771,
              7.0829131
            ],
            [
              -77.5908741,
              7.0826423
            ],
            [
              -77.5900618,
              7.0819654
            ],
            [
              -77.5893172,
              7.0816947
            ],
            [
              -77.5883018,
              7.0812885
            ],
            [
              -77.5868803,
              7.0808824
            ],
            [
              -77.5859326,
              7.0803408
            ],
            [
              -77.5852557,
              7.0802055
            ],
            [
              -77.584308,
              7.0800024
            ],
            [
              -77.5831573,
              7.0797316
            ],
            [
              -77.5821419,
              7.0797316
            ],
            [
              -77.5807881,
              7.0795962
            ],
            [
              -77.5798404,
              7.0793255
            ],
            [
              -77.5791635,
              7.0790547
            ],
            [
              -77.5786897,
              7.0786486
            ],
            [
              -77.5785543,
              7.0779717
            ],
            [
              -77.5785543,
              7.0767532
            ],
            [
              -77.5786897,
              7.075704
            ],
            [
              -77.5784866,
              7.0751625
            ],
            [
              -77.5784866,
              7.0735379
            ],
            [
              -77.5790281,
              7.0727933
            ],
            [
              -77.5795697,
              7.0718456
            ],
            [
              -77.5798404,
              7.0710333
            ],
            [
              -77.5800435,
              7.069138
            ],
            [
              -77.5801789,
              7.0681903
            ],
            [
              -77.5804497,
              7.0675134
            ],
            [
              -77.5809235,
              7.0662273
            ],
            [
              -77.5811266,
              7.0650765
            ],
            [
              -77.5811266,
              7.0639935
            ],
            [
              -77.5809235,
              7.0637904
            ],
            [
              -77.5807204,
              7.0633842
            ],
            [
              -77.5804497,
              7.0624366
            ],
            [
              -77.580382,
              7.0612181
            ],
            [
              -77.5806527,
              7.0603381
            ],
            [
              -77.5808558,
              7.0593566
            ],
            [
              -77.5808558,
              7.0563782
            ],
            [
              -77.5804496,
              7.0551598
            ],
            [
              -77.5801789,
              7.0544152
            ],
            [
              -77.5801789,
              7.052046
            ],
            [
              -77.5807881,
              7.051166
            ],
            [
              -77.5811266,
              7.0504214
            ],
            [
              -77.5811943,
              7.0499476
            ],
            [
              -77.5812619,
              7.0490676
            ],
            [
              -77.5813973,
              7.0482553
            ],
            [
              -77.5813973,
              7.0473753
            ],
            [
              -77.5809912,
              7.046563
            ],
            [
              -77.580382,
              7.04636
            ],
            [
              -77.5790281,
              7.045683
            ],
            [
              -77.5785543,
              7.0450738
            ],
            [
              -77.5782158,
              7.0443292
            ],
            [
              -77.5782158,
              7.0427723
            ],
            [
              -77.578622,
              7.0421631
            ],
            [
              -77.5788928,
              7.0412154
            ],
            [
              -77.5790281,
              7.0408093
            ],
            [
              -77.5790958,
              7.0395909
            ],
            [
              -77.5793666,
              7.0389139
            ],
            [
              -77.579502,
              7.038034
            ],
            [
              -77.5798404,
              7.0373571
            ],
            [
              -77.5804497,
              7.0370186
            ],
            [
              -77.5811266,
              7.0367478
            ],
            [
              -77.5818712,
              7.0365448
            ],
            [
              -77.5822773,
              7.0360709
            ],
            [
              -77.5826835,
              7.0354617
            ],
            [
              -77.5830219,
              7.0349202
            ],
            [
              -77.583225,
              7.0341079
            ],
            [
              -77.5835634,
              7.0330925
            ],
            [
              -77.5835634,
              7.0326864
            ],
            [
              -77.5836988,
              7.0323479
            ],
            [
              -77.5837066,
              7.0319241
            ],
            [
              -77.5838342,
              7.0316033
            ],
            [
              -77.5839137,
              7.0313374
            ],
            [
              -77.584105,
              7.030791
            ],
            [
              -77.584308,
              7.0305203
            ],
            [
              -77.584308,
              7.0300464
            ],
            [
              -77.5845788,
              7.0293695
            ],
            [
              -77.5846465,
              7.0287603
            ],
            [
              -77.5846465,
              7.0280834
            ],
            [
              -77.5845111,
              7.0276095
            ],
            [
              -77.5841727,
              7.0274065
            ],
            [
              -77.5839696,
              7.027068
            ],
            [
              -77.5827511,
              7.0264588
            ],
            [
              -77.582345,
              7.025985
            ],
            [
              -77.5822773,
              7.0252404
            ],
            [
              -77.5820742,
              7.0250373
            ],
            [
              -77.5822133,
              7.0245077
            ],
            [
              -77.5822773,
              7.0238865
            ],
            [
              -77.5822773,
              7.0232096
            ],
            [
              -77.5820742,
              7.0228035
            ],
            [
              -77.5818486,
              7.0223082
            ],
            [
              -77.5816004,
              7.0217881
            ],
            [
              -77.5811943,
              7.0213143
            ],
            [
              -77.5805174,
              7.0210435
            ],
            [
              -77.5799081,
              7.0206374
            ],
            [
              -77.5793666,
              7.0202312
            ],
            [
              -77.5789605,
              7.0198928
            ],
            [
              -77.5784866,
              7.0196897
            ],
            [
              -77.5778097,
              7.0193512
            ],
            [
              -77.5774036,
              7.0189451
            ],
            [
              -77.5770651,
              7.018742
            ],
            [
              -77.576659,
              7.0182682
            ],
            [
              -77.5763882,
              7.0179297
            ],
            [
              -77.5759144,
              7.0173205
            ],
            [
              -77.5748313,
              7.0169821
            ],
            [
              -77.5742221,
              7.0168467
            ],
            [
              -77.5735993,
              7.0166098
            ],
            [
              -77.5730578,
              7.0165421
            ],
            [
              -77.5723809,
              7.0162713
            ],
            [
              -77.5718394,
              7.0157298
            ],
            [
              -77.5715009,
              7.0152559
            ],
            [
              -77.5711624,
              7.014579
            ],
            [
              -77.5709594,
              7.0137667
            ],
            [
              -77.5708917,
              7.0130898
            ],
            [
              -77.5708917,
              7.0123452
            ],
            [
              -77.5710271,
              7.0116006
            ],
            [
              -77.5710271,
              7.0111945
            ],
            [
              -77.5711299,
              7.0108564
            ],
            [
              -77.5708917,
              7.0105176
            ],
            [
              -77.5705419,
              7.0102248
            ],
            [
              -77.5700117,
              7.0100437
            ],
            [
              -77.5694025,
              7.009976
            ],
            [
              -77.5687256,
              7.0099083
            ],
            [
              -77.5684548,
              7.0094345
            ],
            [
              -77.5683194,
              7.0082161
            ],
            [
              -77.5680487,
              7.0076068
            ],
            [
              -77.5677102,
              7.0074038
            ],
            [
              -77.5673041,
              7.0072007
            ],
            [
              -77.5668302,
              7.0067269
            ],
            [
              -77.5662887,
              7.0063207
            ],
            [
              -77.5654764,
              7.0059146
            ],
            [
              -77.5647318,
              7.0055761
            ],
            [
              -77.5640549,
              7.00517
            ],
            [
              -77.5636487,
              7.0047638
            ],
            [
              -77.5631072,
              7.0045608
            ],
            [
              -77.5623626,
              7.0042223
            ],
            [
              -77.5621595,
              7.0038162
            ],
            [
              -77.5618888,
              7.0032069
            ],
            [
              -77.5618211,
              7.0027331
            ],
            [
              -77.5618211,
              7.0021916
            ],
            [
              -77.5615503,
              7.0015823
            ],
            [
              -77.5615503,
              7.0007701
            ],
            [
              -77.5614041,
              7.0003584
            ],
            [
              -77.5613472,
              6.9997208
            ],
            [
              -77.5614149,
              6.9993147
            ],
            [
              -77.5614149,
              6.9959301
            ],
            [
              -77.5614826,
              6.9954563
            ],
            [
              -77.561618,
              6.9947117
            ],
            [
              -77.561618,
              6.9939671
            ],
            [
              -77.5618888,
              6.9934933
            ],
            [
              -77.5620919,
              6.9930194
            ],
            [
              -77.5621698,
              6.9924389
            ],
            [
              -77.5622949,
              6.9917333
            ],
            [
              -77.5622949,
              6.9903118
            ],
            [
              -77.5623626,
              6.989161
            ],
            [
              -77.5627011,
              6.9886195
            ],
            [
              -77.5631749,
              6.9879426
            ],
            [
              -77.5637164,
              6.9874688
            ],
            [
              -77.5639872,
              6.9870626
            ],
            [
              -77.5639872,
              6.986318
            ],
            [
              -77.5641226,
              6.9855734
            ],
            [
              -77.5641226,
              6.9840165
            ],
            [
              -77.564258,
              6.9828658
            ],
            [
              -77.5643257,
              6.9818504
            ],
            [
              -77.564461,
              6.9811735
            ],
            [
              -77.564461,
              6.9800228
            ],
            [
              -77.5645964,
              6.9790751
            ],
            [
              -77.5648672,
              6.9786689
            ],
            [
              -77.5658826,
              6.9769767
            ],
            [
              -77.5662887,
              6.9761644
            ],
            [
              -77.5665595,
              6.9755551
            ],
            [
              -77.5666948,
              6.9750813
            ],
            [
              -77.5668979,
              6.9746075
            ],
            [
              -77.5673041,
              6.9742013
            ],
            [
              -77.5674394,
              6.9735921
            ],
            [
              -77.5677779,
              6.9729152
            ],
            [
              -77.5677779,
              6.9718321
            ],
            [
              -77.5678385,
              6.9714927
            ],
            [
              -77.5677779,
              6.9709522
            ],
            [
              -77.5677102,
              6.9704106
            ],
            [
              -77.5676425,
              6.9699368
            ],
            [
              -77.5673718,
              6.969463
            ],
            [
              -77.5673041,
              6.9687184
            ],
            [
              -77.5673041,
              6.9679738
            ],
            [
              -77.567101,
              6.9669584
            ],
            [
              -77.5668302,
              6.9658076
            ],
            [
              -77.5668302,
              6.9651307
            ],
            [
              -77.5667625,
              6.9645892
            ],
            [
              -77.5667625,
              6.9637769
            ],
            [
              -77.5666272,
              6.9630323
            ],
            [
              -77.5666271,
              6.9624908
            ],
            [
              -77.5668979,
              6.9616108
            ],
            [
              -77.5672364,
              6.9605278
            ],
            [
              -77.5674394,
              6.9595124
            ],
            [
              -77.567981,
              6.9586324
            ],
            [
              -77.5683194,
              6.9580232
            ],
            [
              -77.5687933,
              6.9577524
            ],
            [
              -77.5696733,
              6.9571432
            ],
            [
              -77.5702825,
              6.9568047
            ],
            [
              -77.5711624,
              6.9564663
            ],
            [
              -77.5716363,
              6.9562632
            ],
            [
              -77.5724486,
              6.955654
            ],
            [
              -77.5732609,
              6.9549771
            ],
            [
              -77.5742085,
              6.9541648
            ],
            [
              -77.5752916,
              6.9537587
            ],
            [
              -77.5760362,
              6.9534202
            ],
            [
              -77.5772546,
              6.951931
            ],
            [
              -77.5779992,
              6.9509833
            ],
            [
              -77.57827,
              6.9503741
            ],
            [
              -77.5787438,
              6.9499679
            ],
            [
              -77.5790146,
              6.9496295
            ],
            [
              -77.5797592,
              6.9493587
            ],
            [
              -77.5808423,
              6.9491556
            ],
            [
              -77.5815192,
              6.9486818
            ],
            [
              -77.5827376,
              6.9479372
            ],
            [
              -77.5832114,
              6.9473957
            ],
            [
              -77.5834145,
              6.9469895
            ],
            [
              -77.5838207,
              6.9455003
            ],
            [
              -77.5838884,
              6.9449588
            ],
            [
              -77.5845653,
              6.9438758
            ],
            [
              -77.5849719,
              6.9430484
            ],
            [
              -77.5855129,
              6.9425219
            ],
            [
              -77.5859868,
              6.9419804
            ],
            [
              -77.5861899,
              6.941642
            ],
            [
              -77.5861222,
              6.9408973
            ],
            [
              -77.5856483,
              6.9402204
            ],
            [
              -77.5852422,
              6.9394758
            ],
            [
              -77.5850391,
              6.9392051
            ],
            [
              -77.5845653,
              6.9385282
            ],
            [
              -77.5845653,
              6.9365651
            ],
            [
              -77.5842268,
              6.9356851
            ],
            [
              -77.5840914,
              6.9350082
            ],
            [
              -77.5840914,
              6.9345344
            ],
            [
              -77.5838884,
              6.933316
            ],
            [
              -77.5838884,
              6.9320298
            ],
            [
              -77.5838207,
              6.9312852
            ],
            [
              -77.5834822,
              6.9306083
            ],
            [
              -77.5832115,
              6.9296606
            ],
            [
              -77.5830084,
              6.9292545
            ],
            [
              -77.5828053,
              6.9287807
            ],
            [
              -77.5825345,
              6.9284422
            ],
            [
              -77.5824237,
              6.9279733
            ],
            [
              -77.5821961,
              6.9275961
            ],
            [
              -77.5821284,
              6.9273253
            ],
            [
              -77.5816546,
              6.9268515
            ],
            [
              -77.5816546,
              6.9264453
            ],
            [
              -77.5814515,
              6.9255653
            ],
            [
              -77.5814515,
              6.9248207
            ],
            [
              -77.5815869,
              6.9242115
            ],
            [
              -77.5815869,
              6.9238054
            ],
            [
              -77.5813838,
              6.9233992
            ],
            [
              -77.5813161,
              6.9226546
            ],
            [
              -77.581113,
              6.9219777
            ],
            [
              -77.5808423,
              6.9212331
            ],
            [
              -77.5807069,
              6.9208947
            ],
            [
              -77.5805038,
              6.9205562
            ],
            [
              -77.58003,
              6.9203531
            ],
            [
              -77.5796915,
              6.9195408
            ],
            [
              -77.5794884,
              6.9189993
            ],
            [
              -77.5792854,
              6.9187285
            ],
            [
              -77.5790146,
              6.918187
            ],
            [
              -77.5786085,
              6.9178486
            ],
            [
              -77.5785408,
              6.9176455
            ],
            [
              -77.57827,
              6.9172393
            ],
            [
              -77.5778639,
              6.9167655
            ],
            [
              -77.5775931,
              6.9163594
            ],
            [
              -77.5774577,
              6.9156148
            ],
            [
              -77.5774577,
              6.914464
            ],
            [
              -77.5772546,
              6.9139902
            ],
            [
              -77.5769839,
              6.913584
            ],
            [
              -77.5767131,
              6.9133133
            ],
            [
              -77.5761716,
              6.9125687
            ],
            [
              -77.5759008,
              6.9120948
            ],
            [
              -77.5754947,
              6.9116887
            ],
            [
              -77.5752916,
              6.9112825
            ],
            [
              -77.5750885,
              6.9110795
            ],
            [
              -77.5748178,
              6.9105379
            ],
            [
              -77.5748855,
              6.909861
            ],
            [
              -77.5748178,
              6.9093195
            ],
            [
              -77.5748178,
              6.9082364
            ],
            [
              -77.5750885,
              6.9077626
            ],
            [
              -77.5751562,
              6.9072888
            ],
            [
              -77.5751562,
              6.9060026
            ],
            [
              -77.5750885,
              6.9055288
            ],
            [
              -77.5748178,
              6.9051226
            ],
            [
              -77.574547,
              6.9046488
            ],
            [
              -77.5744793,
              6.9045134
            ],
            [
              -77.5742347,
              6.9039973
            ],
            [
              -77.5740732,
              6.9033627
            ],
            [
              -77.5738024,
              6.9031596
            ],
            [
              -77.5733286,
              6.9028211
            ],
            [
              -77.5731932,
              6.902415
            ],
            [
              -77.5731932,
              6.9020766
            ],
            [
              -77.5729901,
              6.9016704
            ],
            [
              -77.572787,
              6.9010612
            ],
            [
              -77.572584,
              6.9003166
            ],
            [
              -77.5723809,
              6.8997751
            ],
            [
              -77.5721101,
              6.8993689
            ],
            [
              -77.5715009,
              6.898692
            ],
            [
              -77.5715009,
              6.8977443
            ],
            [
              -77.5713655,
              6.8970674
            ],
            [
              -77.5708917,
              6.8965259
            ],
            [
              -77.5700794,
              6.8963905
            ],
            [
              -77.5694025,
              6.8961874
            ],
            [
              -77.5685902,
              6.8955782
            ],
            [
              -77.5682517,
              6.8950367
            ],
            [
              -77.5681163,
              6.8944952
            ],
            [
              -77.5679133,
              6.8939536
            ],
            [
              -77.5677779,
              6.8934798
            ],
            [
              -77.5674394,
              6.8928029
            ],
            [
              -77.5673041,
              6.8921937
            ],
            [
              -77.5669656,
              6.8915844
            ],
            [
              -77.5668302,
              6.8911106
            ],
            [
              -77.5667625,
              6.8899599
            ],
            [
              -77.5666272,
              6.8887414
            ],
            [
              -77.5665595,
              6.8882676
            ],
            [
              -77.566221,
              6.8873876
            ],
            [
              -77.5661533,
              6.8869138
            ],
            [
              -77.5657472,
              6.8859661
            ],
            [
              -77.565341,
              6.8855599
            ],
            [
              -77.5649349,
              6.8852892
            ],
            [
              -77.5642804,
              6.8848598
            ],
            [
              -77.5634051,
              6.8841723
            ],
            [
              -77.5627281,
              6.8839015
            ],
            [
              -77.5619835,
              6.8834954
            ],
            [
              -77.5611036,
              6.8830892
            ],
            [
              -77.5600882,
              6.8825477
            ],
            [
              -77.5592759,
              6.8818031
            ],
            [
              -77.5584636,
              6.8805846
            ],
            [
              -77.5578544,
              6.8792308
            ],
            [
              -77.5571775,
              6.8775386
            ],
            [
              -77.5562975,
              6.8765232
            ]
          ]
        ]
      },
      "properties": {
        "osm_id": 16789956,
        "nombre": "Resguardo Indígena de Peña Blanca-Río Truandó",
        "nombre_en": "Peña Blanca-Río Truandó Indigenous Reservavtion",
        "grupo_etnico": "embera katío",
        "grupo_estandar": "Embera",
        "fecha_creacion": "1983/05/03",
        "descripcion": "",
        "fuente": "OpenStreetMap / IGAC resguardos indígenas legalizados",
        "boundary": "aboriginal_lands",
        "tipo": "Resguardo Indígena"
      }
    },
    {
      "type": "Feature",
      "geometry": {
        "type": "Polygon",
        "coordinates": [
          [
            [
              -77.4001775,
              7.2312523
            ],
            [
              -77.4013448,
              7.2329098
            ],
            [
              -77.4033023,
              7.2341771
            ],
            [
              -77.4122058,
              7.2444855
            ],
            [
              -77.4162342,
              7.2517512
            ],
            [
              -77.4181797,
              7.2588351
            ],
            [
              -77.4183069,
              7.263165
            ],
            [
              -77.4171424,
              7.2635454
            ],
            [
              -77.4151762,
              7.2641878
            ],
            [
              -77.4138487,
              7.2679114
            ],
            [
              -77.4101179,
              7.2763346
            ],
            [
              -77.4081496,
              7.2782644
            ],
            [
              -77.4057692,
              7.2797855
            ],
            [
              -77.4007796,
              7.2808299
            ],
            [
              -77.3961333,
              7.2846441
            ],
            [
              -77.3942107,
              7.2882993
            ],
            [
              -77.3862685,
              7.2909783
            ],
            [
              -77.3843916,
              7.2938843
            ],
            [
              -77.3849638,
              7.2995827
            ],
            [
              -77.3828124,
              7.3041459
            ],
            [
              -77.3797682,
              7.3074151
            ],
            [
              -77.3780974,
              7.3159738
            ],
            [
              -77.3746253,
              7.3165519
            ],
            [
              -77.3700935,
              7.3167789
            ],
            [
              -77.3659736,
              7.3156892
            ],
            [
              -77.3612586,
              7.3133736
            ],
            [
              -77.3599311,
              7.3114666
            ],
            [
              -77.3551246,
              7.3067673
            ],
            [
              -77.3530418,
              7.2993208
            ],
            [
              -77.3531562,
              7.2969143
            ],
            [
              -77.3520118,
              7.2922148
            ],
            [
              -77.3543951,
              7.2849097
            ],
            [
              -77.3551276,
              7.2793473
            ],
            [
              -77.355242,
              7.2773721
            ],
            [
              -77.3573706,
              7.2692213
            ],
            [
              -77.3586066,
              7.2651345
            ],
            [
              -77.3597281,
              7.2638858
            ],
            [
              -77.3593619,
              7.2586637
            ],
            [
              -77.359545,
              7.2572106
            ],
            [
              -77.3597968,
              7.2518068
            ],
            [
              -77.3642371,
              7.2502629
            ],
            [
              -77.3651526,
              7.2463122
            ],
            [
              -77.3631384,
              7.2408401
            ],
            [
              -77.3618109,
              7.2396821
            ],
            [
              -77.3563177,
              7.2346642
            ],
            [
              -77.3544638,
              7.2319167
            ],
            [
              -77.352587,
              7.2315988
            ],
            [
              -77.3501379,
              7.23035
            ],
            [
              -77.3489331,
              7.2305578
            ],
            [
              -77.347743,
              7.2310119
            ],
            [
              -77.3470792,
              7.2306486
            ],
            [
              -77.3460721,
              7.229536
            ],
            [
              -77.3411512,
              7.2328057
            ],
            [
              -77.3389997,
              7.2343497
            ],
            [
              -77.337489,
              7.2340772
            ],
            [
              -77.3355435,
              7.232624
            ],
            [
              -77.3331174,
              7.2291273
            ],
            [
              -77.330531,
              7.2267885
            ],
            [
              -77.3228635,
              7.2222472
            ],
            [
              -77.32133,
              7.2207713
            ],
            [
              -77.3162259,
              7.218319
            ],
            [
              -77.3131131,
              7.216616
            ],
            [
              -77.3129071,
              7.2025602
            ],
            [
              -77.31499,
              7.1990632
            ],
            [
              -77.3136624,
              7.1985409
            ],
            [
              -77.3098859,
              7.1989951
            ],
            [
              -77.3074826,
              7.1968378
            ],
            [
              -77.310893,
              7.192001
            ],
            [
              -77.3134564,
              7.188345
            ],
            [
              -77.318057,
              7.1838942
            ],
            [
              -77.3268689,
              7.1795568
            ],
            [
              -77.3442182,
              7.1748334
            ],
            [
              -77.3526181,
              7.1702916
            ],
            [
              -77.3618421,
              7.1680661
            ],
            [
              -77.3679528,
              7.1683462
            ],
            [
              -77.3692574,
              7.1700721
            ],
            [
              -77.3702874,
              7.1710713
            ],
            [
              -77.3733544,
              7.1760445
            ],
            [
              -77.375483,
              7.1774525
            ],
            [
              -77.3799691,
              7.183107
            ],
            [
              -77.381823,
              7.1875351
            ],
            [
              -77.3811821,
              7.1893518
            ],
            [
              -77.3819832,
              7.1952786
            ],
            [
              -77.3814568,
              7.1989573
            ],
            [
              -77.3823265,
              7.2046569
            ],
            [
              -77.3826012,
              7.2068368
            ],
            [
              -77.384684,
              7.2103564
            ],
            [
              -77.386744,
              7.212173
            ],
            [
              -77.3874993,
              7.2160332
            ],
            [
              -77.3895134,
              7.220302
            ],
            [
              -77.3911843,
              7.222164
            ],
            [
              -77.3941597,
              7.2257289
            ],
            [
              -77.3964257,
              7.2274319
            ],
            [
              -77.3977532,
              7.2283855
            ],
            [
              -77.3994011,
              7.2297933
            ],
            [
              -77.4001775,
              7.2312523
            ]
          ]
        ]
      },
      "properties": {
        "osm_id": 16792884,
        "nombre": "Resguardo Indígena Río Quiparado",
        "nombre_en": "Rio Quiparado Indigenous Reservation",
        "grupo_etnico": "embera katío",
        "grupo_estandar": "Embera",
        "fecha_creacion": "",
        "descripcion": "",
        "fuente": "OpenStreetMap / IGAC resguardos indígenas legalizados",
        "boundary": "aboriginal_lands",
        "tipo": "Resguardo Indígena"
      }
    },
    {
      "type": "Feature",
      "geometry": {
        "type": "Polygon",
        "coordinates": [
          [
            [
              -77.3520118,
              7.2922148
            ],
            [
              -77.348839,
              7.2939597
            ],
            [
              -77.3474657,
              7.2955943
            ],
            [
              -77.3446734,
              7.2968884
            ],
            [
              -77.3422243,
              7.297683
            ],
            [
              -77.3366854,
              7.3009748
            ],
            [
              -77.3312838,
              7.3021781
            ],
            [
              -77.3283312,
              7.3062872
            ],
            [
              -77.3266832,
              7.3114633
            ],
            [
              -77.3243715,
              7.3180696
            ],
            [
              -77.3230898,
              7.3190231
            ],
            [
              -77.3154451,
              7.3245622
            ],
            [
              -77.314667,
              7.3253568
            ],
            [
              -77.3105471,
              7.3294657
            ],
            [
              -77.3106615,
              7.331418
            ],
            [
              -77.3092424,
              7.3352318
            ],
            [
              -77.3081209,
              7.3362079
            ],
            [
              -77.3067019,
              7.3384099
            ],
            [
              -77.3065874,
              7.3407481
            ],
            [
              -77.3058092,
              7.3419285
            ],
            [
              -77.3053057,
              7.3433359
            ],
            [
              -77.3023073,
              7.3459919
            ],
            [
              -77.3015062,
              7.3472858
            ],
            [
              -77.3009798,
              7.34833
            ],
            [
              -77.3015291,
              7.349238
            ],
            [
              -77.3018953,
              7.3505773
            ],
            [
              -77.3013918,
              7.3512356
            ],
            [
              -77.3014833,
              7.3534148
            ],
            [
              -77.3007509,
              7.3544363
            ],
            [
              -77.3021013,
              7.3561161
            ],
            [
              -77.3035662,
              7.3573419
            ],
            [
              -77.304001,
              7.3587266
            ],
            [
              -77.3040239,
              7.3614051
            ],
            [
              -77.3040926,
              7.3630168
            ],
            [
              -77.3069078,
              7.366172
            ],
            [
              -77.3063128,
              7.3671254
            ],
            [
              -77.3056719,
              7.3694861
            ],
            [
              -77.3099978,
              7.3699855
            ],
            [
              -77.3113939,
              7.3695769
            ],
            [
              -77.3133623,
              7.3697131
            ],
            [
              -77.3147814,
              7.3697585
            ],
            [
              -77.3184664,
              7.3695315
            ],
            [
              -77.3213503,
              7.3704848
            ],
            [
              -77.3233187,
              7.3703486
            ],
            [
              -77.3245089,
              7.3712112
            ],
            [
              -77.3255388,
              7.3727774
            ],
            [
              -77.3256304,
              7.3749565
            ],
            [
              -77.3251039,
              7.3759553
            ],
            [
              -77.3257906,
              7.3773172
            ],
            [
              -77.3270266,
              7.3776123
            ],
            [
              -77.3286974,
              7.3787472
            ],
            [
              -77.32959,
              7.3792012
            ],
            [
              -77.3307116,
              7.3800637
            ],
            [
              -77.3324053,
              7.3816753
            ],
            [
              -77.3326799,
              7.3830372
            ],
            [
              -77.3329546,
              7.3841268
            ],
            [
              -77.3336641,
              7.3852617
            ],
            [
              -77.3343966,
              7.3851709
            ],
            [
              -77.3358614,
              7.3856248
            ],
            [
              -77.3366854,
              7.385012
            ],
            [
              -77.3373949,
              7.3839452
            ],
            [
              -77.3375551,
              7.3830372
            ],
            [
              -77.3383333,
              7.3824925
            ],
            [
              -77.3389971,
              7.3814029
            ],
            [
              -77.3396608,
              7.3803361
            ],
            [
              -77.3413774,
              7.3799729
            ],
            [
              -77.3432314,
              7.3787472
            ],
            [
              -77.3435061,
              7.3772945
            ],
            [
              -77.3457491,
              7.3756375
            ],
            [
              -77.3478548,
              7.3722326
            ],
            [
              -77.3480608,
              7.370848
            ],
            [
              -77.3489077,
              7.3691456
            ],
            [
              -77.3493654,
              7.3665806
            ],
            [
              -77.3506701,
              7.3643787
            ],
            [
              -77.3506472,
              7.3618137
            ],
            [
              -77.3511049,
              7.3600658
            ],
            [
              -77.3534853,
              7.3572057
            ],
            [
              -77.3543779,
              7.3561161
            ],
            [
              -77.3550875,
              7.354005
            ],
            [
              -77.363373,
              7.3543682
            ],
            [
              -77.363373,
              7.3558437
            ],
            [
              -77.3626406,
              7.3573873
            ],
            [
              -77.3623659,
              7.3594756
            ],
            [
              -77.361725,
              7.3606106
            ],
            [
              -77.3608782,
              7.3620407
            ],
            [
              -77.3606035,
              7.3647192
            ],
            [
              -77.3609468,
              7.3660131
            ],
            [
              -77.3611071,
              7.3674431
            ],
            [
              -77.3610613,
              7.3685781
            ],
            [
              -77.3592531,
              7.3716879
            ],
            [
              -77.3585207,
              7.3722553
            ],
            [
              -77.3587038,
              7.3730271
            ],
            [
              -77.3585207,
              7.3741621
            ],
            [
              -77.3578569,
              7.3747068
            ],
            [
              -77.3578112,
              7.3757056
            ],
            [
              -77.358143,
              7.3759709
            ],
            [
              -77.3624231,
              7.3735875
            ],
            [
              -77.3653757,
              7.3701599
            ],
            [
              -77.366955,
              7.3678219
            ],
            [
              -77.3706171,
              7.3643262
            ],
            [
              -77.372883,
              7.3628962
            ],
            [
              -77.3747828,
              7.3603311
            ],
            [
              -77.3759094,
              7.3580667
            ],
            [
              -77.3791366,
              7.354412
            ],
            [
              -77.3797546,
              7.3518015
            ],
            [
              -77.380693,
              7.3504849
            ],
            [
              -77.3804641,
              7.3493045
            ],
            [
              -77.379663,
              7.3483965
            ],
            [
              -77.3805557,
              7.3479652
            ],
            [
              -77.3799148,
              7.3456271
            ],
            [
              -77.3803497,
              7.3454682
            ],
            [
              -77.3812881,
              7.3454682
            ],
            [
              -77.3822494,
              7.3465124
            ],
            [
              -77.3839431,
              7.346694
            ],
            [
              -77.3847671,
              7.3463535
            ],
            [
              -77.3850417,
              7.3454909
            ],
            [
              -77.3844924,
              7.3441288
            ],
            [
              -77.3838744,
              7.34313
            ],
            [
              -77.3827758,
              7.3423128
            ],
            [
              -77.3824096,
              7.3411551
            ],
            [
              -77.3827987,
              7.3407238
            ],
            [
              -77.3854995,
              7.3398611
            ],
            [
              -77.3859344,
              7.3394752
            ],
            [
              -77.3857055,
              7.3390893
            ],
            [
              -77.3853164,
              7.3384083
            ],
            [
              -77.3850646,
              7.3379316
            ],
            [
              -77.3854766,
              7.3375003
            ],
            [
              -77.3869643,
              7.3367965
            ],
            [
              -77.3871703,
              7.3363652
            ],
            [
              -77.3850417,
              7.3354118
            ],
            [
              -77.3815856,
              7.3356161
            ],
            [
              -77.3798461,
              7.3351621
            ],
            [
              -77.3776717,
              7.3345492
            ],
            [
              -77.3753143,
              7.3344583
            ],
            [
              -77.3737807,
              7.3347989
            ],
            [
              -77.3717437,
              7.3344583
            ],
            [
              -77.371469,
              7.3337092
            ],
            [
              -77.3717208,
              7.3331644
            ],
            [
              -77.3711486,
              7.3316661
            ],
            [
              -77.3707595,
              7.3307127
            ],
            [
              -77.3699813,
              7.3299408
            ],
            [
              -77.3687453,
              7.3293052
            ],
            [
              -77.3678756,
              7.3292144
            ],
            [
              -77.3674178,
              7.3288966
            ],
            [
              -77.3674865,
              7.3280112
            ],
            [
              -77.3688598,
              7.3263541
            ],
            [
              -77.3715377,
              7.3252644
            ],
            [
              -77.3737808,
              7.324379
            ],
            [
              -77.375154,
              7.3237434
            ],
            [
              -77.3761153,
              7.3224948
            ],
            [
              -77.376802,
              7.3213143
            ],
            [
              -77.3769393,
              7.3203155
            ],
            [
              -77.3776717,
              7.317614
            ],
            [
              -77.3780974,
              7.3159738
            ],
            [
              -77.3746253,
              7.3165519
            ],
            [
              -77.3700935,
              7.3167789
            ],
            [
              -77.3659736,
              7.3156892
            ],
            [
              -77.3612586,
              7.3133736
            ],
            [
              -77.3599311,
              7.3114666
            ],
            [
              -77.3551246,
              7.3067673
            ],
            [
              -77.3530418,
              7.2993208
            ],
            [
              -77.3531562,
              7.2969143
            ],
            [
              -77.3520118,
              7.2922148
            ]
          ]
        ]
      },
      "properties": {
        "osm_id": 16829902,
        "nombre": "Resguardo Indígena Yarumal y El Barranco",
        "nombre_en": "Yarumal and  El Barranco Indigenous Reservation",
        "grupo_etnico": "embera katío",
        "grupo_estandar": "Embera",
        "fecha_creacion": "",
        "descripcion": "",
        "fuente": "OpenStreetMap / IGAC resguardos indígenas legalizados",
        "boundary": "aboriginal_lands",
        "tipo": "Resguardo Indígena"
      }
    },
    {
      "type": "Feature",
      "geometry": {
        "type": "Polygon",
        "coordinates": [
          [
            [
              -77.4159935,
              6.9250477
            ],
            [
              -77.4161124,
              6.9244529
            ],
            [
              -77.4153986,
              6.9233226
            ],
            [
              -77.4148632,
              6.9223113
            ],
            [
              -77.4145658,
              6.9213595
            ],
            [
              -77.4137925,
              6.9198129
            ],
            [
              -77.4129002,
              6.9193965
            ],
            [
              -77.4121863,
              6.9190991
            ],
            [
              -77.411413,
              6.9183257
            ],
            [
              -77.4111156,
              6.9177309
            ],
            [
              -77.4100448,
              6.917374
            ],
            [
              -77.4093905,
              6.917255
            ],
            [
              -77.4089741,
              6.9170884
            ],
            [
              -77.4074869,
              6.9163746
            ],
            [
              -77.4066541,
              6.9154228
            ],
            [
              -77.4063567,
              6.91459
            ],
            [
              -77.4064756,
              6.9138167
            ],
            [
              -77.4068325,
              6.9132813
            ],
            [
              -77.4069515,
              6.9126864
            ],
            [
              -77.407011,
              6.9118536
            ],
            [
              -77.4067731,
              6.9110208
            ],
            [
              -77.4062972,
              6.9104854
            ],
            [
              -77.4054644,
              6.9100095
            ],
            [
              -77.4043936,
              6.9093552
            ],
            [
              -77.4036203,
              6.9086413
            ],
            [
              -77.4029064,
              6.9081059
            ],
            [
              -77.4019547,
              6.9076895
            ],
            [
              -77.4013598,
              6.9073921
            ],
            [
              -77.4012408,
              6.9072136
            ],
            [
              -77.4013003,
              6.9067378
            ],
            [
              -77.4013598,
              6.9064403
            ],
            [
              -77.4015977,
              6.9057265
            ],
            [
              -77.4015382,
              6.9048342
            ],
            [
              -77.4015382,
              6.9042393
            ],
            [
              -77.4018357,
              6.9032875
            ],
            [
              -77.4018357,
              6.9024547
            ],
            [
              -77.4018952,
              6.9018599
            ],
            [
              -77.4021331,
              6.901265
            ],
            [
              -77.40249,
              6.9005512
            ],
            [
              -77.4035608,
              6.898945
            ],
            [
              -77.4040367,
              6.8984097
            ],
            [
              -77.4042746,
              6.8976363
            ],
            [
              -77.4044531,
              6.8969225
            ],
            [
              -77.404929,
              6.8964466
            ],
            [
              -77.4054049,
              6.8962087
            ],
            [
              -77.4061187,
              6.8959707
            ],
            [
              -77.4064161,
              6.8957328
            ],
            [
              -77.4066541,
              6.8951974
            ],
            [
              -77.406892,
              6.8948405
            ],
            [
              -77.4071895,
              6.8941861
            ],
            [
              -77.4072489,
              6.8938887
            ],
            [
              -77.4074274,
              6.8931153
            ],
            [
              -77.4076059,
              6.892461
            ],
            [
              -77.4077843,
              6.8919256
            ],
            [
              -77.4079033,
              6.8914497
            ],
            [
              -77.4080818,
              6.8907954
            ],
            [
              -77.4081412,
              6.8902005
            ],
            [
              -77.4082007,
              6.8896651
            ],
            [
              -77.4082007,
              6.8894272
            ],
            [
              -77.4082602,
              6.8890108
            ],
            [
              -77.4084982,
              6.8885944
            ],
            [
              -77.4084982,
              6.888178
            ],
            [
              -77.4086171,
              6.8871072
            ],
            [
              -77.4086171,
              6.8859175
            ],
            [
              -77.4084982,
              6.8853226
            ],
            [
              -77.4082007,
              6.8848467
            ],
            [
              -77.4081412,
              6.8840734
            ],
            [
              -77.4083197,
              6.8834785
            ],
            [
              -77.4087956,
              6.8828837
            ],
            [
              -77.4089741,
              6.8822293
            ],
            [
              -77.4090335,
              6.8816344
            ],
            [
              -77.4090335,
              6.8800878
            ],
            [
              -77.4088551,
              6.8794334
            ],
            [
              -77.4087361,
              6.8788386
            ],
            [
              -77.4083792,
              6.8780058
            ],
            [
              -77.4083792,
              6.8772919
            ],
            [
              -77.4086171,
              6.876816
            ],
            [
              -77.4088551,
              6.8759237
            ],
            [
              -77.4088551,
              6.8756263
            ],
            [
              -77.4084387,
              6.8750909
            ],
            [
              -77.4077843,
              6.8746745
            ],
            [
              -77.4069515,
              6.8742581
            ],
            [
              -77.4065351,
              6.8740202
            ],
            [
              -77.4057023,
              6.8736633
            ],
            [
              -77.4052264,
              6.8731279
            ],
            [
              -77.4048695,
              6.8728899
            ],
            [
              -77.404572,
              6.8724735
            ],
            [
              -77.4036798,
              6.8717597
            ],
            [
              -77.4032633,
              6.8715217
            ],
            [
              -77.402609,
              6.8712838
            ],
            [
              -77.4018357,
              6.8708079
            ],
            [
              -77.4013003,
              6.8703915
            ],
            [
              -77.3998271,
              6.8712703
            ],
            [
              -77.3989802,
              6.8724747
            ],
            [
              -77.3976756,
              6.8734063
            ],
            [
              -77.3952724,
              6.8741335
            ],
            [
              -77.3938762,
              6.8755878
            ],
            [
              -77.3923198,
              6.8769058
            ],
            [
              -77.3895961,
              6.8774739
            ],
            [
              -77.3876735,
              6.8767467
            ],
            [
              -77.385934,
              6.8780647
            ],
            [
              -77.3821116,
              6.8764513
            ],
            [
              -77.3811275,
              6.8742244
            ],
            [
              -77.3802577,
              6.8740653
            ],
            [
              -77.379182,
              6.8742471
            ],
            [
              -77.3774653,
              6.8737017
            ],
            [
              -77.3753825,
              6.8733836
            ],
            [
              -77.3698436,
              6.8740199
            ],
            [
              -77.3675319,
              6.8752924
            ],
            [
              -77.3660899,
              6.8765649
            ],
            [
              -77.3643275,
              6.8771103
            ],
            [
              -77.3626567,
              6.8766104
            ],
            [
              -77.3608485,
              6.8749515
            ],
            [
              -77.3549663,
              6.875656
            ],
            [
              -77.353593,
              6.876724
            ],
            [
              -77.3524714,
              6.8777693
            ],
            [
              -77.3507091,
              6.879269
            ],
            [
              -77.3482371,
              6.8798598
            ],
            [
              -77.3471156,
              6.8805188
            ],
            [
              -77.3458796,
              6.8802916
            ],
            [
              -77.3450786,
              6.8795871
            ],
            [
              -77.3438426,
              6.8793372
            ],
            [
              -77.3429902,
              6.87937
            ],
            [
              -77.3425012,
              6.879526
            ],
            [
              -77.3423892,
              6.8799235
            ],
            [
              -77.3425377,
              6.8805315
            ],
            [
              -77.3422372,
              6.8814156
            ],
            [
              -77.3416686,
              6.8813197
            ],
            [
              -77.341218,
              6.8787953
            ],
            [
              -77.3393619,
              6.8775703
            ],
            [
              -77.3382753,
              6.8774811
            ],
            [
              -77.3377975,
              6.8779198
            ],
            [
              -77.3377813,
              6.8785812
            ],
            [
              -77.3383993,
              6.8791536
            ],
            [
              -77.3382103,
              6.8795051
            ],
            [
              -77.3344239,
              6.8805672
            ],
            [
              -77.3336818,
              6.8805096
            ],
            [
              -77.3329675,
              6.8794159
            ],
            [
              -77.3323966,
              6.8793987
            ],
            [
              -77.3306976,
              6.8799216
            ],
            [
              -77.3301837,
              6.8802944
            ],
            [
              -77.3297327,
              6.8803292
            ],
            [
              -77.3295094,
              6.8802389
            ],
            [
              -77.3294163,
              6.8801054
            ],
            [
              -77.3293953,
              6.8798019
            ],
            [
              -77.3297821,
              6.8793355
            ],
            [
              -77.3303142,
              6.8783581
            ],
            [
              -77.3304167,
              6.8777445
            ],
            [
              -77.3303449,
              6.8773646
            ],
            [
              -77.329725,
              6.8772567
            ],
            [
              -77.3291051,
              6.8773893
            ],
            [
              -77.3273972,
              6.8758475
            ],
            [
              -77.3269057,
              6.8757063
            ],
            [
              -77.3262191,
              6.8758112
            ],
            [
              -77.3257606,
              6.875589
            ],
            [
              -77.3250711,
              6.8737144
            ],
            [
              -77.323494,
              6.8739807
            ],
            [
              -77.322861,
              6.8748009
            ],
            [
              -77.3220263,
              6.8769526
            ],
            [
              -77.3212195,
              6.8778473
            ],
            [
              -77.3201989,
              6.8780814
            ],
            [
              -77.3198462,
              6.8785503
            ],
            [
              -77.3194994,
              6.879482
            ],
            [
              -77.3190168,
              6.8797275
            ],
            [
              -77.3184978,
              6.879522
            ],
            [
              -77.3181139,
              6.8791862
            ],
            [
              -77.317945,
              6.8788685
            ],
            [
              -77.3175547,
              6.878896
            ],
            [
              -77.31734,
              6.8791821
            ],
            [
              -77.3174257,
              6.8800458
            ],
            [
              -77.3172177,
              6.8807623
            ],
            [
              -77.3168752,
              6.8810405
            ],
            [
              -77.3163783,
              6.8807806
            ],
            [
              -77.3157156,
              6.8792533
            ],
            [
              -77.3151925,
              6.8793369
            ],
            [
              -77.3146221,
              6.879989
            ],
            [
              -77.3141062,
              6.880148
            ],
            [
              -77.3119312,
              6.8800289
            ],
            [
              -77.3114333,
              6.8802054
            ],
            [
              -77.3110807,
              6.8807126
            ],
            [
              -77.3094803,
              6.8816023
            ],
            [
              -77.3093466,
              6.8820974
            ],
            [
              -77.3096725,
              6.8825377
            ],
            [
              -77.3114068,
              6.8833548
            ],
            [
              -77.3116617,
              6.8837508
            ],
            [
              -77.3114327,
              6.8842839
            ],
            [
              -77.3112109,
              6.8846029
            ],
            [
              -77.3107101,
              6.8850506
            ],
            [
              -77.3102012,
              6.8850181
            ],
            [
              -77.3093858,
              6.8844568
            ],
            [
              -77.3086794,
              6.8844547
            ],
            [
              -77.3078043,
              6.8847618
            ],
            [
              -77.30702,
              6.8848945
            ],
            [
              -77.3056946,
              6.8847178
            ],
            [
              -77.3050962,
              6.8843934
            ],
            [
              -77.3043503,
              6.8836871
            ],
            [
              -77.303261,
              6.8823934
            ],
            [
              -77.3003948,
              6.8823316
            ],
            [
              -77.2986353,
              6.8824274
            ],
            [
              -77.2979593,
              6.8831091
            ],
            [
              -77.2975302,
              6.8839293
            ],
            [
              -77.2986031,
              6.8851968
            ],
            [
              -77.2983456,
              6.8856975
            ],
            [
              -77.2964466,
              6.8852075
            ],
            [
              -77.2956956,
              6.8855164
            ],
            [
              -77.2954166,
              6.8882538
            ],
            [
              -77.2945905,
              6.8890953
            ],
            [
              -77.294848,
              6.8898196
            ],
            [
              -77.2953093,
              6.8899261
            ],
            [
              -77.2951591,
              6.8907888
            ],
            [
              -77.2943223,
              6.8921735
            ],
            [
              -77.2954381,
              6.8925889
            ],
            [
              -77.2951377,
              6.8939842
            ],
            [
              -77.2931206,
              6.8949641
            ],
            [
              -77.2928631,
              6.8957949
            ],
            [
              -77.2924125,
              6.8973287
            ],
            [
              -77.2925091,
              6.8981169
            ],
            [
              -77.2932139,
              6.8980517
            ],
            [
              -77.2934104,
              6.8976585
            ],
            [
              -77.2934435,
              6.8970759
            ],
            [
              -77.293667,
              6.8967043
            ],
            [
              -77.2943916,
              6.8967057
            ],
            [
              -77.294665,
              6.897086
            ],
            [
              -77.2943478,
              6.8980337
            ],
            [
              -77.29393,
              6.8984597
            ],
            [
              -77.2905886,
              6.8997465
            ],
            [
              -77.2899664,
              6.9010673
            ],
            [
              -77.2902668,
              6.9020578
            ],
            [
              -77.2899449,
              6.9022602
            ],
            [
              -77.2883678,
              6.9008223
            ],
            [
              -77.2868228,
              6.9006838
            ],
            [
              -77.2861576,
              6.9011205
            ],
            [
              -77.2860396,
              6.9024838
            ],
            [
              -77.2867659,
              6.9034853
            ],
            [
              -77.2875221,
              6.9039471
            ],
            [
              -77.2873789,
              6.9048448
            ],
            [
              -77.2868765,
              6.905594
            ],
            [
              -77.2855815,
              6.9066669
            ],
            [
              -77.2856538,
              6.9072378
            ],
            [
              -77.2859765,
              6.9074608
            ],
            [
              -77.2867448,
              6.9077682
            ],
            [
              -77.2871443,
              6.9083439
            ],
            [
              -77.2872791,
              6.9090261
            ],
            [
              -77.286644,
              6.910323
            ],
            [
              -77.2859663,
              6.9106185
            ],
            [
              -77.2844437,
              6.9106243
            ],
            [
              -77.2839736,
              6.9104598
            ],
            [
              -77.2836967,
              6.9101177
            ],
            [
              -77.2831929,
              6.9100016
            ],
            [
              -77.2815657,
              6.9103869
            ],
            [
              -77.2798705,
              6.9115265
            ],
            [
              -77.2790659,
              6.9126342
            ],
            [
              -77.2784543,
              6.9149241
            ],
            [
              -77.2773492,
              6.91502
            ],
            [
              -77.2763729,
              6.9133691
            ],
            [
              -77.2759116,
              6.9121549
            ],
            [
              -77.2765875,
              6.9114839
            ],
            [
              -77.2764627,
              6.9111553
            ],
            [
              -77.2760081,
              6.9110898
            ],
            [
              -77.2752142,
              6.9114413
            ],
            [
              -77.2736907,
              6.9119206
            ],
            [
              -77.2732471,
              6.9119004
            ],
            [
              -77.2727063,
              6.9115586
            ],
            [
              -77.2726546,
              6.9108107
            ],
            [
              -77.2725139,
              6.910703
            ],
            [
              -77.2723496,
              6.9107064
            ],
            [
              -77.272164,
              6.9111021
            ],
            [
              -77.2721787,
              6.9115973
            ],
            [
              -77.2726346,
              6.9127066
            ],
            [
              -77.2726393,
              6.9134011
            ],
            [
              -77.2718671,
              6.9140754
            ],
            [
              -77.271611,
              6.9150946
            ],
            [
              -77.2712,
              6.9152902
            ],
            [
              -77.2708798,
              6.9152543
            ],
            [
              -77.2695387,
              6.913252
            ],
            [
              -77.2683538,
              6.9129086
            ],
            [
              -77.2673374,
              6.9129994
            ],
            [
              -77.2667599,
              6.9129218
            ],
            [
              -77.266337,
              6.9122568
            ],
            [
              -77.2658865,
              6.9120572
            ],
            [
              -77.2646479,
              6.9118577
            ],
            [
              -77.2640562,
              6.9121123
            ],
            [
              -77.2640481,
              6.9137006
            ],
            [
              -77.2637456,
              6.9142578
            ],
            [
              -77.2631438,
              6.914399
            ],
            [
              -77.2626903,
              6.9141006
            ],
            [
              -77.262541,
              6.9135001
            ],
            [
              -77.2620331,
              6.9134677
            ],
            [
              -77.2615576,
              6.9136726
            ],
            [
              -77.2608976,
              6.9137142
            ],
            [
              -77.2603856,
              6.9133913
            ],
            [
              -77.2601116,
              6.9117715
            ],
            [
              -77.2596413,
              6.9113561
            ],
            [
              -77.2590995,
              6.9114235
            ],
            [
              -77.258774,
              6.9117821
            ],
            [
              -77.2588492,
              6.9133442
            ],
            [
              -77.2586042,
              6.9136589
            ],
            [
              -77.2583377,
              6.9137179
            ],
            [
              -77.2579479,
              6.913591
            ],
            [
              -77.2578192,
              6.9132519
            ],
            [
              -77.2580248,
              6.9118939
            ],
            [
              -77.2577941,
              6.9106886
            ],
            [
              -77.257467,
              6.9105324
            ],
            [
              -77.2569967,
              6.9107348
            ],
            [
              -77.2565281,
              6.9118798
            ],
            [
              -77.2562098,
              6.912194
            ],
            [
              -77.2551835,
              6.9125597
            ],
            [
              -77.2553301,
              6.9133993
            ],
            [
              -77.2556037,
              6.9138653
            ],
            [
              -77.2560346,
              6.9142034
            ],
            [
              -77.2575331,
              6.9144662
            ],
            [
              -77.2576045,
              6.9152614
            ],
            [
              -77.2570396,
              6.915659
            ],
            [
              -77.2552891,
              6.9156714
            ],
            [
              -77.2548026,
              6.9159993
            ],
            [
              -77.2546578,
              6.9164792
            ],
            [
              -77.2539282,
              6.9201953
            ],
            [
              -77.2538139,
              6.9205247
            ],
            [
              -77.2534942,
              6.920817
            ],
            [
              -77.2520585,
              6.9209863
            ],
            [
              -77.251159,
              6.9213183
            ],
            [
              -77.2506988,
              6.9218684
            ],
            [
              -77.2508008,
              6.9236295
            ],
            [
              -77.2510973,
              6.9239499
            ],
            [
              -77.251759,
              6.9240247
            ],
            [
              -77.2526802,
              6.9235903
            ],
            [
              -77.2532445,
              6.9236181
            ],
            [
              -77.2533907,
              6.923845
            ],
            [
              -77.2532866,
              6.9241287
            ],
            [
              -77.2517864,
              6.9263263
            ],
            [
              -77.2520991,
              6.9291519
            ],
            [
              -77.2517888,
              6.9295605
            ],
            [
              -77.2512842,
              6.9296086
            ],
            [
              -77.2484677,
              6.9284109
            ],
            [
              -77.2475899,
              6.9277164
            ],
            [
              -77.2473158,
              6.9276129
            ],
            [
              -77.2470196,
              6.9277283
            ],
            [
              -77.2462999,
              6.9288637
            ],
            [
              -77.2439093,
              6.9292829
            ],
            [
              -77.2418945,
              6.9292433
            ],
            [
              -77.2408008,
              6.9310831
            ],
            [
              -77.2412111,
              6.9327407
            ],
            [
              -77.2422447,
              6.9333345
            ],
            [
              -77.2395382,
              6.9345881
            ],
            [
              -77.2385769,
              6.9365421
            ],
            [
              -77.2361507,
              6.9375645
            ],
            [
              -77.23036,
              6.9398593
            ],
            [
              -77.2271557,
              6.9399047
            ],
            [
              -77.2246837,
              6.937201
            ],
            [
              -77.2242717,
              6.9361786
            ],
            [
              -77.2223034,
              6.9347926
            ],
            [
              -77.2190826,
              6.9360618
            ],
            [
              -77.216954,
              6.9388564
            ],
            [
              -77.2169082,
              6.9409467
            ],
            [
              -77.2154662,
              6.94515
            ],
            [
              -77.2148254,
              6.9471948
            ],
            [
              -77.2125594,
              6.9509209
            ],
            [
              -77.2121017,
              6.9551922
            ],
            [
              -77.2108657,
              6.9602814
            ],
            [
              -77.2105682,
              6.9622807
            ],
            [
              -77.2123992,
              6.9666428
            ],
            [
              -77.2135665,
              6.9705505
            ],
            [
              -77.2134398,
              6.9743874
            ],
            [
              -77.2159118,
              6.9769092
            ],
            [
              -77.2171935,
              6.9780906
            ],
            [
              -77.2191903,
              6.9793382
            ],
            [
              -77.2210213,
              6.9811557
            ],
            [
              -77.2238366,
              6.9838364
            ],
            [
              -77.2254616,
              6.9852677
            ],
            [
              -77.2282998,
              6.9881983
            ],
            [
              -77.2295586,
              6.9893342
            ],
            [
              -77.2308175,
              6.991129
            ],
            [
              -77.2316186,
              6.992901
            ],
            [
              -77.2320992,
              6.9941505
            ],
            [
              -77.2337243,
              6.996445
            ],
            [
              -77.2394234,
              7.00167
            ],
            [
              -77.2412545,
              7.0028513
            ],
            [
              -77.2426049,
              7.0041235
            ],
            [
              -77.2434518,
              7.0047823
            ],
            [
              -77.2453057,
              7.0061226
            ],
            [
              -77.2475072,
              7.0068982
            ],
            [
              -77.2478181,
              7.0068477
            ],
            [
              -77.2483457,
              7.007086
            ],
            [
              -77.2487856,
              7.0069582
            ],
            [
              -77.2492845,
              7.0065376
            ],
            [
              -77.2499282,
              7.0060211
            ],
            [
              -77.2507651,
              7.0057815
            ],
            [
              -77.2510869,
              7.0055472
            ],
            [
              -77.2513694,
              7.0055486
            ],
            [
              -77.2516483,
              7.0056657
            ],
            [
              -77.2519595,
              7.0058041
            ],
            [
              -77.252233,
              7.0058627
            ],
            [
              -77.2524119,
              7.0057389
            ],
            [
              -77.2524959,
              7.0055326
            ],
            [
              -77.2523135,
              7.0052344
            ],
            [
              -77.2517556,
              7.0050108
            ],
            [
              -77.2514552,
              7.0048617
            ],
            [
              -77.250951,
              7.004899
            ],
            [
              -77.2506827,
              7.0048884
            ],
            [
              -77.2503823,
              7.004702
            ],
            [
              -77.2502715,
              7.0042534
            ],
            [
              -77.2505272,
              7.0039033
            ],
            [
              -77.2511084,
              7.0037636
            ],
            [
              -77.2514624,
              7.0035932
            ],
            [
              -77.2517663,
              7.0031207
            ],
            [
              -77.2516966,
              7.002748
            ],
            [
              -77.2515464,
              7.0024498
            ],
            [
              -77.2512835,
              7.0019599
            ],
            [
              -77.2511119,
              7.0013902
            ],
            [
              -77.2514946,
              7.0010109
            ],
            [
              -77.2517771,
              7.0006342
            ],
            [
              -77.2517985,
              7.0002295
            ],
            [
              -77.2516269,
              6.9998834
            ],
            [
              -77.2513747,
              6.9993723
            ],
            [
              -77.2512245,
              6.998925
            ],
            [
              -77.2513533,
              6.9984139
            ],
            [
              -77.2519452,
              6.9980292
            ],
            [
              -77.2526139,
              6.9978495
            ],
            [
              -77.2536189,
              6.9974275
            ],
            [
              -77.254411,
              6.9967633
            ],
            [
              -77.2548723,
              6.996151
            ],
            [
              -77.2562645,
              6.9966616
            ],
            [
              -77.2569053,
              6.9966616
            ],
            [
              -77.257798,
              6.99623
            ],
            [
              -77.2591713,
              6.9960937
            ],
            [
              -77.2805259,
              7.0363024
            ],
            [
              -77.2808922,
              7.0372565
            ],
            [
              -77.2804802,
              7.0382105
            ],
            [
              -77.2802284,
              7.0396871
            ],
            [
              -77.2804115,
              7.0403004
            ],
            [
              -77.2808922,
              7.0408001
            ],
            [
              -77.2813728,
              7.0414134
            ],
            [
              -77.2815788,
              7.0421631
            ],
            [
              -77.2815788,
              7.0427991
            ],
            [
              -77.2826749,
              7.0441669
            ],
            [
              -77.2827677,
              7.0441577
            ],
            [
              -77.2830785,
              7.0441623
            ],
            [
              -77.2834636,
              7.0442359
            ],
            [
              -77.283677,
              7.0443188
            ],
            [
              -77.2840203,
              7.044526
            ],
            [
              -77.2845306,
              7.0445582
            ],
            [
              -77.2846234,
              7.044526
            ],
            [
              -77.2848415,
              7.044328
            ],
            [
              -77.2851662,
              7.0437018
            ],
            [
              -77.2852451,
              7.0436604
            ],
            [
              -77.2853332,
              7.043642
            ],
            [
              -77.2855188,
              7.043642
            ],
            [
              -77.2857137,
              7.0436742
            ],
            [
              -77.2859688,
              7.0437847
            ],
            [
              -77.2861312,
              7.0438906
            ],
            [
              -77.2863539,
              7.0440978
            ],
            [
              -77.2866972,
              7.044282
            ],
            [
              -77.2869756,
              7.0443418
            ],
            [
              -77.2872075,
              7.044328
            ],
            [
              -77.2873699,
              7.0442175
            ],
            [
              -77.2874395,
              7.04413
            ],
            [
              -77.287588,
              7.0438676
            ],
            [
              -77.2876807,
              7.0435775
            ],
            [
              -77.2877271,
              7.04349
            ],
            [
              -77.2878756,
              7.0433657
            ],
            [
              -77.2879777,
              7.0433657
            ],
            [
              -77.2880658,
              7.0433887
            ],
            [
              -77.28814,
              7.0434394
            ],
            [
              -77.2882699,
              7.0436005
            ],
            [
              -77.2884462,
              7.043688
            ],
            [
              -77.2885437,
              7.043665
            ],
            [
              -77.2886782,
              7.0435407
            ],
            [
              -77.2887432,
              7.043444
            ],
            [
              -77.2887524,
              7.0433519
            ],
            [
              -77.28872,
              7.0431539
            ],
            [
              -77.2886457,
              7.0429651
            ],
            [
              -77.2886086,
              7.0427718
            ],
            [
              -77.2886179,
              7.0425738
            ],
            [
              -77.2886736,
              7.0425001
            ],
            [
              -77.2888406,
              7.0424218
            ],
            [
              -77.2889334,
              7.0424126
            ],
            [
              -77.2897592,
              7.0424172
            ],
            [
              -77.2900329,
              7.0423343
            ],
            [
              -77.2904597,
              7.0421271
            ],
            [
              -77.2907659,
              7.0421179
            ],
            [
              -77.2909469,
              7.0421318
            ],
            [
              -77.2911324,
              7.042164
            ],
            [
              -77.2913273,
              7.0422284
            ],
            [
              -77.29155,
              7.0422515
            ],
            [
              -77.2917541,
              7.0422515
            ],
            [
              -77.2922737,
              7.0421456
            ],
            [
              -77.2926449,
              7.0421456
            ],
            [
              -77.2927377,
              7.0421594
            ],
            [
              -77.2929835,
              7.0423021
            ],
            [
              -77.2930392,
              7.0423712
            ],
            [
              -77.2931738,
              7.0426106
            ],
            [
              -77.293248,
              7.0427994
            ],
            [
              -77.2932526,
              7.0429928
            ],
            [
              -77.2932109,
              7.0431954
            ],
            [
              -77.293016,
              7.0435913
            ],
            [
              -77.2929,
              7.0437755
            ],
            [
              -77.2927794,
              7.0439413
            ],
            [
              -77.2925567,
              7.0441623
            ],
            [
              -77.2925103,
              7.0442405
            ],
            [
              -77.2924407,
              7.0444569
            ],
            [
              -77.29245,
              7.0447378
            ],
            [
              -77.2924964,
              7.0448253
            ],
            [
              -77.2927145,
              7.0450187
            ],
            [
              -77.292902,
              7.0450372
            ],
            [
              -77.2932973,
              7.0460323
            ],
            [
              -77.2937779,
              7.0464866
            ],
            [
              -77.2939153,
              7.0477814
            ],
            [
              -77.2938008,
              7.0487354
            ],
            [
              -77.2924733,
              7.0501437
            ],
            [
              -77.29213,
              7.0510978
            ],
            [
              -77.2917638,
              7.0516202
            ],
            [
              -77.2900472,
              7.0524607
            ],
            [
              -77.2919927,
              7.0610696
            ],
            [
              -77.2940068,
              7.0608424
            ],
            [
              -77.2960668,
              7.0604336
            ],
            [
              -77.296845,
              7.0610242
            ],
            [
              -77.3003697,
              7.0616375
            ],
            [
              -77.3016744,
              7.0609106
            ],
            [
              -77.3026128,
              7.0597521
            ],
            [
              -77.3066869,
              7.0596386
            ],
            [
              -77.308106,
              7.0605017
            ],
            [
              -77.3096623,
              7.0614103
            ],
            [
              -77.3114934,
              7.0609333
            ],
            [
              -77.3137822,
              7.0617965
            ],
            [
              -77.3149724,
              7.0620236
            ],
            [
              -77.3173299,
              7.0627959
            ],
            [
              -77.3178792,
              7.0634319
            ],
            [
              -77.3189778,
              7.0645222
            ],
            [
              -77.3218846,
              7.0654535
            ],
            [
              -77.3234181,
              7.0639316
            ],
            [
              -77.3261647,
              7.0622735
            ],
            [
              -77.326714,
              7.0617056
            ],
            [
              -77.3288884,
              7.0606834
            ],
            [
              -77.3318639,
              7.0613194
            ],
            [
              -77.3343816,
              7.0613649
            ],
            [
              -77.3347707,
              7.0599793
            ],
            [
              -77.3379521,
              7.0573671
            ],
            [
              -77.3390508,
              7.0560269
            ],
            [
              -77.3401494,
              7.0540962
            ],
            [
              -77.3414769,
              7.0528695
            ],
            [
              -77.3432622,
              7.0505753
            ],
            [
              -77.3443151,
              7.0490988
            ],
            [
              -77.3490529,
              7.0475769
            ],
            [
              -77.3519139,
              7.0474861
            ],
            [
              -77.3531499,
              7.0483265
            ],
            [
              -77.354569,
              7.047168
            ],
            [
              -77.3556905,
              7.0482357
            ],
            [
              -77.3574874,
              7.0496744
            ],
            [
              -77.3586089,
              7.100281
            ],
            [
              -77.3652694,
              7.1003946
            ],
            [
              -77.3665511,
              7.100122
            ],
            [
              -77.3690231,
              7.0985776
            ],
            [
              -77.3719299,
              7.0959202
            ],
            [
              -77.3734634,
              7.0947391
            ],
            [
              -77.3812911,
              7.0914003
            ],
            [
              -77.3866699,
              7.084927
            ],
            [
              -77.3884551,
              7.0814746
            ],
            [
              -77.396466,
              7.0759097
            ],
            [
              -77.4003112,
              7.0737065
            ],
            [
              -77.4070403,
              7.0726389
            ],
            [
              -77.4123046,
              7.0715713
            ],
            [
              -77.4153167,
              7.0701184
            ],
            [
              -77.4184752,
              7.0702547
            ],
            [
              -77.4265776,
              7.0688692
            ],
            [
              -77.4309951,
              7.0658709
            ],
            [
              -77.4333297,
              7.0645307
            ],
            [
              -77.4353667,
              7.0628499
            ],
            [
              -77.4364653,
              7.0584886
            ],
            [
              -77.4374495,
              7.0522648
            ],
            [
              -77.4369918,
              7.0487439
            ],
            [
              -77.4361907,
              7.0462907
            ],
            [
              -77.4358245,
              7.0424518
            ],
            [
              -77.4371311,
              7.0398035
            ],
            [
              -77.4385502,
              7.0374865
            ],
            [
              -77.4405872,
              7.0348969
            ],
            [
              -77.4405415,
              7.0335567
            ],
            [
              -77.4398548,
              7.0319665
            ],
            [
              -77.4369251,
              7.0301947
            ],
            [
              -77.4344761,
              7.0296495
            ],
            [
              -77.433263,
              7.0269917
            ],
            [
              -77.4353458,
              7.0237433
            ],
            [
              -77.43839,
              7.0182459
            ],
            [
              -77.4390995,
              7.0169737
            ],
            [
              -77.4429218,
              7.0133163
            ],
            [
              -77.4427845,
              7.0111128
            ],
            [
              -77.4401295,
              7.0067738
            ],
            [
              -77.4394199,
              7.0045021
            ],
            [
              -77.4381382,
              7.0045021
            ],
            [
              -77.4330341,
              7.0017305
            ],
            [
              -77.4298984,
              6.9963237
            ],
            [
              -77.4274036,
              6.9915984
            ],
            [
              -77.4276083,
              6.9868516
            ],
            [
              -77.4265326,
              6.9852841
            ],
            [
              -77.4264868,
              6.9800361
            ],
            [
              -77.4263037,
              6.9776507
            ],
            [
              -77.4227332,
              6.971244
            ],
            [
              -77.4233054,
              6.9683814
            ],
            [
              -77.4251822,
              6.9621336
            ],
            [
              -77.4250906,
              6.9594072
            ],
            [
              -77.4260863,
              6.9572105
            ],
            [
              -77.4344633,
              6.9525303
            ],
            [
              -77.4370039,
              6.9499629
            ],
            [
              -77.4379195,
              6.9461232
            ],
            [
              -77.4348753,
              6.9445328
            ],
            [
              -77.4317396,
              6.9429424
            ],
            [
              -77.4251936,
              6.9361944
            ],
            [
              -77.4226988,
              6.9305369
            ],
            [
              -77.42041,
              6.9284011
            ],
            [
              -77.4159935,
              6.9250477
            ]
          ]
        ]
      },
      "properties": {
        "osm_id": 16829934,
        "nombre": "Resguardo Indígena Jagual Río Chintadó",
        "nombre_en": "Jagual Río Chintadó Indigenous Reservavtion",
        "grupo_etnico": "embera katío",
        "grupo_estandar": "Embera",
        "fecha_creacion": "1980/12/02",
        "descripcion": "Creado por resolucion no. 0136 del 02-12-1980. ID resguardo 1254, con 28175ha.",
        "fuente": "OpenStreetMap / IGAC resguardos indígenas legalizados",
        "boundary": "aboriginal_lands",
        "tipo": "Resguardo Indígena"
      }
    },
    {
      "type": "Feature",
      "geometry": {
        "type": "Polygon",
        "coordinates": [
          [
            [
              -77.339507,
              7.6205792
            ],
            [
              -77.3381822,
              7.6276119
            ],
            [
              -77.3392735,
              7.6276903
            ],
            [
              -77.3406968,
              7.6276903
            ],
            [
              -77.3428318,
              7.6283016
            ],
            [
              -77.3464899,
              7.6313225
            ],
            [
              -77.3478174,
              7.6321846
            ],
            [
              -77.3502207,
              7.6343851
            ],
            [
              -77.3512964,
              7.635905
            ],
            [
              -77.3520288,
              7.6372434
            ],
            [
              -77.3529443,
              7.6384003
            ],
            [
              -77.354867,
              7.6406008
            ],
            [
              -77.3547797,
              7.6191665
            ],
            [
              -77.3551231,
              7.6193207
            ],
            [
              -77.3553859,
              7.6190123
            ],
            [
              -77.3552894,
              7.6184327
            ],
            [
              -77.3553805,
              7.6178957
            ],
            [
              -77.3554929,
              7.617478
            ],
            [
              -77.3559545,
              7.6173906
            ],
            [
              -77.3566841,
              7.6183955
            ],
            [
              -77.3568289,
              7.6187943
            ],
            [
              -77.3569362,
              7.6192834
            ],
            [
              -77.3571079,
              7.6196397
            ],
            [
              -77.3573922,
              7.6195387
            ],
            [
              -77.357639,
              7.6195333
            ],
            [
              -77.3577568,
              7.6197022
            ],
            [
              -77.3579452,
              7.6198142
            ],
            [
              -77.358054,
              7.6202741
            ],
            [
              -77.35817,
              7.6208679
            ],
            [
              -77.3582022,
              7.6214475
            ],
            [
              -77.3584781,
              7.6219527
            ],
            [
              -77.3590463,
              7.6221141
            ],
            [
              -77.3592107,
              7.6220111
            ],
            [
              -77.3592912,
              7.6215698
            ],
            [
              -77.3595219,
              7.6211604
            ],
            [
              -77.3600583,
              7.6207616
            ],
            [
              -77.3604016,
              7.620735
            ],
            [
              -77.3605894,
              7.6210168
            ],
            [
              -77.3604231,
              7.6214475
            ],
            [
              -77.36001,
              7.6215857
            ],
            [
              -77.3597517,
              7.6222181
            ],
            [
              -77.3598216,
              7.6225024
            ],
            [
              -77.3602129,
              7.6226495
            ],
            [
              -77.3604859,
              7.62253
            ],
            [
              -77.3606366,
              7.6218615
            ],
            [
              -77.3611222,
              7.6218009
            ],
            [
              -77.3613941,
              7.6219526
            ],
            [
              -77.3616323,
              7.6224866
            ],
            [
              -77.3621918,
              7.622665
            ],
            [
              -77.3624109,
              7.6223099
            ],
            [
              -77.362616,
              7.6222848
            ],
            [
              -77.362975,
              7.622729
            ],
            [
              -77.3633754,
              7.6227797
            ],
            [
              -77.3638144,
              7.6226204
            ],
            [
              -77.3639232,
              7.6223265
            ],
            [
              -77.3644989,
              7.6220345
            ],
            [
              -77.3645983,
              7.6217962
            ],
            [
              -77.3640904,
              7.6214782
            ],
            [
              -77.3640273,
              7.6212816
            ],
            [
              -77.3641325,
              7.6211486
            ],
            [
              -77.3642822,
              7.621073
            ],
            [
              -77.3645662,
              7.6211838
            ],
            [
              -77.365058,
              7.6216549
            ],
            [
              -77.3653637,
              7.6215113
            ],
            [
              -77.3654806,
              7.6212918
            ],
            [
              -77.3653958,
              7.620539
            ],
            [
              -77.3657711,
              7.6202968
            ],
            [
              -77.3661362,
              7.6205064
            ],
            [
              -77.3661916,
              7.6209551
            ],
            [
              -77.3658449,
              7.6213323
            ],
            [
              -77.365847,
              7.6218557
            ],
            [
              -77.3661813,
              7.6220157
            ],
            [
              -77.3664804,
              7.6218207
            ],
            [
              -77.3666014,
              7.6208973
            ],
            [
              -77.3669355,
              7.6208998
            ],
            [
              -77.3674,
              7.6210895
            ],
            [
              -77.3676351,
              7.620868
            ],
            [
              -77.3675794,
              7.6205842
            ],
            [
              -77.3673368,
              7.6205213
            ],
            [
              -77.3667982,
              7.6205296
            ],
            [
              -77.366358,
              7.6200961
            ],
            [
              -77.3662244,
              7.6196738
            ],
            [
              -77.3662596,
              7.6194961
            ],
            [
              -77.3662757,
              7.6192994
            ],
            [
              -77.3665117,
              7.6192994
            ],
            [
              -77.3667209,
              7.6194961
            ],
            [
              -77.367016,
              7.6198417
            ],
            [
              -77.3673861,
              7.6199587
            ],
            [
              -77.3678613,
              7.6199138
            ],
            [
              -77.3681256,
              7.6197363
            ],
            [
              -77.3680964,
              7.6187981
            ],
            [
              -77.3684697,
              7.6184859
            ],
            [
              -77.3691431,
              7.6183692
            ],
            [
              -77.369742,
              7.6183781
            ],
            [
              -77.3696807,
              7.6180061
            ],
            [
              -77.3703473,
              7.6178532
            ],
            [
              -77.3709266,
              7.6179914
            ],
            [
              -77.3709852,
              7.6183836
            ],
            [
              -77.371742,
              7.6188315
            ],
            [
              -77.3722677,
              7.6191612
            ],
            [
              -77.3724287,
              7.6198909
            ],
            [
              -77.3727577,
              7.6202331
            ],
            [
              -77.3729309,
              7.6207381
            ],
            [
              -77.3732684,
              7.6209285
            ],
            [
              -77.373545,
              7.620848
            ],
            [
              -77.373725,
              7.6199502
            ],
            [
              -77.3741539,
              7.6194622
            ],
            [
              -77.3745262,
              7.6195387
            ],
            [
              -77.3749081,
              7.6198987
            ],
            [
              -77.3750646,
              7.6203045
            ],
            [
              -77.3753155,
              7.6204675
            ],
            [
              -77.3755435,
              7.6204509
            ],
            [
              -77.3757555,
              7.6202007
            ],
            [
              -77.3757841,
              7.6197722
            ],
            [
              -77.3759692,
              7.6197141
            ],
            [
              -77.3761623,
              7.6194855
            ],
            [
              -77.3765807,
              7.6195652
            ],
            [
              -77.376531,
              7.6204948
            ],
            [
              -77.3767959,
              7.6206353
            ],
            [
              -77.3769797,
              7.6205712
            ],
            [
              -77.3770131,
              7.6203784
            ],
            [
              -77.3769195,
              7.6199381
            ],
            [
              -77.3771013,
              7.6196636
            ],
            [
              -77.3777684,
              7.6196577
            ],
            [
              -77.3779862,
              7.6194536
            ],
            [
              -77.37841,
              7.6188687
            ],
            [
              -77.3783014,
              7.6187341
            ],
            [
              -77.377984,
              7.6185759
            ],
            [
              -77.3781336,
              7.6181867
            ],
            [
              -77.3785924,
              7.617784
            ],
            [
              -77.3789035,
              7.6175235
            ],
            [
              -77.3794292,
              7.6174278
            ],
            [
              -77.3797833,
              7.6174437
            ],
            [
              -77.3802768,
              7.6176086
            ],
            [
              -77.3809527,
              7.6182945
            ],
            [
              -77.3812639,
              7.618991
            ],
            [
              -77.381693,
              7.6191984
            ],
            [
              -77.3817789,
              7.6189963
            ],
            [
              -77.3816179,
              7.6186826
            ],
            [
              -77.381575,
              7.6183742
            ],
            [
              -77.3816662,
              7.6180393
            ],
            [
              -77.3819237,
              7.6176883
            ],
            [
              -77.3822831,
              7.6173321
            ],
            [
              -77.3823429,
              7.6178256
            ],
            [
              -77.3824943,
              7.6181522
            ],
            [
              -77.382706,
              7.6184557
            ],
            [
              -77.3829587,
              7.6186662
            ],
            [
              -77.3833372,
              7.6188232
            ],
            [
              -77.384087,
              7.6187134
            ],
            [
              -77.3844408,
              7.6189895
            ],
            [
              -77.3843871,
              7.6193334
            ],
            [
              -77.384535,
              7.6196358
            ],
            [
              -77.3847615,
              7.6197886
            ],
            [
              -77.3851963,
              7.6199193
            ],
            [
              -77.3895388,
              7.6143364
            ],
            [
              -77.3697863,
              7.6019948
            ],
            [
              -77.3457079,
              7.6136785
            ],
            [
              -77.3451128,
              7.6144498
            ],
            [
              -77.3450442,
              7.6156749
            ],
            [
              -77.3453875,
              7.6167184
            ],
            [
              -77.3453875,
              7.6176032
            ],
            [
              -77.345067,
              7.6190778
            ],
            [
              -77.3445177,
              7.6195996
            ],
            [
              -77.3442888,
              7.6199172
            ],
            [
              -77.343982,
              7.6207691
            ],
            [
              -77.343856,
              7.6206514
            ],
            [
              -77.343439,
              7.6209255
            ],
            [
              -77.3430956,
              7.6209255
            ],
            [
              -77.3428381,
              7.6208191
            ],
            [
              -77.3427027,
              7.621098
            ],
            [
              -77.3426345,
              7.6210476
            ],
            [
              -77.3421763,
              7.6212269
            ],
            [
              -77.3416651,
              7.6214874
            ],
            [
              -77.341219,
              7.6216212
            ],
            [
              -77.3409007,
              7.6216284
            ],
            [
              -77.3406427,
              7.6215256
            ],
            [
              -77.3403486,
              7.6213464
            ],
            [
              -77.3401147,
              7.6211241
            ],
            [
              -77.3399893,
              7.621007
            ],
            [
              -77.339507,
              7.6205792
            ]
          ]
        ]
      },
      "properties": {
        "osm_id": 16830200,
        "nombre": "Resguardo Indígena Perancho",
        "nombre_en": "Perancho Indigenous Reservation",
        "grupo_etnico": "embera katío",
        "grupo_estandar": "Embera",
        "fecha_creacion": "",
        "descripcion": "",
        "fuente": "OpenStreetMap / IGAC resguardos indígenas legalizados",
        "boundary": "aboriginal_lands",
        "tipo": "Resguardo Indígena"
      }
    },
    {
      "type": "Feature",
      "geometry": {
        "type": "Polygon",
        "coordinates": [
          [
            [
              -77.3896763,
              7.7241895
            ],
            [
              -77.3890125,
              7.7267524
            ],
            [
              -77.3847553,
              7.7278864
            ],
            [
              -77.381963,
              7.7285441
            ],
            [
              -77.3770878,
              7.7281132
            ],
            [
              -77.3716404,
              7.7286122
            ],
            [
              -77.3683674,
              7.7277503
            ],
            [
              -77.3667423,
              7.7270472
            ],
            [
              -77.3654835,
              7.7264122
            ],
            [
              -77.3639957,
              7.7262761
            ],
            [
              -77.362508,
              7.7279091
            ],
            [
              -77.3604252,
              7.7312431
            ],
            [
              -77.3584797,
              7.7343502
            ],
            [
              -77.3563969,
              7.7352121
            ],
            [
              -77.3537418,
              7.7387955
            ],
            [
              -77.3512013,
              7.7385007
            ],
            [
              -77.3504459,
              7.7377749
            ],
            [
              -77.3516132,
              7.734441
            ],
            [
              -77.3525517,
              7.7326946
            ],
            [
              -77.3532154,
              7.7292926
            ],
            [
              -77.3534443,
              7.7277957
            ],
            [
              -77.3534214,
              7.7253235
            ],
            [
              -77.3541538,
              7.7228287
            ],
            [
              -77.3527119,
              7.7208328
            ],
            [
              -77.3527119,
              7.7182018
            ],
            [
              -77.3522541,
              7.7170224
            ],
            [
              -77.351659,
              7.7161605
            ],
            [
              -77.3512013,
              7.7143914
            ],
            [
              -77.3509495,
              7.7123501
            ],
            [
              -77.3515675,
              7.7107397
            ],
            [
              -77.3520481,
              7.7098098
            ],
            [
              -77.352277,
              7.7090613
            ],
            [
              -77.3534672,
              7.7079726
            ],
            [
              -77.3539707,
              7.7071561
            ],
            [
              -77.3539936,
              7.7062942
            ],
            [
              -77.3537419,
              7.7057045
            ],
            [
              -77.3541538,
              7.7047745
            ],
            [
              -77.3550923,
              7.7042529
            ],
            [
              -77.3552754,
              7.7037312
            ],
            [
              -77.355344,
              7.7029373
            ],
            [
              -77.3546803,
              7.701463
            ],
            [
              -77.3539985,
              7.7001645
            ],
            [
              -77.3535659,
              7.7001177
            ],
            [
              -77.3535591,
              7.6996823
            ],
            [
              -77.3541767,
              7.6992402
            ],
            [
              -77.3547718,
              7.698968
            ],
            [
              -77.3556645,
              7.6987639
            ],
            [
              -77.3566944,
              7.6981968
            ],
            [
              -77.3577244,
              7.6977659
            ],
            [
              -77.3598301,
              7.6970174
            ],
            [
              -77.3605167,
              7.6962008
            ],
            [
              -77.3632633,
              7.6948172
            ],
            [
              -77.3655293,
              7.6940687
            ],
            [
              -77.3674976,
              7.6933882
            ],
            [
              -77.3679096,
              7.692617
            ],
            [
              -77.3702671,
              7.692617
            ],
            [
              -77.3734715,
              7.6932975
            ],
            [
              -77.3753254,
              7.693978
            ],
            [
              -77.3777058,
              7.6951801
            ],
            [
              -77.3808643,
              7.6956338
            ],
            [
              -77.3869526,
              7.6945677
            ],
            [
              -77.3923313,
              7.6922541
            ],
            [
              -77.3949406,
              7.6935017
            ],
            [
              -77.3968861,
              7.6946131
            ],
            [
              -77.3959248,
              7.696473
            ],
            [
              -77.3938648,
              7.6996938
            ],
            [
              -77.3933155,
              7.7014176
            ],
            [
              -77.3925144,
              7.7055684
            ],
            [
              -77.3921253,
              7.7096737
            ],
            [
              -77.3934986,
              7.7119192
            ],
            [
              -77.3937046,
              7.7133481
            ],
            [
              -77.3929493,
              7.7143914
            ],
            [
              -77.3922627,
              7.7166595
            ],
            [
              -77.3925831,
              7.7177028
            ],
            [
              -77.3918507,
              7.7202431
            ],
            [
              -77.3896763,
              7.7241895
            ]
          ]
        ]
      },
      "properties": {
        "osm_id": 16831147,
        "nombre": "Resguardo Indígena Peranchito",
        "nombre_en": "Peranchito Indigenous Reservation",
        "grupo_etnico": "embera katío",
        "grupo_estandar": "Embera",
        "fecha_creacion": "",
        "descripcion": "",
        "fuente": "OpenStreetMap / IGAC resguardos indígenas legalizados",
        "boundary": "aboriginal_lands",
        "tipo": "Resguardo Indígena"
      }
    },
    {
      "type": "Feature",
      "geometry": {
        "type": "Polygon",
        "coordinates": [
          [
            [
              -77.076144,
              8.0133227
            ],
            [
              -77.0818881,
              8.0112216
            ],
            [
              -77.0968341,
              8.0121962
            ],
            [
              -77.1060352,
              8.0127401
            ],
            [
              -77.1089191,
              8.0129441
            ],
            [
              -77.1084842,
              8.0154372
            ],
            [
              -77.1074085,
              8.0166158
            ],
            [
              -77.1065845,
              8.0181343
            ],
            [
              -77.1057376,
              8.0188369
            ],
            [
              -77.1063556,
              8.0221232
            ],
            [
              -77.1074314,
              8.0214206
            ],
            [
              -77.1102695,
              8.0231204
            ],
            [
              -77.110979,
              8.0250016
            ],
            [
              -77.112627,
              8.0252735
            ],
            [
              -77.1137714,
              8.0233698
            ],
            [
              -77.1140003,
              8.0220326
            ],
            [
              -77.1140003,
              8.0204461
            ],
            [
              -77.1146869,
              8.0189049
            ],
            [
              -77.1147098,
              8.018293
            ],
            [
              -77.1158084,
              8.0181116
            ],
            [
              -77.1166553,
              8.0162985
            ],
            [
              -77.1170673,
              8.0141227
            ],
            [
              -77.1182575,
              8.0130348
            ],
            [
              -77.1185092,
              8.0137827
            ],
            [
              -77.118349,
              8.0161852
            ],
            [
              -77.1179828,
              8.0176583
            ],
            [
              -77.1177539,
              8.0187462
            ],
            [
              -77.1177539,
              8.0196755
            ],
            [
              -77.1181659,
              8.0203327
            ],
            [
              -77.1194705,
              8.0217833
            ],
            [
              -77.1196537,
              8.0229165
            ],
            [
              -77.1200199,
              8.0251375
            ],
            [
              -77.120203,
              8.0260894
            ],
            [
              -77.1204776,
              8.0266107
            ],
            [
              -77.1252841,
              8.0240723
            ],
            [
              -77.1234073,
              8.0156185
            ],
            [
              -77.1223087,
              8.0137827
            ],
            [
              -77.1237964,
              8.0138734
            ],
            [
              -77.1249065,
              8.0145604
            ],
            [
              -77.1325054,
              8.0163962
            ],
            [
              -77.1332378,
              8.0167815
            ],
            [
              -77.1347942,
              8.0147644
            ],
            [
              -77.1358242,
              8.0125432
            ],
            [
              -77.136465,
              8.0097781
            ],
            [
              -77.1363277,
              8.0057437
            ],
            [
              -77.1409282,
              8.0056531
            ],
            [
              -77.1449108,
              8.0067637
            ],
            [
              -77.1500835,
              8.0052904
            ],
            [
              -77.1541576,
              8.0032506
            ],
            [
              -77.1561489,
              8.0035226
            ],
            [
              -77.1575222,
              8.0035452
            ],
            [
              -77.1571331,
              8.0022306
            ],
            [
              -77.1556453,
              7.9987402
            ],
            [
              -77.1555538,
              7.9971082
            ],
            [
              -77.1556732,
              7.9951331
            ],
            [
              -77.1550756,
              7.9957249
            ],
            [
              -77.1541315,
              7.9958099
            ],
            [
              -77.1537881,
              7.9950874
            ],
            [
              -77.1518033,
              7.9935841
            ],
            [
              -77.1511676,
              7.9928908
            ],
            [
              -77.1508695,
              7.9926366
            ],
            [
              -77.1510333,
              7.9925337
            ],
            [
              -77.1512854,
              7.9923903
            ],
            [
              -77.1514463,
              7.9922894
            ],
            [
              -77.1515483,
              7.9920238
            ],
            [
              -77.1516287,
              7.9917741
            ],
            [
              -77.1517038,
              7.9915297
            ],
            [
              -77.1517414,
              7.9910941
            ],
            [
              -77.1516985,
              7.9907647
            ],
            [
              -77.1518701,
              7.9904885
            ],
            [
              -77.1518648,
              7.9901113
            ],
            [
              -77.1519452,
              7.9898404
            ],
            [
              -77.1518219,
              7.9896385
            ],
            [
              -77.1513766,
              7.9896492
            ],
            [
              -77.1510118,
              7.989782
            ],
            [
              -77.1507114,
              7.9898032
            ],
            [
              -77.1502769,
              7.9896332
            ],
            [
              -77.1498585,
              7.9894101
            ],
            [
              -77.149542,
              7.9890754
            ],
            [
              -77.149483,
              7.9885973
            ],
            [
              -77.1491665,
              7.9883211
            ],
            [
              -77.1490002,
              7.988076
            ],
            [
              -77.1489519,
              7.9878058
            ],
            [
              -77.149086,
              7.9870673
            ],
            [
              -77.1492738,
              7.9868867
            ],
            [
              -77.1495795,
              7.9867061
            ],
            [
              -77.1496493,
              7.9862545
            ],
            [
              -77.1498263,
              7.9858827
            ],
            [
              -77.1502394,
              7.9858189
            ],
            [
              -77.1506524,
              7.9860899
            ],
            [
              -77.150926,
              7.986398
            ],
            [
              -77.1511942,
              7.9864139
            ],
            [
              -77.1512693,
              7.9862599
            ],
            [
              -77.1511674,
              7.9859092
            ],
            [
              -77.151162,
              7.9856967
            ],
            [
              -77.1512854,
              7.9853302
            ],
            [
              -77.151559,
              7.9849371
            ],
            [
              -77.1515268,
              7.9845652
            ],
            [
              -77.1513391,
              7.9844377
            ],
            [
              -77.1511084,
              7.9839808
            ],
            [
              -77.1511459,
              7.983694
            ],
            [
              -77.1522939,
              7.9832902
            ],
            [
              -77.1523798,
              7.9829024
            ],
            [
              -77.152133,
              7.9826474
            ],
            [
              -77.1520847,
              7.9823393
            ],
            [
              -77.152471,
              7.9819462
            ],
            [
              -77.1529913,
              7.9810059
            ],
            [
              -77.1531093,
              7.9808465
            ],
            [
              -77.1535277,
              7.9805968
            ],
            [
              -77.1538121,
              7.9801612
            ],
            [
              -77.1540642,
              7.9796937
            ],
            [
              -77.154547,
              7.9796778
            ],
            [
              -77.155893,
              7.9791321
            ],
            [
              -77.1554965,
              7.9784923
            ],
            [
              -77.1553821,
              7.9779936
            ],
            [
              -77.1552905,
              7.9771323
            ],
            [
              -77.1535282,
              7.977087
            ],
            [
              -77.1513538,
              7.9710576
            ],
            [
              -77.152338,
              7.9659574
            ],
            [
              -77.1448993,
              7.9657761
            ],
            [
              -77.1444644,
              7.9664335
            ],
            [
              -77.1434574,
              7.9657988
            ],
            [
              -77.1406421,
              7.9690402
            ],
            [
              -77.1367511,
              7.9666148
            ],
            [
              -77.135744,
              7.9689269
            ],
            [
              -77.1341876,
              7.9686322
            ],
            [
              -77.133501,
              7.9684508
            ],
            [
              -77.1317615,
              7.9679975
            ],
            [
              -77.1308689,
              7.9698335
            ],
            [
              -77.1343936,
              7.9713522
            ],
            [
              -77.1340045,
              7.9727803
            ],
            [
              -77.1337528,
              7.9733243
            ],
            [
              -77.1337528,
              7.9741856
            ],
            [
              -77.1336383,
              7.9752736
            ],
            [
              -77.1325397,
              7.9778576
            ],
            [
              -77.1317615,
              7.9778576
            ],
            [
              -77.1313495,
              7.9769736
            ],
            [
              -77.131052,
              7.9744123
            ],
            [
              -77.1308002,
              7.9728483
            ],
            [
              -77.1306629,
              7.9707176
            ],
            [
              -77.1286258,
              7.9745936
            ],
            [
              -77.1274356,
              7.976203
            ],
            [
              -77.1263141,
              7.9771323
            ],
            [
              -77.1239566,
              7.979331
            ],
            [
              -77.1197452,
              7.976679
            ],
            [
              -77.1170673,
              7.9744803
            ],
            [
              -77.1084155,
              7.9702869
            ],
            [
              -77.0877275,
              7.9759713
            ],
            [
              -77.076144,
              8.0133227
            ]
          ]
        ]
      },
      "properties": {
        "osm_id": 16831243,
        "nombre": "Resguardo Indígena Arquia",
        "nombre_en": "Arquia Indigenous Reservation",
        "grupo_etnico": "cuna",
        "grupo_estandar": "Tule/Kuna",
        "fecha_creacion": "1982/07/26",
        "descripcion": "Creado por Acto administrativo no. 100 del 26-07-1982. ID resguardo 1268, con 240,367179 ha.",
        "fuente": "OpenStreetMap / IGAC resguardos indígenas legalizados",
        "boundary": "aboriginal_lands",
        "tipo": "Resguardo Indígena"
      }
    },
    {
      "type": "Feature",
      "geometry": {
        "type": "Polygon",
        "coordinates": [
          [
            [
              -77.0889001,
              8.1798045
            ],
            [
              -77.0892102,
              8.1805403
            ],
            [
              -77.0896908,
              8.1808802
            ],
            [
              -77.0905606,
              8.1814239
            ],
            [
              -77.0907666,
              8.1817864
            ],
            [
              -77.090881,
              8.1825793
            ],
            [
              -77.0915677,
              8.183916
            ],
            [
              -77.0934674,
              8.1857737
            ],
            [
              -77.0900113,
              8.1897383
            ],
            [
              -77.0898511,
              8.1924795
            ],
            [
              -77.0886609,
              8.1925475
            ],
            [
              -77.0847699,
              8.1926154
            ],
            [
              -77.0831906,
              8.1925022
            ],
            [
              -77.0822522,
              8.1923889
            ],
            [
              -77.0795743,
              8.1917999
            ],
            [
              -77.0782239,
              8.1911429
            ],
            [
              -77.0776974,
              8.1883563
            ],
            [
              -77.074516,
              8.1867478
            ],
            [
              -77.073074,
              8.1866572
            ],
            [
              -77.0698468,
              8.187722
            ],
            [
              -77.069183,
              8.1876087
            ],
            [
              -77.0706021,
              8.1801099
            ],
            [
              -77.0731885,
              8.1809934
            ],
            [
              -77.0750882,
              8.1821489
            ],
            [
              -77.0753171,
              8.1815145
            ],
            [
              -77.0760495,
              8.1817184
            ],
            [
              -77.0781781,
              8.1823528
            ],
            [
              -77.0795285,
              8.1803818
            ],
            [
              -77.0840146,
              8.1827379
            ],
            [
              -77.0848614,
              8.1811067
            ],
            [
              -77.0853056,
              8.1793377
            ],
            [
              -77.0854671,
              8.1795452
            ],
            [
              -77.0857573,
              8.1795172
            ],
            [
              -77.0860829,
              8.1791809
            ],
            [
              -77.0867837,
              8.1790548
            ],
            [
              -77.0870597,
              8.179293
            ],
            [
              -77.0868828,
              8.1795032
            ],
            [
              -77.0869606,
              8.1796293
            ],
            [
              -77.0873216,
              8.1796013
            ],
            [
              -77.0877039,
              8.1796223
            ],
            [
              -77.0883551,
              8.179335
            ],
            [
              -77.0890275,
              8.1791179
            ],
            [
              -77.0890842,
              8.1794962
            ],
            [
              -77.0889001,
              8.1798045
            ]
          ]
        ]
      },
      "properties": {
        "osm_id": 16831268,
        "nombre": "Resguardo Indígena Cuna del Rio Cuti",
        "nombre_en": "Rio Cuti Cuna Indigenous Reservation",
        "grupo_etnico": "cuna",
        "grupo_estandar": "Tule/Kuna",
        "fecha_creacion": "1982/07/26",
        "descripcion": "Creado por Acto administrativo no. 103 del 26-07-1982. ID resguardo 1268, con 240,367179 ha.",
        "fuente": "OpenStreetMap / IGAC resguardos indígenas legalizados",
        "boundary": "aboriginal_lands",
        "tipo": "Resguardo Indígena"
      }
    },
    {
      "type": "Feature",
      "geometry": {
        "type": "Polygon",
        "coordinates": [
          [
            [
              -77.1108593,
              8.2511498
            ],
            [
              -77.1101179,
              8.250809
            ],
            [
              -77.109604,
              8.2505127
            ],
            [
              -77.1091309,
              8.2502781
            ],
            [
              -77.1086803,
              8.2501294
            ],
            [
              -77.1083058,
              8.2501092
            ],
            [
              -77.1076932,
              8.2503736
            ],
            [
              -77.107307,
              8.2505754
            ],
            [
              -77.1064272,
              8.2513292
            ],
            [
              -77.1059229,
              8.252087
            ],
            [
              -77.1056987,
              8.2524239
            ],
            [
              -77.105247,
              8.2531555
            ],
            [
              -77.10454,
              8.2537617
            ],
            [
              -77.103391,
              8.2541535
            ],
            [
              -77.1021475,
              8.2547173
            ],
            [
              -77.1012881,
              8.2554914
            ],
            [
              -77.1000865,
              8.2561815
            ],
            [
              -77.0992282,
              8.2567549
            ],
            [
              -77.0983066,
              8.2569258
            ],
            [
              -77.0979514,
              8.2574132
            ],
            [
              -77.0979085,
              8.2581033
            ],
            [
              -77.0975877,
              8.2585928
            ],
            [
              -77.0967771,
              8.2589168
            ],
            [
              -77.0953658,
              8.2574036
            ],
            [
              -77.0939909,
              8.2555418
            ],
            [
              -77.093544,
              8.2552503
            ],
            [
              -77.0928874,
              8.2554425
            ],
            [
              -77.0914878,
              8.2563976
            ],
            [
              -77.0894998,
              8.2571493
            ],
            [
              -77.0878996,
              8.257669
            ],
            [
              -77.0871968,
              8.256886
            ],
            [
              -77.086773,
              8.2549528
            ],
            [
              -77.0864869,
              8.2520919
            ],
            [
              -77.0856484,
              8.2506836
            ],
            [
              -77.0846827,
              8.2492952
            ],
            [
              -77.0821954,
              8.2474189
            ],
            [
              -77.0808603,
              8.2460838
            ],
            [
              -77.0798112,
              8.2449394
            ],
            [
              -77.0796205,
              8.242746
            ],
            [
              -77.0806216,
              8.2398707
            ],
            [
              -77.0799303,
              8.2391134
            ],
            [
              -77.0792778,
              8.2387152
            ],
            [
              -77.0785967,
              8.2376247
            ],
            [
              -77.0787051,
              8.2366596
            ],
            [
              -77.0788576,
              8.2356889
            ],
            [
              -77.0791307,
              8.2339361
            ],
            [
              -77.0786073,
              8.2319998
            ],
            [
              -77.0773317,
              8.2309205
            ],
            [
              -77.0752336,
              8.2300622
            ],
            [
              -77.0737078,
              8.2301576
            ],
            [
              -77.0721819,
              8.2309205
            ],
            [
              -77.0708468,
              8.2314927
            ],
            [
              -77.0693209,
              8.2313974
            ],
            [
              -77.0678904,
              8.2311113
            ],
            [
              -77.0672229,
              8.2299669
            ],
            [
              -77.0666507,
              8.2291086
            ],
            [
              -77.0654527,
              8.2285989
            ],
            [
              -77.0649565,
              8.2280096
            ],
            [
              -77.063599,
              8.2272966
            ],
            [
              -77.0649341,
              8.2262476
            ],
            [
              -77.0660945,
              8.2263694
            ],
            [
              -77.0667032,
              8.2271031
            ],
            [
              -77.067307,
              8.227448
            ],
            [
              -77.0678904,
              8.2275827
            ],
            [
              -77.0686471,
              8.2274675
            ],
            [
              -77.0691527,
              8.2271857
            ],
            [
              -77.0695013,
              8.2266172
            ],
            [
              -77.0696682,
              8.2259565
            ],
            [
              -77.0700805,
              8.2252957
            ],
            [
              -77.0701819,
              8.2248581
            ],
            [
              -77.0699382,
              8.2243969
            ],
            [
              -77.0694031,
              8.2241005
            ],
            [
              -77.0684275,
              8.2243442
            ],
            [
              -77.066996,
              8.2242886
            ],
            [
              -77.0663999,
              8.2236075
            ],
            [
              -77.0662005,
              8.2228151
            ],
            [
              -77.0658302,
              8.222158
            ],
            [
              -77.0653947,
              8.2218275
            ],
            [
              -77.0650114,
              8.221634
            ],
            [
              -77.0646256,
              8.221523
            ],
            [
              -77.0642566,
              8.2215048
            ],
            [
              -77.0638267,
              8.2215252
            ],
            [
              -77.0629898,
              8.2219045
            ],
            [
              -77.0617775,
              8.2227095
            ],
            [
              -77.0606121,
              8.2231043
            ],
            [
              -77.0597048,
              8.2231121
            ],
            [
              -77.0589383,
              8.2228334
            ],
            [
              -77.0582657,
              8.2224309
            ],
            [
              -77.0575645,
              8.2209132
            ],
            [
              -77.0579575,
              8.2193296
            ],
            [
              -77.0576768,
              8.2178433
            ],
            [
              -77.0576027,
              8.2174631
            ],
            [
              -77.058549,
              8.2173308
            ],
            [
              -77.0601283,
              8.2167871
            ],
            [
              -77.0608378,
              8.2168551
            ],
            [
              -77.0623484,
              8.2159037
            ],
            [
              -77.0634928,
              8.2153373
            ],
            [
              -77.0646243,
              8.2162024
            ],
            [
              -77.0655299,
              8.2166512
            ],
            [
              -77.0663767,
              8.2165379
            ],
            [
              -77.0678645,
              8.2166739
            ],
            [
              -77.069604,
              8.2176706
            ],
            [
              -77.0707713,
              8.2170816
            ],
            [
              -77.0708857,
              8.2163114
            ],
            [
              -77.0705653,
              8.2152467
            ],
            [
              -77.0704279,
              8.2145898
            ],
            [
              -77.0704737,
              8.2134344
            ],
            [
              -77.0712061,
              8.2125963
            ],
            [
              -77.0723963,
              8.2120299
            ],
            [
              -77.0744791,
              8.2122338
            ],
            [
              -77.076562,
              8.213004
            ],
            [
              -77.0948954,
              8.2330745
            ],
            [
              -77.1108593,
              8.2511498
            ]
          ]
        ]
      },
      "properties": {
        "osm_id": 16836166,
        "nombre": "Resguardo Indígena Tanela",
        "nombre_en": "Tanela Indigenous Reservation",
        "grupo_etnico": "katío",
        "grupo_estandar": "Embera",
        "fecha_creacion": "1982/07/26",
        "descripcion": "Creado por Acto administrativo no. 101 del 26-07-1982. ID resguardo 1269, con 980 ha.",
        "fuente": "OpenStreetMap / IGAC resguardos indígenas legalizados",
        "boundary": "aboriginal_lands",
        "tipo": "Resguardo Indígena"
      }
    },
    {
      "type": "Feature",
      "geometry": {
        "type": "Polygon",
        "coordinates": [
          [
            [
              -77.2513325,
              8.1872188
            ],
            [
              -77.2485432,
              8.1869835
            ],
            [
              -77.2474903,
              8.1869835
            ],
            [
              -77.2451328,
              8.1879123
            ],
            [
              -77.2444462,
              8.1876858
            ],
            [
              -77.2420429,
              8.1870967
            ],
            [
              -77.2360233,
              8.1869608
            ],
            [
              -77.2329563,
              8.1873233
            ],
            [
              -77.2309651,
              8.1893849
            ],
            [
              -77.2278523,
              8.1901778
            ],
            [
              -77.221558,
              8.1918542
            ],
            [
              -77.2198156,
              8.1913577
            ],
            [
              -77.2169088,
              8.1915842
            ],
            [
              -77.2120107,
              8.1915842
            ],
            [
              -77.2098821,
              8.1933513
            ],
            [
              -77.2092412,
              8.1954128
            ],
            [
              -77.2039312,
              8.1966135
            ],
            [
              -77.1987127,
              8.1955261
            ],
            [
              -77.194753,
              8.196976
            ],
            [
              -77.193929,
              8.1985391
            ],
            [
              -77.1900152,
              8.1993547
            ],
            [
              -77.1821416,
              8.1984938
            ],
            [
              -77.1745885,
              8.1961151
            ],
            [
              -77.1713155,
              8.1951636
            ],
            [
              -77.1685689,
              8.1940989
            ],
            [
              -77.1604436,
              8.1960925
            ],
            [
              -77.1569932,
              8.1967733
            ],
            [
              -77.1563752,
              8.2007378
            ],
            [
              -77.1552537,
              8.2033657
            ],
            [
              -77.1555513,
              8.2103883
            ],
            [
              -77.1552766,
              8.2131974
            ],
            [
              -77.1552995,
              8.2145113
            ],
            [
              -77.1553237,
              8.2155857
            ],
            [
              -77.154516,
              8.2155083
            ],
            [
              -77.1540642,
              8.2158987
            ],
            [
              -77.1540395,
              8.2167118
            ],
            [
              -77.1537766,
              8.2169965
            ],
            [
              -77.1533493,
              8.2168419
            ],
            [
              -77.1529385,
              8.2164028
            ],
            [
              -77.1524374,
              8.2165004
            ],
            [
              -77.1509092,
              8.2183545
            ],
            [
              -77.1505559,
              8.2184439
            ],
            [
              -77.1504304,
              8.218409
            ],
            [
              -77.151521,
              8.2208741
            ],
            [
              -77.1556179,
              8.2196962
            ],
            [
              -77.1575863,
              8.2187674
            ],
            [
              -77.1628048,
              8.2191751
            ],
            [
              -77.1666958,
              8.2180651
            ],
            [
              -77.16871,
              8.2179066
            ],
            [
              -77.1708386,
              8.219379
            ],
            [
              -77.1714108,
              8.2207835
            ],
            [
              -77.1769039,
              8.2201945
            ],
            [
              -77.1791928,
              8.2198321
            ],
            [
              -77.1831524,
              8.220489
            ],
            [
              -77.1858532,
              8.2212819
            ],
            [
              -77.1906826,
              8.2212819
            ],
            [
              -77.1946652,
              8.2185862
            ],
            [
              -77.1974118,
              8.217227
            ],
            [
              -77.1988487,
              8.2148963
            ],
            [
              -77.2005882,
              8.2135597
            ],
            [
              -77.2026711,
              8.2121099
            ],
            [
              -77.2083016,
              8.2108866
            ],
            [
              -77.2109108,
              8.2106828
            ],
            [
              -77.2135887,
              8.2095048
            ],
            [
              -77.2177544,
              8.2088252
            ],
            [
              -77.2221489,
              8.2100485
            ],
            [
              -77.2237969,
              8.2107281
            ],
            [
              -77.2325859,
              8.2135597
            ],
            [
              -77.2361794,
              8.2146471
            ],
            [
              -77.2392922,
              8.2167312
            ],
            [
              -77.2448311,
              8.2173428
            ],
            [
              -77.2492485,
              8.2187926
            ],
            [
              -77.2523842,
              8.2211033
            ],
            [
              -77.2543984,
              8.2223718
            ],
            [
              -77.2578794,
              8.2252679
            ],
            [
              -77.2627775,
              8.2285072
            ],
            [
              -77.2653181,
              8.2284619
            ],
            [
              -77.2683622,
              8.2259022
            ],
            [
              -77.2718183,
              8.2237955
            ],
            [
              -77.2741987,
              8.2237955
            ],
            [
              -77.2770597,
              8.2231159
            ],
            [
              -77.2787305,
              8.2236822
            ],
            [
              -77.2800525,
              8.223907
            ],
            [
              -77.2801157,
              8.222606
            ],
            [
              -77.2803008,
              8.2214225
            ],
            [
              -77.2804565,
              8.2192064
            ],
            [
              -77.2806124,
              8.2177841
            ],
            [
              -77.2799567,
              8.2171863
            ],
            [
              -77.2776812,
              8.2172127
            ],
            [
              -77.2751656,
              8.2162494
            ],
            [
              -77.2733193,
              8.2138411
            ],
            [
              -77.2703929,
              8.2126707
            ],
            [
              -77.2684553,
              8.2113131
            ],
            [
              -77.2663631,
              8.2118598
            ],
            [
              -77.2644113,
              8.2125008
            ],
            [
              -77.2628077,
              8.2125752
            ],
            [
              -77.2610833,
              8.2109899
            ],
            [
              -77.2603712,
              8.20792
            ],
            [
              -77.2590912,
              8.2044253
            ],
            [
              -77.2606008,
              8.2025501
            ],
            [
              -77.2602878,
              8.2011281
            ],
            [
              -77.2601893,
              8.1971909
            ],
            [
              -77.2606077,
              8.1947761
            ],
            [
              -77.2604769,
              8.1931513
            ],
            [
              -77.2587491,
              8.1911223
            ],
            [
              -77.2570074,
              8.1900334
            ],
            [
              -77.2558417,
              8.1894404
            ],
            [
              -77.2545833,
              8.1887714
            ],
            [
              -77.2533991,
              8.18847
            ],
            [
              -77.2524145,
              8.1878877
            ],
            [
              -77.2513325,
              8.1872188
            ]
          ],
          [
            [
              -77.1605385,
              8.2129956
            ],
            [
              -77.1598051,
              8.2077975
            ],
            [
              -77.1579512,
              8.2069819
            ],
            [
              -77.1579436,
              8.2135664
            ],
            [
              -77.1582379,
              8.2130607
            ],
            [
              -77.1605385,
              8.2129956
            ]
          ],
          [
            [
              -77.1719723,
              8.2112201
            ],
            [
              -77.171113,
              8.2123417
            ],
            [
              -77.1699922,
              8.2128594
            ],
            [
              -77.1694204,
              8.2135331
            ],
            [
              -77.1685574,
              8.2135486
            ],
            [
              -77.1684835,
              8.2130037
            ],
            [
              -77.1678426,
              8.2125809
            ],
            [
              -77.1670867,
              8.2126459
            ],
            [
              -77.1667581,
              8.2123938
            ],
            [
              -77.1656653,
              8.2120523
            ],
            [
              -77.165082,
              8.212093
            ],
            [
              -77.163447,
              8.2130688
            ],
            [
              -77.1630526,
              8.2131094
            ],
            [
              -77.1622262,
              8.2127238
            ],
            [
              -77.1623457,
              8.2076389
            ],
            [
              -77.1627577,
              8.2068007
            ],
            [
              -77.1641397,
              8.2067652
            ],
            [
              -77.1652154,
              8.2073769
            ],
            [
              -77.166337,
              8.2074222
            ],
            [
              -77.1686487,
              8.2073316
            ],
            [
              -77.1693582,
              8.2083057
            ],
            [
              -77.1703195,
              8.2078979
            ],
            [
              -77.1706171,
              8.2090306
            ],
            [
              -77.1714639,
              8.2099141
            ],
            [
              -77.1719723,
              8.2112201
            ]
          ]
        ]
      },
      "properties": {
        "osm_id": 16836237,
        "nombre": "Resguardo Indígena Dogibi Dobida Dogibi de Eyákera",
        "nombre_en": "Dobida Dogibi Eyakera Indigenous Reservation",
        "grupo_etnico": "katío",
        "grupo_estandar": "Embera",
        "fecha_creacion": "2013/04/16",
        "descripcion": "Creado por acuerdo administrativo no. 0303 del 16-04-2013. ID resguardo 1791, con 3157.5692 ha.",
        "fuente": "OpenStreetMap / IGAC resguardos indígenas legalizados",
        "boundary": "aboriginal_lands",
        "tipo": "Resguardo Indígena"
      }
    },
    {
      "type": "Feature",
      "geometry": {
        "type": "MultiPolygon",
        "coordinates": [
          [
            [
              [
                -77.2427748,
                8.3133015
              ],
              [
                -77.2461851,
                8.3109235
              ],
              [
                -77.2477873,
                8.3086587
              ],
              [
                -77.2512205,
                8.3045141
              ],
              [
                -77.2527998,
                8.3026343
              ],
              [
                -77.2553633,
                8.302204
              ],
              [
                -77.2566908,
                8.3013207
              ],
              [
                -77.2611311,
                8.298467
              ],
              [
                -77.2637632,
                8.2967683
              ],
              [
                -77.2647016,
                8.2963606
              ],
              [
                -77.2686842,
                8.2986934
              ],
              [
                -77.2712248,
                8.2968589
              ],
              [
                -77.272415,
                8.2960209
              ],
              [
                -77.2767866,
                8.2952735
              ],
              [
                -77.2797163,
                8.2950244
              ],
              [
                -77.2809751,
                8.2948885
              ],
              [
                -77.2817991,
                8.2920347
              ],
              [
                -77.2843626,
                8.2885921
              ],
              [
                -77.2866056,
                8.2882297
              ],
              [
                -77.2891233,
                8.2883203
              ],
              [
                -77.2973173,
                8.2876861
              ],
              [
                -77.2996748,
                8.2876861
              ],
              [
                -77.3019407,
                8.2874596
              ],
              [
                -77.3030851,
                8.2876635
              ],
              [
                -77.3038756,
                8.2888172
              ],
              [
                -77.3035094,
                8.2895872
              ],
              [
                -77.3025939,
                8.2952494
              ],
              [
                -77.3028914,
                8.2965178
              ],
              [
                -77.30399,
                8.2979673
              ],
              [
                -77.3049513,
                8.3010022
              ],
              [
                -77.3049513,
                8.3039691
              ],
              [
                -77.3060958,
                8.3068907
              ],
              [
                -77.3060729,
                8.3113071
              ],
              [
                -77.3058211,
                8.3147042
              ],
              [
                -77.3051573,
                8.3187128
              ],
              [
                -77.3036696,
                8.320887
              ],
              [
                -77.3018843,
                8.3243067
              ],
              [
                -77.3010146,
                8.3253711
              ],
              [
                -77.2998702,
                8.3272281
              ],
              [
                -77.2988402,
                8.3316669
              ],
              [
                -77.2978789,
                8.3372379
              ],
              [
                -77.29765,
                8.3389817
              ],
              [
                -77.2960194,
                8.3404402
              ],
              [
                -77.2947606,
                8.3423878
              ],
              [
                -77.2941884,
                8.3442221
              ],
              [
                -77.2945317,
                8.346917
              ],
              [
                -77.2953557,
                8.3492948
              ],
              [
                -77.2951268,
                8.3501553
              ],
              [
                -77.293456,
                8.3506535
              ],
              [
                -77.2899541,
                8.3523519
              ],
              [
                -77.2891072,
                8.3534842
              ],
              [
                -77.2890614,
                8.3558393
              ],
              [
                -77.2890614,
                8.3564733
              ],
              [
                -77.2894921,
                8.3576417
              ],
              [
                -77.2892632,
                8.3586154
              ],
              [
                -77.288691,
                8.3596798
              ],
              [
                -77.2886452,
                8.3611517
              ],
              [
                -77.2883248,
                8.3624651
              ],
              [
                -77.2865624,
                8.363235
              ],
              [
                -77.2841134,
                8.3632124
              ],
              [
                -77.2825341,
                8.363235
              ],
              [
                -77.2806801,
                8.362533
              ],
              [
                -77.277842,
                8.3611517
              ],
              [
                -77.2746834,
                8.3605629
              ],
              [
                -77.2725319,
                8.3595892
              ],
              [
                -77.2713418,
                8.3570076
              ],
              [
                -77.2695107,
                8.3557169
              ],
              [
                -77.2711815,
                8.3535203
              ],
              [
                -77.267246,
                8.3516614
              ],
              [
                -77.2647283,
                8.3492837
              ],
              [
                -77.2633779,
                8.3490119
              ],
              [
                -77.2602422,
                8.3491704
              ],
              [
                -77.2582967,
                8.3455698
              ],
              [
                -77.2639501,
                8.336466
              ],
              [
                -77.2653005,
                8.3340429
              ],
              [
                -77.2661245,
                8.3319141
              ],
              [
                -77.2659413,
                8.3298759
              ],
              [
                -77.2630803,
                8.3291965
              ],
              [
                -77.2593496,
                8.3276565
              ],
              [
                -77.2571294,
                8.3218589
              ],
              [
                -77.2527349,
                8.3184618
              ],
              [
                -77.2474935,
                8.3161744
              ],
              [
                -77.2427748,
                8.3133015
              ]
            ]
          ],
          [
            [
              [
                -77.240543,
                8.3144477
              ],
              [
                -77.2363773,
                8.3158292
              ],
              [
                -77.233173,
                8.3170069
              ],
              [
                -77.2319141,
                8.3187055
              ],
              [
                -77.2290531,
                8.3211967
              ],
              [
                -77.2288929,
                8.3230764
              ],
              [
                -77.2283436,
                8.324639
              ],
              [
                -77.2269016,
                8.3269264
              ],
              [
                -77.2326237,
                8.3396537
              ],
              [
                -77.2332835,
                8.3400317
              ],
              [
                -77.2330357,
                8.3408993
              ],
              [
                -77.2276569,
                8.3539205
              ],
              [
                -77.2293735,
                8.3546452
              ],
              [
                -77.2307697,
                8.3569097
              ],
              [
                -77.2329899,
                8.3594233
              ],
              [
                -77.2353474,
                8.3567512
              ],
              [
                -77.2365833,
                8.3558001
              ],
              [
                -77.2394901,
                8.35383
              ],
              [
                -77.2395817,
                8.3520183
              ],
              [
                -77.2400166,
                8.349165
              ],
              [
                -77.2408176,
                8.3480327
              ],
              [
                -77.2407032,
                8.3471042
              ],
              [
                -77.2411833,
                8.3463413
              ],
              [
                -77.2406343,
                8.3459752
              ],
              [
                -77.2383538,
                8.3439947
              ],
              [
                -77.2376204,
                8.3426006
              ],
              [
                -77.2375453,
                8.3414754
              ],
              [
                -77.2374058,
                8.3402334
              ],
              [
                -77.2370732,
                8.3394266
              ],
              [
                -77.2368122,
                8.3381591
              ],
              [
                -77.2367893,
                8.3364832
              ],
              [
                -77.2359882,
                8.3331542
              ],
              [
                -77.2361713,
                8.3312519
              ],
              [
                -77.2364002,
                8.3292816
              ],
              [
                -77.2381855,
                8.3258846
              ],
              [
                -77.2374531,
                8.324707
              ],
              [
                -77.2365604,
                8.3216496
              ],
              [
                -77.2379795,
                8.3193622
              ],
              [
                -77.2380024,
                8.3182978
              ],
              [
                -77.2382313,
                8.3170069
              ],
              [
                -77.2396732,
                8.315331
              ],
              [
                -77.240543,
                8.3144477
              ]
            ]
          ],
          [
            [
              [
                -77.2097601,
                8.3432467
              ],
              [
                -77.211024,
                8.3441754
              ],
              [
                -77.2131526,
                8.3452397
              ],
              [
                -77.2158534,
                8.349633
              ],
              [
                -77.2179591,
                8.3525996
              ],
              [
                -77.2188975,
                8.3530751
              ],
              [
                -77.2208888,
                8.3532563
              ],
              [
                -77.2200419,
                8.3479346
              ],
              [
                -77.2203513,
                8.3440492
              ],
              [
                -77.2190595,
                8.3436303
              ],
              [
                -77.2181318,
                8.3432967
              ],
              [
                -77.2172394,
                8.3429757
              ],
              [
                -77.2151864,
                8.3421442
              ],
              [
                -77.214577,
                8.3420208
              ],
              [
                -77.2167689,
                8.3287985
              ],
              [
                -77.2118251,
                8.330565
              ],
              [
                -77.2085749,
                8.3306103
              ],
              [
                -77.206103,
                8.3320597
              ],
              [
                -77.2034251,
                8.3332146
              ],
              [
                -77.2017085,
                8.3357284
              ],
              [
                -77.2013423,
                8.3372457
              ],
              [
                -77.2003581,
                8.3406879
              ],
              [
                -77.2008158,
                8.344583
              ],
              [
                -77.2050959,
                8.3467797
              ],
              [
                -77.2076467,
                8.3475686
              ],
              [
                -77.2086337,
                8.3467618
              ],
              [
                -77.2088795,
                8.3449587
              ],
              [
                -77.2092126,
                8.3440468
              ],
              [
                -77.2094035,
                8.3435242
              ],
              [
                -77.2097601,
                8.3432467
              ]
            ]
          ]
        ]
      },
      "properties": {
        "osm_id": 16836360,
        "nombre": "Resguardo Indígena Chidima Tolo",
        "nombre_en": "Chidima Tolo Indigenous Reservation",
        "grupo_etnico": "embera katío",
        "grupo_estandar": "Embera",
        "fecha_creacion": "2001/02/19",
        "descripcion": "Creado por resolucion no. 0005 del 19-02-2001. ID resguardo 1617, con 4499.87 ha.",
        "fuente": "OpenStreetMap / IGAC resguardos indígenas legalizados",
        "boundary": "aboriginal_lands",
        "tipo": "Resguardo Indígena"
      }
    },
    {
      "type": "Feature",
      "geometry": {
        "type": "MultiPolygon",
        "coordinates": [
          [
            [
              [
                -77.2263191,
                8.3800153
              ],
              [
                -77.2268379,
                8.3806599
              ],
              [
                -77.2277338,
                8.3814762
              ],
              [
                -77.2277264,
                8.3820139
              ],
              [
                -77.2277575,
                8.3820571
              ],
              [
                -77.2278003,
                8.3820992
              ],
              [
                -77.2279329,
                8.382316
              ],
              [
                -77.2281306,
                8.3825947
              ],
              [
                -77.228526,
                8.3828898
              ],
              [
                -77.228872,
                8.3832341
              ],
              [
                -77.2293168,
                8.3835619
              ],
              [
                -77.2296627,
                8.3837258
              ],
              [
                -77.2299592,
                8.3838241
              ],
              [
                -77.2302722,
                8.3840372
              ],
              [
                -77.2305359,
                8.3843487
              ],
              [
                -77.2306513,
                8.3847423
              ],
              [
                -77.2306679,
                8.3850047
              ],
              [
                -77.2308327,
                8.3853819
              ],
              [
                -77.2309177,
                8.3856354
              ],
              [
                -77.2311931,
                8.3859641
              ],
              [
                -77.231818,
                8.3866747
              ],
              [
                -77.2324678,
                8.3873214
              ],
              [
                -77.2330317,
                8.3876982
              ],
              [
                -77.2330786,
                8.3877231
              ],
              [
                -77.2331443,
                8.387741
              ],
              [
                -77.2337895,
                8.3878317
              ],
              [
                -77.2338251,
                8.3878317
              ],
              [
                -77.2338604,
                8.3878271
              ],
              [
                -77.2338948,
                8.3878179
              ],
              [
                -77.2339435,
                8.3877959
              ],
              [
                -77.2342894,
                8.3875397
              ],
              [
                -77.2347744,
                8.3873909
              ],
              [
                -77.2351819,
                8.387422
              ],
              [
                -77.2425831,
                8.3823333
              ],
              [
                -77.2566365,
                8.3716
              ],
              [
                -77.2558125,
                8.370581
              ],
              [
                -77.2558125,
                8.3696752
              ],
              [
                -77.255309,
                8.3677505
              ],
              [
                -77.255309,
                8.3669579
              ],
              [
                -77.2553776,
                8.3664371
              ],
              [
                -77.2555379,
                8.3654407
              ],
              [
                -77.2556981,
                8.3634253
              ],
              [
                -77.2447117,
                8.3647387
              ],
              [
                -77.2265385,
                8.3757439
              ],
              [
                -77.2269505,
                8.3774196
              ],
              [
                -77.2265614,
                8.378597
              ],
              [
                -77.226447,
                8.3788688
              ],
              [
                -77.2262639,
                8.3795254
              ],
              [
                -77.2263191,
                8.3800153
              ]
            ]
          ],
          [
            [
              [
                -77.2205834,
                8.3671561
              ],
              [
                -77.2216719,
                8.3684958
              ],
              [
                -77.2226339,
                8.3699408
              ],
              [
                -77.2238177,
                8.3710008
              ],
              [
                -77.2247707,
                8.3716083
              ],
              [
                -77.2404546,
                8.3626328
              ],
              [
                -77.2376851,
                8.3576509
              ],
              [
                -77.2331303,
                8.3595983
              ],
              [
                -77.2280721,
                8.3622478
              ],
              [
                -77.2259206,
                8.363448
              ],
              [
                -77.2244328,
                8.3654634
              ],
              [
                -77.2205834,
                8.3671561
              ]
            ]
          ],
          [
            [
              [
                -77.2343355,
                8.3781997
              ],
              [
                -77.2341854,
                8.3780811
              ],
              [
                -77.2342439,
                8.378032
              ],
              [
                -77.2344163,
                8.3781351
              ],
              [
                -77.2343355,
                8.3781997
              ]
            ]
          ]
        ]
      },
      "properties": {
        "osm_id": 16836384,
        "nombre": "Resguardo Indígena Pescadito",
        "nombre_en": "Pescadito Indigenous Reservation",
        "grupo_etnico": "embera katío",
        "grupo_estandar": "Embera",
        "fecha_creacion": "2001/02/19",
        "descripcion": "Creado por resolucion no. 0007 del 19-02-2001. ID resguardo 1619, con 269.5178 ha.",
        "fuente": "OpenStreetMap / IGAC resguardos indígenas legalizados",
        "boundary": "aboriginal_lands",
        "tipo": "Resguardo Indígena"
      }
    },
    {
      "type": "Feature",
      "geometry": {
        "type": "MultiPolygon",
        "coordinates": [
          [
            [
              [
                -76.5691073,
                8.5519722
              ],
              [
                -76.5693258,
                8.5521127
              ],
              [
                -76.5698066,
                8.5522099
              ],
              [
                -76.5703967,
                8.5523936
              ],
              [
                -76.5705278,
                8.5524801
              ],
              [
                -76.5710196,
                8.5498975
              ],
              [
                -76.5708556,
                8.5499191
              ],
              [
                -76.5708556,
                8.5493248
              ],
              [
                -76.570047,
                8.5494544
              ],
              [
                -76.5699378,
                8.5496598
              ],
              [
                -76.5694242,
                8.5496273
              ],
              [
                -76.5691401,
                8.5498867
              ],
              [
                -76.5689324,
                8.5501676
              ],
              [
                -76.5689215,
                8.5504594
              ],
              [
                -76.5691073,
                8.5509348
              ],
              [
                -76.5692275,
                8.5513347
              ],
              [
                -76.5692166,
                8.5515508
              ],
              [
                -76.5691073,
                8.5517129
              ],
              [
                -76.5690526,
                8.5518317
              ],
              [
                -76.5691073,
                8.5519722
              ]
            ]
          ],
          [
            [
              [
                -76.5689762,
                8.5558407
              ],
              [
                -76.5688341,
                8.5555489
              ],
              [
                -76.5686702,
                8.555376
              ],
              [
                -76.5686593,
                8.5552247
              ],
              [
                -76.5687248,
                8.5550735
              ],
              [
                -76.5688013,
                8.5549114
              ],
              [
                -76.5689106,
                8.5546412
              ],
              [
                -76.5689106,
                8.5544899
              ],
              [
                -76.5690308,
                8.5542738
              ],
              [
                -76.5691291,
                8.5541334
              ],
              [
                -76.5693805,
                8.5540685
              ],
              [
                -76.5700142,
                8.5544683
              ],
              [
                -76.570058,
                8.5540685
              ],
              [
                -76.5702109,
                8.5542954
              ],
              [
                -76.5705715,
                8.5539605
              ],
              [
                -76.5708119,
                8.5544251
              ],
              [
                -76.5705169,
                8.5545764
              ],
              [
                -76.5707682,
                8.5548357
              ],
              [
                -76.570801,
                8.5550626
              ],
              [
                -76.570801,
                8.5552031
              ],
              [
                -76.5714348,
                8.5554625
              ],
              [
                -76.5715004,
                8.5557866
              ],
              [
                -76.5716752,
                8.5561
              ],
              [
                -76.5712272,
                8.5564782
              ],
              [
                -76.5689762,
                8.5558407
              ]
            ]
          ],
          [
            [
              [
                -76.5679928,
                8.5524539
              ],
              [
                -76.5678507,
                8.5533508
              ],
              [
                -76.567501,
                8.5538154
              ],
              [
                -76.5668563,
                8.5541072
              ],
              [
                -76.565556,
                8.5550364
              ],
              [
                -76.5629553,
                8.5554363
              ],
              [
                -76.5625837,
                8.5570355
              ],
              [
                -76.5622778,
                8.5580404
              ],
              [
                -76.561786,
                8.5589697
              ],
              [
                -76.5625728,
                8.5591642
              ],
              [
                -76.5626384,
                8.5590021
              ],
              [
                -76.5629334,
                8.5589049
              ],
              [
                -76.5636874,
                8.5587752
              ],
              [
                -76.5646927,
                8.5580512
              ],
              [
                -76.5674245,
                8.5563655
              ],
              [
                -76.5682332,
                8.5563115
              ],
              [
                -76.5688451,
                8.5562575
              ],
              [
                -76.5687577,
                8.5559117
              ],
              [
                -76.5685063,
                8.5555335
              ],
              [
                -76.5684517,
                8.555339
              ],
              [
                -76.5685828,
                8.5548527
              ],
              [
                -76.5687577,
                8.5544421
              ],
              [
                -76.5689762,
                8.5540423
              ],
              [
                -76.5691292,
                8.5538802
              ],
              [
                -76.5696428,
                8.5537398
              ],
              [
                -76.5695772,
                8.5534804
              ],
              [
                -76.5696974,
                8.5531887
              ],
              [
                -76.5696646,
                8.5529617
              ],
              [
                -76.569752,
                8.5524647
              ],
              [
                -76.5694898,
                8.5523782
              ],
              [
                -76.5691948,
                8.5522918
              ],
              [
                -76.5689762,
                8.5521945
              ],
              [
                -76.5688342,
                8.552
              ],
              [
                -76.5689106,
                8.5516867
              ],
              [
                -76.5689762,
                8.5514705
              ],
              [
                -76.5689325,
                8.5511572
              ],
              [
                -76.568703,
                8.5504872
              ],
              [
                -76.568703,
                8.5502495
              ],
              [
                -76.5688014,
                8.5499469
              ],
              [
                -76.569162,
                8.5494823
              ],
              [
                -76.5693368,
                8.5493202
              ],
              [
                -76.5694789,
                8.5490825
              ],
              [
                -76.5694352,
                8.5488231
              ],
              [
                -76.5682222,
                8.5487799
              ],
              [
                -76.5679927,
                8.5486826
              ],
              [
                -76.5673153,
                8.5482396
              ],
              [
                -76.5668563,
                8.5475804
              ],
              [
                -76.5666378,
                8.5473535
              ],
              [
                -76.5661242,
                8.5470509
              ],
              [
                -76.5658401,
                8.5469969
              ],
              [
                -76.5652719,
                8.5469537
              ],
              [
                -76.5654467,
                8.5473319
              ],
              [
                -76.5656215,
                8.5475264
              ],
              [
                -76.5657964,
                8.5478722
              ],
              [
                -76.5658182,
                8.5484665
              ],
              [
                -76.5653156,
                8.5484989
              ],
              [
                -76.5649222,
                8.5482936
              ],
              [
                -76.5637639,
                8.5480235
              ],
              [
                -76.5634907,
                8.5476129
              ],
              [
                -76.5629443,
                8.5472671
              ],
              [
                -76.5625291,
                8.5468997
              ],
              [
                -76.5622668,
                8.5473967
              ],
              [
                -76.5624635,
                8.5478506
              ],
              [
                -76.5624635,
                8.5482936
              ],
              [
                -76.5622231,
                8.5488015
              ],
              [
                -76.5628241,
                8.5495363
              ],
              [
                -76.5632066,
                8.5500874
              ],
              [
                -76.5634579,
                8.5506493
              ],
              [
                -76.5644086,
                8.5504656
              ],
              [
                -76.5648566,
                8.5504224
              ],
              [
                -76.5650424,
                8.5505953
              ],
              [
                -76.5651517,
                8.5508222
              ],
              [
                -76.5654685,
                8.5507249
              ],
              [
                -76.5659493,
                8.5504116
              ],
              [
                -76.5663427,
                8.5506061
              ],
              [
                -76.5667907,
                8.550779
              ],
              [
                -76.567206,
                8.5512112
              ],
              [
                -76.5671076,
                8.5514705
              ],
              [
                -76.5675994,
                8.5516975
              ],
              [
                -76.5678507,
                8.5514922
              ],
              [
                -76.5681129,
                8.5516326
              ],
              [
                -76.5681785,
                8.551946
              ],
              [
                -76.5679928,
                8.5524539
              ]
            ]
          ],
          [
            [
              [
                -76.5622707,
                8.5465304
              ],
              [
                -76.5623524,
                8.5460544
              ],
              [
                -76.5622525,
                8.5457849
              ],
              [
                -76.5619528,
                8.5456232
              ],
              [
                -76.5617893,
                8.5453358
              ],
              [
                -76.561544,
                8.5451292
              ],
              [
                -76.561435,
                8.5449406
              ],
              [
                -76.5612443,
                8.5448058
              ],
              [
                -76.5610899,
                8.5446172
              ],
              [
                -76.5609627,
                8.5444645
              ],
              [
                -76.5607719,
                8.5443208
              ],
              [
                -76.5604813,
                8.5442669
              ],
              [
                -76.5599999,
                8.5440693
              ],
              [
                -76.5595821,
                8.543692
              ],
              [
                -76.559246,
                8.5434136
              ],
              [
                -76.5589826,
                8.5431171
              ],
              [
                -76.5587736,
                8.5429644
              ],
              [
                -76.5583377,
                8.5427758
              ],
              [
                -76.5572658,
                8.5445274
              ],
              [
                -76.5570206,
                8.5453717
              ],
              [
                -76.5579017,
                8.5458927
              ],
              [
                -76.55881,
                8.5465035
              ],
              [
                -76.5592641,
                8.5458927
              ],
              [
                -76.5610535,
                8.5470963
              ],
              [
                -76.5616439,
                8.5465843
              ],
              [
                -76.5622707,
                8.5465304
              ]
            ]
          ],
          [
            [
              [
                -76.5463499,
                8.5239478
              ],
              [
                -76.5463186,
                8.5244877
              ],
              [
                -76.546055,
                8.5250774
              ],
              [
                -76.5462935,
                8.5258346
              ],
              [
                -76.5454274,
                8.5267284
              ],
              [
                -76.5416073,
                8.5293806
              ],
              [
                -76.5402945,
                8.5303966
              ],
              [
                -76.5399711,
                8.5306224
              ],
              [
                -76.5389056,
                8.5305472
              ],
              [
                -76.53921,
                8.5284587
              ],
              [
                -76.5394193,
                8.5273862
              ],
              [
                -76.5396286,
                8.5263514
              ],
              [
                -76.5400472,
                8.5251284
              ],
              [
                -76.5402755,
                8.5245263
              ],
              [
                -76.5415882,
                8.5240559
              ],
              [
                -76.542121,
                8.5231716
              ],
              [
                -76.5425205,
                8.5233221
              ],
              [
                -76.5430342,
                8.5239995
              ],
              [
                -76.5434908,
                8.5241876
              ],
              [
                -76.5438332,
                8.5241688
              ],
              [
                -76.5439664,
                8.5237549
              ],
              [
                -76.5440996,
                8.5233033
              ],
              [
                -76.544404,
                8.5231528
              ],
              [
                -76.5447274,
                8.5235479
              ],
              [
                -76.5450699,
                8.5243193
              ],
              [
                -76.5463499,
                8.5239478
              ]
            ]
          ],
          [
            [
              [
                -76.5406896,
                8.5159246
              ],
              [
                -76.5411704,
                8.5170161
              ],
              [
                -76.5405038,
                8.5177942
              ],
              [
                -76.5399793,
                8.5189937
              ],
              [
                -76.5391707,
                8.5209714
              ],
              [
                -76.538679,
                8.5227112
              ],
              [
                -76.5386134,
                8.5246996
              ],
              [
                -76.5396187,
                8.5243214
              ],
              [
                -76.5410065,
                8.5239432
              ],
              [
                -76.5415091,
                8.5237162
              ],
              [
                -76.5416731,
                8.5233596
              ],
              [
                -76.541979,
                8.5229274
              ],
              [
                -76.5421429,
                8.5227977
              ],
              [
                -76.54258,
                8.5228733
              ],
              [
                -76.5428204,
                8.5231003
              ],
              [
                -76.5429625,
                8.523392
              ],
              [
                -76.5431701,
                8.5236514
              ],
              [
                -76.5434433,
                8.5238675
              ],
              [
                -76.5436966,
                8.5238704
              ],
              [
                -76.5438147,
                8.5236188
              ],
              [
                -76.5438056,
                8.5232056
              ],
              [
                -76.5443779,
                8.5228194
              ],
              [
                -76.5442847,
                8.5201717
              ],
              [
                -76.5454211,
                8.51814
              ],
              [
                -76.5463172,
                8.5163893
              ],
              [
                -76.5457271,
                8.5162704
              ],
              [
                -76.5453556,
                8.5162164
              ],
              [
                -76.5453446,
                8.5158165
              ],
              [
                -76.5455304,
                8.5155248
              ],
              [
                -76.5452463,
                8.5153194
              ],
              [
                -76.5450714,
                8.5151573
              ],
              [
                -76.5447108,
                8.5146818
              ],
              [
                -76.5440771,
                8.5146494
              ],
              [
                -76.5435635,
                8.5147142
              ],
              [
                -76.5425254,
                8.5145954
              ],
              [
                -76.5406896,
                8.5159246
              ]
            ]
          ],
          [
            [
              [
                -76.5237007,
                8.516678
              ],
              [
                -76.5228767,
                8.5165874
              ],
              [
                -76.5223961,
                8.5163384
              ],
              [
                -76.5218926,
                8.5162479
              ],
              [
                -76.5212746,
                8.5162026
              ],
              [
                -76.5210457,
                8.5160668
              ],
              [
                -76.5209999,
                8.5155009
              ],
              [
                -76.5212288,
                8.5148445
              ],
              [
                -76.521595,
                8.5142786
              ],
              [
                -76.5215492,
                8.5132147
              ],
              [
                -76.5211372,
                8.512943
              ],
              [
                -76.520771,
                8.5128978
              ],
              [
                -76.5205193,
                8.5125356
              ],
              [
                -76.5205879,
                8.512015
              ],
              [
                -76.5210686,
                8.5118565
              ],
              [
                -76.5212975,
                8.5114717
              ],
              [
                -76.5213203,
                8.5110642
              ],
              [
                -76.521183,
                8.5109737
              ],
              [
                -76.5208168,
                8.5104304
              ],
              [
                -76.5205421,
                8.5099098
              ],
              [
                -76.5200844,
                8.5096608
              ],
              [
                -76.5200157,
                8.509276
              ],
              [
                -76.5205193,
                8.5089591
              ],
              [
                -76.5207024,
                8.5083026
              ],
              [
                -76.5205879,
                8.5079631
              ],
              [
                -76.5202904,
                8.507533
              ],
              [
                -76.5201073,
                8.5068992
              ],
              [
                -76.5198555,
                8.5066728
              ],
              [
                -76.5219841,
                8.5055863
              ],
              [
                -76.5233574,
                8.5051335
              ],
              [
                -76.525898,
                8.5045223
              ],
              [
                -76.5273628,
                8.5040243
              ],
              [
                -76.5281181,
                8.5039112
              ],
              [
                -76.5301552,
                8.5057221
              ],
              [
                -76.5295601,
                8.506537
              ],
              [
                -76.5285759,
                8.5078499
              ],
              [
                -76.5283928,
                8.5083932
              ],
              [
                -76.5279808,
                8.5081442
              ],
              [
                -76.5237007,
                8.5099777
              ],
              [
                -76.5247536,
                8.5120602
              ],
              [
                -76.5250282,
                8.5128978
              ],
              [
                -76.524662,
                8.5139617
              ],
              [
                -76.5242043,
                8.5150708
              ],
              [
                -76.5241127,
                8.5158857
              ],
              [
                -76.5237007,
                8.516678
              ]
            ]
          ],
          [
            [
              [
                -76.5197868,
                8.5073972
              ],
              [
                -76.5193567,
                8.5073922
              ],
              [
                -76.5193114,
                8.5075266
              ],
              [
                -76.5192283,
                8.5079224
              ],
              [
                -76.5190396,
                8.5081165
              ],
              [
                -76.5187526,
                8.5082136
              ],
              [
                -76.518511,
                8.5081464
              ],
              [
                -76.5182392,
                8.5077357
              ],
              [
                -76.5182241,
                8.507437
              ],
              [
                -76.5182921,
                8.5073624
              ],
              [
                -76.5183751,
                8.5071607
              ],
              [
                -76.5180958,
                8.5070487
              ],
              [
                -76.5178617,
                8.5070562
              ],
              [
                -76.5176881,
                8.5072429
              ],
              [
                -76.517386,
                8.5075266
              ],
              [
                -76.5170538,
                8.5075437
              ],
              [
                -76.5129568,
                8.5101016
              ],
              [
                -76.5116979,
                8.5093546
              ],
              [
                -76.5083105,
                8.5132027
              ],
              [
                -76.5094549,
                8.5143119
              ],
              [
                -76.5110342,
                8.5150815
              ],
              [
                -76.5122015,
                8.5155795
              ],
              [
                -76.5132543,
                8.5163039
              ],
              [
                -76.513941,
                8.5171414
              ],
              [
                -76.5149023,
                8.517662
              ],
              [
                -76.5155203,
                8.519156
              ],
              [
                -76.5186559,
                8.5234341
              ],
              [
                -76.5200292,
                8.524679
              ],
              [
                -76.5214254,
                8.5234567
              ],
              [
                -76.523554,
                8.5221665
              ],
              [
                -76.5253422,
                8.5188151
              ],
              [
                -76.5247084,
                8.5185233
              ],
              [
                -76.5233425,
                8.5182099
              ],
              [
                -76.5224246,
                8.517983
              ],
              [
                -76.52237,
                8.5177453
              ],
              [
                -76.5226104,
                8.5174211
              ],
              [
                -76.5233753,
                8.517032
              ],
              [
                -76.5231786,
                8.5169672
              ],
              [
                -76.5226759,
                8.5169023
              ],
              [
                -76.5223481,
                8.5166754
              ],
              [
                -76.521616,
                8.5165349
              ],
              [
                -76.5211789,
                8.5167402
              ],
              [
                -76.5208729,
                8.5167402
              ],
              [
                -76.520709,
                8.5158108
              ],
              [
                -76.5206435,
                8.5153137
              ],
              [
                -76.5205888,
                8.5150544
              ],
              [
                -76.5208402,
                8.5150003
              ],
              [
                -76.5209166,
                8.5146221
              ],
              [
                -76.5212772,
                8.5141574
              ],
              [
                -76.5211789,
                8.5136711
              ],
              [
                -76.5210696,
                8.5133361
              ],
              [
                -76.5206216,
                8.5132388
              ],
              [
                -76.5204577,
                8.5131524
              ],
              [
                -76.5202501,
                8.5127309
              ],
              [
                -76.5201845,
                8.5123851
              ],
              [
                -76.5201845,
                8.5120068
              ],
              [
                -76.5202392,
                8.5117475
              ],
              [
                -76.5203484,
                8.5116286
              ],
              [
                -76.5207964,
                8.5115421
              ],
              [
                -76.5209713,
                8.5114449
              ],
              [
                -76.5209713,
                8.5112719
              ],
              [
                -76.5208074,
                8.5110126
              ],
              [
                -76.5204964,
                8.51077
              ],
              [
                -76.5184593,
                8.5114038
              ],
              [
                -76.5163994,
                8.5121508
              ],
              [
                -76.5150719,
                8.5111548
              ],
              [
                -76.5177269,
                8.5088006
              ],
              [
                -76.5180016,
                8.5085743
              ],
              [
                -76.5184135,
                8.508529
              ],
              [
                -76.5196495,
                8.5087101
              ],
              [
                -76.5201759,
                8.5087327
              ],
              [
                -76.5202904,
                8.5083479
              ],
              [
                -76.5201531,
                8.5080536
              ],
              [
                -76.5199928,
                8.5079404
              ],
              [
                -76.5198326,
                8.5077367
              ],
              [
                -76.5197868,
                8.5073972
              ]
            ]
          ]
        ]
      },
      "properties": {
        "osm_id": 17010446,
        "nombre": "Resguardo Indígena Zenú del Volao",
        "nombre_en": "Volao Zenu Indigenous Reservation",
        "grupo_etnico": "363.6862",
        "grupo_estandar": "Zenú",
        "fecha_creacion": "1992/12/17",
        "descripcion": "Creado por resolucion no. 0079 del 17-12-1992. ID resguardo 1039, con 363.6862 ha.",
        "fuente": "OpenStreetMap / IGAC resguardos indígenas legalizados",
        "boundary": "aboriginal_lands",
        "tipo": "Resguardo Indígena"
      }
    },
    {
      "type": "Feature",
      "geometry": {
        "type": "Polygon",
        "coordinates": [
          [
            [
              -76.6574353,
              8.2940931
            ],
            [
              -76.6579846,
              8.2923718
            ],
            [
              -76.6579846,
              8.2906278
            ],
            [
              -76.6575955,
              8.2883856
            ],
            [
              -76.6583737,
              8.2850109
            ],
            [
              -76.6583966,
              8.2835839
            ],
            [
              -76.6597241,
              8.2822703
            ],
            [
              -76.6616239,
              8.2803451
            ],
            [
              -76.6609372,
              8.2785558
            ],
            [
              -76.6589231,
              8.2753621
            ],
            [
              -76.6589231,
              8.2741617
            ],
            [
              -76.6588773,
              8.2729159
            ],
            [
              -76.6612348,
              8.270583
            ],
            [
              -76.6595639,
              8.2690201
            ],
            [
              -76.6583508,
              8.2681368
            ],
            [
              -76.6575553,
              8.2662263
            ],
            [
              -76.6570746,
              8.2653203
            ],
            [
              -76.6558158,
              8.2632817
            ],
            [
              -76.6553351,
              8.2612658
            ],
            [
              -76.6544883,
              8.2590687
            ],
            [
              -76.6534354,
              8.2574152
            ],
            [
              -76.652703,
              8.2545159
            ],
            [
              -76.6523368,
              8.2511861
            ],
            [
              -76.6525428,
              8.2501895
            ],
            [
              -76.6533668,
              8.2472901
            ],
            [
              -76.6532752,
              8.2426239
            ],
            [
              -76.6550605,
              8.2408344
            ],
            [
              -76.6574637,
              8.2366891
            ],
            [
              -76.6574866,
              8.2341067
            ],
            [
              -76.657006,
              8.2316376
            ],
            [
              -76.6577384,
              8.2288514
            ],
            [
              -76.6591346,
              8.2255894
            ],
            [
              -76.659249,
              8.2223047
            ],
            [
              -76.659043,
              8.2202886
            ],
            [
              -76.6587684,
              8.2182952
            ],
            [
              -76.6587913,
              8.2172984
            ],
            [
              -76.6591575,
              8.2159619
            ],
            [
              -76.6616065,
              8.214127
            ],
            [
              -76.6656348,
              8.2133114
            ],
            [
              -76.6685645,
              8.2132208
            ],
            [
              -76.6717231,
              8.2132661
            ],
            [
              -76.6757514,
              8.2141949
            ],
            [
              -76.6771476,
              8.2134474
            ],
            [
              -76.6786124,
              8.2105704
            ],
            [
              -76.6804893,
              8.2102985
            ],
            [
              -76.6827552,
              8.2098681
            ],
            [
              -76.6838309,
              8.2076027
            ],
            [
              -76.6847922,
              8.2037516
            ],
            [
              -76.6868064,
              8.2001043
            ],
            [
              -76.6895988,
              8.2010557
            ],
            [
              -76.6916816,
              8.2013502
            ],
            [
              -76.6936271,
              8.2001722
            ],
            [
              -76.6948401,
              8.203004
            ],
            [
              -76.695069,
              8.2051108
            ],
            [
              -76.6961032,
              8.2090582
            ],
            [
              -76.6967441,
              8.2107799
            ],
            [
              -76.6972476,
              8.2132944
            ],
            [
              -76.6988956,
              8.2163752
            ],
            [
              -76.6992847,
              8.2178704
            ],
            [
              -76.6993076,
              8.2187765
            ],
            [
              -76.6995593,
              8.2227861
            ],
            [
              -76.6996738,
              8.2237601
            ],
            [
              -76.7014133,
              8.225527
            ],
            [
              -76.7029239,
              8.2257083
            ],
            [
              -76.7043201,
              8.2263652
            ],
            [
              -76.7063342,
              8.2274299
            ],
            [
              -76.7083942,
              8.2274299
            ],
            [
              -76.7100078,
              8.2281703
            ],
            [
              -76.7102825,
              8.2315002
            ],
            [
              -76.7125713,
              8.2335163
            ],
            [
              -76.7141734,
              8.2338334
            ],
            [
              -76.7167827,
              8.2353511
            ],
            [
              -76.7179729,
              8.2371406
            ],
            [
              -76.7229854,
              8.2395871
            ],
            [
              -76.7236949,
              8.240176
            ],
            [
              -76.7252742,
              8.2443666
            ],
            [
              -76.7259837,
              8.2450914
            ],
            [
              -76.7293025,
              8.2454312
            ],
            [
              -76.7302867,
              8.2455218
            ],
            [
              -76.7312938,
              8.2447517
            ],
            [
              -76.732072,
              8.2434379
            ],
            [
              -76.7369472,
              8.241286
            ],
            [
              -76.738618,
              8.2424638
            ],
            [
              -76.7433559,
              8.2438456
            ],
            [
              -76.7464687,
              8.2439815
            ],
            [
              -76.7479106,
              8.2440948
            ],
            [
              -76.7495586,
              8.2448876
            ],
            [
              -76.7536327,
              8.2463146
            ],
            [
              -76.7544795,
              8.2468583
            ],
            [
              -76.7569515,
              8.2469715
            ],
            [
              -76.7592053,
              8.2469377
            ],
            [
              -76.7591299,
              8.2474981
            ],
            [
              -76.7592163,
              8.2483159
            ],
            [
              -76.759351,
              8.2491921
            ],
            [
              -76.7595866,
              8.2503554
            ],
            [
              -76.7603568,
              8.251645
            ],
            [
              -76.7616848,
              8.2525417
            ],
            [
              -76.7625696,
              8.2527568
            ],
            [
              -76.7639051,
              8.2531135
            ],
            [
              -76.7650243,
              8.2539331
            ],
            [
              -76.7659372,
              8.254516
            ],
            [
              -76.766834,
              8.2551998
            ],
            [
              -76.7679409,
              8.2558348
            ],
            [
              -76.7687172,
              8.2564995
            ],
            [
              -76.769377,
              8.2569827
            ],
            [
              -76.7696235,
              8.2572449
            ],
            [
              -76.7702623,
              8.2580561
            ],
            [
              -76.7707188,
              8.2585859
            ],
            [
              -76.7709235,
              8.2590297
            ],
            [
              -76.7715764,
              8.2600524
            ],
            [
              -76.7720294,
              8.2608431
            ],
            [
              -76.7721811,
              8.2612832
            ],
            [
              -76.7723918,
              8.2615907
            ],
            [
              -76.7729819,
              8.2630133
            ],
            [
              -76.7734852,
              8.2641979
            ],
            [
              -76.7738974,
              8.2651435
            ],
            [
              -76.774154,
              8.265321
            ],
            [
              -76.7742818,
              8.2656896
            ],
            [
              -76.7740976,
              8.2660234
            ],
            [
              -76.7737812,
              8.2667454
            ],
            [
              -76.7737275,
              8.2671276
            ],
            [
              -76.7741728,
              8.2666657
            ],
            [
              -76.774508,
              8.2667746
            ],
            [
              -76.7744839,
              8.2673134
            ],
            [
              -76.7738599,
              8.2692
            ],
            [
              -76.7737135,
              8.2698
            ],
            [
              -76.7736189,
              8.2701874
            ],
            [
              -76.7732723,
              8.2710898
            ],
            [
              -76.7628473,
              8.2949258
            ],
            [
              -76.7614744,
              8.294332
            ],
            [
              -76.7596662,
              8.2937658
            ],
            [
              -76.7587278,
              8.2935166
            ],
            [
              -76.75827,
              8.2928372
            ],
            [
              -76.7574003,
              8.2924748
            ],
            [
              -76.7541273,
              8.2915462
            ],
            [
              -76.7535779,
              8.2916368
            ],
            [
              -76.7532346,
              8.292588
            ],
            [
              -76.7528455,
              8.2929278
            ],
            [
              -76.7516782,
              8.2927466
            ],
            [
              -76.7510374,
              8.2923616
            ],
            [
              -76.7499158,
              8.2923616
            ],
            [
              -76.7469861,
              8.2923163
            ],
            [
              -76.7458188,
              8.2916368
            ],
            [
              -76.7444227,
              8.2916368
            ],
            [
              -76.7437131,
              8.2924974
            ],
            [
              -76.7414014,
              8.2919765
            ],
            [
              -76.7393644,
              8.2916594
            ],
            [
              -76.7367551,
              8.2920218
            ],
            [
              -76.7346265,
              8.2920445
            ],
            [
              -76.7326353,
              8.2926333
            ],
            [
              -76.7314908,
              8.2929278
            ],
            [
              -76.7307355,
              8.293426
            ],
            [
              -76.7294996,
              8.2947623
            ],
            [
              -76.7282865,
              8.2958948
            ],
            [
              -76.7268445,
              8.2966648
            ],
            [
              -76.7252195,
              8.2969593
            ],
            [
              -76.724304,
              8.2970951
            ],
            [
              -76.7191648,
              8.2976943
            ],
            [
              -76.7146329,
              8.2994609
            ],
            [
              -76.7136487,
              8.3006386
            ],
            [
              -76.7114743,
              8.3019522
            ],
            [
              -76.7080869,
              8.3005253
            ],
            [
              -76.7054547,
              8.300163
            ],
            [
              -76.7030057,
              8.2993476
            ],
            [
              -76.6996411,
              8.3031752
            ],
            [
              -76.6967572,
              8.3052588
            ],
            [
              -76.6928662,
              8.3059836
            ],
            [
              -76.689845,
              8.3052362
            ],
            [
              -76.6884717,
              8.3043076
            ],
            [
              -76.686984,
              8.3025863
            ],
            [
              -76.6844434,
              8.2990758
            ],
            [
              -76.681445,
              8.2973545
            ],
            [
              -76.6799344,
              8.2974451
            ],
            [
              -76.6785382,
              8.2973772
            ],
            [
              -76.6777371,
              8.2966751
            ],
            [
              -76.6774854,
              8.295588
            ],
            [
              -76.6772107,
              8.2950444
            ],
            [
              -76.6764554,
              8.2946141
            ],
            [
              -76.6755628,
              8.2944102
            ],
            [
              -76.673663,
              8.2949991
            ],
            [
              -76.6719464,
              8.2956785
            ],
            [
              -76.6709165,
              8.2967204
            ],
            [
              -76.6688794,
              8.297196
            ],
            [
              -76.6669568,
              8.2969922
            ],
            [
              -76.6640729,
              8.2964033
            ],
            [
              -76.6629056,
              8.2970828
            ],
            [
              -76.6607312,
              8.297196
            ],
            [
              -76.6583966,
              8.2961089
            ],
            [
              -76.6580533,
              8.2954068
            ],
            [
              -76.6580304,
              8.294682
            ],
            [
              -76.6574353,
              8.2940931
            ]
          ]
        ]
      },
      "properties": {
        "osm_id": 17010522,
        "nombre": "Resguardo Indígena Caimán Nuevo",
        "nombre_en": "Caiman Nuevo Indigenous Reservation",
        "grupo_etnico": "cuna",
        "grupo_estandar": "Tule/Kuna",
        "fecha_creacion": "1992/12/01",
        "descripcion": "Creado por resolucion no. 0073 del 01-12-1992. ID resguardo 1038, con 7507.8212 ha.",
        "fuente": "OpenStreetMap / IGAC resguardos indígenas legalizados",
        "boundary": "aboriginal_lands",
        "tipo": "Resguardo Indígena"
      }
    },
    {
      "type": "Feature",
      "geometry": {
        "type": "MultiPolygon",
        "coordinates": [
          [
            [
              [
                -76.4010962,
                8.1488349
              ],
              [
                -76.4011376,
                8.1495659
              ],
              [
                -76.3993568,
                8.1494466
              ],
              [
                -76.3951224,
                8.1485857
              ],
              [
                -76.3901557,
                8.1477473
              ],
              [
                -76.3910254,
                8.1445753
              ],
              [
                -76.3967475,
                8.1446886
              ],
              [
                -76.4012336,
                8.1448699
              ],
              [
                -76.4014625,
                8.1460027
              ],
              [
                -76.401142,
                8.1474755
              ],
              [
                -76.4010962,
                8.1488349
              ]
            ]
          ],
          [
            [
              [
                -76.4030256,
                8.1360832
              ],
              [
                -76.4003477,
                8.1373521
              ],
              [
                -76.3986997,
                8.1364231
              ],
              [
                -76.3972349,
                8.1363551
              ],
              [
                -76.3935728,
                8.1359246
              ],
              [
                -76.3874616,
                8.1358113
              ],
              [
                -76.3871183,
                8.1376013
              ],
              [
                -76.3879881,
                8.1378732
              ],
              [
                -76.389636,
                8.1384396
              ],
              [
                -76.3946256,
                8.13921
              ],
              [
                -76.3980131,
                8.1392553
              ],
              [
                -76.3995695,
                8.1388248
              ],
              [
                -76.4004392,
                8.1385529
              ],
              [
                -76.4015836,
                8.1391647
              ],
              [
                -76.4030256,
                8.1360832
              ]
            ]
          ],
          [
            [
              [
                -76.3501695,
                8.2027467
              ],
              [
                -76.3490251,
                8.2069377
              ],
              [
                -76.3474229,
                8.2106982
              ],
              [
                -76.3481783,
                8.2109021
              ],
              [
                -76.3485673,
                8.2109927
              ],
              [
                -76.3491167,
                8.2098374
              ],
              [
                -76.3503755,
                8.2104717
              ],
              [
                -76.3509477,
                8.2091804
              ],
              [
                -76.3495515,
                8.2086141
              ],
              [
                -76.3501466,
                8.2072775
              ],
              [
                -76.3533052,
                8.2083422
              ],
              [
                -76.3528017,
                8.2101092
              ],
              [
                -76.354175,
                8.2104264
              ],
              [
                -76.3543581,
                8.2091804
              ],
              [
                -76.3538545,
                8.2090219
              ],
              [
                -76.3538774,
                8.2084782
              ],
              [
                -76.3543809,
                8.2085688
              ],
              [
                -76.3542894,
                8.2073228
              ],
              [
                -76.3543581,
                8.2056917
              ],
              [
                -76.3547929,
                8.2039701
              ],
              [
                -76.3534883,
                8.2038341
              ],
              [
                -76.3535799,
                8.2030186
              ],
              [
                -76.3501695,
                8.2027467
              ]
            ]
          ]
        ]
      },
      "properties": {
        "osm_id": 17010991,
        "nombre": "Resguardo Indígena Río Alto de San Juan",
        "nombre_en": "Rio Alto De San Juan Indigenous Reservation",
        "grupo_etnico": "363.6862",
        "grupo_estandar": "Zenú",
        "fecha_creacion": "2022/05/23",
        "descripcion": "Creado por acuerdo no. 225 del 23-05-2022. ID resguardo 1905, con 107.3524 ha.",
        "fuente": "OpenStreetMap / IGAC resguardos indígenas legalizados",
        "boundary": "aboriginal_lands",
        "tipo": "Resguardo Indígena"
      }
    },
    {
      "type": "Feature",
      "geometry": {
        "type": "MultiPolygon",
        "coordinates": [
          [
            [
              [
                -76.6104375,
                7.9894984
              ],
              [
                -76.6096822,
                7.9899291
              ],
              [
                -76.6078054,
                7.9903597
              ],
              [
                -76.607668,
                7.992989
              ],
              [
                -76.6074163,
                7.9939183
              ],
              [
                -76.6071645,
                7.9956635
              ],
              [
                -76.6068212,
                7.9963888
              ],
              [
                -76.6060887,
                7.9978394
              ],
              [
                -76.6060201,
                7.9995167
              ],
              [
                -76.6051046,
                7.999834
              ],
              [
                -76.6040746,
                7.9999473
              ],
              [
                -76.6029988,
                8.0005593
              ],
              [
                -76.6011449,
                8.0012846
              ],
              [
                -76.6005269,
                8.0018739
              ],
              [
                -76.5989934,
                8.0027578
              ],
              [
                -76.597643,
                8.0004913
              ],
              [
                -76.5963842,
                7.9984061
              ],
              [
                -76.5973455,
                7.99861
              ],
              [
                -76.6012593,
                7.9974088
              ],
              [
                -76.6012593,
                7.9958222
              ],
              [
                -76.5996572,
                7.9953915
              ],
              [
                -76.5952855,
                7.9956862
              ],
              [
                -76.5954229,
                7.9943262
              ],
              [
                -76.5943929,
                7.9919237
              ],
              [
                -76.5957891,
                7.9890224
              ],
              [
                -76.5950109,
                7.9889997
              ],
              [
                -76.5951711,
                7.9863025
              ],
              [
                -76.5958119,
                7.9862118
              ],
              [
                -76.5962011,
                7.9836052
              ],
              [
                -76.5957662,
                7.9806132
              ],
              [
                -76.596407,
                7.9806586
              ],
              [
                -76.5962697,
                7.9802279
              ],
              [
                -76.5979406,
                7.9802279
              ],
              [
                -76.6017629,
                7.9802959
              ],
              [
                -76.6041433,
                7.9802959
              ],
              [
                -76.6037999,
                7.9807492
              ],
              [
                -76.6041433,
                7.9810666
              ],
              [
                -76.6050817,
                7.9812479
              ],
              [
                -76.6061574,
                7.9821545
              ],
              [
                -76.6070043,
                7.9825852
              ],
              [
                -76.607874,
                7.9818599
              ],
              [
                -76.608904,
                7.9818372
              ],
              [
                -76.6101857,
                7.9820639
              ],
              [
                -76.6110097,
                7.9824265
              ],
              [
                -76.6110555,
                7.9834012
              ],
              [
                -76.6110326,
                7.9842399
              ],
              [
                -76.6099111,
                7.9846025
              ],
              [
                -76.6078969,
                7.9846478
              ],
              [
                -76.6077138,
                7.9852145
              ],
              [
                -76.6078054,
                7.9866651
              ],
              [
                -76.6081258,
                7.9878664
              ],
              [
                -76.6103459,
                7.9874811
              ],
              [
                -76.6108495,
                7.9874811
              ],
              [
                -76.613825,
                7.9867331
              ],
              [
                -76.6153127,
                7.9861892
              ],
              [
                -76.6153585,
                7.9835145
              ],
              [
                -76.615656,
                7.9818599
              ],
              [
                -76.6150838,
                7.9813159
              ],
              [
                -76.6159078,
                7.9808852
              ],
              [
                -76.6174184,
                7.9803412
              ],
              [
                -76.6186544,
                7.9800919
              ],
              [
                -76.6195699,
                7.9804546
              ],
              [
                -76.6196157,
                7.9815426
              ],
              [
                -76.6196614,
                7.9844212
              ],
              [
                -76.6195928,
                7.9871638
              ],
              [
                -76.6172124,
                7.9878438
              ],
              [
                -76.6152669,
                7.9870505
              ],
              [
                -76.6124059,
                7.9883651
              ],
              [
                -76.6104375,
                7.9894984
              ]
            ]
          ],
          [
            [
              [
                -76.5838262,
                7.9752774
              ],
              [
                -76.5836202,
                7.97496
              ],
              [
                -76.581812,
                7.9734187
              ],
              [
                -76.5802556,
                7.972512
              ],
              [
                -76.5792028,
                7.9711293
              ],
              [
                -76.5774633,
                7.9702
              ],
              [
                -76.5759755,
                7.9677973
              ],
              [
                -76.5755178,
                7.9671852
              ],
              [
                -76.5743276,
                7.9659159
              ],
              [
                -76.5731374,
                7.9648732
              ],
              [
                -76.5731145,
                7.9624251
              ],
              [
                -76.5674153,
                7.9628784
              ],
              [
                -76.5688573,
                7.9660292
              ],
              [
                -76.5691777,
                7.9675479
              ],
              [
                -76.5702764,
                7.9689759
              ],
              [
                -76.5729314,
                7.9706986
              ],
              [
                -76.5739385,
                7.97428
              ],
              [
                -76.5735265,
                7.9754587
              ],
              [
                -76.5738011,
                7.976388
              ],
              [
                -76.5741445,
                7.9770907
              ],
              [
                -76.5708028,
                7.978156
              ],
              [
                -76.5705968,
                7.9791987
              ],
              [
                -76.5707799,
                7.980468
              ],
              [
                -76.5710774,
                7.9820774
              ],
              [
                -76.5718785,
                7.9841853
              ],
              [
                -76.569727,
                7.984888
              ],
              [
                -76.568102,
                7.9854546
              ],
              [
                -76.5661565,
                7.9854093
              ],
              [
                -76.5672322,
                7.9866333
              ],
              [
                -76.5678502,
                7.9878573
              ],
              [
                -76.5684911,
                7.9896479
              ],
              [
                -76.565035,
                7.9916198
              ],
              [
                -76.5656301,
                7.9931838
              ],
              [
                -76.5700017,
                7.9925944
              ],
              [
                -76.5712606,
                7.9892172
              ],
              [
                -76.5750142,
                7.9903279
              ],
              [
                -76.5771199,
                7.9917558
              ],
              [
                -76.577509,
                7.9911438
              ],
              [
                -76.5779897,
                7.9899199
              ],
              [
                -76.5788136,
                7.9890132
              ],
              [
                -76.5812856,
                7.9882426
              ],
              [
                -76.5824758,
                7.9884239
              ],
              [
                -76.5833455,
                7.9886959
              ],
              [
                -76.5841695,
                7.9894212
              ],
              [
                -76.5847646,
                7.9898745
              ],
              [
                -76.5866185,
                7.9921411
              ],
              [
                -76.5865499,
                7.9910305
              ],
              [
                -76.5870305,
                7.9894892
              ],
              [
                -76.5870305,
                7.9881293
              ],
              [
                -76.5874196,
                7.9864066
              ],
              [
                -76.5884725,
                7.98448
              ],
              [
                -76.5892049,
                7.983664
              ],
              [
                -76.5904866,
                7.982576
              ],
              [
                -76.5891362,
                7.9809894
              ],
              [
                -76.588358,
                7.978836
              ],
              [
                -76.5873509,
                7.9779067
              ],
              [
                -76.586115,
                7.977
              ],
              [
                -76.5853368,
                7.97768
              ],
              [
                -76.5847188,
                7.978496
              ],
              [
                -76.58346,
                7.9789267
              ],
              [
                -76.5829106,
                7.9796294
              ],
              [
                -76.582224,
                7.980332
              ],
              [
                -76.5834142,
                7.98142
              ],
              [
                -76.5839635,
                7.9820094
              ],
              [
                -76.584879,
                7.9826893
              ],
              [
                -76.585085,
                7.98346
              ],
              [
                -76.5837804,
                7.98414
              ],
              [
                -76.5835515,
                7.9847293
              ],
              [
                -76.5829564,
                7.985092
              ],
              [
                -76.5803014,
                7.9856586
              ],
              [
                -76.5815145,
                7.982848
              ],
              [
                -76.5800038,
                7.9815787
              ],
              [
                -76.5816518,
                7.980332
              ],
              [
                -76.5813085,
                7.979584
              ],
              [
                -76.5818349,
                7.97836
              ],
              [
                -76.58243,
                7.9779974
              ],
              [
                -76.5829335,
                7.977068
              ],
              [
                -76.5832311,
                7.9758667
              ],
              [
                -76.5838262,
                7.9752774
              ]
            ]
          ]
        ]
      },
      "properties": {
        "osm_id": 17011121,
        "nombre": "Resguardo Indígena Dokerazavi",
        "nombre_en": "Dokerazavi Indigenous Reservation",
        "grupo_etnico": "embera",
        "grupo_estandar": "Embera",
        "fecha_creacion": "2001/09/23",
        "descripcion": "Creado por resolucion no. 0028 del 23-09-2001. ID resguardo 1631, con 691.939675 ha.",
        "fuente": "OpenStreetMap / IGAC resguardos indígenas legalizados",
        "boundary": "aboriginal_lands",
        "tipo": "Resguardo Indígena"
      }
    },
    {
      "type": "Feature",
      "geometry": {
        "type": "Polygon",
        "coordinates": [
          [
            [
              -76.6456394,
              7.8449374
            ],
            [
              -76.6457768,
              7.8459123
            ],
            [
              -76.6458683,
              7.8468646
            ],
            [
              -76.6461201,
              7.8488373
            ],
            [
              -76.6452961,
              7.8493814
            ],
            [
              -76.6448612,
              7.8504017
            ],
            [
              -76.6454105,
              7.8506058
            ],
            [
              -76.6460972,
              7.8501977
            ],
            [
              -76.6473789,
              7.8499709
            ],
            [
              -76.6477451,
              7.8504017
            ],
            [
              -76.6483173,
              7.8518302
            ],
            [
              -76.6490498,
              7.8518755
            ],
            [
              -76.6493244,
              7.8523744
            ],
            [
              -76.6488667,
              7.8537801
            ],
            [
              -76.649004,
              7.8557074
            ],
            [
              -76.6494618,
              7.8569771
            ],
            [
              -76.6508122,
              7.8598339
            ],
            [
              -76.6514759,
              7.8609902
            ],
            [
              -76.6524143,
              7.8607408
            ],
            [
              -76.6528034,
              7.8615117
            ],
            [
              -76.6534672,
              7.8608542
            ],
            [
              -76.6541996,
              7.8608995
            ],
            [
              -76.655138,
              7.8606955
            ],
            [
              -76.6563053,
              7.8603327
            ],
            [
              -76.6574497,
              7.8599473
            ],
            [
              -76.6575642,
              7.8594484
            ],
            [
              -76.6570377,
              7.8591764
            ],
            [
              -76.6566258,
              7.8589496
            ],
            [
              -76.6556416,
              7.857884
            ],
            [
              -76.6543827,
              7.8575666
            ],
            [
              -76.6539707,
              7.856705
            ],
            [
              -76.653513,
              7.8564556
            ],
            [
              -76.6526203,
              7.8558207
            ],
            [
              -76.6530323,
              7.8555713
            ],
            [
              -76.6526432,
              7.8548231
            ],
            [
              -76.6529636,
              7.8537121
            ],
            [
              -76.6532612,
              7.8530546
            ],
            [
              -76.6540394,
              7.8496308
            ],
            [
              -76.653925,
              7.8480437
            ],
            [
              -76.6531239,
              7.8471141
            ],
            [
              -76.6530323,
              7.8465472
            ],
            [
              -76.6525517,
              7.845867
            ],
            [
              -76.6513157,
              7.845867
            ],
            [
              -76.6509724,
              7.846842
            ],
            [
              -76.6506291,
              7.8476129
            ],
            [
              -76.6503544,
              7.8472274
            ],
            [
              -76.6499424,
              7.84691
            ],
            [
              -76.649416,
              7.8468873
            ],
            [
              -76.6483631,
              7.84691
            ],
            [
              -76.6481114,
              7.8464338
            ],
            [
              -76.6476765,
              7.8455722
            ],
            [
              -76.6472645,
              7.8455949
            ],
            [
              -76.6470356,
              7.8450281
            ],
            [
              -76.6463261,
              7.8450281
            ],
            [
              -76.6456394,
              7.8449374
            ]
          ]
        ]
      },
      "properties": {
        "osm_id": 17011471,
        "nombre": "Resguardo Indígena la Palma",
        "nombre_en": "La Palma Indigenous Reservation",
        "grupo_etnico": "emberá, Chamí y Zenú",
        "grupo_estandar": "Zenú",
        "fecha_creacion": "1998/05/10",
        "descripcion": "Creado por resolucion no. 0003 del 10-05-1998. ID resguardo 1504, con 104.6533 ha.",
        "fuente": "OpenStreetMap / IGAC resguardos indígenas legalizados",
        "boundary": "aboriginal_lands",
        "tipo": "Resguardo Indígena"
      }
    },
    {
      "type": "Feature",
      "geometry": {
        "type": "MultiPolygon",
        "coordinates": [
          [
            [
              [
                -76.5661069,
                7.8685644
              ],
              [
                -76.5663164,
                7.8682505
              ],
              [
                -76.5677623,
                7.8680277
              ],
              [
                -76.568468,
                7.8674003
              ],
              [
                -76.5686607,
                7.8665949
              ],
              [
                -76.5693438,
                7.8660236
              ],
              [
                -76.5605138,
                7.8614323
              ],
              [
                -76.5607885,
                7.8624979
              ],
              [
                -76.5610403,
                7.8630421
              ],
              [
                -76.561086,
                7.8636769
              ],
              [
                -76.5615209,
                7.8648106
              ],
              [
                -76.5616354,
                7.8653321
              ],
              [
                -76.5614294,
                7.866511
              ],
              [
                -76.5632833,
                7.8668738
              ],
              [
                -76.5650915,
                7.8677354
              ],
              [
                -76.5661069,
                7.8685644
              ]
            ]
          ],
          [
            [
              [
                -76.5581907,
                7.8581518
              ],
              [
                -76.5582594,
                7.8589227
              ],
              [
                -76.5587171,
                7.8595122
              ],
              [
                -76.5592435,
                7.8603511
              ],
              [
                -76.5596555,
                7.8599883
              ],
              [
                -76.5601133,
                7.8596709
              ],
              [
                -76.5603651,
                7.8594215
              ],
              [
                -76.5606168,
                7.8575396
              ],
              [
                -76.5599989,
                7.8576303
              ],
              [
                -76.5595411,
                7.8575849
              ],
              [
                -76.5581907,
                7.8581518
              ]
            ]
          ],
          [
            [
              [
                -76.567077,
                7.8542723
              ],
              [
                -76.5674222,
                7.8543745
              ],
              [
                -76.5682054,
                7.8556021
              ],
              [
                -76.5691388,
                7.8585142
              ],
              [
                -76.5691084,
                7.8588511
              ],
              [
                -76.5692611,
                7.8594147
              ],
              [
                -76.569658,
                7.8594991
              ],
              [
                -76.5700561,
                7.8592794
              ],
              [
                -76.5701108,
                7.8596946
              ],
              [
                -76.5698897,
                7.859944
              ],
              [
                -76.5727896,
                7.8584947
              ],
              [
                -76.5728124,
                7.8566662
              ],
              [
                -76.572425,
                7.8562373
              ],
              [
                -76.5724022,
                7.8558987
              ],
              [
                -76.5720376,
                7.8558084
              ],
              [
                -76.5716958,
                7.855357
              ],
              [
                -76.5707159,
                7.8537316
              ],
              [
                -76.5704425,
                7.8525578
              ],
              [
                -76.5701007,
                7.8517677
              ],
              [
                -76.5694626,
                7.8512034
              ],
              [
                -76.5690752,
                7.8508422
              ],
              [
                -76.567077,
                7.8542723
              ]
            ]
          ],
          [
            [
              [
                -76.5583885,
                7.8404807
              ],
              [
                -76.5583885,
                7.8406321
              ],
              [
                -76.5570581,
                7.8405523
              ],
              [
                -76.5566236,
                7.8411847
              ],
              [
                -76.5568703,
                7.8416736
              ],
              [
                -76.5580344,
                7.8415514
              ],
              [
                -76.5582061,
                7.8420935
              ],
              [
                -76.5578467,
                7.8432626
              ],
              [
                -76.5581417,
                7.8433636
              ],
              [
                -76.5593192,
                7.8428082
              ],
              [
                -76.5595713,
                7.8431111
              ],
              [
                -76.5589786,
                7.8441209
              ],
              [
                -76.5585709,
                7.8454786
              ],
              [
                -76.5587425,
                7.8458081
              ],
              [
                -76.5592924,
                7.8455052
              ],
              [
                -76.5603653,
                7.846568
              ],
              [
                -76.5644232,
                7.845537
              ],
              [
                -76.5649725,
                7.8444033
              ],
              [
                -76.5652014,
                7.8439045
              ],
              [
                -76.5644232,
                7.8423173
              ],
              [
                -76.5638967,
                7.8409115
              ],
              [
                -76.5638052,
                7.8401859
              ],
              [
                -76.5665518,
                7.8393696
              ],
              [
                -76.5681311,
                7.8398004
              ],
              [
                -76.5686346,
                7.8400045
              ],
              [
                -76.5685202,
                7.837533
              ],
              [
                -76.5711981,
                7.8353789
              ],
              [
                -76.5727545,
                7.8327714
              ],
              [
                -76.5725714,
                7.8305039
              ],
              [
                -76.5724569,
                7.8298463
              ],
              [
                -76.569367,
                7.8301864
              ],
              [
                -76.5695959,
                7.8336783
              ],
              [
                -76.5678564,
                7.8341545
              ],
              [
                -76.5666662,
                7.8345853
              ],
              [
                -76.5645376,
                7.8354016
              ],
              [
                -76.5621801,
                7.8361272
              ],
              [
                -76.5617224,
                7.8355377
              ],
              [
                -76.5611959,
                7.8340638
              ],
              [
                -76.5595251,
                7.8341318
              ],
              [
                -76.5594107,
                7.834472
              ],
              [
                -76.558312,
                7.8345173
              ],
              [
                -76.5568472,
                7.8359231
              ],
              [
                -76.5571905,
                7.8369435
              ],
              [
                -76.5577627,
                7.8376691
              ],
              [
                -76.5587011,
                7.8376917
              ],
              [
                -76.5601888,
                7.8369208
              ],
              [
                -76.5607611,
                7.8365807
              ],
              [
                -76.5616537,
                7.8389161
              ],
              [
                -76.5609213,
                7.8393243
              ],
              [
                -76.5601888,
                7.8398004
              ],
              [
                -76.5597998,
                7.8401859
              ],
              [
                -76.5583885,
                7.8404807
              ]
            ]
          ],
          [
            [
              [
                -76.572915,
                7.8452034
              ],
              [
                -76.5729608,
                7.8445005
              ],
              [
                -76.5728235,
                7.8434121
              ],
              [
                -76.571885,
                7.8413941
              ],
              [
                -76.5714731,
                7.8404191
              ],
              [
                -76.5722741,
                7.8403284
              ],
              [
                -76.5729379,
                7.8396936
              ],
              [
                -76.5736017,
                7.8399203
              ],
              [
                -76.5743341,
                7.8398523
              ],
              [
                -76.5748376,
                7.8393081
              ],
              [
                -76.57557,
                7.8414621
              ],
              [
                -76.576394,
                7.8425278
              ],
              [
                -76.5771035,
                7.8433894
              ],
              [
                -76.5779733,
                7.8447499
              ],
              [
                -76.5783395,
                7.845022
              ],
              [
                -76.5797586,
                7.846269
              ],
              [
                -76.5783166,
                7.8463597
              ],
              [
                -76.5771951,
                7.8465865
              ],
              [
                -76.5766916,
                7.8465638
              ],
              [
                -76.5763482,
                7.8465865
              ],
              [
                -76.5755243,
                7.8468812
              ],
              [
                -76.5737619,
                7.8470173
              ],
              [
                -76.5730981,
                7.847108
              ],
              [
                -76.5730066,
                7.8462917
              ],
              [
                -76.572915,
                7.8452034
              ]
            ]
          ],
          [
            [
              [
                -76.5520282,
                7.8464383
              ],
              [
                -76.5511355,
                7.8454859
              ],
              [
                -76.5495334,
                7.8455313
              ],
              [
                -76.548595,
                7.8453726
              ],
              [
                -76.548389,
                7.8467557
              ],
              [
                -76.546123,
                7.8483429
              ],
              [
                -76.5472446,
                7.8494539
              ],
              [
                -76.5475192,
                7.8506329
              ],
              [
                -76.5482059,
                7.8516532
              ],
              [
                -76.5489154,
                7.8524468
              ],
              [
                -76.5491443,
                7.8531723
              ],
              [
                -76.5501971,
                7.8526282
              ],
              [
                -76.5508609,
                7.8523788
              ],
              [
                -76.551868,
                7.8521294
              ],
              [
                -76.5533099,
                7.8516986
              ],
              [
                -76.5542483,
                7.8512904
              ],
              [
                -76.5550723,
                7.8513358
              ],
              [
                -76.5535846,
                7.8502928
              ],
              [
                -76.5530582,
                7.848683
              ],
              [
                -76.5527377,
                7.847776
              ],
              [
                -76.5520282,
                7.8464383
              ]
            ]
          ]
        ]
      },
      "properties": {
        "osm_id": 17011480,
        "nombre": "Resguardo Indígena las Playas",
        "nombre_en": "Las Playas Indigenous Reservation",
        "grupo_etnico": "embera katío",
        "grupo_estandar": "Embera",
        "fecha_creacion": "1999/05/30",
        "descripcion": "Creado por resolucion no. 0029 del 30-05-1999. ID resguardo 1555, con 176.8036 ha.",
        "fuente": "OpenStreetMap / IGAC resguardos indígenas legalizados",
        "boundary": "aboriginal_lands",
        "tipo": "Resguardo Indígena"
      }
    },
    {
      "type": "Feature",
      "geometry": {
        "type": "Polygon",
        "coordinates": [
          [
            [
              -75.880046,
              7.4173305
            ],
            [
              -75.8774399,
              7.4209854
            ],
            [
              -75.8742484,
              7.423634
            ],
            [
              -75.8697342,
              7.4266917
            ],
            [
              -75.8626711,
              7.4343826
            ],
            [
              -75.8615086,
              7.4355367
            ],
            [
              -75.8617979,
              7.44013
            ],
            [
              -75.8731731,
              7.449853
            ],
            [
              -75.8762319,
              7.4563615
            ],
            [
              -75.8757709,
              7.4596374
            ],
            [
              -75.8745596,
              7.4643131
            ],
            [
              -75.8716496,
              7.4670078
            ],
            [
              -75.8669178,
              7.4656343
            ],
            [
              -75.8634259,
              7.4607197
            ],
            [
              -75.859325,
              7.4579971
            ],
            [
              -75.8569146,
              7.4580513
            ],
            [
              -75.8510904,
              7.4610888
            ],
            [
              -75.8434938,
              7.4603434
            ],
            [
              -75.8414113,
              7.4546481
            ],
            [
              -75.8383873,
              7.4488958
            ],
            [
              -75.8352795,
              7.4430956
            ],
            [
              -75.8297104,
              7.4365005
            ],
            [
              -75.8294462,
              7.4303124
            ],
            [
              -75.8316562,
              7.4207434
            ],
            [
              -75.8409915,
              7.4061351
            ],
            [
              -75.8574167,
              7.4000618
            ],
            [
              -75.8678964,
              7.4037295
            ],
            [
              -75.8762766,
              7.4056613
            ],
            [
              -75.8798419,
              7.407994
            ],
            [
              -75.880046,
              7.4173305
            ]
          ]
        ]
      },
      "properties": {
        "osm_id": 17011512,
        "nombre": "Resguardo Indígena Quebrada Cañaveral",
        "nombre_en": "Quebrada Cañaveral Indigenous Reservation",
        "grupo_etnico": "embera katío",
        "grupo_estandar": "Embera",
        "fecha_creacion": "1985/02/19",
        "descripcion": "Creado por resolucion no. 0010 del 19-02-1985. ID resguardo 1270, con 2815.75 ha.",
        "fuente": "OpenStreetMap / IGAC resguardos indígenas legalizados",
        "boundary": "aboriginal_lands",
        "tipo": "Resguardo Indígena"
      }
    },
    {
      "type": "Feature",
      "geometry": {
        "type": "Polygon",
        "coordinates": [
          [
            [
              -76.3341462,
              7.7199739
            ],
            [
              -76.3375375,
              7.7089616
            ],
            [
              -76.3431722,
              7.6956223
            ],
            [
              -76.3404592,
              7.683782
            ],
            [
              -76.3399896,
              7.6775774
            ],
            [
              -76.3381636,
              7.6741131
            ],
            [
              -76.3383201,
              7.6703385
            ],
            [
              -76.3403027,
              7.6677015
            ],
            [
              -76.3418679,
              7.6657883
            ],
            [
              -76.3378505,
              7.6282473
            ],
            [
              -76.3328941,
              7.6209042
            ],
            [
              -76.3309115,
              7.6083896
            ],
            [
              -76.3212594,
              7.5876001
            ],
            [
              -76.3214159,
              7.5781358
            ],
            [
              -76.3231376,
              7.5719297
            ],
            [
              -76.3218855,
              7.5626202
            ],
            [
              -76.3172421,
              7.554345
            ],
            [
              -76.3084769,
              7.5472593
            ],
            [
              -76.30759,
              7.544518
            ],
            [
              -76.3086856,
              7.5411044
            ],
            [
              -76.3076422,
              7.5376907
            ],
            [
              -76.3067552,
              7.5345873
            ],
            [
              -76.3081639,
              7.5312771
            ],
            [
              -76.310303,
              7.5296219
            ],
            [
              -76.3141117,
              7.5284323
            ],
            [
              -76.3167203,
              7.5249151
            ],
            [
              -76.3180768,
              7.5154494
            ],
            [
              -76.3153116,
              7.5107942
            ],
            [
              -76.3143725,
              7.5074837
            ],
            [
              -76.3085813,
              7.5053629
            ],
            [
              -76.3045639,
              7.5006558
            ],
            [
              -76.3033639,
              7.4971384
            ],
            [
              -76.3008074,
              7.4953796
            ],
            [
              -76.3007031,
              7.4901034
            ],
            [
              -76.2991901,
              7.4847753
            ],
            [
              -76.2966858,
              7.481206
            ],
            [
              -76.2940771,
              7.4792921
            ],
            [
              -76.2848424,
              7.474326
            ],
            [
              -76.2845294,
              7.4643937
            ],
            [
              -76.280199,
              7.4578755
            ],
            [
              -76.2775903,
              7.4530644
            ],
            [
              -76.272999,
              7.4472186
            ],
            [
              -76.2705469,
              7.4405967
            ],
            [
              -76.2679904,
              7.4368201
            ],
            [
              -76.2758686,
              7.4315431
            ],
            [
              -76.2793642,
              7.4250245
            ],
            [
              -76.277799,
              7.4197474
            ],
            [
              -76.2723208,
              7.4137976
            ],
            [
              -76.2629818,
              7.4111073
            ],
            [
              -76.2515558,
              7.3769592
            ],
            [
              -76.251921,
              7.3666625
            ],
            [
              -76.2578688,
              7.3582284
            ],
            [
              -76.2645991,
              7.3513982
            ],
            [
              -76.260634,
              7.3405317
            ],
            [
              -76.2618861,
              7.3354088
            ],
            [
              -76.2662687,
              7.3304929
            ],
            [
              -76.2683034,
              7.3299237
            ],
            [
              -76.2751903,
              7.3236105
            ],
            [
              -76.2747208,
              7.3200399
            ],
            [
              -76.2724773,
              7.3193672
            ],
            [
              -76.2660078,
              7.3187462
            ],
            [
              -76.2580775,
              7.3193672
            ],
            [
              -76.2514514,
              7.3248007
            ],
            [
              -76.2488428,
              7.3249042
            ],
            [
              -76.2467037,
              7.3271293
            ],
            [
              -76.2422689,
              7.3257839
            ],
            [
              -76.2391907,
              7.3252664
            ],
            [
              -76.2303734,
              7.3297167
            ],
            [
              -76.223643,
              7.3310104
            ],
            [
              -76.2205126,
              7.336392
            ],
            [
              -76.2175909,
              7.3441539
            ],
            [
              -76.2139388,
              7.3465859
            ],
            [
              -76.1999563,
              7.343119
            ],
            [
              -76.1955738,
              7.343326
            ],
            [
              -76.1899391,
              7.3444126
            ],
            [
              -76.1858695,
              7.342912
            ],
            [
              -76.1838869,
              7.3367025
            ],
            [
              -76.1800783,
              7.333546
            ],
            [
              -76.1762696,
              7.3345291
            ],
            [
              -76.1746001,
              7.3343739
            ],
            [
              -76.1711645,
              7.3354077
            ],
            [
              -76.1699567,
              7.3357711
            ],
            [
              -76.1653132,
              7.339859
            ],
            [
              -76.1601481,
              7.340066
            ],
            [
              -76.1574518,
              7.3391746
            ],
            [
              -76.1551394,
              7.3384101
            ],
            [
              -76.1536236,
              7.338771
            ],
            [
              -76.1525308,
              7.3390311
            ],
            [
              -76.1526873,
              7.3426015
            ],
            [
              -76.1548264,
              7.3458097
            ],
            [
              -76.1497656,
              7.3475173
            ],
            [
              -76.1444961,
              7.3535714
            ],
            [
              -76.1434526,
              7.3645928
            ],
            [
              -76.1378179,
              7.3789771
            ],
            [
              -76.1346875,
              7.3886526
            ],
            [
              -76.1266528,
              7.3984832
            ],
            [
              -76.1196094,
              7.4043296
            ],
            [
              -76.1156964,
              7.4073822
            ],
            [
              -76.1127747,
              7.4044331
            ],
            [
              -76.1083921,
              7.4053644
            ],
            [
              -76.1033313,
              7.4042779
            ],
            [
              -76.0980096,
              7.4087274
            ],
            [
              -76.0913314,
              7.4068648
            ],
            [
              -76.090914,
              7.4128146
            ],
            [
              -76.0936792,
              7.4191783
            ],
            [
              -76.0949835,
              7.4283873
            ],
            [
              -76.0989487,
              7.4374926
            ],
            [
              -76.0980096,
              7.4399759
            ],
            [
              -76.0964966,
              7.4423556
            ],
            [
              -76.0990531,
              7.4470634
            ],
            [
              -76.1017661,
              7.4492879
            ],
            [
              -76.1052617,
              7.4581859
            ],
            [
              -76.1064095,
              7.4625831
            ],
            [
              -76.1081834,
              7.4633074
            ],
            [
              -76.1099573,
              7.4668768
            ],
            [
              -76.111366,
              7.4707566
            ],
            [
              -76.1130355,
              7.4722568
            ],
            [
              -76.1198181,
              7.4740673
            ],
            [
              -76.1260789,
              7.4830683
            ],
            [
              -76.126131,
              7.4902586
            ],
            [
              -76.1278006,
              7.4936209
            ],
            [
              -76.1466352,
              7.5082596
            ],
            [
              -76.1486178,
              7.5168978
            ],
            [
              -76.1499743,
              7.518915
            ],
            [
              -76.1496612,
              7.5250702
            ],
            [
              -76.1510699,
              7.5273461
            ],
            [
              -76.1546177,
              7.5282254
            ],
            [
              -76.1628611,
              7.5285357
            ],
            [
              -76.1657828,
              7.5282254
            ],
            [
              -76.1698523,
              7.5311736
            ],
            [
              -76.1717306,
              7.5343804
            ],
            [
              -76.175487,
              7.5411044
            ],
            [
              -76.1794522,
              7.5438974
            ],
            [
              -76.1844087,
              7.5434319
            ],
            [
              -76.1873826,
              7.5416733
            ],
            [
              -76.1919216,
              7.5374321
            ],
            [
              -76.1951564,
              7.5365011
            ],
            [
              -76.1996955,
              7.5388803
            ],
            [
              -76.203765,
              7.5481902
            ],
            [
              -76.2039215,
              7.5563621
            ],
            [
              -76.1976085,
              7.566344
            ],
            [
              -76.1980781,
              7.5698609
            ],
            [
              -76.1989129,
              7.5835661
            ],
            [
              -76.2025128,
              7.5844453
            ],
            [
              -76.2030917,
              7.5934183
            ],
            [
              -76.205283,
              7.6021064
            ],
            [
              -76.207996,
              7.607071
            ],
            [
              -76.2106047,
              7.6093465
            ],
            [
              -76.2147785,
              7.6091396
            ],
            [
              -76.218222,
              7.6115184
            ],
            [
              -76.2196828,
              7.6161726
            ],
            [
              -76.2189524,
              7.6192754
            ],
            [
              -76.2154046,
              7.6228953
            ],
            [
              -76.2137351,
              7.6284802
            ],
            [
              -76.2071612,
              7.6354095
            ],
            [
              -76.2012135,
              7.6339616
            ],
            [
              -76.1956831,
              7.6370642
            ],
            [
              -76.1955787,
              7.6391326
            ],
            [
              -76.2142568,
              7.6730533
            ],
            [
              -76.2160307,
              7.6877376
            ],
            [
              -76.2135264,
              7.6935284
            ],
            [
              -76.2006917,
              7.6936318
            ],
            [
              -76.1837876,
              7.6918739
            ],
            [
              -76.1780485,
              7.6974579
            ],
            [
              -76.1655269,
              7.7042827
            ],
            [
              -76.1603095,
              7.7037656
            ],
            [
              -76.153214,
              7.7052133
            ],
            [
              -76.148414,
              7.7035588
            ],
            [
              -76.143301,
              7.7030418
            ],
            [
              -76.1389185,
              7.7046963
            ],
            [
              -76.1341185,
              7.7102801
            ],
            [
              -76.1261882,
              7.7051099
            ],
            [
              -76.116797,
              7.702318
            ],
            [
              -76.1114753,
              7.7036622
            ],
            [
              -76.1101188,
              7.7138992
            ],
            [
              -76.1019797,
              7.714623
            ],
            [
              -76.0824669,
              7.7313739
            ],
            [
              -76.0668149,
              7.7493648
            ],
            [
              -76.0601045,
              7.767232
            ],
            [
              -76.09559,
              7.7822006
            ],
            [
              -76.0965291,
              7.7937796
            ],
            [
              -76.092564,
              7.8016367
            ],
            [
              -76.0860945,
              7.8043245
            ],
            [
              -76.0780598,
              7.8203482
            ],
            [
              -76.0716946,
              7.8396791
            ],
            [
              -76.0771206,
              7.8562182
            ],
            [
              -76.0734685,
              7.870586
            ],
            [
              -76.075138,
              7.8772012
            ],
            [
              -76.0803554,
              7.881129
            ],
            [
              -76.0857814,
              7.8861936
            ],
            [
              -76.0970509,
              7.8816458
            ],
            [
              -76.0985117,
              7.8768911
            ],
            [
              -76.1083203,
              7.8674851
            ],
            [
              -76.1111377,
              7.8632471
            ],
            [
              -76.1171898,
              7.8674851
            ],
            [
              -76.1219897,
              7.8652111
            ],
            [
              -76.1334679,
              7.867175
            ],
            [
              -76.1507894,
              7.8654178
            ],
            [
              -76.1624763,
              7.8663481
            ],
            [
              -76.1663893,
              7.867175
            ],
            [
              -76.1703,
              7.8703025
            ],
            [
              -76.16989,
              7.8682225
            ],
            [
              -76.1721283,
              7.8663481
            ],
            [
              -76.1706153,
              7.8641257
            ],
            [
              -76.16848,
              7.8654524
            ],
            [
              -76.1677979,
              7.8637123
            ],
            [
              -76.169311,
              7.8616966
            ],
            [
              -76.1709805,
              7.8627303
            ],
            [
              -76.1763544,
              7.8623685
            ],
            [
              -76.1782848,
              7.8612315
            ],
            [
              -76.1804239,
              7.8617483
            ],
            [
              -76.1801891,
              7.8599394
            ],
            [
              -76.1816761,
              7.8592934
            ],
            [
              -76.1824326,
              7.8599911
            ],
            [
              -76.1834239,
              7.8594484
            ],
            [
              -76.1839195,
              7.8585439
            ],
            [
              -76.1845978,
              7.8584147
            ],
            [
              -76.1866586,
              7.8587507
            ],
            [
              -76.1874934,
              7.8580271
            ],
            [
              -76.1886412,
              7.8563732
            ],
            [
              -76.1889803,
              7.8563474
            ],
            [
              -76.1899716,
              7.8574328
            ],
            [
              -76.1924759,
              7.8566833
            ],
            [
              -76.1938324,
              7.8544351
            ],
            [
              -76.1956063,
              7.8535823
            ],
            [
              -76.1959976,
              7.8543317
            ],
            [
              -76.1951368,
              7.8561665
            ],
            [
              -76.1956063,
              7.8568901
            ],
            [
              -76.1995976,
              7.8572519
            ],
            [
              -76.2004585,
              7.8591383
            ],
            [
              -76.2011628,
              7.8611798
            ],
            [
              -76.2082323,
              7.8576912
            ],
            [
              -76.2185887,
              7.8562182
            ],
            [
              -76.2223452,
              7.8544093
            ],
            [
              -76.2247712,
              7.8518251
            ],
            [
              -76.2253452,
              7.8502487
            ],
            [
              -76.2267278,
              7.8500678
            ],
            [
              -76.228006,
              7.8510498
            ],
            [
              -76.2317103,
              7.8526262
            ],
            [
              -76.2322581,
              7.8521093
            ],
            [
              -76.2334842,
              7.8490341
            ],
            [
              -76.2322581,
              7.8467083
            ],
            [
              -76.2302755,
              7.8455712
            ],
            [
              -76.2299364,
              7.8435555
            ],
            [
              -76.2312147,
              7.8419791
            ],
            [
              -76.2306929,
              7.8397825
            ],
            [
              -76.2294929,
              7.8386971
            ],
            [
              -76.2297538,
              7.836397
            ],
            [
              -76.2290756,
              7.8345105
            ],
            [
              -76.2302234,
              7.8336835
            ],
            [
              -76.2329886,
              7.8352599
            ],
            [
              -76.2357537,
              7.8353891
            ],
            [
              -76.239145,
              7.834097
            ],
            [
              -76.2423798,
              7.8360352
            ],
            [
              -76.2422232,
              7.8382836
            ],
            [
              -76.2437102,
              7.8391622
            ],
            [
              -76.244545,
              7.8391364
            ],
            [
              -76.2470493,
              7.8367071
            ],
            [
              -76.248458,
              7.8362937
            ],
            [
              -76.2524492,
              7.8356476
            ],
            [
              -76.254197,
              7.836397
            ],
            [
              -76.2546144,
              7.8391105
            ],
            [
              -76.2542985,
              7.839648
            ],
            [
              -76.2532052,
              7.8411824
            ],
            [
              -76.2529318,
              7.8430778
            ],
            [
              -76.2527496,
              7.8451538
            ],
            [
              -76.2534785,
              7.8472297
            ],
            [
              -76.2551555,
              7.8490069
            ],
            [
              -76.2553265,
              7.849134
            ],
            [
              -76.2566132,
              7.85009
            ],
            [
              -76.2586177,
              7.8509023
            ],
            [
              -76.2604399,
              7.8530685
            ],
            [
              -76.261351,
              7.8546028
            ],
            [
              -76.2628998,
              7.8549638
            ],
            [
              -76.2649953,
              7.8540613
            ],
            [
              -76.2670909,
              7.853249
            ],
            [
              -76.2693686,
              7.8533392
            ],
            [
              -76.270553,
              7.8527977
            ],
            [
              -76.271373,
              7.8517146
            ],
            [
              -76.2721019,
              7.8502705
            ],
            [
              -76.2723752,
              7.8479239
            ],
            [
              -76.2732863,
              7.8463895
            ],
            [
              -76.2755641,
              7.8454869
            ],
            [
              -76.2770669,
              7.8456718
            ],
            [
              -76.2785246,
              7.8465743
            ],
            [
              -76.2789962,
              7.8467823
            ],
            [
              -76.2795,
              7.8465
            ],
            [
              -76.28125,
              7.847
            ],
            [
              -76.283,
              7.8465
            ],
            [
              -76.284,
              7.8465
            ],
            [
              -76.28475,
              7.84575
            ],
            [
              -76.28475,
              7.84525
            ],
            [
              -76.28475,
              7.84475
            ],
            [
              -76.28375,
              7.84425
            ],
            [
              -76.2835,
              7.844
            ],
            [
              -76.285619,
              7.8433484
            ],
            [
              -76.286094,
              7.8417927
            ],
            [
              -76.2868095,
              7.840723
            ],
            [
              -76.2880736,
              7.839696
            ],
            [
              -76.2891375,
              7.8397238
            ],
            [
              -76.28975,
              7.83975
            ],
            [
              -76.29,
              7.84
            ],
            [
              -76.29075,
              7.841
            ],
            [
              -76.29075,
              7.842
            ],
            [
              -76.2907251,
              7.8422918
            ],
            [
              -76.29075,
              7.843
            ],
            [
              -76.29075,
              7.844
            ],
            [
              -76.291632,
              7.8451589
            ],
            [
              -76.2930908,
              7.8459616
            ],
            [
              -76.293,
              7.8455
            ],
            [
              -76.293172,
              7.8444869
            ],
            [
              -76.29325,
              7.84375
            ],
            [
              -76.2937673,
              7.8439041
            ],
            [
              -76.294908,
              7.8441123
            ],
            [
              -76.295,
              7.84375
            ],
            [
              -76.2955,
              7.842
            ],
            [
              -76.2955,
              7.841
            ],
            [
              -76.29825,
              7.841
            ],
            [
              -76.30025,
              7.84175
            ],
            [
              -76.298,
              7.8395
            ],
            [
              -76.2975,
              7.83825
            ],
            [
              -76.29725,
              7.838
            ],
            [
              -76.29575,
              7.837
            ],
            [
              -76.295,
              7.83725
            ],
            [
              -76.2945,
              7.8365
            ],
            [
              -76.294,
              7.8365
            ],
            [
              -76.29225,
              7.83575
            ],
            [
              -76.2915,
              7.835
            ],
            [
              -76.29075,
              7.83325
            ],
            [
              -76.2905,
              7.8325
            ],
            [
              -76.2885,
              7.8325
            ],
            [
              -76.28825,
              7.83225
            ],
            [
              -76.29,
              7.8315
            ],
            [
              -76.29,
              7.83
            ],
            [
              -76.2905,
              7.82975
            ],
            [
              -76.28975,
              7.82925
            ],
            [
              -76.29025,
              7.8275
            ],
            [
              -76.29,
              7.827
            ],
            [
              -76.28925,
              7.82675
            ],
            [
              -76.28875,
              7.8265
            ],
            [
              -76.28925,
              7.826
            ],
            [
              -76.289,
              7.82575
            ],
            [
              -76.28875,
              7.8255
            ],
            [
              -76.28975,
              7.824
            ],
            [
              -76.28975,
              7.8235
            ],
            [
              -76.28875,
              7.8215
            ],
            [
              -76.28825,
              7.8195
            ],
            [
              -76.289,
              7.81875
            ],
            [
              -76.2911638,
              7.8174704
            ],
            [
              -76.2930455,
              7.8172956
            ],
            [
              -76.2946183,
              7.8181674
            ],
            [
              -76.2962491,
              7.8167201
            ],
            [
              -76.297,
              7.81875
            ],
            [
              -76.2975,
              7.81975
            ],
            [
              -76.298,
              7.82
            ],
            [
              -76.299,
              7.81875
            ],
            [
              -76.3005,
              7.81875
            ],
            [
              -76.303,
              7.81875
            ],
            [
              -76.30425,
              7.81975
            ],
            [
              -76.3055,
              7.82
            ],
            [
              -76.306,
              7.82025
            ],
            [
              -76.30625,
              7.8215
            ],
            [
              -76.3065,
              7.82175
            ],
            [
              -76.309,
              7.8215
            ],
            [
              -76.31025,
              7.82225
            ],
            [
              -76.311332,
              7.8233728
            ],
            [
              -76.3126458,
              7.8243639
            ],
            [
              -76.3141042,
              7.8267873
            ],
            [
              -76.3130295,
              7.8339599
            ],
            [
              -76.3164236,
              7.836372
            ],
            [
              -76.3193012,
              7.8364451
            ],
            [
              -76.3247612,
              7.8356411
            ],
            [
              -76.3277864,
              7.8366644
            ],
            [
              -76.3305164,
              7.8380532
            ],
            [
              -76.3339843,
              7.8390765
            ],
            [
              -76.3408462,
              7.8383456
            ],
            [
              -76.3473392,
              7.841781
            ],
            [
              -76.3499217,
              7.8436815
            ],
            [
              -76.3654902,
              7.8441931
            ],
            [
              -76.3781811,
              7.840977
            ],
            [
              -76.4014969,
              7.8400268
            ],
            [
              -76.4070307,
              7.8387842
            ],
            [
              -76.419943,
              7.8338137
            ],
            [
              -76.3805969,
              7.790896
            ],
            [
              -76.3820654,
              7.7889903
            ],
            [
              -76.3829453,
              7.7884329
            ],
            [
              -76.3834662,
              7.7883037
            ],
            [
              -76.3845582,
              7.7880114
            ],
            [
              -76.3860621,
              7.7837952
            ],
            [
              -76.3864859,
              7.7831597
            ],
            [
              -76.3872671,
              7.7825058
            ],
            [
              -76.3881763,
              7.7810075
            ],
            [
              -76.387325,
              7.779778
            ],
            [
              -76.3852628,
              7.7768888
            ],
            [
              -76.3827541,
              7.7746225
            ],
            [
              -76.3791387,
              7.7725755
            ],
            [
              -76.3771465,
              7.772539
            ],
            [
              -76.3745641,
              7.770821
            ],
            [
              -76.3737525,
              7.7685547
            ],
            [
              -76.373236,
              7.7659959
            ],
            [
              -76.3719816,
              7.7624136
            ],
            [
              -76.371502,
              7.7597452
            ],
            [
              -76.3713545,
              7.7583561
            ],
            [
              -76.3691778,
              7.7568208
            ],
            [
              -76.3679235,
              7.7555048
            ],
            [
              -76.3675915,
              7.7540427
            ],
            [
              -76.368108,
              7.7525073
            ],
            [
              -76.3680711,
              7.7504968
            ],
            [
              -76.3578151,
              7.737812
            ],
            [
              -76.3402544,
              7.7269547
            ],
            [
              -76.3341462,
              7.7199739
            ]
          ]
        ]
      },
      "properties": {
        "osm_id": 17013712,
        "nombre": "Resguardo Indígena Alto Sinú, Esmeralda y Cruz Grande de Iwagadó",
        "nombre_en": "Alto Sinu, Esmeralda, and Cruz Grande de Iwagado Indigenous Reservation",
        "grupo_etnico": "embera katío",
        "grupo_estandar": "Embera",
        "fecha_creacion": "1996/11/24",
        "descripcion": "Creado por resolucion no. 0064 del 24-11-1996. ID resguardo 1272, con 10007.5 ha.",
        "fuente": "OpenStreetMap / IGAC resguardos indígenas legalizados",
        "boundary": "aboriginal_lands",
        "tipo": "Resguardo Indígena"
      }
    },
    {
      "type": "Feature",
      "geometry": {
        "type": "MultiPolygon",
        "coordinates": [
          [
            [
              [
                -76.5605048,
                7.658629
              ],
              [
                -76.5597019,
                7.6629585
              ],
              [
                -76.560297,
                7.6659754
              ],
              [
                -76.5621281,
                7.6706936
              ],
              [
                -76.5635929,
                7.6732568
              ],
              [
                -76.5645542,
                7.6757973
              ],
              [
                -76.5635243,
                7.6802432
              ],
              [
                -76.5609379,
                7.6828971
              ],
              [
                -76.5610524,
                7.6850519
              ],
              [
                -76.5619107,
                7.6891277
              ],
              [
                -76.5633755,
                7.6916001
              ],
              [
                -76.5657101,
                7.6932105
              ],
              [
                -76.5704479,
                7.6968396
              ],
              [
                -76.5713864,
                7.7020338
              ],
              [
                -76.5788021,
                7.7036668
              ],
              [
                -76.5778637,
                7.7055494
              ],
              [
                -76.5775433,
                7.7080897
              ],
              [
                -76.5735939,
                7.7064053
              ],
              [
                -76.572152,
                7.7060424
              ],
              [
                -76.5706642,
                7.70636
              ],
              [
                -76.5692681,
                7.7057476
              ],
              [
                -76.568261,
                7.7052259
              ],
              [
                -76.5670479,
                7.704931
              ],
              [
                -76.5657433,
                7.7062692
              ],
              [
                -76.5654686,
                7.704863
              ],
              [
                -76.5657433,
                7.7035928
              ],
              [
                -76.5654686,
                7.7027763
              ],
              [
                -76.5654,
                7.7020505
              ],
              [
                -76.5649193,
                7.7018917
              ],
              [
                -76.5644844,
                7.7017556
              ],
              [
                -76.5633171,
                7.7044547
              ],
              [
                -76.5625161,
                7.7049537
              ],
              [
                -76.5612114,
                7.7057249
              ],
              [
                -76.5606621,
                7.7065868
              ],
              [
                -76.559861,
                7.7075167
              ],
              [
                -76.5590828,
                7.7080611
              ],
              [
                -76.55803,
                7.7069497
              ],
              [
                -76.5574349,
                7.70636
              ],
              [
                -76.5561074,
                7.7057249
              ],
              [
                -76.5553978,
                7.7057022
              ],
              [
                -76.5548943,
                7.7050898
              ],
              [
                -76.5549401,
                7.704296
              ],
              [
                -76.5551003,
                7.7037743
              ],
              [
                -76.5551918,
                7.7031392
              ],
              [
                -76.5550545,
                7.7023
              ],
              [
                -76.5547798,
                7.7020958
              ],
              [
                -76.5540016,
                7.7019597
              ],
              [
                -76.5534752,
                7.7036382
              ],
              [
                -76.5532692,
                7.7046589
              ],
              [
                -76.5523308,
                7.7049537
              ],
              [
                -76.5519646,
                7.7052032
              ],
              [
                -76.5510948,
                7.7054527
              ],
              [
                -76.5492409,
                7.7054981
              ],
              [
                -76.5479592,
                7.7050444
              ],
              [
                -76.5452355,
                7.7050444
              ],
              [
                -76.5448006,
                7.7052032
              ],
              [
                -76.541848,
                7.7037062
              ],
              [
                -76.5408867,
                7.7037289
              ],
              [
                -76.5389412,
                7.7041825
              ],
              [
                -76.5358055,
                7.7059971
              ],
              [
                -76.5347985,
                7.7059744
              ],
              [
                -76.533265,
                7.7061332
              ],
              [
                -76.5315941,
                7.7075621
              ],
              [
                -76.529786,
                7.7078116
              ],
              [
                -76.52855,
                7.7088096
              ],
              [
                -76.5280236,
                7.7103746
              ],
              [
                -76.5266732,
                7.7105107
              ],
              [
                -76.5232857,
                7.7105107
              ],
              [
                -76.5215004,
                7.7103065
              ],
              [
                -76.5190056,
                7.7087642
              ],
              [
                -76.5177468,
                7.7081518
              ],
              [
                -76.5163048,
                7.7083333
              ],
              [
                -76.51484,
                7.7085374
              ],
              [
                -76.5138558,
                7.7085147
              ],
              [
                -76.5117729,
                7.7093312
              ],
              [
                -76.5088204,
                7.7101478
              ],
              [
                -76.5079048,
                7.7101704
              ],
              [
                -76.5073555,
                7.7052486
              ],
              [
                -76.5068749,
                7.7007349
              ],
              [
                -76.5074242,
                7.6965161
              ],
              [
                -76.507264,
                7.6946335
              ],
              [
                -76.5078591,
                7.6897341
              ],
              [
                -76.5079506,
                7.6880556
              ],
              [
                -76.5072869,
                7.6878061
              ],
              [
                -76.5071038,
                7.6870349
              ],
              [
                -76.5078362,
                7.686672
              ],
              [
                -76.5086602,
                7.6857193
              ],
              [
                -76.5084313,
                7.6844037
              ],
              [
                -76.5075157,
                7.6819767
              ],
              [
                -76.5074242,
                7.6803662
              ],
              [
                -76.5073098,
                7.679595
              ],
              [
                -76.5071501,
                7.6785675
              ],
              [
                -76.507173,
                7.6764807
              ],
              [
                -76.5090956,
                7.6707645
              ],
              [
                -76.5092558,
                7.6643904
              ],
              [
                -76.5089354,
                7.6622581
              ],
              [
                -76.5094389,
                7.659468
              ],
              [
                -76.5099424,
                7.6572223
              ],
              [
                -76.5079741,
                7.6536836
              ],
              [
                -76.5064634,
                7.6517781
              ],
              [
                -76.5044035,
                7.6510068
              ],
              [
                -76.5013594,
                7.6479898
              ],
              [
                -76.5004667,
                7.6471278
              ],
              [
                -76.5011076,
                7.645381
              ],
              [
                -76.502252,
                7.644882
              ],
              [
                -76.504635,
                7.6402286
              ],
              [
                -76.5060998,
                7.6413855
              ],
              [
                -76.5087549,
                7.6430869
              ],
              [
                -76.5116388,
                7.6439262
              ],
              [
                -76.5135385,
                7.6438582
              ],
              [
                -76.5152093,
                7.642792
              ],
              [
                -76.5184137,
                7.6426105
              ],
              [
                -76.5198099,
                7.6425878
              ],
              [
                -76.5214578,
                7.6432457
              ],
              [
                -76.5231058,
                7.6438809
              ],
              [
                -76.5259897,
                7.6450151
              ],
              [
                -76.5300409,
                7.6476011
              ],
              [
                -76.531048,
                7.6476465
              ],
              [
                -76.5326272,
                7.6488261
              ],
              [
                -76.5337256,
                7.6495326
              ],
              [
                -76.5377768,
                7.6534344
              ],
              [
                -76.5412558,
                7.6516877
              ],
              [
                -76.5450782,
                7.6539561
              ],
              [
                -76.5474127,
                7.6540241
              ],
              [
                -76.5521048,
                7.6540922
              ],
              [
                -76.5548743,
                7.6562926
              ],
              [
                -76.5577582,
                7.6584022
              ],
              [
                -76.5605048,
                7.658629
              ]
            ]
          ],
          [
            [
              [
                -76.5777806,
                7.7081962
              ],
              [
                -76.5804357,
                7.7083323
              ],
              [
                -76.5814199,
                7.7089674
              ],
              [
                -76.581467,
                7.7109096
              ],
              [
                -76.5807103,
                7.7121201
              ],
              [
                -76.5792913,
                7.7128459
              ],
              [
                -76.5786046,
                7.713481
              ],
              [
                -76.5778951,
                7.7150686
              ],
              [
                -76.5762929,
                7.717246
              ],
              [
                -76.5754461,
                7.7185615
              ],
              [
                -76.5750341,
                7.7197863
              ],
              [
                -76.5747365,
                7.7186976
              ],
              [
                -76.5738897,
                7.7179945
              ],
              [
                -76.5735235,
                7.7189244
              ],
              [
                -76.5730657,
                7.7196502
              ],
              [
                -76.5718755,
                7.7186749
              ],
              [
                -76.5715551,
                7.7184708
              ],
              [
                -76.5702733,
                7.7180852
              ],
              [
                -76.5690831,
                7.7170192
              ],
              [
                -76.567481,
                7.7167924
              ],
              [
                -76.5660848,
                7.715613
              ],
              [
                -76.5669774,
                7.7144336
              ],
              [
                -76.5675267,
                7.7139799
              ],
              [
                -76.5681218,
                7.7130047
              ],
              [
                -76.5689229,
                7.7125284
              ],
              [
                -76.5690145,
                7.7106005
              ],
              [
                -76.5707998,
                7.7108046
              ],
              [
                -76.5706624,
                7.7132542
              ],
              [
                -76.5704107,
                7.7137531
              ],
              [
                -76.5706624,
                7.7142294
              ],
              [
                -76.5725164,
                7.7132542
              ],
              [
                -76.5735006,
                7.7129139
              ],
              [
                -76.5753316,
                7.7123696
              ],
              [
                -76.5756063,
                7.7113036
              ],
              [
                -76.5764074,
                7.7098293
              ],
              [
                -76.5777806,
                7.7081962
              ]
            ]
          ],
          [
            [
              [
                -76.5756177,
                7.7210408
              ],
              [
                -76.5736951,
                7.7231274
              ],
              [
                -76.5728254,
                7.7237171
              ],
              [
                -76.5706052,
                7.7244429
              ],
              [
                -76.5685453,
                7.7261439
              ],
              [
                -76.5676984,
                7.7266656
              ],
              [
                -76.5666456,
                7.7290016
              ],
              [
                -76.5644025,
                7.7278223
              ],
              [
                -76.5599393,
                7.7256449
              ],
              [
                -76.5620908,
                7.7233996
              ],
              [
                -76.5623655,
                7.7220841
              ],
              [
                -76.5617017,
                7.7204738
              ],
              [
                -76.5609922,
                7.7193851
              ],
              [
                -76.5601453,
                7.7184098
              ],
              [
                -76.5601453,
                7.7174119
              ],
              [
                -76.5596875,
                7.7163685
              ],
              [
                -76.5608091,
                7.717049
              ],
              [
                -76.5621366,
                7.7177067
              ],
              [
                -76.5630979,
                7.7179335
              ],
              [
                -76.5637616,
                7.7179108
              ],
              [
                -76.5646772,
                7.7187047
              ],
              [
                -76.5654782,
                7.7184779
              ],
              [
                -76.5660505,
                7.7179562
              ],
              [
                -76.5663709,
                7.717684
              ],
              [
                -76.5673551,
                7.7175253
              ],
              [
                -76.5679273,
                7.7176387
              ],
              [
                -76.569415,
                7.718183
              ],
              [
                -76.5701474,
                7.71875
              ],
              [
                -76.5711316,
                7.7189088
              ],
              [
                -76.5717725,
                7.7189315
              ],
              [
                -76.5727338,
                7.7204057
              ],
              [
                -76.5733289,
                7.7199068
              ],
              [
                -76.5738095,
                7.7190902
              ],
              [
                -76.5741758,
                7.7186366
              ],
              [
                -76.5744733,
                7.7191129
              ],
              [
                -76.5748395,
                7.7202016
              ],
              [
                -76.5756177,
                7.7210408
              ]
            ]
          ]
        ]
      },
      "properties": {
        "osm_id": 17013932,
        "nombre": "Resguardo Indígena Polines",
        "nombre_en": "Polines Indigenous Reservation",
        "grupo_etnico": "embera katío",
        "grupo_estandar": "Embera",
        "fecha_creacion": "1987/08/18",
        "descripcion": "Creado por resolucion no. 0060 del 18-08-1987. ID resguardo 1023, con 4255.1407 ha.",
        "fuente": "OpenStreetMap / IGAC resguardos indígenas legalizados",
        "boundary": "aboriginal_lands",
        "tipo": "Resguardo Indígena"
      }
    },
    {
      "type": "Feature",
      "geometry": {
        "type": "MultiPolygon",
        "coordinates": [
          [
            [
              [
                -76.5672736,
                7.5130637
              ],
              [
                -76.5690625,
                7.5135144
              ],
              [
                -76.5704815,
                7.5151482
              ],
              [
                -76.5723584,
                7.5159197
              ],
              [
                -76.5737545,
                7.5171904
              ],
              [
                -76.5769131,
                7.5178031
              ],
              [
                -76.5773251,
                7.520821
              ],
              [
                -76.578973,
                7.523249
              ],
              [
                -76.5796826,
                7.5258358
              ],
              [
                -76.5795452,
                7.528241
              ],
              [
                -76.5776684,
                7.5328699
              ],
              [
                -76.574693,
                7.5345944
              ],
              [
                -76.572221,
                7.5345944
              ],
              [
                -76.57039,
                7.5339591
              ],
              [
                -76.5684674,
                7.5326657
              ],
              [
                -76.5668652,
                7.5317354
              ],
              [
                -76.5634777,
                7.5290125
              ],
              [
                -76.5626995,
                7.5301697
              ],
              [
                -76.5622189,
                7.5328926
              ],
              [
                -76.5617382,
                7.5349121
              ],
              [
                -76.5619671,
                7.5357062
              ],
              [
                -76.5641873,
                7.5357743
              ],
              [
                -76.5667507,
                7.537408
              ],
              [
                -76.5682156,
                7.5376803
              ],
              [
                -76.569154,
                7.5391098
              ],
              [
                -76.5687878,
                7.5406301
              ],
              [
                -76.5677121,
                7.5407435
              ],
              [
                -76.5672314,
                7.5430806
              ],
              [
                -76.5657666,
                7.5470514
              ],
              [
                -76.565057,
                7.5483674
              ],
              [
                -76.5645535,
                7.5503187
              ],
              [
                -76.5610516,
                7.5525877
              ],
              [
                -76.5613949,
                7.5544028
              ],
              [
                -76.5607083,
                7.5559911
              ],
              [
                -76.5614636,
                7.5571029
              ],
              [
                -76.5649884,
                7.55826
              ],
              [
                -76.5647595,
                7.5588046
              ],
              [
                -76.5648053,
                7.5598029
              ],
              [
                -76.5619213,
                7.5588953
              ],
              [
                -76.5604336,
                7.5587365
              ],
              [
                -76.5603192,
                7.5613004
              ],
              [
                -76.5590374,
                7.5644995
              ],
              [
                -76.5578472,
                7.5661332
              ],
              [
                -76.5589917,
                7.5662466
              ],
              [
                -76.5600903,
                7.5665869
              ],
              [
                -76.5613034,
                7.5670861
              ],
              [
                -76.5612576,
                7.5680163
              ],
              [
                -76.5606396,
                7.5691961
              ],
              [
                -76.5598156,
                7.5690146
              ],
              [
                -76.5586712,
                7.5688104
              ],
              [
                -76.5577557,
                7.5682432
              ],
              [
                -76.5567028,
                7.5678802
              ],
              [
                -76.5572979,
                7.5697407
              ],
              [
                -76.5569317,
                7.5708978
              ],
              [
                -76.5564053,
                7.5718734
              ],
              [
                -76.5559933,
                7.5727129
              ],
              [
                -76.5561993,
                7.5736658
              ],
              [
                -76.5559933,
                7.5741423
              ],
              [
                -76.5560391,
                7.5751406
              ],
              [
                -76.5572064,
                7.5753674
              ],
              [
                -76.5576413,
                7.5761162
              ],
              [
                -76.5579513,
                7.5777435
              ],
              [
                -76.5613846,
                7.5777435
              ],
              [
                -76.5634903,
                7.5772897
              ],
              [
                -76.5649551,
                7.5763368
              ],
              [
                -76.56436,
                7.5746352
              ],
              [
                -76.5660537,
                7.5727067
              ],
              [
                -76.5670379,
                7.5721621
              ],
              [
                -76.5683426,
                7.5707327
              ],
              [
                -76.5683654,
                7.5693714
              ],
              [
                -76.5690063,
                7.5694395
              ],
              [
                -76.5700134,
                7.5690311
              ],
              [
                -76.5708145,
                7.5691672
              ],
              [
                -76.5715698,
                7.5689403
              ],
              [
                -76.5737442,
                7.5698933
              ],
              [
                -76.574591,
                7.5717991
              ],
              [
                -76.5746597,
                7.572684
              ],
              [
                -76.5736526,
                7.5741814
              ],
              [
                -76.5756897,
                7.575815
              ],
              [
                -76.5762619,
                7.5762234
              ],
              [
                -76.5771774,
                7.5771309
              ],
              [
                -76.5817321,
                7.5826214
              ],
              [
                -76.583609,
                7.5840054
              ],
              [
                -76.5875457,
                7.5858431
              ],
              [
                -76.5900177,
                7.5862969
              ],
              [
                -76.5929474,
                7.5877262
              ],
              [
                -76.5952362,
                7.5890421
              ],
              [
                -76.5994934,
                7.5924452
              ],
              [
                -76.5967239,
                7.5944871
              ],
              [
                -76.5947097,
                7.5975499
              ],
              [
                -76.5922378,
                7.6012479
              ],
              [
                -76.5916427,
                7.6023596
              ],
              [
                -76.5919174,
                7.6026091
              ],
              [
                -76.5923752,
                7.6025638
              ],
              [
                -76.5932678,
                7.6035847
              ],
              [
                -76.5938629,
                7.6044922
              ],
              [
                -76.5947784,
                7.6038115
              ],
              [
                -76.595671,
                7.6033805
              ],
              [
                -76.5971588,
                7.6041065
              ],
              [
                -76.5987152,
                7.604651
              ],
              [
                -76.6023315,
                7.605014
              ],
              [
                -76.6020111,
                7.6059214
              ],
              [
                -76.6003402,
                7.6089615
              ],
              [
                -76.599768,
                7.6091656
              ],
              [
                -76.5989669,
                7.609937
              ],
              [
                -76.5974334,
                7.6102546
              ],
              [
                -76.5953506,
                7.6113662
              ],
              [
                -76.5966324,
                7.613771
              ],
              [
                -76.5968383,
                7.6157447
              ],
              [
                -76.5977996,
                7.6177184
              ],
              [
                -76.5995392,
                7.6182402
              ],
              [
                -76.6005691,
                7.6178545
              ],
              [
                -76.6024688,
                7.618036
              ],
              [
                -76.6040939,
                7.6178092
              ],
              [
                -76.6053299,
                7.6183083
              ],
              [
                -76.6057418,
                7.6193291
              ],
              [
                -76.6059936,
                7.6205769
              ],
              [
                -76.6061538,
                7.6220968
              ],
              [
                -76.6056503,
                7.6242747
              ],
              [
                -76.6057418,
                7.6272465
              ],
              [
                -76.6053756,
                7.6291067
              ],
              [
                -76.6037964,
                7.6294243
              ],
              [
                -76.6009124,
                7.6294016
              ],
              [
                -76.5999283,
                7.6296058
              ],
              [
                -76.5979828,
                7.6299461
              ],
              [
                -76.5974105,
                7.629084
              ],
              [
                -76.597319,
                7.6280859
              ],
              [
                -76.5975708,
                7.6255904
              ],
              [
                -76.5975021,
                7.6242066
              ],
              [
                -76.5966095,
                7.6226413
              ],
              [
                -76.5947784,
                7.6221195
              ],
              [
                -76.5930389,
                7.6224598
              ],
              [
                -76.5921692,
                7.6232765
              ],
              [
                -76.5911392,
                7.6247284
              ],
              [
                -76.5901321,
                7.6261349
              ],
              [
                -76.5888733,
                7.6256131
              ],
              [
                -76.5861267,
                7.6246376
              ],
              [
                -76.5857147,
                7.6242293
              ],
              [
                -76.5846161,
                7.6222556
              ],
              [
                -76.5842637,
                7.6225074
              ],
              [
                -76.5826387,
                7.6241861
              ],
              [
                -76.5825014,
                7.6261825
              ],
              [
                -76.5808076,
                7.6286779
              ],
              [
                -76.5791139,
                7.6305154
              ],
              [
                -76.5776033,
                7.6313775
              ],
              [
                -76.5767106,
                7.6325345
              ],
              [
                -76.5708513,
                7.636391
              ],
              [
                -76.5685396,
                7.6371622
              ],
              [
                -76.5658388,
                7.6392266
              ],
              [
                -76.5650377,
                7.6420849
              ],
              [
                -76.5627489,
                7.643514
              ],
              [
                -76.5613756,
                7.646758
              ],
              [
                -76.560254,
                7.6485727
              ],
              [
                -76.5588807,
                7.6507731
              ],
              [
                -76.5581941,
                7.6522022
              ],
              [
                -76.5582857,
                7.6535406
              ],
              [
                -76.5597963,
                7.6554234
              ],
              [
                -76.560666,
                7.6564669
              ],
              [
                -76.5605048,
                7.658629
              ],
              [
                -76.5577582,
                7.6584022
              ],
              [
                -76.5548743,
                7.6562926
              ],
              [
                -76.5521048,
                7.6540922
              ],
              [
                -76.5474127,
                7.6540241
              ],
              [
                -76.5450782,
                7.6539561
              ],
              [
                -76.5412558,
                7.6516877
              ],
              [
                -76.5377768,
                7.6534344
              ],
              [
                -76.5337256,
                7.6495326
              ],
              [
                -76.5326272,
                7.6488261
              ],
              [
                -76.531048,
                7.6476465
              ],
              [
                -76.5300409,
                7.6476011
              ],
              [
                -76.5259897,
                7.6450151
              ],
              [
                -76.5231058,
                7.6438809
              ],
              [
                -76.5214578,
                7.6432457
              ],
              [
                -76.5198099,
                7.6425878
              ],
              [
                -76.5184137,
                7.6426105
              ],
              [
                -76.5152093,
                7.642792
              ],
              [
                -76.5135385,
                7.6438582
              ],
              [
                -76.5116388,
                7.6439262
              ],
              [
                -76.5087549,
                7.6430869
              ],
              [
                -76.5060998,
                7.6413855
              ],
              [
                -76.504635,
                7.6402286
              ],
              [
                -76.5025086,
                7.6390355
              ],
              [
                -76.5012497,
                7.6380147
              ],
              [
                -76.5004715,
                7.6364267
              ],
              [
                -76.4986727,
                7.6347713
              ],
              [
                -76.4994738,
                7.6330245
              ],
              [
                -76.5016939,
                7.6298485
              ],
              [
                -76.5031817,
                7.6249257
              ],
              [
                -76.502907,
                7.6226571
              ],
              [
                -76.5030443,
                7.621296
              ],
              [
                -76.504967,
                7.618256
              ],
              [
                -76.5097964,
                7.6155564
              ],
              [
                -76.511307,
                7.613197
              ],
              [
                -76.5120394,
                7.6107015
              ],
              [
                -76.5146029,
                7.6087731
              ],
              [
                -76.5133669,
                7.6070943
              ],
              [
                -76.5118105,
                7.6044626
              ],
              [
                -76.5097506,
                7.6033056
              ],
              [
                -76.5102541,
                7.6010823
              ],
              [
                -76.5108721,
                7.5968852
              ],
              [
                -76.5116732,
                7.5926199
              ],
              [
                -76.5143207,
                7.5902687
              ],
              [
                -76.5145267,
                7.5897922
              ],
              [
                -76.5152362,
                7.5877049
              ],
              [
                -76.5145954,
                7.5853681
              ],
              [
                -76.5115055,
                7.5825321
              ],
              [
                -76.5111164,
                7.5787886
              ],
              [
                -76.5107044,
                7.5770189
              ],
              [
                -76.5098804,
                7.5756576
              ],
              [
                -76.5074314,
                7.5730257
              ],
              [
                -76.5080951,
                7.5698039
              ],
              [
                -76.507912,
                7.5676258
              ],
              [
                -76.5039139,
                7.5693287
              ],
              [
                -76.5016938,
                7.5702363
              ],
              [
                -76.4942093,
                7.5764302
              ],
              [
                -76.4915085,
                7.5786537
              ],
              [
                -76.4894715,
                7.5796974
              ],
              [
                -76.48732,
                7.5813536
              ],
              [
                -76.4848709,
                7.5839854
              ],
              [
                -76.4831543,
                7.5862542
              ],
              [
                -76.4815064,
                7.5873432
              ],
              [
                -76.4808655,
                7.5834182
              ],
              [
                -76.4801789,
                7.5811267
              ],
              [
                -76.48098,
                7.5789033
              ],
              [
                -76.4825821,
                7.574774
              ],
              [
                -76.4837494,
                7.5729816
              ],
              [
                -76.4891053,
                7.5693968
              ],
              [
                -76.4909821,
                7.5679674
              ],
              [
                -76.4929734,
                7.5646548
              ],
              [
                -76.4908448,
                7.5627036
              ],
              [
                -76.4883042,
                7.5656985
              ],
              [
                -76.4874344,
                7.5671052
              ],
              [
                -76.4845734,
                7.5695329
              ],
              [
                -76.4826508,
                7.570622
              ],
              [
                -76.4763565,
                7.5756135
              ],
              [
                -76.4731522,
                7.577247
              ],
              [
                -76.4724198,
                7.5745244
              ],
              [
                -76.4718476,
                7.5721421
              ],
              [
                -76.4681397,
                7.5694422
              ],
              [
                -76.4713898,
                7.5676498
              ],
              [
                -76.4744797,
                7.5635431
              ],
              [
                -76.4774781,
                7.5588691
              ],
              [
                -76.4809113,
                7.5504059
              ],
              [
                -76.4792633,
                7.5391063
              ],
              [
                -76.4726694,
                7.5351022
              ],
              [
                -76.468252,
                7.5324474
              ],
              [
                -76.4657343,
                7.5342172
              ],
              [
                -76.4618891,
                7.5355787
              ],
              [
                -76.4597605,
                7.5364182
              ],
              [
                -76.4571741,
                7.536804
              ],
              [
                -76.4520014,
                7.5401168
              ],
              [
                -76.4508341,
                7.5415689
              ],
              [
                -76.448408,
                7.5435657
              ],
              [
                -76.4464167,
                7.5472868
              ],
              [
                -76.4456843,
                7.5486028
              ],
              [
                -76.4425028,
                7.5517794
              ],
              [
                -76.4382546,
                7.5557011
              ],
              [
                -76.4389183,
                7.551912
              ],
              [
                -76.4396736,
                7.5494388
              ],
              [
                -76.439399,
                7.5436075
              ],
              [
                -76.4391472,
                7.540567
              ],
              [
                -76.4384148,
                7.5369592
              ],
              [
                -76.4391243,
                7.533896
              ],
              [
                -76.4398796,
                7.5318765
              ],
              [
                -76.4469292,
                7.5288813
              ],
              [
                -76.4491722,
                7.5255912
              ],
              [
                -76.4537499,
                7.5227321
              ],
              [
                -76.4557869,
                7.5214841
              ],
              [
                -76.4584877,
                7.5198276
              ],
              [
                -76.4596779,
                7.518988
              ],
              [
                -76.4594032,
                7.5176492
              ],
              [
                -76.4570686,
                7.5172635
              ],
              [
                -76.4545052,
                7.51597
              ],
              [
                -76.453727,
                7.5146766
              ],
              [
                -76.4536125,
                7.5133832
              ],
              [
                -76.4537727,
                7.5125209
              ],
              [
                -76.4547798,
                7.5104787
              ],
              [
                -76.4540932,
                7.5099341
              ],
              [
                -76.451667,
                7.5074379
              ],
              [
                -76.4494927,
                7.505373
              ],
              [
                -76.4492638,
                7.5032853
              ],
              [
                -76.4491493,
                7.5014018
              ],
              [
                -76.447677,
                7.5023699
              ],
              [
                -76.4457773,
                7.502733
              ],
              [
                -76.4432596,
                7.5026195
              ],
              [
                -76.440925,
                7.5024153
              ],
              [
                -76.4395288,
                7.5011899
              ],
              [
                -76.4391626,
                7.4995106
              ],
              [
                -76.4393915,
                7.4979449
              ],
              [
                -76.4440149,
                7.4940871
              ],
              [
                -76.4454111,
                7.4918632
              ],
              [
                -76.4450678,
                7.4875743
              ],
              [
                -76.445228,
                7.4862581
              ],
              [
                -76.4483637,
                7.4836711
              ],
              [
                -76.4532159,
                7.4839434
              ],
              [
                -76.456489,
                7.4849419
              ],
              [
                -76.4604944,
                7.4857361
              ],
              [
                -76.4567865,
                7.4874381
              ],
              [
                -76.4555734,
                7.4888224
              ],
              [
                -76.4555963,
                7.4901386
              ],
              [
                -76.4562601,
                7.4917725
              ],
              [
                -76.4559625,
                7.4927936
              ],
              [
                -76.4542459,
                7.4956302
              ],
              [
                -76.454223,
                7.4975137
              ],
              [
                -76.4548639,
                7.4985576
              ],
              [
                -76.4564661,
                7.4992156
              ],
              [
                -76.4570841,
                7.5025968
              ],
              [
                -76.4604944,
                7.5034818
              ],
              [
                -76.4624857,
                7.5047752
              ],
              [
                -76.4628977,
                7.5055241
              ],
              [
                -76.4620508,
                7.5064318
              ],
              [
                -76.4628977,
                7.5075664
              ],
              [
                -76.4644998,
                7.5082244
              ],
              [
                -76.4663309,
                7.5082244
              ],
              [
                -76.4690088,
                7.5064772
              ],
              [
                -76.470611,
                7.508111
              ],
              [
                -76.4709314,
                7.5091094
              ],
              [
                -76.4672235,
                7.5097221
              ],
              [
                -76.4650491,
                7.5130805
              ],
              [
                -76.4668344,
                7.5137158
              ],
              [
                -76.4649576,
                7.5152589
              ],
              [
                -76.4656671,
                7.5160531
              ],
              [
                -76.4673609,
                7.5171877
              ],
              [
                -76.4694666,
                7.5168927
              ],
              [
                -76.4712518,
                7.5166204
              ],
              [
                -76.4739527,
                7.5185491
              ],
              [
                -76.4743189,
                7.5199787
              ],
              [
                -76.4767908,
                7.5207275
              ],
              [
                -76.4759668,
                7.5217032
              ],
              [
                -76.4771112,
                7.523632
              ],
              [
                -76.4792856,
                7.5241993
              ],
              [
                -76.4802698,
                7.5254246
              ],
              [
                -76.4779581,
                7.5260826
              ],
              [
                -76.4781412,
                7.5281248
              ],
              [
                -76.4785761,
                7.5294409
              ],
              [
                -76.4823984,
                7.5294863
              ],
              [
                -76.4834284,
                7.5300535
              ],
              [
                -76.4833597,
                7.5315511
              ],
              [
                -76.4847788,
                7.532368
              ],
              [
                -76.4856943,
                7.5314377
              ],
              [
                -76.4858639,
                7.5306235
              ],
              [
                -76.488107,
                7.528899
              ],
              [
                -76.4894345,
                7.529784
              ],
              [
                -76.4899838,
                7.5308051
              ],
              [
                -76.4918606,
                7.53169
              ],
              [
                -76.4920666,
                7.5324161
              ],
              [
                -76.4914486,
                7.5333464
              ],
              [
                -76.4919293,
                7.5356382
              ],
              [
                -76.4945843,
                7.5376122
              ],
              [
                -76.4952252,
                7.5387014
              ],
              [
                -76.496278,
                7.5389056
              ],
              [
                -76.4978115,
                7.538293
              ],
              [
                -76.4986126,
                7.5388148
              ],
              [
                -76.500169,
                7.5414015
              ],
              [
                -76.4992535,
                7.5425133
              ],
              [
                -76.4979031,
                7.5434663
              ],
              [
                -76.4987957,
                7.5446008
              ],
              [
                -76.4995053,
                7.5452815
              ],
              [
                -76.5003292,
                7.5466429
              ],
              [
                -76.5020001,
                7.5480724
              ],
              [
                -76.5044949,
                7.5479816
              ],
              [
                -76.5049984,
                7.5488212
              ],
              [
                -76.505914,
                7.5496607
              ],
              [
                -76.5071957,
                7.5498422
              ],
              [
                -76.5095303,
                7.5511355
              ],
              [
                -76.5086605,
                7.5517708
              ],
              [
                -76.5089581,
                7.5535406
              ],
              [
                -76.5112011,
                7.5538583
              ],
              [
                -76.5123226,
                7.5548793
              ],
              [
                -76.5118878,
                7.5558549
              ],
              [
                -76.5181591,
                7.5561953
              ],
              [
                -76.5215466,
                7.5561272
              ],
              [
                -76.5244076,
                7.5551516
              ],
              [
                -76.5269482,
                7.55556
              ],
              [
                -76.5298321,
                7.5549927
              ],
              [
                -76.5314343,
                7.5544709
              ],
              [
                -76.5340893,
                7.5538356
              ],
              [
                -76.5360348,
                7.5544028
              ],
              [
                -76.5376599,
                7.5549247
              ],
              [
                -76.5391018,
                7.5546751
              ],
              [
                -76.5408642,
                7.5541532
              ],
              [
                -76.5425122,
                7.5530868
              ],
              [
                -76.5457165,
                7.5529961
              ],
              [
                -76.5473187,
                7.5522019
              ],
              [
                -76.5485089,
                7.5500918
              ],
              [
                -76.5509579,
                7.5489119
              ],
              [
                -76.5503857,
                7.5472556
              ],
              [
                -76.548898,
                7.5468245
              ],
              [
                -76.5482342,
                7.5455311
              ],
              [
                -76.5511639,
                7.5446235
              ],
              [
                -76.555238,
                7.5436025
              ],
              [
                -76.5556958,
                7.5413561
              ],
              [
                -76.5553524,
                7.5389964
              ],
              [
                -76.55668,
                7.5367273
              ],
              [
                -76.5567715,
                7.535434
              ],
              [
                -76.5581906,
                7.5330968
              ],
              [
                -76.5563137,
                7.5328019
              ],
              [
                -76.5529492,
                7.5311454
              ],
              [
                -76.5528118,
                7.5297159
              ],
              [
                -76.5537503,
                7.5274922
              ],
              [
                -76.5542767,
                7.5258811
              ],
              [
                -76.5546429,
                7.5236574
              ],
              [
                -76.5554898,
                7.5240886
              ],
              [
                -76.5578472,
                7.5245651
              ],
              [
                -76.558099,
                7.5254273
              ],
              [
                -76.5591977,
                7.5254727
              ],
              [
                -76.5603158,
                7.5262928
              ],
              [
                -76.5606385,
                7.5258668
              ],
              [
                -76.5617305,
                7.5231126
              ],
              [
                -76.5624831,
                7.5222515
              ],
              [
                -76.5632805,
                7.5216143
              ],
              [
                -76.56395,
                7.5204032
              ],
              [
                -76.5642334,
                7.5195819
              ],
              [
                -76.5644524,
                7.518373
              ],
              [
                -76.5646888,
                7.5171146
              ],
              [
                -76.5663793,
                7.5146564
              ],
              [
                -76.5672736,
                7.5130637
              ]
            ]
          ],
          [
            [
              [
                -76.6013485,
                7.700646
              ],
              [
                -76.6024929,
                7.701009
              ],
              [
                -76.6025158,
                7.7003285
              ],
              [
                -76.6067501,
                7.6994212
              ],
              [
                -76.6100231,
                7.7007141
              ],
              [
                -76.6106182,
                7.7003512
              ],
              [
                -76.6151043,
                7.7041617
              ],
              [
                -76.6160656,
                7.70364
              ],
              [
                -76.6166607,
                7.7028235
              ],
              [
                -76.6169582,
                7.7030276
              ],
              [
                -76.6182399,
                7.7037761
              ],
              [
                -76.617828,
                7.7044112
              ],
              [
                -76.6182628,
                7.7049329
              ],
              [
                -76.6176677,
                7.7053638
              ],
              [
                -76.615974,
                7.7059535
              ],
              [
                -76.615974,
                7.7064072
              ],
              [
                -76.6146236,
                7.7065433
              ],
              [
                -76.6133648,
                7.7069062
              ],
              [
                -76.6119457,
                7.7085619
              ],
              [
                -76.6126552,
                7.708766
              ],
              [
                -76.6124035,
                7.7096733
              ],
              [
                -76.6125866,
                7.7104218
              ],
              [
                -76.6105953,
                7.7111022
              ],
              [
                -76.6093593,
                7.7108981
              ],
              [
                -76.607986,
                7.7124177
              ],
              [
                -76.6076198,
                7.7129167
              ],
              [
                -76.6047359,
                7.7112837
              ],
              [
                -76.602058,
                7.7102857
              ],
              [
                -76.6011882,
                7.7099455
              ],
              [
                -76.600616,
                7.7096279
              ],
              [
                -76.599815,
                7.7106713
              ],
              [
                -76.5986019,
                7.7121229
              ],
              [
                -76.5982128,
                7.7127353
              ],
              [
                -76.5964962,
                7.7116692
              ],
              [
                -76.5960842,
                7.7105125
              ],
              [
                -76.5950771,
                7.7096733
              ],
              [
                -76.5933605,
                7.7082217
              ],
              [
                -76.5929027,
                7.7078134
              ],
              [
                -76.5938869,
                7.7069515
              ],
              [
                -76.5944591,
                7.7068608
              ],
              [
                -76.5950313,
                7.7064299
              ],
              [
                -76.5953289,
                7.7061577
              ],
              [
                -76.5959469,
                7.7051824
              ],
              [
                -76.5972286,
                7.7048195
              ],
              [
                -76.5968395,
                7.7038668
              ],
              [
                -76.5952373,
                7.7039803
              ],
              [
                -76.5943218,
                7.7045246
              ],
              [
                -76.5936809,
                7.7045246
              ],
              [
                -76.5928569,
                7.7041844
              ],
              [
                -76.5917125,
                7.7042297
              ],
              [
                -76.5904537,
                7.7041617
              ],
              [
                -76.5898586,
                7.7037081
              ],
              [
                -76.5889431,
                7.7038442
              ],
              [
                -76.5872722,
                7.7037534
              ],
              [
                -76.586082,
                7.7035039
              ],
              [
                -76.5856472,
                7.7028915
              ],
              [
                -76.5871807,
                7.7002151
              ],
              [
                -76.587524,
                7.6996707
              ],
              [
                -76.5902477,
                7.7010997
              ],
              [
                -76.5913921,
                7.7006914
              ],
              [
                -76.5942531,
                7.7003965
              ],
              [
                -76.5962673,
                7.6999656
              ],
              [
                -76.5987392,
                7.7002378
              ],
              [
                -76.6013485,
                7.700646
              ]
            ]
          ]
        ]
      },
      "properties": {
        "osm_id": 17014110,
        "nombre": "Resguardo Indígena Yaberaradó",
        "nombre_en": "Yaberarado Indigenous Reservation",
        "grupo_etnico": "embera katío",
        "grupo_estandar": "Embera",
        "fecha_creacion": "1999/05/30",
        "descripcion": "Creado por resolucion no. 0030 del 30-05-1999. ID resguardo 1556, con 10992.0293 ha.",
        "fuente": "OpenStreetMap / IGAC resguardos indígenas legalizados",
        "boundary": "aboriginal_lands",
        "tipo": "Resguardo Indígena"
      }
    },
    {
      "type": "Feature",
      "geometry": {
        "type": "Polygon",
        "coordinates": [
          [
            [
              -76.3529366,
              7.3571317
            ],
            [
              -76.353676,
              7.3557813
            ],
            [
              -76.3531038,
              7.3544874
            ],
            [
              -76.35244,
              7.3526487
            ],
            [
              -76.3534929,
              7.3513775
            ],
            [
              -76.3546602,
              7.3494707
            ],
            [
              -76.3544542,
              7.3448626
            ],
            [
              -76.3534929,
              7.3421385
            ],
            [
              -76.3527376,
              7.339369
            ],
            [
              -76.3529664,
              7.3371444
            ],
            [
              -76.3514329,
              7.3361001
            ],
            [
              -76.3481142,
              7.3336711
            ],
            [
              -76.3450471,
              7.3306519
            ],
            [
              -76.3439485,
              7.3291763
            ],
            [
              -76.3428499,
              7.3284045
            ],
            [
              -76.3412019,
              7.3295395
            ],
            [
              -76.3393251,
              7.3277235
            ],
            [
              -76.3377687,
              7.3267473
            ],
            [
              -76.3355257,
              7.3257711
            ],
            [
              -76.3301464,
              7.3240375
            ],
            [
              -76.3286794,
              7.322709
            ],
            [
              -76.3269954,
              7.320555
            ],
            [
              -76.3257272,
              7.3184997
            ],
            [
              -76.3245603,
              7.3162361
            ],
            [
              -76.3233861,
              7.3133516
            ],
            [
              -76.3215913,
              7.3105778
            ],
            [
              -76.320228,
              7.309248
            ],
            [
              -76.3182186,
              7.3058556
            ],
            [
              -76.3170482,
              7.3032815
            ],
            [
              -76.3164021,
              7.3012188
            ],
            [
              -76.3153402,
              7.2990575
            ],
            [
              -76.3145965,
              7.2975135
            ],
            [
              -76.3129067,
              7.2948418
            ],
            [
              -76.3107914,
              7.2912435
            ],
            [
              -76.308581,
              7.2883708
            ],
            [
              -76.3053208,
              7.2843717
            ],
            [
              -76.3041789,
              7.2826274
            ],
            [
              -76.3043419,
              7.2808025
            ],
            [
              -76.3038383,
              7.2788273
            ],
            [
              -76.3029686,
              7.2767159
            ],
            [
              -76.3027626,
              7.2741276
            ],
            [
              -76.3000389,
              7.2741049
            ],
            [
              -76.2949806,
              7.2743774
            ],
            [
              -76.2923714,
              7.2751947
            ],
            [
              -76.2910667,
              7.2761256
            ],
            [
              -76.2879539,
              7.2763299
            ],
            [
              -76.2870384,
              7.277397
            ],
            [
              -76.2850242,
              7.2768975
            ],
            [
              -76.2817715,
              7.2754486
            ],
            [
              -76.280238,
              7.2693412
            ],
            [
              -76.2790249,
              7.2681379
            ],
            [
              -76.275935,
              7.2640284
            ],
            [
              -76.2745846,
              7.2618487
            ],
            [
              -76.2741269,
              7.2597372
            ],
            [
              -76.2746533,
              7.2578754
            ],
            [
              -76.274516,
              7.2561499
            ],
            [
              -76.2767361,
              7.2534253
            ],
            [
              -76.2763013,
              7.2512456
            ],
            [
              -76.2758206,
              7.250133
            ],
            [
              -76.2738751,
              7.24759
            ],
            [
              -76.2701672,
              7.2435258
            ],
            [
              -76.2705563,
              7.2411417
            ],
            [
              -76.2717465,
              7.2394388
            ],
            [
              -76.2715176,
              7.2367141
            ],
            [
              -76.2707852,
              7.2328313
            ],
            [
              -76.271426,
              7.229236
            ],
            [
              -76.2715405,
              7.2261707
            ],
            [
              -76.2688168,
              7.2217429
            ],
            [
              -76.2688397,
              7.2183369
            ],
            [
              -76.2680615,
              7.2154077
            ],
            [
              -76.2698696,
              7.2114567
            ],
            [
              -76.27122,
              7.2100034
            ],
            [
              -76.2749508,
              7.20771
            ],
            [
              -76.2727993,
              7.2036226
            ],
            [
              -76.2722271,
              7.1988768
            ],
            [
              -76.2719296,
              7.1974462
            ],
            [
              -76.2707852,
              7.1963335
            ],
            [
              -76.2714718,
              7.1943125
            ],
            [
              -76.2710598,
              7.1921098
            ],
            [
              -76.2709454,
              7.1886581
            ],
            [
              -76.2753009,
              7.1919194
            ],
            [
              -76.2784366,
              7.1943265
            ],
            [
              -76.2813434,
              7.1948034
            ],
            [
              -76.2874775,
              7.1960069
            ],
            [
              -76.2912311,
              7.1932592
            ],
            [
              -76.2928333,
              7.1911019
            ],
            [
              -76.2965412,
              7.1908749
            ],
            [
              -76.3008899,
              7.1912836
            ],
            [
              -76.303875,
              7.1898885
            ],
            [
              -76.3066674,
              7.1917505
            ],
            [
              -76.3090477,
              7.1923864
            ],
            [
              -76.3138085,
              7.1938397
            ],
            [
              -76.3169213,
              7.1968825
            ],
            [
              -76.3191872,
              7.19879
            ],
            [
              -76.324131,
              7.202128
            ],
            [
              -76.3258705,
              7.2025595
            ],
            [
              -76.3285485,
              7.2021507
            ],
            [
              -76.3347534,
              7.202683
            ],
            [
              -76.3363784,
              7.2031372
            ],
            [
              -76.3397888,
              7.2031599
            ],
            [
              -76.3431991,
              7.2023878
            ],
            [
              -76.3449157,
              7.202297
            ],
            [
              -76.346289,
              7.200821
            ],
            [
              -76.3505233,
              7.2004123
            ],
            [
              -76.353453,
              7.2001625
            ],
            [
              -76.3585113,
              7.19989
            ],
            [
              -76.3603424,
              7.2022289
            ],
            [
              -76.3621505,
              7.2025014
            ],
            [
              -76.3652862,
              7.2037276
            ],
            [
              -76.3684677,
              7.2038638
            ],
            [
              -76.3707794,
              7.2038411
            ],
            [
              -76.3713745,
              7.2026149
            ],
            [
              -76.3737091,
              7.2020018
            ],
            [
              -76.3746017,
              7.2005712
            ],
            [
              -76.3753341,
              7.1966428
            ],
            [
              -76.3765472,
              7.1966882
            ],
            [
              -76.378836,
              7.1960524
            ],
            [
              -76.3805755,
              7.1952576
            ],
            [
              -76.3824066,
              7.1960524
            ],
            [
              -76.3849243,
              7.1962113
            ],
            [
              -76.3856109,
              7.1968017
            ],
            [
              -76.3867782,
              7.1975738
            ],
            [
              -76.3875564,
              7.1983004
            ],
            [
              -76.3880828,
              7.1990725
            ],
            [
              -76.3899368,
              7.1998446
            ],
            [
              -76.3906692,
              7.2009572
            ],
            [
              -76.3920425,
              7.2017974
            ],
            [
              -76.3930725,
              7.204318
            ],
            [
              -76.3937591,
              7.2045223
            ],
            [
              -76.3942627,
              7.2051808
            ],
            [
              -76.3938201,
              7.2059981
            ],
            [
              -76.3944686,
              7.2062254
            ],
            [
              -76.3957962,
              7.2070656
            ],
            [
              -76.396437,
              7.2082463
            ],
            [
              -76.3975357,
              7.2083372
            ],
            [
              -76.3977874,
              7.2104035
            ],
            [
              -76.397879,
              7.211993
            ],
            [
              -76.3980392,
              7.2133554
            ],
            [
              -76.3988392,
              7.2140298
            ],
            [
              -76.3995635,
              7.2144776
            ],
            [
              -76.4009918,
              7.2150812
            ],
            [
              -76.4014953,
              7.2152628
            ],
            [
              -76.403189,
              7.2148541
            ],
            [
              -76.4041275,
              7.2155353
            ],
            [
              -76.4049285,
              7.216875
            ],
            [
              -76.4062561,
              7.2177152
            ],
            [
              -76.4074691,
              7.218192
            ],
            [
              -76.4093231,
              7.2185326
            ],
            [
              -76.409184,
              7.2191911
            ],
            [
              -76.4077667,
              7.2197588
            ],
            [
              -76.4065765,
              7.2192819
            ],
            [
              -76.4070114,
              7.2202583
            ],
            [
              -76.4060958,
              7.2206216
            ],
            [
              -76.4057983,
              7.2213255
            ],
            [
              -76.4063247,
              7.2216434
            ],
            [
              -76.4060958,
              7.222529
            ],
            [
              -76.4057525,
              7.2243228
            ],
            [
              -76.4054092,
              7.2304081
            ],
            [
              -76.4022277,
              7.2299994
            ],
            [
              -76.4032577,
              7.2284781
            ],
            [
              -76.4031662,
              7.2276379
            ],
            [
              -76.3997787,
              7.2270476
            ],
            [
              -76.3995956,
              7.2288868
            ],
            [
              -76.3976272,
              7.2287506
            ],
            [
              -76.3963455,
              7.2304989
            ],
            [
              -76.3949035,
              7.2321338
            ],
            [
              -76.3944,
              7.2346541
            ],
            [
              -76.3924316,
              7.2363798
            ],
            [
              -76.3897079,
              7.2362663
            ],
            [
              -76.3893417,
              7.2379238
            ],
            [
              -76.3894332,
              7.2402171
            ],
            [
              -76.3899368,
              7.2435321
            ],
            [
              -76.3919509,
              7.2426012
            ],
            [
              -76.3945144,
              7.2414886
            ],
            [
              -76.3987716,
              7.240762
            ],
            [
              -76.3997787,
              7.24192
            ],
            [
              -76.3990463,
              7.2444403
            ],
            [
              -76.3956131,
              7.2487089
            ],
            [
              -76.3932785,
              7.2547712
            ],
            [
              -76.3907837,
              7.2577909
            ],
            [
              -76.3921112,
              7.2585402
            ],
            [
              -76.3945602,
              7.2565195
            ],
            [
              -76.3958191,
              7.2560881
            ],
            [
              -76.397467,
              7.2562243
            ],
            [
              -76.3987259,
              7.2558383
            ],
            [
              -76.4014038,
              7.2539765
            ],
            [
              -76.4030746,
              7.2534316
            ],
            [
              -76.4037841,
              7.2528413
            ],
            [
              -76.403395,
              7.2508659
            ],
            [
              -76.4036926,
              7.2497761
            ],
            [
              -76.4052719,
              7.2484365
            ],
            [
              -76.4071945,
              7.2462567
            ],
            [
              -76.408728,
              7.2450988
            ],
            [
              -76.409552,
              7.2441678
            ],
            [
              -76.4098724,
              7.2420789
            ],
            [
              -76.4109482,
              7.2418746
            ],
            [
              -76.4120239,
              7.2427147
            ],
            [
              -76.4130768,
              7.242919
            ],
            [
              -76.4149536,
              7.242919
            ],
            [
              -76.4141754,
              7.2435094
            ],
            [
              -76.4140152,
              7.2443495
            ],
            [
              -76.4136718,
              7.2453939
            ],
            [
              -76.4127792,
              7.2461205
            ],
            [
              -76.4113601,
              7.2472558
            ],
            [
              -76.4111541,
              7.2485954
            ],
            [
              -76.4112457,
              7.2527277
            ],
            [
              -76.4118408,
              7.2551345
            ],
            [
              -76.4096664,
              7.2562924
            ],
            [
              -76.4063476,
              7.2601295
            ],
            [
              -76.4081558,
              7.2628995
            ],
            [
              -76.4103531,
              7.2646477
            ],
            [
              -76.4124588,
              7.267849
            ],
            [
              -76.4137405,
              7.2692794
            ],
            [
              -76.4153427,
              7.2692567
            ],
            [
              -76.4168304,
              7.2682804
            ],
            [
              -76.4189819,
              7.2689161
            ],
            [
              -76.4193481,
              7.2719131
            ],
            [
              -76.4212021,
              7.2720493
            ],
            [
              -76.4215225,
              7.2691432
            ],
            [
              -76.4232162,
              7.2677582
            ],
            [
              -76.4239944,
              7.2663506
            ],
            [
              -76.426857,
              7.2683573
            ],
            [
              -76.4281845,
              7.2714224
            ],
            [
              -76.4276809,
              7.2733295
            ],
            [
              -76.4274978,
              7.2779838
            ],
            [
              -76.4226227,
              7.2782563
            ],
            [
              -76.4226227,
              7.2809126
            ],
            [
              -76.4220962,
              7.2820932
            ],
            [
              -76.4218216,
              7.2833646
            ],
            [
              -76.4239044,
              7.284023
            ],
            [
              -76.4250488,
              7.286316
            ],
            [
              -76.4263763,
              7.2874739
            ],
            [
              -76.4279556,
              7.2867247
            ],
            [
              -76.4287796,
              7.2877009
            ],
            [
              -76.4304962,
              7.2876328
            ],
            [
              -76.431549,
              7.2862479
            ],
            [
              -76.4325561,
              7.2856122
            ],
            [
              -76.4334945,
              7.2868155
            ],
            [
              -76.4328766,
              7.2879053
            ],
            [
              -76.4328994,
              7.2887907
            ],
            [
              -76.4325561,
              7.2895626
            ],
            [
              -76.4321556,
              7.2902593
            ],
            [
              -76.4314232,
              7.2915988
            ],
            [
              -76.4308967,
              7.2925296
            ],
            [
              -76.4288368,
              7.2934831
            ],
            [
              -76.4279899,
              7.294868
            ],
            [
              -76.4277153,
              7.2983643
            ],
            [
              -76.4284248,
              7.2988864
            ],
            [
              -76.4313087,
              7.298228
            ],
            [
              -76.4332542,
              7.2986821
            ],
            [
              -76.4349937,
              7.2988637
            ],
            [
              -76.4387016,
              7.2983415
            ],
            [
              -76.4392967,
              7.2970021
            ],
            [
              -76.4392967,
              7.295708
            ],
            [
              -76.4391594,
              7.2944594
            ],
            [
              -76.4397545,
              7.2915534
            ],
            [
              -76.4413109,
              7.2927793
            ],
            [
              -76.4421806,
              7.2957988
            ],
            [
              -76.4436226,
              7.2979329
            ],
            [
              -76.4445152,
              7.2995448
            ],
            [
              -76.4481086,
              7.3064464
            ],
            [
              -76.4465751,
              7.3097155
            ],
            [
              -76.4456138,
              7.3147326
            ],
            [
              -76.4478111,
              7.3156634
            ],
            [
              -76.4487037,
              7.3156407
            ],
            [
              -76.4493675,
              7.3155726
            ],
            [
              -76.4507179,
              7.3146645
            ],
            [
              -76.4517936,
              7.3143467
            ],
            [
              -76.4528007,
              7.3149824
            ],
            [
              -76.4534645,
              7.3158223
            ],
            [
              -76.4545402,
              7.3160039
            ],
            [
              -76.4559822,
              7.3157088
            ],
            [
              -76.4563255,
              7.3136202
            ],
            [
              -76.4568519,
              7.3133705
            ],
            [
              -76.457653,
              7.3140289
            ],
            [
              -76.4585457,
              7.3152094
            ],
            [
              -76.4592323,
              7.3161402
            ],
            [
              -76.4598045,
              7.3160266
            ],
            [
              -76.4601021,
              7.3148234
            ],
            [
              -76.4606972,
              7.3149142
            ],
            [
              -76.4606743,
              7.316072
            ],
            [
              -76.4604454,
              7.3171163
            ],
            [
              -76.4608574,
              7.3184557
            ],
            [
              -76.4607658,
              7.3196135
            ],
            [
              -76.459919,
              7.3202946
            ],
            [
              -76.4596214,
              7.320794
            ],
            [
              -76.4591636,
              7.3213842
            ],
            [
              -76.4589119,
              7.3228598
            ],
            [
              -76.4583168,
              7.3234274
            ],
            [
              -76.457859,
              7.3239041
            ],
            [
              -76.4579048,
              7.3247441
            ],
            [
              -76.4578361,
              7.3258337
            ],
            [
              -76.4566231,
              7.3258337
            ],
            [
              -76.4560508,
              7.3269915
            ],
            [
              -76.4566231,
              7.3276725
            ],
            [
              -76.4563713,
              7.3284898
            ],
            [
              -76.4564857,
              7.3293297
            ],
            [
              -76.4573784,
              7.3303286
            ],
            [
              -76.457447,
              7.3310323
            ],
            [
              -76.4559593,
              7.3310323
            ],
            [
              -76.454792,
              7.3309415
            ],
            [
              -76.4542427,
              7.3314863
            ],
            [
              -76.4545173,
              7.3319177
            ],
            [
              -76.4556618,
              7.3325533
            ],
            [
              -76.4566459,
              7.3330754
            ],
            [
              -76.458477,
              7.3345056
            ],
            [
              -76.4591865,
              7.3353001
            ],
            [
              -76.459713,
              7.3367075
            ],
            [
              -76.4590532,
              7.3384128
            ],
            [
              -76.46196,
              7.3388668
            ],
            [
              -76.4633791,
              7.3389576
            ],
            [
              -76.4642946,
              7.3383446
            ],
            [
              -76.4661943,
              7.3382538
            ],
            [
              -76.4671327,
              7.3387533
            ],
            [
              -76.4671327,
              7.3406374
            ],
            [
              -76.4670412,
              7.3429983
            ],
            [
              -76.4679567,
              7.344383
            ],
            [
              -76.4686891,
              7.3469481
            ],
            [
              -76.4683687,
              7.3483328
            ],
            [
              -76.469742,
              7.3501489
            ],
            [
              -76.4704286,
              7.3506029
            ],
            [
              -76.470154,
              7.3526459
            ],
            [
              -76.4727403,
              7.3546889
            ],
            [
              -76.4731523,
              7.355438
            ],
            [
              -76.4727861,
              7.357095
            ],
            [
              -76.4710008,
              7.3577306
            ],
            [
              -76.4707491,
              7.3600233
            ],
            [
              -76.4709779,
              7.3612718
            ],
            [
              -76.4689867,
              7.3618847
            ],
            [
              -76.4700853,
              7.363292
            ],
            [
              -76.4698564,
              7.3648583
            ],
            [
              -76.4698564,
              7.3664472
            ],
            [
              -76.4705202,
              7.3703969
            ],
            [
              -76.4700624,
              7.3719858
            ],
            [
              -76.468094,
              7.3721901
            ],
            [
              -76.4670183,
              7.3747778
            ],
            [
              -76.4668123,
              7.3762532
            ],
            [
              -76.4665376,
              7.3783415
            ],
            [
              -76.4656793,
              7.3790381
            ],
            [
              -76.4647409,
              7.3807405
            ],
            [
              -76.4656335,
              7.3863697
            ],
            [
              -76.4619943,
              7.3894339
            ],
            [
              -76.4612848,
              7.3912044
            ],
            [
              -76.4577562,
              7.3932769
            ],
            [
              -76.4567033,
              7.3939805
            ],
            [
              -76.4567262,
              7.3945026
            ],
            [
              -76.4555818,
              7.3953424
            ],
            [
              -76.4556963,
              7.3960233
            ],
            [
              -76.4551927,
              7.3968178
            ],
            [
              -76.454529,
              7.3982477
            ],
            [
              -76.4531124,
              7.3991856
            ],
            [
              -76.4524716,
              7.4015688
            ],
            [
              -76.4547375,
              7.4039066
            ],
            [
              -76.4586972,
              7.4054047
            ],
            [
              -76.4614437,
              7.404928
            ],
            [
              -76.4629544,
              7.4070389
            ],
            [
              -76.4652203,
              7.4093313
            ],
            [
              -76.463229,
              7.4094902
            ],
            [
              -76.4586514,
              7.412872
            ],
            [
              -76.4556759,
              7.4128947
            ],
            [
              -76.4546002,
              7.4149374
            ],
            [
              -76.4531353,
              7.4193633
            ],
            [
              -76.4582852,
              7.4209066
            ],
            [
              -76.4609402,
              7.4219961
            ],
            [
              -76.4659985,
              7.4219961
            ],
            [
              -76.4716061,
              7.4209974
            ],
            [
              -76.4754284,
              7.4209974
            ],
            [
              -76.4768475,
              7.4222457
            ],
            [
              -76.477557,
              7.4231082
            ],
            [
              -76.4777172,
              7.4236529
            ],
            [
              -76.4782895,
              7.4246288
            ],
            [
              -76.4793423,
              7.4249239
            ],
            [
              -76.4807843,
              7.4242657
            ],
            [
              -76.4829129,
              7.4241295
            ],
            [
              -76.4836911,
              7.4236756
            ],
            [
              -76.4848813,
              7.422972
            ],
            [
              -76.4857281,
              7.4237664
            ],
            [
              -76.4880398,
              7.4233351
            ],
            [
              -76.4892987,
              7.421474
            ],
            [
              -76.489436,
              7.4208612
            ],
            [
              -76.4903744,
              7.4196129
            ],
            [
              -76.4906033,
              7.4190909
            ],
            [
              -76.49026,
              7.4170936
            ],
            [
              -76.4910382,
              7.4163446
            ],
            [
              -76.4918621,
              7.4158453
            ],
            [
              -76.4926403,
              7.415641
            ],
            [
              -76.4936703,
              7.4143927
            ],
            [
              -76.4944714,
              7.4141884
            ],
            [
              -76.4953412,
              7.4146878
            ],
            [
              -76.4960736,
              7.4152098
            ],
            [
              -76.4986828,
              7.4204981
            ],
            [
              -76.4985455,
              7.4229039
            ],
            [
              -76.4998959,
              7.4259452
            ],
            [
              -76.4997815,
              7.4297809
            ],
            [
              -76.5021389,
              7.4331399
            ],
            [
              -76.5006283,
              7.4350009
            ],
            [
              -76.5012692,
              7.439472
            ],
            [
              -76.4985684,
              7.4413557
            ],
            [
              -76.4968518,
              7.4433075
            ],
            [
              -76.4906948,
              7.4437841
            ],
            [
              -76.489436,
              7.4478919
            ],
            [
              -76.487101,
              7.4493467
            ],
            [
              -76.485865,
              7.4503226
            ],
            [
              -76.4825691,
              7.4501637
            ],
            [
              -76.4770073,
              7.4491424
            ],
            [
              -76.4753822,
              7.4485977
            ],
            [
              -76.474398,
              7.4502545
            ],
            [
              -76.4744438,
              7.4517523
            ],
            [
              -76.4745811,
              7.4533183
            ],
            [
              -76.4746727,
              7.4554289
            ],
            [
              -76.4732994,
              7.457653
            ],
            [
              -76.4703926,
              7.4587877
            ],
            [
              -76.4668221,
              7.4606713
            ],
            [
              -76.4644417,
              7.459877
            ],
            [
              -76.4614891,
              7.4581296
            ],
            [
              -76.4571403,
              7.4582657
            ],
            [
              -76.4555382,
              7.458765
            ],
            [
              -76.4517616,
              7.4610571
            ],
            [
              -76.4495415,
              7.4622826
            ],
            [
              -76.4474815,
              7.4639393
            ],
            [
              -76.4461998,
              7.4661407
            ],
            [
              -76.4455131,
              7.4674115
            ],
            [
              -76.4412331,
              7.4695902
            ],
            [
              -76.4391506,
              7.4700173
            ],
            [
              -76.4385428,
              7.4689373
            ],
            [
              -76.4386801,
              7.4605858
            ],
            [
              -76.4379019,
              7.4572951
            ],
            [
              -76.4328894,
              7.4542313
            ],
            [
              -76.4300513,
              7.4496924
            ],
            [
              -76.4253134,
              7.4439732
            ],
            [
              -76.4234137,
              7.4410909
            ],
            [
              -76.4236197,
              7.4387759
            ],
            [
              -76.4260916,
              7.4361432
            ],
            [
              -76.419866,
              7.4267017
            ],
            [
              -76.4174856,
              7.4245683
            ],
            [
              -76.4169592,
              7.4205964
            ],
            [
              -76.4150824,
              7.4176005
            ],
            [
              -76.4121985,
              7.4153535
            ],
            [
              -76.4097037,
              7.4139463
            ],
            [
              -76.4054007,
              7.4136966
            ],
            [
              -76.4041486,
              7.4137323
            ],
            [
              -76.4035215,
              7.413059
            ],
            [
              -76.4025536,
              7.4114799
            ],
            [
              -76.4018768,
              7.4100878
            ],
            [
              -76.4011424,
              7.4093721
            ],
            [
              -76.4004092,
              7.4087599
            ],
            [
              -76.3995637,
              7.4074246
            ],
            [
              -76.3979938,
              7.4062015
            ],
            [
              -76.3968311,
              7.4043524
            ],
            [
              -76.3958919,
              7.4038462
            ],
            [
              -76.3951563,
              7.403027
            ],
            [
              -76.3936888,
              7.4016991
            ],
            [
              -76.3924262,
              7.4001618
            ],
            [
              -76.3912685,
              7.3987267
            ],
            [
              -76.3898997,
              7.3969835
            ],
            [
              -76.3879065,
              7.3950409
            ],
            [
              -76.3861269,
              7.3936132
            ],
            [
              -76.3839338,
              7.3922938
            ],
            [
              -76.3809254,
              7.3917098
            ],
            [
              -76.3809201,
              7.3917088
            ],
            [
              -76.3776892,
              7.3902983
            ],
            [
              -76.3751765,
              7.3882582
            ],
            [
              -76.3736017,
              7.386621
            ],
            [
              -76.3725354,
              7.3841496
            ],
            [
              -76.3717814,
              7.381778
            ],
            [
              -76.3709237,
              7.3794077
            ],
            [
              -76.3695967,
              7.3775624
            ],
            [
              -76.3691028,
              7.3766537
            ],
            [
              -76.3683852,
              7.3751943
            ],
            [
              -76.3674301,
              7.3733426
            ],
            [
              -76.3666921,
              7.3723163
            ],
            [
              -76.364498,
              7.3708933
            ],
            [
              -76.3635515,
              7.369766
            ],
            [
              -76.3626037,
              7.3685352
            ],
            [
              -76.3614536,
              7.3677208
            ],
            [
              -76.3600949,
              7.3668054
            ],
            [
              -76.3583191,
              7.3656879
            ],
            [
              -76.3559165,
              7.3641637
            ],
            [
              -76.3555942,
              7.3632153
            ],
            [
              -76.3553623,
              7.361148
            ],
            [
              -76.3548281,
              7.3598087
            ],
            [
              -76.3532511,
              7.3579643
            ],
            [
              -76.3529366,
              7.3571317
            ]
          ]
        ]
      },
      "properties": {
        "osm_id": 17014348,
        "nombre": "Resguardo Indígena Jaikerazavi",
        "nombre_en": "Jaikerazavi Indigenous Reservation",
        "grupo_etnico": "embera katío",
        "grupo_estandar": "Embera",
        "fecha_creacion": "1999/05/30",
        "descripcion": "Creado por resolucion no. 0028 del 30-05-1999. ID resguardo 1554, con 32482.1521 ha.",
        "fuente": "OpenStreetMap / IGAC resguardos indígenas legalizados",
        "boundary": "aboriginal_lands",
        "tipo": "Resguardo Indígena"
      }
    },
    {
      "type": "Feature",
      "geometry": {
        "type": "MultiPolygon",
        "coordinates": [
          [
            [
              [
                -76.5720039,
                7.3291112
              ],
              [
                -76.5739723,
                7.329202
              ],
              [
                -76.5753456,
                7.3291339
              ],
              [
                -76.5738807,
                7.3327888
              ],
              [
                -76.572187,
                7.3361485
              ],
              [
                -76.5707451,
                7.3356945
              ],
              [
                -76.5698066,
                7.3354448
              ],
              [
                -76.5710197,
                7.3328342
              ],
              [
                -76.5720039,
                7.3291112
              ]
            ]
          ],
          [
            [
              [
                -76.5695663,
                7.3250179
              ],
              [
                -76.570848,
                7.3199327
              ],
              [
                -76.5734802,
                7.3218851
              ],
              [
                -76.5719696,
                7.3263346
              ],
              [
                -76.5717521,
                7.3289523
              ],
              [
                -76.5686622,
                7.3279307
              ],
              [
                -76.5695663,
                7.3250179
              ]
            ]
          ],
          [
            [
              [
                -76.6111418,
                7.3601463
              ],
              [
                -76.6120802,
                7.3610543
              ],
              [
                -76.6128126,
                7.3613948
              ],
              [
                -76.6126066,
                7.3600101
              ],
              [
                -76.6123548,
                7.3576266
              ],
              [
                -76.6124464,
                7.356537
              ],
              [
                -76.6126524,
                7.3552204
              ],
              [
                -76.6132932,
                7.3538357
              ],
              [
                -76.611096,
                7.353586
              ],
              [
                -76.6097914,
                7.3531093
              ],
              [
                -76.6078001,
                7.3529958
              ],
              [
                -76.6046415,
                7.3523829
              ],
              [
                -76.6037718,
                7.3548118
              ],
              [
                -76.6084638,
                7.3572407
              ],
              [
                -76.6112791,
                7.3582168
              ],
              [
                -76.6111418,
                7.3601463
              ]
            ]
          ]
        ]
      },
      "properties": {
        "osm_id": 17014953,
        "nombre": "Resguardo Indígena Coribi-Bedadó",
        "nombre_en": "Coribi-Bedado Indigenous Reservation",
        "grupo_etnico": "embera katío",
        "grupo_estandar": "Embera",
        "fecha_creacion": "2003/04/09",
        "descripcion": "Creado por resolucion no. 0003 del 09-04-2003. ID resguardo 1661, con 105.15 ha.",
        "fuente": "OpenStreetMap / IGAC resguardos indígenas legalizados",
        "boundary": "aboriginal_lands",
        "tipo": "Resguardo Indígena"
      }
    },
    {
      "type": "Feature",
      "geometry": {
        "type": "Polygon",
        "coordinates": [
          [
            [
              -76.2180893,
              7.1502038
            ],
            [
              -76.2188816,
              7.1499876
            ],
            [
              -76.219728,
              7.1498465
            ],
            [
              -76.2206128,
              7.1496541
            ],
            [
              -76.2212027,
              7.1490514
            ],
            [
              -76.2218695,
              7.1487437
            ],
            [
              -76.22278,
              7.1485641
            ],
            [
              -76.2241009,
              7.1486154
            ],
            [
              -76.2259431,
              7.1487076
            ],
            [
              -76.2274677,
              7.1489746
            ],
            [
              -76.2277912,
              7.1488762
            ],
            [
              -76.2280342,
              7.1488947
            ],
            [
              -76.228499,
              7.1490869
            ],
            [
              -76.2292536,
              7.149257
            ],
            [
              -76.2300032,
              7.1492807
            ],
            [
              -76.2313068,
              7.1495601
            ],
            [
              -76.2319889,
              7.1496245
            ],
            [
              -76.2328962,
              7.149407
            ],
            [
              -76.233325,
              7.1494785
            ],
            [
              -76.2335268,
              7.1496684
            ],
            [
              -76.233566,
              7.1505624
            ],
            [
              -76.2339712,
              7.1510369
            ],
            [
              -76.2340048,
              7.1514536
            ],
            [
              -76.234483,
              7.1518575
            ],
            [
              -76.2348395,
              7.1519531
            ],
            [
              -76.2353379,
              7.1519182
            ],
            [
              -76.2357791,
              7.1517146
            ],
            [
              -76.236353,
              7.1512537
            ],
            [
              -76.2365406,
              7.1510204
            ],
            [
              -76.2371064,
              7.1507252
            ],
            [
              -76.2375631,
              7.1507029
            ],
            [
              -76.2380288,
              7.150471
            ],
            [
              -76.2385841,
              7.1505682
            ],
            [
              -76.2391732,
              7.1512395
            ],
            [
              -76.2404717,
              7.1523351
            ],
            [
              -76.2416002,
              7.1525621
            ],
            [
              -76.2422039,
              7.1531744
            ],
            [
              -76.2429554,
              7.153508
            ],
            [
              -76.2436795,
              7.1535987
            ],
            [
              -76.2446604,
              7.153455
            ],
            [
              -76.2460436,
              7.154141
            ],
            [
              -76.2470443,
              7.1544182
            ],
            [
              -76.2484113,
              7.1541698
            ],
            [
              -76.2504868,
              7.1536187
            ],
            [
              -76.251115,
              7.1533037
            ],
            [
              -76.251368,
              7.1531109
            ],
            [
              -76.2514652,
              7.1528259
            ],
            [
              -76.251811,
              7.1526018
            ],
            [
              -76.2533373,
              7.1523117
            ],
            [
              -76.2536613,
              7.1523211
            ],
            [
              -76.2539821,
              7.1525159
            ],
            [
              -76.2543344,
              7.1525335
            ],
            [
              -76.2547094,
              7.1523081
            ],
            [
              -76.2547076,
              7.1520908
            ],
            [
              -76.2545776,
              7.1518156
            ],
            [
              -76.2546606,
              7.1515768
            ],
            [
              -76.2549658,
              7.1514792
            ],
            [
              -76.25532,
              7.151586
            ],
            [
              -76.2560332,
              7.1515601
            ],
            [
              -76.2565062,
              7.1514222
            ],
            [
              -76.2567953,
              7.1507784
            ],
            [
              -76.258022,
              7.1498748
            ],
            [
              -76.2596274,
              7.149186
            ],
            [
              -76.2609669,
              7.1480638
            ],
            [
              -76.261776,
              7.1478827
            ],
            [
              -76.26276,
              7.147495
            ],
            [
              -76.263061,
              7.147257
            ],
            [
              -76.263583,
              7.147061
            ],
            [
              -76.26365,
              7.146947
            ],
            [
              -76.263785,
              7.146909
            ],
            [
              -76.264009,
              7.146943
            ],
            [
              -76.264283,
              7.147106
            ],
            [
              -76.264426,
              7.147087
            ],
            [
              -76.264699,
              7.146853
            ],
            [
              -76.265098,
              7.145964
            ],
            [
              -76.265252,
              7.14583
            ],
            [
              -76.265497,
              7.145682
            ],
            [
              -76.265679,
              7.145635
            ],
            [
              -76.265865,
              7.14563
            ],
            [
              -76.2664388,
              7.1457955
            ],
            [
              -76.2667151,
              7.1457249
            ],
            [
              -76.2669165,
              7.1454315
            ],
            [
              -76.2671665,
              7.1453477
            ],
            [
              -76.2674126,
              7.1453091
            ],
            [
              -76.2681442,
              7.145417
            ],
            [
              -76.2683975,
              7.1455712
            ],
            [
              -76.2685502,
              7.1456033
            ],
            [
              -76.2689238,
              7.1455702
            ],
            [
              -76.269955,
              7.1458527
            ],
            [
              -76.2703394,
              7.1456619
            ],
            [
              -76.2706139,
              7.1452151
            ],
            [
              -76.2709322,
              7.1451102
            ],
            [
              -76.2713178,
              7.1456354
            ],
            [
              -76.2722356,
              7.1455824
            ],
            [
              -76.2731385,
              7.1451293
            ],
            [
              -76.2738481,
              7.1458915
            ],
            [
              -76.2739393,
              7.1466607
            ],
            [
              -76.2745179,
              7.1478509
            ],
            [
              -76.2742374,
              7.148917
            ],
            [
              -76.2746561,
              7.1490481
            ],
            [
              -76.2751153,
              7.1491347
            ],
            [
              -76.2751878,
              7.1502273
            ],
            [
              -76.2758674,
              7.1506279
            ],
            [
              -76.2759902,
              7.1514325
            ],
            [
              -76.2766197,
              7.1513508
            ],
            [
              -76.2775816,
              7.1513641
            ],
            [
              -76.2787979,
              7.1511605
            ],
            [
              -76.2792326,
              7.1505191
            ],
            [
              -76.2800974,
              7.1503277
            ],
            [
              -76.2806966,
              7.1498256
            ],
            [
              -76.2816847,
              7.1497311
            ],
            [
              -76.2821303,
              7.1501684
            ],
            [
              -76.2824181,
              7.1512198
            ],
            [
              -76.2836856,
              7.151456
            ],
            [
              -76.2856574,
              7.1538214
            ],
            [
              -76.286936,
              7.1537526
            ],
            [
              -76.2880892,
              7.1529508
            ],
            [
              -76.288897,
              7.1534304
            ],
            [
              -76.2893754,
              7.1534035
            ],
            [
              -76.2899299,
              7.1536944
            ],
            [
              -76.2900241,
              7.1536285
            ],
            [
              -76.2900045,
              7.1535175
            ],
            [
              -76.2901148,
              7.1534229
            ],
            [
              -76.2905542,
              7.1534736
            ],
            [
              -76.2909884,
              7.1538714
            ],
            [
              -76.2912814,
              7.1537152
            ],
            [
              -76.291544,
              7.1537275
            ],
            [
              -76.2923562,
              7.1538534
            ],
            [
              -76.2930742,
              7.1528994
            ],
            [
              -76.2937186,
              7.1532228
            ],
            [
              -76.294419,
              7.153158
            ],
            [
              -76.2956874,
              7.1536358
            ],
            [
              -76.2968616,
              7.1533396
            ],
            [
              -76.2980399,
              7.1535991
            ],
            [
              -76.2980588,
              7.154719
            ],
            [
              -76.298957,
              7.1550662
            ],
            [
              -76.2999342,
              7.154949
            ],
            [
              -76.3009533,
              7.1542234
            ],
            [
              -76.3032755,
              7.1545487
            ],
            [
              -76.3033146,
              7.1554374
            ],
            [
              -76.3045245,
              7.1558145
            ],
            [
              -76.305772,
              7.1550863
            ],
            [
              -76.3076927,
              7.1555092
            ],
            [
              -76.3095781,
              7.1541163
            ],
            [
              -76.3107822,
              7.1539872
            ],
            [
              -76.3121436,
              7.1529886
            ],
            [
              -76.3130614,
              7.1528914
            ],
            [
              -76.3146599,
              7.1534519
            ],
            [
              -76.3169714,
              7.1536285
            ],
            [
              -76.3180907,
              7.1532533
            ],
            [
              -76.3188788,
              7.1529891
            ],
            [
              -76.3202201,
              7.1539374
            ],
            [
              -76.3215609,
              7.1559721
            ],
            [
              -76.3212938,
              7.1579993
            ],
            [
              -76.3226713,
              7.1590032
            ],
            [
              -76.3230821,
              7.1605647
            ],
            [
              -76.3224754,
              7.1612825
            ],
            [
              -76.3229894,
              7.1615486
            ],
            [
              -76.3243131,
              7.1613167
            ],
            [
              -76.3244983,
              7.1617716
            ],
            [
              -76.3236403,
              7.1629423
            ],
            [
              -76.3236484,
              7.1643959
            ],
            [
              -76.324685,
              7.1649195
            ],
            [
              -76.3239886,
              7.1655481
            ],
            [
              -76.3246167,
              7.1662131
            ],
            [
              -76.3260625,
              7.1660501
            ],
            [
              -76.3302722,
              7.1665514
            ],
            [
              -76.3310957,
              7.1671779
            ],
            [
              -76.3322433,
              7.169033
            ],
            [
              -76.3336695,
              7.1694146
            ],
            [
              -76.3345144,
              7.1703365
            ],
            [
              -76.3354774,
              7.1701917
            ],
            [
              -76.336475,
              7.1705164
            ],
            [
              -76.3371598,
              7.1705145
            ],
            [
              -76.3392971,
              7.1719518
            ],
            [
              -76.339707,
              7.1727115
            ],
            [
              -76.3407014,
              7.1732105
            ],
            [
              -76.3425465,
              7.1753257
            ],
            [
              -76.3429031,
              7.1753484
            ],
            [
              -76.3434493,
              7.1747981
            ],
            [
              -76.343849,
              7.1749161
            ],
            [
              -76.3439997,
              7.175562
            ],
            [
              -76.3446157,
              7.1756154
            ],
            [
              -76.3452203,
              7.1752419
            ],
            [
              -76.3456721,
              7.1757165
            ],
            [
              -76.3458125,
              7.1764663
            ],
            [
              -76.3462085,
              7.176899
            ],
            [
              -76.3466555,
              7.1769524
            ],
            [
              -76.3471678,
              7.1765018
            ],
            [
              -76.348597,
              7.1766352
            ],
            [
              -76.3487665,
              7.1770735
            ],
            [
              -76.3491287,
              7.1771298
            ],
            [
              -76.3495474,
              7.1768715
            ],
            [
              -76.3507917,
              7.1773611
            ],
            [
              -76.3513184,
              7.1779522
            ],
            [
              -76.3516976,
              7.178081
            ],
            [
              -76.3521262,
              7.1778008
            ],
            [
              -76.3523158,
              7.1778097
            ],
            [
              -76.3526149,
              7.1783621
            ],
            [
              -76.3532092,
              7.1787001
            ],
            [
              -76.3537781,
              7.1791252
            ],
            [
              -76.3543733,
              7.1786616
            ],
            [
              -76.3567703,
              7.1794234
            ],
            [
              -76.3574757,
              7.1790267
            ],
            [
              -76.358267,
              7.1788856
            ],
            [
              -76.3588487,
              7.1785071
            ],
            [
              -76.3590858,
              7.1789486
            ],
            [
              -76.3597688,
              7.1789864
            ],
            [
              -76.3604518,
              7.1788305
            ],
            [
              -76.361093,
              7.1789337
            ],
            [
              -76.3610793,
              7.1799549
            ],
            [
              -76.3629754,
              7.1803517
            ],
            [
              -76.3641413,
              7.1799048
            ],
            [
              -76.3653933,
              7.180117
            ],
            [
              -76.3659972,
              7.1795409
            ],
            [
              -76.368322,
              7.1791448
            ],
            [
              -76.3690722,
              7.1794413
            ],
            [
              -76.369673,
              7.1793312
            ],
            [
              -76.36993,
              7.1789444
            ],
            [
              -76.3695376,
              7.1784152
            ],
            [
              -76.3698754,
              7.1782151
            ],
            [
              -76.3703477,
              7.1783036
            ],
            [
              -76.3715051,
              7.1790559
            ],
            [
              -76.373067,
              7.1783705
            ],
            [
              -76.3737655,
              7.1783809
            ],
            [
              -76.3744142,
              7.1780114
            ],
            [
              -76.3752192,
              7.1778228
            ],
            [
              -76.375909,
              7.1780923
            ],
            [
              -76.3771893,
              7.179349
            ],
            [
              -76.3781137,
              7.1793136
            ],
            [
              -76.3795277,
              7.1799443
            ],
            [
              -76.3809171,
              7.1804901
            ],
            [
              -76.3819913,
              7.1812554
            ],
            [
              -76.3826914,
              7.1806634
            ],
            [
              -76.3845301,
              7.1808143
            ],
            [
              -76.3839144,
              7.1787218
            ],
            [
              -76.3814883,
              7.1755653
            ],
            [
              -76.3791079,
              7.1720454
            ],
            [
              -76.3771624,
              7.1664362
            ],
            [
              -76.3796801,
              7.157693
            ],
            [
              -76.3811221,
              7.1525152
            ],
            [
              -76.3825411,
              7.146497
            ],
            [
              -76.3864092,
              7.1368676
            ],
            [
              -76.3874621,
              7.1301452
            ],
            [
              -76.4058871,
              7.1281012
            ],
            [
              -76.4124586,
              7.1277103
            ],
            [
              -76.4128935,
              7.1163545
            ],
            [
              -76.4082014,
              7.1162637
            ],
            [
              -76.4051344,
              7.1156277
            ],
            [
              -76.4021818,
              7.115923
            ],
            [
              -76.3992979,
              7.1164226
            ],
            [
              -76.395178,
              7.1169677
            ],
            [
              -76.3942167,
              7.1188982
            ],
            [
              -76.3930036,
              7.1222368
            ],
            [
              -76.3912412,
              7.123327
            ],
            [
              -76.388014,
              7.1239629
            ],
            [
              -76.3841917,
              7.1245988
            ],
            [
              -76.3819257,
              7.1263703
            ],
            [
              -76.3788358,
              7.1270744
            ],
            [
              -76.3756887,
              7.1278309
            ],
            [
              -76.3728506,
              7.1292618
            ],
            [
              -76.368456,
              7.1298068
            ],
            [
              -76.3647024,
              7.1300112
            ],
            [
              -76.3626196,
              7.1306244
            ],
            [
              -76.3597585,
              7.1307834
            ],
            [
              -76.3562109,
              7.129557
            ],
            [
              -76.3547231,
              7.1298977
            ],
            [
              -76.3506948,
              7.1323959
            ],
            [
              -76.3479482,
              7.1341219
            ],
            [
              -76.3446066,
              7.1338721
            ],
            [
              -76.3389074,
              7.1314647
            ],
            [
              -76.3367788,
              7.1309651
            ],
            [
              -76.3340609,
              7.1295638
            ],
            [
              -76.3316576,
              7.1259754
            ],
            [
              -76.330765,
              7.1240903
            ],
            [
              -76.3289568,
              7.1231364
            ],
            [
              -76.3263018,
              7.1222507
            ],
            [
              -76.3213351,
              7.1201839
            ],
            [
              -76.3182452,
              7.1185033
            ],
            [
              -76.3130267,
              7.1183897
            ],
            [
              -76.3041003,
              7.1207063
            ],
            [
              -76.2999346,
              7.1201612
            ],
            [
              -76.2981036,
              7.1196616
            ],
            [
              -76.2931368,
              7.1195707
            ],
            [
              -76.2897265,
              7.1210243
            ],
            [
              -76.2850344,
              7.1225686
            ],
            [
              -76.2810061,
              7.1223642
            ],
            [
              -76.2791293,
              7.1211151
            ],
            [
              -76.277138,
              7.1181626
            ],
            [
              -76.2770235,
              7.1163456
            ],
            [
              -76.2759707,
              7.1111673
            ],
            [
              -76.2763369,
              7.1049214
            ],
            [
              -76.275696,
              7.101083
            ],
            [
              -76.2758763,
              7.08151
            ],
            [
              -76.2812779,
              7.0811693
            ],
            [
              -76.2847111,
              7.0814645
            ],
            [
              -76.2876637,
              7.0811011
            ],
            [
              -76.2911427,
              7.0786708
            ],
            [
              -76.2957432,
              7.0766265
            ],
            [
              -76.2977345,
              7.0747185
            ],
            [
              -76.2991536,
              7.0732194
            ],
            [
              -76.3004353,
              7.0691082
            ],
            [
              -76.3006184,
              7.0681769
            ],
            [
              -76.301122,
              7.0642246
            ],
            [
              -76.3017399,
              7.062521
            ],
            [
              -76.3029072,
              7.0580008
            ],
            [
              -76.3050587,
              7.0550933
            ],
            [
              -76.3075306,
              7.0510955
            ],
            [
              -76.3105519,
              7.0498234
            ],
            [
              -76.3168004,
              7.0495281
            ],
            [
              -76.3227284,
              7.0488239
            ],
            [
              -76.3264821,
              7.0483924
            ],
            [
              -76.3284505,
              7.0478472
            ],
            [
              -76.3284295,
              7.045
            ],
            [
              -76.3257974,
              7.0404115
            ],
            [
              -76.3233713,
              7.0383671
            ],
            [
              -76.3210596,
              7.0329834
            ],
            [
              -76.3176263,
              7.0319612
            ],
            [
              -76.3148891,
              7.0299641
            ],
            [
              -76.3112727,
              7.0266475
            ],
            [
              -76.3082286,
              7.0229447
            ],
            [
              -76.3016139,
              7.0225358
            ],
            [
              -76.2983638,
              7.0219906
            ],
            [
              -76.2929164,
              7.0204459
            ],
            [
              -76.2921611,
              7.0205141
            ],
            [
              -76.2931911,
              7.0230129
            ],
            [
              -76.2940379,
              7.0249438
            ],
            [
              -76.2958232,
              7.027965
            ],
            [
              -76.2985469,
              7.0307137
            ],
            [
              -76.303239,
              7.034371
            ],
            [
              -76.3051387,
              7.0360519
            ],
            [
              -76.312028,
              7.0388687
            ],
            [
              -76.3155299,
              7.0406632
            ],
            [
              -76.3189403,
              7.0421397
            ],
            [
              -76.3203593,
              7.0434572
            ],
            [
              -76.312852,
              7.0440251
            ],
            [
              -76.3081599,
              7.0448883
            ],
            [
              -76.3068553,
              7.0455016
            ],
            [
              -76.3032847,
              7.0460014
            ],
            [
              -76.3001033,
              7.046433
            ],
            [
              -76.2986155,
              7.0478186
            ],
            [
              -76.2980205,
              7.050499
            ],
            [
              -76.2973796,
              7.0523162
            ],
            [
              -76.2965556,
              7.0549284
            ],
            [
              -76.295663,
              7.0585628
            ],
            [
              -76.2959147,
              7.0638099
            ],
            [
              -76.2953425,
              7.0658541
            ],
            [
              -76.294633,
              7.0669217
            ],
            [
              -76.2935801,
              7.0690569
            ],
            [
              -76.2920009,
              7.0694884
            ],
            [
              -76.2906047,
              7.069602
            ],
            [
              -76.2888423,
              7.069602
            ],
            [
              -76.2870341,
              7.0693294
            ],
            [
              -76.286645,
              7.0672851
            ],
            [
              -76.2857524,
              7.0644231
            ],
            [
              -76.284608,
              7.0619473
            ],
            [
              -76.2844707,
              7.0594259
            ],
            [
              -76.284608,
              7.0556326
            ],
            [
              -76.284814,
              7.05193
            ],
            [
              -76.28399,
              7.0502491
            ],
            [
              -76.2826854,
              7.047705
            ],
            [
              -76.2818156,
              7.0459787
            ],
            [
              -76.2816096,
              7.044275
            ],
            [
              -76.2814265,
              7.0404361
            ],
            [
              -76.2808314,
              7.0365744
            ],
            [
              -76.2796184,
              7.0349616
            ],
            [
              -76.2780391,
              7.0337576
            ],
            [
              -76.2755672,
              7.0334396
            ],
            [
              -76.2730494,
              7.0330762
            ],
            [
              -76.2735301,
              7.0364154
            ],
            [
              -76.2738048,
              7.0397773
            ],
            [
              -76.2739192,
              7.0406632
            ],
            [
              -76.2743312,
              7.0429121
            ],
            [
              -76.2755214,
              7.0470463
            ],
            [
              -76.2753383,
              7.0490225
            ],
            [
              -76.275178,
              7.0523389
            ],
            [
              -76.2730952,
              7.0538381
            ],
            [
              -76.2723399,
              7.0547467
            ],
            [
              -76.2704173,
              7.0570863
            ],
            [
              -76.2683345,
              7.0609251
            ],
            [
              -76.2670985,
              7.0627423
            ],
            [
              -76.2656337,
              7.0642869
            ],
            [
              -76.2642146,
              7.0661267
            ],
            [
              -76.2627955,
              7.0683527
            ],
            [
              -76.2603007,
              7.0694657
            ],
            [
              -76.259019,
              7.0713056
            ],
            [
              -76.2587443,
              7.0744628
            ],
            [
              -76.2597972,
              7.0779835
            ],
            [
              -76.2603007,
              7.0807091
            ],
            [
              -76.2579661,
              7.0856379
            ],
            [
              -76.2564784,
              7.0894538
            ],
            [
              -76.2549678,
              7.0919749
            ],
            [
              -76.2548076,
              7.0952002
            ],
            [
              -76.2547618,
              7.0968809
            ],
            [
              -76.2529994,
              7.1022184
            ],
            [
              -76.2521296,
              7.1051029
            ],
            [
              -76.2524501,
              7.1086233
            ],
            [
              -76.2527247,
              7.1117803
            ],
            [
              -76.2520381,
              7.1140061
            ],
            [
              -76.2451259,
              7.1180942
            ],
            [
              -76.2409373,
              7.1230226
            ],
            [
              -76.239152,
              7.1238175
            ],
            [
              -76.2374614,
              7.1252363
            ],
            [
              -76.2352641,
              7.1303464
            ],
            [
              -76.2333644,
              7.13155
            ],
            [
              -76.2310756,
              7.1319361
            ],
            [
              -76.2271159,
              7.135093
            ],
            [
              -76.2244151,
              7.1353882
            ],
            [
              -76.2214168,
              7.1347069
            ],
            [
              -76.2164272,
              7.135093
            ],
            [
              -76.2137035,
              7.1356607
            ],
            [
              -76.2111858,
              7.1353201
            ],
            [
              -76.207661,
              7.1358651
            ],
            [
              -76.204182,
              7.1377501
            ],
            [
              -76.2027016,
              7.1389423
            ],
            [
              -76.2058384,
              7.1413921
            ],
            [
              -76.2082475,
              7.1436428
            ],
            [
              -76.2108592,
              7.1454772
            ],
            [
              -76.212734,
              7.1462845
            ],
            [
              -76.2150186,
              7.1466731
            ],
            [
              -76.2167978,
              7.1482061
            ],
            [
              -76.2180893,
              7.1502038
            ]
          ]
        ]
      },
      "properties": {
        "osm_id": 17014966,
        "nombre": "Resguardo Indígena Sever",
        "nombre_en": "Sever Indigenous Reservation",
        "grupo_etnico": "embera katío",
        "grupo_estandar": "Embera",
        "fecha_creacion": "1996/08/13",
        "descripcion": "Creado por resolucion no. 0029 del 13-08-1996. ID resguardo 1028, con 9977.5 ha.",
        "fuente": "OpenStreetMap / IGAC resguardos indígenas legalizados",
        "boundary": "aboriginal_lands",
        "tipo": "Resguardo Indígena"
      }
    },
    {
      "type": "Feature",
      "geometry": {
        "type": "Polygon",
        "coordinates": [
          [
            [
              -76.474211,
              7.2072293
            ],
            [
              -76.4746076,
              7.2078846
            ],
            [
              -76.4757646,
              7.2079294
            ],
            [
              -76.4762202,
              7.2092005
            ],
            [
              -76.4768442,
              7.2100065
            ],
            [
              -76.4779801,
              7.2110222
            ],
            [
              -76.4787063,
              7.212202
            ],
            [
              -76.4790957,
              7.2125513
            ],
            [
              -76.4792718,
              7.2130418
            ],
            [
              -76.4790058,
              7.2132043
            ],
            [
              -76.478007,
              7.2135887
            ],
            [
              -76.4775772,
              7.2140609
            ],
            [
              -76.4766095,
              7.2147424
            ],
            [
              -76.4765865,
              7.2150031
            ],
            [
              -76.4766857,
              7.2152625
            ],
            [
              -76.4770081,
              7.2153068
            ],
            [
              -76.4774,
              7.2156586
            ],
            [
              -76.4773959,
              7.2158214
            ],
            [
              -76.4770954,
              7.2163055
            ],
            [
              -76.4768359,
              7.2169191
            ],
            [
              -76.4767947,
              7.2174124
            ],
            [
              -76.4768291,
              7.2176492
            ],
            [
              -76.4769053,
              7.2179549
            ],
            [
              -76.4771177,
              7.2182255
            ],
            [
              -76.4773822,
              7.2182661
            ],
            [
              -76.4777294,
              7.2181505
            ],
            [
              -76.4781026,
              7.218084
            ],
            [
              -76.4784516,
              7.2181852
            ],
            [
              -76.4785744,
              7.2184028
            ],
            [
              -76.4783911,
              7.2190769
            ],
            [
              -76.4785178,
              7.2194018
            ],
            [
              -76.4796349,
              7.2198538
            ],
            [
              -76.4812665,
              7.2208931
            ],
            [
              -76.4822294,
              7.2210996
            ],
            [
              -76.483348,
              7.221805
            ],
            [
              -76.4839558,
              7.2219855
            ],
            [
              -76.4847754,
              7.2228137
            ],
            [
              -76.485146,
              7.2235273
            ],
            [
              -76.4856766,
              7.2238687
            ],
            [
              -76.4868762,
              7.2241742
            ],
            [
              -76.4878791,
              7.2248759
            ],
            [
              -76.4881198,
              7.226118
            ],
            [
              -76.4875844,
              7.2268736
            ],
            [
              -76.4872443,
              7.2274938
            ],
            [
              -76.4870874,
              7.2281404
            ],
            [
              -76.4877969,
              7.2289486
            ],
            [
              -76.4894915,
              7.2311918
            ],
            [
              -76.4906355,
              7.2319452
            ],
            [
              -76.4921403,
              7.2334912
            ],
            [
              -76.4930876,
              7.2329206
            ],
            [
              -76.4935288,
              7.2329509
            ],
            [
              -76.4940214,
              7.233534
            ],
            [
              -76.4945812,
              7.234906
            ],
            [
              -76.4953906,
              7.2372122
            ],
            [
              -76.4961311,
              7.238186
            ],
            [
              -76.4986797,
              7.2405606
            ],
            [
              -76.4995924,
              7.2413976
            ],
            [
              -76.5002898,
              7.2415941
            ],
            [
              -76.5004965,
              7.2413208
            ],
            [
              -76.5005309,
              7.2409108
            ],
            [
              -76.5003156,
              7.2404751
            ],
            [
              -76.4999885,
              7.2399712
            ],
            [
              -76.4998335,
              7.2393989
            ],
            [
              -76.5005826,
              7.2384337
            ],
            [
              -76.5006121,
              7.2376123
            ],
            [
              -76.5003598,
              7.2371924
            ],
            [
              -76.5002209,
              7.2367766
            ],
            [
              -76.5007289,
              7.2364606
            ],
            [
              -76.5004448,
              7.2356491
            ],
            [
              -76.5007031,
              7.2350939
            ],
            [
              -76.5012714,
              7.2348462
            ],
            [
              -76.5021582,
              7.2340262
            ],
            [
              -76.5027909,
              7.2339611
            ],
            [
              -76.5031448,
              7.234304
            ],
            [
              -76.5040043,
              7.2339957
            ],
            [
              -76.5051891,
              7.2343508
            ],
            [
              -76.5057659,
              7.2345814
            ],
            [
              -76.5073933,
              7.2355552
            ],
            [
              -76.5080132,
              7.2357772
            ],
            [
              -76.5087365,
              7.2363752
            ],
            [
              -76.5092962,
              7.2366741
            ],
            [
              -76.5101486,
              7.2375881
            ],
            [
              -76.5106996,
              7.2378443
            ],
            [
              -76.5112335,
              7.2375454
            ],
            [
              -76.5118792,
              7.2374514
            ],
            [
              -76.512482,
              7.2375283
            ],
            [
              -76.5129814,
              7.2379041
            ],
            [
              -76.5141954,
              7.2378016
            ],
            [
              -76.5150444,
              7.2374883
            ],
            [
              -76.5156532,
              7.2371259
            ],
            [
              -76.5160672,
              7.2373916
            ],
            [
              -76.5164082,
              7.2377782
            ],
            [
              -76.5168952,
              7.2380439
            ],
            [
              -76.5177719,
              7.2381647
            ],
            [
              -76.5185269,
              7.2380681
            ],
            [
              -76.5188191,
              7.2377298
            ],
            [
              -76.5196205,
              7.2373244
            ],
            [
              -76.5207253,
              7.2379545
            ],
            [
              -76.5214107,
              7.2381864
            ],
            [
              -76.5219379,
              7.238798
            ],
            [
              -76.523081,
              7.2388412
            ],
            [
              -76.5241039,
              7.2386721
            ],
            [
              -76.5249681,
              7.2387581
            ],
            [
              -76.5254488,
              7.2392497
            ],
            [
              -76.5256151,
              7.2398125
            ],
            [
              -76.5257146,
              7.2404716
            ],
            [
              -76.5256285,
              7.2414948
            ],
            [
              -76.5256868,
              7.2438422
            ],
            [
              -76.5259633,
              7.244328
            ],
            [
              -76.5292055,
              7.2405203
            ],
            [
              -76.5313799,
              7.2387266
            ],
            [
              -76.532181,
              7.2360473
            ],
            [
              -76.5330049,
              7.23221
            ],
            [
              -76.5359117,
              7.2294852
            ],
            [
              -76.5380403,
              7.2276006
            ],
            [
              -76.5394136,
              7.2243536
            ],
            [
              -76.5400316,
              7.2227414
            ],
            [
              -76.5411989,
              7.220607
            ],
            [
              -76.5440599,
              7.2173827
            ],
            [
              -76.5450899,
              7.215339
            ],
            [
              -76.5472414,
              7.2137496
            ],
            [
              -76.543419,
              7.2113426
            ],
            [
              -76.5432817,
              7.2076867
            ],
            [
              -76.5438997,
              7.2049391
            ],
            [
              -76.5439684,
              7.201919
            ],
            [
              -76.5425951,
              7.197264
            ],
            [
              -76.5422746,
              7.1920411
            ],
            [
              -76.5418169,
              7.1885895
            ],
            [
              -76.5430071,
              7.1866139
            ],
            [
              -76.541794,
              7.1844338
            ],
            [
              -76.5399629,
              7.181618
            ],
            [
              -76.5406496,
              7.1783933
            ],
            [
              -76.5377428,
              7.1743512
            ],
            [
              -76.5359346,
              7.1722165
            ],
            [
              -76.5340349,
              7.1703544
            ],
            [
              -76.5319978,
              7.166948
            ],
            [
              -76.5305101,
              7.1656308
            ],
            [
              -76.530121,
              7.1634053
            ],
            [
              -76.5293199,
              7.1604303
            ],
            [
              -76.5294115,
              7.1574781
            ],
            [
              -76.5301897,
              7.1547983
            ],
            [
              -76.5309149,
              7.1529292
            ],
            [
              -76.5323111,
              7.1508172
            ],
            [
              -76.5333181,
              7.1497044
            ],
            [
              -76.5323111,
              7.1469337
            ],
            [
              -76.5301138,
              7.1453667
            ],
            [
              -76.5275045,
              7.1452532
            ],
            [
              -76.5239111,
              7.1447081
            ],
            [
              -76.5199285,
              7.1435499
            ],
            [
              -76.5145498,
              7.1409836
            ],
            [
              -76.5117804,
              7.1398708
            ],
            [
              -76.5102011,
              7.1382129
            ],
            [
              -76.5087539,
              7.1369707
            ],
            [
              -76.5085976,
              7.1378784
            ],
            [
              -76.5081425,
              7.1387359
            ],
            [
              -76.5067512,
              7.1391396
            ],
            [
              -76.5055862,
              7.1389984
            ],
            [
              -76.5037908,
              7.1380126
            ],
            [
              -76.5019972,
              7.1371816
            ],
            [
              -76.5002903,
              7.1371242
            ],
            [
              -76.4983462,
              7.1366823
            ],
            [
              -76.497246,
              7.1354558
            ],
            [
              -76.4963719,
              7.1336844
            ],
            [
              -76.4962761,
              7.1321362
            ],
            [
              -76.4955563,
              7.1302855
            ],
            [
              -76.4950025,
              7.1293624
            ],
            [
              -76.4935931,
              7.128217
            ],
            [
              -76.4925074,
              7.1282298
            ],
            [
              -76.4908781,
              7.1281714
            ],
            [
              -76.4891703,
              7.1280366
            ],
            [
              -76.4873922,
              7.1285222
            ],
            [
              -76.4861652,
              7.1296986
            ],
            [
              -76.4846316,
              7.1311885
            ],
            [
              -76.4829131,
              7.1332733
            ],
            [
              -76.4832858,
              7.1338222
            ],
            [
              -76.4836065,
              7.1347467
            ],
            [
              -76.4840653,
              7.1356858
            ],
            [
              -76.4827613,
              7.1363563
            ],
            [
              -76.4794833,
              7.1365039
            ],
            [
              -76.4724874,
              7.136586
            ],
            [
              -76.4690898,
              7.1358614
            ],
            [
              -76.4667788,
              7.134578
            ],
            [
              -76.464257,
              7.1339523
            ],
            [
              -76.462499,
              7.1332085
            ],
            [
              -76.4604169,
              7.132796
            ],
            [
              -76.4588865,
              7.1328139
            ],
            [
              -76.4573702,
              7.1340329
            ],
            [
              -76.4557471,
              7.1354714
            ],
            [
              -76.4545754,
              7.138106
            ],
            [
              -76.4538472,
              7.1412814
            ],
            [
              -76.4531038,
              7.1431465
            ],
            [
              -76.4514768,
              7.1442576
            ],
            [
              -76.4513529,
              7.1443758
            ],
            [
              -76.4498549,
              7.1458054
            ],
            [
              -76.4488979,
              7.1481098
            ],
            [
              -76.4476066,
              7.1498722
            ],
            [
              -76.4463075,
              7.1509794
            ],
            [
              -76.4452322,
              7.1525208
            ],
            [
              -76.4440489,
              7.1541727
            ],
            [
              -76.443299,
              7.1554919
            ],
            [
              -76.4430327,
              7.1560957
            ],
            [
              -76.4454526,
              7.157566
            ],
            [
              -76.4464597,
              7.1586561
            ],
            [
              -76.4486569,
              7.1606773
            ],
            [
              -76.4504651,
              7.1632662
            ],
            [
              -76.4516782,
              7.1645152
            ],
            [
              -76.4537152,
              7.1664682
            ],
            [
              -76.4546307,
              7.1694204
            ],
            [
              -76.4555234,
              7.1748933
            ],
            [
              -76.4578122,
              7.1819784
            ],
            [
              -76.4577664,
              7.1828868
            ],
            [
              -76.4573773,
              7.1874512
            ],
            [
              -76.4590939,
              7.1888137
            ],
            [
              -76.4618863,
              7.1935824
            ],
            [
              -76.4612683,
              7.1953082
            ],
            [
              -76.4624127,
              7.1973746
            ],
            [
              -76.4636258,
              7.1996681
            ],
            [
              -76.4652738,
              7.2010533
            ],
            [
              -76.4679288,
              7.2040507
            ],
            [
              -76.4685239,
              7.2055721
            ],
            [
              -76.4704694,
              7.2076611
            ],
            [
              -76.4712018,
              7.2076611
            ],
            [
              -76.4724835,
              7.2072297
            ],
            [
              -76.474211,
              7.2072293
            ]
          ]
        ]
      },
      "properties": {
        "osm_id": 17015093,
        "nombre": "Resguardo Indígena Chontadural Cañero",
        "nombre_en": "Chontadural Cañero Indigenous Reservatin",
        "grupo_etnico": "embera katío",
        "grupo_estandar": "Embera",
        "fecha_creacion": "1996/05/23",
        "descripcion": "Creado por resolucion no. 0024 del 23-05-1996. ID resguardo 1037, con 9850 ha.",
        "fuente": "OpenStreetMap / IGAC resguardos indígenas legalizados",
        "boundary": "aboriginal_lands",
        "tipo": "Resguardo Indígena"
      }
    },
    {
      "type": "Feature",
      "geometry": {
        "type": "MultiPolygon",
        "coordinates": [
          [
            [
              [
                -76.5434781,
                7.0415875
              ],
              [
                -76.5438842,
                7.0416427
              ],
              [
                -76.5457839,
                7.0432328
              ],
              [
                -76.5464248,
                7.0450728
              ],
              [
                -76.5475005,
                7.0472762
              ],
              [
                -76.5477065,
                7.0505017
              ],
              [
                -76.5503387,
                7.0537272
              ],
              [
                -76.5515746,
                7.0583384
              ],
              [
                -76.5515288,
                7.0634491
              ],
              [
                -76.5521239,
                7.0653117
              ],
              [
                -76.5545959,
                7.0677649
              ],
              [
                -76.5558318,
                7.070695
              ],
              [
                -76.5561065,
                7.0757829
              ],
              [
                -76.5561523,
                7.0777818
              ],
              [
                -76.5555801,
                7.0793263
              ],
              [
                -76.5550078,
                7.0811661
              ],
              [
                -76.5564498,
                7.0829605
              ],
              [
                -76.5552596,
                7.0850274
              ],
              [
                -76.5542068,
                7.0920458
              ],
              [
                -76.5547103,
                7.0947941
              ],
              [
                -76.5566558,
                7.0980874
              ],
              [
                -76.5575027,
                7.1002451
              ],
              [
                -76.5579087,
                7.1036203
              ],
              [
                -76.5572653,
                7.1092869
              ],
              [
                -76.5572653,
                7.1109629
              ],
              [
                -76.5559718,
                7.1129888
              ],
              [
                -76.5555294,
                7.1159019
              ],
              [
                -76.5550126,
                7.1181603
              ],
              [
                -76.5563675,
                7.1195117
              ],
              [
                -76.557836,
                7.1222074
              ],
              [
                -76.5602891,
                7.1235841
              ],
              [
                -76.563265,
                7.1243622
              ],
              [
                -76.5645566,
                7.1249187
              ],
              [
                -76.5670854,
                7.1259584
              ],
              [
                -76.5676685,
                7.1270158
              ],
              [
                -76.5679616,
                7.1284992
              ],
              [
                -76.5684326,
                7.1291307
              ],
              [
                -76.571127,
                7.1296894
              ],
              [
                -76.573379,
                7.1301882
              ],
              [
                -76.5751284,
                7.1309464
              ],
              [
                -76.5758578,
                7.1317986
              ],
              [
                -76.5757318,
                7.1341082
              ],
              [
                -76.5755908,
                7.1350764
              ],
              [
                -76.5759327,
                7.1358745
              ],
              [
                -76.5774495,
                7.1363987
              ],
              [
                -76.580497,
                7.1365728
              ],
              [
                -76.5830019,
                7.1366773
              ],
              [
                -76.5847803,
                7.1372516
              ],
              [
                -76.5856619,
                7.138444
              ],
              [
                -76.5859191,
                7.1405017
              ],
              [
                -76.586059,
                7.1428939
              ],
              [
                -76.5858889,
                7.1441727
              ],
              [
                -76.5861302,
                7.1450506
              ],
              [
                -76.5874473,
                7.1456491
              ],
              [
                -76.5886307,
                7.1465022
              ],
              [
                -76.5886939,
                7.1474647
              ],
              [
                -76.5877388,
                7.1486917
              ],
              [
                -76.5878695,
                7.1494099
              ],
              [
                -76.5895485,
                7.1505571
              ],
              [
                -76.5909967,
                7.1521559
              ],
              [
                -76.5929694,
                7.1505381
              ],
              [
                -76.593452,
                7.1484233
              ],
              [
                -76.5931303,
                7.1467474
              ],
              [
                -76.5924868,
                7.1453508
              ],
              [
                -76.5910391,
                7.1439543
              ],
              [
                -76.5900337,
                7.1427572
              ],
              [
                -76.5889881,
                7.1416399
              ],
              [
                -76.5879828,
                7.1401635
              ],
              [
                -76.5873393,
                7.1386472
              ],
              [
                -76.5870578,
                7.1369313
              ],
              [
                -76.5867763,
                7.1350958
              ],
              [
                -76.5869372,
                7.1310655
              ],
              [
                -76.5864546,
                7.1298684
              ],
              [
                -76.5855699,
                7.1287112
              ],
              [
                -76.5844841,
                7.1275141
              ],
              [
                -76.5844841,
                7.1266362
              ],
              [
                -76.5856905,
                7.1258381
              ],
              [
                -76.586535,
                7.1257184
              ],
              [
                -76.5876611,
                7.1252795
              ],
              [
                -76.5892294,
                7.1247607
              ],
              [
                -76.5898729,
                7.1250001
              ],
              [
                -76.5910793,
                7.1260775
              ],
              [
                -76.5916021,
                7.1269554
              ],
              [
                -76.5946986,
                7.1280727
              ],
              [
                -76.596629,
                7.1291102
              ],
              [
                -76.5976343,
                7.1310655
              ],
              [
                -76.5990821,
                7.1340583
              ],
              [
                -76.6008917,
                7.1361333
              ],
              [
                -76.6027014,
                7.1392058
              ],
              [
                -76.6034655,
                7.1392856
              ],
              [
                -76.6062403,
                7.1393255
              ],
              [
                -76.607487,
                7.1396847
              ],
              [
                -76.6093771,
                7.1387669
              ],
              [
                -76.6104226,
                7.1372905
              ],
              [
                -76.6131572,
                7.1365323
              ],
              [
                -76.6140018,
                7.1378092
              ],
              [
                -76.6148999,
                7.1383039
              ],
              [
                -76.6159321,
                7.1381683
              ],
              [
                -76.6175687,
                7.1370256
              ],
              [
                -76.618179,
                7.1376547
              ],
              [
                -76.6193803,
                7.1395813
              ],
              [
                -76.6205768,
                7.1400445
              ],
              [
                -76.6213131,
                7.1419439
              ],
              [
                -76.6211347,
                7.1437758
              ],
              [
                -76.6218827,
                7.1452617
              ],
              [
                -76.6226496,
                7.1469191
              ],
              [
                -76.6239178,
                7.1481774
              ],
              [
                -76.6248814,
                7.1485682
              ],
              [
                -76.626329,
                7.1486362
              ],
              [
                -76.627557,
                7.1481628
              ],
              [
                -76.6283774,
                7.1479513
              ],
              [
                -76.6290218,
                7.1480438
              ],
              [
                -76.6295074,
                7.1483622
              ],
              [
                -76.6289879,
                7.1497337
              ],
              [
                -76.628103,
                7.1499959
              ],
              [
                -76.626699,
                7.1506945
              ],
              [
                -76.6260445,
                7.1513226
              ],
              [
                -76.6239953,
                7.1512374
              ],
              [
                -76.6220427,
                7.1520252
              ],
              [
                -76.6212916,
                7.153441
              ],
              [
                -76.6212112,
                7.1561077
              ],
              [
                -76.6209041,
                7.1568758
              ],
              [
                -76.6309724,
                7.1592766
              ],
              [
                -76.6340106,
                7.1502994
              ],
              [
                -76.631439,
                7.149521
              ],
              [
                -76.6315756,
                7.1483036
              ],
              [
                -76.6339885,
                7.1453908
              ],
              [
                -76.6353156,
                7.140762
              ],
              [
                -76.6395784,
                7.1365722
              ],
              [
                -76.6408652,
                7.1333001
              ],
              [
                -76.6436401,
                7.1298285
              ],
              [
                -76.646254,
                7.1285915
              ],
              [
                -76.6475007,
                7.1285117
              ],
              [
                -76.6502755,
                7.1277535
              ],
              [
                -76.6496723,
                7.1258381
              ],
              [
                -76.6501549,
                7.1224862
              ],
              [
                -76.6514015,
                7.1151437
              ],
              [
                -76.6499136,
                7.1135874
              ],
              [
                -76.6487071,
                7.1118315
              ],
              [
                -76.6498331,
                7.1079208
              ],
              [
                -76.6485463,
                7.1040898
              ],
              [
                -76.6472192,
                7.0998997
              ],
              [
                -76.6423532,
                7.0898431
              ],
              [
                -76.6425543,
                7.0889253
              ],
              [
                -76.6470181,
                7.0853336
              ],
              [
                -76.6471388,
                7.0838171
              ],
              [
                -76.6453693,
                7.0791079
              ],
              [
                -76.6430771,
                7.0767932
              ],
              [
                -76.639699,
                7.0684523
              ],
              [
                -76.6409457,
                7.0660577
              ],
              [
                -76.6437607,
                7.0638228
              ],
              [
                -76.6440824,
                7.0607897
              ],
              [
                -76.6427553,
                7.057557
              ],
              [
                -76.6430368,
                7.0555216
              ],
              [
                -76.6461334,
                7.0529274
              ],
              [
                -76.6508787,
                7.0501735
              ],
              [
                -76.6555437,
                7.0478188
              ],
              [
                -76.6623802,
                7.0412334
              ],
              [
                -76.6706644,
                7.0383199
              ],
              [
                -76.6741631,
                7.0377611
              ],
              [
                -76.6757717,
                7.0347677
              ],
              [
                -76.6763347,
                7.0320537
              ],
              [
                -76.6763013,
                7.0295522
              ],
              [
                -76.6765815,
                7.0279237
              ],
              [
                -76.6761015,
                7.0279294
              ],
              [
                -76.6751394,
                7.0277491
              ],
              [
                -76.6742709,
                7.0273759
              ],
              [
                -76.6735898,
                7.0266168
              ],
              [
                -76.6728138,
                7.0259547
              ],
              [
                -76.6724195,
                7.0250962
              ],
              [
                -76.6719304,
                7.0243347
              ],
              [
                -76.6716321,
                7.0234751
              ],
              [
                -76.6708561,
                7.022813
              ],
              [
                -76.6697957,
                7.022442
              ],
              [
                -76.6690209,
                7.0218758
              ],
              [
                -76.6680587,
                7.0216955
              ],
              [
                -76.6671914,
                7.0214181
              ],
              [
                -76.6662304,
                7.0213337
              ],
              [
                -76.664306,
                7.020973
              ],
              [
                -76.6631507,
                7.0206991
              ],
              [
                -76.6621874,
                7.0204228
              ],
              [
                -76.6613189,
                7.0200495
              ],
              [
                -76.6604493,
                7.0195803
              ],
              [
                -76.659582,
                7.019303
              ],
              [
                -76.6587135,
                7.0189297
              ],
              [
                -76.6579387,
                7.0183634
              ],
              [
                -76.6563915,
                7.0174227
              ],
              [
                -76.6555219,
                7.0169535
              ],
              [
                -76.6549368,
                7.0161932
              ],
              [
                -76.6542557,
                7.015434
              ],
              [
                -76.6537666,
                7.0146725
              ],
              [
                -76.6531815,
                7.0139121
              ],
              [
                -76.6525016,
                7.0132488
              ],
              [
                -76.6522033,
                7.0123891
              ],
              [
                -76.6519999,
                7.0114324
              ],
              [
                -76.6514148,
                7.010672
              ],
              [
                -76.6507349,
                7.0100087
              ],
              [
                -76.6497728,
                7.0098283
              ],
              [
                -76.6487158,
                7.0097449
              ],
              [
                -76.6477525,
                7.0094687
              ],
              [
                -76.6473183,
                7.009282
              ],
              [
                -76.646884,
                7.0090953
              ],
              [
                -76.6459184,
                7.0086272
              ],
              [
                -76.6451471,
                7.0083486
              ],
              [
                -76.6441895,
                7.0085518
              ],
              [
                -76.6430559,
                7.0101
              ],
              [
                -76.642392,
                7.0107793
              ],
              [
                -76.6412583,
                7.0123274
              ],
              [
                -76.6404973,
                7.012912
              ],
              [
                -76.6396368,
                7.01321
              ],
              [
                -76.6379181,
                7.0139977
              ],
              [
                -76.6369605,
                7.0142009
              ],
              [
                -76.636004,
                7.0145001
              ],
              [
                -76.6348544,
                7.0147055
              ],
              [
                -76.6339939,
                7.0150035
              ],
              [
                -76.6320763,
                7.0152181
              ],
              [
                -76.6295806,
                7.0152477
              ],
              [
                -76.6286195,
                7.0151632
              ],
              [
                -76.6275624,
                7.0150798
              ],
              [
                -76.6266025,
                7.0150912
              ],
              [
                -76.6256415,
                7.0150067
              ],
              [
                -76.6189219,
                7.0150863
              ],
              [
                -76.6172031,
                7.015874
              ],
              [
                -76.6162443,
                7.0159813
              ],
              [
                -76.6152844,
                7.0159926
              ],
              [
                -76.6135474,
                7.0152458
              ],
              [
                -76.6127726,
                7.0146794
              ],
              [
                -76.6110379,
                7.0141244
              ],
              [
                -76.610358,
                7.013461
              ],
              [
                -76.6094816,
                7.0124162
              ],
              [
                -76.6089925,
                7.0116546
              ],
              [
                -76.6085983,
                7.0107959
              ],
              [
                -76.6080087,
                7.0096518
              ],
              [
                -76.6075197,
                7.0088902
              ],
              [
                -76.6072204,
                7.0079345
              ],
              [
                -76.6067313,
                7.0071729
              ],
              [
                -76.6060514,
                7.0065095
              ],
              [
                -76.6055624,
                7.0057478
              ],
              [
                -76.6051682,
                7.0048892
              ],
              [
                -76.6051569,
                7.0039301
              ],
              [
                -76.6048576,
                7.0029744
              ],
              [
                -76.6045594,
                7.0021146
              ],
              [
                -76.6043561,
                7.0011578
              ],
              [
                -76.6036762,
                7.0004943
              ],
              [
                -76.6028179,
                7.000984
              ],
              [
                -76.602251,
                7.0017581
              ],
              [
                -76.601587,
                7.0024374
              ],
              [
                -76.6009241,
                7.0032126
              ],
              [
                -76.6005503,
                7.0040803
              ],
              [
                -76.5999834,
                7.0048544
              ],
              [
                -76.5995125,
                7.0056273
              ],
              [
                -76.5991387,
                7.006495
              ],
              [
                -76.5986678,
                7.007268
              ],
              [
                -76.5983899,
                7.0081346
              ],
              [
                -76.597919,
                7.0089075
              ],
              [
                -76.5976412,
                7.0097741
              ],
              [
                -76.5972674,
                7.0106418
              ],
              [
                -76.5966045,
                7.011417
              ],
              [
                -76.5957451,
                7.0118109
              ],
              [
                -76.5948845,
                7.0121088
              ],
              [
                -76.5937325,
                7.0121224
              ],
              [
                -76.592183,
                7.0109895
              ],
              [
                -76.5914071,
                7.0103272
              ],
              [
                -76.590821,
                7.0094707
              ],
              [
                -76.5903285,
                7.0084214
              ],
              [
                -76.5901252,
                7.0074645
              ],
              [
                -76.5900179,
                7.0065065
              ],
              [
                -76.5899942,
                7.0044923
              ],
              [
                -76.5897909,
                7.0035355
              ],
              [
                -76.589389,
                7.002015
              ],
              [
                -76.5893698,
                7.0003845
              ],
              [
                -76.5888717,
                6.9988555
              ],
              [
                -76.5885736,
                6.9979957
              ],
              [
                -76.5880835,
                6.9971381
              ],
              [
                -76.5876893,
                6.9962794
              ],
              [
                -76.5863296,
                6.9949524
              ],
              [
                -76.5860315,
                6.9940925
              ],
              [
                -76.5853505,
                6.9933331
              ],
              [
                -76.5850524,
                6.9924733
              ],
              [
                -76.5847306,
                6.9895993
              ],
              [
                -76.5846844,
                6.9856668
              ],
              [
                -76.5845772,
                6.9847088
              ],
              [
                -76.5842791,
                6.983849
              ],
              [
                -76.583885,
                6.9829902
              ],
              [
                -76.5832051,
                6.9823267
              ],
              [
                -76.5814705,
                6.9817715
              ],
              [
                -76.5799234,
                6.9808303
              ],
              [
                -76.5792436,
                6.9801668
              ],
              [
                -76.5775067,
                6.9794196
              ],
              [
                -76.576732,
                6.9788531
              ],
              [
                -76.5748099,
                6.9786837
              ],
              [
                -76.5739415,
                6.9783102
              ],
              [
                -76.5719256,
                6.9783337
              ],
              [
                -76.5710662,
                6.9787275
              ],
              [
                -76.5704992,
                6.9795015
              ],
              [
                -76.5700282,
                6.9802744
              ],
              [
                -76.5697503,
                6.9811411
              ],
              [
                -76.5691844,
                6.982011
              ],
              [
                -76.5687145,
                6.9828799
              ],
              [
                -76.5671898,
                6.983857
              ],
              [
                -76.5658616,
                6.9852155
              ],
              [
                -76.5652946,
                6.9859895
              ],
              [
                -76.5646305,
                6.9866688
              ],
              [
                -76.5643526,
                6.9875354
              ],
              [
                -76.5635913,
                6.9881199
              ],
              [
                -76.562829,
                6.9886084
              ],
              [
                -76.5623579,
                6.9893814
              ],
              [
                -76.5613031,
                6.9894896
              ],
              [
                -76.5604425,
                6.9897874
              ],
              [
                -76.5587235,
                6.990575
              ],
              [
                -76.5580593,
                6.9912542
              ],
              [
                -76.5572992,
                6.9919346
              ],
              [
                -76.5553067,
                6.9939724
              ],
              [
                -76.5547397,
                6.9947465
              ],
              [
                -76.5539796,
                6.9954269
              ],
              [
                -76.5535085,
                6.9961998
              ],
              [
                -76.5526524,
                6.9968813
              ],
              [
                -76.5519882,
                6.9975606
              ],
              [
                -76.5512269,
                6.9981451
              ],
              [
                -76.5501787,
                6.9988288
              ],
              [
                -76.5495157,
                6.999604
              ],
              [
                -76.5488515,
                7.0002833
              ],
              [
                -76.5478135,
                7.0018303
              ],
              [
                -76.5474395,
                7.002698
              ],
              [
                -76.5471638,
                7.0037565
              ],
              [
                -76.546608,
                7.0054898
              ],
              [
                -76.5465232,
                7.0064501
              ],
              [
                -76.5465378,
                7.0076971
              ],
              [
                -76.5467009,
                7.0094275
              ],
              [
                -76.5469588,
                7.0108579
              ],
              [
                -76.5476421,
                7.0118093
              ],
              [
                -76.5478453,
                7.0127662
              ],
              [
                -76.5479525,
                7.0137243
              ],
              [
                -76.547975,
                7.0156426
              ],
              [
                -76.5476011,
                7.0165104
              ],
              [
                -76.5470363,
                7.0174763
              ],
              [
                -76.5463732,
                7.0182516
              ],
              [
                -76.5458062,
                7.0190256
              ],
              [
                -76.5451431,
                7.0198008
              ],
              [
                -76.5446721,
                7.0205738
              ],
              [
                -76.544105,
                7.0213479
              ],
              [
                -76.5438271,
                7.0222146
              ],
              [
                -76.5432678,
                7.023298
              ],
              [
                -76.5428171,
                7.0261596
              ],
              [
                -76.5423628,
                7.0283618
              ],
              [
                -76.542278,
                7.0293221
              ],
              [
                -76.5422892,
                7.0302813
              ],
              [
                -76.5423965,
                7.0312394
              ],
              [
                -76.5427906,
                7.0320982
              ],
              [
                -76.5430888,
                7.0329581
              ],
              [
                -76.5431972,
                7.0340121
              ],
              [
                -76.5429215,
                7.0350706
              ],
              [
                -76.5426436,
                7.0359372
              ],
              [
                -76.5424629,
                7.0368987
              ],
              [
                -76.5423781,
                7.037859
              ],
              [
                -76.5423894,
                7.0388182
              ],
              [
                -76.5428807,
                7.0397718
              ],
              [
                -76.5433709,
                7.0406294
              ],
              [
                -76.5434781,
                7.0415875
              ]
            ]
          ],
          [
            [
              [
                -76.5472414,
                7.2137496
              ],
              [
                -76.543419,
                7.2113426
              ],
              [
                -76.5432817,
                7.2076867
              ],
              [
                -76.5438997,
                7.2049391
              ],
              [
                -76.5439684,
                7.201919
              ],
              [
                -76.5425951,
                7.197264
              ],
              [
                -76.5422746,
                7.1920411
              ],
              [
                -76.5418169,
                7.1885895
              ],
              [
                -76.5430071,
                7.1866139
              ],
              [
                -76.5477223,
                7.1864361
              ],
              [
                -76.5506062,
                7.1855959
              ],
              [
                -76.5525974,
                7.1842561
              ],
              [
                -76.5541081,
                7.1836657
              ],
              [
                -76.556168,
                7.1835976
              ],
              [
                -76.5578388,
                7.1824167
              ],
              [
                -76.5605396,
                7.1799188
              ],
              [
                -76.5616154,
                7.1798052
              ],
              [
                -76.5631947,
                7.1781702
              ],
              [
                -76.5669712,
                7.1765579
              ],
              [
                -76.5679096,
                7.1763989
              ],
              [
                -76.5692143,
                7.176626
              ],
              [
                -76.5695347,
                7.1760583
              ],
              [
                -76.5718464,
                7.1757631
              ],
              [
                -76.5737232,
                7.1757631
              ],
              [
                -76.5743641,
                7.175218
              ],
              [
                -76.5746845,
                7.1748093
              ],
              [
                -76.5758518,
                7.1736965
              ],
              [
                -76.5786213,
                7.1736284
              ],
              [
                -76.5791706,
                7.1726065
              ],
              [
                -76.5792851,
                7.1711077
              ],
              [
                -76.5800862,
                7.1713802
              ],
              [
                -76.5809559,
                7.1714256
              ],
              [
                -76.5819401,
                7.1719479
              ],
              [
                -76.5830387,
                7.1718117
              ],
              [
                -76.5836109,
                7.1699268
              ],
              [
                -76.5850758,
                7.169995
              ],
              [
                -76.5871815,
                7.1708125
              ],
              [
                -76.588921,
                7.1709487
              ],
              [
                -76.5890812,
                7.1700177
              ],
              [
                -76.5900654,
                7.1698587
              ],
              [
                -76.5915531,
                7.1707898
              ],
              [
                -76.5933384,
                7.1727428
              ],
              [
                -76.5940022,
                7.1735376
              ],
              [
                -76.5944142,
                7.1746276
              ],
              [
                -76.5945057,
                7.1758539
              ],
              [
                -76.5947117,
                7.1778977
              ],
              [
                -76.5976872,
                7.1792829
              ],
              [
                -76.5976414,
                7.1800096
              ],
              [
                -76.5991913,
                7.1816654
              ],
              [
                -76.6002213,
                7.1825056
              ],
              [
                -76.6003357,
                7.1829825
              ],
              [
                -76.5992142,
                7.1835729
              ],
              [
                -76.5977722,
                7.1848673
              ],
              [
                -76.5970627,
                7.1864342
              ],
              [
                -76.5970627,
                7.1889321
              ],
              [
                -76.5973145,
                7.1899994
              ],
              [
                -76.600267,
                7.1917933
              ],
              [
                -76.6012512,
                7.1947
              ],
              [
                -76.6030136,
                7.1961079
              ],
              [
                -76.6046158,
                7.1986511
              ],
              [
                -76.6055542,
                7.200059
              ],
              [
                -76.6060349,
                7.2051228
              ],
              [
                -76.6083237,
                7.2075298
              ],
              [
                -76.6078659,
                7.2083473
              ],
              [
                -76.6067902,
                7.2098232
              ],
              [
                -76.6040436,
                7.2118215
              ],
              [
                -76.6028763,
                7.2137289
              ],
              [
                -76.601915,
                7.2151594
              ],
              [
                -76.6026016,
                7.2176344
              ],
              [
                -76.6030823,
                7.2200641
              ],
              [
                -76.6032425,
                7.2233792
              ],
              [
                -76.6039978,
                7.2254682
              ],
              [
                -76.6044556,
                7.2294191
              ],
              [
                -76.6018921,
                7.2290104
              ],
              [
                -76.5985962,
                7.2284655
              ],
              [
                -76.5981613,
                7.2288742
              ],
              [
                -76.5927139,
                7.2282157
              ],
              [
                -76.5885254,
                7.2266263
              ],
              [
                -76.5829864,
                7.2255591
              ],
              [
                -76.5813843,
                7.226104
              ],
              [
                -76.5774246,
                7.2257634
              ],
              [
                -76.574266,
                7.2240377
              ],
              [
                -76.5714966,
                7.2240377
              ],
              [
                -76.5662094,
                7.227262
              ],
              [
                -76.5559784,
                7.231054
              ],
              [
                -76.5532776,
                7.2324618
              ],
              [
                -76.5524307,
                7.2313946
              ],
              [
                -76.552774,
                7.2281022
              ],
              [
                -76.5534149,
                7.2260586
              ],
              [
                -76.5533691,
                7.2239015
              ],
              [
                -76.5522934,
                7.2199732
              ],
              [
                -76.5520645,
                7.2180432
              ],
              [
                -76.5519501,
                7.2162493
              ],
              [
                -76.5495468,
                7.2149323
              ],
              [
                -76.5479446,
                7.2140695
              ],
              [
                -76.5472414,
                7.2137496
              ]
            ]
          ]
        ]
      },
      "properties": {
        "osm_id": 17015137,
        "nombre": "Resguardo Indígena Urada-Jiguamiandó",
        "nombre_en": "Urada-Jiguamiando Indigenous Reservation",
        "grupo_etnico": "embera katío",
        "grupo_estandar": "Embera",
        "fecha_creacion": "2003/07/21",
        "descripcion": "Creado por resolucion no. 0007 del 21-07-2003. ID resguardo 1699, con 19744.586 ha.",
        "fuente": "OpenStreetMap / IGAC resguardos indígenas legalizados",
        "boundary": "aboriginal_lands",
        "tipo": "Resguardo Indígena"
      }
    },
    {
      "type": "Feature",
      "geometry": {
        "type": "Polygon",
        "coordinates": [
          [
            [
              -76.4436269,
              7.037879
            ],
            [
              -76.4435944,
              7.0374097
            ],
            [
              -76.4433977,
              7.0369499
            ],
            [
              -76.4427504,
              7.0360756
            ],
            [
              -76.4425932,
              7.0355691
            ],
            [
              -76.4425486,
              7.0350342
            ],
            [
              -76.4426353,
              7.0338754
            ],
            [
              -76.4425585,
              7.0333479
            ],
            [
              -76.4423994,
              7.0328965
            ],
            [
              -76.4419914,
              7.0322087
            ],
            [
              -76.4415413,
              7.0320561
            ],
            [
              -76.4411509,
              7.0320398
            ],
            [
              -76.4403762,
              7.0323444
            ],
            [
              -76.4399288,
              7.0327387
            ],
            [
              -76.4394043,
              7.0329413
            ],
            [
              -76.4371212,
              7.0332445
            ],
            [
              -76.4367557,
              7.0331703
            ],
            [
              -76.4365089,
              7.0329574
            ],
            [
              -76.4363882,
              7.032598
            ],
            [
              -76.4364123,
              7.0323291
            ],
            [
              -76.4367671,
              7.03161
            ],
            [
              -76.4371948,
              7.0306298
            ],
            [
              -76.4376272,
              7.0300389
            ],
            [
              -76.4378478,
              7.0298592
            ],
            [
              -76.4382829,
              7.0295702
            ],
            [
              -76.4386169,
              7.0292989
            ],
            [
              -76.4394922,
              7.0289948
            ],
            [
              -76.4398988,
              7.0286672
            ],
            [
              -76.4401327,
              7.0283836
            ],
            [
              -76.4404036,
              7.0276461
            ],
            [
              -76.4405201,
              7.0272752
            ],
            [
              -76.4407066,
              7.0268719
            ],
            [
              -76.4408058,
              7.0265658
            ],
            [
              -76.4408407,
              7.0259695
            ],
            [
              -76.4409399,
              7.0256288
            ],
            [
              -76.4413959,
              7.024713
            ],
            [
              -76.4417526,
              7.0242471
            ],
            [
              -76.442167,
              7.0238944
            ],
            [
              -76.4425224,
              7.0236082
            ],
            [
              -76.4428885,
              7.0231317
            ],
            [
              -76.4434478,
              7.0226552
            ],
            [
              -76.4438742,
              7.022216
            ],
            [
              -76.4441881,
              7.021806
            ],
            [
              -76.4443986,
              7.021597
            ],
            [
              -76.444868,
              7.0213175
            ],
            [
              -76.4454085,
              7.0211019
            ],
            [
              -76.4458135,
              7.0208663
            ],
            [
              -76.4460804,
              7.0206573
            ],
            [
              -76.4462909,
              7.0204177
            ],
            [
              -76.4463432,
              7.0203112
            ],
            [
              -76.4463767,
              7.0199772
            ],
            [
              -76.4464368,
              7.0197549
            ],
            [
              -76.4465618,
              7.0194687
            ],
            [
              -76.446704,
              7.0193196
            ],
            [
              -76.4470553,
              7.019092
            ],
            [
              -76.4474121,
              7.0190361
            ],
            [
              -76.4478318,
              7.0190867
            ],
            [
              -76.4480129,
              7.0190641
            ],
            [
              -76.4482006,
              7.0189403
            ],
            [
              -76.4483804,
              7.0186674
            ],
            [
              -76.4486754,
              7.0178768
            ],
            [
              -76.4488873,
              7.0177197
            ],
            [
              -76.449012,
              7.0175666
            ],
            [
              -76.4493607,
              7.0174029
            ],
            [
              -76.4496544,
              7.0170715
            ],
            [
              -76.450628,
              7.0160958
            ],
            [
              -76.4509204,
              7.0158775
            ],
            [
              -76.4511484,
              7.0158216
            ],
            [
              -76.45165,
              7.0158243
            ],
            [
              -76.4522213,
              7.0157098
            ],
            [
              -76.4525567,
              7.0155097
            ],
            [
              -76.4528865,
              7.0148087
            ],
            [
              -76.4529457,
              7.0143384
            ],
            [
              -76.4527954,
              7.0136036
            ],
            [
              -76.4525916,
              7.0130658
            ],
            [
              -76.4525851,
              7.0125473
            ],
            [
              -76.4526468,
              7.0121746
            ],
            [
              -76.4529419,
              7.011501
            ],
            [
              -76.453077,
              7.0109015
            ],
            [
              -76.4534713,
              7.0088702
            ],
            [
              -76.4537342,
              7.008439
            ],
            [
              -76.4542036,
              7.0081036
            ],
            [
              -76.4551101,
              7.0076385
            ],
            [
              -76.4553742,
              7.0072854
            ],
            [
              -76.4555445,
              7.0072029
            ],
            [
              -76.455809,
              7.0067291
            ],
            [
              -76.455908,
              7.0064894
            ],
            [
              -76.4560381,
              7.0063111
            ],
            [
              -76.4560716,
              7.0061779
            ],
            [
              -76.4560971,
              7.0058438
            ],
            [
              -76.4560515,
              7.0055364
            ],
            [
              -76.4558785,
              7.0052608
            ],
            [
              -76.4554077,
              7.0048136
            ],
            [
              -76.4551596,
              7.0046206
            ],
            [
              -76.4549746,
              7.0043091
            ],
            [
              -76.4546728,
              7.0040775
            ],
            [
              -76.4542075,
              7.0038472
            ],
            [
              -76.4540956,
              7.0038237
            ],
            [
              -76.4535798,
              7.0037154
            ],
            [
              -76.4530393,
              7.0035344
            ],
            [
              -76.4525472,
              7.003565
            ],
            [
              -76.4517425,
              7.0035371
            ],
            [
              -76.4511082,
              7.0033281
            ],
            [
              -76.4509472,
              7.0031377
            ],
            [
              -76.4507836,
              7.0030845
            ],
            [
              -76.4504644,
              7.003179
            ],
            [
              -76.45027,
              7.003187
            ],
            [
              -76.4499575,
              7.0030552
            ],
            [
              -76.4496303,
              7.003151
            ],
            [
              -76.4491408,
              7.0030658
            ],
            [
              -76.44867,
              7.0028196
            ],
            [
              -76.4468515,
              7.0003464
            ],
            [
              -76.4459556,
              6.9990313
            ],
            [
              -76.4455989,
              6.9983231
            ],
            [
              -76.445564,
              6.9980462
            ],
            [
              -76.445666,
              6.9978599
            ],
            [
              -76.4463633,
              6.9976389
            ],
            [
              -76.4479244,
              6.9976522
            ],
            [
              -76.4484823,
              6.9975085
            ],
            [
              -76.4489195,
              6.9973328
            ],
            [
              -76.4492682,
              6.9970506
            ],
            [
              -76.4496222,
              6.9966619
            ],
            [
              -76.4497805,
              6.9963318
            ],
            [
              -76.4498878,
              6.9957567
            ],
            [
              -76.4497215,
              6.9950805
            ],
            [
              -76.4485091,
              6.9931956
            ],
            [
              -76.4483857,
              6.9922692
            ],
            [
              -76.448611,
              6.9914173
            ],
            [
              -76.4498663,
              6.9889733
            ],
            [
              -76.4507836,
              6.9867263
            ],
            [
              -76.4508265,
              6.9861246
            ],
            [
              -76.4505476,
              6.9853739
            ],
            [
              -76.4500433,
              6.9845912
            ],
            [
              -76.4494479,
              6.9841173
            ],
            [
              -76.4490455,
              6.9836274
            ],
            [
              -76.4489704,
              6.9831961
            ],
            [
              -76.4492816,
              6.9810875
            ],
            [
              -76.4503866,
              6.9794209
            ],
            [
              -76.4519692,
              6.9779513
            ],
            [
              -76.4521837,
              6.97752
            ],
            [
              -76.452165,
              6.9765749
            ],
            [
              -76.4521322,
              6.9763762
            ],
            [
              -76.4519262,
              6.9751266
            ],
            [
              -76.4521381,
              6.9743811
            ],
            [
              -76.4521167,
              6.9739338
            ],
            [
              -76.4519691,
              6.9735025
            ],
            [
              -76.4515936,
              6.9728689
            ],
            [
              -76.4513388,
              6.9727384
            ],
            [
              -76.450848,
              6.9726665
            ],
            [
              -76.4503732,
              6.972765
            ],
            [
              -76.4500138,
              6.9727278
            ],
            [
              -76.449177,
              6.9725494
            ],
            [
              -76.4486244,
              6.972576
            ],
            [
              -76.4482677,
              6.9727917
            ],
            [
              -76.4478761,
              6.9732549
            ],
            [
              -76.4476374,
              6.9734333
            ],
            [
              -76.4472511,
              6.9736223
            ],
            [
              -76.4469722,
              6.973633
            ],
            [
              -76.4464116,
              6.9735797
            ],
            [
              -76.4455318,
              6.9733055
            ],
            [
              -76.4449552,
              6.9732469
            ],
            [
              -76.4447781,
              6.9731724
            ],
            [
              -76.4445019,
              6.9727943
            ],
            [
              -76.4443168,
              6.9721367
            ],
            [
              -76.4442551,
              6.9711996
            ],
            [
              -76.44418,
              6.9708668
            ],
            [
              -76.44408,
              6.970688
            ],
            [
              -76.4438887,
              6.9705667
            ],
            [
              -76.4435738,
              6.970542
            ],
            [
              -76.4432627,
              6.9706378
            ],
            [
              -76.4430025,
              6.970928
            ],
            [
              -76.4427665,
              6.9715457
            ],
            [
              -76.4425626,
              6.9719424
            ],
            [
              -76.4423722,
              6.9721367
            ],
            [
              -76.4422141,
              6.9722249
            ],
            [
              -76.4419084,
              6.9721842
            ],
            [
              -76.4415918,
              6.9720697
            ],
            [
              -76.4410339,
              6.9717183
            ],
            [
              -76.4397974,
              6.9707305
            ],
            [
              -76.4393307,
              6.9705069
            ],
            [
              -76.4386269,
              6.9703797
            ],
            [
              -76.4375846,
              6.9704057
            ],
            [
              -76.4372697,
              6.9704382
            ],
            [
              -76.4369881,
              6.970345
            ],
            [
              -76.4367119,
              6.9701454
            ],
            [
              -76.436567,
              6.9697593
            ],
            [
              -76.436862,
              6.967885
            ],
            [
              -76.436772,
              6.9661033
            ],
            [
              -76.4364231,
              6.9654768
            ],
            [
              -76.4357687,
              6.9629403
            ],
            [
              -76.4358653,
              6.9626795
            ],
            [
              -76.4361335,
              6.9623546
            ],
            [
              -76.4385475,
              6.9617476
            ],
            [
              -76.4391054,
              6.9617636
            ],
            [
              -76.4395453,
              6.9616118
            ],
            [
              -76.4396607,
              6.9614175
            ],
            [
              -76.4396015,
              6.960723
            ],
            [
              -76.4394137,
              6.9601745
            ],
            [
              -76.4388317,
              6.9593465
            ],
            [
              -76.4387512,
              6.9588859
            ],
            [
              -76.4389095,
              6.9583907
            ],
            [
              -76.4392313,
              6.9580392
            ],
            [
              -76.4397329,
              6.9576505
            ],
            [
              -76.4402184,
              6.9573843
            ],
            [
              -76.4405188,
              6.9570195
            ],
            [
              -76.4407924,
              6.9564498
            ],
            [
              -76.4408568,
              6.9561382
            ],
            [
              -76.4407414,
              6.9555312
            ],
            [
              -76.4405081,
              6.9549082
            ],
            [
              -76.4397302,
              6.953734
            ],
            [
              -76.4396659,
              6.9533693
            ],
            [
              -76.4396283,
              6.9528235
            ],
            [
              -76.4401889,
              6.9514656
            ],
            [
              -76.4407468,
              6.9508692
            ],
            [
              -76.4412725,
              6.9498015
            ],
            [
              -76.4414254,
              6.9492584
            ],
            [
              -76.4412296,
              6.9480789
            ],
            [
              -76.4413181,
              6.947794
            ],
            [
              -76.4416641,
              6.9472615
            ],
            [
              -76.4416561,
              6.9470378
            ],
            [
              -76.4412222,
              6.9463633
            ],
            [
              -76.4411089,
              6.9456693
            ],
            [
              -76.4412645,
              6.9454696
            ],
            [
              -76.4415917,
              6.9453578
            ],
            [
              -76.4423963,
              6.9446735
            ],
            [
              -76.4426828,
              6.9442624
            ],
            [
              -76.4429703,
              6.9434328
            ],
            [
              -76.4432252,
              6.9423438
            ],
            [
              -76.4432091,
              6.9414545
            ],
            [
              -76.4430912,
              6.9406073
            ],
            [
              -76.4430499,
              6.9395481
            ],
            [
              -76.4429476,
              6.938736
            ],
            [
              -76.4430305,
              6.9384458
            ],
            [
              -76.4422398,
              6.9361532
            ],
            [
              -76.4420551,
              6.9352426
            ],
            [
              -76.4420521,
              6.933901
            ],
            [
              -76.4422691,
              6.9335548
            ],
            [
              -76.4426871,
              6.933405
            ],
            [
              -76.4430751,
              6.933469
            ],
            [
              -76.4449419,
              6.9341959
            ],
            [
              -76.4452155,
              6.9342598
            ],
            [
              -76.445429,
              6.9341086
            ],
            [
              -76.4451431,
              6.9333625
            ],
            [
              -76.4447005,
              6.9327501
            ],
            [
              -76.444384,
              6.9320232
            ],
            [
              -76.4442848,
              6.9312618
            ],
            [
              -76.4440459,
              6.9306498
            ],
            [
              -76.4440137,
              6.9303782
            ],
            [
              -76.4441156,
              6.9300906
            ],
            [
              -76.4443463,
              6.9298483
            ],
            [
              -76.4454567,
              6.9295474
            ],
            [
              -76.4460254,
              6.9295581
            ],
            [
              -76.4464331,
              6.9295368
            ],
            [
              -76.4467925,
              6.9292279
            ],
            [
              -76.4473558,
              6.9281842
            ],
            [
              -76.4475918,
              6.9271537
            ],
            [
              -76.4476669,
              6.926307
            ],
            [
              -76.4477876,
              6.9256573
            ],
            [
              -76.4479378,
              6.9244698
            ],
            [
              -76.4480719,
              6.9235113
            ],
            [
              -76.4482114,
              6.9228829
            ],
            [
              -76.4482275,
              6.9223184
            ],
            [
              -76.4480048,
              6.9216128
            ],
            [
              -76.4470285,
              6.9199007
            ],
            [
              -76.4467925,
              6.9192297
            ],
            [
              -76.4468408,
              6.9185986
            ],
            [
              -76.4471144,
              6.9179889
            ],
            [
              -76.4478064,
              6.9174137
            ],
            [
              -76.4484984,
              6.9171209
            ],
            [
              -76.4491743,
              6.9171049
            ],
            [
              -76.4493433,
              6.9170676
            ],
            [
              -76.4499173,
              6.9167561
            ],
            [
              -76.4511672,
              6.9155605
            ],
            [
              -76.4515802,
              6.9150546
            ],
            [
              -76.4521864,
              6.9145194
            ],
            [
              -76.452916,
              6.9140827
            ],
            [
              -76.453321,
              6.9137153
            ],
            [
              -76.4539352,
              6.9134117
            ],
            [
              -76.4541605,
              6.9134011
            ],
            [
              -76.4547104,
              6.9134889
            ],
            [
              -76.4548981,
              6.913473
            ],
            [
              -76.4550886,
              6.9133345
            ],
            [
              -76.4553353,
              6.9130043
            ],
            [
              -76.455397,
              6.9124345
            ],
            [
              -76.4553219,
              6.9119366
            ],
            [
              -76.4547372,
              6.9108262
            ],
            [
              -76.4544717,
              6.9102378
            ],
            [
              -76.454351,
              6.9095375
            ],
            [
              -76.4545012,
              6.9089144
            ],
            [
              -76.4550456,
              6.908262
            ],
            [
              -76.4556223,
              6.9077375
            ],
            [
              -76.4561641,
              6.9070638
            ],
            [
              -76.4565584,
              6.906249
            ],
            [
              -76.4568079,
              6.9055114
            ],
            [
              -76.4571297,
              6.9042599
            ],
            [
              -76.457152,
              6.9037003
            ],
            [
              -76.4573792,
              6.9031442
            ],
            [
              -76.4566791,
              6.9025797
            ],
            [
              -76.4562313,
              6.9019641
            ],
            [
              -76.4556589,
              6.9007931
            ],
            [
              -76.4556788,
              6.8996875
            ],
            [
              -76.4563268,
              6.8976217
            ],
            [
              -76.4564245,
              6.8972217
            ],
            [
              -76.4567989,
              6.8964394
            ],
            [
              -76.4570923,
              6.8960927
            ],
            [
              -76.4572291,
              6.8956054
            ],
            [
              -76.4572085,
              6.8948757
            ],
            [
              -76.4572104,
              6.894756
            ],
            [
              -76.4574275,
              6.8942719
            ],
            [
              -76.458233,
              6.8948476
            ],
            [
              -76.4597207,
              6.8961882
            ],
            [
              -76.460293,
              6.8982787
            ],
            [
              -76.4613916,
              6.8996193
            ],
            [
              -76.46233,
              6.902187
            ],
            [
              -76.4639322,
              6.9058452
            ],
            [
              -76.4652826,
              6.9077539
            ],
            [
              -76.4679605,
              6.9108441
            ],
            [
              -76.4684411,
              6.9124119
            ],
            [
              -76.4703638,
              6.9140933
            ],
            [
              -76.4723092,
              6.9151612
            ],
            [
              -76.473385,
              6.9172743
            ],
            [
              -76.4756738,
              6.9208189
            ],
            [
              -76.4762689,
              6.9236818
            ],
            [
              -76.4785806,
              6.923909
            ],
            [
              -76.4813959,
              6.9232955
            ],
            [
              -76.4847604,
              6.9235682
            ],
            [
              -76.4864541,
              6.923909
            ],
            [
              -76.486889,
              6.920887
            ],
            [
              -76.4902994,
              6.9200691
            ],
            [
              -76.4925653,
              6.9195238
            ],
            [
              -76.4934579,
              6.9186831
            ],
            [
              -76.4967767,
              6.9200918
            ],
            [
              -76.5001871,
              6.9205235
            ],
            [
              -76.502659,
              6.9215687
            ],
            [
              -76.5044443,
              6.9242044
            ],
            [
              -76.5070077,
              6.9242271
            ],
            [
              -76.5090219,
              6.9242271
            ],
            [
              -76.5110132,
              6.9249087
            ],
            [
              -76.5125103,
              6.9260603
            ],
            [
              -76.5121898,
              6.9269577
            ],
            [
              -76.5138607,
              6.9295707
            ],
            [
              -76.5149135,
              6.9329106
            ],
            [
              -76.515852,
              6.9360915
            ],
            [
              -76.516859,
              6.9395451
            ],
            [
              -76.5160351,
              6.9414309
            ],
            [
              -76.5177746,
              6.9432031
            ],
            [
              -76.5193767,
              6.9463385
            ],
            [
              -76.520956,
              6.9513596
            ],
            [
              -76.5222835,
              6.9558127
            ],
            [
              -76.5236797,
              6.9613563
            ],
            [
              -76.5249386,
              6.9620606
            ],
            [
              -76.5298138,
              6.9622878
            ],
            [
              -76.5307751,
              6.9612881
            ],
            [
              -76.5338192,
              6.9571077
            ],
            [
              -76.5356045,
              6.9560172
            ],
            [
              -76.5366439,
              6.9563866
            ],
            [
              -76.5374221,
              6.9569319
            ],
            [
              -76.5401914,
              6.9582177
            ],
            [
              -76.5407007,
              6.9590848
            ],
            [
              -76.5413347,
              6.9599504
            ],
            [
              -76.5420922,
              6.9606899
            ],
            [
              -76.5427263,
              6.9615556
            ],
            [
              -76.5434851,
              6.9624198
            ],
            [
              -76.5439944,
              6.9632868
            ],
            [
              -76.5446271,
              6.9640278
            ],
            [
              -76.5453961,
              6.9657648
            ],
            [
              -76.5456689,
              6.967757
            ],
            [
              -76.5456805,
              6.9687545
            ],
            [
              -76.5455673,
              6.9697535
            ],
            [
              -76.5453278,
              6.9706293
            ],
            [
              -76.5443527,
              6.972636
            ],
            [
              -76.5436126,
              6.9733928
            ],
            [
              -76.5429988,
              6.9742729
            ],
            [
              -76.5428856,
              6.9752719
            ],
            [
              -76.5428972,
              6.9762695
            ],
            [
              -76.5430336,
              6.9772656
            ],
            [
              -76.5430452,
              6.9782631
            ],
            [
              -76.5434298,
              6.9791316
            ],
            [
              -76.5436895,
              6.9800016
            ],
            [
              -76.5443222,
              6.9807425
            ],
            [
              -76.5447068,
              6.981611
            ],
            [
              -76.5448432,
              6.9826071
            ],
            [
              -76.5448548,
              6.9836047
            ],
            [
              -76.5442395,
              6.9843601
            ],
            [
              -76.5433732,
              6.9849937
            ],
            [
              -76.54326,
              6.9859927
            ],
            [
              -76.5432833,
              6.9879878
            ],
            [
              -76.543543,
              6.9888578
            ],
            [
              -76.5436809,
              6.9899786
            ],
            [
              -76.5440669,
              6.9909718
            ],
            [
              -76.5444515,
              6.9918403
            ],
            [
              -76.5449609,
              6.9927073
            ],
            [
              -76.5457184,
              6.9934467
            ],
            [
              -76.5463526,
              6.9943123
            ],
            [
              -76.5466138,
              6.995307
            ],
            [
              -76.5466255,
              6.9963045
            ],
            [
              -76.5467619,
              6.9973006
            ],
            [
              -76.5475282,
              6.9987882
            ],
            [
              -76.5475515,
              7.0007833
            ],
            [
              -76.5475474,
              7.001711
            ],
            [
              -76.5474395,
              7.002698
            ],
            [
              -76.5471638,
              7.0037565
            ],
            [
              -76.546608,
              7.0054898
            ],
            [
              -76.5465232,
              7.0064501
            ],
            [
              -76.5465378,
              7.0076971
            ],
            [
              -76.5467009,
              7.0094275
            ],
            [
              -76.5469588,
              7.0108579
            ],
            [
              -76.5476421,
              7.0118093
            ],
            [
              -76.5478453,
              7.0127662
            ],
            [
              -76.5479525,
              7.0137243
            ],
            [
              -76.547975,
              7.0156426
            ],
            [
              -76.5476011,
              7.0165104
            ],
            [
              -76.5470363,
              7.0174763
            ],
            [
              -76.5463732,
              7.0182516
            ],
            [
              -76.5458062,
              7.0190256
            ],
            [
              -76.5451431,
              7.0198008
            ],
            [
              -76.5446721,
              7.0205738
            ],
            [
              -76.544105,
              7.0213479
            ],
            [
              -76.5438271,
              7.0222146
            ],
            [
              -76.5432678,
              7.023298
            ],
            [
              -76.5428171,
              7.0261596
            ],
            [
              -76.5423628,
              7.0283618
            ],
            [
              -76.542278,
              7.0293221
            ],
            [
              -76.5422892,
              7.0302813
            ],
            [
              -76.5423965,
              7.0312394
            ],
            [
              -76.5427906,
              7.0320982
            ],
            [
              -76.5430888,
              7.0329581
            ],
            [
              -76.5431972,
              7.0340121
            ],
            [
              -76.5429215,
              7.0350706
            ],
            [
              -76.5426436,
              7.0359372
            ],
            [
              -76.5424629,
              7.0368987
            ],
            [
              -76.5423781,
              7.037859
            ],
            [
              -76.5423894,
              7.0388182
            ],
            [
              -76.5428807,
              7.0397718
            ],
            [
              -76.5433709,
              7.0406294
            ],
            [
              -76.5434781,
              7.0415875
            ],
            [
              -76.5432525,
              7.0429782
            ],
            [
              -76.5426486,
              7.0445424
            ],
            [
              -76.5415089,
              7.045611
            ],
            [
              -76.5410479,
              7.0472473
            ],
            [
              -76.5416522,
              7.0496385
            ],
            [
              -76.5429241,
              7.0516382
            ],
            [
              -76.5433318,
              7.053648
            ],
            [
              -76.5420983,
              7.0549096
            ],
            [
              -76.5392201,
              7.0551352
            ],
            [
              -76.5375133,
              7.056978
            ],
            [
              -76.5369597,
              7.0589032
            ],
            [
              -76.5380339,
              7.0604255
            ],
            [
              -76.5407483,
              7.0626001
            ],
            [
              -76.5413417,
              7.0640609
            ],
            [
              -76.5407803,
              7.0653147
            ],
            [
              -76.5401285,
              7.0670491
            ],
            [
              -76.5391797,
              7.0680196
            ],
            [
              -76.5382387,
              7.0696615
            ],
            [
              -76.5374909,
              7.0713971
            ],
            [
              -76.5363658,
              7.0737128
            ],
            [
              -76.5353265,
              7.075164
            ],
            [
              -76.5344759,
              7.0763252
            ],
            [
              -76.5330965,
              7.0782145
            ],
            [
              -76.5317903,
              7.0792369
            ],
            [
              -76.5304212,
              7.0814994
            ],
            [
              -76.530529,
              7.0906386
            ],
            [
              -76.5304779,
              7.0928856
            ],
            [
              -76.5305026,
              7.0949767
            ],
            [
              -76.5298997,
              7.0964556
            ],
            [
              -76.5294455,
              7.0973905
            ],
            [
              -76.5276713,
              7.098186
            ],
            [
              -76.5251136,
              7.0982936
            ],
            [
              -76.5223223,
              7.0983265
            ],
            [
              -76.5209294,
              7.0985752
            ],
            [
              -76.5203201,
              7.0995119
            ],
            [
              -76.5200209,
              7.100445
            ],
            [
              -76.5203411,
              7.1012934
            ],
            [
              -76.5220807,
              7.104139
            ],
            [
              -76.5221866,
              7.1065391
            ],
            [
              -76.5210454,
              7.1084116
            ],
            [
              -76.5179567,
              7.1095325
            ],
            [
              -76.5160338,
              7.110872
            ],
            [
              -76.5149876,
              7.1122578
            ],
            [
              -76.5147357,
              7.1125915
            ],
            [
              -76.5134496,
              7.1153179
            ],
            [
              -76.5129251,
              7.1168733
            ],
            [
              -76.5122391,
              7.1178884
            ],
            [
              -76.5105725,
              7.121239
            ],
            [
              -76.5096713,
              7.1237285
            ],
            [
              -76.5090843,
              7.1265629
            ],
            [
              -76.5091127,
              7.1289639
            ],
            [
              -76.5090736,
              7.1322179
            ],
            [
              -76.5091056,
              7.1349288
            ],
            [
              -76.5087539,
              7.1369707
            ],
            [
              -76.5085976,
              7.1378784
            ],
            [
              -76.5081425,
              7.1387359
            ],
            [
              -76.5067512,
              7.1391396
            ],
            [
              -76.5055862,
              7.1389984
            ],
            [
              -76.5037908,
              7.1380126
            ],
            [
              -76.5019972,
              7.1371816
            ],
            [
              -76.5002903,
              7.1371242
            ],
            [
              -76.4983462,
              7.1366823
            ],
            [
              -76.497246,
              7.1354558
            ],
            [
              -76.4963719,
              7.1336844
            ],
            [
              -76.4962761,
              7.1321362
            ],
            [
              -76.4955563,
              7.1302855
            ],
            [
              -76.4950025,
              7.1293624
            ],
            [
              -76.4935931,
              7.128217
            ],
            [
              -76.4925074,
              7.1282298
            ],
            [
              -76.4908781,
              7.1281714
            ],
            [
              -76.4891703,
              7.1280366
            ],
            [
              -76.4873922,
              7.1285222
            ],
            [
              -76.4861652,
              7.1296986
            ],
            [
              -76.4846316,
              7.1311885
            ],
            [
              -76.4829131,
              7.1332733
            ],
            [
              -76.4832858,
              7.1338222
            ],
            [
              -76.4836065,
              7.1347467
            ],
            [
              -76.4840653,
              7.1356858
            ],
            [
              -76.4827613,
              7.1363563
            ],
            [
              -76.4794833,
              7.1365039
            ],
            [
              -76.4724874,
              7.136586
            ],
            [
              -76.4690898,
              7.1358614
            ],
            [
              -76.4667788,
              7.134578
            ],
            [
              -76.464257,
              7.1339523
            ],
            [
              -76.462499,
              7.1332085
            ],
            [
              -76.4604169,
              7.132796
            ],
            [
              -76.4588865,
              7.1328139
            ],
            [
              -76.4573702,
              7.1340329
            ],
            [
              -76.4557471,
              7.1354714
            ],
            [
              -76.4545754,
              7.138106
            ],
            [
              -76.4538472,
              7.1412814
            ],
            [
              -76.4531038,
              7.1431465
            ],
            [
              -76.4514768,
              7.1442576
            ],
            [
              -76.4513529,
              7.1443758
            ],
            [
              -76.4498549,
              7.1458054
            ],
            [
              -76.4488979,
              7.1481098
            ],
            [
              -76.4476066,
              7.1498722
            ],
            [
              -76.4463075,
              7.1509794
            ],
            [
              -76.4452322,
              7.1525208
            ],
            [
              -76.4440489,
              7.1541727
            ],
            [
              -76.443299,
              7.1554919
            ],
            [
              -76.4430327,
              7.1560957
            ],
            [
              -76.4423632,
              7.1550569
            ],
            [
              -76.441585,
              7.1523544
            ],
            [
              -76.4404177,
              7.147767
            ],
            [
              -76.4396166,
              7.1464725
            ],
            [
              -76.4378771,
              7.1456549
            ],
            [
              -76.4344439,
              7.1456549
            ],
            [
              -76.4320177,
              7.1455413
            ],
            [
              -76.4323153,
              7.1406132
            ],
            [
              -76.4313311,
              7.1377062
            ],
            [
              -76.4318804,
              7.1350263
            ],
            [
              -76.43053,
              7.1336636
            ],
            [
              -76.4294543,
              7.1329596
            ],
            [
              -76.4284701,
              7.1313244
            ],
            [
              -76.4274172,
              7.1306431
            ],
            [
              -76.4258608,
              7.1294394
            ],
            [
              -76.4253573,
              7.1281221
            ],
            [
              -76.4260439,
              7.1278496
            ],
            [
              -76.4269823,
              7.1278269
            ],
            [
              -76.4276919,
              7.1275771
            ],
            [
              -76.4277834,
              7.1266005
            ],
            [
              -76.427257,
              7.1258283
            ],
            [
              -76.4262499,
              7.1244656
            ],
            [
              -76.4256319,
              7.1236707
            ],
            [
              -76.4248537,
              7.1230575
            ],
            [
              -76.4248537,
              7.1217402
            ],
            [
              -76.4248766,
              7.1200823
            ],
            [
              -76.4254259,
              7.1173341
            ],
            [
              -76.4256319,
              7.1163121
            ],
            [
              -76.4254946,
              7.1143816
            ],
            [
              -76.4257464,
              7.1108385
            ],
            [
              -76.4264788,
              7.1093622
            ],
            [
              -76.4279207,
              7.1073408
            ],
            [
              -76.4292483,
              7.1041384
            ],
            [
              -76.4300493,
              7.1027302
            ],
            [
              -76.4299996,
              7.1009726
            ],
            [
              -76.4321968,
              7.100632
            ],
            [
              -76.4337532,
              7.1002231
            ],
            [
              -76.4347145,
              7.1011998
            ],
            [
              -76.4356072,
              7.1028578
            ],
            [
              -76.4369347,
              7.1048565
            ],
            [
              -76.4378731,
              7.1064009
            ],
            [
              -76.4510796,
              7.1068325
            ],
            [
              -76.4509422,
              7.0998597
            ],
            [
              -76.4497521,
              7.0999051
            ],
            [
              -76.4496834,
              7.0986332
            ],
            [
              -76.450164,
              7.0963847
            ],
            [
              -76.4502556,
              7.0954534
            ],
            [
              -76.4506676,
              7.0947039
            ],
            [
              -76.4510338,
              7.0939317
            ],
            [
              -76.4569389,
              7.0939998
            ],
            [
              -76.4585869,
              7.0952036
            ],
            [
              -76.4587929,
              7.0958169
            ],
            [
              -76.4594567,
              7.0974522
            ],
            [
              -76.4603722,
              7.0975657
            ],
            [
              -76.4616997,
              7.0992465
            ],
            [
              -76.4633476,
              7.098338
            ],
            [
              -76.4647438,
              7.0971796
            ],
            [
              -76.4656136,
              7.0952036
            ],
            [
              -76.4652016,
              7.0943178
            ],
            [
              -76.4631188,
              7.0924099
            ],
            [
              -76.4621117,
              7.0913651
            ],
            [
              -76.4627068,
              7.0880263
            ],
            [
              -76.464103,
              7.0856868
            ],
            [
              -76.4643547,
              7.0840287
            ],
            [
              -76.4635765,
              7.0819618
            ],
            [
              -76.4629357,
              7.0789863
            ],
            [
              -76.4638283,
              7.0763969
            ],
            [
              -76.4656136,
              7.0736485
            ],
            [
              -76.466552,
              7.071627
            ],
            [
              -76.4673989,
              7.0679927
            ],
            [
              -76.4672157,
              7.0655396
            ],
            [
              -76.4669411,
              7.0636997
            ],
            [
              -76.4666435,
              7.0610648
            ],
            [
              -76.4667351,
              7.0594294
            ],
            [
              -76.4657509,
              7.0577939
            ],
            [
              -76.4633934,
              7.0582482
            ],
            [
              -76.4618141,
              7.0588161
            ],
            [
              -76.460212,
              7.0566127
            ],
            [
              -76.4600324,
              7.0542056
            ],
            [
              -76.4573316,
              7.0501169
            ],
            [
              -76.4537839,
              7.0479817
            ],
            [
              -76.4519758,
              7.0454376
            ],
            [
              -76.4518842,
              7.039418
            ],
            [
              -76.4521818,
              7.0371237
            ],
            [
              -76.4511747,
              7.0354881
            ],
            [
              -76.4499834,
              7.0332889
            ],
            [
              -76.4496019,
              7.0336614
            ],
            [
              -76.4490939,
              7.0336442
            ],
            [
              -76.4484435,
              7.0334184
            ],
            [
              -76.4481325,
              7.0337836
            ],
            [
              -76.448251,
              7.0343466
            ],
            [
              -76.4480741,
              7.0346711
            ],
            [
              -76.4480835,
              7.0351936
            ],
            [
              -76.4476666,
              7.035865
            ],
            [
              -76.4472883,
              7.0363351
            ],
            [
              -76.4471899,
              7.0367634
            ],
            [
              -76.4473291,
              7.0371453
            ],
            [
              -76.4473289,
              7.0372701
            ],
            [
              -76.4472461,
              7.0374313
            ],
            [
              -76.447215,
              7.0377009
            ],
            [
              -76.4470207,
              7.0379129
            ],
            [
              -76.4465744,
              7.0381728
            ],
            [
              -76.4461203,
              7.0384358
            ],
            [
              -76.4457902,
              7.0382423
            ],
            [
              -76.4455725,
              7.0381388
            ],
            [
              -76.4453926,
              7.0378596
            ],
            [
              -76.4453067,
              7.03776
            ],
            [
              -76.4452253,
              7.0377536
            ],
            [
              -76.445109,
              7.0379277
            ],
            [
              -76.4449271,
              7.0380239
            ],
            [
              -76.4446116,
              7.0379992
            ],
            [
              -76.444369,
              7.0380005
            ],
            [
              -76.4440873,
              7.0379238
            ],
            [
              -76.4436269,
              7.037879
            ]
          ]
        ]
      },
      "properties": {
        "osm_id": 17015794,
        "nombre": "Resguardo Indígena Pavarandó-Amaparradó Medio",
        "nombre_en": "Pavarando-Amparrado Medio Indigenous Reservation",
        "grupo_etnico": "embera katío",
        "grupo_estandar": "Embera",
        "fecha_creacion": "1990/11/18",
        "descripcion": "Creado por resolucion no. 0076 del 18-11-1990. ID resguardo 1030, con 22100 ha.",
        "fuente": "OpenStreetMap / IGAC resguardos indígenas legalizados",
        "boundary": "aboriginal_lands",
        "tipo": "Resguardo Indígena"
      }
    },
    {
      "type": "Feature",
      "geometry": {
        "type": "Polygon",
        "coordinates": [
          [
            [
              -76.3559768,
              6.9142198
            ],
            [
              -76.3547416,
              6.9142185
            ],
            [
              -76.3529106,
              6.9148547
            ],
            [
              -76.3495231,
              6.9151955
            ],
            [
              -76.3413291,
              6.9145366
            ],
            [
              -76.3366142,
              6.9147184
            ],
            [
              -76.3361106,
              6.9189219
            ],
            [
              -76.336248,
              6.9207396
            ],
            [
              -76.33563,
              6.9248976
            ],
            [
              -76.3338447,
              6.9263518
            ],
            [
              -76.3314415,
              6.9291465
            ],
            [
              -76.3299308,
              6.9292828
            ],
            [
              -76.3273902,
              6.9334407
            ],
            [
              -76.326406,
              6.9360309
            ],
            [
              -76.3289009,
              6.9350312
            ],
            [
              -76.334188,
              6.9330317
            ],
            [
              -76.3351036,
              6.9334407
            ],
            [
              -76.3358818,
              6.9344177
            ],
            [
              -76.3378959,
              6.9395298
            ],
            [
              -76.3399101,
              6.9437786
            ],
            [
              -76.341558,
              6.9455053
            ],
            [
              -76.3434806,
              6.9482999
            ],
            [
              -76.3481727,
              6.9507991
            ],
            [
              -76.3489967,
              6.9541616
            ],
            [
              -76.3502098,
              6.9552976
            ],
            [
              -76.3464103,
              6.9567517
            ],
            [
              -76.3446479,
              6.9580013
            ],
            [
              -76.3426109,
              6.9588873
            ],
            [
              -76.3416496,
              6.9586147
            ],
            [
              -76.3402305,
              6.9571379
            ],
            [
              -76.3390174,
              6.955184
            ],
            [
              -76.3376442,
              6.9532074
            ],
            [
              -76.3357673,
              6.9494586
            ],
            [
              -76.3347259,
              6.9489431
            ],
            [
              -76.3329177,
              6.9497838
            ],
            [
              -76.3323684,
              6.9501927
            ],
            [
              -76.3287521,
              6.9509652
            ],
            [
              -76.3273101,
              6.950738
            ],
            [
              -76.3265548,
              6.9502382
            ],
            [
              -76.3238769,
              6.9506926
            ],
            [
              -76.3234192,
              6.9508062
            ],
            [
              -76.3246322,
              6.9529419
            ],
            [
              -76.3273102,
              6.954873
            ],
            [
              -76.3285232,
              6.9570087
            ],
            [
              -76.3290267,
              6.9590534
            ],
            [
              -76.3286376,
              6.9613027
            ],
            [
              -76.3298736,
              6.9626517
            ],
            [
              -76.3318649,
              6.9641511
            ],
            [
              -76.3325973,
              6.9680361
            ],
            [
              -76.3336273,
              6.971035
            ],
            [
              -76.3336273,
              6.9736023
            ],
            [
              -76.3346801,
              6.973466
            ],
            [
              -76.3352066,
              6.973625
            ],
            [
              -76.3391204,
              6.9715349
            ],
            [
              -76.3401275,
              6.9706261
            ],
            [
              -76.3413177,
              6.9697855
            ],
            [
              -76.342691,
              6.9693084
            ],
            [
              -76.3452087,
              6.9689676
            ],
            [
              -76.3466278,
              6.9685132
            ],
            [
              -76.3488937,
              6.9675817
            ],
            [
              -76.3511596,
              6.9681497
            ],
            [
              -76.3535629,
              6.9679225
            ],
            [
              -76.3546386,
              6.9666957
            ],
            [
              -76.3551193,
              6.9627425
            ],
            [
              -76.3545088,
              6.9599508
            ],
            [
              -76.3550944,
              6.9600785
            ],
            [
              -76.3552797,
              6.9600526
            ],
            [
              -76.3554233,
              6.9598281
            ],
            [
              -76.3553954,
              6.958974
            ],
            [
              -76.3552728,
              6.9584609
            ],
            [
              -76.3551583,
              6.9574205
            ],
            [
              -76.3552638,
              6.9571757
            ],
            [
              -76.3554816,
              6.9570219
            ],
            [
              -76.3561714,
              6.9570701
            ],
            [
              -76.3565841,
              6.9571251
            ],
            [
              -76.3568853,
              6.9567609
            ],
            [
              -76.357319,
              6.955828
            ],
            [
              -76.3579446,
              6.9559405
            ],
            [
              -76.3584413,
              6.9565837
            ],
            [
              -76.35879,
              6.9566977
            ],
            [
              -76.3591608,
              6.9563571
            ],
            [
              -76.3601031,
              6.9565686
            ],
            [
              -76.3608044,
              6.9567754
            ],
            [
              -76.3612889,
              6.9571072
            ],
            [
              -76.3614199,
              6.9576759
            ],
            [
              -76.3609525,
              6.9584382
            ],
            [
              -76.3608005,
              6.9595306
            ],
            [
              -76.3609036,
              6.9599857
            ],
            [
              -76.3611311,
              6.9602886
            ],
            [
              -76.3624983,
              6.960972
            ],
            [
              -76.3638485,
              6.9615181
            ],
            [
              -76.3646743,
              6.9623812
            ],
            [
              -76.3659962,
              6.9632519
            ],
            [
              -76.3664697,
              6.9626268
            ],
            [
              -76.3670158,
              6.9625405
            ],
            [
              -76.3675826,
              6.9628785
            ],
            [
              -76.3680564,
              6.9635973
            ],
            [
              -76.3681026,
              6.9645461
            ],
            [
              -76.3684685,
              6.9649688
            ],
            [
              -76.3689745,
              6.9651191
            ],
            [
              -76.3702552,
              6.9650247
            ],
            [
              -76.3705796,
              6.96522
            ],
            [
              -76.3707405,
              6.9656058
            ],
            [
              -76.3710817,
              6.9659502
            ],
            [
              -76.3700195,
              6.967559
            ],
            [
              -76.3708892,
              6.9719892
            ],
            [
              -76.3699737,
              6.9744429
            ],
            [
              -76.3688293,
              6.9791684
            ],
            [
              -76.3671928,
              6.9814331
            ],
            [
              -76.3674903,
              6.9836595
            ],
            [
              -76.3666893,
              6.987249
            ],
            [
              -76.3668724,
              6.9889529
            ],
            [
              -76.3667122,
              6.9909748
            ],
            [
              -76.367147,
              6.995064
            ],
            [
              -76.3679819,
              6.9988462
            ],
            [
              -76.3685312,
              6.9991188
            ],
            [
              -76.3683023,
              6.9997776
            ],
            [
              -76.3685312,
              7.0006409
            ],
            [
              -76.3684396,
              7.0019358
            ],
            [
              -76.3677759,
              7.0030262
            ],
            [
              -76.3673639,
              7.0041166
            ],
            [
              -76.3672495,
              7.0049799
            ],
            [
              -76.3670892,
              7.0060022
            ],
            [
              -76.3653268,
              7.0089781
            ],
            [
              -76.3634042,
              7.0121585
            ],
            [
              -76.3642511,
              7.0145665
            ],
            [
              -76.3650293,
              7.0149754
            ],
            [
              -76.3656931,
              7.0155433
            ],
            [
              -76.3680734,
              7.0177469
            ],
            [
              -76.3691492,
              7.0175424
            ],
            [
              -76.3703623,
              7.017338
            ],
            [
              -76.3715067,
              7.0164747
            ],
            [
              -76.3722162,
              7.0155661
            ],
            [
              -76.3727884,
              7.0145892
            ],
            [
              -76.3732462,
              7.0134761
            ],
            [
              -76.3747339,
              7.0124538
            ],
            [
              -76.3788183,
              7.0127069
            ],
            [
              -76.3906057,
              7.0129568
            ],
            [
              -76.3923085,
              7.0138765
            ],
            [
              -76.394666,
              7.0143308
            ],
            [
              -76.3953527,
              7.0143308
            ],
            [
              -76.3964971,
              7.0139447
            ],
            [
              -76.3977788,
              7.0141718
            ],
            [
              -76.3987172,
              7.0148306
            ],
            [
              -76.3996328,
              7.0158074
            ],
            [
              -76.4015783,
              7.0165344
            ],
            [
              -76.4021962,
              7.0167843
            ],
            [
              -76.4037984,
              7.0161482
            ],
            [
              -76.4051374,
              7.0152097
            ],
            [
              -76.4064878,
              7.0150507
            ],
            [
              -76.4076093,
              7.0164364
            ],
            [
              -76.4106534,
              7.0183446
            ],
            [
              -76.4125074,
              7.020798
            ],
            [
              -76.4154371,
              7.0234331
            ],
            [
              -76.4177259,
              7.0246144
            ],
            [
              -76.4188785,
              7.027112
            ],
            [
              -76.4201374,
              7.0283614
            ],
            [
              -76.4224262,
              7.0312918
            ],
            [
              -76.425333,
              7.0321323
            ],
            [
              -76.4283771,
              7.0338132
            ],
            [
              -76.4304142,
              7.0356987
            ],
            [
              -76.4334354,
              7.037266
            ],
            [
              -76.4351749,
              7.0398556
            ],
            [
              -76.4353351,
              7.0412413
            ],
            [
              -76.4359531,
              7.0428768
            ],
            [
              -76.4368915,
              7.0436264
            ],
            [
              -76.4388463,
              7.0443357
            ],
            [
              -76.4398064,
              7.0430459
            ],
            [
              -76.4405322,
              7.0427351
            ],
            [
              -76.4414201,
              7.0426361
            ],
            [
              -76.4421138,
              7.0424698
            ],
            [
              -76.4425239,
              7.0421471
            ],
            [
              -76.4427464,
              7.0415957
            ],
            [
              -76.4430469,
              7.0413777
            ],
            [
              -76.4431715,
              7.0410318
            ],
            [
              -76.4434327,
              7.0401272
            ],
            [
              -76.4435897,
              7.0397656
            ],
            [
              -76.4435462,
              7.0395099
            ],
            [
              -76.44335,
              7.0391211
            ],
            [
              -76.4432092,
              7.0385418
            ],
            [
              -76.4436269,
              7.037879
            ],
            [
              -76.4435944,
              7.0374097
            ],
            [
              -76.4433977,
              7.0369499
            ],
            [
              -76.4427504,
              7.0360756
            ],
            [
              -76.4425932,
              7.0355691
            ],
            [
              -76.4425486,
              7.0350342
            ],
            [
              -76.4426353,
              7.0338754
            ],
            [
              -76.4425585,
              7.0333479
            ],
            [
              -76.4423994,
              7.0328965
            ],
            [
              -76.4419914,
              7.0322087
            ],
            [
              -76.4415413,
              7.0320561
            ],
            [
              -76.4411509,
              7.0320398
            ],
            [
              -76.4403762,
              7.0323444
            ],
            [
              -76.4399288,
              7.0327387
            ],
            [
              -76.4394043,
              7.0329413
            ],
            [
              -76.4371212,
              7.0332445
            ],
            [
              -76.4367557,
              7.0331703
            ],
            [
              -76.4365089,
              7.0329574
            ],
            [
              -76.4363882,
              7.032598
            ],
            [
              -76.4364123,
              7.0323291
            ],
            [
              -76.4367671,
              7.03161
            ],
            [
              -76.4371948,
              7.0306298
            ],
            [
              -76.4376272,
              7.0300389
            ],
            [
              -76.4378478,
              7.0298592
            ],
            [
              -76.4382829,
              7.0295702
            ],
            [
              -76.4386169,
              7.0292989
            ],
            [
              -76.4394922,
              7.0289948
            ],
            [
              -76.4398988,
              7.0286672
            ],
            [
              -76.4401327,
              7.0283836
            ],
            [
              -76.4404036,
              7.0276461
            ],
            [
              -76.4405201,
              7.0272752
            ],
            [
              -76.4407066,
              7.0268719
            ],
            [
              -76.4408058,
              7.0265658
            ],
            [
              -76.4408407,
              7.0259695
            ],
            [
              -76.4409399,
              7.0256288
            ],
            [
              -76.4413959,
              7.024713
            ],
            [
              -76.4417526,
              7.0242471
            ],
            [
              -76.442167,
              7.0238944
            ],
            [
              -76.4425224,
              7.0236082
            ],
            [
              -76.4428885,
              7.0231317
            ],
            [
              -76.4434478,
              7.0226552
            ],
            [
              -76.4438742,
              7.022216
            ],
            [
              -76.4441881,
              7.021806
            ],
            [
              -76.4443986,
              7.021597
            ],
            [
              -76.444868,
              7.0213175
            ],
            [
              -76.4454085,
              7.0211019
            ],
            [
              -76.4458135,
              7.0208663
            ],
            [
              -76.4460804,
              7.0206573
            ],
            [
              -76.4462909,
              7.0204177
            ],
            [
              -76.4463432,
              7.0203112
            ],
            [
              -76.4463767,
              7.0199772
            ],
            [
              -76.4464368,
              7.0197549
            ],
            [
              -76.4465618,
              7.0194687
            ],
            [
              -76.446704,
              7.0193196
            ],
            [
              -76.4470553,
              7.019092
            ],
            [
              -76.4474121,
              7.0190361
            ],
            [
              -76.4478318,
              7.0190867
            ],
            [
              -76.4480129,
              7.0190641
            ],
            [
              -76.4482006,
              7.0189403
            ],
            [
              -76.4483804,
              7.0186674
            ],
            [
              -76.4486754,
              7.0178768
            ],
            [
              -76.4488873,
              7.0177197
            ],
            [
              -76.449012,
              7.0175666
            ],
            [
              -76.4493607,
              7.0174029
            ],
            [
              -76.4496544,
              7.0170715
            ],
            [
              -76.450628,
              7.0160958
            ],
            [
              -76.4509204,
              7.0158775
            ],
            [
              -76.4511484,
              7.0158216
            ],
            [
              -76.45165,
              7.0158243
            ],
            [
              -76.4522213,
              7.0157098
            ],
            [
              -76.4525567,
              7.0155097
            ],
            [
              -76.4528865,
              7.0148087
            ],
            [
              -76.4529457,
              7.0143384
            ],
            [
              -76.4527954,
              7.0136036
            ],
            [
              -76.4525916,
              7.0130658
            ],
            [
              -76.4525851,
              7.0125473
            ],
            [
              -76.4526468,
              7.0121746
            ],
            [
              -76.4529419,
              7.011501
            ],
            [
              -76.453077,
              7.0109015
            ],
            [
              -76.4534713,
              7.0088702
            ],
            [
              -76.4537342,
              7.008439
            ],
            [
              -76.4542036,
              7.0081036
            ],
            [
              -76.4551101,
              7.0076385
            ],
            [
              -76.4553742,
              7.0072854
            ],
            [
              -76.4555445,
              7.0072029
            ],
            [
              -76.455809,
              7.0067291
            ],
            [
              -76.455908,
              7.0064894
            ],
            [
              -76.4560381,
              7.0063111
            ],
            [
              -76.4560716,
              7.0061779
            ],
            [
              -76.4560971,
              7.0058438
            ],
            [
              -76.4560515,
              7.0055364
            ],
            [
              -76.4558785,
              7.0052608
            ],
            [
              -76.4554077,
              7.0048136
            ],
            [
              -76.4551596,
              7.0046206
            ],
            [
              -76.4549746,
              7.0043091
            ],
            [
              -76.4546728,
              7.0040775
            ],
            [
              -76.4542075,
              7.0038472
            ],
            [
              -76.4540956,
              7.0038237
            ],
            [
              -76.4535798,
              7.0037154
            ],
            [
              -76.4530393,
              7.0035344
            ],
            [
              -76.4525472,
              7.003565
            ],
            [
              -76.4517425,
              7.0035371
            ],
            [
              -76.4511082,
              7.0033281
            ],
            [
              -76.4509472,
              7.0031377
            ],
            [
              -76.4507836,
              7.0030845
            ],
            [
              -76.4504644,
              7.003179
            ],
            [
              -76.45027,
              7.003187
            ],
            [
              -76.4499575,
              7.0030552
            ],
            [
              -76.4496303,
              7.003151
            ],
            [
              -76.4491408,
              7.0030658
            ],
            [
              -76.44867,
              7.0028196
            ],
            [
              -76.4468515,
              7.0003464
            ],
            [
              -76.4459556,
              6.9990313
            ],
            [
              -76.4455989,
              6.9983231
            ],
            [
              -76.445564,
              6.9980462
            ],
            [
              -76.445666,
              6.9978599
            ],
            [
              -76.4463633,
              6.9976389
            ],
            [
              -76.4479244,
              6.9976522
            ],
            [
              -76.4484823,
              6.9975085
            ],
            [
              -76.4489195,
              6.9973328
            ],
            [
              -76.4492682,
              6.9970506
            ],
            [
              -76.4496222,
              6.9966619
            ],
            [
              -76.4497805,
              6.9963318
            ],
            [
              -76.4498878,
              6.9957567
            ],
            [
              -76.4497215,
              6.9950805
            ],
            [
              -76.4485091,
              6.9931956
            ],
            [
              -76.4483857,
              6.9922692
            ],
            [
              -76.448611,
              6.9914173
            ],
            [
              -76.4498663,
              6.9889733
            ],
            [
              -76.4507836,
              6.9867263
            ],
            [
              -76.4508265,
              6.9861246
            ],
            [
              -76.4505476,
              6.9853739
            ],
            [
              -76.4500433,
              6.9845912
            ],
            [
              -76.4494479,
              6.9841173
            ],
            [
              -76.4490455,
              6.9836274
            ],
            [
              -76.4489704,
              6.9831961
            ],
            [
              -76.4492816,
              6.9810875
            ],
            [
              -76.4503866,
              6.9794209
            ],
            [
              -76.4519692,
              6.9779513
            ],
            [
              -76.4521837,
              6.97752
            ],
            [
              -76.452165,
              6.9765749
            ],
            [
              -76.4521322,
              6.9763762
            ],
            [
              -76.4519262,
              6.9751266
            ],
            [
              -76.4521381,
              6.9743811
            ],
            [
              -76.4521167,
              6.9739338
            ],
            [
              -76.4519691,
              6.9735025
            ],
            [
              -76.4515936,
              6.9728689
            ],
            [
              -76.4513388,
              6.9727384
            ],
            [
              -76.450848,
              6.9726665
            ],
            [
              -76.4503732,
              6.972765
            ],
            [
              -76.4500138,
              6.9727278
            ],
            [
              -76.449177,
              6.9725494
            ],
            [
              -76.4486244,
              6.972576
            ],
            [
              -76.4482677,
              6.9727917
            ],
            [
              -76.4478761,
              6.9732549
            ],
            [
              -76.4476374,
              6.9734333
            ],
            [
              -76.4472511,
              6.9736223
            ],
            [
              -76.4469722,
              6.973633
            ],
            [
              -76.4464116,
              6.9735797
            ],
            [
              -76.4455318,
              6.9733055
            ],
            [
              -76.4449552,
              6.9732469
            ],
            [
              -76.4447781,
              6.9731724
            ],
            [
              -76.4445019,
              6.9727943
            ],
            [
              -76.4443168,
              6.9721367
            ],
            [
              -76.4442551,
              6.9711996
            ],
            [
              -76.44418,
              6.9708668
            ],
            [
              -76.44408,
              6.970688
            ],
            [
              -76.4438887,
              6.9705667
            ],
            [
              -76.4435738,
              6.970542
            ],
            [
              -76.4432627,
              6.9706378
            ],
            [
              -76.4430025,
              6.970928
            ],
            [
              -76.4427665,
              6.9715457
            ],
            [
              -76.4425626,
              6.9719424
            ],
            [
              -76.4423722,
              6.9721367
            ],
            [
              -76.4422141,
              6.9722249
            ],
            [
              -76.4419084,
              6.9721842
            ],
            [
              -76.4415918,
              6.9720697
            ],
            [
              -76.4410339,
              6.9717183
            ],
            [
              -76.4397974,
              6.9707305
            ],
            [
              -76.4393307,
              6.9705069
            ],
            [
              -76.4386269,
              6.9703797
            ],
            [
              -76.4375846,
              6.9704057
            ],
            [
              -76.4372697,
              6.9704382
            ],
            [
              -76.4369881,
              6.970345
            ],
            [
              -76.4367119,
              6.9701454
            ],
            [
              -76.436567,
              6.9697593
            ],
            [
              -76.436862,
              6.967885
            ],
            [
              -76.436772,
              6.9661033
            ],
            [
              -76.4364231,
              6.9654768
            ],
            [
              -76.4357687,
              6.9629403
            ],
            [
              -76.4358653,
              6.9626795
            ],
            [
              -76.4361335,
              6.9623546
            ],
            [
              -76.4385475,
              6.9617476
            ],
            [
              -76.4391054,
              6.9617636
            ],
            [
              -76.4395453,
              6.9616118
            ],
            [
              -76.4396607,
              6.9614175
            ],
            [
              -76.4396015,
              6.960723
            ],
            [
              -76.4394137,
              6.9601745
            ],
            [
              -76.4388317,
              6.9593465
            ],
            [
              -76.4387512,
              6.9588859
            ],
            [
              -76.4389095,
              6.9583907
            ],
            [
              -76.4392313,
              6.9580392
            ],
            [
              -76.4397329,
              6.9576505
            ],
            [
              -76.4402184,
              6.9573843
            ],
            [
              -76.4405188,
              6.9570195
            ],
            [
              -76.4407924,
              6.9564498
            ],
            [
              -76.4408568,
              6.9561382
            ],
            [
              -76.4407414,
              6.9555312
            ],
            [
              -76.4405081,
              6.9549082
            ],
            [
              -76.4397302,
              6.953734
            ],
            [
              -76.4396659,
              6.9533693
            ],
            [
              -76.4396283,
              6.9528235
            ],
            [
              -76.4401889,
              6.9514656
            ],
            [
              -76.4407468,
              6.9508692
            ],
            [
              -76.4412725,
              6.9498015
            ],
            [
              -76.4414254,
              6.9492584
            ],
            [
              -76.4412296,
              6.9480789
            ],
            [
              -76.4413181,
              6.947794
            ],
            [
              -76.4416641,
              6.9472615
            ],
            [
              -76.4416561,
              6.9470378
            ],
            [
              -76.4412222,
              6.9463633
            ],
            [
              -76.4411089,
              6.9456693
            ],
            [
              -76.4412645,
              6.9454696
            ],
            [
              -76.4415917,
              6.9453578
            ],
            [
              -76.4423963,
              6.9446735
            ],
            [
              -76.4426828,
              6.9442624
            ],
            [
              -76.4429703,
              6.9434328
            ],
            [
              -76.4432252,
              6.9423438
            ],
            [
              -76.4432091,
              6.9414545
            ],
            [
              -76.4430912,
              6.9406073
            ],
            [
              -76.4430499,
              6.9395481
            ],
            [
              -76.442364,
              6.9391421
            ],
            [
              -76.4421898,
              6.9390955
            ],
            [
              -76.4419886,
              6.9392686
            ],
            [
              -76.4418358,
              6.9396679
            ],
            [
              -76.4414012,
              6.9398916
            ],
            [
              -76.4410552,
              6.9399022
            ],
            [
              -76.4407173,
              6.939841
            ],
            [
              -76.4404437,
              6.9398117
            ],
            [
              -76.4401835,
              6.9399156
            ],
            [
              -76.4400816,
              6.9398889
            ],
            [
              -76.4398322,
              6.9395854
            ],
            [
              -76.4396659,
              6.9392765
            ],
            [
              -76.4396659,
              6.9388346
            ],
            [
              -76.4395532,
              6.9383872
            ],
            [
              -76.4397571,
              6.937916
            ],
            [
              -76.4397436,
              6.9376923
            ],
            [
              -76.4390865,
              6.9368856
            ],
            [
              -76.4390999,
              6.9366273
            ],
            [
              -76.4390141,
              6.9364409
            ],
            [
              -76.4387164,
              6.9361241
            ],
            [
              -76.4383274,
              6.9358046
            ],
            [
              -76.4381638,
              6.9354105
            ],
            [
              -76.4382041,
              6.9348939
            ],
            [
              -76.4376515,
              6.9346117
            ],
            [
              -76.4371902,
              6.9342709
            ],
            [
              -76.436981,
              6.9342603
            ],
            [
              -76.4364928,
              6.9344227
            ],
            [
              -76.4363158,
              6.9344227
            ],
            [
              -76.436128,
              6.9343721
            ],
            [
              -76.4359215,
              6.9342203
            ],
            [
              -76.4354816,
              6.9341458
            ],
            [
              -76.4351249,
              6.9342256
            ],
            [
              -76.4344651,
              6.9339807
            ],
            [
              -76.4343631,
              6.933789
            ],
            [
              -76.4342505,
              6.9333843
            ],
            [
              -76.4339528,
              6.9332857
            ],
            [
              -76.4336818,
              6.9328597
            ],
            [
              -76.4329255,
              6.9323512
            ],
            [
              -76.4328477,
              6.9322234
            ],
            [
              -76.432794,
              6.9318373
            ],
            [
              -76.4326626,
              6.9316296
            ],
            [
              -76.4325929,
              6.9314219
            ],
            [
              -76.432566,
              6.9310518
            ],
            [
              -76.4322871,
              6.9303036
            ],
            [
              -76.4322147,
              6.9299282
            ],
            [
              -76.4320457,
              6.9297578
            ],
            [
              -76.4317372,
              6.9296726
            ],
            [
              -76.4314985,
              6.9296939
            ],
            [
              -76.4313617,
              6.9296859
            ],
            [
              -76.4310426,
              6.9294409
            ],
            [
              -76.4309594,
              6.9293025
            ],
            [
              -76.4309379,
              6.9291108
            ],
            [
              -76.4309031,
              6.928975
            ],
            [
              -76.4307851,
              6.9288898
            ],
            [
              -76.4305517,
              6.9288685
            ],
            [
              -76.430431,
              6.9288312
            ],
            [
              -76.4303827,
              6.9287407
            ],
            [
              -76.4303854,
              6.928517
            ],
            [
              -76.4304847,
              6.9281123
            ],
            [
              -76.4304391,
              6.9279499
            ],
            [
              -76.4302111,
              6.9277449
            ],
            [
              -76.429857,
              6.9275185
            ],
            [
              -76.4295566,
              6.9273747
            ],
            [
              -76.4291221,
              6.9273747
            ],
            [
              -76.4289504,
              6.9273055
            ],
            [
              -76.4286071,
              6.9269274
            ],
            [
              -76.428237,
              6.9268316
            ],
            [
              -76.4276791,
              6.9268316
            ],
            [
              -76.4274484,
              6.9267038
            ],
            [
              -76.4272177,
              6.9264695
            ],
            [
              -76.4270407,
              6.9261819
            ],
            [
              -76.4268905,
              6.926118
            ],
            [
              -76.4266613,
              6.9261457
            ],
            [
              -76.4263641,
              6.9260363
            ],
            [
              -76.4262446,
              6.9258294
            ],
            [
              -76.4265447,
              6.9252141
            ],
            [
              -76.4265776,
              6.9246887
            ],
            [
              -76.4263738,
              6.9245243
            ],
            [
              -76.4258795,
              6.9245009
            ],
            [
              -76.4256256,
              6.9242218
            ],
            [
              -76.4255773,
              6.9234387
            ],
            [
              -76.4253878,
              6.9229998
            ],
            [
              -76.4253366,
              6.9224503
            ],
            [
              -76.4251478,
              6.9221747
            ],
            [
              -76.4253234,
              6.9203933
            ],
            [
              -76.425023,
              6.9198998
            ],
            [
              -76.4246417,
              6.919831
            ],
            [
              -76.4249285,
              6.9188961
            ],
            [
              -76.4243632,
              6.9177895
            ],
            [
              -76.4221888,
              6.9180849
            ],
            [
              -76.4221923,
              6.9146288
            ],
            [
              -76.4218948,
              6.9119249
            ],
            [
              -76.4223068,
              6.9069261
            ],
            [
              -76.4215286,
              6.903904
            ],
            [
              -76.4196975,
              6.8986097
            ],
            [
              -76.419194,
              6.8950877
            ],
            [
              -76.4193313,
              6.8925882
            ],
            [
              -76.418576,
              6.8891343
            ],
            [
              -76.4172256,
              6.8877937
            ],
            [
              -76.4149826,
              6.8852033
            ],
            [
              -76.4131515,
              6.8836581
            ],
            [
              -76.4098098,
              6.8827492
            ],
            [
              -76.4076354,
              6.8819993
            ],
            [
              -76.4038589,
              6.8802041
            ],
            [
              -76.4016387,
              6.8774319
            ],
            [
              -76.3992813,
              6.8773183
            ],
            [
              -76.3982055,
              6.8765911
            ],
            [
              -76.39626,
              6.8747732
            ],
            [
              -76.3927407,
              6.8745242
            ],
            [
              -76.3925347,
              6.8745242
            ],
            [
              -76.392219,
              6.8747578
            ],
            [
              -76.3919743,
              6.8751088
            ],
            [
              -76.3913338,
              6.8749273
            ],
            [
              -76.3909476,
              6.8740563
            ],
            [
              -76.3894791,
              6.8728565
            ],
            [
              -76.3892846,
              6.8719444
            ],
            [
              -76.3891859,
              6.8718059
            ],
            [
              -76.3884583,
              6.8715189
            ],
            [
              -76.3880945,
              6.8713179
            ],
            [
              -76.387911,
              6.8713549
            ],
            [
              -76.387787,
              6.8715215
            ],
            [
              -76.3877519,
              6.8723862
            ],
            [
              -76.3875321,
              6.8725627
            ],
            [
              -76.3872465,
              6.8726802
            ],
            [
              -76.3864984,
              6.8725517
            ],
            [
              -76.3857982,
              6.8726622
            ],
            [
              -76.3853937,
              6.872921
            ],
            [
              -76.3842241,
              6.8722529
            ],
            [
              -76.3839446,
              6.8722918
            ],
            [
              -76.383139,
              6.8731782
            ],
            [
              -76.3829113,
              6.8739012
            ],
            [
              -76.3830008,
              6.8742712
            ],
            [
              -76.3830195,
              6.874723
            ],
            [
              -76.382942,
              6.8758384
            ],
            [
              -76.382316,
              6.8766626
            ],
            [
              -76.3820015,
              6.8768957
            ],
            [
              -76.3814866,
              6.876966
            ],
            [
              -76.3814643,
              6.8772592
            ],
            [
              -76.3820498,
              6.8773959
            ],
            [
              -76.3821955,
              6.8775728
            ],
            [
              -76.3822091,
              6.8777731
            ],
            [
              -76.3818262,
              6.8782691
            ],
            [
              -76.3817335,
              6.8789822
            ],
            [
              -76.3816447,
              6.8793831
            ],
            [
              -76.3817718,
              6.8804087
            ],
            [
              -76.3820465,
              6.8837035
            ],
            [
              -76.38255,
              6.8847942
            ],
            [
              -76.3826644,
              6.8867257
            ],
            [
              -76.3828018,
              6.8881573
            ],
            [
              -76.3834884,
              6.8927927
            ],
            [
              -76.3833511,
              6.8940652
            ],
            [
              -76.3838317,
              6.8965647
            ],
            [
              -76.383992,
              6.8975872
            ],
            [
              -76.3813369,
              6.8979508
            ],
            [
              -76.3795288,
              6.8990187
            ],
            [
              -76.3747451,
              6.898178
            ],
            [
              -76.373143,
              6.8988142
            ],
            [
              -76.3684509,
              6.900632
            ],
            [
              -76.366574,
              6.9023135
            ],
            [
              -76.3657272,
              6.9038359
            ],
            [
              -76.3630722,
              6.9053128
            ],
            [
              -76.3599136,
              6.9068579
            ],
            [
              -76.3596847,
              6.9092892
            ],
            [
              -76.3580139,
              6.9121294
            ],
            [
              -76.3566406,
              6.9137881
            ],
            [
              -76.3559768,
              6.9142198
            ]
          ]
        ]
      },
      "properties": {
        "osm_id": 17017819,
        "nombre": "Resguardo Indígena Chimurro y Nendó",
        "nombre_en": "Chimurro and Nendo Indigenous Reservation",
        "grupo_etnico": "embera katío",
        "grupo_estandar": "Embera",
        "fecha_creacion": "1988/10/09",
        "descripcion": "Creado por resolucion no. 0089 del 09-10-1988. ID resguardo 1026, con 13185 ha.",
        "fuente": "OpenStreetMap / IGAC resguardos indígenas legalizados",
        "boundary": "aboriginal_lands",
        "tipo": "Resguardo Indígena"
      }
    },
    {
      "type": "Feature",
      "geometry": {
        "type": "Polygon",
        "coordinates": [
          [
            [
              -76.3242873,
              7.01383
            ],
            [
              -76.3252714,
              7.0132848
            ],
            [
              -76.3269194,
              7.0125578
            ],
            [
              -76.3284071,
              7.0121943
            ],
            [
              -76.3301466,
              7.0113311
            ],
            [
              -76.3295058,
              7.0099454
            ],
            [
              -76.3294829,
              7.0091957
            ],
            [
              -76.3298262,
              7.0068104
            ],
            [
              -76.3302153,
              7.0044932
            ],
            [
              -76.3323439,
              7.003789
            ],
            [
              -76.3342665,
              7.0032665
            ],
            [
              -76.3371504,
              7.0019716
            ],
            [
              -76.3371733,
              6.9995635
            ],
            [
              -76.3357771,
              6.9974281
            ],
            [
              -76.3356856,
              6.9953608
            ],
            [
              -76.336418,
              6.9950881
            ],
            [
              -76.337654,
              6.995338
            ],
            [
              -76.3395766,
              6.9947474
            ],
            [
              -76.3402861,
              6.9935888
            ],
            [
              -76.3416823,
              6.9935433
            ],
            [
              -76.3433531,
              6.9960196
            ],
            [
              -76.3444517,
              6.9968828
            ],
            [
              -76.3430327,
              6.9986775
            ],
            [
              -76.3432616,
              7.0007903
            ],
            [
              -76.3432844,
              7.0017217
            ],
            [
              -76.3431242,
              7.0028349
            ],
            [
              -76.3419569,
              7.0040843
            ],
            [
              -76.3408583,
              7.0058108
            ],
            [
              -76.3387755,
              7.0075828
            ],
            [
              -76.3375166,
              7.0080598
            ],
            [
              -76.3368758,
              7.009491
            ],
            [
              -76.3345641,
              7.013989
            ],
            [
              -76.3334196,
              7.0136937
            ],
            [
              -76.3322523,
              7.012944
            ],
            [
              -76.3311537,
              7.0137618
            ],
            [
              -76.3298033,
              7.0143979
            ],
            [
              -76.3260496,
              7.0166014
            ],
            [
              -76.3256148,
              7.016238
            ],
            [
              -76.3245161,
              7.0145342
            ],
            [
              -76.3242873,
              7.01383
            ]
          ]
        ]
      },
      "properties": {
        "osm_id": 17017831,
        "nombre": "Resguardo Indígena Monzhomandó",
        "nombre_en": "Monzhomando Indigenous Reservation",
        "grupo_etnico": "embera katío",
        "grupo_estandar": "Embera",
        "fecha_creacion": "2003/07/21",
        "descripcion": "Creado por resolucion no. 0001 del 21-07-2003. ID resguardo 1693, con 185.902 ha.",
        "fuente": "OpenStreetMap / IGAC resguardos indígenas legalizados",
        "boundary": "aboriginal_lands",
        "tipo": "Resguardo Indígena"
      }
    },
    {
      "type": "Feature",
      "geometry": {
        "type": "Polygon",
        "coordinates": [
          [
            [
              -76.3199455,
              6.9924688
            ],
            [
              -76.3197544,
              6.9922789
            ],
            [
              -76.3193784,
              6.9921725
            ],
            [
              -76.3180738,
              6.9924452
            ],
            [
              -76.3170209,
              6.9930813
            ],
            [
              -76.3153959,
              6.9927859
            ],
            [
              -76.3125577,
              6.9913547
            ],
            [
              -76.307385,
              6.9921271
            ],
            [
              -76.3055769,
              6.9942626
            ],
            [
              -76.3046155,
              6.9946488
            ],
            [
              -76.3013197,
              6.9974658
            ],
            [
              -76.2999464,
              6.9986925
            ],
            [
              -76.2977033,
              6.9998284
            ],
            [
              -76.2952543,
              7.0008053
            ],
            [
              -76.2940501,
              7.0015694
            ],
            [
              -76.2855128,
              6.9815549
            ],
            [
              -76.2855492,
              6.9782899
            ],
            [
              -76.2860298,
              6.9748821
            ],
            [
              -76.2860298,
              6.9719968
            ],
            [
              -76.285984,
              6.9678847
            ],
            [
              -76.2864647,
              6.9651584
            ],
            [
              -76.2867394,
              6.9629546
            ],
            [
              -76.2867394,
              6.9613642
            ],
            [
              -76.2876778,
              6.9566159
            ],
            [
              -76.290081,
              6.9542303
            ],
            [
              -76.290493,
              6.9524127
            ],
            [
              -76.2905388,
              6.9495954
            ],
            [
              -76.2905388,
              6.9478687
            ],
            [
              -76.2906189,
              6.9465438
            ],
            [
              -76.2911453,
              6.9448853
            ],
            [
              -76.2917633,
              6.9409546
            ],
            [
              -76.2908707,
              6.9377283
            ],
            [
              -76.2909393,
              6.9362969
            ],
            [
              -76.2907334,
              6.9334114
            ],
            [
              -76.2897949,
              6.9309803
            ],
            [
              -76.2892456,
              6.9284128
            ],
            [
              -76.2928391,
              6.9230733
            ],
            [
              -76.2939835,
              6.9210284
            ],
            [
              -76.2954483,
              6.9178928
            ],
            [
              -76.296341,
              6.9150753
            ],
            [
              -76.2988587,
              6.9115535
            ],
            [
              -76.3008728,
              6.9090768
            ],
            [
              -76.3051529,
              6.9063501
            ],
            [
              -76.3078766,
              6.9048732
            ],
            [
              -76.3102799,
              6.9032826
            ],
            [
              -76.3146744,
              6.9048732
            ],
            [
              -76.3160935,
              6.9062365
            ],
            [
              -76.3160749,
              6.9085983
            ],
            [
              -76.3171964,
              6.913438
            ],
            [
              -76.3184095,
              6.9166418
            ],
            [
              -76.3191419,
              6.9210952
            ],
            [
              -76.3190275,
              6.9235264
            ],
            [
              -76.3204236,
              6.9280933
            ],
            [
              -76.3208356,
              6.9305018
            ],
            [
              -76.3229185,
              6.9350914
            ],
            [
              -76.3233991,
              6.9377497
            ],
            [
              -76.3227125,
              6.9420666
            ],
            [
              -76.3224836,
              6.944634
            ],
            [
              -76.3228506,
              6.9501966
            ],
            [
              -76.3230108,
              6.952355
            ],
            [
              -76.3234228,
              6.9543771
            ],
            [
              -76.3204931,
              6.9578305
            ],
            [
              -76.3198751,
              6.9598525
            ],
            [
              -76.3187078,
              6.9632604
            ],
            [
              -76.3169776,
              6.9650541
            ],
            [
              -76.3153526,
              6.9662355
            ],
            [
              -76.3140937,
              6.9670534
            ],
            [
              -76.314043,
              6.9673928
            ],
            [
              -76.31453,
              6.9679236
            ],
            [
              -76.314612,
              6.968579
            ],
            [
              -76.3151008,
              6.969598
            ],
            [
              -76.3151936,
              6.9706657
            ],
            [
              -76.3155538,
              6.9711631
            ],
            [
              -76.3157466,
              6.9719447
            ],
            [
              -76.3161282,
              6.9725255
            ],
            [
              -76.3161192,
              6.9727047
            ],
            [
              -76.3159348,
              6.9729188
            ],
            [
              -76.3159895,
              6.9731441
            ],
            [
              -76.3165498,
              6.9736329
            ],
            [
              -76.3166305,
              6.9739883
            ],
            [
              -76.316517,
              6.9744291
            ],
            [
              -76.317155,
              6.9750028
            ],
            [
              -76.3170771,
              6.9755901
            ],
            [
              -76.3189566,
              6.9771149
            ],
            [
              -76.3192876,
              6.9775946
            ],
            [
              -76.3192858,
              6.978421
            ],
            [
              -76.3201394,
              6.9806797
            ],
            [
              -76.3208493,
              6.9819896
            ],
            [
              -76.321052,
              6.9832523
            ],
            [
              -76.3201859,
              6.9848316
            ],
            [
              -76.3199989,
              6.9854783
            ],
            [
              -76.3199989,
              6.9865688
            ],
            [
              -76.3204827,
              6.9875844
            ],
            [
              -76.320594,
              6.9889586
            ],
            [
              -76.3202535,
              6.989902
            ],
            [
              -76.3208532,
              6.9912043
            ],
            [
              -76.3205002,
              6.9917632
            ],
            [
              -76.3201682,
              6.9924275
            ],
            [
              -76.3199455,
              6.9924688
            ]
          ]
        ]
      },
      "properties": {
        "osm_id": 17018285,
        "nombre": "Resguardo Indígena Choromandó Alto y Medio",
        "nombre_en": "Upper and Middle Choromando Indigenous Reservation",
        "grupo_etnico": "embera katío",
        "grupo_estandar": "Embera",
        "fecha_creacion": "1998/11/29",
        "descripcion": "Creado por resolucion no. 0031 del 29-11-1998. ID resguardo 1387, con 3035 ha.",
        "fuente": "OpenStreetMap / IGAC resguardos indígenas legalizados",
        "boundary": "aboriginal_lands",
        "tipo": "Resguardo Indígena"
      }
    },
    {
      "type": "Feature",
      "geometry": {
        "type": "Polygon",
        "coordinates": [
          [
            [
              -76.5401914,
              6.9582177
            ],
            [
              -76.5407007,
              6.9590848
            ],
            [
              -76.5413347,
              6.9599504
            ],
            [
              -76.5420922,
              6.9606899
            ],
            [
              -76.5427263,
              6.9615556
            ],
            [
              -76.5434851,
              6.9624198
            ],
            [
              -76.5439944,
              6.9632868
            ],
            [
              -76.5446271,
              6.9640278
            ],
            [
              -76.5453961,
              6.9657648
            ],
            [
              -76.5456689,
              6.967757
            ],
            [
              -76.5456805,
              6.9687545
            ],
            [
              -76.5455673,
              6.9697535
            ],
            [
              -76.5453278,
              6.9706293
            ],
            [
              -76.5443527,
              6.972636
            ],
            [
              -76.5436126,
              6.9733928
            ],
            [
              -76.5429988,
              6.9742729
            ],
            [
              -76.5428856,
              6.9752719
            ],
            [
              -76.5428972,
              6.9762695
            ],
            [
              -76.5430336,
              6.9772656
            ],
            [
              -76.5430452,
              6.9782631
            ],
            [
              -76.5434298,
              6.9791316
            ],
            [
              -76.5436895,
              6.9800016
            ],
            [
              -76.5443222,
              6.9807425
            ],
            [
              -76.5447068,
              6.981611
            ],
            [
              -76.5448432,
              6.9826071
            ],
            [
              -76.5448548,
              6.9836047
            ],
            [
              -76.5442395,
              6.9843601
            ],
            [
              -76.5433732,
              6.9849937
            ],
            [
              -76.54326,
              6.9859927
            ],
            [
              -76.5432833,
              6.9879878
            ],
            [
              -76.543543,
              6.9888578
            ],
            [
              -76.5436809,
              6.9899786
            ],
            [
              -76.5440669,
              6.9909718
            ],
            [
              -76.5444515,
              6.9918403
            ],
            [
              -76.5449609,
              6.9927073
            ],
            [
              -76.5457184,
              6.9934467
            ],
            [
              -76.5463526,
              6.9943123
            ],
            [
              -76.5466138,
              6.995307
            ],
            [
              -76.5466255,
              6.9963045
            ],
            [
              -76.5467619,
              6.9973006
            ],
            [
              -76.5475282,
              6.9987882
            ],
            [
              -76.5475515,
              7.0007833
            ],
            [
              -76.5475474,
              7.001711
            ],
            [
              -76.5474395,
              7.002698
            ],
            [
              -76.5478135,
              7.0018303
            ],
            [
              -76.5488515,
              7.0002833
            ],
            [
              -76.5495157,
              6.999604
            ],
            [
              -76.5501787,
              6.9988288
            ],
            [
              -76.5512269,
              6.9981451
            ],
            [
              -76.5519882,
              6.9975606
            ],
            [
              -76.5526524,
              6.9968813
            ],
            [
              -76.5535085,
              6.9961998
            ],
            [
              -76.5539796,
              6.9954269
            ],
            [
              -76.5547397,
              6.9947465
            ],
            [
              -76.5553067,
              6.9939724
            ],
            [
              -76.5572992,
              6.9919346
            ],
            [
              -76.5580593,
              6.9912542
            ],
            [
              -76.5587235,
              6.990575
            ],
            [
              -76.5604425,
              6.9897874
            ],
            [
              -76.5613031,
              6.9894896
            ],
            [
              -76.5623579,
              6.9893814
            ],
            [
              -76.562829,
              6.9886084
            ],
            [
              -76.5635913,
              6.9881199
            ],
            [
              -76.5643526,
              6.9875354
            ],
            [
              -76.5646305,
              6.9866688
            ],
            [
              -76.5652946,
              6.9859895
            ],
            [
              -76.5658616,
              6.9852155
            ],
            [
              -76.5671898,
              6.983857
            ],
            [
              -76.5687145,
              6.9828799
            ],
            [
              -76.5691844,
              6.982011
            ],
            [
              -76.5697503,
              6.9811411
            ],
            [
              -76.5700282,
              6.9802744
            ],
            [
              -76.5704992,
              6.9795015
            ],
            [
              -76.5710662,
              6.9787275
            ],
            [
              -76.5719256,
              6.9783337
            ],
            [
              -76.5739415,
              6.9783102
            ],
            [
              -76.5748099,
              6.9786837
            ],
            [
              -76.576732,
              6.9788531
            ],
            [
              -76.5775067,
              6.9794196
            ],
            [
              -76.5792436,
              6.9801668
            ],
            [
              -76.5799234,
              6.9808303
            ],
            [
              -76.5814705,
              6.9817715
            ],
            [
              -76.5832051,
              6.9823267
            ],
            [
              -76.583885,
              6.9829902
            ],
            [
              -76.5842791,
              6.983849
            ],
            [
              -76.5845772,
              6.9847088
            ],
            [
              -76.5846844,
              6.9856668
            ],
            [
              -76.5847306,
              6.9895993
            ],
            [
              -76.5850524,
              6.9924733
            ],
            [
              -76.5853505,
              6.9933331
            ],
            [
              -76.5860315,
              6.9940925
            ],
            [
              -76.5863296,
              6.9949524
            ],
            [
              -76.5876893,
              6.9962794
            ],
            [
              -76.5880835,
              6.9971381
            ],
            [
              -76.5885736,
              6.9979957
            ],
            [
              -76.5888717,
              6.9988555
            ],
            [
              -76.5893698,
              7.0003845
            ],
            [
              -76.589389,
              7.002015
            ],
            [
              -76.5897909,
              7.0035355
            ],
            [
              -76.5899942,
              7.0044923
            ],
            [
              -76.5900179,
              7.0065065
            ],
            [
              -76.5901252,
              7.0074645
            ],
            [
              -76.5903285,
              7.0084214
            ],
            [
              -76.590821,
              7.0094707
            ],
            [
              -76.5914071,
              7.0103272
            ],
            [
              -76.592183,
              7.0109895
            ],
            [
              -76.5937325,
              7.0121224
            ],
            [
              -76.5948845,
              7.0121088
            ],
            [
              -76.5957451,
              7.0118109
            ],
            [
              -76.5966045,
              7.011417
            ],
            [
              -76.5972674,
              7.0106418
            ],
            [
              -76.5976412,
              7.0097741
            ],
            [
              -76.597919,
              7.0089075
            ],
            [
              -76.5983899,
              7.0081346
            ],
            [
              -76.5986678,
              7.007268
            ],
            [
              -76.5991387,
              7.006495
            ],
            [
              -76.5995125,
              7.0056273
            ],
            [
              -76.5999834,
              7.0048544
            ],
            [
              -76.6005503,
              7.0040803
            ],
            [
              -76.6009241,
              7.0032126
            ],
            [
              -76.601587,
              7.0024374
            ],
            [
              -76.602251,
              7.0017581
            ],
            [
              -76.6028179,
              7.000984
            ],
            [
              -76.6036762,
              7.0004943
            ],
            [
              -76.6043561,
              7.0011578
            ],
            [
              -76.6045594,
              7.0021146
            ],
            [
              -76.6048576,
              7.0029744
            ],
            [
              -76.6051569,
              7.0039301
            ],
            [
              -76.6051682,
              7.0048892
            ],
            [
              -76.6055624,
              7.0057478
            ],
            [
              -76.6060514,
              7.0065095
            ],
            [
              -76.6067313,
              7.0071729
            ],
            [
              -76.6072204,
              7.0079345
            ],
            [
              -76.6075197,
              7.0088902
            ],
            [
              -76.6080087,
              7.0096518
            ],
            [
              -76.6085983,
              7.0107959
            ],
            [
              -76.6089925,
              7.0116546
            ],
            [
              -76.6094816,
              7.0124162
            ],
            [
              -76.610358,
              7.013461
            ],
            [
              -76.6110379,
              7.0141244
            ],
            [
              -76.6127726,
              7.0146794
            ],
            [
              -76.6135474,
              7.0152458
            ],
            [
              -76.6152844,
              7.0159926
            ],
            [
              -76.6162443,
              7.0159813
            ],
            [
              -76.6172031,
              7.015874
            ],
            [
              -76.6189219,
              7.0150863
            ],
            [
              -76.6256415,
              7.0150067
            ],
            [
              -76.6266025,
              7.0150912
            ],
            [
              -76.6275624,
              7.0150798
            ],
            [
              -76.6286195,
              7.0151632
            ],
            [
              -76.6295806,
              7.0152477
            ],
            [
              -76.6320763,
              7.0152181
            ],
            [
              -76.6339939,
              7.0150035
            ],
            [
              -76.6348544,
              7.0147055
            ],
            [
              -76.636004,
              7.0145001
            ],
            [
              -76.6369605,
              7.0142009
            ],
            [
              -76.6379181,
              7.0139977
            ],
            [
              -76.6396368,
              7.01321
            ],
            [
              -76.6404973,
              7.012912
            ],
            [
              -76.6412583,
              7.0123274
            ],
            [
              -76.642392,
              7.0107793
            ],
            [
              -76.6430559,
              7.0101
            ],
            [
              -76.6441895,
              7.0085518
            ],
            [
              -76.6451471,
              7.0083486
            ],
            [
              -76.6459184,
              7.0086272
            ],
            [
              -76.646884,
              7.0090953
            ],
            [
              -76.6473183,
              7.009282
            ],
            [
              -76.6483275,
              7.0085878
            ],
            [
              -76.6490141,
              7.0068613
            ],
            [
              -76.6502501,
              7.0045895
            ],
            [
              -76.6509367,
              7.003749
            ],
            [
              -76.6537062,
              7.0035445
            ],
            [
              -76.6554915,
              7.0033628
            ],
            [
              -76.6575514,
              7.0034764
            ],
            [
              -76.6594054,
              7.0031356
            ],
            [
              -76.6606184,
              7.0018407
            ],
            [
              -76.6624037,
              7.0011819
            ],
            [
              -76.6637999,
              6.9995235
            ],
            [
              -76.6645781,
              6.9975017
            ],
            [
              -76.665837,
              6.9962067
            ],
            [
              -76.6669585,
              6.9914814
            ],
            [
              -76.6693388,
              6.9876648
            ],
            [
              -76.670735,
              6.9856429
            ],
            [
              -76.6733443,
              6.9831211
            ],
            [
              -76.6762282,
              6.9823033
            ],
            [
              -76.679547,
              6.9814627
            ],
            [
              -76.6822478,
              6.9798951
            ],
            [
              -76.6843535,
              6.9783502
            ],
            [
              -76.6827742,
              6.9752832
            ],
            [
              -76.6878554,
              6.9714437
            ],
            [
              -76.6896864,
              6.9690582
            ],
            [
              -76.6876723,
              6.967377
            ],
            [
              -76.685475,
              6.9650824
            ],
            [
              -76.6836211,
              6.9644235
            ],
            [
              -76.6810118,
              6.9637192
            ],
            [
              -76.6789519,
              6.9632875
            ],
            [
              -76.6773497,
              6.9615154
            ],
            [
              -76.6726119,
              6.957744
            ],
            [
              -76.6706206,
              6.957176
            ],
            [
              -76.6705176,
              6.9560244
            ],
            [
              -76.6709753,
              6.9538206
            ],
            [
              -76.6720053,
              6.9508215
            ],
            [
              -76.67228,
              6.9491175
            ],
            [
              -76.672486,
              6.9423696
            ],
            [
              -76.6710211,
              6.9416199
            ],
            [
              -76.6687552,
              6.940961
            ],
            [
              -76.6672217,
              6.9401203
            ],
            [
              -76.6659399,
              6.9396432
            ],
            [
              -76.6650473,
              6.9362578
            ],
            [
              -76.665322,
              6.9351672
            ],
            [
              -76.663056,
              6.9338267
            ],
            [
              -76.6612021,
              6.9328043
            ],
            [
              -76.6615912,
              6.9292598
            ],
            [
              -76.661637,
              6.9280101
            ],
            [
              -76.660607,
              6.9264878
            ],
            [
              -76.6591421,
              6.9256472
            ],
            [
              -76.6586615,
              6.9235114
            ],
            [
              -76.655892,
              6.9215119
            ],
            [
              -76.6534659,
              6.9211711
            ],
            [
              -76.6490256,
              6.9203985
            ],
            [
              -76.6459115,
              6.9213746
            ],
            [
              -76.6441034,
              6.9201931
            ],
            [
              -76.6444238,
              6.9183072
            ],
            [
              -76.6449045,
              6.9147399
            ],
            [
              -76.6441949,
              6.9125813
            ],
            [
              -76.6406701,
              6.9102864
            ],
            [
              -76.6401909,
              6.9106509
            ],
            [
              -76.637832,
              6.912445
            ],
            [
              -76.6363901,
              6.913831
            ],
            [
              -76.6303934,
              6.9163986
            ],
            [
              -76.6280816,
              6.9165122
            ],
            [
              -76.6241678,
              6.9157169
            ],
            [
              -76.6208032,
              6.9158078
            ],
            [
              -76.6176218,
              6.9155351
            ],
            [
              -76.6154931,
              6.9130812
            ],
            [
              -76.6178277,
              6.9092185
            ],
            [
              -76.6189722,
              6.9059238
            ],
            [
              -76.6195215,
              6.8996979
            ],
            [
              -76.6179651,
              6.8964031
            ],
            [
              -76.617576,
              6.8913587
            ],
            [
              -76.617576,
              6.889609
            ],
            [
              -76.6162027,
              6.8846554
            ],
            [
              -76.615104,
              6.8831784
            ],
            [
              -76.6174615,
              6.8811787
            ],
            [
              -76.6173929,
              6.8790655
            ],
            [
              -76.6229318,
              6.8783156
            ],
            [
              -76.6256784,
              6.8772703
            ],
            [
              -76.6265939,
              6.874998
            ],
            [
              -76.6267312,
              6.8705441
            ],
            [
              -76.6264795,
              6.8641359
            ],
            [
              -76.6286539,
              6.8625453
            ],
            [
              -76.6308969,
              6.8620908
            ],
            [
              -76.632522,
              6.8602274
            ],
            [
              -76.6356348,
              6.858114
            ],
            [
              -76.6364358,
              6.8557507
            ],
            [
              -76.6361841,
              6.8542054
            ],
            [
              -76.6326593,
              6.8538645
            ],
            [
              -76.629844,
              6.8545235
            ],
            [
              -76.6270975,
              6.8545235
            ],
            [
              -76.6191781,
              6.8535464
            ],
            [
              -76.6158365,
              6.8537736
            ],
            [
              -76.6132501,
              6.8525238
            ],
            [
              -76.6099084,
              6.8515466
            ],
            [
              -76.6069787,
              6.8501604
            ],
            [
              -76.6016229,
              6.8494559
            ],
            [
              -76.600181,
              6.8467517
            ],
            [
              -76.5992425,
              6.8438656
            ],
            [
              -76.5976633,
              6.8409568
            ],
            [
              -76.5963586,
              6.8390251
            ],
            [
              -76.5953058,
              6.8374343
            ],
            [
              -76.590545,
              6.8327302
            ],
            [
              -76.5892175,
              6.830503
            ],
            [
              -76.5873178,
              6.8269805
            ],
            [
              -76.5866083,
              6.8252761
            ],
            [
              -76.5832208,
              6.8213218
            ],
            [
              -76.5797647,
              6.8180719
            ],
            [
              -76.5793985,
              6.8158447
            ],
            [
              -76.5780975,
              6.8148543
            ],
            [
              -76.5768572,
              6.815492
            ],
            [
              -76.5759925,
              6.8162501
            ],
            [
              -76.5755063,
              6.817378
            ],
            [
              -76.5744021,
              6.8190118
            ],
            [
              -76.5731679,
              6.8201856
            ],
            [
              -76.5726789,
              6.8210641
            ],
            [
              -76.5720651,
              6.8219441
            ],
            [
              -76.5713238,
              6.8225761
            ],
            [
              -76.5713508,
              6.8249452
            ],
            [
              -76.571487,
              6.8259413
            ],
            [
              -76.573014,
              6.8285426
            ],
            [
              -76.5730482,
              6.8315351
            ],
            [
              -76.5729349,
              6.8325341
            ],
            [
              -76.5725706,
              6.8334112
            ],
            [
              -76.5725821,
              6.8344087
            ],
            [
              -76.5727182,
              6.8354048
            ],
            [
              -76.5727525,
              6.8383973
            ],
            [
              -76.5726406,
              6.8395209
            ],
            [
              -76.5725273,
              6.8405199
            ],
            [
              -76.5725388,
              6.8415174
            ],
            [
              -76.5724255,
              6.8425163
            ],
            [
              -76.5721859,
              6.843392
            ],
            [
              -76.5719593,
              6.8453899
            ],
            [
              -76.5719836,
              6.8475096
            ],
            [
              -76.571757,
              6.8495075
            ],
            [
              -76.5713942,
              6.8505093
            ],
            [
              -76.57103,
              6.8513864
            ],
            [
              -76.5707905,
              6.852262
            ],
            [
              -76.5698124,
              6.8540191
            ],
            [
              -76.5689477,
              6.8547773
            ],
            [
              -76.5682078,
              6.855534
            ],
            [
              -76.5673416,
              6.8561675
            ],
            [
              -76.5658588,
              6.8574315
            ],
            [
              -76.5649912,
              6.8579403
            ],
            [
              -76.5632589,
              6.8592072
            ],
            [
              -76.5620285,
              6.8607178
            ],
            [
              -76.5615394,
              6.8615964
            ],
            [
              -76.5614261,
              6.8625953
            ],
            [
              -76.5620728,
              6.8645832
            ],
            [
              -76.562999,
              6.8663574
            ],
            [
              -76.563404,
              6.867856
            ],
            [
              -76.5639141,
              6.8708696
            ],
            [
              -76.5630724,
              6.8731994
            ],
            [
              -76.5623582,
              6.8756179
            ],
            [
              -76.5603686,
              6.877226
            ],
            [
              -76.5608915,
              6.8824047
            ],
            [
              -76.5603535,
              6.8826441
            ],
            [
              -76.5609265,
              6.8848152
            ],
            [
              -76.5599652,
              6.8866103
            ],
            [
              -76.5590726,
              6.8880646
            ],
            [
              -76.558981,
              6.8896552
            ],
            [
              -76.5603085,
              6.8922456
            ],
            [
              -76.5598965,
              6.8940634
            ],
            [
              -76.5593701,
              6.8963129
            ],
            [
              -76.5587979,
              6.8976081
            ],
            [
              -76.5564404,
              6.8985625
            ],
            [
              -76.5538769,
              6.8988579
            ],
            [
              -76.5506955,
              6.899585
            ],
            [
              -76.5493909,
              6.9014255
            ],
            [
              -76.5491849,
              6.9025616
            ],
            [
              -76.5486978,
              6.9043528
            ],
            [
              -76.5484964,
              6.9046246
            ],
            [
              -76.5485829,
              6.904983
            ],
            [
              -76.5485292,
              6.9052383
            ],
            [
              -76.5486142,
              6.9055464
            ],
            [
              -76.548735,
              6.9059625
            ],
            [
              -76.5487115,
              6.906188
            ],
            [
              -76.5483876,
              6.9064763
            ],
            [
              -76.548265,
              6.9069211
            ],
            [
              -76.5479298,
              6.9076297
            ],
            [
              -76.5479507,
              6.9078123
            ],
            [
              -76.5478019,
              6.9080986
            ],
            [
              -76.5476203,
              6.9091056
            ],
            [
              -76.5474772,
              6.9095561
            ],
            [
              -76.5474397,
              6.9098889
            ],
            [
              -76.547437,
              6.9101659
            ],
            [
              -76.5474746,
              6.9104801
            ],
            [
              -76.547783,
              6.9110845
            ],
            [
              -76.5480271,
              6.9113747
            ],
            [
              -76.5482309,
              6.9115212
            ],
            [
              -76.5485796,
              6.9115638
            ],
            [
              -76.5491188,
              6.9115052
            ],
            [
              -76.549615,
              6.9115505
            ],
            [
              -76.5496981,
              6.9116064
            ],
            [
              -76.5497169,
              6.9117768
            ],
            [
              -76.5490329,
              6.913015
            ],
            [
              -76.5488881,
              6.9134969
            ],
            [
              -76.5488157,
              6.9140508
            ],
            [
              -76.5488827,
              6.9144715
            ],
            [
              -76.5489793,
              6.9145833
            ],
            [
              -76.5491375,
              6.9146579
            ],
            [
              -76.5496552,
              6.9145088
            ],
            [
              -76.5500119,
              6.9145194
            ],
            [
              -76.5502775,
              6.9146046
            ],
            [
              -76.550374,
              6.9147883
            ],
            [
              -76.5503499,
              6.9150945
            ],
            [
              -76.5500066,
              6.9159147
            ],
            [
              -76.5492609,
              6.9166682
            ],
            [
              -76.5492421,
              6.9168226
            ],
            [
              -76.5492931,
              6.9169345
            ],
            [
              -76.5494218,
              6.9169877
            ],
            [
              -76.5495828,
              6.917009
            ],
            [
              -76.5499315,
              6.9169877
            ],
            [
              -76.5504062,
              6.9167108
            ],
            [
              -76.5505725,
              6.9167028
            ],
            [
              -76.5507442,
              6.91682
            ],
            [
              -76.5508112,
              6.9169318
            ],
            [
              -76.5507656,
              6.9173339
            ],
            [
              -76.5508461,
              6.9175203
            ],
            [
              -76.5509641,
              6.9176214
            ],
            [
              -76.5513262,
              6.9177626
            ],
            [
              -76.5517688,
              6.917712
            ],
            [
              -76.5520155,
              6.9177226
            ],
            [
              -76.5522087,
              6.9179782
            ],
            [
              -76.5523803,
              6.9180421
            ],
            [
              -76.5526646,
              6.9179995
            ],
            [
              -76.5527773,
              6.9178744
            ],
            [
              -76.5527612,
              6.917712
            ],
            [
              -76.5526405,
              6.9174297
            ],
            [
              -76.5526325,
              6.9173072
            ],
            [
              -76.5527553,
              6.9171433
            ],
            [
              -76.5530659,
              6.9169297
            ],
            [
              -76.5533571,
              6.9167812
            ],
            [
              -76.5537373,
              6.9167418
            ],
            [
              -76.5541695,
              6.916836
            ],
            [
              -76.554504,
              6.9166946
            ],
            [
              -76.5546877,
              6.9169471
            ],
            [
              -76.5549583,
              6.9171184
            ],
            [
              -76.5553257,
              6.9172245
            ],
            [
              -76.5556012,
              6.9171477
            ],
            [
              -76.5558163,
              6.9168839
            ],
            [
              -76.556071,
              6.9167454
            ],
            [
              -76.5562534,
              6.9167188
            ],
            [
              -76.5571654,
              6.9170116
            ],
            [
              -76.5575141,
              6.917017
            ],
            [
              -76.5579288,
              6.9171872
            ],
            [
              -76.5581491,
              6.9174632
            ],
            [
              -76.5587479,
              6.9175442
            ],
            [
              -76.5591448,
              6.9172247
            ],
            [
              -76.5598423,
              6.9169105
            ],
            [
              -76.5602446,
              6.9170329
            ],
            [
              -76.5602768,
              6.9173578
            ],
            [
              -76.5592092,
              6.9186998
            ],
            [
              -76.5593916,
              6.9194667
            ],
            [
              -76.5602928,
              6.9198128
            ],
            [
              -76.5618593,
              6.9194347
            ],
            [
              -76.5626586,
              6.9198181
            ],
            [
              -76.5621436,
              6.9209737
            ],
            [
              -76.5623313,
              6.9211921
            ],
            [
              -76.5630555,
              6.921027
            ],
            [
              -76.5634203,
              6.92124
            ],
            [
              -76.5632755,
              6.9217672
            ],
            [
              -76.5640157,
              6.9224435
            ],
            [
              -76.5641204,
              6.9226299
            ],
            [
              -76.5643966,
              6.9225474
            ],
            [
              -76.5653193,
              6.9234766
            ],
            [
              -76.5659255,
              6.9247228
            ],
            [
              -76.5664136,
              6.9247174
            ],
            [
              -76.5664941,
              6.9243127
            ],
            [
              -76.5661722,
              6.923695
            ],
            [
              -76.5668267,
              6.9231731
            ],
            [
              -76.5671217,
              6.9224542
            ],
            [
              -76.5676421,
              6.9225021
            ],
            [
              -76.5676582,
              6.923663
            ],
            [
              -76.5672129,
              6.9244458
            ],
            [
              -76.5672934,
              6.9249464
            ],
            [
              -76.5678728,
              6.9251222
            ],
            [
              -76.5680713,
              6.9259103
            ],
            [
              -76.5685809,
              6.9262138
            ],
            [
              -76.5673256,
              6.9266931
            ],
            [
              -76.5661991,
              6.9264908
            ],
            [
              -76.5653515,
              6.9269487
            ],
            [
              -76.5653354,
              6.9275665
            ],
            [
              -76.5670466,
              6.9282747
            ],
            [
              -76.5672129,
              6.9287646
            ],
            [
              -76.5664351,
              6.9292865
            ],
            [
              -76.5661991,
              6.9297605
            ],
            [
              -76.5658879,
              6.9298244
            ],
            [
              -76.5654749,
              6.929409
            ],
            [
              -76.565094,
              6.9293824
            ],
            [
              -76.5646702,
              6.9302291
            ],
            [
              -76.5650457,
              6.930719
            ],
            [
              -76.5651906,
              6.9317468
            ],
            [
              -76.5648526,
              6.932881
            ],
            [
              -76.5641177,
              6.9339141
            ],
            [
              -76.5630287,
              6.933552
            ],
            [
              -76.5625674,
              6.9343135
            ],
            [
              -76.5620202,
              6.9345478
            ],
            [
              -76.5618646,
              6.9351549
            ],
            [
              -76.5630609,
              6.935927
            ],
            [
              -76.5638012,
              6.935943
            ],
            [
              -76.5639621,
              6.9362572
            ],
            [
              -76.5632916,
              6.9375246
            ],
            [
              -76.5645146,
              6.9379506
            ],
            [
              -76.5650189,
              6.9385736
            ],
            [
              -76.5649974,
              6.9390795
            ],
            [
              -76.5646327,
              6.9392446
            ],
            [
              -76.5641284,
              6.9397239
            ],
            [
              -76.5641499,
              6.9414492
            ],
            [
              -76.5637046,
              6.9432011
            ],
            [
              -76.563313,
              6.9434408
            ],
            [
              -76.5631199,
              6.9442555
            ],
            [
              -76.562165,
              6.9452779
            ],
            [
              -76.5624064,
              6.9457572
            ],
            [
              -76.5624386,
              6.9476795
            ],
            [
              -76.5627819,
              6.951226
            ],
            [
              -76.5633506,
              6.9531909
            ],
            [
              -76.5618378,
              6.9534465
            ],
            [
              -76.5602982,
              6.9531909
            ],
            [
              -76.5600836,
              6.9537447
            ],
            [
              -76.5587801,
              6.9532122
            ],
            [
              -76.5583026,
              6.9535051
            ],
            [
              -76.5566826,
              6.9539098
            ],
            [
              -76.555025,
              6.9542026
            ],
            [
              -76.5539306,
              6.9540109
            ],
            [
              -76.5530294,
              6.9537873
            ],
            [
              -76.5524776,
              6.9539877
            ],
            [
              -76.5484263,
              6.9523746
            ],
            [
              -76.5465266,
              6.9529426
            ],
            [
              -76.5436656,
              6.954851
            ],
            [
              -76.542773,
              6.9551691
            ],
            [
              -76.5401914,
              6.9582177
            ]
          ]
        ]
      },
      "properties": {
        "osm_id": 17019045,
        "nombre": "Resguardo Indígena Río Murindó",
        "nombre_en": "Rio Murindo Indigenous Reservation",
        "grupo_etnico": "embera katío",
        "grupo_estandar": "Embera",
        "fecha_creacion": "1987/02/17",
        "descripcion": "Creado por resolucion no. 0014 del 17-02-1987. ID resguardo 1035, con 18270 ha.",
        "fuente": "OpenStreetMap / IGAC resguardos indígenas legalizados",
        "boundary": "aboriginal_lands",
        "tipo": "Resguardo Indígena"
      }
    },
    {
      "type": "Feature",
      "geometry": {
        "type": "Polygon",
        "coordinates": [
          [
            [
              -76.5514627,
              8.6484756
            ],
            [
              -76.5525155,
              8.6501048
            ],
            [
              -76.5526071,
              8.6506479
            ],
            [
              -76.5529733,
              8.6514172
            ],
            [
              -76.5544152,
              8.6506479
            ],
            [
              -76.5551934,
              8.6496749
            ],
            [
              -76.5561776,
              8.6508063
            ],
            [
              -76.5579858,
              8.6520056
            ],
            [
              -76.5585351,
              8.6515078
            ],
            [
              -76.5572534,
              8.6503085
            ],
            [
              -76.557734,
              8.6497428
            ],
            [
              -76.5563607,
              8.6486114
            ],
            [
              -76.5548959,
              8.6480004
            ],
            [
              -76.5538201,
              8.6463712
            ],
            [
              -76.5523095,
              8.6480683
            ],
            [
              -76.5514627,
              8.6484756
            ]
          ]
        ]
      },
      "properties": {
        "osm_id": 17075458,
        "nombre": "Resguardo Indígena los Almendros (San Juan de Urabá)",
        "nombre_en": "Los Almendros Indigenous Reservation (San Juan de Uraba)",
        "grupo_etnico": "zenú",
        "grupo_estandar": "Zenú",
        "fecha_creacion": "2018/03/04",
        "descripcion": "Creado por acuerdo no. 0046 del 04-03-2018. ID resguardo 1837, con 24.8221 ha.",
        "fuente": "OpenStreetMap / IGAC resguardos indígenas legalizados",
        "boundary": "aboriginal_lands",
        "tipo": "Resguardo Indígena"
      }
    }
  ],
  "metadata": {
    "source": "OpenStreetMap via Overpass API — datos base: IGAC resguardos indígenas legalizados (dic 2021)",
    "fecha_descarga": "2026-05-31",
    "region": "Urabá y zona limítrofe Chocó-Antioquia-Córdoba, Colombia",
    "total_features": 35,
    "grupos_etnicos": [
      "Embera (Katío)",
      "Tule/Kuna",
      "Zenú"
    ]
  }
}