{"type": "FeatureCollection", "crs": {"type": "name", "properties": {"name": "EPSG:4326"}}, "features": [{"type": "Feature", "id": 620, "geometry": {"type": "MultiPolygon", "coordinates": [[[[-76.6036758337727, 7.00049397628725], [-76.6043548129242, 7.00115774160778], [-76.6045589734179, 7.00211521651528], [-76.6047770761011, 7.00274450632513], [-76.6048564556609, 7.0029735402679], [-76.6051559173117, 7.00393104305436], [-76.6051674061508, 7.0048885584314], [-76.6055621995358, 7.00575069351081], [-76.6060504738502, 7.00650979146481], [-76.606731455792, 7.00717353879885], [-76.6072196653552, 7.00793652002543], [-76.6074286480136, 7.00860203003066], [-76.6075191180129, 7.00889013324405], [-76.6080074202063, 7.00965311177268], [-76.6085986902773, 7.01079747839192], [-76.6089915797975, 7.0116558228289], [-76.609481786755, 7.01241878696836], [-76.6099195560427, 7.01293947824523], [-76.6103573253303, 7.01346016772342], [-76.6110382344269, 7.01412390336629], [-76.6114711842477, 7.01426312291564], [-76.6119041358671, 7.01440234336427], [-76.612772027507, 7.01468086250264], [-76.6131591892452, 7.01496315159902], [-76.6135463491846, 7.01524543979602], [-76.6144161168103, 7.01561925019907], [-76.6152839850678, 7.0159931577288], [-76.6162433476524, 7.0159816437087], [-76.6163392288723, 7.01597096875601], [-76.6172027363172, 7.01587482403471], [-76.6180630098, 7.01548198937311], [-76.6189212930832, 7.01508907467186], [-76.6198806520704, 7.01507755435645], [-76.6208419994587, 7.01506611138277], [-76.6218013566473, 7.0150546783016], [-76.622760803768, 7.01504324162316], [-76.6237220585261, 7.0150317932535], [-76.6246815038483, 7.01502035297775], [-76.6256408574396, 7.01500891180267], [-76.626223840258, 7.01505981612847], [-76.6266021778482, 7.01509285182452], [-76.6275615314395, 7.0150814061528], [-76.6286182393403, 7.01516536506036], [-76.6295795570509, 7.01524920975403], [-76.6309242440586, 7.01523403459387], [-76.6318814968336, 7.01522131818009], [-76.6320762513179, 7.01521873083058], [-76.6330337244268, 7.01511188957287], [-76.6339931850374, 7.01500512655621], [-76.6348533200246, 7.01470757146808], [-76.636003467486, 7.01450157096154], [-76.6369590583138, 7.01420024141885], [-76.6379184433814, 7.01399798658867], [-76.6387767860198, 7.01360513304134], [-76.6396370244291, 7.0132121769713], [-76.6404972403553, 7.01291461378927], [-76.6412582187917, 7.01232716493764], [-76.6414921225634, 7.01200741278281], [-76.6418246837621, 7.01155279020005], [-76.6423912377654, 7.01077841726112], [-76.6430549662137, 7.01009944710282], [-76.6436214257881, 7.00932507236523], [-76.6441898036165, 7.0085544819748], [-76.6446564717187, 7.00845406097717], [-76.6451473423759, 7.00834843290489], [-76.6459179327663, 7.00862696823102], [-76.6463873599886, 7.00840454700327], [-76.6465232979118, 7.00848969661328], [-76.6466764272753, 7.00858704013082], [-76.6468278353363, 7.008684471782], [-76.6469815069909, 7.00878190433247], [-76.647135724534, 7.00887698875306], [-76.6472357597225, 7.00893419013181], [-76.6478716343684, 7.00921909175871], [-76.6479582192964, 7.0092462971499], [-76.6481331140519, 7.00929383711189], [-76.648308554696, 7.00933803339454], [-76.6484845421279, 7.00937888329983], [-76.6486621609299, 7.00941629779491], [-76.6488392401388, 7.00945145319301], [-76.6490174057287, 7.00948434769548], [-76.649196117207, 7.00951615851492], [-76.6493731991138, 7.00954679122245], [-76.6495524537827, 7.00957742572863], [-76.6497307120027, 7.0096091457165], [-76.6499088793912, 7.00964095473726], [-76.6500865026899, 7.00967502375435], [-76.6501122206025, 7.00968044216965], [-76.6502641205927, 7.00971243914873], [-76.6504401089239, 7.0097531973232], [-76.6506154605351, 7.0097963081241], [-76.6507903552906, 7.00984393711899], [-76.6509629837547, 7.00989717068884], [-76.6511312550033, 7.00996396423655], [-76.6512882838272, 7.01005344318286], [-76.6514328966108, 7.0101621694196], [-76.6515624691326, 7.01028905746501], [-76.6516678597839, 7.01043644735513], [-76.6517478068158, 7.01059747006815], [-76.6518109131431, 7.01076760920875], [-76.6518644237041, 7.01094009018396], [-76.6519094239807, 7.01111600027417], [-76.6519505328907, 7.0112919058677], [-76.6519727227629, 7.01140093427663], [-76.6519985261111, 7.0114345976995], [-76.6522025876793, 7.01238822170995], [-76.6522615211522, 7.01255895800038], [-76.6523158887672, 7.01268779397742], [-76.6524015392995, 7.01284773570534], [-76.652493981512, 7.01300298207286], [-76.6525914041699, 7.01315606287288], [-76.6526877413461, 7.01330796646037], [-76.6527875175299, 7.01345987364513], [-76.6528894691736, 7.01360834721831], [-76.6529339478434, 7.0136732324046], [-76.6529920530408, 7.01375799620543], [-76.6530973546592, 7.01390529616335], [-76.6532032911989, 7.01405042695648], [-76.6533114904329, 7.01419655509778], [-76.6534207751486, 7.01434051407432], [-76.6535311489433, 7.01448447305086], [-76.6536432449398, 7.01462499841579], [-76.6537570586413, 7.01476661016174], [-76.6538708741415, 7.01490713552673], [-76.6539874055943, 7.01504540359335], [-76.6540574969559, 7.01512767627204], [-76.6541052050911, 7.01518367435793], [-76.6542234596449, 7.01531959249601], [-76.6543423473215, 7.01545560326432], [-76.6544645849726, 7.01558926500338], [-76.6545868235231, 7.01572301757399], [-76.6547090620735, 7.01585667931313], [-76.654833476084, 7.0159869973728], [-76.6549585214186, 7.01611840091425], [-76.655084113541, 7.01624763529094], [-76.6552126014804, 7.01637678153407], [-76.6553410003868, 7.01650366778084], [-76.6554722069767, 7.01662829493066], [-76.6556067653399, 7.01674831395432], [-76.6557442240167, 7.01686616651117], [-76.6558838563549, 7.01698166913947], [-76.6560257540853, 7.01709382808846], [-76.6561692813872, 7.01720372794046], [-76.6563162530926, 7.01731019508022], [-76.6564643129776, 7.01741431229144], [-76.6566123728627, 7.01751743395318], [-76.656763784521, 7.01761712290268], [-76.6569163742912, 7.01771446282295], [-76.6570711404208, 7.01780845816456], [-76.6572259083489, 7.01790136892378], [-76.6573823966802, 7.01799192975448], [-76.6575394291014, 7.0180814060028], [-76.6576975506014, 7.01816862225484], [-76.6578584779863, 7.01825358210787], [-76.6580188639793, 7.01833736474831], [-76.6581797967602, 7.01841780281005], [-76.6583429922352, 7.01849706725658], [-76.6585072767894, 7.01857407080744], [-76.6586727403546, 7.01864881526135], [-76.6588370276067, 7.01872355971519], [-76.6590035784524, 7.01879487055751], [-76.6591700411644, 7.01886509501882], [-76.6593377719206, 7.01893423669636], [-76.6595054154425, 7.01900102484811], [-76.6596741435469, 7.01906781569786], [-76.6598428725505, 7.01913243648347], [-76.6600122373748, 7.01919588185514], [-76.6601809699757, 7.01925932722686], [-76.6603514220804, 7.01932159718467], [-76.6605224191742, 7.01938278345938], [-76.6606922390555, 7.01944279342087], [-76.6608626929589, 7.01950397879625], [-76.6610336900527, 7.01956398875773], [-76.6612057744269, 7.01962400141725], [-76.6613767742187, 7.01968066590069], [-76.6615494053807, 7.01973615586957], [-76.6617220383413, 7.01978938674148], [-76.661895305324, 7.01984153213169], [-76.6620696586878, 7.01989250300727], [-76.6622433825261, 7.01994121298724], [-76.6624182826775, 7.01998883928416], [-76.6625925506057, 7.02003637385023], [-76.662766908466, 7.02008173835223], [-76.6629428976966, 7.02012710375349], [-76.663118252905, 7.02017237922261], [-76.6632936980457, 7.02021774552319], [-76.6634686017945, 7.02026193371191], [-76.6636440478345, 7.02030730001254], [-76.6638194039423, 7.02035148820127], [-76.6639948499823, 7.02039676367034], [-76.6641697528318, 7.02044212907164], [-76.6643451979725, 7.02048857905535], [-76.6645194650013, 7.02053620265425], [-76.6646943651528, 7.02058373811964], [-76.6648680898904, 7.0206324472003], [-76.6650424486501, 7.02068007079926], [-76.6652184342833, 7.02072760716398], [-76.6653921590209, 7.02077522986363], [-76.6654775127769, 7.02087703221994], [-76.6656072993374, 7.02099817989273], [-76.6657717619572, 7.02107613042973], [-76.6659189207216, 7.02113677801054], [-76.6660660498083, 7.02123200452399], [-76.6662590362255, 7.02133658578545], [-76.6662737806104, 7.02134457626181], [-76.6664728365521, 7.02147443117071], [-76.6665940174998, 7.02153505267119], [-76.6667152065415, 7.02158703078748], [-76.6668710176833, 7.02165632984639], [-76.6671048342207, 7.02164789060827], [-76.6673300208637, 7.02160485984701], [-76.6674945527314, 7.02160500463788], [-76.6677475329222, 7.02159680731744], [-76.6677543470854, 7.02159658608422], [-76.6679622001953, 7.02157083129947], [-76.6681862384041, 7.02153667145084], [-76.6683605971638, 7.02158429415049], [-76.668535499114, 7.02163182871651], [-76.6687097670421, 7.02167945141616], [-76.6688846689922, 7.0217269841836], [-76.6690595709424, 7.02177460688323], [-76.6692338388705, 7.02182223048219], [-76.6694087435187, 7.02186867776787], [-76.66958418776, 7.02191621143464], [-76.6697584565875, 7.02196383323493], [-76.6699328144478, 7.02201145593453], [-76.6701098945559, 7.02205338412697], [-76.670276999384, 7.02211682410278], [-76.6704323149993, 7.02220855585077], [-76.6705910696221, 7.02229911488283], [-76.6707503674355, 7.02239084842952], [-76.6709074007559, 7.02248366745785], [-76.6710638899865, 7.02257874468388], [-76.6712158502312, 7.02267843003611], [-76.671362284142, 7.02278371726534], [-76.671503555045, 7.02289478623597], [-76.6716364910312, 7.02301489069521], [-76.6717620912475, 7.02314176884811], [-76.6718837038698, 7.02327434150822], [-76.6719997946548, 7.02341034508191], [-76.6721129833275, 7.02355077601804], [-76.6722245397307, 7.02369473319594], [-76.6723327497565, 7.02383868587717], [-76.6724403212638, 7.02398598493583], [-76.6725468072893, 7.02413445760968], [-76.6726539264375, 7.02428067028724], [-76.6727609565528, 7.02442796934583], [-76.672870792553, 7.02457418562069], [-76.6729807220826, 7.02471804926911], [-76.6730701209893, 7.02482737535362], [-76.6730441611591, 7.02482742301766], [-76.6741074467013, 7.02692180646664], [-76.6741455087082, 7.02742067119748], [-76.6744801851124, 7.02775488535012], [-76.6748147464034, 7.02822267130961], [-76.6750154957685, 7.02848998399595], [-76.6755509772957, 7.0290247271798], [-76.6758187207573, 7.02929209832202], [-76.6762202194875, 7.029826724594], [-76.6763534045859, 7.03076183516089], [-76.6762447772746, 7.03095954122015], [-76.6761521102317, 7.03112819827803], [-76.6761515940208, 7.03172926826143], [-76.6760843130406, 7.03206313707436], [-76.6758831616785, 7.03226332256457], [-76.6758827614802, 7.03273081894238], [-76.6756814914077, 7.03306457354151], [-76.6753461809814, 7.03346499668248], [-76.6749438153048, 7.03393215041866], [-76.6748095420267, 7.03426596257434], [-76.6746082719541, 7.03459971537477], [-76.6743398944705, 7.03506698152615], [-76.6742726701476, 7.03533406488539], [-76.6740714567323, 7.03560103492998], [-76.6732669529075, 7.03626819339254], [-76.6729319239691, 7.03633468926465], [-76.6719269010056, 7.03646739142713], [-76.6716590972895, 7.03626680124204], [-76.6707210657246, 7.03639955916245], [-76.669247023831, 7.03659863219125], [-76.6689788136213, 7.03686553928335], [-76.6678395065879, 7.03733204101098], [-76.6673704318999, 7.0374652009284], [-76.6664992127684, 7.03779836377355], [-76.6658289786244, 7.03813170108723], [-76.665292848686, 7.0383315844052], [-76.6648907662958, 7.03846480097988], [-76.6635507027027, 7.0386639747327], [-76.6624783187194, 7.03919730598096], [-76.6621431710705, 7.03939736466668], [-76.6618077833025, 7.03986456426825], [-76.6608025696828, 7.04019759671175], [-76.6606012879191, 7.04053134411624], [-76.6597298817286, 7.04106484713497], [-76.6590595765382, 7.04146496090917], [-76.6586572504317, 7.0418653112051], [-76.6583220982862, 7.04206536629361], [-76.6579866682501, 7.04257169269942], [-76.6575168633125, 7.04350626547168], [-76.657114413999, 7.04404018487652], [-76.6563766875341, 7.04490772937809], [-76.6559742930791, 7.04537486153052], [-76.6553708533821, 7.04590860107091], [-76.6548347720071, 7.04604168544525], [-76.6538964148876, 7.0465083337624], [-76.6530923490326, 7.04664117442048], [-76.6520202411412, 7.0468405550174], [-76.6510821852946, 7.04697327156904], [-76.6506799077515, 7.04730682921657], [-76.6500763376528, 7.04797412977206], [-76.6497629338123, 7.04851262582678], [-76.6493382235801, 7.04924237170781], [-76.6490795434861, 7.04962840299811], [-76.6486673455215, 7.05024353298238], [-76.6479300858048, 7.05057678216245], [-76.6469245942945, 7.05117692314616], [-76.6460263703207, 7.0516957627189], [-76.6452890449534, 7.0520957919569], [-76.6441491812397, 7.05309651076499], [-76.6435457802136, 7.05356344686513], [-76.6431637482084, 7.05388925685332], [-76.6430764339302, 7.05396372251737], [-76.6428078891727, 7.05456453619395], [-76.6425390287532, 7.05549927803878], [-76.6426055893764, 7.05596683467118], [-76.6427390847409, 7.05650123970995], [-76.6427915979538, 7.05656867177629], [-76.6432075011252, 7.0571027422672], [-76.6437423549257, 7.05830537056585], [-76.643875975296, 7.05870620379773], [-76.6442102775822, 7.05944115045813], [-76.6444107706405, 7.05997561755011], [-76.6444278937323, 7.06013054645696], [-76.6445436472715, 7.06117787263006], [-76.6445427461508, 7.06214652071471], [-76.6445426526213, 7.06224643359536], [-76.6444416857352, 7.06242720182319], [-76.644207107472, 7.06284718611804], [-76.643670255378, 7.06378167885067], [-76.6432680219016, 7.06404844384987], [-76.6427987259804, 7.06438193224966], [-76.6423430925597, 7.06485910443334], [-76.6419268998065, 7.06529497525216], [-76.6411224877126, 7.06576171889744], [-76.6407198720244, 7.06642919212269], [-76.640383941066, 7.06743065197213], [-76.6403162517935, 7.06816522361532], [-76.6402483125096, 7.06916693617428], [-76.6407165481302, 7.06996879419357], [-76.6411177887549, 7.07077059015968], [-76.6413184697715, 7.07110470178959], [-76.6416022463466, 7.07184221961175], [-76.6416526515486, 7.07197322115625], [-76.6418532093581, 7.07244090459308], [-76.6419862973297, 7.0734654437442], [-76.6420527671215, 7.0739771462972], [-76.6421684613054, 7.07469208484077], [-76.642252607272, 7.07521207104916], [-76.6426541042035, 7.07574672609942], [-76.6429884136843, 7.07648167365921], [-76.6432560995893, 7.07681584914097], [-76.6436575974201, 7.07735050329191], [-76.6441260965421, 7.07788521859676], [-76.6445945974627, 7.07841993570024], [-76.644749566839, 7.0786004934868], [-76.6449961600447, 7.07888780349815], [-76.6453977244254, 7.07935567129599], [-76.6457319151957, 7.0802241870653], [-76.6458654204528, 7.08075858940611], [-76.6460661725158, 7.08102591828023], [-76.6464001195698, 7.08216157316677], [-76.6466675608592, 7.08276288506776], [-76.6468675098277, 7.08389841584783], [-76.6470675208494, 7.08496716117413], [-76.6469332089004, 7.08530096163867], [-76.6468115531106, 7.0857841179113], [-76.6467987107918, 7.08583511756517], [-76.6465304601126, 7.08610200936877], [-76.6460611749832, 7.08640132263148], [-76.6453237282075, 7.08686813192727], [-76.6447204692742, 7.08713471076682], [-76.6435810174499, 7.08760114324666], [-76.6427702651356, 7.08797321076358], [-76.6427096247493, 7.0880010402843], [-76.6421729273387, 7.08873517215894], [-76.6421053621727, 7.08933617289453], [-76.6424398047532, 7.08993755224466], [-76.6428411245183, 7.090672562757], [-76.6430416913209, 7.09114024349582], [-76.6432423201769, 7.09154114057955], [-76.6435095141527, 7.09240959519503], [-76.6438442112413, 7.09274383273004], [-76.6439779647113, 7.09301109685297], [-76.6442454725505, 7.09354562689751], [-76.6444460411519, 7.09401330943498], [-76.6445797973198, 7.0942805726586], [-76.6450482577708, 7.0948739867134], [-76.6452486393132, 7.0955420229143], [-76.6453150821253, 7.09614314865563], [-76.6456494707464, 7.09681131076158], [-76.6457830407547, 7.09727892944723], [-76.6460504289841, 7.09794702680204], [-76.6461840601462, 7.09834786183254], [-76.6463846961967, 7.09874875711758], [-76.6466522705858, 7.09921650080902], [-76.6469869137151, 7.09961752109986], [-76.647187486813, 7.10008520183872], [-76.6473245983515, 7.10049646720629], [-76.6474547545333, 7.10088686920171], [-76.6475213241497, 7.10135442583414], [-76.6477218972477, 7.10182210747235], [-76.6480559243414, 7.10289097510646], [-76.6481682559602, 7.10322791330555], [-76.6481895582015, 7.10329181013696], [-76.6484570768326, 7.10382633748347], [-76.6487913521392, 7.10462806600037], [-76.6489918694792, 7.10516252949509], [-76.6492592037492, 7.10589741230369], [-76.649526663025, 7.10649872420464], [-76.6496601754767, 7.10703312654543], [-76.6497938749873, 7.10736717522284], [-76.6499274512908, 7.10783479300916], [-76.6497928875317, 7.10843573349013], [-76.6495244381023, 7.10890298075577], [-76.6493229485952, 7.10941594056104], [-76.6489873719696, 7.11001669668099], [-76.6486518529006, 7.1105506646492], [-76.6485169788754, 7.11148552970118], [-76.6486504274752, 7.11208671839506], [-76.6487840667313, 7.11248754982829], [-76.6491857228428, 7.11288863217234], [-76.6495875039601, 7.11315614360884], [-76.6499892257222, 7.11349044049912], [-76.6502569979621, 7.11375782692983], [-76.6507257228138, 7.1140921840747], [-76.6509936218581, 7.11422600049717], [-76.6513279682111, 7.11496094176165], [-76.6513275365365, 7.11542843634091], [-76.6511751841874, 7.11618407909957], [-76.651125596469, 7.11643002569272], [-76.6510581590068, 7.11689745731936], [-76.6510570492434, 7.11809958559495], [-76.6509221140643, 7.11910123610068], [-76.6507873614476, 7.11990253114441], [-76.6505185981547, 7.12070370208165], [-76.650451220947, 7.12110435005314], [-76.6503167758984, 7.1215717205259], [-76.6502493510267, 7.1220245426659], [-76.6501818488132, 7.12255875974638], [-76.6500472796582, 7.12315970022734], [-76.6499800274562, 7.12342677819064], [-76.6497113819747, 7.12409437732103], [-76.6495767489678, 7.12476210325576], [-76.6496435083412, 7.12502930442614], [-76.6498439087694, 7.12569733972773], [-76.6499102976221, 7.12636524822488], [-76.6497754164023, 7.12730011327684], [-76.6497751205253, 7.12762060287574], [-76.6497750449823, 7.12770082240225], [-76.6495020404868, 7.12792714578838], [-76.6493726936948, 7.12803437555323], [-76.6490515080206, 7.12809808982217], [-76.6487024973223, 7.12816732412989], [-76.6484343464679, 7.12830064502594], [-76.647362296133, 7.12823286402266], [-76.6464242609708, 7.12816520442782], [-76.6459550882567, 7.1282983373656], [-76.6454859766964, 7.12836468305089], [-76.6452176963396, 7.12863157125722], [-76.6449496057397, 7.12869810669944], [-76.644681387436, 7.12889820945199], [-76.6444132977355, 7.12896474399493], [-76.6439608173378, 7.12951865802685], [-76.6439210978803, 7.12959330805189], [-76.6438627840402, 7.12970736457038], [-76.6438457023173, 7.12977516266081], [-76.6438055340981, 7.12984402644782], [-76.6437194006298, 7.12998753306533], [-76.6436678011281, 7.13008468592663], [-76.6436043764408, 7.13014674544307], [-76.6435409076867, 7.13025519019202], [-76.6434203220902, 7.13035797640661], [-76.6433862512744, 7.13039302748334], [-76.6433001366919, 7.13051835880234], [-76.643219206701, 7.13061548468399], [-76.6430470962464, 7.13073512958969], [-76.6430017596235, 7.13081529066026], [-76.6428471041105, 7.13095195073903], [-76.642685722568, 7.13111790263623], [-76.6425253968296, 7.13131785070535], [-76.6423012498028, 7.13151773941923], [-76.6422264073228, 7.13159109082329], [-76.6420594077155, 7.13176273363035], [-76.6419387573677, 7.13193441780623], [-76.6418820029521, 7.13202586986511], [-76.6417041934937, 7.13223710532524], [-76.6415716622024, 7.13243138406823], [-76.6414221463149, 7.13259056317102], [-76.6412726771923, 7.13269892698097], [-76.6411639554522, 7.13279611581519], [-76.6411576817816, 7.13282540583487], [-76.6411298531602, 7.1328649840988], [-76.6410551185988, 7.13301410698251], [-76.6410261388452, 7.13312258410703], [-76.6409624740389, 7.13343673438482], [-76.6409452385319, 7.13366502998415], [-76.6409451566936, 7.13375092962869], [-76.6408935356081, 7.13387068784902], [-76.6408815737256, 7.13397918026195], [-76.6408525445093, 7.13413964989192], [-76.640824230254, 7.13421304446345], [-76.6407952280173, 7.13434530146148], [-76.6407549401883, 7.13453966833801], [-76.6407089470602, 7.13464243206961], [-76.6406911458797, 7.13499053355326], [-76.640696503141, 7.13525962959522], [-76.6406908086339, 7.13534552384385], [-76.6406907339901, 7.1354245517686], [-76.6406792892178, 7.13546522900412], [-76.6406792082788, 7.13555112864866], [-76.6406383358904, 7.13569359205263], [-76.6405981038194, 7.13583027011786], [-76.6401385574484, 7.13653963466334], [-76.6401016025069, 7.13656592454471], [-76.6400179592614, 7.13665363092724], [-76.6399664281082, 7.13667618682348], [-76.6399148978542, 7.13669874451836], [-76.6398406588193, 7.13680157210178], [-76.639730839007, 7.13690997188462], [-76.6396685186871, 7.13695060235534], [-76.6395417232719, 7.13701269154938], [-76.6393583694931, 7.13715031839939], [-76.6392434379343, 7.13720681201169], [-76.6391629585037, 7.13730384706183], [-76.6389960533252, 7.13737267937255], [-76.6387153317471, 7.13746961369865], [-76.6386637574264, 7.13753738031276], [-76.6385023417097, 7.13773723665109], [-76.638353824969, 7.13798358074453], [-76.6382505729056, 7.13822870265939], [-76.6380784201829, 7.1383890346931], [-76.6380263548324, 7.13849749023388], [-76.637970983574, 7.1386152456639], [-76.6379514278161, 7.1386568303153], [-76.6377102404352, 7.13887469377897], [-76.6375607092593, 7.13904526459413], [-76.6373546799745, 7.13913096818651], [-76.6371587788545, 7.13922789172068], [-76.6370727191306, 7.13929110416796], [-76.6369753747138, 7.13941651552664], [-76.6367579249383, 7.13961071063264], [-76.6365393662987, 7.13973600507941], [-76.636522338535, 7.13983879668999], [-76.6361543278599, 7.14004975785685], [-76.6360172639855, 7.14015252518574], [-76.635890384034, 7.14030159680807], [-76.6355812843488, 7.14053530902415], [-76.6354374395862, 7.14062667564736], [-76.635288139536, 7.14078248768846], [-76.635218871054, 7.14085477789251], [-76.6351214295103, 7.14098579382612], [-76.6351326575461, 7.14107740056839], [-76.6351381820814, 7.14116891108316], [-76.63513807776, 7.14127741518739], [-76.6351379788346, 7.14138031381724], [-76.635137896097, 7.14146621256246], [-76.6351377809838, 7.14158592941387], [-76.6351206767778, 7.14176910332824], [-76.6351206444022, 7.14180267591952], [-76.6351203566191, 7.14210130839543], [-76.6350907383468, 7.14230707597755], [-76.6350850321485, 7.14240418207406], [-76.6350693128985, 7.14246997287768], [-76.6350099549454, 7.14271841059289], [-76.6349407916841, 7.14290705238532], [-76.6348954910341, 7.14294652183126], [-76.6348037520914, 7.14307754316085], [-76.6347119259146, 7.14320404449775], [-76.6345454092432, 7.14343228523849], [-76.6344353034465, 7.14374069334504], [-76.6344294902287, 7.1438547984269], [-76.6344462994571, 7.14407182282309], [-76.6344810609522, 7.14444945084815], [-76.634483945078, 7.14451867975997], [-76.6344920317818, 7.14471276604801], [-76.6344918015554, 7.14495237871599], [-76.6344966758808, 7.14500849371367], [-76.6345141856811, 7.14521009923336], [-76.634502828143, 7.1453468024796], [-76.6341206531456, 7.14561159706421], [-76.6336730560666, 7.14592171927859], [-76.6307786087457, 7.14792716607246], [-76.6300311156434, 7.14844507394757], [-76.6299475533369, 7.14926899233665], [-76.6302248269142, 7.14939467439126], [-76.6305291952661, 7.14947517180826], [-76.6306207714314, 7.14951486518543], [-76.6307756769559, 7.14959530864308], [-76.6309476174386, 7.1496587693033], [-76.6310335926262, 7.14968706287418], [-76.6311874405479, 7.14973802925316], [-76.6312972073002, 7.14978451970636], [-76.6316920852215, 7.14988210334292], [-76.6319443441561, 7.14992755777711], [-76.6321909616435, 7.15000239306247], [-76.6322882467052, 7.15003639552972], [-76.6327984752694, 7.15011718072983], [-76.6332398130669, 7.15019780854855], [-76.6334524883416, 7.15026700508473], [-76.6337368179997, 7.1503036407669], [-76.6338936669591, 7.15032385213059], [-76.6340306822701, 7.15033082007781], [-76.6328585661698, 7.15478371156543], [-76.6319414519364, 7.15826784435177], [-76.6316641073126, 7.15817923504989], [-76.6312127114974, 7.15803501886728], [-76.6298293671315, 7.15759305514163], [-76.6253409865972, 7.15615906635413], [-76.6250292797774, 7.15605947902805], [-76.6248505943794, 7.15600239096388], [-76.6242449621353, 7.15580889732908], [-76.6215688567173, 7.15495391185988], [-76.6214772823507, 7.15492465331647], [-76.6213416906664, 7.1548362157851], [-76.6210898382254, 7.15467194741882], [-76.6210842543348, 7.15455204530702], [-76.6210674163282, 7.15446052310103], [-76.6210380507654, 7.15440280551145], [-76.6209455626876, 7.15335552430439], [-76.6214690436614, 7.1523799442455], [-76.6222304708595, 7.15161851884601], [-76.6227308563439, 7.15113737885343], [-76.6228491306828, 7.15102365328545], [-76.6235867636182, 7.15078570706125], [-76.6236515318926, 7.15077345289901], [-76.6244671648278, 7.15061914452441], [-76.6248035958093, 7.15051545359179], [-76.6252624928697, 7.15037401721362], [-76.6254881399656, 7.1503044717405], [-76.6256024878645, 7.15029319064476], [-76.6258153079301, 7.15021319684807], [-76.6261073339862, 7.15013888676673], [-76.6261989767014, 7.15011076496635], [-76.626376761878, 7.15003064616391], [-76.626479702776, 7.15001944420849], [-76.6266178997962, 7.14996758839997], [-76.6267673617243, 7.14987622897132], [-76.6268295759242, 7.1498536856656], [-76.6270888423761, 7.14976803873053], [-76.6273174239599, 7.14967666671132], [-76.627444207684, 7.14963158099919], [-76.62756988794, 7.1496034025415], [-76.6277079824374, 7.14956284761388], [-76.6279321348601, 7.14946595465659], [-76.6281438496589, 7.14940395179746], [-76.6282411050429, 7.14937583629235], [-76.6283735976634, 7.14932388245773], [-76.6283905489846, 7.14930129508525], [-76.6284935852108, 7.1492844867562], [-76.628695116986, 7.14917617870424], [-76.6288094594889, 7.14917059481366], [-76.6289067265641, 7.14912999851713], [-76.6289644936164, 7.14911884242719], [-76.6290561300364, 7.14909632700041], [-76.6290675640169, 7.14906803702685], [-76.6291309563285, 7.14904431740787], [-76.6291592454028, 7.1489991363676], [-76.6292170583205, 7.14894159414582], [-76.6292566293899, 7.14893033013717], [-76.6293257296986, 7.14890218585375], [-76.6293834176106, 7.14887963715207], [-76.6294492965478, 7.14881277255798], [-76.6295091536245, 7.14870226476424], [-76.6294527373539, 7.14862761294054], [-76.6293203499541, 7.14857097183947], [-76.6292457089223, 7.14852451466121], [-76.6291767596996, 7.14849062910579], [-76.6289822147573, 7.14839884519709], [-76.6289369842544, 7.14836489219258], [-76.6288566900842, 7.14826761342616], [-76.6287526340268, 7.14821552019666], [-76.6287291608221, 7.14819314596347], [-76.6282743026169, 7.14821588891872], [-76.6273939023067, 7.14869178046783], [-76.6261565826602, 7.14890593242941], [-76.624728906214, 7.14881075447928], [-76.6240483793292, 7.14852997804261], [-76.6233868263409, 7.14798647636137], [-76.6232601892063, 7.14788354355727], [-76.6232206783915, 7.1478325978627], [-76.6230544432079, 7.14767754395005], [-76.6228995430794, 7.14759266773399], [-76.6227853264816, 7.14747166395272], [-76.6226473794729, 7.14736302225225], [-76.6225852650979, 7.14719224908958], [-76.6225410112586, 7.14711903528185], [-76.6224881967728, 7.1470316580512], [-76.6223617197176, 7.14676813870526], [-76.6222814893992, 7.14660873836923], [-76.6222421161807, 7.14632839810369], [-76.62217896129, 7.14611132784215], [-76.6220762191422, 7.14592242884366], [-76.6220310569876, 7.14581957787789], [-76.6220099067318, 7.1457730541498], [-76.6219791175422, 7.14570532440786], [-76.6218424439735, 7.14549957391286], [-76.621807382105, 7.14543624545304], [-76.621773514536, 7.14535591890719], [-76.6217160514546, 7.14515015762033], [-76.6216537913893, 7.14512748930885], [-76.6216018123737, 7.14505284198178], [-76.621584946488, 7.14498953060904], [-76.6215385900339, 7.14490467148008], [-76.621499059434, 7.14487533559496], [-76.6214470345529, 7.14475538851704], [-76.6214414722461, 7.14470456602958], [-76.6214018670025, 7.14465823205847], [-76.621366877979, 7.14461298716633], [-76.621327413929, 7.14451565623925], [-76.6208694206872, 7.14386623420603], [-76.6209735882604, 7.14292056649769], [-76.6211967730126, 7.14210315380427], [-76.6211488076713, 7.14165308628767], [-76.6211168835373, 7.14135352391278], [-76.6210031148019, 7.1412047238857], [-76.620666850195, 7.14076491853295], [-76.6202841077254, 7.13985012095318], [-76.6202314695067, 7.13978802726247], [-76.6200204345953, 7.13953908592696], [-76.6194798134426, 7.13944995501827], [-76.6190800647931, 7.13918345441974], [-76.6187850107196, 7.13869804534542], [-76.6186327258196, 7.13835540364586], [-76.6184320924671, 7.1378930720745], [-76.6184138164444, 7.13785095682309], [-76.6183945673554, 7.13782124232339], [-76.6182881029136, 7.1376568840249], [-76.6181711119073, 7.137476274977], [-76.6180857383661, 7.13734447663324], [-76.6179601642302, 7.13726966562949], [-76.6177532410192, 7.13716095468123], [-76.6175191025245, 7.13710990556461], [-76.6172780680284, 7.13707458289263], [-76.6170539425854, 7.13714904585874], [-76.6167617879261, 7.13736006638088], [-76.6166122603475, 7.1375204128037], [-76.6164401355038, 7.13764574322337], [-76.6163537673125, 7.13775483368556], [-76.6160905735211, 7.13792253566337], [-76.6160845426675, 7.13792569138442], [-76.6158943693296, 7.13799440138745], [-76.615550356164, 7.13801105593238], [-76.6151498547819, 7.13793596793747], [-76.6150232401304, 7.13781612518094], [-76.6148345434793, 7.13758645002154], [-76.6147887077327, 7.13757229828984], [-76.6146774660921, 7.13743721652127], [-76.6146479620338, 7.13740139202752], [-76.6136274617379, 7.13616220718707], [-76.6135358918679, 7.13603100689241], [-76.6132657058476, 7.13581942249531], [-76.6131797828207, 7.13574473919531], [-76.6130259304023, 7.13570498196633], [-76.6130147500306, 7.13570446935277], [-76.6127498412321, 7.13569231591461], [-76.6124465466708, 7.13572700456461], [-76.6122337086187, 7.13582968645782], [-76.6121193256463, 7.13588038843611], [-76.6119812617258, 7.13589164255221], [-76.6118387884293, 7.13578860003085], [-76.6117234683633, 7.13569128259359], [-76.6117121701805, 7.13567436184927], [-76.6116735056277, 7.13564209057699], [-76.6116375489337, 7.13561207750234], [-76.611581012154, 7.13557133191841], [-76.6115459206077, 7.13562898565613], [-76.6115210849301, 7.13573344820706], [-76.6115174651588, 7.1357486719306], [-76.6114426496585, 7.13587970585072], [-76.6113620892889, 7.13605142150284], [-76.6111955582284, 7.13628526142261], [-76.6111434308247, 7.13635980532771], [-76.6109203494945, 7.13656528512673], [-76.610897683881, 7.13659916978282], [-76.610845418881, 7.13672000718952], [-76.6107593285801, 7.13681034139109], [-76.6106731321593, 7.13700465700621], [-76.6105519844864, 7.13711873510847], [-76.6105102982117, 7.13724858911803], [-76.6104895967175, 7.13731307500533], [-76.6103513502346, 7.13741574340878], [-76.6102244684844, 7.1375592014629], [-76.6098633466161, 7.13775323918757], [-76.609834988294, 7.13777581486889], [-76.6095883393304, 7.1378332527693], [-76.6093993108295, 7.13784427306162], [-76.608986811592, 7.13793057200523], [-76.6089636090833, 7.13793542744495], [-76.6086817354737, 7.13800295573869], [-76.6084812604018, 7.13814064194396], [-76.6082571790255, 7.13826022119913], [-76.6079763765085, 7.13843055729127], [-76.607915514889, 7.13845627520381], [-76.6078269451573, 7.13849370049075], [-76.607471435958, 7.13859623579454], [-76.6072937604986, 7.13865934931642], [-76.6064673698732, 7.13899532074434], [-76.606433493311, 7.13892629597864], [-76.6062208513112, 7.13883457322385], [-76.6061325118059, 7.13879284198293], [-76.6061099451179, 7.13878218052009], [-76.6061009644879, 7.13877793931732], [-76.6060207566526, 7.13869195783445], [-76.6058827952548, 7.13851432374391], [-76.6058026458754, 7.13837191969522], [-76.6056659318372, 7.13812529501327], [-76.6055223514753, 7.13804494598437], [-76.6053446184594, 7.13807415146779], [-76.6052246704821, 7.13816553248024], [-76.6051894656213, 7.13824470519588], [-76.6050002707458, 7.13841630933207], [-76.6048169655305, 7.1384963247125], [-76.6046675629576, 7.13853007806752], [-76.6046543537154, 7.13853260875977], [-76.6041515823296, 7.13862892974816], [-76.603965567457, 7.13866456718291], [-76.6036873405982, 7.13871787000055], [-76.6034576771301, 7.13871763347885], [-76.6034331022558, 7.13868224605568], [-76.6021300097921, 7.1368056631178], [-76.6018076073352, 7.13634137012509], [-76.6002948019635, 7.13421566238997], [-76.5996191017401, 7.13326620493842], [-76.5983297032532, 7.12985802889211], [-76.5983181046967, 7.12982737010419], [-76.5964012366277, 7.12786658544177], [-76.5960245268104, 7.12748124483082], [-76.5956446360911, 7.12737387207376], [-76.5939900247198, 7.1269062075227], [-76.593207456259, 7.12652230402836], [-76.5926512129831, 7.12624942813584], [-76.5913301151926, 7.12560134069658], [-76.5883564672771, 7.12492112407794], [-76.585434177845, 7.12502219078877], [-76.5847806315209, 7.12577073070197], [-76.5844720840194, 7.12612412649453], [-76.5843892609556, 7.12621898788324], [-76.5845964863387, 7.12762545112088], [-76.5852094012928, 7.12785382226332], [-76.586221801395, 7.1282310392982], [-76.5868394287966, 7.12846116591726], [-76.5881421030755, 7.13023337173983], [-76.5880354713599, 7.1323686644494], [-76.5876675910864, 7.1348161774916], [-76.5879094178853, 7.13686914446237], [-76.5880084557256, 7.13770991075068], [-76.5880296059815, 7.13788946129652], [-76.5889668029756, 7.13986961016125], [-76.5897287679682, 7.14099771344051], [-76.5902693513494, 7.14179806059879], [-76.5924072916632, 7.14331072297822], [-76.5931682449185, 7.14462055855862], [-76.5933562508902, 7.14494417420095], [-76.5937403936043, 7.1456054052319], [-76.5938318636495, 7.14582820417491], [-76.5939007148461, 7.1460395880232], [-76.5939580790021, 7.14632564527897], [-76.5940144772862, 7.14649750212463], [-76.5940367912648, 7.14680043246059], [-76.5940479752338, 7.14692585551044], [-76.5940307999814, 7.14715975388614], [-76.59400801206, 7.14730892173595], [-76.5939794244109, 7.14754850472628], [-76.5939498349169, 7.14770905889254], [-76.5939100884798, 7.14780052174324], [-76.593891825947, 7.14794860950728], [-76.593840859568, 7.14803445609185], [-76.593805615137, 7.14814852789883], [-76.593777279298, 7.14823439696641], [-76.5936911116555, 7.14839480184517], [-76.5935585857601, 7.14855967905251], [-76.5929898167266, 7.14914789502588], [-76.5929275503661, 7.14921681996681], [-76.5929036949496, 7.14926200370502], [-76.5928980508044, 7.14929138455631], [-76.5928639718948, 7.14941685257224], [-76.592742659646, 7.14967894109678], [-76.5926972555739, 7.1498110865789], [-76.5926858314859, 7.14982807387303], [-76.5926338021083, 7.14989131240065], [-76.592542008307, 7.14997594040385], [-76.5923982013159, 7.15010807149682], [-76.5920948006345, 7.15023316539476], [-76.5918014507763, 7.15044416703117], [-76.5916008884702, 7.15074125447179], [-76.5914875675971, 7.15096464696736], [-76.5914826483055, 7.15098321347103], [-76.59135906347, 7.15144970980275], [-76.591223715502, 7.15175890751401], [-76.5910072199072, 7.15155787486252], [-76.5908905904284, 7.15144957580378], [-76.5905098768293, 7.15112834966009], [-76.5901767517557, 7.15079522458645], [-76.5900458806129, 7.15054538123082], [-76.5899150103694, 7.15027174361261], [-76.5896924641359, 7.14995815271309], [-76.5896532716811, 7.14990292714492], [-76.5895972475149, 7.14987969765644], [-76.589165481202, 7.14970067231468], [-76.5887966647343, 7.1495222126465], [-76.5883754240865, 7.14924481046615], [-76.5882540138116, 7.14904483991401], [-76.5881906017149, 7.14886436126779], [-76.5881960650963, 7.14865132176762], [-76.5883054604286, 7.14836520695528], [-76.5884516416299, 7.14805884480642], [-76.5886301030967, 7.14777330915746], [-76.5889394330084, 7.1475710543273], [-76.589224967758, 7.14739259645775], [-76.5893558380015, 7.14710705990951], [-76.5893439399708, 7.14678583286654], [-76.5892130706267, 7.14646460582355], [-76.5890957918373, 7.14614872345143], [-76.5888561512903, 7.14564369206938], [-76.5884873357219, 7.1452986707637], [-76.5879995443434, 7.14501313511479], [-76.5875474479563, 7.14476329085985], [-76.587226220014, 7.14470380340452], [-76.5868574044456, 7.14470380340452], [-76.586586186903, 7.14472738902443], [-76.586583765928, 7.14472759856651], [-76.5863696139665, 7.14475139462785], [-76.5862506417537, 7.14465621487908], [-76.5862307496494, 7.14451033854798], [-76.5862149494603, 7.14439447439218], [-76.5861911551976, 7.14415652816797], [-76.5861911551976, 7.14377581366958], [-76.5861673609349, 7.14331182015113], [-76.5862330483165, 7.14285323065881], [-76.5862288745629, 7.1425220202418], [-76.5862856127907, 7.14237288836488], [-76.5862913765458, 7.14231647119494], [-76.5863434976543, 7.14216733572075], [-76.5863605766792, 7.14211075037758], [-76.5863719971699, 7.14201365237495], [-76.5864186935678, 7.14177291375576], [-76.5864358949006, 7.14151641271907], [-76.5864135152715, 7.14128129666127], [-76.5863853440084, 7.14112755216159], [-76.5863798653385, 7.14100204457548], [-76.586339397645, 7.14074991154598], [-76.5863394578996, 7.14069348987948], [-76.5863169793451, 7.14054987983992], [-76.5863058214564, 7.14040176059957], [-76.5863059509588, 7.14028086923355], [-76.5863061389172, 7.14010455085119], [-76.5863004974699, 7.1400469483748], [-76.5862894007352, 7.13992703906845], [-76.5862780306066, 7.13989321017034], [-76.5862385440735, 7.13982417731075], [-76.5862092333694, 7.13972133983483], [-76.5861979594682, 7.13968172379938], [-76.5861640918993, 7.13960709176072], [-76.5861404181458, 7.13956637765304], [-76.5860838274067, 7.13949280591513], [-76.5859235043662, 7.13924063601341], [-76.5858488525425, 7.13912635556374], [-76.5858176181885, 7.13911139354285], [-76.5857402773918, 7.13907433967592], [-76.5856883226579, 7.13906858761209], [-76.5856373742654, 7.13905162459967], [-76.5855275913252, 7.13902890322815], [-76.5854711022096, 7.13902884297356], [-76.5854078151185, 7.13895408862714], [-76.5853557326808, 7.13889761120264], [-76.5853050226087, 7.13874266790668], [-76.5853051988758, 7.13857765310309], [-76.5853109095708, 7.13848615427947], [-76.5854028508608, 7.13826237237751], [-76.585535526943, 7.13803990078766], [-76.5855865122077, 7.13793705881515], [-76.585621709874, 7.13786819592738], [-76.585697320375, 7.13767106453489], [-76.5857135765203, 7.13762868128551], [-76.5857273928049, 7.1374598110883], [-76.585596289637, 7.13711332388772], [-76.5853821376755, 7.13662553340858], [-76.5851560894819, 7.13630430636559], [-76.5846662350586, 7.13607343151059], [-76.5845406789091, 7.13607221202993], [-76.5843686934604, 7.13606072588877], [-76.5842419771855, 7.13604368193731], [-76.5841560028972, 7.13602098664618], [-76.584127675152, 7.1360152597634], [-76.583909341343, 7.13600372326018], [-76.5838158981851, 7.13600362253611], [-76.583726028933, 7.13600352720798], [-76.5835379042508, 7.13599145111154], [-76.5834567359396, 7.13598624043962], [-76.5830845533094, 7.13593394126535], [-76.5826375434878, 7.13593346192666], [-76.5824510142029, 7.13590399384121], [-76.5822698943401, 7.13587537921237], [-76.5819836122538, 7.13582986362425], [-76.5814960061358, 7.13578304491856], [-76.5812617534272, 7.13576018774942], [-76.5811126368387, 7.13577485119542], [-76.5810217918222, 7.13578378416126], [-76.5806823328234, 7.13581716249903], [-76.580592722576, 7.13579900338826], [-76.58042439467, 7.13576489390168], [-76.5801256677653, 7.13575896557079], [-76.5792432017124, 7.13562121011772], [-76.5790882674096, 7.13558035391717], [-76.5788653479574, 7.13554060028547], [-76.5786526582935, 7.13549968113238], [-76.578497652045, 7.13544291052884], [-76.578400441627, 7.13543159435962], [-76.5780677653151, 7.13534533678483], [-76.5779014914606, 7.1353281570358], [-76.5776756348226, 7.13526245796305], [-76.5774840324621, 7.13520672427791], [-76.5773868400306, 7.13517840732464], [-76.5771232469402, 7.13508092081485], [-76.577037297833, 7.13503561746678], [-76.5769332642587, 7.13497221076591], [-76.5767963883426, 7.1348918608377], [-76.5766008289651, 7.13474914832153], [-76.5765274038166, 7.13467456214831], [-76.5764840313129, 7.13459038830277], [-76.5764358959997, 7.13449696942664], [-76.5763895179618, 7.13444040746585], [-76.5763262263742, 7.13437143845815], [-76.5762755324898, 7.13420519248265], [-76.5762700124511, 7.13412037292389], [-76.5762646515923, 7.13380507421187], [-76.5762591099699, 7.13365705119899], [-76.5762593213106, 7.13346264924888], [-76.5762653341778, 7.13317665944233], [-76.5762825355106, 7.13292576298064], [-76.5762826299394, 7.13283986423541], [-76.5763099054777, 7.13260075428847], [-76.5763237586345, 7.13247931613457], [-76.5763239933576, 7.13226230972491], [-76.5763354678076, 7.13219902802983], [-76.5763412657368, 7.13202841134921], [-76.5763413916418, 7.13191421273785], [-76.5763596128059, 7.13180572931805], [-76.576365388252, 7.13165654348178], [-76.5763770479624, 7.13142263971014], [-76.5763770929285, 7.13138195078353], [-76.5763545730051, 7.13127912050209], [-76.5763195372168, 7.13119878945969], [-76.5762393383747, 7.13102799021672], [-76.5761885689473, 7.13093082386554], [-76.5761795046803, 7.13091670540874], [-76.576147903403, 7.1308674873118], [-76.5760717002488, 7.13077130391967], [-76.5760394226812, 7.13073056373165], [-76.5760112235391, 7.13068984422805], [-76.5759624353181, 7.13062224398847], [-76.5759083626808, 7.1305473223682], [-76.5757647292588, 7.13043866268127], [-76.5756449395623, 7.13038084526691], [-76.5754435525778, 7.1302721226275], [-76.5753011179522, 7.13022675812556], [-76.5751856539947, 7.13018594329378], [-76.575168737747, 7.13017471345943], [-76.5749910955625, 7.13012361398073], [-76.5749221292528, 7.13011223755689], [-76.5747795750173, 7.13009399840642], [-76.5746189444087, 7.13004861322008], [-76.5744978372054, 7.13003717923959], [-76.5744060919675, 7.13003330675883], [-76.574394238903, 7.13002967709508], [-76.5737114097537, 7.12986560837828], [-76.5733700217091, 7.12977928155575], [-76.5732546476838, 7.12973291880633], [-76.5731517427587, 7.12971589823731], [-76.5730994912485, 7.129710873725], [-76.5728416412287, 7.1296860830135], [-76.5726120020422, 7.12966892304951], [-76.5724524515194, 7.12962923596763], [-76.572200151216, 7.12964017172368], [-76.5717985814393, 7.12956522762034], [-76.5717238145024, 7.12955944857686], [-76.5715349119066, 7.12954233267966], [-76.5714546303269, 7.12953085283375], [-76.5713516336709, 7.12951265595151], [-76.5712249137987, 7.1295013047086], [-76.5711796518194, 7.1295012552459], [-76.5709556064161, 7.12950100973098], [-76.5708865375836, 7.12950093418795], [-76.5707893163738, 7.12950082806795], [-76.5707609949239, 7.12948940397998], [-76.5703705677475, 7.1294889759027], [-76.570262034865, 7.1294029575476], [-76.5700732069129, 7.12931685195833], [-76.5699929747959, 7.12926034215822], [-76.5698845840063, 7.12919718097228], [-76.5698549252646, 7.1291798978012], [-76.5697577786985, 7.12911089192133], [-76.5697011429933, 7.12908252820333], [-76.5694772954408, 7.12898508126366], [-76.5694376767074, 7.12895682726296], [-76.5692713965577, 7.12886504875016], [-76.5691685536858, 7.12879033936984], [-76.5690883035823, 7.12875064779137], [-76.5689446593685, 7.12865337891751], [-76.5688010808052, 7.1284983321995], [-76.5687446447495, 7.12845306032765], [-76.5686699479597, 7.12838398879727], [-76.5685953941621, 7.1283500906514], [-76.5684631605464, 7.12816675395976], [-76.5684122418315, 7.12812600927508], [-76.5684010614598, 7.1280864840712], [-76.5683321185324, 7.12797220811813], [-76.5682982230845, 7.12792587684493], [-76.5682441315614, 7.12783447334948], [-76.5682259391757, 7.12780373002535], [-76.5682225280472, 7.12777768475958], [-76.5682055983097, 7.12777884218703], [-76.5681174881315, 7.12764429101845], [-76.5680869930202, 7.12755148727856], [-76.5679628110349, 7.1273739476168], [-76.5676430498868, 7.12691354059464], [-76.5675335250521, 7.12674279800898], [-76.5674205189417, 7.12660930444309], [-76.5673232581618, 7.12647836225385], [-76.5671809026764, 7.12633600676856], [-76.566810444946, 7.12596554903815], [-76.5662274774161, 7.12547775945834], [-76.5657753801297, 7.12504945643455], [-76.5650615414569, 7.12460925717881], [-76.5643358056529, 7.12429992636784], [-76.5636219669802, 7.12397869842551], [-76.5635485607175, 7.12394245934435], [-76.5632557153789, 7.12379789152683], [-76.5631639566512, 7.12375259267534], [-76.5630570767227, 7.12374495563252], [-76.5627697595168, 7.12366325851995], [-76.5625141236279, 7.12358385737646], [-76.5621125484553, 7.12343873827455], [-76.5620956295097, 7.12343193939987], [-76.5618128260011, 7.12336154946329], [-76.5616238442649, 7.12333647276737], [-76.5613864223455, 7.123239006942], [-76.561174839747, 7.1231879542281], [-76.5609691297215, 7.12313173490899], [-76.5608173862134, 7.12309026537081], [-76.5605831380014, 7.12307083371938], [-76.5603942426002, 7.12305027791534], [-76.5602617140069, 7.12304888126822], [-76.5601543619342, 7.1230477499211], [-76.5599597846163, 7.12300684245916], [-76.5596826189577, 7.12291502977217], [-76.5589207996551, 7.12225863529517], [-76.558909414238, 7.12224162371935], [-76.5588744773752, 7.12215677088563], [-76.5587240990379, 7.12201428230069], [-76.5585863085113, 7.12186828096381], [-76.5581996917624, 7.12146548181394], [-76.5579329771252, 7.12117701437519], [-76.5576686987514, 7.12081504084894], [-76.5574022377231, 7.12030269707926], [-76.5573130240767, 7.11998543065058], [-76.5572532740193, 7.11990090606943], [-76.556982110436, 7.11950567201664], [-76.5569183790799, 7.11941720750558], [-76.5565528730166, 7.11890984777876], [-76.5565341662187, 7.11888363164179], [-76.5563765096682, 7.118660604271], [-76.5558340341133, 7.11770583452419], [-76.555805437471, 7.11746849444302], [-76.5557144674487, 7.11727030724644], [-76.5555436187429, 7.11710244518924], [-76.5550939793037, 7.11666066672395], [-76.5548845874537, 7.11616573922508], [-76.5551130134548, 7.11557563197744], [-76.5553604790028, 7.11506166852879], [-76.5557602285517, 7.11439541928086], [-76.5560457642006, 7.11363399208273], [-76.5562932279501, 7.11304388573442], [-76.556424325722, 7.11279198473002], [-76.5566065922204, 7.1124417608463], [-76.5572069400482, 7.11201595973649], [-76.5577018675471, 7.11138778238798], [-76.5578601032611, 7.11078458820593], [-76.5580088187519, 7.10980306003098], [-76.5581171366965, 7.10927350863333], [-76.5582765082542, 7.10849435669706], [-76.5583053818878, 7.10791688582347], [-76.5583245185616, 7.10753413166274], [-76.5583657380883, 7.10670976091462], [-76.5584549688217, 7.10534157012528], [-76.5586185384148, 7.10421995005865], [-76.5586631699693, 7.10391389457855], [-76.5583670196222, 7.10248437452228], [-76.558373760041, 7.10050980235357], [-76.5582430228972, 7.10005195300333], [-76.5582194597602, 7.09983492051327], [-76.5582027071891, 7.0996801022231], [-76.558156509915, 7.09946756544389], [-76.5581003283674, 7.09919841544263], [-76.5580484869481, 7.0989350552767], [-76.5579447510494, 7.09861503512392], [-76.5578195771117, 7.0982826942591], [-76.5576988314358, 7.0980372512863], [-76.5575733984935, 7.09785401082212], [-76.5574747383685, 7.09770448863941], [-76.5574524936376, 7.09767077575392], [-76.5573497739729, 7.09749316774368], [-76.5572865363445, 7.0973835080107], [-76.5572119681578, 7.09728622384836], [-76.5571657331121, 7.09718897116228], [-76.5570402561029, 7.09704641962478], [-76.5570400879297, 7.0970322741883], [-76.5570222300918, 7.09697741014756], [-76.5570203406162, 7.09697547390718], [-76.5567815508278, 7.09673083762627], [-76.556741936591, 7.09670249189473], [-76.5566560162621, 7.09663910138161], [-76.5566153039531, 7.09662214736242], [-76.5565069086668, 7.09642192769802], [-76.5564957345904, 7.09629650284956], [-76.5563692890115, 7.09604987816761], [-76.5562371075565, 7.0958327224704], [-76.5561807740235, 7.09570046547238], [-76.5559220381715, 7.09533397734944], [-76.5557039193004, 7.09507043102386], [-76.5556011492736, 7.09493920734681], [-76.5554408055487, 7.09465302958194], [-76.5553379473883, 7.09452063049099], [-76.5552918202612, 7.09432617727952], [-76.5551946503128, 7.09420635250944], [-76.5549710554698, 7.09382290407209], [-76.5548907487091, 7.09375951985427], [-76.5548795512502, 7.09373690280413], [-76.5548710229793, 7.09373305190714], [-76.5547641106751, 7.09368478079632], [-76.5547471836356, 7.09368476191055], [-76.554517893386, 7.09337590234433], [-76.554368878421, 7.09307852622133], [-76.5542604462626, 7.09291230272894], [-76.5541802240381, 7.09277423251318], [-76.5540649381463, 7.0926655998059], [-76.5539790052269, 7.09261468738628], [-76.5538874875175, 7.09245978545908], [-76.5538820115456, 7.0923398842466], [-76.5538821230615, 7.09224159823952], [-76.5539275864889, 7.09205854933096], [-76.5539277034008, 7.09195565339908], [-76.5539278194133, 7.0918528456007], [-76.5539743827115, 7.0916584967106], [-76.5540141012697, 7.09159524829047], [-76.5540663096124, 7.09145181092076], [-76.5541468663847, 7.09121228998361], [-76.5541527308638, 7.09106871052096], [-76.5541641567504, 7.09097152258613], [-76.5541755475634, 7.09090254638379], [-76.5541870310066, 7.09075336594349], [-76.554250642753, 7.09053082510592], [-76.5542620992165, 7.09040533550627], [-76.5542623132551, 7.09021427543691], [-76.554262377107, 7.09015903368091], [-76.5542685131813, 7.08977475786723], [-76.5542506553434, 7.08955773257177], [-76.5542505051566, 7.08955641506495], [-76.5541945484396, 7.08906488250676], [-76.5541765610994, 7.08896196499114], [-76.5541316138828, 7.08868722030748], [-76.5540741499021, 7.08851535716647], [-76.5540516812401, 7.08837301247305], [-76.5539422238545, 7.08807450500288], [-76.5538678652098, 7.08787432311001], [-76.5538453138102, 7.08780530823689], [-76.5537879667413, 7.08745043845549], [-76.5537824305147, 7.08738261698273], [-76.5537767935641, 7.08732492277551], [-76.5537995257275, 7.08723344373697], [-76.553807457748, 7.0871825475051], [-76.5538222713807, 7.08713057208678], [-76.5539550041201, 7.08685602705254], [-76.5540693430257, 7.08675904596175], [-76.5541383740867, 7.08670704266442], [-76.5541864158703, 7.08667756018982], [-76.5542595658263, 7.08663267232853], [-76.554465603205, 7.08653000662306], [-76.5545347125069, 7.08648939593743], [-76.5546843174272, 7.08626125502148], [-76.5547239442546, 7.08619800660128], [-76.554804540597, 7.08592349304334], [-76.5549486830353, 7.08556306185438], [-76.5550461164851, 7.08544788657929], [-76.5550971656017, 7.08536774259585], [-76.5552409411165, 7.08525370406375], [-76.5552704226918, 7.08519613935893], [-76.5554933916067, 7.08508788706491], [-76.555590809768, 7.08506539052396], [-76.5557285346441, 7.08499191411417], [-76.5557514799468, 7.08497967254246], [-76.5558036163438, 7.08497973189771], [-76.5559416182111, 7.08492780504279], [-76.5560446688264, 7.08488723122931], [-76.5560638648554, 7.0848816464394], [-76.55608432713, 7.08487606434752], [-76.5561250781098, 7.08485911032826], [-76.5562282816099, 7.08460153100444], [-76.5562283139855, 7.08457332017118], [-76.5562453687288, 7.08445796413232], [-76.556331583136, 7.08425805293539], [-76.5564472962057, 7.08406378138703], [-76.5564643068822, 7.08398920330772], [-76.5564813229547, 7.08390902155274], [-76.5564813418404, 7.08389202256738], [-76.5564758137078, 7.08381741840777], [-76.5565448303796, 7.08377798313605], [-76.5564874950019, 7.08349074686914], [-76.5564242951451, 7.08334835631025], [-76.5563610710066, 7.08322730396554], [-76.5563384926273, 7.08318206896594], [-76.556246964126, 7.08303837978606], [-76.5561724436034, 7.0829818744826], [-76.5561035357495, 7.0828438168573], [-76.5560515540359, 7.08278733673486], [-76.5558402538246, 7.08250110411136], [-76.5557826306638, 7.08247165221363], [-76.5557657359999, 7.08244342249463], [-76.5556740896874, 7.08240371652696], [-76.5556334295391, 7.08234037727525], [-76.555243667861, 7.08178494428843], [-76.5551466867701, 7.08157922167244], [-76.5551061300438, 7.081424288269], [-76.5550259923556, 7.08121288733358], [-76.5549978939376, 7.08108626818542], [-76.554968567945, 7.08092565106668], [-76.5549688179565, 7.08070303828332], [-76.5549633491792, 7.08057644521549], [-76.5549691156322, 7.08043973657332], [-76.5549976394295, 7.08026797235777], [-76.555027157877, 7.08017640968234], [-76.5550782276781, 7.07999897434194], [-76.5552052605143, 7.07971881663885], [-76.5552915252836, 7.07947261104093], [-76.5553257130112, 7.07933466852891], [-76.5553721836793, 7.0792206120104], [-76.5554527854177, 7.0790206936189], [-76.5555094202235, 7.07888277808653], [-76.5555955357054, 7.0787687647355], [-76.5557224282474, 7.07861410922253], [-76.5558256128617, 7.0784536386933], [-76.5559173670928, 7.07831594259545], [-76.5560205364186, 7.07816795105891], [-76.5561303805126, 7.07804148749348], [-76.5561587820022, 7.0779782246841], [-76.5562675963724, 7.07780094402719], [-76.5563593766839, 7.07772075417826], [-76.5563537253441, 7.07767553806448], [-76.5563310912069, 7.07768111925711], [-76.5563312377964, 7.07755001069328], [-76.5563426564884, 7.07745743448185], [-76.5563541237438, 7.07732064130338], [-76.5563542838231, 7.07717714727639], [-76.556365900366, 7.07690807101953], [-76.5563435279314, 7.07667982668152], [-76.556332432096, 7.07648541304025], [-76.5563118205341, 7.07625301563303], [-76.5562978414721, 7.07609539505531], [-76.5562346748903, 7.07592352741775], [-76.5561894956487, 7.07585566187818], [-76.5561895783863, 7.07578106671174], [-76.5561725731057, 7.0757709196611], [-76.5561716117305, 7.07566006382974], [-76.5561886340981, 7.07557418486964], [-76.5562295370635, 7.07542051681227], [-76.5562465405454, 7.07535163683746], [-76.5563357820707, 7.07504543926455], [-76.5563499409969, 7.07499685608894], [-76.5563794288675, 7.07493359507826], [-76.5563670407063, 7.07492227980827], [-76.5564306569492, 7.07469286545228], [-76.5565169963622, 7.07437884557619], [-76.5565396502846, 7.07435508998435], [-76.5565747939915, 7.07425232175616], [-76.5566835499059, 7.07412694097447], [-76.5567357420608, 7.07399480628421], [-76.5567981622054, 7.07386376786755], [-76.556827622197, 7.07374281894491], [-76.5568560497668, 7.07365695347458], [-76.5568730451549, 7.07359476265712], [-76.5568845330947, 7.07352027001341], [-76.5568833810631, 7.07349874833754], [-76.5568789150299, 7.07344557772022], [-76.5568620986069, 7.07334844824127], [-76.5568395723883, 7.07325682800915], [-76.5567934029931, 7.07302168497177], [-76.5567019383437, 7.07282148509245], [-76.5566851093303, 7.07273556656215], [-76.5566558013242, 7.07263842449267], [-76.5565812511238, 7.07252983675155], [-76.5565586295771, 7.0725241152647], [-76.5565179901131, 7.07248517911672], [-76.5564263527939, 7.07239738010404], [-76.5563927954911, 7.07213394979098], [-76.5563814532414, 7.07207751643327], [-76.5563522063892, 7.07200849346621], [-76.5563297898879, 7.07181976354029], [-76.5563005457335, 7.07158463938861], [-76.5563038273597, 7.07147081939183], [-76.5563064794604, 7.07137885112213], [-76.556306645835, 7.0712296589906], [-76.5562897898419, 7.0711675221325], [-76.5562898554924, 7.07110992415271], [-76.5562616212767, 7.07102399393119], [-76.5562845440964, 7.07076062747003], [-76.5562620376629, 7.07065209908418], [-76.5561867419245, 7.0702394316735], [-76.5561643263226, 7.07005069994889], [-76.5560504082997, 7.06969567638345], [-76.555946588764, 7.06945594770291], [-76.5558156492727, 7.06918680309758], [-76.55563728853, 7.06883170758632], [-76.5554376929951, 7.06828218494403], [-76.5552480772369, 7.0678750834375], [-76.5551339208937, 7.0677325462891], [-76.5549610702971, 7.06746905032555], [-76.554800798518, 7.06720547791965], [-76.5545951370559, 7.06690234253827], [-76.5544799231099, 7.06681631518998], [-76.5543884287829, 7.06664441517679], [-76.5543138282205, 7.06658103725423], [-76.5542968184434, 7.06657532206262], [-76.5542449491451, 7.06650075747316], [-76.5542223150078, 7.06650633956512], [-76.5541236719698, 7.06644647709241], [-76.553929440891, 7.06632860654916], [-76.553820923297, 7.06624367097783], [-76.5536830113618, 7.06613953398154], [-76.5536661247918, 7.06610560795668], [-76.5535395002477, 7.06602526342438], [-76.5535111895897, 7.06600823296275], [-76.5534761942709, 7.06597998166001], [-76.5533281892445, 7.06575593715599], [-76.5532355644697, 7.06562472517016], [-76.5531327692619, 7.06552180225856], [-76.553092149583, 7.06542455676712], [-76.5528345100046, 7.06514396469142], [-76.5526571349188, 7.06488046423127], [-76.5526164837637, 7.06481142777441], [-76.5524797418466, 7.06463378109336], [-76.552475615757, 7.06462460261257], [-76.5524335157941, 7.06453092203365], [-76.5523125875558, 7.06437589689935], [-76.5522956632142, 7.0643758780136], [-76.5522731262038, 7.0642956503932], [-76.5521929912135, 7.06416445189717], [-76.5521298219337, 7.06399827966614], [-76.552124274016, 7.06386146940054], [-76.5521017891662, 7.06373485744701], [-76.5520442757227, 7.06360937953851], [-76.5519064609144, 7.06334013600778], [-76.5517801412405, 7.06299079435897], [-76.5516199782793, 7.06263571773347], [-76.5514824935222, 7.06207496165945], [-76.5514056032859, 7.06174248050041], [-76.5513857579463, 7.06165666089553], [-76.5513452425888, 7.06146782035298], [-76.5513452929509, 7.06142261053438], [-76.5513226723034, 7.06141697897974], [-76.5513170812183, 7.06131859584585], [-76.5512944659668, 7.06130735791757], [-76.5511964308706, 7.06099864584017], [-76.5511400829485, 7.06072397849817], [-76.551060098145, 7.06046049602447], [-76.5510309870904, 7.06019146563301], [-76.5510084815562, 7.0600829363478], [-76.5510062161639, 7.06004340484863], [-76.5509907298382, 7.05977323051959], [-76.5509164278508, 7.05944763546943], [-76.5508545005347, 7.05922377712504], [-76.55081955288, 7.05907454632267], [-76.5507801616751, 7.05885188857327], [-76.5507679425864, 7.05869129034022], [-76.5507454451462, 7.05857715468136], [-76.5507342279022, 7.058491244245], [-76.5506824638246, 7.05824479223285], [-76.5506544328558, 7.0579813673157], [-76.5506369266528, 7.05745474500996], [-76.5506260331649, 7.05716304001181], [-76.55060915289, 7.05704330517387], [-76.5505921377169, 7.05704328628809], [-76.5506093471436, 7.05687150948205], [-76.5505462381183, 7.05665325481335], [-76.5504719109499, 7.05635026602148], [-76.5504550963256, 7.05625304571102], [-76.5504031964503, 7.05604728262549], [-76.5503626550125, 7.05588113647476], [-76.5503627647298, 7.05578384511788], [-76.5503516590018, 7.05567985021445], [-76.5503460472323, 7.05560081689371], [-76.5503404813281, 7.05547983019954], [-76.5503055966259, 7.05535428843922], [-76.5502999785611, 7.05527977601042], [-76.5503000109367, 7.05525147524491], [-76.5502718369756, 7.05519384578888], [-76.550294599716, 7.05507397515341], [-76.5503529342405, 7.05455304465684], [-76.5503642351213, 7.05448415658814], [-76.5503700663255, 7.05436996337269], [-76.5503701256807, 7.05431797266586], [-76.5503758984289, 7.05425468467555], [-76.5504278441696, 7.0542603504044], [-76.5503296480948, 7.0540953140171], [-76.5502550817066, 7.05400363442974], [-76.5501804838422, 7.05394025650723], [-76.5501115562033, 7.05382597875552], [-76.5500751048821, 7.05376677098928], [-76.5500030889713, 7.05369926967517], [-76.5499748511584, 7.05369923729955], [-76.5497399383474, 7.05333846886486], [-76.5496189804315, 7.05321292080925], [-76.5495331014714, 7.05312122953075], [-76.5492235647157, 7.05280106458709], [-76.549109395782, 7.05267434921144], [-76.5490688021835, 7.05255440573088], [-76.5489083775196, 7.05235421664341], [-76.5487819211487, 7.05213028635327], [-76.5487423698644, 7.0520500389478], [-76.5487017582795, 7.05194709445248], [-76.54868493736, 7.05185557224649], [-76.5486680570851, 7.05181594901648], [-76.548645520974, 7.05173563056455], [-76.5486455857252, 7.05167803438342], [-76.5486738631083, 7.05164415782128], [-76.5486795261392, 7.05159895519728], [-76.5486852737064, 7.05155827256589], [-76.5486853114779, 7.05152436632609], [-76.5487138361746, 7.05135260031194], [-76.5487250992838, 7.05131762118095], [-76.5488000128103, 7.05118090084756], [-76.548823804375, 7.05111193813508], [-76.5488520943487, 7.05106567521042], [-76.5489213412469, 7.05089956323397], [-76.5489724137458, 7.0507968129922], [-76.5490133176105, 7.05064197131962], [-76.5490247336045, 7.0504713618336], [-76.5490010859313, 7.0504137377735], [-76.5489955200272, 7.05037304255158], [-76.5489785048541, 7.05037302366581], [-76.5489096608521, 7.05026444311925], [-76.5488407862732, 7.05010377923571], [-76.5487549270982, 7.0499951789041], [-76.5486521885476, 7.04984704617397], [-76.5486115895532, 7.0497317144168], [-76.5485369988834, 7.04958352413008], [-76.5485581581324, 7.04944204458442], [-76.5485609847016, 7.04942314713027], [-76.548583747442, 7.04930327559546], [-76.5485981662723, 7.04922671900763], [-76.5486065110816, 7.04918241120905], [-76.548730402586, 7.04900627359038], [-76.5487433276424, 7.04899173964682], [-76.5488307831141, 7.04894757394115], [-76.5490142996701, 7.04873647068136], [-76.5491807821673, 7.04854225758889], [-76.5492377470244, 7.0484652054746], [-76.5492442338343, 7.04845643078942], [-76.5493002220276, 7.04837984542331], [-76.5493591312189, 7.04829926616799], [-76.5493870956379, 7.0482610153034], [-76.5494505661906, 7.04815828035015], [-76.5495422565699, 7.04807248502693], [-76.5495252485913, 7.04806676893601], [-76.5495424616153, 7.04799978563136], [-76.5495818456257, 7.04784653485945], [-76.5496059744361, 7.04775265193315], [-76.5496639897013, 7.0475120212326], [-76.5496829896782, 7.04736665481707], [-76.5497096383891, 7.04716278210649], [-76.5496409958353, 7.04679650532426], [-76.5495495779506, 7.04656131102552], [-76.5494978795235, 7.04633854985401], [-76.549403663848, 7.04618154800988], [-76.549343133179, 7.04608067825052], [-76.5492856485138, 7.04593142226714], [-76.549068781499, 7.0456226652237], [-76.5489368644447, 7.04518741673575], [-76.5488964021472, 7.0449522808929], [-76.5488852631443, 7.04479855527898], [-76.5488909846312, 7.04470127021731], [-76.5488854394114, 7.04464366774095], [-76.548885555424, 7.04454085994263], [-76.5489435068373, 7.04435773459166], [-76.5489662039272, 7.04429446638643], [-76.5490001704215, 7.04419169905755], [-76.5491441347939, 7.04397937631708], [-76.5493503925066, 7.04366540050776], [-76.5494830164281, 7.04347566963636], [-76.5496609014294, 7.04320117586354], [-76.5498105135443, 7.04295504221134], [-76.5499998082445, 7.04267495375604], [-76.550102901128, 7.04250888045045], [-76.5501606951599, 7.04238344211211], [-76.5502129304823, 7.04229199634854], [-76.5502932615248, 7.04224579187976], [-76.5502752238225, 7.04218916966439], [-76.550286602045, 7.04213158517447], [-76.5503274915205, 7.04198813521427], [-76.5504138138464, 7.04168532718607], [-76.5504706078323, 7.04148411736808], [-76.5505000849109, 7.04142772807716], [-76.5505284917964, 7.04127856832126], [-76.5505512338523, 7.04117569577175], [-76.5505981236045, 7.04076886046454], [-76.5506041409683, 7.04048856696382], [-76.5506270179225, 7.04026598026078], [-76.5506440339949, 7.04018570587564], [-76.5507190167692, 7.03990548971663], [-76.5507473454136, 7.03982523061994], [-76.550799709339, 7.03961849896462], [-76.5508564826405, 7.03935517117429], [-76.5509950124098, 7.0389835209428], [-76.5510346985924, 7.03886376002459], [-76.5511096678769, 7.03859484564568], [-76.5511448619458, 7.03852598635526], [-76.5511732031807, 7.03843442278045], [-76.551207233527, 7.03835425901192], [-76.5512130053759, 7.03829097102155], [-76.5512175145766, 7.03825251511157], [-76.5512197682776, 7.03823329120353], [-76.5512708182936, 7.03814745001491], [-76.5512877822053, 7.03811356266087], [-76.5512653360264, 7.03795304176955], [-76.5512484305706, 7.0379360238985], [-76.5512427603451, 7.03790780676996], [-76.5512246659855, 7.03790218061123], [-76.551193424437, 7.03786174079679], [-76.5511625794894, 7.03782181809251], [-76.5509839417555, 7.0377244152197], [-76.5509669400722, 7.03771309365446], [-76.5508996150252, 7.03768638558834], [-76.5508640810125, 7.03767228961458], [-76.550852781031, 7.03766097524391], [-76.5507555445327, 7.03760995850292], [-76.5506515037638, 7.03757484986954], [-76.5506289091967, 7.03754652302371], [-76.5506176146112, 7.03752960227945], [-76.5505429879685, 7.03749452512232], [-76.5504740027729, 7.03743223897674], [-76.5504344847636, 7.03740398317741], [-76.5503711697936, 7.03736882867861], [-76.5502446100007, 7.03723866350362], [-76.5501101649521, 7.0371176210515], [-76.5499495361422, 7.03702249975869], [-76.549875131632, 7.03687096309461], [-76.5498809493463, 7.03668669380599], [-76.5499037813344, 7.03650588151138], [-76.54991412084, 7.0363250530289], [-76.5499167864305, 7.03619206578138], [-76.5499177657922, 7.03614313276953], [-76.5499157090427, 7.0359612071142], [-76.5498774500842, 7.03577914925852], [-76.5498165542905, 7.03560610800564], [-76.5497455159428, 7.03543875136747], [-76.5496914100305, 7.03526472355832], [-76.5496440022689, 7.03508943669837], [-76.5496103541345, 7.03491199596206], [-76.5495618590925, 7.03473779278513], [-76.549496434313, 7.03456935785981], [-76.5494128980867, 7.03440876861996], [-76.5493150104793, 7.03427674454632], [-76.5493055424168, 7.03426397597194], [-76.5491801616351, 7.03413272711391], [-76.5490513355506, 7.03400599375185], [-76.5489066508213, 7.03389732687037], [-76.5487608797108, 7.03378983360415], [-76.5485258733703, 7.03352048035613], [-76.5484592722776, 7.03335204363215], [-76.548388142199, 7.03318577247566], [-76.5483068722643, 7.03302410135146], [-76.5482324830426, 7.03285900111227], [-76.5481760218059, 7.03268713976994], [-76.5481333210959, 7.03251185920521], [-76.5480916177339, 7.03233549315876], [-76.5480499134727, 7.03215912801165], [-76.5480093873233, 7.03198276376383], [-76.5479621594261, 7.0318087440486], [-76.5479261586652, 7.03163120888351], [-76.5479297109873, 7.031451550419], [-76.547937788698, 7.03127180472033], [-76.5479300023677, 7.03119493876572], [-76.5479210694018, 7.03109094656023], [-76.5478952975299, 7.03091233850395], [-76.547856942344, 7.03073597695413], [-76.5478175934072, 7.03055843909099], [-76.547778243571, 7.03038207574252], [-76.5477501172741, 7.03020355581981], [-76.5477424469563, 7.03002379393331], [-76.5477357784833, 7.02983951025557], [-76.5477688168774, 7.02967462315573], [-76.5479080607084, 7.02955153924254], [-76.5480473845791, 7.02943641073214], [-76.5481855357339, 7.02931902132613], [-76.5483214268923, 7.02919936922589], [-76.5484494525801, 7.02907175093092], [-76.5485694329329, 7.02893625727283], [-76.548607484148, 7.02885996958235], [-76.548633619346, 7.02879524807263], [-76.5487082181098, 7.02860647947585], [-76.5487090023185, 7.02860421318428], [-76.5487567149504, 7.02842903334362], [-76.5488009876754, 7.02825384990564], [-76.5488521357174, 7.02808102628872], [-76.5489021101443, 7.02790702366059], [-76.5489237622218, 7.02772738498126], [-76.548931930764, 7.0275465547002], [-76.5489446237953, 7.027365729815], [-76.5489549650996, 7.02718490313122], [-76.5489891033644, 7.02700862341971], [-76.5490131071691, 7.02682998118911], [-76.5490143976963, 7.02664805823178], [-76.5490111628349, 7.02646721536014], [-76.5490001443412, 7.02628744897704], [-76.5489731952567, 7.02610892995366], [-76.5489314909955, 7.02593256480648], [-76.5488796477775, 7.02575953434551], [-76.5488187510845, 7.02558884302116], [-76.5487827494243, 7.02541248416928], [-76.5487512749513, 7.02523377988552], [-76.5486971672404, 7.02506192124116], [-76.548617073619, 7.02490025101628], [-76.54852674931, 7.02474309089143], [-76.5484973180967, 7.02467858791705], [-76.5484533565372, 7.02457790251869], [-76.5483980743116, 7.024404956594], [-76.5483417938387, 7.02423418163269], [-76.5483079676386, 7.02405565541469], [-76.5482867202559, 7.02387696192281], [-76.54832538301, 7.02370068670788], [-76.5483979717889, 7.02353466736157], [-76.5484445063089, 7.02335957745311], [-76.5484461547662, 7.02335073352009], [-76.5484775599913, 7.02318212142831], [-76.5484901648892, 7.02300129564385], [-76.5484881962732, 7.02282045457089], [-76.5485041457497, 7.02264080959629], [-76.5485157541987, 7.02245998291246], [-76.5485170438265, 7.02227914453748], [-76.5485195106668, 7.02209830886048], [-76.5485366382552, 7.02191857395365], [-76.548536841502, 7.02173773557866], [-76.5485234703818, 7.02155796559829], [-76.5485022238985, 7.02137827745616], [-76.5484764529259, 7.02119858481748], [-76.548446064834, 7.02101988233234], [-76.54841350398, 7.02084244159604], [-76.5483763260066, 7.02066608184483], [-76.5483448524329, 7.02048746749328], [-76.5483246923307, 7.02030778025053], [-76.5483238100957, 7.02012694097624], [-76.5483466375872, 7.019948296947], [-76.5483411400315, 7.01976745227676], [-76.5483130146339, 7.01958893145468], [-76.5482815401609, 7.0194102262716], [-76.5482195579862, 7.01924071126054], [-76.5481360262566, 7.01908003118918], [-76.5480457010482, 7.01892404557893], [-76.5479879348952, 7.01882347799183], [-76.5479553767392, 7.01876679552188], [-76.5478741086032, 7.01860503266685], [-76.5477737460615, 7.01836196210557], [-76.5476996275357, 7.01821783945244], [-76.5477804352189, 7.01781962414709], [-76.5480356843993, 7.0165617801728], [-76.5481916664122, 7.01614792205975], [-76.5481921943142, 7.01568213529312], [-76.5481927195183, 7.01521634852648], [-76.5481415822682, 7.01459524074862], [-76.5481422252834, 7.01402594561178], [-76.5481423997519, 7.01387068215713], [-76.5480911473885, 7.01335308364875], [-76.5478843770623, 7.01283530707468], [-76.5478297162683, 7.0126984320579], [-76.5477809918992, 7.01257641923729], [-76.5475223252951, 7.01211034109034], [-76.5473155558682, 7.01159256451617], [-76.5471084932623, 7.01133355976689], [-76.5469532154185, 7.01112636855804], [-76.5466944319025, 7.01076379698259], [-76.5465909307269, 7.01060841751543], [-76.5463320914528, 7.01029760012512], [-76.5461767506565, 7.01014216220199], [-76.5458710818849, 7.00989890188381], [-76.5459045789331, 7.00977939007781], [-76.5459443280682, 7.00960293589781], [-76.5459762045382, 7.00942439349199], [-76.5460046428999, 7.00924584658958], [-76.5460285558731, 7.00906729519056], [-76.5460491215696, 7.00888756388101], [-76.5460685118523, 7.00870792250364], [-76.546086726721, 7.00852719384599], [-76.5461039424429, 7.00834754887132], [-76.546122155513, 7.00816790569532], [-76.5461427221089, 7.00798817528513], [-76.5461654605675, 7.00780853660574], [-76.5461916353357, 7.007629988804], [-76.5462235118056, 7.00745135556667], [-76.5462570169477, 7.00727389954193], [-76.5462900688316, 7.00709644171849], [-76.5463218562686, 7.00691780848115], [-76.5463537309399, 7.00674035155711], [-76.5463844310966, 7.00656180735264], [-76.5464151312532, 7.00638326314819], [-76.5464458323093, 7.00620462901154], [-76.5464765315667, 7.00602716938946], [-76.5465072317234, 7.00584862428568], [-76.5465379309807, 7.00566999104837], [-76.5465698074506, 7.00549253322499], [-76.546601593089, 7.00531398991985], [-76.5466334677603, 7.0051365320964], [-76.5466664306112, 7.00495789975839], [-76.5467005679768, 7.00478044463297], [-76.5467346154101, 7.0046028995753], [-76.5467715577611, 7.00442662346106], [-76.546809041504, 7.00425025651529], [-76.5468488805714, 7.00407380233529], [-76.5468886279078, 7.00389743718819], [-76.5469317234202, 7.00372107743698], [-76.5469749079656, 7.00354580226816], [-76.5470214415862, 7.0033705324953], [-76.5470691497214, 7.00319634730478], [-76.5471191205509, 7.00302216571159], [-76.5471724386571, 7.00285024591333], [-76.5472269321771, 7.00267724423069], [-76.5472426208502, 7.0026318311653], [-76.5478134115597, 7.00183295889519], [-76.5488510520344, 7.00028420492344], [-76.5495147723888, 6.99960514393355], [-76.5501785296154, 6.99883077279324], [-76.5512256732262, 6.99814418537722], [-76.5519886274731, 6.99756054245646], [-76.552652337935, 6.99688148056731], [-76.5535087290446, 6.99620248792595], [-76.5539798847638, 6.99542804483983], [-76.5547389818185, 6.99474911155374], [-76.5553055259292, 6.99397470893719], [-76.5559215669267, 6.99334522217576], [-76.5559711258667, 6.99329563535684], [-76.5566349172676, 6.99261666070188], [-76.5572986843867, 6.99193380187504], [-76.5580596691184, 6.99125476606622], [-76.558723454224, 6.99057579320987], [-76.5594444038362, 6.99024387592577], [-76.5595817869698, 6.99018289379715], [-76.5604419255544, 6.98978998629048], [-76.5613022044332, 6.98949238443765], [-76.5613642774394, 6.98948587424536], [-76.5623569617044, 6.98938175433613], [-76.5628280283908, 6.98861119452267], [-76.5635909808391, 6.98811915025027], [-76.5639168178068, 6.98786925923066], [-76.5643520015436, 6.98753550822879], [-76.5646305143867, 6.98666957171512], [-76.5652942806065, 6.98599050353067], [-76.5658607078054, 6.98521609731684], [-76.5659807690972, 6.98509328320025], [-76.5665244704279, 6.98453711726596], [-76.5671901324187, 6.98385812822186], [-76.5679511926933, 6.98336979365287], [-76.5687141514369, 6.98288153912356], [-76.5691833196544, 6.98201179577961], [-76.5697498637651, 6.98114208031465], [-76.5700282758842, 6.98027614470027], [-76.5704993920333, 6.97950169981552], [-76.5710658938759, 6.97872738263457], [-76.5719241897495, 6.97833438249774], [-76.5729808850597, 6.97832301236913], [-76.5739402935097, 6.97831152083201], [-76.5748100647327, 6.97868534922152], [-76.5757713347792, 6.97876933331009], [-76.576730706357, 6.97885323556032], [-76.5775070299255, 6.97942160169752], [-76.5783749062768, 6.97979543188565], [-76.5792426917968, 6.9801692602751], [-76.5799235990948, 6.98083307505826], [-76.5806961473093, 6.98130226036292], [-76.5814705040605, 6.98177143577507], [-76.5823364324804, 6.98204995940995], [-76.5832042575704, 6.98232837962293], [-76.5835059909087, 6.98262253167636], [-76.5838851729623, 6.98299218361426], [-76.5841171962516, 6.98349904331806], [-76.5842780714758, 6.98385048308512], [-76.5845145958718, 6.9845294784245], [-76.5845775762941, 6.98470882662285], [-76.5846843950687, 6.98566630332903], [-76.584686258464, 6.98591427339676], [-76.5846958470357, 6.98662753830198], [-76.5847072810162, 6.98758507076611], [-76.5847168363129, 6.98854640646314], [-76.584730137286, 6.98959923648719], [-76.5847664150379, 6.98992439896345], [-76.5848369605573, 6.9905567131934], [-76.5849438054123, 6.99151798144128], [-76.5850525298503, 6.99247553638845], [-76.5853500570594, 6.99333379808784], [-76.5860309625588, 6.99409289963911], [-76.5863285131503, 6.99495504461112], [-76.5870094348375, 6.9956150417722], [-76.5875312331798, 6.99612739543439], [-76.5875377946335, 6.99613383907685], [-76.5876884787403, 6.99627875223406], [-76.5880832334544, 6.9971409160918], [-76.588565861825, 6.99798390910152], [-76.5885734278214, 6.99799534218268], [-76.5888709883054, 6.99885748085943], [-76.5893687792457, 7.00038723575363], [-76.5893878934365, 7.0020160293875], [-76.5897903517433, 7.00353816072874], [-76.5899944672708, 7.00449176765213], [-76.5900045585635, 7.005423320501], [-76.5900059138418, 7.00554848724402], [-76.5900172821718, 7.00650592348071], [-76.5901241531071, 7.00746727626488], [-76.5903281840984, 7.00842097312048], [-76.5908203479806, 7.00946997023394], [-76.5914058893703, 7.01032830297977], [-76.5914891441086, 7.01039948521903], [-76.5921821670733, 7.01099201793823], [-76.592956558898, 7.01155663929839], [-76.5933665292419, 7.0118568141116], [-76.5937328716747, 7.01212504410645], [-76.594884904115, 7.01210974214179], [-76.595745085867, 7.01181225450287], [-76.5966033952305, 7.01141928404369], [-76.597267132672, 7.01064107549622], [-76.5976409673567, 7.00977516596212], [-76.5979195017836, 7.00890922675045], [-76.5983886762963, 7.00813486190539], [-76.5986671171937, 7.0072689226937], [-76.5991382783089, 7.00649454705681], [-76.599512108497, 7.00562854848987], [-76.5998224573405, 7.00511837658297], [-76.5999831760827, 7.00485417375231], [-76.6005497228913, 7.00407982779301], [-76.6009221483384, 7.00321716750948], [-76.6009235503815, 7.00321392095691], [-76.6012554209009, 7.00282671335335], [-76.6015872923197, 7.00243950485055], [-76.6019126931163, 7.00210664327823], [-76.6022510918144, 7.00176048522945], [-76.6028175423956, 7.00098613927018], [-76.6034363389159, 7.00063130815964], [-76.6036758337727, 7.00049397628725]]], [[[-76.5538028379306, 7.23746422835513], [-76.5535850877815, 7.23775284688011], [-76.5535235192949, 7.23783446305374], [-76.5530965175902, 7.23806533071413], [-76.5531179205556, 7.23772785382109], [-76.5531599818477, 7.23739519909291], [-76.5533269760591, 7.23714586385425], [-76.5534938731437, 7.23697970241504], [-76.5535773697997, 7.2368550356951], [-76.5536609635826, 7.23664719157835], [-76.5537029736133, 7.23635612599818], [-76.553744986342, 7.23606505772], [-76.5537869028432, 7.23585716683854], [-76.5538705892562, 7.23556614802308], [-76.5537458020271, 7.23535806378742], [-76.5536211083274, 7.23506680665163], [-76.5534545475892, 7.2349418503499], [-76.553246453461, 7.23469208253738], [-76.5531217624593, 7.23440082270362], [-76.5530386498138, 7.23419278793064], [-76.5529141980318, 7.23369359045067], [-76.552872857996, 7.23340242684441], [-76.5529148221613, 7.23315294861357], [-76.552998558037, 7.23282033975075], [-76.5531238740675, 7.23257095684807], [-76.5531241141865, 7.23236301650391], [-76.553082772352, 7.23207185469621], [-76.55299985396, 7.2316974678278], [-76.5527920026487, 7.23123976146973], [-76.5526255390374, 7.23103163046928], [-76.5525008480357, 7.23074036973618], [-76.5522930434891, 7.23024107512944], [-76.5522516557892, 7.22999150067116], [-76.5520853864314, 7.22961701667595], [-76.5520023709126, 7.22932580720419], [-76.5520030445049, 7.22874357531972], [-76.5520034770788, 7.22836928467874], [-76.5519622341697, 7.2279949463737], [-76.5519627135084, 7.22757906568535], [-76.552046594175, 7.2271216965731], [-76.5521722447533, 7.22658119682886], [-76.5522978944322, 7.22604069888324], [-76.5525067529842, 7.2256250583139], [-76.552673742699, 7.22537572397461], [-76.5529658056274, 7.22508494527809], [-76.5532997832584, 7.2245862730022], [-76.5535503145953, 7.22417067919764], [-76.5536756746926, 7.22387970984489], [-76.5538010347899, 7.22358873689485], [-76.5537603413666, 7.22273613912573], [-76.5536356989283, 7.22240329194256], [-76.5534276110953, 7.22215352502936], [-76.5531362208599, 7.22186207543868], [-76.5530115316568, 7.22157081560492], [-76.5529285656008, 7.22123801698511], [-76.5528455509814, 7.22094680571479], [-76.5527209580058, 7.22057237118225], [-76.5525132056199, 7.22003148742745], [-76.5523470342882, 7.21957382873351], [-76.5523056951517, 7.21928266692582], [-76.5522646428989, 7.21874197562597], [-76.5522233523258, 7.21840922377095], [-76.5521404357325, 7.21803483690254], [-76.5521407711796, 7.21774372185958], [-76.5523496719997, 7.2172864948402], [-76.5527251758261, 7.21691263407519], [-76.5530590032703, 7.2165387274447], [-76.5531428299776, 7.21612294298383], [-76.5531434055437, 7.2156238884961], [-76.5530604871517, 7.21524950072831], [-76.5528110152162, 7.21475015935683], [-76.5526446046647, 7.21450044010768], [-76.5520616443294, 7.21408389032375], [-76.5518534638662, 7.21391729900864], [-76.5508896784159, 7.21359546941988], [-76.5508536650646, 7.21358344368547], [-76.5505789428639, 7.21365164647078], [-76.5501866846677, 7.21374902596124], [-76.5497699424288, 7.21374854482392], [-76.5495979722685, 7.21378266150508], [-76.5494224974503, 7.21381747336221], [-76.5493531021639, 7.21383124018403], [-76.5490194204099, 7.21408038116912], [-76.5486857359579, 7.21432952215421], [-76.5485604226254, 7.21457890505685], [-76.5480188014265, 7.21445351348332], [-76.5477272259307, 7.21432841239076], [-76.5474356989983, 7.21416172304958], [-76.5472275706958, 7.21395354078776], [-76.5469361417895, 7.21370367494909], [-76.5466864333322, 7.2134122703245], [-76.5464368246996, 7.21303768830315], [-76.5464370891003, 7.21281033699196], [-76.5464373094342, 7.21262180941349], [-76.5462293762847, 7.21224727685487], [-76.5460213442096, 7.21195591899498], [-76.5455218382622, 7.21145628174658], [-76.54531400134, 7.21099857269055], [-76.5444809854091, 7.2106025175567], [-76.5441635840821, 7.21044368199495], [-76.5439811907793, 7.21035240800181], [-76.5437312907664, 7.21022735187539], [-76.5436067571461, 7.20981132729554], [-76.5434821740631, 7.20943689006505], [-76.5431909924703, 7.20897908298289], [-76.543066506514, 7.20852146925504], [-76.5428587244505, 7.20802217284969], [-76.5426509405884, 7.2075228746456], [-76.5425680329883, 7.20714848597854], [-76.5426517697633, 7.20681588161231], [-76.5427772296854, 7.20644173576221], [-76.5427778628081, 7.20590109392506], [-76.5428200257236, 7.20548526359877], [-76.542862087915, 7.20515260976985], [-76.5428622830678, 7.20498625857372], [-76.5431133701858, 7.20409241249962], [-76.5432392177157, 7.20338556515649], [-76.5432399479652, 7.20276174772131], [-76.5432405801886, 7.2022211040855], [-76.5432412142106, 7.20168046224839], [-76.5431582580471, 7.20134766183003], [-76.543158696017, 7.20097337028967], [-76.5431175583286, 7.2005158554872], [-76.5432430641161, 7.20010012318707], [-76.5432852719977, 7.19964270551138], [-76.5432857585309, 7.19922682572234], [-76.5434946098883, 7.19881119054898], [-76.5434537644796, 7.19810414715365], [-76.5431211106507, 7.19747994031201], [-76.5429612795394, 7.19687897015338], [-76.5429551506596, 7.19685592682462], [-76.5428721477314, 7.19656471465491], [-76.5427060402515, 7.19606546591358], [-76.5428929283659, 7.19561931494451], [-76.542914986937, 7.19556665514205], [-76.5429153772428, 7.19523395185048], [-76.5430407823062, 7.19490139424901], [-76.5432081542329, 7.19431935751741], [-76.5432503603158, 7.19386193894247], [-76.5433343381092, 7.19332139423204], [-76.5432097595228, 7.19294695790093], [-76.5429950562768, 7.19249324723073], [-76.542835631659, 7.1921563504004], [-76.5424607267811, 7.1920311485838], [-76.5422943315181, 7.191781427536], [-76.5421696549056, 7.1914901659036], [-76.5419200120988, 7.19115717033232], [-76.5418786324929, 7.19090759497475], [-76.5417958238182, 7.1904500307096], [-76.5417964092769, 7.18995097622179], [-76.541838568595, 7.1895351449962], [-76.5420056455441, 7.18920263685747], [-76.5421309049173, 7.18899484310282], [-76.5422562605179, 7.18870387375005], [-76.5423398983676, 7.18845444498192], [-76.5427664944781, 7.18797034891779], [-76.5434671014256, 7.18782922730232], [-76.5436986750537, 7.18778148319418], [-76.5442481635219, 7.18759965556499], [-76.5446202220456, 7.18741481430753], [-76.5449922823679, 7.1872299631576], [-76.5454574027369, 7.18695258795691], [-76.5468523105856, 7.18649100642018], [-76.547596209997, 7.18630659324006], [-76.5490839854375, 7.18593775339], [-76.5500140076403, 7.18556826782668], [-76.550386063466, 7.18538341038146], [-76.5508510723191, 7.18519867074746], [-76.5509674364979, 7.18511190595506], [-76.5512232351641, 7.18492117233962], [-76.5516882449165, 7.18473643270563], [-76.5521534669089, 7.1843664075491], [-76.5526186871027, 7.18399638419122], [-76.5534556186818, 7.1837194244773], [-76.5539206248369, 7.18353467225279], [-76.5542892650375, 7.18346163291347], [-76.5543855257713, 7.18344256099084], [-76.5551291014269, 7.18353605001413], [-76.5560658253775, 7.18329832412383], [-76.5564154835877, 7.18320958621888], [-76.5563805844964, 7.1830898315959], [-76.5563185915298, 7.18283206701177], [-76.5562555742353, 7.18251769819866], [-76.5562037004404, 7.182358321245], [-76.5561359626046, 7.18221465814546], [-76.5560152591968, 7.18191731439803], [-76.5559702463298, 7.18169455952181], [-76.5559630481561, 7.18161442093428], [-76.5560036507479, 7.18107198405035], [-76.5560570920611, 7.18095774317085], [-76.5561263776302, 7.18069452150048], [-76.5561729139488, 7.18053408154814], [-76.5562353952473, 7.18036353051807], [-76.5563226708545, 7.18020304470028], [-76.5563965078925, 7.17999751633789], [-76.5564951716148, 7.17977492603756], [-76.556587155173, 7.17953424407569], [-76.5567763239682, 7.17933445158925], [-76.5568171801687, 7.17923160062346], [-76.5569032965499, 7.17913567353808], [-76.5569276160167, 7.17910665331502], [-76.5570235053304, 7.17899222357784], [-76.5570688410542, 7.17893241866178], [-76.5571005754311, 7.17888950571173], [-76.5571424550602, 7.17884316814328], [-76.5571673842674, 7.17881498518902], [-76.5572648419988, 7.1786952899213], [-76.557712607251, 7.17806738506738], [-76.5580060497394, 7.17772412373496], [-76.5583106465191, 7.17760466229095], [-76.5584531521912, 7.17759921779526], [-76.5587226412368, 7.17754291933591], [-76.5587860137635, 7.17754299218099], [-76.5589636721357, 7.17751389731417], [-76.559084837795, 7.17748573234628], [-76.5591074944153, 7.17746315306769], [-76.5598124855577, 7.17745264538889], [-76.560139747951, 7.17730382377809], [-76.5603582607251, 7.17717296252787], [-76.5604613500113, 7.17711656604232], [-76.5605630426503, 7.17707541306552], [-76.5606730216426, 7.17703090651676], [-76.5608223999338, 7.1770310737907], [-76.5609141029035, 7.1770368744179], [-76.5609774628396, 7.17704815731226], [-76.5612343820611, 7.17725189602381], [-76.5613957123422, 7.17737983267877], [-76.5615325253058, 7.17752348138922], [-76.5615618926672, 7.17757442078852], [-76.5617393361014, 7.17773511434968], [-76.5618535311155, 7.17786635061722], [-76.5619563829807, 7.17794106179617], [-76.5620140987716, 7.17798064006012], [-76.5620887487967, 7.17801580625005], [-76.5621746322535, 7.17812440658173], [-76.5622141835377, 7.17813575332798], [-76.5622605552804, 7.1781990979756], [-76.5624665234113, 7.17819254821313], [-76.5629826182532, 7.17814231118433], [-76.5631082976098, 7.17812545249323], [-76.5634241314185, 7.17799469916167], [-76.5635452260313, 7.17794853965898], [-76.5638091194952, 7.17779512161321], [-76.5640615897705, 7.17765742551541], [-76.5641203406811, 7.17762391587661], [-76.5644511284168, 7.17743524800393], [-76.5645429087282, 7.1773720580397], [-76.5646528409558, 7.17726928261693], [-76.5647037704626, 7.17722412945565], [-76.5647218900032, 7.17721293919142], [-76.564819270393, 7.17716096557175], [-76.5651749036988, 7.17689914684379], [-76.5652836461233, 7.17680776403276], [-76.5653527023652, 7.17674454798815], [-76.5654851761, 7.17672209101737], [-76.5655881250918, 7.17671090255178], [-76.5657941885509, 7.17669983009874], [-76.5659152184126, 7.17671126857584], [-76.5660814499989, 7.17678044352833], [-76.5662409897299, 7.17684273776778], [-76.5663563727484, 7.17688355529752], [-76.5664705623665, 7.17694019459995], [-76.5665396195078, 7.17695727002766], [-76.5665679355617, 7.17697538597097], [-76.5668609706572, 7.17699261967928], [-76.5670726153089, 7.17692956191539], [-76.5672164843533, 7.17683812694364], [-76.5673603515989, 7.17674678280342], [-76.5674407042251, 7.17670166201774], [-76.5675143649959, 7.17664975314926], [-76.567566361998, 7.17662150904106], [-76.5678471015624, 7.17654161866641], [-76.5678935578414, 7.17653036724834], [-76.5679964987394, 7.17652487688721], [-76.568030552468, 7.17651352204705], [-76.5680995574486, 7.17649668943636], [-76.5681289796686, 7.17649672181192], [-76.5681516192018, 7.17649105068708], [-76.5682603157609, 7.17643927132098], [-76.5684097012467, 7.17643373959105], [-76.5689428553285, 7.17626370926842], [-76.5691150260376, 7.17612031506617], [-76.5691615713494, 7.17602886210795], [-76.5692068504158, 7.17601751895898], [-76.5693450438387, 7.17589795769028], [-76.569425570034, 7.17577815000733], [-76.5694652031565, 7.17571489978851], [-76.5694946568529, 7.17568672223014], [-76.569724674654, 7.17546436395496], [-76.5699249257946, 7.17547019156181], [-76.5700221802794, 7.17553250738499], [-76.5700504774475, 7.17556753058274], [-76.5701420005528, 7.17565353005208], [-76.5703264802828, 7.17567633865777], [-76.5705267197323, 7.1756934671455], [-76.5705647439677, 7.17568456925314], [-76.5706705231261, 7.17565981001793], [-76.5707791882089, 7.17563615065354], [-76.5709133247901, 7.17552101225062], [-76.570990962363, 7.17545436888971], [-76.5711201814512, 7.17535706314365], [-76.5711812400222, 7.17531108350541], [-76.5712617239494, 7.17514615683538], [-76.5713535168513, 7.17507166149368], [-76.5715709648281, 7.17491701407464], [-76.5718472257688, 7.17479190668688], [-76.571920854164, 7.17476938226689], [-76.5721222852153, 7.17468940196004], [-76.5721733244393, 7.17462724981345], [-76.572328557317, 7.17448953123259], [-76.5723636065951, 7.174478267224], [-76.5728857259954, 7.17413072691728], [-76.5732696070067, 7.1738621497841], [-76.5733331504045, 7.17370733149392], [-76.5734249720848, 7.17360462621828], [-76.5735234928149, 7.17350192723795], [-76.5736957489596, 7.17327941248064], [-76.5739018591834, 7.17314283513949], [-76.5740286788804, 7.17307407477454], [-76.5742063651316, 7.17301775653003], [-76.5748945020796, 7.17293261141668], [-76.5754276534634, 7.1728416000256], [-76.5755996398115, 7.17286439244355], [-76.5759606294794, 7.17291117247838], [-76.5761495698467, 7.17291137842316], [-76.5764540407214, 7.17290040849286], [-76.5766486288311, 7.17295143602575], [-76.5771305899048, 7.17298026199529], [-76.5773477617897, 7.17307769904237], [-76.5774146767459, 7.17309635727684], [-76.5777833592146, 7.17319915518264], [-76.5779100790868, 7.17322189723852], [-76.5782540131122, 7.17330247289656], [-76.5783568811651, 7.17336470328419], [-76.5785119305811, 7.17339434853612], [-76.5786262407084, 7.17342268347583], [-76.5787178600412, 7.1734227833006], [-76.5788264981443, 7.17342290111176], [-76.5788672743053, 7.17338903803947], [-76.5789476790921, 7.1733778234935], [-76.5791481982307, 7.17313734387906], [-76.5792230173283, 7.17301752900152], [-76.5792525645542, 7.17290345089934], [-76.5792923289778, 7.17280059723554], [-76.5793150863221, 7.17268651283808], [-76.5793332355403, 7.17264584279718], [-76.579333396519, 7.17249773614742], [-76.5793207790307, 7.17245874783873], [-76.5792927939273, 7.17237228072194], [-76.5792928883561, 7.17228638197673], [-76.5792364262201, 7.17209191887275], [-76.57916753995, 7.17200025007726], [-76.5791213318839, 7.17186800566973], [-76.57908737798, 7.17178885183988], [-76.5790298645366, 7.17164529396095], [-76.5789678257046, 7.17150272623568], [-76.5788931388072, 7.17141674655144], [-76.5788819647308, 7.17137043955999], [-76.578893350148, 7.17122234460133], [-76.578921786711, 7.17113087095878], [-76.5789275711505, 7.17105628118827], [-76.5790319680509, 7.17079417737523], [-76.5789968423304, 7.17079414050301], [-76.579123666524, 7.17071968203356], [-76.5792096713892, 7.17071977466373], [-76.5792436207964, 7.17071981243528], [-76.5793703649504, 7.17071994913221], [-76.5795423755801, 7.17072013439253], [-76.579651012784, 7.17072025310307], [-76.5798232068755, 7.17074241779421], [-76.5800583481142, 7.17077268537696], [-76.5802529847874, 7.17077859302349], [-76.5804080351027, 7.17080697113067], [-76.580728120906, 7.17092142694816], [-76.5809350737946, 7.17100754872525], [-76.5810900980296, 7.17105979753745], [-76.5812326055003, 7.1711333728727], [-76.581484859039, 7.1712715348193], [-76.5815707838645, 7.17134513803352], [-76.5816974236971, 7.17144238622299], [-76.5818342213722, 7.17152282518405], [-76.5819257894436, 7.17156921851044], [-76.582155545542, 7.17158086023434], [-76.5823330339424, 7.17170646314857], [-76.5823851433597, 7.17174042604566], [-76.5825682183486, 7.17188981602803], [-76.5827854828637, 7.17190135163187], [-76.5828262158572, 7.17190709380313], [-76.5828545642866, 7.17189572996979], [-76.5829066629121, 7.17185627311434], [-76.5829871792149, 7.17174107535616], [-76.5829928107696, 7.17172408176677], [-76.5830325985755, 7.17159871357561], [-76.583084853683, 7.17132977041841], [-76.5831159621319, 7.17124903108378], [-76.5831484042754, 7.17116482396327], [-76.5831655615414, 7.17103825517716], [-76.5832290923487, 7.17089030680808], [-76.58332688193, 7.17045639741066], [-76.583429853405, 7.17042142637361], [-76.583493274495, 7.17037628400415], [-76.5835216615953, 7.17033002018016], [-76.5836427930804, 7.170245336419], [-76.583734557204, 7.17019344373832], [-76.5837979657035, 7.17015960494771], [-76.5838953487913, 7.17010202135705], [-76.5839643825502, 7.1700568861822], [-76.584026705568, 7.17002196101057], [-76.5840957519174, 7.16996552315626], [-76.5842848064986, 7.1699431210441], [-76.584317575096, 7.16994659242718], [-76.584445481174, 7.16996029269924], [-76.584600561167, 7.16996045817447], [-76.5846921787011, 7.16996055709992], [-76.5847725655015, 7.16996624890915], [-76.5850022253723, 7.1699834943087], [-76.5852715255604, 7.17001199292498], [-76.5853630882359, 7.17006408345653], [-76.5855181259607, 7.17010376244454], [-76.5857760533221, 7.17018433000869], [-76.5859072635093, 7.17024215911422], [-76.5861086415006, 7.17029319024437], [-76.5863520358178, 7.17038861640737], [-76.5864004831957, 7.17040761098834], [-76.5866244692438, 7.17048253620597], [-76.5868699167132, 7.17055169856787], [-76.5870939926936, 7.1706265338533], [-76.5872771630106, 7.1706888478779], [-76.5876097970544, 7.17083839434229], [-76.5877590962053, 7.17091206500568], [-76.587981916732, 7.17097559581294], [-76.5881198808278, 7.17106733835282], [-76.588274863694, 7.17115900804764], [-76.5883608685592, 7.17115909887915], [-76.5885385539111, 7.1711016007241], [-76.5905030554716, 7.17212908875224], [-76.5909540420953, 7.1723649674351], [-76.5936935209392, 7.17379778890257], [-76.5943655914988, 7.17414929971614], [-76.5944220662253, 7.17425225680193], [-76.5944627209777, 7.17433250240879], [-76.5944795418973, 7.17443532639494], [-76.5945651924296, 7.17477232125132], [-76.5946452788565, 7.1750639183309], [-76.5947016447651, 7.17526977224789], [-76.5947179521717, 7.17537264749537], [-76.5947252969349, 7.17541898956042], [-76.594730754021, 7.17556701167395], [-76.5947306335119, 7.17568121118464], [-76.5947236385851, 7.17587560683945], [-76.5947065514661, 7.17602478188389], [-76.5947005961556, 7.17626438735728], [-76.5946946147646, 7.17652768277201], [-76.5947113826241, 7.17676731252712], [-76.5947166940202, 7.17705322499195], [-76.5947336903075, 7.17707584833735], [-76.5947562390092, 7.17715616319205], [-76.5948025199203, 7.17722511241467], [-76.5948138972435, 7.17725342577065], [-76.5948365232869, 7.17725914635817], [-76.5948601179, 7.17737888749129], [-76.5948940070528, 7.17743660957754], [-76.5949392312605, 7.17747626068651], [-76.5950251884616, 7.17752264681833], [-76.5952039323156, 7.17757934727467], [-76.5953295990817, 7.17757378137055], [-76.5954212606826, 7.17753436498458], [-76.5955877557703, 7.17744294530133], [-76.5957315807478, 7.17730077507634], [-76.5958686662059, 7.17719802033801], [-76.5959671293794, 7.17714613305324], [-76.5961732423012, 7.17700393854657], [-76.5964313279434, 7.17694091495693], [-76.5965058979288, 7.1770551027764], [-76.5965058430702, 7.17710718521405], [-76.5965057837149, 7.17716360598128], [-76.5964649535947, 7.17724946245837], [-76.5964479519114, 7.17731843506336], [-76.5964012267352, 7.1775862990341], [-76.5964304987685, 7.17772982633603], [-76.5965333884051, 7.17786104191919], [-76.5966193285192, 7.17792442523768], [-76.5967108947919, 7.17797542758955], [-76.5967742502314, 7.1779924031925], [-76.5968884533394, 7.17803890803481], [-76.596974431225, 7.17806720880025], [-76.5971181923506, 7.17807296446136], [-76.5971690714954, 7.17807301931997], [-76.5973184389947, 7.17808456841373], [-76.5974508587701, 7.17811400232494], [-76.5974961252459, 7.17811404908968], [-76.5976285630077, 7.17812558109631], [-76.5981501500093, 7.17818941947175], [-76.5982700413293, 7.17825166334921], [-76.5983616435749, 7.17835456647565], [-76.5983966146121, 7.17841789583484], [-76.5985219747093, 7.17861812629108], [-76.5985851376939, 7.17881829019754], [-76.5986303097409, 7.17890984208114], [-76.5986301901311, 7.17902395165961], [-76.5986499779141, 7.17910137159659], [-76.5986989855697, 7.17929311155343], [-76.5987384064522, 7.17942986785965], [-76.5988186079923, 7.17961305166659], [-76.598887367458, 7.17983013092134], [-76.5989787619603, 7.18013313230375], [-76.5990476644182, 7.18029930453485], [-76.5991095998281, 7.18055037366637], [-76.5991670719028, 7.18073914046451], [-76.5992586345783, 7.18088164613661], [-76.5993095451993, 7.18093938710855], [-76.5994937713205, 7.18112258890188], [-76.5996192456316, 7.18121431435465], [-76.5997221721405, 7.18131162279867], [-76.5997854628288, 7.18139080630618], [-76.5998939597384, 7.1815288090728], [-76.6000024998155, 7.18162612291273], [-76.6000205761886, 7.18165444256394], [-76.6000658075909, 7.18168948284886], [-76.6001178054923, 7.18174604930624], [-76.6001980735822, 7.18178004008229], [-76.6002716165418, 7.18183771450439], [-76.6003292639843, 7.18186037921862], [-76.6004039895524, 7.18191253809867], [-76.6004899017875, 7.18200413135108], [-76.6005475078612, 7.18206640130884], [-76.6006266652884, 7.18212408022763], [-76.6007533347985, 7.18219880759435], [-76.6007759212717, 7.18224404169466], [-76.6008850369149, 7.18232103265499], [-76.6009138853675, 7.18234138611157], [-76.6009885210034, 7.18239345505938], [-76.6011774379883, 7.18250776069007], [-76.6012576934877, 7.1825530541456], [-76.6016411626096, 7.18267334836182], [-76.60191048618, 7.18277643494998], [-76.6020598311962, 7.18281158135483], [-76.6021684477157, 7.18283430002841], [-76.6023290846195, 7.18280625556971], [-76.6025870641416, 7.18277679917539], [-76.6026335878697, 7.1827714868801], [-76.6027942859275, 7.18277165415397], [-76.6029311744341, 7.18277179444825], [-76.6029942834594, 7.18278230122769], [-76.6028502291547, 7.18333462975484], [-76.6027375108274, 7.1835446358417], [-76.6026041089924, 7.18379317697898], [-76.6023178206109, 7.18423458402427], [-76.6013498766954, 7.1854729981457], [-76.6009718547672, 7.18594887710438], [-76.6007255835189, 7.1862756700515], [-76.6004448925177, 7.18659677298803], [-76.6001240656731, 7.1869293773542], [-76.5997115232681, 7.18731363698008], [-76.5993333808308, 7.18768640237087], [-76.5990353922695, 7.18792732714972], [-76.5987889798275, 7.18812809360191], [-76.5985712836378, 7.18836319976714], [-76.5983593233241, 7.18859829963708], [-76.5981760612761, 7.18885055047781], [-76.5981197340384, 7.18893312173145], [-76.5980157211486, 7.18908559279115], [-76.5978668473771, 7.1893148929332], [-76.5976607551397, 7.18967028162344], [-76.5976572549783, 7.18968324445139], [-76.5975122374997, 7.19022037173802], [-76.5974267398521, 7.19070737980694], [-76.5972780810186, 7.19113144612455], [-76.5971902918984, 7.19139240599994], [-76.5971122909994, 7.19162427010914], [-76.5972622268702, 7.19235161030372], [-76.597612554176, 7.19275221061121], [-76.5979686155591, 7.19315280282474], [-76.5983418360069, 7.19350755029832], [-76.5987035397365, 7.19382221139103], [-76.5990307670562, 7.19407962344099], [-76.5996277810972, 7.19452004752728], [-76.6000008504588, 7.19473731204241], [-76.6005001387704, 7.19498307787184], [-76.6009707360106, 7.19521741781461], [-76.6014585678586, 7.19547465269813], [-76.601791449216, 7.19565759009077], [-76.6018508953026, 7.19568719037658], [-76.6019750979724, 7.19574904035095], [-76.6022046643138, 7.19586908005903], [-76.6028359254375, 7.19615479377375], [-76.6032262168164, 7.19638349406805], [-76.6036970424845, 7.19681832437121], [-76.6040244865408, 7.19726477301586], [-76.6043468269445, 7.19827260905866], [-76.6043666830759, 7.19834798303797], [-76.6044735558099, 7.19875365192447], [-76.6046175957254, 7.19932633031084], [-76.6047615654938, 7.19983599589941], [-76.6049743792641, 7.20035704060987], [-76.6051698882797, 7.20079217938047], [-76.6053252326733, 7.20121590665366], [-76.605497812574, 7.20166252796811], [-76.6056474040045, 7.20206907549229], [-76.6057310265656, 7.20234419249535], [-76.6057970916624, 7.20256154964063], [-76.6059638916203, 7.20296807737968], [-76.6060181684037, 7.20310923766599], [-76.6061422262827, 7.20343187754393], [-76.6063090262405, 7.20383840618231], [-76.6065332766893, 7.20432506711291], [-76.6067919621793, 7.20482887631634], [-76.6070677896467, 7.20527537981966], [-76.6072411969237, 7.20560407663154], [-76.6074241819804, 7.20595092895691], [-76.6077460151664, 7.20650049116943], [-76.6080794127347, 7.20713024053285], [-76.608302109155, 7.20760282437552], [-76.6084301474333, 7.20787453654528], [-76.608436940912, 7.20880825765957], [-76.6078814899388, 7.20931588448509], [-76.6076461913186, 7.20953092677549], [-76.6072565312639, 7.2098750685442], [-76.6067923866593, 7.2102937632112], [-76.6063453921261, 7.21066088175886], [-76.6058526176042, 7.21112543465565], [-76.6053426408502, 7.2115957351196], [-76.604964560466, 7.21203724378829], [-76.6043860508755, 7.21277685343355], [-76.6042956321377, 7.21288522803533], [-76.6034867000511, 7.21385479702574], [-76.603045575393, 7.21434793037716], [-76.6027122488712, 7.21477763094734], [-76.6026675408743, 7.21483526579933], [-76.6024271332056, 7.21528807624815], [-76.6023474280913, 7.21582663255745], [-76.6023651546282, 7.2162906125861], [-76.6024689103119, 7.21674303902441], [-76.6024708627401, 7.21676374951182], [-76.6025153477051, 7.217235628286], [-76.6027618734616, 7.21834162712875], [-76.6034279860127, 7.2201559401088], [-76.6041195799546, 7.22203965736851], [-76.6048208470044, 7.22394972206615], [-76.6054042650947, 7.22553879624252], [-76.6043306193626, 7.23191027170559], [-76.6043291138974, 7.23191920287279], [-76.603704254148, 7.23203456340825], [-76.6032167694383, 7.23196650001782], [-76.6023737566435, 7.23188745950254], [-76.6015192972777, 7.23182561222613], [-76.6005615579695, 7.23171236509751], [-76.6002066872887, 7.23164706082712], [-76.5992022533812, 7.23146222136835], [-76.5978085074566, 7.23118348819133], [-76.596340212231, 7.23089912166103], [-76.5949406171157, 7.23052877005064], [-76.5949008032295, 7.23051814905729], [-76.5933173120443, 7.23009571950579], [-76.5919405210382, 7.22962225612615], [-76.5909765746092, 7.22914252177395], [-76.5901043959011, 7.22867984486297], [-76.5892608534056, 7.22818849846445], [-76.5886285724506, 7.22789109805973], [-76.5884231735906, 7.22779448569099], [-76.5881165596315, 7.22766100201768], [-76.5876888033955, 7.22747477760294], [-76.5870577356259, 7.22722364911614], [-76.5864038223785, 7.22698794759977], [-76.5862758794282, 7.22694182946591], [-76.5862029677927, 7.22691554857776], [-76.5851965733631, 7.22682909135356], [-76.5851161856634, 7.22682218456023], [-76.5848897399695, 7.22680273222434], [-76.5838366608332, 7.22683983465472], [-76.5838155537448, 7.22684057659537], [-76.5837085928772, 7.22684434655341], [-76.5824642387336, 7.22678296782376], [-76.5818735280408, 7.22668543364992], [-76.5817350549288, 7.22666257018553], [-76.5814319024603, 7.22661251571911], [-76.5806919088045, 7.22637297229889], [-76.5800894880394, 7.22609889221416], [-76.5797667528333, 7.22594936193759], [-76.5796970562741, 7.22591706998088], [-76.5794239501552, 7.22579053536902], [-76.5786895673696, 7.22545363494143], [-76.5781710155799, 7.22526849061248], [-76.5780939490764, 7.22524097585446], [-76.5775709312534, 7.22505423882616], [-76.5764718284121, 7.22468060738825], [-76.5764465862409, 7.22467202695661], [-76.5763727411091, 7.22465000615698], [-76.5754140817944, 7.22436413416159], [-76.5749865000269, 7.22426518175688], [-76.574651240862, 7.22418759634463], [-76.5737852485903, 7.22405699949508], [-76.5730189021006, 7.22392171717764], [-76.5729396655331, 7.2239077300219], [-76.5725292329377, 7.22383527704058], [-76.5718182487132, 7.2238533579103], [-76.5713946455464, 7.22391501093312], [-76.5712797805374, 7.22393172932998], [-76.5707863315239, 7.22400354649062], [-76.5704220224583, 7.22406967364065], [-76.5704217328766, 7.22406976267354], [-76.5700239177695, 7.22414197553587], [-76.5692329460436, 7.22438342282083], [-76.5692329145673, 7.22438343361272], [-76.5683503289045, 7.22471671336976], [-76.5677159597237, 7.22498156281298], [-76.5675250588343, 7.22506127961849], [-76.5669405507658, 7.22534259654772], [-76.5666237384947, 7.22550817252824], [-76.5662816184019, 7.22568703689131], [-76.5654335819942, 7.22619197114663], [-76.5650756509205, 7.22646502240694], [-76.5650727110367, 7.22646726531609], [-76.5649966158011, 7.22653638540991], [-76.564763417098, 7.22674823690566], [-76.564404530045, 7.22712695760706], [-76.5643396763349, 7.22719540230999], [-76.5639676196099, 7.22772267842288], [-76.5637727805893, 7.22806244768781], [-76.563481326502, 7.22857078947433], [-76.5632411598516, 7.22909214445089], [-76.5630581433186, 7.22948345925823], [-76.5629437495543, 7.22972810902901], [-76.5627655030255, 7.23012733247439], [-76.5626521659647, 7.2303812164839], [-76.5626030440952, 7.2304960329295], [-76.562446310249, 7.23086250576395], [-76.56218340514, 7.23154997181767], [-76.5621032035999, 7.23174823995321], [-76.5620119152177, 7.23197392032407], [-76.5618632491896, 7.23231194670288], [-76.5614970110782, 7.23290219604337], [-76.5613446191588, 7.23303715640349], [-76.5611991700057, 7.23316596989748], [-76.5607027298471, 7.23344770681005], [-76.5607015310508, 7.23344839119412], [-76.5606974571219, 7.23345070065317], [-76.5606927662581, 7.23345336804237], [-76.5606834708654, 7.2334586443648], [-76.5606816371478, 7.23345936202378], [-76.5606756683474, 7.2334616957645], [-76.5606284818189, 7.23348015345014], [-76.5606270644874, 7.2334807065332], [-76.5605770990538, 7.23350024970061], [-76.56057315103, 7.23350179563519], [-76.5605437306086, 7.23351330336008], [-76.560540807812, 7.23351444459977], [-76.5605006225057, 7.23353016295049], [-76.5604971538206, 7.23353152092681], [-76.5604924575608, 7.23353335644309], [-76.5604830920211, 7.23353701938179], [-76.560448489706, 7.23355055417856], [-76.5604413958537, 7.23355233483623], [-76.5603945780473, 7.23356408537805], [-76.5603914448093, 7.23356487138556], [-76.560344247489, 7.23357671635623], [-76.5603417383805, 7.23357734588166], [-76.5603386725916, 7.23357811570132], [-76.5603259318962, 7.23358131369052], [-76.5602739438874, 7.23359436105476], [-76.5602721965046, 7.23359479992392], [-76.5602707414015, 7.23359516414932], [-76.5602622985662, 7.23359728385142], [-76.5602057680817, 7.2336114724553], [-76.560202923526, 7.23361218561772], [-76.5602008182132, 7.2336127144191], [-76.5601887699957, 7.23361573793981], [-76.5601376102625, 7.23362857756063], [-76.5601333582678, 7.23362964505592], [-76.5600759707294, 7.23364404679913], [-76.560070800527, 7.23364534542018], [-76.5600586974509, 7.23364838333007], [-76.5600132556072, 7.23365644934948], [-76.560010269858, 7.23365697905016], [-76.5599483452399, 7.23366797146352], [-76.559943849529, 7.23366876826285], [-76.5598937375059, 7.2336776652559], [-76.5598927284666, 7.233677844221], [-76.5598407908198, 7.23368706317126], [-76.5598365685028, 7.23368781320583], [-76.5597915214615, 7.23369580907818], [-76.5597768867938, 7.23369840632021], [-76.5597755153277, 7.23369865003649], [-76.5597528739959, 7.23370266910676], [-76.5595714096928, 7.23373488012445], [-76.5584935803145, 7.23387364371749], [-76.5582352266744, 7.23390402641351], [-76.5582279205821, 7.23390488436675], [-76.5579479346494, 7.23393781214416], [-76.5579030611773, 7.2339430884666], [-76.5573978319443, 7.23413846887907], [-76.5571751849868, 7.23422456997175], [-76.557168290784, 7.23422707368431], [-76.5568652615225, 7.23433715789733], [-76.5564109824808, 7.23450218619078], [-76.5564093888822, 7.23450276535415], [-76.5561301772658, 7.23478036088876], [-76.5559379300914, 7.23492369303778], [-76.5557579748506, 7.23505786019585], [-76.5553884200395, 7.23524144599974], [-76.5553858794547, 7.23524270774855], [-76.5551065581211, 7.2356129424471], [-76.5548272205997, 7.23598317174971], [-76.5544549381448, 7.23635327334864], [-76.5544549030713, 7.23635330842217], [-76.5543615111748, 7.23672375805876], [-76.5542827692344, 7.23684116275319], [-76.554175261579, 7.237001458814], [-76.554000608741, 7.23705924475203], [-76.5539000861201, 7.23709251786913], [-76.5538962361223, 7.23709378951053], [-76.5538028379306, 7.23746422835513]]]]}, "properties": {"FID": 620, "TIPO_ACTO_": "RESOLUCION", "NUMERO_ACT": "0007", "FECHA_ACTO": 1058832000000, "AREA_ACTO_": 19744.586, "NUMERO_PLA": "630-444", "PUEBLO": "Embera", "DEPARTAMEN": "27", "MUNICIPIO": "27150", "ID": "10357", "NOMBRE": "Urada Jiguamiando", "CODIGO_DAN": "1699", "GlobalID": "c15a88a9-b880-468e-bb65-331fbcc91ab8", "Shape__Area": 201951416.99169922, "Shape__Length": 103628.29315041806, "FECHA_ACTO_ISO": "2003-07-22"}}, {"type": "Feature", "id": 619, "geometry": {"type": "Polygon", "coordinates": [[[-76.6525081395389, 7.85999854773865], [-76.6523675098526, 7.85977249684715], [-76.6522205831134, 7.85981793239555], [-76.6520600847051, 7.859866339304], [-76.6519063060312, 7.8599023301723], [-76.6517269848125, 7.8599390207131], [-76.6514813871563, 7.85999608089832], [-76.6512366150777, 7.86005494152625], [-76.6509865603814, 7.86009423200708], [-76.6507462696246, 7.86013066354319], [-76.6504791035277, 7.8601423277501], [-76.6503237231613, 7.86002151372576], [-76.6502374107279, 7.85989223618162], [-76.6501417048758, 7.85973826505277], [-76.6500500981335, 7.85951426191754], [-76.6499777656613, 7.85927225345565], [-76.6499179643425, 7.859122940815], [-76.6498587466838, 7.85898049000153], [-76.6497670023452, 7.85876353215522], [-76.6497036549997, 7.85856817242715], [-76.6496549630061, 7.8584284555527], [-76.6495656279513, 7.85822015637904], [-76.6494879939757, 7.85802903785378], [-76.6494449650131, 7.85786742788343], [-76.6493764609549, 7.85768790611594], [-76.6492475970989, 7.85745961411386], [-76.6491336449017, 7.85725507860294], [-76.6490348255967, 7.85706598535095], [-76.6489479960532, 7.8568966034395], [-76.6488443527846, 7.85668893379121], [-76.6487380457242, 7.856460683158], [-76.6487999829328, 7.85632408423311], [-76.6488749486199, 7.85614079340689], [-76.6488793957674, 7.85596552273468], [-76.6487578110241, 7.85584540298699], [-76.6485896647812, 7.85568121555964], [-76.648483391895, 7.85554673004159], [-76.6483882490185, 7.85541009784176], [-76.6482668243544, 7.85524237158219], [-76.6481302982746, 7.85504953535183], [-76.6480493520959, 7.8548939373494], [-76.6480143504818, 7.85475567288005], [-76.6479804991007, 7.8545542598153], [-76.6479305264726, 7.85427986676649], [-76.647881837177, 7.85409588705962], [-76.6478234558878, 7.8539270528353], [-76.6477813631193, 7.85375540912892], [-76.6477667860083, 7.85352090730815], [-76.647749385026, 7.85335760211574], [-76.6478682466222, 7.85319735012171], [-76.6480337911265, 7.85302714622991], [-76.6481325663648, 7.85288544275311], [-76.648250123944, 7.8526898770803], [-76.6484311529753, 7.85247468460313], [-76.6485507906864, 7.85173377363887], [-76.6484175786083, 7.85160812395988], [-76.6482383005571, 7.85154824619875], [-76.6480632286351, 7.85152447531844], [-76.647844816585, 7.85150891974498], [-76.6475635725008, 7.85151362050132], [-76.6473108872876, 7.85152248242079], [-76.6472781204888, 7.85133533530164], [-76.6473264410624, 7.85112023005875], [-76.6473035605109, 7.85090528939179], [-76.6472663519605, 7.85074716519369], [-76.6471818768421, 7.85059194940312], [-76.6470658544057, 7.85049202842859], [-76.6469059531472, 7.85041595297805], [-76.646757055094, 7.8503615790678], [-76.6465619453774, 7.85030514031417], [-76.6463804927655, 7.85024527604283], [-76.6461967082115, 7.85015949870611], [-76.645958331212, 7.85007902467142], [-76.6457212825111, 7.85003792565395], [-76.6453603809767, 7.85014085036417], [-76.6452185551921, 7.85036754786821], [-76.6451160666531, 7.85050936286098], [-76.6448912505307, 7.8502918600255], [-76.6449871614283, 7.85011151447903], [-76.6450710933563, 7.84997170947102], [-76.6451194642918, 7.84980926852715], [-76.6451560100418, 7.84963849806243], [-76.6451986684837, 7.84947482684599], [-76.6452570272899, 7.84928639999157], [-76.6453590760605, 7.84908776942928], [-76.6454944626993, 7.84891883448085], [-76.6456091775215, 7.84883547901837], [-76.6457761762295, 7.84872506655281], [-76.6457688125806, 7.84841120855465], [-76.6457405774656, 7.84825348095764], [-76.6457480004698, 7.84810529067088], [-76.6458203500291, 7.84790864761025], [-76.6458120528839, 7.84764917521356], [-76.6457764757038, 7.84746113956423], [-76.6457462980532, 7.84729701059284], [-76.6457279383936, 7.84715430706991], [-76.6457284752889, 7.84697608032617], [-76.6456772804821, 7.84676754463079], [-76.6455756903658, 7.84649500058813], [-76.6455253670021, 7.84629549408609], [-76.6454777586916, 7.84611024273782], [-76.6454303365407, 7.84594061800947], [-76.645390825726, 7.8457167443766], [-76.6454253084312, 7.84552006174578], [-76.645529592017, 7.84528682077452], [-76.645577821759, 7.84511597926338], [-76.6455433399531, 7.84495883172908], [-76.645530122617, 7.8447682204214], [-76.6462125021052, 7.84482620331097], [-76.646366241209, 7.84479915889844], [-76.6465154872998, 7.84476301694401], [-76.6466843646916, 7.84475241123916], [-76.6468670295897, 7.84471516221932], [-76.6470611293676, 7.84460756643043], [-76.6472477818596, 7.84452657258762], [-76.6474186809273, 7.84460908538538], [-76.6475973600301, 7.84483716514741], [-76.6477353304211, 7.8450153604149], [-76.6478823506899, 7.84511852524412], [-76.6480487531474, 7.84497035833972], [-76.6484187693107, 7.84489203728204], [-76.6483402459056, 7.8453366782894], [-76.6483236480179, 7.84553957433622], [-76.648290758012, 7.84571538100436], [-76.6481962941236, 7.84590972000192], [-76.6480452305029, 7.84612183859631], [-76.6481507128851, 7.84631974340577], [-76.6484080421973, 7.84655113627021], [-76.6485096745818, 7.84674183840941], [-76.6485914679218, 7.84694711406235], [-76.6487106190997, 7.84714349002434], [-76.6488668718087, 7.84717162081796], [-76.6490606073611, 7.8471226509339], [-76.6492415275744, 7.8471550571045], [-76.6494170383656, 7.84722128138133], [-76.6495928675168, 7.84729500060808], [-76.6497604300997, 7.84729144648736], [-76.6499134650343, 7.84713513981917], [-76.6499498929732, 7.84696030531815], [-76.6499710054575, 7.8467992969943], [-76.6499888983689, 7.8465862745812], [-76.6500357818258, 7.84641752039654], [-76.6502322216397, 7.84644025525787], [-76.6504882037676, 7.84648204855201], [-76.6507023845074, 7.84647297079529], [-76.6508676978859, 7.84642769712482], [-76.651028690022, 7.8464162325674], [-76.6512346257773, 7.84643647181004], [-76.6514743643504, 7.84642931410592], [-76.6516173358713, 7.84640431924824], [-76.6517739186314, 7.84641221439652], [-76.6519653456241, 7.84651844681317], [-76.6521978293663, 7.84662786103128], [-76.652367005333, 7.84668021146691], [-76.652540278611, 7.84669197639791], [-76.6527399613801, 7.84672643572074], [-76.6529281696992, 7.84681001331575], [-76.6531078362576, 7.84687440297564], [-76.6532883877488, 7.84692072165826], [-76.6534595017546, 7.84703773694628], [-76.6535822097511, 7.84728187410349], [-76.6537512031555, 7.84739294127554], [-76.653895346493, 7.8474256613095], [-76.654001878384, 7.84755842732385], [-76.654072761149, 7.84768310213773], [-76.6540905119675, 7.84785886923572], [-76.6541115237278, 7.84809324065477], [-76.6541323646169, 7.8483148758751], [-76.654142982013, 7.84846503297913], [-76.6542457943079, 7.84867035809483], [-76.6543031800477, 7.84886855518392], [-76.6543333747854, 7.84907911255522], [-76.654425881749, 7.84933192637151], [-76.6545593069664, 7.84953615971021], [-76.6546002737835, 7.84973048341928], [-76.6546761738663, 7.84991980330048], [-76.6546871123203, 7.85010726428301], [-76.6545658315479, 7.85025651307179], [-76.654499743968, 7.85045411121247], [-76.6545132751675, 7.850679947166], [-76.6545295609904, 7.85089727463366], [-76.6545051884637, 7.85107293830963], [-76.6544508838012, 7.85121274331758], [-76.6543991350121, 7.85141458895627], [-76.6543725204754, 7.85163805159896], [-76.6543055011979, 7.85184613493529], [-76.6541987192954, 7.85196684014172], [-76.6540463930266, 7.85212061341968], [-76.6539062588667, 7.85225362764694], [-76.6537953140025, 7.85246333515893], [-76.6538081725091, 7.85266803794372], [-76.6538696042987, 7.85289078022941], [-76.6538697158147, 7.85309989598753], [-76.6538105008539, 7.85331036972187], [-76.6537555531762, 7.85356643458735], [-76.6537595893336, 7.85379503865422], [-76.6537789859115, 7.85400241152616], [-76.6537318047789, 7.85415174754917], [-76.6536797070528, 7.8543264966146], [-76.6536513262477, 7.85454238246904], [-76.6536117084136, 7.8547724290484], [-76.6535355682119, 7.85519121904358], [-76.6534624632221, 7.85532319005719], [-76.6533418893167, 7.85544045805474], [-76.6532225528785, 7.85562618874164], [-76.6531669531923, 7.85583537554613], [-76.6532072239342, 7.85597568417449], [-76.6532698104534, 7.85612100652323], [-76.6533271107575, 7.85627584369921], [-76.6534431197041, 7.85643158559321], [-76.6536100968285, 7.85650878879356], [-76.6538141413095, 7.85648612857595], [-76.653958898884, 7.8564268866355], [-76.6541493734948, 7.85636284861056], [-76.6543552732772, 7.85642048166392], [-76.6544806801392, 7.85664599206289], [-76.654568797512, 7.85686206587563], [-76.6544582042827, 7.857026063546], [-76.6542240702846, 7.85706164522273], [-76.654063643822, 7.85715043169105], [-76.6539380094316, 7.85722572563068], [-76.6538013376615, 7.85737696641783], [-76.6537051659606, 7.85754385540857], [-76.6536874825913, 7.85773167252262], [-76.6537739407147, 7.85789924949473], [-76.6538810077023, 7.85801530070949], [-76.653928169949, 7.85822981959444], [-76.6540327781901, 7.85841724730204], [-76.6541980654883, 7.85848461551654], [-76.6544195073543, 7.85850629007716], [-76.6546388951688, 7.8585769372198], [-76.65480303763, 7.8586202836431], [-76.6550420027862, 7.85857500547602], [-76.6552207925055, 7.85849640472922], [-76.6554277274076, 7.85842810841443], [-76.655570295133, 7.85841034050871], [-76.6557599873335, 7.85829301045798], [-76.6559594731511, 7.85810380658933], [-76.6561005578944, 7.85800737048772], [-76.6562523112951, 7.85787807765514], [-76.656448030752, 7.85775411510429], [-76.6566569594511, 7.85772988826769], [-76.6568355953864, 7.85775842015892], [-76.6568741322354, 7.8578964804821], [-76.6567663260051, 7.8580422147204], [-76.6566105049708, 7.85820206291879], [-76.6559504610449, 7.85853673032976], [-76.6559155583563, 7.85875256492287], [-76.6558756563364, 7.85889255159391], [-76.6558043706751, 7.859069768399], [-76.6560886553671, 7.85929240456472], [-76.6563090126508, 7.85940261108551], [-76.6564578009867, 7.85949726742884], [-76.6565689877685, 7.85959098038331], [-76.6565192255817, 7.85974755954613], [-76.6564838048836, 7.85992338060346], [-76.6564598910111, 7.86008504003644], [-76.6564313303416, 7.86022748635331], [-76.6563966057187, 7.86041351111849], [-76.6562320477707, 7.86050828617233], [-76.6560262334239, 7.86059690087017], [-76.6558658348404, 7.86070519902959], [-76.6557091450609, 7.86085656302382], [-76.6554652021573, 7.8610347483988], [-76.6552027080385, 7.86106942176026], [-76.6550005521337, 7.86109044611102], [-76.6547957288398, 7.86113424938993], [-76.6545541907233, 7.86123256687331], [-76.6543934063306, 7.86132253145349], [-76.6542367444302, 7.86137570386951], [-76.6540632319326, 7.86142897970746], [-76.6539189339116, 7.86146003689505], [-76.6535925267737, 7.86095880245064], [-76.6533920759835, 7.86090375674686], [-76.6532407488614, 7.86086746820294], [-76.6530960839171, 7.8607802834272], [-76.652979981441, 7.86065335671092], [-76.6528688405245, 7.86050869446454], [-76.6527156266249, 7.8602985309963], [-76.652583641222, 7.86012265148311], [-76.6525081395389, 7.85999854773865]]]}, "properties": {"FID": 619, "TIPO_ACTO_": "RESOLUCION", "NUMERO_ACT": "0003", "FECHA_ACTO": 894844800000, "AREA_ACTO_": 104.6533, "NUMERO_PLA": "P-466.635", "PUEBLO": "Embera Chami Zenu", "DEPARTAMEN": "05", "MUNICIPIO": "05045", "ID": "10045", "NOMBRE": "Comunidad Indigena Embera Chami Y Zenu De La Palma", "CODIGO_DAN": "1504", "GlobalID": "94503f1a-bb40-494f-88fd-cbd7d4abe34c", "Shape__Area": 1188376.7568359375, "Shape__Length": 6647.047948420035, "FECHA_ACTO_ISO": "1998-05-11"}}, {"type": "Feature", "id": 278, "geometry": {"type": "MultiPolygon", "coordinates": [[[[-76.6111449039141, 7.35873497070215], [-76.6031044063432, 7.35503404644404], [-76.6042164450329, 7.3525487627752], [-76.6042642637847, 7.35230015868543], [-76.6057017518343, 7.35248248094179], [-76.60584556602, 7.35248826358253], [-76.6060107705806, 7.3525483985498], [-76.606215927523, 7.35260090187017], [-76.6070850134626, 7.35266022564894], [-76.6081592221703, 7.35271793874193], [-76.6092084998723, 7.35287949655155], [-76.610324599001, 7.35298466417094], [-76.6119148701751, 7.3531908535351], [-76.612833993494, 7.35329812197077], [-76.6132514300094, 7.35250622394312], [-76.6132205895585, 7.35274804714469], [-76.6131944273809, 7.35292100835789], [-76.6131659341605, 7.35311421690759], [-76.6131158832914, 7.35328704232317], [-76.613084016714, 7.35350746076071], [-76.6130294134766, 7.35372331064226], [-76.6129885204039, 7.35386789914423], [-76.6129452854965, 7.35404646673108], [-76.6128533891725, 7.3542599082282], [-76.6127274939786, 7.35449377782553], [-76.6125789043929, 7.35477845372263], [-76.6123963375209, 7.35507100048622], [-76.6122997827088, 7.3553410192326], [-76.612189702093, 7.35560307448227], [-76.6120785216065, 7.35589458522684], [-76.6120227438545, 7.3561589526335], [-76.6119737892589, 7.35638154563173], [-76.6119565384635, 7.35669014079727], [-76.6119562956465, 7.35691842110813], [-76.6119571374119, 7.35721002088566], [-76.6119794909607, 7.35743383606259], [-76.6119667403727, 7.35773788965179], [-76.6119630315686, 7.35802490738342], [-76.611941306646, 7.35824644367829], [-76.6119455658351, 7.35845491552178], [-76.6119713467003, 7.35872451248613], [-76.6120503323569, 7.35899362831312], [-76.6120874150022, 7.35924572626909], [-76.6121403347086, 7.35948192511058], [-76.6121614849645, 7.35990810123768], [-76.6121317776594, 7.36012615985417], [-76.6121576025913, 7.36035564795461], [-76.6121754604291, 7.36055229820981], [-76.6121854384072, 7.36073200973427], [-76.6121988050308, 7.36093437608038], [-76.6122002862142, 7.36114738050695], [-76.6121938443704, 7.36136720449263], [-76.6110231366084, 7.36044490746629], [-76.6111449039141, 7.35873497070215]]], [[[-76.5724622235527, 7.32766934752323], [-76.5724254754553, 7.3281711116683], [-76.5692545360679, 7.32734700891819], [-76.5693750847923, 7.32585412263057], [-76.5704621906775, 7.32254269025394], [-76.5712672592766, 7.32033847979805], [-76.5747646615599, 7.32265262338084], [-76.5737628509747, 7.3236607606965], [-76.5724622235527, 7.32766934752323]]], [[[-76.5724563266981, 7.32986081548497], [-76.5724254754553, 7.3281711116683], [-76.5732394671277, 7.3280590003834], [-76.5742550436353, 7.32823738270982], [-76.5746156888629, 7.32828280836573], [-76.5747960901674, 7.32832796872159], [-76.5752625541235, 7.32838111595656], [-76.5756212064535, 7.3284423606872], [-76.5756171334239, 7.32863697128001], [-76.5752970098491, 7.32944926773029], [-76.5750359789272, 7.33001966993257], [-76.574285981213, 7.33156501187653], [-76.5737219426135, 7.33280533256072], [-76.572875557361, 7.33454263839264], [-76.5720276612476, 7.33649703696926], [-76.5706568921019, 7.33548616841253], [-76.5697018507598, 7.33513246325321], [-76.5696024630832, 7.33489840389881], [-76.569659572731, 7.33451080419087], [-76.5703204314427, 7.33369101638791], [-76.5706289034011, 7.33315675793869], [-76.5711470657844, 7.33245095650712], [-76.5716165514626, 7.3317134458795], [-76.5722367877975, 7.33084726924682], [-76.5724563266981, 7.32986081548497]]]]}, "properties": {"FID": 278, "TIPO_ACTO_": "RESOLUCION", "NUMERO_ACT": "0003", "FECHA_ACTO": 1049932800000, "AREA_ACTO_": 105.15, "NUMERO_PLA": "165105 de abril de 2002", "PUEBLO": "Embera Katio", "DEPARTAMEN": "05", "MUNICIPIO": "05480", "ID": "10032", "NOMBRE": "Coribi Bedado", "CODIGO_DAN": "1661", "GlobalID": "f62592f4-0faf-420e-ab59-2951632e306c", "Shape__Area": 1077653.6806640625, "Shape__Length": 8641.066228401696, "FECHA_ACTO_ISO": "2003-04-10"}}, {"type": "Feature", "id": 300, "geometry": {"type": "Polygon", "coordinates": [[[-76.0752730816873, 7.86516862247766], [-76.0764116881488, 7.86281936306697], [-76.077241445836, 7.85844736020146], [-76.077364202396, 7.85497443926299], [-76.0765495982853, 7.85281629298163], [-76.0747408269276, 7.84928142853931], [-76.0736075255668, 7.84797540608437], [-76.0727749089349, 7.84678199493744], [-76.0717977325793, 7.84423376142334], [-76.0709867986018, 7.84283348102476], [-76.0710687403301, 7.84076378036865], [-76.071570646568, 7.83984191861419], [-76.0724804601051, 7.83774678962722], [-76.0729335529411, 7.83631910508729], [-76.0734982435491, 7.83406403527172], [-76.0736534917152, 7.83266035363717], [-76.0750869319164, 7.82943541805497], [-76.0761327139535, 7.82687994949501], [-76.0768091093529, 7.82407203134419], [-76.0776733461479, 7.8219295854271], [-76.0782793686978, 7.81884638299936], [-76.0785403987204, 7.81562592424233], [-76.0788042822917, 7.81300403895062], [-76.0800116230379, 7.81060812001417], [-76.0817269512378, 7.80857803629288], [-76.0836714959427, 7.80663957819955], [-76.086624104219, 7.80377685086668], [-76.088621020044, 7.80307940233824], [-76.0908012123061, 7.80235857233595], [-76.0928191299988, 7.80133912244829], [-76.0944407137679, 7.79914915005905], [-76.0959230977727, 7.796522647648], [-76.0965588069433, 7.79493369577939], [-76.0969813264271, 7.79187397375098], [-76.0970387418444, 7.78918305739831], [-76.0966305539569, 7.78555121276449], [-76.0955117559627, 7.78201419714386], [-76.0941264546721, 7.78077825435935], [-76.0919138400516, 7.77942875777738], [-76.0906375222039, 7.77883162142868], [-76.0880759922132, 7.77862119625765], [-76.0875880128764, 7.77834111409763], [-76.0855624059802, 7.77772835112899], [-76.0826871654802, 7.77707206097337], [-76.0814412770932, 7.77608734560107], [-76.0805124842637, 7.77416014252313], [-76.0801342869677, 7.7717694657349], [-76.0781257033385, 7.76973094817147], [-76.0770668046893, 7.76948182247489], [-76.0757126100489, 7.7697852321495], [-76.0737306112787, 7.76857351080565], [-76.0712663762422, 7.76763957025675], [-76.0685939733332, 7.76627056648033], [-76.066706490612, 7.76563327899951], [-76.0656701496576, 7.76513098515374], [-76.0652772007821, 7.76464935682925], [-76.0652967169699, 7.76398280450975], [-76.0655340813328, 7.76050931969641], [-76.0652429366122, 7.75710725634198], [-76.0652116509968, 7.75526841974899], [-76.0655031698354, 7.75342699310855], [-76.0664767938689, 7.75022794990732], [-76.06913984203, 7.74543045439947], [-76.0720801304936, 7.74237900343591], [-76.0730528309234, 7.74174956074124], [-76.0740628316343, 7.74051881873616], [-76.0762582602105, 7.73802804470626], [-76.07822305495, 7.73537559595483], [-76.0804452221692, 7.73378148827296], [-76.0828022490246, 7.73147293127872], [-76.0848372268565, 7.72932736831143], [-76.0881795005835, 7.72632620204073], [-76.0895513803919, 7.72475757664901], [-76.092274663345, 7.72233313481454], [-76.0944517295636, 7.72080697001396], [-76.0963292720782, 7.71937483922584], [-76.0991661403051, 7.71658159531279], [-76.1017093645955, 7.7148933672836], [-76.1025822663585, 7.71463729432419], [-76.1058649285236, 7.71391246054017], [-76.1077500882959, 7.71411244188421], [-76.1104596538899, 7.71359695948063], [-76.1106422180639, 7.71341201839845], [-76.1108680863931, 7.71258292710895], [-76.1111587652647, 7.71060489344969], [-76.1115348851268, 7.7075679161751], [-76.1116387298435, 7.7051073170978], [-76.1117467833873, 7.70356607516308], [-76.1135790009701, 7.70215670801457], [-76.1165403884281, 7.70152479668096], [-76.1182861325989, 7.70147247592293], [-76.1189072026053, 7.7015858165811], [-76.1197650272342, 7.70314621587406], [-76.1199258179221, 7.70314544875233], [-76.1214414102928, 7.70302408883951], [-76.122383533773, 7.70304444319536], [-76.1227299301421, 7.70324954258118], [-76.1235153395612, 7.70412006923464], [-76.1261181655209, 7.70546761428773], [-76.1298246727704, 7.70697141924434], [-76.1324094025719, 7.70923728272311], [-76.1340709495147, 7.71074967710451], [-76.1346904708885, 7.71054003704175], [-76.1356942698746, 7.70901817909436], [-76.1365345891999, 7.7069233873532], [-76.1381548608581, 7.70434139418879], [-76.1406285846414, 7.70263064713554], [-76.1432011789912, 7.70239125480146], [-76.1456141113022, 7.70240446134572], [-76.1476854181475, 7.7031784493748], [-76.1495291236701, 7.70418377091313], [-76.1509801393219, 7.70498332936594], [-76.1528880942101, 7.70522818777945], [-76.1551401306125, 7.70521952640885], [-76.1562470494617, 7.70526511843925], [-76.1563812867669, 7.70511419421351], [-76.1573730950922, 7.7043666858227], [-76.1590819913408, 7.7037146386685], [-76.1608422325829, 7.70368990461424], [-76.1614993339271, 7.70309528456861], [-76.1621086524923, 7.7028436416696], [-76.1628576789387, 7.70283800741702], [-76.1634891837788, 7.7030296637369], [-76.1637167122564, 7.70309876764289], [-76.1643192031686, 7.7036732482706], [-76.1654369021912, 7.70368361475587], [-76.1657172901208, 7.70398459985824], [-76.166508700716, 7.70368128011581], [-76.1681348899132, 7.702572100371], [-76.1705411051878, 7.70120609223628], [-76.172283552444, 7.70025663748278], [-76.1743021059574, 7.69951266432699], [-76.1757452048773, 7.6987024650957], [-76.1768210116803, 7.69782529515029], [-76.1785838025005, 7.69641487669431], [-76.1812446113497, 7.69527800142776], [-76.1822743314951, 7.69444614022635], [-76.1834641264682, 7.69326903378805], [-76.1834607261316, 7.69258004428283], [-76.1834594787719, 7.69232703891093], [-76.1862599010735, 7.69171806928273], [-76.1879152148153, 7.69194152473078], [-76.189109468627, 7.69189046572165], [-76.1909717127743, 7.69206761867489], [-76.1946742144434, 7.69253622211814], [-76.1981922255907, 7.69302829337022], [-76.2018482583904, 7.69349706049013], [-76.2049731911598, 7.69350759334993], [-76.2077071697501, 7.69342733605192], [-76.2114525618862, 7.69343591288624], [-76.2137378552178, 7.69335052945257], [-76.213723789821, 7.69278440622459], [-76.2144531903624, 7.69111092617755], [-76.2148875449242, 7.69055440591038], [-76.2153168920609, 7.69028245272232], [-76.2155097148014, 7.68859574274869], [-76.2159423507588, 7.68800435306782], [-76.2159293888302, 7.687785386136], [-76.215425404259, 7.68344160039904], [-76.2152613634211, 7.67780858254974], [-76.213740919208, 7.67236519394839], [-76.2108003042906, 7.66750270623489], [-76.2079512736323, 7.66284628917505], [-76.2030625643858, 7.65412817582506], [-76.2015092778309, 7.65137432491568], [-76.201188282813, 7.64961613412786], [-76.2004729782453, 7.6484878905543], [-76.1996237430413, 7.6476938242612], [-76.1987944494043, 7.64563722762663], [-76.197958329913, 7.6436636114373], [-76.1966354667533, 7.64102371182566], [-76.1952679117846, 7.63850031668719], [-76.1948282431289, 7.63771967637293], [-76.1956487458929, 7.63629138389127], [-76.1965187176647, 7.63571332576038], [-76.1981917228697, 7.63474060464624], [-76.1991999195406, 7.63418553948214], [-76.2011710607958, 7.63330387652372], [-76.202962768417, 7.63322738648581], [-76.2051070714342, 7.63487494807144], [-76.2057544852812, 7.63553925028721], [-76.2060545719609, 7.63602120146829], [-76.20637801943, 7.63641041455997], [-76.2082110715837, 7.63530015652802], [-76.2102212092414, 7.63271723526334], [-76.211794489524, 7.63036580129189], [-76.2127323232381, 7.62932654833276], [-76.213780600894, 7.62771305306623], [-76.2153145250452, 7.62658049274685], [-76.2162317049292, 7.62616364708598], [-76.2161590981638, 7.62522092016072], [-76.2156725028837, 7.62434909488619], [-76.215159444153, 7.62292566144152], [-76.2170985425636, 7.6199517356356], [-76.2174421159609, 7.61983600368012], [-76.2180367503957, 7.61921292458836], [-76.2187404555076, 7.61730177171101], [-76.2192366591445, 7.61555203365109], [-76.2192977060243, 7.61371182828995], [-76.2190633858666, 7.61279357731348], [-76.2177410793873, 7.61003962118341], [-76.2164961469796, 7.60917036077542], [-76.2135061098191, 7.60840014810023], [-76.2124722428997, 7.60808889004213], [-76.2119998389214, 7.60861431085365], [-76.2118164491698, 7.60954836291847], [-76.2104851413761, 7.60928600369794], [-76.2095759969347, 7.60822711763925], [-76.2093200840546, 7.60801078931837], [-76.2081412859915, 7.60701439804798], [-76.207430220828, 7.60676443058596], [-76.2072436987377, 7.60669893206203], [-76.2065558522708, 7.60562946098282], [-76.2065859696667, 7.60507034347355], [-76.2066481092228, 7.60391613557323], [-76.2060119719749, 7.60317577229611], [-76.2060147724637, 7.60234742474589], [-76.2054114865508, 7.60139952042365], [-76.2051901669926, 7.60028040676754], [-76.2029957753347, 7.59623161844669], [-76.2032963458497, 7.59197651125941], [-76.2028733524232, 7.58974893102083], [-76.2025152100089, 7.58687612768374], [-76.2025334464614, 7.58597920862616], [-76.202486249141, 7.58558863036362], [-76.2025296090542, 7.58519760783597], [-76.2024344877614, 7.58450798790595], [-76.2017206113171, 7.5841194906746], [-76.2006621722214, 7.58364122851256], [-76.1999944777629, 7.58343665702878], [-76.1998575038207, 7.58366666313865], [-76.1990997683396, 7.58380806983924], [-76.1986598388804, 7.58295856393926], [-76.1986332621153, 7.58215457182872], [-76.1990147068632, 7.58029010185949], [-76.1989811450638, 7.57805952507985], [-76.1985073390424, 7.57491167128958], [-76.1984582981119, 7.57438329800378], [-76.1985663093876, 7.57284211722296], [-76.1976512132329, 7.56879839838051], [-76.1975803781319, 7.56820127552164], [-76.1976229556349, 7.56764878241856], [-76.1977324633825, 7.56643063451941], [-76.1977524022515, 7.56587816120141], [-76.1996027798444, 7.56350287361201], [-76.2016781849003, 7.56039122293001], [-76.2036179083398, 7.5575557405585], [-76.2041401311621, 7.55624296509432], [-76.2043292208169, 7.5525632783263], [-76.2030377655804, 7.54652108603314], [-76.2018310129908, 7.54392681982083], [-76.2002512638847, 7.54002421270132], [-76.1986802480949, 7.53816813790338], [-76.1973219858209, 7.53743710419316], [-76.1962377379812, 7.53652184526112], [-76.1943528794818, 7.53620675159448], [-76.1918305464425, 7.53725132674148], [-76.1900688752783, 7.53877556249634], [-76.1879876165352, 7.54066847622327], [-76.1872119845454, 7.54177580606261], [-76.1844174824808, 7.54341796272273], [-76.1826737258118, 7.54397648667944], [-76.1811127275703, 7.54416698467257], [-76.1792278277021, 7.54385183254997], [-76.1774766057607, 7.54264035762039], [-76.1763005110597, 7.54167912894268], [-76.1751013199699, 7.54060279243899], [-76.1738055776652, 7.53876786969554], [-76.1722983984523, 7.53555483843924], [-76.1711838191779, 7.53302884336073], [-76.1698205476801, 7.53126425299722], [-76.1673302287071, 7.52906568848516], [-76.1657869381167, 7.52822020345409], [-76.1630087677404, 7.52855314416669], [-76.1610093491021, 7.52819217068659], [-76.1564141012297, 7.52793378646951], [-76.1547841420744, 7.5281470966656], [-76.1528294467216, 7.52767065742936], [-76.151357691804, 7.52735457720642], [-76.1506896592004, 7.52705836390688], [-76.1506437299242, 7.52692077572768], [-76.1497418196293, 7.52552105830472], [-76.1496717282676, 7.5252909622626], [-76.1495514817155, 7.52428063060118], [-76.1496520843761, 7.52115238832674], [-76.149825924227, 7.51889816207527], [-76.1496384272716, 7.51802595279026], [-76.1484593971834, 7.51641960803331], [-76.1478988560473, 7.51419143783944], [-76.1475437875157, 7.51187075618542], [-76.1464228923026, 7.50794303279979], [-76.1446480442718, 7.50645468808851], [-76.1423870668096, 7.50437112798038], [-76.1393448141118, 7.50194448640418], [-76.1361404891922, 7.49947330320575], [-76.1334911026323, 7.49780382783982], [-76.1282598694974, 7.493890591633], [-76.1266435899297, 7.49191912302473], [-76.1261076830231, 7.49033453106942], [-76.1260317199879, 7.48861008104612], [-76.1262499171, 7.48612628035932], [-76.1262117138995, 7.48279197642442], [-76.1251189395874, 7.47973827805507], [-76.123639201388, 7.47742049671461], [-76.1216764930757, 7.47515121131547], [-76.1199243951946, 7.47364010026661], [-76.1173709087404, 7.47284422453751], [-76.1149119230467, 7.47239363541416], [-76.1130723714927, 7.47203153508349], [-76.1114338462949, 7.47012902109371], [-76.1112680176049, 7.469002466447], [-76.1104543964532, 7.46682160958602], [-76.1096196223477, 7.46493905604904], [-76.1082335494387, 7.46328838280914], [-76.1066940827657, 7.46320165758691], [-76.1050737949196, 7.46031067985061], [-76.1049042106608, 7.458126844435], [-76.103950041661, 7.45539311046043], [-76.1021810922836, 7.44992724780117], [-76.1018333325422, 7.44935275098565], [-76.0997133552871, 7.4477968357124], [-76.0980279897998, 7.44573286823433], [-76.0970529637233, 7.44336861442719], [-76.0967733833849, 7.44235777824603], [-76.0978230963588, 7.44076714104793], [-76.0985061296541, 7.43943111271296], [-76.0987041288924, 7.43745343248726], [-76.098929054732, 7.43639402751971], [-76.0981134730583, 7.43372965915388], [-76.0968411023349, 7.43166487329276], [-76.0954983119975, 7.42902557532761], [-76.0950336197058, 7.42787658889112], [-76.0948191664713, 7.42601491491408], [-76.0947610720658, 7.42343971253047], [-76.094243402511, 7.42033794719639], [-76.0935610374119, 7.41659197499763], [-76.0925905915825, 7.41544536546924], [-76.0915232518965, 7.41289732171214], [-76.0912173277174, 7.41105864339982], [-76.0913296890139, 7.41064352983319], [-76.0914101414648, 7.40790737938033], [-76.0916102855862, 7.40638938492053], [-76.0926925270385, 7.40698316949598], [-76.0938676432771, 7.40785332652809], [-76.0957303568704, 7.40865141009274], [-76.0968571777165, 7.40885414156363], [-76.0991293256578, 7.40859305488384], [-76.1010299052059, 7.40725267832671], [-76.1028166962335, 7.40476623723041], [-76.1030268956746, 7.40450746450624], [-76.1031614468433, 7.40435494578251], [-76.1032636260155, 7.40425028807875], [-76.1033702730197, 7.4041525677452], [-76.1035389021985, 7.40402890197067], [-76.1037491843773, 7.40392727588149], [-76.1039125804012, 7.40388659055214], [-76.1040707684512, 7.40387493533837], [-76.1042510429512, 7.40388288084866], [-76.1044601182398, 7.40391364845454], [-76.1046779682137, 7.40396253919824], [-76.1048414838473, 7.40400760962189], [-76.1051091193903, 7.40409531150783], [-76.1053256752397, 7.40417809590081], [-76.1055233273397, 7.40426458010466], [-76.1057377176215, 7.40436861008169], [-76.1059221083186, 7.40446509474673], [-76.1063733197728, 7.404708293911], [-76.1065842863357, 7.40481595265246], [-76.1067444052301, 7.4048900468965], [-76.1069618783879, 7.40497517492273], [-76.1071881181371, 7.40503748984664], [-76.1077103616439, 7.40513550605712], [-76.1078815475953, 7.40517475786716], [-76.108120067587, 7.40525020918814], [-76.1083696474412, 7.40534874610609], [-76.1085581192618, 7.40540680453877], [-76.108792055409, 7.40542986495468], [-76.1089815839329, 7.40540279356242], [-76.1091737744501, 7.40534408222198], [-76.1093391256001, 7.40527582367868], [-76.1095110948611, 7.40518991414155], [-76.1096767005193, 7.40509788741596], [-76.1098943526422, 7.40496568167923], [-76.1101563701204, 7.40479504791151], [-76.1103750366785, 7.40464702399935], [-76.1105757275877, 7.40450739435913], [-76.1107262336287, 7.40439980396616], [-76.1119711633385, 7.40436312061989], [-76.1133780663446, 7.4056918509565], [-76.1146927168953, 7.40713621342379], [-76.1149014216633, 7.40747982459249], [-76.115225108352, 7.40798439372309], [-76.1162327033765, 7.4073607705414], [-76.1188163521929, 7.40472948643502], [-76.1246966098606, 7.39999452168833], [-76.1266647590713, 7.39837804876653], [-76.1278079161024, 7.39722523751333], [-76.1298403218733, 7.39457269253447], [-76.131736474059, 7.39231277717167], [-76.133151835189, 7.39055994544393], [-76.1341581891491, 7.38968328181687], [-76.1350706889611, 7.3883225104344], [-76.1363659789068, 7.38509962800444], [-76.1373323112371, 7.38045040372232], [-76.1378273961174, 7.37814950535463], [-76.1387333812405, 7.37538693282], [-76.1398914256487, 7.37232508569354], [-76.1412578294852, 7.36979082224815], [-76.1422838956852, 7.36806237743636], [-76.1438972146847, 7.36437717062956], [-76.1438436348758, 7.36256108688436], [-76.1437378970862, 7.35927347125353], [-76.1439130985107, 7.35752527732957], [-76.1445372352052, 7.35326965213275], [-76.1452646824191, 7.35156517964938], [-76.1462465865107, 7.35029671917835], [-76.1488313729694, 7.34801103194373], [-76.1508248362971, 7.34729128652388], [-76.1530277310449, 7.34682367593211], [-76.1545885035566, 7.34670241224678], [-76.1555085154056, 7.34628365102987], [-76.155263930386, 7.34575326056476], [-76.1550140618494, 7.34500087065391], [-76.1549182543739, 7.3447572407144], [-76.1548121613521, 7.34454013447988], [-76.1547135803674, 7.34438127913304], [-76.1545892050278, 7.34422254339595], [-76.1544496041658, 7.34407914829437], [-76.1543130196301, 7.34396176518361], [-76.1541706812319, 7.34385263155404], [-76.1537898839959, 7.34357652169946], [-76.1535993491306, 7.34341872395527], [-76.1534662045017, 7.34328153327648], [-76.1533469696869, 7.34311906895022], [-76.1532446304353, 7.34291071042129], [-76.1531690109411, 7.34266743751257], [-76.1531299614785, 7.34248327524333], [-76.1531007712835, 7.34229798162692], [-76.1530670898742, 7.34202261641098], [-76.1530223728842, 7.34155319998058], [-76.1529916385533, 7.34117164281749], [-76.1529055374605, 7.33999513622699], [-76.1528972861807, 7.33964049397406], [-76.1530478695635, 7.33928367176447], [-76.1531153600857, 7.33914031263581], [-76.1531937575858, 7.33900702501464], [-76.1533145761068, 7.33884787648876], [-76.15345571391, 7.33871827518871], [-76.1536140143752, 7.33861985877994], [-76.1537818764324, 7.33855411024448], [-76.1539567415104, 7.33851480717309], [-76.1542057278121, 7.3384934149996], [-76.1547321037036, 7.33848609991405], [-76.1549583173724, 7.33847267393524], [-76.1551845670141, 7.338447409281], [-76.1553659962437, 7.33841828653521], [-76.1555491144001, 7.33838255826896], [-76.1558278844493, 7.33832370663424], [-76.1560629276619, 7.33828186477672], [-76.1562516440981, 7.33826300869139], [-76.1564359322724, 7.33826486669074], [-76.1566215145712, 7.33829211075283], [-76.1568059655228, 7.33834854860714], [-76.1569406470932, 7.33840756301913], [-76.1570734176041, 7.33848384891097], [-76.1572805773367, 7.33863578577341], [-76.1574384407314, 7.33877475800913], [-76.1575851669219, 7.33889372122874], [-76.1577343464629, 7.33899495971012], [-76.1579230763888, 7.3390956541016], [-76.1581198066837, 7.33916513662226], [-76.1583658602961, 7.33921396801068], [-76.1585245771475, 7.33922516097285], [-76.1587162748362, 7.3392244532064], [-76.1590966062234, 7.33920624373362], [-76.1593331477066, 7.33921445454391], [-76.1596044039201, 7.33927211457691], [-76.1598197456847, 7.33937313632164], [-76.1599798340021, 7.33948453624284], [-76.1601343950862, 7.33961421488454], [-76.1604462475962, 7.33989587895213], [-76.1606156376016, 7.34002232543042], [-76.1609065961624, 7.34017061823987], [-76.1611596491984, 7.34026468642655], [-76.1613605721327, 7.34032086527615], [-76.1615642137174, 7.34035832293868], [-76.1618320489099, 7.34038075562779], [-76.1620889618361, 7.34037088736698], [-76.1623360523669, 7.34033151594711], [-76.162585458652, 7.34026448407911], [-76.1629950252002, 7.34012992661525], [-76.1631656158005, 7.34008648306519], [-76.1633841411651, 7.34005474509086], [-76.163617283211, 7.3400520345342], [-76.1640421265429, 7.34008828530659], [-76.1642249218426, 7.34010017614263], [-76.1644624229024, 7.34010042795283], [-76.1647009096192, 7.34007952950712], [-76.1648789025393, 7.34005123233896], [-76.1650593694942, 7.34001036174926], [-76.1652951897212, 7.33994113103881], [-76.1655217730114, 7.33985215301488], [-76.165725455965, 7.33974331166496], [-76.1659070326834, 7.33961026596144], [-76.1660650543587, 7.3394533819285], [-76.1662090996702, 7.33926846063141], [-76.1663130837817, 7.33911101452216], [-76.1665663607489, 7.3386907307531], [-76.1666685489143, 7.33853600509302], [-76.1668138209011, 7.33834303486366], [-76.1669734622554, 7.3381645464172], [-76.16714801347, 7.33800035719122], [-76.1672885748078, 7.33788412881], [-76.1674855659061, 7.33773790803856], [-76.1677910323302, 7.33752404026275], [-76.1679341756217, 7.33741792116067], [-76.1680775464416, 7.3373024014452], [-76.1682026250511, 7.33718488883207], [-76.1683536158267, 7.33701493405253], [-76.1684530817443, 7.33687847542188], [-76.1685402089634, 7.33673547602193], [-76.168624014087, 7.33657911809239], [-76.1688370814661, 7.33613507513418], [-76.1689242905235, 7.33597129060315], [-76.1690524097409, 7.33576855193771], [-76.1691668655583, 7.3356244301839], [-76.1693015777056, 7.33549639190553], [-76.169497736931, 7.33536625910618], [-76.1697017526337, 7.33529075832243], [-76.1699055560965, 7.3352663147492], [-76.1701004158015, 7.33528447385996], [-76.1703547773511, 7.33534925472489], [-76.1707645363542, 7.33548993926988], [-76.170941355659, 7.33554062146308], [-76.1711734580886, 7.3355872522105], [-76.171413328862, 7.33561125601525], [-76.171658091048, 7.33561680123497], [-76.1719704813526, 7.33560676120365], [-76.1722821575955, 7.33557955401377], [-76.1725101780023, 7.3355469535896], [-76.1726565732423, 7.33551726517025], [-76.1728759556608, 7.33545678216533], [-76.173096216717, 7.33537153722724], [-76.1733042344028, 7.33526149798033], [-76.1735061438934, 7.33512284230595], [-76.173651585852, 7.33500559589213], [-76.173942905041, 7.33474814607069], [-76.1740838377988, 7.33463453561591], [-76.1742757612174, 7.33450875733388], [-76.1744543306028, 7.33443039310878], [-76.1746664447006, 7.33438376955593], [-76.1748849817565, 7.33437506951447], [-76.1750670450081, 7.33438587576821], [-76.1755596477595, 7.33443634841934], [-76.175921364979, 7.3344652922001], [-76.1762179254169, 7.33449607599374], [-76.1763967996725, 7.33452189732833], [-76.1766355885615, 7.33456641556826], [-76.17700025196, 7.33464441107134], [-76.1772460240847, 7.33469196812045], [-76.1774329616618, 7.33471919869265], [-76.1776853069313, 7.33474015829227], [-76.1779444276931, 7.33473921850075], [-76.1781421139673, 7.33472320337375], [-76.1782902628853, 7.33470100360904], [-76.1784896263951, 7.33465669760915], [-76.178727124757, 7.3345805852864], [-76.1789437129819, 7.33448442078003], [-76.1790837823906, 7.33439945643039], [-76.1793998644122, 7.3341156852513], [-76.1796600499713, 7.33389813834905], [-76.1798773954254, 7.33373220983427], [-76.1800972499881, 7.33358018483833], [-76.1803187098405, 7.33344215868935], [-76.1805969196121, 7.33328534120618], [-76.1809003562664, 7.33312334722535], [-76.1822009980776, 7.33457724880163], [-76.1834706123788, 7.33609047685457], [-76.1841670140964, 7.33767425042682], [-76.1844732764205, 7.33953536772351], [-76.1854537568854, 7.34305038682624], [-76.1855922335947, 7.34316494876374], [-76.1877305165501, 7.34389243734642], [-76.1889936647258, 7.34402547315737], [-76.1910137147111, 7.34390301067571], [-76.1934689574264, 7.34348029424053], [-76.1950966772698, 7.34294517334146], [-76.1956008219204, 7.34262201005807], [-76.1968170767466, 7.34263994253965], [-76.1985398720174, 7.34284081151458], [-76.2001013621881, 7.34290463460158], [-76.2029305556006, 7.34404335617623], [-76.2035757760012, 7.34436334215481], [-76.2063347053823, 7.34522676596277], [-76.2077152177831, 7.34577367697384], [-76.2103348358839, 7.3463847231367], [-76.2114596062758, 7.34642572862472], [-76.2126311611991, 7.34656021414281], [-76.2138028096519, 7.34648686453741], [-76.2142155714914, 7.34643863479541], [-76.2153581214801, 7.3452392539487], [-76.2162512031305, 7.34486795175487], [-76.2175562615122, 7.34405869321443], [-76.2178303209125, 7.34364281162682], [-76.2183293780983, 7.34226134774335], [-76.2190089364133, 7.34028146687664], [-76.2190759242145, 7.33986774815849], [-76.21950579026, 7.33844025877141], [-76.2198456386653, 7.33758816372332], [-76.2202994509589, 7.33643733547518], [-76.2211410590126, 7.33452553868328], [-76.2219375714617, 7.33312006649855], [-76.2229190933414, 7.33185150980003], [-76.2251626923044, 7.33048656646259], [-76.2258298615589, 7.33066861712372], [-76.2270702164173, 7.33077898102591], [-76.2294322003357, 7.330286603105], [-76.2306916271169, 7.32963901658814], [-76.233165076607, 7.32808878862754], [-76.2356394344123, 7.32697570672434], [-76.238180746744, 7.32544889890848], [-76.2384319534718, 7.32521727491822], [-76.2391394860983, 7.32438708645582], [-76.2393698654269, 7.32454745176441], [-76.2417847627566, 7.32541241790966], [-76.2421777772826, 7.32598539307234], [-76.2435793059402, 7.32621023617433], [-76.2440860703159, 7.32666745420053], [-76.2458105500168, 7.32723635723296], [-76.2473371276063, 7.3271560756532], [-76.2473826135168, 7.32698019793863], [-76.2474030407177, 7.32680643003359], [-76.2474081659541, 7.32663110810003], [-76.2474053996394, 7.32628396259569], [-76.2474189200471, 7.32604805963114], [-76.2474689169569, 7.32583177088043], [-76.2475677434566, 7.32564425054261], [-76.2477104361876, 7.32548841601846], [-76.2478361479198, 7.32537711951938], [-76.2482452162437, 7.3250400041538], [-76.2484368033158, 7.3249075169293], [-76.248640756066, 7.32480605361738], [-76.2488576743422, 7.32474672534202], [-76.249084236948, 7.32473515016798], [-76.2493149094554, 7.32476900514641], [-76.2494909031826, 7.32481803348636], [-76.249835013475, 7.32493438147745], [-76.2500028215729, 7.32497531681835], [-76.2502159743877, 7.32499778098375], [-76.2504457772508, 7.3249828459425], [-76.2506787915929, 7.32493934213787], [-76.2510781697217, 7.32484452391659], [-76.2514808969258, 7.32474950874374], [-76.2516969230745, 7.3246742795553], [-76.2518831564824, 7.3245766959187], [-76.2521057674671, 7.32444107545618], [-76.2522809661936, 7.3243449909895], [-76.2527089886289, 7.32414738565427], [-76.2528936689076, 7.32402866435233], [-76.253040039866, 7.32388528094191], [-76.2531414851914, 7.32375322719067], [-76.2533776840328, 7.32339643375935], [-76.2535207337948, 7.32322171167365], [-76.2536762463616, 7.32307873475675], [-76.2538603321885, 7.32294908399403], [-76.2542287511559, 7.32272248991197], [-76.2544516211453, 7.32254738111776], [-76.2546010965633, 7.32237262665644], [-76.2547064395505, 7.32218597866103], [-76.2548328662438, 7.32188691271189], [-76.254941175195, 7.32169600282931], [-76.2550802724366, 7.32154605796525], [-76.2552108854739, 7.32145696482812], [-76.2553635849615, 7.32138728175865], [-76.2556709075862, 7.32127131058357], [-76.2558442824876, 7.3211727035185], [-76.2559822330936, 7.32102935967826], [-76.2560744720592, 7.32084665970665], [-76.2561174461632, 7.32069456006694], [-76.2561977718097, 7.32029505693242], [-76.2562766477491, 7.32008169997154], [-76.2563995149256, 7.31990707501258], [-76.2565575779698, 7.31978649481199], [-76.2567587077481, 7.31970103493588], [-76.2571295539857, 7.31960228577793], [-76.2573712773625, 7.31988077433933], [-76.2594561001189, 7.319182868056], [-76.259824939969, 7.31943516746012], [-76.2617553302443, 7.31977260118568], [-76.2643209998142, 7.31863518812458], [-76.2653777958486, 7.31867749133425], [-76.2660674922209, 7.31906611267208], [-76.2664352097171, 7.3190879985734], [-76.2672850519635, 7.31915280911594], [-76.2699488897294, 7.31934992701864], [-76.2712110792279, 7.31906936282193], [-76.2731946787914, 7.31894484808735], [-76.2731939854141, 7.31913614018184], [-76.273186738677, 7.31939351266159], [-76.2731802015051, 7.31955582590176], [-76.2734391630869, 7.31949040921612], [-76.2736774123826, 7.31940901067843], [-76.2739290831606, 7.31933287677194], [-76.2740722462372, 7.31929449820362], [-76.2743566271566, 7.3192266992139], [-76.2745062500633, 7.31919533715617], [-76.2753009422846, 7.31988178967391], [-76.2755795909254, 7.3206394307262], [-76.2755828761488, 7.3213283896545], [-76.2750416965171, 7.32330760232493], [-76.2744936478635, 7.32388513165444], [-76.2742661409696, 7.32455262916146], [-76.272667435054, 7.32612244255755], [-76.2717078179614, 7.32720689904001], [-76.2688969392423, 7.3300227788889], [-76.26651125549, 7.33051447242572], [-76.2643640071931, 7.33279851030369], [-76.2631539441991, 7.33427488503857], [-76.2612816861009, 7.33635093221034], [-76.2610325442165, 7.33722635837026], [-76.2606953614018, 7.3386070452394], [-76.2609600444704, 7.34115837601861], [-76.261054550627, 7.34175536577788], [-76.2614972338102, 7.34322496591976], [-76.262611250109, 7.34570438960615], [-76.263122217916, 7.34701317747636], [-76.2642606984724, 7.34988209574222], [-76.2645738639926, 7.3512531059062], [-76.2644128349843, 7.35141599381316], [-76.2643117763673, 7.35153449388187], [-76.2641841616697, 7.35170083338683], [-76.2640810777795, 7.35184979439255], [-76.263982128972, 7.35201120381408], [-76.2638694331278, 7.3522299692977], [-76.2637825990876, 7.35246279298356], [-76.2636687772922, 7.35287700722812], [-76.2636207768773, 7.35303717468587], [-76.2635536676676, 7.35321324755333], [-76.2634661177671, 7.35337360926466], [-76.2633461598973, 7.35351433877574], [-76.2631967132577, 7.35363976182557], [-76.2628027337591, 7.35391727552185], [-76.2626784933178, 7.35401510647201], [-76.2625314469686, 7.35415036720565], [-76.262398043335, 7.35429956563247], [-76.2622778759232, 7.35447138021004], [-76.2621746292557, 7.3546608214997], [-76.262090069601, 7.35485929917728], [-76.262039921605, 7.35500592374437], [-76.2619828056619, 7.35520842319014], [-76.2618795670883, 7.3556216823547], [-76.2617926997733, 7.35584791131198], [-76.2616774075863, 7.35601762417393], [-76.2614290687965, 7.35622421823301], [-76.2609984104482, 7.35653443847347], [-76.2604365482081, 7.35694423974477], [-76.2602702078038, 7.3570580885199], [-76.2600970595316, 7.35716781390335], [-76.2598603237949, 7.35730450545847], [-76.2596322224491, 7.35743012995644], [-76.2594133130739, 7.35754739615528], [-76.2591377545037, 7.35768508865578], [-76.2589315669382, 7.35777572952616], [-76.2587103013393, 7.3578555092842], [-76.2582456378259, 7.35800532554519], [-76.258002355924, 7.35809885683665], [-76.2578228062774, 7.35817689730582], [-76.2576477334561, 7.35826385994901], [-76.257425099089, 7.35839695781321], [-76.2572342629508, 7.35855483829501], [-76.2570954292107, 7.3587231293288], [-76.2569749596266, 7.35892620883728], [-76.2568655930726, 7.35917938328173], [-76.2567966951113, 7.35937904896379], [-76.2567395566851, 7.35957748347392], [-76.2566540464471, 7.35993363928582], [-76.2551134637154, 7.36274721597096], [-76.2538343049092, 7.3639935180461], [-76.2513768093922, 7.3688091070142], [-76.2510703564118, 7.37209739353933], [-76.251520031824, 7.3749934605391], [-76.2519057078821, 7.37892326675456], [-76.2533011148545, 7.3827115286732], [-76.2546227036748, 7.38528138458722], [-76.2566529294891, 7.39233288511336], [-76.2576997529412, 7.39515715383827], [-76.2583081658891, 7.39763785186396], [-76.2590235639863, 7.40324549803975], [-76.2598126336461, 7.40494379487862], [-76.2604869812891, 7.40678035798547], [-76.2617405139135, 7.40976387955759], [-76.2622037448069, 7.41054437418174], [-76.2631727391306, 7.41155162206786], [-76.2661883332249, 7.41298929088117], [-76.2672689612935, 7.41346738397071], [-76.2680736224996, 7.41351085809771], [-76.2694939622765, 7.41290749844041], [-76.2713799314387, 7.41356684179441], [-76.2734289440905, 7.41468510828918], [-76.2736817857858, 7.41479906408359], [-76.2741248044161, 7.41606187591283], [-76.2749763212002, 7.41642695569745], [-76.2764295572782, 7.41789258803045], [-76.2785347451823, 7.42121859392083], [-76.2793465829784, 7.42293930096573], [-76.2796075329612, 7.42466264842024], [-76.2793427797454, 7.42693977770626], [-76.2785015646954, 7.4286675066577], [-76.2775890801719, 7.42993585381416], [-76.2760568431488, 7.43125245139703], [-76.2747485292212, 7.43141823422165], [-76.2729608199858, 7.43211488415206], [-76.2708768938535, 7.43331899453344], [-76.2691382822059, 7.43477439348088], [-76.2679279440193, 7.43622726803136], [-76.2679777143001, 7.43691708131562], [-76.2683564206123, 7.43935260099899], [-76.2688016398837, 7.4410524617589], [-76.2693577563553, 7.44231471331054], [-76.2706251259488, 7.44322900097478], [-76.270449130423, 7.44470152031603], [-76.2696489874108, 7.44557851579293], [-76.2693102523662, 7.44663737307333], [-76.2692686128561, 7.44760331869524], [-76.2695696267368, 7.44806147651293], [-76.2705146550273, 7.44879438081301], [-76.2716856523709, 7.44876598741734], [-76.2725579264072, 7.44874015708955], [-76.2746232869351, 7.44834137251332], [-76.2760714715212, 7.44874873931984], [-76.2771570818338, 7.44998692591283], [-76.2786836702152, 7.45227999838011], [-76.2799776507479, 7.45399937083113], [-76.2804193491736, 7.45521581091774], [-76.280361525464, 7.45744673393632], [-76.2803254365696, 7.45951608115881], [-76.2807295936958, 7.46227337647168], [-76.2807373674355, 7.46404315232612], [-76.2812464844376, 7.46470807687273], [-76.2826042062191, 7.46536993742909], [-76.284032934872, 7.46639855680435], [-76.2847971292841, 7.46761454722993], [-76.2843419230413, 7.46867399266698], [-76.2840931076108, 7.46938787810441], [-76.2839180455813, 7.47125009527192], [-76.2847828462513, 7.47423538940782], [-76.2878717117101, 7.47663812250744], [-76.2887233588959, 7.47700205385775], [-76.2894388064557, 7.47773486822563], [-76.2912802447874, 7.47869351764776], [-76.2924756803084, 7.47901053496423], [-76.2944287640761, 7.47900297616241], [-76.295097523332, 7.47966716056702], [-76.2966462952903, 7.48184479695577], [-76.2974566501043, 7.48299166369019], [-76.2995341973453, 7.48521297025818], [-76.2997443446258, 7.4860397457934], [-76.2999255328371, 7.4903159834515], [-76.2999130412538, 7.49231633378733], [-76.3004958334159, 7.49410685250476], [-76.3010778206848, 7.49573708415457], [-76.3032877993924, 7.49683167329853], [-76.3033839504089, 7.49770537186086], [-76.3043412985121, 7.50082789444705], [-76.3061671327069, 7.50337342819639], [-76.3085903100947, 7.50566292046256], [-76.3108212295161, 7.50618241743977], [-76.3123175017512, 7.50688860917707], [-76.3143881988562, 7.50773083236714], [-76.314858012787, 7.50998269250231], [-76.3152799746911, 7.51149849441497], [-76.3171969488801, 7.51369788000803], [-76.3183254127876, 7.51440591715427], [-76.3190637229125, 7.51516112104376], [-76.3184595934355, 7.51829046049114], [-76.3175836654538, 7.52247824532938], [-76.317570236777, 7.52427184512411], [-76.3173543841974, 7.52721623719408], [-76.3154980423007, 7.52802761903385], [-76.3125865420353, 7.52898208211184], [-76.3099033121881, 7.52989027866782], [-76.3082627985892, 7.53263295370215], [-76.3072885027622, 7.53532705635276], [-76.3072131080984, 7.53872929777294], [-76.3078273999145, 7.54222171961064], [-76.3077883720357, 7.54344053300815], [-76.3076331958153, 7.54475146756011], [-76.3076877756703, 7.54633808838596], [-76.30852131051, 7.54778285195088], [-76.3089824702648, 7.54810351421958], [-76.3102641858435, 7.54710875791671], [-76.3111159742228, 7.54768041467326], [-76.3134707275919, 7.55001640908377], [-76.3146005998378, 7.5509774138303], [-76.3148158354823, 7.55256320278322], [-76.3163868296884, 7.55455640530746], [-76.3173984275953, 7.55473644058788], [-76.3191556615045, 7.55707436494352], [-76.3198991733082, 7.55881889413012], [-76.3218024822987, 7.56269657833776], [-76.3217299708614, 7.56289238772684], [-76.3218988671389, 7.5636154327593], [-76.32228590567, 7.56754491342021], [-76.3232487846037, 7.57186337694635], [-76.3226888163358, 7.57476318602518], [-76.3213790868753, 7.57911360516159], [-76.3211084026306, 7.58477114842241], [-76.321422244441, 7.58789567829548], [-76.3233955944311, 7.59214114205246], [-76.3240037438777, 7.5941619168913], [-76.3257209966267, 7.59769596924579], [-76.3275519110918, 7.60086131844724], [-76.3286709492049, 7.6042594841399], [-76.3296904881255, 7.60595626382246], [-76.3309893142055, 7.60843422611052], [-76.3312751322415, 7.61050173601811], [-76.3316608910372, 7.61415568418917], [-76.3320892741007, 7.61707402559743], [-76.3324961067099, 7.62040593193973], [-76.3337954031353, 7.62297530221982], [-76.3348832509612, 7.62448872992232], [-76.3372421331179, 7.62749075864287], [-76.3380553999367, 7.62932635857583], [-76.3383626038511, 7.6311407488976], [-76.3391856525957, 7.63481604877265], [-76.3396302729187, 7.64102201930162], [-76.3398985253966, 7.64403269410431], [-76.3404029686221, 7.64846743547435], [-76.3401656393327, 7.65154969811058], [-76.3403691918846, 7.65538860445095], [-76.340750897436, 7.65821453782095], [-76.3412925465138, 7.66090193152912], [-76.3418835872577, 7.66414129493493], [-76.3420299618132, 7.66570361877703], [-76.3413222304366, 7.66674187618667], [-76.3402011715468, 7.66752814535764], [-76.3398106832164, 7.66755278768098], [-76.3388993012617, 7.66902806524294], [-76.3375092002893, 7.67140143098115], [-76.3374702614434, 7.67262030912977], [-76.3377758195983, 7.67409027349714], [-76.3383144271691, 7.67597354829034], [-76.3400214762101, 7.67746097929046], [-76.3400192818643, 7.68153018761761], [-76.3400980372945, 7.68336961686382], [-76.3415279404621, 7.68895027168699], [-76.3423264718891, 7.69244150911756], [-76.3432839153204, 7.69535708241255], [-76.3430386171384, 7.69692146929941], [-76.3424454809741, 7.69779758613869], [-76.341517080249, 7.70035385599459], [-76.3410225556464, 7.70253955750348], [-76.3403824245092, 7.70330072299883], [-76.3395373414751, 7.70427078211974], [-76.3391302723442, 7.70544416986133], [-76.3380056359513, 7.70579453134132], [-76.3377345847832, 7.70655383793801], [-76.337929223255, 7.7086681395717], [-76.3373617600371, 7.71011903291569], [-76.3365683151756, 7.71230631723134], [-76.3355475963444, 7.71474778862802], [-76.3353508534591, 7.71672637177306], [-76.3355206382668, 7.71681926094858], [-76.3340874282922, 7.72047589539459], [-76.3400841751445, 7.726981164797], [-76.3512423695397, 7.73338762298832], [-76.3535939105305, 7.73527246170258], [-76.3544697548753, 7.73591605702826], [-76.3554609633528, 7.73653536166539], [-76.3559679831359, 7.73681156774745], [-76.3569370700897, 7.73722435296933], [-76.3574442814284, 7.73763725600232], [-76.3578129459107, 7.73807457203162], [-76.3581132331391, 7.7386489519353], [-76.3585749171986, 7.73945512400247], [-76.3592206277298, 7.74055729263265], [-76.359844386709, 7.74150155380132], [-76.3603746027057, 7.74271953532592], [-76.361020618107, 7.74389289338988], [-76.3617132777455, 7.74499715024582], [-76.3622432859988, 7.74575433893909], [-76.3629582047573, 7.74646653275177], [-76.3636044989484, 7.74694987338542], [-76.3643888669526, 7.74763910390894], [-76.3647812789328, 7.74807628054336], [-76.3656109709695, 7.7489718955839], [-76.3661882305024, 7.7495696236866], [-76.3670646513125, 7.7505125070939], [-76.3678467305422, 7.75171402562914], [-76.368071238197, 7.75270938177982], [-76.3679328891914, 7.75308986874971], [-76.3672068215375, 7.75395463434616], [-76.3672561628416, 7.75500460182812], [-76.3676585869742, 7.75590024834498], [-76.3684448624404, 7.75698744596101], [-76.3708116244568, 7.75848236561578], [-76.3710331508592, 7.75890861638667], [-76.3710873350125, 7.75966292994736], [-76.3716045647988, 7.76012806290684], [-76.371526070172, 7.76077069415926], [-76.3719161403176, 7.76137312211892], [-76.3715980761903, 7.76232188799171], [-76.3721943177135, 7.76330737048573], [-76.3721361135907, 7.76473404059038], [-76.3726992339824, 7.76619141714703], [-76.3726996575631, 7.76758732324318], [-76.3729309829785, 7.76806456557406], [-76.3740570852663, 7.76944959706802], [-76.374012116466, 7.77115916960669], [-76.3742498369604, 7.77181219882062], [-76.3746891548806, 7.77238869213112], [-76.3751364515859, 7.77266662850876], [-76.3770812723828, 7.77256357969211], [-76.3775635832927, 7.77270028653566], [-76.379061598414, 7.77312494280849], [-76.379667610172, 7.77386866685213], [-76.3806065113814, 7.7740095780262], [-76.3816616301801, 7.7748300978773], [-76.3833192992462, 7.77511084463637], [-76.3846278883663, 7.7761132955387], [-76.3854743311754, 7.77717056641503], [-76.385980726829, 7.77811566485255], [-76.3861564174846, 7.78019228669111], [-76.3873896829874, 7.780934023233], [-76.3874741877835, 7.78139452468393], [-76.3873844174569, 7.78184187984525], [-76.3872424621699, 7.7819573051319], [-76.3871579070118, 7.78208335231122], [-76.3870171244407, 7.78218124351596], [-76.3868764578822, 7.78225112713417], [-76.3867497928686, 7.78236312690314], [-76.3866370655481, 7.78248914620349], [-76.3865103573671, 7.78264315780183], [-76.3863975598994, 7.78283919741739], [-76.3862988170367, 7.78302133711133], [-76.3862420473326, 7.78335774471046], [-76.3862554679155, 7.78375728561653], [-76.3862830285389, 7.78405881121145], [-76.3862827569436, 7.78424104713293], [-76.3862825006369, 7.7844092770128], [-76.3862563816267, 7.78463565435823], [-76.3861832307715, 7.78494188520612], [-76.3861126897488, 7.78509604249466], [-76.3860281211009, 7.78523609211822], [-76.3859153910824, 7.78536202148637], [-76.385816808299, 7.78547404913432], [-76.3857182255156, 7.78558607678227], [-76.3855633289844, 7.78575406564388], [-76.3854364751132, 7.78596409511313], [-76.3853166764234, 7.78613921290059], [-76.3851687658258, 7.78634221956401], [-76.3850982517828, 7.78646827843454], [-76.3850417239963, 7.7866504594973], [-76.384928952609, 7.78681849062705], [-76.3848163008316, 7.78695851327096], [-76.3846895144095, 7.78709852242506], [-76.384520562374, 7.78728050024109], [-76.3844079222877, 7.78740651864215], [-76.3842671091397, 7.78753251006345], [-76.3841122953461, 7.78761629270392], [-76.3839153276302, 7.78772813419223], [-76.3837606460369, 7.78776999403619], [-76.3835216242235, 7.78781168031095], [-76.38331055244, 7.78789540899209], [-76.383113757394, 7.78792313239279], [-76.3829028187101, 7.78796484654658], [-76.3826919070059, 7.78797846318169], [-76.3823895702225, 7.78805509801055], [-76.382087102138, 7.7881738363996], [-76.3818619730516, 7.78827155223648], [-76.3817212633256, 7.78838344768411], [-76.3815789141355, 7.78851062081469], [-76.3814437631191, 7.78866178785738], [-76.3812748236741, 7.78884656706156], [-76.3811733720534, 7.78898092667457], [-76.3810719195334, 7.78911537532045], [-76.3809536164162, 7.78924973583278], [-76.3808522529291, 7.7893672898147], [-76.3807676519055, 7.78951854229303], [-76.3806661589161, 7.78971180929872], [-76.3805141123364, 7.78987138050594], [-76.380817254013, 7.79010744175116], [-76.3836004453043, 7.79181878415562], [-76.3841765797853, 7.79209464399866], [-76.3851453645669, 7.79292057866777], [-76.3858599982403, 7.79377156665048], [-76.3895734329675, 7.79726479248206], [-76.4208381390688, 7.83422638988068], [-76.4195698278852, 7.834320356444], [-76.419063559036, 7.83431982764262], [-76.4186021798467, 7.83422978662004], [-76.4177262986298, 7.83413752966797], [-76.4172650462448, 7.83418409026826], [-76.4166888605025, 7.83441541658288], [-76.4160447291809, 7.83476113846045], [-76.4155606690896, 7.8348768488322], [-76.4148927417066, 7.83513117890543], [-76.4142936196548, 7.83552299553449], [-76.4137637813733, 7.83584558325171], [-76.4133716328945, 7.83609955539482], [-76.4128658155049, 7.83637566075276], [-76.412265536925, 7.83656085904101], [-76.411736431591, 7.83672298342355], [-76.4112523670031, 7.83683859936648], [-76.4108612545433, 7.83695370179649], [-76.4104459377298, 7.83711519485495], [-76.4098925587945, 7.83739273553093], [-76.4094558605995, 7.83766845507974], [-76.4090405150077, 7.83792255402723], [-76.4084413830634, 7.83842847393947], [-76.4080270591015, 7.8387525860076], [-76.4074744355967, 7.83916672560847], [-76.4071975685129, 7.83928227590084], [-76.4067824657382, 7.83946644266675], [-76.4050087175782, 7.839815056764], [-76.4044096701701, 7.83993012861709], [-76.4038332362148, 7.84002257802405], [-76.4031185494815, 7.84011570012399], [-76.4023788148304, 7.84025052018989], [-76.4023582689189, 7.84025424698041], [-76.4017361521017, 7.84027801066617], [-76.4010217144805, 7.84030228336821], [-76.4003758051992, 7.84023474338324], [-76.3997993028955, 7.84011929741218], [-76.3992465444924, 7.84000489375534], [-76.3985326149881, 7.8400065718903], [-76.397586978756, 7.84021389260156], [-76.3970336187065, 7.84039989848105], [-76.3965733627704, 7.84051428415141], [-76.3958128259011, 7.84060764726961], [-76.393922156882, 7.84060902053437], [-76.3934868184618, 7.84051140002558], [-76.3934158799389, 7.84049543795861], [-76.3927009575831, 7.84033448449337], [-76.3921016475729, 7.84028926298361], [-76.3914106894517, 7.84015302108957], [-76.3907647711772, 7.84008429130154], [-76.3900735585478, 7.84001689520808], [-76.3892664035217, 7.83997055224368], [-76.3885517032984, 7.83994845590103], [-76.3879761299943, 7.83990309769433], [-76.3873989316154, 7.83985883126456], [-76.3867994903042, 7.83978975164025], [-76.3861086517928, 7.83979019770397], [-76.3847947656658, 7.83986064519712], [-76.3843109349017, 7.83990729572964], [-76.3837112049081, 7.83999984676001], [-76.382881204404, 7.84011615518091], [-76.3823748869914, 7.84020927638153], [-76.3817525057735, 7.84030185798889], [-76.3811992563406, 7.84039523549625], [-76.3808879614103, 7.84046388794257], [-76.3807841661563, 7.84048677209136], [-76.38037029905, 7.84060305623057], [-76.3797933389914, 7.84071806513109], [-76.3783184229568, 7.84094974397998], [-76.3778342486516, 7.84095121617017], [-76.3774662244866, 7.84095214247187], [-76.3769356514591, 7.84095160737528], [-76.3764294563543, 7.84095211459291], [-76.375737816547, 7.8410224784491], [-76.3752538158109, 7.84113805751983], [-76.3747696001369, 7.8412310510167], [-76.3741934332803, 7.8413923066541], [-76.3737559490778, 7.84153139310379], [-76.3732487791078, 7.84166850823954], [-76.3726956447882, 7.84189965828706], [-76.3722574878927, 7.8421312660895], [-76.3719116500026, 7.84224608793107], [-76.3711521014882, 7.84252353597682], [-76.3702074374232, 7.84291492992449], [-76.3697924389699, 7.84312391078427], [-76.3692397084458, 7.84333020896641], [-76.3685015934737, 7.84358485919829], [-76.3676266421558, 7.84376923730485], [-76.3670507630822, 7.84388530830472], [-76.3662435145265, 7.8440240512134], [-76.3658751881894, 7.84407014506553], [-76.3655756923642, 7.84409436200963], [-76.3650225454541, 7.84420913169048], [-76.3645839128173, 7.8442556077545], [-76.3639617771143, 7.84428040206328], [-76.3635468407141, 7.84430298493916], [-76.3630857241268, 7.84428064398092], [-76.3627868659211, 7.84418965777085], [-76.3625793104867, 7.84414335167871], [-76.3620941694103, 7.84405220179205], [-76.3616795297864, 7.84402960632564], [-76.361104067099, 7.84400680041789], [-76.360758142874, 7.84400750278841], [-76.3605961398999, 7.84400729684367], [-76.3596050897031, 7.84357221473033], [-76.3592826827496, 7.84343274427018], [-76.3588214492505, 7.84327261458392], [-76.358267469568, 7.84313557409191], [-76.3578063197058, 7.84309063856654], [-76.3573227659328, 7.84309100099332], [-76.356378040714, 7.84327573433207], [-76.3556400804254, 7.84346151538102], [-76.3551799252133, 7.84359953253681], [-76.3548337860503, 7.84357764483684], [-76.3543727971668, 7.84346268270104], [-76.3539585397548, 7.84339381801472], [-76.3532900008328, 7.84323362807392], [-76.3526440744644, 7.84304964207174], [-76.3523440345495, 7.84295756948064], [-76.351929524428, 7.84295863607662], [-76.3516062802056, 7.8429818871488], [-76.3512380788742, 7.84305154863452], [-76.349323860208, 7.8427998688633], [-76.3483566357501, 7.84247982442882], [-76.3477565559203, 7.84229558391853], [-76.3470882804997, 7.84206653288861], [-76.3460734855029, 7.8417456547826], [-76.3455900189642, 7.84156186573201], [-76.3442525157409, 7.84082710433191], [-76.3435837888607, 7.8404139135158], [-76.3431679027764, 7.84016090904322], [-76.3426384817805, 7.8398396667118], [-76.3422005326285, 7.83949416876541], [-76.3418078157781, 7.83921953469829], [-76.3414849267879, 7.83898979029117], [-76.3410935364375, 7.83875923919207], [-76.3407012251814, 7.838576127331], [-76.3405168344843, 7.83850700453922], [-76.3400561495716, 7.83834684787329], [-76.3395720508095, 7.83834719051497], [-76.339202841338, 7.83834808893771], [-76.3389256882699, 7.83841616671729], [-76.3384192674352, 7.83857817508725], [-76.3379356552063, 7.83878632317486], [-76.3373595908724, 7.83897120400243], [-76.3367826047334, 7.83908615624567], [-76.3362759320885, 7.83920181355736], [-76.3358383471619, 7.83922557454517], [-76.3355382973545, 7.83924868712173], [-76.3352162294454, 7.83927182847665], [-76.3349622429132, 7.83931836569454], [-76.3346404259149, 7.83938785540973], [-76.3340181355285, 7.83950295694042], [-76.3336952825113, 7.83948101528114], [-76.3328879674057, 7.8390900503101], [-76.3325419487519, 7.83909072929826], [-76.3322890036346, 7.83922987060659], [-76.3321279611365, 7.83939110735824], [-76.3318515257273, 7.83989630151763], [-76.3313207566476, 7.84008102226592], [-76.3309302440355, 7.84001309017651], [-76.3306527348358, 7.83989820088579], [-76.3303527488802, 7.839714584505], [-76.330145157473, 7.83964449764001], [-76.329845918854, 7.83959983910581], [-76.3295004379948, 7.83959942811562], [-76.3293385294496, 7.8396002941628], [-76.329108574601, 7.83960034992074], [-76.3288090347091, 7.83960086703094], [-76.3283363186661, 7.8393599845202], [-76.3281632855072, 7.83902714812891], [-76.3280935970419, 7.838704510949], [-76.3280932175279, 7.83831373753354], [-76.3282082156366, 7.8380138756844], [-76.3283686394012, 7.83697848441413], [-76.3276079001844, 7.83651949112624], [-76.3272847971556, 7.83645119481145], [-76.3269624018933, 7.83631178550515], [-76.3265934316415, 7.83603700664721], [-76.3262711110229, 7.83569204469675], [-76.3260403413886, 7.83543911486792], [-76.3253479029833, 7.83534794069957], [-76.3250030120793, 7.83544013379978], [-76.3244493651461, 7.8357852531316], [-76.3240576357513, 7.83613185634472], [-76.3235972242325, 7.83654541768151], [-76.3232294419851, 7.83691439153056], [-76.3228830600051, 7.83716814244045], [-76.322238282071, 7.83772047276621], [-76.3220770291315, 7.83786020402979], [-76.3218699278548, 7.8378816375721], [-76.3216398569938, 7.83786027597554], [-76.3214088238581, 7.83774404759431], [-76.3211316662934, 7.83749136148177], [-76.3207397534369, 7.8372630496946], [-76.3202553021404, 7.83689409832861], [-76.3195635292334, 7.8365047467413], [-76.3191956633491, 7.83643550613835], [-76.3188032495703, 7.83643533526715], [-76.3185043751768, 7.83645843075659], [-76.3182277338228, 7.83650507859113], [-76.3177887927185, 7.83659776721781], [-76.3173736809506, 7.83669032814078], [-76.3169361221043, 7.83673665671596], [-76.3156219994557, 7.83591013389021], [-76.3146302981497, 7.83492151635959], [-76.3140077649464, 7.83434773450502], [-76.3134079261349, 7.8338153943097], [-76.3133853495542, 7.83379536550846], [-76.3133792881236, 7.83338971101107], [-76.3133709280258, 7.83282486751837], [-76.3133614374803, 7.83218376961004], [-76.313497418571, 7.82912350259245], [-76.3135886179203, 7.8275362342547], [-76.3134951882523, 7.82583356760999], [-76.3132474313239, 7.82177846514914], [-76.3124056227213, 7.82194501869277], [-76.3111108139129, 7.82184209578117], [-76.3089040718654, 7.82113979720899], [-76.3065028775057, 7.82010890075032], [-76.3038236460444, 7.81858512724705], [-76.3024150352256, 7.81779617449908], [-76.3004843769524, 7.81722961330124], [-76.2999063134256, 7.81726012460036], [-76.2991920466755, 7.81759349698754], [-76.2984743822869, 7.81726765912042], [-76.2971205761536, 7.81642355095137], [-76.2970066320504, 7.8157100792021], [-76.2970746028107, 7.81293602232495], [-76.2967136005522, 7.8123612772965], [-76.2951665301113, 7.81140821086564], [-76.2954514281408, 7.81321922603185], [-76.2950936148784, 7.81324857270886], [-76.2941551876118, 7.81284157192637], [-76.2932202371242, 7.81309359613796], [-76.292231794062, 7.81364804706508], [-76.2913838997471, 7.81472355709179], [-76.2909464964836, 7.81532996095426], [-76.2911432555567, 7.81609793881412], [-76.2911496245555, 7.81730612941957], [-76.2889811594529, 7.81863577076939], [-76.2878578198824, 7.81971263067854], [-76.2874254681108, 7.82128020386344], [-76.2877096286963, 7.82295389615045], [-76.2882700942894, 7.82479094579051], [-76.2882026640217, 7.82767488453322], [-76.2897240813012, 7.82895753270885], [-76.2888476550951, 7.82986838945946], [-76.2878246762677, 7.82910483626405], [-76.2868676411287, 7.83040057227341], [-76.2880314367014, 7.83176759394409], [-76.286159649848, 7.83191465648096], [-76.2828909757379, 7.83352464529086], [-76.2848557677794, 7.83532678864508], [-76.2864293142614, 7.83606008415018], [-76.2883841301235, 7.83596742340252], [-76.2901412039534, 7.83494206766698], [-76.2945195839116, 7.84010936979609], [-76.2960043583145, 7.83966215492906], [-76.2968326779857, 7.84006980412267], [-76.2968940261384, 7.84125032348812], [-76.2953272884236, 7.84180775386921], [-76.2941822554067, 7.84401075473692], [-76.2927256810453, 7.84456769049089], [-76.2923276527989, 7.8422080978699], [-76.2901944833886, 7.83983006914691], [-76.2884861905852, 7.83964676932745], [-76.2872199235606, 7.83976328818973], [-76.284971117523, 7.84153267104041], [-76.2845386101687, 7.84307278162801], [-76.2828789832784, 7.84170844443361], [-76.28194266762, 7.84217949313358], [-76.2837067138937, 7.84736566573719], [-76.2810522560567, 7.84768525241672], [-76.2805511574099, 7.84764622363859], [-76.2804873882823, 7.84742627104987], [-76.2803147427312, 7.8473684446423], [-76.2802008984527, 7.84729241955381], [-76.2800489975631, 7.84721632251955], [-76.2799160444898, 7.84715919218723], [-76.2797262488672, 7.84704516264844], [-76.279536373205, 7.84695001887259], [-76.2793084409317, 7.84685480315092], [-76.2791185742628, 7.84677863327161], [-76.2788716231269, 7.84670240043973], [-76.278662728602, 7.84662614962141], [-76.2784537432456, 7.8465499896346], [-76.2782639494217, 7.84643587016363], [-76.278093173561, 7.8463029467679], [-76.277884189104, 7.8462266959496], [-76.2777323610596, 7.8461127383565], [-76.2775616589434, 7.8459417745376], [-76.2774669162652, 7.84582788079644], [-76.2773151529719, 7.84565708964732], [-76.2771823527833, 7.84554303312882], [-76.2770305265375, 7.84542907463646], [-76.276897718255, 7.84529613235499], [-76.2767079253305, 7.84518210281611], [-76.2765561701311, 7.84503019473204], [-76.2764422368197, 7.84495416874423], [-76.2762523620568, 7.84485902406904], [-76.2760815250423, 7.84478284249857], [-76.275929688904, 7.84464991010961], [-76.2758729129046, 7.84453608831417], [-76.2757590605322, 7.8444410857319], [-76.2755881425787, 7.84438397068809], [-76.2754360168586, 7.8444026559022], [-76.2752457778704, 7.844496986691], [-76.2751316359162, 7.8445536044097], [-76.2749794544382, 7.84464809617705], [-76.2748083089563, 7.84468567524809], [-76.274637243514, 7.84470427862394], [-76.2745230197215, 7.84477986933988], [-76.2743898580055, 7.84485546994832], [-76.2743136071872, 7.84495010920456], [-76.2741994013812, 7.84506355957997], [-76.2740660840824, 7.84519599374449], [-76.2738758540874, 7.84530929842971], [-76.273685615099, 7.84540372005], [-76.2735333508834, 7.84551709758034], [-76.2733431775455, 7.84555468474525], [-76.2731530923413, 7.84559218107864], [-76.2729817175322, 7.84572454239805], [-76.2727345577536, 7.8457809487761], [-76.2725445462937, 7.8457805845507], [-76.2723163954852, 7.84579912407467], [-76.2720881826234, 7.84587449625535], [-76.2719738922813, 7.84600692142662], [-76.2717836604875, 7.84612022611187], [-76.2715744664884, 7.84617670533501], [-76.2712894029835, 7.8461761135811], [-76.2710044770749, 7.84608082861171], [-76.2708146113052, 7.84600465513504], [-76.2706245917515, 7.84598531431515], [-76.2704914992833, 7.84602296443259], [-76.2704721791477, 7.8461745919282], [-76.2705478355142, 7.84636421578025], [-76.2706615332032, 7.84651605371724], [-76.2708321597763, 7.84672487989361], [-76.2709839140763, 7.84687678977634], [-76.2710976927043, 7.84700965201815], [-76.2711544129457, 7.84719928396407], [-76.2711160002032, 7.84740766407675], [-76.2710396027954, 7.84757811168479], [-76.2709632062869, 7.84774855929288], [-76.2708679438005, 7.84788106630247], [-76.2707917829144, 7.84797561472713], [-76.2707533701719, 7.84818408477192], [-76.2707336840123, 7.84852510049724], [-76.2707141435429, 7.84879039690356], [-76.2707264165908, 7.84895342420538], [-76.2707326533892, 7.84903688129128], [-76.2707513161203, 7.84922644129147], [-76.2707889995127, 7.84939701660327], [-76.2708266909989, 7.84958665754243], [-76.2708451909528, 7.84981407630282], [-76.2708638536839, 7.85000363720232], [-76.2708255137864, 7.85017415675613], [-76.2707871648957, 7.8503257024134], [-76.2707488978433, 7.85045827417418], [-76.2706726551189, 7.85057188732691], [-76.2705394907049, 7.85064739710384], [-76.2704062435533, 7.85074188077737], [-76.2703869647866, 7.85076330622576], [-76.2700920519067, 7.85101052176236], [-76.2700628482218, 7.85112623932866], [-76.2699754413135, 7.85127072171058], [-76.2698301324546, 7.85141514563661], [-76.2696556172129, 7.85158845488745], [-76.2693944127219, 7.85164574709771], [-76.2691041502363, 7.85167418635875], [-76.2688428854908, 7.85170256446592], [-76.2685815317123, 7.85181786564615], [-76.2684073735015, 7.85181750771593], [-76.2680881438527, 7.85181682243254], [-76.2677980315539, 7.85178734175659], [-76.2673594681649, 7.85173505247483], [-76.2673048865113, 7.85172855936966], [-76.2669277243349, 7.85166989479396], [-76.2667245414044, 7.85169851122149], [-76.2665212064884, 7.85178486682228], [-76.2662309152245, 7.85184221748849], [-76.2660856639222, 7.85192872237674], [-76.2659111154056, 7.85213094483136], [-76.2658237687519, 7.85230443034931], [-76.2655621119019, 7.85253538794195], [-76.2653876847938, 7.85270869629341], [-76.2650680351617, 7.8529395019006], [-76.2647484745624, 7.85308356699715], [-76.2644581509229, 7.85316983086709], [-76.264225969353, 7.85319832678542], [-76.2637904834441, 7.85328426240288], [-76.2636743782699, 7.85331296606464], [-76.2634709830994, 7.85345723890455], [-76.2632966153465, 7.85357271725118], [-76.2630932786319, 7.85365907195271], [-76.2627739878292, 7.85371630121042], [-76.2623966430905, 7.85374455700977], [-76.2621355258338, 7.85371510151483], [-76.2618745884415, 7.85359881467767], [-76.2616136204722, 7.85351153097649], [-76.2612076404203, 7.85336599818637], [-76.260946854114, 7.85319188044501], [-76.2606859472986, 7.85304667860544], [-76.2605121802928, 7.85284382662541], [-76.2604953665678, 7.85281671836099], [-76.2604125093298, 7.85279229906944], [-76.2602619385376, 7.85264146387658], [-76.2600609877244, 7.85249061699251], [-76.2599269941354, 7.85237330762619], [-76.2597427994905, 7.85225580670427], [-76.2595921369675, 7.85212177624312], [-76.2593574651748, 7.85203769862503], [-76.2590894618092, 7.85188665838674], [-76.2589723242133, 7.85175263512016], [-76.2587881313671, 7.85163522413043], [-76.258620710877, 7.85146766784274], [-76.2584030992236, 7.85126657943327], [-76.2582858591051, 7.85119941986152], [-76.2581519599449, 7.85106539299765], [-76.2579813765392, 7.85093408568366], [-76.2577802881298, 7.85073896517526], [-76.2577637612885, 7.85069739581236], [-76.2577139460417, 7.85059744875743], [-76.2576390720855, 7.85052247947301], [-76.2575141922262, 7.85039753216457], [-76.2573892584075, 7.85029743222487], [-76.2572394709248, 7.85012246462425], [-76.2571396911438, 7.84999756677849], [-76.2569645877455, 7.84997227064795], [-76.2567893809252, 7.84999685271677], [-76.256664090975, 7.85007150364119], [-76.2564890262476, 7.85007114571096], [-76.2562889136024, 7.85004579831914], [-76.2560638025025, 7.84997052416455], [-76.2559389622133, 7.8498704233256], [-76.2558391419628, 7.84972058548081], [-76.2558144402842, 7.84957081328661], [-76.2556896107869, 7.84942083514766], [-76.2554397368543, 7.84927069063411], [-76.2553401216493, 7.8490210091565], [-76.2552403931296, 7.84887108227885], [-76.2551154620089, 7.84877107047278], [-76.2549155040472, 7.84867090758053], [-76.2547403997496, 7.8486456096514], [-76.2544904232944, 7.84854525250565], [-76.2542903619106, 7.84849496601416], [-76.254190390574, 7.84841994456902], [-76.2539904829743, 7.84829484167786], [-76.2538407476524, 7.84809493407821], [-76.2536661083042, 7.84784509701788], [-76.2534662007046, 7.84771990239584], [-76.253291252889, 7.84761978896634], [-76.25309139745, 7.84746965614402], [-76.2529666740727, 7.84726988973791], [-76.2528671011358, 7.84704514466199], [-76.252767643312, 7.84672055505388], [-76.2526931434738, 7.84642104573899], [-76.252593582228, 7.84614633433021], [-76.2525441312067, 7.84587181447698], [-76.2525197532839, 7.84552252948549], [-76.2524954131327, 7.84519809366146], [-76.2524458200185, 7.84494851290789], [-76.2523962143138, 7.84474881035368], [-76.2523214959402, 7.84459893203947], [-76.2522466372724, 7.84447408455575], [-76.2521468583907, 7.84434909497915], [-76.2520970593318, 7.84419935965711], [-76.2520973165379, 7.84407457602526], [-76.2521225326287, 7.84397478185507], [-76.2521980747813, 7.84372545740831], [-76.2522233421335, 7.84360081586937], [-76.2522237036609, 7.8434261540382], [-76.2522241668118, 7.84320161400769], [-76.2522749587224, 7.84282745466774], [-76.252300584904, 7.84252805956671], [-76.2523259682688, 7.84230357259627], [-76.252351336345, 7.84212896292575], [-76.2524520819979, 7.84182981244033], [-76.2525276763112, 7.84155554979329], [-76.2526781922447, 7.84133123009667], [-76.2528787644434, 7.841132040156], [-76.2529791611593, 7.84095758516893], [-76.2531546215885, 7.84080822036757], [-76.2533300829169, 7.84065885826417], [-76.2534804954285, 7.84048450400115], [-76.2536809651044, 7.84033519315914], [-76.2538063171078, 7.84018581756596], [-76.2539066994346, 7.84006123897951], [-76.2540821607631, 7.83991187597684], [-76.2541824522583, 7.83978729739041], [-76.2543078033624, 7.83963792089789], [-76.2544081344278, 7.8395382814111], [-76.2545682623154, 7.83933288524898], [-76.2546810184142, 7.83925296969333], [-76.2548258506325, 7.83917297769533], [-76.2549386130265, 7.83907697776484], [-76.2550064282041, 7.83903217174187], [-76.2549239864528, 7.83835528351409], [-76.2547679252995, 7.83820962122162], [-76.2546402206696, 7.83806345261081], [-76.2545308154447, 7.83789911679537], [-76.2544105886777, 7.83772715652766], [-76.2544031944518, 7.83771653373563], [-76.25425726596, 7.83751570163295], [-76.2541478625338, 7.83735136581746], [-76.2539653388293, 7.83720511806636], [-76.2538376359981, 7.83705894765693], [-76.2537098423353, 7.83691286897834], [-76.2535821431014, 7.83678495120914], [-76.2533995348606, 7.83665695519896], [-76.2532535326244, 7.83652904012773], [-76.2531579104092, 7.83640140924229], [-76.2531440419639, 7.83638286612103], [-76.2530712445422, 7.83621861304318], [-76.2529801414203, 7.83603611092243], [-76.2528708198324, 7.83583526982649], [-76.2527431997389, 7.8356526849681], [-76.2525788918024, 7.83550652355187], [-76.2523779886532, 7.8354149437893], [-76.2521584443567, 7.83543270270176], [-76.2519755105614, 7.83546879609274], [-76.2517012380217, 7.83548656669634], [-76.2515000048213, 7.83554082549338], [-76.2512072557103, 7.83559501504257], [-76.2510608451818, 7.83566760382153], [-76.2509143492178, 7.83575853517292], [-76.2506948121159, 7.83581279936586], [-76.2505118819178, 7.83586714449777], [-76.2503289436258, 7.83588498344985], [-76.2501460089311, 7.83592107684088], [-76.2500362017093, 7.83597558564944], [-76.2498714881786, 7.83604826795784], [-76.2497249085776, 7.83617561555684], [-76.2495966346769, 7.83632120950085], [-76.2494683616755, 7.83646680344486], [-76.2493949095474, 7.83661256826002], [-76.249266636546, 7.83675825123693], [-76.2491385200266, 7.83679442286893], [-76.2489374469056, 7.83675750929626], [-76.2487730607281, 7.83666601137194], [-76.2485172503708, 7.83659260600859], [-76.2483710799613, 7.83651935622794], [-76.2480603614965, 7.83644578089268], [-76.24776777876, 7.83644520982319], [-76.2475300177961, 7.83644480872556], [-76.2473469994644, 7.83651731476687], [-76.2471821231564, 7.8366811676464], [-76.247054014731, 7.83675384276028], [-76.2469440357386, 7.83686301865798], [-76.2467792412689, 7.83699036805569], [-76.2465777580571, 7.83715404826531], [-76.246266706843, 7.83722640052256], [-76.2461020778485, 7.83728074025853], [-76.2458641577047, 7.83738967064138], [-76.2456626690969, 7.8375351890423], [-76.2454246599201, 7.83766237296472], [-76.2452415624481, 7.83778963512813], [-76.2451314197792, 7.83798998159694], [-76.2450944918173, 7.83819049354101], [-76.2450757778249, 7.83839109271935], [-76.2450755359072, 7.83853693037963], [-76.2450020765845, 7.83866444165521], [-76.2448372776182, 7.83877353931193], [-76.2446178214553, 7.83879138366], [-76.2443801477256, 7.83879089083153], [-76.244160765307, 7.8387357264172], [-76.2440329059938, 7.83869897742044], [-76.2438206219241, 7.83868452711379], [-76.2436774561497, 7.83868417907614], [-76.2434628833054, 7.83863025572629], [-76.2433555941853, 7.8385765023483], [-76.2431230825642, 7.83854038017896], [-76.2429799167897, 7.83854012297285], [-76.2427650822427, 7.83859318387288], [-76.2426040667243, 7.83861072784735], [-76.2424072590877, 7.83861029347486], [-76.2421925099763, 7.83860986180025], [-76.2420137265522, 7.83853813367248], [-76.241888763056, 7.83841299840571], [-76.2418176149909, 7.83821656488715], [-76.2418177849628, 7.83809168952446], [-76.2418718647947, 7.83791340792203], [-76.2419437916726, 7.83771723430752], [-76.2420337481589, 7.83748545563387], [-76.2421413799207, 7.83732515057985], [-76.2422489271462, 7.83723613748235], [-76.2423923519254, 7.8370937199438], [-76.2425357767047, 7.83696910268654], [-76.2426792896175, 7.83679090292247], [-76.2427511292612, 7.83663050973483], [-76.2427694160756, 7.8364521408982], [-76.2427698495489, 7.83623799163463], [-76.2427164648929, 7.83607733854298], [-76.2425735599218, 7.83595211424333], [-76.2423233712266, 7.83580891969055], [-76.242108711148, 7.83577279572258], [-76.241911994343, 7.83575455927016], [-76.2416793073541, 7.83577192967548], [-76.2414825006169, 7.83578938551639], [-76.241285694779, 7.83578895024451], [-76.2410530950242, 7.83577062925579], [-76.2408385239787, 7.83571670230864], [-76.2405702211387, 7.83566269172448], [-76.2403019209968, 7.83564428080356], [-76.2401408137475, 7.83564393276592], [-76.2399619475858, 7.83564358742628], [-76.2397651399492, 7.8356253509738], [-76.2395684186475, 7.83557142312733], [-76.2393896379214, 7.83549969320095], [-76.2392825286657, 7.83539244544963], [-76.2392112924671, 7.83521390304388], [-76.2392475207565, 7.83501773122798], [-76.2392478687941, 7.83483927335845], [-76.2392661547092, 7.83462521312775], [-76.239230800561, 7.83442886594413], [-76.2391775948701, 7.83421463034564], [-76.2390885089275, 7.83401819682703], [-76.2389097264027, 7.83392866572004], [-76.2387488871514, 7.83385693399501], [-76.2385879588672, 7.83380309338279], [-76.2384090918061, 7.83378485423234], [-76.2381764048172, 7.83380222193968], [-76.2380332435393, 7.8338376534297], [-76.2379255200467, 7.83399804841591], [-76.2377643327577, 7.83410477456042], [-76.2377102529258, 7.83430094817494], [-76.237691962514, 7.83446142679809], [-76.2376558241569, 7.83465768764689], [-76.2376555606556, 7.83478256390891], [-76.2376195077341, 7.83490735203736], [-76.2375262894067, 7.83508700960249], [-76.2373727391605, 7.83509330845413], [-76.2372612061397, 7.83516517237949], [-76.2371811466925, 7.835172992884], [-76.2370603353661, 7.83518481627094], [-76.236927176348, 7.83524486400396], [-76.2368545722807, 7.8352929453578], [-76.2366732078022, 7.83535278804541], [-76.236552304745, 7.83536461233163], [-76.236370963649, 7.83537629452504], [-76.236136712739, 7.83544210061709], [-76.2358506752684, 7.8354985942294], [-76.235393021071, 7.83555470203252], [-76.234821083726, 7.83555356439016], [-76.2344209915355, 7.83543869128725], [-76.2341351824927, 7.83538106003258], [-76.2337348627736, 7.83538030819936], [-76.2334488936515, 7.83537969396239], [-76.2332313746282, 7.83540420948137], [-76.2331312171319, 7.83550357377559], [-76.2331355950316, 7.83570288062807], [-76.2330398226297, 7.83593242808373], [-76.2328826337266, 7.83607717396707], [-76.2326467208694, 7.83611949336457], [-76.2324179971928, 7.8360620221892], [-76.232189521729, 7.83594753219752], [-76.2319038502824, 7.83577577697517], [-76.2317328504906, 7.83549030697676], [-76.2315618497995, 7.83520483517968], [-76.231505132256, 7.83497651979524], [-76.2314486440396, 7.83463426120688], [-76.231277575, 7.83440580642754], [-76.2310487811763, 7.83440534957192], [-76.2307629730328, 7.8343477156193], [-76.2305347988419, 7.83406208644085], [-76.2303637999494, 7.83377661374445], [-76.2300783605279, 7.83349082358738], [-76.2298498877621, 7.83337633179699], [-76.2294494088631, 7.83343250165334], [-76.2291632095145, 7.83354600778676], [-76.228991063087, 7.83383079340112], [-76.2289508418079, 7.83397394478643], [-76.2289329686815, 7.83428694662998], [-76.2290513266574, 7.83444971043049], [-76.2292605197571, 7.8345506566322], [-76.2294308936208, 7.83464384977856], [-76.2296864971341, 7.83478350280108], [-76.2299187083817, 7.83500821190415], [-76.2301276101011, 7.83526385228963], [-76.2302743201038, 7.83556580326385], [-76.2303742860444, 7.8359757888962], [-76.2303586639212, 7.8362859776604], [-76.2303578167598, 7.83668518491799], [-76.2303571287785, 7.83702737515783], [-76.2302418608732, 7.83748346003827], [-76.2301264319892, 7.83799647110483], [-76.2300114608602, 7.83828141589917], [-76.2299535975804, 7.83862353689129], [-76.2298573260548, 7.83886203260127], [-76.2298386264514, 7.83890848168566], [-76.22983793847, 7.83925067282482], [-76.2298944968335, 7.83953591439549], [-76.2301229048481, 7.83970751313575], [-76.2303514018956, 7.83987901924588], [-76.2305801075859, 7.83987947520211], [-76.2308087440283, 7.83993694817617], [-76.2311518236976, 7.83999473951014], [-76.2313801624645, 7.84022326173863], [-76.2316081136235, 7.84062301488471], [-76.2316077260157, 7.84079406503858], [-76.2316644444585, 7.84102229049084], [-76.2317210963515, 7.84130762199365], [-76.231663233971, 7.84164965305349], [-76.2316625486876, 7.84199184149475], [-76.2316048239035, 7.84221993114937], [-76.231375500379, 7.84250455758369], [-76.2312604627002, 7.84284651849649], [-76.2309738712471, 7.84313116741386], [-76.230687209647, 7.84347274251746], [-76.2304009374533, 7.84364326836651], [-76.230171522198, 7.84392798563242], [-76.2300838877612, 7.84410183087919], [-76.2300567111483, 7.84415591340903], [-76.230056252494, 7.84438398147993], [-76.2301703099118, 7.84455534909445], [-76.2303417719552, 7.84461275282067], [-76.2305704794441, 7.84461320787764], [-76.2308564557608, 7.84461373218234], [-76.2311425912575, 7.84455733120027], [-76.2313715271742, 7.84444366318886], [-76.2315434460731, 7.84427290981135], [-76.2318293522428, 7.84433054106601], [-76.2320579913832, 7.84438801134203], [-76.2324007562898, 7.84455983491282], [-76.2325145861792, 7.84484523476416], [-76.2324567237988, 7.84518726582401], [-76.2323415952883, 7.84552922763606], [-76.2322838938866, 7.84581433161048], [-76.2321114281998, 7.84621315126024], [-76.2320533391902, 7.84666930538847], [-76.2322241186481, 7.84706889845519], [-76.2323949673538, 7.84741147360488], [-76.2326804886136, 7.84764015231547], [-76.2329084460679, 7.84803981283132], [-76.2330793874038, 7.8483823879811], [-76.2333074141059, 7.84872503147926], [-76.2335353733587, 7.84912469109582], [-76.233477512777, 7.84946681118861], [-76.2333625443459, 7.84975175778162], [-76.2331904653677, 7.84997952907618], [-76.2330183189402, 7.85026431558989], [-76.2327318156208, 7.85054887547438], [-76.2325906382473, 7.85068911305632], [-76.2323690965565, 7.85107770291784], [-76.2323298186662, 7.85117504014016], [-76.2322317098255, 7.8514085760891], [-76.2321530838977, 7.851642192977], [-76.2321331558205, 7.85183701670908], [-76.2321132277432, 7.85203174960973], [-76.2321128626185, 7.85220713719373], [-76.2319565757354, 7.85238711761549], [-76.2317324143194, 7.85254901357025], [-76.2314472428959, 7.85267019991391], [-76.2311215866918, 7.85268985010061], [-76.2307351201297, 7.85256722574099], [-76.2301049408903, 7.85224127725725], [-76.2295359011609, 7.85187480802013], [-76.2292109293409, 7.85156979485428], [-76.2283936011837, 7.85127236117473], [-76.2277136993277, 7.85107379806151], [-76.2274372162545, 7.85087606322389], [-76.2273333535514, 7.8506785271365], [-76.2272638638362, 7.85036362232752], [-76.2270531913517, 7.85011766044586], [-76.2268423327075, 7.85001193434752], [-76.2264906591166, 7.84990593395591], [-76.2260332360449, 7.84990501934536], [-76.2256811955307, 7.84997449647003], [-76.2253991951167, 7.85021954374112], [-76.2251030474677, 7.85067393250017], [-76.2250216273462, 7.85135257800322], [-76.2249067425521, 7.85163725300097], [-76.2247631163247, 7.85200737168699], [-76.2245623471745, 7.85234886765023], [-76.2242759472771, 7.85269026019148], [-76.2236461385584, 7.85323029588553], [-76.2229592085006, 7.85379881490748], [-76.2224724936107, 7.85425372347466], [-76.2221288203887, 7.85459495503721], [-76.2213283797009, 7.85476421464083], [-76.2212426221492, 7.85479257386224], [-76.2208425515425, 7.85479172310357], [-76.2202134856638, 7.85501838733277], [-76.2198984801307, 7.8553311886275], [-76.2196980275419, 7.85555874048752], [-76.2194403951581, 7.85578613226819], [-76.219125548805, 7.85604191564592], [-76.2188105414733, 7.85635471694064], [-76.2183531831528, 7.85643927389736], [-76.2178387187818, 7.85646665285777], [-76.2175244587867, 7.856465994554], [-76.2170674035378, 7.85637959038979], [-76.216753250562, 7.85629345152558], [-76.2166392147279, 7.85617927539726], [-76.21626781181, 7.85614999347143], [-76.215765542246, 7.85624092032623], [-76.2136691649999, 7.85679455197098], [-76.2134587470235, 7.85682851127078], [-76.2127790529109, 7.8569382294597], [-76.212528834538, 7.85693272470947], [-76.2124144902365, 7.85695318518535], [-76.2118009340658, 7.85702533599444], [-76.2112609028683, 7.85712205268457], [-76.210401862356, 7.85719364141741], [-76.2098864456029, 7.85726601525837], [-76.2092236596441, 7.85738693630204], [-76.2087080135639, 7.85755716987144], [-76.2084626002688, 7.85760558307516], [-76.208143004596, 7.85787403520248], [-76.2077009401463, 7.85804443514649], [-76.2072345769142, 7.85814131641257], [-76.2067923973512, 7.85836060170436], [-76.2063502744456, 7.85855539845681], [-76.2059818231026, 7.85875036428182], [-76.2056380077878, 7.85887201287702], [-76.2052692731584, 7.85918932696974], [-76.2049989036764, 7.85940900436596], [-76.2045568689043, 7.85960379931978], [-76.2039675449662, 7.85977385932005], [-76.2038202674913, 7.85982249465627], [-76.2032552738118, 7.86009047104225], [-76.2025925696913, 7.86021138219342], [-76.2022241947907, 7.86033297233267], [-76.2018558513664, 7.86047896017974], [-76.201541931315, 7.86061735235282], [-76.2015208880785, 7.86064890506676], [-76.2012629274421, 7.86079686242911], [-76.2009098742912, 7.86090238168342], [-76.2005904521875, 7.86045788996351], [-76.2004237232762, 7.86008491413138], [-76.2003703736938, 7.85971552119823], [-76.2003508008488, 7.85880632909274], [-76.2002532073196, 7.85839667980689], [-76.2001674641571, 7.8582678986885], [-76.1998961710714, 7.85786048241926], [-76.1993990033613, 7.85738842288137], [-76.1988025864702, 7.85705430225821], [-76.1983626372259, 7.85691077315763], [-76.1980169962873, 7.8567978497849], [-76.1975142275995, 7.85675701426878], [-76.1961267508489, 7.85680286890128], [-76.1953685063514, 7.85670322851516], [-76.1951452559488, 7.85658417446408], [-76.1950731492065, 7.85637436083209], [-76.1950618150507, 7.85596183371565], [-76.1951594175731, 7.855355658281], [-76.1952759814014, 7.85503971385576], [-76.1957158640958, 7.85445557720719], [-76.1958229148956, 7.85417600586202], [-76.1957646819944, 7.85378928659038], [-76.1956152452473, 7.8536620900775], [-76.195439775825, 7.85360143889934], [-76.1952186244399, 7.85371731114908], [-76.1946629126633, 7.85433320375842], [-76.1937456689274, 7.85474028907713], [-76.1934291867076, 7.85496335511878], [-76.1928622522911, 7.85567201279715], [-76.1924663896122, 7.85650414559386], [-76.1922620150799, 7.85680200825009], [-76.1917213615516, 7.8572970121913], [-76.1911105141389, 7.85763839484002], [-76.1904203168441, 7.85780686483891], [-76.190145445356, 7.85776523522139], [-76.1898998611896, 7.85765568880294], [-76.1896953688462, 7.85746488234244], [-76.189558601748, 7.85722701795649], [-76.1896021604113, 7.85664777002256], [-76.18947998931, 7.85635715230472], [-76.1891506404896, 7.85613326788001], [-76.1887864492352, 7.85611512765502], [-76.1880943219953, 7.85629607304936], [-76.1877188973093, 7.85663753393902], [-76.187609044222, 7.8569735935005], [-76.1876204260418, 7.85775569791111], [-76.1875713905072, 7.85805856169719], [-76.1872775703036, 7.8585356061772], [-76.1869859840159, 7.85877300111705], [-76.186726502626, 7.85881858055698], [-76.1861028048006, 7.85880580928458], [-76.1846550914593, 7.85839280642681], [-76.1840961951832, 7.85834609204242], [-76.1837605016458, 7.8584453646058], [-76.1833701401199, 7.85871894736548], [-76.1833094718546, 7.85890783377343], [-76.1833460787585, 7.85939261602035], [-76.1833180010249, 7.85957492478685], [-76.1831162156408, 7.85981304278157], [-76.1828540281908, 7.85996914620301], [-76.1826282857667, 7.8599847350514], [-76.1823788471061, 7.85990149740006], [-76.1820921666202, 7.85949531679934], [-76.1817073889848, 7.85929519785897], [-76.1811648657659, 7.85931490290432], [-76.1806661296382, 7.8594823099046], [-76.1803363176669, 7.85977799530212], [-76.1802133785445, 7.86021595704465], [-76.1802510304606, 7.86056682214498], [-76.1805477536759, 7.86129409668906], [-76.1806186805077, 7.86161226423842], [-76.1806089219642, 7.86204974934029], [-76.1803451966734, 7.86224272586491], [-76.1800776780424, 7.86225879585058], [-76.1797652931338, 7.86218264845425], [-76.1795633368785, 7.8620094435248], [-76.1791771607973, 7.86145981386319], [-76.1789786156705, 7.86126183261134], [-76.1785509385749, 7.86109075098121], [-76.1781657886202, 7.86105102073186], [-76.1778179299534, 7.86114637404979], [-76.177507525352, 7.8613376859293], [-76.1773867257168, 7.861499132223], [-76.1771192025891, 7.86209043916625], [-76.1768149439545, 7.86236900686797], [-76.1765228216709, 7.86252019639377], [-76.176242776383, 7.86254987851791], [-76.1758075449821, 7.86249856050395], [-76.17494679306, 7.8621281342498], [-76.174615054741, 7.86204186858123], [-76.1740800894245, 7.8619980041484], [-76.1734891386128, 7.86202987072578], [-76.1724828143304, 7.86221154996688], [-76.1721668699051, 7.86231098710616], [-76.1719852563145, 7.86245294778913], [-76.171672645676, 7.86294625381034], [-76.1714602114196, 7.86306830799982], [-76.1712699571428, 7.8631138946343], [-76.1710617227203, 7.86302556592093], [-76.1710156216736, 7.86297618774468], [-76.170581488345, 7.86251154491569], [-76.1698073654176, 7.8619592271804], [-76.1694276113951, 7.86183913171437], [-76.1689256997612, 7.86188166245261], [-76.168188106396, 7.86272434339756], [-76.168033342065, 7.86303460320812], [-76.1679095584793, 7.86345133465517], [-76.1677884935441, 7.86410371545785], [-76.1677754668643, 7.8645967040184], [-76.1678929426052, 7.86509166119494], [-76.1680820862193, 7.86545695411888], [-76.1683265633202, 7.8656706168492], [-76.1686256832286, 7.86559457917018], [-76.1695500783734, 7.86437876591108], [-76.169985373626, 7.86399020932446], [-76.1703435816909, 7.86389733993404], [-76.1705168855458, 7.86397734901918], [-76.1706205620892, 7.8641050545484], [-76.1705477682649, 7.86464207481563], [-76.1706982068567, 7.86498722832165], [-76.1716789004608, 7.86554745739294], [-76.1719337323558, 7.86569311249085], [-76.1722277477123, 7.86593652479448], [-76.1723261110611, 7.866161034248], [-76.1723366933837, 7.86642763736923], [-76.1722487360903, 7.86675961310931], [-76.172173149871, 7.86690249020145], [-76.1721715346885, 7.86690556948009], [-76.1720282753845, 7.86701616540739], [-76.1717611308715, 7.8671074978564], [-76.170817381417, 7.86712033927591], [-76.170281800065, 7.8672263846336], [-76.1698994622903, 7.86736907466672], [-76.1696076107027, 7.86753923449173], [-76.169436491301, 7.86767852149021], [-76.169374662011, 7.86781798655446], [-76.1694261014334, 7.86824495948089], [-76.1697069192389, 7.86903657332282], [-76.1697978757713, 7.8698802758976], [-76.1699690437363, 7.87032879028501], [-76.1675857359929, 7.86780449312649], [-76.1658802140007, 7.86672981856992], [-76.163693164408, 7.86609461122103], [-76.161989952774, 7.86573367371379], [-76.1604491766881, 7.86567129403868], [-76.1572107108056, 7.86611991814342], [-76.155003499312, 7.86622121238272], [-76.1531656465773, 7.86632066930715], [-76.1513210336387, 7.86531546917729], [-76.1502423130323, 7.86568785055753], [-76.1470057609071, 7.86652838392144], [-76.1441340628367, 7.86695359597537], [-76.1411904522775, 7.86680317087333], [-76.1375350669897, 7.86679510755182], [-76.1348926303905, 7.86705774556219], [-76.1317897445011, 7.86723099365912], [-76.1285918596266, 7.86673716603107], [-76.1256699461111, 7.86617428306043], [-76.1239899702609, 7.86567418086245], [-76.1218254756651, 7.86501594457388], [-76.1195963422973, 7.86527755735711], [-76.1176925593641, 7.86604361606371], [-76.1170991740876, 7.86701114179441], [-76.1152982897842, 7.86543173443073], [-76.1142350635973, 7.86412543318594], [-76.1117681440845, 7.86275481602571], [-76.1111287638813, 7.86358475087934], [-76.1101305937519, 7.8663479709258], [-76.1091013700321, 7.86759321270027], [-76.1075671634937, 7.86890975542445], [-76.1054369384639, 7.87064259702179], [-76.1031254164048, 7.8728360848609], [-76.1016584189009, 7.87376146116596], [-76.0991642553261, 7.87616248375502], [-76.097497890715, 7.87872099202347], [-76.0965682291404, 7.88159909416605], [-76.094277158564, 7.88337786324091], [-76.0914797975546, 7.88492862899614], [-76.0890239154213, 7.88588132400699], [-76.0863123254534, 7.88619029239113], [-76.0846525097055, 7.88520766074804], [-76.0825270978473, 7.88303098123793], [-76.0801700206299, 7.88028039306896], [-76.0790630810963, 7.8795255201299], [-76.0769204813951, 7.87847620285775], [-76.0755573942583, 7.87724016294647], [-76.0742351489329, 7.87457721281155], [-76.0739491285494, 7.87232510086619], [-76.073681583838, 7.86919859967921], [-76.0743590629204, 7.86636807167283], [-76.0752730816873, 7.86516862247766]]]}, "properties": {"FID": 300, "TIPO_ACTO_": "RESOLUCION", "NUMERO_ACT": "0064", "FECHA_ACTO": 848880000000, "AREA_ACTO_": 10007.5, "NUMERO_PLA": "545959", "PUEBLO": "Embera Katio", "DEPARTAMEN": "23", "MUNICIPIO": "23807", "ID": "10364", "NOMBRE": "Alto Sinu, Esmeralda Cruz Grande E Iwagado (Unificacion)", "CODIGO_DAN": "1272", "GlobalID": "668c3f53-cf14-4bc7-b113-265ad0cb6e30", "Shape__Area": 1193579140.7202148, "Shape__Length": 248749.65870894946, "FECHA_ACTO_ISO": "1996-11-25"}}, {"type": "Feature", "id": 661, "geometry": {"type": "Polygon", "coordinates": [[[-76.7590616384838, 8.24721503567697], [-76.7590479364131, 8.24775433122903], [-76.7590873545977, 8.24846734342471], [-76.7592271236328, 8.24916889825761], [-76.7594375640923, 8.24986433949918], [-76.7596787155003, 8.25055954421908], [-76.7598898205587, 8.25116224377404], [-76.7599226179344, 8.25125587399088], [-76.7601903344163, 8.2519361769445], [-76.7605154519266, 8.25257858876228], [-76.76093129934, 8.25316132516643], [-76.7614488546808, 8.2536700059974], [-76.7620408720886, 8.25410293333511], [-76.7626776703382, 8.25446086530812], [-76.7633423610611, 8.25475670808696], [-76.7640252783439, 8.25501024855547], [-76.7647168462054, 8.25524131226811], [-76.7654074877653, 8.25546976255086], [-76.7660803119568, 8.25571281332698], [-76.7660876477267, 8.25571546272974], [-76.7667484030163, 8.25599717536069], [-76.7673929633146, 8.25631445887649], [-76.7680350522758, 8.25665008856208], [-76.7686887550819, 8.25698631629676], [-76.7693638491623, 8.25730956051907], [-76.7700379440958, 8.25763753607471], [-76.7706741308065, 8.25800212213148], [-76.7712353905008, 8.25843528149429], [-76.7716865408012, 8.25896729343705], [-76.7720296078801, 8.25959408403095], [-76.7720883641866, 8.25974203509805], [-76.7723017085569, 8.26027924422294], [-76.7725413149297, 8.26098505914436], [-76.7727827909929, 8.26167826467134], [-76.7730324598801, 8.26235546856115], [-76.7732850030005, 8.26302575486581], [-76.7735350594954, 8.26369821393252], [-76.7737772801973, 8.26438195769229], [-76.7740057394732, 8.26508568168988], [-76.7741215874412, 8.26551666469333], [-76.7741995973335, 8.2658068750183], [-76.7743217756294, 8.26653088951993], [-76.7743343895204, 8.26724243672003], [-76.7742032341919, 8.2679273657863], [-76.7739402985059, 8.26858551753851], [-76.7735889405771, 8.26922623143632], [-76.7727968950606, 8.27049345713818], [-76.7724368406876, 8.27113746255468], [-76.7721157035768, 8.27179172024253], [-76.7718263548024, 8.27245481466878], [-76.7715617122032, 8.2731252880324], [-76.7713146477528, 8.27380172929715], [-76.7710780774913, 8.27448270674229], [-76.7706100900836, 8.27585120779771], [-76.7703679674077, 8.27653373927131], [-76.770113725468, 8.27721164283368], [-76.7698454720908, 8.27788383570113], [-76.7695648458409, 8.27855095099623], [-76.7692745105102, 8.27921403373127], [-76.768683203567, 8.28053565402777], [-76.7683918708881, 8.28119813151912], [-76.768351191854, 8.28129421958312], [-76.768109828206, 8.28186432590841], [-76.7679319854727, 8.28230552790829], [-76.7672693479021, 8.28361940773994], [-76.7627065718508, 8.29484895974182], [-76.7626728050059, 8.2949223588099], [-76.7603778979216, 8.29395911565081], [-76.7586579409112, 8.29342564860492], [-76.7574688294229, 8.2933298771023], [-76.7554426217795, 8.29278964985263], [-76.754332566095, 8.29331760495367], [-76.7535129977266, 8.29323698792681], [-76.7532223934986, 8.29330436423517], [-76.7531416127952, 8.29328991752581], [-76.7522111616158, 8.29313334915488], [-76.7520586797642, 8.29308832909327], [-76.7488686081996, 8.29222872830338], [-76.7482276766659, 8.29212006052258], [-76.7472276665235, 8.29201624008761], [-76.7460750621144, 8.29153204869529], [-76.7456279911389, 8.29139537332801], [-76.745549786993, 8.2913277254244], [-76.7440948880686, 8.29201796678593], [-76.7434151211109, 8.29217394520158], [-76.7419124582933, 8.29187019018731], [-76.7418860371109, 8.29186513779606], [-76.7404658322324, 8.29159351735714], [-76.7399269224894, 8.29151838079886], [-76.7395365141987, 8.29154424350227], [-76.7390738651667, 8.29165872809803], [-76.7389661641571, 8.29169929471688], [-76.7389318541218, 8.29169372521546], [-76.7370648588561, 8.29200882247937], [-76.7364535752723, 8.29207409617277], [-76.7360512941319, 8.29197557634194], [-76.7358511158363, 8.29183988483301], [-76.7357344773642, 8.29181468852722], [-76.7343064420886, 8.29178503158416], [-76.7341407770751, 8.29226992354831], [-76.733967815862, 8.29224518589678], [-76.7329827875256, 8.29222978320808], [-76.7327594363989, 8.29226006697871], [-76.7318158299366, 8.29261562743942], [-76.731009500488, 8.29283089366099], [-76.7306570435877, 8.29311782146047], [-76.7301066944684, 8.2936839159101], [-76.7293107962562, 8.2944726285391], [-76.7284318150762, 8.2952968176241], [-76.7280399516824, 8.29554238380406], [-76.7279697020401, 8.29582549038413], [-76.7264968832246, 8.29656951300266], [-76.7256129647665, 8.29677121834708], [-76.7245039352084, 8.29702080539587], [-76.7239181752835, 8.29697383020815], [-76.72378688056, 8.29693146314654], [-76.7236652112804, 8.29717293111591], [-76.7234205426239, 8.29751878339519], [-76.7230231726812, 8.29779447866229], [-76.7223302027766, 8.29793453548047], [-76.7219713238175, 8.29778679485469], [-76.7213941425256, 8.29733168394007], [-76.7209604552608, 8.29738808222425], [-76.7207294760844, 8.29787244268908], [-76.7197515119227, 8.29781923699819], [-76.7188658712629, 8.29829478680498], [-76.7175385312781, 8.2990512326582], [-76.7167298015391, 8.29934234680184], [-76.7163227566898, 8.29954727621579], [-76.7158279757804, 8.29978874328581], [-76.7151752847115, 8.30014577054081], [-76.7151700362681, 8.30040298473986], [-76.7149723059271, 8.30064283482889], [-76.7142860998236, 8.30070661744636], [-76.7136372254776, 8.30107041929433], [-76.713410565745, 8.3011129851061], [-76.7128153098786, 8.30116499649729], [-76.7124582601406, 8.30113954838134], [-76.7121015017828, 8.30114620426383], [-76.7116609949589, 8.30125351406833], [-76.7109883803095, 8.30101918132005], [-76.7104406428214, 8.30174691901498], [-76.7104289030714, 8.3023945801756], [-76.7102569562935, 8.30279721115221], [-76.7102438891441, 8.3031886212877], [-76.7101752762679, 8.30339224218808], [-76.7097384548658, 8.30354464399994], [-76.7090710733713, 8.30349232144333], [-76.7086592845982, 8.30351134750054], [-76.7083696489401, 8.30349694665658], [-76.7079079648806, 8.30370515230076], [-76.7072623110068, 8.3040236040359], [-76.7062004167158, 8.30356171852832], [-76.705102630482, 8.30368161164687], [-76.7047933994958, 8.30381614482904], [-76.7040320838136, 8.30388858252187], [-76.7032839261122, 8.30403812538897], [-76.7023718579748, 8.30367677869019], [-76.7022471786643, 8.30294687992445], [-76.7020906768432, 8.30197493312651], [-76.7009070197431, 8.30216665239895], [-76.699704744878, 8.30258696764431], [-76.6989535861391, 8.30290175284349], [-76.6990620371832, 8.30304358222538], [-76.6987964916647, 8.30312373430275], [-76.6986825538567, 8.30307648931836], [-76.696925019574, 8.30329278076702], [-76.6958679375552, 8.30347800783362], [-76.6952516231638, 8.30410130366207], [-76.6930136224806, 8.30339952220003], [-76.6910373964586, 8.30293675715547], [-76.6887742174561, 8.30234706809258], [-76.68860584998, 8.30216323767319], [-76.687786249236, 8.30233312860085], [-76.6858598159777, 8.30146752123903], [-76.685624851006, 8.30128728361115], [-76.684293287805, 8.30014849098999], [-76.6837098238493, 8.29975230545446], [-76.6828742151728, 8.29856903776086], [-76.6824912631612, 8.29803065502072], [-76.6813808207682, 8.29754579633149], [-76.6807646358792, 8.29729123243443], [-76.6807274803889, 8.29740138679457], [-76.6804742025224, 8.29754083297308], [-76.6796916655379, 8.29764338266597], [-76.6784872224073, 8.29774688114367], [-76.677849123738, 8.29732523580101], [-76.6777391771213, 8.29591891825356], [-76.6776020547909, 8.29564374549257], [-76.6770481695373, 8.29472987331512], [-76.6765595049172, 8.29431743523156], [-76.6760171876431, 8.29406610439731], [-76.6751734320083, 8.29407989909818], [-76.6744321784023, 8.29380291600189], [-76.6734339003542, 8.29329148954074], [-76.6717956215706, 8.29214746466397], [-76.6705292376342, 8.29159295887817], [-76.6689213784188, 8.29043174435975], [-76.6671660861459, 8.28933571360259], [-76.6656026426478, 8.28858964142912], [-76.665153943, 8.28761014302402], [-76.6646453494033, 8.28743473475553], [-76.6637670445135, 8.28691814708515], [-76.6628365636565, 8.28572118631409], [-76.6622691930688, 8.28482737801146], [-76.6613020603418, 8.28395524966549], [-76.6606164423949, 8.28298555117273], [-76.6604570708371, 8.28261271743346], [-76.6603971310228, 8.28222176954952], [-76.6604481612536, 8.28209306847082], [-76.6610890990826, 8.28162687880791], [-76.6614073071015, 8.28109990037064], [-76.6614983841431, 8.28081688552136], [-76.6612873591243, 8.28040902948366], [-76.6605791358184, 8.27964212451502], [-76.6603864677612, 8.27916667633164], [-76.6604188928176, 8.27880335831891], [-76.6601009590919, 8.27842433634467], [-76.6596637572765, 8.27834752884603], [-76.6595513573092, 8.27731890947077], [-76.6596104229826, 8.27680194138717], [-76.6592005263831, 8.27586458161587], [-76.6590980495353, 8.27540387422012], [-76.6587557792558, 8.27423335351722], [-76.6587959663607, 8.273368915274], [-76.6595546101571, 8.27216772319272], [-76.660159758566, 8.27077528218439], [-76.6602381102006, 8.26987369924271], [-76.6598880302084, 8.26890306275705], [-76.658705933432, 8.26809586096616], [-76.6579051941694, 8.26675190151004], [-76.6579935210841, 8.26616965973306], [-76.6578969941509, 8.26564264981947], [-76.6597913998532, 8.26509335560493], [-76.6602887753067, 8.26492711412609], [-76.6602300918452, 8.2619416913871], [-76.660453308973, 8.26077524910962], [-76.6613804785262, 8.25937555506905], [-76.6613130752382, 8.25865820993971], [-76.6608815076754, 8.25806230386349], [-76.6606756285773, 8.25741015058926], [-76.6608299585357, 8.25678512266658], [-76.6609806633269, 8.25597937148212], [-76.6608522176557, 8.25475737628323], [-76.6625164454775, 8.25349039249901], [-76.6616797504201, 8.25278133012574], [-76.6614259230679, 8.25287780489821], [-76.6613096065531, 8.25275208956873], [-76.6612249911404, 8.25238153381219], [-76.6616058774093, 8.25176825822999], [-76.6590394506101, 8.25128739702722], [-76.6595996500038, 8.2521884547648], [-76.6608811533425, 8.25281879498283], [-76.660827013256, 8.25305309265751], [-76.6606225856638, 8.25320188279208], [-76.6603973279743, 8.25284633132458], [-76.6595014611235, 8.25372205516012], [-76.6587442625377, 8.25379440022281], [-76.6585022127069, 8.25396484873018], [-76.6581469274387, 8.25384495381294], [-76.6576070221463, 8.25417481974353], [-76.6565916596773, 8.25416055649586], [-76.6525771112446, 8.25458242576968], [-76.6526244128863, 8.2535638806], [-76.6528386547801, 8.25318343230099], [-76.6530135324485, 8.25292785486807], [-76.6531848892712, 8.25233914156959], [-76.6531550722488, 8.25217794438806], [-76.6530742888473, 8.2516379329757], [-76.6531240024707, 8.2512657386544], [-76.6529303244749, 8.25038236608481], [-76.6529731088219, 8.24976707602125], [-76.6531898274485, 8.24951783790942], [-76.6533962245561, 8.24929330597286], [-76.6534827096593, 8.24886155045175], [-76.6533063606999, 8.24804041816234], [-76.6535747777538, 8.24752334126077], [-76.653530880046, 8.2468423206482], [-76.6535299249661, 8.24647460135341], [-76.6535267764395, 8.24594576131947], [-76.653607582324, 8.24542973032946], [-76.6533088086546, 8.2448290857254], [-76.6532198000537, 8.24457077795072], [-76.6534778362331, 8.24363852902663], [-76.6535110131227, 8.24320401618413], [-76.6534271594358, 8.24268833503041], [-76.6533315435159, 8.24250135788315], [-76.6533176912584, 8.24162342081599], [-76.6538512950012, 8.24125966033684], [-76.6540428326106, 8.24048833160305], [-76.6543456208537, 8.23996924291806], [-76.6545280222504, 8.23961456828957], [-76.655446315495, 8.23921449588411], [-76.65597205017, 8.23870216110771], [-76.6563491071255, 8.23765884591093], [-76.6570314902111, 8.23743579695636], [-76.6576997467459, 8.23641734171891], [-76.6577316564907, 8.23546442007891], [-76.657396305595, 8.2344752323781], [-76.6579034584778, 8.2332018130453], [-76.6577281311483, 8.2324982374358], [-76.6574350223084, 8.23167348717376], [-76.6567121571403, 8.23110498613829], [-76.656562337282, 8.23061577113305], [-76.6573980934472, 8.22990876101266], [-76.6576083486463, 8.22943609173443], [-76.6579271682042, 8.22874041487042], [-76.6584722976584, 8.22836360432909], [-76.6588373297789, 8.22801568900506], [-76.6591267540964, 8.22736498273998], [-76.6596126236236, 8.22585237521923], [-76.659724934558, 8.22541827156829], [-76.6598931860217, 8.22493029672809], [-76.6599088782921, 8.22439518662086], [-76.6595444694017, 8.22395069220301], [-76.6595515263818, 8.22353096781229], [-76.6597276756916, 8.22201094178393], [-76.6593879064267, 8.22110587037206], [-76.6594732080221, 8.22046521043358], [-76.6595872357623, 8.21945355766805], [-76.6593438234586, 8.21886512315942], [-76.6591568103385, 8.21784931642534], [-76.6594944122373, 8.21705050890641], [-76.6597607293741, 8.21658272114828], [-76.6604619928267, 8.21605548910215], [-76.6607891194223, 8.21551946798165], [-76.6611720237698, 8.21516971714133], [-76.6617271150143, 8.21462669749674], [-76.6620520103919, 8.21448960934063], [-76.662345022105, 8.21446900497325], [-76.6631122382391, 8.21412464646792], [-76.6641289703757, 8.2141396381664], [-76.6654285312017, 8.21382077094447], [-76.6659079157177, 8.21367226679432], [-76.6662541430143, 8.21364535638077], [-76.6667421241497, 8.21345045710557], [-76.6672180912419, 8.21331541400781], [-76.6678147518493, 8.2130250489995], [-76.6682688348388, 8.21280583565346], [-76.6685944928415, 8.21273389438643], [-76.6694777799755, 8.21261147777019], [-76.6699404541886, 8.21263179975046], [-76.6705903762448, 8.21284570799572], [-76.671439282297, 8.21310805642435], [-76.6719024565331, 8.21355080166086], [-76.6724101912773, 8.21356328425082], [-76.6732911320801, 8.2141005293486], [-76.673922966072, 8.21425642322802], [-76.6742121124989, 8.2142113483077], [-76.6745411150803, 8.21411462981897], [-76.6750716917052, 8.21410239004589], [-76.6759345885104, 8.21409583129022], [-76.6764039311964, 8.2139651588976], [-76.6766726126509, 8.2133833820701], [-76.6768254281509, 8.21307053490994], [-76.6771599129996, 8.21229555852594], [-76.677413620742, 8.21185118371787], [-76.6774692986692, 8.21127205359512], [-76.6775886845701, 8.2106505923837], [-76.6779431046905, 8.20980342022447], [-76.6779776107781, 8.20970326272817], [-76.678727845014, 8.20980307848206], [-76.6793294186177, 8.21010227753088], [-76.6801139790769, 8.21004032323513], [-76.6810531977468, 8.20962036771857], [-76.6816506362678, 8.20888844278024], [-76.6818347580676, 8.20880212585027], [-76.6820971577576, 8.20774032778679], [-76.6823798110794, 8.20718041347818], [-76.682619188125, 8.20645517679786], [-76.6830207839819, 8.20598088514265], [-76.6837768629118, 8.20516946103471], [-76.6838875379794, 8.2048269011735], [-76.6840910311761, 8.2037123218991], [-76.6840699384769, 8.20328026960178], [-76.6848231827436, 8.20317962647156], [-76.6853161749015, 8.20216440159893], [-76.6858727815036, 8.20093554457281], [-76.6864701795551, 8.20012581568695], [-76.6873550225162, 8.20074549983803], [-76.688337211693, 8.20139381480575], [-76.6891148923384, 8.20247183573962], [-76.6892118860197, 8.20254305125382], [-76.6908036977324, 8.20155775132221], [-76.6908466565479, 8.20150887766565], [-76.6910845038468, 8.20153532402903], [-76.6923235214134, 8.20103623536702], [-76.6935751070055, 8.20049195037632], [-76.6938951739231, 8.20101250945282], [-76.6947593783426, 8.20189420478675], [-76.6949406420969, 8.20409928218908], [-76.6955421554461, 8.20558315277322], [-76.6958827871609, 8.20744415405733], [-76.6959042710652, 8.20879928938851], [-76.6970764168431, 8.21030013647492], [-76.6974155565827, 8.21155043333856], [-76.6979347954544, 8.2129682568123], [-76.6979630746362, 8.21436993655598], [-76.698155479192, 8.21579898087086], [-76.6991189903491, 8.21711547143445], [-76.6995547487526, 8.21806500982485], [-76.699822374403, 8.21969198772755], [-76.6993440241074, 8.22106558074442], [-76.6993847112354, 8.22228464775071], [-76.6996166005256, 8.22293810414257], [-76.7003468383359, 8.22280879422287], [-76.701231549996, 8.22245550005367], [-76.7021941735222, 8.22211960956475], [-76.7029738857362, 8.22191986204439], [-76.7033450116629, 8.22198664480021], [-76.7035133395689, 8.22247610172309], [-76.7037526806417, 8.22287245543184], [-76.7039790256115, 8.22306456860733], [-76.7048143545987, 8.22310607951433], [-76.7049764969677, 8.22331463409542], [-76.7054572124803, 8.22424354383684], [-76.7063336962431, 8.22422902518173], [-76.7072122367553, 8.22439844846195], [-76.7080377379512, 8.22420004452879], [-76.7083935646113, 8.22470265493592], [-76.709155445967, 8.22454326089513], [-76.709447803873, 8.22389306004902], [-76.7100738246472, 8.22395981492588], [-76.7102413062912, 8.22496054092854], [-76.7103531720612, 8.22719422846308], [-76.7105539870768, 8.2275890910959], [-76.7097964179703, 8.22885855790831], [-76.7097726587812, 8.22964309498501], [-76.7098588956715, 8.23136014538652], [-76.7104703087577, 8.23261586066547], [-76.7110920658461, 8.23434830116517], [-76.7112471953018, 8.23541412909074], [-76.7118634161637, 8.23590427489433], [-76.7123159505206, 8.23583783567952], [-76.7134936172366, 8.23575297295331], [-76.7140316258588, 8.23593766672192], [-76.7158936910409, 8.23657295141253], [-76.7179773509739, 8.23701021438181], [-76.7210279745614, 8.2373139505103], [-76.7214880866059, 8.23887337673682], [-76.7227556774325, 8.23983706595965], [-76.7232919422693, 8.23988329830741], [-76.723756341382, 8.23973398746541], [-76.7247681335425, 8.24056185567688], [-76.7249744964758, 8.24097226668855], [-76.7246931022049, 8.24203790485717], [-76.7248948255357, 8.24348590598153], [-76.7253616141471, 8.24450775256245], [-76.7261057950464, 8.24486963795512], [-76.7272330736474, 8.24467564879385], [-76.7286804596355, 8.2444688802663], [-76.7302177256675, 8.24426394635576], [-76.7307402776416, 8.24325241859596], [-76.7306514129323, 8.24262730973427], [-76.7311768580255, 8.24218841989142], [-76.7306462760048, 8.2420860617541], [-76.7310205171831, 8.24129740937976], [-76.7312857848111, 8.24029434783774], [-76.7319028816127, 8.24071782150207], [-76.7324034298744, 8.24044294641668], [-76.7329580004114, 8.23946784839436], [-76.7336818494377, 8.2396981845554], [-76.7339195897172, 8.23988329830741], [-76.7346317421611, 8.24013244918501], [-76.7370431096517, 8.24098093975035], [-76.7376844854506, 8.2410071388002], [-76.7389108864282, 8.24063472774229], [-76.739680598181, 8.24125678430495], [-76.7407320990071, 8.24142213635431], [-76.7434479238826, 8.24214896843193], [-76.7460881481495, 8.24326013028251], [-76.7461777035381, 8.24331519936871], [-76.7473835666982, 8.24361262675301], [-76.7485304334327, 8.24402753887152], [-76.7485916080163, 8.24409768958843], [-76.7491539630849, 8.24454273349207], [-76.7514259815238, 8.24515632923291], [-76.75161399469, 8.24524779747953], [-76.752598552681, 8.24596901688829], [-76.7532152483849, 8.24630144588664], [-76.7550759879664, 8.24710650639172], [-76.7557333636038, 8.24726217544066], [-76.7584645426046, 8.24718709194236], [-76.7586934038774, 8.24718080028533], [-76.758780392601, 8.2471903663739], [-76.759008717878, 8.24721039337657], [-76.7590616384838, 8.24721503567697]]]}, "properties": {"FID": 661, "TIPO_ACTO_": "RESOLUCION", "NUMERO_ACT": "0073", "FECHA_ACTO": 723254400000, "AREA_ACTO_": 7507.8212, "NUMERO_PLA": "R-429,576 de Marzo de 1992", "PUEBLO": "Cuna", "DEPARTAMEN": "05", "MUNICIPIO": "05490", "ID": "10025", "NOMBRE": "Caiman Nuevo", "CODIGO_DAN": "1038", "GlobalID": "c5bfa64f-8ee1-4c76-814e-f48b4d7f55b2", "Shape__Area": 93170971.71923828, "Shape__Length": 47900.522305730636, "FECHA_ACTO_ISO": "1992-12-02"}}, {"type": "Feature", "id": 701, "geometry": {"type": "Polygon", "coordinates": [[[-77.0917045442293, 8.18386742477544], [-77.0917121542925, 8.18387520211249], [-77.0917147803128, 8.18387645576743], [-77.0917493556482, 8.18392595265423], [-77.0918306390727, 8.18404231233644], [-77.0920601082873, 8.18441513708252], [-77.0926435983234, 8.18509692841409], [-77.0934325312862, 8.18586240615868], [-77.0898119398691, 8.18982104194095], [-77.0901167614793, 8.19250122668362], [-77.0882134632807, 8.19254283381807], [-77.0845995853026, 8.19256703457429], [-77.0842437847228, 8.1925478241561], [-77.0829289120396, 8.19232400358325], [-77.0821739590609, 8.19213799860312], [-77.0815582750943, 8.19195488943994], [-77.0808663753829, 8.19160165192807], [-77.0801186889263, 8.19102167824124], [-77.0785448825402, 8.19069732965143], [-77.0781593099042, 8.19062307622736], [-77.0768072574489, 8.18771006510094], [-77.0737634669104, 8.18661481135796], [-77.0708783437605, 8.18695121086322], [-77.0693500385734, 8.18590278841653], [-77.0699156761675, 8.18001059045011], [-77.0724714675841, 8.18010821365687], [-77.074213190886, 8.18186268215075], [-77.0744519330103, 8.18119388692207], [-77.0766900317195, 8.18177075075322], [-77.078301334439, 8.18235604932586], [-77.0782365958422, 8.18210400982584], [-77.0795003861339, 8.18071625068813], [-77.0821740328053, 8.18179156556195], [-77.0833173732981, 8.18230204863432], [-77.083933722763, 8.18220886987713], [-77.0847619039387, 8.17995250144053], [-77.0848838529075, 8.17962024870926], [-77.084968926075, 8.17937714307447], [-77.0849998222839, 8.17928885572985], [-77.0850028071338, 8.17928032655957], [-77.0850074737159, 8.17931944796794], [-77.0850045778989, 8.17927526517513], [-77.0850028071338, 8.17928032655957], [-77.0849557474098, 8.1788858389441], [-77.0852537548569, 8.17861244504207], [-77.0858500962049, 8.17914922339173], [-77.0858715000696, 8.17914603259709], [-77.0858821939081, 8.17913537653013], [-77.0859487887056, 8.17910219874125], [-77.0859820213532, 8.17909116046246], [-77.0860237103259, 8.17907731360089], [-77.0861069551718, 8.17907731180226], [-77.0861902000177, 8.17907731090294], [-77.0862363739095, 8.17907731000362], [-77.0862651207387, 8.1790773091043], [-77.0863400414597, 8.1790856017529], [-77.08641496308, 8.17909389440148], [-77.0864898829017, 8.17911048059796], [-77.0865648054214, 8.17913536214104], [-77.0866200813516, 8.17916289848272], [-77.0866314011182, 8.17916853813131], [-77.0867063218392, 8.17918512342846], [-77.0867334642779, 8.17919113359772], [-77.0867782100463, 8.17920103963001], [-77.0868528097093, 8.1792398372824], [-77.0869007417758, 8.1792875930817], [-77.0869767129049, 8.17930118813308], [-77.0869793713009, 8.17930166297514], [-77.0870057547117, 8.17931036211729], [-77.0870405890519, 8.17932184825842], [-77.0870418705858, 8.17932226914112], [-77.0876416950082, 8.17952003455569], [-77.0877368531732, 8.1795514074053], [-77.0877468761174, 8.17955628173073], [-77.0879273592602, 8.17964403128073], [-77.0910085130324, 8.18311003013742], [-77.0911707048641, 8.18329247919817], [-77.0912233502773, 8.18337478335318], [-77.0914230591268, 8.18357975683394], [-77.0917045442293, 8.18386742477544]]]}, "properties": {"FID": 701, "TIPO_ACTO_": "RESOLUCION", "NUMERO_ACT": "103", "FECHA_ACTO": 396576000000, "AREA_ACTO_": 240.367179, "NUMERO_PLA": "B-131.443", "PUEBLO": "Cuna", "DEPARTAMEN": "27", "MUNICIPIO": "27006", "ID": "10262", "NOMBRE": "Resguardo Indígena Cuna del Rio Cuti", "CODIGO_DAN": "1268", "GlobalID": "dfaa402d-e899-4d4a-aa9f-78f3d28f4bf6", "Shape__Area": 2506681.8471679688, "Shape__Length": 7772.76582607145, "FECHA_ACTO_ISO": "1982-07-27"}}, {"type": "Feature", "id": 31, "geometry": {"type": "Polygon", "coordinates": [[[-76.3742779785458, 7.17736903721693], [-76.3740588974002, 7.17732025888849], [-76.3738327907507, 7.17733141947504], [-76.3735955801719, 7.17738329416934], [-76.3733238769953, 7.17746642120398], [-76.3730938349125, 7.17754093902876], [-76.3729020409963, 7.17761164912395], [-76.3726940601827, 7.17770168654921], [-76.3724791078245, 7.17780883537506], [-76.3722839738263, 7.17793512986799], [-76.372132112507, 7.1780495515112], [-76.3719742338238, 7.17815451678313], [-76.3718216269665, 7.17824635465114], [-76.3716643796074, 7.17833315721501], [-76.3714480072197, 7.17840950156283], [-76.3712229788574, 7.17841966120401], [-76.3709915922881, 7.17838847181616], [-76.370787290601, 7.17834648606707], [-76.3706419439705, 7.17831649277752], [-76.3704553157602, 7.17828101272419], [-76.3702844157931, 7.17824292643552], [-76.3700989495069, 7.17820454876651], [-76.3698664567715, 7.17816911817587], [-76.3696584201999, 7.17813997924225], [-76.3695113612603, 7.17812969099804], [-76.3693430009787, 7.17814688603556], [-76.3691397505989, 7.17824268092062], [-76.3689744920791, 7.17837343155421], [-76.368800246634, 7.17848010463875], [-76.3685785169849, 7.17853488054588], [-76.3684029072683, 7.17854985245933], [-76.3682548518799, 7.17855736899296], [-76.3680792367673, 7.17857134625625], [-76.3677991339229, 7.17858530373437], [-76.3676096881366, 7.17860133774715], [-76.3673868604153, 7.17865358925734], [-76.3671800226399, 7.17875554629703], [-76.3670185124943, 7.17885853935568], [-76.366855176725, 7.17895829125772], [-76.3666431399689, 7.17905186931389], [-76.3664763004409, 7.17910194356542], [-76.3663340753573, 7.17913563306862], [-76.3661268679605, 7.17918202279772], [-76.3658580965738, 7.1792008923729], [-76.3655966447693, 7.17918195714721], [-76.3653781967463, 7.17922379540741], [-76.3652034135067, 7.17934980481524], [-76.3650419357367, 7.17951378629777], [-76.3648570648016, 7.1796488815562], [-76.364640960412, 7.17968881055573], [-76.3644645727817, 7.1796750536264], [-76.3642841283099, 7.17964631668975], [-76.3640492163982, 7.17961604461033], [-76.363861089018, 7.17958825016319], [-76.363673241327, 7.17956217162247], [-76.3634560658447, 7.17955105600198], [-76.3632384649831, 7.17956325350691], [-76.3630644065971, 7.17958128761188], [-76.3629192020595, 7.17959818497383], [-76.3627157520303, 7.17961808157475], [-76.362482195397, 7.1796235809291], [-76.3622764197209, 7.17961267934726], [-76.3620730551273, 7.17961351211942], [-76.3618439816144, 7.17966552171202], [-76.3616562373454, 7.17975093572266], [-76.3615281855772, 7.17981482086287], [-76.3613659182025, 7.17987535243111], [-76.3611755137389, 7.179862746634], [-76.3610673396859, 7.17974076708827], [-76.3609750800359, 7.1795626887327], [-76.3608168263355, 7.17939415578122], [-76.3606285433725, 7.17935325821185], [-76.3604619205811, 7.17935652814681], [-76.3602745171552, 7.17938330096411], [-76.3601112146608, 7.17934499074434], [-76.3599424946504, 7.17930896570175], [-76.3596031561607, 7.17925472579056], [-76.3593042871631, 7.17922495103625], [-76.3590150966693, 7.17921301703269], [-76.358745611221, 7.17921625369276], [-76.3585047763743, 7.17923163659636], [-76.3582883284436, 7.17925774121735], [-76.3580811705096, 7.17929626727448], [-76.3578514225051, 7.17935812624212], [-76.3574803919065, 7.17947986746749], [-76.3573250960763, 7.17952337666804], [-76.3571635913266, 7.17955535116408], [-76.3569709520478, 7.17956642811373], [-76.3567447554661, 7.17954234337004], [-76.3565202154356, 7.17948762052283], [-76.3560795206533, 7.17935427984174], [-76.3557596650764, 7.17927048551008], [-76.3554332633344, 7.17919846780063], [-76.3550433685566, 7.17912920471459], [-76.3546822907551, 7.17908780892084], [-76.3544375960182, 7.17907330195687], [-76.3541775813302, 7.17907061658128], [-76.3536971131312, 7.17908917319234], [-76.3535248336041, 7.17908298136008], [-76.3533555254371, 7.17905590187395], [-76.3531445175054, 7.1789935195009], [-76.3529346409209, 7.17890384630105], [-76.352766302223, 7.17881703834122], [-76.3525590750413, 7.17869618025011], [-76.3521318161304, 7.1784265149373], [-76.3518932574678, 7.17828123485672], [-76.3517266715486, 7.1782012851268], [-76.3515681399576, 7.1781762291153], [-76.3513590026158, 7.17812585449018], [-76.3511462212211, 7.17805236818787], [-76.3509615184593, 7.1779674470057], [-76.3507371421054, 7.17783646164899], [-76.3503518356686, 7.17757959908483], [-76.3501712212249, 7.17746167907889], [-76.3499762023398, 7.17733976428436], [-76.3498279661877, 7.1772563791442], [-76.3495972792909, 7.17714783187258], [-76.3493508299768, 7.17705309638896], [-76.3490379369512, 7.17695010692754], [-76.3487854459915, 7.17687753703438], [-76.3485947780265, 7.17683005103168], [-76.3483404956173, 7.1767793553486], [-76.3477147671227, 7.17669435682477], [-76.3474736292046, 7.17664919916689], [-76.3472498778795, 7.17658877371859], [-76.3470301150477, 7.17651197611244], [-76.3468179577825, 7.17641806350847], [-76.3466072960898, 7.17629767036686], [-76.3463517627237, 7.17612229177604], [-76.3459984829436, 7.17586517470374], [-76.3458423489452, 7.17575806364938], [-76.3456280845684, 7.17562232627503], [-76.3454091590054, 7.1754952880428], [-76.3452442665097, 7.17540945225013], [-76.3450272088386, 7.17531258177595], [-76.3448048118925, 7.17523353676401], [-76.3446347536909, 7.17518260365991], [-76.344346900489, 7.17511174157934], [-76.3441653336632, 7.17507550429682], [-76.3436691758917, 7.17499455721877], [-76.3433634837377, 7.17493869043395], [-76.3431259853759, 7.1748792362535], [-76.3429026594301, 7.17479495269065], [-76.3424888696655, 7.17457662157954], [-76.3423262830315, 7.1744998104836], [-76.3421027313559, 7.17440649323083], [-76.3418748665318, 7.17431934083067], [-76.3416443972711, 7.17423599705933], [-76.3414050633929, 7.17415278638772], [-76.3406630777388, 7.17390092405413], [-76.3403582956988, 7.17379119956997], [-76.3401211588643, 7.17369487678287], [-76.3398966988735, 7.17358267826373], [-76.3397234255956, 7.17346661355915], [-76.3396030972051, 7.17335525860407], [-76.3395060567591, 7.17325137791453], [-76.3391996478454, 7.17290375846749], [-76.3389727776715, 7.17266959389241], [-76.3386933996806, 7.17240957470791], [-76.3378986795803, 7.17170005098236], [-76.3377245033831, 7.17154766715695], [-76.3375437387525, 7.17139847862271], [-76.3374149792179, 7.17130161983969], [-76.3372663113911, 7.17120341387228], [-76.3371402192457, 7.17113373889678], [-76.3370045915886, 7.17107486208106], [-76.3368214536471, 7.17101296714053], [-76.3366061442581, 7.17095818673675], [-76.3363665360868, 7.1709104839975], [-76.3360141637227, 7.17085429975197], [-76.3356350293331, 7.17080122895941], [-76.3352382682315, 7.1707511349228], [-76.3346793206941, 7.17068656809647], [-76.3344556619992, 7.17064492858646], [-76.3342454418736, 7.17057620779162], [-76.3341010530211, 7.17050192379061], [-76.333976771211, 7.17041380551855], [-76.333718247599, 7.17019948988043], [-76.3335809759812, 7.1701006840652], [-76.3334343532128, 7.17001339856536], [-76.3332876773844, 7.16995213584826], [-76.3331122097607, 7.16990474877101], [-76.3329522131741, 7.1698756269245], [-76.3326275588147, 7.1698265320347], [-76.3324751471103, 7.16979466186004], [-76.3322823207724, 7.16973064362019], [-76.3321125728369, 7.16963235761312], [-76.331971807353, 7.16950347936794], [-76.3318371896345, 7.16933743663928], [-76.3315974042968, 7.16899607827229], [-76.3314442947184, 7.16878558115555], [-76.3308105469691, 7.16795110292699], [-76.3306575237257, 7.16773952032855], [-76.3305102912169, 7.16752799798466], [-76.3303968138619, 7.16737413927108], [-76.3302603255535, 7.16721343401873], [-76.3301208236171, 7.16708391725497], [-76.3299748591524, 7.16698307357591], [-76.329826399069, 7.16690826437089], [-76.3296626532089, 7.16685259633625], [-76.3294540006016, 7.16680798816407], [-76.3292061681301, 7.16678020001217], [-76.3288904575285, 7.16676493941642], [-76.3286196716605, 7.16676066493872], [-76.3279862170902, 7.16675843551936], [-76.3277618407363, 7.16675429414131], [-76.3275620536458, 7.1667465078111], [-76.3273517426887, 7.16673280933765], [-76.3270599324699, 7.16670243293694], [-76.3267561127044, 7.16665865214108], [-76.3261614476926, 7.16656009363938], [-76.3258534838512, 7.1665197662402], [-76.3256646037385, 7.16650370434845], [-76.325516121172, 7.16649828593316], [-76.3253045331776, 7.16650085619551], [-76.3248352066794, 7.16652185446604], [-76.3245804575221, 7.16648551286213], [-76.324460789234, 7.16632327876229], [-76.3243918013405, 7.16616477235236], [-76.324339920351, 7.16600825884006], [-76.3242587898113, 7.16569792528504], [-76.3242013609041, 7.16553529548349], [-76.3241047908034, 7.16534195563277], [-76.3239999307522, 7.16519211778803], [-76.3238887376751, 7.16506065309269], [-76.3237613945727, 7.16491986872298], [-76.3236562836106, 7.16479262094875], [-76.3235309388018, 7.16461613709109], [-76.3234289988492, 7.16443438950152], [-76.3233377779161, 7.16420659752252], [-76.3232739943993, 7.16396511876133], [-76.3232368946669, 7.16374194300231], [-76.3231820045459, 7.16328465213104], [-76.3231388919463, 7.16305237883032], [-76.323066436267, 7.16279531212003], [-76.3229131845957, 7.16235097058694], [-76.3228456868789, 7.16214556183433], [-76.3228026777014, 7.16198981904101], [-76.3227563140526, 7.16175864561114], [-76.3227314549926, 7.16157769482091], [-76.3227075573079, 7.16133430410101], [-76.3226776260716, 7.16096733753879], [-76.3226541753499, 7.1607227705056], [-76.3226203167741, 7.16045891841052], [-76.3225786835594, 7.16019627860158], [-76.322530003257, 7.15993511907668], [-76.3224869859856, 7.15974088440051], [-76.3224178056372, 7.15948696261947], [-76.3223340122049, 7.1592419666097], [-76.3222162855531, 7.15893948953207], [-76.3221162323782, 7.15869945238403], [-76.3220128400205, 7.15846060683775], [-76.3219057460533, 7.15822340435289], [-76.3217312676838, 7.15785922119234], [-76.3213122717439, 7.15701535763893], [-76.3211357222357, 7.15665280944592], [-76.3209879717175, 7.15633340173139], [-76.3207971805454, 7.15588869957016], [-76.3206984898434, 7.15566771995563], [-76.3205996543505, 7.15545414985545], [-76.3202853439934, 7.15479816546935], [-76.3201972679895, 7.15462014377096], [-76.32008785557, 7.15440798021047], [-76.3199417580057, 7.15414892060255], [-76.3198239926831, 7.1539676082849], [-76.3196830725158, 7.15378686164073], [-76.3195625741535, 7.15365706518779], [-76.3194325393801, 7.15353806779398], [-76.319203909233, 7.15334699603344], [-76.3190570805198, 7.15323458527433], [-76.3188476832739, 7.15311046264418], [-76.3186214947861, 7.15303024311765], [-76.3183769376455, 7.1529866179045], [-76.3181249467089, 7.15297654999421], [-76.3178697397966, 7.15299342307441], [-76.3176674319065, 7.15302413402299], [-76.3174896880986, 7.15306502619642], [-76.317337130704, 7.15311356710384], [-76.3170001682232, 7.15332067377646], [-76.3168575042704, 7.15339464571274], [-76.3166583512019, 7.1534602188804], [-76.3164557141598, 7.15347945627831], [-76.3162560170015, 7.15345196490267], [-76.3160629433501, 7.15339146211271], [-76.3156983114279, 7.15324911741924], [-76.3154432538031, 7.15320400472745], [-76.3152080873833, 7.15323089985259], [-76.3149801038487, 7.15330212346065], [-76.3148190307736, 7.15332974164067], [-76.3146488772438, 7.15333165270005], [-76.3144651385552, 7.15331194405739], [-76.3142523400734, 7.15326924514596], [-76.3139211710252, 7.15318049914712], [-76.3136490739455, 7.15309164612898], [-76.313353734787, 7.15296703336832], [-76.3131406961862, 7.15289352458291], [-76.312914459135, 7.15284068131882], [-76.3126808971057, 7.15280693605771], [-76.3124424634489, 7.15279435993819], [-76.3122286649209, 7.15280660240922], [-76.3120861628461, 7.15285816324006], [-76.3118109163407, 7.15295843944684], [-76.3116167913818, 7.15301666695207], [-76.3114211249849, 7.15305556622781], [-76.3109252936673, 7.1531122747781], [-76.3106590997376, 7.1531768146247], [-76.3103353572909, 7.1532945835446], [-76.3101163337018, 7.15334832163415], [-76.3098597229478, 7.15337486512434], [-76.3094318435047, 7.15337829513862], [-76.3091868870652, 7.15340152912368], [-76.3089538637298, 7.15346012625024], [-76.3087924354225, 7.153526596042], [-76.308575488368, 7.1536355336194], [-76.3081503167837, 7.15386149547803], [-76.3079732951314, 7.15393978865668], [-76.3077277999979, 7.1540196772327], [-76.3074755752376, 7.15407384789616], [-76.3072226022413, 7.15410416763958], [-76.3069758489562, 7.15411123721022], [-76.3067529546851, 7.15409496757511], [-76.3065345507289, 7.15405319586469], [-76.3063383933022, 7.15399107699298], [-76.3060257727711, 7.15386591024993], [-76.3058522467837, 7.15380711617186], [-76.3056724768033, 7.15376642184926], [-76.3054322651868, 7.15374192341742], [-76.3051893043429, 7.15376641105744], [-76.3049674343995, 7.15384925660428], [-76.3047886797538, 7.15398077705762], [-76.3046342283869, 7.15416169457293], [-76.3045326724449, 7.15431832139981], [-76.3043209306664, 7.15469902330762], [-76.304229569439, 7.15484990796324], [-76.3041404349331, 7.15497530223478], [-76.3040294280157, 7.15510450603449], [-76.3038974704918, 7.15522314819609], [-76.303718589941, 7.15534735086588], [-76.3035355590188, 7.15543642331862], [-76.3033574069187, 7.15548716216913], [-76.303140322268, 7.15549381355496], [-76.3029323099781, 7.15543111731856], [-76.3027677034667, 7.15530875825894], [-76.3026321837282, 7.15514017584478], [-76.3025079873537, 7.15493738322004], [-76.3023608726561, 7.15474690051542], [-76.3022279069923, 7.15461986947777], [-76.3020800233743, 7.1545135120553], [-76.3019286054208, 7.15442424804696], [-76.3017196290576, 7.15431195150172], [-76.3015670275962, 7.15422106781439], [-76.301178569935, 7.15395973561967], [-76.3010172864186, 7.15386934476086], [-76.3008074997663, 7.15379518216831], [-76.3005682090555, 7.15375549598575], [-76.3003246798401, 7.15375631077152], [-76.3000816479496, 7.15380356564842], [-76.2998427754237, 7.15388784651329], [-76.2996670155203, 7.15396567833975], [-76.2993711682448, 7.15410959864547], [-76.2991922148488, 7.15418193471488], [-76.2989539538618, 7.15426178462003], [-76.2987258696032, 7.15431366560956], [-76.29850239437, 7.15432676153717], [-76.2982858735941, 7.15430033765683], [-76.2980930211759, 7.15422970580268], [-76.2979380158267, 7.1541283495101], [-76.2977071544616, 7.15394242456964], [-76.2975596953236, 7.15383019097696], [-76.2973642069925, 7.1537005671938], [-76.2971596319114, 7.15358146997527], [-76.2969489522323, 7.15347179855109], [-76.296737065663, 7.15337460162299], [-76.2965322297786, 7.15329526163343], [-76.296323310972, 7.15323202580377], [-76.296099925671, 7.15318891770078], [-76.2958696830394, 7.15316843114458], [-76.2956828596762, 7.1531660785181], [-76.2953715971215, 7.15317191511819], [-76.2951608742749, 7.15316579163436], [-76.2949397606614, 7.15314381580089], [-76.2946871464946, 7.15309922201787], [-76.2939498741873, 7.15293461640585], [-76.2936934603849, 7.15288967908186], [-76.2934401411496, 7.15286758543716], [-76.2931957602761, 7.15287942411255], [-76.2929649528702, 7.15292941742507], [-76.2927602536827, 7.15300964594486], [-76.2923695072469, 7.15319187736963], [-76.292140352795, 7.15326580793708], [-76.2918953999527, 7.15330909230715], [-76.2916444135588, 7.15332060003208], [-76.2913880447225, 7.15330403272133], [-76.291092058052, 7.15326985488633], [-76.2907974707267, 7.15322582138094], [-76.2903783398884, 7.15315003910944], [-76.2902209207588, 7.15312947071492], [-76.289521991047, 7.15307472808263], [-76.2892972576623, 7.15305249684165], [-76.2890860788594, 7.1530270361352], [-76.2888842871801, 7.15299701316804], [-76.288740583611, 7.15296906044023], [-76.288589142275, 7.15293138514176], [-76.2882874592988, 7.15284157254694], [-76.2881429940039, 7.15280558167865], [-76.2879498699905, 7.15277217276401], [-76.2877142179368, 7.15275577452583], [-76.2875266984983, 7.15275920543941], [-76.2873458673179, 7.15277986016883], [-76.2871220917111, 7.15282493868637], [-76.2869001965868, 7.15288518786752], [-76.2864464769233, 7.15302868279387], [-76.28603577633, 7.15314468454596], [-76.285831623031, 7.15320692572543], [-76.2856917199969, 7.15325440183556], [-76.2851721510739, 7.15343787882147], [-76.2849247062102, 7.15350882184105], [-76.2846697223298, 7.15355477090236], [-76.2844093919798, 7.15358005354304], [-76.2839609774171, 7.1536043406342], [-76.283717549825, 7.15360785608407], [-76.2833305850384, 7.15359931881993], [-76.2828858567969, 7.15358120917185], [-76.2826902830301, 7.15356515897131], [-76.2825128476898, 7.15353971445267], [-76.2822822741076, 7.153488321795], [-76.2820659511827, 7.15340912030108], [-76.28187228218, 7.15330017193179], [-76.2816951247302, 7.15316286344183], [-76.2815336757385, 7.15300035954539], [-76.2813865358599, 7.15282179465652], [-76.2812847155172, 7.15268023956783], [-76.281194273397, 7.15253420225804], [-76.2811145071287, 7.15238856604591], [-76.2810172031814, 7.15218916206661], [-76.2808932775027, 7.15190865182926], [-76.2808020134022, 7.15166665865585], [-76.2807465773926, 7.15146334802158], [-76.2807197416228, 7.15124390714709], [-76.280718628262, 7.15101142250564], [-76.2807379708807, 7.15063074308081], [-76.2807381273627, 7.15043701562226], [-76.2807196058251, 7.15025322657166], [-76.2806617848135, 7.15002408471024], [-76.2805562169958, 7.14983646454772], [-76.2804073441236, 7.14969251456443], [-76.2802250866184, 7.14960429287033], [-76.2800201626004, 7.14958141861411], [-76.2797980462428, 7.14961419530537], [-76.2795589156114, 7.14970217238384], [-76.2793311919809, 7.1498301243273], [-76.2791288130442, 7.14997963931539], [-76.2789307850277, 7.15014973618791], [-76.2787845210888, 7.15028596998802], [-76.2785987841066, 7.15047254423901], [-76.2784647770278, 7.15061802756642], [-76.2782486843293, 7.15085100863361], [-76.2779813536565, 7.1509822206195], [-76.2777370609166, 7.15106958885692], [-76.2774683308987, 7.15115445428113], [-76.277269115777, 7.15120925896661], [-76.2770204298489, 7.15126710066266], [-76.2767755570463, 7.15130884089677], [-76.2765351961423, 7.151329324755], [-76.2762997059666, 7.15132782828311], [-76.27607034557, 7.15130290087465], [-76.2758238063236, 7.15124227307894], [-76.2755763209904, 7.15115381846045], [-76.2751710325171, 7.15098343920086], [-76.2749910493974, 7.15089836963053], [-76.2747669698198, 7.15076706231659], [-76.274600108708, 7.15062590742618], [-76.2744679920042, 7.15046687401351], [-76.2743570831129, 7.15027801278656], [-76.2742621344899, 7.15004046226401], [-76.2742050626135, 7.14985378369168], [-76.2740868782068, 7.14939198541834], [-76.2740181286337, 7.14914681044349], [-76.2737967416263, 7.14842382566556], [-76.2737003720745, 7.14813504886], [-76.2734693991934, 7.14750725732069], [-76.273402053462, 7.1472907185584], [-76.2733619122224, 7.14712546453514], [-76.2732747589229, 7.14668240183798], [-76.2732311103275, 7.14650279823217], [-76.2731496497365, 7.14628560296483], [-76.2730353288173, 7.14610172667999], [-76.2729038488335, 7.14596202689268], [-76.2727338409939, 7.14582440723722], [-76.2725920664707, 7.14572632177897], [-76.2724448069822, 7.14563530948857], [-76.2722275748426, 7.14551634896697], [-76.2720086834539, 7.14542874870446], [-76.2718215759049, 7.14538554437402], [-76.2716630587032, 7.14536208375979], [-76.2714382398828, 7.14534029228732], [-76.2708501111437, 7.14529926881287], [-76.2706553647532, 7.1452667628175], [-76.2704663848158, 7.14521019366216], [-76.2703281509234, 7.1451526613329], [-76.26986810363, 7.14493735733983], [-76.2696093533889, 7.14481922329518], [-76.2693416432022, 7.14470059012682], [-76.2690666098362, 7.14458271598624], [-76.2688260564773, 7.14448618185848], [-76.2686573589499, 7.14443358141136], [-76.2680047128472, 7.14452225276646], [-76.267807663293, 7.14457568778448], [-76.2676143684083, 7.14467681385057], [-76.2674591427252, 7.1447558022052], [-76.2672912473931, 7.14483340380523], [-76.267037730307, 7.14494041773277], [-76.266654271977, 7.14509765519929], [-76.2663602152517, 7.14522139741625], [-76.2661417897118, 7.14528866760458], [-76.2659289147876, 7.14528669629069], [-76.2656907815043, 7.14516683644702], [-76.2654616648239, 7.14496416613005], [-76.2652996573532, 7.14485370330247], [-76.2651160670528, 7.14476999890301], [-76.2649108984192, 7.14471449814224], [-76.2646748407712, 7.14468860126463], [-76.2644348404954, 7.1446896498741], [-76.2642011939299, 7.14471397923345], [-76.263988216483, 7.14476631348126], [-76.263805197252, 7.144859979671], [-76.2636658769786, 7.14499265485382], [-76.2635480765824, 7.14516091980729], [-76.2634531900127, 7.14535374254781], [-76.2633965156367, 7.14551593527881], [-76.2632797143873, 7.14597054077449], [-76.2632264151669, 7.14613868072217], [-76.2631417143186, 7.14634284031649], [-76.2630016053398, 7.14653804805912], [-76.2628298510168, 7.14667973175081], [-76.2626449414109, 7.14677548436774], [-76.2624609347243, 7.14683292136882], [-76.2619630601471, 7.14693883272755], [-76.2617230796563, 7.14702020968153], [-76.2613310031232, 7.14719239388047], [-76.261006957605, 7.14732675709078], [-76.2606750115425, 7.14747362627344], [-76.2602832965368, 7.14764589860589], [-76.2600878082058, 7.14776257484953], [-76.2599442988902, 7.14788948537801], [-76.2598125976732, 7.14804570750998], [-76.2596149302848, 7.14831275039971], [-76.2594335163437, 7.14849740010149], [-76.2592449716781, 7.14860916424809], [-76.2588505101429, 7.14877503340765], [-76.2583239624809, 7.1490163439956], [-76.258013244016, 7.1491570582182], [-76.2578074395616, 7.14925390261204], [-76.2576128703377, 7.14935448908495], [-76.2568697524371, 7.14976914040004], [-76.2567026943738, 7.14987185466888], [-76.256501705789, 7.15003075408257], [-76.2563735532968, 7.15017250072683], [-76.2562692706103, 7.15033067079034], [-76.2560973040473, 7.15065731804728], [-76.2559912910652, 7.1508323036344], [-76.2558159196689, 7.15101348914767], [-76.2556286322555, 7.1511047343625], [-76.2554383204221, 7.15113021215603], [-76.2550318826152, 7.15113692199783], [-76.254850906644, 7.15114717606782], [-76.2546154902126, 7.15118117943434], [-76.2543968254531, 7.15125648866251], [-76.2542012777667, 7.15138003033058], [-76.2540218881995, 7.15153430812831], [-76.2538082173753, 7.15174720913283], [-76.2536744333284, 7.15186558149786], [-76.2534685038683, 7.15199405055145], [-76.2532364275191, 7.15208388023333], [-76.2529957752348, 7.15213941247035], [-76.2525295352098, 7.1522031492224], [-76.2522210659494, 7.15226568987614], [-76.2514114000161, 7.15246125464962], [-76.2511730670834, 7.1525289753983], [-76.2509778134753, 7.15261962346331], [-76.2507868118618, 7.15274838389724], [-76.2504479554088, 7.15302386152843], [-76.2502572820479, 7.15314557217681], [-76.250048334463, 7.15324830263345], [-76.2496975314159, 7.15338893052114], [-76.249443007089, 7.15347669535962], [-76.2489629336924, 7.15361928826592], [-76.2486009511729, 7.15373005956102], [-76.2483887930084, 7.15378518620375], [-76.2481739566628, 7.15382911988437], [-76.2479745230058, 7.15385843328644], [-76.2478226877668, 7.15387152741542], [-76.2476690727694, 7.15387152831479], [-76.2475029868733, 7.15385532433012], [-76.247273543739, 7.15381375586656], [-76.2468580515578, 7.15374315458932], [-76.2466286381011, 7.153688573835], [-76.2464015206136, 7.1536032596491], [-76.2461739543645, 7.15351830968863], [-76.2459430057651, 7.15346445828452], [-76.2454625870287, 7.15338097062168], [-76.2449412068711, 7.15326369812759], [-76.2447527755201, 7.15322816951085], [-76.2445002953523, 7.15319366612118], [-76.2442531679493, 7.15318100366681], [-76.2437942115336, 7.15319807279922], [-76.2435483953421, 7.15319516349239], [-76.2432977893615, 7.15317402312904], [-76.2430525280517, 7.15313541793158], [-76.2428779282737, 7.15309792699417], [-76.2423426490939, 7.15296842731748], [-76.2420887381048, 7.15291793488121], [-76.2418344943664, 7.15287386000706], [-76.2415842391213, 7.15281196416727], [-76.2413991334632, 7.15275274560912], [-76.2412301805284, 7.15268486568045], [-76.2410424776282, 7.1525931294358], [-76.2408549536931, 7.15248151187871], [-76.2406545361779, 7.15234040645103], [-76.2405081697162, 7.15222769262035], [-76.2400356830003, 7.15184958525661], [-76.2396160809174, 7.15153990460935], [-76.2394158387699, 7.15137819661294], [-76.2392756434562, 7.15125036248071], [-76.2389561925742, 7.15094120344024], [-76.2388089186966, 7.15080825126626], [-76.2386523548223, 7.15068130746286], [-76.2384342413471, 7.15052844789605], [-76.2382038854009, 7.15040781193746], [-76.2379656702794, 7.15032823902353], [-76.2377808344179, 7.15028790173177], [-76.2376064055111, 7.15026730455898], [-76.2374091590054, 7.15026181329856], [-76.23717051131, 7.15028244914223], [-76.2369375563231, 7.15034037897184], [-76.2367488668667, 7.1504234007858], [-76.2365531600003, 7.15053365407137], [-76.2363062960986, 7.15069294199216], [-76.2358635598554, 7.15100450042384], [-76.2356489366491, 7.15115161871871], [-76.2354427436876, 7.1512831553598], [-76.2352830438774, 7.15137471623665], [-76.2350879098791, 7.1514724050939], [-76.2349038033678, 7.15154899135932], [-76.2346728682582, 7.15161332526122], [-76.2344214322033, 7.15160835740624], [-76.2341855022591, 7.15155307787869], [-76.2340063770926, 7.15149572361519], [-76.2338211149524, 7.15142240548607], [-76.2336037047471, 7.15130360594315], [-76.2334456776758, 7.15117332205762], [-76.2333248177861, 7.15100120980446], [-76.2331992049793, 7.15070279496452], [-76.2330553620153, 7.15041386257618], [-76.2329160606276, 7.15018689617481], [-76.2327674755385, 7.14998599752231], [-76.2326698919019, 7.14987729826519], [-76.2325581565337, 7.14977932881947], [-76.2324321075557, 7.14969624495228], [-76.23221074483, 7.14958342590091], [-76.2319881590263, 7.14951832307867], [-76.2317374514222, 7.14947566913337], [-76.231470976904, 7.14944655538073], [-76.2309357741666, 7.14940965979451], [-76.2304908435775, 7.14936945020651], [-76.2295240732773, 7.1492677944397], [-76.229312532947, 7.14924302890922], [-76.2291015133242, 7.14921356262234], [-76.2289282166638, 7.14918383103551], [-76.2281227091956, 7.14903415866605], [-76.2279348183371, 7.14899789800115], [-76.2277440109773, 7.14895731339585], [-76.2275334194317, 7.14890362656764], [-76.2274109353663, 7.14886687936952], [-76.2269779774517, 7.1487368832671], [-76.2267912377254, 7.14869528332721], [-76.2266247723153, 7.1486750971446], [-76.2259873895064, 7.14857144398353], [-76.2256482767465, 7.14852504346257], [-76.2253298537897, 7.14849201046449], [-76.2250170947631, 7.14847060659977], [-76.2247005819663, 7.14845907009655], [-76.2242507392801, 7.14845185933242], [-76.2162494206741, 7.14623807469403], [-76.2041524365856, 7.13864037631919], [-76.2037004490165, 7.13834426464298], [-76.2025443066744, 7.13727428005089], [-76.2018583379919, 7.13661779384302], [-76.2004746401925, 7.13559854810149], [-76.2008001641962, 7.13558349614839], [-76.2020945701083, 7.13574019222307], [-76.2039223810131, 7.13584029935728], [-76.2053979670425, 7.13581542680747], [-76.2070647048722, 7.13567219628179], [-76.2093455492576, 7.13543576361654], [-76.2105681586935, 7.13524939171305], [-76.2119983784224, 7.13508012851213], [-76.2133024061811, 7.13475783217521], [-76.2149687096382, 7.13415382230809], [-76.2164177566741, 7.13342422031854], [-76.217451848424, 7.13267846470644], [-76.2185223150528, 7.1313903702365], [-76.2196653147025, 7.12988507420396], [-76.2203003889517, 7.12893342510469], [-76.2206428696726, 7.12846222891596], [-76.2213352010587, 7.12750995298917], [-76.2219879838584, 7.12672981719458], [-76.2231580288199, 7.12555872812012], [-76.2239917723024, 7.12478678874663], [-76.224708034648, 7.12417804304961], [-76.2257335036982, 7.12341433696944], [-76.2266577045893, 7.12275944346094], [-76.2275905623545, 7.12204125566678], [-76.2289771469777, 7.12112216202558], [-76.2300281028146, 7.12051185600478], [-76.2311064996652, 7.12006406737029], [-76.2321477032539, 7.11965259695725], [-76.2327728328, 7.11950519807391], [-76.23376039003, 7.11922951359867], [-76.2350276112352, 7.11892541594267], [-76.2363579945258, 7.1188198130514], [-76.237562495213, 7.11887744340682], [-76.2387208480886, 7.11897142975518], [-76.2396710501788, 7.11893084604919], [-76.2410552506992, 7.11897859015733], [-76.2419791754985, 7.11863993515239], [-76.2431306980233, 7.11801115345951], [-76.2443339504514, 7.11755372139471], [-76.2454026040469, 7.11721438380432], [-76.2465983813102, 7.11663047738218], [-76.2480136219311, 7.11570217108596], [-76.2494550544072, 7.11443941231669], [-76.2509499407871, 7.11302287667208], [-76.2521295824143, 7.11187880772856], [-76.2526523673129, 7.11132561225494], [-76.2523300412983, 7.11007212279801], [-76.2530945603656, 7.10771828314014], [-76.2537049473254, 7.10680838956341], [-76.2546944443931, 7.10582234859047], [-76.2548494758226, 7.10453201211062], [-76.2543944422497, 7.10339200630404], [-76.2536376060906, 7.10141623623838], [-76.2540204214053, 7.09997365982467], [-76.2539473362006, 7.09845460956073], [-76.255328827963, 7.0974231798041], [-76.2555543023891, 7.09439643861305], [-76.2555836247844, 7.09330295383656], [-76.2555853955495, 7.09223670502827], [-76.2554623925753, 7.09012287284073], [-76.2553104431224, 7.08904830800145], [-76.255212636454, 7.08796454579566], [-76.2552496903209, 7.08718728063701], [-76.2554324019837, 7.08660812443391], [-76.2557053111511, 7.08597432991996], [-76.2560402843316, 7.08543963979611], [-76.2565399431638, 7.08470538651297], [-76.2573923295923, 7.08348154140861], [-76.2580737009405, 7.08230367504323], [-76.2585643359753, 7.08132549414496], [-76.2588560625572, 7.08036640855164], [-76.2589401221888, 7.07864015358903], [-76.2589144447458, 7.07787222159452], [-76.2587357620457, 7.07653574269921], [-76.2584848422017, 7.07510924346574], [-76.2581608182671, 7.07375537348061], [-76.2582622698878, 7.07284226932426], [-76.2584624742638, 7.07213661987813], [-76.2589265163456, 7.07129410440842], [-76.259497069634, 7.07071313337346], [-76.2601957421397, 7.06998698567989], [-76.261047854275, 7.06942276541736], [-76.2624786711537, 7.06835885574573], [-76.2633023907927, 7.06789416075605], [-76.264100319674, 7.06746572912926], [-76.2643181435674, 7.06731579595635], [-76.2645853456372, 7.06660685049493], [-76.2648886141182, 7.06595077617657], [-76.2652302171008, 7.06531051643643], [-76.2656035472659, 7.06468510810047], [-76.2660050945594, 7.06407890298822], [-76.2664506654658, 7.06350556180151], [-76.2669550853089, 7.0629831788999], [-76.2675328070933, 7.06252641143408], [-76.2681794861943, 7.06213537361795], [-76.2688193385416, 7.06175448644975], [-76.2693608868954, 7.06131921457941], [-76.2697261420478, 7.06076712257401], [-76.2699230000464, 7.06010404973148], [-76.2700114213899, 7.05936621714663], [-76.2700478322416, 7.05858986569916], [-76.2700922047914, 7.05781347737954], [-76.2701952473128, 7.05706888908747], [-76.2703876887408, 7.05637077865801], [-76.2706965384145, 7.0557304910389], [-76.2711364139143, 7.05516052051116], [-76.2716893926513, 7.05467667176056], [-76.2723280551955, 7.05429570005609], [-76.273024333706, 7.0540302048996], [-76.273745213171, 7.05384157839574], [-76.2744571641667, 7.0536585969363], [-76.2751238684717, 7.05341338778721], [-76.2757128812444, 7.05303463381093], [-76.2763339188752, 7.05238926232424], [-76.2763076667654, 7.05184786865384], [-76.2762613876529, 7.05112558174985], [-76.2763056567806, 7.05040576078692], [-76.2764709179984, 7.04969964549196], [-76.2766248675436, 7.04899240964173], [-76.2767233406096, 7.04827829667585], [-76.276789099937, 7.04755060394702], [-76.2767201740967, 7.04683962781637], [-76.2764566718379, 7.04616101289026], [-76.2762678465838, 7.04545656403907], [-76.2763437277808, 7.04474581004097], [-76.2764739379219, 7.04402956028591], [-76.2764989336788, 7.04330739029373], [-76.2765148804573, 7.04258408715584], [-76.2765624779759, 7.04185973181117], [-76.276426834131, 7.04115421906198], [-76.2761168486137, 7.04049479656762], [-76.2757865114383, 7.03985345134576], [-76.2757109917688, 7.03964263766766], [-76.2755422654631, 7.03917148914297], [-76.2754189783032, 7.03845814689602], [-76.27541918155, 7.03773256847335], [-76.2753377758176, 7.03702038455324], [-76.2751059683657, 7.03632833465505], [-76.2750580228094, 7.03613410897211], [-76.2753945653069, 7.03607677629234], [-76.2758195516309, 7.03607478069676], [-76.2761724429039, 7.03610926520058], [-76.2765615543722, 7.03615261612048], [-76.2771588094315, 7.03622209684247], [-76.2775487500748, 7.03621122763619], [-76.278371755652, 7.03608989200506], [-76.2790881205203, 7.03600519925071], [-76.2798661177271, 7.03592925150393], [-76.2807619189274, 7.03615093079097], [-76.2809792338045, 7.03620412209273], [-76.2814842121267, 7.03636438847592], [-76.2821262893967, 7.03671375980231], [-76.2826517093089, 7.03702753686144], [-76.2834547643259, 7.03854176406126], [-76.2840285659655, 7.04132207842115], [-76.2844873865836, 7.04260299360323], [-76.2845769527641, 7.04348807758262], [-76.2840481226227, 7.04534281868601], [-76.2835484467034, 7.04642043672362], [-76.2830757783245, 7.0479497158765], [-76.2832092260249, 7.04927734634221], [-76.2836317239249, 7.0506397544908], [-76.2844165110131, 7.05212694986851], [-76.2848865785527, 7.05302830438235], [-76.2855792399899, 7.05509412985977], [-76.2856503808604, 7.05626844390305], [-76.2853218890939, 7.05745368380994], [-76.2850299457753, 7.05894596755176], [-76.2848275443557, 7.06060950739221], [-76.2850888774497, 7.06185520692157], [-76.2856101919568, 7.0636598917599], [-76.2857890302395, 7.06478842401582], [-76.2859398663317, 7.06630571880311], [-76.2860198916047, 7.06744384592588], [-76.2867866724669, 7.06916603955019], [-76.2870208307467, 7.06920107264046], [-76.2876009078556, 7.06922542808014], [-76.2883527060125, 7.06922185957025], [-76.2909968657128, 7.0679804426125], [-76.2923571469647, 7.0668265305891], [-76.2936077046318, 7.06531161990456], [-76.2947056401532, 7.06356250597413], [-76.295333679006, 7.06154464493879], [-76.295663727499, 7.05940161266373], [-76.2960196117157, 7.05721327793992], [-76.2963852949454, 7.05507007839094], [-76.2965598722403, 7.05385846406647], [-76.2968159425017, 7.05207730279494], [-76.2968632144658, 7.05108315083641], [-76.297082911647, 7.04973578744637], [-76.2974186726336, 7.04902037046348], [-76.2980168468, 7.04833081438533], [-76.2984703452302, 7.04787687348871], [-76.2990231081299, 7.04739535308285], [-76.2998831333999, 7.04697562239686], [-76.301358106991, 7.0467878907184], [-76.3031959066657, 7.04670694543897], [-76.3058203478308, 7.04669443676868], [-76.3083184261544, 7.04673673098517], [-76.3104994961548, 7.04681666902388], [-76.3124177006164, 7.04687074615781], [-76.3140826838687, 7.04706156341021], [-76.3163170135193, 7.04715937997118], [-76.3159384079311, 7.04659195182693], [-76.3152524563358, 7.04594467377752], [-76.3138322712423, 7.04482202128912], [-76.3119621355441, 7.04334009054268], [-76.3097328402983, 7.03956481213638], [-76.3075263014976, 7.03829227593791], [-76.3051020377288, 7.03759904433052], [-76.3027144321253, 7.0369869459609], [-76.3001282957842, 7.03589688400414], [-76.2978801570435, 7.03241073943433], [-76.295334108882, 7.0292603054891], [-76.2946672391018, 7.02760992452883], [-76.2939652391045, 7.02545370819255], [-76.2934602382993, 7.02373930719385], [-76.2931547970562, 7.02285533837375], [-76.2985646337508, 7.02394113124874], [-76.301250360116, 7.02484100188128], [-76.3057284748892, 7.02575040532744], [-76.3066780708363, 7.02574588983143], [-76.3094766998897, 7.03006063735889], [-76.3136002344632, 7.03767596784177], [-76.3173237892614, 7.04080253827654], [-76.3184838967144, 7.04509791620574], [-76.3194694772345, 7.05106570039143], [-76.3189719821712, 7.05116738853384], [-76.3185468654455, 7.05114232262977], [-76.3179946052668, 7.05102751068076], [-76.3168184044458, 7.05082533319225], [-76.315162322683, 7.05060738339373], [-76.3131721265923, 7.05027356224478], [-76.3108831928051, 7.04997730218049], [-76.3090007139118, 7.05005858470565], [-76.3068915321185, 7.0503758700201], [-76.3054158966263, 7.05067196281052], [-76.3040659935508, 7.05148257483063], [-76.3030506706519, 7.05252651595558], [-76.3023332886503, 7.05346060938921], [-76.3020433517192, 7.05394088153603], [-76.301490212903, 7.05506394141732], [-76.3006815056469, 7.05664894796007], [-76.3000364866945, 7.05828747945306], [-76.2995535201788, 7.06001559601231], [-76.2991348138206, 7.06135487179924], [-76.2987613712402, 7.06270296813675], [-76.2977624591701, 7.0651834170503], [-76.2973355078274, 7.06597155681112], [-76.2968001450106, 7.06680539112508], [-76.2963189303743, 7.06736789548115], [-76.2957477592516, 7.06814768593606], [-76.2953026712812, 7.06892687564392], [-76.2950387904078, 7.06990398904694], [-76.294973599452, 7.07116017287274], [-76.2950885436014, 7.07238848131233], [-76.2953039123456, 7.07369763340799], [-76.295528862467, 7.07464530930253], [-76.2957080433915, 7.07581909724242], [-76.2954415409942, 7.07778111577468], [-76.2942001788951, 7.07897070929957], [-76.2933492448717, 7.07952594263694], [-76.2914455473741, 7.08076377489703], [-76.2904307928468, 7.08135592900165], [-76.2887457088473, 7.08196933948209], [-76.2876054638211, 7.0823090826667], [-76.2864819704665, 7.08274813708553], [-76.284670901341, 7.08325361632996], [-76.2835218015898, 7.08352110798138], [-76.2816031249842, 7.08352117273256], [-76.2784961300923, 7.08482801267123], [-76.2752005068978, 7.08567481251118], [-76.2703934875694, 7.11193734280188], [-76.2704776452271, 7.11215353352645], [-76.2707741382159, 7.11229959421857], [-76.2713962361473, 7.1130071340397], [-76.2717551357908, 7.1139126308309], [-76.2723437771436, 7.11477438909443], [-76.2736184375408, 7.11591589137289], [-76.2750651382455, 7.11674935606552], [-76.2769466638574, 7.11723738576429], [-76.2796975937689, 7.11745932135811], [-76.2818692082973, 7.11760258965535], [-76.2839975069793, 7.11767376649868], [-76.2859154092687, 7.11770979603776], [-76.2878247167372, 7.11774585795252], [-76.2901511684416, 7.11775280971193], [-76.291872055351, 7.11775361190723], [-76.2942243967385, 7.11785990277985], [-76.296251439852, 7.11803993536226], [-76.2988847123596, 7.11847908420989], [-76.3005949189204, 7.11896783066836], [-76.3028923782806, 7.11988745580896], [-76.3048093830466, 7.12056493758925], [-76.3065107070035, 7.12119826985171], [-76.308726770524, 7.12211825022447], [-76.3103090332353, 7.12291478155929], [-76.3117913345024, 7.12406417718736], [-76.3134541117178, 7.12573675611368], [-76.3148534927945, 7.12798887615294], [-76.3157018961256, 7.12945756438222], [-76.3164421973495, 7.13068281242899], [-76.3173558968571, 7.13138315587504], [-76.3185403210789, 7.13220867955401], [-76.3206569942249, 7.1327857124577], [-76.3224755565017, 7.13275880294346], [-76.3243947807945, 7.13248752784423], [-76.3262602966753, 7.13199956469525], [-76.3273663629672, 7.13124423130337], [-76.328915384937, 7.13054094977216], [-76.3295219713618, 7.13029403460915], [-76.3306906043878, 7.13007148387903], [-76.3317675155583, 7.12983130643681], [-76.3337238584692, 7.12942428586929], [-76.3353178294543, 7.12901893804074], [-76.3373369045744, 7.12849404603059], [-76.3395282043631, 7.12791408943087], [-76.341248894321, 7.12741775089571], [-76.3430692030812, 7.12705653819595], [-76.3447976901612, 7.12674989276058], [-76.3465001913307, 7.1266963597165], [-76.3483647431383, 7.12659684703414], [-76.3508087506233, 7.12638605224181], [-76.3524657487952, 7.12627850951287], [-76.3545934188512, 7.12621390941166], [-76.35624922722, 7.1262147826534], [-76.3582403918805, 7.12622303033584], [-76.3600239624359, 7.12621422417435], [-76.361635395557, 7.12626047450857], [-76.3633358408763, 7.12614364358154], [-76.3655722794371, 7.12568984927442], [-76.371186379148, 7.12484894089321], [-76.373811831151, 7.12430282668148], [-76.376021191125, 7.12386728231657], [-76.3781934540646, 7.1235944567861], [-76.3807291024661, 7.12329270456205], [-76.3828483476731, 7.12303819282573], [-76.3844227521083, 7.12281349541386], [-76.3859710141509, 7.12255287458289], [-76.3862518202653, 7.12263269930702], [-76.386595853216, 7.12269431635702], [-76.3870936531495, 7.12277314733029], [-76.3878714444116, 7.12275119038253], [-76.3887760940415, 7.12266535279116], [-76.3895734680411, 7.12261619045223], [-76.391031540673, 7.12251854566177], [-76.3923617171195, 7.12263837942503], [-76.3934291800126, 7.12289505133292], [-76.3944781438512, 7.12307049827228], [-76.3957734436894, 7.12287426710109], [-76.3965794448854, 7.12250882219176], [-76.3972871160075, 7.12181860780991], [-76.3978941601873, 7.12111995149199], [-76.3985474151311, 7.12016799212662], [-76.3991913027364, 7.1190444133365], [-76.3999256423544, 7.11815529230044], [-76.4005790330959, 7.11744727853665], [-76.4012399817397, 7.11701931185935], [-76.4022636350587, 7.11677022393425], [-76.4031233140896, 7.11686528946911], [-76.4041371647983, 7.11702282371193], [-76.4050332969491, 7.11717200145427], [-76.4059467518411, 7.1173661767752], [-76.4073670421552, 7.11765718120148], [-76.4083712098634, 7.11768826446938], [-76.4092045189734, 7.11770213561259], [-76.4097465853366, 7.11780782214082], [-76.4104621372178, 7.11800298581669], [-76.4126160638802, 7.11836255275714], [-76.4125064185363, 7.12531090913845], [-76.3976119960967, 7.12819573371336], [-76.3832589619315, 7.13281209047264], [-76.3780282351149, 7.16126258586577], [-76.3816341450997, 7.1778356000985], [-76.3824434692906, 7.18030120030572], [-76.3822716960819, 7.18039521633168], [-76.3821264034107, 7.18048394794138], [-76.3819420082171, 7.18058661094888], [-76.38178263576, 7.18068191930066], [-76.3816487437945, 7.18077113564489], [-76.3815159984645, 7.18085456485183], [-76.3813611109265, 7.18092419126392], [-76.3811671019801, 7.18093221231729], [-76.3810359691346, 7.18085065100224], [-76.3809337962576, 7.18073551349865], [-76.3808214592429, 7.18059585238219], [-76.3806793510711, 7.18045480451113], [-76.3805006809616, 7.18032875733181], [-76.3803249237562, 7.18022420035213], [-76.3801708905741, 7.18014040332251], [-76.380001029324, 7.18005722952304], [-76.3798399310679, 7.17998928034653], [-76.3796913531734, 7.17992867773187], [-76.3794929528374, 7.17983697296347], [-76.37926673737, 7.17971875438258], [-76.3790661957483, 7.17961486110251], [-76.3789078745987, 7.17954138649134], [-76.3787314860692, 7.17947351375722], [-76.3785030447797, 7.17939840237996], [-76.3783010804305, 7.1793352654757], [-76.3781213850938, 7.17927508824029], [-76.3779563550017, 7.17921691739241], [-76.3777914121439, 7.17915811162312], [-76.3776124299696, 7.17909585335652], [-76.3774460670823, 7.17904247679447], [-76.3772343693706, 7.1789867062371], [-76.3770565617109, 7.17896013037133], [-76.3768753618085, 7.17894269701346], [-76.376645828742, 7.17890237590952], [-76.3764526471719, 7.17880467985767], [-76.3763218048074, 7.17863692032323], [-76.3762094417123, 7.1784377150941], [-76.3760647569829, 7.17825141243832], [-76.3759307220251, 7.17811429640328], [-76.3757868808598, 7.17798789129374], [-76.3755952632108, 7.17785937727404], [-76.375383227354, 7.17777216551867], [-76.3752140055219, 7.17772575870242], [-76.3750415524257, 7.17768460842353], [-76.3748164997816, 7.17761770156131], [-76.3746534014333, 7.17754777207763], [-76.3744926871877, 7.17746590319453], [-76.3742779785458, 7.17736903721693]]]}, "properties": {"FID": 31, "TIPO_ACTO_": "RESOLUCION", "NUMERO_ACT": "0029", "FECHA_ACTO": 839980800000, "AREA_ACTO_": 9977.5, "NUMERO_PLA": "I-568.164", "PUEBLO": "Embera Katio", "DEPARTAMEN": "05", "MUNICIPIO": "05234", "ID": "10059", "NOMBRE": "Sever", "CODIGO_DAN": "1028", "GlobalID": "a89e3521-fd55-44ef-8706-99bba64edd3e", "Shape__Area": 104288714.28613281, "Shape__Length": 96272.6939197715, "FECHA_ACTO_ISO": "1996-08-14"}}, {"type": "Feature", "id": 409, "geometry": {"type": "MultiPolygon", "coordinates": [[[[-76.5163621824687, 8.52042157831615], [-76.5153824916086, 8.51864701357183], [-76.5150906436183, 8.51780990212835], [-76.5143565126429, 8.51742455881942], [-76.5136291373748, 8.51678650331754], [-76.5118035918622, 8.51621922805803], [-76.5109399225394, 8.51530464091958], [-76.5113817963328, 8.51460906747767], [-76.5126694546316, 8.51320272564847], [-76.5137267866618, 8.51220464005535], [-76.514359690847, 8.51182701472819], [-76.5155071628253, 8.51264782146299], [-76.5165041917151, 8.51211127423915], [-76.5171720210719, 8.51148415988935], [-76.5179508600441, 8.51087096434684], [-76.5189062692089, 8.51020938078158], [-76.5192058702547, 8.51029150687082], [-76.5196197616427, 8.51043709901619], [-76.5199221757678, 8.51037490100418], [-76.519965075228, 8.51025302398119], [-76.5200404078385, 8.51006537593962], [-76.52014051857, 8.50995420624493], [-76.520275224422, 8.50998490370364], [-76.5204724862163, 8.51022866764221], [-76.5205453717714, 8.51045828614427], [-76.5206414571375, 8.51064595307154], [-76.5207572214686, 8.51082615382721], [-76.5209234872291, 8.51099891449157], [-76.5210168971121, 8.51114097769724], [-76.5210921937497, 8.51134571465628], [-76.5210073049431, 8.51151822351047], [-76.5208499073973, 8.51163541326697], [-76.520614142029, 8.51168635806222], [-76.5203382246293, 8.51173323162658], [-76.52027183128, 8.51177812308516], [-76.5202730885322, 8.51191566539887], [-76.5202980510142, 8.5120862506032], [-76.5202179699833, 8.51224154193686], [-76.5197212078674, 8.51199833827592], [-76.5190380090968, 8.51276396710663], [-76.518136171647, 8.51349942817927], [-76.5176062515272, 8.5141592760529], [-76.5172202229349, 8.51458308696302], [-76.5174598418981, 8.51489368941539], [-76.51770785963, 8.5153092211668], [-76.517908614391, 8.51574854808016], [-76.5184396595626, 8.51530462383245], [-76.5189617106144, 8.51495634158507], [-76.519747269321, 8.51449332832759], [-76.5203353989595, 8.51419390175032], [-76.520862274874, 8.51401880194936], [-76.5211882242571, 8.51395732249563], [-76.5212615432856, 8.51402484809142], [-76.5212114519469, 8.51424890608534], [-76.5211429640765, 8.51435138563111], [-76.5210475082359, 8.51458372907898], [-76.5209897357876, 8.51501802428552], [-76.5208751270854, 8.51527374381137], [-76.5207640608127, 8.51553979205091], [-76.5208151234192, 8.51606014967927], [-76.5209627300459, 8.51650588785956], [-76.5212316219418, 8.51654492922821], [-76.5214818969719, 8.51654581955703], [-76.5219673761934, 8.51655480198561], [-76.5222018096657, 8.51657971140768], [-76.5224532807943, 8.51670982352262], [-76.5226886045954, 8.51684648629938], [-76.5229270652318, 8.51688582354502], [-76.5231945622792, 8.5169407226593], [-76.5233752405749, 8.51698510150431], [-76.5235927506049, 8.51709685216105], [-76.5235868204754, 8.5171446340407], [-76.5235477746101, 8.5176299351964], [-76.5234514859973, 8.51823486776799], [-76.5249140462462, 8.51887115700128], [-76.5263765039724, 8.51971059319231], [-76.5259551760905, 8.52039564636496], [-76.5251948910313, 8.52129528856965], [-76.5245760459477, 8.52179588089812], [-76.5240621463509, 8.52216630265567], [-76.5226119535788, 8.52289010761531], [-76.5209720641095, 8.52345590618799], [-76.5199497130088, 8.52431620035521], [-76.5197934468101, 8.52470987318491], [-76.5179968360851, 8.52250058155949], [-76.5173441180366, 8.52180196571111], [-76.5168742690323, 8.52116434548111], [-76.5163621824687, 8.52042157831615]]], [[[-76.523510734233, 8.51863302731541], [-76.5233177496144, 8.51840242855226], [-76.5231522374858, 8.51856679494468], [-76.5233287465244, 8.51874219511924], [-76.523510734233, 8.51863302731541]]], [[[-76.5704889652935, 8.5524155248785], [-76.5701726701326, 8.5522626203456], [-76.5699944119125, 8.55228121203031], [-76.5698296615096, 8.55223299937541], [-76.5693943042037, 8.55210559781705], [-76.5691224238607, 8.55199092256503], [-76.5691182689929, 8.55182630436246], [-76.5693266410116, 8.551378217153], [-76.5691323541748, 8.55082435887905], [-76.5690331778388, 8.55051214574096], [-76.5689897136044, 8.55026084278568], [-76.5690001934042, 8.55016935115668], [-76.5690447647041, 8.55008023913376], [-76.5695168880938, 8.54964243297395], [-76.5695929014911, 8.54961272027289], [-76.5696700309471, 8.54961518981124], [-76.5699381656138, 8.54970940458742], [-76.5701563438402, 8.54938659923422], [-76.5704625809833, 8.54928874849903], [-76.5708977557268, 8.549261923521], [-76.5709577881714, 8.55007688915911], [-76.571167787963, 8.55007420108556], [-76.5710314741232, 8.55080918281955], [-76.5706301363717, 8.5525410261694], [-76.5705661514068, 8.55250277980141], [-76.5704889652935, 8.5524155248785]]], [[[-76.5690540591974, 8.55429316991578], [-76.5693336566229, 8.55408163678002], [-76.569788732464, 8.55390542092037], [-76.5702265871872, 8.55412252085958], [-76.5703417624623, 8.55365854173027], [-76.5707248763519, 8.55404141819882], [-76.5710171767013, 8.5538708329945], [-76.5713613616375, 8.55429737424631], [-76.5709926890613, 8.55454191969578], [-76.571098524877, 8.55493915384073], [-76.5710592991473, 8.55506648435267], [-76.5710168358583, 8.55518883801637], [-76.5714137696297, 8.55537101997846], [-76.5715789391167, 8.55564923244799], [-76.5714637485531, 8.55584691782286], [-76.5716526835245, 8.55628136681346], [-76.5711267680858, 8.55648027256839], [-76.5703084084063, 8.55622821238395], [-76.5693639619772, 8.55592358682593], [-76.5690923577261, 8.555858646781], [-76.5690746105049, 8.5557695104764], [-76.5688302557117, 8.55548707568988], [-76.5687439225939, 8.55523623408681], [-76.5688793730845, 8.55478096579085], [-76.5690516616049, 8.55429672763379], [-76.5690540591974, 8.55429316991578]]], [[[-76.5594627086371, 8.54615119554341], [-76.5590996972932, 8.54603504270524], [-76.5587404945781, 8.54659400193377], [-76.5583851364648, 8.54631252132794], [-76.5580462449382, 8.5460431384023], [-76.5570826483455, 8.54546372139579], [-76.5573231333559, 8.54500276398856], [-76.5577373125269, 8.54468296956559], [-76.5583184436412, 8.54403621402231], [-76.5591222963568, 8.54327584082963], [-76.5593951317799, 8.54350083142045], [-76.5597418384151, 8.5436941982509], [-76.5601095406228, 8.544108793808], [-76.5605087739607, 8.54421380044875], [-76.5609198603632, 8.54432205184346], [-76.5613785892505, 8.54486255068838], [-76.5617943719127, 8.54545631997538], [-76.5619604668021, 8.54549021092666], [-76.5623158554923, 8.54580213088584], [-76.5624446761808, 8.5461115606222], [-76.5624451807005, 8.54656054265705], [-76.5617858562322, 8.54673189498309], [-76.5610367137733, 8.54721278766216], [-76.5605040417281, 8.54683985319882], [-76.5594627086371, 8.54615119554341]]], [[[-76.5389676214585, 8.52992388610114], [-76.5390582713221, 8.52895918064437], [-76.539061650075, 8.52856987492252], [-76.5390963045508, 8.52819113623467], [-76.5390903321531, 8.52748869556959], [-76.5389450026098, 8.52632510774033], [-76.5390717971257, 8.52601957026974], [-76.5392851262076, 8.52551853007893], [-76.5397490567735, 8.52468871663382], [-76.5398524203529, 8.52462924896349], [-76.5398586985201, 8.52462400771464], [-76.5402067829166, 8.52433338729885], [-76.5410188959053, 8.52438494093514], [-76.5415924547279, 8.52406295756233], [-76.5418490196165, 8.52310238898696], [-76.5420902933323, 8.5228707047421], [-76.5426113182577, 8.52306451224035], [-76.5426616047492, 8.52315694815751], [-76.5426976189999, 8.52322314815267], [-76.5427096852038, 8.52324532813229], [-76.5427795886071, 8.52340938335924], [-76.5428873930387, 8.52373935451046], [-76.5432472522588, 8.52412670960281], [-76.5434404437215, 8.5240531882269], [-76.5437030529535, 8.52375723033479], [-76.5438652708655, 8.52350413952726], [-76.5439980827453, 8.52326554489188], [-76.544017143876, 8.52321476377323], [-76.544051857707, 8.52312228378929], [-76.5441086921624, 8.52297087123163], [-76.544243958292, 8.52280225194528], [-76.5442883749085, 8.52273261743927], [-76.5444306863271, 8.52301754964309], [-76.5444293103644, 8.52340924666229], [-76.544360789219, 8.52364972447807], [-76.5443638091425, 8.52377846692557], [-76.5444049036634, 8.52388283324902], [-76.5444883571519, 8.52395495258187], [-76.5445413631933, 8.52404077578408], [-76.5445481099073, 8.52414647400346], [-76.5446086019054, 8.52423227831988], [-76.5446887584794, 8.52434355413453], [-76.5447612699166, 8.52436901753897], [-76.5450231237181, 8.5243284302357], [-76.5451161774696, 8.5243308278283], [-76.5453749367039, 8.52428484819001], [-76.5455431171211, 8.52417511471262], [-76.5462256935609, 8.52385848770191], [-76.5460914562557, 8.52430213046184], [-76.5459947566526, 8.52470918250559], [-76.5459107240007, 8.52484857112751], [-76.5460065962274, 8.52588513781167], [-76.5447432564961, 8.52728775554826], [-76.5436078839966, 8.527964034935], [-76.5416215352056, 8.52911986071573], [-76.541397882806, 8.5290833428447], [-76.5402273755928, 8.52999572574482], [-76.5399484139881, 8.53035085632962], [-76.5389676214585, 8.52992388610114]]], [[[-76.5625793568518, 8.55692049880378], [-76.5628720187286, 8.55545454181555], [-76.5628671426045, 8.55423532102518], [-76.5637410561048, 8.55417964309797], [-76.5653951134937, 8.55361066991844], [-76.567070479419, 8.5529153680717], [-76.5683342427311, 8.5523252976963], [-76.568457957069, 8.55215410005366], [-76.5685219825035, 8.55180244085193], [-76.568468205743, 8.55148976276435], [-76.5683904395671, 8.55134685689393], [-76.5682364000897, 8.55129048558947], [-76.5680830431979, 8.5513392765084], [-76.5680167145997, 8.55147832878385], [-76.5679173305203, 8.55170363863401], [-76.5678410392325, 8.55181429571519], [-76.5677162753857, 8.55164444525698], [-76.5676431515102, 8.55143165666761], [-76.5670882194457, 8.55111345944063], [-76.5667360170535, 8.55095439275302], [-76.5666426431434, 8.5508736875926], [-76.5666875975546, 8.55075377738693], [-76.5668113361742, 8.55058089441477], [-76.5669965128787, 8.55007070811871], [-76.5669591946111, 8.54987017818821], [-76.5667840903135, 8.54976038175822], [-76.5665855847569, 8.54969712614348], [-76.5663052912561, 8.54979572871195], [-76.5661694081916, 8.54994717994042], [-76.5657813876009, 8.55004864774894], [-76.5657432770305, 8.5502322461433], [-76.5657070541372, 8.55042459853842], [-76.5656426599807, 8.55049193617594], [-76.5655129876342, 8.55049037944948], [-76.5650582616294, 8.5500303645317], [-76.5646217945601, 8.54997133752924], [-76.5640572820179, 8.5501641386861], [-76.5635304510694, 8.5504583123233], [-76.5631525928179, 8.54968559863352], [-76.5628024112023, 8.54910557368535], [-76.5627288844304, 8.54904312746046], [-76.5618767794898, 8.54839917510394], [-76.5619706624161, 8.54815193438634], [-76.5620367212177, 8.54793659981635], [-76.5622069637803, 8.54739264667542], [-76.562181386162, 8.54715939581157], [-76.5622301869735, 8.54706071859939], [-76.5623941810466, 8.54678670146727], [-76.5634224038208, 8.547483377478], [-76.5638902590282, 8.54777775885861], [-76.5640135821611, 8.54789968354568], [-76.5643884546634, 8.54794507682596], [-76.5647055780999, 8.5479717210402], [-76.5649838247437, 8.54805922057869], [-76.5651976232717, 8.54831273406751], [-76.5654457866937, 8.54843066126811], [-76.5656097951559, 8.54818579925734], [-76.5656347144704, 8.5477547164291], [-76.5655369221911, 8.5473162654554], [-76.5651854050823, 8.54688404318618], [-76.5656371084658, 8.54695554828208], [-76.5660907399956, 8.54702121138193], [-76.5663854298437, 8.54721380299677], [-76.5669006316588, 8.54769797460394], [-76.567426529111, 8.54833280333833], [-76.5680953693058, 8.5487338748905], [-76.5685919299735, 8.54883384892506], [-76.569464341606, 8.54884719576356], [-76.5695391957772, 8.54899158191806], [-76.5695596751389, 8.54910545137753], [-76.5693109847141, 8.54946329791495], [-76.5688235647557, 8.54991444371866], [-76.5687351245263, 8.55009126572139], [-76.568714807942, 8.55026863810921], [-76.5687680154315, 8.55057627999336], [-76.5688760357004, 8.55091633794065], [-76.5690399884047, 8.55136350154636], [-76.5688533521005, 8.55174697426543], [-76.5688264524788, 8.55198136007367], [-76.5689104986206, 8.55219585737487], [-76.5693024960133, 8.55236120043104], [-76.5699717624868, 8.55252890330824], [-76.5698556447222, 8.55280227112986], [-76.5698210460044, 8.55288372092891], [-76.5696794288625, 8.5530172504677], [-76.5697582616344, 8.55334514238634], [-76.569613733387, 8.55346924792939], [-76.5696492323262, 8.5536852345079], [-76.5691370747162, 8.55385285464745], [-76.5688332549507, 8.55408945998254], [-76.5686215572391, 8.55469360744596], [-76.5684367816321, 8.55521949320695], [-76.5685335639728, 8.55555943604098], [-76.5688265792832, 8.55591573664376], [-76.5688705228563, 8.55616332539901], [-76.5688653661437, 8.5563230791686], [-76.5676730386797, 8.55632371319067], [-76.5669628215769, 8.55653048261753], [-76.5663528006412, 8.55697548335372], [-76.5657797967002, 8.55726785564882], [-76.5654148949814, 8.55762079458582], [-76.564899446752, 8.55797174242376], [-76.5640682906191, 8.55855781711131], [-76.5627478691188, 8.55872390930274], [-76.5627706084767, 8.55891511416297], [-76.5618842636478, 8.55875032149191], [-76.5621103019488, 8.55848835707379], [-76.562287035818, 8.55813308799341], [-76.5624011337053, 8.55769819653634], [-76.5625793568518, 8.55692049880378]]], [[[-76.5385402483337, 8.52496304403211], [-76.5387970974081, 8.52193214887247], [-76.5396938896612, 8.51938785348965], [-76.5406828561289, 8.51744817861362], [-76.5412258038277, 8.51698855040434], [-76.5407378595645, 8.51623409834808], [-76.540533875338, 8.51590623970436], [-76.5421107268285, 8.51447202248901], [-76.5435867769082, 8.51449984121784], [-76.5447089662458, 8.5144464448707], [-76.5449472272327, 8.51479238888081], [-76.5450135099655, 8.51501660605467], [-76.5451855664607, 8.51528121717759], [-76.5453733035351, 8.51550954425318], [-76.5453307916827, 8.51559716969678], [-76.5452176290902, 8.51558757033326], [-76.5450538922233, 8.51579502504345], [-76.5451422056482, 8.51594096792443], [-76.5453027004592, 8.51622353850859], [-76.5457643485458, 8.51623006219073], [-76.5463755934588, 8.51634059156814], [-76.5459604592078, 8.51709122510301], [-76.5457023151097, 8.5177233351868], [-76.5454670650529, 8.51814857062308], [-76.5450745010873, 8.51870962707063], [-76.5443552853681, 8.51979206457512], [-76.5441510475328, 8.52028394786887], [-76.5441798456233, 8.5226544879372], [-76.5439486506097, 8.5228799524707], [-76.5439436971438, 8.52289400167974], [-76.5438327100115, 8.52318968437929], [-76.5437091674441, 8.52341162896639], [-76.5435575876126, 8.52364812188617], [-76.5433339028373, 8.52390021084894], [-76.5432971583372, 8.52391419440741], [-76.5430477538507, 8.52364573688412], [-76.5429498338677, 8.52334601532923], [-76.5428734769294, 8.52316681641833], [-76.5428419493964, 8.52310886500503], [-76.5427385984076, 8.52291888592078], [-76.5422511775498, 8.52273757899894], [-76.5420466168578, 8.52266148736066], [-76.5419654854188, 8.52273939203223], [-76.5416865328072, 8.52300725870093], [-76.5416186384894, 8.52326145477518], [-76.5414366247005, 8.52394291155898], [-76.5409766556481, 8.52420112850213], [-76.5401457926942, 8.52414838416343], [-76.539954051838, 8.52430847068224], [-76.5397132556622, 8.52450951502493], [-76.5391958451121, 8.52469314219757], [-76.5385636109219, 8.52495587913335], [-76.5385402483337, 8.52496304403211]]], [[[-76.5222035516525, 8.51646736090309], [-76.5218670631144, 8.51641700876108], [-76.5214952456091, 8.51642584639879], [-76.5212686964931, 8.51641402930714], [-76.521068028067, 8.51637587826727], [-76.5209587640357, 8.51607267363812], [-76.5208846392147, 8.51556174270338], [-76.5210084201025, 8.5153093704542], [-76.5211021600366, 8.51501653500822], [-76.5211403812236, 8.51483666700172], [-76.521157447658, 8.51465786738983], [-76.5212382256635, 8.51442861041522], [-76.5213639787646, 8.51405047966908], [-76.5213489412006, 8.51368044372066], [-76.5211340850699, 8.51341548905677], [-76.5207834771757, 8.51318725281268], [-76.5205334854319, 8.51300916726249], [-76.5203790367631, 8.51272389421556], [-76.5203298051763, 8.51227464238406], [-76.5204080398991, 8.51205651182182], [-76.5203999136251, 8.51191972044199], [-76.5204709321877, 8.51182558390679], [-76.5206517894485, 8.51178349383641], [-76.5208394725636, 8.51174980073599], [-76.5210844775665, 8.51160018952038], [-76.5211915562453, 8.5115050205635], [-76.5212275264292, 8.51135446685842], [-76.521175621158, 8.51110641675101], [-76.5210272959729, 8.51088199363235], [-76.5208575408428, 8.51069606329599], [-76.5206981378088, 8.51050584679068], [-76.520625697418, 8.51021324606774], [-76.5204284967776, 8.50998928610002], [-76.5203170446958, 8.50987699315205], [-76.5200847417174, 8.50985528891374], [-76.5199730405234, 8.51000625001173], [-76.5198946529159, 8.51022603442726], [-76.5198869924907, 8.51018460086191], [-76.5198866354598, 8.51018249015311], [-76.5197684321674, 8.50948638611114], [-76.5197393346025, 8.50907776924702], [-76.5200629403524, 8.5089012188395], [-76.5203145454798, 8.50876150646171], [-76.5202660027738, 8.50830050408838], [-76.5201851384334, 8.5080428708052], [-76.5198137139317, 8.50739985104568], [-76.5198454168325, 8.50710146048742], [-76.5200008709434, 8.50687339421515], [-76.5223791235977, 8.50557824276517], [-76.5247281168091, 8.50452903880758], [-76.5261212628859, 8.50422525501501], [-76.5278551755758, 8.50364023253419], [-76.5285870960176, 8.50425003853191], [-76.529178796864, 8.50517369982984], [-76.5297251251144, 8.50613621363875], [-76.5287817111071, 8.50734409397816], [-76.528426568831, 8.50847340234902], [-76.527353713603, 8.5083036022528], [-76.5258098420505, 8.5090403376648], [-76.5237677559771, 8.50991739249697], [-76.5242989711206, 8.51152951359945], [-76.5245185073232, 8.51218768963341], [-76.524346420251, 8.51389238514867], [-76.5237764856962, 8.51561668678381], [-76.5236165025995, 8.51690552319442], [-76.5236113467862, 8.5169470484906], [-76.5234325022082, 8.51686181884095], [-76.5231988628372, 8.51682267944622], [-76.5229527939363, 8.51677217711736], [-76.5227550105353, 8.5167356196762], [-76.522545986508, 8.51659582905737], [-76.5222035516525, 8.51646736090309]]]]}, "properties": {"FID": 409, "TIPO_ACTO_": "RESOLUCION", "NUMERO_ACT": "0079", "FECHA_ACTO": 724636800000, "AREA_ACTO_": 363.6862, "NUMERO_PLA": "I-425.975", "PUEBLO": "Zenú", "DEPARTAMEN": "05", "MUNICIPIO": "05490", "ID": "10061", "NOMBRE": "Zenu Del Volao", "CODIGO_DAN": "1039", "GlobalID": "e7b113cf-4086-42aa-844e-9fe2339ed59f", "Shape__Area": 3735749.5327148438, "Shape__Length": 27369.023841513826, "FECHA_ACTO_ISO": "1992-12-18"}}, {"type": "Feature", "id": 351, "geometry": {"type": "Polygon", "coordinates": [[[-76.5551934766975, 8.64752336832776], [-76.5582954120037, 8.64879150504283], [-76.5582847928089, 8.64881328482415], [-76.557915916986, 8.6492646887333], [-76.5594037949492, 8.65079841773167], [-76.5586129833025, 8.6515943177424], [-76.5566794588899, 8.64959879766529], [-76.5558829644272, 8.64892932524708], [-76.5552292643191, 8.64986638644345], [-76.5548235693522, 8.65042178795406], [-76.5535517867855, 8.65105056425101], [-76.5527800200818, 8.65102333547742], [-76.5527995308736, 8.65046066114947], [-76.5527853917324, 8.65031841088485], [-76.5523962703716, 8.6498798906633], [-76.5517017347472, 8.64909686714561], [-76.5513537699605, 8.64847306769686], [-76.5511992052791, 8.64831393715744], [-76.5512813727372, 8.64823469609328], [-76.5538050268805, 8.64564320339014], [-76.5541146778501, 8.64530781652155], [-76.5551934766975, 8.64752336832776]]]}, "properties": {"FID": 351, "TIPO_ACTO_": "ACUERDO", "NUMERO_ACT": "46", "FECHA_ACTO": 1520208000000, "AREA_ACTO_": 24.8221, "NUMERO_PLA": "018021AE5659", "PUEBLO": "Zenú", "DEPARTAMEN": "05", "MUNICIPIO": "05659", "ID": "10071", "NOMBRE": "Los Almendros", "CODIGO_DAN": "1837", "GlobalID": "871caf38-4684-40a1-9ffb-62eefbc6b14d", "Shape__Area": 255128.25634765625, "Shape__Length": 2797.072635121269, "FECHA_ACTO_ISO": "2018-03-05"}}, {"type": "Feature", "id": 388, "geometry": {"type": "Polygon", "coordinates": [[[-76.4311821547326, 7.46687275762804], [-76.4303187282267, 7.46408896648912], [-76.4297649517911, 7.46119790331715], [-76.4287979179895, 7.45841537662497], [-76.4282581224144, 7.45666261234639], [-76.4281430865342, 7.45573255417078], [-76.4269535946327, 7.45171081296055], [-76.4269170515806, 7.44870992727828], [-76.4266870958328, 7.44684989366471], [-76.4254178889244, 7.44479543202068], [-76.4243648853312, 7.44346278063994], [-76.4235240165201, 7.44253114145615], [-76.422986826281, 7.44098524013392], [-76.4233801528717, 7.43922110033078], [-76.4233788794317, 7.43911765940974], [-76.4236785838995, 7.43818259740624], [-76.4241693538326, 7.43589979699539], [-76.424147969753, 7.43414074555637], [-76.4241366868585, 7.43320940764549], [-76.4234958857265, 7.43166477616601], [-76.4223342053593, 7.42991943129428], [-76.4214860646301, 7.42837724327276], [-76.4206504757389, 7.42786992401542], [-76.4190729344683, 7.42602601974272], [-76.4187456010286, 7.42468462875038], [-76.4179911255899, 7.42231334764066], [-76.4172417457099, 7.42035601277762], [-76.4162862070428, 7.41850456319298], [-76.4150234230925, 7.41696742306611], [-76.4144938483124, 7.41604232824889], [-76.4136571109868, 7.41543145205791], [-76.4128214627403, 7.41492401768732], [-76.4109529808953, 7.41473948939399], [-76.4090833191398, 7.41445150938769], [-76.4075258111672, 7.41426325790111], [-76.4064829132558, 7.4137583398336], [-76.4049266733273, 7.41367352117415], [-76.4030494995347, 7.41276458087885], [-76.4027273003246, 7.41183702281852], [-76.4018767368219, 7.41008778658032], [-76.401142383714, 7.40937207911639], [-76.400409208718, 7.40875990610303], [-76.3995637281835, 7.40742461701075], [-76.3979938545327, 7.40620142931083], [-76.3968310877845, 7.40435243037876], [-76.3958918475307, 7.40384621369021], [-76.3951562506604, 7.40302704641947], [-76.3936887666233, 7.40169913086865], [-76.3924261967116, 7.40016179468962], [-76.3912685264213, 7.39872663498476], [-76.3898997330862, 7.39698356809583], [-76.3879065809239, 7.39504089488009], [-76.3861269170235, 7.39361318336044], [-76.3839338419732, 7.39229385183855], [-76.3812421387137, 7.3917712647908], [-76.3809254037843, 7.39170983569915], [-76.3809201490456, 7.39170877809643], [-76.3776892185825, 7.3902982733055], [-76.3751764885041, 7.38825817743185], [-76.3736017063536, 7.3866209886267], [-76.3725354449548, 7.38414958329567], [-76.3717814182778, 7.38177803238941], [-76.3709236907757, 7.37940773064143], [-76.3694477369234, 7.37735520164051], [-76.368385213107, 7.37519429084314], [-76.3674300917254, 7.37334263981037], [-76.3666920882692, 7.37231631910225], [-76.3644980023809, 7.37089330474166], [-76.3635514218606, 7.36976603603326], [-76.3626037711471, 7.36853522478032], [-76.3614536317796, 7.36772079244017], [-76.3600949081534, 7.36680532396611], [-76.3583191086399, 7.36568786865982], [-76.3559164906535, 7.36416366707922], [-76.3555942500745, 7.36321525014335], [-76.3553623221134, 7.3611479929453], [-76.3548280339865, 7.35980870456784], [-76.3547261812682, 7.35781487161892], [-76.3542830996853, 7.34647064886159], [-76.3520966553363, 7.33599513073126], [-76.3469260185209, 7.33176249130665], [-76.3410272662953, 7.32776807419808], [-76.331167400655, 7.32547372109629], [-76.3301463409808, 7.32403741565514], [-76.3286793173966, 7.32270905134264], [-76.3269953125836, 7.32055502215764], [-76.3257272001501, 7.31849965039965], [-76.3245603190035, 7.31623613235281], [-76.323386093993, 7.31335154699757], [-76.3215912837107, 7.31057774552792], [-76.3202280319981, 7.30924800345401], [-76.3182186021068, 7.30585568155601], [-76.3170481776312, 7.30328149810428], [-76.3164021010761, 7.3012188274486], [-76.3153401780067, 7.29905746968825], [-76.3145965214123, 7.29751346233819], [-76.3129066925898, 7.29484180406789], [-76.3107914142923, 7.29124347267011], [-76.3085809517495, 7.28837087527779], [-76.3053207771321, 7.28437172323863], [-76.3036381716643, 7.28180134212054], [-76.3043933818491, 7.277872658259], [-76.3026266079316, 7.27207724083464], [-76.2989606637036, 7.27044406210644], [-76.2942776779725, 7.27091976929459], [-76.2813226345319, 7.27634060110033], [-76.2810942490004, 7.27222621173291], [-76.2789795013029, 7.26750881434309], [-76.2728914579744, 7.26301367180641], [-76.2736988585154, 7.25756363361785], [-76.2756450121076, 7.25281920350664], [-76.2736842751092, 7.24746351589191], [-76.2696070169503, 7.24353689957178], [-76.2710073935763, 7.23854654624978], [-76.2711219726009, 7.23201546360664], [-76.271117613587, 7.22648232356448], [-76.2690308509929, 7.22353665715515], [-76.268795910303, 7.21830324766111], [-76.2692416610737, 7.21007824697814], [-76.2701453124562, 7.19815667025908], [-76.2705383575591, 7.19493993469533], [-76.3058010897485, 7.20274647723295], [-76.3077443511208, 7.20340446351], [-76.3096968458327, 7.20374840832719], [-76.3111380813573, 7.20409484246781], [-76.312493027831, 7.20446428126633], [-76.3138526705642, 7.20486875225588], [-76.3151207272397, 7.2051753572217], [-76.3173946324563, 7.20534375887211], [-76.3188738238678, 7.2054595726659], [-76.3201478178675, 7.2057040605587], [-76.3216530806251, 7.20549220096902], [-76.3230895488435, 7.2052005292458], [-76.3234639492019, 7.20509414844098], [-76.3242129504673, 7.2068501304938], [-76.3366914422562, 7.20569488657448], [-76.3360509648801, 7.20419374630912], [-76.3374800541611, 7.20378758999007], [-76.3389040694672, 7.20349024354468], [-76.3404720383538, 7.20303189057409], [-76.34170078926, 7.20271300356712], [-76.3429941240795, 7.20251911423055], [-76.3444951384399, 7.20237162901232], [-76.3459043616969, 7.20228675639351], [-76.3470994383883, 7.20212948565208], [-76.3494288308758, 7.20196883795635], [-76.3505593668213, 7.20167860694702], [-76.3517397243088, 7.2017461064625], [-76.3531090284588, 7.20171336664342], [-76.3539021099944, 7.20167897027311], [-76.3552337991005, 7.2020314937233], [-76.3568413858213, 7.20239393219904], [-76.3586391566717, 7.20268647626473], [-76.3605904040239, 7.20289593466447], [-76.3622538116641, 7.20300508628054], [-76.3636601391041, 7.20324878636721], [-76.3650350514264, 7.20332548594722], [-76.3668884057753, 7.20340882162462], [-76.3691079487728, 7.20323281170969], [-76.3705928715638, 7.20327397727702], [-76.3714902636647, 7.20315102556418], [-76.3718619246881, 7.20297270439164], [-76.3720756989343, 7.20284522818957], [-76.3722877968443, 7.20269038471833], [-76.37259483978, 7.20243576866064], [-76.3728447757658, 7.20221333214438], [-76.373087977628, 7.20198316055926], [-76.3732677161322, 7.2017982122825], [-76.3738638290524, 7.20111604413501], [-76.3740218795061, 7.20091837404863], [-76.3741235622526, 7.20077329991275], [-76.3742155170324, 7.20061905898731], [-76.3743134900755, 7.20042024496321], [-76.3743899288521, 7.2002209066344], [-76.3744571216988, 7.19999993061721], [-76.3745011426136, 7.19983084188476], [-76.3745527502092, 7.19960497445492], [-76.3746241419905, 7.1992477259667], [-76.3746706900003, 7.19898737043577], [-76.3747146101911, 7.19872621270948], [-76.3747873932236, 7.19825014489325], [-76.3748680030558, 7.19763914279719], [-76.3749023247824, 7.19746621755689], [-76.3749691399138, 7.19726024223139], [-76.3750778742445, 7.197060740226], [-76.375189196824, 7.19692573849706], [-76.3753233648814, 7.19681835944474], [-76.3755078886781, 7.19672184060547], [-76.3757097900747, 7.19666291162909], [-76.375878096397, 7.1966338770168], [-76.3762442778511, 7.1965903858027], [-76.3764463015555, 7.1965558509368], [-76.3766476525671, 7.19651336786266], [-76.3769310181519, 7.19644463267871], [-76.3771494391953, 7.19637866201069], [-76.3773599156276, 7.19629782464992], [-76.3775784787637, 7.1961883043118], [-76.3779382633401, 7.19597064589361], [-76.3780884753028, 7.19588776167592], [-76.3782401009999, 7.19581598318614], [-76.3784480260555, 7.19573172390498], [-76.3786678176656, 7.19565038652117], [-76.3788810244397, 7.19557314824726], [-76.3790369174197, 7.19552231137062], [-76.3792750372132, 7.19546970282962], [-76.3795095831007, 7.19544412880856], [-76.3796882091435, 7.19543437566098], [-76.3799286491878, 7.19542946266462], [-76.3802289256244, 7.19543156617892], [-76.3805567536912, 7.19544337967329], [-76.3807747727375, 7.19545954049045], [-76.3810276953718, 7.19548988991153], [-76.3817886765062, 7.19560731169316], [-76.3821746052738, 7.19565921786369], [-76.3824246968422, 7.1956846129196], [-76.3826431619523, 7.19569932402964], [-76.383036728662, 7.19572291144821], [-76.3832990303259, 7.19574770126049], [-76.3835575161664, 7.19578669676372], [-76.3837964714299, 7.19584629843296], [-76.3840158385601, 7.19593202091106], [-76.3842349736651, 7.19604358540815], [-76.3844448835245, 7.19617353654449], [-76.3846862804475, 7.19635772129683], [-76.3851527021354, 7.19676267342364], [-76.3853992350866, 7.1969608345399], [-76.3856008487002, 7.19711386677655], [-76.3858053383457, 7.19726299865347], [-76.3860654348719, 7.19744175689658], [-76.386278982489, 7.19757512185937], [-76.3865052267348, 7.19769694852032], [-76.3867397366495, 7.19780707769944], [-76.3870982981479, 7.19795705763709], [-76.3875787222802, 7.19814292412164], [-76.3878124102145, 7.19825170161969], [-76.3879846618626, 7.19834100339957], [-76.3882668304498, 7.1985010350597], [-76.3885916583783, 7.19870647888583], [-76.3888517611998, 7.19888631811405], [-76.3890564298104, 7.19903472513738], [-76.3893067327195, 7.19922644980574], [-76.3894995212858, 7.19938738528451], [-76.3896759772645, 7.1995563526085], [-76.3897903341565, 7.1996819941936], [-76.3899348884843, 7.19985753915903], [-76.3902440646119, 7.20025876089798], [-76.3904055055096, 7.20046421551605], [-76.39053147175, 7.20061337976852], [-76.3907088297486, 7.20079959968667], [-76.3908956791922, 7.20096625575297], [-76.3911409440993, 7.20116315422109], [-76.3915914298006, 7.20151017112237], [-76.3918417902664, 7.20171273711797], [-76.3921383552009, 7.20196376577999], [-76.3925291034353, 7.20230475992157], [-76.3927680542023, 7.20252301189232], [-76.3930324827628, 7.20278766618265], [-76.3931932806453, 7.20297270349233], [-76.3933329741374, 7.20317040595426], [-76.3934445170508, 7.20340086622182], [-76.3935266845089, 7.20365442647544], [-76.3936052744638, 7.20398751287822], [-76.3936559449659, 7.20413154559913], [-76.3942291413617, 7.20418158837438], [-76.3944032797875, 7.20441001527473], [-76.3945316058489, 7.20468493352763], [-76.3951662259406, 7.20489404029251], [-76.3955640932083, 7.20508627847373], [-76.3959522073285, 7.20535310282819], [-76.3963880988317, 7.20590654741393], [-76.3966373738157, 7.20623280346582], [-76.3972142475395, 7.20647156267717], [-76.3977278836349, 7.2066394472174], [-76.3979489729667, 7.20707995673931], [-76.398103970222, 7.20786630325195], [-76.3981136091557, 7.20832026393367], [-76.3980621706326, 7.20921607772445], [-76.3979932960538, 7.21001042640466], [-76.3977834005834, 7.2104361393809], [-76.3975460218314, 7.2110076360581], [-76.3977441856456, 7.21151150731476], [-76.3981568665461, 7.21194643564406], [-76.3984755395145, 7.21223737082254], [-76.3986312274491, 7.2123414763426], [-76.3988005041399, 7.21230727692379], [-76.3990216069615, 7.2123057921431], [-76.3992556699132, 7.21234426603955], [-76.3994534982803, 7.21244463307787], [-76.3995427407049, 7.21262948782512], [-76.3995622919662, 7.21280891426452], [-76.3995775453674, 7.21299721701248], [-76.3996368889313, 7.21322676536744], [-76.3996995195172, 7.21339133680522], [-76.3997649631825, 7.21353962961467], [-76.3998669193228, 7.21373381572749], [-76.3999979748266, 7.21392189094698], [-76.4001699377924, 7.2140770518789], [-76.4003571343742, 7.21422120151172], [-76.4004996319524, 7.21434660567578], [-76.4006564197579, 7.21448883165872], [-76.40081013458, 7.21463161701996], [-76.4009946916516, 7.21468398364336], [-76.4012349815092, 7.21468348362034], [-76.4014328908152, 7.21467561005582], [-76.4016086588125, 7.21467218633679], [-76.4018436273815, 7.21467532587004], [-76.4020823865928, 7.21467636818427], [-76.4023170529896, 7.21469116652856], [-76.4025385110434, 7.21474126686044], [-76.4027252255887, 7.21482642006767], [-76.4028997390317, 7.2149494005588], [-76.4030713683489, 7.21514567130009], [-76.4031422412214, 7.21531146311793], [-76.4031712848269, 7.21545379701957], [-76.4031906733109, 7.21561849616108], [-76.4032183400543, 7.21582769645543], [-76.4032570432779, 7.21598335381314], [-76.403319847433, 7.21611069781485], [-76.4034236058147, 7.21625003067877], [-76.403523864035, 7.21635947637314], [-76.4036618946807, 7.21651327123489], [-76.404339219979, 7.21638278680054], [-76.4048167366031, 7.21643799618096], [-76.405333940309, 7.21641611387692], [-76.4057168446566, 7.21638669525416], [-76.4059414116668, 7.21635483137479], [-76.4061739205899, 7.21635463891983], [-76.4063794570463, 7.21636958205496], [-76.4065550856486, 7.21639190592608], [-76.4067004538628, 7.21642359983368], [-76.4068402795552, 7.21646824128069], [-76.4069925779451, 7.21654597777901], [-76.4071308855819, 7.21664781970549], [-76.4072374363586, 7.21674900962348], [-76.4073406668383, 7.21685563684253], [-76.4074646239932, 7.21698158419713], [-76.4076101990514, 7.21712449816142], [-76.4077440586414, 7.21725843419373], [-76.4079024823136, 7.21741917182167], [-76.4080811892954, 7.21760094549159], [-76.4082429197749, 7.21777133284511], [-76.4083882897877, 7.21794469335724], [-76.4085482477034, 7.21808708211746], [-76.4087442369569, 7.2181632394063], [-76.4092647267857, 7.21883594308862], [-76.4090620393816, 7.21886489676187], [-76.4088897706463, 7.21889803138334], [-76.4087340152625, 7.21894056931615], [-76.4085295777778, 7.21901687499308], [-76.4083247625777, 7.21912507602574], [-76.4081768717652, 7.21921934296261], [-76.4080302624866, 7.21931640499238], [-76.4078281110784, 7.21945034192405], [-76.407640988241, 7.21958627984724], [-76.4074689416383, 7.21969837854161], [-76.4072609518314, 7.21978753193335], [-76.4070927579244, 7.21982154878972], [-76.4069301344181, 7.21983023983798], [-76.4067062427988, 7.2198174685656], [-76.4064748877059, 7.21977862414846], [-76.4062740511066, 7.21972769913831], [-76.4061162722482, 7.21967528754878], [-76.4059396283112, 7.21959622994634], [-76.4057498138028, 7.21947170262124], [-76.405639531739, 7.21934839567618], [-76.40556678378, 7.21920502125903], [-76.4052144752678, 7.21904364511243], [-76.4051415663302, 7.21929374477478], [-76.4052431987146, 7.21944139906558], [-76.4053913764109, 7.21959785322261], [-76.4055765863903, 7.21974201005], [-76.4057774346808, 7.21986584849437], [-76.4059394133732, 7.2199433547663], [-76.4060898762468, 7.21998008307863], [-76.4063000918757, 7.22002535944707], [-76.4064326870189, 7.22012424710058], [-76.4063633052223, 7.22030277241926], [-76.4061892144607, 7.22051047084579], [-76.4060177092499, 7.22069312944865], [-76.405896061554, 7.2208242164287], [-76.405948614337, 7.22096317697326], [-76.4060898465691, 7.22160059665444], [-76.4063806378561, 7.22185091665069], [-76.4067097942216, 7.22208414593083], [-76.4069639947925, 7.22225568621514], [-76.4070009146604, 7.22262818990322], [-76.4068947982563, 7.22310641159581], [-76.4066231625289, 7.22371766010606], [-76.4062431521997, 7.2244898333033], [-76.4057531574822, 7.2259751553932], [-76.404975617131, 7.22750947254814], [-76.4048971485845, 7.22775155835176], [-76.404598615034, 7.22853460974845], [-76.4043522817324, 7.22956468152881], [-76.4038596088338, 7.23151758093553], [-76.4036003216975, 7.23146695360094], [-76.4030813220454, 7.23124716199084], [-76.402309344001, 7.23111331858871], [-76.4013989566965, 7.23100050853055], [-76.4008732759809, 7.23058866399961], [-76.4011410086506, 7.23020330989877], [-76.4014082745722, 7.22983268669308], [-76.4015302469233, 7.229251564572], [-76.401359044784, 7.22860977778302], [-76.4002462974286, 7.22828910562173], [-76.3989022741206, 7.22783968651634], [-76.3977446317094, 7.22771005463931], [-76.3975286172519, 7.22791218356445], [-76.3978479943894, 7.22844470812082], [-76.3981436024452, 7.22876964037058], [-76.398152331265, 7.22915015072283], [-76.3978696734466, 7.23059945226683], [-76.397117666647, 7.23171910911348], [-76.3969374856764, 7.23231290538015], [-76.3967653491415, 7.23315286587591], [-76.3965905757944, 7.23368908214926], [-76.3962926034209, 7.23380579616438], [-76.3950880352846, 7.23356120484958], [-76.394680056939, 7.23360963064378], [-76.3940624538192, 7.23413788971564], [-76.3936873196141, 7.234754181624], [-76.3932236750325, 7.2352060333955], [-76.3927819748083, 7.23529519757908], [-76.3922646937606, 7.23543109503282], [-76.3921871578111, 7.23585731162942], [-76.3922580828442, 7.23690276001809], [-76.3925898760219, 7.23832517812816], [-76.3928679904653, 7.23853608713437], [-76.393347963138, 7.2388543895821], [-76.3940566765743, 7.23899877663591], [-76.3952604784882, 7.23921400598525], [-76.3959335904628, 7.23924328341449], [-76.3971185821568, 7.23921239889674], [-76.3978627243852, 7.23943791379232], [-76.3983669166998, 7.23994464669172], [-76.398889016315, 7.24053829457029], [-76.3993512336725, 7.24157613829176], [-76.3993056119644, 7.24173104921216], [-76.3982315426515, 7.24354805206446], [-76.3976930528921, 7.24463274506863], [-76.3972693984639, 7.24572136811008], [-76.3973127295988, 7.24623271003496], [-76.3970256129417, 7.24702248116599], [-76.3958759610068, 7.24966766069732], [-76.3955574813926, 7.25019900983975], [-76.3944874077676, 7.25193576168927], [-76.3929717839206, 7.25644628802886], [-76.3930825318333, 7.25664106049964], [-76.3933899614775, 7.25693764971587], [-76.3935863608219, 7.25709024398268], [-76.3937754172017, 7.25713409222769], [-76.393927549217, 7.25701721543525], [-76.3940832650307, 7.25696419860199], [-76.3942469128647, 7.25686985072613], [-76.3944295130116, 7.25671297478708], [-76.3946162257582, 7.25652887996693], [-76.3947532050963, 7.25638597049924], [-76.3948914596731, 7.25624504043941], [-76.3950772659031, 7.2561666627244], [-76.3952688754582, 7.25614354924852], [-76.3954263107756, 7.25610850176906], [-76.3955976711955, 7.25607148657299], [-76.395813023752, 7.25605584016804], [-76.3959865884103, 7.25607871622288], [-76.396175739219, 7.25610548814087], [-76.3963676257653, 7.25611923607698], [-76.3965454091433, 7.25617036972988], [-76.396688288034, 7.25627869307034], [-76.3968295769234, 7.25637681360216], [-76.3970465608501, 7.25637949987713], [-76.3972494622928, 7.25631774792886], [-76.3973954105697, 7.25628321126429], [-76.3975429155731, 7.2562524607456], [-76.3976965278724, 7.2561424421831], [-76.3977900357815, 7.25595656670534], [-76.3978750450972, 7.2558424724153], [-76.3980194582314, 7.25577333793235], [-76.398183277836, 7.25567754214799], [-76.3983235522901, 7.25552476711747], [-76.3985007771891, 7.25544941202385], [-76.3987137510387, 7.25544660613908], [-76.39891481067, 7.2553789906111], [-76.3990290317644, 7.25519174366715], [-76.3991773830298, 7.25507904152771], [-76.3993068584247, 7.25500835751283], [-76.3994520278887, 7.25491048969052], [-76.3996017820965, 7.25477157770933], [-76.3997250899409, 7.25460976269356], [-76.3998362218641, 7.2544203627727], [-76.3999691668436, 7.25425000599615], [-76.4001556484644, 7.25410964160983], [-76.4003477409555, 7.25400502797284], [-76.4005226186239, 7.25393067922063], [-76.4006598650607, 7.2538758565487], [-76.4008270841026, 7.2538257607135], [-76.4010260222331, 7.25382085850898], [-76.401228591826, 7.25385370264946], [-76.4014645748303, 7.25382114449339], [-76.4016775495792, 7.25376584518083], [-76.4018830320762, 7.25371392552043], [-76.4020622300878, 7.25365319700065], [-76.4022112018854, 7.25359117795372], [-76.4023698710727, 7.25351474187502], [-76.4025610327654, 7.25338745453062], [-76.4026732636602, 7.25325370375866], [-76.4027723122923, 7.25310773389805], [-76.4028805564924, 7.25290262731761], [-76.4029327396541, 7.25270422338445], [-76.4030256216351, 7.25252024727485], [-76.4031764829083, 7.25235061085522], [-76.4032593761193, 7.25223002076206], [-76.4033327257247, 7.25208336831607], [-76.4033647676699, 7.25187440544267], [-76.4033430733242, 7.25170222034447], [-76.4033004742375, 7.25152914671603], [-76.4032355305952, 7.25130396546892], [-76.4031509943229, 7.25108665598765], [-76.403051284689, 7.25089246178095], [-76.4029608497634, 7.25074222193929], [-76.4028741209439, 7.25057362063939], [-76.4027777010301, 7.25035022724452], [-76.4027331279315, 7.25012738063739], [-76.4028130308966, 7.24991799238475], [-76.402959201306, 7.24973338315241], [-76.4030529727165, 7.24961707473151], [-76.4031735736015, 7.24945716987581], [-76.4033408987634, 7.24928708829185], [-76.4034883929749, 7.24920185684357], [-76.4036267563696, 7.24915353357203], [-76.4037834965111, 7.24910683357683], [-76.4039611225078, 7.24903978911834], [-76.4041563806124, 7.24888284483075], [-76.4043484461238, 7.24870278886596], [-76.4045101595162, 7.2485677907343], [-76.4045993147066, 7.24845114506765], [-76.4047180135254, 7.24832639561007], [-76.4049376801298, 7.2482004995168], [-76.4051414593109, 7.24809934826968], [-76.4053116218338, 7.24798852031731], [-76.405422150312, 7.247893629251], [-76.4055307632341, 7.24779594668897], [-76.4057074323521, 7.2476662023967], [-76.405897013936, 7.2475312438352], [-76.40600871513, 7.24740056784531], [-76.4061021358049, 7.24725146294804], [-76.4062411530068, 7.2471015837345], [-76.4063646488095, 7.24699479014085], [-76.4064925162166, 7.24685824967191], [-76.4065878182732, 7.24665284811387], [-76.4066355515894, 7.24645148451181], [-76.4067017785642, 7.24625752592752], [-76.4067776948347, 7.24608240184483], [-76.4068454299726, 7.24595303526779], [-76.4069525752012, 7.24579852994168], [-76.4071050183819, 7.24562030229855], [-76.4072750945699, 7.24545788563637], [-76.4074620492341, 7.24532284883385], [-76.4076783955415, 7.24522054825314], [-76.4078659734359, 7.24515381226207], [-76.4080337122859, 7.24510009935359], [-76.4082645151952, 7.24504651235017], [-76.4084874913046, 7.24498429365373], [-76.4086299717957, 7.24487487224105], [-76.4087246425282, 7.24474030848197], [-76.4088640320494, 7.24461030338628], [-76.4090371272616, 7.24447208478237], [-76.4092032338421, 7.24431212776601], [-76.409324244818, 7.2441095752602], [-76.4093919529762, 7.24392211427765], [-76.4094359415154, 7.24376693985591], [-76.4094719278871, 7.24355154323264], [-76.4094867711975, 7.24337645961944], [-76.4094990667285, 7.2431986789394], [-76.4094663323053, 7.24297333491502], [-76.409353144532, 7.24276204459622], [-76.4092207292532, 7.24254109645798], [-76.409165291445, 7.24231722372444], [-76.4092016510353, 7.24208592259083], [-76.4092636565924, 7.24191556761293], [-76.4093454220535, 7.24175242879512], [-76.4094940233305, 7.24158406851355], [-76.4097128580619, 7.24147335297644], [-76.4099610340744, 7.24142076152248], [-76.4101549935581, 7.24146945981132], [-76.4102725358488, 7.2416482908995], [-76.4103383410416, 7.24182982714837], [-76.41040837035, 7.24200582986873], [-76.4104970983624, 7.24217631524833], [-76.410616003126, 7.24232062675904], [-76.4107530903828, 7.24242960750391], [-76.4108988965668, 7.24252688896831], [-76.4110899845151, 7.24263279223315], [-76.4112966469227, 7.24272388816045], [-76.4115232508973, 7.24280422100156], [-76.4117062665309, 7.24285351554087], [-76.4119067865689, 7.24289359652583], [-76.4121386758592, 7.24291119805687], [-76.4123130912761, 7.24290695955207], [-76.4124731903854, 7.24289818666555], [-76.4126334558692, 7.24288706474981], [-76.4129099299493, 7.24286549630917], [-76.4127882327907, 7.24332103080447], [-76.4127492318915, 7.24358342509851], [-76.4126603141221, 7.24399153834234], [-76.4123076557736, 7.24457501668715], [-76.4119294809607, 7.24482424490647], [-76.4114368287466, 7.24512149332574], [-76.410626732038, 7.24539109838395], [-76.4106252364655, 7.24585640491259], [-76.4105473183041, 7.24632770542272], [-76.41042440796, 7.24684676173207], [-76.410261765568, 7.24743369437288], [-76.4100244803454, 7.24802109915781], [-76.409652905657, 7.24834031351801], [-76.4096723885698, 7.24861008674948], [-76.4099825098849, 7.24942959126598], [-76.4100158171762, 7.24995904913411], [-76.4100262367214, 7.25066489553177], [-76.4099068751021, 7.25088912349753], [-76.4096688218586, 7.25132736582853], [-76.4094896382362, 7.25211098379814], [-76.4092592463171, 7.25282475232369], [-76.4091788289398, 7.25358410028919], [-76.4091077501225, 7.25415366792062], [-76.4091891207813, 7.2550206062791], [-76.4092008758197, 7.25600309582934], [-76.4090724688193, 7.25652660827944], [-76.4088863532226, 7.2569657589257], [-76.4086421360257, 7.25741984461323], [-76.4085199658237, 7.25806538697112], [-76.4086287945832, 7.25878193260312], [-76.4090496206434, 7.25890626027874], [-76.4094477316275, 7.25902961938445], [-76.4102231243976, 7.25893862867777], [-76.4103111941063, 7.25913811809269], [-76.4104515000367, 7.25936101326319], [-76.4108107531137, 7.25972164769889], [-76.4114773099299, 7.26047489646229], [-76.4121184195294, 7.2615388933682], [-76.4124909448012, 7.26217393883914], [-76.4127785974543, 7.2629133218552], [-76.4133953534128, 7.26386784788574], [-76.4139200988334, 7.26484091613823], [-76.414959299632, 7.26623028056578], [-76.4151381397133, 7.26625763794244], [-76.4152495315406, 7.26571722723108], [-76.4151304415166, 7.26520619467299], [-76.4155126776679, 7.26476042861374], [-76.4161017605878, 7.26496401893719], [-76.4165523218322, 7.26515034497526], [-76.4170809181498, 7.26513514913068], [-76.417733048941, 7.2654751108505], [-76.4175961865148, 7.26635563526714], [-76.4174976666839, 7.267092487591], [-76.4178410755052, 7.26767572401818], [-76.4185005681467, 7.26802124534692], [-76.4189550252541, 7.26810364572943], [-76.4193118429671, 7.26809611120929], [-76.4203206412845, 7.26841615384514], [-76.4204126617149, 7.26827681198804], [-76.4206998916866, 7.26751748200892], [-76.4207438550448, 7.26714908372597], [-76.4207755714355, 7.26684399231913], [-76.4209613956518, 7.26614174590768], [-76.4210152236736, 7.26572134522671], [-76.4211363983261, 7.26499232779651], [-76.4214484882571, 7.26431644231283], [-76.4228188266275, 7.26360581421981], [-76.4237363725355, 7.26322052037357], [-76.423954595728, 7.26321821631052], [-76.4244549398435, 7.26309483202381], [-76.4246606031043, 7.26283401603994], [-76.4247622453812, 7.26270131028016], [-76.4251173507851, 7.26236518326951], [-76.4252332428198, 7.26258937076576], [-76.4255405393644, 7.26285656654025], [-76.4261150271867, 7.26349054901254], [-76.4264866738209, 7.26395274388692], [-76.4270806877235, 7.2648791714994], [-76.4276733850187, 7.2657603389313], [-76.42826064861, 7.26669239899782], [-76.4285805311665, 7.26709956525552], [-76.4289532614838, 7.2676645670289], [-76.429680525236, 7.26875744116568], [-76.4297463987772, 7.2692448890031], [-76.4294504579722, 7.26964847416044], [-76.429124466321, 7.26991109058703], [-76.4285065124656, 7.27036829782132], [-76.4282617277964, 7.27070945743813], [-76.4283817288337, 7.27139213909858], [-76.4286154113721, 7.27196011942658], [-76.428993611366, 7.27247991767665], [-76.4291754192102, 7.27297245657618], [-76.4296004487017, 7.27379693524291], [-76.429725861859, 7.27431912748829], [-76.4297049778024, 7.27465244141953], [-76.4294305793577, 7.27561381488812], [-76.4291760082661, 7.27624757432856], [-76.4287561237961, 7.27715883847209], [-76.4283368688514, 7.27800008050173], [-76.4280013506818, 7.27860607067604], [-76.4276060114083, 7.2788102329683], [-76.4272360168287, 7.27866877140908], [-76.4264937649752, 7.27861163837881], [-76.4258315527839, 7.27849536323286], [-76.425104923953, 7.27839749001454], [-76.4233604055582, 7.27818517986457], [-76.4233846476833, 7.27839276587586], [-76.4234105076888, 7.27868517953979], [-76.4234185683122, 7.27913913932219], [-76.423203252628, 7.28038137376373], [-76.4230986219038, 7.28114084403706], [-76.4233240198876, 7.28272529120148], [-76.4234634372878, 7.28364386413527], [-76.4236060904487, 7.28433203166017], [-76.4237475403167, 7.28464968659597], [-76.4239748529571, 7.28480950871409], [-76.4241907343149, 7.28498086373808], [-76.4243842918016, 7.28515730352891], [-76.4245446274326, 7.28533066224245], [-76.4246728105018, 7.2854984073878], [-76.4248009054374, 7.28570129713935], [-76.424879572734, 7.28584743517317], [-76.4249585251158, 7.28601335559406], [-76.4251136698599, 7.28637150520298], [-76.4252219437377, 7.28660792707632], [-76.4253025607645, 7.28676371933233], [-76.4253970390421, 7.2869224235931], [-76.4255242310584, 7.28710806075051], [-76.425658650926, 7.28727423747824], [-76.4257983012506, 7.28741969472523], [-76.425917568441, 7.28752541632704], [-76.426048638334, 7.28762194955547], [-76.4262065799696, 7.28771762123332], [-76.4263707431153, 7.28779184767775], [-76.426561801386, 7.28785265263993], [-76.4267248376811, 7.28788433035967], [-76.4268818781961, 7.28789408620522], [-76.427044604225, 7.287883482299], [-76.4272080892819, 7.28784513880421], [-76.4273837997225, 7.28777366338598], [-76.4277198718746, 7.28758561784408], [-76.4279076880893, 7.28751082662548], [-76.4281410010063, 7.28748476876918], [-76.428361601107, 7.28751948979471], [-76.4285227955905, 7.28757981721694], [-76.4288731570705, 7.28773727861462], [-76.4290202879559, 7.28779018033466], [-76.4291683082708, 7.28782247768732], [-76.4293153051572, 7.28783228389489], [-76.4294633227741, 7.28781236031428], [-76.4296265470275, 7.2877585664668], [-76.4297779353034, 7.2876735751375], [-76.4299378374612, 7.28755538083825], [-76.4300614133035, 7.28744668248052], [-76.4302256061268, 7.28728392317666], [-76.4303564493906, 7.28714582328323], [-76.4306551385238, 7.28681684678216], [-76.4308217550199, 7.28665055314263], [-76.4309882420137, 7.28651145410249], [-76.4311451314426, 7.28640583412409], [-76.4313041019028, 7.28631718795004], [-76.4314474547362, 7.28625310765693], [-76.4315970317775, 7.28620263770369], [-76.4317736010708, 7.28615744767026], [-76.4319965196236, 7.28611662384527], [-76.4321900123592, 7.28608932582388], [-76.4327417860046, 7.28602122106464], [-76.4329989381504, 7.28600370856647], [-76.4331680628558, 7.28600590021428], [-76.4333339248207, 7.28602409889525], [-76.4335458932284, 7.28606997601072], [-76.433765535551, 7.28614635003618], [-76.4340138149855, 7.28626630251002], [-76.4345339028173, 7.28657592470131], [-76.4346975992148, 7.28666478671265], [-76.4349238029911, 7.28676759720901], [-76.4351317181543, 7.28685116940807], [-76.434965162812, 7.28694247577681], [-76.4348251158863, 7.28701566530285], [-76.4347013592803, 7.28708976314418], [-76.4345322858363, 7.287201139683], [-76.434311683937, 7.28735633299048], [-76.4338373266313, 7.28771170369425], [-76.4336252862779, 7.28787769336295], [-76.4333328609227, 7.28812342771615], [-76.4328401412595, 7.28854936642221], [-76.4326738638077, 7.28871150249589], [-76.4325337638221, 7.28887865318938], [-76.4324196065795, 7.28902371473474], [-76.4320154215744, 7.28933652682129], [-76.4316782342631, 7.2897094334057], [-76.4312664598792, 7.29000764769681], [-76.4308919794812, 7.29034316316846], [-76.4305174828955, 7.29064136396981], [-76.4301056941225, 7.29090226448992], [-76.4296566851079, 7.29108828026196], [-76.4291701383912, 7.29131171322697], [-76.4286462221454, 7.29153497981748], [-76.4281970449576, 7.29175839749405], [-76.4279378477534, 7.29192255344508], [-76.427785251688, 7.29201920718264], [-76.4272238723838, 7.29224248726295], [-76.426625197295, 7.29242837443187], [-76.4261388781067, 7.29253968262223], [-76.4256896208793, 7.29280041317051], [-76.425203377234, 7.29287440579114], [-76.4247736236038, 7.2928842272872], [-76.4243580927517, 7.29298414376513], [-76.4241576077873, 7.29304201334016], [-76.4239735705238, 7.29311344109438], [-76.4237994815608, 7.29320126169081], [-76.4236343453487, 7.29330529616443], [-76.4234387365084, 7.2934482496989], [-76.4232110641393, 7.29363726650855], [-76.4230799357904, 7.29375621354035], [-76.4229536305056, 7.29388028580848], [-76.4228308865361, 7.2940103925275], [-76.422699598108, 7.29416782874419], [-76.4225631340813, 7.29435673403798], [-76.4224540301294, 7.2945348348766], [-76.4223506314764, 7.29473088618335], [-76.4222784995531, 7.29488440045657], [-76.4222016273032, 7.29506631082348], [-76.4219863071223, 7.29562930531005], [-76.4218929314136, 7.29583903710373], [-76.4217857034474, 7.29602959715001], [-76.421691591194, 7.29616732562343], [-76.4215475395873, 7.29635898014468], [-76.4214439125065, 7.29651148357997], [-76.4213343049342, 7.29671461524916], [-76.4212476516578, 7.29692937065573], [-76.4211102604301, 7.29734008653758], [-76.4217076350993, 7.2990222567335], [-76.4219176609712, 7.29938816299504], [-76.4223953151916, 7.30021688736117], [-76.4227593598565, 7.30039343507066], [-76.4230131647257, 7.30037404568738], [-76.4237251831706, 7.30016145944555], [-76.424199964057, 7.2997964228284], [-76.4245037199707, 7.2996909431442], [-76.4250808185249, 7.29985960290007], [-76.4254853596616, 7.30011499147539], [-76.4261331791029, 7.30060519303694], [-76.426520558477, 7.30071042181021], [-76.4273017123041, 7.3006375092753], [-76.4279647977372, 7.3007933411015], [-76.4282652252599, 7.30093407331053], [-76.429105267594, 7.30097938834978], [-76.4297977968308, 7.30114175015335], [-76.4307009400962, 7.30115854409324], [-76.4310510515647, 7.30105841897255], [-76.4316239934525, 7.30063983042555], [-76.431835939377, 7.30050663543455], [-76.4332454063504, 7.30041281815877], [-76.4333953296307, 7.30023766439838], [-76.4335350330153, 7.30011523609098], [-76.4336960737148, 7.30002413926436], [-76.4339211335534, 7.29995881610821], [-76.434153604705, 7.29994423180259], [-76.4343797994881, 7.29997485191959], [-76.4346118002943, 7.30006001412007], [-76.4348981974938, 7.30019991265756], [-76.4350696361548, 7.3002627114167], [-76.4352907560635, 7.30030926122512], [-76.4355198907303, 7.30033110216035], [-76.4357529185623, 7.3003361185787], [-76.4359869554336, 7.30032649223553], [-76.4362225337429, 7.30030014569685], [-76.4364566713382, 7.30025790364103], [-76.4366871972563, 7.30019987038944], [-76.4369296275003, 7.3001170185473], [-76.4373569916318, 7.29994456994766], [-76.4375374325065, 7.29987785374166], [-76.4377686005404, 7.29980445737155], [-76.4380028136789, 7.29974224766833], [-76.4382393515648, 7.29969195128425], [-76.4384761556501, 7.29965809810446], [-76.4387095333183, 7.29964341577276], [-76.4389436205516, 7.29964363700599], [-76.4391661056312, 7.29965710885021], [-76.4394149336523, 7.299690138251], [-76.4397128385766, 7.29974694392806], [-76.4401470168713, 7.29983845174487], [-76.4403047273812, 7.29987168709042], [-76.440601720393, 7.29992696212131], [-76.4408975586754, 7.29996923115683], [-76.4412488509537, 7.30000886068208], [-76.4415687910668, 7.29991936734663], [-76.4419528249629, 7.29971524822187], [-76.4426444710654, 7.29907350280167], [-76.4428427454963, 7.29869869684917], [-76.442706044948, 7.297979978455], [-76.4424021154652, 7.29653492890566], [-76.4422256388021, 7.29597795987682], [-76.4419962073591, 7.29536479940781], [-76.4418327088124, 7.29428040407926], [-76.4419795896863, 7.29381994849376], [-76.4422244624889, 7.29349684816293], [-76.4426904947705, 7.29274570021582], [-76.4424552411164, 7.29123018248891], [-76.4422243950398, 7.290243261979], [-76.4448727635672, 7.29210409958647], [-76.4483428543392, 7.29525708131109], [-76.4484813598269, 7.296094322257], [-76.4484802006007, 7.29675042625298], [-76.4486411459721, 7.29755258464587], [-76.4488624556378, 7.29866603167377], [-76.4490449406715, 7.29917661726881], [-76.449402265602, 7.30013810674993], [-76.4497053605139, 7.30056114334379], [-76.4504606444431, 7.30169436736284], [-76.4509514755301, 7.30276465412714], [-76.4516112469614, 7.30390406817982], [-76.4522270595311, 7.3063650305832], [-76.4523711048426, 7.30708252769798], [-76.4525372563892, 7.3079252185355], [-76.4525324935797, 7.30883891894236], [-76.4524162705944, 7.30943130057546], [-76.4517404246808, 7.31338635255941], [-76.4514514554203, 7.31452524770329], [-76.4516142264154, 7.31459070485841], [-76.4517532867847, 7.31465529236909], [-76.4519306852529, 7.31474885963345], [-76.452072314086, 7.31483737540576], [-76.4522431951673, 7.31496476707156], [-76.4523818508417, 7.31508988884856], [-76.4526845149783, 7.31539429677058], [-76.4528069981444, 7.31550685411923], [-76.4529784323088, 7.31563595989285], [-76.4531561860092, 7.31572826001239], [-76.4533431748476, 7.31578726363254], [-76.4534874593787, 7.31581297345118], [-76.4536345605865, 7.31582403331369], [-76.4538310102928, 7.3158242617415], [-76.4543190516828, 7.31579747363568], [-76.4545055162166, 7.31579143019159], [-76.4549123928926, 7.31578241628667], [-76.4550909236072, 7.31576494066067], [-76.4552437283154, 7.31572519422353], [-76.4554318601922, 7.31560720227178], [-76.4555606152302, 7.31543432289692], [-76.4556280086256, 7.31522562802154], [-76.4556490419697, 7.31504536701129], [-76.455663145138, 7.3145986188924], [-76.4556974075093, 7.31433616344443], [-76.4557374471254, 7.31413944843805], [-76.4558011056365, 7.31385768364644], [-76.4558655654434, 7.31364150551235], [-76.4559551855833, 7.313460881176], [-76.4560728546784, 7.31331362888215], [-76.4562198587594, 7.31320416610065], [-76.4563843726406, 7.31315432927016], [-76.4565474170296, 7.313168738208], [-76.4567689182509, 7.31326893617374], [-76.4569605323027, 7.31341573071268], [-76.4571131886227, 7.31357013981141], [-76.4572582132959, 7.31375304752638], [-76.457377368071, 7.31395461347588], [-76.4574445995885, 7.31410820688953], [-76.4575841006257, 7.31447807106737], [-76.4576747486906, 7.31467897331721], [-76.4577850271572, 7.31487896005723], [-76.457939698858, 7.31512334182997], [-76.458079978708, 7.31533265633826], [-76.4581887193339, 7.31548133225889], [-76.4583087410555, 7.31562453040896], [-76.4584433713645, 7.315740906279], [-76.4586271505225, 7.31582594437308], [-76.4588309306029, 7.31582631309507], [-76.459040208239, 7.31572013373838], [-76.4591678445204, 7.31557562707478], [-76.4592824918935, 7.31537111044963], [-76.459375001555, 7.31513807002716], [-76.4594750088645, 7.31481762539434], [-76.4596639438359, 7.31416884457777], [-76.4597597926802, 7.31386604014691], [-76.4598474981635, 7.31363157969495], [-76.4599545183863, 7.31340505755866], [-76.4600979764404, 7.31318990824894], [-76.4602422870519, 7.31303338844141], [-76.4604030930283, 7.31289891551382], [-76.4606129723108, 7.31275280086238], [-76.4608087861965, 7.31263350219572], [-76.4610046855178, 7.31271784331513], [-76.4611418806932, 7.31266968551888], [-76.4614121449545, 7.31266608733138], [-76.4615866242233, 7.31280646430817], [-76.4615864002921, 7.31296863815346], [-76.4615855252517, 7.31360494897052], [-76.4613388394159, 7.31404506458936], [-76.4610923586254, 7.31438724403735], [-76.4608948998797, 7.31482746127957], [-76.4606974402346, 7.31526767762243], [-76.4605691510454, 7.31568105819551], [-76.4604479035478, 7.31614237353292], [-76.4604272038524, 7.31662393710624], [-76.4604868585816, 7.31710561759137], [-76.460620208256, 7.31752610550652], [-76.460706653789, 7.31800890834559], [-76.460886905806, 7.31848606524084], [-76.460886347327, 7.31889199403145], [-76.4608860217725, 7.31912020959109], [-76.4608856305673, 7.31935348473665], [-76.4608752766727, 7.31958482544045], [-76.4610522569561, 7.31965011172435], [-76.4632998237278, 7.32096403202552], [-76.4639258768777, 7.32095727901627], [-76.4643593554998, 7.3208116014353], [-76.4642891805012, 7.31983289713159], [-76.4644221641515, 7.31953739249778], [-76.4647906820443, 7.31896851824364], [-76.4648975646708, 7.31885276200648], [-76.4651910889975, 7.3185429446623], [-76.4660156890728, 7.31813201564116], [-76.4661062184272, 7.31802086213425], [-76.4662723798664, 7.31768570189476], [-76.4663719842796, 7.31749436303559], [-76.466536403732, 7.31735905733579], [-76.4668544264906, 7.31718119481745], [-76.4671672961338, 7.31698755099586], [-76.4674107282225, 7.3168213778655], [-76.4675626641856, 7.31663590438467], [-76.4678515462119, 7.31645765605716], [-76.4680744413823, 7.3166835108965], [-76.4684994286057, 7.31725494911779], [-76.4685519328254, 7.31766682692367], [-76.4686567946753, 7.31803786022024], [-76.4688815712275, 7.3184126850585], [-76.4691533139742, 7.31877090661315], [-76.4694703160022, 7.31884321570292], [-76.4698909352185, 7.31859479057823], [-76.4700088750095, 7.31844852573999], [-76.4702545239271, 7.31837602869188], [-76.4704368632706, 7.31830955890013], [-76.4706199274676, 7.3182939493674], [-76.4707785462928, 7.31844551930641], [-76.4708903050435, 7.31861658205074], [-76.4710329447146, 7.31884286047073], [-76.4711998444972, 7.31918980362762], [-76.4713780496572, 7.31951861645209], [-76.4715212415121, 7.31984870001857], [-76.4716130416085, 7.32009440289545], [-76.4716211525941, 7.32056307108992], [-76.4715076932254, 7.32092162269576], [-76.4713104035523, 7.32113724145157], [-76.471142491133, 7.32136399921026], [-76.4710190681754, 7.3215510375114], [-76.4709324940393, 7.3218608413658], [-76.4709240583986, 7.32229797573199], [-76.4709746209819, 7.32254841623745], [-76.4711296766932, 7.3225746953269], [-76.4718093006587, 7.32297537297608], [-76.4722370389082, 7.32311087382875], [-76.4728237116449, 7.32347365044958], [-76.4732469622775, 7.32371758615864], [-76.4734616493356, 7.32379432081224], [-76.4737323344796, 7.32386858862544], [-76.4739634305678, 7.32393403319003], [-76.4741261170266, 7.32399975114856], [-76.4743563569602, 7.32465009318818], [-76.474459314046, 7.32528991136123], [-76.4745133893814, 7.32567241461112], [-76.4745398258522, 7.32618272411435], [-76.4745391891323, 7.32648655736959], [-76.474400600907, 7.32679898724436], [-76.4743474446788, 7.32701158158007], [-76.474251603029, 7.32738133334272], [-76.474177774085, 7.32773858992481], [-76.4740214701147, 7.32834247658481], [-76.4738572808888, 7.32872397529202], [-76.4736390190255, 7.32911299053284], [-76.4734054291172, 7.32947841655647], [-76.4732909103472, 7.32984158258374], [-76.473235606538, 7.33027887702931], [-76.4731887896309, 7.33052649096553], [-76.4731430348232, 7.33085423629467], [-76.4730938535984, 7.33128589738696], [-76.4730464278503, 7.33150406212345], [-76.4729711438032, 7.33180937836083], [-76.4729460617114, 7.33199246234299], [-76.4729856849414, 7.33227810231326], [-76.47335883794, 7.3322895749646], [-76.473713396556, 7.33217475312303], [-76.4742296164036, 7.33215275660517], [-76.4746846238962, 7.33220796958281], [-76.4750124096949, 7.3321970068471], [-76.4749993398476, 7.33259540831211], [-76.474979977444, 7.3328492896237], [-76.4749460172449, 7.33311490439001], [-76.4749076557637, 7.33331901811885], [-76.4748652842055, 7.33348394388954], [-76.4748080927193, 7.33365283207317], [-76.4747144193349, 7.33386952911613], [-76.4745964004035, 7.33406873614389], [-76.4744566241739, 7.33424375770387], [-76.474289958215, 7.33441603183501], [-76.4741542595114, 7.33454116080656], [-76.4739982271365, 7.33467163804625], [-76.4737787197121, 7.33484500755167], [-76.4735851262525, 7.33499068333394], [-76.4732483625219, 7.33596260405149], [-76.4732049675352, 7.3364100446484], [-76.4731808027518, 7.33664624618785], [-76.4730082498309, 7.33695316591642], [-76.4722451373032, 7.33746036826189], [-76.4723972054666, 7.33775597991502], [-76.4726878510634, 7.33795653232863], [-76.4728593364891, 7.33819394705352], [-76.4734461279364, 7.3379321589025], [-76.473809727437, 7.33771348065314], [-76.4740762990819, 7.33754148711047], [-76.4746911592695, 7.3372491013255], [-76.4749875668227, 7.33715717352524], [-76.4754594087247, 7.33749913983396], [-76.4757930149357, 7.33781356530431], [-76.4760516788419, 7.33815883752084], [-76.4762745623212, 7.33837899335633], [-76.4764345031498, 7.33867401775221], [-76.4765817977117, 7.33883811075069], [-76.4768484574903, 7.33898692876423], [-76.4770619826244, 7.33936858035618], [-76.477173347472, 7.33978474612957], [-76.4776159605082, 7.34100311885927], [-76.4777721844387, 7.34144840737849], [-76.4785912671732, 7.34285557298666], [-76.4788646655719, 7.34331486934605], [-76.4790420208726, 7.34359968014145], [-76.4792307651877, 7.34388208165305], [-76.4794780032072, 7.34422180954917], [-76.4796032616811, 7.34447753716889], [-76.4797582067758, 7.34478496321578], [-76.4799724198912, 7.34519262679857], [-76.4797160690413, 7.34558248200618], [-76.4795530354442, 7.34575726794381], [-76.4792274358974, 7.34621073579709], [-76.4787233038373, 7.34659857382538], [-76.4783642773895, 7.34672580361315], [-76.4781429137644, 7.34689078334323], [-76.478003378553, 7.34712751188538], [-76.4779793999293, 7.3473975000548], [-76.4781001707862, 7.34767692211247], [-76.4783740907916, 7.34791261103837], [-76.4785546836517, 7.34805845409457], [-76.4787966777245, 7.34836433150885], [-76.4788619550152, 7.34850519052232], [-76.4789839417555, 7.34889301955736], [-76.478542207357, 7.34920590089177], [-76.4780573207887, 7.34938692812436], [-76.4776275087025, 7.34981384978947], [-76.4773208461801, 7.35062633599671], [-76.4771649451061, 7.35118613519209], [-76.4769818773117, 7.35186018426016], [-76.4768826775934, 7.35224413901587], [-76.4767696507987, 7.35310356173997], [-76.4764910444261, 7.35388319301495], [-76.4759540115683, 7.35498818641562], [-76.4756877088207, 7.35551478803696], [-76.4752566979382, 7.35582083362449], [-76.4743922138295, 7.35629525478213], [-76.4738957754696, 7.35707379338074], [-76.4736617359004, 7.35750870192494], [-76.4735146194041, 7.35823893613786], [-76.4734174161808, 7.35887756270918], [-76.4733918934211, 7.3593994419905], [-76.4733202156554, 7.35985381006507], [-76.4730753482487, 7.36059820860024], [-76.4729324198952, 7.36092873283452], [-76.4728811801223, 7.36129598807913], [-76.4732348843824, 7.36175937275656], [-76.4739701035374, 7.36206830246993], [-76.4751028059497, 7.36246535585123], [-76.4756291647541, 7.36263988368343], [-76.4761617666522, 7.36313392624941], [-76.4763805519209, 7.36353135554731], [-76.4764944267764, 7.36409205766203], [-76.4764629019413, 7.36486015782964], [-76.4762548815575, 7.3654044266326], [-76.4761103730952, 7.36567623592916], [-76.4759942598272, 7.36626410116694], [-76.4760100986871, 7.36712229181988], [-76.4761125404613, 7.3676603786831], [-76.4762895477244, 7.36796208504173], [-76.4764667582343, 7.36852018901503], [-76.4765701398001, 7.36913171901316], [-76.4766461406069, 7.36980094861436], [-76.4766454823031, 7.37009908916111], [-76.4766083645843, 7.37088637366667], [-76.4766267584181, 7.37156277715985], [-76.4765841980023, 7.37206216079949], [-76.4766186609224, 7.37268083770992], [-76.4766283421242, 7.37291568127304], [-76.4766218688042, 7.37349500744802], [-76.4765728755377, 7.37363982347842], [-76.4771290405727, 7.37514451066995], [-76.4772043363111, 7.37548064127788], [-76.477319209414, 7.37580526416093], [-76.477902560055, 7.37595571714194], [-76.4784479449167, 7.37597989091851], [-76.4788099957846, 7.37599032215496], [-76.4790731913747, 7.37591102982946], [-76.4793043603079, 7.37568275221656], [-76.4795961363526, 7.3768252167696], [-76.4795424081556, 7.37766905334335], [-76.4793771622262, 7.37869309606875], [-76.479399808954, 7.37933442060619], [-76.4797429380861, 7.3801309501424], [-76.4799996144906, 7.38063775768553], [-76.4805813706337, 7.38112836034468], [-76.4801019132726, 7.3813142493123], [-76.4798988310662, 7.38139800857037], [-76.4797501443537, 7.38146602339741], [-76.4795657842335, 7.38156413673464], [-76.4794112222501, 7.38166687618449], [-76.4792883289932, 7.38176845281098], [-76.4791710645929, 7.38189032533735], [-76.4790347381626, 7.38206831555938], [-76.4789294572286, 7.38226402602306], [-76.4788587354423, 7.38247445748932], [-76.4788129608495, 7.38269577794686], [-76.4787855423189, 7.38293118268699], [-76.4787508096022, 7.38342076641429], [-76.4787153925013, 7.3837500828591], [-76.4786854936406, 7.38394520696479], [-76.4786322960436, 7.38419963326551], [-76.4785527815855, 7.38444110033556], [-76.4784308029391, 7.38466183623375], [-76.4782713234628, 7.38485991731034], [-76.4780852933016, 7.3850344694242], [-76.477879700188, 7.38517317096408], [-76.4776688037722, 7.38526835431012], [-76.4774452979621, 7.38534101863209], [-76.4772146389444, 7.38539628466978], [-76.476977817772, 7.38543351570317], [-76.4767337489633, 7.38545244553292], [-76.4764266268873, 7.38545933703776], [-76.4761808035012, 7.385455146197], [-76.4759970369337, 7.38544574468436], [-76.4757440486489, 7.38542162756507], [-76.4754909740292, 7.38538179119573], [-76.4752469375961, 7.38532284153492], [-76.4750203650977, 7.38524663388407], [-76.4747421040648, 7.38513447493508], [-76.4744621406152, 7.38500868226389], [-76.4742290336429, 7.38489519591557], [-76.4740577658532, 7.38480396329128], [-76.4738404923448, 7.38467295545155], [-76.4736481696273, 7.38453702562226], [-76.4735181204649, 7.38443617654736], [-76.4733035602111, 7.38425455935948], [-76.4730779086186, 7.38404698324071], [-76.4729034194572, 7.38387798174254], [-76.4725714104422, 7.38354900973806], [-76.4724448938168, 7.38343187843753], [-76.4722676320455, 7.38328602009283], [-76.4720796071881, 7.38315810502159], [-76.4718822239854, 7.3830569843514], [-76.4716815807403, 7.38298903697358], [-76.4714771000881, 7.38294785162111], [-76.4712811611966, 7.38293011069515], [-76.4710998731606, 7.38292719779104], [-76.4709094237309, 7.38293716407793], [-76.4707353041909, 7.38295481147446], [-76.4705033537467, 7.38298875908306], [-76.4701337251912, 7.38305172331745], [-76.469970755446, 7.38307283490246], [-76.4697032610966, 7.38309432420276], [-76.4692063703777, 7.38312011585974], [-76.4690187753961, 7.38313946027693], [-76.468823502003, 7.3831781823863], [-76.4686724815497, 7.38323355904058], [-76.4685384852629, 7.38332408030111], [-76.4684062228689, 7.38350186547778], [-76.4683366549127, 7.38372575170112], [-76.4683161116992, 7.38396157282736], [-76.4683225211674, 7.38421107264192], [-76.4683378582055, 7.38440423892356], [-76.4683651526296, 7.38466672674706], [-76.4684065601146, 7.3850124369334], [-76.4684406210378, 7.38522050048468], [-76.4684819206041, 7.38539437450978], [-76.468527798619, 7.38554500645587], [-76.468602317343, 7.38577038015791], [-76.4686481135196, 7.3859391694161], [-76.4686717881725, 7.38616806846056], [-76.4689473233602, 7.3863452951582], [-76.4692813864268, 7.38641695493747], [-76.4695366850699, 7.38648307309433], [-76.469735046735, 7.38654714979009], [-76.4699377809038, 7.38663324548683], [-76.470149516387, 7.38676067222621], [-76.4703195377165, 7.38690629944509], [-76.4704725357789, 7.38708409001768], [-76.4705826172939, 7.38724124294797], [-76.4706845293675, 7.38741063565126], [-76.4708377261801, 7.38769241303335], [-76.471161114294, 7.38831911999027], [-76.471570110672, 7.38912930753037], [-76.4717191634086, 7.38944787797601], [-76.4718123628502, 7.38966294095083], [-76.4719032879064, 7.38989265208306], [-76.4721252261982, 7.39050264513979], [-76.4722497103558, 7.3908298382852], [-76.4723263694663, 7.39104860376889], [-76.4723731486019, 7.39121476790604], [-76.4724159365462, 7.39144618235423], [-76.4724376713614, 7.39168385338592], [-76.472447527931, 7.39198455969846], [-76.47244638849, 7.39222659963665], [-76.4724384330872, 7.39246307546936], [-76.4724176704391, 7.39280857701296], [-76.4723999016341, 7.3930382386825], [-76.4723860898461, 7.39317907071627], [-76.472496210032, 7.39344364136968], [-76.4728013868745, 7.39413205710744], [-76.4730685853469, 7.39459138134586], [-76.4733995655375, 7.39513049613419], [-76.4737611325702, 7.39568534905827], [-76.4740302169209, 7.39597408899166], [-76.4742235064097, 7.39615374026156], [-76.4744691067638, 7.39638397210128], [-76.4748456591998, 7.39688110114055], [-76.4752276948022, 7.39703597518872], [-76.4756837473071, 7.39717129707633], [-76.4759248222727, 7.39718355123853], [-76.4762638343084, 7.39711396709451], [-76.4764259973618, 7.39687593903197], [-76.4765492998103, 7.39676577747732], [-76.476837884161, 7.39679358631362], [-76.4771187289462, 7.39706419231726], [-76.4773968721679, 7.39723660674265], [-76.4777385677807, 7.39736242279621], [-76.4780205286245, 7.39740381769063], [-76.4785035535961, 7.39740573144795], [-76.4787268588574, 7.39737850896961], [-76.4789625001192, 7.39734001798604], [-76.479162614563, 7.3973253869157], [-76.4796268122275, 7.39729352213697], [-76.4804076944595, 7.39913685623946], [-76.4807019400425, 7.39945825145569], [-76.481197372061, 7.39987902175799], [-76.4816813440188, 7.40025585568169], [-76.4812403839365, 7.40061852977983], [-76.4808424267366, 7.40086686677096], [-76.4800406280725, 7.40132969207011], [-76.4796022976079, 7.40154319202317], [-76.4790571618585, 7.4015709765778], [-76.478398543358, 7.40141642448688], [-76.4777954534973, 7.40140495003689], [-76.4774745349218, 7.40147335516972], [-76.4764935670245, 7.40185917242135], [-76.4756216005564, 7.40221847226314], [-76.4749314653149, 7.40251246693524], [-76.4745629591133, 7.40308696644874], [-76.4742439785767, 7.40383285426124], [-76.4738510045202, 7.40438499033341], [-76.4733617013814, 7.40489807424509], [-76.4728785082365, 7.40550372627429], [-76.4721739847416, 7.40628556898216], [-76.4719893143553, 7.40718323717496], [-76.4714537357013, 7.40834587891748], [-76.4711373335211, 7.40925211585066], [-76.4709532234125, 7.40983474793345], [-76.4706307157349, 7.41044857030347], [-76.4706812000773, 7.41099822964276], [-76.4711887153869, 7.41144270697349], [-76.4716373089146, 7.41207044905011], [-76.4727820901213, 7.41280059423013], [-76.4735661964228, 7.41322776680612], [-76.4742983003263, 7.41367897826034], [-76.4746226731978, 7.41384545086496], [-76.474975780308, 7.41397002945141], [-76.4758289824215, 7.41442058440052], [-76.4762568735558, 7.41458315484676], [-76.4766326489776, 7.4147154703008], [-76.4768575748172, 7.41478544744847], [-76.4771535336087, 7.41460207568332], [-76.4774207725506, 7.41443006235557], [-76.4779819162324, 7.41402951690675], [-76.4785480556482, 7.41389997676058], [-76.4788394099108, 7.41380245697589], [-76.4795538853035, 7.41360544069662], [-76.4800344362402, 7.41346506821644], [-76.4807455526651, 7.41338334862075], [-76.4811223407234, 7.41328536568517], [-76.4814193355339, 7.41319341540189], [-76.4821202680359, 7.41320317664338], [-76.4828608570429, 7.41313249712514], [-76.4831972700379, 7.41299967625218], [-76.4836477998061, 7.41284817106436], [-76.4844825019658, 7.41260875894518], [-76.4847874548771, 7.41256591074632], [-76.4854725206403, 7.41243797768866], [-76.4856054737136, 7.41265426464072], [-76.4857128626584, 7.41276317973508], [-76.4858425547901, 7.41284613589857], [-76.4860335051421, 7.41290951741845], [-76.4862368301655, 7.41291862485275], [-76.4864497995186, 7.41288711530625], [-76.4866743872132, 7.41282852987088], [-76.4871096887611, 7.41268975188867], [-76.4872962009589, 7.41263615948932], [-76.4875365106014, 7.4125894154273], [-76.4877585954828, 7.41258658526086], [-76.4879343400977, 7.41261661991918], [-76.4881020834443, 7.4126733500532], [-76.4883542659366, 7.41274606473725], [-76.488470240709, 7.41315207356744], [-76.488498788788, 7.41344174250053], [-76.4885195487382, 7.41376415754789], [-76.4885451551348, 7.41436137303697], [-76.4885612655899, 7.41459437209068], [-76.4885806064098, 7.41475535073693], [-76.4886099944557, 7.41491699757943], [-76.4886529730562, 7.41506429573871], [-76.4887222649206, 7.41522409987038], [-76.4888277473027, 7.41538135892061], [-76.4889351362475, 7.41549018228413], [-76.4890649210092, 7.41557313664901], [-76.4892558713613, 7.41563651547082], [-76.4894591981834, 7.41564562200588], [-76.4896721684358, 7.41561410976137], [-76.4898966661981, 7.41555552252734], [-76.4903320585776, 7.41541674004854], [-76.4905185707754, 7.41536323848069], [-76.4907588804179, 7.41531639998991], [-76.4909809670979, 7.41531356892412], [-76.4912144625774, 7.41536153696339], [-76.4914187174998, 7.41544155594111], [-76.4915629049041, 7.41549344502451], [-76.4917639186698, 7.41534418904112], [-76.4923559828423, 7.41500751344403], [-76.4924746591781, 7.41492872204093], [-76.492783257941, 7.41472485562566], [-76.4932096535027, 7.41446370509398], [-76.4936875937074, 7.41429397154759], [-76.4941314073386, 7.41409027330556], [-76.494575138232, 7.41395460427966], [-76.4950530721415, 7.41375090064163], [-76.4955649626529, 7.41368343080378], [-76.4960086081107, 7.41358182090241], [-76.4962489708133, 7.41346225333842], [-76.4964182996648, 7.4133780363254], [-76.496828159392, 7.41310603996987], [-76.497238010126, 7.41276601619683], [-76.4976305956754, 7.41241370858388], [-76.4980351817782, 7.41212078050776], [-76.4983650342189, 7.41188201500111], [-76.4987066461947, 7.41157587858208], [-76.4991164123925, 7.41130397305807], [-76.4994741851855, 7.41100723455442], [-76.4997740893027, 7.41082012700543], [-76.5000737775827, 7.41095789414967], [-76.5003566656276, 7.41106819779725], [-76.499914861082, 7.41137325413051], [-76.4996845519005, 7.41167598391766], [-76.4994748398919, 7.4121039973597], [-76.5000272223784, 7.41278877174258], [-76.500551975893, 7.41348489736822], [-76.5008675659853, 7.41378248393258], [-76.5013346378832, 7.41417518819244], [-76.5017915051738, 7.41435672534068], [-76.502083263232, 7.41464874959814], [-76.5022262257597, 7.41523745750071], [-76.5021714426579, 7.41566237008034], [-76.5019804662255, 7.41622236352925], [-76.5017235730844, 7.41692618285504], [-76.5017380485721, 7.41803280582731], [-76.5017517587366, 7.4187679422447], [-76.5017089932754, 7.41953600194287], [-76.5015515894343, 7.4203431722575], [-76.501436874612, 7.42066569072692], [-76.5011399499487, 7.42108397440374], [-76.5007099355151, 7.42147705368094], [-76.5002964838956, 7.42180454450198], [-76.4999754448109, 7.4221496008812], [-76.4997465331759, 7.42249306905774], [-76.4995988591, 7.42289590238178], [-76.4994645102789, 7.42336858784787], [-76.4995321608805, 7.42456643984705], [-76.4995234878187, 7.42504864823424], [-76.4996888839348, 7.42560109816986], [-76.4998121396185, 7.42601148669845], [-76.4998917296196, 7.42659602534397], [-76.5000823229408, 7.42700604515052], [-76.5003190065169, 7.42798163420268], [-76.5000847690968, 7.42839397336077], [-76.4998858318656, 7.42913695726236], [-76.5001683664769, 7.42980847114165], [-76.500668617063, 7.43047084521092], [-76.5011582709374, 7.43085104349843], [-76.5020990364413, 7.43199325714063], [-76.5022330992781, 7.43240918639232], [-76.5020164768789, 7.43283164112483], [-76.5014991526637, 7.43339685333959], [-76.5010128703477, 7.43382972581863], [-76.5005891853426, 7.43425665377897], [-76.5003570127659, 7.43502918130909], [-76.5003306617306, 7.43548899208074], [-76.5004682903793, 7.436439099742], [-76.5007977228366, 7.43834805467628], [-76.5009224453146, 7.43890858322183], [-76.500752864653, 7.43965709975259], [-76.5004344048239, 7.43986319828525], [-76.4997978466932, 7.44024277693983], [-76.4991923223677, 7.44101626224792], [-76.499019773044, 7.44132319816425], [-76.4986771754113, 7.44178247833589], [-76.497643222157, 7.44273104186124], [-76.4966180723661, 7.44383313944496], [-76.4955024741598, 7.4450633850243], [-76.4902867327465, 7.45040739134494], [-76.4739779905918, 7.45079263303051], [-76.4739139534661, 7.45115119722686], [-76.4739003251399, 7.45140803101273], [-76.4739018288063, 7.45160136007156], [-76.4739125478258, 7.45177485458271], [-76.4739583026335, 7.45208268172725], [-76.4740203261771, 7.4523195919325], [-76.4741016734534, 7.45258124068857], [-76.4741866117227, 7.45288713968659], [-76.4742396429451, 7.45313502881535], [-76.4742728333246, 7.45339594552328], [-76.4742865929518, 7.45366247759809], [-76.4742855875098, 7.45392683151487], [-76.4742718566608, 7.45418140800239], [-76.4742450802462, 7.45443397630378], [-76.4741999064005, 7.45468221706742], [-76.4741248606737, 7.45493025908096], [-76.4740524526585, 7.45511378013364], [-76.4739591650834, 7.45531981931095], [-76.4738300593098, 7.45558026117687], [-76.4736421306798, 7.45592621507951], [-76.4735389703472, 7.4560976150696], [-76.4734282817897, 7.45626607607528], [-76.473272333951, 7.45648438200536], [-76.4731034745457, 7.45669200578814], [-76.4729194273896, 7.45688606959314], [-76.4727374990363, 7.45705419425236], [-76.4725611356878, 7.45719680964176], [-76.4724164374686, 7.45730347822963], [-76.4722276868582, 7.45743188612932], [-76.4719453599903, 7.45761347274026], [-76.4717798703447, 7.45772504173396], [-76.4716205725314, 7.45784362454032], [-76.471341707154, 7.45806241430567], [-76.471158615078, 7.45819964545397], [-76.4708818037522, 7.4583971941319], [-76.470324512766, 7.45878318315405], [-76.470159108556, 7.45891065126218], [-76.4629566595222, 7.45868333952117], [-76.4525511014521, 7.46232359101743], [-76.4449086213357, 7.46674371210901], [-76.4447979633553, 7.46618063308617], [-76.4343550231657, 7.47027520229506], [-76.4338119414679, 7.46994544248447], [-76.4311821547326, 7.46687275762804]], [[-76.4126229373986, 7.28544468998267], [-76.4132528324522, 7.28510154286412], [-76.4152209960521, 7.28435846273512], [-76.4160725137355, 7.28423091458724], [-76.416389341295, 7.28425638248827], [-76.4165900996533, 7.28414692420343], [-76.4169953566504, 7.28377665622994], [-76.4171790413796, 7.28365491050799], [-76.4177968396524, 7.28316157211111], [-76.4175367485221, 7.28296189024132], [-76.417334139359, 7.28281955544037], [-76.417061993716, 7.28256337815964], [-76.4170864894499, 7.28194779491711], [-76.4171822042953, 7.28164806346967], [-76.4173161780991, 7.28120574541117], [-76.4172263016525, 7.28065959972312], [-76.4170976176609, 7.2796269441905], [-76.417197364167, 7.27900527973225], [-76.4173776557542, 7.27854356869316], [-76.4174998790162, 7.27791166905067], [-76.4150757132735, 7.27683774632739], [-76.4140718756165, 7.27637871436865], [-76.4135637020032, 7.27619946239774], [-76.4131693223063, 7.27583901681964], [-76.412780660499, 7.27535873747828], [-76.4126433654989, 7.27472248331849], [-76.4124297909021, 7.27454071774247], [-76.4121239080919, 7.27454789523169], [-76.4117172787294, 7.27475779519862], [-76.4113751829183, 7.27509385116282], [-76.4108236682777, 7.2752819092952], [-76.4103808169211, 7.27538131585755], [-76.4101277261136, 7.2745559225803], [-76.4101854859713, 7.27380906889597], [-76.4100162749311, 7.27256320838795], [-76.4099869138649, 7.27169600562879], [-76.4099936659749, 7.27104093765182], [-76.4095054788947, 7.26957861482393], [-76.4093449499095, 7.26882168063877], [-76.4090433065033, 7.26768591243767], [-76.408514683206, 7.26627583662334], [-76.4082592046985, 7.26596770281007], [-76.4078896283037, 7.26569403551415], [-76.4073458676177, 7.26529585887961], [-76.4068407040352, 7.26471461445074], [-76.4062280669717, 7.26422427169567], [-76.4057087453623, 7.26407325304108], [-76.4052369403325, 7.26403059010253], [-76.40485113747, 7.2640144095003], [-76.4044128411796, 7.26399524584676], [-76.4039639005135, 7.26389473042035], [-76.4037659966034, 7.26367890571981], [-76.4037062753243, 7.26339687023228], [-76.4037747901744, 7.26318988766605], [-76.4040260058954, 7.26300446634596], [-76.404317522036, 7.26272071854922], [-76.4042930838587, 7.26249045163595], [-76.404188177942, 7.26230685683888], [-76.4038029902158, 7.26230431535479], [-76.4032990578052, 7.26261182953524], [-76.40317316441, 7.2627638104644], [-76.4026181963726, 7.2631585031253], [-76.4022750492541, 7.26339634682682], [-76.4017640886418, 7.2636575468212], [-76.4015806871989, 7.26372850782722], [-76.4009582178475, 7.2651976259325], [-76.4006446899005, 7.26570627618649], [-76.4000641082719, 7.26661166595842], [-76.3999334142956, 7.26759037475873], [-76.3997832311112, 7.26829813311509], [-76.399689122455, 7.26891299600066], [-76.3994311591206, 7.26900123388252], [-76.3992450552151, 7.26944490272277], [-76.3993810686814, 7.27004729291088], [-76.3998594864261, 7.27093478887206], [-76.4001789211203, 7.27136339856461], [-76.400604018061, 7.27198129126618], [-76.4009127508227, 7.27263357134483], [-76.4010252335277, 7.27307570953893], [-76.4009592089003, 7.27343293014817], [-76.4011511008426, 7.27379786244393], [-76.4017148624509, 7.27456411900139], [-76.4018611290878, 7.27495973256814], [-76.4023578210566, 7.27598491203655], [-76.4025535072385, 7.27676995183427], [-76.4026303003481, 7.27706319467315], [-76.4024104268996, 7.27774872358714], [-76.4025927194784, 7.27833957907073], [-76.402913043602, 7.2787106267564], [-76.4033338885481, 7.27886973930943], [-76.4035556694585, 7.27880038449253], [-76.403779441468, 7.27878405640146], [-76.4040168606895, 7.27879964075324], [-76.4042575480474, 7.27883481503706], [-76.4044985762483, 7.27888353940621], [-76.4047374101033, 7.278945465823], [-76.4049748877808, 7.2790250180525], [-76.4053249884574, 7.27916904178023], [-76.4056116023935, 7.27930182668035], [-76.4058231580123, 7.27940807348619], [-76.4063628366755, 7.27969504805043], [-76.4065860205284, 7.27981017925871], [-76.4068104472443, 7.27992042624905], [-76.4069803210849, 7.27999752243009], [-76.4072098028901, 7.28008804638857], [-76.4074881547545, 7.280162778252], [-76.4077386132464, 7.2801976278806], [-76.4126229373986, 7.28544468998267]]]}, "properties": {"FID": 388, "TIPO_ACTO_": "RESOLUCION", "NUMERO_ACT": "0028", "FECHA_ACTO": 928108800000, "AREA_ACTO_": 32482.1521, "NUMERO_PLA": "I-569.563", "PUEBLO": "Embera Katio", "DEPARTAMEN": "05", "MUNICIPIO": "05480", "ID": "10040", "NOMBRE": "Jaikerazavi (Abibe Mutata)", "CODIGO_DAN": "1554", "GlobalID": "367392e1-30a1-452d-bec9-6cc7ec65a607", "Shape__Area": 361347819.0415039, "Shape__Length": 133405.49366844597, "FECHA_ACTO_ISO": "1999-05-31"}}, {"type": "Feature", "id": 680, "geometry": {"type": "Polygon", "coordinates": [[[-77.0943845302219, 8.25561094352159], [-77.0940017014174, 8.25527196476075], [-77.0939998757936, 8.25527035227626], [-77.0939814522822, 8.25525532100759], [-77.0939621312473, 8.25524156138031], [-77.0939420026213, 8.25522907159572], [-77.0939210700013, 8.2552178516539], [-77.093899421521, 8.2552080832178], [-77.0938771507099, 8.25519976269025], [-77.0938544374323, 8.2551928909705], [-77.0938485351817, 8.25519139989454], [-77.0935081561764, 8.25510664778493], [-77.0934909035823, 8.25510280498182], [-77.0934674888335, 8.25509891721264], [-77.093444901461, 8.25509673905461], [-77.0932445109254, 8.25515974285922], [-77.0929230248777, 8.25525914492498], [-77.0925786717682, 8.25546283147585], [-77.0925017140828, 8.25554630385019], [-77.0920472183044, 8.25584454961758], [-77.0915927153315, 8.25601023801342], [-77.0912268333516, 8.25622004624944], [-77.0907168943692, 8.25631951036843], [-77.0905505611594, 8.25631949867722], [-77.0902180206451, 8.25640787595404], [-77.0898410500244, 8.25651825874195], [-77.089630419808, 8.25661772735754], [-77.0894308980175, 8.25678339057229], [-77.0892867735657, 8.25692696553834], [-77.0891537287615, 8.25718097994955], [-77.0889763590717, 8.25743496828047], [-77.0887879016403, 8.25758953206254], [-77.088588335783, 8.25767789944679], [-77.0884552972741, 8.25777732579424], [-77.0884293869066, 8.25780307518307], [-77.0883444603285, 8.25788778142726], [-77.0881781046358, 8.25792090795484], [-77.0880229535964, 8.25786572915133], [-77.0879009506683, 8.25771106464517], [-77.0878011915717, 8.25750124022133], [-77.0877457501662, 8.25730246037156], [-77.0876459766804, 8.25711476016935], [-77.0875462310736, 8.25688281242315], [-77.0873577205823, 8.25625331936653], [-77.0872246523958, 8.25582260705899], [-77.0871470660842, 8.2552372482318], [-77.0871387419593, 8.25496416009928], [-77.0868845135095, 8.25398724094984], [-77.0866745982541, 8.25256563492753], [-77.0866714713113, 8.25254768985542], [-77.0866697805859, 8.25253984686788], [-77.0864144702516, 8.25139552341613], [-77.0864108199034, 8.25138038063154], [-77.0864038510568, 8.25135776897734], [-77.0863955251334, 8.251335617776], [-77.0863857531, 8.25131402055711], [-77.0863745376548, 8.25129315538629], [-77.0863621494935, 8.25127338199245], [-77.0858516673205, 8.25051058872421], [-77.0858514847582, 8.2505102289954], [-77.0858498345022, 8.2505078026245], [-77.0851265439548, 8.24944835179154], [-77.0851147277625, 8.24943200571402], [-77.085109694257, 8.24941371350359], [-77.0848974758378, 8.24907551625364], [-77.0848311553335, 8.24895980048599], [-77.0848173768205, 8.24893579398327], [-77.08467123429, 8.24868098726927], [-77.0843600571709, 8.2482019435964], [-77.084034697743, 8.24776517615355], [-77.0837234657653, 8.24739882472755], [-77.0831577562254, 8.24707474593437], [-77.0827616462329, 8.24707473784049], [-77.0824334962089, 8.24698816460371], [-77.0821110200075, 8.24676474782646], [-77.0818281517477, 8.24646888436318], [-77.0815452960785, 8.24610249876297], [-77.0812624125303, 8.2457925483191], [-77.0811475906887, 8.24569958989581], [-77.0810385613805, 8.24559358410829], [-77.0806854245926, 8.24528271455729], [-77.0803815598611, 8.24511089728175], [-77.0802644762245, 8.24495844780582], [-77.0802646974578, 8.24495167321285], [-77.0802641093011, 8.2449339799509], [-77.0802623457307, 8.24491629388355], [-77.0802594939804, 8.24489879757314], [-77.0802554650177, 8.24488149101968], [-77.0802502615403, 8.24486446325604], [-77.0802488693898, 8.24486041001162], [-77.0799884068394, 8.24413410493673], [-77.0799388505974, 8.24336883493552], [-77.0800565053034, 8.24287673040852], [-77.0803884738489, 8.24231701215216], [-77.0807685768083, 8.24172189658003], [-77.0807746652186, 8.24171191770262], [-77.0807830675845, 8.24169623352613], [-77.0807904690049, 8.2416801050846], [-77.0807966878169, 8.24166344334503], [-77.0808012914464, 8.24164887073057], [-77.0809379065591, 8.24115888230839], [-77.0809385225947, 8.24115652878257], [-77.0809425623493, 8.24113925190673], [-77.0809455121257, 8.24112171152957], [-77.0809471911599, 8.2411040011805], [-77.0809473584338, 8.24110219354319], [-77.0809746843342, 8.24063948065935], [-77.0809751070155, 8.2406234943106], [-77.0809745197582, 8.24060580104871], [-77.0809727543891, 8.24058811498132], [-77.0809699044375, 8.24057061867095], [-77.0809658754748, 8.24055331211746], [-77.0809606719974, 8.24053637518538], [-77.080954382139, 8.24051971704311], [-77.0809511526735, 8.24051224547559], [-77.080705210577, 8.23996778241906], [-77.0807011573325, 8.23995914443083], [-77.080692700108, 8.23994349532786], [-77.0806833399641, 8.23992839571071], [-77.0806728988352, 8.23991402634306], [-77.0806616456184, 8.23990029459476], [-77.0806494013488, 8.23988729399527], [-77.0806441969721, 8.23988218584608], [-77.0801250192542, 8.23939223159809], [-77.0801172608029, 8.23938524656373], [-77.0801034894844, 8.23937397176323], [-77.0800889996076, 8.23936360527804], [-77.080073882004, 8.23935423793957], [-77.0800640524141, 8.23934889326867], [-77.0794902948412, 8.2390494253226], [-77.0794843808994, 8.23904640000323], [-77.0794744667732, 8.23904186831945], [-77.0789826320428, 8.23882404712394], [-77.0789762666413, 8.23882138692935], [-77.0789596318814, 8.23881509976893], [-77.0789425528565, 8.23880990078816], [-77.0789252103302, 8.23880587632203], [-77.0789076043025, 8.23880302906843], [-77.0788899146378, 8.23880126459856], [-77.0788871950879, 8.23880110451925], [-77.0783953477671, 8.23877390362461], [-77.0783802067811, 8.23877347464803], [-77.07836244607, 8.23877406010665], [-77.0783446934528, 8.23877581738196], [-77.0783271296932, 8.23877865744099], [-77.0783097583886, 8.23878276014813], [-77.0783019792529, 8.23878489693731], [-77.0777812367147, 8.23894058397262], [-77.0775078733896, 8.23896646915908], [-77.077342570803, 8.2389821533356], [-77.0770786962248, 8.23877562762497], [-77.0767229981678, 8.23825600024612], [-77.0766056474326, 8.23769467939783], [-77.076649198002, 8.23719518244364], [-77.076890008567, 8.23691535029512], [-77.0773637273541, 8.23664208589549], [-77.077507919255, 8.23656741338737], [-77.0780413458314, 8.23629108229956], [-77.0780508246858, 8.23628595436528], [-77.078624658701, 8.23595929541712], [-77.0786256515526, 8.23595865689848], [-77.0786408087263, 8.23594933272746], [-77.0786553237841, 8.23593893026937], [-77.0786690168616, 8.2359277211194], [-77.0786820687225, 8.23591561354671], [-77.0786942068721, 8.23590260934988], [-77.0787055248401, 8.23588888929279], [-77.0787159299961, 8.23587445517396], [-77.0787161107598, 8.23587427261154], [-77.0789893050124, 8.23546588417517], [-77.0789985302579, 8.23545109752209], [-77.0790069317245, 8.23543541334565], [-77.0790143340442, 8.23541928400474], [-77.0790206427884, 8.2354026222652], [-77.0790257734207, 8.2353856979236], [-77.0790279740617, 8.23537710310284], [-77.0792192337806, 8.23456045663177], [-77.0792210710955, 8.23455177367743], [-77.079222119705, 8.23454652793193], [-77.0793586790597, 8.23378429044469], [-77.0793605802265, 8.23377199581298], [-77.0793623509917, 8.23375437359753], [-77.0793629427455, 8.23373667134231], [-77.0793629499402, 8.23292001138147], [-77.0793623626828, 8.23290222638872], [-77.0793605991123, 8.23288463205217], [-77.0793576556313, 8.2328670458096], [-77.0793536293664, 8.23284982918829], [-77.0793485158213, 8.23283280052541], [-77.0793422268623, 8.23281623321464], [-77.0793348533208, 8.23280003372663], [-77.0793270400109, 8.23278546381015], [-77.0789991453942, 8.23221379806041], [-77.0789985923112, 8.23221271887395], [-77.0789891431345, 8.23219761925682], [-77.0789787919377, 8.23218324898985], [-77.0789674487887, 8.23216951904016], [-77.0789552953506, 8.23215651574268], [-77.0784024092438, 8.23160576642509], [-77.0775079489326, 8.23088076266919], [-77.077505847217, 8.23087843072712], [-77.0770959865905, 8.23068789406317], [-77.0767134338778, 8.23052451242843], [-77.0763582313473, 8.23033401713334], [-77.076247258604, 8.23031823133343], [-77.0760533225028, 8.23021412131679], [-77.0760446773199, 8.23020967057201], [-77.0760283977923, 8.23020238786209], [-77.0760117630324, 8.23019610070165], [-77.0759946849067, 8.23019099075376], [-77.0759773423804, 8.23018696628762], [-77.0759708978386, 8.23018575130353], [-77.0749998719465, 8.23001746296774], [-77.0749888003927, 8.23001582979889], [-77.0749710234939, 8.23001406532903], [-77.0749532528903, 8.23001347537373], [-77.0749354013477, 8.23001406083237], [-77.0749176487305, 8.230015819007], [-77.0749000867695, 8.23001874899823], [-77.0748893173881, 8.23002108723555], [-77.0736649875491, 8.23031548210597], [-77.0736584746588, 8.23031715664363], [-77.0736516011405, 8.23031910367584], [-77.0725126025745, 8.23065529993426], [-77.0706348739002, 8.23119566208225], [-77.0696175275268, 8.23131720545678], [-77.0689119788047, 8.23131722793983], [-77.0684076623836, 8.23117361790027], [-77.0679531108473, 8.23082537882028], [-77.0677314369562, 8.23034681718403], [-77.0674390259902, 8.22959752363896], [-77.0674368091614, 8.22959203147922], [-77.0674294365193, 8.22957583289053], [-77.0674209792947, 8.22956018288828], [-77.0674116209495, 8.22954508237183], [-77.067401270652, 8.22953071210485], [-77.0674009963589, 8.22953044230825], [-77.0669788599864, 8.22898366259813], [-77.0669677911306, 8.22897020154575], [-77.0669556376925, 8.22895719734897], [-77.0669425867309, 8.22894510416542], [-77.0669288154124, 8.22893382846562], [-77.0669143255357, 8.22892346198036], [-77.0668992088314, 8.22891409284332], [-77.0668834644003, 8.228905722853], [-77.0668678215927, 8.22889861461155], [-77.0663611948132, 8.22868837649955], [-77.0663606489248, 8.22868811030024], [-77.0663440141649, 8.22868191217272], [-77.0663269360392, 8.22867671229263], [-77.0663095926135, 8.2286726878265], [-77.0663066878034, 8.22867207718681], [-77.0656311953234, 8.22854590050511], [-77.0656164932066, 8.2285435721603], [-77.0655988062399, 8.2285418976227], [-77.0655810356362, 8.2285413067681], [-77.0655631831943, 8.22854189132741], [-77.0655454314764, 8.22854355867051], [-77.0655278695155, 8.22854648866174], [-77.0655275970209, 8.22854658039259], [-77.064894330409, 8.22867265635021], [-77.064877228901, 8.22867666732653], [-77.064860228117, 8.22868184922018], [-77.0648435061229, 8.22868811479688], [-77.0648273363125, 8.22869536872847], [-77.064811626955, 8.22870379447672], [-77.0647964697812, 8.22871311684903], [-77.0647819547234, 8.22872351930718], [-77.0647681708144, 8.22873472845717], [-77.0647644799967, 8.22873818724969], [-77.0645947950138, 8.22874947284211], [-77.0642364007892, 8.22874943057396], [-77.0640214025656, 8.22874949442584], [-77.0637920637527, 8.22873512775615], [-77.0636702595748, 8.22859236667657], [-77.0636702451856, 8.22856636008166], [-77.0636702038168, 8.22846387064332], [-77.0636773696149, 8.22827102631901], [-77.0638565838142, 8.2279711626712], [-77.0641361056967, 8.22764273925327], [-77.0643570772173, 8.22741164496368], [-77.0643981132823, 8.22734803951267], [-77.0648830511119, 8.2269020531195], [-77.0653240183887, 8.22673307320499], [-77.0656606121475, 8.22676361777898], [-77.0659286182111, 8.22693048338735], [-77.0663778565528, 8.2272966459557], [-77.0669249762066, 8.22775788664937], [-77.0669350998749, 8.22776602821188], [-77.0669495888524, 8.22777639469706], [-77.066964706456, 8.22778576383415], [-77.0669804490884, 8.22779413472374], [-77.0669966377845, 8.22780141833299], [-77.0670132716451, 8.22780770729206], [-77.0670303506701, 8.22781281634064], [-77.0670348014149, 8.22781395758027], [-77.0677102462308, 8.22798221264122], [-77.0677232288439, 8.22798509586771], [-77.0677407449394, 8.22798803575148], [-77.0677585236369, 8.22798970849048], [-77.0677762933412, 8.22799029844571], [-77.0677941448839, 8.22798971478572], [-77.0678118066695, 8.22798804744262], [-77.067829459462, 8.22798511655213], [-77.067846742633, 8.22798110557577], [-77.0678531637924, 8.22797934200526], [-77.0685708155906, 8.227769016659], [-77.068581486946, 8.22776568557013], [-77.0685982080408, 8.22775942179209], [-77.0686144677834, 8.22775207523033], [-77.0686301762416, 8.22774374121292], [-77.0686452434832, 8.22773432890835], [-77.0686597594403, 8.22772401638246], [-77.0686735415506, 8.22771271640094], [-77.06868650258, 8.22770061062692], [-77.0691509151825, 8.22723797868202], [-77.0691631441637, 8.22722497448525], [-77.0691744621317, 8.2272112544281], [-77.0691847773555, 8.22719691114078], [-77.0691941815662, 8.22718176026223], [-77.0691990100262, 8.22717305572417], [-77.06956787146, 8.22647906508903], [-77.0701443252004, 8.22574063625365], [-77.0701454016889, 8.22573927468005], [-77.0701558077443, 8.22572484056123], [-77.0701652128542, 8.22570978051425], [-77.0701736152201, 8.22569409543844], [-77.0701810175399, 8.22567796609753], [-77.0701872363518, 8.22566130615667], [-77.0701924578157, 8.22564438091577], [-77.0701936017532, 8.22563994815739], [-77.0703202424851, 8.22513522434345], [-77.0703231374028, 8.22512237932667], [-77.0703259972469, 8.22510484074812], [-77.070327768012, 8.22508721853265], [-77.0703283597659, 8.22506942634523], [-77.070327773408, 8.2250517312847], [-77.0703260089381, 8.22503404521731], [-77.0703231589866, 8.22501654800758], [-77.0703202514784, 8.22500365802469], [-77.0702357880511, 8.2246671991642], [-77.0702346665965, 8.22466278349298], [-77.0702294640185, 8.22464575572938], [-77.0702231759587, 8.22462918841862], [-77.0702158932488, 8.22461298803129], [-77.0702074369236, 8.22459733892836], [-77.0701980794777, 8.22458223751259], [-77.0701876383488, 8.22456786724563], [-77.0701763860313, 8.22455413549727], [-77.0701642343919, 8.22454113399844], [-77.0701511807324, 8.22452903991556], [-77.0701374094139, 8.22451776421575], [-77.0701229204364, 8.22450739862989], [-77.0701143597899, 8.22450195413419], [-77.0695655512092, 8.22416543232117], [-77.0695589960508, 8.22416159851132], [-77.0695432534184, 8.224153228521], [-77.0695270629236, 8.22414585408023], [-77.0695103391308, 8.22413965775133], [-77.0694933509374, 8.22413445697198], [-77.0694760075117, 8.22413043250576], [-77.0694584023833, 8.22412758255421], [-77.0694406245851, 8.22412581988299], [-77.0694228557802, 8.22412522992778], [-77.0694050033382, 8.22412581358776], [-77.0693890619556, 8.22412728667728], [-77.0687136135424, 8.22421142005333], [-77.0687118032071, 8.22421161340758], [-77.0686942412462, 8.22421454429814], [-77.0686768681429, 8.22421855527443], [-77.0686613143681, 8.22422327761449], [-77.0680597875291, 8.22442298376602], [-77.0676240624005, 8.22445638818412], [-77.0671961541792, 8.22422678047387], [-77.0669603096705, 8.22392467751423], [-77.0666792769271, 8.22320455437906], [-77.0666770591989, 8.22319906132], [-77.0666696883554, 8.22318295266351], [-77.0666613228617, 8.22316730266128], [-77.0666589369603, 8.22316334834225], [-77.0662790516369, 8.22253245054456], [-77.0662719892609, 8.2225213070451], [-77.0662615481319, 8.22250684594655], [-77.0662504792762, 8.22249338309552], [-77.06565945472, 8.22182044109288], [-77.0656592712583, 8.22182017309491], [-77.0656470287873, 8.22180726062898], [-77.0656340668586, 8.22179507571458], [-77.0656202955402, 8.22178389084628], [-77.0656058065627, 8.22177352346177], [-77.0655906907578, 8.22176415432469], [-77.065574947226, 8.22175578343508], [-77.0655636688282, 8.22175053948821], [-77.0648881961333, 8.22145612932931], [-77.0648832858349, 8.22145399793608], [-77.064866653773, 8.22144780070785], [-77.0648495738487, 8.22144259992844], [-77.0648322304231, 8.22143857546231], [-77.0648238811172, 8.22143710237279], [-77.0640639243106, 8.2213108231684], [-77.0640547584204, 8.22130944720565], [-77.0640369815214, 8.22130777266798], [-77.0640192127165, 8.22130718271275], [-77.0640013602745, 8.22130776637274], [-77.0639836993882, 8.22130952364805], [-77.0639660465958, 8.22131236370702], [-77.0639487634247, 8.22131637468337], [-77.0639316727084, 8.22132155927496], [-77.0639150406466, 8.22132782305304], [-77.0639100727916, 8.22132993735917], [-77.0632345668218, 8.2216242773709], [-77.0632232758335, 8.22162950872724], [-77.0632075682746, 8.22163793267687], [-77.063195296126, 8.22164533949329], [-77.0623733751311, 8.22217753309905], [-77.0617650053507, 8.22241999212132], [-77.0617624737591, 8.22242100475795], [-77.0610447266328, 8.22271538613852], [-77.0610441852409, 8.22271566043178], [-77.061042739131, 8.22271621261551], [-77.0603115768178, 8.22302288413116], [-77.0598696553603, 8.22295518856349], [-77.0592700989359, 8.22271619013245], [-77.0585766748736, 8.22240916788121], [-77.0581790756038, 8.22190490092282], [-77.0579195915159, 8.2212401382542], [-77.0579572416333, 8.22056558736442], [-77.058120661939, 8.21987384863169], [-77.058122678219, 8.21986462338614], [-77.058124247536, 8.21985630465722], [-77.058208668695, 8.21935162221208], [-77.0582100491544, 8.21934240056383], [-77.0582118217181, 8.21932477924767], [-77.058212413472, 8.21930698526163], [-77.0582118280135, 8.21928929199974], [-77.0582100644429, 8.21927160593235], [-77.0582071236598, 8.21925410872267], [-77.0582030964957, 8.21923680126983], [-77.0582018860082, 8.21923247553079], [-77.0580330679717, 8.21864370557507], [-77.0580290749818, 8.21863100265115], [-77.0580240801472, 8.21861749483402], [-77.0577801633239, 8.21800986699431], [-77.0576973600451, 8.21769984820198], [-77.0576640257742, 8.21703521323706], [-77.0576906645925, 8.21645140394175], [-77.0578726684888, 8.21637889969904], [-77.0584429906515, 8.21615163022617], [-77.0588650245012, 8.21576625993757], [-77.059251869678, 8.21513562384257], [-77.0598497191892, 8.21450504890152], [-77.0604476064718, 8.21404965559978], [-77.0613618401768, 8.2141548457022], [-77.0623113713726, 8.21443513380701], [-77.0634717854945, 8.21450526114155], [-77.0642102574973, 8.21433019371609], [-77.0644353964763, 8.21430522403952], [-77.0648034053528, 8.21422338753197], [-77.0649131748031, 8.21440579072733], [-77.0650500794976, 8.21475053054521], [-77.0650961868395, 8.21503770296027], [-77.0651653770805, 8.21540534041671], [-77.0652575899658, 8.21554317590947], [-77.065442126353, 8.21577297157799], [-77.0657188423506, 8.21600280411869], [-77.0660762931864, 8.21629000980871], [-77.0665250827663, 8.21659820747385], [-77.0668611809987, 8.21691446576255], [-77.0672532791155, 8.21715635191667], [-77.0676827980226, 8.21732382366808], [-77.0681122683665, 8.21747260211143], [-77.0685605075614, 8.21765871680887], [-77.0690086010661, 8.21778893504385], [-77.0694381199732, 8.21795640319797], [-77.0699050030134, 8.21799356408425], [-77.070371780833, 8.21795640679524], [-77.070782639707, 8.21771450535269], [-77.0711934428231, 8.21741689090934], [-77.0714175997424, 8.21700761034549], [-77.0714922398749, 8.21654246479551], [-77.071473614016, 8.21607738219804], [-77.0713055334236, 8.2156494407017], [-77.0710441562628, 8.21527736778894], [-77.0708013510015, 8.21486813219115], [-77.0708722292699, 8.21421564526846], [-77.0711778629679, 8.21372087784891], [-77.0715598167321, 8.21321452626204], [-77.0718927619414, 8.21294169083905], [-77.0722865750653, 8.21318301761487], [-77.1129200666077, 8.25104150079614], [-77.1127529213102, 8.25101757613175], [-77.1125285602448, 8.25100266177492], [-77.1123806451506, 8.25100441455358], [-77.1122500105295, 8.25101380257643], [-77.1121231440678, 8.25102984378372], [-77.1119954205522, 8.25105248331693], [-77.1118643965247, 8.25108182909464], [-77.1116835752368, 8.2511306038258], [-77.1113792113815, 8.25122736008608], [-77.11052036872, 8.25152308505377], [-77.1098432781448, 8.25174952894904], [-77.1094515595418, 8.25187340246701], [-77.1091081417274, 8.25197180718462], [-77.1087972901628, 8.25204991959956], [-77.1084840032341, 8.25211766552931], [-77.1074654958359, 8.25230172347717], [-77.1072217624743, 8.25234989026666], [-77.1070149058132, 8.25239615319137], [-77.1068282767036, 8.25244415810285], [-77.1066167471651, 8.25250770150066], [-77.1064262779503, 8.25257532961921], [-77.106271492935, 8.2526390771631], [-77.1061510035659, 8.2526950689537], [-77.1060342625711, 8.25275563829347], [-77.1059347193118, 8.25281264541866], [-77.1057463904835, 8.25293515826239], [-77.1055998306676, 8.25304362909161], [-77.1054754139591, 8.25314335491332], [-77.1052135385739, 8.25336827625636], [-77.1048406958414, 8.25369769882113], [-77.1044981881408, 8.25401127083484], [-77.1042960834974, 8.25421759150005], [-77.1042004513897, 8.25432414137743], [-77.1039635834526, 8.25460747728463], [-77.1038167583367, 8.25477626924084], [-77.1037108757563, 8.25488190360834], [-77.1036130681885, 8.25496463314265], [-77.1034376284438, 8.25507774537298], [-77.1032852536115, 8.25514869738583], [-77.1031755758921, 8.25518465138191], [-77.1030584940542, 8.25521244582909], [-77.1028933371578, 8.25523563574732], [-77.1026285668548, 8.25524756975088], [-77.1020897155679, 8.25523900190976], [-77.101931049978, 8.25524579808647], [-77.1017631510485, 8.25526621089827], [-77.1015600256746, 8.25531469964502], [-77.1013821055997, 8.2553881005118], [-77.1012274995495, 8.25548751157076], [-77.1010900678523, 8.25561641139957], [-77.100963249954, 8.25578216094932], [-77.1008743097016, 8.25593453128494], [-77.1008053487878, 8.25607988780794], [-77.1007545146092, 8.25620117937224], [-77.1006163751455, 8.25655862481198], [-77.1005054842407, 8.25681617535752], [-77.1004480508369, 8.25692803573155], [-77.1003846045658, 8.25703578800254], [-77.1003157596645, 8.25713698871236], [-77.1002402579815, 8.25723291309971], [-77.1001568404658, 8.2573249236376], [-77.1000655961503, 8.25741274873067], [-77.0999645456272, 8.25749857193281], [-77.0998126753147, 8.25761223005162], [-77.0993033604617, 8.25794782646228], [-77.0990987161328, 8.25809484043579], [-77.0989738623538, 8.25819727771345], [-77.0988699052219, 8.25829422822732], [-77.098774867566, 8.25839589928257], [-77.0986911820524, 8.25850037172601], [-77.0986196499769, 8.25860583702103], [-77.0985443830168, 8.25881607603235], [-77.0984728374514, 8.25891973458929], [-77.0983687741995, 8.25906237695838], [-77.0982125826445, 8.25919204840553], [-77.0980758659085, 8.25924843409919], [-77.0973933551192, 8.25869446790664], [-77.0973850561754, 8.25868793882855], [-77.0973697443182, 8.25867685738232], [-77.0970109148219, 8.25843115900205], [-77.0968076266706, 8.25829191966761], [-77.0966951853345, 8.25821493230455], [-77.0960458325491, 8.25772978942952], [-77.095441792105, 8.25708799994253], [-77.09490841679, 8.25639330333962], [-77.0944481788404, 8.25568477876086], [-77.0944452452518, 8.25568037657947], [-77.0944314109808, 8.2556610663365], [-77.0944163158603, 8.25564285056841], [-77.0944000498224, 8.2556255458136], [-77.0943845302219, 8.25561094352159]]]}, "properties": {"FID": 680, "TIPO_ACTO_": "RESOLUCION", "NUMERO_ACT": "101", "FECHA_ACTO": 396576000000, "AREA_ACTO_": 980, "NUMERO_PLA": "G-139802 del INCORA", "PUEBLO": "Katio", "DEPARTAMEN": "27", "MUNICIPIO": "27006", "ID": "10349", "NOMBRE": "Catio (Rio Tanela)", "CODIGO_DAN": "1269", "GlobalID": "f7425ec4-c622-4bed-8a2a-eaac4b69dbcd", "Shape__Area": 10549333.474609375, "Shape__Length": 21180.65399093593, "FECHA_ACTO_ISO": "1982-07-27"}}, {"type": "Feature", "id": 231, "geometry": {"type": "MultiPolygon", "coordinates": [[[[-76.4011084325081, 8.14930460615736], [-76.3998183739188, 8.1490111348907], [-76.3984205126965, 8.14908022890414], [-76.3967475587528, 8.14879925551593], [-76.395088743051, 8.14846769796061], [-76.3932664656748, 8.14822502849701], [-76.3917099919226, 8.14798409202695], [-76.3900053332795, 8.14773963471114], [-76.3906072126527, 8.14615915085894], [-76.3911041114656, 8.14454166260248], [-76.3925134030711, 8.14459697540491], [-76.3938716383654, 8.14456882032967], [-76.3945688368823, 8.14458828435673], [-76.3962140989015, 8.14477463377717], [-76.3979128319116, 8.14494618305474], [-76.3995381577597, 8.14474501010898], [-76.3996316341925, 8.14480997713361], [-76.4013104598098, 8.14490785125115], [-76.4014482647256, 8.14568891334747], [-76.4010503659816, 8.14808914633178], [-76.4011084325081, 8.14930460615736]]], [[[-76.3526318221009, 8.20792229211293], [-76.3514629624457, 8.20751668797761], [-76.3511913096312, 8.20740034897979], [-76.3500794409134, 8.20684505448859], [-76.349677273987, 8.20764304452376], [-76.3508421424509, 8.20824772168786], [-76.3502907842922, 8.20913153132792], [-76.349152818148, 8.20797526937604], [-76.3484157859597, 8.20895544946725], [-76.3480363628878, 8.20857345073697], [-76.3480516324768, 8.20846208049342], [-76.3485312679036, 8.20771793376849], [-76.348789415599, 8.20695267365986], [-76.3490897495922, 8.20587945150839], [-76.3497551741619, 8.20449691743177], [-76.3498516390418, 8.20376982455073], [-76.3502792594802, 8.20249286818431], [-76.352162390382, 8.20361048896588], [-76.3533582971477, 8.20402293244537], [-76.3530211476078, 8.20570426717108], [-76.3534717313353, 8.2058273618762], [-76.3533801668612, 8.20757795968796], [-76.3529987796699, 8.20752496533773], [-76.3529771932428, 8.20790022364923], [-76.3533998629133, 8.20808259896562], [-76.3534177216505, 8.20827539652519], [-76.3534301898513, 8.2096980502576], [-76.3526252390635, 8.20933082199265], [-76.3526318221009, 8.20792229211293]]], [[[-76.3911182101372, 8.14065481610189], [-76.3890734117085, 8.14026852670615], [-76.3867196619828, 8.13963508742439], [-76.3870300935639, 8.13881937265094], [-76.3873162182688, 8.13804596378525], [-76.3884358724175, 8.13816405376314], [-76.3898436234844, 8.13844863343272], [-76.3916905413853, 8.13870237894665], [-76.3936495732691, 8.13892367602183], [-76.3958180761433, 8.13890086112088], [-76.3977699440276, 8.13853052569826], [-76.3994240041145, 8.13867609176325], [-76.4003249584301, 8.13911672808957], [-76.4032806190053, 8.13782006937578], [-76.4028566435193, 8.13844759111847], [-76.4018272651161, 8.14025073901539], [-76.4003886574106, 8.13966213003829], [-76.3997072752705, 8.14016990345326], [-76.3964196893172, 8.14061061082603], [-76.3947242918925, 8.1406063750192], [-76.3911182101372, 8.14065481610189]]]]}, "properties": {"FID": 231, "TIPO_ACTO_": "ACUERDO", "NUMERO_ACT": "225", "FECHA_ACTO": 1653350400000, "AREA_ACTO_": 107.3524, "NUMERO_PLA": "ACCTI 05665544", "PUEBLO": "Zenú", "DEPARTAMEN": "05", "MUNICIPIO": "05664", "ID": "10806", "NOMBRE": "Rio Alto De San Juan (Compuesto Por 3 Comunidades: Ebano Tacanal, El Polvillo Y Naranjal)", "CODIGO_DAN": "1905", "GlobalID": "881e221c-5473-4eef-b627-121453986072", "Shape__Area": 1102512.9399414062, "Shape__Length": 10534.332179855353, "FECHA_ACTO_ISO": "2022-05-24"}}, {"type": "Feature", "id": 85, "geometry": {"type": "MultiPolygon", "coordinates": [[[[-76.574067111408, 7.98860505731734], [-76.5737871929246, 7.98801751313752], [-76.5732994132373, 7.98937863165831], [-76.5729977797237, 7.9902446536076], [-76.5682204128418, 7.99059239806048], [-76.5677940838299, 7.98960053397721], [-76.5678814062019, 7.98954512404803], [-76.5690128954287, 7.98891503114357], [-76.5696871540389, 7.9885427190111], [-76.5711489822397, 7.98781732584875], [-76.5716961864298, 7.98755315809159], [-76.571404689175, 7.98730095491498], [-76.5711896549786, 7.98730068871565], [-76.5710670719877, 7.98719541407695], [-76.5707587466188, 7.98716639475317], [-76.5706467729302, 7.98698237097949], [-76.570360275906, 7.98649165950238], [-76.5704160491613, 7.98629132832205], [-76.5703604395826, 7.98609350535085], [-76.5703511378946, 7.98588378075179], [-76.5703743853696, 7.98570402695917], [-76.5703786013913, 7.98539286332986], [-76.5705529484597, 7.98508093977348], [-76.5703424162695, 7.98491534310855], [-76.5699354082924, 7.9848191201462], [-76.5695646447925, 7.98456066937929], [-76.5696667834952, 7.9843164126123], [-76.5699020146662, 7.98420619529961], [-76.5702476601014, 7.98395226632402], [-76.5706167148895, 7.98384220369472], [-76.5709285476144, 7.98390172172701], [-76.5711783478025, 7.98395759480709], [-76.5712711110729, 7.983961562616], [-76.5714729423224, 7.98394456722796], [-76.5716630482111, 7.98393140385113], [-76.5718829243575, 7.98391034082954], [-76.5719800790174, 7.98350962810684], [-76.5720863375144, 7.98309004940621], [-76.5720824848188, 7.98302734507589], [-76.571957614852, 7.98278339227972], [-76.5716092507662, 7.9821020434146], [-76.5713877324578, 7.98123907826091], [-76.571244437181, 7.98067237856744], [-76.571174006775, 7.98041687218094], [-76.5712394711247, 7.98018382456393], [-76.5712355671677, 7.98014241438101], [-76.5711704148827, 7.97995253961807], [-76.5711359897341, 7.97982608864316], [-76.5710984430387, 7.97973218323375], [-76.5711857896924, 7.97961135571956], [-76.5713056045699, 7.97938088106289], [-76.5713134286718, 7.97929245612205], [-76.5713693907847, 7.97910097516998], [-76.5713695175891, 7.97899893898996], [-76.5713623886633, 7.97855290133547], [-76.5713529862513, 7.97837836900664], [-76.5712677745881, 7.97795281251239], [-76.571686851467, 7.97782045479028], [-76.5723407710097, 7.97761870268114], [-76.5724163707189, 7.97763387244539], [-76.572613905907, 7.97769148931095], [-76.5727756246953, 7.97773584477359], [-76.5729442304918, 7.97773991600446], [-76.5730835435707, 7.9776629870973], [-76.5732856203351, 7.97754628927], [-76.5733532538496, 7.97748864182753], [-76.5734609710469, 7.9773853528919], [-76.5735923350182, 7.97726048472375], [-76.5736589630906, 7.97708280386845], [-76.5738465203006, 7.97655631196441], [-76.5742037669902, 7.97618198445123], [-76.5745109843943, 7.9759385514632], [-76.5750855558537, 7.97550377601864], [-76.5750489768288, 7.97495970686519], [-76.5752307855723, 7.9744420040355], [-76.5753062296987, 7.97420453175398], [-76.5750936623426, 7.97425871500792], [-76.5745758390037, 7.97440755640383], [-76.5745599506811, 7.97438611566697], [-76.5744539502895, 7.97428788991445], [-76.5741011246672, 7.97405966086492], [-76.5735751255916, 7.97354186000913], [-76.5732967179691, 7.97347833549706], [-76.5729528657821, 7.97317479542077], [-76.5724929884606, 7.97228003293749], [-76.5720962984054, 7.9720692642255], [-76.5720316353517, 7.97181963490854], [-76.5719814145106, 7.97173467055896], [-76.5719369942968, 7.97167676411174], [-76.5716340126995, 7.97138739375355], [-76.5714578606917, 7.97116159107492], [-76.5707180325111, 7.97019805383749], [-76.5702778287588, 7.9696165378134], [-76.5702724571082, 7.96958053075727], [-76.5703488913882, 7.96943050315558], [-76.5704397723775, 7.96923260733939], [-76.5704381068331, 7.96902340074979], [-76.5704942236295, 7.96862007010062], [-76.5705365736039, 7.96841223048047], [-76.5705978803878, 7.96829987547935], [-76.5707307606161, 7.96804149126226], [-76.5707895367077, 7.9679013535051], [-76.5684043502805, 7.96510415797106], [-76.5679119112057, 7.96454495952284], [-76.5674987149937, 7.96405627331894], [-76.5683789102584, 7.96396649309973], [-76.5690029102561, 7.96390446775757], [-76.5694108966955, 7.96386310883598], [-76.56992088604, 7.96381589262995], [-76.5705539260229, 7.96375387178433], [-76.571099932316, 7.96369174751675], [-76.5719853895141, 7.96360671841592], [-76.5726421877867, 7.96354432165374], [-76.5730926195287, 7.96403451242337], [-76.5736543477699, 7.96465144644767], [-76.5741873453696, 7.96523391845114], [-76.5746532319611, 7.9657320772141], [-76.5752532839119, 7.96639113278505], [-76.5756409996324, 7.96682271383767], [-76.5760201636996, 7.96703053727], [-76.576220403149, 7.9670614973307], [-76.5765445763711, 7.96712501195022], [-76.5767321048028, 7.96717294491595], [-76.5768736383078, 7.96724561643254], [-76.5771872211133, 7.96741500913583], [-76.5773203900239, 7.96749258645415], [-76.5773715533545, 7.96752667975294], [-76.577477693141, 7.96766046919577], [-76.5775894590863, 7.96777119642404], [-76.577684767438, 7.96782509369358], [-76.5778575334983, 7.96793958188668], [-76.5779385255425, 7.96806721007411], [-76.5781383000425, 7.96837153435925], [-76.5781634738652, 7.96838763851913], [-76.5783235082233, 7.96843590423403], [-76.5784708207717, 7.96846304397476], [-76.5783890472167, 7.96871012641164], [-76.5785939154768, 7.96953957203401], [-76.5787251130735, 7.96967260874429], [-76.5794221101422, 7.97034034726961], [-76.5797304175247, 7.97039451793303], [-76.5803638370214, 7.9705062901735], [-76.581070651989, 7.97062173704389], [-76.5815316228861, 7.97117033338452], [-76.5819027946782, 7.9716655693509], [-76.581946446871, 7.97194783416554], [-76.5819901970899, 7.9722789528517], [-76.5820492636626, 7.97269664387533], [-76.5820629144719, 7.97273567715008], [-76.5822355258488, 7.97302901171979], [-76.5823163650082, 7.97317140048003], [-76.5823861290166, 7.97322562690144], [-76.5826839700891, 7.9734330402429], [-76.5829340247854, 7.97352350304752], [-76.5832579668816, 7.97362329362036], [-76.5835069504853, 7.97377453620613], [-76.584027847707, 7.9740827446632], [-76.5843953997279, 7.97474491368705], [-76.5847095922738, 7.97505696494721], [-76.5847915537871, 7.97530689283903], [-76.585006745365, 7.97592436106062], [-76.5843733069825, 7.97635439437999], [-76.583991913496, 7.97661468875706], [-76.5834515315629, 7.97697861471145], [-76.5832286795599, 7.97712871515821], [-76.5830953874422, 7.97716854613166], [-76.5827170894221, 7.97726556499397], [-76.5824598059752, 7.97727385224667], [-76.5821489966788, 7.97728071497319], [-76.5820960050266, 7.97741669426519], [-76.5819296070656, 7.97788224540943], [-76.5819278309046, 7.97816282039798], [-76.581775438086, 7.97834581444789], [-76.5817534982253, 7.97840826876671], [-76.5817244672103, 7.97850335318729], [-76.581711291243, 7.97859881622252], [-76.5817184237662, 7.97868980243258], [-76.5817398492146, 7.97884351545598], [-76.5817541448379, 7.97895284333917], [-76.5817672479601, 7.9790038978517], [-76.5818238449944, 7.97909818817097], [-76.581876013767, 7.97915031917202], [-76.5820839082457, 7.9793451716824], [-76.582120773255, 7.97944590204686], [-76.5821527837239, 7.97962612258756], [-76.5821325372867, 7.97978742678839], [-76.5821067123549, 7.97988491689545], [-76.5820861151821, 7.9799195138146], [-76.5820437193422, 7.97998523986698], [-76.5819791507172, 7.98006426329522], [-76.5818752772223, 7.98008591267478], [-76.5817657326024, 7.98016579045895], [-76.5817292111341, 7.98023548342092], [-76.5817019733673, 7.98028820257854], [-76.5816722606663, 7.98032478430143], [-76.5816309943749, 7.98035591433402], [-76.58157592349, 7.9803904923674], [-76.5815308170935, 7.98043968977991], [-76.5814294140362, 7.98055781213335], [-76.5813770393189, 7.98068644036696], [-76.5813565851383, 7.9807848711649], [-76.5813594296939, 7.98084597739997], [-76.5814067106512, 7.98107590706747], [-76.5814380196488, 7.98127610245019], [-76.5814266621107, 7.98133375978523], [-76.5814050684891, 7.98137953437806], [-76.5813931075058, 7.98142340870339], [-76.5817068512901, 7.98207100960944], [-76.581859068741, 7.98240418054851], [-76.582082292164, 7.9828765494532], [-76.5825335548796, 7.98309571783309], [-76.582205526264, 7.98395203879548], [-76.5818386109631, 7.98492226788824], [-76.5816508226273, 7.98542010019735], [-76.5814991582595, 7.98581320015897], [-76.5813237832659, 7.98627333378717], [-76.5816434418913, 7.98627956608898], [-76.5818220445517, 7.98627834660833], [-76.582307986924, 7.98627462161638], [-76.5824440273699, 7.98622575605369], [-76.5827219898279, 7.98612850606557], [-76.5830115283593, 7.98603411951891], [-76.5832103486786, 7.98596401736539], [-76.5835992577994, 7.9858310058361], [-76.5839304754111, 7.98571898898007], [-76.5839947688435, 7.98561729993831], [-76.5840628610122, 7.98549632853264], [-76.5841468352082, 7.98521326691868], [-76.5842982036991, 7.98473672695833], [-76.5843692105706, 7.98468306710977], [-76.5845636907617, 7.98454268833435], [-76.5847955476763, 7.9843837502498], [-76.5849563356663, 7.98428955885598], [-76.5850519219086, 7.98426408376041], [-76.5851665935634, 7.98425707714237], [-76.5853110004023, 7.98425724981215], [-76.5853702288529, 7.98424108989432], [-76.5853948549885, 7.98421506980955], [-76.5854091703969, 7.98414601446693], [-76.5854092306514, 7.98409491318964], [-76.5853961167373, 7.98403795103055], [-76.5852763836981, 7.98381441104618], [-76.5851500136621, 7.98367665289514], [-76.585128536053, 7.98362078700967], [-76.5850726953486, 7.98355029994632], [-76.5850291870473, 7.98353867890688], [-76.584991447897, 7.98350375913117], [-76.5849400354542, 7.98342525551113], [-76.5848885789447, 7.98333666869229], [-76.5848627702006, 7.98325629718034], [-76.5847660858861, 7.98308174146917], [-76.5846538504948, 7.98295952180445], [-76.5846041890321, 7.98288010177528], [-76.5845958739004, 7.98282438697586], [-76.5846200791533, 7.98274384009615], [-76.5846811512141, 7.98262965947122], [-76.5846623302023, 7.98252063825682], [-76.5846479455462, 7.98243541490249], [-76.5846130329651, 7.98235976842856], [-76.5845191104685, 7.98224714003348], [-76.5843149499749, 7.98204600485929], [-76.5841939246099, 7.98188762165641], [-76.5840949847957, 7.98182508729797], [-76.5835250142679, 7.98166364909816], [-76.5833137239492, 7.98152573446509], [-76.5831019542917, 7.98143705501611], [-76.582663581559, 7.98125877611165], [-76.5825563014321, 7.98116789782024], [-76.5825277839301, 7.98108727989411], [-76.582509646403, 7.9810611761724], [-76.5823845704915, 7.98082545307225], [-76.5822841701783, 7.98070720571302], [-76.5822744781846, 7.98067601632514], [-76.5822445172706, 7.98043762133918], [-76.5821882502875, 7.98028170407746], [-76.5820822067284, 7.98011411451483], [-76.5820752468751, 7.9800196200495], [-76.5821016347826, 7.97992268662278], [-76.5821311487335, 7.97988146439814], [-76.582504572428, 7.97959977784758], [-76.5832659645526, 7.9790456983404], [-76.5837538629504, 7.97868482918162], [-76.584032815562, 7.97838829122679], [-76.5847362517766, 7.97767203157913], [-76.5859708662624, 7.97712382374566], [-76.5860444227119, 7.97722066903881], [-76.5864026586557, 7.97768283873216], [-76.5867608775124, 7.97813540006876], [-76.5872245014096, 7.97873879210167], [-76.5876248427123, 7.97925385632052], [-76.5877700517465, 7.97939176285965], [-76.588211065788, 7.97983005015675], [-76.5884753540543, 7.98008933909182], [-76.5887478252519, 7.98019096877827], [-76.5888151736813, 7.98038844101379], [-76.5888209275437, 7.98056319547512], [-76.5887619203263, 7.98084006165957], [-76.588655049391, 7.9812486353563], [-76.5884340221124, 7.98139474730978], [-76.5883424747254, 7.9814678163267], [-76.5881045797625, 7.98169118813784], [-76.588089928907, 7.98187575600138], [-76.5880583141399, 7.98191767250261], [-76.5879554577781, 7.98202709571392], [-76.5879165108383, 7.9820529107532], [-76.5877379828216, 7.98213081902205], [-76.5876735553902, 7.98223716924995], [-76.5875973567326, 7.98237663341487], [-76.587579209313, 7.98256829782868], [-76.5873208511763, 7.98277143939039], [-76.5873132878779, 7.98310236562162], [-76.5870640416721, 7.98313207112814], [-76.5871240642242, 7.98344159799132], [-76.5868967713689, 7.98365216615452], [-76.5867971084997, 7.9839153329662], [-76.5868804873446, 7.98408085498744], [-76.5870346689148, 7.98439515814995], [-76.5870426944647, 7.98443309515116], [-76.586915135525, 7.98481900053635], [-76.5869293052432, 7.98504822333672], [-76.5869468734994, 7.98540833796431], [-76.586984800608, 7.98583104720494], [-76.5870134754915, 7.98593755391486], [-76.5870334746151, 7.98614056327628], [-76.5869872917301, 7.98622531268793], [-76.5869494041916, 7.98627711363778], [-76.5868716820824, 7.98632942450321], [-76.5867210843106, 7.98646720513729], [-76.5865670969939, 7.9866574153473], [-76.5864122283416, 7.98684245805283], [-76.5861335868955, 7.987117164965], [-76.5858845457352, 7.98738635723445], [-76.5857972116719, 7.98752908144177], [-76.5857388330806, 7.98755576432687], [-76.5856473360557, 7.98756868218877], [-76.585304442546, 7.98755990480559], [-76.5851084946613, 7.98756086887883], [-76.5844008334317, 7.98766935679519], [-76.5843363070749, 7.98805603829535], [-76.5842312923402, 7.98857499567932], [-76.5841612441461, 7.98894930430674], [-76.5840732544771, 7.98938755203368], [-76.5839851155206, 7.98985026491756], [-76.5839262063293, 7.99008989287399], [-76.583858321904, 7.99019855975551], [-76.5834894550742, 7.98982283559517], [-76.5830764926859, 7.98975770489394], [-76.5825135152865, 7.98931002417804], [-76.5816586062596, 7.98892005115925], [-76.5807778543145, 7.98850886313336], [-76.579941483013, 7.98850928401607], [-76.5798307225098, 7.98844314247687], [-76.5793701778913, 7.98843538762282], [-76.5789402318062, 7.98845931228721], [-76.5784999300277, 7.98863975585984], [-76.5785536519294, 7.98887116581148], [-76.5785792808092, 7.98907180545927], [-76.5785890573391, 7.9892468135294], [-76.5785539244241, 7.98929571686363], [-76.5784865364244, 7.98937413235011], [-76.5783918719873, 7.98944686771856], [-76.5783009433338, 7.98950570046745], [-76.5782138898591, 7.98958505124889], [-76.5781819450407, 7.98962980690985], [-76.5777898532191, 7.99014579743034], [-76.5775094014377, 7.99042755322876], [-76.5774454119762, 7.99090295734531], [-76.577290454291, 7.99112549638429], [-76.5765789034936, 7.99175601466803], [-76.5764660484693, 7.99162425139778], [-76.5762118254154, 7.9913156571316], [-76.5760279005671, 7.9909809429559], [-76.5757259954583, 7.99063470846478], [-76.5755466652463, 7.99027752202978], [-76.5752624785805, 7.98972358011892], [-76.5752336211347, 7.98958901276249], [-76.5748918715626, 7.98935454691462], [-76.5743992966902, 7.98931815225073], [-76.5741906215999, 7.9888707647138], [-76.574067111408, 7.98860505731734]]], [[[-76.5995705482422, 8.00253386418582], [-76.599447645992, 8.00236030132619], [-76.599248008189, 8.00240406593426], [-76.597790976972, 8.00020367130183], [-76.5977922081438, 7.99915963125144], [-76.5969088697485, 7.99824731400184], [-76.598305703945, 7.99840038221137], [-76.5995146391892, 7.99788472983589], [-76.5994732496907, 7.99729867313477], [-76.599868122216, 7.99687635869654], [-76.6006044592284, 7.9961190899636], [-76.5994406564611, 7.99560792520516], [-76.5960471726389, 7.99587609764336], [-76.5952207415439, 7.99565200187797], [-76.5954888897004, 7.99431476485415], [-76.5950677075086, 7.99362574297331], [-76.5946383423856, 7.99161825291973], [-76.5946410709286, 7.99133039881858], [-76.5964992735226, 7.98851266546695], [-76.5958558490681, 7.9883470166413], [-76.5960692024317, 7.9873996950797], [-76.5960889947113, 7.98594774862958], [-76.5969866305285, 7.98594306496036], [-76.5977485739375, 7.98310490350845], [-76.5975227083063, 7.98160680115296], [-76.5974390542689, 7.98106120854796], [-76.5979402086736, 7.98102479140104], [-76.5985509427718, 7.98097489521526], [-76.5984575571705, 7.98050947627136], [-76.5988577410918, 7.9802593721124], [-76.6015960858906, 7.98021999080002], [-76.6024508977907, 7.98021380796091], [-76.6028360027793, 7.98030308905639], [-76.6031023918619, 7.9803976644607], [-76.6032243183476, 7.98055533360182], [-76.6033290578897, 7.98062076017997], [-76.6034759720384, 7.98065718991742], [-76.6036067343633, 7.98062838193435], [-76.6037855375724, 7.9805668026559], [-76.6040752820486, 7.98047233157288], [-76.6043353030317, 7.98034811001735], [-76.6044553256527, 7.9803582210951], [-76.6045321439432, 7.98035830922866], [-76.6046333059823, 7.98034114207014], [-76.6048018110547, 7.9803111910487], [-76.6050687981865, 7.98026547131451], [-76.6051707201526, 7.98021553286064], [-76.605276680974, 7.98021847184508], [-76.6053341620419, 7.98025266766653], [-76.6053298929601, 7.98033855202263], [-76.6052101131561, 7.98061675280095], [-76.6051998321065, 7.98070516425199], [-76.6052108901704, 7.98106698219552], [-76.6051382231504, 7.98114492194061], [-76.6050629696803, 7.98126435460632], [-76.6049268051279, 7.98150053905863], [-76.604923714158, 7.98162113274912], [-76.6051154541149, 7.98178514031201], [-76.605168805496, 7.98180965133435], [-76.605231003508, 7.98185698085501], [-76.6054116854009, 7.9819605225001], [-76.6054763394615, 7.98197253564403], [-76.6055887780996, 7.98204664967318], [-76.6056303537578, 7.98206133200488], [-76.605747481461, 7.98208053253056], [-76.6058043276076, 7.98211604136223], [-76.6059336941846, 7.98219983659321], [-76.6061155874643, 7.98233376453161], [-76.6062166766583, 7.9824347682899], [-76.6062969699292, 7.98246397826998], [-76.60639830194, 7.98248334067362], [-76.6068176594074, 7.98251010090044], [-76.6069020257079, 7.9825534095522], [-76.606650265897, 7.98301345144962], [-76.6067573769514, 7.98316183688923], [-76.606848898258, 7.9832483372809], [-76.6071446645946, 7.98300723443629], [-76.6075619581179, 7.9826709383531], [-76.6077353393144, 7.98262442721553], [-76.6081431377956, 7.982479085981], [-76.6082554226496, 7.982469688965], [-76.6087282529065, 7.98242955851727], [-76.6097903900144, 7.98233077158781], [-76.6104233553535, 7.98227040549481], [-76.6108728338142, 7.98263247255054], [-76.6113417745033, 7.98301362232077], [-76.6113428689782, 7.98330761609357], [-76.6113670706338, 7.98355458701457], [-76.6113781826569, 7.98387792746431], [-76.6110213829305, 7.98465434276365], [-76.6089668898101, 7.98517534790386], [-76.6082605829595, 7.98593841276742], [-76.6082081120147, 7.98630872300904], [-76.608201765499, 7.98679609710207], [-76.608377588355, 7.98693290017303], [-76.6085108220168, 7.98779920540883], [-76.6110447805921, 7.98762076912302], [-76.6113510204332, 7.98766720471756], [-76.6115910701717, 7.98751635333689], [-76.6118574817373, 7.98757207712952], [-76.6151005143772, 7.98625838885342], [-76.6153854079102, 7.98577828128252], [-76.6154635985662, 7.98459573664386], [-76.6157027184057, 7.98257173593683], [-76.6159100319224, 7.9816760273668], [-76.6155748168243, 7.98127353488576], [-76.6156324912465, 7.980765586103], [-76.6177944425594, 7.98021611831926], [-76.6190382346268, 7.98000357884217], [-76.619129450164, 7.98011331591686], [-76.6188995618652, 7.98111338271647], [-76.6188774142613, 7.98586700030169], [-76.6187252471724, 7.98696538908131], [-76.6175122236102, 7.98788328392621], [-76.6169480447165, 7.9878969473261], [-76.6158315094166, 7.98739147437684], [-76.6151342884166, 7.98687257994544], [-76.6140099586926, 7.98757839037028], [-76.6127976428969, 7.98818689594829], [-76.611738390814, 7.98862125950332], [-76.6109844918408, 7.98924209118934], [-76.6101491763434, 7.98937750121051], [-76.609394939225, 7.9900033843884], [-76.6087693366355, 7.99008900434383], [-76.6083874062538, 7.99160369379516], [-76.6085123877365, 7.99312362629396], [-76.6083673234932, 7.99414658533629], [-76.6080285120062, 7.9952092791245], [-76.6077564958655, 7.99555461249494], [-76.6081301866588, 7.99660526885763], [-76.6081427861606, 7.99730595854267], [-76.6079441430077, 7.99767022174285], [-76.6084231659963, 7.99866634951192], [-76.6081024749492, 7.99963880172878], [-76.6072696478759, 7.99999386936104], [-76.6035164325373, 8.00057911127639], [-76.6016176588279, 8.0013467482932], [-76.6008708384184, 8.00146778445008], [-76.5998048719972, 8.00255391726882], [-76.5995705482422, 8.00253386418582]]]]}, "properties": {"FID": 85, "TIPO_ACTO_": "RESOLUCION", "NUMERO_ACT": "28", "FECHA_ACTO": 1001289600000, "AREA_ACTO_": 691.939675, "NUMERO_PLA": "I-630.333", "PUEBLO": "Embera", "DEPARTAMEN": "05", "MUNICIPIO": "05837", "ID": "10048", "NOMBRE": "Dokerazavi", "CODIGO_DAN": "1631", "GlobalID": "c264a213-220f-40f5-88b5-8658ddb2dd21", "Shape__Area": 7026789.76953125, "Shape__Length": 27223.03608222719, "FECHA_ACTO_ISO": "2001-09-24"}}, {"type": "Feature", "id": 357, "geometry": {"type": "Polygon", "coordinates": [[[-76.4437421376895, 6.97071095002254], [-76.4437418597989, 6.97071088437204], [-76.4435744393089, 6.97069870935022], [-76.4434949743136, 6.97070427435504], [-76.4434068272632, 6.97071044640226], [-76.443274983054, 6.97082988536314], [-76.4432612432118, 6.97084357754131], [-76.4430904259823, 6.97094538439424], [-76.4430895644318, 6.97094674416914], [-76.442800482756, 6.97140309524888], [-76.4424819608737, 6.9718417953348], [-76.442010870805, 6.97211267113509], [-76.4414787500443, 6.97200583347465], [-76.4410820060297, 6.97163197001163], [-76.4407100347403, 6.97123910027649], [-76.4402789618046, 6.9709072396496], [-76.4397983793917, 6.97065540249711], [-76.4392814544755, 6.97049518018068], [-76.4387416966719, 6.97043418456222], [-76.4381999963327, 6.97047230862242], [-76.4376583454562, 6.97043038402727], [-76.4372157782855, 6.97011375521788], [-76.4369888001929, 6.96962167587192], [-76.4369659259367, 6.96907996923747], [-76.4370555730562, 6.96854592212894], [-76.4371319102095, 6.96800805649896], [-76.4371585859, 6.96746637324688], [-76.4371414088489, 6.96692463783413], [-76.4370841768932, 6.96638301303801], [-76.4369315745325, 6.96586417886118], [-76.4366741031273, 6.96562007767684], [-76.4365195942038, 6.96506312663444], [-76.436403285783, 6.96453281800756], [-76.4362964715049, 6.96400264337975], [-76.4361495825372, 6.96346851083558], [-76.436239255737, 6.96295741262702], [-76.4366665236411, 6.96260264986491], [-76.4371852777783, 6.96246146619621], [-76.4377289071633, 6.9624309243202], [-76.4382705958113, 6.96237374002858], [-76.4388084569447, 6.96234702117063], [-76.4393577826355, 6.96231654044854], [-76.4397983910828, 6.96202657833644], [-76.4399509871483, 6.961496374031], [-76.4398365052505, 6.96096994328082], [-76.4395809269182, 6.96048930061332], [-76.439359632541, 6.95999339824933], [-76.4391918613153, 6.95947834572171], [-76.4390774135917, 6.95894053045374], [-76.4392223690171, 6.95843692539645], [-76.439670580333, 6.9581126865239], [-76.4401473631103, 6.95786094290088], [-76.4405937497017, 6.95755198081194], [-76.4409351296525, 6.95712852963064], [-76.4410781794144, 6.95660587063711], [-76.4409961918208, 6.95606807515427], [-76.4408035039785, 6.95556064617962], [-76.4405650910061, 6.95507621466829], [-76.4403190832591, 6.9545917291977], [-76.4400996909479, 6.95409581694115], [-76.4399395001078, 6.95357702233453], [-76.4398841702183, 6.9530353867465], [-76.4399776133761, 6.95250132255084], [-76.4402046337368, 6.95200923601028], [-76.4405136183088, 6.95156290787477], [-76.4408569156141, 6.95114324283927], [-76.4411888508847, 6.95071215911173], [-76.4414520410788, 6.95023913550063], [-76.4415778913066, 6.94971277130028], [-76.4415665040909, 6.94917109794077], [-76.4415130717708, 6.94862936522601], [-76.4415168750037, 6.94808770625559], [-76.4416331942165, 6.94755361867758], [-76.4416923884929, 6.94702342966059], [-76.4415168821983, 6.94649694135377], [-76.4414329349819, 6.9459820129326], [-76.4418259081391, 6.94558902448691], [-76.4422721607316, 6.94529153954596], [-76.4426517708625, 6.94490241099056], [-76.4429187552963, 6.94442937029228], [-76.443079000995, 6.9439106026653], [-76.4431858440514, 6.94338035699097], [-76.4432716717502, 6.94284244639495], [-76.4433250411177, 6.9423046077446], [-76.4433288443507, 6.94176295057292], [-76.4432983798163, 6.94122119267707], [-76.4432640284122, 6.9406795453979], [-76.4432563491012, 6.94013785405194], [-76.4432735153604, 6.93959233609069], [-76.4432773194927, 6.93905067801964], [-76.4432106194745, 6.9385128060944], [-76.4430542336659, 6.93799399170268], [-76.4428557910618, 6.93749047567822], [-76.4426727736296, 6.93697929383266], [-76.4425392252051, 6.93645286667982], [-76.4424457838458, 6.93591883126244], [-76.4423484556167, 6.93538472389926], [-76.4422416521305, 6.93485455017075], [-76.4422969757248, 6.93430902141762], [-76.4426822812623, 6.93393902234143], [-76.4432220444617, 6.93384742908901], [-76.4437427366379, 6.93399237372251], [-76.4442310676096, 6.93422890891043], [-76.4447326249107, 6.9344349319], [-76.4452819640914, 6.93445017091204], [-76.4456424501389, 6.93405346107183], [-76.4455471462837, 6.93352702492572], [-76.4452781347781, 6.93305015401489], [-76.4449730208881, 6.93260381958407], [-76.4446811423208, 6.9321460340857], [-76.4444656332823, 6.93164630780436], [-76.4443588306954, 6.93111613407585], [-76.4444312791802, 6.93057819919809], [-76.4447402529603, 6.93013187645848], [-76.4452171508508, 6.92987254795331], [-76.4457550353666, 6.92980382176253], [-76.4462967204173, 6.92975422864832], [-76.4468059849082, 6.92956737920478], [-76.4472313264645, 6.92923160113103], [-76.4475136191581, 6.92876625413289], [-76.4476718701607, 6.92824740916418], [-76.4477691983898, 6.9277134178136], [-76.4478473575695, 6.92717934192672], [-76.4479160064185, 6.92664142773336], [-76.4479770407078, 6.92609975797114], [-76.4480323984764, 6.92556191032758], [-76.448099147058, 6.92502400602679], [-76.4481849729581, 6.92448618716154], [-76.4482822094563, 6.92395210677806], [-76.4483852528771, 6.92342188178817], [-76.4484824902747, 6.92288780050538], [-76.4485531284241, 6.92234996815033], [-76.4485492469502, 6.92180825971725], [-76.4484520104519, 6.92127415595135], [-76.448247952481, 6.92076687536483], [-76.4478702812884, 6.92038152486134], [-76.4475364511463, 6.91995810065971], [-76.4471893317223, 6.91953465127702], [-76.4470844509866, 6.91900826369435], [-76.4472217810603, 6.91848184373601], [-76.4475421753311, 6.91804314365011], [-76.4479827927717, 6.91772653642446], [-76.4484825280462, 6.91751669671211], [-76.4490089534004, 6.91738315907949], [-76.4495429618382, 6.91728400522662], [-76.4500693844944, 6.91715046579529], [-76.4505462679958, 6.91689113818943], [-76.4509334863912, 6.91650965477073], [-76.451261509611, 6.91607859532493], [-76.451581991116, 6.91563989254102], [-76.4519519533199, 6.91524313683531], [-76.4523830856108, 6.9149113058861], [-76.4527664126398, 6.91452984225249], [-76.4531650767069, 6.91415977572714], [-76.4536495351978, 6.9139156772408], [-76.4541835760112, 6.91382410916938], [-76.454725258364, 6.91377830759693], [-76.4552631536716, 6.91369819329109], [-76.4557400083946, 6.91343497881529], [-76.4559325919155, 6.91293141152954], [-76.4558696888351, 6.91239352521515], [-76.4557418403136, 6.91186716551139], [-76.4555454670496, 6.91135975991915], [-76.4552459532381, 6.91090960786626], [-76.4549541583077, 6.91044803262477], [-76.4547939117096, 6.90993312758596], [-76.4548454491581, 6.90939141735424], [-76.4551047983477, 6.90891453205425], [-76.4554653131736, 6.90851023283519], [-76.4558506232077, 6.90812875930907], [-76.4562187498954, 6.90772821745753], [-76.4565315179152, 6.90728566917255], [-76.4567909552384, 6.90680887470413], [-76.4570255613805, 6.90632054822901], [-76.4572048151501, 6.90580936998077], [-76.4572982484154, 6.90527531028172], [-76.4574165605258, 6.90474510147963], [-76.4576053983704, 6.90423396639879], [-76.4577064237125, 6.90369986892821], [-76.4576053201294, 6.90316967181733], [-76.4573345567443, 6.90270040377505], [-76.4569492368178, 6.90231898151024], [-76.4565391684478, 6.90196035975727], [-76.4562129969322, 6.90152931290193], [-76.4559955138818, 6.90102960011045], [-76.4558448378689, 6.9005107623363], [-76.455848713947, 6.89996531362286], [-76.4560699219893, 6.89947317042503], [-76.4563312559827, 6.89899636786265], [-76.4564780873938, 6.89847369807728], [-76.4565964031014, 6.89794349017453], [-76.4568004853541, 6.89744375220204], [-76.4570617267173, 6.89696695143829], [-76.4573040355527, 6.89648247316224], [-76.4574794734989, 6.89596752045933], [-76.4575348276701, 6.89542958558155], [-76.4576301414178, 6.89489172264957], [-76.4580040309612, 6.89450642340742], [-76.4585113888895, 6.8943081094064], [-76.4588469583204, 6.89423181721927], [-76.4589261553178, 6.89436049581493], [-76.4597053639114, 6.89562800120597], [-76.4621981299397, 6.9002302817766], [-76.462360435086, 6.90053003390841], [-76.4625472881268, 6.90208240045685], [-76.4625476451577, 6.90208314239755], [-76.4625619290897, 6.90211278854879], [-76.4631519751835, 6.90333746013007], [-76.4638156829474, 6.90458869858394], [-76.4644794347781, 6.9057216707928], [-76.4646625556324, 6.90661428659437], [-76.4653282446027, 6.90798756844578], [-76.4660511358512, 6.9089412626034], [-76.4667701708067, 6.90941432668403], [-76.4673099681805, 6.90976903099022], [-76.467731490316, 6.91042518444888], [-76.4683361360038, 6.91155817014758], [-76.4688187014219, 6.91245081292881], [-76.4693622750489, 6.91346547752385], [-76.4700093381604, 6.91389047733774], [-76.4702625503763, 6.91405678986306], [-76.4704621773876, 6.9141229017246], [-76.4711608957587, 6.91435430268298], [-76.4716491574826, 6.91454509835165], [-76.4719699231734, 6.91467040538897], [-76.4720602690661, 6.91470600775011], [-76.4726601087769, 6.91512112041744], [-76.473321948649, 6.9159564763843], [-76.4741668500201, 6.91732593881497], [-76.4743938416025, 6.91784094457786], [-76.4747714705269, 6.91869922965962], [-76.4751358407464, 6.91983223514343], [-76.4757385295095, 6.92078587444238], [-76.4762802469358, 6.92149922658185], [-76.476945871155, 6.92281149033177], [-76.4774284680493, 6.92370411422723], [-76.4779720057035, 6.92477603775764], [-76.4779721900645, 6.92477613398515], [-76.4782025514066, 6.92489528336435], [-76.4791889404172, 6.92540547505634], [-76.4793510171357, 6.92548939978969], [-76.4812660236081, 6.92583658396489], [-76.4830017241502, 6.92594714751651], [-76.4844970592918, 6.92593957612421], [-76.4859923908361, 6.92593190850447], [-76.487306600719, 6.92550848160483], [-76.4881400941899, 6.92490580633161], [-76.488968240292, 6.92452743726515], [-76.4893340647153, 6.92436029556494], [-76.4898074471559, 6.92381900621592], [-76.4902250599386, 6.92334117482911], [-76.4902259160931, 6.92334019726606], [-76.4905801806308, 6.92244190134646], [-76.490876509943, 6.92190248078867], [-76.4915313557874, 6.92130152232122], [-76.4917451830937, 6.92114724902015], [-76.4923655642194, 6.92069965284058], [-76.4932605299495, 6.92027671787008], [-76.4945164412807, 6.92027033718017], [-76.4949384589427, 6.92026819139778], [-76.4957125935613, 6.92026425596453], [-76.496128684691, 6.92031632581165], [-76.4970893953593, 6.92043875681701], [-76.4980468621729, 6.92073247449797], [-76.4989452435281, 6.92108729211871], [-76.5004444340634, 6.92173573928676], [-76.5014019314539, 6.92191127705759], [-76.5026584507269, 6.92190234049446], [-76.5030173692562, 6.92190050857546], [-76.5032878817303, 6.92191501374073], [-76.5040340177557, 6.9219570273687], [-76.5060691583649, 6.92248346351479], [-76.5076275099016, 6.92301367951146], [-76.5094871675986, 6.92413898320125], [-76.5096034814155, 6.92421915596305], [-76.5108680379296, 6.9250888399517], [-76.5115317942569, 6.92616080575026], [-76.5120162932173, 6.9267254127213], [-76.5121822720942, 6.92679403638933], [-76.5125541930216, 6.92721367444517], [-76.5129776406056, 6.92784309915333], [-76.5133514528073, 6.92878916076472], [-76.513776806954, 6.92952536018081], [-76.5139923096973, 6.93031123904601], [-76.514415778865, 6.93089106074739], [-76.5150547471788, 6.93183322919371], [-76.515584975766, 6.93277929620103], [-76.5159053655401, 6.93367196326394], [-76.5162277527086, 6.93467140503474], [-76.5166530232184, 6.93561746574685], [-76.5169238738376, 6.93677328523225], [-76.5168781343184, 6.93824955384712], [-76.5168857156033, 6.93966863367374], [-76.5172615449843, 6.94093132949048], [-76.5177955804017, 6.94224353118719], [-76.518697773983, 6.94381908405659], [-76.519229931616, 6.94455526188894], [-76.5196571140845, 6.94586755801445], [-76.52034948594, 6.94707675855858], [-76.5207233440071, 6.94828606342408], [-76.5207824870221, 6.94954875744215], [-76.5207366638659, 6.95081136062867], [-76.5207958284647, 6.95207785068511], [-76.5212783597085, 6.95359990198666], [-76.5219726498179, 6.95538520463623], [-76.5225562864434, 6.95622825160523], [-76.5231437919524, 6.95764351291046], [-76.5233592776086, 6.95874973568437], [-76.52336500629, 6.95964617989988], [-76.5233707178843, 6.96074869746697], [-76.5239029204834, 6.96195789711178], [-76.5245399804357, 6.96274374629935], [-76.5253314629766, 6.96310996372637], [-76.5259132541933, 6.96326252202026], [-76.5268077891481, 6.96325870170021], [-76.5278091024081, 6.96325495692317], [-76.5287570534952, 6.96293447361954], [-76.5295429566421, 6.96224406498414], [-76.5313835091416, 6.96154971821748], [-76.5321178073909, 6.96091649027637], [-76.5329056144025, 6.96033285365083], [-76.5336417931342, 6.95990559473999], [-76.5348491869404, 6.95921515822556], [-76.5364265447492, 6.9586810787414], [-76.5376395853985, 6.9586773006895], [-76.5393772536573, 6.95856283048286], [-76.5404462732769, 6.95865177792987], [-76.5404521188702, 6.95866173162627], [-76.5404510522742, 6.9586620364964], [-76.5407008983278, 6.95908543281911], [-76.5413341424567, 6.9599514044064], [-76.5420914111896, 6.96069142504179], [-76.542726558284, 6.96155738313927], [-76.5434837451787, 6.96241954160111], [-76.5439948712662, 6.96328930473014], [-76.5446262052351, 6.96402934155336], [-76.5450114810949, 6.96489903723322], [-76.545394931331, 6.96576503759878], [-76.545532234425, 6.96676060688889], [-76.5456676390502, 6.96775627780234], [-76.5456791081043, 6.96875575734461], [-76.5455665300713, 6.96975516314257], [-76.5453281611657, 6.97062874659164], [-76.5448398418852, 6.97163201407841], [-76.5443516116375, 6.97263527976654], [-76.5436115640224, 6.97339440380085], [-76.5429992749965, 6.97427554425313], [-76.5428848659438, 6.97527125563602], [-76.5428962441663, 6.97627064794411], [-76.5430336425885, 6.97726630896505], [-76.543045023509, 6.97826579030597], [-76.5434284000006, 6.9791317007394], [-76.5436897357926, 6.98000140811043], [-76.5443210301913, 6.98074532191099], [-76.5447063096485, 6.98161121885455], [-76.5448417286628, 6.98260688796938], [-76.5448551069776, 6.98360635671983], [-76.5442390812685, 6.9843616757226], [-76.5433731330636, 6.98499489646908], [-76.5432586592597, 6.98599431305889], [-76.54327201689, 6.98698998936824], [-76.5432834958367, 6.98798946980989], [-76.5435428531201, 6.98885918707351], [-76.5436802029789, 6.98998069202694], [-76.544067423173, 6.99097251294276], [-76.5444507484033, 6.99184230035346], [-76.544960009297, 6.9927081757133], [-76.5457172609428, 6.99344825930124], [-76.5463523891514, 6.99431419401635], [-76.5466136673868, 6.99530603831446], [-76.5466251589239, 6.99630542522664], [-76.5467605968241, 6.99730108984482], [-76.5475273093378, 6.99878887247983], [-76.5475501943859, 7.00078394199662], [-76.5475463920523, 7.0017108651356], [-76.5475221867994, 7.00193471898335], [-76.5474889604471, 7.00200391282158], [-76.5474152007509, 7.00216803190039], [-76.5473471382598, 7.00233550275249], [-76.5472859483877, 7.00250641800801], [-76.5472269321771, 7.00267724423069], [-76.5471724386571, 7.00285024591333], [-76.5471191205509, 7.00302216571159], [-76.5470691497214, 7.00319634730478], [-76.5470214415862, 7.0033705324953], [-76.5469749079656, 7.00354580226816], [-76.5469317234202, 7.00372107743698], [-76.5468886279078, 7.00389743718819], [-76.5468488805714, 7.00407380233529], [-76.546809041504, 7.00425025651529], [-76.5467715577611, 7.00442662346106], [-76.5467346154101, 7.0046028995753], [-76.5467005679768, 7.00478044463297], [-76.5466664306112, 7.00495789975839], [-76.5466334677603, 7.0051365320964], [-76.546601593089, 7.00531398991985], [-76.5465698074506, 7.00549253322499], [-76.5465379309807, 7.00566999104837], [-76.5465072317234, 7.00584862428568], [-76.5464765315667, 7.00602716938946], [-76.5464458323093, 7.00620462901154], [-76.5464151312532, 7.00638326314819], [-76.5463844310966, 7.00656180735264], [-76.5463537309399, 7.00674035155711], [-76.5463218562686, 7.00691780848115], [-76.5462900688316, 7.00709644171849], [-76.5462570169477, 7.00727389954193], [-76.5462235118056, 7.00745135556667], [-76.5461916353357, 7.007629988804], [-76.5461654605675, 7.00780853660574], [-76.5461427221089, 7.00798817528513], [-76.546122155513, 7.00816790569532], [-76.5461039424429, 7.00834754887132], [-76.546086726721, 7.00852719384599], [-76.5460685118523, 7.00870792250364], [-76.5460491215696, 7.00888756388101], [-76.5460285558731, 7.00906729519056], [-76.5460046428999, 7.00924584658958], [-76.5459762045382, 7.00942439349199], [-76.5459443280682, 7.00960293589781], [-76.5459045789331, 7.00977939007781], [-76.5458710818849, 7.00989890188381], [-76.5461767506565, 7.01014216220199], [-76.5463320914528, 7.01029760012512], [-76.5465909307269, 7.01060841751543], [-76.5466944319025, 7.01076379698259], [-76.5469532154185, 7.01112636855804], [-76.5471084932623, 7.01133355976689], [-76.5473155558682, 7.01159256451617], [-76.5475223252951, 7.01211034109034], [-76.5477809918992, 7.01257641923729], [-76.5478297162683, 7.0126984320579], [-76.5478843770623, 7.01283530707468], [-76.5480911473885, 7.01335308364875], [-76.5481423997519, 7.01387068215713], [-76.5481422252834, 7.01402594561178], [-76.5481415822682, 7.01459524074862], [-76.5481927195183, 7.01521634852648], [-76.5481921943142, 7.01568213529312], [-76.5481920612146, 7.01579927648625], [-76.5481916664122, 7.01614792205975], [-76.5480356843993, 7.0165617801728], [-76.5476996275357, 7.01821783945244], [-76.5470230459767, 7.01891267455099], [-76.5464861012525, 7.01952386280669], [-76.5447881146797, 7.02145662819146], [-76.5433594516773, 7.02335942007175], [-76.5427966577395, 7.02455732872825], [-76.5423898044459, 7.02542331650333], [-76.542043023167, 7.02698265639491], [-76.5415352614431, 7.02780823942909], [-76.54106149769, 7.02844471841939], [-76.5406820395444, 7.02895450451716], [-76.540279556956, 7.02971108347011], [-76.5396208557179, 7.03094929704273], [-76.5387662587558, 7.03335799354684], [-76.5386194768074, 7.03419208236892], [-76.5382333160147, 7.03638642995991], [-76.5372871788602, 7.03865712729466], [-76.5367255666316, 7.03986448422863], [-76.5361563947018, 7.04108810090515], [-76.5356238746421, 7.04372546892513], [-76.5355298262405, 7.04482730030952], [-76.5353418130742, 7.04694967785519], [-76.5351802291842, 7.04877369901674], [-76.5345582607551, 7.05045091484753], [-76.5339556196561, 7.05207601586511], [-76.5330579964294, 7.05379622918224], [-76.5323636406694, 7.0551268957592], [-76.5315333955497, 7.05691514188974], [-76.531085620405, 7.05836479416935], [-76.5310019007171, 7.05863583094828], [-76.5311314408632, 7.06002486442534], [-76.5312287583005, 7.0610683729764], [-76.5313469741835, 7.06120831378197], [-76.5321296235832, 7.06213480164912], [-76.533480415189, 7.06373385110564], [-76.5350899399487, 7.06506714909889], [-76.5365077022686, 7.0663806611078], [-76.5366766866797, 7.06653721958621], [-76.5369343037751, 7.06717708002737], [-76.5371181710667, 7.0676337629569], [-76.5373422830199, 7.06819040373329], [-76.5372716754474, 7.06923553196334], [-76.5371546862397, 7.07096714328805], [-76.5364379022873, 7.07339858904263], [-76.5341095449195, 7.0762870315901], [-76.5337540653978, 7.07678182329134], [-76.5326102023989, 7.07837396325658], [-76.5316416046763, 7.0803926111988], [-76.531619107236, 7.08045229110909], [-76.5314667377997, 7.08085647791281], [-76.530578190531, 7.08321352365386], [-76.5304440800302, 7.08350627726152], [-76.5299723622347, 7.08453600100424], [-76.5290547156026, 7.08653915182893], [-76.5273923457801, 7.09064564874609], [-76.5254317059085, 7.09337397779516], [-76.5251903188781, 7.09366303069262], [-76.5243379891069, 7.09830369342886], [-76.5241866089248, 7.09912791129223], [-76.5238954839893, 7.10071299427737], [-76.522749958144, 7.10254736483707], [-76.5219193470002, 7.10387745314993], [-76.521678077781, 7.10426380549821], [-76.5171927621362, 7.1100034397747], [-76.5170263497862, 7.11018063769405], [-76.5156900984193, 7.11160348657939], [-76.5147109831253, 7.11264605533891], [-76.5134279023758, 7.11401229010277], [-76.5115791354687, 7.11859091670497], [-76.5103671425296, 7.12138581177322], [-76.5098509073934, 7.12257626415067], [-76.5097554677406, 7.12319243824782], [-76.5096742841409, 7.12371656943147], [-76.5093508420676, 7.12580475745087], [-76.5092475846083, 7.1264713907094], [-76.5092451186673, 7.12701311533024], [-76.509241685955, 7.12776718157738], [-76.5092355166058, 7.12912229802279], [-76.5092351748634, 7.12919749753368], [-76.5093571481139, 7.13071163210325], [-76.5093934303625, 7.13116203596628], [-76.5095418697615, 7.13211416440425], [-76.5096785873969, 7.13299110322392], [-76.5100840719223, 7.13450954914341], [-76.5102272925554, 7.13482282977675], [-76.5101367371207, 7.13465575012976], [-76.509401354289, 7.13329891328124], [-76.5093803695084, 7.13312719133387], [-76.5093625989048, 7.13298279798478], [-76.5093517350945, 7.13289452682803], [-76.5093459749368, 7.13274576007583], [-76.5093456439862, 7.13274515663076], [-76.5092372954648, 7.13254739751145], [-76.5091037920064, 7.13237572592609], [-76.5090751189215, 7.13234136462937], [-76.5090998709622, 7.13443727782512], [-76.5091056769854, 7.13492883106768], [-76.5090185830412, 7.13543450636438], [-76.5089281957795, 7.13595930214704], [-76.5085964070985, 7.13788031698996], [-76.5085307889647, 7.13800438476144], [-76.5081424401215, 7.13873591219948], [-76.5070631844184, 7.13904907771961], [-76.5067512914389, 7.13913957919509], [-76.5055862826808, 7.13899845218367], [-76.5051020319332, 7.13873255682893], [-76.5037899192693, 7.1380138510253], [-76.5019969939661, 7.13718226501645], [-76.500289914348, 7.13712500877904], [-76.498346360696, 7.13668249556764], [-76.4983461916234, 7.13668231885086], [-76.4983353305111, 7.1366702225197], [-76.4972459277573, 7.13545588145075], [-76.4965744606428, 7.134094896929], [-76.4963719288214, 7.1336843842939], [-76.4963528002415, 7.13337521626028], [-76.4962749729116, 7.13213539559909], [-76.4955558732049, 7.13028529589683], [-76.4952979881116, 7.1298548695737], [-76.4950025527256, 7.1293624331969], [-76.494339728096, 7.12882378875404], [-76.4935932476303, 7.12821773292927], [-76.4930167030583, 7.12822376558153], [-76.4925073909033, 7.12822973438192], [-76.4916959101381, 7.12820067728666], [-76.4908771223813, 7.12817194034999], [-76.4891701156083, 7.12803838203292], [-76.4873924446056, 7.12852287200012], [-76.4869924432466, 7.12890546428296], [-76.486164052529, 7.12969780117978], [-76.4846305960252, 7.13118935197413], [-76.4842680820063, 7.13162952425022], [-76.4829136148714, 7.1332741369589], [-76.4829121013124, 7.13327597607247], [-76.483221249561, 7.13372718213077], [-76.4832857975015, 7.13382224316904], [-76.4833837426656, 7.13410459971451], [-76.4836063068855, 7.13474841717272], [-76.4840639224121, 7.13568653147522], [-76.4827613101863, 7.13635626829412], [-76.4803810871175, 7.13646352863592], [-76.4794826140314, 7.13650326248252], [-76.4781300210836, 7.13651985137701], [-76.475439091241, 7.13655284210688], [-76.4724864982533, 7.13658714854501], [-76.4690895466453, 7.13586239120335], [-76.4667778366278, 7.13458060817551], [-76.4642562554218, 7.13395499569353], [-76.462497740878, 7.13321113585228], [-76.4607735993221, 7.13286665413985], [-76.4604169362925, 7.13279598631279], [-76.459515236439, 7.13280654885018], [-76.4588859457298, 7.13281436126081], [-76.4588851498298, 7.13281437025407], [-76.4583584789606, 7.13323838890756], [-76.4573688928601, 7.13403509471086], [-76.4557466993506, 7.13547236962115], [-76.4557456579357, 7.13547329052693], [-76.4545745994382, 7.13810535164757], [-76.4538459498307, 7.14128299637994], [-76.4535719614768, 7.14197186897333], [-76.4531037276549, 7.14314652475903], [-76.4514767731345, 7.14425759308017], [-76.4498549573404, 7.1458053703882], [-76.4498543547946, 7.14580682099465], [-76.4498538835498, 7.14580727335362], [-76.4496568088146, 7.14628248141802], [-76.4488978979196, 7.14810981658136], [-76.4476066081584, 7.1498721820221], [-76.4465470844803, 7.15077519218784], [-76.4463062343452, 7.15098002627367], [-76.4459654335579, 7.1514698114491], [-76.4457916233847, 7.15171960714064], [-76.4457912852396, 7.15172009097589], [-76.4280242564143, 7.13477135977741], [-76.4233569854365, 7.13170814837945], [-76.4234981511187, 7.13125803589676], [-76.4235477037635, 7.13100625360285], [-76.4235915906793, 7.13079642018577], [-76.4237613413128, 7.13034634277662], [-76.4238090944141, 7.1298656245661], [-76.4238720388635, 7.12941934229601], [-76.4240894508674, 7.12900353625136], [-76.4243678863688, 7.12865256143379], [-76.4247398612555, 7.12833978082346], [-76.4250964667285, 7.12804605145135], [-76.425560035767, 7.12804604515605], [-76.4260406082874, 7.12804604065946], [-76.4265041656347, 7.12806130305393], [-76.4269695423105, 7.12806128506746], [-76.4274177158549, 7.12821765828551], [-76.4276810040751, 7.12856867896857], [-76.4279976274885, 7.12898448051654], [-76.4283199094363, 7.12898446612737], [-76.4286193908721, 7.1287174070499], [-76.4288596780317, 7.12838939282341], [-76.4291400524714, 7.12771035161866], [-76.4282111742063, 7.12708471485493], [-76.4279651979355, 7.12636760265003], [-76.4276714280939, 7.12590976409161], [-76.4272747209516, 7.12553981537749], [-76.4269370767846, 7.125116349807], [-76.4266815452171, 7.1246357287232], [-76.4263858670141, 7.12429995964279], [-76.4261703930492, 7.12434957074346], [-76.4253826103192, 7.1237735333892], [-76.425146088621, 7.12322423917467], [-76.425258646869, 7.12223624397487], [-76.4252815346151, 7.12104605060221], [-76.4253368402229, 7.12037845237115], [-76.4256210556671, 7.11933329985941], [-76.426080738735, 7.11842919342005], [-76.4265441764725, 7.11781879297046], [-76.4270038451513, 7.11709023509384], [-76.4273490733011, 7.11630443536896], [-76.4274616441396, 7.11546136142035], [-76.427604648036, 7.11505316094226], [-76.4280071630001, 7.11441614595603], [-76.4281216017305, 7.11374472470699], [-76.4282054823971, 7.11316489311301], [-76.4281997312326, 7.11217686823562], [-76.4283409355857, 7.11121944728744], [-76.4284229654475, 7.11020468556559], [-76.4288787643434, 7.10866355154951], [-76.4292812658177, 7.1078471955595], [-76.4296550762207, 7.10697361390908], [-76.4299125818002, 7.10619160392733], [-76.4300251319542, 7.10529134029104], [-76.4302521181407, 7.10444831850304], [-76.4304809119645, 7.10360528952047], [-76.4306812026753, 7.10293768049759], [-76.4311408803473, 7.10185811992436], [-76.4314575640153, 7.10136601000142], [-76.4322109036103, 7.10092354265545], [-76.4329356951262, 7.10062984296095], [-76.4333705623015, 7.10062980249151], [-76.4343910185306, 7.10120582905381], [-76.4345665356171, 7.10155295837041], [-76.4347152385174, 7.10224725297637], [-76.4352454949836, 7.10337635090587], [-76.4355106510956, 7.10404394104305], [-76.4358635387713, 7.10485266178888], [-76.4365348772827, 7.10551646578023], [-76.4365634649319, 7.10553547385096], [-76.4377288442108, 7.10763736394105], [-76.4487152411155, 7.10778617386071], [-76.4487171072087, 7.10629841101076], [-76.4489936523352, 7.10182759693411], [-76.4470939388341, 7.10209461913943], [-76.4469604101947, 7.10101131109123], [-76.4469642314141, 7.09843638390013], [-76.4475116703273, 7.09491536182274], [-76.4484633994663, 7.09342762595252], [-76.4519882157835, 7.09383966293839], [-76.4534797845644, 7.09356875925917], [-76.4551086069766, 7.09357261645137], [-76.4561939546872, 7.09303093589731], [-76.4564361969728, 7.09344294230627], [-76.4564781413531, 7.09375568874238], [-76.456809996584, 7.09407616575072], [-76.4579524935127, 7.0960140311908], [-76.4603920340651, 7.09845542074924], [-76.4620170433518, 7.09994700481854], [-76.4632377291379, 7.09927180102092], [-76.4647311739045, 7.09873387243842], [-76.4656829614995, 7.09697155556106], [-76.465414062409, 7.09507557244799], [-76.463653575652, 7.09263415770857], [-76.4632492332655, 7.09155081188882], [-76.4631156902369, 7.08938028823818], [-76.4644756684173, 7.08613013116915], [-76.465021128822, 7.08382990729301], [-76.4646167945294, 7.08179665705875], [-76.4639434972945, 7.07935903745836], [-76.4648952731982, 7.07759664234002], [-76.4661178349701, 7.07488819370411], [-76.4669341927587, 7.07326318891404], [-76.4678879022049, 7.07042123592034], [-76.4682979274074, 7.06730462098062], [-76.4681682451683, 7.06364634796985], [-76.4667033880509, 7.06384846610311], [-76.4668121034957, 7.06377978667707], [-76.4634208985556, 7.06362342155291], [-76.4633522110357, 7.06022836391726], [-76.463609674347, 7.05761530367282], [-76.4641132578205, 7.05345723333426], [-76.464090357484, 7.0505046403466], [-76.4635390919555, 7.04946711498508], [-76.4633827097442, 7.04893306068194], [-76.4635772942567, 7.04846759407399], [-76.4620895502925, 7.04480548455536], [-76.4619579632893, 7.04209710606655], [-76.4614181946939, 7.03965949815737], [-76.4600658301739, 7.03626825904306], [-76.4584426707926, 7.03355599008712], [-76.4558696438689, 7.03084374541286], [-76.454736755297, 7.02937511923674], [-76.4545554861467, 7.02956197497552], [-76.4540137849082, 7.03003886747015], [-76.4533367572855, 7.03029446199019], [-76.4526157600093, 7.03049281825929], [-76.4520607047377, 7.03079793664579], [-76.4521999107972, 7.03158758996559], [-76.4519882445618, 7.03216363451441], [-76.4512577018814, 7.03244208710292], [-76.4506530849719, 7.03280067018502], [-76.4501838439093, 7.03337287103143], [-76.4496497887067, 7.03380771032778], [-76.4488869144994, 7.033739118136], [-76.4482078885832, 7.03378104542912], [-76.4478873980849, 7.0344410326977], [-76.4478416801494, 7.03516196971931], [-76.4477748991922, 7.03558161137244], [-76.4476433238802, 7.03608135833818], [-76.4474487033949, 7.03654293717695], [-76.4471569102632, 7.03719139603623], [-76.4469871119656, 7.03789326473246], [-76.4464226174098, 7.03835491012112], [-76.4457053873937, 7.03835483817532], [-76.4450187406223, 7.03812602906308], [-76.4436950959519, 7.03816796175211], [-76.4435959097234, 7.03817180635388], [-76.4436302107655, 7.03808787982187], [-76.443677927894, 7.03754618307999], [-76.4434547566317, 7.03705021776348], [-76.4432926259539, 7.03682137177904], [-76.44314006766, 7.0366077477195], [-76.4428539690354, 7.03614995502656], [-76.4426613090721, 7.03564262947395], [-76.4425964580601, 7.03510475395145], [-76.442621188517, 7.03455928815081], [-76.4426593395568, 7.03402134338051], [-76.4426346225897, 7.03347965113524], [-76.4424896356881, 7.03295708746984], [-76.4422683700892, 7.03246119949504], [-76.4419116989657, 7.03204920657589], [-76.4413833166867, 7.03192710382308], [-76.4408454474594, 7.03200336273528], [-76.4403438838631, 7.03221324471576], [-76.4399128217193, 7.03254130570694], [-76.4394454962126, 7.032815973049], [-76.4389133862438, 7.03292273966295], [-76.4383792671894, 7.03302572013112], [-76.4378509604534, 7.03315161892234], [-76.4373092340339, 7.03316311405675], [-76.4367770898908, 7.03304861327317], [-76.4364127934156, 7.03264812807894], [-76.4365482259199, 7.03212161818839], [-76.4368076218742, 7.03164480753215], [-76.4371052048413, 7.03119084235382], [-76.4373950824171, 7.03073312070727], [-76.4376888477621, 7.03027538107431], [-76.4380627004332, 7.02988246907104], [-76.4385223700114, 7.02959636684922], [-76.4390373290095, 7.02942463860657], [-76.4395599088627, 7.02927590962592], [-76.439979587388, 7.02893254846871], [-76.440202710087, 7.02843667578237], [-76.4403781867039, 7.02792550293005], [-76.440559360526, 7.0274143012994], [-76.4407425245478, 7.02690318240639], [-76.4409160829109, 7.02638813437534], [-76.4410801264467, 7.02586934066804], [-76.4412383819457, 7.02535057663827], [-76.4418945740753, 7.02449609478949], [-76.4422511597631, 7.02408790959989], [-76.4426231778174, 7.02369121235011], [-76.4430007491852, 7.02330207390211], [-76.4433726925956, 7.02290917089209], [-76.4437484356417, 7.022516248097], [-76.4441471006082, 7.02215004146186], [-76.4445934206498, 7.02183726354951], [-76.4450931433338, 7.02162359542318], [-76.4455948040569, 7.02141759941333], [-76.4460086450829, 7.02106667675635], [-76.4463004984692, 7.02060894431795], [-76.4465522645753, 7.02012828546268], [-76.4468993992878, 7.01971246862621], [-76.4473591255232, 7.01942256766807], [-76.4478664456799, 7.01922801463186], [-76.4483375690236, 7.01895711994582], [-76.4485759298353, 7.01847264526706], [-76.4487857992252, 7.0179691598196], [-76.4491939187643, 7.01761437997037], [-76.4496383304445, 7.01730151662244], [-76.4500541553749, 7.01695058227435], [-76.4504757341677, 7.01661109179922], [-76.4509524980593, 7.01634784674655], [-76.4514808893315, 7.01622582403337], [-76.4520206201555, 7.0161648194217], [-76.4523696776185, 7.01600458271611], [-76.4527225805826, 7.01560400219377], [-76.4528217623145, 7.01549336759567], [-76.4529857914611, 7.01497457388829], [-76.4530754098023, 7.01444052767908], [-76.4530505993057, 7.0138988399304], [-76.4529018163657, 7.01337621061449], [-76.4527720972545, 7.01284977896506], [-76.4527931341958, 7.01230812898785], [-76.4529342459187, 7.01178168294925], [-76.4531193129059, 7.01127434930275], [-76.453279453384, 7.01075557627978], [-76.4533767582308, 7.01022149139966], [-76.4534435715635, 7.00968358619955], [-76.4535445861137, 7.00914957326523], [-76.4537773126728, 7.00866124229352], [-76.4542159794838, 7.00834081924446], [-76.4547080984, 7.00811191840133], [-76.4551505810344, 7.00779535973911], [-76.4555072350708, 7.00738717185157], [-76.4557743094368, 7.00691411586485], [-76.4559974995849, 7.00641824407783], [-76.4560814198216, 7.00588413851329], [-76.4558963474385, 7.00537298634539], [-76.455556909124, 7.0049495288688], [-76.4551792154484, 7.00456050643337], [-76.4547881974173, 7.0041828451334], [-76.4543304370999, 7.00389288571924], [-76.4538116442919, 7.00372890873334], [-76.4532832979857, 7.00360681047709], [-76.4527511205677, 7.00349620285869], [-76.4522113861465, 7.00344661873766], [-76.4516677936337, 7.0034389753996], [-76.4511299513861, 7.00337031755733], [-76.4505997066111, 7.00324822379771], [-76.4500617555456, 7.00317576991706], [-76.4495258765179, 7.00308415148364], [-76.4490337054411, 7.00285534327068], [-76.448612229171, 7.00251577455457], [-76.4482479380918, 7.00211140788638], [-76.4479159956267, 7.00168420113624], [-76.4475898924595, 7.00124928359888], [-76.4472484747373, 7.00082591785314], [-76.4469013103471, 7.00041007853357], [-76.4466323653913, 6.99994090222221], [-76.4464225679472, 6.999437364614], [-76.4460583011496, 6.99903678948758], [-76.4459323762781, 6.99850653841736], [-76.4463119207585, 6.99811748720362], [-76.4468460353163, 6.9980220997115], [-76.447387717669, 6.99801060637577], [-76.4479313128797, 6.99798392618863], [-76.4484710643881, 6.99793052084825], [-76.4489879929015, 6.99776266958294], [-76.4494266570146, 6.99744225192976], [-76.4497394637053, 6.99699977738923], [-76.4500026341142, 6.99652285971365], [-76.4500445865884, 6.99598498868773], [-76.4500178884148, 6.99544330813362], [-76.4498080918699, 6.99493977412276], [-76.4494342814669, 6.99454692777], [-76.4491024361285, 6.99411962928896], [-76.4488658622697, 6.99363140713523], [-76.448669431449, 6.99312400873754], [-76.4485493126007, 6.99259761485959], [-76.4486045426654, 6.9920558821448], [-76.4487666778399, 6.99153710102796], [-76.4489612632516, 6.99103351575577], [-76.4491863581639, 6.99053763857276], [-76.4494324000851, 6.99005321965197], [-76.4496841571981, 6.9895725652933], [-76.4499206824935, 6.98908421813384], [-76.4501304772397, 6.98858453142267], [-76.4503459853789, 6.98808861197158], [-76.4505805933197, 6.9875964795656], [-76.4507942020907, 6.98710057000701], [-76.450941126132, 6.98657798116066], [-76.4509582842974, 6.98603626013704], [-76.4507980610816, 6.98551747632224], [-76.4505004493362, 6.98506353272765], [-76.4501228509887, 6.98467061442914], [-76.4497261087728, 6.98430064952719], [-76.4493847270235, 6.98388098449164], [-76.4491691721196, 6.98338127170014], [-76.4491328952669, 6.98283954797863], [-76.4492531265306, 6.98231311902709], [-76.4493618365794, 6.98177906832122], [-76.4494838763798, 6.98125262947715], [-76.4497451438233, 6.980775813425], [-76.4500866343906, 6.98035623742238], [-76.450399415001, 6.97990988230717], [-76.450674031981, 6.97944447415516], [-76.4510460167602, 6.97904778230127], [-76.4515094517997, 6.97876546172863], [-76.4519691402636, 6.97847557156235], [-76.4522914707747, 6.97804073226601], [-76.4524287891572, 6.97751430781107], [-76.4524192752293, 6.97697254002275], [-76.452323901227, 6.97643852439048], [-76.4522285263254, 6.97590450695951], [-76.4521961390406, 6.97536276435222], [-76.4522972498182, 6.97482875231721], [-76.452461209717, 6.9743137591448], [-76.4524097433149, 6.97377202193343], [-76.4521198081825, 6.97331424452893], [-76.451713530455, 6.97295191487116], [-76.4512386731262, 6.972688679711], [-76.4507084319486, 6.97257804960949], [-76.4501648052615, 6.97257427785282], [-76.4496230887345, 6.97255513668243], [-76.4490795330939, 6.97254756708876], [-76.4485473835549, 6.97265052597318], [-76.4480514533119, 6.97287174930401], [-76.4476871919103, 6.97327616903214], [-76.4471950972759, 6.97350505188882], [-76.4466552810164, 6.97355844733664], [-76.4461174162857, 6.97347829705792], [-76.4455947590908, 6.97332958606371], [-76.4450702402993, 6.97318838350926], [-76.4446602079022, 6.97283365402206], [-76.4444999981764, 6.97231486481137], [-76.4444999909817, 6.9717731374925], [-76.4444782399788, 6.97166888358435], [-76.4444528422248, 6.97154714955354], [-76.4443893653769, 6.97124289631486], [-76.4440841975277, 6.97079277483895], [-76.4437421376895, 6.97071095002254]]]}, "properties": {"FID": 357, "TIPO_ACTO_": "RESOLUCION", "NUMERO_ACT": "0076", "FECHA_ACTO": 658972800000, "AREA_ACTO_": 22100, "NUMERO_PLA": "P - 466.001", "PUEBLO": "Embera", "DEPARTAMEN": "05", "MUNICIPIO": "05234", "ID": "10054", "NOMBRE": "Pavarando Y Amparrado Medio", "CODIGO_DAN": "1030", "GlobalID": "3bd59e88-482b-4dbc-aeb7-682d953ca663", "Shape__Area": 225735614.1274414, "Shape__Length": 95534.13579032417, "FECHA_ACTO_ISO": "1990-11-19"}}, {"type": "Feature", "id": 305, "geometry": {"type": "MultiPolygon", "coordinates": [[[[-76.5729957994166, 7.7047678598976], [-76.572987984308, 7.70453850309824], [-76.5729310931953, 7.70436913377733], [-76.5729052745588, 7.70430856803482], [-76.5728687962579, 7.70431943814037], [-76.5728025575919, 7.70433917825931], [-76.5723734199973, 7.70433116260193], [-76.5720999289685, 7.70441122025045], [-76.5717200553362, 7.70440790175211], [-76.5713575017473, 7.70436154170062], [-76.5711792381313, 7.70422353443739], [-76.5710700874146, 7.70404829074488], [-76.570980976291, 7.70396206284777], [-76.5708604311639, 7.70368919864644], [-76.5705067008235, 7.70348208567858], [-76.5701499505597, 7.70339554122014], [-76.57004634866, 7.70339541801301], [-76.5698852234243, 7.70336651919838], [-76.5697931067664, 7.70338746261014], [-76.5695897898369, 7.70334511803164], [-76.5694517987615, 7.70322246849102], [-76.5693769976503, 7.70315657696332], [-76.5692908093234, 7.70308065349824], [-76.5692756377604, 7.70293135704536], [-76.5692501824499, 7.70280359665752], [-76.5692374948145, 7.70273992915331], [-76.5691493648513, 7.70263647654104], [-76.5689807131893, 7.70248316911185], [-76.5687136289308, 7.70235799517424], [-76.567903470169, 7.70197829690978], [-76.5674984460964, 7.70203787789467], [-76.5672228551506, 7.70229769922832], [-76.5668548741531, 7.70254571246357], [-76.5666359467915, 7.70272152362832], [-76.5664631321678, 7.70284188979023], [-76.5662384338566, 7.70303109096094], [-76.5659964128042, 7.70326620342141], [-76.565802887693, 7.70359418437295], [-76.565767095575, 7.70362643136356], [-76.5657613722894, 7.70355569608735], [-76.5657949844509, 7.70324873858729], [-76.5659451757292, 7.70279533998182], [-76.5660203797367, 7.70247964646739], [-76.5660378940336, 7.70227297416733], [-76.5660669484309, 7.70204334847063], [-76.5660786863822, 7.70185389279182], [-76.5660905025746, 7.70159936666637], [-76.5660237432011, 7.70127393529279], [-76.5659281029995, 7.70103459332078], [-76.5657845226376, 7.70077605352101], [-76.5656313582006, 7.70050793324349], [-76.5655207020187, 7.70019823910639], [-76.5649861252095, 7.70011357602967], [-76.5649559331698, 7.7001087952337], [-76.5645368769752, 7.70126258944587], [-76.5644021864117, 7.70158777980115], [-76.5638223449253, 7.70272332676897], [-76.5634781312107, 7.7032541399155], [-76.5630992549266, 7.70400779067587], [-76.5627646001062, 7.70469062701964], [-76.5624864937566, 7.70503120297647], [-76.5622896483486, 7.70537383568276], [-76.5621949407439, 7.70551375040806], [-76.5618607193966, 7.70583487223037], [-76.5615034637138, 7.70616744871755], [-76.5610887620367, 7.70655803597336], [-76.5608194483588, 7.70683560362894], [-76.5604968768293, 7.70704190900564], [-76.5601732980592, 7.70727621657284], [-76.5599772215715, 7.70747946605326], [-76.559143053609, 7.70773320527196], [-76.5589526068773, 7.70779974251278], [-76.5587492764579, 7.70764552227176], [-76.5587370807517, 7.70763828452795], [-76.5579241026152, 7.70755192173255], [-76.5573444967511, 7.70750673979291], [-76.5569650296124, 7.70747716019151], [-76.5562276610777, 7.70710826638216], [-76.5557858718205, 7.70637173511624], [-76.5557126984822, 7.70616656018739], [-76.5554182253708, 7.70534089891215], [-76.5552503570183, 7.70492077612175], [-76.5549768911706, 7.70423637315896], [-76.5549779217936, 7.70339584968754], [-76.5551907040877, 7.70309755175951], [-76.555228339816, 7.70292731279412], [-76.5552881276449, 7.70265687316503], [-76.5548020503743, 7.70306273450646], [-76.5546015330343, 7.70281478152579], [-76.5543522967211, 7.70267094036051], [-76.5540597769371, 7.70238450359085], [-76.5535855221541, 7.70214370111979], [-76.5532882170775, 7.70208592147697], [-76.5528904640237, 7.70222333428836], [-76.5528858208239, 7.70224345661911], [-76.5528455419881, 7.70241802941741], [-76.5527993348214, 7.70268901583432], [-76.5527355279222, 7.70309084191772], [-76.5526717147278, 7.70349841017239], [-76.5525504141702, 7.70384849106388], [-76.5524924753474, 7.70415846039344], [-76.5524285893079, 7.7046234431662], [-76.5522784681767, 7.70500793841441], [-76.5521627811873, 7.70547285643596], [-76.551971614998, 7.7058261721889], [-76.5516927739023, 7.70598285747167], [-76.5514592181684, 7.70615236079157], [-76.5504105358175, 7.70615107116378], [-76.5489370173294, 7.70619518740675], [-76.5486465183221, 7.70621800860299], [-76.5481787611409, 7.70633491687169], [-76.5477067069989, 7.70640323027361], [-76.5472116158234, 7.7064829992398], [-76.5467264828409, 7.70646804441348], [-76.5459204915374, 7.70610504206279], [-76.5452840422248, 7.70600980655608], [-76.5448064410643, 7.70591160778326], [-76.5444669397974, 7.70584228714063], [-76.5438222814731, 7.70585870966051], [-76.5432293143813, 7.70596131691001], [-76.5429126208207, 7.70606426859989], [-76.5426386144804, 7.70612768429396], [-76.5423864122031, 7.70607845180791], [-76.5415628040801, 7.70591767281114], [-76.5407656099449, 7.70631870749113], [-76.5402860284774, 7.70627026011317], [-76.5394709099545, 7.70605393359096], [-76.5385353668137, 7.70624413930435], [-76.538079859298, 7.70612395210748], [-76.537956840136, 7.7060246957319], [-76.5377570332605, 7.70624261945009], [-76.5375343242496, 7.70636482472563], [-76.5373654315694, 7.7064105426612], [-76.5371658926917, 7.70641794677959], [-76.5368819254605, 7.70643289890796], [-76.5366594583673, 7.70636372125749], [-76.5363832819629, 7.70628681933002], [-76.5361224452946, 7.70621759131756], [-76.5358230996563, 7.70625549054719], [-76.5356157096972, 7.70640067799769], [-76.5354773885706, 7.70654595448097], [-76.535377417234, 7.70670658778753], [-76.5353002967713, 7.70700504669431], [-76.5351078823228, 7.70744115493411], [-76.5349155101426, 7.70784664125819], [-76.5345465003207, 7.70835142442737], [-76.5341086752751, 7.70865707970919], [-76.533524900154, 7.70906972463678], [-76.5329950600739, 7.70931402007467], [-76.5326339355077, 7.70965039349953], [-76.5321961671194, 7.70991011590777], [-76.5316664718302, 7.71003958051089], [-76.5312288976954, 7.71014619693808], [-76.5308143084336, 7.71028346226061], [-76.5305147334681, 7.71049742806249], [-76.5302612352677, 7.71068848723253], [-76.53000019895, 7.7107723607045], [-76.5297471432161, 7.71061893186682], [-76.5294404159424, 7.71042715683645], [-76.5291183507313, 7.71022770699173], [-76.5287808684423, 7.71008182346603], [-76.5283743856693, 7.70988226570266], [-76.5279908365078, 7.70975163377954], [-76.5275841774678, 7.7096898692407], [-76.5272463786175, 7.70978895384582], [-76.5270004850843, 7.71003360721385], [-76.5268391763868, 7.7101482285066], [-76.5266089076749, 7.71017855364601], [-76.5262635922909, 7.71015514249448], [-76.5255500692803, 7.71000877243556], [-76.5251895148842, 7.70990113437853], [-76.5248749662067, 7.70982417579373], [-76.5245605191526, 7.70967066421844], [-76.524284621538, 7.70937940618329], [-76.5237788733962, 7.70879695216628], [-76.5233423253879, 7.7081150664059], [-76.5230592035194, 7.7074793122692], [-76.5224618486354, 7.70652928374822], [-76.5222933534554, 7.70626878702369], [-76.5218922045615, 7.70593579954629], [-76.5214650445761, 7.70587729325126], [-76.5202135435202, 7.70633498252218], [-76.5195992076373, 7.70663656657304], [-76.5185739966926, 7.70716918465891], [-76.5178886242605, 7.7075070356699], [-76.5173645092647, 7.70777045788908], [-76.5167771485465, 7.70798212322511], [-76.5160804356635, 7.70818790159907], [-76.5154125397569, 7.70836501048555], [-76.5147042921693, 7.70858799738684], [-76.5137082669229, 7.70880486170372], [-76.512608712622, 7.70896417390617], [-76.5117797310497, 7.70908364973931], [-76.5112903802468, 7.70916912400453], [-76.5104672145902, 7.70924267415878], [-76.5099203080757, 7.70932807108227], [-76.5092812938965, 7.70942482734257], [-76.5088891283306, 7.709554985323], [-76.5087539899047, 7.70885429293994], [-76.5087495913206, 7.70774684708807], [-76.5087455146937, 7.70672063339927], [-76.5086070388837, 7.70567629297535], [-76.5085603712641, 7.70431547842541], [-76.5088013068348, 7.7034785045782], [-76.5087645839184, 7.70269516629774], [-76.5089435903744, 7.70225905446068], [-76.5088762833138, 7.70120594744547], [-76.5087828131763, 7.69936377616635], [-76.5087116021587, 7.69881345942263], [-76.5092651519652, 7.69733098548565], [-76.5099150056729, 7.69556156576278], [-76.5100360894939, 7.69467658610469], [-76.510204945302, 7.69393520479502], [-76.5107578161203, 7.69295510474347], [-76.511142784412, 7.6919987045258], [-76.5110717298764, 7.69132877525205], [-76.5113864467271, 7.69097838499369], [-76.5114297994456, 7.69083777689114], [-76.5115349778569, 7.69065945122199], [-76.5119383615661, 7.69028104798125], [-76.5123788611954, 7.6898710524564], [-76.5125495624123, 7.68943211764742], [-76.5127689691126, 7.68890419312337], [-76.5130230419797, 7.68827296707314], [-76.5132079443911, 7.68772202979722], [-76.5132758971649, 7.68754748307925], [-76.5133079004392, 7.68728341874416], [-76.5132777830432, 7.68713649290421], [-76.5131974798798, 7.68692969469906], [-76.5130136863325, 7.68664238109043], [-76.5128412359343, 7.68648139345093], [-76.5128166574627, 7.68647607126308], [-76.5126846064094, 7.68639841480439], [-76.5124257266659, 7.68631195218427], [-76.5121610723755, 7.68623983554939], [-76.511870008594, 7.68617536225259], [-76.5117596905573, 7.68612399927258], [-76.5112534738687, 7.68592812243429], [-76.5109773514236, 7.68582441261596], [-76.5106668649838, 7.68559434445288], [-76.5106325918207, 7.68539908994547], [-76.5107021732666, 7.68500876349308], [-76.5109674849615, 7.68458424571583], [-76.5113096473223, 7.68452684198962], [-76.5119537363758, 7.68438934644064], [-76.5120465338205, 7.684378534791], [-76.5125188235848, 7.68411504872001], [-76.5130946190214, 7.6839205973072], [-76.5136015461744, 7.68357677479777], [-76.5137056723788, 7.68317500986828], [-76.5133656629949, 7.68276496757867], [-76.5121987350835, 7.68231086840138], [-76.5119765836524, 7.68212871072093], [-76.5117609262257, 7.68200211495517], [-76.5117068517898, 7.68193052352441], [-76.5116632562542, 7.68187280413614], [-76.5116724797011, 7.68175789146309], [-76.5116895614241, 7.68156567036893], [-76.5117830576419, 7.68142840774439], [-76.5118769522595, 7.68114863495111], [-76.512035890344, 7.68080251287523], [-76.512145656197, 7.6804897475534], [-76.5122352052904, 7.68023150003334], [-76.5123016463039, 7.68003924926158], [-76.5123824962552, 7.67982979176109], [-76.5124034765392, 7.67967333220813], [-76.5124492664204, 7.67938778756597], [-76.5124409234098, 7.67916960034642], [-76.5124095874325, 7.67892841836148], [-76.5124011967578, 7.67874468057222], [-76.5123737449524, 7.67868296369744], [-76.512237655943, 7.67837701253878], [-76.5115956560147, 7.67690439786937], [-76.5101372893044, 7.67495917957224], [-76.5099872491122, 7.67475904984005], [-76.5099862472675, 7.6747577125482], [-76.5099369878017, 7.67469200897878], [-76.5095931032391, 7.67383486333806], [-76.5096772626955, 7.67228458141817], [-76.5096920538452, 7.67201208234161], [-76.5095124115685, 7.6717857643514], [-76.5093458571256, 7.67157593273302], [-76.5085813767291, 7.67061281278102], [-76.5086105003742, 7.66929803902323], [-76.5080133990991, 7.66862983644778], [-76.5078045315539, 7.66732827642884], [-76.507018092411, 7.66639948090136], [-76.5056565521082, 7.66570742740592], [-76.5073351681834, 7.66127031272498], [-76.5073448817608, 7.66111317328456], [-76.5075240384036, 7.65821495780435], [-76.5077690299167, 7.65425163475555], [-76.5073238448196, 7.6516812761205], [-76.5073584732149, 7.65127324291633], [-76.5074845761523, 7.64805964238918], [-76.5073011279447, 7.64524943546376], [-76.5069037409149, 7.64458625470265], [-76.5076175274269, 7.64448222472562], [-76.5095157462546, 7.64420556538532], [-76.5128606819749, 7.64368331468397], [-76.5154285746689, 7.64362310057639], [-76.5185019484061, 7.64374295412481], [-76.5223588483821, 7.64454475638612], [-76.5280598333945, 7.64702885025191], [-76.5327086808609, 7.64997650236422], [-76.5327496162018, 7.64910692629421], [-76.5330277477323, 7.64785273896335], [-76.5331966377146, 7.647091148988], [-76.5341031606323, 7.64521007123852], [-76.5351036680997, 7.64374023187695], [-76.5364269917122, 7.64258889731057], [-76.5383476090549, 7.64161709350491], [-76.5398561993041, 7.6407848617828], [-76.5414122638649, 7.64022698803596], [-76.5429719976595, 7.64030959616183], [-76.5450398430143, 7.6410298029339], [-76.546052127104, 7.64161880851202], [-76.5467964357069, 7.64249960632256], [-76.5468268264968, 7.64266701152414], [-76.5468596211745, 7.64287460383067], [-76.546879611305, 7.64309130447089], [-76.5469001581157, 7.64332606799439], [-76.546920988213, 7.64351566306817], [-76.5469231969479, 7.64356950188174], [-76.546930253928, 7.64374145765294], [-76.546932066062, 7.64375725694261], [-76.5469517180473, 7.64393104823004], [-76.5469458041055, 7.64438277769378], [-76.5469327828216, 7.64459063260235], [-76.5469309634931, 7.64476228799993], [-76.546881415345, 7.6451058613971], [-76.5468331442342, 7.64527778209468], [-76.5467972136205, 7.64542253067594], [-76.5467374051071, 7.64560355161328], [-76.5466630590529, 7.64583885922666], [-76.546640076878, 7.64604677169186], [-76.5467073470664, 7.64628126901604], [-76.5468148565204, 7.64647488316002], [-76.5468997417296, 7.64662345655798], [-76.547030329586, 7.64679887022237], [-76.5471708405618, 7.64707811871085], [-76.5472382636349, 7.64724486021276], [-76.547293371392, 7.64738005439664], [-76.5473503038734, 7.64753330426921], [-76.547422760452, 7.64774066994662], [-76.5474953069628, 7.64794803472463], [-76.5475844648511, 7.64820950811295], [-76.5476399368336, 7.64840793722716], [-76.5476845827772, 7.64859739290597], [-76.5477171058597, 7.64874174938285], [-76.5477612077135, 7.64893121045759], [-76.5477932172831, 7.64917494202055], [-76.5478247870842, 7.64940521612838], [-76.5478488421503, 7.6496985902683], [-76.5478946644072, 7.64985642308603], [-76.5479858250857, 7.65000956683863], [-76.5481563554314, 7.6501395818268], [-76.5483345695847, 7.65021986610447], [-76.5484836016369, 7.65026418109762], [-76.5487822053345, 7.65032119002146], [-76.5490007891551, 7.65035155563033], [-76.549067240061, 7.65036609586919], [-76.5491323968426, 7.65053170422532], [-76.5493621133708, 7.65092432125094], [-76.5496688559329, 7.65107780314863], [-76.550186579447, 7.65126025041073], [-76.5506390391603, 7.6512325998551], [-76.5509294770137, 7.65127557395912], [-76.5512229464817, 7.65130464004763], [-76.5514933870102, 7.65133941952908], [-76.5517177534715, 7.65140284871299], [-76.5519666651294, 7.65154277602883], [-76.5521431651749, 7.65177656468724], [-76.5524237536533, 7.65224367795389], [-76.5524826943209, 7.65229569204302], [-76.5526141680094, 7.65251779131353], [-76.5528245671001, 7.65259737681799], [-76.5530591876314, 7.65250992584288], [-76.5531930544159, 7.65246002875779], [-76.5536031965303, 7.6522696845488], [-76.5539714392305, 7.65209359099691], [-76.5542664717203, 7.65200880561237], [-76.5546004358614, 7.65186567401215], [-76.5550899377504, 7.65159641519292], [-76.5556860596639, 7.65146613940132], [-76.5560971361738, 7.65153447798431], [-76.5564020522129, 7.65161522811078], [-76.5567817423835, 7.65173051670047], [-76.5569772648888, 7.65185132353027], [-76.5572359260971, 7.6521100036243], [-76.5575520404942, 7.65244913437054], [-76.5577416697422, 7.65268476484049], [-76.5580003741179, 7.65290899460487], [-76.5581900663184, 7.65309295182872], [-76.5585635574622, 7.65357568811795], [-76.5589600020024, 7.65411586500562], [-76.5591610040771, 7.65446633980018], [-76.5593594655668, 7.65490188056773], [-76.5594183387853, 7.65499176420897], [-76.5596776879749, 7.65551765626522], [-76.5601029908603, 7.65603704352507], [-76.5602326236366, 7.65623495912642], [-76.5607243099789, 7.65700002408217], [-76.5608756523894, 7.65730699866938], [-76.5609674066205, 7.65757887361645], [-76.5609325390054, 7.65785825160736], [-76.5609130920655, 7.65807640555197], [-76.5608512717687, 7.65843613257173], [-76.5607855304278, 7.65886475305616], [-76.5607200022263, 7.65911730067314], [-76.5606083217166, 7.65946165827916], [-76.5605383508641, 7.66005346884274], [-76.5603691659043, 7.66066435852356], [-76.5603274175762, 7.66081510288491], [-76.5602900129737, 7.66122564789554], [-76.560321192469, 7.66161509930758], [-76.5603725653416, 7.66225678447321], [-76.5603550429509, 7.66268807954141], [-76.5604968372592, 7.66282604633512], [-76.5606309891288, 7.66293720973458], [-76.5608533096325, 7.66311354880139], [-76.5611216232643, 7.6633282205711], [-76.5613553111986, 7.66362323057778], [-76.5614279062728, 7.66387594456931], [-76.5614245077348, 7.66421899725902], [-76.5613364910861, 7.66459376544004], [-76.5611525815264, 7.66526332868976], [-76.5611418166415, 7.66567460754718], [-76.5612141715967, 7.66612635949397], [-76.5613208132049, 7.66678101738005], [-76.5618013974165, 7.66793495908112], [-76.5622433827259, 7.66873088697081], [-76.5622842020542, 7.66877425677648], [-76.5627985360236, 7.66951191669155], [-76.5629477677252, 7.66984893043373], [-76.5630610256458, 7.67014501513029], [-76.5631543069257, 7.67038887799423], [-76.5632191840181, 7.67067985813882], [-76.5632759896951, 7.67097699774015], [-76.5634371940712, 7.67125426951879], [-76.5635864491553, 7.67157214478852], [-76.5637165576729, 7.67185937565949], [-76.5639463488449, 7.67220796817301], [-76.5642154304977, 7.67271483687008], [-76.5646472813469, 7.67321930977312], [-76.5649537388239, 7.67362923515091], [-76.5654135253139, 7.67416182985437], [-76.5657928521584, 7.67459863596806], [-76.565959458762, 7.67494335330289], [-76.5662005472174, 7.67522771803454], [-76.5662062165436, 7.67523440539329], [-76.5665857169572, 7.67574405119676], [-76.566618936115, 7.67584345775912], [-76.5665698583123, 7.67617273283506], [-76.5663181947289, 7.67650804865726], [-76.566023941052, 7.67707541384897], [-76.5658392706658, 7.67749240969662], [-76.5656162504895, 7.67789404962034], [-76.5654584338596, 7.67831490535823], [-76.5653083918688, 7.67865156206956], [-76.5652308559193, 7.67931748396432], [-76.5652301031866, 7.67994522064502], [-76.5652567743806, 7.68010218741559], [-76.5652063628833, 7.68054613684433], [-76.5652480653459, 7.68096723090257], [-76.5653016721344, 7.68105915870278], [-76.5653782449101, 7.68119704545686], [-76.5654516853469, 7.68124435609171], [-76.565604450485, 7.68134276710457], [-76.5658653330187, 7.68136604335781], [-76.5661837982436, 7.68136642287168], [-76.5665214424106, 7.68137065148396], [-76.5668397430596, 7.68150882692036], [-76.5670851833345, 7.68161246569228], [-76.5672410448383, 7.68173106288779], [-76.5674378605688, 7.68188082069288], [-76.567606434889, 7.6820915426401], [-76.5677520881883, 7.68221802868857], [-76.5679168655709, 7.68239429760826], [-76.5681735797469, 7.68269698782524], [-76.5682909151935, 7.68281283219595], [-76.5684763428089, 7.68299590538621], [-76.5686946748194, 7.68331003228165], [-76.5690813841985, 7.68394912110458], [-76.5694992739723, 7.68449421458581], [-76.5695748107289, 7.68466219895076], [-76.56982979371, 7.68522925027909], [-76.5699504566482, 7.68561577619655], [-76.5700383339019, 7.68592975020722], [-76.5701340631365, 7.68609445204675], [-76.5702680297458, 7.68637020397114], [-76.5703057733927, 7.68670508272281], [-76.5703439702979, 7.68704396435684], [-76.5702835034809, 7.68711789132701], [-76.5702094793839, 7.68720839460112], [-76.570036393165, 7.68756416370458], [-76.5698286785506, 7.68800027284368], [-76.56965928225, 7.68847853050913], [-76.5695628830206, 7.68887649490369], [-76.5694588071782, 7.68927827602091], [-76.5694199897407, 7.68965334277688], [-76.5693542924666, 7.69004751473033], [-76.5692424635688, 7.69051435820032], [-76.5692069781195, 7.69131429976438], [-76.5693060627246, 7.69209143362201], [-76.5694205077502, 7.69244371425524], [-76.5695925561515, 7.69273005569671], [-76.569880249274, 7.69303372077878], [-76.570229125074, 7.69328293191098], [-76.5704973757532, 7.69357032376062], [-76.570754189754, 7.69379646008774], [-76.5710107636358, 7.69422546098539], [-76.5711451331413, 7.69437155045582], [-76.5711598397548, 7.6947040963661], [-76.5711596221188, 7.69488782516214], [-76.5710633371033, 7.69519009629505], [-76.5710252220363, 7.69528608633294], [-76.5709478803404, 7.69548086330029], [-76.5709476069464, 7.69571052407052], [-76.5710125272063, 7.69597088140015], [-76.5711309112625, 7.69628122035115], [-76.5711307853574, 7.69645474364058], [-76.5711306000971, 7.69671071947317], [-76.5709574104561, 7.69735691294023], [-76.5704501541513, 7.69799936163028], [-76.5703029000588, 7.69819966043499], [-76.5699716212932, 7.69847773171098], [-76.5697778497679, 7.69879877169496], [-76.5700657461372, 7.69892739992853], [-76.5702357548761, 7.69900339264149], [-76.5705407104854, 7.69908126403811], [-76.5707794876832, 7.6991504434872], [-76.5713533019133, 7.69929900699257], [-76.5716483227119, 7.69937538911191], [-76.5723012916712, 7.69962591325427], [-76.572686757288, 7.69976416333443], [-76.5730261974011, 7.69988513563949], [-76.5735268427895, 7.69996610609988], [-76.5748098174191, 7.70042119093416], [-76.5752731427413, 7.70075161534373], [-76.5751510040156, 7.70077694205116], [-76.5747225049396, 7.70114467933243], [-76.5742778459458, 7.70148945961982], [-76.5738394066632, 7.70179631639576], [-76.5733963619525, 7.70206524336522], [-76.5733336027635, 7.70211237953158], [-76.573164650728, 7.70223927477161], [-76.5731114513324, 7.70229670457814], [-76.5730684079806, 7.70236825823742], [-76.5728668573196, 7.70283870349224], [-76.5728547551428, 7.70290687300266], [-76.5728249570061, 7.70307472786524], [-76.5728310858859, 7.70335300238799], [-76.5728877134972, 7.7036298514853], [-76.5728962435667, 7.70379434198414], [-76.5728858483032, 7.70387884947814], [-76.5729261873936, 7.7039642544956], [-76.5729608499632, 7.70408300547519], [-76.5729581142256, 7.70423054645142], [-76.572954278617, 7.70425022271842], [-76.5729520159227, 7.70426182577148], [-76.5729495634715, 7.70427440279029], [-76.5729485238553, 7.70427973487067], [-76.5729818536296, 7.7042351599735], [-76.5729974226929, 7.70422124566279], [-76.573051193158, 7.70417920505508], [-76.5734035232539, 7.70385320800797], [-76.5740982783129, 7.70336350107359], [-76.574168164629, 7.70330659826972], [-76.5745516517373, 7.70349843175604], [-76.5748969032694, 7.70357539124019], [-76.5752040757075, 7.70340350561614], [-76.5754920862907, 7.70321245993594], [-76.5759524969102, 7.70325127557478], [-76.5763936539439, 7.70334748414795], [-76.5766811690007, 7.70357748036528], [-76.5769350368225, 7.70365876378976], [-76.5772949293175, 7.70373130310601], [-76.5776398463018, 7.70409533607971], [-76.5778503730962, 7.70453576376331], [-76.5778686158439, 7.7053395957945], [-76.5778076543997, 7.7055774457913], [-76.5775608138804, 7.7060473550502], [-76.5772339813631, 7.70662112521352], [-76.5769654231157, 7.70703935852831], [-76.5765367387795, 7.70753815401134], [-76.5765116090235, 7.70792388043144], [-76.5766617409466, 7.70892009003881], [-76.5768591025655, 7.70950352971278], [-76.5767059309339, 7.71000329646361], [-76.5763473586437, 7.71060995753216], [-76.5761743470685, 7.71089682957366], [-76.5760167921412, 7.71109185655258], [-76.57581705901, 7.71126003966772], [-76.5755246696278, 7.7114884674674], [-76.5754054447055, 7.71161409646196], [-76.575155461955, 7.71209226149725], [-76.5750781993993, 7.7125323528344], [-76.5749433316694, 7.71301065276801], [-76.5747702283633, 7.7133740786993], [-76.5743670263172, 7.71362240309995], [-76.5739639133039, 7.71379417361075], [-76.5737328046252, 7.7139393943361], [-76.5734315883971, 7.71434382755412], [-76.5733491205654, 7.7145015695403], [-76.573001475038, 7.71505537205625], [-76.5728752452963, 7.71533671956244], [-76.5718186462135, 7.71639070341667], [-76.5723548894665, 7.71866167594396], [-76.5715863837046, 7.71870010307566], [-76.57116117255, 7.7185924551261], [-76.5711597624131, 7.71859209809526], [-76.5708344740317, 7.71850974807479], [-76.5706752265804, 7.71843012389952], [-76.5703405987396, 7.71842963286963], [-76.5700607117324, 7.71792544774963], [-76.5700406280725, 7.71788702421524], [-76.5694750723167, 7.71737519935439], [-76.5694198098763, 7.71732518625678], [-76.5692209248058, 7.7171569132094], [-76.5688706991234, 7.71728441369315], [-76.568525282116, 7.71733758970642], [-76.5681568784372, 7.71736011682433], [-76.5678345686104, 7.71734442275531], [-76.5674893440579, 7.71723683685898], [-76.5670904254827, 7.71710622022429], [-76.5667527579334, 7.71709816229876], [-76.5663459451092, 7.71715126276898], [-76.5658624785705, 7.7171277185178], [-76.5657183810983, 7.7170270286229], [-76.5651000504269, 7.71638069036501], [-76.5647974987056, 7.71609937793238], [-76.5646754463148, 7.71577352837412], [-76.5645180712519, 7.71549015739332], [-76.5644571197003, 7.7149483734172], [-76.5644269195666, 7.71453494877739], [-76.5644150647034, 7.71425937312007], [-76.5644060705836, 7.71405028434164], [-76.564397409213, 7.71401903290054], [-76.5642801241284, 7.71337115590267], [-76.5642806933993, 7.71290007482714], [-76.5642517442226, 7.71242895777876], [-76.5641046250284, 7.71204602914949], [-76.5639577198729, 7.71148644219412], [-76.5637272991755, 7.71104635265567], [-76.5639138401515, 7.7109306207002], [-76.5643332012162, 7.71060254981645], [-76.5667751798306, 7.70873792066717], [-76.5668361646572, 7.70871772369267], [-76.5670531737649, 7.70857881171148], [-76.567063369379, 7.70840334408779], [-76.5669438305933, 7.70809220384085], [-76.5668678135987, 7.70788671324993], [-76.5668377663498, 7.70780548828139], [-76.5668110519884, 7.70765597778984], [-76.5667920223339, 7.70752581441356], [-76.5667901895156, 7.70745308623964], [-76.5667980028255, 7.70733826529746], [-76.5667828114775, 7.70720619266042], [-76.5667771070778, 7.70712985640651], [-76.5673580790121, 7.7070407452829], [-76.5678357728027, 7.70681355495035], [-76.568506326206, 7.70673847145205], [-76.5688352019829, 7.70768282075432], [-76.5688999702574, 7.70786879785545], [-76.5689500004421, 7.70798210793663], [-76.5691595181972, 7.70845663521423], [-76.5690222789549, 7.70972793754291], [-76.5695624225677, 7.70968230144569], [-76.5696224631062, 7.70949564445709], [-76.5696897728647, 7.70936175608886], [-76.5698674753037, 7.70916579831164], [-76.5701154435728, 7.70893225516815], [-76.5704483348227, 7.7087597975753], [-76.5708035229642, 7.70854969616025], [-76.5710510973302, 7.70841210977976], [-76.5711346281605, 7.70838999545062], [-76.5715425651372, 7.70822521806807], [-76.5719025439672, 7.70801990554291], [-76.5720663950481, 7.70792777899252], [-76.5721043347472, 7.70787130606464], [-76.5722564325882, 7.70771474758623], [-76.5723527787577, 7.70764330094629], [-76.5724393915646, 7.70757907136579], [-76.5726712017146, 7.70746113517199], [-76.5728166949345, 7.70740835935703], [-76.5729181285687, 7.70737156449486], [-76.5730358138517, 7.70728709747028], [-76.5731354362513, 7.70717325948705], [-76.5732195291579, 7.70703489069639], [-76.573277706301, 7.70688971943375], [-76.5733090953385, 7.70674203276738], [-76.5733147223965, 7.70662896820111], [-76.5733057363706, 7.70651589464158], [-76.5732618368642, 7.70633364073369], [-76.5732485116095, 7.70627832253535], [-76.5731940801426, 7.70591823488742], [-76.5730823276872, 7.70531676200774], [-76.5730291759557, 7.70503068946355], [-76.5729957994166, 7.7047678598976]]], [[[-76.5380799995922, 7.68157080999445], [-76.5377059661574, 7.68151866730219], [-76.5375644776185, 7.68176049320172], [-76.5377513027804, 7.68212992300706], [-76.5378637396199, 7.68235225610123], [-76.5379464376779, 7.68251224459392], [-76.5380783916045, 7.68284541733168], [-76.53838783573, 7.68324877316186], [-76.5384452979121, 7.68378583120065], [-76.5386607934608, 7.68404925162111], [-76.5389378925697, 7.68399350084885], [-76.5393418599389, 7.68367664541037], [-76.5397561326394, 7.68376902736817], [-76.5398480451511, 7.68390693930328], [-76.5399140248123, 7.68446289389693], [-76.5398417507961, 7.68472595368929], [-76.5396901628707, 7.68548591319379], [-76.5395496375057, 7.68623823115882], [-76.5391851467771, 7.68660965296254], [-76.5386968463823, 7.68684800388165], [-76.538554597017, 7.68726837218697], [-76.5384267089254, 7.68807595888774], [-76.5382233722108, 7.68861796319775], [-76.5380789123119, 7.68907231508458], [-76.5382459344023, 7.68974236486752], [-76.5387485412122, 7.69053244986194], [-76.539179570081, 7.69103536963583], [-76.5400974865098, 7.69160966949988], [-76.5396474261877, 7.69159318852404], [-76.5394698667409, 7.69171487758878], [-76.5389629764601, 7.69203576468797], [-76.5388216749803, 7.69222371580107], [-76.5386910133795, 7.69238431403407], [-76.538510427714, 7.6925792969462], [-76.5383835936279, 7.69274755380577], [-76.5381542898886, 7.69294278493079], [-76.5380110018062, 7.69306478066425], [-76.5375883789005, 7.69320057919254], [-76.5372702365322, 7.69323992093477], [-76.5369710356847, 7.69317064525826], [-76.5368137046887, 7.6931819308506], [-76.5365413342151, 7.69313565623475], [-76.5361500715685, 7.69304712607317], [-76.5358201264976, 7.69301608957007], [-76.5351217813451, 7.6930228623644], [-76.5349951298214, 7.69304566827214], [-76.5347571224432, 7.6931334025337], [-76.5345306425751, 7.69320966864048], [-76.5343540130273, 7.69330896368691], [-76.5341851545213, 7.69333171563533], [-76.5340737213251, 7.69345788782044], [-76.5340390218833, 7.69358798374763], [-76.5339967132776, 7.69366831029343], [-76.5339348417196, 7.69395824272787], [-76.5337611691426, 7.69411709717546], [-76.5337429344888, 7.69412592132338], [-76.5340388941796, 7.6944387756781], [-76.5339519414289, 7.69492669026369], [-76.5340373968084, 7.69561577509703], [-76.5342385121975, 7.69587439673511], [-76.5340938562464, 7.69647706841108], [-76.5343234567621, 7.69696538499359], [-76.5342364284684, 7.69751071409721], [-76.5353299896872, 7.69751209905317], [-76.5362222493573, 7.69739839596825], [-76.5370276659939, 7.69768648569178], [-76.5383798290658, 7.69800396885714], [-76.5394155090185, 7.69826363730603], [-76.5402963490972, 7.69846173546972], [-76.5401304736424, 7.69418399864177], [-76.5404120549723, 7.69395224604846], [-76.5407000367773, 7.69378993100968], [-76.5412121979845, 7.69363602103472], [-76.5414522099515, 7.69347843013463], [-76.5417113891692, 7.69333521669609], [-76.5419080780953, 7.69334031045616], [-76.542042434111, 7.69325429120176], [-76.5421624072692, 7.69320181126374], [-76.5424147282571, 7.69328024293804], [-76.542600003887, 7.6937369222703], [-76.5427781020278, 7.69399550973417], [-76.5429560571763, 7.69436892803271], [-76.5430536417122, 7.6945757424257], [-76.5434558257257, 7.69513890868278], [-76.5436965274727, 7.69536036673667], [-76.5438672484747, 7.69559744781309], [-76.5447188704795, 7.69633044384399], [-76.5454856846166, 7.69680985264166], [-76.5460605510535, 7.69736557610951], [-76.5465972853364, 7.69772986718865], [-76.5468080153776, 7.69797892633542], [-76.5470954387035, 7.69826635595655], [-76.547766377916, 7.69870736550155], [-76.5481881941298, 7.69891840760743], [-76.5485718781896, 7.69893802002261], [-76.5489534011785, 7.6989695484549], [-76.5492090469599, 7.69871076224091], [-76.5493398092847, 7.69833846179963], [-76.549294155201, 7.69802262349432], [-76.5492540580284, 7.69786755339394], [-76.5492546551782, 7.69738526946366], [-76.5492205969529, 7.69700054758625], [-76.5492498438052, 7.69662164612114], [-76.5492672933509, 7.69640234554091], [-76.5492790762683, 7.69625422719994], [-76.5494521139239, 7.69595588250708], [-76.549728658151, 7.69573230475117], [-76.5499822435856, 7.69545702587015], [-76.5501723899438, 7.69528501524035], [-76.5503569146398, 7.69500390875249], [-76.55056586852, 7.69469637838427], [-76.5505793601493, 7.69442088006869], [-76.5504385416054, 7.69415426885357], [-76.550266152361, 7.69393013891395], [-76.5496229347506, 7.69386232373641], [-76.5493800764294, 7.69370513123601], [-76.5491442903767, 7.69354982101662], [-76.5489488443137, 7.6933543695577], [-76.5487534405189, 7.69312446866849], [-76.5485580007511, 7.69292327593763], [-76.5482033009416, 7.69255964406157], [-76.5481138004115, 7.69239635595628], [-76.5477361076352, 7.69199788254547], [-76.5475925407631, 7.6917393391484], [-76.5473110619559, 7.69130263735606], [-76.5472022772632, 7.69084318451458], [-76.5471163164648, 7.69054452056246], [-76.5470189873363, 7.69013101408431], [-76.5469965780296, 7.68963721793257], [-76.5469853095243, 7.6894419940021], [-76.5470490966385, 7.68905739263387], [-76.547009164941, 7.6887702696815], [-76.5468713771123, 7.6884945078646], [-76.546825617808, 7.6882647922357], [-76.5467974681286, 7.68775950544622], [-76.5468150912434, 7.68747245354026], [-76.5468501153405, 7.68707633455457], [-76.5471265633402, 7.68692739693122], [-76.5472476408659, 7.68675530176515], [-76.547334242881, 7.68653723325609], [-76.5474785642843, 7.68618717934426], [-76.5475709714232, 7.68592892642824], [-76.5476288670785, 7.68565340652891], [-76.5476638201292, 7.68531470296058], [-76.547641253441, 7.68494721928816], [-76.5475667248244, 7.6847117273138], [-76.5475036787518, 7.68449921391703], [-76.5473715602492, 7.68429235725598], [-76.5471442889777, 7.68393906038882], [-76.5467105720352, 7.68357959597105], [-76.5452318347813, 7.68325624293076], [-76.544657975585, 7.68310277991887], [-76.5437448705293, 7.68287554641887], [-76.5427692455043, 7.68267903735721], [-76.5416645929466, 7.68237336139106], [-76.5412215518331, 7.68227520308768], [-76.5408130563774, 7.68216560450857], [-76.5403700071701, 7.6820731883765], [-76.539926981345, 7.6819635457306], [-76.5391099058974, 7.68181324383571], [-76.5387013906566, 7.68172086817307], [-76.5380799995922, 7.68157080999445]]], [[[-76.5644581053572, 7.71630648910162], [-76.5644720916137, 7.71656318798915], [-76.5645401316218, 7.71668797252032], [-76.5648840773383, 7.71699429419976], [-76.5651096794681, 7.7172570347328], [-76.5653250257293, 7.71727232770421], [-76.5653920746844, 7.71735853042024], [-76.5655261132395, 7.71757878158392], [-76.5656976355374, 7.71770872012977], [-76.5666216520676, 7.71763005103443], [-76.5671281007812, 7.71768806989691], [-76.5675654509847, 7.7177689729082], [-76.567808968509, 7.71783987545827], [-76.5696104130901, 7.71832355153908], [-76.5698322272754, 7.71864437658506], [-76.569981729673, 7.71877086802953], [-76.5701083191436, 7.71880546674724], [-76.5703615781243, 7.71880576622151], [-76.5706263358367, 7.71881756352808], [-76.5711463112532, 7.71874334068097], [-76.5714320996117, 7.71876339915989], [-76.5717771119241, 7.7190508827404], [-76.5719973567926, 7.71938606456356], [-76.5720532775367, 7.71968344248525], [-76.5721427268053, 7.71981626695549], [-76.5724205885393, 7.72010367049631], [-76.5729195252159, 7.72002770566242], [-76.57269817598, 7.72040367084105], [-76.5726829639476, 7.72041851145347], [-76.5726823640998, 7.72041909691212], [-76.5707388823935, 7.72231518524586], [-76.569534805287, 7.72372585101546], [-76.5682422474817, 7.72531824279084], [-76.5677617505044, 7.72601143302937], [-76.5671613064491, 7.72672840404075], [-76.5654798790931, 7.72887945197318], [-76.5654147465933, 7.72898743447061], [-76.564472332632, 7.72854289328798], [-76.564073872711, 7.72835493677897], [-76.5623866582177, 7.72730903063536], [-76.5597330862129, 7.7258796463767], [-76.5595817420037, 7.72574005360872], [-76.5595681865225, 7.72572755033432], [-76.5596189109839, 7.72547198818984], [-76.5597487586982, 7.72519464086816], [-76.5600028495518, 7.72472366501333], [-76.5601397128774, 7.7244699779553], [-76.5603292009318, 7.72413651743454], [-76.5604737111928, 7.72363431262165], [-76.5606421452188, 7.72317998141923], [-76.5606909541242, 7.7224862776678], [-76.5608193296483, 7.72189220980592], [-76.5609162711689, 7.72159531122292], [-76.5608362773723, 7.72131423261404], [-76.5606208654605, 7.72095512882444], [-76.5602616438597, 7.72052408286845], [-76.5598302426715, 7.72028433170488], [-76.5595426511724, 7.72011652360705], [-76.5595753190457, 7.71987124161285], [-76.5595359188475, 7.71981187736459], [-76.5594341263838, 7.71965850788219], [-76.5594489067416, 7.71933795892804], [-76.5593869011845, 7.71905080989532], [-76.5593344473268, 7.71879716420613], [-76.5592531504125, 7.71859611266887], [-76.5591528238437, 7.71826585553322], [-76.5589875689211, 7.71764593216247], [-76.5588495634565, 7.7172801931748], [-76.5587948900721, 7.71678220438365], [-76.5586841655418, 7.71609643984728], [-76.5587359485052, 7.71590859575357], [-76.559002664941, 7.71615106107108], [-76.559324740944, 7.71635814436132], [-76.5597272882837, 7.71665718962606], [-76.5604059211963, 7.71711733044888], [-76.5614163670717, 7.71760688629719], [-76.561895906271, 7.71770315692359], [-76.5629931502137, 7.71767446225502], [-76.5631006938419, 7.71749794512246], [-76.563431530141, 7.7171069324874], [-76.5636477208656, 7.71682011800247], [-76.5637996721171, 7.71664371418451], [-76.5643020190229, 7.71610375403345], [-76.5643537651141, 7.71608575590138], [-76.5644581053572, 7.71630648910162]]]]}, "properties": {"FID": 305, "TIPO_ACTO_": "RESOLUCION", "NUMERO_ACT": "0060", "FECHA_ACTO": 556329600000, "AREA_ACTO_": 4255.1407, "NUMERO_PLA": "P- 198.745", "PUEBLO": "Embera Katio", "DEPARTAMEN": "05", "MUNICIPIO": "05172", "ID": "10055", "NOMBRE": "Polines", "CODIGO_DAN": "1023", "GlobalID": "ff007236-e4ca-418c-87d8-5351e1f85956", "Shape__Area": 43602757.79638672, "Shape__Length": 52249.94542123347, "FECHA_ACTO_ISO": "1987-08-19"}}, {"type": "Feature", "id": 611, "geometry": {"type": "MultiPolygon", "coordinates": [[[[-76.5596230163891, 7.84333453650408], [-76.5596102145397, 7.84266616035947], [-76.5583404914205, 7.84338408375289], [-76.5579946220541, 7.84170532738341], [-76.5569030294512, 7.84136557700424], [-76.5570555589669, 7.84080852613707], [-76.5576094118448, 7.84082282715623], [-76.5589332444736, 7.84081776936907], [-76.5603646198313, 7.84039766816237], [-76.5606559336244, 7.84006011392761], [-76.5610824514939, 7.83993150547912], [-76.5613737077304, 7.84009404265049], [-76.5617309957888, 7.8399552637689], [-76.5620309637579, 7.83980038522413], [-76.5622319469468, 7.83984060110738], [-76.5625184601588, 7.83974477384677], [-76.5624666412225, 7.83935447707202], [-76.5623225581395, 7.83884734577292], [-76.5621365720451, 7.8386362074396], [-76.5618538449789, 7.83870168527913], [-76.5617061601111, 7.83870455231781], [-76.5614811083664, 7.83876243897991], [-76.5612059185183, 7.83882505427735], [-76.5610114437231, 7.83892790704185], [-76.560753908466, 7.83896323960638], [-76.5605005595531, 7.83907252072479], [-76.5603513359454, 7.8390990938926], [-76.5601460773796, 7.83906321543962], [-76.5599734057481, 7.83909162592235], [-76.5597920043974, 7.8392824890402], [-76.5593276169759, 7.83947988663199], [-76.5590449159901, 7.83948200273677], [-76.5587627222218, 7.8394343692453], [-76.5582513173444, 7.83927237166714], [-76.5585121621066, 7.83870647326971], [-76.5586308555295, 7.83797987411647], [-76.5593058237048, 7.83749166994924], [-76.5598044024512, 7.8374401280041], [-76.5601442157829, 7.83688955495364], [-76.5606176926523, 7.83664857261817], [-76.5614711654619, 7.83657477155311], [-76.5619128378072, 7.83676222624035], [-76.5626268914179, 7.83788263851751], [-76.5629891581231, 7.83765031575406], [-76.5629184902961, 7.83744553562754], [-76.5645767565121, 7.83654450217164], [-76.5654242578232, 7.83607312881646], [-76.5694929436444, 7.83450740283906], [-76.5695385770437, 7.83363914607444], [-76.5694473372248, 7.83282541520549], [-76.57137475614, 7.83245205806078], [-76.5715491283895, 7.83372480919733], [-76.570806747933, 7.83493613843671], [-76.5687416949732, 7.83724559385368], [-76.5688696720977, 7.83928363927308], [-76.5666655704597, 7.83895467086589], [-76.5660914657485, 7.83910426229638], [-76.5656947460157, 7.83920311667506], [-76.5653936529947, 7.83931384570197], [-76.5644295033189, 7.8398873955314], [-76.5642315499461, 7.83986900709351], [-76.5638682643089, 7.83993381403883], [-76.5641727657605, 7.84144910333789], [-76.5645883406793, 7.84242871235965], [-76.5645423583431, 7.84504801479842], [-76.5642494905215, 7.84522746551951], [-76.5640256546602, 7.84562603965434], [-76.5638859836512, 7.84584666223798], [-76.5637730620771, 7.84621928463659], [-76.5636522453548, 7.84643230794896], [-76.5634156454157, 7.84652913255771], [-76.5622474485609, 7.84691375730837], [-76.5611123089859, 7.84728064473024], [-76.5608278759057, 7.84711898709589], [-76.5607337492631, 7.84685603072554], [-76.5606252379643, 7.84665668160491], [-76.559782664938, 7.84577634964318], [-76.5595514069718, 7.84546833454032], [-76.5592770211176, 7.84526398249114], [-76.5591320935712, 7.84510657595206], [-76.5588076802302, 7.84493489717211], [-76.5588858933692, 7.84465708400162], [-76.5590928210768, 7.8442394091658], [-76.5596230163891, 7.84333453650408]]], [[[-76.5606715161775, 7.8598273321096], [-76.560761034694, 7.85852089146992], [-76.5612390216635, 7.85862733792526], [-76.5625844802895, 7.85807536732829], [-76.5629894575973, 7.85826400282543], [-76.5637144649506, 7.858160348765], [-76.562964943877, 7.86020440615232], [-76.5628803662359, 7.8602495476224], [-76.562495651553, 7.86039996552987], [-76.5623425024045, 7.86054848586778], [-76.5615779464651, 7.86100829663942], [-76.5613427368777, 7.86087427247358], [-76.5606715161775, 7.8598273321096]]], [[[-76.572154605051, 7.84653539363782], [-76.5720486999875, 7.8463336109517], [-76.5720367066287, 7.84590195435604], [-76.5718688499674, 7.84577863661911], [-76.5719944555796, 7.84562963424456], [-76.5717778133953, 7.84545495892353], [-76.5717384959348, 7.84515744790225], [-76.5716263918445, 7.84512196425159], [-76.5716337294131, 7.84507110938855], [-76.5715869736598, 7.84496268892135], [-76.5716580947453, 7.84421539097188], [-76.5715482317655, 7.84397720103139], [-76.5713371968541, 7.84389514059267], [-76.5703978378899, 7.84317820285619], [-76.5703371966043, 7.84295138754093], [-76.5702430438813, 7.84269793430665], [-76.5701690188851, 7.84247114237376], [-76.5700950172712, 7.84225769907799], [-76.5700845158877, 7.84212464168332], [-76.5700782530089, 7.84204529090192], [-76.5700744767557, 7.84199744067382], [-76.5701076932155, 7.84185722377631], [-76.570099417654, 7.84166831038869], [-76.5700408475071, 7.84141321499233], [-76.5700087345155, 7.84118710654419], [-76.5699546573815, 7.84108993929375], [-76.5700510844899, 7.84088453233981], [-76.5700177331318, 7.84069071854632], [-76.5700254726974, 7.84055444337735], [-76.5700855159338, 7.84057938247701], [-76.5701315828063, 7.84058695566795], [-76.5701699577773, 7.84058497356219], [-76.5702064180917, 7.84058491060964], [-76.5702601786643, 7.84060203550005], [-76.5703082060588, 7.84063256838281], [-76.5703504732957, 7.84066119740081], [-76.5704330490459, 7.840695495745], [-76.5705347794565, 7.84071062414049], [-76.5706345628348, 7.84071044787336], [-76.5706748614557, 7.84071037682693], [-76.5707382222911, 7.84073131394345], [-76.5708130809589, 7.84074266338772], [-76.5713777841574, 7.84075164401768], [-76.5712100057372, 7.840592133065], [-76.5714218725213, 7.84042591316989], [-76.5716339713307, 7.84029174601175], [-76.5717204123671, 7.84040857873741], [-76.5719287879832, 7.84011948357181], [-76.5721787770289, 7.8398248099116], [-76.5724097858829, 7.84033163993774], [-76.572522062643, 7.84068785690356], [-76.5728834048452, 7.84141886903008], [-76.573177002017, 7.84162150787075], [-76.5731913848744, 7.84186712621135], [-76.5735332045937, 7.84223616481158], [-76.5741483975305, 7.84315157932636], [-76.574332353855, 7.84322468521545], [-76.5747859368215, 7.84356876313235], [-76.5748131386154, 7.84388185400876], [-76.5751088419994, 7.8441648104021], [-76.576591406768, 7.84539120418507], [-76.5765806742587, 7.84540810244631], [-76.5762472452142, 7.84558608367519], [-76.5761816369729, 7.84552571128688], [-76.5759357515337, 7.84548828959726], [-76.575818075244, 7.84553042463375], [-76.5756426723714, 7.84555056944752], [-76.5755293470017, 7.84546251232944], [-76.5753617034798, 7.84550435598561], [-76.5746343623859, 7.84584320794203], [-76.5745378408486, 7.8457960124204], [-76.5738735485254, 7.84604336735185], [-76.5730751142251, 7.84619401278777], [-76.5726311917761, 7.84631818847791], [-76.5723584786608, 7.84642801008889], [-76.572274485579, 7.84636883289962], [-76.572154605051, 7.84653539363782]]], [[[-76.5616632498591, 7.86266901620594], [-76.5615757719043, 7.8621698358131], [-76.5671931127719, 7.86499418547698], [-76.56976727464, 7.86638596188632], [-76.5699017026014, 7.86651125723239], [-76.5694761200269, 7.86676549377622], [-76.5691309098636, 7.86704099389043], [-76.5687040124802, 7.86751151109103], [-76.568349707473, 7.8679022539295], [-76.5682073861619, 7.86800054982913], [-76.5678627452695, 7.86829312627037], [-76.5668704018476, 7.86860093542845], [-76.5664630503294, 7.86843017665496], [-76.5661826615006, 7.86831165590181], [-76.5644661201153, 7.86752419243117], [-76.5634320013857, 7.86745323142512], [-76.563492502377, 7.86710754911774], [-76.5634686667455, 7.86670882839338], [-76.5633322908525, 7.86635577074591], [-76.5633290595884, 7.86617450339432], [-76.5635285022386, 7.86604291189455], [-76.5634728674788, 7.86589998623904], [-76.5634133269634, 7.86572855747066], [-76.5634063617142, 7.86557872771981], [-76.5631291771697, 7.86508170300192], [-76.5630552358105, 7.86490705376123], [-76.5631039772667, 7.8647631874149], [-76.5631494478887, 7.86451608609225], [-76.563116726056, 7.86414845762894], [-76.5627452997558, 7.86389067685699], [-76.5625542990416, 7.86370028408464], [-76.5623177800415, 7.863265888154], [-76.562158233116, 7.86303005803455], [-76.5619050029135, 7.86287970847556], [-76.5616632498591, 7.86266901620594]]], [[[-76.5684859466691, 7.85580461603424], [-76.5678137690902, 7.85484458075683], [-76.5681906183024, 7.8539867237524], [-76.5685250455944, 7.8531994716224], [-76.5690013841066, 7.85206090652976], [-76.5694852364545, 7.85116500100814], [-76.5702868471602, 7.85225988423038], [-76.5704293051683, 7.8529672109122], [-76.5705208867295, 7.85334422290167], [-76.5709939553067, 7.85396064521168], [-76.571801903535, 7.85507766254811], [-76.5720734529275, 7.85542103089987], [-76.5725133652995, 7.85536450491198], [-76.5725469855549, 7.8561055399827], [-76.5727933161586, 7.8562877938906], [-76.5728376689232, 7.85649539788828], [-76.5727219702427, 7.85777096929871], [-76.5727723484651, 7.85833205632325], [-76.5719895066104, 7.85886419686912], [-76.5710715119407, 7.85945215653568], [-76.5702469874085, 7.86004044175688], [-76.5698939432509, 7.85929237758509], [-76.5691762968486, 7.85825151304082], [-76.5695571642317, 7.85770521536735], [-76.5694142133952, 7.85688688536547], [-76.5689102531057, 7.85664247571365], [-76.5684859466691, 7.85580461603424]]], [[[-76.552252157611, 7.85188951283491], [-76.5519354901307, 7.85099188780952], [-76.551926621916, 7.85082789463582], [-76.5513624052508, 7.84974971182393], [-76.5501038687985, 7.84888667652315], [-76.5510685140007, 7.84835947505397], [-76.5522257903879, 7.84757250890846], [-76.5524118178511, 7.84749020745141], [-76.5528750316573, 7.84656282385955], [-76.5532310858459, 7.84605227783468], [-76.5537342097659, 7.84664842043255], [-76.555317787286, 7.84684569032068], [-76.5565755008586, 7.84857543555218], [-76.5561676753979, 7.84940448007694], [-76.5565393939778, 7.84963783796007], [-76.5568879864913, 7.85027919217517], [-76.5575267416657, 7.8508749174876], [-76.5568834368211, 7.85078696019422], [-76.5565871821527, 7.850919451016], [-76.5562364015887, 7.85090468414802], [-76.555959688289, 7.851015807078], [-76.5556516668909, 7.85114636076014], [-76.5549283628536, 7.85143820964978], [-76.5542319764245, 7.8514039562717], [-76.553608739052, 7.85195220727271], [-76.552252157611, 7.85188951283491]]]]}, "properties": {"FID": 611, "TIPO_ACTO_": "RESOLUCION", "NUMERO_ACT": "0029", "FECHA_ACTO": 928108800000, "AREA_ACTO_": 176.8036, "NUMERO_PLA": "P-466.880", "PUEBLO": "Embera Katio", "DEPARTAMEN": "05", "MUNICIPIO": "05045", "ID": "10073", "NOMBRE": "Las Playas", "CODIGO_DAN": "1555", "GlobalID": "084c3c95-5a82-4261-83ca-767917dddc83", "Shape__Area": 2058789.9555664062, "Shape__Length": 18000.63442220307, "FECHA_ACTO_ISO": "1999-05-31"}}, {"type": "Feature", "id": 634, "geometry": {"type": "MultiPolygon", "coordinates": [[[[-76.5548732272176, 7.65112584133503], [-76.5547048966137, 7.65103231364087], [-76.5545073146608, 7.6510637125708], [-76.5543321213303, 7.65119327160271], [-76.5541532497726, 7.65128147531036], [-76.5540423264922, 7.65137588434012], [-76.5538961839617, 7.65148675815785], [-76.55371390847, 7.65158157637917], [-76.5534855265358, 7.65165795939783], [-76.5532784081719, 7.65170034354652], [-76.5530730722645, 7.65170613068389], [-76.5528678883424, 7.65172248575461], [-76.5526601332585, 7.65174861195937], [-76.5523090235426, 7.651741233022], [-76.552151048632, 7.65171612305117], [-76.5520026218235, 7.65169818427429], [-76.5519996432689, 7.65169964657192], [-76.5516219361034, 7.65188493119513], [-76.5514252282916, 7.65211516033687], [-76.551107506806, 7.65111413036338], [-76.5509519384811, 7.65090959215449], [-76.5508162002074, 7.65072065898174], [-76.55069117196, 7.6505361819498], [-76.5505375182918, 7.65033380031519], [-76.550389570822, 7.65019462303401], [-76.5502463996516, 7.65014575747127], [-76.5500549708602, 7.65022364325707], [-76.549790146598, 7.65032444466795], [-76.5494843159484, 7.6503804031836], [-76.5491617201372, 7.65038676858507], [-76.5490007891551, 7.65035155563033], [-76.5487822053345, 7.65032119002146], [-76.5484836016369, 7.65026418109762], [-76.5483345695847, 7.65021986610447], [-76.5481563554314, 7.6501395818268], [-76.5479858250857, 7.65000956683863], [-76.5478946644072, 7.64985642308603], [-76.5478488421503, 7.6496985902683], [-76.5478247870842, 7.64940521612838], [-76.5477932172831, 7.64917494202055], [-76.5477612077135, 7.64893121045759], [-76.5477171058597, 7.64874174938285], [-76.5476845827772, 7.64859739290597], [-76.5476399368336, 7.64840793722716], [-76.5475844648511, 7.64820950811295], [-76.5474953069628, 7.64794803472463], [-76.547422760452, 7.64774066994662], [-76.5473503038734, 7.64753330426921], [-76.547293371392, 7.64738005439664], [-76.5472382636349, 7.64724486021276], [-76.5471708405618, 7.64707811871085], [-76.547030329586, 7.64679887022237], [-76.5468997417296, 7.64662345655798], [-76.5468148565204, 7.64647488316002], [-76.5467073470664, 7.64628126901604], [-76.546640076878, 7.64604677169186], [-76.5466630590529, 7.64583885922666], [-76.5467374051071, 7.64560355161328], [-76.5467972136205, 7.64542253067594], [-76.5468331442342, 7.64527778209468], [-76.546881415345, 7.6451058613971], [-76.5469309634931, 7.64476228799993], [-76.5469327828216, 7.64459063260235], [-76.5469458041055, 7.64438277769378], [-76.5469517180473, 7.64393104823004], [-76.546932066062, 7.64375725694261], [-76.546930253928, 7.64374145765294], [-76.546920988213, 7.64351566306817], [-76.5469001581157, 7.64332606799439], [-76.546879611305, 7.64309130447089], [-76.5468596211745, 7.64287460383067], [-76.5468268264968, 7.64266701152414], [-76.5467964357069, 7.64249960632256], [-76.546052127104, 7.64161880851202], [-76.5450398430143, 7.6410298029339], [-76.5429719976595, 7.64030959616183], [-76.5414122638649, 7.64022698803596], [-76.5398561993041, 7.6407848617828], [-76.5383476090549, 7.64161709350491], [-76.5364269917122, 7.64258889731057], [-76.5351036680997, 7.64374023187695], [-76.5341031606323, 7.64521007123852], [-76.5331966377146, 7.647091148988], [-76.5327496162018, 7.64910692629421], [-76.5327086808609, 7.64997650236422], [-76.5280598333945, 7.64702885025191], [-76.5223588483821, 7.64454475638612], [-76.5185019484061, 7.64374295412481], [-76.5154285746689, 7.64362310057639], [-76.5128606819749, 7.64368331468397], [-76.5095157462546, 7.64420556538532], [-76.5069037409149, 7.64458625470265], [-76.5095341077129, 7.6393553714042], [-76.5100401886038, 7.63775374269204], [-76.5103451343205, 7.63678853001765], [-76.5107428343143, 7.63413250106516], [-76.5107801984474, 7.63262240894811], [-76.5105671337662, 7.63113314962634], [-76.5103026917158, 7.62928498076848], [-76.5101130381861, 7.6281878528384], [-76.5095057655786, 7.62622380453624], [-76.5088507884331, 7.62393975946371], [-76.5085171498466, 7.62169961839414], [-76.5079434228506, 7.61753916125488], [-76.5078824290308, 7.61632476532731], [-76.5078400943448, 7.61548075698297], [-76.5081376017689, 7.61131540573319], [-76.5082975839663, 7.60715073527015], [-76.5084614872079, 7.60636619099887], [-76.5092816167532, 7.60243975724109], [-76.5093570950539, 7.60179058881671], [-76.5093847285224, 7.6014561687193], [-76.5094215809412, 7.60116686760896], [-76.5094717954869, 7.60074197931098], [-76.5095345025152, 7.600317020866], [-76.5095565332074, 7.60020948083502], [-76.5095956591123, 7.60001855026805], [-76.5096561196342, 7.59969297949956], [-76.5097417171065, 7.59931306359918], [-76.509814480354, 7.59896935620305], [-76.509886851497, 7.59865275437331], [-76.509958504981, 7.59841746384708], [-76.5100254073466, 7.59825501570861], [-76.510437942557, 7.59610392191072], [-76.5111041477382, 7.59316019264117], [-76.5112750998659, 7.59161746052978], [-76.510924470388, 7.58677908813698], [-76.5105840311281, 7.58373330919751], [-76.5105429545936, 7.5825459037232], [-76.5104552518084, 7.58000516515906], [-76.5102179450021, 7.57613425464505], [-76.5098439232584, 7.57351895688737], [-76.508460680516, 7.57033561854704], [-76.5070827941356, 7.56812034643002], [-76.5062005457186, 7.5684815753176], [-76.5052186632107, 7.56888364961388], [-76.5028180875846, 7.57011610123022], [-76.5012425850772, 7.57109289177659], [-76.5003135656185, 7.5720303073059], [-76.4993148594932, 7.57336245326758], [-76.4978147354616, 7.57498431672577], [-76.4960274372164, 7.57664355061225], [-76.4944158593044, 7.57762061904917], [-76.4916938848648, 7.57921329950699], [-76.4894706303652, 7.58005028414609], [-76.487892857969, 7.58063280021634], [-76.4862070509146, 7.58117995404436], [-76.4850614063588, 7.5819392201716], [-76.4844872863591, 7.58208577279289], [-76.4841277410024, 7.58205198526361], [-76.4843623201649, 7.57900294628178], [-76.4849616211818, 7.57692001120247], [-76.486133237259, 7.57436782786594], [-76.4868222375562, 7.57347151135417], [-76.4877385639835, 7.5722793277818], [-76.4888827858119, 7.57126909774374], [-76.4908165593367, 7.57007516049338], [-76.4933942141716, 7.56837570262974], [-76.4960095865731, 7.56699873085994], [-76.4951843686637, 7.56479352035796], [-76.4945126533362, 7.56274022423533], [-76.4921557793657, 7.56537070704573], [-76.4878653971703, 7.56923097947928], [-76.4801758591286, 7.57572744721686], [-76.4794086070216, 7.57343694501203], [-76.4782458879374, 7.57111275060603], [-76.4770510090967, 7.56946992215229], [-76.4728134881519, 7.56992355368216], [-76.4734162173845, 7.56845015570324], [-76.4748376273546, 7.56557390526475], [-76.4748771165856, 7.5655109886944], [-76.4765117180413, 7.56291137511324], [-76.4789687090387, 7.55888205711473], [-76.4789557731904, 7.55835993861373], [-76.4789153540603, 7.55673116746291], [-76.4787375886688, 7.54956090426609], [-76.4784281319527, 7.54373468596092], [-76.4780559843961, 7.53672846090391], [-76.4765110129728, 7.53673693611488], [-76.4751439652218, 7.53642171924117], [-76.4739914840197, 7.53592608037849], [-76.4726580124573, 7.53518036163857], [-76.4676526647387, 7.53316394941105], [-76.467039189507, 7.53297630856411], [-76.4670305506194, 7.53298593310864], [-76.4668071149563, 7.53323298137124], [-76.466553290302, 7.53348552539095], [-76.466267868867, 7.53373806221608], [-76.4655390492877, 7.53386355271506], [-76.4648103430229, 7.53389409009443], [-76.4642400694236, 7.53392493594131], [-76.4639548908056, 7.53392450336739], [-76.4634934450664, 7.53392385765416], [-76.4634773957652, 7.53393587079804], [-76.463288682027, 7.534076664161], [-76.4625538837547, 7.53459888878194], [-76.46150423823, 7.53522537090836], [-76.4606652040359, 7.53532877855448], [-76.4593013425829, 7.53574546953203], [-76.4587765153239, 7.53605866203178], [-76.4577272538097, 7.53647580536828], [-76.4567831338345, 7.53668376639687], [-76.4559436346909, 7.53710112107401], [-76.4555234246663, 7.53762379715465], [-76.4552080531091, 7.53814653438916], [-76.4545779215338, 7.53877361456475], [-76.4540527786128, 7.53929604692911], [-76.4534231947246, 7.53960908294686], [-76.4531078195702, 7.54013191101297], [-76.452582826836, 7.54054981067926], [-76.4520579240339, 7.54096761951406], [-76.4517430075337, 7.54117649245519], [-76.4512178592168, 7.54169892392019], [-76.4504833370364, 7.54201180345596], [-76.449853897939, 7.54222021504487], [-76.4491192831284, 7.54253309368132], [-76.4488038369275, 7.54316054167963], [-76.4486982906935, 7.54357905468355], [-76.4481730704308, 7.54420619421442], [-76.4475435360054, 7.54441451497179], [-76.4470187779942, 7.54472769847844], [-76.4467033920479, 7.54525052474582], [-76.4464930001518, 7.5456687940335], [-76.4463872326846, 7.5462965504993], [-76.4462816181021, 7.54681968613345], [-76.4460709168393, 7.54744728881516], [-76.4458604610913, 7.54797017893442], [-76.4454400747996, 7.54859747224936], [-76.4449152196616, 7.54891065665526], [-76.4443906091392, 7.54911921843097], [-76.4438654428359, 7.54964173533156], [-76.4435498968102, 7.55026918512852], [-76.4435409521532, 7.55032262734113], [-76.4435283607452, 7.55033823597455], [-76.4433309730459, 7.55053463441959], [-76.4428232508923, 7.55115210084248], [-76.4425412981424, 7.55134832481902], [-76.4421748531869, 7.5516569451656], [-76.4419104381162, 7.55184819499187], [-76.442044738374, 7.54829097969874], [-76.4418523643951, 7.54596135338764], [-76.4415606351152, 7.54517411654615], [-76.4408294170439, 7.54284740223979], [-76.4396662276143, 7.54037963646508], [-76.4393002925744, 7.53916247602157], [-76.4387833020077, 7.53658361069926], [-76.4388089461759, 7.53468311928474], [-76.4393104621081, 7.53394038359609], [-76.4393436030248, 7.53389132737711], [-76.4397000061503, 7.53335157047288], [-76.4405592031447, 7.53277323175353], [-76.4412777452717, 7.53276935117889], [-76.4422138756698, 7.53312288097049], [-76.4431119269738, 7.53308216056756], [-76.4436825144364, 7.53229026164059], [-76.4441773277214, 7.53078160304289], [-76.4447819050608, 7.52963093667277], [-76.4456039780411, 7.52883767797091], [-76.4472152897538, 7.52782494511961], [-76.4514436358151, 7.5257223742427], [-76.4521565023207, 7.52467872090082], [-76.4524923955076, 7.52441679425422], [-76.4537307583678, 7.52345105997302], [-76.4548730601436, 7.52280033752018], [-76.4557007457927, 7.52232885085042], [-76.4575994277714, 7.52131453519231], [-76.4595708505143, 7.52044337631548], [-76.4594612726196, 7.52012125804432], [-76.4592816681144, 7.52012223380877], [-76.4587430623424, 7.52019680379413], [-76.4581331493254, 7.52034358394393], [-76.4573791918962, 7.52045527974206], [-76.4569850181441, 7.52063666400554], [-76.4561256772582, 7.52117915574811], [-76.4553383172095, 7.52175712214812], [-76.4545485065083, 7.52186900860249], [-76.4539015818925, 7.52183664919665], [-76.4524525060783, 7.52184450207674], [-76.4522127746998, 7.52180993393598], [-76.4513862428807, 7.52177854220059], [-76.4505592299245, 7.52167550957176], [-76.4498756759217, 7.52149987287551], [-76.4491184899263, 7.52100200639213], [-76.448648640922, 7.52050258588029], [-76.4485855804601, 7.52009320729036], [-76.4485003750922, 7.51953984544226], [-76.4484997167884, 7.51953524181268], [-76.4485049148699, 7.51952563705324], [-76.4485423788277, 7.51945613924415], [-76.448926525139, 7.51874412169859], [-76.4495693569402, 7.51802347785601], [-76.4505357441292, 7.51733695159381], [-76.4516471568907, 7.51690070755642], [-76.4530809541227, 7.51628338142775], [-76.4545858436617, 7.5155222878781], [-76.454321375531, 7.51533336189997], [-76.4538529699386, 7.51499863873106], [-76.4535398808608, 7.51477492068091], [-76.4528171919598, 7.51402589153658], [-76.452273808989, 7.51320415580209], [-76.452196475387, 7.51220056006272], [-76.452368093013, 7.51072952280425], [-76.4527238819016, 7.51008216741314], [-76.4531158046506, 7.50947057266381], [-76.4533639707706, 7.50885966589591], [-76.4533235534392, 7.5080352079136], [-76.4533236370762, 7.50803403339903], [-76.4534251345623, 7.50688717565772], [-76.4526364273292, 7.5072141565632], [-76.4515625315855, 7.50793712964992], [-76.4506317125835, 7.50855172633613], [-76.4495925819321, 7.50905930369896], [-76.4486594237934, 7.50924368180553], [-76.4473320019703, 7.50960934345146], [-76.4458969411908, 7.50997567059571], [-76.4447166682396, 7.5100157353929], [-76.444639643105, 7.51001832004446], [-76.4442936325451, 7.50983235463449], [-76.4442433325637, 7.50980525086668], [-76.4441070169253, 7.50975882516467], [-76.4434153708227, 7.50952295367642], [-76.4427322251121, 7.50941903341668], [-76.4421932344302, 7.50942193552896], [-76.441474730974, 7.50942580531169], [-76.4407911077234, 7.50925023786323], [-76.4407046145263, 7.50920986639727], [-76.440314813278, 7.50902819884731], [-76.4401067973907, 7.50893120156872], [-76.4395313778708, 7.50882669405174], [-76.4387757728835, 7.50861564385193], [-76.4383424687299, 7.50822351875545], [-76.4382307828243, 7.50750703697526], [-76.4382964666086, 7.50635918908045], [-76.4383653519794, 7.50582107343894], [-76.4384967222459, 7.50555529049939], [-76.4385431101763, 7.50546153257881], [-76.4389358270267, 7.50499323130772], [-76.4396168368475, 7.50470271970992], [-76.4402610311216, 7.50423315669003], [-76.4406537452741, 7.50376485541897], [-76.4410099397569, 7.50318932887964], [-76.4410957359794, 7.50281618757223], [-76.4411503113378, 7.5025790048724], [-76.4413981078364, 7.50189636817812], [-76.4415394461885, 7.50146528624928], [-76.4422912542379, 7.50095936633697], [-76.4424423718179, 7.50083071292235], [-76.4434356775145, 7.49998505522144], [-76.4441509604984, 7.49937163664706], [-76.4455842469154, 7.49868261566559], [-76.4457658515128, 7.49798145293712], [-76.4457915811165, 7.49796821491659], [-76.4459015852899, 7.49756937548168], [-76.4462542787119, 7.49634834165809], [-76.4463143282436, 7.49416082351874], [-76.4459818740642, 7.49247738168142], [-76.4460123862626, 7.49147319868477], [-76.4466169357229, 7.49032254580451], [-76.4469696282457, 7.48910151377954], [-76.4472825068822, 7.48716361776248], [-76.447674337001, 7.48655194117491], [-76.448047912681, 7.48626470760592], [-76.4484256351349, 7.48597419870607], [-76.4490344392879, 7.48561233669575], [-76.4496078865947, 7.48535826742587], [-76.4502534010736, 7.48513967551143], [-76.4508272341895, 7.48495724623572], [-76.4514373918221, 7.48484644526308], [-76.452011224938, 7.48466410681892], [-76.4524037178572, 7.48415993788666], [-76.4527249206186, 7.48376384588064], [-76.4533337157783, 7.48340197937373], [-76.45380031823, 7.48332772774829], [-76.4540519764175, 7.48336223743318], [-76.4542691465039, 7.483647915175], [-76.4543348051071, 7.48385381945407], [-76.4544517565433, 7.48422062593699], [-76.4545275127345, 7.4849372920782], [-76.4545649002499, 7.4851881606609], [-76.4548889241844, 7.48532979129264], [-76.4550818224681, 7.48532874987769], [-76.4556434095157, 7.48532580819532], [-76.4562545348189, 7.48539415217416], [-76.4565787539063, 7.48557164686984], [-76.4565803744846, 7.48587059141045], [-76.4565820598142, 7.48618119206412], [-76.456583614742, 7.48646803083073], [-76.4565133893814, 7.48675525810441], [-76.4565155279692, 7.48714969625721], [-76.4565163058828, 7.48729316150593], [-76.4568052643514, 7.48757844714335], [-76.4568429522405, 7.48790095751888], [-76.4566642416614, 7.48808108003356], [-76.456448906192, 7.4881181105181], [-76.4561978298659, 7.48819129195025], [-76.4561991905402, 7.48844226485434], [-76.4562234920205, 7.48865001903884], [-76.4562368775298, 7.48876477702853], [-76.4563451810852, 7.48887170282254], [-76.456490288496, 7.48912189871234], [-76.4564922346289, 7.4894804710026], [-76.4562776770731, 7.48966087590435], [-76.4562793489128, 7.48996903669733], [-76.456279623206, 7.49001944819462], [-76.4564610722207, 7.49037704831775], [-76.4563558812189, 7.49084371102408], [-76.455889077319, 7.49088210218288], [-76.4556040075189, 7.49131395842809], [-76.455643251235, 7.49192322033592], [-76.4555379685024, 7.49238997297445], [-76.4552888356112, 7.49282154593317], [-76.4552185167211, 7.4931087741062], [-76.4552931145855, 7.49361042223877], [-76.4555102037329, 7.49389609638329], [-76.4559438874005, 7.49435984618547], [-76.4564011234131, 7.49442576469281], [-76.4566629430403, 7.49446346876956], [-76.4569166462862, 7.49485663707964], [-76.4569087232589, 7.49486453852314], [-76.4566664476984, 7.49510887982642], [-76.4564155638272, 7.49521783808824], [-76.4560566704789, 7.49529151414754], [-76.4558425005309, 7.49554365347233], [-76.4558081203484, 7.49583068559312], [-76.4554141588363, 7.49604793032321], [-76.4548398355899, 7.49615863506844], [-76.4545899220872, 7.49644683540856], [-76.4545916721679, 7.49676954093701], [-76.4547738892036, 7.49723464961483], [-76.4550271131108, 7.49755599626762], [-76.4550298380565, 7.49805794297512], [-76.4546719159761, 7.49831085841476], [-76.4544571596701, 7.49845548828551], [-76.4542442586655, 7.49895860051434], [-76.4543543024091, 7.49935245590646], [-76.4546795071535, 7.4997092799147], [-76.4548629976292, 7.5004253623959], [-76.4546496937284, 7.50082087523849], [-76.4544354311502, 7.50107310629414], [-76.454077702424, 7.50136188759634], [-76.4540798428105, 7.50175623581695], [-76.45415366456, 7.50211441960005], [-76.454371733069, 7.50257942485586], [-76.4547683215008, 7.50282826007136], [-76.4548507263799, 7.50286612063022], [-76.4553085721329, 7.50307622654188], [-76.4557769480477, 7.50332476228319], [-76.4562448293354, 7.50346569863832], [-76.4571804120463, 7.50374747961771], [-76.4575397910285, 7.50374553348481], [-76.4578989892469, 7.50374358735191], [-76.4580433250394, 7.50385031709369], [-76.4580442099723, 7.50402964730558], [-76.4580460562804, 7.50435235283402], [-76.4582981164648, 7.50445849801649], [-76.4588711842577, 7.50413267813582], [-76.4591959024689, 7.50438189736189], [-76.4596271696581, 7.50441542498707], [-76.459841822542, 7.50423501648804], [-76.4601648860007, 7.50419739784683], [-76.4604892121074, 7.50437488354922], [-76.4605272983961, 7.5047691256498], [-76.46042074672, 7.50498481635136], [-76.4603506283788, 7.50530790948764], [-76.4603506382713, 7.50532634109296], [-76.4603517084645, 7.50552301652915], [-76.4607111935667, 7.50555693356079], [-76.4610249958069, 7.50529792791219], [-76.4611046622503, 7.50523208494794], [-76.4614655134227, 7.50551697308499], [-76.4613692311051, 7.50632120801246], [-76.4613994222455, 7.50632971739769], [-76.4616177416654, 7.50634063876464], [-76.4617714744739, 7.5063608546249], [-76.4617802581524, 7.5066268740861], [-76.4621182737393, 7.50662503946914], [-76.4622968952855, 7.50644473349278], [-76.462511259487, 7.50622836740041], [-76.4627982826146, 7.50615516438448], [-76.4630856942493, 7.50615360316139], [-76.4631241753404, 7.50661957608768], [-76.463160700406, 7.50672688859018], [-76.4635195982508, 7.50665320443696], [-76.4639858274839, 7.50650720310009], [-76.4641679707752, 7.50697239451552], [-76.4641499771397, 7.5075404027225], [-76.4641373155846, 7.50794070085777], [-76.4642119305361, 7.50844225276282], [-76.4642853718724, 7.50872869942499], [-76.4643226838447, 7.50873156916164], [-76.4647167343898, 7.50876222255361], [-76.464825632397, 7.50897674143853], [-76.4648633319771, 7.5092992482168], [-76.4652224276729, 7.50926142902677], [-76.4652931287748, 7.50904593257878], [-76.4654362028185, 7.50893755348035], [-76.4656876793429, 7.50893618561153], [-76.4657962769766, 7.50907906270363], [-76.4658697192121, 7.50936541943362], [-76.4662294021652, 7.50943528686407], [-76.4664078267597, 7.50921911412587], [-76.466514074465, 7.50893168990066], [-76.4665475706138, 7.50850128516126], [-76.4664747156356, 7.50832234705374], [-76.4663287044061, 7.50789291807881], [-76.4663632707483, 7.50764175092115], [-76.4665052611089, 7.50731826657984], [-76.4668644584279, 7.50731631145373], [-76.4671878096697, 7.50731455327913], [-76.4673308828139, 7.5072061741807], [-76.4676174068179, 7.50702536997997], [-76.4679048193519, 7.5070238060589], [-76.4681916437293, 7.506914643651], [-76.4684040456101, 7.50633979699915], [-76.4685818793502, 7.50601611660562], [-76.4690139316476, 7.50619300875552], [-76.4693740939392, 7.50633451438146], [-76.4696282216651, 7.50683517775635], [-76.4697749136813, 7.5073721107894], [-76.4699562781597, 7.50769383425812], [-76.4699592216408, 7.50823173136437], [-76.4699665484175, 7.50831354359022], [-76.469997602907, 7.50866174399934], [-76.4701063759085, 7.50867099892255], [-76.4703929349859, 7.50869545688489], [-76.4708603405322, 7.50876464262924], [-76.4711499123385, 7.50915750966636], [-76.471476600065, 7.5097652831963], [-76.4718007373141, 7.50990689404294], [-76.4723390364173, 7.50979635657164], [-76.4728782123596, 7.50982928165108], [-76.4730956225649, 7.51018667403081], [-76.4732425187272, 7.51075955926127], [-76.4729819230773, 7.51144254129525], [-76.4728174433703, 7.51187339029967], [-76.4725314032017, 7.5121259271248], [-76.4722458468683, 7.51245019657428], [-76.4719230828839, 7.51255955863169], [-76.4717075441678, 7.51256073494489], [-76.4712755898965, 7.51241962412128], [-76.4710235234168, 7.51231348793205], [-76.4707365011885, 7.51238669634388], [-76.4707011515369, 7.51249448998364], [-76.4706683550605, 7.51306835727377], [-76.4704182527001, 7.513320698946], [-76.4702744978698, 7.51332148405418], [-76.4700948969619, 7.51332246251655], [-76.4698434186388, 7.51332383308334], [-76.4695192804904, 7.51318213410314], [-76.4693393917995, 7.51314724670299], [-76.4692324516163, 7.5132912983097], [-76.4692342178848, 7.51361399934153], [-76.4690919289493, 7.51386575375644], [-76.4689493522308, 7.51408164230885], [-76.4686263894963, 7.51415513580579], [-76.4683743221173, 7.51404890878497], [-76.4681576052892, 7.51383497805668], [-76.4680833743482, 7.51340515967529], [-76.468009341258, 7.51301111812351], [-76.467613807731, 7.512941627509], [-76.4672908449965, 7.51301503107374], [-76.4666115276998, 7.51362828777017], [-76.4664703224474, 7.51409514562933], [-76.4665810784539, 7.51463245637764], [-76.466661684689, 7.51472182111001], [-76.466870350786, 7.51495350355621], [-76.4672682396375, 7.51545338452089], [-76.4669103166577, 7.51570631165182], [-76.4664073573136, 7.51570905098677], [-76.4663393496812, 7.5157217080452], [-76.4660125153653, 7.51578293478943], [-76.4660142789358, 7.5161056376199], [-76.4661596021838, 7.51639160224547], [-76.4664832609936, 7.51646157219864], [-76.4667358122079, 7.51663944101221], [-76.4666483036762, 7.51715831745718], [-76.4665966592084, 7.5174649592952], [-76.4665972815393, 7.5175954140519], [-76.4665991557264, 7.51793808183177], [-76.4665993140071, 7.51796690150605], [-76.4667990876078, 7.51804540692474], [-76.4669593962591, 7.51810840623274], [-76.4676061131316, 7.51810488268893], [-76.4679671765439, 7.51842562679599], [-76.4683609482991, 7.51817241188206], [-76.4688808643604, 7.51787676965196], [-76.4689340205886, 7.51784657581358], [-76.469264905451, 7.51794622789085], [-76.4694019198627, 7.51798749058498], [-76.4696204910928, 7.51801051143071], [-76.4697254743511, 7.51802159377627], [-76.4699748995219, 7.51766165361717], [-76.470334392718, 7.51769555985701], [-76.4707313957373, 7.51801610431456], [-76.4712339638763, 7.51794162875793], [-76.4716293948806, 7.51797533714683], [-76.471846509209, 7.51826099510362], [-76.4718690516154, 7.51832718610552], [-76.4719560933989, 7.51858301804662], [-76.4723523122094, 7.51876018808695], [-76.4722109172, 7.51919118188229], [-76.4719973408046, 7.51955101592138], [-76.4719998975772, 7.52001709047108], [-76.472180484142, 7.52019543772394], [-76.4726846260946, 7.52040770380716], [-76.4734756005185, 7.52051098285027], [-76.4738728040866, 7.52086738867374], [-76.474411508784, 7.52082857753147], [-76.4749863491406, 7.52082543350165], [-76.4752057243646, 7.52150552061796], [-76.4753162069773, 7.52200687107489], [-76.4758194577018, 7.52203989328108], [-76.4766818257057, 7.52207113123233], [-76.4772214099401, 7.52217568641345], [-76.4772594035986, 7.52248346229655], [-76.477296548297, 7.52278482871148], [-76.4772987165625, 7.52317926056903], [-76.4772720966299, 7.52321147788202], [-76.4769418727692, 7.52361143337554], [-76.4759028689222, 7.52415494045271], [-76.4765158198492, 7.52454602863086], [-76.4773429371268, 7.5246849657931], [-76.4780615377098, 7.52468103035979], [-76.4787449873912, 7.52482066], [-76.4787820187751, 7.52503556739204], [-76.4787495244709, 7.5256452978467], [-76.4791103144894, 7.52593016260146], [-76.4791877218358, 7.52596397890901], [-76.4794344652283, 7.52607185258846], [-76.4796885147131, 7.52653654488013], [-76.4794392028569, 7.52693235449903], [-76.4791748111685, 7.52710509717696], [-76.4788305875615, 7.52733004370099], [-76.4784737446676, 7.52776230823836], [-76.4784399769234, 7.52815693704744], [-76.4788000690679, 7.52829833835208], [-76.4789320490748, 7.52834540796866], [-76.4791960099878, 7.52843963533533], [-76.4791968004919, 7.52858300525589], [-76.4790547121053, 7.52887062823135], [-76.4789312603693, 7.52894195346279], [-76.4788039262601, 7.52901537951055], [-76.4785178842929, 7.52926801436178], [-76.4784844034324, 7.52969841730251], [-76.4785228188729, 7.53016438303424], [-76.4785960803448, 7.53041495663928], [-76.4790281596218, 7.53059182990336], [-76.4791013149736, 7.53080653764596], [-76.4791030920341, 7.53112923777842], [-76.4791050669453, 7.53148780287411], [-76.4792135863379, 7.53163067367101], [-76.4793934813241, 7.53166555297721], [-76.4798235874885, 7.53148385934693], [-76.4800020984181, 7.53126768121284], [-76.4802161730379, 7.53101562012909], [-76.4803964628264, 7.53112214122819], [-76.4804335895385, 7.53133713675378], [-76.4806135906447, 7.53140779109104], [-76.4808289396038, 7.53137074262002], [-76.4811499328231, 7.5309386723362], [-76.4815084457582, 7.53079332660507], [-76.4820485435054, 7.53100556031273], [-76.4820523296513, 7.53101909151223], [-76.4821585368869, 7.53139930778613], [-76.4819813029947, 7.53183049853304], [-76.481858868392, 7.5320207123403], [-76.4815181350539, 7.53255028352304], [-76.4815195173118, 7.53280116109903], [-76.4816644646433, 7.5330155648707], [-76.4819520876187, 7.53304976159153], [-76.482068235061, 7.53304912307286], [-76.4821316948218, 7.53304877323658], [-76.4821692172355, 7.53333540965569], [-76.4821290175401, 7.5334166696978], [-76.4820270425139, 7.53362312346266], [-76.4817783233109, 7.5341263508047], [-76.4819961373119, 7.53451968638863], [-76.4821407950616, 7.53469813346633], [-76.4823926789789, 7.53476839120253], [-76.4826433748918, 7.53462363812462], [-76.4830010991214, 7.53433482984276], [-76.4832166468307, 7.53433364543566], [-76.4834329868428, 7.53447592178057], [-76.4835797139326, 7.5350128422231], [-76.483617238145, 7.53529947684363], [-76.4838687263606, 7.5352980936863], [-76.484117837668, 7.53486650723775], [-76.4844769468536, 7.53482875549689], [-76.4848380363463, 7.53514938628938], [-76.485344181089, 7.53572028491738], [-76.485954976341, 7.5357169232516], [-76.48652745238, 7.53528355434676], [-76.4865968629548, 7.53485286542167], [-76.4865219026636, 7.53427959618068], [-76.4864060484004, 7.53413676855126], [-76.4863769553322, 7.53406528593842], [-76.4861947715714, 7.53360020603892], [-76.4861925925141, 7.53320577687938], [-76.4863704154623, 7.53288209019058], [-76.4864768475285, 7.53263053092854], [-76.4866520894224, 7.53257698529393], [-76.4868355583143, 7.53252104656338], [-76.4872666492365, 7.53251867415179], [-76.4876636774367, 7.53283910529478], [-76.4881706153815, 7.53355346107763], [-76.4881807183654, 7.53357978423392], [-76.4882799306742, 7.53383969909711], [-76.488282705982, 7.53434163321407], [-76.4879621174577, 7.53484534708931], [-76.4875776392966, 7.5351903189323], [-76.4873186471378, 7.53542257424661], [-76.4872499398328, 7.53599663309234], [-76.4873599413082, 7.53639046780004], [-76.4876112307737, 7.53635321608226], [-76.4882922271046, 7.53606262444475], [-76.4886516249725, 7.53606064413759], [-76.4889759825555, 7.53623809746442], [-76.488942135671, 7.53663272357549], [-76.4887305566698, 7.53735103637538], [-76.4886964040158, 7.53767393256011], [-76.4889482888324, 7.53774418579968], [-76.4894507301671, 7.53780817975782], [-76.4894876023709, 7.53781294436602], [-76.4895253289308, 7.53813544394972], [-76.4894780596647, 7.53823119746589], [-76.4893915736621, 7.53840612819435], [-76.4892766205196, 7.53863876392192], [-76.4893862262933, 7.53896086510595], [-76.4897465279798, 7.53913812058188], [-76.4902497049599, 7.53917121023723], [-76.4904799125179, 7.53902168715521], [-76.4907508935389, 7.53884573839419], [-76.4912523725989, 7.53855622144657], [-76.4914606753698, 7.53858696297207], [-76.4917198069235, 7.53862528488308], [-76.491657727622, 7.53931585000054], [-76.491652100564, 7.53937857951189], [-76.4917631011861, 7.53995164640542], [-76.4920869758332, 7.54005745614074], [-76.4923859914203, 7.53971268124927], [-76.4930866595217, 7.53890457653906], [-76.4938024901927, 7.53839867641193], [-76.4943766569571, 7.53828790511687], [-76.4947731878323, 7.53850082051057], [-76.494825560751, 7.53894926565019], [-76.4948485591137, 7.53914581608066], [-76.4951367828362, 7.53928768683139], [-76.4956038205598, 7.53928510487778], [-76.4961060901239, 7.53913886252259], [-76.4962349377921, 7.53871904909895], [-76.4962825119284, 7.53856420922498], [-76.4962807195795, 7.53824151448844], [-76.4963512057435, 7.53799015037924], [-76.4967097150812, 7.53784470392408], [-76.4971237602533, 7.53795100558858], [-76.4973932933657, 7.53802025248678], [-76.4979326950378, 7.53808900116057], [-76.4981820995242, 7.53772904931033], [-76.4982871277487, 7.53722643260792], [-76.4981423737715, 7.53704799362417], [-76.4980687930403, 7.53672569548864], [-76.4982115550192, 7.53654566560419], [-76.498605512934, 7.53632837950527], [-76.4989973691332, 7.53571666784418], [-76.4990274235767, 7.53571650146955], [-76.4995003401685, 7.53571388354306], [-76.4995024131059, 7.53608689714679], [-76.4995025318163, 7.53610821737455], [-76.4993633581324, 7.53693372846297], [-76.4991889337223, 7.537866940561], [-76.499478154793, 7.53818804439685], [-76.5002504368082, 7.53831205371244], [-76.5005569770228, 7.53836131048024], [-76.5011323174025, 7.53842976417636], [-76.5014219386715, 7.53882259524072], [-76.5014237472082, 7.53914754727556], [-76.5014247319658, 7.53932452216305], [-76.5012122878168, 7.5398993769088], [-76.501429921054, 7.5402567396109], [-76.5015885128995, 7.54036716286831], [-76.5020430194697, 7.54068355245804], [-76.5023681837446, 7.54100445394642], [-76.5024438580975, 7.54168539811666], [-76.5021596246669, 7.54226055863186], [-76.5017673080148, 7.54252897388702], [-76.5014456070291, 7.54274902630052], [-76.5010499520936, 7.54301971863908], [-76.5010013527302, 7.54303886970206], [-76.4992933171329, 7.5437106398881], [-76.4980387664759, 7.54425549145171], [-76.4978882424484, 7.54440737705275], [-76.497862404926, 7.54443344839885], [-76.4976815395714, 7.54461594962028], [-76.4976657519728, 7.54475597766016], [-76.4976213290611, 7.54515174501091], [-76.4976129590708, 7.54522587252989], [-76.4976451718871, 7.54525541705778], [-76.4981186244749, 7.54568915108733], [-76.4999184862491, 7.54628871830359], [-76.500710496692, 7.54657116568058], [-76.5009274464445, 7.54682102432469], [-76.5007856818137, 7.54718029089155], [-76.5005655997226, 7.54747322796093], [-76.5002082001483, 7.54794878676093], [-76.5000010575027, 7.54822448652468], [-76.4996805697025, 7.54872820849379], [-76.4997906961837, 7.54915781013861], [-76.5000791294482, 7.54933554045661], [-76.5004746935522, 7.54940507783581], [-76.5010504485193, 7.5495452569618], [-76.5010866983924, 7.54961669730651], [-76.5010880968381, 7.54986775204887], [-76.5010884457751, 7.54993035745379], [-76.5010896958328, 7.55015458182221], [-76.5012693974647, 7.55015358447407], [-76.5013656599972, 7.55012558588084], [-76.5015204917772, 7.55008045879987], [-76.5019500880261, 7.54979123593053], [-76.5022736622996, 7.54982530494761], [-76.5025628950615, 7.55014640338754], [-76.5029219188115, 7.55010854372803], [-76.5029920002805, 7.54978545059181], [-76.5032412932511, 7.54938972191192], [-76.5035160253443, 7.54936705539908], [-76.5037082275526, 7.54935126240461], [-76.5039227806118, 7.54917073969163], [-76.5041005909695, 7.54884704850625], [-76.5041801728766, 7.54858804735431], [-76.504277001982, 7.54827239520866], [-76.504527583681, 7.54809176277843], [-76.5048146149025, 7.54801843565607], [-76.5052469181107, 7.5482311379105], [-76.5055004109152, 7.54858829916445], [-76.5055750933159, 7.54908982588853], [-76.5057926465134, 7.54944718589267], [-76.5061513590979, 7.54933768444038], [-76.50640084902, 7.54897772809346], [-76.506617691753, 7.54919162644618], [-76.5067621633431, 7.54933428680167], [-76.5067639655845, 7.54965697884026], [-76.5068722970188, 7.54976388394985], [-76.5070869382116, 7.54958336033755], [-76.5075534705162, 7.54947325813815], [-76.5078811088261, 7.54942472802257], [-76.5080559631122, 7.54939872952154], [-76.5082091967969, 7.54923011203384], [-76.5084488103643, 7.54896633368313], [-76.5088412565187, 7.54846220881768], [-76.509092347234, 7.54838907954616], [-76.5093089003854, 7.54856711203638], [-76.5094540644535, 7.5488172746513], [-76.5097416046913, 7.54885153972054], [-76.5107789861612, 7.5480211201324], [-76.5118187697204, 7.54762089394292], [-76.5129318570196, 7.54750718276408], [-76.5135082118344, 7.54775493879319], [-76.5135107308355, 7.54822099895378], [-76.5132972785465, 7.54858075565113], [-76.5129059286656, 7.54874600517781], [-76.5128670914431, 7.5487623926241], [-76.5120431487723, 7.54919728498048], [-76.5116135633153, 7.54948651414507], [-76.5113992162008, 7.54970281368767], [-76.5115810339375, 7.55009623290858], [-76.5116066691124, 7.55024425052545], [-76.5116553233345, 7.55052602790761], [-76.5115856492583, 7.55092084917157], [-76.5114431831564, 7.55113674761654], [-76.5113685394265, 7.55116092409109], [-76.5106540811209, 7.55139211550741], [-76.5100452814646, 7.55175407464453], [-76.5095080498566, 7.55204390365692], [-76.509295014853, 7.55251125614323], [-76.5093337630427, 7.55301298071813], [-76.5095154710621, 7.55337044504366], [-76.5099108382146, 7.553404199298], [-76.5107002550127, 7.55322047140125], [-76.5113094575654, 7.5529302385933], [-76.5118843240023, 7.55292703340955], [-76.5122095053644, 7.5532479223074], [-76.51230200963, 7.55376136055198], [-76.5121823368453, 7.55431329427671], [-76.511782183501, 7.55515453270912], [-76.511162728677, 7.55574828131172], [-76.5110387850119, 7.55577995993075], [-76.5105407476573, 7.55590713755793], [-76.5101994873165, 7.55612658382834], [-76.510014196398, 7.55640731619824], [-76.509829775124, 7.55684334080105], [-76.5094568487546, 7.5569697306221], [-76.5091454216239, 7.55697146721294], [-76.5089591774241, 7.55706573774712], [-76.5088678359818, 7.5574391785288], [-76.5090573842908, 7.55793518431483], [-76.5094947749638, 7.55818136832895], [-76.5103037016545, 7.55805254674111], [-76.5113314064192, 7.55807798226657], [-76.5117075577575, 7.55851088082599], [-76.5123344184986, 7.5592220772905], [-76.5127123981586, 7.55999681715279], [-76.5128087892941, 7.56052450785315], [-76.5126498799879, 7.56142492797141], [-76.5125950024574, 7.56161621736793], [-76.5126397302393, 7.56176205053154], [-76.5126600567162, 7.56181894434216], [-76.5129498164808, 7.56176311892618], [-76.513239765103, 7.56170846982342], [-76.5134685472356, 7.5616439533591], [-76.5137046570442, 7.56156250086213], [-76.5139492303726, 7.56148876904485], [-76.5141476540909, 7.56145152542097], [-76.5143607961138, 7.56142332178228], [-76.5146661932902, 7.56139559658288], [-76.5149100930263, 7.56139540772529], [-76.515337362729, 7.56140205371518], [-76.5157725158888, 7.56140973932138], [-76.5160775236587, 7.56140920782205], [-76.5164693088115, 7.56140078207379], [-76.5165736823295, 7.56139848340665], [-76.5168252173099, 7.5613553384315], [-76.5171078112764, 7.56129729348867], [-76.5173441153386, 7.56125080123688], [-76.5175577987534, 7.56122250227001], [-76.5178095738527, 7.5612221776148], [-76.5181452314172, 7.56123050893421], [-76.5183815723516, 7.56120659955832], [-76.5186794529943, 7.56114621008293], [-76.5189234876288, 7.56107365547819], [-76.519114374129, 7.56100031396671], [-76.5193581596513, 7.56089957281041], [-76.5195871729097, 7.56076395324726], [-76.5198695591328, 7.56057265485757], [-76.5200604069622, 7.56049253785375], [-76.5202587722245, 7.56044508062936], [-76.5206249150078, 7.5603527796105], [-76.5208767737441, 7.56027114455107], [-76.5211360509879, 7.56018838533912], [-76.5214258422288, 7.56010662887124], [-76.5217464298538, 7.56005966177739], [-76.5220820460496, 7.56007693325731], [-76.5223564112194, 7.56016573681272], [-76.5225398099642, 7.56027429217826], [-76.5227000943339, 7.56040998998244], [-76.5228599704113, 7.56055363959218], [-76.5230889971594, 7.56074207184253], [-76.5235771401728, 7.56101261579294], [-76.5240578943563, 7.56127308283986], [-76.5245386485398, 7.56153345815594], [-76.5250267366945, 7.56179388293474], [-76.525469406388, 7.5620273685216], [-76.5259194100527, 7.56226090357123], [-76.5261254429348, 7.56236932943433], [-76.5264614773153, 7.56255715913894], [-76.5267205683995, 7.56274650330181], [-76.5268807979105, 7.56287208103503], [-76.527025926905, 7.56301698519904], [-76.5272241069069, 7.5632417230804], [-76.5276742337788, 7.56380156724182], [-76.5278041075734, 7.56395441601681], [-76.5279641410323, 7.56412516399838], [-76.5282846711007, 7.56448472644223], [-76.5285744380598, 7.56478348032664], [-76.5287807902013, 7.56496408487787], [-76.528986377919, 7.56508940540497], [-76.5292763085548, 7.56522446019394], [-76.5295818810989, 7.56534018315618], [-76.5301688694977, 7.56557402577394], [-76.5307563516243, 7.56579882930574], [-76.5312370050837, 7.56604004366632], [-76.5314586861694, 7.56592135294131], [-76.5316645310932, 7.56580392486446], [-76.5318625447206, 7.5656944000298], [-76.5321908755084, 7.56551187092933], [-76.5324505475547, 7.56540308353872], [-76.5327706351566, 7.56528383703272], [-76.5331522678628, 7.56512928404248], [-76.533373168337, 7.56506479995385], [-76.5336558288534, 7.56501912158848], [-76.5338258070153, 7.56497922676317], [-76.534231197112, 7.5647834335619], [-76.5344501001919, 7.5646221158712], [-76.5346329134781, 7.56453074654996], [-76.5348544983364, 7.56439516026171], [-76.5350680459535, 7.56423134425446], [-76.5353046656778, 7.56404932866686], [-76.5354725070505, 7.56390383724558], [-76.5356323876246, 7.5637594762721], [-76.5358157746782, 7.56357776015885], [-76.5360063311272, 7.5633508351263], [-76.5361281694794, 7.5631875353298], [-76.5362658898589, 7.56301511281055], [-76.5365786228052, 7.56258874962442], [-76.5367156641965, 7.56240847062776], [-76.5368150482758, 7.56218088459351], [-76.5369521930892, 7.56181089001392], [-76.5371050508573, 7.56152997418234], [-76.537249982001, 7.56124006692891], [-76.5374099677957, 7.56092297406941], [-76.5375706388738, 7.5606149113025], [-76.5376922604894, 7.56039740756771], [-76.5378984318671, 7.56003488365635], [-76.5379974840966, 7.55984461049381], [-76.5380818692828, 7.55965442006885], [-76.538226759957, 7.55937354920338], [-76.538417344285, 7.5590562827747], [-76.5386158939083, 7.55873897137987], [-76.5387684135314, 7.55849419300606], [-76.5389130550933, 7.5582494577997], [-76.5390278454587, 7.55804102822435], [-76.5391499176346, 7.5578235226909], [-76.5392566788526, 7.55758803611247], [-76.539363491332, 7.55736158322402], [-76.5394166835331, 7.55716253447692], [-76.5395081445852, 7.55692713513271], [-76.5396607955093, 7.55661008274264], [-76.5397674542046, 7.55635652878435], [-76.5398284183468, 7.55613936769122], [-76.5399276729237, 7.55577744812428], [-76.5400347516025, 7.55540644900197], [-76.5400959090989, 7.55520735528876], [-76.5402178715575, 7.55497060876016], [-76.5404621310225, 7.55463614639465], [-76.5406148017317, 7.55441846909069], [-76.5408737588169, 7.55407371578298], [-76.5410569884892, 7.55386489949911], [-76.5412785256834, 7.55361069712964], [-76.5414996410955, 7.55339380673242], [-76.5416673340801, 7.55323928252054], [-76.5419574122048, 7.55300276082241], [-76.5421406670581, 7.55289440330771], [-76.5423310004753, 7.55282105640029], [-76.5425294134017, 7.55278379928658], [-76.5428727421833, 7.55277400207221], [-76.5432162112591, 7.5527731459176], [-76.543483268538, 7.55277163775456], [-76.5437502817501, 7.5527622704161], [-76.5441925377554, 7.55273266833164], [-76.5444217605558, 7.55273245789026], [-76.5446731804229, 7.55276717262057], [-76.5448548182952, 7.55282071195993], [-76.5449174803574, 7.55283923889344], [-76.5452913375252, 7.55292854876714], [-76.545657459624, 7.55302702722915], [-76.5459169598997, 7.55309783175321], [-76.5462604505593, 7.55319634708737], [-76.5465425723818, 7.55324904556064], [-76.5468399080353, 7.55330265144984], [-76.5471224192642, 7.55332815532377], [-76.5473359138213, 7.55336416777574], [-76.5475422245939, 7.55342623718476], [-76.5476078634121, 7.55345874947536], [-76.5480395011221, 7.55202289009799], [-76.5481028511656, 7.55181203954767], [-76.5493882710518, 7.54785846335121], [-76.551412582025, 7.54772811831182], [-76.5525631503691, 7.54765402676575], [-76.5528349911419, 7.54710981821738], [-76.5539486656983, 7.5448806209978], [-76.5531083077022, 7.54494762588616], [-76.5525169845711, 7.54501303717581], [-76.5522221679187, 7.54500323456551], [-76.5518473071075, 7.54499063146637], [-76.5509286280537, 7.54495996728258], [-76.5499661744993, 7.54546255340802], [-76.5505145289224, 7.54331542382168], [-76.5528689414484, 7.54118915041303], [-76.5533454202549, 7.54176760604415], [-76.5536841615947, 7.54217880755992], [-76.5551743175407, 7.54134728450363], [-76.5563845397147, 7.5406720060623], [-76.557022300239, 7.53784077928266], [-76.5575113587622, 7.53436356767872], [-76.5570329275275, 7.53423619040212], [-76.5549425793365, 7.53350237059217], [-76.5531635440623, 7.53276659655546], [-76.5524767902716, 7.53245980363135], [-76.5521007315635, 7.53202694554145], [-76.551877990177, 7.5311891326267], [-76.5534118702616, 7.52714102868998], [-76.5543299998296, 7.52433929607619], [-76.554546212138, 7.52402730686929], [-76.5547953261433, 7.52402589853095], [-76.5555149690405, 7.52464327322306], [-76.5556626979751, 7.52461036702941], [-76.5562302906953, 7.52448393404087], [-76.5565438878901, 7.52488606499443], [-76.5571708223755, 7.52562826738517], [-76.5577358331421, 7.5264329699601], [-76.5583615346571, 7.52695763893838], [-76.5589867982021, 7.52738916962893], [-76.5598011082345, 7.52822353274431], [-76.5598609967875, 7.52781919845168], [-76.5601385653425, 7.52718651639909], [-76.5602298950935, 7.52697812909186], [-76.5605997646673, 7.52632351527253], [-76.5612804066654, 7.52554283448877], [-76.5621791081792, 7.52479199141182], [-76.5630741755327, 7.52341972939162], [-76.5639969285154, 7.52142577953072], [-76.564764690538, 7.51955710702959], [-76.5651936401743, 7.51834287208061], [-76.5656879633288, 7.51765638628798], [-76.5662759652636, 7.51703161107479], [-76.56655240427, 7.51637752695608], [-76.5667965549171, 7.51550618102028], [-76.567074676555, 7.51513168623317], [-76.5674462980082, 7.51478773691941], [-76.567881613046, 7.51469212729471], [-76.5683812430999, 7.51493781218515], [-76.5689907460261, 7.51532280475849], [-76.5695999782563, 7.51570770829894], [-76.5720978713197, 7.51693638186331], [-76.5726350318812, 7.51833167012523], [-76.5731047711682, 7.51879504940676], [-76.5739814419899, 7.51966010458485], [-76.5749210167914, 7.52061802735476], [-76.574925994539, 7.52148795146242], [-76.5751154052517, 7.5219219400002], [-76.5755528570787, 7.52219913263846], [-76.5760200234053, 7.52222745588705], [-76.5767980439945, 7.52216086828406], [-76.5773264208776, 7.5220024733901], [-76.5778859358872, 7.52184399036254], [-76.5789776552945, 7.52217959936365], [-76.5795673416595, 7.52242077775132], [-76.5801012259907, 7.5226392365661], [-76.5811014025077, 7.52331710775292], [-76.5812237273931, 7.5234486632798], [-76.5817906402258, 7.52405890454939], [-76.5820732072127, 7.52446127831988], [-76.5821700111371, 7.52505098986581], [-76.5819880854817, 7.52589099352905], [-76.5821177227547, 7.52679136778189], [-76.5823070525284, 7.52722525919284], [-76.5823723648927, 7.5277531792203], [-76.5823753974066, 7.52828136454777], [-76.5821601033061, 7.52874873681919], [-76.5816660724312, 7.52946622044412], [-76.581357000625, 7.52987188753197], [-76.5813591419108, 7.53024478782108], [-76.5814232051168, 7.5305550916985], [-76.5815812213962, 7.53095817683276], [-76.5816465337605, 7.53148600692804], [-76.5814634452817, 7.53213956134598], [-76.5810324047217, 7.53298099133399], [-76.5802892553448, 7.53369990038438], [-76.5795753672094, 7.53410788142783], [-76.578954542718, 7.5344222826165], [-76.5780528356698, 7.53464487921205], [-76.5770892049028, 7.53492997958914], [-76.5767247546437, 7.5350883457048], [-76.5764369697903, 7.53521339103937], [-76.5762619464317, 7.53520680170672], [-76.5757206696731, 7.53518640418341], [-76.575097165202, 7.5350656603062], [-76.5745363866449, 7.53500679787965], [-76.5741010563187, 7.53510242009484], [-76.5737610586259, 7.5352631748099], [-76.5736352065995, 7.53532261190324], [-76.5725793080886, 7.53579477935978], [-76.5719280424452, 7.53626454652578], [-76.5711541740259, 7.53704577589603], [-76.5704424028945, 7.53782664913467], [-76.570229314831, 7.53866683536026], [-76.567416062801, 7.53675639474601], [-76.5665086576484, 7.53598464872677], [-76.5660379228119, 7.53533481120681], [-76.5653469053354, 7.53428223299291], [-76.5649985151693, 7.53325887105431], [-76.5647746856032, 7.53223471051782], [-76.5646458712099, 7.53148969774568], [-76.5639593899139, 7.53110342543709], [-76.5626779711115, 7.53038230045719], [-76.5624308023396, 7.5307254556696], [-76.5621532023084, 7.53119317867661], [-76.56215568084, 7.53162814567672], [-76.5620039688081, 7.53231259900157], [-76.5616670989574, 7.53330886976282], [-76.5615779302772, 7.53405512270002], [-76.5617377029326, 7.53476888493032], [-76.5622080762417, 7.53535657749827], [-76.5628337121061, 7.53585024864426], [-76.5623981065873, 7.53591478579289], [-76.5617771687812, 7.53622907636497], [-76.5611558766424, 7.53648121658902], [-76.5616248344185, 7.53682030506721], [-76.5620319602068, 7.53722198815838], [-76.5624915470472, 7.5378064890324], [-76.5624838371593, 7.53781963082543], [-76.5631620419946, 7.53883136542928], [-76.5634936912808, 7.53917339828781], [-76.5638511151368, 7.53954211583005], [-76.5644454402048, 7.54000479274103], [-76.5649138736763, 7.54025065030132], [-76.5652883531749, 7.54040399190475], [-76.5655225186493, 7.54051016136887], [-76.5656942405967, 7.54058805075201], [-76.5657315219921, 7.54071196294078], [-76.5658529610453, 7.54111544557538], [-76.5662286852056, 7.5414861353309], [-76.5665664345933, 7.54154835222869], [-76.5675379065491, 7.541727200404], [-76.5681605323826, 7.54172365437715], [-76.5689084310792, 7.54181262070987], [-76.5690957157946, 7.54190487226605], [-76.5691277451493, 7.54205998193662], [-76.5689440181519, 7.54258932649022], [-76.5685742457048, 7.54327502447677], [-76.5685749022099, 7.54338975009085], [-76.5685783349222, 7.54398957631182], [-76.5685824268375, 7.54470430801134], [-76.5686482653052, 7.54532536902444], [-76.5685578663524, 7.54585409214653], [-76.5681556202856, 7.54629136500837], [-76.5676577268226, 7.54635644624683], [-76.5667550080371, 7.54639257651004], [-76.5652602601529, 7.54637010335145], [-76.564637979659, 7.54646687579954], [-76.564547577109, 7.54699550898936], [-76.5646781793545, 7.54805127440059], [-76.5651798086013, 7.54863886984174], [-76.5662419708902, 7.54925416709992], [-76.5668048187873, 7.54965495176836], [-76.5667765234178, 7.55015233531577], [-76.5657977102961, 7.55323411681472], [-76.5656781256449, 7.55410475678269], [-76.565836855986, 7.5546321507068], [-76.5658105184406, 7.55547127393374], [-76.5655334490094, 7.55603213882567], [-76.5652271066456, 7.55690393532189], [-76.5651064562979, 7.55758821417823], [-76.5656978756564, 7.55755376474792], [-76.5657932577526, 7.55789506106172], [-76.5661712275201, 7.55863855757687], [-76.5669216470164, 7.55919355978842], [-76.5681338315111, 7.55978973835918], [-76.5690451496139, 7.56023794158116], [-76.5689222743434, 7.56037568534302], [-76.5687666574552, 7.56055029501355], [-76.5683334396365, 7.56101882381307], [-76.5681501542062, 7.5616413075537], [-76.5682838833945, 7.56246442734478], [-76.5683115663257, 7.5626347373566], [-76.5679679389692, 7.56245033227038], [-76.5673430558373, 7.56208098610197], [-76.5664991131435, 7.5615265198864], [-76.5656555274805, 7.56103411228782], [-76.565628028011, 7.56102207306362], [-76.564750194366, 7.56063537267773], [-76.5640961327303, 7.56060802609291], [-76.5633607400061, 7.56269407012856], [-76.5626495480382, 7.56356817428512], [-76.5610422580937, 7.56565918797437], [-76.5634828211752, 7.56769604988599], [-76.5634846009335, 7.56800680432373], [-76.5632075261064, 7.56856776094656], [-76.5625869057611, 7.56894412902145], [-76.5618137954702, 7.56918838668784], [-76.5616854703082, 7.56922895780329], [-76.5609055782298, 7.56898479276712], [-76.56031702591, 7.56874838888017], [-76.5602189350558, 7.5687090174603], [-76.5596880049974, 7.56843244445492], [-76.5587847879875, 7.56840642257152], [-76.5581333757547, 7.5688452035964], [-76.5578262159071, 7.56959269939667], [-76.5577047570688, 7.57012160328245], [-76.5574289161116, 7.57089999798959], [-76.5573082540726, 7.57158427954392], [-76.5594984620843, 7.57340513689053], [-76.5595947785761, 7.57332418711451], [-76.5595966959307, 7.57332688598002], [-76.5602123403272, 7.57299716304166], [-76.5608961425429, 7.57277572837021], [-76.5618929726825, 7.57283210327196], [-76.5625524113647, 7.5730200381972], [-76.5626415521659, 7.57304536670332], [-76.5631430420177, 7.57360188157458], [-76.5633020502494, 7.57419133501507], [-76.5633695021008, 7.57509198625912], [-76.563497104208, 7.57561955734962], [-76.5639654936126, 7.57583441617827], [-76.5653357744264, 7.57585766185457], [-76.5666423391726, 7.5756326577739], [-76.567572067297, 7.57485052188703], [-76.5687478058665, 7.573538768952], [-76.5687808703408, 7.57344752013995], [-76.5689624110864, 7.57294718321893], [-76.5691477469709, 7.57269751163389], [-76.5696762749401, 7.57253910504866], [-76.5702034620201, 7.57216326307718], [-76.5706684537861, 7.57178768460698], [-76.5706354342778, 7.5714772017645], [-76.5704161004227, 7.57122984683305], [-76.5702591381487, 7.57101321184334], [-76.5703192785119, 7.57063995182538], [-76.5705981312987, 7.57038983597525], [-76.571096316142, 7.57038698332569], [-76.5711765239774, 7.56808715335263], [-76.5718882348541, 7.56730626302684], [-76.5727851862873, 7.56624462504266], [-76.573346901938, 7.56645894158009], [-76.5736917604663, 7.56690359697665], [-76.5737547849553, 7.56698481025397], [-76.5743198982447, 7.56778946426551], [-76.5753511589288, 7.56843606332683], [-76.5759145796941, 7.56893005103419], [-76.5760758371301, 7.56989230493902], [-76.5762357536771, 7.57063721608771], [-76.5762720880863, 7.57153803460569], [-76.5758089839974, 7.57222427668204], [-76.5749118544985, 7.57325484758617], [-76.576154306576, 7.57405154259759], [-76.5834133544427, 7.57870581477439], [-76.5833127967481, 7.57892934666484], [-76.582460243945, 7.58082419933008], [-76.5830869625932, 7.5815041713332], [-76.584060855524, 7.58230454726976], [-76.5851520982907, 7.58320117494694], [-76.5870900662535, 7.58446401555453], [-76.5890886161467, 7.58541573480093], [-76.5886543407252, 7.58615250078987], [-76.5845863159057, 7.59305442427462], [-76.5864536655042, 7.5928571858628], [-76.5865703093722, 7.59297223253485], [-76.5868608731308, 7.59325872865974], [-76.587051251514, 7.59387914575829], [-76.5870858214535, 7.59446929797203], [-76.5885816161486, 7.59464710473244], [-76.5892297629431, 7.59364902003856], [-76.5900984396912, 7.59308472063571], [-76.5909377760575, 7.59283125750892], [-76.5918113253323, 7.59310579265058], [-76.5927172861738, 7.59359775868198], [-76.5937767028326, 7.5937159242029], [-76.5988536069084, 7.59387283881282], [-76.5974352348481, 7.59630470095347], [-76.5974160145374, 7.59640878848707], [-76.5973145557221, 7.59695789834057], [-76.5974739893331, 7.59760956148429], [-76.59763369364, 7.59829220717184], [-76.597418859093, 7.59882164975151], [-76.5969211041256, 7.59891776749315], [-76.5961426023991, 7.59892228568713], [-76.5956764433132, 7.59908036941571], [-76.5953072455329, 7.59985931360861], [-76.5949363273496, 7.60032751055832], [-76.5919227873068, 7.60155675878948], [-76.5894662972318, 7.60219250573164], [-76.5903544218191, 7.60409662501127], [-76.5905069810123, 7.60442366437261], [-76.5907263085722, 7.60508419752968], [-76.5910864474815, 7.60616831676637], [-76.5913310262059, 7.60690467716104], [-76.5935107688069, 7.60686095572045], [-76.5965382681266, 7.61143064486015], [-76.5972714008544, 7.61090947694261], [-76.5986372201316, 7.61015580999444], [-76.5999441967672, 7.60999282586008], [-76.6010341597986, 7.60998648024369], [-76.6024367478576, 7.61019583791941], [-76.6035896355532, 7.61031342067965], [-76.604928204473, 7.61021238904234], [-76.6053757889615, 7.6121984248692], [-76.6060168059308, 7.61530177301009], [-76.6061512374896, 7.61596197251864], [-76.6064337181415, 7.61735013365333], [-76.6066659563688, 7.61977229660573], [-76.6067451218898, 7.62266157372407], [-76.6066261065096, 7.62359444048246], [-76.6062261456201, 7.62443563304937], [-76.6061088632334, 7.62567924435297], [-76.6060815499235, 7.62633189675093], [-76.603720238698, 7.62727787112811], [-76.6028181080692, 7.62743842709301], [-76.6023547530693, 7.62809371810183], [-76.6019803662009, 7.62797160365783], [-76.6015745606175, 7.62781859660223], [-76.6010446288066, 7.62772846205018], [-76.600577716988, 7.62776226306924], [-76.5998305854131, 7.62782877333051], [-76.5989579579433, 7.62770956099869], [-76.5982398780679, 7.6274030828373], [-76.59745750476, 7.62675514558483], [-76.5972657198371, 7.62591722295281], [-76.5968543726311, 7.62480107795876], [-76.5965307390024, 7.62272116819881], [-76.5965256497389, 7.62185117034671], [-76.5963055433661, 7.62147954349759], [-76.5959002899664, 7.62141975207136], [-76.5955272736647, 7.62154622552936], [-76.5948765799901, 7.62210928296848], [-76.5940108620117, 7.62317080224212], [-76.5928364985056, 7.62473123570933], [-76.5917856209096, 7.62610458680858], [-76.5909486758407, 7.62676186262116], [-76.5903893209104, 7.62698264348553], [-76.5901680346271, 7.62642465642405], [-76.5897299083086, 7.62605429222315], [-76.5879822989439, 7.62544301583386], [-76.5867325722504, 7.62476668968232], [-76.5857333732965, 7.62430643734356], [-76.5854512505747, 7.62399731517534], [-76.5851364455905, 7.62340878893588], [-76.5847581754494, 7.62263417407933], [-76.5840438142706, 7.62294907259306], [-76.5823978786592, 7.62376639985086], [-76.581468654155, 7.62464181521894], [-76.580664912056, 7.62567188430136], [-76.579895113069, 7.62716780670019], [-76.579340352775, 7.62816526906315], [-76.5788445421419, 7.62860320112806], [-76.5784411764191, 7.62885414345517], [-76.5780370876415, 7.62898069605352], [-76.5777576727783, 7.62913778243395], [-76.5773542153248, 7.62938863392951], [-76.5770144028924, 7.62985664921618], [-76.5767380556167, 7.6305419209241], [-76.5766744393739, 7.63104682280378], [-76.5765891827446, 7.63172349159699], [-76.5766623093181, 7.63358745165064], [-76.5769456991846, 7.63411401460117], [-76.5774461224406, 7.63448394173156], [-76.5770048170186, 7.63490710602914], [-76.5762072964296, 7.6356719101815], [-76.5754958832284, 7.63651489869458], [-76.5751260918956, 7.63720062096288], [-76.5749140218646, 7.6382272690242], [-76.5747953913942, 7.63925337569361], [-76.5720131965517, 7.63746722318474], [-76.5693620077505, 7.64082873520881], [-76.5693543680096, 7.64083844518896], [-76.5693382863328, 7.64081342335167], [-76.5674686020943, 7.63789744266381], [-76.5660260535595, 7.63896930953691], [-76.5658250874578, 7.63911871300913], [-76.5655855737152, 7.63900662870385], [-76.5638575920542, 7.63819784770345], [-76.563749881152, 7.63853344141614], [-76.5618690444208, 7.64439277365832], [-76.5618550797481, 7.644546068497], [-76.5617226518788, 7.64600940935743], [-76.5620728694673, 7.64616096670593], [-76.5635648753187, 7.64680668892823], [-76.5632989385951, 7.64929405992352], [-76.5631180507574, 7.64940865783385], [-76.5612197482927, 7.65061106939587], [-76.5609181732351, 7.65205867301985], [-76.5608655709893, 7.65221643569044], [-76.5608164095496, 7.65242097479865], [-76.5607463649528, 7.65267857210891], [-76.5607002306311, 7.65284316243246], [-76.5606485456938, 7.65303416494524], [-76.560603299003, 7.65322684649224], [-76.560566965493, 7.65342616233797], [-76.560528244283, 7.65365123656576], [-76.5604690365168, 7.65388790395407], [-76.5604297433379, 7.65404540851922], [-76.5603948100724, 7.65420523783189], [-76.560365526348, 7.65435545878784], [-76.5603003839555, 7.65470896609631], [-76.5602758414569, 7.65486503264553], [-76.5602658877605, 7.65492868845862], [-76.5602400844123, 7.65511692105948], [-76.5601937243608, 7.65536751714759], [-76.560147053144, 7.65558008090638], [-76.560119007786, 7.65572541584567], [-76.5600849297757, 7.65587656759987], [-76.560034333018, 7.65608346383117], [-76.5599754795847, 7.65629140867196], [-76.5599711529463, 7.65630669265009], [-76.559791640172, 7.65639372903772], [-76.5596246108871, 7.65630661171115], [-76.5594793640814, 7.65613408936712], [-76.5593526873766, 7.65597853273346], [-76.55921282751, 7.65581392892005], [-76.5590786027952, 7.65566835386182], [-76.5589398931615, 7.65549877499883], [-76.5588141517517, 7.65536390007432], [-76.558634034633, 7.65514315698148], [-76.5584806714458, 7.65491376690725], [-76.5583764139403, 7.654751486942], [-76.5582835967106, 7.65461027989094], [-76.5582102596957, 7.65448666717639], [-76.5581091480187, 7.65436718954458], [-76.5580825253882, 7.65433572496413], [-76.5579504968179, 7.65419420045242], [-76.5578402174521, 7.65408643019505], [-76.5576973133803, 7.65394307196562], [-76.5575218484545, 7.65377514875457], [-76.5573665643154, 7.65362029898803], [-76.5572285687434, 7.65346444557816], [-76.557124465022, 7.65334444274228], [-76.5569845808737, 7.65319067755817], [-76.5568621246873, 7.6530600294473], [-76.5567470420423, 7.65295174387834], [-76.5566367410927, 7.65284026751479], [-76.5565337408394, 7.6527387772233], [-76.5563635162632, 7.65256838357452], [-76.5562626042358, 7.65246769457894], [-76.5561372180582, 7.6523313717459], [-76.5559619024198, 7.65214185581248], [-76.5558331168049, 7.65199687970274], [-76.5557269869109, 7.65188646363988], [-76.5556233715213, 7.6517724197119], [-76.5555613839506, 7.65170493818285], [-76.5555014477336, 7.65163969056979], [-76.5553984124068, 7.65153187534631], [-76.5552902941117, 7.65143764168435], [-76.5550468161576, 7.65125185973605], [-76.5548732272176, 7.65112584133503]]], [[[-76.6038441212092, 7.71060482779919], [-76.6027568903182, 7.7096489941544], [-76.6019631918478, 7.70889558261373], [-76.6015556119019, 7.70916041137259], [-76.6012431406584, 7.70955096715208], [-76.6009462195923, 7.70992210027337], [-76.6000582775674, 7.71016708728989], [-76.5999791129457, 7.71021028352638], [-76.5998466500029, 7.71029128186578], [-76.5997547950477, 7.71042434645509], [-76.5995735223001, 7.71055152318289], [-76.5994094904556, 7.71068455989315], [-76.599183048359, 7.71107515164557], [-76.5991097859878, 7.71080024058723], [-76.5990975965768, 7.71063816027153], [-76.5990391883079, 7.71047038994517], [-76.5989747905541, 7.71022442356695], [-76.5987132910855, 7.70978747536036], [-76.5973621181672, 7.70822458674397], [-76.5972400657764, 7.70799892346026], [-76.5969158826618, 7.70777309649993], [-76.5966319981682, 7.70750104978237], [-76.5964118720103, 7.70732158287348], [-76.5961859146482, 7.70709002723172], [-76.5959021092949, 7.70684688652332], [-76.5956357642791, 7.70666163877238], [-76.5954097853333, 7.70644164571414], [-76.5952246185213, 7.70630849568931], [-76.5950182933595, 7.70619624770743], [-76.5946701307219, 7.70598835412801], [-76.5943773501346, 7.70491552857758], [-76.5953591166299, 7.70462619149434], [-76.5960221445063, 7.70437260426108], [-76.5962984207355, 7.70424658675938], [-76.596688311916, 7.70405332245173], [-76.5969946192063, 7.70378358429384], [-76.5972123549662, 7.70362042209366], [-76.5973947815439, 7.70342828733444], [-76.597511313896, 7.70325695839076], [-76.5976316728634, 7.70301297591698], [-76.5976699138354, 7.70272620549888], [-76.5977327665539, 7.70255871396238], [-76.5978260379413, 7.70196077541835], [-76.5981991882419, 7.70181575883908], [-76.5984935048713, 7.70166280304485], [-76.5987133477428, 7.70156530304522], [-76.5990902904845, 7.70137274650395], [-76.5990405426869, 7.70122976688917], [-76.59870841676, 7.70030298044714], [-76.5985129895828, 7.70036375303375], [-76.5982235742585, 7.70044205970225], [-76.5975631436241, 7.70032155414538], [-76.5970681046093, 7.70026764428532], [-76.596859245158, 7.70024692120739], [-76.5962897467743, 7.70023572554727], [-76.5960195715459, 7.70024445076975], [-76.5958194777866, 7.70028194170721], [-76.5955812105044, 7.70032661373119], [-76.5951985336853, 7.7003766511105], [-76.5949747275016, 7.70043189646379], [-76.5944900639652, 7.70055552356752], [-76.5943021910932, 7.70065373942747], [-76.5941474438494, 7.70074886881417], [-76.5939083914591, 7.70081395994524], [-76.5937013036721, 7.70087886221865], [-76.5935339173564, 7.70090369519834], [-76.5933050731705, 7.70093412825637], [-76.5930630593127, 7.70089670296943], [-76.5928592216757, 7.700744872227], [-76.5926108361211, 7.70062491795455], [-76.5913813594621, 7.69981820629417], [-76.5911620966534, 7.69989149114841], [-76.590505572674, 7.70011106602181], [-76.5900882674595, 7.69966381967853], [-76.5897298885235, 7.69927331965697], [-76.5893987635421, 7.69891247028329], [-76.5887988383956, 7.69827134719397], [-76.5883618497195, 7.69780262234222], [-76.587973633976, 7.69737335974183], [-76.5871893136359, 7.6973283603646], [-76.5878788391371, 7.69546890051846], [-76.5870499717787, 7.69519380150188], [-76.5870956411509, 7.69498295994476], [-76.5872253989329, 7.69456529680017], [-76.5873169975813, 7.69426520472459], [-76.5873629538372, 7.69411850011783], [-76.5874395329081, 7.69388209353296], [-76.5875003792391, 7.69366501967408], [-76.5875395815864, 7.69352494936612], [-76.587618221004, 7.69328482678253], [-76.5876706307949, 7.69311152562557], [-76.5877622807047, 7.69280474888923], [-76.5884304383141, 7.69294727164846], [-76.5890583737449, 7.69308750023714], [-76.5925261046959, 7.69384325091446], [-76.5937796526088, 7.69555652686135], [-76.5963021484254, 7.69640234104432], [-76.5969561974705, 7.69653192255925], [-76.5975612784302, 7.69665022747507], [-76.5978208083836, 7.69669504518925], [-76.5980796989189, 7.6967386901875], [-76.5983556720766, 7.69677663348393], [-76.5987025244019, 7.69628921982073], [-76.5996986809493, 7.69669158459801], [-76.6021464583923, 7.69542340651412], [-76.603523865434, 7.69709607177537], [-76.603641494959, 7.69707984081105], [-76.6039468534645, 7.69703404733246], [-76.604126799712, 7.69702024993364], [-76.6055733079618, 7.69659870711372], [-76.6072182875939, 7.69795938406732], [-76.6092718840902, 7.69923019266824], [-76.610678998437, 7.69992169937587], [-76.6112892262168, 7.69930580137063], [-76.6126444325944, 7.70110556332001], [-76.6137889332127, 7.70185687674235], [-76.6154949678184, 7.70365454507006], [-76.6166042320996, 7.70341472645733], [-76.6171261824273, 7.7027118100509], [-76.6180079784854, 7.7035230210195], [-76.6180118042014, 7.7041644633681], [-76.6181641277722, 7.70521324464433], [-76.6181662150987, 7.70556318704026], [-76.6179040222528, 7.7057104528239], [-76.6173210538236, 7.70597633378957], [-76.6166517279948, 7.70647606007087], [-76.6161294242335, 7.70712062216771], [-76.6151615144923, 7.70704117695751], [-76.6151351472692, 7.70703898441032], [-76.6144334422495, 7.70701405700188], [-76.6138187880066, 7.70687189936743], [-76.6127149754158, 7.70804475111311], [-76.6135093789546, 7.70891475346181], [-76.6134531722261, 7.70904146613943], [-76.6132497869481, 7.70949949355543], [-76.6132532601298, 7.71008258339314], [-76.6132172575703, 7.71008911966576], [-76.6109173439602, 7.71050464332326], [-76.6096603354561, 7.71048290760873], [-76.6082045623906, 7.71145376982423], [-76.6072450442234, 7.71262124452336], [-76.6070727763875, 7.71283084771404], [-76.6070001939038, 7.71277788933668], [-76.6061626750674, 7.71216558052569], [-76.6051665589895, 7.71179242213115], [-76.6047846771711, 7.71147398928179], [-76.6038441212092, 7.71060482779919]]]]}, "properties": {"FID": 634, "TIPO_ACTO_": "RESOLUCION", "NUMERO_ACT": "0030", "FECHA_ACTO": 928108800000, "AREA_ACTO_": 10992.0293, "NUMERO_PLA": "I-568.467", "PUEBLO": "Embera Katio", "DEPARTAMEN": "05", "MUNICIPIO": "05172", "ID": "10067", "NOMBRE": "Yaberarado (Abibe Chigorodo)", "CODIGO_DAN": "1556", "GlobalID": "78f14ca6-3244-49bf-ae63-99b8d812525e", "Shape__Area": 120417739.50097656, "Shape__Length": 134780.37935770056, "FECHA_ACTO_ISO": "1999-05-31"}}, {"type": "Feature", "id": 585, "geometry": {"type": "Polygon", "coordinates": [[[-76.5268947050266, 7.14471442709583], [-76.5283669932421, 7.14540108375969], [-76.5301042801884, 7.14608246500041], [-76.5307407196085, 7.14665738000066], [-76.531305662926, 7.14736892360355], [-76.531663458202, 7.14810173977007], [-76.5319333573385, 7.14860162433204], [-76.5320878437789, 7.14901999434382], [-76.5322786439442, 7.14942710484354], [-76.5323195433122, 7.14955119689676], [-76.5323665904457, 7.1496939444865], [-76.5313765007249, 7.1525115807113], [-76.5302734471618, 7.15515393727076], [-76.5299685167336, 7.15654828574111], [-76.5297329393236, 7.15736757801759], [-76.5296309867806, 7.15772215282138], [-76.5294698156794, 7.1584820331855], [-76.5293009634686, 7.15927814004035], [-76.5294769032365, 7.16075895742612], [-76.5300205533059, 7.16225712003619], [-76.530574264091, 7.16382428492886], [-76.5314267701293, 7.16543023218549], [-76.532520478837, 7.1672993912199], [-76.53303494051, 7.1681786098209], [-76.5335090639921, 7.16879316333972], [-76.5344999379217, 7.17007751842859], [-76.534692787642, 7.1703274849913], [-76.5351252527282, 7.17088804141582], [-76.5370170485979, 7.17306366781979], [-76.5385222807786, 7.17486368697529], [-76.5400161949914, 7.17667490089159], [-76.5401613986296, 7.17693333637003], [-76.5408473583189, 7.17815422180552], [-76.5416133145028, 7.18019858406295], [-76.5421695640741, 7.18258629218908], [-76.5424435650185, 7.1854111175944], [-76.5424911166717, 7.18578797310184], [-76.5425936528748, 7.18660057532163], [-76.5427664944781, 7.18797034891779], [-76.5423398983676, 7.18845444498192], [-76.5422562605179, 7.18870387375005], [-76.5421309049173, 7.18899484310282], [-76.5420056455441, 7.18920263685747], [-76.541838568595, 7.1895351449962], [-76.5417964092769, 7.18995097622179], [-76.5417958238182, 7.1904500307096], [-76.5418786324929, 7.19090759497475], [-76.5419200120988, 7.19115717033232], [-76.5421696549056, 7.1914901659036], [-76.5422943315181, 7.191781427536], [-76.5424607267811, 7.1920311485838], [-76.542835631659, 7.1921563504004], [-76.5432097595228, 7.19294695790093], [-76.5433343381092, 7.19332139423204], [-76.5432503603158, 7.19386193894247], [-76.5432081542329, 7.19431935751741], [-76.5430407823062, 7.19490139424901], [-76.5429153772428, 7.19523395185048], [-76.542914986937, 7.19556665514205], [-76.5428929283659, 7.19561931494451], [-76.5427060402515, 7.19606546591358], [-76.5428721477314, 7.19656471465491], [-76.5429551506596, 7.19685592682462], [-76.5431211106507, 7.19747994031201], [-76.5434537644796, 7.19810414715365], [-76.5434946098883, 7.19881119054898], [-76.5432857585309, 7.19922682572234], [-76.5432852719977, 7.19964270551138], [-76.5432430641161, 7.20010012318707], [-76.5431175583286, 7.2005158554872], [-76.543158696017, 7.20097337028967], [-76.5431582580471, 7.20134766183003], [-76.5432412142106, 7.20168046224839], [-76.5432405801886, 7.2022211040855], [-76.5432399479652, 7.20276174772131], [-76.5432392177157, 7.20338556515649], [-76.5431133701858, 7.20409241249962], [-76.5428622830678, 7.20498625857372], [-76.542862087915, 7.20515260976985], [-76.5428200257236, 7.20548526359877], [-76.5427778628081, 7.20590109392506], [-76.5427772296854, 7.20644173576221], [-76.5426517697633, 7.20681588161231], [-76.5425680329883, 7.20714848597854], [-76.5426509405884, 7.2075228746456], [-76.5428587244505, 7.20802217284969], [-76.543066506514, 7.20852146925504], [-76.5431909924703, 7.20897908298289], [-76.5434821740631, 7.20943689006505], [-76.5436067571461, 7.20981132729554], [-76.5437312907664, 7.21022735187539], [-76.5439811907793, 7.21035240800181], [-76.5441635840821, 7.21044368199495], [-76.5444809854091, 7.2106025175567], [-76.54531400134, 7.21099857269055], [-76.5455218382622, 7.21145628174658], [-76.5460213442096, 7.21195591899498], [-76.5462293762847, 7.21224727685487], [-76.5464373094342, 7.21262180941349], [-76.5464370891003, 7.21281033699196], [-76.5464368246996, 7.21303768830315], [-76.5466864333322, 7.2134122703245], [-76.5469361417895, 7.21370367494909], [-76.5472275706958, 7.21395354078776], [-76.5474356989983, 7.21416172304958], [-76.5477272259307, 7.21432841239076], [-76.5480188014265, 7.21445351348332], [-76.5485604226254, 7.21457890505685], [-76.5486857359579, 7.21432952215421], [-76.5490194204099, 7.21408038116912], [-76.5493531021639, 7.21383124018403], [-76.5494224974503, 7.21381747336221], [-76.54895460627, 7.21438442576508], [-76.5485959269604, 7.21506807689468], [-76.5484290757412, 7.21531046037387], [-76.5484058597426, 7.2153498848537], [-76.5484039756629, 7.2153529677297], [-76.5478471460289, 7.21599622491024], [-76.5472903217909, 7.21664065750469], [-76.5470079724399, 7.21690417325334], [-76.5466874261837, 7.21713058477304], [-76.5464739532104, 7.21726725114706], [-76.5461683581831, 7.21743151771472], [-76.5458942142466, 7.21754032489041], [-76.5456039094928, 7.21760513453368], [-76.5449936439415, 7.21767049815933], [-76.544604411964, 7.21772572282822], [-76.5443831283786, 7.21779015835345], [-76.5440550565955, 7.2179804737842], [-76.5435358689851, 7.21842694311325], [-76.5434523084772, 7.21849867393895], [-76.5428575130637, 7.21901574724324], [-76.5422086836838, 7.21957819314341], [-76.541987566473, 7.21977362032057], [-76.5414917801215, 7.2202156272137], [-76.5410800138316, 7.22060405879456], [-76.5406298087187, 7.22109424236962], [-76.5403398825795, 7.22143006990601], [-76.5400955763498, 7.2217374644766], [-76.5399737919569, 7.22190073639406], [-76.5395006739169, 7.22255374672221], [-76.5392870759378, 7.22288572965692], [-76.5391570015943, 7.22308861581113], [-76.5391537766254, 7.22309450547122], [-76.5388518319464, 7.22365037912586], [-76.5386763508329, 7.22402172538649], [-76.5384399091744, 7.22452891334278], [-76.538142297429, 7.22521711324329], [-76.5380354543727, 7.22553388414556], [-76.5379671067965, 7.22585948189367], [-76.5378604516985, 7.22652858289188], [-76.5377683620203, 7.22696380260148], [-76.5376848707601, 7.22719914079176], [-76.5374788144957, 7.2275876371238], [-76.5372114973127, 7.22792334235235], [-76.5369214668522, 7.2282411034082], [-76.5363266534522, 7.22885863368301], [-76.5360212364909, 7.22915840829788], [-76.535701059856, 7.22943902015863], [-76.5350600788595, 7.2300015110249], [-76.5346556888089, 7.23040119492313], [-76.5344421582789, 7.23064626917392], [-76.5342344688456, 7.23091760003115], [-76.5342093525795, 7.23095739593102], [-76.5341718535482, 7.23103222042456], [-76.5341266122533, 7.2311310271391], [-76.5340770389242, 7.23124855683932], [-76.5340267947008, 7.23137566791665], [-76.5339773922428, 7.23150819381204], [-76.5339080742982, 7.23170515073604], [-76.533717268737, 7.23228825136557], [-76.5336317737873, 7.23253832584694], [-76.5335875649142, 7.23266079642249], [-76.5334939769654, 7.23290332649118], [-76.5332958239431, 7.23338257341089], [-76.5332012305523, 7.23362312137378], [-76.5331579165046, 7.23374377981539], [-76.5331231235333, 7.23385075057551], [-76.5330922228278, 7.23395842370614], [-76.5330661209047, 7.2340667938113], [-76.5330449445685, 7.23418263548407], [-76.5330306489453, 7.23429934410327], [-76.5330234264899, 7.23441899440487], [-76.5330227187234, 7.23453924365498], [-76.5330276452096, 7.23466388879127], [-76.5330679159515, 7.23516822859464], [-76.5330757598384, 7.23529719497336], [-76.5330805289432, 7.23542617753985], [-76.5330812259178, 7.23555500002701], [-76.5330779236073, 7.23566378831695], [-76.5330710024248, 7.23577214583165], [-76.5330597806843, 7.2358884767356], [-76.5330454472895, 7.23599849979469], [-76.5330271307974, 7.2361077314504], [-76.5330041944879, 7.236215722941], [-76.5329761806062, 7.23632175390959], [-76.532942546861, 7.23642591968417], [-76.5328964997736, 7.23654315980275], [-76.5328436529122, 7.23665763630464], [-76.5327848201633, 7.23676925476105], [-76.5327202704241, 7.23687765094654], [-76.532649820233, 7.23698237609953], [-76.532579303492, 7.23707490554617], [-76.5325040635117, 7.23716384489926], [-76.5324138507186, 7.23726081699684], [-76.5321551697253, 7.23752221484207], [-76.5320168360082, 7.23767103105698], [-76.5319507601195, 7.23774817760002], [-76.5318928914438, 7.23782067284949], [-76.5318371118931, 7.23789487321355], [-76.5317832416033, 7.23797059882777], [-76.5316762780378, 7.23813216473133], [-76.5315572743487, 7.23832559541359], [-76.5313570744694, 7.23866103084561], [-76.531288737685, 7.23877179584536], [-76.5311770274978, 7.23894242061987], [-76.5311185841553, 7.23902585072611], [-76.5310531989459, 7.23911383499914], [-76.5309853621847, 7.23919993519248], [-76.5308871121505, 7.23931673554259], [-76.5308149037847, 7.23939770870098], [-76.5306794353077, 7.23954099768253], [-76.5305418462292, 7.23967734299864], [-76.5303856780566, 7.23982399724332], [-76.5302183996594, 7.23997387196029], [-76.5300143371919, 7.2401475247521], [-76.5299103027182, 7.24023192342815], [-76.529721200473, 7.24037803088503], [-76.5294325963372, 7.24059342570965], [-76.529338359078, 7.24066611701129], [-76.5292468467645, 7.24074078052619], [-76.5291591502746, 7.24081831557639], [-76.5290856288986, 7.24089062286758], [-76.5290172831211, 7.24096660748658], [-76.5289550230559, 7.2410468944622], [-76.5289021770938, 7.24112821655755], [-76.5288558647064, 7.24121347858275], [-76.5288161767251, 7.24130222727959], [-76.5287746577242, 7.24142034693508], [-76.5287404834865, 7.24154195056413], [-76.5286611497922, 7.24186128453425], [-76.5286240833347, 7.24198335581081], [-76.5285898461444, 7.24207614066495], [-76.5285501671564, 7.24216687776277], [-76.5285050481694, 7.24225502301447], [-76.5284534972311, 7.242341668197], [-76.5283968651232, 7.24242572063404], [-76.528339564819, 7.2425030002768], [-76.5282825019359, 7.24257431561572], [-76.5282229910981, 7.24264437999772], [-76.5281414243872, 7.24273470970267], [-76.5280566812708, 7.2428233396889], [-76.5279692168059, 7.24291045072023], [-76.5278793925199, 7.24299630719738], [-76.5275792626728, 7.24327247280993], [-76.5274777561934, 7.2433728470428], [-76.5273977111354, 7.24346018830057], [-76.5273205852768, 7.24355202886654], [-76.5272728744436, 7.24361299570673], [-76.5272263516148, 7.24367576298961], [-76.5271417937587, 7.24379845120108], [-76.5270607864261, 7.24392572775366], [-76.5269829626935, 7.24405596847169], [-76.526837892155, 7.24431476727618], [-76.5266629929027, 7.24464545698574], [-76.526654711046, 7.24461966353014], [-76.5265871665645, 7.24439173305556], [-76.5265042095016, 7.24407417614582], [-76.5264428982211, 7.2438111586216], [-76.5263279576691, 7.24329981040143], [-76.526247703069, 7.24299669300651], [-76.5261740387009, 7.24277457754826], [-76.5259906228689, 7.24229891982286], [-76.5259142155686, 7.24208820237221], [-76.5258660469805, 7.24193000083243], [-76.5258024846969, 7.24166853194079], [-76.5256965724388, 7.24113707847701], [-76.5255474756354, 7.24043212870338], [-76.5255029016375, 7.24018555258481], [-76.525463718176, 7.23993199323054], [-76.525425130965, 7.23960452938919], [-76.5254041974457, 7.23929603404842], [-76.5253859457048, 7.2388474027491], [-76.5251217527667, 7.23872523614442], [-76.5249355130634, 7.2386644428734], [-76.5247422613463, 7.23861172911169], [-76.5244988328548, 7.23856533848329], [-76.5243046125678, 7.23855138550175], [-76.524106444257, 7.23855994974558], [-76.5239077093732, 7.2385808931574], [-76.523521250905, 7.23863518792728], [-76.523275874482, 7.23866378996565], [-76.5229683108388, 7.23868567856486], [-76.5226626393693, 7.23868958162255], [-76.5223616929378, 7.2386802664448], [-76.5221263718345, 7.23866102365098], [-76.5218997130013, 7.23862059193043], [-76.5216802802207, 7.23854452817113], [-76.5214757635956, 7.23843287913773], [-76.5212893889941, 7.238296559902], [-76.5210587389696, 7.23810310943464], [-76.5209233999949, 7.23800238266753], [-76.5207580407509, 7.23790479723233], [-76.5205888135229, 7.23782765068924], [-76.5203165329816, 7.23771536943249], [-76.5200114289842, 7.23757236913323], [-76.5198137130324, 7.23749700054984], [-76.5195871279436, 7.23745367750891], [-76.5193506233326, 7.23744961617056], [-76.5191264861983, 7.23747439788887], [-76.5189249751075, 7.23751757883693], [-76.5187631295148, 7.23756831678812], [-76.5186238479122, 7.2376263392479], [-76.5184797927082, 7.23770480689503], [-76.5182522813177, 7.23785915843713], [-76.5181171842606, 7.23793811891274], [-76.5179335094239, 7.23800071802243], [-76.5177217631488, 7.23800817699949], [-76.5175532643716, 7.23798261017301], [-76.51717998277, 7.23789679776271], [-76.5169785930876, 7.23786174039072], [-76.516649017638, 7.23781146918767], [-76.5164863293805, 7.23777295212378], [-76.516289415624, 7.23769513828373], [-76.5161057138076, 7.23756774571861], [-76.5159433582993, 7.23740599905133], [-76.515764295186, 7.23719907943767], [-76.5156516658917, 7.23708187619136], [-76.5154900424315, 7.23697198083602], [-76.5153191289746, 7.23693486221786], [-76.5151187141573, 7.23696330867349], [-76.5149121614671, 7.237044910458], [-76.5146107204084, 7.23719640395461], [-76.5144037099632, 7.23727719455062], [-76.5141778119564, 7.23732800264892], [-76.5139419872329, 7.23734968260546], [-76.5133459345672, 7.23735775132289], [-76.5128027143737, 7.23738270031508], [-76.5125609388362, 7.23739140305454], [-76.5121973771072, 7.23739723246006], [-76.5115315370508, 7.23739889710513], [-76.5112358660423, 7.23741204159618], [-76.5108884435468, 7.23744154385586], [-76.5107205500133, 7.23744452061184], [-76.5105089773074, 7.2374168313854], [-76.5103100472708, 7.2373345074453], [-76.510131214384, 7.23720383325405], [-76.509973852811, 7.23704512899325], [-76.509782288222, 7.23681767515934], [-76.5096636154834, 7.23668658907854], [-76.50950076265, 7.23653288145107], [-76.5093188468873, 7.23638397440466], [-76.5090776990765, 7.2362059311226], [-76.5088793877735, 7.2360700300716], [-76.508580879404, 7.23587422427981], [-76.5082343904048, 7.23563865226576], [-76.5080335466109, 7.23551965936859], [-76.5078748045785, 7.23544055140409], [-76.5075488893697, 7.23529638738215], [-76.5073362905373, 7.23519543398587], [-76.5070749664365, 7.23506745686143], [-76.5068164221401, 7.23495175188566], [-76.5066725450019, 7.23487816665789], [-76.5063222042063, 7.23466628368584], [-76.5061165454422, 7.23456032466307], [-76.505736267115, 7.23438365284712], [-76.5053635134154, 7.23421019430885], [-76.5051547672787, 7.23413568907464], [-76.5049244589965, 7.23408939557297], [-76.5047434281666, 7.23407166004293], [-76.50450715648, 7.23406063255599], [-76.5037824530977, 7.23405103409176], [-76.5035416704117, 7.23404219825269], [-76.5031826538564, 7.23401827178965], [-76.5028890944561, 7.23398631797803], [-76.5026721977637, 7.23394446982528], [-76.5025071901547, 7.23389484703339], [-76.5022348439629, 7.23380342375286], [-76.5020229492997, 7.23376633661095], [-76.5018110681262, 7.23378228069153], [-76.5016095246598, 7.23385400252401], [-76.5014275900112, 7.23397205742835], [-76.5013012676393, 7.23408538819395], [-76.5011002691621, 7.23429298319844], [-76.5009378605938, 7.23444228144992], [-76.5007532567574, 7.23458591756987], [-76.5003883253609, 7.23484416508995], [-76.5002685842278, 7.2349530343189], [-76.5001814336262, 7.23506642713772], [-76.5000882108022, 7.23526233725084], [-76.5000274310211, 7.23548553729153], [-76.4999856620087, 7.23571107826741], [-76.4999290739676, 7.23610961463081], [-76.4998895964277, 7.23634083302677], [-76.499871404042, 7.23650878951276], [-76.4998776921018, 7.23672088292613], [-76.4999323214195, 7.2369385917064], [-76.4999976877431, 7.23710004969125], [-76.5001075893937, 7.23735107205803], [-76.500165998562, 7.23756487598197], [-76.5001784047096, 7.23778750765105], [-76.5001442241766, 7.23801092802557], [-76.5000755618377, 7.23823200386756], [-76.5000092170517, 7.23839578839858], [-76.49985887109, 7.23872047153622], [-76.4998009889244, 7.23885954719398], [-76.4997424466566, 7.23902744702271], [-76.4997073703988, 7.23916775744969], [-76.4996846778056, 7.23934025281407], [-76.4996882714965, 7.23957268889213], [-76.4997324731751, 7.23980282990034], [-76.499810476772, 7.24002664777521], [-76.5000073086903, 7.24046150865537], [-76.5000865119829, 7.24067276210189], [-76.500118958623, 7.24087017138491], [-76.5000827438236, 7.24105141265616], [-76.4999273760475, 7.24118125047791], [-76.4997497869231, 7.24118183593659], [-76.4995768787699, 7.24111021033153], [-76.4993890607565, 7.24099123452144], [-76.4992470937783, 7.240885834877], [-76.4990578314537, 7.24073371005629], [-76.4987347850822, 7.24046656644254], [-76.4985402896027, 7.2402998330345], [-76.4981366360968, 7.23993120902176], [-76.4979977933634, 7.23981793401408], [-76.4978071182039, 7.23968876169063], [-76.4976002858245, 7.23958361835293], [-76.4971595361836, 7.23940066657119], [-76.4969716786, 7.23929099424763], [-76.4968152613152, 7.23915612831635], [-76.4967174051841, 7.23904344955921], [-76.4966255439336, 7.23891826752769], [-76.4963934208197, 7.23858306052353], [-76.4962853582826, 7.23843953681888], [-76.49616817662, 7.23829931272679], [-76.4960066682731, 7.23812562755934], [-76.4957132779454, 7.23783754323172], [-76.4955898127196, 7.23770674853134], [-76.4954355897806, 7.23752516281971], [-76.4952992309747, 7.23733417829342], [-76.4951900236007, 7.23712859237438], [-76.4951134058589, 7.23690946356462], [-76.4950672274706, 7.23668140898358], [-76.4950179554143, 7.23627991025343], [-76.4949842803002, 7.23610617742193], [-76.4949126501986, 7.23588946059387], [-76.4948411271163, 7.23574375333531], [-76.4947060102741, 7.2354971097676], [-76.4946295553097, 7.23534266469601], [-76.4944717989343, 7.23497282120251], [-76.4941174075922, 7.23428862778175], [-76.4939703567465, 7.23402632701723], [-76.4938073177535, 7.23376871711643], [-76.4936741650307, 7.23356795606019], [-76.4935387810899, 7.23337280767275], [-76.4934319344362, 7.23323641289397], [-76.4932713119215, 7.23307554846169], [-76.4930889464977, 7.23296024368416], [-76.4928924329394, 7.23290644713871], [-76.4926817829379, 7.23291623625915], [-76.492472704052, 7.23298320607397], [-76.4923232852913, 7.23305808092953], [-76.4921314473084, 7.23316877668156], [-76.4919880620993, 7.23323855957574], [-76.4918377638017, 7.23328416689464], [-76.49168237714, 7.23329140553778], [-76.4914782256396, 7.23324740620671], [-76.4912910569367, 7.23314748253415], [-76.4911322735356, 7.23300928551396], [-76.4910212198534, 7.23288104219024], [-76.4908424786974, 7.23264763574366], [-76.4906921012594, 7.23247370685996], [-76.4905192236832, 7.23230522696852], [-76.4903799816508, 7.23218390932383], [-76.4899116516014, 7.23179745715081], [-76.4897292547013, 7.23164176651823], [-76.4895969788175, 7.2315206817979], [-76.4894683820601, 7.23139361568672], [-76.4893037800454, 7.23121587637554], [-76.4889821626966, 7.23085773665912], [-76.4885701841666, 7.23041759136267], [-76.4884079275838, 7.23023839335113], [-76.4882526992027, 7.23005373645473], [-76.4879183303666, 7.22962808553172], [-76.4876088799458, 7.22926084557556], [-76.4874623165326, 7.22907225864181], [-76.4873284533454, 7.22887330522282], [-76.487213992132, 7.22866503392821], [-76.4871265411569, 7.22844912109409], [-76.4870721375691, 7.22822128774622], [-76.487053793198, 7.22798639921699], [-76.4870609050367, 7.22780910507014], [-76.4870834870133, 7.22763172908506], [-76.4871245023938, 7.22741613101371], [-76.4871066058851, 7.22721448592382], [-76.4871071787533, 7.22674234184966], [-76.4871078424529, 7.22627019687615], [-76.4871085412262, 7.22571936212296], [-76.4869515195969, 7.22524705707016], [-76.4867157911008, 7.22477462611224], [-76.4863222135992, 7.22445932470219], [-76.4859286387956, 7.22414402329218], [-76.4855445572355, 7.22375946599074], [-76.4850628533679, 7.22335600044326], [-76.4847482030671, 7.22296213246061], [-76.4843546309614, 7.22264691738553], [-76.4839866778429, 7.22235216728291], [-76.483488561348, 7.22209496297638], [-76.4830949532694, 7.22185834864811], [-76.482701256158, 7.22162182335269], [-76.4822287604489, 7.22138508132069], [-76.4818678049552, 7.22109589172628], [-76.4814417466392, 7.22067586516328], [-76.4810480504271, 7.22043924813706], [-76.4805756473482, 7.22020259333926], [-76.4801032811415, 7.21988724696314], [-76.479630915834, 7.21957180975549], [-76.4791584246216, 7.2193351540584], [-76.4787649847162, 7.21894124110969], [-76.4783714180065, 7.21862592890781], [-76.4781378415881, 7.21843887891544], [-76.4779778521961, 7.21831061670596], [-76.4776361628786, 7.218036952108], [-76.4771908500776, 7.21760139065598], [-76.4767971574628, 7.21736485726669], [-76.4766672809702, 7.21714807928481], [-76.4765613156521, 7.21697110799461], [-76.4765619038088, 7.21649896032315], [-76.4765624910661, 7.21602681265168], [-76.4765631223901, 7.21554553866009], [-76.4765637582108, 7.21508251640944], [-76.4768006980937, 7.21468935259601], [-76.4770376766474, 7.21421758713642], [-76.4775895465203, 7.21398222826172], [-76.4779838227951, 7.21374661397952], [-76.4783783535781, 7.21335370737216], [-76.4785366612379, 7.21280312263051], [-76.4784585793999, 7.21225215747562], [-76.4783015757571, 7.21177984432888], [-76.4779870684484, 7.21130727487537], [-76.4776724352346, 7.2109133970002], [-76.4773577120887, 7.21051951732646], [-76.4769642838746, 7.21012560167975], [-76.4766497801632, 7.20965302952829], [-76.4762562629161, 7.20925911298232], [-76.4759639202986, 7.20881994255095], [-76.4756270405554, 7.20839265935842], [-76.4754066958623, 7.20820878936877], [-76.4751194802798, 7.20797006792896], [-76.4748015465541, 7.20785952686034], [-76.4745753859453, 7.20777380078495], [-76.4743546230674, 7.20766518966145], [-76.4741407058289, 7.207533864361], [-76.4739310333904, 7.20738372524343], [-76.4737745198781, 7.20726167555055], [-76.4735898000292, 7.20710851471089], [-76.4733604917932, 7.20690589745387], [-76.4731679253594, 7.206722872827], [-76.4728999939395, 7.20648675762248], [-76.4724575679624, 7.206803931421], [-76.4722901267879, 7.20692623292403], [-76.4721170270791, 7.2070390780557], [-76.4718849129583, 7.20716334457736], [-76.4716521729094, 7.20725454842337], [-76.471462204617, 7.20730767407459], [-76.4712641801977, 7.20734322337571], [-76.4710400259764, 7.20736382054858], [-76.4708007289704, 7.20736064684106], [-76.4705701814686, 7.20733547391765], [-76.4703591771343, 7.20729339284053], [-76.4701984583921, 7.20724888179514], [-76.4700386623543, 7.20719063270626], [-76.4698238979545, 7.20708731589159], [-76.4696348127964, 7.20696407999296], [-76.4694756049152, 7.20682822031084], [-76.4693555894888, 7.20669640128261], [-76.4692566271916, 7.20655977357939], [-76.4691717824518, 7.20640662982681], [-76.4690934497029, 7.20621875965275], [-76.4690308613851, 7.20599728720978], [-76.4689910780758, 7.20575997680619], [-76.4689468745985, 7.20533540237167], [-76.4689138487951, 7.20516174957987], [-76.4688585126102, 7.20499453683316], [-76.4687671621747, 7.20480845091408], [-76.4686520003895, 7.20463576939], [-76.468514433794, 7.20446925901387], [-76.4683417927395, 7.20429019230331], [-76.4679179656416, 7.20389326033048], [-76.4677350120611, 7.20371415674774], [-76.4676053837814, 7.20357759919161], [-76.4673189479111, 7.2032620720518], [-76.467107787994, 7.20305194725436], [-76.4669202154955, 7.20288885969797], [-76.466446288965, 7.20251224341015], [-76.4662452122467, 7.20234443531229], [-76.4660597846313, 7.20217645814191], [-76.4658728191752, 7.20199095948007], [-76.4656967472071, 7.20179582817977], [-76.4655580438686, 7.20161884160112], [-76.4654393585395, 7.20144672035471], [-76.4653254791875, 7.20125948510201], [-76.4652184733538, 7.20105468608977], [-76.4651442514061, 7.20089109581232], [-76.4650141240026, 7.20057249209175], [-76.4649038554285, 7.20033175257324], [-76.4648328242754, 7.20019028022218], [-76.4647322575876, 7.2000056844797], [-76.4646237390942, 7.19982275877821], [-76.4645360012354, 7.19968679297601], [-76.4644116861504, 7.1995105438415], [-76.4642830165479, 7.19934940601518], [-76.4641616485412, 7.19921750065209], [-76.4640439128962, 7.19910563398276], [-76.463721433997, 7.19883374734451], [-76.4635967016264, 7.19871577247984], [-76.463468509564, 7.19857676696917], [-76.4633532056858, 7.19842811622957], [-76.4632277520591, 7.19824157165616], [-76.4631120084124, 7.19804341413723], [-76.463028036015, 7.19788348679843], [-76.4629308157046, 7.19768116721707], [-76.4626926968104, 7.19715830857411], [-76.4625649750935, 7.19690103591907], [-76.4624378972911, 7.19668053024728], [-76.4622964384299, 7.19647762700592], [-76.4621598458002, 7.1963233042421], [-76.462021441936, 7.19620305049544], [-76.4618722183282, 7.19610688688834], [-76.4617056396036, 7.19603114058969], [-76.4615209899017, 7.19597645011809], [-76.4613140091342, 7.19594165984477], [-76.4610695778987, 7.1959246833425], [-76.460619594019, 7.19592124343569], [-76.4604043062137, 7.19590682550466], [-76.4601527838239, 7.19586576246002], [-76.4598300504164, 7.19578694227862], [-76.4596655545217, 7.19574596916619], [-76.4596602781992, 7.19572277654992], [-76.4596392223722, 7.19555375796461], [-76.4596147059539, 7.19531085287861], [-76.4596035210856, 7.19517837284867], [-76.4595938605682, 7.19504317506757], [-76.4595721842089, 7.19463365708267], [-76.4595636172671, 7.19450035057582], [-76.4595532309968, 7.19438205015658], [-76.4595401674448, 7.19427090024697], [-76.4595228617906, 7.19416185295228], [-76.4595028177009, 7.19406519651671], [-76.4594783525439, 7.19397055006597], [-76.4594491020944, 7.19387809706168], [-76.4594112208511, 7.19377837034065], [-76.4593678348576, 7.19368129302234], [-76.4593255118629, 7.19359730983308], [-76.4592328412226, 7.19343408378105], [-76.4590531314968, 7.19314699410359], [-76.4589944552299, 7.19304936370234], [-76.4589392116752, 7.19295081149588], [-76.45889378512, 7.19286151511196], [-76.4588531465554, 7.19277083736941], [-76.4588183796645, 7.19267859390714], [-76.4587892758044, 7.19257927278038], [-76.458768484378, 7.1924781925797], [-76.4587560818277, 7.19237219038944], [-76.4587518136452, 7.1922649723158], [-76.4587544171825, 7.19215690348346], [-76.4587626513752, 7.19205323323532], [-76.4587751357639, 7.19194926980811], [-76.4587910564621, 7.19184510763081], [-76.4588285303124, 7.19164100019721], [-76.4589522338584, 7.19104145006808], [-76.4590158393095, 7.19069626688444], [-76.4590754256903, 7.19032643957878], [-76.4591095324789, 7.19006669738543], [-76.4591232390462, 7.18993661674673], [-76.4591410977834, 7.18970081000962], [-76.4591468624377, 7.18957447504725], [-76.4591499120388, 7.18944815447399], [-76.4591480567374, 7.18921362567353], [-76.4591430726946, 7.189090328621], [-76.4591352836663, 7.18896713499054], [-76.4591246914513, 7.18884413921091], [-76.4591139499488, 7.18874445116075], [-76.4590866798064, 7.18854565062658], [-76.4590465106879, 7.18831926968382], [-76.4590246085988, 7.18821313529322], [-76.4589757439354, 7.18800179910905], [-76.4589143049512, 7.18777326968593], [-76.458837563103, 7.18752440299411], [-76.4587507722303, 7.18727423228534], [-76.458703178309, 7.18715025354668], [-76.4586520563473, 7.18702674335486], [-76.4585429505967, 7.18678202073897], [-76.4583228936866, 7.18630242847964], [-76.4582736225296, 7.18618704096452], [-76.4582276995487, 7.18607136476705], [-76.4581884981007, 7.18596098377774], [-76.4581547231619, 7.18585048497724], [-76.4581280942362, 7.18574003923678], [-76.4581106051203, 7.18562981562886], [-76.4581050581019, 7.18552007405757], [-76.4581141682343, 7.18541079743572], [-76.4581373995213, 7.18530307394307], [-76.4581724164238, 7.18520070951052], [-76.458217577679, 7.18510046118273], [-76.458273221432, 7.18499799063017], [-76.4583352045061, 7.18489711367624], [-76.4584017156666, 7.18479711446065], [-76.4586833230769, 7.18439758614508], [-76.4587516328815, 7.18429550050236], [-76.4588185631262, 7.18418908552329], [-76.4588824986284, 7.1840810607578], [-76.4589434438848, 7.18397178593458], [-76.458999783713, 7.1838642521989], [-76.4590527726673, 7.18375592166391], [-76.4591017776249, 7.18364698138849], [-76.4591483921845, 7.18353046342558], [-76.459187768101, 7.18341362170672], [-76.459217645378, 7.18329673861905], [-76.4592334068961, 7.18319682304042], [-76.4592380455993, 7.1830975082089], [-76.4592283616995, 7.18299230551595], [-76.4592035826791, 7.18288952919388], [-76.4591626140633, 7.18278719803625], [-76.4591088175179, 7.18268845787154], [-76.4590559346836, 7.18260850364501], [-76.4589975435018, 7.18253038763272], [-76.4589365406887, 7.18245490303682], [-76.4587359226247, 7.18221643610511], [-76.4586646207756, 7.18212600837408], [-76.4585970151401, 7.18203285030129], [-76.4585350914213, 7.18193686116272], [-76.4584789404507, 7.18183750136512], [-76.4584249910205, 7.18172638473038], [-76.4583769951022, 7.1816120737037], [-76.4583336900477, 7.18149548019777], [-76.4583020842737, 7.18140186347074], [-76.4582441994102, 7.18121243746954], [-76.458113575581, 7.18074331241947], [-76.4580415245966, 7.1805089661814], [-76.4579720483713, 7.18031706884321], [-76.4579335627836, 7.18022267510195], [-76.4578924610682, 7.18012946936503], [-76.4578483816974, 7.18003772592589], [-76.4577871720403, 7.17992203893651], [-76.4577214495852, 7.17980854359495], [-76.4576221149686, 7.17965031867283], [-76.4572668953509, 7.17911459882527], [-76.4572071452935, 7.17901886959073], [-76.4571096641796, 7.17885160198543], [-76.4570161014119, 7.17867265938131], [-76.4569711011354, 7.17857757586003], [-76.4568921649414, 7.17839313659958], [-76.4568181345492, 7.17819511937489], [-76.4567849567603, 7.17809491601319], [-76.4567503400561, 7.17797872900076], [-76.4567196992547, 7.1778616174853], [-76.4566933050519, 7.17774367139895], [-76.4566734812961, 7.17763671322935], [-76.4566577251738, 7.17752928201641], [-76.4566462192476, 7.17742146769225], [-76.4566402234675, 7.17732952550287], [-76.45663784566, 7.1772374744955], [-76.4566393574204, 7.17714549453458], [-76.4566463001865, 7.17703686092805], [-76.4566577683413, 7.17692847643368], [-76.4567113292644, 7.17652985823206], [-76.4567219664456, 7.1764007893306], [-76.4567257256117, 7.17627139307599], [-76.4567233298178, 7.17617581762556], [-76.4567166820292, 7.17608035548973], [-76.4567064171674, 7.17598500307111], [-76.4566883210091, 7.17586231575894], [-76.4566657938913, 7.17573992252506], [-76.4566396497, 7.17561781977225], [-76.4566105233569, 7.17549618196894], [-76.456539233199, 7.17523391357996], [-76.4564301085627, 7.17487968771312], [-76.4563118324251, 7.17452261818999], [-76.4561965096611, 7.17419426222114], [-76.4560462419405, 7.17379091988081], [-76.4558758042249, 7.17335316947892], [-76.4557599913305, 7.17306962762699], [-76.4556794039813, 7.17288031673899], [-76.4555953776246, 7.17269048244559], [-76.4554367623966, 7.17235196143969], [-76.45527278631, 7.17202575395119], [-76.4551177683703, 7.17173509846182], [-76.4550595165834, 7.1716314102272], [-76.45492635127, 7.17140307056108], [-76.4547885787299, 7.17117565719667], [-76.4544456582405, 7.17061963155658], [-76.4542124109739, 7.17022746688992], [-76.4540103171224, 7.16987688147875], [-76.4532049562437, 7.16846241967087], [-76.4531919124768, 7.16840665271079], [-76.4529224971755, 7.16796462243535], [-76.4521633803357, 7.16709371626797], [-76.450934809294, 7.1662268570498], [-76.4501439562785, 7.16544510067689], [-76.4501385342659, 7.16439719174307], [-76.4501344684309, 7.16361128230091], [-76.4496080196943, 7.16326471595996], [-76.4487283514322, 7.1622214061591], [-76.4486360063466, 7.16126130882853], [-76.4483700768175, 7.16056402397668], [-76.4480172206182, 7.15995464335828], [-76.4474020456678, 7.15934652269008], [-76.4470874897957, 7.15848098817332], [-76.4469585674839, 7.15812631624278], [-76.4466021086004, 7.15681829369561], [-76.4465948996349, 7.15542110786416], [-76.4465894947094, 7.15437328526526], [-76.4464480547339, 7.15234571245113], [-76.4457916233847, 7.15171960714064], [-76.4459654335579, 7.1514698114491], [-76.4463062343452, 7.15098002627367], [-76.4465470844803, 7.15077519218784], [-76.4476066081584, 7.1498721820221], [-76.4488978979196, 7.14810981658136], [-76.4496568088146, 7.14628248141802], [-76.4498538835498, 7.14580727335362], [-76.4498543547946, 7.14580682099465], [-76.4498549573404, 7.1458053703882], [-76.4514767731345, 7.14425759308017], [-76.4531037276549, 7.14314652475903], [-76.4535719614768, 7.14197186897333], [-76.4538459498307, 7.14128299637994], [-76.4545745994382, 7.13810535164757], [-76.4557456579357, 7.13547329052693], [-76.4557466993506, 7.13547236962115], [-76.4573688928601, 7.13403509471086], [-76.4583584789606, 7.13323838890756], [-76.4588851498298, 7.13281437025407], [-76.4588859457298, 7.13281436126081], [-76.459515236439, 7.13280654885018], [-76.4604169362925, 7.13279598631279], [-76.4607735993221, 7.13286665413985], [-76.462497740878, 7.13321113585228], [-76.4642562554218, 7.13395499569353], [-76.4667778366278, 7.13458060817551], [-76.4690895466453, 7.13586239120335], [-76.4724864982533, 7.13658714854501], [-76.475439091241, 7.13655284210688], [-76.4781300210836, 7.13651985137701], [-76.4794826140314, 7.13650326248252], [-76.4803810871175, 7.13646352863592], [-76.4827613101863, 7.13635626829412], [-76.4840639224121, 7.13568653147522], [-76.4836063068855, 7.13474841717272], [-76.4833837426656, 7.13410459971451], [-76.4832857975015, 7.13382224316904], [-76.483221249561, 7.13372718213077], [-76.4829121013124, 7.13327597607247], [-76.4829136148714, 7.1332741369589], [-76.4842680820063, 7.13162952425022], [-76.4846305960252, 7.13118935197413], [-76.486164052529, 7.12969780117978], [-76.4869924432466, 7.12890546428296], [-76.4873924446056, 7.12852287200012], [-76.4891701156083, 7.12803838203292], [-76.4908771223813, 7.12817194034999], [-76.4916959101381, 7.12820067728666], [-76.4925073909033, 7.12822973438192], [-76.4930167030583, 7.12822376558153], [-76.4935932476303, 7.12821773292927], [-76.494339728096, 7.12882378875404], [-76.4950025527256, 7.1293624331969], [-76.4952979881116, 7.1298548695737], [-76.4955558732049, 7.13028529589683], [-76.4962749729116, 7.13213539559909], [-76.4963528002415, 7.13337521626028], [-76.4963719288214, 7.1336843842939], [-76.4965744606428, 7.134094896929], [-76.4972459277573, 7.13545588145075], [-76.4983353305111, 7.1366702225197], [-76.4983461916234, 7.13668231885086], [-76.498346360696, 7.13668249556764], [-76.500289914348, 7.13712500877904], [-76.5019969939661, 7.13718226501645], [-76.5037899192693, 7.1380138510253], [-76.5051020319332, 7.13873255682893], [-76.5055862826808, 7.13899845218367], [-76.5067512914389, 7.13913957919509], [-76.5070631844184, 7.13904907771961], [-76.5081424401215, 7.13873591219948], [-76.5085307889647, 7.13800438476144], [-76.5085964070985, 7.13788031698996], [-76.5089281957795, 7.13595930214704], [-76.5091056769854, 7.13492883106768], [-76.5090998709622, 7.13443727782512], [-76.5090751189215, 7.13234136462937], [-76.5091037920064, 7.13237572592609], [-76.5092372954648, 7.13254739751145], [-76.5093456439862, 7.13274515663076], [-76.5093459749368, 7.13274576007583], [-76.5093517350945, 7.13289452682803], [-76.5093625989048, 7.13298279798478], [-76.5093803695084, 7.13312719133387], [-76.509401354289, 7.13329891328124], [-76.5101367371207, 7.13465575012976], [-76.5102272925554, 7.13482282977675], [-76.5105140575777, 7.13545009791067], [-76.510843512518, 7.13617074894788], [-76.5112833853199, 7.13665988571211], [-76.5119983274608, 7.13745490078996], [-76.5123260808839, 7.13781936004237], [-76.5129050536253, 7.13825658973668], [-76.514225333932, 7.13925364200882], [-76.5163028469988, 7.14023947613772], [-76.5192388699778, 7.14147951353554], [-76.5232618801316, 7.14306895283662], [-76.5258427320564, 7.14422380105429], [-76.5263226165955, 7.14444761263393], [-76.5268947050266, 7.14471442709583]]]}, "properties": {"FID": 585, "TIPO_ACTO_": "RESOLUCION", "NUMERO_ACT": "0024", "FECHA_ACTO": 832896000000, "AREA_ACTO_": 9850, "NUMERO_PLA": "1-568-163 de Julio de 1995", "PUEBLO": "Embera Katio", "DEPARTAMEN": "05", "MUNICIPIO": "05480", "ID": "10029", "NOMBRE": "Chontadural Cañero", "CODIGO_DAN": "1037", "GlobalID": "79aef368-88fb-4692-b10b-6b6007e02361", "Shape__Area": 93236863.4272461, "Shape__Length": 44212.07237411346, "FECHA_ACTO_ISO": "1996-05-24"}}, {"type": "Feature", "id": 813, "geometry": {"type": "Polygon", "coordinates": [[[-76.4041317149067, 8.79050916418105], [-76.4039776412551, 8.79025043642297], [-76.404096499254, 8.78973535961366], [-76.4040417647157, 8.78943378005938], [-76.4054376798051, 8.78918963211034], [-76.4057150765895, 8.79032689408535], [-76.4065207450363, 8.79025166309826], [-76.4066879119176, 8.79028840759844], [-76.407677872136, 8.79179611741132], [-76.4080815724066, 8.79189286647704], [-76.4078564694005, 8.79205123619003], [-76.4072648647817, 8.79363303035443], [-76.4069209406488, 8.7945525871465], [-76.4063213752312, 8.79541698761818], [-76.4060395870573, 8.79534474148097], [-76.4053804991107, 8.79504718909084], [-76.4046419848397, 8.7949655162599], [-76.4040542751846, 8.79480905580762], [-76.4037790628534, 8.79444908687018], [-76.4031302010978, 8.79419314161458], [-76.4027203242835, 8.79403146239643], [-76.4021997328314, 8.79382611299907], [-76.4023815253871, 8.79358761638975], [-76.4025020210514, 8.79303277785479], [-76.402534106164, 8.79283498995725], [-76.4028965976998, 8.79269499519226], [-76.4028584961226, 8.79213083248633], [-76.4031244409401, 8.79118748412954], [-76.4034238846045, 8.79112160519237], [-76.4035501602117, 8.79090198445348], [-76.4038285381565, 8.79074608787612], [-76.4041317149067, 8.79050916418105]]]}, "properties": {"FID": 813, "TIPO_ACTO_": "ACUERDO", "NUMERO_ACT": "0096", "FECHA_ACTO": 1171497600000, "AREA_ACTO_": 25.75, "NUMERO_PLA": "10-0-000111 de octubre de 2006", "PUEBLO": "Zenú", "DEPARTAMEN": "05", "MUNICIPIO": "05051", "ID": "10026", "NOMBRE": "Resguardo Indígena de Canime", "CODIGO_DAN": "1745", "GlobalID": "42a8f74e-c650-4b62-abe7-19c9d44d7aa6", "Shape__Area": 268830.9033203125, "Shape__Length": 2206.8243986544417, "FECHA_ACTO_ISO": "2007-02-15"}}, {"type": "Feature", "id": 567, "geometry": {"type": "Polygon", "coordinates": [[[-77.1094674739447, 8.02091840619823], [-77.1080728646709, 8.02002766188591], [-77.107750115975, 8.02005375391642], [-77.1067125825196, 8.02077577731906], [-77.1057895831227, 8.01840078290868], [-77.1059970747052, 8.01830811046981], [-77.1073577741419, 8.01681990605274], [-77.1077617945711, 8.01628886717638], [-77.1079348556091, 8.01603813798861], [-77.1079978387293, 8.01583961264697], [-77.1080637437468, 8.01501279034694], [-77.1084953760607, 8.01390035505636], [-77.1086440645719, 8.01294315983799], [-77.1064387830234, 8.01274135107153], [-77.1061316384643, 8.01271324366028], [-77.1057159574254, 8.01267944983578], [-77.1045755073537, 8.01258673333011], [-77.1042663051458, 8.01256806250511], [-77.09982797638, 8.01230004205233], [-77.0984589627109, 8.01223111351413], [-77.0983105916604, 8.01222364284587], [-77.0943018258685, 8.01202177562351], [-77.0931916838491, 8.01197689765475], [-77.0911826838338, 8.01189567538417], [-77.0866135891458, 8.0117109123678], [-77.0831072476013, 8.01172522597746], [-77.0807504464759, 8.0117348307369], [-77.0806389323408, 8.01177093222178], [-77.0805391039964, 8.01180325115816], [-77.0791666576151, 8.01224755402045], [-77.0776051962228, 8.01275304135882], [-77.0769367993938, 8.01294655118144], [-77.0886972364883, 7.97531488151677], [-77.0913953950814, 7.97256012319144], [-77.0958500834146, 7.97120342663719], [-77.0993058371946, 7.97110756430299], [-77.1009377128051, 7.97096393447833], [-77.1041979665629, 7.97076287844448], [-77.106736269763, 7.97050154265243], [-77.1086055394141, 7.97018577359497], [-77.1101516664662, 7.97098669991663], [-77.1117093614978, 7.97182014932079], [-77.1130118496171, 7.97251424877386], [-77.1130775064217, 7.97253849089897], [-77.114261066395, 7.9729755119506], [-77.1153834445902, 7.97361334262192], [-77.1154175315938, 7.97363271401881], [-77.1168543253668, 7.97443382110419], [-77.1170819473739, 7.97456073433067], [-77.1179896744839, 7.97520256518645], [-77.1195043378549, 7.97637196173685], [-77.1198262600738, 7.97648321776648], [-77.1211955777137, 7.97695645271828], [-77.1217954192232, 7.97716573575027], [-77.1218574112905, 7.97718736444547], [-77.1218809294613, 7.97719556985984], [-77.122028589148, 7.97723793152546], [-77.1221769880775, 7.97728050722978], [-77.1228163386031, 7.977463929357], [-77.1228185491367, 7.97746456247973], [-77.1230983021449, 7.97754482157639], [-77.1231069985891, 7.97754731629574], [-77.1231588211227, 7.97756218388783], [-77.1232403410688, 7.97760369479484], [-77.1232457576855, 7.97759907947411], [-77.1235803549494, 7.97731388017156], [-77.1235879713078, 7.97727589280835], [-77.1236167640024, 7.97722804258027], [-77.1236455575964, 7.97718976203802], [-77.123674352989, 7.97715148059651], [-77.1237127468457, 7.97712276884086], [-77.1237511416019, 7.97709405528659], [-77.1237895372573, 7.97706534353095], [-77.1238375322762, 7.97704619966256], [-77.1238855272952, 7.97702705489482], [-77.1239335205155, 7.97699834223987], [-77.1239719143723, 7.97696962868555], [-77.1240201081415, 7.97693904903807], [-77.1240775019751, 7.97690263189114], [-77.1241158967312, 7.97687391833686], [-77.1241542896887, 7.97683563689529], [-77.1242022838083, 7.9768069224417], [-77.124250277928, 7.97677820978672], [-77.1242886708854, 7.97673992744585], [-77.1243366668037, 7.97672078357748], [-77.1243846618227, 7.97670163791046], [-77.1244326568416, 7.97668249494135], [-77.1244710506984, 7.97665378228639], [-77.1245094454545, 7.97662507053073], [-77.1245574395741, 7.97658678729061], [-77.1246054327945, 7.97655807283699], [-77.1246438266513, 7.97652936108135], [-77.1247014201344, 7.97650064572841], [-77.1247206179621, 7.97649107424387], [-77.1248453961981, 7.97635708784951], [-77.124874189792, 7.97631880640797], [-77.1249029842853, 7.97628052676509], [-77.1249221767171, 7.97623267653699], [-77.124950970311, 7.97619439599475], [-77.1249701636421, 7.97614654666598], [-77.1249989572361, 7.97610826612378], [-77.1250064090185, 7.97609836009145], [-77.1250277526286, 7.97606998468225], [-77.1250661437875, 7.97602213265549], [-77.1251045367449, 7.97598385211331], [-77.125142931501, 7.97595513855903], [-77.1251813244585, 7.97591685711746], [-77.1252293185781, 7.97588814266387], [-77.1252677133343, 7.97585943000891], [-77.1253034433992, 7.97584517845242], [-77.1253157083532, 7.97584028614052], [-77.1253732991384, 7.97579243321441], [-77.1254116929952, 7.97575414997426], [-77.1254142920359, 7.97575069387963], [-77.1256449375638, 7.97555409938237], [-77.1257369472023, 7.97547567490269], [-77.1261117873291, 7.97467182848237], [-77.126116121162, 7.97466499183616], [-77.1268428696027, 7.97421439911546], [-77.1274475287804, 7.9733722190929], [-77.1284937469888, 7.97245342672454], [-77.1297149408917, 7.97149309916755], [-77.1302719153166, 7.9711249140239], [-77.1309270696285, 7.97072616811853], [-77.1310665526792, 7.97054344746249], [-77.1311283181174, 7.97079603644831], [-77.1311189768593, 7.97096744453228], [-77.131031193135, 7.97131279768779], [-77.130898059298, 7.9717542038338], [-77.1306824198577, 7.97261583169558], [-77.130433039653, 7.97418524669201], [-77.1305290719591, 7.97449145595617], [-77.130586712207, 7.97483594666186], [-77.1306635260009, 7.97497947756105], [-77.130730762015, 7.97528569042252], [-77.1307979908346, 7.97553448696723], [-77.131412571333, 7.97602255173958], [-77.1314809009228, 7.97616945329781], [-77.1314977164464, 7.97613312338513], [-77.1315199512847, 7.97607214035721], [-77.1315436511186, 7.97603078503289], [-77.1315673257714, 7.97596782079848], [-77.1315801716875, 7.9759165684351], [-77.1315826736015, 7.9759065859604], [-77.1315895480192, 7.97585170123524], [-77.1315955429, 7.97580385010782], [-77.1316015341834, 7.97575600257769], [-77.1316084382788, 7.97570089482067], [-77.1316084319835, 7.97565304908916], [-77.1316117963473, 7.97562619533287], [-77.1316239614766, 7.97559384402089], [-77.1316341049299, 7.9755702368172], [-77.1316462223952, 7.97555573884651], [-77.1316822159615, 7.97552583009324], [-77.1317218832583, 7.97547836567427], [-77.1317544297231, 7.97543293102516], [-77.1317830245669, 7.97539301011952], [-77.1318286813485, 7.97533447684485], [-77.1318601756066, 7.97527951837528], [-77.1318740494478, 7.97524723900913], [-77.1318925035362, 7.97522515525694], [-77.1319186369355, 7.97519475457448], [-77.1319489665715, 7.97517315195965], [-77.1319805903319, 7.9751506293383], [-77.1320083703899, 7.97513875469], [-77.1320538167302, 7.97512175840266], [-77.1321043604278, 7.97510285735123], [-77.1321488543861, 7.97508384118656], [-77.1321970472559, 7.97506324311442], [-77.1322390419982, 7.97503931395339], [-77.1322748377136, 7.97502401558607], [-77.1323081504008, 7.97500977841877], [-77.1323469786301, 7.97500009721692], [-77.1324014901366, 7.97498650306492], [-77.1324557759133, 7.97496620266837], [-77.1325232808247, 7.97494095510125], [-77.1325845309513, 7.97488860736358], [-77.1326269276905, 7.97484633113349], [-77.1326599633866, 7.97480789860588], [-77.132694449689, 7.97477842422511], [-77.1327218421393, 7.97475566148483], [-77.1327548265739, 7.97473686655334], [-77.1327968195176, 7.97471293739238], [-77.1328388133605, 7.97468900823138], [-77.1328808054048, 7.97466508086904], [-77.132941266826, 7.97463062964011], [-77.1329915173446, 7.97457050096808], [-77.1330222813532, 7.97451681324059], [-77.1330514832393, 7.97445857224556], [-77.1330721235796, 7.97439681759932], [-77.1330938071334, 7.97433194320484], [-77.1331021537414, 7.97426528365616], [-77.1331021474461, 7.97421011834253], [-77.1331021402515, 7.97416227530905], [-77.1331021348556, 7.97411975895997], [-77.1331081261391, 7.97405396905567], [-77.1331081189445, 7.97400212583769], [-77.1331125121327, 7.9739670432847], [-77.1331209118006, 7.97392934730181], [-77.1331441008195, 7.97387538707973], [-77.1331440990209, 7.97385866508557], [-77.133157316357, 7.97380152755871], [-77.1331725742548, 7.97376095374531], [-77.1331883951283, 7.97371887986268], [-77.13320961733, 7.97367654967328], [-77.1332321489445, 7.97363161504726], [-77.1332493700624, 7.97360156240249], [-77.133272717362, 7.97357362496311], [-77.1333055246302, 7.97353436955579], [-77.1333380701957, 7.97348893490673], [-77.1333680616867, 7.97344706517018], [-77.1334034320227, 7.97339768789325], [-77.1334343255336, 7.97333606904462], [-77.1334568490543, 7.97327617509568], [-77.1334721941864, 7.97321494385487], [-77.1334784777495, 7.9731647823691], [-77.1335070069428, 7.97302817894763], [-77.1335161431554, 7.97299172492847], [-77.1335277596983, 7.97296469400572], [-77.1335484081325, 7.97292866266792], [-77.133567253426, 7.97289577625934], [-77.1335906025242, 7.97286783702132], [-77.1336205949145, 7.97283194777645], [-77.133650588204, 7.97279605853157], [-77.133683394573, 7.97275680312429], [-77.1337133869632, 7.97271493338775], [-77.1337405680727, 7.97268240850666], [-77.1337833596143, 7.97263120380733], [-77.133807416479, 7.9725672269363], [-77.1338280595173, 7.97251919234712], [-77.1338458597986, 7.97244816748924], [-77.133845852604, 7.97239236275769], [-77.1338518438874, 7.97233853293727], [-77.1338518366929, 7.9722855125067], [-77.1338578306743, 7.97223766587588], [-77.1338578252784, 7.97219696975465], [-77.1338662977914, 7.97216316154102], [-77.133876662478, 7.97212180801535], [-77.1338881495184, 7.97209126074344], [-77.1339148458934, 7.97204866615336], [-77.1339327864689, 7.97201288302844], [-77.1339514698844, 7.97199425447157], [-77.1339701362128, 7.97197874296498], [-77.1340121300557, 7.97196079429555], [-77.1340654508599, 7.971916486497], [-77.1341488998518, 7.97184297501364], [-77.134149182239, 7.9717997778778], [-77.1342000559878, 7.97157575945406], [-77.1342138587825, 7.9715129642922], [-77.134211718396, 7.97145143357713], [-77.1342158831565, 7.97141310447153], [-77.1342176170493, 7.97137845359308], [-77.1342231892488, 7.97131180033966], [-77.1342363103574, 7.97127691204018], [-77.1342533471142, 7.97123160059821], [-77.1342700754036, 7.97118527292235], [-77.134287496171, 7.9711312515464], [-77.1342991783644, 7.97108988453089], [-77.1343015831515, 7.97108428804983], [-77.134122513743, 7.97100101262698], [-77.1336847579452, 7.97080202863105], [-77.133454008096, 7.97069632141849], [-77.1334012062007, 7.97067721352294], [-77.1332458474179, 7.97062099330459], [-77.1331528557197, 7.97058004627247], [-77.1330550049844, 7.97052268751238], [-77.1329590068527, 7.97047867918805], [-77.1329158079182, 7.97046337452549], [-77.1328390094127, 7.97043563313833], [-77.1327727707467, 7.97040597709453], [-77.1327228520779, 7.97039354396725], [-77.132600939082, 7.97037442168256], [-77.1325337426381, 7.97036294723265], [-77.1324521462495, 7.97035243145991], [-77.1323763109179, 7.97034574230255], [-77.1322947136301, 7.97031608805737], [-77.1320508741485, 7.97019841716363], [-77.1318742374061, 7.97011231607088], [-77.1317225613471, 7.97005683239727], [-77.131659201411, 7.97003100386811], [-77.1315621672602, 7.97003405256983], [-77.1317664302765, 7.96906048969027], [-77.1316021151455, 7.96867882280988], [-77.1316485093712, 7.96800257040279], [-77.1325869249466, 7.96831920191008], [-77.1336504578023, 7.9685544276851], [-77.1341037493885, 7.96865953684859], [-77.1342016756668, 7.96869352852395], [-77.1344205553643, 7.96869480735992], [-77.1345884497971, 7.96846339920697], [-77.1347060199668, 7.96831745003074], [-77.1349147553117, 7.96796813895889], [-77.1350779085186, 7.96772888062381], [-77.1352242614905, 7.96747048561491], [-77.1353668606921, 7.96719061659418], [-77.1354137909137, 7.96707811410415], [-77.1356226107948, 7.96733885094767], [-77.1359263478226, 7.96761170705514], [-77.1362550338427, 7.9678567057628], [-77.1363762363742, 7.96794759754405], [-77.1364768911955, 7.96803495858692], [-77.1365679979147, 7.96810935500317], [-77.1369457536436, 7.9684178179684], [-77.1372865022702, 7.968607368076], [-77.1377276826864, 7.9683609826137], [-77.1385665756869, 7.96759729631868], [-77.1389970730564, 7.96775594122418], [-77.1391578907241, 7.96754077572671], [-77.140452117671, 7.96731774116131], [-77.1408619171437, 7.96723878248429], [-77.1406737070259, 7.96835609659703], [-77.1410786456629, 7.96917315315891], [-77.141544240874, 7.96918734625944], [-77.141782289621, 7.96976821477169], [-77.1416060260972, 7.9699358978638], [-77.1415844351735, 7.96998614028851], [-77.1415628442498, 7.97002920612337], [-77.1415412524268, 7.97007227195818], [-77.1415124606315, 7.97010816120304], [-77.1414908697078, 7.97015122793724], [-77.1414548752422, 7.97018711718212], [-77.141418884374, 7.97022300912495], [-77.1413900916793, 7.97025889926916], [-77.1413541053077, 7.97032349847105], [-77.1413397134569, 7.97036656160789], [-77.1413253216062, 7.97040962654343], [-77.1413037279846, 7.97045269327756], [-77.1412821370609, 7.97049575821304], [-77.141253346165, 7.97053882494721], [-77.1412245534704, 7.9705747150914], [-77.1411885608034, 7.97061060523562], [-77.1411525690358, 7.97064649627914], [-77.1411165772682, 7.97067521073275], [-77.1410805828026, 7.97070392428703], [-77.1410445919344, 7.97073981443122], [-77.1410085992674, 7.97077570637413], [-77.1409726074998, 7.97081159561903], [-77.1409438148052, 7.97084748576322], [-77.1409200493208, 7.9708711855971], [-77.1409078239369, 7.97088337680673], [-77.1408790312423, 7.97091926605163], [-77.1408502394469, 7.97095515619588], [-77.1408142476794, 7.97099104723942], [-77.1407854549847, 7.97103411217489], [-77.1407566631894, 7.97107717980838], [-77.1407350722657, 7.97112024744183], [-77.1407134804427, 7.97116331147799], [-77.1407062993562, 7.97129249998925], [-77.1406991101758, 7.97134991720525], [-77.1406919182974, 7.97140015783138], [-77.1406847282176, 7.97145757504738], [-77.1406703345683, 7.97150063998292], [-77.1406487427453, 7.97154370581771], [-77.1406343517938, 7.97159394734312], [-77.1406199590438, 7.97163701227866], [-77.1406199671377, 7.97168725110609], [-77.1406266625904, 7.97174058180272], [-77.1405954678066, 7.97180311795987], [-77.1406415967323, 7.9718882055166], [-77.1406416048262, 7.9719384452434], [-77.1406344120484, 7.97198868497016], [-77.1406128211248, 7.97203175080497], [-77.1405840284301, 7.97206764004985], [-77.140732230408, 7.97241797994611], [-77.1415089343898, 7.97229894568011], [-77.142722457975, 7.97222756199273], [-77.1438883939342, 7.9723941236302], [-77.144721205719, 7.97256068616702], [-77.1457116695578, 7.97298458611003], [-77.1462175130278, 7.97396255476833], [-77.1459905421298, 7.97511303857611], [-77.1458789407605, 7.97607345876334], [-77.1465116327057, 7.97737515637854], [-77.1468448468122, 7.97866904428109], [-77.1469785130479, 7.97936385869521], [-77.1471446933729, 7.98014892637193], [-77.1472754350133, 7.98078187732185], [-77.1475771665529, 7.98135110680819], [-77.1476767457851, 7.98193147709598], [-77.147673039679, 7.98286789887443], [-77.1472178154498, 7.98331119539529], [-77.146589263084, 7.98390091773311], [-77.1460332500344, 7.98461447941459], [-77.1459264357564, 7.98503735233185], [-77.145615914243, 7.9858244767581], [-77.1456110938768, 7.98652614670414], [-77.1455541874757, 7.9869992017916], [-77.144582416945, 7.98728417716289], [-77.1444625184304, 7.98732209527832], [-77.1437977773455, 7.98786602953349], [-77.1432780744236, 7.98837945069092], [-77.1424140040031, 7.98929105387882], [-77.1414095682969, 7.99068818215362], [-77.1410222689625, 7.99170067038936], [-77.1411550520639, 7.992455517248], [-77.1412649177417, 7.9935267797767], [-77.1420629824207, 7.99473067252217], [-77.1427413842075, 7.99579014134151], [-77.1433013911462, 7.99688413603356], [-77.1439797857385, 7.99755416693076], [-77.1441302908802, 7.99815468922703], [-77.1436950945529, 7.99882249969809], [-77.1438524408375, 7.99980335877744], [-77.1442933721414, 8.00148925756257], [-77.1447312007842, 8.00307756911389], [-77.1449068392791, 8.00350251406909], [-77.1450412276705, 8.00422118839641], [-77.1454506260455, 8.00493676905591], [-77.1458475247434, 8.00585134090594], [-77.1462088498585, 8.0064060292541], [-77.1463793856001, 8.00721059423276], [-77.1450603193782, 8.00740517784588], [-77.1446703184804, 8.00731852546878], [-77.1435366430017, 8.00685022329837], [-77.1418692459689, 8.00708192912695], [-77.1408785941717, 8.00735676734018], [-77.1400384610062, 8.00774309450739], [-77.1396661407798, 8.00772147480544], [-77.1383485800229, 8.00770682664793], [-77.1376346487201, 8.00763260649877], [-77.1365278153064, 8.00769085918498], [-77.1365478459063, 8.00812922112584], [-77.1364183786052, 8.00998535707767], [-77.1363446872575, 8.01068990935095], [-77.1362489607209, 8.01141037962438], [-77.1361734041792, 8.01197905512835], [-77.1359985193162, 8.0127924172753], [-77.1357818321658, 8.01319115958338], [-77.1354890488805, 8.01372993352862], [-77.13485592616, 8.01486139217845], [-77.1335423197223, 8.01685926308343], [-77.1321370112141, 8.01632555681793], [-77.1319425732911, 8.01625171348472], [-77.1315126083202, 8.01613830627672], [-77.1311152473708, 8.01603349748688], [-77.1302360737358, 8.01584437545647], [-77.1300632627094, 8.01580720287904], [-77.1295451848624, 8.01569575529379], [-77.1294798635049, 8.0156827906672], [-77.1279187312644, 8.01537292655827], [-77.1270200873071, 8.01509706131926], [-77.1263834194592, 8.01501697938905], [-77.1251728573415, 8.01486540675208], [-77.1248716141337, 8.01502492489934], [-77.1247635255163, 8.0150821613516], [-77.1247085760399, 8.01509034158495], [-77.1242355299457, 8.01516075760186], [-77.1232634410549, 8.01500053258748], [-77.1212265566602, 8.01465285198649], [-77.120393693614, 8.01455876041744], [-77.1206659579676, 8.0149089546235], [-77.1211317015667, 8.01537467034372], [-77.1212609952987, 8.01593034614751], [-77.1216402385062, 8.01654822176196], [-77.1218438000513, 8.01696427691872], [-77.1222685498536, 8.01778852985563], [-77.1226460204974, 8.01854692993569], [-77.1231670993821, 8.01966963098749], [-77.1236196292425, 8.02067777010179], [-77.1242447884662, 8.02156626341108], [-77.1211486798677, 8.0232837796614], [-77.1208672658116, 8.02288945122593], [-77.120665629715, 8.02264545346361], [-77.1204712835229, 8.0222896115151], [-77.120348761686, 8.02217180212571], [-77.1199743100663, 8.02187040513386], [-77.1196718770555, 8.02169818676065], [-77.1192875949465, 8.02148635505], [-77.1189347882099, 8.02128982080733], [-77.1184279132176, 8.02100746426185], [-77.1181773423104, 8.02085139501465], [-77.1179350793404, 8.02070049956717], [-77.1179635500777, 8.02009847000718], [-77.1180742701114, 8.01956457938063], [-77.1180036508478, 8.01927789619679], [-77.1180276456593, 8.01921808498549], [-77.1180516431688, 8.01917023745534], [-77.1180636392255, 8.01912238722726], [-77.1180756334837, 8.0190745396971], [-77.1180756298864, 8.01902669216697], [-77.1180756244904, 8.01897884643546], [-77.1180756199938, 8.01893099980463], [-77.1180756145979, 8.01888315137519], [-77.1180636086486, 8.01882334466049], [-77.1180516035986, 8.01877549892897], [-77.1180275979952, 8.01872765319747], [-77.1180155929452, 8.01867980926462], [-77.1180035869959, 8.0186319626338], [-77.1179795813926, 8.01858411780162], [-77.1179658226645, 8.01856583638308], [-77.1179435752358, 8.01853627476814], [-77.1179315701858, 8.01848842903664], [-77.1179075645824, 8.01844058420446], [-77.1179070996329, 8.01840967900236], [-77.1178972520565, 8.01839948788493], [-77.1178955595324, 8.01839273937226], [-77.1178955541365, 8.01834489184215], [-77.1178835490865, 8.01829704611064], [-77.1178835472878, 8.01827583919744], [-77.1178835463885, 8.01826512107735], [-77.1178835445899, 8.0182491985805], [-77.1178835400933, 8.01820135194967], [-77.1178955343514, 8.01814154163769], [-77.1178955289554, 8.01809369500686], [-77.1178955253582, 8.01804584747671], [-77.1178955190629, 8.01798603986269], [-77.117895513667, 8.01792623045008], [-77.117895508271, 8.01787838291993], [-77.1178955055731, 8.01784944453509], [-77.1178955028751, 8.01783053718844], [-77.1178954929826, 8.01772288024563], [-77.1178954821907, 8.01761522510144], [-77.1178954767948, 8.01756737936995], [-77.1178954731975, 8.01751953183981], [-77.1178954678015, 8.01747168430968], [-77.1178954633049, 8.01742383767886], [-77.1178954570097, 8.01736402826617], [-77.1178954534124, 8.01731618253467], [-77.1178834483624, 8.01726833680318], [-77.1178714415138, 8.01720852918915], [-77.1178594355645, 8.01716068255831], [-77.1178474296152, 8.01710087584366], [-77.1178234240118, 8.01705303101149], [-77.1178114171631, 8.01699322249812], [-77.1177902938869, 8.0169511243338], [-77.1177874106604, 8.01694537856527], [-77.1177826298645, 8.01692632193114], [-77.1177754056104, 8.01689753283378], [-77.1177394021516, 8.01686165078345], [-77.1177033959949, 8.01682576963244], [-77.1176553910834, 8.01678988848148], [-77.11763138548, 8.01674204364931], [-77.1175953802225, 8.0167061624983], [-77.1175733171548, 8.01667684549893], [-77.1175593749651, 8.01665831946476], [-77.1175353684624, 8.01661047463259], [-77.1175311704271, 8.01655255019895], [-77.1174993569098, 8.01650282308574], [-77.1174753504071, 8.01645497825354], [-77.117451343005, 8.01638320965632], [-77.117427338301, 8.01633536482412], [-77.1174153323516, 8.01628751909264], [-77.1173913267483, 8.01623967426047], [-77.1173793216983, 8.01619182942834], [-77.1173553160949, 8.01614398549548], [-77.117355310699, 8.01609613796534], [-77.1173553062024, 8.01604828953587], [-77.117331300599, 8.01598848372048], [-77.1173312952031, 8.01594063708967], [-77.117307290499, 8.0158927931568], [-77.1172952836504, 8.01583298464345], [-77.1172712771477, 8.01577317882806], [-77.1171992432504, 8.01546218067404], [-77.1171872408984, 8.01543825690897], [-77.117151235641, 8.01540237575797], [-77.1170886994839, 8.01536101953436], [-77.1169659797961, 8.01490736911873], [-77.1169723694792, 8.01458958018392], [-77.1167408507097, 8.01425009960143], [-77.1167015305512, 8.01400997971581], [-77.1164976515453, 8.013978516934], [-77.1163437919324, 8.01425336144244], [-77.1159235846057, 8.01454747302647], [-77.1158904976483, 8.01477042305552], [-77.1158176399721, 8.01506932712672], [-77.1156321763838, 8.01585755502112], [-77.1156704623219, 8.01667244421682], [-77.1147072875113, 8.01782574919786], [-77.1142174249941, 8.01792814420735], [-77.1142435583935, 8.01844827700527], [-77.1142678886521, 8.01864421949399], [-77.1140914839348, 8.01936498474511], [-77.1137739450115, 8.02009382860613], [-77.1134952891762, 8.02089741422304], [-77.1133299730997, 8.02152781829295], [-77.1130862397382, 8.0221719972786], [-77.1128377543588, 8.02262511979218], [-77.1121602662832, 8.0233110507031], [-77.111586407087, 8.0232725642162], [-77.1109219375973, 8.02293664315027], [-77.1108647596009, 8.02210053714881], [-77.1108855717117, 8.0219531769363], [-77.1108519109869, 8.0219171069277], [-77.1102478840326, 8.0213908209684], [-77.1094674739447, 8.02091840619823]]]}, "properties": {"FID": 567, "TIPO_ACTO_": "RESOLUCION", "NUMERO_ACT": "100", "FECHA_ACTO": 396576000000, "AREA_ACTO_": 2394.431555, "NUMERO_PLA": "G-89929", "PUEBLO": "Cuna", "DEPARTAMEN": "27", "MUNICIPIO": "27006", "ID": "10249", "NOMBRE": "Arquia", "CODIGO_DAN": "1267", "GlobalID": "6114ce96-af70-4aef-be3b-49e51b9a0099", "Shape__Area": 32263670.022460938, "Shape__Length": 31632.97232158131, "FECHA_ACTO_ISO": "1982-07-27"}}], "_meta": {"fuente": "Agencia Nacional de Tierras (ANT)", "servicio": "https://services3.arcgis.com/IvJDsiPAOjO49qcI/ArcGIS/rest/services/Resguardos_Indigenas_WFL1/FeatureServer/1", "consulta": "query intersects envelope -77.15,7.10,-76.15,8.90 (EPSG:4326), outSR=4326, f=geojson", "fecha_consulta": "2026-06-03", "n_features": 20}}