cod_manzana,ndbi,lst_c,viirs_rad
0504520020500200010110,0.10355,39.7526,2.605
0504520010301100010115,-0.03127,37.73426,4.295
0504520010301100010227,-0.05788,38.75112,2.67
0504520010101400010108,-0.1816,34.04964,0.9
0505110000000000010139,-0.0527,39.01602,17.165
0505110000000000010531,-0.04667,37.99745,13.745
0505110000000000010538,-0.07,38.98184,13.745
0514710000000000020412,0.24714,48.49761,17.3
0549020120301300010103,-0.06099,39.28263,0.76
0565910000000000010103,0.06907,39.6757,5.55
0565920010100100010125,0.0431,38.9545,0.945
0566510000000000010158,-0.10425,38.67764,8.705
0566510000000000010201,-0.10716,37.08484,14.99
0566510000000000010824,0.1427,40.75237,7.545
0566510000000000010866,-0.13339,37.0199,7.545
0566510000000000010907,-0.0154,39.05875,15.27
0583720090700100010417,0.06213,42.37764,5.545
0583720090600300010344,0.01158,38.0829,2.13
0583720080301000010109,-0.04261,38.10683,2.685
0583720020101300010122,-0.07818,39.12711,1.555
0583720050202800010107,-0.09428,35.5604,0.425
0583720030802900010113,-0.09445,32.36455,1.305
0583720090603100010108,-0.16656,35.31431,1.345
0583720090103900010112,-0.09406,36.23375,1.62
0583720100700200020108,0.14555,37.74452,12.175
0583720100700200020205,0.13424,41.06,10.215
0504520020500200010121,-0.15729,36.70202,1.79
0504520020300900010117,0.19481,45.62647,6.03
0505110000000000011003,0.06582,41.17279,23.205
0505110000000000011114,0.07768,42.50582,12.76
0505120030200900010106,-0.01166,,1.27
0505120040101000010106,0.04821,39.90812,1.04
0505120030101100010132,0.02588,38.0077,0.79
0514710000000000010221,-0.13788,46.23659,5.215
0549010000000000010436,0.12598,,7.4
0549020120100700010110,0.02633,39.88762,1.54
0566510000000000010867,-0.03048,39.9423,7.545
0583720100700200010503,0.1738,39.39371,12.175
0583720100400800010114,0.16571,42.52804,4.015
0583720090603100010111,0.01874,35.15195,1.345
0583720050603700010101,-0.20952,36.04918,0.635
0514710000000000010410,0.27651,49.42731,13.76
0549020050300500010101,-0.06803,38.09486,0.85
0565910000000000010312,0.10415,39.56632,9.155
0566510000000000010738,-0.02658,39.33731,10.41
0514710000000000010323,0.163,46.11696,5.215
0514710000000000010516,0.28674,46.56301,12.58
0514710000000000020214,0.1155,43.79099,9.59
0514710000000000020426,0.00334,44.99072,20.15
0514710000000000020430,-0.05465,44.84033,17.3
0514710000000000020507,0.17432,45.02319,15.54
0514720011001000010101,-0.02779,37.59071,4.51
0514720011001000010110,0.16406,40.97796,3.01
0517210000000000010217,0.20355,42.53316,5.755
0517210000000000010514,0.12455,44.66259,13.85
0517210000000000010526,0.07588,45.50171,9.055
0517210000000000020312,0.19745,47.61234,20.63
0517210000000000030207,0.18651,49.03253,15.265
0517210000000000050108,0.24594,47.89775,12.825
0517210000000000050519,0.20442,49.32819,20.63
0517210000000000050704,0.1884,44.88989,8.38
0517210000000000060407,0.1972,49.63239,11.315
0517210000000000060710,0.17025,46.63308,8.68
0517210000000000060739,-0.04043,42.90231,6.08
0517210000000000060904,0.2037,47.9268,10.245
0549020030200400010122,-0.08376,36.42174,0.675
0565910000000000010104,0.08492,40.3593,5.55
0566510000000000011008,-0.03686,40.62933,3.36
0583720110201800010317,-0.04781,36.65759,0.72
0583720110201800010331,-0.02008,38.18202,0.94
0504520020300900010209,0.15387,40.36272,2.615
0504520020300900010212,0.18166,43.72947,6.03
0504520010301100010216,-0.12739,38.49648,2.67
0505110000000000010119,0.00595,40.48577,16.955
0505110000000000010215,0.17689,42.86813,17.165
0505120020500300010102,-0.10716,,1.555
0514710000000000020510,0.22564,45.94606,15.54
0549010000000000010102,-0.11049,29.61988,8.395
0549010000000000010224,0.12854,,7.4
0549020050300500010208,-0.05525,42.32808,0.82
0549020050300500010218,-0.12434,37.0199,0.82
0549020120600600010110,-0.1113,35.54673,1.425
0565910000000000010206,0.07597,41.78462,10.23
0565910000000000010216,0.09682,41.28559,5.55
0565910000000000010509,0.05472,39.31339,4.28
0565920020300400010103,-0.10254,35.44419,0.58
0565920010200600010104,-0.06529,,1.13
0566510000000000010662,0.01648,42.95358,11.325
0566510000000000010725,0.05099,39.3527,10.41
0566510000000000010840,-0.02966,41.82051,9.63
0583720090700100010115,0.14024,46.41603,5.175
0583720090700100010139,0.03024,41.5163,5.175
0583720090700100010141,-0.08242,40.08073,3.555
0583720090700100020231,0.18553,44.84374,7.15
0583720100700200020512,0.13801,38.32045,12.86
0583720090600300010105,0.07737,42.20332,4.665
0583720090600300010312,0.07556,41.30439,4.29
0504520030101500010112,0.12341,38.98526,4.085
0504520020300900010226,-0.04717,43.01169,6.03
0505110000000000011016,0.18582,45.12402,12.76
0505120030101100010135,-0.06595,37.51893,0.79
0505120030101100010136,0.0672,37.64539,0.79
0514710000000000020105,0.1032,43.65427,6.06
0549010000000000010811,0.18489,,5.48
0565920010300300010127,-0.12879,36.05943,2.725
0566510000000000030103,-0.10277,35.54331,4.415
0566520040200800010101,-0.0524,,1.29
0583720100400800010111,0.06234,42.31441,4.015
0514710000000000010132,-0.17975,37.97694,5.175
0514710000000000010621,0.07232,43.46799,4.115
0514710000000000010726,-0.06918,43.0527,17.3
0514710000000000020909,0.06379,,5.965
0514710000000000030101,0.08123,42.64596,15.21
0514710000000000030639,0.0399,40.87201,4.935
0517210000000000010121,0.0688,40.82586,3.27
0517210000000000010213,0.13684,43.4697,16.13
0517210000000000010601,0.12275,49.18805,13.85
0517210000000000020407,0.2208,47.96952,9.055
0517210000000000020436,0.05344,45.35645,8.085
0517210000000000030114,0.25001,49.4068,15.265
0517210000000000040106,-0.01214,41.21552,7.945
0517210000000000050415,0.28485,47.97978,10.82
0517210000000000050505,0.26318,49.8238,10.82
0517210000000000050607,0.18732,49.56403,20.63
0517210000000000060211,0.21398,46.06056,7.56
0517210000000000060512,0.27178,49.67683,11.315
0517210000000000060711,0.17783,46.8843,8.68
0517210000000000060719,-0.10679,43.88328,6.08
0517210000000000060722,0.1114,42.123,8.68
0549020030200400010109,0.09932,39.50138,0.78
0565910000000000010139,0.03957,38.43154,3.455
0583720110201800010104,-0.10903,37.25061,0.84
0583720110201800010203,-0.06198,36.90368,1.21
0583720110201800010307,-0.05101,37.19422,1.21
0505110000000000010328,0.09461,42.04951,15.375
0505110000000000010517,0.06923,39.66886,13.745
0505110000000000011117,0.12643,41.22064,6.665
0514710000000000020612,0.19437,47.78495,11.755
0549010000000000010204,0.03307,,5.485
0565920010300300010106,0.11286,38.60928,2.815
0566510000000000030102,-0.22581,34.4598,4.415
0583720090700100020303,0.10255,40.58831,4.275
0583720090600300010106,0.09478,38.99209,3.02
0505120020500300010103,-0.11722,,1.555
0504520020300900010205,-0.05287,39.66886,2.615
0504520020300900010315,0.25571,44.88818,5.28
0505110000000000010814,0.13643,42.85788,16.955
0505110000000000011002,-0.02257,40.70452,23.205
0505110000000000011014,0.09352,43.28513,12.76
0549010000000000010409,0.10681,,16.6
0549010000000000010717,0.22178,,4.785
0549020120300300010112,-0.10395,33.55573,0.965
0549020120100700010117,-0.09394,37.66761,1.54
0549020090200800010113,-0.06377,38.1957,1.29
0549020040400900010120,-0.0322,36.39782,0.61
0549020120301400010109,0.00497,37.72572,0.415
0565920010100100010110,0.12782,39.40226,1.37
0565920010300300010122,0.0704,37.44373,2.725
0565920010300300010129,-0.15813,37.08313,2.815
0566510000000000010659,0.14133,40.46868,8.705
0566510000000000010723,0.05783,43.30905,10.41
0566510000000000010859,0.21341,40.7199,9.63
0583720090700100010102,0.06069,42.06489,3.555
0583720090700100020115,0.02739,41.31977,7.15
0583720100700200020420,0.03772,37.59071,12.86
0583720080301000010116,-0.0057,35.8253,2.78
0583720090302300010103,-0.02755,36.85754,3.135
0583720090603100010110,0.00664,35.46982,1.345
0514710000000000010525,-0.14994,39.04336,5.585
0514710000000000010613,0.17423,45.30176,12.58
0514710000000000020238,0.05483,41.49067,5.965
0514710000000000020302,-0.11034,45.50684,11.755
0514710000000000030203,-0.13095,45.97511,15.21
0514710000000000030526,0.11944,43.03903,7.645
0514710000000000030546,0.10699,41.70088,3.23
0514710000000000030547,0.13104,42.30074,3.23
0514720011001000010107,0.02303,39.21597,4.51
0517210000000000010322,0.01852,41.99653,16.13
0517210000000000020106,0.18688,48.92315,18.36
0517210000000000030214,0.17537,47.38846,15.265
0517210000000000050327,-0.09964,40.73528,8.38
0517210000000000050428,0.21597,46.15797,10.82
0517210000000000060121,0.22125,49.97761,11.315
0517210000000000060607,0.04792,46.14601,8.68
0517210000000000060720,0.14689,45.38721,6.08
0517210000000000061014,0.07865,44.2285,3.805
0549020090501500010103,-0.04156,38.00258,2.03
0565910000000000010217,0.00097,39.7714,9.155
0565910000000000010407,0.09569,40.69769,9.155
0566510000000000020109,-0.17788,38.58877,14.99
0504520020500200010113,0.09448,39.6005,2.605
0504520020500200010309,0.05584,40.14739,4.9
0504520020300900010119,0.09197,45.28809,6.03
0505110000000000010918,-0.05564,39.28263,5.625
0505110000000000011103,0.11227,41.94014,15.375
0505110000000000011111,0.1101,41.83589,15.375
0505120040101000010101,0.03401,38.0077,1.04
0505120040101000010122,-0.09936,36.98401,0.57
0505120030101100010125,-0.0863,37.51551,2.015
0549010000000000010210,0.10734,,10.79
0549010000000000010804,0.09063,,5.48
0549020030300200010110,0.00422,38.31533,2.72
0549020120600600010114,-0.22193,35.03745,1.26
0566510000000000010355,-0.09533,36.17394,4.4
0566510000000000020113,0.16647,,8.62
0583720090700100010612,0.06402,43.02194,2.385
0583720090700100020421,0.04956,36.47985,6.285
0583720100700200010306,0.10033,39.36124,13.09
0583720100700200010403,0.18947,41.22064,13.09
0583720100400800010108,0.14637,42.56905,4.015
0583720100400800010206,0.11713,40.67376,1.935
0583720090302500010101,-0.16578,35.8817,5.395
0504520050300100010102,0.0454,35.68345,2.185
0504520020500200010123,-0.00317,37.23352,1.575
0505110000000000010412,0.13711,41.04291,14.085
0505120060600500010106,0.01697,39.36808,0.74
0514710000000000010122,0.28591,45.93068,15.21
0565920010100500010112,-0.0254,,1.79
0565920010200600010105,-0.06825,,1.07
0549010000000000010110,-0.00017,,8.395
0549010000000000010131,-0.16689,,5.485
0549010000000000010907,0.11146,,2.85
0549020120600100010232,-0.02092,37.52064,1.255
0549020030300200010130,-0.05668,37.58387,3.51
0549020090200800010104,-0.10731,35.86119,1.29
0549020090501500010119,-0.01818,38.98868,1.44
0565920010100100010118,-0.10165,37.52406,1.545
0566510000000000010549,0.10579,42.98605,11.325
0566510000000000010658,0.15361,42.37935,11.325
0583720090700100010202,0.09011,43.80979,3.555
0583720090700100010221,-0.11429,42.96042,5.175
0583720090700100010305,0.10185,44.25243,5.175
0583720100700200020216,0.09726,42.16231,12.86
0583720100700200020319,0.00654,39.69962,12.86
0583720100700200020321,0.10357,39.96965,12.86
0583720100700200020404,0.13102,40.67889,12.86
0583720100700200020514,0.1797,39.30655,12.86
0583720050200500010102,-0.04892,38.92032,1.17
0583720080301000010115,-0.03582,36.0338,2.78
0583720030802900010102,-0.19132,32.20391,1.855
0514710000000000010614,-0.00986,42.55709,12.58
0514710000000000020609,0.19983,47.29105,11.755
0514710000000000020904,0.02586,38.44863,5.965
0514710000000000030109,0.2547,47.01077,15.21
0514710000000000030436,0.06778,45.73927,7.645
0514710000000000030548,0.07203,41.78633,3.23
0514710000000000030549,0.14097,41.35395,4.785
0514720011001000010104,0.02983,38.12734,4.51
0514720011001000010130,0.10328,39.7338,3.01
0517210000000000010114,0.23998,46.40065,13.85
0517210000000000020422,0.08068,46.55617,8.085
0517210000000000050203,0.23674,50.09041,12.825
0517210000000000050322,0.18737,46.84329,8.38
0517210000000000050608,0.22946,49.70246,20.63
0517210000000000050807,0.21023,45.51709,7.56
0517210000000000060404,0.20165,50.39119,11.315
0517210000000000060706,0.01659,45.86573,8.68
0517210000000000060819,0.2127,49.22223,10.245
0565910000000000010310,0.03149,42.32125,9.155
0565910000000000010605,-0.0335,40.09953,7.32
0583720110201800010309,-0.1089,37.71546,1.21
0504520010301100010234,-0.08967,37.53602,2.67
0505110000000000010326,0.09866,43.49021,15.375
0514710000000000030410,0.12839,45.87257,7.645
0549020030300200010119,-0.04473,37.72059,2.72
0549020030300200010211,-0.03026,36.55163,5.25
0549020120100700010115,0.23405,38.65713,1.54
0566510000000000030112,0.00041,35.17758,4.415
0583720090700100020348,0.07039,38.45547,4.275
0583720090600300010215,-0.08373,36.66784,3.04
0583720080301000010121,-0.00214,37.75819,1.655
0583720070201200010117,-0.1416,38.75796,0.92
0583720050603700010103,-0.15062,36.57897,0.68
0504520010301100010225,-0.00757,38.59902,2.67
0504520030101500010115,0.07201,40.95575,2.66
0504520010101600010114,-0.01107,36.00816,1.1
0504520020500200010119,-0.06041,38.51699,2.605
0504520010301100010114,-0.0134,39.04336,4.295
0505110000000000010138,0.19509,41.92134,11.365
0505110000000000010343,-0.1348,41.32489,15.375
0505110000000000011009,0.15721,43.18942,12.76
0505120060400100010107,0.02595,38.91006,0.875
0505120020500300010107,-0.03739,37.16004,1.555
0505120040101000010123,-0.04677,37.46766,0.57
0505120030101100010101,-0.03882,37.81288,1.005
0517220060601500010102,-0.09544,41.12836,1.085
0549020120600100010127,0.05565,37.4369,1.255
0549020030300200010128,0.0601,38.26918,3.51
0549020120600600010118,-0.15019,35.54501,1.26
0549020040400900010109,-0.03018,36.80114,0.805
0565920010100100010129,-0.08824,37.27967,1.545
0565920010300300010134,-0.19115,37.63343,2.815
0565920010100500010108,0.00523,,1.79
0566510000000000010126,-0.01914,42.00166,15.27
0566510000000000010826,0.08816,41.47016,9.63
0566520020300300010102,-0.13683,36.69348,0.845
0583720100700200010213,0.21837,41.72651,13.09
0583720090700100010715,-0.20298,36.50207,2.58
0583720090600300010327,-0.11654,38.74258,3.035
0583720030700600010103,-0.11518,35.13144,0.87
0583720100400800010105,0.12144,40.5302,4.015
0583720100400800010113,0.15112,42.36397,4.015
0583720080301000010103,-0.00538,35.81334,2.685
0583720090102700010104,-0.13408,35.89195,3.025
0583720050202800010101,0.023,36.94641,0.425
0514710000000000010402,0.25133,45.5,13.76
0514710000000000010714,0.13081,45.20264,17.3
0514710000000000020228,0.10581,41.55561,5.965
0514710000000000020311,0.22164,46.69289,17.3
0514710000000000020523,0.19115,47.90287,11.755
0514710000000000030113,0.02876,43.34665,15.21
0514710000000000030405,0.18858,46.92532,15.54
0514710000000000030555,0.05553,44.5703,4.785
0517210000000000010117,0.01011,40.55755,5.28
0517210000000000020402,0.16026,49.12396,9.055
0517210000000000050128,0.22766,48.17631,12.825
0517210000000000050319,0.20977,46.65188,10.82
0517210000000000050814,0.05648,41.71113,10.115
0517210000000000060822,0.20163,47.97465,10.245
0565910000000000010614,-0.06284,35.93297,7.32
0565910000000000010801,-0.0686,36.04576,4.275
0566510000000000010865,-0.05374,35.97398,7.545
0583720110201800010129,-0.06727,36.15172,0.84
0504520010101400010106,-0.12724,33.63606,0.875
0505110000000000010322,0.11562,42.18623,15.375
0504520010301100010218,0.10571,40.80023,2.67
0504520020300900010126,0.13965,44.0388,5.28
0504520020300900010323,0.10002,38.98184,5.28
0505110000000000010405,-0.01911,38.45205,14.085
0549020120101100010106,-0.09054,34.05306,1.5
0549010000000000010116,0.12317,,8.395
0549010000000000010229,0.08543,,16.6
0549010000000000010702,0.22918,,5.48
0549020120301400010102,-0.11122,34.8392,0.55
0583720100700200010303,0.13824,40.68914,13.09
0583720100700200020308,0.17931,42.3315,10.215
0566510000000000010125,0.00221,42.35201,15.27
0583720090700100010214,0.1702,43.21335,5.175
0583720090600300010333,0.01087,40.05852,3.035
0583720030700600010111,-0.10952,34.38973,0.87
0583720080301000010117,-0.02636,38.13246,2.78
0583720090402400010105,-0.12298,36.02184,5.3
0583720090503500010101,-0.16302,36.27135,0.725
0504520020500200010102,0.10022,41.54877,4.9
0504520020300900010308,0.24749,45.60425,5.28
0504520010301100010113,0.00263,39.32535,4.295
0505110000000000010511,-0.04502,39.43302,23.205
0505110000000000010913,-0.00861,39.95769,11.365
0505120040101000010117,0.01837,36.97717,1.23
0514710000000000010218,0.15005,42.56051,5.215
0514710000000000020620,0.17031,44.6455,11.755
0514710000000000020625,0.12553,49.60676,11.755
0514710000000000020724,0.14796,44.57543,11.755
0514710000000000030433,0.11963,44.67113,15.54
0549010000000000010322,0.20384,,16.6
0549010000000000010606,-0.14488,,2.6
0549010000000000010713,-0.09526,,4.785
0549010000000000010807,0.18514,,5.48
0565920010100100010126,-0.07772,37.51209,1.325
0565920010100100010127,-0.21101,37.55311,1.545
0566520040200200010103,-0.02121,38.42129,1.3
0583720090700100020354,0.05447,40.00725,4.275
0583720090700100020416,0.04909,,6.285
0583720090700100020505,0.15992,,8.505
0583720100700200010202,0.05493,40.93011,13.09
0583720100700200010308,0.08457,38.81094,5.7
0583720100700200020126,0.00128,36.95495,12.175
0583720100400800010201,0.14616,40.79339,1.935
0583720100400800010211,0.16979,42.13667,3.415
0583720070201200010125,-0.11589,,0.635
0514710000000000010505,0.23362,48.57622,12.58
0514710000000000010811,0.23533,49.66999,18.105
0514710000000000020213,0.17328,43.25095,9.59
0514710000000000020312,0.16215,45.56153,17.3
0514710000000000020901,-0.00682,39.35782,9.59
0514710000000000030121,0.15699,47.14065,15.21
0514710000000000030541,0.16892,46.11867,4.785
0514720011001000010109,0.02102,39.64152,4.51
0517210000000000010212,0.19916,44.02,16.13
0517210000000000010505,0.25629,48.27544,13.85
0517210000000000010534,-0.03235,43.95506,16.13
0517210000000000020224,0.15591,48.4019,9.055
0517210000000000020228,0.18684,48.73345,9.055
0517210000000000050311,0.21349,47.88578,10.82
0517210000000000050409,0.28679,48.40276,10.82
0517210000000000050526,0.19602,49.43073,10.82
0517210000000000050703,-0.06619,40.28411,8.38
0517210000000000060105,0.19612,46.44338,7.56
0517210000000000060806,0.08059,48.7608,11.315
0517210000000000060807,0.22711,48.96246,11.315
0517210000000000060903,0.13811,47.6431,10.245
0517210000000000061019,-0.00183,43.24069,3.805
0549020050300500010211,-0.01538,37.94618,0.82
0565910000000000010618,0.01144,38.68447,5.21
0565910000000000010805,0.10575,36.98913,4.275
0583720110201800010124,-0.09713,35.12973,0.525
0504520020300900010303,0.14383,39.32022,5.28
0504520020300900010301,0.15068,42.84762,5.28
0504520050300100010104,0.14339,36.15172,2.185
0504520020300900010310,0.22787,42.78268,5.28
0505110000000000010211,0.15762,40.9848,17.165
0505110000000000010341,0.11853,41.15399,15.375
0505110000000000011102,0.11711,42.09907,15.375
0505120020500300010101,-0.20883,,1.555
0505120020500300010112,-0.17898,,1.555
0505120060600500010105,0.00022,38.38198,0.74
0505120030101100010115,-0.02985,38.27773,2.015
0517220060501400010101,-0.07369,38.9169,1.11
0549010000000000010915,0.15182,,5.48
0549020120600100010222,-0.0111,36.48327,1.665
0549010000000000010122,-0.1854,,1.765
0549010000000000010221,0.13124,,10.79
0549020120300300010128,-0.04429,,0.495
0549020050300500010201,-0.08097,36.29869,0.85
0549020040400900010127,-0.1103,36.2235,0.625
0565920010100500010122,-0.12294,,1.295
0565910000000000010111,0.15857,39.83635,5.55
0565920010100500010115,-0.12428,,1.295
0566510000000000010156,0.06376,40.63445,15.27
0566510000000000010316,-0.22704,34.13167,4.4
0566510000000000010352,-0.10102,37.24549,8.735
0566510000000000010727,0.1226,42.66647,10.41
0566510000000000010810,-0.01252,40.07219,9.63
0566510000000000010819,0.07414,41.14887,7.83
0566510000000000010850,0.13641,43.43894,9.63
0583720090700100010114,0.13227,43.66795,5.175
0583720090700100010125,-0.03892,37.46595,5.175
0583720090700100010408,0.14751,43.27487,3.06
0583720090700100020347,0.06126,39.62614,4.275
0583720100700200010104,-0.07033,35.73472,5.7
0583720100700200010502,0.0809,39.26554,12.175
0583720100700200020521,0.01628,36.77038,6.21
0583720090600300010107,-0.00631,38.5375,3.02
0583720090600300010330,0.01093,39.30313,3.035
0583720100400800010212,0.15116,41.2685,3.415
0583720020101300010202,-0.06689,39.59367,1.555
0583720090602600010101,-0.05595,38.01796,2.73
0583720090103900010116,-0.09009,35.35019,1.62
0504520010301100010231,-0.09126,37.51893,2.67
0505120030200800010103,-0.12553,37.26087,0.73
0514710000000000010603,0.19011,48.01054,12.58
0514710000000000020110,0.18358,46.51516,17.3
0514710000000000030302,0.07727,46.32887,20.15
0549010000000000010319,0.12599,,16.6
0549010000000000010602,-0.22002,30.80594,1.465
0549020120300300010109,0.00777,,1.18
0549020090501500010123,0.04749,40.60369,1.44
0583720090700100010136,-0.01549,41.47016,5.175
0583720090700100020311,0.10241,42.54342,3.93
0583720090600300010117,0.02687,40.41399,4.665
0583720090600300010332,-0.0006,40.32854,3.035
0583720090302500010102,-0.17703,35.98595,3.81
0583720090503500010104,-0.19719,35.68687,0.67
0514710000000000010819,0.27308,47.26199,18.105
0514710000000000020232,0.0979,41.56245,3.74
0514710000000000020234,0.12473,40.65154,5.965
0514710000000000030509,0.17039,46.12208,7.645
0514710000000000030630,0.12258,44.54125,4.935
0514720011001000010124,-0.00889,38.8605,3.01
0514720011001000010126,0.17246,39.70304,3.01
0517210000000000010323,-0.04168,42.55709,16.13
0517210000000000020220,0.17147,49.3111,9.055
0517210000000000030215,0.24537,47.45511,12.825
0517210000000000050314,0.22334,49.35211,10.82
0517210000000000050414,0.27309,48.47026,10.82
0517210000000000060907,0.12157,45.72218,10.245
0549020030200400010121,0.00517,37.95473,0.78
0565910000000000010137,-0.04145,37.50526,3.455
0565910000000000010608,-0.03099,39.82609,7.32
0583720110201800010114,-0.04884,37.16345,0.84
0583720110201800010327,0.00713,37.27967,0.94
0505110000000000011031,-0.19713,38.63662,14.085
0514710000000000010336,-0.01877,41.26166,5.215
0514710000000000020603,0.17837,47.01419,11.755
0549010000000000010217,0.08453,,10.79
0549020030300200010126,0.09488,39.27921,3.51
0549020040400900010101,-0.12527,37.18054,0.66
0549020120801600010103,-0.13622,35.99791,0.645
0583720100700200020212,0.14863,42.68527,13.09
0583720090600300010121,-0.0262,38.5375,3.02
0505110000000000010324,0.07893,41.75385,15.375
0505110000000000010519,0.06583,41.60688,13.745
0505120030101100010126,0.04853,39.60563,2.015
0514710000000000010113,0.25752,46.99368,15.21
0514710000000000020203,0.17015,43.7739,6.06
0514710000000000020714,0.18029,46.99368,11.755
0514720010601300010112,-0.20692,36.66442,1.91
0549010000000000010125,0.05935,,9.085
0549010000000000010305,0.16151,,9.085
0549020120600100010210,0.04202,37.36512,2.44
0549020120600100010307,-0.07039,36.79089,1.665
0549020030300200010121,-0.04594,36.2816,1.65
0549020120600600010112,-0.07885,35.55698,1.425
0549020120600600010113,-0.01755,35.79625,1.425
0549020040400900010105,-0.00154,36.10387,0.66
0549020090501500010116,0.09089,40.90619,1.44
0566510000000000010733,0.07113,42.31099,10.41
0566520020300300010109,-0.08474,38.5751,0.845
0566520010100400010107,-0.07694,37.27967,0.835
0583720090700100010706,0.16981,43.87303,2.385
0583720090700100020114,-0.06095,41.51972,7.15
0583720090700100020227,0.189,45.11377,7.15
0583720090700100020412,0.13656,,6.285
0583720100700200010309,0.07574,37.34632,5.7
0583720100700200020121,-0.04637,36.81652,12.86
0583720100700200020410,0.10689,40.67547,12.175
0583720100700200020411,0.13181,41.43769,12.175
0583720090600300010118,0.00558,41.54877,4.665
0583720030700600010112,-0.16221,33.54377,0.87
0583720100400800010214,0.03715,38.39565,1.935
0583720080301000010105,-0.15325,35.07846,2.78
0583720070201200010122,-0.26,36.30553,0.92
0583720020101300010105,-0.05552,36.36022,1.125
0583720030803200010104,-0.24959,33.59846,0.65
0514710000000000010109,0.28681,48.39849,13.76
0514710000000000010230,-0.12631,41.706,5.215
0514710000000000010604,0.20938,46.19044,12.58
0514710000000000020242,-0.09935,39.83464,6.06
0514710000000000020315,-0.19402,45.3291,17.3
0514710000000000020421,0.20623,48.002,11.755
0514710000000000020504,0.13762,47.38504,11.755
0514710000000000030312,-0.08102,43.65598,20.15
0514710000000000030401,0.16903,46.94583,20.15
0514710000000000030551,-0.01567,42.28023,4.785
0514710000000000030620,0.10383,45.18896,4.785
0514710000000000030629,0.13978,45.13257,4.935
0514720011001000010123,0.19647,40.226,3.01
0514720011001000010136,0.07811,39.05362,3.01
0517210000000000010216,0.16783,41.79487,5.755
0517210000000000010622,0.14421,45.49659,16.13
0517210000000000010710,0.08792,39.21768,5.755
0517210000000000020234,0.10519,47.34232,8.085
0517210000000000020433,-0.0046,45.35645,8.085
0517210000000000020504,0.11573,46.7134,8.085
0517210000000000050109,0.12835,47.66532,12.825
0517210000000000050301,0.15529,48.14555,7.735
0517210000000000050606,0.18646,49.79304,20.63
0517210000000000060222,0.19199,45.98707,7.56
0517210000000000060618,0.17417,49.11627,8.68
0549020030200400010128,0.04474,37.61121,0.78
0565910000000000010144,-0.00011,37.8368,3.455
0566510000000000011006,-0.15014,37.06091,3.53
0566510000000000020108,-0.13727,38.32387,5.19
0505120020500300010120,0.02293,36.58239,1.04
0504520010301100010232,0.09684,37.912,2.67
0504520030101500010101,-0.17326,39.57658,2.66
0505110000000000010136,0.03485,41.37104,11.365
0505110000000000010301,-0.11033,39.00235,24.91
0505110000000000010403,0.17195,41.2685,14.085
0505110000000000010548,-0.11366,39.31681,13.745
0505110000000000011001,-0.18714,38.1581,14.085
0505110000000000011126,0.01102,40.70794,12.76
0517220100400700010109,-0.05794,41.16596,0.65
0549010000000000010802,0.14931,,5.48
0549010000000000010903,0.09519,,1.23
0549010000000000010909,0.16917,,2.85
0549020040400900010104,-0.16218,35.56724,0.805
0549020120101100010105,-0.25123,33.00031,1.5
0549020120301300010101,-0.16811,37.42664,0.76
0565920010300300010115,-0.03904,38.03505,1.975
0566510000000000010417,-0.17683,38.45205,5.19
0566510000000000020102,-0.0916,38.30849,8.62
0566520040200200010111,-0.15916,36.0338,1.685
0583720100700200010113,0.08717,38.64687,5.7
0583720100700200010315,0.08069,40.52679,13.09
0583720100700200020402,0.15569,41.25995,12.86
0583720090600300010345,0.00785,36.1483,2.13
0583720050200500010121,-0.13517,35.74498,0.58
0583720020101300010203,-0.06109,40.68401,1.68
0583720090302500010106,-0.14755,36.43712,6.39
0583720090602600010109,-0.00988,37.33948,2.73
0583720030802900010127,-0.18731,35.02719,1.65
0583720030802900010128,-0.14817,,1.655
0504520050300100010110,-0.10384,36.6029,2.185
0505110000000000011008,0.09217,42.68185,23.205
0505120020500300010113,-0.01658,,1.555
0514710000000000020606,0.17861,48.15239,11.755
0514710000000000030633,-0.17915,42.14693,4.935
0514720010601300010102,0.0209,37.27796,2.125
0549010000000000010101,-0.25968,30.69998,1.41
0549020120600100010220,0.02025,36.92761,1.665
0566510000000000010631,0.05803,42.27339,15.27
0566510000000000010901,0.02941,38.50332,7.385
0566510000000000030109,-0.10977,36.84558,8.735
0566520010100400010116,-0.14898,35.98595,0.98
0583720090700100010219,0.05493,42.82711,3.555
0583720090700100020204,0.09894,42.5964,3.93
0583720100700200010516,0.11179,41.14545,12.175
0583720100700200020220,-0.01105,38.44179,10.215
0583720100700200020312,0.14456,41.95552,12.86
0583720090600300010314,0.0332,37.70179,3.04
0583720090402400010125,0.01756,37.44373,6.965
0583720090602600010119,0.07367,38.69473,2.73
0514710000000000010201,-0.12577,37.20789,5.215
0514710000000000010509,0.29002,50.70565,18.105
0514710000000000020201,0.07778,43.72947,6.06
0514710000000000030205,0.22632,47.18167,15.21
0517210000000000010206,0.19669,43.24753,16.13
0517210000000000010404,0.23124,46.12379,13.85
0517210000000000050812,0.18359,46.60061,7.56
0517210000000000060503,0.23991,49.00006,11.315
0517210000000000060923,0.17175,46.48439,8.085
0565910000000000010413,-0.04729,37.91713,9.155
0514710000000000010515,0.23336,47.33035,18.105
0514710000000000010524,-0.02115,43.15866,4.115
0514710000000000010722,0.2351,46.62795,17.3
0514710000000000030235,0.05856,43.16208,15.21
0514720011001000010138,-0.07777,37.93251,3.475
0517210000000000010808,0.05007,41.88716,3.05
0517210000000000020503,0.11409,46.31349,8.085
0517210000000000050521,0.22703,49.4068,10.82
0517210000000000060414,0.23497,49.76398,11.315
0517210000000000060901,0.19103,48.94879,10.245
0565910000000000010229,0.06618,38.65542,3.875
0583720110201800010208,0.00759,37.92225,1.21
0583720110201800010310,-0.13116,37.57191,1.21
0504520020300900010120,0.16503,43.82859,6.03
0505110000000000011038,0.13087,42.06319,12.76
0514710000000000010809,0.20793,50.34334,18.105
0514710000000000020617,0.23539,46.36476,11.755
0514710000000000030636,-0.16948,41.42743,4.935
0549010000000000010432,0.07223,,11.43
0549020120300300010131,0.12355,,0.495
0566510000000000010206,0.15568,43.89012,14.99
0583720090700100010126,0.02142,39.15274,5.175
0504520010301100010112,0.18315,39.14932,4.295
0505120040101000010103,-0.04294,38.15468,1.23
0505120040101000010110,-0.00684,38.71694,1.055
0514710000000000030607,0.19021,48.87017,15.54
0517220060501400010104,-0.08051,39.07413,1.11
0549010000000000010216,0.05193,,10.79
0549010000000000010223,0.15846,,7.4
0549010000000000010435,0.1343,,11.43
0549010000000000010503,0.02233,,4.695
0549020120600100010113,0.09696,38.03163,1.78
0549020120600100010412,0.04525,37.7223,1.515
0549020120300300010138,-0.00963,,0.495
0549020120600600010119,-0.20663,38.87588,0.86
0549020120100700010112,-0.07123,37.40272,1.54
0549020090501500010122,-0.05002,38.43154,1.44
0565910000000000010507,-0.02276,37.32752,2.16
0565920020500200010103,-0.06591,35.96715,0.595
0565920020300400010105,-0.09091,35.94664,0.6
0566510000000000010210,0.11719,43.14157,15.27
0566510000000000010505,0.12729,41.9709,11.325
0566510000000000010843,-0.00462,38.89468,9.63
0566520020300300010107,-0.05006,37.30188,0.845
0583720090700100010213,0.11107,43.00143,5.175
0583720090700100010420,0.02936,41.50947,3.06
0583720090700100010606,0.1224,45.13599,2.385
0583720090700100020424,0.13914,41.41547,4.275
0583720090700100020435,0.01024,37.36512,4.275
0583720100700200020318,0.11009,39.82609,10.215
0583720100400800010116,0.12668,39.14591,4.015
0583720100400800010315,0.01759,37.87611,3.415
0583720030802900010101,-0.1999,32.43975,1.855
0583720030802900010121,-0.19005,33.99837,1.65
0583720010204000010105,-0.19477,39.21085,0.71
0549010000000000010831,0.12188,,5.48
0505110000000000010515,0.10225,41.14203,23.205
0514710000000000010136,0.10526,42.38448,15.21
0514710000000000020119,0.00124,50.05452,12.58
0549010000000000010816,0.071,,5.48
0549020120600100010424,-0.02299,36.90368,1.515
0583720090700100020523,0.086,,8.505
0583720070201200010132,-0.12429,,0.635
0583720030802900010129,-0.00918,35.21176,1.655
0514710000000000010818,0.28364,47.63627,18.105
0514710000000000020122,-0.13873,39.55063,6.06
0514710000000000020505,0.12386,43.81834,15.54
0514710000000000030534,0.15282,45.91017,15.54
0517210000000000010115,0.23308,46.77322,13.85
0517210000000000010118,0.15339,39.66032,5.755
0517210000000000010602,0.10113,48.41216,13.85
0517210000000000020233,0.1384,47.08597,8.085
0517210000000000020327,0.19731,48.31474,20.63
0517210000000000020329,0.2356,49.88191,20.63
0517210000000000020416,0.1901,48.18486,9.055
0517210000000000030111,0.19779,48.33354,15.265
0517210000000000030204,0.12258,49.18805,15.265
0517210000000000050321,-0.03226,43.88157,8.38
0517210000000000060215,0.18434,47.07913,7.56
0517210000000000060430,0.2524,48.38652,11.315
0517210000000000060924,0.13,46.12038,8.085
0517210000000000060927,-0.01713,44.66259,10.245
0549020030200400010102,0.02939,37.24207,0.78
0565910000000000010303,0.04928,39.7338,9.155
0566510000000000030114,-0.07394,37.58558,8.735
0514710000000000030606,0.15521,48.002,4.935
0549010000000000010714,-0.19166,,4.785
0549020030300200010116,-0.17079,35.70738,3.51
0549020030300200010219,-0.00409,38.08974,5.25
0549020120600600010102,-0.18907,33.53352,1.425
0565920010200600010102,0.00577,,1.07
0566510000000000020124,-0.21191,33.33869,2.7
0566520010100400010106,-0.03441,37.48817,0.835
0583720090700100010209,0.14081,43.70896,5.175
0583720100700200010412,0.16244,41.59321,13.09
0583720030802900010123,-0.00371,36.02525,1.65
0504520020300900010306,0.25263,43.67478,5.28
0505110000000000010132,0.06833,42.28023,16.955
0505110000000000010143,0.06981,40.43108,11.365
0505110000000000010203,0.0261,40.66009,17.165
0505110000000000010413,-0.01624,37.87269,14.085
0505110000000000010516,-0.03513,41.4975,13.745
0505110000000000011026,0.2171,42.06319,12.76
0505120020500300010109,-0.12114,37.02844,1.575
0505120050401400010103,-0.13138,35.7313,1.08
0514710000000000010313,-0.07095,43.20993,5.215
0514710000000000020222,0.0168,41.31122,5.965
0514710000000000020705,0.08874,46.41945,11.755
0514720010601300010111,-0.04933,37.50355,2.125
0517220100400700010107,-0.15738,37.90858,0.65
0549020120600600010101,0.01348,36.26451,1.425
0549010000000000010215,0.05748,,10.79
0549010000000000010324,0.12679,,16.6
0549010000000000010405,0.14178,,11.43
0549010000000000010510,-0.25234,,4.885
0549010000000000010604,-0.13974,36.40701,2.43
0549010000000000010911,0.14875,,5.48
0549020120600100010213,-0.11083,35.15024,1.115
0549020120600100010216,-0.0058,37.34461,2.44
0549020120600100010416,0.02754,38.85537,1.78
0565920010300300010138,-0.01973,37.00622,2.725
0565910000000000010207,0.123,41.55732,10.23
0566510000000000010356,-0.0599,35.55357,4.4
0566510000000000010543,0.16721,41.84443,11.325
0566510000000000011019,-0.09603,37.40955,3.53
0566510000000000020107,-0.06411,,8.62
0566520040200800010105,-0.11556,,0.835
0566520040200800010114,-0.00937,,0.835
0583720090700100010116,0.13982,45.16333,3.555
0583720090700100010518,-0.09127,41.17108,7.15
0583720090700100010601,0.06313,41.26166,7.15
0583720090700100020122,-0.06004,40.1303,2.385
0583720090700100020327,0.11128,38.77334,4.275
0583720100700200020518,0.12054,38.24697,12.86
0583720050200500010103,-0.06707,37.33265,1.17
0583720100400800010109,0.10809,41.93672,4.015
0583720030803200010105,-0.20767,32.9234,0.65
0583720090503500010106,-0.22544,36.03551,0.725
0583720010203800010112,-0.13692,,0.795
0514710000000000010517,0.01812,44.33959,18.105
0514710000000000020204,-0.04498,41.83931,5.965
0514710000000000020205,-0.13492,39.54752,5.965
0514710000000000030223,0.0871,45.92384,15.21
0514710000000000030314,0.1792,44.12425,20.15
0514710000000000030554,0.00888,42.7861,4.785
0514710000000000030614,0.20542,47.85331,4.785
0514720011001000010140,0.00343,37.93593,3.01
0517210000000000020218,0.18477,48.98297,9.055
0517210000000000020314,0.14272,47.89604,20.63
0517210000000000020319,0.25457,49.49225,20.63
0517210000000000020409,0.18919,48.33696,9.055
0517210000000000020412,0.18122,48.54888,9.055
0517210000000000030112,0.20855,49.5777,15.265
0517210000000000030206,0.21389,49.11456,15.265
0517210000000000060103,0.24677,49.97077,10.82
0517210000000000060433,0.26023,50.39119,11.315
0517210000000000060207,0.20979,45.58716,7.56
0517210000000000060424,0.24536,47.91654,10.245
0517210000000000060805,0.17121,49.60505,10.245
0517210000000000060810,0.18409,49.27008,10.245
0517210000000000061016,0.07726,42.88864,3.805
0549020030200400010130,-0.03419,37.01306,0.675
0565910000000000010116,0.02139,38.78872,10.23
0565910000000000010711,-0.00447,38.1957,5.21
0583720110201800010218,-0.08377,36.78747,0.94
0505120030200800010106,-0.05899,37.86415,0.73
0504520020500200010301,-0.15179,35.97398,1.405
0504520020300900010223,-0.04798,39.41251,2.08
0505110000000000010546,0.01381,39.93547,23.205
0505110000000000011007,0.10028,43.80296,23.205
0514710000000000010804,0.25321,49.98445,18.105
0514710000000000020604,0.15583,45.44703,11.755
0514710000000000030632,-0.17143,42.14693,4.935
0549020120600100010231,-0.02276,37.49158,2.44
0549020030300200010123,0.06689,37.73597,3.51
0549020120100700010102,-0.0212,38.28798,1.54
0565920010100100010112,-0.10721,34.88705,0.945
0565920010100100010128,0.01434,38.75454,1.545
0566510000000000010538,0.12894,41.55048,11.325
0583720090600300010206,-0.07314,42.69894,4.665
0583720100400800010303,0.13712,41.3266,1.935
0583720090700100010318,0.07811,42.77242,3.06
0583720100700200010522,0.14838,38.79043,12.175
0583720020101300010118,-0.03977,39.64494,1.68
0583720090302300010104,-0.06544,36.76355,4.995
0504520020300900010206,0.08482,39.58512,2.615
0504520010101600010106,-0.28345,33.33527,1.1
0505120030200800010110,-0.13872,36.98913,0.73
0514710000000000030536,0.20461,47.53031,15.54
0517220060601500010103,-0.01483,41.96577,1.085
0549020050300500010104,-0.04926,42.17427,0.85
0549010000000000010202,0.12805,,8.395
0549010000000000010335,-0.01518,,9.085
0549010000000000010827,-0.00648,,5.48
0549020120300300010115,0.11655,,1.18
0549020040400900010121,-0.03241,37.20447,0.625
0549020090501500010127,0.03473,39.52872,1.44
0565910000000000010209,0.11505,41.31464,10.23
0566520020300300010110,-0.09797,37.83509,0.845
0583720090700100010418,0.13703,41.4975,3.06
0514710000000000010408,0.27882,47.82768,13.76
0514710000000000010521,0.22284,45.83839,12.58
0514710000000000010718,0.22337,46.25197,17.3
0514710000000000010816,0.18896,45.98536,18.105
0514710000000000020218,0.08025,42.96896,9.59
0514710000000000020801,0.02289,,5.965
0517210000000000010104,0.15584,43.23044,5.28
0517210000000000010122,-0.04034,40.26531,3.27
0517210000000000010610,0.16196,47.1304,18.36
0517210000000000020307,0.06478,48.71978,11.315
0517210000000000020310,0.0771,47.10647,20.63
0517210000000000020323,0.26687,50.05281,20.63
0517210000000000020333,0.16748,49.99128,20.63
0517210000000000030116,0.16419,45.98878,15.265
0517210000000000050401,0.25969,48.27202,10.82
0517210000000000050802,0.09699,45.49659,10.82
0517210000000000060513,0.21551,49.58454,11.315
0517210000000000060908,0.19161,48.7608,10.245
0549020030200400010105,0.06858,39.07755,0.78
0549020030200400010108,0.02562,38.63662,0.78
0549020050300500010214,-0.03913,41.35566,0.82
0565910000000000010218,-0.15593,35.96373,10.23
0505120060600500010101,-0.10111,37.04724,0.74
0504520050300100010108,-0.0536,36.15001,2.185
0504520030101500010114,0.09619,41.48725,2.66
0505110000000000010610,-0.08985,36.7362,3.935
0514710000000000030415,0.09137,45.75294,15.54
0549020120600100010206,-0.08998,35.18442,2.44
0549020120301400010101,-0.11568,,0.55
0565920020500200010102,-0.02111,35.31943,0.595
0566510000000000020114,0.14667,38.34609,8.62
0583720090600300010306,-0.15624,36.19957,3.04
0583720100400800010404,0.14637,42.73312,4.015
0504520010101600010110,-0.22747,34.24788,1.1
0504520020300900010111,0.17524,44.36522,6.03
0504520010301100010107,0.11803,40.24651,4.295
0504520030101500010122,-0.09954,37.47449,4.085
0505110000000000010320,0.08912,42.78268,15.375
0505110000000000010347,0.09051,41.88032,15.375
0505110000000000010708,0.07426,39.83293,16.955
0505120040101000010112,-0.00685,38.83145,1.055
0505120030101100010122,-0.05355,37.48817,1.27
0505120030101100010129,-0.06737,38.36318,2.015
0514710000000000010209,0.19814,44.10374,13.76
0514710000000000020402,0.06792,42.90231,20.15
0514710000000000020611,0.21456,47.78495,11.755
0514710000000000030218,0.21724,48.97613,7.645
0583720090700100010402,0.06796,42.66988,3.06
0549020120600100010109,-0.07511,36.5653,1.78
0549010000000000010113,-0.1476,,8.395
0549010000000000010213,0.10979,,16.6
0549010000000000010438,-0.0375,,7.4
0549020030300200010215,0.05994,38.14443,2.72
0549020090200800010110,-0.07858,37.61805,1.3
0549020090200800010111,-0.05423,36.71228,1.3
0549020090501500010101,-0.07957,38.11366,2.03
0549020090501500010104,0.01911,39.2211,2.03
0566510000000000010163,-0.03253,38.4247,15.27
0566510000000000010821,0.11529,42.26143,9.63
0566510000000000011021,-0.11383,37.28479,3.36
0566520040200200010105,-0.02932,37.45399,1.685
0583720090700100010210,0.11389,43.55857,1.645
0583720090700100010613,0.11038,46.28102,2.385
0583720090700100010730,-0.06106,,2.58
0583720090700100020316,0.07613,43.45603,4.275
0583720090700100020375,0.11039,38.28115,4.275
0583720100700200020122,-0.07956,35.72789,6.315
0583720090600300010343,-0.00347,40.52679,2.13
0583720100400800010419,-0.16216,36.86438,4.015
0583720100400800010424,0.22542,43.51584,4.015
0583720080301000010120,-0.04667,38.20766,1.525
0583720080301000010126,-0.0425,37.87782,2.78
0583720020101300010120,-0.0208,38.37001,1.68
0583720050202800010108,-0.05852,36.19274,0.425
0514710000000000030209,0.24341,49.58454,15.21
0517210000000000020212,-0.06053,46.77151,9.055
0517210000000000050422,0.25615,46.8074,10.82
0514710000000000020235,0.10843,40.53362,5.965
0514710000000000020240,-0.00041,40.22258,3.74
0514710000000000020313,-0.01077,44.92065,17.3
0514720011001000010142,-0.01717,37.97694,3.01
0517210000000000060417,0.21831,49.33844,11.315
0517210000000000060715,-0.01774,45.83839,8.68
0549020030200400010133,0.02652,37.14636,0.815
0549020090501500010118,0.00839,37.73085,2.26
0565910000000000010410,0.03913,39.95769,7.8
0583720110201800010210,-0.07535,36.38415,1.21
0505110000000000010135,0.12233,41.84614,11.365
0505120030200800010111,0.07469,38.0641,0.73
0514710000000000010226,0.16321,46.46218,13.76
0514710000000000020308,0.1591,47.52518,11.755
0514710000000000020513,0.00632,47.99858,15.54
0514710000000000030522,0.17827,45.41285,7.645
0583720100400800010209,0.09617,41.05829,1.935
0549010000000000010209,0.15523,,16.6
0549010000000000010302,0.08818,,9.085
0549010000000000010437,-0.1926,32.20391,7.4
0549020120600100010212,-0.06254,39.53385,1.665
0549020120600100010305,-0.23974,34.20858,1.665
0549020120300300010110,0.01553,,1.18
0565920010100500010103,-0.0906,,1.79
0565920010200600010103,-0.10089,,1.13
0583720090700100010317,0.12216,43.47995,3.06
0583720090700100010323,-0.22073,37.87611,3.06
0583720090700100010603,0.19984,43.43039,2.385
0583720090700100010720,0.02168,,2.58
0583720090700100020202,0.08237,41.22748,1.645
0583720090700100020310,0.09375,42.85958,3.93
0583720090700100020333,0.08681,39.40909,4.275
0583720090600300010334,-0.02573,37.00281,3.035
0583720070201200010108,-0.16794,36.42687,0.92
0583720070201200010131,-0.0433,,0.635
0583720020101300010103,-0.04187,40.18498,1.555
0504520010301100010217,0.00079,39.87053,2.67
0504520050300100010107,0.07401,37.17371,2.185
0504520020300900010208,0.1396,40.41057,2.615
0504520010101600010116,-0.08197,35.78257,1.1
0505110000000000010107,0.13243,42.89889,11.365
0505110000000000010314,0.16053,42.59811,24.91
0505110000000000010607,-0.2424,34.62216,9.675
0505120030101100010124,-0.07681,38.76651,2.015
0514710000000000010723,0.24266,46.38527,17.3
0514710000000000020404,0.21885,44.25243,17.3
0514710000000000020616,0.22771,47.24661,11.755
0514710000000000030303,0.16038,45.09668,20.15
0514710000000000030552,-0.0151,40.03972,4.785
0549010000000000010301,-0.11081,,9.085
0549010000000000010607,-0.13017,,2.6
0549010000000000010905,0.11916,,1.23
0549010000000000010910,0.09891,,5.48
0549020120600100010124,0.06171,40.09612,2.44
0549020040400900010115,-0.07247,38.27773,0.805
0565920010100100010120,-0.10749,36.72937,1.545
0565920010300300010114,0.08579,38.94082,1.975
0566510000000000010348,-0.15295,35.09213,8.735
0583720090700100010401,0.1424,42.50924,3.06
0583720090700100020323,0.06788,38.79043,3.93
0583720090700100020415,0.0528,,6.285
0583720100700200020217,0.13879,41.67011,13.09
0514710000000000010332,0.17504,49.13165,18.105
0514710000000000030202,0.03651,45.32569,15.21
0517210000000000010613,0.21992,47.64652,18.36
0517210000000000020206,0.2203,49.18805,18.36
0517210000000000020415,0.1784,48.4395,9.055
0517210000000000020421,0.17303,47.29447,9.055
0517210000000000030213,0.22751,48.73174,12.825
0517210000000000030218,0.13493,47.37479,12.825
0517210000000000040107,-0.17547,39.43986,12.825
0517210000000000050202,0.22968,47.81742,12.825
0517210000000000050315,0.20279,47.0347,10.82
0517210000000000050524,0.163,48.51128,10.82
0517210000000000050605,0.17355,49.88874,20.63
0517210000000000050811,0.19425,46.56643,7.56
0517210000000000060119,0.26133,50.15535,11.315
0517210000000000060418,0.21559,48.87359,10.245
0517210000000000060515,0.23443,49.60163,11.315
0517210000000000060611,0.17924,48.63091,8.68
0517210000000000060716,0.00462,44.84545,8.68
0517210000000000060738,0.14052,44.64892,6.08
0549020090501500010110,0.11635,39.54581,2.03
0549020090501500010128,0.03202,39.16641,1.44
0565910000000000010101,-0.04744,37.66932,5.55
0565910000000000010519,0.10962,37.2677,1.865
0566510000000000010861,-0.21017,34.61361,7.545
0583720110201800010128,-0.04514,36.64221,0.84
0583720110201800010131,-0.054,36.03893,0.84
0505120020500300010117,-0.04323,,1.555
0566520020300300010106,0.00404,38.41958,0.845
0583720100700200010518,0.15423,40.17815,12.175
0583720100400800010402,-0.02317,38.82803,4.015
0583720100400800010412,-0.02111,39.08096,2.585
0504520020500200010303,-0.14055,37.8368,4.9
0504520020300300010109,-0.0866,39.67455,4.685
0505110000000000010345,0.1148,42.2939,15.375
0505110000000000010409,0.09478,42.94333,14.085
0505110000000000010707,0.01042,39.6945,16.955
0505120030200800010105,0.04751,38.37001,0.73
0505120030200900010116,-0.1664,,1.27
0514710000000000020101,0.13756,50.36385,12.58
0514710000000000020112,0.19173,50.41512,17.3
0514710000000000030642,0.0451,44.71557,4.785
0514710000000000030644,0.14191,47.11331,4.785
0549010000000000010225,0.05064,,16.6
0549020120300300010101,-0.00952,,1.175
0565920010100100010105,-0.03748,37.99745,0.945
0566510000000000010118,0.05514,40.7011,15.27
0566510000000000010422,0.03699,39.78849,5.19
0566520010100400010112,-0.04899,35.95347,0.98
0583720090700100010122,0.09826,42.42379,3.555
0583720090700100020345,0.10172,42.37764,4.275
0583720090700100020515,0.1459,,8.505
0583720090600300010307,-0.15125,37.10877,3.04
0583720020101300010201,-0.03173,39.78166,1.555
0504520020500200010211,0.1408,40.80365,2.605
0504520020300900010320,0.21232,41.78462,5.28
0505110000000000010209,-0.04002,42.35201,17.165
0505110000000000010533,0.01857,41.09759,13.745
0505120060400100010111,-0.07771,37.95814,0.675
0505120020500300010118,-0.05732,,1.555
0514720010601300010109,-0.05686,37.73768,1.91
0549010000000000010235,-0.07646,33.21735,10.79
0549020120600100010409,0.02274,39.3151,1.515
0549020120300300010139,0.06025,,0.495
0549020090501500010108,0.01338,38.83828,2.03
0565920010100100010102,-0.27675,37.60609,1.37
0583720090700100020417,0.0623,,6.285
0583720090700100020509,0.18363,,8.505
0583720100700200020101,0.04544,38.34609,10.28
0583720100700200020405,0.10653,40.67889,12.86
0583720010203800010104,-0.12351,37.92225,1.12
0514720011001000010105,0.13701,38.72207,4.51
0514710000000000010617,0.07304,40.5866,4.115
0514710000000000010619,-0.09073,42.85788,12.58
0514710000000000030112,0.26108,43.45945,15.21
0514710000000000030311,0.18093,44.16527,20.15
0514720010700700010108,0.02564,42.50582,1.21
0514720010700700010119,-0.04273,39.30313,1.21
0514720010700700010125,0.00454,41.21723,0.895
0517210000000000010110,0.13653,44.59081,13.85
0517210000000000010209,0.19136,43.73289,16.13
0517210000000000010507,0.27425,47.33377,16.13
0517210000000000010709,0.10645,38.87075,5.755
0517210000000000020208,0.2418,48.94195,18.36
0517210000000000020302,0.23565,50.02888,18.36
0517210000000000060410,0.23834,51.02353,11.315
0517210000000000060420,0.13224,47.89604,11.315
0517210000000000060508,0.24708,49.8802,11.315
0517210000000000060520,0.22675,49.20514,10.245
0517210000000000060812,0.17509,49.42731,10.245
0565910000000000010106,0.13762,39.78166,5.55
0565910000000000010121,0.02231,37.59754,5.55
0565910000000000010615,-0.15812,37.30017,3.275
0583720110201800010201,-0.13488,36.92419,1.21
0583720110201800010328,0.01289,38.02821,0.94
0517220070300300010109,0.14187,43.2988,1.355
0504520010101400010113,-0.02586,34.38119,0.9
0505110000000000010537,-0.13084,37.60951,3.735
0517220100400700010105,0.01594,41.25824,0.78
0549020120600100010214,-0.05779,37.35657,2.44
0565920010100100010117,-0.03899,37.5702,1.545
0566510000000000010421,0.08814,40.76776,10.41
0583720090700100010206,0.04934,43.01681,5.175
0583720090700100020362,0.02101,40.42254,3.93
0583720090700100020439,-0.02984,36.10387,4.275
0583720100700200010313,0.0838,38.5375,13.09
0583720100700200010407,0.14053,41.3642,13.09
0583720100700200010510,0.16175,39.47489,12.175
0583720080301000010113,-0.01519,38.09316,2.78
0583720020101300010111,-0.08756,39.05704,1.555
0583720030803200010101,-0.18594,32.98492,1.315
0504520010301100010209,-0.02951,39.38175,3.32
0504520020500200010106,0.01777,38.17177,1.575
0504520020300300010108,-0.16377,37.19763,4.685
0504520020300900010129,0.12438,45.30176,6.03
0504520020300900010327,0.07847,40.3217,5.28
0504520030101500010106,0.10983,41.07367,2.66
0505110000000000010222,-0.04068,38.09316,17.165
0505110000000000010709,0.10808,40.12004,16.955
0505110000000000011020,0.09109,44.40111,12.76
0505110000000000011021,0.10025,44.37548,12.76
0514710000000000010116,0.28608,42.93478,15.21
0514710000000000030237,0.16518,46.08107,15.21
0514710000000000030416,0.15061,44.05076,15.54
0549020120600100010228,-0.03933,35.40317,1.115
0549020120600100010401,-0.12501,35.07504,1.665
0549020030300200010221,0.00539,37.7787,2.72
0566510000000000010502,0.07036,43.02536,11.325
0566510000000000010665,0.05176,41.37445,15.27
0583720090700100010107,0.14274,42.14009,5.175
0583720090700100010218,0.11137,43.63035,3.555
0583720100700200010203,0.13727,40.93011,13.09
0583720100700200010504,0.11972,39.1835,13.09
0583720100700200020510,-0.00818,39.00577,12.86
0583720050200500010117,-0.06894,37.87269,0.755
0583720090402400010113,0.08697,39.48942,6.965
0583720090103900010117,-0.07402,36.40636,1.62
0583720010204000010103,-0.09372,35.8629,0.71
0514710000000000020116,-0.17995,45.53418,12.58
0514710000000000020807,-0.03455,,5.965
0514710000000000030220,0.18943,48.10454,7.645
0514710000000000030422,0.11868,46.06569,4.785
0514710000000000030507,0.11049,46.04176,7.645
0514720010700700010121,-0.01071,39.48429,1.21
0514720010700700010131,0.02262,42.34688,1.065
0517210000000000010210,0.19058,43.46628,16.13
0517210000000000010701,0.17885,39.90471,5.755
0517210000000000020506,0.07018,46.96292,8.085
0517210000000000050206,0.25485,49.9571,12.825
0517210000000000050601,0.14944,47.95585,20.63
0517210000000000050706,0.18406,45.51539,8.38
0517210000000000060318,0.23007,48.66509,11.315
0517210000000000061012,0.00085,44.24388,3.805
0549020030200400010111,0.05619,38.89981,0.78
0565910000000000010313,0.14138,39.78337,9.155
0565910000000000010516,0.03616,38.42812,4.28
0565910000000000010903,-0.09245,38.90323,1.92
0566510000000000010152,-0.02409,38.76821,15.27
0583720110201800010217,-0.11245,36.52428,1.21
0504520010301100010109,-0.01347,37.95985,3.32
0504520030101500010103,-0.04809,38.23671,2.66
0505110000000000010210,0.10121,42.03413,17.165
0505110000000000010224,-0.00376,39.72697,17.165
0505110000000000010340,-0.06065,39.87394,12.76
0505120040101000010105,0.02867,38.92886,1.23
0505120040101000010107,0.07496,39.86369,1.23
0514710000000000010120,0.17542,44.61645,15.21
0514710000000000010306,0.27394,46.9783,13.76
0514710000000000030624,0.16121,46.11183,4.785
0517220070300300010112,0.01968,41.72651,0.68
0549010000000000010308,0.08752,,9.085
0549010000000000010507,-0.0414,,4.885
0549020120600100010223,0.01846,37.52064,2.44
0549020120600100010224,0.02597,37.64881,1.255
0549020120600100010312,-0.17442,34.51449,0.785
0549020120600100010402,-0.08979,35.42026,2.44
0549020030300200010120,-0.19703,36.97034,2.72
0549020030300200010127,-0.19542,35.64243,3.51
0549020030300200010206,0.01059,36.27135,5.25
0549020120300300010133,-0.08701,,1.175
0549020120300300010134,-0.08759,,0.995
0549020120301000010105,-0.08436,,0.87
0549020090201200010104,0.01601,,0.745
0583720050200500010105,-0.05957,38.80069,1.17
0565920010100100010104,0.01781,38.42129,1.37
0565920010100100010116,-0.14823,,1.37
0565920010300300010133,-0.09902,36.30553,2.725
0565920020300400010106,0.0192,36.47301,0.58
0565920010100500010107,-0.03523,,1.79
0565920010100500010111,0.00372,,1.79
0566510000000000010244,-0.03763,37.92738,8.62
0566510000000000010247,0.16965,42.217,14.99
0566510000000000010353,-0.12837,35.54844,8.735
0566510000000000010406,0.04522,41.3642,10.41
0566520040200200010107,-0.10186,37.60096,1.3
0566520020300300010104,-0.07565,37.98378,0.845
0583720090600300010205,0.11065,43.0527,4.665
0583720090700100020436,0.02772,38.16835,4.275
0583720100700200010109,0.06818,38.44863,5.7
0583720100700200010211,0.18243,42.30074,13.09
0583720100700200020201,0.12918,41.44965,13.09
0583720050200500010127,0.08782,37.43006,1.17
0583720090402400010127,-0.04823,35.37583,6.965
0583720090603100010101,-0.10813,34.89389,1.345
0583720090603100010102,0.01406,35.18955,1.345
0583720090103900010113,-0.19774,34.76059,1.62
0504520020500200010312,-0.08841,39.4672,4.9
0505120020500300010116,-0.01357,36.69177,1.575
0549010000000000010218,0.13031,,10.79
0549020120600100010317,-0.09195,35.48862,1.665
0549020050401800010104,-0.09809,36.58068,0.91
0566510000000000010249,-0.03547,37.94618,14.99
0583720090700100010132,0.00299,38.90323,5.175
0583720090700100010304,0.14019,44.31053,5.175
0583720090700100020425,0.13675,41.41547,4.275
0583720100400800010204,0.15433,41.4693,1.935
0583720090602600010110,-0.0267,37.08142,2.36
0583720090603100010103,0.07046,35.82017,1.345
0514710000000000010105,-0.07074,41.76411,5.175
0514710000000000010303,0.2222,45.71705,13.76
0514710000000000010706,0.23318,45.86573,17.3
0514710000000000010814,0.25357,47.45682,18.105
0514710000000000020624,-0.17977,44.15501,11.755
0514710000000000020914,0.00179,40.80023,9.59
0514710000000000030226,0.14365,45.33594,15.21
0514710000000000030317,-0.13766,42.08198,20.15
0517210000000000020203,0.2675,48.55913,18.36
0517210000000000010219,0.12265,41.50776,5.755
0517210000000000050403,0.25035,47.34915,8.38
0517210000000000050418,0.23367,47.40555,8.38
0517210000000000050711,-0.07014,42.50753,10.115
0517210000000000060209,0.24666,48.05497,7.56
0517210000000000060310,0.27707,49.3487,11.315
0517210000000000060320,0.23488,49.77937,11.315
0565910000000000010520,-0.08009,36.47985,1.865
0565910000000000010607,-0.16845,39.11173,7.32
0566510000000000010402,0.06392,40.00725,10.41
0514710000000000010729,-0.06568,44.35839,17.3
0514710000000000020903,-0.02821,38.50674,5.965
0517210000000000030104,0.2641,48.12163,7.93
0517210000000000030117,-0.05722,46.68606,15.265
0517210000000000060416,0.19869,49.90754,11.315
0549020030200400010134,-0.06694,39.392,0.675
0505110000000000010416,-0.11805,38.12392,14.085
0505110000000000011030,-0.11192,40.08586,12.76
0505110000000000011043,0.05975,41.93159,23.205
0549010000000000010310,0.09982,,9.085
0549010000000000010513,-0.13941,31.42802,4.885
0549010000000000010609,-0.19071,30.99051,1.465
0549020120600100010415,0.02539,38.57851,1.515
0565910000000000010406,0.11065,41.60346,7.8
0583720090700100010509,0.12547,42.28707,7.15
0583720090700100020219,0.15035,45.59742,8.505
0504520020500200010122,-0.03481,37.33094,1.79
0504520020300900010125,0.25046,45.42481,5.28
0504520010301100010117,0.11697,40.77288,3.32
0504520010101600010118,-0.30152,34.01375,0.915
0505110000000000010118,0.02542,42.15376,16.955
0505110000000000010316,-0.01608,41.06854,15.375
0505110000000000010342,0.11022,41.99995,15.375
0505120060400100010113,-0.01294,38.20595,0.675
0505120030101100010133,-0.07618,38.24013,0.79
0514710000000000010204,0.17042,43.93113,5.215
0514710000000000010227,-0.19732,38.76138,5.215
0514710000000000020429,0.26325,47.56791,11.755
0514710000000000030219,0.21672,49.01715,7.645
0583720030802900010118,-0.10256,34.59652,1.65
0549010000000000010120,0.15012,,6.215
0566510000000000011012,-0.11205,36.62341,3.53
0549010000000000010106,-0.13408,,5.485
0549010000000000010608,-0.06964,,2.6
0549010000000000010825,-0.01549,,5.48
0549010000000000010829,-0.04238,,5.48
0549020030300200010204,-0.02322,36.06969,5.25
0565910000000000010511,-0.02661,37.06262,4.28
0565920010100100010131,-0.16542,35.30747,1.545
0565920010300300010107,0.06802,39.24503,2.725
0566510000000000010112,-0.01971,40.82757,15.27
0566510000000000010431,-0.05212,34.8768,5.19
0566510000000000010813,-0.07794,36.77038,8.735
0566520010100400010105,-0.14356,36.91736,0.835
0566520040200800010113,0.08363,,1.29
0583720090700100010201,0.06443,42.92965,3.555
0583720090700100010204,0.1312,44.02342,5.175
0583720090700100020374,0.06263,37.68641,4.275
0583720090700100020411,0.09318,,6.285
0583720100700200010506,0.08616,39.93889,13.09
0583720100700200020210,0.15289,40.25334,12.175
0583720100700200020414,0.07446,40.05168,12.86
0583720090600300010313,0.07702,38.61269,4.29
0583720090600300010326,-0.00673,39.73722,2.62
0583720030803200010111,-0.27544,33.22931,0.64
0583720010203800010111,-0.18412,,0.795
0583720090103900010108,-0.16498,34.31283,1.62
0583720050604200010103,-0.10104,35.59116,0.5
0514710000000000020501,0.14131,44.20458,15.54
0514710000000000020623,0.16784,46.44338,11.755
0514710000000000030211,0.06196,45.86231,15.21
0514710000000000030231,0.08737,43.82176,15.21
0514710000000000030232,-0.13607,41.60346,15.21
0514710000000000030539,0.14631,45.6897,3.23
0517210000000000010124,0.0236,38.40761,5.28
0517210000000000010307,0.22702,43.96531,16.13
0517210000000000010702,0.23013,41.51972,5.755
0517210000000000010804,0.03601,40.98822,3.05
0517210000000000020320,0.22832,50.32625,10.82
0517210000000000020411,0.20444,48.51812,9.055
0517210000000000030209,0.01669,44.67455,15.265
0517210000000000050124,0.17291,47.60209,12.825
0517210000000000050710,0.03068,44.65404,8.38
0517210000000000060118,0.25616,50.27156,11.315
0517210000000000060403,0.25982,50.60994,11.315
0517210000000000060605,0.1116,42.73824,10.115
0517210000000000060630,-0.00936,43.76707,6.08
0549020030200400010104,-0.07311,38.60415,0.78
0565910000000000010120,0.02627,38.01283,2.45
0565910000000000010619,-0.04788,37.02161,3.275
0566510000000000020111,-0.16126,35.91929,8.62
0583720030802900010112,0.06683,,1.65
0504520050300100010112,-0.13973,35.91588,2.185
0504520020500200010103,0.01361,41.78462,4.9
0504520020300900010302,0.08307,37.42664,5.28
0505110000000000011005,0.01421,42.20845,23.205
0514710000000000020304,0.17968,45.17871,11.755
0583720100400800010104,0.08751,40.29436,4.015
0549010000000000010402,0.2587,,16.6
0549020120600100010128,0.00372,37.07971,1.255
0565910000000000010110,0.09255,38.81265,5.55
0566510000000000010220,0.08004,43.92772,15.27
0566520010100400010101,-0.14487,35.47153,0.6
0583720050200500010109,-0.13098,38.14101,1.17
0583720090700100020217,0.12744,45.5188,8.505
0583720090700100020413,0.06719,,6.285
0583720090600300010324,-0.09353,39.48771,2.62
0583720100400800010313,0.1489,40.34221,3.415
0583720100400800010411,0.00424,39.61759,1.375
0583720230401400010106,-0.06901,41.12152,0.24
0583720090102700010105,-0.0662,36.21666,3.025
0583720030802900010126,-0.22007,31.81938,1.305
0583720050604200010109,-0.10836,37.87782,0.5
0505110000000000010108,0.15277,42.08882,11.365
0505110000000000010512,-0.06587,40.81561,23.205
0505120060400100010102,0.01944,38.95791,0.875
0514710000000000010208,0.19825,44.57714,13.76
0514710000000000010210,0.14613,45.25903,13.76
0514710000000000010222,0.05811,45.54957,13.76
0514710000000000020709,0.14657,44.80615,11.755
0549020090200800010117,-0.00854,38.60073,1.29
0549010000000000010129,0.07143,,6.215
0549010000000000010332,0.11394,,9.085
0549010000000000010601,-0.22646,30.79568,1.815
0549010000000000010612,-0.027,35.40146,3.47
0549010000000000010912,0.12659,,5.48
0549020090200800010118,0.0361,39.55949,1.29
0549020040400900010114,-0.11871,35.53477,0.805
0549020050401800010101,-0.09102,36.44738,0.85
0566510000000000010630,0.14562,43.28342,14.99
0566510000000000010663,0.09495,40.78656,8.705
0566510000000000010868,-0.17999,35.28411,7.545
0583720090700100010504,0.15921,44.23876,5.545
0583720090700100010608,0.18615,45.67432,2.385
0583720090700100010723,-0.23846,,6.515
0583720090700100020517,0.137,,8.505
0583720100700200010122,-0.11386,35.59458,5.7
0583720100700200010123,-0.06705,34.99985,5.7
0583720100700200010402,0.19087,40.48577,13.09
0583720100700200020110,0.00815,35.85093,12.175
0583720100700200020415,0.14467,40.88226,12.86
0583720100400800010202,0.12004,39.78166,1.935
0583720100400800010413,0.02957,38.4623,2.585
0583720090103900010106,-0.08434,34.7435,1.62
0514710000000000010304,0.24943,45.1001,5.215
0514710000000000010409,0.27719,48.03959,13.76
0514710000000000010620,-0.20211,35.87315,4.115
0514710000000000030214,0.15734,49.3692,15.21
0514720011001000010121,0.10592,40.06877,3.01
0517210000000000010101,-0.14005,37.89913,5.28
0517210000000000010125,0.03128,39.54581,5.28
0517210000000000010319,0.18455,43.12619,16.13
0517210000000000010513,0.1854,44.32762,13.85
0517210000000000020217,0.03336,48.17973,9.055
0517210000000000050306,0.23656,47.17483,7.735
0517210000000000050310,0.25388,49.44098,10.82
0517210000000000060107,0.25264,50.19295,11.315
0517210000000000060804,0.15908,49.21881,10.245
0517210000000000060926,0.17366,45.93922,8.085
0583720110201800010103,-0.10865,36.34655,0.725
0583720110201800010123,-0.01462,36.69348,0.525
0583720110201800010320,-0.09364,37.87782,0.94
0504520050300100010111,-0.16657,36.85925,2.185
0504520010101400010105,-0.03887,32.69952,0.875
0505120030101100010130,-0.01151,36.97204,2.015
0505110000000000010121,0.05823,42.56393,16.955
0505110000000000010520,-0.03044,40.15593,23.205
0505110000000000011012,0.09967,43.94993,23.205
0505110000000000011044,0.03268,42.9006,12.76
0505110000000000011105,0.10174,40.89935,15.375
0505120030200800010104,-0.12264,35.94151,0.73
0505120030200900010115,-0.13781,,1.27
0514710000000000030625,-0.02303,43.56199,4.785
0514710000000000010320,0.23527,48.74371,18.105
0514710000000000010808,0.25677,50.52449,18.105
0514710000000000020220,-0.18436,40.03459,3.595
0514710000000000020417,0.29273,46.39553,20.15
0514710000000000030411,0.09461,47.82426,7.645
0517220060601500010106,-0.06527,41.42572,1.615
0549010000000000010117,0.06408,,8.395
0549010000000000010918,0.10004,,2.85
0549020030300200010214,0.01988,38.37514,2.72
0549020120300300010118,0.10234,,0.995
0565920010100100010124,0.01362,37.31043,0.945
0565920010100500010114,-0.175,,1.79
0566510000000000010202,0.11242,44.20458,14.99
0566510000000000010329,-0.05495,37.39588,8.735
0566510000000000010548,0.12208,43.2988,11.325
0566510000000000010811,0.17064,39.83976,9.63
0566510000000000010844,0.09891,38.09316,7.545
0566520040200200010108,-0.04383,37.10706,1.685
0583720090700100010506,0.15817,44.38573,5.545
0583720090700100010615,0.21198,45.35816,2.385
0583720090700100020126,0.10966,43.45261,2.385
0583720090700100020359,0.1337,41.13178,4.275
0583720090700100020430,0.08325,,6.285
0583720100700200010105,-0.02986,35.86632,5.7
0583720100700200010201,0.11076,41.01385,13.09
0583720100700200010414,0.18319,42.87838,13.09
0583720100700200020115,0.05056,39.80558,12.175
0583720100700200020120,0.12388,37.21985,12.175
0583720100700200020304,0.1782,40.74041,10.215
0583720100700200020320,0.15819,40.16789,12.86
0583720070201200010109,-0.05712,,0.92
0583720230401400010105,-0.14912,38.82119,0.24
0583720090102700010110,0.05013,37.30017,3.025
0504520020300900010311,0.16581,40.2636,5.28
0504520010301100010207,-0.06101,38.26577,3.32
0505110000000000010338,0.0473,41.04291,12.76
0505110000000000011127,-0.03807,38.31191,7.945
0505120030200900010104,-0.11383,,1.655
0549010000000000010810,0.08936,,5.48
0549010000000000010817,0.11708,,5.48
0549020030300200010223,-0.01381,37.64539,2.135
0549020120801600010104,-0.01114,36.06627,0.565
0566510000000000010209,-0.03163,38.75967,14.99
0566510000000000010358,0.05418,37.21472,4.4
0566510000000000010411,0.03896,39.41251,5.19
0566510000000000010540,0.1444,41.48041,11.325
0583720090700100010211,0.05001,42.68697,1.645
0583720100700200010121,-0.03097,37.06091,5.7
0583720100700200020134,0.16507,35.87486,10.28
0583720090302300010101,-0.08832,35.39292,3.135
0583720090302300010110,-0.09365,34.7435,3.135
0514710000000000010510,0.30478,49.7862,12.58
0514710000000000020301,-0.04045,45.25391,17.3
0514710000000000020525,0.14539,46.32033,11.755
0514710000000000020805,0.06368,,5.965
0514710000000000020918,0.02452,,3.745
0514710000000000030120,0.22125,47.65336,15.21
0514710000000000030634,0.10947,43.85252,4.935
0514720010700700010130,-0.04571,41.84956,1.065
0517210000000000010411,0.07444,47.95073,13.85
0517210000000000010501,0.23294,45.52393,13.85
0517210000000000020109,0.2106,49.36579,18.36
0517210000000000020406,0.06572,47.59867,9.055
0517210000000000030202,0.1782,49.08209,15.265
0517210000000000050523,0.06212,47.89262,10.82
0517210000000000060114,0.26618,46.33058,7.56
0517210000000000060302,0.23987,49.18463,11.315
0517210000000000060408,0.24097,50.71932,11.315
0517210000000000060814,0.19862,49.12652,10.245
0565910000000000010622,0.00212,36.6781,3.275
0505110000000000010401,0.10144,42.96725,14.085
0505110000000000010901,0.16397,42.75192,16.955
0549010000000000010228,0.04765,,16.6
0549020120301000010104,-0.05104,,0.835
0549020120101100010107,-0.15537,33.86848,1.5
0549020090501500010106,0.09097,38.30849,2.26
0549020050401800010103,-0.12265,35.90562,0.91
0565920010300300010123,0.05698,36.37047,2.725
0583720090700100010409,-0.10744,38.54092,3.06
0583720090700100010415,0.09838,43.20822,5.545
0583720090700100020211,0.1928,45.18896,8.505
0583720100700200010311,0.10121,38.35634,10.28
0583720100700200010513,0.13936,40.02946,12.175
0583720100400800010308,0.14925,40.16618,3.415
0583720020101300010212,-0.0521,39.28604,1.555
0583720070202000010101,-0.13766,32.71319,0.675
0583720090102700010111,-0.09167,37.30017,3.025
0583720090103900010115,-0.11392,36.6781,1.62
0504520020500200010213,0.08867,40.79681,2.605
0504520030101500010110,0.0546,39.76799,4.085
0505110000000000011017,-0.07865,39.51163,23.205
0505110000000000011107,0.11109,38.60928,15.375
0505120020500300010119,-0.1623,36.79431,1.575
0505120040101000010115,-0.08119,37.14295,1.23
0505120030101100010117,-0.08712,37.1908,1.27
0514710000000000020219,0.07014,41.81025,9.59
0514720010601300010110,0.08258,38.81436,1.91
0549010000000000010317,0.12849,,16.6
0549010000000000010824,-0.02322,,5.48
0549020120600100010129,-0.06345,36.20983,1.255
0549020090200800010116,-0.03669,38.22304,1.29
0583720050604200010106,0.0203,38.05214,0.39
0565920010300300010124,0.03434,36.72937,2.725
0566510000000000010114,0.04162,40.10295,15.27
0566510000000000010214,0.0896,42.87838,14.99
0566510000000000010537,0.09528,44.23534,14.99
0566510000000000010561,0.16353,40.98651,11.325
0566520040200800010106,-0.08646,,1.29
0583720090700100010517,0.08211,42.93307,5.545
0583720090700100010616,0.12264,44.99414,2.385
0583720090700100020418,0.1036,,6.285
0583720100700200020209,0.18671,41.42231,13.09
0583720100700200020417,0.14289,41.21552,12.86
0583720090600300010310,0.06425,41.22748,4.29
0583720100400800010425,0.22949,42.64254,4.015
0583720080301000010104,-0.17314,35.56724,2.685
0583720080301000010107,-0.10841,36.15172,2.78
0583720090402400010110,0.06774,40.14739,6.965
0514710000000000010405,0.26927,47.0552,13.76
0514710000000000010522,0.22173,48.32329,5.585
0514710000000000020233,0.11821,40.84808,5.965
0514710000000000030520,0.15368,42.48189,7.645
0517210000000000010413,0.24,45.5376,13.85
0517210000000000010621,0.05149,49.60676,15.265
0517210000000000020112,0.22253,48.65142,18.36
0517210000000000020211,0.20413,48.01396,18.36
0517210000000000050107,0.21102,48.29253,12.825
0517210000000000060221,0.19249,45.76661,7.56
0517210000000000060319,0.22953,48.77276,11.315
0517210000000000060615,0.17502,47.99858,8.68
0549020050300500010202,-0.09068,37.84193,0.85
0565910000000000010304,0.17062,40.76434,9.155
0566510000000000011022,-0.09989,36.73962,3.06
0583720110201800010303,0.01702,37.91542,1.21
0583720110201800010318,-0.0156,36.66442,0.72
0514710000000000030104,0.23061,47.48246,15.21
0517210000000000010609,0.24524,47.73539,18.36
0517210000000000010807,-0.06004,38.92373,3.05
0517210000000000060106,0.25603,48.27885,7.56
0517210000000000060516,0.24172,49.52985,10.245
0517210000000000060905,0.15959,47.14407,10.245
0565910000000000010418,-0.03321,39.56632,3.07
0549020120100700010104,-0.05678,38.67251,1.54
0504520020500200010112,0.14311,41.74702,2.605
0504520010301100010106,0.14253,39.83805,4.295
0504520010101600010103,-0.36938,34.13851,1.1
0504520010101600010113,-0.03891,36.17736,1.1
0505110000000000010325,0.10501,42.98947,15.375
0505110000000000010535,-0.13167,35.37241,3.4
0505120030200900010103,-0.16966,,1.035
0505120040101000010111,0.05496,38.60928,1.055
0505120030101100010119,-0.07444,38.09316,2.015
0583720100700200010305,0.15403,40.16448,13.09
0514710000000000020408,0.21881,48.49419,17.3
0514710000000000010121,0.29393,44.93432,15.21
0514710000000000020718,0.20884,46.10329,11.755
0514710000000000020720,0.14547,48.72662,11.755
0514710000000000030535,0.01701,47.93363,15.54
0517220070300300010115,0.00962,,0.68
0517220100400700010103,-0.20553,37.92567,0.65
0549010000000000010111,-0.30014,,1.765
0549010000000000010425,-0.29191,,11.43
0549020120600100010419,-0.02106,37.37366,2.44
0549020120101100010101,-0.2314,33.86165,0.725
0565920010200600010109,-0.00039,,1.07
0566510000000000010119,0.04251,41.86494,15.27
0566510000000000010433,-0.07292,37.9496,5.19
0566510000000000010609,0.1584,44.1909,14.99
0566510000000000010908,-0.10778,35.16818,6.13
0583720100700200020310,0.17862,39.99357,10.215
0583720090700100010110,0.1207,43.56882,1.645
0583720090700100010303,0.09574,43.49021,3.555
0583720090700100010413,0.06198,43.88841,5.545
0583720090700100010602,0.18156,42.69723,7.15
0583720090700100020366,0.02449,35.2938,3.93
0583720090600300010201,-0.01439,38.33925,3.02
0583720030700600010115,-0.17083,34.08724,0.87
0583720100400800010102,0.04614,39.26212,4.015
0583720070201200010119,-0.08762,37.59754,0.92
0583720070202000010105,-0.07382,33.67366,0.49
0583720090402400010124,0.09324,37.42322,6.965
0583720050603700010107,-0.07654,37.26599,0.685
0504520010301100010221,0.14314,38.77163,2.67
0504520030101500010109,0.03518,40.78314,4.085
0505110000000000010141,-0.15189,39.21085,11.365
0505110000000000010811,0.12252,42.99118,16.955
0505110000000000011025,0.19049,41.63081,12.76
0505110000000000011101,0.09138,41.65644,15.375
0514710000000000020103,0.03469,42.60494,6.06
0514710000000000030307,-0.01957,46.9031,20.15
0549020090501500010125,0.11747,39.96965,1.44
0549010000000000010230,0.19351,,16.6
0566510000000000010160,0.0191,41.98628,15.27
0566520020300300010108,-0.00884,38.26235,0.845
0566520010100400010103,-0.11378,37.48133,0.6
0583720090700100020214,0.19994,45.64698,8.505
0583720090700100020508,0.17604,,8.505
0583720050200500010107,-0.02797,39.82609,1.17
0583720080301000010101,-0.1255,35.24184,1.525
0514710000000000010601,0.12345,46.29982,12.58
0514710000000000030241,0.07855,42.70065,15.21
0514710000000000030424,0.11762,45.75807,15.54
0514720010700700010111,0.13792,42.05977,1.21
0514720010700700010124,0.13037,40.78314,1.21
0514720011001000010112,0.06688,37.75648,4.51
0514720011001000010128,0.12058,39.92521,3.01
0514720011001000010132,-0.01927,38.5751,3.01
0514720011001000010135,-0.05652,36.57555,3.01
0517210000000000010111,-0.11446,41.00594,13.85
0517210000000000010321,-0.03656,41.55561,16.13
0517210000000000020311,0.20086,47.31326,20.63
0517210000000000040103,0.23799,44.30882,15.265
0517210000000000050404,0.23668,46.74587,8.38
0517210000000000050517,0.15879,49.33673,10.82
0517210000000000060104,0.20123,48.52153,7.56
0517210000000000060109,0.25917,49.78278,11.315
0517210000000000060315,0.2817,50.11775,11.315
0517210000000000060411,0.24008,50.67489,11.315
0517210000000000060825,-0.02502,45.45215,10.245
0517210000000000061018,-0.05034,42.24263,3.805
0565910000000000010129,0.1038,38.43154,3.455
0566510000000000010664,-0.03515,40.58147,8.705
0566510000000000010863,-0.09763,35.82701,7.545
0549020040400900010117,0.03856,38.07265,0.805
0505110000000000010313,-0.01366,43.08005,23.205
0549010000000000010704,0.23449,,5.48
0549020120300300010136,0.01551,,0.495
0583720090700100010406,0.13377,44.00975,5.545
0583720100700200010115,0.10117,39.83635,5.7
0583720100700200010410,0.11288,39.43644,10.215
0504520020500200010207,0.12757,40.94037,4.9
0504520010101400010102,-0.13904,34.48031,0.9
0505110000000000010129,0.0197,42.44088,16.955
0505110000000000010332,0.00547,41.10785,15.375
0505120060400100010112,-0.05153,38.42727,0.675
0505120030200800010109,-0.14787,35.95177,0.73
0514710000000000010203,0.17241,44.48656,5.215
0514710000000000020403,0.21258,44.0576,20.15
0514710000000000020518,0.10663,46.00245,15.54
0514710000000000030531,0.10604,44.85058,7.645
0514710000000000030542,0.19166,45.75807,4.785
0514710000000000030640,0.09165,45.78883,4.785
0549020120600600010103,-0.13194,,1.425
0549020120600100010122,-0.08107,36.86267,1.235
0549020030300200010106,-0.1003,36.28502,2.72
0549020050300500010215,-0.0997,41.53339,0.82
0549020120100700010103,-0.04743,38.14784,1.54
0549020120301000010110,0.05948,,0.59
0549020120801600010108,-0.19851,34.92978,0.565
0565920010300300010113,0.09772,39.31681,1.975
0565920010300300010135,-0.23646,36.07823,2.815
0565920010100500010113,-0.02263,,1.79
0566510000000000010415,-0.08292,39.72355,10.41
0583720090700100010108,0.08209,41.07196,5.175
0583720090700100020123,-0.02211,43.24069,7.15
0583720090700100020340,0.03481,37.38392,3.93
0583720090700100020510,0.10364,,8.505
0583720100700200010406,0.1481,42.27168,13.09
0583720100700200020401,0.19533,40.95746,12.175
0583720090600300010339,-0.00817,39.91838,2.71
0583720100400800010210,0.13024,42.13667,3.415
0583720100400800010310,-0.10486,38.02821,4.015
0583720090602600010122,0.03367,37.37537,2.36
0514710000000000010129,0.18988,42.89889,13.76
0514710000000000010326,0.1856,48.75396,13.76
0514710000000000020224,0.0143,40.04143,5.965
0514710000000000020524,0.2665,46.70486,11.755
0514710000000000020721,0.01687,44.81811,11.755
0514710000000000030212,-0.08588,41.43256,15.21
0514710000000000030308,0.18535,44.84545,20.15
0514710000000000030310,0.2248,44.16527,20.15
0514710000000000030402,0.19919,45.20264,15.54
0514720011001000010106,0.0763,39.32535,4.51
0517210000000000010109,0.19607,45.26758,13.85
0517210000000000010126,0.05689,40.44134,5.28
0517210000000000010304,0.21616,47.24661,16.13
0517210000000000020102,0.24176,47.79008,18.36
0517210000000000020103,0.25625,49.02227,18.36
0517210000000000020110,0.21649,49.29059,18.36
0517210000000000020336,0.1565,48.54546,11.315
0517210000000000020502,0.15663,46.64504,8.085
0517210000000000020510,0.10434,45.70509,8.085
0517210000000000030115,0.17055,47.6226,15.265
0517210000000000030208,0.21848,47.72855,15.265
0517210000000000060216,0.15392,46.80398,7.56
0517210000000000060614,0.16731,46.24172,8.68
0517210000000000060714,0.1705,46.04176,8.68
0565910000000000010513,0.04191,39.72013,4.28
0565910000000000010145,-0.12074,38.31874,3.455
0565910000000000010411,0.12907,40.17644,7.8
0583720110201800010209,0.00643,37.59412,1.21
0583720110201800010332,-0.07601,37.87611,0.94
0505120060400100010103,-0.0584,37.29505,0.875
0504520020300900010211,0.13632,44.13963,6.03
0504520010301100010212,0.12719,39.93547,2.67
0504520010301100010230,-0.147,36.86609,2.67
0505120030101100010113,-0.03562,37.67274,2.015
0514710000000000010114,0.26401,44.14818,15.21
0514710000000000010305,0.27505,46.12038,13.76
0517220070300300010105,0.1749,43.21677,1.355
0549010000000000010203,0.13291,,8.395
0549010000000000010818,0.00512,,5.48
0549020120600100010112,0.04952,38.42641,1.78
0549020120600100010118,0.08915,37.61292,1.255
0549020030300200010225,-0.00097,37.06091,2.72
0549020050300500010103,-0.11403,42.08028,0.85
0549020120301300010104,-0.08571,37.82997,0.76
0566510000000000010401,0.05122,41.14887,10.41
0566520040200800010103,-0.03616,,1.29
0583720090700100020222,0.10737,41.66328,1.645
0583720090700100020353,0.08559,42.54,4.275
0583720090700100020365,0.13955,38.34609,4.275
0583720090700100020507,0.13145,,8.505
0583720100700200020516,0.08267,38.73403,12.86
0583720090600300010346,-0.04033,36.18248,2.13
0583720050200500010123,-0.00268,38.01796,1.17
0583720090402400010107,0.06472,39.10147,6.965
0583720050603700010109,-0.1592,35.7108,0.685
0504520010101400010110,-0.02382,33.02423,0.9
0514710000000000020202,0.14949,46.30666,9.59
0514710000000000020713,0.17037,48.32671,11.755
0514710000000000030236,0.1118,44.16698,7.645
0549010000000000010404,0.14111,,16.6
0549020030300200010212,-0.04098,37.51209,5.25
0549020120100700010101,-0.02276,38.51357,1.54
0565910000000000010416,0.1362,39.60734,4.28
0565920010100500010106,-0.02544,,1.79
0565920010100500010109,0.00165,,1.79
0566510000000000010823,0.10523,40.86175,7.545
0566520040200800010102,0.01123,,1.29
0583720090700100010310,0.23859,44.9292,5.545
0583720090700100010315,0.14674,44.50707,5.545
0583720090700100020330,0.08001,37.37708,4.275
0583720100700200010521,0.11996,39.93547,12.175
0583720100700200020111,0.05511,36.57043,6.315
0583720100700200020322,0.08203,38.54946,10.215
0583720240400900010101,-0.06849,32.76104,0.27
0583720090103900010109,-0.11577,36.89685,1.62
0514710000000000010403,0.03803,48.5147,13.76
0514710000000000020212,0.12759,42.82028,9.59
0514710000000000030215,0.22412,49.89216,15.21
0514710000000000030533,0.12207,46.02638,15.54
0514720010700700010104,-0.06248,43.15182,1.065
0517210000000000010309,0.06836,41.55561,16.13
0517210000000000010408,0.21528,46.89456,13.85
0517210000000000010508,0.28817,47.23807,16.13
0517210000000000020413,0.16868,48.55401,9.055
0517210000000000020414,0.17106,48.38481,9.055
0517210000000000030110,0.11686,47.40555,15.265
0517210000000000050103,0.20852,48.18315,12.825
0517210000000000050503,0.20823,49.35553,10.82
0517210000000000050507,0.22502,49.24615,10.82
0517210000000000060521,0.19061,49.64264,10.245
0565910000000000010114,0.125,40.58147,10.23
0566510000000000010911,0.06178,37.25403,7.385
0566510000000000011013,-0.15145,35.59458,3.53
0583720110201800010113,-0.04868,37.01648,0.84
0514710000000000020111,0.13862,46.31691,17.3
0514710000000000030316,0.06378,45.78199,20.15
0549020030300200010109,-0.01188,38.05043,2.72
0549020120801600010105,-0.05173,36.80798,0.565
0566510000000000011001,-0.09842,40.0927,3.36
0583720090700100020419,0.10522,,6.285
0583720070201200010118,-0.11937,38.93399,0.92
0514710000000000010713,0.09363,44.95654,17.3
0514710000000000010709,0.17525,45.34619,17.3
0514710000000000020508,0.21861,45.43506,15.54
0514710000000000020515,0.13924,45.56153,15.54
0514710000000000030107,0.07024,47.59867,15.21
0514710000000000030434,0.13651,44.48998,15.54
0514710000000000030515,0.13439,42.25289,7.645
0514710000000000030601,0.15302,47.50296,15.54
0514720010700700010132,0.04915,42.83566,1.065
0514720011001000010114,-0.01214,37.495,3.01
0517210000000000010406,0.23791,46.83132,13.85
0517210000000000010623,0.15011,46.66897,18.36
0517210000000000020229,0.11663,47.49955,8.085
0517210000000000050518,0.18078,49.43756,10.82
0517210000000000060108,0.25325,50.33308,11.315
0549020030200400010126,0.05303,39.14249,0.78
0565910000000000010119,0.03757,37.27967,2.45
0565910000000000010301,0.02042,39.11173,9.155
0565910000000000010702,0.04257,40.07902,7.32
0566510000000000010204,-0.10196,37.5702,14.99
0566510000000000020116,0.03898,38.75967,8.62
0566510000000000030106,-0.12248,34.32308,4.415
0583720110201800010321,-0.06671,37.59412,1.21
0549010000000000010318,0.15854,,16.6
0549020120600600010109,-0.0632,36.36706,1.425
0583720090700100010702,-0.13962,,2.715
0583720100400800010101,0.0165,,2.035
0505110000000000010127,0.12908,41.56928,11.365
0504520020500200010205,0.08494,42.38277,4.9
0504520020300900010108,0.20408,45.73585,6.03
0504520020300900010124,0.22475,45.23853,5.28
0505110000000000010701,0.0615,41.97603,16.955
0505110000000000010917,-0.0004,39.63126,5.625
0505110000000000011110,0.12771,41.81196,15.375
0505120050401400010113,-0.13709,36.69519,0.725
0514710000000000010518,0.09466,45.33081,18.105
0514710000000000020413,0.15157,48.74371,17.3
0549010000000000010109,0.16699,,8.395
0549010000000000010320,0.09377,,16.6
0549010000000000010331,0.11415,,9.085
0549010000000000010333,0.07391,,16.6
0549010000000000010433,0.13777,,16.6
0549010000000000010710,-0.00684,,5.48
0549010000000000010917,0.12228,,2.85
0549020120600100010418,-0.07422,37.15833,2.44
0549020030300200010101,0.00022,36.94128,3.51
0549020120300300010124,-0.14214,,1.175
0565920010100100010121,-0.17692,36.80969,1.545
0566510000000000010314,-0.14468,36.57897,8.735
0566510000000000010432,-0.09357,36.16197,5.19
0566510000000000010846,-0.06255,37.99574,7.83
0583720090700100010129,0.05496,39.39713,5.175
0583720090700100010717,-0.11097,,2.58
0583720100700200020323,0.06795,39.22965,12.86
0583720090600300010103,0.10313,41.01556,3.02
0583720050200500010116,-0.11179,38.95108,0.755
0583720100400800010305,-0.02853,39.68937,3.415
0583720100400800010306,0.06999,40.1696,3.415
0583720090402400010117,0.028,38.41103,6.965
0583720220103600010101,-0.11587,,0.345
0505120030200900010114,-0.12021,,1.27
0514710000000000010812,0.27109,49.84089,18.105
0517220070300300010102,-0.17055,42.05122,1.355
0549010000000000010715,0.15502,,4.785
0549020030300200010222,-0.1328,36.59264,2.72
0549020050300500010216,0.05876,38.16322,0.82
0549020090200800010112,-0.05108,37.77528,1.29
0549020040400900010106,0.12815,37.4181,0.66
0583720090700100010131,0.0216,40.1884,5.175
0566510000000000010504,0.21104,41.16937,11.325
0583720090700100010215,0.10266,44.06956,5.175
0583720100400800010208,0.15596,42.41353,1.935
0583720070201200010113,-0.09828,38.05556,0.585
0504520010301100010220,0.15886,39.86027,2.67
0514710000000000030641,0.03564,43.48337,4.785
0504520020300900010103,0.06302,43.60984,6.03
0505110000000000010909,0.07677,41.04632,5.625
0505110000000000011018,0.08093,42.19478,23.205
0505120040101000010102,-0.06999,37.62489,1.23
0514710000000000020517,-0.05951,45.61964,15.54
0514710000000000030432,-0.11374,43.87815,15.54
0549010000000000010127,0.09203,,9.085
0549010000000000010316,0.13943,,16.6
0549020120600100010306,-0.02826,37.35828,1.665
0549020030300200010217,0.02917,38.329,5.25
0549020090200800010120,0.01758,37.98378,1.29
0549020040400900010112,-0.1495,35.44932,0.805
0549020090201200010105,-0.02583,37.36854,0.745
0549020090201200010109,-0.03035,,0.745
0549020120301300010102,-0.06318,38.06923,0.76
0566510000000000010547,0.10559,42.93649,11.325
0566510000000000010565,0.07965,40.90277,11.325
0566520040200800010107,0.10936,,1.29
0583720090700100020518,0.1359,,8.505
0583720100700200010119,-0.10729,35.97911,5.7
0583720100700200010509,0.17884,39.91496,12.175
0583720050200500010119,-0.05127,36.51403,0.755
0583720100400800010103,0.09671,39.26212,4.015
0583720100400800010423,0.19052,43.65769,4.015
0583720080301000010124,-0.02299,36.59606,2.78
0583720070201200010114,-0.19371,36.85925,0.585
0583720030802900010120,-0.19433,34.51449,1.305
0583720090103900010105,-0.17275,34.27865,1.62
0514720011001000010102,0.10531,38.91177,4.51
0514710000000000010133,-0.00212,39.07413,5.175
0514710000000000010135,0.06226,45.60596,13.76
0514710000000000010415,0.26873,50.62703,18.105
0514710000000000010708,0.28807,45.59229,17.3
0514710000000000010720,0.18772,44.04051,17.3
0514710000000000020121,-0.16663,41.02923,6.06
0514710000000000020231,-0.06721,41.20014,3.74
0514710000000000020241,-0.03402,42.51266,6.06
0514710000000000020526,0.14759,46.51174,11.755
0514710000000000030313,0.00238,44.71728,20.15
0514710000000000030315,-0.0116,42.5212,20.15
0514710000000000030538,0.18604,47.47562,15.54
0514710000000000030635,0.08126,43.72605,4.935
0514720010700700010103,-0.02394,40.3969,1.41
0514720011001000010116,0.08206,39.11856,4.51
0517210000000000010536,-0.02352,43.2236,7.24
0517210000000000010205,0.17264,43.33982,16.13
0517210000000000010312,0.24925,46.87747,16.13
0517210000000000010317,0.219,47.85673,13.85
0517210000000000010409,0.19748,47.31497,13.85
0517210000000000010620,0.06895,48.04985,15.265
0517210000000000010708,-0.17864,38.41801,5.755
0517210000000000020215,0.09581,48.63775,9.055
0517210000000000020316,0.15168,48.87359,20.63
0517210000000000030107,0.19461,47.6055,15.265
0517210000000000050303,0.19,48.15922,10.82
0517210000000000060202,-0.0711,44.81616,7.56
0517210000000000060304,0.22254,47.95756,7.56
0517210000000000060427,0.17484,47.63969,11.315
0517210000000000060509,0.2012,49.05475,11.315
0517210000000000060629,0.08543,44.85058,8.68
0517210000000000060735,0.06223,42.69723,8.68
0517210000000000060936,0.15436,43.83885,3.075
0565910000000000010123,0.17159,39.64494,3.455
0565910000000000010512,0.04909,37.54969,4.28
0565910000000000010606,-0.00665,39.4672,7.32
0566510000000000030107,-0.18505,34.764,4.415
0549020050300500010207,0.00424,41.96577,0.82
0504520010101600010101,-0.26091,34.41537,1.1
0504520020500200010116,0.11445,41.02069,2.605
0504520020300300010103,-0.17676,37.10193,4.18
0504520020300900010309,0.28356,44.2849,5.28
0505110000000000010513,-0.12152,39.64152,23.205
0505110000000000010545,0.04747,39.1254,13.745
0505120030200900010118,-0.09976,35.50401,0.795
0514710000000000020208,0.0011,46.26906,9.59
0514710000000000030611,0.05839,47.54911,4.785
0514720010601300010104,0.10658,38.88614,1.91
0583720090700100020344,0.12988,40.35247,4.275
0549010000000000010407,0.11428,,11.43
0549010000000000010434,0.14768,,7.4
0549020120600100010406,-0.09436,36.91052,2.44
0566510000000000010409,0.04765,43.41501,10.41
0566510000000000010869,-0.02385,37.00281,8.735
0583720090700100010322,0.05382,42.56905,3.06
0583720090700100010607,0.19029,45.14795,2.385
0583720100700200010107,0.10802,39.00235,5.7
0583720100700200010120,-0.09003,36.30211,5.7
0583720100700200010214,0.13205,41.1181,13.09
0583720090600300010110,0.14088,42.2939,4.665
0583720090600300010213,-0.00456,38.17177,3.02
0583720100400800010414,0.09002,38.78018,4.015
0583720100400800010416,0.22002,42.91598,4.015
0504520020300900010227,0.05994,43.35007,6.03
0505120030101100010123,-0.0674,36.53454,1.02
0505120050401400010104,0.03265,36.20812,1.08
0549010000000000010114,0.10783,,8.395
0549010000000000010908,0.16058,,2.85
0549020120600100010230,-0.06465,36.87292,2.44
0549020120300300010113,-0.07717,,1.18
0549020120101100010104,-0.22223,33.26349,1.5
0565920010100500010105,-0.04978,,1.79
0566510000000000010424,0.01303,38.35122,5.19
0566510000000000011009,-0.01049,38.45888,3.53
0566520040200200010104,-0.00651,38.5939,1.3
0583720090700100010223,0.11915,44.05247,5.175
0583720090700100020112,0.04368,43.15866,7.15
0583720090700100020361,-0.01698,40.70452,3.93
0583720100700200010416,0.19171,42.07686,13.09
0583720100700200020113,0.12864,37.1344,12.175
0583720090600300010101,-0.01745,38.25893,3.02
0583720100400800010207,0.13544,41.89058,1.935
0583720070201200010110,-0.00395,39.24845,0.92
0583720090603100010107,0.04797,35.94322,1.345
0514710000000000010328,0.19459,46.9783,5.215
0514710000000000020522,0.11114,45.44532,15.54
0514710000000000020917,-0.07022,,3.745
0514710000000000030110,0.23844,45.13086,15.21
0514720011001000010145,0.10653,38.20595,3.01
0517210000000000010528,0.11727,45.35987,16.13
0517210000000000010107,0.19001,45.76319,16.13
0517210000000000010410,0.22405,48.78814,13.85
0517210000000000010527,-0.07838,43.15866,7.24
0517210000000000020202,0.20662,47.92338,18.36
0517210000000000020410,0.18789,48.33354,9.055
0517210000000000020508,0.12813,46.25881,8.085
0517210000000000020513,0.05332,43.25437,8.085
0517210000000000050307,0.20824,49.91267,10.82
0517210000000000050407,-0.0404,46.88088,10.82
0517210000000000050429,0.15999,46.20241,8.38
0517210000000000060113,0.26417,48.23784,7.56
0517210000000000060405,0.21552,50.23738,11.315
0517210000000000060423,0.27437,48.18315,10.245
0517210000000000060619,0.18364,48.35918,8.68
0517210000000000061011,0.13583,44.63525,8.68
0549020050300500010110,-0.12318,37.51893,0.85
0565910000000000010307,0.12007,40.16448,9.155
0565910000000000010715,0.01536,36.89343,5.21
0566510000000000011014,-0.037,37.63001,3.53
0583720110201800010109,-0.02754,38.4042,1.21
0583720110201800010215,-0.04281,37.31385,1.21
0583720110201800010222,-0.13912,35.07163,0.725
0583720110201800010319,0.0272,36.58239,0.72
0583720110201800010329,-0.05647,38.34096,0.94
0583720090700100020329,0.04354,36.9071,4.275
0583720090600300010115,0.13961,42.76217,4.665
0583720090402400010104,-0.08055,35.3895,5.3
0583720090700100010512,0.13985,43.14841,5.545
0504520020300900010122,0.20811,44.3413,6.03
0504520020300900010221,-0.01679,39.21939,4.93
0504520020300900010307,0.25709,44.92578,5.28
0504520020300900010316,0.24045,44.58739,5.28
0505110000000000010120,-0.13529,39.14761,24.91
0505120030200900010119,-0.09877,35.65953,0.795
0505120040101000010118,-0.03267,39.56632,1.04
0505120030101100010111,0.00316,39.59025,2.015
0514710000000000010310,0.27158,48.8941,13.76
0514710000000000020608,0.21802,48.18315,11.755
0514710000000000020619,0.17617,45.00439,11.755
0514720010601300010107,0.02544,38.91348,1.91
0583720090602600010116,0.07243,36.99597,2.36
0549010000000000010105,0.06138,,8.395
0549010000000000010107,-0.10121,,5.485
0549010000000000010206,0.16145,,8.395
0549020090200800010106,-0.00469,36.79431,1.29
0549020040400900010110,-0.04124,36.661,0.74
0549020120301400010105,-0.14784,36.15856,0.55
0566510000000000030105,-0.02078,36.22008,4.415
0565920010300300010101,0.03396,37.35828,1.975
0566510000000000010745,0.10389,41.22235,10.41
0566510000000000010805,0.074,40.69427,7.545
0583720090700100010140,0.05616,41.96748,5.175
0583720090700100010120,0.09087,42.98776,5.175
0583720090700100020105,0.14217,43.88328,7.15
0583720090700100020226,0.16586,44.00291,7.15
0583720090700100020336,0.07444,39.52018,4.275
0583720090700100020343,0.07602,39.7714,3.93
0583720100700200020109,0.10329,36.29869,12.175
0583720090600300010116,-0.06371,41.04974,4.665
0583720050200500010125,-0.19017,37.79579,1.17
0583720070201200010111,0.02076,38.98355,0.92
0583720090302500010107,-0.09266,36.6405,3.81
0583720030802900010103,-0.06348,,1.855
0583720010203800010109,-0.17999,,0.505
0514710000000000010413,0.2878,49.85114,13.76
0514710000000000020912,-0.07867,,5.965
0514710000000000030502,0.16565,46.06911,7.645
0514710000000000030527,0.09152,40.1303,7.645
0514710000000000030545,0.03114,40.3593,3.23
0514710000000000030637,0.086,42.92794,4.935
0514720010700700010116,-0.02215,,1.21
0514720010700700010123,0.00181,,1.21
0514720011001000010118,-0.03458,39.06558,4.51
0514720011001000010129,0.07946,40.20207,3.01
0517210000000000010618,0.21535,47.61234,16.13
0517210000000000020428,-0.18106,44.09349,9.055
0517210000000000020432,0.00942,44.40624,8.085
0517210000000000020514,-0.1176,41.19672,8.085
0517210000000000030118,-0.00038,40.27556,5.765
0517210000000000050207,0.27382,48.64629,7.735
0517210000000000050305,0.01979,43.07663,7.735
0517210000000000050325,0.23641,49.88191,10.82
0517210000000000050402,0.22882,47.88236,10.82
0517210000000000050529,-0.06516,46.42287,10.82
0517210000000000060305,0.20265,47.67216,7.56
0517210000000000060620,0.1926,47.4141,8.68
0565910000000000010146,0.00717,37.08142,5.55
0565910000000000010305,0.17052,40.90619,9.155
0565910000000000010617,-0.17348,38.56484,7.32
0565910000000000010713,-0.06826,35.20493,2.045
0583720110201800010219,-0.04993,37.43006,0.94
0514710000000000010731,0.01822,46.89456,17.3
0514710000000000010810,0.21054,49.2735,18.105
0514710000000000010817,0.24135,47.61234,18.105
0514710000000000030106,0.2152,47.57474,15.21
0514710000000000030604,0.1729,47.01419,11.755
0514710000000000030613,0.16996,45.89308,4.935
0517210000000000010401,0.12456,44.54638,13.85
0517210000000000020205,0.22423,49.07867,18.36
0517210000000000020405,-0.02691,48.92144,9.055
0517210000000000060219,0.21241,49.26666,7.56
0517210000000000060303,0.25666,48.84625,11.315
0517210000000000060308,0.29724,50.43221,11.315
0517210000000000060314,0.26039,49.73664,11.315
0517210000000000061002,-0.05876,43.74656,8.68
0549020030200400010132,-0.06534,36.19274,0.675
0566510000000000011020,-0.13973,35.87657,3.53
0583720110201800010221,-0.03214,37.16345,0.94
0514710000000000020428,0.04323,46.751,11.755
0517210000000000010608,0.18745,47.39701,18.36
0517210000000000060815,0.22513,48.73003,10.245
0565910000000000010117,0.02387,38.55801,5.55
0504520020500200010114,0.04477,38.55117,1.575
0504520020300300010105,-0.03545,39.80217,3.275
0504520020300900010107,0.07396,43.02878,6.03
0504520020300900010201,0.10297,40.65496,2.08
0504520020300900010304,0.14298,40.7387,5.28
0505110000000000010308,0.07414,43.09201,23.205
0505110000000000010404,-0.01763,39.51505,14.085
0505110000000000010808,0.06571,40.89251,16.955
0505110000000000010902,0.0607,42.48702,16.955
0505110000000000011022,0.17215,44.39086,12.76
0505120030200900010102,-0.03381,,1.655
0505120030200900010109,0.00729,,1.655
0514710000000000030431,0.05859,44.92236,15.54
0514710000000000030623,0.03084,47.38333,4.785
0517220100400700010104,-0.07748,39.73039,0.65
0549010000000000010103,-0.04043,,8.395
0549010000000000010328,0.03722,,16.6
0549010000000000010711,-0.00496,,5.48
0549010000000000010723,-0.06205,,6.26
0549020120600100010134,-0.03113,36.76696,2.44
0549020120301000010101,-0.11088,36.42516,0.835
0549020090201200010103,-0.02974,,0.745
0583720090600300010331,-0.0004,39.13907,2.62
0566510000000000010217,0.12516,43.28342,15.27
0566510000000000010317,0.09669,39.74064,8.735
0566510000000000010724,0.07279,42.55367,10.41
0566510000000000010818,0.12905,41.72138,9.63
0566510000000000010909,-0.03365,37.39417,10.41
0583720090700100010609,0.08794,45.27783,2.385
0583720090700100010611,0.00335,40.91473,2.385
0583720090700100020101,0.05471,40.8891,1.645
0583720100700200010514,0.14345,39.37149,12.175
0583720090600300010112,0.09062,40.97626,3.02
0583720050200500010114,0.01466,40.02434,1.17
0583720030700600010114,-0.1626,34.30941,0.85
0583720020101300010117,-0.06408,40.34563,1.68
0583720020101300010207,-0.08874,38.08461,1.68
0583720090602600010114,-0.08057,38.3854,2.73
0583720030802900010105,-0.12167,33.40363,1.855
0583720030802900010111,-0.22053,35.13315,1.65
0504520020300900010324,0.13022,38.86221,5.28
0504520010101400010104,-0.11507,32.10137,0.875
0504520020500200010104,-0.07203,38.39561,4.9
0504520020300900010106,0.0259,44.11229,6.03
0505110000000000010609,-0.0769,37.82655,9.675
0549020040400900010132,0.05984,38.04872,0.625
0549020050401800010108,-0.01716,37.3241,0.91
0566510000000000010564,0.09464,41.04462,11.325
0566510000000000010634,-0.0344,42.15547,14.99
0583720100700200020132,0.06626,35.84752,10.28
0583720050200500010124,-0.16424,39.29288,1.17
0583720100400800010304,0.12306,41.38129,3.415
0583720070202000010106,0.10036,35.11948,0.675
0514710000000000010501,0.23833,48.83941,18.105
0514710000000000010504,-0.0023,48.59673,18.105
0514710000000000010717,0.20651,45.95118,17.3
0514710000000000020905,-0.00497,,5.965
0514710000000000030233,0.03587,42.32466,15.21
0514710000000000030420,0.12296,45.35987,4.785
0514710000000000030435,0.1219,45.16162,7.645
0514710000000000030437,0.03712,47.26712,7.645
0514710000000000030610,0.18266,48.14726,4.785
0514720011001000010137,0.1251,38.43496,3.01
0514720011001000010143,-0.0751,37.85048,4.51
0517210000000000010301,0.13352,44.40282,13.85
0517210000000000010414,0.26904,49.8238,13.85
0517210000000000020505,0.14053,46.45363,8.085
0517210000000000030103,0.13224,48.22417,13.85
0517210000000000050211,0.21995,48.87359,7.735
0517210000000000050317,0.21828,47.17825,10.82
0517210000000000050513,0.19996,48.34038,10.82
0517210000000000060934,0.19244,45.35303,3.075
0517210000000000060507,0.22841,49.65632,11.315
0517210000000000060935,-0.05141,42.47164,3.075
0549020030200400010129,-0.00454,37.07971,0.675
0565910000000000010140,0.02669,37.38563,5.55
0566510000000000020122,0.02304,39.37833,8.62
0504520020300900010220,-0.07133,38.64346,4.93
0504520010301100010105,-0.04178,38.3666,4.17
0504520010301100010108,-0.05549,38.74942,3.32
0504520010301100010213,0.10991,41.65131,2.67
0504520010101600010117,-0.25473,34.30941,1.1
0505110000000000010319,0.06423,41.48896,15.375
0505110000000000010344,0.06739,41.47358,24.91
0505110000000000010604,-0.12242,36.83532,9.675
0505110000000000010905,0.1473,42.56051,16.955
0505110000000000011041,0.06332,39.17496,12.76
0505120030200800010107,-0.03806,38.31191,0.73
0514710000000000020716,0.17937,45.67261,11.755
0514710000000000030511,0.1309,46.68948,15.54
0514720010601300010106,0.03733,40.27898,1.91
0517220100400700010112,-0.08665,41.25141,0.6
0549020120600100010308,-0.14512,35.43906,1.665
0549010000000000010613,-0.18416,35.32114,2.43
0549020120600100010215,-0.12313,35.92613,1.665
0549020120300300010125,-0.01164,,1.18
0549020120801600010101,-0.17803,35.27671,0.645
0566510000000000010349,-0.01783,37.45569,4.4
0566510000000000010416,-0.18735,,10.41
0566510000000000010610,0.00259,43.84568,14.99
0566510000000000010847,0.14229,39.37491,7.545
0566510000000000010853,-0.10262,37.23523,7.83
0566520040200200010101,-0.1199,36.32946,1.3
0583720090700100010513,0.14481,42.15718,5.545
0583720090700100020403,0.0706,,4.275
0583720090700100020422,0.14065,41.08734,4.275
0583720100700200010204,0.17044,40.55071,13.09
0583720100700200020507,0.10959,39.30997,12.86
0583720090600300010208,0.06638,41.92305,4.665
0583720090600300010309,-0.03591,39.80558,4.29
0583720090600300010328,-0.12939,37.31043,3.035
0583720050200500010108,-0.01143,40.31487,1.17
0583720100400800010316,0.02578,36.29528,3.415
0583720020101300010211,-0.03159,40.54046,1.68
0583720030802900010106,-0.05199,,1.855
0583720240204300010102,-0.1905,35.40146,0.205
0504520010101600010112,-0.00682,36.45934,1.1
0505110000000000010146,0.0086,39.98161,11.365
0505110000000000011122,0.09181,41.11127,7.945
0566510000000000010870,0.03577,40.03801,9.63
0566520010100400010114,-0.12849,36.55163,0.98
0583720090700100020351,0.0117,42.27681,4.275
0583720050202800010106,-0.03686,36.80798,0.425
0583720030802900010124,-0.23762,33.05841,1.65
0514710000000000010314,0.01107,40.30632,5.585
0514710000000000010319,0.22202,47.23465,5.585
0514710000000000010728,-0.09558,44.31737,17.3
0514710000000000020230,0.0904,42.09224,5.965
0514710000000000030544,0.17188,43.82347,3.23
0514720011001000010119,0.12943,40.226,4.51
0517210000000000010515,0.03227,46.09474,9.055
0517210000000000020226,0.15825,49.7281,18.36
0517210000000000060122,0.20764,49.00177,11.315
0517210000000000060511,0.24869,49.53669,11.315
0517210000000000060612,0.16204,47.54056,8.68
0517210000000000060701,0.13588,48.01909,8.68
0517210000000000060707,0.07519,47.42093,8.68
0517210000000000060803,0.20027,49.07525,10.245
0549020030200400010117,-0.00162,38.26577,0.78
0549020030200400010131,-0.01792,36.19957,0.675
0565910000000000010135,0.14708,39.42618,3.455
0583720110201800010326,-0.04712,38.1017,0.94
0504520030101500010107,0.09305,41.70258,2.66
0504520010101600010115,-0.14647,35.25278,0.915
0505110000000000010113,0.1414,42.4648,16.955
0505110000000000010114,0.041,42.14522,16.955
0505110000000000010521,0.05696,40.33538,23.205
0505110000000000010534,-0.14602,40.98822,23.205
0505110000000000010912,0.11266,42.26998,5.625
0505120040101000010119,0.0146,38.17861,0.955
0514710000000000020419,0.05325,45.64356,20.15
0514710000000000020717,0.10188,44.33275,11.755
0517220060601500010107,-0.13873,40.04826,1.615
0565920010100100010123,-0.18967,35.73814,1.545
0583720100700200010212,0.14957,41.95552,13.09
0583720100700200010301,0.0779,40.05168,13.09
0583720090700100010302,0.12894,42.90231,3.555
0583720090700100020103,0.16864,43.91917,7.15
0583720090700100020404,0.10809,43.65086,4.275
0583720100700200020106,0.00987,39.15445,12.175
0583720100700200020117,0.10346,37.94618,12.86
0583720100700200020317,0.10797,38.67764,10.215
0583720100700200020511,0.00828,37.11902,12.86
0583720050200500010106,-0.0858,37.28992,1.17
0583720100400800010118,0.16996,42.70748,4.015
0583720240400900010107,-0.2353,32.34917,0.27
0583720090402400010122,0.01767,37.01648,6.965
0583720090402400010123,0.06995,37.08826,6.965
0583720050603700010110,-0.14578,35.04428,0.685
0504520010301100010211,0.15231,40.92157,2.67
0505110000000000010805,0.1227,43.02536,16.955
0505110000000000010911,0.06372,40.41399,5.625
0505120060400100010106,-0.01586,37.97523,0.875
0505120060400100010110,-0.09728,37.57191,0.875
0549010000000000010411,0.1375,,16.6
0549010000000000010430,0.10942,,16.6
0549010000000000010812,0.18038,,5.48
0549020120600100010304,-0.13547,36.19786,1.665
0549020090200800010103,-0.1316,35.0853,0.975
0549020090200800010119,0.05166,38.55117,1.29
0565920020300400010104,0.08693,36.69177,0.58
0566510000000000010544,0.18082,41.72138,11.325
0566510000000000011017,-0.06111,,3.36
0566520040200800010109,-0.06005,,1.29
0583720090700100010106,0.18485,43.28,5.175
0583720090700100010419,0.08256,39.93718,3.06
0583720090700100020109,0.15965,44.10887,7.15
0583720090700100020224,0.14033,43.40647,7.15
0583720100700200020517,0.06638,38.32045,6.21
0583720100400800010115,0.07242,42.52975,4.015
0583720230401400010102,-0.17321,37.02673,0.285
0514710000000000010417,0.063,49.41364,18.105
0514710000000000010822,0.23358,48.54717,18.105
0514710000000000020221,0.07056,41.2121,3.595
0514710000000000030213,0.16237,49.02398,15.21
0514710000000000030429,0.07954,45.18555,15.54
0517210000000000010127,0.08675,38.47597,5.28
0517210000000000010302,0.17159,45.17529,13.85
0517210000000000010402,0.12127,44.36693,13.85
0517210000000000010407,0.20924,45.60255,13.85
0517210000000000050104,0.21,47.14407,12.825
0517210000000000050205,0.23025,48.22417,7.735
0517210000000000050212,-0.12505,44.78735,7.735
0517210000000000050410,0.28836,48.0977,10.82
0517210000000000050423,0.26981,47.39017,10.82
0517210000000000060120,0.23859,50.34334,11.315
0549020050300500010217,-0.03136,37.83168,0.82
0565910000000000010232,-0.08662,36.57555,4.275
0566510000000000020121,0.0421,39.37833,8.62
0583720110201800010117,0.01682,38.64687,1.21
0517220070300300010111,-0.00647,41.60688,1.355
0504520020500200010204,-0.01713,41.73847,4.9
0504520020500200010117,0.10322,40.03459,2.605
0504520010301100010104,0.04344,38.33925,4.17
0504520010301100010214,0.06585,41.18646,2.67
0504520010101600010104,-0.1924,34.35726,1.1
0505120020500300010121,-0.01458,36.67468,0.98
0505120040101000010104,-0.03654,38.00087,1.23
0505120030101100010106,-0.06912,39.46036,1.02
0514710000000000020711,0.19883,45.70167,11.755
0514710000000000030556,-0.06107,39.74406,7.645
0517220070300300010106,-0.00291,43.19284,1.355
0549020090200800010115,0.01211,38.28456,1.29
0549010000000000010724,-0.15555,,4.785
0549010000000000010809,0.08114,,5.48
0549020030300200010105,-0.05564,36.64391,3.51
0549020090200800010107,0.01927,37.04041,1.3
0549020120301000010113,-0.11062,,0.59
0549020090501500010105,-0.02873,38.85537,2.03
0565910000000000010508,0.07461,37.79237,4.28
0565920010300300010111,0.10184,40.2824,2.815
0565920010300300010136,-0.04696,38.08803,2.815
0565920010100500010102,-0.04572,,1.66
0565920010200600010107,-0.02676,,1.07
0566510000000000010159,0.00122,41.91792,15.27
0566510000000000010208,0.0592,42.58272,14.99
0566510000000000010408,0.04194,43.5842,10.41
0566520010100400010102,-0.11273,36.23717,0.6
0566520040200800010116,0.08519,,1.29
0583720090700100010705,0.14968,41.91792,2.385
0583720090700100010713,-0.25249,35.61167,2.58
0583720090700100020107,0.13891,43.24069,7.15
0583720090700100020307,0.06867,42.5024,4.275
0583720090700100020438,0.04644,37.66419,4.275
0583720100700200020104,0.13482,37.82313,12.175
0583720030700600010108,-0.05953,35.53306,0.87
0583720100400800010203,0.11952,40.24309,1.935
0583720100400800010410,0.09708,39.87053,4.015
0583720080301000010114,-0.10347,37.06604,2.78
0583720070201200010116,-0.03322,38.55459,0.92
0583720070202000010103,-0.13234,34.07356,0.49
0505110000000000010140,-0.2506,36.59264,17.165
0505120060600500010102,-0.04256,37.90687,0.74
0505120030101100010105,-0.01923,39.53556,2.015
0514710000000000030609,0.18031,47.76786,4.785
0517220060601500010109,0.01522,42.50924,1.615
0549010000000000010219,0.12201,,10.79
0549010000000000010605,-0.25103,,1.815
0549020120600100010126,-0.03132,37.18738,2.44
0565920010300300010118,-0.00699,39.57145,2.815
0566510000000000010559,0.05237,40.17131,7.83
0583720090700100010103,0.10683,43.56113,3.555
0583720090700100020338,0.08598,40.31316,3.93
0583720100700200020133,0.06348,35.28012,10.28
0583720090600300010322,0.01141,40.43963,4.29
0583720090603100010106,0.10754,35.94322,1.345
0504520020300300010101,-0.17781,36.99597,4.685
0504520020300900010214,0.19815,43.82176,6.03
0505110000000000010311,0.14882,43.27487,23.205
0505110000000000010411,0.10289,42.89376,23.205
0505110000000000011123,0.07765,41.68549,7.945
0505120050401400010101,-0.11847,35.83043,0.725
0514710000000000020607,0.02112,48.08915,11.755
0514720010601300010105,0.16235,39.74748,1.91
0549020120600100010405,0.0343,38.03676,2.44
0549010000000000010722,0.2103,,6.26
0549020030300200010210,-0.11752,36.00475,1.82
0549020120300300010103,-0.09394,,1.175
0565910000000000010415,0.07028,38.70327,4.28
0565920010300300010108,-0.00687,38.02479,2.725
0565920020300400010101,-0.09254,36.23033,0.6
0565920010100500010104,-0.12878,,1.79
0565920010200600010110,-0.04674,,1.07
0566510000000000010661,0.14925,42.12984,8.705
0566510000000000010852,0.09615,37.93251,7.83
0566520040200800010110,0.00416,,1.29
0583720090700100010307,0.12323,44.31053,5.545
0583720090700100020111,0.00388,43.59275,7.15
0583720090700100020209,0.15656,43.5637,3.93
0583720100700200020306,0.15668,42.4067,10.215
0583720100700200020513,0.1521,39.36124,12.86
0583720050202800010104,-0.11949,36.36706,0.425
0583720090103900010101,-0.14808,34.27523,1.605
0549020120600100010207,-0.06544,36.46618,2.44
0549020120600100010209,-0.03051,37.49158,2.44
0504520020500200010212,0.06901,40.88568,2.605
0504520020300900010123,0.20921,44.50194,5.28
0504520020300900010128,-0.05164,41.47187,4.845
0504520010101600010102,-0.16091,34.24788,1.1
0505110000000000010232,0.1309,41.28046,24.91
0505110000000000010540,0.00329,37.62489,7.505
0505110000000000011004,0.0337,41.6103,23.205
0505110000000000011024,0.11098,42.55025,12.76
0505110000000000011120,0.09044,40.36956,6.665
0505120030200900010111,0.00574,,1.27
0514710000000000010134,-0.06323,39.16983,5.175
0514710000000000020727,-0.04985,41.34198,4.935
0583720100700200010314,0.10218,39.48087,13.09
0583720090600300010210,0.01036,40.59856,4.665
0583720020101300010205,-0.04061,39.10147,1.68
0583720010203800010108,-0.15633,,0.505
0583720090103900010104,-0.2571,33.0755,1.62
0514710000000000020913,-0.09477,,5.965
0514720011001000010133,-0.00891,38.5751,3.01
0514710000000000020245,0.08057,43.1467,9.59
0514710000000000010315,-0.0698,39.87394,5.585
0514710000000000010411,0.29035,50.67318,13.76
0514710000000000010520,0.19442,46.06398,12.58
0514710000000000010610,-0.03388,45.98024,12.58
0514710000000000020223,0.18119,41.96577,5.965
0514710000000000020424,-0.01975,46.37673,20.15
0514710000000000030201,0.0441,44.45751,15.21
0514720010700700010107,0.04948,,1.21
0514720010700700010120,-0.09505,39.06729,1.21
0514720011001000010134,0.07768,38.73574,3.01
0517210000000000010506,0.27475,47.27567,13.85
0517210000000000020328,0.12189,49.05304,20.63
0517210000000000020331,0.1361,49.02057,10.82
0517210000000000040104,0.08991,45.47266,15.265
0517210000000000060201,0.22151,46.66213,7.56
0549020030200400010103,-0.05504,36.24572,0.78
0549020030200400010112,0.01938,37.72743,0.78
0565910000000000010127,-0.0714,37.42664,1.795
0566510000000000020120,0.12701,,8.62
0504520020300900010312,0.14979,39.22452,5.28
0504520010301100010219,0.14417,40.96258,2.67
0505110000000000010530,-0.19103,35.72789,3.4
0514710000000000010707,0.20586,45.46582,17.3
0514710000000000010128,0.05881,42.82028,13.76
0514710000000000030618,0.13176,45.59742,4.785
0517220070300300010104,0.20526,44.07811,1.355
0517220100400700010114,-0.11732,39.53214,0.78
0549010000000000010701,0.03051,,5.48
0549020120600100010421,0.0616,38.25209,1.78
0549020120300300010140,-0.08346,,0.995
0549020120100700010105,-0.05543,39.43986,1.54
0549020090501500010120,0.10787,41.14716,1.44
0566510000000000010115,0.04204,40.98651,15.27
0566510000000000010205,0.09548,41.25995,14.99
0566510000000000010657,-0.00201,40.30461,8.705
0566510000000000010801,0.0986,39.59025,7.545
0566520020300300010105,-0.05089,38.74942,0.845
0583720090700100010225,0.02917,43.63035,3.555
0583720090700100020210,0.17019,,8.505
0583720090700100020221,-0.01826,,8.505
0583720090700100020372,0.09083,40.74554,4.275
0583720090700100020423,0.04981,38.37856,4.275
0583720100700200020403,0.10804,40.55413,12.86
0583720090600300010120,-0.00879,40.18157,4.665
0583720030700600010105,-0.23851,33.9847,0.87
0583720090402400010101,0.04427,39.02969,6.965
0583720090602600010108,-0.13119,38.01112,2.73
0583720030803200010109,-0.15568,33.54719,1.305
0583720010203800010102,-0.09512,38.24355,0.96
0505110000000000010331,0.07746,41.27191,15.375
0504520030101500010124,-0.04223,35.99791,3.555
0504520010101400010115,-0.05221,32.86529,0.9
0505110000000000011106,-0.01057,39.16983,15.375
0505120030101100010137,0.10888,37.81971,0.79
0514710000000000010715,-0.09572,45.76319,17.3
0549010000000000010428,0.10235,,16.6
0549020120600100010314,-0.04034,36.0526,1.665
0549010000000000010123,-0.10401,,6.215
0549020030300200010220,0.0229,38.13075,5.25
0565910000000000010219,0.08629,39.22452,9.155
0566510000000000010426,-0.01204,40.09953,5.19
0583720090700100010222,-0.03767,42.9382,5.175
0583720090600300010207,0.14058,42.27681,4.665
0583720090600300010217,-0.13557,39.66544,4.665
0583720090600300010316,-0.03393,40.21404,4.29
0583720090600300010320,-0.03584,37.91713,4.29
0583720020101300010104,-0.02763,37.54285,1.125
0583720090302300010111,-0.03209,35.54331,3.815
0583720090102700010102,-0.09088,35.87486,3.025
0514710000000000010711,0.19461,45.16504,17.3
0514710000000000010732,0.02082,45.4419,17.3
0514710000000000030506,0.1999,46.3528,7.645
0514710000000000030517,0.22305,47.78324,7.645
0514710000000000030532,0.01701,41.20868,7.645
0514720010700700010106,0.08328,40.2636,1.21
0517210000000000010604,0.20026,45.77345,16.13
0517210000000000010612,0.23574,46.59719,18.36
0517210000000000020301,0.18268,49.63581,18.36
0517210000000000020418,0.17882,47.11673,9.055
0517210000000000020509,0.10832,45.13086,8.085
0517210000000000040113,0.25196,46.26735,15.265
0517210000000000050126,0.03823,47.07571,20.63
0517210000000000060111,0.29239,50.27498,11.315
0517210000000000060123,0.19234,48.34892,7.56
0517210000000000060126,0.09032,47.42777,7.56
0517210000000000060435,0.09201,48.4395,11.315
0517210000000000060909,0.18367,48.28227,10.245
0549020030200400010110,0.03747,39.1647,0.78
0565910000000000010228,0.05947,38.03847,3.875
0565910000000000010501,0.06313,36.06969,2.16
0566510000000000020117,0.0635,38.58022,8.62
0583720110201800010315,-0.07661,37.34974,1.21
0514710000000000020618,0.06699,45.80763,11.755
0549020090501500010114,0.04837,39.52189,2.26
0505110000000000010810,0.1286,42.75875,16.955
0505110000000000010812,0.094,41.51801,5.625
0505110000000000011029,0.13595,44.9497,12.76
0505120030200800010108,-0.1004,37.07117,0.73
0514720010601300010101,-0.05055,37.97694,1.91
0549010000000000010126,0.10028,,9.085
0566510000000000010841,-0.16227,33.70784,9.63
0566520040200800010104,0.02099,,0.795
0583720090700100010142,-0.07913,38.72891,1.645
0583720090700100020312,0.10822,42.68014,4.275
0583720090700100020369,0.07335,36.6029,2.44
0583720050200500010118,-0.0788,38.70156,0.755
0583720050200500010126,-0.09901,37.08313,1.17
0583720030700600010104,-0.13676,34.59823,0.87
0504520020300900010313,0.08687,37.93934,5.28
0504520010101400010111,-0.06121,33.0379,0.9
0505110000000000010315,-0.0443,40.97284,24.91
0505110000000000010323,-0.05897,40.37981,15.375
0505120030200900010101,-0.07912,,0.83
0505120030101100010120,-0.01904,37.80604,1.27
0514710000000000010607,0.23207,49.70759,12.58
0514710000000000020701,0.19172,45.52906,11.755
0517220100400700010110,0.05637,41.54877,0.65
0549010000000000010232,0.10023,,10.79
0549010000000000010410,0.11913,,16.6
0549010000000000010914,0.14066,,5.48
0549020120600100010313,-0.16803,35.53989,1.665
0549020120600600010116,-0.1543,34.38802,0.945
0549020120301000010108,-0.12276,,0.59
0566510000000000010122,0.10117,41.99653,15.27
0566510000000000010345,-0.23593,34.02913,8.735
0583720090600300010340,-0.13331,39.56974,2.13
0583720090700100020116,-0.00669,40.60882,2.385
0583720090700100020218,0.13825,45.67603,8.505
0583720100700200010209,0.19732,40.76263,13.09
0583720100700200010401,0.13217,40.93695,13.09
0583720100700200020311,0.15914,39.52531,10.215
0583720070201200010112,0.03081,39.10831,0.92
0583720020101300010108,0.06918,38.02992,1.68
0583720020101300010209,0.01684,39.95939,1.68
0583720090302500010104,-0.12278,35.77916,5.395
0583720090602600010107,-0.09778,37.58045,2.73
0583720030803200010102,-0.14213,33.82063,0.65
0583720030803200010114,-0.29924,31.80571,1.315
0583720050603700010108,-0.04899,36.03551,0.685
0514710000000000010506,0.25906,48.64117,12.58
0514710000000000010527,0.24196,49.13336,12.58
0514710000000000010705,0.2293,46.65017,17.3
0514710000000000020216,0.01887,45.51368,9.59
0514710000000000020318,-0.08512,41.63764,9.59
0514710000000000020503,0.17658,46.33571,15.54
0514710000000000030425,0.14491,45.31543,15.54
0514720011001000010122,0.13357,41.08905,3.01
0517210000000000010324,0.0534,43.61668,16.13
0517210000000000010537,0.0274,43.14499,7.24
0517210000000000020213,0.17274,48.37798,9.055
0517210000000000020408,0.15235,47.97978,9.055
0517210000000000050201,0.21163,48.59502,12.825
0517210000000000050701,0.16147,46.42116,8.38
0517210000000000060622,0.12509,44.74462,6.08
0517210000000000060818,0.18817,48.32671,10.245
0517210000000000061009,-0.0055,43.75511,8.68
0566510000000000011003,-0.17615,36.76918,3.53
0583720110201800010111,-0.06345,37.64881,1.21
0583720110201800010316,-0.05604,36.90027,0.84
0504520020500200010216,0.03923,38.36831,2.605
0504520010101400010101,-0.06744,33.25324,0.9
0505110000000000010228,0.05792,39.71501,17.165
0514710000000000010605,0.23168,46.72024,17.3
0514710000000000030616,0.11528,43.99949,4.785
0517220060501400010102,-0.12493,38.77163,1.11
0517220060501400010103,-0.06421,38.96133,1.11
0549010000000000010334,0.10412,,9.085
0549010000000000010822,0.13088,,5.48
0549020040400900010123,-0.01541,,0.74
0583720090700100010311,0.15381,45.16162,5.545
0583720090700100020206,0.16775,43.58079,3.93
0583720090700100020371,0.09617,40.57464,3.93
0583720100700200020218,0.12419,41.62055,10.215
0583720090600300010114,0.01521,41.53168,4.665
0583720030700600010107,-0.16582,34.59652,0.87
0583720100400800010405,0.12366,43.47483,4.015
0583720070201200010115,-0.10161,38.03847,0.92
0504520010101600010107,-0.32835,33.20197,1.1
0505110000000000010218,0.10827,41.75727,24.91
0505110000000000010705,0.13212,42.77242,16.955
0505110000000000010908,0.06185,42.33834,16.955
0505120030200900010113,-0.01565,,1.27
0514710000000000030221,0.19044,48.37456,7.645
0549010000000000010326,0.12428,,11.43
0549020120300300010104,-0.06008,,1.175
0565920010300300010104,0.0545,39.31681,2.815
0566510000000000011011,-0.0478,37.02673,3.53
0566520040200200010110,-0.11395,36.23375,1.685
0583720090700100010121,0.08733,43.3945,5.175
0583720090700100010507,0.10867,43.11423,5.545
0583720090700100020207,0.17636,44.33446,8.505
0583720090700100020216,0.13411,,8.505
0583720090700100020328,0.06222,38.13588,4.275
0583720090700100020357,0.08428,39.89787,4.275
0583720090700100020363,0.05026,41.75385,3.93
0583720090700100020434,0.09094,36.95154,6.285
0583720090700100020528,-0.11429,,8.505
0583720100400800010110,-0.05419,39.14591,4.015
0583720050604200010105,-0.12839,38.09316,0.375
0514710000000000010337,-0.11175,38.97159,5.215
0514720010700700010114,-0.05217,38.55801,1.21
0514710000000000020236,0.03152,40.44134,5.965
0514710000000000030210,0.1762,47.35599,15.21
0514710000000000030309,0.1862,42.97238,20.15
0514720010700700010122,0.07775,39.27921,1.21
0514720011001000010108,-0.04267,38.50674,4.51
0514720011001000010131,0.09348,39.14591,3.01
0517210000000000010215,0.07789,42.54684,5.755
0517210000000000010316,0.26306,48.27885,13.85
0517210000000000050810,0.19031,46.38185,7.56
0517210000000000050427,0.24264,45.27612,10.82
0517210000000000060101,0.22552,49.38971,20.63
0517210000000000060312,0.18664,48.07805,7.56
0517210000000000060821,0.17754,48.85308,10.245
0565910000000000010122,0.17357,39.54752,3.455
0583720110201800010105,-0.06253,37.34803,0.84
0583720110201800010312,-0.1268,36.98913,0.94
0583720110201800010330,-0.10561,38.17861,0.94
0583720100700200020408,0.15562,40.59856,12.86
0514710000000000030439,0.06365,44.8164,15.54
0517220100400700010116,-0.16156,37.30359,0.65
0549020120600100010408,0.01853,38.7853,1.515
0549020120100700010111,-0.0942,37.36854,1.09
0565920010200600010101,-0.04136,,1.07
0566510000000000010354,0.00341,35.91759,2.45
0566520010100400010108,-0.09665,37.49842,0.835
0583720090700100010205,0.07671,42.99801,5.175
0583720090302300010102,-0.11827,35.82017,3.135
0583720090700100010412,0.02811,42.58956,3.06
0583720100400800010312,0.05456,39.93205,4.015
0504520010101600010119,-0.27365,33.85139,0.915
0504520020500200010209,0.14413,40.94037,2.605
0504520020300900010218,0.01168,40.60882,6.03
0505110000000000010133,0.11563,41.39496,16.955
0505120050401400010110,-0.0744,37.06091,1.08
0514710000000000020120,0.17451,45.86915,12.58
0514710000000000020211,0.21173,43.1467,9.59
0514710000000000020704,0.17749,46.1443,11.755
0517220100400700010115,-0.20317,38.26406,0.65
0583720100700200020508,0.10492,39.34415,12.86
0549010000000000010832,0.14324,,5.48
0549020120600100010420,0.0997,38.75625,1.78
0549020120600100010425,-0.08905,34.85629,1.515
0549020030300200010125,0.016,37.29847,3.51
0549020120300300010135,-0.0772,,1.175
0565910000000000010142,0.07445,38.15468,5.55
0565910000000000010514,0.13315,38.5375,4.28
0566510000000000010154,0.03134,39.89787,15.27
0566510000000000010203,0.05597,40.74212,14.99
0566510000000000010741,0.09297,41.6291,10.41
0583720090700100010113,0.15353,43.82517,5.175
0583720090700100010130,0.01271,40.42254,5.175
0583720090700100010405,0.16394,44.24217,5.545
0583720090700100020118,-0.19342,41.50434,6.515
0583720090700100020319,0.06511,,8.505
0583720100700200010103,-0.07671,35.48862,5.7
0583720100400800010406,0.18961,43.39792,4.015
0583720090602600010118,-0.09803,37.41981,2.36
0583720090603100010113,-0.20743,34.47689,1.585
0583720050604200010102,-0.11984,35.49888,0.5
0514710000000000010130,0.03832,41.64448,15.21
0514710000000000010404,0.23912,48.83428,13.76
0514710000000000010721,0.22551,45.44873,17.3
0514710000000000020225,0.13651,40.86517,5.965
0514710000000000020243,-0.01116,43.05954,6.06
0514710000000000020906,-0.03643,,5.965
0514710000000000030119,0.1555,47.70121,15.21
0514710000000000030427,-0.04683,45.47266,15.54
0514710000000000030503,0.06039,42.61178,3.23
0514710000000000030628,0.02685,45.0249,4.785
0514720011001000010103,0.00818,38.00087,4.51
0517210000000000010105,0.19294,43.49704,5.28
0517210000000000020108,0.19172,49.39826,18.36
0517210000000000020222,0.13862,48.9129,9.055
0517210000000000020232,0.02451,47.69779,9.055
0517210000000000020315,0.11835,48.70611,20.63
0517210000000000020404,0.0508,48.92144,9.055
0517210000000000020501,0.09429,46.37502,8.085
0517210000000000030113,0.18893,49.35211,15.265
0517210000000000050208,0.25181,48.5523,7.735
0517210000000000050304,0.10659,47.89262,7.735
0517210000000000050602,0.12207,48.17631,20.63
0517210000000000050804,0.25021,44.77538,7.56
0517210000000000060212,0.18588,46.92874,7.56
0517210000000000060712,0.20595,47.61234,8.68
0517210000000000060721,-0.01059,43.13132,8.68
0565910000000000010523,-0.04295,38.28627,4.28
0583720110201800010313,0.02223,36.09703,0.84
0583720110201800010314,-0.07487,36.15514,0.84
0504520020500200010111,0.12813,41.52827,2.605
0504520020300900010105,0.15938,44.51903,6.03
0505110000000000010603,0.10952,39.05533,9.675
0505110000000000011121,-0.02711,38.36318,7.945
0505120020500300010111,-0.04061,37.1532,1.555
0505120020500300010114,0.01137,,1.575
0505120060600500010103,0.00576,39.84489,0.74
0505120050401400010106,0.10436,36.67468,1.08
0514710000000000020113,0.13089,46.0298,17.3
0514710000000000020622,0.18765,46.26222,11.755
0514710000000000030508,0.1719,45.917,7.645
0549010000000000010124,-0.00387,,9.085
0549010000000000010705,0.23259,,5.48
0549020120600100010414,0.0687,38.54092,1.515
0583720090700100020373,0.0208,38.8417,4.275
0566510000000000010161,0.08318,42.07515,15.27
0583720090700100010203,0.1139,44.74291,3.555
0583720090700100020337,0.09458,39.66544,3.93
0583720090600300010102,0.00637,38.4042,3.02
0583720090600300010109,0.12357,41.65131,3.02
0583720100400800010311,0.06835,38.54433,3.415
0583720090102700010108,-0.15015,34.69906,3.025
0583720010203800010103,-0.14653,37.23181,0.96
0504520050300100010106,0.09359,37.16004,2.185
0504520020500200010107,0.05796,39.43302,2.605
0504520020500200010214,0.04696,40.40032,2.605
0505110000000000010542,-0.02197,39.21597,7.505
0514710000000000010308,0.28366,45.37354,13.76
0514710000000000020309,0.16083,46.90139,11.755
0514710000000000020512,0.14376,47.4346,15.54
0514710000000000020614,0.08989,49.60334,11.755
0549010000000000010207,0.12255,,8.395
0549010000000000010327,0.10712,,11.43
0549010000000000010805,0.15083,,5.48
0549020090501500010117,0.02863,40.5678,2.26
0565920020500200010106,-0.016,37.11218,0.53
0565920010100500010119,-0.06201,,1.295
0566510000000000010545,0.13592,42.4067,11.325
0566510000000000010742,0.0442,41.37958,10.41
0566510000000000010838,-0.04388,40.19182,9.63
0583720090700100010505,0.13113,44.3618,5.545
0583720090700100020318,0.11214,42.57418,3.93
0583720090700100020370,-0.02809,36.91736,2.7
0583720100700200010116,0.13096,40.15764,5.7
0583720100700200010404,0.17586,42.12471,13.09
0583720090600300010113,0.01607,40.94891,3.02
0583720090402400010128,0.05348,35.91246,6.965
0583720090602600010104,0.02094,38.25893,2.73
0583720090602600010112,0.05023,37.65565,2.73
0583720090103900010110,0.04572,37.27112,1.62
0583720240204300010103,-0.12101,34.95541,0.205
0514710000000000010511,0.2634,48.58306,18.105
0514710000000000010523,0.19588,46.82107,5.585
0514710000000000010609,0.11934,46.27248,12.58
0514710000000000010727,-0.17128,41.6479,20.15
0514710000000000030408,0.03836,45.81446,15.54
0514710000000000030428,0.03121,45.1958,15.54
0517210000000000010211,0.18725,44.02,16.13
0517210000000000010512,-0.00202,42.9946,16.13
0517210000000000020105,0.24387,48.61382,18.36
0517210000000000020113,0.21191,50.43563,9.055
0517210000000000020214,0.24055,48.95562,9.055
0517210000000000020305,0.23546,50.03914,20.63
0517210000000000020425,0.01787,47.56278,9.055
0517210000000000050120,0.22685,49.49738,20.63
0517210000000000050515,0.19489,49.43927,10.82
0517210000000000050702,0.12569,45.1206,8.38
0517210000000000050705,0.15211,46.02296,8.38
0517210000000000060223,0.15464,45.94264,7.56
0517210000000000060510,0.23206,50.2784,11.315
0517210000000000060709,0.1352,47.52689,8.68
0583720110201800010304,0.04598,38.93741,1.21
0504520020300900010203,-0.0512,38.67764,1.44
0504520020300900010224,0.00617,39.72697,2.615
0504520010301100010110,0.16004,40.67718,3.32
0504520030101500010119,-0.02956,38.19911,2.66
0505110000000000010803,0.15038,43.56541,16.955
0505120060400100010105,-0.04461,37.10535,0.875
0505120030200900010112,-0.22794,,1.655
0514710000000000020305,0.08061,44.27464,6.08
0514710000000000020406,0.2397,46.45021,17.3
0514710000000000020722,0.07685,45.72388,11.755
0549010000000000010502,0.09425,,4.695
0549020120600100010219,-0.05678,39.52189,1.665
0549020090201200010102,-0.16253,37.36854,0.745
0565920010100100010101,-0.0273,36.96692,1.37
0565920010100100010109,-0.25089,,1.37
0565920010300300010137,0.03161,38.28115,2.815
0566510000000000010129,0.02903,42.50753,15.27
0566510000000000010546,0.11462,42.6152,11.325
0566520010100400010104,-0.12374,36.52087,0.6
0566520010100400010110,-0.07692,37.25916,0.98
0583720090700100020113,0.13428,42.52633,7.15
0583720090700100020326,0.00618,38.1581,4.275
0583720100700200010517,0.11732,40.47552,12.175
0583720100700200020125,0.11229,37.78041,12.86
0583720100700200020419,0.02883,38.48965,12.86
0583720090600300010347,-0.00589,40.58489,2.13
0583720100400800010119,0.20606,42.93478,4.015
0583720240400900010106,-0.20252,32.28936,0.27
0583720080301000010112,0.03493,38.8605,2.685
0583720090402400010115,0.12493,40.43792,6.965
0504520020300900010207,0.00883,40.03972,2.615
0505110000000000010216,0.05403,42.73141,24.91
0505120040101000010121,-0.11665,37.92909,1.23
0505120030101100010110,0.0338,39.31681,2.015
0514710000000000020410,0.14988,45.20264,17.3
0549010000000000010813,0.14635,,5.48
0549010000000000010901,0.11506,,2.06
0549020120600100010119,0.06348,37.52064,1.255
0549020120600100010211,-0.05448,35.60484,1.665
0549020120600600010106,-0.11601,,1.425
0549020040400900010128,-0.08027,36.02525,0.625
0566510000000000010728,0.03797,42.34859,10.41
0583720090602600010113,0.04484,36.91736,2.36
0514720011001000010144,0.01923,40.18669,4.51
0514710000000000020420,0.12331,46.28786,20.15
0514710000000000020910,0.07659,,5.965
0514710000000000030206,0.18624,47.84477,15.21
0514710000000000030207,0.2577,48.231,15.21
0514710000000000030513,0.20258,45.25391,3.23
0517210000000000010532,0.01437,43.56199,16.13
0517210000000000050102,0.16585,47.44144,12.825
0517210000000000050408,0.25573,47.79691,10.82
0517210000000000050502,0.24865,49.42389,10.82
0517210000000000050609,0.18882,49.09234,20.63
0517210000000000060432,0.25893,49.77082,11.315
0517210000000000060505,0.26025,49.93318,11.315
0517210000000000060811,0.19531,49.00689,10.245
0565910000000000010220,0.12676,39.53214,9.155
0565910000000000010226,-0.09543,36.87634,4.275
0565910000000000010230,0.01316,38.1769,3.875
0565910000000000010503,-0.16238,35.68003,2.16
0565910000000000010804,0.09319,36.96179,4.275
0583720110201800010120,-0.03166,39.07413,1.21
0583720110201800010125,-0.06683,37.42664,0.84
0505110000000000010219,-0.04573,41.49921,24.91
0505110000000000010306,0.10946,43.45261,23.205
0505110000000000010348,-0.04066,40.76605,15.375
0514710000000000010216,0.13335,41.82563,5.215
0549010000000000010808,0.16117,,5.48
0549010000000000010616,-0.09155,,2.6
0549020030300200010102,0.02494,38.9545,3.51
0565920010100100010130,-0.04016,37.92225,1.545
0566510000000000010506,0.07863,42.02388,11.325
0583720090700100020401,0.08439,,8.505
0583720090700100020201,0.03333,40.26702,1.645
0583720100700200010512,0.14916,40.43108,12.175
0583720090302500010108,-0.20786,35.29378,4.75
0504520020500200010206,0.11649,42.41695,4.9
0504520020500200010217,0.06554,41.93501,4.9
0505110000000000010122,0.09442,42.03755,11.365
0505110000000000010204,0.0144,41.71967,17.165
0505120060400100010104,-0.11726,37.00281,0.875
0505120030200900010107,0.01468,,1.27
0514710000000000020708,0.17538,46.24513,11.755
0517220070300300010103,0.14363,44.03026,1.355
0549010000000000010231,0.10881,,16.6
0549020030300200010107,0.01087,39.11514,3.51
0549020120300300010107,-0.02312,,0.995
0549020040400900010103,-0.19941,36.16197,0.66
0549020120301000010114,0.01872,,0.67
0549020120301400010103,-0.14527,35.20835,0.53
0565920010300300010103,0.02774,37.33777,1.975
0565920010300300010130,-0.21946,37.04895,2.815
0566510000000000010111,0.12559,42.91085,15.27
0566510000000000010405,-0.01361,40.00725,10.41
0566510000000000010428,-0.03973,38.91348,5.19
0566510000000000010802,0.11571,43.42868,9.63
0566510000000000010903,0.04502,39.9423,7.385
0566510000000000020119,-0.06377,,8.62
0566520040200200010113,0.03639,38.81948,1.685
0566520040200200010115,-0.10673,36.74987,0.615
0583720090700100020309,0.08965,42.02046,3.93
0583720090700100020355,0.06787,39.80729,4.275
0583720100700200010106,-0.08479,36.6593,5.7
0583720100700200020102,0.10609,37.33777,12.175
0583720100700200020105,0.17356,40.3012,12.175
0583720100700200020303,0.13964,41.99312,10.215
0583720090600300010321,0.04905,39.86027,4.29
0583720100400800010213,0.05194,40.48064,3.415
0583720230401400010104,-0.07297,40.70794,0.24
0583720090302300010106,-0.13007,34.91611,3.815
0583720010203800010105,-0.1246,37.3429,1.12
0514710000000000020407,0.16385,48.59673,17.3
0514720010700700010105,0.09106,40.54046,0.895
0514720011001000010120,0.14033,39.01944,3.01
0517210000000000010531,-0.09769,42.73995,7.24
0517210000000000020227,0.10623,47.32523,9.055
0517210000000000020318,0.1897,49.12994,20.63
0517210000000000030105,-0.03209,44.35326,5.765
0517210000000000040101,-0.19636,40.03117,7.93
0517210000000000050813,0.16046,45.61964,7.56
0517210000000000060110,0.27215,50.07332,11.315
0517210000000000060203,0.2079,46.47243,7.56
0517210000000000060210,0.23919,48.16264,7.56
0517210000000000060504,0.23166,49.05475,11.315
0517210000000000060602,0.20786,48.97271,7.56
0517210000000000060616,0.1948,48.51128,8.68
0517210000000000060902,0.19385,49.1607,10.245
0517210000000000060928,-0.01742,40.45501,4.28
0549020030200400010127,0.09683,38.24355,0.78
0583720110201800010101,-0.11578,34.87338,0.725
0505120020500300010105,-0.1259,,1.555
0504520020500200010311,-0.03539,34.7435,4.9
0504520020300900010225,-0.06673,38.51528,4.93
0505110000000000010142,-0.09015,38.77163,11.365
0505110000000000010327,0.09719,42.34517,15.375
0505110000000000010336,-0.0669,40.95575,15.375
0514710000000000010307,0.2622,47.23294,13.76
0514720010601300010115,-0.03361,37.25403,1.91
0549020090501500010102,-0.01199,38.63149,2.03
0549010000000000010226,0.0984,,16.6
0549010000000000010429,0.11942,,16.6
0549010000000000010718,0.23706,,4.785
0549020120600100010217,-0.04702,36.59264,2.44
0549020050401800010105,-0.03709,36.39611,0.91
0565920010100100010115,0.13871,39.32877,1.37
0565920010300300010105,-0.01512,39.16641,2.815
0583720090700100010718,-0.08404,,2.69
0583720090700100010725,0.0344,45.59058,2.385
0583720090700100020368,0.02229,36.82849,3.93
0583720100700200010101,-0.03167,34.55892,5.7
0583720100700200010312,0.09123,38.04018,13.09
0583720100400800010403,-0.00299,39.7338,4.015
0583720020101300010107,-0.05466,35.98424,1.125
0583720230401400010103,-0.116,38.76309,0.24
0583720090602600010117,-0.1259,37.10535,2.36
0583720050604200010110,-0.07756,39.28092,0.39
0505110000000000010402,-0.01025,41.93501,14.085
0505110000000000011010,0.10227,42.94503,12.76
0549020030300200010108,-0.05566,37.34461,2.72
0549020120301400010108,-0.10659,35.07846,0.53
0549020090501500010111,0.01728,39.81071,2.26
0583720090700100020506,0.17818,,8.505
0583720090700100020433,0.07501,,6.285
0583720090602600010121,0.04918,38.58877,2.73
0514710000000000020432,0.17407,46.75442,11.755
0514710000000000030228,0.17195,46.36476,15.21
0517210000000000010311,0.078,45.51539,16.13
0517210000000000010806,-0.13032,39.1835,3.05
0517210000000000020424,0.04545,45.79225,9.055
0517210000000000030106,-0.0734,46.72366,7.93
0517210000000000050210,0.25464,48.50786,7.735
0549020030200400010124,-0.00314,37.43348,0.78
0549020050300500010213,-0.04732,37.25574,0.82
0565910000000000010233,-0.08906,36.75671,3.875
0514710000000000010704,-0.10735,43.11423,20.15
0514710000000000010719,0.18821,45.43848,17.3
0514710000000000020237,0.11736,41.9145,5.965
0514710000000000030413,0.10452,45.56837,7.645
0514710000000000030550,0.01314,44.26268,4.785
0517210000000000020430,-0.02268,46.5425,9.055
0517210000000000060205,0.22515,47.61747,7.56
0517210000000000060413,0.22991,49.56232,11.315
0517210000000000060919,0.12941,46.36818,8.085
0517210000000000060920,0.1603,47.08767,8.085
0549020030200400010123,-0.08803,37.68641,0.78
0565910000000000010706,0.00184,39.37149,7.32
0583720110201800010204,-0.24521,36.73791,1.21
0505110000000000010333,0.01895,40.95575,15.375
0505120020500300010110,-0.0659,37.35145,1.315
0549010000000000010504,-0.14531,,3.555
0549020090501500010129,-0.01202,38.43838,1.44
0565910000000000010204,0.0799,40.90619,9.155
0566510000000000010910,-0.11484,36.30895,6.13
0583720090700100010216,0.10222,44.49596,3.555
0583720050200500010120,0.03807,40.00554,1.17
0504520050300100010101,0.02221,35.49546,2.185
0504520030101500010108,0.05103,40.74212,4.085
0505110000000000010212,0.05363,40.32341,17.165
0505110000000000010536,-0.14941,36.78918,3.735
0505110000000000011028,0.08386,44.90356,12.76
0505120020500300010104,-0.02612,37.62318,1.575
0514710000000000020602,0.23788,48.08915,11.755
0514710000000000010805,0.27647,49.72126,18.105
0514710000000000030519,0.21252,45.98707,7.645
0549020050401800010109,-0.10382,35.61509,0.965
0549010000000000010104,0.07435,,8.395
0549010000000000010121,-0.15106,,3.06
0549010000000000010614,-0.19244,35.9079,1.905
0549010000000000010819,0.04577,,5.48
0583720100700200020409,0.11115,40.43963,12.175
0565910000000000010130,-0.06751,37.01135,2.335
0565920010100500010118,-0.06477,,1.79
0566510000000000010213,0.10885,40.70623,10.41
0583720090700100010514,0.12346,42.58102,5.545
0583720090700100020427,0.11309,42.21187,4.275
0583720100700200010520,0.13875,40.28411,12.175
0583720030700600010113,-0.12501,33.58137,0.85
0583720050604200010101,-0.14434,36.72937,0.5
0505110000000000011040,0.13234,44.31395,12.76
0566510000000000010127,0.05827,41.68208,15.27
0583720090700100010119,-0.01915,42.35884,1.645
0583720100700200010304,0.10585,40.51311,13.09
0583720100700200010411,0.13337,40.98138,10.215
0583720090102700010101,-0.16809,34.67514,2.415
0514710000000000010106,0.21025,46.51857,13.76
0514710000000000020227,0.01332,41.46674,5.965
0514710000000000020423,0.12173,48.15581,17.3
0514710000000000030553,-0.01719,41.6103,4.785
0517210000000000010533,0.05057,44.61132,16.13
0517210000000000010615,0.12913,49.35895,15.265
0517210000000000010617,0.17466,48.66851,13.85
0517210000000000010809,-0.02447,39.95256,3.05
0517210000000000020230,0.12109,47.3389,8.085
0517210000000000020429,0.02179,45.60084,7.24
0517210000000000040115,-0.05968,42.27339,15.265
0517210000000000050506,0.23759,49.75202,10.82
0517210000000000050520,0.10657,45.85035,10.82
0517210000000000050528,0.19756,49.46491,10.82
0517210000000000060206,0.22355,47.96952,7.56
0517210000000000060824,0.14672,46.46047,10.245
0565910000000000010708,-0.06589,36.44567,7.32
0565910000000000010718,0.02326,38.70498,5.21
0565910000000000010806,-0.07807,36.44909,4.275
0504520020300900010102,0.01042,42.11958,3.27
0505110000000000010205,-0.12603,38.50674,24.91
0549020120600100010218,-0.09714,36.12779,1.665
0514710000000000030627,-0.06928,41.12494,4.785
0549020120600100010315,-0.09534,35.9398,1.665
0549020090501500010113,-0.12726,36.20299,2.26
0566510000000000010809,0.18338,41.26166,9.63
0565910000000000010208,0.07522,41.44623,10.23
0583720090700100010111,-0.00088,42.31099,5.175
0583720090700100020110,0.06106,42.99118,7.15
0583720090700100020205,0.14765,43.35349,3.93
0583720090700100020376,0.06167,39.15274,4.275
0583720100700200010102,-0.09451,36.07311,5.7
0504520020300300010106,-0.03892,40.55926,3.275
0504520020300900010321,0.02035,40.19695,5.28
0504520010301100010202,-0.10261,39.00406,3.32
0504520010301100010224,0.07694,39.3151,2.67
0505110000000000010201,0.0211,39.92863,17.165
0505110000000000010809,0.10161,42.3315,16.955
0505110000000000011124,0.05765,41.22064,7.945
0505120030101100010108,-0.00203,40.60027,2.015
0505120030101100010131,-0.11866,36.13976,1.27
0514710000000000020719,0.19239,47.02273,11.755
0514710000000000030407,0.12974,44.22508,15.54
0517220060601500010114,-0.04026,39.04166,1.615
0517220060601500010104,0.00267,42.5776,1.085
0549010000000000010408,0.12549,,16.6
0549020120600100010226,-0.13694,35.82017,1.255
0549020120300300010137,-0.05066,,0.495
0549020050300500010102,-0.10296,38.67251,0.85
0549020050300500010205,-0.03654,42.47677,0.82
0549020090200800010109,-0.00476,38.09999,1.3
0549020120801600010106,-0.00109,36.338,0.565
0565920010300300010117,-0.18178,36.30382,2.815
0566510000000000010121,0.08744,42.09907,15.27
0566510000000000010153,-0.02784,39.61759,15.27
0566510000000000010343,-0.25774,34.21028,8.735
0566510000000000010430,-0.1375,37.46766,5.19
0566510000000000010730,0.05112,40.73187,10.41
0583720090700100020125,0.14921,42.02388,7.15
0583720090700100020317,0.12371,42.57589,4.275
0583720090700100020524,-0.0745,,6.285
0583720100700200010505,-0.08181,39.10831,13.09
0583720100700200020107,0.10395,38.30165,12.175
0583720100700200020206,0.05501,40.59515,10.215
0583720100700200020406,-0.11008,37.42664,12.86
0583720100700200020520,-0.01509,35.97398,10.215
0583720030700600010102,-0.13169,34.08382,0.93
0583720240400900010105,-0.23412,32.36455,0.27
0514710000000000010335,-0.18983,38.24526,5.215
0514710000000000020239,0.00913,41.27533,3.74
0514710000000000020725,0.1628,43.13815,11.755
0514710000000000030105,0.20847,47.76615,15.21
0514710000000000030208,0.26193,49.55036,15.21
0514710000000000030216,0.24532,49.92634,15.21
0514710000000000030414,0.1109,45.1001,15.54
0514710000000000030521,0.0917,42.39644,7.645
0517210000000000010308,0.07926,43.5073,16.13
0517210000000000010320,0.0424,42.39132,16.13
0517210000000000020417,0.19515,47.82597,9.055
0517210000000000020427,0.16578,45.85548,9.055
0517210000000000030109,0.20717,49.00348,15.265
0517210000000000030210,0.23572,44.67968,15.265
0517210000000000050125,0.12961,47.16287,20.63
0517210000000000050413,0.27357,48.71123,10.82
0517210000000000060125,0.2243,47.22952,7.56
0517210000000000060402,0.19992,49.92292,11.315
0517210000000000060431,0.23327,48.66167,11.315
0517210000000000060708,0.1638,45.917,8.68
0517210000000000060930,0.06979,45.1001,3.075
0565910000000000010309,0.14959,40.34563,9.155
0565910000000000010604,0.0227,39.86711,5.21
0565910000000000010616,0.14829,37.65223,7.32
0566510000000000030110,-0.25255,35.03061,4.415
0505110000000000011119,0.08353,39.66374,6.665
0505120060400100010114,-0.13788,36.71228,0.875
0504520020300900010118,0.22337,45.73243,6.03
0504520010301100010235,0.13096,38.33583,2.67
0504520010101400010103,-0.29409,31.79204,0.875
0505110000000000010131,0.14446,42.2939,16.955
0505110000000000010544,-0.15731,35.53135,13.745
0505110000000000010906,0.15916,43.51072,16.955
0505110000000000010916,-0.00797,39.9406,16.955
0505120030101100010102,-0.06891,39.28946,2.015
0505120030101100010107,-0.08964,40.34905,1.02
0505120050401400010108,-0.02846,36.87634,1.08
0514710000000000010223,-0.16072,40.20207,5.215
0514710000000000030537,0.08855,47.16458,15.54
0514710000000000030617,0.1877,47.26712,4.785
0549010000000000010610,-0.14092,,2.6
0549010000000000010716,0.15385,,4.785
0549010000000000010913,0.11297,,5.48
0549020120600100010413,-0.08391,34.78451,1.515
0549020050401800010106,-0.15571,35.78941,0.91
0565920020500200010107,-0.12446,34.34017,0.595
0566510000000000010560,0.12104,39.48087,7.83
0566520040200200010106,-0.03934,38.44863,1.685
0583720090700100010124,-0.05536,36.53796,3.555
0583720090700100020108,0.15347,43.5842,7.15
0583720100700200020302,0.17741,41.56928,10.215
0583720020101300010110,-0.01885,38.38369,1.68
0504520020500200010306,-0.13607,35.2374,4.9
0505110000000000010522,0.05921,41.60004,13.745
0514710000000000010123,0.22519,47.43973,15.21
0514710000000000020621,0.20876,45.95118,11.755
0517220100400700010101,-0.06908,39.6005,0.6
0583720090402400010106,-0.00533,40.91815,6.965
0549010000000000010506,0.03526,,4.885
0549020120600100010132,-0.06003,36.91394,1.255
0549020030300200010207,-0.04576,36.41149,5.25
0549020090501500010115,0.04121,40.23284,2.26
0583720090402400010126,0.02688,35.75523,6.965
0566510000000000010812,-0.26135,33.9864,8.735
0566510000000000011018,-0.12459,,3.36
0583720090700100010605,0.15856,42.89718,2.385
0583720090700100020429,0.12606,43.33298,4.275
0583720100700200010118,-0.09552,35.26303,5.7
0583720100700200020309,0.20702,41.84614,10.215
0583720090600300010204,0.16156,42.9382,4.665
0583720080301000010122,-0.06332,38.13075,1.655
0583720090602600010106,0.06508,38.07948,2.73
0583720090503500010103,-0.21664,35.23398,0.67
0583720050604200010108,-0.10455,39.50138,0.39
0514710000000000020915,-0.11743,40.62591,9.59
0514710000000000010324,0.23804,47.57645,5.215
0514710000000000010325,0.24152,48.22246,13.76
0514710000000000010329,0.2031,48.00541,13.76
0514710000000000020804,0.01453,,5.965
0514710000000000020431,-0.09417,46.77834,17.3
0514710000000000020605,0.19621,47.89091,11.755
0514710000000000030115,0.23172,44.76513,15.21
0517210000000000010116,0.03229,39.21427,5.28
0517210000000000020317,0.19936,49.75202,20.63
0517210000000000060434,0.18028,49.30426,11.315
0517210000000000020403,-0.0053,48.83599,9.055
0517210000000000020431,0.06137,46.30153,9.055
0517210000000000050424,0.26414,48.1259,10.82
0517210000000000060321,0.22763,49.55036,11.315
0517210000000000060419,0.1945,48.90435,11.315
0517210000000000060703,0.20755,47.10818,8.68
0517210000000000060823,0.16868,47.55423,10.245
0517210000000000061005,0.04286,45.58716,8.68
0517210000000000061006,0.10327,44.35839,8.68
0517210000000000061015,-0.1016,42.71774,3.805
0549020030200400010125,-0.02635,36.83532,0.59
0565910000000000010107,0.03555,38.72891,5.55
0565910000000000010136,0.01657,38.46914,3.455
0565910000000000010707,-0.02137,38.41103,7.32
0583720110201800010102,-0.09131,36.04918,0.725
0583720110201800010112,-0.02666,37.19251,0.84
0583720110201800010202,0.03833,38.31362,1.21
0504520020500200010120,-0.03377,38.33242,1.79
0505110000000000010144,0.16275,42.53145,16.955
0514710000000000030516,0.16496,45.93922,7.645
0514720010601300010113,-0.17667,35.3331,1.91
0549010000000000010830,-0.02577,,5.48
0549020040400900010107,-0.07952,37.69325,0.805
0565920010100500010123,-0.13576,,1.295
0566510000000000010737,0.04508,42.37935,10.41
0583720090700100010128,-0.05028,38.49648,5.175
0583720100700200010508,0.1482,39.46378,12.175
0583720240400900010102,-0.21153,32.40386,0.255
0583720090402400010108,0.08083,38.62978,6.965
0583720090103900010103,-0.28304,32.40557,1.7
0583720100400800010426,0.2143,42.62887,4.015
0504520020300900010319,0.23778,43.41843,5.28
0504520010301100010101,-0.20454,35.73814,3.51
0504520010301100010102,-0.13254,35.29892,4.17
0504520030101500010111,-0.13957,37.90175,4.085
0505110000000000010229,0.09448,40.63274,24.91
0505120030101100010134,-0.1166,38.15126,0.79
0549020120600100010123,0.07984,38.87417,2.44
0514710000000000010806,0.26343,48.74541,18.105
0514710000000000020106,0.24286,45.33936,6.06
0514720010601300010103,0.10288,37.98378,1.91
0583720090700100010414,0.10975,43.76707,5.545
0549020120600100010302,-0.09403,36.69006,0.785
0549010000000000010119,-0.08204,,3.06
0549020120600100010426,-0.07265,36.82849,2.44
0549020030300200010112,0.00449,37.25061,2.72
0549020030300200010117,-0.11196,36.31578,3.51
0549020030300200010202,0.03683,36.6029,5.25
0549020030300200010224,-0.03923,37.38733,2.135
0549020120300300010105,0.01991,,1.175
0549020120300300010116,-0.0101,,0.995
0549020040400900010131,-0.01016,36.63024,0.47
0549020120301400010106,-0.01452,36.58239,0.55
0565910000000000010210,0.12658,41.11981,10.23
0583720090700100010104,0.15828,44.80786,5.175
0583720090700100010711,-0.14917,38.31533,2.385
0583720090700100020335,0.02414,39.25016,4.275
0583720100700200010108,0.12154,38.01967,5.7
0583720100700200010511,0.14946,40.13371,12.175
0583720100700200020503,0.17875,39.94572,12.86
0583720090600300010216,-0.19879,36.7362,3.04
0583720090603100010112,-0.04822,34.68881,1.345
0517210000000000010511,0.17084,45.65552,16.13
0517210000000000020602,-0.15633,40.93011,4.525
0517210000000000030205,0.25571,49.38629,15.265
0517210000000000060412,0.2292,49.77082,11.315
0517210000000000061008,0.02292,44.86254,8.68
0565910000000000010126,-0.10635,36.71398,1.795
0514710000000000020802,0.04324,,5.965
0514710000000000030108,0.13483,47.86869,15.21
0514710000000000030409,0.08539,45.91359,15.54
0514710000000000030543,0.07714,44.12254,7.645
0517210000000000010202,0.11104,43.84568,16.13
0517210000000000010314,0.25897,47.37137,16.13
0517210000000000010325,-0.04003,43.42014,13.85
0517210000000000010614,0.16041,47.15433,15.265
0517210000000000020306,0.19442,49.39997,20.63
0517210000000000030217,0.1497,44.63183,12.825
0517210000000000040112,0.16725,46.96975,15.265
0517210000000000050326,0.04038,44.10203,8.38
0517210000000000050501,0.22256,49.62897,10.82
0517210000000000050525,0.17824,49.388,10.82
0517210000000000050803,0.17659,45.36157,7.56
0517210000000000060306,0.27775,48.55571,11.315
0517210000000000060723,0.16249,42.41695,6.08
0517210000000000060918,0.08168,46.54592,8.085
0549020090501500010130,-0.07669,36.91052,1.44
0565910000000000010231,-0.05423,38.22133,9.155
0565910000000000010417,-0.06565,37.39417,4.28
0565910000000000010714,-0.00993,36.89343,5.21
0566510000000000020125,-0.09717,,8.62
0583720110201800010302,-0.06724,36.80285,1.21
0504520010101400010109,0.01466,34.90756,0.9
0504520010101600010111,0.00508,36.40978,1.1
0505110000000000011032,0.12103,41.46332,12.76
0514710000000000010215,0.12481,41.36762,5.215
0514710000000000020415,0.24724,48.27202,17.3
0514710000000000020712,0.2057,45.82813,11.755
0517220100400700010113,-0.08415,41.44965,0.65
0549010000000000010906,0.08079,,1.23
0549020120600100010422,-0.00589,38.2145,1.515
0549020120301000010106,0.03395,,0.835
0549020090201200010101,-0.2486,40.00725,0.745
0549020090501500010112,0.05167,39.41764,2.26
0565920010100100010103,-0.21302,37.88807,1.37
0566510000000000010164,0.00132,37.92225,15.27
0566510000000000010407,0.06056,40.76605,10.41
0566510000000000010541,0.14012,40.62933,11.325
0566510000000000010806,0.10562,41.54365,9.63
0583720090700100010133,-0.04285,37.78724,3.555
0583720090700100020228,0.15701,44.9497,7.15
0583720090700100020352,-0.0242,42.4272,4.275
0583720090700100020410,0.12728,,8.505
0583720100700200020211,0.19658,41.82563,13.09
0583720090600300010214,-0.17592,36.18248,3.02
0583720030700600010109,-0.14918,34.6495,0.93
0583720020101300010102,-0.04936,39.69279,1.555
0583720090102700010103,-0.25467,34.47689,3.025
0583720030802900010104,-0.11767,33.02423,1.855
0504520010301100010111,0.13402,40.49602,3.32
0504520020300900010217,-0.03955,40.37639,6.03
0505110000000000010106,0.00335,40.3969,16.955
0505110000000000010130,0.00996,41.01556,16.955
0505110000000000010408,0.12128,40.80023,14.085
0505110000000000011034,0.14673,42.69552,12.76
0505120030101100010121,-0.01616,37.67957,1.27
0514710000000000020209,0.21373,43.94139,9.59
0517220070300300010113,0.07728,42.31783,1.355
0517220100400700010111,0.06787,41.90083,0.65
0549010000000000010314,0.12278,,16.6
0549010000000000010330,0.06992,,9.085
0549010000000000010431,0.07264,,11.43
0549010000000000010721,0.22284,,4.785
0549020030300200010129,-0.00784,36.32604,3.51
0549020050300500010108,-0.00834,42.65792,0.85
0549020120301000010103,-0.04899,37.96327,0.835
0565920010300300010126,-0.01965,36.34142,2.725
0566520040200200010114,-0.1096,35.98253,0.755
0583720090600300010119,-0.15774,40.75408,3.02
0583720090700100010728,-0.01674,,2.69
0583720090700100020409,0.11508,,8.505
0583720090700100020512,0.1397,41.73335,8.505
0583720090700100020526,0.11578,,8.505
0583720100700200010415,0.17821,42.48873,13.09
0583720090600300010304,-0.09037,38.64858,4.29
0583720090402400010118,0.10174,39.81584,6.965
0583720030802900010108,-0.17257,32.89776,1.855
0514710000000000010108,0.2334,46.8843,13.76
0514710000000000010115,-0.07555,42.6545,15.21
0514710000000000020215,0.08419,45.22998,9.59
0514710000000000020244,0.09659,44.02684,6.06
0514710000000000020310,0.13281,44.9497,11.755
0514710000000000020519,0.23376,46.75442,15.54
0514720010700700010127,-0.08891,43.15182,1.065
0514720010700700010133,-0.00019,46.10158,1.065
0517210000000000020204,0.17926,49.28375,18.36
0517210000000000020219,0.19082,49.50592,9.055
0517210000000000020507,0.13179,46.14259,8.085
0517210000000000050106,0.19904,47.4346,12.825
0517210000000000050129,0.07057,47.83964,12.825
0517210000000000060213,0.22312,48.62407,7.56
0517210000000000060809,0.19221,49.09234,10.245
0517210000000000060913,0.1816,47.23465,8.085
0565910000000000010132,-0.04755,37.82826,3.455
0565910000000000010202,0.11974,38.85196,3.875
0566510000000000020105,-0.03087,,8.62
0505110000000000011104,0.11472,41.64106,15.375
0549010000000000010416,0.08724,,7.4
0549020040400900010116,-0.07155,36.70031,0.805
0583720050603700010105,-0.19974,35.598,0.77
0504520020300900010109,0.20061,45.4043,6.03
0504520020300900010121,0.21277,44.46434,6.03
0504520020300900010216,-0.08682,38.83145,6.03
0504520010301100010226,0.00684,37.9684,2.67
0505110000000000010223,0.01625,37.4369,17.165
0505110000000000011023,0.09815,41.77094,12.76
0505110000000000011042,0.1271,40.6054,12.76
0505120050401400010102,-0.15846,35.02036,0.725
0514710000000000020511,0.1945,46.11525,15.54
0514710000000000020707,0.22079,46.2964,11.755
0549010000000000010130,-0.16312,,6.215
0549010000000000010201,0.18098,,8.395
0549010000000000010212,0.1242,,16.6
0549010000000000010708,0.06759,,4.785
0549020120600100010116,0.00882,36.77722,2.44
0549020120600100010233,-0.12763,35.86461,1.255
0549020120600100010410,-0.07169,38.3478,1.515
0549020120300300010114,0.04228,,1.18
0549020120101100010103,-0.13136,33.77961,1.5
0565920010100500010124,-0.03355,,1.79
0566510000000000010350,0.07133,37.25916,2.45
0566510000000000010726,0.12048,42.8442,15.27
0566510000000000010807,0.1828,42.31099,9.63
0566510000000000030101,-0.16442,34.80673,4.415
0566520010100400010118,-0.13469,36.05089,0.51
0583720090700100010727,0.03062,,2.69
0583720090700100020220,0.13495,,8.505
0583720090700100020225,0.14639,43.94481,7.15
0583720090700100020334,0.03457,39.34586,4.275
0583720090700100020349,0.09138,39.25357,4.275
0583720090700100020503,0.18187,,8.505
0583720090600300010337,0.027,40.48064,2.71
0583720090302300010108,-0.1335,35.47837,3.815
0583720090402400010109,0.08903,39.62956,6.965
0583720090602600010111,-0.06238,37.5326,2.73
0583720090103900010111,-0.04898,36.88318,1.62
0504520050300100010113,-0.0985,35.34849,2.185
0514710000000000010205,0.22475,44.97705,5.215
0514710000000000020416,0.07526,47.90287,17.3
0514710000000000030602,0.22472,48.99322,15.54
0549010000000000010615,-0.26724,34.20003,1.905
0549010000000000010703,0.24246,,5.48
0549010000000000010709,0.19651,,5.48
0565910000000000010133,0.00368,37.82826,3.455
0565920010100100010114,0.02719,38.17006,0.945
0566510000000000010155,-0.02503,39.85002,15.27
0583720020101300010116,-0.03773,39.41251,1.555
0583720100700200010208,0.12583,39.16129,13.09
0583720100400800010106,0.11005,40.84295,4.015
0583720100400800010205,0.10968,40.67376,1.935
0583720030803200010108,-0.19887,34.19319,1.325
0514710000000000010229,-0.15605,38.99551,5.215
0514710000000000020226,0.07066,40.83099,5.965
0514710000000000020610,0.22808,47.68754,11.755
0514710000000000020806,-0.04808,,5.965
0514710000000000030117,0.22327,47.70121,15.21
0514710000000000030222,0.06272,45.07959,15.21
0514710000000000030419,0.09323,44.89843,4.785
0514710000000000030621,0.0449,42.49898,4.785
0514710000000000030638,0.11207,41.92305,4.935
0514720010700700010129,0.05242,46.46389,1.065
0517210000000000010606,0.2175,47.69096,16.13
0517210000000000020210,0.21412,47.73197,18.36
0517210000000000020334,0.15227,48.90093,20.63
0517210000000000020423,0.17612,45.96486,9.055
0517210000000000030211,0.2237,47.10135,15.265
0517210000000000040111,-0.12101,44.05247,7.93
0517210000000000050323,0.09361,49.57428,10.82
0517210000000000050420,0.17254,47.00393,10.82
0517210000000000050430,0.20103,47.40897,10.82
0517210000000000050712,0.0574,41.4787,8.38
0517210000000000050805,0.18145,45.37696,7.56
0517210000000000060124,0.15119,46.94925,7.56
0517210000000000060317,0.25545,49.73664,11.315
0517210000000000060506,0.26717,49.23761,11.315
0517210000000000060609,0.2188,48.9522,8.68
0517210000000000060610,0.23207,49.23248,8.68
0517210000000000060932,0.16475,44.23534,3.075
0549020030200400010101,-0.09673,36.32433,0.78
0565910000000000010134,0.13616,39.43815,3.455
0565910000000000010518,-0.04741,38.08803,4.28
0566510000000000011007,-0.02789,,3.36
0583720110201800010213,-0.08763,35.9586,0.855
0514710000000000020207,0.22022,46.4092,9.59
0549010000000000010118,0.06053,,6.215
0549010000000000010706,0.22594,,5.48
0549020030300200010203,0.00035,35.86119,5.25
0549020120100700010114,0.20972,38.65713,1.54
0565920010300300010102,0.02492,37.58729,1.975
0566520010100400010117,-0.15812,37.39246,0.41
0583720100700200010206,0.13412,38.38369,13.09
0583720100400800010112,0.01198,43.0151,4.015
0583720100400800010407,0.19555,42.91598,4.015
0504520050300100010103,-0.05926,35.51255,2.185
0504520020500200010304,0.06004,39.3339,4.9
0504520020300900010328,-0.20927,38.31362,5.28
0504520010301100010201,-0.12419,37.39246,3.32
0504520010301100010203,-0.08767,38.97159,3.32
0504520030101500010117,0.12329,40.25676,2.66
0505110000000000010321,0.06489,42.13325,15.375
0505110000000000010704,0.10304,43.08005,16.955
0505110000000000010907,0.16315,43.32273,16.955
0505120060400100010101,-0.12284,37.15833,0.875
0505120030200800010112,-0.11752,37.33435,0.61
0514710000000000020303,0.21211,46.52541,11.755
0514710000000000020514,0.12062,48.66167,15.54
0549010000000000010108,0.14111,,8.395
0549010000000000010214,0.05518,,10.79
0549010000000000010313,0.14334,,8.395
0549010000000000010403,0.01108,,16.6
0549020120600100010135,-0.01777,36.67297,1.235
0549020120600100010318,0.00029,35.66978,0.785
0549020120300300010129,-0.12716,,1.175
0549020120600600010105,-0.0445,,1.425
0549020050401800010107,0.04762,37.28308,0.91
0566510000000000010410,0.03261,39.93889,5.19
0566510000000000010419,-0.04404,38.98697,5.19
0566510000000000010429,0.0426,38.90835,5.19
0566520040200200010102,-0.06244,36.92077,1.3
0583720090700100010109,0.0753,41.58808,1.645
0583720090700100010112,0.13717,43.41843,5.175
0583720090700100010118,0.11568,42.42379,3.555
0583720090700100010137,0.06067,41.71797,5.175
0583720090700100010508,0.14683,42.78951,5.545
0583720090700100010721,-0.11474,,6.515
0583720090700100020325,0.04319,37.86415,4.275
0583720090700100020402,0.05452,,8.505
0583720100700200010307,0.0777,38.66738,5.7
0583720100700200020407,0.10059,40.40715,12.86
0583720100700200020413,0.12363,39.17667,12.86
0583720050200500010111,-0.16283,36.98743,0.755
0583720100400800010302,0.11031,40.21233,1.935
0583720070201200010107,0.04667,37.19763,0.92
0583720050202800010105,0.01032,37.81288,0.425
0583720030802900010110,0.03732,35.26474,1.655
0583720050603700010102,-0.12756,37.33777,0.635
0583720090103900010114,-0.12997,34.86313,1.62
0514710000000000010131,0.13942,42.4272,15.21
0514710000000000010406,0.2119,46.00929,13.76
0514710000000000010802,0.26039,50.65438,18.105
0514720010700700010115,-0.08814,37.28821,1.21
0517210000000000010611,0.04423,46.87405,18.36
0517210000000000020332,0.23487,50.66805,10.82
0517210000000000020426,0.13938,47.16458,9.055
0517210000000000050406,0.1403,46.36818,8.38
0517210000000000050421,-0.01029,46.70827,10.82
0517210000000000060309,0.30722,50.23738,11.315
0517210000000000060426,0.19774,47.98149,10.245
0517210000000000060617,0.18148,49.37604,8.68
0517210000000000061001,0.15938,45.69141,8.68
0549020090501500010126,-0.05351,38.35292,1.44
0565910000000000010308,0.10657,40.38152,9.155
0565910000000000010138,-0.04259,37.50526,3.455
0565910000000000010522,0.04873,38.09999,4.28
0565910000000000010802,0.11234,36.78747,4.275
0566510000000000020123,-0.1863,32.77813,4.305
0566510000000000030111,-0.17112,34.68026,4.415
0583720110201800010216,-0.10531,36.40124,1.21
0583720110201800010306,0.0861,39.03311,1.21
0583720110201800010311,-0.07204,37.36341,1.21
0583720110201800010323,-0.03532,38.55117,0.94
0505110000000000010302,-0.12741,40.24651,15.375
0505110000000000011108,0.15492,40.48406,15.375
0505120030200800010101,-0.15408,35.60313,0.73
0505120050401400010111,-0.08136,37.01306,1.08
0505120050401400010114,-0.0592,36.85412,1.08
0514710000000000020418,0.24073,45.8589,20.15
0514710000000000030426,0.02341,45.53418,15.54
0517220060601500010112,0.0067,41.66499,1.085
0549010000000000010306,0.10473,,9.085
0549020120600100010114,0.11333,37.86757,2.44
0549020120600100010225,-0.06111,35.88511,1.255
0549020040400900010130,-0.16702,36.34997,0.695
0549020120801600010107,-0.15458,34.38802,0.565
0565920010300300010112,0.17942,40.40545,2.815
0566510000000000010113,0.04818,42.92624,15.27
0566510000000000010207,0.12703,43.76023,14.99
0583720100700200020416,0.00182,40.52679,12.175
0583720090700100020367,0.01563,36.80456,3.93
0583720100700200020314,0.14727,40.28411,12.86
0583720050200500010115,-0.16389,36.79089,0.755
0583720100400800010417,0.09134,39.4672,4.015
0583720020101300010115,-0.05715,39.47916,1.555
0583720020101300010208,-0.0675,39.06558,1.68
0583720090402400010112,0.11631,40.46184,6.965
0583720010204000010102,-0.04722,38.72378,0.71
0504520020500200010105,0.03584,37.87098,1.575
0505110000000000010414,-0.09041,37.912,14.085
0514710000000000030305,0.17934,45.4607,20.15
0549020120600100010221,-0.001,36.0526,1.115
0565920010300300010132,0.0452,38.02309,2.725
0566520040200800010108,0.02834,,1.29
0583720090700100010207,-0.01198,43.14499,5.175
0583720090700100020302,0.07817,41.78974,3.93
0583720090700100020502,0.11312,41.98628,8.505
0583720090700100020516,0.16362,,8.505
0583720100700200020116,-0.11358,35.13657,12.86
0583720100700200020325,0.00737,37.57362,10.215
0583720080301000010108,-0.00216,36.78064,2.685
0583720070201200010129,-0.03781,36.42345,0.585
0583720020101300010114,-0.05428,39.18179,1.555
0583720020101300010119,-0.01053,39.02627,1.68
0583720090603000010103,-0.13213,35.6356,1.345
0514710000000000030103,0.24239,45.54102,15.21
0514710000000000030412,0.09551,45.56837,7.645
0517210000000000010315,0.24887,47.18167,13.85
0517210000000000010503,0.24795,48.2498,13.85
0517210000000000010510,0.12806,46.18361,16.13
0517210000000000030203,0.20438,49.23419,15.265
0517210000000000040116,-0.12312,40.71387,7.93
0517210000000000050610,0.17305,48.92144,20.63
0517210000000000050708,0.13069,45.40088,8.38
0517210000000000050713,-0.15373,45.25733,3.83
0517210000000000060117,0.2321,49.6153,11.315
0517210000000000060518,0.26204,49.13336,10.245
0517210000000000060911,0.17517,47.61063,8.085
0517210000000000060931,-0.01981,43.90037,3.075
0549020030200400010107,-0.17562,34.63412,0.59
0565910000000000010141,-0.001,36.92932,5.55
0565910000000000010306,0.13538,40.48577,9.155
0565910000000000010611,0.00701,38.84854,7.32
0565910000000000010710,0.08061,37.10877,7.32
0565910000000000010712,0.00051,38.40078,5.21
0583720110201800010126,-0.03394,37.37537,0.84
0514720011001000010111,-0.01715,39.31168,4.51
0517210000000000010214,0.15475,43.43723,16.13
0549020030200400010119,0.00174,38.29653,0.78
0549010000000000010415,0.07809,,7.4
0566510000000000010542,0.05514,41.14203,11.325
0566520040200200010109,0.07626,38.66738,1.685
0583720090700100010320,0.00187,42.32466,3.555
0583720090700100020331,0.13309,37.42664,4.275
0583720100700200010205,0.15011,39.17325,13.09
0583720070201200010120,0.01131,39.10831,0.92
0504520050300100010109,-0.05559,36.58923,2.185
0504520020500200010307,-0.04735,38.23671,4.9
0504520020300900010326,0.01147,40.26018,5.28
0504520010301100010222,0.13691,40.30461,2.67
0505110000000000010234,-0.1062,40.08244,24.91
0505110000000000010601,-0.11802,37.84877,16.955
0505120040101000010114,-0.02776,38.44863,1.055
0583720090102700010109,-0.02123,36.40636,2.415
0583720090603100010104,0.09863,35.82017,1.345
0549010000000000010508,0.00052,,4.885
0549010000000000010603,-0.23913,33.5301,2.345
0549010000000000010720,0.18508,,4.785
0549010000000000010820,0.0952,,5.48
0549020120600100010111,-0.0292,37.2472,2.44
0549020120600100010133,-0.14923,35.61509,1.515
0549020120600100010227,-0.05709,35.70396,1.255
0549020040400900010102,-0.08962,35.92271,0.66
0549020040400900010119,-0.08312,36.23033,0.805
0549020090501500010109,0.12672,39.21597,2.26
0566510000000000010221,0.08923,42.43233,10.41
0566510000000000010413,-0.01037,40.39519,10.41
0566510000000000010864,-0.0027,35.58775,7.545
0566510000000000020112,0.08649,37.6283,8.62
0566520010100400010109,-0.11979,37.17371,0.98
0583720090700100020420,0.09644,,6.285
0583720090700100020431,0.1208,,4.275
0583720100700200010117,0.09395,38.30165,13.09
0583720090700100010117,0.06433,43.40989,3.555
0583720090700100010123,0.06407,41.02923,3.555
0583720090700100010217,0.10097,44.62499,3.555
0583720090700100010617,0.06347,41.37275,2.385
0583720090700100020324,0.02894,38.74942,3.93
0583720090700100020350,0.09747,39.71842,4.275
0583720100700200010417,0.06864,40.40545,12.175
0583720100700200020131,-0.23533,33.68049,12.86
0583720100700200020305,0.18491,39.87053,10.215
0583720100700200020506,0.06407,37.29676,12.86
0583720090600300010203,0.03781,41.67182,3.02
0583720090600300010319,0.04526,41.14203,4.29
0583720100400800010314,-0.12181,36.90368,3.415
0583720100400800010408,0.15287,43.24753,4.015
0583720100400800010409,0.056,41.14203,4.015
0583720020101300010112,-0.06601,39.25528,1.555
0583720090503500010105,-0.19299,35.99962,0.725
0583720010204000010104,-0.02484,36.72253,0.495
0514710000000000010725,0.17934,46.64162,17.3
0514710000000000020521,0.05548,44.90356,15.54
0514710000000000030421,0.13191,45.80934,4.785
0514720010700700010102,-0.05979,,1.21
0514720010700700010112,0.11029,42.31441,1.21
0514720011001000010139,-0.01573,36.96863,3.475
0517210000000000010204,0.19507,43.48337,16.13
0517210000000000010805,-0.02971,40.70794,3.05
0517210000000000020326,0.18288,47.7559,20.63
0517210000000000050204,0.27109,48.74029,12.825
0517210000000000050328,-0.23135,39.0408,7.735
0517210000000000050329,0.09823,41.83589,8.38
0517210000000000050405,0.20318,45.88282,8.38
0517210000000000050417,0.1654,47.74223,10.82
0517210000000000060112,0.28171,50.03914,11.315
0517210000000000060717,0.1553,45.917,8.68
0517210000000000060925,0.15691,45.77345,8.085
0565910000000000010717,-0.02649,37.3617,5.21
0583720110201800010119,0.1558,39.7338,1.21
0583720110201800010206,-0.03898,37.42664,1.21
0583720110201800010325,-0.02689,38.66738,0.94
0505110000000000010410,0.11117,43.62693,23.205
0505110000000000011109,0.10445,41.45136,15.375
0505120020500300010106,-0.09618,36.08336,1.555
0514710000000000020210,0.22743,43.51414,9.59
0549020050300500010111,-0.02664,36.30553,0.85
0565910000000000010403,0.1267,40.93011,9.155
0566510000000000010315,-0.1899,35.92271,8.735
0566520010100400010115,-0.15319,35.99107,0.51
0583720090700100010208,0.18607,44.1721,5.175
0583720090700100010707,0.20296,43.85594,2.385
0583720090700100020305,0.13545,42.3879,4.275
0583720100700200020219,0.15089,42.17769,10.215
0583720100700200020418,0.06064,39.24161,12.86
0583720090600300010220,-0.14324,37.2096,3.04
0504520020500200010313,-0.20989,36.10899,4.9
0504520020300900010110,0.20873,45.57178,6.03
0504520010301100010204,0.08106,40.84808,3.32
0505110000000000010230,-0.00998,41.74018,24.91
0505110000000000010915,0.05207,39.62956,5.625
0505120030200900010120,0.01162,,1.655
0505120030101100010116,0.04459,39.56803,2.015
0514710000000000010309,0.09119,47.25687,13.76
0549020050300500010212,-0.05957,37.19934,0.85
0514710000000000020104,0.1188,43.08688,6.06
0514710000000000020118,0.16324,44.55321,12.58
0517220100400700010108,-0.05354,41.72651,0.78
0549010000000000010325,0.10141,,16.6
0549010000000000010902,0.13584,,2.06
0549020040400900010111,-0.04262,36.62512,0.74
0549020040400900010122,0.01934,37.39417,0.74
0549020040400900010124,-0.05641,,0.74
0565910000000000010112,0.1372,40.33879,5.55
0565920010100100010107,0.0303,39.24503,1.37
0565920010100500010120,-0.09811,,1.79
0566510000000000010839,0.15605,40.88397,9.63
0566510000000000011016,-0.0703,,3.36
0566520010100400010113,-0.08255,36.0714,0.98
0583720090700100010135,0.04166,41.03265,5.175
0583720100700200010405,0.14611,42.58956,13.09
0583720100700200010413,0.19716,43.02194,13.09
0583720100700200020316,0.08545,39.43644,10.215
0583720090600300010111,0.13302,42.92794,4.665
0583720090600300010318,-0.00552,39.59196,4.29
0583720080301000010119,-0.02101,38.40249,2.685
0583720090602600010115,-0.12436,38.01967,2.73
0583720090603000010101,-0.1458,36.06627,1.415
0583720030803200010113,-0.29752,32.5628,0.65
0583720240204300010101,-0.1439,34.98618,0.205
0514710000000000010507,0.26964,49.87849,18.105
0514710000000000020317,0.03447,41.44452,6.08
0514710000000000020509,0.10833,45.77174,15.54
0514710000000000020516,0.1001,43.55686,15.54
0514710000000000030118,0.08132,47.56107,15.21
0514710000000000030234,0.04308,42.05464,15.21
0514710000000000030438,0.03256,45.21973,15.54
0514710000000000030529,0.13131,45.49317,7.645
0514720011001000010127,0.10633,41.14374,3.01
0517210000000000010119,0.04371,42.16914,5.755
0517210000000000010535,-0.00187,44.25072,7.24
0517210000000000010706,0.16132,41.2873,5.755
0517210000000000020101,0.20338,47.21927,18.36
0517210000000000020201,0.22661,48.29765,18.36
0517210000000000060116,0.27172,48.23784,7.56
0517210000000000060220,0.18539,46.86721,7.56
0517210000000000060313,0.18394,48.65313,11.315
0517210000000000060702,0.1816,47.46195,8.68
0517210000000000060813,0.20438,49.05816,10.245
0583720110201800010220,-0.06145,37.44373,0.94
0583720110201800010308,-0.11234,37.32068,1.21
0504520050300100010105,0.06688,36.87634,2.185
0504520010301100010210,0.07811,40.80365,3.32
0504520030101500010120,0.00289,38.88955,2.66
0505110000000000010703,0.1375,43.39792,16.955
0505110000000000010706,0.14508,41.20697,16.955
0505110000000000010801,0.13268,42.77926,16.955
0505110000000000011112,0.06009,41.44965,12.76
0505120060600500010107,0.01953,39.21597,0.74
0505120040101000010116,0.04812,38.11366,1.23
0514710000000000020409,0.18798,47.81742,17.3
0549010000000000010307,0.09183,,9.085
0549010000000000010511,-0.15941,,4.885
0549010000000000010707,0.19767,,5.48
0549020120600100010136,-0.19819,35.00668,1.255
0549020030300200010114,-0.0575,36.14147,3.51
0549020030300200010115,-0.13735,35.98424,3.51
0549020120100700010106,-0.0503,39.30655,1.54
0549020040400900010118,0.02188,37.42151,0.805
0549020120301000010112,0.06086,,0.59
0549020090201200010108,-0.06821,37.13269,0.745
0565920010200600010108,-0.08545,,1.07
0566510000000000010120,0.05,41.90596,15.27
0566510000000000010734,0.09126,41.94185,10.41
0566510000000000010736,0.09055,42.36055,10.41
0566510000000000011010,-0.13152,37.23523,3.53
0566520040200200010112,-0.05526,37.53944,1.685
0583720090700100020342,0.0887,39.6945,3.93
0583720100700200020324,0.05927,38.21279,10.215
0583720090600300010336,0.00762,40.74212,3.035
0583720050200500010113,-0.05442,40.04826,1.17
0583720070201200010128,-0.09866,37.3805,0.585
0583720020101300010109,0.06136,38.55801,1.68
0583720090402400010111,0.05948,41.03094,6.965
0583720050603700010106,-0.09552,36.76355,0.68
0504520020500200010305,0.01844,39.2211,4.9
0504520010101400010114,-0.0302,34.40169,0.9
0505110000000000010914,0.12167,41.64106,16.955
0505120030200900010108,-0.04887,,1.655
0514710000000000020706,0.1854,46.59719,11.755
0566510000000000030115,-0.08792,36.1107,2.45
0583720090700100020407,0.10084,43.63206,4.275
0583720090700100010314,0.15525,44.47802,5.545
0583720090700100020332,0.11402,38.76651,4.275
0583720090602600010105,0.07575,38.27602,2.73
0583720090102700010106,0.02401,37.80604,3.025
0514710000000000010724,0.21513,46.73391,17.3
0514710000000000010820,0.21852,48.14213,18.105
0514710000000000020902,0.06039,39.35782,9.59
0514720011001000010115,0.08956,39.5817,4.51
0517210000000000010802,0.04678,39.92009,3.05
0517210000000000010803,-0.09327,39.95427,3.05
0517210000000000020324,0.15928,49.33502,11.315
0517210000000000020335,0.05302,48.65142,11.315
0517210000000000050604,0.11402,49.86311,20.63
0517210000000000060718,0.0118,45.28809,8.68
0549020030200400010116,-0.05817,37.90516,0.78
0565910000000000010201,-0.02267,37.78724,5.55
0565910000000000010414,0.00761,38.26064,9.155
0565910000000000010705,0.04177,37.69667,7.32
0504520020300900010213,0.15471,45.39405,6.03
0505110000000000010214,0.18182,42.123,17.165
0505110000000000010346,0.09729,43.36716,15.375
0505120060400100010109,-0.07903,37.92225,0.875
0505120020500300010115,0.00913,36.84216,1.575
0505120030200900010110,0.13532,,1.27
0514710000000000010331,0.05483,40.0551,5.215
0549020120600100010125,-0.00687,37.3805,2.44
0549020120300300010111,-0.04994,,0.965
0549020120301000010102,-0.04736,38.14784,0.835
0565920010300300010125,0.01929,36.20299,2.725
0566510000000000010633,0.05666,41.42914,14.99
0566510000000000010660,0.16706,41.35736,8.705
0583720090700100020212,0.16531,45.17529,8.505
0583720090600300010329,-0.09536,37.75819,3.035
0583720090402400010102,-0.03803,38.30165,5.3
0504520020500200010310,-0.02258,38.08119,4.9
0504520020500200010208,0.08834,40.02605,2.605
0504520020300300010107,-0.16339,37.71717,4.18
0504520020300900010228,-0.07544,41.00531,6.03
0504520030101500010123,-0.24069,34.81186,3.555
0505110000000000010213,0.15772,41.96235,17.165
0505110000000000010904,0.09053,41.27875,16.955
0514710000000000020414,0.2105,48.7608,17.3
0517220060601500010101,-0.07116,41.0224,1.085
0549010000000000010803,0.12881,,5.48
0549020120600100010403,-0.11256,36.89001,2.44
0549020120300300010119,-0.07285,,0.995
0549020120100700010116,-0.12432,37.66932,1.54
0549020090200800010102,-0.14061,35.73472,1.3
0549020040400900010108,0.10377,37.61121,0.805
0549020040400900010113,-0.13766,35.45103,0.805
0549020120101100010108,-0.22001,33.6634,1.5
0565910000000000010222,0.03134,40.15422,9.155
0566510000000000010357,-0.1879,32.59014,4.4
0566520040200800010111,0.08518,,1.29
0583720090700100010134,-0.04649,40.45672,3.555
0583720090700100010312,0.09776,44.6267,5.545
0583720090700100010316,0.17408,44.437,5.545
0583720090700100020104,0.14447,42.62545,7.15
0583720090700100020339,0.03406,39.52872,3.93
0583720090700100020406,0.10583,41.9145,4.275
0583720090700100020414,0.11213,,6.285
0583720100700200010310,0.03866,37.58729,10.28
0583720100700200020127,-0.00594,36.96179,12.175
0583720090600300010305,-0.21852,35.98082,3.04
0583720090600300010323,-0.18491,36.92419,3.04
0583720020101300010206,-0.18076,37.20105,1.68
0583720090402400010120,0.06524,39.48087,6.965
0583720090602600010102,-0.05932,38.01112,2.73
0583720090603000010102,-0.15249,35.68003,1.345
0514710000000000030406,0.1982,46.53225,15.54
0514710000000000030525,0.1612,44.63695,7.645
0517210000000000010208,0.19408,43.89354,16.13
0517210000000000010509,0.23384,47.22098,16.13
0517210000000000020114,0.21686,49.43756,9.055
0517210000000000020325,0.24428,49.55378,11.315
0517210000000000050522,0.22207,48.96588,10.82
0517210000000000050808,0.19078,45.47608,7.56
0517210000000000050809,0.18187,44.5515,7.56
0517210000000000060514,0.22707,49.41706,11.315
0549020030200400010113,0.04168,38.41787,0.78
0549020050300500010219,-0.04079,35.28696,0.82
0565910000000000010621,-0.18928,35.54673,3.59
0583720110201800010301,-0.09876,36.66955,0.84
0514710000000000010407,0.28818,46.2383,13.76
0514710000000000010512,0.30616,49.35724,12.58
0514710000000000030540,0.18678,46.72024,4.785
0514710000000000030603,0.2133,48.76592,11.755
0517210000000000010538,0.01367,42.5776,7.24
0517210000000000050316,0.26819,47.75248,10.82
0517210000000000060401,0.20406,48.98297,11.315
0583720110201800010118,0.06466,39.92692,1.21
0504520020300900010317,0.23311,43.11081,5.28
0549020040400900010126,-0.1318,36.44738,0.805
0504520010301100010223,0.10326,40.10124,2.67
0504520030101500010104,0.01923,39.15958,2.66
0504520010101600010108,-0.12075,36.08849,1.1
0514710000000000010137,0.11746,42.6733,15.21
0514710000000000010118,0.22889,43.82005,15.21
0549020120600600010107,-0.01863,37.2489,1.425
0549010000000000010234,-0.16183,31.68779,10.79
0549010000000000010823,0.08831,,5.48
0549020120300300010126,-0.04646,,0.5
0565910000000000010212,0.19738,42.46822,10.23
0565920010300300010116,-0.08214,36.77722,2.815
0566510000000000010808,0.16593,40.61224,9.63
0566520020300300010113,-0.0439,36.63024,0.535
0583720090700100010614,0.21507,45.26416,2.385
0583720090700100010726,-0.05352,,2.69
0583720090700100020230,0.01566,39.36808,3.93
0583720100700200010207,0.04014,37.33094,13.09
0583720100700200010210,0.19545,41.95552,13.09
0583720050200500010101,-0.18264,35.98766,0.58
0583720030700600010101,-0.11818,34.61019,0.87
0583720100400800010117,0.10215,41.48383,4.015
0583720080301000010106,-0.08606,35.64243,2.78
0583720090402400010119,-0.04976,37.30017,6.965
0583720090302500010105,-0.14471,36.62682,6.39
0583720010203800010107,-0.14803,,0.795
0505110000000000010145,-0.27246,36.42516,17.165
0505110000000000010207,-0.00506,40.52679,24.91
0505110000000000010702,0.1549,43.29538,16.955
0505110000000000011015,0.10407,43.08517,12.76
0505120040101000010109,0.01433,38.5956,1.055
0505120030101100010103,-0.01481,38.92032,2.015
0517220100400700010102,-0.11478,39.392,0.65
0549020120600100010407,-0.04,36.74304,2.44
0549020030300200010218,-0.00861,38.47768,5.25
0565910000000000010504,0.11496,37.88807,2.16
0566510000000000010858,0.02564,38.55801,7.545
0583720090700100010309,0.18191,44.15672,7.15
0583720090700100010704,0.00198,44.0388,2.385
0583720090700100010729,0.03278,,2.58
0583720090700100020322,0.0257,38.13759,3.93
0514710000000000010338,0.10635,42.59811,5.215
0514710000000000010712,0.06864,44.41137,17.3
0514710000000000020229,0.11347,40.84808,5.965
0514710000000000030240,0.24498,47.63285,15.21
0517210000000000010305,0.23809,46.65017,16.13
0517210000000000010605,0.20582,47.69608,16.13
0517210000000000010801,-0.00432,38.75625,3.05
0517210000000000020209,0.19312,48.37114,18.36
0517210000000000020216,0.04288,47.09622,9.055
0517210000000000020221,0.13044,49.28033,9.055
0517210000000000030212,0.25608,48.70953,12.825
0517210000000000050113,-0.01971,45.37012,12.825
0517210000000000050118,0.25383,49.96394,20.63
0517210000000000060214,0.23801,48.86505,7.56
0517210000000000060501,0.24584,49.36408,11.315
0517210000000000060601,0.22743,48.92828,7.56
0517210000000000060613,0.17492,45.80421,8.68
0517210000000000060621,0.14907,46.62112,8.68
0517210000000000061007,0.13056,44.64379,8.68
0565910000000000010315,-0.0298,37.65052,9.155
0565910000000000010102,0.01012,39.0314,5.55
0565910000000000010620,-0.03504,39.6381,3.275
0583720110201800010122,-0.05545,36.80285,0.84
0583720110201800010324,-0.02578,38.6708,0.94
0505110000000000010112,0.11445,42.74166,16.955
0583720100700200010114,0.10119,39.23819,5.7
0583720090700100020308,-0.03609,40.70281,3.93
0583720100700200010515,0.06656,38.975,12.175
0583720240400900010104,-0.16146,33.02423,0.27
0504520020300900010127,0.13943,41.52827,5.28
0504520010301100010233,-0.01138,37.47449,2.67
0505110000000000010225,0.19127,42.24605,17.165
0505110000000000010233,-0.10658,40.7951,24.91
0505110000000000010523,0.0898,41.39838,13.745
0505110000000000010547,0.10223,41.62055,12.76
0505110000000000011013,0.06565,43.5637,12.76
0505110000000000011035,0.15414,44.32591,12.76
0505120020500300010108,-0.08185,37.88807,1.575
0505120030200900010105,0.00277,,1.655
0514710000000000010228,0.04666,41.77436,5.215
0514710000000000010231,-0.0047,42.99118,5.215
0514710000000000020306,0.15516,45.03174,6.08
0517220060601500010108,-0.00636,41.74018,1.615
0549010000000000010220,0.1221,,10.79
0549010000000000010323,0.13622,,16.6
0549020030300200010113,-0.1519,35.72105,1.65
0549020120300300010132,-0.12201,,1.175
0549020050401800010110,-0.15557,35.71763,0.91
0565920010100100010106,0.0406,38.82974,0.945
0565920010300300010109,0.03914,39.73722,2.815
0565920010300300010128,-0.02466,36.66442,2.815
0565920020300400010107,0.03112,36.54992,0.58
0566510000000000010414,-0.04779,,10.41
0566510000000000010722,0.03987,44.04222,15.27
0566510000000000010828,0.00393,38.09657,9.63
0566510000000000010849,0.05796,41.87349,9.63
0566510000000000020106,-0.03765,,8.62
0566520020300300010111,-0.13959,37.63343,0.845
0583720090700100010101,0.07079,41.30268,3.555
0583720100700200020128,-0.23281,35.26987,6.315
0583720070201200010130,-0.0866,,0.45
0583720020101300010210,-0.06435,39.10489,1.555
0583720090603100010109,0.00814,35.79625,1.345
0583720220103600010102,-0.05493,,0.345
0514710000000000010107,0.20361,45.82472,13.76
0514710000000000010302,0.21243,45.81446,13.76
0514720010700700010126,-2e-05,39.48258,1.065
0514710000000000010503,0.23741,47.86186,12.58
0514710000000000010612,0.14319,45.96656,12.58
0514710000000000010813,0.26488,48.03959,18.105
0514710000000000030217,0.17088,49.54694,15.21
0514710000000000030528,0.03372,39.73722,7.645
0514720010700700010117,0.0453,40.97455,1.21
0517210000000000010705,0.12204,40.57635,5.755
0517210000000000020601,-0.02232,42.80488,8.085
0517210000000000040114,0.22413,44.77368,15.265
0517210000000000050105,-0.09945,43.41159,12.825
0517210000000000050312,0.22307,47.31156,10.82
0517210000000000050412,0.16635,48.06181,10.82
0517210000000000050504,0.24909,49.67683,10.82
0517210000000000060623,0.22327,45.10351,8.68
0517210000000000060625,0.15484,45.05224,8.68
0517210000000000060916,0.16146,46.05372,10.245
0517210000000000060921,0.12068,45.69141,10.245
0549020050300500010105,-0.1781,,0.85
0565910000000000010143,0.06153,38.25038,1.795
0565910000000000010316,0.05741,36.91565,9.155
0565910000000000010113,0.11559,40.5097,10.23
0566510000000000020110,-0.19161,37.09509,14.99
0583720110201800010107,-0.08703,37.78895,1.21
0583720110201800010333,0.00924,37.55653,0.94
0505120040101000010120,-0.00363,37.68128,1.04
0504520020300900010219,-0.04489,40.17644,6.03
0504520020300900010318,0.20208,43.47312,5.28
0505110000000000010539,0.05024,38.69814,7.505
0505110000000000010608,-0.13598,37.01648,9.675
0505110000000000011027,0.20141,42.54513,12.76
0514710000000000010206,0.2197,43.94908,5.215
0514710000000000010606,0.2002,47.08255,17.3
0517220070300300010114,0.01682,42.26998,1.355
0549020120600100010427,-0.10747,37.20447,2.44
0549020030300200010208,0.01468,36.41149,5.25
0549020040400900010129,-0.08294,36.99426,0.625
0565920010300300010121,0.12126,37.67616,2.725
0566510000000000010248,-0.11671,37.31726,8.62
0583720100700200010519,0.2007,40.39177,12.175
0583720100700200020114,0.17447,38.30849,12.175
0583720100700200020129,-0.05066,37.22669,6.315
0583720090600300010202,-0.01103,40.24993,3.02
0583720100400800010107,0.11052,41.83076,4.015
0583720010203800010110,-0.10385,,1.07
0504520020300900010104,0.13887,44.72411,6.03
0504520020300900010325,0.02681,39.81071,5.28
0504520010301100010205,0.10463,39.5424,3.32
0505110000000000010221,0.07476,41.1181,24.91
0505110000000000010337,-0.02655,41.01214,15.375
0505110000000000011037,0.05698,42.51778,12.76
0505120060600500010108,-0.0252,38.76651,0.74
0505120030101100010128,0.01767,39.50138,2.015
0514710000000000030238,0.17437,45.18896,7.645
0549020120301000010111,0.03124,,0.67
0549020120301400010107,-0.10936,36.07311,0.55
0549010000000000010401,0.14992,,16.6
0549020120600100010309,-0.11898,35.30405,1.665
0549020120100700010107,0.0626,40.03288,1.54
0549020090501500010121,0.15908,40.92669,1.44
0566510000000000010116,0.05827,40.91473,15.27
0565920010300300010131,0.05613,37.92909,2.725
0565920020300400010102,-0.06235,35.9774,0.58
0565920010100500010110,-0.16913,,1.79
0566510000000000010503,0.17308,41.22748,9.63
0566510000000000010666,0.00723,42.04439,8.705
0566510000000000010712,0.05483,41.32318,10.41
0566510000000000010731,-0.02184,41.72651,10.41
0566510000000000010820,0.11471,40.58489,7.83
0566510000000000010842,-0.19192,35.29892,9.63
0566510000000000020115,-0.01343,37.98378,8.62
0583720090700100020428,0.11051,40.1696,4.275
0583720090700100020437,-0.07227,36.43542,4.275
0583720100700200010111,-0.14103,36.15343,5.7
0583720100700200010409,-0.03479,38.0829,10.215
0583720100700200020130,-0.22349,35.57407,12.86
0583720090600300010311,0.07368,42.123,4.29
0583720080301000010110,-0.01277,38.31874,2.685
0583720080301000010118,-0.01372,38.85196,2.78
0583720070202000010104,0.02773,35.50059,0.675
0583720050202800010103,0.08771,36.73278,0.425
0583720030802900010109,-0.06567,,1.305
0583720030803200010110,-0.08543,34.40853,1.325
0514710000000000010412,0.23903,49.6529,13.76
0514710000000000010803,0.25467,50.51082,18.105
0514710000000000030224,0.0678,47.55423,7.645
0514710000000000030512,0.15282,43.50217,4.785
0514710000000000030626,-0.00454,42.19136,4.785
0517210000000000010108,0.22674,44.99072,13.85
0517210000000000010123,-0.1092,39.76628,5.765
0517210000000000010318,0.21325,44.56347,13.85
0517210000000000010403,0.23322,45.77686,13.85
0517210000000000020308,0.12722,49.27692,20.63
0517210000000000020516,-0.02271,41.1557,3.075
0517210000000000030102,0.19039,46.428,13.85
0517210000000000050101,0.02179,43.40647,12.825
0517210000000000060736,0.15318,45.87257,8.68
0517210000000000060802,0.19241,48.42241,10.245
0517210000000000060922,0.11063,44.4558,10.245
0549020030200400010120,0.00312,37.96156,0.78
0565910000000000010902,-0.05228,39.30484,3.59
0566510000000000030113,-0.03053,36.19274,4.415
0514710000000000020107,0.21913,45.73756,12.58
0549020120600100010310,-0.054,35.35874,1.665
0549020120600600010111,-0.03495,35.25107,1.425
0565920010200600010106,-0.054,,1.13
0566520020300300010103,-0.04291,38.15468,0.845
0583720090700100020356,0.07076,39.20059,4.275
0583720100700200010501,0.13884,38.87588,12.175
0583720090600300010325,-0.08612,38.34267,2.62
0583720020101300010204,-0.05545,40.36443,1.68
0514710000000000010716,0.21312,46.19386,17.3
0514710000000000010321,0.27828,48.74371,18.105
0514710000000000010330,0.23824,46.74416,5.215
0514710000000000020109,0.0523,45.15478,17.3
0514710000000000020314,-0.09716,44.93261,17.3
0514710000000000020908,-0.02549,,5.965
0514710000000000030510,0.20744,45.38037,3.23
0517210000000000010207,0.15367,44.01146,16.13
0517210000000000010412,0.15379,49.62555,15.265
0517210000000000020313,0.06843,48.36431,18.36
0517210000000000020437,0.05262,44.99756,4.525
0517210000000000030119,-0.1889,44.98559,15.265
0517210000000000050419,0.23251,46.85354,8.38
0517210000000000060204,0.22212,47.32352,7.56
0517210000000000060307,0.25556,49.18463,11.315
0517210000000000060422,0.23818,47.87553,10.245
0517210000000000060519,0.2108,49.53669,10.245
0517210000000000060626,0.13441,43.8491,8.68
0517210000000000060929,-0.09112,42.83395,4.28
0517210000000000061010,0.14709,44.7019,8.68
0565910000000000010302,0.00354,38.38027,9.155
0565910000000000010213,-0.04935,39.25699,10.23
0566510000000000010246,0.00709,40.66522,14.99
0549020090201200010106,0.00661,37.49671,0.745
0504520020300300010104,-0.1886,36.89685,4.18
0504520020300900010322,0.07607,40.7763,5.28
0504520010301100010206,0.07299,38.85537,3.32
0504520010101400010112,-0.02085,34.11116,0.9
0505110000000000010304,0.0549,42.69381,24.91
0505110000000000010307,0.11112,43.94481,23.205
0505110000000000010407,0.0671,39.97648,14.085
0505110000000000010518,-0.1223,37.32068,13.745
0505110000000000010605,-0.16734,36.21666,9.675
0505110000000000011115,0.13225,42.28707,15.375
0549020030300200010213,0.05281,37.80775,2.72
0514710000000000010602,0.12524,45.17529,12.58
0514710000000000030608,-0.1687,46.17677,4.785
0549020030300200010216,-0.04193,37.84364,5.25
0549020030300200010209,0.08714,37.96327,5.25
0549010000000000010205,0.08021,,10.79
0549010000000000010208,0.08954,,8.395
0549010000000000010309,0.06253,,9.085
0549010000000000010814,0.15986,,5.48
0549020120600100010117,0.04234,37.43348,1.255
0549020120600100010316,-0.18454,36.661,1.665
0549020050300500010106,-0.01361,42.29561,0.82
0549020120600600010117,-0.16664,34.23934,0.945
0565910000000000010205,0.12194,41.88716,9.155
0565910000000000010221,0.06808,41.56586,9.155
0565910000000000010224,0.1188,41.30439,10.23
0565920010100100010122,0.00588,38.23159,1.545
0565920020500200010105,-0.04425,35.53135,0.735
0565920010300300010120,0.02458,37.96669,2.815
0566510000000000010351,-0.17446,34.59054,8.62
0583720090700100010226,-0.16334,40.93524,3.555
0583720090700100010511,0.14586,42.85446,5.545
0583720090700100020124,0.11243,41.90083,7.15
0583720090700100020306,0.08216,40.97455,4.275
0583720100700200020215,0.16998,41.43598,12.175
0583720100700200020515,0.1194,39.06387,12.86
0583720050200500010112,-0.15002,39.49796,0.755
0583720070201200010105,-0.09232,37.38221,0.92
0583720070201200010126,-0.10297,,0.92
0583720070201200010127,-0.09944,,0.92
0583720020101300010113,-0.05651,40.58147,1.555
0583720030802900010114,-0.10931,30.86404,1.305
0583720030803200010112,-0.21045,33.55744,0.65
0583720090503500010102,-0.19017,35.88511,0.67
0583720010204000010101,-0.03916,36.52087,0.71
0504520020300900010204,-0.00283,40.35247,2.615
0505110000000000010123,0.08865,40.34905,11.365
0505110000000000010137,0.14191,40.38665,11.365
0505110000000000010543,-0.08674,39.41593,12.76
0514710000000000020117,0.10339,48.30449,12.58
0514710000000000020307,0.1903,45.83326,11.755
0549010000000000010904,0.14459,,1.23
0549020120600100010417,0.05035,39.08438,2.44
0565910000000000010405,0.09333,41.65302,4.28
0566520020300300010101,-0.08029,36.849,0.845
0583720090700100020215,0.1386,,8.505
0583720090700100020229,0.1518,,8.505
0583720030700600010110,0.0021,35.49204,0.85
0583720030802900010107,0.01106,,1.655
0504520020500200010108,0.13515,39.41593,2.605
0505110000000000010124,0.00817,38.76309,11.365
0505110000000000010126,0.1375,41.56245,11.365
0505110000000000011118,0.11434,39.10147,6.665
0505120050401400010112,-0.15217,35.97398,0.725
0514710000000000020723,0.15647,45.3086,11.755
0514710000000000030229,0.20383,46.57326,15.21
0514720010601300010114,-0.05614,36.91394,1.91
0517220070300300010116,-0.10038,38.70498,0.68
0549010000000000010233,-0.01822,32.95416,5.485
0549010000000000010509,0.00063,,4.695
0549010000000000010826,-0.01077,,5.48
0549020120600100010423,0.05393,38.00941,1.515
0549020120300300010121,-0.01349,34.47347,0.965
0549020050300500010206,-0.04413,42.22725,0.82
0549020090201200010107,-0.15013,40.13371,0.745
0565910000000000010211,0.11392,41.71797,10.23
0566510000000000010334,0.02498,39.16983,8.735
0566510000000000010347,0.01735,37.78724,8.735
0566510000000000010508,0.17363,42.957,14.99
0566510000000000010635,-0.05634,43.11081,14.99
0566510000000000010845,-0.1775,35.33466,4.135
0566510000000000010871,-0.0856,37.13616,1.835
0566510000000000020118,0.14464,,8.62
0566520040200800010115,0.0188,37.54115,1.29
0583720100700200020315,0.11701,40.29436,10.215
0583720090700100020106,0.10921,43.4133,7.15
0583720090700100020320,0.0089,41.13519,4.275
0583720090700100020408,0.05519,,6.285
0583720090700100020504,0.1764,,8.505
0583720090700100020519,-0.10252,,8.505
0583720100700200020204,0.16659,41.37616,10.215
0583720100700200020412,0.20506,40.67718,12.86
0583720100700200020519,0.09848,37.29676,12.86
0583720100400800010427,-0.06692,38.3102,4.015
0583720090402400010114,0.04678,39.28434,6.965
0583720090402400010129,-0.01151,35.83726,2.8
0583720030802900010122,-0.09921,34.62728,1.65
0583720030803200010107,-0.12277,35.17246,1.325
0514710000000000010301,0.22104,47.07229,13.76
0514710000000000010322,0.25812,48.92144,18.105
0514710000000000010414,0.07906,47.491,13.76
0514710000000000010416,0.2404,50.08357,18.105
0514710000000000010508,0.28895,49.3111,12.58
0514710000000000010528,0.05908,49.13336,12.58
0514710000000000010801,0.23874,50.58431,18.105
0514710000000000020506,0.03787,44.33275,15.54
0514710000000000030404,0.07824,47.22952,15.54
0514720010700700010109,0.06628,40.54046,1.21
0517210000000000010529,0.03013,45.21973,7.24
0517210000000000020401,0.15286,49.43756,9.055
0517210000000000030108,0.06888,48.62066,15.265
0517210000000000030216,0.20766,46.74929,12.825
0517210000000000050119,0.22484,49.83747,20.63
0517210000000000050324,0.22947,49.86823,10.82
0517210000000000050707,0.03181,45.45386,8.38
0517210000000000060208,0.21482,46.06056,7.56
0517210000000000060517,0.20426,49.25299,10.245
0517210000000000060608,0.22244,48.68389,8.68
0517210000000000060704,0.1193,47.76273,8.68
0517210000000000060808,0.21207,49.01031,10.245
0517210000000000060820,0.2262,48.85308,10.245
0517210000000000060914,0.12015,47.13724,10.245
0517210000000000061013,0.12323,44.2285,3.805
0549020050300500010204,0.03169,38.35634,0.82
0565910000000000010603,-0.02732,40.18157,3.59
0565910000000000010703,0.03634,38.33242,5.21
0583720110201800010322,-0.02021,37.6659,0.94
0583720090103900010118,-0.00152,35.73985,1.62
0504520030101500010105,0.08712,40.38323,2.66
0504520010101400010107,-0.01095,32.72345,0.875
0505110000000000010202,0.00245,40.4157,17.165
0505110000000000010217,0.04333,42.81515,24.91
0505110000000000011036,-0.00673,40.79339,12.76
0505120060400100010108,-0.08513,37.09168,0.875
0505120060600500010104,-0.07021,40.10637,0.74
0549010000000000010211,0.18361,,16.6
0549010000000000010501,0.02931,,4.695
0549020120600100010131,-0.06991,35.77916,1.255
0583720090700100020358,0.10571,40.89935,4.275
0565910000000000010118,-0.01965,37.81886,2.45
0565920010100500010101,-0.11922,,1.66
0566510000000000010211,0.04793,43.32102,15.27
0583720090700100010105,0.09822,43.02365,5.175
0583720090700100010319,0.05007,41.79316,3.06
0583720090700100010411,0.10561,42.66305,3.06
0583720090700100010515,0.09133,43.02536,5.545
0583720090700100010701,-0.21576,,2.715
0583720090700100010716,-0.24588,,6.515
0583720090700100010719,-0.12327,,2.58
0583720090700100020364,0.02657,42.9946,3.93
0583720090700100020426,0.19203,43.17404,4.275
0583720100700200020103,0.06685,36.78747,12.175
0583720070201200010124,-0.091,,0.635
0583720090402400010116,0.07616,40.38323,6.965
0583720090402400010121,0.02899,38.01796,6.965
0583720050202800010102,0.0327,37.58729,0.425
0514710000000000020703,0.15005,45.66236,11.755
0504520020500200010215,0.0659,40.07219,2.605
0504520020300900010314,0.15622,41.52485,5.28
0505110000000000010525,0.05655,39.97648,13.745
0505110000000000010804,0.14722,43.41159,16.955
0505110000000000011113,0.07969,41.80854,12.76
0514710000000000020710,0.18843,45.28125,11.755
0514720010601300010108,-0.03595,38.41274,1.91
0517220070300300010101,-0.1087,42.86813,0.25
0517220070300300010107,0.01416,44.57372,1.355
0549020120600100010411,-0.07213,38.93399,1.515
0549020030300200010124,0.07674,37.67445,3.51
0566510000000000010344,-0.25409,34.12142,8.735
0566510000000000010346,0.04963,38.34267,8.735
0583720090700100010403,0.14002,43.24411,3.06
0583720080301000010111,-0.01638,38.69644,2.685
0583720070201200010123,-0.12761,,0.92
0583720030802900010119,0.04578,35.11093,1.65
0583720030803200010103,-0.21534,33.8719,0.65
0514710000000000020427,-0.02041,46.31349,15.54
0514710000000000030116,0.29515,47.30472,15.21
0514710000000000030430,-0.01522,45.64356,15.54
0514710000000000030619,0.17244,44.94287,4.935
0514720011001000010141,0.02323,38.43496,3.01
0517210000000000010201,0.21677,42.18453,5.755
0517210000000000010218,0.17377,43.50559,5.755
0517210000000000010303,0.17193,46.31008,13.85
0517210000000000010603,0.19006,46.51174,16.13
0517210000000000010711,0.1625,40.11321,5.755
0517210000000000020111,0.25009,47.74564,18.36
0517210000000000020330,0.192,48.4771,20.63
0517210000000000020419,0.17621,48.88214,9.055
0517210000000000020515,-0.05551,41.14203,3.075
0517210000000000040102,0.1362,45.31543,7.93
0517210000000000060217,0.20837,49.07696,7.56
0517210000000000060713,0.20204,46.79885,8.68
0517210000000000060915,0.04104,44.1533,10.245
0517210000000000060933,0.19925,44.11912,3.075
0517210000000000061003,0.14915,45.24707,8.68
0549020030200400010114,0.05403,40.3217,0.78
0565910000000000010521,0.09904,35.68516,1.865
0566510000000000010860,-0.11132,35.45615,3.53
0566510000000000011005,0.02797,38.49477,3.53
0583720110201800010110,-0.06274,38.22646,1.21
0583720110201800010121,-0.05174,36.28673,0.84
0583720110201800010207,0.0885,37.99745,1.21
0583720110201800010214,-0.03051,36.6029,1.21
0504520010301100010215,-0.12193,38.80752,2.67
0505110000000000010334,0.05148,41.0805,15.375
0505110000000000010527,-0.02517,39.71501,13.745
0505120040101000010108,0.02655,38.46572,1.23
0514710000000000010214,0.12945,39.36979,5.215
0566510000000000010862,-0.06638,36.71911,7.83
0583720100700200010418,0.00572,38.20766,13.09
0583720090600300010218,-0.07139,40.74212,4.665
0583720090603100010105,0.07188,35.84752,1.345
0583720050604200010104,-0.10835,36.69519,0.375
0566510000000000030108,-0.11422,35.62534,4.415
0566520040200800010112,0.09219,,1.29
0583720090700100010313,0.14683,44.62841,5.545
0504520020500200010115,0.11451,41.48896,2.605
0504520020300900010210,-0.01096,42.58443,6.03
0504520030101500010118,0.07002,38.98868,2.66
0505110000000000010226,0.02142,39.22452,17.165
0505110000000000011039,0.15361,41.8564,12.76
0505110000000000011116,0.13383,41.97944,6.665
0505120040101000010113,-0.02266,38.63662,0.955
0505120030101100010127,-0.00489,37.48817,2.015
0514710000000000010807,0.18929,48.60698,18.105
0514710000000000020206,0.22908,46.28957,9.59
0514710000000000030530,0.1075,45.82813,7.645
0514710000000000030605,0.15009,46.52883,4.935
0514710000000000030622,0.14008,47.18167,15.54
0517220060601500010113,-0.0734,39.7338,1.615
0549010000000000010806,0.1475,,5.48
0549010000000000010828,-0.03187,,5.48
0549020120600100010121,-0.09541,36.63366,1.255
0549020030300200010118,-0.06326,37.35828,3.51
0549020030300200010205,-0.05237,36.38756,5.25
0549020120300300010127,-0.03621,,0.5
0549020120600600010115,-0.14713,37.03357,0.86
0549020120100700010113,0.12528,38.12392,1.54
0549020090200800010101,-0.06581,36.73278,1.3
0549020090200800010105,0.09015,36.76696,1.29
0549020120301000010109,0.01866,,0.835
0565910000000000010404,0.09147,41.10101,4.28
0565910000000000010517,0.09582,38.64004,4.28
0565920020500200010101,-0.11326,34.48031,0.595
0565920010300300010119,-0.11731,37.36854,2.815
0566510000000000010124,0.03027,41.72993,15.27
0566510000000000010743,0.0666,41.27362,10.41
0583720090700100020203,0.03985,41.17621,3.93
0583720100700200010110,-0.01324,36.9447,5.7
0583720100700200020502,0.16049,40.11662,12.86
0583720050200500010122,-0.09343,36.58239,0.44
0583720090302300010109,-0.07578,35.30918,3.815
0583720090402400010103,-0.06269,38.07265,6.965
0583720030802900010117,0.04814,35.66123,1.65
0583720030803200010106,-0.21889,33.80696,1.325
0583720010203800010101,-0.15422,36.12779,0.775
0514710000000000010327,0.26122,47.17996,5.585
0514710000000000010333,-0.17801,40.71734,5.585
0514710000000000010401,0.28354,46.18361,13.76
0514710000000000010618,0.07738,44.65063,4.115
0514710000000000010730,0.07528,46.81594,17.3
0514710000000000010821,0.27059,48.66851,18.105
0514710000000000020520,0.18045,45.62647,15.54
0514710000000000020613,0.19942,49.11285,11.755
0514710000000000020803,0.07117,,5.965
0514710000000000020907,-0.04501,,5.965
0514710000000000030612,0.19237,46.56643,4.935
0514720010700700010113,0.04729,,1.21
0514720011001000010125,-0.08903,38.89297,3.01
0517210000000000010103,0.21137,42.6357,5.28
0517210000000000010106,0.17649,43.37741,5.28
0517210000000000010306,0.1939,45.52222,16.13
0517210000000000020225,0.04505,48.648,9.055
0517210000000000020231,0.03885,46.73733,8.085
0517210000000000020435,0.10291,46.35622,9.055
0517210000000000020512,-0.00775,44.14647,8.085
0517210000000000050117,0.25351,47.8892,12.825
0517210000000000050302,0.19043,48.5728,10.82
0517210000000000050527,0.1579,49.42389,10.82
0517210000000000060316,0.26363,49.72126,11.315
0517210000000000060917,0.15406,47.28592,8.085
0549020030200400010115,-0.01904,39.8842,0.78
0565910000000000010901,-0.1221,35.85777,3.59
0566510000000000010902,-0.14944,36.14071,7.385
0583720110201800010108,-0.07873,37.59071,1.21
0583720110201800010127,0.02046,37.20789,0.84
0514720010700700010110,0.04709,43.13815,0.895
0514710000000000010710,0.18694,46.12038,17.3
0514710000000000030615,0.17006,47.79862,4.785
0514720010700700010118,0.14958,40.97455,1.21
0517210000000000010120,-0.01467,40.45672,3.27
0517210000000000010502,0.22674,47.41239,13.85
0517210000000000020104,0.20301,48.21391,18.36
0517210000000000020511,0.12535,45.29492,8.085
0517210000000000030101,-0.08097,43.42868,5.765
0517210000000000050603,0.19606,49.24957,20.63
0517210000000000050709,0.1014,44.03367,8.38
0517210000000000060102,0.26955,50.10066,20.63
0517210000000000060218,0.21988,49.01886,7.56
0517210000000000060301,0.27048,50.43221,11.315
0517210000000000060421,0.22101,47.87553,10.245
0517210000000000060910,0.1867,48.80523,10.245
0549020030200400010118,0.05339,37.92055,0.78
0514710000000000010111,0.24699,46.17677,13.76
0517210000000000010102,0.10734,38.71182,5.28
0517210000000000050411,0.30746,48.32158,10.82
0517210000000000060906,0.028,45.39746,10.245
0565910000000000010131,0.12588,39.12711,3.455
0504520020300900010202,0.15959,41.10101,2.615
0504520030101500010102,0.01869,38.85196,2.66
0505110000000000011033,0.11007,42.90573,12.76
0514710000000000020601,0.14179,48.61382,17.3
0514710000000000020715,0.16029,46.56814,11.755
0514710000000000030225,-0.00908,41.63422,15.21
0549020120300300010106,-0.04191,,0.995
0549010000000000010916,0.12518,,5.48
0549020120600100010120,0.03751,37.01135,1.235
0549020030300200010122,-0.09175,36.6029,1.65
0549020120101100010102,-0.07172,34.08724,0.725
0565920010100500010116,-0.08462,,1.295
0565920010100500010125,-0.03254,,1.79
0566510000000000010563,-0.01566,39.02286,11.325
0583720090700100010301,0.03779,42.69381,3.555
0583720090700100010503,0.11724,44.02684,5.545
0583720090700100020313,0.0817,41.14545,4.275
0583720090700100020346,0.0323,42.24605,4.275
0583720090700100020514,0.14411,41.38471,8.505
0583720090600300010104,0.05451,41.48896,4.665
0583720100400800010415,0.11135,40.32854,4.015
0583720050604200010107,-0.07122,38.14101,0.39
0505110000000000010335,0.04162,40.95575,15.375
0504520020300300010102,-0.14337,36.40978,4.18
0505120030101100010104,0.01576,39.68595,2.015
0514710000000000020316,-0.18113,44.09862,17.3
0514710000000000020726,0.08772,43.79441,11.755
0549020030300200010201,-0.05963,35.86119,5.25
0549020120300300010120,-0.06699,,1.18
0549010000000000010505,-0.02468,,4.885
0549020120600100010229,-0.02253,35.57066,1.115
0549020120300300010123,-0.19487,35.11606,0.765
0549020090200800010108,0.01429,37.63856,1.3
0549020120301000010107,0.04433,,0.835
0549020120801600010109,0.04262,37.00964,0.565
0565910000000000010610,0.01812,40.0175,7.32
0565920020500200010104,-0.11273,36.64562,0.595
0565920010100500010121,-0.15576,,1.66
0566510000000000010423,0.0135,39.37833,5.19
0566510000000000010562,0.17906,40.59515,11.325
0566510000000000010636,0.09094,42.11958,11.325
0566520020300300010112,-0.13031,36.96179,0.845
0566520010100400010111,-0.09873,36.32262,0.98
0583720090700100010127,0.0228,39.40568,5.175
0583720020101300010106,-0.15781,34.87338,1.125
0583720020101300010121,-0.14157,36.50719,1.68
0583720090302300010107,-0.17958,34.90927,3.135
0583720030802900010116,0.15564,35.64585,1.305
0583720090103900010107,-0.13909,34.79135,1.62
0514710000000000010112,0.26714,47.75419,15.21
0514710000000000030122,0.19725,45.83839,15.21
0514710000000000030123,0.15339,45.81446,15.21
0514710000000000030204,0.15103,46.60061,15.21
0514710000000000030227,0.13964,45.37012,15.21
0517210000000000010313,0.25016,47.25858,16.13
0517210000000000010707,0.12219,40.65667,5.755
0517210000000000020107,0.15518,50.26131,18.36
0517210000000000020303,0.20644,48.77105,9.055
0517210000000000020304,0.23462,49.13678,9.055
0517210000000000060502,0.2491,49.93318,11.315
0517210000000000060725,0.03276,45.13428,8.68
0517210000000000060737,0.1294,46.08107,6.08
0517210000000000060912,0.06917,46.51345,8.085
0549020050300500010109,-0.07471,37.34632,0.85
0565910000000000010227,-0.08587,37.06091,3.59
0565910000000000010515,-0.01384,37.97523,4.28
0566510000000000011004,-0.16066,36.12438,3.06
0583720110201800010116,-0.07515,37.62318,1.21
0504520020500200010308,0.08034,38.92032,4.9
0504520010301100010116,0.13942,39.32535,4.295
0504520010301100010228,-0.01303,39.34757,2.67
0504520010101400010116,-0.14474,33.74714,0.9
0505110000000000010208,0.072,41.35907,24.91
0505110000000000010339,0.05221,39.87394,12.76
0505110000000000010524,0.01747,40.31658,13.745
0505110000000000010528,-0.13417,39.46036,13.745
0505110000000000010541,-0.07816,38.42812,7.505
0505110000000000011019,0.10816,42.91598,23.205
0505120030101100010114,0.03688,39.8842,2.015
0505120030101100010118,-0.01393,37.99061,1.27
0505120050401400010107,-0.07468,37.93593,1.08
0505120050401400010109,-0.12983,37.01306,1.08
0549020030300200010131,0.0171,37.86415,3.51
0514710000000000010224,-0.11863,45.76661,13.76
0514710000000000010608,0.2284,45.41114,12.58
0514710000000000020615,0.20814,49.43244,11.755
0514710000000000030239,0.10413,44.49852,7.645
0517220070300300010110,0.10065,42.73824,1.355
0517220060601500010105,-0.05502,41.91108,1.615
0549020120300300010122,-0.03059,,1.18
0549020120600100010311,-0.15078,34.88705,0.785
0549010000000000010311,0.11619,,9.085
0549010000000000010315,0.14428,,16.6
0549010000000000010321,0.17141,,16.6
0549010000000000010329,0.13172,,11.43
0549010000000000010719,0.21942,,4.785
0549010000000000010815,0.15452,,5.48
0549010000000000010821,0.11399,,5.48
0549020120600100010115,0.11296,37.6078,2.44
0549020120600100010130,0.0229,35.91246,1.255
0549020120300300010130,-0.05771,,0.495
0549020120600600010104,-0.06921,,1.425
0549020120100700010109,-0.04623,38.62637,1.54
0549020120801600010102,-0.10239,35.49546,0.645
0565910000000000010225,0.1086,41.80513,10.23
0566510000000000010219,0.07263,44.12596,15.27
0566510000000000010740,0.10089,41.43598,10.41
0566510000000000010904,0.09966,40.05168,15.27
0566510000000000020101,0.14956,38.09316,8.62
0583720090700100020208,0.17371,44.64208,8.505
0583720090700100020223,0.1423,42.60323,7.15
0583720090600300010209,-0.06963,40.91473,4.665
0583720090600300010211,0.07073,40.549,4.665
0583720090600300010219,0.04797,40.99505,4.665
0583720090600300010338,-0.06433,37.98891,2.71
0583720090302300010105,-0.02511,35.96886,4.995
0583720090103900010102,-0.19556,32.95245,1.7
0504520010301100010103,-0.02991,37.67274,4.295
0504520030101500010121,0.07791,38.62978,4.085
0583720100700200010302,0.13907,40.05168,13.09
0549010000000000010128,0.12638,,9.085
0549010000000000010222,0.17472,,10.79
0549020090501500010107,0.08956,39.37491,2.03
0583720090700100010308,0.1786,42.66647,1.645
0583720240400900010103,-0.244,32.56964,0.255
0514710000000000010219,-0.18954,40.03801,5.215
0514710000000000010815,0.27001,47.1492,18.105
0514710000000000020217,0.05756,42.48018,9.59
0514710000000000020411,0.11095,45.79395,17.3
0514710000000000030102,0.24127,43.81492,15.21
0514710000000000030111,0.28377,43.90379,15.21
0514710000000000030230,0.12193,45.41114,15.21
0514710000000000030403,0.24118,46.89114,15.54
0514710000000000030514,0.03566,42.96383,7.645
0514710000000000030524,0.18752,45.49659,7.645
0514720010700700010101,-0.09481,39.26554,1.21
0517210000000000010128,0.03831,38.66226,5.28
0517210000000000020309,0.23114,47.40042,20.63
0517210000000000020434,0.01361,44.33275,7.24
0517210000000000050127,0.18195,47.49613,12.825
0517210000000000050313,0.23449,49.39997,10.82
0517210000000000050318,0.19439,47.32865,10.82
0517210000000000060428,0.15635,48.61382,11.315
0517210000000000060429,0.11528,48.61382,11.315
0517210000000000060624,0.01927,45.37012,8.68
0517210000000000061004,0.0937,47.09451,8.68
0565910000000000010314,-0.02175,38.46401,7.8
0565910000000000010716,0.03051,37.61121,5.21
0565910000000000010719,0.00776,36.46276,3.275
0566510000000000010558,-0.02631,37.67957,7.83
0566510000000000030104,-0.02166,36.05943,4.415
0583720110201800010130,-0.03813,36.68151,0.84
0514710000000000030643,0.02472,41.09076,4.785
0504520030101500010113,0.13914,40.49261,4.085
0504520010101600010109,-0.18531,34.9144,1.1
0505120030200900010117,-0.18421,,1.035
0514710000000000030631,-0.16149,42.98605,4.935
0549010000000000010712,0.02156,,5.48
0549020120300300010117,0.08416,,0.995
0549020120301400010104,-0.0146,36.07823,0.55
0566510000000000010215,0.08984,41.42743,14.99
0566510000000000010507,0.04149,42.38106,11.325
0566510000000000010632,0.06682,41.61201,15.27
0583720090700100010306,0.12648,43.91917,5.175
0583720090700100020213,0.17158,45.80592,8.505
0583720100700200020504,0.05405,37.07117,10.215
0583720100400800010418,-0.15698,36.17052,4.015
0583720070201200010102,-0.03141,37.3617,0.82
0504520020300900010222,-0.06545,38.28456,4.93
0514710000000000010117,0.19843,43.08005,15.21
0514710000000000010202,0.1913,43.78416,5.215
0514710000000000020702,0.21083,44.15672,11.755
0549010000000000010132,-0.0477,33.36091,8.395
0549010000000000010512,-0.03375,,4.885
0549020120600100010205,-0.10118,36.3944,1.665
0549020120600100010404,0.04636,37.72059,2.44
0549020120300300010108,-0.06766,,1.175
0549020120100700010108,-0.16889,37.59754,0.915
0549020090200800010114,0.02259,38.12392,1.29
0583720050200500010110,-0.17036,38.98526,0.755
0566510000000000010412,0.03651,39.68424,10.41
0566510000000000010418,-0.0882,37.93251,5.19
0566510000000000010501,0.09285,41.50434,11.325
0566510000000000011002,-0.13864,37.90858,3.36
0583720090700100010404,0.19582,43.76365,3.06
0583720090700100010516,0.14387,42.33321,5.545
0583720090700100020341,-0.01408,37.87782,3.93
0583720100700200020112,0.03953,37.34803,12.175
0583720090600300010335,0.0349,39.60905,3.035
0583720090600300010348,-0.00303,39.1835,2.13
0583720030700600010106,-0.11283,34.71957,0.87
0583720100400800010307,0.08669,40.73528,3.415
0583720080301000010102,-0.11149,36.16539,2.685
0583720070201200010103,-0.02971,36.78747,0.92
0583720070202000010102,-0.16684,32.8858,0.675
0583720090302500010103,-0.13537,36.36022,5.395
0583720090602600010120,0.03738,37.86415,2.36
0583720010203800010106,-0.14049,38.02821,1.12
0514710000000000020911,0.04859,,5.965
0514710000000000010334,0.23397,46.57497,5.585
0514710000000000010502,0.24463,49.01373,18.105
0514710000000000020916,-0.07105,40.27385,6.08
0514710000000000030114,-0.0598,43.25778,15.21
0514710000000000030518,0.18652,46.35451,7.645
0517210000000000010703,0.1129,39.66203,5.755
0517210000000000010704,0.10843,38.59902,5.755
0517210000000000060311,0.2633,48.77447,11.315
0517210000000000061017,-0.00612,43.24069,3.805
0549020050300500010203,-0.11832,38.00087,0.85
0565910000000000010124,0.1845,39.09122,3.455
0565910000000000010125,-0.01263,37.99403,3.455
0565910000000000010803,0.10479,36.93103,4.275
0566510000000000010425,-0.13639,37.23723,6.13
0566510000000000010566,-0.14773,36.91394,4.34
0583720110201800010106,-0.0791,37.53602,1.21
0583720110201800010115,-0.08865,37.14465,0.84
0583720110201800010305,0.06102,39.71842,1.21
0517220060601500010110,-0.04203,42.74166,1.615
0504520020500200010302,-0.00092,38.04872,4.9
0504520030101500010116,0.13763,40.35588,2.66
0505110000000000010111,0.06057,42.39302,16.955
0505110000000000010115,0.12426,41.78633,16.955
0505110000000000010806,0.14877,42.83395,16.955
0505110000000000010807,0.1099,41.82563,16.955
0505110000000000011006,0.05344,43.17575,23.205
0505110000000000011125,-0.08299,40.17302,12.76
0505120030101100010112,-0.08478,38.23159,2.015
0517220070300300010108,0.10759,44.45751,1.355
0514710000000000020102,0.02932,43.3945,6.06
0514710000000000020108,0.00596,43.75681,9.59
0514710000000000020405,0.2024,46.94583,17.3
0549020120600100010208,-0.05461,37.19763,2.44
0549020030300200010104,-0.02058,37.13269,3.51
0549020050401800010102,-0.09086,35.51939,0.91
0566510000000000010117,0.01471,40.36272,15.27
0566510000000000010218,0.07322,42.06831,10.41
0566510000000000010848,0.17797,41.17621,9.63
0583720090700100010212,0.15854,43.20993,5.175
0583720090700100010604,0.16626,42.9946,2.385
0583720090700100020321,0.03005,37.00793,3.93
0583720090600300010108,0.07868,39.45011,3.02
0583720090600300010308,0.08604,39.08438,3.04
0583720080301000010123,0.00251,38.57851,2.78
0583720050603700010104,-0.11446,36.15514,0.68
0504520020500200010210,0.11849,40.50286,2.605
0505120030101100010109,0.03901,39.30313,2.015
0517220060601500010111,0.0004,42.16914,1.615
0549010000000000010611,-0.10255,34.53329,3.47
0549010000000000010801,-0.07092,,5.48
0549020050300500010107,0.00302,42.5776,0.85
0549020120600600010108,-0.00292,36.73962,1.425
0549020040400900010125,-0.06699,35.92613,0.74
0566510000000000010729,0.05538,41.80513,10.41
0566510000000000010851,0.10169,38.01112,7.83
0565920010100500010117,-0.05804,,1.79
0566510000000000011015,-0.03011,39.52189,3.36
0583720090700100010138,0.03029,40.65496,5.175
0583720090700100020525,0.12515,,8.505
0583720090700100020527,0.09365,,8.505
0583720100700200010408,0.13903,40.06877,13.09
0583720100700200020207,0.07581,40.59515,10.215
0583720100700200020307,0.17911,42.11958,10.215
0583720090600300010212,0.07286,40.59685,4.665
0583720100400800010422,-0.19598,36.11412,2.585
0583720230401400010101,-0.12804,40.11321,0.24
0583720030802900010115,0.06614,,1.305
0504510000000000030115,0.20803,44.10887,16.705
0583710000000000050125,0.22875,41.6103,10.845
0583710000000000010237,0.14442,39.63981,22.25
0504510000000000030206,0.26741,46.51345,16.955
0504510000000000020403,0.1532,43.7722,18.645
0504510000000000100605,-0.00826,40.68401,10.785
0504510000000000080515,-0.00243,38.45888,12.3
0583710000000000010141,0.19025,43.35691,17.915
0504510000000000060201,0.15752,43.51414,16.74
0583710000000000030727,-0.03012,37.30359,6.985
0504510000000000080208,0.19103,41.92817,14.38
0504510000000000030516,0.03516,40.9848,16.705
0504510000000000050109,0.17625,41.55561,15.34
0504510000000000010701,-0.22754,35.51255,6.365
0583710000000000010411,0.05825,41.09759,14.785
0583710000000000040172,0.08707,41.64619,22.47
0583720090104100010301,0.00744,32.89264,2.045
0583710000000000030708,0.17094,44.12596,11.4
0504510000000000020315,0.27772,44.88818,16.955
0504510000000000060217,0.18804,44.6831,23.56
0504510000000000100405,-0.00544,36.74987,6.15
0504510000000000100615,-0.15532,39.93547,10.785
0583710000000000010203,-0.10297,39.93034,22.25
0504510000000000010112,-0.24974,37.40955,14.155
0504510000000000090511,-0.10349,42.70748,14.55
0504510000000000010717,-0.08145,37.63514,6.365
0504510000000000090202,0.17525,42.92965,6.95
0504510000000000090123,-0.20729,39.2963,9.835
0583710000000000050103,-0.10313,40.02434,10.845
0504510000000000060309,0.20388,42.97921,15.52
0583710000000000020808,-0.08173,36.86267,8.205
0583710000000000050512,0.0765,36.67468,10.845
0583710000000000040409,-0.01663,43.41672,26.78
0504510000000000060628,0.12749,41.58637,12.89
0504510000000000020405,0.23492,44.28832,16.955
0583710000000000040206,0.06156,44.01658,25.975
0583710000000000040308,0.19142,43.68504,36.16
0504510000000000040626,0.13682,41.49921,8.54
0504510000000000080509,0.04442,41.0224,12.3
0504510000000000020304,0.21488,43.43723,18.645
0504510000000000050211,0.25856,41.96919,15.34
0504510000000000060205,0.1709,44.97363,16.74
0514720011200300010107,0.14924,41.37445,0.87
0514720011200300010115,0.12835,39.51847,0.945
0514720010800600010110,0.05143,38.60586,3.475
0514720011500900010101,-0.01442,,0.44
0514720011500900010103,-0.01563,37.11218,0.42
0514720010501100010110,0.03469,35.37241,0.79
0514720010601400010101,0.05214,38.71523,1.185
0514720010601400010105,-0.04882,39.02627,1.285
0517220100601300010103,-0.06894,39.45865,0.535
0504520020301700010103,-0.09736,37.14978,4.93
0583720050403300010102,-0.12082,35.76207,0.29
0505120040101900010102,-0.17493,36.25768,0.39
0505120020301700010105,-0.02235,40.89422,0.66
0505120040101900010105,-0.13602,37.33435,0.39
0565920020600700010101,-0.10546,35.71421,0.53
0583720200100700010104,-0.09818,,0.37
0565920010400800010106,-0.12186,35.18442,1.075
0504510000000000030411,0.22965,45.62818,11.18
0504510000000000070102,0.21382,42.2358,15.52
0504510000000000070412,0.1858,45.33423,18.215
0504510000000000050501,-0.08288,40.50457,12.89
0504510000000000100305,0.07266,39.54923,10.785
0583710000000000010103,0.13885,43.65598,17.915
0504510000000000090107,0.17474,44.59765,9.835
0504510000000000090114,0.25663,43.73631,18.79
0504510000000000050105,0.23283,43.05099,15.34
0583710000000000050302,-0.1356,35.55186,7.26
0583720090104100010112,-0.14166,33.76423,2.755
0504510000000000010313,-0.10803,43.36374,20.67
0583710000000000020115,0.14116,41.87007,14.5
0504510000000000020118,0.09143,42.39302,12.09
0504510000000000100223,0.05445,40.61224,10.785
0504510000000000100106,0.10635,42.45455,8.015
0504510000000000040133,0.23719,44.52929,18.79
0504510000000000080419,-0.041,38.81778,16.545
0504520010201000010113,0.03793,39.24332,4.55
0504510000000000080416,-0.00468,39.70988,16.545
0504510000000000040403,0.13802,43.68162,8.54
0583710000000000040412,0.15954,43.61838,26.78
0583710000000000040104,0.1965,44.59423,25.975
0583710000000000050521,-0.0357,35.8817,7.615
0504510000000000070221,-0.07925,42.4836,15.52
0583710000000000040737,-0.02811,36.00645,10.28
0583710000000000050111,0.03186,40.4157,10.845
0504510000000000100226,0.11163,40.05681,6.77
0583710000000000040408,0.0281,42.70406,26.78
0583710000000000050506,-0.04059,35.68345,7.26
0583710000000000050129,0.1419,40.11321,10.845
0504510000000000070439,-0.04256,44.05589,18.215
0504510000000000100113,0.12606,42.35884,8.015
0504510000000000080122,0.22279,44.32079,14.38
0583710000000000030321,0.14026,44.97021,25.975
0504510000000000070708,0.0103,39.43986,12.89
0583710000000000040141,-0.01623,39.08438,14.52
0504510000000000010406,0.04989,44.07127,14.155
0504510000000000080503,0.12881,42.93307,12.3
0504510000000000040624,0.16543,40.6054,8.54
0583710000000000040538,-0.0626,42.39302,22.47
0504510000000000100327,0.11271,40.60882,10.785
0504510000000000080102,0.21086,43.57224,16.545
0583710000000000020123,0.084,41.69917,14.785
0583710000000000010441,0.15612,38.80239,14.785
0583710000000000050118,0.07435,41.58295,10.845
0504510000000000050417,0.08597,43.40305,18.79
0504510000000000010223,0.06705,41.53168,23.56
0504510000000000090311,0.05664,42.58443,14.55
0504510000000000070736,-0.22065,40.78997,12.89
0583710000000000010231,-0.00519,39.76969,22.25
0583710000000000020805,0.03136,38.76651,10.155
0583710000000000040550,0.03286,42.18623,22.47
0504510000000000080103,0.17796,43.8491,16.545
0583710000000000020710,0.12649,45.43164,26.78
0504510000000000020207,0.17144,40.77288,16.955
0504510000000000090503,-0.03425,40.39348,6.95
0504510000000000050309,0.13442,42.26998,10.83
0504510000000000090507,0.00842,42.12984,14.55
0583710000000000030107,-0.0959,41.54877,36.16
0504510000000000060303,0.1667,44.46776,9.69
0504510000000000090313,0.18582,41.54194,14.55
0583710000000000040161,0.02992,42.56051,17.88
0583710000000000010516,0.19375,44.07127,36.16
0504510000000000100502,-0.08272,36.93786,6.77
0504510000000000060323,0.1317,41.99312,9.69
0504510000000000030107,0.19976,42.4648,16.705
0583710000000000030725,-0.02423,39.75944,6.985
0504510000000000080508,0.18648,41.28559,12.3
0583710000000000010610,-0.2412,36.57385,22.25
0504510000000000040401,0.09205,41.61372,8.54
0583710000000000010213,-0.03395,41.53852,26.83
0583710000000000020508,0.13839,43.59446,28.885
0504510000000000070416,0.17525,45.31714,18.215
0504510000000000010601,0.07768,38.41787,8.375
0583710000000000010608,-0.08464,38.58486,21.705
0504510000000000050326,-0.08488,42.29048,8.54
0583710000000000040507,0.05962,41.53339,14.52
0504510000000000070516,0.18481,42.26485,15.34
0504510000000000070501,0.04221,43.37229,15.34
0504510000000000010105,0.12831,38.83145,16.545
0504510000000000100206,0.12737,41.38471,6.15
0504510000000000100125,0.11548,42.90915,8.015
0583710000000000030728,-0.14389,38.45205,6.985
0504510000000000050209,0.23964,44.65917,15.34
0504510000000000040136,0.23217,44.343,18.79
0583710000000000020315,0.11088,44.22167,24.965
0504510000000000040724,0.18875,44.07127,18.79
0504510000000000100211,0.13829,41.94355,8.015
0583710000000000020137,0.06561,41.85298,14.5
0504510000000000090112,0.19735,44.63866,9.835
0583710000000000020611,-0.12613,43.42868,28.885
0583710000000000040201,0.14036,43.52439,28.885
0583710000000000030604,0.16017,45.69312,18.77
0504510000000000040217,0.247,44.3037,18.79
0583710000000000020906,-0.05436,36.08678,14.5
0504510000000000070216,0.19492,42.92794,15.505
0504510000000000070309,0.19915,44.84887,18.215
0505120050401400010105,-0.08458,36.21666,1.08
0504510000000000080619,-0.06685,41.67524,12.3
0583710000000000030444,-0.14726,36.32262,8.925
0583710000000000040621,-0.37639,32.73617,1.645
0583710000000000050101,0.12613,40.0175,10.845
0504510000000000010520,0.20684,45.47608,20.67
0583710000000000050305,0.11891,36.18248,7.615
0504510000000000050114,0.22665,42.81515,15.34
0583710000000000030440,-0.20145,33.94197,11.075
0504510000000000070403,0.16183,42.40157,23.56
0583720090104100010119,-0.09737,35.23569,4.785
0583710000000000040126,-0.15473,34.12825,4.98
0583710000000000010131,0.15641,42.26314,17.915
0504510000000000020559,-0.05197,35.62193,7.465
0583710000000000020707,0.12734,43.81663,26.78
0583710000000000050106,-0.00911,40.49261,10.845
0504510000000000060801,0.16565,43.3364,16.74
0583710000000000040730,-0.07879,36.33288,10.28
0504510000000000100225,0.09483,40.46868,6.77
0504510000000000070701,0.02787,40.23454,12.89
0583710000000000030510,0.18827,46.10158,22.565
0504510000000000060120,0.2117,43.04245,23.56
0504510000000000030203,0.25984,45.5376,9.62
0583710000000000030729,0.08851,41.04974,11.4
0583710000000000030512,0.16553,45.87257,22.565
0504510000000000010403,0.15829,41.89058,14.155
0504510000000000020219,-0.05343,39.36808,19.935
0504510000000000020420,0.20613,44.32591,16.955
0504510000000000010103,-0.24584,36.57214,16.545
0583710000000000010138,0.22281,43.94139,17.915
0504510000000000050204,0.01527,41.54536,15.34
0583710000000000010205,-0.02529,42.63741,26.83
0583710000000000030712,0.11926,42.77584,11.4
0504510000000000090208,0.22414,44.12425,14.55
0504510000000000020610,0.06978,41.40863,12.09
0583710000000000030732,0.10506,41.00531,11.4
0504520030201800010101,-0.04824,38.28115,2.69
0504510000000000010511,-0.19723,38.9938,19.935
0504510000000000100233,0.07747,40.62249,8.015
0583710000000000010142,0.13855,43.2031,17.915
0583710000000000010113,0.25349,44.12938,17.915
0583710000000000010143,0.0066,44.1328,17.915
0504510000000000050106,0.20793,41.69233,15.34
0583710000000000010301,0.14118,42.52291,22.25
0583710000000000020705,0.07219,43.91575,26.78
0583710000000000010238,0.13186,39.39713,22.25
0504510000000000010720,-0.0143,36.33971,3.605
0583710000000000010428,0.13592,43.96873,14.785
0583710000000000010224,-0.17095,37.38392,22.25
0504510000000000060106,0.22236,43.42527,16.74
0504510000000000070125,-0.15232,40.16106,15.52
0504510000000000080414,0.08997,40.29436,16.545
0504510000000000070320,0.16023,45.43677,18.215
0583710000000000020326,0.03303,43.75681,24.965
0583710000000000030311,0.16211,44.50194,22.565
0504510000000000090116,0.23749,44.0952,18.79
0504510000000000100340,-0.07502,39.46549,10.785
0504510000000000070220,0.1748,41.16254,15.505
0583710000000000020308,0.18763,45.46582,26.83
0504510000000000020108,0.17038,44.70702,21.16
0583710000000000040148,-0.0064,41.10956,22.47
0504510000000000070737,-0.09902,41.56586,12.89
0583710000000000050401,-0.187,38.81094,10.845
0583710000000000040142,0.02879,40.21404,14.52
0504510000000000090510,-0.06104,40.34563,14.55
0583710000000000030318,0.17398,45.92726,36.16
0504510000000000060101,0.13272,40.44134,23.56
0583710000000000020901,-0.01096,38.14955,14.5
0583710000000000030422,0.0565,41.76753,17.88
0583710000000000020309,0.14931,45.8794,26.83
0504510000000000050308,0.19575,42.23921,8.54
0504510000000000070422,0.12761,43.44577,19.935
0504510000000000090332,-0.0051,42.42379,14.55
0583710000000000040144,-0.06258,38.8417,14.52
0583710000000000030229,-0.12334,38.53066,8.925
0583710000000000040132,-0.09891,37.2472,7.075
0583710000000000050409,0.01277,37.11218,10.845
0504510000000000040410,0.26568,42.73995,10.83
0583710000000000010509,0.11282,42.41524,36.16
0504510000000000100219,0.12825,41.14545,6.15
0504510000000000070302,0.20243,44.09862,18.215
0504510000000000060634,0.12108,39.91154,12.89
0514720011200300010116,-0.06394,38.84341,0.87
0514720010400400010105,0.16201,39.46036,3.265
0514720010400400010121,0.13814,40.58489,3.265
0514720010400500010114,-0.00147,39.79362,2.12
0514720010800600010103,-0.01176,39.1835,4.195
0514720010800600010116,-0.18555,38.38711,3.475
0514720010400800010103,0.05422,40.53704,5.05
0514720010400800010107,0.16421,40.02605,5.05
0514720010400800010113,-0.22434,35.09897,5.05
0514720010801200010106,0.07224,37.79066,1.27
0514720010601400010115,0.00309,40.4345,1.285
0504520020301700010106,0.07636,38.29995,4.195
0505120020301700010103,-0.08445,42.6152,0.66
0566520040701400010105,-0.04397,36.55163,0.455
0504520020301700010101,-0.11252,37.76161,4.93
0566520040701400010108,-0.06404,35.46128,0.455
0504510000000000050115,0.03585,42.48873,15.34
0504510000000000040504,0.28368,43.90037,10.83
0583710000000000010504,0.08853,43.5073,21.705
0504510000000000010327,0.06517,43.80808,20.67
0583710000000000010707,-0.0737,37.84364,13
0504510000000000020423,0.04697,43.42868,18.645
0504510000000000040709,0.26336,44.23192,14.55
0504510000000000050222,0.11911,44.00291,18.79
0504510000000000100339,-0.05018,39.45182,10.785
0504510000000000100229,0.03589,40.47381,8.015
0583710000000000050410,0.09145,37.68299,10.845
0504510000000000080221,0.14889,43.42527,16.545
0583710000000000020325,-0.0308,38.60244,14.5
0504510000000000070611,0.20095,44.16014,15.34
0504510000000000060423,0.20842,41.93501,15.52
0583710000000000040214,0.11249,43.10055,28.885
0504510000000000070711,0.0255,41.04291,12.89
0583710000000000050517,0.057,35.88853,10.845
0583710000000000050128,0.12657,41.38984,10.845
0583710000000000040118,0.1431,42.36226,28.885
0504510000000000070440,0.02442,44.05589,18.215
0583710000000000050304,0.12093,36.18248,7.615
0504510000000000030307,0.24291,46.11012,15.505
0583710000000000030816,0.11602,38.0453,11.4
0504510000000000070126,-0.10319,41.63422,12.89
0583710000000000010210,-0.03247,41.80513,26.83
0583710000000000030730,0.07703,40.61224,11.4
0583710000000000050225,0.07442,38.5939,10.845
0504510000000000060412,0.19714,44.41307,15.52
0583720090104100010102,0.0275,35.47837,4.785
0504510000000000080511,0.07187,41.12323,12.3
0504510000000000020541,0.13525,43.18771,12.09
0583710000000000010731,-0.04479,38.90835,17.96
0583710000000000030807,-0.01592,39.70646,6.985
0583710000000000020811,-0.08833,38.08974,10.47
0583710000000000030410,0.04768,43.76707,11.075
0504510000000000100610,-0.12478,39.41593,6.77
0504510000000000030409,0.25924,44.33617,10.83
0583710000000000040146,0.02168,41.87007,14.52
0504510000000000090502,-0.20653,39.6005,8.015
0504510000000000030405,0.2229,43.61326,10.83
0504510000000000020615,0.08931,41.02582,12.09
0504510000000000100205,0.03872,40.42766,6.15
0504510000000000030509,0.18154,43.20651,15.505
0504510000000000050402,0.15471,42.2939,9.835
0504510000000000020544,0.19869,45.1582,21.16
0504510000000000020213,0.14167,44.02,21.16
0504510000000000070116,0.19407,43.85936,15.505
0583710000000000030811,-0.05935,37.99745,6.985
0583710000000000040708,-0.06449,37.14295,14.52
0504510000000000090504,-0.03831,40.5302,6.95
0504510000000000020206,0.05236,38.94595,19.935
0583710000000000050133,-0.09101,41.52143,10.845
0583710000000000040732,-0.10708,35.49888,10.28
0504510000000000070607,0.17649,43.78416,15.34
0504510000000000060611,0.15033,41.50776,12.89
0583710000000000020318,0.10274,43.62864,24.965
0504510000000000020620,0.086,40.07732,8.1
0504510000000000090209,0.17494,44.25585,6.95
0583710000000000030324,0.09317,44.97705,22.565
0583710000000000030724,-0.04952,39.63126,6.985
0504510000000000080614,-0.03959,39.89445,7.52
0504510000000000040414,0.21854,42.87155,10.83
0504510000000000040611,0.17261,44.33788,8.54
0583710000000000020207,0.1746,44.95996,26.83
0504510000000000080214,0.1505,42.64767,16.545
0504510000000000060511,0.18805,43.58591,15.52
0504510000000000090111,0.25489,44.94629,9.835
0504510000000000100133,0.04199,41.07025,8.015
0583710000000000050507,-0.09689,36.42174,7.26
0504510000000000040705,0.23857,44.86425,14.55
0504510000000000090214,0.23685,44.46093,14.55
0583710000000000040165,0.01627,37.44202,7.825
0504510000000000080613,-0.01634,41.05316,7.52
0504510000000000020408,0.2001,43.65086,18.645
0504510000000000040616,0.22827,42.64254,8.54
0583710000000000030432,-0.01628,41.73506,11.075
0504510000000000070733,0.10717,41.34027,12.89
0583710000000000030518,0.13058,43.4509,18.77
0504510000000000070114,0.18907,44.14647,15.505
0504510000000000070111,0.18327,44.05418,15.505
0504510000000000030305,0.27061,44.39769,15.505
0583710000000000020507,0.09895,42.83737,28.885
0583710000000000010613,-0.00807,40.55071,22.25
0583710000000000010438,0.04682,41.72651,14.785
0504510000000000020553,0.05021,39.04678,3.83
0504510000000000080628,-0.2449,37.39246,7.52
0583710000000000020306,0.16384,43.94139,24.965
0504520030201800010112,-0.1197,37.93934,2.435
0583710000000000010118,0.17985,42.44088,17.915
0583710000000000010135,0.19765,42.37081,17.915
0514720010400400010111,-0.00026,40.8139,3.265
0514720010400400010113,0.04415,38.73403,3.265
0514720010400500010109,0.09506,40.29436,2.12
0514720010400500010130,-0.07128,38.81436,2.12
0514720010800600010112,-0.10991,37.29505,3.475
0514720010501100010103,0.0788,35.23911,0.79
0583720200100700010102,-0.10696,,0.37
0583710000000000030721,0.0707,41.5727,6.985
0583710000000000030205,0.11237,43.92088,8.925
0583710000000000040719,-0.02009,38.99209,17.88
0583710000000000030819,-0.08957,38.2162,11.4
0504510000000000040119,0.20551,46.33571,18.79
0583710000000000050115,-0.06306,39.6381,17.96
0583710000000000040128,-0.12832,35.08872,5.62
0583710000000000040728,0.08293,38.1017,7.825
0504520010201000010112,0.03099,36.96521,4.55
0583710000000000030320,0.15449,46.09816,36.16
0504510000000000050504,0.19408,41.78633,9.835
0504510000000000060804,0.20451,43.51755,16.74
0504510000000000020523,0.14544,43.63718,18.645
0504510000000000060518,0.19559,42.79293,15.52
0504510000000000020602,0.15898,40.45672,12.09
0583710000000000030429,0.00194,39.72355,5.65
0504510000000000040505,0.26491,44.25243,10.83
0504520030201800010106,-0.04144,38.62466,2.39
0504510000000000100507,-0.12714,36.61657,6.77
0583710000000000040117,0.07268,40.73528,22.47
0504510000000000010626,-0.06174,38.28115,14
0504510000000000060209,0.18411,45.93751,16.74
0504520010201000010105,-0.10198,37.10193,3.865
0504510000000000090303,0.20565,42.63912,14.55
0504510000000000030601,0.2166,41.93843,19.935
0504510000000000060119,0.14298,41.7812,23.56
0583710000000000040529,0.02104,42.31441,15.875
0504510000000000080607,-0.04716,39.59025,7.52
0504510000000000030215,0.21684,44.26952,10.175
0504510000000000090301,0.14092,43.73289,14.55
0583710000000000050503,0.08809,36.00987,10.845
0583710000000000010208,0.21316,46.45705,26.83
0504510000000000010319,0.2132,45.21802,20.67
0583710000000000010107,0.23888,42.60836,17.915
0583710000000000050211,0.09233,36.38244,10.845
0583710000000000050108,-0.12075,40.45501,17.96
0504510000000000050506,0.17055,42.49215,12.89
0504510000000000040131,0.19689,44.2661,18.79
0504510000000000010622,-0.06957,41.03265,8.375
0504510000000000030607,0.22947,43.22019,18.215
0504510000000000070213,0.16909,43.06296,15.52
0583710000000000030606,0.15391,44.08836,18.77
0504510000000000050321,0.19585,43.7722,10.83
0583710000000000030503,0.14704,45.32227,22.565
0504520010201000010102,-0.10323,36.04918,3.165
0504510000000000050408,0.01151,41.77607,9.835
0583710000000000020118,0.12485,39.40226,14.785
0504510000000000080108,0.14034,43.77049,16.545
0504510000000000020102,0.13436,44.2473,12.09
0583710000000000030528,-0.02699,45.93751,22.565
0583710000000000020411,0.14124,42.64596,26.78
0583710000000000010111,0.11023,42.86813,17.915
0504510000000000090325,0.15986,42.83395,14.55
0504510000000000010308,0.19163,43.84568,20.67
0504510000000000070526,0.22837,43.30222,15.34
0504510000000000090110,0.19545,44.11571,9.835
0504510000000000010706,-0.01339,40.04143,6.365
0583710000000000010236,0.05936,41.50776,26.83
0583710000000000010619,0.02416,41.83076,22.25
0504510000000000080223,0.14956,41.14374,14.38
0583710000000000030635,0.173,44.92065,11.4
0504510000000000020409,0.14884,42.47848,18.645
0504510000000000030618,0.19952,43.99266,16.705
0504510000000000100239,0.03689,40.17644,6.15
0504510000000000030222,0.19979,40.75921,10.175
0583710000000000010112,0.20995,43.72605,17.915
0583710000000000050109,0.06061,41.34711,10.845
0504510000000000010326,-0.10648,44.45067,20.67
0583710000000000050509,-0.05617,36.09703,7.26
0583710000000000020709,0.12318,43.85252,26.78
0583710000000000040701,0.00399,38.24013,14.52
0583710000000000010115,0.18211,42.79806,17.915
0583710000000000050212,0.08153,41.56586,10.845
0504510000000000010423,0.15194,43.94139,14.155
0583710000000000010413,0.10092,42.32466,13
0504510000000000030605,0.19556,42.73824,18.215
0504510000000000050515,0.02974,40.86346,12.89
0583710000000000030723,0.09629,41.1557,11.4
0504510000000000010217,0.15953,42.43746,23.56
0504510000000000040520,0.0258,39.93547,6.265
0504510000000000030321,-0.18819,39.67228,11.18
0504510000000000090322,0.18807,43.07321,14.55
0504510000000000070714,0.03894,41.00873,12.89
0583710000000000030737,-0.03911,40.65667,11.4
0504510000000000030318,0.01394,42.56734,11.18
0504510000000000070609,0.20181,43.6594,15.34
0583710000000000020804,-0.02852,37.60267,8.205
0583710000000000020109,0.15016,44.63525,24.965
0504510000000000040116,0.25567,44.94287,18.79
0583710000000000010624,-0.13572,39.44327,18.77
0583710000000000050208,0.08426,38.72549,10.845
0504510000000000080513,0.06011,39.34073,12.3
0504510000000000050409,0.15644,42.61861,18.79
0583710000000000040303,0.12072,42.55709,36.16
0504510000000000010506,0.11882,43.23386,20.67
0504510000000000010314,0.19403,46.11525,20.67
0504510000000000100121,0.01237,41.3078,10.785
0583710000000000050408,-0.01334,37.11218,10.845
0583710000000000010307,0.0454,42.18794,36.16
0583710000000000010727,0.02146,40.0175,17.96
0504510000000000050212,0.25545,43.42185,15.34
0504510000000000020418,0.10371,41.39667,18.645
0583710000000000020711,0.12744,45.50342,26.78
0504510000000000040629,-0.04859,38.19057,9.645
0504510000000000010402,0.10963,40.06193,14.155
0504510000000000060115,0.21206,43.5825,23.56
0583710000000000030620,0.09488,44.61816,18.77
0504510000000000020217,0.19898,43.61326,16.955
0504510000000000080123,0.042,42.60494,14.38
0504510000000000030326,-0.01487,43.66282,15.505
0504510000000000030419,-0.21423,38.10341,11.18
0583710000000000030221,-0.15933,37.97865,8.925
0504510000000000040409,0.20208,43.13986,10.83
0583710000000000040202,0.14449,43.98753,25.975
0504510000000000060617,0.15585,41.56928,15.52
0583710000000000020312,0.12174,42.8237,14.5
0583710000000000030419,0.06263,39.95427,11.075
0583710000000000030619,0.17792,44.92065,18.77
0504510000000000100216,0.08852,40.86175,6.15
0583710000000000030418,-0.10129,40.26702,22.565
0583710000000000020607,0.22501,44.95141,26.78
0583710000000000030630,-0.02345,40.33538,11.62
0583710000000000030403,0.07126,44.0952,25.975
0504510000000000010135,0.10461,40.08928,16.545
0504510000000000020547,-0.09848,37.76417,8.1
0504510000000000050413,0.17013,43.16892,18.79
0504510000000000080307,0.02955,41.24457,11.575
0504510000000000090213,0.22127,44.62841,6.95
0504510000000000020306,0.25412,43.7534,16.955
0504510000000000020546,0.14989,42.57589,21.16
0583710000000000020510,0.12747,43.06808,28.885
0504510000000000060624,0.12695,40.68572,12.89
0583710000000000040127,-0.32813,33.08063,10.28
0504510000000000050410,0.20751,43.05441,18.79
0504510000000000050320,0.19324,43.61155,10.83
0583710000000000050222,0.12134,35.23227,7.26
0583710000000000030524,0.1901,43.68162,18.77
0504510000000000030532,-0.14406,38.7084,15.505
0583710000000000030442,-0.0223,36.47814,11.075
0583710000000000030307,0.0863,45.54786,22.565
0504510000000000100320,0.12467,41.60688,10.785
0504510000000000020309,0.25475,46.60061,16.955
0504510000000000040215,0.22905,43.85252,18.79
0504510000000000090210,0.18468,44.14305,6.95
0504510000000000080206,0.19178,43.45261,16.545
0583710000000000030423,0.03743,42.29048,25.975
0583710000000000040157,0.0875,41.9897,22.47
0504510000000000030314,0.21122,44.38573,11.18
0504510000000000100221,0.14243,41.57441,10.785
0504510000000000050215,-0.06479,41.71113,15.34
0583710000000000050134,0.00578,40.36614,10.845
0504510000000000020531,0.01242,43.23898,18.645
0583710000000000030438,-0.01999,37.11731,11.075
0504510000000000070404,0.16941,43.22189,23.56
0504510000000000050519,-0.06497,38.50332,9.835
0583710000000000010436,-0.04148,38.97671,14.785
0504510000000000100316,0.12934,41.11127,10.785
0583710000000000040731,-0.21648,34.40511,10.28
0583710000000000040520,-0.00618,41.16254,14.52
0504510000000000040209,0.24901,44.3994,9.645
0583720090104100010303,-0.08465,36.13805,3.295
0504510000000000030408,0.24848,43.6218,10.83
0504510000000000060514,0.22539,44.12767,15.52
0504510000000000020107,0.21639,45.32569,21.16
0504510000000000090206,0.17203,41.48041,6.95
0504510000000000090409,0.18833,43.53977,9.645
0504510000000000070734,0.09709,40.65154,12.89
0504510000000000060114,0.24316,44.17039,16.74
0504510000000000020411,0.17404,48.08061,18.645
0583710000000000010447,0.00941,39.32706,14.785
0583710000000000020316,0.09214,43.8491,24.965
0504510000000000100409,-0.02461,37.61292,6.15
0583710000000000010728,0.03693,39.51505,17.96
0504510000000000040628,0.06484,38.64004,9.645
0504510000000000050304,0.21415,43.82347,18.79
0583710000000000040143,-0.01809,38.98697,14.52
0504510000000000060517,0.23254,41.93672,15.52
0504510000000000030511,0.1239,42.61178,15.505
0504510000000000030328,0.03615,44.54638,11.18
0504510000000000070305,0.21785,44.45067,18.215
0504510000000000090118,0.16554,44.10545,18.79
0583720090104100010205,-0.06663,35.66636,5.015
0504510000000000080626,-0.19518,38.24697,12.3
0504510000000000020109,0.21504,44.48143,21.16
0583710000000000040715,0.1148,41.75044,22.47
0583710000000000040761,-0.00797,36.10045,14.52
0583710000000000020108,0.14998,44.81811,24.965
0583710000000000020208,0.18531,44.37548,26.83
0583710000000000040102,0.13322,44.2285,25.975
0583710000000000030515,0.16783,45.1189,18.77
0504510000000000010609,0.09894,40.31316,8.375
0504510000000000020424,0.10925,44.61474,18.645
0583710000000000020402,0.15106,44.92749,24.965
0504510000000000100119,0.14432,42.36226,10.785
0583710000000000050110,0.05562,39.74748,10.845
0504510000000000040511,0.27361,42.90744,10.83
0504510000000000060408,0.17027,45.66749,9.69
0504510000000000040312,-0.0084,43.58933,8.54
0504510000000000080601,-0.12706,37.97694,7.52
0583710000000000040138,0.0039,38.59219,7.825
0504510000000000010516,0.08803,41.706,19.935
0514720011200300010104,-0.05042,40.04655,0.945
0514720011200300010108,-0.06671,41.6479,0.87
0514720010400500010101,0.0719,39.69621,2.12
0514720010400500010113,0.00058,39.77482,2.12
0514720010400500010129,-0.02621,38.5187,2.12
0514720010400500010123,0.03288,39.18009,2.12
0514720010400800010112,-0.20876,36.37218,5.05
0514720010501100010104,0.04279,35.0101,0.65
0514720010501100010108,-0.01103,35.37241,0.79
0514720010801200010101,0.01347,38.73574,1.27
0583720200100700010108,-0.09485,,0.37
0565920020600700010102,-0.08077,36.45592,0.53
0505120040101900010103,-0.01525,39.37491,0.365
0566520040701400010107,-0.04638,36.25768,0.455
0565920010400800010108,-0.17248,35.26132,1.075
0566520040701400010103,-0.15723,35.05795,0.455
0504510000000000100120,0.13198,41.50092,10.785
0583710000000000030716,0.0861,41.41205,11.4
0504510000000000070520,0.16064,42.97067,15.34
0504510000000000060113,0.22407,42.96383,23.56
0504510000000000040627,0.11776,41.50434,6.265
0583710000000000040307,0.14921,44.84033,25.975
0583710000000000050206,0.13208,37.26941,10.845
0583710000000000020302,0.12625,44.69164,24.965
0504510000000000050210,0.17527,44.78564,18.79
0583710000000000010718,-0.13359,36.70544,14.785
0504510000000000010125,-0.26618,37.97523,14.155
0504510000000000100302,0.1255,41.02923,14.55
0504510000000000020211,0.22181,44.21141,21.16
0504510000000000040515,-0.05669,37.82313,7.215
0504510000000000040501,-0.03875,41.31977,10.83
0583710000000000050135,-0.05575,40.61907,10.845
0504510000000000060327,-0.11939,42.70065,16.74
0504510000000000050301,-0.0101,42.26998,18.79
0583710000000000010305,0.10196,42.20162,36.16
0583710000000000020714,0.05304,37.93934,10.155
0504510000000000010214,0.10002,41.07025,23.56
0583710000000000050210,0.07468,35.24936,7.26
0504510000000000080110,0.251,45.07959,14.38
0583710000000000050526,-0.06341,36.56188,8.81
0583710000000000040718,0.04719,40.28752,22.47
0504510000000000030118,0.11614,39.46036,16.705
0583710000000000010229,-0.0289,38.31533,22.25
0504520010201000010110,-0.13681,35.13315,4.55
0583710000000000040503,0.02684,41.51288,15.875
0504510000000000060631,0.1495,40.62591,7.525
0504510000000000090217,0.21866,44.58398,14.55
0504510000000000020226,0.11351,44.27294,21.16
0583710000000000050412,-0.14575,37.21814,10.845
0583710000000000050520,0.05352,36.21666,7.615
0583710000000000050524,0.05144,35.60484,8.81
0583710000000000030224,0.18175,46.34596,22.565
0504510000000000020519,0.09336,42.72286,12.09
0504510000000000040117,0.15737,46.54934,18.79
0583710000000000030232,-0.04403,36.18419,11.4
0504510000000000080605,-0.03839,39.53556,7.52
0504510000000000060330,-0.02307,42.58956,18.215
0583710000000000030222,0.14573,45.16162,18.77
0583710000000000030309,0.14352,45.90846,22.565
0504510000000000040218,0.23921,44.10631,18.79
0583710000000000010317,0.17421,42.45284,36.16
0504510000000000040307,0.25609,43.70213,8.54
0583710000000000020907,-0.09961,37.6283,14.5
0504510000000000030406,0.20273,43.1467,10.83
0504510000000000030526,-0.13063,40.86175,16.705
0504510000000000100136,-0.05442,41.62055,10.785
0504510000000000100506,-0.20423,36.46276,6.77
0504510000000000030504,0.23164,44.37377,15.505
0583710000000000010101,0.19219,43.57908,17.915
0583710000000000020304,0.10165,44.7788,24.965
0504510000000000040137,0.266,44.69506,18.79
0504510000000000030416,0.04701,41.8564,10.83
0504510000000000040404,0.2232,43.71238,8.54
0566510000000000010539,0.12538,43.68504,14.99
0583710000000000030513,0.2196,44.97363,18.77
0504510000000000100132,0.02987,40.67034,8.015
0504510000000000020412,0.17293,42.80831,18.645
0504510000000000080222,0.18552,43.8303,16.545
0504510000000000030401,0.23391,46.04005,15.505
0583710000000000030720,-0.00673,38.60928,6.985
0504510000000000080630,-0.17586,40.38665,12.3
0583710000000000030702,0.0939,43.41501,11.4
0583710000000000020301,0.08401,42.64254,24.965
0504510000000000050219,0.14777,41.74018,15.34
0504510000000000010411,0.09473,44.06102,14.155
0583710000000000020814,-0.19095,37.77015,14.785
0583710000000000020908,-0.1865,36.76355,14.785
0583710000000000050519,0.00311,36.3192,7.615
0504510000000000030417,0.02777,40.03972,10.83
0583710000000000010109,0.20572,42.44259,22.25
0504510000000000010703,-0.09602,37.59583,6.365
0504510000000000090403,0.18774,42.65279,14.55
0504510000000000020628,-0.00874,41.10785,12.09
0504510000000000090407,0.21319,42.17427,9.645
0583710000000000030206,0.15125,46.11525,22.565
0504510000000000030515,-0.05884,41.38642,11.18
0583710000000000030637,0.00282,41.8769,18.77
0504510000000000010702,-0.10125,36.63195,6.365
0504510000000000070306,0.24157,44.43358,18.215
0583710000000000040704,-0.18133,35.85264,14.52
0504510000000000070127,-0.19271,41.18134,15.52
0504520030201800010111,-0.10323,38.2538,2.39
0504510000000000030415,0.25049,43.74827,11.18
0504510000000000100307,0.08336,38.92715,10.785
0504510000000000060104,0.16401,43.60642,16.74
0504510000000000040211,0.2855,44.45067,18.79
0583710000000000050301,-0.04579,35.6356,7.26
0583710000000000050510,-0.01822,36.09703,10.845
0583710000000000030110,0.09258,44.40624,36.16
0504510000000000010718,0.02405,39.6945,6.365
0504510000000000070625,0.18821,44.58056,15.34
0583710000000000030106,0.07534,42.57076,36.16
0583710000000000040415,0.11131,41.37616,26.78
0583710000000000040123,-0.07057,39.56632,17.88
0583710000000000010235,-0.07344,41.22406,26.83
0583710000000000040167,-0.03991,33.63777,5.62
0583710000000000040506,0.00743,41.40351,14.52
0514720011200300010123,-0.00528,37.97352,0.87
0514720010400400010115,0.15678,39.61417,3.265
0514720010800600010107,0.12868,40.72503,4.195
0514720010800600010115,0.01104,38.93399,4.195
0514720010501100010105,-0.00045,34.67855,0.65
0514720010601400010104,0.04363,40.07902,1.185
0505120020301700010102,-0.01902,42.10591,0.66
0504520020301700010110,-0.10939,39.40909,4.195
0583720200100700010106,-0.14735,,0.37
0583720050403300010103,-0.12593,35.39292,0.29
0565920020600700010104,-0.00332,36.6405,0.53
0504510000000000030308,0.18603,44.41307,15.505
0504510000000000020618,0.00321,40.00725,8.1
0504510000000000060513,0.18755,44.19774,15.52
0504510000000000070722,-0.04577,41.17792,12.89
0504510000000000020314,0.18958,45.20605,16.955
0504510000000000020505,0.16963,44.27977,18.645
0504510000000000020522,0.12963,42.4836,8.1
0504510000000000030219,0.19458,43.01852,10.175
0504510000000000070224,-0.04177,43.45432,18.215
0504510000000000020540,0.03242,39.67228,3.83
0504510000000000060805,0.08542,42.55367,16.74
0504510000000000040605,0.00219,41.53339,8.54
0504510000000000020401,0.11462,42.46822,18.645
0504510000000000060305,0.17895,45.70167,9.69
0504510000000000040742,0.22671,42.93478,14.55
0504510000000000030119,0.22555,42.81686,16.705
0504510000000000010318,0.17219,44.36522,20.67
0504510000000000080114,0.22285,44.8916,20.67
0583710000000000050136,-0.185,38.88955,7.64
0504510000000000020606,0.13633,42.68356,21.16
0504510000000000100614,-0.05556,39.07071,6.77
0583710000000000040524,0.13506,42.70748,22.47
0504510000000000070632,0.16242,44.28661,15.34
0504510000000000040635,-0.03726,38.71182,6.265
0504510000000000070715,0.02632,40.75921,12.89
0504510000000000020537,-0.18489,38.54092,5.34
0504510000000000040509,0.24445,41.93843,10.83
0504510000000000010719,-0.12082,39.20743,3.605
0504510000000000040118,0.23388,46.03322,18.79
0583710000000000010209,0.14702,43.51072,26.83
0504510000000000070209,0.13021,43.49875,18.215
0583710000000000040209,0.23824,45.11548,25.975
0504510000000000080119,0.17157,43.51755,23.56
0583710000000000010207,0.21571,45.53931,26.83
0504510000000000040613,0.1167,43.94139,8.54
0504510000000000020425,0.03647,44.24217,18.645
0504510000000000070218,0.16509,43.02194,15.505
0583710000000000020603,0.14171,44.62499,26.78
0504510000000000050108,0.21658,41.77094,15.34
0504510000000000050518,0.11829,39.97819,9.835
0504510000000000070717,0.09456,40.04826,12.89
0583710000000000030404,0.02356,44.92578,11.075
0504510000000000030221,0.16399,40.31487,11.345
0504510000000000080506,0.10696,42.02559,12.3
0504510000000000060328,-0.18759,42.11958,16.74
0583710000000000030815,0.08074,38.0453,11.4
0504510000000000010628,-0.05623,39.45011,8.375
0504510000000000080411,0.13951,41.26508,16.545
0504510000000000080127,-0.1507,38.97929,14.38
0504510000000000030223,-0.06615,40.44475,10.175
0583710000000000040407,0.07825,42.21871,26.78
0504510000000000060301,0.00958,41.77436,18.215
0504510000000000030108,0.22301,46.05031,16.955
0583710000000000040531,0.08355,42.15376,22.47
0583710000000000030509,0.13366,44.92578,22.565
0504510000000000030402,0.10221,45.26587,15.34
0504510000000000070704,0.01573,39.88762,12.89
0504510000000000020627,-0.08903,38.23159,8.1
0583710000000000030516,0.19439,44.55321,18.77
0583710000000000020321,0.09237,42.54684,14.5
0504510000000000040122,0.23742,46.69973,18.79
0504510000000000060325,0.1749,43.41501,9.69
0504510000000000020103,0.13303,45.58546,12.09
0583710000000000010724,-0.01923,38.98868,17.96
0504510000000000010713,0.01288,39.76457,6.365
0504510000000000070226,-0.09435,39.87053,15.52
0583710000000000030827,-0.31949,35.54673,6.985
0504510000000000030225,0.07263,37.96669,10.175
0504510000000000090410,0.20956,43.7534,9.645
0583710000000000050104,0.12494,41.93159,10.845
0504510000000000030616,0.16474,40.32,16.705
0583710000000000040760,0.02512,39.11514,17.88
0583710000000000010518,0.04545,42.77242,21.705
0504510000000000080410,0.18066,41.85981,12.3
0504510000000000080617,-0.06504,39.70304,7.52
0504510000000000100501,-0.13386,36.52258,4.165
0583710000000000040130,-0.13422,35.97227,4.98
0504510000000000010137,-0.29134,40.40032,14.155
0583710000000000010511,0.03534,43.41501,36.16
0583710000000000040753,-0.15718,35.10068,10.28
0504510000000000050218,0.21156,42.36568,15.34
0583710000000000030825,-0.28522,36.72253,6.985
0504510000000000040726,0.17058,44.73437,18.79
0504510000000000050418,-0.14967,42.39986,9.835
0504510000000000050208,0.13271,44.51732,15.34
0583710000000000040210,0.04026,44.08494,25.975
0583710000000000030108,0.07366,42.23238,36.16
0583710000000000010703,-0.13808,39.59025,14.785
0504510000000000010304,0.10914,42.92965,20.67
0504510000000000080216,0.14668,44.16698,16.545
0583710000000000010510,-0.08176,43.47654,36.16
0504510000000000030707,-0.03638,40.8327,11.18
0504510000000000100203,0.0923,41.50263,8.015
0504510000000000100322,-0.02617,40.10295,10.785
0504510000000000070130,-0.12826,42.16573,12.89
0504510000000000040212,0.27932,43.81834,18.79
0504510000000000070313,0.2195,45.91017,18.215
0504510000000000010708,-0.08422,40.21233,6.365
0583710000000000010427,0.08718,42.37935,14.785
0583710000000000010713,0.15143,40.9096,17.96
0504510000000000030521,0.19398,41.37104,15.505
0504510000000000020111,0.07269,42.98263,21.16
0583710000000000020117,0.10662,43.51926,24.965
0504510000000000040321,0.10898,43.49363,8.54
0504510000000000100105,0.05597,42.33492,8.015
0504510000000000040514,-0.15941,35.39976,7.215
0504510000000000070615,0.17616,44.92578,15.34
0504510000000000040706,0.26042,43.26462,14.55
0583710000000000010102,0.06479,43.63035,17.915
0504510000000000030523,0.0066,42.39473,15.505
0504510000000000090312,0.16053,41.81538,14.55
0583710000000000010704,-0.05066,38.27089,13
0583710000000000010401,0.08915,39.46378,14.785
0583710000000000010601,-0.12527,37.76844,22.25
0583710000000000010623,0.05578,38.29824,18.77
0504510000000000040120,0.19937,44.66772,18.79
0504510000000000050120,0.2044,43.30222,15.34
0504510000000000100210,0.1304,42.07515,8.015
0504510000000000080210,0.2269,43.36374,16.545
0504510000000000070527,0.2163,43.49192,15.34
0504510000000000020551,-0.01319,40.08073,11.345
0583710000000000010620,0.06144,40.28411,22.25
0504510000000000010412,0.10683,43.69871,14.155
0583710000000000010717,0.13671,43.2612,17.915
0504510000000000030531,-0.11264,41.02582,15.505
0583710000000000050209,0.09174,36.33629,10.845
0504510000000000040508,0.13169,41.48212,7.215
0583710000000000030616,0.12086,44.69335,18.77
0504510000000000040608,0.16074,44.02684,8.54
0504510000000000100126,0.09375,41.21381,10.785
0583710000000000050522,-0.02612,35.8817,7.615
0583710000000000010512,0.07953,43.15524,21.705
0504510000000000080115,0.22666,44.8916,20.67
0504510000000000010218,0.12555,42.7109,23.56
0583710000000000050306,0.11685,35.91929,7.615
0583710000000000040618,-0.06306,33.63606,4.98
0583710000000000020606,0.10921,44.11229,26.78
0504510000000000030514,0.18152,41.74873,15.505
0504510000000000080209,0.20988,42.52376,16.545
0504510000000000020317,0.17328,43.18259,18.645
0504510000000000050101,0.14533,41.11981,15.34
0504510000000000010716,-0.22298,37.5702,6.365
0504510000000000020308,0.2753,44.7207,16.955
0504510000000000100209,0.14115,42.12642,8.015
0583720090104100010204,-0.07958,35.70396,5.015
0504510000000000070120,0.2286,44.0952,15.505
0583710000000000030420,0.07252,44.65917,11.075
0504510000000000070618,0.16723,44.04222,15.505
0504510000000000060207,0.17846,44.34984,16.74
0504510000000000100407,0.07691,38.10854,6.77
0504510000000000020203,0.08494,42.05806,19.935
0504510000000000060302,0.13381,43.77732,16.74
0504510000000000080311,0.20707,42.07515,12.3
0583710000000000030405,0.11887,45.33936,11.075
0504510000000000030116,0.24755,44.37206,16.705
0504510000000000030111,0.24222,45.0813,16.955
0504510000000000060111,0.15438,42.62545,23.56
0504510000000000060519,0.13746,41.5915,15.52
0583710000000000020802,-0.04257,36.51745,10.675
0583710000000000020322,0.07374,42.54684,14.5
0504510000000000040201,0.25066,44.43016,18.79
0583710000000000030623,-0.00831,38.9938,11.62
0504510000000000040620,0.10069,41.66499,8.54
0504510000000000030112,0.28882,45.54786,16.955
0504510000000000030117,0.20944,41.32318,16.705
0504510000000000100608,0.00425,40.10295,6.77
0583710000000000020206,0.13209,42.69039,24.965
0504510000000000070415,0.18698,43.49704,19.935
0583710000000000020103,0.15146,44.52587,24.965
0504510000000000070205,0.17585,41.16254,15.52
0504510000000000060409,0.17947,45.78028,9.69
0583710000000000040754,-0.1132,35.03403,10.28
0583710000000000050119,0.15256,41.5351,10.845
0583710000000000050501,0.10149,37.0968,10.845
0504520010201000010104,-0.11504,36.72253,3.165
0504510000000000030202,0.08174,42.08198,9.62
0583710000000000020715,-0.07731,36.40465,10.155
0504510000000000070410,0.2103,45.32569,18.215
0504510000000000040313,0.20809,43.33982,8.54
0504510000000000050416,0.05416,42.83737,18.79
0504510000000000060512,0.24071,43.42185,15.52
0504510000000000050220,-0.04229,44.47289,15.34
0514720011200300010117,-0.07909,37.70863,0.945
0514720010400400010110,0.02828,40.07902,3.265
0514720010400500010111,0.00168,40.90106,2.12
0514720010800600010108,0.09695,39.65519,3.475
0514720010400800010105,-0.00342,39.45182,5.05
0514720010400800010108,0.06116,39.47404,1.185
0514720010400800010109,0.05501,39.50822,5.05
0514720010400800010110,0.0248,38.41274,5.05
0514720010400800010111,-0.02427,38.45717,5.05
0514720010501100010107,-0.04364,35.42026,0.79
0514720010501100010106,-0.02808,35.41343,0.79
0514720010801200010102,-0.04679,37.8163,1.6
0514720010601400010111,0.0334,40.64471,1.285
0517220100601300010104,-0.00797,39.64665,0.535
0583720200100700010105,-0.15018,,0.37
0505120020301700010107,-0.05901,36.99255,0.66
0504510000000000050316,-0.06371,43.3928,15.34
0504510000000000050516,0.13701,40.44475,9.835
0504510000000000060203,0.1554,43.82176,16.74
0583710000000000020114,0.13533,43.27487,17.915
0504510000000000090506,0.10031,41.82905,6.95
0583710000000000040727,-0.14695,36.37389,10.28
0504510000000000010625,0.04979,38.73233,14
0583710000000000030305,0.10213,45.02832,22.565
0504510000000000050502,0.11321,41.44452,12.89
0504510000000000070203,0.08635,41.56415,15.505
0504510000000000030702,-0.12996,38.43496,11.18
0504510000000000080207,0.21779,43.35862,14.38
0583720090104100010107,-0.02096,37.66932,4.785
0583710000000000030624,0.04066,42.43404,11.62
0504510000000000020554,-0.12604,38.11025,3.83
0514720011200300010110,0.13753,40.83441,0.87
0583710000000000020509,0.07523,43.6782,28.885
0504510000000000070610,0.19219,43.28171,15.34
0583710000000000030210,0.12442,42.72799,8.925
0504510000000000070128,-0.15254,41.63422,15.52
0583710000000000040709,-0.06341,37.73939,14.52
0583710000000000010729,-0.07461,39.31681,17.96
0583710000000000020713,-0.03935,39.57999,10.155
0504510000000000080629,0.04043,40.61907,7.52
0504510000000000020616,0.15869,41.38471,8.1
0504510000000000100111,0.13151,42.42037,8.015
0583710000000000030315,0.10195,45.31885,22.565
0583720090104100010123,-0.15182,36.59606,6.395
0504510000000000040308,0.271,42.83395,8.54
0504510000000000010602,0.01922,38.53921,8.375
0504510000000000100325,0.08117,41.15912,10.785
0504510000000000060625,0.08634,39.83464,12.89
0583710000000000040302,0.20406,43.96019,25.975
0504510000000000060506,0.16797,42.93991,15.52
0504510000000000090308,-0.05154,41.81538,14.55
0504510000000000030608,0.14136,42.8237,18.215
0504510000000000070630,0.15687,43.3552,15.34
0504510000000000020419,0.08564,41.84272,18.645
0583710000000000030502,0.16331,45.3086,22.565
0504510000000000070436,0.02791,42.72799,16.74
0504510000000000030316,0.16991,43.73118,11.18
0504510000000000060308,0.189,43.71238,9.69
0504510000000000070108,0.19581,43.80808,15.505
0504510000000000030505,0.20853,44.00291,15.505
0504510000000000020106,0.18047,45.52906,21.16
0504510000000000050112,0.20775,42.89889,15.34
0504510000000000060502,0.17696,43.27487,9.69
0504510000000000020526,0.18973,48.05668,18.645
0504510000000000090315,0.13841,42.14009,14.55
0583710000000000010121,0.13672,42.09224,17.915
0504510000000000020532,0.03365,42.4836,8.1
0504510000000000020407,-0.06674,44.72241,16.955
0504510000000000060601,0.11234,41.5727,15.52
0583710000000000030711,0.08037,42.62545,11.4
0504510000000000060413,0.229,44.2285,15.52
0504510000000000090408,0.19205,42.90573,9.645
0583710000000000010726,0.02016,38.59219,17.96
0583710000000000040534,0.1074,43.02878,22.47
0504510000000000070103,0.21671,42.56563,15.52
0504510000000000050514,-0.10631,40.89593,12.89
0583710000000000010720,-0.03902,40.1884,17.915
0504510000000000010108,0.1016,39.89445,14.155
0583710000000000030618,0.13965,45.99904,18.77
0504510000000000070202,0.18604,42.60152,15.52
0504510000000000080316,0.13881,40.95575,11.575
0504510000000000090329,0.03817,40.0551,14.55
0583710000000000020406,0.13878,42.94333,26.83
0504510000000000090305,0.1276,40.73358,14.55
0504510000000000090120,0.24355,43.6594,18.79
0504510000000000050206,0.15572,44.64208,18.79
0583710000000000040742,0.10819,41.18646,17.88
0583710000000000020311,0.0821,42.77242,24.965
0504510000000000040711,0.15468,45.27442,18.79
0504510000000000050119,0.2011,43.58591,15.34
0504510000000000040406,0.24891,44.68993,8.54
0504510000000000010418,0.12278,40.7763,14.155
0504510000000000020608,0.05018,42.2939,12.09
0583710000000000040617,-0.39632,32.95469,2.42
0583710000000000010730,-0.04194,38.76309,17.96
0504520030201800010113,-0.19858,36.20299,2.615
0504510000000000080627,-0.2682,36.08336,12.3
0504510000000000070406,0.17839,43.86277,18.215
0583710000000000010514,0.20872,43.57053,21.705
0583710000000000020807,-0.04516,37.06775,10.155
0583710000000000040706,-0.16013,36.04747,14.52
0504510000000000100604,0.00431,40.67547,10.785
0504510000000000050122,-0.12346,41.07196,15.34
0504510000000000010421,-0.11718,44.26439,12.09
0504510000000000030214,0.24879,43.28,10.175
0504510000000000040413,0.19826,42.83224,10.83
0504510000000000070211,0.1574,44.17039,18.215
0504510000000000100235,0.02089,40.88568,8.015
0504510000000000100101,0.01292,40.59173,8.015
0504510000000000100212,0.15318,41.62055,8.015
0504510000000000010505,0.23861,45.77686,20.67
0583710000000000020506,0.11073,42.28365,28.885
0504510000000000040311,-0.08449,41.4975,8.54
0514720011200300010122,-0.07767,37.38563,0.87
0514720011200300010124,-0.11129,37.75477,0.87
0514720010400500010105,0.02761,39.09293,2.12
0514720010400800010101,-0.05753,39.47404,1.185
0514720011500900010105,-0.08595,36.70886,0.42
0514720010501100010101,0.02453,35.05454,0.79
0517220100601300010101,-0.06649,38.88784,0.385
0514720010401500010104,-0.07183,36.36535,1.385
0583720200100700010107,-0.15361,,0.37
0504520020301700010104,-0.12037,37.36854,4.195
0566520040701400010101,-0.14176,,0.375
0583720090104100010104,-0.03864,35.54331,4.785
0583710000000000030507,0.1683,45.271,22.565
0504510000000000020533,0.10488,42.26998,8.1
0583710000000000040170,0.10916,41.50605,22.47
0504510000000000060306,0.19198,44.37206,9.69
0583710000000000040147,0.03031,41.71284,22.47
0583710000000000030603,0.15832,45.64869,18.77
0583710000000000040111,0.10321,42.2563,17.88
0504510000000000050118,0.0686,43.03219,15.34
0504510000000000100202,0.07813,41.50263,8.015
0583710000000000020126,0.0965,43.45603,17.915
0583710000000000050508,-0.16917,36.21666,7.26
0583720090303400010101,-0.10854,35.39463,5.325
0583710000000000020704,0.1093,45.08472,26.78
0583710000000000040163,-0.17301,34.53158,5.62
0504510000000000070606,0.18001,43.85423,15.505
0504520010201000010111,-0.07105,36.16197,4.55
0583710000000000050303,0.1055,36.3568,7.615
0583710000000000030436,0.09666,39.60221,11.075
0504510000000000020318,0.16691,42.52633,18.645
0583720090104100010203,-0.21159,34.94345,5.015
0504510000000000050221,0.15828,44.07127,15.34
0504510000000000020525,0.04675,39.49454,8.1
0504510000000000080603,-0.03531,40.45501,7.52
0583710000000000010621,0.05991,41.81196,22.25
0504510000000000060404,0.18507,43.39109,9.69
0583710000000000030826,-0.32076,36.05602,6.985
0583710000000000020502,0.16753,43.09372,28.885
0504510000000000040303,0.16941,43.28,8.54
0504510000000000070201,0.21318,44.45409,18.215
0504510000000000090501,-0.15979,39.58341,6.95
0504510000000000080126,0.17647,42.08882,23.56
0504510000000000050404,0.20547,43.27146,9.835
0583710000000000030602,0.07595,45.93409,18.77
0504510000000000080632,-0.12964,40.77288,7.52
0504510000000000060420,0.18564,42.96042,15.52
0504510000000000030104,0.07124,38.67422,16.705
0504510000000000020504,0.21305,43.38767,18.645
0504510000000000020209,0.23978,44.06444,19.935
0504510000000000090212,0.19951,44.07469,6.95
0504510000000000020417,0.18286,42.76559,18.645
0504510000000000010211,-0.07365,40.62249,23.56
0504510000000000050310,0.06444,41.53852,10.83
0583710000000000040744,0.10611,41.34711,22.47
0504510000000000080324,0.06926,42.25118,12.3
0583710000000000050513,0.10473,36.70544,10.845
0504510000000000030527,-0.11755,40.40545,16.705
0583710000000000040166,0.07275,37.16004,7.075
0583710000000000020303,0.12937,44.77026,24.965
0504510000000000090302,0.19589,43.04245,14.55
0583710000000000020613,0.03151,44.00291,28.885
0504510000000000010612,-0.1427,36.52941,6.5
0583710000000000020809,-0.06857,38.18886,10.155
0504510000000000090318,0.1048,42.36568,14.55
0504510000000000050205,0.20762,44.39257,15.34
0504510000000000100334,0.05752,40.74212,10.785
0504510000000000070409,0.1953,44.81298,18.215
0504510000000000070132,-0.08034,40.89935,15.52
0583710000000000030230,0.1341,45.60084,22.565
0504510000000000090333,-0.0692,41.6479,14.55
0504510000000000050415,0.05133,42.40499,9.835
0583710000000000030610,0.14691,46.03322,18.77
0504510000000000040203,0.21192,44.74804,18.79
0583710000000000010626,0.0622,39.29459,18.77
0504510000000000030103,0.00594,37.16687,16.705
0504510000000000090101,0.0953,42.49215,9.835
0583720090303400010102,-0.19495,36.44567,5.85
0583710000000000050107,0.12206,41.6103,10.845
0504520010201000010107,-0.1132,37.42151,3.865
0504510000000000050325,-0.02231,42.12984,15.34
0583710000000000040405,0.12334,43.50046,28.885
0504510000000000100108,0.08023,41.00531,8.015
0583710000000000030313,0.09929,44.16014,25.975
0504510000000000070214,0.214,43.53635,15.505
0583710000000000050137,-0.00037,37.58729,7.64
0504510000000000060326,0.08588,42.87155,15.52
0504510000000000080518,-0.2203,35.57407,16.545
0583710000000000040122,-0.08829,42.30757,25.975
0583710000000000020313,0.11007,44.46605,24.965
0504510000000000080112,0.23834,44.83007,20.67
0583710000000000020128,0.12881,43.28171,14.785
0504510000000000020214,0.24954,43.97044,21.16
0504510000000000020212,0.24818,44.79931,21.16
0504510000000000060623,0.11459,40.68572,12.89
0583710000000000040801,-0.44913,31.92263,3.02
0504510000000000050311,0.20124,42.07515,15.34
0504510000000000040740,0.22237,42.99118,14.55
0504510000000000010210,-0.01244,40.51311,23.56
0504510000000000010624,-0.04286,38.7836,14
0504520010201000010108,-0.21656,36.98572,3.315
0583710000000000010508,0.14931,42.53829,36.16
0504510000000000020556,0.06922,41.36335,11.345
0504510000000000020422,0.08652,42.00166,18.645
0504510000000000100601,0.06842,41.25482,10.785
0504510000000000020105,-0.09617,45.3086,12.09
0504510000000000010419,-0.16173,39.24674,14.155
0504510000000000020626,0.03741,39.6381,12.09
0504510000000000070227,-0.12059,42.20162,15.52
0504510000000000060102,0.17087,42.33321,23.56
0504510000000000080621,0.00954,35.84068,12.3
0504510000000000010605,0.11308,39.46207,8.375
0583710000000000040109,0.13811,44.77538,25.975
0504510000000000070407,0.15118,44.2285,18.215
0504510000000000030414,0.25945,46.33058,11.18
0583710000000000010443,0.19939,39.25186,14.785
0504510000000000090211,0.21809,44.07469,6.95
0583710000000000040414,-0.00759,42.23409,26.78
0583710000000000030226,0.03368,40.87542,8.925
0504510000000000010302,0.05836,43.3176,14.155
0504510000000000050318,0.22719,43.89183,15.34
0504510000000000040132,0.2007,44.39598,18.79
0504510000000000010201,-0.11906,38.2894,15.39
0504510000000000010424,0.00173,43.07663,14.155
0583710000000000040509,0.0215,40.94378,14.52
0504510000000000030529,0.20359,42.81686,15.505
0504510000000000080101,0.11742,42.9006,16.545
0583710000000000040119,0.09717,41.75727,28.885
0504510000000000030204,0.24356,47.03128,9.62
0504510000000000070225,-0.10455,40.42424,15.52
0504510000000000060520,0.15496,42.51949,15.52
0583710000000000040413,0.09551,43.2048,26.78
0583710000000000040306,0.15167,43.66453,25.975
0583710000000000040312,0.12843,42.43917,28.885
0504510000000000040408,0.27544,42.86471,8.54
0583710000000000030525,0.12143,46.07081,22.565
0504510000000000040703,0.23776,45.54444,18.79
0504510000000000010407,0.03285,43.19113,21.16
0504510000000000080302,0.10937,40.38323,12.3
0583710000000000040156,-0.0561,41.92476,22.47
0504510000000000090416,-0.12951,39.73039,9.645
0583710000000000040410,0.1446,42.11616,28.885
0504510000000000060215,0.20419,45.58204,16.74
0583720090104100010202,-0.1761,34.56918,5.015
0583710000000000050525,-0.00171,36.27135,8.81
0504510000000000030113,0.21414,44.95312,16.955
0504510000000000020607,0.1255,42.20503,12.09
0504510000000000020612,0.08714,40.57806,12.09
0504510000000000080313,0.15178,43.28513,12.3
0583710000000000030735,-0.09034,37.0592,6.985
0583710000000000010507,0.10207,43.87303,21.705
0583710000000000030401,0.08381,44.09178,11.075
0504510000000000030517,0.2309,42.52975,16.705
0504510000000000010606,-0.03106,39.57487,8.375
0583710000000000050132,0.0725,39.49113,10.845
0504510000000000070716,0.01592,40.51311,12.89
0504510000000000030412,0.20184,46.3152,11.18
0583710000000000010132,0.10803,43.05612,17.915
0504510000000000040625,0.1619,40.31829,6.265
0504510000000000090406,0.15131,41.4582,9.645
0504510000000000010311,0.22546,43.62009,20.67
0583710000000000030628,0.11188,42.0478,11.62
0504510000000000060618,0.19243,42.16914,15.52
0504510000000000070303,0.18971,43.66111,18.215
0504510000000000080309,0.1379,42.51949,11.575
0504510000000000080205,0.17101,41.45991,16.545
0514720010601400010112,-0.00431,38.89468,1.285
0583710000000000030614,0.15781,44.14305,18.77
0583710000000000040204,0.14643,44.84204,25.975
0583710000000000030617,0.12923,45.95802,18.77
0504510000000000070402,0.18934,42.00337,23.56
0504510000000000070517,0.16712,42.8066,15.34
0583720090104100010214,-0.06177,39.62101,6.395
0504510000000000090306,0.09837,42.78781,14.55
0583710000000000030501,0.06711,45.25049,22.565
0583710000000000010225,-0.01856,38.91519,22.25
0504510000000000010306,0.24088,44.7412,20.67
0504510000000000090218,0.2068,44.04564,14.55
0504510000000000080610,-0.04514,40.40032,7.52
0583710000000000040620,-0.03376,35.52964,7.825
0583710000000000050219,0.08884,35.39292,7.26
0583710000000000030327,-0.18265,39.59367,8.925
0583710000000000020121,0.11443,43.19797,14.5
0504510000000000020224,0.18392,42.26998,16.955
0504510000000000010501,0.18184,46.12208,20.67
0583710000000000020125,0.03403,41.48383,14.5
0504510000000000080422,-0.18151,37.6078,16.545
0504510000000000080124,0.20468,43.52952,14.38
0504510000000000030620,-0.02272,38.58877,16.705
0583710000000000030225,0.07146,45.52906,22.565
0504510000000000070705,0.00252,39.59708,12.89
0504510000000000060622,0.05095,38.94082,7.525
0504510000000000050324,0.21961,43.35862,18.79
0504510000000000100123,0.15009,42.28365,10.785
0514720011200300010102,-0.02606,43.59275,0.87
0514720011200300010103,0.11009,41.57612,0.945
0514720010400400010102,0.01866,39.49967,2.45
0514720010400400010112,0.05787,38.23329,3.265
0514720010400500010131,-0.04958,38.73233,2.12
0514720010400500010126,-0.06098,38.65029,2.12
0514720011500900010104,-0.00226,36.77722,0.42
0514720010501100010102,-0.08509,34.68539,0.79
0514720010801200010107,0.06387,37.10535,1.6
0514720010801200010108,0.0387,38.7947,1.6
0514720010801200010109,-0.11999,37.54969,1.6
0514720010601400010116,-0.15276,36.9071,1.285
0565920010400800010112,-0.07998,36.15172,0.935
0565920010400800010103,-0.12299,35.70854,1.39
0504520020301700010102,-0.06136,37.42835,4.93
0514720010401500010103,-0.03608,36.4696,1.385
0566520040701400010104,-0.12444,35.58775,0.455
0583720050403300010101,-0.15548,35.44077,0.29
0504510000000000100312,0.14561,39.77824,14.55
0583720090104100010101,-0.06693,35.65953,4.785
0504510000000000050313,0.19708,43.20993,15.34
0583710000000000020817,0.08435,37.98036,14.785
0583710000000000030824,-0.09877,35.57066,6.985
0504510000000000100207,0.11165,41.50092,8.015
0504510000000000020301,0.15519,44.04393,18.645
0504510000000000100104,0.07201,42.75192,8.015
0504510000000000050312,0.18676,43.01852,15.34
0583710000000000020604,0.1214,42.93991,28.885
0504510000000000070622,0.19638,44.7019,15.34
0583710000000000040734,-0.25999,33.13361,10.28
0504510000000000060515,0.21503,43.64915,15.52
0504510000000000060621,0.18127,41.05487,15.52
0504510000000000100406,0.02884,37.38563,6.77
0504510000000000040304,-0.0893,43.77732,8.54
0504510000000000030312,0.24998,44.58056,15.505
0583710000000000040158,0.10015,42.15035,22.47
0504510000000000060424,0.08465,44.45751,15.52
0583710000000000010439,0.13307,39.70988,14.785
0583710000000000030714,0.07432,41.17621,11.4
0504510000000000020307,0.26745,44.50878,16.955
0583710000000000050516,0.07673,36.6781,10.845
0504510000000000010123,0.15238,42.48873,16.545
0504510000000000080412,0.00703,40.80023,12.3
0504510000000000090331,-0.00204,41.04291,14.55
0504510000000000080608,-0.08069,38.53066,7.52
0583710000000000040153,0.0186,39.29801,22.47
0583710000000000030435,0.02562,40.37468,11.075
0504510000000000100404,-0.07919,36.62341,6.15
0583710000000000040502,0.05574,42.94162,22.47
0504510000000000100504,-0.26189,36.60973,6.77
0583710000000000010722,-0.0376,40.27727,17.915
0504510000000000020320,0.16462,44.08494,18.645
0504510000000000020561,0.10655,43.80467,21.16
0504510000000000080318,0.12543,42.82711,12.3
0583710000000000030719,-0.15969,37.34974,6.985
0504510000000000060418,0.16704,43.23044,15.52
0583710000000000020113,0.1482,43.6782,17.915
0583710000000000030406,0.1062,44.02,25.975
0583710000000000040169,-0.03622,41.58979,22.47
0504510000000000040402,0.16483,42.55025,8.54
0583710000000000030704,0.13075,42.8818,11.4
0504510000000000080421,0.02885,37.33777,16.545
0504510000000000060208,0.23465,45.75977,16.74
0504510000000000020520,0.19605,44.70361,21.16
0504510000000000010221,0.11293,42.9946,23.56
0504510000000000040319,0.04757,43.0151,8.54
0583710000000000010506,0.0943,43.76194,21.705
0583710000000000030303,0.0936,44.83007,22.565
0504510000000000070425,0.17436,42.10762,19.935
0583710000000000020127,-0.01071,39.83976,14.5
0504510000000000070317,0.16221,46.24172,18.215
0583710000000000010715,-0.0663,37.63514,17.96
0583710000000000030207,0.17858,45.82472,22.565
0504510000000000050403,0.16078,43.89012,18.79
0583710000000000050126,0.06912,41.25995,10.845
0504510000000000060503,0.1167,41.90596,9.69
0504510000000000040630,0.04116,38.24013,9.645
0583710000000000030101,0.1759,44.65234,26.83
0504510000000000050508,0.2045,41.77607,9.835
0583720090104100010120,-0.02801,36.17223,4.785
0504510000000000020223,-0.23945,38.10341,16.955
0583710000000000020412,0.12536,42.71945,26.78
0504510000000000100107,0.09767,42.21016,8.015
0583710000000000020120,0.06669,43.59959,24.965
0504510000000000080501,0.11031,41.35736,12.3
0583710000000000010308,0.0654,42.26827,36.16
0504510000000000080305,0.05269,37.94618,11.575
0504510000000000080317,0.13765,43.08346,11.575
0504510000000000090113,0.2275,44.48143,18.79
0504510000000000020114,0.23196,43.95848,21.16
0583710000000000020702,0.10728,43.10397,26.78
0504510000000000050224,0.15888,44.19432,15.34
0504510000000000040631,-0.26584,36.11923,6.265
0583710000000000040411,0.08434,42.82199,26.78
0504510000000000090304,0.16737,42.70065,14.55
0504510000000000040713,0.24571,45.02148,18.79
0583720090104100010117,-0.11736,35.24253,4.785
0583710000000000040404,0.17508,43.42698,28.885
0583720090104100010213,-0.0927,36.82678,6.395
0504510000000000100313,0.07917,40.45501,14.55
0504510000000000100321,0.20344,41.64448,10.785
0583710000000000020110,0.15403,45.53248,24.965
0583710000000000050116,0.12957,39.4672,10.845
0504510000000000090223,0.19798,44.02684,14.55
0504510000000000080510,0.01834,41.05487,12.3
0504510000000000070307,0.22367,44.62157,18.215
0504510000000000080519,-0.02587,37.00964,12.3
0504510000000000100611,-0.06568,39.32535,6.77
0583710000000000030416,0.08374,43.08688,11.075
0504510000000000070301,0.19495,45.13428,18.215
0583710000000000030112,-0.03192,42.43404,36.16
0583710000000000010409,0.06332,42.32296,14.785
0504510000000000100331,-0.01217,39.35099,10.785
0583710000000000020815,0.00745,37.45911,10.675
0583710000000000040535,0.10298,42.90915,22.47
0583710000000000030605,0.11271,42.18453,18.77
0504510000000000050302,0.21435,42.59298,18.79
0583710000000000040551,0.08436,42.85446,15.875
0583710000000000010304,0.1268,42.5776,22.25
0504510000000000040213,0.23911,44.12938,18.79
0504510000000000090417,-0.07697,40.83783,9.645
0514720011200300010106,0.15863,41.37445,0.945
0514720011200300010112,0.08796,38.58535,0.945
0514720010400500010122,-0.10015,38.79727,2.12
0514720010800600010102,0.11758,40.42083,4.195
0514720010400800010106,0.15071,40.06364,5.05
0514720011500900010106,-0.117,35.48521,0.42
0514720010601400010106,-0.09854,40.3405,1.285
0565920020600700010103,-0.06805,37.8932,0.53
0504520020301700010105,-0.0237,37.57703,4.195
0583710000000000010719,-0.02141,42.2563,17.96
0504510000000000020216,-0.00273,43.08005,16.955
0583710000000000040418,-0.07541,42.00679,26.78
0583710000000000030445,-0.15233,34.2325,5.65
0504510000000000020604,0.10711,42.21016,12.09
0504510000000000100213,0.18185,41.49067,8.015
0583710000000000010444,0.1476,39.25186,14.785
0504510000000000030110,0.23332,44.31737,16.955
0504510000000000100134,0.07166,42.30074,8.015
0504510000000000080202,0.10566,43.45261,14.38
0504510000000000040130,0.18474,44.1516,18.79
0504510000000000080201,0.16906,43.58762,11.575
0504510000000000010711,-0.01329,39.95256,6.365
0504520030201800010103,-0.00919,39.11856,2.615
0504510000000000070621,0.18388,44.06102,15.505
0504510000000000040412,0.20231,42.64767,10.83
0583710000000000050217,-0.16449,35.1434,7.26
0504510000000000010129,-0.17989,39.06387,16.545
0504510000000000060219,0.19845,45.65552,16.74
0583710000000000030608,0.12548,45.84864,18.77
0504510000000000090215,0.03332,43.67478,14.55
0504510000000000100308,0.00673,38.41445,10.785
0583710000000000040714,0.09096,41.67182,22.47
0504510000000000040632,0.02059,38.71182,6.265
0504510000000000050107,0.20739,43.38425,15.34
0504510000000000030306,0.24927,46.0486,15.505
0504510000000000090310,0.06282,42.123,14.55
0504510000000000010404,0.13057,43.35349,14.155
0583710000000000030306,0.11566,45.74952,22.565
0504510000000000020543,0.11094,45.01294,21.16
0504510000000000040138,0.23336,44.29003,18.79
0583710000000000040150,-0.18019,36.27819,4.98
0504510000000000090412,0.16984,41.97261,9.645
0583710000000000050226,-0.07755,35.85264,10.845
0504510000000000040601,0.1262,43.91063,8.54
0504510000000000020624,-0.26325,38.8417,12.09
0583710000000000040215,0.07171,43.49875,28.885
0514720010601400010114,0.07789,40.59002,1.285
0583710000000000040218,0.10607,43.19626,28.885
0583710000000000030325,0.18736,45.35987,22.565
0504510000000000010139,0.09974,38.50674,16.545
0504510000000000010709,-0.02749,40.86175,6.365
0504510000000000050401,0.10799,40.96771,9.835
0583710000000000010617,-0.06244,37.89149,22.25
0504510000000000020524,0.16386,44.00633,18.645
0583710000000000010215,0.06733,42.42037,26.83
0504510000000000080612,-0.01447,40.7011,7.52
0583710000000000040125,-0.16593,35.55366,3.415
0583710000000000050121,0.23424,42.22896,10.845
0504510000000000080616,-0.04132,41.25824,7.52
0504510000000000050509,0.15884,42.32808,12.89
0583710000000000020612,0.16413,43.94481,28.885
0504510000000000040517,0.09333,39.12198,7.215
0504510000000000040507,0.2712,43.0134,8.54
0504510000000000020609,0.09793,41.44965,12.09
0504510000000000030211,0.16738,41.93159,16.955
0504510000000000090205,0.1897,42.34346,6.95
0504510000000000090122,0.22115,43.64744,18.79
0504510000000000040510,0.2357,42.89547,10.83
0504510000000000010509,0.04943,42.15035,19.935
0504510000000000060630,-0.13483,38.94082,7.525
0583710000000000010120,0.15397,42.31441,17.915
0504510000000000090221,0.21295,44.16014,14.55
0583710000000000030621,0.14906,43.82859,18.77
0504510000000000070219,0.18504,42.48018,15.505
0583710000000000030726,-0.05294,36.92077,6.985
0504510000000000010136,0.00296,39.24674,14
0504510000000000070417,0.20813,44.42162,18.215
0504510000000000070204,0.17291,41.21552,15.52
0504510000000000050306,0.15923,42.25289,18.79
0504510000000000030507,0.13176,41.66328,15.505
0504510000000000080620,-0.01622,35.84068,12.3
0583710000000000030812,0.05013,38.59902,6.985
0583710000000000010315,-0.02575,39.45865,21.705
0504510000000000020310,0.2422,46.20753,16.955
0504510000000000080701,-0.04774,37.59242,6.535
0583710000000000030627,0.02368,43.56711,11.62
0504510000000000030220,0.10825,42.1794,18.645
0583710000000000020708,0.08519,42.59811,26.78
0583710000000000020810,-0.10611,36.46105,10.47
0583710000000000040523,0.12533,42.57931,28.885
0583720090104100010211,-0.0646,36.72253,5.015
0504510000000000060212,0.16688,45.41455,16.74
0504510000000000040623,0.08232,40.51653,8.54
0504510000000000090220,0.18055,44.6079,14.55
0504510000000000030703,-0.0188,39.64152,9.62
0504510000000000070117,0.1466,44.21141,15.505
0504510000000000070435,-0.02476,41.97432,19.935
0504510000000000100333,0.06318,40.88226,10.785
0583710000000000050220,0.12892,36.74133,10.845
0504510000000000070614,0.20368,43.53123,15.34
0583710000000000030102,0.12106,44.32762,26.83
0583710000000000010134,0.12772,43.85594,13
0583710000000000030823,0.01183,36.01158,2.78
0583710000000000040120,0.10554,41.35736,22.47
0504510000000000010315,0.15642,43.26804,20.67
0583710000000000010612,-0.02311,39.18179,22.25
0504510000000000060118,0.21261,43.71751,23.56
0583710000000000040710,-0.03985,38.22304,14.52
0583710000000000030529,0.01263,46.09645,22.565
0583710000000000040536,0.11448,42.73312,22.47
0583710000000000030810,-0.15294,35.00497,6.985
0583710000000000010314,0.0678,40.83441,21.705
0504510000000000070426,0.12778,42.40328,19.935
0504510000000000020220,0.12782,40.04826,19.935
0504510000000000040302,0.03379,43.53293,8.54
0504510000000000080505,-0.0666,42.32125,12.3
0583710000000000040716,0.03172,41.50092,22.47
0583710000000000030319,0.12116,44.12425,36.16
0504510000000000040622,0.19711,42.43404,8.54
0583710000000000010105,-0.19314,39.03653,17.915
0504510000000000040720,0.19486,43.44919,14.55
0583710000000000030415,0.03779,43.82517,11.075
0583710000000000040131,-0.05556,37.49842,7.075
0583710000000000040722,-0.1008,36.06114,10.28
0583710000000000040705,-0.06066,37.9496,14.52
0583710000000000020102,0.08841,45.6692,24.965
0504510000000000030327,0.09298,45.73927,15.505
0504510000000000060521,0.22396,43.44919,15.52
0583710000000000040724,-0.13682,35.76207,10.28
0504510000000000050110,0.22818,42.41353,15.34
0583710000000000040720,-0.08203,37.98549,17.88
0504510000000000020549,0.00174,38.21279,6.96
0504510000000000080113,0.19455,45.25562,20.67
0504510000000000020316,0.17387,43.89012,16.955
0583710000000000040504,-0.09721,37.7124,14.52
0504510000000000060422,0.22055,43.24069,15.52
0583710000000000030701,0.06006,44.22167,11.4
0583710000000000030103,0.06555,42.90744,26.83
0504510000000000070124,0.14513,44.11912,15.505
0504510000000000010712,0.03142,40.53875,6.365
0504510000000000060122,0.17022,42.34346,23.56
0583710000000000010605,0.05663,40.28411,22.25
0504510000000000060632,0.2302,40.11662,7.525
0504510000000000070721,-0.05098,41.16596,12.89
0583710000000000050307,-0.08254,35.51255,7.615
0504510000000000070133,-0.05957,39.71671,15.52
0583710000000000020706,0.11986,44.5498,26.78
0504510000000000020221,-0.23341,38.58364,19.935
0504510000000000040614,0.26122,44.05247,8.54
0583710000000000010201,0.15515,40.75237,22.25
0583710000000000040103,-0.0143,43.09714,17.88
0504510000000000060103,0.1763,43.21677,23.56
0504510000000000030227,0.07195,39.51505,10.175
0583710000000000010602,0.01786,39.47745,22.25
0504510000000000030120,-0.09924,37.38563,16.705
0583710000000000050221,0.12514,36.21495,10.845
0504510000000000030503,0.24187,44.06444,15.505
0504510000000000020527,-0.09596,41.39838,12.09
0504510000000000100122,0.10402,41.79145,10.785
0583710000000000010714,0.04442,40.24651,17.96
0504510000000000100215,0.13564,41.00189,6.15
0583710000000000050127,0.03752,40.59173,17.96
0504510000000000020501,0.15438,42.46993,12.09
0504510000000000040115,0.25425,44.95312,18.79
0504510000000000020416,0.22025,42.7485,18.645
0504510000000000040633,0.02174,39.72013,6.265
0504510000000000090216,0.19263,44.14305,14.55
0504510000000000050319,0.2128,43.71067,10.83
0504510000000000020319,0.09427,42.56393,18.645
0504510000000000060210,0.172,44.70019,16.74
0583710000000000020703,0.10457,43.67649,26.78
0514720011200300010120,0.23625,42.23238,0.945
0583710000000000030722,0.01296,40.83783,11.4
0504510000000000100131,0.01644,41.07709,8.015
0504510000000000010132,-0.14303,37.31385,14
0504510000000000050116,0.18157,42.8237,15.34
0504510000000000070712,0.06718,41.2685,12.89
0504510000000000030614,0.06448,43.49363,16.705
0504510000000000010517,0.07604,42.18111,21.16
0583710000000000050138,0.09641,40.16789,10.845
0504510000000000100306,0.13269,39.0502,10.785
0504510000000000060817,0.17918,44.69506,16.74
0583710000000000020132,0.09939,43.59959,14.5
0504510000000000070707,0.01179,39.85002,12.89
0504510000000000010409,0.04703,44.73095,12.09
0504510000000000030519,0.18431,41.33686,16.705
0583710000000000040505,-0.09294,40.21233,14.52
0504510000000000030615,0.19436,41.50947,16.705
0504510000000000050315,-0.10997,42.09395,15.34
0583710000000000020803,-0.13725,36.78576,10.155
0504510000000000070310,0.19415,45.14111,18.215
0583710000000000020319,0.11941,44.80956,24.965
0504510000000000080104,0.14312,43.26633,16.545
0583710000000000040314,0.16174,43.31589,28.885
0504510000000000020313,0.28583,47.02102,16.955
0504510000000000010130,0.13795,44.07469,14.155
0504510000000000030304,0.19381,43.93113,15.505
0504510000000000040607,-0.11969,39.47062,8.54
0583710000000000040530,0.02056,42.20845,15.875
0504510000000000080304,0.03666,40.53362,11.575
0583710000000000050131,0.12249,41.10956,10.845
0504510000000000020605,0.10387,42.33834,21.16
0583710000000000020408,0.18177,44.43358,26.83
0504510000000000060818,0.15082,44.05418,16.74
0504510000000000030201,0.11088,42.05806,9.62
0504510000000000010518,-0.01749,39.6381,19.935
0504510000000000030311,0.2273,44.54638,15.505
0504510000000000030317,0.19151,44.10545,11.18
0514720011200300010101,-0.01592,43.32956,0.87
0514720010400400010104,0.17282,41.24799,3.265
0514720010400500010115,0.06629,39.40226,2.12
0514720010400500010121,-0.15144,37.69667,2.12
0514720010400500010128,-0.08251,37.70692,2.12
0514720010400800010102,0.09202,41.17963,5.05
0514720010601400010107,0.05161,39.83122,1.285
0517220100601300010102,-0.06026,39.21256,0.39
0583720050403300010104,-0.15717,35.37925,0.29
0565920010400800010110,-0.11681,36.60973,0.935
0565920010400800010104,-0.10764,35.06137,1.39
0505120040101900010101,-0.20206,37.00964,0.39
0504510000000000010134,0.03236,38.02479,16.545
0504510000000000050207,-0.04549,44.82153,18.79
0504510000000000100603,-0.07281,40.68572,10.785
0583710000000000010440,0.05743,38.80239,14.785
0583710000000000030601,0.12106,45.36328,18.77
0504510000000000070437,-0.04137,42.89206,18.215
0583710000000000050224,0.00233,36.76867,10.845
0504510000000000020312,0.26014,47.39188,16.955
0504510000000000020113,0.25834,45.75294,21.16
0504510000000000070702,0.06868,40.52337,12.89
0504510000000000100332,0.04833,40.74896,10.785
0504510000000000030216,0.20141,45.74439,10.175
0504510000000000010219,0.02337,41.49238,23.56
0583710000000000030228,0.04331,46.04347,11.4
0504510000000000040411,0.18239,43.52781,10.83
0583710000000000020129,0.0544,39.55265,14.5
0504510000000000080306,0.15833,39.25528,11.575
0504510000000000070104,0.2333,43.04928,15.52
0583710000000000020601,0.18512,45.46753,26.78
0504510000000000020528,0.11172,42.39815,12.09
0583710000000000030504,0.17692,46.1255,22.565
0583710000000000050205,-0.08857,35.17588,7.26
0504510000000000060802,0.04326,41.99312,16.74
0504510000000000100612,-0.03023,39.64152,6.77
0504510000000000060808,0.17068,41.14545,18.215
0504510000000000090508,0.06839,42.12984,14.55
0504510000000000010514,-0.07283,42.8254,21.16
0583710000000000020812,-0.16859,38.92032,10.675
0504510000000000080116,0.20855,45.05737,20.67
0504510000000000060629,0.02133,40.83612,12.89
0504510000000000080417,0.05385,39.46036,16.545
0504510000000000020210,0.19041,44.0952,19.935
0504510000000000030213,0.222,42.79977,10.175
0504510000000000010414,0.13386,42.63229,14.155
0583710000000000030607,0.17938,44.14989,18.77
0583710000000000030733,-0.03763,39.37833,11.4
0504510000000000050104,0.01552,42.69723,15.34
0583710000000000020505,0.09951,42.18453,28.885
0504510000000000090401,0.16705,43.45261,14.55
0583710000000000030806,0.07056,40.58489,11.4
0583710000000000040213,0.02521,42.43746,28.885
0583710000000000040159,0.01312,42.01362,28.885
0504510000000000080117,0.1952,44.08836,20.67
0583710000000000030316,0.1737,45.15137,36.16
0504510000000000080109,-0.0354,42.40157,14.38
0583710000000000040173,-0.09994,37.0199,4.98
0504510000000000100326,0.05663,40.53362,10.785
0583720090104100010118,-0.05486,35.78941,4.785
0583710000000000020605,0.17451,43.9619,28.885
0504510000000000060401,0.18643,44.6079,9.69
0583720090104100010110,-0.08132,36.25084,6.395
0504510000000000020518,0.20807,43.51755,18.645
0504510000000000040506,0.25896,44.21483,8.54
0504510000000000010623,-0.06933,38.0829,8.375
0504510000000000080504,0.10695,42.82028,12.3
0504510000000000080631,-0.13078,41.56586,12.3
0504510000000000030522,0.17144,41.23773,15.505
0504510000000000080111,0.27337,44.83007,14.38
0504510000000000070110,0.15703,43.23728,15.505
0504510000000000080213,0.1206,42.68014,16.545
0565910000000000010223,0.10809,39.87223,10.23
0504510000000000020555,-0.08737,38.08974,3.83
0504510000000000100410,-0.02627,38.23671,6.77
0504510000000000040634,-0.02709,40.9472,6.265
0583710000000000040511,0.04746,40.04143,14.52
0583710000000000030821,-0.15089,35.12631,6.985
0504510000000000060614,0.19987,41.87007,12.89
0583710000000000020413,0.05667,41.84956,26.78
0504510000000000050511,0.22282,41.58979,12.89
0583710000000000030111,0.09225,44.3618,36.16
0504510000000000040206,0.27916,44.20799,14.55
0504510000000000070524,0.14758,42.64254,15.34
0583710000000000050112,0.11684,40.2636,17.96
0504510000000000100218,0.01747,40.07219,6.15
0583710000000000030814,0.10353,38.11708,11.4
0583710000000000040733,-0.23446,33.51984,10.28
0504510000000000010110,0.05975,39.34415,16.545
0504510000000000010715,-0.22439,38.55801,6.365
0504510000000000060419,0.17986,42.95358,15.52
0583710000000000050518,0.02098,35.99791,7.615
0583720090104100010116,-0.13336,34.97592,4.785
0504510000000000100220,0.06025,41.31122,6.77
0504510000000000060813,0.24919,44.76855,16.74
0583710000000000050411,-0.05137,37.32581,10.845
0583710000000000020310,0.10678,42.61861,24.965
0504510000000000050411,0.117,43.47654,18.79
0583710000000000030204,0.11908,45.80421,11.4
0583710000000000040723,-0.04826,37.14636,14.52
0583710000000000050124,0.11839,41.92476,10.845
0504510000000000030709,-0.04361,37.57191,11.18
0504510000000000040712,0.26102,45.15649,18.79
0504510000000000010317,0.19513,43.44748,20.67
0583710000000000010614,0.0766,40.0739,22.25
0504510000000000090106,0.22011,44.61986,9.835
0504510000000000100222,0.12985,41.2702,10.785
0504510000000000040216,0.25507,44.02,18.79
0583710000000000010732,0.02379,39.02627,17.96
0504510000000000010607,0.05732,40.37127,8.375
0514720010400400010108,-0.05798,39.33561,1.105
0514720010400400010114,0.16401,39.01602,3.265
0514720010400500010103,0.07763,40.62591,2.12
0514720010400500010106,0.1186,40.30974,2.12
0514720011500900010102,-0.05308,,0.42
0514720010601400010110,-0.22618,37.40272,1.285
0566520040701400010102,-0.08527,,0.375
0565920010400800010105,-0.08636,34.52816,1.085
0505120020301700010101,-0.10348,41.48383,0.67
0583710000000000050505,0.09262,35.8817,7.26
0504510000000000080303,0.08742,40.46526,11.575
0504510000000000020630,0.01659,40.34221,12.09
0504510000000000020321,0.15996,42.32979,18.645
0583710000000000040537,0.10829,41.98286,22.47
0583720090104100010212,-0.15065,36.66271,5.015
0504510000000000080204,0.1722,42.05464,12.3
0583710000000000020401,0.01593,43.03219,26.78
0504510000000000070523,-0.02557,42.92965,12.89
0583710000000000030301,0.07422,45.63673,22.565
0583710000000000020317,0.09034,43.49363,24.965
0504510000000000070619,0.20528,44.18407,15.505
0583720090104100010114,-0.15541,33.94026,3.515
0504510000000000040135,0.24438,44.79589,18.79
0504510000000000020421,0.06444,42.123,18.645
0504510000000000090324,0.1643,42.53316,14.55
0504510000000000060216,0.00541,44.24217,16.74
0583710000000000030813,0.08189,39.65861,11.4
0583710000000000030506,0.1383,44.67284,22.565
0504510000000000060410,0.11567,44.04393,15.52
0504510000000000070413,0.19035,44.11058,18.215
0504510000000000060815,0.24528,43.0527,18.215
0504510000000000020110,0.21374,43.84226,21.16
0504510000000000080609,-0.01195,39.70304,7.52
0504510000000000100310,0.0863,39.62101,10.785
0583710000000000040168,-0.12989,33.24982,5.62
0504510000000000040134,0.20515,44.57543,18.79
0583710000000000020307,0.18293,44.56347,26.83
0504510000000000030604,0.22441,41.51459,18.215
0504510000000000100503,-0.05691,37.72401,6.77
0583710000000000010733,-0.02457,37.99403,17.96
0504510000000000020545,0.09915,44.45922,21.16
0504510000000000070229,-0.10057,42.83224,15.505
0583710000000000040735,-0.1497,33.2276,10.28
0583710000000000040315,0.07385,43.05441,28.885
0583710000000000010306,0.10891,42.39986,36.16
0504510000000000070624,0.21075,44.73779,15.34
0504510000000000080606,-0.02982,39.42618,7.52
0504510000000000020303,0.18335,44.23534,18.645
0504510000000000040619,0.2435,42.38961,8.54
0504510000000000070617,0.16737,43.95164,15.505
0504510000000000100311,0.09246,39.17667,14.55
0504510000000000050513,-0.03001,40.7199,12.89
0504510000000000100318,0.1817,41.60688,10.785
0504510000000000070129,-0.1221,40.97455,12.89
0583710000000000040549,0.08131,42.30757,22.47
0504510000000000060609,0.18546,42.3127,15.52
0504510000000000070414,0.18824,42.26143,19.935
0583710000000000010410,0.12258,40.9472,14.785
0583710000000000030519,0.10701,44.01317,18.77
0583710000000000040219,0.02192,43.97899,25.975
0583710000000000030408,0.04877,43.18259,11.075
0583710000000000030817,0.15573,38.85537,11.4
0583710000000000010114,0.25384,44.41137,17.915
0504510000000000040707,0.25811,43.55002,14.55
0504510000000000030224,0.11294,42.02388,10.175
0504510000000000090102,0.17348,42.84762,9.835
0583710000000000010222,0.1724,39.9611,22.25
0583710000000000040151,0.04321,41.10614,14.52
0504510000000000100323,0.13845,41.31635,10.785
0504510000000000070629,0.15554,45.20605,15.505
0583710000000000040113,-0.3255,37.83748,17.88
0583710000000000020409,0.14701,45.14453,26.83
0504510000000000050223,0.15723,44.45409,18.79
0583710000000000030302,0.10939,45.37012,22.565
0583710000000000010140,-0.03526,42.87155,17.915
0504510000000000080418,0.11139,38.60415,16.545
0504510000000000070121,0.2204,44.85058,15.505
0504510000000000100217,0.07472,40.3593,6.15
0583710000000000010709,0.02246,39.78508,13
0504510000000000020536,-0.04062,40.14397,3.83
0583710000000000040205,0.11317,44.97021,25.975
0583710000000000010606,0.01205,39.69279,22.25
0583710000000000010615,-0.14116,36.97546,22.25
0583710000000000040160,0.05266,42.52633,17.88
0583710000000000040121,-0.07412,43.14499,25.975
0504510000000000070322,-0.06348,43.50388,18.215
0504510000000000050103,0.20344,42.1606,15.34
0583710000000000040417,-0.02176,42.88864,26.78
0504510000000000060415,0.1889,43.32785,9.69
0504510000000000070321,0.03835,42.95529,18.215
0504510000000000060602,-0.01221,40.71136,15.52
0504510000000000010416,0.1825,40.24309,14.155
0583720090104100010109,-0.07037,36.96521,4.785
0583720090104100010113,-0.13625,34.07698,2.755
0504510000000000020302,0.21558,44.08494,18.645
0504510000000000070115,0.2359,44.18749,15.505
0583710000000000030818,0.06606,39.09805,11.4
0504510000000000080622,3e-05,35.90904,12.3
0504510000000000040617,0.23175,41.34369,8.54
0583710000000000040208,0.15372,44.90527,25.975
0504510000000000040727,0.17822,43.56882,14.55
0504510000000000080415,0.12598,40.14055,16.545
0583710000000000030625,0.02749,42.80319,11.62
0504510000000000090201,0.20468,42.45797,6.95
0504510000000000070713,0.05223,40.87713,12.89
0504510000000000030218,0.12269,44.2285,10.175
0504510000000000010222,-0.03713,36.9823,7.175
0583710000000000020410,0.09825,43.15012,26.78
0504510000000000090105,0.21681,43.02194,6.95
0583710000000000030304,0.11821,44.7788,36.16
0504510000000000050214,0.21459,41.80342,15.34
0504510000000000080623,-0.05124,35.70738,6.535
0583710000000000040526,0.05281,42.53658,15.875
0504510000000000010307,0.22054,44.7412,20.67
0583710000000000010137,0.17525,43.4697,17.915
0504510000000000070106,0.21931,43.14328,15.34
0504510000000000010220,0.01546,42.36568,23.56
0583710000000000020112,0.0733,40.95404,14.5
0504510000000000020508,0.08727,44.28661,18.645
0583710000000000010515,0.22783,44.02513,21.705
0504510000000000070223,-0.01789,42.36739,15.52
0504510000000000060626,0.19422,41.33857,12.89
0504510000000000060508,0.21505,44.28832,15.52
0504510000000000010401,0.08093,43.25095,14.155
0504510000000000020225,0.13307,44.67626,21.16
0504510000000000040207,0.25789,43.86277,14.55
0583710000000000010122,0.16681,42.38277,17.915
0504510000000000080507,0.18614,41.62568,12.3
0583710000000000010520,-0.05511,42.07857,21.705
0504510000000000050117,0.19686,42.93991,15.34
0583710000000000030804,0.05504,38.51357,11.4
0504510000000000010512,0.05945,42.70406,21.16
0504510000000000040305,0.26098,43.86277,8.54
0504510000000000090108,0.22048,44.66772,9.835
0583710000000000010432,0.17159,39.27066,14.785
0504510000000000010127,0.10282,40.14055,16.545
0504510000000000100204,0.02061,41.15228,8.015
0583710000000000030706,-0.03423,43.00143,11.4
0504510000000000030613,0.12325,44.78564,18.215
0583710000000000010625,-0.26722,33.4801,13.005
0583710000000000030402,-0.02488,42.60836,25.975
0504510000000000070217,0.20523,43.40989,15.505
0583710000000000010106,0.19726,42.68185,17.915
0504510000000000060218,0.19019,44.86425,16.74
0583710000000000020818,0.02032,37.58045,14.785
0504510000000000040602,0.06317,43.60471,8.54
0583710000000000040164,0.0696,40.01408,14.52
0504510000000000070623,0.19613,44.16014,15.34
0583710000000000050105,0.20692,41.63081,10.845
0583710000000000040510,0.06021,40.80706,14.52
0504510000000000100609,-0.11298,39.9987,6.77
0504510000000000050512,0.17102,41.58979,15.34
0504510000000000050314,0.19765,42.07515,15.34
0504510000000000060803,0.07114,41.87007,16.74
0583710000000000040112,0.03724,39.29972,17.88
0583710000000000030104,0.08761,43.6782,26.83
0504510000000000090509,-0.03527,40.15593,14.55
0583710000000000010133,0.10337,44.27977,14.785
0504510000000000100118,0.15205,42.89547,10.785
0504510000000000090117,0.23778,44.95996,18.79
0583720090104100010206,-0.15237,35.73814,5.015
0504510000000000070504,0.16193,42.97067,15.34
0504510000000000040121,0.2326,44.14305,18.79
0504510000000000040310,0.17224,41.58295,8.54
0504510000000000070706,0.01856,39.22452,12.89
0583710000000000010108,0.05338,42.41866,17.915
0583710000000000010609,-0.13082,39.46891,22.25
0504510000000000100115,0.11091,41.58979,10.785
0504510000000000050216,-0.01339,41.64277,15.34
0504510000000000030506,0.22674,44.56176,15.505
0504510000000000020115,0.14577,45.6128,12.09
0583710000000000010446,-0.18645,39.51505,14.785
0583710000000000010429,0.14654,43.24753,13
0504510000000000030410,0.25582,45.28296,10.83
0504510000000000020208,0.19703,41.58295,19.935
0504510000000000090222,0.2243,44.31053,14.55
0504510000000000010131,0.05721,39.61759,14
0583710000000000020116,0.09506,42.90231,14.5
0504510000000000010109,0.12978,40.3969,16.545
0583710000000000030633,0.1541,43.07492,18.77
0583710000000000030414,0.06312,43.59275,11.075
0504510000000000030610,0.2252,43.40305,16.705
0504510000000000030407,0.21362,43.11594,10.83
0504510000000000030528,-0.21762,38.93228,15.505
0583710000000000020203,0.15335,42.00166,22.25
0504510000000000050414,0.06334,42.15376,9.835
0504510000000000070405,0.15413,43.34153,19.935
0583710000000000020902,0.02192,38.26577,14.5
0514720010400400010120,0.06544,39.14932,3.265
0514720010400500010116,-0.05047,37.29505,2.12
0514720010400500010124,-0.09013,39.18692,2.12
0514720010800600010111,0.06298,39.60563,3.475
0514720010800600010101,-0.00163,39.07242,4.195
0514720010601400010113,-0.10956,38.06068,1.285
0504520020301700010108,-0.10808,36.83532,4.195
0565920010400800010102,-0.10862,34.86996,1.39
0514720010401500010102,-0.11411,35.28012,1.385
0566520040701400010106,-0.05927,35.58775,0.455
0583720200100700010101,-0.14072,,0.37
0504510000000000010415,0.13355,41.31977,14.155
0504510000000000080517,0.08436,37.818,12.3
0583710000000000010119,0.15481,43.36716,17.915
0583710000000000010319,-0.07117,41.75727,21.705
0504510000000000090334,-0.03107,40.16106,14.55
0504510000000000060121,0.22782,43.36716,23.56
0504510000000000010312,0.18083,43.30564,20.67
0504510000000000030315,0.23928,44.44213,11.18
0504510000000000060507,0.1931,43.78758,15.52
0504510000000000070311,0.19873,45.17529,18.215
0504510000000000070525,0.23263,43.42868,15.34
0504510000000000070411,0.15844,46.19215,18.215
0504510000000000030210,0.13744,43.6782,16.955
0504510000000000050322,-0.01729,43.58933,10.83
0504510000000000010710,-0.07546,38.77676,6.365
0504510000000000080502,0.18411,42.39302,12.3
0583710000000000040304,0.00899,42.64425,36.16
0504510000000000030217,0.07242,41.69917,10.175
0583710000000000030705,0.13073,43.05954,11.4
0583710000000000010611,-0.13517,37.86757,22.25
0583710000000000010104,0.19253,42.82882,17.915
0504510000000000070505,0.15622,42.87667,15.34
0583710000000000040501,0.08863,41.42914,22.47
0504510000000000060402,0.15032,44.88134,9.69
0504510000000000040708,0.2342,43.04074,14.55
0504510000000000010515,0.07628,43.28855,21.16
0583710000000000010437,0.00191,38.91348,14.785
0504510000000000070206,0.15513,41.40522,15.52
0583710000000000010721,-0.00792,40.0175,17.96
0583710000000000030615,0.12244,43.98753,18.77
0504510000000000010627,0.00945,37.83851,8.375
0583710000000000050114,-0.17716,35.23484,17.555
0583710000000000030822,0.01311,37.1908,11.4
0504520030201800010110,-0.04544,38.35634,2.39
0583710000000000030715,0.02647,42.32466,11.4
0504510000000000080308,-0.04787,42.10933,11.575
0583710000000000050527,-0.03585,36.432,8.81
0583710000000000010505,0.15571,43.45603,21.705
0504510000000000080125,0.15994,43.52952,15.39
0504510000000000020204,0.11345,40.5866,19.935
0504510000000000010408,0.12328,44.00291,14.155
0504510000000000030706,-0.04357,38.90664,9.62
0504510000000000040518,0.0984,41.9145,10.83
0583710000000000040749,-0.25023,33.59504,10.28
0504510000000000100618,-0.10115,38.64517,6.77
0583710000000000050201,0.01732,39.42447,10.845
0504510000000000050507,0.10111,41.47016,9.835
0504510000000000070318,0.22007,45.94777,18.215
0504510000000000030209,0.21339,45.57349,16.955
0504510000000000070222,-0.11825,42.01362,15.52
0504510000000000030518,0.20817,42.10249,16.705
0583710000000000020405,0.11818,44.22167,24.965
0583710000000000040602,-0.09272,34.17781,3.415
0583710000000000050102,0.16178,38.93741,10.845
0583710000000000030439,-0.20193,33.9095,11.075
0504510000000000050307,0.20322,43.16892,18.79
0583710000000000030803,0.10443,40.82586,11.4
0583710000000000010110,0.1988,42.75192,17.915
0504510000000000070312,0.19764,45.74952,18.215
0583710000000000020501,0.09847,42.8066,28.885
0504510000000000080615,-0.05992,38.89639,12.3
0504510000000000020415,0.05341,42.43404,16.955
0583710000000000030426,0.10381,40.97113,5.65
0504520030201800010102,0.00686,39.41935,2.69
0504510000000000050505,0.17334,42.32125,12.89
0583720090104100010209,-0.09094,36.29015,5.015
0583710000000000010430,0.06719,40.33538,14.785
0583710000000000030634,0.08495,44.31224,11.4
0504510000000000090119,0.25102,44.2661,18.79
0583710000000000020403,0.1411,44.98388,24.965
0504510000000000100402,-0.10943,37.76503,6.77
0504510000000000090320,0.21616,42.86471,14.55
0504510000000000030520,0.19475,41.18817,16.705
0583710000000000040552,0.04384,41.81367,22.47
0504510000000000060504,0.14263,41.2309,9.69
0583710000000000010716,0.05609,42.76217,17.96
0504510000000000030705,-0.02118,39.58341,9.62
0504510000000000100232,-0.00545,40.1115,8.015
0504510000000000010138,0.03221,39.90812,14
0504510000000000070208,0.12238,41.49409,15.52
0583710000000000010303,0.09727,43.40818,26.83
0583710000000000020806,-0.07306,37.47962,10.155
0504510000000000020116,0.19582,45.6128,12.09
0583710000000000050407,0.03063,37.78212,10.845
0504510000000000090219,0.21509,44.45409,14.55
0504510000000000060816,0.20077,43.27146,16.74
0504510000000000060324,0.12781,44.28148,9.69
0504510000000000080107,0.13266,44.70361,16.545
0583710000000000010226,0.14336,38.91861,22.25
0504510000000000090307,0.1098,41.7812,14.55
0583710000000000040743,0.1101,41.33002,22.47
0504510000000000100304,0.11682,41.0224,10.785
0504520010201000010103,-0.00597,35.43223,3.165
0504510000000000080624,0.02649,36.6986,12.3
0583710000000000010311,0.14979,43.41159,22.25
0504510000000000020560,-0.14048,37.62318,6.055
0583710000000000010618,-0.01735,40.10295,22.25
0514720010400500010104,0.07424,40.15764,2.12
0514720010400500010107,0.06613,41.00189,2.12
0514720010400500010120,-0.05711,38.99209,2.12
0514720010400500010125,-0.07228,39.11856,2.12
0514720010800600010104,-0.0452,38.66396,4.195
0514720010800600010114,-0.06465,37.53944,3.475
0514720010801200010105,-0.12531,38.25893,1.27
0565920010400800010111,-0.07963,36.45934,0.935
0505120020301700010106,-0.05101,43.14328,0.66
0583710000000000030805,0.08414,38.86563,11.4
0583710000000000050404,0.00293,37.89149,10.845
0504510000000000070212,0.15474,42.123,15.52
0504510000000000080322,0.04003,43.47312,12.3
0504510000000000030524,0.23068,42.73312,15.505
0583710000000000040171,0.05207,42.8237,28.885
0583710000000000030514,0.15068,44.90185,22.565
0504510000000000080516,0.06927,37.35657,12.3
0504510000000000020218,0.28615,45.34619,16.955
0504510000000000070528,0.19316,42.41695,15.34
0504510000000000040618,-0.09252,40.59344,8.54
0583710000000000010125,0.07386,42.98092,17.915
0504510000000000090405,0.14409,41.58637,14.55
0583710000000000030441,0.0582,36.87976,11.075
0504510000000000100135,0.05171,40.66009,8.015
0504510000000000070709,-0.00054,38.86221,12.89
0504510000000000010608,-0.05077,40.25163,8.375
0583710000000000020610,0.16482,43.10568,26.78
0504510000000000100102,0.09483,41.94697,8.015
0583710000000000040525,0.09268,43.04074,22.47
0504510000000000060220,0.1502,44.42333,16.74
0504510000000000100214,0.15993,41.06171,8.015
0504510000000000020406,0.14195,42.85446,16.955
0504510000000000030413,0.25042,46.1255,11.18
0583710000000000010513,0.15819,42.99289,21.705
0583710000000000030437,-0.04468,38.19228,11.075
0583710000000000020323,0.02286,42.03755,14.5
0504510000000000010301,0.11123,44.6079,14.155
0583710000000000030631,0.1488,43.92601,18.77
0504510000000000020404,0.21469,44.07469,16.955
0583710000000000040752,-0.05782,36.25768,7.075
0583710000000000010126,0.08934,41.67695,14.785
0583710000000000020504,0.17086,43.41159,26.83
0504510000000000090411,0.1661,41.84956,9.645
0504510000000000070703,0.0176,40.08244,12.89
0504510000000000020550,0.06838,38.975,6.96
0504510000000000020414,0.13491,44.78564,18.645
0583710000000000030734,-0.09197,38.24355,6.985
0504510000000000070502,0.18815,43.12448,15.34
0504510000000000030611,0.2057,44.86425,18.215
0583710000000000040162,-0.05282,38.35976,17.88
0504510000000000010113,0.03683,43.27829,16.545
0504510000000000050121,0.08507,43.45261,15.34
0504510000000000070720,0.01497,40.17558,12.89
0504510000000000090115,0.24162,44.38573,18.79
0583710000000000030703,0.04286,42.96725,11.4
0583710000000000020904,-0.17288,35.6356,14.5
0504510000000000030106,0.16788,42.71432,16.705
0583710000000000040140,0.02485,39.66203,14.52
0504510000000000080625,0.02622,37.41981,12.3
0504510000000000060806,0.15879,43.87303,16.74
0504510000000000030525,0.06345,43.67478,15.505
0504510000000000040318,0.22596,43.0151,8.54
0504510000000000080602,-0.09438,39.54923,7.52
0583710000000000040707,0.02211,38.05898,14.52
0504510000000000080315,0.13916,40.15764,11.575
0583710000000000030312,0.13829,44.74804,22.565
0504510000000000070424,-0.04183,40.68572,19.935
0504510000000000100303,0.17329,40.59856,14.55
0504510000000000080203,0.14788,43.63377,12.3
0504510000000000100309,0.07814,38.51699,10.785
0504510000000000010128,0.06654,39.92521,14
0583710000000000020701,0.07295,41.72309,26.78
0504510000000000100607,-0.09062,39.66032,6.77
0504510000000000020529,0.14623,44.53954,21.16
0504510000000000100236,0.05161,39.83464,8.015
0504510000000000090414,0.20256,41.20868,9.645
0504510000000000100602,0.05654,40.5678,10.785
0583710000000000050511,0.0672,36.1859,10.845
0504510000000000020629,-0.01591,40.03288,12.09
0504510000000000100613,-0.07248,39.73722,6.77
0583710000000000010433,0.00126,39.39542,14.785
0504510000000000090418,-0.10372,38.89639,9.645
0583710000000000040155,0.05815,39.78337,22.47
0504510000000000030708,0.04566,40.65325,11.18
0583710000000000030220,0.1098,46.56984,11.4
0504510000000000090314,0.17433,42.01192,14.55
0583710000000000040216,0.07338,43.19968,28.885
0583710000000000030201,0.11582,45.1958,22.565
0583710000000000040145,0.03184,42.72457,14.52
0504510000000000060810,0.17874,44.14818,16.74
0504520030201800010118,-0.06584,36.4901,2.39
0583710000000000040110,0.13182,42.62203,17.88
0504510000000000020201,0.03686,43.47483,21.16
0504520030201800010114,-0.1751,36.78918,2.615
0583710000000000050406,0.01853,37.93593,10.845
0583710000000000010434,-0.01625,39.59025,14.785
0583710000000000040403,0.19657,43.39792,28.885
0504510000000000040714,0.24568,45.00097,18.79
0583710000000000030323,0.06303,42.54,22.565
0504510000000000010310,0.20183,42.79293,20.67
0504510000000000050510,0.12794,41.54365,12.89
0583710000000000030522,0.24219,44.19945,21.705
0583710000000000040309,0.16906,42.97751,26.83
0583710000000000050123,0.17659,41.95552,10.845
0504510000000000060304,0.20397,44.9685,9.69
0504510000000000070314,0.18219,46.29299,18.215
0504510000000000070616,0.18816,45.35645,15.34
0504510000000000010707,-0.01513,40.4533,6.365
0504510000000000020517,0.18711,43.59959,18.645
0504510000000000070627,0.13601,43.89695,15.34
0583710000000000040203,0.18369,44.5891,25.975
0504510000000000030313,0.19902,44.62499,11.18
0504510000000000010111,0.05916,39.48942,14
0504510000000000070112,0.202,44.04735,15.505
0504510000000000050111,-0.0074,42.09224,15.34
0583710000000000010216,0.0885,41.11981,22.25
0504510000000000060222,0.15523,43.69871,16.74
0504510000000000070420,0.15263,43.81663,18.215
0504510000000000020539,-0.05541,37.80604,5.34
0583720090104100010122,-0.06157,36.29869,4.785
0504510000000000050213,0.21089,42.57418,15.34
0504510000000000070408,0.17639,44.94458,18.215
0583710000000000030521,0.17678,42.95016,18.77
0504510000000000040314,0.19449,43.91746,8.54
0583710000000000040746,0.02916,42.86471,17.88
0583710000000000050130,0.15231,40.28752,10.845
0504510000000000040512,0.25922,42.27681,10.83
0504510000000000070228,-0.05424,43.47141,15.505
0583710000000000010604,0.11235,41.60859,22.25
0504510000000000010513,0.09808,43.09372,20.67
0504510000000000100319,0.11577,41.18646,10.785
0504510000000000010309,0.17115,43.11935,20.67
0583710000000000050402,-0.0497,38.08632,10.845
0504510000000000090109,0.23266,43.67991,9.835
0504510000000000010502,0.25621,46.43142,20.67
0583710000000000020503,0.15303,43.2988,26.83
0514720011200300010111,0.12233,40.64642,0.945
0504520030201800010115,0.01944,39.11514,2.615
0504510000000000060809,0.2,43.63206,16.74
0583720090104100010305,-0.17276,35.42881,5.85
0583710000000000020104,0.15393,43.7739,17.915
0504510000000000040309,0.22898,43.55173,9.645
0504510000000000100401,-0.03323,39.15787,6.77
0504510000000000060627,0.17084,40.966,12.89
0583710000000000010705,0.01291,36.6781,13
0583710000000000020105,0.18843,43.53464,17.915
0504510000000000070719,0.04531,39.76799,12.89
0504510000000000040519,-0.27692,34.93832,7.215
0504510000000000060403,0.1593,44.81298,9.69
0504510000000000020222,0.20395,41.61372,16.955
0504510000000000080218,0.15541,41.25482,16.545
0583710000000000040152,-0.04826,34.56918,10.28
0583710000000000050523,0.01631,35.79966,8.81
0504510000000000040723,0.20801,45.54444,18.79
0504510000000000070421,0.157,43.81663,18.215
0504510000000000090415,0.12532,40.62933,9.645
0583710000000000010616,-0.22617,35.66564,17.555
0504510000000000040612,0.03368,44.25072,8.54
0583710000000000030227,-0.10513,40.89935,11.4
0504510000000000080633,0.05314,38.29482,12.3
0504510000000000030208,-0.03903,45.78028,10.175
0583710000000000020813,-0.09926,36.93445,10.675
0583710000000000010603,0.05535,41.07196,22.25
0583710000000000010445,0.09125,38.9357,14.785
0504510000000000100110,0.13001,42.43404,8.015
0504510000000000060213,0.19024,45.4795,16.74
0504510000000000020622,0.07582,39.95598,8.1
0504510000000000100124,0.1533,42.69039,10.785
0504510000000000020617,0.07964,40.59173,8.1
0504510000000000040139,0.25808,44.10716,18.79
0504510000000000070628,0.19035,45.42823,15.505
0504510000000000010610,-0.00576,38.62978,8.375
0504510000000000100103,0.08512,42.55709,8.015
0583720090104100010210,-0.11201,36.29186,5.015
0504510000000000060807,0.09013,43.15182,16.74
0583710000000000020130,0.10834,37.51551,14.785
0504510000000000010705,-0.02117,39.14591,6.365
0583710000000000030310,0.07639,44.43358,22.565
0504510000000000070418,0.16474,44.27806,18.215
0504510000000000010425,-0.04728,40.80706,14.155
0583710000000000030636,0.07957,44.854,18.77
0583710000000000030731,0.04502,39.7509,11.4
0504510000000000030109,0.24841,45.0813,16.955
0583710000000000040703,-0.11272,36.68151,14.52
0583710000000000040725,-0.07808,36.23375,10.28
0504510000000000080314,0.14977,43.08005,11.575
0583710000000000030322,0.16492,45.92213,22.565
0504510000000000050305,0.22279,42.31783,18.79
0514720010400500010108,0.01635,40.97455,2.12
0514720010400500010110,0.08868,40.08073,2.12
0514720010400500010127,-0.11889,37.14465,2.12
0514720010800600010106,0.15716,41.21039,4.195
0514720010800600010113,0.01355,38.79043,3.475
0514720010400800010104,-0.0425,39.52531,5.05
0514720010601400010103,0.03965,39.76457,1.185
0505120020301700010104,-0.0861,36.99597,0.66
0565920010400800010101,-0.11428,35.56724,1.355
0583720200100700010103,-0.13403,,0.37
0514720010401500010101,-0.15673,35.02548,0
0583710000000000050117,0.10911,40.33538,10.845
0504510000000000100403,-0.05817,37.46766,6.15
0583710000000000030809,-0.10765,39.05362,6.985
0504510000000000080320,0.10621,43.67136,11.575
0504510000000000040606,0.14563,41.07367,8.54
0504510000000000080301,0.1274,42.40157,12.3
0583710000000000020209,0.19374,44.23534,26.83
0583710000000000040402,0.0798,43.43723,28.885
0504510000000000020611,0.06518,40.65667,12.09
0504510000000000010405,0.05126,43.40818,14.155
0504510000000000080323,0.14812,42.4272,12.3
0504510000000000040610,0.14507,42.39302,8.54
0583710000000000020602,0.15752,45.20947,26.78
0504510000000000040710,0.26615,45.11719,18.79
0583710000000000040301,0.18745,44.63183,25.975
0504510000000000040503,0.18963,42.75192,10.83
0504510000000000080120,0.19143,45.03344,20.67
0504510000000000040301,0.20741,44.19432,18.79
0504510000000000080604,-0.03071,39.54581,7.52
0583710000000000020404,0.09662,44.13621,24.965
0514720010601400010102,0.04023,38.91006,1.185
0583710000000000030443,-0.03339,37.67274,8.925
0583710000000000020609,0.14952,45.00439,26.78
0504510000000000060108,0.24266,43.58933,23.56
0504510000000000030226,0.12171,39.17496,10.175
0583720090104100010208,-0.23997,34.16243,5.015
0583710000000000040747,-0.19922,32.96613,10.28
0504510000000000070105,0.1624,42.81686,15.34
0504510000000000080618,-0.0405,42.04439,12.3
0504510000000000010122,0.07482,41.6291,16.545
0583710000000000030613,0.16802,45.60938,18.77
0583710000000000030203,0.10449,46.94583,11.4
0583710000000000020107,0.14987,44.61132,24.965
0504510000000000100408,-0.03758,37.42664,6.15
0504510000000000040615,0.27549,43.73289,8.54
0583710000000000010607,-0.11611,40.03117,22.25
0583710000000000030520,0.11359,42.65109,18.77
0504510000000000060117,0.15449,42.19478,23.56
0504510000000000020621,0.04757,40.42083,8.1
0504510000000000050113,0.1911,42.89889,15.34
0583710000000000040741,0.02456,39.41935,17.88
0583710000000000040522,0.06768,40.36443,14.52
0504510000000000040102,0.23383,45.71876,18.79
0583710000000000040217,0.03187,43.16892,28.885
0504510000000000020548,-0.11858,37.92567,8.1
0504510000000000060522,0.22614,44.53612,15.52
0504510000000000020215,0.23445,44.25243,19.935
0583710000000000010206,0.1215,43.2031,26.83
0583710000000000020801,-0.14001,36.00475,10.675
0583710000000000020124,0.12495,45.57007,24.965
0504510000000000070522,0.20059,43.93797,15.34
0504510000000000090321,0.21856,43.14157,14.55
0504510000000000040208,0.22427,43.59446,14.55
0583710000000000010412,0.05819,41.60688,14.785
0583720090104100010215,-0.03869,39.2963,6.395
0504510000000000100237,-0.01003,38.75967,8.015
0504510000000000040516,-0.22563,37.82313,7.215
0583710000000000030527,0.15816,44.70873,36.16
0583710000000000040137,-0.03767,36.66613,7.075
0583710000000000050405,0.00493,37.30188,10.845
0583710000000000020119,0.09469,38.11366,14.785
0504510000000000100224,0.04761,40.48406,6.77
0583710000000000010136,0.11195,43.0339,17.915
0583710000000000040758,-0.12672,37.29847,22.47
0583710000000000010723,0.06223,41.18646,17.915
0504510000000000080211,0.17349,41.45991,16.545
0583710000000000040154,-0.01432,42.39302,22.47
0504510000000000060107,0.22391,43.82176,16.74
0504510000000000030606,0.20309,45.12915,18.215
0504510000000000080611,-0.041,40.61907,7.52
0583720090104100010106,-0.02881,37.34803,4.785
0583710000000000030428,-0.18273,35.32627,5.65
0504510000000000080220,0.09091,43.35691,16.545
0583710000000000030508,0.12891,44.66601,22.565
0504510000000000020601,0.0969,40.65496,12.09
0583710000000000010711,0.07339,39.0126,13
0504510000000000070735,-0.15164,38.26406,12.89
0504510000000000090203,0.15114,43.33298,6.95
0583710000000000050218,-0.1398,38.72549,10.845
0583710000000000010130,0.11144,42.90915,14.785
0583710000000000010116,0.19136,42.59811,17.915
0583710000000000010725,-0.20405,37.97011,17.96
0504510000000000100112,0.1473,42.28023,8.015
0504510000000000100606,-0.11913,40.54388,10.785
0504510000000000010305,0.11468,44.06785,20.67
0583710000000000010706,-0.0121,38.38369,13
0504510000000000090103,0.21841,43.15182,9.835
0504510000000000060417,0.19097,42.91427,15.52
0504510000000000080106,0.16328,42.72115,16.545
0504510000000000010704,-0.13686,38.47597,6.365
0583710000000000030431,0.01458,42.74166,11.075
0504510000000000060414,0.01075,44.08153,9.69
0504510000000000010507,0.19098,42.87497,21.16
0504510000000000040204,0.2807,44.53783,18.79
0504510000000000080319,0.16391,42.70577,12.3
0583710000000000050122,0.31218,42.27339,10.845
0583710000000000040755,-0.06781,34.48714,10.28
0504510000000000070503,0.23832,42.53658,15.34
0504510000000000100505,-0.21133,36.89001,6.77
0504510000000000100616,-0.09512,40.28069,10.785
0514720011200300010105,0.11567,40.61053,0.945
0514720011200300010118,-0.16338,37.90516,0.87
0514720011200300010119,0.08785,39.69962,0.87
0514720011200300010121,-0.03975,37.92225,0.87
0514720010400400010116,0.17486,39.61417,3.265
0514720010400500010102,0.07603,39.95769,2.12
0514720010400500010112,0.0185,40.82928,2.12
0514720010400500010119,-0.1066,39.02627,2.12
0514720010800600010105,0.23234,40.00212,4.195
0514720010501100010109,-0.06833,34.49056,0.65
0514720010801200010103,0.12009,38.26577,1.6
0514720010801200010104,0.13122,38.98013,1.27
0565920010400800010107,-0.09844,35.85435,1.075
0505120040101900010104,-0.06307,39.04678,0.365
0514720010401500010105,-0.16283,35.27671,0.83
0583710000000000030231,0.01845,39.12198,8.925
0504510000000000010604,0.0003,39.47233,8.375
0504510000000000100208,0.11363,41.71626,8.015
0583710000000000030609,0.12578,45.83326,18.77
0504510000000000100317,0.17731,41.61372,10.785
0504510000000000010603,-0.00181,39.81413,14
0583710000000000040116,0.06101,41.26679,28.885
0583710000000000040305,0.20125,43.5825,36.16
0504510000000000060405,0.12665,45.38037,9.69
0583710000000000020324,0.08601,39.08096,14.5
0504510000000000050407,0.24844,41.65131,9.835
0583720090104100010115,-0.134,33.85139,3.515
0583710000000000010517,0.14,43.19797,36.16
0583710000000000030709,0.14046,40.83783,11.4
0583710000000000030505,0.10335,46.09645,22.565
0504510000000000020625,0.0145,40.75067,12.09
0504520030201800010116,-0.0746,38.73233,2.615
0583710000000000040619,0.05084,34.60677,4.98
0504510000000000020413,0.11264,45.75636,18.645
0583710000000000030718,-0.12424,38.60928,6.985
0583710000000000030626,0.08673,43.04245,11.62
0504510000000000020305,0.24703,44.00804,16.955
0583710000000000010622,0.03407,41.07196,22.25
0504510000000000030303,0.1988,45.86402,15.505
0504510000000000100116,0.10419,40.45159,10.785
0504510000000000020619,0.04733,39.62785,8.1
0504510000000000060819,0.2355,43.22019,18.215
0583710000000000030424,0.12085,44.01658,11.075
0504510000000000090316,0.05834,42.22554,14.55
0583710000000000040751,-0.16969,35.19467,7.075
0504510000000000010106,0.176,40.76605,16.545
0504510000000000030418,-0.00367,41.05316,10.83
0583710000000000010318,-0.02516,40.36443,22.25
0504510000000000030404,0.2155,44.0764,10.83
0583710000000000030511,0.14203,46.17677,22.565
0583710000000000030808,0.00888,39.04336,6.985
0583710000000000020305,0.11246,43.6782,24.965
0504510000000000070315,0.21877,45.68116,18.215
0504510000000000090402,0.2134,43.14157,14.55
0504510000000000070428,-0.08791,44.35839,18.215
0583710000000000020903,-0.0717,40.08244,14.5
0504510000000000070423,0.07968,42.77072,19.935
0583710000000000020122,0.07407,42.59469,14.785
0504510000000000060820,0.06603,40.79852,16.74
0504510000000000040407,0.27111,43.54148,8.54
0504510000000000070122,0.18676,44.66259,15.505
0504510000000000080634,0.07584,40.63958,7.52
0504510000000000060812,0.21418,45.23853,16.74
0504510000000000100314,0.11214,41.07709,14.55
0583710000000000010431,0.10501,38.31533,14.785
0504510000000000070434,-0.07098,43.5073,18.215
0504510000000000030609,-0.07326,38.80069,16.705
0504510000000000090204,0.1577,42.96212,6.95
0504510000000000020410,0.17296,43.1655,18.645
0504510000000000100231,0.0304,39.55949,8.015
0504510000000000030603,-0.10968,39.36808,19.935
0504510000000000030205,0.22012,46.94925,10.175
0504510000000000070101,0.10234,41.75044,15.52
0504510000000000090413,0.17599,41.09418,9.645
0583710000000000050113,-0.17579,36.38073,17.96
0504510000000000100114,0.12902,43.16208,8.015
0583710000000000040124,0.05854,40.82074,17.88
0583710000000000020201,0.07984,42.55025,17.915
0583710000000000040736,-0.15008,33.57282,10.28
0583710000000000020106,0.17717,43.09714,24.965
0583710000000000050502,0.0472,36.40465,10.845
0504510000000000100130,0.02352,41.04803,8.015
0504510000000000030701,-0.02117,37.90858,11.18
0504510000000000060110,0.20807,43.44577,23.56
0583710000000000050403,0.02501,38.19228,10.845
0504510000000000030323,-0.2038,40.51653,11.18
0583720090104100010201,-0.10508,34.80502,5.015
0583710000000000030802,-0.02645,38.24355,6.985
0504510000000000050517,0.16223,39.97819,9.835
0504510000000000090505,-0.03073,41.15228,6.95
0504510000000000070131,-0.08899,44.18236,15.505
0583710000000000030417,-0.01805,39.61076,11.075
0504510000000000090404,0.2153,42.17427,14.55
0583720090104100010121,0.03207,36.1483,4.785
0583710000000000010316,0.22263,42.38277,36.16
0504510000000000060425,-0.04736,42.89547,15.52
0583710000000000040757,-0.09165,36.58923,14.52
0504510000000000010504,0.25722,45.69483,20.67
0504510000000000070119,0.20081,44.63525,15.505
0504510000000000010133,0.11503,38.50674,16.545
0504510000000000010303,0.09602,42.47164,14.155
0504510000000000010508,0.13945,43.43894,19.935
0504510000000000080321,0.14251,42.86471,12.3
0583710000000000010442,0.18089,39.09976,14.785
0504510000000000040604,0.14567,41.97261,8.54
0504510000000000100230,-0.01229,39.59367,8.015
0583710000000000030717,0.04479,41.13348,6.985
0504510000000000040609,0.04876,44.41991,8.54
0504510000000000020623,-0.05092,40.30461,12.09
0504510000000000030530,-0.14564,39.45695,15.505
0504510000000000010124,0.11086,41.04632,14.155
0504510000000000020552,-0.19015,38.58535,11.345
0504510000000000040306,0.2513,43.8303,8.54
0504510000000000080118,0.08052,44.86254,20.67
0583710000000000010503,0.01597,43.01169,21.705
0504510000000000030114,0.26621,45.90333,16.705
0504510000000000060814,0.23688,42.33492,18.215
0504510000000000080212,0.15107,41.04462,16.545
0583710000000000030801,-0.19218,35.0289,6.985
0504510000000000030212,0.23869,42.58443,10.175
0504510000000000040205,0.25329,44.22167,18.79
0504510000000000010714,-0.19561,38.8417,6.365
0504510000000000020112,0.18454,45.51539,21.16
0504510000000000090319,0.20778,42.72799,14.55
0504510000000000080219,0.18543,42.66988,16.545
0583710000000000030736,-0.13497,35.61509,6.985
0583710000000000010712,0.10931,43.59959,17.96
0504510000000000010316,0.21034,43.62351,20.67
0504510000000000070631,0.1646,45.23853,15.505
0504510000000000070710,-0.00994,40.65154,12.89
0504510000000000090207,0.18546,43.55344,14.55
0504510000000000020542,0.10851,43.18771,21.16
0504510000000000060616,0.17381,42.3127,15.52
0504510000000000020534,0.07548,43.73631,18.645
0504510000000000090309,0.12266,42.123,14.55
0504510000000000020511,0.05147,38.29482,11.345
0583710000000000010117,0.03697,43.2031,17.915
0504510000000000040725,0.15744,44.35155,18.79
0504510000000000030105,0.20715,41.69233,16.705
0504510000000000090323,0.05084,41.4975,14.55
0583710000000000010221,0.10484,40.13542,22.25
0583710000000000040528,0.04002,41.71967,15.875
0583710000000000040721,-0.14892,37.55311,10.28
0504510000000000050323,0.19746,42.25289,18.79
0504510000000000050317,0.20987,43.93284,15.34
0504510000000000080514,0.07364,39.87223,12.3
0583710000000000010435,-0.1322,37.79579,14.785
0583710000000000020131,0.03693,37.03357,14.785
0504510000000000080409,0.18416,40.80706,12.3
0583710000000000030326,0.05349,41.66499,22.565
0504510000000000040320,0.08355,43.9636,8.54
0504510000000000100129,-0.05796,39.23819,8.015
0504510000000000030207,0.24568,47.65678,16.955
0583710000000000050120,0.15496,43.24753,10.845
0583710000000000020816,0.09144,37.57191,14.785
0504510000000000030602,0.20189,41.19843,19.935
0504510000000000060811,0.23661,45.28296,16.74
0504510000000000030612,0.20377,45.43506,18.215
0504510000000000030322,-0.19452,38.83316,11.18
0504510000000000080121,0.17461,43.50901,20.67
0583710000000000040717,0.00355,40.56951,22.47
0583710000000000010519,0.02693,42.86471,21.705
0583710000000000030611,0.09047,46.25026,18.77
0504510000000000010524,0.00495,42.51949,21.16
0504520030201800010117,-0.04405,39.30997,2.435
0583720090104100010103,-0.12845,36.11583,4.785
0504510000000000020558,-0.03585,39.42277,7.465
0504510000000000020530,0.23329,44.72924,18.645
0504510000000000040621,0.1909,41.16254,8.54
0504510000000000060619,0.21052,41.90254,12.89
0583710000000000040750,-0.13827,34.06673,10.28
0583710000000000030526,0.1294,44.56347,18.77
0504510000000000070438,-0.01151,44.56859,18.215
0504510000000000030710,-0.11425,37.3053,5.055
0504510000000000020603,0.01687,40.77972,12.09
0514720010400400010103,-0.00688,40.20549,1.105
0504510000000000080215,0.2012,43.87217,16.545
0583710000000000030434,-0.00014,38.41103,11.075
0504510000000000050412,0.14523,43.41672,18.79
0504510000000000070718,0.00825,39.76628,12.89
0504510000000000020402,0.17805,42.4255,18.645
0504510000000000010525,-0.09835,40.18498,19.935
0583710000000000030105,0.16324,44.03367,36.16
0504510000000000040405,0.26986,44.7207,8.54
0583710000000000020320,-0.02861,40.93182,26.78
0504510000000000100341,-0.02642,39.46378,10.785
0504510000000000090104,0.16433,43.02194,9.835
0583710000000000040748,-0.31341,32.90118,10.28
0583710000000000020608,0.16659,44.06956,26.78
0583710000000000040713,0.08652,41.84614,22.47
0504510000000000030617,0.21807,42.24605,16.705
0583720090104100010302,-0.03852,35.45615,3.295
0583710000000000040406,-0.02072,42.11275,26.78
0583710000000000020905,-0.06332,36.17052,14.5
0504520030201800010105,-0.04743,38.35634,2.69
0504510000000000080310,0.15207,42.48531,11.575
0583710000000000030413,0.01253,40.16448,11.075
0504510000000000100617,0.0366,39.34073,10.785
0504510000000000060202,0.19625,44.88305,16.74
0583720090104100010207,-0.10266,36.17906,5.015
0583710000000000040211,0.06835,42.80319,25.975
0504510000000000040741,0.16032,42.88009,14.55
0504510000000000020202,0.10223,42.40328,19.935
0504510000000000100117,0.02086,40.13713,10.785
0583710000000000020204,-0.02386,42.59127,26.83
0583710000000000030202,0.13302,45.31543,11.4
0504510000000000050303,0.25438,44.00462,18.79
0504510000000000100301,0.11379,41.5727,14.55
0514720010400400010123,0.03782,38.24697,3.265
0514720010800600010109,0.15168,40.18498,3.475
0514720010601400010108,-0.04219,40.68401,1.285
0504520020301700010107,0.11436,39.18521,4.195
0504520020301700010109,0.07116,39.10147,4.195
0565920010400800010109,-0.08529,36.16368,1.075
0583710000000000050514,0.0647,36.97375,10.845
0504510000000000060501,0.18067,44.52587,9.69
0504510000000000020557,0.01734,37.35315,6.96
0583710000000000030820,0.0517,37.63172,6.985
0583710000000000030517,0.17666,43.64744,18.77
0583710000000000010144,0.06731,41.289,13
0504510000000000100201,0.0559,42.55709,8.015
0504510000000000070123,0.13231,44.20799,15.505
0504510000000000070518,0.16682,43.45261,15.34
0504510000000000040214,0.19933,43.76023,18.79
0504510000000000100109,0.09165,42.43404,8.015
0583710000000000040745,0.06992,42.92624,22.47
0504510000000000040210,0.29111,44.61645,8.54
0583710000000000030314,0.15567,45.51368,36.16
0583710000000000030328,0.09735,43.90379,8.925
0504510000000000030704,-0.10982,38.66738,9.62
0504520010201000010101,-0.05769,36.39098,3.165
0504510000000000030403,0.19216,44.49169,15.34
0583710000000000040212,0.05995,41.34027,28.885
0504510000000000060633,0.16562,39.91154,7.525
0504510000000000100315,0.09171,40.33879,10.785
0504510000000000010107,0.17739,40.44646,14
0583710000000000020407,0.19385,43.27146,26.83
0504520010201000010106,-0.11246,36.40124,3.865
0583710000000000030523,0.14406,44.19945,18.77
0583710000000000020314,0.13232,42.54684,24.965
0504510000000000010613,-0.0674,38.18202,8.375
0504510000000000030310,0.1967,44.73608,15.505
0504510000000000040315,0.22612,44.02513,8.54
0504510000000000050503,0.17805,41.62568,9.835
0583710000000000050515,0.01806,36.96179,10.845
0583720090104100010304,-0.08423,35.76548,3.295
0583710000000000030612,0.14683,45.93238,18.77
0504510000000000040202,0.24176,44.61816,18.79
0583710000000000050504,0.07559,35.8817,7.26
0583710000000000040759,-0.01113,38.50674,17.88
0504510000000000100238,-0.03394,39.0126,6.15
0504510000000000090121,0.17969,43.86961,18.79
0504510000000000080217,0.06188,42.3315,16.545
0504510000000000030619,-0.13427,39.27921,16.705
0504510000000000050217,0.21497,42.42208,15.34
0504510000000000020507,0.20123,42.72799,8.1
0504510000000000080512,-0.10229,40.76947,12.3
0504520010201000010109,-0.02412,37.51209,3.865
0583710000000000020202,0.0925,41.93159,22.25
0504510000000000010611,0.01972,39.00918,8.375
0583710000000000040729,0.03012,37.62147,7.075
0504510000000000030502,0.15012,43.75852,15.505
0504510000000000010422,-0.24317,39.89958,14.155
0583710000000000030433,-0.11413,37.40442,5.65
0505120010602000010101,-0.07978,35.53306,0.49
0505120010602000010102,-0.04615,37.00964,0.49
0505120010602000010103,-0.13647,37.11218,0.395
0505120010602000010105,-0.1184,36.27477,0.49
0505120010602000010104,-0.08118,36.40465,0.395
