{
  "type": "FeatureCollection",
  "features": [
    {
      "type": "Feature",
      "geometry": {
        "type": "Polygon",
        "coordinates": [
          [
            [
              -76.2972495,
              8.3602544
            ],
            [
              -76.2965016,
              8.3617811
            ],
            [
              -76.2950186,
              8.3620527
            ],
            [
              -76.2911477,
              8.3570968
            ],
            [
              -76.2897054,
              8.355677
            ],
            [
              -76.2858756,
              8.3525313
            ],
            [
              -76.2836229,
              8.3540995
            ],
            [
              -76.2806937,
              8.3512894
            ],
            [
              -76.2777879,
              8.3516619
            ],
            [
              -76.2751232,
              8.3543197
            ],
            [
              -76.2744024,
              8.3534651
            ],
            [
              -76.270817,
              8.3582946
            ],
            [
              -76.2693034,
              8.3590333
            ],
            [
              -76.2672903,
              8.3599268
            ],
            [
              -76.2641987,
              8.3600763
            ],
            [
              -76.258555,
              8.3659029
            ],
            [
              -76.256788,
              8.3666855
            ],
            [
              -76.2531364,
              8.3673901
            ],
            [
              -76.2546588,
              8.3590105
            ],
            [
              -76.2570094,
              8.3570198
            ],
            [
              -76.2579792,
              8.3563096
            ],
            [
              -76.2591026,
              8.3569648
            ],
            [
              -76.2637407,
              8.3546302
            ],
            [
              -76.2643298,
              8.3543347
            ],
            [
              -76.2665532,
              8.3525811
            ],
            [
              -76.2662865,
              8.3518535
            ],
            [
              -76.26825,
              8.3496988
            ],
            [
              -76.2690159,
              8.350368
            ],
            [
              -76.2699217,
              8.3481592
            ],
            [
              -76.2708483,
              8.3467516
            ],
            [
              -76.2728937,
              8.3445673
            ],
            [
              -76.2746099,
              8.3431242
            ],
            [
              -76.2754683,
              8.3422431
            ],
            [
              -76.2757891,
              8.3419767
            ],
            [
              -76.2765046,
              8.3418001
            ],
            [
              -76.2789974,
              8.3393719
            ],
            [
              -76.2816621,
              8.3366176
            ],
            [
              -76.2821322,
              8.3361957
            ],
            [
              -76.2840532,
              8.3328984
            ],
            [
              -76.2823553,
              8.3290522
            ],
            [
              -76.2786335,
              8.32788
            ],
            [
              -76.2761107,
              8.3267621
            ],
            [
              -76.2728099,
              8.3237138
            ],
            [
              -76.2728523,
              8.3212139
            ],
            [
              -76.273354,
              8.3162816
            ],
            [
              -76.2729913,
              8.3151607
            ],
            [
              -76.2738038,
              8.3148434
            ],
            [
              -76.2767758,
              8.3147604
            ],
            [
              -76.2791593,
              8.3147133
            ],
            [
              -76.2819698,
              8.3134504
            ],
            [
              -76.2834917,
              8.3122219
            ],
            [
              -76.2870049,
              8.309677
            ],
            [
              -76.2883843,
              8.308886
            ],
            [
              -76.2891008,
              8.3081678
            ],
            [
              -76.2903985,
              8.3072876
            ],
            [
              -76.2910703,
              8.3065693
            ],
            [
              -76.2904161,
              8.3059523
            ],
            [
              -76.2915513,
              8.304367
            ],
            [
              -76.2921266,
              8.3035002
            ],
            [
              -76.2932696,
              8.3017665
            ],
            [
              -76.2941203,
              8.3009373
            ],
            [
              -76.2957343,
              8.3020236
            ],
            [
              -76.2968387,
              8.3009649
            ],
            [
              -76.2981093,
              8.2986974
            ],
            [
              -76.2993871,
              8.2965856
            ],
            [
              -76.3003766,
              8.2971291
            ],
            [
              -76.3009854,
              8.2980798
            ],
            [
              -76.3012066,
              8.2992153
            ],
            [
              -76.3021719,
              8.3007083
            ],
            [
              -76.3030855,
              8.3020009
            ],
            [
              -76.3024352,
              8.3031792
            ],
            [
              -76.3031938,
              8.3037297
            ],
            [
              -76.3062799,
              8.3061615
            ],
            [
              -76.3067379,
              8.3080987
            ],
            [
              -76.3065123,
              8.3091813
            ],
            [
              -76.305805,
              8.3090761
            ],
            [
              -76.3054168,
              8.3095056
            ],
            [
              -76.3062269,
              8.3103974
            ],
            [
              -76.3060597,
              8.3121182
            ],
            [
              -76.3054402,
              8.3127698
            ],
            [
              -76.305283,
              8.3131553
            ],
            [
              -76.303978,
              8.3139539
            ],
            [
              -76.3034171,
              8.3151175
            ],
            [
              -76.3029994,
              8.3154431
            ],
            [
              -76.3019871,
              8.3151296
            ],
            [
              -76.301459,
              8.3147279
            ],
            [
              -76.3011968,
              8.315536
            ],
            [
              -76.3013422,
              8.3173168
            ],
            [
              -76.3018145,
              8.319521
            ],
            [
              -76.3018944,
              8.3205672
            ],
            [
              -76.3021691,
              8.3210351
            ],
            [
              -76.3023511,
              8.3231349
            ],
            [
              -76.3023492,
              8.3240844
            ],
            [
              -76.3025325,
              8.3255611
            ],
            [
              -76.3026435,
              8.3259322
            ],
            [
              -76.3026264,
              8.3270449
            ],
            [
              -76.3023335,
              8.3282758
            ],
            [
              -76.3019736,
              8.3294769
            ],
            [
              -76.3003874,
              8.3293403
            ],
            [
              -76.2997839,
              8.3331448
            ],
            [
              -76.299497,
              8.3350953
            ],
            [
              -76.298037,
              8.3351369
            ],
            [
              -76.2976534,
              8.3370131
            ],
            [
              -76.2972959,
              8.3370123
            ],
            [
              -76.2976506,
              8.3384151
            ],
            [
              -76.2975,
              8.339216
            ],
            [
              -76.2988679,
              8.3405615
            ],
            [
              -76.3004651,
              8.3427383
            ],
            [
              -76.3008354,
              8.3437702
            ],
            [
              -76.3017737,
              8.3438907
            ],
            [
              -76.3025619,
              8.344597
            ],
            [
              -76.3009682,
              8.3481919
            ],
            [
              -76.2998946,
              8.3486645
            ],
            [
              -76.3004435,
              8.3498377
            ],
            [
              -76.3015739,
              8.3507598
            ],
            [
              -76.3025134,
              8.3502943
            ],
            [
              -76.30275,
              8.351185
            ],
            [
              -76.3027237,
              8.3531731
            ],
            [
              -76.3004417,
              8.3544743
            ],
            [
              -76.2988163,
              8.3552649
            ],
            [
              -76.2960358,
              8.3562683
            ],
            [
              -76.2947752,
              8.3571486
            ],
            [
              -76.2956077,
              8.3580627
            ],
            [
              -76.2963657,
              8.3589173
            ],
            [
              -76.2970712,
              8.3600018
            ],
            [
              -76.2972495,
              8.3602544
            ]
          ]
        ]
      },
      "properties": {
        "nombre": "Reserva Natural de la Sociedad Civil Reserva Natural Horizontes",
        "tipo": "Reserva Natural de la Sociedad Civil",
        "protect_class": "5",
        "operador": "Parques Nacionales Naturales",
        "fuente": "OSM / Parques Nacionales Naturales",
        "osm_id": 1027246457,
        "osm_type": "way",
        "ref": "",
        "start_date": "",
        "website": ""
      }
    },
    {
      "type": "Feature",
      "geometry": {
        "type": "Polygon",
        "coordinates": [
          [
            [
              -76.8013802,
              8.4640754
            ],
            [
              -76.8011997,
              8.4640729
            ],
            [
              -76.8008605,
              8.4640792
            ],
            [
              -76.8008567,
              8.464141
            ],
            [
              -76.8006429,
              8.4641019
            ],
            [
              -76.8001475,
              8.4640202
            ],
            [
              -76.7998495,
              8.4638206
            ],
            [
              -76.7997104,
              8.4637471
            ],
            [
              -76.7992867,
              8.4636558
            ],
            [
              -76.7992832,
              8.4636547
            ],
            [
              -76.7992888,
              8.4636114
            ],
            [
              -76.7993771,
              8.4628603
            ],
            [
              -76.7994754,
              8.4619912
            ],
            [
              -76.79948,
              8.4619545
            ],
            [
              -76.799552,
              8.4619787
            ],
            [
              -76.7995762,
              8.4619141
            ],
            [
              -76.8007323,
              8.4624024
            ],
            [
              -76.8007044,
              8.4624572
            ],
            [
              -76.8007375,
              8.4625185
            ],
            [
              -76.8008221,
              8.4626011
            ],
            [
              -76.8008874,
              8.4626502
            ],
            [
              -76.8009361,
              8.462711
            ],
            [
              -76.800968,
              8.4627427
            ],
            [
              -76.8010364,
              8.4628005
            ],
            [
              -76.8010663,
              8.4628124
            ],
            [
              -76.8012257,
              8.4628885
            ],
            [
              -76.8012591,
              8.462884
            ],
            [
              -76.8012818,
              8.4628822
            ],
            [
              -76.8013158,
              8.4628766
            ],
            [
              -76.801348,
              8.4628672
            ],
            [
              -76.801382,
              8.4628597
            ],
            [
              -76.8014217,
              8.462854
            ],
            [
              -76.8014558,
              8.462839
            ],
            [
              -76.8015049,
              8.4628259
            ],
            [
              -76.801581,
              8.462813
            ],
            [
              -76.8016839,
              8.4635402
            ],
            [
              -76.8016885,
              8.4635745
            ],
            [
              -76.8017717,
              8.4641606
            ],
            [
              -76.8016989,
              8.4641447
            ],
            [
              -76.8013802,
              8.4640754
            ]
          ]
        ]
      },
      "properties": {
        "nombre": "Reserva Natural de la Sociedad Civil Rayuela",
        "tipo": "Reserva Natural de la Sociedad Civil",
        "protect_class": "5",
        "operador": "Parques Nacionales Naturales",
        "fuente": "OSM / Parques Nacionales Naturales",
        "osm_id": 1027246458,
        "osm_type": "way",
        "ref": "",
        "start_date": "",
        "website": ""
      }
    },
    {
      "type": "Feature",
      "geometry": {
        "type": "Polygon",
        "coordinates": [
          [
            [
              -77.0368961,
              8.2541797
            ],
            [
              -77.0366746,
              8.2542558
            ],
            [
              -77.0365136,
              8.2538274
            ],
            [
              -77.0366695,
              8.2536307
            ],
            [
              -77.0369608,
              8.2536023
            ],
            [
              -77.0370705,
              8.2535012
            ],
            [
              -77.0371228,
              8.253223
            ],
            [
              -77.0370228,
              8.252849
            ],
            [
              -77.0367645,
              8.2524239
            ],
            [
              -77.0361011,
              8.2519582
            ],
            [
              -77.0350457,
              8.2516855
            ],
            [
              -77.0340362,
              8.2515089
            ],
            [
              -77.0323459,
              8.2512707
            ],
            [
              -77.0293322,
              8.2507847
            ],
            [
              -77.0266887,
              8.2504815
            ],
            [
              -77.0251007,
              8.2502993
            ],
            [
              -77.0201528,
              8.2499028
            ],
            [
              -77.0180631,
              8.2497137
            ],
            [
              -77.0127349,
              8.2498195
            ],
            [
              -77.0078997,
              8.2502327
            ],
            [
              -77.0030496,
              8.2509881
            ],
            [
              -77.0010334,
              8.251232
            ],
            [
              -76.9988111,
              8.2514674
            ],
            [
              -76.9966944,
              8.2517275
            ],
            [
              -76.9944514,
              8.2521
            ],
            [
              -76.9893735,
              8.2533427
            ],
            [
              -76.9883466,
              8.2535722
            ],
            [
              -76.9848526,
              8.2541333
            ],
            [
              -76.9836303,
              8.2543189
            ],
            [
              -76.9832521,
              8.2542497
            ],
            [
              -76.982821,
              8.2540291
            ],
            [
              -76.982274,
              8.2540157
            ],
            [
              -76.9817073,
              8.2540594
            ],
            [
              -76.981327,
              8.2539636
            ],
            [
              -76.9810466,
              8.2539182
            ],
            [
              -76.9806873,
              8.2537214
            ],
            [
              -76.9803893,
              8.253294
            ],
            [
              -76.9804855,
              8.2529898
            ],
            [
              -76.9806409,
              8.2522805
            ],
            [
              -76.9812484,
              8.2518067
            ],
            [
              -76.981573,
              8.2511662
            ],
            [
              -76.981083,
              8.2472984
            ],
            [
              -76.9804843,
              8.245776
            ],
            [
              -76.9805378,
              8.2438822
            ],
            [
              -76.9803237,
              8.2426638
            ],
            [
              -76.9801364,
              8.2413395
            ],
            [
              -76.9800371,
              8.2405052
            ],
            [
              -76.9801605,
              8.2383604
            ],
            [
              -76.9802702,
              8.2362033
            ],
            [
              -76.9802034,
              8.2334548
            ],
            [
              -76.9799352,
              8.2333221
            ],
            [
              -76.9798923,
              8.2330141
            ],
            [
              -76.9798279,
              8.2326743
            ],
            [
              -76.9796991,
              8.232377
            ],
            [
              -76.9795489,
              8.231878
            ],
            [
              -76.9794041,
              8.2312568
            ],
            [
              -76.9792861,
              8.2305454
            ],
            [
              -76.9776553,
              8.225645
            ],
            [
              -76.9774568,
              8.2255441
            ],
            [
              -76.9772261,
              8.2250822
            ],
            [
              -76.9770116,
              8.2247265
            ],
            [
              -76.9769526,
              8.2243018
            ],
            [
              -76.9767809,
              8.2238027
            ],
            [
              -76.9766146,
              8.2235531
            ],
            [
              -76.976341,
              8.2231815
            ],
            [
              -76.9761694,
              8.2228099
            ],
            [
              -76.9760728,
              8.2225285
            ],
            [
              -76.9759709,
              8.2221621
            ],
            [
              -76.9758689,
              8.2219391
            ],
            [
              -76.9757617,
              8.221679
            ],
            [
              -76.9757241,
              8.2214772
            ],
            [
              -76.9756275,
              8.2211799
            ],
            [
              -76.9755793,
              8.2210631
            ],
            [
              -76.9754827,
              8.2208613
            ],
            [
              -76.9754773,
              8.2205481
            ],
            [
              -76.9753969,
              8.2202826
            ],
            [
              -76.9752574,
              8.2200278
            ],
            [
              -76.9749624,
              8.2192367
            ],
            [
              -76.9748122,
              8.2190084
            ],
            [
              -76.974619,
              8.2185412
            ],
            [
              -76.9744957,
              8.2180633
            ],
            [
              -76.9741684,
              8.2174103
            ],
            [
              -76.9739807,
              8.2168475
            ],
            [
              -76.9737339,
              8.2162794
            ],
            [
              -76.9736695,
              8.2158759
            ],
            [
              -76.9736213,
              8.2155202
            ],
            [
              -76.9733959,
              8.2146919
            ],
            [
              -76.973176,
              8.214299
            ],
            [
              -76.9730151,
              8.2139911
            ],
            [
              -76.9728756,
              8.2136513
            ],
            [
              -76.9728434,
              8.2133061
            ],
            [
              -76.9727576,
              8.2130619
            ],
            [
              -76.9726664,
              8.2127593
            ],
            [
              -76.9724196,
              8.2121381
            ],
            [
              -76.9722802,
              8.2117133
            ],
            [
              -76.9719422,
              8.2105612
            ],
            [
              -76.971674,
              8.2100037
            ],
            [
              -76.9714057,
              8.2086392
            ],
            [
              -76.9710678,
              8.2075401
            ],
            [
              -76.9709069,
              8.2069348
            ],
            [
              -76.970703,
              8.2063561
            ],
            [
              -76.9706923,
              8.2059207
            ],
            [
              -76.9707618,
              8.2058878
            ],
            [
              -76.9707084,
              8.205772
            ],
            [
              -76.9702846,
              8.2046836
            ],
            [
              -76.9698983,
              8.2033881
            ],
            [
              -76.9698742,
              8.2032102
            ],
            [
              -76.9697642,
              8.2028253
            ],
            [
              -76.9695711,
              8.2026394
            ],
            [
              -76.9695309,
              8.2025704
            ],
            [
              -76.9695175,
              8.2024164
            ],
            [
              -76.9695416,
              8.2022704
            ],
            [
              -76.9695416,
              8.2021722
            ],
            [
              -76.969496,
              8.2020925
            ],
            [
              -76.9692385,
              8.2016784
            ],
            [
              -76.9691312,
              8.2012324
            ],
            [
              -76.9690132,
              8.2005315
            ],
            [
              -76.9687665,
              8.1995121
            ],
            [
              -76.9685304,
              8.1986413
            ],
            [
              -76.9682729,
              8.1977175
            ],
            [
              -76.9679725,
              8.1961458
            ],
            [
              -76.9677365,
              8.1950945
            ],
            [
              -76.9672215,
              8.1935866
            ],
            [
              -76.9668514,
              8.1924184
            ],
            [
              -76.96639,
              8.1913459
            ],
            [
              -76.9660467,
              8.1907937
            ],
            [
              -76.9657195,
              8.1904273
            ],
            [
              -76.9653547,
              8.1901459
            ],
            [
              -76.9649577,
              8.1897689
            ],
            [
              -76.9644857,
              8.1894131
            ],
            [
              -76.9640994,
              8.1891158
            ],
            [
              -76.9637239,
              8.1888291
            ],
            [
              -76.9632304,
              8.1884946
            ],
            [
              -76.9629139,
              8.1882556
            ],
            [
              -76.9625866,
              8.1879795
            ],
            [
              -76.9621682,
              8.1874539
            ],
            [
              -76.9618678,
              8.1872468
            ],
            [
              -76.9616318,
              8.1869866
            ],
            [
              -76.9611865,
              8.1866043
            ],
            [
              -76.960693,
              8.1862698
            ],
            [
              -76.9602853,
              8.1859353
            ],
            [
              -76.9597435,
              8.1854733
            ],
            [
              -76.9592607,
              8.1850751
            ],
            [
              -76.9589174,
              8.1847777
            ],
            [
              -76.9587296,
              8.1846078
            ],
            [
              -76.9581932,
              8.1840609
            ],
            [
              -76.9580054,
              8.183891
            ],
            [
              -76.9578499,
              8.1836574
            ],
            [
              -76.9576997,
              8.1834715
            ],
            [
              -76.9574153,
              8.1832751
            ],
            [
              -76.957131,
              8.183068
            ],
            [
              -76.9568628,
              8.1827813
            ],
            [
              -76.9566536,
              8.1825529
            ],
            [
              -76.9560528,
              8.1818308
            ],
            [
              -76.9557148,
              8.1814963
            ],
            [
              -76.9554251,
              8.1811618
            ],
            [
              -76.9551891,
              8.1808432
            ],
            [
              -76.9548458,
              8.1804131
            ],
            [
              -76.9545615,
              8.1800042
            ],
            [
              -76.9542718,
              8.1796803
            ],
            [
              -76.9541001,
              8.1794839
            ],
            [
              -76.9538319,
              8.1790378
            ],
            [
              -76.9536066,
              8.1786768
            ],
            [
              -76.9533008,
              8.1782307
            ],
            [
              -76.9526303,
              8.1771741
            ],
            [
              -76.9523889,
              8.1765316
            ],
            [
              -76.9522011,
              8.1760218
            ],
            [
              -76.9519973,
              8.175459
            ],
            [
              -76.9514501,
              8.174397
            ],
            [
              -76.9513053,
              8.1740253
            ],
            [
              -76.9510907,
              8.1737651
            ],
            [
              -76.9508439,
              8.1735155
            ],
            [
              -76.9506562,
              8.1732341
            ],
            [
              -76.9507125,
              8.1728784
            ],
            [
              -76.9510371,
              8.1720235
            ],
            [
              -76.9513214,
              8.1711898
            ],
            [
              -76.9517666,
              8.1696552
            ],
            [
              -76.9519866,
              8.167664
            ],
            [
              -76.9522977,
              8.1653647
            ],
            [
              -76.9524908,
              8.163862
            ],
            [
              -76.9528824,
              8.161122
            ],
            [
              -76.953274,
              8.1586528
            ],
            [
              -76.9536388,
              8.1572668
            ],
            [
              -76.954068,
              8.1557216
            ],
            [
              -76.9545293,
              8.1536878
            ],
            [
              -76.9548994,
              8.1517655
            ],
            [
              -76.955232,
              8.1494609
            ],
            [
              -76.9554091,
              8.1474058
            ],
            [
              -76.955511,
              8.1454941
            ],
            [
              -76.9556451,
              8.1432266
            ],
            [
              -76.9556934,
              8.1416866
            ],
            [
              -76.9557202,
              8.1399607
            ],
            [
              -76.9557363,
              8.138649
            ],
            [
              -76.9557631,
              8.1370931
            ],
            [
              -76.9557792,
              8.1353725
            ],
            [
              -76.9557953,
              8.1340768
            ],
            [
              -76.9558597,
              8.1329669
            ],
            [
              -76.9559884,
              8.1314375
            ],
            [
              -76.9563317,
              8.1293345
            ],
            [
              -76.9566321,
              8.127752
            ],
            [
              -76.9568896,
              8.1257446
            ],
            [
              -76.9569755,
              8.1238115
            ],
            [
              -76.9566214,
              8.1209332
            ],
            [
              -76.9560635,
              8.1179221
            ],
            [
              -76.9558543,
              8.1168652
            ],
            [
              -76.9553286,
              8.114964
            ],
            [
              -76.9549424,
              8.1135779
            ],
            [
              -76.9545561,
              8.1123618
            ],
            [
              -76.9542718,
              8.1113872
            ],
            [
              -76.9540639,
              8.1111464
            ],
            [
              -76.9538614,
              8.1109119
            ],
            [
              -76.9537354,
              8.1108243
            ],
            [
              -76.9536012,
              8.1106676
            ],
            [
              -76.9533652,
              8.1101737
            ],
            [
              -76.9529226,
              8.1091089
            ],
            [
              -76.9527295,
              8.1085885
            ],
            [
              -76.9526088,
              8.1081317
            ],
            [
              -76.9525176,
              8.1075714
            ],
            [
              -76.9523942,
              8.1067775
            ],
            [
              -76.952244,
              8.1058242
            ],
            [
              -76.9521958,
              8.1046956
            ],
            [
              -76.9521743,
              8.1034582
            ],
            [
              -76.9522253,
              8.1024518
            ],
            [
              -76.9523487,
              8.1011559
            ],
            [
              -76.9524425,
              8.1000513
            ],
            [
              -76.9524747,
              8.0995627
            ],
            [
              -76.9524452,
              8.09909
            ],
            [
              -76.9523191,
              8.0983412
            ],
            [
              -76.9522065,
              8.0978233
            ],
            [
              -76.9520992,
              8.0974595
            ],
            [
              -76.9519624,
              8.0972365
            ],
            [
              -76.9517076,
              8.0970002
            ],
            [
              -76.9511524,
              8.0964823
            ],
            [
              -76.9506347,
              8.0959858
            ],
            [
              -76.9503692,
              8.0958158
            ],
            [
              -76.9500875,
              8.0957494
            ],
            [
              -76.9492427,
              8.0956459
            ],
            [
              -76.9485801,
              8.0955582
            ],
            [
              -76.9482422,
              8.0955396
            ],
            [
              -76.9477862,
              8.0955556
            ],
            [
              -76.9474053,
              8.0955025
            ],
            [
              -76.9470406,
              8.0954201
            ],
            [
              -76.9467106,
              8.0953033
            ],
            [
              -76.9463459,
              8.0950457
            ],
            [
              -76.9461045,
              8.0947775
            ],
            [
              -76.9457987,
              8.0944296
            ],
            [
              -76.9452971,
              8.0937286
            ],
            [
              -76.9447339,
              8.092924
            ],
            [
              -76.9443905,
              8.0923292
            ],
            [
              -76.944066,
              8.0917025
            ],
            [
              -76.9438219,
              8.0910811
            ],
            [
              -76.9436234,
              8.0905871
            ],
            [
              -76.9433284,
              8.0896524
            ],
            [
              -76.9431353,
              8.0888504
            ],
            [
              -76.9430387,
              8.0879635
            ],
            [
              -76.9430709,
              8.0866995
            ],
            [
              -76.9431299,
              8.0848724
            ],
            [
              -76.9431406,
              8.0836721
            ],
            [
              -76.9430977,
              8.0825727
            ],
            [
              -76.9430012,
              8.0816486
            ],
            [
              -76.9430012,
              8.0808147
            ],
            [
              -76.9429851,
              8.0800499
            ],
            [
              -76.9428831,
              8.0787806
            ],
            [
              -76.9427759,
              8.077883
            ],
            [
              -76.9425613,
              8.0769004
            ],
            [
              -76.9422448,
              8.0756629
            ],
            [
              -76.9419122,
              8.0747918
            ],
            [
              -76.9410378,
              8.0728001
            ],
            [
              -76.9403029,
              8.0712758
            ],
            [
              -76.939981,
              8.0705003
            ],
            [
              -76.9397289,
              8.0697674
            ],
            [
              -76.9396377,
              8.0691035
            ],
            [
              -76.9396055,
              8.0684289
            ],
            [
              -76.9396752,
              8.0672073
            ],
            [
              -76.9397718,
              8.0661876
            ],
            [
              -76.9399327,
              8.0652899
            ],
            [
              -76.9403565,
              8.0639833
            ],
            [
              -76.9408232,
              8.0628042
            ],
            [
              -76.9412845,
              8.0617844
            ],
            [
              -76.9419015,
              8.0606053
            ],
            [
              -76.9426096,
              8.0593996
            ],
            [
              -76.943382,
              8.0581886
            ],
            [
              -76.9449806,
              8.0559896
            ],
            [
              -76.9465363,
              8.0538544
            ],
            [
              -76.9485265,
              8.0511933
            ],
            [
              -76.9497979,
              8.0496902
            ],
            [
              -76.9510424,
              8.0482136
            ],
            [
              -76.9526222,
              8.0464554
            ],
            [
              -76.9531962,
              8.0458287
            ],
            [
              -76.9538882,
              8.0451063
            ],
            [
              -76.9545373,
              8.0444397
            ],
            [
              -76.9552454,
              8.0436801
            ],
            [
              -76.9555995,
              8.0433322
            ],
            [
              -76.9560662,
              8.0427745
            ],
            [
              -76.9567019,
              8.0420946
            ],
            [
              -76.9572088,
              8.0415368
            ],
            [
              -76.9577211,
              8.0410216
            ],
            [
              -76.9581154,
              8.0406046
            ],
            [
              -76.9588101,
              8.0398371
            ],
            [
              -76.959596,
              8.0390669
            ],
            [
              -76.9599474,
              8.0387854
            ],
            [
              -76.9603872,
              8.0384003
            ],
            [
              -76.9608969,
              8.0380418
            ],
            [
              -76.9614065,
              8.037723
            ],
            [
              -76.9619644,
              8.0373672
            ],
            [
              -76.9624713,
              8.0371467
            ],
            [
              -76.9632974,
              8.036844
            ],
            [
              -76.9638553,
              8.0366023
            ],
            [
              -76.9646841,
              8.0362729
            ],
            [
              -76.965462,
              8.0358958
            ],
            [
              -76.9663686,
              8.0354921
            ],
            [
              -76.9670633,
              8.0351628
            ],
            [
              -76.9675353,
              8.0349131
            ],
            [
              -76.9684151,
              8.034536
            ],
            [
              -76.9690856,
              8.0342279
            ],
            [
              -76.9699734,
              8.0338853
            ],
            [
              -76.9709685,
              8.0336011
            ],
            [
              -76.9716123,
              8.0334391
            ],
            [
              -76.9722158,
              8.0333063
            ],
            [
              -76.9727656,
              8.0333116
            ],
            [
              -76.9735596,
              8.0333754
            ],
            [
              -76.9748363,
              8.0334232
            ],
            [
              -76.9759226,
              8.0334391
            ],
            [
              -76.9780791,
              8.0334418
            ],
            [
              -76.9796348,
              8.0333887
            ],
            [
              -76.9813407,
              8.033394
            ],
            [
              -76.9824672,
              8.0333887
            ],
            [
              -76.9835186,
              8.0332665
            ],
            [
              -76.9846773,
              8.0330487
            ],
            [
              -76.9856536,
              8.0328416
            ],
            [
              -76.9867748,
              8.0324697
            ],
            [
              -76.9876868,
              8.0321245
            ],
            [
              -76.988765,
              8.031588
            ],
            [
              -76.9896019,
              8.0311205
            ],
            [
              -76.9906265,
              8.0304194
            ],
            [
              -76.9911951,
              8.0299572
            ],
            [
              -76.9915652,
              8.029612
            ],
            [
              -76.9920266,
              8.0291605
            ],
            [
              -76.9928366,
              8.0283
            ],
            [
              -76.9938397,
              8.0271845
            ],
            [
              -76.9948536,
              8.0259362
            ],
            [
              -76.994985,
              8.0257489
            ],
            [
              -76.9953793,
              8.0251845
            ],
            [
              -76.995661,
              8.0247649
            ],
            [
              -76.9960043,
              8.0242284
            ],
            [
              -76.9969779,
              8.0225392
            ],
            [
              -76.9973561,
              8.0217982
            ],
            [
              -76.9977585,
              8.020866
            ],
            [
              -76.9979998,
              8.0202577
            ],
            [
              -76.9982708,
              8.0195725
            ],
            [
              -76.9985229,
              8.0188288
            ],
            [
              -76.9987965,
              8.0178992
            ],
            [
              -76.9989923,
              8.0172698
            ],
            [
              -76.99918,
              8.0165261
            ],
            [
              -76.9993678,
              8.0158727
            ],
            [
              -76.9994992,
              8.015469
            ],
            [
              -76.9995609,
              8.0153149
            ],
            [
              -76.9996078,
              8.0152386
            ],
            [
              -76.9996856,
              8.0151038
            ],
            [
              -76.999756,
              8.0149258
            ],
            [
              -76.9998117,
              8.0145593
            ],
            [
              -76.9999002,
              8.0140958
            ],
            [
              -76.9999659,
              8.0137027
            ],
            [
              -77.0000316,
              8.0132711
            ],
            [
              -77.0001175,
              8.0127731
            ],
            [
              -77.00021,
              8.0123761
            ],
            [
              -77.0003012,
              8.0120188
            ],
            [
              -77.0004541,
              8.0114478
            ],
            [
              -77.0005426,
              8.0110892
            ],
            [
              -77.0006445,
              8.0107811
            ],
            [
              -77.0008269,
              8.0101543
            ],
            [
              -77.0010388,
              8.0094451
            ],
            [
              -77.0012453,
              8.0088395
            ],
            [
              -77.0014438,
              8.0082924
            ],
            [
              -77.0016906,
              8.0075859
            ],
            [
              -77.0018461,
              8.0071131
            ],
            [
              -77.0020044,
              8.0067678
            ],
            [
              -77.0022324,
              8.0062446
            ],
            [
              -77.0024201,
              8.0057532
            ],
            [
              -77.0028037,
              8.0047492
            ],
            [
              -77.0030236,
              8.0042233
            ],
            [
              -77.0032409,
              8.0037426
            ],
            [
              -77.0034662,
              8.0031529
            ],
            [
              -77.00367,
              8.0026111
            ],
            [
              -77.0039222,
              8.0018594
            ],
            [
              -77.0041019,
              8.0012538
            ],
            [
              -77.0044211,
              8.0003773
            ],
            [
              -77.0046544,
              7.9996389
            ],
            [
              -77.0049092,
              7.9988447
            ],
            [
              -77.005105,
              7.9981355
            ],
            [
              -77.005384,
              7.9970625
            ],
            [
              -77.0055342,
              7.9964595
            ],
            [
              -77.0057139,
              7.9956388
            ],
            [
              -77.0059311,
              7.9945577
            ],
            [
              -77.0060867,
              7.9937024
            ],
            [
              -77.0062128,
              7.9929454
            ],
            [
              -77.0063201,
              7.9920689
            ],
            [
              -77.0064488,
              7.9910543
            ],
            [
              -77.0065615,
              7.9900715
            ],
            [
              -77.0066017,
              7.989187
            ],
            [
              -77.0066285,
              7.9885282
            ],
            [
              -77.0066527,
              7.9877048
            ],
            [
              -77.0066956,
              7.9871948
            ],
            [
              -77.0067707,
              7.9861669
            ],
            [
              -77.0068216,
              7.9855161
            ],
            [
              -77.0068297,
              7.9850061
            ],
            [
              -77.0069209,
              7.9840233
            ],
            [
              -77.0069531,
              7.9835133
            ],
            [
              -77.0069852,
              7.9829821
            ],
            [
              -77.0070791,
              7.9822437
            ],
            [
              -77.0071703,
              7.981808
            ],
            [
              -77.0072186,
              7.981407
            ],
            [
              -77.0072159,
              7.9808279
            ],
            [
              -77.0072508,
              7.9802674
            ],
            [
              -77.00728,
              7.9797899
            ],
            [
              -77.007283,
              7.9792793
            ],
            [
              -77.00728,
              7.9787601
            ],
            [
              -77.0073205,
              7.9772606
            ],
            [
              -77.0073152,
              7.9768329
            ],
            [
              -77.0073071,
              7.9765009
            ],
            [
              -77.0072401,
              7.9748434
            ],
            [
              -77.0072186,
              7.9739137
            ],
            [
              -77.0072079,
              7.9731434
            ],
            [
              -77.0071703,
              7.9724262
            ],
            [
              -77.0070051,
              7.9715104
            ],
            [
              -77.00672,
              7.9705201
            ],
            [
              -77.006591,
              7.9701683
            ],
            [
              -77.0063871,
              7.9697486
            ],
            [
              -77.006253,
              7.9694245
            ],
            [
              -77.0060116,
              7.9689783
            ],
            [
              -77.0057058,
              7.9684683
            ],
            [
              -77.0053089,
              7.9678573
            ],
            [
              -77.0050031,
              7.967342
            ],
            [
              -77.0043701,
              7.9663592
            ],
            [
              -77.0039409,
              7.9658332
            ],
            [
              -77.0035172,
              7.9652594
            ],
            [
              -77.0031524,
              7.9648185
            ],
            [
              -77.0029163,
              7.9644094
            ],
            [
              -77.0026454,
              7.964011
            ],
            [
              -77.0023209,
              7.9634877
            ],
            [
              -77.0021224,
              7.9631025
            ],
            [
              -77.0017469,
              7.9622843
            ],
            [
              -77.0014845,
              7.9615159
            ],
            [
              -77.001398,
              7.9611929
            ],
            [
              -77.0013446,
              7.9609296
            ],
            [
              -77.00125,
              7.9605
            ],
            [
              -77.0012185,
              7.9601247
            ],
            [
              -77.0011997,
              7.9598883
            ],
            [
              -77.0012265,
              7.959357
            ],
            [
              -77.0013177,
              7.9589798
            ],
            [
              -77.0015377,
              7.958507
            ],
            [
              -77.0017242,
              7.9581401
            ],
            [
              -77.0020419,
              7.9576463
            ],
            [
              -77.0024228,
              7.95703
            ],
            [
              -77.0027715,
              7.9565519
            ],
            [
              -77.0032919,
              7.95601
            ],
            [
              -77.0040107,
              7.9553353
            ],
            [
              -77.0045847,
              7.9548252
            ],
            [
              -77.0052806,
              7.9542906
            ],
            [
              -77.0059151,
              7.9539221
            ],
            [
              -77.0064515,
              7.9536458
            ],
            [
              -77.0072186,
              7.9533217
            ],
            [
              -77.0082003,
              7.9530401
            ],
            [
              -77.0090586,
              7.9528648
            ],
            [
              -77.0104212,
              7.952631
            ],
            [
              -77.0132428,
              7.9524185
            ],
            [
              -77.0149005,
              7.9523176
            ],
            [
              -77.0163757,
              7.952214
            ],
            [
              -77.0170113,
              7.9521662
            ],
            [
              -77.0176417,
              7.9520944
            ],
            [
              -77.0183685,
              7.9520333
            ],
            [
              -77.0192805,
              7.9518394
            ],
            [
              -77.0197687,
              7.9516854
            ],
            [
              -77.020399,
              7.951425
            ],
            [
              -77.0207021,
              7.9512444
            ],
            [
              -77.0211232,
              7.9509389
            ],
            [
              -77.0216167,
              7.9505351
            ],
            [
              -77.0220083,
              7.950134
            ],
            [
              -77.0224348,
              7.949531
            ],
            [
              -77.0226628,
              7.9490927
            ],
            [
              -77.022787,
              7.9487486
            ],
            [
              -77.0228317,
              7.9483622
            ],
            [
              -77.0228773,
              7.9479424
            ],
            [
              -77.0228988,
              7.9475519
            ],
            [
              -77.0228452,
              7.9470924
            ],
            [
              -77.0227245,
              7.9467656
            ],
            [
              -77.0226011,
              7.946577
            ],
            [
              -77.0224777,
              7.9463645
            ],
            [
              -77.0222846,
              7.9459342
            ],
            [
              -77.0220566,
              7.9455118
            ],
            [
              -77.0216972,
              7.9449646
            ],
            [
              -77.0212895,
              7.9444864
            ],
            [
              -77.0205653,
              7.9437745
            ],
            [
              -77.0193529,
              7.9427916
            ],
            [
              -77.0183015,
              7.9420159
            ],
            [
              -77.0177114,
              7.9415536
            ],
            [
              -77.0171589,
              7.9411711
            ],
            [
              -77.0162737,
              7.9406239
            ],
            [
              -77.0154584,
              7.9400129
            ],
            [
              -77.014879,
              7.9395188
            ],
            [
              -77.014702,
              7.9392691
            ],
            [
              -77.014584,
              7.938844
            ],
            [
              -77.0144177,
              7.9381746
            ],
            [
              -77.0141816,
              7.936671
            ],
            [
              -77.0140582,
              7.9357518
            ],
            [
              -77.0141226,
              7.9346892
            ],
            [
              -77.0141977,
              7.9338285
            ],
            [
              -77.0143211,
              7.9328881
            ],
            [
              -77.0144498,
              7.9321283
            ],
            [
              -77.0147878,
              7.9306035
            ],
            [
              -77.014997,
              7.9296577
            ],
            [
              -77.0151955,
              7.9290786
            ],
            [
              -77.0156354,
              7.9277344
            ],
            [
              -77.0160592,
              7.9266558
            ],
            [
              -77.0165151,
              7.9256569
            ],
            [
              -77.0168907,
              7.9249343
            ],
            [
              -77.0173895,
              7.923962
            ],
            [
              -77.0178509,
              7.92308
            ],
            [
              -77.0182371,
              7.9224424
            ],
            [
              -77.0186609,
              7.9218049
            ],
            [
              -77.0193368,
              7.9206731
            ],
            [
              -77.0199323,
              7.9194405
            ],
            [
              -77.0205331,
              7.9181547
            ],
            [
              -77.0211393,
              7.916906
            ],
            [
              -77.0218796,
              7.9153705
            ],
            [
              -77.0226681,
              7.9135587
            ],
            [
              -77.0233065,
              7.9120762
            ],
            [
              -77.0238107,
              7.9105991
            ],
            [
              -77.024256,
              7.9094886
            ],
            [
              -77.0248246,
              7.9077618
            ],
            [
              -77.0252216,
              7.9062793
            ],
            [
              -77.0255435,
              7.9046959
            ],
            [
              -77.0259351,
              7.9026715
            ],
            [
              -77.0262623,
              7.9010456
            ],
            [
              -77.0264286,
              7.8999829
            ],
            [
              -77.0265466,
              7.899154
            ],
            [
              -77.0267397,
              7.8979318
            ],
            [
              -77.0269275,
              7.8966247
            ],
            [
              -77.0271367,
              7.8953388
            ],
            [
              -77.0273727,
              7.8938723
            ],
            [
              -77.0276678,
              7.8922835
            ],
            [
              -77.0278448,
              7.891157
            ],
            [
              -77.0280057,
              7.8905513
            ],
            [
              -77.0284456,
              7.8892548
            ],
            [
              -77.0289532,
              7.8880073
            ],
            [
              -77.0294809,
              7.8870682
            ],
            [
              -77.0297277,
              7.8866457
            ],
            [
              -77.0298538,
              7.8863402
            ],
            [
              -77.030004,
              7.8859895
            ],
            [
              -77.0301649,
              7.8857132
            ],
            [
              -77.0304224,
              7.8852801
            ],
            [
              -77.0305699,
              7.8849507
            ],
            [
              -77.0306665,
              7.8847328
            ],
            [
              -77.030822,
              7.8844618
            ],
            [
              -77.0320746,
              7.8825303
            ],
            [
              -77.0324072,
              7.8820095
            ],
            [
              -77.0330349,
              7.8811142
            ],
            [
              -77.0334426,
              7.8805137
            ],
            [
              -77.033802,
              7.8799823
            ],
            [
              -77.0343331,
              7.8792915
            ],
            [
              -77.034734,
              7.878808
            ],
            [
              -77.0349392,
              7.8785516
            ],
            [
              -77.0352048,
              7.8783019
            ],
            [
              -77.0353818,
              7.8784413
            ],
            [
              -77.0355025,
              7.8783112
            ],
            [
              -77.0355669,
              7.8783616
            ],
            [
              -77.0358136,
              7.8780083
            ],
            [
              -77.0357332,
              7.8779445
            ],
            [
              -77.0361516,
              7.8774078
            ],
            [
              -77.036504,
              7.8770675
            ],
            [
              -77.0365498,
              7.8770935
            ],
            [
              -77.0366753,
              7.8771649
            ],
            [
              -77.0369053,
              7.8769455
            ],
            [
              -77.0372379,
              7.8766798
            ],
            [
              -77.0376727,
              7.8762371
            ],
            [
              -77.0375142,
              7.8761112
            ],
            [
              -77.0376154,
              7.8760302
            ],
            [
              -77.0375517,
              7.8759458
            ],
            [
              -77.0381096,
              7.875548
            ],
            [
              -77.0396975,
              7.8745384
            ],
            [
              -77.0403037,
              7.8742009
            ],
            [
              -77.0409983,
              7.8738236
            ],
            [
              -77.0415831,
              7.8734437
            ],
            [
              -77.0419505,
              7.8731913
            ],
            [
              -77.0423046,
              7.8729123
            ],
            [
              -77.0429134,
              7.8723703
            ],
            [
              -77.0437449,
              7.871629
            ],
            [
              -77.0446703,
              7.8708505
            ],
            [
              -77.045306,
              7.8702873
            ],
            [
              -77.0464245,
              7.869267
            ],
            [
              -77.0467812,
              7.8689455
            ],
            [
              -77.0474839,
              7.8682919
            ],
            [
              -77.0481706,
              7.86771
            ],
            [
              -77.0489189,
              7.8670963
            ],
            [
              -77.0495009,
              7.866541
            ],
            [
              -77.0500428,
              7.8659485
            ],
            [
              -77.0505095,
              7.8653692
            ],
            [
              -77.0509279,
              7.8648006
            ],
            [
              -77.0514107,
              7.8640859
            ],
            [
              -77.0525318,
              7.8622393
            ],
            [
              -77.0534277,
              7.8607514
            ],
            [
              -77.0538998,
              7.8598905
            ],
            [
              -77.0547098,
              7.8584664
            ],
            [
              -77.0554018,
              7.8573557
            ],
            [
              -77.0560509,
              7.856176
            ],
            [
              -77.0565498,
              7.855347
            ],
            [
              -77.057097,
              7.854433
            ],
            [
              -77.0576334,
              7.853774
            ],
            [
              -77.0581591,
              7.853131
            ],
            [
              -77.0587653,
              7.8524136
            ],
            [
              -77.0591033,
              7.8520682
            ],
            [
              -77.0596129,
              7.8518556
            ],
            [
              -77.0600903,
              7.8517334
            ],
            [
              -77.0605516,
              7.8516112
            ],
            [
              -77.0618069,
              7.8511861
            ],
            [
              -77.0637435,
              7.8504314
            ],
            [
              -77.0646608,
              7.8502455
            ],
            [
              -77.0657337,
              7.8501711
            ],
            [
              -77.0675683,
              7.850001
            ],
            [
              -77.0691669,
              7.850001
            ],
            [
              -77.0717311,
              7.8500223
            ],
            [
              -77.0734584,
              7.8499691
            ],
            [
              -77.0748961,
              7.8497566
            ],
            [
              -77.0759153,
              7.8495493
            ],
            [
              -77.0767365,
              7.8492949
            ],
            [
              -77.076867,
              7.8494634
            ],
            [
              -77.0768931,
              7.8497217
            ],
            [
              -77.0768931,
              7.8498638
            ],
            [
              -77.076854,
              7.8500187
            ],
            [
              -77.0769061,
              7.8503287
            ],
            [
              -77.0770104,
              7.8504837
            ],
            [
              -77.0770886,
              7.8505741
            ],
            [
              -77.0771799,
              7.850729
            ],
            [
              -77.0772451,
              7.8508582
            ],
            [
              -77.0773233,
              7.8509615
            ],
            [
              -77.0773233,
              7.8511165
            ],
            [
              -77.0773494,
              7.851194
            ],
            [
              -77.0773494,
              7.8513231
            ],
            [
              -77.0773624,
              7.8514135
            ],
            [
              -77.0774406,
              7.8514781
            ],
            [
              -77.0775058,
              7.8515168
            ],
            [
              -77.077571,
              7.8516073
            ],
            [
              -77.0775971,
              7.8517364
            ],
            [
              -77.0776883,
              7.8518655
            ],
            [
              -77.0776883,
              7.8521109
            ],
            [
              -77.0777136,
              7.8523214
            ],
            [
              -77.0778134,
              7.852707
            ],
            [
              -77.0784135,
              7.8535566
            ],
            [
              -77.0794356,
              7.8552504
            ],
            [
              -77.0800283,
              7.8561329
            ],
            [
              -77.0805152,
              7.856858
            ],
            [
              -77.0811774,
              7.8578628
            ],
            [
              -77.0818684,
              7.8589825
            ],
            [
              -77.0823578,
              7.8598294
            ],
            [
              -77.0826313,
              7.8604035
            ],
            [
              -77.0829352,
              7.8607843
            ],
            [
              -77.0841285,
              7.8624561
            ],
            [
              -77.0852081,
              7.8640351
            ],
            [
              -77.0858636,
              7.8650684
            ],
            [
              -77.086175,
              7.8655288
            ],
            [
              -77.0871864,
              7.8671055
            ],
            [
              -77.0882061,
              7.8686845
            ],
            [
              -77.0888539,
              7.8697251
            ],
            [
              -77.0892622,
              7.8702824
            ],
            [
              -77.0895257,
              7.8708376
            ],
            [
              -77.0898956,
              7.8713264
            ],
            [
              -77.0909223,
              7.8728157
            ],
            [
              -77.0921007,
              7.8746713
            ],
            [
              -77.092949,
              7.8759559
            ],
            [
              -77.0938014,
              7.8772956
            ],
            [
              -77.0940418,
              7.8776454
            ],
            [
              -77.094104,
              7.8777416
            ],
            [
              -77.093951,
              7.8781557
            ],
            [
              -77.0936439,
              7.8789021
            ],
            [
              -77.0933464,
              7.8796007
            ],
            [
              -77.0931641,
              7.8800696
            ],
            [
              -77.0930106,
              7.8804141
            ],
            [
              -77.0927899,
              7.8808065
            ],
            [
              -77.0923915,
              7.881538
            ],
            [
              -77.092307,
              7.8816831
            ],
            [
              -77.0922201,
              7.8818424
            ],
            [
              -77.0921557,
              7.8819462
            ],
            [
              -77.0920204,
              7.8821915
            ],
            [
              -77.0913048,
              7.8833281
            ],
            [
              -77.0910768,
              7.8837467
            ],
            [
              -77.0909209,
              7.8841893
            ],
            [
              -77.0908729,
              7.8844884
            ],
            [
              -77.090765,
              7.8847635
            ],
            [
              -77.0906586,
              7.8850217
            ],
            [
              -77.0903931,
              7.8853975
            ],
            [
              -77.0901652,
              7.8856487
            ],
            [
              -77.0899852,
              7.8860315
            ],
            [
              -77.0898413,
              7.8864143
            ],
            [
              -77.0896853,
              7.8867611
            ],
            [
              -77.0895174,
              7.8870124
            ],
            [
              -77.0892502,
              7.8871874
            ],
            [
              -77.0888096,
              7.8875148
            ],
            [
              -77.0884617,
              7.8878497
            ],
            [
              -77.0882817,
              7.8880172
            ],
            [
              -77.0881498,
              7.8881248
            ],
            [
              -77.0880178,
              7.8881847
            ],
            [
              -77.0878739,
              7.8882684
            ],
            [
              -77.0877659,
              7.8883521
            ],
            [
              -77.0876699,
              7.8884957
            ],
            [
              -77.0876099,
              7.8886392
            ],
            [
              -77.0875859,
              7.8887947
            ],
            [
              -77.08749,
              7.8889502
            ],
            [
              -77.087358,
              7.8891177
            ],
            [
              -77.0870941,
              7.8894048
            ],
            [
              -77.0869501,
              7.8895722
            ],
            [
              -77.0868302,
              7.8898234
            ],
            [
              -77.0865663,
              7.8902421
            ],
            [
              -77.0864838,
              7.8903948
            ],
            [
              -77.0862016,
              7.8909407
            ],
            [
              -77.0859616,
              7.8913952
            ],
            [
              -77.0857697,
              7.891778
            ],
            [
              -77.0856257,
              7.8921608
            ],
            [
              -77.0855898,
              7.892412
            ],
            [
              -77.0855058,
              7.8926991
            ],
            [
              -77.0852778,
              7.8930938
            ],
            [
              -77.084892,
              7.8937321
            ],
            [
              -77.0846948,
              7.8940129
            ],
            [
              -77.0845654,
              7.8942134
            ],
            [
              -77.0844695,
              7.8943957
            ],
            [
              -77.0844424,
              7.8944542
            ],
            [
              -77.0843367,
              7.8947355
            ],
            [
              -77.08428,
              7.8949041
            ],
            [
              -77.084251,
              7.8950162
            ],
            [
              -77.0841608,
              7.8952224
            ],
            [
              -77.0840976,
              7.8953969
            ],
            [
              -77.0840435,
              7.8955962
            ],
            [
              -77.0840263,
              7.8957243
            ],
            [
              -77.0840251,
              7.8958366
            ],
            [
              -77.0840363,
              7.8959422
            ],
            [
              -77.084087,
              7.8961276
            ],
            [
              -77.0841,
              7.8962054
            ],
            [
              -77.0841026,
              7.8962673
            ],
            [
              -77.0839103,
              7.8967183
            ],
            [
              -77.0837183,
              7.8969695
            ],
            [
              -77.0833944,
              7.8972805
            ],
            [
              -77.0829385,
              7.897759
            ],
            [
              -77.0827466,
              7.8979265
            ],
            [
              -77.0825186,
              7.8980939
            ],
            [
              -77.0824125,
              7.8981865
            ],
            [
              -77.082134,
              7.8984911
            ],
            [
              -77.082074,
              7.8987064
            ],
            [
              -77.08205,
              7.8988858
            ],
            [
              -77.08205,
              7.8990772
            ],
            [
              -77.082098,
              7.8993164
            ],
            [
              -77.0822179,
              7.8994958
            ],
            [
              -77.0823739,
              7.8996872
            ],
            [
              -77.0825659,
              7.8998427
            ],
            [
              -77.0827698,
              7.9000461
            ],
            [
              -77.0829738,
              7.9002614
            ],
            [
              -77.0830817,
              7.9004767
            ],
            [
              -77.0832377,
              7.9006801
            ],
            [
              -77.0834177,
              7.9008834
            ],
            [
              -77.0836576,
              7.9011705
            ],
            [
              -77.0837536,
              7.9012542
            ],
            [
              -77.0839815,
              7.9014695
            ],
            [
              -77.0843415,
              7.9016848
            ],
            [
              -77.0847134,
              7.9019241
            ],
            [
              -77.0851213,
              7.9021154
            ],
            [
              -77.0854332,
              7.9023427
            ],
            [
              -77.0856612,
              7.902558
            ],
            [
              -77.0857931,
              7.9027853
            ],
            [
              -77.0858891,
              7.9030006
            ],
            [
              -77.0860091,
              7.903192
            ],
            [
              -77.0861651,
              7.9033834
            ],
            [
              -77.086405,
              7.9035149
            ],
            [
              -77.086621,
              7.9036465
            ],
            [
              -77.0868249,
              7.9037781
            ],
            [
              -77.0869689,
              7.9039216
            ],
            [
              -77.0871009,
              7.904113
            ],
            [
              -77.0873048,
              7.9042207
            ],
            [
              -77.0874968,
              7.9044479
            ],
            [
              -77.0877007,
              7.9046274
            ],
            [
              -77.0879647,
              7.9047948
            ],
            [
              -77.0882406,
              7.9049144
            ],
            [
              -77.0885765,
              7.9051297
            ],
            [
              -77.0888885,
              7.9054407
            ],
            [
              -77.0893324,
              7.9057158
            ],
            [
              -77.0895723,
              7.9058713
            ],
            [
              -77.0898363,
              7.9060268
            ],
            [
              -77.0900522,
              7.9061823
            ],
            [
              -77.0902802,
              7.9063378
            ],
            [
              -77.0904482,
              7.9065053
            ],
            [
              -77.0906161,
              7.9067326
            ],
            [
              -77.0907961,
              7.906912
            ],
            [
              -77.09106,
              7.9072708
            ],
            [
              -77.091348,
              7.9077852
            ],
            [
              -77.0919151,
              7.9084072
            ],
            [
              -77.0922702,
              7.9087517
            ],
            [
              -77.0926829,
              7.9092014
            ],
            [
              -77.0929133,
              7.9095076
            ],
            [
              -77.0931532,
              7.9098521
            ],
            [
              -77.0933932,
              7.910187
            ],
            [
              -77.093566,
              7.9104932
            ],
            [
              -77.0937004,
              7.9107612
            ],
            [
              -77.0938803,
              7.9109735
            ],
            [
              -77.0938803,
              7.911105
            ],
            [
              -77.0938683,
              7.9112486
            ],
            [
              -77.0938084,
              7.9113802
            ],
            [
              -77.0937604,
              7.9115476
            ],
            [
              -77.0937484,
              7.9117629
            ],
            [
              -77.0937724,
              7.9119543
            ],
            [
              -77.0938564,
              7.9121457
            ],
            [
              -77.0939404,
              7.9122893
            ],
            [
              -77.0940124,
              7.9124926
            ],
            [
              -77.0940244,
              7.912672
            ],
            [
              -77.0940004,
              7.9128754
            ],
            [
              -77.0938684,
              7.9131744
            ],
            [
              -77.0937604,
              7.9133658
            ],
            [
              -77.0937005,
              7.9135094
            ],
            [
              -77.0936045,
              7.9136888
            ],
            [
              -77.0935205,
              7.9138563
            ],
            [
              -77.0934725,
              7.9140596
            ],
            [
              -77.0933046,
              7.9146458
            ],
            [
              -77.0933046,
              7.9146577
            ],
            [
              -77.0932806,
              7.9147534
            ],
            [
              -77.0932686,
              7.9148252
            ],
            [
              -77.0932686,
              7.9149209
            ],
            [
              -77.0933046,
              7.9149926
            ],
            [
              -77.0933526,
              7.9150525
            ],
            [
              -77.0934006,
              7.9151123
            ],
            [
              -77.0934606,
              7.9151601
            ],
            [
              -77.0934966,
              7.9152319
            ],
            [
              -77.0935446,
              7.9152917
            ],
            [
              -77.0935806,
              7.9153635
            ],
            [
              -77.0936046,
              7.915507
            ],
            [
              -77.0936046,
              7.9157103
            ],
            [
              -77.0936166,
              7.9157821
            ],
            [
              -77.0936646,
              7.9158419
            ],
            [
              -77.0937246,
              7.9158898
            ],
            [
              -77.0937965,
              7.9159257
            ],
            [
              -77.0938685,
              7.9159735
            ],
            [
              -77.0939405,
              7.9159974
            ],
            [
              -77.0940125,
              7.9160333
            ],
            [
              -77.0940605,
              7.9160931
            ],
            [
              -77.0941205,
              7.916141
            ],
            [
              -77.0941445,
              7.9162127
            ],
            [
              -77.0941445,
              7.9165237
            ],
            [
              -77.0941133,
              7.9167295
            ],
            [
              -77.0941517,
              7.9167965
            ],
            [
              -77.0941997,
              7.9168539
            ],
            [
              -77.0942285,
              7.9169209
            ],
            [
              -77.0943725,
              7.9170931
            ],
            [
              -77.0944301,
              7.9171409
            ],
            [
              -77.0944781,
              7.9171984
            ],
            [
              -77.0945452,
              7.9172366
            ],
            [
              -77.0946412,
              7.9173515
            ],
            [
              -77.094766,
              7.917562
            ],
            [
              -77.094814,
              7.917629
            ],
            [
              -77.0948716,
              7.9177725
            ],
            [
              -77.0948908,
              7.9178491
            ],
            [
              -77.0949004,
              7.9179256
            ],
            [
              -77.0949004,
              7.9180883
            ],
            [
              -77.09491,
              7.9181649
            ],
            [
              -77.09491,
              7.9182414
            ],
            [
              -77.0949388,
              7.9183084
            ],
            [
              -77.0949676,
              7.9183945
            ],
            [
              -77.0950156,
              7.9184519
            ],
            [
              -77.0950732,
              7.9185093
            ],
            [
              -77.0952748,
              7.9186242
            ],
            [
              -77.0954547,
              7.918739
            ],
            [
              -77.0954547,
              7.9187462
            ],
            [
              -77.0955195,
              7.9187964
            ],
            [
              -77.0955771,
              7.9188466
            ],
            [
              -77.0956419,
              7.9188897
            ],
            [
              -77.0957067,
              7.9189256
            ],
            [
              -77.0958507,
              7.9189686
            ],
            [
              -77.0960954,
              7.9189686
            ],
            [
              -77.0961746,
              7.9189615
            ],
            [
              -77.0962466,
              7.9189471
            ],
            [
              -77.0963258,
              7.9189543
            ],
            [
              -77.0963977,
              7.918983
            ],
            [
              -77.0964625,
              7.9190189
            ],
            [
              -77.0966281,
              7.9190906
            ],
            [
              -77.0966929,
              7.9191265
            ],
            [
              -77.0968369,
              7.9191839
            ],
            [
              -77.0969089,
              7.9192054
            ],
            [
              -77.0970456,
              7.9192772
            ],
            [
              -77.0971896,
              7.9193059
            ],
            [
              -77.0973192,
              7.9193777
            ],
            [
              -77.0973552,
              7.9194423
            ],
            [
              -77.0973984,
              7.9195069
            ],
            [
              -77.0974272,
              7.9195786
            ],
            [
              -77.0974776,
              7.9196432
            ],
            [
              -77.0975784,
              7.919758
            ],
            [
              -77.0976431,
              7.9198011
            ],
            [
              -77.0977007,
              7.9198513
            ],
            [
              -77.0977655,
              7.9198944
            ],
            [
              -77.0978951,
              7.9199662
            ],
            [
              -77.0979383,
              7.9200308
            ],
            [
              -77.0980823,
              7.9202891
            ],
            [
              -77.0981327,
              7.9203465
            ],
            [
              -77.0981381,
              7.9203584
            ],
            [
              -77.0982589,
              7.9204659
            ],
            [
              -77.0983149,
              7.9205262
            ],
            [
              -77.0984638,
              7.920758
            ],
            [
              -77.0984638,
              7.9207652
            ],
            [
              -77.0984998,
              7.920837
            ],
            [
              -77.0985214,
              7.9209087
            ],
            [
              -77.0985286,
              7.9209877
            ],
            [
              -77.0985142,
              7.9210594
            ],
            [
              -77.0984926,
              7.9211312
            ],
            [
              -77.0984495,
              7.9211958
            ],
            [
              -77.0983991,
              7.9212532
            ],
            [
              -77.0983415,
              7.9213107
            ],
            [
              -77.0982767,
              7.9213465
            ],
            [
              -77.0982047,
              7.9213753
            ],
            [
              -77.0981399,
              7.9214255
            ],
            [
              -77.0980823,
              7.9214757
            ],
            [
              -77.0980392,
              7.9215403
            ],
            [
              -77.0980104,
              7.9216121
            ],
            [
              -77.0979888,
              7.9216839
            ],
            [
              -77.0979888,
              7.9217628
            ],
            [
              -77.0980032,
              7.9218346
            ],
            [
              -77.098032,
              7.9219064
            ],
            [
              -77.098176,
              7.9221647
            ],
            [
              -77.098212,
              7.9222365
            ],
            [
              -77.0982983,
              7.9223657
            ],
            [
              -77.0983703,
              7.9224949
            ],
            [
              -77.0983991,
              7.9225738
            ],
            [
              -77.0984855,
              7.9228609
            ],
            [
              -77.0985215,
              7.9229255
            ],
            [
              -77.0985791,
              7.9229757
            ],
            [
              -77.0986583,
              7.9229829
            ],
            [
              -77.0987375,
              7.9229829
            ],
            [
              -77.0988095,
              7.9229614
            ],
            [
              -77.098939,
              7.9228752
            ],
            [
              -77.0989894,
              7.9228178
            ],
            [
              -77.099047,
              7.9227676
            ],
            [
              -77.0991118,
              7.9227317
            ],
            [
              -77.0991838,
              7.9227101
            ],
            [
              -77.099263,
              7.9227101
            ],
            [
              -77.099335,
              7.9227245
            ],
            [
              -77.0993998,
              7.9227675
            ],
            [
              -77.099443,
              7.9228321
            ],
            [
              -77.0994862,
              7.9229757
            ],
            [
              -77.0995078,
              7.9231192
            ],
            [
              -77.0995294,
              7.923191
            ],
            [
              -77.0995726,
              7.9232556
            ],
            [
              -77.0996373,
              7.9233058
            ],
            [
              -77.0996445,
              7.9233058
            ],
            [
              -77.0997021,
              7.923356
            ],
            [
              -77.0997669,
              7.9233919
            ],
            [
              -77.0999829,
              7.9234996
            ],
            [
              -77.1000477,
              7.9235426
            ],
            [
              -77.1001053,
              7.9235929
            ],
            [
              -77.1002624,
              7.9237472
            ],
            [
              -77.1002625,
              7.9237531
            ],
            [
              -77.1003104,
              7.923813
            ],
            [
              -77.1004184,
              7.9240103
            ],
            [
              -77.1004604,
              7.9240701
            ],
            [
              -77.1005144,
              7.9241299
            ],
            [
              -77.1005744,
              7.9241778
            ],
            [
              -77.1007364,
              7.9242794
            ],
            [
              -77.1008024,
              7.9243153
            ],
            [
              -77.1009224,
              7.924399
            ],
            [
              -77.1010951,
              7.9244971
            ],
            [
              -77.1013111,
              7.9246454
            ],
            [
              -77.1013975,
              7.9246789
            ],
            [
              -77.1014647,
              7.9247124
            ],
            [
              -77.1015367,
              7.9247316
            ],
            [
              -77.1016135,
              7.9247315
            ],
            [
              -77.1016854,
              7.9247124
            ],
            [
              -77.1017526,
              7.9246837
            ],
            [
              -77.101815,
              7.9246406
            ],
            [
              -77.1018726,
              7.9245928
            ],
            [
              -77.1019974,
              7.9245162
            ],
            [
              -77.1020694,
              7.9244971
            ],
            [
              -77.1021413,
              7.9244875
            ],
            [
              -77.1022181,
              7.9244827
            ],
            [
              -77.1022949,
              7.9244827
            ],
            [
              -77.1023717,
              7.9244875
            ],
            [
              -77.1024437,
              7.9245018
            ],
            [
              -77.1025877,
              7.9245545
            ],
            [
              -77.1026597,
              7.9245688
            ],
            [
              -77.1027316,
              7.9245879
            ],
            [
              -77.1028708,
              7.9246453
            ],
            [
              -77.1029332,
              7.924698
            ],
            [
              -77.102962,
              7.924765
            ],
            [
              -77.102962,
              7.9249181
            ],
            [
              -77.1029572,
              7.9249946
            ],
            [
              -77.1029668,
              7.9250664
            ],
            [
              -77.1030052,
              7.9251286
            ],
            [
              -77.1030724,
              7.9251573
            ],
            [
              -77.1031492,
              7.9251621
            ],
            [
              -77.1032212,
              7.9251477
            ],
            [
              -77.1032932,
              7.9251238
            ],
            [
              -77.1033556,
              7.9250855
            ],
            [
              -77.1034899,
              7.9250185
            ],
            [
              -77.1035667,
              7.9249898
            ],
            [
              -77.1036387,
              7.9249802
            ],
            [
              -77.1037155,
              7.9249754
            ],
            [
              -77.1037971,
              7.9249754
            ],
            [
              -77.1038739,
              7.9249802
            ],
            [
              -77.103941,
              7.9250089
            ],
            [
              -77.1040562,
              7.9251046
            ],
            [
              -77.1043142,
              7.92536
            ],
            [
              -77.1043214,
              7.92536
            ],
            [
              -77.104451,
              7.9254317
            ],
            [
              -77.1045086,
              7.925482
            ],
            [
              -77.1047029,
              7.9256111
            ],
            [
              -77.1047821,
              7.9256542
            ],
            [
              -77.1048469,
              7.9256973
            ],
            [
              -77.1049117,
              7.9257331
            ],
            [
              -77.1049837,
              7.9257618
            ],
            [
              -77.1050485,
              7.9257977
            ],
            [
              -77.1051205,
              7.9258264
            ],
            [
              -77.1052699,
              7.9259166
            ],
            [
              -77.1052699,
              7.9259214
            ],
            [
              -77.1053563,
              7.9259597
            ],
            [
              -77.1056202,
              7.9260936
            ],
            [
              -77.1056874,
              7.9261558
            ],
            [
              -77.1057402,
              7.9262372
            ],
            [
              -77.1057738,
              7.9263233
            ],
            [
              -77.105793,
              7.9265099
            ],
            [
              -77.1058122,
              7.9266008
            ],
            [
              -77.1058506,
              7.9266869
            ],
            [
              -77.1059178,
              7.9267539
            ],
            [
              -77.1060138,
              7.9267922
            ],
            [
              -77.106105,
              7.9267969
            ],
            [
              -77.1061962,
              7.9267922
            ],
            [
              -77.1063689,
              7.9267204
            ],
            [
              -77.1064601,
              7.926706
            ],
            [
              -77.1065513,
              7.9267012
            ],
            [
              -77.1066473,
              7.926706
            ],
            [
              -77.1065638,
              7.9271253
            ],
            [
              -77.1065319,
              7.9272018
            ],
            [
              -77.1064722,
              7.9273754
            ],
            [
              -77.1064322,
              7.9275658
            ],
            [
              -77.1064243,
              7.9277275
            ],
            [
              -77.1064439,
              7.9279974
            ],
            [
              -77.1064967,
              7.928294
            ],
            [
              -77.1065573,
              7.9286043
            ],
            [
              -77.1065894,
              7.9288035
            ],
            [
              -77.106601,
              7.9289104
            ],
            [
              -77.1066068,
              7.9290089
            ],
            [
              -77.1066068,
              7.929101
            ],
            [
              -77.1066011,
              7.9291878
            ],
            [
              -77.1065849,
              7.9292937
            ],
            [
              -77.1065589,
              7.9293926
            ],
            [
              -77.1065127,
              7.929513
            ],
            [
              -77.1064472,
              7.9296638
            ],
            [
              -77.1063823,
              7.929796
            ],
            [
              -77.1063164,
              7.9299129
            ],
            [
              -77.1062487,
              7.930016
            ],
            [
              -77.1061784,
              7.9301061
            ],
            [
              -77.1061076,
              7.9301815
            ],
            [
              -77.1060344,
              7.9302449
            ],
            [
              -77.1059519,
              7.9303014
            ],
            [
              -77.105854,
              7.9303557
            ],
            [
              -77.1057128,
              7.9304204
            ],
            [
              -77.1053759,
              7.930558
            ],
            [
              -77.105228,
              7.930613
            ],
            [
              -77.1050728,
              7.930664
            ],
            [
              -77.1049116,
              7.9307108
            ],
            [
              -77.1047414,
              7.9307541
            ],
            [
              -77.1045609,
              7.9307945
            ],
            [
              -77.1043676,
              7.9308327
            ],
            [
              -77.1039406,
              7.9309028
            ],
            [
              -77.1033222,
              7.9309874
            ],
            [
              -77.1029974,
              7.9310257
            ],
            [
              -77.1027057,
              7.9310539
            ],
            [
              -77.1024342,
              7.9310734
            ],
            [
              -77.1021788,
              7.9310844
            ],
            [
              -77.1019343,
              7.931087
            ],
            [
              -77.1017012,
              7.9310813
            ],
            [
              -77.1014779,
              7.9310669
            ],
            [
              -77.1012639,
              7.9310439
            ],
            [
              -77.1010332,
              7.9310078
            ],
            [
              -77.1008123,
              7.9309607
            ],
            [
              -77.1006166,
              7.930907
            ],
            [
              -77.1003636,
              7.9308242
            ],
            [
              -77.1001823,
              7.9307577
            ],
            [
              -77.1000348,
              7.9306932
            ],
            [
              -77.0998967,
              7.9306187
            ],
            [
              -77.0997406,
              7.9305224
            ],
            [
              -77.0996634,
              7.9304687
            ],
            [
              -77.0995953,
              7.9304159
            ],
            [
              -77.0995355,
              7.9303637
            ],
            [
              -77.0994839,
              7.9303117
            ],
            [
              -77.0994457,
              7.9302661
            ],
            [
              -77.0994146,
              7.93022
            ],
            [
              -77.0993881,
              7.9301688
            ],
            [
              -77.0993663,
              7.9301133
            ],
            [
              -77.0993492,
              7.9300528
            ],
            [
              -77.0993368,
              7.929987
            ],
            [
              -77.0993289,
              7.9299157
            ],
            [
              -77.0993256,
              7.9298373
            ],
            [
              -77.099331,
              7.9296639
            ],
            [
              -77.099365,
              7.9292858
            ],
            [
              -77.0993738,
              7.9291228
            ],
            [
              -77.0993691,
              7.928957
            ],
            [
              -77.0993603,
              7.9288838
            ],
            [
              -77.0993471,
              7.9288156
            ],
            [
              -77.0992922,
              7.9286171
            ],
            [
              -77.0992417,
              7.9284573
            ],
            [
              -77.0991902,
              7.9283198
            ],
            [
              -77.0991354,
              7.9281982
            ],
            [
              -77.0990682,
              7.928076
            ],
            [
              -77.0989868,
              7.9279498
            ],
            [
              -77.0988977,
              7.92783
            ],
            [
              -77.0988024,
              7.9277182
            ],
            [
              -77.0987187,
              7.9276319
            ],
            [
              -77.0986333,
              7.9275555
            ],
            [
              -77.0985374,
              7.927481
            ],
            [
              -77.0984327,
              7.9274101
            ],
            [
              -77.0983187,
              7.9273424
            ],
            [
              -77.098196,
              7.9272785
            ],
            [
              -77.0980649,
              7.9272183
            ],
            [
              -77.0979254,
              7.927162
            ],
            [
              -77.0978038,
              7.9271185
            ],
            [
              -77.0975758,
              7.9270486
            ],
            [
              -77.0974948,
              7.9270313
            ],
            [
              -77.0973339,
              7.9270114
            ],
            [
              -77.0969635,
              7.9269875
            ],
            [
              -77.0968777,
              7.926977
            ],
            [
              -77.0968015,
              7.9269633
            ],
            [
              -77.0967337,
              7.9269461
            ],
            [
              -77.0966713,
              7.926925
            ],
            [
              -77.0966102,
              7.9268985
            ],
            [
              -77.0965497,
              7.9268662
            ],
            [
              -77.0964777,
              7.9268195
            ],
            [
              -77.0964057,
              7.926764
            ],
            [
              -77.0963329,
              7.9266991
            ],
            [
              -77.0962582,
              7.9266234
            ],
            [
              -77.0961263,
              7.9264718
            ],
            [
              -77.0958199,
              7.9260886
            ],
            [
              -77.0957353,
              7.9259929
            ],
            [
              -77.0956559,
              7.9259117
            ],
            [
              -77.0955711,
              7.9258356
            ],
            [
              -77.095487,
              7.9257719
            ],
            [
              -77.0954024,
              7.9257195
            ],
            [
              -77.0953166,
              7.9256779
            ],
            [
              -77.0951929,
              7.9256303
            ],
            [
              -77.0950548,
              7.9255856
            ],
            [
              -77.0948995,
              7.925543
            ],
            [
              -77.0947141,
              7.9254989
            ],
            [
              -77.0946099,
              7.9254785
            ],
            [
              -77.0945022,
              7.925463
            ],
            [
              -77.0943908,
              7.9254523
            ],
            [
              -77.0942749,
              7.9254463
            ],
            [
              -77.0940527,
              7.9254474
            ],
            [
              -77.0938054,
              7.9254638
            ],
            [
              -77.0935458,
              7.9254928
            ],
            [
              -77.0928145,
              7.9255899
            ],
            [
              -77.0925893,
              7.9256105
            ],
            [
              -77.0923879,
              7.9256199
            ],
            [
              -77.0921948,
              7.925618
            ],
            [
              -77.0919975,
              7.9256015
            ],
            [
              -77.0917941,
              7.9255734
            ],
            [
              -77.0912552,
              7.9254847
            ],
            [
              -77.091096,
              7.9254654
            ],
            [
              -77.0909542,
              7.9254549
            ],
            [
              -77.0907949,
              7.9254535
            ],
            [
              -77.090648,
              7.9254647
            ],
            [
              -77.0905154,
              7.9254874
            ],
            [
              -77.0903698,
              7.9255269
            ],
            [
              -77.0902614,
              7.9255617
            ],
            [
              -77.0900608,
              7.9256394
            ],
            [
              -77.0899696,
              7.9256819
            ],
            [
              -77.0898894,
              7.9257243
            ],
            [
              -77.0898288,
              7.9257609
            ],
            [
              -77.0897758,
              7.9258005
            ],
            [
              -77.0897247,
              7.9258473
            ],
            [
              -77.0896396,
              7.9259445
            ],
            [
              -77.0895548,
              7.9260673
            ],
            [
              -77.0894804,
              7.9261945
            ],
            [
              -77.0893112,
              7.926507
            ],
            [
              -77.0892197,
              7.9266544
            ],
            [
              -77.0891703,
              7.9267213
            ],
            [
              -77.0891207,
              7.9267791
            ],
            [
              -77.0890699,
              7.926829
            ],
            [
              -77.0890177,
              7.9268713
            ],
            [
              -77.088971,
              7.9269019
            ],
            [
              -77.0889227,
              7.9269273
            ],
            [
              -77.0888718,
              7.9269476
            ],
            [
              -77.0888148,
              7.9269648
            ],
            [
              -77.0887027,
              7.9269873
            ],
            [
              -77.0884258,
              7.9270259
            ],
            [
              -77.0883552,
              7.9270408
            ],
            [
              -77.088293,
              7.9270588
            ],
            [
              -77.0881913,
              7.927095
            ],
            [
              -77.0880885,
              7.9271378
            ],
            [
              -77.0879848,
              7.9271869
            ],
            [
              -77.0878798,
              7.9272427
            ],
            [
              -77.0877488,
              7.9273203
            ],
            [
              -77.0876155,
              7.9274082
            ],
            [
              -77.0874794,
              7.9275065
            ],
            [
              -77.0873396,
              7.927616
            ],
            [
              -77.0871693,
              7.9277595
            ],
            [
              -77.0870312,
              7.9278838
            ],
            [
              -77.0869243,
              7.92799
            ],
            [
              -77.0868354,
              7.9280909
            ],
            [
              -77.0867867,
              7.9281537
            ],
            [
              -77.0867376,
              7.9282233
            ],
            [
              -77.0866457,
              7.9283724
            ],
            [
              -77.0865617,
              7.9285355
            ],
            [
              -77.0864904,
              7.9287028
            ],
            [
              -77.0864603,
              7.9288005
            ],
            [
              -77.0864359,
              7.9289127
            ],
            [
              -77.0864179,
              7.9290258
            ],
            [
              -77.0863794,
              7.9293201
            ],
            [
              -77.0863484,
              7.929479
            ],
            [
              -77.0863257,
              7.929559
            ],
            [
              -77.0862976,
              7.9296355
            ],
            [
              -77.0862626,
              7.9297127
            ],
            [
              -77.0862209,
              7.92979
            ],
            [
              -77.0861698,
              7.9298715
            ],
            [
              -77.0861108,
              7.9299541
            ],
            [
              -77.0860432,
              7.930039
            ],
            [
              -77.0859657,
              7.9301278
            ],
            [
              -77.0858125,
              7.9302868
            ],
            [
              -77.0854376,
              7.9306526
            ],
            [
              -77.0853455,
              7.930749
            ],
            [
              -77.0852668,
              7.9308378
            ],
            [
              -77.0851929,
              7.9309295
            ],
            [
              -77.0851294,
              7.9310184
            ],
            [
              -77.0850754,
              7.9311056
            ],
            [
              -77.0850306,
              7.9311923
            ],
            [
              -77.0849922,
              7.9312843
            ],
            [
              -77.0849635,
              7.9313768
            ],
            [
              -77.0849338,
              7.931514
            ],
            [
              -77.0849107,
              7.9316568
            ],
            [
              -77.0848952,
              7.9317981
            ],
            [
              -77.0848864,
              7.9319419
            ],
            [
              -77.0848845,
              7.9320884
            ],
            [
              -77.0848893,
              7.9322373
            ],
            [
              -77.0848356,
              7.9323687
            ],
            [
              -77.084777,
              7.9324973
            ],
            [
              -77.0847141,
              7.9326234
            ],
            [
              -77.0846464,
              7.9327469
            ],
            [
              -77.0845653,
              7.9328784
            ],
            [
              -77.0841842,
              7.9334435
            ],
            [
              -77.0840984,
              7.933591
            ],
            [
              -77.0840483,
              7.933686
            ],
            [
              -77.0839426,
              7.9339051
            ],
            [
              -77.0838641,
              7.9340868
            ],
            [
              -77.0836984,
              7.9345076
            ],
            [
              -77.0836399,
              7.9346739
            ],
            [
              -77.0836193,
              7.9347503
            ],
            [
              -77.0835945,
              7.9348665
            ],
            [
              -77.0835769,
              7.9349768
            ],
            [
              -77.0835663,
              7.9350815
            ],
            [
              -77.0835628,
              7.9351809
            ],
            [
              -77.0835647,
              7.9352601
            ],
            [
              -77.0835818,
              7.9354367
            ],
            [
              -77.0835912,
              7.9354918
            ],
            [
              -77.0836158,
              7.9355955
            ],
            [
              -77.0836488,
              7.9356933
            ],
            [
              -77.0836695,
              7.935743
            ],
            [
              -77.0836928,
              7.935793
            ],
            [
              -77.0837476,
              7.9358933
            ],
            [
              -77.0838117,
              7.9359923
            ],
            [
              -77.0838788,
              7.936081
            ],
            [
              -77.0839893,
              7.9362009
            ],
            [
              -77.0840754,
              7.9362797
            ],
            [
              -77.0841711,
              7.9363573
            ],
            [
              -77.0842453,
              7.9364103
            ],
            [
              -77.0843303,
              7.9364636
            ],
            [
              -77.0845604,
              7.936588
            ],
            [
              -77.0846506,
              7.9366305
            ],
            [
              -77.0848752,
              7.936724
            ],
            [
              -77.0849755,
              7.9367705
            ],
            [
              -77.0850842,
              7.9368273
            ],
            [
              -77.0852794,
              7.9369396
            ],
            [
              -77.0853678,
              7.9369964
            ],
            [
              -77.0855287,
              7.9371124
            ],
            [
              -77.0857269,
              7.9372723
            ],
            [
              -77.0858849,
              7.9374093
            ],
            [
              -77.0860636,
              7.9375752
            ],
            [
              -77.0862289,
              7.9377372
            ],
            [
              -77.0863823,
              7.9378966
            ],
            [
              -77.0865461,
              7.9380774
            ],
            [
              -77.0867258,
              7.9382952
            ],
            [
              -77.0866536,
              7.9384219
            ],
            [
              -77.0866571,
              7.9384285
            ],
            [
              -77.0851688,
              7.9411324
            ],
            [
              -77.0850601,
              7.9537277
            ],
            [
              -77.0877275,
              7.9759713
            ],
            [
              -77.076144,
              8.0133227
            ],
            [
              -77.0783909,
              8.0208602
            ],
            [
              -77.0781378,
              8.0208828
            ],
            [
              -77.0778968,
              8.0210094
            ],
            [
              -77.0776667,
              8.0211688
            ],
            [
              -77.0774829,
              8.0213463
            ],
            [
              -77.0772528,
              8.0215361
            ],
            [
              -77.0770018,
              8.0218156
            ],
            [
              -77.0767272,
              8.0221419
            ],
            [
              -77.0765978,
              8.0222781
            ],
            [
              -77.0764456,
              8.0225571
            ],
            [
              -77.0763992,
              8.0226544
            ],
            [
              -77.0763099,
              8.0227827
            ],
            [
              -77.0761665,
              8.022872
            ],
            [
              -77.0760256,
              8.0229319
            ],
            [
              -77.0758806,
              8.0229225
            ],
            [
              -77.0756965,
              8.0228762
            ],
            [
              -77.0751823,
              8.0226561
            ],
            [
              -77.0749,
              8.0225081
            ],
            [
              -77.0745264,
              8.0224153
            ],
            [
              -77.0742962,
              8.0223023
            ],
            [
              -77.0740402,
              8.0220554
            ],
            [
              -77.073888,
              8.021935
            ],
            [
              -77.0736459,
              8.0218435
            ],
            [
              -77.0733398,
              8.0217124
            ],
            [
              -77.0730223,
              8.021518
            ],
            [
              -77.0728417,
              8.0214122
            ],
            [
              -77.0726079,
              8.0213179
            ],
            [
              -77.0722099,
              8.0211811
            ],
            [
              -77.0718864,
              8.0211613
            ],
            [
              -77.0716288,
              8.0211896
            ],
            [
              -77.0714156,
              8.0213246
            ],
            [
              -77.0712898,
              8.0214365
            ],
            [
              -77.0711208,
              8.0216049
            ],
            [
              -77.0710198,
              8.0217541
            ],
            [
              -77.0708401,
              8.0219604
            ],
            [
              -77.070568,
              8.0221497
            ],
            [
              -77.0703827,
              8.0221892
            ],
            [
              -77.0701922,
              8.0221847
            ],
            [
              -77.0700504,
              8.0221961
            ],
            [
              -77.0698954,
              8.0223433
            ],
            [
              -77.0698384,
              8.0224944
            ],
            [
              -77.0698358,
              8.0226459
            ],
            [
              -77.0698105,
              8.0227916
            ],
            [
              -77.0697283,
              8.022912
            ],
            [
              -77.0695265,
              8.0231364
            ],
            [
              -77.0693235,
              8.0232787
            ],
            [
              -77.0691387,
              8.0233906
            ],
            [
              -77.0689219,
              8.0235003
            ],
            [
              -77.0687809,
              8.0235602
            ],
            [
              -77.0686152,
              8.0237292
            ],
            [
              -77.0685077,
              8.0238924
            ],
            [
              -77.0683637,
              8.0241642
            ],
            [
              -77.0682185,
              8.0243908
            ],
            [
              -77.0678772,
              8.0248429
            ],
            [
              -77.0677202,
              8.0249695
            ],
            [
              -77.0676159,
              8.0251708
            ],
            [
              -77.0674778,
              8.0253047
            ],
            [
              -77.0672893,
              8.0255939
            ],
            [
              -77.0671191,
              8.0257708
            ],
            [
              -77.0670103,
              8.0259155
            ],
            [
              -77.0668703,
              8.0260127
            ],
            [
              -77.0667614,
              8.0261208
            ],
            [
              -77.0667368,
              8.0263532
            ],
            [
              -77.0666027,
              8.0263425
            ],
            [
              -77.0664632,
              8.0263027
            ],
            [
              -77.0662969,
              8.0262602
            ],
            [
              -77.0661441,
              8.0262629
            ],
            [
              -77.0659992,
              8.0262443
            ],
            [
              -77.0658705,
              8.0262575
            ],
            [
              -77.0656827,
              8.0261991
            ],
            [
              -77.0654815,
              8.0261354
            ],
            [
              -77.0653179,
              8.026138
            ],
            [
              -77.0652562,
              8.0261965
            ],
            [
              -77.0651999,
              8.0261938
            ],
            [
              -77.0651114,
              8.0261433
            ],
            [
              -77.0650631,
              8.0261141
            ],
            [
              -77.0648968,
              8.0260318
            ],
            [
              -77.0647439,
              8.0259176
            ],
            [
              -77.0645937,
              8.0258831
            ],
            [
              -77.0644824,
              8.025899
            ],
            [
              -77.0642853,
              8.0260265
            ],
            [
              -77.0641887,
              8.026223
            ],
            [
              -77.0639795,
              8.0265045
            ],
            [
              -77.0639795,
              8.0266533
            ],
            [
              -77.0639476,
              8.0267146
            ],
            [
              -77.0639177,
              8.0267718
            ],
            [
              -77.0638937,
              8.0268179
            ],
            [
              -77.0637622,
              8.0271933
            ],
            [
              -77.0635235,
              8.027875
            ],
            [
              -77.063427,
              8.0281751
            ],
            [
              -77.0633519,
              8.0283796
            ],
            [
              -77.0632525,
              8.028491
            ],
            [
              -77.0631883,
              8.0285629
            ],
            [
              -77.0631212,
              8.0288179
            ],
            [
              -77.0631747,
              8.0290633
            ],
            [
              -77.0631802,
              8.0290888
            ],
            [
              -77.0633465,
              8.0293065
            ],
            [
              -77.0634779,
              8.02945
            ],
            [
              -77.0636416,
              8.0295907
            ],
            [
              -77.0637757,
              8.0298298
            ],
            [
              -77.0638669,
              8.0300475
            ],
            [
              -77.0638948,
              8.0301325
            ],
            [
              -77.0639212,
              8.0302129
            ],
            [
              -77.0639366,
              8.03026
            ],
            [
              -77.0637542,
              8.03043
            ],
            [
              -77.0636961,
              8.0304831
            ],
            [
              -77.0636507,
              8.0305246
            ],
            [
              -77.063545,
              8.0306212
            ],
            [
              -77.0630139,
              8.0310249
            ],
            [
              -77.0629131,
              8.0311086
            ],
            [
              -77.0626813,
              8.0313011
            ],
            [
              -77.0624346,
              8.0316942
            ],
            [
              -77.0623544,
              8.03208
            ],
            [
              -77.0623505,
              8.0322119
            ],
            [
              -77.0623487,
              8.0322732
            ],
            [
              -77.0622384,
              8.0326655
            ],
            [
              -77.0622307,
              8.0326928
            ],
            [
              -77.0622201,
              8.0327163
            ],
            [
              -77.0621234,
              8.0329319
            ],
            [
              -77.0620751,
              8.0331178
            ],
            [
              -77.0619196,
              8.0335002
            ],
            [
              -77.0616406,
              8.0339305
            ],
            [
              -77.0612598,
              8.0343501
            ],
            [
              -77.0609808,
              8.0348494
            ],
            [
              -77.0605516,
              8.0356462
            ],
            [
              -77.0604897,
              8.0358476
            ],
            [
              -77.060386,
              8.0361851
            ],
            [
              -77.0603639,
              8.036257
            ],
            [
              -77.0598114,
              8.03733
            ],
            [
              -77.0597827,
              8.0373826
            ],
            [
              -77.0595592,
              8.0377921
            ],
            [
              -77.0596085,
              8.0380596
            ],
            [
              -77.0596719,
              8.038403
            ],
            [
              -77.0597094,
              8.0385835
            ],
            [
              -77.0598275,
              8.0388438
            ],
            [
              -77.0597792,
              8.0394547
            ],
            [
              -77.0595823,
              8.0397883
            ],
            [
              -77.0595378,
              8.0398637
            ],
            [
              -77.0595158,
              8.0399879
            ],
            [
              -77.0593393,
              8.0409844
            ],
            [
              -77.0593661,
              8.0414784
            ],
            [
              -77.0595646,
              8.0421371
            ],
            [
              -77.0594841,
              8.0422486
            ],
            [
              -77.0593876,
              8.0423017
            ],
            [
              -77.0591784,
              8.042153
            ],
            [
              -77.0590389,
              8.0419565
            ],
            [
              -77.0587707,
              8.0417493
            ],
            [
              -77.0585668,
              8.0415793
            ],
            [
              -77.0584353,
              8.0414913
            ],
            [
              -77.0583844,
              8.0414572
            ],
            [
              -77.0582289,
              8.0415209
            ],
            [
              -77.0577943,
              8.041898
            ],
            [
              -77.0577378,
              8.0420122
            ],
            [
              -77.0578772,
              8.0421571
            ],
            [
              -77.0584032,
              8.0426074
            ],
            [
              -77.0586458,
              8.0427634
            ],
            [
              -77.0592263,
              8.0433252
            ],
            [
              -77.0594213,
              8.0435603
            ],
            [
              -77.0596913,
              8.0440474
            ],
            [
              -77.0598403,
              8.0445221
            ],
            [
              -77.0599121,
              8.0448379
            ],
            [
              -77.0603398,
              8.0450726
            ],
            [
              -77.0605694,
              8.045388
            ],
            [
              -77.0607844,
              8.0457878
            ],
            [
              -77.0610176,
              8.0462065
            ],
            [
              -77.0611361,
              8.0464468
            ],
            [
              -77.0613098,
              8.0468257
            ],
            [
              -77.061803,
              8.0477197
            ],
            [
              -77.062205,
              8.0483267
            ],
            [
              -77.0625236,
              8.0486443
            ],
            [
              -77.0625237,
              8.0486669
            ],
            [
              -77.0625961,
              8.0487166
            ],
            [
              -77.0632788,
              8.04957
            ],
            [
              -77.0638587,
              8.0503781
            ],
            [
              -77.0645481,
              8.0509399
            ],
            [
              -77.0650024,
              8.0511976
            ],
            [
              -77.0658255,
              8.0513976
            ],
            [
              -77.0662309,
              8.051366
            ],
            [
              -77.0666689,
              8.0513373
            ],
            [
              -77.0472421,
              8.0618511
            ],
            [
              -77.0472462,
              8.0618577
            ],
            [
              -77.0470034,
              8.0619803
            ],
            [
              -77.0468874,
              8.0620431
            ],
            [
              -77.0466569,
              8.0621873
            ],
            [
              -77.0466472,
              8.0621731
            ],
            [
              -77.0437476,
              8.0637422
            ],
            [
              -77.0253459,
              8.0893607
            ],
            [
              -77.0249422,
              8.0907797
            ],
            [
              -77.0248721,
              8.0907975
            ],
            [
              -77.0248503,
              8.0908863
            ],
            [
              -77.0248984,
              8.0909337
            ],
            [
              -77.0154875,
              8.1240074
            ],
            [
              -77.0191467,
              8.1615775
            ],
            [
              -77.0192055,
              8.1618874
            ],
            [
              -77.0232838,
              8.1794221
            ],
            [
              -77.0107454,
              8.1950306
            ],
            [
              -77.0104834,
              8.1953729
            ],
            [
              -77.0104692,
              8.1953744
            ],
            [
              -77.0037254,
              8.2037688
            ],
            [
              -77.0042084,
              8.2044794
            ],
            [
              -77.0043943,
              8.2050049
            ],
            [
              -77.0045498,
              8.2054289
            ],
            [
              -77.0050153,
              8.2060483
            ],
            [
              -77.0058635,
              8.2066446
            ],
            [
              -77.0066118,
              8.2074397
            ],
            [
              -77.0072604,
              8.2082845
            ],
            [
              -77.0087306,
              8.2093558
            ],
            [
              -77.0091534,
              8.2097769
            ],
            [
              -77.0104219,
              8.2104789
            ],
            [
              -77.0121132,
              8.2113212
            ],
            [
              -77.0136636,
              8.2118829
            ],
            [
              -77.0156899,
              8.2124673
            ],
            [
              -77.018696,
              8.2124904
            ],
            [
              -77.0188831,
              8.2125702
            ],
            [
              -77.0197287,
              8.2131317
            ],
            [
              -77.0211382,
              8.2136933
            ],
            [
              -77.0231112,
              8.2156585
            ],
            [
              -77.0240978,
              8.2165007
            ],
            [
              -77.0249435,
              8.2170622
            ],
            [
              -77.0255071,
              8.2183254
            ],
            [
              -77.0269165,
              8.2197291
            ],
            [
              -77.0276212,
              8.2207116
            ],
            [
              -77.0283258,
              8.2218345
            ],
            [
              -77.0286076,
              8.2222555
            ],
            [
              -77.0292348,
              8.2229742
            ],
            [
              -77.0295907,
              8.2241086
            ],
            [
              -77.0300179,
              8.2247467
            ],
            [
              -77.0305162,
              8.2253139
            ],
            [
              -77.0308722,
              8.2256685
            ],
            [
              -77.0312994,
              8.2259521
            ],
            [
              -77.0320829,
              8.2264324
            ],
            [
              -77.0555657,
              8.2728459
            ],
            [
              -77.0529358,
              8.2746029
            ],
            [
              -77.0515289,
              8.2753668
            ],
            [
              -77.0512558,
              8.2754444
            ],
            [
              -77.0493363,
              8.2760904
            ],
            [
              -77.0486108,
              8.2764278
            ],
            [
              -77.0484203,
              8.2761584
            ],
            [
              -77.0482851,
              8.2762002
            ],
            [
              -77.0482064,
              8.2758694
            ],
            [
              -77.0483995,
              8.2756182
            ],
            [
              -77.0484593,
              8.2751922
            ],
            [
              -77.0485979,
              8.274882
            ],
            [
              -77.0484066,
              8.2744946
            ],
            [
              -77.0480015,
              8.2739931
            ],
            [
              -77.0474707,
              8.2735211
            ],
            [
              -77.0469697,
              8.2731822
            ],
            [
              -77.0462365,
              8.2728955
            ],
            [
              -77.0451524,
              8.2726086
            ],
            [
              -77.0444179,
              8.2720384
            ],
            [
              -77.0441817,
              8.2719452
            ],
            [
              -77.0440403,
              8.2719709
            ],
            [
              -77.0441004,
              8.2720928
            ],
            [
              -77.0440039,
              8.2721579
            ],
            [
              -77.0438986,
              8.2720669
            ],
            [
              -77.0438731,
              8.2721346
            ],
            [
              -77.0437668,
              8.2721067
            ],
            [
              -77.0436551,
              8.2719543
            ],
            [
              -77.0437853,
              8.2719657
            ],
            [
              -77.0440253,
              8.271923
            ],
            [
              -77.044074,
              8.2718386
            ],
            [
              -77.0440652,
              8.2714183
            ],
            [
              -77.0441942,
              8.2712797
            ],
            [
              -77.0441815,
              8.2708567
            ],
            [
              -77.0444194,
              8.2708308
            ],
            [
              -77.0444971,
              8.2707429
            ],
            [
              -77.044619,
              8.270835
            ],
            [
              -77.0447279,
              8.2708235
            ],
            [
              -77.0451611,
              8.2711156
            ],
            [
              -77.0452145,
              8.2708503
            ],
            [
              -77.0453171,
              8.2708946
            ],
            [
              -77.0454994,
              8.2706767
            ],
            [
              -77.0456023,
              8.2704551
            ],
            [
              -77.0456398,
              8.2701942
            ],
            [
              -77.0456071,
              8.269809
            ],
            [
              -77.045709,
              8.2698097
            ],
            [
              -77.0458315,
              8.269533
            ],
            [
              -77.0460506,
              8.2692887
            ],
            [
              -77.0461453,
              8.269318
            ],
            [
              -77.0461714,
              8.2692451
            ],
            [
              -77.0461043,
              8.2690904
            ],
            [
              -77.0461958,
              8.268982
            ],
            [
              -77.0459104,
              8.2682078
            ],
            [
              -77.0450307,
              8.266983
            ],
            [
              -77.0438046,
              8.2660092
            ],
            [
              -77.0428793,
              8.2655638
            ],
            [
              -77.0422796,
              8.2650198
            ],
            [
              -77.0420899,
              8.2650279
            ],
            [
              -77.0422891,
              8.2644842
            ],
            [
              -77.0421303,
              8.2642859
            ],
            [
              -77.0424559,
              8.2639175
            ],
            [
              -77.0427025,
              8.2638903
            ],
            [
              -77.0427824,
              8.2637887
            ],
            [
              -77.0427008,
              8.2632927
            ],
            [
              -77.0424897,
              8.2630014
            ],
            [
              -77.0422426,
              8.2625963
            ],
            [
              -77.0423402,
              8.2621696
            ],
            [
              -77.0417578,
              8.2615498
            ],
            [
              -77.0417276,
              8.2614288
            ],
            [
              -77.0409674,
              8.2605602
            ],
            [
              -77.0408017,
              8.2606695
            ],
            [
              -77.0406114,
              8.2605462
            ],
            [
              -77.0407897,
              8.2603525
            ],
            [
              -77.0403797,
              8.2597866
            ],
            [
              -77.0405039,
              8.2595797
            ],
            [
              -77.040211,
              8.2593274
            ],
            [
              -77.0401177,
              8.2593999
            ],
            [
              -77.0400352,
              8.2593309
            ],
            [
              -77.0400929,
              8.2590396
            ],
            [
              -77.0402506,
              8.2589196
            ],
            [
              -77.0404413,
              8.2590326
            ],
            [
              -77.0405736,
              8.2587983
            ],
            [
              -77.040672,
              8.2584665
            ],
            [
              -77.0406111,
              8.2583717
            ],
            [
              -77.0407564,
              8.2581932
            ],
            [
              -77.0406973,
              8.2578739
            ],
            [
              -77.040753,
              8.2577763
            ],
            [
              -77.0406255,
              8.2575315
            ],
            [
              -77.0405608,
              8.2568872
            ],
            [
              -77.0399177,
              8.2563329
            ],
            [
              -77.039451,
              8.2560844
            ],
            [
              -77.0390983,
              8.2562761
            ],
            [
              -77.0390791,
              8.2564266
            ],
            [
              -77.0389828,
              8.2564508
            ],
            [
              -77.0388659,
              8.2563525
            ],
            [
              -77.0389171,
              8.2562051
            ],
            [
              -77.0391055,
              8.2561997
            ],
            [
              -77.0391544,
              8.2558957
            ],
            [
              -77.0389761,
              8.2556808
            ],
            [
              -77.0388,
              8.2557006
            ],
            [
              -77.0386901,
              8.2554941
            ],
            [
              -77.0385377,
              8.2554559
            ],
            [
              -77.0383624,
              8.2551922
            ],
            [
              -77.0381816,
              8.2545379
            ],
            [
              -77.0372686,
              8.2542941
            ],
            [
              -77.0370434,
              8.2544266
            ],
            [
              -77.0368961,
              8.2541797
            ]
          ]
        ]
      },
      "properties": {
        "nombre": "Distrito Regional de Manejo Integrado Lago Azul los Manatìes",
        "tipo": "Distrito Regional de Manejo Integrado",
        "protect_class": "6",
        "operador": "CODECHOCÓ",
        "fuente": "OSM / CODECHOCÓ",
        "osm_id": 10377672,
        "osm_type": "relation",
        "ref": "24100001",
        "start_date": "2013-03-19",
        "website": "https://runap.parquesnacionales.gov.co/area-protegida/747"
      }
    }
  ]
}