{
"type": "FeatureCollection",
"name": "zonas_urbanas_v2",
"crs": { "type": "name", "properties": { "name": "urn:ogc:def:crs:OGC:1.3:CRS84" } },
"features": [
{ "type": "Feature", "properties": { "municipio": "Apartadó", "cod_divipola": "05045", "cod_dpto": "05", "dpto": "ANTIOQUIA", "tipo": "zona_urbana", "fuente": "DANE MGN 2022 - perimetro urbano derivado de manzanas", "area_km2": 8.565, "poblacion_est_2023": 200000 }, "geometry": { "type": "MultiPolygon", "coordinates": [ [ [ [ -76.565644261774779, 7.883316118032685 ], [ -76.564260063610917, 7.884312531973647 ], [ -76.564110088386997, 7.884727157492931 ], [ -76.563263606672777, 7.884919568686163 ], [ -76.561160342265197, 7.884303104824588 ], [ -76.561716327915647, 7.882930427554713 ], [ -76.563759963262285, 7.88325277702575 ], [ -76.563795612655724, 7.884148537158032 ], [ -76.565644261774779, 7.883316118032685 ] ] ], [ [ [ -76.651466757041561, 7.887609266945512 ], [ -76.65114249502173, 7.89053408518645 ], [ -76.651419545134587, 7.890946255824752 ], [ -76.651407776140545, 7.892028943194904 ], [ -76.650572209571251, 7.892056382555787 ], [ -76.65019482731276, 7.892559309250924 ], [ -76.649832256939092, 7.892401568486448 ], [ -76.648675420695042, 7.894089155587936 ], [ -76.647840107350333, 7.893539577694816 ], [ -76.648169881681042, 7.892943103534259 ], [ -76.647871528058928, 7.892512078283899 ], [ -76.64859393019978, 7.890963555684166 ], [ -76.647527791563718, 7.890926542694024 ], [ -76.647267677259705, 7.891349965137734 ], [ -76.646642027779961, 7.891338235365958 ], [ -76.646612498961758, 7.890956424396958 ], [ -76.646207040967298, 7.890940073368611 ], [ -76.646107850008462, 7.891408283097162 ], [ -76.645236084710788, 7.891339860537412 ], [ -76.643393089877961, 7.893859664651637 ], [ -76.642413324941217, 7.892855968972246 ], [ -76.641816719025144, 7.893479001167205 ], [ -76.64148117988583, 7.893376484704786 ], [ -76.64243332420773, 7.891432172175113 ], [ -76.641894236224402, 7.892109445440205 ], [ -76.6411364128207, 7.891146786538656 ], [ -76.639776255863538, 7.891985998431755 ], [ -76.639371956454966, 7.893029795031154 ], [ -76.640238409405157, 7.893837562155887 ], [ -76.63842555667118, 7.895751611663749 ], [ -76.640028395412486, 7.896302399686272 ], [ -76.639097159805075, 7.897139782838097 ], [ -76.639398132599851, 7.898448204597629 ], [ -76.636878049113875, 7.898959807679392 ], [ -76.631961398432622, 7.892918302581929 ], [ -76.631410474714798, 7.893187482145664 ], [ -76.63002683238139, 7.89177116037285 ], [ -76.629275676261756, 7.894362906940722 ], [ -76.628903619667852, 7.894211333293025 ], [ -76.628828079992275, 7.893698309862133 ], [ -76.62718746409854, 7.893230599395465 ], [ -76.626630860286895, 7.893347684611371 ], [ -76.626663403157949, 7.892867928337524 ], [ -76.625867748613175, 7.893115972975489 ], [ -76.625250887903775, 7.892285580784012 ], [ -76.624101925032875, 7.887774809236781 ], [ -76.618599918093651, 7.886004062194698 ], [ -76.617310082116234, 7.885897253816457 ], [ -76.617671107995307, 7.884448461047413 ], [ -76.61689363094213, 7.884300501765217 ], [ -76.616395888383977, 7.885639009142901 ], [ -76.614951032698087, 7.885157764268382 ], [ -76.615286078735082, 7.883749554214787 ], [ -76.613774461039824, 7.883222434710328 ], [ -76.614020254618879, 7.882191134218909 ], [ -76.61226137159484, 7.881777842269922 ], [ -76.611606971718871, 7.883490382240159 ], [ -76.611108003274438, 7.883499925148117 ], [ -76.610621646380963, 7.883327694819824 ], [ -76.610723247899799, 7.882485240132411 ], [ -76.608166714569521, 7.882439648096032 ], [ -76.606187325820798, 7.881871467745797 ], [ -76.606251678803062, 7.883316114792003 ], [ -76.606025024215683, 7.883363090697911 ], [ -76.60578494894051, 7.88276920411155 ], [ -76.602099176046281, 7.885019880786763 ], [ -76.601316862312615, 7.881680178488873 ], [ -76.600495376335331, 7.88182509531911 ], [ -76.600055049114033, 7.882489279490464 ], [ -76.598610989257907, 7.880982043387377 ], [ -76.597071886862025, 7.883829808579132 ], [ -76.596760316658148, 7.883417172476 ], [ -76.597390364020939, 7.882148045074524 ], [ -76.596806875034176, 7.882499651638366 ], [ -76.596430195584006, 7.882027989362827 ], [ -76.597662293552887, 7.881790000980221 ], [ -76.598215369428985, 7.880886505213136 ], [ -76.598945584277857, 7.880467801173667 ], [ -76.598660095016555, 7.880169793540113 ], [ -76.598994824676225, 7.879179687465681 ], [ -76.598292097095012, 7.878461729940222 ], [ -76.599388508494556, 7.878221974971703 ], [ -76.600547883152942, 7.879509603009668 ], [ -76.602269579690144, 7.877953042578149 ], [ -76.602994625430696, 7.877835190495968 ], [ -76.603213924051289, 7.877401040214538 ], [ -76.604059660452847, 7.877362595563672 ], [ -76.603944755663321, 7.878047636505044 ], [ -76.605150084782707, 7.87843332792637 ], [ -76.605437950815727, 7.877780202827283 ], [ -76.60661031771528, 7.878257007881732 ], [ -76.606745564971149, 7.877815711984593 ], [ -76.60628, 7.877581829431977 ], [ -76.606652665002116, 7.876861491847069 ], [ -76.607905642721406, 7.87742581228677 ], [ -76.608303425560493, 7.876353434648272 ], [ -76.60773159122634, 7.87636755488457 ], [ -76.607951138343083, 7.875413630270724 ], [ -76.608525291356131, 7.875451856467992 ], [ -76.608860013544188, 7.875076905296869 ], [ -76.60871054644258, 7.874215796237105 ], [ -76.609243588226704, 7.873188404280976 ], [ -76.610147418628188, 7.87287227904235 ], [ -76.610191786390715, 7.871301871601032 ], [ -76.613194143286933, 7.870890494129635 ], [ -76.614779887062696, 7.872319444788521 ], [ -76.615408787588109, 7.871971836346718 ], [ -76.615877629135952, 7.871214449191895 ], [ -76.616370159496199, 7.871172906394778 ], [ -76.616610174452703, 7.871629537628497 ], [ -76.616126679656261, 7.87304113933598 ], [ -76.616738025313609, 7.87480571773025 ], [ -76.617326217489278, 7.875198895274342 ], [ -76.618407924108524, 7.874520218066882 ], [ -76.621085446091683, 7.874737293925017 ], [ -76.620825128765375, 7.873765333543085 ], [ -76.619600617460662, 7.873254525389121 ], [ -76.62039299200778, 7.871310317169472 ], [ -76.62133647584433, 7.871888837019341 ], [ -76.621813393814989, 7.873233630710762 ], [ -76.622946978876115, 7.873557591526294 ], [ -76.623260333052343, 7.872652600366092 ], [ -76.624108270854791, 7.872892108668408 ], [ -76.623613224085176, 7.874655286441672 ], [ -76.624485694879709, 7.875387768305364 ], [ -76.624397971417935, 7.875768548299554 ], [ -76.623616157647646, 7.875592515066058 ], [ -76.62237126000025, 7.876364020957069 ], [ -76.622669637581566, 7.877580246754742 ], [ -76.623171325124247, 7.878095899620795 ], [ -76.624590952234499, 7.877530113432299 ], [ -76.625232894584528, 7.876540578301814 ], [ -76.625174558738934, 7.876027442989741 ], [ -76.625691286218924, 7.876215891376366 ], [ -76.626226105694741, 7.875510481292217 ], [ -76.629139539621363, 7.876170074773825 ], [ -76.629405294722716, 7.875520811683049 ], [ -76.630403492837146, 7.875785364516897 ], [ -76.630345280938315, 7.876338565100899 ], [ -76.63324788262392, 7.877125840784722 ], [ -76.633738939656354, 7.87499345248924 ], [ -76.635543138061422, 7.875725056257814 ], [ -76.635458325137421, 7.876103161292431 ], [ -76.636106078451803, 7.876478258758742 ], [ -76.638979618580848, 7.88108664280575 ], [ -76.637388415787228, 7.882587738095178 ], [ -76.637234244059684, 7.883131723762957 ], [ -76.637989815779292, 7.883608090210808 ], [ -76.637355632936902, 7.885360440257843 ], [ -76.639009757094001, 7.885937559103154 ], [ -76.637724747288502, 7.887285592636637 ], [ -76.637595034577913, 7.887905167501423 ], [ -76.640299636973296, 7.889729693974259 ], [ -76.642460044534133, 7.888280095379307 ], [ -76.642754143702703, 7.889807920517286 ], [ -76.64433043357802, 7.888919672467865 ], [ -76.644130108422402, 7.888359192354787 ], [ -76.644361449545684, 7.888190148379165 ], [ -76.64673411065813, 7.889055961278504 ], [ -76.645984480039161, 7.889569113894768 ], [ -76.646287896410868, 7.890081261592009 ], [ -76.647153882984171, 7.889690478920278 ], [ -76.647710908071261, 7.890385531001818 ], [ -76.649134046365049, 7.890544438287147 ], [ -76.649012302427721, 7.889580880390287 ], [ -76.649872255899254, 7.889652320352576 ], [ -76.650075493094448, 7.888976364491841 ], [ -76.650504977537622, 7.888918297415251 ], [ -76.650558065682205, 7.887600189033479 ], [ -76.651466757041561, 7.887609266945512 ] ], [ [ -76.611421212391392, 7.880287773167474 ], [ -76.611361732115782, 7.880080088866489 ], [ -76.611307022228686, 7.880256446285523 ], [ -76.611421212391392, 7.880287773167474 ] ], [ [ -76.611485212878819, 7.880037427192563 ], [ -76.611441115686034, 7.879848340847754 ], [ -76.611384100516915, 7.879986893411422 ], [ -76.611485212878819, 7.880037427192563 ] ], [ [ -76.614732325804127, 7.875727676675958 ], [ -76.614490062689441, 7.875750694960944 ], [ -76.61468489673662, 7.875830421149717 ], [ -76.614732325804127, 7.875727676675958 ] ], [ [ -76.615319175245304, 7.876051406579796 ], [ -76.61535704693992, 7.876241632887944 ], [ -76.615444088443283, 7.876169748756413 ], [ -76.615319175245304, 7.876051406579796 ] ], [ [ -76.616272647336942, 7.883537673130442 ], [ -76.61598738724588, 7.883617370629653 ], [ -76.61619429773917, 7.88370639973298 ], [ -76.616272647336942, 7.883537673130442 ] ], [ [ -76.617809041987385, 7.877682669982449 ], [ -76.618194496072718, 7.877711543537698 ], [ -76.617799145275072, 7.87756748375626 ], [ -76.617809041987385, 7.877682669982449 ] ], [ [ -76.618422619609419, 7.878013362068876 ], [ -76.618359203337533, 7.877814852762189 ], [ -76.618278655269577, 7.877892583921967 ], [ -76.618422619609419, 7.878013362068876 ] ], [ [ -76.619606458258701, 7.878693015605189 ], [ -76.61953750885435, 7.8785469152554 ], [ -76.61949935647155, 7.878653364977142 ], [ -76.619606458258701, 7.878693015605189 ] ], [ [ -76.620444380712641, 7.879039596879143 ], [ -76.620260504202804, 7.879078704451115 ], [ -76.620399701780613, 7.8791450763831 ], [ -76.620444380712641, 7.879039596879143 ] ], [ [ -76.622538292466942, 7.880323299519896 ], [ -76.620785279846601, 7.879217901177308 ], [ -76.620678067836153, 7.879249690457096 ], [ -76.622538292466942, 7.880323299519896 ] ], [ [ -76.621372340474522, 7.875060856641174 ], [ -76.621744603950503, 7.875043522750508 ], [ -76.621325834461302, 7.874922608353262 ], [ -76.621372340474522, 7.875060856641174 ] ], [ [ -76.622408444029148, 7.876098256919637 ], [ -76.622437044045967, 7.875931260726576 ], [ -76.622337423362623, 7.876001717877165 ], [ -76.622408444029148, 7.876098256919637 ] ], [ [ -76.622997065664819, 7.880484441403153 ], [ -76.622597780747711, 7.880433313127655 ], [ -76.623003592886135, 7.880599576077754 ], [ -76.622997065664819, 7.880484441403153 ] ], [ [ -76.623819105212945, 7.880231671673398 ], [ -76.624251616322013, 7.880245319442561 ], [ -76.62371469446218, 7.880020245422826 ], [ -76.623819105212945, 7.880231671673398 ] ], [ [ -76.626090995373573, 7.882424615376168 ], [ -76.625293189692727, 7.881805961717418 ], [ -76.625190643402263, 7.881841637663512 ], [ -76.626090995373573, 7.882424615376168 ] ], [ [ -76.6264461649357, 7.879915540847933 ], [ -76.626520152022479, 7.880115384428919 ], [ -76.626556920267561, 7.879940555818456 ], [ -76.6264461649357, 7.879915540847933 ] ], [ [ -76.626445086867122, 7.880342370605123 ], [ -76.62665287590012, 7.880452294968626 ], [ -76.626526930081255, 7.880263778035078 ], [ -76.626445086867122, 7.880342370605123 ] ], [ [ -76.627366891795944, 7.883182572434298 ], [ -76.626903261536711, 7.882745502363301 ], [ -76.626792765775704, 7.882786152921689 ], [ -76.627366891795944, 7.883182572434298 ] ], [ [ -76.627136883656433, 7.881708063058851 ], [ -76.627433140403738, 7.881867096814866 ], [ -76.627146637123303, 7.881511217979944 ], [ -76.627136883656433, 7.881708063058851 ] ], [ [ -76.62814342400695, 7.883612681947699 ], [ -76.628335770623764, 7.883654257598653 ], [ -76.628233789729435, 7.883542414374299 ], [ -76.62814342400695, 7.883612681947699 ] ], [ [ -76.630655380054279, 7.889868854896604 ], [ -76.630426838855286, 7.890108703194959 ], [ -76.630506991692613, 7.890190271385042 ], [ -76.630655380054279, 7.889868854896604 ] ], [ [ -76.630696733251753, 7.889644174714647 ], [ -76.630655861495185, 7.889468767098284 ], [ -76.630597076041482, 7.889591195450506 ], [ -76.630696733251753, 7.889644174714647 ] ], [ [ -76.630652806588643, 7.889352681438256 ], [ -76.630923915217522, 7.889147514856237 ], [ -76.630946374003926, 7.888623739839477 ], [ -76.630843776698143, 7.888669783176905 ], [ -76.630652806588643, 7.889352681438256 ] ], [ [ -76.631850555000298, 7.885895138750093 ], [ -76.631648982654681, 7.885783018417376 ], [ -76.630943831810399, 7.888571259135523 ], [ -76.631305202642665, 7.887817438747886 ], [ -76.631850555000298, 7.885895138750093 ] ], [ [ -76.631932559770405, 7.885292098571247 ], [ -76.631863491765955, 7.885137633126463 ], [ -76.631827437553, 7.885254294943753 ], [ -76.631932559770405, 7.885292098571247 ] ], [ [ -76.632430473550485, 7.883846553921763 ], [ -76.632209932520865, 7.883696454943771 ], [ -76.632295535907232, 7.88388304746907 ], [ -76.632430473550485, 7.883846553921763 ] ], [ [ -76.633906967708313, 7.878609776825563 ], [ -76.632601054171985, 7.878149440554314 ], [ -76.633669904539587, 7.878599621288888 ], [ -76.632574280104237, 7.882767525465787 ], [ -76.633906967708313, 7.878609776825563 ] ], [ [ -76.634100427442561, 7.877460075669082 ], [ -76.634098691406251, 7.877176330272468 ], [ -76.633943847375235, 7.877341296549647 ], [ -76.634100427442561, 7.877460075669082 ] ], [ [ -76.634376078708058, 7.876820868470909 ], [ -76.634470246011574, 7.875793463124376 ], [ -76.634204132321855, 7.8769683131158 ], [ -76.634376078708058, 7.876820868470909 ] ], [ [ -76.636721794436198, 7.892912179134443 ], [ -76.636938412691379, 7.892826116991328 ], [ -76.63673970580831, 7.892764785239333 ], [ -76.636721794436198, 7.892912179134443 ] ], [ [ -76.637866499572894, 7.888845531142083 ], [ -76.637769511534543, 7.888665991027817 ], [ -76.637725491389858, 7.888769415735839 ], [ -76.637866499572894, 7.888845531142083 ] ], [ [ -76.638131423103857, 7.88997840430673 ], [ -76.638350911812807, 7.889901480843176 ], [ -76.638274429440116, 7.889819226486357 ], [ -76.638131423103857, 7.88997840430673 ] ] ], [ [ [ -76.629334222965412, 7.894447282082358 ], [ -76.630179196050207, 7.895404683001916 ], [ -76.629875594337904, 7.896199096126755 ], [ -76.628910886005912, 7.895875559037873 ], [ -76.629334222965412, 7.894447282082358 ] ] ], [ [ [ -76.606107376400701, 7.861951244279847 ], [ -76.605695039352796, 7.862953031765346 ], [ -76.602996492920013, 7.865711163736323 ], [ -76.603619106093802, 7.866055561358348 ], [ -76.602398690274285, 7.867297139211868 ], [ -76.602629688238963, 7.86763287463632 ], [ -76.602111186420615, 7.86802600999984 ], [ -76.602162832149062, 7.869088776754314 ], [ -76.601400103856193, 7.868379458168874 ], [ -76.60216608262887, 7.866229976213216 ], [ -76.601080198834211, 7.865722036529403 ], [ -76.601551104340885, 7.865292838186408 ], [ -76.601685615540646, 7.864591319280949 ], [ -76.600409984846962, 7.86566721247117 ], [ -76.600150445443262, 7.865573685086036 ], [ -76.601151156799389, 7.864522767635025 ], [ -76.601351496581245, 7.864007993138463 ], [ -76.601122502375219, 7.863500505500002 ], [ -76.601694646363455, 7.863020643728642 ], [ -76.601894721515308, 7.86335387907916 ], [ -76.602183506139824, 7.863175380715827 ], [ -76.602577937844188, 7.863781374173167 ], [ -76.602375226527741, 7.864302607920381 ], [ -76.602993738899698, 7.86374111064766 ], [ -76.603254123219344, 7.864035696339668 ], [ -76.602326902979243, 7.865066556897776 ], [ -76.602526894281851, 7.865341328454323 ], [ -76.60588631945258, 7.861745538765431 ], [ -76.606107376400701, 7.861951244279847 ] ] ], [ [ [ -76.628357741352616, 7.905521455297685 ], [ -76.62804259931859, 7.906399728638561 ], [ -76.626069605788942, 7.905717685361592 ], [ -76.62601287392468, 7.906075149482283 ], [ -76.626608994800534, 7.906314072359082 ], [ -76.626484491572057, 7.907016019292449 ], [ -76.627468273447249, 7.907042092231356 ], [ -76.627118717189191, 7.907959863370903 ], [ -76.625654378261515, 7.907422341661385 ], [ -76.62588870121175, 7.906364016536208 ], [ -76.622872619467401, 7.905758659516658 ], [ -76.621540189070515, 7.905138065494801 ], [ -76.621742533975493, 7.904561551124669 ], [ -76.623534484534403, 7.904310348702198 ], [ -76.626352953589716, 7.90473928679411 ], [ -76.626524129110024, 7.904540542748046 ], [ -76.628357741352616, 7.905521455297685 ] ] ], [ [ [ -76.626012218280948, 7.909344289354112 ], [ -76.62545525411322, 7.910311236063485 ], [ -76.625452719443516, 7.910975564827726 ], [ -76.624756850689081, 7.910874936515184 ], [ -76.625205935856528, 7.909085916200601 ], [ -76.626012218280948, 7.909344289354112 ] ] ], [ [ [ -76.629819900177225, 7.903570872922755 ], [ -76.630137939851082, 7.903351741874951 ], [ -76.630909602128895, 7.903996525961177 ], [ -76.630064221608635, 7.904969456477514 ], [ -76.628600762847256, 7.903896873154293 ], [ -76.628058912860382, 7.903956018912536 ], [ -76.627811449165037, 7.904399853658183 ], [ -76.626630380049278, 7.904033339823561 ], [ -76.626828036806927, 7.903350189006563 ], [ -76.627922516924258, 7.903861811337373 ], [ -76.628756108236303, 7.90316048051885 ], [ -76.629819900177225, 7.903570872922755 ] ] ], [ [ [ -76.635903254216871, 7.874075499923356 ], [ -76.635082062318801, 7.873850786763416 ], [ -76.634898436978446, 7.874329838743284 ], [ -76.632308879122505, 7.873776511616319 ], [ -76.632603237476573, 7.872059269319919 ], [ -76.634343646576085, 7.872658591449563 ], [ -76.634505237368131, 7.872200672964667 ], [ -76.635410298735593, 7.872422974403525 ], [ -76.635362452496068, 7.872837827423572 ], [ -76.63638927949934, 7.873055068708909 ], [ -76.635903254216871, 7.874075499923356 ] ] ], [ [ [ -76.637040853591742, 7.866430028552982 ], [ -76.636498716797831, 7.868539862289127 ], [ -76.634596470899012, 7.867854601186833 ], [ -76.634872105164874, 7.866895195206623 ], [ -76.634326834554713, 7.866694915841469 ], [ -76.63400051924593, 7.866085095437065 ], [ -76.635016953041657, 7.866195669670794 ], [ -76.635182425304649, 7.865910298994177 ], [ -76.637040853591742, 7.866430028552982 ] ], [ [ -76.636211825295121, 7.867405760666222 ], [ -76.636421656865451, 7.867248729117612 ], [ -76.63617690679888, 7.867259655108479 ], [ -76.636211825295121, 7.867405760666222 ] ], [ [ -76.636642475230218, 7.867131799253127 ], [ -76.636659912830424, 7.86697044511578 ], [ -76.636567766726472, 7.867042043684345 ], [ -76.636642475230218, 7.867131799253127 ] ] ], [ [ [ -76.639411997215845, 7.869334111698093 ], [ -76.637822000683599, 7.870996148201087 ], [ -76.635763402203835, 7.871275696350506 ], [ -76.635614450864821, 7.871619400505739 ], [ -76.634130545152246, 7.871084183286158 ], [ -76.63430997610719, 7.870670096852123 ], [ -76.635888335452776, 7.871016120769204 ], [ -76.636395027193998, 7.869280721789851 ], [ -76.637773659401262, 7.869070210430309 ], [ -76.639411997215845, 7.869334111698093 ] ] ], [ [ [ -76.641835847860094, 7.896447950643035 ], [ -76.641094222313001, 7.897199046481372 ], [ -76.64025102160582, 7.896343990626212 ], [ -76.640785466040285, 7.895640863712447 ], [ -76.641835847860094, 7.896447950643035 ] ] ], [ [ [ -76.644898932651898, 7.824583268495085 ], [ -76.642782883016068, 7.82538858799202 ], [ -76.642440478920278, 7.824853882984213 ], [ -76.642411152208766, 7.823713615135872 ], [ -76.644217298396399, 7.822331485938086 ], [ -76.644898932651898, 7.824583268495085 ] ] ], [ [ [ -76.651326980629534, 7.821699620817132 ], [ -76.65094743079716, 7.822594396345542 ], [ -76.653078366501148, 7.823062333939284 ], [ -76.65278669843417, 7.826660831594721 ], [ -76.651163582994428, 7.826688831022068 ], [ -76.650132404412091, 7.825409969975022 ], [ -76.648716605233702, 7.825203387114641 ], [ -76.647941763025941, 7.828283653415453 ], [ -76.64974827740636, 7.828661895724753 ], [ -76.649677827611896, 7.829078848671076 ], [ -76.648413764727437, 7.828812833033025 ], [ -76.647800622433422, 7.829557049463057 ], [ -76.647082552449518, 7.829404865981473 ], [ -76.646219777136665, 7.832487337643526 ], [ -76.645019422024703, 7.8318968635823 ], [ -76.645689420618993, 7.829367933152733 ], [ -76.645341461096081, 7.829227250801799 ], [ -76.645413940939349, 7.828658241242461 ], [ -76.645926944107671, 7.828607702144175 ], [ -76.646047943661728, 7.828150205179017 ], [ -76.647434793483328, 7.828506741962197 ], [ -76.648564833933122, 7.824645266935723 ], [ -76.647750265433913, 7.823952628094958 ], [ -76.648281472074459, 7.822922201316572 ], [ -76.648903855253408, 7.82298473530857 ], [ -76.649233749358999, 7.821711100790781 ], [ -76.65053657506455, 7.822126376595304 ], [ -76.650733248296589, 7.821490361841119 ], [ -76.651326980629534, 7.821699620817132 ] ] ], [ [ [ -76.651603531019816, 7.875114851735139 ], [ -76.64981774616264, 7.877485025477383 ], [ -76.64790870457503, 7.880978363009935 ], [ -76.647787841324103, 7.88197772634194 ], [ -76.648445201503208, 7.881650791097696 ], [ -76.648757703479234, 7.882249728694363 ], [ -76.648385978038363, 7.882578988824632 ], [ -76.647100764103357, 7.882689896032571 ], [ -76.645938532062814, 7.88235625251751 ], [ -76.645812096740457, 7.882010782000487 ], [ -76.647462366996692, 7.878240781274362 ], [ -76.649684037989999, 7.874448115059928 ], [ -76.650574434356628, 7.873890396267807 ], [ -76.651603531019816, 7.875114851735139 ] ], [ [ -76.648394589491758, 7.878131414154117 ], [ -76.648205064833761, 7.878093284232665 ], [ -76.648288048074818, 7.878212953321732 ], [ -76.648394589491758, 7.878131414154117 ] ], [ [ -76.650881985866192, 7.875177150488927 ], [ -76.650598078578511, 7.875172002539871 ], [ -76.650849002521042, 7.87528627457018 ], [ -76.650881985866192, 7.875177150488927 ] ] ], [ [ [ -76.656359670206172, 7.796966953767667 ], [ -76.655819150575184, 7.801025433811138 ], [ -76.655559352144749, 7.801086679197484 ], [ -76.655571766715269, 7.80254982473528 ], [ -76.653095526121803, 7.802239390921293 ], [ -76.652300793240855, 7.801829162274655 ], [ -76.652135160506205, 7.802432887967491 ], [ -76.651792138129139, 7.802398290628419 ], [ -76.65194811643984, 7.800588765308616 ], [ -76.650041486317519, 7.800228188666342 ], [ -76.648260151914158, 7.799371557963537 ], [ -76.648328949535042, 7.799063445750007 ], [ -76.648985606698901, 7.798908202825134 ], [ -76.649302912231022, 7.798231404054396 ], [ -76.652311560014482, 7.797986206440386 ], [ -76.652568887722609, 7.796010131818403 ], [ -76.655812290678128, 7.796504342522398 ], [ -76.655800157376177, 7.797071902725031 ], [ -76.656359670206172, 7.796966953767667 ] ] ], [ [ [ -76.654895969525228, 7.792988127595261 ], [ -76.654175889878132, 7.794129015914388 ], [ -76.653674117923714, 7.793982308379832 ], [ -76.653502767925289, 7.794538831659345 ], [ -76.654022029541395, 7.794690702698831 ], [ -76.654528567963709, 7.794013706958189 ], [ -76.654862422600942, 7.794134458076512 ], [ -76.654469456311745, 7.795347514510461 ], [ -76.652292469937493, 7.795029422058812 ], [ -76.65250402170669, 7.793918123423585 ], [ -76.653229870109627, 7.793719074076398 ], [ -76.653909862958727, 7.792682872790329 ], [ -76.654369487655046, 7.793104973802316 ], [ -76.654895969525228, 7.792988127595261 ] ] ], [ [ [ -76.655479890463653, 7.790279557183661 ], [ -76.654356649874899, 7.792439619550999 ], [ -76.653842319330593, 7.792029138927792 ], [ -76.653540103793404, 7.791019265463555 ], [ -76.653825998753177, 7.790385847889233 ], [ -76.655080212579946, 7.789580093901458 ], [ -76.655479890463653, 7.790279557183661 ] ] ], [ [ [ -76.660758962522351, 7.800960128875257 ], [ -76.659809544534639, 7.803066940377178 ], [ -76.658620803292166, 7.800715257045523 ], [ -76.659085942470469, 7.800433281140825 ], [ -76.659112062068246, 7.799532299034369 ], [ -76.658725768236295, 7.799286076469009 ], [ -76.659334254402381, 7.799150554145881 ], [ -76.660058145378358, 7.799591842866277 ], [ -76.660276676935268, 7.800230867538215 ], [ -76.659259594490265, 7.800779246527338 ], [ -76.659551677224584, 7.801394208159423 ], [ -76.660758962522351, 7.800960128875257 ] ] ], [ [ [ -76.667607351793691, 7.861664628797428 ], [ -76.670333906952507, 7.865094236813172 ], [ -76.669973409024905, 7.865379604673668 ], [ -76.669712240959015, 7.865211364107182 ], [ -76.668170593985252, 7.866686863204846 ], [ -76.666679084956058, 7.867082166144663 ], [ -76.666277458977035, 7.86915956595903 ], [ -76.66555552535722, 7.869323650744497 ], [ -76.665373208530241, 7.86794860034451 ], [ -76.664321094611424, 7.86654684055819 ], [ -76.664688577369347, 7.865950709112674 ], [ -76.664620564578186, 7.864845687107785 ], [ -76.665416364045328, 7.865278461007963 ], [ -76.666627707721474, 7.865314137403299 ], [ -76.66676077199584, 7.863944850433793 ], [ -76.667607351793691, 7.861664628797428 ] ] ], [ [ [ -76.717197339357242, 7.897664389232509 ], [ -76.717535398780115, 7.898182611009153 ], [ -76.716585966287184, 7.898856928792054 ], [ -76.717517962080422, 7.900001430583734 ], [ -76.717260085896328, 7.900259899193657 ], [ -76.716633393217109, 7.89970907036305 ], [ -76.715671431058368, 7.900199857671176 ], [ -76.715178354569474, 7.899814057532271 ], [ -76.714728888119623, 7.900226512353703 ], [ -76.714622332241987, 7.899710824791502 ], [ -76.715564470449948, 7.898607993404003 ], [ -76.714530138461427, 7.898191898444233 ], [ -76.714253758563004, 7.898408894921856 ], [ -76.713730135712424, 7.898021188832907 ], [ -76.714081111780658, 7.897442183596362 ], [ -76.715034209014874, 7.897387058152566 ], [ -76.715548274681211, 7.896340170446345 ], [ -76.715749790884217, 7.896512113210817 ], [ -76.715429679837797, 7.89729174670352 ], [ -76.716309340756581, 7.898541303009245 ], [ -76.717197339357242, 7.897664389232509 ] ] ], [ [ [ -76.73811777211553, 7.902721672244446 ], [ -76.739247645196997, 7.903859198755106 ], [ -76.737107123480698, 7.906161196603629 ], [ -76.736625875890539, 7.907581996639955 ], [ -76.735636844938625, 7.907374941191522 ], [ -76.735531942592885, 7.90618163198141 ], [ -76.73605045561024, 7.905825998654926 ], [ -76.737874554320669, 7.902907464357273 ], [ -76.73811777211553, 7.902721672244446 ] ] ] ] } },
{ "type": "Feature", "properties": { "municipio": "Arboletes", "cod_divipola": "05051", "cod_dpto": "05", "dpto": "ANTIOQUIA", "tipo": "zona_urbana", "fuente": "DANE MGN 2022 - perimetro urbano derivado de manzanas", "area_km2": 2.649, "poblacion_est_2023": 39000 }, "geometry": { "type": "MultiPolygon", "coordinates": [ [ [ [ -76.285344319373635, 8.612376173937552 ], [ -76.285028308415008, 8.613019833170011 ], [ -76.283304456750415, 8.612170132228728 ], [ -76.283037664587596, 8.612425861280014 ], [ -76.281833853160293, 8.611661646837836 ], [ -76.281756911177169, 8.610673629058931 ], [ -76.281005026161438, 8.6102191170851 ], [ -76.280264881333977, 8.61049923926795 ], [ -76.279735672296013, 8.610063808852367 ], [ -76.279973311735418, 8.609359156567967 ], [ -76.284368559532368, 8.611291811911839 ], [ -76.284157391385733, 8.611628641418516 ], [ -76.285344319373635, 8.612376173937552 ] ] ], [ [ [ -76.334777903442927, 8.529131529271455 ], [ -76.333734986496026, 8.530919265192042 ], [ -76.332922605112856, 8.530499683075586 ], [ -76.333208105722633, 8.530099470653846 ], [ -76.332811391637478, 8.529827051073511 ], [ -76.332844957461276, 8.52902861811482 ], [ -76.332120901761812, 8.528314417298098 ], [ -76.332485845099157, 8.527790974827592 ], [ -76.334777903442927, 8.529131529271455 ] ] ], [ [ [ -76.383617848408321, 8.616771164948219 ], [ -76.38306808985898, 8.617616862227754 ], [ -76.38318794897566, 8.617888463080501 ], [ -76.382741281577026, 8.618129867991478 ], [ -76.382507778010705, 8.617914351531786 ], [ -76.380806225868582, 8.618848899928254 ], [ -76.380592374164308, 8.618638460949377 ], [ -76.380398143523095, 8.619055990921147 ], [ -76.380084386613476, 8.61859765923143 ], [ -76.381365775452977, 8.617820401058763 ], [ -76.381005891322971, 8.617218240653381 ], [ -76.380591255644603, 8.617377232648753 ], [ -76.380100171772284, 8.616431741922607 ], [ -76.380450165118489, 8.616158433282278 ], [ -76.3797635387604, 8.614868818719648 ], [ -76.381153876401868, 8.614163093981672 ], [ -76.381348232143978, 8.613703702970966 ], [ -76.381820334270756, 8.613782994861143 ], [ -76.382257318082694, 8.615118919329769 ], [ -76.383617848408321, 8.616771164948219 ] ] ], [ [ [ -76.386754803294878, 8.487246704048456 ], [ -76.38580968328975, 8.488159902820993 ], [ -76.384544655280905, 8.48753759466881 ], [ -76.384349817797101, 8.487749899884523 ], [ -76.383730112965608, 8.48749912946756 ], [ -76.384900435402642, 8.485340101307397 ], [ -76.385599011916156, 8.486304101219837 ], [ -76.38517045177602, 8.486857223553807 ], [ -76.385457472944893, 8.487286688764611 ], [ -76.386181642238043, 8.487397526875851 ], [ -76.386362594256283, 8.487150273591658 ], [ -76.386754803294878, 8.487246704048456 ] ] ], [ [ [ -76.393951344350768, 8.587103648936166 ], [ -76.394169405734928, 8.588477540782181 ], [ -76.393832807508531, 8.58842611683847 ], [ -76.394088625696227, 8.589337010282433 ], [ -76.39351638454427, 8.589888852297104 ], [ -76.392710866211374, 8.589734806904847 ], [ -76.392518374587539, 8.590029830712464 ], [ -76.391584932683955, 8.58963330726227 ], [ -76.391386160445919, 8.590169533209581 ], [ -76.390660646314146, 8.589264617516925 ], [ -76.390734610428325, 8.588437383549243 ], [ -76.39133999905593, 8.588486390000201 ], [ -76.391284604523221, 8.587507385622137 ], [ -76.391911396577214, 8.587676960760087 ], [ -76.392464017299744, 8.587121019973623 ], [ -76.393330985802976, 8.587583510395277 ], [ -76.393951344350768, 8.587103648936166 ] ] ], [ [ [ -76.406995572344485, 8.791478820173362 ], [ -76.407498002216386, 8.791871521078292 ], [ -76.407354422484602, 8.792173714511719 ], [ -76.406423899771553, 8.791933365170411 ], [ -76.405477835410537, 8.792969779486171 ], [ -76.405070397505739, 8.792733449231253 ], [ -76.405460744708435, 8.792089156817605 ], [ -76.4053133614334, 8.791785934460153 ], [ -76.404420675250478, 8.79174759022721 ], [ -76.404260281501763, 8.79119730308374 ], [ -76.404652643676016, 8.791168061650149 ], [ -76.405019613076732, 8.790373025937347 ], [ -76.405391563683438, 8.790487053647444 ], [ -76.40604158043142, 8.790100156821273 ], [ -76.406726109040292, 8.790368301207465 ], [ -76.406995572344485, 8.791478820173362 ] ] ], [ [ [ -76.435973877739713, 8.84711572549671 ], [ -76.436807689392992, 8.848789108414438 ], [ -76.435669935460282, 8.849537890879455 ], [ -76.435584236632948, 8.849994170304781 ], [ -76.435098175213668, 8.849887374189537 ], [ -76.430824784351628, 8.852300847440745 ], [ -76.429802198073574, 8.853099996887245 ], [ -76.42966902445805, 8.853757744595196 ], [ -76.428435104165672, 8.853855433261462 ], [ -76.428175751293807, 8.85500216620555 ], [ -76.426935982662229, 8.855270826367164 ], [ -76.426573044227254, 8.856209672206512 ], [ -76.425572989985284, 8.856158855672415 ], [ -76.425120875306021, 8.855396356956053 ], [ -76.425068560417856, 8.853061362453531 ], [ -76.424628195211952, 8.852518551832324 ], [ -76.424429517967212, 8.852613137057411 ], [ -76.424715729356464, 8.852979062822008 ], [ -76.422631311264908, 8.853383192947671 ], [ -76.422500577593524, 8.85372020710291 ], [ -76.421281992301601, 8.853457957579705 ], [ -76.420785537498631, 8.85380940178578 ], [ -76.419841728044872, 8.852276346719396 ], [ -76.419420462364016, 8.852547489609872 ], [ -76.417130352074508, 8.850873186209764 ], [ -76.42109616934134, 8.847927913999797 ], [ -76.420840192320611, 8.847731950886111 ], [ -76.42105870113356, 8.847441929656119 ], [ -76.41958444753476, 8.845632726814905 ], [ -76.418731772260827, 8.843778019622338 ], [ -76.418666971911691, 8.841950316891822 ], [ -76.419278388454984, 8.8419723832525 ], [ -76.419073880352514, 8.843469958272852 ], [ -76.419772165957241, 8.844776623039094 ], [ -76.420203548753193, 8.845137550125452 ], [ -76.420637853642475, 8.844971205738926 ], [ -76.420450729263663, 8.846089562253066 ], [ -76.420659340531685, 8.846490480132818 ], [ -76.421214420498117, 8.846559203291932 ], [ -76.421729333036751, 8.845990103579126 ], [ -76.421809047765521, 8.846410113432311 ], [ -76.422301982704113, 8.846467299521604 ], [ -76.422827169492834, 8.845524546235925 ], [ -76.423186961992315, 8.845539563782465 ], [ -76.423116618845313, 8.846541483668933 ], [ -76.422410498756207, 8.84717 ], [ -76.423237094831876, 8.84925656736212 ], [ -76.423735127851046, 8.848993995100134 ], [ -76.423908370224396, 8.84831383937836 ], [ -76.424536531259648, 8.848352216121139 ], [ -76.425029897880492, 8.84722998055511 ], [ -76.4246501021603, 8.846970432156086 ], [ -76.425000715676646, 8.845194346683181 ], [ -76.426421686293551, 8.842311737697552 ], [ -76.42715670122665, 8.841970693435723 ], [ -76.427629414105397, 8.840840101636298 ], [ -76.429299551474514, 8.841836305680776 ], [ -76.428157073855473, 8.84448214220731 ], [ -76.431183313282588, 8.845325202178822 ], [ -76.430683634531576, 8.846733544455152 ], [ -76.430876418600761, 8.84697736474161 ], [ -76.431953218497, 8.847377204435629 ], [ -76.432762806951715, 8.846564760807798 ], [ -76.43325705059253, 8.849183391696668 ], [ -76.434908990522217, 8.847514069068632 ], [ -76.433991611544982, 8.84652761674743 ], [ -76.433953266611596, 8.846199229278545 ], [ -76.434314380399982, 8.846000904155225 ], [ -76.43541134670528, 8.847236989287186 ], [ -76.435973877739713, 8.84711572549671 ] ], [ [ -76.424871998443862, 8.849775047427812 ], [ -76.424865943381491, 8.849605379398108 ], [ -76.424771762459415, 8.849693394800873 ], [ -76.424871998443862, 8.849775047427812 ] ], [ [ -76.427454850779185, 8.845969440371334 ], [ -76.426604201395378, 8.84757771732682 ], [ -76.426707232923704, 8.847824628640851 ], [ -76.427085538375522, 8.847182936777966 ], [ -76.427454850779185, 8.845969440371334 ] ], [ [ -76.426728062030392, 8.846765399355739 ], [ -76.426715934173302, 8.846957435376247 ], [ -76.426831493188743, 8.846870412169784 ], [ -76.426728062030392, 8.846765399355739 ] ] ], [ [ [ -76.424785334031995, 8.67362062991214 ], [ -76.424562228598646, 8.674287100938034 ], [ -76.425028786606362, 8.67425214270675 ], [ -76.425121145858427, 8.674556485982389 ], [ -76.423971635844509, 8.674939830496252 ], [ -76.423363894552423, 8.674729459399401 ], [ -76.422644722811299, 8.675619336602885 ], [ -76.422093050305051, 8.675400437593119 ], [ -76.423118573394348, 8.672903700959605 ], [ -76.423736409478479, 8.673315985099753 ], [ -76.424878544647711, 8.672332020135068 ], [ -76.424550330364312, 8.673468970800553 ], [ -76.424785334031995, 8.67362062991214 ] ] ], [ [ [ -76.446459875004578, 8.580257000404014 ], [ -76.445713567736036, 8.581219573500627 ], [ -76.445024093744962, 8.580629403578758 ], [ -76.44192400661133, 8.581214163001016 ], [ -76.441875208918447, 8.581602843687083 ], [ -76.441524656959388, 8.581631710597007 ], [ -76.440991218054677, 8.582404014694482 ], [ -76.441013609051737, 8.582844514373459 ], [ -76.440292530611728, 8.582853635730991 ], [ -76.44053977987528, 8.583262178870164 ], [ -76.440094477218736, 8.584159389051131 ], [ -76.439690494993457, 8.584153946515439 ], [ -76.439674075687975, 8.582071090277621 ], [ -76.438310500767201, 8.582043969071465 ], [ -76.439077920184261, 8.581835814730416 ], [ -76.439409159494915, 8.581411837045559 ], [ -76.439356169370939, 8.578770469690078 ], [ -76.439588934778982, 8.578763855986288 ], [ -76.439764879355351, 8.580094854499407 ], [ -76.441396909304885, 8.579911338335586 ], [ -76.441541845558703, 8.580724587369172 ], [ -76.442760633250487, 8.580648899275744 ], [ -76.442863432201889, 8.580211207834212 ], [ -76.445418154242432, 8.5796401825242 ], [ -76.445667706414866, 8.579866746856533 ], [ -76.446298480444099, 8.579510159170015 ], [ -76.446459875004578, 8.580257000404014 ] ] ], [ [ [ -76.439392697945408, 8.585251342665993 ], [ -76.440215891935026, 8.585229007241454 ], [ -76.439011009074108, 8.585395961622103 ], [ -76.439392697945408, 8.585251342665993 ] ] ], [ [ [ -76.441164819635446, 8.584259508239157 ], [ -76.441023666661707, 8.583468617252235 ], [ -76.441880836243257, 8.583213300934021 ], [ -76.442086711425205, 8.584120805528988 ], [ -76.441164819635446, 8.584259508239157 ] ] ], [ [ [ -76.452105925369835, 8.658807751835214 ], [ -76.45302629373397, 8.658818572854914 ], [ -76.452980097576571, 8.659429660972666 ], [ -76.45262137181868, 8.659515503969388 ], [ -76.452353293063453, 8.660574810175682 ], [ -76.451436064795431, 8.660324214667391 ], [ -76.451492932315162, 8.659785822110356 ], [ -76.450463238397148, 8.659737626331884 ], [ -76.450036565301886, 8.659928767880151 ], [ -76.45003375855066, 8.661069541268057 ], [ -76.449474465659975, 8.661002443494345 ], [ -76.449825947659619, 8.660241644666476 ], [ -76.448411126852804, 8.659143972366408 ], [ -76.446719912274645, 8.659660543352073 ], [ -76.447484154956229, 8.659127010171288 ], [ -76.448249176867677, 8.657898995889436 ], [ -76.44864539942445, 8.656625068784075 ], [ -76.448420709541054, 8.656405121727602 ], [ -76.449163712492975, 8.65468855667571 ], [ -76.449627942842099, 8.655021816747015 ], [ -76.449991996140042, 8.654541771188516 ], [ -76.450335275572442, 8.654737261640784 ], [ -76.451138019583809, 8.653850198251877 ], [ -76.45143890505986, 8.653953768028815 ], [ -76.451879842202217, 8.655938475503516 ], [ -76.451507364440573, 8.65720377698065 ], [ -76.452216769709509, 8.657349271101397 ], [ -76.452419803687405, 8.657761970811954 ], [ -76.452105925369835, 8.658807751835214 ] ] ], [ [ [ -76.453926806809633, 8.653508681657009 ], [ -76.453594680504565, 8.653969173587635 ], [ -76.452080761120655, 8.652984904649799 ], [ -76.452756318871621, 8.65236113162794 ], [ -76.453926806809633, 8.653508681657009 ] ] ], [ [ [ -76.477039474544995, 8.617545935993913 ], [ -76.476304098521453, 8.618219475830434 ], [ -76.476008261865843, 8.617828543861158 ], [ -76.475709122352725, 8.617956661164648 ], [ -76.4746407008967, 8.616404867016174 ], [ -76.474890821218182, 8.616176336186964 ], [ -76.47444239308048, 8.615460717943096 ], [ -76.475826371895451, 8.614040432145801 ], [ -76.476149898356766, 8.614449363793907 ], [ -76.475852960196292, 8.614830209838807 ], [ -76.476429613411753, 8.615716643966516 ], [ -76.476140825017424, 8.616249168169885 ], [ -76.477039474544995, 8.617545935993913 ] ] ], [ [ [ -76.512297616126034, 8.624980727324429 ], [ -76.512158005123652, 8.62566 ], [ -76.511354727823516, 8.625469436436857 ], [ -76.511042134082331, 8.625901210921121 ], [ -76.51122164581021, 8.626991165226725 ], [ -76.51169990641587, 8.627490368300879 ], [ -76.511072425304647, 8.627809701005821 ], [ -76.5099623832525, 8.627668388454998 ], [ -76.509163905267187, 8.627101056899551 ], [ -76.508140894856325, 8.627420604127414 ], [ -76.507916051669042, 8.627858950925894 ], [ -76.506242771902208, 8.627938808503679 ], [ -76.505890687719798, 8.627504843484179 ], [ -76.506052048166055, 8.627075871081145 ], [ -76.504220165594276, 8.626231698434491 ], [ -76.504715097040233, 8.625430756696591 ], [ -76.506082106671002, 8.626094209418337 ], [ -76.505947138316529, 8.626489546863239 ], [ -76.506799172666419, 8.626951405121826 ], [ -76.508063637055727, 8.62705635934298 ], [ -76.509034023479728, 8.625490989339774 ], [ -76.509092318420784, 8.624000936767134 ], [ -76.509978049113869, 8.623280192320607 ], [ -76.512174087996016, 8.623965940160593 ], [ -76.51192702702879, 8.624825668015099 ], [ -76.512297616126034, 8.624980727324429 ] ] ] ] } },
{ "type": "Feature", "properties": { "municipio": "Carepa", "cod_divipola": "05147", "cod_dpto": "05", "dpto": "ANTIOQUIA", "tipo": "zona_urbana", "fuente": "DANE MGN 2022 - perimetro urbano derivado de manzanas", "area_km2": 3.592, "poblacion_est_2023": 55000 }, "geometry": { "type": "MultiPolygon", "coordinates": [ [ [ [ -76.508819898573947, 7.800619721356822 ], [ -76.508514563317561, 7.801773565769408 ], [ -76.507395858369776, 7.802334004167983 ], [ -76.507275926087587, 7.800575926087721 ], [ -76.508527304486606, 7.800211465361246 ], [ -76.508819898573947, 7.800619721356822 ] ] ], [ [ [ -76.558927923139919, 7.744438427995752 ], [ -76.558879382465548, 7.744737553334701 ], [ -76.557559476583691, 7.745133168904876 ], [ -76.558093985150464, 7.746224169601884 ], [ -76.556149151845133, 7.74735988994679 ], [ -76.555607385581681, 7.74733539376481 ], [ -76.555237199670472, 7.746497220084714 ], [ -76.554563278031182, 7.746170803886607 ], [ -76.554758171601293, 7.744956898499417 ], [ -76.554230116596699, 7.744460983472796 ], [ -76.554456725295793, 7.744200367551691 ], [ -76.55474041107523, 7.744385663422299 ], [ -76.554806020150622, 7.74402050352135 ], [ -76.555603938079045, 7.744124734711286 ], [ -76.555940018253054, 7.743680096580358 ], [ -76.55660749764931, 7.743930505598641 ], [ -76.556465690236237, 7.744665967808378 ], [ -76.557077363226043, 7.744691501368591 ], [ -76.557330663439799, 7.745040139699173 ], [ -76.558123040203355, 7.744061358232415 ], [ -76.558927923139919, 7.744438427995752 ] ] ], [ [ [ -76.560567299667113, 7.744681289152658 ], [ -76.560527566588249, 7.745479355585765 ], [ -76.559831704607532, 7.746128088162522 ], [ -76.559552292766426, 7.744550918016867 ], [ -76.560567299667113, 7.744681289152658 ] ] ], [ [ [ -76.662887548805514, 7.757159407314615 ], [ -76.663159894159236, 7.757677276063152 ], [ -76.660333701557278, 7.757728891998464 ], [ -76.659665064153941, 7.760816202496752 ], [ -76.660759856718457, 7.760581337003694 ], [ -76.659899284564759, 7.76415760291211 ], [ -76.658648690198646, 7.763671690155175 ], [ -76.657140462972094, 7.763957455723227 ], [ -76.656261522730532, 7.76218137034148 ], [ -76.655071547243693, 7.761760232905826 ], [ -76.653297189139465, 7.762468769794682 ], [ -76.650863945386263, 7.762827936652688 ], [ -76.650236663374386, 7.764200828956256 ], [ -76.649688249933064, 7.764629832365981 ], [ -76.649223388922209, 7.764380953522418 ], [ -76.64914132325201, 7.763772567513533 ], [ -76.650442324083926, 7.762299730374033 ], [ -76.65059, 7.7612878271 ], [ -76.650372537391462, 7.759442136274052 ], [ -76.649707999338077, 7.758097798574431 ], [ -76.647479350636644, 7.757224453834206 ], [ -76.646787261534627, 7.759630289146203 ], [ -76.64634313333211, 7.760009875923966 ], [ -76.645183042774974, 7.760118672483258 ], [ -76.644632808933267, 7.759669939077147 ], [ -76.643594678428144, 7.757560460810685 ], [ -76.639905629369963, 7.757303762999883 ], [ -76.640057137630109, 7.756206831310641 ], [ -76.639608542605075, 7.755129601910011 ], [ -76.639191530665485, 7.754957421617205 ], [ -76.639429142691895, 7.754137864565431 ], [ -76.639230298978859, 7.753987574527764 ], [ -76.639348587788504, 7.753600146609273 ], [ -76.640585912894039, 7.753854727800315 ], [ -76.641072896839802, 7.752970304922195 ], [ -76.642591365499598, 7.753373657120477 ], [ -76.643113029359853, 7.754379736843186 ], [ -76.647481525339671, 7.755243326605576 ], [ -76.648448024443127, 7.753287409389035 ], [ -76.647502493439902, 7.753109472209905 ], [ -76.647255508622649, 7.751166353702061 ], [ -76.64818070260668, 7.751493244282786 ], [ -76.648124481796117, 7.752100361568526 ], [ -76.648737005906511, 7.752219655444012 ], [ -76.648556626706196, 7.753211164542168 ], [ -76.649642695201564, 7.753043241425143 ], [ -76.649523581352312, 7.752015978040355 ], [ -76.648329416776477, 7.750794847168651 ], [ -76.647561654111115, 7.750437726252624 ], [ -76.648112944580262, 7.748909736960234 ], [ -76.648974427580271, 7.749130286525633 ], [ -76.649123427332242, 7.747661210415449 ], [ -76.650540087417212, 7.748067747168658 ], [ -76.650371222556288, 7.747422838906926 ], [ -76.651117933489658, 7.745834174801952 ], [ -76.652326581192554, 7.746462283629738 ], [ -76.652581872700594, 7.745810180057108 ], [ -76.657396209585542, 7.746881086329132 ], [ -76.657427346969129, 7.747590074965436 ], [ -76.659505371746917, 7.748007356511859 ], [ -76.659579065411307, 7.748705717896717 ], [ -76.65920028661921, 7.748711471024606 ], [ -76.658862446010446, 7.749989393728701 ], [ -76.659459721879259, 7.750217338785494 ], [ -76.659099036350753, 7.751685540836854 ], [ -76.660759841338717, 7.752238467036183 ], [ -76.660055383735596, 7.755262093784888 ], [ -76.661505735292138, 7.755597802425764 ], [ -76.661308160862148, 7.756935515293763 ], [ -76.662887548805514, 7.757159407314615 ] ], [ [ -76.64946594493243, 7.755669147641201 ], [ -76.649653631143266, 7.755714295919076 ], [ -76.64958014233757, 7.75560327523169 ], [ -76.64946594493243, 7.755669147641201 ] ], [ [ -76.649709406884597, 7.755413512840089 ], [ -76.649650044620557, 7.754910596384793 ], [ -76.649601762883137, 7.755458771420212 ], [ -76.649709406884597, 7.755413512840089 ] ], [ [ -76.649845848985876, 7.75315644827453 ], [ -76.650042408052215, 7.753020943932834 ], [ -76.649827907221479, 7.753041521722966 ], [ -76.649845848985876, 7.75315644827453 ] ], [ [ -76.651197138654709, 7.755754240285636 ], [ -76.651476547878872, 7.755021638963639 ], [ -76.650510226485693, 7.754866364083286 ], [ -76.651265597776316, 7.755207630894279 ], [ -76.651197138654709, 7.755754240285636 ] ], [ [ -76.650671852440723, 7.749964933522295 ], [ -76.650566700405591, 7.7498398952695 ], [ -76.65055663933444, 7.749954593474279 ], [ -76.650671852440723, 7.749964933522295 ] ], [ [ -76.650674562718692, 7.756830779103356 ], [ -76.650604394177677, 7.756645466847957 ], [ -76.650559205005621, 7.756801353030378 ], [ -76.650674562718692, 7.756830779103356 ] ], [ [ -76.652007464941278, 7.751534951793666 ], [ -76.652168765239196, 7.751572937637977 ], [ -76.652107880466161, 7.751473085089518 ], [ -76.652007464941278, 7.751534951793666 ] ], [ [ -76.653163543978934, 7.753489842449631 ], [ -76.653074044183683, 7.753002792997193 ], [ -76.653058865813165, 7.753536947476744 ], [ -76.653163543978934, 7.753489842449631 ] ], [ [ -76.654099979250759, 7.746787611475422 ], [ -76.653899213378509, 7.746652954492438 ], [ -76.653897313766606, 7.746765113449917 ], [ -76.654099979250759, 7.746787611475422 ] ], [ [ -76.654120740691027, 7.747621070080715 ], [ -76.653988805592164, 7.747429934308415 ], [ -76.653974753529894, 7.747632808433823 ], [ -76.654120740691027, 7.747621070080715 ] ], [ [ -76.655529400583916, 7.760747464228588 ], [ -76.655492359679656, 7.759444395571267 ], [ -76.655434367650315, 7.760833598807004 ], [ -76.655529400583916, 7.760747464228588 ] ], [ [ -76.655618846712358, 7.759353534989835 ], [ -76.655497434793674, 7.758582725964548 ], [ -76.655525358557114, 7.759418648764454 ], [ -76.655618846712358, 7.759353534989835 ] ], [ [ -76.655686934197846, 7.758076000627473 ], [ -76.655535429482782, 7.758185671741495 ], [ -76.655662417103329, 7.758221987752246 ], [ -76.655686934197846, 7.758076000627473 ] ], [ [ -76.655601023287616, 7.757777437643011 ], [ -76.65572084455944, 7.757633565899345 ], [ -76.655608135410489, 7.757634607722101 ], [ -76.655601023287616, 7.757777437643011 ] ], [ [ -76.655649513102119, 7.757058407525528 ], [ -76.65582046167691, 7.75695645188546 ], [ -76.655663906255612, 7.756865487956126 ], [ -76.655649513102119, 7.757058407525528 ] ], [ [ -76.655827122283512, 7.756541623451112 ], [ -76.65572144224997, 7.755788256024132 ], [ -76.655725815271296, 7.756599692470861 ], [ -76.655827122283512, 7.756541623451112 ] ], [ [ -76.65577944291735, 7.755090541905006 ], [ -76.65586879983843, 7.755245268390874 ], [ -76.655889789049908, 7.75510885206623 ], [ -76.65577944291735, 7.755090541905006 ] ], [ [ -76.655952855407222, 7.754933892277451 ], [ -76.655800429088956, 7.7545929206777 ], [ -76.655816488413151, 7.755005378765572 ], [ -76.655952855407222, 7.754933892277451 ] ], [ [ -76.655916645338479, 7.754041069584227 ], [ -76.655908433811106, 7.754207672720053 ], [ -76.655993437957463, 7.754128818296057 ], [ -76.655916645338479, 7.754041069584227 ] ], [ [ -76.656001258075889, 7.75393771622967 ], [ -76.65590650826438, 7.753382055694551 ], [ -76.655897942577667, 7.753982319101302 ], [ -76.656001258075889, 7.75393771622967 ] ], [ [ -76.656107028390807, 7.752365629011622 ], [ -76.655902651409974, 7.752385337782965 ], [ -76.655977022312499, 7.753058771007042 ], [ -76.65607833944344, 7.752972411286567 ], [ -76.656107028390807, 7.752365629011622 ] ], [ [ -76.656531536290089, 7.751242992248957 ], [ -76.65614286499229, 7.750997922931433 ], [ -76.656048354779259, 7.751130832218534 ], [ -76.656531536290089, 7.751242992248957 ] ], [ [ -76.65635842534742, 7.749024099442729 ], [ -76.656191582357621, 7.749155832667588 ], [ -76.656287631337904, 7.749218032915644 ], [ -76.65635842534742, 7.749024099442729 ] ], [ [ -76.656419625419218, 7.748292085931566 ], [ -76.656211422111269, 7.748563463270271 ], [ -76.656333302881748, 7.748647529504986 ], [ -76.656419625419218, 7.748292085931566 ] ], [ [ -76.656346493699161, 7.748045569631394 ], [ -76.656381644071203, 7.747888017284241 ], [ -76.656286385793535, 7.747948378448375 ], [ -76.656346493699161, 7.748045569631394 ] ], [ [ -76.657161249875983, 7.752656852091456 ], [ -76.656638824117252, 7.752451475759608 ], [ -76.656501204571768, 7.752508651406931 ], [ -76.656992776620498, 7.752781293555466 ], [ -76.657161249875983, 7.752656852091456 ] ], [ [ -76.657191291439602, 7.751351810998879 ], [ -76.656822893200001, 7.75112 ], [ -76.656718287375938, 7.751201331175406 ], [ -76.657191291439602, 7.751351810998879 ] ], [ [ -76.658684534628065, 7.751559975713815 ], [ -76.658403466752617, 7.751729948857147 ], [ -76.658564323790486, 7.751825595749273 ], [ -76.658684534628065, 7.751559975713815 ] ], [ [ -76.658778775002617, 7.752786038124049 ], [ -76.658672923321674, 7.752455773219301 ], [ -76.658668274693994, 7.752809689584972 ], [ -76.658778775002617, 7.752786038124049 ] ], [ [ -76.658906022538957, 7.760889518234347 ], [ -76.658671332187325, 7.761658966606247 ], [ -76.658921103631258, 7.761632744679878 ], [ -76.658906022538957, 7.760889518234347 ] ], [ [ -76.659149863780058, 7.75983830662239 ], [ -76.659442504160964, 7.759603428442116 ], [ -76.659136078015607, 7.759408274801893 ], [ -76.658880273390409, 7.760308233146442 ], [ -76.659135245077678, 7.760589197233507 ], [ -76.659149863780058, 7.75983830662239 ] ], [ [ -76.659631190198084, 7.757607010090099 ], [ -76.659409707630033, 7.757813283121469 ], [ -76.659245976163547, 7.759024078916335 ], [ -76.659551291599996, 7.758942371550023 ], [ -76.659631190198084, 7.757607010090099 ] ], [ [ -76.659752476609327, 7.75705049028772 ], [ -76.659636502085988, 7.756901871728768 ], [ -76.659634544884909, 7.757044061303651 ], [ -76.659752476609327, 7.75705049028772 ] ], [ [ -76.659883892410221, 7.753484585817846 ], [ -76.659817559417363, 7.7532673355178 ], [ -76.6597167609862, 7.753375587185452 ], [ -76.659883892410221, 7.753484585817846 ] ] ], [ [ [ -76.644518626381625, 7.751232063832774 ], [ -76.644414365285272, 7.753419419025937 ], [ -76.642771304084135, 7.753257908891862 ], [ -76.641842166825569, 7.752628850935574 ], [ -76.641932633551235, 7.751580283320517 ], [ -76.643278374084431, 7.751693080229898 ], [ -76.644518626381625, 7.751232063832774 ] ] ], [ [ [ -76.652362870129792, 7.787520299422674 ], [ -76.652306286307876, 7.788188883912426 ], [ -76.650643935539449, 7.788310372685125 ], [ -76.650110974121205, 7.790886603633693 ], [ -76.648917675280103, 7.791009769740143 ], [ -76.648213620400327, 7.790651298852934 ], [ -76.648213620174147, 7.789688687276537 ], [ -76.64890318287911, 7.789558664974269 ], [ -76.648191086329135, 7.789456209585525 ], [ -76.647870192297717, 7.788338049254732 ], [ -76.648278842638788, 7.787833510946119 ], [ -76.648526991114068, 7.788340467312501 ], [ -76.649816811998917, 7.788411699231983 ], [ -76.650395827809064, 7.788321654831628 ], [ -76.650615358093162, 7.78759064880759 ], [ -76.652362870129792, 7.787520299422674 ] ] ], [ [ [ -76.655501032478512, 7.78794744381497 ], [ -76.654923999307641, 7.788226267401614 ], [ -76.654901548529907, 7.788636217602676 ], [ -76.654392942183662, 7.788754253147632 ], [ -76.654409621714805, 7.789334956859308 ], [ -76.654699814429179, 7.789418083459602 ], [ -76.654518544136678, 7.78989727208822 ], [ -76.653489660395863, 7.790802573537056 ], [ -76.653689397447266, 7.792545638844259 ], [ -76.653247561844267, 7.793399367257872 ], [ -76.652803334739289, 7.793749622702729 ], [ -76.652330603267416, 7.793537545873344 ], [ -76.652402880935313, 7.792749851108312 ], [ -76.652914027911862, 7.792626487851592 ], [ -76.653679975135077, 7.788308223692274 ], [ -76.653000196376084, 7.788102025024936 ], [ -76.653503909241238, 7.786578291243542 ], [ -76.653921239913487, 7.786593581669667 ], [ -76.654050304893815, 7.786918496106047 ], [ -76.655471475386491, 7.786693736115811 ], [ -76.655501032478512, 7.78794744381497 ] ] ], [ [ [ -76.661617269790014, 7.788930106155158 ], [ -76.661260070423637, 7.790599904288958 ], [ -76.660442278620877, 7.789869075939968 ], [ -76.660751445728621, 7.788622029104315 ], [ -76.661617269790014, 7.788930106155158 ] ] ], [ [ [ -76.706146068524731, 7.814032584312333 ], [ -76.705905653234865, 7.814802284632449 ], [ -76.705221671038913, 7.815119946780154 ], [ -76.703171921511796, 7.814438203356813 ], [ -76.702083055838585, 7.813670454980945 ], [ -76.702343014815128, 7.813047054414551 ], [ -76.701712306470213, 7.812419108920792 ], [ -76.701731667024831, 7.811982227660926 ], [ -76.704147703308152, 7.813114731616507 ], [ -76.704948861378071, 7.812882165277569 ], [ -76.706146068524731, 7.814032584312333 ] ] ], [ [ [ -76.711835004893658, 7.747926921315125 ], [ -76.713389352305555, 7.7514353286592 ], [ -76.713155367648596, 7.751629170025817 ], [ -76.712715941623429, 7.750976714434806 ], [ -76.711460269198369, 7.751237356097994 ], [ -76.710852075678758, 7.75036864270702 ], [ -76.710300744609768, 7.751066752891498 ], [ -76.709884694733546, 7.75105272954491 ], [ -76.709651899280274, 7.7507717091266 ], [ -76.710554404464801, 7.749509022745484 ], [ -76.708501656111395, 7.74703771441561 ], [ -76.709047169071908, 7.745944785456156 ], [ -76.710018529483591, 7.745942743028401 ], [ -76.709516683247287, 7.747141018601177 ], [ -76.711835004893658, 7.747926921315125 ] ] ], [ [ [ -76.713620795725973, 7.818123274409436 ], [ -76.714538809209415, 7.820376497383482 ], [ -76.713568919004587, 7.82096778499931 ], [ -76.713148486809203, 7.820489174347639 ], [ -76.712169105853704, 7.820326661212159 ], [ -76.712203851413392, 7.818138373790729 ], [ -76.712706393199994, 7.81839 ], [ -76.713620795725973, 7.818123274409436 ] ] ], [ [ [ -76.735350057373665, 7.847479791486728 ], [ -76.734012574536536, 7.84828846772156 ], [ -76.734025916348401, 7.845858195897512 ], [ -76.732109997665546, 7.846979900814241 ], [ -76.731631299217881, 7.845933185037891 ], [ -76.733827441279388, 7.844181536058819 ], [ -76.73381338208344, 7.845592281825231 ], [ -76.734075658780341, 7.845320576514252 ], [ -76.734503716133503, 7.845440245828195 ], [ -76.734994998799692, 7.845946924620112 ], [ -76.734882974596076, 7.846794829316247 ], [ -76.735350057373665, 7.847479791486728 ] ] ], [ [ [ -76.739614067605984, 7.84592052050848 ], [ -76.74036248918874, 7.847535494560709 ], [ -76.73877613943867, 7.848439525078977 ], [ -76.737800504095247, 7.846795998442365 ], [ -76.739614067605984, 7.84592052050848 ] ] ], [ [ [ -76.744170800524728, 7.850786879687631 ], [ -76.742308234639196, 7.85112605741248 ], [ -76.741573347257244, 7.850351258685623 ], [ -76.741794994942936, 7.850128148477098 ], [ -76.741203702308866, 7.848808578258891 ], [ -76.741750248079128, 7.848562932353987 ], [ -76.742529404853883, 7.850221743823987 ], [ -76.743546937777708, 7.849861364708806 ], [ -76.744170800524728, 7.850786879687631 ] ] ], [ [ [ -76.75784607402862, 7.842115506842166 ], [ -76.757995139962915, 7.842342926891624 ], [ -76.756181874440514, 7.844045599654548 ], [ -76.757878269969481, 7.846122089608004 ], [ -76.757396158431845, 7.846671952165552 ], [ -76.756781419049801, 7.846067147603525 ], [ -76.757000878594383, 7.845685569923127 ], [ -76.755825912843321, 7.844721717436628 ], [ -76.754494906615648, 7.845697491458384 ], [ -76.756217956033169, 7.84760141296167 ], [ -76.755785105593503, 7.848213253113848 ], [ -76.753860665250315, 7.846277584226538 ], [ -76.752766383983115, 7.847766078147186 ], [ -76.753912072056693, 7.849346065335725 ], [ -76.752945699278044, 7.848605566543378 ], [ -76.752629307011304, 7.848836787575179 ], [ -76.751836658612405, 7.84813473642148 ], [ -76.75169592428783, 7.848972256341257 ], [ -76.750983779139361, 7.848978678901177 ], [ -76.750974761454771, 7.849483340802572 ], [ -76.750385946576785, 7.849614098877022 ], [ -76.750197919655804, 7.849353932977432 ], [ -76.75784607402862, 7.842115506842166 ] ] ], [ [ [ -76.755556955931397, 7.830911356124225 ], [ -76.755341930210776, 7.831849811750697 ], [ -76.754379561780198, 7.831550772686317 ], [ -76.754086897556519, 7.831829839976617 ], [ -76.753510112520928, 7.831320741545269 ], [ -76.754458641243147, 7.830730142483866 ], [ -76.755006708781252, 7.831119345678376 ], [ -76.755556955931397, 7.830911356124225 ] ] ] ] } },
{ "type": "Feature", "properties": { "municipio": "Chigorodó", "cod_divipola": "05172", "cod_dpto": "05", "dpto": "ANTIOQUIA", "tipo": "zona_urbana", "fuente": "DANE MGN 2022 - perimetro urbano derivado de manzanas", "area_km2": 4.182, "poblacion_est_2023": 71000 }, "geometry": { "type": "MultiPolygon", "coordinates": [ [ [ [ -76.581518492054997, 7.502617798908488 ], [ -76.58122882689068, 7.503036470357563 ], [ -76.58035855798127, 7.501652251050847 ], [ -76.57970253548703, 7.501939884460842 ], [ -76.578960390048138, 7.500773425907319 ], [ -76.579230682606678, 7.499392174587046 ], [ -76.579573182542092, 7.499821909087381 ], [ -76.580235673820084, 7.499627730557013 ], [ -76.579788113259866, 7.500217881643152 ], [ -76.581518492054997, 7.502617798908488 ] ] ], [ [ [ -76.615189965387515, 7.556973181488116 ], [ -76.615619903424971, 7.557080265480266 ], [ -76.615170069599401, 7.558189900390651 ], [ -76.614789735667941, 7.557646797446755 ], [ -76.614081734224285, 7.557389585869005 ], [ -76.612051792043275, 7.55793982843915 ], [ -76.611083640191893, 7.557698841232601 ], [ -76.610200124363132, 7.556618960605482 ], [ -76.613855026922735, 7.557173404012881 ], [ -76.612710148288087, 7.555108573271418 ], [ -76.614155573441678, 7.55459896728315 ], [ -76.613600150271992, 7.553401416298279 ], [ -76.614091779236773, 7.55311017933433 ], [ -76.614439562772588, 7.553626349543463 ], [ -76.61414540473568, 7.553869338402762 ], [ -76.614371138398795, 7.555011648282203 ], [ -76.615189965387515, 7.556973181488116 ] ] ], [ [ [ -76.693567000759316, 7.667020054079977 ], [ -76.691579144218025, 7.668391607608653 ], [ -76.691773026989651, 7.668887193448729 ], [ -76.692279421370159, 7.669105615989021 ], [ -76.692240281618695, 7.671044826325969 ], [ -76.69329895323861, 7.67129393021124 ], [ -76.692724036624583, 7.672174110196965 ], [ -76.691282235956876, 7.671783270516969 ], [ -76.690686206547312, 7.673121559829713 ], [ -76.689235714521871, 7.674759064169891 ], [ -76.688700982212808, 7.67410573665961 ], [ -76.687863774225178, 7.67374 ], [ -76.685867336043103, 7.674599729149385 ], [ -76.684915153323885, 7.67403328841049 ], [ -76.684098264068666, 7.672477685424906 ], [ -76.683083512731187, 7.671709257162801 ], [ -76.681685538513818, 7.67144 ], [ -76.678405767328229, 7.671709429132564 ], [ -76.675176933360092, 7.670256726304433 ], [ -76.673671482516085, 7.670058242689764 ], [ -76.672001130437039, 7.669377838337624 ], [ -76.671065360965088, 7.668833477926745 ], [ -76.669038245937372, 7.666436548952134 ], [ -76.66491871729572, 7.664086631912022 ], [ -76.664920214786079, 7.663387797419272 ], [ -76.667570718960974, 7.664773247236101 ], [ -76.669117853846771, 7.665990691943316 ], [ -76.66991704971764, 7.664800315361463 ], [ -76.671427280837392, 7.665573226845354 ], [ -76.671360576013612, 7.664765664581008 ], [ -76.671736519035889, 7.664724587943274 ], [ -76.671804623779337, 7.664137362208999 ], [ -76.672608150567143, 7.664419300490791 ], [ -76.67309833006972, 7.663588425335685 ], [ -76.672181954552215, 7.662618408674621 ], [ -76.67252984562613, 7.662368941196656 ], [ -76.671770144241933, 7.661328700283246 ], [ -76.672266992593649, 7.66103167855836 ], [ -76.671050264099364, 7.6587274546982 ], [ -76.673520852875058, 7.657631971533632 ], [ -76.672918293426349, 7.655883909981331 ], [ -76.674414109405504, 7.655135961963849 ], [ -76.674879807679389, 7.656528049113897 ], [ -76.67454171678304, 7.656929420133055 ], [ -76.674672388600001, 7.657587092287462 ], [ -76.675094081183261, 7.657946072342081 ], [ -76.675717180732192, 7.65792850346175 ], [ -76.676772145517873, 7.65722 ], [ -76.677645844595048, 7.657841435883218 ], [ -76.679297841371223, 7.657839614778134 ], [ -76.680534805190419, 7.656554888813638 ], [ -76.680520617545497, 7.654952446662226 ], [ -76.680942312796148, 7.65493436770462 ], [ -76.681001687730785, 7.655308574276138 ], [ -76.683088805232302, 7.655686387094806 ], [ -76.683995887963334, 7.655487535863422 ], [ -76.684773405612489, 7.654850391101497 ], [ -76.686988942393356, 7.657433891141488 ], [ -76.685246689095109, 7.658902006298208 ], [ -76.685247430558931, 7.6594493688671 ], [ -76.686848618852508, 7.660662970509289 ], [ -76.686139725443951, 7.661057562987006 ], [ -76.686739413469581, 7.661534369796014 ], [ -76.686082932046645, 7.661854874094375 ], [ -76.685917805932164, 7.662310262276454 ], [ -76.686538044347344, 7.66270159683991 ], [ -76.686180953923696, 7.66323883813171 ], [ -76.68666772296379, 7.663945341699947 ], [ -76.686901891134838, 7.663621823659105 ], [ -76.687977478270781, 7.66340048281886 ], [ -76.687758861801399, 7.66564534791886 ], [ -76.688117622683478, 7.666220453393556 ], [ -76.688916155325956, 7.665750727442384 ], [ -76.689657445337602, 7.664584557896778 ], [ -76.689997128524112, 7.66474959879165 ], [ -76.691462314358432, 7.663530229026198 ], [ -76.691462288261064, 7.664980553701148 ], [ -76.693896541027854, 7.66488892975311 ], [ -76.694359796875105, 7.666842102547694 ], [ -76.693567000759316, 7.667020054079977 ] ], [ [ -76.673933433829987, 7.663441437772431 ], [ -76.674088494573553, 7.663482171251614 ], [ -76.6740317641583, 7.663384901546082 ], [ -76.673933433829987, 7.663441437772431 ] ], [ [ -76.674208597894363, 7.66371243145332 ], [ -76.674363853950382, 7.663668076131537 ], [ -76.674260749385127, 7.663614962534377 ], [ -76.674208597894363, 7.66371243145332 ] ], [ [ -76.675009039210281, 7.6642070738345 ], [ -76.674898934617019, 7.664069209715244 ], [ -76.674885108353664, 7.664181849111494 ], [ -76.675009039210281, 7.6642070738345 ] ], [ [ -76.67939269047001, 7.667841288647059 ], [ -76.675468031530784, 7.664423781179309 ], [ -76.675211850519474, 7.664428996332639 ], [ -76.67939269047001, 7.667841288647059 ] ], [ [ -76.676075045671979, 7.667962810294106 ], [ -76.675970157625088, 7.667782078080739 ], [ -76.675951097601143, 7.667929522782425 ], [ -76.676075045671979, 7.667962810294106 ] ], [ [ -76.676465660599106, 7.662656822706775 ], [ -76.676302275483977, 7.662542585213668 ], [ -76.676308421284929, 7.662699970596558 ], [ -76.676465660599106, 7.662656822706775 ] ], [ [ -76.678353572642806, 7.671054419184657 ], [ -76.678514018020806, 7.671064242654045 ], [ -76.678442313398193, 7.670980887423166 ], [ -76.678353572642806, 7.671054419184657 ] ], [ [ -76.679129803394261, 7.669966928970973 ], [ -76.679338422033965, 7.670053731182919 ], [ -76.679291483785988, 7.669858519096786 ], [ -76.679129803394261, 7.669966928970973 ] ], [ [ -76.679701287609703, 7.66911265047501 ], [ -76.679722475147599, 7.668767800885812 ], [ -76.679326949033822, 7.668705233036959 ], [ -76.679285207986368, 7.668870187413335 ], [ -76.679701287609703, 7.66911265047501 ] ], [ [ -76.679443867437712, 7.670239197214994 ], [ -76.679701578848096, 7.670159917098352 ], [ -76.679475539815158, 7.670129637333497 ], [ -76.679443867437712, 7.670239197214994 ] ], [ [ -76.679684630307321, 7.671111059647806 ], [ -76.679490101985252, 7.671002536172173 ], [ -76.679509937030573, 7.67115855163954 ], [ -76.679684630307321, 7.671111059647806 ] ], [ [ -76.679535566113714, 7.669525927851714 ], [ -76.67970272734658, 7.669421154806258 ], [ -76.679576057710975, 7.669384251683549 ], [ -76.679535566113714, 7.669525927851714 ] ], [ [ -76.680695294368292, 7.670833561622221 ], [ -76.680592465224933, 7.668935587277909 ], [ -76.680300103786237, 7.668600554915911 ], [ -76.680654010200371, 7.668427507157656 ], [ -76.680071377335835, 7.668427936943144 ], [ -76.679591691284202, 7.667967604639556 ], [ -76.680239892334995, 7.669096822073607 ], [ -76.680465759442001, 7.670920115339219 ], [ -76.680695294368292, 7.670833561622221 ] ], [ [ -76.679823417450663, 7.66946482363953 ], [ -76.680023545778468, 7.66951613499811 ], [ -76.679948732147935, 7.669360492177266 ], [ -76.679823417450663, 7.66946482363953 ] ], [ [ -76.681500825144823, 7.669218907051095 ], [ -76.681425496850025, 7.669058339215812 ], [ -76.68137946181254, 7.66916761640337 ], [ -76.681500825144823, 7.669218907051095 ] ], [ [ -76.681591829005455, 7.668035446481666 ], [ -76.681476726028691, 7.66791766827223 ], [ -76.681475419330468, 7.668030928723476 ], [ -76.681591829005455, 7.668035446481666 ] ], [ [ -76.681606488558032, 7.668636846148629 ], [ -76.681464387686177, 7.668553211551364 ], [ -76.681499367901139, 7.668666670560607 ], [ -76.681606488558032, 7.668636846148629 ] ], [ [ -76.682471731148198, 7.669969464092051 ], [ -76.682334094595362, 7.66986393262564 ], [ -76.682340958118701, 7.669975662546479 ], [ -76.682471731148198, 7.669969464092051 ] ], [ [ -76.683439042464002, 7.667455604811307 ], [ -76.683322061313888, 7.667340083407632 ], [ -76.683318891029757, 7.667452913094007 ], [ -76.683439042464002, 7.667455604811307 ] ], [ [ -76.683368910329264, 7.666792911939597 ], [ -76.683520419851916, 7.666738246513257 ], [ -76.683417592245448, 7.666690763352805 ], [ -76.683368910329264, 7.666792911939597 ] ], [ [ -76.683495769492282, 7.665007796867997 ], [ -76.683624010840916, 7.664891746627904 ], [ -76.683498692157826, 7.664890950309733 ], [ -76.683495769492282, 7.665007796867997 ] ], [ [ -76.683509304377381, 7.664381809167321 ], [ -76.68368249477561, 7.664281568938235 ], [ -76.683512152520933, 7.664270355620927 ], [ -76.683509304377381, 7.664381809167321 ] ], [ [ -76.683558597901694, 7.669807959745936 ], [ -76.683936300687364, 7.669676074003497 ], [ -76.683609717728899, 7.669594655737564 ], [ -76.683558597901694, 7.669807959745936 ] ], [ [ -76.684456712564142, 7.666246463684963 ], [ -76.684301321114944, 7.666158640601261 ], [ -76.684337597940186, 7.666276502398551 ], [ -76.684456712564142, 7.666246463684963 ] ], [ [ -76.685239330106498, 7.668861840836269 ], [ -76.685096444432915, 7.668687333364612 ], [ -76.685043002486907, 7.668835797271668 ], [ -76.685239330106498, 7.668861840836269 ] ] ], [ [ [ -76.683250702709543, 7.672273036276744 ], [ -76.684808904218286, 7.674273780921894 ], [ -76.684556144624892, 7.674518917367499 ], [ -76.682073038077618, 7.673379222383638 ], [ -76.685849253302862, 7.683374961517957 ], [ -76.685172968943803, 7.683709684201673 ], [ -76.682907032499699, 7.677852121566819 ], [ -76.678638869715144, 7.676606498487184 ], [ -76.67990131925977, 7.674690113723729 ], [ -76.677550154666605, 7.674181485528826 ], [ -76.678576141068206, 7.672020474327675 ], [ -76.681840846444842, 7.67183987804792 ], [ -76.683250702709543, 7.672273036276744 ] ], [ [ -76.680503239051873, 7.673589046444228 ], [ -76.680533039754778, 7.673831768522946 ], [ -76.680613531396219, 7.673619745202953 ], [ -76.680503239051873, 7.673589046444228 ] ], [ [ -76.680624070283642, 7.672732882697693 ], [ -76.680718179764611, 7.673241247743584 ], [ -76.680734780156641, 7.672711902930813 ], [ -76.680624070283642, 7.672732882697693 ] ] ], [ [ [ -76.686494472031541, 7.649073972607209 ], [ -76.685974536812253, 7.649759391780581 ], [ -76.683843432437442, 7.649765374035115 ], [ -76.682726451884534, 7.651188830836366 ], [ -76.682381534890212, 7.650537433353141 ], [ -76.685583172816976, 7.647631297885228 ], [ -76.686494472031541, 7.649073972607209 ] ] ], [ [ [ -76.697963312824442, 7.662574941889813 ], [ -76.697567343729972, 7.66299706663667 ], [ -76.698363837825568, 7.664024301614811 ], [ -76.698095628749783, 7.664189416221832 ], [ -76.697847133393253, 7.663912685319214 ], [ -76.696916835548294, 7.664518660665595 ], [ -76.695462883337512, 7.664779885361111 ], [ -76.696345923408643, 7.663003679034205 ], [ -76.692910106080078, 7.662640722756935 ], [ -76.694030882841176, 7.66195011685869 ], [ -76.696513396179881, 7.662836241459531 ], [ -76.697190483747804, 7.661750105745304 ], [ -76.697963312824442, 7.662574941889813 ] ] ], [ [ [ -76.696479795325118, 7.644072047353204 ], [ -76.695559084269973, 7.64610988385451 ], [ -76.69492023133148, 7.646022301881671 ], [ -76.695380106015321, 7.644885265683913 ], [ -76.694217457820614, 7.64504973665236 ], [ -76.69331018541304, 7.644668084103545 ], [ -76.696163623514607, 7.643930430172057 ], [ -76.696479795325118, 7.644072047353204 ] ] ], [ [ [ -76.697024381274744, 7.5703650629865 ], [ -76.697497213909841, 7.570560974555865 ], [ -76.6984214426341, 7.570253711733621 ], [ -76.698776536939675, 7.571501081471338 ], [ -76.696264804696284, 7.571682846687699 ], [ -76.69492870543769, 7.567303611473632 ], [ -76.695896150296662, 7.567008361988003 ], [ -76.697024381274744, 7.5703650629865 ] ] ] ] } },
{ "type": "Feature", "properties": { "municipio": "Necoclí", "cod_divipola": "05490", "cod_dpto": "05", "dpto": "ANTIOQUIA", "tipo": "zona_urbana", "fuente": "DANE MGN 2022 - perimetro urbano derivado de manzanas", "area_km2": 6.122, "poblacion_est_2023": 61000 }, "geometry": { "type": "MultiPolygon", "coordinates": [ [ [ [ -76.559482930440964, 8.546265301737055 ], [ -76.559154637348982, 8.546829172945921 ], [ -76.557597081582031, 8.545785138143035 ], [ -76.556671999257361, 8.544488496765686 ], [ -76.556844184071636, 8.544207924132909 ], [ -76.558552436370562, 8.544714466731778 ], [ -76.559287087676424, 8.545459800502021 ], [ -76.559482930440964, 8.546265301737055 ] ] ], [ [ [ -76.567597676856138, 8.455700843419706 ], [ -76.567084875103845, 8.456339298292209 ], [ -76.566451026566114, 8.455896442061517 ], [ -76.56622234657317, 8.456185536112118 ], [ -76.566618811747276, 8.456603494995608 ], [ -76.566515075970528, 8.457343310625994 ], [ -76.56680976009504, 8.457797646068421 ], [ -76.566461090094265, 8.45809652810876 ], [ -76.564950272782696, 8.456898392774114 ], [ -76.564802644571188, 8.457262452375224 ], [ -76.565329360240767, 8.457634614027299 ], [ -76.564461338821133, 8.458492291695945 ], [ -76.564321988809482, 8.459105882121715 ], [ -76.562998049113872, 8.459349807679393 ], [ -76.562472827982361, 8.458940074787099 ], [ -76.563606055870778, 8.457055795466665 ], [ -76.563878826469349, 8.457174947365615 ], [ -76.56479512785107, 8.456573995100065 ], [ -76.566171689877578, 8.454430976986 ], [ -76.566696096598506, 8.452820482992635 ], [ -76.567196540075457, 8.453148928799932 ], [ -76.567124450721707, 8.453655798825011 ], [ -76.567619518188621, 8.454076114684028 ], [ -76.566984841468965, 8.454966751619324 ], [ -76.567597676856138, 8.455700843419706 ] ], [ [ -76.565488539146415, 8.456309461702348 ], [ -76.565621266551446, 8.456409199668975 ], [ -76.565599858165001, 8.456292350381627 ], [ -76.565488539146415, 8.456309461702348 ] ] ], [ [ [ -76.56690189566622, 8.452348388261941 ], [ -76.567205232946392, 8.452010793275035 ], [ -76.56781943640469, 8.452564292950447 ], [ -76.567495372632251, 8.452869353765591 ], [ -76.56690189566622, 8.452348388261941 ] ] ], [ [ [ -76.567990104667956, 8.452470676586861 ], [ -76.568389807679395, 8.452608049113888 ], [ -76.568260607800269, 8.452729891726602 ], [ -76.567990104667956, 8.452470676586861 ] ] ], [ [ [ -76.576496010072404, 8.548017843712826 ], [ -76.575485600985957, 8.549009301905054 ], [ -76.575291971478379, 8.549949803553149 ], [ -76.574752606694659, 8.549899661716793 ], [ -76.574618618058068, 8.548831226379175 ], [ -76.573791061771033, 8.548817779185311 ], [ -76.573828370345069, 8.548312768381631 ], [ -76.571848935099894, 8.547478842936222 ], [ -76.569540427894367, 8.549013673521227 ], [ -76.570267263728226, 8.548114688614271 ], [ -76.571869572322655, 8.547038608609396 ], [ -76.572068820811253, 8.546543511338209 ], [ -76.573102172711984, 8.546638414876698 ], [ -76.573132552852528, 8.546140413011988 ], [ -76.573514635322837, 8.545849116312164 ], [ -76.573291109761428, 8.545503723758021 ], [ -76.573636452335094, 8.545230414105047 ], [ -76.573938284517936, 8.545768130367048 ], [ -76.575714124891803, 8.54661597540659 ], [ -76.575601607692789, 8.546972118309903 ], [ -76.576496010072404, 8.548017843712826 ] ], [ [ -76.573689382446403, 8.546115796359253 ], [ -76.573844279241214, 8.545925033627853 ], [ -76.573654253549591, 8.546009817889651 ], [ -76.573689382446403, 8.546115796359253 ] ] ], [ [ [ -76.618474577794444, 8.367470632391646 ], [ -76.618533882984181, 8.36900952107972 ], [ -76.61791620495265, 8.368830073645862 ], [ -76.617400062274172, 8.370447177117578 ], [ -76.616006613049095, 8.370268018824985 ], [ -76.615920257873682, 8.370597052366527 ], [ -76.615412761567782, 8.370609945889633 ], [ -76.615569614778124, 8.369092158628773 ], [ -76.615321351719572, 8.369006939023667 ], [ -76.615140437267826, 8.367852548941272 ], [ -76.616400693677434, 8.367784131635981 ], [ -76.616453097941744, 8.368697524147731 ], [ -76.617434627524389, 8.368711079391057 ], [ -76.617585322453337, 8.367706558583953 ], [ -76.618000787887993, 8.367855331367842 ], [ -76.618474577794444, 8.367470632391646 ] ] ], [ [ [ -76.61648940691542, 8.367715973811823 ], [ -76.616522875071681, 8.367191422065121 ], [ -76.617378662337714, 8.367343136505282 ], [ -76.617407490694788, 8.367638438952152 ], [ -76.61648940691542, 8.367715973811823 ] ] ], [ [ [ -76.632212728783657, 8.414090066667786 ], [ -76.631515151912907, 8.415262967229566 ], [ -76.631477682631953, 8.416129132920162 ], [ -76.630800154196464, 8.416697121845033 ], [ -76.629133215380392, 8.41608069480114 ], [ -76.629393494909536, 8.414734154120005 ], [ -76.628920213295103, 8.41319782472322 ], [ -76.629588655085556, 8.412243642200654 ], [ -76.630131114910625, 8.413706478158769 ], [ -76.631547623719072, 8.414308103994754 ], [ -76.631803655558841, 8.413991139548253 ], [ -76.632212728783657, 8.414090066667786 ] ], [ [ -76.63056347357697, 8.414733210036099 ], [ -76.630624722698641, 8.414234299077442 ], [ -76.629807140920946, 8.414069921180687 ], [ -76.62976608731401, 8.414528337728443 ], [ -76.63056347357697, 8.414733210036099 ] ] ], [ [ [ -76.639714837431526, 8.683584376871677 ], [ -76.640197135885629, 8.684230135983542 ], [ -76.639294846970159, 8.685303249687308 ], [ -76.638155777686933, 8.686089046481387 ], [ -76.636719047245322, 8.685526611574005 ], [ -76.636353703272363, 8.684829782428825 ], [ -76.635758353464226, 8.685336384645739 ], [ -76.636049917647725, 8.684774800062392 ], [ -76.635630110022618, 8.683089360787557 ], [ -76.635934889960495, 8.682841569462193 ], [ -76.634850128521592, 8.681213631117975 ], [ -76.634868209546482, 8.680021961805487 ], [ -76.634415198585359, 8.679933308754579 ], [ -76.634251834585825, 8.679345962766552 ], [ -76.633784016495895, 8.679411865785715 ], [ -76.633475465392365, 8.678066405972675 ], [ -76.633808169229582, 8.677891844050649 ], [ -76.634337015820421, 8.67858833015911 ], [ -76.634604475824247, 8.678536347406256 ], [ -76.63493421176419, 8.679572683314213 ], [ -76.63550781155071, 8.679571117501428 ], [ -76.635536191661956, 8.680001564991425 ], [ -76.635094771226932, 8.680161804917727 ], [ -76.635127998109525, 8.680873817067992 ], [ -76.635425499005933, 8.680837521317025 ], [ -76.635669402260575, 8.681505541133538 ], [ -76.635492752587012, 8.681833286108779 ], [ -76.636978354560171, 8.681581934529092 ], [ -76.637464118983559, 8.683090326495231 ], [ -76.638611336644232, 8.683312782583481 ], [ -76.638996867622012, 8.682921315569841 ], [ -76.639993852281648, 8.683275711200926 ], [ -76.639714837431526, 8.683584376871677 ] ] ], [ [ [ -76.639334344260035, 8.444572774137001 ], [ -76.639508761645587, 8.444946646792827 ], [ -76.638933025677261, 8.445685052087905 ], [ -76.638218504172613, 8.445570211249834 ], [ -76.638172786271596, 8.445985712533794 ], [ -76.638958650723836, 8.446133042881932 ], [ -76.638685265372786, 8.446692778341063 ], [ -76.638009936485304, 8.446518670662396 ], [ -76.637870738110493, 8.446896755659413 ], [ -76.637496931639902, 8.44681501189387 ], [ -76.63759287243164, 8.446259956188301 ], [ -76.637287593568473, 8.446275569769718 ], [ -76.63708, 8.445827854482022 ], [ -76.637453186510882, 8.445129001240197 ], [ -76.639334344260035, 8.444572774137001 ] ] ], [ [ [ -76.649669183491795, 8.41651991739791 ], [ -76.649661734458306, 8.416796083454873 ], [ -76.649106949285439, 8.416956478434438 ], [ -76.648406622977362, 8.419489809739593 ], [ -76.64796, 8.419012145517984 ], [ -76.64845085829927, 8.417832716903677 ], [ -76.647385396549097, 8.418073509223174 ], [ -76.647384865613247, 8.417617067750854 ], [ -76.647917097409632, 8.417498139794171 ], [ -76.647415615455557, 8.417343748105196 ], [ -76.647386234000706, 8.41655863464452 ], [ -76.646600602505913, 8.415980927925895 ], [ -76.645522383252555, 8.415878388455022 ], [ -76.64463468498559, 8.4151534748015 ], [ -76.644122565772065, 8.415401355765205 ], [ -76.644200974453739, 8.416239260864668 ], [ -76.645965857034597, 8.416220990357926 ], [ -76.64649, 8.416951854922882 ], [ -76.644200359760049, 8.418089894177053 ], [ -76.643557626947739, 8.417865575691804 ], [ -76.64300174144293, 8.417148490688559 ], [ -76.643033342145969, 8.41620652284559 ], [ -76.642308410451591, 8.416562151610615 ], [ -76.642358342951681, 8.416947720723222 ], [ -76.64205563441007, 8.417093774201225 ], [ -76.642333080365361, 8.416266814227708 ], [ -76.642033436230562, 8.416004637492197 ], [ -76.641026108763143, 8.417149447523203 ], [ -76.641839233891687, 8.418584876986053 ], [ -76.641595956655465, 8.418961899388957 ], [ -76.641164667906736, 8.418671289851289 ], [ -76.640088820305607, 8.419389909245758 ], [ -76.639596134555532, 8.420195969566416 ], [ -76.639869899903019, 8.421149909962963 ], [ -76.639638676212982, 8.421418162319707 ], [ -76.639302683439212, 8.4212898096208 ], [ -76.639172379812408, 8.420643025937823 ], [ -76.638621630340296, 8.420927658989445 ], [ -76.638869162253016, 8.420371553767907 ], [ -76.63824208830988, 8.419741334754834 ], [ -76.63839267041071, 8.419560271546651 ], [ -76.6388815821158, 8.419844646758868 ], [ -76.640742063748093, 8.417935112000707 ], [ -76.640550095870424, 8.417350273858231 ], [ -76.640785530425333, 8.416613539501036 ], [ -76.639504448958931, 8.416757144646207 ], [ -76.63983980229375, 8.417841986169087 ], [ -76.639332743646335, 8.417969718767278 ], [ -76.638948983659802, 8.416980911182716 ], [ -76.638139266351388, 8.417219884323689 ], [ -76.63803515852689, 8.416916455297486 ], [ -76.639115729689365, 8.416652021698628 ], [ -76.639253102600748, 8.41607135455452 ], [ -76.641783117474475, 8.415540926201071 ], [ -76.644064277563757, 8.413094296581662 ], [ -76.644196014195231, 8.412515851245896 ], [ -76.644850475445821, 8.412298535978291 ], [ -76.644814291992247, 8.411877784782231 ], [ -76.645432882280971, 8.411621412209341 ], [ -76.645647728544532, 8.412169042673101 ], [ -76.644684541017753, 8.413279540945775 ], [ -76.645547251074433, 8.413949668099255 ], [ -76.645576839228966, 8.414537079705866 ], [ -76.646381374886516, 8.41552585021082 ], [ -76.648135915496141, 8.415718064470182 ], [ -76.648590216521086, 8.416534000103933 ], [ -76.648024898879711, 8.416641781607026 ], [ -76.648046597472714, 8.417521841365582 ], [ -76.64855544481361, 8.417498812288644 ], [ -76.648960490346866, 8.41533250998509 ], [ -76.649857275933769, 8.415680107590156 ], [ -76.649860259394231, 8.415957057850548 ], [ -76.649368688249609, 8.415949525752918 ], [ -76.649292542720175, 8.41652067793436 ], [ -76.649669183491795, 8.41651991739791 ] ] ], [ [ [ -76.653528268159533, 8.426672103744609 ], [ -76.652592656832027, 8.427409719713021 ], [ -76.6523284730889, 8.427144097293947 ], [ -76.65174696654519, 8.42731966834312 ], [ -76.651221844790044, 8.426728149318597 ], [ -76.652324029294817, 8.425588924134171 ], [ -76.652050146983584, 8.425008515977588 ], [ -76.652353294976962, 8.424731257089721 ], [ -76.653528268159533, 8.426672103744609 ] ] ], [ [ [ -76.653046758025653, 8.428421073978283 ], [ -76.65264626195534, 8.430651466679548 ], [ -76.652318032270784, 8.430584515032995 ], [ -76.651958944183562, 8.431206550362226 ], [ -76.651730164198, 8.430738424740454 ], [ -76.652141342674184, 8.429093068966644 ], [ -76.652591026281016, 8.429263644556062 ], [ -76.653046758025653, 8.428421073978283 ] ] ], [ [ [ -76.656456950099269, 8.4266613467372 ], [ -76.656852845635569, 8.427335208796482 ], [ -76.655081361964008, 8.428101179944923 ], [ -76.655249751689851, 8.42882247780279 ], [ -76.654985644109431, 8.428969090840511 ], [ -76.654243047300724, 8.428125875735478 ], [ -76.653520948226443, 8.42792578120433 ], [ -76.65371339906288, 8.427181230366639 ], [ -76.655144057376603, 8.427800398040555 ], [ -76.656160732408765, 8.427241379637692 ], [ -76.656150184335687, 8.426752682434062 ], [ -76.656456950099269, 8.4266613467372 ] ] ], [ [ [ -76.673238025546098, 8.543411216324992 ], [ -76.673997709800389, 8.542424344294544 ], [ -76.674225703462696, 8.542567775253483 ], [ -76.674146818667495, 8.54318060945498 ], [ -76.671872915055587, 8.546004373151897 ], [ -76.672906242849137, 8.546868490892592 ], [ -76.672701816111328, 8.54715640672625 ], [ -76.672997570121751, 8.547639362740114 ], [ -76.672489249565373, 8.548267618154965 ], [ -76.672018189156063, 8.548173012138813 ], [ -76.67140607970579, 8.548563945351777 ], [ -76.671097969087526, 8.549838552624744 ], [ -76.670571419304622, 8.549806064502325 ], [ -76.670243361715308, 8.550824746480837 ], [ -76.669721948403506, 8.550708200651943 ], [ -76.670455747483558, 8.548822438408006 ], [ -76.668699085271172, 8.548326647273752 ], [ -76.668339654147999, 8.547563616793438 ], [ -76.666447502118444, 8.547755488085544 ], [ -76.666951230900139, 8.547251743020817 ], [ -76.667072277804877, 8.546220958330487 ], [ -76.66888338987728, 8.545010181596648 ], [ -76.670326334355622, 8.54581861121819 ], [ -76.669809686584301, 8.546380595894398 ], [ -76.670474909792077, 8.54643926485285 ], [ -76.67043461520062, 8.545637372097687 ], [ -76.670706542716701, 8.545380395425688 ], [ -76.67105818468093, 8.545547017390028 ], [ -76.671565932799538, 8.544675917060049 ], [ -76.671826180116298, 8.544773790497381 ], [ -76.672138736695544, 8.544361957287583 ], [ -76.671690657323154, 8.543925304111806 ], [ -76.672465283266064, 8.542876597272926 ], [ -76.673238025546098, 8.543411216324992 ] ] ], [ [ [ -76.673539883909967, 8.500831006370731 ], [ -76.671958225490343, 8.502968126199525 ], [ -76.671201323760158, 8.502632096030347 ], [ -76.670516877386149, 8.504128683654654 ], [ -76.669547924486139, 8.503705817469449 ], [ -76.669170963101863, 8.50306580819943 ], [ -76.669563142044439, 8.502676521088732 ], [ -76.669281431012962, 8.502142814583973 ], [ -76.669681237758212, 8.501924327315018 ], [ -76.670332883517077, 8.500271415481929 ], [ -76.671855229878034, 8.501089146043018 ], [ -76.672850650765852, 8.500023186675834 ], [ -76.673539883909967, 8.500831006370731 ] ] ], [ [ [ -76.678628884675817, 8.535563715319652 ], [ -76.67819225690053, 8.53649568451142 ], [ -76.67787850318004, 8.536369703177737 ], [ -76.677640737091806, 8.536686174537097 ], [ -76.677136232374437, 8.538971518440396 ], [ -76.676850920507349, 8.538902975124765 ], [ -76.676602734055592, 8.539339720496921 ], [ -76.676062469465165, 8.539141266217586 ], [ -76.674191387109815, 8.542066327431428 ], [ -76.672464449191949, 8.540432370864115 ], [ -76.672750783980803, 8.539842165691013 ], [ -76.674062838333157, 8.53901142484006 ], [ -76.674542204964453, 8.539219069464325 ], [ -76.676231249739445, 8.537939341578557 ], [ -76.67662054072629, 8.535485132267951 ], [ -76.677160189984079, 8.535338536451569 ], [ -76.67745790607043, 8.534674199815449 ], [ -76.678665582219878, 8.53445762241696 ], [ -76.678248407033806, 8.535224050444807 ], [ -76.678628884675817, 8.535563715319652 ] ] ], [ [ [ -76.721988321399067, 8.636772240912684 ], [ -76.721818905059862, 8.639036231971184 ], [ -76.721141671670807, 8.639451378017936 ], [ -76.720688997495316, 8.640400165730599 ], [ -76.720726608340797, 8.641170971350075 ], [ -76.720391681916681, 8.641227793739089 ], [ -76.720038037179293, 8.63963812586984 ], [ -76.719648381754212, 8.641307633287671 ], [ -76.719370549385687, 8.641317514971282 ], [ -76.719186137250105, 8.64011090413625 ], [ -76.718770217890153, 8.63970780628178 ], [ -76.719016999423815, 8.639603015723479 ], [ -76.718880596487665, 8.639005566736099 ], [ -76.719184429914236, 8.638847452012387 ], [ -76.719717044676358, 8.636307018911921 ], [ -76.71948888567259, 8.636509873458545 ], [ -76.718700103321225, 8.636210263493725 ], [ -76.718824690197124, 8.635567290113396 ], [ -76.71933036594676, 8.635697667159249 ], [ -76.719547098132807, 8.635143242175808 ], [ -76.719336650881232, 8.63391895915429 ], [ -76.719005139628649, 8.633863242638629 ], [ -76.718959566596254, 8.633527303618383 ], [ -76.717690995549745, 8.633319453208156 ], [ -76.71744094141674, 8.633923173033892 ], [ -76.717889365187574, 8.635284617629333 ], [ -76.717177162728348, 8.63543969947788 ], [ -76.716607640007311, 8.632914816732667 ], [ -76.715420892801419, 8.632734361222118 ], [ -76.714939502642792, 8.633227485437201 ], [ -76.71445408764238, 8.633239384375678 ], [ -76.714190238770229, 8.634309904406891 ], [ -76.713146261974671, 8.633894403774944 ], [ -76.712851876374941, 8.632951759655704 ], [ -76.714667112988167, 8.632646908221986 ], [ -76.714955907487948, 8.632171639650386 ], [ -76.714525235553282, 8.631730673886317 ], [ -76.716705816966737, 8.632041729904952 ], [ -76.716480104199178, 8.63113967817687 ], [ -76.716686360982919, 8.63070043197316 ], [ -76.718551832546751, 8.631129676745116 ], [ -76.71892408701359, 8.630860516517462 ], [ -76.719271965033258, 8.631217157273067 ], [ -76.720449672995713, 8.631462593163073 ], [ -76.720979529959521, 8.631966191525651 ], [ -76.720689147935104, 8.632990264320702 ], [ -76.721548808503726, 8.633722771902393 ], [ -76.72135130978684, 8.635959233139772 ], [ -76.721595602365653, 8.636658410634801 ], [ -76.721988321399067, 8.636772240912684 ] ], [ [ -76.716874053298355, 8.631360887250734 ], [ -76.717005070673579, 8.631218962855119 ], [ -76.716857849154252, 8.631224539440046 ], [ -76.716874053298355, 8.631360887250734 ] ] ], [ [ [ -76.73456914344348, 8.3895664344726 ], [ -76.735129127463424, 8.390345493075566 ], [ -76.734233169034482, 8.390598699104027 ], [ -76.733677307433666, 8.389637032815516 ], [ -76.732962405994343, 8.389109277364328 ], [ -76.732594886795766, 8.387525025969238 ], [ -76.731416712523611, 8.387222389085725 ], [ -76.731367810044034, 8.387818882428315 ], [ -76.731094699052719, 8.3878591865153 ], [ -76.730713338108274, 8.386919106827865 ], [ -76.731419122784772, 8.386370120150602 ], [ -76.733186590574022, 8.387128023821523 ], [ -76.734791613457929, 8.386673832713766 ], [ -76.735005870373783, 8.387122002325528 ], [ -76.734111104725656, 8.38758621748925 ], [ -76.735179331321092, 8.388775230565884 ], [ -76.73456914344348, 8.3895664344726 ] ] ], [ [ [ -76.737058115255678, 8.466241312084863 ], [ -76.736366399731338, 8.466846386972422 ], [ -76.736694528254773, 8.467373598957909 ], [ -76.734798491245499, 8.468814824867712 ], [ -76.734838883388989, 8.469111301819686 ], [ -76.735802807208017, 8.469114768753968 ], [ -76.735845309368827, 8.469692726340327 ], [ -76.734962199053058, 8.46969964491881 ], [ -76.734855133576673, 8.470269224866005 ], [ -76.733987827377661, 8.470125749791265 ], [ -76.73520683953312, 8.466441445463783 ], [ -76.734212623351667, 8.465929714045464 ], [ -76.734594165397539, 8.46541778091615 ], [ -76.735231957230368, 8.464621792417695 ], [ -76.735595851539756, 8.465257853631602 ], [ -76.736226974746785, 8.464621356667772 ], [ -76.737058115255678, 8.466241312084863 ] ] ], [ [ [ -76.753578050005345, 8.329191802186109 ], [ -76.753320611207059, 8.330569895889019 ], [ -76.750780112480498, 8.330390498835285 ], [ -76.75030542147806, 8.330599370539698 ], [ -76.750432986187391, 8.329920735753031 ], [ -76.745380786617147, 8.33027987957648 ], [ -76.744893014747021, 8.330001759251127 ], [ -76.744223712479069, 8.330654807422096 ], [ -76.743609429132547, 8.334094232671823 ], [ -76.743325927036452, 8.334354649549699 ], [ -76.743366015994866, 8.335251816883797 ], [ -76.742442664657787, 8.335348693008656 ], [ -76.741920307348465, 8.334482512417638 ], [ -76.741151391365307, 8.334747045027603 ], [ -76.74153004182881, 8.333680992283083 ], [ -76.740696959178848, 8.333345036193107 ], [ -76.740589944659291, 8.33280805358862 ], [ -76.740695811440233, 8.332550537856532 ], [ -76.741215025540967, 8.332698067020093 ], [ -76.741098814663545, 8.332083528031955 ], [ -76.741624559596616, 8.332075390901322 ], [ -76.742451282084602, 8.329350740210828 ], [ -76.742090427554686, 8.32883367208424 ], [ -76.742130906082537, 8.32768436726715 ], [ -76.743399041879755, 8.326431281659957 ], [ -76.743422383252536, 8.325461611544991 ], [ -76.745382140521642, 8.325380198132649 ], [ -76.74571919902408, 8.325838166629376 ], [ -76.750008256833453, 8.326451892533846 ], [ -76.749822497572055, 8.327888975942502 ], [ -76.751605447324593, 8.32815575530228 ], [ -76.752408271342091, 8.327751917090877 ], [ -76.751903018456304, 8.328996397184429 ], [ -76.753578050005345, 8.329191802186109 ] ] ], [ [ [ -76.755834377279996, 8.413977242859689 ], [ -76.756125949155219, 8.414008086758615 ], [ -76.756522103123487, 8.414865802218396 ], [ -76.75449018602815, 8.414317333342691 ], [ -76.754269070455294, 8.413604105336166 ], [ -76.753765930748813, 8.413709488127237 ], [ -76.753541667891952, 8.413438361771677 ], [ -76.753200700169515, 8.413827593797802 ], [ -76.752830154478289, 8.413448428318278 ], [ -76.753500867828933, 8.41283658083425 ], [ -76.753342827154839, 8.411744094647734 ], [ -76.753064436950837, 8.41149 ], [ -76.752139128799712, 8.411890093474446 ], [ -76.750774931334718, 8.41173924482362 ], [ -76.750802190722155, 8.411161129850282 ], [ -76.753116170933041, 8.410000452696904 ], [ -76.754449006215793, 8.4103522450048 ], [ -76.755828791889599, 8.413353428632893 ], [ -76.755834377279996, 8.413977242859689 ] ] ], [ [ [ -76.75828373791775, 8.37216987946625 ], [ -76.757918046837077, 8.376479810560372 ], [ -76.757140289772707, 8.376322789375493 ], [ -76.757406514996504, 8.372126160018578 ], [ -76.755051997496651, 8.371329123097919 ], [ -76.754813893037579, 8.371954258111133 ], [ -76.754467811317838, 8.371950020556525 ], [ -76.754253907826751, 8.371084038389458 ], [ -76.751823488625178, 8.370601118097593 ], [ -76.752214332548007, 8.367097715941881 ], [ -76.753388910116357, 8.367272059269563 ], [ -76.75622027683923, 8.368982196355097 ], [ -76.756963635954619, 8.369109918112839 ], [ -76.757974185065265, 8.368699130937369 ], [ -76.758261716349395, 8.367012129308076 ], [ -76.75870335642071, 8.367105247558706 ], [ -76.758079723080598, 8.370304009443171 ], [ -76.75828373791775, 8.37216987946625 ] ] ], [ [ [ -76.795650640605999, 8.44490049819885 ], [ -76.798186450052498, 8.455401203794251 ], [ -76.797585494911075, 8.455569328815963 ], [ -76.797313252276894, 8.455048702196018 ], [ -76.795240231720896, 8.455157349593398 ], [ -76.795129409244538, 8.454526059446726 ], [ -76.794524423325115, 8.454132382388256 ], [ -76.794235215603734, 8.453439000273139 ], [ -76.792680089723902, 8.453477257634466 ], [ -76.792615374989211, 8.452605704515822 ], [ -76.79167026925839, 8.452477370957107 ], [ -76.791282384856871, 8.451849293888381 ], [ -76.791773996173092, 8.450942278847887 ], [ -76.791591146637259, 8.450263639479385 ], [ -76.792203691352313, 8.449223008574309 ], [ -76.790995093045566, 8.448890576307452 ], [ -76.790912493105196, 8.449645497409687 ], [ -76.789881078862436, 8.44973619435217 ], [ -76.789902003046734, 8.448501485255939 ], [ -76.790859305524421, 8.447743888626508 ], [ -76.790796842223983, 8.44640617168408 ], [ -76.789980311907541, 8.445392939914434 ], [ -76.790193676386792, 8.442631902659222 ], [ -76.789285872848382, 8.442859468441238 ], [ -76.788880356618051, 8.442336792531769 ], [ -76.789467936421147, 8.441910215456605 ], [ -76.790990217540852, 8.442139294089865 ], [ -76.791090507016762, 8.439155923703424 ], [ -76.791521320940376, 8.437433099473655 ], [ -76.792617462305103, 8.435535530380539 ], [ -76.790537155711846, 8.432806977078512 ], [ -76.789448657892791, 8.432063425085877 ], [ -76.788868120639961, 8.432779817384773 ], [ -76.787201175986809, 8.432207846578404 ], [ -76.786495764682641, 8.431607056698789 ], [ -76.784228025501221, 8.431599829701394 ], [ -76.782767933464697, 8.431195835278052 ], [ -76.783218959020701, 8.428935607534891 ], [ -76.782711199368521, 8.42885653986424 ], [ -76.782762840381608, 8.427452704134971 ], [ -76.781643968588341, 8.427328968965249 ], [ -76.781519875756686, 8.427042673490934 ], [ -76.780614619596776, 8.427172632844634 ], [ -76.780430772892558, 8.424555289521408 ], [ -76.7769309820074, 8.424768075853541 ], [ -76.771009113064295, 8.421696666867172 ], [ -76.772387809049803, 8.419454262955012 ], [ -76.774844905838663, 8.42113913176391 ], [ -76.775416279094586, 8.421160154219685 ], [ -76.775610817192344, 8.42085010978311 ], [ -76.777097841371216, 8.421338193421894 ], [ -76.77727805975023, 8.420870191213433 ], [ -76.779294608917212, 8.421089172128893 ], [ -76.779597394507789, 8.420710269713569 ], [ -76.783138322189487, 8.420759727414083 ], [ -76.78340053958415, 8.420510106492415 ], [ -76.784093795006484, 8.42075 ], [ -76.784320412562636, 8.420500103837165 ], [ -76.78807606472111, 8.421138266073708 ], [ -76.788118996131061, 8.422547038504311 ], [ -76.78932518594921, 8.427572317976628 ], [ -76.790426774187594, 8.42863930788948 ], [ -76.791019857735407, 8.43039515810403 ], [ -76.792588952547149, 8.432486090204986 ], [ -76.79320624201371, 8.432808495778611 ], [ -76.794358877143551, 8.434833649943934 ], [ -76.795650640605999, 8.44490049819885 ] ], [ [ -76.786068986406065, 8.42709043014866 ], [ -76.786227543211737, 8.427067898997306 ], [ -76.786136595320698, 8.427001160582732 ], [ -76.786068986406065, 8.42709043014866 ] ] ], [ [ [ -76.782001347785467, 8.433123650071987 ], [ -76.780164977869305, 8.43869311283116 ], [ -76.778323257853614, 8.438108607613232 ], [ -76.777611494678354, 8.440276255174631 ], [ -76.776086303522064, 8.439794447089959 ], [ -76.776734992711965, 8.437756934732969 ], [ -76.777608790280183, 8.437951985304419 ], [ -76.778781131875718, 8.435718104851917 ], [ -76.778711234738296, 8.435092809163876 ], [ -76.779679270166355, 8.433864816257142 ], [ -76.780015050006966, 8.432576867223204 ], [ -76.782001347785467, 8.433123650071987 ] ] ] ] } },
{ "type": "Feature", "properties": { "municipio": "San Juan de Urabá", "cod_divipola": "05659", "cod_dpto": "05", "dpto": "ANTIOQUIA", "tipo": "zona_urbana", "fuente": "DANE MGN 2022 - perimetro urbano derivado de manzanas", "area_km2": 2.102, "poblacion_est_2023": 30000 }, "geometry": { "type": "MultiPolygon", "coordinates": [ [ [ [ -76.491924475001355, 8.699146339114519 ], [ -76.491270727084895, 8.700357618362197 ], [ -76.489312329820862, 8.698360835429328 ], [ -76.490967636826639, 8.697991627932071 ], [ -76.49088186412844, 8.698484649210441 ], [ -76.491358355564714, 8.699260282817523 ], [ -76.491924475001355, 8.699146339114519 ] ] ], [ [ [ -76.492744384016532, 8.699364072478112 ], [ -76.492282414997916, 8.699539313553929 ], [ -76.49223021151829, 8.698462675574568 ], [ -76.492597411141844, 8.698360357241043 ], [ -76.492744384016532, 8.699364072478112 ] ] ], [ [ [ -76.494326837643513, 8.693609388552822 ], [ -76.494908905169069, 8.695727790829444 ], [ -76.49399273338777, 8.695819906367792 ], [ -76.493929762563823, 8.694672717052748 ], [ -76.493231180387156, 8.69370648647147 ], [ -76.493494202280303, 8.693497060702898 ], [ -76.492999454418523, 8.692293125047822 ], [ -76.494326837643513, 8.693609388552822 ] ] ], [ [ [ -76.515380236861205, 8.745570100838817 ], [ -76.516528740074861, 8.747163297172246 ], [ -76.516278048180951, 8.747401085760377 ], [ -76.516478864878465, 8.747676359929915 ], [ -76.516193572413485, 8.747949581283766 ], [ -76.515908053747552, 8.747791430966476 ], [ -76.515279108013985, 8.748501006067327 ], [ -76.514875594617379, 8.749407044376923 ], [ -76.515046911619223, 8.750160492590132 ], [ -76.514297847801984, 8.750205764446791 ], [ -76.514327855320659, 8.749613346025692 ], [ -76.513761176185412, 8.749812270309178 ], [ -76.513401909246681, 8.750419812433011 ], [ -76.513045523277967, 8.74975926642376 ], [ -76.510963260880388, 8.748658292165612 ], [ -76.51068639130078, 8.74932479347558 ], [ -76.510240608201968, 8.748984466974544 ], [ -76.510462911636338, 8.748195569283341 ], [ -76.509309666222961, 8.747797013091642 ], [ -76.509130202654546, 8.747452002041751 ], [ -76.509148814831534, 8.747210136932612 ], [ -76.509951432199429, 8.747433943447252 ], [ -76.509738338118126, 8.746210164995183 ], [ -76.511639918700936, 8.746257441491707 ], [ -76.51227198394669, 8.74598 ], [ -76.514866839061, 8.746175313263358 ], [ -76.515380236861205, 8.745570100838817 ] ] ], [ [ [ -76.525947222351746, 8.759301250496099 ], [ -76.525310368309022, 8.760019895505422 ], [ -76.524218316708172, 8.759496265863483 ], [ -76.523935581635712, 8.758892719859128 ], [ -76.523480216467703, 8.759247338769791 ], [ -76.522551611545026, 8.758147616747538 ], [ -76.522821913383112, 8.757601524016675 ], [ -76.522568695430962, 8.757138082607002 ], [ -76.521959340007228, 8.75683905515571 ], [ -76.5207531376861, 8.756648715433322 ], [ -76.521138747940071, 8.757276668885899 ], [ -76.520582993246492, 8.758115083926221 ], [ -76.520252921485479, 8.758058606380917 ], [ -76.519810602539451, 8.757454434308668 ], [ -76.520166959400498, 8.757013098405279 ], [ -76.519773328566231, 8.756211526292454 ], [ -76.518804468105614, 8.756689122370821 ], [ -76.518490167566995, 8.756328365799428 ], [ -76.518842583814674, 8.755651709302278 ], [ -76.518214562555215, 8.755402477208275 ], [ -76.516216929678365, 8.755509662303274 ], [ -76.516221657922571, 8.755292279523372 ], [ -76.518751232114482, 8.755352254372013 ], [ -76.519153128307877, 8.754870344806315 ], [ -76.520299875224495, 8.755912233659265 ], [ -76.521317769085698, 8.756184756343215 ], [ -76.521537063232742, 8.755910312898219 ], [ -76.522395546312481, 8.756058608008692 ], [ -76.522592438122501, 8.754991583287101 ], [ -76.523604692404618, 8.755401134676408 ], [ -76.523957510151448, 8.755031570819233 ], [ -76.524129055430507, 8.755185742033575 ], [ -76.523743267872604, 8.755726092288242 ], [ -76.525947222351746, 8.759301250496099 ] ], [ [ -76.524367599018035, 8.758515509634103 ], [ -76.524504252086558, 8.75827196140726 ], [ -76.524319175403619, 8.758413841246863 ], [ -76.524367599018035, 8.758515509634103 ] ] ], [ [ [ -76.537412474788979, 8.759044514963909 ], [ -76.538078199690091, 8.760148059008941 ], [ -76.537460473033406, 8.760889902317185 ], [ -76.537120967646757, 8.760665827548186 ], [ -76.537295862194043, 8.760334877168816 ], [ -76.536525943035272, 8.759734810975752 ], [ -76.535679301642389, 8.759462933040412 ], [ -76.535252908095671, 8.759848602112053 ], [ -76.534197388235583, 8.758854036111314 ], [ -76.5337132137239, 8.759448794864753 ], [ -76.534049760898924, 8.759692367163787 ], [ -76.533660714465697, 8.760146776926696 ], [ -76.533188104849572, 8.759662239120956 ], [ -76.53246819282721, 8.759879006851293 ], [ -76.532256343795922, 8.760447344198315 ], [ -76.532559609833115, 8.761163419411723 ], [ -76.532096130943714, 8.761791661839366 ], [ -76.53108707801745, 8.761965884651833 ], [ -76.53015872777226, 8.762794656392337 ], [ -76.53059958682671, 8.76358644897641 ], [ -76.530354870021384, 8.764003229648381 ], [ -76.528859671049062, 8.762993641154621 ], [ -76.528302482682832, 8.763765625204128 ], [ -76.528396832963864, 8.764420620802563 ], [ -76.52793612712675, 8.76431686408721 ], [ -76.526255871570783, 8.766812013208718 ], [ -76.526001401086688, 8.766745325830621 ], [ -76.523664390811078, 8.770563745604216 ], [ -76.52216349391017, 8.769741129303753 ], [ -76.522361573653058, 8.768881968819567 ], [ -76.523233462678931, 8.769210920353238 ], [ -76.523964907260094, 8.767905496299184 ], [ -76.523580376410365, 8.76757667953124 ], [ -76.52418141415437, 8.76643235530841 ], [ -76.525337982499067, 8.765542959287817 ], [ -76.524772565142712, 8.764970399173421 ], [ -76.526140520785816, 8.763583970833647 ], [ -76.525800426464926, 8.763163623571987 ], [ -76.525981915350627, 8.76272170257584 ], [ -76.527517999331465, 8.760610069286905 ], [ -76.526010101035254, 8.759599480688818 ], [ -76.52735889656698, 8.758864344670654 ], [ -76.527180181221837, 8.757728105662059 ], [ -76.527444293949543, 8.757247579169578 ], [ -76.528376604039224, 8.756510385586751 ], [ -76.529353393710863, 8.756921696495167 ], [ -76.530393916646659, 8.755841042433826 ], [ -76.530772068958413, 8.756046189812865 ], [ -76.531075969313889, 8.755811014607486 ], [ -76.531418465472228, 8.75614926459388 ], [ -76.532321696364406, 8.755386982525801 ], [ -76.531380272545334, 8.754137345592905 ], [ -76.532642940019969, 8.751309758108293 ], [ -76.533067826396916, 8.751365909916753 ], [ -76.533373871688582, 8.750732107699427 ], [ -76.532740270291427, 8.750322645032742 ], [ -76.533211278648466, 8.749542103242499 ], [ -76.534999833067474, 8.750401649443088 ], [ -76.53414009231912, 8.752646129249978 ], [ -76.534379006797579, 8.753155923004202 ], [ -76.533444615447095, 8.75512864996429 ], [ -76.533718624264921, 8.755777005814229 ], [ -76.532857813544126, 8.756692666795939 ], [ -76.533049242810222, 8.757025106622129 ], [ -76.532699046617893, 8.757382022686697 ], [ -76.533832148707447, 8.758470133560449 ], [ -76.535115359058793, 8.75888500690168 ], [ -76.53549768898344, 8.75779163872329 ], [ -76.537412474788979, 8.759044514963909 ] ] ], [ [ [ -76.528873748822832, 8.753605644014637 ], [ -76.528843211034015, 8.754194879096874 ], [ -76.528003541852897, 8.754361473276115 ], [ -76.527474247172051, 8.754911740831346 ], [ -76.527465616899022, 8.755247332627773 ], [ -76.528277475581987, 8.755800461705217 ], [ -76.528157553337763, 8.75629938245452 ], [ -76.527783695543775, 8.756589562289602 ], [ -76.527194222313042, 8.756479046481383 ], [ -76.526111772884505, 8.755157995937628 ], [ -76.526384424484263, 8.754500692996954 ], [ -76.524781070885695, 8.752423835892246 ], [ -76.526423721815675, 8.751585574299552 ], [ -76.526969810790376, 8.752778010561173 ], [ -76.526614870448768, 8.753888393210536 ], [ -76.527058685069292, 8.754420790725694 ], [ -76.527710468100494, 8.754306377576299 ], [ -76.52838145916634, 8.753392017338705 ], [ -76.528873748822832, 8.753605644014637 ] ] ], [ [ [ -76.550169463480302, 8.639395847953725 ], [ -76.548926554072992, 8.641028226031027 ], [ -76.549212270313419, 8.641655663624709 ], [ -76.548075100466917, 8.642399243078193 ], [ -76.547305849614688, 8.642180805662024 ], [ -76.547236658569929, 8.642868750390543 ], [ -76.546949095527182, 8.642319001804825 ], [ -76.546387076944541, 8.642666660010397 ], [ -76.54667990439907, 8.643360257121149 ], [ -76.546220032905921, 8.643290431128056 ], [ -76.546559724427681, 8.644037388757434 ], [ -76.546331027573729, 8.644236568594676 ], [ -76.545929096252891, 8.643547783136013 ], [ -76.545243828726953, 8.643321607670776 ], [ -76.545413162356553, 8.642429388552724 ], [ -76.546931995991798, 8.641431774364536 ], [ -76.547260503632998, 8.640382293902837 ], [ -76.549533489835383, 8.639401526433057 ], [ -76.549766117015821, 8.639040478920281 ], [ -76.550169463480302, 8.639395847953725 ] ] ], [ [ [ -76.574442898078289, 8.729274834411783 ], [ -76.573844691706185, 8.730269345848722 ], [ -76.572901619323915, 8.729724628588849 ], [ -76.572600699314094, 8.729957593381611 ], [ -76.57211007011891, 8.728753389617962 ], [ -76.571511635770406, 8.728199892970364 ], [ -76.570883508255136, 8.728151151623733 ], [ -76.571136396188137, 8.727876689993655 ], [ -76.570943001068215, 8.727609657333486 ], [ -76.571099129588347, 8.727462317737464 ], [ -76.571631024862995, 8.727942094147071 ], [ -76.57273979163034, 8.727402667247874 ], [ -76.57387632169241, 8.728298614068533 ], [ -76.573523768672274, 8.728785869611002 ], [ -76.574442898078289, 8.729274834411783 ] ] ], [ [ [ -76.581861068073209, 8.745123457942123 ], [ -76.5830574068369, 8.746659672995765 ], [ -76.582697783370975, 8.746894259081511 ], [ -76.582888728988948, 8.747276719340883 ], [ -76.582500072210479, 8.747637166804296 ], [ -76.58172987265668, 8.748029899351682 ], [ -76.58146493975191, 8.747648366712241 ], [ -76.581074107337798, 8.747810389145801 ], [ -76.581168171985851, 8.748258153263818 ], [ -76.577843742864331, 8.749118897382367 ], [ -76.577783508469025, 8.7483588495375 ], [ -76.578588681355157, 8.748119848494554 ], [ -76.57804169471153, 8.74713217102107 ], [ -76.578882982911907, 8.746469412730493 ], [ -76.577824675339045, 8.745592716901539 ], [ -76.577271048936694, 8.744553912572563 ], [ -76.577620140715567, 8.744292873529043 ], [ -76.579072524017477, 8.745695590451099 ], [ -76.579613953175667, 8.745261608649088 ], [ -76.579023868705491, 8.744408338222044 ], [ -76.579664222312999, 8.743940953518626 ], [ -76.579957153537237, 8.744300433451729 ], [ -76.580346216361903, 8.743971093200528 ], [ -76.581325888907799, 8.745428972220497 ], [ -76.581861068073209, 8.745123457942123 ] ], [ [ -76.579537265756514, 8.747603531992768 ], [ -76.579180891424187, 8.747275569002491 ], [ -76.57938301057203, 8.747710703107103 ], [ -76.579537265756514, 8.747603531992768 ] ] ], [ [ [ -76.595703929443943, 8.718115790104402 ], [ -76.595220441851893, 8.718507459703664 ], [ -76.592645590846089, 8.716766414639494 ], [ -76.591817443506542, 8.718045692000134 ], [ -76.59159110801518, 8.71785373439411 ], [ -76.592384734051521, 8.716407336210935 ], [ -76.591737827193, 8.71650055508567 ], [ -76.591697845293993, 8.71721829674706 ], [ -76.590793605597369, 8.717030797736529 ], [ -76.590446294178321, 8.717264439501356 ], [ -76.590343770254222, 8.716041543018962 ], [ -76.589560211899965, 8.715572159457288 ], [ -76.590213759252848, 8.713701478088078 ], [ -76.589776405350477, 8.712655454686695 ], [ -76.591155311385705, 8.712767263728225 ], [ -76.591629782109536, 8.713602217178277 ], [ -76.590977953402799, 8.713957742521258 ], [ -76.591453458827047, 8.714769368733752 ], [ -76.593643924484297, 8.714845777132116 ], [ -76.593899182340806, 8.715315310049496 ], [ -76.593294083664418, 8.716278572619363 ], [ -76.595703929443943, 8.718115790104402 ] ] ], [ [ [ -76.60846947729371, 8.738625406078283 ], [ -76.608198745544883, 8.740536684793554 ], [ -76.60773200131338, 8.740716390844321 ], [ -76.607519606504496, 8.741207439547138 ], [ -76.605410414757031, 8.741679911709904 ], [ -76.604242660538972, 8.741159754392823 ], [ -76.605234851987078, 8.739327082952803 ], [ -76.605737328635101, 8.739409984394488 ], [ -76.606834028894284, 8.736899852668111 ], [ -76.607023695752503, 8.735508576655002 ], [ -76.607352612039236, 8.735504602649922 ], [ -76.607780435461194, 8.736094721170018 ], [ -76.608312052967619, 8.73505 ], [ -76.608539178446605, 8.735195338500649 ], [ -76.607918954674133, 8.736509755707083 ], [ -76.60846947729371, 8.738625406078283 ] ] ] ] } },
{ "type": "Feature", "properties": { "municipio": "San Pedro de Urabá", "cod_divipola": "05665", "cod_dpto": "05", "dpto": "ANTIOQUIA", "tipo": "zona_urbana", "fuente": "DANE MGN 2022 - perimetro urbano derivado de manzanas", "area_km2": 4.006, "poblacion_est_2023": 34000 }, "geometry": { "type": "MultiPolygon", "coordinates": [ [ [ [ -76.223396307426228, 8.486101758131944 ], [ -76.223008988970335, 8.486691079314451 ], [ -76.22325970235471, 8.486953973965246 ], [ -76.222818508593434, 8.488950166345358 ], [ -76.22309262665955, 8.489285385629275 ], [ -76.222244116995995, 8.48930901863773 ], [ -76.221086674899325, 8.488645858505159 ], [ -76.220725993567527, 8.489188974647135 ], [ -76.220315833625648, 8.488883986069292 ], [ -76.220971048867753, 8.487951481403151 ], [ -76.220453102469179, 8.487590520669002 ], [ -76.220586292576158, 8.487335570779038 ], [ -76.221579713640622, 8.487721958750454 ], [ -76.221711724371218, 8.487375218930534 ], [ -76.221302750269473, 8.487249929704646 ], [ -76.221333083181818, 8.486779511457282 ], [ -76.221980073157098, 8.486732308493346 ], [ -76.222942732215316, 8.485371467536295 ], [ -76.223396307426228, 8.486101758131944 ] ] ], [ [ [ -76.283204651009925, 8.537470707476611 ], [ -76.282627362505977, 8.537880205708563 ], [ -76.282433714475061, 8.538449550952755 ], [ -76.2822132773764, 8.537780780336362 ], [ -76.280683832209377, 8.538309524074171 ], [ -76.280376758078674, 8.538056403564651 ], [ -76.279828652524785, 8.538605470168894 ], [ -76.279886863485871, 8.538970909188571 ], [ -76.278973641603685, 8.539769567598341 ], [ -76.278113906369668, 8.539011713175475 ], [ -76.277904670987937, 8.538262104200379 ], [ -76.277598723980645, 8.538307803619794 ], [ -76.277686599594247, 8.539050973026695 ], [ -76.276736158746303, 8.539564587810363 ], [ -76.276706299865779, 8.541181421732512 ], [ -76.275244766559368, 8.541533348364345 ], [ -76.275979138317268, 8.543727687776382 ], [ -76.274881859880594, 8.543038700724527 ], [ -76.274110329696455, 8.542967398894891 ], [ -76.274084000588473, 8.542709422830251 ], [ -76.273891514938839, 8.542949843175633 ], [ -76.273212657071966, 8.542799775472284 ], [ -76.273435317677496, 8.540476572910269 ], [ -76.274007093774756, 8.54048139128796 ], [ -76.275043457141578, 8.541169192132664 ], [ -76.275787474541261, 8.539748174686393 ], [ -76.275380114385683, 8.539029240376406 ], [ -76.275791864348875, 8.538793864296641 ], [ -76.275306313037689, 8.538085547972909 ], [ -76.276561769371995, 8.537730181867486 ], [ -76.277077803931306, 8.538295879370267 ], [ -76.278370329584021, 8.537282620824092 ], [ -76.279214234792562, 8.537111201354509 ], [ -76.279184807306706, 8.5365471483929 ], [ -76.27975133945759, 8.536330153687501 ], [ -76.280007247844978, 8.536624775884318 ], [ -76.281823145451369, 8.534181304633522 ], [ -76.283348337505004, 8.534342302521575 ], [ -76.28245783647229, 8.535768051920494 ], [ -76.283204651009925, 8.537470707476611 ] ], [ [ -76.281260763087303, 8.537778121759041 ], [ -76.280804369181396, 8.537210312923964 ], [ -76.280535830011615, 8.537883705045443 ], [ -76.281260763087303, 8.537778121759041 ] ] ], [ [ [ -76.319668578964666, 8.393992860895324 ], [ -76.318136541027869, 8.398731070246862 ], [ -76.31701435567966, 8.398276292312801 ], [ -76.315795841380464, 8.400154285601323 ], [ -76.315580123717183, 8.399889182687927 ], [ -76.315851811182782, 8.398755451989302 ], [ -76.315610206609946, 8.398437978735936 ], [ -76.316445894663843, 8.396659070455298 ], [ -76.316280704629406, 8.396215155478464 ], [ -76.316731267418959, 8.395702107064269 ], [ -76.317061675376607, 8.39586769168074 ], [ -76.317706223519622, 8.395522482918686 ], [ -76.317952020273239, 8.393081773604079 ], [ -76.319019449781166, 8.393192478183892 ], [ -76.319006165140237, 8.393600863079934 ], [ -76.319668578964666, 8.393992860895324 ] ] ], [ [ [ -76.366514073914203, 8.454545926085881 ], [ -76.366426973893596, 8.455880385171817 ], [ -76.365664532638618, 8.456256359875827 ], [ -76.365844328818824, 8.456603811098242 ], [ -76.365624823106714, 8.456779221343467 ], [ -76.365249158785915, 8.456282917258449 ], [ -76.364882992287818, 8.456323639200244 ], [ -76.364663717084028, 8.456899744557846 ], [ -76.364651461997923, 8.456060329945362 ], [ -76.364040953518582, 8.455745777686884 ], [ -76.364250098518383, 8.455384464043872 ], [ -76.363570178981206, 8.45514188270716 ], [ -76.363757117047498, 8.454674820392501 ], [ -76.36501809448383, 8.45382019205873 ], [ -76.365961607670755, 8.453923828726939 ], [ -76.365989626950565, 8.454412544571614 ], [ -76.366514073914203, 8.454545926085881 ] ], [ [ -76.366274869801856, 8.454873076266704 ], [ -76.365797074979696, 8.45486657991059 ], [ -76.365740160347428, 8.455018459559694 ], [ -76.366092481242362, 8.455046814958621 ], [ -76.366274869801856, 8.454873076266704 ] ] ], [ [ [ -76.392851252978673, 8.288041616067995 ], [ -76.393559869285824, 8.288051145002372 ], [ -76.391595484979334, 8.289009890466199 ], [ -76.39109941381497, 8.289827535730868 ], [ -76.390289275596672, 8.289429323487052 ], [ -76.389916075948662, 8.289858959785471 ], [ -76.389285725784077, 8.289752315092393 ], [ -76.389026325052527, 8.29086956578662 ], [ -76.387813761021576, 8.290191512953331 ], [ -76.387881255060506, 8.289381139851431 ], [ -76.387614871078597, 8.289529237525675 ], [ -76.386444715550894, 8.289064792271356 ], [ -76.386079182812125, 8.289637662295195 ], [ -76.385093632783679, 8.289721331990895 ], [ -76.38475049384391, 8.288366061364229 ], [ -76.385395555773343, 8.287286301927224 ], [ -76.385703712828132, 8.287415377738595 ], [ -76.386007851447729, 8.287055784424071 ], [ -76.385714067585212, 8.286083203518558 ], [ -76.384036483267408, 8.285585831584033 ], [ -76.383740358175189, 8.285797815093982 ], [ -76.383934999886236, 8.286613093266553 ], [ -76.382977031257951, 8.286799682802393 ], [ -76.382230080100868, 8.286016805740331 ], [ -76.379724170520518, 8.285579031182808 ], [ -76.379281894015463, 8.284885545291022 ], [ -76.378519750809787, 8.284891482014844 ], [ -76.376677576650238, 8.286320146226403 ], [ -76.374897892487226, 8.291088731364162 ], [ -76.374274517453387, 8.290902512550296 ], [ -76.375722026583873, 8.285810785369394 ], [ -76.374351306991471, 8.285142664657533 ], [ -76.374949579793309, 8.284937510852235 ], [ -76.375175821822708, 8.284350548325422 ], [ -76.376341386653991, 8.284695837951823 ], [ -76.377057510320995, 8.284580806412084 ], [ -76.377806283585684, 8.283415287310742 ], [ -76.378602155204632, 8.28348480794808 ], [ -76.379284889861381, 8.281238863174568 ], [ -76.378382412702919, 8.281019331125028 ], [ -76.378660201067163, 8.280046924848719 ], [ -76.377291674825827, 8.279748082303753 ], [ -76.377250990855458, 8.27932460725744 ], [ -76.376279120651731, 8.279116654486309 ], [ -76.376252610910697, 8.278723340127547 ], [ -76.374756469160516, 8.2782446151169 ], [ -76.372933572170325, 8.276541231054152 ], [ -76.373005253827756, 8.275928133969675 ], [ -76.372145240042244, 8.275919322993104 ], [ -76.371694261360346, 8.275742183141661 ], [ -76.371768130082003, 8.275399933393908 ], [ -76.3697510631754, 8.275056115490861 ], [ -76.370887861496001, 8.273428627316845 ], [ -76.369997874336434, 8.272605759155853 ], [ -76.369662434436989, 8.272689356759502 ], [ -76.369751296000643, 8.271293194685006 ], [ -76.371706309302525, 8.270529458010161 ], [ -76.371974155810804, 8.269537921752233 ], [ -76.371491037969179, 8.268463958410182 ], [ -76.37215474793922, 8.267027208372234 ], [ -76.372722222248967, 8.267022568459737 ], [ -76.372685187784299, 8.266166697890284 ], [ -76.373380991851974, 8.266166647294954 ], [ -76.37362711121898, 8.265034826730185 ], [ -76.374451354815832, 8.265253660595858 ], [ -76.374725870361345, 8.265738556510938 ], [ -76.375159400604531, 8.26546746409853 ], [ -76.374885388684689, 8.264516487079861 ], [ -76.37564889099454, 8.264672198575576 ], [ -76.375651963875868, 8.265048532026467 ], [ -76.376411495606163, 8.265163752139767 ], [ -76.376981591409248, 8.266309350168983 ], [ -76.377526378940587, 8.26648868718685 ], [ -76.377432188148674, 8.267323075528831 ], [ -76.379287718127443, 8.267952766059093 ], [ -76.379697894544933, 8.266956577126431 ], [ -76.379020169358697, 8.264838320742525 ], [ -76.379303406237824, 8.26489297581397 ], [ -76.379626626855924, 8.263255258591073 ], [ -76.381054476380413, 8.264116350578739 ], [ -76.38100914036977, 8.264751024317153 ], [ -76.381358259687062, 8.265221294659199 ], [ -76.382475324660959, 8.265267283098488 ], [ -76.382552707537059, 8.26562557673418 ], [ -76.381879033220784, 8.265886139164198 ], [ -76.381954022262732, 8.269854470015845 ], [ -76.384990637483568, 8.269673182691601 ], [ -76.384967495647572, 8.270181469331352 ], [ -76.385629511096056, 8.270206077424673 ], [ -76.385252333643294, 8.270954952757839 ], [ -76.386318388455024, 8.270982383252546 ], [ -76.385976349858097, 8.27216362934085 ], [ -76.386799807679395, 8.272208049113896 ], [ -76.386368543447546, 8.272456517938743 ], [ -76.386225324661027, 8.273192716901443 ], [ -76.385886363666572, 8.273268799009017 ], [ -76.385544623167576, 8.274372791909141 ], [ -76.388959990392721, 8.274758287105655 ], [ -76.388982313622918, 8.275115644479007 ], [ -76.388451906748898, 8.275170276425508 ], [ -76.388444574781872, 8.275508083203595 ], [ -76.388789233244395, 8.275575117624923 ], [ -76.387813656271121, 8.277319565833817 ], [ -76.386634603325078, 8.276942620300682 ], [ -76.386688175529684, 8.276281014953563 ], [ -76.38606382162564, 8.275741597939234 ], [ -76.386135287281235, 8.275444102591555 ], [ -76.384851801595886, 8.275500612057451 ], [ -76.38465814184822, 8.276221090000291 ], [ -76.38546864358608, 8.276392080323868 ], [ -76.385889643352726, 8.276826830394128 ], [ -76.38569163324162, 8.27782912296844 ], [ -76.385959770581906, 8.27884212856616 ], [ -76.385579206044994, 8.280502695495036 ], [ -76.386571758250128, 8.280330177051409 ], [ -76.386729617245578, 8.280656591661531 ], [ -76.385911442681987, 8.281270816544508 ], [ -76.385694748508712, 8.282032943547813 ], [ -76.386360417715196, 8.282416741550726 ], [ -76.386662395946558, 8.281821605921261 ], [ -76.387297981058069, 8.281959610666135 ], [ -76.388052626659558, 8.281634614370725 ], [ -76.388208385076325, 8.28344762436171 ], [ -76.387284298951343, 8.283046394768919 ], [ -76.386833596353895, 8.284317965442977 ], [ -76.387585467663015, 8.284550018534004 ], [ -76.38831182822139, 8.283990168675636 ], [ -76.388714266827776, 8.284628452328606 ], [ -76.390610343131954, 8.284562988636809 ], [ -76.390445022601867, 8.285571308947226 ], [ -76.390678176563185, 8.286036032804633 ], [ -76.392917163510987, 8.286699918633248 ], [ -76.392851252978673, 8.288041616067995 ] ], [ [ -76.372069764257006, 8.269943281680552 ], [ -76.372012181963839, 8.270165909024957 ], [ -76.372168114230632, 8.270019207055462 ], [ -76.372069764257006, 8.269943281680552 ] ], [ [ -76.37717686129217, 8.270132123444967 ], [ -76.377011884103453, 8.26993707609059 ], [ -76.377054997547233, 8.270149695157912 ], [ -76.37717686129217, 8.270132123444967 ] ], [ [ -76.377354526570329, 8.269144301109124 ], [ -76.377116590606164, 8.269447517488587 ], [ -76.37741862813661, 8.26924114502023 ], [ -76.377354526570329, 8.269144301109124 ] ], [ [ -76.377304487357051, 8.270373787902455 ], [ -76.377212738645269, 8.270514186853321 ], [ -76.377335106503224, 8.270495911004396 ], [ -76.377304487357051, 8.270373787902455 ] ], [ [ -76.377418533024738, 8.270683539438917 ], [ -76.37755904757006, 8.270825175863635 ], [ -76.377558134582472, 8.270693273919246 ], [ -76.377418533024738, 8.270683539438917 ] ], [ [ -76.377848291607535, 8.271042163939759 ], [ -76.377845277563765, 8.27088 ], [ -76.377765277580338, 8.27096005149631 ], [ -76.377848291607535, 8.271042163939759 ] ], [ [ -76.379085314760587, 8.273174961787793 ], [ -76.37895668373875, 8.27344926683846 ], [ -76.379150484800562, 8.273397133836038 ], [ -76.379085314760587, 8.273174961787793 ] ], [ [ -76.382781375785513, 8.275560813738608 ], [ -76.382558081493769, 8.27520003323218 ], [ -76.382456035387321, 8.275250191650098 ], [ -76.382781375785513, 8.275560813738608 ] ], [ [ -76.382687357484585, 8.271000534709751 ], [ -76.382938818337777, 8.271060047940942 ], [ -76.382747651501631, 8.270906323209019 ], [ -76.382687357484585, 8.271000534709751 ] ], [ [ -76.383377727512453, 8.276231222251264 ], [ -76.383205405097868, 8.276102390144251 ], [ -76.383218713431205, 8.276225074480049 ], [ -76.383377727512453, 8.276231222251264 ] ], [ [ -76.383943939955671, 8.276329699778341 ], [ -76.384089245704587, 8.276556166831925 ], [ -76.384274495731461, 8.276420556750141 ], [ -76.384219985549734, 8.276323318867579 ], [ -76.383943939955671, 8.276329699778341 ] ], [ [ -76.386660968210663, 8.287232253774588 ], [ -76.386389909245736, 8.287098820305628 ], [ -76.38622421316235, 8.287566300137181 ], [ -76.386336182423875, 8.2875827755353 ], [ -76.386660968210663, 8.287232253774588 ] ], [ [ -76.388355079994625, 8.285679304977787 ], [ -76.387930268118964, 8.28571928318377 ], [ -76.387874999007806, 8.285818354803752 ], [ -76.388209405341343, 8.285972431796953 ], [ -76.388355079994625, 8.285679304977787 ] ] ], [ [ [ -76.388539291377754, 8.454865623203686 ], [ -76.386940570270568, 8.455107540869824 ], [ -76.386324878527049, 8.45473293350148 ], [ -76.38622776351518, 8.454237421804901 ], [ -76.3856650620789, 8.454063166423627 ], [ -76.385678352150165, 8.453553315230479 ], [ -76.384926009147591, 8.453294164403562 ], [ -76.384912262901565, 8.452930977705011 ], [ -76.386206801504017, 8.453462106020265 ], [ -76.386979389933757, 8.453242447563341 ], [ -76.387425079155989, 8.453976996512337 ], [ -76.389004110830982, 8.454375960823292 ], [ -76.388539291377754, 8.454865623203686 ] ] ], [ [ [ -76.389976130342177, 8.454625723270293 ], [ -76.390736585053233, 8.455060999917727 ], [ -76.38992558176767, 8.45537372758017 ], [ -76.389976130342177, 8.454625723270293 ] ] ] ] } },
{ "type": "Feature", "properties": { "municipio": "Turbo", "cod_divipola": "05837", "cod_dpto": "05", "dpto": "ANTIOQUIA", "tipo": "zona_urbana", "fuente": "DANE MGN 2022 - perimetro urbano derivado de manzanas", "area_km2": 16.423, "poblacion_est_2023": 155000 }, "geometry": { "type": "MultiPolygon", "coordinates": [ [ [ [ -76.42467142169204, 8.279442038583392 ], [ -76.425277352188857, 8.2797497490933 ], [ -76.424261489713729, 8.280846271057104 ], [ -76.422589885137185, 8.281133985246687 ], [ -76.421698386927673, 8.281706669510415 ], [ -76.421246006223669, 8.282438964310604 ], [ -76.420616602775695, 8.282374720020815 ], [ -76.420488153871673, 8.281772266171751 ], [ -76.41960719732738, 8.281695245773118 ], [ -76.419468335077497, 8.280877222748236 ], [ -76.418314035785087, 8.281377956696607 ], [ -76.418256928656916, 8.282249158764159 ], [ -76.418631164203404, 8.282223524681775 ], [ -76.418799560424389, 8.28263630757195 ], [ -76.418421981240513, 8.282849221802854 ], [ -76.418989236897914, 8.285127630476863 ], [ -76.417610357619438, 8.285007374482717 ], [ -76.416746779111747, 8.283869683272721 ], [ -76.41592024741233, 8.284867058654779 ], [ -76.413480071008294, 8.285994079960568 ], [ -76.413947279135229, 8.287118530067854 ], [ -76.413525166130327, 8.286881443092723 ], [ -76.413026392680095, 8.287074529100327 ], [ -76.412538307444763, 8.285814639992569 ], [ -76.411351870461544, 8.286148228755227 ], [ -76.41116405472799, 8.285338085759852 ], [ -76.412521056541465, 8.28464861479838 ], [ -76.411656035003318, 8.284174184675082 ], [ -76.411326930595806, 8.283554988485935 ], [ -76.411935917486517, 8.283331001652773 ], [ -76.412311624123191, 8.284026796097239 ], [ -76.413031758666378, 8.284026507400425 ], [ -76.414104697153192, 8.2829823214377 ], [ -76.413910275988002, 8.282247387345855 ], [ -76.414185104761273, 8.281996481113126 ], [ -76.418298879246592, 8.279763266357106 ], [ -76.418577163563782, 8.279878809434202 ], [ -76.41860354862385, 8.279430963269203 ], [ -76.419817841828703, 8.279401700000459 ], [ -76.420069564319519, 8.279656363872636 ], [ -76.419923872199618, 8.280072221036448 ], [ -76.421564802297439, 8.279590435708609 ], [ -76.423403698637074, 8.2803 ], [ -76.423867514018539, 8.280270563502457 ], [ -76.42467142169204, 8.279442038583392 ] ] ], [ [ [ -76.423379788415417, 8.202152183079779 ], [ -76.423098394078707, 8.203407604053513 ], [ -76.422422674332822, 8.203788368721467 ], [ -76.421835385629308, 8.205642626659507 ], [ -76.421126055410355, 8.205325623247806 ], [ -76.419997669067854, 8.206495629152025 ], [ -76.420063070952338, 8.206039550282691 ], [ -76.421832855345102, 8.203780315917593 ], [ -76.421493930043894, 8.203318259189661 ], [ -76.423142715990011, 8.20197028307091 ], [ -76.423379788415417, 8.202152183079779 ] ] ], [ [ [ -76.435848471259987, 8.316577902570286 ], [ -76.435595778198007, 8.317183080526769 ], [ -76.436044418773804, 8.317839411243913 ], [ -76.434817184513406, 8.317819883708088 ], [ -76.433350416032184, 8.317083535097932 ], [ -76.433707139129339, 8.316464806259777 ], [ -76.434388603198741, 8.316425160665348 ], [ -76.434606750486637, 8.316020361494061 ], [ -76.435848471259987, 8.316577902570286 ] ] ], [ [ [ -76.456826468795455, 8.231267333564258 ], [ -76.456980094567967, 8.23225938942541 ], [ -76.456683393259411, 8.232847440895004 ], [ -76.457019901973823, 8.233489526513367 ], [ -76.456812960902795, 8.233679684832326 ], [ -76.456471902250968, 8.233341577368435 ], [ -76.455048161101658, 8.23372 ], [ -76.454846765302378, 8.233420449060503 ], [ -76.454288781182569, 8.233639870604724 ], [ -76.454094183918727, 8.23337266714838 ], [ -76.453804702937745, 8.233679190480991 ], [ -76.453642306418331, 8.232779334196218 ], [ -76.453213736097197, 8.232761792520996 ], [ -76.45286964191115, 8.231969977043477 ], [ -76.451611414702157, 8.232409855419808 ], [ -76.451450429082058, 8.232013636952896 ], [ -76.452259826810263, 8.23039289046914 ], [ -76.452803907039936, 8.230170484872669 ], [ -76.453095424977477, 8.230676389638788 ], [ -76.453927973931116, 8.230695543640186 ], [ -76.453932167436008, 8.230031096350739 ], [ -76.454907210414774, 8.228850296061145 ], [ -76.454867514756572, 8.229310365272136 ], [ -76.455611201481133, 8.230317230501459 ], [ -76.456935376697061, 8.230067359896925 ], [ -76.45715983566464, 8.231191574817371 ], [ -76.456826468795455, 8.231267333564258 ] ] ], [ [ [ -76.489348668927462, 8.369454640277766 ], [ -76.489792861135498, 8.369240298324907 ], [ -76.490019807270286, 8.369551952937853 ], [ -76.489389387082312, 8.369994060109319 ], [ -76.489531959259935, 8.37034590794145 ], [ -76.487827941210142, 8.371164661908761 ], [ -76.487261477140308, 8.371838648798143 ], [ -76.487609831914213, 8.372221632003297 ], [ -76.487194862580182, 8.372813517779381 ], [ -76.487081696862958, 8.372140490738415 ], [ -76.486137804939446, 8.372778312999394 ], [ -76.48588184110838, 8.37249703713756 ], [ -76.485503423946483, 8.372732438257 ], [ -76.485949702880021, 8.373342831395719 ], [ -76.485342956321901, 8.374369688398 ], [ -76.484854541886236, 8.373996256933681 ], [ -76.484334276338757, 8.374062203138797 ], [ -76.482562800964942, 8.371650009126839 ], [ -76.482845595051444, 8.371368699048332 ], [ -76.482240432223065, 8.370603632882474 ], [ -76.483234920600921, 8.369946644354592 ], [ -76.482870205048698, 8.369422013699719 ], [ -76.483157523097219, 8.369170253031651 ], [ -76.483499368830053, 8.369482153683885 ], [ -76.483939612807816, 8.369292566421999 ], [ -76.484402054734574, 8.370136148801807 ], [ -76.484864187241428, 8.369920539689437 ], [ -76.485177937108475, 8.370324089115114 ], [ -76.485293509462323, 8.369428853034437 ], [ -76.486026746911151, 8.369090359843774 ], [ -76.487008127135667, 8.369153950516145 ], [ -76.487535934980698, 8.368820790918084 ], [ -76.488053066228929, 8.369485362070352 ], [ -76.488961699290186, 8.368960175459559 ], [ -76.489348668927462, 8.369454640277766 ] ], [ [ -76.484468881686027, 8.372947659361664 ], [ -76.484340270776912, 8.373161576527188 ], [ -76.484520160156336, 8.373047163795716 ], [ -76.484468881686027, 8.372947659361664 ] ] ], [ [ [ -76.486199714683409, 8.216980098165578 ], [ -76.487527376120369, 8.217579700679758 ], [ -76.486666959581925, 8.218017541022432 ], [ -76.486279217810306, 8.219075761873247 ], [ -76.48682711610175, 8.219173475868374 ], [ -76.486920478022796, 8.218900106929697 ], [ -76.487694700040123, 8.219160477636638 ], [ -76.488087842456977, 8.219381193584972 ], [ -76.487973091601262, 8.219704986476133 ], [ -76.486394108333442, 8.219330344224883 ], [ -76.484125834397602, 8.220273979194664 ], [ -76.484916895645952, 8.217335012685078 ], [ -76.486199714683409, 8.216980098165578 ] ], [ [ -76.485745284523588, 8.21912780007767 ], [ -76.485955500522294, 8.219029597308518 ], [ -76.485762704954297, 8.218990767732226 ], [ -76.485745284523588, 8.21912780007767 ] ], [ [ -76.486106190476619, 8.218688441564307 ], [ -76.48629243936368, 8.218747492611673 ], [ -76.486239541523986, 8.218562008971235 ], [ -76.486106190476619, 8.218688441564307 ] ] ], [ [ [ -76.49720990368823, 8.269939713804066 ], [ -76.496458492103628, 8.271257994686575 ], [ -76.495668312024208, 8.271169462230022 ], [ -76.495597123767453, 8.272065183626641 ], [ -76.495471417803699, 8.271398924829155 ], [ -76.495020406464931, 8.271073467373075 ], [ -76.495242180926795, 8.270331932523861 ], [ -76.494390105408712, 8.270140574257447 ], [ -76.495299862566313, 8.268162873469107 ], [ -76.496777353257883, 8.268710261563562 ], [ -76.496368569817605, 8.269632078379239 ], [ -76.49720990368823, 8.269939713804066 ] ] ], [ [ [ -76.520728335443422, 8.038241760777074 ], [ -76.520508758747866, 8.038409192760701 ], [ -76.52073859123422, 8.038777096423665 ], [ -76.520328312711271, 8.039202091528637 ], [ -76.520468519926666, 8.039517299645613 ], [ -76.519863542699056, 8.039850370086151 ], [ -76.519968088639217, 8.040158188999294 ], [ -76.518883045787305, 8.040274095165726 ], [ -76.518470617050681, 8.040819896415289 ], [ -76.518012222327499, 8.040151171110001 ], [ -76.517484609098744, 8.040125440403349 ], [ -76.517322233716214, 8.040429761426656 ], [ -76.516419467375172, 8.040296880924284 ], [ -76.516680816850581, 8.039878922185903 ], [ -76.516487619917982, 8.038468344529113 ], [ -76.515246406595253, 8.038674535465843 ], [ -76.514200372176319, 8.036474293176003 ], [ -76.514092830291844, 8.036039924607921 ], [ -76.514668503933109, 8.035704460970305 ], [ -76.514362565941511, 8.034360406757084 ], [ -76.515686497819289, 8.033700401951037 ], [ -76.515917983319156, 8.034033599083886 ], [ -76.518420762396815, 8.03343325060715 ], [ -76.519101784145931, 8.035323960571075 ], [ -76.51994636468055, 8.034760431761068 ], [ -76.520397978083267, 8.035031469082858 ], [ -76.520119170134606, 8.035718202436742 ], [ -76.520328236480367, 8.036478402129923 ], [ -76.519900511368363, 8.036571595048986 ], [ -76.520728335443422, 8.038241760777074 ] ], [ [ -76.514557956880822, 8.036802659112091 ], [ -76.514749623509758, 8.036692522575647 ], [ -76.514596146643569, 8.03663614441154 ], [ -76.514557956880822, 8.036802659112091 ] ], [ [ -76.514780128240702, 8.03638642412653 ], [ -76.514876138177314, 8.036058900048177 ], [ -76.51463164164177, 8.036108848300234 ], [ -76.514780128240702, 8.03638642412653 ] ], [ [ -76.516198736011816, 8.037511650361495 ], [ -76.516064254505793, 8.037641316001087 ], [ -76.516229381391412, 8.037674574754316 ], [ -76.516198736011816, 8.037511650361495 ] ] ], [ [ [ -76.52046789166566, 8.240825919508282 ], [ -76.518991904907125, 8.239989493875161 ], [ -76.518525714829778, 8.240063852609017 ], [ -76.518774111055194, 8.239530004239603 ], [ -76.518004854828249, 8.239522918186934 ], [ -76.518244016702866, 8.238695783171169 ], [ -76.517676347608173, 8.238139761436743 ], [ -76.51602408748731, 8.237781953537025 ], [ -76.517076242812379, 8.236539861434226 ], [ -76.516908162467303, 8.235934001136213 ], [ -76.51760943097797, 8.236751181218052 ], [ -76.518845914282338, 8.236388039068091 ], [ -76.518880350388073, 8.236656998472307 ], [ -76.517962231969747, 8.236937494131494 ], [ -76.518945653784357, 8.23846823309006 ], [ -76.519816991828876, 8.238329627628096 ], [ -76.519398966961077, 8.238950714839374 ], [ -76.520377436188767, 8.239680384173642 ], [ -76.52046789166566, 8.240825919508282 ] ] ], [ [ [ -76.527607012650776, 8.204790100224963 ], [ -76.526693703373041, 8.206309560938713 ], [ -76.526026190737795, 8.204968168285108 ], [ -76.525801239410427, 8.205456427823076 ], [ -76.525331351315828, 8.205091245247868 ], [ -76.524663378846171, 8.20581961559153 ], [ -76.524058085793683, 8.2053503830456 ], [ -76.522997000269342, 8.207130765284525 ], [ -76.52206261781356, 8.207799685237379 ], [ -76.521952230946937, 8.207361026383232 ], [ -76.523073540741535, 8.205719408523192 ], [ -76.522145431410408, 8.204686432837995 ], [ -76.522536545048965, 8.204481207352734 ], [ -76.523285636579942, 8.205077029443823 ], [ -76.524400608463367, 8.203972451753286 ], [ -76.525232485099153, 8.204106608266903 ], [ -76.524474365958667, 8.203133229341278 ], [ -76.523621772260825, 8.202698019622344 ], [ -76.52340078340805, 8.200252357937876 ], [ -76.524034965057666, 8.200086870930756 ], [ -76.524744499943722, 8.201595933746352 ], [ -76.525687291446232, 8.202230102992413 ], [ -76.525884552694038, 8.203027677447965 ], [ -76.526684955298194, 8.20258686431548 ], [ -76.526613918257468, 8.203471328287158 ], [ -76.527093169518636, 8.203916448299696 ], [ -76.527389278590448, 8.20362011314768 ], [ -76.527728082909093, 8.203881728657834 ], [ -76.527410918785094, 8.204375935715452 ], [ -76.527607012650776, 8.204790100224963 ] ] ], [ [ [ -76.528066431204479, 8.201750403507697 ], [ -76.528037336099715, 8.203369786319554 ], [ -76.527489307889482, 8.203316774187613 ], [ -76.526903476946501, 8.202278902007322 ], [ -76.528066431204479, 8.201750403507697 ] ] ], [ [ [ -76.551431993834967, 8.13667802295647 ], [ -76.55093922816873, 8.139885135978 ], [ -76.550421640027693, 8.139938295193636 ], [ -76.550122963630798, 8.139221697623569 ], [ -76.549420592066014, 8.138954389204097 ], [ -76.549803857874863, 8.138194911090187 ], [ -76.549370670044951, 8.137535240076771 ], [ -76.54986, 8.136885240857325 ], [ -76.549451994750129, 8.136778482201592 ], [ -76.549420135445033, 8.135968877142934 ], [ -76.549782181566755, 8.135738719050897 ], [ -76.549931357203377, 8.135044536929787 ], [ -76.549561141621155, 8.133843648675112 ], [ -76.550065538390029, 8.133913253552636 ], [ -76.550777602632294, 8.132420245134931 ], [ -76.551049898692071, 8.132570197732715 ], [ -76.550764221278214, 8.133200316021185 ], [ -76.551099897864717, 8.133349430035874 ], [ -76.550816172515951, 8.134065351193948 ], [ -76.550938559278961, 8.135208472172799 ], [ -76.551297941915848, 8.135935993858615 ], [ -76.551849531237025, 8.136096157743014 ], [ -76.551786252520102, 8.136721484445486 ], [ -76.551431993834967, 8.13667802295647 ] ] ], [ [ [ -76.626620651892182, 7.925882412385603 ], [ -76.62832480684078, 7.925653302086245 ], [ -76.626812482947372, 7.926947103946945 ], [ -76.627235907694697, 7.927881963662925 ], [ -76.62590499464001, 7.92876080049034 ], [ -76.627315575630718, 7.93074239071599 ], [ -76.624167949986941, 7.930288881929004 ], [ -76.62195997613648, 7.932606744757235 ], [ -76.622149772878373, 7.932952306114759 ], [ -76.621857272155481, 7.93326530089523 ], [ -76.621174003677609, 7.92759815806884 ], [ -76.623259157601197, 7.929709558873522 ], [ -76.624083657784254, 7.930110337072281 ], [ -76.624386502264684, 7.929704155054091 ], [ -76.623630124502299, 7.92808961838656 ], [ -76.624034929958896, 7.927287030526158 ], [ -76.625301941543739, 7.926809774185006 ], [ -76.626042443884558, 7.925271584785153 ], [ -76.626620651892182, 7.925882412385603 ] ] ], [ [ [ -76.646514988942286, 7.995600731802409 ], [ -76.646619752131045, 7.998732408192248 ], [ -76.646203300376939, 7.998899334597924 ], [ -76.646235859119741, 8.000132027977401 ], [ -76.645915853423389, 8.000144843070094 ], [ -76.645702248559957, 8.000629743603724 ], [ -76.644364814684764, 8.000436678073136 ], [ -76.644275426725159, 8.00103258010456 ], [ -76.643881510637087, 8.001077099798726 ], [ -76.644128388454988, 8.001797616747499 ], [ -76.643741934560666, 8.002019810918542 ], [ -76.643603492014861, 8.001608535084529 ], [ -76.642552446662236, 8.001299382454519 ], [ -76.642510350974035, 7.999904256586444 ], [ -76.641726855558261, 7.999858539527138 ], [ -76.641461248595263, 8.001679855914418 ], [ -76.640980418551067, 8.00128450120639 ], [ -76.640768401484024, 7.999767685105407 ], [ -76.63907159776484, 7.999678831803471 ], [ -76.639042612139775, 7.999955400163925 ], [ -76.638558063077923, 8.000075923451012 ], [ -76.63783011204616, 7.999060636608307 ], [ -76.6387253832185, 7.99875674379556 ], [ -76.638546198090694, 7.998181945367786 ], [ -76.634351965897991, 7.998740535782445 ], [ -76.634324407647853, 7.99956960468839 ], [ -76.63346905627445, 7.998839587143235 ], [ -76.632393910097122, 7.998944638003848 ], [ -76.632105652368097, 7.999893456994128 ], [ -76.632207918383273, 8.000704742381959 ], [ -76.632729046481415, 8.000744222313116 ], [ -76.632667556971228, 8.001879375965572 ], [ -76.632317396725767, 8.002279738143507 ], [ -76.631950707646155, 8.00178839990966 ], [ -76.632030197122759, 8.002287097237348 ], [ -76.630558995464071, 8.002639879629729 ], [ -76.630040198970278, 8.001764784879747 ], [ -76.628822827982361, 8.002150074787099 ], [ -76.628360129416649, 8.000731222310066 ], [ -76.628638653169304, 8.000447417858151 ], [ -76.627742522827759, 7.999009920651499 ], [ -76.62749010511007, 7.997569450243133 ], [ -76.629846591541352, 7.99638589088505 ], [ -76.630173660970684, 7.995348627503001 ], [ -76.63081821521962, 7.995097569243297 ], [ -76.631109538861196, 7.993893089574988 ], [ -76.634130453013739, 7.993524278135272 ], [ -76.635440272536727, 7.992345923289802 ], [ -76.634717786070397, 7.992165719026697 ], [ -76.634156594764519, 7.99142538990323 ], [ -76.63390654847295, 7.991639804417851 ], [ -76.633160399890272, 7.991377441233573 ], [ -76.632280199513431, 7.990462083921967 ], [ -76.632353878491855, 7.990111060922596 ], [ -76.634649114694156, 7.989616053101805 ], [ -76.634764752983244, 7.988957212260444 ], [ -76.635569138504792, 7.988622506153425 ], [ -76.63540918877753, 7.988091800959968 ], [ -76.634990458785609, 7.988183801797988 ], [ -76.634840105190662, 7.986149391240231 ], [ -76.635126574589776, 7.985962378925557 ], [ -76.634590099617313, 7.984299984824514 ], [ -76.634840354911148, 7.984190098721824 ], [ -76.63589805178168, 7.986558773433093 ], [ -76.636189413295341, 7.986736213802386 ], [ -76.636741683550753, 7.986191897309497 ], [ -76.637228388455043, 7.986232383252596 ], [ -76.636875016208904, 7.986375867249929 ], [ -76.636145545284279, 7.98774930751136 ], [ -76.636430642976279, 7.988567444165596 ], [ -76.637235322019365, 7.988290817822206 ], [ -76.63896008489904, 7.989213701220511 ], [ -76.639712596890249, 7.988460268872286 ], [ -76.640166997394857, 7.989270180708096 ], [ -76.640459016504906, 7.989264127132538 ], [ -76.640617591632335, 7.990128398596458 ], [ -76.640037390645702, 7.990195404948331 ], [ -76.639751456266765, 7.989382521585533 ], [ -76.638709909358241, 7.989945968344047 ], [ -76.639027713748618, 7.991098201542535 ], [ -76.640159509475097, 7.990942513685247 ], [ -76.64039973221152, 7.991772598028636 ], [ -76.639512514678387, 7.992027654928317 ], [ -76.639241293399152, 7.992936386084888 ], [ -76.638680876627163, 7.992895038889577 ], [ -76.638469892642959, 7.993309543400229 ], [ -76.638746806950905, 7.994340671991084 ], [ -76.6375717816221, 7.994702974111955 ], [ -76.637853436430248, 7.995818734888439 ], [ -76.638676761173954, 7.995721034633891 ], [ -76.639325116563256, 7.996229890169906 ], [ -76.639789804123467, 7.996185242648362 ], [ -76.643819821143921, 7.995090094443143 ], [ -76.644245089994243, 7.995472107270059 ], [ -76.646514988942286, 7.995600731802409 ] ], [ [ -76.635880527954214, 7.992907031969104 ], [ -76.635776461081903, 7.992591754836017 ], [ -76.635184355196159, 7.993134224702443 ], [ -76.635286585115281, 7.993184215886116 ], [ -76.635880527954214, 7.992907031969104 ] ], [ [ -76.635316092719691, 7.989333091719882 ], [ -76.635428476126634, 7.988991364397146 ], [ -76.635319008479101, 7.988959459859792 ], [ -76.635316092719691, 7.989333091719882 ] ], [ [ -76.635894579105383, 7.989830862226132 ], [ -76.63646513387063, 7.990046777225802 ], [ -76.635910577968218, 7.989597054003481 ], [ -76.635547509363107, 7.989914082446446 ], [ -76.635634918709144, 7.990268440277174 ], [ -76.635894579105383, 7.989830862226132 ] ], [ [ -76.636358807349325, 7.990924110299806 ], [ -76.636617199246402, 7.991209289670648 ], [ -76.636476182076493, 7.990843064331099 ], [ -76.636358807349325, 7.990924110299806 ] ], [ [ -76.638268581710889, 7.989976681893786 ], [ -76.638407438889985, 7.989837864022534 ], [ -76.638263847458362, 7.989850638582325 ], [ -76.638268581710889, 7.989976681893786 ] ] ], [ [ [ -76.649903059826755, 8.03668501532225 ], [ -76.650619881801148, 8.036629050284352 ], [ -76.650018607218598, 8.037068702344266 ], [ -76.650200612355647, 8.037796836936298 ], [ -76.649575873653731, 8.037919471091035 ], [ -76.649374838952625, 8.037637642892555 ], [ -76.647282968936125, 8.038540307350191 ], [ -76.647499264433847, 8.03599324453196 ], [ -76.649674941592281, 8.03611071362449 ], [ -76.649903059826755, 8.03668501532225 ] ], [ [ -76.648879072395573, 8.036923366925805 ], [ -76.6490433320497, 8.037141899017767 ], [ -76.648990670350912, 8.036904274571361 ], [ -76.648879072395573, 8.036923366925805 ] ] ], [ [ [ -76.663775272293677, 8.062666477944248 ], [ -76.663658349805743, 8.061923856505057 ], [ -76.66430563229541, 8.061837687203903 ], [ -76.664699041765701, 8.063725794386945 ], [ -76.662352905382761, 8.064258719582368 ], [ -76.662368559687266, 8.064897218228783 ], [ -76.661984027483413, 8.065624116398034 ], [ -76.661578489802324, 8.065699071151505 ], [ -76.661448748054966, 8.066442837496133 ], [ -76.661498802011849, 8.067655903128037 ], [ -76.662099478353838, 8.067725887195607 ], [ -76.661785495639037, 8.068302511738764 ], [ -76.661104112922132, 8.068243623514158 ], [ -76.660508007333078, 8.068709800356569 ], [ -76.659399402510672, 8.068058299075142 ], [ -76.659088526576838, 8.068436265559578 ], [ -76.658965485464648, 8.06731976225525 ], [ -76.658537413214617, 8.0674154121134 ], [ -76.658180726626924, 8.066694988876115 ], [ -76.658150366276388, 8.065746731194533 ], [ -76.658448010242324, 8.065398738757645 ], [ -76.657608589058967, 8.065579853447181 ], [ -76.657450651147116, 8.065304686931837 ], [ -76.657602858422308, 8.064519894728727 ], [ -76.65807, 8.064141612483901 ], [ -76.65712038257449, 8.06035334391686 ], [ -76.657396146904233, 8.060101765027285 ], [ -76.65525372733758, 8.060231469226 ], [ -76.655242983177402, 8.058971543897149 ], [ -76.654360658899975, 8.058184699657202 ], [ -76.654724700575841, 8.057985111885648 ], [ -76.654010127794521, 8.055381044813469 ], [ -76.655569543769872, 8.054710104549951 ], [ -76.655829904371487, 8.055346487024147 ], [ -76.658176768238221, 8.055480501220964 ], [ -76.658442230175254, 8.051061680252245 ], [ -76.659149346831782, 8.051284425740127 ], [ -76.659019646836825, 8.055523122962422 ], [ -76.65606849873204, 8.056141723715427 ], [ -76.656949615204965, 8.058874341615358 ], [ -76.657678041475535, 8.059141583248469 ], [ -76.658537818158777, 8.062101174779261 ], [ -76.660074636876487, 8.061410642216559 ], [ -76.660428933102679, 8.061713867286922 ], [ -76.660476754966737, 8.062500013201946 ], [ -76.661051682297739, 8.062329357247508 ], [ -76.661191683355824, 8.061302200080521 ], [ -76.66150736301303, 8.061331501259197 ], [ -76.661720202251189, 8.062675042650847 ], [ -76.662728951582551, 8.063614865836527 ], [ -76.662463539184657, 8.06296880934203 ], [ -76.662710549094825, 8.062730103816174 ], [ -76.66340195497753, 8.062994174522574 ], [ -76.663775272293677, 8.062666477944248 ] ], [ [ -76.65865898356617, 8.065747678490037 ], [ -76.658461266767901, 8.065911334504893 ], [ -76.658653736742735, 8.065875332359258 ], [ -76.65865898356617, 8.065747678490037 ] ] ], [ [ [ -76.657872584575998, 7.491514337887598 ], [ -76.656126282632414, 7.49312888460697 ], [ -76.655381085374103, 7.492436190847381 ], [ -76.655759479772982, 7.492015917981263 ], [ -76.655604316955717, 7.491777745071317 ], [ -76.656813821379075, 7.49052107875824 ], [ -76.657872584575998, 7.491514337887598 ] ] ], [ [ [ -76.65813527206123, 8.034950806060657 ], [ -76.657975655710118, 8.035599085575237 ], [ -76.657194569645057, 8.035566077842244 ], [ -76.657102315486497, 8.03676401392798 ], [ -76.659505688198777, 8.036920923383427 ], [ -76.659481513608142, 8.037376235610042 ], [ -76.656723225812385, 8.037200692110515 ], [ -76.656852658818309, 8.035298217752496 ], [ -76.65662365465883, 8.034848636338179 ], [ -76.65813527206123, 8.034950806060657 ] ] ], [ [ [ -76.658480377385445, 8.032559906465622 ], [ -76.657105368227221, 8.03262348504439 ], [ -76.657217320091149, 8.031134659508004 ], [ -76.657470073873824, 8.03162763527833 ], [ -76.657987465597117, 8.031690459677232 ], [ -76.657944378868024, 8.032472729762528 ], [ -76.658480377385445, 8.032559906465622 ] ] ], [ [ [ -76.682035189759048, 8.125962143852515 ], [ -76.684008098401904, 8.126651726382059 ], [ -76.683792049158754, 8.127064184110814 ], [ -76.684299894029735, 8.127910687697709 ], [ -76.683898414901662, 8.128774416166218 ], [ -76.685035983944559, 8.129338188730312 ], [ -76.684828127554738, 8.129988119388434 ], [ -76.684115085607729, 8.130039239856302 ], [ -76.68316371074495, 8.129578887437278 ], [ -76.682210284687514, 8.129789905029778 ], [ -76.67921213410655, 8.129488290437333 ], [ -76.678114267944792, 8.12848219335279 ], [ -76.678202500437536, 8.128166369098073 ], [ -76.67713010757808, 8.126669404945618 ], [ -76.680869018144932, 8.124370124664672 ], [ -76.682035189759048, 8.125962143852515 ] ] ], [ [ [ -76.696038156813529, 8.049508317515009 ], [ -76.69574396521395, 8.050654184796178 ], [ -76.694035082766945, 8.050822284473419 ], [ -76.693442482794453, 8.051889750897836 ], [ -76.693061130036284, 8.051816329265815 ], [ -76.693223873930421, 8.050833578683125 ], [ -76.692912113501677, 8.050708723155504 ], [ -76.692996077714113, 8.050318958828589 ], [ -76.691800392796623, 8.050163404280706 ], [ -76.693139477458317, 8.04990874409075 ], [ -76.694206315448582, 8.04928043936852 ], [ -76.696038156813529, 8.049508317515009 ] ] ], [ [ [ -76.696613172816981, 8.123131297885227 ], [ -76.697393790938492, 8.124294346021253 ], [ -76.694657673526095, 8.126218574119417 ], [ -76.69300561073112, 8.126853747114174 ], [ -76.692616784109632, 8.125235120045899 ], [ -76.693365239261354, 8.12587068749861 ], [ -76.693584639480292, 8.125276894696221 ], [ -76.695286036336384, 8.124308778523117 ], [ -76.695178063731205, 8.123994075815629 ], [ -76.696613172816981, 8.123131297885227 ] ] ], [ [ [ -76.70078759921023, 8.086121605929748 ], [ -76.700888244985322, 8.088117927772934 ], [ -76.700343621590406, 8.088974509795547 ], [ -76.699927675988533, 8.088999763139109 ], [ -76.697337247508244, 8.088235288469152 ], [ -76.696985119261413, 8.087480268013081 ], [ -76.696423089616999, 8.087110900593562 ], [ -76.696340207390236, 8.086217974966418 ], [ -76.696933309215765, 8.085935201649965 ], [ -76.697642547448794, 8.087496048592039 ], [ -76.699255764330417, 8.086894056779574 ], [ -76.69784063668132, 8.08573456546007 ], [ -76.698013138847799, 8.08427942611381 ], [ -76.698773423600699, 8.084290400144557 ], [ -76.698694844546253, 8.085362205518717 ], [ -76.699191996293095, 8.086001894575743 ], [ -76.70078759921023, 8.086121605929748 ] ], [ [ -76.699955012004139, 8.08698356261592 ], [ -76.699844637611108, 8.086711153523957 ], [ -76.699783387378332, 8.086944864402273 ], [ -76.699955012004139, 8.08698356261592 ] ] ], [ [ [ -76.708542245553105, 8.083034316184497 ], [ -76.708258770057355, 8.085537860214441 ], [ -76.70667825692901, 8.085439985363264 ], [ -76.705992994149469, 8.08509042303907 ], [ -76.70503130742253, 8.08569622076778 ], [ -76.704997343211446, 8.086328496292621 ], [ -76.703002502213536, 8.086339472207882 ], [ -76.702970381885862, 8.084606657091902 ], [ -76.703530081606232, 8.084121778571884 ], [ -76.703541380923383, 8.083552054100723 ], [ -76.706401030363836, 8.083409061880175 ], [ -76.706857274843898, 8.082764446428895 ], [ -76.707600669482659, 8.082690110164972 ], [ -76.707766551073135, 8.083162216953978 ], [ -76.708542245553105, 8.083034316184497 ] ] ], [ [ [ -76.71941959874485, 8.114269596495562 ], [ -76.718664069663987, 8.114411141235395 ], [ -76.718355817842749, 8.115119033610531 ], [ -76.717332217204529, 8.114874510453983 ], [ -76.716685447400437, 8.115699145895126 ], [ -76.715995346082238, 8.115394755818622 ], [ -76.715960709594938, 8.115696773770837 ], [ -76.71543736756729, 8.11571848324196 ], [ -76.715416199201997, 8.116148912834872 ], [ -76.714650408672881, 8.11586096517674 ], [ -76.714556851249426, 8.116118679860675 ], [ -76.713744976556256, 8.116244241642047 ], [ -76.713691482232306, 8.116636263673886 ], [ -76.712752581489681, 8.116968551281909 ], [ -76.712703029489532, 8.117769869599757 ], [ -76.706252165380519, 8.119249788851127 ], [ -76.706185065405492, 8.118393293330003 ], [ -76.705403764943313, 8.118561447320378 ], [ -76.705236026176095, 8.119189190842839 ], [ -76.704024530156843, 8.119109142920692 ], [ -76.703880762196448, 8.118835085318121 ], [ -76.704486026361508, 8.114585819870122 ], [ -76.70660140732285, 8.113501821974468 ], [ -76.707390942927759, 8.113660951131118 ], [ -76.710536932061174, 8.112677424618782 ], [ -76.711864664461501, 8.110730828725066 ], [ -76.714982214839495, 8.111744978364035 ], [ -76.716162656526208, 8.110081492950647 ], [ -76.718779215309198, 8.110232353262051 ], [ -76.719219468637917, 8.113846932094631 ], [ -76.719587117118721, 8.113839838684147 ], [ -76.71963104683698, 8.114616556606997 ], [ -76.71941959874485, 8.114269596495562 ] ] ], [ [ [ -76.743144972140627, 8.063286461504935 ], [ -76.743529744962842, 8.064857757323104 ], [ -76.743528977708479, 8.067116707690353 ], [ -76.741099542568591, 8.074278788893096 ], [ -76.741370129349079, 8.076333091354355 ], [ -76.742733171599369, 8.076895084158982 ], [ -76.742715705746477, 8.077575824485185 ], [ -76.74332, 8.077927854482022 ], [ -76.742925819754774, 8.078044571994285 ], [ -76.741471402834733, 8.081252403210172 ], [ -76.742708316844798, 8.083931704981213 ], [ -76.742524202620118, 8.08470848021784 ], [ -76.742839853993004, 8.085863183253592 ], [ -76.742251918219793, 8.087836253190002 ], [ -76.742449026351181, 8.088425886837589 ], [ -76.741938607536355, 8.089036265757052 ], [ -76.742179894328842, 8.08921926157775 ], [ -76.742057043190883, 8.091932689049832 ], [ -76.742399496787243, 8.092123978584063 ], [ -76.741956366564921, 8.092203244737664 ], [ -76.741759196707804, 8.094075257045635 ], [ -76.740907553337735, 8.09595938245457 ], [ -76.73998269012661, 8.097065318462187 ], [ -76.7396539499196, 8.096933310900834 ], [ -76.738822522348229, 8.0975793789477 ], [ -76.738839382454543, 8.099527553337751 ], [ -76.737084305619561, 8.099539074668707 ], [ -76.736702423408673, 8.098790690488837 ], [ -76.730610463990359, 8.101685833299012 ], [ -76.731459136981357, 8.104287686376573 ], [ -76.730548840842758, 8.104666482443005 ], [ -76.730210103390917, 8.103859468117561 ], [ -76.730791237142739, 8.103595549986977 ], [ -76.730649193404645, 8.103118438061667 ], [ -76.730356658373168, 8.102886562603439 ], [ -76.729064442398311, 8.103349106402858 ], [ -76.728705776236595, 8.102590382368257 ], [ -76.72611914709023, 8.103333225430427 ], [ -76.726373392892299, 8.104184716104747 ], [ -76.724037405937551, 8.105308478005199 ], [ -76.72355882175988, 8.104370451767462 ], [ -76.721943432201257, 8.105025098085626 ], [ -76.722435868324581, 8.106479195157213 ], [ -76.72417501219887, 8.105800733750705 ], [ -76.724753956064561, 8.107142813070148 ], [ -76.727051771115597, 8.106116886773997 ], [ -76.726590738240489, 8.104824971203952 ], [ -76.727445012271374, 8.104500735709843 ], [ -76.727999039207603, 8.105635448249686 ], [ -76.730022757424251, 8.104950287173631 ], [ -76.73043987166092, 8.105891198798057 ], [ -76.723585133402864, 8.108159234880231 ], [ -76.723361802743895, 8.107761521232957 ], [ -76.720797535006483, 8.108889957512117 ], [ -76.720948118143497, 8.110328244766942 ], [ -76.720041024355751, 8.110567761049905 ], [ -76.719631605921293, 8.109252395946488 ], [ -76.720657655319869, 8.108894196888233 ], [ -76.719944692370646, 8.105232219251841 ], [ -76.718440213680495, 8.105047336099732 ], [ -76.717095130617992, 8.103593224691116 ], [ -76.717601634658337, 8.103121607522823 ], [ -76.716959491939861, 8.101973903132334 ], [ -76.715733238140317, 8.10305963637542 ], [ -76.71507630911843, 8.10189043939808 ], [ -76.714169411794259, 8.102647538843401 ], [ -76.713738698774492, 8.102395098306159 ], [ -76.713372864203095, 8.102708584912804 ], [ -76.709756507807171, 8.100684640740372 ], [ -76.708683055832438, 8.099730472071464 ], [ -76.708798057400315, 8.099320424687011 ], [ -76.708332589432075, 8.099089654843009 ], [ -76.708372130637315, 8.098481229792812 ], [ -76.70918932782358, 8.097589936637764 ], [ -76.709241970442008, 8.097000194371374 ], [ -76.715153089005909, 8.098875095470225 ], [ -76.715600561239754, 8.097708160353109 ], [ -76.713619305318673, 8.09731678469444 ], [ -76.713699240624578, 8.09646652420785 ], [ -76.713280223489292, 8.096327740654433 ], [ -76.713701420469562, 8.093392863624995 ], [ -76.714409931006571, 8.093532014091567 ], [ -76.715157654660231, 8.090935616411247 ], [ -76.714572054020607, 8.088271402025939 ], [ -76.71797751582973, 8.087655661515939 ], [ -76.716904222313062, 8.081430953518614 ], [ -76.719859261771347, 8.081232395565694 ], [ -76.720930387437093, 8.083781636335472 ], [ -76.721965081369802, 8.083588165705903 ], [ -76.722492440696342, 8.082981589505643 ], [ -76.723776942932318, 8.082720336799264 ], [ -76.724447274474088, 8.083271983794125 ], [ -76.725349856829666, 8.082982708585119 ], [ -76.72611666944394, 8.08362911798941 ], [ -76.726096986110846, 8.084346259196687 ], [ -76.726918579833452, 8.085242853406626 ], [ -76.726355708085222, 8.085667075496039 ], [ -76.726926658282494, 8.085939531401607 ], [ -76.727282990430396, 8.085674922386744 ], [ -76.727850720665259, 8.087098449875455 ], [ -76.728364929534877, 8.087387267499622 ], [ -76.729683835633054, 8.087217304378871 ], [ -76.729583520211051, 8.086918842639644 ], [ -76.73006, 8.086646393202235 ], [ -76.729700003920215, 8.08592800000865 ], [ -76.730242251386699, 8.08478402702444 ], [ -76.730807862817997, 8.085320805396929 ], [ -76.73063036168989, 8.086018340414963 ], [ -76.730932570650026, 8.086719972130103 ], [ -76.731476099428363, 8.087048310438526 ], [ -76.732939501938404, 8.089253951704068 ], [ -76.731327218228742, 8.090168559687275 ], [ -76.728786676597323, 8.090768770076876 ], [ -76.728800647923023, 8.091099879460895 ], [ -76.729783778104661, 8.091227658780717 ], [ -76.733450797428219, 8.089730117591229 ], [ -76.733865485036077, 8.089827525211017 ], [ -76.734105457336824, 8.090488550374181 ], [ -76.734594583597811, 8.090336447035554 ], [ -76.735130884750916, 8.091406462019044 ], [ -76.735753374541389, 8.091529826689531 ], [ -76.73631698889055, 8.090521372005153 ], [ -76.73597141590443, 8.089892840725522 ], [ -76.736383793869905, 8.08964371846997 ], [ -76.735935523364432, 8.089533678860617 ], [ -76.735840816105366, 8.089054871977787 ], [ -76.736950603223164, 8.086891869584276 ], [ -76.736626517568979, 8.085986952751616 ], [ -76.735991702692715, 8.085397708447523 ], [ -76.736064559596656, 8.08458460909878 ], [ -76.735543089617011, 8.083890900593536 ], [ -76.73496863144986, 8.081809371064857 ], [ -76.734511778263297, 8.081387960842537 ], [ -76.733930478920271, 8.079673882984226 ], [ -76.734363344680247, 8.078139688192037 ], [ -76.733620204418685, 8.076517989361184 ], [ -76.734391949308375, 8.075273136434124 ], [ -76.733981661379303, 8.074767671414392 ], [ -76.733798681230653, 8.073631597983281 ], [ -76.733230791962683, 8.072985205474435 ], [ -76.733181279311097, 8.070932721312239 ], [ -76.733929606015693, 8.07043010531175 ], [ -76.734795318363936, 8.071120349247803 ], [ -76.735643506777919, 8.070935658801966 ], [ -76.735504720019108, 8.06998918860177 ], [ -76.734661066221321, 8.070387804694354 ], [ -76.73431, 8.069407888576441 ], [ -76.734352438188012, 8.068810632688697 ], [ -76.735333540523143, 8.067680473357443 ], [ -76.735537626947703, 8.065954424308227 ], [ -76.737046321229087, 8.066984358558624 ], [ -76.738327022128018, 8.066938713628394 ], [ -76.739000796287726, 8.066256786709227 ], [ -76.738997362208906, 8.065214623779413 ], [ -76.741687402464152, 8.065042764700747 ], [ -76.742153708039226, 8.064619477971624 ], [ -76.742364808917969, 8.06287713122293 ], [ -76.742699176166909, 8.062792346625267 ], [ -76.743144972140627, 8.063286461504935 ] ], [ [ -76.713715101443157, 8.099916882537959 ], [ -76.713624752845249, 8.099647385567895 ], [ -76.713597158800638, 8.099903346387107 ], [ -76.713715101443157, 8.099916882537959 ] ], [ [ -76.716318921460669, 8.1004246323666 ], [ -76.716718249232756, 8.100469498267566 ], [ -76.716537792352298, 8.100184098561622 ], [ -76.716318921460669, 8.1004246323666 ] ], [ [ -76.721671890483194, 8.094488705972649 ], [ -76.721643925382338, 8.094231802054711 ], [ -76.721547992369096, 8.094292727073531 ], [ -76.721671890483194, 8.094488705972649 ] ], [ [ -76.721768338920057, 8.094701583266604 ], [ -76.721707602569168, 8.094553332212085 ], [ -76.721664452832272, 8.094657347955231 ], [ -76.721768338920057, 8.094701583266604 ] ], [ [ -76.721904649150062, 8.094897500163155 ], [ -76.721733176077009, 8.094790572140074 ], [ -76.721806352276104, 8.094953451782768 ], [ -76.721904649150062, 8.094897500163155 ] ], [ [ -76.723753686505418, 8.094844944316936 ], [ -76.723830379316652, 8.095065984004183 ], [ -76.723860729948839, 8.094878847633101 ], [ -76.723753686505418, 8.094844944316936 ] ], [ [ -76.724104996351613, 8.094138697486809 ], [ -76.724212287664884, 8.093948440525073 ], [ -76.724082114429422, 8.093968388422168 ], [ -76.724104996351613, 8.094138697486809 ] ], [ [ -76.725543854359557, 8.084042859290363 ], [ -76.725435811902685, 8.084191857699889 ], [ -76.725550263893737, 8.084197199431207 ], [ -76.725543854359557, 8.084042859290363 ] ], [ [ -76.728432623383895, 8.095170858577067 ], [ -76.72890328100155, 8.09604589360543 ], [ -76.728520416164727, 8.095043066785262 ], [ -76.728432623383895, 8.095170858577067 ] ], [ [ -76.729078570674744, 8.096864636607977 ], [ -76.729087667735655, 8.096654867440105 ], [ -76.728997563231061, 8.09672060288532 ], [ -76.729078570674744, 8.096864636607977 ] ], [ [ -76.730432810124128, 8.100760095902791 ], [ -76.729319313404957, 8.097135356732858 ], [ -76.729164487927235, 8.097009737903136 ], [ -76.730013717226157, 8.10035718789096 ], [ -76.730432810124128, 8.100760095902791 ] ], [ [ -76.736634423808439, 8.08940376857843 ], [ -76.736435883530234, 8.089631607257299 ], [ -76.736745659470074, 8.089528114834287 ], [ -76.736634423808439, 8.08940376857843 ] ], [ [ -76.738638244377242, 8.074459221565325 ], [ -76.736942169712876, 8.074836312053849 ], [ -76.736900555753195, 8.074943255935588 ], [ -76.737513462552627, 8.075056096650769 ], [ -76.738638244377242, 8.074459221565325 ] ], [ [ -76.738122973615845, 8.089007539638075 ], [ -76.738585288359531, 8.089050996727726 ], [ -76.7386171250904, 8.088935004270001 ], [ -76.738122973615845, 8.089007539638075 ] ], [ [ -76.739201363412391, 8.088594939151443 ], [ -76.738855418095028, 8.087690699849471 ], [ -76.739030764927122, 8.088709339191142 ], [ -76.739201363412391, 8.088594939151443 ] ], [ [ -76.739633125122722, 8.087867488350451 ], [ -76.739740533945024, 8.088155612808798 ], [ -76.739912319468687, 8.087861132906825 ], [ -76.739633125122722, 8.087867488350451 ] ] ], [ [ [ -76.715109148076223, 8.136696017281825 ], [ -76.714791444780957, 8.137049856543472 ], [ -76.713904303529247, 8.136548457840361 ], [ -76.71367173540159, 8.136798107087767 ], [ -76.713457722127316, 8.13633668069598 ], [ -76.711513332208654, 8.135499026784109 ], [ -76.709252385868439, 8.133970736599418 ], [ -76.709594211027067, 8.133460958438132 ], [ -76.710394509584148, 8.133880375304919 ], [ -76.710653649850698, 8.133540430141325 ], [ -76.712392651571321, 8.134606693869676 ], [ -76.712531140485666, 8.134286923043595 ], [ -76.711724528644396, 8.133832520140603 ], [ -76.71171422215005, 8.133307860321285 ], [ -76.712157692973122, 8.132810237282236 ], [ -76.713292263355584, 8.133142594032924 ], [ -76.713635862902819, 8.132525988455205 ], [ -76.713992563699222, 8.132682317130472 ], [ -76.714787966896978, 8.131741757780771 ], [ -76.713677793654284, 8.133636755166881 ], [ -76.714607767518999, 8.133971041120425 ], [ -76.714050644229502, 8.135379377030603 ], [ -76.715667307964708, 8.136380173411641 ], [ -76.71537990297665, 8.136847268400478 ], [ -76.715109148076223, 8.136696017281825 ] ] ], [ [ [ -76.723240075225959, 7.937731040495579 ], [ -76.722731483668852, 7.938236618845346 ], [ -76.722486851172818, 7.938078206584745 ], [ -76.720491031052489, 7.938899879911983 ], [ -76.717728748434894, 7.938248563149919 ], [ -76.716405775025692, 7.939409455709309 ], [ -76.709530855410279, 7.934154569039498 ], [ -76.711894181550605, 7.933279329263232 ], [ -76.711780068298694, 7.931952756605551 ], [ -76.712740432425619, 7.931580099024898 ], [ -76.71333163562123, 7.931922641922113 ], [ -76.716264389504644, 7.930270703538912 ], [ -76.717366568542488, 7.930096568542495 ], [ -76.71708023887723, 7.929872330896266 ], [ -76.717058903384995, 7.927063477766111 ], [ -76.717770938087327, 7.927346529698839 ], [ -76.719885065934051, 7.927060751963165 ], [ -76.719955796378954, 7.928702107022995 ], [ -76.718830404196964, 7.928526435468238 ], [ -76.718663562186308, 7.929034573308059 ], [ -76.71827213657339, 7.929040557411412 ], [ -76.719325451485744, 7.929712557430922 ], [ -76.716185557766323, 7.931450008733475 ], [ -76.715856753985491, 7.932013299380047 ], [ -76.716708921478073, 7.9320221644452 ], [ -76.716676352988543, 7.931755509291274 ], [ -76.718242129395463, 7.930694213138776 ], [ -76.71848846193646, 7.930987422971437 ], [ -76.717887741408589, 7.93153337267714 ], [ -76.718289385057105, 7.9320145075324 ], [ -76.717774965542631, 7.932339023289113 ], [ -76.71798556328568, 7.933146486569767 ], [ -76.720445466173615, 7.936441309501079 ], [ -76.721580431337628, 7.936692810848304 ], [ -76.723240075225959, 7.937731040495579 ] ], [ [ -76.712040897936475, 7.934265308612529 ], [ -76.711863552634057, 7.934347412348959 ], [ -76.711964687775691, 7.934398028014958 ], [ -76.712040897936475, 7.934265308612529 ] ], [ [ -76.716010546428137, 7.931521787944385 ], [ -76.71588230735243, 7.931319577028458 ], [ -76.71438638433581, 7.932183367304409 ], [ -76.714560845113311, 7.932349307028281 ], [ -76.716010546428137, 7.931521787944385 ] ], [ [ -76.71782, 7.931867698396482 ], [ -76.717579931453869, 7.931768657075039 ], [ -76.717741019971555, 7.931990465055922 ], [ -76.71782, 7.931867698396482 ] ] ], [ [ [ -76.720785179404118, 7.93379391740576 ], [ -76.720449880653348, 7.934027133292885 ], [ -76.71991307786017, 7.933279525222075 ], [ -76.720390330501189, 7.93294298500544 ], [ -76.720785179404118, 7.93379391740576 ] ] ], [ [ [ -76.72308, 8.081423508363677 ], [ -76.722879599014462, 8.08187743591419 ], [ -76.722158554115509, 8.081899844679153 ], [ -76.721930184143545, 8.081358089192038 ], [ -76.72308, 8.081423508363677 ] ] ], [ [ [ -76.740268544003186, 8.107698285021351 ], [ -76.740179549569959, 8.108007458613844 ], [ -76.739986252973424, 8.107785351199313 ], [ -76.739479732175468, 8.108169897653374 ], [ -76.73907217333057, 8.107725537282667 ], [ -76.738784053894278, 8.108359677987158 ], [ -76.73399549769691, 8.109462370493805 ], [ -76.734301410278505, 8.111557869979848 ], [ -76.738742061538872, 8.111430202796209 ], [ -76.738759805627907, 8.112041971604139 ], [ -76.738174968714247, 8.113619269649142 ], [ -76.734556256072068, 8.11335147784456 ], [ -76.7349321552595, 8.119328271591002 ], [ -76.735159944780548, 8.119787242362069 ], [ -76.736580477597897, 8.119683075610476 ], [ -76.736859690874155, 8.120552891940036 ], [ -76.73639741563629, 8.120874687520812 ], [ -76.736482203138948, 8.121165723661136 ], [ -76.735733569056578, 8.121469582685469 ], [ -76.735627587118501, 8.120815046581123 ], [ -76.733391299041372, 8.121187900390836 ], [ -76.733515352401312, 8.120036523294811 ], [ -76.734793754145741, 8.119784425540676 ], [ -76.734657810650717, 8.119127940909214 ], [ -76.733185385951899, 8.119483514129973 ], [ -76.732720223269354, 8.117622245010592 ], [ -76.733027098201475, 8.117444640329094 ], [ -76.732560973139584, 8.114794164872118 ], [ -76.733286418909529, 8.114498661856327 ], [ -76.733192527916287, 8.113540473846276 ], [ -76.734118554638144, 8.112932607291361 ], [ -76.733730434435117, 8.109547763067619 ], [ -76.728567672237816, 8.11128856997267 ], [ -76.72845226934848, 8.11106096226556 ], [ -76.729952312778579, 8.1105798957219 ], [ -76.730619411843833, 8.109899647239862 ], [ -76.731900748265105, 8.106933641146238 ], [ -76.732044021961613, 8.105601011175375 ], [ -76.733229509215121, 8.108333428553616 ], [ -76.734754587958406, 8.107790634399327 ], [ -76.735270860143302, 8.108897035195385 ], [ -76.737248023695145, 8.108331271511105 ], [ -76.737065399654938, 8.107566472471033 ], [ -76.738342899912624, 8.10725119759878 ], [ -76.739193720085083, 8.10709045047215 ], [ -76.739317832260298, 8.107538014289261 ], [ -76.740268544003186, 8.107698285021351 ] ] ], [ [ [ -76.748051369823756, 8.203469952428856 ], [ -76.748479580520723, 8.206083538991731 ], [ -76.747352850173371, 8.20628283481642 ], [ -76.747296325262568, 8.208061393808478 ], [ -76.745608142553962, 8.207921100984578 ], [ -76.745380942337363, 8.208666618186761 ], [ -76.744573530779221, 8.208550443371609 ], [ -76.7446942385901, 8.209583910367209 ], [ -76.746459880421867, 8.210368985649607 ], [ -76.745461187962704, 8.210738868100742 ], [ -76.746159259675181, 8.217815036277402 ], [ -76.744616107894657, 8.21793951878924 ], [ -76.743110571358528, 8.209245197763366 ], [ -76.743089616949533, 8.207247468724045 ], [ -76.741844274152243, 8.207845369313082 ], [ -76.741648017874468, 8.208636164500078 ], [ -76.741270280870566, 8.206882583811488 ], [ -76.740007496933771, 8.207065504558122 ], [ -76.739304414480358, 8.205447046768601 ], [ -76.738630506717897, 8.20489600782413 ], [ -76.743021623601962, 8.205225356470562 ], [ -76.743298611636504, 8.203000149459994 ], [ -76.748051369823756, 8.203469952428856 ] ] ], [ [ [ -76.745916174220625, 8.191037782499949 ], [ -76.745743144809026, 8.191724919527369 ], [ -76.744254540036522, 8.192559380269628 ], [ -76.743693526010389, 8.191561283804019 ], [ -76.743155603736142, 8.191593736786162 ], [ -76.74314943329361, 8.190782667075478 ], [ -76.74273940692062, 8.190786850628632 ], [ -76.74249182189287, 8.190358096415835 ], [ -76.742863614439557, 8.190158868580284 ], [ -76.740945652897651, 8.186056199058381 ], [ -76.741526433601862, 8.185720227875546 ], [ -76.741966114048168, 8.18598829256015 ], [ -76.741700629028458, 8.187090293786863 ], [ -76.742506130436496, 8.188325707181544 ], [ -76.743732392462348, 8.18795644308905 ], [ -76.743920798248539, 8.187581205706145 ], [ -76.743783461263931, 8.187201400565941 ], [ -76.742566013860198, 8.186784173864831 ], [ -76.742603083716645, 8.186389497613161 ], [ -76.744303957641819, 8.185595813585039 ], [ -76.744841571523523, 8.189079207564459 ], [ -76.745916174220625, 8.191037782499949 ] ], [ [ -76.743879053176727, 8.186880370887762 ], [ -76.744039001237979, 8.186859020739618 ], [ -76.743946430092294, 8.186783570180562 ], [ -76.743879053176727, 8.186880370887762 ] ] ], [ [ [ -76.754662569833584, 8.237535733411345 ], [ -76.754304794741643, 8.237612848116115 ], [ -76.75394792507339, 8.236666296751007 ], [ -76.753098036110259, 8.237 ], [ -76.752831211702997, 8.236760288291523 ], [ -76.75111165958505, 8.236720361689889 ], [ -76.750637503722515, 8.237135486880351 ], [ -76.750423706242046, 8.234278570387579 ], [ -76.752005793072698, 8.234869195959494 ], [ -76.754262626659553, 8.234794614370724 ], [ -76.754662569833584, 8.237535733411345 ] ] ], [ [ [ -76.84192, 8.087298036110257 ], [ -76.834907228097791, 8.088838808503679 ], [ -76.834690503212755, 8.088673978584064 ], [ -76.837848287105587, 8.087690009607304 ], [ -76.84192, 8.087298036110257 ] ] ], [ [ [ -76.838829385325411, 8.086743910362602 ], [ -76.840159521079727, 8.086853882984215 ], [ -76.838608497311625, 8.087099844838493 ], [ -76.838438843661393, 8.086742135664462 ], [ -76.837325184050471, 8.087309222226811 ], [ -76.836599873807231, 8.087200235612841 ], [ -76.838127002440359, 8.086140324072646 ], [ -76.838572369241021, 8.086154402324514 ], [ -76.838829385325411, 8.086743910362602 ] ] ], [ [ [ -76.902617758181734, 7.616941669309345 ], [ -76.902405412182418, 7.617389365994635 ], [ -76.900571676390982, 7.616758075514084 ], [ -76.900671557458139, 7.616352520699721 ], [ -76.902617758181734, 7.616941669309345 ] ] ], [ [ [ -76.93519, 8.187485012437989 ], [ -76.935246597893482, 8.188330985365074 ], [ -76.934301916903323, 8.189395944235509 ], [ -76.933938141924898, 8.189235990803409 ], [ -76.934202401761638, 8.188566591118811 ], [ -76.933730310446563, 8.188307107712882 ], [ -76.934273702269181, 8.187158569827774 ], [ -76.93519, 8.187485012437989 ] ] ], [ [ [ -76.96391702801715, 7.650539691127643 ], [ -76.963615911704096, 7.651099010461939 ], [ -76.962845435136927, 7.651055935476758 ], [ -76.962604198543531, 7.65158395846858 ], [ -76.962202489385177, 7.651699747229706 ], [ -76.961100442968572, 7.651213671227381 ], [ -76.961441810706319, 7.650405854447452 ], [ -76.96120205909952, 7.65018138006319 ], [ -76.962137067834334, 7.649060311113955 ], [ -76.962527871325804, 7.649318939330191 ], [ -76.962824376569131, 7.649096228850206 ], [ -76.963282324352605, 7.650183563767203 ], [ -76.96391702801715, 7.650539691127643 ] ] ] ] } }
]
}
